year,month,rank_ME,rank_POA,nstocks,ret_vw
1967,1,1,1,71,20.4660
1967,1,1,2,38,18.8393
1967,1,1,3,31,17.1334
1967,1,1,4,54,17.2066
1967,1,1,5,106,19.9627
1967,1,2,1,34,15.5724
1967,1,2,2,35,13.2026
1967,1,2,3,36,16.5573
1967,1,2,4,33,19.7456
1967,1,2,5,43,18.9571
1967,1,3,1,69,7.8999
1967,1,3,2,83,6.7504
1967,1,3,3,94,9.9451
1967,1,3,4,83,8.7270
1967,1,3,5,55,8.1223
1967,2,1,1,71,5.4820
1967,2,1,2,38,6.8084
1967,2,1,3,31,2.8963
1967,2,1,4,54,3.8770
1967,2,1,5,106,4.4147
1967,2,2,1,34,3.7939
1967,2,2,2,35,1.2166
1967,2,2,3,36,4.2930
1967,2,2,4,33,0.5315
1967,2,2,5,43,2.2777
1967,2,3,1,69,1.9615
1967,2,3,2,83,-0.0339
1967,2,3,3,94,1.0550
1967,2,3,4,83,2.0202
1967,2,3,5,55,1.2661
1967,3,1,1,71,5.0621
1967,3,1,2,38,4.9951
1967,3,1,3,31,4.4886
1967,3,1,4,54,8.8794
1967,3,1,5,106,7.7319
1967,3,2,1,34,6.8577
1967,3,2,2,35,3.0663
1967,3,2,3,36,6.0417
1967,3,2,4,33,8.3880
1967,3,2,5,43,9.8018
1967,3,3,1,69,4.5034
1967,3,3,2,83,3.7458
1967,3,3,3,94,4.5371
1967,3,3,4,83,7.4135
1967,3,3,5,55,4.3337
1967,4,1,1,71,2.9888
1967,4,1,2,38,6.5826
1967,4,1,3,31,7.1450
1967,4,1,4,54,5.6989
1967,4,1,5,106,4.8608
1967,4,2,1,34,4.0880
1967,4,2,2,35,1.9332
1967,4,2,3,36,3.5332
1967,4,2,4,33,5.3125
1967,4,2,5,43,6.3727
1967,4,3,1,69,3.6594
1967,4,3,2,83,2.8891
1967,4,3,3,94,5.4800
1967,4,3,4,83,6.1583
1967,4,3,5,55,8.0797
1967,5,1,1,71,2.8461
1967,5,1,2,38,-0.1556
1967,5,1,3,31,-1.0268
1967,5,1,4,54,1.5675
1967,5,1,5,106,-0.1990
1967,5,2,1,34,-0.2700
1967,5,2,2,35,-1.3206
1967,5,2,3,36,-2.3327
1967,5,2,4,33,-2.8684
1967,5,2,5,43,-1.7148
1967,5,3,1,69,-4.5857
1967,5,3,2,83,-3.7050
1967,5,3,3,94,-5.0653
1967,5,3,4,83,-4.7593
1967,5,3,5,55,-5.1678
1967,6,1,1,71,15.5638
1967,6,1,2,38,7.6756
1967,6,1,3,31,8.3628
1967,6,1,4,54,10.5233
1967,6,1,5,106,15.1307
1967,6,2,1,34,7.1892
1967,6,2,2,35,4.5754
1967,6,2,3,36,8.3474
1967,6,2,4,33,5.5717
1967,6,2,5,43,9.1762
1967,6,3,1,68,3.6023
1967,6,3,2,83,0.2574
1967,6,3,3,94,0.9851
1967,6,3,4,83,3.8989
1967,6,3,5,55,3.6703
1967,7,1,1,103,13.6859
1967,7,1,2,43,7.8562
1967,7,1,3,36,11.0347
1967,7,1,4,55,9.8381
1967,7,1,5,105,8.1421
1967,7,2,1,45,9.1061
1967,7,2,2,39,6.0206
1967,7,2,3,36,8.0990
1967,7,2,4,46,10.5140
1967,7,2,5,41,8.2565
1967,7,3,1,70,1.4401
1967,7,3,2,86,6.3390
1967,7,3,3,95,4.6629
1967,7,3,4,87,7.2490
1967,7,3,5,72,5.0285
1967,8,1,1,103,1.9968
1967,8,1,2,43,5.8155
1967,8,1,3,36,-0.1869
1967,8,1,4,55,-0.7192
1967,8,1,5,105,-1.0869
1967,8,2,1,45,-0.8784
1967,8,2,2,39,0.2200
1967,8,2,3,36,2.9702
1967,8,2,4,46,-0.3263
1967,8,2,5,41,-2.4345
1967,8,3,1,70,-1.3591
1967,8,3,2,86,-0.9753
1967,8,3,3,95,-0.7500
1967,8,3,4,87,0.3199
1967,8,3,5,71,-0.1077
1967,9,1,1,103,4.7847
1967,9,1,2,43,8.6015
1967,9,1,3,36,6.7305
1967,9,1,4,55,10.7610
1967,9,1,5,105,7.9966
1967,9,2,1,45,2.0662
1967,9,2,2,39,4.3620
1967,9,2,3,36,7.5146
1967,9,2,4,46,4.6696
1967,9,2,5,41,3.0586
1967,9,3,1,70,3.3641
1967,9,3,2,86,3.3962
1967,9,3,3,95,4.2796
1967,9,3,4,87,3.6506
1967,9,3,5,71,3.9894
1967,10,1,1,103,-1.9581
1967,10,1,2,43,-1.7631
1967,10,1,3,36,-3.2275
1967,10,1,4,55,-1.4944
1967,10,1,5,105,-0.5732
1967,10,2,1,45,-2.1746
1967,10,2,2,39,-2.3230
1967,10,2,3,36,-2.6226
1967,10,2,4,46,-3.9386
1967,10,2,5,41,-3.9898
1967,10,3,1,70,-0.9088
1967,10,3,2,85,-2.3953
1967,10,3,3,95,-2.1806
1967,10,3,4,87,-3.6447
1967,10,3,5,71,-2.3697
1967,11,1,1,103,1.2382
1967,11,1,2,43,-1.2817
1967,11,1,3,36,3.5932
1967,11,1,4,55,0.8649
1967,11,1,5,105,-0.4456
1967,11,2,1,45,-0.2912
1967,11,2,2,39,1.2425
1967,11,2,3,36,1.9218
1967,11,2,4,46,-0.2686
1967,11,2,5,41,1.4497
1967,11,3,1,70,1.0980
1967,11,3,2,86,-0.0289
1967,11,3,3,95,1.5467
1967,11,3,4,87,-0.9214
1967,11,3,5,71,2.9620
1967,12,1,1,102,10.7282
1967,12,1,2,42,6.9335
1967,12,1,3,36,7.6525
1967,12,1,4,55,8.7217
1967,12,1,5,105,8.1500
1967,12,2,1,45,9.1912
1967,12,2,2,39,6.3128
1967,12,2,3,36,5.5510
1967,12,2,4,46,5.8355
1967,12,2,5,41,7.2851
1967,12,3,1,70,2.6930
1967,12,3,2,86,2.8502
1967,12,3,3,95,4.3192
1967,12,3,4,87,0.7043
1967,12,3,5,71,0.3902
1968,1,1,1,103,4.8456
1968,1,1,2,42,3.2253
1968,1,1,3,35,1.6749
1968,1,1,4,55,5.3655
1968,1,1,5,105,-0.2690
1968,1,2,1,45,0.8049
1968,1,2,2,39,0.4733
1968,1,2,3,36,-1.9883
1968,1,2,4,46,-0.5937
1968,1,2,5,41,-1.3829
1968,1,3,1,70,-2.1117
1968,1,3,2,86,-4.0526
1968,1,3,3,95,-6.7754
1968,1,3,4,87,-7.2854
1968,1,3,5,71,-8.5386
1968,2,1,1,102,-5.1999
1968,2,1,2,42,-6.8886
1968,2,1,3,35,-1.5239
1968,2,1,4,55,-6.9877
1968,2,1,5,105,-8.2712
1968,2,2,1,45,-4.7967
1968,2,2,2,38,-2.9653
1968,2,2,3,36,-2.8274
1968,2,2,4,46,-4.2473
1968,2,2,5,41,-7.3024
1968,2,3,1,70,-2.8793
1968,2,3,2,86,-1.8489
1968,2,3,3,94,-4.1056
1968,2,3,4,87,-4.6774
1968,2,3,5,71,-4.8692
1968,3,1,1,103,-1.2020
1968,3,1,2,42,-0.8646
1968,3,1,3,35,0.6978
1968,3,1,4,55,-0.0702
1968,3,1,5,105,-1.4869
1968,3,2,1,45,-1.2075
1968,3,2,2,38,-1.5169
1968,3,2,3,36,-1.7390
1968,3,2,4,46,-1.6514
1968,3,2,5,41,-1.9692
1968,3,3,1,70,1.1421
1968,3,3,2,86,0.4282
1968,3,3,3,94,3.3810
1968,3,3,4,87,0.1417
1968,3,3,5,71,1.9143
1968,4,1,1,103,19.0678
1968,4,1,2,42,14.7766
1968,4,1,3,35,15.4499
1968,4,1,4,55,15.1869
1968,4,1,5,105,19.8246
1968,4,2,1,45,13.5364
1968,4,2,2,38,13.6407
1968,4,2,3,36,13.0360
1968,4,2,4,46,11.4650
1968,4,2,5,41,17.2448
1968,4,3,1,70,6.2877
1968,4,3,2,86,7.7716
1968,4,3,3,94,11.5217
1968,4,3,4,87,13.0294
1968,4,3,5,71,13.4993
1968,5,1,1,103,13.3882
1968,5,1,2,42,7.4016
1968,5,1,3,35,8.8409
1968,5,1,4,55,11.7147
1968,5,1,5,105,11.0840
1968,5,2,1,45,7.8638
1968,5,2,2,38,7.5606
1968,5,2,3,36,7.5576
1968,5,2,4,46,6.4426
1968,5,2,5,41,7.5812
1968,5,3,1,70,2.5697
1968,5,3,2,86,0.7495
1968,5,3,3,94,3.1702
1968,5,3,4,87,0.9532
1968,5,3,5,71,2.3799
1968,6,1,1,103,-0.8680
1968,6,1,2,42,0.6472
1968,6,1,3,35,2.8438
1968,6,1,4,55,1.3740
1968,6,1,5,105,0.2271
1968,6,2,1,45,0.0104
1968,6,2,2,38,1.0849
1968,6,2,3,36,0.6735
1968,6,2,4,45,0.9811
1968,6,2,5,41,-2.3227
1968,6,3,1,70,1.1694
1968,6,3,2,86,0.5734
1968,6,3,3,94,0.9291
1968,6,3,4,87,-0.8174
1968,6,3,5,71,-1.2746
1968,7,1,1,147,-1.2904
1968,7,1,2,69,-4.1692
1968,7,1,3,74,-3.2964
1968,7,1,4,65,-2.7984
1968,7,1,5,113,-5.9801
1968,7,2,1,47,-1.0921
1968,7,2,2,37,-2.1994
1968,7,2,3,49,-1.9270
1968,7,2,4,46,-3.1322
1968,7,2,5,58,-8.3808
1968,7,3,1,67,-2.0999
1968,7,3,2,102,1.4187
1968,7,3,3,89,-3.2119
1968,7,3,4,85,-5.5465
1968,7,3,5,78,-7.7828
1968,8,1,1,147,5.4543
1968,8,1,2,69,5.8227
1968,8,1,3,74,3.9341
1968,8,1,4,65,3.5874
1968,8,1,5,113,4.1025
1968,8,2,1,47,4.3050
1968,8,2,2,37,6.0933
1968,8,2,3,49,5.6166
1968,8,2,4,46,5.2712
1968,8,2,5,58,2.0814
1968,8,3,1,66,0.6149
1968,8,3,2,102,2.2058
1968,8,3,3,89,2.1261
1968,8,3,4,85,1.6803
1968,8,3,5,78,0.6206
1968,9,1,1,147,8.6291
1968,9,1,2,69,9.0105
1968,9,1,3,74,6.7467
1968,9,1,4,65,3.9262
1968,9,1,5,113,6.7888
1968,9,2,1,47,8.3670
1968,9,2,2,37,6.5128
1968,9,2,3,49,7.1439
1968,9,2,4,46,6.2016
1968,9,2,5,58,8.3397
1968,9,3,1,66,3.3501
1968,9,3,2,102,5.3593
1968,9,3,3,89,3.1363
1968,9,3,4,85,4.3236
1968,9,3,5,78,4.4691
1968,10,1,1,147,0.1917
1968,10,1,2,69,1.5885
1968,10,1,3,74,-0.7209
1968,10,1,4,65,1.4311
1968,10,1,5,113,-0.8181
1968,10,2,1,47,-0.1703
1968,10,2,2,36,2.7296
1968,10,2,3,49,1.4114
1968,10,2,4,46,0.2346
1968,10,2,5,58,0.5531
1968,10,3,1,66,-1.1511
1968,10,3,2,102,2.9743
1968,10,3,3,89,1.6939
1968,10,3,4,85,-0.7753
1968,10,3,5,78,-0.0823
1968,11,1,1,147,7.6380
1968,11,1,2,69,6.6278
1968,11,1,3,74,6.6986
1968,11,1,4,65,8.7142
1968,11,1,5,113,6.5711
1968,11,2,1,47,8.0808
1968,11,2,2,37,7.1286
1968,11,2,3,49,7.5918
1968,11,2,4,46,9.3717
1968,11,2,5,58,8.9027
1968,11,3,1,66,6.5467
1968,11,3,2,102,3.9854
1968,11,3,3,89,6.1305
1968,11,3,4,85,4.2357
1968,11,3,5,78,8.3435
1968,12,1,1,147,2.3776
1968,12,1,2,69,5.5521
1968,12,1,3,74,2.9075
1968,12,1,4,65,-1.4209
1968,12,1,5,113,0.9686
1968,12,2,1,47,-1.1226
1968,12,2,2,37,-0.3376
1968,12,2,3,49,-0.3960
1968,12,2,4,46,-0.2557
1968,12,2,5,58,-2.3159
1968,12,3,1,66,-5.2749
1968,12,3,2,102,-3.5334
1968,12,3,3,89,-3.8369
1968,12,3,4,85,-3.9063
1968,12,3,5,78,-3.6401
1969,1,1,1,147,-1.4550
1969,1,1,2,69,-2.1827
1969,1,1,3,74,-2.3570
1969,1,1,4,65,-1.9459
1969,1,1,5,113,-0.3321
1969,1,2,1,47,-2.2343
1969,1,2,2,37,0.2344
1969,1,2,3,49,-2.0663
1969,1,2,4,46,-1.2940
1969,1,2,5,58,-1.6932
1969,1,3,1,66,-0.7550
1969,1,3,2,102,-0.8868
1969,1,3,3,89,-1.7392
1969,1,3,4,85,-0.5308
1969,1,3,5,78,-3.7395
1969,2,1,1,146,-11.9422
1969,2,1,2,69,-8.9826
1969,2,1,3,74,-8.7321
1969,2,1,4,65,-7.4719
1969,2,1,5,113,-11.0679
1969,2,2,1,47,-7.7363
1969,2,2,2,37,-8.9100
1969,2,2,3,49,-7.3102
1969,2,2,4,46,-8.0660
1969,2,2,5,58,-10.4973
1969,2,3,1,66,-3.7718
1969,2,3,2,102,-4.5830
1969,2,3,3,89,-4.0051
1969,2,3,4,85,-4.4320
1969,2,3,5,78,-8.0417
1969,3,1,1,146,4.1299
1969,3,1,2,69,2.1663
1969,3,1,3,74,2.7310
1969,3,1,4,65,0.8852
1969,3,1,5,113,3.0083
1969,3,2,1,47,3.6079
1969,3,2,2,37,4.7433
1969,3,2,3,49,5.7666
1969,3,2,4,46,0.5493
1969,3,2,5,58,2.3447
1969,3,3,1,66,3.0867
1969,3,3,2,102,5.7615
1969,3,3,3,89,3.5004
1969,3,3,4,85,2.1256
1969,3,3,5,78,2.3066
1969,4,1,1,146,0.0908
1969,4,1,2,69,-2.0214
1969,4,1,3,74,-0.3376
1969,4,1,4,65,0.3656
1969,4,1,5,113,-0.2602
1969,4,2,1,47,1.7161
1969,4,2,2,36,1.9906
1969,4,2,3,49,3.5586
1969,4,2,4,46,0.2863
1969,4,2,5,58,1.2224
1969,4,3,1,66,4.3207
1969,4,3,2,102,0.9472
1969,4,3,3,89,1.0649
1969,4,3,4,85,4.1266
1969,4,3,5,78,2.3179
1969,5,1,1,145,1.3265
1969,5,1,2,69,4.4447
1969,5,1,3,74,-1.4636
1969,5,1,4,64,1.1785
1969,5,1,5,113,0.9819
1969,5,2,1,47,-1.1039
1969,5,2,2,37,0.5299
1969,5,2,3,48,3.6211
1969,5,2,4,46,0.0105
1969,5,2,5,58,-1.7930
1969,5,3,1,65,-0.0318
1969,5,3,2,102,1.4347
1969,5,3,3,89,1.3654
1969,5,3,4,85,-0.6493
1969,5,3,5,77,-1.9425
1969,6,1,1,146,-14.2288
1969,6,1,2,69,-14.5392
1969,6,1,3,74,-12.0868
1969,6,1,4,64,-11.7625
1969,6,1,5,113,-13.9320
1969,6,2,1,47,-11.8174
1969,6,2,2,37,-11.3123
1969,6,2,3,49,-7.6311
1969,6,2,4,46,-10.2146
1969,6,2,5,58,-12.5201
1969,6,3,1,64,-2.5765
1969,6,3,2,102,-7.3272
1969,6,3,3,89,-7.0073
1969,6,3,4,85,-4.4220
1969,6,3,5,78,-7.4697
1969,7,1,1,132,-10.4713
1969,7,1,2,75,-9.3210
1969,7,1,3,62,-8.6844
1969,7,1,4,90,-11.0404
1969,7,1,5,159,-13.5886
1969,7,2,1,38,-9.6282
1969,7,2,2,42,-9.9820
1969,7,2,3,49,-7.5264
1969,7,2,4,61,-9.3764
1969,7,2,5,73,-11.0414
1969,7,3,1,84,-5.6679
1969,7,3,2,105,-6.9918
1969,7,3,3,104,-5.4745
1969,7,3,4,87,-6.2802
1969,7,3,5,64,-8.7884
1969,8,1,1,131,3.4756
1969,8,1,2,75,4.1258
1969,8,1,3,62,1.5937
1969,8,1,4,90,6.0877
1969,8,1,5,159,3.5453
1969,8,2,1,38,5.3271
1969,8,2,2,42,8.5262
1969,8,2,3,49,4.7334
1969,8,2,4,61,6.2093
1969,8,2,5,73,7.8937
1969,8,3,1,84,4.0302
1969,8,3,2,105,5.8952
1969,8,3,3,104,5.5524
1969,8,3,4,87,4.7347
1969,8,3,5,64,9.5059
1969,9,1,1,132,-2.4990
1969,9,1,2,75,-1.9943
1969,9,1,3,62,-4.1462
1969,9,1,4,90,-4.2552
1969,9,1,5,159,-4.1064
1969,9,2,1,38,-0.1908
1969,9,2,2,42,0.3919
1969,9,2,3,49,2.8433
1969,9,2,4,61,-1.4799
1969,9,2,5,73,-1.1233
1969,9,3,1,84,-2.6092
1969,9,3,2,105,-4.4969
1969,9,3,3,104,-1.2870
1969,9,3,4,87,-1.0265
1969,9,3,5,64,-0.7672
1969,10,1,1,132,13.2326
1969,10,1,2,75,9.4621
1969,10,1,3,62,7.7758
1969,10,1,4,90,8.9159
1969,10,1,5,159,12.0366
1969,10,2,1,38,7.3682
1969,10,2,2,42,6.5407
1969,10,2,3,49,9.5191
1969,10,2,4,61,6.3979
1969,10,2,5,73,10.0375
1969,10,3,1,84,3.4513
1969,10,3,2,105,3.2806
1969,10,3,3,104,6.0602
1969,10,3,4,87,6.5410
1969,10,3,5,63,7.3549
1969,11,1,1,132,-8.9731
1969,11,1,2,75,-6.4100
1969,11,1,3,61,-5.7477
1969,11,1,4,90,-4.9433
1969,11,1,5,159,-7.5070
1969,11,2,1,38,-7.5181
1969,11,2,2,41,-6.8071
1969,11,2,3,49,-3.4195
1969,11,2,4,61,-2.9061
1969,11,2,5,73,-4.5075
1969,11,3,1,84,-1.9584
1969,11,3,2,105,-3.6343
1969,11,3,3,104,-2.1489
1969,11,3,4,87,-3.1694
1969,11,3,5,64,-2.8264
1969,12,1,1,132,-8.3620
1969,12,1,2,75,-9.6230
1969,12,1,3,62,-7.3777
1969,12,1,4,90,-5.6215
1969,12,1,5,159,-7.4792
1969,12,2,1,38,-7.1668
1969,12,2,2,41,-4.1545
1969,12,2,3,49,-2.9283
1969,12,2,4,61,-3.2294
1969,12,2,5,73,-4.6844
1969,12,3,1,84,-2.9437
1969,12,3,2,105,-2.0808
1969,12,3,3,104,0.3093
1969,12,3,4,87,-0.4953
1969,12,3,5,64,-2.7333
1970,1,1,1,132,-3.4623
1970,1,1,2,75,-3.3450
1970,1,1,3,62,-1.0800
1970,1,1,4,90,-3.6316
1970,1,1,5,159,-4.2251
1970,1,2,1,38,-6.9499
1970,1,2,2,41,-8.1973
1970,1,2,3,49,-3.7934
1970,1,2,4,61,-3.8543
1970,1,2,5,73,-7.8483
1970,1,3,1,84,-7.1177
1970,1,3,2,105,-8.7057
1970,1,3,3,104,-8.7696
1970,1,3,4,87,-7.1479
1970,1,3,5,64,-10.7708
1970,2,1,1,132,3.0425
1970,2,1,2,75,4.6352
1970,2,1,3,62,1.4690
1970,2,1,4,90,3.3093
1970,2,1,5,159,3.4442
1970,2,2,1,38,4.4216
1970,2,2,2,41,6.7957
1970,2,2,3,49,6.2549
1970,2,2,4,61,3.2455
1970,2,2,5,73,4.0456
1970,2,3,1,84,6.4322
1970,2,3,2,105,3.6672
1970,2,3,3,104,6.7482
1970,2,3,4,87,5.4905
1970,2,3,5,63,5.1524
1970,3,1,1,132,-1.7571
1970,3,1,2,75,-2.1554
1970,3,1,3,62,-2.4785
1970,3,1,4,90,-3.2582
1970,3,1,5,159,-4.8668
1970,3,2,1,38,-2.3172
1970,3,2,2,42,-3.8080
1970,3,2,3,49,0.2075
1970,3,2,4,61,-1.6870
1970,3,2,5,73,-3.8174
1970,3,3,1,84,0.5154
1970,3,3,2,105,0.5285
1970,3,3,3,104,-1.1415
1970,3,3,4,87,0.0058
1970,3,3,5,64,-2.2468
1970,4,1,1,132,-19.1993
1970,4,1,2,75,-14.4079
1970,4,1,3,62,-16.4228
1970,4,1,4,90,-17.0301
1970,4,1,5,159,-18.3752
1970,4,2,1,38,-16.6643
1970,4,2,2,42,-17.0866
1970,4,2,3,49,-12.1364
1970,4,2,4,61,-12.3893
1970,4,2,5,73,-20.2276
1970,4,3,1,84,-9.9030
1970,4,3,2,105,-7.6899
1970,4,3,3,104,-8.6088
1970,4,3,4,87,-10.9175
1970,4,3,5,64,-15.2415
1970,5,1,1,132,-9.1628
1970,5,1,2,75,-9.4659
1970,5,1,3,62,-6.5333
1970,5,1,4,90,-11.6074
1970,5,1,5,159,-9.3246
1970,5,2,1,38,-8.1506
1970,5,2,2,42,-9.0854
1970,5,2,3,49,-10.6145
1970,5,2,4,61,-11.2107
1970,5,2,5,73,-11.9022
1970,5,3,1,84,-5.4394
1970,5,3,2,105,-2.6584
1970,5,3,3,104,-6.6102
1970,5,3,4,87,-8.5072
1970,5,3,5,64,-9.7624
1970,6,1,1,132,-9.3450
1970,6,1,2,75,-6.3520
1970,6,1,3,62,-6.9203
1970,6,1,4,90,-8.9232
1970,6,1,5,159,-10.1842
1970,6,2,1,38,-8.2726
1970,6,2,2,41,-7.0577
1970,6,2,3,49,-6.5849
1970,6,2,4,61,-5.5364
1970,6,2,5,73,-8.5663
1970,6,3,1,84,-7.3143
1970,6,3,2,105,-3.7817
1970,6,3,3,104,-3.3990
1970,6,3,4,87,-4.5943
1970,6,3,5,64,-6.9434
1970,7,1,1,150,3.7922
1970,7,1,2,85,9.4980
1970,7,1,3,78,5.2088
1970,7,1,4,95,3.9898
1970,7,1,5,207,4.0963
1970,7,2,1,57,8.0299
1970,7,2,2,51,9.3277
1970,7,2,3,47,9.4896
1970,7,2,4,67,7.4627
1970,7,2,5,73,8.3979
1970,7,3,1,73,10.2495
1970,7,3,2,112,7.3683
1970,7,3,3,114,5.9890
1970,7,3,4,88,5.8886
1970,7,3,5,59,4.7105
1970,8,1,1,150,8.1428
1970,8,1,2,85,6.1606
1970,8,1,3,78,7.2119
1970,8,1,4,95,5.7425
1970,8,1,5,207,6.0163
1970,8,2,1,57,10.6335
1970,8,2,2,51,4.7222
1970,8,2,3,47,7.6522
1970,8,2,4,67,5.8416
1970,8,2,5,73,8.3596
1970,8,3,1,73,3.8358
1970,8,3,2,112,5.9168
1970,8,3,3,114,3.3243
1970,8,3,4,88,4.6347
1970,8,3,5,59,8.8289
1970,9,1,1,150,14.9045
1970,9,1,2,85,11.3724
1970,9,1,3,78,11.9419
1970,9,1,4,95,14.8771
1970,9,1,5,206,18.7330
1970,9,2,1,57,11.8853
1970,9,2,2,51,10.3084
1970,9,2,3,47,10.9937
1970,9,2,4,67,10.9608
1970,9,2,5,73,14.9982
1970,9,3,1,73,1.6078
1970,9,3,2,112,3.3563
1970,9,3,3,114,3.7698
1970,9,3,4,88,7.3693
1970,9,3,5,58,10.0254
1970,10,1,1,150,-6.7365
1970,10,1,2,85,-5.5344
1970,10,1,3,78,-6.0896
1970,10,1,4,95,-9.0779
1970,10,1,5,207,-10.5396
1970,10,2,1,57,-4.5416
1970,10,2,2,51,-3.7223
1970,10,2,3,47,-6.7612
1970,10,2,4,67,-5.2203
1970,10,2,5,73,-5.9687
1970,10,3,1,73,-2.7888
1970,10,3,2,112,0.3885
1970,10,3,3,114,-0.4681
1970,10,3,4,88,-1.8417
1970,10,3,5,58,-5.8392
1970,11,1,1,150,-0.2739
1970,11,1,2,85,-1.7390
1970,11,1,3,78,-2.2321
1970,11,1,4,95,0.4330
1970,11,1,5,207,-3.3053
1970,11,2,1,57,3.5510
1970,11,2,2,51,3.1346
1970,11,2,3,47,2.6433
1970,11,2,4,67,2.9458
1970,11,2,5,73,0.3544
1970,11,3,1,73,5.3596
1970,11,3,2,112,5.2891
1970,11,3,3,114,4.8479
1970,11,3,4,88,5.7853
1970,11,3,5,58,3.2012
1970,12,1,1,149,8.0819
1970,12,1,2,85,10.2444
1970,12,1,3,78,10.5313
1970,12,1,4,95,12.2612
1970,12,1,5,207,9.5494
1970,12,2,1,57,7.1247
1970,12,2,2,51,8.3443
1970,12,2,3,47,9.3883
1970,12,2,4,67,10.4038
1970,12,2,5,73,8.5702
1970,12,3,1,73,6.6903
1970,12,3,2,112,4.9363
1970,12,3,3,114,6.6359
1970,12,3,4,88,6.3009
1970,12,3,5,58,6.2719
1971,1,1,1,148,15.9094
1971,1,1,2,85,16.0352
1971,1,1,3,78,13.2684
1971,1,1,4,95,13.0222
1971,1,1,5,207,16.1974
1971,1,2,1,57,14.5915
1971,1,2,2,51,11.0739
1971,1,2,3,47,8.7337
1971,1,2,4,67,8.7152
1971,1,2,5,73,12.0114
1971,1,3,1,73,8.6844
1971,1,3,2,112,1.7329
1971,1,3,3,114,4.6494
1971,1,3,4,88,5.4252
1971,1,3,5,58,8.2049
1971,2,1,1,148,3.4266
1971,2,1,2,85,3.5866
1971,2,1,3,78,6.0006
1971,2,1,4,95,5.5056
1971,2,1,5,207,5.1742
1971,2,2,1,57,2.6507
1971,2,2,2,51,0.5288
1971,2,2,3,47,4.7683
1971,2,2,4,67,3.0557
1971,2,2,5,73,2.6984
1971,2,3,1,73,-0.6006
1971,2,3,2,112,3.0882
1971,2,3,3,114,1.4929
1971,2,3,4,88,1.7644
1971,2,3,5,58,1.6581
1971,3,1,1,148,6.9513
1971,3,1,2,85,7.1538
1971,3,1,3,78,6.7562
1971,3,1,4,95,6.7764
1971,3,1,5,207,5.8795
1971,3,2,1,57,5.9651
1971,3,2,2,51,7.5307
1971,3,2,3,47,8.4882
1971,3,2,4,67,6.4947
1971,3,2,5,73,6.4669
1971,3,3,1,73,1.8499
1971,3,3,2,112,4.3116
1971,3,3,3,114,5.2782
1971,3,3,4,88,4.6106
1971,3,3,5,58,6.2027
1971,4,1,1,148,1.5307
1971,4,1,2,85,2.0698
1971,4,1,3,78,2.1223
1971,4,1,4,95,2.0455
1971,4,1,5,207,3.5294
1971,4,2,1,57,6.3630
1971,4,2,2,51,3.4793
1971,4,2,3,47,3.8256
1971,4,2,4,67,5.8150
1971,4,2,5,72,2.1520
1971,4,3,1,73,3.8583
1971,4,3,2,112,4.1702
1971,4,3,3,114,3.6307
1971,4,3,4,88,5.7279
1971,4,3,5,58,5.7797
1971,5,1,1,148,-5.9873
1971,5,1,2,85,-5.0091
1971,5,1,3,78,-6.3678
1971,5,1,4,95,-6.1067
1971,5,1,5,207,-6.8988
1971,5,2,1,57,-4.5505
1971,5,2,2,51,-4.3775
1971,5,2,3,47,-2.5493
1971,5,2,4,67,-4.3610
1971,5,2,5,73,-5.7876
1971,5,3,1,73,-3.9436
1971,5,3,2,112,-5.1235
1971,5,3,3,114,-1.6775
1971,5,3,4,88,-1.5194
1971,5,3,5,58,-3.7548
1971,6,1,1,148,-2.8733
1971,6,1,2,85,-1.1804
1971,6,1,3,78,-2.3567
1971,6,1,4,95,-1.5844
1971,6,1,5,207,-2.9178
1971,6,2,1,57,0.1575
1971,6,2,2,51,-2.7898
1971,6,2,3,47,0.4062
1971,6,2,4,66,-1.7153
1971,6,2,5,73,-1.1420
1971,6,3,1,73,0.1139
1971,6,3,2,112,-0.6957
1971,6,3,3,114,1.3524
1971,6,3,4,88,1.4484
1971,6,3,5,58,-0.7350
1971,7,1,1,210,-7.8423
1971,7,1,2,113,-5.6882
1971,7,1,3,100,-6.2411
1971,7,1,4,86,-5.3539
1971,7,1,5,203,-7.4158
1971,7,2,1,74,-5.1804
1971,7,2,2,57,-2.3909
1971,7,2,3,50,-4.1087
1971,7,2,4,57,-7.1883
1971,7,2,5,78,-4.8968
1971,7,3,1,62,-5.0149
1971,7,3,2,103,-4.7043
1971,7,3,3,113,-3.9802
1971,7,3,4,124,-3.2926
1971,7,3,5,87,-4.7321
1971,8,1,1,210,3.2481
1971,8,1,2,113,5.4107
1971,8,1,3,100,3.4624
1971,8,1,4,86,7.4602
1971,8,1,5,203,3.7267
1971,8,2,1,74,6.3251
1971,8,2,2,57,2.4825
1971,8,2,3,50,4.4227
1971,8,2,4,57,6.5150
1971,8,2,5,78,4.7654
1971,8,3,1,62,8.6041
1971,8,3,2,103,3.8038
1971,8,3,3,113,2.9913
1971,8,3,4,124,5.2794
1971,8,3,5,86,4.7838
1971,9,1,1,210,-0.1197
1971,9,1,2,113,-1.6891
1971,9,1,3,100,0.7914
1971,9,1,4,86,0.7301
1971,9,1,5,203,-0.9577
1971,9,2,1,74,-2.2195
1971,9,2,2,57,-2.7315
1971,9,2,3,50,0.1789
1971,9,2,4,57,0.5043
1971,9,2,5,78,0.2383
1971,9,3,1,62,-0.6348
1971,9,3,2,103,-0.8264
1971,9,3,3,113,-0.3462
1971,9,3,4,124,-0.1715
1971,9,3,5,86,0.6178
1971,10,1,1,210,-7.4834
1971,10,1,2,113,-5.7295
1971,10,1,3,100,-8.1414
1971,10,1,4,86,-5.0428
1971,10,1,5,203,-7.4300
1971,10,2,1,74,-6.7182
1971,10,2,2,57,-6.5294
1971,10,2,3,50,-5.2141
1971,10,2,4,57,-5.8673
1971,10,2,5,78,-5.9274
1971,10,3,1,62,-5.6880
1971,10,3,2,103,-3.3677
1971,10,3,3,113,-5.1215
1971,10,3,4,124,-4.1381
1971,10,3,5,86,-4.6163
1971,11,1,1,210,-4.3834
1971,11,1,2,113,-5.5453
1971,11,1,3,100,-4.5833
1971,11,1,4,86,-3.3898
1971,11,1,5,203,-4.4801
1971,11,2,1,74,-1.7174
1971,11,2,2,57,-1.9405
1971,11,2,3,50,-2.3010
1971,11,2,4,57,-3.4880
1971,11,2,5,78,-1.9238
1971,11,3,1,62,0.1635
1971,11,3,2,103,0.1831
1971,11,3,3,113,0.4107
1971,11,3,4,124,1.1036
1971,11,3,5,86,-0.5145
1971,12,1,1,210,14.7597
1971,12,1,2,113,13.3625
1971,12,1,3,100,8.9431
1971,12,1,4,86,13.0474
1971,12,1,5,203,14.3278
1971,12,2,1,74,13.6387
1971,12,2,2,57,11.7403
1971,12,2,3,50,12.5732
1971,12,2,4,57,13.1249
1971,12,2,5,78,13.0267
1971,12,3,1,62,7.1696
1971,12,3,2,103,8.8100
1971,12,3,3,113,9.6478
1971,12,3,4,124,9.3825
1971,12,3,5,86,9.9013
1972,1,1,1,210,15.2726
1972,1,1,2,113,14.9409
1972,1,1,3,100,11.9548
1972,1,1,4,86,11.9615
1972,1,1,5,203,12.6509
1972,1,2,1,74,8.7057
1972,1,2,2,57,6.3493
1972,1,2,3,50,7.3515
1972,1,2,4,57,10.0079
1972,1,2,5,78,5.9875
1972,1,3,1,62,2.9906
1972,1,3,2,103,3.0725
1972,1,3,3,113,1.6779
1972,1,3,4,124,2.0331
1972,1,3,5,86,2.0832
1972,2,1,1,209,3.9055
1972,2,1,2,112,6.1586
1972,2,1,3,100,3.1382
1972,2,1,4,86,4.6591
1972,2,1,5,203,3.8462
1972,2,2,1,74,3.1826
1972,2,2,2,57,5.0653
1972,2,2,3,50,4.7789
1972,2,2,4,57,3.1330
1972,2,2,5,78,2.6692
1972,2,3,1,62,1.3660
1972,2,3,2,103,1.9197
1972,2,3,3,113,4.0210
1972,2,3,4,124,6.2641
1972,2,3,5,86,4.8357
1972,3,1,1,208,-1.0043
1972,3,1,2,112,-1.0983
1972,3,1,3,100,-1.0450
1972,3,1,4,86,1.2319
1972,3,1,5,203,-1.2794
1972,3,2,1,74,-0.4287
1972,3,2,2,57,-0.8097
1972,3,2,3,50,1.0716
1972,3,2,4,57,1.5347
1972,3,2,5,78,1.2348
1972,3,3,1,62,1.6112
1972,3,3,2,103,0.8301
1972,3,3,3,113,0.1766
1972,3,3,4,124,0.6033
1972,3,3,5,86,0.9455
1972,4,1,1,208,0.9699
1972,4,1,2,111,2.6947
1972,4,1,3,100,-0.3593
1972,4,1,4,86,-0.0293
1972,4,1,5,203,-0.1802
1972,4,2,1,74,1.0281
1972,4,2,2,57,1.9858
1972,4,2,3,50,0.3936
1972,4,2,4,57,1.5835
1972,4,2,5,78,1.6789
1972,4,3,1,62,-0.4832
1972,4,3,2,103,0.5319
1972,4,3,3,113,0.2704
1972,4,3,4,124,1.4746
1972,4,3,5,86,2.8248
1972,5,1,1,208,-0.6130
1972,5,1,2,111,-2.7513
1972,5,1,3,100,-2.1565
1972,5,1,4,86,-0.9870
1972,5,1,5,202,-3.1348
1972,5,2,1,74,-1.7083
1972,5,2,2,57,-0.6984
1972,5,2,3,50,0.9850
1972,5,2,4,57,-2.4256
1972,5,2,5,78,-2.7688
1972,5,3,1,62,-1.3596
1972,5,3,2,103,2.2719
1972,5,3,3,113,3.1927
1972,5,3,4,124,2.7552
1972,5,3,5,86,3.7993
1972,6,1,1,208,-3.7332
1972,6,1,2,111,-3.4305
1972,6,1,3,100,-1.7431
1972,6,1,4,86,-5.0802
1972,6,1,5,202,-3.7150
1972,6,2,1,74,-1.4066
1972,6,2,2,57,0.9813
1972,6,2,3,50,-5.5359
1972,6,2,4,57,-5.0077
1972,6,2,5,78,-3.4900
1972,6,3,1,62,-4.2811
1972,6,3,2,103,-2.5085
1972,6,3,3,113,-1.2964
1972,6,3,4,124,-1.6025
1972,6,3,5,85,-0.4785
1972,7,1,1,226,-3.1594
1972,7,1,2,134,-3.4834
1972,7,1,3,129,-3.5770
1972,7,1,4,109,-4.3736
1972,7,1,5,197,-4.7071
1972,7,2,1,66,-4.3565
1972,7,2,2,66,-3.3971
1972,7,2,3,71,-3.8762
1972,7,2,4,73,-2.8148
1972,7,2,5,81,-4.4249
1972,7,3,1,65,-2.1783
1972,7,3,2,113,0.3864
1972,7,3,3,115,-1.3214
1972,7,3,4,125,1.6209
1972,7,3,5,102,-0.4961
1972,8,1,1,224,1.7299
1972,8,1,2,134,-0.4547
1972,8,1,3,127,0.9131
1972,8,1,4,109,-0.9247
1972,8,1,5,197,-0.1359
1972,8,2,1,66,1.7148
1972,8,2,2,66,2.7141
1972,8,2,3,71,3.8089
1972,8,2,4,73,0.8768
1972,8,2,5,80,-0.6704
1972,8,3,1,65,4.3256
1972,8,3,2,113,5.5891
1972,8,3,3,115,7.0600
1972,8,3,4,125,-0.0253
1972,8,3,5,102,-0.7546
1972,9,1,1,225,-4.3392
1972,9,1,2,133,-5.4981
1972,9,1,3,126,-4.6458
1972,9,1,4,109,-3.3595
1972,9,1,5,197,-4.6685
1972,9,2,1,66,-2.3549
1972,9,2,2,65,-2.4091
1972,9,2,3,71,-3.5610
1972,9,2,4,73,-2.6848
1972,9,2,5,79,-2.9300
1972,9,3,1,65,-5.0792
1972,9,3,2,113,-0.5207
1972,9,3,3,115,-0.7773
1972,9,3,4,124,0.5027
1972,9,3,5,102,-0.5261
1972,10,1,1,225,-2.4334
1972,10,1,2,132,-2.4692
1972,10,1,3,125,-3.7847
1972,10,1,4,108,-2.1709
1972,10,1,5,197,-2.9598
1972,10,2,1,66,-1.1064
1972,10,2,2,65,0.7160
1972,10,2,3,71,-1.9854
1972,10,2,4,73,-1.5616
1972,10,2,5,79,-2.1070
1972,10,3,1,65,1.2410
1972,10,3,2,113,0.4564
1972,10,3,3,115,0.2793
1972,10,3,4,124,1.4528
1972,10,3,5,102,1.0687
1972,11,1,1,225,6.9947
1972,11,1,2,133,5.1724
1972,11,1,3,125,4.0383
1972,11,1,4,108,3.1249
1972,11,1,5,197,4.5454
1972,11,2,1,66,9.4356
1972,11,2,2,64,6.6910
1972,11,2,3,71,6.7339
1972,11,2,4,73,5.4533
1972,11,2,5,79,4.0344
1972,11,3,1,65,7.0400
1972,11,3,2,113,5.3769
1972,11,3,3,115,6.6820
1972,11,3,4,124,2.0463
1972,11,3,5,101,4.2989
1972,12,1,1,225,-2.3143
1972,12,1,2,133,-1.3290
1972,12,1,3,125,-0.7785
1972,12,1,4,108,-0.9194
1972,12,1,5,196,-3.2229
1972,12,2,1,65,-1.2284
1972,12,2,2,64,-2.6839
1972,12,2,3,71,1.0155
1972,12,2,4,73,-1.2632
1972,12,2,5,79,-0.4342
1972,12,3,1,65,-1.5425
1972,12,3,2,113,1.6881
1972,12,3,3,115,0.7437
1972,12,3,4,124,3.1899
1972,12,3,5,102,1.6044
1973,1,1,1,225,-2.7383
1973,1,1,2,133,-1.8454
1973,1,1,3,126,-3.9922
1973,1,1,4,108,-3.2474
1973,1,1,5,195,-6.4874
1973,1,2,1,65,-7.2539
1973,1,2,2,64,-4.5967
1973,1,2,3,71,-6.8089
1973,1,2,4,73,-4.9695
1973,1,2,5,78,-8.7736
1973,1,3,1,65,-6.4910
1973,1,3,2,113,0.5437
1973,1,3,3,115,-1.1339
1973,1,3,4,124,-3.0537
1973,1,3,5,102,-4.2665
1973,2,1,1,224,-7.4127
1973,2,1,2,132,-9.1843
1973,2,1,3,126,-8.6025
1973,2,1,4,108,-9.1033
1973,2,1,5,195,-7.8761
1973,2,2,1,65,-8.3846
1973,2,2,2,64,-8.4870
1973,2,2,3,71,-7.3580
1973,2,2,4,73,-9.5222
1973,2,2,5,78,-9.0588
1973,2,3,1,65,-6.0227
1973,2,3,2,113,-2.9634
1973,2,3,3,115,-5.9693
1973,2,3,4,124,-2.7828
1973,2,3,5,102,-2.5567
1973,3,1,1,224,-1.7255
1973,3,1,2,132,-2.5065
1973,3,1,3,125,-3.0396
1973,3,1,4,108,-2.4520
1973,3,1,5,194,-3.0395
1973,3,2,1,65,-0.8482
1973,3,2,2,64,-2.0610
1973,3,2,3,71,-2.1182
1973,3,2,4,73,-3.8725
1973,3,2,5,78,-3.8130
1973,3,3,1,65,1.1645
1973,3,3,2,112,-0.1855
1973,3,3,3,115,1.3683
1973,3,3,4,123,-1.0159
1973,3,3,5,102,-2.4525
1973,4,1,1,224,-6.8755
1973,4,1,2,131,-8.2370
1973,4,1,3,125,-6.0447
1973,4,1,4,107,-5.8303
1973,4,1,5,193,-8.7400
1973,4,2,1,65,-6.4008
1973,4,2,2,64,-5.9096
1973,4,2,3,71,-5.3461
1973,4,2,4,73,-8.3047
1973,4,2,5,79,-9.2392
1973,4,3,1,65,-4.9029
1973,4,3,2,112,-3.5290
1973,4,3,3,115,-2.8092
1973,4,3,4,123,-5.8932
1973,4,3,5,101,-7.0335
1973,5,1,1,222,-8.2027
1973,5,1,2,131,-8.0872
1973,5,1,3,125,-8.4028
1973,5,1,4,107,-7.6259
1973,5,1,5,192,-10.1637
1973,5,2,1,65,-11.0028
1973,5,2,2,64,-8.2027
1973,5,2,3,71,-7.2479
1973,5,2,4,73,-7.4085
1973,5,2,5,79,-10.2114
1973,5,3,1,65,-5.1376
1973,5,3,2,111,-1.3061
1973,5,3,3,115,-3.2215
1973,5,3,4,123,0.1509
1973,5,3,5,102,-1.2459
1973,6,1,1,221,-1.5295
1973,6,1,2,130,-2.1955
1973,6,1,3,123,-3.6319
1973,6,1,4,107,-3.2711
1973,6,1,5,189,-5.3608
1973,6,2,1,65,-3.4703
1973,6,2,2,64,-1.3335
1973,6,2,3,71,-2.5212
1973,6,2,4,73,-3.3927
1973,6,2,5,78,-5.0965
1973,6,3,1,65,-4.0249
1973,6,3,2,111,-0.1415
1973,6,3,3,115,-0.5925
1973,6,3,4,123,-0.9940
1973,6,3,5,102,-1.7940
1973,7,1,1,231,14.6011
1973,7,1,2,122,15.2872
1973,7,1,3,120,9.5722
1973,7,1,4,125,16.5746
1973,7,1,5,269,18.3770
1973,7,2,1,66,10.3394
1973,7,2,2,72,11.4056
1973,7,2,3,80,12.5877
1973,7,2,4,80,14.7830
1973,7,2,5,75,18.0208
1973,7,3,1,95,4.8404
1973,7,3,2,109,2.1849
1973,7,3,3,120,5.5884
1973,7,3,4,122,6.9190
1973,7,3,5,80,11.9083
1973,8,1,1,229,-5.0960
1973,8,1,2,122,-6.8752
1973,8,1,3,120,-4.6786
1973,8,1,4,125,-7.2945
1973,8,1,5,268,-7.4874
1973,8,2,1,66,-1.7207
1973,8,2,2,72,-2.4687
1973,8,2,3,80,-4.8757
1973,8,2,4,80,-3.7806
1973,8,2,5,75,-5.5198
1973,8,3,1,95,-1.3941
1973,8,3,2,109,-3.1356
1973,8,3,3,120,-4.8415
1973,8,3,4,122,-3.4434
1973,8,3,5,80,-2.2414
1973,9,1,1,228,9.1216
1973,9,1,2,121,9.7608
1973,9,1,3,118,9.3577
1973,9,1,4,125,9.5081
1973,9,1,5,266,9.2659
1973,9,2,1,66,12.9577
1973,9,2,2,72,8.8809
1973,9,2,3,79,12.7594
1973,9,2,4,80,11.0537
1973,9,2,5,75,12.1522
1973,9,3,1,95,7.6631
1973,9,3,2,109,3.1400
1973,9,3,3,120,5.0306
1973,9,3,4,122,3.4298
1973,9,3,5,80,7.9093
1973,10,1,1,227,1.7862
1973,10,1,2,121,2.8551
1973,10,1,3,119,0.3636
1973,10,1,4,124,-0.2771
1973,10,1,5,266,-2.4991
1973,10,2,1,66,0.9117
1973,10,2,2,72,2.7247
1973,10,2,3,79,0.9196
1973,10,2,4,80,-0.6071
1973,10,2,5,75,-3.8671
1973,10,3,1,95,3.9045
1973,10,3,2,108,1.0787
1973,10,3,3,120,0.0323
1973,10,3,4,122,-2.1857
1973,10,3,5,79,-2.0613
1973,11,1,1,227,-17.2074
1973,11,1,2,121,-19.2597
1973,11,1,3,120,-19.2896
1973,11,1,4,124,-21.9878
1973,11,1,5,266,-22.9183
1973,11,2,1,66,-18.7123
1973,11,2,2,72,-15.7290
1973,11,2,3,78,-20.5724
1973,11,2,4,80,-23.0497
1973,11,2,5,75,-21.7260
1973,11,3,1,95,-11.2007
1973,11,3,2,108,-9.7831
1973,11,3,3,120,-12.7169
1973,11,3,4,122,-11.2941
1973,11,3,5,79,-17.3226
1973,12,1,1,225,-2.3033
1973,12,1,2,121,-5.7291
1973,12,1,3,120,-3.6867
1973,12,1,4,124,-4.1301
1973,12,1,5,265,-4.7419
1973,12,2,1,65,0.4658
1973,12,2,2,71,-0.1314
1973,12,2,3,77,0.7823
1973,12,2,4,80,-3.6233
1973,12,2,5,75,-3.8853
1973,12,3,1,95,6.0073
1973,12,3,2,109,2.2627
1973,12,3,3,120,0.8642
1973,12,3,4,122,-2.4873
1973,12,3,5,79,2.1262
1974,1,1,1,226,17.0579
1974,1,1,2,121,18.2814
1974,1,1,3,120,18.1391
1974,1,1,4,124,14.6052
1974,1,1,5,264,17.1168
1974,1,2,1,65,11.5699
1974,1,2,2,71,11.2568
1974,1,2,3,77,9.8309
1974,1,2,4,80,8.2286
1974,1,2,5,75,11.6912
1974,1,3,1,95,-3.1221
1974,1,3,2,109,-0.6005
1974,1,3,3,120,-1.0655
1974,1,3,4,122,-0.1297
1974,1,3,5,79,2.0677
1974,2,1,1,225,-1.7642
1974,2,1,2,120,-0.8443
1974,2,1,3,119,0.6430
1974,2,1,4,123,-3.4374
1974,2,1,5,260,-0.8808
1974,2,2,1,65,2.1275
1974,2,2,2,71,4.3161
1974,2,2,3,77,0.2309
1974,2,2,4,80,-0.3681
1974,2,2,5,75,1.7775
1974,2,3,1,95,0.7715
1974,2,3,2,109,0.7521
1974,2,3,3,120,-1.4722
1974,2,3,4,122,-0.2264
1974,2,3,5,78,1.3595
1974,3,1,1,223,1.6805
1974,3,1,2,120,2.0654
1974,3,1,3,118,-0.9383
1974,3,1,4,121,1.3586
1974,3,1,5,258,-0.4054
1974,3,2,1,65,-2.1787
1974,3,2,2,71,0.8276
1974,3,2,3,77,-0.9859
1974,3,2,4,80,-0.5591
1974,3,2,5,75,-0.9230
1974,3,3,1,95,-2.3639
1974,3,3,2,109,-2.1386
1974,3,3,3,120,-1.1414
1974,3,3,4,121,-2.0264
1974,3,3,5,78,-4.1587
1974,4,1,1,223,-5.9058
1974,4,1,2,120,-5.5113
1974,4,1,3,118,-2.8561
1974,4,1,4,121,-5.2482
1974,4,1,5,257,-5.2357
1974,4,2,1,65,-3.8511
1974,4,2,2,71,-3.9481
1974,4,2,3,77,-4.2491
1974,4,2,4,80,-5.3338
1974,4,2,5,74,-3.3475
1974,4,3,1,95,-4.9454
1974,4,3,2,109,-3.2123
1974,4,3,3,120,-1.9564
1974,4,3,4,121,-3.6945
1974,4,3,5,78,-3.1801
1974,5,1,1,221,-7.5001
1974,5,1,2,120,-7.8534
1974,5,1,3,118,-5.3791
1974,5,1,4,121,-7.3224
1974,5,1,5,257,-8.6768
1974,5,2,1,64,-8.5486
1974,5,2,2,70,-6.5775
1974,5,2,3,77,-6.3204
1974,5,2,4,80,-5.0144
1974,5,2,5,74,-10.3597
1974,5,3,1,95,-4.1187
1974,5,3,2,109,-4.1275
1974,5,3,3,120,-1.9208
1974,5,3,4,121,0.1951
1974,5,3,5,78,-0.1886
1974,6,1,1,220,-0.6220
1974,6,1,2,120,-1.9329
1974,6,1,3,118,-2.0889
1974,6,1,4,121,-3.2865
1974,6,1,5,254,-2.3673
1974,6,2,1,63,-1.1389
1974,6,2,2,70,-0.1620
1974,6,2,3,77,-2.8195
1974,6,2,4,80,-0.9199
1974,6,2,5,73,-1.4454
1974,6,3,1,95,-0.7120
1974,6,3,2,109,-1.1521
1974,6,3,3,120,-0.7628
1974,6,3,4,121,-0.8138
1974,6,3,5,78,-2.9908
1974,7,1,1,281,-5.8608
1974,7,1,2,163,-2.5149
1974,7,1,3,193,-6.2637
1974,7,1,4,173,-4.6742
1974,7,1,5,414,-5.5165
1974,7,2,1,94,-4.0412
1974,7,2,2,88,-4.7958
1974,7,2,3,91,-2.0015
1974,7,2,4,98,-4.7885
1974,7,2,5,105,-6.3508
1974,7,3,1,91,-6.3661
1974,7,3,2,135,-5.4380
1974,7,3,3,139,-9.8286
1974,7,3,4,139,-12.1999
1974,7,3,5,84,-10.7945
1974,8,1,1,280,-6.4353
1974,8,1,2,163,-5.5392
1974,8,1,3,192,-6.1825
1974,8,1,4,171,-6.9917
1974,8,1,5,411,-9.0186
1974,8,2,1,93,-7.3203
1974,8,2,2,87,-6.7125
1974,8,2,3,91,-6.8470
1974,8,2,4,98,-9.7614
1974,8,2,5,104,-9.1261
1974,8,3,1,91,-3.5382
1974,8,3,2,135,-8.3803
1974,8,3,3,139,-9.2737
1974,8,3,4,139,-11.3578
1974,8,3,5,84,-9.6928
1974,9,1,1,276,-8.3254
1974,9,1,2,163,-8.8045
1974,9,1,3,191,-8.3301
1974,9,1,4,168,-7.9746
1974,9,1,5,411,-9.8841
1974,9,2,1,94,-7.6695
1974,9,2,2,87,-9.3470
1974,9,2,3,90,-8.4473
1974,9,2,4,98,-9.0488
1974,9,2,5,103,-11.9213
1974,9,3,1,91,-7.8708
1974,9,3,2,135,-11.9171
1974,9,3,3,139,-14.0993
1974,9,3,4,138,-13.8571
1974,9,3,5,84,-16.6452
1974,10,1,1,270,10.6741
1974,10,1,2,162,8.2815
1974,10,1,3,190,9.5745
1974,10,1,4,168,9.7654
1974,10,1,5,407,7.7827
1974,10,2,1,93,13.1947
1974,10,2,2,86,11.5994
1974,10,2,3,91,7.8336
1974,10,2,4,96,11.7644
1974,10,2,5,102,8.6194
1974,10,3,1,91,18.0095
1974,10,3,2,135,15.3397
1974,10,3,3,138,18.0412
1974,10,3,4,138,19.3052
1974,10,3,5,84,17.5368
1974,11,1,1,271,-6.3424
1974,11,1,2,163,-3.1404
1974,11,1,3,190,-5.2515
1974,11,1,4,167,-6.3639
1974,11,1,5,409,-8.0891
1974,11,2,1,93,-4.1179
1974,11,2,2,86,-2.7598
1974,11,2,3,90,-2.9689
1974,11,2,4,96,-6.0979
1974,11,2,5,103,-7.4531
1974,11,3,1,91,-3.3069
1974,11,3,2,135,-5.6058
1974,11,3,3,138,-2.7726
1974,11,3,4,138,-4.8436
1974,11,3,5,84,-4.7919
1974,12,1,1,270,-8.6313
1974,12,1,2,161,-6.6968
1974,12,1,3,190,-6.7815
1974,12,1,4,165,-8.7960
1974,12,1,5,407,-9.1306
1974,12,2,1,92,-6.2268
1974,12,2,2,86,-7.0017
1974,12,2,3,90,-4.9596
1974,12,2,4,98,-6.7175
1974,12,2,5,103,-6.5258
1974,12,3,1,91,-0.6049
1974,12,3,2,135,-2.0463
1974,12,3,3,138,-2.8653
1974,12,3,4,138,-2.7152
1974,12,3,5,83,-5.5395
1975,1,1,1,269,29.8783
1975,1,1,2,160,28.4825
1975,1,1,3,190,26.3673
1975,1,1,4,165,30.5090
1975,1,1,5,408,31.4452
1975,1,2,1,92,25.7801
1975,1,2,2,86,20.4424
1975,1,2,3,89,23.6006
1975,1,2,4,97,28.7878
1975,1,2,5,102,31.0373
1975,1,3,1,91,7.7755
1975,1,3,2,135,13.4749
1975,1,3,3,137,12.2597
1975,1,3,4,138,11.8941
1975,1,3,5,84,17.2500
1975,2,1,1,269,7.1639
1975,2,1,2,158,5.9309
1975,2,1,3,190,4.5237
1975,2,1,4,165,4.6289
1975,2,1,5,403,4.4277
1975,2,2,1,91,4.6480
1975,2,2,2,86,5.5085
1975,2,2,3,89,5.1347
1975,2,2,4,97,4.5186
1975,2,2,5,102,4.6361
1975,2,3,1,91,5.1585
1975,2,3,2,135,6.7439
1975,2,3,3,137,9.8773
1975,2,3,4,138,8.4629
1975,2,3,5,84,6.6417
1975,3,1,1,271,8.1020
1975,3,1,2,159,7.0769
1975,3,1,3,188,9.7666
1975,3,1,4,165,8.2922
1975,3,1,5,402,10.8982
1975,3,2,1,91,6.3136
1975,3,2,2,86,6.0019
1975,3,2,3,89,7.7801
1975,3,2,4,97,9.3360
1975,3,2,5,102,10.3164
1975,3,3,1,91,2.3523
1975,3,3,2,134,1.7428
1975,3,3,3,137,4.3248
1975,3,3,4,138,4.2550
1975,3,3,5,84,7.3954
1975,4,1,1,270,3.2854
1975,4,1,2,160,6.4764
1975,4,1,3,188,3.4539
1975,4,1,4,165,2.8547
1975,4,1,5,399,3.7754
1975,4,2,1,91,7.3637
1975,4,2,2,86,4.8359
1975,4,2,3,89,3.8962
1975,4,2,4,97,6.5565
1975,4,2,5,102,3.7359
1975,4,3,1,91,4.7406
1975,4,3,2,134,7.1972
1975,4,3,3,137,4.2103
1975,4,3,4,138,3.2915
1975,4,3,5,84,8.1888
1975,5,1,1,270,7.7683
1975,5,1,2,158,6.8567
1975,5,1,3,187,8.4507
1975,5,1,4,164,10.2989
1975,5,1,5,398,7.6453
1975,5,2,1,91,9.2810
1975,5,2,2,86,11.4586
1975,5,2,3,89,6.0717
1975,5,2,4,97,6.4378
1975,5,2,5,102,10.4218
1975,5,3,1,91,4.3859
1975,5,3,2,134,4.8238
1975,5,3,3,137,5.3824
1975,5,3,4,138,5.7380
1975,5,3,5,84,5.3056
1975,6,1,1,271,6.5880
1975,6,1,2,158,7.5214
1975,6,1,3,184,8.9767
1975,6,1,4,163,7.7937
1975,6,1,5,396,8.1064
1975,6,2,1,91,6.3336
1975,6,2,2,86,5.2553
1975,6,2,3,89,5.3097
1975,6,2,4,96,8.3199
1975,6,2,5,102,7.1073
1975,6,3,1,91,5.3808
1975,6,3,2,133,5.0157
1975,6,3,3,137,3.1480
1975,6,3,4,138,4.1981
1975,6,3,5,84,6.2702
1975,7,1,1,422,-0.4211
1975,7,1,2,245,-0.7774
1975,7,1,3,216,-0.9011
1975,7,1,4,319,-0.4345
1975,7,1,5,495,-0.5791
1975,7,2,1,118,-4.2891
1975,7,2,2,114,-1.8940
1975,7,2,3,104,-4.6477
1975,7,2,4,128,-3.7619
1975,7,2,5,151,-3.5141
1975,7,3,1,91,-4.3385
1975,7,3,2,157,-4.9455
1975,7,3,3,186,-6.3069
1975,7,3,4,156,-9.2363
1975,7,3,5,106,-7.3718
1975,8,1,1,420,-6.3150
1975,8,1,2,245,-5.0749
1975,8,1,3,215,-5.7616
1975,8,1,4,319,-6.3451
1975,8,1,5,492,-7.1537
1975,8,2,1,118,-3.1877
1975,8,2,2,114,-2.5734
1975,8,2,3,104,-4.9214
1975,8,2,4,128,-4.8588
1975,8,2,5,151,-5.5047
1975,8,3,1,91,-3.0907
1975,8,3,2,157,-0.8388
1975,8,3,3,186,-1.2389
1975,8,3,4,155,-1.6772
1975,8,3,5,106,-3.7604
1975,9,1,1,421,-3.4489
1975,9,1,2,244,-2.9619
1975,9,1,3,215,-3.5219
1975,9,1,4,317,-3.0251
1975,9,1,5,494,-3.3117
1975,9,2,1,118,-3.8503
1975,9,2,2,114,-4.1812
1975,9,2,3,104,-2.6678
1975,9,2,4,125,-3.5363
1975,9,2,5,151,-3.6395
1975,9,3,1,91,-1.9822
1975,9,3,2,156,-1.8958
1975,9,3,3,186,-3.9655
1975,9,3,4,155,-5.3044
1975,9,3,5,106,-3.4297
1975,10,1,1,419,2.2917
1975,10,1,2,241,2.1215
1975,10,1,3,215,1.8132
1975,10,1,4,316,1.9948
1975,10,1,5,492,2.5166
1975,10,2,1,118,2.9983
1975,10,2,2,114,3.9795
1975,10,2,3,104,3.4915
1975,10,2,4,125,2.3035
1975,10,2,5,150,2.1025
1975,10,3,1,91,5.5315
1975,10,3,2,156,4.7586
1975,10,3,3,186,6.1962
1975,10,3,4,155,8.9912
1975,10,3,5,106,7.9711
1975,11,1,1,416,2.5659
1975,11,1,2,241,3.7419
1975,11,1,3,213,2.3477
1975,11,1,4,316,3.3227
1975,11,1,5,494,1.9737
1975,11,2,1,118,2.2944
1975,11,2,2,114,2.7268
1975,11,2,3,104,2.2159
1975,11,2,4,125,3.8958
1975,11,2,5,149,3.7849
1975,11,3,1,91,4.4062
1975,11,3,2,156,1.6422
1975,11,3,3,186,3.0078
1975,11,3,4,154,3.9198
1975,11,3,5,105,2.8194
1975,12,1,1,413,-0.6446
1975,12,1,2,240,-1.6385
1975,12,1,3,214,-1.3644
1975,12,1,4,316,-0.3997
1975,12,1,5,490,-2.2078
1975,12,2,1,117,-0.0449
1975,12,2,2,114,-0.8315
1975,12,2,3,104,-0.7018
1975,12,2,4,124,-2.0429
1975,12,2,5,149,-2.2769
1975,12,3,1,91,-0.0334
1975,12,3,2,156,0.2364
1975,12,3,3,186,-1.0443
1975,12,3,4,155,-3.9223
1975,12,3,5,106,-1.3359
1976,1,1,1,412,23.2827
1976,1,1,2,237,21.3469
1976,1,1,3,213,19.8877
1976,1,1,4,313,23.3486
1976,1,1,5,490,23.0521
1976,1,2,1,117,18.6494
1976,1,2,2,114,18.0223
1976,1,2,3,104,18.6302
1976,1,2,4,121,18.1092
1976,1,2,5,149,18.8489
1976,1,3,1,91,10.9140
1976,1,3,2,155,12.8242
1976,1,3,3,186,12.8320
1976,1,3,4,155,10.5441
1976,1,3,5,106,12.7737
1976,2,1,1,388,13.2560
1976,2,1,2,231,8.8739
1976,2,1,3,207,10.4842
1976,2,1,4,306,12.0043
1976,2,1,5,472,12.1327
1976,2,2,1,117,7.4780
1976,2,2,2,113,5.1726
1976,2,2,3,103,4.7826
1976,2,2,4,121,7.0933
1976,2,2,5,148,10.0055
1976,2,3,1,91,2.7052
1976,2,3,2,156,-0.5214
1976,2,3,3,186,-1.0417
1976,2,3,4,155,-1.1118
1976,2,3,5,106,-1.0664
1976,3,1,1,410,1.0876
1976,3,1,2,239,1.9666
1976,3,1,3,211,0.7407
1976,3,1,4,313,1.5657
1976,3,1,5,485,2.4682
1976,3,2,1,117,2.8518
1976,3,2,2,113,1.1225
1976,3,2,3,104,2.4913
1976,3,2,4,121,0.5347
1976,3,2,5,148,1.5357
1976,3,3,1,90,1.1013
1976,3,3,2,155,3.5510
1976,3,3,3,186,2.6080
1976,3,3,4,155,2.8488
1976,3,3,5,106,2.8065
1976,4,1,1,401,-1.7076
1976,4,1,2,236,0.6023
1976,4,1,3,210,-0.7600
1976,4,1,4,304,-1.7986
1976,4,1,5,471,-2.4971
1976,4,2,1,117,-1.1122
1976,4,2,2,112,-0.3263
1976,4,2,3,104,0.6251
1976,4,2,4,120,-1.7605
1976,4,2,5,147,-1.3517
1976,4,3,1,90,0.1405
1976,4,3,2,155,-0.1654
1976,4,3,3,186,-0.8815
1976,4,3,4,155,-2.4431
1976,4,3,5,106,-1.9525
1976,5,1,1,403,-2.9267
1976,5,1,2,235,-2.5041
1976,5,1,3,211,-3.4235
1976,5,1,4,311,-2.4545
1976,5,1,5,481,-3.4778
1976,5,2,1,117,-1.3626
1976,5,2,2,112,-0.4660
1976,5,2,3,104,-0.7466
1976,5,2,4,120,-2.3587
1976,5,2,5,146,-2.3777
1976,5,3,1,90,-1.3758
1976,5,3,2,155,0.0338
1976,5,3,3,186,-0.5267
1976,5,3,4,155,-1.9723
1976,5,3,5,106,-0.9593
1976,6,1,1,403,2.6160
1976,6,1,2,234,3.3831
1976,6,1,3,211,2.1102
1976,6,1,4,310,3.4958
1976,6,1,5,477,3.0053
1976,6,2,1,117,6.2534
1976,6,2,2,112,4.2082
1976,6,2,3,103,3.6364
1976,6,2,4,120,3.4925
1976,6,2,5,147,6.0381
1976,6,3,1,88,4.8284
1976,6,3,2,155,4.8631
1976,6,3,3,186,3.2742
1976,6,3,4,155,4.2789
1976,6,3,5,105,5.7831
1976,7,1,1,496,0.6972
1976,7,1,2,400,0.1230
1976,7,1,3,260,-0.1044
1976,7,1,4,291,0.3033
1976,7,1,5,531,-1.2055
1976,7,2,1,114,0.1953
1976,7,2,2,109,0.8549
1976,7,2,3,118,0.7371
1976,7,2,4,116,-0.5904
1976,7,2,5,156,-0.3157
1976,7,3,1,75,-0.6611
1976,7,3,2,131,-0.2450
1976,7,3,3,164,-0.0546
1976,7,3,4,183,-1.8199
1976,7,3,5,144,-1.7586
1976,8,1,1,493,-2.8040
1976,8,1,2,398,-2.0206
1976,8,1,3,259,-1.4243
1976,8,1,4,291,-1.1079
1976,8,1,5,529,-2.3271
1976,8,2,1,114,-2.3157
1976,8,2,2,109,-1.4141
1976,8,2,3,117,-1.6068
1976,8,2,4,115,-2.3941
1976,8,2,5,156,-3.6314
1976,8,3,1,75,-2.5730
1976,8,3,2,131,0.6178
1976,8,3,3,163,0.6431
1976,8,3,4,183,-0.8878
1976,8,3,5,144,0.9034
1976,9,1,1,443,1.4217
1976,9,1,2,346,1.2756
1976,9,1,3,225,2.2568
1976,9,1,4,267,1.7796
1976,9,1,5,485,2.0931
1976,9,2,1,110,2.7680
1976,9,2,2,105,2.4713
1976,9,2,3,115,3.0528
1976,9,2,4,114,4.1993
1976,9,2,5,152,3.7818
1976,9,3,1,75,1.6519
1976,9,3,2,131,4.0089
1976,9,3,3,163,3.2209
1976,9,3,4,183,1.3176
1976,9,3,5,142,2.2337
1976,10,1,1,491,-2.3422
1976,10,1,2,394,-1.5955
1976,10,1,3,256,-2.5313
1976,10,1,4,289,-1.8842
1976,10,1,5,524,-3.1239
1976,10,2,1,111,-2.4787
1976,10,2,2,107,-1.8413
1976,10,2,3,116,-2.4525
1976,10,2,4,116,-3.1661
1976,10,2,5,155,-2.5365
1976,10,3,1,75,-3.4175
1976,10,3,2,130,-1.2587
1976,10,3,3,163,-2.9925
1976,10,3,4,183,-2.3796
1976,10,3,5,144,-2.5540
1976,11,1,1,489,3.2525
1976,11,1,2,385,3.9533
1976,11,1,3,252,2.3726
1976,11,1,4,288,2.5477
1976,11,1,5,525,3.2817
1976,11,2,1,110,4.0972
1976,11,2,2,106,4.4937
1976,11,2,3,114,3.1047
1976,11,2,4,115,5.6092
1976,11,2,5,154,2.4926
1976,11,3,1,75,-0.6352
1976,11,3,2,130,0.9406
1976,11,3,3,163,1.4021
1976,11,3,4,183,-0.0344
1976,11,3,5,143,-1.0911
1976,12,1,1,491,11.1607
1976,12,1,2,390,8.8731
1976,12,1,3,251,8.6298
1976,12,1,4,290,10.5593
1976,12,1,5,524,9.3763
1976,12,2,1,111,9.5990
1976,12,2,2,107,10.0463
1976,12,2,3,114,7.9452
1976,12,2,4,116,9.2975
1976,12,2,5,155,8.9091
1976,12,3,1,75,7.0280
1976,12,3,2,130,5.9394
1976,12,3,3,163,5.3539
1976,12,3,4,183,4.8008
1976,12,3,5,144,3.9534
1977,1,1,1,488,6.0622
1977,1,1,2,389,3.6416
1977,1,1,3,249,4.4350
1977,1,1,4,288,3.4745
1977,1,1,5,522,3.7502
1977,1,2,1,110,1.1771
1977,1,2,2,106,1.9452
1977,1,2,3,114,2.9804
1977,1,2,4,115,1.5426
1977,1,2,5,154,-0.1662
1977,1,3,1,75,-4.0243
1977,1,3,2,130,-2.1915
1977,1,3,3,163,-2.9862
1977,1,3,4,183,-6.5305
1977,1,3,5,143,-7.2277
1977,2,1,1,479,-1.3309
1977,2,1,2,379,0.1057
1977,2,1,3,246,0.4322
1977,2,1,4,283,-0.6588
1977,2,1,5,518,0.4383
1977,2,2,1,110,-2.4416
1977,2,2,2,102,-1.2851
1977,2,2,3,114,-0.8574
1977,2,2,4,115,-1.2309
1977,2,2,5,149,0.1522
1977,2,3,1,75,-3.7725
1977,2,3,2,130,-1.5810
1977,2,3,3,161,-1.2477
1977,2,3,4,183,-1.5010
1977,2,3,5,143,-1.7936
1977,3,1,1,487,0.8922
1977,3,1,2,385,1.0230
1977,3,1,3,246,1.1909
1977,3,1,4,285,0.2114
1977,3,1,5,518,1.1355
1977,3,2,1,110,-1.1355
1977,3,2,2,104,0.3577
1977,3,2,3,114,0.1102
1977,3,2,4,115,2.0305
1977,3,2,5,150,0.0932
1977,3,3,1,75,-0.8936
1977,3,3,2,129,-1.7534
1977,3,3,3,161,-0.4839
1977,3,3,4,182,-1.3897
1977,3,3,5,143,-1.0896
1977,4,1,1,486,1.6869
1977,4,1,2,382,2.7042
1977,4,1,3,245,1.7760
1977,4,1,4,280,2.4622
1977,4,1,5,516,0.7162
1977,4,2,1,110,2.0582
1977,4,2,2,104,2.8964
1977,4,2,3,114,2.1813
1977,4,2,4,115,0.8328
1977,4,2,5,150,0.1366
1977,4,3,1,74,0.9569
1977,4,3,2,128,2.3056
1977,4,3,3,160,-0.6137
1977,4,3,4,182,-0.6972
1977,4,3,5,143,-2.1517
1977,5,1,1,484,0.9440
1977,5,1,2,383,0.4127
1977,5,1,3,245,-0.1135
1977,5,1,4,281,-0.3228
1977,5,1,5,514,0.5857
1977,5,2,1,110,-0.0630
1977,5,2,2,104,-0.2910
1977,5,2,3,114,0.2594
1977,5,2,4,115,0.0570
1977,5,2,5,150,-0.6469
1977,5,3,1,74,-1.5195
1977,5,3,2,129,-0.3317
1977,5,3,3,160,-1.2000
1977,5,3,4,182,-2.1242
1977,5,3,5,143,-2.4029
1977,6,1,1,483,7.4518
1977,6,1,2,383,5.4243
1977,6,1,3,244,5.7343
1977,6,1,4,277,7.0464
1977,6,1,5,512,6.5379
1977,6,2,1,110,10.2530
1977,6,2,2,104,6.9868
1977,6,2,3,112,6.7081
1977,6,2,4,113,7.2660
1977,6,2,5,147,6.7666
1977,6,3,1,74,3.4487
1977,6,3,2,129,3.8096
1977,6,3,3,160,5.8033
1977,6,3,4,182,5.4975
1977,6,3,5,143,5.0246
1977,7,1,1,523,-0.0213
1977,7,1,2,309,1.7962
1977,7,1,3,200,0.5665
1977,7,1,4,274,-0.8030
1977,7,1,5,678,1.1696
1977,7,2,1,100,-1.8187
1977,7,2,2,115,-0.1775
1977,7,2,3,101,-0.5627
1977,7,2,4,112,-0.7934
1977,7,2,5,154,-1.2058
1977,7,3,1,99,-1.4724
1977,7,3,2,142,-1.2202
1977,7,3,3,174,-1.8049
1977,7,3,4,172,-2.2029
1977,7,3,5,109,-1.6266
1977,8,1,1,521,-1.6162
1977,8,1,2,306,-1.3908
1977,8,1,3,200,0.2063
1977,8,1,4,272,0.5042
1977,8,1,5,677,-1.1864
1977,8,2,1,98,-1.2971
1977,8,2,2,114,-1.4126
1977,8,2,3,101,-0.5108
1977,8,2,4,112,-0.3838
1977,8,2,5,152,-0.8930
1977,8,3,1,98,-2.9132
1977,8,3,2,141,-2.7231
1977,8,3,3,174,-0.8544
1977,8,3,4,172,0.2649
1977,8,3,5,108,-0.8095
1977,9,1,1,517,1.4797
1977,9,1,2,308,1.8680
1977,9,1,3,198,2.4630
1977,9,1,4,270,2.4721
1977,9,1,5,675,0.6456
1977,9,2,1,96,0.0721
1977,9,2,2,114,0.5253
1977,9,2,3,100,2.8365
1977,9,2,4,112,0.4322
1977,9,2,5,150,2.2105
1977,9,3,1,97,-0.5456
1977,9,3,2,141,0.6881
1977,9,3,3,173,-0.2149
1977,9,3,4,172,-0.7072
1977,9,3,5,108,0.2393
1977,10,1,1,512,-2.3870
1977,10,1,2,305,-1.9129
1977,10,1,3,198,-2.0045
1977,10,1,4,269,-2.9257
1977,10,1,5,672,-2.3176
1977,10,2,1,96,-5.8627
1977,10,2,2,114,-2.4874
1977,10,2,3,101,-2.9938
1977,10,2,4,111,-0.7160
1977,10,2,5,150,-3.2303
1977,10,3,1,97,-4.3413
1977,10,3,2,141,-3.5852
1977,10,3,3,173,-3.9235
1977,10,3,4,171,-4.4551
1977,10,3,5,108,-4.0857
1977,11,1,1,508,8.5403
1977,11,1,2,304,8.7942
1977,11,1,3,195,7.3800
1977,11,1,4,268,8.7410
1977,11,1,5,671,8.5075
1977,11,2,1,95,10.4778
1977,11,2,2,113,7.8631
1977,11,2,3,101,7.9318
1977,11,2,4,110,8.6118
1977,11,2,5,149,7.4896
1977,11,3,1,97,5.1145
1977,11,3,2,140,3.1773
1977,11,3,3,173,3.9841
1977,11,3,4,171,3.5278
1977,11,3,5,107,5.4827
1977,12,1,1,508,2.2824
1977,12,1,2,304,3.9280
1977,12,1,3,196,4.0614
1977,12,1,4,266,2.9609
1977,12,1,5,671,1.9575
1977,12,2,1,95,2.3221
1977,12,2,2,113,1.1033
1977,12,2,3,101,1.6118
1977,12,2,4,110,2.2725
1977,12,2,5,148,1.0074
1977,12,3,1,97,1.1708
1977,12,3,2,139,2.0910
1977,12,3,3,173,-0.8566
1977,12,3,4,171,-0.0969
1977,12,3,5,108,0.1856
1978,1,1,1,503,0.2242
1978,1,1,2,301,-1.2504
1978,1,1,3,195,-1.1358
1978,1,1,4,265,-2.1560
1978,1,1,5,667,-2.6212
1978,1,2,1,95,-3.3338
1978,1,2,2,113,-3.1926
1978,1,2,3,101,-3.6543
1978,1,2,4,108,-5.9862
1978,1,2,5,148,-4.7519
1978,1,3,1,97,-6.0087
1978,1,3,2,139,-5.7464
1978,1,3,3,172,-6.3363
1978,1,3,4,171,-5.1965
1978,1,3,5,107,-5.6083
1978,2,1,1,498,3.8935
1978,2,1,2,295,3.7172
1978,2,1,3,195,2.7636
1978,2,1,4,261,3.1384
1978,2,1,5,662,3.4515
1978,2,2,1,95,2.1393
1978,2,2,2,111,1.5347
1978,2,2,3,100,3.1921
1978,2,2,4,107,1.8366
1978,2,2,5,148,0.6935
1978,2,3,1,97,-0.8108
1978,2,3,2,139,-1.0696
1978,2,3,3,172,-1.5985
1978,2,3,4,171,-2.1396
1978,2,3,5,106,-1.8872
1978,3,1,1,497,9.0619
1978,3,1,2,293,7.0899
1978,3,1,3,195,7.1356
1978,3,1,4,261,8.5524
1978,3,1,5,656,7.5173
1978,3,2,1,95,9.2679
1978,3,2,2,111,5.0330
1978,3,2,3,100,6.3613
1978,3,2,4,107,5.1582
1978,3,2,5,148,5.6995
1978,3,3,1,97,5.1218
1978,3,3,2,139,1.3642
1978,3,3,3,172,2.5934
1978,3,3,4,171,3.1318
1978,3,3,5,106,4.5319
1978,4,1,1,492,8.3054
1978,4,1,2,291,7.4582
1978,4,1,3,195,6.9315
1978,4,1,4,260,8.8095
1978,4,1,5,650,8.8051
1978,4,2,1,95,8.0871
1978,4,2,2,111,7.6114
1978,4,2,3,100,6.4760
1978,4,2,4,106,9.2299
1978,4,2,5,148,7.8286
1978,4,3,1,97,9.2989
1978,4,3,2,139,6.9932
1978,4,3,3,172,8.0511
1978,4,3,4,171,10.6119
1978,4,3,5,106,8.6994
1978,5,1,1,494,9.0044
1978,5,1,2,289,5.2779
1978,5,1,3,195,7.5088
1978,5,1,4,259,8.0539
1978,5,1,5,647,8.0113
1978,5,2,1,93,6.7994
1978,5,2,2,109,4.5830
1978,5,2,3,99,6.8279
1978,5,2,4,106,6.9764
1978,5,2,5,146,6.4106
1978,5,3,1,96,3.5994
1978,5,3,2,139,0.5192
1978,5,3,3,172,0.2051
1978,5,3,4,171,3.5837
1978,5,3,5,106,3.4062
1978,6,1,1,493,-0.2777
1978,6,1,2,287,1.1914
1978,6,1,3,193,-0.3240
1978,6,1,4,256,-0.0286
1978,6,1,5,642,0.8255
1978,6,2,1,94,0.2469
1978,6,2,2,109,0.4338
1978,6,2,3,97,0.8085
1978,6,2,4,106,-1.5930
1978,6,2,5,145,-0.9606
1978,6,3,1,95,-0.6717
1978,6,3,2,138,-1.9357
1978,6,3,3,171,-1.8754
1978,6,3,4,171,-0.9241
1978,6,3,5,105,-1.1392
1978,7,1,1,522,5.9180
1978,7,1,2,247,5.7405
1978,7,1,3,212,3.8363
1978,7,1,4,293,5.4962
1978,7,1,5,624,5.5314
1978,7,2,1,115,9.1943
1978,7,2,2,94,4.3819
1978,7,2,3,112,6.1224
1978,7,2,4,134,6.0817
1978,7,2,5,149,6.7373
1978,7,3,1,119,4.8335
1978,7,3,2,162,5.8901
1978,7,3,3,168,5.5011
1978,7,3,4,144,6.3623
1978,7,3,5,91,5.9751
1978,8,1,1,518,9.1635
1978,8,1,2,244,8.7001
1978,8,1,3,210,8.7307
1978,8,1,4,292,7.8730
1978,8,1,5,616,9.8614
1978,8,2,1,114,6.3846
1978,8,2,2,94,6.4532
1978,8,2,3,112,7.3151
1978,8,2,4,132,8.5256
1978,8,2,5,149,11.4581
1978,8,3,1,119,3.1094
1978,8,3,2,162,4.1351
1978,8,3,3,168,4.1568
1978,8,3,4,144,2.1017
1978,8,3,5,90,4.1982
1978,9,1,1,515,0.7760
1978,9,1,2,241,-0.1681
1978,9,1,3,210,-0.2922
1978,9,1,4,289,-0.9973
1978,9,1,5,613,-1.1655
1978,9,2,1,113,-1.6798
1978,9,2,2,93,-0.4015
1978,9,2,3,111,-1.1475
1978,9,2,4,132,-2.2262
1978,9,2,5,147,-2.2190
1978,9,3,1,117,0.7992
1978,9,3,2,162,-0.1813
1978,9,3,3,164,-1.0704
1978,9,3,4,144,-2.5328
1978,9,3,5,90,-1.7916
1978,10,1,1,512,-24.4496
1978,10,1,2,242,-20.6190
1978,10,1,3,206,-19.3853
1978,10,1,4,289,-23.1228
1978,10,1,5,610,-25.0114
1978,10,2,1,111,-22.3519
1978,10,2,2,93,-17.9584
1978,10,2,3,111,-19.7330
1978,10,2,4,132,-18.8124
1978,10,2,5,147,-22.0231
1978,10,3,1,118,-10.2497
1978,10,3,2,161,-8.4738
1978,10,3,3,165,-9.5183
1978,10,3,4,144,-10.0114
1978,10,3,5,90,-12.2603
1978,11,1,1,509,7.3983
1978,11,1,2,239,4.7124
1978,11,1,3,207,4.2823
1978,11,1,4,288,7.4776
1978,11,1,5,610,7.7264
1978,11,2,1,110,8.7686
1978,11,2,2,92,5.5683
1978,11,2,3,111,7.8901
1978,11,2,4,131,5.2853
1978,11,2,5,146,8.6091
1978,11,3,1,118,4.8689
1978,11,3,2,161,2.4020
1978,11,3,3,165,2.0416
1978,11,3,4,143,2.9670
1978,11,3,5,90,5.0198
1978,12,1,1,507,1.5005
1978,12,1,2,236,2.4952
1978,12,1,3,207,2.4309
1978,12,1,4,286,1.1745
1978,12,1,5,605,1.5942
1978,12,2,1,110,3.5991
1978,12,2,2,92,1.4094
1978,12,2,3,111,1.6532
1978,12,2,4,130,2.9746
1978,12,2,5,146,2.2698
1978,12,3,1,117,0.6363
1978,12,3,2,160,2.5704
1978,12,3,3,164,0.4871
1978,12,3,4,143,2.2798
1978,12,3,5,90,1.2477
1979,1,1,1,499,10.2412
1979,1,1,2,235,8.9998
1979,1,1,3,207,10.2991
1979,1,1,4,284,10.4481
1979,1,1,5,605,10.4817
1979,1,2,1,110,8.3226
1979,1,2,2,91,8.9472
1979,1,2,3,110,8.4502
1979,1,2,4,130,7.2021
1979,1,2,5,145,6.9791
1979,1,3,1,117,4.6890
1979,1,3,2,160,5.1234
1979,1,3,3,164,4.1517
1979,1,3,4,143,2.3906
1979,1,3,5,90,6.8120
1979,2,1,1,493,-2.3722
1979,2,1,2,232,-1.8167
1979,2,1,3,205,-1.4158
1979,2,1,4,283,-2.2295
1979,2,1,5,602,-3.6628
1979,2,2,1,108,-2.1337
1979,2,2,2,91,-1.0961
1979,2,2,3,109,-3.1790
1979,2,2,4,129,-2.9004
1979,2,2,5,141,-3.5127
1979,2,3,1,116,-2.5511
1979,2,3,2,159,-1.9410
1979,2,3,3,164,-2.8495
1979,2,3,4,142,-4.6029
1979,2,3,5,90,-4.1022
1979,3,1,1,489,9.9116
1979,3,1,2,231,7.4959
1979,3,1,3,204,8.4020
1979,3,1,4,282,7.6778
1979,3,1,5,599,9.7978
1979,3,2,1,108,11.6611
1979,3,2,2,90,7.8690
1979,3,2,3,108,10.3095
1979,3,2,4,128,10.2895
1979,3,2,5,138,10.6170
1979,3,3,1,115,5.8724
1979,3,3,2,158,6.0812
1979,3,3,3,162,5.8530
1979,3,3,4,142,4.6026
1979,3,3,5,90,6.9210
1979,4,1,1,486,2.8892
1979,4,1,2,231,4.3243
1979,4,1,3,203,2.6598
1979,4,1,4,279,3.4319
1979,4,1,5,598,2.1586
1979,4,2,1,107,2.0493
1979,4,2,2,89,1.2278
1979,4,2,3,108,3.1146
1979,4,2,4,128,3.1675
1979,4,2,5,138,1.3730
1979,4,3,1,115,-0.5098
1979,4,3,2,158,0.2665
1979,4,3,3,163,0.3152
1979,4,3,4,142,0.8225
1979,4,3,5,90,1.2151
1979,5,1,1,487,-1.7795
1979,5,1,2,231,-1.7081
1979,5,1,3,203,-0.6431
1979,5,1,4,277,-0.4657
1979,5,1,5,590,-1.3949
1979,5,2,1,104,0.4745
1979,5,2,2,89,-0.4833
1979,5,2,3,108,-0.6472
1979,5,2,4,128,-2.8694
1979,5,2,5,137,-2.4664
1979,5,3,1,115,-1.0954
1979,5,3,2,158,-1.9347
1979,5,3,3,163,-1.6991
1979,5,3,4,142,-1.8016
1979,5,3,5,90,-1.8894
1979,6,1,1,484,7.2516
1979,6,1,2,231,5.4693
1979,6,1,3,202,4.7108
1979,6,1,4,275,4.3848
1979,6,1,5,587,3.9957
1979,6,2,1,103,5.6179
1979,6,2,2,89,8.4236
1979,6,2,3,107,2.9779
1979,6,2,4,128,4.7296
1979,6,2,5,137,5.5759
1979,6,3,1,115,4.2676
1979,6,3,2,158,3.2953
1979,6,3,3,163,4.7432
1979,6,3,4,141,3.4956
1979,6,3,5,89,5.1890
1979,7,1,1,429,2.2024
1979,7,1,2,229,2.8729
1979,7,1,3,233,2.1476
1979,7,1,4,306,3.3773
1979,7,1,5,615,2.3931
1979,7,2,1,104,3.6368
1979,7,2,2,93,3.3193
1979,7,2,3,122,3.0851
1979,7,2,4,131,3.1749
1979,7,2,5,140,2.6515
1979,7,3,1,128,1.8260
1979,7,3,2,157,1.8754
1979,7,3,3,164,-0.0528
1979,7,3,4,142,1.5102
1979,7,3,5,83,0.8370
1979,8,1,1,425,8.2419
1979,8,1,2,228,7.3984
1979,8,1,3,233,6.9629
1979,8,1,4,304,8.0305
1979,8,1,5,611,8.6308
1979,8,2,1,103,7.2562
1979,8,2,2,91,8.6223
1979,8,2,3,119,8.4868
1979,8,2,4,129,8.6700
1979,8,2,5,140,8.8434
1979,8,3,1,127,5.8057
1979,8,3,2,157,5.9407
1979,8,3,3,164,5.5390
1979,8,3,4,142,7.5615
1979,8,3,5,82,7.9602
1979,9,1,1,419,0.4546
1979,9,1,2,223,-0.6099
1979,9,1,3,231,0.8225
1979,9,1,4,304,-0.5792
1979,9,1,5,608,-1.7292
1979,9,2,1,103,0.3244
1979,9,2,2,91,-0.9201
1979,9,2,3,118,-0.6419
1979,9,2,4,129,-0.2504
1979,9,2,5,140,2.0703
1979,9,3,1,126,1.5283
1979,9,3,2,157,1.7715
1979,9,3,3,163,-2.1661
1979,9,3,4,142,-1.0819
1979,9,3,5,82,-0.0315
1979,10,1,1,416,-10.3539
1979,10,1,2,224,-10.2949
1979,10,1,3,230,-9.4834
1979,10,1,4,303,-11.0574
1979,10,1,5,600,-10.9227
1979,10,2,1,103,-11.5863
1979,10,2,2,90,-11.0622
1979,10,2,3,118,-8.7931
1979,10,2,4,129,-9.6755
1979,10,2,5,138,-9.3081
1979,10,3,1,126,-4.5497
1979,10,3,2,156,-6.1011
1979,10,3,3,163,-7.4465
1979,10,3,4,141,-7.0772
1979,10,3,5,82,-8.2447
1979,11,1,1,413,8.9509
1979,11,1,2,223,7.5767
1979,11,1,3,230,5.8879
1979,11,1,4,303,6.8890
1979,11,1,5,600,8.9504
1979,11,2,1,103,10.8087
1979,11,2,2,90,8.7173
1979,11,2,3,118,7.5004
1979,11,2,4,129,7.5974
1979,11,2,5,139,10.8710
1979,11,3,1,126,6.3656
1979,11,3,2,156,4.6731
1979,11,3,3,163,4.9405
1979,11,3,4,141,6.3326
1979,11,3,5,82,7.7115
1979,12,1,1,413,7.4389
1979,12,1,2,222,6.3311
1979,12,1,3,226,9.8613
1979,12,1,4,302,8.2729
1979,12,1,5,595,7.2630
1979,12,2,1,103,8.3173
1979,12,2,2,90,6.8827
1979,12,2,3,118,4.9858
1979,12,2,4,128,5.4302
1979,12,2,5,138,5.7376
1979,12,3,1,125,2.0452
1979,12,3,2,155,1.5783
1979,12,3,3,163,2.1191
1979,12,3,4,141,2.7060
1979,12,3,5,82,3.0660
1980,1,1,1,409,11.5234
1980,1,1,2,217,8.4185
1980,1,1,3,226,10.6671
1980,1,1,4,299,9.6871
1980,1,1,5,593,12.4464
1980,1,2,1,102,7.2196
1980,1,2,2,88,8.3470
1980,1,2,3,117,6.7675
1980,1,2,4,127,6.2114
1980,1,2,5,138,8.3240
1980,1,3,1,125,10.1432
1980,1,3,2,155,7.4207
1980,1,3,3,162,4.4840
1980,1,3,4,140,1.9950
1980,1,3,5,82,5.0122
1980,2,1,1,405,-0.1350
1980,2,1,2,215,-1.5664
1980,2,1,3,223,-0.4735
1980,2,1,4,294,-3.0396
1980,2,1,5,586,-0.6165
1980,2,2,1,102,1.8035
1980,2,2,2,88,-2.3648
1980,2,2,3,116,-1.4539
1980,2,2,4,127,-3.1102
1980,2,2,5,136,-2.5440
1980,2,3,1,123,4.2280
1980,2,3,2,152,2.9207
1980,2,3,3,162,-3.8773
1980,2,3,4,140,-3.4126
1980,2,3,5,82,-3.8194
1980,3,1,1,403,-20.2840
1980,3,1,2,213,-16.6441
1980,3,1,3,221,-19.7382
1980,3,1,4,294,-17.5109
1980,3,1,5,584,-19.6348
1980,3,2,1,102,-19.5446
1980,3,2,2,88,-18.8441
1980,3,2,3,114,-16.8393
1980,3,2,4,127,-15.3446
1980,3,2,5,135,-18.4146
1980,3,3,1,123,-13.0168
1980,3,3,2,152,-11.9401
1980,3,3,3,162,-9.0894
1980,3,3,4,140,-6.7766
1980,3,3,5,81,-10.0759
1980,4,1,1,398,6.4809
1980,4,1,2,212,5.2531
1980,4,1,3,219,6.3461
1980,4,1,4,290,5.6629
1980,4,1,5,584,7.0498
1980,4,2,1,102,6.5938
1980,4,2,2,88,8.0305
1980,4,2,3,114,5.5342
1980,4,2,4,127,3.8801
1980,4,2,5,135,5.2921
1980,4,3,1,123,5.2738
1980,4,3,2,152,6.7473
1980,4,3,3,162,2.6866
1980,4,3,4,139,4.2348
1980,4,3,5,80,3.6084
1980,5,1,1,396,6.7629
1980,5,1,2,213,7.5478
1980,5,1,3,219,6.1788
1980,5,1,4,291,6.6445
1980,5,1,5,582,6.4100
1980,5,2,1,101,8.4155
1980,5,2,2,87,8.4314
1980,5,2,3,112,6.9325
1980,5,2,4,126,9.8054
1980,5,2,5,135,7.7842
1980,5,3,1,123,3.7718
1980,5,3,2,152,5.1992
1980,5,3,3,162,6.6273
1980,5,3,4,139,7.1480
1980,5,3,5,81,6.7430
1980,6,1,1,393,4.6232
1980,6,1,2,209,5.7108
1980,6,1,3,218,4.0336
1980,6,1,4,291,4.6180
1980,6,1,5,580,3.3046
1980,6,2,1,101,5.5948
1980,6,2,2,87,3.8931
1980,6,2,3,112,4.9403
1980,6,2,4,126,2.4939
1980,6,2,5,133,4.9146
1980,6,3,1,123,3.4221
1980,6,3,2,152,2.9372
1980,6,3,3,162,3.5785
1980,6,3,4,139,1.8297
1980,6,3,5,80,2.7715
1980,7,1,1,489,9.4545
1980,7,1,2,203,9.5078
1980,7,1,3,206,8.3881
1980,7,1,4,278,10.1444
1980,7,1,5,540,13.9183
1980,7,2,1,123,10.7073
1980,7,2,2,102,7.1228
1980,7,2,3,108,11.0592
1980,7,2,4,149,11.2318
1980,7,2,5,154,12.9413
1980,7,3,1,107,4.4134
1980,7,3,2,154,6.5048
1980,7,3,3,172,6.3547
1980,7,3,4,149,8.6679
1980,7,3,5,87,13.7387
1980,8,1,1,488,6.5469
1980,8,1,2,203,8.0160
1980,8,1,3,206,8.0465
1980,8,1,4,277,8.7526
1980,8,1,5,538,10.3133
1980,8,2,1,120,6.4208
1980,8,2,2,102,5.1648
1980,8,2,3,108,4.2929
1980,8,2,4,149,5.7030
1980,8,2,5,153,6.3384
1980,8,3,1,107,4.3738
1980,8,3,2,154,1.2885
1980,8,3,3,172,0.7519
1980,8,3,4,149,0.5957
1980,8,3,5,87,3.6420
1980,9,1,1,488,3.1856
1980,9,1,2,201,2.6217
1980,9,1,3,205,3.5500
1980,9,1,4,277,2.3029
1980,9,1,5,534,4.3765
1980,9,2,1,121,3.0909
1980,9,2,2,102,1.1118
1980,9,2,3,107,3.7622
1980,9,2,4,146,4.7954
1980,9,2,5,154,4.3272
1980,9,3,1,106,3.5038
1980,9,3,2,154,2.4974
1980,9,3,3,172,2.5447
1980,9,3,4,149,2.8859
1980,9,3,5,87,4.5133
1980,10,1,1,484,4.3494
1980,10,1,2,199,4.3376
1980,10,1,3,201,2.1180
1980,10,1,4,273,4.8608
1980,10,1,5,533,6.7678
1980,10,2,1,120,5.3393
1980,10,2,2,102,3.9132
1980,10,2,3,104,2.8158
1980,10,2,4,145,2.2523
1980,10,2,5,153,4.6510
1980,10,3,1,106,-0.0039
1980,10,3,2,154,2.8286
1980,10,3,3,172,3.5064
1980,10,3,4,147,0.7356
1980,10,3,5,87,2.8073
1980,11,1,1,483,7.0391
1980,11,1,2,199,5.6958
1980,11,1,3,201,3.7322
1980,11,1,4,272,6.6373
1980,11,1,5,532,9.1044
1980,11,2,1,118,10.7551
1980,11,2,2,102,7.2274
1980,11,2,3,104,5.6066
1980,11,2,4,145,4.8366
1980,11,2,5,153,11.4468
1980,11,3,1,105,10.8678
1980,11,3,2,154,12.3826
1980,11,3,3,172,11.7521
1980,11,3,4,147,10.2599
1980,11,3,5,86,14.2957
1980,12,1,1,478,-5.1421
1980,12,1,2,198,-4.5572
1980,12,1,3,199,-4.2483
1980,12,1,4,271,-4.8120
1980,12,1,5,528,-5.1092
1980,12,2,1,118,-3.7282
1980,12,2,2,100,-3.8381
1980,12,2,3,104,-2.7395
1980,12,2,4,145,-1.4088
1980,12,2,5,151,-5.3802
1980,12,3,1,104,-3.5320
1980,12,3,2,154,-4.7742
1980,12,3,3,172,-5.2888
1980,12,3,4,147,-0.5385
1980,12,3,5,86,-2.7721
1981,1,1,1,475,0.0705
1981,1,1,2,197,1.1913
1981,1,1,3,200,1.4225
1981,1,1,4,269,-0.0228
1981,1,1,5,525,-1.6855
1981,1,2,1,118,-1.1227
1981,1,2,2,100,-0.2155
1981,1,2,3,102,1.2427
1981,1,2,4,144,0.3028
1981,1,2,5,152,-4.2018
1981,1,3,1,102,-3.5657
1981,1,3,2,154,-4.9496
1981,1,3,3,172,-4.0148
1981,1,3,4,147,-4.2954
1981,1,3,5,86,-8.1262
1981,2,1,1,464,0.5398
1981,2,1,2,197,-0.0535
1981,2,1,3,198,0.7815
1981,2,1,4,264,0.9242
1981,2,1,5,526,-1.0760
1981,2,2,1,117,3.0544
1981,2,2,2,100,2.9755
1981,2,2,3,104,1.9096
1981,2,2,4,143,1.7200
1981,2,2,5,151,-0.5644
1981,2,3,1,102,2.7591
1981,2,3,2,154,1.8890
1981,2,3,3,172,1.1963
1981,2,3,4,147,3.1103
1981,2,3,5,85,0.6645
1981,3,1,1,459,6.8387
1981,3,1,2,196,7.6703
1981,3,1,3,194,6.9703
1981,3,1,4,262,8.7208
1981,3,1,5,524,10.3384
1981,3,2,1,116,4.9638
1981,3,2,2,98,7.7495
1981,3,2,3,104,7.4827
1981,3,2,4,141,7.9147
1981,3,2,5,151,8.7308
1981,3,3,1,102,2.2280
1981,3,3,2,154,4.1351
1981,3,3,3,171,3.2806
1981,3,3,4,147,5.2154
1981,3,3,5,84,7.0170
1981,4,1,1,458,3.2798
1981,4,1,2,195,5.5642
1981,4,1,3,195,3.7380
1981,4,1,4,260,3.8006
1981,4,1,5,521,4.5731
1981,4,2,1,114,0.0148
1981,4,2,2,97,0.3201
1981,4,2,3,103,3.5070
1981,4,2,4,140,2.8032
1981,4,2,5,150,2.4974
1981,4,3,1,101,-1.8438
1981,4,3,2,153,-5.0770
1981,4,3,3,170,-1.0732
1981,4,3,4,147,0.3503
1981,4,3,5,85,-1.7894
1981,5,1,1,454,3.5925
1981,5,1,2,195,3.3583
1981,5,1,3,194,3.2271
1981,5,1,4,259,4.7594
1981,5,1,5,518,5.0799
1981,5,2,1,114,3.5382
1981,5,2,2,97,4.1802
1981,5,2,3,103,3.8259
1981,5,2,4,138,2.2857
1981,5,2,5,150,3.6114
1981,5,3,1,100,2.1412
1981,5,3,2,153,-0.0749
1981,5,3,3,169,-1.5531
1981,5,3,4,147,0.8157
1981,5,3,5,84,2.2171
1981,6,1,1,452,-0.1815
1981,6,1,2,193,0.5534
1981,6,1,3,193,1.1978
1981,6,1,4,258,-0.4358
1981,6,1,5,518,-4.2527
1981,6,2,1,114,-4.1064
1981,6,2,2,97,-2.1251
1981,6,2,3,103,-1.0055
1981,6,2,4,135,-1.3521
1981,6,2,5,148,-5.0535
1981,6,3,1,100,-1.4169
1981,6,3,2,152,1.0786
1981,6,3,3,169,1.6383
1981,6,3,4,146,-3.7423
1981,6,3,5,84,-5.2771
1981,7,1,1,525,-1.9341
1981,7,1,2,286,-2.5081
1981,7,1,3,246,-2.7093
1981,7,1,4,253,-2.0269
1981,7,1,5,505,-4.4216
1981,7,2,1,126,-0.1144
1981,7,2,2,102,-1.2335
1981,7,2,3,105,-2.3349
1981,7,2,4,111,-2.5549
1981,7,2,5,165,-2.8124
1981,7,3,1,83,-2.2899
1981,7,3,2,142,2.1265
1981,7,3,3,155,0.9591
1981,7,3,4,171,0.6642
1981,7,3,5,111,-0.9398
1981,8,1,1,520,-7.1304
1981,8,1,2,283,-8.4827
1981,8,1,3,246,-6.5015
1981,8,1,4,253,-8.8248
1981,8,1,5,503,-10.3757
1981,8,2,1,126,-9.7924
1981,8,2,2,100,-4.9756
1981,8,2,3,104,-5.3814
1981,8,2,4,111,-5.4268
1981,8,2,5,164,-9.2417
1981,8,3,1,83,-5.7917
1981,8,3,2,142,-4.6447
1981,8,3,3,154,-5.1189
1981,8,3,4,170,-5.4995
1981,8,3,5,111,-8.0107
1981,9,1,1,517,-8.7766
1981,9,1,2,281,-8.6596
1981,9,1,3,244,-9.6852
1981,9,1,4,250,-8.5933
1981,9,1,5,498,-9.2186
1981,9,2,1,125,-11.1103
1981,9,2,2,100,-6.2231
1981,9,2,3,104,-5.3328
1981,9,2,4,111,-7.0179
1981,9,2,5,165,-8.2280
1981,9,3,1,81,-6.7790
1981,9,3,2,142,-6.1117
1981,9,3,3,152,-5.7473
1981,9,3,4,169,-5.1206
1981,9,3,5,111,-5.5108
1981,10,1,1,510,8.2289
1981,10,1,2,277,7.0039
1981,10,1,3,240,8.2378
1981,10,1,4,245,9.1385
1981,10,1,5,494,8.4884
1981,10,2,1,125,7.2589
1981,10,2,2,100,6.7328
1981,10,2,3,104,6.4207
1981,10,2,4,109,7.8096
1981,10,2,5,165,8.0862
1981,10,3,1,82,0.1700
1981,10,3,2,141,8.6589
1981,10,3,3,152,3.6800
1981,10,3,4,168,5.8953
1981,10,3,5,111,7.0973
1981,11,1,1,507,2.6214
1981,11,1,2,278,2.4034
1981,11,1,3,240,1.7690
1981,11,1,4,245,1.8383
1981,11,1,5,498,0.4868
1981,11,2,1,125,2.9605
1981,11,2,2,100,5.0453
1981,11,2,3,103,3.5691
1981,11,2,4,108,3.4289
1981,11,2,5,164,1.1279
1981,11,3,1,81,3.9277
1981,11,3,2,140,4.6655
1981,11,3,3,152,5.2480
1981,11,3,4,167,4.2911
1981,11,3,5,111,3.4944
1981,12,1,1,506,-0.9332
1981,12,1,2,276,-2.4920
1981,12,1,3,239,-2.7608
1981,12,1,4,244,-1.3833
1981,12,1,5,494,-1.7916
1981,12,2,1,125,-2.7026
1981,12,2,2,100,-1.4473
1981,12,2,3,101,-1.0713
1981,12,2,4,108,-1.2070
1981,12,2,5,164,-0.8158
1981,12,3,1,81,-1.2294
1981,12,3,2,140,-3.3417
1981,12,3,3,152,-2.6927
1981,12,3,4,167,-2.3956
1981,12,3,5,111,-3.1235
1982,1,1,1,506,-1.2920
1982,1,1,2,273,-1.5995
1982,1,1,3,237,-1.4182
1982,1,1,4,243,-1.2405
1982,1,1,5,488,-1.8939
1982,1,2,1,124,-5.1415
1982,1,2,2,100,-2.9449
1982,1,2,3,101,-2.8834
1982,1,2,4,107,-4.2267
1982,1,2,5,163,-5.0713
1982,1,3,1,80,-4.4907
1982,1,3,2,140,-2.6303
1982,1,3,3,152,-1.4368
1982,1,3,4,166,-2.0042
1982,1,3,5,111,-1.1314
1982,2,1,1,501,-2.8184
1982,2,1,2,270,-3.3640
1982,2,1,3,237,-2.8768
1982,2,1,4,243,-4.5561
1982,2,1,5,489,-5.0255
1982,2,2,1,123,-5.5996
1982,2,2,2,100,-4.1020
1982,2,2,3,101,-3.8819
1982,2,2,4,107,-4.5027
1982,2,2,5,164,-5.2479
1982,2,3,1,80,-4.5573
1982,2,3,2,139,-6.0258
1982,2,3,3,152,-4.2056
1982,2,3,4,165,-4.3916
1982,2,3,5,111,-7.3766
1982,3,1,1,495,-0.9631
1982,3,1,2,269,-0.0926
1982,3,1,3,234,-0.0727
1982,3,1,4,240,-2.2491
1982,3,1,5,489,-0.9569
1982,3,2,1,123,-0.6888
1982,3,2,2,99,0.4915
1982,3,2,3,100,2.0579
1982,3,2,4,107,-0.9817
1982,3,2,5,164,-1.8631
1982,3,3,1,80,2.7068
1982,3,3,2,139,-0.0289
1982,3,3,3,152,-0.9043
1982,3,3,4,165,-0.3526
1982,3,3,5,111,-3.8948
1982,4,1,1,492,4.9531
1982,4,1,2,263,6.5618
1982,4,1,3,234,4.9808
1982,4,1,4,238,7.3299
1982,4,1,5,486,6.2122
1982,4,2,1,120,4.8579
1982,4,2,2,99,6.4777
1982,4,2,3,99,6.2422
1982,4,2,4,106,5.8568
1982,4,2,5,164,5.0867
1982,4,3,1,80,4.8015
1982,4,3,2,138,3.5451
1982,4,3,3,152,4.7714
1982,4,3,4,164,3.5972
1982,4,3,5,110,6.6409
1982,5,1,1,488,-1.1201
1982,5,1,2,261,-0.8311
1982,5,1,3,232,-1.2445
1982,5,1,4,237,-1.3791
1982,5,1,5,481,-2.5092
1982,5,2,1,121,-4.4521
1982,5,2,2,99,-1.4960
1982,5,2,3,99,-1.8317
1982,5,2,4,106,-1.9681
1982,5,2,5,162,-4.6139
1982,5,3,1,80,-2.4921
1982,5,3,2,137,-2.2287
1982,5,3,3,152,-1.9440
1982,5,3,4,163,-2.1761
1982,5,3,5,109,-4.8669
1982,6,1,1,485,-1.6724
1982,6,1,2,257,-2.3180
1982,6,1,3,230,-2.5287
1982,6,1,4,233,-2.6949
1982,6,1,5,479,-2.4276
1982,6,2,1,121,-2.2573
1982,6,2,2,98,0.0381
1982,6,2,3,99,-0.4497
1982,6,2,4,106,-3.2007
1982,6,2,5,162,-2.0519
1982,6,3,1,80,0.0696
1982,6,3,2,136,-3.7686
1982,6,3,3,152,-1.0191
1982,6,3,4,163,-0.8394
1982,6,3,5,110,-3.6717
1982,7,1,1,475,-1.2000
1982,7,1,2,285,-0.1515
1982,7,1,3,211,-1.7110
1982,7,1,4,253,-3.0961
1982,7,1,5,638,-1.2713
1982,7,2,1,104,-2.4631
1982,7,2,2,91,-0.3663
1982,7,2,3,97,-1.7177
1982,7,2,4,110,-1.5317
1982,7,2,5,175,-1.0248
1982,7,3,1,91,-2.3578
1982,7,3,2,141,-0.5814
1982,7,3,3,168,-2.0225
1982,7,3,4,146,-3.2346
1982,7,3,5,101,-4.3845
1982,8,1,1,469,6.2030
1982,8,1,2,282,5.4884
1982,8,1,3,210,4.4126
1982,8,1,4,249,7.0165
1982,8,1,5,633,5.7183
1982,8,2,1,103,10.2366
1982,8,2,2,90,10.4464
1982,8,2,3,97,8.3993
1982,8,2,4,109,10.6052
1982,8,2,5,174,9.0745
1982,8,3,1,88,14.0342
1982,8,3,2,141,11.9942
1982,8,3,3,168,11.8583
1982,8,3,4,146,12.4521
1982,8,3,5,100,14.2584
1982,9,1,1,471,3.2829
1982,9,1,2,281,4.2490
1982,9,1,3,210,3.2589
1982,9,1,4,250,3.5045
1982,9,1,5,632,2.8591
1982,9,2,1,103,3.2040
1982,9,2,2,90,2.1644
1982,9,2,3,96,2.7866
1982,9,2,4,109,3.2468
1982,9,2,5,173,3.5994
1982,9,3,1,89,0.0762
1982,9,3,2,140,1.1825
1982,9,3,3,167,2.1823
1982,9,3,4,146,0.3956
1982,9,3,5,100,-0.1469
1982,10,1,1,466,13.3762
1982,10,1,2,276,11.4378
1982,10,1,3,205,9.7391
1982,10,1,4,249,15.3383
1982,10,1,5,630,14.4840
1982,10,2,1,99,13.7062
1982,10,2,2,88,9.6371
1982,10,2,3,96,11.8485
1982,10,2,4,109,12.3327
1982,10,2,5,173,14.6624
1982,10,3,1,89,14.2019
1982,10,3,2,140,9.1455
1982,10,3,3,167,9.6433
1982,10,3,4,145,10.3040
1982,10,3,5,100,15.0149
1982,11,1,1,462,8.7061
1982,11,1,2,275,8.8426
1982,11,1,3,204,8.4019
1982,11,1,4,246,9.2507
1982,11,1,5,629,10.9045
1982,11,2,1,97,6.9929
1982,11,2,2,88,9.0931
1982,11,2,3,96,7.5425
1982,11,2,4,107,7.5945
1982,11,2,5,173,9.8539
1982,11,3,1,89,4.1305
1982,11,3,2,140,4.8974
1982,11,3,3,166,2.6744
1982,11,3,4,145,3.8215
1982,11,3,5,100,7.1476
1982,12,1,1,460,2.3177
1982,12,1,2,276,2.3357
1982,12,1,3,204,0.8611
1982,12,1,4,244,3.2109
1982,12,1,5,621,2.1247
1982,12,2,1,97,1.3139
1982,12,2,2,88,1.4613
1982,12,2,3,96,0.9752
1982,12,2,4,107,2.0343
1982,12,2,5,171,1.2865
1982,12,3,1,89,2.2334
1982,12,3,2,139,2.5886
1982,12,3,3,166,2.2102
1982,12,3,4,145,1.6104
1982,12,3,5,100,-1.3566
1983,1,1,1,459,10.0527
1983,1,1,2,275,6.8446
1983,1,1,3,204,8.4675
1983,1,1,4,243,7.3863
1983,1,1,5,617,11.6977
1983,1,2,1,96,5.4333
1983,1,2,2,88,5.4964
1983,1,2,3,96,4.1790
1983,1,2,4,106,7.0424
1983,1,2,5,170,8.5047
1983,1,3,1,87,3.6744
1983,1,3,2,139,5.8108
1983,1,3,3,166,3.4006
1983,1,3,4,145,2.5138
1983,1,3,5,100,4.6359
1983,2,1,1,452,7.3832
1983,2,1,2,271,6.6625
1983,2,1,3,203,5.2029
1983,2,1,4,241,5.6331
1983,2,1,5,608,5.0234
1983,2,2,1,96,6.4762
1983,2,2,2,87,4.7333
1983,2,2,3,94,4.8970
1983,2,2,4,106,6.8570
1983,2,2,5,169,4.9839
1983,2,3,1,87,2.3052
1983,2,3,2,138,1.5947
1983,2,3,3,166,3.4980
1983,2,3,4,144,3.4681
1983,2,3,5,100,1.9849
1983,3,1,1,447,5.6214
1983,3,1,2,268,6.7247
1983,3,1,3,202,5.7675
1983,3,1,4,239,4.9093
1983,3,1,5,606,4.9173
1983,3,2,1,96,6.4977
1983,3,2,2,87,5.0468
1983,3,2,3,94,3.7380
1983,3,2,4,106,4.6391
1983,3,2,5,167,2.3925
1983,3,3,1,87,2.4692
1983,3,3,2,137,2.4087
1983,3,3,3,166,4.0286
1983,3,3,4,144,2.1559
1983,3,3,5,100,2.8107
1983,4,1,1,445,8.0321
1983,4,1,2,265,6.7410
1983,4,1,3,203,7.4797
1983,4,1,4,237,6.4014
1983,4,1,5,602,7.7347
1983,4,2,1,96,8.0924
1983,4,2,2,86,6.0705
1983,4,2,3,94,5.9695
1983,4,2,4,106,6.6123
1983,4,2,5,167,6.6909
1983,4,3,1,86,9.7498
1983,4,3,2,137,7.9063
1983,4,3,3,165,6.2390
1983,4,3,4,144,5.5482
1983,4,3,5,100,4.6105
1983,5,1,1,442,9.8642
1983,5,1,2,261,9.9790
1983,5,1,3,200,8.1727
1983,5,1,4,237,11.0384
1983,5,1,5,602,11.1531
1983,5,2,1,96,6.4843
1983,5,2,2,86,6.0623
1983,5,2,3,94,4.8786
1983,5,2,4,106,5.2769
1983,5,2,5,168,4.9532
1983,5,3,1,86,1.1566
1983,5,3,2,137,-1.5916
1983,5,3,3,165,0.8087
1983,5,3,4,144,-0.0728
1983,5,3,5,100,2.1684
1983,6,1,1,438,5.8254
1983,6,1,2,261,4.1009
1983,6,1,3,197,5.4841
1983,6,1,4,236,4.6002
1983,6,1,5,601,3.6355
1983,6,2,1,96,6.9014
1983,6,2,2,86,6.0948
1983,6,2,3,93,6.1080
1983,6,2,4,106,5.2513
1983,6,2,5,167,6.5261
1983,6,3,1,86,5.9824
1983,6,3,2,137,4.2268
1983,6,3,3,164,2.5688
1983,6,3,4,144,4.1982
1983,6,3,5,100,3.8099
1983,7,1,1,452,-0.1948
1983,7,1,2,383,-1.6017
1983,7,1,3,275,-0.6244
1983,7,1,4,265,-2.5294
1983,7,1,5,673,-4.6479
1983,7,2,1,93,-0.6278
1983,7,2,2,100,-0.9919
1983,7,2,3,97,-2.6981
1983,7,2,4,105,-1.7677
1983,7,2,5,198,-5.4231
1983,7,3,1,93,-1.5965
1983,7,3,2,120,-2.1247
1983,7,3,3,141,-3.6874
1983,7,3,4,175,-3.5845
1983,7,3,5,122,-5.2247
1983,8,1,1,450,-2.7899
1983,8,1,2,380,-3.9772
1983,8,1,3,272,-4.0385
1983,8,1,4,263,-2.1520
1983,8,1,5,673,-4.6230
1983,8,2,1,93,-2.7644
1983,8,2,2,100,-1.2665
1983,8,2,3,97,-3.7552
1983,8,2,4,105,-2.3455
1983,8,2,5,198,-4.6998
1983,8,3,1,93,1.6916
1983,8,3,2,120,3.6814
1983,8,3,3,141,2.2631
1983,8,3,4,174,-0.3024
1983,8,3,5,122,-1.3710
1983,9,1,1,447,-0.4175
1983,9,1,2,376,-0.2125
1983,9,1,3,272,1.0597
1983,9,1,4,262,-1.3705
1983,9,1,5,668,-0.7193
1983,9,2,1,91,2.5749
1983,9,2,2,99,1.3911
1983,9,2,3,97,3.2453
1983,9,2,4,104,2.2525
1983,9,2,5,198,3.0873
1983,9,3,1,93,1.7354
1983,9,3,2,120,-0.4992
1983,9,3,3,141,2.7078
1983,9,3,4,173,2.9704
1983,9,3,5,122,1.9182
1983,10,1,1,446,-5.7394
1983,10,1,2,375,-6.5217
1983,10,1,3,268,-4.0385
1983,10,1,4,261,-5.3958
1983,10,1,5,663,-7.8153
1983,10,2,1,90,-5.8087
1983,10,2,2,99,-3.0080
1983,10,2,3,97,-6.8587
1983,10,2,4,104,-3.9123
1983,10,2,5,197,-7.8479
1983,10,3,1,92,0.0523
1983,10,3,2,120,-1.1089
1983,10,3,3,139,-1.6809
1983,10,3,4,173,-1.6650
1983,10,3,5,122,-3.3949
1983,11,1,1,444,3.3333
1983,11,1,2,372,3.9386
1983,11,1,3,265,2.5284
1983,11,1,4,261,3.5070
1983,11,1,5,659,3.5511
1983,11,2,1,90,6.8980
1983,11,2,2,96,4.9608
1983,11,2,3,97,4.5339
1983,11,2,4,104,3.7404
1983,11,2,5,196,6.5579
1983,11,3,1,92,4.1285
1983,11,3,2,120,1.5889
1983,11,3,3,139,1.1416
1983,11,3,4,172,2.3808
1983,11,3,5,122,3.6915
1983,12,1,1,443,-0.8911
1983,12,1,2,370,-1.5477
1983,12,1,3,267,-0.5262
1983,12,1,4,260,-1.8313
1983,12,1,5,654,-2.9637
1983,12,2,1,89,-0.1716
1983,12,2,2,96,-0.4151
1983,12,2,3,97,-1.7928
1983,12,2,4,104,-1.3066
1983,12,2,5,196,-2.4284
1983,12,3,1,92,0.1711
1983,12,3,2,120,0.3653
1983,12,3,3,139,-0.0434
1983,12,3,4,172,-2.2645
1983,12,3,5,122,-2.1368
1984,1,1,1,440,0.5543
1984,1,1,2,369,0.6092
1984,1,1,3,266,-0.3613
1984,1,1,4,258,-0.9441
1984,1,1,5,648,-0.8477
1984,1,2,1,89,-1.1236
1984,1,2,2,95,-1.6107
1984,1,2,3,97,-1.2125
1984,1,2,4,104,-2.0402
1984,1,2,5,196,-5.6005
1984,1,3,1,92,-3.3638
1984,1,3,2,119,2.5333
1984,1,3,3,138,-0.3857
1984,1,3,4,171,-1.7570
1984,1,3,5,121,-4.5436
1984,2,1,1,434,-5.4722
1984,2,1,2,368,-5.8469
1984,2,1,3,264,-4.5629
1984,2,1,4,249,-6.5453
1984,2,1,5,642,-6.7308
1984,2,2,1,89,-4.0560
1984,2,2,2,94,-4.2940
1984,2,2,3,97,-5.0535
1984,2,2,4,104,-4.1233
1984,2,2,5,196,-6.8234
1984,2,3,1,92,-6.3739
1984,2,3,2,119,-0.5818
1984,2,3,3,137,-3.3535
1984,2,3,4,171,-4.9323
1984,2,3,5,121,-3.8528
1984,3,1,1,431,0.2651
1984,3,1,2,363,1.7210
1984,3,1,3,260,0.8319
1984,3,1,4,248,1.5295
1984,3,1,5,637,0.6632
1984,3,2,1,88,1.2224
1984,3,2,2,94,3.3366
1984,3,2,3,97,0.6140
1984,3,2,4,102,0.6644
1984,3,2,5,192,1.2714
1984,3,3,1,92,2.8613
1984,3,3,2,118,2.0628
1984,3,3,3,137,1.5621
1984,3,3,4,171,1.4623
1984,3,3,5,120,-0.2033
1984,4,1,1,431,-0.9276
1984,4,1,2,364,-1.6553
1984,4,1,3,259,-1.1534
1984,4,1,4,248,-2.7577
1984,4,1,5,634,-2.0738
1984,4,2,1,86,1.1580
1984,4,2,2,92,0.6308
1984,4,2,3,97,-0.0420
1984,4,2,4,102,-0.0370
1984,4,2,5,191,0.0665
1984,4,3,1,92,0.2670
1984,4,3,2,118,2.2731
1984,4,3,3,137,0.9035
1984,4,3,4,171,-0.0917
1984,4,3,5,120,0.6930
1984,5,1,1,426,-5.8334
1984,5,1,2,362,-4.2988
1984,5,1,3,258,-4.0252
1984,5,1,4,246,-3.6893
1984,5,1,5,632,-5.0805
1984,5,2,1,84,-5.4929
1984,5,2,2,92,-4.7131
1984,5,2,3,97,-3.6070
1984,5,2,4,101,-4.0670
1984,5,2,5,191,-6.8966
1984,5,3,1,92,-6.8725
1984,5,3,2,117,-5.8896
1984,5,3,3,137,-3.9595
1984,5,3,4,171,-3.2548
1984,5,3,5,120,-4.7460
1984,6,1,1,422,2.3932
1984,6,1,2,358,3.2031
1984,6,1,3,256,1.6934
1984,6,1,4,243,1.9727
1984,6,1,5,627,2.1391
1984,6,2,1,84,1.5948
1984,6,2,2,92,1.8276
1984,6,2,3,96,3.3699
1984,6,2,4,100,4.0342
1984,6,2,5,190,4.0323
1984,6,3,1,92,1.8403
1984,6,3,2,117,0.6950
1984,6,3,3,137,1.7353
1984,6,3,4,171,3.9773
1984,6,3,5,120,5.3488
1984,7,1,1,413,-4.8577
1984,7,1,2,347,-5.6306
1984,7,1,3,282,-3.9655
1984,7,1,4,296,-5.1828
1984,7,1,5,802,-5.3945
1984,7,2,1,97,-7.6749
1984,7,2,2,87,-4.9234
1984,7,2,3,94,-1.8966
1984,7,2,4,106,-3.3277
1984,7,2,5,187,-5.2542
1984,7,3,1,100,-2.8372
1984,7,3,2,130,-4.2123
1984,7,3,3,159,-1.0979
1984,7,3,4,147,0.3647
1984,7,3,5,100,-2.1423
1984,8,1,1,409,9.0939
1984,8,1,2,342,9.3418
1984,8,1,3,280,9.7739
1984,8,1,4,290,10.5042
1984,8,1,5,798,10.5363
1984,8,2,1,97,14.2361
1984,8,2,2,86,9.6775
1984,8,2,3,92,13.3700
1984,8,2,4,106,10.7800
1984,8,2,5,187,14.8714
1984,8,3,1,100,11.1602
1984,8,3,2,128,13.8581
1984,8,3,3,158,9.5871
1984,8,3,4,146,10.2173
1984,8,3,5,100,11.8230
1984,9,1,1,406,0.0241
1984,9,1,2,340,-0.1878
1984,9,1,3,278,0.4854
1984,9,1,4,289,-0.5943
1984,9,1,5,794,-1.9660
1984,9,2,1,96,-1.2728
1984,9,2,2,86,0.0408
1984,9,2,3,93,0.4806
1984,9,2,4,105,0.4253
1984,9,2,5,186,-3.0069
1984,9,3,1,100,-1.1553
1984,9,3,2,127,-1.0135
1984,9,3,3,158,1.3764
1984,9,3,4,146,-0.5867
1984,9,3,5,99,-2.5295
1984,10,1,1,404,-5.2218
1984,10,1,2,338,-3.0748
1984,10,1,3,270,-1.8268
1984,10,1,4,285,-2.0095
1984,10,1,5,781,-2.6493
1984,10,2,1,93,-4.3611
1984,10,2,2,84,-0.8207
1984,10,2,3,93,0.2384
1984,10,2,4,104,0.1523
1984,10,2,5,186,-1.5911
1984,10,3,1,99,-1.7099
1984,10,3,2,127,-1.1158
1984,10,3,3,158,0.9393
1984,10,3,4,145,1.8048
1984,10,3,5,98,0.5121
1984,11,1,1,400,-3.3114
1984,11,1,2,336,-2.8624
1984,11,1,3,266,-2.4222
1984,11,1,4,281,-2.6146
1984,11,1,5,771,-4.6463
1984,11,2,1,92,-0.3786
1984,11,2,2,85,-0.7703
1984,11,2,3,93,-1.8623
1984,11,2,4,104,-0.9337
1984,11,2,5,185,-2.7002
1984,11,3,1,98,-0.6145
1984,11,3,2,126,-1.4905
1984,11,3,3,157,-0.6558
1984,11,3,4,145,-0.7015
1984,11,3,5,98,-2.3569
1984,12,1,1,397,-1.1450
1984,12,1,2,327,0.5148
1984,12,1,3,261,0.9770
1984,12,1,4,280,0.4870
1984,12,1,5,761,0.8970
1984,12,2,1,92,0.2967
1984,12,2,2,84,2.2071
1984,12,2,3,93,3.0498
1984,12,2,4,103,1.5347
1984,12,2,5,185,3.8101
1984,12,3,1,98,1.7042
1984,12,3,2,124,1.7396
1984,12,3,3,155,2.6354
1984,12,3,4,145,2.1911
1984,12,3,5,97,2.1450
1985,1,1,1,397,10.9614
1985,1,1,2,322,10.6821
1985,1,1,3,256,9.3503
1985,1,1,4,279,12.8832
1985,1,1,5,758,13.9814
1985,1,2,1,92,8.7262
1985,1,2,2,83,9.7240
1985,1,2,3,93,10.3865
1985,1,2,4,103,10.9410
1985,1,2,5,185,13.3828
1985,1,3,1,98,7.5965
1985,1,3,2,124,8.0728
1985,1,3,3,155,5.7778
1985,1,3,4,143,8.5805
1985,1,3,5,97,10.8555
1985,2,1,1,395,3.8983
1985,2,1,2,319,5.0165
1985,2,1,3,252,3.5780
1985,2,1,4,276,2.1414
1985,2,1,5,751,3.7451
1985,2,2,1,91,1.7540
1985,2,2,2,82,1.9243
1985,2,2,3,93,1.9041
1985,2,2,4,102,1.6319
1985,2,2,5,184,2.3258
1985,2,3,1,98,1.0975
1985,2,3,2,124,1.9410
1985,2,3,3,154,2.3618
1985,2,3,4,143,0.9974
1985,2,3,5,96,0.7308
1985,3,1,1,390,-1.7903
1985,3,1,2,315,-1.0482
1985,3,1,3,252,-0.3721
1985,3,1,4,273,-1.0916
1985,3,1,5,744,-2.8583
1985,3,2,1,89,-0.4442
1985,3,2,2,82,0.1505
1985,3,2,3,92,0.1871
1985,3,2,4,101,-1.4593
1985,3,2,5,182,-4.5493
1985,3,3,1,98,-0.1827
1985,3,3,2,124,-0.6316
1985,3,3,3,154,0.9965
1985,3,3,4,142,-0.0851
1985,3,3,5,96,-0.2073
1985,4,1,1,388,-2.6470
1985,4,1,2,314,-1.7205
1985,4,1,3,252,0.9111
1985,4,1,4,271,-0.3778
1985,4,1,5,736,-2.2773
1985,4,2,1,89,-1.8272
1985,4,2,2,82,-0.3731
1985,4,2,3,92,-0.5780
1985,4,2,4,101,0.7042
1985,4,2,5,181,-3.7447
1985,4,3,1,98,-1.4787
1985,4,3,2,124,0.5991
1985,4,3,3,154,-0.4090
1985,4,3,4,142,-1.0513
1985,4,3,5,96,-2.3347
1985,5,1,1,385,1.8057
1985,5,1,2,312,1.9196
1985,5,1,3,251,2.5626
1985,5,1,4,272,2.9825
1985,5,1,5,730,3.1967
1985,5,2,1,88,2.9889
1985,5,2,2,82,2.8979
1985,5,2,3,92,4.5858
1985,5,2,4,100,3.8953
1985,5,2,5,181,5.1242
1985,5,3,1,98,5.2164
1985,5,3,2,124,4.1642
1985,5,3,3,154,6.0646
1985,5,3,4,142,6.7169
1985,5,3,5,96,8.1379
1985,6,1,1,380,-0.2697
1985,6,1,2,309,-1.3866
1985,6,1,3,249,-0.3064
1985,6,1,4,265,1.7032
1985,6,1,5,727,0.4530
1985,6,2,1,86,-0.9824
1985,6,2,2,81,0.5913
1985,6,2,3,92,2.9317
1985,6,2,4,98,3.2122
1985,6,2,5,178,1.1920
1985,6,3,1,97,1.8951
1985,6,3,2,123,1.8912
1985,6,3,3,154,1.7804
1985,6,3,4,142,1.5446
1985,6,3,5,96,1.3067
1985,7,1,1,458,3.4337
1985,7,1,2,322,2.1732
1985,7,1,3,263,2.3100
1985,7,1,4,368,1.1747
1985,7,1,5,799,3.4461
1985,7,2,1,106,2.2898
1985,7,2,2,80,1.3932
1985,7,2,3,96,1.5995
1985,7,2,4,126,4.1240
1985,7,2,5,187,3.6311
1985,7,3,1,92,1.7140
1985,7,3,2,144,-0.3297
1985,7,3,3,161,-1.6538
1985,7,3,4,146,0.6921
1985,7,3,5,94,-1.5746
1985,8,1,1,451,-0.5652
1985,8,1,2,317,-0.8890
1985,8,1,3,259,-1.0121
1985,8,1,4,365,-0.7421
1985,8,1,5,798,-1.0591
1985,8,2,1,105,0.3717
1985,8,2,2,80,-0.9305
1985,8,2,3,96,0.0656
1985,8,2,4,126,0.0719
1985,8,2,5,187,-3.0993
1985,8,3,1,92,0.3267
1985,8,3,2,144,0.0613
1985,8,3,3,161,0.4797
1985,8,3,4,146,-1.2798
1985,8,3,5,93,-1.7967
1985,9,1,1,445,-5.5736
1985,9,1,2,312,-4.1786
1985,9,1,3,256,-5.3940
1985,9,1,4,359,-6.2620
1985,9,1,5,796,-6.0527
1985,9,2,1,104,-6.0771
1985,9,2,2,80,-6.4239
1985,9,2,3,95,-3.9337
1985,9,2,4,126,-4.9483
1985,9,2,5,186,-7.4283
1985,9,3,1,91,-2.8771
1985,9,3,2,143,-2.7622
1985,9,3,3,161,-3.4078
1985,9,3,4,145,-3.3421
1985,9,3,5,93,-4.1517
1985,10,1,1,439,2.3493
1985,10,1,2,312,2.4913
1985,10,1,3,256,2.6019
1985,10,1,4,358,1.1870
1985,10,1,5,791,2.0687
1985,10,2,1,104,3.0944
1985,10,2,2,80,2.6565
1985,10,2,3,95,5.0609
1985,10,2,4,126,3.1868
1985,10,2,5,186,4.1120
1985,10,3,1,90,4.7120
1985,10,3,2,141,4.0089
1985,10,3,3,159,3.9402
1985,10,3,4,144,4.6185
1985,10,3,5,93,2.5565
1985,11,1,1,425,4.4808
1985,11,1,2,310,4.8482
1985,11,1,3,256,4.5877
1985,11,1,4,356,5.2743
1985,11,1,5,788,6.9099
1985,11,2,1,103,3.1638
1985,11,2,2,79,7.1863
1985,11,2,3,94,7.6117
1985,11,2,4,125,6.7449
1985,11,2,5,184,9.5561
1985,11,3,1,90,4.3960
1985,11,3,2,141,4.7969
1985,11,3,3,158,7.3488
1985,11,3,4,144,8.8052
1985,11,3,5,92,10.3110
1985,12,1,1,421,0.8773
1985,12,1,2,306,2.9852
1985,12,1,3,250,4.2079
1985,12,1,4,353,4.5058
1985,12,1,5,782,4.5084
1985,12,2,1,100,3.1382
1985,12,2,2,79,2.7044
1985,12,2,3,92,5.5646
1985,12,2,4,125,4.3382
1985,12,2,5,184,5.9401
1985,12,3,1,90,0.0837
1985,12,3,2,141,3.0983
1985,12,3,3,156,5.1740
1985,12,3,4,143,6.4785
1985,12,3,5,92,5.5253
1986,1,1,1,414,1.1008
1986,1,1,2,302,1.6355
1986,1,1,3,245,4.2128
1986,1,1,4,350,2.3320
1986,1,1,5,777,2.7160
1986,1,2,1,100,1.2272
1986,1,2,2,79,1.2131
1986,1,2,3,90,3.0026
1986,1,2,4,124,1.0380
1986,1,2,5,183,0.3606
1986,1,3,1,89,-1.3928
1986,1,3,2,141,0.3817
1986,1,3,3,154,2.0866
1986,1,3,4,142,0.4642
1986,1,3,5,92,-0.9025
1986,2,1,1,412,5.0314
1986,2,1,2,299,5.9297
1986,2,1,3,244,8.3405
1986,2,1,4,346,5.1337
1986,2,1,5,769,6.0091
1986,2,2,1,99,4.5265
1986,2,2,2,78,5.8692
1986,2,2,3,90,7.9722
1986,2,2,4,124,7.2658
1986,2,2,5,181,7.0714
1986,2,3,1,89,5.7260
1986,2,3,2,140,7.6207
1986,2,3,3,154,9.0862
1986,2,3,4,141,7.1239
1986,2,3,5,92,7.9713
1986,3,1,1,409,3.5503
1986,3,1,2,296,5.4456
1986,3,1,3,243,3.6644
1986,3,1,4,346,5.7934
1986,3,1,5,767,4.7084
1986,3,2,1,98,5.1180
1986,3,2,2,78,6.4339
1986,3,2,3,90,6.1436
1986,3,2,4,124,3.7128
1986,3,2,5,179,5.7155
1986,3,3,1,89,2.9137
1986,3,3,2,139,4.8071
1986,3,3,3,154,7.5265
1986,3,3,4,140,5.2282
1986,3,3,5,92,3.7473
1986,4,1,1,407,1.9870
1986,4,1,2,293,1.6164
1986,4,1,3,238,0.8784
1986,4,1,4,345,0.1104
1986,4,1,5,763,2.3899
1986,4,2,1,98,0.1796
1986,4,2,2,78,-1.0965
1986,4,2,3,88,2.9822
1986,4,2,4,124,0.7912
1986,4,2,5,178,2.6116
1986,4,3,1,87,-1.5296
1986,4,3,2,139,-1.4368
1986,4,3,3,154,-1.0793
1986,4,3,4,140,0.0021
1986,4,3,5,92,3.2572
1986,5,1,1,398,4.4627
1986,5,1,2,293,6.0762
1986,5,1,3,233,5.1104
1986,5,1,4,343,3.5786
1986,5,1,5,760,2.5339
1986,5,2,1,98,2.0754
1986,5,2,2,77,5.2601
1986,5,2,3,88,4.5564
1986,5,2,4,122,3.0342
1986,5,2,5,177,4.0283
1986,5,3,1,85,5.3756
1986,5,3,2,139,5.6296
1986,5,3,3,151,6.5125
1986,5,3,4,139,4.3661
1986,5,3,5,92,3.5354
1986,6,1,1,393,1.3022
1986,6,1,2,289,1.4971
1986,6,1,3,228,0.4440
1986,6,1,4,341,0.0214
1986,6,1,5,752,-1.8557
1986,6,2,1,98,0.5127
1986,6,2,2,77,-1.2407
1986,6,2,3,88,1.9036
1986,6,2,4,122,-0.3909
1986,6,2,5,176,-0.0996
1986,6,3,1,85,-2.2310
1986,6,3,2,139,1.2867
1986,6,3,3,150,4.1873
1986,6,3,4,138,1.3184
1986,6,3,5,91,0.3156
1986,7,1,1,479,-8.4272
1986,7,1,2,355,-9.8844
1986,7,1,3,320,-6.6293
1986,7,1,4,399,-7.7482
1986,7,1,5,749,-9.8847
1986,7,2,1,99,-9.9996
1986,7,2,2,105,-8.4252
1986,7,2,3,113,-8.7264
1986,7,2,4,144,-7.3286
1986,7,2,5,181,-12.3409
1986,7,3,1,108,-7.4182
1986,7,3,2,123,-4.0651
1986,7,3,3,145,-1.7457
1986,7,3,4,161,-6.8895
1986,7,3,5,94,-6.9801
1986,8,1,1,476,3.5110
1986,8,1,2,349,1.5898
1986,8,1,3,314,1.7749
1986,8,1,4,394,0.0612
1986,8,1,5,741,0.2369
1986,8,2,1,99,6.0962
1986,8,2,2,105,4.2571
1986,8,2,3,113,6.5425
1986,8,2,4,144,2.2776
1986,8,2,5,180,3.1997
1986,8,3,1,108,10.0373
1986,8,3,2,123,9.5475
1986,8,3,3,144,7.5502
1986,8,3,4,161,4.2830
1986,8,3,5,94,3.8100
1986,9,1,1,473,-4.7640
1986,9,1,2,345,-5.1780
1986,9,1,3,310,-5.9145
1986,9,1,4,389,-5.7935
1986,9,1,5,740,-6.6692
1986,9,2,1,99,-6.1734
1986,9,2,2,104,-3.3798
1986,9,2,3,112,-6.2220
1986,9,2,4,144,-6.1573
1986,9,2,5,179,-7.8746
1986,9,3,1,108,-4.1500
1986,9,3,2,123,-6.7009
1986,9,3,3,143,-9.5788
1986,9,3,4,161,-9.3568
1986,9,3,5,92,-7.7255
1986,10,1,1,469,1.0587
1986,10,1,2,343,3.1906
1986,10,1,3,304,4.1582
1986,10,1,4,380,1.2244
1986,10,1,5,734,2.3200
1986,10,2,1,97,3.0839
1986,10,2,2,103,3.6783
1986,10,2,3,111,4.1241
1986,10,2,4,144,4.5208
1986,10,2,5,178,6.0294
1986,10,3,1,107,5.8150
1986,10,3,2,123,5.5975
1986,10,3,3,143,7.3024
1986,10,3,4,161,4.4262
1986,10,3,5,91,7.0686
1986,11,1,1,463,0.4212
1986,11,1,2,336,1.2724
1986,11,1,3,295,-0.0686
1986,11,1,4,376,-1.0624
1986,11,1,5,731,-1.3297
1986,11,2,1,97,0.6331
1986,11,2,2,102,0.7873
1986,11,2,3,111,1.5779
1986,11,2,4,143,0.1496
1986,11,2,5,178,0.9054
1986,11,3,1,104,2.9422
1986,11,3,2,123,2.3655
1986,11,3,3,143,2.2818
1986,11,3,4,161,2.8118
1986,11,3,5,89,1.5535
1986,12,1,1,461,-3.3589
1986,12,1,2,324,-2.8817
1986,12,1,3,287,-2.9552
1986,12,1,4,367,-3.5645
1986,12,1,5,723,-2.4103
1986,12,2,1,95,-2.8517
1986,12,2,2,102,-1.8704
1986,12,2,3,111,-2.5383
1986,12,2,4,142,-1.7807
1986,12,2,5,178,-3.0124
1986,12,3,1,102,-2.5839
1986,12,3,2,123,-2.5727
1986,12,3,3,143,-2.3595
1986,12,3,4,161,-2.8383
1986,12,3,5,89,-4.2192
1987,1,1,1,445,11.0683
1987,1,1,2,311,10.8103
1987,1,1,3,282,9.5914
1987,1,1,4,364,10.3481
1987,1,1,5,718,10.1666
1987,1,2,1,90,12.8384
1987,1,2,2,100,11.9835
1987,1,2,3,109,12.7289
1987,1,2,4,141,10.5098
1987,1,2,5,175,14.5146
1987,1,3,1,101,12.3501
1987,1,3,2,121,14.6543
1987,1,3,3,142,14.3154
1987,1,3,4,160,12.3646
1987,1,3,5,87,14.1512
1987,2,1,1,443,7.7952
1987,2,1,2,311,9.2345
1987,2,1,3,277,6.9922
1987,2,1,4,359,9.8796
1987,2,1,5,711,8.5230
1987,2,2,1,89,6.3565
1987,2,2,2,100,8.3254
1987,2,2,3,109,7.3105
1987,2,2,4,140,7.7007
1987,2,2,5,173,7.8944
1987,2,3,1,101,3.1060
1987,2,3,2,120,2.0036
1987,2,3,3,142,3.0571
1987,2,3,4,159,6.1611
1987,2,3,5,87,8.2726
1987,3,1,1,443,4.9190
1987,3,1,2,308,5.2423
1987,3,1,3,276,2.9278
1987,3,1,4,359,1.6236
1987,3,1,5,707,1.0981
1987,3,2,1,88,4.4047
1987,3,2,2,100,3.9565
1987,3,2,3,109,1.8355
1987,3,2,4,140,2.2389
1987,3,2,5,173,-1.7573
1987,3,3,1,100,6.3651
1987,3,3,2,120,3.7005
1987,3,3,3,141,1.7133
1987,3,3,4,159,2.1611
1987,3,3,5,87,0.1478
1987,4,1,1,439,0.5410
1987,4,1,2,302,-1.8341
1987,4,1,3,274,-2.0800
1987,4,1,4,356,-0.9289
1987,4,1,5,703,-3.6410
1987,4,2,1,88,-3.6690
1987,4,2,2,100,-3.3637
1987,4,2,3,109,-1.1596
1987,4,2,4,139,-4.2446
1987,4,2,5,173,-3.2208
1987,4,3,1,100,2.2675
1987,4,3,2,119,-0.6767
1987,4,3,3,141,-1.9133
1987,4,3,4,159,-1.1568
1987,4,3,5,87,-2.5766
1987,5,1,1,435,0.1952
1987,5,1,2,296,2.2723
1987,5,1,3,272,0.4305
1987,5,1,4,355,0.5767
1987,5,1,5,699,-0.3031
1987,5,2,1,87,1.6501
1987,5,2,2,100,-0.1348
1987,5,2,3,108,1.7159
1987,5,2,4,138,-0.2305
1987,5,2,5,173,0.3943
1987,5,3,1,99,1.3495
1987,5,3,2,118,1.3147
1987,5,3,3,141,0.2593
1987,5,3,4,159,0.6652
1987,5,3,5,87,1.6452
1987,6,1,1,436,2.0874
1987,6,1,2,294,1.3410
1987,6,1,3,271,3.0691
1987,6,1,4,350,0.5570
1987,6,1,5,698,1.2250
1987,6,2,1,87,4.5397
1987,6,2,2,99,4.1718
1987,6,2,3,108,1.1366
1987,6,2,4,136,5.4810
1987,6,2,5,173,1.2207
1987,6,3,1,99,3.8462
1987,6,3,2,118,5.2620
1987,6,3,3,141,4.8286
1987,6,3,4,159,4.9140
1987,6,3,5,87,5.2373
1987,7,1,1,464,4.1505
1987,7,1,2,358,4.0649
1987,7,1,3,336,4.0581
1987,7,1,4,442,2.9360
1987,7,1,5,713,2.1422
1987,7,2,1,98,5.5601
1987,7,2,2,94,3.7013
1987,7,2,3,104,3.0609
1987,7,2,4,127,2.6385
1987,7,2,5,174,5.3772
1987,7,3,1,104,6.5236
1987,7,3,2,132,3.9006
1987,7,3,3,147,3.8213
1987,7,3,4,136,5.7650
1987,7,3,5,93,4.7236
1987,8,1,1,458,1.8981
1987,8,1,2,356,1.1837
1987,8,1,3,334,2.5738
1987,8,1,4,439,2.2823
1987,8,1,5,705,1.7778
1987,8,2,1,96,3.2149
1987,8,2,2,94,2.4556
1987,8,2,3,104,4.3811
1987,8,2,4,127,4.7927
1987,8,2,5,172,3.2275
1987,8,3,1,103,2.0271
1987,8,3,2,132,3.7673
1987,8,3,3,146,4.3425
1987,8,3,4,136,4.6835
1987,8,3,5,93,2.8235
1987,9,1,1,456,0.9767
1987,9,1,2,354,0.1340
1987,9,1,3,331,-1.6661
1987,9,1,4,435,-0.5119
1987,9,1,5,702,-1.8769
1987,9,2,1,93,-1.3288
1987,9,2,2,94,-1.1147
1987,9,2,3,104,-2.4428
1987,9,2,4,126,-1.2966
1987,9,2,5,170,-1.1263
1987,9,3,1,102,-1.8265
1987,9,3,2,131,-2.7556
1987,9,3,3,145,-1.0810
1987,9,3,4,136,-2.9040
1987,9,3,5,93,-2.4449
1987,10,1,1,452,-30.2810
1987,10,1,2,350,-29.3786
1987,10,1,3,329,-28.3475
1987,10,1,4,431,-32.6539
1987,10,1,5,698,-32.2145
1987,10,2,1,91,-30.5501
1987,10,2,2,93,-28.3188
1987,10,2,3,103,-26.6167
1987,10,2,4,126,-29.8440
1987,10,2,5,167,-32.8308
1987,10,3,1,101,-23.3310
1987,10,3,2,130,-20.6259
1987,10,3,3,145,-20.2509
1987,10,3,4,136,-20.2560
1987,10,3,5,93,-25.7609
1987,11,1,1,447,-4.9588
1987,11,1,2,347,-4.5173
1987,11,1,3,326,-3.7657
1987,11,1,4,425,-4.8089
1987,11,1,5,689,-6.4539
1987,11,2,1,89,-4.1498
1987,11,2,2,92,-1.7173
1987,11,2,3,103,-3.8853
1987,11,2,4,125,-4.4665
1987,11,2,5,167,-5.8043
1987,11,3,1,101,-8.2608
1987,11,3,2,129,-7.9244
1987,11,3,3,145,-7.4078
1987,11,3,4,135,-8.3121
1987,11,3,5,92,-6.2090
1987,12,1,1,439,5.2310
1987,12,1,2,343,4.2780
1987,12,1,3,320,4.0992
1987,12,1,4,420,5.1143
1987,12,1,5,685,5.5655
1987,12,2,1,89,10.8538
1987,12,2,2,92,5.3015
1987,12,2,3,102,10.0163
1987,12,2,4,124,9.7469
1987,12,2,5,167,11.7375
1987,12,3,1,100,9.5600
1987,12,3,2,128,6.9198
1987,12,3,3,145,8.1482
1987,12,3,4,135,6.4906
1987,12,3,5,92,9.6181
1988,1,1,1,436,5.4823
1988,1,1,2,336,6.5254
1988,1,1,3,318,4.8857
1988,1,1,4,413,5.9657
1988,1,1,5,678,5.1509
1988,1,2,1,88,2.8153
1988,1,2,2,91,5.6792
1988,1,2,3,101,3.8985
1988,1,2,4,124,0.9940
1988,1,2,5,164,0.5022
1988,1,3,1,99,4.1273
1988,1,3,2,128,3.7862
1988,1,3,3,145,3.8589
1988,1,3,4,135,4.3011
1988,1,3,5,92,2.7238
1988,2,1,1,432,7.2526
1988,2,1,2,330,7.4636
1988,2,1,3,316,7.7668
1988,2,1,4,411,7.0533
1988,2,1,5,674,8.3031
1988,2,2,1,88,10.8169
1988,2,2,2,90,7.2413
1988,2,2,3,99,7.5471
1988,2,2,4,123,8.3462
1988,2,2,5,164,10.4231
1988,2,3,1,99,5.6846
1988,2,3,2,128,5.3734
1988,2,3,3,145,3.6119
1988,2,3,4,135,4.6457
1988,2,3,5,92,8.2482
1988,3,1,1,426,5.7593
1988,3,1,2,328,6.8810
1988,3,1,3,312,5.2828
1988,3,1,4,402,4.5273
1988,3,1,5,668,5.3973
1988,3,2,1,87,4.4895
1988,3,2,2,89,4.0418
1988,3,2,3,98,2.6869
1988,3,2,4,123,3.0785
1988,3,2,5,165,3.3422
1988,3,3,1,99,0.2032
1988,3,3,2,128,-3.5745
1988,3,3,3,145,-2.9493
1988,3,3,4,135,-4.0963
1988,3,3,5,92,0.3432
1988,4,1,1,425,2.7506
1988,4,1,2,324,2.7338
1988,4,1,3,306,2.2462
1988,4,1,4,395,2.9379
1988,4,1,5,664,1.3142
1988,4,2,1,87,2.6610
1988,4,2,2,88,1.4066
1988,4,2,3,97,2.0490
1988,4,2,4,123,1.8508
1988,4,2,5,164,2.1520
1988,4,3,1,99,2.3422
1988,4,3,2,127,2.6593
1988,4,3,3,144,0.3227
1988,4,3,4,134,-0.2953
1988,4,3,5,92,0.3948
1988,5,1,1,419,-2.1503
1988,5,1,2,324,-1.5365
1988,5,1,3,306,-2.1592
1988,5,1,4,390,-3.4839
1988,5,1,5,657,-1.2466
1988,5,2,1,85,0.0079
1988,5,2,2,87,-0.9915
1988,5,2,3,97,-1.6797
1988,5,2,4,123,-1.5765
1988,5,2,5,163,-1.7590
1988,5,3,1,99,-0.1625
1988,5,3,2,126,0.7888
1988,5,3,3,143,1.1820
1988,5,3,4,134,-0.5538
1988,5,3,5,92,-1.0129
1988,6,1,1,416,6.7343
1988,6,1,2,316,5.6995
1988,6,1,3,299,5.5458
1988,6,1,4,384,6.0957
1988,6,1,5,650,6.4206
1988,6,2,1,85,7.7483
1988,6,2,2,86,5.7915
1988,6,2,3,96,7.0177
1988,6,2,4,122,8.0032
1988,6,2,5,161,8.8798
1988,6,3,1,98,2.0656
1988,6,3,2,125,6.5059
1988,6,3,3,143,4.4593
1988,6,3,4,134,4.4836
1988,6,3,5,92,5.9145
1988,7,1,1,488,0.8504
1988,7,1,2,363,0.0270
1988,7,1,3,307,0.5193
1988,7,1,4,429,-1.1080
1988,7,1,5,739,-1.0129
1988,7,2,1,116,0.4427
1988,7,2,2,102,-1.6857
1988,7,2,3,96,-0.5186
1988,7,2,4,148,-1.6217
1988,7,2,5,164,-2.0088
1988,7,3,1,99,0.3502
1988,7,3,2,113,-0.3730
1988,7,3,3,156,-2.0832
1988,7,3,4,158,-1.1363
1988,7,3,5,91,-0.8082
1988,8,1,1,487,-2.4079
1988,8,1,2,360,-1.5112
1988,8,1,3,304,-1.4897
1988,8,1,4,426,-2.1734
1988,8,1,5,733,-3.0007
1988,8,2,1,115,-1.9858
1988,8,2,2,102,-2.8978
1988,8,2,3,95,-1.4768
1988,8,2,4,148,-3.5099
1988,8,2,5,162,-3.2866
1988,8,3,1,99,-2.2320
1988,8,3,2,112,-2.7920
1988,8,3,3,156,-2.9286
1988,8,3,4,157,-3.7365
1988,8,3,5,91,-4.5169
1988,9,1,1,480,1.8727
1988,9,1,2,359,2.7917
1988,9,1,3,297,1.1989
1988,9,1,4,419,2.4813
1988,9,1,5,727,2.7374
1988,9,2,1,112,3.7607
1988,9,2,2,100,3.9265
1988,9,2,3,95,2.6948
1988,9,2,4,146,2.8221
1988,9,2,5,161,1.2901
1988,9,3,1,99,3.9295
1988,9,3,2,112,2.9930
1988,9,3,3,155,4.7396
1988,9,3,4,157,4.5980
1988,9,3,5,91,4.3283
1988,10,1,1,475,-1.2056
1988,10,1,2,359,-1.4595
1988,10,1,3,294,-1.5424
1988,10,1,4,418,-3.3390
1988,10,1,5,720,-2.0149
1988,10,2,1,108,-0.1844
1988,10,2,2,100,-0.0911
1988,10,2,3,94,-0.0004
1988,10,2,4,144,-1.5766
1988,10,2,5,160,0.1277
1988,10,3,1,99,2.9246
1988,10,3,2,112,2.9873
1988,10,3,3,155,1.1517
1988,10,3,4,157,3.3424
1988,10,3,5,90,1.9086
1988,11,1,1,469,-3.1131
1988,11,1,2,356,-4.3846
1988,11,1,3,289,-3.9126
1988,11,1,4,417,-4.4552
1988,11,1,5,713,-4.3822
1988,11,2,1,108,-2.2555
1988,11,2,2,99,-1.8111
1988,11,2,3,93,-3.3536
1988,11,2,4,144,-2.6521
1988,11,2,5,158,-4.2575
1988,11,3,1,98,0.1383
1988,11,3,2,110,-0.4871
1988,11,3,3,155,-2.2011
1988,11,3,4,156,-2.1043
1988,11,3,5,90,-1.5769
1988,12,1,1,468,4.9665
1988,12,1,2,352,2.4453
1988,12,1,3,282,6.3751
1988,12,1,4,411,3.9216
1988,12,1,5,708,3.2960
1988,12,2,1,107,6.0055
1988,12,2,2,97,4.7704
1988,12,2,3,92,3.6292
1988,12,2,4,144,4.8822
1988,12,2,5,156,3.4580
1988,12,3,1,97,1.1751
1988,12,3,2,109,2.0751
1988,12,3,3,154,2.6604
1988,12,3,4,156,2.4188
1988,12,3,5,90,2.4013
1989,1,1,1,460,6.2464
1989,1,1,2,348,5.7360
1989,1,1,3,278,5.9224
1989,1,1,4,407,4.9960
1989,1,1,5,700,4.0810
1989,1,2,1,106,6.2301
1989,1,2,2,97,4.0229
1989,1,2,3,91,4.1852
1989,1,2,4,143,2.0335
1989,1,2,5,156,5.9851
1989,1,3,1,97,7.4517
1989,1,3,2,108,6.4192
1989,1,3,3,154,5.7996
1989,1,3,4,155,7.1618
1989,1,3,5,89,6.1829
1989,2,1,1,455,1.7186
1989,2,1,2,345,0.4907
1989,2,1,3,274,-0.0227
1989,2,1,4,403,0.0115
1989,2,1,5,694,0.3187
1989,2,2,1,106,1.9233
1989,2,2,2,96,0.8496
1989,2,2,3,91,0.2635
1989,2,2,4,142,0.8820
1989,2,2,5,155,1.5267
1989,2,3,1,97,-1.0741
1989,2,3,2,107,-2.5623
1989,2,3,3,153,-2.6058
1989,2,3,4,155,-2.5928
1989,2,3,5,89,-2.2158
1989,3,1,1,455,2.6070
1989,3,1,2,333,2.5528
1989,3,1,3,272,3.8511
1989,3,1,4,402,1.4972
1989,3,1,5,686,2.9544
1989,3,2,1,104,2.9469
1989,3,2,2,95,3.8453
1989,3,2,3,91,2.0362
1989,3,2,4,141,1.8738
1989,3,2,5,155,4.2002
1989,3,3,1,97,3.8776
1989,3,3,2,107,2.5436
1989,3,3,3,153,1.0526
1989,3,3,4,155,0.0744
1989,3,3,5,89,1.6961
1989,4,1,1,452,4.1165
1989,4,1,2,330,3.0350
1989,4,1,3,267,2.7659
1989,4,1,4,399,2.2445
1989,4,1,5,681,2.7310
1989,4,2,1,103,4.5563
1989,4,2,2,95,5.5268
1989,4,2,3,90,3.1570
1989,4,2,4,140,5.3333
1989,4,2,5,154,4.6723
1989,4,3,1,96,6.7501
1989,4,3,2,107,4.6333
1989,4,3,3,153,5.7038
1989,4,3,4,154,4.6876
1989,4,3,5,89,4.8389
1989,5,1,1,450,3.7723
1989,5,1,2,327,2.7616
1989,5,1,3,265,4.0873
1989,5,1,4,398,3.2606
1989,5,1,5,676,3.7564
1989,5,2,1,101,3.6906
1989,5,2,2,95,5.4601
1989,5,2,3,90,4.3931
1989,5,2,4,139,3.6321
1989,5,2,5,153,4.2456
1989,5,3,1,96,4.4354
1989,5,3,2,106,4.9083
1989,5,3,3,153,4.4340
1989,5,3,4,154,3.2384
1989,5,3,5,89,4.3175
1989,6,1,1,443,-0.4197
1989,6,1,2,324,-1.4163
1989,6,1,3,263,-1.0182
1989,6,1,4,393,-1.8787
1989,6,1,5,668,-2.5562
1989,6,2,1,100,-0.6147
1989,6,2,2,95,0.8899
1989,6,2,3,89,-2.1879
1989,6,2,4,139,-2.1118
1989,6,2,5,152,-3.5404
1989,6,3,1,96,-0.7150
1989,6,3,2,105,-1.0035
1989,6,3,3,153,-0.2106
1989,6,3,4,153,-0.8281
1989,6,3,5,89,-1.0168
1989,7,1,1,398,3.9705
1989,7,1,2,299,3.7222
1989,7,1,3,247,3.7901
1989,7,1,4,326,2.0346
1989,7,1,5,609,3.0123
1989,7,2,1,87,3.8370
1989,7,2,2,74,4.9395
1989,7,2,3,96,4.0763
1989,7,2,4,128,3.3933
1989,7,2,5,148,4.3633
1989,7,3,1,106,8.2158
1989,7,3,2,119,7.8946
1989,7,3,3,130,7.9770
1989,7,3,4,132,9.4357
1989,7,3,5,67,6.5461
1989,8,1,1,396,2.2220
1989,8,1,2,298,2.2618
1989,8,1,3,247,1.4029
1989,8,1,4,322,2.7373
1989,8,1,5,607,0.2807
1989,8,2,1,86,2.9519
1989,8,2,2,74,3.5190
1989,8,2,3,96,1.9187
1989,8,2,4,128,2.5435
1989,8,2,5,148,2.4914
1989,8,3,1,105,3.3386
1989,8,3,2,118,1.3927
1989,8,3,3,128,1.9046
1989,8,3,4,132,1.5324
1989,8,3,5,67,2.7212
1989,9,1,1,394,0.5001
1989,9,1,2,293,-0.3960
1989,9,1,3,245,1.0800
1989,9,1,4,319,1.6097
1989,9,1,5,600,-0.5603
1989,9,2,1,84,-0.8495
1989,9,2,2,73,1.7109
1989,9,2,3,96,-0.2612
1989,9,2,4,128,0.2778
1989,9,2,5,145,2.2504
1989,9,3,1,105,0.5138
1989,9,3,2,117,0.4724
1989,9,3,3,128,-1.2218
1989,9,3,4,131,-1.2471
1989,9,3,5,65,-1.8848
1989,10,1,1,389,-6.5912
1989,10,1,2,288,-3.6929
1989,10,1,3,242,-5.9453
1989,10,1,4,313,-6.3520
1989,10,1,5,599,-5.7848
1989,10,2,1,83,-7.8160
1989,10,2,2,73,-3.7444
1989,10,2,3,96,-4.3870
1989,10,2,4,127,-4.3267
1989,10,2,5,145,-7.2541
1989,10,3,1,105,-3.2376
1989,10,3,2,117,-1.2144
1989,10,3,3,128,-3.5705
1989,10,3,4,131,-1.8196
1989,10,3,5,65,-3.8119
1989,11,1,1,387,0.6621
1989,11,1,2,287,0.3747
1989,11,1,3,242,-0.8762
1989,11,1,4,312,0.3968
1989,11,1,5,594,-0.5785
1989,11,2,1,83,2.9329
1989,11,2,2,72,5.5320
1989,11,2,3,96,0.7536
1989,11,2,4,127,1.4373
1989,11,2,5,145,-0.7389
1989,11,3,1,105,1.9751
1989,11,3,2,117,2.8656
1989,11,3,3,127,2.2772
1989,11,3,4,130,2.0244
1989,11,3,5,65,1.2227
1989,12,1,1,383,-0.0431
1989,12,1,2,287,0.1545
1989,12,1,3,239,-0.6617
1989,12,1,4,310,-0.8559
1989,12,1,5,591,-0.3604
1989,12,2,1,80,0.2632
1989,12,2,2,72,2.8423
1989,12,2,3,95,0.6060
1989,12,2,4,126,0.7919
1989,12,2,5,144,1.6676
1989,12,3,1,105,2.5814
1989,12,3,2,117,4.6865
1989,12,3,3,127,3.3959
1989,12,3,4,130,0.9710
1989,12,3,5,65,0.4034
1990,1,1,1,380,-8.4610
1990,1,1,2,285,-7.7751
1990,1,1,3,239,-6.1843
1990,1,1,4,310,-8.3225
1990,1,1,5,590,-7.4396
1990,1,2,1,80,-10.7629
1990,1,2,2,72,-7.3813
1990,1,2,3,95,-7.4120
1990,1,2,4,125,-7.4619
1990,1,2,5,142,-9.0592
1990,1,3,1,103,-8.5994
1990,1,3,2,117,-6.9054
1990,1,3,3,127,-7.0126
1990,1,3,4,129,-5.0438
1990,1,3,5,65,-4.0711
1990,2,1,1,377,1.4942
1990,2,1,2,286,2.7012
1990,2,1,3,238,2.9684
1990,2,1,4,310,2.8606
1990,2,1,5,584,3.7504
1990,2,2,1,78,2.5565
1990,2,2,2,69,4.2005
1990,2,2,3,95,2.1905
1990,2,2,4,125,3.7060
1990,2,2,5,140,3.2267
1990,2,3,1,102,2.4502
1990,2,3,2,117,1.1543
1990,2,3,3,126,1.4609
1990,2,3,4,126,0.4864
1990,2,3,5,65,2.3098
1990,3,1,1,377,3.4841
1990,3,1,2,279,3.6498
1990,3,1,3,237,2.5317
1990,3,1,4,308,4.4474
1990,3,1,5,583,3.8297
1990,3,2,1,77,5.5507
1990,3,2,2,68,4.2055
1990,3,2,3,95,3.5879
1990,3,2,4,125,3.5890
1990,3,2,5,139,5.5961
1990,3,3,1,102,2.2682
1990,3,3,2,117,2.0219
1990,3,3,3,126,2.8965
1990,3,3,4,127,3.3139
1990,3,3,5,65,3.7672
1990,4,1,1,374,-3.1461
1990,4,1,2,279,-2.4695
1990,4,1,3,234,-4.7419
1990,4,1,4,303,-1.6273
1990,4,1,5,580,-2.4843
1990,4,2,1,77,-3.3574
1990,4,2,2,68,-1.7438
1990,4,2,3,94,-3.4444
1990,4,2,4,124,-2.3274
1990,4,2,5,138,-2.0320
1990,4,3,1,102,-4.1118
1990,4,3,2,117,-2.9978
1990,4,3,3,126,-2.8966
1990,4,3,4,126,-0.3296
1990,4,3,5,65,-2.9291
1990,5,1,1,373,6.5977
1990,5,1,2,275,7.3192
1990,5,1,3,230,6.6445
1990,5,1,4,302,5.1704
1990,5,1,5,579,8.6923
1990,5,2,1,77,7.5852
1990,5,2,2,67,7.8469
1990,5,2,3,94,7.3085
1990,5,2,4,124,7.1680
1990,5,2,5,138,7.0442
1990,5,3,1,101,9.0367
1990,5,3,2,117,7.3866
1990,5,3,3,126,8.9779
1990,5,3,4,126,11.2485
1990,5,3,5,65,7.6075
1990,6,1,1,372,1.1915
1990,6,1,2,266,1.3983
1990,6,1,3,228,1.4074
1990,6,1,4,301,0.9842
1990,6,1,5,571,0.9616
1990,6,2,1,76,-0.8965
1990,6,2,2,66,0.4853
1990,6,2,3,94,0.4914
1990,6,2,4,124,1.0696
1990,6,2,5,138,0.1071
1990,6,3,1,101,-2.6951
1990,6,3,2,117,-0.8345
1990,6,3,3,126,-0.2462
1990,6,3,4,126,1.0552
1990,6,3,5,65,-1.2488
1990,7,1,1,529,-4.3952
1990,7,1,2,350,-2.4802
1990,7,1,3,368,-3.9246
1990,7,1,4,406,-4.0335
1990,7,1,5,755,-5.5144
1990,7,2,1,119,-1.9966
1990,7,2,2,92,-1.3370
1990,7,2,3,129,-2.0954
1990,7,2,4,141,-4.0360
1990,7,2,5,195,-5.6501
1990,7,3,1,104,-1.0917
1990,7,3,2,121,0.8083
1990,7,3,3,151,-0.4760
1990,7,3,4,166,0.0080
1990,7,3,5,87,-2.4128
1990,8,1,1,526,-12.5257
1990,8,1,2,344,-10.8426
1990,8,1,3,364,-13.8295
1990,8,1,4,396,-14.1241
1990,8,1,5,752,-15.9706
1990,8,2,1,118,-11.3725
1990,8,2,2,92,-9.9319
1990,8,2,3,129,-12.5055
1990,8,2,4,141,-14.3508
1990,8,2,5,194,-15.7623
1990,8,3,1,103,-7.7795
1990,8,3,2,121,-7.4672
1990,8,3,3,151,-9.3414
1990,8,3,4,166,-9.2541
1990,8,3,5,87,-9.6517
1990,9,1,1,521,-8.2236
1990,9,1,2,340,-7.9720
1990,9,1,3,360,-7.3526
1990,9,1,4,396,-8.3538
1990,9,1,5,747,-10.1059
1990,9,2,1,117,-7.5354
1990,9,2,2,91,-6.3114
1990,9,2,3,128,-7.1825
1990,9,2,4,141,-7.2823
1990,9,2,5,193,-11.8301
1990,9,3,1,102,-4.2518
1990,9,3,2,120,-2.0772
1990,9,3,3,150,-4.8636
1990,9,3,4,165,-4.6440
1990,9,3,5,86,-6.7202
1990,10,1,1,519,-7.0591
1990,10,1,2,340,-8.3856
1990,10,1,3,357,-6.6282
1990,10,1,4,392,-5.4759
1990,10,1,5,743,-6.3956
1990,10,2,1,117,-5.4243
1990,10,2,2,91,-4.8274
1990,10,2,3,127,-4.4243
1990,10,2,4,140,-4.5454
1990,10,2,5,193,-7.8212
1990,10,3,1,101,-0.8906
1990,10,3,2,120,0.5628
1990,10,3,3,150,0.2050
1990,10,3,4,165,0.3139
1990,10,3,5,86,0.1469
1990,11,1,1,515,2.0026
1990,11,1,2,332,4.9834
1990,11,1,3,355,3.2437
1990,11,1,4,389,2.6197
1990,11,1,5,740,5.4687
1990,11,2,1,117,5.8180
1990,11,2,2,90,5.1223
1990,11,2,3,126,6.2770
1990,11,2,4,140,9.0980
1990,11,2,5,191,11.8379
1990,11,3,1,101,5.2616
1990,11,3,2,120,3.3055
1990,11,3,3,150,6.0359
1990,11,3,4,165,7.7110
1990,11,3,5,86,9.1838
1990,12,1,1,515,-0.5340
1990,12,1,2,331,1.9099
1990,12,1,3,354,2.5136
1990,12,1,4,388,0.6385
1990,12,1,5,734,1.8878
1990,12,2,1,116,3.0705
1990,12,2,2,89,3.3501
1990,12,2,3,126,4.6824
1990,12,2,4,139,6.0392
1990,12,2,5,191,6.2177
1990,12,3,1,100,0.6212
1990,12,3,2,120,2.3783
1990,12,3,3,150,2.5927
1990,12,3,4,165,4.0711
1990,12,3,5,86,2.6456
1991,1,1,1,511,9.8504
1991,1,1,2,330,6.7205
1991,1,1,3,351,7.9095
1991,1,1,4,382,8.0962
1991,1,1,5,730,10.7052
1991,1,2,1,116,6.8325
1991,1,2,2,89,8.3392
1991,1,2,3,125,6.8288
1991,1,2,4,138,8.0078
1991,1,2,5,191,10.0004
1991,1,3,1,100,2.2371
1991,1,3,2,120,1.3328
1991,1,3,3,150,5.8406
1991,1,3,4,164,6.0749
1991,1,3,5,86,7.3916
1991,2,1,1,510,12.0737
1991,2,1,2,328,10.7792
1991,2,1,3,344,13.1700
1991,2,1,4,377,12.0649
1991,2,1,5,725,13.3689
1991,2,2,1,116,9.6428
1991,2,2,2,89,10.0762
1991,2,2,3,125,8.4986
1991,2,2,4,138,10.9010
1991,2,2,5,190,10.1233
1991,2,3,1,99,7.8352
1991,2,3,2,120,6.4246
1991,2,3,3,150,5.8501
1991,2,3,4,164,7.6642
1991,2,3,5,86,7.4816
1991,3,1,1,509,6.5098
1991,3,1,2,324,7.5280
1991,3,1,3,343,7.3336
1991,3,1,4,374,8.2372
1991,3,1,5,719,9.3505
1991,3,2,1,116,4.9681
1991,3,2,2,89,4.4870
1991,3,2,3,125,4.5816
1991,3,2,4,137,5.6082
1991,3,2,5,190,5.9387
1991,3,3,1,99,0.9528
1991,3,3,2,120,2.6908
1991,3,3,3,150,0.9076
1991,3,3,4,164,3.7058
1991,3,3,5,86,3.2658
1991,4,1,1,506,-0.1959
1991,4,1,2,321,1.5412
1991,4,1,3,340,-0.9785
1991,4,1,4,371,1.3317
1991,4,1,5,713,0.2392
1991,4,2,1,116,-0.3627
1991,4,2,2,89,-0.0520
1991,4,2,3,125,0.5578
1991,4,2,4,137,0.6051
1991,4,2,5,189,-1.0043
1991,4,3,1,99,-0.9629
1991,4,3,2,119,0.6627
1991,4,3,3,150,0.3299
1991,4,3,4,164,-0.4991
1991,4,3,5,86,0.5713
1991,5,1,1,501,3.0184
1991,5,1,2,317,3.3567
1991,5,1,3,336,4.5733
1991,5,1,4,367,3.7681
1991,5,1,5,705,3.1821
1991,5,2,1,116,3.1829
1991,5,2,2,89,6.6576
1991,5,2,3,124,3.2602
1991,5,2,4,137,4.9593
1991,5,2,5,189,4.0061
1991,5,3,1,99,3.5030
1991,5,3,2,119,1.4074
1991,5,3,3,150,5.0721
1991,5,3,4,164,4.9638
1991,5,3,5,86,5.4147
1991,6,1,1,501,-2.8905
1991,6,1,2,313,-5.3525
1991,6,1,3,335,-4.4230
1991,6,1,4,363,-4.0133
1991,6,1,5,699,-5.0294
1991,6,2,1,116,-6.7394
1991,6,2,2,87,-4.5343
1991,6,2,3,124,-2.8968
1991,6,2,4,137,-4.0423
1991,6,2,5,189,-5.2578
1991,6,3,1,99,-5.5233
1991,6,3,2,119,-3.5939
1991,6,3,3,149,-4.0697
1991,6,3,4,164,-4.9246
1991,6,3,5,86,-4.0724
1991,7,1,1,523,2.2896
1991,7,1,2,358,3.9041
1991,7,1,3,422,3.0455
1991,7,1,4,383,1.7376
1991,7,1,5,672,2.6652
1991,7,2,1,114,2.3336
1991,7,2,2,108,5.2460
1991,7,2,3,127,3.2450
1991,7,2,4,145,3.4657
1991,7,2,5,177,3.0679
1991,7,3,1,103,3.1559
1991,7,3,2,125,3.8784
1991,7,3,3,152,3.8835
1991,7,3,4,166,5.1879
1991,7,3,5,99,7.0383
1991,8,1,1,516,2.4940
1991,8,1,2,355,3.0392
1991,8,1,3,415,2.0783
1991,8,1,4,377,3.0897
1991,8,1,5,664,4.3604
1991,8,2,1,113,2.2159
1991,8,2,2,108,3.1273
1991,8,2,3,127,3.0937
1991,8,2,4,143,2.5470
1991,8,2,5,176,4.3827
1991,8,3,1,102,0.4263
1991,8,3,2,125,1.4414
1991,8,3,3,151,1.7209
1991,8,3,4,166,3.4053
1991,8,3,5,99,4.8417
1991,9,1,1,511,-0.1264
1991,9,1,2,354,-1.0607
1991,9,1,3,410,1.4364
1991,9,1,4,373,3.2080
1991,9,1,5,663,1.6748
1991,9,2,1,113,0.2178
1991,9,2,2,108,0.7297
1991,9,2,3,127,1.5852
1991,9,2,4,143,-0.3982
1991,9,2,5,176,1.4137
1991,9,3,1,102,-3.1586
1991,9,3,2,125,-0.6767
1991,9,3,3,151,-1.6945
1991,9,3,4,166,-0.7853
1991,9,3,5,98,-2.2858
1991,10,1,1,510,3.8135
1991,10,1,2,353,5.3174
1991,10,1,3,407,3.4848
1991,10,1,4,370,3.9349
1991,10,1,5,663,3.9971
1991,10,2,1,113,2.8210
1991,10,2,2,108,1.3811
1991,10,2,3,127,0.7471
1991,10,2,4,142,2.5587
1991,10,2,5,176,0.6751
1991,10,3,1,102,1.3214
1991,10,3,2,124,2.2415
1991,10,3,3,151,1.5645
1991,10,3,4,166,1.2096
1991,10,3,5,98,1.3782
1991,11,1,1,504,-3.3380
1991,11,1,2,352,-2.8741
1991,11,1,3,405,-3.8103
1991,11,1,4,367,-1.6622
1991,11,1,5,657,-2.2882
1991,11,2,1,111,-6.9404
1991,11,2,2,108,-4.6638
1991,11,2,3,127,-4.9342
1991,11,2,4,142,-4.6177
1991,11,2,5,176,-5.2509
1991,11,3,1,102,-5.3417
1991,11,3,2,124,-5.6033
1991,11,3,3,151,-3.5984
1991,11,3,4,166,-1.7151
1991,11,3,5,98,-1.6664
1991,12,1,1,501,2.4848
1991,12,1,2,348,6.4716
1991,12,1,3,397,4.4480
1991,12,1,4,365,7.3110
1991,12,1,5,654,4.4634
1991,12,2,1,111,8.2573
1991,12,2,2,108,8.4272
1991,12,2,3,127,7.9839
1991,12,2,4,141,8.9554
1991,12,2,5,175,9.6309
1991,12,3,1,102,8.3970
1991,12,3,2,124,8.2879
1991,12,3,3,151,9.8631
1991,12,3,4,166,13.8021
1991,12,3,5,98,13.7041
1992,1,1,1,499,9.7992
1992,1,1,2,341,14.7733
1992,1,1,3,393,12.7425
1992,1,1,4,362,14.6402
1992,1,1,5,645,13.6329
1992,1,2,1,111,8.7032
1992,1,2,2,108,3.6790
1992,1,2,3,127,6.4695
1992,1,2,4,141,5.7446
1992,1,2,5,175,6.8972
1992,1,3,1,102,2.7293
1992,1,3,2,122,-1.8034
1992,1,3,3,151,-1.0534
1992,1,3,4,165,-2.6105
1992,1,3,5,98,-2.9663
1992,2,1,1,494,6.9369
1992,2,1,2,338,4.9952
1992,2,1,3,394,4.0001
1992,2,1,4,358,1.2752
1992,2,1,5,640,3.3118
1992,2,2,1,110,4.7285
1992,2,2,2,108,2.9008
1992,2,2,3,127,1.0064
1992,2,2,4,140,1.8459
1992,2,2,5,175,1.8970
1992,2,3,1,102,4.7602
1992,2,3,2,122,-0.8924
1992,2,3,3,151,1.1829
1992,2,3,4,165,-0.0774
1992,2,3,5,98,2.5235
1992,3,1,1,489,-1.9927
1992,3,1,2,336,-1.2815
1992,3,1,3,389,-2.7894
1992,3,1,4,357,-5.0335
1992,3,1,5,636,-4.2196
1992,3,2,1,110,-6.4563
1992,3,2,2,108,-3.2895
1992,3,2,3,127,-3.0289
1992,3,2,4,139,-4.0012
1992,3,2,5,175,-4.5953
1992,3,3,1,102,-1.8629
1992,3,3,2,122,-1.5751
1992,3,3,3,151,-1.8513
1992,3,3,4,165,-2.4262
1992,3,3,5,98,-2.8705
1992,4,1,1,485,-3.2935
1992,4,1,2,336,-5.0295
1992,4,1,3,385,-5.6058
1992,4,1,4,352,-6.9591
1992,4,1,5,635,-7.6899
1992,4,2,1,110,-3.6753
1992,4,2,2,108,-2.2795
1992,4,2,3,126,-2.7785
1992,4,2,4,139,-3.7856
1992,4,2,5,174,-4.0823
1992,4,3,1,102,3.2912
1992,4,3,2,122,6.7219
1992,4,3,3,151,3.7418
1992,4,3,4,165,0.2043
1992,4,3,5,98,-1.3461
1992,5,1,1,479,0.0097
1992,5,1,2,334,0.4309
1992,5,1,3,379,-1.2752
1992,5,1,4,350,-1.3061
1992,5,1,5,628,-0.1838
1992,5,2,1,110,0.9574
1992,5,2,2,108,-1.4619
1992,5,2,3,126,0.6089
1992,5,2,4,139,0.4551
1992,5,2,5,174,-2.1795
1992,5,3,1,102,-0.2325
1992,5,3,2,121,0.0151
1992,5,3,3,151,0.8522
1992,5,3,4,165,0.3576
1992,5,3,5,98,1.5280
1992,6,1,1,473,-4.6520
1992,6,1,2,333,-5.6240
1992,6,1,3,376,-4.8730
1992,6,1,4,340,-7.5226
1992,6,1,5,621,-8.3374
1992,6,2,1,109,-4.1587
1992,6,2,2,108,-3.3993
1992,6,2,3,126,-2.0595
1992,6,2,4,139,-5.3489
1992,6,2,5,173,-6.0387
1992,6,3,1,102,-1.4372
1992,6,3,2,120,-2.0103
1992,6,3,3,151,-0.8342
1992,6,3,4,165,-2.9611
1992,6,3,5,98,-2.8909
1992,7,1,1,385,2.5672
1992,7,1,2,411,3.7923
1992,7,1,3,389,2.6291
1992,7,1,4,354,0.2996
1992,7,1,5,703,-0.0810
1992,7,2,1,104,3.7934
1992,7,2,2,103,4.7769
1992,7,2,3,126,2.0184
1992,7,2,4,143,5.1774
1992,7,2,5,215,2.7026
1992,7,3,1,118,2.5753
1992,7,3,2,133,4.2553
1992,7,3,3,117,5.5767
1992,7,3,4,161,3.6289
1992,7,3,5,147,5.5113
1992,8,1,1,380,-2.5606
1992,8,1,2,405,-2.4380
1992,8,1,3,379,-2.0921
1992,8,1,4,346,-3.8878
1992,8,1,5,695,-3.7357
1992,8,2,1,104,-3.1475
1992,8,2,2,103,-0.9719
1992,8,2,3,124,-1.9719
1992,8,2,4,143,-2.0631
1992,8,2,5,214,-4.2299
1992,8,3,1,118,-3.0487
1992,8,3,2,133,-2.7482
1992,8,3,3,117,-0.7666
1992,8,3,4,161,-0.8825
1992,8,3,5,147,-1.6026
1992,9,1,1,375,1.3433
1992,9,1,2,405,1.7080
1992,9,1,3,369,2.2237
1992,9,1,4,339,1.0093
1992,9,1,5,685,0.6513
1992,9,2,1,104,2.0242
1992,9,2,2,103,2.8143
1992,9,2,3,124,0.5354
1992,9,2,4,143,3.4470
1992,9,2,5,213,0.7764
1992,9,3,1,118,0.5475
1992,9,3,2,133,2.0554
1992,9,3,3,117,1.3112
1992,9,3,4,161,0.7718
1992,9,3,5,147,0.3839
1992,10,1,1,374,2.8722
1992,10,1,2,403,0.8245
1992,10,1,3,367,5.3677
1992,10,1,4,335,1.1812
1992,10,1,5,684,2.6807
1992,10,2,1,104,3.0211
1992,10,2,2,103,4.1526
1992,10,2,3,124,0.9041
1992,10,2,4,142,1.5031
1992,10,2,5,212,3.7203
1992,10,3,1,118,-1.1947
1992,10,3,2,132,-0.1600
1992,10,3,3,117,-1.4658
1992,10,3,4,160,1.9755
1992,10,3,5,147,3.3908
1992,11,1,1,372,9.5032
1992,11,1,2,398,9.6111
1992,11,1,3,364,6.7287
1992,11,1,4,331,9.3873
1992,11,1,5,678,9.0498
1992,11,2,1,104,5.8137
1992,11,2,2,102,3.7202
1992,11,2,3,124,5.7679
1992,11,2,4,141,7.1718
1992,11,2,5,211,9.8142
1992,11,3,1,118,4.0783
1992,11,3,2,132,2.6790
1992,11,3,3,117,2.3872
1992,11,3,4,160,3.1490
1992,11,3,5,146,4.3406
1992,12,1,1,370,4.2418
1992,12,1,2,396,3.2468
1992,12,1,3,361,4.6222
1992,12,1,4,328,2.3534
1992,12,1,5,672,1.8717
1992,12,2,1,104,6.1546
1992,12,2,2,102,3.6323
1992,12,2,3,124,2.0452
1992,12,2,4,141,3.5591
1992,12,2,5,211,1.7975
1992,12,3,1,118,1.1664
1992,12,3,2,132,2.6658
1992,12,3,3,117,1.6326
1992,12,3,4,160,0.4631
1992,12,3,5,146,-0.2007
1993,1,1,1,370,6.4140
1993,1,1,2,391,5.7828
1993,1,1,3,361,7.5470
1993,1,1,4,325,3.8506
1993,1,1,5,669,3.4743
1993,1,2,1,104,4.1259
1993,1,2,2,102,3.4126
1993,1,2,3,124,4.1129
1993,1,2,4,140,-0.1791
1993,1,2,5,211,0.5016
1993,1,3,1,118,4.3369
1993,1,3,2,132,1.6041
1993,1,3,3,117,0.6525
1993,1,3,4,160,-0.5250
1993,1,3,5,146,-3.0493
1993,2,1,1,367,0.3721
1993,2,1,2,391,0.1000
1993,2,1,3,358,-2.9911
1993,2,1,4,322,-3.8591
1993,2,1,5,663,-5.8256
1993,2,2,1,104,1.2527
1993,2,2,2,102,0.8509
1993,2,2,3,124,-0.1660
1993,2,2,4,140,-1.3914
1993,2,2,5,211,-6.4205
1993,2,3,1,118,4.3905
1993,2,3,2,132,2.6108
1993,2,3,3,117,0.6600
1993,2,3,4,160,0.9564
1993,2,3,5,146,-3.7275
1993,3,1,1,367,3.6694
1993,3,1,2,393,5.0323
1993,3,1,3,356,1.7761
1993,3,1,4,318,2.3662
1993,3,1,5,659,0.5429
1993,3,2,1,103,5.2965
1993,3,2,2,102,3.5604
1993,3,2,3,123,2.4681
1993,3,2,4,140,0.5376
1993,3,2,5,211,1.5843
1993,3,3,1,118,2.0849
1993,3,3,2,132,3.7589
1993,3,3,3,117,2.2480
1993,3,3,4,160,1.2897
1993,3,3,5,146,1.0860
1993,4,1,1,363,-2.8542
1993,4,1,2,390,-2.5182
1993,4,1,3,348,-2.8811
1993,4,1,4,317,-0.9284
1993,4,1,5,656,-3.4700
1993,4,2,1,103,-3.5972
1993,4,2,2,102,-2.6676
1993,4,2,3,123,0.4243
1993,4,2,4,140,-3.8683
1993,4,2,5,211,-3.3906
1993,4,3,1,118,-1.1621
1993,4,3,2,131,0.6935
1993,4,3,3,117,-4.7952
1993,4,3,4,160,-3.5046
1993,4,3,5,146,-3.8073
1993,5,1,1,359,5.5796
1993,5,1,2,388,5.2883
1993,5,1,3,345,3.4110
1993,5,1,4,316,4.2233
1993,5,1,5,653,5.3020
1993,5,2,1,103,4.4542
1993,5,2,2,101,6.7085
1993,5,2,3,123,5.0224
1993,5,2,4,140,4.5632
1993,5,2,5,211,6.0890
1993,5,3,1,118,4.3436
1993,5,3,2,131,2.7323
1993,5,3,3,117,2.3762
1993,5,3,4,160,3.0335
1993,5,3,5,146,3.8219
1993,6,1,1,359,2.2822
1993,6,1,2,387,0.8443
1993,6,1,3,344,-0.5614
1993,6,1,4,313,-1.3678
1993,6,1,5,649,-0.1159
1993,6,2,1,103,1.8159
1993,6,2,2,101,3.9505
1993,6,2,3,123,-0.9332
1993,6,2,4,140,0.4836
1993,6,2,5,209,0.3477
1993,6,3,1,118,0.7256
1993,6,3,2,131,1.9462
1993,6,3,3,117,0.4801
1993,6,3,4,160,-1.1381
1993,6,3,5,146,-2.9194
1993,7,1,1,414,1.5270
1993,7,1,2,282,0.3945
1993,7,1,3,351,1.1686
1993,7,1,4,434,-1.3659
1993,7,1,5,802,0.3275
1993,7,2,1,124,0.6421
1993,7,2,2,105,0.2700
1993,7,2,3,120,1.4578
1993,7,2,4,146,-0.2981
1993,7,2,5,209,0.4874
1993,7,3,1,133,0.7495
1993,7,3,2,139,2.2018
1993,7,3,3,145,-0.7620
1993,7,3,4,179,-3.0604
1993,7,3,5,123,-3.8105
1993,8,1,1,410,2.3578
1993,8,1,2,281,4.4009
1993,8,1,3,345,3.0729
1993,8,1,4,431,4.7939
1993,8,1,5,797,4.5495
1993,8,2,1,124,5.4897
1993,8,2,2,105,4.2982
1993,8,2,3,120,4.5781
1993,8,2,4,146,1.3678
1993,8,2,5,209,4.6236
1993,8,3,1,133,4.0013
1993,8,3,2,139,4.8960
1993,8,3,3,145,2.7622
1993,8,3,4,179,4.1723
1993,8,3,5,123,3.9577
1993,9,1,1,408,2.2252
1993,9,1,2,277,1.6235
1993,9,1,3,341,3.0939
1993,9,1,4,432,1.9880
1993,9,1,5,791,2.7626
1993,9,2,1,124,1.5515
1993,9,2,2,104,2.2854
1993,9,2,3,120,3.2029
1993,9,2,4,145,0.9095
1993,9,2,5,209,2.6491
1993,9,3,1,133,0.9243
1993,9,3,2,139,-1.6073
1993,9,3,3,145,-2.0200
1993,9,3,4,179,-0.7340
1993,9,3,5,123,-0.0092
1993,10,1,1,405,5.3924
1993,10,1,2,278,5.5718
1993,10,1,3,337,5.6083
1993,10,1,4,427,3.7361
1993,10,1,5,789,4.4093
1993,10,2,1,123,3.1054
1993,10,2,2,104,1.5647
1993,10,2,3,119,2.0629
1993,10,2,4,144,1.5223
1993,10,2,5,209,4.3470
1993,10,3,1,133,2.0977
1993,10,3,2,139,2.1800
1993,10,3,3,145,1.7420
1993,10,3,4,179,3.4033
1993,10,3,5,123,3.3098
1993,11,1,1,406,-2.3382
1993,11,1,2,277,-1.7841
1993,11,1,3,336,-0.1774
1993,11,1,4,424,-2.6570
1993,11,1,5,787,-3.4255
1993,11,2,1,124,-3.0359
1993,11,2,2,104,-4.1657
1993,11,2,3,118,-3.2080
1993,11,2,4,144,-2.2723
1993,11,2,5,208,-2.0888
1993,11,3,1,132,-2.4798
1993,11,3,2,139,-0.8350
1993,11,3,3,145,-1.7256
1993,11,3,4,178,0.3340
1993,11,3,5,123,1.6623
1993,12,1,1,402,0.9277
1993,12,1,2,273,2.1114
1993,12,1,3,335,-0.0188
1993,12,1,4,422,1.5626
1993,12,1,5,784,0.5725
1993,12,2,1,124,4.7122
1993,12,2,2,103,3.8533
1993,12,2,3,118,4.6740
1993,12,2,4,144,3.5495
1993,12,2,5,208,4.4810
1993,12,3,1,132,1.2863
1993,12,3,2,138,2.2722
1993,12,3,3,145,2.5838
1993,12,3,4,178,1.1694
1993,12,3,5,122,-0.4674
1994,1,1,1,401,5.9860
1994,1,1,2,274,5.7192
1994,1,1,3,331,5.8495
1994,1,1,4,416,2.8708
1994,1,1,5,778,4.5854
1994,1,2,1,124,4.3910
1994,1,2,2,103,2.7779
1994,1,2,3,118,2.5126
1994,1,2,4,144,0.9828
1994,1,2,5,208,2.9622
1994,1,3,1,132,3.9834
1994,1,3,2,137,4.4485
1994,1,3,3,145,2.2920
1994,1,3,4,178,1.8912
1994,1,3,5,122,1.2685
1994,2,1,1,399,0.3455
1994,2,1,2,274,-1.4736
1994,2,1,3,327,1.4323
1994,2,1,4,413,-1.9466
1994,2,1,5,776,-0.9615
1994,2,2,1,124,0.6622
1994,2,2,2,103,1.7340
1994,2,2,3,118,0.3860
1994,2,2,4,144,0.3094
1994,2,2,5,206,-1.2052
1994,2,3,1,132,-1.9082
1994,2,3,2,136,-4.0007
1994,2,3,3,145,-2.5776
1994,2,3,4,177,-1.2708
1994,2,3,5,122,-1.0235
1994,3,1,1,397,-3.9956
1994,3,1,2,268,-4.8087
1994,3,1,3,325,-4.1924
1994,3,1,4,404,-6.1465
1994,3,1,5,771,-6.0700
1994,3,2,1,124,-5.6915
1994,3,2,2,102,-6.4221
1994,3,2,3,118,-4.8747
1994,3,2,4,144,-3.8955
1994,3,2,5,206,-7.1400
1994,3,3,1,132,-4.2815
1994,3,3,2,136,-4.3009
1994,3,3,3,145,-4.5019
1994,3,3,4,177,-3.7440
1994,3,3,5,122,-5.9276
1994,4,1,1,394,0.7973
1994,4,1,2,268,0.2307
1994,4,1,3,325,-0.3162
1994,4,1,4,401,-3.3605
1994,4,1,5,769,-2.0657
1994,4,2,1,124,1.4128
1994,4,2,2,102,1.3363
1994,4,2,3,118,1.1611
1994,4,2,4,144,0.2327
1994,4,2,5,206,0.1888
1994,4,3,1,132,1.0145
1994,4,3,2,136,2.2923
1994,4,3,3,145,-0.2945
1994,4,3,4,177,0.6615
1994,4,3,5,122,1.0268
1994,5,1,1,392,-1.3981
1994,5,1,2,268,-2.1523
1994,5,1,3,321,-1.2780
1994,5,1,4,400,-1.2888
1994,5,1,5,758,-1.4416
1994,5,2,1,123,-2.2654
1994,5,2,2,102,-0.0766
1994,5,2,3,118,-2.7297
1994,5,2,4,143,-1.6566
1994,5,2,5,205,-1.6791
1994,5,3,1,130,1.7022
1994,5,3,2,136,0.4995
1994,5,3,3,145,1.1971
1994,5,3,4,177,-0.7318
1994,5,3,5,122,0.6371
1994,6,1,1,390,-3.2251
1994,6,1,2,266,-4.0166
1994,6,1,3,318,-4.5409
1994,6,1,4,396,-4.6727
1994,6,1,5,755,-5.8135
1994,6,2,1,123,-2.1603
1994,6,2,2,101,-3.1710
1994,6,2,3,118,-3.2113
1994,6,2,4,142,-2.7632
1994,6,2,5,205,-4.4383
1994,6,3,1,131,-2.4582
1994,6,3,2,136,-1.9872
1994,6,3,3,145,-3.1601
1994,6,3,4,177,-2.4891
1994,6,3,5,122,-2.4515
1994,7,1,1,416,2.4490
1994,7,1,2,339,2.2669
1994,7,1,3,376,-0.0147
1994,7,1,4,454,0.5551
1994,7,1,5,879,0.8679
1994,7,2,1,114,3.3710
1994,7,2,2,107,2.5124
1994,7,2,3,125,3.0890
1994,7,2,4,160,1.0067
1994,7,2,5,235,1.4132
1994,7,3,1,142,3.0775
1994,7,3,2,156,4.1494
1994,7,3,3,166,4.4778
1994,7,3,4,167,2.1250
1994,7,3,5,133,2.6572
1994,8,1,1,413,3.0671
1994,8,1,2,339,4.5628
1994,8,1,3,375,6.0973
1994,8,1,4,451,3.3309
1994,8,1,5,874,3.4356
1994,8,2,1,113,5.5861
1994,8,2,2,106,5.6319
1994,8,2,3,124,5.3707
1994,8,2,4,160,6.4672
1994,8,2,5,234,9.3392
1994,8,3,1,142,2.2205
1994,8,3,2,156,3.5102
1994,8,3,3,166,3.7771
1994,8,3,4,167,6.8112
1994,8,3,5,133,6.1050
1994,9,1,1,414,1.2817
1994,9,1,2,337,1.2222
1994,9,1,3,371,1.3415
1994,9,1,4,446,2.0360
1994,9,1,5,865,1.7072
1994,9,2,1,113,0.4012
1994,9,2,2,106,-0.6525
1994,9,2,3,123,-1.6320
1994,9,2,4,160,-0.6805
1994,9,2,5,234,-0.3886
1994,9,3,1,140,-2.4184
1994,9,3,2,155,-2.1700
1994,9,3,3,166,-1.2496
1994,9,3,4,167,-1.1778
1994,9,3,5,133,-1.2822
1994,10,1,1,411,3.0601
1994,10,1,2,335,-0.0760
1994,10,1,3,369,3.0114
1994,10,1,4,441,-0.8314
1994,10,1,5,860,-0.5712
1994,10,2,1,112,0.5882
1994,10,2,2,104,-0.8938
1994,10,2,3,123,0.1421
1994,10,2,4,159,1.1797
1994,10,2,5,234,0.1724
1994,10,3,1,140,0.8323
1994,10,3,2,153,1.6243
1994,10,3,3,165,3.8201
1994,10,3,4,167,1.5785
1994,10,3,5,132,4.1270
1994,11,1,1,411,-2.6774
1994,11,1,2,332,-3.0964
1994,11,1,3,366,-2.6143
1994,11,1,4,440,-2.8034
1994,11,1,5,853,-2.4168
1994,11,2,1,112,-3.6628
1994,11,2,2,104,-4.1423
1994,11,2,3,123,-4.8113
1994,11,2,4,159,-1.9945
1994,11,2,5,232,-2.8344
1994,11,3,1,140,-4.7632
1994,11,3,2,151,-4.6444
1994,11,3,3,165,-2.5673
1994,11,3,4,167,-1.9185
1994,11,3,5,131,-1.2967
1994,12,1,1,409,0.5325
1994,12,1,2,330,-0.3670
1994,12,1,3,362,0.4850
1994,12,1,4,437,-0.4351
1994,12,1,5,847,-1.4101
1994,12,2,1,112,2.6656
1994,12,2,2,104,3.1873
1994,12,2,3,122,2.2464
1994,12,2,4,159,2.2287
1994,12,2,5,230,1.2083
1994,12,3,1,140,1.5682
1994,12,3,2,150,2.7593
1994,12,3,3,165,0.2979
1994,12,3,4,167,1.7194
1994,12,3,5,131,0.0641
1995,1,1,1,404,-0.2379
1995,1,1,2,324,0.9511
1995,1,1,3,359,3.6154
1995,1,1,4,434,2.3428
1995,1,1,5,842,1.7649
1995,1,2,1,110,-1.6309
1995,1,2,2,104,-1.4057
1995,1,2,3,121,-0.9981
1995,1,2,4,158,-0.6538
1995,1,2,5,229,-2.4126
1995,1,3,1,140,1.4138
1995,1,3,2,149,2.1398
1995,1,3,3,164,1.9617
1995,1,3,4,167,3.3388
1995,1,3,5,130,1.1758
1995,2,1,1,403,0.7751
1995,2,1,2,324,3.0529
1995,2,1,3,356,2.2777
1995,2,1,4,433,2.2066
1995,2,1,5,836,3.1664
1995,2,2,1,109,4.4838
1995,2,2,2,104,4.6183
1995,2,2,3,121,4.0132
1995,2,2,4,158,4.4225
1995,2,2,5,225,3.2494
1995,2,3,1,140,4.3463
1995,2,3,2,149,4.1271
1995,2,3,3,163,2.7351
1995,2,3,4,167,4.1816
1995,2,3,5,129,4.2519
1995,3,1,1,400,1.4953
1995,3,1,2,322,0.8770
1995,3,1,3,354,1.8207
1995,3,1,4,429,0.1432
1995,3,1,5,829,1.0969
1995,3,2,1,109,1.4983
1995,3,2,2,104,3.0547
1995,3,2,3,121,1.1431
1995,3,2,4,157,1.4976
1995,3,2,5,225,3.7380
1995,3,3,1,140,2.6740
1995,3,3,2,149,2.7706
1995,3,3,3,162,3.0134
1995,3,3,4,165,2.5832
1995,3,3,5,129,4.3798
1995,4,1,1,395,4.3213
1995,4,1,2,320,3.7242
1995,4,1,3,350,3.0155
1995,4,1,4,425,3.3038
1995,4,1,5,822,2.5608
1995,4,2,1,109,3.1695
1995,4,2,2,104,2.5213
1995,4,2,3,121,1.6796
1995,4,2,4,157,2.0584
1995,4,2,5,224,1.9682
1995,4,3,1,138,2.7634
1995,4,3,2,149,2.3123
1995,4,3,3,161,3.2798
1995,4,3,4,164,3.3225
1995,4,3,5,129,2.7762
1995,5,1,1,392,2.7156
1995,5,1,2,318,2.9490
1995,5,1,3,347,1.5972
1995,5,1,4,421,2.1154
1995,5,1,5,817,1.7339
1995,5,2,1,109,1.8812
1995,5,2,2,103,-1.4322
1995,5,2,3,121,1.4418
1995,5,2,4,157,0.2347
1995,5,2,5,224,0.8616
1995,5,3,1,138,2.0328
1995,5,3,2,147,3.0524
1995,5,3,3,161,3.7562
1995,5,3,4,164,4.4719
1995,5,3,5,129,2.8885
1995,6,1,1,392,5.7359
1995,6,1,2,314,4.7869
1995,6,1,3,342,10.4956
1995,6,1,4,417,7.4518
1995,6,1,5,810,7.7747
1995,6,2,1,109,6.7481
1995,6,2,2,103,4.3275
1995,6,2,3,121,2.4309
1995,6,2,4,156,4.5474
1995,6,2,5,223,6.2201
1995,6,3,1,136,1.6169
1995,6,3,2,146,1.9785
1995,6,3,3,161,1.8876
1995,6,3,4,163,3.9855
1995,6,3,5,128,5.7901
1995,7,1,1,457,6.0519
1995,7,1,2,321,3.1307
1995,7,1,3,398,5.0943
1995,7,1,4,524,6.6658
1995,7,1,5,860,5.8519
1995,7,2,1,146,3.2715
1995,7,2,2,130,4.7997
1995,7,2,3,160,5.7797
1995,7,2,4,188,7.7320
1995,7,2,5,244,7.9751
1995,7,3,1,143,5.0999
1995,7,3,2,167,4.2271
1995,7,3,3,190,2.7207
1995,7,3,4,201,3.2534
1995,7,3,5,141,4.4457
1995,8,1,1,456,4.1132
1995,8,1,2,316,4.0183
1995,8,1,3,394,4.9154
1995,8,1,4,516,7.2858
1995,8,1,5,854,1.9988
1995,8,2,1,143,1.9715
1995,8,2,2,129,1.4812
1995,8,2,3,160,1.8476
1995,8,2,4,186,1.4461
1995,8,2,5,243,-0.0778
1995,8,3,1,142,0.6548
1995,8,3,2,166,-0.2289
1995,8,3,3,188,0.8294
1995,8,3,4,201,-0.4125
1995,8,3,5,140,-0.6918
1995,9,1,1,453,2.1136
1995,9,1,2,312,1.1944
1995,9,1,3,386,3.2488
1995,9,1,4,514,3.2280
1995,9,1,5,849,2.4403
1995,9,2,1,143,1.0949
1995,9,2,2,128,1.3926
1995,9,2,3,160,2.5802
1995,9,2,4,185,1.6283
1995,9,2,5,242,1.8148
1995,9,3,1,142,0.4805
1995,9,3,2,165,4.0440
1995,9,3,3,188,4.6724
1995,9,3,4,200,4.8256
1995,9,3,5,140,0.9151
1995,10,1,1,453,-5.5479
1995,10,1,2,310,-5.7092
1995,10,1,3,380,-5.0926
1995,10,1,4,514,-6.5314
1995,10,1,5,841,-5.4362
1995,10,2,1,143,-6.1682
1995,10,2,2,127,-5.1371
1995,10,2,3,160,-5.9903
1995,10,2,4,184,-5.8269
1995,10,2,5,241,-8.2517
1995,10,3,1,142,-2.3181
1995,10,3,2,164,-1.0456
1995,10,3,3,187,0.0564
1995,10,3,4,198,2.3538
1995,10,3,5,140,-4.7011
1995,11,1,1,452,2.1571
1995,11,1,2,304,0.2071
1995,11,1,3,374,1.4124
1995,11,1,4,508,1.7408
1995,11,1,5,837,1.1400
1995,11,2,1,142,5.8259
1995,11,2,2,127,6.0181
1995,11,2,3,159,4.2803
1995,11,2,4,183,3.4228
1995,11,2,5,239,4.0116
1995,11,3,1,142,3.0820
1995,11,3,2,164,4.1537
1995,11,3,3,186,3.5856
1995,11,3,4,198,3.5612
1995,11,3,5,139,5.7305
1995,12,1,1,446,-0.5778
1995,12,1,2,299,3.0893
1995,12,1,3,372,1.8136
1995,12,1,4,503,5.6678
1995,12,1,5,832,0.8665
1995,12,2,1,140,1.8043
1995,12,2,2,126,2.4113
1995,12,2,3,159,1.1820
1995,12,2,4,183,3.4721
1995,12,2,5,238,1.9850
1995,12,3,1,142,1.9621
1995,12,3,2,164,3.0920
1995,12,3,3,185,1.8765
1995,12,3,4,196,1.2283
1995,12,3,5,139,-2.1411
1996,1,1,1,443,-0.0048
1996,1,1,2,297,0.3950
1996,1,1,3,371,0.9590
1996,1,1,4,500,3.8899
1996,1,1,5,824,0.9926
1996,1,2,1,140,0.1658
1996,1,2,2,126,0.3754
1996,1,2,3,159,0.5639
1996,1,2,4,183,1.1625
1996,1,2,5,237,-1.7300
1996,1,3,1,142,2.3934
1996,1,3,2,164,3.2205
1996,1,3,3,185,3.4455
1996,1,3,4,194,3.1841
1996,1,3,5,139,-0.0430
1996,2,1,1,439,2.5054
1996,2,1,2,296,6.0742
1996,2,1,3,369,2.9910
1996,2,1,4,496,2.8298
1996,2,1,5,815,3.0394
1996,2,2,1,140,3.3529
1996,2,2,2,123,4.6528
1996,2,2,3,157,3.1530
1996,2,2,4,183,3.5910
1996,2,2,5,234,3.4635
1996,2,3,1,142,1.8190
1996,2,3,2,163,-0.0668
1996,2,3,3,184,-0.2627
1996,2,3,4,194,2.5246
1996,2,3,5,139,3.4190
1996,3,1,1,435,2.9443
1996,3,1,2,294,5.6165
1996,3,1,3,365,3.3822
1996,3,1,4,493,0.5306
1996,3,1,5,812,3.3963
1996,3,2,1,140,3.8778
1996,3,2,2,123,3.7534
1996,3,2,3,156,0.2401
1996,3,2,4,182,3.4518
1996,3,2,5,233,1.8008
1996,3,3,1,142,1.8125
1996,3,3,2,163,1.6388
1996,3,3,3,184,1.1113
1996,3,3,4,193,-0.1665
1996,3,3,5,137,1.2805
1996,4,1,1,433,10.0424
1996,4,1,2,293,7.2924
1996,4,1,3,362,10.0013
1996,4,1,4,491,7.5289
1996,4,1,5,804,9.4304
1996,4,2,1,140,8.2694
1996,4,2,2,121,3.9770
1996,4,2,3,156,4.4314
1996,4,2,4,182,7.6954
1996,4,2,5,232,8.0040
1996,4,3,1,139,2.7385
1996,4,3,2,163,1.9923
1996,4,3,3,184,1.5844
1996,4,3,4,192,2.0747
1996,4,3,5,136,5.2971
1996,5,1,1,430,8.3151
1996,5,1,2,293,7.4626
1996,5,1,3,360,6.3897
1996,5,1,4,488,8.1449
1996,5,1,5,802,9.4219
1996,5,2,1,138,6.7037
1996,5,2,2,121,1.5963
1996,5,2,3,156,3.6670
1996,5,2,4,182,6.2282
1996,5,2,5,233,7.5451
1996,5,3,1,139,0.3388
1996,5,3,2,163,1.3838
1996,5,3,3,183,2.2508
1996,5,3,4,192,4.2274
1996,5,3,5,135,3.3923
1996,6,1,1,426,-3.4882
1996,6,1,2,292,-4.1456
1996,6,1,3,355,-5.9151
1996,6,1,4,478,-6.4473
1996,6,1,5,799,-7.6507
1996,6,2,1,138,-3.9434
1996,6,2,2,118,-1.3462
1996,6,2,3,155,-5.1194
1996,6,2,4,180,-4.9051
1996,6,2,5,232,-4.7469
1996,6,3,1,139,-2.1212
1996,6,3,2,163,0.5658
1996,6,3,3,183,-0.2267
1996,6,3,4,192,1.0921
1996,6,3,5,134,-2.6441
1996,7,1,1,453,-7.1729
1996,7,1,2,391,-7.0669
1996,7,1,3,434,-8.3643
1996,7,1,4,515,-11.4274
1996,7,1,5,850,-10.1377
1996,7,2,1,175,-7.3953
1996,7,2,2,131,-7.3827
1996,7,2,3,155,-10.1463
1996,7,2,4,227,-11.0895
1996,7,2,5,277,-12.0745
1996,7,3,1,132,-6.6525
1996,7,3,2,158,-4.7746
1996,7,3,3,206,-6.0771
1996,7,3,4,213,-3.1095
1996,7,3,5,158,-7.6770
1996,8,1,1,450,4.6756
1996,8,1,2,386,3.9351
1996,8,1,3,432,3.0958
1996,8,1,4,512,5.0572
1996,8,1,5,846,3.5022
1996,8,2,1,175,5.4054
1996,8,2,2,130,4.6803
1996,8,2,3,154,6.6986
1996,8,2,4,225,6.5200
1996,8,2,5,273,5.6037
1996,8,3,1,132,1.1722
1996,8,3,2,156,1.8426
1996,8,3,3,206,3.6241
1996,8,3,4,211,2.7308
1996,8,3,5,157,3.6713
1996,9,1,1,442,2.3104
1996,9,1,2,384,2.8399
1996,9,1,3,425,0.7469
1996,9,1,4,507,2.4566
1996,9,1,5,837,3.7925
1996,9,2,1,174,3.3846
1996,9,2,2,130,2.6276
1996,9,2,3,153,2.4346
1996,9,2,4,224,4.2242
1996,9,2,5,273,3.4842
1996,9,3,1,132,2.5002
1996,9,3,2,156,4.2938
1996,9,3,3,206,5.2288
1996,9,3,4,209,7.1282
1996,9,3,5,157,7.8851
1996,10,1,1,441,-0.0762
1996,10,1,2,377,-1.1877
1996,10,1,3,419,-2.3437
1996,10,1,4,504,-3.9072
1996,10,1,5,834,-3.0829
1996,10,2,1,173,0.5753
1996,10,2,2,130,-0.2084
1996,10,2,3,152,-1.7706
1996,10,2,4,223,-2.1464
1996,10,2,5,272,-4.3251
1996,10,3,1,131,1.5348
1996,10,3,2,154,3.5759
1996,10,3,3,206,-0.2862
1996,10,3,4,209,1.4695
1996,10,3,5,156,-1.0052
1996,11,1,1,439,3.7027
1996,11,1,2,375,4.1720
1996,11,1,3,414,0.6502
1996,11,1,4,499,1.6582
1996,11,1,5,831,2.0581
1996,11,2,1,171,3.4367
1996,11,2,2,130,1.5822
1996,11,2,3,151,3.5149
1996,11,2,4,222,3.0431
1996,11,2,5,272,4.2081
1996,11,3,1,131,5.7265
1996,11,3,2,152,6.9419
1996,11,3,3,206,6.6440
1996,11,3,4,209,7.2026
1996,11,3,5,156,7.8617
1996,12,1,1,437,0.9863
1996,12,1,2,370,2.0474
1996,12,1,3,413,1.2088
1996,12,1,4,492,0.9894
1996,12,1,5,828,0.5024
1996,12,2,1,171,2.3240
1996,12,2,2,130,1.3839
1996,12,2,3,151,0.6967
1996,12,2,4,222,3.2898
1996,12,2,5,270,1.5541
1996,12,3,1,131,0.4851
1996,12,3,2,152,-0.8135
1996,12,3,3,205,-1.2057
1996,12,3,4,209,-1.7750
1996,12,3,5,156,-4.0063
1997,1,1,1,436,4.5076
1997,1,1,2,369,4.6576
1997,1,1,3,404,5.7808
1997,1,1,4,486,7.0447
1997,1,1,5,818,5.4967
1997,1,2,1,170,2.3651
1997,1,2,2,128,1.5690
1997,1,2,3,150,4.3118
1997,1,2,4,222,3.1158
1997,1,2,5,269,4.3645
1997,1,3,1,131,3.0351
1997,1,3,2,151,5.0296
1997,1,3,3,201,4.4940
1997,1,3,4,209,7.6862
1997,1,3,5,155,6.4666
1997,2,1,1,434,-3.1506
1997,2,1,2,362,-2.7714
1997,2,1,3,401,-1.9690
1997,2,1,4,485,-3.7345
1997,2,1,5,812,-3.3950
1997,2,2,1,170,-2.8877
1997,2,2,2,128,-2.3274
1997,2,2,3,149,-4.3222
1997,2,2,4,221,-2.6715
1997,2,2,5,268,-4.8068
1997,2,3,1,131,-0.5412
1997,2,3,2,151,-0.7736
1997,2,3,3,198,-1.5739
1997,2,3,4,207,0.5352
1997,2,3,5,155,-0.4565
1997,3,1,1,431,-2.6374
1997,3,1,2,360,-3.1202
1997,3,1,3,397,-5.7537
1997,3,1,4,481,-5.9224
1997,3,1,5,805,-5.7569
1997,3,2,1,168,-1.9564
1997,3,2,2,127,-2.9418
1997,3,2,3,148,-3.9882
1997,3,2,4,220,-7.0076
1997,3,2,5,265,-5.9441
1997,3,3,1,131,-3.3622
1997,3,3,2,151,-2.4263
1997,3,3,3,198,-2.4853
1997,3,3,4,207,-4.7008
1997,3,3,5,155,-6.4767
1997,4,1,1,424,-3.6298
1997,4,1,2,359,-2.2302
1997,4,1,3,392,-3.9336
1997,4,1,4,478,-5.0347
1997,4,1,5,799,-3.6622
1997,4,2,1,168,-0.0850
1997,4,2,2,127,2.8874
1997,4,2,3,147,0.8951
1997,4,2,4,220,-2.4126
1997,4,2,5,263,0.9814
1997,4,3,1,131,2.0753
1997,4,3,2,151,4.8615
1997,4,3,3,197,2.8416
1997,4,3,4,207,9.1503
1997,4,3,5,155,3.3567
1997,5,1,1,422,10.5362
1997,5,1,2,358,8.8642
1997,5,1,3,389,7.8043
1997,5,1,4,477,11.3043
1997,5,1,5,789,12.1095
1997,5,2,1,167,10.8272
1997,5,2,2,126,12.0431
1997,5,2,3,147,10.2783
1997,5,2,4,219,14.6690
1997,5,2,5,261,14.2875
1997,5,3,1,129,6.4224
1997,5,3,2,151,6.2981
1997,5,3,3,197,6.9103
1997,5,3,4,207,6.5168
1997,5,3,5,155,8.0159
1997,6,1,1,418,5.9452
1997,6,1,2,356,9.1565
1997,6,1,3,387,4.2259
1997,6,1,4,476,3.3721
1997,6,1,5,782,5.1735
1997,6,2,1,166,4.2335
1997,6,2,2,125,5.3249
1997,6,2,3,147,3.8064
1997,6,2,4,218,2.4880
1997,6,2,5,260,5.0897
1997,6,3,1,128,2.8925
1997,6,3,2,150,3.9834
1997,6,3,3,197,4.1546
1997,6,3,4,206,3.7851
1997,6,3,5,154,5.1306
1997,7,1,1,531,6.8538
1997,7,1,2,403,5.3232
1997,7,1,3,448,5.9063
1997,7,1,4,559,3.2494
1997,7,1,5,882,5.9013
1997,7,2,1,157,6.0283
1997,7,2,2,131,5.6228
1997,7,2,3,145,4.9413
1997,7,2,4,183,6.2554
1997,7,2,5,252,6.3974
1997,7,3,1,139,8.7929
1997,7,3,2,182,6.8470
1997,7,3,3,214,8.2236
1997,7,3,4,212,6.4386
1997,7,3,5,184,6.9770
1997,8,1,1,524,5.4697
1997,8,1,2,400,4.4190
1997,8,1,3,440,6.4005
1997,8,1,4,553,5.8444
1997,8,1,5,877,4.1735
1997,8,2,1,155,3.0252
1997,8,2,2,130,3.7895
1997,8,2,3,144,4.7872
1997,8,2,4,182,3.9660
1997,8,2,5,251,2.7611
1997,8,3,1,139,-2.0940
1997,8,3,2,180,-3.9840
1997,8,3,3,214,-3.0567
1997,8,3,4,211,-5.6344
1997,8,3,5,183,-4.6357
1997,9,1,1,522,7.4577
1997,9,1,2,396,8.7834
1997,9,1,3,437,9.0766
1997,9,1,4,544,9.2485
1997,9,1,5,875,9.5214
1997,9,2,1,152,7.3339
1997,9,2,2,129,6.3806
1997,9,2,3,141,7.4123
1997,9,2,4,180,7.6324
1997,9,2,5,246,8.1751
1997,9,3,1,137,6.5658
1997,9,3,2,176,6.4040
1997,9,3,3,212,2.6486
1997,9,3,4,211,4.5703
1997,9,3,5,183,6.3636
1997,10,1,1,517,-2.4138
1997,10,1,2,391,-3.1448
1997,10,1,3,433,-4.7712
1997,10,1,4,541,-3.3097
1997,10,1,5,867,-5.2005
1997,10,2,1,151,-4.9140
1997,10,2,2,129,-4.3689
1997,10,2,3,141,-2.6736
1997,10,2,4,180,-6.6897
1997,10,2,5,243,-5.9469
1997,10,3,1,134,-4.2519
1997,10,3,2,176,-3.3490
1997,10,3,3,210,-5.2581
1997,10,3,4,211,-1.1556
1997,10,3,5,182,-5.3003
1997,11,1,1,512,-0.7075
1997,11,1,2,386,-1.9972
1997,11,1,3,425,-3.4583
1997,11,1,4,531,-4.5800
1997,11,1,5,863,-3.4105
1997,11,2,1,147,-1.0499
1997,11,2,2,129,-1.4437
1997,11,2,3,140,-0.4374
1997,11,2,4,179,-1.3418
1997,11,2,5,241,-2.6548
1997,11,3,1,132,2.2228
1997,11,3,2,176,5.7107
1997,11,3,3,209,4.3688
1997,11,3,4,211,3.8896
1997,11,3,5,181,4.5676
1997,12,1,1,511,-2.3008
1997,12,1,2,383,-2.3671
1997,12,1,3,421,-3.9859
1997,12,1,4,526,-4.7886
1997,12,1,5,856,-3.9472
1997,12,2,1,145,-1.2395
1997,12,2,2,129,0.9126
1997,12,2,3,137,0.4960
1997,12,2,4,178,-0.5475
1997,12,2,5,239,-0.4649
1997,12,3,1,131,2.7229
1997,12,3,2,176,0.4667
1997,12,3,3,209,-1.2356
1997,12,3,4,210,2.7755
1997,12,3,5,180,0.8289
1998,1,1,1,502,0.6745
1998,1,1,2,380,-0.0712
1998,1,1,3,415,-0.6189
1998,1,1,4,519,-1.7778
1998,1,1,5,845,0.0850
1998,1,2,1,142,-1.5939
1998,1,2,2,126,-0.1216
1998,1,2,3,135,-0.2879
1998,1,2,4,176,-0.6328
1998,1,2,5,237,-1.8388
1998,1,3,1,131,0.9055
1998,1,3,2,175,1.7514
1998,1,3,3,208,1.1531
1998,1,3,4,210,2.4650
1998,1,3,5,180,0.4808
1998,2,1,1,497,6.4699
1998,2,1,2,376,5.0419
1998,2,1,3,409,5.1463
1998,2,1,4,510,5.9033
1998,2,1,5,839,6.6103
1998,2,2,1,142,7.7828
1998,2,2,2,125,6.3089
1998,2,2,3,134,8.4950
1998,2,2,4,173,7.6521
1998,2,2,5,235,10.1656
1998,2,3,1,131,6.4525
1998,2,3,2,174,4.0267
1998,2,3,3,206,7.7979
1998,2,3,4,209,6.2891
1998,2,3,5,180,10.1373
1998,3,1,1,490,5.3702
1998,3,1,2,373,5.6089
1998,3,1,3,401,3.1735
1998,3,1,4,504,4.7213
1998,3,1,5,833,4.2505
1998,3,2,1,142,4.6612
1998,3,2,2,125,6.1969
1998,3,2,3,134,3.1019
1998,3,2,4,171,3.1857
1998,3,2,5,233,3.4978
1998,3,3,1,131,6.0934
1998,3,3,2,173,6.5469
1998,3,3,3,206,4.1474
1998,3,3,4,209,3.0870
1998,3,3,5,180,6.0544
1998,4,1,1,480,1.0710
1998,4,1,2,371,2.0595
1998,4,1,3,391,3.8779
1998,4,1,4,494,2.8600
1998,4,1,5,826,2.7562
1998,4,2,1,141,2.7521
1998,4,2,2,123,1.8524
1998,4,2,3,133,-0.0757
1998,4,2,4,171,0.0855
1998,4,2,5,230,-0.8704
1998,4,3,1,129,3.4077
1998,4,3,2,171,-1.2491
1998,4,3,3,206,1.2407
1998,4,3,4,208,0.7083
1998,4,3,5,180,0.7075
1998,5,1,1,474,-3.5986
1998,5,1,2,365,-3.8101
1998,5,1,3,385,-5.3058
1998,5,1,4,491,-5.1801
1998,5,1,5,816,-4.9394
1998,5,2,1,141,-5.9754
1998,5,2,2,121,-5.5270
1998,5,2,3,133,-5.4529
1998,5,2,4,171,-4.2632
1998,5,2,5,228,-6.8784
1998,5,3,1,129,-2.5996
1998,5,3,2,170,-1.7156
1998,5,3,3,205,-3.1312
1998,5,3,4,208,-2.3832
1998,5,3,5,180,-0.2416
1998,6,1,1,469,0.1703
1998,6,1,2,364,0.1001
1998,6,1,3,385,-3.7008
1998,6,1,4,486,-3.4724
1998,6,1,5,803,-0.8020
1998,6,2,1,141,-0.1187
1998,6,2,2,121,1.1035
1998,6,2,3,131,1.3681
1998,6,2,4,170,-2.3010
1998,6,2,5,228,-0.2156
1998,6,3,1,128,2.7871
1998,6,3,2,170,2.5601
1998,6,3,3,200,3.8426
1998,6,3,4,208,3.8628
1998,6,3,5,180,5.2872
1998,7,1,1,477,-8.0860
1998,7,1,2,421,-7.6944
1998,7,1,3,470,-6.7920
1998,7,1,4,642,-7.6698
1998,7,1,5,879,-7.0791
1998,7,2,1,149,-7.7424
1998,7,2,2,148,-10.9691
1998,7,2,3,176,-6.0190
1998,7,2,4,218,-7.9091
1998,7,2,5,245,-8.8564
1998,7,3,1,167,-0.2121
1998,7,3,2,198,-3.8354
1998,7,3,3,202,-2.1489
1998,7,3,4,227,0.2977
1998,7,3,5,173,-3.8874
1998,8,1,1,471,-17.6348
1998,8,1,2,412,-18.8672
1998,8,1,3,465,-22.5984
1998,8,1,4,630,-24.1443
1998,8,1,5,873,-22.7143
1998,8,2,1,149,-20.8489
1998,8,2,2,147,-15.9115
1998,8,2,3,175,-17.7406
1998,8,2,4,216,-19.9032
1998,8,2,5,245,-22.6701
1998,8,3,1,162,-15.8335
1998,8,3,2,198,-10.1818
1998,8,3,3,200,-10.8086
1998,8,3,4,226,-12.9086
1998,8,3,5,173,-16.7978
1998,9,1,1,467,3.7986
1998,9,1,2,405,2.0105
1998,9,1,3,458,4.2134
1998,9,1,4,624,7.4367
1998,9,1,5,866,2.6089
1998,9,2,1,148,8.9744
1998,9,2,2,145,5.4183
1998,9,2,3,174,8.9520
1998,9,2,4,212,8.7372
1998,9,2,5,243,5.3883
1998,9,3,1,161,8.6827
1998,9,3,2,197,8.7045
1998,9,3,3,199,4.8386
1998,9,3,4,225,11.6839
1998,9,3,5,171,2.6979
1998,10,1,1,463,1.4983
1998,10,1,2,399,2.9633
1998,10,1,3,448,3.5861
1998,10,1,4,608,3.1176
1998,10,1,5,854,3.7409
1998,10,2,1,148,4.7158
1998,10,2,2,142,5.0254
1998,10,2,3,174,4.0254
1998,10,2,4,210,6.3710
1998,10,2,5,243,7.5581
1998,10,3,1,159,8.6414
1998,10,3,2,197,4.1358
1998,10,3,3,198,9.5090
1998,10,3,4,224,6.1825
1998,10,3,5,169,7.1084
1998,11,1,1,457,6.5145
1998,11,1,2,396,6.7753
1998,11,1,3,435,12.9297
1998,11,1,4,589,9.6941
1998,11,1,5,838,8.2535
1998,11,2,1,147,5.0309
1998,11,2,2,140,4.9853
1998,11,2,3,173,5.7569
1998,11,2,4,209,6.6260
1998,11,2,5,242,6.8312
1998,11,3,1,156,5.6662
1998,11,3,2,197,5.3771
1998,11,3,3,197,4.3539
1998,11,3,4,222,8.9719
1998,11,3,5,168,5.5309
1998,12,1,1,454,2.7396
1998,12,1,2,388,0.3669
1998,12,1,3,423,2.9257
1998,12,1,4,582,3.5910
1998,12,1,5,832,1.1204
1998,12,2,1,147,5.9497
1998,12,2,2,139,4.7704
1998,12,2,3,173,6.0454
1998,12,2,4,207,7.0065
1998,12,2,5,242,5.2716
1998,12,3,1,155,7.8467
1998,12,3,2,195,8.0670
1998,12,3,3,197,7.1956
1998,12,3,4,220,7.6505
1998,12,3,5,168,5.0368
1999,1,1,1,452,3.7866
1999,1,1,2,378,6.1974
1999,1,1,3,415,6.1560
1999,1,1,4,572,7.3241
1999,1,1,5,815,6.2108
1999,1,2,1,146,2.5630
1999,1,2,2,139,-0.0310
1999,1,2,3,169,2.2818
1999,1,2,4,207,1.9637
1999,1,2,5,241,-0.1061
1999,1,3,1,154,3.0887
1999,1,3,2,195,5.3005
1999,1,3,3,197,3.3086
1999,1,3,4,220,5.9322
1999,1,3,5,167,2.8472
1999,2,1,1,447,-8.0865
1999,2,1,2,368,-5.6229
1999,2,1,3,407,-6.9758
1999,2,1,4,556,-7.7774
1999,2,1,5,802,-8.1962
1999,2,2,1,146,-9.2252
1999,2,2,2,138,-7.5878
1999,2,2,3,166,-7.9737
1999,2,2,4,206,-8.5162
1999,2,2,5,240,-11.9091
1999,2,3,1,154,-1.8339
1999,2,3,2,194,-5.2033
1999,2,3,3,194,-4.4915
1999,2,3,4,219,-5.9918
1999,2,3,5,165,-3.0075
1999,3,1,1,443,-4.4612
1999,3,1,2,364,-1.5074
1999,3,1,3,402,-2.8726
1999,3,1,4,541,-2.2177
1999,3,1,5,794,-5.0820
1999,3,2,1,146,-1.2629
1999,3,2,2,137,3.6874
1999,3,2,3,165,0.6705
1999,3,2,4,204,-0.3974
1999,3,2,5,238,-2.0445
1999,3,3,1,153,1.1361
1999,3,3,2,194,5.1720
1999,3,3,3,194,2.5290
1999,3,3,4,219,5.5553
1999,3,3,5,165,4.6209
1999,4,1,1,435,11.2327
1999,4,1,2,359,9.9116
1999,4,1,3,396,8.7632
1999,4,1,4,522,7.3108
1999,4,1,5,784,10.0716
1999,4,2,1,144,5.9091
1999,4,2,2,135,9.9078
1999,4,2,3,164,9.4488
1999,4,2,4,198,9.1990
1999,4,2,5,236,7.0271
1999,4,3,1,149,5.2849
1999,4,3,2,192,7.9830
1999,4,3,3,192,3.0247
1999,4,3,4,219,1.2268
1999,4,3,5,162,1.1281
1999,5,1,1,431,3.9553
1999,5,1,2,357,7.1755
1999,5,1,3,389,6.0000
1999,5,1,4,510,3.3982
1999,5,1,5,773,5.8978
1999,5,2,1,144,1.9364
1999,5,2,2,134,4.8117
1999,5,2,3,163,2.6782
1999,5,2,4,197,2.0049
1999,5,2,5,233,3.9426
1999,5,3,1,149,-1.1311
1999,5,3,2,192,-2.6286
1999,5,3,3,191,-1.4575
1999,5,3,4,216,-1.3587
1999,5,3,5,160,-0.9323
1999,6,1,1,424,4.9550
1999,6,1,2,356,7.2124
1999,6,1,3,384,7.8604
1999,6,1,4,503,6.0229
1999,6,1,5,763,9.0303
1999,6,2,1,142,8.5148
1999,6,2,2,133,2.9537
1999,6,2,3,161,7.1268
1999,6,2,4,196,8.6369
1999,6,2,5,234,8.0423
1999,6,3,1,147,5.5515
1999,6,3,2,191,2.6135
1999,6,3,3,190,4.7177
1999,6,3,4,217,9.7652
1999,6,3,5,159,1.8544
1999,7,1,1,393,2.3866
1999,7,1,2,376,3.4426
1999,7,1,3,415,1.2165
1999,7,1,4,656,2.5151
1999,7,1,5,806,0.6549
1999,7,2,1,161,-1.4380
1999,7,2,2,172,1.7785
1999,7,2,3,160,-0.2305
1999,7,2,4,215,-1.2220
1999,7,2,5,232,-5.1893
1999,7,3,1,157,-4.8860
1999,7,3,2,199,-1.4446
1999,7,3,3,222,-2.4179
1999,7,3,4,222,-2.0914
1999,7,3,5,152,-2.8669
1999,8,1,1,391,-1.6010
1999,8,1,2,369,-3.4951
1999,8,1,3,410,-2.7000
1999,8,1,4,643,-1.0749
1999,8,1,5,797,-2.5865
1999,8,2,1,160,-1.3561
1999,8,2,2,169,-0.5910
1999,8,2,3,158,-2.5306
1999,8,2,4,214,-4.9800
1999,8,2,5,228,-4.1970
1999,8,3,1,156,-2.9639
1999,8,3,2,199,-1.1631
1999,8,3,3,218,-0.1455
1999,8,3,4,222,2.8181
1999,8,3,5,150,-1.4429
1999,9,1,1,388,-1.5349
1999,9,1,2,365,-1.1516
1999,9,1,3,402,-2.2849
1999,9,1,4,635,0.6288
1999,9,1,5,790,-2.4032
1999,9,2,1,160,-1.7181
1999,9,2,2,167,-0.6055
1999,9,2,3,155,0.2308
1999,9,2,4,208,3.1622
1999,9,2,5,227,-1.5574
1999,9,3,1,155,-0.7245
1999,9,3,2,196,-0.4542
1999,9,3,3,216,-0.9160
1999,9,3,4,220,-3.7702
1999,9,3,5,149,-4.0194
1999,10,1,1,378,-1.2274
1999,10,1,2,356,0.1189
1999,10,1,3,391,-0.7188
1999,10,1,4,626,-2.4304
1999,10,1,5,783,-2.5506
1999,10,2,1,159,-3.2320
1999,10,2,2,166,1.0400
1999,10,2,3,154,-1.4228
1999,10,2,4,206,0.5537
1999,10,2,5,227,-4.8278
1999,10,3,1,155,8.3268
1999,10,3,2,195,4.0505
1999,10,3,3,213,6.0419
1999,10,3,4,220,2.9774
1999,10,3,5,147,6.7836
1999,11,1,1,373,8.2857
1999,11,1,2,352,11.5377
1999,11,1,3,386,13.1859
1999,11,1,4,612,17.7647
1999,11,1,5,779,12.6589
1999,11,2,1,158,4.2803
1999,11,2,2,164,8.2769
1999,11,2,3,154,9.1530
1999,11,2,4,205,11.3579
1999,11,2,5,225,8.2455
1999,11,3,1,154,3.6977
1999,11,3,2,194,4.9506
1999,11,3,3,211,4.9473
1999,11,3,4,218,2.2024
1999,11,3,5,144,4.8552
1999,12,1,1,367,9.7139
1999,12,1,2,347,18.8298
1999,12,1,3,380,17.0307
1999,12,1,4,603,19.5769
1999,12,1,5,771,12.9746
1999,12,2,1,157,11.7230
1999,12,2,2,160,12.7091
1999,12,2,3,151,10.5256
1999,12,2,4,200,11.5369
1999,12,2,5,219,11.1097
1999,12,3,1,153,10.1856
1999,12,3,2,193,7.9621
1999,12,3,3,211,8.8966
1999,12,3,4,214,6.9089
1999,12,3,5,142,8.7428
2000,1,1,1,365,3.1831
2000,1,1,2,345,1.7795
2000,1,1,3,373,13.3133
2000,1,1,4,598,14.8660
2000,1,1,5,753,6.6729
2000,1,2,1,154,4.4442
2000,1,2,2,158,-3.6517
2000,1,2,3,148,-3.6393
2000,1,2,4,197,-0.5755
2000,1,2,5,218,-0.6984
2000,1,3,1,151,-7.2744
2000,1,3,2,191,-0.1634
2000,1,3,3,211,-7.5261
2000,1,3,4,212,-3.4682
2000,1,3,5,142,-7.8042
2000,2,1,1,360,15.1782
2000,2,1,2,343,21.1129
2000,2,1,3,365,30.9131
2000,2,1,4,592,50.1364
2000,2,1,5,750,28.0449
2000,2,2,1,154,15.5082
2000,2,2,2,156,14.2098
2000,2,2,3,146,21.7374
2000,2,2,4,196,23.6376
2000,2,2,5,216,19.7135
2000,2,3,1,150,3.7862
2000,2,3,2,190,4.8908
2000,2,3,3,211,1.3260
2000,2,3,4,210,-1.3285
2000,2,3,5,140,0.4384
2000,3,1,1,355,-0.8593
2000,3,1,2,336,-6.6272
2000,3,1,3,358,-10.6163
2000,3,1,4,586,-17.4036
2000,3,1,5,741,-9.2068
2000,3,2,1,150,-7.3136
2000,3,2,2,154,-4.6343
2000,3,2,3,145,-5.7173
2000,3,2,4,195,-9.9520
2000,3,2,5,213,-5.1898
2000,3,3,1,149,8.4406
2000,3,3,2,188,8.4428
2000,3,3,3,210,8.8193
2000,3,3,4,209,6.8417
2000,3,3,5,140,5.7468
2000,4,1,1,350,-12.9621
2000,4,1,2,332,-11.5139
2000,4,1,3,354,-20.5296
2000,4,1,4,576,-17.8032
2000,4,1,5,737,-15.9598
2000,4,2,1,145,-2.2207
2000,4,2,2,153,-4.5050
2000,4,2,3,144,-6.9011
2000,4,2,4,194,-7.0696
2000,4,2,5,212,-10.3506
2000,4,3,1,148,-5.6154
2000,4,3,2,185,-3.1150
2000,4,3,3,209,-0.9125
2000,4,3,4,209,-5.3866
2000,4,3,5,139,-3.5104
2000,5,1,1,345,-6.7344
2000,5,1,2,326,-8.0330
2000,5,1,3,353,-11.9987
2000,5,1,4,577,-13.5868
2000,5,1,5,728,-9.8874
2000,5,2,1,143,-6.5754
2000,5,2,2,151,-5.6200
2000,5,2,3,142,-8.9252
2000,5,2,4,189,-6.6262
2000,5,2,5,211,-6.5459
2000,5,3,1,145,-6.3212
2000,5,3,2,184,-7.3291
2000,5,3,3,209,-2.7990
2000,5,3,4,207,-2.0082
2000,5,3,5,139,-3.2986
2000,6,1,1,342,10.0762
2000,6,1,2,320,22.7410
2000,6,1,3,350,21.8322
2000,6,1,4,570,35.3564
2000,6,1,5,718,22.1739
2000,6,2,1,142,8.3615
2000,6,2,2,150,8.1799
2000,6,2,3,141,10.7679
2000,6,2,4,186,14.3842
2000,6,2,5,207,7.7871
2000,6,3,1,144,4.0349
2000,6,3,2,184,-0.2526
2000,6,3,3,209,3.4649
2000,6,3,4,207,8.3074
2000,6,3,5,138,3.5150
2000,7,1,1,437,-0.2017
2000,7,1,2,311,0.5512
2000,7,1,3,389,0.4983
2000,7,1,4,448,-3.7051
2000,7,1,5,743,-2.9130
2000,7,2,1,139,-0.9678
2000,7,2,2,140,-0.5526
2000,7,2,3,169,-0.1169
2000,7,2,4,208,-3.4712
2000,7,2,5,262,-3.9513
2000,7,3,1,163,-2.1942
2000,7,3,2,174,-2.1362
2000,7,3,3,207,-1.4870
2000,7,3,4,268,-3.2793
2000,7,3,5,209,-7.2078
2000,8,1,1,432,6.7683
2000,8,1,2,309,7.3688
2000,8,1,3,386,6.1157
2000,8,1,4,446,9.3659
2000,8,1,5,734,8.1394
2000,8,2,1,138,9.0259
2000,8,2,2,138,5.0157
2000,8,2,3,169,7.3493
2000,8,2,4,206,7.1542
2000,8,2,5,260,9.6835
2000,8,3,1,160,6.3285
2000,8,3,2,174,8.3056
2000,8,3,3,204,4.2954
2000,8,3,4,266,8.9825
2000,8,3,5,205,3.8523
2000,9,1,1,425,-1.3022
2000,9,1,2,305,-4.5948
2000,9,1,3,379,-0.7332
2000,9,1,4,439,-5.9853
2000,9,1,5,728,-4.9418
2000,9,2,1,137,-0.9059
2000,9,2,2,135,-2.7666
2000,9,2,3,167,-2.0187
2000,9,2,4,205,-0.6742
2000,9,2,5,258,-5.5114
2000,9,3,1,157,-6.4787
2000,9,3,2,173,-2.8266
2000,9,3,3,203,-6.1462
2000,9,3,4,262,-10.1814
2000,9,3,5,205,-1.6698
2000,10,1,1,420,-6.1435
2000,10,1,2,300,-6.5144
2000,10,1,3,371,-7.9581
2000,10,1,4,432,-8.3043
2000,10,1,5,721,-9.7360
2000,10,2,1,136,-4.6024
2000,10,2,2,132,-2.0762
2000,10,2,3,164,0.2929
2000,10,2,4,204,-5.0789
2000,10,2,5,256,-4.2737
2000,10,3,1,154,-6.3277
2000,10,3,2,172,-2.5857
2000,10,3,3,201,0.5450
2000,10,3,4,259,-0.0675
2000,10,3,5,203,-0.7745
2000,11,1,1,409,-8.2950
2000,11,1,2,290,-8.9868
2000,11,1,3,359,-9.2155
2000,11,1,4,428,-14.5564
2000,11,1,5,705,-11.5465
2000,11,2,1,135,-8.0071
2000,11,2,2,130,-6.5487
2000,11,2,3,163,-4.4079
2000,11,2,4,202,-10.9638
2000,11,2,5,253,-9.2491
2000,11,3,1,154,-11.8687
2000,11,3,2,170,-12.5805
2000,11,3,3,199,-6.7537
2000,11,3,4,256,-10.0888
2000,11,3,5,202,-7.1650
2000,12,1,1,405,0.3534
2000,12,1,2,283,0.6448
2000,12,1,3,350,-0.9241
2000,12,1,4,420,-5.1782
2000,12,1,5,693,-2.2769
2000,12,2,1,134,11.1036
2000,12,2,2,129,9.6978
2000,12,2,3,162,7.1152
2000,12,2,4,200,6.1932
2000,12,2,5,252,7.3071
2000,12,3,1,154,5.2122
2000,12,3,2,169,-1.4714
2000,12,3,3,198,-3.3925
2000,12,3,4,253,-1.0138
2000,12,3,5,201,2.2467
2001,1,1,1,401,15.2183
2001,1,1,2,276,19.4283
2001,1,1,3,342,16.3626
2001,1,1,4,414,20.2424
2001,1,1,5,681,18.0493
2001,1,2,1,134,5.4473
2001,1,2,2,126,4.1299
2001,1,2,3,157,5.1353
2001,1,2,4,199,6.7557
2001,1,2,5,250,7.3818
2001,1,3,1,153,6.2032
2001,1,3,2,169,3.8452
2001,1,3,3,196,4.6147
2001,1,3,4,253,6.8036
2001,1,3,5,200,-0.3054
2001,2,1,1,393,-1.3482
2001,2,1,2,270,-6.2823
2001,2,1,3,334,-6.0224
2001,2,1,4,405,-7.4399
2001,2,1,5,669,-6.4049
2001,2,2,1,133,-3.4729
2001,2,2,2,124,-1.7085
2001,2,2,3,152,-3.3334
2001,2,2,4,199,-6.2782
2001,2,2,5,249,-7.4071
2001,2,3,1,153,-5.0342
2001,2,3,2,169,-7.9736
2001,2,3,3,193,-11.1039
2001,2,3,4,253,-11.5961
2001,2,3,5,200,-8.6953
2001,3,1,1,389,-2.2057
2001,3,1,2,267,-2.5189
2001,3,1,3,332,-4.0122
2001,3,1,4,397,-6.3532
2001,3,1,5,663,-5.6920
2001,3,2,1,132,-3.5307
2001,3,2,2,122,-0.9966
2001,3,2,3,150,-1.6409
2001,3,2,4,199,-6.7988
2001,3,2,5,247,-5.8161
2001,3,3,1,152,-6.8338
2001,3,3,2,168,-7.7516
2001,3,3,3,190,-5.2997
2001,3,3,4,252,-7.8266
2001,3,3,5,199,-8.3275
2001,4,1,1,382,6.5393
2001,4,1,2,260,6.0250
2001,4,1,3,327,9.5163
2001,4,1,4,389,5.9005
2001,4,1,5,659,5.6324
2001,4,2,1,129,8.0939
2001,4,2,2,122,6.6160
2001,4,2,3,150,7.8047
2001,4,2,4,198,8.0617
2001,4,2,5,247,7.2187
2001,4,3,1,151,7.8146
2001,4,3,2,167,10.7169
2001,4,3,3,190,6.1340
2001,4,3,4,250,11.8974
2001,4,3,5,198,6.5597
2001,5,1,1,380,11.2251
2001,5,1,2,257,8.3220
2001,5,1,3,315,11.6783
2001,5,1,4,379,11.8160
2001,5,1,5,646,13.5376
2001,5,2,1,128,5.6601
2001,5,2,2,118,2.5986
2001,5,2,3,149,1.5699
2001,5,2,4,198,3.0076
2001,5,2,5,245,5.7742
2001,5,3,1,151,-0.2922
2001,5,3,2,167,0.6286
2001,5,3,3,189,1.2825
2001,5,3,4,248,-0.4884
2001,5,3,5,198,0.1848
2001,6,1,1,374,1.4115
2001,6,1,2,252,2.7889
2001,6,1,3,307,2.2607
2001,6,1,4,368,0.3362
2001,6,1,5,637,4.7151
2001,6,2,1,126,5.5813
2001,6,2,2,117,1.8818
2001,6,2,3,148,2.3658
2001,6,2,4,194,4.6653
2001,6,2,5,244,7.2607
2001,6,3,1,151,-3.4594
2001,6,3,2,167,-3.3657
2001,6,3,3,187,-2.7579
2001,6,3,4,247,0.1440
2001,6,3,5,196,-6.6064
2001,7,1,1,406,0.8214
2001,7,1,2,332,-0.7794
2001,7,1,3,406,-5.6532
2001,7,1,4,451,-5.3560
2001,7,1,5,631,-3.3153
2001,7,2,1,142,-3.9025
2001,7,2,2,141,-3.8566
2001,7,2,3,182,-5.7515
2001,7,2,4,204,-7.4084
2001,7,2,5,244,-6.3386
2001,7,3,1,134,-5.0229
2001,7,3,2,185,-0.7901
2001,7,3,3,192,-0.4289
2001,7,3,4,198,-2.0333
2001,7,3,5,173,-1.3414
2001,8,1,1,404,0.0805
2001,8,1,2,328,-3.4565
2001,8,1,3,396,-4.7692
2001,8,1,4,441,-6.0393
2001,8,1,5,621,-3.8831
2001,8,2,1,140,-3.4370
2001,8,2,2,141,-2.3255
2001,8,2,3,182,-3.4625
2001,8,2,4,204,-2.8274
2001,8,2,5,241,-4.1997
2001,8,3,1,132,-7.2966
2001,8,3,2,185,-8.2224
2001,8,3,3,192,-6.0939
2001,8,3,4,198,-5.1551
2001,8,3,5,173,-7.4088
2001,9,1,1,398,-14.2939
2001,9,1,2,323,-12.2288
2001,9,1,3,381,-13.9801
2001,9,1,4,423,-17.2516
2001,9,1,5,605,-13.4674
2001,9,2,1,140,-16.5062
2001,9,2,2,140,-13.9487
2001,9,2,3,182,-15.9792
2001,9,2,4,202,-15.8971
2001,9,2,5,240,-19.2261
2001,9,3,1,131,-15.3792
2001,9,3,2,181,-11.8140
2001,9,3,3,191,-4.8923
2001,9,3,4,196,-8.1216
2001,9,3,5,169,-13.1502
2001,10,1,1,396,8.2337
2001,10,1,2,318,3.7165
2001,10,1,3,375,8.3778
2001,10,1,4,418,12.4620
2001,10,1,5,597,8.9424
2001,10,2,1,138,4.1141
2001,10,2,2,140,7.0816
2001,10,2,3,179,10.4604
2001,10,2,4,200,6.7648
2001,10,2,5,240,8.1670
2001,10,3,1,131,1.0298
2001,10,3,2,178,6.2263
2001,10,3,3,191,1.2992
2001,10,3,4,196,4.2034
2001,10,3,5,169,4.8325
2001,11,1,1,392,6.2060
2001,11,1,2,316,7.2960
2001,11,1,3,368,7.3616
2001,11,1,4,414,7.7717
2001,11,1,5,589,6.2221
2001,11,2,1,138,9.9521
2001,11,2,2,140,8.9650
2001,11,2,3,178,9.0610
2001,11,2,4,198,8.0132
2001,11,2,5,238,10.6223
2001,11,3,1,131,8.0821
2001,11,3,2,176,11.1520
2001,11,3,3,190,5.7309
2001,11,3,4,194,8.1200
2001,11,3,5,169,8.2024
2001,12,1,1,389,7.0516
2001,12,1,2,309,5.2237
2001,12,1,3,361,7.5771
2001,12,1,4,399,10.5145
2001,12,1,5,576,6.6580
2001,12,2,1,138,6.0375
2001,12,2,2,140,6.5362
2001,12,2,3,176,6.7231
2001,12,2,4,197,6.9252
2001,12,2,5,238,6.9018
2001,12,3,1,131,2.5973
2001,12,3,2,172,0.8570
2001,12,3,3,190,1.7895
2001,12,3,4,193,0.4161
2001,12,3,5,169,-0.2169
2002,1,1,1,382,4.9280
2002,1,1,2,305,2.6022
2002,1,1,3,360,2.9721
2002,1,1,4,397,-0.9934
2002,1,1,5,569,3.2571
2002,1,2,1,138,-0.0051
2002,1,2,2,139,1.5965
2002,1,2,3,173,-0.1902
2002,1,2,4,197,-4.1872
2002,1,2,5,238,-0.8493
2002,1,3,1,131,-1.9076
2002,1,3,2,170,-1.1311
2002,1,3,3,188,-1.2189
2002,1,3,4,193,-0.6191
2002,1,3,5,168,-2.0683
2002,2,1,1,377,-1.7887
2002,2,1,2,299,-3.6012
2002,2,1,3,357,-6.7536
2002,2,1,4,389,-6.1246
2002,2,1,5,567,-5.9099
2002,2,2,1,138,-0.7579
2002,2,2,2,139,-1.4622
2002,2,2,3,173,-4.4340
2002,2,2,4,197,-2.0041
2002,2,2,5,237,-3.9451
2002,2,3,1,130,1.7160
2002,2,3,2,168,-7.3886
2002,2,3,3,186,0.1521
2002,2,3,4,191,-2.1513
2002,2,3,5,168,-3.9664
2002,3,1,1,374,10.1207
2002,3,1,2,292,9.4214
2002,3,1,3,353,11.0095
2002,3,1,4,382,8.1527
2002,3,1,5,562,8.0740
2002,3,2,1,137,13.0559
2002,3,2,2,138,9.0461
2002,3,2,3,172,8.6741
2002,3,2,4,197,7.8828
2002,3,2,5,238,8.6815
2002,3,3,1,129,5.7106
2002,3,3,2,168,7.6153
2002,3,3,3,186,2.2162
2002,3,3,4,191,2.9852
2002,3,3,5,166,2.0846
2002,4,1,1,372,5.1781
2002,4,1,2,290,5.3721
2002,4,1,3,348,1.5217
2002,4,1,4,378,-2.8251
2002,4,1,5,555,1.3749
2002,4,2,1,137,1.2620
2002,4,2,2,138,0.5570
2002,4,2,3,172,-1.4813
2002,4,2,4,195,-0.2252
2002,4,2,5,236,0.0381
2002,4,3,1,129,-2.7918
2002,4,3,2,168,-7.7635
2002,4,3,3,183,-6.7319
2002,4,3,4,190,-6.6672
2002,4,3,5,166,-7.9171
2002,5,1,1,371,-2.0215
2002,5,1,2,286,0.1225
2002,5,1,3,340,-0.1321
2002,5,1,4,370,-2.9204
2002,5,1,5,546,-2.7565
2002,5,2,1,135,-4.2160
2002,5,2,2,138,-3.2575
2002,5,2,3,172,-7.5183
2002,5,2,4,195,-5.4193
2002,5,2,5,234,-4.1389
2002,5,3,1,129,-0.0223
2002,5,3,2,168,-0.9631
2002,5,3,3,183,-1.0729
2002,5,3,4,190,-1.1957
2002,5,3,5,166,-2.1473
2002,6,1,1,365,-1.0528
2002,6,1,2,280,-3.5713
2002,6,1,3,335,-3.0684
2002,6,1,4,369,-5.8532
2002,6,1,5,540,-3.6774
2002,6,2,1,134,-6.8967
2002,6,2,2,138,-5.3849
2002,6,2,3,172,-2.5645
2002,6,2,4,195,-5.8492
2002,6,2,5,232,-6.5293
2002,6,3,1,129,-7.8703
2002,6,3,2,167,-8.0947
2002,6,3,3,182,-4.9405
2002,6,3,4,189,-8.8772
2002,6,3,5,165,-10.8325
2002,7,1,1,282,-12.7004
2002,7,1,2,344,-15.3726
2002,7,1,3,411,-14.1454
2002,7,1,4,594,-16.0920
2002,7,1,5,700,-17.4869
2002,7,2,1,117,-15.1996
2002,7,2,2,128,-14.8086
2002,7,2,3,176,-19.6195
2002,7,2,4,177,-15.8181
2002,7,2,5,188,-16.5391
2002,7,3,1,127,-9.3667
2002,7,3,2,148,-11.8357
2002,7,3,3,170,-4.7805
2002,7,3,4,184,-7.4709
2002,7,3,5,154,-6.1275
2002,8,1,1,280,-2.7519
2002,8,1,2,338,-1.9004
2002,8,1,3,410,-0.9998
2002,8,1,4,585,-2.1782
2002,8,1,5,692,-2.9570
2002,8,2,1,117,-1.1609
2002,8,2,2,128,1.9046
2002,8,2,3,175,-1.0111
2002,8,2,4,177,0.3738
2002,8,2,5,188,-0.2507
2002,8,3,1,127,-2.7913
2002,8,3,2,147,-0.9202
2002,8,3,3,170,-1.1687
2002,8,3,4,184,1.3254
2002,8,3,5,153,1.8887
2002,9,1,1,278,-9.4508
2002,9,1,2,335,-10.5775
2002,9,1,3,405,-9.0953
2002,9,1,4,565,-10.6188
2002,9,1,5,686,-10.0020
2002,9,2,1,117,-8.3562
2002,9,2,2,128,-7.3893
2002,9,2,3,172,-9.6199
2002,9,2,4,177,-7.3465
2002,9,2,5,188,-6.3108
2002,9,3,1,127,-13.3695
2002,9,3,2,147,-9.3773
2002,9,3,3,170,-10.7885
2002,9,3,4,184,-8.5037
2002,9,3,5,152,-11.1411
2002,10,1,1,277,0.4309
2002,10,1,2,333,1.9603
2002,10,1,3,400,5.4396
2002,10,1,4,557,7.1037
2002,10,1,5,683,5.2116
2002,10,2,1,117,2.6775
2002,10,2,2,128,3.0960
2002,10,2,3,172,7.8591
2002,10,2,4,177,5.9237
2002,10,2,5,188,4.3453
2002,10,3,1,127,11.8143
2002,10,3,2,147,5.8881
2002,10,3,3,169,5.8712
2002,10,3,4,184,9.5044
2002,10,3,5,152,7.7878
2002,11,1,1,272,10.2118
2002,11,1,2,330,10.6584
2002,11,1,3,393,13.0635
2002,11,1,4,546,19.0886
2002,11,1,5,674,15.0915
2002,11,2,1,117,9.7910
2002,11,2,2,127,7.6493
2002,11,2,3,172,13.4572
2002,11,2,4,177,10.8018
2002,11,2,5,187,10.4100
2002,11,3,1,126,16.1732
2002,11,3,2,147,6.8966
2002,11,3,3,169,7.0888
2002,11,3,4,184,3.3024
2002,11,3,5,152,4.0587
2002,12,1,1,269,-2.7172
2002,12,1,2,326,-4.2223
2002,12,1,3,388,-4.9741
2002,12,1,4,536,-9.9660
2002,12,1,5,671,-7.4264
2002,12,2,1,116,-7.5868
2002,12,2,2,127,-4.9273
2002,12,2,3,171,-8.3624
2002,12,2,4,177,-7.8821
2002,12,2,5,187,-7.8306
2002,12,3,1,126,-11.1715
2002,12,3,2,147,-5.0713
2002,12,3,3,168,-5.8726
2002,12,3,4,184,-4.8646
2002,12,3,5,152,-4.0480
2003,1,1,1,269,-3.5448
2003,1,1,2,323,1.0067
2003,1,1,3,382,-0.7036
2003,1,1,4,525,-0.9517
2003,1,1,5,660,-1.5569
2003,1,2,1,115,-2.3007
2003,1,2,2,127,-2.3723
2003,1,2,3,171,-3.2392
2003,1,2,4,177,-4.9651
2003,1,2,5,186,-4.7729
2003,1,3,1,125,-0.5871
2003,1,3,2,147,-3.6557
2003,1,3,3,168,-3.1954
2003,1,3,4,184,-3.6135
2003,1,3,5,152,-2.6068
2003,2,1,1,268,-3.8595
2003,2,1,2,321,-4.8234
2003,2,1,3,376,-2.7351
2003,2,1,4,515,-3.2742
2003,2,1,5,650,-5.3612
2003,2,2,1,114,-2.6180
2003,2,2,2,126,-3.5313
2003,2,2,3,171,-3.8811
2003,2,2,4,175,-2.6983
2003,2,2,5,186,-3.0084
2003,2,3,1,125,-1.6444
2003,2,3,2,147,-3.0435
2003,2,3,3,166,-0.8990
2003,2,3,4,184,-0.7291
2003,2,3,5,152,-1.2623
2003,3,1,1,264,-2.1037
2003,3,1,2,317,-1.2487
2003,3,1,3,373,2.5027
2003,3,1,4,499,2.5720
2003,3,1,5,643,1.9200
2003,3,2,1,114,0.9491
2003,3,2,2,126,0.7717
2003,3,2,3,171,1.8740
2003,3,2,4,175,2.1424
2003,3,2,5,186,1.8030
2003,3,3,1,125,-2.1175
2003,3,3,2,147,1.2212
2003,3,3,3,165,2.6167
2003,3,3,4,184,2.7274
2003,3,3,5,152,0.9340
2003,4,1,1,261,9.9983
2003,4,1,2,317,9.8325
2003,4,1,3,367,11.7433
2003,4,1,4,481,10.4726
2003,4,1,5,630,11.2002
2003,4,2,1,113,9.0947
2003,4,2,2,125,9.9427
2003,4,2,3,169,11.7231
2003,4,2,4,174,9.1399
2003,4,2,5,186,11.0673
2003,4,3,1,125,11.2243
2003,4,3,2,146,6.4864
2003,4,3,3,165,8.0518
2003,4,3,4,183,5.4683
2003,4,3,5,152,6.1226
2003,5,1,1,260,12.3288
2003,5,1,2,313,12.1504
2003,5,1,3,364,15.3742
2003,5,1,4,470,21.1581
2003,5,1,5,621,17.2580
2003,5,2,1,113,10.0971
2003,5,2,2,125,8.6179
2003,5,2,3,169,14.7550
2003,5,2,4,173,10.1684
2003,5,2,5,185,12.4385
2003,5,3,1,125,8.9780
2003,5,3,2,145,10.4474
2003,5,3,3,165,5.8746
2003,5,3,4,183,2.7357
2003,5,3,5,150,5.2736
2003,6,1,1,260,4.6760
2003,6,1,2,306,7.6874
2003,6,1,3,358,5.2336
2003,6,1,4,463,5.0844
2003,6,1,5,613,6.6454
2003,6,2,1,113,2.6872
2003,6,2,2,124,3.0620
2003,6,2,3,169,0.7055
2003,6,2,4,172,2.5054
2003,6,2,5,185,1.4355
2003,6,3,1,125,0.9040
2003,6,3,2,145,2.1662
2003,6,3,3,165,0.0916
2003,6,3,4,183,0.4525
2003,6,3,5,150,4.4334
2003,7,1,1,309,8.7345
2003,7,1,2,287,8.1712
2003,7,1,3,329,11.7191
2003,7,1,4,446,11.5651
2003,7,1,5,704,6.9882
2003,7,2,1,131,5.0415
2003,7,2,2,124,4.4135
2003,7,2,3,126,7.1767
2003,7,2,4,155,6.5350
2003,7,2,5,210,7.7883
2003,7,3,1,131,0.5046
2003,7,3,2,146,5.4184
2003,7,3,3,147,0.8946
2003,7,3,4,198,1.1984
2003,7,3,5,174,-0.2709
2003,8,1,1,306,6.9497
2003,8,1,2,286,5.1825
2003,8,1,3,322,4.6953
2003,8,1,4,439,6.3905
2003,8,1,5,693,4.9755
2003,8,2,1,130,6.2520
2003,8,2,2,124,5.2752
2003,8,2,3,126,8.0751
2003,8,2,4,155,4.9581
2003,8,2,5,210,5.4038
2003,8,3,1,131,5.0129
2003,8,3,2,146,3.5937
2003,8,3,3,146,5.3625
2003,8,3,4,198,3.2694
2003,8,3,5,174,0.6716
2003,9,1,1,304,2.6294
2003,9,1,2,284,0.6254
2003,9,1,3,318,1.3053
2003,9,1,4,432,3.3467
2003,9,1,5,685,4.8740
2003,9,2,1,126,-2.9280
2003,9,2,2,123,-3.7689
2003,9,2,3,126,-6.1040
2003,9,2,4,155,-4.0848
2003,9,2,5,210,-1.8193
2003,9,3,1,131,-3.9771
2003,9,3,2,145,-1.7088
2003,9,3,3,146,-1.6586
2003,9,3,4,198,-0.8326
2003,9,3,5,173,-1.6133
2003,10,1,1,304,11.2963
2003,10,1,2,279,10.8000
2003,10,1,3,315,11.8463
2003,10,1,4,425,10.7624
2003,10,1,5,678,8.1154
2003,10,2,1,126,8.2849
2003,10,2,2,123,8.4105
2003,10,2,3,125,9.1274
2003,10,2,4,155,8.9310
2003,10,2,5,209,8.1452
2003,10,3,1,131,9.1321
2003,10,3,2,145,6.3748
2003,10,3,3,146,6.9953
2003,10,3,4,196,3.9387
2003,10,3,5,173,4.3761
2003,11,1,1,300,7.5753
2003,11,1,2,278,4.4663
2003,11,1,3,310,5.6410
2003,11,1,4,421,6.2397
2003,11,1,5,671,2.6166
2003,11,2,1,126,3.8316
2003,11,2,2,122,3.9963
2003,11,2,3,125,5.3599
2003,11,2,4,153,2.0672
2003,11,2,5,209,1.5835
2003,11,3,1,131,1.2965
2003,11,3,2,145,1.9664
2003,11,3,3,146,2.1793
2003,11,3,4,196,1.1333
2003,11,3,5,172,1.1378
2003,12,1,1,294,3.4864
2003,12,1,2,276,4.1451
2003,12,1,3,307,3.4919
2003,12,1,4,419,0.7320
2003,12,1,5,662,1.7422
2003,12,2,1,126,4.2120
2003,12,2,2,122,3.4905
2003,12,2,3,125,4.2372
2003,12,2,4,153,0.9594
2003,12,2,5,209,1.3451
2003,12,3,1,131,7.6974
2003,12,3,2,145,4.1773
2003,12,3,3,146,4.4797
2003,12,3,4,195,5.2306
2003,12,3,5,171,3.2554
2004,1,1,1,291,6.5877
2004,1,1,2,274,6.1090
2004,1,1,3,306,6.8148
2004,1,1,4,414,9.3138
2004,1,1,5,653,9.3048
2004,1,2,1,123,2.1370
2004,1,2,2,122,3.4483
2004,1,2,3,123,2.8897
2004,1,2,4,153,6.1618
2004,1,2,5,209,4.1016
2004,1,3,1,131,1.4655
2004,1,3,2,144,1.3844
2004,1,3,3,146,1.7431
2004,1,3,4,195,1.7066
2004,1,3,5,171,1.0217
2004,2,1,1,286,-0.0896
2004,2,1,2,272,0.0452
2004,2,1,3,305,0.6653
2004,2,1,4,409,0.1279
2004,2,1,5,647,-0.7320
2004,2,2,1,123,1.2134
2004,2,2,2,122,0.3007
2004,2,2,3,123,1.1991
2004,2,2,4,153,-0.1035
2004,2,2,5,209,0.1919
2004,2,3,1,130,1.5753
2004,2,3,2,144,-0.3332
2004,2,3,3,146,1.6089
2004,2,3,4,195,0.4057
2004,2,3,5,170,2.9128
2004,3,1,1,283,-1.0995
2004,3,1,2,271,-0.3945
2004,3,1,3,301,0.5311
2004,3,1,4,408,-1.6287
2004,3,1,5,639,-1.3490
2004,3,2,1,123,0.8809
2004,3,2,2,122,0.6725
2004,3,2,3,123,-0.4903
2004,3,2,4,153,0.2607
2004,3,2,5,208,3.4977
2004,3,3,1,130,-1.0733
2004,3,3,2,144,-1.7990
2004,3,3,3,146,0.2930
2004,3,3,4,195,-1.4732
2004,3,3,5,170,-2.3512
2004,4,1,1,278,-1.9804
2004,4,1,2,270,-4.5165
2004,4,1,3,297,-5.0675
2004,4,1,4,405,-9.8395
2004,4,1,5,634,-4.1694
2004,4,2,1,123,-2.4448
2004,4,2,2,122,-2.2710
2004,4,2,3,123,-4.3819
2004,4,2,4,153,-5.5906
2004,4,2,5,208,-4.1649
2004,4,3,1,129,-1.0276
2004,4,3,2,144,-3.3209
2004,4,3,3,146,-1.8673
2004,4,3,4,194,-0.0492
2004,4,3,5,170,1.0492
2004,5,1,1,274,2.1023
2004,5,1,2,267,1.2638
2004,5,1,3,294,-0.9079
2004,5,1,4,402,-0.9593
2004,5,1,5,628,-2.4674
2004,5,2,1,123,1.7306
2004,5,2,2,122,1.9020
2004,5,2,3,123,2.1688
2004,5,2,4,153,0.3144
2004,5,2,5,207,0.5960
2004,5,3,1,128,0.7438
2004,5,3,2,144,2.2461
2004,5,3,3,146,1.5234
2004,5,3,4,194,1.9477
2004,5,3,5,170,-0.2418
2004,6,1,1,271,5.3318
2004,6,1,2,267,4.4980
2004,6,1,3,291,4.2274
2004,6,1,4,401,1.5888
2004,6,1,5,621,2.3810
2004,6,2,1,122,7.3337
2004,6,2,2,121,6.0927
2004,6,2,3,123,5.0748
2004,6,2,4,153,3.8114
2004,6,2,5,207,2.8979
2004,6,3,1,127,3.6837
2004,6,3,2,143,2.4960
2004,6,3,3,146,2.5202
2004,6,3,4,194,2.7532
2004,6,3,5,170,0.2740
2004,7,1,1,346,-6.8651
2004,7,1,2,292,-6.1549
2004,7,1,3,322,-7.3950
2004,7,1,4,348,-10.8761
2004,7,1,5,635,-12.2442
2004,7,2,1,112,-8.3039
2004,7,2,2,125,-5.5481
2004,7,2,3,139,-6.7037
2004,7,2,4,153,-8.3064
2004,7,2,5,179,-7.7353
2004,7,3,1,121,-2.8235
2004,7,3,2,144,-5.3828
2004,7,3,3,161,-3.6406
2004,7,3,4,195,-3.8541
2004,7,3,5,157,-3.8033
2004,8,1,1,344,-2.9927
2004,8,1,2,288,-3.0588
2004,8,1,3,317,-1.1582
2004,8,1,4,344,-3.0988
2004,8,1,5,629,-0.9527
2004,8,2,1,112,-1.9692
2004,8,2,2,125,-1.5715
2004,8,2,3,137,-3.3169
2004,8,2,4,153,-3.4519
2004,8,2,5,179,-0.1513
2004,8,3,1,121,-0.3490
2004,8,3,2,144,-0.9490
2004,8,3,3,161,-1.5966
2004,8,3,4,195,-0.4206
2004,8,3,5,157,0.8060
2004,9,1,1,342,5.8779
2004,9,1,2,286,6.2668
2004,9,1,3,312,3.1964
2004,9,1,4,343,3.4982
2004,9,1,5,626,3.4979
2004,9,2,1,111,6.5820
2004,9,2,2,124,5.6070
2004,9,2,3,136,5.3439
2004,9,2,4,152,5.8021
2004,9,2,5,178,5.9929
2004,9,3,1,119,3.6110
2004,9,3,2,144,1.5368
2004,9,3,3,161,2.9030
2004,9,3,4,195,0.5484
2004,9,3,5,156,1.6388
2004,10,1,1,341,0.2651
2004,10,1,2,286,1.7163
2004,10,1,3,310,1.9468
2004,10,1,4,342,1.4136
2004,10,1,5,621,-0.6286
2004,10,2,1,110,1.9957
2004,10,2,2,124,2.2279
2004,10,2,3,137,3.5382
2004,10,2,4,152,3.3615
2004,10,2,5,178,-0.2858
2004,10,3,1,119,1.8215
2004,10,3,2,144,1.9160
2004,10,3,3,160,3.0930
2004,10,3,4,195,0.6966
2004,10,3,5,156,1.6648
2004,11,1,1,336,9.6969
2004,11,1,2,286,9.1803
2004,11,1,3,309,8.1864
2004,11,1,4,337,9.7379
2004,11,1,5,617,10.1931
2004,11,2,1,110,9.2849
2004,11,2,2,124,10.2009
2004,11,2,3,137,9.7172
2004,11,2,4,149,7.3374
2004,11,2,5,178,8.6850
2004,11,3,1,118,6.3222
2004,11,3,2,144,4.6591
2004,11,3,3,159,5.4783
2004,11,3,4,195,3.0930
2004,11,3,5,156,3.5073
2004,12,1,1,330,4.2879
2004,12,1,2,284,5.5800
2004,12,1,3,305,5.2478
2004,12,1,4,336,6.0149
2004,12,1,5,613,7.2229
2004,12,2,1,110,2.3104
2004,12,2,2,124,2.4840
2004,12,2,3,137,2.1288
2004,12,2,4,149,3.1061
2004,12,2,5,176,4.0126
2004,12,3,1,118,1.9266
2004,12,3,2,144,2.6750
2004,12,3,3,159,3.0741
2004,12,3,4,195,3.3412
2004,12,3,5,156,4.4124
2005,1,1,1,328,-3.7371
2005,1,1,2,283,-2.4684
2005,1,1,3,298,-3.7547
2005,1,1,4,332,-6.0964
2005,1,1,5,611,-5.1654
2005,1,2,1,108,-2.8185
2005,1,2,2,124,-3.3965
2005,1,2,3,137,-3.2916
2005,1,2,4,148,-4.1223
2005,1,2,5,173,-4.5998
2005,1,3,1,116,-3.7404
2005,1,3,2,144,-4.1399
2005,1,3,3,159,-3.6518
2005,1,3,4,195,-2.2229
2005,1,3,5,156,-0.1370
2005,2,1,1,327,3.4552
2005,2,1,2,278,1.6452
2005,2,1,3,294,1.3339
2005,2,1,4,332,0.7243
2005,2,1,5,605,-2.2725
2005,2,2,1,108,2.8116
2005,2,2,2,124,4.9446
2005,2,2,3,136,2.8464
2005,2,2,4,148,0.3141
2005,2,2,5,173,2.4856
2005,2,3,1,115,3.9261
2005,2,3,2,144,4.4249
2005,2,3,3,159,1.8613
2005,2,3,4,195,1.0914
2005,2,3,5,156,4.9015
2005,3,1,1,325,-1.4629
2005,3,1,2,275,-1.7570
2005,3,1,3,292,-3.5446
2005,3,1,4,330,-2.9723
2005,3,1,5,605,-6.8268
2005,3,2,1,108,-1.0891
2005,3,2,2,123,-2.1250
2005,3,2,3,134,-1.7294
2005,3,2,4,147,-2.8348
2005,3,2,5,173,-3.1152
2005,3,3,1,115,-1.1204
2005,3,3,2,144,-0.5455
2005,3,3,3,159,-0.9403
2005,3,3,4,195,-0.8951
2005,3,3,5,156,-2.0540
2005,4,1,1,323,-7.6094
2005,4,1,2,271,-7.2706
2005,4,1,3,287,-6.2482
2005,4,1,4,330,-7.0382
2005,4,1,5,602,-5.5983
2005,4,2,1,107,-8.2517
2005,4,2,2,123,-6.2896
2005,4,2,3,133,-5.5899
2005,4,2,4,147,-5.9215
2005,4,2,5,173,-5.0600
2005,4,3,1,115,-2.0938
2005,4,3,2,144,-2.1629
2005,4,3,3,159,-3.3430
2005,4,3,4,194,-1.4726
2005,4,3,5,154,-2.7779
2005,5,1,1,322,4.6288
2005,5,1,2,265,4.9904
2005,5,1,3,284,5.2978
2005,5,1,4,329,6.3319
2005,5,1,5,597,7.1801
2005,5,2,1,106,6.4703
2005,5,2,2,122,7.0470
2005,5,2,3,133,7.7454
2005,5,2,4,146,6.2642
2005,5,2,5,173,7.8056
2005,5,3,1,115,3.2209
2005,5,3,2,142,4.5662
2005,5,3,3,159,5.3047
2005,5,3,4,194,2.8526
2005,5,3,5,154,2.9295
2005,6,1,1,318,5.6239
2005,6,1,2,261,5.9102
2005,6,1,3,283,3.7643
2005,6,1,4,325,5.8046
2005,6,1,5,591,3.0190
2005,6,2,1,106,3.2325
2005,6,2,2,121,4.0465
2005,6,2,3,132,3.3783
2005,6,2,4,146,3.0507
2005,6,2,5,170,3.3413
2005,6,3,1,115,1.8477
2005,6,3,2,141,1.2388
2005,6,3,3,159,-1.0196
2005,6,3,4,193,-0.9638
2005,6,3,5,154,0.2415
2005,7,1,1,358,7.3462
2005,7,1,2,262,6.7428
2005,7,1,3,256,6.7710
2005,7,1,4,367,7.5486
2005,7,1,5,659,8.9903
2005,7,2,1,121,6.6853
2005,7,2,2,109,6.5799
2005,7,2,3,123,6.7323
2005,7,2,4,121,6.1123
2005,7,2,5,166,8.7244
2005,7,3,1,121,6.0189
2005,7,3,2,148,3.0940
2005,7,3,3,172,5.5794
2005,7,3,4,192,4.0208
2005,7,3,5,136,4.8034
2005,8,1,1,356,-1.5366
2005,8,1,2,258,-1.0983
2005,8,1,3,254,-1.0971
2005,8,1,4,361,-1.1686
2005,8,1,5,655,-1.9981
2005,8,2,1,120,-0.7388
2005,8,2,2,109,-0.7024
2005,8,2,3,121,-2.5998
2005,8,2,4,120,-0.5090
2005,8,2,5,164,-1.5312
2005,8,3,1,120,-0.1055
2005,8,3,2,148,-0.6204
2005,8,3,3,172,-0.5590
2005,8,3,4,190,-0.9875
2005,8,3,5,135,-0.4217
2005,9,1,1,351,1.1372
2005,9,1,2,257,0.5387
2005,9,1,3,250,1.2613
2005,9,1,4,356,1.2111
2005,9,1,5,651,0.3942
2005,9,2,1,120,-0.1276
2005,9,2,2,109,1.1488
2005,9,2,3,120,1.1827
2005,9,2,4,119,-1.3976
2005,9,2,5,163,1.4850
2005,9,3,1,118,2.4391
2005,9,3,2,146,2.2986
2005,9,3,3,169,-0.9822
2005,9,3,4,189,0.4915
2005,9,3,5,134,0.9711
2005,10,1,1,349,-3.0145
2005,10,1,2,256,-4.0295
2005,10,1,3,248,-1.9861
2005,10,1,4,352,-4.7421
2005,10,1,5,646,-3.4018
2005,10,2,1,120,-4.4858
2005,10,2,2,109,-3.1144
2005,10,2,3,120,-4.0526
2005,10,2,4,118,-2.6950
2005,10,2,5,162,-4.4152
2005,10,3,1,118,-3.1327
2005,10,3,2,146,-3.0006
2005,10,3,3,168,-1.5665
2005,10,3,4,189,-3.2911
2005,10,3,5,133,-2.5407
2005,11,1,1,345,3.7249
2005,11,1,2,253,4.3354
2005,11,1,3,244,4.0361
2005,11,1,4,345,3.9867
2005,11,1,5,640,4.9202
2005,11,2,1,120,5.7649
2005,11,2,2,107,3.0378
2005,11,2,3,120,4.8074
2005,11,2,4,118,5.9556
2005,11,2,5,161,6.6729
2005,11,3,1,118,3.6906
2005,11,3,2,146,2.8702
2005,11,3,3,168,5.4789
2005,11,3,4,188,2.7647
2005,11,3,5,131,3.0411
2005,12,1,1,339,0.7152
2005,12,1,2,253,-0.1140
2005,12,1,3,242,-0.1804
2005,12,1,4,342,-1.2579
2005,12,1,5,636,-0.1428
2005,12,2,1,120,-0.1391
2005,12,2,2,107,0.0496
2005,12,2,3,119,0.7399
2005,12,2,4,117,-0.3237
2005,12,2,5,159,-1.2142
2005,12,3,1,117,1.7862
2005,12,3,2,145,0.9571
2005,12,3,3,168,-1.6415
2005,12,3,4,188,-0.1116
2005,12,3,5,131,0.4209
2006,1,1,1,337,7.7245
2006,1,1,2,252,9.7087
2006,1,1,3,239,9.0545
2006,1,1,4,336,11.4803
2006,1,1,5,630,11.6931
2006,1,2,1,118,9.6146
2006,1,2,2,106,8.1165
2006,1,2,3,119,8.0780
2006,1,2,4,116,8.7873
2006,1,2,5,159,11.3061
2006,1,3,1,117,4.6356
2006,1,3,2,144,3.3421
2006,1,3,3,167,1.8838
2006,1,3,4,188,3.5519
2006,1,3,5,130,3.8755
2006,2,1,1,336,-0.6806
2006,2,1,2,249,-0.0069
2006,2,1,3,234,-1.4437
2006,2,1,4,332,0.7994
2006,2,1,5,625,0.8381
2006,2,2,1,117,-0.5958
2006,2,2,2,106,-1.1513
2006,2,2,3,118,-0.5988
2006,2,2,4,115,-2.1618
2006,2,2,5,159,0.4536
2006,2,3,1,116,-1.3054
2006,2,3,2,144,-0.2725
2006,2,3,3,167,-0.4179
2006,2,3,4,188,0.3498
2006,2,3,5,128,-0.4511
2006,3,1,1,334,5.8226
2006,3,1,2,249,5.2639
2006,3,1,3,231,8.3064
2006,3,1,4,329,5.0666
2006,3,1,5,622,5.1838
2006,3,2,1,116,6.3960
2006,3,2,2,105,4.4773
2006,3,2,3,118,3.2997
2006,3,2,4,115,5.5354
2006,3,2,5,158,4.4960
2006,3,3,1,115,1.0629
2006,3,3,2,143,2.6045
2006,3,3,3,167,1.6942
2006,3,3,4,187,1.0643
2006,3,3,5,127,2.9088
2006,4,1,1,331,1.3926
2006,4,1,2,248,-0.9450
2006,4,1,3,230,-0.0936
2006,4,1,4,328,-1.3010
2006,4,1,5,617,-0.2806
2006,4,2,1,116,2.0903
2006,4,2,2,104,1.3360
2006,4,2,3,118,-0.8008
2006,4,2,4,114,1.6205
2006,4,2,5,158,0.9643
2006,4,3,1,115,2.4557
2006,4,3,2,142,0.3949
2006,4,3,3,167,-0.8261
2006,4,3,4,185,0.7211
2006,4,3,5,126,1.4651
2006,5,1,1,328,-2.7540
2006,5,1,2,248,-6.1546
2006,5,1,3,229,-5.6741
2006,5,1,4,325,-8.3715
2006,5,1,5,612,-7.9923
2006,5,2,1,116,-4.1341
2006,5,2,2,104,-3.8068
2006,5,2,3,118,-6.1803
2006,5,2,4,113,-7.2649
2006,5,2,5,158,-7.7592
2006,5,3,1,115,-2.6795
2006,5,3,2,139,-2.8044
2006,5,3,3,166,-2.6761
2006,5,3,4,185,-2.4758
2006,5,3,5,125,-2.6642
2006,6,1,1,324,-0.0620
2006,6,1,2,245,-0.1931
2006,6,1,3,229,-3.0152
2006,6,1,4,322,-1.9370
2006,6,1,5,608,-1.1177
2006,6,2,1,115,0.2708
2006,6,2,2,103,1.0604
2006,6,2,3,116,-0.2523
2006,6,2,4,111,-0.8538
2006,6,2,5,158,0.3355
2006,6,3,1,115,-0.2149
2006,6,3,2,139,0.3205
2006,6,3,3,164,-0.1112
2006,6,3,4,185,0.1881
2006,6,3,5,124,0.2474
2006,7,1,1,340,-3.2214
2006,7,1,2,311,-3.2610
2006,7,1,3,289,-4.9407
2006,7,1,4,298,-4.9614
2006,7,1,5,594,-5.2701
2006,7,2,1,133,-3.5353
2006,7,2,2,128,-3.2757
2006,7,2,3,131,-3.1281
2006,7,2,4,126,-4.6300
2006,7,2,5,144,-4.2471
2006,7,3,1,104,-0.5692
2006,7,3,2,140,-0.7033
2006,7,3,3,167,0.1606
2006,7,3,4,181,-0.5410
2006,7,3,5,145,-0.3849
2006,8,1,1,335,2.1464
2006,8,1,2,309,1.7635
2006,8,1,3,287,3.2944
2006,8,1,4,298,5.9691
2006,8,1,5,593,3.3316
2006,8,2,1,132,2.2213
2006,8,2,2,126,3.1366
2006,8,2,3,131,4.0061
2006,8,2,4,124,4.9339
2006,8,2,5,142,2.2097
2006,8,3,1,104,4.5925
2006,8,3,2,140,2.7520
2006,8,3,3,167,1.9362
2006,8,3,4,181,3.1539
2006,8,3,5,145,1.6916
2006,9,1,1,334,1.5846
2006,9,1,2,308,1.5181
2006,9,1,3,286,-0.4287
2006,9,1,4,294,0.2674
2006,9,1,5,588,0.5785
2006,9,2,1,131,1.0701
2006,9,2,2,126,1.7469
2006,9,2,3,131,2.1243
2006,9,2,4,124,0.0869
2006,9,2,5,141,0.0670
2006,9,3,1,104,1.7807
2006,9,3,2,140,2.7037
2006,9,3,3,165,2.4979
2006,9,3,4,181,2.0933
2006,9,3,5,144,0.7273
2006,10,1,1,331,5.6020
2006,10,1,2,307,6.6657
2006,10,1,3,284,6.8778
2006,10,1,4,291,6.2109
2006,10,1,5,583,7.0653
2006,10,2,1,131,7.1700
2006,10,2,2,126,6.1407
2006,10,2,3,131,3.8450
2006,10,2,4,123,5.0712
2006,10,2,5,140,5.5773
2006,10,3,1,104,2.9791
2006,10,3,2,140,3.0035
2006,10,3,3,165,4.4217
2006,10,3,4,180,3.6624
2006,10,3,5,144,4.1088
2006,11,1,1,330,2.4725
2006,11,1,2,307,1.9486
2006,11,1,3,279,3.5013
2006,11,1,4,287,2.4317
2006,11,1,5,581,2.3588
2006,11,2,1,131,4.5387
2006,11,2,2,125,2.1070
2006,11,2,3,130,1.8275
2006,11,2,4,122,3.0076
2006,11,2,5,140,3.3747
2006,11,3,1,103,2.2303
2006,11,3,2,140,1.9837
2006,11,3,3,164,2.6147
2006,11,3,4,180,2.7970
2006,11,3,5,143,1.7362
2006,12,1,1,329,2.1525
2006,12,1,2,304,0.9093
2006,12,1,3,275,1.9241
2006,12,1,4,288,0.7927
2006,12,1,5,576,2.0886
2006,12,2,1,130,-0.2816
2006,12,2,2,123,0.4239
2006,12,2,3,129,0.2100
2006,12,2,4,121,-1.3292
2006,12,2,5,139,0.0597
2006,12,3,1,103,1.3437
2006,12,3,2,138,2.1251
2006,12,3,3,163,-1.1051
2006,12,3,4,180,0.7369
2006,12,3,5,143,0.4461
2007,1,1,1,326,2.9343
2007,1,1,2,297,1.8507
2007,1,1,3,270,1.9256
2007,1,1,4,287,0.4870
2007,1,1,5,571,1.1950
2007,1,2,1,130,2.2685
2007,1,2,2,122,2.6310
2007,1,2,3,129,2.0768
2007,1,2,4,120,2.6315
2007,1,2,5,138,1.8044
2007,1,3,1,103,3.5753
2007,1,3,2,135,1.1424
2007,1,3,3,163,3.5836
2007,1,3,4,180,1.2295
2007,1,3,5,142,2.1657
2007,2,1,1,322,0.5668
2007,2,1,2,292,-0.4924
2007,2,1,3,264,-0.5745
2007,2,1,4,284,0.2775
2007,2,1,5,565,0.0967
2007,2,2,1,128,0.1128
2007,2,2,2,119,1.1242
2007,2,2,3,129,0.4371
2007,2,2,4,119,0.0454
2007,2,2,5,136,-0.5299
2007,2,3,1,102,-2.6943
2007,2,3,2,132,-0.4863
2007,2,3,3,163,-2.1904
2007,2,3,4,180,-1.6798
2007,2,3,5,142,-0.8401
2007,3,1,1,321,0.9734
2007,3,1,2,292,1.2559
2007,3,1,3,261,1.9162
2007,3,1,4,282,1.0259
2007,3,1,5,560,0.4465
2007,3,2,1,126,2.2509
2007,3,2,2,117,0.3902
2007,3,2,3,129,1.7955
2007,3,2,4,117,1.3112
2007,3,2,5,136,1.8672
2007,3,3,1,102,1.9882
2007,3,3,2,132,2.3503
2007,3,3,3,163,1.4479
2007,3,3,4,180,1.1557
2007,3,3,5,141,1.6522
2007,4,1,1,319,2.9998
2007,4,1,2,291,2.3595
2007,4,1,3,256,2.2507
2007,4,1,4,281,1.5533
2007,4,1,5,557,1.9222
2007,4,2,1,125,2.1957
2007,4,2,2,117,2.0786
2007,4,2,3,127,2.5957
2007,4,2,4,117,3.5055
2007,4,2,5,136,3.0781
2007,4,3,1,102,4.3914
2007,4,3,2,131,3.7382
2007,4,3,3,163,5.0191
2007,4,3,4,179,4.2931
2007,4,3,5,140,4.0069
2007,5,1,1,313,4.8232
2007,5,1,2,286,4.2513
2007,5,1,3,251,2.9029
2007,5,1,4,279,1.9398
2007,5,1,5,552,2.2822
2007,5,2,1,125,4.2015
2007,5,2,2,116,2.4654
2007,5,2,3,126,5.0997
2007,5,2,4,116,4.9542
2007,5,2,5,136,3.2577
2007,5,3,1,101,6.1153
2007,5,3,2,131,4.0477
2007,5,3,3,163,4.1911
2007,5,3,4,178,3.3162
2007,5,3,5,139,2.8154
2007,6,1,1,313,1.1755
2007,6,1,2,282,0.1038
2007,6,1,3,249,-0.1428
2007,6,1,4,277,-1.5514
2007,6,1,5,545,-0.8420
2007,6,2,1,124,-0.8822
2007,6,2,2,115,-1.1589
2007,6,2,3,125,-0.7044
2007,6,2,4,114,-1.2074
2007,6,2,5,135,-2.1857
2007,6,3,1,100,-1.8439
2007,6,3,2,131,-0.8731
2007,6,3,3,163,-1.2605
2007,6,3,4,177,-0.5270
2007,6,3,5,138,-1.5147
2007,7,1,1,358,-6.3764
2007,7,1,2,279,-6.4856
2007,7,1,3,307,-6.1808
2007,7,1,4,379,-5.5100
2007,7,1,5,463,-5.6455
2007,7,2,1,136,-6.1930
2007,7,2,2,136,-6.4555
2007,7,2,3,135,-4.6237
2007,7,2,4,117,-2.8325
2007,7,2,5,133,-4.7130
2007,7,3,1,117,-1.5630
2007,7,3,2,143,-3.5207
2007,7,3,3,159,-0.9258
2007,7,3,4,181,-1.3429
2007,7,3,5,111,-3.3569
2007,8,1,1,355,-2.0424
2007,8,1,2,276,-2.1670
2007,8,1,3,306,0.4638
2007,8,1,4,375,2.3586
2007,8,1,5,461,-0.1202
2007,8,2,1,135,0.6252
2007,8,2,2,135,0.3396
2007,8,2,3,134,1.7258
2007,8,2,4,117,1.3733
2007,8,2,5,131,2.4261
2007,8,3,1,117,-0.7685
2007,8,3,2,142,2.2005
2007,8,3,3,157,0.9785
2007,8,3,4,180,2.1884
2007,8,3,5,110,1.8934
2007,9,1,1,351,1.4151
2007,9,1,2,274,0.9130
2007,9,1,3,300,-0.2469
2007,9,1,4,370,2.0926
2007,9,1,5,460,1.2262
2007,9,2,1,134,2.1383
2007,9,2,2,133,1.6340
2007,9,2,3,132,2.0791
2007,9,2,4,114,0.7119
2007,9,2,5,131,1.2523
2007,9,3,1,117,4.8981
2007,9,3,2,138,3.1489
2007,9,3,3,157,4.1744
2007,9,3,4,180,4.5130
2007,9,3,5,109,4.0239
2007,10,1,1,346,3.0976
2007,10,1,2,272,0.1045
2007,10,1,3,296,2.1543
2007,10,1,4,369,1.6565
2007,10,1,5,455,2.4564
2007,10,2,1,134,4.3857
2007,10,2,2,133,3.8075
2007,10,2,3,130,3.5508
2007,10,2,4,113,1.3419
2007,10,2,5,131,3.8562
2007,10,3,1,117,3.4872
2007,10,3,2,138,2.8893
2007,10,3,3,157,2.2766
2007,10,3,4,179,3.6283
2007,10,3,5,108,1.7568
2007,11,1,1,343,-10.4940
2007,11,1,2,270,-8.1532
2007,11,1,3,295,-11.2021
2007,11,1,4,363,-7.9696
2007,11,1,5,452,-8.4035
2007,11,2,1,132,-8.7173
2007,11,2,2,131,-8.2546
2007,11,2,3,129,-4.7354
2007,11,2,4,112,-5.4090
2007,11,2,5,130,-5.1398
2007,11,3,1,114,-3.9487
2007,11,3,2,137,-5.3781
2007,11,3,3,156,-3.3623
2007,11,3,4,177,-3.2370
2007,11,3,5,106,-2.7122
2007,12,1,1,341,0.6708
2007,12,1,2,267,-0.7188
2007,12,1,3,289,-0.8746
2007,12,1,4,358,-0.3311
2007,12,1,5,446,0.1736
2007,12,2,1,130,1.9229
2007,12,2,2,130,-1.0128
2007,12,2,3,128,-1.1571
2007,12,2,4,111,-0.8611
2007,12,2,5,128,0.8275
2007,12,3,1,114,-1.2088
2007,12,3,2,136,0.4966
2007,12,3,3,154,0.0498
2007,12,3,4,176,1.0507
2007,12,3,5,104,-1.0370
2008,1,1,1,340,-8.9218
2008,1,1,2,265,-8.6885
2008,1,1,3,286,-7.7837
2008,1,1,4,351,-9.8256
2008,1,1,5,442,-10.1398
2008,1,2,1,129,-7.6874
2008,1,2,2,129,-7.2697
2008,1,2,3,127,-5.7943
2008,1,2,4,111,-7.2514
2008,1,2,5,127,-7.8185
2008,1,3,1,113,-6.8954
2008,1,3,2,136,-7.0780
2008,1,3,3,152,-5.9717
2008,1,3,4,175,-7.8554
2008,1,3,5,103,-5.8951
2008,2,1,1,337,-3.6822
2008,2,1,2,263,-4.0560
2008,2,1,3,285,-2.7076
2008,2,1,4,349,-2.6017
2008,2,1,5,438,-3.2547
2008,2,2,1,128,-1.6943
2008,2,2,2,129,-3.0239
2008,2,2,3,127,-3.7201
2008,2,2,4,111,0.2829
2008,2,2,5,126,-1.9242
2008,2,3,1,112,-3.3581
2008,2,3,2,136,-1.5387
2008,2,3,3,152,0.6281
2008,2,3,4,175,-2.0817
2008,2,3,5,103,1.0733
2008,3,1,1,334,-1.1365
2008,3,1,2,261,-0.7820
2008,3,1,3,285,-0.2570
2008,3,1,4,347,-3.4698
2008,3,1,5,437,-1.9138
2008,3,2,1,127,-2.1955
2008,3,2,2,129,1.1753
2008,3,2,3,127,0.3404
2008,3,2,4,111,-0.1359
2008,3,2,5,126,2.6543
2008,3,3,1,112,-0.2761
2008,3,3,2,136,1.6104
2008,3,3,3,152,0.3438
2008,3,3,4,174,0.4415
2008,3,3,5,103,-2.7847
2008,4,1,1,332,2.6680
2008,4,1,2,259,0.8784
2008,4,1,3,280,2.1678
2008,4,1,4,342,2.1131
2008,4,1,5,434,3.2350
2008,4,2,1,127,5.6530
2008,4,2,2,128,5.6403
2008,4,2,3,127,4.3532
2008,4,2,4,110,3.3641
2008,4,2,5,125,3.7547
2008,4,3,1,112,6.0399
2008,4,3,2,136,5.4746
2008,4,3,3,152,4.3638
2008,4,3,4,174,4.8609
2008,4,3,5,102,1.8570
2008,5,1,1,328,5.7894
2008,5,1,2,258,6.1504
2008,5,1,3,277,5.2880
2008,5,1,4,338,3.5363
2008,5,1,5,428,5.1162
2008,5,2,1,127,8.7169
2008,5,2,2,128,4.8017
2008,5,2,3,127,5.4968
2008,5,2,4,109,8.6060
2008,5,2,5,125,4.7081
2008,5,3,1,112,4.7861
2008,5,3,2,135,3.6927
2008,5,3,3,152,3.2359
2008,5,3,4,174,2.2635
2008,5,3,5,101,2.7936
2008,6,1,1,325,-4.0565
2008,6,1,2,255,-7.0252
2008,6,1,3,270,-9.3721
2008,6,1,4,333,-7.8685
2008,6,1,5,424,-8.3738
2008,6,2,1,127,-2.6532
2008,6,2,2,128,-6.4601
2008,6,2,3,125,-6.7462
2008,6,2,4,107,-5.6952
2008,6,2,5,124,-7.8183
2008,6,3,1,112,-6.5549
2008,6,3,2,135,-6.7653
2008,6,3,3,151,-5.4393
2008,6,3,4,174,-6.9034
2008,6,3,5,101,-6.9081
2008,7,1,1,351,2.7457
2008,7,1,2,239,4.5924
2008,7,1,3,294,4.6509
2008,7,1,4,295,4.4935
2008,7,1,5,502,4.9989
2008,7,2,1,168,3.4302
2008,7,2,2,129,0.1305
2008,7,2,3,131,3.3322
2008,7,2,4,127,1.7801
2008,7,2,5,133,2.4936
2008,7,3,1,98,-3.4921
2008,7,3,2,129,-5.8479
2008,7,3,3,165,-0.3064
2008,7,3,4,178,-2.2020
2008,7,3,5,148,-1.2032
2008,8,1,1,347,4.0875
2008,8,1,2,238,4.4539
2008,8,1,3,291,4.1206
2008,8,1,4,294,2.5920
2008,8,1,5,496,2.1751
2008,8,2,1,167,4.9096
2008,8,2,2,129,6.8040
2008,8,2,3,131,3.5859
2008,8,2,4,127,3.0682
2008,8,2,5,130,4.9577
2008,8,3,1,98,1.5861
2008,8,3,2,128,1.0727
2008,8,3,3,163,1.3897
2008,8,3,4,178,2.4442
2008,8,3,5,148,1.0062
2008,9,1,1,345,-10.9029
2008,9,1,2,237,-8.5382
2008,9,1,3,288,-11.3519
2008,9,1,4,286,-11.3829
2008,9,1,5,491,-9.9917
2008,9,2,1,166,-11.5711
2008,9,2,2,128,-8.6060
2008,9,2,3,130,-9.9596
2008,9,2,4,126,-9.0090
2008,9,2,5,129,-10.4764
2008,9,3,1,98,-12.8856
2008,9,3,2,127,-12.5526
2008,9,3,3,163,-11.3990
2008,9,3,4,178,-6.4521
2008,9,3,5,147,-11.1518
2008,10,1,1,342,-24.3550
2008,10,1,2,234,-22.0845
2008,10,1,3,282,-22.3811
2008,10,1,4,284,-23.4238
2008,10,1,5,485,-19.1432
2008,10,2,1,166,-23.7292
2008,10,2,2,128,-23.2248
2008,10,2,3,130,-20.2109
2008,10,2,4,126,-20.7864
2008,10,2,5,129,-22.5009
2008,10,3,1,98,-22.6882
2008,10,3,2,126,-17.0434
2008,10,3,3,162,-15.0192
2008,10,3,4,178,-13.7482
2008,10,3,5,147,-18.5487
2008,11,1,1,339,-16.1179
2008,11,1,2,231,-11.1250
2008,11,1,3,280,-16.9145
2008,11,1,4,281,-13.4105
2008,11,1,5,478,-14.1294
2008,11,2,1,165,-15.6005
2008,11,2,2,127,-11.9777
2008,11,2,3,129,-9.1463
2008,11,2,4,125,-9.7881
2008,11,2,5,128,-14.1558
2008,11,3,1,98,-6.6760
2008,11,3,2,126,-4.4160
2008,11,3,3,161,-8.4325
2008,11,3,4,177,-3.4395
2008,11,3,5,147,-8.7822
2008,12,1,1,334,5.5424
2008,12,1,2,231,-0.6862
2008,12,1,3,274,5.2329
2008,12,1,4,281,5.9531
2008,12,1,5,473,5.2124
2008,12,2,1,164,7.0733
2008,12,2,2,127,5.4903
2008,12,2,3,129,4.0944
2008,12,2,4,123,4.7602
2008,12,2,5,128,5.5931
2008,12,3,1,98,4.1738
2008,12,3,2,126,0.7416
2008,12,3,3,159,1.9403
2008,12,3,4,176,0.9839
2008,12,3,5,146,1.6193
2009,1,1,1,330,-10.6123
2009,1,1,2,230,-11.2607
2009,1,1,3,271,-9.2620
2009,1,1,4,277,-5.6481
2009,1,1,5,466,-8.5500
2009,1,2,1,162,-7.9247
2009,1,2,2,127,-7.7414
2009,1,2,3,128,-10.3902
2009,1,2,4,122,-7.5054
2009,1,2,5,128,-9.2151
2009,1,3,1,97,-5.1042
2009,1,3,2,126,-8.3906
2009,1,3,3,159,-5.7685
2009,1,3,4,176,-5.2191
2009,1,3,5,146,-3.7980
2009,2,1,1,326,-10.8831
2009,2,1,2,228,-11.6588
2009,2,1,3,268,-13.1171
2009,2,1,4,277,-13.5722
2009,2,1,5,462,-12.0077
2009,2,2,1,162,-11.5622
2009,2,2,2,127,-10.9489
2009,2,2,3,128,-10.1124
2009,2,2,4,121,-11.4774
2009,2,2,5,127,-10.8665
2009,2,3,1,97,-7.1738
2009,2,3,2,126,-11.5631
2009,2,3,3,159,-7.2474
2009,2,3,4,176,-10.0023
2009,2,3,5,146,-8.9488
2009,3,1,1,323,10.3738
2009,3,1,2,227,7.4433
2009,3,1,3,264,8.7978
2009,3,1,4,274,8.9019
2009,3,1,5,459,10.2678
2009,3,2,1,161,8.5293
2009,3,2,2,126,10.0563
2009,3,2,3,128,10.5820
2009,3,2,4,120,8.4286
2009,3,2,5,127,11.0910
2009,3,3,1,96,11.8473
2009,3,3,2,126,7.8153
2009,3,3,3,159,8.2168
2009,3,3,4,176,7.4083
2009,3,3,5,146,7.6760
2009,4,1,1,321,23.1203
2009,4,1,2,223,18.7200
2009,4,1,3,260,19.1736
2009,4,1,4,268,16.1880
2009,4,1,5,454,18.9746
2009,4,2,1,159,15.3228
2009,4,2,2,125,18.1289
2009,4,2,3,127,20.4274
2009,4,2,4,120,15.6520
2009,4,2,5,127,23.3863
2009,4,3,1,96,13.0404
2009,4,3,2,126,9.3211
2009,4,3,3,159,7.5693
2009,4,3,4,176,6.1864
2009,4,3,5,145,12.5475
2009,5,1,1,317,2.1800
2009,5,1,2,220,1.4256
2009,5,1,3,252,4.0528
2009,5,1,4,266,6.3118
2009,5,1,5,450,7.1620
2009,5,2,1,159,4.6596
2009,5,2,2,125,2.8597
2009,5,2,3,127,1.5448
2009,5,2,4,119,2.5125
2009,5,2,5,127,2.5011
2009,5,3,1,96,1.8659
2009,5,3,2,126,6.5561
2009,5,3,3,159,4.8135
2009,5,3,4,175,3.8406
2009,5,3,5,145,3.2804
2009,6,1,1,314,6.6778
2009,6,1,2,216,3.4394
2009,6,1,3,249,8.9919
2009,6,1,4,260,4.3328
2009,6,1,5,448,6.2334
2009,6,2,1,159,3.7521
2009,6,2,2,125,1.3386
2009,6,2,3,127,2.4070
2009,6,2,4,119,1.4024
2009,6,2,5,127,3.1614
2009,6,3,1,96,0.5455
2009,6,3,2,126,-2.5675
2009,6,3,3,159,-0.2522
2009,6,3,4,175,2.3896
2009,6,3,5,145,-0.1701
2009,7,1,1,305,11.6892
2009,7,1,2,237,13.6023
2009,7,1,3,307,13.3263
2009,7,1,4,288,8.3953
2009,7,1,5,435,9.2483
2009,7,2,1,176,12.2008
2009,7,2,2,112,10.7174
2009,7,2,3,122,9.8415
2009,7,2,4,130,9.5066
2009,7,2,5,160,8.9707
2009,7,3,1,114,7.8401
2009,7,3,2,125,8.1265
2009,7,3,3,161,8.6555
2009,7,3,4,177,6.3263
2009,7,3,5,146,7.5193
2009,8,1,1,302,5.7582
2009,8,1,2,237,10.5960
2009,8,1,3,302,7.6704
2009,8,1,4,287,2.8394
2009,8,1,5,429,4.3497
2009,8,2,1,175,1.8797
2009,8,2,2,112,6.5813
2009,8,2,3,122,4.5017
2009,8,2,4,129,2.0796
2009,8,2,5,160,1.5946
2009,8,3,1,113,1.5190
2009,8,3,2,124,3.0601
2009,8,3,3,161,2.4418
2009,8,3,4,177,1.7549
2009,8,3,5,146,1.8822
2009,9,1,1,299,8.1050
2009,9,1,2,235,9.6188
2009,9,1,3,300,9.0801
2009,9,1,4,284,6.1295
2009,9,1,5,427,8.3810
2009,9,2,1,174,8.1529
2009,9,2,2,111,6.5868
2009,9,2,3,122,7.6584
2009,9,2,4,129,6.7698
2009,9,2,5,158,6.6608
2009,9,3,1,113,6.4229
2009,9,3,2,124,6.4441
2009,9,3,3,161,5.1920
2009,9,3,4,177,2.7810
2009,9,3,5,146,4.0834
2009,10,1,1,295,-7.4207
2009,10,1,2,234,-8.1807
2009,10,1,3,298,-8.0686
2009,10,1,4,282,-10.1359
2009,10,1,5,427,-8.8080
2009,10,2,1,174,-7.4471
2009,10,2,2,111,-6.6858
2009,10,2,3,122,-6.4615
2009,10,2,4,129,-6.6426
2009,10,2,5,155,-6.9365
2009,10,3,1,113,-3.3801
2009,10,3,2,124,-3.3910
2009,10,3,3,161,-1.5562
2009,10,3,4,177,0.1063
2009,10,3,5,146,-2.1850
2009,11,1,1,292,0.5573
2009,11,1,2,229,1.4317
2009,11,1,3,298,2.4555
2009,11,1,4,280,1.6439
2009,11,1,5,420,2.3861
2009,11,2,1,173,4.3447
2009,11,2,2,111,3.9338
2009,11,2,3,121,2.4655
2009,11,2,4,129,2.9185
2009,11,2,5,152,2.1550
2009,11,3,1,113,5.5454
2009,11,3,2,124,6.1238
2009,11,3,3,161,4.9214
2009,11,3,4,177,6.3154
2009,11,3,5,143,6.7848
2009,12,1,1,288,9.5142
2009,12,1,2,225,11.6709
2009,12,1,3,291,10.5808
2009,12,1,4,277,7.6583
2009,12,1,5,414,7.0773
2009,12,2,1,173,9.4260
2009,12,2,2,111,6.1030
2009,12,2,3,121,9.9029
2009,12,2,4,129,9.1313
2009,12,2,5,151,7.5692
2009,12,3,1,113,5.7637
2009,12,3,2,124,1.9814
2009,12,3,3,159,4.8694
2009,12,3,4,177,1.1277
2009,12,3,5,143,3.8085
2010,1,1,1,288,-3.1933
2010,1,1,2,224,-3.4714
2010,1,1,3,288,-3.8302
2010,1,1,4,276,-3.6832
2010,1,1,5,403,-4.3637
2010,1,2,1,172,-4.0381
2010,1,2,2,110,-3.0878
2010,1,2,3,121,-2.5258
2010,1,2,4,129,-4.0975
2010,1,2,5,151,-3.6144
2010,1,3,1,113,-5.6017
2010,1,3,2,123,-1.2097
2010,1,3,3,159,-5.9952
2010,1,3,4,177,-3.9328
2010,1,3,5,142,-3.1096
2010,2,1,1,286,5.7067
2010,2,1,2,224,7.7573
2010,2,1,3,287,5.8888
2010,2,1,4,273,4.7057
2010,2,1,5,400,4.2976
2010,2,2,1,172,5.6568
2010,2,2,2,109,5.7024
2010,2,2,3,121,5.7531
2010,2,2,4,129,4.2484
2010,2,2,5,151,3.9591
2010,2,3,1,112,3.3980
2010,2,3,2,123,2.2148
2010,2,3,3,158,4.2448
2010,2,3,4,177,3.3344
2010,2,3,5,141,2.7780
2010,3,1,1,280,7.9020
2010,3,1,2,223,10.0608
2010,3,1,3,283,8.1097
2010,3,1,4,272,9.0341
2010,3,1,5,397,6.9426
2010,3,2,1,172,6.7163
2010,3,2,2,109,9.4303
2010,3,2,3,121,5.9355
2010,3,2,4,129,8.4752
2010,3,2,5,150,8.1257
2010,3,3,1,112,6.1514
2010,3,3,2,122,5.6470
2010,3,3,3,157,6.6879
2010,3,3,4,177,4.7412
2010,3,3,5,141,5.7850
2010,4,1,1,279,9.2323
2010,4,1,2,222,11.9180
2010,4,1,3,278,9.5226
2010,4,1,4,268,5.6229
2010,4,1,5,394,9.0768
2010,4,2,1,172,5.9527
2010,4,2,2,109,7.4573
2010,4,2,3,121,5.6203
2010,4,2,4,128,5.9765
2010,4,2,5,149,5.5347
2010,4,3,1,111,3.6032
2010,4,3,2,122,1.8805
2010,4,3,3,156,2.5726
2010,4,3,4,175,1.4767
2010,4,3,5,141,-0.1090
2010,5,1,1,277,-8.7009
2010,5,1,2,220,-8.2778
2010,5,1,3,273,-9.7620
2010,5,1,4,266,-9.0164
2010,5,1,5,391,-8.3653
2010,5,2,1,172,-7.6893
2010,5,2,2,109,-7.1645
2010,5,2,3,121,-7.3435
2010,5,2,4,128,-7.2548
2010,5,2,5,148,-9.0210
2010,5,3,1,111,-7.3925
2010,5,3,2,121,-7.7242
2010,5,3,3,156,-6.5581
2010,5,3,4,174,-8.0750
2010,5,3,5,140,-7.4569
2010,6,1,1,277,-7.8525
2010,6,1,2,219,-11.0312
2010,6,1,3,269,-10.4194
2010,6,1,4,264,-7.0960
2010,6,1,5,390,-7.9952
2010,6,2,1,171,-9.4565
2010,6,2,2,109,-10.1541
2010,6,2,3,121,-6.7814
2010,6,2,4,128,-6.3105
2010,6,2,5,147,-6.6432
2010,6,3,1,111,-5.7914
2010,6,3,2,121,-4.3223
2010,6,3,3,156,-5.2479
2010,6,3,4,174,-5.5806
2010,6,3,5,140,-3.1896
2010,7,1,1,235,9.2537
2010,7,1,2,236,7.7518
2010,7,1,3,218,5.8687
2010,7,1,4,295,6.2374
2010,7,1,5,483,7.0133
2010,7,2,1,129,9.7791
2010,7,2,2,135,7.0988
2010,7,2,3,113,8.1486
2010,7,2,4,142,6.0841
2010,7,2,5,145,6.5977
2010,7,3,1,126,10.5883
2010,7,3,2,117,8.2415
2010,7,3,3,142,8.0608
2010,7,3,4,160,6.0113
2010,7,3,5,190,5.8481
2010,8,1,1,233,-9.4016
2010,8,1,2,233,-9.4208
2010,8,1,3,216,-8.3245
2010,8,1,4,293,-8.3435
2010,8,1,5,480,-9.4040
2010,8,2,1,129,-6.6697
2010,8,2,2,132,-5.4109
2010,8,2,3,111,-8.6605
2010,8,2,4,141,-6.3346
2010,8,2,5,145,-8.3263
2010,8,3,1,125,-5.6669
2010,8,3,2,117,-3.7204
2010,8,3,3,141,-3.8058
2010,8,3,4,158,-3.4443
2010,8,3,5,190,-3.3213
2010,9,1,1,232,13.9065
2010,9,1,2,232,14.0975
2010,9,1,3,215,13.5776
2010,9,1,4,290,13.1524
2010,9,1,5,478,11.1831
2010,9,2,1,127,15.4109
2010,9,2,2,131,13.5027
2010,9,2,3,110,14.9465
2010,9,2,4,140,13.0803
2010,9,2,5,143,12.4273
2010,9,3,1,124,11.9779
2010,9,3,2,117,11.8174
2010,9,3,3,141,9.3097
2010,9,3,4,158,9.3170
2010,9,3,5,190,8.8618
2010,10,1,1,232,4.8430
2010,10,1,2,232,5.8844
2010,10,1,3,214,4.1730
2010,10,1,4,282,6.5416
2010,10,1,5,473,6.7873
2010,10,2,1,126,3.7954
2010,10,2,2,131,3.2026
2010,10,2,3,110,3.8289
2010,10,2,4,139,4.9501
2010,10,2,5,143,4.4537
2010,10,3,1,124,4.0564
2010,10,3,2,117,5.8759
2010,10,3,3,141,2.7434
2010,10,3,4,158,2.3873
2010,10,3,5,189,5.3424
2010,11,1,1,227,6.1215
2010,11,1,2,232,4.1005
2010,11,1,3,212,5.4408
2010,11,1,4,278,3.7661
2010,11,1,5,470,1.8486
2010,11,2,1,126,6.2060
2010,11,2,2,131,3.9802
2010,11,2,3,110,5.4052
2010,11,2,4,138,4.4856
2010,11,2,5,143,1.5836
2010,11,3,1,124,3.5329
2010,11,3,2,116,1.8833
2010,11,3,3,141,0.6358
2010,11,3,4,156,0.2506
2010,11,3,5,187,-0.8030
2010,12,1,1,225,9.7473
2010,12,1,2,230,9.1946
2010,12,1,3,209,9.8293
2010,12,1,4,275,8.7020
2010,12,1,5,464,8.2327
2010,12,2,1,126,7.6414
2010,12,2,2,130,6.9175
2010,12,2,3,110,7.3067
2010,12,2,4,137,7.0746
2010,12,2,5,141,7.3581
2010,12,3,1,124,8.2392
2010,12,3,2,115,5.6580
2010,12,3,3,141,7.5211
2010,12,3,4,155,5.3525
2010,12,3,5,186,5.2399
2011,1,1,1,218,-1.1527
2011,1,1,2,227,-0.7472
2011,1,1,3,207,-1.7815
2011,1,1,4,268,-0.0468
2011,1,1,5,462,-2.0821
2011,1,2,1,126,2.8777
2011,1,2,2,129,1.3307
2011,1,2,3,110,-0.8299
2011,1,2,4,133,-1.2182
2011,1,2,5,141,1.2345
2011,1,3,1,124,3.0285
2011,1,3,2,115,3.9895
2011,1,3,3,141,2.5384
2011,1,3,4,155,1.7650
2011,1,3,5,186,1.6009
2011,2,1,1,215,8.5373
2011,2,1,2,226,4.9461
2011,2,1,3,205,5.3574
2011,2,1,4,267,5.5343
2011,2,1,5,457,2.8804
2011,2,2,1,126,5.3409
2011,2,2,2,129,7.2348
2011,2,2,3,110,7.9261
2011,2,2,4,131,5.3405
2011,2,2,5,141,3.5861
2011,2,3,1,123,3.4799
2011,2,3,2,114,5.1752
2011,2,3,3,141,4.0521
2011,2,3,4,155,3.0474
2011,2,3,5,186,3.3445
2011,3,1,1,215,3.0613
2011,3,1,2,223,3.1550
2011,3,1,3,203,6.4309
2011,3,1,4,262,1.3998
2011,3,1,5,454,1.6593
2011,3,2,1,126,3.9483
2011,3,2,2,129,4.1889
2011,3,2,3,110,3.0461
2011,3,2,4,130,0.9192
2011,3,2,5,141,2.6713
2011,3,3,1,122,2.6339
2011,3,3,2,114,0.5624
2011,3,3,3,141,0.9989
2011,3,3,4,154,0.4418
2011,3,3,5,186,0.2345
2011,4,1,1,215,1.1118
2011,4,1,2,221,0.6318
2011,4,1,3,200,2.0115
2011,4,1,4,261,1.0860
2011,4,1,5,449,2.5550
2011,4,2,1,125,2.5131
2011,4,2,2,129,2.7995
2011,4,2,3,110,2.1947
2011,4,2,4,130,3.1543
2011,4,2,5,141,2.8879
2011,4,3,1,122,2.1579
2011,4,3,2,113,3.5401
2011,4,3,3,140,3.1562
2011,4,3,4,153,3.3644
2011,4,3,5,185,3.9251
2011,5,1,1,213,-3.3345
2011,5,1,2,219,-2.6846
2011,5,1,3,198,-2.5518
2011,5,1,4,256,-1.0049
2011,5,1,5,446,-1.2876
2011,5,2,1,124,-3.3703
2011,5,2,2,129,-1.4895
2011,5,2,3,110,-2.7294
2011,5,2,4,130,-1.7606
2011,5,2,5,141,-0.3470
2011,5,3,1,122,-2.0481
2011,5,3,2,113,-0.9572
2011,5,3,3,138,-1.7606
2011,5,3,4,153,-1.2117
2011,5,3,5,185,-0.2059
2011,6,1,1,211,-1.3762
2011,6,1,2,218,-2.0797
2011,6,1,3,198,-2.5132
2011,6,1,4,251,-3.2736
2011,6,1,5,443,-5.3248
2011,6,2,1,123,-2.1429
2011,6,2,2,129,-0.5457
2011,6,2,3,109,-0.8450
2011,6,2,4,130,-2.9577
2011,6,2,5,139,-0.8347
2011,6,3,1,122,-2.4458
2011,6,3,2,112,-1.3596
2011,6,3,3,138,-1.5346
2011,6,3,4,152,-1.7809
2011,6,3,5,185,-1.2205
2011,7,1,1,292,-1.3842
2011,7,1,2,201,-2.6332
2011,7,1,3,231,-3.9941
2011,7,1,4,235,-3.0849
2011,7,1,5,415,-3.3806
2011,7,2,1,145,-3.5489
2011,7,2,2,95,-4.8161
2011,7,2,3,141,-5.1825
2011,7,2,4,109,-5.0884
2011,7,2,5,149,-4.1289
2011,7,3,1,96,-2.3985
2011,7,3,2,118,-1.5696
2011,7,3,3,152,-3.3659
2011,7,3,4,192,-0.4890
2011,7,3,5,152,-3.7499
2011,8,1,1,290,-10.9027
2011,8,1,2,201,-11.3058
2011,8,1,3,230,-11.5031
2011,8,1,4,234,-11.8531
2011,8,1,5,412,-10.4776
2011,8,2,1,142,-11.8848
2011,8,2,2,94,-6.8142
2011,8,2,3,141,-8.1232
2011,8,2,4,109,-7.4826
2011,8,2,5,149,-7.8440
2011,8,3,1,95,-6.6530
2011,8,3,2,118,-6.1085
2011,8,3,3,152,-5.2081
2011,8,3,4,191,-4.0351
2011,8,3,5,152,-5.6432
2011,9,1,1,287,-12.2974
2011,9,1,2,201,-9.9017
2011,9,1,3,228,-13.0363
2011,9,1,4,233,-11.4790
2011,9,1,5,411,-11.1790
2011,9,2,1,142,-13.5169
2011,9,2,2,93,-9.9097
2011,9,2,3,141,-10.1126
2011,9,2,4,108,-10.6734
2011,9,2,5,148,-11.5299
2011,9,3,1,94,-7.9685
2011,9,3,2,118,-7.1368
2011,9,3,3,152,-6.7860
2011,9,3,4,191,-5.3288
2011,9,3,5,152,-8.6402
2011,10,1,1,285,14.9592
2011,10,1,2,201,14.8123
2011,10,1,3,228,13.6965
2011,10,1,4,231,13.2181
2011,10,1,5,408,12.6946
2011,10,2,1,142,17.3012
2011,10,2,2,93,14.1093
2011,10,2,3,141,15.0692
2011,10,2,4,107,16.3398
2011,10,2,5,146,15.1113
2011,10,3,1,94,12.1242
2011,10,3,2,118,10.9954
2011,10,3,3,151,11.6293
2011,10,3,4,191,9.8359
2011,10,3,5,149,10.6402
2011,11,1,1,285,-1.6822
2011,11,1,2,199,0.0298
2011,11,1,3,226,-2.9009
2011,11,1,4,229,-2.8515
2011,11,1,5,405,-1.8277
2011,11,2,1,141,-1.6227
2011,11,2,2,93,-0.0824
2011,11,2,3,141,-0.2135
2011,11,2,4,107,-0.3343
2011,11,2,5,144,-0.4097
2011,11,3,1,94,1.0490
2011,11,3,2,118,-2.0518
2011,11,3,3,149,1.0824
2011,11,3,4,191,0.6148
2011,11,3,5,149,0.2839
2011,12,1,1,283,3.0128
2011,12,1,2,197,1.4429
2011,12,1,3,224,1.7934
2011,12,1,4,224,1.4018
2011,12,1,5,399,-0.8892
2011,12,2,1,140,0.5626
2011,12,2,2,93,-0.3658
2011,12,2,3,141,0.3381
2011,12,2,4,107,-0.4289
2011,12,2,5,143,-0.9336
2011,12,3,1,94,0.7610
2011,12,3,2,118,0.4721
2011,12,3,3,149,0.2327
2011,12,3,4,189,1.0475
2011,12,3,5,148,0.0796
2012,1,1,1,283,7.0687
2012,1,1,2,192,6.4074
2012,1,1,3,222,8.6788
2012,1,1,4,223,9.0856
2012,1,1,5,396,12.8777
2012,1,2,1,139,7.2078
2012,1,2,2,92,4.5872
2012,1,2,3,141,6.6513
2012,1,2,4,107,7.4622
2012,1,2,5,143,8.6497
2012,1,3,1,94,4.1416
2012,1,3,2,116,5.1508
2012,1,3,3,147,4.7632
2012,1,3,4,189,3.9990
2012,1,3,5,148,4.6644
2012,2,1,1,282,2.2673
2012,2,1,2,190,1.9156
2012,2,1,3,220,-0.0048
2012,2,1,4,221,2.5208
2012,2,1,5,393,2.3622
2012,2,2,1,138,4.3502
2012,2,2,2,92,2.2168
2012,2,2,3,140,2.7027
2012,2,2,4,105,2.6891
2012,2,2,5,142,4.4639
2012,2,3,1,94,4.2266
2012,2,3,2,115,3.6745
2012,2,3,3,147,3.4280
2012,2,3,4,189,4.6580
2012,2,3,5,147,3.3892
2012,3,1,1,280,3.3665
2012,3,1,2,189,4.2664
2012,3,1,3,216,4.1109
2012,3,1,4,218,3.5990
2012,3,1,5,390,3.2087
2012,3,2,1,138,0.9343
2012,3,2,2,92,2.0104
2012,3,2,3,139,3.2481
2012,3,2,4,105,2.2906
2012,3,2,5,142,2.0322
2012,3,3,1,92,0.2777
2012,3,3,2,114,3.1689
2012,3,3,3,147,2.3468
2012,3,3,4,188,2.9635
2012,3,3,5,147,1.7512
2012,4,1,1,278,-1.9613
2012,4,1,2,188,-1.7178
2012,4,1,3,214,-3.6338
2012,4,1,4,216,-2.1950
2012,4,1,5,386,-2.0945
2012,4,2,1,138,-1.2023
2012,4,2,2,92,-1.4432
2012,4,2,3,139,-0.8116
2012,4,2,4,105,-1.3937
2012,4,2,5,142,-0.7562
2012,4,3,1,92,0.5843
2012,4,3,2,113,0.4181
2012,4,3,3,146,-0.2540
2012,4,3,4,188,-0.8338
2012,4,3,5,147,-0.3526
2012,5,1,1,275,-7.1690
2012,5,1,2,186,-6.9012
2012,5,1,3,213,-7.5736
2012,5,1,4,213,-6.7087
2012,5,1,5,385,-8.1432
2012,5,2,1,137,-8.6068
2012,5,2,2,92,-4.6066
2012,5,2,3,139,-6.2770
2012,5,2,4,105,-6.5552
2012,5,2,5,141,-5.8239
2012,5,3,1,92,-6.8462
2012,5,3,2,113,-6.6018
2012,5,3,3,146,-4.0793
2012,5,3,4,186,-5.4208
2012,5,3,5,147,-6.2549
2012,6,1,1,272,6.0143
2012,6,1,2,183,4.2309
2012,6,1,3,213,7.2747
2012,6,1,4,212,8.2066
2012,6,1,5,384,6.7603
2012,6,2,1,136,3.4115
2012,6,2,2,92,3.5333
2012,6,2,3,139,4.6708
2012,6,2,4,105,4.7840
2012,6,2,5,141,6.5693
2012,6,3,1,92,4.8631
2012,6,3,2,113,5.1925
2012,6,3,3,143,3.6251
2012,6,3,4,186,3.6203
2012,6,3,5,147,2.3473
2012,7,1,1,279,-2.1324
2012,7,1,2,204,-3.6549
2012,7,1,3,234,-2.1884
2012,7,1,4,233,-1.7572
2012,7,1,5,375,-1.1265
2012,7,2,1,123,-0.8584
2012,7,2,2,104,-1.6062
2012,7,2,3,129,-1.8692
2012,7,2,4,122,-4.9155
2012,7,2,5,136,-0.3930
2012,7,3,1,115,2.6248
2012,7,3,2,127,0.7485
2012,7,3,3,167,0.7087
2012,7,3,4,188,1.9963
2012,7,3,5,133,0.5676
2012,8,1,1,273,3.9634
2012,8,1,2,202,1.9926
2012,8,1,3,232,2.2862
2012,8,1,4,231,3.6816
2012,8,1,5,373,3.1174
2012,8,2,1,121,4.2808
2012,8,2,2,104,2.5137
2012,8,2,3,129,3.2100
2012,8,2,4,122,4.6792
2012,8,2,5,136,4.8555
2012,8,3,1,115,1.6583
2012,8,3,2,125,0.4060
2012,8,3,3,166,2.0039
2012,8,3,4,188,2.6592
2012,8,3,5,132,3.6121
2012,9,1,1,268,4.7467
2012,9,1,2,202,5.9867
2012,9,1,3,229,5.5269
2012,9,1,4,230,4.4419
2012,9,1,5,369,4.9781
2012,9,2,1,119,3.5831
2012,9,2,2,104,3.4613
2012,9,2,3,129,2.6725
2012,9,2,4,122,3.0948
2012,9,2,5,136,2.1358
2012,9,3,1,114,4.0466
2012,9,3,2,125,3.6537
2012,9,3,3,165,2.6775
2012,9,3,4,188,1.8525
2012,9,3,5,131,1.5319
2012,10,1,1,267,-2.9098
2012,10,1,2,202,-3.4196
2012,10,1,3,228,-6.2082
2012,10,1,4,228,-4.2346
2012,10,1,5,361,-3.5402
2012,10,2,1,119,-0.3767
2012,10,2,2,104,-2.2851
2012,10,2,3,128,-2.1339
2012,10,2,4,122,-1.9915
2012,10,2,5,136,-0.7568
2012,10,3,1,113,-2.0607
2012,10,3,2,125,-2.5302
2012,10,3,3,165,-2.4671
2012,10,3,4,188,-2.9671
2012,10,3,5,131,1.0445
2012,11,1,1,265,0.2917
2012,11,1,2,201,0.8455
2012,11,1,3,227,0.7249
2012,11,1,4,226,1.9025
2012,11,1,5,358,1.6354
2012,11,2,1,116,-1.2491
2012,11,2,2,102,0.1807
2012,11,2,3,127,2.4206
2012,11,2,4,122,2.9002
2012,11,2,5,135,2.6281
2012,11,3,1,112,0.2271
2012,11,3,2,123,0.3923
2012,11,3,3,165,0.4606
2012,11,3,4,188,1.0563
2012,11,3,5,131,3.3618
2012,12,1,1,262,5.2946
2012,12,1,2,197,4.5791
2012,12,1,3,225,2.2042
2012,12,1,4,224,3.2234
2012,12,1,5,355,1.9995
2012,12,2,1,116,3.6216
2012,12,2,2,102,2.5396
2012,12,2,3,127,4.1391
2012,12,2,4,121,3.4537
2012,12,2,5,135,3.8200
2012,12,3,1,111,1.5158
2012,12,3,2,123,1.6187
2012,12,3,3,165,1.1901
2012,12,3,4,188,-1.2604
2012,12,3,5,131,3.2515
2013,1,1,1,260,6.6739
2013,1,1,2,194,6.1800
2013,1,1,3,221,5.2920
2013,1,1,4,223,7.3295
2013,1,1,5,350,6.1522
2013,1,2,1,114,6.7014
2013,1,2,2,100,6.0319
2013,1,2,3,127,6.1623
2013,1,2,4,119,5.8755
2013,1,2,5,135,6.4641
2013,1,3,1,111,4.6840
2013,1,3,2,123,6.1510
2013,1,3,3,165,6.7818
2013,1,3,4,187,4.2001
2013,1,3,5,130,4.9895
2013,2,1,1,259,1.5605
2013,2,1,2,194,1.2972
2013,2,1,3,221,1.0103
2013,2,1,4,221,0.6036
2013,2,1,5,347,-0.7492
2013,2,2,1,114,1.7363
2013,2,2,2,99,0.3592
2013,2,2,3,127,0.6464
2013,2,2,4,119,1.0647
2013,2,2,5,135,0.1424
2013,2,3,1,110,1.5263
2013,2,3,2,122,0.9327
2013,2,3,3,165,1.8435
2013,2,3,4,187,1.1900
2013,2,3,5,129,0.7653
2013,3,1,1,256,5.7335
2013,3,1,2,193,5.8142
2013,3,1,3,221,5.9793
2013,3,1,4,219,8.1898
2013,3,1,5,346,4.7196
2013,3,2,1,114,5.3376
2013,3,2,2,98,5.8274
2013,3,2,3,126,4.4161
2013,3,2,4,119,4.1554
2013,3,2,5,133,3.5209
2013,3,3,1,110,4.7260
2013,3,3,2,122,3.5391
2013,3,3,3,165,3.8076
2013,3,3,4,187,3.4646
2013,3,3,5,129,4.0267
2013,4,1,1,254,0.2718
2013,4,1,2,190,0.0148
2013,4,1,3,221,1.9368
2013,4,1,4,214,0.3543
2013,4,1,5,344,-1.3897
2013,4,2,1,114,-1.8203
2013,4,2,2,98,-0.3836
2013,4,2,3,126,-1.9684
2013,4,2,4,119,-0.0017
2013,4,2,5,133,-0.5606
2013,4,3,1,110,1.7972
2013,4,3,2,122,0.1175
2013,4,3,3,165,2.4363
2013,4,3,4,187,1.7270
2013,4,3,5,129,1.1659
2013,5,1,1,253,6.1001
2013,5,1,2,187,4.4719
2013,5,1,3,217,6.8900
2013,5,1,4,214,6.3883
2013,5,1,5,342,4.3865
2013,5,2,1,114,4.9794
2013,5,2,2,98,5.5218
2013,5,2,3,125,5.8564
2013,5,2,4,117,4.5577
2013,5,2,5,132,5.1543
2013,5,3,1,110,-1.3020
2013,5,3,2,122,1.2339
2013,5,3,3,165,2.1523
2013,5,3,4,187,2.1190
2013,5,3,5,129,3.3029
2013,6,1,1,251,0.9428
2013,6,1,2,185,1.5123
2013,6,1,3,215,-1.4033
2013,6,1,4,211,-1.4845
2013,6,1,5,340,0.6233
2013,6,2,1,114,-1.5877
2013,6,2,2,98,-0.7481
2013,6,2,3,125,-1.0146
2013,6,2,4,116,0.2809
2013,6,2,5,132,-1.4143
2013,6,3,1,109,1.3097
2013,6,3,2,122,-0.5884
2013,6,3,3,165,-0.8145
2013,6,3,4,187,-2.6392
2013,6,3,5,128,-2.0147
2013,7,1,1,220,8.0220
2013,7,1,2,211,8.3193
2013,7,1,3,216,8.2176
2013,7,1,4,199,6.8270
2013,7,1,5,395,9.0527
2013,7,2,1,124,8.8473
2013,7,2,2,118,5.6557
2013,7,2,3,112,4.6491
2013,7,2,4,118,7.4127
2013,7,2,5,145,7.9186
2013,7,3,1,117,3.9588
2013,7,3,2,122,6.1123
2013,7,3,3,134,3.1734
2013,7,3,4,196,5.7281
2013,7,3,5,149,6.0735
2013,8,1,1,220,-4.2517
2013,8,1,2,210,-1.4140
2013,8,1,3,215,-3.3915
2013,8,1,4,198,-4.1459
2013,8,1,5,393,-0.7089
2013,8,2,1,124,-2.7648
2013,8,2,2,118,-2.9742
2013,8,2,3,112,-3.0376
2013,8,2,4,116,-2.4428
2013,8,2,5,145,-2.7485
2013,8,3,1,117,-1.7451
2013,8,3,2,121,-3.1133
2013,8,3,3,134,-2.5206
2013,8,3,4,195,-3.1925
2013,8,3,5,147,-0.7096
2013,9,1,1,219,7.5595
2013,9,1,2,210,7.3002
2013,9,1,3,212,6.9633
2013,9,1,4,193,5.9793
2013,9,1,5,389,7.8409
2013,9,2,1,124,5.2624
2013,9,2,2,118,5.3130
2013,9,2,3,111,6.5641
2013,9,2,4,116,6.1671
2013,9,2,5,145,7.6836
2013,9,3,1,117,4.2849
2013,9,3,2,121,4.3494
2013,9,3,3,134,4.4014
2013,9,3,4,195,2.7273
2013,9,3,5,147,3.4451
2013,10,1,1,217,4.6090
2013,10,1,2,209,2.9303
2013,10,1,3,209,4.6531
2013,10,1,4,193,-0.1432
2013,10,1,5,387,0.5036
2013,10,2,1,124,3.4790
2013,10,2,2,118,3.6327
2013,10,2,3,110,2.3697
2013,10,2,4,116,2.8602
2013,10,2,5,145,0.9529
2013,10,3,1,117,5.7410
2013,10,3,2,121,5.2556
2013,10,3,3,133,5.5802
2013,10,3,4,194,3.8692
2013,10,3,5,147,3.8864
2013,11,1,1,213,5.7194
2013,11,1,2,207,4.3033
2013,11,1,3,208,4.7339
2013,11,1,4,192,8.4938
2013,11,1,5,386,6.6442
2013,11,2,1,121,1.5383
2013,11,2,2,117,1.8893
2013,11,2,3,108,3.6901
2013,11,2,4,116,4.5547
2013,11,2,5,144,5.5653
2013,11,3,1,116,-0.1122
2013,11,3,2,121,1.5003
2013,11,3,3,133,2.9514
2013,11,3,4,193,3.1379
2013,11,3,5,146,3.3876
2013,12,1,1,210,2.4282
2013,12,1,2,202,2.5987
2013,12,1,3,206,3.0056
2013,12,1,4,191,3.4846
2013,12,1,5,382,2.6126
2013,12,2,1,120,2.6478
2013,12,2,2,116,2.1223
2013,12,2,3,108,2.6591
2013,12,2,4,115,2.0787
2013,12,2,5,143,1.2149
2013,12,3,1,116,2.1116
2013,12,3,2,121,4.0245
2013,12,3,3,133,2.5547
2013,12,3,4,193,2.2301
2013,12,3,5,146,2.5733
2014,1,1,1,210,-3.6774
2014,1,1,2,202,-3.7736
2014,1,1,3,205,-2.7433
2014,1,1,4,190,0.4199
2014,1,1,5,379,1.9837
2014,1,2,1,120,-1.7739
2014,1,2,2,114,-1.8195
2014,1,2,3,105,-4.5119
2014,1,2,4,115,-2.8651
2014,1,2,5,143,-3.8487
2014,1,3,1,116,-2.2217
2014,1,3,2,120,-3.7762
2014,1,3,3,132,-2.1724
2014,1,3,4,191,-3.2941
2014,1,3,5,146,-5.1988
2014,2,1,1,209,3.8813
2014,2,1,2,201,3.6231
2014,2,1,3,204,5.8888
2014,2,1,4,189,5.9830
2014,2,1,5,378,6.5495
2014,2,2,1,119,4.7313
2014,2,2,2,113,4.0244
2014,2,2,3,104,2.8591
2014,2,2,4,114,5.6174
2014,2,2,5,143,6.3952
2014,2,3,1,113,3.4209
2014,2,3,2,120,3.6954
2014,2,3,3,132,5.4402
2014,2,3,4,191,5.2697
2014,2,3,5,146,5.0102
2014,3,1,1,205,2.6587
2014,3,1,2,196,-1.0834
2014,3,1,3,202,0.9211
2014,3,1,4,187,-2.4136
2014,3,1,5,375,-1.6970
2014,3,2,1,119,0.4860
2014,3,2,2,111,-0.4599
2014,3,2,3,104,-0.0978
2014,3,2,4,114,0.4388
2014,3,2,5,142,-1.9133
2014,3,3,1,113,-0.0730
2014,3,3,2,120,0.9004
2014,3,3,3,131,0.9318
2014,3,3,4,191,0.1347
2014,3,3,5,146,0.5719
2014,4,1,1,204,-3.4502
2014,4,1,2,194,-5.2327
2014,4,1,3,201,-6.3939
2014,4,1,4,187,-6.5774
2014,4,1,5,374,-6.8572
2014,4,2,1,118,-1.8721
2014,4,2,2,111,-3.8412
2014,4,2,3,104,-2.6865
2014,4,2,4,114,-2.5742
2014,4,2,5,142,-3.8433
2014,4,3,1,113,0.4488
2014,4,3,2,119,0.6506
2014,4,3,3,131,0.0279
2014,4,3,4,191,1.2870
2014,4,3,5,146,1.9075
2014,5,1,1,202,-2.2747
2014,5,1,2,192,1.1265
2014,5,1,3,201,-1.6167
2014,5,1,4,185,-0.0552
2014,5,1,5,372,-1.9259
2014,5,2,1,117,1.2757
2014,5,2,2,111,1.4441
2014,5,2,3,103,0.9697
2014,5,2,4,114,-0.1131
2014,5,2,5,142,0.7941
2014,5,3,1,113,3.2236
2014,5,3,2,119,2.1185
2014,5,3,3,131,2.4078
2014,5,3,4,191,1.8126
2014,5,3,5,146,1.9657
2014,6,1,1,203,5.1525
2014,6,1,2,192,4.4390
2014,6,1,3,200,4.1905
2014,6,1,4,183,4.9713
2014,6,1,5,368,8.8484
2014,6,2,1,117,6.4781
2014,6,2,2,111,3.7766
2014,6,2,3,102,4.6883
2014,6,2,4,114,6.4022
2014,6,2,5,141,4.8355
2014,6,3,1,113,3.4848
2014,6,3,2,119,2.6310
2014,6,3,3,130,2.8540
2014,6,3,4,191,1.4229
2014,6,3,5,145,1.7485
2014,7,1,1,236,-5.4899
2014,7,1,2,197,-5.2349
2014,7,1,3,219,-4.9636
2014,7,1,4,178,-8.6330
2014,7,1,5,326,-7.6152
2014,7,2,1,144,-6.2933
2014,7,2,2,116,-6.1438
2014,7,2,3,129,-5.5026
2014,7,2,4,112,-6.5829
2014,7,2,5,125,-5.1158
2014,7,3,1,114,-2.2928
2014,7,3,2,124,-2.2721
2014,7,3,3,159,-1.7028
2014,7,3,4,197,-1.2012
2014,7,3,5,146,-1.7368
2014,8,1,1,233,3.8685
2014,8,1,2,197,3.2974
2014,8,1,3,218,4.2883
2014,8,1,4,178,3.1537
2014,8,1,5,324,4.4355
2014,8,2,1,144,5.4330
2014,8,2,2,114,5.3661
2014,8,2,3,128,4.7380
2014,8,2,4,110,4.2764
2014,8,2,5,124,6.1687
2014,8,3,1,113,3.9518
2014,8,3,2,124,4.9893
2014,8,3,3,159,2.8942
2014,8,3,4,197,4.8287
2014,8,3,5,146,4.9266
2014,9,1,1,233,-6.8537
2014,9,1,2,196,-6.9902
2014,9,1,3,214,-6.5496
2014,9,1,4,177,-8.2579
2014,9,1,5,323,-7.0969
2014,9,2,1,143,-6.7632
2014,9,2,2,113,-6.3362
2014,9,2,3,128,-5.3939
2014,9,2,4,110,-4.1281
2014,9,2,5,124,-5.7997
2014,9,3,1,113,-4.5086
2014,9,3,2,124,-3.1495
2014,9,3,3,159,-2.1990
2014,9,3,4,197,-1.0384
2014,9,3,5,143,-1.7825
2014,10,1,1,232,4.4229
2014,10,1,2,194,7.3839
2014,10,1,3,213,6.7479
2014,10,1,4,177,3.2531
2014,10,1,5,321,6.4812
2014,10,2,1,143,2.9596
2014,10,2,2,112,4.9704
2014,10,2,3,128,4.6588
2014,10,2,4,110,8.6043
2014,10,2,5,124,5.5193
2014,10,3,1,113,-0.7326
2014,10,3,2,124,1.0512
2014,10,3,3,159,1.4179
2014,10,3,4,197,3.5042
2014,10,3,5,141,1.6347
2014,11,1,1,228,-0.8678
2014,11,1,2,193,-1.6343
2014,11,1,3,212,-1.5157
2014,11,1,4,177,-0.5485
2014,11,1,5,318,0.5068
2014,11,2,1,143,-1.5371
2014,11,2,2,112,0.6755
2014,11,2,3,128,2.2141
2014,11,2,4,109,1.0553
2014,11,2,5,123,1.1010
2014,11,3,1,113,-0.1844
2014,11,3,2,123,2.4187
2014,11,3,3,159,2.2583
2014,11,3,4,197,4.0574
2014,11,3,5,141,2.8581
2014,12,1,1,227,4.6997
2014,12,1,2,191,5.4612
2014,12,1,3,212,4.6040
2014,12,1,4,177,6.7256
2014,12,1,5,314,3.6917
2014,12,2,1,143,2.5544
2014,12,2,2,112,2.7394
2014,12,2,3,128,0.5788
2014,12,2,4,108,1.7775
2014,12,2,5,123,0.6218
2014,12,3,1,111,-1.9792
2014,12,3,2,123,-0.1347
2014,12,3,3,159,-0.2202
2014,12,3,4,197,-0.6068
2014,12,3,5,140,-0.4158
2015,1,1,1,226,-4.3459
2015,1,1,2,188,-5.6021
2015,1,1,3,211,-4.4435
2015,1,1,4,176,-3.8848
2015,1,1,5,313,-4.1164
2015,1,2,1,142,-5.2816
2015,1,2,2,112,-4.2340
2015,1,2,3,127,-2.4755
2015,1,2,4,107,-1.8003
2015,1,2,5,123,-2.2144
2015,1,3,1,110,-0.0211
2015,1,3,2,122,-1.8927
2015,1,3,3,159,-3.2864
2015,1,3,4,196,-2.5099
2015,1,3,5,140,-1.1951
2015,2,1,1,223,4.3975
2015,2,1,2,188,6.3251
2015,2,1,3,209,3.9668
2015,2,1,4,176,8.2685
2015,2,1,5,312,6.3947
2015,2,2,1,141,8.1693
2015,2,2,2,111,6.5706
2015,2,2,3,127,6.7653
2015,2,2,4,106,4.8519
2015,2,2,5,122,7.8503
2015,2,3,1,108,5.5845
2015,2,3,2,121,2.9196
2015,2,3,3,159,6.1993
2015,2,3,4,195,5.8869
2015,2,3,5,138,6.6734
2015,3,1,1,221,-0.1444
2015,3,1,2,188,0.3373
2015,3,1,3,207,-2.1663
2015,3,1,4,173,2.6212
2015,3,1,5,311,1.7818
2015,3,2,1,141,1.0879
2015,3,2,2,110,0.8695
2015,3,2,3,125,2.3582
2015,3,2,4,106,2.4655
2015,3,2,5,120,2.5401
2015,3,3,1,108,-1.1400
2015,3,3,2,120,-1.5324
2015,3,3,3,159,-1.5382
2015,3,3,4,195,-1.9327
2015,3,3,5,137,-1.2301
2015,4,1,1,217,-1.8972
2015,4,1,2,187,-1.0514
2015,4,1,3,207,-2.3598
2015,4,1,4,173,-3.1569
2015,4,1,5,308,-2.4613
2015,4,2,1,141,-1.9850
2015,4,2,2,108,-1.7627
2015,4,2,3,125,-2.8156
2015,4,2,4,106,-3.1640
2015,4,2,5,120,-3.0888
2015,4,3,1,108,5.0674
2015,4,3,2,120,0.8624
2015,4,3,3,156,1.5447
2015,4,3,4,194,-0.3142
2015,4,3,5,137,0.2118
2015,5,1,1,216,-0.4239
2015,5,1,2,187,1.4644
2015,5,1,3,205,0.3622
2015,5,1,4,172,2.7289
2015,5,1,5,307,3.6336
2015,5,2,1,141,2.1454
2015,5,2,2,108,0.6327
2015,5,2,3,125,1.4440
2015,5,2,4,106,3.0675
2015,5,2,5,120,4.1282
2015,5,3,1,107,-0.9986
2015,5,3,2,119,0.2575
2015,5,3,3,155,0.6392
2015,5,3,4,194,1.2782
2015,5,3,5,137,2.0975
2015,6,1,1,215,1.6410
2015,6,1,2,186,2.0382
2015,6,1,3,205,1.3069
2015,6,1,4,171,0.7707
2015,6,1,5,306,3.4672
2015,6,2,1,140,-1.2878
2015,6,2,2,108,-0.6489
2015,6,2,3,125,0.4298
2015,6,2,4,106,1.3838
2015,6,2,5,120,-0.2633
2015,6,3,1,107,-2.9222
2015,6,3,2,119,-2.9159
2015,6,3,3,155,-2.1316
2015,6,3,4,194,-2.3202
2015,6,3,5,135,-1.8010
2015,7,1,1,229,-7.7873
2015,7,1,2,183,-7.6807
2015,7,1,3,180,-5.9954
2015,7,1,4,184,-5.6907
2015,7,1,5,352,-5.9027
2015,7,2,1,130,-4.2301
2015,7,2,2,114,-1.4509
2015,7,2,3,119,-1.8594
2015,7,2,4,118,-3.3739
2015,7,2,5,144,-1.2384
2015,7,3,1,126,1.3778
2015,7,3,2,127,-0.1957
2015,7,3,3,161,2.5745
2015,7,3,4,185,2.0405
2015,7,3,5,174,1.1079
2015,8,1,1,229,-3.5447
2015,8,1,2,180,-2.7411
2015,8,1,3,178,-4.0438
2015,8,1,4,181,-4.7441
2015,8,1,5,349,-5.8911
2015,8,2,1,130,-6.3086
2015,8,2,2,114,-6.0262
2015,8,2,3,117,-5.4315
2015,8,2,4,118,-6.0935
2015,8,2,5,144,-6.2289
2015,8,3,1,126,-4.3299
2015,8,3,2,126,-4.6340
2015,8,3,3,158,-6.5771
2015,8,3,4,184,-6.2436
2015,8,3,5,174,-6.5462
2015,9,1,1,229,-6.4901
2015,9,1,2,178,-7.9656
2015,9,1,3,178,-7.6928
2015,9,1,4,180,-7.2969
2015,9,1,5,348,-8.6370
2015,9,2,1,130,-6.4844
2015,9,2,2,113,-2.8374
2015,9,2,3,115,-6.0707
2015,9,2,4,118,-7.1121
2015,9,2,5,143,-9.5576
2015,9,3,1,124,-4.2850
2015,9,3,2,126,-2.8019
2015,9,3,3,157,-1.9864
2015,9,3,4,183,-1.9759
2015,9,3,5,173,-2.9589
2015,10,1,1,227,5.4441
2015,10,1,2,176,7.6092
2015,10,1,3,175,7.8664
2015,10,1,4,179,4.6546
2015,10,1,5,346,5.8806
2015,10,2,1,129,8.4273
2015,10,2,2,113,6.0256
2015,10,2,3,115,6.9056
2015,10,2,4,118,8.0193
2015,10,2,5,143,3.5018
2015,10,3,1,124,9.0033
2015,10,3,2,126,6.2417
2015,10,3,3,156,8.6212
2015,10,3,4,183,8.0745
2015,10,3,5,173,8.3596
2015,11,1,1,223,-0.6007
2015,11,1,2,175,0.7697
2015,11,1,3,172,2.3394
2015,11,1,4,176,3.8301
2015,11,1,5,343,4.5146
2015,11,2,1,128,4.8355
2015,11,2,2,112,2.5496
2015,11,2,3,113,3.4487
2015,11,2,4,116,4.6038
2015,11,2,5,141,5.4841
2015,11,3,1,123,-0.5511
2015,11,3,2,126,-0.4562
2015,11,3,3,156,0.1654
2015,11,3,4,183,0.8393
2015,11,3,5,173,-0.9229
2015,12,1,1,221,-6.2409
2015,12,1,2,176,-5.2675
2015,12,1,3,170,-4.3374
2015,12,1,4,176,-4.7308
2015,12,1,5,342,-6.9315
2015,12,2,1,127,-5.2889
2015,12,2,2,112,-3.4875
2015,12,2,3,113,-5.9965
2015,12,2,4,116,-5.0437
2015,12,2,5,140,-5.4234
2015,12,3,1,123,-2.6319
2015,12,3,2,126,-2.0282
2015,12,3,3,155,-1.2273
2015,12,3,4,182,-2.3935
2015,12,3,5,173,-1.3158
2016,1,1,1,220,-8.2367
2016,1,1,2,171,-8.2239
2016,1,1,3,170,-8.5439
2016,1,1,4,176,-11.9222
2016,1,1,5,338,-11.1021
2016,1,2,1,125,-7.3554
2016,1,2,2,112,-7.5179
2016,1,2,3,113,-8.5800
2016,1,2,4,116,-8.5688
2016,1,2,5,138,-11.8499
2016,1,3,1,122,-4.7182
2016,1,3,2,126,-6.5138
2016,1,3,3,153,-5.0291
2016,1,3,4,181,-4.2654
2016,1,3,5,173,-4.1125
2016,2,1,1,220,-0.0172
2016,2,1,2,167,0.7843
2016,2,1,3,165,-0.2733
2016,2,1,4,175,-1.1410
2016,2,1,5,334,-0.0908
2016,2,2,1,123,0.0906
2016,2,2,2,111,0.7255
2016,2,2,3,113,0.4092
2016,2,2,4,116,1.4709
2016,2,2,5,138,1.3373
2016,2,3,1,122,0.2088
2016,2,3,2,126,1.4565
2016,2,3,3,153,-0.3124
2016,2,3,4,178,0.6743
2016,2,3,5,173,1.1940
2016,3,1,1,219,9.0139
2016,3,1,2,165,7.3801
2016,3,1,3,164,7.0883
2016,3,1,4,174,5.8963
2016,3,1,5,330,7.4878
2016,3,2,1,120,8.8242
2016,3,2,2,111,8.9169
2016,3,2,3,113,8.6547
2016,3,2,4,115,8.1097
2016,3,2,5,138,8.4258
2016,3,3,1,122,7.8716
2016,3,3,2,124,7.6006
2016,3,3,3,153,7.3742
2016,3,3,4,177,7.2169
2016,3,3,5,172,5.1517
2016,4,1,1,217,4.2978
2016,4,1,2,164,2.3178
2016,4,1,3,163,3.9774
2016,4,1,4,173,4.1831
2016,4,1,5,327,1.8792
2016,4,2,1,120,3.4261
2016,4,2,2,111,0.7021
2016,4,2,3,113,2.0722
2016,4,2,4,115,0.7370
2016,4,2,5,138,0.9238
2016,4,3,1,120,3.1550
2016,4,3,2,124,1.4179
2016,4,3,3,153,0.8982
2016,4,3,4,177,-1.5225
2016,4,3,5,171,0.7041
2016,5,1,1,216,-1.1508
2016,5,1,2,161,-1.0425
2016,5,1,3,161,-1.7115
2016,5,1,4,173,0.1555
2016,5,1,5,325,0.2765
2016,5,2,1,118,-0.7001
2016,5,2,2,110,1.6166
2016,5,2,3,113,3.5281
2016,5,2,4,115,1.9897
2016,5,2,5,138,2.0961
2016,5,3,1,119,2.1241
2016,5,3,2,122,0.5581
2016,5,3,3,153,1.4201
2016,5,3,4,175,2.3563
2016,5,3,5,171,1.0041
2016,6,1,1,211,0.7886
2016,6,1,2,161,1.4542
2016,6,1,3,160,3.0307
2016,6,1,4,171,-2.0026
2016,6,1,5,322,-1.2256
2016,6,2,1,117,0.6472
2016,6,2,2,109,0.6940
2016,6,2,3,112,0.0630
2016,6,2,4,115,1.1245
2016,6,2,5,137,0.8806
2016,6,3,1,117,2.4345
2016,6,3,2,122,1.8590
2016,6,3,3,151,1.4502
2016,6,3,4,174,0.0649
2016,6,3,5,171,0.8801
2016,7,1,1,176,7.4643
2016,7,1,2,177,6.0819
2016,7,1,3,192,4.8706
2016,7,1,4,217,6.5054
2016,7,1,5,420,4.9987
2016,7,2,1,146,5.9032
2016,7,2,2,111,5.1040
2016,7,2,3,106,5.9616
2016,7,2,4,119,7.4693
2016,7,2,5,131,6.8271
2016,7,3,1,127,2.6081
2016,7,3,2,123,4.4419
2016,7,3,3,141,2.2716
2016,7,3,4,179,4.6671
2016,7,3,5,167,4.1676
2016,8,1,1,173,2.2866
2016,8,1,2,177,4.3729
2016,8,1,3,191,3.6176
2016,8,1,4,215,5.8393
2016,8,1,5,415,0.6343
2016,8,2,1,144,2.9488
2016,8,2,2,111,2.1041
2016,8,2,3,105,-0.7843
2016,8,2,4,119,-0.3165
2016,8,2,5,130,-0.8128
2016,8,3,1,125,0.0559
2016,8,3,2,121,0.1345
2016,8,3,3,141,-1.6765
2016,8,3,4,179,0.5904
2016,8,3,5,167,-1.4993
2016,9,1,1,173,3.1751
2016,9,1,2,175,3.8507
2016,9,1,3,191,0.1662
2016,9,1,4,214,7.4913
2016,9,1,5,411,6.9622
2016,9,2,1,144,2.9818
2016,9,2,2,110,2.4708
2016,9,2,3,103,0.6312
2016,9,2,4,117,2.0238
2016,9,2,5,130,0.1105
2016,9,3,1,124,2.6700
2016,9,3,2,120,0.9847
2016,9,3,3,141,0.1126
2016,9,3,4,179,0.0018
2016,9,3,5,167,-0.2853
2016,10,1,1,173,-4.2848
2016,10,1,2,174,-4.2668
2016,10,1,3,187,-4.6849
2016,10,1,4,214,-9.1919
2016,10,1,5,409,-9.5943
2016,10,2,1,140,-5.6611
2016,10,2,2,109,-5.7068
2016,10,2,3,103,-5.2640
2016,10,2,4,115,-6.1377
2016,10,2,5,128,-8.0829
2016,10,3,1,123,-3.0069
2016,10,3,2,119,-1.5351
2016,10,3,3,139,-3.4924
2016,10,3,4,178,-2.4050
2016,10,3,5,165,-1.1086
2016,11,1,1,171,9.9135
2016,11,1,2,172,13.4369
2016,11,1,3,187,12.3135
2016,11,1,4,209,9.8692
2016,11,1,5,407,10.8445
2016,11,2,1,140,10.3302
2016,11,2,2,109,12.1446
2016,11,2,3,103,7.5514
2016,11,2,4,115,12.1779
2016,11,2,5,128,9.9663
2016,11,3,1,123,3.3979
2016,11,3,2,118,1.5668
2016,11,3,3,138,3.2836
2016,11,3,4,178,3.3803
2016,11,3,5,164,2.9026
2016,12,1,1,170,6.2649
2016,12,1,2,170,3.6885
2016,12,1,3,185,2.5097
2016,12,1,4,208,1.8114
2016,12,1,5,404,2.3675
2016,12,2,1,139,1.6924
2016,12,2,2,107,1.4943
2016,12,2,3,102,0.7024
2016,12,2,4,114,0.0840
2016,12,2,5,128,1.4239
2016,12,3,1,121,0.9493
2016,12,3,2,117,1.6020
2016,12,3,3,138,1.1523
2016,12,3,4,178,1.7167
2016,12,3,5,163,1.3679
2017,1,1,1,168,-2.6266
2017,1,1,2,170,0.9276
2017,1,1,3,184,-1.9385
2017,1,1,4,207,0.4823
2017,1,1,5,400,0.7530
2017,1,2,1,138,0.4415
2017,1,2,2,106,1.9326
2017,1,2,3,102,1.0852
2017,1,2,4,114,0.6749
2017,1,2,5,128,1.3053
2017,1,3,1,119,2.7824
2017,1,3,2,117,3.4515
2017,1,3,3,138,0.5781
2017,1,3,4,177,2.8557
2017,1,3,5,161,2.0885
2017,2,1,1,167,-1.1482
2017,2,1,2,168,-2.0816
2017,2,1,3,183,-0.1940
2017,2,1,4,206,1.5646
2017,2,1,5,400,2.4797
2017,2,2,1,137,-0.7385
2017,2,2,2,104,0.2426
2017,2,2,3,102,0.0447
2017,2,2,4,114,2.5695
2017,2,2,5,128,2.4000
2017,2,3,1,119,1.6722
2017,2,3,2,116,1.4651
2017,2,3,3,138,3.1309
2017,2,3,4,177,4.7311
2017,2,3,5,160,4.3075
2017,3,1,1,167,-1.5212
2017,3,1,2,168,0.5738
2017,3,1,3,181,0.5574
2017,3,1,4,206,3.3191
2017,3,1,5,396,2.8238
2017,3,2,1,133,0.9034
2017,3,2,2,104,-0.6602
2017,3,2,3,101,0.0024
2017,3,2,4,113,1.7463
2017,3,2,5,127,2.5092
2017,3,3,1,118,0.2910
2017,3,3,2,116,0.9066
2017,3,3,3,137,0.0293
2017,3,3,4,177,1.0169
2017,3,3,5,159,0.4601
2017,4,1,1,165,2.2361
2017,4,1,2,167,1.1364
2017,4,1,3,180,2.3445
2017,4,1,4,204,-0.4904
2017,4,1,5,395,1.4527
2017,4,2,1,133,0.1434
2017,4,2,2,103,1.5258
2017,4,2,3,100,0.5764
2017,4,2,4,112,2.4642
2017,4,2,5,126,1.9605
2017,4,3,1,118,0.8244
2017,4,3,2,116,1.1417
2017,4,3,3,137,0.6850
2017,4,3,4,176,2.0746
2017,4,3,5,158,1.1502
2017,5,1,1,165,-2.4094
2017,5,1,2,165,-3.1728
2017,5,1,3,178,0.3703
2017,5,1,4,204,-4.5047
2017,5,1,5,393,-2.4436
2017,5,2,1,132,-1.2106
2017,5,2,2,102,-2.9041
2017,5,2,3,98,0.3726
2017,5,2,4,110,-0.8894
2017,5,2,5,123,-1.7183
2017,5,3,1,118,0.6055
2017,5,3,2,116,1.2233
2017,5,3,3,136,2.0953
2017,5,3,4,176,1.9843
2017,5,3,5,157,2.0242
2017,6,1,1,162,2.9854
2017,6,1,2,164,4.0916
2017,6,1,3,176,1.0665
2017,6,1,4,201,8.4953
2017,6,1,5,392,8.1667
2017,6,2,1,130,1.5731
2017,6,2,2,102,0.3494
2017,6,2,3,98,2.1100
2017,6,2,4,110,3.5422
2017,6,2,5,122,4.4874
2017,6,3,1,118,-0.7903
2017,6,3,2,116,-0.9772
2017,6,3,3,136,-0.3618
2017,6,3,4,176,-0.3011
2017,6,3,5,157,0.7634
2017,7,1,1,191,-1.3596
2017,7,1,2,143,1.0694
2017,7,1,3,189,-2.1002
2017,7,1,4,186,-0.1990
2017,7,1,5,444,-1.3431
2017,7,2,1,123,1.1121
2017,7,2,2,113,1.1440
2017,7,2,3,97,0.7321
2017,7,2,4,111,0.7078
2017,7,2,5,122,1.2525
2017,7,3,1,121,3.0466
2017,7,3,2,118,1.6378
2017,7,3,3,145,3.3438
2017,7,3,4,152,2.1456
2017,7,3,5,197,0.9184
2017,8,1,1,191,-2.5841
2017,8,1,2,143,-3.8865
2017,8,1,3,187,-2.1109
2017,8,1,4,185,1.3700
2017,8,1,5,443,0.3038
2017,8,2,1,123,-0.3545
2017,8,2,2,112,-3.1721
2017,8,2,3,97,-0.8460
2017,8,2,4,110,-2.4627
2017,8,2,5,122,-0.0658
2017,8,3,1,121,-0.8444
2017,8,3,2,117,-1.1210
2017,8,3,3,145,0.9033
2017,8,3,4,152,1.5497
2017,8,3,5,195,1.1702
2017,9,1,1,189,8.4902
2017,9,1,2,143,8.2595
2017,9,1,3,187,9.5860
2017,9,1,4,183,8.5497
2017,9,1,5,440,8.9242
2017,9,2,1,123,6.9051
2017,9,2,2,112,6.3408
2017,9,2,3,96,6.7813
2017,9,2,4,108,6.8940
2017,9,2,5,122,5.6428
2017,9,3,1,121,2.5311
2017,9,3,2,117,3.3552
2017,9,3,3,144,1.6321
2017,9,3,4,152,0.1141
2017,9,3,5,195,2.4299
2017,10,1,1,186,-0.4845
2017,10,1,2,142,1.5373
2017,10,1,3,184,-1.0236
2017,10,1,4,181,0.2286
2017,10,1,5,438,-1.8548
2017,10,2,1,122,1.0505
2017,10,2,2,112,-0.8192
2017,10,2,3,95,0.2315
2017,10,2,4,107,0.3687
2017,10,2,5,122,0.4271
2017,10,3,1,121,4.5409
2017,10,3,2,114,-1.0424
2017,10,3,3,143,3.5847
2017,10,3,4,152,2.7037
2017,10,3,5,193,1.4621
2017,11,1,1,185,4.8795
2017,11,1,2,142,2.6753
2017,11,1,3,183,4.5575
2017,11,1,4,179,1.7411
2017,11,1,5,433,2.8526
2017,11,2,1,121,2.1336
2017,11,2,2,112,1.8790
2017,11,2,3,94,3.0007
2017,11,2,4,107,3.9673
2017,11,2,5,122,3.0711
2017,11,3,1,120,3.0499
2017,11,3,2,113,2.0458
2017,11,3,3,143,3.0201
2017,11,3,4,151,3.0192
2017,11,3,5,192,3.7570
2017,12,1,1,182,-0.3261
2017,12,1,2,142,0.2515
2017,12,1,3,180,-1.8836
2017,12,1,4,178,-0.4267
2017,12,1,5,431,2.3357
2017,12,2,1,119,2.0026
2017,12,2,2,112,1.0516
2017,12,2,3,94,-0.0901
2017,12,2,4,107,-0.9327
2017,12,2,5,121,-0.0452
2017,12,3,1,120,1.9245
2017,12,3,2,111,1.9347
2017,12,3,3,142,1.4222
2017,12,3,4,150,0.4731
2017,12,3,5,192,0.9577
2018,1,1,1,182,-0.5423
2018,1,1,2,139,2.7847
2018,1,1,3,178,1.5035
2018,1,1,4,177,1.2959
2018,1,1,5,426,4.9070
2018,1,2,1,119,3.4395
2018,1,2,2,112,2.7791
2018,1,2,3,94,4.1324
2018,1,2,4,106,1.2920
2018,1,2,5,120,3.3836
2018,1,3,1,120,8.1272
2018,1,3,2,111,3.3982
2018,1,3,3,142,8.4523
2018,1,3,4,150,3.0359
2018,1,3,5,191,6.0158
2018,2,1,1,181,-4.8939
2018,2,1,2,139,-3.9184
2018,2,1,3,177,-2.8873
2018,2,1,4,177,-4.7387
2018,2,1,5,424,-2.1965
2018,2,2,1,117,-3.4936
2018,2,2,2,112,-4.5831
2018,2,2,3,93,-4.5266
2018,2,2,4,106,-3.4991
2018,2,2,5,120,-3.7879
2018,2,3,1,120,-2.2729
2018,2,3,2,111,-6.2207
2018,2,3,3,142,-4.7047
2018,2,3,4,150,-3.0192
2018,2,3,5,191,-3.2748
2018,3,1,1,178,3.9062
2018,3,1,2,138,-0.8975
2018,3,1,3,177,1.7648
2018,3,1,4,177,2.5295
2018,3,1,5,419,-1.4506
2018,3,2,1,115,0.8934
2018,3,2,2,111,0.7686
2018,3,2,3,93,1.3529
2018,3,2,4,106,1.3947
2018,3,2,5,119,1.7932
2018,3,3,1,120,-1.0003
2018,3,3,2,111,0.4043
2018,3,3,3,142,-2.5041
2018,3,3,4,150,-2.7602
2018,3,3,5,190,-2.8123
2018,4,1,1,176,1.8498
2018,4,1,2,138,2.9789
2018,4,1,3,177,3.1485
2018,4,1,4,174,1.6241
2018,4,1,5,417,-0.3798
2018,4,2,1,113,2.5989
2018,4,2,2,111,1.5210
2018,4,2,3,93,1.2727
2018,4,2,4,106,-0.4300
2018,4,2,5,119,-0.6895
2018,4,3,1,118,4.6862
2018,4,3,2,111,1.1735
2018,4,3,3,142,0.6033
2018,4,3,4,149,-0.4614
2018,4,3,5,188,-1.6422
2018,5,1,1,175,6.9190
2018,5,1,2,138,5.6691
2018,5,1,3,174,8.5226
2018,5,1,4,174,9.3516
2018,5,1,5,413,10.7265
2018,5,2,1,113,7.5434
2018,5,2,2,109,5.6313
2018,5,2,3,92,7.5809
2018,5,2,4,105,6.7983
2018,5,2,5,119,7.9100
2018,5,3,1,118,3.4562
2018,5,3,2,111,1.7631
2018,5,3,3,142,3.7812
2018,5,3,4,149,4.6251
2018,5,3,5,186,1.2725
2018,6,1,1,174,4.3822
2018,6,1,2,138,2.1115
2018,6,1,3,174,1.1468
2018,6,1,4,174,2.4992
2018,6,1,5,413,-1.1160
2018,6,2,1,111,-0.8989
2018,6,2,2,109,2.2655
2018,6,2,3,92,-0.1467
2018,6,2,4,105,3.4876
2018,6,2,5,119,2.1406
2018,6,3,1,117,2.1051
2018,6,3,2,111,0.5642
2018,6,3,3,142,0.1934
2018,6,3,4,149,0.5999
2018,6,3,5,186,1.3911
2018,7,1,1,148,0.8038
2018,7,1,2,169,1.5678
2018,7,1,3,187,-0.9203
2018,7,1,4,245,-0.7894
2018,7,1,5,352,-0.6353
2018,7,2,1,107,2.4233
2018,7,2,2,127,1.5940
2018,7,2,3,115,2.7444
2018,7,2,4,117,2.1453
2018,7,2,5,129,1.0140
2018,7,3,1,123,3.3319
2018,7,3,2,135,3.8945
2018,7,3,3,131,4.6001
2018,7,3,4,182,1.7270
2018,7,3,5,156,3.9206
2018,8,1,1,148,2.4834
2018,8,1,2,168,2.8574
2018,8,1,3,186,4.7136
2018,8,1,4,242,3.6075
2018,8,1,5,352,6.0031
2018,8,2,1,107,3.4000
2018,8,2,2,127,6.9246
2018,8,2,3,115,4.2257
2018,8,2,4,117,4.0415
2018,8,2,5,129,3.1117
2018,8,3,1,122,4.3614
2018,8,3,2,134,1.5203
2018,8,3,3,130,3.3711
2018,8,3,4,181,5.7074
2018,8,3,5,154,3.3864
2018,9,1,1,148,-2.7405
2018,9,1,2,166,-5.1413
2018,9,1,3,185,-1.2384
2018,9,1,4,242,-4.2375
2018,9,1,5,351,-2.3923
2018,9,2,1,107,-2.2292
2018,9,2,2,124,-1.1488
2018,9,2,3,115,-2.0861
2018,9,2,4,117,-3.3537
2018,9,2,5,127,-2.9587
2018,9,3,1,122,1.6539
2018,9,3,2,134,0.1506
2018,9,3,3,130,1.4628
2018,9,3,4,180,0.5776
2018,9,3,5,154,0.4472
2018,10,1,1,148,-10.6877
2018,10,1,2,166,-11.3745
2018,10,1,3,185,-9.5465
2018,10,1,4,241,-14.0361
2018,10,1,5,351,-11.8242
2018,10,2,1,107,-10.7748
2018,10,2,2,124,-12.5606
2018,10,2,3,115,-10.6906
2018,10,2,4,117,-11.5438
2018,10,2,5,127,-13.5146
2018,10,3,1,122,-9.8747
2018,10,3,2,134,-7.3723
2018,10,3,3,130,-7.4023
2018,10,3,4,180,-7.1123
2018,10,3,5,154,-6.2129
2018,11,1,1,147,-0.5988
2018,11,1,2,164,-3.6883
2018,11,1,3,185,-2.8537
2018,11,1,4,239,0.3281
2018,11,1,5,350,-2.7766
2018,11,2,1,107,-0.3242
2018,11,2,2,123,2.7302
2018,11,2,3,114,2.0127
2018,11,2,4,117,1.2539
2018,11,2,5,127,2.3260
2018,11,3,1,121,2.5523
2018,11,3,2,132,2.6770
2018,11,3,3,130,2.9502
2018,11,3,4,180,-1.1346
2018,11,3,5,152,3.0749
2018,12,1,1,145,-11.5933
2018,12,1,2,162,-12.6891
2018,12,1,3,183,-10.2832
2018,12,1,4,237,-14.7478
2018,12,1,5,347,-14.3904
2018,12,2,1,106,-12.3655
2018,12,2,2,123,-12.3165
2018,12,2,3,112,-12.4329
2018,12,2,4,117,-11.3696
2018,12,2,5,127,-10.8132
2018,12,3,1,121,-8.1310
2018,12,3,2,132,-8.1395
2018,12,3,3,128,-8.7384
2018,12,3,4,178,-9.2556
2018,12,3,5,152,-8.5524
2019,1,1,1,144,11.1548
2019,1,1,2,161,12.1338
2019,1,1,3,177,9.9417
2019,1,1,4,236,10.0491
2019,1,1,5,345,11.7192
2019,1,2,1,106,12.6760
2019,1,2,2,123,11.4479
2019,1,2,3,112,9.9956
2019,1,2,4,116,11.7184
2019,1,2,5,126,13.6055
2019,1,3,1,121,8.8699
2019,1,3,2,132,7.8765
2019,1,3,3,128,6.6260
2019,1,3,4,177,9.0485
2019,1,3,5,151,7.6200
2019,2,1,1,143,4.3797
2019,2,1,2,160,7.3925
2019,2,1,3,175,5.1597
2019,2,1,4,235,5.7242
2019,2,1,5,344,6.8214
2019,2,2,1,105,3.9302
2019,2,2,2,121,3.5682
2019,2,2,3,112,3.9713
2019,2,2,4,116,6.4842
2019,2,2,5,125,5.4171
2019,2,3,1,120,1.6405
2019,2,3,2,132,3.6468
2019,2,3,3,128,5.0382
2019,2,3,4,177,4.3193
2019,2,3,5,151,3.0243
2019,3,1,1,143,-4.5521
2019,3,1,2,160,-4.7620
2019,3,1,3,173,-3.9791
2019,3,1,4,234,1.0277
2019,3,1,5,341,-0.2313
2019,3,2,1,104,-1.0574
2019,3,2,2,119,-2.9860
2019,3,2,3,112,-1.4677
2019,3,2,4,115,-0.9165
2019,3,2,5,125,-1.4304
2019,3,3,1,119,2.7884
2019,3,3,2,129,2.2181
2019,3,3,3,128,1.1773
2019,3,3,4,177,3.0780
2019,3,3,5,151,1.8964
2019,4,1,1,137,1.2003
2019,4,1,2,160,3.8224
2019,4,1,3,172,2.0548
2019,4,1,4,234,-0.0981
2019,4,1,5,338,1.8851
2019,4,2,1,104,2.2078
2019,4,2,2,119,2.3385
2019,4,2,3,111,3.4879
2019,4,2,4,114,1.9598
2019,4,2,5,125,4.5852
2019,4,3,1,119,3.1536
2019,4,3,2,129,1.4206
2019,4,3,3,128,4.8144
2019,4,3,4,175,5.3206
2019,4,3,5,151,2.9831
2019,5,1,1,136,-10.6689
2019,5,1,2,158,-10.0860
2019,5,1,3,172,-8.3427
2019,5,1,4,232,-7.8313
2019,5,1,5,336,-6.1869
2019,5,2,1,104,-10.1109
2019,5,2,2,119,-9.3060
2019,5,2,3,111,-10.5711
2019,5,2,4,114,-6.8325
2019,5,2,5,125,-8.0368
2019,5,3,1,118,-6.7307
2019,5,3,2,129,-6.6478
2019,5,3,3,127,-6.6399
2019,5,3,4,174,-7.1473
2019,5,3,5,151,-7.1561
2019,6,1,1,134,6.4465
2019,6,1,2,157,5.2030
2019,6,1,3,170,4.3136
2019,6,1,4,232,4.6317
2019,6,1,5,336,6.0829
2019,6,2,1,104,7.9019
2019,6,2,2,119,8.5902
2019,6,2,3,111,7.8425
2019,6,2,4,114,7.5321
2019,6,2,5,125,9.0468
2019,6,3,1,117,6.7316
2019,6,3,2,129,6.3438
2019,6,3,3,127,7.2159
2019,6,3,4,174,8.6317
2019,6,3,5,151,7.3855
2019,7,1,1,165,-1.8718
2019,7,1,2,156,0.3087
2019,7,1,3,162,-1.7968
2019,7,1,4,238,-5.0997
2019,7,1,5,350,-0.7423
2019,7,2,1,123,1.1455
2019,7,2,2,119,0.6573
2019,7,2,3,119,-0.8573
2019,7,2,4,119,-1.9057
2019,7,2,5,140,-0.5215
2019,7,3,1,132,0.1285
2019,7,3,2,126,0.8069
2019,7,3,3,145,0.9756
2019,7,3,4,202,2.5296
2019,7,3,5,147,0.2001
2019,8,1,1,164,-7.9113
2019,8,1,2,155,-5.9023
2019,8,1,3,161,-4.9724
2019,8,1,4,236,-8.1203
2019,8,1,5,349,-6.0128
2019,8,2,1,121,-7.8902
2019,8,2,2,119,-7.7570
2019,8,2,3,118,-4.7863
2019,8,2,4,119,-5.7967
2019,8,2,5,139,-5.2463
2019,8,3,1,130,-3.4047
2019,8,3,2,125,-0.7092
2019,8,3,3,145,-2.1262
2019,8,3,4,201,-1.1709
2019,8,3,5,146,-1.3223
2019,9,1,1,163,6.9792
2019,9,1,2,152,1.4193
2019,9,1,3,159,2.5965
2019,9,1,4,234,1.9080
2019,9,1,5,346,2.4807
2019,9,2,1,121,1.1936
2019,9,2,2,119,3.4677
2019,9,2,3,118,2.2046
2019,9,2,4,119,2.2793
2019,9,2,5,139,2.0654
2019,9,3,1,128,1.6055
2019,9,3,2,125,1.2301
2019,9,3,3,145,1.0401
2019,9,3,4,201,2.2733
2019,9,3,5,146,0.3383
2019,10,1,1,161,-1.1283
2019,10,1,2,148,0.5437
2019,10,1,3,157,-0.6068
2019,10,1,4,234,-3.0663
2019,10,1,5,344,2.4115
2019,10,2,1,118,-0.5000
2019,10,2,2,118,1.8463
2019,10,2,3,118,3.5036
2019,10,2,4,119,2.9195
2019,10,2,5,139,6.1455
2019,10,3,1,128,1.4031
2019,10,3,2,125,1.3551
2019,10,3,3,144,-0.7281
2019,10,3,4,201,3.5408
2019,10,3,5,145,2.7405
2019,11,1,1,161,0.4018
2019,11,1,2,147,11.2670
2019,11,1,3,156,1.7476
2019,11,1,4,233,2.9307
2019,11,1,5,340,5.7924
2019,11,2,1,117,3.0578
2019,11,2,2,118,3.1576
2019,11,2,3,116,4.1257
2019,11,2,4,119,5.1408
2019,11,2,5,134,5.2864
2019,11,3,1,128,3.4313
2019,11,3,2,125,2.9857
2019,11,3,3,143,2.4343
2019,11,3,4,200,3.8163
2019,11,3,5,145,4.7336
2019,12,1,1,160,3.0239
2019,12,1,2,146,7.6044
2019,12,1,3,154,3.4992
2019,12,1,4,230,7.2035
2019,12,1,5,339,6.0294
2019,12,2,1,116,4.6213
2019,12,2,2,116,3.8804
2019,12,2,3,116,2.5720
2019,12,2,4,119,4.7506
2019,12,2,5,134,3.1144
2019,12,3,1,128,2.6029
2019,12,3,2,125,3.0225
2019,12,3,3,143,3.1580
2019,12,3,4,199,3.2940
2019,12,3,5,145,2.0197
2020,1,1,1,157,-10.7717
2020,1,1,2,146,-3.7969
2020,1,1,3,149,-3.7924
2020,1,1,4,229,-3.1868
2020,1,1,5,338,-3.6509
2020,1,2,1,114,-3.4727
2020,1,2,2,116,-5.4866
2020,1,2,3,115,-3.6818
2020,1,2,4,118,-4.9018
2020,1,2,5,132,-3.3382
2020,1,3,1,128,1.7901
2020,1,3,2,124,2.8449
2020,1,3,3,143,-2.8100
2020,1,3,4,199,0.7819
2020,1,3,5,143,-0.5137
2020,2,1,1,157,-8.9786
2020,2,1,2,146,-7.1095
2020,2,1,3,150,-6.4528
2020,2,1,4,229,-7.5635
2020,2,1,5,336,-5.7274
2020,2,2,1,114,-9.2858
2020,2,2,2,115,-9.4378
2020,2,2,3,114,-8.3807
2020,2,2,4,116,-9.6291
2020,2,2,5,131,-9.0957
2020,2,3,1,128,-7.7891
2020,2,3,2,124,-7.0161
2020,2,3,3,143,-9.9749
2020,2,3,4,199,-7.9083
2020,2,3,5,143,-5.5634
2020,3,1,1,156,-28.7920
2020,3,1,2,146,-28.4303
2020,3,1,3,148,-24.1315
2020,3,1,4,230,-18.2916
2020,3,1,5,333,-20.2643
2020,3,2,1,114,-25.7345
2020,3,2,2,115,-24.4394
2020,3,2,3,113,-17.9620
2020,3,2,4,116,-21.6322
2020,3,2,5,131,-22.8983
2020,3,3,1,128,-14.5464
2020,3,3,2,124,-6.8752
2020,3,3,3,143,-15.0946
2020,3,3,4,199,-11.3807
2020,3,3,5,143,-11.4249
2020,4,1,1,155,21.9528
2020,4,1,2,144,20.7816
2020,4,1,3,148,20.2291
2020,4,1,4,230,23.9397
2020,4,1,5,332,13.8940
2020,4,2,1,114,18.2646
2020,4,2,2,115,19.3636
2020,4,2,3,110,14.6460
2020,4,2,4,116,18.3108
2020,4,2,5,131,16.1869
2020,4,3,1,126,13.9811
2020,4,3,2,124,14.6715
2020,4,3,3,143,13.6992
2020,4,3,4,199,13.8331
2020,4,3,5,143,11.1956
2020,5,1,1,154,3.0632
2020,5,1,2,141,8.2407
2020,5,1,3,148,5.0141
2020,5,1,4,230,12.7698
2020,5,1,5,331,9.2737
2020,5,2,1,114,8.9306
2020,5,2,2,114,6.6350
2020,5,2,3,110,8.9411
2020,5,2,4,116,8.0841
2020,5,2,5,130,9.2114
2020,5,3,1,125,5.8822
2020,5,3,2,124,3.4422
2020,5,3,3,143,5.0037
2020,5,3,4,196,5.8509
2020,5,3,5,143,7.9285
2020,6,1,1,150,3.1013
2020,6,1,2,140,6.8374
2020,6,1,3,148,5.3467
2020,6,1,4,229,15.3212
2020,6,1,5,328,7.8924
2020,6,2,1,114,0.4401
2020,6,2,2,114,2.8163
2020,6,2,3,110,3.2400
2020,6,2,4,116,5.5712
2020,6,2,5,130,3.8589
2020,6,3,1,125,1.7587
2020,6,3,2,124,5.5199
2020,6,3,3,143,0.6565
2020,6,3,4,195,2.3047
2020,6,3,5,143,1.7816
2020,7,1,1,171,0.3731
2020,7,1,2,155,2.9439
2020,7,1,3,149,9.4639
2020,7,1,4,173,4.9400
2020,7,1,5,395,3.0641
2020,7,2,1,127,4.8770
2020,7,2,2,111,7.0638
2020,7,2,3,110,3.1629
2020,7,2,4,108,1.2238
2020,7,2,5,163,4.1757
2020,7,3,1,114,7.8461
2020,7,3,2,130,8.1045
2020,7,3,3,149,7.3892
2020,7,3,4,198,5.3112
2020,7,3,5,193,6.8302
2020,8,1,1,169,8.6051
2020,8,1,2,153,9.3296
2020,8,1,3,148,9.6421
2020,8,1,4,170,3.8428
2020,8,1,5,394,-0.3136
2020,8,2,1,127,5.0795
2020,8,2,2,110,5.9155
2020,8,2,3,110,5.7763
2020,8,2,4,108,2.0762
2020,8,2,5,162,7.1205
2020,8,3,1,113,12.2564
2020,8,3,2,128,6.9331
2020,8,3,3,149,5.5030
2020,8,3,4,198,9.7356
2020,8,3,5,193,6.4231
2020,9,1,1,166,-5.0092
2020,9,1,2,151,-2.3794
2020,9,1,3,147,-3.3741
2020,9,1,4,170,-3.4253
2020,9,1,5,393,0.0782
2020,9,2,1,127,-5.3048
2020,9,2,2,110,-5.7537
2020,9,2,3,109,-3.7816
2020,9,2,4,108,-5.3887
2020,9,2,5,161,0.0463
2020,9,3,1,112,-4.7276
2020,9,3,2,128,-5.5261
2020,9,3,3,149,-2.8342
2020,9,3,4,198,-4.8233
2020,9,3,5,193,-1.6185
2020,10,1,1,165,-2.5040
2020,10,1,2,148,1.9545
2020,10,1,3,147,-2.3661
2020,10,1,4,170,-1.4602
2020,10,1,5,390,-3.5458
2020,10,2,1,127,2.2378
2020,10,2,2,110,3.9438
2020,10,2,3,109,2.5008
2020,10,2,4,108,-0.3612
2020,10,2,5,160,0.4722
2020,10,3,1,112,-2.2005
2020,10,3,2,128,-2.6556
2020,10,3,3,149,-0.2287
2020,10,3,4,198,-2.7889
2020,10,3,5,193,-2.9559
2020,11,1,1,162,29.8502
2020,11,1,2,147,22.6338
2020,11,1,3,146,20.1995
2020,11,1,4,169,29.3681
2020,11,1,5,389,21.5281
2020,11,2,1,126,21.1679
2020,11,2,2,110,21.7166
2020,11,2,3,109,22.4445
2020,11,2,4,108,17.1625
2020,11,2,5,158,19.6393
2020,11,3,1,111,19.0087
2020,11,3,2,127,7.9491
2020,11,3,3,149,10.6881
2020,11,3,4,197,9.7519
2020,11,3,5,193,12.5532
2020,12,1,1,161,10.7770
2020,12,1,2,146,8.5573
2020,12,1,3,144,10.6542
2020,12,1,4,169,11.4408
2020,12,1,5,389,9.2458
2020,12,2,1,126,7.0206
2020,12,2,2,110,11.5195
2020,12,2,3,109,10.3045
2020,12,2,4,108,6.8412
2020,12,2,5,158,10.8510
2020,12,3,1,111,5.8288
2020,12,3,2,127,2.9093
2020,12,3,3,149,2.5462
2020,12,3,4,197,4.6907
2020,12,3,5,192,4.6232
2021,1,1,1,160,15.0824
2021,1,1,2,145,72.7988
2021,1,1,3,142,10.1148
2021,1,1,4,168,27.9291
2021,1,1,5,386,15.3866
2021,1,2,1,126,4.3267
2021,1,2,2,110,3.1139
2021,1,2,3,108,6.3776
2021,1,2,4,108,7.8596
2021,1,2,5,158,7.2316
2021,1,3,1,111,1.6274
2021,1,3,2,127,-0.7823
2021,1,3,3,149,-0.0667
2021,1,3,4,196,0.2831
2021,1,3,5,191,-1.2922
2021,2,1,1,160,11.1860
2021,2,1,2,145,-18.9315
2021,2,1,3,142,5.1136
2021,2,1,4,168,7.1353
2021,2,1,5,385,10.1622
2021,2,2,1,125,14.9858
2021,2,2,2,109,12.8107
2021,2,2,3,108,6.4009
2021,2,2,4,107,4.9899
2021,2,2,5,157,3.6733
2021,2,3,1,108,0.3374
2021,2,3,2,127,-0.4956
2021,2,3,3,149,2.7623
2021,2,3,4,196,0.3847
2021,2,3,5,190,4.3700
2021,3,1,1,160,8.0382
2021,3,1,2,145,14.1561
2021,3,1,3,140,-1.7269
2021,3,1,4,168,-4.1994
2021,3,1,5,383,-0.5701
2021,3,2,1,123,4.1657
2021,3,2,2,108,3.2416
2021,3,2,3,108,0.6440
2021,3,2,4,107,1.3722
2021,3,2,5,157,-1.4900
2021,3,3,1,108,2.6881
2021,3,3,2,127,2.4069
2021,3,3,3,149,4.4259
2021,3,3,4,196,2.9047
2021,3,3,5,190,2.1696
2021,4,1,1,159,1.4220
2021,4,1,2,143,-0.8715
2021,4,1,3,140,1.8166
2021,4,1,4,167,-7.0361
2021,4,1,5,383,-4.3632
2021,4,2,1,123,3.4219
2021,4,2,2,108,1.5321
2021,4,2,3,108,1.3068
2021,4,2,4,107,3.1889
2021,4,2,5,157,0.2799
2021,4,3,1,108,3.3327
2021,4,3,2,127,6.6266
2021,4,3,3,148,5.2698
2021,4,3,4,196,5.6470
2021,4,3,5,190,4.3404
2021,5,1,1,158,17.4382
2021,5,1,2,141,8.1624
2021,5,1,3,138,6.4464
2021,5,1,4,167,1.3162
2021,5,1,5,382,-5.1157
2021,5,2,1,121,3.5144
2021,5,2,2,108,3.0132
2021,5,2,3,107,-0.4734
2021,5,2,4,105,0.0179
2021,5,2,5,157,-0.5550
2021,5,3,1,107,-0.5109
2021,5,3,2,126,-2.8001
2021,5,3,3,148,0.8154
2021,5,3,4,195,-0.3842
2021,5,3,5,190,1.1723
2021,6,1,1,156,22.9220
2021,6,1,2,141,2.2893
2021,6,1,3,137,3.4929
2021,6,1,4,167,5.7269
2021,6,1,5,381,4.1226
2021,6,2,1,120,1.0538
2021,6,2,2,108,0.4006
2021,6,2,3,107,3.5184
2021,6,2,4,105,1.9722
2021,6,2,5,156,3.6566
2021,6,3,1,107,2.0195
2021,6,3,2,126,2.5947
2021,6,3,3,147,2.8655
2021,6,3,4,195,4.5697
2021,6,3,5,190,3.3256
2021,7,1,1,153,-1.4402
2021,7,1,2,141,-2.2714
2021,7,1,3,123,-3.9064
2021,7,1,4,168,-6.5799
2021,7,1,5,508,-10.3458
2021,7,2,1,113,-0.9048
2021,7,2,2,123,-3.0894
2021,7,2,3,103,-4.2684
2021,7,2,4,98,-4.0872
2021,7,2,5,184,-4.1995
2021,7,3,1,119,0.9798
2021,7,3,2,123,-1.6229
2021,7,3,3,137,1.5751
2021,7,3,4,185,3.0903
2021,7,3,5,210,3.4260
2021,8,1,1,152,3.1612
2021,8,1,2,141,4.0585
2021,8,1,3,123,2.2372
2021,8,1,4,168,2.7802
2021,8,1,5,507,4.8951
2021,8,2,1,112,0.4087
2021,8,2,2,122,0.6910
2021,8,2,3,102,2.5200
2021,8,2,4,98,2.8160
2021,8,2,5,183,0.2408
2021,8,3,1,118,3.1039
2021,8,3,2,123,1.5385
2021,8,3,3,136,2.2924
2021,8,3,4,185,4.1303
2021,8,3,5,210,3.4167
2021,9,1,1,152,-3.1781
2021,9,1,2,141,-1.4806
2021,9,1,3,122,0.8301
2021,9,1,4,167,-6.7119
2021,9,1,5,505,-4.3744
2021,9,2,1,111,-3.1822
2021,9,2,2,121,-1.4893
2021,9,2,3,102,-1.7959
2021,9,2,4,98,-3.8462
2021,9,2,5,183,-5.8830
2021,9,3,1,118,-1.7176
2021,9,3,2,122,-3.7487
2021,9,3,3,136,-3.7829
2021,9,3,4,185,-6.2757
2021,9,3,5,209,-5.9509
2021,10,1,1,150,2.6288
2021,10,1,2,140,4.2809
2021,10,1,3,121,3.8137
2021,10,1,4,166,0.7026
2021,10,1,5,505,0.1460
2021,10,2,1,110,3.3901
2021,10,2,2,121,4.5597
2021,10,2,3,100,3.2624
2021,10,2,4,98,4.3997
2021,10,2,5,183,2.4238
2021,10,3,1,117,10.2004
2021,10,3,2,122,3.8915
2021,10,3,3,136,4.0186
2021,10,3,4,185,7.8433
2021,10,3,5,209,7.2529
2021,11,1,1,149,-3.8010
2021,11,1,2,139,-4.3567
2021,11,1,3,119,-8.0761
2021,11,1,4,166,-6.0840
2021,11,1,5,504,-8.7561
2021,11,2,1,109,-2.9573
2021,11,2,2,120,-1.0483
2021,11,2,3,100,-4.3000
2021,11,2,4,98,-2.2299
2021,11,2,5,182,-2.8495
2021,11,3,1,117,-3.4383
2021,11,3,2,122,0.1034
2021,11,3,3,135,-3.1641
2021,11,3,4,184,-0.1014
2021,11,3,5,209,0.5468
2021,12,1,1,149,5.0845
2021,12,1,2,137,5.0295
2021,12,1,3,119,0.0129
2021,12,1,4,166,-7.1446
2021,12,1,5,501,-3.3510
2021,12,2,1,105,5.3300
2021,12,2,2,119,4.1315
2021,12,2,3,100,4.0989
2021,12,2,4,97,2.7489
2021,12,2,5,182,0.5810
2021,12,3,1,117,0.4429
2021,12,3,2,122,2.6388
2021,12,3,3,135,4.9941
2021,12,3,4,184,2.6560
2021,12,3,5,208,4.5044
2022,1,1,1,148,-7.0290
2022,1,1,2,135,-6.8932
2022,1,1,3,118,-7.6255
2022,1,1,4,166,-9.4347
2022,1,1,5,498,-14.5295
2022,1,2,1,105,-6.5671
2022,1,2,2,117,-7.1785
2022,1,2,3,100,-6.7740
2022,1,2,4,97,-9.6249
2022,1,2,5,182,-13.2755
2022,1,3,1,117,-6.2806
2022,1,3,2,122,-4.1385
2022,1,3,3,134,-3.8042
2022,1,3,4,183,-8.2728
2022,1,3,5,208,-6.4991
2022,2,1,1,148,3.4071
2022,2,1,2,135,1.6589
2022,2,1,3,118,6.1394
2022,2,1,4,166,1.7178
2022,2,1,5,497,-0.5973
2022,2,2,1,105,1.8444
2022,2,2,2,117,1.8212
2022,2,2,3,100,4.4240
2022,2,2,4,97,-0.4628
2022,2,2,5,181,0.8355
2022,2,3,1,117,-2.2669
2022,2,3,2,122,2.7393
2022,2,3,3,134,-0.0753
2022,2,3,4,183,-2.1325
2022,2,3,5,208,-5.1019
2022,3,1,1,148,4.1138
2022,3,1,2,135,1.4631
2022,3,1,3,117,9.3044
2022,3,1,4,165,-2.2616
2022,3,1,5,497,2.7815
2022,3,2,1,104,-0.1659
2022,3,2,2,117,3.0752
2022,3,2,3,100,4.3945
2022,3,2,4,97,1.3327
2022,3,2,5,181,1.5380
2022,3,3,1,117,6.0059
2022,3,3,2,122,5.5907
2022,3,3,3,134,3.9014
2022,3,3,4,182,4.8019
2022,3,3,5,208,3.1857
2022,4,1,1,148,-4.5746
2022,4,1,2,134,-6.0691
2022,4,1,3,117,-6.2764
2022,4,1,4,165,-9.3222
2022,4,1,5,492,-16.2730
2022,4,2,1,104,-7.1169
2022,4,2,2,115,-5.9700
2022,4,2,3,100,-8.1601
2022,4,2,4,97,-8.4908
2022,4,2,5,181,-12.7348
2022,4,3,1,116,-11.3025
2022,4,3,2,122,-10.5972
2022,4,3,3,134,-6.8958
2022,4,3,4,182,-10.8099
2022,4,3,5,207,-8.5005
2022,5,1,1,148,2.6666
2022,5,1,2,133,2.9763
2022,5,1,3,115,1.3416
2022,5,1,4,165,-3.2402
2022,5,1,5,491,-4.6930
2022,5,2,1,103,2.2589
2022,5,2,2,115,1.9560
2022,5,2,3,99,4.0704
2022,5,2,4,96,1.7297
2022,5,2,5,180,-3.2230
2022,5,3,1,116,-1.7683
2022,5,3,2,122,2.4766
2022,5,3,3,132,0.9198
2022,5,3,4,182,-1.6195
2022,5,3,5,207,-1.4744
2022,6,1,1,146,-9.6202
2022,6,1,2,133,-9.1651
2022,6,1,3,115,-13.1143
2022,6,1,4,163,-13.7757
2022,6,1,5,489,-2.7972
2022,6,2,1,102,-9.8800
2022,6,2,2,115,-10.4452
2022,6,2,3,98,-10.6045
2022,6,2,4,96,-5.3487
2022,6,2,5,180,-3.9909
2022,6,3,1,116,-8.9642
2022,6,3,2,121,-10.0918
2022,6,3,3,132,-8.8181
2022,6,3,4,182,-7.1111
2022,6,3,5,206,-7.7722
2022,7,1,1,144,5.7827
2022,7,1,2,109,7.5753
2022,7,1,3,174,7.6848
2022,7,1,4,439,12.1460
2022,7,1,5,312,9.9943
2022,7,2,1,137,10.2111
2022,7,2,2,107,11.1016
2022,7,2,3,111,12.6180
2022,7,2,4,134,9.7045
2022,7,2,5,135,13.0462
2022,7,3,1,140,6.8646
2022,7,3,2,157,9.8460
2022,7,3,3,190,6.6282
2022,7,3,4,203,11.6746
2022,7,3,5,134,11.4776
2022,8,1,1,143,1.1867
2022,8,1,2,108,-0.4865
2022,8,1,3,173,-1.1046
2022,8,1,4,437,5.7685
2022,8,1,5,312,0.1662
2022,8,2,1,136,-3.3387
2022,8,2,2,107,-0.7872
2022,8,2,3,110,-4.4417
2022,8,2,4,133,-0.6505
2022,8,2,5,135,-2.5432
2022,8,3,1,138,-0.6204
2022,8,3,2,156,-2.6024
2022,8,3,3,190,-2.9447
2022,8,3,4,202,-5.4461
2022,8,3,5,130,-4.7394
2022,9,1,1,143,-14.4929
2022,9,1,2,108,-12.2657
2022,9,1,3,172,-12.4482
2022,9,1,4,437,-9.9650
2022,9,1,5,310,-13.6739
2022,9,2,1,136,-11.0919
2022,9,2,2,107,-11.0403
2022,9,2,3,109,-9.8435
2022,9,2,4,133,-9.5789
2022,9,2,5,134,-11.4574
2022,9,3,1,138,-9.7545
2022,9,3,2,155,-7.4677
2022,9,3,3,190,-9.3251
2022,9,3,4,201,-10.1884
2022,9,3,5,130,-7.8698
2022,10,1,1,142,15.8116
2022,10,1,2,108,12.9189
2022,10,1,3,170,9.5250
2022,10,1,4,433,2.6888
2022,10,1,5,307,8.6592
2022,10,2,1,136,15.8431
2022,10,2,2,106,12.4644
2022,10,2,3,109,9.3277
2022,10,2,4,133,6.6984
2022,10,2,5,134,8.9188
2022,10,3,1,138,11.4456
2022,10,3,2,154,6.4409
2022,10,3,3,189,8.3599
2022,10,3,4,201,5.5462
2022,10,3,5,129,10.0473
2022,11,1,1,142,5.0104
2022,11,1,2,107,-1.3227
2022,11,1,3,168,0.2905
2022,11,1,4,431,-2.7446
2022,11,1,5,305,-1.4254
2022,11,2,1,136,2.2578
2022,11,2,2,105,1.1942
2022,11,2,3,108,3.3468
2022,11,2,4,132,2.4991
2022,11,2,5,134,4.1671
2022,11,3,1,135,4.0589
2022,11,3,2,152,2.8176
2022,11,3,3,189,6.3018
2022,11,3,4,201,5.4971
2022,11,3,5,129,7.7481
2022,12,1,1,142,-5.8323
2022,12,1,2,107,-2.7572
2022,12,1,3,166,-6.3465
2022,12,1,4,432,0.3568
2022,12,1,5,301,-7.5302
2022,12,2,1,135,-6.6200
2022,12,2,2,105,-6.8801
2022,12,2,3,107,-5.5866
2022,12,2,4,132,-4.1464
2022,12,2,5,134,-8.9801
2022,12,3,1,135,-5.5350
2022,12,3,2,150,-8.0914
2022,12,3,3,189,-3.6426
2022,12,3,4,200,-7.0651
2022,12,3,5,129,-4.7551
2023,1,1,1,142,10.6543
2023,1,1,2,107,10.4468
2023,1,1,3,164,13.6138
2023,1,1,4,428,11.8107
2023,1,1,5,298,15.2207
2023,1,2,1,135,10.7267
2023,1,2,2,104,13.4595
2023,1,2,3,107,12.7599
2023,1,2,4,132,12.6190
2023,1,2,5,134,12.6130
2023,1,3,1,134,8.0063
2023,1,3,2,150,7.5180
2023,1,3,3,189,3.9720
2023,1,3,4,199,7.3109
2023,1,3,5,129,7.4426
2023,2,1,1,141,-3.5096
2023,2,1,2,107,1.1064
2023,2,1,3,163,-6.1997
2023,2,1,4,423,-7.6469
2023,2,1,5,297,-3.5032
2023,2,2,1,135,-2.7643
2023,2,2,2,104,-2.0411
2023,2,2,3,107,-1.2003
2023,2,2,4,132,-3.0092
2023,2,2,5,133,-3.4487
2023,2,3,1,134,-3.0615
2023,2,3,2,150,-0.9866
2023,2,3,3,189,-3.0699
2023,2,3,4,199,-1.9862
2023,2,3,5,129,-1.8668
2023,3,1,1,140,-5.9309
2023,3,1,2,107,-6.7801
2023,3,1,3,159,-6.7893
2023,3,1,4,421,-8.0754
2023,3,1,5,294,-7.3780
2023,3,2,1,134,-3.0065
2023,3,2,2,104,-3.5805
2023,3,2,3,106,-2.0636
2023,3,2,4,131,-3.5001
2023,3,2,5,133,-1.8749
2023,3,3,1,133,0.6093
2023,3,3,2,149,2.4425
2023,3,3,3,189,4.0078
2023,3,3,4,199,8.7603
2023,3,3,5,128,2.5617
2023,4,1,1,139,-4.2101
2023,4,1,2,106,-6.0286
2023,4,1,3,158,-7.6037
2023,4,1,4,415,1.3369
2023,4,1,5,291,-2.0843
2023,4,2,1,133,-1.3859
2023,4,2,2,103,-3.3755
2023,4,2,3,104,-2.4598
2023,4,2,4,131,0.4873
2023,4,2,5,133,-1.3299
2023,4,3,1,133,-1.1233
2023,4,3,2,149,-2.1676
2023,4,3,3,189,1.4675
2023,4,3,4,198,2.3388
2023,4,3,5,128,0.3162
2023,5,1,1,139,-2.2649
2023,5,1,2,104,-0.6899
2023,5,1,3,157,1.2772
2023,5,1,4,412,3.4987
2023,5,1,5,289,2.7585
2023,5,2,1,133,-2.1451
2023,5,2,2,103,-3.0430
2023,5,2,3,104,-2.2045
2023,5,2,4,131,3.3176
2023,5,2,5,133,0.5193
2023,5,3,1,133,-1.1148
2023,5,3,2,149,0.5719
2023,5,3,3,189,-2.4014
2023,5,3,4,198,4.7319
2023,5,3,5,128,-1.3355
2023,6,1,1,137,6.8677
2023,6,1,2,103,11.3820
2023,6,1,3,155,8.1429
2023,6,1,4,409,1.7488
2023,6,1,5,289,5.2267
2023,6,2,1,132,9.2751
2023,6,2,2,103,9.5161
2023,6,2,3,104,8.0667
2023,6,2,4,131,6.7745
2023,6,2,5,133,12.0632
2023,6,3,1,132,7.3805
2023,6,3,2,149,7.5078
2023,6,3,3,188,7.2372
2023,6,3,4,198,6.2853
2023,6,3,5,128,8.4953
2023,7,1,1,156,6.7534
2023,7,1,2,219,5.3787
2023,7,1,3,309,6.7598
2023,7,1,4,415,4.9025
2023,7,1,5,262,4.5860
2023,7,2,1,156,4.3354
2023,7,2,2,110,6.4267
2023,7,2,3,138,7.1591
2023,7,2,4,135,3.5289
2023,7,2,5,137,4.3371
2023,7,3,1,132,3.6326
2023,7,3,2,155,4.7461
2023,7,3,3,181,4.4839
2023,7,3,4,198,1.9490
2023,7,3,5,125,2.6146
2023,8,1,1,154,-4.7402
2023,8,1,2,219,-8.1688
2023,8,1,3,306,-12.5758
2023,8,1,4,408,-11.9197
2023,8,1,5,261,-6.7701
2023,8,2,1,155,-6.2845
2023,8,2,2,110,-4.9777
2023,8,2,3,138,-7.3863
2023,8,2,4,135,-4.8130
2023,8,2,5,137,-3.5969
2023,8,3,1,132,-0.6672
2023,8,3,2,155,-3.9179
2023,8,3,3,181,-0.2771
2023,8,3,4,197,-1.0782
2023,8,3,5,124,-3.1512
2023,9,1,1,154,-6.1965
2023,9,1,2,219,-8.0615
2023,9,1,3,303,-7.9695
2023,9,1,4,404,-7.8323
2023,9,1,5,256,-6.3073
2023,9,2,1,154,-5.8204
2023,9,2,2,110,-7.0049
2023,9,2,3,135,-5.1098
2023,9,2,4,134,-5.5212
2023,9,2,5,137,-7.3169
2023,9,3,1,132,-4.8999
2023,9,3,2,155,-3.2567
2023,9,3,3,180,-3.6540
2023,9,3,4,196,-6.1298
2023,9,3,5,124,-7.0509
2023,10,1,1,154,-7.6306
2023,10,1,2,215,-12.1465
2023,10,1,3,303,-10.4998
2023,10,1,4,400,-11.6081
2023,10,1,5,255,-6.8848
2023,10,2,1,153,-6.6340
2023,10,2,2,109,-5.2804
2023,10,2,3,134,-8.1005
2023,10,2,4,134,-8.5619
2023,10,2,5,137,-7.8198
2023,10,3,1,132,-1.5247
2023,10,3,2,155,-1.7744
2023,10,3,3,179,-3.5530
2023,10,3,4,196,-2.4380
2023,10,3,5,123,-3.8111
2023,11,1,1,151,5.0996
2023,11,1,2,213,7.0136
2023,11,1,3,299,10.2336
2023,11,1,4,398,9.2394
2023,11,1,5,249,7.2196
2023,11,2,1,153,7.3919
2023,11,2,2,109,9.7022
2023,11,2,3,134,8.3801
2023,11,2,4,133,8.8611
2023,11,2,5,136,10.8121
2023,11,3,1,132,10.7043
2023,11,3,2,155,8.3218
2023,11,3,3,178,6.0085
2023,11,3,4,196,10.3097
2023,11,3,5,122,10.2266
2023,12,1,1,150,14.6598
2023,12,1,2,214,17.0062
2023,12,1,3,295,16.9463
2023,12,1,4,392,20.4520
2023,12,1,5,248,8.8749
2023,12,2,1,152,9.4125
2023,12,2,2,108,11.7859
2023,12,2,3,133,11.7953
2023,12,2,4,133,12.9800
2023,12,2,5,133,11.7782
2023,12,3,1,132,4.6390
2023,12,3,2,154,5.9321
2023,12,3,3,178,6.0061
2023,12,3,4,195,3.0540
2023,12,3,5,122,8.5565
2024,1,1,1,149,-8.2609
2024,1,1,2,211,-4.6145
2024,1,1,3,292,-0.5228
2024,1,1,4,388,2.7026
2024,1,1,5,244,-3.7384
2024,1,2,1,152,-4.4203
2024,1,2,2,107,-5.4620
2024,1,2,3,133,-3.9644
2024,1,2,4,132,-3.0409
2024,1,2,5,133,-5.0590
2024,1,3,1,132,3.2244
2024,1,3,2,154,1.6202
2024,1,3,3,177,1.3887
2024,1,3,4,195,1.3377
2024,1,3,5,122,0.5905
2024,2,1,1,147,7.3121
2024,2,1,2,211,4.3149
2024,2,1,3,290,11.9347
2024,2,1,4,385,13.4275
2024,2,1,5,243,5.9072
2024,2,2,1,151,4.1927
2024,2,2,2,107,4.4877
2024,2,2,3,132,6.8255
2024,2,2,4,131,6.5735
2024,2,2,5,133,7.1087
2024,2,3,1,132,7.2387
2024,2,3,2,154,7.6502
2024,2,3,3,176,2.6164
2024,2,3,4,195,6.3220
2024,2,3,5,122,5.7553
2024,3,1,1,147,6.4350
2024,3,1,2,210,4.4589
2024,3,1,3,285,-2.0917
2024,3,1,4,379,2.4046
2024,3,1,5,243,3.7373
2024,3,2,1,150,5.3152
2024,3,2,2,106,0.8973
2024,3,2,3,132,2.2291
2024,3,2,4,131,-0.4979
2024,3,2,5,133,3.5308
2024,3,3,1,132,1.7176
2024,3,3,2,154,3.4469
2024,3,3,3,176,4.6472
2024,3,3,4,194,2.1629
2024,3,3,5,122,4.8182
2024,4,1,1,146,-7.1369
2024,4,1,2,209,-11.2898
2024,4,1,3,283,-5.3404
2024,4,1,4,377,-13.9924
2024,4,1,5,241,-5.0997
2024,4,2,1,149,-7.0682
2024,4,2,2,104,-7.5373
2024,4,2,3,132,-8.6873
2024,4,2,4,129,-6.2050
2024,4,2,5,133,-6.4575
2024,4,3,1,132,-4.7752
2024,4,3,2,153,-6.1316
2024,4,3,3,176,-0.2992
2024,4,3,4,193,-4.1014
2024,4,3,5,122,-5.6993
2024,5,1,1,144,8.2260
2024,5,1,2,205,5.3337
2024,5,1,3,282,-0.2511
2024,5,1,4,372,0.8921
2024,5,1,5,240,8.0504
2024,5,2,1,149,6.4367
2024,5,2,2,104,3.3689
2024,5,2,3,130,3.0618
2024,5,2,4,129,7.2036
2024,5,2,5,133,6.9705
2024,5,3,1,132,1.5396
2024,5,3,2,153,3.0770
2024,5,3,3,176,2.5701
2024,5,3,4,193,8.5687
2024,5,3,5,122,6.4272
2024,6,1,1,144,-2.9248
2024,6,1,2,202,-3.3141
2024,6,1,3,277,-6.9268
2024,6,1,4,368,-6.1203
2024,6,1,5,237,-3.2855
2024,6,2,1,148,-2.6759
2024,6,2,2,103,-0.6419
2024,6,2,3,130,-3.6560
2024,6,2,4,128,0.6746
2024,6,2,5,133,-3.9023
2024,6,3,1,132,4.1597
2024,6,3,2,153,1.9509
2024,6,3,3,175,2.8522
2024,6,3,4,193,5.9831
2024,6,3,5,121,0.6474
2024,7,1,1,159,11.7593
2024,7,1,2,131,10.6460
2024,7,1,3,244,10.6275
2024,7,1,4,316,11.4030
2024,7,1,5,461,14.4373
2024,7,2,1,162,5.3445
2024,7,2,2,117,8.5171
2024,7,2,3,107,7.8843
2024,7,2,4,105,9.9298
2024,7,2,5,145,11.2368
2024,7,3,1,100,-0.9426
2024,7,3,2,137,1.0569
2024,7,3,3,154,0.3752
2024,7,3,4,187,-1.9419
2024,7,3,5,187,3.8656
2024,8,1,1,159,-3.8500
2024,8,1,2,129,0.2404
2024,8,1,3,241,-6.0555
2024,8,1,4,314,-4.2956
2024,8,1,5,458,-5.2458
2024,8,2,1,161,-3.0255
2024,8,2,2,117,-0.0007
2024,8,2,3,107,-1.3615
2024,8,2,4,104,-4.3435
2024,8,2,5,144,-2.6051
2024,8,3,1,100,2.3566
2024,8,3,2,135,1.1859
2024,8,3,3,154,3.8437
2024,8,3,4,186,0.4939
2024,8,3,5,187,3.5562
2024,9,1,1,158,1.2894
2024,9,1,2,126,2.4183
2024,9,1,3,237,-0.4506
2024,9,1,4,311,-2.8281
2024,9,1,5,454,-1.3200
2024,9,2,1,161,1.4530
2024,9,2,2,117,3.8183
2024,9,2,3,106,-0.2585
2024,9,2,4,103,1.0038
2024,9,2,5,143,0.6172
2024,9,3,1,100,1.8805
2024,9,3,2,135,3.8957
2024,9,3,3,154,4.6586
2024,9,3,4,185,1.8613
2024,9,3,5,187,1.9028
2024,10,1,1,157,-0.6518
2024,10,1,2,125,-1.3112
2024,10,1,3,235,-0.6710
2024,10,1,4,307,-2.3332
2024,10,1,5,451,5.0296
2024,10,2,1,161,-1.2879
2024,10,2,2,115,-2.6300
2024,10,2,3,106,-2.0134
2024,10,2,4,101,-2.7235
2024,10,2,5,143,-1.9503
2024,10,3,1,100,0.3415
2024,10,3,2,134,0.6625
2024,10,3,3,154,-0.6693
2024,10,3,4,185,-0.4271
2024,10,3,5,187,-3.3432
2024,11,1,1,156,11.0500
2024,11,1,2,124,12.5213
2024,11,1,3,232,11.8659
2024,11,1,4,305,13.1982
2024,11,1,5,446,3.8400
2024,11,2,1,159,11.4245
2024,11,2,2,115,10.7244
2024,11,2,3,106,11.3253
2024,11,2,4,100,20.8327
2024,11,2,5,143,10.2525
2024,11,3,1,100,7.1614
2024,11,3,2,134,10.3111
2024,11,3,3,153,5.6516
2024,11,3,4,185,3.2103
2024,11,3,5,187,7.3698
2024,12,1,1,154,-5.5861
2024,12,1,2,124,-4.3993
2024,12,1,3,228,-3.6879
2024,12,1,4,305,4.6939
2024,12,1,5,447,-5.4840
2024,12,2,1,157,-6.3937
2024,12,2,2,114,-6.8065
2024,12,2,3,105,-7.7887
2024,12,2,4,100,-6.3907
2024,12,2,5,142,-10.9560
2024,12,3,1,98,-4.0294
2024,12,3,2,133,-1.6149
2024,12,3,3,153,-6.3180
2024,12,3,4,185,-0.1902
2024,12,3,5,187,-0.9573
2025,1,1,1,154,0.0904
2025,1,1,2,122,-0.3300
2025,1,1,3,224,3.0568
2025,1,1,4,301,-3.0296
2025,1,1,5,443,-2.2393
2025,1,2,1,157,3.2670
2025,1,2,2,114,2.4386
2025,1,2,3,105,3.3494
2025,1,2,4,100,0.8657
2025,1,2,5,139,2.7935
2025,1,3,1,98,3.9741
2025,1,3,2,132,6.7283
2025,1,3,3,153,5.8634
2025,1,3,4,185,0.2489
2025,1,3,5,186,1.2226
2025,2,1,1,153,-1.3995
2025,2,1,2,122,-6.9730
2025,2,1,3,224,-7.1318
2025,2,1,4,298,-14.7565
2025,2,1,5,439,-6.7240
2025,2,2,1,155,-7.5316
2025,2,2,2,114,-6.7727
2025,2,2,3,105,-10.0913
2025,2,2,4,99,-9.2117
2025,2,2,5,139,-7.2467
2025,2,3,1,98,-1.9900
2025,2,3,2,132,-3.5732
2025,2,3,3,152,-0.3982
2025,2,3,4,185,-3.6140
2025,2,3,5,186,-0.8406
2025,3,1,1,152,-9.9373
2025,3,1,2,119,-7.7509
2025,3,1,3,222,-11.4219
2025,3,1,4,293,-11.9448
2025,3,1,5,435,-11.9279
2025,3,2,1,153,-6.1832
2025,3,2,2,114,-6.6940
2025,3,2,3,103,-6.2929
2025,3,2,4,99,-8.6832
2025,3,2,5,139,-5.9794
2025,3,3,1,98,-7.6130
2025,3,3,2,132,-6.3460
2025,3,3,3,151,-5.5298
2025,3,3,4,184,-7.1863
2025,3,3,5,186,-5.5638
2025,4,1,1,152,-4.3233
2025,4,1,2,119,-1.1690
2025,4,1,3,221,-3.5645
2025,4,1,4,289,3.0505
2025,4,1,5,432,1.5150
2025,4,2,1,153,-5.2099
2025,4,2,2,114,-2.1542
2025,4,2,3,103,-3.6540
2025,4,2,4,99,2.0898
2025,4,2,5,139,-4.2450
2025,4,3,1,96,-1.1132
2025,4,3,2,132,0.1222
2025,4,3,3,151,-2.2691
2025,4,3,4,184,1.1852
2025,4,3,5,185,-0.1584
2025,5,1,1,151,8.2893
2025,5,1,2,118,12.0037
2025,5,1,3,218,9.8208
2025,5,1,4,283,9.6306
2025,5,1,5,426,5.5319
2025,5,2,1,149,6.4152
2025,5,2,2,113,6.1584
2025,5,2,3,103,7.3726
2025,5,2,4,99,4.6951
2025,5,2,5,138,5.0200
2025,5,3,1,96,3.4748
2025,5,3,2,131,7.5504
2025,5,3,3,150,7.9464
2025,5,3,4,184,11.5559
2025,5,3,5,184,1.3339
2025,6,1,1,150,6.6337
2025,6,1,2,117,9.8302
2025,6,1,3,217,7.8461
2025,6,1,4,280,10.9967
2025,6,1,5,423,6.8232
2025,6,2,1,148,4.9202
2025,6,2,2,113,6.7954
2025,6,2,3,103,2.1191
2025,6,2,4,99,7.8991
2025,6,2,5,138,8.3506
2025,6,3,1,96,4.9036
2025,6,3,2,131,4.3594
2025,6,3,3,150,7.9881
2025,6,3,4,184,8.1124
2025,6,3,5,184,0.7763
2025,7,1,1,141,0.8485
2025,7,1,2,157,-0.7138
2025,7,1,3,208,0.9732
2025,7,1,4,242,4.4402
2025,7,1,5,472,6.9966
2025,7,2,1,147,1.0254
2025,7,2,2,128,0.3353
2025,7,2,3,103,3.4366
2025,7,2,4,103,2.4023
2025,7,2,5,130,3.2822
2025,7,3,1,96,-0.7217
2025,7,3,2,122,2.2863
2025,7,3,3,156,3.3743
2025,7,3,4,180,3.1086
2025,7,3,5,188,3.3165
2025,8,1,1,139,8.6786
2025,8,1,2,156,12.1222
2025,8,1,3,207,12.1112
2025,8,1,4,239,7.3173
2025,8,1,5,466,6.8192
2025,8,2,1,145,8.9318
2025,8,2,2,128,6.0757
2025,8,2,3,102,6.1578
2025,8,2,4,102,7.0810
2025,8,2,5,129,6.3018
2025,8,3,1,96,3.4468
2025,8,3,2,121,1.3947
2025,8,3,3,154,0.5162
2025,8,3,4,178,-0.7218
2025,8,3,5,187,3.8069
2025,9,1,1,139,1.0811
2025,9,1,2,156,1.4486
2025,9,1,3,204,4.7985
2025,9,1,4,236,6.7721
2025,9,1,5,460,6.4899
2025,9,2,1,142,0.3305
2025,9,2,2,128,-3.0877
2025,9,2,3,99,2.8868
2025,9,2,4,102,1.8432
2025,9,2,5,129,8.7404
2025,9,3,1,96,6.1366
2025,9,3,2,121,5.3590
2025,9,3,3,152,4.3948
2025,9,3,4,178,1.1575
2025,9,3,5,187,5.8499
2025,10,1,1,139,-2.4572
2025,10,1,2,156,-0.5300
2025,10,1,3,204,-3.0941
2025,10,1,4,234,8.8407
2025,10,1,5,456,3.7217
2025,10,2,1,140,-0.2438
2025,10,2,2,128,0.5998
2025,10,2,3,98,3.0478
2025,10,2,4,99,3.8142
2025,10,2,5,129,5.1824
2025,10,3,1,96,4.4843
2025,10,3,2,121,4.2607
2025,10,3,3,152,3.1612
2025,10,3,4,178,-2.0050
2025,10,3,5,186,6.0418
2025,11,1,1,138,-3.2597
2025,11,1,2,154,1.3013
2025,11,1,3,202,-4.1890
2025,11,1,4,233,-5.0349
2025,11,1,5,450,4.7822
2025,11,2,1,138,2.0511
2025,11,2,2,128,0.5601
2025,11,2,3,98,-3.7886
2025,11,2,4,99,0.6624
2025,11,2,5,128,2.9430
2025,11,3,1,96,-0.5048
2025,11,3,2,121,2.8519
2025,11,3,3,152,-3.4114
2025,11,3,4,178,-1.6237
2025,11,3,5,186,1.2508
2025,12,1,1,138,1.2696
2025,12,1,2,153,1.5107
2025,12,1,3,200,0.2396
2025,12,1,4,233,-2.7550
2025,12,1,5,450,-0.5459
2025,12,2,1,136,1.2185
2025,12,2,2,127,1.4918
2025,12,2,3,98,-0.4880
2025,12,2,4,99,0.1596
2025,12,2,5,128,-1.8208
2025,12,3,1,95,2.6142
2025,12,3,2,121,-3.9705
2025,12,3,3,151,-0.1524
2025,12,3,4,177,0.0523
2025,12,3,5,186,-0.2481
