year,month,rank_ME,rank_TA,nstocks,ret_vw
1967,1,1,1,108,17.9716
1967,1,1,2,67,16.5820
1967,1,1,3,43,23.1656
1967,1,1,4,53,18.6982
1967,1,1,5,67,19.2560
1967,1,2,1,42,17.7114
1967,1,2,2,38,16.5654
1967,1,2,3,37,16.1312
1967,1,2,4,36,15.3479
1967,1,2,5,38,18.5256
1967,1,3,1,54,11.4162
1967,1,3,2,80,6.5557
1967,1,3,3,87,8.3232
1967,1,3,4,88,7.3169
1967,1,3,5,87,10.3303
1967,2,1,1,107,7.1950
1967,2,1,2,67,3.8565
1967,2,1,3,43,4.6547
1967,2,1,4,53,1.5833
1967,2,1,5,67,5.8601
1967,2,2,1,42,4.0493
1967,2,2,2,38,1.4366
1967,2,2,3,37,3.1763
1967,2,2,4,36,1.5508
1967,2,2,5,38,1.6375
1967,2,3,1,54,0.5896
1967,2,3,2,80,-0.1634
1967,2,3,3,87,0.3719
1967,2,3,4,88,3.3457
1967,2,3,5,87,2.5140
1967,3,1,1,108,7.8055
1967,3,1,2,67,7.8436
1967,3,1,3,43,4.9645
1967,3,1,4,53,7.7133
1967,3,1,5,67,4.3616
1967,3,2,1,42,5.2163
1967,3,2,2,38,5.0526
1967,3,2,3,37,8.7217
1967,3,2,4,36,8.2906
1967,3,2,5,38,7.8462
1967,3,3,1,54,3.4781
1967,3,3,2,80,4.7555
1967,3,3,3,87,3.5055
1967,3,3,4,88,4.9266
1967,3,3,5,87,6.7437
1967,4,1,1,108,5.6343
1967,4,1,2,67,2.3684
1967,4,1,3,43,6.8260
1967,4,1,4,53,3.8987
1967,4,1,5,67,5.5408
1967,4,2,1,42,1.8101
1967,4,2,2,38,5.6002
1967,4,2,3,37,4.1821
1967,4,2,4,36,2.9373
1967,4,2,5,38,6.7620
1967,4,3,1,54,5.4208
1967,4,3,2,80,3.1743
1967,4,3,3,87,5.5865
1967,4,3,4,88,4.2642
1967,4,3,5,87,5.2943
1967,5,1,1,108,2.2131
1967,5,1,2,67,0.3952
1967,5,1,3,43,1.1424
1967,5,1,4,53,1.0275
1967,5,1,5,67,-0.7827
1967,5,2,1,42,-0.7040
1967,5,2,2,38,-1.9906
1967,5,2,3,37,-2.0349
1967,5,2,4,36,-2.6626
1967,5,2,5,38,-1.5678
1967,5,3,1,54,-2.1929
1967,5,3,2,80,-3.7660
1967,5,3,3,87,-6.5048
1967,5,3,4,88,-3.5579
1967,5,3,5,87,-4.1605
1967,6,1,1,108,12.1207
1967,6,1,2,67,9.1955
1967,6,1,3,43,14.7913
1967,6,1,4,53,8.6846
1967,6,1,5,67,18.0796
1967,6,2,1,42,10.0692
1967,6,2,2,38,4.4306
1967,6,2,3,37,7.3370
1967,6,2,4,36,7.4168
1967,6,2,5,38,6.7647
1967,6,3,1,54,4.1490
1967,6,3,2,80,1.8043
1967,6,3,3,86,1.2968
1967,6,3,4,88,2.4352
1967,6,3,5,87,3.2498
1967,7,1,1,115,10.1286
1967,7,1,2,66,10.8662
1967,7,1,3,64,10.2422
1967,7,1,4,73,11.1567
1967,7,1,5,70,8.2169
1967,7,2,1,54,8.5552
1967,7,2,2,46,8.0370
1967,7,2,3,39,8.5931
1967,7,2,4,31,8.0142
1967,7,2,5,52,8.2735
1967,7,3,1,61,6.9821
1967,7,3,2,79,1.9717
1967,7,3,3,88,5.8121
1967,7,3,4,103,7.5534
1967,7,3,5,91,3.7476
1967,8,1,1,115,1.2966
1967,8,1,2,66,1.7901
1967,8,1,3,64,1.5737
1967,8,1,4,73,-0.4706
1967,8,1,5,70,-1.0430
1967,8,2,1,54,-0.0964
1967,8,2,2,46,0.8943
1967,8,2,3,39,-0.3430
1967,8,2,4,31,2.9908
1967,8,2,5,52,-2.9499
1967,8,3,1,61,-0.2529
1967,8,3,2,79,-1.0946
1967,8,3,3,88,-0.8532
1967,8,3,4,102,0.4727
1967,8,3,5,91,-1.4077
1967,9,1,1,115,5.9336
1967,9,1,2,66,6.5605
1967,9,1,3,64,7.9841
1967,9,1,4,73,9.4245
1967,9,1,5,70,7.8055
1967,9,2,1,54,4.7816
1967,9,2,2,46,3.8991
1967,9,2,3,39,5.5270
1967,9,2,4,31,1.2822
1967,9,2,5,52,5.0691
1967,9,3,1,61,1.5044
1967,9,3,2,79,2.5526
1967,9,3,3,88,3.7874
1967,9,3,4,102,4.0923
1967,9,3,5,91,5.4796
1967,10,1,1,115,-1.4512
1967,10,1,2,66,-2.2586
1967,10,1,3,64,-1.6930
1967,10,1,4,73,-1.7411
1967,10,1,5,70,-1.5151
1967,10,2,1,54,-2.2268
1967,10,2,2,46,-4.0003
1967,10,2,3,39,-2.5393
1967,10,2,4,31,-6.9401
1967,10,2,5,52,-2.0704
1967,10,3,1,61,-4.0916
1967,10,3,2,79,-2.1845
1967,10,3,3,87,-4.3079
1967,10,3,4,102,-4.1177
1967,10,3,5,91,1.0483
1967,11,1,1,115,-0.4665
1967,11,1,2,66,1.3597
1967,11,1,3,64,-1.4131
1967,11,1,4,73,1.5505
1967,11,1,5,70,0.5257
1967,11,2,1,54,2.1600
1967,11,2,2,46,1.1005
1967,11,2,3,39,0.1705
1967,11,2,4,31,-1.9574
1967,11,2,5,52,0.7688
1967,11,3,1,61,1.9128
1967,11,3,2,79,-0.7847
1967,11,3,3,88,0.9372
1967,11,3,4,102,-0.3138
1967,11,3,5,91,1.7346
1967,12,1,1,114,10.1848
1967,12,1,2,66,11.3308
1967,12,1,3,64,8.0877
1967,12,1,4,73,5.6445
1967,12,1,5,69,9.9120
1967,12,2,1,54,10.0839
1967,12,2,2,46,3.9686
1967,12,2,3,39,5.8519
1967,12,2,4,31,7.0975
1967,12,2,5,52,7.3430
1967,12,3,1,61,1.6730
1967,12,3,2,79,3.9314
1967,12,3,3,88,2.7716
1967,12,3,4,102,1.8472
1967,12,3,5,91,2.0076
1968,1,1,1,114,4.5663
1968,1,1,2,66,2.2668
1968,1,1,3,64,3.8264
1968,1,1,4,73,3.5031
1968,1,1,5,69,-0.1961
1968,1,2,1,54,1.3191
1968,1,2,2,46,0.0958
1968,1,2,3,39,1.0054
1968,1,2,4,31,-1.3347
1968,1,2,5,52,-2.8420
1968,1,3,1,61,-3.0492
1968,1,3,2,79,-1.8140
1968,1,3,3,88,-3.6645
1968,1,3,4,102,-6.1171
1968,1,3,5,91,-7.8473
1968,2,1,1,113,-5.4940
1968,2,1,2,66,-5.6913
1968,2,1,3,64,-6.2092
1968,2,1,4,73,-5.7856
1968,2,1,5,69,-7.5714
1968,2,2,1,53,-6.6829
1968,2,2,2,45,-2.1710
1968,2,2,3,39,-3.1952
1968,2,2,4,31,-4.4843
1968,2,2,5,52,-6.0780
1968,2,3,1,61,-2.7683
1968,2,3,2,79,-2.4779
1968,2,3,3,88,-3.6527
1968,2,3,4,102,-3.1123
1968,2,3,5,90,-3.5290
1968,3,1,1,114,-2.5242
1968,3,1,2,66,-0.0074
1968,3,1,3,64,0.2546
1968,3,1,4,73,-1.5437
1968,3,1,5,69,-0.1780
1968,3,2,1,53,-2.1690
1968,3,2,2,45,-1.5979
1968,3,2,3,39,0.3722
1968,3,2,4,31,-1.6192
1968,3,2,5,52,-0.9234
1968,3,3,1,61,1.1250
1968,3,3,2,79,0.6524
1968,3,3,3,88,-0.2713
1968,3,3,4,102,0.6837
1968,3,3,5,90,3.0039
1968,4,1,1,114,17.4829
1968,4,1,2,66,18.4962
1968,4,1,3,64,15.3234
1968,4,1,4,73,17.0436
1968,4,1,5,69,17.7023
1968,4,2,1,53,16.6172
1968,4,2,2,45,8.4933
1968,4,2,3,39,13.8416
1968,4,2,4,31,12.7766
1968,4,2,5,52,16.5672
1968,4,3,1,61,9.6699
1968,4,3,2,79,5.8359
1968,4,3,3,88,8.1559
1968,4,3,4,102,10.9579
1968,4,3,5,90,11.9397
1968,5,1,1,114,9.6618
1968,5,1,2,66,10.1226
1968,5,1,3,64,9.9371
1968,5,1,4,73,13.2000
1968,5,1,5,69,13.3402
1968,5,2,1,53,8.4552
1968,5,2,2,45,5.7083
1968,5,2,3,39,8.4706
1968,5,2,4,31,7.4786
1968,5,2,5,52,8.2185
1968,5,3,1,61,2.4059
1968,5,3,2,79,-0.4932
1968,5,3,3,88,1.4083
1968,5,3,4,102,1.7503
1968,5,3,5,90,3.8250
1968,6,1,1,114,-0.5542
1968,6,1,2,66,4.0551
1968,6,1,3,64,0.3896
1968,6,1,4,73,-0.3765
1968,6,1,5,69,-1.1759
1968,6,2,1,53,-0.8072
1968,6,2,2,45,0.7231
1968,6,2,3,39,1.9769
1968,6,2,4,30,-0.9941
1968,6,2,5,52,-0.7170
1968,6,3,1,61,0.1988
1968,6,3,2,79,1.9955
1968,6,3,3,88,0.9655
1968,6,3,4,102,0.1552
1968,6,3,5,90,-1.0030
1968,7,1,1,174,-0.7005
1968,7,1,2,93,-2.9142
1968,7,1,3,88,-4.7880
1968,7,1,4,83,-4.5802
1968,7,1,5,103,-5.8250
1968,7,2,1,68,-2.4467
1968,7,2,2,46,-2.2791
1968,7,2,3,42,-1.1502
1968,7,2,4,42,-3.5620
1968,7,2,5,54,-9.2852
1968,7,3,1,51,0.0288
1968,7,3,2,84,0.2803
1968,7,3,3,93,-1.5734
1968,7,3,4,100,-2.5511
1968,7,3,5,105,-6.5637
1968,8,1,1,174,5.7235
1968,8,1,2,93,5.9656
1968,8,1,3,88,4.8683
1968,8,1,4,83,2.5873
1968,8,1,5,103,4.1449
1968,8,2,1,68,4.8543
1968,8,2,2,45,4.0914
1968,8,2,3,42,4.4571
1968,8,2,4,42,4.9725
1968,8,2,5,54,3.5940
1968,8,3,1,51,2.5457
1968,8,3,2,84,2.0206
1968,8,3,3,92,1.6521
1968,8,3,4,100,0.9373
1968,8,3,5,105,1.6170
1968,9,1,1,173,7.8471
1968,9,1,2,93,9.4067
1968,9,1,3,88,5.9145
1968,9,1,4,83,5.9621
1968,9,1,5,103,6.8633
1968,9,2,1,68,6.4699
1968,9,2,2,45,6.9741
1968,9,2,3,42,7.4865
1968,9,2,4,42,8.7525
1968,9,2,5,54,6.8068
1968,9,3,1,51,5.6996
1968,9,3,2,84,4.4195
1968,9,3,3,92,5.9673
1968,9,3,4,100,2.8055
1968,9,3,5,105,3.6289
1968,10,1,1,173,-0.4096
1968,10,1,2,93,2.5274
1968,10,1,3,88,1.1494
1968,10,1,4,83,0.3539
1968,10,1,5,103,0.3635
1968,10,2,1,68,-0.2018
1968,10,2,2,45,1.6081
1968,10,2,3,41,1.6018
1968,10,2,4,42,1.0299
1968,10,2,5,54,0.4680
1968,10,3,1,51,0.9003
1968,10,3,2,84,2.9122
1968,10,3,3,92,1.7730
1968,10,3,4,100,-0.5407
1968,10,3,5,105,-0.8783
1968,11,1,1,173,4.7532
1968,11,1,2,92,9.4753
1968,11,1,3,88,6.6173
1968,11,1,4,83,10.2068
1968,11,1,5,103,7.0150
1968,11,2,1,68,7.5267
1968,11,2,2,45,7.8016
1968,11,2,3,42,6.4745
1968,11,2,4,42,10.0792
1968,11,2,5,54,9.6510
1968,11,3,1,51,3.4852
1968,11,3,2,84,4.5411
1968,11,3,3,92,3.7039
1968,11,3,4,100,6.2292
1968,11,3,5,105,7.4804
1968,12,1,1,173,3.8562
1968,12,1,2,93,2.3320
1968,12,1,3,88,-0.6260
1968,12,1,4,83,1.2202
1968,12,1,5,103,1.8519
1968,12,2,1,68,-1.7884
1968,12,2,2,45,-1.0079
1968,12,2,3,42,-1.2141
1968,12,2,4,42,1.3406
1968,12,2,5,54,-2.6332
1968,12,3,1,51,-3.9318
1968,12,3,2,84,-4.5632
1968,12,3,3,92,-3.4793
1968,12,3,4,100,-3.9344
1968,12,3,5,105,-4.3613
1969,1,1,1,173,-0.5516
1969,1,1,2,93,-2.3155
1969,1,1,3,88,-1.1372
1969,1,1,4,83,-0.2584
1969,1,1,5,103,-1.9061
1969,1,2,1,68,-2.0185
1969,1,2,2,45,-0.2337
1969,1,2,3,42,-0.6370
1969,1,2,4,42,-2.5853
1969,1,2,5,54,-2.6988
1969,1,3,1,51,-1.4547
1969,1,3,2,83,0.8016
1969,1,3,3,92,-0.9477
1969,1,3,4,100,-2.3934
1969,1,3,5,105,-1.8858
1969,2,1,1,172,-10.7745
1969,2,1,2,93,-10.9464
1969,2,1,3,88,-10.2463
1969,2,1,4,83,-9.5773
1969,2,1,5,103,-9.7791
1969,2,2,1,68,-8.1047
1969,2,2,2,45,-8.0334
1969,2,2,3,42,-6.8558
1969,2,2,4,42,-9.0473
1969,2,2,5,54,-10.4428
1969,2,3,1,51,-6.0782
1969,2,3,2,83,-3.9392
1969,2,3,3,92,-4.5384
1969,2,3,4,100,-3.2442
1969,2,3,5,105,-6.5335
1969,3,1,1,172,3.5026
1969,3,1,2,93,1.6994
1969,3,1,3,88,2.9426
1969,3,1,4,83,0.7814
1969,3,1,5,103,3.3621
1969,3,2,1,68,2.5272
1969,3,2,2,45,4.1709
1969,3,2,3,42,4.0863
1969,3,2,4,42,3.7731
1969,3,2,5,54,1.3484
1969,3,3,1,51,4.5577
1969,3,3,2,83,2.7779
1969,3,3,3,92,4.8333
1969,3,3,4,100,4.9176
1969,3,3,5,105,0.8132
1969,4,1,1,172,-1.4757
1969,4,1,2,93,0.0537
1969,4,1,3,88,2.7187
1969,4,1,4,83,-0.6210
1969,4,1,5,103,-1.0965
1969,4,2,1,68,2.6328
1969,4,2,2,45,1.0433
1969,4,2,3,42,2.1466
1969,4,2,4,42,1.5755
1969,4,2,5,53,0.8017
1969,4,3,1,51,0.5624
1969,4,3,2,83,4.0154
1969,4,3,3,92,0.6161
1969,4,3,4,100,2.3305
1969,4,3,5,105,3.0363
1969,5,1,1,172,2.0778
1969,5,1,2,91,0.7139
1969,5,1,3,88,0.9623
1969,5,1,4,83,-1.2651
1969,5,1,5,103,1.9864
1969,5,2,1,68,-1.4409
1969,5,2,2,44,-0.6139
1969,5,2,3,42,3.7839
1969,5,2,4,42,2.0464
1969,5,2,5,54,-1.1408
1969,5,3,1,51,0.3088
1969,5,3,2,83,0.9310
1969,5,3,3,92,1.5204
1969,5,3,4,99,-0.3255
1969,5,3,5,104,-0.9044
1969,6,1,1,172,-14.4107
1969,6,1,2,92,-14.5726
1969,6,1,3,88,-12.1097
1969,6,1,4,83,-14.0063
1969,6,1,5,103,-13.4651
1969,6,2,1,68,-11.6574
1969,6,2,2,45,-11.7469
1969,6,2,3,42,-10.2463
1969,6,2,4,42,-8.4505
1969,6,2,5,54,-11.1926
1969,6,3,1,51,-8.7329
1969,6,3,2,83,-5.9154
1969,6,3,3,92,-6.6184
1969,6,3,4,98,-4.1411
1969,6,3,5,105,-5.1415
1969,7,1,1,159,-11.7283
1969,7,1,2,90,-10.4645
1969,7,1,3,91,-11.6560
1969,7,1,4,99,-9.4668
1969,7,1,5,146,-12.3090
1969,7,2,1,55,-8.9332
1969,7,2,2,49,-8.5342
1969,7,2,3,42,-8.5571
1969,7,2,4,48,-9.9036
1969,7,2,5,79,-11.2702
1969,7,3,1,70,-5.2464
1969,7,3,2,91,-7.7019
1969,7,3,3,100,-5.3118
1969,7,3,4,96,-5.8261
1969,7,3,5,94,-5.8272
1969,8,1,1,159,3.4206
1969,8,1,2,89,4.7257
1969,8,1,3,91,3.8828
1969,8,1,4,99,2.6672
1969,8,1,5,146,4.5435
1969,8,2,1,55,5.5264
1969,8,2,2,49,6.5410
1969,8,2,3,42,5.4350
1969,8,2,4,48,5.3503
1969,8,2,5,79,9.1120
1969,8,3,1,70,5.5366
1969,8,3,2,91,4.0744
1969,8,3,3,100,4.5341
1969,8,3,4,96,6.3144
1969,8,3,5,94,6.5661
1969,9,1,1,159,-2.9458
1969,9,1,2,90,-3.2949
1969,9,1,3,91,-1.0752
1969,9,1,4,99,-5.8764
1969,9,1,5,146,-3.5603
1969,9,2,1,55,0.7783
1969,9,2,2,48,0.1439
1969,9,2,3,42,-0.4879
1969,9,2,4,48,0.5290
1969,9,2,5,79,-0.7847
1969,9,3,1,70,-3.8195
1969,9,3,2,91,-3.2347
1969,9,3,3,100,-3.3678
1969,9,3,4,96,-1.3661
1969,9,3,5,94,-0.6929
1969,10,1,1,159,10.4644
1969,10,1,2,90,12.8904
1969,10,1,3,91,7.0380
1969,10,1,4,99,10.9886
1969,10,1,5,146,12.8075
1969,10,2,1,55,9.7407
1969,10,2,2,48,5.7136
1969,10,2,3,42,6.9097
1969,10,2,4,48,7.5965
1969,10,2,5,79,10.2912
1969,10,3,1,70,5.7803
1969,10,3,2,91,2.4046
1969,10,3,3,99,4.9959
1969,10,3,4,96,6.0341
1969,10,3,5,94,5.1123
1969,11,1,1,159,-7.7950
1969,11,1,2,90,-7.6868
1969,11,1,3,91,-4.8082
1969,11,1,4,99,-5.3110
1969,11,1,5,145,-8.7131
1969,11,2,1,54,-5.1492
1969,11,2,2,48,-5.1912
1969,11,2,3,42,-4.1699
1969,11,2,4,48,-4.8848
1969,11,2,5,79,-4.2936
1969,11,3,1,70,-3.6357
1969,11,3,2,91,-4.0665
1969,11,3,3,100,-1.8681
1969,11,3,4,96,-2.9131
1969,11,3,5,94,-1.4124
1969,12,1,1,159,-10.3280
1969,12,1,2,90,-7.9628
1969,12,1,3,91,-4.2996
1969,12,1,4,99,-6.1246
1969,12,1,5,146,-8.6252
1969,12,2,1,54,-5.2344
1969,12,2,2,48,-3.4104
1969,12,2,3,42,-2.2844
1969,12,2,4,48,-6.1603
1969,12,2,5,78,-4.3174
1969,12,3,1,70,-3.3358
1969,12,3,2,91,-1.9513
1969,12,3,3,100,-1.7429
1969,12,3,4,96,-1.0126
1969,12,3,5,94,-0.3188
1970,1,1,1,159,-0.1358
1970,1,1,2,90,-5.5173
1970,1,1,3,91,-3.3071
1970,1,1,4,99,-3.3571
1970,1,1,5,146,-5.0826
1970,1,2,1,54,-7.1681
1970,1,2,2,48,-4.2742
1970,1,2,3,42,-5.3399
1970,1,2,4,48,-4.3586
1970,1,2,5,79,-7.3583
1970,1,3,1,70,-7.1753
1970,1,3,2,91,-8.6100
1970,1,3,3,100,-6.5769
1970,1,3,4,96,-8.7543
1970,1,3,5,94,-9.2422
1970,2,1,1,159,2.4992
1970,2,1,2,90,2.7898
1970,2,1,3,91,3.0168
1970,2,1,4,99,4.3797
1970,2,1,5,146,3.4795
1970,2,2,1,54,4.0146
1970,2,2,2,48,6.2492
1970,2,2,3,42,2.7812
1970,2,2,4,48,5.4699
1970,2,2,5,78,5.0573
1970,2,3,1,70,7.8556
1970,2,3,2,91,5.7724
1970,2,3,3,100,6.7805
1970,2,3,4,96,5.9222
1970,2,3,5,93,2.8479
1970,3,1,1,159,-2.4876
1970,3,1,2,90,0.5448
1970,3,1,3,91,-4.4112
1970,3,1,4,99,-3.7289
1970,3,1,5,146,-5.1246
1970,3,2,1,54,-0.8238
1970,3,2,2,48,-3.5007
1970,3,2,3,42,0.8204
1970,3,2,4,48,0.4422
1970,3,2,5,79,-5.5142
1970,3,3,1,70,0.6054
1970,3,3,2,91,1.4298
1970,3,3,3,100,-0.1032
1970,3,3,4,96,-1.2208
1970,3,3,5,94,-1.4116
1970,4,1,1,159,-16.9681
1970,4,1,2,90,-16.7683
1970,4,1,3,91,-15.5224
1970,4,1,4,99,-17.1748
1970,4,1,5,145,-20.0913
1970,4,2,1,55,-15.9098
1970,4,2,2,48,-16.3113
1970,4,2,3,42,-12.0038
1970,4,2,4,48,-13.8287
1970,4,2,5,79,-18.9379
1970,4,3,1,70,-8.6029
1970,4,3,2,91,-7.7808
1970,4,3,3,100,-8.4088
1970,4,3,4,96,-9.8928
1970,4,3,5,94,-12.2957
1970,5,1,1,158,-10.7318
1970,5,1,2,90,-8.3587
1970,5,1,3,90,-8.2502
1970,5,1,4,99,-8.3851
1970,5,1,5,145,-9.8793
1970,5,2,1,55,-9.4873
1970,5,2,2,48,-8.8428
1970,5,2,3,42,-9.9908
1970,5,2,4,48,-10.8948
1970,5,2,5,79,-12.5248
1970,5,3,1,70,-4.1528
1970,5,3,2,91,-2.5441
1970,5,3,3,100,-6.4572
1970,5,3,4,96,-6.6349
1970,5,3,5,94,-8.1035
1970,6,1,1,157,-8.6327
1970,6,1,2,90,-8.3106
1970,6,1,3,90,-9.1795
1970,6,1,4,99,-7.5212
1970,6,1,5,145,-9.3658
1970,6,2,1,55,-7.8449
1970,6,2,2,48,-6.3131
1970,6,2,3,42,-7.6512
1970,6,2,4,48,-5.2357
1970,6,2,5,78,-7.9710
1970,6,3,1,70,-3.6440
1970,6,3,2,91,-4.6404
1970,6,3,3,100,-2.7781
1970,6,3,4,96,-5.3240
1970,6,3,5,94,-8.4645
1970,7,1,1,183,3.6236
1970,7,1,2,104,4.4148
1970,7,1,3,84,4.7084
1970,7,1,4,108,5.7427
1970,7,1,5,197,5.5786
1970,7,2,1,68,8.9017
1970,7,2,2,58,6.5143
1970,7,2,3,44,6.2001
1970,7,2,4,53,9.5398
1970,7,2,5,83,8.5738
1970,7,3,1,62,8.9045
1970,7,3,2,92,9.6963
1970,7,3,3,100,7.9605
1970,7,3,4,104,6.1355
1970,7,3,5,96,3.6189
1970,8,1,1,182,7.4331
1970,8,1,2,104,6.4216
1970,8,1,3,83,6.1386
1970,8,1,4,108,7.5585
1970,8,1,5,197,5.9549
1970,8,2,1,68,6.4961
1970,8,2,2,58,5.8264
1970,8,2,3,44,9.3086
1970,8,2,4,53,6.0718
1970,8,2,5,83,8.7152
1970,8,3,1,62,5.5280
1970,8,3,2,92,5.7095
1970,8,3,3,100,4.3190
1970,8,3,4,104,5.0908
1970,8,3,5,96,4.5701
1970,9,1,1,181,12.6337
1970,9,1,2,104,14.9879
1970,9,1,3,83,11.3437
1970,9,1,4,107,16.5391
1970,9,1,5,196,18.2029
1970,9,2,1,68,11.6388
1970,9,2,2,58,10.4119
1970,9,2,3,44,11.3295
1970,9,2,4,53,8.2780
1970,9,2,5,83,15.4623
1970,9,3,1,62,4.9851
1970,9,3,2,92,0.1304
1970,9,3,3,100,2.2394
1970,9,3,4,103,6.7356
1970,9,3,5,96,8.6480
1970,10,1,1,181,-6.7932
1970,10,1,2,104,-9.2019
1970,10,1,3,83,-6.4736
1970,10,1,4,108,-7.6414
1970,10,1,5,196,-9.5177
1970,10,2,1,68,-6.1902
1970,10,2,2,58,-5.3015
1970,10,2,3,44,-4.9007
1970,10,2,4,53,-4.8374
1970,10,2,5,83,-5.2981
1970,10,3,1,62,-1.5454
1970,10,3,2,92,-1.9668
1970,10,3,3,100,0.0845
1970,10,3,4,103,-1.6824
1970,10,3,5,96,-0.4824
1970,11,1,1,181,-1.0919
1970,11,1,2,104,-2.8612
1970,11,1,3,83,-0.3610
1970,11,1,4,108,-2.1122
1970,11,1,5,196,-1.6807
1970,11,2,1,68,1.7981
1970,11,2,2,58,4.6205
1970,11,2,3,44,2.5752
1970,11,2,4,53,4.2541
1970,11,2,5,83,0.6571
1970,11,3,1,62,4.7318
1970,11,3,2,92,6.2535
1970,11,3,3,100,5.5524
1970,11,3,4,103,4.6727
1970,11,3,5,96,3.7577
1970,12,1,1,181,9.0093
1970,12,1,2,103,10.6029
1970,12,1,3,83,11.1320
1970,12,1,4,107,10.6857
1970,12,1,5,196,8.9585
1970,12,2,1,68,8.7020
1970,12,2,2,58,9.9336
1970,12,2,3,44,7.9219
1970,12,2,4,53,9.7118
1970,12,2,5,83,8.3680
1970,12,3,1,62,5.9420
1970,12,3,2,92,6.2173
1970,12,3,3,100,5.6784
1970,12,3,4,103,6.2694
1970,12,3,5,96,4.7905
1971,1,1,1,180,16.2247
1971,1,1,2,102,17.3161
1971,1,1,3,83,13.3931
1971,1,1,4,107,15.4120
1971,1,1,5,196,13.2656
1971,1,2,1,68,12.8679
1971,1,2,2,58,11.4499
1971,1,2,3,43,12.6034
1971,1,2,4,53,8.8715
1971,1,2,5,83,9.8299
1971,1,3,1,62,6.2166
1971,1,3,2,92,4.0551
1971,1,3,3,100,2.8603
1971,1,3,4,103,5.7311
1971,1,3,5,96,5.1987
1971,2,1,1,179,5.3557
1971,2,1,2,102,3.0300
1971,2,1,3,83,5.2718
1971,2,1,4,107,2.5477
1971,2,1,5,195,6.3210
1971,2,2,1,68,1.4704
1971,2,2,2,58,2.7967
1971,2,2,3,43,3.2532
1971,2,2,4,53,4.1802
1971,2,2,5,83,2.2734
1971,2,3,1,62,5.4160
1971,2,3,2,92,-0.3610
1971,2,3,3,100,2.0575
1971,2,3,4,103,2.1164
1971,2,3,5,96,2.5073
1971,3,1,1,179,7.4945
1971,3,1,2,102,7.2600
1971,3,1,3,83,8.7729
1971,3,1,4,107,6.2572
1971,3,1,5,194,4.6240
1971,3,2,1,68,6.2747
1971,3,2,2,58,5.1607
1971,3,2,3,43,3.8344
1971,3,2,4,53,7.5905
1971,3,2,5,83,9.1750
1971,3,3,1,61,2.5641
1971,3,3,2,92,2.6542
1971,3,3,3,100,3.8289
1971,3,3,4,103,4.9969
1971,3,3,5,96,6.2097
1971,4,1,1,178,1.7222
1971,4,1,2,102,3.9869
1971,4,1,3,83,0.0962
1971,4,1,4,107,1.5635
1971,4,1,5,194,3.8483
1971,4,2,1,68,5.9842
1971,4,2,2,57,4.5083
1971,4,2,3,43,5.4124
1971,4,2,4,53,3.6113
1971,4,2,5,83,3.0198
1971,4,3,1,61,5.6983
1971,4,3,2,92,3.6361
1971,4,3,3,100,5.3180
1971,4,3,4,103,4.4279
1971,4,3,5,96,3.1876
1971,5,1,1,177,-5.0406
1971,5,1,2,102,-5.2196
1971,5,1,3,83,-6.8463
1971,5,1,4,107,-7.7852
1971,5,1,5,194,-7.0187
1971,5,2,1,68,-6.5122
1971,5,2,2,58,-2.9275
1971,5,2,3,43,-5.7729
1971,5,2,4,52,-3.9068
1971,5,2,5,83,-3.5511
1971,5,3,1,61,-3.7515
1971,5,3,2,92,-4.4876
1971,5,3,3,100,-2.6753
1971,5,3,4,103,-2.3103
1971,5,3,5,96,-4.5772
1971,6,1,1,174,-1.0950
1971,6,1,2,102,-2.4549
1971,6,1,3,83,-1.5188
1971,6,1,4,107,-3.6554
1971,6,1,5,194,-2.6191
1971,6,2,1,68,-1.2925
1971,6,2,2,58,-0.6247
1971,6,2,3,43,-3.2966
1971,6,2,4,52,-0.7213
1971,6,2,5,82,-0.1997
1971,6,3,1,61,-0.1622
1971,6,3,2,92,-0.9516
1971,6,3,3,100,-0.8589
1971,6,3,4,103,1.9048
1971,6,3,5,96,1.1111
1971,7,1,1,239,-7.0577
1971,7,1,2,123,-5.4573
1971,7,1,3,106,-7.0997
1971,7,1,4,109,-5.6916
1971,7,1,5,173,-7.5602
1971,7,2,1,74,-5.3893
1971,7,2,2,59,-4.7182
1971,7,2,3,62,-4.4019
1971,7,2,4,56,-4.5207
1971,7,2,5,79,-6.0287
1971,7,3,1,59,-4.5483
1971,7,3,2,93,-5.0273
1971,7,3,3,100,-4.5937
1971,7,3,4,108,-2.0694
1971,7,3,5,133,-5.0086
1971,8,1,1,238,5.8276
1971,8,1,2,123,5.0870
1971,8,1,3,106,4.3608
1971,8,1,4,109,4.2656
1971,8,1,5,173,2.6539
1971,8,2,1,74,5.6953
1971,8,2,2,59,6.8338
1971,8,2,3,62,3.8018
1971,8,2,4,56,5.4980
1971,8,2,5,79,3.7538
1971,8,3,1,59,8.1613
1971,8,3,2,93,4.3473
1971,8,3,3,100,4.7942
1971,8,3,4,108,3.0013
1971,8,3,5,132,4.4914
1971,9,1,1,238,-1.1535
1971,9,1,2,123,-1.4152
1971,9,1,3,106,-0.6514
1971,9,1,4,109,1.2295
1971,9,1,5,173,-0.0149
1971,9,2,1,74,-3.0951
1971,9,2,2,59,-0.7145
1971,9,2,3,61,-1.0232
1971,9,2,4,56,-1.3385
1971,9,2,5,79,1.6813
1971,9,3,1,59,-0.5139
1971,9,3,2,93,-1.5091
1971,9,3,3,100,-1.4393
1971,9,3,4,108,0.0793
1971,9,3,5,132,0.8766
1971,10,1,1,238,-7.2505
1971,10,1,2,123,-6.3650
1971,10,1,3,106,-6.5666
1971,10,1,4,109,-6.5285
1971,10,1,5,173,-7.4334
1971,10,2,1,74,-5.4345
1971,10,2,2,59,-7.2991
1971,10,2,3,61,-5.7543
1971,10,2,4,56,-5.4947
1971,10,2,5,79,-5.9569
1971,10,3,1,59,-5.0819
1971,10,3,2,93,-4.6896
1971,10,3,3,100,-5.1457
1971,10,3,4,108,-4.9289
1971,10,3,5,132,-2.8630
1971,11,1,1,238,-5.5527
1971,11,1,2,123,-4.5111
1971,11,1,3,106,-5.1843
1971,11,1,4,109,-3.7335
1971,11,1,5,173,-3.8477
1971,11,2,1,74,-2.0121
1971,11,2,2,59,-1.7632
1971,11,2,3,61,-2.5733
1971,11,2,4,56,-2.4861
1971,11,2,5,79,-2.5946
1971,11,3,1,59,0.6669
1971,11,3,2,93,-0.2351
1971,11,3,3,100,0.4383
1971,11,3,4,108,-1.1832
1971,11,3,5,132,1.5132
1971,12,1,1,237,12.4359
1971,12,1,2,123,13.1293
1971,12,1,3,106,11.4191
1971,12,1,4,109,13.1766
1971,12,1,5,173,15.2102
1971,12,2,1,74,13.3701
1971,12,2,2,59,13.0520
1971,12,2,3,61,10.1214
1971,12,2,4,56,12.0693
1971,12,2,5,79,15.0120
1971,12,3,1,59,5.7912
1971,12,3,2,93,9.0004
1971,12,3,3,100,9.4347
1971,12,3,4,108,8.9961
1971,12,3,5,132,9.8994
1972,1,1,1,237,17.1789
1972,1,1,2,123,11.2368
1972,1,1,3,106,11.6475
1972,1,1,4,109,12.9860
1972,1,1,5,173,12.4063
1972,1,2,1,74,8.5042
1972,1,2,2,59,7.6047
1972,1,2,3,61,7.3502
1972,1,2,4,56,6.9039
1972,1,2,5,78,7.7909
1972,1,3,1,59,2.3395
1972,1,3,2,93,1.4060
1972,1,3,3,100,0.1185
1972,1,3,4,108,1.9732
1972,1,3,5,132,5.0704
1972,2,1,1,234,5.6374
1972,2,1,2,123,3.1309
1972,2,1,3,106,4.4005
1972,2,1,4,109,3.2332
1972,2,1,5,173,4.4499
1972,2,2,1,74,5.3231
1972,2,2,2,59,1.2852
1972,2,2,3,61,4.6288
1972,2,2,4,56,3.3942
1972,2,2,5,78,3.5831
1972,2,3,1,59,1.1238
1972,2,3,2,93,1.4644
1972,2,3,3,100,3.3686
1972,2,3,4,108,4.8120
1972,2,3,5,132,4.9834
1972,3,1,1,233,0.0710
1972,3,1,2,123,-1.3260
1972,3,1,3,106,-2.8566
1972,3,1,4,109,-1.3903
1972,3,1,5,173,0.1973
1972,3,2,1,74,-0.3137
1972,3,2,2,59,-0.6547
1972,3,2,3,61,1.1941
1972,3,2,4,56,0.8449
1972,3,2,5,78,1.0465
1972,3,3,1,59,2.6493
1972,3,3,2,93,-0.2012
1972,3,3,3,100,-0.6045
1972,3,3,4,108,0.7776
1972,3,3,5,132,1.5136
1972,4,1,1,232,1.4583
1972,4,1,2,123,2.1457
1972,4,1,3,106,0.1567
1972,4,1,4,109,0.1095
1972,4,1,5,172,-1.0940
1972,4,2,1,74,2.3637
1972,4,2,2,59,2.1819
1972,4,2,3,61,1.5129
1972,4,2,4,56,0.8807
1972,4,2,5,78,-0.1304
1972,4,3,1,59,-1.3316
1972,4,3,2,93,0.8702
1972,4,3,3,100,0.1840
1972,4,3,4,108,0.5557
1972,4,3,5,132,2.0243
1972,5,1,1,229,-2.0066
1972,5,1,2,123,-4.0361
1972,5,1,3,105,-1.9785
1972,5,1,4,109,-1.1617
1972,5,1,5,173,-1.4228
1972,5,2,1,74,-2.2400
1972,5,2,2,59,-2.5304
1972,5,2,3,61,-2.1188
1972,5,2,4,56,-0.8689
1972,5,2,5,78,-0.5275
1972,5,3,1,58,-1.3236
1972,5,3,2,93,-0.1364
1972,5,3,3,100,2.3567
1972,5,3,4,108,3.7423
1972,5,3,5,132,3.7217
1972,6,1,1,229,-3.0688
1972,6,1,2,123,-2.1556
1972,6,1,3,105,-4.4542
1972,6,1,4,109,-4.7324
1972,6,1,5,172,-3.6557
1972,6,2,1,74,-1.4247
1972,6,2,2,59,-3.8593
1972,6,2,3,61,-4.2930
1972,6,2,4,56,-2.6491
1972,6,2,5,78,-2.7047
1972,6,3,1,58,-3.8325
1972,6,3,2,93,-4.4808
1972,6,3,3,100,-2.5735
1972,6,3,4,108,-1.7170
1972,6,3,5,131,-0.1461
1972,7,1,1,287,-3.5087
1972,7,1,2,117,-4.5111
1972,7,1,3,140,-1.6700
1972,7,1,4,133,-4.0756
1972,7,1,5,120,-6.1878
1972,7,2,1,67,-3.9163
1972,7,2,2,73,-2.1283
1972,7,2,3,60,-3.5747
1972,7,2,4,78,-3.5133
1972,7,2,5,80,-5.4867
1972,7,3,1,66,-0.4380
1972,7,3,2,97,0.0025
1972,7,3,3,103,-0.8647
1972,7,3,4,107,1.3699
1972,7,3,5,148,-0.4340
1972,8,1,1,284,0.2837
1972,8,1,2,117,0.9100
1972,8,1,3,139,1.5444
1972,8,1,4,133,1.2294
1972,8,1,5,120,-2.2162
1972,8,2,1,67,2.3137
1972,8,2,2,73,1.6259
1972,8,2,3,60,2.9892
1972,8,2,4,78,1.8690
1972,8,2,5,79,-0.4458
1972,8,3,1,66,6.9021
1972,8,3,2,97,5.1349
1972,8,3,3,103,5.8699
1972,8,3,4,107,2.4210
1972,8,3,5,148,1.1296
1972,9,1,1,283,-4.6586
1972,9,1,2,117,-5.0380
1972,9,1,3,139,-4.4754
1972,9,1,4,133,-3.7751
1972,9,1,5,120,-4.6244
1972,9,2,1,66,-2.8321
1972,9,2,2,72,-1.7512
1972,9,2,3,60,-2.9245
1972,9,2,4,78,-3.3302
1972,9,2,5,79,-2.9521
1972,9,3,1,66,-3.1478
1972,9,3,2,97,0.2427
1972,9,3,3,103,-0.9146
1972,9,3,4,106,0.0732
1972,9,3,5,148,-0.8356
1972,10,1,1,282,-3.5979
1972,10,1,2,117,-2.5534
1972,10,1,3,138,-2.2760
1972,10,1,4,131,-3.2318
1972,10,1,5,120,-1.6966
1972,10,2,1,66,-1.1262
1972,10,2,2,72,-1.8209
1972,10,2,3,60,0.2635
1972,10,2,4,78,-0.2953
1972,10,2,5,79,-3.2118
1972,10,3,1,66,1.7402
1972,10,3,2,97,2.3679
1972,10,3,3,103,1.2844
1972,10,3,4,106,0.4885
1972,10,3,5,148,-0.3987
1972,11,1,1,283,5.0976
1972,11,1,2,116,6.1316
1972,11,1,3,138,4.7106
1972,11,1,4,131,4.0148
1972,11,1,5,120,4.9771
1972,11,2,1,65,8.0927
1972,11,2,2,72,6.4452
1972,11,2,3,60,6.9493
1972,11,2,4,78,5.4284
1972,11,2,5,79,5.2645
1972,11,3,1,66,7.5084
1972,11,3,2,97,7.7921
1972,11,3,3,102,6.6953
1972,11,3,4,106,3.4592
1972,11,3,5,148,2.2142
1972,12,1,1,282,-1.0953
1972,12,1,2,116,-2.2800
1972,12,1,3,138,-0.6454
1972,12,1,4,131,-2.9859
1972,12,1,5,120,-3.3552
1972,12,2,1,64,-0.2118
1972,12,2,2,72,-1.8563
1972,12,2,3,60,-0.7056
1972,12,2,4,78,-1.5872
1972,12,2,5,79,0.0470
1972,12,3,1,66,-1.4040
1972,12,3,2,97,1.2600
1972,12,3,3,103,0.7613
1972,12,3,4,106,1.5224
1972,12,3,5,148,3.4680
1973,1,1,1,282,-2.7103
1973,1,1,2,116,-3.3111
1973,1,1,3,138,-4.2582
1973,1,1,4,131,-4.4131
1973,1,1,5,120,-4.9519
1973,1,2,1,64,-6.7555
1973,1,2,2,72,-6.2520
1973,1,2,3,60,-5.9962
1973,1,2,4,78,-5.3961
1973,1,2,5,78,-8.1933
1973,1,3,1,66,-4.3841
1973,1,3,2,97,-2.5810
1973,1,3,3,103,-0.9164
1973,1,3,4,106,-2.6562
1973,1,3,5,148,-0.8666
1973,2,1,1,280,-7.6266
1973,2,1,2,116,-7.2334
1973,2,1,3,138,-8.1381
1973,2,1,4,131,-9.3724
1973,2,1,5,120,-9.4905
1973,2,2,1,64,-8.1244
1973,2,2,2,72,-8.3777
1973,2,2,3,60,-8.7877
1973,2,2,4,78,-8.2905
1973,2,2,5,78,-9.2721
1973,2,3,1,66,-4.1897
1973,2,3,2,97,-5.3386
1973,2,3,3,103,-4.6636
1973,2,3,4,106,-2.2183
1973,2,3,5,148,-3.5110
1973,3,1,1,280,-1.7237
1973,3,1,2,116,-4.6917
1973,3,1,3,138,-1.8927
1973,3,1,4,130,-2.4802
1973,3,1,5,119,-3.0501
1973,3,2,1,64,-2.8741
1973,3,2,2,72,-1.8997
1973,3,2,3,60,-0.5017
1973,3,2,4,78,-4.3166
1973,3,2,5,78,-2.9183
1973,3,3,1,65,-1.1627
1973,3,3,2,97,-0.3130
1973,3,3,3,103,0.6186
1973,3,3,4,105,-0.8846
1973,3,3,5,148,-0.2315
1973,4,1,1,279,-7.8787
1973,4,1,2,116,-5.6141
1973,4,1,3,137,-6.2580
1973,4,1,4,130,-7.5257
1973,4,1,5,118,-8.6660
1973,4,2,1,64,-5.5780
1973,4,2,2,72,-5.4106
1973,4,2,3,60,-4.0322
1973,4,2,4,78,-7.2909
1973,4,2,5,79,-12.4103
1973,4,3,1,65,-3.2310
1973,4,3,2,97,-2.5854
1973,4,3,3,102,-3.9198
1973,4,3,4,105,-4.3662
1973,4,3,5,148,-6.3108
1973,5,1,1,277,-9.9784
1973,5,1,2,116,-8.3190
1973,5,1,3,136,-6.2996
1973,5,1,4,130,-7.7900
1973,5,1,5,118,-10.0623
1973,5,2,1,64,-8.1631
1973,5,2,2,72,-8.0853
1973,5,2,3,60,-8.2597
1973,5,2,4,78,-6.7878
1973,5,2,5,79,-12.8162
1973,5,3,1,65,-2.9769
1973,5,3,2,97,-1.9922
1973,5,3,3,103,-1.3659
1973,5,3,4,104,-0.8317
1973,5,3,5,148,-2.0851
1973,6,1,1,274,-2.5885
1973,6,1,2,116,-1.9971
1973,6,1,3,134,-2.4971
1973,6,1,4,129,-4.7378
1973,6,1,5,117,-4.5473
1973,6,2,1,64,-3.0778
1973,6,2,2,72,-1.2619
1973,6,2,3,60,-3.6380
1973,6,2,4,78,-3.2768
1973,6,2,5,78,-4.6284
1973,6,3,1,65,-0.8739
1973,6,3,2,97,-2.0338
1973,6,3,3,103,-1.0713
1973,6,3,4,104,-0.1929
1973,6,3,5,148,-0.7326
1973,7,1,1,270,13.5029
1973,7,1,2,145,13.6765
1973,7,1,3,139,14.4132
1973,7,1,4,147,15.6751
1973,7,1,5,165,19.7436
1973,7,2,1,71,9.6891
1973,7,2,2,68,10.1372
1973,7,2,3,79,11.2190
1973,7,2,4,71,13.5677
1973,7,2,5,84,20.7556
1973,7,3,1,77,7.2960
1973,7,3,2,106,3.6132
1973,7,3,3,101,2.9938
1973,7,3,4,114,6.8504
1973,7,3,5,129,5.4633
1973,8,1,1,269,-5.8226
1973,8,1,2,143,-5.4166
1973,8,1,3,139,-6.0978
1973,8,1,4,147,-7.1021
1973,8,1,5,165,-7.3166
1973,8,2,1,71,-3.5550
1973,8,2,2,68,-3.0631
1973,8,2,3,79,-4.9550
1973,8,2,4,71,-5.0637
1973,8,2,5,84,-2.3683
1973,8,3,1,77,-1.5728
1973,8,3,2,106,-2.3988
1973,8,3,3,101,-3.9797
1973,8,3,4,114,-3.0571
1973,8,3,5,129,-3.7861
1973,9,1,1,265,9.2784
1973,9,1,2,143,6.8362
1973,9,1,3,139,9.9293
1973,9,1,4,146,9.7923
1973,9,1,5,164,10.5224
1973,9,2,1,71,8.9011
1973,9,2,2,68,12.9088
1973,9,2,3,79,10.1693
1973,9,2,4,71,12.6226
1973,9,2,5,83,12.6766
1973,9,3,1,77,9.1656
1973,9,3,2,106,10.7377
1973,9,3,3,101,6.3509
1973,9,3,4,114,3.4737
1973,9,3,5,129,-1.2863
1973,10,1,1,263,2.2726
1973,10,1,2,144,1.3470
1973,10,1,3,139,-0.0120
1973,10,1,4,146,-2.7960
1973,10,1,5,165,-0.5056
1973,10,2,1,71,1.6807
1973,10,2,2,68,-0.7563
1973,10,2,3,79,0.7686
1973,10,2,4,71,-0.1867
1973,10,2,5,83,-1.1220
1973,10,3,1,76,3.2734
1973,10,3,2,106,0.6392
1973,10,3,3,101,-0.2026
1973,10,3,4,114,-1.2037
1973,10,3,5,128,1.3799
1973,11,1,1,264,-18.1687
1973,11,1,2,144,-18.7317
1973,11,1,3,139,-20.8204
1973,11,1,4,146,-20.2572
1973,11,1,5,165,-24.2313
1973,11,2,1,71,-17.8936
1973,11,2,2,68,-16.2276
1973,11,2,3,79,-18.8449
1973,11,2,4,70,-20.9056
1973,11,2,5,83,-24.6490
1973,11,3,1,76,-11.1220
1973,11,3,2,106,-9.0797
1973,11,3,3,101,-12.6611
1973,11,3,4,114,-11.9951
1973,11,3,5,128,-11.3107
1973,12,1,1,263,-4.8053
1973,12,1,2,143,-4.2823
1973,12,1,3,138,-1.6609
1973,12,1,4,146,-4.0971
1973,12,1,5,165,-4.4721
1973,12,2,1,70,-0.8341
1973,12,2,2,67,0.5580
1973,12,2,3,78,0.1615
1973,12,2,4,70,-2.9171
1973,12,2,5,83,-2.9642
1973,12,3,1,76,6.2734
1973,12,3,2,106,6.0732
1973,12,3,3,101,3.5468
1973,12,3,4,114,-1.0193
1973,12,3,5,129,-3.0259
1974,1,1,1,263,21.6985
1974,1,1,2,144,17.6787
1974,1,1,3,138,14.7567
1974,1,1,4,145,14.9160
1974,1,1,5,165,14.1910
1974,1,2,1,70,15.2631
1974,1,2,2,67,11.4410
1974,1,2,3,78,9.3342
1974,1,2,4,70,8.9448
1974,1,2,5,83,8.2683
1974,1,3,1,76,-0.6804
1974,1,3,2,106,-0.8331
1974,1,3,3,101,-0.3170
1974,1,3,4,114,-1.1244
1974,1,3,5,129,-1.3871
1974,2,1,1,258,-1.3820
1974,2,1,2,143,0.4990
1974,2,1,3,138,0.2801
1974,2,1,4,144,-2.0114
1974,2,1,5,164,-3.1799
1974,2,2,1,70,3.6094
1974,2,2,2,67,0.1217
1974,2,2,3,78,2.6069
1974,2,2,4,70,0.8368
1974,2,2,5,83,0.8558
1974,2,3,1,76,1.1543
1974,2,3,2,106,3.7072
1974,2,3,3,101,-0.9341
1974,2,3,4,113,-0.4217
1974,2,3,5,129,-1.3407
1974,3,1,1,257,1.1384
1974,3,1,2,142,0.6590
1974,3,1,3,136,0.3766
1974,3,1,4,142,1.6154
1974,3,1,5,163,-0.2231
1974,3,2,1,70,0.5404
1974,3,2,2,67,-1.0862
1974,3,2,3,78,-0.6853
1974,3,2,4,70,-2.0133
1974,3,2,5,83,-0.4666
1974,3,3,1,76,-2.4626
1974,3,3,2,106,-3.8034
1974,3,3,3,100,-1.9603
1974,3,3,4,113,-1.2949
1974,3,3,5,129,-1.3302
1974,4,1,1,256,-6.2113
1974,4,1,2,142,-3.4233
1974,4,1,3,136,-4.2873
1974,4,1,4,142,-4.8976
1974,4,1,5,163,-6.1891
1974,4,2,1,70,-2.7492
1974,4,2,2,67,-1.4304
1974,4,2,3,78,-5.9445
1974,4,2,4,70,-4.5593
1974,4,2,5,82,-5.6358
1974,4,3,1,76,-4.3409
1974,4,3,2,106,-4.7229
1974,4,3,3,100,-2.4915
1974,4,3,4,113,-2.5402
1974,4,3,5,129,-3.5128
1974,5,1,1,254,-8.1488
1974,5,1,2,142,-6.5182
1974,5,1,3,136,-7.3826
1974,5,1,4,142,-7.6399
1974,5,1,5,163,-7.4089
1974,5,2,1,69,-7.9913
1974,5,2,2,67,-7.0105
1974,5,2,3,77,-6.1807
1974,5,2,4,70,-8.0342
1974,5,2,5,82,-7.1158
1974,5,3,1,76,-5.8257
1974,5,3,2,106,-4.6394
1974,5,3,3,100,-3.9240
1974,5,3,4,113,1.1596
1974,5,3,5,129,-1.5723
1974,6,1,1,251,-1.7128
1974,6,1,2,142,-1.2734
1974,6,1,3,136,-1.3539
1974,6,1,4,142,-2.1760
1974,6,1,5,162,-3.2056
1974,6,2,1,68,-1.3110
1974,6,2,2,67,0.5640
1974,6,2,3,77,0.8407
1974,6,2,4,70,-2.4133
1974,6,2,5,81,-3.7896
1974,6,3,1,76,-1.6995
1974,6,3,2,106,0.3392
1974,6,3,3,100,-0.9290
1974,6,3,4,113,-1.3024
1974,6,3,5,129,-1.6743
1974,7,1,1,336,-5.5278
1974,7,1,2,191,-3.7719
1974,7,1,3,197,-3.6122
1974,7,1,4,216,-5.0432
1974,7,1,5,283,-6.9039
1974,7,2,1,93,-4.7082
1974,7,2,2,81,-3.7208
1974,7,2,3,83,-1.4738
1974,7,2,4,99,-5.1150
1974,7,2,5,121,-6.2522
1974,7,3,1,60,-2.2893
1974,7,3,2,99,-6.0908
1974,7,3,3,118,-10.2526
1974,7,3,4,118,-5.5282
1974,7,3,5,194,-10.7120
1974,8,1,1,334,-6.6783
1974,8,1,2,190,-6.1515
1974,8,1,3,196,-7.3377
1974,8,1,4,215,-6.7877
1974,8,1,5,281,-8.6243
1974,8,2,1,92,-4.4467
1974,8,2,2,81,-8.5481
1974,8,2,3,83,-8.2910
1974,8,2,4,98,-8.7509
1974,8,2,5,120,-9.3650
1974,8,3,1,60,-6.4859
1974,8,3,2,99,-3.8093
1974,8,3,3,118,-8.7077
1974,8,3,4,118,-9.9718
1974,8,3,5,194,-9.3192
1974,9,1,1,330,-8.8441
1974,9,1,2,190,-7.7447
1974,9,1,3,194,-7.3528
1974,9,1,4,214,-9.3253
1974,9,1,5,280,-10.3161
1974,9,2,1,93,-7.9069
1974,9,2,2,80,-8.5136
1974,9,2,3,83,-7.7193
1974,9,2,4,98,-8.7921
1974,9,2,5,119,-12.5181
1974,9,3,1,60,-7.2998
1974,9,3,2,99,-7.8995
1974,9,3,3,118,-10.1596
1974,9,3,4,118,-12.0896
1974,9,3,5,193,-16.5969
1974,10,1,1,324,10.1180
1974,10,1,2,189,8.9370
1974,10,1,3,193,10.5971
1974,10,1,4,213,8.0977
1974,10,1,5,277,7.8567
1974,10,2,1,92,8.5493
1974,10,2,2,80,9.3437
1974,10,2,3,83,9.8352
1974,10,2,4,97,11.3992
1974,10,2,5,117,12.8987
1974,10,3,1,60,15.0333
1974,10,3,2,99,15.7882
1974,10,3,3,117,10.5241
1974,10,3,4,118,20.2834
1974,10,3,5,193,19.8325
1974,11,1,1,324,-6.7665
1974,11,1,2,190,-7.0446
1974,11,1,3,194,-6.8978
1974,11,1,4,214,-3.9275
1974,11,1,5,278,-6.5517
1974,11,2,1,92,-4.0638
1974,11,2,2,80,-3.3182
1974,11,2,3,83,-4.7151
1974,11,2,4,97,-4.6154
1974,11,2,5,117,-6.2782
1974,11,3,1,60,-1.7738
1974,11,3,2,99,-3.7314
1974,11,3,3,117,-4.6989
1974,11,3,4,118,-4.5146
1974,11,3,5,193,-4.8093
1974,12,1,1,321,-9.0177
1974,12,1,2,188,-7.5206
1974,12,1,3,193,-8.2578
1974,12,1,4,214,-7.7390
1974,12,1,5,277,-8.1416
1974,12,2,1,92,-7.2197
1974,12,2,2,80,-5.6793
1974,12,2,3,82,-5.5142
1974,12,2,4,98,-5.3760
1974,12,2,5,118,-7.3269
1974,12,3,1,60,-0.7188
1974,12,3,2,99,-0.1243
1974,12,3,3,116,-1.3459
1974,12,3,4,118,-0.6231
1974,12,3,5,193,-5.6304
1975,1,1,1,318,32.0339
1975,1,1,2,190,30.2232
1975,1,1,3,192,28.8427
1975,1,1,4,214,26.9216
1975,1,1,5,278,29.6077
1975,1,2,1,90,28.2188
1975,1,2,2,79,25.7411
1975,1,2,3,82,24.8301
1975,1,2,4,98,22.5780
1975,1,2,5,118,28.3401
1975,1,3,1,60,16.4913
1975,1,3,2,99,10.6111
1975,1,3,3,117,14.2605
1975,1,3,4,118,12.0114
1975,1,3,5,192,11.1298
1975,2,1,1,317,6.8954
1975,2,1,2,188,4.8555
1975,2,1,3,190,3.2582
1975,2,1,4,214,6.6047
1975,2,1,5,276,4.3141
1975,2,2,1,89,5.8502
1975,2,2,2,79,1.7218
1975,2,2,3,82,5.7356
1975,2,2,4,98,5.0894
1975,2,2,5,118,5.5997
1975,2,3,1,60,2.4676
1975,2,3,2,99,4.1487
1975,2,3,3,117,5.3766
1975,2,3,4,118,5.7015
1975,2,3,5,192,12.7121
1975,3,1,1,319,9.8967
1975,3,1,2,189,6.1321
1975,3,1,3,190,7.6264
1975,3,1,4,213,8.7866
1975,3,1,5,274,11.7934
1975,3,2,1,89,7.0198
1975,3,2,2,79,8.0297
1975,3,2,3,82,5.6575
1975,3,2,4,98,6.3565
1975,3,2,5,118,11.7064
1975,3,3,1,60,2.2843
1975,3,3,2,99,1.9487
1975,3,3,3,117,6.1335
1975,3,3,4,118,3.3480
1975,3,3,5,191,2.2185
1975,4,1,1,319,2.9462
1975,4,1,2,189,4.9531
1975,4,1,3,190,3.9951
1975,4,1,4,212,3.8178
1975,4,1,5,272,4.1399
1975,4,2,1,89,6.5350
1975,4,2,2,79,4.2455
1975,4,2,3,82,4.8008
1975,4,2,4,98,2.5922
1975,4,2,5,118,7.5464
1975,4,3,1,60,5.4648
1975,4,3,2,99,3.8833
1975,4,3,3,117,4.7218
1975,4,3,4,118,5.6836
1975,4,3,5,191,6.5094
1975,5,1,1,318,6.6526
1975,5,1,2,189,6.7300
1975,5,1,3,189,9.2932
1975,5,1,4,209,8.8757
1975,5,1,5,272,9.0721
1975,5,2,1,89,8.4722
1975,5,2,2,79,8.5747
1975,5,2,3,82,8.3522
1975,5,2,4,98,9.7102
1975,5,2,5,118,8.2209
1975,5,3,1,60,2.8523
1975,5,3,2,99,5.1274
1975,5,3,3,117,5.7182
1975,5,3,4,118,5.8478
1975,5,3,5,191,4.2976
1975,6,1,1,317,8.0530
1975,6,1,2,186,6.7918
1975,6,1,3,191,6.8980
1975,6,1,4,207,7.6619
1975,6,1,5,271,8.9163
1975,6,2,1,88,7.1176
1975,6,2,2,79,8.9836
1975,6,2,3,82,4.0475
1975,6,2,4,98,6.9939
1975,6,2,5,118,5.7776
1975,6,3,1,59,5.9843
1975,6,3,2,99,5.5127
1975,6,3,3,117,8.0456
1975,6,3,4,118,4.9004
1975,6,3,5,191,1.7534
1975,7,1,1,472,-0.0897
1975,7,1,2,246,-1.0549
1975,7,1,3,259,-0.8891
1975,7,1,4,290,-0.6151
1975,7,1,5,430,-0.6018
1975,7,2,1,98,-3.8633
1975,7,2,2,102,-2.8550
1975,7,2,3,97,-3.3093
1975,7,2,4,117,-3.5019
1975,7,2,5,202,-4.0017
1975,7,3,1,73,-2.3485
1975,7,3,2,112,-4.2268
1975,7,3,3,148,-5.0000
1975,7,3,4,160,-6.4797
1975,7,3,5,203,-8.5817
1975,8,1,1,471,-6.6495
1975,8,1,2,245,-5.5878
1975,8,1,3,258,-5.9905
1975,8,1,4,288,-5.0748
1975,8,1,5,429,-7.2785
1975,8,2,1,98,-5.3217
1975,8,2,2,102,-3.7058
1975,8,2,3,97,-3.7798
1975,8,2,4,117,-5.3121
1975,8,2,5,202,-3.7537
1975,8,3,1,72,-2.3479
1975,8,3,2,112,-3.0130
1975,8,3,3,148,-1.4000
1975,8,3,4,160,-0.8830
1975,8,3,5,203,-1.7596
1975,9,1,1,470,-4.2653
1975,9,1,2,246,-3.7634
1975,9,1,3,257,-3.5554
1975,9,1,4,290,-1.3313
1975,9,1,5,428,-3.2936
1975,9,2,1,98,-3.7058
1975,9,2,2,102,-1.9807
1975,9,2,3,97,-3.9442
1975,9,2,4,117,-3.5730
1975,9,2,5,199,-4.2374
1975,9,3,1,72,-1.9304
1975,9,3,2,112,-1.9336
1975,9,3,3,147,-4.2259
1975,9,3,4,160,-3.0636
1975,9,3,5,203,-4.1140
1975,10,1,1,465,3.5611
1975,10,1,2,245,1.9932
1975,10,1,3,256,1.0304
1975,10,1,4,289,1.2756
1975,10,1,5,428,2.4073
1975,10,2,1,97,2.3053
1975,10,2,2,102,3.6943
1975,10,2,3,97,3.3056
1975,10,2,4,117,1.7368
1975,10,2,5,199,3.1932
1975,10,3,1,72,6.6309
1975,10,3,2,112,6.9107
1975,10,3,3,147,8.4997
1975,10,3,4,160,6.2533
1975,10,3,5,203,5.4792
1975,11,1,1,466,2.0726
1975,11,1,2,246,4.1888
1975,11,1,3,257,2.5534
1975,11,1,4,286,2.6399
1975,11,1,5,425,2.5644
1975,11,2,1,96,3.7440
1975,11,2,2,102,2.4547
1975,11,2,3,97,3.0787
1975,11,2,4,117,4.1848
1975,11,2,5,199,2.4696
1975,11,3,1,72,3.4071
1975,11,3,2,112,4.6967
1975,11,3,3,147,2.6594
1975,11,3,4,158,2.6207
1975,11,3,5,203,2.5005
1975,12,1,1,463,-1.3142
1975,12,1,2,245,-2.0450
1975,12,1,3,256,-2.3271
1975,12,1,4,285,-1.3658
1975,12,1,5,424,-0.2412
1975,12,2,1,96,1.0250
1975,12,2,2,101,-1.0319
1975,12,2,3,97,-0.7548
1975,12,2,4,116,-1.6488
1975,12,2,5,199,-2.4202
1975,12,3,1,72,0.2772
1975,12,3,2,112,0.3660
1975,12,3,3,147,-1.1626
1975,12,3,4,160,-1.1763
1975,12,3,5,203,-2.1856
1976,1,1,1,459,23.7485
1976,1,1,2,246,20.9102
1976,1,1,3,253,24.5033
1976,1,1,4,287,21.5245
1976,1,1,5,420,21.7907
1976,1,2,1,96,19.5917
1976,1,2,2,101,19.2300
1976,1,2,3,96,18.3238
1976,1,2,4,116,20.5341
1976,1,2,5,197,16.4614
1976,1,3,1,72,14.8615
1976,1,3,2,112,9.1680
1976,1,3,3,147,14.8628
1976,1,3,4,160,10.9132
1976,1,3,5,202,12.7362
1976,2,1,1,428,13.4969
1976,2,1,2,241,11.7668
1976,2,1,3,245,11.6504
1976,2,1,4,277,10.2525
1976,2,1,5,413,10.8245
1976,2,2,1,96,6.6369
1976,2,2,2,100,6.9862
1976,2,2,3,96,7.5823
1976,2,2,4,115,6.4295
1976,2,2,5,196,7.4191
1976,2,3,1,72,4.3368
1976,2,3,2,112,1.0482
1976,2,3,3,147,-0.0148
1976,2,3,4,160,-1.3452
1976,2,3,5,203,-1.5824
1976,3,1,1,459,1.9970
1976,3,1,2,244,2.0349
1976,3,1,3,253,0.1630
1976,3,1,4,282,1.2126
1976,3,1,5,420,2.2021
1976,3,2,1,96,4.1966
1976,3,2,2,100,2.7553
1976,3,2,3,96,-1.3637
1976,3,2,4,116,2.4248
1976,3,2,5,196,0.8961
1976,3,3,1,71,4.8989
1976,3,3,2,112,1.4256
1976,3,3,3,147,1.3377
1976,3,3,4,160,3.7780
1976,3,3,5,202,2.4939
1976,4,1,1,446,-1.0053
1976,4,1,2,240,-2.1732
1976,4,1,3,248,-0.6804
1976,4,1,4,276,-1.5355
1976,4,1,5,412,-1.7932
1976,4,2,1,96,-1.6588
1976,4,2,2,99,1.0376
1976,4,2,3,96,0.3379
1976,4,2,4,114,-1.6087
1976,4,2,5,196,-1.6661
1976,4,3,1,71,0.9325
1976,4,3,2,112,-0.0274
1976,4,3,3,147,0.0894
1976,4,3,4,160,-1.3838
1976,4,3,5,202,-1.8558
1976,5,1,1,451,-3.6757
1976,5,1,2,241,-3.6432
1976,5,1,3,253,-2.3533
1976,5,1,4,281,-2.0105
1976,5,1,5,415,-2.9772
1976,5,2,1,96,-3.8300
1976,5,2,2,99,-0.7513
1976,5,2,3,95,-0.5194
1976,5,2,4,114,-2.1600
1976,5,2,5,196,-0.9744
1976,5,3,1,71,-1.6445
1976,5,3,2,112,-2.5555
1976,5,3,3,147,-1.5311
1976,5,3,4,160,0.1989
1976,5,3,5,202,-0.4318
1976,6,1,1,447,2.3981
1976,6,1,2,241,3.6405
1976,6,1,3,252,2.3741
1976,6,1,4,281,2.5986
1976,6,1,5,414,3.6182
1976,6,2,1,96,7.6365
1976,6,2,2,99,5.5476
1976,6,2,3,95,4.1697
1976,6,2,4,114,5.1992
1976,6,2,5,196,3.1416
1976,6,3,1,70,4.7051
1976,6,3,2,112,4.0902
1976,6,3,3,146,6.0437
1976,6,3,4,160,3.3354
1976,6,3,5,201,4.7400
1976,7,1,1,698,0.3182
1976,7,1,2,297,-0.1275
1976,7,1,3,275,0.6906
1976,7,1,4,275,0.5489
1976,7,1,5,436,-1.5119
1976,7,2,1,116,0.0545
1976,7,2,2,103,0.1967
1976,7,2,3,99,0.7194
1976,7,2,4,110,1.2293
1976,7,2,5,186,-0.7958
1976,7,3,1,77,-0.8346
1976,7,3,2,121,-0.2442
1976,7,3,3,144,-0.0965
1976,7,3,4,158,-1.0081
1976,7,3,5,197,-1.7170
1976,8,1,1,695,-3.5299
1976,8,1,2,295,-0.3192
1976,8,1,3,275,-0.7978
1976,8,1,4,273,-1.6500
1976,8,1,5,435,-2.3817
1976,8,2,1,115,-2.3296
1976,8,2,2,103,-1.2705
1976,8,2,3,99,-1.8092
1976,8,2,4,109,-1.9212
1976,8,2,5,186,-3.6350
1976,8,3,1,77,-2.4900
1976,8,3,2,121,1.2192
1976,8,3,3,144,1.6231
1976,8,3,4,158,-0.5458
1976,8,3,5,196,-0.5881
1976,9,1,1,597,0.6040
1976,9,1,2,267,1.6072
1976,9,1,3,245,2.1037
1976,9,1,4,250,2.8396
1976,9,1,5,410,2.2374
1976,9,2,1,113,2.0105
1976,9,2,2,100,2.7907
1976,9,2,3,96,3.1303
1976,9,2,4,107,3.9568
1976,9,2,5,181,4.0840
1976,9,3,1,77,2.6744
1976,9,3,2,120,2.1484
1976,9,3,3,144,3.4455
1976,9,3,4,158,2.9718
1976,9,3,5,195,2.2671
1976,10,1,1,688,-2.7208
1976,10,1,2,296,-2.0719
1976,10,1,3,270,-1.3001
1976,10,1,4,273,-1.4083
1976,10,1,5,430,-3.4964
1976,10,2,1,115,-2.2009
1976,10,2,2,101,-1.6050
1976,10,2,3,97,-1.6982
1976,10,2,4,109,-2.5163
1976,10,2,5,184,-3.6217
1976,10,3,1,77,-2.9286
1976,10,3,2,121,-1.8752
1976,10,3,3,143,-1.4672
1976,10,3,4,158,-2.1972
1976,10,3,5,196,-3.0995
1976,11,1,1,682,3.3067
1976,11,1,2,288,3.5260
1976,11,1,3,270,2.3538
1976,11,1,4,270,2.6155
1976,11,1,5,432,3.5849
1976,11,2,1,115,4.0896
1976,11,2,2,99,3.2895
1976,11,2,3,95,5.3754
1976,11,2,4,108,3.3703
1976,11,2,5,183,3.5944
1976,11,3,1,77,1.1668
1976,11,3,2,121,1.4930
1976,11,3,3,143,1.1067
1976,11,3,4,158,-0.2166
1976,11,3,5,195,-0.5885
1976,12,1,1,684,10.3553
1976,12,1,2,294,9.2297
1976,12,1,3,271,9.8083
1976,12,1,4,271,9.3624
1976,12,1,5,429,9.6468
1976,12,2,1,115,9.2075
1976,12,2,2,101,8.7247
1976,12,2,3,96,9.8759
1976,12,2,4,109,9.8384
1976,12,2,5,183,8.4306
1976,12,3,1,77,6.5569
1976,12,3,2,121,6.5769
1976,12,3,3,143,5.6097
1976,12,3,4,158,4.9694
1976,12,3,5,196,4.2567
1977,1,1,1,682,5.1217
1977,1,1,2,293,3.7925
1977,1,1,3,269,6.1306
1977,1,1,4,269,3.2750
1977,1,1,5,426,3.0602
1977,1,2,1,114,1.8732
1977,1,2,2,101,2.6942
1977,1,2,3,95,1.0227
1977,1,2,4,108,1.6949
1977,1,2,5,182,0.3521
1977,1,3,1,77,-1.5691
1977,1,3,2,121,-2.3202
1977,1,3,3,143,-3.2087
1977,1,3,4,158,-5.1502
1977,1,3,5,195,-6.3438
1977,2,1,1,660,-1.1497
1977,2,1,2,289,-0.9970
1977,2,1,3,266,1.6552
1977,2,1,4,268,0.1291
1977,2,1,5,425,-0.0523
1977,2,2,1,112,-1.8272
1977,2,2,2,100,-1.0326
1977,2,2,3,94,-0.5654
1977,2,2,4,106,-0.1714
1977,2,2,5,179,-1.4566
1977,2,3,1,76,-3.9046
1977,2,3,2,121,-1.6405
1977,2,3,3,143,-1.4402
1977,2,3,4,158,-2.4051
1977,2,3,5,194,-0.5951
1977,3,1,1,672,0.5017
1977,3,1,2,292,0.9595
1977,3,1,3,267,1.7427
1977,3,1,4,269,0.6789
1977,3,1,5,424,0.9821
1977,3,2,1,113,-0.6439
1977,3,2,2,101,-0.4058
1977,3,2,3,94,-0.6068
1977,3,2,4,106,1.2538
1977,3,2,5,180,1.2722
1977,3,3,1,76,-1.0609
1977,3,3,2,120,-0.9456
1977,3,3,3,143,-1.4013
1977,3,3,4,157,-2.0820
1977,3,3,5,194,-0.3764
1977,4,1,1,668,2.0204
1977,4,1,2,290,1.2746
1977,4,1,3,266,0.8877
1977,4,1,4,267,2.9639
1977,4,1,5,421,1.5388
1977,4,2,1,113,2.6695
1977,4,2,2,101,0.3334
1977,4,2,3,94,2.9690
1977,4,2,4,106,0.6203
1977,4,2,5,180,1.4304
1977,4,3,1,75,1.1081
1977,4,3,2,120,1.4716
1977,4,3,3,143,1.0703
1977,4,3,4,156,0.6695
1977,4,3,5,193,-2.2211
1977,5,1,1,667,0.6028
1977,5,1,2,290,0.0108
1977,5,1,3,265,0.0927
1977,5,1,4,268,1.1712
1977,5,1,5,420,0.0633
1977,5,2,1,113,-1.8057
1977,5,2,2,101,0.2749
1977,5,2,3,94,0.6399
1977,5,2,4,106,0.7663
1977,5,2,5,180,-0.5029
1977,5,3,1,75,-1.1935
1977,5,3,2,120,-1.0474
1977,5,3,3,143,0.4320
1977,5,3,4,157,-2.2259
1977,5,3,5,193,-2.2271
1977,6,1,1,666,6.4486
1977,6,1,2,290,6.6362
1977,6,1,3,265,7.1044
1977,6,1,4,265,6.3102
1977,6,1,5,416,6.1804
1977,6,2,1,111,7.5756
1977,6,2,2,101,7.1315
1977,6,2,3,94,7.1314
1977,6,2,4,104,7.6843
1977,6,2,5,177,7.8599
1977,6,3,1,75,6.1655
1977,6,3,2,120,3.7581
1977,6,3,3,143,3.6116
1977,6,3,4,157,4.7976
1977,6,3,5,193,6.2053
1977,7,1,1,700,0.5135
1977,7,1,2,299,0.3188
1977,7,1,3,262,0.4537
1977,7,1,4,265,1.0544
1977,7,1,5,460,0.8564
1977,7,2,1,109,-1.1175
1977,7,2,2,100,-1.0255
1977,7,2,3,89,0.3077
1977,7,2,4,124,-0.8713
1977,7,2,5,161,-1.4562
1977,7,3,1,89,-1.4126
1977,7,3,2,111,-1.5541
1977,7,3,3,152,-1.3059
1977,7,3,4,165,-1.3676
1977,7,3,5,179,-2.8491
1977,8,1,1,695,-1.8098
1977,8,1,2,298,-1.6680
1977,8,1,3,262,-0.8968
1977,8,1,4,264,-0.3335
1977,8,1,5,459,0.3715
1977,8,2,1,109,-2.2018
1977,8,2,2,99,-1.0281
1977,8,2,3,89,-1.3989
1977,8,2,4,122,-0.2744
1977,8,2,5,159,-0.1024
1977,8,3,1,89,-2.0817
1977,8,3,2,110,-2.8251
1977,8,3,3,152,-2.6947
1977,8,3,4,164,0.3910
1977,8,3,5,178,-0.9285
1977,9,1,1,692,1.6309
1977,9,1,2,298,1.1669
1977,9,1,3,260,2.1091
1977,9,1,4,263,1.6248
1977,9,1,5,457,1.3030
1977,9,2,1,107,-0.6608
1977,9,2,2,99,0.9917
1977,9,2,3,89,2.2864
1977,9,2,4,122,1.3962
1977,9,2,5,156,1.9916
1977,9,3,1,89,-1.2982
1977,9,3,2,110,1.2324
1977,9,3,3,152,0.3111
1977,9,3,4,164,-0.3327
1977,9,3,5,176,-0.5357
1977,10,1,1,688,-2.8623
1977,10,1,2,297,-2.2643
1977,10,1,3,255,-1.5964
1977,10,1,4,263,-2.5089
1977,10,1,5,455,-2.0486
1977,10,2,1,107,-3.5124
1977,10,2,2,99,-3.4374
1977,10,2,3,89,-2.8388
1977,10,2,4,121,-3.9944
1977,10,2,5,157,-1.6123
1977,10,3,1,89,-3.4280
1977,10,3,2,110,-3.9378
1977,10,3,3,152,-4.5988
1977,10,3,4,163,-3.8520
1977,10,3,5,176,-3.6119
1977,11,1,1,683,7.9817
1977,11,1,2,294,8.7314
1977,11,1,3,255,8.8750
1977,11,1,4,263,7.6979
1977,11,1,5,453,8.8257
1977,11,2,1,107,7.4809
1977,11,2,2,98,8.6846
1977,11,2,3,87,8.6229
1977,11,2,4,120,9.7379
1977,11,2,5,157,7.5443
1977,11,3,1,89,5.0013
1977,11,3,2,110,3.1740
1977,11,3,3,150,3.4159
1977,11,3,4,163,3.3735
1977,11,3,5,176,5.4343
1977,12,1,1,684,1.9110
1977,12,1,2,294,2.2900
1977,12,1,3,257,2.6185
1977,12,1,4,260,4.1329
1977,12,1,5,452,3.2298
1977,12,2,1,107,1.7332
1977,12,2,2,98,2.1958
1977,12,2,3,87,2.0175
1977,12,2,4,120,0.5801
1977,12,2,5,156,1.7229
1977,12,3,1,88,-0.3289
1977,12,3,2,110,0.7490
1977,12,3,3,151,0.5055
1977,12,3,4,163,0.9341
1977,12,3,5,176,0.4090
1978,1,1,1,672,-0.4737
1978,1,1,2,294,-0.5840
1978,1,1,3,256,-1.5816
1978,1,1,4,261,-2.8997
1978,1,1,5,450,-2.4079
1978,1,2,1,107,-1.9515
1978,1,2,2,98,-2.8466
1978,1,2,3,87,-5.1489
1978,1,2,4,119,-5.1382
1978,1,2,5,155,-5.3528
1978,1,3,1,88,-6.2550
1978,1,3,2,110,-5.0613
1978,1,3,3,150,-5.3972
1978,1,3,4,162,-5.3703
1978,1,3,5,176,-7.5942
1978,2,1,1,664,3.1864
1978,2,1,2,292,3.3604
1978,2,1,3,253,3.2402
1978,2,1,4,258,3.5090
1978,2,1,5,446,3.8054
1978,2,2,1,107,1.3573
1978,2,2,2,97,2.8819
1978,2,2,3,87,2.6366
1978,2,2,4,119,1.7034
1978,2,2,5,152,0.8959
1978,2,3,1,88,-1.7885
1978,2,3,2,110,0.7569
1978,2,3,3,149,-1.7914
1978,2,3,4,162,-2.0379
1978,2,3,5,176,-2.3673
1978,3,1,1,662,9.2605
1978,3,1,2,291,7.5599
1978,3,1,3,251,6.7050
1978,3,1,4,257,7.2631
1978,3,1,5,443,7.6880
1978,3,2,1,107,8.3438
1978,3,2,2,97,5.4974
1978,3,2,3,87,5.6792
1978,3,2,4,119,6.9588
1978,3,2,5,152,4.8919
1978,3,3,1,88,2.6294
1978,3,3,2,110,3.0543
1978,3,3,3,149,2.8901
1978,3,3,4,162,1.5411
1978,3,3,5,176,4.1122
1978,4,1,1,658,9.3656
1978,4,1,2,287,5.9284
1978,4,1,3,248,7.9756
1978,4,1,4,256,9.0860
1978,4,1,5,441,8.1858
1978,4,2,1,107,6.7081
1978,4,2,2,97,7.3185
1978,4,2,3,87,8.2419
1978,4,2,4,119,7.2370
1978,4,2,5,151,9.3170
1978,4,3,1,88,9.5318
1978,4,3,2,110,4.2009
1978,4,3,3,149,7.8038
1978,4,3,4,162,10.3347
1978,4,3,5,176,10.1154
1978,5,1,1,656,7.9094
1978,5,1,2,288,7.7211
1978,5,1,3,249,7.1156
1978,5,1,4,255,6.9607
1978,5,1,5,438,8.3453
1978,5,2,1,107,6.0872
1978,5,2,2,95,6.6832
1978,5,2,3,85,4.5491
1978,5,2,4,118,6.1630
1978,5,2,5,149,7.4987
1978,5,3,1,88,2.8079
1978,5,3,2,109,-0.1202
1978,5,3,3,149,2.5340
1978,5,3,4,162,0.8689
1978,5,3,5,176,3.2355
1978,6,1,1,655,0.2254
1978,6,1,2,286,0.0020
1978,6,1,3,248,-0.7819
1978,6,1,4,254,0.5324
1978,6,1,5,430,1.2025
1978,6,2,1,107,2.0795
1978,6,2,2,96,-0.4979
1978,6,2,3,84,0.3345
1978,6,2,4,116,-2.7573
1978,6,2,5,149,-0.4051
1978,6,3,1,87,-2.5238
1978,6,3,2,108,-1.5502
1978,6,3,3,149,-2.2774
1978,6,3,4,161,-0.9000
1978,6,3,5,175,-0.8330
1978,7,1,1,615,5.0259
1978,7,1,2,273,4.7918
1978,7,1,3,308,3.8052
1978,7,1,4,235,6.4894
1978,7,1,5,468,6.5160
1978,7,2,1,110,6.1561
1978,7,2,2,100,7.0678
1978,7,2,3,99,5.5452
1978,7,2,4,114,5.7366
1978,7,2,5,182,7.5558
1978,7,3,1,88,8.7381
1978,7,3,2,124,5.0827
1978,7,3,3,144,5.1488
1978,7,3,4,158,5.6420
1978,7,3,5,170,5.1954
1978,8,1,1,610,7.3289
1978,8,1,2,271,8.3329
1978,8,1,3,304,9.4394
1978,8,1,4,231,10.6655
1978,8,1,5,465,9.9405
1978,8,2,1,110,7.4259
1978,8,2,2,99,9.9373
1978,8,2,3,99,7.0915
1978,8,2,4,113,8.3758
1978,8,2,5,181,8.3378
1978,8,3,1,88,4.7376
1978,8,3,2,124,4.1583
1978,8,3,3,144,2.6399
1978,8,3,4,158,2.5200
1978,8,3,5,169,5.0341
1978,9,1,1,604,1.4140
1978,9,1,2,269,-1.4609
1978,9,1,3,303,0.3160
1978,9,1,4,230,-1.0513
1978,9,1,5,463,-1.7612
1978,9,2,1,109,-0.4314
1978,9,2,2,99,-1.2997
1978,9,2,3,97,-1.5380
1978,9,2,4,112,-1.9809
1978,9,2,5,180,-2.4079
1978,9,3,1,88,-2.9257
1978,9,3,2,122,1.0770
1978,9,3,3,144,-0.0083
1978,9,3,4,155,-1.0698
1978,9,3,5,168,-1.9504
1978,10,1,1,602,-23.1620
1978,10,1,2,266,-20.6192
1978,10,1,3,303,-22.4948
1978,10,1,4,229,-22.7485
1978,10,1,5,460,-25.1872
1978,10,2,1,107,-20.9518
1978,10,2,2,100,-19.6596
1978,10,2,3,97,-19.3840
1978,10,2,4,112,-20.7387
1978,10,2,5,179,-20.5281
1978,10,3,1,87,-9.0021
1978,10,3,2,122,-9.9411
1978,10,3,3,144,-8.0788
1978,10,3,4,157,-9.3625
1978,10,3,5,168,-12.7238
1978,11,1,1,597,5.3843
1978,11,1,2,266,6.2107
1978,11,1,3,301,7.7476
1978,11,1,4,230,5.8827
1978,11,1,5,460,8.0972
1978,11,2,1,106,7.4476
1978,11,2,2,99,6.7245
1978,11,2,3,97,5.8706
1978,11,2,4,112,6.4735
1978,11,2,5,177,8.6602
1978,11,3,1,87,4.0153
1978,11,3,2,122,4.1521
1978,11,3,3,143,3.0267
1978,11,3,4,157,2.0912
1978,11,3,5,168,3.0963
1978,12,1,1,595,0.5267
1978,12,1,2,264,1.4722
1978,12,1,3,300,0.9630
1978,12,1,4,230,2.6040
1978,12,1,5,453,3.0571
1978,12,2,1,106,2.3700
1978,12,2,2,99,1.5544
1978,12,2,3,97,2.2507
1978,12,2,4,111,2.4493
1978,12,2,5,177,3.0626
1978,12,3,1,87,5.9905
1978,12,3,2,120,0.0899
1978,12,3,3,142,0.4710
1978,12,3,4,157,0.7093
1978,12,3,5,168,3.0807
1979,1,1,1,585,12.1777
1979,1,1,2,264,9.6904
1979,1,1,3,299,9.5914
1979,1,1,4,230,10.3539
1979,1,1,5,453,8.8472
1979,1,2,1,105,8.2265
1979,1,2,2,98,7.5577
1979,1,2,3,97,10.0940
1979,1,2,4,111,7.7122
1979,1,2,5,176,6.7830
1979,1,3,1,87,5.5504
1979,1,3,2,120,5.1415
1979,1,3,3,142,4.5315
1979,1,3,4,157,3.9323
1979,1,3,5,168,3.5296
1979,2,1,1,579,-2.4858
1979,2,1,2,261,-0.8069
1979,2,1,3,296,-2.2676
1979,2,1,4,229,-3.6640
1979,2,1,5,451,-3.0594
1979,2,2,1,102,-2.4135
1979,2,2,2,97,-1.7118
1979,2,2,3,96,-2.5380
1979,2,2,4,110,-3.3981
1979,2,2,5,174,-3.0402
1979,2,3,1,87,-2.5704
1979,2,3,2,120,-2.6841
1979,2,3,3,141,-2.3474
1979,2,3,4,155,-3.7349
1979,2,3,5,168,-3.2601
1979,3,1,1,572,7.3933
1979,3,1,2,260,9.2914
1979,3,1,3,295,7.7940
1979,3,1,4,229,8.8192
1979,3,1,5,450,10.9449
1979,3,2,1,102,9.3917
1979,3,2,2,97,10.3023
1979,3,2,3,95,9.5297
1979,3,2,4,107,9.9302
1979,3,2,5,172,11.2323
1979,3,3,1,86,6.1644
1979,3,3,2,119,6.0435
1979,3,3,3,140,4.5639
1979,3,3,4,155,5.5400
1979,3,3,5,167,7.5610
1979,4,1,1,570,2.9908
1979,4,1,2,259,2.5770
1979,4,1,3,294,4.6147
1979,4,1,4,226,1.0770
1979,4,1,5,449,3.0323
1979,4,2,1,101,2.8132
1979,4,2,2,97,2.5714
1979,4,2,3,95,1.3703
1979,4,2,4,107,3.0045
1979,4,2,5,171,1.8116
1979,4,3,1,86,-0.6754
1979,4,3,2,120,0.7229
1979,4,3,3,140,-0.6012
1979,4,3,4,155,0.5514
1979,4,3,5,167,1.6622
1979,5,1,1,570,-0.1509
1979,5,1,2,258,-1.5837
1979,5,1,3,290,-1.9811
1979,5,1,4,225,-0.8332
1979,5,1,5,446,-1.9283
1979,5,2,1,100,-0.0144
1979,5,2,2,97,0.0155
1979,5,2,3,93,-0.8655
1979,5,2,4,106,-2.1881
1979,5,2,5,171,-2.5662
1979,5,3,1,86,-1.7855
1979,5,3,2,120,-2.2102
1979,5,3,3,140,-1.0035
1979,5,3,4,155,-1.5580
1979,5,3,5,167,-2.3117
1979,6,1,1,568,4.8347
1979,6,1,2,257,5.2101
1979,6,1,3,290,5.0937
1979,6,1,4,221,4.6997
1979,6,1,5,444,5.5788
1979,6,2,1,99,7.0105
1979,6,2,2,97,5.4517
1979,6,2,3,92,4.5795
1979,6,2,4,106,4.3751
1979,6,2,5,171,5.0235
1979,6,3,1,86,0.6076
1979,6,3,2,119,5.6477
1979,6,3,3,139,3.4926
1979,6,3,4,155,3.4815
1979,6,3,5,167,6.2651
1979,7,1,1,549,2.4488
1979,7,1,2,245,2.8009
1979,7,1,3,264,1.9897
1979,7,1,4,280,2.8984
1979,7,1,5,475,2.6791
1979,7,2,1,107,2.5687
1979,7,2,2,88,3.3826
1979,7,2,3,86,2.9414
1979,7,2,4,99,4.5105
1979,7,2,5,211,2.6837
1979,7,3,1,85,2.1166
1979,7,3,2,131,1.9469
1979,7,3,3,164,0.1553
1979,7,3,4,150,0.5343
1979,7,3,5,144,2.3039
1979,8,1,1,546,6.3504
1979,8,1,2,245,7.7960
1979,8,1,3,262,7.5587
1979,8,1,4,276,8.3798
1979,8,1,5,473,9.6413
1979,8,2,1,106,7.2385
1979,8,2,2,88,7.5152
1979,8,2,3,85,9.5587
1979,8,2,4,96,8.6421
1979,8,2,5,208,8.8282
1979,8,3,1,85,6.2813
1979,8,3,2,130,5.1166
1979,8,3,3,164,5.6744
1979,8,3,4,149,6.7721
1979,8,3,5,144,8.1251
1979,9,1,1,540,-0.5568
1979,9,1,2,240,-0.7725
1979,9,1,3,260,-0.2813
1979,9,1,4,273,0.0477
1979,9,1,5,473,-1.0468
1979,9,2,1,106,-0.6680
1979,9,2,2,88,-0.5566
1979,9,2,3,84,-1.5665
1979,9,2,4,96,-0.2392
1979,9,2,5,208,1.9077
1979,9,3,1,85,1.3545
1979,9,3,2,128,0.8142
1979,9,3,3,164,-0.8034
1979,9,3,4,149,0.0904
1979,9,3,5,144,-0.4292
1979,10,1,1,534,-10.7793
1979,10,1,2,240,-11.5746
1979,10,1,3,260,-10.1991
1979,10,1,4,268,-9.0973
1979,10,1,5,472,-10.9827
1979,10,2,1,106,-12.3635
1979,10,2,2,88,-10.0191
1979,10,2,3,84,-9.5198
1979,10,2,4,96,-10.0829
1979,10,2,5,205,-8.7930
1979,10,3,1,85,-5.6306
1979,10,3,2,128,-5.0074
1979,10,3,3,163,-6.4881
1979,10,3,4,148,-7.4965
1979,10,3,5,144,-7.1498
1979,11,1,1,533,7.7412
1979,11,1,2,239,7.2695
1979,11,1,3,258,7.8781
1979,11,1,4,269,6.5618
1979,11,1,5,471,9.3154
1979,11,2,1,106,9.6846
1979,11,2,2,88,7.9420
1979,11,2,3,84,7.2609
1979,11,2,4,96,6.7363
1979,11,2,5,206,11.0949
1979,11,3,1,85,7.5092
1979,11,3,2,128,5.4623
1979,11,3,3,163,5.4344
1979,11,3,4,148,4.1010
1979,11,3,5,144,7.2002
1979,12,1,1,531,7.3364
1979,12,1,2,237,7.3288
1979,12,1,3,257,8.8843
1979,12,1,4,267,7.9998
1979,12,1,5,467,7.4220
1979,12,2,1,106,5.8504
1979,12,2,2,88,7.8738
1979,12,2,3,84,5.9474
1979,12,2,4,96,5.7527
1979,12,2,5,204,5.8166
1979,12,3,1,85,1.8404
1979,12,3,2,128,0.4339
1979,12,3,3,162,3.1157
1979,12,3,4,147,2.1648
1979,12,3,5,144,3.3861
1980,1,1,1,522,12.3098
1980,1,1,2,235,9.1438
1980,1,1,3,257,9.7033
1980,1,1,4,266,9.8113
1980,1,1,5,465,11.9968
1980,1,2,1,106,9.9862
1980,1,2,2,87,5.2221
1980,1,2,3,83,6.3112
1980,1,2,4,96,6.2234
1980,1,2,5,201,7.7864
1980,1,3,1,85,10.7449
1980,1,3,2,128,5.4567
1980,1,3,3,161,6.4272
1980,1,3,4,146,5.2142
1980,1,3,5,144,5.7316
1980,2,1,1,518,-0.4913
1980,2,1,2,231,-2.9545
1980,2,1,3,255,-1.2840
1980,2,1,4,260,-1.6251
1980,2,1,5,460,-0.3279
1980,2,2,1,105,-0.2140
1980,2,2,2,87,-0.1097
1980,2,2,3,83,-2.1612
1980,2,2,4,95,-2.6028
1980,2,2,5,200,-2.1779
1980,2,3,1,84,2.9059
1980,2,3,2,127,6.0193
1980,2,3,3,159,-2.1979
1980,2,3,4,145,-3.5515
1980,2,3,5,144,-2.1940
1980,3,1,1,515,-20.5533
1980,3,1,2,230,-17.9220
1980,3,1,3,253,-16.3372
1980,3,1,4,259,-17.2841
1980,3,1,5,459,-20.5288
1980,3,2,1,105,-18.2895
1980,3,2,2,87,-17.2225
1980,3,2,3,83,-17.4409
1980,3,2,4,93,-16.5730
1980,3,2,5,199,-18.2280
1980,3,3,1,84,-12.8036
1980,3,3,2,127,-10.9948
1980,3,3,3,159,-11.6600
1980,3,3,4,145,-7.6906
1980,3,3,5,143,-10.5335
1980,4,1,1,508,7.0144
1980,4,1,2,228,7.4138
1980,4,1,3,252,5.9250
1980,4,1,4,258,5.2313
1980,4,1,5,458,6.2133
1980,4,2,1,105,5.2948
1980,4,2,2,87,5.9677
1980,4,2,3,83,5.6571
1980,4,2,4,93,5.6907
1980,4,2,5,199,5.7269
1980,4,3,1,83,5.0654
1980,4,3,2,127,6.5825
1980,4,3,3,159,4.0501
1980,4,3,4,144,3.7875
1980,4,3,5,143,4.0545
1980,5,1,1,506,6.0695
1980,5,1,2,227,5.8667
1980,5,1,3,253,4.9760
1980,5,1,4,258,7.9716
1980,5,1,5,458,7.5280
1980,5,2,1,105,7.4116
1980,5,2,2,86,7.5494
1980,5,2,3,82,8.6847
1980,5,2,4,92,7.5834
1980,5,2,5,197,9.1031
1980,5,3,1,84,6.4732
1980,5,3,2,127,4.6288
1980,5,3,3,159,5.4947
1980,5,3,4,144,5.4351
1980,5,3,5,143,6.5037
1980,6,1,1,503,4.4614
1980,6,1,2,227,3.7445
1980,6,1,3,251,5.5743
1980,6,1,4,256,3.7577
1980,6,1,5,455,3.8492
1980,6,2,1,104,4.0202
1980,6,2,2,86,2.9758
1980,6,2,3,83,3.6866
1980,6,2,4,91,4.0913
1980,6,2,5,196,5.5031
1980,6,3,1,84,2.9005
1980,6,3,2,127,2.5490
1980,6,3,3,159,3.8917
1980,6,3,4,144,2.9884
1980,6,3,5,142,2.5491
1980,7,1,1,551,8.9341
1980,7,1,2,278,8.8831
1980,7,1,3,254,11.2042
1980,7,1,4,222,11.3864
1980,7,1,5,411,13.3089
1980,7,2,1,114,8.6225
1980,7,2,2,95,7.8103
1980,7,2,3,100,9.1061
1980,7,2,4,128,13.0100
1980,7,2,5,200,12.9592
1980,7,3,1,83,6.9945
1980,7,3,2,128,3.8969
1980,7,3,3,150,5.6926
1980,7,3,4,148,7.7819
1980,7,3,5,159,11.2928
1980,8,1,1,550,7.0232
1980,8,1,2,278,9.2203
1980,8,1,3,254,7.3243
1980,8,1,4,219,9.9647
1980,8,1,5,411,9.5792
1980,8,2,1,111,5.6137
1980,8,2,2,95,3.6081
1980,8,2,3,99,4.8416
1980,8,2,4,128,5.1374
1980,8,2,5,200,7.3854
1980,8,3,1,83,2.8208
1980,8,3,2,128,-0.3779
1980,8,3,3,150,2.3641
1980,8,3,4,148,1.2743
1980,8,3,5,159,2.8815
1980,9,1,1,547,3.7080
1980,9,1,2,276,3.2825
1980,9,1,3,254,2.3701
1980,9,1,4,220,1.0418
1980,9,1,5,408,5.0410
1980,9,2,1,110,0.6587
1980,9,2,2,95,2.3027
1980,9,2,3,99,4.2993
1980,9,2,4,129,3.5775
1980,9,2,5,198,5.3379
1980,9,3,1,83,1.6906
1980,9,3,2,127,1.0531
1980,9,3,3,150,0.5514
1980,9,3,4,148,4.1709
1980,9,3,5,159,7.1540
1980,10,1,1,543,4.3110
1980,10,1,2,273,2.8510
1980,10,1,3,251,4.2852
1980,10,1,4,218,4.8163
1980,10,1,5,405,7.0641
1980,10,2,1,109,4.5461
1980,10,2,2,94,1.8356
1980,10,2,3,97,4.2574
1980,10,2,4,129,4.5446
1980,10,2,5,196,3.5190
1980,10,3,1,83,1.6087
1980,10,3,2,126,3.8351
1980,10,3,3,150,2.3119
1980,10,3,4,147,1.7494
1980,10,3,5,159,1.4013
1980,11,1,1,543,5.7552
1980,11,1,2,272,4.8822
1980,11,1,3,249,3.8357
1980,11,1,4,217,7.4989
1980,11,1,5,406,10.8074
1980,11,2,1,110,10.6479
1980,11,2,2,93,4.1963
1980,11,2,3,96,7.6170
1980,11,2,4,128,6.0257
1980,11,2,5,196,9.9774
1980,11,3,1,82,12.0303
1980,11,3,2,125,6.7151
1980,11,3,3,150,11.0144
1980,11,3,4,147,12.8285
1980,11,3,5,159,14.8667
1980,12,1,1,538,-5.3783
1980,12,1,2,269,-5.6738
1980,12,1,3,249,-4.2426
1980,12,1,4,216,-3.2122
1980,12,1,5,402,-5.2919
1980,12,2,1,110,-4.8076
1980,12,2,2,92,-0.5801
1980,12,2,3,97,-4.5554
1980,12,2,4,127,-3.8641
1980,12,2,5,193,-3.1129
1980,12,3,1,82,-3.0053
1980,12,3,2,125,-3.4367
1980,12,3,3,149,-4.0619
1980,12,3,4,147,-3.9287
1980,12,3,5,159,-3.5233
1981,1,1,1,536,1.8213
1981,1,1,2,269,2.2922
1981,1,1,3,246,0.3178
1981,1,1,4,214,-0.3750
1981,1,1,5,401,-3.3404
1981,1,2,1,109,-1.4275
1981,1,2,2,92,0.7759
1981,1,2,3,97,0.9000
1981,1,2,4,127,-1.2651
1981,1,2,5,192,-2.3091
1981,1,3,1,81,-3.8518
1981,1,3,2,125,-1.9932
1981,1,3,3,149,-2.1708
1981,1,3,4,146,-6.7879
1981,1,3,5,159,-7.2329
1981,2,1,1,525,-0.3323
1981,2,1,2,268,1.8559
1981,2,1,3,246,0.8747
1981,2,1,4,213,1.6183
1981,2,1,5,397,-1.8712
1981,2,2,1,110,2.0943
1981,2,2,2,92,2.1029
1981,2,2,3,97,0.3306
1981,2,2,4,125,2.4630
1981,2,2,5,192,1.4443
1981,2,3,1,81,0.5082
1981,2,3,2,125,1.5503
1981,2,3,3,149,2.4737
1981,2,3,4,145,1.9495
1981,2,3,5,159,2.0875
1981,3,1,1,519,6.7713
1981,3,1,2,266,8.6935
1981,3,1,3,244,7.9007
1981,3,1,4,213,9.6524
1981,3,1,5,393,9.5769
1981,3,2,1,108,4.4241
1981,3,2,2,92,7.4735
1981,3,2,3,96,9.4446
1981,3,2,4,124,6.3810
1981,3,2,5,191,8.6515
1981,3,3,1,79,6.7409
1981,3,3,2,125,5.6412
1981,3,3,3,149,1.5247
1981,3,3,4,145,3.4027
1981,3,3,5,159,6.6847
1981,4,1,1,518,3.9812
1981,4,1,2,266,3.8196
1981,4,1,3,244,4.4208
1981,4,1,4,212,5.1731
1981,4,1,5,389,3.7685
1981,4,2,1,106,0.8692
1981,4,2,2,90,2.7658
1981,4,2,3,95,-0.0198
1981,4,2,4,124,1.5862
1981,4,2,5,190,3.2187
1981,4,3,1,80,-3.4865
1981,4,3,2,124,-2.0000
1981,4,3,3,148,0.0135
1981,4,3,4,144,-4.7182
1981,4,3,5,159,-0.2801
1981,5,1,1,514,2.7064
1981,5,1,2,264,5.7545
1981,5,1,3,242,3.7900
1981,5,1,4,209,3.1961
1981,5,1,5,391,5.5901
1981,5,2,1,106,3.3943
1981,5,2,2,90,2.3926
1981,5,2,3,94,3.8268
1981,5,2,4,124,2.4732
1981,5,2,5,189,4.1951
1981,5,3,1,79,-0.0442
1981,5,3,2,125,1.1597
1981,5,3,3,147,0.0390
1981,5,3,4,145,-0.8506
1981,5,3,5,156,1.9411
1981,6,1,1,512,-1.3524
1981,6,1,2,263,0.4711
1981,6,1,3,240,1.2591
1981,6,1,4,209,0.1333
1981,6,1,5,390,-4.5923
1981,6,2,1,103,-2.2665
1981,6,2,2,90,-0.8977
1981,6,2,3,94,-1.8058
1981,6,2,4,122,-2.1953
1981,6,2,5,189,-4.6607
1981,6,3,1,79,-1.9680
1981,6,3,2,125,1.7204
1981,6,3,3,147,0.0874
1981,6,3,4,143,0.1703
1981,6,3,5,156,-5.0882
1981,7,1,1,627,-3.0894
1981,7,1,2,283,-1.7274
1981,7,1,3,231,-3.0531
1981,7,1,4,279,-2.7034
1981,7,1,5,396,-3.3876
1981,7,2,1,108,-1.5885
1981,7,2,2,96,-1.5359
1981,7,2,3,104,-1.9381
1981,7,2,4,110,-2.5681
1981,7,2,5,191,-1.6741
1981,7,3,1,63,-2.4217
1981,7,3,2,118,-2.0866
1981,7,3,3,137,0.3537
1981,7,3,4,162,1.4240
1981,7,3,5,181,2.7878
1981,8,1,1,620,-7.4721
1981,8,1,2,281,-6.8485
1981,8,1,3,231,-7.4718
1981,8,1,4,278,-8.0093
1981,8,1,5,396,-11.4579
1981,8,2,1,107,-7.9354
1981,8,2,2,95,-4.2713
1981,8,2,3,104,-5.4337
1981,8,2,4,109,-7.4624
1981,8,2,5,190,-9.0294
1981,8,3,1,63,-6.6610
1981,8,3,2,117,-3.1572
1981,8,3,3,136,-4.6691
1981,8,3,4,162,-5.7861
1981,8,3,5,181,-7.6421
1981,9,1,1,618,-8.0941
1981,9,1,2,279,-8.2568
1981,9,1,3,227,-7.3163
1981,9,1,4,275,-8.7068
1981,9,1,5,392,-11.6194
1981,9,2,1,106,-10.1795
1981,9,2,2,96,-4.7457
1981,9,2,3,104,-6.7920
1981,9,2,4,109,-6.2386
1981,9,2,5,190,-9.1949
1981,9,3,1,63,-5.4277
1981,9,3,2,117,-1.5497
1981,9,3,3,135,-5.0737
1981,9,3,4,160,-6.2792
1981,9,3,5,179,-9.1383
1981,10,1,1,599,7.0815
1981,10,1,2,278,6.9180
1981,10,1,3,227,9.4416
1981,10,1,4,274,8.7052
1981,10,1,5,389,9.3533
1981,10,2,1,106,6.1390
1981,10,2,2,95,6.7830
1981,10,2,3,104,7.4966
1981,10,2,4,109,6.4819
1981,10,2,5,189,8.6141
1981,10,3,1,63,-2.6658
1981,10,3,2,117,3.6252
1981,10,3,3,135,4.1643
1981,10,3,4,160,6.8119
1981,10,3,5,178,9.5862
1981,11,1,1,600,1.8629
1981,11,1,2,278,3.4103
1981,11,1,3,228,2.5384
1981,11,1,4,273,1.8123
1981,11,1,5,390,-0.0647
1981,11,2,1,104,2.6268
1981,11,2,2,95,4.8799
1981,11,2,3,104,4.5650
1981,11,2,4,109,4.1477
1981,11,2,5,188,0.9290
1981,11,3,1,62,6.1932
1981,11,3,2,117,3.9600
1981,11,3,3,134,5.9794
1981,11,3,4,160,4.4729
1981,11,3,5,177,2.7184
1981,12,1,1,599,-2.7129
1981,12,1,2,276,-0.6304
1981,12,1,3,226,-0.9921
1981,12,1,4,271,-0.9260
1981,12,1,5,388,-2.5717
1981,12,2,1,104,-2.3193
1981,12,2,2,95,-0.2818
1981,12,2,3,104,-0.8377
1981,12,2,4,107,-1.1380
1981,12,2,5,188,-2.0685
1981,12,3,1,62,-1.0730
1981,12,3,2,116,-2.4371
1981,12,3,3,135,-1.9383
1981,12,3,4,160,-3.1682
1981,12,3,5,177,-3.5162
1982,1,1,1,595,-0.4159
1982,1,1,2,272,-1.9380
1982,1,1,3,225,-0.6188
1982,1,1,4,270,-1.1252
1982,1,1,5,386,-3.3532
1982,1,2,1,103,-1.7932
1982,1,2,2,95,-2.0691
1982,1,2,3,103,-4.3183
1982,1,2,4,107,-4.5572
1982,1,2,5,187,-6.0525
1982,1,3,1,62,0.3079
1982,1,3,2,116,0.1662
1982,1,3,3,134,-0.9976
1982,1,3,4,160,-3.4262
1982,1,3,5,176,-4.1214
1982,2,1,1,594,-3.8135
1982,2,1,2,270,-1.8553
1982,2,1,3,223,-2.1916
1982,2,1,4,267,-3.6043
1982,2,1,5,387,-6.3562
1982,2,2,1,103,-4.3884
1982,2,2,2,94,-1.8472
1982,2,2,3,104,-3.3249
1982,2,2,4,107,-3.7265
1982,2,2,5,187,-7.8341
1982,2,3,1,62,-0.9384
1982,2,3,2,115,-2.8431
1982,2,3,3,133,-3.7580
1982,2,3,4,160,-6.3866
1982,2,3,5,176,-8.4911
1982,3,1,1,588,-0.3872
1982,3,1,2,266,0.8801
1982,3,1,3,224,-0.6815
1982,3,1,4,266,-0.9033
1982,3,1,5,384,-2.8496
1982,3,2,1,102,1.7677
1982,3,2,2,95,2.8565
1982,3,2,3,103,0.6777
1982,3,2,4,107,-1.0168
1982,3,2,5,186,-3.4281
1982,3,3,1,62,2.3159
1982,3,3,2,115,2.1458
1982,3,3,3,133,-1.1555
1982,3,3,4,160,-0.8637
1982,3,3,5,176,-3.4145
1982,4,1,1,579,4.8000
1982,4,1,2,267,4.9077
1982,4,1,3,222,4.9380
1982,4,1,4,265,6.2954
1982,4,1,5,381,8.5324
1982,4,2,1,101,5.8441
1982,4,2,2,94,4.4088
1982,4,2,3,101,6.1473
1982,4,2,4,106,5.2164
1982,4,2,5,186,6.3782
1982,4,3,1,62,2.9646
1982,4,3,2,115,2.3114
1982,4,3,3,132,6.2628
1982,4,3,4,159,3.7451
1982,4,3,5,175,6.0045
1982,5,1,1,573,-1.2929
1982,5,1,2,267,-1.5607
1982,5,1,3,218,-1.5464
1982,5,1,4,263,-1.6056
1982,5,1,5,379,-1.7414
1982,5,2,1,100,-4.4127
1982,5,2,2,94,-2.1553
1982,5,2,3,101,-1.7277
1982,5,2,4,106,-1.7986
1982,5,2,5,186,-4.0860
1982,5,3,1,61,-1.5429
1982,5,3,2,115,-2.2119
1982,5,3,3,132,-2.5384
1982,5,3,4,159,-1.9350
1982,5,3,5,173,-4.2957
1982,6,1,1,568,-2.0705
1982,6,1,2,263,-1.4794
1982,6,1,3,215,-0.9585
1982,6,1,4,261,-2.2941
1982,6,1,5,378,-3.8504
1982,6,2,1,99,1.0196
1982,6,2,2,94,0.4157
1982,6,2,3,101,-1.2649
1982,6,2,4,106,-1.1645
1982,6,2,5,186,-4.6977
1982,6,3,1,61,1.5361
1982,6,3,2,115,-1.9755
1982,6,3,3,132,-2.5454
1982,6,3,4,158,-0.8669
1982,6,3,5,174,-4.2985
1982,7,1,1,570,-0.6735
1982,7,1,2,282,-0.2507
1982,7,1,3,208,-0.5208
1982,7,1,4,269,-2.1335
1982,7,1,5,533,-2.5683
1982,7,2,1,113,-1.2900
1982,7,2,2,78,-1.3253
1982,7,2,3,82,0.7771
1982,7,2,4,113,-0.7899
1982,7,2,5,191,-2.9905
1982,7,3,1,67,-1.9105
1982,7,3,2,122,-1.9621
1982,7,3,3,147,-0.4761
1982,7,3,4,148,-2.3434
1982,7,3,5,162,-4.8748
1982,8,1,1,563,3.8755
1982,8,1,2,279,6.0402
1982,8,1,3,206,6.0075
1982,8,1,4,268,7.0678
1982,8,1,5,527,6.3063
1982,8,2,1,113,9.9080
1982,8,2,2,77,8.5331
1982,8,2,3,82,9.6139
1982,8,2,4,112,9.9133
1982,8,2,5,189,9.9155
1982,8,3,1,66,14.7951
1982,8,3,2,121,12.9653
1982,8,3,3,146,12.4304
1982,8,3,4,148,11.6174
1982,8,3,5,161,13.0482
1982,9,1,1,561,3.2109
1982,9,1,2,278,3.5174
1982,9,1,3,207,4.0924
1982,9,1,4,269,4.3863
1982,9,1,5,529,2.3100
1982,9,2,1,113,1.7143
1982,9,2,2,77,4.0510
1982,9,2,3,82,3.7890
1982,9,2,4,111,4.9685
1982,9,2,5,188,1.9804
1982,9,3,1,66,-0.1398
1982,9,3,2,121,1.1694
1982,9,3,3,145,0.9488
1982,9,3,4,148,1.4021
1982,9,3,5,161,0.3966
1982,10,1,1,551,11.5797
1982,10,1,2,278,11.5727
1982,10,1,3,205,12.5493
1982,10,1,4,268,13.2816
1982,10,1,5,524,15.8862
1982,10,2,1,109,13.3545
1982,10,2,2,77,8.1972
1982,10,2,3,82,12.7636
1982,10,2,4,111,13.7828
1982,10,2,5,186,13.7397
1982,10,3,1,66,16.4488
1982,10,3,2,121,9.3541
1982,10,3,3,144,8.5669
1982,10,3,4,148,9.0701
1982,10,3,5,161,16.1641
1982,11,1,1,548,9.4226
1982,11,1,2,277,9.2787
1982,11,1,3,202,11.0299
1982,11,1,4,266,9.1595
1982,11,1,5,523,9.4490
1982,11,2,1,107,9.3107
1982,11,2,2,77,6.3664
1982,11,2,3,82,8.2840
1982,11,2,4,111,8.0891
1982,11,2,5,184,8.8754
1982,11,3,1,66,6.6628
1982,11,3,2,121,4.0794
1982,11,3,3,144,4.0071
1982,11,3,4,147,2.5321
1982,11,3,5,161,7.2751
1982,12,1,1,542,2.9245
1982,12,1,2,275,1.4846
1982,12,1,3,204,3.4067
1982,12,1,4,264,2.3061
1982,12,1,5,520,1.5635
1982,12,2,1,107,1.1282
1982,12,2,2,77,2.8578
1982,12,2,3,81,0.4838
1982,12,2,4,111,0.9867
1982,12,2,5,183,1.7599
1982,12,3,1,65,1.4908
1982,12,3,2,121,2.2604
1982,12,3,3,144,0.0592
1982,12,3,4,147,3.6446
1982,12,3,5,161,0.6929
1983,1,1,1,541,11.2402
1983,1,1,2,274,6.8127
1983,1,1,3,204,7.3701
1983,1,1,4,264,10.2966
1983,1,1,5,515,10.4647
1983,1,2,1,106,5.0198
1983,1,2,2,76,4.1104
1983,1,2,3,81,6.3114
1983,1,2,4,110,4.6033
1983,1,2,5,183,9.6033
1983,1,3,1,63,2.9982
1983,1,3,2,121,4.2563
1983,1,3,3,144,6.4382
1983,1,3,4,147,2.3092
1983,1,3,5,161,4.5737
1983,2,1,1,534,6.3321
1983,2,1,2,271,7.5681
1983,2,1,3,199,6.5063
1983,2,1,4,260,6.8490
1983,2,1,5,511,3.9079
1983,2,2,1,104,6.1860
1983,2,2,2,76,7.3258
1983,2,2,3,81,5.7756
1983,2,2,4,108,7.1564
1983,2,2,5,183,3.4669
1983,2,3,1,63,3.0206
1983,2,3,2,121,3.2319
1983,2,3,3,144,1.7923
1983,2,3,4,146,2.6710
1983,2,3,5,160,2.8351
1983,3,1,1,529,7.0847
1983,3,1,2,271,5.8034
1983,3,1,3,200,6.6428
1983,3,1,4,255,5.1062
1983,3,1,5,507,3.7375
1983,3,2,1,104,6.2190
1983,3,2,2,76,4.2407
1983,3,2,3,80,4.6100
1983,3,2,4,108,5.1906
1983,3,2,5,182,2.1470
1983,3,3,1,63,3.7494
1983,3,3,2,119,2.2960
1983,3,3,3,144,2.4206
1983,3,3,4,146,3.7159
1983,3,3,5,161,1.3272
1983,4,1,1,526,8.4825
1983,4,1,2,271,8.5659
1983,4,1,3,200,7.2583
1983,4,1,4,253,6.8239
1983,4,1,5,502,6.4894
1983,4,2,1,104,5.8293
1983,4,2,2,76,7.4929
1983,4,2,3,80,5.5004
1983,4,2,4,108,5.9679
1983,4,2,5,181,8.0723
1983,4,3,1,63,10.1128
1983,4,3,2,118,6.3031
1983,4,3,3,144,6.3708
1983,4,3,4,145,8.2043
1983,4,3,5,161,4.1468
1983,5,1,1,520,10.5584
1983,5,1,2,269,9.6629
1983,5,1,3,199,8.6468
1983,5,1,4,253,9.1512
1983,5,1,5,501,11.9786
1983,5,2,1,104,6.6748
1983,5,2,2,76,5.8244
1983,5,2,3,81,3.6091
1983,5,2,4,108,4.9744
1983,5,2,5,181,5.8147
1983,5,3,1,63,-0.7784
1983,5,3,2,118,-0.8616
1983,5,3,3,144,-0.2217
1983,5,3,4,145,-1.5726
1983,5,3,5,161,4.8275
1983,6,1,1,513,5.9877
1983,6,1,2,269,3.7009
1983,6,1,3,198,2.9962
1983,6,1,4,252,8.0052
1983,6,1,5,501,2.7516
1983,6,2,1,104,4.4988
1983,6,2,2,75,4.6103
1983,6,2,3,81,5.3278
1983,6,2,4,108,7.2113
1983,6,2,5,180,7.6261
1983,6,3,1,63,6.3254
1983,6,3,2,117,2.1319
1983,6,3,3,144,1.4769
1983,6,3,4,145,5.3541
1983,6,3,5,161,5.4013
1983,7,1,1,640,-1.2295
1983,7,1,2,362,-1.1032
1983,7,1,3,249,-1.8953
1983,7,1,4,276,-2.9574
1983,7,1,5,523,-3.8781
1983,7,2,1,89,-2.9272
1983,7,2,2,90,-2.1023
1983,7,2,3,101,-0.0841
1983,7,2,4,114,-1.9966
1983,7,2,5,199,-4.9305
1983,7,3,1,75,-3.3223
1983,7,3,2,111,-1.1129
1983,7,3,3,138,-2.4264
1983,7,3,4,145,-3.2178
1983,7,3,5,180,-6.1205
1983,8,1,1,635,-4.7377
1983,8,1,2,358,-2.9575
1983,8,1,3,249,-3.2181
1983,8,1,4,276,-2.8155
1983,8,1,5,521,-3.9622
1983,8,2,1,89,-4.2119
1983,8,2,2,90,-3.2563
1983,8,2,3,101,-1.3080
1983,8,2,4,114,-2.3307
1983,8,2,5,199,-4.2723
1983,8,3,1,75,-0.8017
1983,8,3,2,111,3.9451
1983,8,3,3,138,2.4627
1983,8,3,4,144,1.4941
1983,8,3,5,180,-1.1141
1983,9,1,1,630,-1.8791
1983,9,1,2,355,1.2839
1983,9,1,3,247,1.3263
1983,9,1,4,276,2.3330
1983,9,1,5,518,-2.4008
1983,9,2,1,87,3.3936
1983,9,2,2,89,2.1219
1983,9,2,3,101,4.5678
1983,9,2,4,114,1.7876
1983,9,2,5,198,1.9050
1983,9,3,1,75,2.6918
1983,9,3,2,111,-0.4428
1983,9,3,3,138,1.6321
1983,9,3,4,144,3.1253
1983,9,3,5,179,1.7989
1983,10,1,1,625,-6.8201
1983,10,1,2,355,-5.4788
1983,10,1,3,245,-4.2428
1983,10,1,4,274,-4.0206
1983,10,1,5,515,-8.6359
1983,10,2,1,87,-5.8606
1983,10,2,2,89,-3.7601
1983,10,2,3,101,-3.2022
1983,10,2,4,114,-6.5829
1983,10,2,5,196,-7.7091
1983,10,3,1,74,-1.1598
1983,10,3,2,110,-0.1307
1983,10,3,3,138,-0.3431
1983,10,3,4,143,-1.3912
1983,10,3,5,179,-4.8453
1983,11,1,1,620,3.1139
1983,11,1,2,354,4.4902
1983,11,1,3,241,5.7363
1983,11,1,4,273,3.7760
1983,11,1,5,514,1.6758
1983,11,2,1,87,5.0195
1983,11,2,2,88,6.5073
1983,11,2,3,100,5.0278
1983,11,2,4,114,6.0755
1983,11,2,5,194,4.9851
1983,11,3,1,74,5.9164
1983,11,3,2,110,2.5111
1983,11,3,3,138,1.7619
1983,11,3,4,142,0.8958
1983,11,3,5,179,3.2506
1983,12,1,1,616,-1.0553
1983,12,1,2,351,-1.0897
1983,12,1,3,242,-2.0030
1983,12,1,4,273,-0.6492
1983,12,1,5,513,-3.3383
1983,12,2,1,87,0.5789
1983,12,2,2,88,-0.3890
1983,12,2,3,99,-1.5292
1983,12,2,4,114,-2.3358
1983,12,2,5,194,-2.2322
1983,12,3,1,74,1.0884
1983,12,3,2,110,-0.6479
1983,12,3,3,138,-0.0718
1983,12,3,4,142,-1.0260
1983,12,3,5,179,-1.2560
1984,1,1,1,612,0.5008
1984,1,1,2,348,0.6529
1984,1,1,3,241,-0.5482
1984,1,1,4,271,-1.0347
1984,1,1,5,509,-0.8445
1984,1,2,1,87,-1.2629
1984,1,2,2,88,-2.4989
1984,1,2,3,99,-1.0387
1984,1,2,4,113,-3.1518
1984,1,2,5,194,-4.4890
1984,1,3,1,74,-2.2994
1984,1,3,2,110,-0.4019
1984,1,3,3,135,1.1713
1984,1,3,4,142,-0.5123
1984,1,3,5,178,-4.0094
1984,2,1,1,603,-5.9653
1984,2,1,2,345,-5.1562
1984,2,1,3,238,-6.1584
1984,2,1,4,266,-5.9353
1984,2,1,5,505,-6.3290
1984,2,2,1,86,-5.7515
1984,2,2,2,88,-4.8593
1984,2,2,3,99,-3.1184
1984,2,2,4,113,-4.4508
1984,2,2,5,194,-6.5641
1984,2,3,1,74,-5.7729
1984,2,3,2,110,-3.4884
1984,2,3,3,134,-1.8583
1984,2,3,4,142,-3.0216
1984,2,3,5,178,-5.2461
1984,3,1,1,592,0.8511
1984,3,1,2,340,0.9612
1984,3,1,3,237,3.4198
1984,3,1,4,267,1.3177
1984,3,1,5,503,-0.6141
1984,3,2,1,86,3.3667
1984,3,2,2,87,1.4640
1984,3,2,3,98,0.1888
1984,3,2,4,112,1.4307
1984,3,2,5,190,1.0333
1984,3,3,1,74,4.2662
1984,3,3,2,110,3.1988
1984,3,3,3,133,1.1374
1984,3,3,4,141,1.2192
1984,3,3,5,178,-0.0566
1984,4,1,1,591,-2.4602
1984,4,1,2,341,-0.5508
1984,4,1,3,238,-1.1624
1984,4,1,4,267,-0.4495
1984,4,1,5,499,-2.7994
1984,4,2,1,86,-0.4285
1984,4,2,2,85,0.4757
1984,4,2,3,97,0.2069
1984,4,2,4,111,-0.4175
1984,4,2,5,189,1.1484
1984,4,3,1,74,-1.5410
1984,4,3,2,110,1.6130
1984,4,3,3,133,1.6915
1984,4,3,4,141,0.5382
1984,4,3,5,178,0.6591
1984,5,1,1,588,-5.0756
1984,5,1,2,337,-5.5733
1984,5,1,3,237,-4.1276
1984,5,1,4,264,-4.1455
1984,5,1,5,498,-4.6072
1984,5,2,1,85,-6.7111
1984,5,2,2,85,-4.3550
1984,5,2,3,96,-3.3815
1984,5,2,4,110,-4.6919
1984,5,2,5,189,-6.1346
1984,5,3,1,74,-7.1609
1984,5,3,2,110,-6.5076
1984,5,3,3,133,-4.7581
1984,5,3,4,140,-3.3427
1984,5,3,5,178,-4.0829
1984,6,1,1,580,3.5444
1984,6,1,2,334,1.9850
1984,6,1,3,234,1.4933
1984,6,1,4,263,2.5126
1984,6,1,5,495,1.5275
1984,6,2,1,84,2.8656
1984,6,2,2,85,1.7560
1984,6,2,3,96,2.2958
1984,6,2,4,109,3.6861
1984,6,2,5,188,4.1366
1984,6,3,1,74,0.7896
1984,6,3,2,110,1.5133
1984,6,3,3,133,1.6603
1984,6,3,4,140,2.6004
1984,6,3,5,178,4.8648
1984,7,1,1,657,-5.9808
1984,7,1,2,330,-4.8564
1984,7,1,3,300,-2.9916
1984,7,1,4,243,-3.3925
1984,7,1,5,610,-6.4129
1984,7,2,1,92,-6.6186
1984,7,2,2,85,-3.8833
1984,7,2,3,90,-3.6691
1984,7,2,4,101,-3.3580
1984,7,2,5,204,-5.2891
1984,7,3,1,81,-4.8259
1984,7,3,2,117,-2.7986
1984,7,3,3,138,-1.7025
1984,7,3,4,145,-0.6847
1984,7,3,5,153,-0.0539
1984,8,1,1,646,8.4265
1984,8,1,2,325,9.2254
1984,8,1,3,298,9.5605
1984,8,1,4,243,8.8250
1984,8,1,5,607,12.2233
1984,8,2,1,92,12.7257
1984,8,2,2,85,10.6248
1984,8,2,3,90,11.5654
1984,8,2,4,98,13.1256
1984,8,2,5,204,14.6515
1984,8,3,1,80,12.8331
1984,8,3,2,116,11.6065
1984,8,3,3,136,9.1262
1984,8,3,4,145,9.9219
1984,8,3,5,153,12.9656
1984,9,1,1,638,-0.7827
1984,9,1,2,322,1.4060
1984,9,1,3,299,0.4814
1984,9,1,4,242,0.0809
1984,9,1,5,606,-2.8867
1984,9,2,1,92,-1.2499
1984,9,2,2,84,1.5275
1984,9,2,3,89,-0.3678
1984,9,2,4,98,0.7994
1984,9,2,5,204,-3.2832
1984,9,3,1,80,-0.2498
1984,9,3,2,116,-0.5255
1984,9,3,3,134,1.4604
1984,9,3,4,145,0.3145
1984,9,3,5,153,-2.5266
1984,10,1,1,619,-4.8478
1984,10,1,2,320,-2.8257
1984,10,1,3,296,-1.2803
1984,10,1,4,241,-1.0566
1984,10,1,5,602,-3.3885
1984,10,2,1,90,-1.9858
1984,10,2,2,84,-0.4229
1984,10,2,3,88,0.2902
1984,10,2,4,98,0.1668
1984,10,2,5,201,-2.7897
1984,10,3,1,78,-1.4234
1984,10,3,2,116,0.0451
1984,10,3,3,134,1.1690
1984,10,3,4,145,1.2919
1984,10,3,5,152,-0.3244
1984,11,1,1,606,-4.7816
1984,11,1,2,321,-2.6480
1984,11,1,3,292,-1.7741
1984,11,1,4,240,-2.2559
1984,11,1,5,595,-4.5654
1984,11,2,1,89,-3.5945
1984,11,2,2,84,0.7442
1984,11,2,3,88,-0.0512
1984,11,2,4,97,0.5534
1984,11,2,5,202,-3.7658
1984,11,3,1,78,-1.2411
1984,11,3,2,116,-0.1211
1984,11,3,3,133,0.1763
1984,11,3,4,144,-0.9100
1984,11,3,5,151,-3.1176
1984,12,1,1,591,-1.2029
1984,12,1,2,319,-0.3363
1984,12,1,3,288,0.7344
1984,12,1,4,239,0.5263
1984,12,1,5,589,1.7486
1984,12,2,1,89,1.5737
1984,12,2,2,84,1.1219
1984,12,2,3,87,1.8414
1984,12,2,4,96,2.4909
1984,12,2,5,202,3.6776
1984,12,3,1,76,0.5455
1984,12,3,2,115,2.6723
1984,12,3,3,133,1.9387
1984,12,3,4,143,2.4826
1984,12,3,5,150,2.3313
1985,1,1,1,587,10.8597
1985,1,1,2,315,10.7816
1985,1,1,3,287,10.4151
1985,1,1,4,237,12.0060
1985,1,1,5,586,14.6040
1985,1,2,1,89,11.4601
1985,1,2,2,84,9.4162
1985,1,2,3,87,8.4365
1985,1,2,4,95,9.1168
1985,1,2,5,202,14.1666
1985,1,3,1,76,7.6400
1985,1,3,2,115,6.5957
1985,1,3,3,133,5.4884
1985,1,3,4,142,7.5870
1985,1,3,5,149,11.3456
1985,2,1,1,579,4.0544
1985,2,1,2,311,3.0989
1985,2,1,3,285,3.0026
1985,2,1,4,236,4.3003
1985,2,1,5,582,3.8486
1985,2,2,1,89,0.7184
1985,2,2,2,83,0.8137
1985,2,2,3,86,2.4132
1985,2,2,4,94,3.2542
1985,2,2,5,201,2.1318
1985,2,3,1,76,2.7791
1985,2,3,2,114,0.3955
1985,2,3,3,133,3.1296
1985,2,3,4,141,1.8331
1985,2,3,5,149,0.2257
1985,3,1,1,571,-2.3076
1985,3,1,2,309,-0.4268
1985,3,1,3,283,-0.4041
1985,3,1,4,234,-1.0845
1985,3,1,5,577,-3.0610
1985,3,2,1,89,-2.0092
1985,3,2,2,80,0.6430
1985,3,2,3,86,-1.3766
1985,3,2,4,94,-1.0509
1985,3,2,5,198,-3.3002
1985,3,3,1,76,0.6153
1985,3,3,2,114,2.0145
1985,3,3,3,133,1.8104
1985,3,3,4,140,-0.3337
1985,3,3,5,149,-3.3661
1985,4,1,1,566,-2.8555
1985,4,1,2,305,0.5761
1985,4,1,3,283,0.2485
1985,4,1,4,233,-0.7762
1985,4,1,5,574,-2.8922
1985,4,2,1,89,-1.6455
1985,4,2,2,80,0.2251
1985,4,2,3,86,-0.9038
1985,4,2,4,93,-0.4634
1985,4,2,5,198,-3.0750
1985,4,3,1,76,-1.0945
1985,4,3,2,114,-0.2320
1985,4,3,3,133,0.1214
1985,4,3,4,140,-0.7841
1985,4,3,5,149,-1.6237
1985,5,1,1,560,0.6503
1985,5,1,2,304,3.3865
1985,5,1,3,282,2.0997
1985,5,1,4,232,4.2585
1985,5,1,5,572,3.1130
1985,5,2,1,89,3.7158
1985,5,2,2,79,3.2394
1985,5,2,3,86,3.1550
1985,5,2,4,93,4.6702
1985,5,2,5,197,4.8653
1985,5,3,1,76,7.2650
1985,5,3,2,114,5.0564
1985,5,3,3,133,5.3060
1985,5,3,4,140,6.8269
1985,5,3,5,149,5.8541
1985,6,1,1,551,-1.5030
1985,6,1,2,301,0.3335
1985,6,1,3,279,0.9020
1985,6,1,4,229,2.7554
1985,6,1,5,570,-0.5665
1985,6,2,1,87,0.3306
1985,6,2,2,76,1.2352
1985,6,2,3,86,1.2210
1985,6,2,4,90,3.2889
1985,6,2,5,197,1.2040
1985,6,3,1,76,1.6167
1985,6,3,2,113,1.7895
1985,6,3,3,132,1.8337
1985,6,3,4,140,2.3461
1985,6,3,5,149,0.9937
1985,7,1,1,688,2.8574
1985,7,1,2,264,2.4486
1985,7,1,3,228,3.5233
1985,7,1,4,336,3.5378
1985,7,1,5,692,2.1363
1985,7,2,1,85,3.9594
1985,7,2,2,83,1.3072
1985,7,2,3,96,1.5730
1985,7,2,4,124,3.6417
1985,7,2,5,208,3.1363
1985,7,3,1,94,-1.3444
1985,7,3,2,118,-0.0760
1985,7,3,3,140,-1.0473
1985,7,3,4,140,0.9985
1985,7,3,5,144,0.7822
1985,8,1,1,681,-1.2966
1985,8,1,2,261,1.0996
1985,8,1,3,226,-0.4826
1985,8,1,4,333,-0.5525
1985,8,1,5,687,-1.6008
1985,8,2,1,85,-0.3794
1985,8,2,2,82,0.4635
1985,8,2,3,96,-0.7026
1985,8,2,4,124,-0.1791
1985,8,2,5,208,-2.5973
1985,8,3,1,93,0.8724
1985,8,3,2,118,0.0468
1985,8,3,3,140,1.2413
1985,8,3,4,140,-1.9791
1985,8,3,5,144,-1.8778
1985,9,1,1,665,-6.5460
1985,9,1,2,261,-4.1775
1985,9,1,3,225,-4.9325
1985,9,1,4,332,-5.4740
1985,9,1,5,683,-5.9909
1985,9,2,1,85,-5.9484
1985,9,2,2,80,-4.4857
1985,9,2,3,95,-3.7556
1985,9,2,4,124,-4.2871
1985,9,2,5,208,-8.5818
1985,9,3,1,93,-1.6060
1985,9,3,2,117,-2.9861
1985,9,3,3,138,-3.0716
1985,9,3,4,140,-3.3460
1985,9,3,5,144,-5.9517
1985,10,1,1,661,0.5787
1985,10,1,2,259,1.9211
1985,10,1,3,225,3.7562
1985,10,1,4,330,4.1749
1985,10,1,5,679,1.5411
1985,10,2,1,85,2.8116
1985,10,2,2,80,3.9118
1985,10,2,3,95,3.6113
1985,10,2,4,124,3.2328
1985,10,2,5,208,4.3377
1985,10,3,1,91,4.1934
1985,10,3,2,117,3.9222
1985,10,3,3,137,5.1241
1985,10,3,4,138,3.7649
1985,10,3,5,143,4.0829
1985,11,1,1,651,3.4212
1985,11,1,2,257,5.6751
1985,11,1,3,224,8.1223
1985,11,1,4,327,5.5312
1985,11,1,5,674,6.1821
1985,11,2,1,84,6.1558
1985,11,2,2,79,4.1996
1985,11,2,3,95,7.8084
1985,11,2,4,123,5.4071
1985,11,2,5,205,9.6570
1985,11,3,1,90,5.3949
1985,11,3,2,117,7.1773
1985,11,3,3,137,5.4882
1985,11,3,4,138,8.1870
1985,11,3,5,142,8.8114
1985,12,1,1,638,1.6647
1985,12,1,2,257,4.2767
1985,12,1,3,222,3.6072
1985,12,1,4,324,4.1284
1985,12,1,5,669,4.3322
1985,12,2,1,82,3.0258
1985,12,2,2,79,3.4515
1985,12,2,3,94,3.8016
1985,12,2,4,121,4.7333
1985,12,2,5,205,6.0994
1985,12,3,1,90,3.0253
1985,12,3,2,117,3.9265
1985,12,3,3,135,2.9776
1985,12,3,4,137,6.5886
1985,12,3,5,142,4.8889
1986,1,1,1,624,3.2807
1986,1,1,2,254,1.2040
1986,1,1,3,220,3.8298
1986,1,1,4,323,1.4486
1986,1,1,5,665,2.3166
1986,1,2,1,82,1.0186
1986,1,2,2,78,2.1834
1986,1,2,3,94,0.8531
1986,1,2,4,120,0.1045
1986,1,2,5,203,1.6525
1986,1,3,1,88,-2.3364
1986,1,3,2,116,1.9861
1986,1,3,3,135,1.6287
1986,1,3,4,136,-0.6142
1986,1,3,5,142,2.3555
1986,2,1,1,616,4.6564
1986,2,1,2,253,6.2691
1986,2,1,3,219,7.0049
1986,2,1,4,321,5.4726
1986,2,1,5,659,6.5071
1986,2,2,1,81,7.0126
1986,2,2,2,78,5.6742
1986,2,2,3,93,6.2528
1986,2,2,4,120,6.6970
1986,2,2,5,201,7.1051
1986,2,3,1,88,6.6954
1986,2,3,2,116,7.2832
1986,2,3,3,134,8.4873
1986,2,3,4,135,6.7602
1986,2,3,5,142,9.3831
1986,3,1,1,615,3.8978
1986,3,1,2,253,4.5721
1986,3,1,3,217,4.9791
1986,3,1,4,321,6.1376
1986,3,1,5,654,4.3446
1986,3,2,1,79,6.1961
1986,3,2,2,78,4.9407
1986,3,2,3,93,5.3388
1986,3,2,4,120,6.1216
1986,3,2,5,200,4.8054
1986,3,3,1,87,5.7339
1986,3,3,2,116,5.3055
1986,3,3,3,134,5.5600
1986,3,3,4,135,4.4494
1986,3,3,5,141,5.1042
1986,4,1,1,608,1.0970
1986,4,1,2,250,1.7080
1986,4,1,3,218,1.2817
1986,4,1,4,318,2.2689
1986,4,1,5,651,1.7613
1986,4,2,1,78,-1.1563
1986,4,2,2,78,1.2610
1986,4,2,3,92,0.8179
1986,4,2,4,120,0.2254
1986,4,2,5,199,3.3658
1986,4,3,1,87,0.7504
1986,4,3,2,116,-0.8907
1986,4,3,3,133,-2.5358
1986,4,3,4,134,-0.2336
1986,4,3,5,141,0.4441
1986,5,1,1,598,4.7706
1986,5,1,2,246,3.4361
1986,5,1,3,217,5.4958
1986,5,1,4,317,3.6998
1986,5,1,5,648,2.8511
1986,5,2,1,78,2.5579
1986,5,2,2,78,3.7502
1986,5,2,3,92,3.3652
1986,5,2,4,119,4.3878
1986,5,2,5,196,4.0349
1986,5,3,1,85,5.5112
1986,5,3,2,115,6.1524
1986,5,3,3,131,5.4285
1986,5,3,4,133,3.8091
1986,5,3,5,141,5.9623
1986,6,1,1,584,1.4626
1986,6,1,2,245,0.1238
1986,6,1,3,215,-1.3168
1986,6,1,4,315,0.7909
1986,6,1,5,643,-1.5749
1986,6,2,1,78,2.6341
1986,6,2,2,78,-0.4230
1986,6,2,3,92,1.8418
1986,6,2,4,119,0.3832
1986,6,2,5,195,-1.4655
1986,6,3,1,85,2.0973
1986,6,3,2,113,2.2825
1986,6,3,3,130,3.5497
1986,6,3,4,133,0.4577
1986,6,3,5,141,-1.2245
1986,7,1,1,737,-9.9392
1986,7,1,2,375,-6.6491
1986,7,1,3,275,-6.5290
1986,7,1,4,335,-8.5126
1986,7,1,5,580,-10.1934
1986,7,2,1,93,-11.8484
1986,7,2,2,103,-9.5130
1986,7,2,3,97,-6.2098
1986,7,2,4,114,-8.0356
1986,7,2,5,235,-10.6590
1986,7,3,1,97,-7.5246
1986,7,3,2,107,-2.6599
1986,7,3,3,135,-2.9197
1986,7,3,4,145,-5.3472
1986,7,3,5,146,-8.8286
1986,8,1,1,725,0.4793
1986,8,1,2,369,1.9891
1986,8,1,3,272,1.0159
1986,8,1,4,334,2.1297
1986,8,1,5,574,0.7785
1986,8,2,1,93,4.2729
1986,8,2,2,103,5.2849
1986,8,2,3,97,5.9526
1986,8,2,4,114,2.9315
1986,8,2,5,234,3.6359
1986,8,3,1,97,9.8516
1986,8,3,2,107,9.9336
1986,8,3,3,135,5.7160
1986,8,3,4,145,6.5181
1986,8,3,5,145,4.8744
1986,9,1,1,713,-5.6861
1986,9,1,2,367,-4.8787
1986,9,1,3,272,-4.9805
1986,9,1,4,332,-5.5421
1986,9,1,5,573,-7.1565
1986,9,2,1,93,-4.4761
1986,9,2,2,102,-5.8378
1986,9,2,3,97,-4.7457
1986,9,2,4,113,-3.9996
1986,9,2,5,233,-8.7160
1986,9,3,1,96,-6.3398
1986,9,3,2,106,-6.1911
1986,9,3,3,135,-7.7798
1986,9,3,4,144,-9.0790
1986,9,3,5,145,-8.3334
1986,10,1,1,699,1.7025
1986,10,1,2,363,2.7480
1986,10,1,3,271,3.2501
1986,10,1,4,329,2.7350
1986,10,1,5,568,1.6546
1986,10,2,1,93,3.7211
1986,10,2,2,100,5.8269
1986,10,2,3,96,3.1873
1986,10,2,4,112,3.8113
1986,10,2,5,233,5.0364
1986,10,3,1,96,6.0577
1986,10,3,2,105,4.5718
1986,10,3,3,134,7.1991
1986,10,3,4,144,7.8624
1986,10,3,5,145,3.5045
1986,11,1,1,681,-1.8749
1986,11,1,2,360,-1.4352
1986,11,1,3,268,2.2971
1986,11,1,4,327,1.3764
1986,11,1,5,565,-0.9531
1986,11,2,1,92,1.0604
1986,11,2,2,100,1.4182
1986,11,2,3,96,-0.6255
1986,11,2,4,111,1.9909
1986,11,2,5,233,0.4204
1986,11,3,1,94,3.6082
1986,11,3,2,104,2.6718
1986,11,3,3,134,1.8657
1986,11,3,4,142,1.8332
1986,11,3,5,145,3.0321
1986,12,1,1,661,-4.3112
1986,12,1,2,357,-3.6241
1986,12,1,3,263,-3.2866
1986,12,1,4,324,-0.7324
1986,12,1,5,557,-2.7249
1986,12,2,1,91,-3.2615
1986,12,2,2,100,-1.3988
1986,12,2,3,95,-2.3673
1986,12,2,4,111,-3.2861
1986,12,2,5,232,-2.1704
1986,12,3,1,94,-2.5422
1986,12,3,2,104,-1.1185
1986,12,3,3,133,-3.0189
1986,12,3,4,141,-2.8521
1986,12,3,5,145,-4.0332
1987,1,1,1,649,11.8738
1987,1,1,2,348,9.5858
1987,1,1,3,261,9.1587
1987,1,1,4,315,7.6422
1987,1,1,5,547,12.0133
1987,1,2,1,89,14.1033
1987,1,2,2,96,11.3332
1987,1,2,3,94,10.5176
1987,1,2,4,108,11.6175
1987,1,2,5,229,13.8285
1987,1,3,1,94,13.8817
1987,1,3,2,102,14.6796
1987,1,3,3,130,11.6615
1987,1,3,4,141,14.6749
1987,1,3,5,143,13.1210
1987,2,1,1,639,9.6693
1987,2,1,2,349,8.8030
1987,2,1,3,261,6.9500
1987,2,1,4,311,7.8487
1987,2,1,5,541,8.6003
1987,2,2,1,89,7.5199
1987,2,2,2,96,5.8349
1987,2,2,3,93,5.1765
1987,2,2,4,107,8.0333
1987,2,2,5,227,9.0735
1987,2,3,1,94,5.1688
1987,2,3,2,102,1.9472
1987,2,3,3,130,2.4178
1987,2,3,4,140,4.4183
1987,2,3,5,142,7.6689
1987,3,1,1,636,2.4982
1987,3,1,2,349,6.1232
1987,3,1,3,261,2.0815
1987,3,1,4,310,1.3480
1987,3,1,5,537,2.3369
1987,3,2,1,88,3.9807
1987,3,2,2,96,2.6313
1987,3,2,3,93,1.8096
1987,3,2,4,107,2.9597
1987,3,2,5,227,-0.2228
1987,3,3,1,93,3.3248
1987,3,3,2,102,5.8305
1987,3,3,3,130,1.9267
1987,3,3,4,140,1.0496
1987,3,3,5,141,2.8374
1987,4,1,1,630,-1.2144
1987,4,1,2,343,-1.2759
1987,4,1,3,258,-1.4751
1987,4,1,4,305,-2.2514
1987,4,1,5,538,-2.7887
1987,4,2,1,88,-3.2286
1987,4,2,2,96,-2.5560
1987,4,2,3,93,-3.6397
1987,4,2,4,107,-3.6970
1987,4,2,5,226,-2.8485
1987,4,3,1,93,-0.2066
1987,4,3,2,102,0.0898
1987,4,3,3,129,-2.4454
1987,4,3,4,140,-1.2353
1987,4,3,5,141,0.4392
1987,5,1,1,621,0.5714
1987,5,1,2,339,-0.1346
1987,5,1,3,256,1.0825
1987,5,1,4,303,-0.2991
1987,5,1,5,538,0.8835
1987,5,2,1,88,1.1422
1987,5,2,2,95,1.3666
1987,5,2,3,93,1.1136
1987,5,2,4,107,-0.5978
1987,5,2,5,224,0.4998
1987,5,3,1,93,2.5171
1987,5,3,2,102,0.5209
1987,5,3,3,127,1.1841
1987,5,3,4,140,0.5671
1987,5,3,5,141,0.6244
1987,6,1,1,615,1.7432
1987,6,1,2,341,2.0082
1987,6,1,3,256,1.4227
1987,6,1,4,300,1.9085
1987,6,1,5,537,0.7796
1987,6,2,1,88,2.2030
1987,6,2,2,95,3.1352
1987,6,2,3,93,3.3814
1987,6,2,4,105,6.4251
1987,6,2,5,223,1.7587
1987,6,3,1,93,5.4889
1987,6,3,2,102,5.0190
1987,6,3,3,127,4.9477
1987,6,3,4,140,4.8915
1987,6,3,5,141,4.0291
1987,7,1,1,774,3.5917
1987,7,1,2,344,2.7205
1987,7,1,3,269,4.9789
1987,7,1,4,304,3.0324
1987,7,1,5,625,2.4775
1987,7,2,1,109,5.4956
1987,7,2,2,95,4.0865
1987,7,2,3,89,4.0344
1987,7,2,4,102,3.5080
1987,7,2,5,202,3.8335
1987,7,3,1,90,7.5042
1987,7,3,2,111,4.1201
1987,7,3,3,130,4.1137
1987,7,3,4,147,3.8724
1987,7,3,5,133,6.0983
1987,8,1,1,765,0.9157
1987,8,1,2,342,0.7027
1987,8,1,3,269,2.1986
1987,8,1,4,301,4.4306
1987,8,1,5,618,2.0590
1987,8,2,1,109,3.4884
1987,8,2,2,94,1.6969
1987,8,2,3,88,5.2346
1987,8,2,4,102,3.0738
1987,8,2,5,200,4.1462
1987,8,3,1,89,2.1533
1987,8,3,2,110,2.5592
1987,8,3,3,130,3.9220
1987,8,3,4,147,4.7093
1987,8,3,5,133,4.5503
1987,9,1,1,761,-0.8468
1987,9,1,2,342,-0.0989
1987,9,1,3,268,-1.4623
1987,9,1,4,298,-0.2761
1987,9,1,5,612,-1.0054
1987,9,2,1,108,-0.7868
1987,9,2,2,92,-2.4212
1987,9,2,3,88,-0.8761
1987,9,2,4,102,-2.0931
1987,9,2,5,197,-1.2698
1987,9,3,1,89,-0.9335
1987,9,3,2,110,-0.7774
1987,9,3,3,130,-1.9148
1987,9,3,4,147,-3.1756
1987,9,3,5,130,-3.2061
1987,10,1,1,750,-32.3579
1987,10,1,2,339,-28.7603
1987,10,1,3,268,-29.5935
1987,10,1,4,296,-29.7506
1987,10,1,5,610,-32.3425
1987,10,2,1,106,-30.5547
1987,10,2,2,91,-25.3410
1987,10,2,3,88,-24.6800
1987,10,2,4,102,-30.4645
1987,10,2,5,193,-33.9200
1987,10,3,1,88,-22.9294
1987,10,3,2,109,-19.5490
1987,10,3,3,130,-18.8482
1987,10,3,4,147,-21.0311
1987,10,3,5,130,-26.4799
1987,11,1,1,740,-6.5086
1987,11,1,2,334,-4.6663
1987,11,1,3,267,-3.6975
1987,11,1,4,295,-5.1211
1987,11,1,5,601,-5.2280
1987,11,2,1,103,-3.9238
1987,11,2,2,91,-2.3874
1987,11,2,3,88,-2.4883
1987,11,2,4,101,-4.0529
1987,11,2,5,193,-6.3402
1987,11,3,1,88,-8.3213
1987,11,3,2,108,-7.5308
1987,11,3,3,129,-5.4127
1987,11,3,4,146,-8.7095
1987,11,3,5,130,-9.7864
1987,12,1,1,729,3.3129
1987,12,1,2,331,5.4228
1987,12,1,3,264,5.0149
1987,12,1,4,292,7.3708
1987,12,1,5,594,4.8697
1987,12,2,1,104,6.7607
1987,12,2,2,91,5.8051
1987,12,2,3,87,9.2739
1987,12,2,4,99,11.0067
1987,12,2,5,193,12.9121
1987,12,3,1,88,7.9703
1987,12,3,2,107,7.1808
1987,12,3,3,129,7.0994
1987,12,3,4,146,6.8206
1987,12,3,5,129,11.4407
1988,1,1,1,713,7.4473
1988,1,1,2,330,6.7192
1988,1,1,3,260,4.8723
1988,1,1,4,291,3.0997
1988,1,1,5,590,5.1479
1988,1,2,1,102,3.6624
1988,1,2,2,91,5.2934
1988,1,2,3,85,1.9147
1988,1,2,4,99,1.9860
1988,1,2,5,191,0.9876
1988,1,3,1,88,5.0222
1988,1,3,2,107,4.2154
1988,1,3,3,129,4.7252
1988,1,3,4,145,2.8516
1988,1,3,5,129,2.8863
1988,2,1,1,703,7.7058
1988,2,1,2,328,7.9405
1988,2,1,3,259,7.5386
1988,2,1,4,288,9.2522
1988,2,1,5,588,6.5651
1988,2,2,1,101,10.2868
1988,2,2,2,91,6.9901
1988,2,2,3,85,7.8494
1988,2,2,4,99,9.3819
1988,2,2,5,188,9.6537
1988,2,3,1,88,6.1796
1988,2,3,2,107,4.4359
1988,2,3,3,129,3.9741
1988,2,3,4,145,4.8361
1988,2,3,5,129,7.1377
1988,3,1,1,690,4.3843
1988,3,1,2,324,5.8370
1988,3,1,3,257,6.4259
1988,3,1,4,287,5.6488
1988,3,1,5,581,5.5531
1988,3,2,1,100,4.3022
1988,3,2,2,89,2.6278
1988,3,2,3,85,1.8813
1988,3,2,4,99,4.4105
1988,3,2,5,189,3.7255
1988,3,3,1,88,-1.6032
1988,3,3,2,107,-0.6866
1988,3,3,3,129,-2.9347
1988,3,3,4,145,-4.4046
1988,3,3,5,129,-2.0632
1988,4,1,1,684,2.4376
1988,4,1,2,322,2.0557
1988,4,1,3,250,1.8906
1988,4,1,4,285,3.5827
1988,4,1,5,576,1.5942
1988,4,2,1,100,2.8560
1988,4,2,2,86,1.7748
1988,4,2,3,85,2.5622
1988,4,2,4,99,2.3527
1988,4,2,5,189,1.3167
1988,4,3,1,88,0.4681
1988,4,3,2,107,2.6396
1988,4,3,3,128,0.2620
1988,4,3,4,143,1.6278
1988,4,3,5,129,0.1404
1988,5,1,1,675,-2.6391
1988,5,1,2,319,0.3174
1988,5,1,3,249,-3.0038
1988,5,1,4,283,-1.7848
1988,5,1,5,572,-2.5132
1988,5,2,1,99,-0.8692
1988,5,2,2,85,-1.4012
1988,5,2,3,84,-0.8602
1988,5,2,4,98,-1.2851
1988,5,2,5,189,-1.7161
1988,5,3,1,87,0.8248
1988,5,3,2,107,0.3668
1988,5,3,3,128,1.2955
1988,5,3,4,143,0.2013
1988,5,3,5,128,-1.5473
1988,6,1,1,660,5.1788
1988,6,1,2,316,7.3973
1988,6,1,3,247,5.6356
1988,6,1,4,280,7.2543
1988,6,1,5,564,5.7695
1988,6,2,1,97,6.4113
1988,6,2,2,85,7.6609
1988,6,2,3,84,8.2565
1988,6,2,4,97,7.2170
1988,6,2,5,187,8.2352
1988,6,3,1,86,2.2373
1988,6,3,2,107,2.7381
1988,6,3,3,128,4.8214
1988,6,3,4,143,6.2208
1988,6,3,5,127,7.0887
1988,7,1,1,772,-0.2701
1988,7,1,2,296,0.4850
1988,7,1,3,329,-0.3630
1988,7,1,4,330,1.0161
1988,7,1,5,604,-1.4035
1988,7,2,1,118,-1.3186
1988,7,2,2,78,-0.0255
1988,7,2,3,100,-0.1143
1988,7,2,4,123,-0.1744
1988,7,2,5,207,-2.5230
1988,7,3,1,99,-0.8268
1988,7,3,2,130,0.5097
1988,7,3,3,126,-0.2640
1988,7,3,4,131,-1.7311
1988,7,3,5,131,-2.3465
1988,8,1,1,765,-3.1388
1988,8,1,2,294,-2.2507
1988,8,1,3,327,-2.2434
1988,8,1,4,330,-1.3344
1988,8,1,5,599,-2.1822
1988,8,2,1,117,-3.2618
1988,8,2,2,77,-2.2502
1988,8,2,3,100,-1.2843
1988,8,2,4,122,-2.6873
1988,8,2,5,206,-3.4246
1988,8,3,1,98,-2.8431
1988,8,3,2,130,-0.8413
1988,8,3,3,125,-3.0468
1988,8,3,4,131,-4.6252
1988,8,3,5,131,-4.0335
1988,9,1,1,750,1.9931
1988,9,1,2,292,2.4628
1988,9,1,3,325,2.6879
1988,9,1,4,326,3.3698
1988,9,1,5,594,1.5913
1988,9,2,1,116,4.1938
1988,9,2,2,76,1.4543
1988,9,2,3,96,3.8246
1988,9,2,4,122,2.9851
1988,9,2,5,204,1.9679
1988,9,3,1,98,4.2387
1988,9,3,2,129,4.5980
1988,9,3,3,125,2.8947
1988,9,3,4,131,4.3082
1988,9,3,5,131,5.4444
1988,10,1,1,743,-2.5432
1988,10,1,2,287,-1.2196
1988,10,1,3,323,-1.6825
1988,10,1,4,325,-0.1416
1988,10,1,5,592,-2.9693
1988,10,2,1,115,0.9717
1988,10,2,2,73,-0.8722
1988,10,2,3,95,0.3542
1988,10,2,4,121,-0.2650
1988,10,2,5,202,-1.3144
1988,10,3,1,98,1.1823
1988,10,3,2,129,1.8909
1988,10,3,3,124,4.3192
1988,10,3,4,131,3.4591
1988,10,3,5,131,0.0691
1988,11,1,1,736,-5.4765
1988,11,1,2,282,-2.7879
1988,11,1,3,321,-2.0056
1988,11,1,4,321,-3.2651
1988,11,1,5,588,-5.2127
1988,11,2,1,113,-1.5475
1988,11,2,2,73,-2.2676
1988,11,2,3,94,-1.7791
1988,11,2,4,121,-2.7839
1988,11,2,5,201,-4.5044
1988,11,3,1,96,-1.7587
1988,11,3,2,129,-0.8256
1988,11,3,3,122,-0.3412
1988,11,3,4,131,-1.9236
1988,11,3,5,131,-2.2359
1988,12,1,1,726,4.2689
1988,12,1,2,280,4.4834
1988,12,1,3,318,3.6463
1988,12,1,4,317,4.4422
1988,12,1,5,584,3.5139
1988,12,2,1,110,5.2068
1988,12,2,2,72,3.5484
1988,12,2,3,94,4.4203
1988,12,2,4,119,4.4400
1988,12,2,5,201,4.6610
1988,12,3,1,94,3.0023
1988,12,3,2,128,2.3223
1988,12,3,3,122,0.8057
1988,12,3,4,131,2.5852
1988,12,3,5,131,3.0368
1989,1,1,1,716,6.6675
1989,1,1,2,277,6.9884
1989,1,1,3,315,3.9807
1989,1,1,4,315,3.1478
1989,1,1,5,574,5.1587
1989,1,2,1,109,3.9729
1989,1,2,2,72,4.8034
1989,1,2,3,93,3.7380
1989,1,2,4,119,5.3398
1989,1,2,5,200,4.3166
1989,1,3,1,94,6.6512
1989,1,3,2,128,4.9830
1989,1,3,3,122,6.8562
1989,1,3,4,128,7.3303
1989,1,3,5,131,7.0737
1989,2,1,1,708,0.7766
1989,2,1,2,274,1.6014
1989,2,1,3,312,0.4399
1989,2,1,4,312,-0.0043
1989,2,1,5,569,0.1460
1989,2,2,1,109,1.4570
1989,2,2,2,72,1.7008
1989,2,2,3,92,1.7633
1989,2,2,4,119,1.7992
1989,2,2,5,198,-0.0524
1989,2,3,1,93,-1.3377
1989,2,3,2,128,-1.7640
1989,2,3,3,121,-2.5924
1989,2,3,4,128,-2.7999
1989,2,3,5,131,-2.5367
1989,3,1,1,698,1.7792
1989,3,1,2,271,3.8726
1989,3,1,3,310,2.4442
1989,3,1,4,309,2.1113
1989,3,1,5,564,3.3821
1989,3,2,1,108,3.9067
1989,3,2,2,72,3.8841
1989,3,2,3,90,1.8802
1989,3,2,4,118,1.4048
1989,3,2,5,198,3.7042
1989,3,3,1,93,2.8568
1989,3,3,2,128,3.3043
1989,3,3,3,121,1.7512
1989,3,3,4,128,-0.1526
1989,3,3,5,131,1.3522
1989,4,1,1,689,3.3969
1989,4,1,2,271,3.6097
1989,4,1,3,307,2.2086
1989,4,1,4,309,1.6415
1989,4,1,5,557,3.8579
1989,4,2,1,107,4.8673
1989,4,2,2,72,5.0983
1989,4,2,3,90,4.6564
1989,4,2,4,116,4.6621
1989,4,2,5,197,4.5804
1989,4,3,1,91,6.0234
1989,4,3,2,128,5.2523
1989,4,3,3,121,4.6989
1989,4,3,4,128,5.0825
1989,4,3,5,131,5.8588
1989,5,1,1,681,4.0655
1989,5,1,2,269,2.7316
1989,5,1,3,306,4.3161
1989,5,1,4,308,3.3397
1989,5,1,5,555,3.1730
1989,5,2,1,107,4.5759
1989,5,2,2,72,3.8509
1989,5,2,3,89,5.5257
1989,5,2,4,116,3.1921
1989,5,2,5,194,4.2179
1989,5,3,1,91,3.9562
1989,5,3,2,127,5.1348
1989,5,3,3,121,3.8183
1989,5,3,4,128,3.5564
1989,5,3,5,131,5.1548
1989,6,1,1,672,-1.7047
1989,6,1,2,265,-0.2907
1989,6,1,3,303,-1.0982
1989,6,1,4,305,-1.1107
1989,6,1,5,550,-2.6474
1989,6,2,1,107,-2.5017
1989,6,2,2,71,0.4385
1989,6,2,3,89,-0.4298
1989,6,2,4,115,-1.2406
1989,6,2,5,193,-3.0380
1989,6,3,1,91,-1.9111
1989,6,3,2,127,1.2569
1989,6,3,3,120,-0.1065
1989,6,3,4,127,-1.4055
1989,6,3,5,131,-1.7688
1989,7,1,1,705,3.1295
1989,7,1,2,233,4.5566
1989,7,1,3,227,1.7504
1989,7,1,4,214,2.6398
1989,7,1,5,501,3.6401
1989,7,2,1,89,5.5925
1989,7,2,2,79,2.9272
1989,7,2,3,80,3.7667
1989,7,2,4,103,4.8116
1989,7,2,5,182,3.6509
1989,7,3,1,80,9.1984
1989,7,3,2,112,8.1792
1989,7,3,3,116,7.2895
1989,7,3,4,119,8.3094
1989,7,3,5,127,8.5112
1989,8,1,1,700,0.6963
1989,8,1,2,232,1.1470
1989,8,1,3,225,1.3620
1989,8,1,4,214,2.5873
1989,8,1,5,500,1.9805
1989,8,2,1,89,3.2102
1989,8,2,2,79,2.1851
1989,8,2,3,80,2.0844
1989,8,2,4,103,1.8996
1989,8,2,5,181,3.2429
1989,8,3,1,80,1.3899
1989,8,3,2,111,1.6152
1989,8,3,3,115,1.5877
1989,8,3,4,117,1.8574
1989,8,3,5,127,3.5094
1989,9,1,1,693,0.2747
1989,9,1,2,230,1.0901
1989,9,1,3,223,-1.7190
1989,9,1,4,213,-1.2675
1989,9,1,5,493,1.3523
1989,9,2,1,87,0.6406
1989,9,2,2,77,-1.0413
1989,9,2,3,80,-0.4535
1989,9,2,4,102,1.3410
1989,9,2,5,180,1.8273
1989,9,3,1,79,1.9541
1989,9,3,2,110,-0.4804
1989,9,3,3,115,-1.0691
1989,9,3,4,116,-1.5252
1989,9,3,5,126,-0.1431
1989,10,1,1,680,-7.3893
1989,10,1,2,228,-6.0560
1989,10,1,3,220,-8.4484
1989,10,1,4,212,-4.6796
1989,10,1,5,492,-3.4990
1989,10,2,1,86,-6.8899
1989,10,2,2,77,-3.9639
1989,10,2,3,80,-5.9483
1989,10,2,4,101,-5.4395
1989,10,2,5,180,-5.5254
1989,10,3,1,79,-2.7193
1989,10,3,2,110,-2.4473
1989,10,3,3,115,-3.1114
1989,10,3,4,116,-2.1852
1989,10,3,5,126,-1.3735
1989,11,1,1,676,-0.5507
1989,11,1,2,227,0.3531
1989,11,1,3,220,-0.8557
1989,11,1,4,211,1.3051
1989,11,1,5,489,-0.0875
1989,11,2,1,85,3.6657
1989,11,2,2,77,-0.1619
1989,11,2,3,80,2.2860
1989,11,2,4,101,1.9754
1989,11,2,5,180,0.8060
1989,11,3,1,78,1.6112
1989,11,3,2,109,2.7073
1989,11,3,3,115,1.9264
1989,11,3,4,116,2.7591
1989,11,3,5,126,2.0935
1989,12,1,1,672,-1.2723
1989,12,1,2,224,-1.1861
1989,12,1,3,219,0.6643
1989,12,1,4,209,-1.1740
1989,12,1,5,487,0.7060
1989,12,2,1,85,0.6370
1989,12,2,2,75,1.4723
1989,12,2,3,78,2.5123
1989,12,2,4,101,1.1038
1989,12,2,5,178,0.9116
1989,12,3,1,78,3.6985
1989,12,3,2,109,3.7710
1989,12,3,3,115,2.9332
1989,12,3,4,116,2.2018
1989,12,3,5,126,1.9378
1990,1,1,1,669,-7.4249
1990,1,1,2,224,-6.6838
1990,1,1,3,219,-8.0094
1990,1,1,4,208,-7.6478
1990,1,1,5,485,-8.1969
1990,1,2,1,85,-8.3627
1990,1,2,2,75,-9.3188
1990,1,2,3,78,-8.6221
1990,1,2,4,99,-6.2951
1990,1,2,5,177,-8.9447
1990,1,3,1,78,-8.2700
1990,1,3,2,108,-6.2863
1990,1,3,3,114,-7.6589
1990,1,3,4,116,-5.6503
1990,1,3,5,125,-5.1969
1990,2,1,1,665,1.9672
1990,2,1,2,223,1.3719
1990,2,1,3,218,2.7537
1990,2,1,4,208,2.7824
1990,2,1,5,482,4.4856
1990,2,2,1,82,5.0065
1990,2,2,2,74,3.7256
1990,2,2,3,77,2.1518
1990,2,2,4,98,1.0929
1990,2,2,5,176,3.9837
1990,2,3,1,77,2.6011
1990,2,3,2,108,2.1365
1990,2,3,3,114,0.9945
1990,2,3,4,116,0.7692
1990,2,3,5,121,0.8758
1990,3,1,1,657,3.9186
1990,3,1,2,223,5.3969
1990,3,1,3,217,1.9711
1990,3,1,4,206,3.4995
1990,3,1,5,482,3.5363
1990,3,2,1,80,4.8744
1990,3,2,2,73,4.2606
1990,3,2,3,77,2.1057
1990,3,2,4,98,4.9008
1990,3,2,5,176,5.1927
1990,3,3,1,77,1.6472
1990,3,3,2,108,1.8031
1990,3,3,3,114,3.6262
1990,3,3,4,116,2.6270
1990,3,3,5,122,3.3460
1990,4,1,1,650,-3.1330
1990,4,1,2,220,-3.4878
1990,4,1,3,217,-1.5139
1990,4,1,4,204,-2.5324
1990,4,1,5,480,-2.6352
1990,4,2,1,80,-4.9190
1990,4,2,2,73,-3.0619
1990,4,2,3,76,-4.4261
1990,4,2,4,97,-0.9216
1990,4,2,5,175,-1.3988
1990,4,3,1,77,-2.5559
1990,4,3,2,108,-4.6567
1990,4,3,3,114,-1.8895
1990,4,3,4,116,-1.6436
1990,4,3,5,121,-2.4034
1990,5,1,1,641,7.3691
1990,5,1,2,220,3.5503
1990,5,1,3,217,6.4662
1990,5,1,4,203,6.8536
1990,5,1,5,479,9.1298
1990,5,2,1,79,9.5532
1990,5,2,2,73,6.3599
1990,5,2,3,76,4.2109
1990,5,2,4,97,7.0748
1990,5,2,5,175,8.3320
1990,5,3,1,77,8.1692
1990,5,3,2,107,7.5741
1990,5,3,3,114,9.4277
1990,5,3,4,116,8.7772
1990,5,3,5,121,10.3299
1990,6,1,1,629,1.0903
1990,6,1,2,217,-0.0469
1990,6,1,3,217,1.7536
1990,6,1,4,201,0.1965
1990,6,1,5,475,1.7321
1990,6,2,1,78,0.3750
1990,6,2,2,73,-0.1024
1990,6,2,3,76,-1.4673
1990,6,2,4,96,1.6134
1990,6,2,5,175,0.5011
1990,6,3,1,77,-2.1823
1990,6,3,2,107,-1.4035
1990,6,3,3,114,-0.2322
1990,6,3,4,116,0.3597
1990,6,3,5,121,-0.3806
1990,7,1,1,857,-5.0700
1990,7,1,2,318,-3.5506
1990,7,1,3,301,-1.5590
1990,7,1,4,329,-4.5876
1990,7,1,5,601,-5.5122
1990,7,2,1,133,-3.3277
1990,7,2,2,80,-2.5743
1990,7,2,3,105,-1.4746
1990,7,2,4,137,-2.1807
1990,7,2,5,221,-5.3724
1990,7,3,1,78,-1.2593
1990,7,3,2,127,0.6268
1990,7,3,3,132,1.7154
1990,7,3,4,147,-1.8298
1990,7,3,5,145,-1.9369
1990,8,1,1,839,-14.3238
1990,8,1,2,317,-11.4439
1990,8,1,3,298,-13.2871
1990,8,1,4,329,-12.7665
1990,8,1,5,597,-15.6467
1990,8,2,1,133,-11.8205
1990,8,2,2,79,-10.7402
1990,8,2,3,105,-12.4255
1990,8,2,4,137,-14.4778
1990,8,2,5,220,-14.5429
1990,8,3,1,77,-8.8895
1990,8,3,2,127,-7.8885
1990,8,3,3,132,-8.0280
1990,8,3,4,147,-8.8707
1990,8,3,5,145,-10.1153
1990,9,1,1,825,-8.5285
1990,9,1,2,314,-6.1092
1990,9,1,3,297,-8.1992
1990,9,1,4,329,-9.8748
1990,9,1,5,597,-9.8010
1990,9,2,1,132,-8.5187
1990,9,2,2,78,-6.7222
1990,9,2,3,103,-6.3217
1990,9,2,4,137,-8.8154
1990,9,2,5,220,-9.6885
1990,9,3,1,77,-6.7960
1990,9,3,2,126,-1.8441
1990,9,3,3,131,-4.1328
1990,9,3,4,146,-4.0938
1990,9,3,5,143,-6.5650
1990,10,1,1,821,-8.1436
1990,10,1,2,310,-7.0289
1990,10,1,3,295,-6.6375
1990,10,1,4,326,-5.9963
1990,10,1,5,597,-5.6477
1990,10,2,1,132,-8.2020
1990,10,2,2,78,-4.0838
1990,10,2,3,103,-2.8841
1990,10,2,4,136,-5.5264
1990,10,2,5,219,-6.0298
1990,10,3,1,77,-2.3081
1990,10,3,2,126,0.1821
1990,10,3,3,131,0.8373
1990,10,3,4,145,1.2678
1990,10,3,5,143,-0.7681
1990,11,1,1,813,1.8896
1990,11,1,2,305,5.2185
1990,11,1,3,293,4.5919
1990,11,1,4,324,3.9862
1990,11,1,5,594,4.1919
1990,11,2,1,130,6.8023
1990,11,2,2,78,6.2238
1990,11,2,3,102,7.9435
1990,11,2,4,136,7.3739
1990,11,2,5,218,9.8554
1990,11,3,1,77,8.4932
1990,11,3,2,126,5.4732
1990,11,3,3,131,4.5072
1990,11,3,4,145,5.2839
1990,11,3,5,143,8.2056
1990,12,1,1,809,-0.7328
1990,12,1,2,305,0.6840
1990,12,1,3,294,0.2588
1990,12,1,4,323,1.6180
1990,12,1,5,589,3.4679
1990,12,2,1,130,2.5134
1990,12,2,2,77,5.8264
1990,12,2,3,100,5.2196
1990,12,2,4,136,5.1526
1990,12,2,5,218,5.5209
1990,12,3,1,76,4.7095
1990,12,3,2,126,1.1655
1990,12,3,3,131,2.3731
1990,12,3,4,145,3.0328
1990,12,3,5,143,3.9148
1991,1,1,1,798,9.9427
1991,1,1,2,305,5.8895
1991,1,1,3,293,9.5842
1991,1,1,4,321,7.8662
1991,1,1,5,585,10.4925
1991,1,2,1,129,7.8097
1991,1,2,2,77,7.1957
1991,1,2,3,100,6.7881
1991,1,2,4,136,9.5516
1991,1,2,5,217,8.5670
1991,1,3,1,76,4.3237
1991,1,3,2,126,2.1661
1991,1,3,3,130,2.7809
1991,1,3,4,145,5.6959
1991,1,3,5,143,8.0731
1991,2,1,1,790,14.5166
1991,2,1,2,304,11.9416
1991,2,1,3,292,13.5245
1991,2,1,4,317,7.5287
1991,2,1,5,579,13.1873
1991,2,2,1,128,11.6086
1991,2,2,2,77,9.0834
1991,2,2,3,100,7.0654
1991,2,2,4,136,7.9895
1991,2,2,5,217,11.9200
1991,2,3,1,76,10.5027
1991,2,3,2,126,6.0155
1991,2,3,3,130,6.3630
1991,2,3,4,144,7.1568
1991,2,3,5,143,7.1173
1991,3,1,1,781,8.6438
1991,3,1,2,304,7.4455
1991,3,1,3,292,7.5657
1991,3,1,4,317,6.0295
1991,3,1,5,573,9.0559
1991,3,2,1,128,5.7644
1991,3,2,2,77,3.1672
1991,3,2,3,99,3.7206
1991,3,2,4,136,5.8120
1991,3,2,5,217,6.0740
1991,3,3,1,76,4.2439
1991,3,3,2,126,0.4628
1991,3,3,3,130,2.0523
1991,3,3,4,144,3.2942
1991,3,3,5,143,3.3226
1991,4,1,1,769,0.7749
1991,4,1,2,304,-0.8974
1991,4,1,3,292,-0.3433
1991,4,1,4,316,0.6946
1991,4,1,5,568,0.8236
1991,4,2,1,128,-1.3937
1991,4,2,2,77,-0.5216
1991,4,2,3,98,0.6891
1991,4,2,4,136,-0.6667
1991,4,2,5,217,0.7151
1991,4,3,1,76,0.6917
1991,4,3,2,126,-0.5371
1991,4,3,3,129,0.4366
1991,4,3,4,144,0.3999
1991,4,3,5,143,-0.0786
1991,5,1,1,755,2.9582
1991,5,1,2,301,4.7335
1991,5,1,3,291,3.5312
1991,5,1,4,314,3.0472
1991,5,1,5,563,3.4504
1991,5,2,1,128,5.1676
1991,5,2,2,77,4.1618
1991,5,2,3,98,3.6934
1991,5,2,4,135,4.5880
1991,5,2,5,217,4.1255
1991,5,3,1,76,3.2811
1991,5,3,2,126,3.8152
1991,5,3,3,129,3.3042
1991,5,3,4,144,4.5374
1991,5,3,5,143,4.7136
1991,6,1,1,746,-6.6825
1991,6,1,2,300,-3.1020
1991,6,1,3,288,-3.0230
1991,6,1,4,314,-2.3885
1991,6,1,5,561,-4.7455
1991,6,2,1,126,-5.8691
1991,6,2,2,77,-2.8961
1991,6,2,3,98,-4.1160
1991,6,2,4,135,-3.7360
1991,6,2,5,217,-5.5589
1991,6,3,1,75,-6.9352
1991,6,3,2,126,-3.6613
1991,6,3,3,129,-4.0514
1991,6,3,4,144,-4.3868
1991,6,3,5,143,-4.6142
1991,7,1,1,878,2.2988
1991,7,1,2,321,2.6530
1991,7,1,3,249,1.1529
1991,7,1,4,299,3.4368
1991,7,1,5,611,3.2326
1991,7,2,1,112,3.4268
1991,7,2,2,103,3.5924
1991,7,2,3,109,1.0580
1991,7,2,4,117,4.0862
1991,7,2,5,230,4.1969
1991,7,3,1,95,5.4286
1991,7,3,2,124,3.3063
1991,7,3,3,134,4.6019
1991,7,3,4,156,4.2660
1991,7,3,5,136,6.2617
1991,8,1,1,859,3.4159
1991,8,1,2,320,1.7062
1991,8,1,3,245,2.2317
1991,8,1,4,297,1.6373
1991,8,1,5,606,4.6774
1991,8,2,1,110,2.6518
1991,8,2,2,103,0.6441
1991,8,2,3,108,3.0444
1991,8,2,4,117,2.8932
1991,8,2,5,229,4.7512
1991,8,3,1,95,2.5757
1991,8,3,2,123,1.2050
1991,8,3,3,134,1.9657
1991,8,3,4,155,2.0211
1991,8,3,5,136,5.2820
1991,9,1,1,848,1.5549
1991,9,1,2,315,-0.4005
1991,9,1,3,248,-0.9222
1991,9,1,4,295,0.1149
1991,9,1,5,605,2.5133
1991,9,2,1,110,0.8078
1991,9,2,2,103,2.7700
1991,9,2,3,108,1.4008
1991,9,2,4,117,0.3286
1991,9,2,5,229,-0.2937
1991,9,3,1,95,-2.0885
1991,9,3,2,123,-1.4362
1991,9,3,3,134,-0.6190
1991,9,3,4,155,-1.3909
1991,9,3,5,135,-2.6035
1991,10,1,1,845,5.6777
1991,10,1,2,312,2.6236
1991,10,1,3,247,3.5775
1991,10,1,4,295,3.2010
1991,10,1,5,604,3.7682
1991,10,2,1,110,3.5050
1991,10,2,2,103,-0.2473
1991,10,2,3,108,1.1709
1991,10,2,4,117,2.1555
1991,10,2,5,228,1.4222
1991,10,3,1,95,2.5744
1991,10,3,2,122,1.9030
1991,10,3,3,134,2.7967
1991,10,3,4,155,0.0030
1991,10,3,5,135,0.9312
1991,11,1,1,835,-1.6520
1991,11,1,2,307,-2.8022
1991,11,1,3,244,-4.1587
1991,11,1,4,295,-4.2337
1991,11,1,5,604,-2.5079
1991,11,2,1,109,-6.5626
1991,11,2,2,102,-3.8934
1991,11,2,3,108,-5.1764
1991,11,2,4,117,-5.9788
1991,11,2,5,228,-4.8330
1991,11,3,1,95,-4.8820
1991,11,3,2,122,-3.5478
1991,11,3,3,134,-3.7653
1991,11,3,4,155,-3.8107
1991,11,3,5,135,-1.0187
1991,12,1,1,825,5.0351
1991,12,1,2,305,3.7864
1991,12,1,3,243,5.6885
1991,12,1,4,294,4.7858
1991,12,1,5,598,4.9692
1991,12,2,1,109,7.3008
1991,12,2,2,102,6.7887
1991,12,2,3,108,7.6777
1991,12,2,4,117,8.9560
1991,12,2,5,226,10.6488
1991,12,3,1,95,8.6414
1991,12,3,2,122,11.1416
1991,12,3,3,134,9.7360
1991,12,3,4,155,10.8873
1991,12,3,5,135,14.9813
1992,1,1,1,808,14.2078
1992,1,1,2,305,11.5302
1992,1,1,3,241,12.1957
1992,1,1,4,291,11.6735
1992,1,1,5,595,13.6252
1992,1,2,1,109,7.2536
1992,1,2,2,102,6.0592
1992,1,2,3,108,6.1761
1992,1,2,4,117,7.5569
1992,1,2,5,226,5.4057
1992,1,3,1,92,-0.9460
1992,1,3,2,122,-0.6434
1992,1,3,3,134,-3.4028
1992,1,3,4,155,-0.8879
1992,1,3,5,135,-1.0549
1992,2,1,1,803,3.3108
1992,2,1,2,301,6.5643
1992,2,1,3,239,5.8958
1992,2,1,4,290,4.5686
1992,2,1,5,591,2.7161
1992,2,2,1,109,3.7517
1992,2,2,2,101,1.9031
1992,2,2,3,108,2.6162
1992,2,2,4,117,3.2545
1992,2,2,5,225,1.2792
1992,2,3,1,92,1.6018
1992,2,3,2,122,4.0822
1992,2,3,3,134,-0.6826
1992,2,3,4,155,0.6852
1992,2,3,5,135,0.0801
1992,3,1,1,791,-4.1356
1992,3,1,2,300,-2.1771
1992,3,1,3,239,-0.6647
1992,3,1,4,289,-2.8876
1992,3,1,5,588,-3.8680
1992,3,2,1,109,-8.1238
1992,3,2,2,101,-2.2293
1992,3,2,3,108,-0.5412
1992,3,2,4,117,-2.9700
1992,3,2,5,224,-5.6474
1992,3,3,1,92,-4.4501
1992,3,3,2,122,-1.1756
1992,3,3,3,134,-2.2937
1992,3,3,4,155,-0.3335
1992,3,3,5,135,-4.2617
1992,4,1,1,778,-6.5002
1992,4,1,2,300,-1.5300
1992,4,1,3,239,-5.1205
1992,4,1,4,287,-4.3134
1992,4,1,5,589,-8.1918
1992,4,2,1,109,-4.4434
1992,4,2,2,101,-2.1398
1992,4,2,3,107,-2.6325
1992,4,2,4,117,-1.1875
1992,4,2,5,223,-4.9475
1992,4,3,1,92,1.8568
1992,4,3,2,122,3.9240
1992,4,3,3,134,4.6402
1992,4,3,4,155,2.8021
1992,4,3,5,135,-2.5866
1992,5,1,1,763,-0.6383
1992,5,1,2,297,-0.6714
1992,5,1,3,238,0.5499
1992,5,1,4,287,0.2757
1992,5,1,5,585,-0.8203
1992,5,2,1,109,-0.5020
1992,5,2,2,101,0.4299
1992,5,2,3,107,0.8715
1992,5,2,4,117,-1.3506
1992,5,2,5,223,-1.0608
1992,5,3,1,91,1.1884
1992,5,3,2,122,0.4505
1992,5,3,3,134,0.5784
1992,5,3,4,155,0.0707
1992,5,3,5,135,0.7670
1992,6,1,1,748,-7.6867
1992,6,1,2,295,-5.5913
1992,6,1,3,235,-4.1974
1992,6,1,4,284,-4.3160
1992,6,1,5,581,-7.4092
1992,6,2,1,108,-3.2949
1992,6,2,2,101,-2.5324
1992,6,2,3,107,-3.8415
1992,6,2,4,117,-4.2819
1992,6,2,5,222,-5.9698
1992,6,3,1,90,-4.4497
1992,6,3,2,122,-1.9715
1992,6,3,3,134,-2.0264
1992,6,3,4,155,-1.1176
1992,6,3,5,135,-2.2597
1992,7,1,1,757,1.3140
1992,7,1,2,336,2.4856
1992,7,1,3,256,2.5799
1992,7,1,4,317,2.5072
1992,7,1,5,575,0.4306
1992,7,2,1,115,4.4171
1992,7,2,2,95,1.2217
1992,7,2,3,100,4.2672
1992,7,2,4,133,4.3939
1992,7,2,5,247,3.4063
1992,7,3,1,84,3.4266
1992,7,3,2,134,2.8155
1992,7,3,3,143,5.5033
1992,7,3,4,144,5.0165
1992,7,3,5,170,4.2942
1992,8,1,1,733,-4.8633
1992,8,1,2,334,-2.4239
1992,8,1,3,250,-1.8745
1992,8,1,4,316,-1.8410
1992,8,1,5,571,-2.8804
1992,8,2,1,114,-3.2271
1992,8,2,2,95,-2.5101
1992,8,2,3,100,-3.1268
1992,8,2,4,132,-1.6864
1992,8,2,5,246,-2.8597
1992,8,3,1,84,-3.7232
1992,8,3,2,134,-2.8778
1992,8,3,3,143,-0.8897
1992,8,3,4,144,-1.0636
1992,8,3,5,170,-1.3979
1992,9,1,1,715,1.3495
1992,9,1,2,329,0.7873
1992,9,1,3,250,1.9847
1992,9,1,4,313,1.4299
1992,9,1,5,565,1.0948
1992,9,2,1,114,2.9564
1992,9,2,2,95,0.5791
1992,9,2,3,100,1.4648
1992,9,2,4,132,1.7105
1992,9,2,5,245,2.0602
1992,9,3,1,84,-0.4919
1992,9,3,2,134,1.4636
1992,9,3,3,143,1.3662
1992,9,3,4,144,2.8267
1992,9,3,5,170,-0.4994
1992,10,1,1,710,1.7610
1992,10,1,2,328,3.3135
1992,10,1,3,250,3.0871
1992,10,1,4,310,1.0075
1992,10,1,5,564,3.4619
1992,10,2,1,113,2.8353
1992,10,2,2,94,0.2129
1992,10,2,3,100,0.9078
1992,10,2,4,132,4.3919
1992,10,2,5,245,3.3253
1992,10,3,1,84,-0.8074
1992,10,3,2,134,-0.7305
1992,10,3,3,143,-0.9257
1992,10,3,4,143,2.3487
1992,10,3,5,169,2.7898
1992,11,1,1,699,8.9729
1992,11,1,2,325,7.2187
1992,11,1,3,250,10.6178
1992,11,1,4,309,8.7783
1992,11,1,5,559,9.1549
1992,11,2,1,112,6.2785
1992,11,2,2,95,6.0906
1992,11,2,3,100,5.0419
1992,11,2,4,130,5.9096
1992,11,2,5,244,8.8534
1992,11,3,1,84,2.8015
1992,11,3,2,134,4.7387
1992,11,3,3,142,1.2934
1992,11,3,4,143,2.5631
1992,11,3,5,169,5.0906
1992,12,1,1,690,2.4027
1992,12,1,2,325,4.4928
1992,12,1,3,249,2.5433
1992,12,1,4,306,3.3377
1992,12,1,5,556,2.8652
1992,12,2,1,112,4.8186
1992,12,2,2,95,1.9097
1992,12,2,3,100,3.7293
1992,12,2,4,130,4.9006
1992,12,2,5,244,1.6914
1992,12,3,1,84,-1.7219
1992,12,3,2,134,3.1075
1992,12,3,3,142,2.0055
1992,12,3,4,143,-0.0442
1992,12,3,5,169,0.5203
1993,1,1,1,683,6.0912
1993,1,1,2,324,5.2668
1993,1,1,3,249,6.9448
1993,1,1,4,305,5.6806
1993,1,1,5,554,3.3231
1993,1,2,1,112,2.1039
1993,1,2,2,95,3.8907
1993,1,2,3,100,3.3391
1993,1,2,4,130,2.2405
1993,1,2,5,243,0.5857
1993,1,3,1,84,1.0254
1993,1,3,2,134,3.1232
1993,1,3,3,142,-0.1135
1993,1,3,4,143,-0.8282
1993,1,3,5,169,-0.7203
1993,2,1,1,676,-1.0323
1993,2,1,2,322,-1.2982
1993,2,1,3,248,-1.2302
1993,2,1,4,305,-2.4687
1993,2,1,5,549,-5.9962
1993,2,2,1,112,-2.3271
1993,2,2,2,95,1.1326
1993,2,2,3,100,1.6280
1993,2,2,4,130,0.0193
1993,2,2,5,243,-5.2600
1993,2,3,1,84,-0.0574
1993,2,3,2,134,3.1716
1993,2,3,3,142,2.5748
1993,2,3,4,143,1.0789
1993,2,3,5,169,-2.6324
1993,3,1,1,673,1.9451
1993,3,1,2,320,5.1390
1993,3,1,3,247,3.9978
1993,3,1,4,303,2.9333
1993,3,1,5,549,0.7591
1993,3,2,1,110,3.4969
1993,3,2,2,95,3.2677
1993,3,2,3,100,3.2770
1993,3,2,4,130,1.4225
1993,3,2,5,243,1.7699
1993,3,3,1,84,2.1469
1993,3,3,2,134,2.8963
1993,3,3,3,142,2.0753
1993,3,3,4,143,2.3879
1993,3,3,5,169,1.0467
1993,4,1,1,662,-3.3255
1993,4,1,2,317,-3.6426
1993,4,1,3,244,-1.0700
1993,4,1,4,303,-0.9782
1993,4,1,5,547,-3.2702
1993,4,2,1,110,-0.7044
1993,4,2,2,95,-2.9331
1993,4,2,3,100,-2.6253
1993,4,2,4,130,-2.4589
1993,4,2,5,243,-3.6639
1993,4,3,1,84,-0.3881
1993,4,3,2,134,0.3017
1993,4,3,3,141,-2.6044
1993,4,3,4,143,-3.3536
1993,4,3,5,169,-5.2320
1993,5,1,1,656,4.7129
1993,5,1,2,314,4.8835
1993,5,1,3,244,3.9503
1993,5,1,4,303,5.1470
1993,5,1,5,543,5.3815
1993,5,2,1,110,7.0209
1993,5,2,2,94,3.8772
1993,5,2,3,100,4.3442
1993,5,2,4,130,3.8771
1993,5,2,5,243,6.6023
1993,5,3,1,84,4.7442
1993,5,3,2,134,2.7206
1993,5,3,3,141,1.3872
1993,5,3,4,143,3.0929
1993,5,3,5,169,5.3075
1993,6,1,1,652,1.8210
1993,6,1,2,315,0.4192
1993,6,1,3,243,1.1836
1993,6,1,4,302,-0.8229
1993,6,1,5,539,-0.9205
1993,6,2,1,110,4.3587
1993,6,2,2,94,-0.5835
1993,6,2,3,100,0.4894
1993,6,2,4,130,0.5970
1993,6,2,5,241,0.3458
1993,6,3,1,84,-1.2087
1993,6,3,2,134,1.1592
1993,6,3,3,141,1.2962
1993,6,3,4,143,-0.9773
1993,6,3,5,169,-1.9669
1993,7,1,1,615,-1.1303
1993,7,1,2,347,2.0429
1993,7,1,3,254,2.4426
1993,7,1,4,339,0.6522
1993,7,1,5,727,-0.3542
1993,7,2,1,110,0.1862
1993,7,2,2,110,-0.0579
1993,7,2,3,84,0.9341
1993,7,2,4,139,0.8194
1993,7,2,5,261,0.4859
1993,7,3,1,125,-1.0187
1993,7,3,2,139,0.9574
1993,7,3,3,151,0.4174
1993,7,3,4,145,-1.7046
1993,7,3,5,159,-4.2088
1993,8,1,1,608,3.3862
1993,8,1,2,346,3.4413
1993,8,1,3,252,3.7669
1993,8,1,4,334,3.8602
1993,8,1,5,723,4.7708
1993,8,2,1,110,2.7013
1993,8,2,2,110,3.3681
1993,8,2,3,84,4.0519
1993,8,2,4,139,3.6725
1993,8,2,5,261,5.0347
1993,8,3,1,125,4.3572
1993,8,3,2,139,3.1680
1993,8,3,3,151,3.9908
1993,8,3,4,145,3.9431
1993,8,3,5,159,4.4845
1993,9,1,1,603,1.5939
1993,9,1,2,342,2.5392
1993,9,1,3,252,2.5239
1993,9,1,4,333,3.4117
1993,9,1,5,718,2.4133
1993,9,2,1,110,0.4309
1993,9,2,2,110,1.5037
1993,9,2,3,83,3.2362
1993,9,2,4,139,2.4010
1993,9,2,5,260,2.5205
1993,9,3,1,125,-2.1480
1993,9,3,2,139,-0.4072
1993,9,3,3,151,-0.5971
1993,9,3,4,145,-1.0043
1993,9,3,5,159,-0.0271
1993,10,1,1,599,5.4550
1993,10,1,2,340,4.0100
1993,10,1,3,252,3.7241
1993,10,1,4,331,5.5130
1993,10,1,5,713,4.6980
1993,10,2,1,110,3.6392
1993,10,2,2,110,2.5984
1993,10,2,3,83,2.5169
1993,10,2,4,138,1.8899
1993,10,2,5,258,3.0091
1993,10,3,1,125,3.6222
1993,10,3,2,139,3.0605
1993,10,3,3,151,1.4631
1993,10,3,4,145,2.3320
1993,10,3,5,159,2.2368
1993,11,1,1,597,-4.5587
1993,11,1,2,338,-2.6949
1993,11,1,3,251,-1.0615
1993,11,1,4,331,-1.9156
1993,11,1,5,712,-1.5746
1993,11,2,1,110,-2.2093
1993,11,2,2,110,-1.0495
1993,11,2,3,83,-4.4027
1993,11,2,4,138,-2.7924
1993,11,2,5,257,-3.1469
1993,11,3,1,125,0.9365
1993,11,3,2,139,-1.8213
1993,11,3,3,150,-1.8152
1993,11,3,4,145,-0.8345
1993,11,3,5,158,0.7640
1993,12,1,1,592,-0.5643
1993,12,1,2,334,1.4682
1993,12,1,3,251,1.4017
1993,12,1,4,327,1.9851
1993,12,1,5,711,1.1248
1993,12,2,1,109,2.5445
1993,12,2,2,110,3.1457
1993,12,2,3,83,5.9875
1993,12,2,4,138,5.8091
1993,12,2,5,257,4.0290
1993,12,3,1,125,2.9313
1993,12,3,2,138,2.3242
1993,12,3,3,150,1.4615
1993,12,3,4,145,0.8311
1993,12,3,5,157,-0.3794
1994,1,1,1,586,5.5048
1994,1,1,2,332,7.6354
1994,1,1,3,251,4.6538
1994,1,1,4,323,5.0434
1994,1,1,5,707,3.2556
1994,1,2,1,109,3.4924
1994,1,2,2,110,4.6829
1994,1,2,3,83,0.0647
1994,1,2,4,138,2.7402
1994,1,2,5,257,2.5926
1994,1,3,1,124,3.9778
1994,1,3,2,138,1.4920
1994,1,3,3,150,3.3270
1994,1,3,4,145,2.5242
1994,1,3,5,157,3.1032
1994,2,1,1,582,-2.7933
1994,2,1,2,329,-0.3649
1994,2,1,3,246,1.9495
1994,2,1,4,324,-0.0123
1994,2,1,5,707,-0.5458
1994,2,2,1,109,1.7500
1994,2,2,2,110,-0.1414
1994,2,2,3,83,-3.0185
1994,2,2,4,137,-0.2632
1994,2,2,5,256,0.9454
1994,2,3,1,124,-3.3097
1994,2,3,2,137,-2.3130
1994,2,3,3,149,-3.0918
1994,2,3,4,145,-2.3885
1994,2,3,5,157,0.5527
1994,3,1,1,570,-5.5668
1994,3,1,2,324,-4.6936
1994,3,1,3,245,-3.9498
1994,3,1,4,320,-4.2368
1994,3,1,5,705,-6.2363
1994,3,2,1,109,-5.5379
1994,3,2,2,109,-4.6613
1994,3,2,3,83,-6.2824
1994,3,2,4,137,-6.1018
1994,3,2,5,256,-5.8721
1994,3,3,1,124,-3.8385
1994,3,3,2,137,-4.6827
1994,3,3,3,149,-4.2567
1994,3,3,4,145,-3.9851
1994,3,3,5,157,-5.4545
1994,4,1,1,567,-2.5853
1994,4,1,2,323,0.0735
1994,4,1,3,244,0.6192
1994,4,1,4,319,-0.6829
1994,4,1,5,704,-1.7954
1994,4,2,1,109,0.2401
1994,4,2,2,109,0.3159
1994,4,2,3,83,1.3562
1994,4,2,4,137,0.9780
1994,4,2,5,256,0.8207
1994,4,3,1,124,2.2403
1994,4,3,2,137,1.3429
1994,4,3,3,149,0.5372
1994,4,3,4,145,0.5396
1994,4,3,5,157,-0.3067
1994,5,1,1,566,-2.6914
1994,5,1,2,321,-0.7877
1994,5,1,3,243,-1.0600
1994,5,1,4,315,-1.1924
1994,5,1,5,695,-1.3062
1994,5,2,1,109,-0.7419
1994,5,2,2,108,-2.2631
1994,5,2,3,83,-1.9089
1994,5,2,4,135,-0.8967
1994,5,2,5,256,-2.3190
1994,5,3,1,122,1.5221
1994,5,3,2,137,0.5276
1994,5,3,3,149,-0.3525
1994,5,3,4,145,1.6595
1994,5,3,5,157,-0.0252
1994,6,1,1,559,-5.7492
1994,6,1,2,320,-2.4930
1994,6,1,3,243,-3.5263
1994,6,1,4,314,-3.6822
1994,6,1,5,690,-5.8762
1994,6,2,1,108,-3.6088
1994,6,2,2,108,-4.1641
1994,6,2,3,83,-2.4513
1994,6,2,4,135,-1.3821
1994,6,2,5,255,-4.0771
1994,6,3,1,123,-3.1290
1994,6,3,2,137,-2.1572
1994,6,3,3,149,-1.9992
1994,6,3,4,145,-2.3521
1994,6,3,5,157,-3.2902
1994,7,1,1,740,0.7152
1994,7,1,2,319,2.4673
1994,7,1,3,284,1.7967
1994,7,1,4,321,1.6855
1994,7,1,5,800,0.4509
1994,7,2,1,134,2.5996
1994,7,2,2,106,2.3525
1994,7,2,3,111,1.3201
1994,7,2,4,106,3.3790
1994,7,2,5,284,1.5745
1994,7,3,1,121,1.7356
1994,7,3,2,139,4.7125
1994,7,3,3,160,3.4399
1994,7,3,4,166,3.4744
1994,7,3,5,177,2.6523
1994,8,1,1,734,3.8360
1994,8,1,2,318,3.4027
1994,8,1,3,282,3.2937
1994,8,1,4,319,4.2916
1994,8,1,5,799,4.2623
1994,8,2,1,133,6.1491
1994,8,2,2,106,5.4380
1994,8,2,3,110,5.5143
1994,8,2,4,106,7.2837
1994,8,2,5,282,8.1631
1994,8,3,1,121,5.7323
1994,8,3,2,139,2.6356
1994,8,3,3,160,3.2185
1994,8,3,4,166,5.2125
1994,8,3,5,177,5.8936
1994,9,1,1,729,1.0263
1994,9,1,2,314,1.4349
1994,9,1,3,280,1.0059
1994,9,1,4,318,1.7194
1994,9,1,5,792,2.1673
1994,9,2,1,133,-0.6172
1994,9,2,2,105,-0.7170
1994,9,2,3,110,-1.0893
1994,9,2,4,106,0.4282
1994,9,2,5,282,-0.6998
1994,9,3,1,120,-0.6818
1994,9,3,2,137,-2.4018
1994,9,3,3,160,-1.5265
1994,9,3,4,166,-1.4648
1994,9,3,5,177,-2.2293
1994,10,1,1,718,0.7873
1994,10,1,2,311,1.7025
1994,10,1,3,281,-0.6693
1994,10,1,4,318,0.1336
1994,10,1,5,788,0.4765
1994,10,2,1,133,-0.8630
1994,10,2,2,105,-0.4088
1994,10,2,3,110,0.1603
1994,10,2,4,104,0.5065
1994,10,2,5,280,1.0307
1994,10,3,1,119,2.7478
1994,10,3,2,137,0.8506
1994,10,3,3,159,2.7709
1994,10,3,4,166,2.3433
1994,10,3,5,175,3.0451
1994,11,1,1,712,-3.2686
1994,11,1,2,310,-2.9302
1994,11,1,3,281,-1.0038
1994,11,1,4,317,-2.6901
1994,11,1,5,782,-2.6556
1994,11,2,1,132,-2.8152
1994,11,2,2,105,-4.1436
1994,11,2,3,110,-2.7992
1994,11,2,4,103,-3.2201
1994,11,2,5,280,-3.4483
1994,11,3,1,119,-4.3351
1994,11,3,2,137,-3.6102
1994,11,3,3,159,-3.2431
1994,11,3,4,165,-1.5751
1994,11,3,5,173,-2.8585
1994,12,1,1,706,-0.9110
1994,12,1,2,309,0.2313
1994,12,1,3,279,-1.1143
1994,12,1,4,315,1.2335
1994,12,1,5,776,-0.9033
1994,12,2,1,132,1.1869
1994,12,2,2,104,2.9414
1994,12,2,3,109,2.2402
1994,12,2,4,102,1.9086
1994,12,2,5,280,2.2771
1994,12,3,1,118,1.7220
1994,12,3,2,137,2.3925
1994,12,3,3,159,0.7774
1994,12,3,4,165,1.5949
1994,12,3,5,173,-0.1617
1995,1,1,1,698,2.5683
1995,1,1,2,306,2.5848
1995,1,1,3,274,2.2513
1995,1,1,4,315,0.3039
1995,1,1,5,770,1.2656
1995,1,2,1,131,-0.0630
1995,1,2,2,102,0.0587
1995,1,2,3,108,-2.8753
1995,1,2,4,101,-2.8150
1995,1,2,5,280,-1.7604
1995,1,3,1,118,1.2074
1995,1,3,2,137,1.8239
1995,1,3,3,157,3.5065
1995,1,3,4,165,2.0971
1995,1,3,5,172,1.4283
1995,2,1,1,692,0.8442
1995,2,1,2,304,2.9054
1995,2,1,3,274,3.0375
1995,2,1,4,314,2.3381
1995,2,1,5,768,3.2975
1995,2,2,1,130,3.6893
1995,2,2,2,102,2.7631
1995,2,2,3,107,3.3477
1995,2,2,4,101,3.0441
1995,2,2,5,277,5.2554
1995,2,3,1,117,3.2620
1995,2,3,2,137,4.0964
1995,2,3,3,156,3.2553
1995,2,3,4,165,4.5519
1995,2,3,5,172,4.6067
1995,3,1,1,683,0.9265
1995,3,1,2,302,-0.9071
1995,3,1,3,270,1.3675
1995,3,1,4,314,1.9301
1995,3,1,5,765,1.4669
1995,3,2,1,130,2.2158
1995,3,2,2,102,0.2414
1995,3,2,3,107,1.4610
1995,3,2,4,101,1.8607
1995,3,2,5,276,3.6724
1995,3,3,1,117,3.1190
1995,3,3,2,137,2.5077
1995,3,3,3,156,2.4368
1995,3,3,4,164,2.8435
1995,3,3,5,170,4.6085
1995,4,1,1,675,2.7392
1995,4,1,2,300,4.6133
1995,4,1,3,269,4.1304
1995,4,1,4,314,3.0432
1995,4,1,5,754,2.7843
1995,4,2,1,130,1.6569
1995,4,2,2,102,2.2743
1995,4,2,3,106,0.7212
1995,4,2,4,101,2.9770
1995,4,2,5,276,2.6643
1995,4,3,1,115,3.8027
1995,4,3,2,137,2.5110
1995,4,3,3,154,2.7751
1995,4,3,4,164,2.4467
1995,4,3,5,170,3.1166
1995,5,1,1,670,3.9242
1995,5,1,2,298,3.5186
1995,5,1,3,265,1.9612
1995,5,1,4,312,1.6900
1995,5,1,5,750,0.5167
1995,5,2,1,129,0.6983
1995,5,2,2,102,-0.0454
1995,5,2,3,106,1.0821
1995,5,2,4,101,0.2379
1995,5,2,5,276,0.8247
1995,5,3,1,115,1.5949
1995,5,3,2,137,3.9133
1995,5,3,3,153,3.7336
1995,5,3,4,163,3.9314
1995,5,3,5,170,2.6859
1995,6,1,1,659,10.2504
1995,6,1,2,296,5.7380
1995,6,1,3,264,4.5213
1995,6,1,4,310,4.6674
1995,6,1,5,746,8.0962
1995,6,2,1,129,6.5115
1995,6,2,2,102,4.8479
1995,6,2,3,105,2.8275
1995,6,2,4,101,3.8104
1995,6,2,5,275,5.6032
1995,6,3,1,112,3.0756
1995,6,3,2,137,0.6714
1995,6,3,3,153,1.0734
1995,6,3,4,163,3.9227
1995,6,3,5,168,7.1388
1995,7,1,1,856,6.3442
1995,7,1,2,248,3.4422
1995,7,1,3,286,4.0582
1995,7,1,4,407,4.3004
1995,7,1,5,761,6.7401
1995,7,2,1,182,7.2280
1995,7,2,2,103,2.9071
1995,7,2,3,107,4.7647
1995,7,2,4,147,5.5088
1995,7,2,5,329,7.5410
1995,7,3,1,130,4.4344
1995,7,3,2,170,3.6941
1995,7,3,3,170,2.6446
1995,7,3,4,163,2.8076
1995,7,3,5,209,5.6340
1995,8,1,1,843,7.7116
1995,8,1,2,247,3.0390
1995,8,1,3,284,3.3975
1995,8,1,4,405,2.9311
1995,8,1,5,755,2.5791
1995,8,2,1,179,1.1893
1995,8,2,2,103,2.6301
1995,8,2,3,105,2.8466
1995,8,2,4,145,0.8002
1995,8,2,5,329,0.3740
1995,8,3,1,129,0.3966
1995,8,3,2,168,-0.6237
1995,8,3,3,169,1.1011
1995,8,3,4,162,0.0651
1995,8,3,5,209,-0.3066
1995,9,1,1,834,3.8318
1995,9,1,2,245,1.0875
1995,9,1,3,283,1.0087
1995,9,1,4,402,1.8726
1995,9,1,5,748,2.6530
1995,9,2,1,177,1.2946
1995,9,2,2,103,0.8921
1995,9,2,3,105,2.2105
1995,9,2,4,145,2.0306
1995,9,2,5,328,2.0163
1995,9,3,1,129,2.8050
1995,9,3,2,167,4.5588
1995,9,3,3,169,3.4250
1995,9,3,4,162,4.6142
1995,9,3,5,208,1.6076
1995,10,1,1,828,-6.1858
1995,10,1,2,243,-5.4675
1995,10,1,3,281,-4.4050
1995,10,1,4,400,-5.6674
1995,10,1,5,744,-5.7150
1995,10,2,1,177,-6.8417
1995,10,2,2,101,-4.0933
1995,10,2,3,105,-6.4003
1995,10,2,4,145,-5.2342
1995,10,2,5,327,-7.6163
1995,10,3,1,129,-0.2571
1995,10,3,2,167,0.4305
1995,10,3,3,167,0.1578
1995,10,3,4,162,-0.2952
1995,10,3,5,206,-1.6537
1995,11,1,1,818,1.9489
1995,11,1,2,242,0.4734
1995,11,1,3,277,2.1705
1995,11,1,4,396,0.7692
1995,11,1,5,740,1.1156
1995,11,2,1,177,6.0633
1995,11,2,2,101,4.8703
1995,11,2,3,103,3.5505
1995,11,2,4,145,5.3296
1995,11,2,5,324,3.6190
1995,11,3,1,129,4.3408
1995,11,3,2,167,4.6183
1995,11,3,3,166,4.3526
1995,11,3,4,162,4.7104
1995,11,3,5,205,0.2711
1995,12,1,1,806,3.6716
1995,12,1,2,240,1.7079
1995,12,1,3,275,1.2496
1995,12,1,4,394,2.4079
1995,12,1,5,735,1.0358
1995,12,2,1,176,2.7449
1995,12,2,2,101,3.9028
1995,12,2,3,102,0.7960
1995,12,2,4,144,3.0338
1995,12,2,5,323,1.3179
1995,12,3,1,128,3.9785
1995,12,3,2,166,2.6933
1995,12,3,3,166,3.5068
1995,12,3,4,162,0.6474
1995,12,3,5,204,-3.1893
1996,1,1,1,802,1.8874
1996,1,1,2,239,2.3110
1996,1,1,3,273,1.5651
1996,1,1,4,391,1.2165
1996,1,1,5,728,0.8313
1996,1,2,1,176,1.3935
1996,1,2,2,101,1.1159
1996,1,2,3,102,1.6443
1996,1,2,4,144,-0.6250
1996,1,2,5,322,-1.3746
1996,1,3,1,127,3.2597
1996,1,3,2,166,3.0801
1996,1,3,3,165,2.2974
1996,1,3,4,162,4.6254
1996,1,3,5,204,0.2347
1996,2,1,1,793,3.2186
1996,2,1,2,239,4.4474
1996,2,1,3,270,3.6805
1996,2,1,4,389,1.8571
1996,2,1,5,722,3.5745
1996,2,2,1,172,2.7580
1996,2,2,2,99,3.0455
1996,2,2,3,102,3.6879
1996,2,2,4,144,0.7808
1996,2,2,5,320,5.5521
1996,2,3,1,127,0.5891
1996,2,3,2,166,1.0286
1996,2,3,3,164,0.0973
1996,2,3,4,162,1.3657
1996,2,3,5,203,3.7370
1996,3,1,1,786,2.0922
1996,3,1,2,238,2.5035
1996,3,1,3,270,1.3630
1996,3,1,4,388,3.5699
1996,3,1,5,715,4.0193
1996,3,2,1,170,0.3243
1996,3,2,2,99,2.4277
1996,3,2,3,101,5.5198
1996,3,2,4,144,2.4486
1996,3,2,5,320,2.8921
1996,3,3,1,127,1.0501
1996,3,3,2,166,1.2070
1996,3,3,3,163,0.4477
1996,3,3,4,161,1.3059
1996,3,3,5,202,0.2979
1996,4,1,1,781,9.9813
1996,4,1,2,238,5.5405
1996,4,1,3,268,7.2958
1996,4,1,4,382,8.1751
1996,4,1,5,712,9.7134
1996,4,2,1,170,6.9541
1996,4,2,2,99,7.4298
1996,4,2,3,100,4.0868
1996,4,2,4,143,3.5745
1996,4,2,5,319,8.4907
1996,4,3,1,125,2.5712
1996,4,3,2,164,0.6958
1996,4,3,3,162,1.6635
1996,4,3,4,161,1.1322
1996,4,3,5,202,7.6490
1996,5,1,1,777,9.7134
1996,5,1,2,237,7.6512
1996,5,1,3,266,3.6533
1996,5,1,4,382,6.3352
1996,5,1,5,709,9.3333
1996,5,2,1,170,5.4636
1996,5,2,2,98,6.8493
1996,5,2,3,100,3.3402
1996,5,2,4,142,6.9713
1996,5,2,5,320,4.9737
1996,5,3,1,125,1.3961
1996,5,3,2,164,2.7329
1996,5,3,3,161,2.0976
1996,5,3,4,160,2.2924
1996,5,3,5,202,3.9086
1996,6,1,1,768,-6.8115
1996,6,1,2,235,-3.9371
1996,6,1,3,261,-3.9644
1996,6,1,4,378,-4.7544
1996,6,1,5,706,-6.9320
1996,6,2,1,169,-5.2053
1996,6,2,2,98,-5.6622
1996,6,2,3,97,-0.9094
1996,6,2,4,142,-2.6129
1996,6,2,5,317,-4.8976
1996,6,3,1,125,-0.4460
1996,6,3,2,164,1.2216
1996,6,3,3,161,0.8994
1996,6,3,4,160,-0.3737
1996,6,3,5,201,-2.9004
1996,7,1,1,941,-12.3383
1996,7,1,2,279,-6.0176
1996,7,1,3,361,-5.1787
1996,7,1,4,369,-8.0152
1996,7,1,5,693,-9.4815
1996,7,2,1,210,-10.5650
1996,7,2,2,111,-8.0540
1996,7,2,3,124,-8.1537
1996,7,2,4,184,-8.4701
1996,7,2,5,336,-11.8414
1996,7,3,1,135,-3.7200
1996,7,3,2,158,-5.6518
1996,7,3,3,157,-5.2817
1996,7,3,4,168,-5.0219
1996,7,3,5,249,-6.0275
1996,8,1,1,934,3.9666
1996,8,1,2,277,3.4816
1996,8,1,3,359,4.2405
1996,8,1,4,365,5.2502
1996,8,1,5,691,3.5950
1996,8,2,1,206,5.3325
1996,8,2,2,111,4.7868
1996,8,2,3,124,4.7866
1996,8,2,4,182,6.8133
1996,8,2,5,334,6.2799
1996,8,3,1,134,1.6687
1996,8,3,2,158,1.3122
1996,8,3,3,156,2.6472
1996,8,3,4,167,2.8795
1996,8,3,5,247,4.2094
1996,9,1,1,921,0.9777
1996,9,1,2,273,1.6466
1996,9,1,3,354,3.3153
1996,9,1,4,359,3.5774
1996,9,1,5,688,3.7886
1996,9,2,1,205,4.2310
1996,9,2,2,111,2.2215
1996,9,2,3,124,4.0942
1996,9,2,4,181,2.6571
1996,9,2,5,333,3.3632
1996,9,3,1,132,4.2416
1996,9,3,2,158,4.0069
1996,9,3,3,156,3.3083
1996,9,3,4,167,6.1099
1996,9,3,5,247,9.4458
1996,10,1,1,913,-4.9627
1996,10,1,2,272,0.8767
1996,10,1,3,350,-0.3717
1996,10,1,4,355,-0.6161
1996,10,1,5,685,-2.6693
1996,10,2,1,204,-1.7123
1996,10,2,2,111,0.0018
1996,10,2,3,124,1.6075
1996,10,2,4,181,-0.4634
1996,10,2,5,330,-4.6767
1996,10,3,1,130,2.0300
1996,10,3,2,157,3.1790
1996,10,3,3,156,1.9360
1996,10,3,4,167,-0.8936
1996,10,3,5,246,0.3372
1996,11,1,1,905,2.3291
1996,11,1,2,269,1.5598
1996,11,1,3,349,2.1057
1996,11,1,4,353,3.4241
1996,11,1,5,682,2.3903
1996,11,2,1,203,1.5947
1996,11,2,2,111,3.2459
1996,11,2,3,123,3.5350
1996,11,2,4,181,3.2646
1996,11,2,5,328,4.2582
1996,11,3,1,130,6.2448
1996,11,3,2,155,6.8773
1996,11,3,3,156,5.8108
1996,11,3,4,167,6.8043
1996,11,3,5,246,8.4654
1996,12,1,1,895,-1.2683
1996,12,1,2,269,2.8571
1996,12,1,3,348,2.6984
1996,12,1,4,352,2.3186
1996,12,1,5,676,1.0739
1996,12,2,1,203,3.0264
1996,12,2,2,111,1.1478
1996,12,2,3,123,3.3168
1996,12,2,4,180,1.8270
1996,12,2,5,327,1.1786
1996,12,3,1,130,-1.2875
1996,12,3,2,155,-0.6765
1996,12,3,3,156,-0.8663
1996,12,3,4,166,-1.9945
1996,12,3,5,246,-2.2180
1997,1,1,1,880,7.3901
1997,1,1,2,268,5.1571
1997,1,1,3,346,3.8549
1997,1,1,4,348,4.2989
1997,1,1,5,671,5.4511
1997,1,2,1,202,4.4328
1997,1,2,2,110,2.0004
1997,1,2,3,122,2.5507
1997,1,2,4,179,1.6852
1997,1,2,5,326,4.1706
1997,1,3,1,129,4.7471
1997,1,3,2,153,4.2205
1997,1,3,3,155,5.1525
1997,1,3,4,164,5.2559
1997,1,3,5,246,8.3799
1997,2,1,1,874,-3.3108
1997,2,1,2,264,-1.5965
1997,2,1,3,343,-0.4623
1997,2,1,4,345,-3.0968
1997,2,1,5,668,-4.7073
1997,2,2,1,201,-3.6701
1997,2,2,2,110,0.4436
1997,2,2,3,122,-3.8837
1997,2,2,4,178,-2.8839
1997,2,2,5,325,-4.8473
1997,2,3,1,128,-0.2447
1997,2,3,2,152,1.5832
1997,2,3,3,155,0.3773
1997,2,3,4,162,1.9717
1997,2,3,5,245,-5.0594
1997,3,1,1,865,-6.2100
1997,3,1,2,261,-3.5031
1997,3,1,3,342,-2.8194
1997,3,1,4,343,-2.3619
1997,3,1,5,663,-6.1548
1997,3,2,1,199,-6.0757
1997,3,2,2,110,-2.4175
1997,3,2,3,121,-2.4130
1997,3,2,4,176,-3.1693
1997,3,2,5,322,-6.4133
1997,3,3,1,128,-2.6861
1997,3,3,2,152,-5.0826
1997,3,3,3,155,-1.8720
1997,3,3,4,162,-4.1255
1997,3,3,5,245,-4.7692
1997,4,1,1,858,-4.9874
1997,4,1,2,260,-3.3652
1997,4,1,3,338,-2.3019
1997,4,1,4,338,-4.7140
1997,4,1,5,658,-2.9325
1997,4,2,1,199,-1.2995
1997,4,2,2,110,2.0092
1997,4,2,3,121,1.9093
1997,4,2,4,175,-0.0105
1997,4,2,5,320,-0.1063
1997,4,3,1,128,3.1325
1997,4,3,2,152,4.2245
1997,4,3,3,155,5.3345
1997,4,3,4,162,5.9021
1997,4,3,5,244,7.1163
1997,5,1,1,854,9.9593
1997,5,1,2,253,9.0656
1997,5,1,3,338,8.9898
1997,5,1,4,337,9.8716
1997,5,1,5,653,12.5277
1997,5,2,1,198,12.2598
1997,5,2,2,110,11.5763
1997,5,2,3,121,11.3173
1997,5,2,4,174,11.3195
1997,5,2,5,317,14.8463
1997,5,3,1,127,5.5703
1997,5,3,2,152,6.8318
1997,5,3,3,154,6.0479
1997,5,3,4,162,6.2280
1997,5,3,5,244,8.3261
1997,6,1,1,847,5.0078
1997,6,1,2,251,7.0125
1997,6,1,3,335,5.7126
1997,6,1,4,336,4.1711
1997,6,1,5,650,5.8403
1997,6,2,1,197,4.3555
1997,6,2,2,109,4.6373
1997,6,2,3,121,7.1583
1997,6,2,4,173,3.0380
1997,6,2,5,316,3.2343
1997,6,3,1,127,5.1914
1997,6,3,2,151,4.8145
1997,6,3,3,153,2.4019
1997,6,3,4,161,5.1607
1997,6,3,5,243,2.4918
1997,7,1,1,1009,6.2697
1997,7,1,2,343,4.0483
1997,7,1,3,281,4.7273
1997,7,1,4,408,6.8233
1997,7,1,5,779,4.6935
1997,7,2,1,166,5.6745
1997,7,2,2,119,5.0824
1997,7,2,3,120,5.7270
1997,7,2,4,157,5.7611
1997,7,2,5,306,6.5670
1997,7,3,1,143,8.5865
1997,7,3,2,173,8.9876
1997,7,3,3,169,5.3774
1997,7,3,4,212,6.1494
1997,7,3,5,234,10.0380
1997,8,1,1,992,7.3986
1997,8,1,2,339,4.3236
1997,8,1,3,278,3.6952
1997,8,1,4,408,3.1540
1997,8,1,5,774,4.9347
1997,8,2,1,165,3.7249
1997,8,2,2,117,3.1119
1997,8,2,3,119,2.7070
1997,8,2,4,157,3.8335
1997,8,2,5,304,3.8551
1997,8,3,1,142,-1.3572
1997,8,3,2,172,-4.5187
1997,8,3,3,169,-5.4885
1997,8,3,4,211,-4.1836
1997,8,3,5,233,-2.9546
1997,9,1,1,978,9.8007
1997,9,1,2,338,7.5965
1997,9,1,3,276,7.9258
1997,9,1,4,407,8.0864
1997,9,1,5,772,9.4349
1997,9,2,1,164,7.1590
1997,9,2,2,117,5.7130
1997,9,2,3,116,6.0972
1997,9,2,4,152,7.5756
1997,9,2,5,299,8.8517
1997,9,3,1,140,5.5214
1997,9,3,2,171,4.7812
1997,9,3,3,165,6.0169
1997,9,3,4,211,4.5302
1997,9,3,5,232,3.4926
1997,10,1,1,967,-3.4777
1997,10,1,2,335,-0.9510
1997,10,1,3,274,-3.8320
1997,10,1,4,407,-3.5783
1997,10,1,5,763,-5.7255
1997,10,2,1,164,-7.4188
1997,10,2,2,116,-3.4709
1997,10,2,3,114,-2.8668
1997,10,2,4,152,-3.4859
1997,10,2,5,298,-5.9442
1997,10,3,1,139,-5.7646
1997,10,3,2,169,-5.3045
1997,10,3,3,165,-3.4942
1997,10,3,4,210,-1.1650
1997,10,3,5,230,-4.5485
1997,11,1,1,951,-3.6247
1997,11,1,2,332,-1.9343
1997,11,1,3,273,-0.2414
1997,11,1,4,399,-1.3870
1997,11,1,5,759,-4.4598
1997,11,2,1,162,-2.2126
1997,11,2,2,115,1.0747
1997,11,2,3,114,1.2469
1997,11,2,4,149,-2.1821
1997,11,2,5,296,-2.7877
1997,11,3,1,139,2.7864
1997,11,3,2,168,7.0292
1997,11,3,3,165,3.5249
1997,11,3,4,208,5.2039
1997,11,3,5,229,1.4527
1997,12,1,1,940,-4.3900
1997,12,1,2,331,-0.9060
1997,12,1,3,272,-0.5188
1997,12,1,4,396,-2.7425
1997,12,1,5,755,-5.4127
1997,12,2,1,160,-0.9295
1997,12,2,2,114,2.8315
1997,12,2,3,112,1.2246
1997,12,2,4,147,-0.2815
1997,12,2,5,295,-1.6019
1997,12,3,1,139,-1.0803
1997,12,3,2,167,1.8098
1997,12,3,3,164,2.1554
1997,12,3,4,208,2.1054
1997,12,3,5,228,-2.2884
1998,1,1,1,929,0.9089
1998,1,1,2,326,-0.0758
1998,1,1,3,269,-1.8473
1998,1,1,4,390,0.1411
1998,1,1,5,744,-1.1752
1998,1,2,1,158,-0.2600
1998,1,2,2,109,-1.9575
1998,1,2,3,112,-1.7148
1998,1,2,4,143,0.1648
1998,1,2,5,294,-1.3010
1998,1,3,1,139,0.2817
1998,1,3,2,166,0.5898
1998,1,3,3,164,0.8583
1998,1,3,4,208,2.4525
1998,1,3,5,227,2.8842
1998,2,1,1,915,6.3867
1998,2,1,2,323,5.4612
1998,2,1,3,267,5.9902
1998,2,1,4,385,7.3560
1998,2,1,5,738,5.1961
1998,2,2,1,157,7.9783
1998,2,2,2,109,5.7673
1998,2,2,3,110,5.0785
1998,2,2,4,141,10.4359
1998,2,2,5,292,9.7002
1998,2,3,1,138,6.3846
1998,2,3,2,165,5.1014
1998,2,3,3,164,6.0843
1998,2,3,4,207,6.3808
1998,2,3,5,226,10.9948
1998,3,1,1,898,5.1678
1998,3,1,2,321,5.2893
1998,3,1,3,265,5.2785
1998,3,1,4,382,4.7409
1998,3,1,5,732,3.3109
1998,3,2,1,157,3.9205
1998,3,2,2,108,4.2979
1998,3,2,3,110,4.4264
1998,3,2,4,140,3.6693
1998,3,2,5,290,3.9299
1998,3,3,1,138,4.8587
1998,3,3,2,165,5.7622
1998,3,3,3,163,5.8223
1998,3,3,4,207,3.3753
1998,3,3,5,226,4.5027
1998,4,1,1,877,3.4945
1998,4,1,2,319,1.0123
1998,4,1,3,263,1.9643
1998,4,1,4,375,3.5707
1998,4,1,5,725,1.9089
1998,4,2,1,156,0.3151
1998,4,2,2,108,2.0281
1998,4,2,3,109,1.4456
1998,4,2,4,138,0.7580
1998,4,2,5,287,-0.2592
1998,4,3,1,135,-0.0032
1998,4,3,2,165,-0.0155
1998,4,3,3,163,0.2498
1998,4,3,4,206,1.7905
1998,4,3,5,225,1.2478
1998,5,1,1,865,-4.4498
1998,5,1,2,311,-3.6609
1998,5,1,3,262,-3.8869
1998,5,1,4,370,-4.3765
1998,5,1,5,720,-5.5802
1998,5,2,1,156,-6.2015
1998,5,2,2,107,-3.8592
1998,5,2,3,109,-3.8598
1998,5,2,4,138,-6.2989
1998,5,2,5,284,-6.5867
1998,5,3,1,135,-2.2182
1998,5,3,2,164,-1.4056
1998,5,3,3,163,-1.3692
1998,5,3,4,206,-2.3025
1998,5,3,5,224,-3.8614
1998,6,1,1,861,-1.7748
1998,6,1,2,303,-0.3112
1998,6,1,3,258,-1.1078
1998,6,1,4,369,-1.9939
1998,6,1,5,713,-1.4312
1998,6,2,1,154,0.6003
1998,6,2,2,107,1.0043
1998,6,2,3,109,-0.1615
1998,6,2,4,137,-0.6228
1998,6,2,5,284,-0.7789
1998,6,3,1,134,1.5561
1998,6,3,2,163,1.7578
1998,6,3,3,162,3.8129
1998,6,3,4,204,3.2570
1998,6,3,5,223,7.8204
1998,7,1,1,1067,-7.5809
1998,7,1,2,324,-6.4107
1998,7,1,3,337,-7.5930
1998,7,1,4,393,-6.2795
1998,7,1,5,766,-8.0866
1998,7,2,1,193,-7.7035
1998,7,2,2,117,-7.9799
1998,7,2,3,137,-5.7340
1998,7,2,4,157,-8.7424
1998,7,2,5,332,-9.5253
1998,7,3,1,190,-2.6905
1998,7,3,2,169,-1.5061
1998,7,3,3,177,-1.2508
1998,7,3,4,185,-2.4754
1998,7,3,5,246,-0.8308
1998,8,1,1,1044,-23.8675
1998,8,1,2,321,-16.7199
1998,8,1,3,331,-19.5926
1998,8,1,4,392,-17.8080
1998,8,1,5,761,-23.7245
1998,8,2,1,192,-22.6861
1998,8,2,2,117,-14.2557
1998,8,2,3,136,-17.7618
1998,8,2,4,156,-17.5750
1998,8,2,5,331,-22.0569
1998,8,3,1,187,-13.4202
1998,8,3,2,169,-9.2614
1998,8,3,3,176,-12.5971
1998,8,3,4,183,-14.5455
1998,8,3,5,244,-16.7837
1998,9,1,1,1031,4.0464
1998,9,1,2,318,3.4694
1998,9,1,3,328,3.2299
1998,9,1,4,386,1.9824
1998,9,1,5,755,5.5262
1998,9,2,1,189,9.2614
1998,9,2,2,116,5.3074
1998,9,2,3,134,5.9043
1998,9,2,4,156,6.5538
1998,9,2,5,327,8.3802
1998,9,3,1,185,8.2948
1998,9,3,2,167,8.9560
1998,9,3,3,176,5.0028
1998,9,3,4,182,5.7124
1998,9,3,5,243,11.0555
1998,10,1,1,1001,3.8722
1998,10,1,2,316,0.1603
1998,10,1,3,324,0.3058
1998,10,1,4,384,4.7628
1998,10,1,5,745,3.5797
1998,10,2,1,188,6.0296
1998,10,2,2,116,4.4392
1998,10,2,3,134,3.3834
1998,10,2,4,154,6.8148
1998,10,2,5,325,6.5679
1998,10,3,1,184,6.1673
1998,10,3,2,167,7.5485
1998,10,3,3,175,8.8112
1998,10,3,4,181,8.1406
1998,10,3,5,240,4.4790
1998,11,1,1,967,10.8077
1998,11,1,2,311,7.6518
1998,11,1,3,318,8.3492
1998,11,1,4,380,4.5827
1998,11,1,5,737,9.5757
1998,11,2,1,188,7.1292
1998,11,2,2,116,4.5617
1998,11,2,3,131,4.0387
1998,11,2,4,153,5.7334
1998,11,2,5,323,6.8457
1998,11,3,1,183,6.3179
1998,11,3,2,167,4.4967
1998,11,3,3,174,6.2716
1998,11,3,4,179,5.1975
1998,11,3,5,237,9.6263
1998,12,1,1,943,2.5146
1998,12,1,2,306,2.8024
1998,12,1,3,316,0.9717
1998,12,1,4,377,3.0919
1998,12,1,5,735,1.4989
1998,12,2,1,187,6.7388
1998,12,2,2,115,5.4870
1998,12,2,3,131,2.3661
1998,12,2,4,153,4.2351
1998,12,2,5,322,7.6153
1998,12,3,1,181,7.7100
1998,12,3,2,166,5.4311
1998,12,3,3,174,5.1874
1998,12,3,4,178,6.7781
1998,12,3,5,236,12.3724
1999,1,1,1,921,8.8783
1999,1,1,2,300,2.1899
1999,1,1,3,314,3.9147
1999,1,1,4,373,4.0160
1999,1,1,5,722,6.4206
1999,1,2,1,187,9.1800
1999,1,2,2,115,-3.6112
1999,1,2,3,130,-1.1149
1999,1,2,4,153,-2.2328
1999,1,2,5,317,1.1203
1999,1,3,1,181,4.2570
1999,1,3,2,166,1.0032
1999,1,3,3,174,3.0965
1999,1,3,4,177,4.2169
1999,1,3,5,235,9.7661
1999,2,1,1,898,-7.3927
1999,2,1,2,295,-6.3833
1999,2,1,3,309,-5.9253
1999,2,1,4,365,-6.6329
1999,2,1,5,712,-9.1665
1999,2,2,1,185,-10.9442
1999,2,2,2,115,-6.1204
1999,2,2,3,130,-7.9643
1999,2,2,4,151,-8.1191
1999,2,2,5,315,-10.4249
1999,2,3,1,179,-4.7203
1999,2,3,2,164,-5.3071
1999,2,3,3,174,-0.5016
1999,2,3,4,177,-3.0734
1999,2,3,5,232,-8.5934
1999,3,1,1,885,-1.8578
1999,3,1,2,288,-7.9204
1999,3,1,3,308,-2.0179
1999,3,1,4,359,-4.4004
1999,3,1,5,703,-3.6695
1999,3,2,1,185,0.4772
1999,3,2,2,113,-0.5074
1999,3,2,3,130,-1.8930
1999,3,2,4,149,-0.2027
1999,3,2,5,313,0.2694
1999,3,3,1,179,6.0406
1999,3,3,2,164,2.2404
1999,3,3,3,173,1.2992
1999,3,3,4,177,4.3091
1999,3,3,5,232,6.9725
1999,4,1,1,866,9.2433
1999,4,1,2,286,9.9027
1999,4,1,3,303,8.3414
1999,4,1,4,352,8.8627
1999,4,1,5,688,10.0609
1999,4,2,1,181,12.0882
1999,4,2,2,111,6.1301
1999,4,2,3,129,11.4684
1999,4,2,4,147,8.2391
1999,4,2,5,309,5.4578
1999,4,3,1,172,3.4263
1999,4,3,2,162,6.2375
1999,4,3,3,173,3.6454
1999,4,3,4,177,6.2404
1999,4,3,5,230,-2.6811
1999,5,1,1,843,4.2848
1999,5,1,2,283,5.2536
1999,5,1,3,301,5.3434
1999,5,1,4,351,5.3106
1999,5,1,5,681,5.9220
1999,5,2,1,180,2.2220
1999,5,2,2,111,5.1558
1999,5,2,3,128,2.1564
1999,5,2,4,147,3.9259
1999,5,2,5,305,2.7506
1999,5,3,1,172,-2.4685
1999,5,3,2,161,-0.2260
1999,5,3,3,171,-2.3950
1999,5,3,4,176,-0.5031
1999,5,3,5,228,-2.3013
1999,6,1,1,828,7.4413
1999,6,1,2,280,7.0372
1999,6,1,3,297,7.3815
1999,6,1,4,348,7.4478
1999,6,1,5,676,6.9020
1999,6,2,1,177,8.5627
1999,6,2,2,111,7.1379
1999,6,2,3,128,3.7626
1999,6,2,4,146,5.9738
1999,6,2,5,304,8.5250
1999,6,3,1,172,2.6230
1999,6,3,2,160,4.7953
1999,6,3,3,171,4.1985
1999,6,3,4,175,6.5808
1999,6,3,5,226,9.3639
1999,7,1,1,933,2.7024
1999,7,1,2,314,1.7372
1999,7,1,3,326,2.6174
1999,7,1,4,359,1.1035
1999,7,1,5,714,1.0352
1999,7,2,1,229,0.0148
1999,7,2,2,122,-1.8766
1999,7,2,3,127,-2.1963
1999,7,2,4,165,-1.6826
1999,7,2,5,297,-1.9797
1999,7,3,1,187,-2.6556
1999,7,3,2,179,-0.9450
1999,7,3,3,177,-3.0138
1999,7,3,4,174,-3.7056
1999,7,3,5,234,-1.6247
1999,8,1,1,914,-0.9304
1999,8,1,2,309,-3.0456
1999,8,1,3,322,-1.9090
1999,8,1,4,357,-4.2331
1999,8,1,5,708,-2.3498
1999,8,2,1,227,-1.9784
1999,8,2,2,121,-2.5669
1999,8,2,3,125,-3.3063
1999,8,2,4,163,-4.2060
1999,8,2,5,293,-2.8433
1999,8,3,1,186,-2.2511
1999,8,3,2,178,-0.8672
1999,8,3,3,175,-0.0851
1999,8,3,4,173,-2.8016
1999,8,3,5,232,5.4380
1999,9,1,1,898,-0.8504
1999,9,1,2,306,-0.7279
1999,9,1,3,318,-3.7206
1999,9,1,4,353,-1.6143
1999,9,1,5,705,-0.7837
1999,9,2,1,223,2.5759
1999,9,2,2,120,-2.1536
1999,9,2,3,124,-1.5238
1999,9,2,4,159,-2.4288
1999,9,2,5,291,0.7357
1999,9,3,1,182,-3.2436
1999,9,3,2,177,-4.8412
1999,9,3,3,174,0.0927
1999,9,3,4,173,-3.5264
1999,9,3,5,229,-0.5111
1999,10,1,1,877,-0.2282
1999,10,1,2,299,-2.3532
1999,10,1,3,313,-2.9517
1999,10,1,4,345,-1.2065
1999,10,1,5,700,-2.5701
1999,10,2,1,221,0.3304
1999,10,2,2,119,-3.2982
1999,10,2,3,123,-1.0280
1999,10,2,4,159,-3.8026
1999,10,2,5,290,-1.4145
1999,10,3,1,182,10.3719
1999,10,3,2,176,-2.3291
1999,10,3,3,170,3.7144
1999,10,3,4,173,7.1190
1999,10,3,5,228,4.7981
1999,11,1,1,859,18.5465
1999,11,1,2,294,16.7695
1999,11,1,3,309,5.5815
1999,11,1,4,344,6.6066
1999,11,1,5,696,12.8191
1999,11,2,1,219,10.8724
1999,11,2,2,119,4.3224
1999,11,2,3,123,6.4652
1999,11,2,4,155,5.3905
1999,11,2,5,290,10.4208
1999,11,3,1,180,3.9700
1999,11,3,2,175,3.6569
1999,11,3,3,170,0.9132
1999,11,3,4,171,3.5965
1999,11,3,5,224,7.4643
1999,12,1,1,845,28.4136
1999,12,1,2,286,10.2879
1999,12,1,3,309,5.3845
1999,12,1,4,339,6.6583
1999,12,1,5,689,11.9375
1999,12,2,1,215,18.0291
1999,12,2,2,118,7.0691
1999,12,2,3,122,9.2706
1999,12,2,4,152,5.9998
1999,12,2,5,280,11.3017
1999,12,3,1,180,2.7077
1999,12,3,2,174,4.2951
1999,12,3,3,168,10.4391
1999,12,3,4,168,-0.5793
1999,12,3,5,222,20.0225
2000,1,1,1,831,15.1331
2000,1,1,2,284,2.3800
2000,1,1,3,305,5.3922
2000,1,1,4,334,2.5265
2000,1,1,5,680,7.1214
2000,1,2,1,215,-1.9719
2000,1,2,2,116,0.0755
2000,1,2,3,119,0.3345
2000,1,2,4,148,0.5406
2000,1,2,5,277,-1.3875
2000,1,3,1,178,-5.2146
2000,1,3,2,173,-4.2288
2000,1,3,3,165,-5.4649
2000,1,3,4,168,-4.0341
2000,1,3,5,222,-5.6294
2000,2,1,1,816,49.3306
2000,2,1,2,279,22.5117
2000,2,1,3,304,18.1115
2000,2,1,4,334,16.3456
2000,2,1,5,677,24.8735
2000,2,2,1,214,25.3896
2000,2,2,2,115,3.2975
2000,2,2,3,117,5.8830
2000,2,2,4,148,22.8436
2000,2,2,5,274,23.0365
2000,2,3,1,175,0.5400
2000,2,3,2,172,0.9387
2000,2,3,3,165,-2.0110
2000,2,3,4,167,-2.8257
2000,2,3,5,221,8.0511
2000,3,1,1,807,-16.7731
2000,3,1,2,275,-7.8836
2000,3,1,3,299,-8.3256
2000,3,1,4,327,-1.4948
2000,3,1,5,668,-6.9054
2000,3,2,1,211,-10.1411
2000,3,2,2,114,-1.7231
2000,3,2,3,116,0.4299
2000,3,2,4,146,-11.1572
2000,3,2,5,270,-5.6014
2000,3,3,1,172,7.4305
2000,3,3,2,172,6.2279
2000,3,3,3,164,11.2888
2000,3,3,4,166,4.6243
2000,3,3,5,221,7.8560
2000,4,1,1,798,-20.8774
2000,4,1,2,270,-17.1150
2000,4,1,3,296,-11.1153
2000,4,1,4,321,-10.6033
2000,4,1,5,664,-13.3582
2000,4,2,1,210,-12.1880
2000,4,2,2,111,1.3776
2000,4,2,3,114,2.6242
2000,4,2,4,146,-1.4264
2000,4,2,5,267,-9.0125
2000,4,3,1,166,-7.0220
2000,4,3,2,172,2.4891
2000,4,3,3,164,1.4019
2000,4,3,4,166,1.8412
2000,4,3,5,221,-10.5281
2000,5,1,1,792,-14.7050
2000,5,1,2,264,-8.1777
2000,5,1,3,294,-9.4138
2000,5,1,4,322,-6.1104
2000,5,1,5,657,-8.3561
2000,5,2,1,209,-11.1087
2000,5,2,2,109,-4.9579
2000,5,2,3,108,-2.3527
2000,5,2,4,145,-5.2616
2000,5,2,5,265,-6.0570
2000,5,3,1,165,-6.3809
2000,5,3,2,169,-1.6976
2000,5,3,3,163,-0.4840
2000,5,3,4,166,0.2607
2000,5,3,5,220,-9.2795
2000,6,1,1,784,34.2562
2000,6,1,2,260,24.3704
2000,6,1,3,291,13.1359
2000,6,1,4,316,14.1260
2000,6,1,5,649,20.3308
2000,6,2,1,205,14.6520
2000,6,2,2,108,2.4511
2000,6,2,3,107,5.4661
2000,6,2,4,143,9.6649
2000,6,2,5,263,10.8816
2000,6,3,1,163,4.6131
2000,6,3,2,169,-1.7827
2000,6,3,3,163,0.8448
2000,6,3,4,166,0.5653
2000,6,3,5,220,12.5367
2000,7,1,1,841,-2.3004
2000,7,1,2,298,-0.4921
2000,7,1,3,279,-0.7511
2000,7,1,4,365,0.5641
2000,7,1,5,544,-2.9728
2000,7,2,1,243,-7.6229
2000,7,2,2,114,0.3755
2000,7,2,3,122,2.7183
2000,7,2,4,168,1.0898
2000,7,2,5,271,-2.7089
2000,7,3,1,190,-3.6980
2000,7,3,2,163,-3.6883
2000,7,3,3,167,-2.6252
2000,7,3,4,173,-2.6522
2000,7,3,5,327,-3.7191
2000,8,1,1,836,9.8513
2000,8,1,2,295,7.3171
2000,8,1,3,277,5.4014
2000,8,1,4,361,5.3033
2000,8,1,5,537,8.0148
2000,8,2,1,241,9.8102
2000,8,2,2,114,7.2834
2000,8,2,3,121,4.1405
2000,8,2,4,168,5.7637
2000,8,2,5,267,9.6368
2000,8,3,1,190,10.4185
2000,8,3,2,161,7.5747
2000,8,3,3,164,4.0317
2000,8,3,4,170,2.4601
2000,8,3,5,323,8.2114
2000,9,1,1,821,-4.4931
2000,9,1,2,291,-4.4755
2000,9,1,3,272,-1.8616
2000,9,1,4,359,-4.1738
2000,9,1,5,532,-3.4761
2000,9,2,1,238,-2.2172
2000,9,2,2,113,0.1491
2000,9,2,3,120,-2.6556
2000,9,2,4,166,-2.4522
2000,9,2,5,265,-4.2944
2000,9,3,1,188,-3.9329
2000,9,3,2,158,-6.2535
2000,9,3,3,163,2.8880
2000,9,3,4,170,-11.9146
2000,9,3,5,320,-8.6092
2000,10,1,1,803,-10.6109
2000,10,1,2,285,-4.1890
2000,10,1,3,270,-4.2982
2000,10,1,4,357,-5.9638
2000,10,1,5,528,-9.5654
2000,10,2,1,237,-7.5186
2000,10,2,2,110,-3.4712
2000,10,2,3,119,0.2211
2000,10,2,4,163,0.3298
2000,10,2,5,263,-3.6692
2000,10,3,1,185,-1.3489
2000,10,3,2,157,-2.7678
2000,10,3,3,162,3.5920
2000,10,3,4,169,1.1470
2000,10,3,5,315,-3.7389
2000,11,1,1,780,-16.5377
2000,11,1,2,277,-5.6518
2000,11,1,3,264,-7.7466
2000,11,1,4,354,-6.9395
2000,11,1,5,515,-10.3921
2000,11,2,1,236,-14.8668
2000,11,2,2,109,-4.2550
2000,11,2,3,118,-1.3364
2000,11,2,4,159,-3.9363
2000,11,2,5,261,-10.1335
2000,11,3,1,183,-13.0169
2000,11,3,2,157,-7.7684
2000,11,3,3,159,-1.3128
2000,11,3,4,168,-4.8776
2000,11,3,5,313,-15.7825
2000,12,1,1,757,-7.1998
2000,12,1,2,271,1.9576
2000,12,1,3,265,0.1463
2000,12,1,4,349,0.0455
2000,12,1,5,508,0.4575
2000,12,2,1,235,6.1463
2000,12,2,2,107,10.6172
2000,12,2,3,117,10.8783
2000,12,2,4,158,8.8077
2000,12,2,5,260,6.0946
2000,12,3,1,183,-0.1099
2000,12,3,2,156,2.5619
2000,12,3,3,158,1.8741
2000,12,3,4,167,1.2703
2000,12,3,5,310,-4.8017
2001,1,1,1,739,24.4849
2001,1,1,2,266,11.5930
2001,1,1,3,260,13.6887
2001,1,1,4,345,15.1066
2001,1,1,5,503,17.7168
2001,1,2,1,231,6.5808
2001,1,2,2,106,4.0616
2001,1,2,3,116,1.7071
2001,1,2,4,157,4.6035
2001,1,2,5,256,9.7344
2001,1,3,1,183,4.8452
2001,1,3,2,155,2.7680
2001,1,3,3,156,-1.8800
2001,1,3,4,166,3.4837
2001,1,3,5,310,10.1043
2001,2,1,1,720,-9.6909
2001,2,1,2,262,-1.5605
2001,2,1,3,255,-3.4198
2001,2,1,4,340,-1.6489
2001,2,1,5,493,-6.3134
2001,2,2,1,228,-9.6907
2001,2,2,2,105,0.3361
2001,2,2,3,114,0.0998
2001,2,2,4,155,-0.7256
2001,2,2,5,255,-8.9601
2001,2,3,1,182,-10.0584
2001,2,3,2,155,-4.7304
2001,2,3,3,155,-2.4874
2001,2,3,4,165,-9.5931
2001,2,3,5,310,-16.8987
2001,3,1,1,707,-7.8905
2001,3,1,2,261,-2.3749
2001,3,1,3,254,-0.6475
2001,3,1,4,337,-3.0104
2001,3,1,5,488,-4.4426
2001,3,2,1,225,-6.1892
2001,3,2,2,105,0.4545
2001,3,2,3,114,-2.5383
2001,3,2,4,154,-3.9933
2001,3,2,5,252,-5.9966
2001,3,3,1,182,-10.1672
2001,3,3,2,154,-4.6518
2001,3,3,3,152,-4.7557
2001,3,3,4,163,-5.6679
2001,3,3,5,309,-10.6575
2001,4,1,1,691,5.1179
2001,4,1,2,259,10.0501
2001,4,1,3,250,3.4549
2001,4,1,4,333,7.0214
2001,4,1,5,483,7.2557
2001,4,2,1,224,9.1889
2001,4,2,2,104,5.1527
2001,4,2,3,113,6.3668
2001,4,2,4,154,6.7581
2001,4,2,5,251,8.9159
2001,4,3,1,182,7.4514
2001,4,3,2,152,10.3250
2001,4,3,3,151,6.0050
2001,4,3,4,162,7.4243
2001,4,3,5,308,12.3287
2001,5,1,1,668,10.4997
2001,5,1,2,256,11.2687
2001,5,1,3,246,11.5021
2001,5,1,4,330,13.3349
2001,5,1,5,476,12.0320
2001,5,2,1,222,4.3531
2001,5,2,2,102,3.9564
2001,5,2,3,112,3.1853
2001,5,2,4,154,3.2736
2001,5,2,5,248,4.1798
2001,5,3,1,181,0.5884
2001,5,3,2,151,0.9833
2001,5,3,3,151,-0.0851
2001,5,3,4,162,-0.8917
2001,5,3,5,307,0.2698
2001,6,1,1,647,1.9015
2001,6,1,2,251,2.4315
2001,6,1,3,242,2.5955
2001,6,1,4,324,2.3172
2001,6,1,5,473,3.2695
2001,6,2,1,220,5.5224
2001,6,2,2,100,-0.3309
2001,6,2,3,111,1.5948
2001,6,2,4,153,7.2031
2001,6,2,5,245,6.3758
2001,6,3,1,179,-3.7363
2001,6,3,2,151,-1.0819
2001,6,3,3,148,-4.5298
2001,6,3,4,162,-2.9009
2001,6,3,5,307,-1.9518
2001,7,1,1,866,-5.7623
2001,7,1,2,269,-2.1949
2001,7,1,3,272,2.3644
2001,7,1,4,313,0.4234
2001,7,1,5,506,-4.9211
2001,7,2,1,202,-6.6127
2001,7,2,2,116,-2.6821
2001,7,2,3,114,-1.4006
2001,7,2,4,167,-4.1849
2001,7,2,5,314,-8.6863
2001,7,3,1,174,-4.8238
2001,7,3,2,135,-2.6433
2001,7,3,3,143,-3.0583
2001,7,3,4,155,3.0253
2001,7,3,5,275,-2.0581
2001,8,1,1,843,-5.7156
2001,8,1,2,269,-1.6317
2001,8,1,3,268,-1.2574
2001,8,1,4,312,-1.4124
2001,8,1,5,498,-4.8274
2001,8,2,1,202,-6.4240
2001,8,2,2,115,-0.0143
2001,8,2,3,114,0.8571
2001,8,2,4,166,-1.0221
2001,8,2,5,311,-5.6029
2001,8,3,1,173,-9.6697
2001,8,3,2,135,-3.3903
2001,8,3,3,142,-4.5457
2001,8,3,4,155,-3.7030
2001,8,3,5,275,-9.3737
2001,9,1,1,810,-16.4847
2001,9,1,2,264,-14.3781
2001,9,1,3,263,-12.5703
2001,9,1,4,309,-10.7805
2001,9,1,5,484,-14.8089
2001,9,2,1,201,-18.8616
2001,9,2,2,115,-13.4438
2001,9,2,3,113,-12.1533
2001,9,2,4,165,-14.3805
2001,9,2,5,310,-19.5286
2001,9,3,1,170,-11.6278
2001,9,3,2,135,-12.8995
2001,9,3,3,139,-5.6234
2001,9,3,4,151,-5.8811
2001,9,3,5,273,-12.1581
2001,10,1,1,797,10.0115
2001,10,1,2,261,2.7753
2001,10,1,3,260,7.8690
2001,10,1,4,305,5.8910
2001,10,1,5,481,11.9403
2001,10,2,1,199,9.9920
2001,10,2,2,115,4.1262
2001,10,2,3,110,3.5053
2001,10,2,4,165,3.6800
2001,10,2,5,308,11.6273
2001,10,3,1,170,6.0969
2001,10,3,2,135,1.8051
2001,10,3,3,139,-0.4068
2001,10,3,4,149,2.0623
2001,10,3,5,272,7.7355
2001,11,1,1,784,10.5405
2001,11,1,2,258,1.3882
2001,11,1,3,256,4.4146
2001,11,1,4,303,7.3292
2001,11,1,5,478,6.4207
2001,11,2,1,197,10.8650
2001,11,2,2,114,7.1909
2001,11,2,3,110,5.9777
2001,11,2,4,164,8.1383
2001,11,2,5,307,11.3327
2001,11,3,1,169,9.5854
2001,11,3,2,135,6.3151
2001,11,3,3,137,4.2186
2001,11,3,4,147,6.6015
2001,11,3,5,272,11.7624
2001,12,1,1,761,6.9972
2001,12,1,2,254,6.0506
2001,12,1,3,254,7.0272
2001,12,1,4,294,7.8854
2001,12,1,5,471,8.5152
2001,12,2,1,196,5.8290
2001,12,2,2,114,6.9427
2001,12,2,3,110,6.3553
2001,12,2,4,164,7.1199
2001,12,2,5,305,6.9765
2001,12,3,1,169,1.6972
2001,12,3,2,134,1.8576
2001,12,3,3,135,2.3893
2001,12,3,4,147,0.2335
2001,12,3,5,270,-0.2517
2002,1,1,1,752,4.8179
2002,1,1,2,252,3.0164
2002,1,1,3,253,3.0478
2002,1,1,4,289,1.4251
2002,1,1,5,467,0.2625
2002,1,2,1,196,-0.0028
2002,1,2,2,114,-0.2964
2002,1,2,3,110,0.1400
2002,1,2,4,163,1.6642
2002,1,2,5,302,-3.7558
2002,1,3,1,167,0.1104
2002,1,3,2,133,0.0503
2002,1,3,3,135,-5.0267
2002,1,3,4,147,0.1586
2002,1,3,5,268,0.0946
2002,2,1,1,734,-6.5582
2002,2,1,2,251,-1.5043
2002,2,1,3,251,-2.6045
2002,2,1,4,288,-2.4905
2002,2,1,5,465,-7.3423
2002,2,2,1,196,-4.7896
2002,2,2,2,114,0.3167
2002,2,2,3,110,2.1768
2002,2,2,4,163,-0.3317
2002,2,2,5,301,-6.0930
2002,2,3,1,166,-4.6206
2002,2,3,2,130,0.6333
2002,2,3,3,135,1.3823
2002,2,3,4,145,-1.4199
2002,2,3,5,267,-5.3429
2002,3,1,1,723,9.3139
2002,3,1,2,247,9.2946
2002,3,1,3,248,10.0612
2002,3,1,4,285,9.6533
2002,3,1,5,460,8.2525
2002,3,2,1,194,10.2545
2002,3,2,2,114,9.3404
2002,3,2,3,110,8.2841
2002,3,2,4,162,8.8085
2002,3,2,5,302,9.1877
2002,3,3,1,165,3.4131
2002,3,3,2,129,4.7465
2002,3,3,3,135,1.9102
2002,3,3,4,145,3.7708
2002,3,3,5,266,4.1417
2002,4,1,1,712,-0.2879
2002,4,1,2,246,4.4137
2002,4,1,3,247,6.9118
2002,4,1,4,280,3.4311
2002,4,1,5,458,-0.4309
2002,4,2,1,194,-3.3158
2002,4,2,2,114,3.2091
2002,4,2,3,109,2.7543
2002,4,2,4,160,2.7165
2002,4,2,5,301,-2.3479
2002,4,3,1,164,-6.9616
2002,4,3,2,129,-2.8207
2002,4,3,3,135,-9.0225
2002,4,3,4,144,-3.2520
2002,4,3,5,264,-8.5291
2002,5,1,1,694,-0.7598
2002,5,1,2,245,-1.6141
2002,5,1,3,246,-2.2871
2002,5,1,4,277,-0.3525
2002,5,1,5,451,-3.5482
2002,5,2,1,192,-6.6710
2002,5,2,2,113,-3.2451
2002,5,2,3,109,-2.8072
2002,5,2,4,159,-4.6212
2002,5,2,5,301,-5.8901
2002,5,3,1,164,-1.8578
2002,5,3,2,129,0.6103
2002,5,3,3,135,-0.2298
2002,5,3,4,144,-0.2366
2002,5,3,5,264,-2.9407
2002,6,1,1,683,-5.7994
2002,6,1,2,243,-1.0555
2002,6,1,3,242,0.1790
2002,6,1,4,277,-1.1911
2002,6,1,5,444,-5.3469
2002,6,2,1,191,-7.7585
2002,6,2,2,113,-4.6333
2002,6,2,3,109,-3.7113
2002,6,2,4,159,-3.6476
2002,6,2,5,299,-6.5528
2002,6,3,1,164,-6.7247
2002,6,3,2,129,-8.4381
2002,6,3,3,134,-6.2075
2002,6,3,4,142,-9.6623
2002,6,3,5,263,-7.9166
2002,7,1,1,1062,-17.4676
2002,7,1,2,296,-13.5861
2002,7,1,3,262,-12.2898
2002,7,1,4,288,-13.5033
2002,7,1,5,423,-16.4364
2002,7,2,1,209,-18.6993
2002,7,2,2,101,-18.6830
2002,7,2,3,112,-15.0379
2002,7,2,4,153,-14.5339
2002,7,2,5,211,-15.8696
2002,7,3,1,157,-7.9213
2002,7,3,2,128,-8.1270
2002,7,3,3,140,-4.8363
2002,7,3,4,154,-6.4984
2002,7,3,5,204,-9.3079
2002,8,1,1,1044,-1.8044
2002,8,1,2,293,-3.8306
2002,8,1,3,261,-2.2392
2002,8,1,4,286,-2.6126
2002,8,1,5,421,-1.7115
2002,8,2,1,209,-0.5911
2002,8,2,2,101,-0.0619
2002,8,2,3,112,-0.0534
2002,8,2,4,152,0.8055
2002,8,2,5,211,-0.1726
2002,8,3,1,157,-1.7111
2002,8,3,2,127,-0.0639
2002,8,3,3,140,-1.3107
2002,8,3,4,154,0.6266
2002,8,3,5,203,1.8574
2002,9,1,1,1015,-12.9293
2002,9,1,2,291,-9.5267
2002,9,1,3,260,-7.9346
2002,9,1,4,285,-6.7693
2002,9,1,5,418,-8.4698
2002,9,2,1,207,-11.9290
2002,9,2,2,101,-9.3284
2002,9,2,3,112,-6.0670
2002,9,2,4,152,-5.4530
2002,9,2,5,210,-5.8866
2002,9,3,1,157,-11.3226
2002,9,3,2,127,-9.4669
2002,9,3,3,140,-13.3800
2002,9,3,4,153,-8.1059
2002,9,3,5,203,-10.0062
2002,10,1,1,1000,7.7247
2002,10,1,2,289,2.6841
2002,10,1,3,259,2.0842
2002,10,1,4,285,1.5236
2002,10,1,5,417,3.8270
2002,10,2,1,207,10.7273
2002,10,2,2,101,4.6003
2002,10,2,3,112,0.4086
2002,10,2,4,152,3.8674
2002,10,2,5,210,3.4595
2002,10,3,1,157,11.6825
2002,10,3,2,127,7.2305
2002,10,3,3,140,6.8850
2002,10,3,4,152,8.0026
2002,10,3,5,203,8.3808
2002,11,1,1,983,20.5810
2002,11,1,2,282,9.9337
2002,11,1,3,254,7.4713
2002,11,1,4,280,8.0612
2002,11,1,5,416,13.9215
2002,11,2,1,207,17.7739
2002,11,2,2,101,10.2681
2002,11,2,3,112,5.8292
2002,11,2,4,152,6.6186
2002,11,2,5,208,9.5562
2002,11,3,1,156,13.7304
2002,11,3,2,127,7.1456
2002,11,3,3,140,7.1864
2002,11,3,4,152,2.9058
2002,11,3,5,203,4.4200
2002,12,1,1,967,-9.2887
2002,12,1,2,278,-4.7805
2002,12,1,3,252,-2.8461
2002,12,1,4,278,-2.4487
2002,12,1,5,415,-6.8183
2002,12,2,1,206,-11.5344
2002,12,2,2,101,-8.6013
2002,12,2,3,112,-3.1489
2002,12,2,4,151,-4.2117
2002,12,2,5,208,-7.2833
2002,12,3,1,156,-10.8132
2002,12,3,2,127,-5.9887
2002,12,3,3,140,-5.1198
2002,12,3,4,151,-3.1271
2002,12,3,5,203,-5.7060
2003,1,1,1,949,0.1624
2003,1,1,2,274,-1.4337
2003,1,1,3,251,-2.9441
2003,1,1,4,276,-0.2378
2003,1,1,5,409,-2.5669
2003,1,2,1,206,-4.7434
2003,1,2,2,100,-2.4920
2003,1,2,3,112,-1.5909
2003,1,2,4,151,-3.8210
2003,1,2,5,207,-4.2611
2003,1,3,1,156,-1.4595
2003,1,3,2,126,-1.6623
2003,1,3,3,140,-3.2575
2003,1,3,4,151,-2.8558
2003,1,3,5,203,-4.2088
2003,2,1,1,931,-3.5016
2003,2,1,2,273,-5.0555
2003,2,1,3,249,-2.3053
2003,2,1,4,272,-5.7131
2003,2,1,5,405,-4.4570
2003,2,2,1,204,-2.5921
2003,2,2,2,99,-3.9371
2003,2,2,3,112,-4.0948
2003,2,2,4,151,-2.2166
2003,2,2,5,206,-3.5451
2003,2,3,1,155,-0.1822
2003,2,3,2,126,-2.3473
2003,2,3,3,139,-2.5700
2003,2,3,4,151,-1.1876
2003,2,3,5,203,-0.2725
2003,3,1,1,910,1.9508
2003,3,1,2,269,-0.8138
2003,3,1,3,246,0.0169
2003,3,1,4,269,0.9530
2003,3,1,5,402,1.7604
2003,3,2,1,204,1.4562
2003,3,2,2,99,1.1978
2003,3,2,3,112,1.4756
2003,3,2,4,151,2.7682
2003,3,2,5,206,1.0878
2003,3,3,1,155,-0.0585
2003,3,3,2,126,-0.5085
2003,3,3,3,139,2.0838
2003,3,3,4,151,3.2674
2003,3,3,5,202,1.4922
2003,4,1,1,883,13.0187
2003,4,1,2,263,12.1170
2003,4,1,3,243,8.7567
2003,4,1,4,268,6.9045
2003,4,1,5,399,9.6033
2003,4,2,1,200,12.8496
2003,4,2,2,99,11.0700
2003,4,2,3,112,8.5100
2003,4,2,4,151,9.0118
2003,4,2,5,205,9.4310
2003,4,3,1,154,8.4141
2003,4,3,2,126,7.8078
2003,4,3,3,138,9.7107
2003,4,3,4,151,3.2474
2003,4,3,5,202,7.2253
2003,5,1,1,866,20.7213
2003,5,1,2,260,14.1718
2003,5,1,3,240,14.7215
2003,5,1,4,265,12.4238
2003,5,1,5,397,13.8077
2003,5,2,1,199,15.9865
2003,5,2,2,99,11.0135
2003,5,2,3,112,7.6991
2003,5,2,4,150,8.3952
2003,5,2,5,205,11.5722
2003,5,3,1,154,9.4640
2003,5,3,2,126,6.4148
2003,5,3,3,138,4.6561
2003,5,3,4,149,5.4699
2003,5,3,5,201,3.8420
2003,6,1,1,848,5.8366
2003,6,1,2,257,7.1559
2003,6,1,3,238,3.0934
2003,6,1,4,263,5.9971
2003,6,1,5,394,6.6345
2003,6,2,1,198,1.5894
2003,6,2,2,99,-0.2538
2003,6,2,3,112,2.7836
2003,6,2,4,149,2.0635
2003,6,2,5,205,2.8295
2003,6,3,1,154,1.5411
2003,6,3,2,126,0.2871
2003,6,3,3,138,1.4847
2003,6,3,4,149,1.6520
2003,6,3,5,201,2.1494
2003,7,1,1,825,10.4269
2003,7,1,2,335,8.5174
2003,7,1,3,242,9.1659
2003,7,1,4,219,7.4081
2003,7,1,5,454,8.6617
2003,7,2,1,177,11.0624
2003,7,2,2,114,4.5033
2003,7,2,3,109,7.3275
2003,7,2,4,117,5.8173
2003,7,2,5,229,3.8440
2003,7,3,1,151,4.3423
2003,7,3,2,149,3.3824
2003,7,3,3,145,-1.4603
2003,7,3,4,156,0.8697
2003,7,3,5,195,2.1702
2003,8,1,1,810,6.5961
2003,8,1,2,330,5.4923
2003,8,1,3,240,4.4085
2003,8,1,4,217,3.3370
2003,8,1,5,449,5.4506
2003,8,2,1,177,6.6972
2003,8,2,2,114,5.5436
2003,8,2,3,109,5.5431
2003,8,2,4,116,5.2045
2003,8,2,5,229,5.9915
2003,8,3,1,150,5.0549
2003,8,3,2,149,2.9214
2003,8,3,3,145,1.4655
2003,8,3,4,156,3.7694
2003,8,3,5,195,3.1275
2003,9,1,1,793,5.5344
2003,9,1,2,326,3.5044
2003,9,1,3,240,2.0054
2003,9,1,4,217,1.4699
2003,9,1,5,447,0.2804
2003,9,2,1,174,-3.0501
2003,9,2,2,114,-2.8408
2003,9,2,3,108,-4.3916
2003,9,2,4,115,-3.3882
2003,9,2,5,229,-4.0085
2003,9,3,1,150,-3.2022
2003,9,3,2,148,-2.6831
2003,9,3,3,145,-0.0619
2003,9,3,4,155,-2.6461
2003,9,3,5,195,-1.0691
2003,10,1,1,784,12.4824
2003,10,1,2,325,8.4121
2003,10,1,3,234,9.4116
2003,10,1,4,215,11.5772
2003,10,1,5,443,7.4388
2003,10,2,1,173,9.5956
2003,10,2,2,114,6.9059
2003,10,2,3,108,9.4517
2003,10,2,4,115,7.7790
2003,10,2,5,228,8.5224
2003,10,3,1,150,7.9316
2003,10,3,2,148,7.3545
2003,10,3,3,145,3.3218
2003,10,3,4,153,5.9221
2003,10,3,5,195,4.5853
2003,11,1,1,774,5.1974
2003,11,1,2,321,6.1011
2003,11,1,3,232,5.5216
2003,11,1,4,212,5.4995
2003,11,1,5,441,3.3181
2003,11,2,1,172,2.5868
2003,11,2,2,114,4.9558
2003,11,2,3,108,2.6351
2003,11,2,4,115,4.7489
2003,11,2,5,226,1.9996
2003,11,3,1,150,3.2600
2003,11,3,2,148,1.2863
2003,11,3,3,145,1.9824
2003,11,3,4,153,0.0449
2003,11,3,5,194,0.6823
2003,12,1,1,767,1.7580
2003,12,1,2,313,3.9148
2003,12,1,3,229,5.1702
2003,12,1,4,209,4.1278
2003,12,1,5,440,0.7554
2003,12,2,1,172,1.2470
2003,12,2,2,114,3.4107
2003,12,2,3,108,3.2794
2003,12,2,4,115,3.5299
2003,12,2,5,226,2.4925
2003,12,3,1,150,4.3220
2003,12,3,2,148,5.2340
2003,12,3,3,145,6.3600
2003,12,3,4,153,3.0167
2003,12,3,5,192,3.7726
2004,1,1,1,758,10.8427
2004,1,1,2,306,8.4507
2004,1,1,3,229,5.8367
2004,1,1,4,209,4.5898
2004,1,1,5,436,5.8906
2004,1,2,1,170,8.6936
2004,1,2,2,112,3.6609
2004,1,2,3,108,1.6723
2004,1,2,4,114,3.3547
2004,1,2,5,226,1.6178
2004,1,3,1,149,3.9514
2004,1,3,2,148,-0.3884
2004,1,3,3,145,2.1212
2004,1,3,4,153,0.4770
2004,1,3,5,192,1.3408
2004,2,1,1,748,-0.9050
2004,2,1,2,305,1.4385
2004,2,1,3,229,1.8248
2004,2,1,4,206,-0.7165
2004,2,1,5,431,-0.2368
2004,2,2,1,170,-1.6738
2004,2,2,2,112,0.8704
2004,2,2,3,108,0.6710
2004,2,2,4,114,2.5492
2004,2,2,5,226,0.9104
2004,2,3,1,149,-1.2334
2004,2,3,2,148,1.5947
2004,2,3,3,144,1.5863
2004,2,3,4,153,3.0016
2004,2,3,5,191,0.5824
2004,3,1,1,742,-2.1716
2004,3,1,2,302,0.9230
2004,3,1,3,229,-1.6870
2004,3,1,4,200,0.1843
2004,3,1,5,429,-0.1011
2004,3,2,1,170,0.0126
2004,3,2,2,112,0.1072
2004,3,2,3,108,1.4096
2004,3,2,4,113,1.9783
2004,3,2,5,226,2.2674
2004,3,3,1,149,-1.6580
2004,3,3,2,148,-1.5835
2004,3,3,3,144,-1.9563
2004,3,3,4,153,-0.1376
2004,3,3,5,191,-2.1841
2004,4,1,1,733,-7.6312
2004,4,1,2,298,-4.2536
2004,4,1,3,227,-1.4523
2004,4,1,4,199,-4.3423
2004,4,1,5,427,-4.4806
2004,4,2,1,170,-7.4559
2004,4,2,2,112,-3.0322
2004,4,2,3,108,-3.5042
2004,4,2,4,113,-1.2355
2004,4,2,5,226,-3.1554
2004,4,3,1,147,-4.5020
2004,4,3,2,148,0.8468
2004,4,3,3,144,-0.2531
2004,4,3,4,153,-0.9554
2004,4,3,5,191,0.3453
2004,5,1,1,724,-1.8888
2004,5,1,2,297,-0.2511
2004,5,1,3,226,2.4726
2004,5,1,4,197,0.7579
2004,5,1,5,421,-1.0374
2004,5,2,1,170,2.7732
2004,5,2,2,112,0.8053
2004,5,2,3,108,2.0148
2004,5,2,4,113,-0.4838
2004,5,2,5,225,0.7973
2004,5,3,1,147,3.1372
2004,5,3,2,147,2.3876
2004,5,3,3,144,-0.0862
2004,5,3,4,153,0.5940
2004,5,3,5,191,0.9362
2004,6,1,1,720,1.9984
2004,6,1,2,293,4.7224
2004,6,1,3,226,5.4699
2004,6,1,4,195,3.4392
2004,6,1,5,417,3.2912
2004,6,2,1,169,2.5938
2004,6,2,2,112,6.5691
2004,6,2,3,107,4.8323
2004,6,2,4,113,6.3724
2004,6,2,5,225,4.5222
2004,6,3,1,147,1.4480
2004,6,3,2,146,2.0039
2004,6,3,3,144,2.4932
2004,6,3,4,152,1.5441
2004,6,3,5,191,2.8111
2004,7,1,1,745,-11.6797
2004,7,1,2,311,-7.4064
2004,7,1,3,243,-6.4665
2004,7,1,4,218,-8.4300
2004,7,1,5,426,-9.3627
2004,7,2,1,183,-9.2846
2004,7,2,2,101,-7.4619
2004,7,2,3,106,-6.3509
2004,7,2,4,106,-6.2413
2004,7,2,5,212,-6.7645
2004,7,3,1,137,-6.6809
2004,7,3,2,149,-4.0184
2004,7,3,3,145,-2.8961
2004,7,3,4,166,-1.9856
2004,7,3,5,181,-5.6969
2004,8,1,1,732,-1.9106
2004,8,1,2,307,-1.2108
2004,8,1,3,243,-2.5403
2004,8,1,4,217,-2.1362
2004,8,1,5,423,-2.5013
2004,8,2,1,183,-4.3152
2004,8,2,2,101,-0.2389
2004,8,2,3,105,-0.1765
2004,8,2,4,106,-2.1244
2004,8,2,5,211,-2.0968
2004,8,3,1,137,-1.2733
2004,8,3,2,149,-0.0034
2004,8,3,3,145,-0.4170
2004,8,3,4,166,-0.1338
2004,8,3,5,181,-0.9879
2004,9,1,1,728,3.1883
2004,9,1,2,303,5.0727
2004,9,1,3,242,3.9724
2004,9,1,4,215,3.3026
2004,9,1,5,421,5.9228
2004,9,2,1,182,5.7754
2004,9,2,2,99,5.0444
2004,9,2,3,105,4.3539
2004,9,2,4,106,5.4166
2004,9,2,5,209,7.3781
2004,9,3,1,136,1.9815
2004,9,3,2,148,1.7708
2004,9,3,3,145,1.7038
2004,9,3,4,165,1.8238
2004,9,3,5,181,1.4685
2004,10,1,1,726,0.1042
2004,10,1,2,301,1.1902
2004,10,1,3,239,0.4662
2004,10,1,4,215,2.1163
2004,10,1,5,419,0.5016
2004,10,2,1,182,1.8309
2004,10,2,2,99,2.2178
2004,10,2,3,104,1.8130
2004,10,2,4,106,2.8432
2004,10,2,5,210,2.0033
2004,10,3,1,136,1.1587
2004,10,3,2,148,-0.0704
2004,10,3,3,145,2.1663
2004,10,3,4,165,2.9082
2004,10,3,5,180,1.6628
2004,11,1,1,719,9.7251
2004,11,1,2,297,12.0969
2004,11,1,3,239,8.6528
2004,11,1,4,213,8.8231
2004,11,1,5,417,8.3289
2004,11,2,1,181,9.0843
2004,11,2,2,99,7.8802
2004,11,2,3,104,9.8386
2004,11,2,4,106,8.7457
2004,11,2,5,208,9.0862
2004,11,3,1,136,3.8052
2004,11,3,2,146,5.4860
2004,11,3,3,145,4.7692
2004,11,3,4,165,3.7216
2004,11,3,5,180,3.2763
2004,12,1,1,713,6.7221
2004,12,1,2,292,4.6171
2004,12,1,3,238,6.5086
2004,12,1,4,210,4.5124
2004,12,1,5,415,6.0871
2004,12,2,1,181,2.5793
2004,12,2,2,99,3.2075
2004,12,2,3,104,3.0494
2004,12,2,4,106,2.9888
2004,12,2,5,206,2.8075
2004,12,3,1,136,3.3187
2004,12,3,2,146,2.6447
2004,12,3,3,145,3.7981
2004,12,3,4,165,2.7921
2004,12,3,5,180,3.8092
2005,1,1,1,704,-5.3866
2005,1,1,2,289,-3.9430
2005,1,1,3,235,-3.2886
2005,1,1,4,210,-3.2759
2005,1,1,5,414,-4.6151
2005,1,2,1,180,-5.7858
2005,1,2,2,96,-4.0876
2005,1,2,3,104,-2.9911
2005,1,2,4,104,-2.2179
2005,1,2,5,206,-3.1017
2005,1,3,1,135,-4.2423
2005,1,3,2,145,-2.9769
2005,1,3,3,145,-1.9680
2005,1,3,4,165,-0.6746
2005,1,3,5,180,-4.1075
2005,2,1,1,695,-0.2654
2005,2,1,2,287,2.1438
2005,2,1,3,234,0.6918
2005,2,1,4,208,1.7260
2005,2,1,5,412,-0.4481
2005,2,2,1,180,1.4603
2005,2,2,2,96,2.3560
2005,2,2,3,104,3.2659
2005,2,2,4,103,3.9739
2005,2,2,5,206,2.5586
2005,2,3,1,134,1.9060
2005,2,3,2,145,1.9573
2005,2,3,3,145,0.6368
2005,2,3,4,165,6.5651
2005,2,3,5,180,2.3186
2005,3,1,1,691,-5.3073
2005,3,1,2,286,-2.4206
2005,3,1,3,233,-3.2981
2005,3,1,4,206,-3.0965
2005,3,1,5,411,-3.5277
2005,3,2,1,178,-4.1960
2005,3,2,2,95,-2.2644
2005,3,2,3,104,-1.2014
2005,3,2,4,103,-0.9298
2005,3,2,5,205,-2.0834
2005,3,3,1,134,-2.0689
2005,3,3,2,145,-1.8298
2005,3,3,3,145,-0.3347
2005,3,3,4,165,-1.7418
2005,3,3,5,180,-0.1080
2005,4,1,1,684,-8.1317
2005,4,1,2,285,-6.9104
2005,4,1,3,231,-7.6279
2005,4,1,4,205,-4.2354
2005,4,1,5,408,-5.0519
2005,4,2,1,177,-7.4876
2005,4,2,2,95,-6.4232
2005,4,2,3,103,-6.8768
2005,4,2,4,103,-4.2205
2005,4,2,5,205,-5.4951
2005,4,3,1,133,-1.6814
2005,4,3,2,145,-2.7639
2005,4,3,3,145,-2.3731
2005,4,3,4,164,-2.6001
2005,4,3,5,179,-1.9920
2005,5,1,1,676,7.0286
2005,5,1,2,283,6.5713
2005,5,1,3,230,6.2517
2005,5,1,4,202,3.5035
2005,5,1,5,406,5.0606
2005,5,2,1,177,7.4093
2005,5,2,2,94,7.3146
2005,5,2,3,102,5.6255
2005,5,2,4,103,6.5164
2005,5,2,5,204,7.9425
2005,5,3,1,133,3.6413
2005,5,3,2,144,4.0527
2005,5,3,3,145,2.5217
2005,5,3,4,164,2.7717
2005,5,3,5,178,6.5645
2005,6,1,1,666,4.4067
2005,6,1,2,281,4.7133
2005,6,1,3,228,5.0907
2005,6,1,4,200,5.9804
2005,6,1,5,403,3.6748
2005,6,2,1,175,2.3565
2005,6,2,2,93,3.2259
2005,6,2,3,102,3.6810
2005,6,2,4,103,1.7969
2005,6,2,5,202,5.0081
2005,6,3,1,132,0.1864
2005,6,3,2,144,-0.4434
2005,6,3,3,145,-1.5432
2005,6,3,4,164,1.1776
2005,6,3,5,177,0.0627
2005,7,1,1,678,8.3925
2005,7,1,2,208,8.1300
2005,7,1,3,197,6.5781
2005,7,1,4,283,8.4798
2005,7,1,5,536,7.0806
2005,7,2,1,154,7.4386
2005,7,2,2,92,5.1957
2005,7,2,3,98,5.9099
2005,7,2,4,95,6.8530
2005,7,2,5,201,8.4020
2005,7,3,1,128,5.4480
2005,7,3,2,154,3.3546
2005,7,3,3,144,3.4952
2005,7,3,4,164,5.3714
2005,7,3,5,179,6.1961
2005,8,1,1,668,-0.7674
2005,8,1,2,207,-1.5762
2005,8,1,3,196,-2.8474
2005,8,1,4,279,-0.9092
2005,8,1,5,534,-2.0139
2005,8,2,1,154,-0.7286
2005,8,2,2,90,-0.2616
2005,8,2,3,95,-1.3557
2005,8,2,4,95,-1.0948
2005,8,2,5,200,-2.1415
2005,8,3,1,127,0.7851
2005,8,3,2,154,-1.5234
2005,8,3,3,144,-0.1236
2005,8,3,4,163,-0.9913
2005,8,3,5,177,-1.2918
2005,9,1,1,658,0.7511
2005,9,1,2,205,0.7351
2005,9,1,3,194,-0.2048
2005,9,1,4,277,0.1172
2005,9,1,5,531,1.5895
2005,9,2,1,154,-0.1197
2005,9,2,2,90,0.6142
2005,9,2,3,95,-0.1359
2005,9,2,4,93,1.5104
2005,9,2,5,199,0.8149
2005,9,3,1,124,-1.1754
2005,9,3,2,154,0.0703
2005,9,3,3,143,2.1190
2005,9,3,4,162,0.9714
2005,9,3,5,173,1.4777
2005,10,1,1,652,-3.7824
2005,10,1,2,205,-3.5131
2005,10,1,3,192,-3.2553
2005,10,1,4,275,-1.4762
2005,10,1,5,527,-4.2732
2005,10,2,1,154,-3.3325
2005,10,2,2,90,-4.0668
2005,10,2,3,95,-4.5797
2005,10,2,4,93,-4.2056
2005,10,2,5,197,-3.4966
2005,10,3,1,123,-3.4596
2005,10,3,2,153,-2.8320
2005,10,3,3,143,-2.2943
2005,10,3,4,162,-2.0166
2005,10,3,5,173,-3.1234
2005,11,1,1,639,4.7643
2005,11,1,2,204,4.7036
2005,11,1,3,189,2.3634
2005,11,1,4,272,4.0887
2005,11,1,5,523,4.4905
2005,11,2,1,153,6.2781
2005,11,2,2,90,3.9729
2005,11,2,3,94,3.8491
2005,11,2,4,93,4.1780
2005,11,2,5,196,6.5682
2005,11,3,1,123,4.4397
2005,11,3,2,153,3.6903
2005,11,3,3,140,3.4338
2005,11,3,4,162,1.7624
2005,11,3,5,173,4.7774
2005,12,1,1,628,-0.3902
2005,12,1,2,202,-0.1362
2005,12,1,3,188,-0.3689
2005,12,1,4,271,1.2085
2005,12,1,5,523,-0.6615
2005,12,2,1,153,1.3803
2005,12,2,2,90,-0.2536
2005,12,2,3,94,0.6625
2005,12,2,4,91,-1.8861
2005,12,2,5,194,-1.1306
2005,12,3,1,122,-0.3012
2005,12,3,2,153,-1.0122
2005,12,3,3,140,0.3440
2005,12,3,4,161,0.4788
2005,12,3,5,173,0.6165
2006,1,1,1,616,11.2497
2006,1,1,2,201,7.1569
2006,1,1,3,187,6.9014
2006,1,1,4,271,9.8454
2006,1,1,5,519,11.5100
2006,1,2,1,153,9.9262
2006,1,2,2,89,9.7473
2006,1,2,3,92,5.5564
2006,1,2,4,90,9.4189
2006,1,2,5,194,10.2763
2006,1,3,1,122,3.9064
2006,1,3,2,152,2.9276
2006,1,3,3,139,1.0489
2006,1,3,4,161,4.2382
2006,1,3,5,172,5.3387
2006,2,1,1,607,1.5536
2006,2,1,2,197,-0.8563
2006,2,1,3,187,0.7084
2006,2,1,4,271,0.1038
2006,2,1,5,514,-1.0937
2006,2,2,1,153,1.1373
2006,2,2,2,88,0.2439
2006,2,2,3,91,-0.3544
2006,2,2,4,90,-0.4580
2006,2,2,5,193,-2.8488
2006,2,3,1,121,0.0346
2006,2,3,2,151,-0.4501
2006,2,3,3,139,1.1768
2006,2,3,4,161,-0.1700
2006,2,3,5,171,-2.1760
2006,3,1,1,601,5.8037
2006,3,1,2,196,5.6833
2006,3,1,3,187,5.7705
2006,3,1,4,268,6.5282
2006,3,1,5,513,5.1379
2006,3,2,1,152,3.9304
2006,3,2,2,87,5.3282
2006,3,2,3,91,4.9003
2006,3,2,4,90,4.7321
2006,3,2,5,192,5.2436
2006,3,3,1,120,2.1552
2006,3,3,2,151,1.8055
2006,3,3,3,139,1.1080
2006,3,3,4,159,1.0401
2006,3,3,5,170,2.8003
2006,4,1,1,598,-2.5082
2006,4,1,2,195,2.1844
2006,4,1,3,186,1.1324
2006,4,1,4,268,0.6207
2006,4,1,5,507,0.3897
2006,4,2,1,151,0.2790
2006,4,2,2,87,2.0701
2006,4,2,3,91,1.3080
2006,4,2,4,89,0.6105
2006,4,2,5,192,1.1889
2006,4,3,1,120,-1.9937
2006,4,3,2,150,0.8499
2006,4,3,3,139,1.6313
2006,4,3,4,158,0.9513
2006,4,3,5,168,0.7717
2006,5,1,1,594,-7.1599
2006,5,1,2,195,-4.9331
2006,5,1,3,183,-5.1056
2006,5,1,4,266,-5.8721
2006,5,1,5,504,-7.1134
2006,5,2,1,150,-7.2489
2006,5,2,2,87,-5.4744
2006,5,2,3,91,-3.2838
2006,5,2,4,89,-4.9988
2006,5,2,5,192,-6.8823
2006,5,3,1,118,-3.5745
2006,5,3,2,150,-1.6885
2006,5,3,3,138,-1.1359
2006,5,3,4,156,-2.7485
2006,5,3,5,168,-5.4901
2006,6,1,1,587,-2.4242
2006,6,1,2,195,-0.7922
2006,6,1,3,182,1.4988
2006,6,1,4,263,-2.0228
2006,6,1,5,501,-0.4562
2006,6,2,1,150,-0.9025
2006,6,2,2,85,0.1124
2006,6,2,3,89,0.2424
2006,6,2,4,89,0.5622
2006,6,2,5,190,0.7168
2006,6,3,1,118,0.2367
2006,6,3,2,150,0.8786
2006,6,3,3,136,-0.3243
2006,6,3,4,156,-0.3949
2006,6,3,5,167,-0.1786
2006,7,1,1,647,-5.6520
2006,7,1,2,237,-3.1724
2006,7,1,3,238,-3.7253
2006,7,1,4,255,-2.9408
2006,7,1,5,455,-4.7934
2006,7,2,1,157,-3.9276
2006,7,2,2,89,-1.5963
2006,7,2,3,93,-1.4424
2006,7,2,4,117,-3.9370
2006,7,2,5,205,-5.4568
2006,7,3,1,149,-1.0852
2006,7,3,2,141,2.9225
2006,7,3,3,144,-1.3109
2006,7,3,4,146,-2.9364
2006,7,3,5,157,-1.0047
2006,8,1,1,641,4.0440
2006,8,1,2,235,2.9622
2006,8,1,3,236,1.7633
2006,8,1,4,255,2.4883
2006,8,1,5,455,3.5916
2006,8,2,1,157,5.0073
2006,8,2,2,88,4.1907
2006,8,2,3,93,3.4739
2006,8,2,4,115,1.6128
2006,8,2,5,201,2.5007
2006,8,3,1,149,5.3080
2006,8,3,2,141,2.8320
2006,8,3,3,144,2.7183
2006,8,3,4,146,1.4168
2006,8,3,5,157,-0.2596
2006,9,1,1,639,-0.0790
2006,9,1,2,234,1.2617
2006,9,1,3,232,0.4963
2006,9,1,4,252,2.5968
2006,9,1,5,453,0.3529
2006,9,2,1,156,1.4304
2006,9,2,2,88,0.7480
2006,9,2,3,92,1.3354
2006,9,2,4,115,1.0236
2006,9,2,5,201,0.5991
2006,9,3,1,148,2.8411
2006,9,3,2,141,2.2399
2006,9,3,3,144,1.7025
2006,9,3,4,145,1.4769
2006,9,3,5,156,1.2403
2006,10,1,1,635,6.6758
2006,10,1,2,230,7.2213
2006,10,1,3,229,8.3609
2006,10,1,4,252,5.4041
2006,10,1,5,450,5.9667
2006,10,2,1,156,6.9932
2006,10,2,2,88,4.5594
2006,10,2,3,92,4.6789
2006,10,2,4,115,6.4340
2006,10,2,5,199,4.7744
2006,10,3,1,148,4.6481
2006,10,3,2,141,2.6368
2006,10,3,3,143,3.7455
2006,10,3,4,145,3.3538
2006,10,3,5,156,4.8107
2006,11,1,1,629,2.6003
2006,11,1,2,230,2.8613
2006,11,1,3,228,0.0004
2006,11,1,4,250,2.0428
2006,11,1,5,447,3.6324
2006,11,2,1,154,1.4252
2006,11,2,2,88,3.7735
2006,11,2,3,92,4.7964
2006,11,2,4,115,2.6318
2006,11,2,5,198,3.1643
2006,11,3,1,146,2.3451
2006,11,3,2,141,1.7603
2006,11,3,3,143,1.2916
2006,11,3,4,145,2.4922
2006,11,3,5,155,4.7744
2006,12,1,1,626,0.7546
2006,12,1,2,229,3.5439
2006,12,1,3,224,3.4668
2006,12,1,4,250,1.5214
2006,12,1,5,443,0.9498
2006,12,2,1,152,-0.0673
2006,12,2,2,88,-0.3087
2006,12,2,3,91,0.0704
2006,12,2,4,113,-0.0375
2006,12,2,5,197,-0.3331
2006,12,3,1,145,0.7102
2006,12,3,2,141,1.0858
2006,12,3,3,141,1.5635
2006,12,3,4,145,1.1731
2006,12,3,5,155,-2.6361
2007,1,1,1,615,2.8806
2007,1,1,2,228,1.2538
2007,1,1,3,223,2.4389
2007,1,1,4,247,1.3059
2007,1,1,5,438,0.3792
2007,1,2,1,152,3.3896
2007,1,2,2,88,1.7716
2007,1,2,3,90,3.0893
2007,1,2,4,112,1.8843
2007,1,2,5,196,1.4051
2007,1,3,1,145,2.6100
2007,1,3,2,140,0.7236
2007,1,3,3,141,2.9613
2007,1,3,4,145,2.1341
2007,1,3,5,152,2.9965
2007,2,1,1,603,-0.6086
2007,2,1,2,225,0.1842
2007,2,1,3,219,1.0593
2007,2,1,4,247,0.1266
2007,2,1,5,433,-0.0286
2007,2,2,1,149,0.1092
2007,2,2,2,87,-0.1934
2007,2,2,3,89,0.4153
2007,2,2,4,111,-0.1501
2007,2,2,5,194,0.6256
2007,2,3,1,145,-3.0446
2007,2,3,2,138,-1.7022
2007,2,3,3,140,-0.1039
2007,2,3,4,144,-1.3392
2007,2,3,5,152,-1.0795
2007,3,1,1,600,0.4082
2007,3,1,2,224,2.3038
2007,3,1,3,219,0.2976
2007,3,1,4,244,1.9864
2007,3,1,5,429,0.8767
2007,3,2,1,145,0.5779
2007,3,2,2,86,1.0014
2007,3,2,3,88,0.7880
2007,3,2,4,111,2.5703
2007,3,2,5,194,2.4309
2007,3,3,1,144,-0.5208
2007,3,3,2,138,2.1249
2007,3,3,3,140,1.1160
2007,3,3,4,144,2.4403
2007,3,3,5,152,3.4540
2007,4,1,1,596,1.6496
2007,4,1,2,222,1.4384
2007,4,1,3,217,3.6707
2007,4,1,4,242,2.9172
2007,4,1,5,427,2.1181
2007,4,2,1,144,2.5988
2007,4,2,2,85,3.0953
2007,4,2,3,88,1.8235
2007,4,2,4,110,2.3441
2007,4,2,5,194,3.1918
2007,4,3,1,144,5.2091
2007,4,3,2,137,4.6939
2007,4,3,3,138,3.2111
2007,4,3,4,144,4.5000
2007,4,3,5,152,3.6492
2007,5,1,1,583,1.2822
2007,5,1,2,218,6.3036
2007,5,1,3,216,2.2152
2007,5,1,4,239,3.4407
2007,5,1,5,425,3.9807
2007,5,2,1,144,3.5487
2007,5,2,2,85,2.2352
2007,5,2,3,87,4.3896
2007,5,2,4,109,4.4407
2007,5,2,5,193,4.7147
2007,5,3,1,144,2.6780
2007,5,3,2,136,3.5759
2007,5,3,3,138,3.5175
2007,5,3,4,142,4.0935
2007,5,3,5,152,5.9121
2007,6,1,1,576,-0.9213
2007,6,1,2,218,1.0306
2007,6,1,3,215,-1.0201
2007,6,1,4,236,1.1408
2007,6,1,5,421,-0.7100
2007,6,2,1,144,-1.4242
2007,6,2,2,85,-1.3341
2007,6,2,3,87,-1.9918
2007,6,2,4,107,-2.1389
2007,6,2,5,189,-0.3098
2007,6,3,1,144,-1.8700
2007,6,3,2,135,-0.6169
2007,6,3,3,138,-1.4144
2007,6,3,4,141,-0.2522
2007,6,3,5,151,-0.9763
2007,7,1,1,619,-6.6914
2007,7,1,2,260,-6.4895
2007,7,1,3,219,-5.7558
2007,7,1,4,240,-6.2220
2007,7,1,5,448,-5.0647
2007,7,2,1,135,-5.5325
2007,7,2,2,93,-6.8694
2007,7,2,3,105,-4.2963
2007,7,2,4,127,-4.6252
2007,7,2,5,197,-4.3687
2007,7,3,1,159,-1.9727
2007,7,3,2,137,-1.6321
2007,7,3,3,141,-1.4233
2007,7,3,4,131,-1.6476
2007,7,3,5,143,-2.5744
2007,8,1,1,610,-1.3341
2007,8,1,2,259,-0.1321
2007,8,1,3,218,-1.6032
2007,8,1,4,240,1.3304
2007,8,1,5,446,0.3836
2007,8,2,1,133,0.5944
2007,8,2,2,93,0.5504
2007,8,2,3,105,1.7079
2007,8,2,4,125,1.0888
2007,8,2,5,196,2.0184
2007,8,3,1,159,1.7978
2007,8,3,2,136,1.1555
2007,8,3,3,139,1.4827
2007,8,3,4,130,2.3013
2007,8,3,5,142,0.8539
2007,9,1,1,601,0.6759
2007,9,1,2,257,-0.4477
2007,9,1,3,217,0.3293
2007,9,1,4,236,0.6053
2007,9,1,5,444,3.0600
2007,9,2,1,133,1.4421
2007,9,2,2,92,0.0139
2007,9,2,3,104,0.0578
2007,9,2,4,121,1.7103
2007,9,2,5,194,3.1435
2007,9,3,1,159,4.2058
2007,9,3,2,135,4.3060
2007,9,3,3,138,3.8260
2007,9,3,4,129,2.9781
2007,9,3,5,140,6.2041
2007,10,1,1,597,1.2470
2007,10,1,2,255,2.7055
2007,10,1,3,215,-0.4845
2007,10,1,4,232,3.1716
2007,10,1,5,439,2.6965
2007,10,2,1,133,3.4978
2007,10,2,2,92,2.6757
2007,10,2,3,102,3.2806
2007,10,2,4,121,2.7679
2007,10,2,5,193,4.1854
2007,10,3,1,159,5.0101
2007,10,3,2,135,1.8067
2007,10,3,3,137,1.2311
2007,10,3,4,128,2.1427
2007,10,3,5,140,4.8442
2007,11,1,1,592,-11.3551
2007,11,1,2,254,-8.9079
2007,11,1,3,213,-7.0091
2007,11,1,4,229,-8.6975
2007,11,1,5,435,-8.5003
2007,11,2,1,132,-7.1253
2007,11,2,2,91,-5.6744
2007,11,2,3,100,-5.9927
2007,11,2,4,119,-6.7267
2007,11,2,5,192,-6.4378
2007,11,3,1,156,-5.3940
2007,11,3,2,135,-4.0251
2007,11,3,3,136,-2.6866
2007,11,3,4,125,-2.7331
2007,11,3,5,138,-2.8394
2007,12,1,1,584,-1.0991
2007,12,1,2,246,0.2743
2007,12,1,3,212,-0.3719
2007,12,1,4,227,0.2511
2007,12,1,5,432,0.3755
2007,12,2,1,131,0.3824
2007,12,2,2,91,-2.2854
2007,12,2,3,99,1.3830
2007,12,2,4,116,-1.2011
2007,12,2,5,190,0.5731
2007,12,3,1,153,0.4234
2007,12,3,2,135,0.2467
2007,12,3,3,135,0.6527
2007,12,3,4,124,-0.7771
2007,12,3,5,137,0.7757
2008,1,1,1,576,-9.7852
2008,1,1,2,245,-9.0185
2008,1,1,3,210,-7.6909
2008,1,1,4,224,-6.6966
2008,1,1,5,429,-10.8012
2008,1,2,1,129,-8.2237
2008,1,2,2,90,-4.8856
2008,1,2,3,99,-7.3359
2008,1,2,4,115,-6.2666
2008,1,2,5,190,-7.8310
2008,1,3,1,151,-10.0191
2008,1,3,2,134,-6.4470
2008,1,3,3,134,-5.2466
2008,1,3,4,124,-4.5764
2008,1,3,5,136,-8.6770
2008,2,1,1,572,-4.6956
2008,2,1,2,244,-3.0099
2008,2,1,3,209,-2.8459
2008,2,1,4,221,-1.7428
2008,2,1,5,426,-3.0808
2008,2,2,1,128,-4.4065
2008,2,2,2,90,-1.9741
2008,2,2,3,99,-3.8361
2008,2,2,4,115,-1.2891
2008,2,2,5,189,-0.3412
2008,2,3,1,151,-2.5252
2008,2,3,2,134,-2.7845
2008,2,3,3,133,-1.7587
2008,2,3,4,124,-0.0365
2008,2,3,5,136,2.1876
2008,3,1,1,570,-2.5019
2008,3,1,2,240,0.7330
2008,3,1,3,209,2.2735
2008,3,1,4,221,-0.8141
2008,3,1,5,424,-4.1351
2008,3,2,1,128,-2.1367
2008,3,2,2,90,-0.0918
2008,3,2,3,99,0.4748
2008,3,2,4,115,1.9237
2008,3,2,5,188,1.2314
2008,3,3,1,151,1.2819
2008,3,3,2,134,2.7825
2008,3,3,3,133,-0.3249
2008,3,3,4,124,-0.8378
2008,3,3,5,135,-2.4390
2008,4,1,1,560,0.9640
2008,4,1,2,237,0.9186
2008,4,1,3,207,2.7107
2008,4,1,4,221,2.6684
2008,4,1,5,422,3.9411
2008,4,2,1,127,2.8734
2008,4,2,2,90,4.4293
2008,4,2,3,99,3.7530
2008,4,2,4,115,4.9103
2008,4,2,5,186,5.7612
2008,4,3,1,151,4.0762
2008,4,3,2,134,2.1570
2008,4,3,3,133,5.8318
2008,4,3,4,124,3.4829
2008,4,3,5,134,7.6484
2008,5,1,1,552,5.2514
2008,5,1,2,234,1.9639
2008,5,1,3,205,4.3330
2008,5,1,4,220,6.2931
2008,5,1,5,418,6.2240
2008,5,2,1,127,5.3560
2008,5,2,2,90,2.4715
2008,5,2,3,98,5.7404
2008,5,2,4,115,6.3708
2008,5,2,5,186,8.9537
2008,5,3,1,150,4.0959
2008,5,3,2,134,2.3148
2008,5,3,3,133,1.6358
2008,5,3,4,124,2.8912
2008,5,3,5,133,4.3726
2008,6,1,1,539,-7.7108
2008,6,1,2,231,-8.0934
2008,6,1,3,204,-7.1251
2008,6,1,4,217,-7.4293
2008,6,1,5,416,-6.6013
2008,6,2,1,127,-10.1406
2008,6,2,2,90,-5.9914
2008,6,2,3,95,-6.6013
2008,6,2,4,114,-7.3180
2008,6,2,5,185,-2.4798
2008,6,3,1,149,-7.6738
2008,6,3,2,134,-8.1830
2008,6,3,3,133,-6.6416
2008,6,3,4,124,-6.6746
2008,6,3,5,133,-2.8676
2008,7,1,1,635,4.6508
2008,7,1,2,247,4.2923
2008,7,1,3,192,3.6907
2008,7,1,4,213,4.6855
2008,7,1,5,394,3.8761
2008,7,2,1,178,1.8264
2008,7,2,2,119,5.9212
2008,7,2,3,95,2.1545
2008,7,2,4,114,4.3825
2008,7,2,5,182,-0.8591
2008,7,3,1,145,1.7823
2008,7,3,2,120,-2.1630
2008,7,3,3,142,-1.5376
2008,7,3,4,135,-2.2208
2008,7,3,5,176,-7.3377
2008,8,1,1,625,2.6537
2008,8,1,2,245,3.2827
2008,8,1,3,191,4.0365
2008,8,1,4,212,3.3206
2008,8,1,5,393,3.9343
2008,8,2,1,177,4.7262
2008,8,2,2,119,4.1942
2008,8,2,3,94,5.4133
2008,8,2,4,113,5.5897
2008,8,2,5,181,3.9079
2008,8,3,1,145,1.4595
2008,8,3,2,120,2.2236
2008,8,3,3,141,1.5704
2008,8,3,4,135,1.9496
2008,8,3,5,174,1.0567
2008,9,1,1,615,-10.9367
2008,9,1,2,243,-11.0404
2008,9,1,3,188,-7.5247
2008,9,1,4,210,-9.6299
2008,9,1,5,391,-11.2500
2008,9,2,1,175,-9.2408
2008,9,2,2,119,-8.7830
2008,9,2,3,92,-8.4525
2008,9,2,4,113,-9.9725
2008,9,2,5,180,-12.5116
2008,9,3,1,145,-8.2098
2008,9,3,2,120,-8.5235
2008,9,3,3,140,-10.1253
2008,9,3,4,135,-9.1761
2008,9,3,5,173,-13.6980
2008,10,1,1,602,-24.0288
2008,10,1,2,240,-22.2168
2008,10,1,3,187,-22.2497
2008,10,1,4,209,-21.3146
2008,10,1,5,389,-19.9504
2008,10,2,1,175,-24.0537
2008,10,2,2,119,-22.3275
2008,10,2,3,92,-20.3342
2008,10,2,4,113,-20.8864
2008,10,2,5,180,-21.8798
2008,10,3,1,145,-15.9139
2008,10,3,2,119,-13.7967
2008,10,3,3,139,-15.3923
2008,10,3,4,135,-16.1886
2008,10,3,5,173,-18.9635
2008,11,1,1,594,-16.2008
2008,11,1,2,237,-14.3836
2008,11,1,3,186,-13.8393
2008,11,1,4,207,-10.7719
2008,11,1,5,385,-14.8166
2008,11,2,1,173,-14.0224
2008,11,2,2,119,-11.4247
2008,11,2,3,92,-10.1103
2008,11,2,4,111,-11.6561
2008,11,2,5,179,-12.5984
2008,11,3,1,145,-7.9430
2008,11,3,2,119,-2.7929
2008,11,3,3,138,-5.2981
2008,11,3,4,134,-6.2083
2008,11,3,5,173,-7.4599
2008,12,1,1,586,2.3824
2008,12,1,2,235,3.4026
2008,12,1,3,185,2.6983
2008,12,1,4,203,7.0903
2008,12,1,5,384,6.4164
2008,12,2,1,173,6.3883
2008,12,2,2,117,4.9459
2008,12,2,3,92,2.1164
2008,12,2,4,111,8.0609
2008,12,2,5,178,5.1116
2008,12,3,1,143,3.3756
2008,12,3,2,119,0.9038
2008,12,3,3,138,1.5853
2008,12,3,4,132,0.5780
2008,12,3,5,173,1.1475
2009,1,1,1,580,-7.4197
2009,1,1,2,232,-9.4113
2009,1,1,3,184,-11.1456
2009,1,1,4,199,-9.8093
2009,1,1,5,379,-9.0994
2009,1,2,1,172,-4.8791
2009,1,2,2,116,-10.4942
2009,1,2,3,92,-6.1823
2009,1,2,4,110,-12.1876
2009,1,2,5,177,-9.5282
2009,1,3,1,143,-4.5193
2009,1,3,2,119,-6.7092
2009,1,3,3,137,-6.5165
2009,1,3,4,132,-6.8118
2009,1,3,5,173,-2.8514
2009,2,1,1,573,-14.2130
2009,2,1,2,227,-9.9763
2009,2,1,3,184,-13.1861
2009,2,1,4,199,-11.2278
2009,2,1,5,378,-11.2204
2009,2,2,1,170,-9.7718
2009,2,2,2,116,-9.7789
2009,2,2,3,92,-12.9188
2009,2,2,4,110,-13.2984
2009,2,2,5,177,-10.6248
2009,2,3,1,143,-7.6977
2009,2,3,2,119,-12.3757
2009,2,3,3,137,-10.7382
2009,2,3,4,132,-6.4575
2009,2,3,5,173,-8.3134
2009,3,1,1,565,10.0397
2009,3,1,2,226,8.7916
2009,3,1,3,183,7.8979
2009,3,1,4,196,8.8991
2009,3,1,5,377,9.8873
2009,3,2,1,169,11.5192
2009,3,2,2,114,7.9434
2009,3,2,3,92,9.5161
2009,3,2,4,110,8.9094
2009,3,2,5,177,9.6580
2009,3,3,1,143,9.1153
2009,3,3,2,119,5.7036
2009,3,3,3,137,5.9580
2009,3,3,4,131,10.0941
2009,3,3,5,173,9.3139
2009,4,1,1,553,22.5951
2009,4,1,2,223,22.3342
2009,4,1,3,182,18.8121
2009,4,1,4,195,17.4985
2009,4,1,5,373,15.8211
2009,4,2,1,167,17.1629
2009,4,2,2,113,18.7093
2009,4,2,3,92,15.8330
2009,4,2,4,110,21.5039
2009,4,2,5,176,18.9876
2009,4,3,1,143,8.5645
2009,4,3,2,119,6.6496
2009,4,3,3,137,8.3866
2009,4,3,4,130,8.2616
2009,4,3,5,173,10.3230
2009,5,1,1,540,7.2893
2009,5,1,2,218,2.5690
2009,5,1,3,181,4.1154
2009,5,1,4,194,-0.5806
2009,5,1,5,372,5.7568
2009,5,2,1,166,2.5648
2009,5,2,2,113,1.3996
2009,5,2,3,92,2.6972
2009,5,2,4,110,2.1574
2009,5,2,5,176,4.8024
2009,5,3,1,142,4.2027
2009,5,3,2,119,4.4028
2009,5,3,3,137,4.4582
2009,5,3,4,130,3.3914
2009,5,3,5,173,4.9021
2009,6,1,1,529,7.0560
2009,6,1,2,215,6.1715
2009,6,1,3,180,4.6107
2009,6,1,4,194,5.0299
2009,6,1,5,369,5.9262
2009,6,2,1,166,2.2915
2009,6,2,2,113,3.2981
2009,6,2,3,92,4.5447
2009,6,2,4,110,1.9799
2009,6,2,5,176,1.2335
2009,6,3,1,142,1.6333
2009,6,3,2,119,0.4675
2009,6,3,3,137,-0.2311
2009,6,3,4,130,1.1712
2009,6,3,5,173,-0.8612
2009,7,1,1,622,14.4734
2009,7,1,2,280,11.0251
2009,7,1,3,198,7.9469
2009,7,1,4,184,9.4152
2009,7,1,5,288,8.1109
2009,7,2,1,161,12.1431
2009,7,2,2,132,9.7739
2009,7,2,3,110,12.1130
2009,7,2,4,118,8.8959
2009,7,2,5,179,8.9291
2009,7,3,1,114,9.0705
2009,7,3,2,145,8.6049
2009,7,3,3,152,6.6639
2009,7,3,4,148,6.7271
2009,7,3,5,164,7.2409
2009,8,1,1,612,8.3966
2009,8,1,2,279,6.1778
2009,8,1,3,196,3.4230
2009,8,1,4,183,7.0409
2009,8,1,5,287,2.5496
2009,8,2,1,161,4.1332
2009,8,2,2,130,2.0648
2009,8,2,3,110,4.4966
2009,8,2,4,118,2.1887
2009,8,2,5,179,2.6882
2009,8,3,1,114,3.1574
2009,8,3,2,144,2.5295
2009,8,3,3,152,1.6327
2009,8,3,4,147,2.7572
2009,8,3,5,164,1.3133
2009,9,1,1,604,8.4248
2009,9,1,2,278,7.2531
2009,9,1,3,195,6.0612
2009,9,1,4,182,8.1388
2009,9,1,5,286,10.4577
2009,9,2,1,159,9.1874
2009,9,2,2,130,7.3864
2009,9,2,3,108,5.3844
2009,9,2,4,118,5.3148
2009,9,2,5,179,7.6844
2009,9,3,1,114,5.0961
2009,9,3,2,144,6.1799
2009,9,3,3,152,3.0915
2009,9,3,4,147,3.7465
2009,9,3,5,164,4.9689
2009,10,1,1,601,-11.1425
2009,10,1,2,276,-6.5020
2009,10,1,3,192,-5.1629
2009,10,1,4,181,-7.7422
2009,10,1,5,286,-7.6922
2009,10,2,1,158,-7.5617
2009,10,2,2,130,-6.7139
2009,10,2,3,107,-5.3226
2009,10,2,4,118,-5.3459
2009,10,2,5,178,-8.3364
2009,10,3,1,114,-2.5372
2009,10,3,2,144,-3.7693
2009,10,3,3,152,-0.1935
2009,10,3,4,147,-0.6882
2009,10,3,5,164,-1.5335
2009,11,1,1,594,0.6195
2009,11,1,2,274,4.0592
2009,11,1,3,187,1.9977
2009,11,1,4,181,1.4312
2009,11,1,5,283,1.6089
2009,11,2,1,158,1.9250
2009,11,2,2,129,3.9438
2009,11,2,3,103,5.8523
2009,11,2,4,118,2.2554
2009,11,2,5,178,2.8308
2009,11,3,1,113,6.7404
2009,11,3,2,144,6.3077
2009,11,3,3,152,5.9320
2009,11,3,4,147,6.7780
2009,11,3,5,162,4.7738
2009,12,1,1,584,9.9929
2009,12,1,2,267,9.4154
2009,12,1,3,183,7.9015
2009,12,1,4,180,7.2679
2009,12,1,5,281,9.3545
2009,12,2,1,158,9.8014
2009,12,2,2,129,8.9854
2009,12,2,3,103,7.4031
2009,12,2,4,118,7.7694
2009,12,2,5,177,8.0477
2009,12,3,1,113,4.1659
2009,12,3,2,144,2.5925
2009,12,3,3,150,1.5298
2009,12,3,4,147,2.8536
2009,12,3,5,162,4.4042
2010,1,1,1,576,-2.2077
2010,1,1,2,265,-6.0439
2010,1,1,3,180,-2.8686
2010,1,1,4,179,-3.0128
2010,1,1,5,279,-5.3899
2010,1,2,1,158,-2.4670
2010,1,2,2,128,-3.5361
2010,1,2,3,103,-3.4709
2010,1,2,4,118,-3.1882
2010,1,2,5,176,-4.7467
2010,1,3,1,112,-5.3993
2010,1,3,2,144,-2.8161
2010,1,3,3,150,-4.0963
2010,1,3,4,147,-4.0964
2010,1,3,5,161,-3.8130
2010,2,1,1,572,5.9508
2010,2,1,2,262,5.8975
2010,2,1,3,179,5.4329
2010,2,1,4,179,6.7225
2010,2,1,5,278,3.9814
2010,2,2,1,157,5.5299
2010,2,2,2,128,5.5320
2010,2,2,3,103,6.5482
2010,2,2,4,118,3.9125
2010,2,2,5,176,4.1134
2010,2,3,1,111,5.9836
2010,2,3,2,143,3.1128
2010,2,3,3,150,2.5483
2010,2,3,4,147,2.5183
2010,2,3,5,160,4.1430
2010,3,1,1,565,10.4111
2010,3,1,2,257,8.1013
2010,3,1,3,179,6.1376
2010,3,1,4,176,6.0744
2010,3,1,5,278,7.1343
2010,3,2,1,157,8.3636
2010,3,2,2,128,8.0737
2010,3,2,3,102,7.1345
2010,3,2,4,118,8.3647
2010,3,2,5,176,6.5572
2010,3,3,1,111,6.7477
2010,3,3,2,143,6.3063
2010,3,3,3,148,4.6304
2010,3,3,4,147,4.6427
2010,3,3,5,160,6.6659
2010,4,1,1,555,11.5419
2010,4,1,2,255,9.6939
2010,4,1,3,179,8.0875
2010,4,1,4,174,7.4554
2010,4,1,5,278,5.7490
2010,4,2,1,157,5.8884
2010,4,2,2,128,6.1810
2010,4,2,3,102,7.2515
2010,4,2,4,117,7.6299
2010,4,2,5,175,4.3324
2010,4,3,1,111,3.7891
2010,4,3,2,141,2.8833
2010,4,3,3,147,1.9522
2010,4,3,4,147,-1.3125
2010,4,3,5,159,2.2820
2010,5,1,1,548,-9.4030
2010,5,1,2,254,-8.7389
2010,5,1,3,177,-7.0671
2010,5,1,4,171,-8.3037
2010,5,1,5,277,-8.8008
2010,5,2,1,157,-8.4840
2010,5,2,2,128,-7.5813
2010,5,2,3,102,-8.9926
2010,5,2,4,117,-5.7824
2010,5,2,5,174,-7.6469
2010,5,3,1,111,-6.2190
2010,5,3,2,140,-7.2863
2010,5,3,3,147,-7.9913
2010,5,3,4,147,-7.2173
2010,5,3,5,157,-8.1767
2010,6,1,1,542,-10.8863
2010,6,1,2,254,-10.0765
2010,6,1,3,177,-4.4798
2010,6,1,4,171,-7.7712
2010,6,1,5,275,-6.7139
2010,6,2,1,157,-7.8095
2010,6,2,2,128,-8.0960
2010,6,2,3,102,-9.6934
2010,6,2,4,117,-7.5245
2010,6,2,5,172,-7.0315
2010,6,3,1,111,-7.2768
2010,6,3,2,140,-6.0436
2010,6,3,3,147,-4.4455
2010,6,3,4,147,-5.2613
2010,6,3,5,157,-3.5243
2010,7,1,1,578,8.9273
2010,7,1,2,241,7.8092
2010,7,1,3,155,7.9121
2010,7,1,4,171,4.7625
2010,7,1,5,322,5.5885
2010,7,2,1,155,8.0676
2010,7,2,2,144,7.6768
2010,7,2,3,84,7.6180
2010,7,2,4,108,8.1170
2010,7,2,5,173,6.3617
2010,7,3,1,113,7.2133
2010,7,3,2,140,7.9851
2010,7,3,3,152,5.9326
2010,7,3,4,154,7.6816
2010,7,3,5,176,6.4709
2010,8,1,1,572,-9.0185
2010,8,1,2,239,-9.9832
2010,8,1,3,155,-9.7536
2010,8,1,4,169,-9.6006
2010,8,1,5,320,-7.8546
2010,8,2,1,155,-7.8468
2010,8,2,2,143,-6.8167
2010,8,2,3,83,-6.2067
2010,8,2,4,106,-8.1817
2010,8,2,5,171,-6.2262
2010,8,3,1,112,-4.4594
2010,8,3,2,139,-6.3766
2010,8,3,3,151,-2.3579
2010,8,3,4,154,-3.0502
2010,8,3,5,175,-3.8249
2010,9,1,1,570,14.3026
2010,9,1,2,237,12.0513
2010,9,1,3,155,14.3023
2010,9,1,4,167,9.1445
2010,9,1,5,318,12.9126
2010,9,2,1,153,16.0534
2010,9,2,2,142,16.0487
2010,9,2,3,81,10.8866
2010,9,2,4,106,12.0564
2010,9,2,5,169,12.4173
2010,9,3,1,112,12.3782
2010,9,3,2,139,11.0241
2010,9,3,3,150,8.0372
2010,9,3,4,154,9.3615
2010,9,3,5,175,9.8066
2010,10,1,1,561,4.6658
2010,10,1,2,236,6.2191
2010,10,1,3,153,5.2186
2010,10,1,4,166,5.2163
2010,10,1,5,317,7.5257
2010,10,2,1,153,3.0578
2010,10,2,2,141,4.3785
2010,10,2,3,81,2.3191
2010,10,2,4,106,2.9028
2010,10,2,5,168,6.2670
2010,10,3,1,112,5.0941
2010,10,3,2,139,2.6181
2010,10,3,3,150,3.0375
2010,10,3,4,154,3.9358
2010,10,3,5,174,5.9052
2010,11,1,1,554,4.3454
2010,11,1,2,231,4.5924
2010,11,1,3,153,3.7915
2010,11,1,4,166,3.1531
2010,11,1,5,315,3.6908
2010,11,2,1,153,5.6220
2010,11,2,2,140,4.5547
2010,11,2,3,81,4.0885
2010,11,2,4,106,3.7136
2010,11,2,5,168,3.3046
2010,11,3,1,112,1.9102
2010,11,3,2,138,1.5336
2010,11,3,3,149,0.4448
2010,11,3,4,154,-0.2821
2010,11,3,5,171,-0.2358
2010,12,1,1,545,10.8907
2010,12,1,2,229,8.5555
2010,12,1,3,153,9.6434
2010,12,1,4,162,8.1972
2010,12,1,5,314,7.0069
2010,12,2,1,152,8.7161
2010,12,2,2,139,7.0186
2010,12,2,3,80,6.7618
2010,12,2,4,106,6.2101
2010,12,2,5,167,7.0392
2010,12,3,1,112,5.2348
2010,12,3,2,137,7.4642
2010,12,3,3,149,4.7048
2010,12,3,4,154,6.7473
2010,12,3,5,169,5.8516
2011,1,1,1,536,-0.2522
2011,1,1,2,222,-0.6630
2011,1,1,3,150,-3.0722
2011,1,1,4,161,-0.0932
2011,1,1,5,313,-2.4423
2011,1,2,1,152,1.6893
2011,1,2,2,138,0.5012
2011,1,2,3,79,0.8816
2011,1,2,4,105,0.4736
2011,1,2,5,165,0.1270
2011,1,3,1,112,2.6885
2011,1,3,2,137,2.6688
2011,1,3,3,149,0.9426
2011,1,3,4,154,2.4079
2011,1,3,5,169,2.6987
2011,2,1,1,533,4.1989
2011,2,1,2,219,7.3495
2011,2,1,3,147,8.8837
2011,2,1,4,159,3.6242
2011,2,1,5,312,4.3062
2011,2,2,1,152,7.2292
2011,2,2,2,138,7.8753
2011,2,2,3,79,4.8551
2011,2,2,4,104,4.0166
2011,2,2,5,164,4.2005
2011,2,3,1,112,5.1556
2011,2,3,2,137,3.9246
2011,2,3,3,147,3.3162
2011,2,3,4,154,4.4116
2011,2,3,5,169,2.5228
2011,3,1,1,527,3.2924
2011,3,1,2,218,3.0722
2011,3,1,3,147,3.6541
2011,3,1,4,158,1.9346
2011,3,1,5,307,2.3100
2011,3,2,1,152,3.5334
2011,3,2,2,138,3.1860
2011,3,2,3,78,2.3602
2011,3,2,4,104,3.5620
2011,3,2,5,164,2.2100
2011,3,3,1,112,1.8061
2011,3,3,2,137,0.7794
2011,3,3,3,146,0.0988
2011,3,3,4,153,1.4897
2011,3,3,5,169,0.0543
2011,4,1,1,523,1.2577
2011,4,1,2,216,0.5507
2011,4,1,3,147,1.2042
2011,4,1,4,157,2.0715
2011,4,1,5,303,2.5868
2011,4,2,1,152,4.2688
2011,4,2,2,137,1.8049
2011,4,2,3,78,1.9333
2011,4,2,4,104,3.0558
2011,4,2,5,164,2.2024
2011,4,3,1,112,3.7980
2011,4,3,2,137,4.1189
2011,4,3,3,145,3.3012
2011,4,3,4,152,3.3861
2011,4,3,5,167,3.1884
2011,5,1,1,516,-1.6751
2011,5,1,2,213,-2.4647
2011,5,1,3,146,-2.2111
2011,5,1,4,157,-1.8609
2011,5,1,5,300,-2.5444
2011,5,2,1,152,-4.8799
2011,5,2,2,137,-1.6002
2011,5,2,3,78,-0.8774
2011,5,2,4,104,-1.6886
2011,5,2,5,163,0.0754
2011,5,3,1,112,0.5745
2011,5,3,2,136,-1.7055
2011,5,3,3,144,0.0323
2011,5,3,4,152,-0.9472
2011,5,3,5,167,-1.9010
2011,6,1,1,514,-3.3228
2011,6,1,2,210,-4.4838
2011,6,1,3,144,-0.9032
2011,6,1,4,156,-1.0840
2011,6,1,5,297,-4.1326
2011,6,2,1,152,-2.4965
2011,6,2,2,134,-1.2207
2011,6,2,3,78,-1.4472
2011,6,2,4,104,-0.2454
2011,6,2,5,162,-1.4351
2011,6,3,1,112,-3.3011
2011,6,3,2,136,-1.4186
2011,6,3,3,144,-1.3366
2011,6,3,4,151,-1.1089
2011,6,3,5,166,-1.5643
2011,7,1,1,488,-3.1918
2011,7,1,2,207,-0.7053
2011,7,1,3,156,-3.6457
2011,7,1,4,153,-2.8882
2011,7,1,5,370,-3.1993
2011,7,2,1,152,-4.6468
2011,7,2,2,99,-4.5114
2011,7,2,3,101,-4.9582
2011,7,2,4,100,-3.3008
2011,7,2,5,187,-4.7953
2011,7,3,1,122,-2.7529
2011,7,3,2,121,-3.9296
2011,7,3,3,133,-2.4015
2011,7,3,4,162,-3.0056
2011,7,3,5,172,1.8681
2011,8,1,1,486,-12.2933
2011,8,1,2,207,-11.9636
2011,8,1,3,154,-9.4046
2011,8,1,4,152,-10.1950
2011,8,1,5,368,-10.5784
2011,8,2,1,152,-7.7837
2011,8,2,2,97,-12.0734
2011,8,2,3,100,-6.8410
2011,8,2,4,99,-8.3089
2011,8,2,5,187,-8.6824
2011,8,3,1,121,-5.0279
2011,8,3,2,120,-4.5287
2011,8,3,3,133,-2.8204
2011,8,3,4,162,-6.0478
2011,8,3,5,172,-6.0015
2011,9,1,1,484,-13.2241
2011,9,1,2,205,-12.3620
2011,9,1,3,150,-10.9004
2011,9,1,4,152,-9.2645
2011,9,1,5,369,-10.8337
2011,9,2,1,152,-11.1113
2011,9,2,2,97,-12.3912
2011,9,2,3,98,-10.3917
2011,9,2,4,99,-12.2727
2011,9,2,5,186,-10.6746
2011,9,3,1,121,-6.7345
2011,9,3,2,120,-7.1364
2011,9,3,3,132,-4.0172
2011,9,3,4,162,-7.3136
2011,9,3,5,172,-7.6011
2011,10,1,1,483,13.9345
2011,10,1,2,204,15.0665
2011,10,1,3,150,11.9502
2011,10,1,4,149,12.9701
2011,10,1,5,367,14.2962
2011,10,2,1,151,17.0381
2011,10,2,2,97,16.9580
2011,10,2,3,98,13.4277
2011,10,2,4,98,14.5474
2011,10,2,5,185,15.6358
2011,10,3,1,120,9.6884
2011,10,3,2,120,11.0864
2011,10,3,3,132,8.1377
2011,10,3,4,160,12.8327
2011,10,3,5,171,11.2044
2011,11,1,1,480,-2.1736
2011,11,1,2,201,-1.1043
2011,11,1,3,147,-0.7120
2011,11,1,4,149,-3.0200
2011,11,1,5,367,-1.7190
2011,11,2,1,149,-0.9887
2011,11,2,2,97,-0.7944
2011,11,2,3,98,0.6938
2011,11,2,4,98,0.2510
2011,11,2,5,184,-1.2731
2011,11,3,1,120,0.9321
2011,11,3,2,119,0.0375
2011,11,3,3,132,2.1001
2011,11,3,4,160,0.6959
2011,11,3,5,170,-1.7384
2011,12,1,1,471,0.1508
2011,12,1,2,199,0.7663
2011,12,1,3,146,2.9053
2011,12,1,4,148,3.2530
2011,12,1,5,363,0.8387
2011,12,2,1,149,-0.6473
2011,12,2,2,97,-0.0334
2011,12,2,3,98,0.7568
2011,12,2,4,96,2.0139
2011,12,2,5,184,-1.4700
2011,12,3,1,120,1.8317
2011,12,3,2,119,2.1471
2011,12,3,3,131,1.1884
2011,12,3,4,160,-0.1568
2011,12,3,5,168,-0.5439
2012,1,1,1,467,10.3493
2012,1,1,2,196,8.4544
2012,1,1,3,145,7.6995
2012,1,1,4,147,7.0959
2012,1,1,5,361,9.7661
2012,1,2,1,148,7.3484
2012,1,2,2,96,9.3179
2012,1,2,3,98,4.9407
2012,1,2,4,96,4.6075
2012,1,2,5,184,8.1523
2012,1,3,1,120,3.6964
2012,1,3,2,118,4.4846
2012,1,3,3,130,2.1942
2012,1,3,4,159,4.4659
2012,1,3,5,167,6.9404
2012,2,1,1,461,2.2294
2012,2,1,2,195,1.6907
2012,2,1,3,144,0.5155
2012,2,1,4,147,3.2624
2012,2,1,5,359,1.7611
2012,2,2,1,147,3.8707
2012,2,2,2,96,3.0338
2012,2,2,3,98,1.9787
2012,2,2,4,95,3.2008
2012,2,2,5,181,4.0492
2012,2,3,1,119,4.1639
2012,2,3,2,118,3.9457
2012,2,3,3,129,2.1192
2012,2,3,4,159,2.9574
2012,2,3,5,167,7.3027
2012,3,1,1,456,5.1535
2012,3,1,2,194,3.2089
2012,3,1,3,141,2.7859
2012,3,1,4,146,1.0228
2012,3,1,5,356,3.9029
2012,3,2,1,146,2.9790
2012,3,2,2,96,1.5404
2012,3,2,3,98,1.9829
2012,3,2,4,95,1.5316
2012,3,2,5,181,2.0345
2012,3,3,1,119,3.8658
2012,3,3,2,118,2.2677
2012,3,3,3,127,2.6031
2012,3,3,4,157,0.6878
2012,3,3,5,167,3.4009
2012,4,1,1,455,-3.8054
2012,4,1,2,193,-1.8624
2012,4,1,3,138,-1.9152
2012,4,1,4,145,-2.0381
2012,4,1,5,351,-1.1147
2012,4,2,1,146,-0.6203
2012,4,2,2,96,-0.6743
2012,4,2,3,98,-1.1553
2012,4,2,4,95,-1.1726
2012,4,2,5,181,-1.6142
2012,4,3,1,119,0.3450
2012,4,3,2,117,-0.3762
2012,4,3,3,126,-0.2574
2012,4,3,4,157,-0.1526
2012,4,3,5,167,-1.2962
2012,5,1,1,451,-6.3900
2012,5,1,2,191,-8.8488
2012,5,1,3,137,-8.7772
2012,5,1,4,145,-6.8808
2012,5,1,5,348,-7.2774
2012,5,2,1,146,-5.6718
2012,5,2,2,96,-7.6156
2012,5,2,3,98,-5.5170
2012,5,2,4,94,-6.5168
2012,5,2,5,180,-7.1202
2012,5,3,1,118,-4.5422
2012,5,3,2,117,-6.0384
2012,5,3,3,125,-2.8744
2012,5,3,4,157,-6.8935
2012,5,3,5,167,-7.0126
2012,6,1,1,447,6.5842
2012,6,1,2,191,6.1874
2012,6,1,3,137,5.6738
2012,6,1,4,143,5.9745
2012,6,1,5,346,7.0079
2012,6,2,1,146,4.5538
2012,6,2,2,95,3.8508
2012,6,2,3,98,4.2982
2012,6,2,4,94,5.6259
2012,6,2,5,180,4.8624
2012,6,3,1,118,4.4902
2012,6,3,2,117,4.3731
2012,6,3,3,125,3.7100
2012,6,3,4,155,3.8354
2012,6,3,5,166,2.7770
2012,7,1,1,491,-3.2626
2012,7,1,2,195,-2.5186
2012,7,1,3,170,-0.0339
2012,7,1,4,180,-2.2933
2012,7,1,5,288,-1.2468
2012,7,2,1,124,-3.7340
2012,7,2,2,107,-3.2378
2012,7,2,3,95,0.5148
2012,7,2,4,125,-0.1631
2012,7,2,5,163,-2.3700
2012,7,3,1,171,1.9724
2012,7,3,2,138,1.2068
2012,7,3,3,139,1.3039
2012,7,3,4,131,-0.1618
2012,7,3,5,151,2.3207
2012,8,1,1,485,2.4510
2012,8,1,2,191,4.6399
2012,8,1,3,168,4.0394
2012,8,1,4,180,1.7591
2012,8,1,5,286,3.2401
2012,8,2,1,123,3.6910
2012,8,2,2,107,5.0687
2012,8,2,3,94,2.6226
2012,8,2,4,125,3.2345
2012,8,2,5,163,4.7016
2012,8,3,1,171,0.8590
2012,8,3,2,137,1.1263
2012,8,3,3,138,1.3323
2012,8,3,4,130,3.0853
2012,8,3,5,150,5.5800
2012,9,1,1,482,6.0042
2012,9,1,2,187,3.7915
2012,9,1,3,167,5.5920
2012,9,1,4,178,4.1512
2012,9,1,5,283,4.9575
2012,9,2,1,122,2.1813
2012,9,2,2,107,4.1341
2012,9,2,3,94,2.6392
2012,9,2,4,125,2.5092
2012,9,2,5,162,3.2090
2012,9,3,1,169,2.6727
2012,9,3,2,136,3.0813
2012,9,3,3,138,2.3484
2012,9,3,4,130,1.1297
2012,9,3,5,150,2.5295
2012,10,1,1,478,-5.2491
2012,10,1,2,186,-4.3601
2012,10,1,3,167,-1.2412
2012,10,1,4,175,-3.3403
2012,10,1,5,279,-3.8537
2012,10,2,1,122,-2.2422
2012,10,2,2,106,-0.0599
2012,10,2,3,94,-0.1399
2012,10,2,4,125,-1.1498
2012,10,2,5,162,-3.0087
2012,10,3,1,169,-2.1137
2012,10,3,2,135,-1.9036
2012,10,3,3,138,-0.5657
2012,10,3,4,130,-1.7201
2012,10,3,5,150,-5.1078
2012,11,1,1,474,-0.0279
2012,11,1,2,186,1.3857
2012,11,1,3,164,2.6161
2012,11,1,4,175,2.5204
2012,11,1,5,277,0.4402
2012,11,2,1,122,1.3925
2012,11,2,2,106,0.7762
2012,11,2,3,91,0.8583
2012,11,2,4,122,2.6379
2012,11,2,5,161,1.4537
2012,11,3,1,168,2.3514
2012,11,3,2,134,0.3537
2012,11,3,3,137,-0.1122
2012,11,3,4,130,0.0751
2012,11,3,5,150,1.4062
2012,12,1,1,469,2.3424
2012,12,1,2,180,5.7479
2012,12,1,3,163,4.0097
2012,12,1,4,174,4.5406
2012,12,1,5,276,2.4650
2012,12,2,1,122,3.1807
2012,12,2,2,106,3.5508
2012,12,2,3,91,4.1797
2012,12,2,4,121,2.6341
2012,12,2,5,161,4.2118
2012,12,3,1,168,-0.1198
2012,12,3,2,134,0.5023
2012,12,3,3,137,1.0883
2012,12,3,4,129,1.5944
2012,12,3,5,150,-0.3326
2013,1,1,1,460,8.0833
2013,1,1,2,179,6.3133
2013,1,1,3,162,4.7285
2013,1,1,4,173,5.6409
2013,1,1,5,273,5.6110
2013,1,2,1,120,7.3890
2013,1,2,2,106,6.4993
2013,1,2,3,90,6.2224
2013,1,2,4,121,5.8764
2013,1,2,5,158,5.5640
2013,1,3,1,168,5.4510
2013,1,3,2,134,6.7968
2013,1,3,3,136,5.7660
2013,1,3,4,129,5.9267
2013,1,3,5,149,2.2521
2013,2,1,1,459,1.4135
2013,2,1,2,177,-0.4031
2013,2,1,3,162,-0.6771
2013,2,1,4,173,1.8348
2013,2,1,5,270,0.5388
2013,2,2,1,120,0.6975
2013,2,2,2,105,1.1456
2013,2,2,3,90,0.8484
2013,2,2,4,121,1.4242
2013,2,2,5,158,0.0017
2013,2,3,1,166,2.0041
2013,2,3,2,134,1.6498
2013,2,3,3,136,1.4615
2013,2,3,4,129,1.0805
2013,2,3,5,148,0.1758
2013,3,1,1,456,6.1602
2013,3,1,2,176,5.1751
2013,3,1,3,161,5.2718
2013,3,1,4,173,4.7839
2013,3,1,5,268,7.5895
2013,3,2,1,118,4.3402
2013,3,2,2,105,6.0471
2013,3,2,3,90,4.4546
2013,3,2,4,119,4.7998
2013,3,2,5,158,3.5211
2013,3,3,1,166,4.9611
2013,3,3,2,134,4.5252
2013,3,3,3,136,3.2314
2013,3,3,4,129,3.1555
2013,3,3,5,148,2.1069
2013,4,1,1,447,1.7563
2013,4,1,2,174,-0.6027
2013,4,1,3,161,0.9638
2013,4,1,4,173,-1.4984
2013,4,1,5,267,-1.2111
2013,4,2,1,118,0.5178
2013,4,2,2,105,-0.5298
2013,4,2,3,90,0.4720
2013,4,2,4,119,-1.9486
2013,4,2,5,158,-2.4921
2013,4,3,1,166,3.1409
2013,4,3,2,134,1.1918
2013,4,3,3,136,1.2460
2013,4,3,4,129,3.2092
2013,4,3,5,148,-0.2810
2013,5,1,1,441,3.8593
2013,5,1,2,173,3.9844
2013,5,1,3,160,6.5365
2013,5,1,4,172,7.7544
2013,5,1,5,266,7.1469
2013,5,2,1,118,6.5457
2013,5,2,2,104,5.0278
2013,5,2,3,90,4.8011
2013,5,2,4,118,4.6716
2013,5,2,5,156,5.0376
2013,5,3,1,166,0.4657
2013,5,3,2,134,1.3661
2013,5,3,3,136,1.5716
2013,5,3,4,129,2.7771
2013,5,3,5,148,3.6674
2013,6,1,1,435,-0.3121
2013,6,1,2,173,-0.7637
2013,6,1,3,159,0.5342
2013,6,1,4,170,1.2926
2013,6,1,5,264,0.1736
2013,6,2,1,118,-1.3146
2013,6,2,2,104,-1.2968
2013,6,2,3,90,-2.4240
2013,6,2,4,118,-0.9667
2013,6,2,5,155,0.6394
2013,6,3,1,165,0.0198
2013,6,3,2,134,-1.2933
2013,6,3,3,136,-1.7841
2013,6,3,4,128,-1.1190
2013,6,3,5,148,-3.5495
2013,7,1,1,468,9.5025
2013,7,1,2,184,7.8186
2013,7,1,3,111,5.7904
2013,7,1,4,182,8.9998
2013,7,1,5,296,7.2177
2013,7,2,1,143,7.3204
2013,7,2,2,78,7.9123
2013,7,2,3,107,7.8906
2013,7,2,4,107,6.5301
2013,7,2,5,182,5.8993
2013,7,3,1,137,5.7363
2013,7,3,2,141,4.9242
2013,7,3,3,132,5.3189
2013,7,3,4,129,4.4698
2013,7,3,5,179,5.8333
2013,8,1,1,465,-1.8983
2013,8,1,2,182,-3.4816
2013,8,1,3,111,-4.4187
2013,8,1,4,182,-3.4017
2013,8,1,5,296,-1.5785
2013,8,2,1,143,-2.8779
2013,8,2,2,78,-3.9963
2013,8,2,3,107,-3.9545
2013,8,2,4,106,-3.1212
2013,8,2,5,181,-1.1042
2013,8,3,1,136,-2.9721
2013,8,3,2,140,-2.4960
2013,8,3,3,131,-3.4200
2013,8,3,4,129,-3.9528
2013,8,3,5,178,0.2620
2013,9,1,1,460,8.2898
2013,9,1,2,181,6.3529
2013,9,1,3,110,5.9702
2013,9,1,4,181,7.2224
2013,9,1,5,291,6.9202
2013,9,2,1,143,5.1049
2013,9,2,2,78,6.5711
2013,9,2,3,107,6.2105
2013,9,2,4,105,5.9386
2013,9,2,5,181,7.1283
2013,9,3,1,136,4.6505
2013,9,3,2,140,3.8032
2013,9,3,3,131,3.4098
2013,9,3,4,129,2.8988
2013,9,3,5,178,3.3483
2013,10,1,1,457,1.2640
2013,10,1,2,178,3.4187
2013,10,1,3,109,1.4888
2013,10,1,4,181,4.4901
2013,10,1,5,290,2.2128
2013,10,2,1,142,0.6320
2013,10,2,2,78,5.0834
2013,10,2,3,107,3.6503
2013,10,2,4,105,4.5570
2013,10,2,5,181,1.1194
2013,10,3,1,135,4.9315
2013,10,3,2,140,4.5714
2013,10,3,3,131,4.0766
2013,10,3,4,128,4.1712
2013,10,3,5,178,4.9806
2013,11,1,1,455,6.4670
2013,11,1,2,175,5.0890
2013,11,1,3,109,6.0255
2013,11,1,4,180,7.1806
2013,11,1,5,287,4.8665
2013,11,2,1,139,2.6671
2013,11,2,2,77,3.7686
2013,11,2,3,107,2.0286
2013,11,2,4,104,4.0452
2013,11,2,5,179,4.7205
2013,11,3,1,134,2.7855
2013,11,3,2,139,2.4601
2013,11,3,3,130,1.0839
2013,11,3,4,128,2.7220
2013,11,3,5,178,3.3688
2013,12,1,1,447,4.0967
2013,12,1,2,173,1.8734
2013,12,1,3,108,1.7438
2013,12,1,4,178,1.5876
2013,12,1,5,285,2.6166
2013,12,2,1,139,2.6139
2013,12,2,2,76,2.8961
2013,12,2,3,106,3.4033
2013,12,2,4,104,1.4637
2013,12,2,5,177,0.8708
2013,12,3,1,134,2.2459
2013,12,3,2,139,2.8649
2013,12,3,3,130,3.4709
2013,12,3,4,128,1.9816
2013,12,3,5,178,2.3771
2014,1,1,1,445,2.0786
2014,1,1,2,173,-4.4896
2014,1,1,3,107,-5.0433
2014,1,1,4,177,-4.4381
2014,1,1,5,284,-0.8145
2014,1,2,1,138,-1.3063
2014,1,2,2,75,-3.2204
2014,1,2,3,105,-1.7341
2014,1,2,4,103,-5.3890
2014,1,2,5,176,-3.4344
2014,1,3,1,134,-3.1467
2014,1,3,2,138,-2.9513
2014,1,3,3,129,-3.5991
2014,1,3,4,126,-4.6299
2014,1,3,5,178,-2.6124
2014,2,1,1,443,6.1994
2014,2,1,2,172,4.8080
2014,2,1,3,107,4.8776
2014,2,1,4,177,3.7082
2014,2,1,5,282,5.2579
2014,2,2,1,138,6.2433
2014,2,2,2,74,5.8517
2014,2,2,3,104,2.7859
2014,2,2,4,102,5.0007
2014,2,2,5,175,4.6625
2014,2,3,1,133,4.2384
2014,2,3,2,137,4.6664
2014,2,3,3,129,4.4855
2014,2,3,4,125,4.8179
2014,2,3,5,178,5.5141
2014,3,1,1,436,-1.2078
2014,3,1,2,171,0.5670
2014,3,1,3,107,0.7657
2014,3,1,4,172,0.3574
2014,3,1,5,279,-0.7248
2014,3,2,1,137,-2.3278
2014,3,2,2,74,1.9243
2014,3,2,3,102,-0.3406
2014,3,2,4,102,1.6593
2014,3,2,5,175,-1.1154
2014,3,3,1,133,-0.7975
2014,3,3,2,137,0.4702
2014,3,3,3,129,1.7152
2014,3,3,4,124,1.0830
2014,3,3,5,178,-0.5044
2014,4,1,1,433,-8.0313
2014,4,1,2,170,-4.9774
2014,4,1,3,107,-4.5214
2014,4,1,4,173,-3.5106
2014,4,1,5,277,-4.8081
2014,4,2,1,137,-4.7459
2014,4,2,2,73,-2.3812
2014,4,2,3,102,-2.5601
2014,4,2,4,102,-0.6921
2014,4,2,5,175,-3.5933
2014,4,3,1,132,-1.2505
2014,4,3,2,137,1.0365
2014,4,3,3,129,2.2917
2014,4,3,4,124,1.9598
2014,4,3,5,178,0.4389
2014,5,1,1,430,-2.9362
2014,5,1,2,168,0.3670
2014,5,1,3,107,0.2403
2014,5,1,4,172,-0.4213
2014,5,1,5,275,-0.3217
2014,5,2,1,137,0.3880
2014,5,2,2,71,0.7023
2014,5,2,3,102,1.1570
2014,5,2,4,102,1.4325
2014,5,2,5,175,0.6713
2014,5,3,1,132,1.4955
2014,5,3,2,137,2.3543
2014,5,3,3,129,1.9595
2014,5,3,4,124,1.2674
2014,5,3,5,178,3.3750
2014,6,1,1,426,6.6720
2014,6,1,2,168,4.1991
2014,6,1,3,107,3.7075
2014,6,1,4,171,3.8813
2014,6,1,5,274,7.8308
2014,6,2,1,137,5.3353
2014,6,2,2,71,5.3864
2014,6,2,3,102,5.3139
2014,6,2,4,101,4.9040
2014,6,2,5,174,5.4559
2014,6,3,1,132,2.6557
2014,6,3,2,137,2.0919
2014,6,3,3,129,1.6381
2014,6,3,4,123,1.6150
2014,6,3,5,177,2.7094
2014,7,1,1,483,-6.1126
2014,7,1,2,170,-6.2443
2014,7,1,3,117,-6.7801
2014,7,1,4,145,-5.7756
2014,7,1,5,241,-6.7984
2014,7,2,1,147,-6.3596
2014,7,2,2,100,-5.8995
2014,7,2,3,94,-6.7351
2014,7,2,4,110,-6.3397
2014,7,2,5,175,-4.8147
2014,7,3,1,153,-1.1314
2014,7,3,2,132,-1.7258
2014,7,3,3,144,-2.8405
2014,7,3,4,147,-2.4514
2014,7,3,5,164,0.2414
2014,8,1,1,480,3.7489
2014,8,1,2,170,4.6170
2014,8,1,3,116,4.2374
2014,8,1,4,145,4.2386
2014,8,1,5,239,3.0861
2014,8,2,1,146,6.0434
2014,8,2,2,99,5.4955
2014,8,2,3,94,4.4474
2014,8,2,4,109,5.2127
2014,8,2,5,172,4.8108
2014,8,3,1,153,3.6370
2014,8,3,2,132,5.1065
2014,8,3,3,144,3.2911
2014,8,3,4,147,3.9153
2014,8,3,5,163,5.3529
2014,9,1,1,474,-7.1561
2014,9,1,2,170,-8.5264
2014,9,1,3,116,-8.0974
2014,9,1,4,145,-5.3006
2014,9,1,5,238,-6.5273
2014,9,2,1,146,-5.6269
2014,9,2,2,99,-4.8257
2014,9,2,3,94,-7.4061
2014,9,2,4,108,-5.0689
2014,9,2,5,171,-5.9594
2014,9,3,1,152,-1.4520
2014,9,3,2,132,-1.2357
2014,9,3,3,144,-2.2464
2014,9,3,4,146,-3.6962
2014,9,3,5,162,-1.4484
2014,10,1,1,473,4.5755
2014,10,1,2,169,5.7059
2014,10,1,3,114,6.3285
2014,10,1,4,144,9.1071
2014,10,1,5,237,5.3380
2014,10,2,1,145,2.6799
2014,10,2,2,99,5.6743
2014,10,2,3,94,6.9775
2014,10,2,4,108,5.7536
2014,10,2,5,171,5.5902
2014,10,3,1,151,2.7832
2014,10,3,2,132,2.0679
2014,10,3,3,144,3.8318
2014,10,3,4,145,1.4756
2014,10,3,5,162,0.5819
2014,11,1,1,468,-0.5558
2014,11,1,2,166,-1.8596
2014,11,1,3,115,-0.0433
2014,11,1,4,143,-0.8893
2014,11,1,5,236,-0.6689
2014,11,2,1,144,1.9215
2014,11,2,2,99,0.5808
2014,11,2,3,94,0.6677
2014,11,2,4,108,0.0521
2014,11,2,5,170,0.1263
2014,11,3,1,151,3.2616
2014,11,3,2,132,3.6969
2014,11,3,3,143,4.9851
2014,11,3,4,145,0.4667
2014,11,3,5,162,2.1990
2014,12,1,1,464,4.2755
2014,12,1,2,166,4.5120
2014,12,1,3,115,7.2798
2014,12,1,4,142,7.2787
2014,12,1,5,234,3.3448
2014,12,2,1,143,1.2263
2014,12,2,2,99,2.4886
2014,12,2,3,94,2.8899
2014,12,2,4,108,0.6593
2014,12,2,5,170,1.3501
2014,12,3,1,151,-1.0895
2014,12,3,2,132,-2.2469
2014,12,3,3,142,1.1116
2014,12,3,4,145,0.8377
2014,12,3,5,160,-0.7527
2015,1,1,1,460,-4.2000
2015,1,1,2,166,-4.8870
2015,1,1,3,114,-6.7098
2015,1,1,4,142,-4.3375
2015,1,1,5,232,-3.6136
2015,1,2,1,141,-3.0397
2015,1,2,2,99,-2.1852
2015,1,2,3,94,-3.7922
2015,1,2,4,107,-3.4221
2015,1,2,5,170,-3.6541
2015,1,3,1,151,-1.0149
2015,1,3,2,130,-1.0303
2015,1,3,3,142,-1.6970
2015,1,3,4,144,-3.6544
2015,1,3,5,160,-3.7123
2015,2,1,1,459,4.7875
2015,2,1,2,163,5.9539
2015,2,1,3,112,4.5064
2015,2,1,4,142,7.0327
2015,2,1,5,232,6.9014
2015,2,2,1,138,8.9798
2015,2,2,2,98,5.9496
2015,2,2,3,94,4.6296
2015,2,2,4,107,6.0830
2015,2,2,5,170,7.7721
2015,2,3,1,150,5.8032
2015,2,3,2,130,6.7344
2015,2,3,3,139,3.4251
2015,2,3,4,143,5.0015
2015,2,3,5,159,6.9462
2015,3,1,1,456,-0.5755
2015,3,1,2,161,0.3947
2015,3,1,3,111,-0.2209
2015,3,1,4,141,2.6861
2015,3,1,5,231,0.9859
2015,3,2,1,136,1.6382
2015,3,2,2,98,2.9358
2015,3,2,3,94,1.7282
2015,3,2,4,106,1.7987
2015,3,2,5,168,1.4808
2015,3,3,1,150,-1.5152
2015,3,3,2,130,-2.0596
2015,3,3,3,139,-0.8286
2015,3,3,4,142,-1.2125
2015,3,3,5,158,-2.2498
2015,4,1,1,451,-2.1488
2015,4,1,2,161,-2.9135
2015,4,1,3,109,-0.0857
2015,4,1,4,141,-3.8040
2015,4,1,5,230,-1.4821
2015,4,2,1,135,-1.7523
2015,4,2,2,98,-4.1264
2015,4,2,3,94,-1.9367
2015,4,2,4,106,-2.3470
2015,4,2,5,167,-2.6870
2015,4,3,1,150,0.1332
2015,4,3,2,127,1.0367
2015,4,3,3,138,-0.3457
2015,4,3,4,142,0.9863
2015,4,3,5,158,2.0784
2015,5,1,1,448,2.1899
2015,5,1,2,160,-1.0040
2015,5,1,3,109,1.6976
2015,5,1,4,140,2.3447
2015,5,1,5,230,1.6642
2015,5,2,1,135,1.9441
2015,5,2,2,98,3.2360
2015,5,2,3,94,0.8988
2015,5,2,4,106,1.5087
2015,5,2,5,167,3.2232
2015,5,3,1,147,1.7642
2015,5,3,2,127,1.3486
2015,5,3,3,138,0.5750
2015,5,3,4,142,-0.2428
2015,5,3,5,158,1.0151
2015,6,1,1,446,1.8461
2015,6,1,2,160,1.2742
2015,6,1,3,109,1.5205
2015,6,1,4,140,2.2133
2015,6,1,5,228,2.7053
2015,6,2,1,134,0.8255
2015,6,2,2,98,-1.3902
2015,6,2,3,94,-0.9217
2015,6,2,4,106,1.2085
2015,6,2,5,167,-0.5037
2015,6,3,1,147,-2.2581
2015,6,3,2,126,-2.4853
2015,6,3,3,137,-3.3285
2015,6,3,4,142,-2.0421
2015,6,3,5,158,-1.5945
2015,7,1,1,434,-7.0579
2015,7,1,2,175,-5.3564
2015,7,1,3,112,-5.5030
2015,7,1,4,136,-7.1077
2015,7,1,5,271,-7.1061
2015,7,2,1,145,-0.9772
2015,7,2,2,93,-3.6128
2015,7,2,3,84,-1.6773
2015,7,2,4,103,-3.0843
2015,7,2,5,200,-2.9360
2015,7,3,1,155,1.8841
2015,7,3,2,157,1.1330
2015,7,3,3,158,2.3582
2015,7,3,4,141,0.9582
2015,7,3,5,162,1.5772
2015,8,1,1,427,-4.3081
2015,8,1,2,175,-5.5194
2015,8,1,3,112,-5.2519
2015,8,1,4,132,-4.6723
2015,8,1,5,271,-2.9668
2015,8,2,1,145,-7.4711
2015,8,2,2,93,-4.4982
2015,8,2,3,84,-4.5751
2015,8,2,4,103,-5.4434
2015,8,2,5,198,-6.5838
2015,8,3,1,155,-6.1575
2015,8,3,2,156,-6.8786
2015,8,3,3,156,-5.7509
2015,8,3,4,140,-5.7569
2015,8,3,5,161,-5.1180
2015,9,1,1,425,-8.3208
2015,9,1,2,175,-3.8929
2015,9,1,3,111,-4.6746
2015,9,1,4,132,-6.2521
2015,9,1,5,270,-11.1079
2015,9,2,1,144,-7.0928
2015,9,2,2,92,-5.6957
2015,9,2,3,84,-3.4540
2015,9,2,4,102,-5.9555
2015,9,2,5,197,-8.2588
2015,9,3,1,155,-3.4800
2015,9,3,2,154,-2.2463
2015,9,3,3,155,-0.6948
2015,9,3,4,140,-3.0179
2015,9,3,5,159,-4.1738
2015,10,1,1,418,5.5824
2015,10,1,2,174,6.2962
2015,10,1,3,110,5.2977
2015,10,1,4,132,6.0828
2015,10,1,5,269,7.4656
2015,10,2,1,143,7.2864
2015,10,2,2,92,5.8851
2015,10,2,3,84,6.9152
2015,10,2,4,102,7.2948
2015,10,2,5,197,5.6134
2015,10,3,1,155,9.2092
2015,10,3,2,154,7.5761
2015,10,3,3,155,7.4257
2015,10,3,4,140,8.5941
2015,10,3,5,158,8.4996
2015,11,1,1,409,2.1367
2015,11,1,2,171,3.0102
2015,11,1,3,110,2.0008
2015,11,1,4,132,-0.2638
2015,11,1,5,267,3.2450
2015,11,2,1,139,5.6665
2015,11,2,2,92,3.2975
2015,11,2,3,83,2.0326
2015,11,2,4,100,2.7951
2015,11,2,5,196,5.4065
2015,11,3,1,154,0.7802
2015,11,3,2,154,-1.4344
2015,11,3,3,155,-0.3587
2015,11,3,4,140,1.0140
2015,11,3,5,158,0.7217
2015,12,1,1,410,-6.4937
2015,12,1,2,169,-6.2805
2015,12,1,3,109,-3.7413
2015,12,1,4,130,-4.1592
2015,12,1,5,267,-6.0769
2015,12,2,1,139,-4.5889
2015,12,2,2,92,-4.2031
2015,12,2,3,82,-5.0366
2015,12,2,4,100,-5.5864
2015,12,2,5,195,-5.5122
2015,12,3,1,154,-2.6341
2015,12,3,2,154,-2.3492
2015,12,3,3,154,-0.2925
2015,12,3,4,139,-2.8724
2015,12,3,5,158,-1.9869
2016,1,1,1,405,-12.2971
2016,1,1,2,167,-6.7106
2016,1,1,3,109,-5.4978
2016,1,1,4,129,-6.2582
2016,1,1,5,265,-11.9927
2016,1,2,1,139,-9.7042
2016,1,2,2,91,-8.0065
2016,1,2,3,82,-6.5931
2016,1,2,4,97,-6.3146
2016,1,2,5,195,-10.8085
2016,1,3,1,154,-7.4771
2016,1,3,2,153,-4.9797
2016,1,3,3,153,-2.6875
2016,1,3,4,138,-5.7653
2016,1,3,5,157,-2.5448
2016,2,1,1,397,-1.4173
2016,2,1,2,164,0.0684
2016,2,1,3,109,-0.1918
2016,2,1,4,129,0.5739
2016,2,1,5,262,0.9871
2016,2,2,1,138,-0.0205
2016,2,2,2,90,1.5846
2016,2,2,3,81,1.3713
2016,2,2,4,97,1.3095
2016,2,2,5,195,0.5674
2016,2,3,1,154,0.1867
2016,2,3,2,153,1.9488
2016,2,3,3,152,1.0745
2016,2,3,4,137,0.4372
2016,2,3,5,156,-1.4120
2016,3,1,1,394,6.4380
2016,3,1,2,164,8.4358
2016,3,1,3,108,7.2831
2016,3,1,4,127,8.4060
2016,3,1,5,259,7.6825
2016,3,2,1,137,7.4195
2016,3,2,2,87,9.8854
2016,3,2,3,81,8.7698
2016,3,2,4,97,10.4691
2016,3,2,5,195,7.7907
2016,3,3,1,153,7.7477
2016,3,3,2,152,6.4541
2016,3,3,3,151,6.4552
2016,3,3,4,137,7.4753
2016,3,3,5,155,6.8362
2016,4,1,1,391,4.6637
2016,4,1,2,163,1.7549
2016,4,1,3,107,1.6429
2016,4,1,4,125,0.6340
2016,4,1,5,258,4.6879
2016,4,2,1,137,2.1266
2016,4,2,2,87,0.6300
2016,4,2,3,81,1.7027
2016,4,2,4,97,2.1016
2016,4,2,5,195,1.2384
2016,4,3,1,152,-0.5338
2016,4,3,2,152,0.5745
2016,4,3,3,150,-0.4256
2016,4,3,4,137,2.2256
2016,4,3,5,154,1.1896
2016,5,1,1,388,-0.6144
2016,5,1,2,162,-0.2904
2016,5,1,3,106,-0.4182
2016,5,1,4,125,-2.7913
2016,5,1,5,255,0.2305
2016,5,2,1,136,2.9129
2016,5,2,2,87,1.1017
2016,5,2,3,80,2.3219
2016,5,2,4,97,0.2835
2016,5,2,5,194,1.5004
2016,5,3,1,150,3.0288
2016,5,3,2,150,1.2680
2016,5,3,3,149,1.6076
2016,5,3,4,137,-0.3057
2016,5,3,5,154,1.8958
2016,6,1,1,383,0.6278
2016,6,1,2,161,1.0130
2016,6,1,3,105,1.3111
2016,6,1,4,123,2.1245
2016,6,1,5,253,-1.9009
2016,6,2,1,135,-0.3215
2016,6,2,2,87,0.6259
2016,6,2,3,80,2.7447
2016,6,2,4,97,0.8751
2016,6,2,5,191,0.3789
2016,6,3,1,148,-0.2448
2016,6,3,2,149,1.0855
2016,6,3,3,148,2.3596
2016,6,3,4,136,0.4082
2016,6,3,5,154,1.0681
2016,7,1,1,444,4.9644
2016,7,1,2,173,8.5034
2016,7,1,3,138,4.5419
2016,7,1,4,132,7.1894
2016,7,1,5,295,5.6538
2016,7,2,1,135,6.7973
2016,7,2,2,110,5.6330
2016,7,2,3,102,5.9792
2016,7,2,4,101,6.3201
2016,7,2,5,165,6.4063
2016,7,3,1,138,4.0598
2016,7,3,2,142,4.0157
2016,7,3,3,138,1.9746
2016,7,3,4,150,3.3076
2016,7,3,5,169,5.6714
2016,8,1,1,439,3.2061
2016,8,1,2,171,1.9749
2016,8,1,3,136,3.5628
2016,8,1,4,131,2.6134
2016,8,1,5,294,2.9456
2016,8,2,1,134,-0.0343
2016,8,2,2,109,1.2995
2016,8,2,3,101,1.9777
2016,8,2,4,101,-0.4401
2016,8,2,5,164,0.7533
2016,8,3,1,138,0.2425
2016,8,3,2,141,0.1197
2016,8,3,3,136,-0.8662
2016,8,3,4,149,-0.6840
2016,8,3,5,169,-0.8381
2016,9,1,1,435,6.2435
2016,9,1,2,171,5.0625
2016,9,1,3,135,2.1118
2016,9,1,4,130,1.6871
2016,9,1,5,293,5.7580
2016,9,2,1,131,3.7817
2016,9,2,2,109,2.3901
2016,9,2,3,101,0.1064
2016,9,2,4,99,0.6817
2016,9,2,5,164,1.1765
2016,9,3,1,136,0.3179
2016,9,3,2,141,0.6354
2016,9,3,3,136,1.0391
2016,9,3,4,149,-0.1092
2016,9,3,5,169,0.4499
2016,10,1,1,431,-10.0690
2016,10,1,2,171,-4.2731
2016,10,1,3,134,-3.4532
2016,10,1,4,129,-2.8944
2016,10,1,5,292,-8.1723
2016,10,2,1,129,-8.1556
2016,10,2,2,106,-4.7589
2016,10,2,3,99,-5.8133
2016,10,2,4,98,-2.9052
2016,10,2,5,163,-7.8512
2016,10,3,1,136,-3.7432
2016,10,3,2,137,-2.0632
2016,10,3,3,135,-1.6861
2016,10,3,4,149,-2.2429
2016,10,3,5,167,-2.1299
2016,11,1,1,425,9.7409
2016,11,1,2,170,11.8906
2016,11,1,3,134,10.2059
2016,11,1,4,128,15.0774
2016,11,1,5,289,11.0101
2016,11,2,1,129,9.4771
2016,11,2,2,106,9.2596
2016,11,2,3,99,12.9359
2016,11,2,4,98,11.8167
2016,11,2,5,163,9.5308
2016,11,3,1,136,5.4142
2016,11,3,2,137,3.7674
2016,11,3,3,133,1.8458
2016,11,3,4,148,2.9048
2016,11,3,5,167,1.0689
2016,12,1,1,421,2.3038
2016,12,1,2,169,4.4365
2016,12,1,3,131,4.4668
2016,12,1,4,128,4.6397
2016,12,1,5,288,2.3082
2016,12,2,1,127,-2.0630
2016,12,2,2,104,2.9301
2016,12,2,3,99,1.8668
2016,12,2,4,97,3.4205
2016,12,2,5,163,0.3967
2016,12,3,1,135,0.3234
2016,12,3,2,136,0.9193
2016,12,3,3,132,2.8292
2016,12,3,4,147,2.1549
2016,12,3,5,167,0.8822
2017,1,1,1,417,-0.1523
2017,1,1,2,169,0.8205
2017,1,1,3,130,-2.6406
2017,1,1,4,127,-3.2606
2017,1,1,5,286,1.7173
2017,1,2,1,126,1.1808
2017,1,2,2,103,1.6474
2017,1,2,3,99,0.7642
2017,1,2,4,97,0.3685
2017,1,2,5,163,1.1649
2017,1,3,1,135,1.6241
2017,1,3,2,134,2.9673
2017,1,3,3,132,1.3403
2017,1,3,4,147,2.4493
2017,1,3,5,164,3.1440
2017,2,1,1,415,1.6333
2017,2,1,2,167,-0.5137
2017,2,1,3,130,0.7383
2017,2,1,4,126,-1.9088
2017,2,1,5,286,0.4954
2017,2,2,1,126,-0.5104
2017,2,2,2,102,0.7886
2017,2,2,3,98,1.9043
2017,2,2,4,96,0.9550
2017,2,2,5,163,1.0964
2017,2,3,1,135,3.2069
2017,2,3,2,133,2.3360
2017,2,3,3,132,4.4933
2017,2,3,4,147,4.3275
2017,2,3,5,163,3.1020
2017,3,1,1,413,0.8469
2017,3,1,2,167,-0.8617
2017,3,1,3,129,2.6480
2017,3,1,4,125,1.4432
2017,3,1,5,284,2.4636
2017,3,2,1,124,1.0238
2017,3,2,2,101,1.2322
2017,3,2,3,98,1.8722
2017,3,2,4,95,-0.4701
2017,3,2,5,160,0.8579
2017,3,3,1,135,0.5724
2017,3,3,2,132,1.0789
2017,3,3,3,131,0.8646
2017,3,3,4,147,-0.6366
2017,3,3,5,162,1.2548
2017,4,1,1,410,-1.2024
2017,4,1,2,166,2.1884
2017,4,1,3,128,1.7249
2017,4,1,4,124,6.3578
2017,4,1,5,283,1.3557
2017,4,2,1,124,-0.5550
2017,4,2,2,101,1.5656
2017,4,2,3,97,1.9211
2017,4,2,4,93,1.6995
2017,4,2,5,159,1.8287
2017,4,3,1,135,0.7396
2017,4,3,2,132,1.3654
2017,4,3,3,131,0.7318
2017,4,3,4,146,0.4386
2017,4,3,5,161,3.5337
2017,5,1,1,409,-0.8419
2017,5,1,2,165,-2.5367
2017,5,1,3,128,-4.8586
2017,5,1,4,124,-1.7584
2017,5,1,5,279,-3.3956
2017,5,2,1,122,-1.9148
2017,5,2,2,100,-2.0524
2017,5,2,3,97,-0.3202
2017,5,2,4,90,-0.3741
2017,5,2,5,156,-1.4705
2017,5,3,1,135,1.1107
2017,5,3,2,132,0.3325
2017,5,3,3,131,2.7699
2017,5,3,4,146,0.7401
2017,5,3,5,159,4.1166
2017,6,1,1,402,3.4725
2017,6,1,2,164,4.6000
2017,6,1,3,128,5.9124
2017,6,1,4,123,4.5504
2017,6,1,5,278,8.3348
2017,6,2,1,122,3.4146
2017,6,2,2,100,1.2137
2017,6,2,3,96,1.9056
2017,6,2,4,90,2.2100
2017,6,2,5,154,3.0363
2017,6,3,1,135,0.3806
2017,6,3,2,132,-0.0225
2017,6,3,3,131,-1.7147
2017,6,3,4,146,0.7278
2017,6,3,5,159,-0.8457
2017,7,1,1,476,-0.2343
2017,7,1,2,174,-1.5879
2017,7,1,3,134,-3.4955
2017,7,1,4,120,-0.3970
2017,7,1,5,249,-0.2806
2017,7,2,1,119,-0.3511
2017,7,2,2,97,1.0590
2017,7,2,3,92,3.1535
2017,7,2,4,97,1.2249
2017,7,2,5,161,0.6346
2017,7,3,1,146,2.3365
2017,7,3,2,155,1.8170
2017,7,3,3,140,1.8677
2017,7,3,4,147,1.2344
2017,7,3,5,145,3.3707
2017,8,1,1,475,0.3926
2017,8,1,2,173,-0.5470
2017,8,1,3,132,-4.9115
2017,8,1,4,120,-1.5700
2017,8,1,5,249,-1.2360
2017,8,2,1,119,-1.6094
2017,8,2,2,95,-2.8383
2017,8,2,3,92,-2.8393
2017,8,2,4,97,-0.6634
2017,8,2,5,161,0.0905
2017,8,3,1,145,0.1606
2017,8,3,2,155,-0.0676
2017,8,3,3,140,2.6823
2017,8,3,4,147,-0.5724
2017,8,3,5,143,1.2756
2017,9,1,1,474,9.1414
2017,9,1,2,170,11.7125
2017,9,1,3,133,7.2131
2017,9,1,4,119,9.1411
2017,9,1,5,246,7.3256
2017,9,2,1,118,6.4230
2017,9,2,2,94,5.1773
2017,9,2,3,92,6.6078
2017,9,2,4,97,6.6497
2017,9,2,5,160,7.2033
2017,9,3,1,144,3.3878
2017,9,3,2,155,2.2054
2017,9,3,3,140,0.7690
2017,9,3,4,147,1.0787
2017,9,3,5,143,1.5749
2017,10,1,1,468,-2.9014
2017,10,1,2,167,0.8062
2017,10,1,3,132,0.8502
2017,10,1,4,119,1.6023
2017,10,1,5,245,-0.3594
2017,10,2,1,117,-0.7762
2017,10,2,2,94,0.5065
2017,10,2,3,91,1.2743
2017,10,2,4,97,-0.1819
2017,10,2,5,159,0.6229
2017,10,3,1,144,3.9577
2017,10,3,2,154,1.4722
2017,10,3,3,140,2.2168
2017,10,3,4,145,0.7488
2017,10,3,5,140,3.8056
2017,11,1,1,466,1.7791
2017,11,1,2,166,4.9565
2017,11,1,3,130,5.2034
2017,11,1,4,119,4.2507
2017,11,1,5,241,2.7885
2017,11,2,1,117,0.6078
2017,11,2,2,93,2.0499
2017,11,2,3,91,3.8889
2017,11,2,4,96,2.9171
2017,11,2,5,159,4.1705
2017,11,3,1,144,2.7350
2017,11,3,2,152,3.1172
2017,11,3,3,140,4.0825
2017,11,3,4,143,3.6514
2017,11,3,5,140,2.0327
2017,12,1,1,460,1.5097
2017,12,1,2,164,0.2331
2017,12,1,3,130,-0.6470
2017,12,1,4,119,0.5769
2017,12,1,5,240,-0.3491
2017,12,2,1,116,1.2979
2017,12,2,2,92,1.2088
2017,12,2,3,90,-0.2723
2017,12,2,4,96,0.6033
2017,12,2,5,159,-0.4155
2017,12,3,1,143,2.0186
2017,12,3,2,151,1.3121
2017,12,3,3,140,1.0811
2017,12,3,4,142,0.3747
2017,12,3,5,139,1.0466
2018,1,1,1,453,4.7824
2018,1,1,2,164,3.2754
2018,1,1,3,128,-1.3996
2018,1,1,4,119,-0.0633
2018,1,1,5,238,2.4985
2018,1,2,1,116,4.9698
2018,1,2,2,92,3.2497
2018,1,2,3,90,3.4783
2018,1,2,4,95,1.9170
2018,1,2,5,158,1.8694
2018,1,3,1,143,7.2835
2018,1,3,2,151,6.3974
2018,1,3,3,140,3.2666
2018,1,3,4,141,4.8152
2018,1,3,5,139,7.4887
2018,2,1,1,452,-1.1367
2018,2,1,2,164,-3.4221
2018,2,1,3,126,-4.6860
2018,2,1,4,119,-4.6630
2018,2,1,5,237,-5.1797
2018,2,2,1,115,-3.3112
2018,2,2,2,92,-3.9684
2018,2,2,3,90,-3.6573
2018,2,2,4,93,-4.3130
2018,2,2,5,158,-4.4224
2018,2,3,1,143,-4.7131
2018,2,3,2,151,-4.1985
2018,2,3,3,140,-1.9387
2018,2,3,4,141,-4.4362
2018,2,3,5,139,-3.7783
2018,3,1,1,445,-0.1500
2018,3,1,2,162,-2.0857
2018,3,1,3,126,3.4451
2018,3,1,4,119,1.6884
2018,3,1,5,237,1.4521
2018,3,2,1,114,0.2683
2018,3,2,2,90,1.1163
2018,3,2,3,90,0.3374
2018,3,2,4,93,1.6104
2018,3,2,5,157,2.3325
2018,3,3,1,143,-1.0113
2018,3,3,2,151,-2.3271
2018,3,3,3,140,-2.7735
2018,3,3,4,140,-1.5898
2018,3,3,5,139,-2.6244
2018,4,1,1,442,0.6899
2018,4,1,2,160,4.2965
2018,4,1,3,125,-1.2722
2018,4,1,4,119,1.9904
2018,4,1,5,236,1.5579
2018,4,2,1,114,2.4389
2018,4,2,2,89,1.8879
2018,4,2,3,90,0.3681
2018,4,2,4,92,-0.2588
2018,4,2,5,157,0.0308
2018,4,3,1,142,1.5877
2018,4,3,2,151,1.2653
2018,4,3,3,139,-1.1288
2018,4,3,4,139,0.6153
2018,4,3,5,137,-0.8166
2018,5,1,1,440,12.2387
2018,5,1,2,159,6.2771
2018,5,1,3,125,5.3549
2018,5,1,4,117,6.0585
2018,5,1,5,233,8.3382
2018,5,2,1,113,8.8654
2018,5,2,2,89,6.6383
2018,5,2,3,90,7.7520
2018,5,2,4,91,5.5824
2018,5,2,5,155,6.6304
2018,5,3,1,142,4.8669
2018,5,3,2,150,2.5179
2018,5,3,3,139,3.9768
2018,5,3,4,139,0.6536
2018,5,3,5,136,3.1824
2018,6,1,1,440,0.7456
2018,6,1,2,159,3.3826
2018,6,1,3,124,2.3506
2018,6,1,4,117,1.5322
2018,6,1,5,233,-0.1965
2018,6,2,1,112,1.7790
2018,6,2,2,88,0.7717
2018,6,2,3,90,0.9260
2018,6,2,4,91,0.6633
2018,6,2,5,155,1.9988
2018,6,3,1,142,0.5291
2018,6,3,2,150,0.7811
2018,6,3,3,139,0.2278
2018,6,3,4,138,2.3759
2018,6,3,5,136,0.9578
2018,7,1,1,464,-1.8267
2018,7,1,2,149,0.8431
2018,7,1,3,134,1.3766
2018,7,1,4,113,2.2293
2018,7,1,5,241,0.0122
2018,7,2,1,139,0.4480
2018,7,2,2,109,3.0156
2018,7,2,3,90,2.4101
2018,7,2,4,112,2.6155
2018,7,2,5,145,1.7808
2018,7,3,1,152,2.8277
2018,7,3,2,130,3.5549
2018,7,3,3,138,2.7480
2018,7,3,4,141,3.5579
2018,7,3,5,166,3.8140
2018,8,1,1,459,3.5778
2018,8,1,2,149,2.4115
2018,8,1,3,134,4.1169
2018,8,1,4,113,4.7794
2018,8,1,5,241,5.6002
2018,8,2,1,139,6.4312
2018,8,2,2,109,4.2817
2018,8,2,3,90,2.4510
2018,8,2,4,112,2.8331
2018,8,2,5,145,4.8494
2018,8,3,1,151,3.9690
2018,8,3,2,130,2.8565
2018,8,3,3,135,5.6901
2018,8,3,4,141,4.8035
2018,8,3,5,164,2.5074
2018,9,1,1,458,-3.7981
2018,9,1,2,147,-3.1058
2018,9,1,3,134,-2.2817
2018,9,1,4,113,-1.4734
2018,9,1,5,240,-3.4229
2018,9,2,1,138,-3.3941
2018,9,2,2,107,-2.0309
2018,9,2,3,90,-2.0978
2018,9,2,4,111,-2.8656
2018,9,2,5,144,-1.4719
2018,9,3,1,151,2.2794
2018,9,3,2,130,1.0223
2018,9,3,3,135,0.4219
2018,9,3,4,140,0.7371
2018,9,3,5,164,-0.3841
2018,10,1,1,457,-12.5623
2018,10,1,2,147,-10.3000
2018,10,1,3,134,-10.2270
2018,10,1,4,113,-11.3646
2018,10,1,5,240,-11.7770
2018,10,2,1,138,-13.3984
2018,10,2,2,107,-11.2602
2018,10,2,3,90,-9.4151
2018,10,2,4,111,-10.3523
2018,10,2,5,144,-13.3737
2018,10,3,1,151,-8.3259
2018,10,3,2,130,-7.2610
2018,10,3,3,135,-5.2323
2018,10,3,4,140,-9.7131
2018,10,3,5,164,-7.2660
2018,11,1,1,454,-2.4450
2018,11,1,2,147,-2.7189
2018,11,1,3,132,-0.9997
2018,11,1,4,113,-2.1407
2018,11,1,5,239,-1.2737
2018,11,2,1,138,-0.0055
2018,11,2,2,106,1.2230
2018,11,2,3,89,0.7636
2018,11,2,4,111,3.5117
2018,11,2,5,144,2.5066
2018,11,3,1,151,2.3841
2018,11,3,2,129,1.5853
2018,11,3,3,134,-2.5313
2018,11,3,4,139,4.8220
2018,11,3,5,162,2.3051
2018,12,1,1,447,-13.9417
2018,12,1,2,145,-13.3477
2018,12,1,3,131,-9.6744
2018,12,1,4,112,-11.1663
2018,12,1,5,239,-14.0269
2018,12,2,1,138,-11.1282
2018,12,2,2,105,-10.7960
2018,12,2,3,88,-13.1962
2018,12,2,4,110,-11.0720
2018,12,2,5,144,-12.9816
2018,12,3,1,151,-7.3207
2018,12,3,2,129,-8.2180
2018,12,3,3,133,-9.8280
2018,12,3,4,138,-9.7496
2018,12,3,5,160,-8.5007
2019,1,1,1,439,11.5401
2019,1,1,2,145,12.1146
2019,1,1,3,130,10.0935
2019,1,1,4,112,10.2624
2019,1,1,5,237,10.6166
2019,1,2,1,137,13.1997
2019,1,2,2,105,10.2709
2019,1,2,3,88,10.6622
2019,1,2,4,110,11.7928
2019,1,2,5,143,12.7477
2019,1,3,1,151,7.3943
2019,1,3,2,128,7.8230
2019,1,3,3,133,6.9909
2019,1,3,4,137,9.7251
2019,1,3,5,160,8.8345
2019,2,1,1,437,7.4454
2019,2,1,2,143,4.9614
2019,2,1,3,130,3.1068
2019,2,1,4,112,4.4759
2019,2,1,5,235,7.0106
2019,2,2,1,134,3.0703
2019,2,2,2,104,4.3260
2019,2,2,3,88,5.7622
2019,2,2,4,110,4.0570
2019,2,2,5,143,6.1565
2019,2,3,1,151,4.7008
2019,2,3,2,127,4.9481
2019,2,3,3,133,4.4997
2019,2,3,4,137,1.8047
2019,2,3,5,160,1.9760
2019,3,1,1,433,-1.7000
2019,3,1,2,142,-3.4403
2019,3,1,3,130,-2.2926
2019,3,1,4,112,-4.8987
2019,3,1,5,234,-0.6223
2019,3,2,1,132,-1.3114
2019,3,2,2,103,-1.4206
2019,3,2,3,88,-1.4412
2019,3,2,4,110,-1.7004
2019,3,2,5,142,-1.8853
2019,3,3,1,151,1.2547
2019,3,3,2,127,2.7512
2019,3,3,3,132,3.4089
2019,3,3,4,136,3.2852
2019,3,3,5,158,1.4187
2019,4,1,1,431,1.7167
2019,4,1,2,142,1.0403
2019,4,1,3,124,4.2696
2019,4,1,4,111,1.1723
2019,4,1,5,233,0.9862
2019,4,2,1,132,-0.5098
2019,4,2,2,103,2.4297
2019,4,2,3,88,3.4660
2019,4,2,4,109,4.7158
2019,4,2,5,141,4.5207
2019,4,3,1,151,2.4004
2019,4,3,2,125,6.6041
2019,4,3,3,132,2.9170
2019,4,3,4,136,3.1685
2019,4,3,5,158,3.9398
2019,5,1,1,428,-8.2816
2019,5,1,2,142,-10.3066
2019,5,1,3,124,-6.9160
2019,5,1,4,109,-8.3101
2019,5,1,5,231,-7.9616
2019,5,2,1,132,-6.9918
2019,5,2,2,103,-11.3290
2019,5,2,3,88,-9.2758
2019,5,2,4,109,-7.7272
2019,5,2,5,141,-9.4002
2019,5,3,1,151,-7.0602
2019,5,3,2,124,-5.4037
2019,5,3,3,131,-7.9114
2019,5,3,4,136,-7.0135
2019,5,3,5,157,-7.1177
2019,6,1,1,425,3.7267
2019,6,1,2,142,7.3327
2019,6,1,3,122,5.4684
2019,6,1,4,109,9.8594
2019,6,1,5,231,4.2370
2019,6,2,1,132,7.7229
2019,6,2,2,103,6.3289
2019,6,2,3,88,8.0493
2019,6,2,4,109,10.1106
2019,6,2,5,141,8.5342
2019,6,3,1,150,7.8499
2019,6,3,2,124,6.9884
2019,6,3,3,131,9.0718
2019,6,3,4,136,8.1000
2019,6,3,5,157,5.4937
2019,7,1,1,451,-3.9859
2019,7,1,2,170,-1.1793
2019,7,1,3,91,-0.5662
2019,7,1,4,109,0.7656
2019,7,1,5,250,-1.3181
2019,7,2,1,148,-0.1339
2019,7,2,2,100,0.3137
2019,7,2,3,103,0.1111
2019,7,2,4,105,0.3256
2019,7,2,5,164,-1.4520
2019,7,3,1,138,2.0688
2019,7,3,2,150,0.3500
2019,7,3,3,146,-0.4015
2019,7,3,4,137,3.4994
2019,7,3,5,181,0.8130
2019,8,1,1,450,-4.4005
2019,8,1,2,168,-7.4248
2019,8,1,3,90,-6.3481
2019,8,1,4,109,-9.6621
2019,8,1,5,248,-7.5036
2019,8,2,1,146,-7.1758
2019,8,2,2,99,-7.1968
2019,8,2,3,103,-6.4814
2019,8,2,4,104,-5.4277
2019,8,2,5,164,-5.3843
2019,8,3,1,136,-1.6166
2019,8,3,2,150,-1.6852
2019,8,3,3,144,-0.4880
2019,8,3,4,137,-1.9511
2019,8,3,5,180,-1.7301
2019,9,1,1,443,0.8577
2019,9,1,2,167,2.5728
2019,9,1,3,90,9.7882
2019,9,1,4,107,6.7989
2019,9,1,5,247,0.7789
2019,9,2,1,146,0.1840
2019,9,2,2,99,2.1707
2019,9,2,3,103,3.4358
2019,9,2,4,104,5.4903
2019,9,2,5,164,1.0923
2019,9,3,1,135,1.5736
2019,9,3,2,150,1.5700
2019,9,3,3,143,2.0347
2019,9,3,4,137,1.7910
2019,9,3,5,180,0.3160
2019,10,1,1,439,-1.3071
2019,10,1,2,165,0.7904
2019,10,1,3,90,0.8382
2019,10,1,4,105,-1.1622
2019,10,1,5,245,1.0216
2019,10,2,1,144,4.9409
2019,10,2,2,99,0.7658
2019,10,2,3,101,3.2340
2019,10,2,4,104,2.2874
2019,10,2,5,164,2.7393
2019,10,3,1,135,3.5468
2019,10,3,2,149,0.9936
2019,10,3,3,143,1.3458
2019,10,3,4,136,2.7423
2019,10,3,5,180,0.9166
2019,11,1,1,435,7.1125
2019,11,1,2,164,3.2052
2019,11,1,3,89,5.0649
2019,11,1,4,105,0.4974
2019,11,1,5,244,3.3631
2019,11,2,1,140,5.0934
2019,11,2,2,98,2.3649
2019,11,2,3,100,4.8404
2019,11,2,4,104,1.9625
2019,11,2,5,162,5.6984
2019,11,3,1,135,4.5531
2019,11,3,2,149,2.6395
2019,11,3,3,143,2.1692
2019,11,3,4,135,3.0945
2019,11,3,5,179,4.8938
2019,12,1,1,430,7.5549
2019,12,1,2,162,5.3277
2019,12,1,3,88,1.8120
2019,12,1,4,105,4.4057
2019,12,1,5,244,5.6799
2019,12,2,1,140,3.4908
2019,12,2,2,97,2.4365
2019,12,2,3,99,2.9315
2019,12,2,4,104,3.1168
2019,12,2,5,161,5.7781
2019,12,3,1,135,4.3624
2019,12,3,2,149,2.1290
2019,12,3,3,143,2.6238
2019,12,3,4,134,2.4597
2019,12,3,5,179,2.2520
2020,1,1,1,425,-2.2423
2020,1,1,2,159,-7.1454
2020,1,1,3,87,-5.2004
2020,1,1,4,105,-9.2486
2020,1,1,5,243,-4.6768
2020,1,2,1,140,-1.5804
2020,1,2,2,97,-3.5680
2020,1,2,3,99,-6.1171
2020,1,2,4,101,-5.5793
2020,1,2,5,158,-4.4780
2020,1,3,1,134,1.7832
2020,1,3,2,148,2.2932
2020,1,3,3,143,-1.8851
2020,1,3,4,133,1.0237
2020,1,3,5,179,-0.7511
2020,2,1,1,425,-6.1944
2020,2,1,2,159,-8.6465
2020,2,1,3,87,-4.7009
2020,2,1,4,105,-8.4862
2020,2,1,5,242,-7.6507
2020,2,2,1,140,-6.6340
2020,2,2,2,97,-12.4683
2020,2,2,3,98,-8.7746
2020,2,2,4,101,-11.8138
2020,2,2,5,154,-7.9425
2020,2,3,1,134,-7.3882
2020,2,3,2,148,-7.9251
2020,2,3,3,143,-7.7993
2020,2,3,4,133,-7.7093
2020,2,3,5,179,-7.4107
2020,3,1,1,423,-21.9799
2020,3,1,2,158,-22.7557
2020,3,1,3,86,-22.4885
2020,3,1,4,105,-25.4126
2020,3,1,5,241,-25.0261
2020,3,2,1,140,-22.0009
2020,3,2,2,96,-23.5176
2020,3,2,3,98,-22.9407
2020,3,2,4,101,-24.6462
2020,3,2,5,154,-20.7648
2020,3,3,1,134,-8.2719
2020,3,3,2,148,-10.8167
2020,3,3,3,143,-12.2053
2020,3,3,4,133,-14.3513
2020,3,3,5,179,-12.7948
2020,4,1,1,421,24.5439
2020,4,1,2,158,18.4121
2020,4,1,3,85,10.8007
2020,4,1,4,104,14.7750
2020,4,1,5,241,18.2868
2020,4,2,1,140,19.8226
2020,4,2,2,95,15.9007
2020,4,2,3,98,13.6518
2020,4,2,4,100,15.7545
2020,4,2,5,153,18.9123
2020,4,3,1,134,13.5058
2020,4,3,2,146,16.4964
2020,4,3,3,143,9.5895
2020,4,3,4,133,15.5895
2020,4,3,5,179,12.9630
2020,5,1,1,421,10.4264
2020,5,1,2,155,6.3239
2020,5,1,3,85,4.5398
2020,5,1,4,104,14.9032
2020,5,1,5,239,5.1161
2020,5,2,1,139,9.1785
2020,5,2,2,95,9.3952
2020,5,2,3,97,5.7149
2020,5,2,4,100,7.9145
2020,5,2,5,153,9.1083
2020,5,3,1,134,6.9088
2020,5,3,2,144,3.1839
2020,5,3,3,142,3.6864
2020,5,3,4,132,6.4466
2020,5,3,5,179,6.5619
2020,6,1,1,417,9.7350
2020,6,1,2,153,8.2918
2020,6,1,3,85,8.2708
2020,6,1,4,103,10.2425
2020,6,1,5,237,5.2256
2020,6,2,1,139,4.5670
2020,6,2,2,95,3.0779
2020,6,2,3,97,3.3160
2020,6,2,4,100,3.2311
2020,6,2,5,153,2.0676
2020,6,3,1,134,5.8162
2020,6,3,2,144,4.8962
2020,6,3,3,142,-0.6651
2020,6,3,4,132,-0.6594
2020,6,3,5,178,0.9704
2020,7,1,1,465,2.9345
2020,7,1,2,169,-1.5635
2020,7,1,3,122,4.7130
2020,7,1,4,89,7.5758
2020,7,1,5,198,7.1953
2020,7,2,1,154,1.4331
2020,7,2,2,119,7.1575
2020,7,2,3,104,7.8388
2020,7,2,4,101,1.0104
2020,7,2,5,141,3.5464
2020,7,3,1,157,9.9172
2020,7,3,2,135,5.2503
2020,7,3,3,155,3.0439
2020,7,3,4,142,6.3348
2020,7,3,5,195,7.4213
2020,8,1,1,461,2.8652
2020,8,1,2,167,5.9530
2020,8,1,3,121,5.9605
2020,8,1,4,89,8.7761
2020,8,1,5,196,5.9145
2020,8,2,1,153,2.5319
2020,8,2,2,119,5.5395
2020,8,2,3,103,7.0067
2020,8,2,4,101,5.8525
2020,8,2,5,141,6.1998
2020,8,3,1,156,13.6600
2020,8,3,2,135,5.5323
2020,8,3,3,153,3.6553
2020,8,3,4,142,8.2111
2020,8,3,5,195,7.3205
2020,9,1,1,458,-0.8674
2020,9,1,2,166,-4.7697
2020,9,1,3,120,-3.1736
2020,9,1,4,88,-6.5028
2020,9,1,5,195,-1.1725
2020,9,2,1,152,-5.9600
2020,9,2,2,119,-2.8885
2020,9,2,3,102,-2.5407
2020,9,2,4,101,-5.8669
2020,9,2,5,141,-2.0809
2020,9,3,1,155,-5.1663
2020,9,3,2,135,-1.9823
2020,9,3,3,153,-2.0021
2020,9,3,4,142,-5.6866
2020,9,3,5,195,-2.4687
2020,10,1,1,455,-3.4389
2020,10,1,2,164,-1.5613
2020,10,1,3,120,-0.8399
2020,10,1,4,88,2.7789
2020,10,1,5,193,-2.3849
2020,10,2,1,152,3.1870
2020,10,2,2,119,1.6534
2020,10,2,3,102,-0.9673
2020,10,2,4,101,3.3721
2020,10,2,5,140,1.4510
2020,10,3,1,155,-3.7516
2020,10,3,2,135,-2.6077
2020,10,3,3,153,-2.6828
2020,10,3,4,142,-0.6338
2020,10,3,5,195,-2.8567
2020,11,1,1,453,23.3238
2020,11,1,2,162,26.8269
2020,11,1,3,119,34.0073
2020,11,1,4,87,20.4172
2020,11,1,5,192,19.7636
2020,11,2,1,150,22.5552
2020,11,2,2,118,20.6790
2020,11,2,3,102,18.8409
2020,11,2,4,101,18.7320
2020,11,2,5,140,20.7812
2020,11,3,1,153,13.0089
2020,11,3,2,135,14.1377
2020,11,3,3,152,12.0343
2020,11,3,4,142,7.6468
2020,11,3,5,195,11.7068
2020,12,1,1,450,10.1664
2020,12,1,2,162,8.8263
2020,12,1,3,118,11.7367
2020,12,1,4,87,8.7194
2020,12,1,5,192,10.1216
2020,12,2,1,150,11.1510
2020,12,2,2,118,7.8133
2020,12,2,3,102,8.6554
2020,12,2,4,101,8.4480
2020,12,2,5,140,10.5679
2020,12,3,1,153,8.3604
2020,12,3,2,135,2.0899
2020,12,3,3,152,2.8800
2020,12,3,4,142,2.1375
2020,12,3,5,194,5.0097
2021,1,1,1,446,40.8641
2021,1,1,2,161,16.3312
2021,1,1,3,117,18.1395
2021,1,1,4,86,9.8450
2021,1,1,5,191,11.8915
2021,1,2,1,149,8.8556
2021,1,2,2,118,5.6851
2021,1,2,3,102,2.6448
2021,1,2,4,101,5.5533
2021,1,2,5,140,5.7303
2021,1,3,1,153,0.1012
2021,1,3,2,135,-0.3250
2021,1,3,3,152,0.6662
2021,1,3,4,142,0.1115
2021,1,3,5,192,-1.2175
2021,2,1,1,446,-1.7476
2021,2,1,2,161,6.9980
2021,2,1,3,117,6.2366
2021,2,1,4,86,9.9795
2021,2,1,5,190,8.5765
2021,2,2,1,147,8.7132
2021,2,2,2,118,10.4520
2021,2,2,3,102,10.0992
2021,2,2,4,100,7.4974
2021,2,2,5,139,5.3693
2021,2,3,1,153,-2.7837
2021,2,3,2,134,3.0023
2021,2,3,3,150,4.3918
2021,2,3,4,141,1.7168
2021,2,3,5,192,3.1541
2021,3,1,1,443,1.7649
2021,3,1,2,161,6.2077
2021,3,1,3,117,3.6876
2021,3,1,4,85,4.4694
2021,3,1,5,190,-0.7427
2021,3,2,1,147,-0.9644
2021,3,2,2,117,2.5516
2021,3,2,3,101,2.4564
2021,3,2,4,100,2.4455
2021,3,2,5,138,1.3592
2021,3,3,1,153,1.4103
2021,3,3,2,134,4.1825
2021,3,3,3,150,5.8609
2021,3,3,4,141,3.4410
2021,3,3,5,192,0.4253
2021,4,1,1,440,-2.8722
2021,4,1,2,160,-0.3152
2021,4,1,3,117,-5.8032
2021,4,1,4,85,1.0816
2021,4,1,5,190,-1.1590
2021,4,2,1,147,-0.1844
2021,4,2,2,117,2.9702
2021,4,2,3,101,3.6617
2021,4,2,4,100,1.2886
2021,4,2,5,138,1.6337
2021,4,3,1,153,4.9379
2021,4,3,2,134,3.5920
2021,4,3,3,150,2.3102
2021,4,3,4,141,7.9729
2021,4,3,5,191,4.7457
2021,5,1,1,438,-0.0014
2021,5,1,2,159,19.1727
2021,5,1,3,117,3.1559
2021,5,1,4,83,5.4108
2021,5,1,5,189,3.1881
2021,5,2,1,145,-0.3771
2021,5,2,2,117,3.1467
2021,5,2,3,99,2.6573
2021,5,2,4,100,1.7908
2021,5,2,5,137,-0.9141
2021,5,3,1,152,-2.7265
2021,5,3,2,133,1.5037
2021,5,3,3,150,2.3487
2021,5,3,4,140,-0.8759
2021,5,3,5,191,0.6178
2021,6,1,1,438,5.9281
2021,6,1,2,157,23.1216
2021,6,1,3,115,3.3009
2021,6,1,4,83,-0.2711
2021,6,1,5,189,6.2299
2021,6,2,1,145,6.8955
2021,6,2,2,116,0.5219
2021,6,2,3,99,-0.0167
2021,6,2,4,100,1.0064
2021,6,2,5,136,1.7831
2021,6,3,1,152,6.3363
2021,6,3,2,133,1.7265
2021,6,3,3,150,-0.5930
2021,6,3,4,140,3.9295
2021,6,3,5,190,4.2171
2021,7,1,1,402,-9.9975
2021,7,1,2,210,-3.6496
2021,7,1,3,128,-3.1911
2021,7,1,4,107,-3.4974
2021,7,1,5,245,-6.1633
2021,7,2,1,158,-7.9706
2021,7,2,2,102,-2.8782
2021,7,2,3,106,-1.0074
2021,7,2,4,76,-0.1885
2021,7,2,5,179,-2.4702
2021,7,3,1,146,1.8541
2021,7,3,2,117,1.8711
2021,7,3,3,165,2.2957
2021,7,3,4,151,2.6033
2021,7,3,5,195,1.7536
2021,8,1,1,402,5.4325
2021,8,1,2,209,4.2321
2021,8,1,3,128,3.2871
2021,8,1,4,106,1.1277
2021,8,1,5,245,2.8092
2021,8,2,1,156,-0.2203
2021,8,2,2,102,-2.0784
2021,8,2,3,106,2.3007
2021,8,2,4,76,1.6358
2021,8,2,5,177,3.0824
2021,8,3,1,146,4.2482
2021,8,3,2,117,1.9124
2021,8,3,3,164,2.4368
2021,8,3,4,150,4.0401
2021,8,3,5,195,3.2981
2021,9,1,1,400,-4.2067
2021,9,1,2,208,-4.3214
2021,9,1,3,128,-2.5777
2021,9,1,4,106,-2.3886
2021,9,1,5,244,-2.4581
2021,9,2,1,156,-2.0399
2021,9,2,2,102,-2.1122
2021,9,2,3,106,-2.6485
2021,9,2,4,75,-4.2908
2021,9,2,5,176,-5.5104
2021,9,3,1,145,-4.3541
2021,9,3,2,117,-3.6004
2021,9,3,3,163,-5.3714
2021,9,3,4,150,-4.9806
2021,9,3,5,195,-6.1909
2021,10,1,1,399,-0.5855
2021,10,1,2,205,3.6114
2021,10,1,3,127,4.1123
2021,10,1,4,106,1.8591
2021,10,1,5,244,2.2071
2021,10,2,1,154,1.7160
2021,10,2,2,102,3.8537
2021,10,2,3,106,4.0755
2021,10,2,4,74,4.0128
2021,10,2,5,176,4.1239
2021,10,3,1,145,7.0684
2021,10,3,2,117,6.4441
2021,10,3,3,162,6.3748
2021,10,3,4,150,11.0505
2021,10,3,5,195,3.5549
2021,11,1,1,398,-9.6801
2021,11,1,2,204,-5.0788
2021,11,1,3,125,-5.8155
2021,11,1,4,106,-5.6348
2021,11,1,5,243,-5.1318
2021,11,2,1,153,-5.0177
2021,11,2,2,102,-1.8109
2021,11,2,3,105,-2.7544
2021,11,2,4,74,-1.8814
2021,11,2,5,175,-1.5193
2021,11,3,1,143,0.5987
2021,11,3,2,117,1.3480
2021,11,3,3,162,-2.4230
2021,11,3,4,150,-1.2523
2021,11,3,5,195,0.0116
2021,12,1,1,397,-4.1133
2021,12,1,2,203,2.5917
2021,12,1,3,125,0.1088
2021,12,1,4,105,1.7985
2021,12,1,5,241,-0.0842
2021,12,2,1,153,0.1545
2021,12,2,2,100,2.6462
2021,12,2,3,103,5.6105
2021,12,2,4,73,6.6250
2021,12,2,5,174,2.7193
2021,12,3,1,142,-1.0193
2021,12,3,2,117,6.6176
2021,12,3,3,162,4.2304
2021,12,3,4,150,2.0636
2021,12,3,5,195,3.6814
2022,1,1,1,394,-10.3875
2022,1,1,2,202,-10.7939
2022,1,1,3,124,-7.8086
2022,1,1,4,103,-6.9488
2022,1,1,5,241,-12.2412
2022,1,2,1,152,-7.5981
2022,1,2,2,99,-6.0189
2022,1,2,3,103,-8.6547
2022,1,2,4,73,-7.5374
2022,1,2,5,174,-12.5440
2022,1,3,1,142,-9.6027
2022,1,3,2,116,-2.2949
2022,1,3,3,162,-4.8671
2022,1,3,4,150,-7.1456
2022,1,3,5,194,-8.2704
2022,2,1,1,394,1.9820
2022,2,1,2,201,2.5738
2022,2,1,3,124,3.3589
2022,2,1,4,103,3.0624
2022,2,1,5,241,-0.5262
2022,2,2,1,151,3.8300
2022,2,2,2,99,2.3872
2022,2,2,3,103,1.5511
2022,2,2,4,73,-1.3543
2022,2,2,5,174,0.9808
2022,2,3,1,142,-1.2327
2022,2,3,2,116,-0.9151
2022,2,3,3,162,-2.1680
2022,2,3,4,150,-4.4286
2022,2,3,5,194,-2.6128
2022,3,1,1,392,3.8928
2022,3,1,2,201,1.8768
2022,3,1,3,124,4.2300
2022,3,1,4,103,2.0153
2022,3,1,5,241,2.6104
2022,3,2,1,151,3.0149
2022,3,2,2,98,2.9872
2022,3,2,3,103,0.6379
2022,3,2,4,73,1.1070
2022,3,2,5,174,1.8929
2022,3,3,1,141,3.8899
2022,3,3,2,116,4.6375
2022,3,3,3,162,3.1302
2022,3,3,4,150,5.8302
2022,3,3,5,194,3.6988
2022,4,1,1,388,-11.0551
2022,4,1,2,200,-9.9301
2022,4,1,3,124,-5.7227
2022,4,1,4,103,-4.5287
2022,4,1,5,240,-12.6647
2022,4,2,1,151,-10.4059
2022,4,2,2,97,-6.3299
2022,4,2,3,103,-6.7668
2022,4,2,4,73,-7.7126
2022,4,2,5,173,-10.3906
2022,4,3,1,141,-11.8279
2022,4,3,2,116,-7.4760
2022,4,3,3,161,-8.7308
2022,4,3,4,149,-9.2761
2022,4,3,5,194,-11.3428
2022,5,1,1,386,-2.3366
2022,5,1,2,200,0.0856
2022,5,1,3,124,-0.8588
2022,5,1,4,102,1.7500
2022,5,1,5,239,0.0901
2022,5,2,1,149,-1.5736
2022,5,2,2,96,2.3423
2022,5,2,3,102,1.5404
2022,5,2,4,73,1.4328
2022,5,2,5,173,1.9750
2022,5,3,1,141,-2.2370
2022,5,3,2,116,0.0042
2022,5,3,3,161,0.0394
2022,5,3,4,147,-1.0880
2022,5,3,5,194,-0.8343
2022,6,1,1,384,-9.7259
2022,6,1,2,199,-9.4004
2022,6,1,3,123,-13.2902
2022,6,1,4,101,-9.4497
2022,6,1,5,238,-2.6551
2022,6,2,1,147,-10.6496
2022,6,2,2,96,-11.2149
2022,6,2,3,102,-9.2154
2022,6,2,4,73,-5.5426
2022,6,2,5,173,-4.6354
2022,6,3,1,139,-9.7765
2022,6,3,2,116,-9.7452
2022,6,3,3,161,-7.0217
2022,6,3,4,147,-6.9595
2022,6,3,5,194,-8.5085
2022,7,1,1,502,7.7581
2022,7,1,2,161,8.2730
2022,7,1,3,91,5.3647
2022,7,1,4,112,10.4752
2022,7,1,5,310,13.2957
2022,7,2,1,158,10.7529
2022,7,2,2,93,12.2440
2022,7,2,3,98,9.4364
2022,7,2,4,98,11.8023
2022,7,2,5,177,12.0334
2022,7,3,1,145,7.4447
2022,7,3,2,169,9.3107
2022,7,3,3,169,7.3307
2022,7,3,4,165,8.2287
2022,7,3,5,176,16.5930
2022,8,1,1,497,4.9463
2022,8,1,2,161,2.0773
2022,8,1,3,91,-1.1201
2022,8,1,4,112,-0.8096
2022,8,1,5,310,0.3721
2022,8,2,1,157,2.4202
2022,8,2,2,93,-1.2308
2022,8,2,3,97,-4.3053
2022,8,2,4,98,-5.6248
2022,8,2,5,176,-4.0552
2022,8,3,1,143,-0.7421
2022,8,3,2,168,-2.1332
2022,8,3,3,167,-3.1490
2022,8,3,4,165,-5.5714
2022,8,3,5,173,-7.0917
2022,9,1,1,496,-11.2327
2022,9,1,2,161,-15.1064
2022,9,1,3,90,-12.0060
2022,9,1,4,112,-10.1331
2022,9,1,5,309,-12.8971
2022,9,2,1,156,-10.2854
2022,9,2,2,93,-11.1366
2022,9,2,3,97,-10.8976
2022,9,2,4,98,-10.8215
2022,9,2,5,175,-10.3720
2022,9,3,1,142,-9.2788
2022,9,3,2,168,-9.0025
2022,9,3,3,166,-8.0887
2022,9,3,4,165,-10.6210
2022,9,3,5,173,-9.3520
2022,10,1,1,492,9.0313
2022,10,1,2,160,11.5684
2022,10,1,3,88,10.2022
2022,10,1,4,111,11.3782
2022,10,1,5,307,3.3016
2022,10,2,1,156,7.5117
2022,10,2,2,92,13.6375
2022,10,2,3,97,12.9449
2022,10,2,4,98,12.2537
2022,10,2,5,175,9.7098
2022,10,3,1,142,3.6721
2022,10,3,2,168,10.3176
2022,10,3,3,165,11.5227
2022,10,3,4,163,6.2462
2022,10,3,5,173,1.3423
2022,11,1,1,491,-2.6375
2022,11,1,2,159,1.8347
2022,11,1,3,88,4.8445
2022,11,1,4,110,1.9262
2022,11,1,5,304,-2.0301
2022,11,2,1,153,2.9544
2022,11,2,2,92,1.2102
2022,11,2,3,97,5.9337
2022,11,2,4,98,2.8468
2022,11,2,5,175,1.3975
2022,11,3,1,140,6.6833
2022,11,3,2,168,3.6645
2022,11,3,3,162,5.3046
2022,11,3,4,163,8.3129
2022,11,3,5,173,3.3176
2022,12,1,1,488,-2.2009
2022,12,1,2,160,-4.2651
2022,12,1,3,88,-3.5293
2022,12,1,4,109,-6.2937
2022,12,1,5,302,-4.4410
2022,12,2,1,153,-6.9199
2022,12,2,2,90,-6.2648
2022,12,2,3,97,-5.7145
2022,12,2,4,98,-5.6702
2022,12,2,5,175,-7.2566
2022,12,3,1,139,-5.1936
2022,12,3,2,168,-6.1785
2022,12,3,3,162,-3.1492
2022,12,3,4,162,-6.5841
2022,12,3,5,172,-9.7335
2023,1,1,1,482,13.3354
2023,1,1,2,159,10.7799
2023,1,1,3,87,7.6172
2023,1,1,4,108,14.5405
2023,1,1,5,302,12.4418
2023,1,2,1,153,13.3568
2023,1,2,2,89,10.3240
2023,1,2,3,97,10.8068
2023,1,2,4,98,12.5019
2023,1,2,5,175,13.5799
2023,1,3,1,139,7.7942
2023,1,3,2,168,5.5567
2023,1,3,3,161,2.1697
2023,1,3,4,162,6.2524
2023,1,3,5,171,13.6237
2023,2,1,1,476,-6.3924
2023,2,1,2,159,-0.8140
2023,2,1,3,86,-3.3522
2023,2,1,4,108,-1.3515
2023,2,1,5,301,-6.3417
2023,2,2,1,153,-3.1265
2023,2,2,2,89,0.3119
2023,2,2,3,97,-3.1150
2023,2,2,4,98,-1.2532
2023,2,2,5,174,-4.2005
2023,2,3,1,139,0.8134
2023,2,3,2,168,-2.2365
2023,2,3,3,161,-3.7937
2023,2,3,4,162,-2.3826
2023,2,3,5,171,-1.3805
2023,3,1,1,471,-7.4851
2023,3,1,2,158,-7.3333
2023,3,1,3,85,-6.7970
2023,3,1,4,108,-10.1578
2023,3,1,5,298,-5.4155
2023,3,2,1,150,-2.7471
2023,3,2,2,89,-1.1678
2023,3,2,3,97,-2.7518
2023,3,2,4,98,-2.8838
2023,3,2,5,174,-3.9057
2023,3,3,1,138,3.9680
2023,3,3,2,168,5.1932
2023,3,3,3,161,2.5208
2023,3,3,4,161,8.8541
2023,3,3,5,170,5.7838
2023,4,1,1,464,-2.0787
2023,4,1,2,156,-3.7340
2023,4,1,3,85,-3.4724
2023,4,1,4,108,-4.4374
2023,4,1,5,295,-1.0156
2023,4,2,1,150,-1.1564
2023,4,2,2,88,-1.7353
2023,4,2,3,97,-2.0373
2023,4,2,4,96,-1.4646
2023,4,2,5,173,-1.4650
2023,4,3,1,138,0.5344
2023,4,3,2,168,1.5956
2023,4,3,3,161,2.5312
2023,4,3,4,161,2.4991
2023,4,3,5,169,-3.0576
2023,5,1,1,460,2.3301
2023,5,1,2,155,1.8197
2023,5,1,3,85,2.9996
2023,5,1,4,108,1.4437
2023,5,1,5,292,-0.3297
2023,5,2,1,150,-0.0697
2023,5,2,2,88,1.1595
2023,5,2,3,97,-0.9271
2023,5,2,4,96,-1.9310
2023,5,2,5,173,-1.0993
2023,5,3,1,138,3.8096
2023,5,3,2,168,-0.8120
2023,5,3,3,161,-4.1208
2023,5,3,4,161,4.0948
2023,5,3,5,169,6.9130
2023,6,1,1,455,4.5542
2023,6,1,2,153,8.5502
2023,6,1,3,85,7.2655
2023,6,1,4,108,6.7617
2023,6,1,5,291,3.1777
2023,6,2,1,150,7.3172
2023,6,2,2,88,11.2237
2023,6,2,3,97,9.2113
2023,6,2,4,96,10.5896
2023,6,2,5,172,8.5206
2023,6,3,1,137,7.3265
2023,6,3,2,168,6.9067
2023,6,3,3,161,6.3767
2023,6,3,4,160,4.6205
2023,6,3,5,169,9.9913
2023,7,1,1,617,4.5563
2023,7,1,2,149,5.3488
2023,7,1,3,121,5.1498
2023,7,1,4,122,6.9787
2023,7,1,5,333,6.0748
2023,7,2,1,183,5.9461
2023,7,2,2,90,5.6380
2023,7,2,3,105,2.6075
2023,7,2,4,113,4.5565
2023,7,2,5,181,5.7485
2023,7,3,1,157,6.4733
2023,7,3,2,180,1.8095
2023,7,3,3,158,2.0086
2023,7,3,4,144,1.1928
2023,7,3,5,152,4.9410
2023,8,1,1,611,-11.2350
2023,8,1,2,148,-8.4406
2023,8,1,3,119,-3.1300
2023,8,1,4,121,-7.2365
2023,8,1,5,331,-9.5005
2023,8,2,1,183,-9.2442
2023,8,2,2,90,-1.0910
2023,8,2,3,104,-6.7090
2023,8,2,4,113,-2.6077
2023,8,2,5,181,-4.5785
2023,8,3,1,156,-0.9233
2023,8,3,2,180,-2.4612
2023,8,3,3,158,-1.9672
2023,8,3,4,144,-0.3933
2023,8,3,5,151,-0.9192
2023,9,1,1,604,-9.2804
2023,9,1,2,148,-6.7936
2023,9,1,3,118,-3.2817
2023,9,1,4,121,-6.0878
2023,9,1,5,329,-6.6708
2023,9,2,1,179,-6.5109
2023,9,2,2,90,-7.1595
2023,9,2,3,104,-7.3677
2023,9,2,4,112,-4.4305
2023,9,2,5,181,-5.5691
2023,9,3,1,156,-4.9809
2023,9,3,2,179,-5.2474
2023,9,3,3,158,-4.1959
2023,9,3,4,144,-4.0515
2023,9,3,5,150,-6.6814
2023,10,1,1,599,-12.0634
2023,10,1,2,147,-11.0982
2023,10,1,3,117,-9.0402
2023,10,1,4,121,-6.9837
2023,10,1,5,327,-7.4632
2023,10,2,1,179,-9.1877
2023,10,2,2,90,-5.1053
2023,10,2,3,103,-6.2330
2023,10,2,4,111,-6.3744
2023,10,2,5,180,-7.9800
2023,10,3,1,156,-2.1550
2023,10,3,2,179,-2.3356
2023,10,3,3,157,-3.6260
2023,10,3,4,143,1.4935
2023,10,3,5,150,-7.5191
2023,11,1,1,593,9.4196
2023,11,1,2,145,7.0705
2023,11,1,3,114,6.6861
2023,11,1,4,119,2.4158
2023,11,1,5,323,9.2456
2023,11,2,1,179,10.7542
2023,11,2,2,89,8.0967
2023,11,2,3,103,7.7217
2023,11,2,4,111,7.6525
2023,11,2,5,179,9.0005
2023,11,3,1,155,10.3477
2023,11,3,2,179,7.2371
2023,11,3,3,157,7.1316
2023,11,3,4,143,10.0768
2023,11,3,5,149,11.6486
2023,12,1,1,585,17.9643
2023,12,1,2,145,15.9002
2023,12,1,3,113,11.0129
2023,12,1,4,119,12.0258
2023,12,1,5,321,15.9981
2023,12,2,1,177,14.0343
2023,12,2,2,89,11.0490
2023,12,2,3,103,9.7266
2023,12,2,4,109,11.6234
2023,12,2,5,177,10.5646
2023,12,3,1,154,7.3028
2023,12,3,2,179,3.5797
2023,12,3,3,157,4.2030
2023,12,3,4,143,2.9283
2023,12,3,5,148,5.9879
2024,1,1,1,576,-1.1824
2024,1,1,2,143,-4.8286
2024,1,1,3,113,-5.3302
2024,1,1,4,117,-0.2207
2024,1,1,5,319,-2.2229
2024,1,2,1,177,-5.0157
2024,1,2,2,89,-2.2591
2024,1,2,3,102,-3.9976
2024,1,2,4,109,-4.5802
2024,1,2,5,176,-4.7158
2024,1,3,1,153,3.0039
2024,1,3,2,179,-1.1023
2024,1,3,3,157,1.9110
2024,1,3,4,143,3.0893
2024,1,3,5,148,2.3936
2024,2,1,1,571,11.9465
2024,2,1,2,142,5.3689
2024,2,1,3,112,3.4821
2024,2,1,4,117,3.1473
2024,2,1,5,318,11.3760
2024,2,2,1,175,7.5014
2024,2,2,2,89,4.1176
2024,2,2,3,102,4.5929
2024,2,2,4,109,5.7866
2024,2,2,5,175,6.1756
2024,2,3,1,153,6.6638
2024,2,3,2,179,1.7665
2024,2,3,3,157,4.4700
2024,2,3,4,143,5.9985
2024,2,3,5,147,13.3267
2024,3,1,1,566,0.6701
2024,3,1,2,140,7.3745
2024,3,1,3,112,5.4156
2024,3,1,4,117,0.0657
2024,3,1,5,313,3.1011
2024,3,2,1,174,-0.1586
2024,3,2,2,89,4.5619
2024,3,2,3,102,1.9641
2024,3,2,4,109,4.0249
2024,3,2,5,174,2.6401
2024,3,3,1,153,1.9959
2024,3,3,2,179,1.1694
2024,3,3,3,156,4.6786
2024,3,3,4,143,3.1498
2024,3,3,5,147,6.0218
2024,4,1,1,562,-11.7816
2024,4,1,2,138,-7.6633
2024,4,1,3,112,-5.5150
2024,4,1,4,117,-6.2068
2024,4,1,5,312,-8.3204
2024,4,2,1,172,-7.7495
2024,4,2,2,88,-7.3293
2024,4,2,3,102,-4.5231
2024,4,2,4,108,-7.3213
2024,4,2,5,173,-7.9679
2024,4,3,1,152,-3.6103
2024,4,3,2,179,-2.9548
2024,4,3,3,156,-4.1183
2024,4,3,4,143,-4.8010
2024,4,3,5,146,-4.1756
2024,5,1,1,555,2.1054
2024,5,1,2,135,5.7668
2024,5,1,3,112,5.6315
2024,5,1,4,116,4.8942
2024,5,1,5,310,4.4139
2024,5,2,1,172,6.0160
2024,5,2,2,88,4.7652
2024,5,2,3,102,4.7981
2024,5,2,4,107,6.2389
2024,5,2,5,172,5.5175
2024,5,3,1,152,2.8782
2024,5,3,2,179,5.3369
2024,5,3,3,156,1.4330
2024,5,3,4,143,4.1497
2024,5,3,5,146,13.0039
2024,6,1,1,545,-5.3702
2024,6,1,2,134,-5.0142
2024,6,1,3,112,-4.5227
2024,6,1,4,115,-5.3115
2024,6,1,5,308,-4.9588
2024,6,2,1,171,-0.3121
2024,6,2,2,87,-2.2434
2024,6,2,3,101,-3.9027
2024,6,2,4,107,-2.6108
2024,6,2,5,172,-2.1371
2024,6,3,1,152,6.9861
2024,6,3,2,179,2.5194
2024,6,3,3,156,-1.6334
2024,6,3,4,142,4.2412
2024,6,3,5,145,6.5913
2024,7,1,1,674,12.4759
2024,7,1,2,182,12.1697
2024,7,1,3,103,12.4211
2024,7,1,4,94,11.1796
2024,7,1,5,249,12.3450
2024,7,2,1,181,7.7521
2024,7,2,2,112,8.4923
2024,7,2,3,90,7.9650
2024,7,2,4,109,8.0252
2024,7,2,5,144,9.9597
2024,7,3,1,107,-3.3224
2024,7,3,2,145,3.1929
2024,7,3,3,171,-0.7819
2024,7,3,4,165,-1.0167
2024,7,3,5,177,4.5409
2024,8,1,1,668,-5.1200
2024,8,1,2,181,-2.0051
2024,8,1,3,102,-3.6978
2024,8,1,4,93,-2.4524
2024,8,1,5,248,-4.7941
2024,8,2,1,181,-1.8147
2024,8,2,2,112,-5.2958
2024,8,2,3,90,-1.1792
2024,8,2,4,108,-1.3112
2024,8,2,5,142,-2.1244
2024,8,3,1,106,3.6531
2024,8,3,2,145,3.0130
2024,8,3,3,170,3.0099
2024,8,3,4,164,-0.5619
2024,8,3,5,177,1.6957
2024,9,1,1,657,-2.3442
2024,9,1,2,180,1.2968
2024,9,1,3,102,0.7217
2024,9,1,4,92,1.3624
2024,9,1,5,247,0.3027
2024,9,2,1,181,2.8950
2024,9,2,2,112,1.0590
2024,9,2,3,89,0.9915
2024,9,2,4,108,1.9946
2024,9,2,5,140,-0.6903
2024,9,3,1,105,2.9020
2024,9,3,2,145,2.2215
2024,9,3,3,170,1.1684
2024,9,3,4,164,3.1728
2024,9,3,5,177,3.7641
2024,10,1,1,654,1.2031
2024,10,1,2,178,-1.7030
2024,10,1,3,101,2.0730
2024,10,1,4,91,-1.6160
2024,10,1,5,243,1.8839
2024,10,2,1,179,-1.5394
2024,10,2,2,112,-3.5608
2024,10,2,3,88,-1.7717
2024,10,2,4,107,-1.4429
2024,10,2,5,140,-2.2345
2024,10,3,1,105,3.5657
2024,10,3,2,145,-1.6084
2024,10,3,3,170,-1.4185
2024,10,3,4,163,-3.1312
2024,10,3,5,177,-1.7459
2024,11,1,1,650,8.9326
2024,11,1,2,174,12.5848
2024,11,1,3,101,13.4502
2024,11,1,4,90,3.7189
2024,11,1,5,240,8.4703
2024,11,2,1,179,18.1171
2024,11,2,2,110,9.8055
2024,11,2,3,87,9.5993
2024,11,2,4,107,12.3759
2024,11,2,5,140,9.7039
2024,11,3,1,105,4.6145
2024,11,3,2,145,5.1108
2024,11,3,3,170,3.5247
2024,11,3,4,163,6.8915
2024,11,3,5,176,10.9033
2024,12,1,1,647,-1.5970
2024,12,1,2,173,-6.9478
2024,12,1,3,101,2.0011
2024,12,1,4,90,-5.0078
2024,12,1,5,239,-4.1395
2024,12,2,1,178,-6.7557
2024,12,2,2,109,-7.1278
2024,12,2,3,87,-5.5990
2024,12,2,4,106,-9.1459
2024,12,2,5,138,-9.7465
2024,12,3,1,105,-3.6006
2024,12,3,2,144,1.9639
2024,12,3,3,168,-2.5106
2024,12,3,4,163,-2.5297
2024,12,3,5,176,-3.5365
2025,1,1,1,639,0.2822
2025,1,1,2,173,-3.9056
2025,1,1,3,99,-2.7341
2025,1,1,4,89,0.5850
2025,1,1,5,236,1.1301
2025,1,2,1,177,2.0461
2025,1,2,2,109,3.3829
2025,1,2,3,87,3.0387
2025,1,2,4,106,1.7457
2025,1,2,5,136,3.0981
2025,1,3,1,105,1.3006
2025,1,3,2,143,-0.1635
2025,1,3,3,167,4.9127
2025,1,3,4,163,2.8661
2025,1,3,5,176,4.0860
2025,2,1,1,634,-10.8038
2025,2,1,2,173,-5.7723
2025,2,1,3,98,-0.5066
2025,2,1,4,88,-4.2446
2025,2,1,5,235,-7.7941
2025,2,2,1,176,-8.9738
2025,2,2,2,108,-6.0052
2025,2,2,3,87,-7.1414
2025,2,2,4,105,-8.9518
2025,2,2,5,136,-8.2481
2025,2,3,1,105,0.1014
2025,2,3,2,143,-0.3555
2025,2,3,3,167,-1.7180
2025,2,3,4,162,-5.0377
2025,2,3,5,176,-4.0303
2025,3,1,1,625,-12.0763
2025,3,1,2,170,-8.6910
2025,3,1,3,98,-10.1107
2025,3,1,4,87,-6.8149
2025,3,1,5,233,-11.9402
2025,3,2,1,174,-8.3508
2025,3,2,2,107,-7.4786
2025,3,2,3,87,-4.2351
2025,3,2,4,104,-5.3912
2025,3,2,5,136,-6.6493
2025,3,3,1,103,-10.6395
2025,3,3,2,143,-6.5790
2025,3,3,3,167,-4.3596
2025,3,3,4,162,-5.9827
2025,3,3,5,176,-4.9506
2025,4,1,1,619,0.8446
2025,4,1,2,170,-2.2275
2025,4,1,3,98,-3.5729
2025,4,1,4,86,-2.2256
2025,4,1,5,232,1.1735
2025,4,2,1,174,-1.9083
2025,4,2,2,107,-4.7758
2025,4,2,3,87,-2.3784
2025,4,2,4,104,-3.1095
2025,4,2,5,136,-2.6535
2025,4,3,1,102,-0.2623
2025,4,3,2,142,-1.2504
2025,4,3,3,166,0.3560
2025,4,3,4,162,-0.3162
2025,4,3,5,176,1.8114
2025,5,1,1,605,8.2632
2025,5,1,2,168,8.2902
2025,5,1,3,98,6.7339
2025,5,1,4,86,12.0463
2025,5,1,5,231,9.2049
2025,5,2,1,172,6.5586
2025,5,2,2,106,3.2303
2025,5,2,3,85,5.8436
2025,5,2,4,104,8.0940
2025,5,2,5,135,5.1884
2025,5,3,1,100,16.2126
2025,5,3,2,142,3.1140
2025,5,3,3,165,2.7594
2025,5,3,4,162,9.0440
2025,5,3,5,176,6.4282
2025,6,1,1,598,7.6943
2025,6,1,2,168,10.6676
2025,6,1,3,97,7.1454
2025,6,1,4,85,6.5593
2025,6,1,5,231,8.7301
2025,6,2,1,172,7.7829
2025,6,2,2,105,6.4297
2025,6,2,3,85,3.2317
2025,6,2,4,104,4.1727
2025,6,2,5,135,7.4433
2025,6,3,1,100,11.2787
2025,6,3,2,142,4.4062
2025,6,3,3,165,3.1178
2025,6,3,4,162,5.4654
2025,6,3,5,176,3.0547
2025,7,1,1,595,3.6983
2025,7,1,2,174,3.5956
2025,7,1,3,108,0.7968
2025,7,1,4,80,1.8032
2025,7,1,5,256,3.2685
2025,7,2,1,177,0.7753
2025,7,2,2,107,1.2430
2025,7,2,3,84,1.4682
2025,7,2,4,88,1.6643
2025,7,2,5,154,4.0709
2025,7,3,1,118,3.0833
2025,7,3,2,141,-0.6351
2025,7,3,3,149,1.2485
2025,7,3,4,157,2.0048
2025,7,3,5,176,5.2125
2025,8,1,1,591,10.1174
2025,8,1,2,168,10.0638
2025,8,1,3,107,11.5622
2025,8,1,4,80,6.9888
2025,8,1,5,254,6.2996
2025,8,2,1,172,8.7854
2025,8,2,2,107,6.7244
2025,8,2,3,84,8.0336
2025,8,2,4,88,5.8277
2025,8,2,5,154,5.5755
2025,8,3,1,118,5.1430
2025,8,3,2,138,3.1823
2025,8,3,3,149,1.8040
2025,8,3,4,155,-0.4348
2025,8,3,5,175,0.7010
2025,9,1,1,584,5.3344
2025,9,1,2,168,3.7903
2025,9,1,3,106,1.6640
2025,9,1,4,80,0.3578
2025,9,1,5,250,6.3050
2025,9,2,1,169,3.9410
2025,9,2,2,105,1.3928
2025,9,2,3,84,-3.1213
2025,9,2,4,87,-0.1565
2025,9,2,5,154,4.9754
2025,9,3,1,116,9.1009
2025,9,3,2,138,0.1526
2025,9,3,3,149,1.6537
2025,9,3,4,155,3.5325
2025,9,3,5,175,5.1028
2025,10,1,1,581,3.9466
2025,10,1,2,168,-1.4425
2025,10,1,3,106,1.2696
2025,10,1,4,79,1.7847
2025,10,1,5,248,-0.0156
2025,10,2,1,168,4.8826
2025,10,2,2,102,3.0998
2025,10,2,3,84,-3.0480
2025,10,2,4,86,-2.3176
2025,10,2,5,153,4.8258
2025,10,3,1,116,6.0055
2025,10,3,2,138,0.4239
2025,10,3,3,149,2.8261
2025,10,3,4,154,-2.3202
2025,10,3,5,175,5.4078
2025,11,1,1,575,-2.2028
2025,11,1,2,167,2.6224
2025,11,1,3,104,-3.1337
2025,11,1,4,79,0.2639
2025,11,1,5,245,2.7073
2025,11,2,1,167,-2.7692
2025,11,2,2,102,0.6358
2025,11,2,3,84,1.9392
2025,11,2,4,86,2.7473
2025,11,2,5,151,2.9476
2025,11,3,1,116,1.1938
2025,11,3,2,138,0.6513
2025,11,3,3,149,1.3816
2025,11,3,4,154,2.3608
2025,11,3,5,175,-2.6005
2025,12,1,1,574,-2.6461
2025,12,1,2,166,3.7114
2025,12,1,3,103,0.7455
2025,12,1,4,79,0.8246
2025,12,1,5,245,0.7286
2025,12,2,1,165,0.2133
2025,12,2,2,101,1.0243
2025,12,2,3,84,0.2483
2025,12,2,4,86,-0.9785
2025,12,2,5,151,-0.4621
2025,12,3,1,115,-3.2180
2025,12,3,2,138,0.8480
2025,12,3,3,148,-0.3831
2025,12,3,4,154,0.6080
2025,12,3,5,174,-0.1942
