year,month,rank_ME,rank_dLNO,nstocks,ret_vw
1967,1,1,1,126,16.6747
1967,1,1,2,65,20.6189
1967,1,1,3,52,20.6451
1967,1,1,4,35,20.9985
1967,1,1,5,64,16.3086
1967,1,2,1,52,15.9589
1967,1,2,2,50,16.2725
1967,1,2,3,34,16.1528
1967,1,2,4,31,17.2499
1967,1,2,5,38,19.1468
1967,1,3,1,53,10.8000
1967,1,3,2,73,8.2453
1967,1,3,3,95,6.9245
1967,1,3,4,93,8.6668
1967,1,3,5,90,8.2171
1967,2,1,1,126,5.1816
1967,2,1,2,65,5.0796
1967,2,1,3,51,4.8600
1967,2,1,4,35,3.2847
1967,2,1,5,64,5.2513
1967,2,2,1,52,2.3101
1967,2,2,2,50,3.6640
1967,2,2,3,34,1.1997
1967,2,2,4,31,1.8186
1967,2,2,5,38,2.5273
1967,2,3,1,53,0.7170
1967,2,3,2,73,0.6026
1967,2,3,3,95,1.5093
1967,2,3,4,93,0.0717
1967,2,3,5,90,2.5095
1967,3,1,1,126,7.4869
1967,3,1,2,65,7.6578
1967,3,1,3,52,4.5535
1967,3,1,4,35,7.4998
1967,3,1,5,64,5.0763
1967,3,2,1,52,7.1496
1967,3,2,2,50,5.3109
1967,3,2,3,34,11.0076
1967,3,2,4,31,6.2904
1967,3,2,5,38,6.0710
1967,3,3,1,53,5.9517
1967,3,3,2,73,4.3294
1967,3,3,3,95,4.1101
1967,3,3,4,93,4.5571
1967,3,3,5,90,4.8834
1967,4,1,1,126,5.4315
1967,4,1,2,65,4.7342
1967,4,1,3,52,4.1640
1967,4,1,4,35,5.3450
1967,4,1,5,64,4.9498
1967,4,2,1,52,4.6918
1967,4,2,2,50,3.6211
1967,4,2,3,34,3.9813
1967,4,2,4,31,5.9564
1967,4,2,5,38,4.3860
1967,4,3,1,53,3.9390
1967,4,3,2,73,6.8478
1967,4,3,3,95,2.8710
1967,4,3,4,93,5.0150
1967,4,3,5,90,5.1364
1967,5,1,1,126,1.5772
1967,5,1,2,65,0.4368
1967,5,1,3,52,-0.2523
1967,5,1,4,35,0.2677
1967,5,1,5,64,1.0856
1967,5,2,1,52,-0.9599
1967,5,2,2,50,-2.3670
1967,5,2,3,34,-0.0441
1967,5,2,4,31,-1.8541
1967,5,2,5,38,-3.9490
1967,5,3,1,53,-1.1444
1967,5,3,2,73,-3.6556
1967,5,3,3,95,-3.9574
1967,5,3,4,93,-5.8723
1967,5,3,5,90,-4.1559
1967,6,1,1,126,10.7881
1967,6,1,2,65,12.2361
1967,6,1,3,52,11.0590
1967,6,1,4,35,13.9191
1967,6,1,5,64,14.8598
1967,6,2,1,52,9.6103
1967,6,2,2,50,7.5045
1967,6,2,3,34,6.9666
1967,6,2,4,31,6.3055
1967,6,2,5,38,6.3409
1967,6,3,1,53,5.0050
1967,6,3,2,73,2.7663
1967,6,3,3,95,1.7574
1967,6,3,4,92,1.7894
1967,6,3,5,90,2.3051
1967,7,1,1,158,9.3779
1967,7,1,2,62,10.0437
1967,7,1,3,58,10.2244
1967,7,1,4,61,9.4409
1967,7,1,5,59,11.8524
1967,7,2,1,56,7.7286
1967,7,2,2,50,10.0618
1967,7,2,3,39,8.5296
1967,7,2,4,39,7.4571
1967,7,2,5,52,8.6478
1967,7,3,1,49,5.2870
1967,7,3,2,85,5.7003
1967,7,3,3,93,8.6491
1967,7,3,4,99,1.0987
1967,7,3,5,99,4.1884
1967,8,1,1,158,1.9224
1967,8,1,2,62,1.8941
1967,8,1,3,58,-2.0534
1967,8,1,4,61,1.3822
1967,8,1,5,59,-0.3574
1967,8,2,1,56,0.8442
1967,8,2,2,50,0.5332
1967,8,2,3,39,0.0368
1967,8,2,4,39,-1.5202
1967,8,2,5,52,-2.0826
1967,8,3,1,48,-0.4173
1967,8,3,2,85,-0.2761
1967,8,3,3,93,-0.7802
1967,8,3,4,99,-1.0236
1967,8,3,5,99,-0.7223
1967,9,1,1,158,6.7200
1967,9,1,2,62,8.5011
1967,9,1,3,58,9.4324
1967,9,1,4,61,4.3979
1967,9,1,5,59,7.9228
1967,9,2,1,56,3.7629
1967,9,2,2,50,6.6416
1967,9,2,3,39,2.3527
1967,9,2,4,39,3.5528
1967,9,2,5,52,4.9197
1967,9,3,1,48,0.8501
1967,9,3,2,85,3.4452
1967,9,3,3,93,3.4198
1967,9,3,4,99,3.6606
1967,9,3,5,99,4.9027
1967,10,1,1,158,-1.7913
1967,10,1,2,62,-0.6460
1967,10,1,3,58,-0.5624
1967,10,1,4,61,-3.4944
1967,10,1,5,59,-3.2741
1967,10,2,1,56,-3.4342
1967,10,2,2,50,-3.4628
1967,10,2,3,39,-6.0873
1967,10,2,4,39,-3.1335
1967,10,2,5,52,-2.5774
1967,10,3,1,48,-2.2346
1967,10,3,2,84,-3.8496
1967,10,3,3,93,-3.1963
1967,10,3,4,99,-2.6197
1967,10,3,5,99,-0.2289
1967,11,1,1,158,-1.0410
1967,11,1,2,62,0.1463
1967,11,1,3,58,-2.2231
1967,11,1,4,61,2.9447
1967,11,1,5,59,4.0804
1967,11,2,1,56,3.4209
1967,11,2,2,50,0.7648
1967,11,2,3,39,0.8167
1967,11,2,4,39,-0.9503
1967,11,2,5,52,-0.5941
1967,11,3,1,48,1.0356
1967,11,3,2,85,0.4865
1967,11,3,3,93,-0.0666
1967,11,3,4,99,0.2801
1967,11,3,5,99,0.9821
1967,12,1,1,156,9.9704
1967,12,1,2,62,10.1202
1967,12,1,3,58,8.1431
1967,12,1,4,61,9.1967
1967,12,1,5,59,5.9973
1967,12,2,1,56,8.4181
1967,12,2,2,50,5.0401
1967,12,2,3,39,4.6896
1967,12,2,4,39,5.5885
1967,12,2,5,52,8.0216
1967,12,3,1,48,2.4089
1967,12,3,2,85,2.9742
1967,12,3,3,93,1.6553
1967,12,3,4,99,2.9449
1967,12,3,5,99,2.9403
1968,1,1,1,157,3.7210
1968,1,1,2,62,0.9339
1968,1,1,3,58,2.4398
1968,1,1,4,60,2.6261
1968,1,1,5,59,5.3741
1968,1,2,1,56,0.7431
1968,1,2,2,50,-4.3462
1968,1,2,3,39,2.3032
1968,1,2,4,39,-1.0923
1968,1,2,5,52,-2.2339
1968,1,3,1,48,0.0183
1968,1,3,2,85,-5.6537
1968,1,3,3,93,-3.9660
1968,1,3,4,99,-4.3535
1968,1,3,5,99,-6.4839
1968,2,1,1,156,-6.3737
1968,2,1,2,62,-5.8311
1968,2,1,3,58,-6.0645
1968,2,1,4,60,-4.0231
1968,2,1,5,58,-7.7946
1968,2,2,1,56,-6.8984
1968,2,2,2,49,-3.9865
1968,2,2,3,39,-1.4211
1968,2,2,4,39,-2.9785
1968,2,2,5,52,-7.5565
1968,2,3,1,48,-2.5408
1968,2,3,2,85,-2.5040
1968,2,3,3,93,-3.0754
1968,2,3,4,99,-2.7225
1968,2,3,5,98,-3.6141
1968,3,1,1,157,-1.2827
1968,3,1,2,62,0.8857
1968,3,1,3,58,-2.5424
1968,3,1,4,60,0.9636
1968,3,1,5,58,-1.2922
1968,3,2,1,56,-0.3176
1968,3,2,2,49,-1.5785
1968,3,2,3,39,-1.4073
1968,3,2,4,39,-1.5169
1968,3,2,5,52,-1.6685
1968,3,3,1,48,1.4854
1968,3,3,2,85,0.8160
1968,3,3,3,93,0.5937
1968,3,3,4,99,1.5964
1968,3,3,5,98,1.6550
1968,4,1,1,156,15.6343
1968,4,1,2,62,15.4102
1968,4,1,3,58,17.0030
1968,4,1,4,60,19.1116
1968,4,1,5,58,20.2792
1968,4,2,1,56,15.0245
1968,4,2,2,49,14.5025
1968,4,2,3,39,7.9030
1968,4,2,4,39,14.6279
1968,4,2,5,52,15.3856
1968,4,3,1,48,10.6800
1968,4,3,2,85,11.6518
1968,4,3,3,93,7.9405
1968,4,3,4,99,7.3614
1968,4,3,5,98,10.5544
1968,5,1,1,156,10.6002
1968,5,1,2,62,8.2004
1968,5,1,3,58,12.0604
1968,5,1,4,60,8.6365
1968,5,1,5,58,14.6391
1968,5,2,1,56,8.2203
1968,5,2,2,49,6.3054
1968,5,2,3,39,7.8441
1968,5,2,4,39,9.0566
1968,5,2,5,52,7.1969
1968,5,3,1,48,1.9332
1968,5,3,2,85,2.2568
1968,5,3,3,93,-0.0729
1968,5,3,4,99,1.3843
1968,5,3,5,98,3.6809
1968,6,1,1,156,0.6032
1968,6,1,2,62,0.7127
1968,6,1,3,58,-1.4194
1968,6,1,4,60,0.4419
1968,6,1,5,58,1.2102
1968,6,2,1,56,-0.4287
1968,6,2,2,49,0.3301
1968,6,2,3,38,0.2370
1968,6,2,4,39,0.3084
1968,6,2,5,52,0.1364
1968,6,3,1,48,1.4563
1968,6,3,2,85,0.1287
1968,6,3,3,93,1.0157
1968,6,3,4,99,0.2561
1968,6,3,5,98,-0.2209
1968,7,1,1,228,-1.6809
1968,7,1,2,116,-3.3646
1968,7,1,3,75,-5.3396
1968,7,1,4,71,-4.1260
1968,7,1,5,87,-4.8558
1968,7,2,1,59,-3.8529
1968,7,2,2,53,-0.9134
1968,7,2,3,57,-4.2604
1968,7,2,4,43,-6.8683
1968,7,2,5,61,-5.9419
1968,7,3,1,49,-2.8426
1968,7,3,2,92,-4.4528
1968,7,3,3,86,-2.8572
1968,7,3,4,106,1.2458
1968,7,3,5,103,-4.2573
1968,8,1,1,228,5.8344
1968,8,1,2,116,5.2283
1968,8,1,3,75,3.9752
1968,8,1,4,71,3.3018
1968,8,1,5,87,2.9183
1968,8,2,1,59,4.0185
1968,8,2,2,52,4.3270
1968,8,2,3,57,4.2695
1968,8,2,4,43,3.9764
1968,8,2,5,61,5.4699
1968,8,3,1,48,2.7193
1968,8,3,2,92,0.3362
1968,8,3,3,86,2.1447
1968,8,3,4,106,1.7102
1968,8,3,5,103,1.5386
1968,9,1,1,227,7.3675
1968,9,1,2,116,6.5414
1968,9,1,3,75,7.8338
1968,9,1,4,71,5.8079
1968,9,1,5,87,9.6510
1968,9,2,1,59,6.4286
1968,9,2,2,52,8.5784
1968,9,2,3,57,6.2542
1968,9,2,4,43,7.7094
1968,9,2,5,61,6.9697
1968,9,3,1,48,4.4360
1968,9,3,2,92,6.6911
1968,9,3,3,86,5.6163
1968,9,3,4,106,3.7752
1968,9,3,5,103,2.4466
1968,10,1,1,227,-0.2952
1968,10,1,2,116,1.8228
1968,10,1,3,75,0.6286
1968,10,1,4,71,1.0970
1968,10,1,5,87,0.4749
1968,10,2,1,59,0.4411
1968,10,2,2,52,-0.8022
1968,10,2,3,57,1.7637
1968,10,2,4,42,3.5209
1968,10,2,5,61,0.5317
1968,10,3,1,48,1.0195
1968,10,3,2,92,2.2821
1968,10,3,3,86,0.0918
1968,10,3,4,105,2.7801
1968,10,3,5,103,-2.4354
1968,11,1,1,226,7.1384
1968,11,1,2,115,7.9522
1968,11,1,3,75,7.7293
1968,11,1,4,71,5.5585
1968,11,1,5,87,6.0470
1968,11,2,1,59,8.1655
1968,11,2,2,52,8.9026
1968,11,2,3,57,6.5773
1968,11,2,4,43,6.8393
1968,11,2,5,61,9.9338
1968,11,3,1,48,4.8405
1968,11,3,2,92,1.5270
1968,11,3,3,86,6.2758
1968,11,3,4,105,5.4270
1968,11,3,5,103,7.0567
1968,12,1,1,226,2.7677
1968,12,1,2,116,3.0720
1968,12,1,3,75,-1.2911
1968,12,1,4,71,2.6860
1968,12,1,5,87,0.7295
1968,12,2,1,59,0.6880
1968,12,2,2,52,0.4664
1968,12,2,3,57,-2.2293
1968,12,2,4,43,-2.2773
1968,12,2,5,61,-2.9150
1968,12,3,1,48,-0.9964
1968,12,3,2,92,-2.9641
1968,12,3,3,86,-3.5189
1968,12,3,4,105,-4.8342
1968,12,3,5,103,-4.4703
1969,1,1,1,226,-1.4127
1969,1,1,2,116,-0.1108
1969,1,1,3,75,-1.2971
1969,1,1,4,71,-0.6489
1969,1,1,5,87,-2.4007
1969,1,2,1,59,-1.1505
1969,1,2,2,52,-2.0239
1969,1,2,3,57,-2.2874
1969,1,2,4,43,-1.0803
1969,1,2,5,61,-0.9333
1969,1,3,1,47,-1.5320
1969,1,3,2,92,-0.1832
1969,1,3,3,86,-1.1087
1969,1,3,4,105,-0.6642
1969,1,3,5,103,-2.3372
1969,2,1,1,225,-10.6399
1969,2,1,2,116,-9.4733
1969,2,1,3,74,-10.2436
1969,2,1,4,71,-8.5609
1969,2,1,5,87,-10.5025
1969,2,2,1,59,-7.9972
1969,2,2,2,52,-8.2187
1969,2,2,3,57,-7.5391
1969,2,2,4,43,-7.7325
1969,2,2,5,61,-10.1267
1969,2,3,1,47,-5.1706
1969,2,3,2,92,-4.1191
1969,2,3,3,86,-4.2828
1969,2,3,4,105,-4.5916
1969,2,3,5,103,-4.4813
1969,3,1,1,225,2.8492
1969,3,1,2,116,3.3888
1969,3,1,3,74,1.9489
1969,3,1,4,70,1.8690
1969,3,1,5,87,2.1530
1969,3,2,1,59,3.8128
1969,3,2,2,52,2.5268
1969,3,2,3,57,3.2456
1969,3,2,4,43,3.1860
1969,3,2,5,61,2.5938
1969,3,3,1,47,0.8714
1969,3,3,2,92,3.8251
1969,3,3,3,86,3.6940
1969,3,3,4,105,4.2316
1969,3,3,5,103,3.4955
1969,4,1,1,225,-0.3449
1969,4,1,2,116,0.0369
1969,4,1,3,74,-2.0719
1969,4,1,4,70,0.3183
1969,4,1,5,87,-1.5323
1969,4,2,1,59,3.5045
1969,4,2,2,52,0.3560
1969,4,2,3,57,1.9502
1969,4,2,4,43,2.6281
1969,4,2,5,60,0.3899
1969,4,3,1,47,1.3203
1969,4,3,2,92,1.8800
1969,4,3,3,86,2.0319
1969,4,3,4,105,2.5460
1969,4,3,5,103,2.6325
1969,5,1,1,224,1.5941
1969,5,1,2,116,0.3490
1969,5,1,3,74,-1.2981
1969,5,1,4,70,1.4864
1969,5,1,5,87,1.4435
1969,5,2,1,59,1.9114
1969,5,2,2,51,0.0511
1969,5,2,3,57,0.2037
1969,5,2,4,43,1.1190
1969,5,2,5,61,-1.4602
1969,5,3,1,47,-1.5216
1969,5,3,2,92,1.2692
1969,5,3,3,86,-0.0999
1969,5,3,4,103,0.9839
1969,5,3,5,103,-0.5069
1969,6,1,1,224,-14.0274
1969,6,1,2,116,-13.9279
1969,6,1,3,74,-12.1954
1969,6,1,4,71,-12.9284
1969,6,1,5,87,-14.3498
1969,6,2,1,59,-10.7470
1969,6,2,2,52,-9.6650
1969,6,2,3,57,-10.3201
1969,6,2,4,43,-12.5704
1969,6,2,5,61,-11.3677
1969,6,3,1,47,-9.3434
1969,6,3,2,92,-6.0383
1969,6,3,3,86,-6.2872
1969,6,3,4,103,-6.9032
1969,6,3,5,103,-2.5831
1969,7,1,1,214,-11.8338
1969,7,1,2,120,-11.1058
1969,7,1,3,84,-8.5507
1969,7,1,4,88,-12.7787
1969,7,1,5,125,-11.8982
1969,7,2,1,54,-8.3904
1969,7,2,2,55,-9.1840
1969,7,2,3,48,-7.8604
1969,7,2,4,55,-9.5789
1969,7,2,5,81,-11.6239
1969,7,3,1,65,-6.2243
1969,7,3,2,93,-6.9874
1969,7,3,3,106,-6.1494
1969,7,3,4,106,-5.4833
1969,7,3,5,86,-6.5155
1969,8,1,1,213,2.8720
1969,8,1,2,120,3.5147
1969,8,1,3,84,4.0550
1969,8,1,4,88,4.5263
1969,8,1,5,124,4.9154
1969,8,2,1,54,8.2033
1969,8,2,2,55,5.7451
1969,8,2,3,48,4.0598
1969,8,2,4,55,4.4323
1969,8,2,5,81,9.0332
1969,8,3,1,65,6.6264
1969,8,3,2,93,3.8996
1969,8,3,3,106,7.7905
1969,8,3,4,106,4.4353
1969,8,3,5,86,5.7178
1969,9,1,1,213,-2.0593
1969,9,1,2,120,-3.8360
1969,9,1,3,84,-1.5745
1969,9,1,4,88,-4.5777
1969,9,1,5,125,-3.3027
1969,9,2,1,54,1.8596
1969,9,2,2,54,-1.0934
1969,9,2,3,47,1.2816
1969,9,2,4,55,-0.6164
1969,9,2,5,81,-1.1480
1969,9,3,1,65,-0.5568
1969,9,3,2,93,-0.5906
1969,9,3,3,106,-2.9014
1969,9,3,4,106,-3.6729
1969,9,3,5,86,-2.5952
1969,10,1,1,213,9.4066
1969,10,1,2,120,10.1654
1969,10,1,3,84,7.6735
1969,10,1,4,88,9.9903
1969,10,1,5,125,13.1133
1969,10,2,1,54,6.3495
1969,10,2,2,54,9.9290
1969,10,2,3,47,5.8051
1969,10,2,4,54,9.1072
1969,10,2,5,81,9.2382
1969,10,3,1,64,5.1304
1969,10,3,2,93,5.1013
1969,10,3,3,106,6.5007
1969,10,3,4,106,3.8723
1969,10,3,5,86,4.1137
1969,11,1,1,213,-6.9316
1969,11,1,2,120,-5.4603
1969,11,1,3,84,-5.4860
1969,11,1,4,87,-7.3232
1969,11,1,5,125,-7.7666
1969,11,2,1,54,-3.7041
1969,11,2,2,54,-4.6471
1969,11,2,3,46,-3.9087
1969,11,2,4,55,-4.2992
1969,11,2,5,81,-6.1523
1969,11,3,1,65,-2.4120
1969,11,3,2,93,-3.3069
1969,11,3,3,106,-2.7879
1969,11,3,4,106,-2.8409
1969,11,3,5,86,-1.9735
1969,12,1,1,213,-9.1334
1969,12,1,2,120,-7.2963
1969,12,1,3,84,-5.0462
1969,12,1,4,88,-8.0998
1969,12,1,5,125,-7.4157
1969,12,2,1,54,-5.0874
1969,12,2,2,54,-3.6853
1969,12,2,3,46,-2.8736
1969,12,2,4,55,-4.9336
1969,12,2,5,80,-5.5378
1969,12,3,1,65,0.2189
1969,12,3,2,93,-2.6994
1969,12,3,3,106,-1.4918
1969,12,3,4,106,-1.9769
1969,12,3,5,86,-0.7175
1970,1,1,1,213,-0.2226
1970,1,1,2,120,-3.9645
1970,1,1,3,84,-1.0040
1970,1,1,4,88,-4.3562
1970,1,1,5,125,-6.0544
1970,1,2,1,54,-5.9162
1970,1,2,2,54,-4.8091
1970,1,2,3,46,-7.4142
1970,1,2,4,55,-4.1964
1970,1,2,5,81,-8.4697
1970,1,3,1,65,-7.4544
1970,1,3,2,93,-7.5673
1970,1,3,3,106,-8.8525
1970,1,3,4,106,-6.7753
1970,1,3,5,86,-10.1291
1970,2,1,1,213,3.6905
1970,2,1,2,119,2.2899
1970,2,1,3,84,2.1502
1970,2,1,4,88,4.3231
1970,2,1,5,125,2.1130
1970,2,2,1,54,4.6522
1970,2,2,2,54,4.9948
1970,2,2,3,45,5.3687
1970,2,2,4,55,5.8838
1970,2,2,5,81,3.8005
1970,2,3,1,64,5.6766
1970,2,3,2,93,7.3149
1970,2,3,3,106,7.2180
1970,2,3,4,106,5.3885
1970,2,3,5,86,3.6044
1970,3,1,1,213,-1.1768
1970,3,1,2,119,-4.3275
1970,3,1,3,84,-4.0307
1970,3,1,4,88,-3.3574
1970,3,1,5,125,-4.8921
1970,3,2,1,54,-1.8014
1970,3,2,2,54,-0.0567
1970,3,2,3,47,-0.9681
1970,3,2,4,55,-3.1837
1970,3,2,5,80,-4.6171
1970,3,3,1,65,-0.7072
1970,3,3,2,93,2.6206
1970,3,3,3,106,-2.0005
1970,3,3,4,106,0.1214
1970,3,3,5,86,-1.1227
1970,4,1,1,213,-16.8237
1970,4,1,2,119,-15.8674
1970,4,1,3,83,-15.8170
1970,4,1,4,88,-16.9068
1970,4,1,5,125,-22.3115
1970,4,2,1,54,-14.9939
1970,4,2,2,54,-12.9431
1970,4,2,3,47,-11.8840
1970,4,2,4,55,-16.5078
1970,4,2,5,81,-19.7891
1970,4,3,1,65,-10.3148
1970,4,3,2,93,-8.8235
1970,4,3,3,106,-9.3637
1970,4,3,4,106,-8.0816
1970,4,3,5,86,-11.1117
1970,5,1,1,213,-8.5845
1970,5,1,2,119,-10.8573
1970,5,1,3,83,-6.9334
1970,5,1,4,87,-11.1657
1970,5,1,5,124,-8.5239
1970,5,2,1,54,-7.6672
1970,5,2,2,54,-9.3906
1970,5,2,3,47,-9.9716
1970,5,2,4,55,-12.1985
1970,5,2,5,81,-12.1689
1970,5,3,1,65,-6.9249
1970,5,3,2,93,-7.1608
1970,5,3,3,106,-6.0727
1970,5,3,4,106,-4.0685
1970,5,3,5,86,-5.8042
1970,6,1,1,211,-6.2683
1970,6,1,2,119,-9.3499
1970,6,1,3,83,-9.4695
1970,6,1,4,87,-8.4292
1970,6,1,5,123,-10.8173
1970,6,2,1,54,-7.2306
1970,6,2,2,54,-5.2020
1970,6,2,3,47,-8.8368
1970,6,2,4,54,-6.7962
1970,6,2,5,80,-7.5729
1970,6,3,1,65,-3.0415
1970,6,3,2,93,-4.3808
1970,6,3,3,106,-5.5380
1970,6,3,4,106,-4.5379
1970,6,3,5,86,-6.6863
1970,7,1,1,243,3.6786
1970,7,1,2,107,6.9154
1970,7,1,3,89,7.9122
1970,7,1,4,95,4.7502
1970,7,1,5,178,3.8540
1970,7,2,1,64,6.0703
1970,7,2,2,66,6.0697
1970,7,2,3,60,10.2193
1970,7,2,4,53,10.8388
1970,7,2,5,80,6.7922
1970,7,3,1,64,9.0448
1970,7,3,2,78,6.4028
1970,7,3,3,95,8.8699
1970,7,3,4,117,7.5583
1970,7,3,5,93,4.7697
1970,8,1,1,242,5.6979
1970,8,1,2,107,4.7549
1970,8,1,3,89,5.7254
1970,8,1,4,95,8.0386
1970,8,1,5,177,7.6367
1970,8,2,1,64,8.5053
1970,8,2,2,66,5.2123
1970,8,2,3,60,7.4141
1970,8,2,4,53,8.7408
1970,8,2,5,80,6.2607
1970,8,3,1,64,2.5385
1970,8,3,2,78,4.9217
1970,8,3,3,95,4.8925
1970,8,3,4,117,5.4648
1970,8,3,5,93,5.3098
1970,9,1,1,240,16.0536
1970,9,1,2,106,14.6319
1970,9,1,3,89,12.8829
1970,9,1,4,95,13.3870
1970,9,1,5,177,17.1177
1970,9,2,1,64,10.5328
1970,9,2,2,65,11.1300
1970,9,2,3,60,9.0738
1970,9,2,4,53,12.6213
1970,9,2,5,80,14.1319
1970,9,3,1,64,6.6074
1970,9,3,2,78,6.5351
1970,9,3,3,95,2.7767
1970,9,3,4,116,1.5316
1970,9,3,5,93,7.6608
1970,10,1,1,241,-7.5636
1970,10,1,2,106,-8.6259
1970,10,1,3,89,-7.0258
1970,10,1,4,95,-8.2013
1970,10,1,5,177,-8.3410
1970,10,2,1,64,-5.3724
1970,10,2,2,65,-5.8665
1970,10,2,3,60,-4.3850
1970,10,2,4,53,-5.3668
1970,10,2,5,79,-6.3052
1970,10,3,1,64,-1.9848
1970,10,3,2,78,-1.4120
1970,10,3,3,95,0.5636
1970,10,3,4,116,-1.6869
1970,10,3,5,93,-0.6363
1970,11,1,1,240,-0.8353
1970,11,1,2,106,-1.7050
1970,11,1,3,89,-1.0206
1970,11,1,4,95,-2.4955
1970,11,1,5,176,-1.6351
1970,11,2,1,64,0.6053
1970,11,2,2,65,2.5053
1970,11,2,3,59,4.0774
1970,11,2,4,53,4.2138
1970,11,2,5,79,2.2108
1970,11,3,1,64,6.1160
1970,11,3,2,78,5.3615
1970,11,3,3,95,4.7080
1970,11,3,4,116,5.8130
1970,11,3,5,93,3.8920
1970,12,1,1,238,8.2424
1970,12,1,2,106,13.1097
1970,12,1,3,89,11.5383
1970,12,1,4,95,8.3606
1970,12,1,5,175,9.1062
1970,12,2,1,64,10.1487
1970,12,2,2,65,9.9727
1970,12,2,3,59,9.3766
1970,12,2,4,53,6.0209
1970,12,2,5,79,8.8695
1970,12,3,1,64,4.4215
1970,12,3,2,77,8.1109
1970,12,3,3,95,4.7354
1970,12,3,4,116,6.6408
1970,12,3,5,93,4.1291
1971,1,1,1,238,16.1385
1971,1,1,2,106,11.5707
1971,1,1,3,89,16.0179
1971,1,1,4,94,15.6035
1971,1,1,5,174,14.8288
1971,1,2,1,62,12.9906
1971,1,2,2,65,10.9500
1971,1,2,3,59,12.6720
1971,1,2,4,53,10.3679
1971,1,2,5,79,8.5201
1971,1,3,1,64,6.3180
1971,1,3,2,77,6.7647
1971,1,3,3,95,1.7785
1971,1,3,4,116,4.4583
1971,1,3,5,93,4.9607
1971,2,1,1,238,4.1672
1971,2,1,2,104,5.6750
1971,2,1,3,89,2.9009
1971,2,1,4,94,5.1417
1971,2,1,5,173,5.6414
1971,2,2,1,61,3.4446
1971,2,2,2,65,1.5817
1971,2,2,3,59,3.9401
1971,2,2,4,53,2.3102
1971,2,2,5,79,2.6924
1971,2,3,1,64,0.5378
1971,2,3,2,77,2.2606
1971,2,3,3,95,3.3542
1971,2,3,4,116,0.6583
1971,2,3,5,93,2.3258
1971,3,1,1,238,8.6165
1971,3,1,2,104,5.4754
1971,3,1,3,89,6.4987
1971,3,1,4,94,4.2911
1971,3,1,5,172,6.2562
1971,3,2,1,61,6.3804
1971,3,2,2,65,7.5763
1971,3,2,3,59,3.9905
1971,3,2,4,53,10.3095
1971,3,2,5,79,6.3080
1971,3,3,1,63,5.7983
1971,3,3,2,77,3.7814
1971,3,3,3,95,2.9778
1971,3,3,4,115,3.4794
1971,3,3,5,93,5.8297
1971,4,1,1,238,2.4330
1971,4,1,2,103,4.3402
1971,4,1,3,89,2.6246
1971,4,1,4,93,-0.3360
1971,4,1,5,172,2.3903
1971,4,2,1,60,2.9741
1971,4,2,2,65,6.5389
1971,4,2,3,58,5.6979
1971,4,2,4,53,4.6609
1971,4,2,5,78,2.7588
1971,4,3,1,63,4.5955
1971,4,3,2,77,4.5955
1971,4,3,3,95,4.4040
1971,4,3,4,115,4.7672
1971,4,3,5,93,2.5429
1971,5,1,1,235,-5.5650
1971,5,1,2,102,-5.0079
1971,5,1,3,88,-6.7237
1971,5,1,4,93,-6.6684
1971,5,1,5,172,-8.2103
1971,5,2,1,60,-4.9019
1971,5,2,2,65,-3.2343
1971,5,2,3,58,-5.1391
1971,5,2,4,53,-5.3331
1971,5,2,5,78,-4.2885
1971,5,3,1,63,-2.1828
1971,5,3,2,77,-2.6985
1971,5,3,3,95,-4.4382
1971,5,3,4,115,-2.9822
1971,5,3,5,93,-4.9524
1971,6,1,1,232,-2.5903
1971,6,1,2,102,-1.6280
1971,6,1,3,88,-1.4903
1971,6,1,4,93,-2.0880
1971,6,1,5,169,-3.1955
1971,6,2,1,60,-2.1240
1971,6,2,2,65,-1.2745
1971,6,2,3,58,-1.4324
1971,6,2,4,53,-0.3909
1971,6,2,5,77,-0.0440
1971,6,3,1,62,-0.6089
1971,6,3,2,77,0.9556
1971,6,3,3,95,0.0131
1971,6,3,4,115,0.3404
1971,6,3,5,93,-0.4781
1971,7,1,1,281,-6.4155
1971,7,1,2,140,-7.6812
1971,7,1,3,124,-6.6854
1971,7,1,4,100,-5.3157
1971,7,1,5,123,-7.7375
1971,7,2,1,68,-5.1976
1971,7,2,2,85,-5.1066
1971,7,2,3,56,-4.5181
1971,7,2,4,48,-5.2901
1971,7,2,5,76,-4.9593
1971,7,3,1,44,-3.5889
1971,7,3,2,85,-5.9675
1971,7,3,3,101,-2.9892
1971,7,3,4,122,-3.3578
1971,7,3,5,127,-4.6653
1971,8,1,1,280,4.7508
1971,8,1,2,140,5.3626
1971,8,1,3,124,5.2211
1971,8,1,4,100,3.3053
1971,8,1,5,123,2.0928
1971,8,2,1,68,5.9833
1971,8,2,2,85,5.9735
1971,8,2,3,56,5.0671
1971,8,2,4,48,4.4456
1971,8,2,5,76,3.3202
1971,8,3,1,44,7.5022
1971,8,3,2,85,4.8626
1971,8,3,3,101,6.5791
1971,8,3,4,121,2.1767
1971,8,3,5,126,4.8514
1971,9,1,1,280,-1.7141
1971,9,1,2,140,-0.8829
1971,9,1,3,124,0.3938
1971,9,1,4,100,1.3842
1971,9,1,5,123,-0.4019
1971,9,2,1,67,0.3148
1971,9,2,2,85,-1.2134
1971,9,2,3,55,-0.9879
1971,9,2,4,48,-1.7692
1971,9,2,5,76,-0.8760
1971,9,3,1,44,-0.9118
1971,9,3,2,85,-1.2108
1971,9,3,3,101,-0.3576
1971,9,3,4,121,-0.1836
1971,9,3,5,126,-0.4496
1971,10,1,1,280,-7.1651
1971,10,1,2,140,-6.2031
1971,10,1,3,124,-7.1280
1971,10,1,4,100,-7.7954
1971,10,1,5,123,-6.4423
1971,10,2,1,66,-5.4990
1971,10,2,2,85,-5.6380
1971,10,2,3,55,-6.6134
1971,10,2,4,48,-7.7578
1971,10,2,5,76,-4.7040
1971,10,3,1,44,-4.2912
1971,10,3,2,85,-5.1609
1971,10,3,3,101,-5.3603
1971,10,3,4,121,-4.9451
1971,10,3,5,126,-3.3451
1971,11,1,1,280,-4.0839
1971,11,1,2,140,-3.8498
1971,11,1,3,124,-5.1181
1971,11,1,4,100,-5.1251
1971,11,1,5,123,-4.8870
1971,11,2,1,66,-2.0495
1971,11,2,2,85,-1.7579
1971,11,2,3,55,-3.3945
1971,11,2,4,48,-1.9191
1971,11,2,5,76,-2.7841
1971,11,3,1,44,0.4209
1971,11,3,2,85,-1.1345
1971,11,3,3,101,-0.6504
1971,11,3,4,121,0.4987
1971,11,3,5,126,0.8929
1971,12,1,1,279,13.4139
1971,12,1,2,140,12.1576
1971,12,1,3,124,11.5052
1971,12,1,4,99,13.3052
1971,12,1,5,123,15.6807
1971,12,2,1,66,13.3760
1971,12,2,2,85,10.1494
1971,12,2,3,55,14.6198
1971,12,2,4,48,12.3790
1971,12,2,5,76,14.3644
1971,12,3,1,44,11.1931
1971,12,3,2,85,8.4376
1971,12,3,3,101,9.5901
1971,12,3,4,121,9.0025
1971,12,3,5,126,8.7797
1972,1,1,1,279,14.0538
1972,1,1,2,139,17.1453
1972,1,1,3,124,12.5039
1972,1,1,4,99,12.4733
1972,1,1,5,123,10.8353
1972,1,2,1,66,7.7146
1972,1,2,2,84,6.7808
1972,1,2,3,54,6.4539
1972,1,2,4,48,6.4269
1972,1,2,5,76,9.1409
1972,1,3,1,44,0.9485
1972,1,3,2,85,2.0833
1972,1,3,3,101,0.7896
1972,1,3,4,121,1.8225
1972,1,3,5,126,4.0229
1972,2,1,1,278,4.7295
1972,2,1,2,139,3.2493
1972,2,1,3,124,3.6679
1972,2,1,4,99,4.5459
1972,2,1,5,123,4.8222
1972,2,2,1,65,3.3464
1972,2,2,2,84,4.3552
1972,2,2,3,54,4.1861
1972,2,2,4,48,3.8587
1972,2,2,5,76,3.2603
1972,2,3,1,44,7.2861
1972,2,3,2,85,5.0986
1972,2,3,3,101,4.6948
1972,2,3,4,121,3.9274
1972,2,3,5,126,2.3898
1972,3,1,1,277,-0.1545
1972,3,1,2,139,0.8603
1972,3,1,3,124,-1.9898
1972,3,1,4,99,-0.7906
1972,3,1,5,123,-2.6907
1972,3,2,1,65,-0.1816
1972,3,2,2,84,0.5028
1972,3,2,3,54,0.7529
1972,3,2,4,48,1.0814
1972,3,2,5,76,0.5363
1972,3,3,1,44,2.0099
1972,3,3,2,85,-1.3671
1972,3,3,3,101,1.7558
1972,3,3,4,121,-1.1882
1972,3,3,5,126,1.9449
1972,4,1,1,276,0.9795
1972,4,1,2,139,1.2120
1972,4,1,3,124,0.8848
1972,4,1,4,99,0.2406
1972,4,1,5,121,-1.2059
1972,4,2,1,65,3.5405
1972,4,2,2,84,0.0504
1972,4,2,3,54,2.1104
1972,4,2,4,48,1.0688
1972,4,2,5,76,0.0062
1972,4,3,1,44,-1.2701
1972,4,3,2,85,0.5069
1972,4,3,3,101,2.2572
1972,4,3,4,121,0.2438
1972,4,3,5,126,0.8067
1972,5,1,1,273,-1.6330
1972,5,1,2,138,-1.6122
1972,5,1,3,124,-3.4109
1972,5,1,4,99,-2.7503
1972,5,1,5,122,-1.2998
1972,5,2,1,65,-3.9388
1972,5,2,2,84,-0.9165
1972,5,2,3,54,-3.2674
1972,5,2,4,48,-1.0862
1972,5,2,5,76,0.1836
1972,5,3,1,44,2.4091
1972,5,3,2,85,1.7164
1972,5,3,3,101,1.5368
1972,5,3,4,121,2.8250
1972,5,3,5,125,2.4861
1972,6,1,1,272,-4.7965
1972,6,1,2,138,-1.6943
1972,6,1,3,124,-4.9443
1972,6,1,4,99,-1.3729
1972,6,1,5,122,-3.8057
1972,6,2,1,65,-3.6307
1972,6,2,2,84,-0.1834
1972,6,2,3,54,-2.8107
1972,6,2,4,48,-5.7458
1972,6,2,5,76,-3.0927
1972,6,3,1,44,-4.2693
1972,6,3,2,85,-1.9270
1972,6,3,3,101,-2.1753
1972,6,3,4,121,-1.4144
1972,6,3,5,124,-1.8805
1972,7,1,1,301,-3.9588
1972,7,1,2,151,-2.9672
1972,7,1,3,114,-3.1727
1972,7,1,4,76,-2.7911
1972,7,1,5,146,-5.9170
1972,7,2,1,76,-3.7344
1972,7,2,2,79,-3.2969
1972,7,2,3,64,-3.9886
1972,7,2,4,59,-4.0925
1972,7,2,5,74,-4.4736
1972,7,3,1,48,-1.2508
1972,7,3,2,92,-0.3169
1972,7,3,3,115,-0.8826
1972,7,3,4,123,0.5003
1972,7,3,5,121,0.5989
1972,8,1,1,298,0.0254
1972,8,1,2,151,1.2563
1972,8,1,3,113,1.0808
1972,8,1,4,76,0.6819
1972,8,1,5,146,-0.8222
1972,8,2,1,76,1.6465
1972,8,2,2,79,0.6918
1972,8,2,3,64,2.6057
1972,8,2,4,58,0.7867
1972,8,2,5,74,1.9009
1972,8,3,1,48,4.0980
1972,8,3,2,92,0.3629
1972,8,3,3,115,3.2373
1972,8,3,4,123,4.3483
1972,8,3,5,121,3.8972
1972,9,1,1,297,-4.3306
1972,9,1,2,151,-4.0719
1972,9,1,3,113,-4.3998
1972,9,1,4,76,-4.3291
1972,9,1,5,146,-5.2511
1972,9,2,1,75,-3.3488
1972,9,2,2,79,-2.2332
1972,9,2,3,63,-3.4794
1972,9,2,4,58,-3.6393
1972,9,2,5,74,-2.1906
1972,9,3,1,48,-1.8395
1972,9,3,2,92,-1.5606
1972,9,3,3,115,-2.2847
1972,9,3,4,122,0.3679
1972,9,3,5,121,-0.2820
1972,10,1,1,296,-2.7293
1972,10,1,2,151,-2.8108
1972,10,1,3,113,-0.4241
1972,10,1,4,74,-3.0646
1972,10,1,5,145,-4.3704
1972,10,2,1,75,-1.2311
1972,10,2,2,79,-2.2333
1972,10,2,3,63,-0.9639
1972,10,2,4,58,-2.5091
1972,10,2,5,74,-0.1665
1972,10,3,1,48,-0.1931
1972,10,3,2,92,0.4179
1972,10,3,3,115,1.0938
1972,10,3,4,122,1.5713
1972,10,3,5,121,0.5593
1972,11,1,1,296,3.9016
1972,11,1,2,151,6.9582
1972,11,1,3,113,3.6060
1972,11,1,4,74,5.6673
1972,11,1,5,145,5.3530
1972,11,2,1,75,5.8149
1972,11,2,2,78,7.4381
1972,11,2,3,63,6.9295
1972,11,2,4,58,6.2502
1972,11,2,5,74,6.0271
1972,11,3,1,48,6.1985
1972,11,3,2,92,4.6007
1972,11,3,3,115,6.4528
1972,11,3,4,121,5.0066
1972,11,3,5,121,3.4483
1972,12,1,1,295,-1.4453
1972,12,1,2,151,-0.0214
1972,12,1,3,113,-2.9724
1972,12,1,4,74,-1.8195
1972,12,1,5,145,-4.3491
1972,12,2,1,74,-1.2067
1972,12,2,2,78,-2.0343
1972,12,2,3,63,-0.3068
1972,12,2,4,58,-3.9459
1972,12,2,5,74,1.7536
1972,12,3,1,48,0.6524
1972,12,3,2,92,-0.0199
1972,12,3,3,115,0.2799
1972,12,3,4,122,2.3652
1972,12,3,5,121,2.0304
1973,1,1,1,295,-2.6278
1973,1,1,2,151,-4.1200
1973,1,1,3,113,-4.3434
1973,1,1,4,73,-8.5926
1973,1,1,5,146,-1.7076
1973,1,2,1,74,-6.0225
1973,1,2,2,78,-8.5862
1973,1,2,3,63,-7.6742
1973,1,2,4,58,-4.1855
1973,1,2,5,73,-5.5951
1973,1,3,1,48,-5.0900
1973,1,3,2,92,-3.7165
1973,1,3,3,115,-4.3253
1973,1,3,4,122,-1.0366
1973,1,3,5,121,0.0410
1973,2,1,1,294,-8.4907
1973,2,1,2,151,-6.0758
1973,2,1,3,113,-8.0560
1973,2,1,4,72,-8.9236
1973,2,1,5,146,-10.5308
1973,2,2,1,74,-8.9672
1973,2,2,2,78,-7.4701
1973,2,2,3,63,-8.9755
1973,2,2,4,58,-8.8592
1973,2,2,5,73,-8.7056
1973,2,3,1,48,-2.8775
1973,2,3,2,92,-4.1313
1973,2,3,3,115,-5.2098
1973,2,3,4,122,-3.9366
1973,2,3,5,121,-2.8509
1973,3,1,1,293,-2.2529
1973,3,1,2,151,-2.0599
1973,3,1,3,113,-4.0041
1973,3,1,4,72,-4.4278
1973,3,1,5,145,-1.4008
1973,3,2,1,74,-2.3947
1973,3,2,2,78,-1.6949
1973,3,2,3,63,-3.1749
1973,3,2,4,58,-5.3616
1973,3,2,5,73,-0.9967
1973,3,3,1,48,-2.8127
1973,3,3,2,91,-2.8998
1973,3,3,3,115,-1.9624
1973,3,3,4,121,1.1392
1973,3,3,5,121,0.6303
1973,4,1,1,293,-7.5837
1973,4,1,2,151,-5.8387
1973,4,1,3,113,-4.9959
1973,4,1,4,71,-8.4123
1973,4,1,5,143,-10.2341
1973,4,2,1,74,-6.2803
1973,4,2,2,78,-7.6458
1973,4,2,3,63,-5.4081
1973,4,2,4,58,-7.5007
1973,4,2,5,74,-8.1982
1973,4,3,1,48,-7.3752
1973,4,3,2,91,-5.4157
1973,4,3,3,114,-6.1391
1973,4,3,4,121,-2.7011
1973,4,3,5,121,-4.7214
1973,5,1,1,292,-9.7018
1973,5,1,2,151,-7.6532
1973,5,1,3,113,-8.4504
1973,5,1,4,70,-7.3879
1973,5,1,5,142,-9.5975
1973,5,2,1,74,-9.4161
1973,5,2,2,78,-8.9653
1973,5,2,3,63,-10.3889
1973,5,2,4,58,-9.0866
1973,5,2,5,74,-7.9711
1973,5,3,1,48,-2.2898
1973,5,3,2,91,-1.5548
1973,5,3,3,115,-2.2337
1973,5,3,4,120,-1.8512
1973,5,3,5,121,-1.3643
1973,6,1,1,289,-2.8483
1973,6,1,2,148,-2.4269
1973,6,1,3,113,-1.9890
1973,6,1,4,70,-3.2440
1973,6,1,5,140,-5.3938
1973,6,2,1,74,-3.7947
1973,6,2,2,78,-2.7544
1973,6,2,3,63,-2.2128
1973,6,2,4,58,-3.8684
1973,6,2,5,73,-3.3456
1973,6,3,1,48,0.1839
1973,6,3,2,91,-2.5458
1973,6,3,3,115,-3.0268
1973,6,3,4,120,0.0253
1973,6,3,5,121,-0.0953
1973,7,1,1,291,14.5483
1973,7,1,2,166,14.5740
1973,7,1,3,119,14.2431
1973,7,1,4,117,16.2310
1973,7,1,5,144,17.7042
1973,7,2,1,76,12.6024
1973,7,2,2,82,9.8029
1973,7,2,3,60,11.4531
1973,7,2,4,64,14.0714
1973,7,2,5,79,18.3056
1973,7,3,1,63,8.3537
1973,7,3,2,94,7.1922
1973,7,3,3,114,5.6359
1973,7,3,4,104,4.9480
1973,7,3,5,120,2.8261
1973,8,1,1,290,-5.2539
1973,8,1,2,165,-5.4973
1973,8,1,3,119,-7.3874
1973,8,1,4,116,-8.0250
1973,8,1,5,144,-7.1042
1973,8,2,1,76,-4.5915
1973,8,2,2,82,-2.4339
1973,8,2,3,60,-4.6508
1973,8,2,4,64,-3.1867
1973,8,2,5,79,-4.3951
1973,8,3,1,63,-2.2624
1973,8,3,2,94,-4.5820
1973,8,3,3,114,-2.3209
1973,8,3,4,104,-2.9412
1973,8,3,5,120,-3.7938
1973,9,1,1,289,9.4710
1973,9,1,2,163,8.7896
1973,9,1,3,119,9.5927
1973,9,1,4,115,8.2248
1973,9,1,5,142,10.3904
1973,9,2,1,76,9.8479
1973,9,2,2,82,10.2669
1973,9,2,3,60,12.4201
1973,9,2,4,64,13.2683
1973,9,2,5,78,12.2784
1973,9,3,1,63,7.6936
1973,9,3,2,94,5.5720
1973,9,3,3,114,4.3192
1973,9,3,4,104,6.8861
1973,9,3,5,120,1.1108
1973,10,1,1,287,0.2029
1973,10,1,2,164,0.1548
1973,10,1,3,118,-1.0420
1973,10,1,4,115,-1.1818
1973,10,1,5,143,1.1684
1973,10,2,1,76,-0.4345
1973,10,2,2,82,2.4511
1973,10,2,3,60,-2.0398
1973,10,2,4,64,-0.1650
1973,10,2,5,78,-0.8251
1973,10,3,1,63,0.8843
1973,10,3,2,93,-0.6414
1973,10,3,3,114,-1.2374
1973,10,3,4,104,-0.4064
1973,10,3,5,119,2.0032
1973,11,1,1,288,-19.1794
1973,11,1,2,164,-19.6891
1973,11,1,3,118,-21.4982
1973,11,1,4,115,-20.2678
1973,11,1,5,143,-21.7385
1973,11,2,1,76,-19.2907
1973,11,2,2,81,-20.3496
1973,11,2,3,60,-16.6923
1973,11,2,4,64,-18.6328
1973,11,2,5,78,-24.4284
1973,11,3,1,63,-11.8786
1973,11,3,2,93,-13.2151
1973,11,3,3,114,-13.6403
1973,11,3,4,104,-13.0706
1973,11,3,5,119,-8.6783
1973,12,1,1,287,-4.0191
1973,12,1,2,163,-2.8925
1973,12,1,3,117,-3.2808
1973,12,1,4,115,-7.0464
1973,12,1,5,143,-3.6599
1973,12,2,1,75,-1.3896
1973,12,2,2,79,-1.2854
1973,12,2,3,60,-1.6978
1973,12,2,4,64,-1.1904
1973,12,2,5,78,0.2558
1973,12,3,1,63,2.9064
1973,12,3,2,93,1.2784
1973,12,3,3,114,0.3873
1973,12,3,4,104,1.5849
1973,12,3,5,120,1.7287
1974,1,1,1,288,18.3298
1974,1,1,2,162,16.5440
1974,1,1,3,117,17.0816
1974,1,1,4,115,19.4425
1974,1,1,5,143,14.2404
1974,1,2,1,75,13.2036
1974,1,2,2,79,9.5431
1974,1,2,3,60,15.4276
1974,1,2,4,64,8.4248
1974,1,2,5,78,7.6153
1974,1,3,1,63,1.0742
1974,1,3,2,93,1.0536
1974,1,3,3,114,-0.7709
1974,1,3,4,104,-0.3766
1974,1,3,5,120,-1.5164
1974,2,1,1,288,-0.4248
1974,2,1,2,161,-0.7305
1974,2,1,3,116,-2.0270
1974,2,1,4,110,-1.4501
1974,2,1,5,142,-2.4141
1974,2,2,1,75,2.0498
1974,2,2,2,79,1.3013
1974,2,2,3,60,3.4815
1974,2,2,4,64,-0.0853
1974,2,2,5,78,1.1640
1974,2,3,1,63,1.6648
1974,2,3,2,93,-0.2826
1974,2,3,3,113,0.1521
1974,2,3,4,104,0.2969
1974,2,3,5,120,0.3380
1974,3,1,1,285,0.2985
1974,3,1,2,160,0.0412
1974,3,1,3,114,0.8169
1974,3,1,4,110,2.6972
1974,3,1,5,141,-0.0629
1974,3,2,1,75,0.3905
1974,3,2,2,79,-1.3260
1974,3,2,3,60,-1.4577
1974,3,2,4,64,0.5778
1974,3,2,5,78,-2.1288
1974,3,3,1,63,-2.1711
1974,3,3,2,92,-1.7946
1974,3,3,3,113,-2.2896
1974,3,3,4,104,-1.3193
1974,3,3,5,120,-2.4722
1974,4,1,1,284,-4.2948
1974,4,1,2,160,-5.1795
1974,4,1,3,114,-4.3503
1974,4,1,4,110,-6.1679
1974,4,1,5,141,-5.8252
1974,4,2,1,75,-4.4147
1974,4,2,2,79,-3.0350
1974,4,2,3,60,-4.3274
1974,4,2,4,64,-3.1683
1974,4,2,5,77,-5.5890
1974,4,3,1,63,-3.0236
1974,4,3,2,92,-3.2416
1974,4,3,3,113,-3.3887
1974,4,3,4,104,-2.4024
1974,4,3,5,120,-3.8719
1974,5,1,1,283,-6.6967
1974,5,1,2,160,-8.7158
1974,5,1,3,114,-7.9485
1974,5,1,4,109,-6.0421
1974,5,1,5,141,-8.2249
1974,5,2,1,75,-8.4444
1974,5,2,2,79,-6.9474
1974,5,2,3,59,-5.6272
1974,5,2,4,63,-6.0648
1974,5,2,5,77,-9.1269
1974,5,3,1,63,-3.3003
1974,5,3,2,92,-1.9549
1974,5,3,3,113,-2.7913
1974,5,3,4,104,-0.9389
1974,5,3,5,120,-3.3857
1974,6,1,1,282,-1.9221
1974,6,1,2,158,-1.7680
1974,6,1,3,114,-1.2872
1974,6,1,4,108,-3.3217
1974,6,1,5,142,-1.4593
1974,6,2,1,74,-0.1907
1974,6,2,2,79,-0.9112
1974,6,2,3,59,1.0936
1974,6,2,4,63,-2.7371
1974,6,2,5,76,-3.6230
1974,6,3,1,63,-0.9164
1974,6,3,2,92,0.1480
1974,6,3,3,113,-1.9655
1974,6,3,4,104,-1.4181
1974,6,3,5,120,-0.1265
1974,7,1,1,369,-4.7776
1974,7,1,2,199,-3.4951
1974,7,1,3,185,-3.9017
1974,7,1,4,174,-6.8411
1974,7,1,5,247,-6.3105
1974,7,2,1,80,-3.1043
1974,7,2,2,98,-3.2097
1974,7,2,3,96,-2.7673
1974,7,2,4,82,-6.1747
1974,7,2,5,103,-6.4472
1974,7,3,1,62,-8.3372
1974,7,3,2,98,-11.3246
1974,7,3,3,113,-7.8621
1974,7,3,4,139,-8.6542
1974,7,3,5,143,-8.2621
1974,8,1,1,367,-6.3416
1974,8,1,2,198,-6.9524
1974,8,1,3,184,-7.8137
1974,8,1,4,172,-7.1660
1974,8,1,5,246,-7.7106
1974,8,2,1,79,-6.8506
1974,8,2,2,96,-8.7269
1974,8,2,3,96,-7.9605
1974,8,2,4,82,-9.0620
1974,8,2,5,103,-7.8763
1974,8,3,1,62,-8.9164
1974,8,3,2,98,-9.5045
1974,8,3,3,113,-8.5761
1974,8,3,4,139,-9.0326
1974,8,3,5,143,-6.9305
1974,9,1,1,363,-8.0206
1974,9,1,2,196,-8.4798
1974,9,1,3,182,-6.1550
1974,9,1,4,173,-9.4384
1974,9,1,5,244,-11.3589
1974,9,2,1,80,-9.5896
1974,9,2,2,96,-7.2038
1974,9,2,3,95,-9.9020
1974,9,2,4,82,-8.5873
1974,9,2,5,102,-10.4659
1974,9,3,1,62,-12.5527
1974,9,3,2,97,-9.6849
1974,9,3,3,113,-11.1025
1974,9,3,4,139,-13.7494
1974,9,3,5,143,-12.0015
1974,10,1,1,360,9.1946
1974,10,1,2,194,8.5467
1974,10,1,3,182,6.6113
1974,10,1,4,172,8.3553
1974,10,1,5,239,11.2971
1974,10,2,1,79,11.5274
1974,10,2,2,95,9.1060
1974,10,2,3,94,8.6279
1974,10,2,4,81,10.2291
1974,10,2,5,102,12.2384
1974,10,3,1,62,18.7994
1974,10,3,2,96,16.5119
1974,10,3,3,113,18.8510
1974,10,3,4,139,15.9829
1974,10,3,5,143,17.2359
1974,11,1,1,360,-5.0298
1974,11,1,2,194,-5.6361
1974,11,1,3,181,-6.5259
1974,11,1,4,173,-5.5418
1974,11,1,5,242,-7.3947
1974,11,2,1,79,-2.3466
1974,11,2,2,95,-4.3195
1974,11,2,3,94,-6.8904
1974,11,2,4,81,-5.1439
1974,11,2,5,102,-6.0862
1974,11,3,1,62,-2.0297
1974,11,3,2,96,-2.6134
1974,11,3,3,113,-4.4894
1974,11,3,4,139,-4.6024
1974,11,3,5,143,-5.0937
1974,12,1,1,359,-7.5103
1974,12,1,2,192,-8.3278
1974,12,1,3,180,-8.8917
1974,12,1,4,171,-8.7930
1974,12,1,5,242,-7.6289
1974,12,2,1,80,-7.3988
1974,12,2,2,96,-6.7888
1974,12,2,3,94,-4.2119
1974,12,2,4,81,-4.8707
1974,12,2,5,101,-7.0435
1974,12,3,1,62,-4.1114
1974,12,3,2,95,-1.5240
1974,12,3,3,113,-2.2893
1974,12,3,4,139,-2.1897
1974,12,3,5,143,-2.9560
1975,1,1,1,358,30.1216
1975,1,1,2,190,30.7528
1975,1,1,3,180,31.3641
1975,1,1,4,172,26.4278
1975,1,1,5,242,29.5019
1975,1,2,1,78,27.7936
1975,1,2,2,95,26.1244
1975,1,2,3,94,28.5285
1975,1,2,4,81,22.9223
1975,1,2,5,101,24.9800
1975,1,3,1,62,13.8133
1975,1,3,2,96,14.5523
1975,1,3,3,113,12.6005
1975,1,3,4,139,10.6508
1975,1,3,5,142,11.5721
1975,2,1,1,356,5.1845
1975,2,1,2,189,5.4643
1975,2,1,3,179,5.6356
1975,2,1,4,172,4.0351
1975,2,1,5,241,5.1761
1975,2,2,1,77,5.6767
1975,2,2,2,95,5.1406
1975,2,2,3,94,3.7930
1975,2,2,4,81,3.3272
1975,2,2,5,101,5.1498
1975,2,3,1,62,9.9435
1975,2,3,2,96,4.0503
1975,2,3,3,113,8.1409
1975,2,3,4,139,7.0886
1975,2,3,5,142,8.1549
1975,3,1,1,356,9.3555
1975,3,1,2,189,9.3166
1975,3,1,3,180,8.2338
1975,3,1,4,170,7.3188
1975,3,1,5,241,10.4770
1975,3,2,1,77,9.1751
1975,3,2,2,95,5.9586
1975,3,2,3,94,9.1559
1975,3,2,4,81,7.1648
1975,3,2,5,101,9.2131
1975,3,3,1,62,4.1529
1975,3,3,2,96,6.3042
1975,3,3,3,113,4.8476
1975,3,3,4,139,3.8119
1975,3,3,5,141,0.8768
1975,4,1,1,355,3.1716
1975,4,1,2,189,5.4551
1975,4,1,3,179,3.2532
1975,4,1,4,169,3.3427
1975,4,1,5,241,3.2384
1975,4,2,1,77,5.7033
1975,4,2,2,95,6.1158
1975,4,2,3,94,2.6266
1975,4,2,4,81,2.1094
1975,4,2,5,101,9.6538
1975,4,3,1,62,1.0431
1975,4,3,2,96,3.8438
1975,4,3,3,113,5.5461
1975,4,3,4,139,6.6354
1975,4,3,5,141,4.9496
1975,5,1,1,354,6.6569
1975,5,1,2,187,8.5312
1975,5,1,3,179,8.3496
1975,5,1,4,168,6.8168
1975,5,1,5,240,9.3974
1975,5,2,1,77,10.7512
1975,5,2,2,95,7.0091
1975,5,2,3,94,7.0311
1975,5,2,4,81,9.1573
1975,5,2,5,101,10.1764
1975,5,3,1,62,8.4242
1975,5,3,2,96,6.0312
1975,5,3,3,113,3.4506
1975,5,3,4,139,5.7804
1975,5,3,5,141,3.6418
1975,6,1,1,352,7.9369
1975,6,1,2,188,7.9147
1975,6,1,3,178,7.4537
1975,6,1,4,167,6.8022
1975,6,1,5,238,7.4914
1975,6,2,1,77,6.3500
1975,6,2,2,94,7.0295
1975,6,2,3,94,6.5190
1975,6,2,4,81,6.2254
1975,6,2,5,101,6.0334
1975,6,3,1,62,5.0920
1975,6,3,2,96,7.1175
1975,6,3,3,112,6.0553
1975,6,3,4,139,4.2007
1975,6,3,5,141,3.1013
1975,7,1,1,590,-1.3066
1975,7,1,2,328,0.5215
1975,7,1,3,231,-0.9908
1975,7,1,4,200,-1.3051
1975,7,1,5,275,0.4719
1975,7,2,1,113,-2.5269
1975,7,2,2,125,-3.5646
1975,7,2,3,125,-3.8646
1975,7,2,4,86,-5.2175
1975,7,2,5,140,-2.7626
1975,7,3,1,65,-6.0107
1975,7,3,2,96,-8.6428
1975,7,3,3,136,-7.6553
1975,7,3,4,171,-5.5285
1975,7,3,5,187,-6.0104
1975,8,1,1,587,-6.8068
1975,8,1,2,328,-6.0238
1975,8,1,3,230,-5.5694
1975,8,1,4,198,-6.3178
1975,8,1,5,275,-6.2546
1975,8,2,1,113,-7.2428
1975,8,2,2,125,-4.6016
1975,8,2,3,125,-3.7566
1975,8,2,4,86,-3.2707
1975,8,2,5,140,-3.3237
1975,8,3,1,64,-2.0208
1975,8,3,2,96,-1.1117
1975,8,3,3,136,-2.3621
1975,8,3,4,171,-1.0282
1975,8,3,5,187,-1.9345
1975,9,1,1,587,-3.2649
1975,9,1,2,328,-2.2046
1975,9,1,3,228,-3.2853
1975,9,1,4,200,-3.6238
1975,9,1,5,275,-3.9507
1975,9,2,1,113,-3.6217
1975,9,2,2,124,-2.0148
1975,9,2,3,124,-3.3602
1975,9,2,4,85,-5.9105
1975,9,2,5,140,-4.4798
1975,9,3,1,64,-3.5730
1975,9,3,2,95,-6.5042
1975,9,3,3,136,-2.8985
1975,9,3,4,171,-2.6808
1975,9,3,5,187,-3.4639
1975,10,1,1,585,1.6400
1975,10,1,2,328,2.2974
1975,10,1,3,224,2.4324
1975,10,1,4,199,3.7221
1975,10,1,5,275,1.1735
1975,10,2,1,112,2.9673
1975,10,2,2,125,3.5600
1975,10,2,3,123,2.8473
1975,10,2,4,85,3.1130
1975,10,2,5,140,2.3194
1975,10,3,1,64,6.9330
1975,10,3,2,95,9.5955
1975,10,3,3,136,7.3507
1975,10,3,4,171,6.3971
1975,10,3,5,187,5.6715
1975,11,1,1,583,2.8429
1975,11,1,2,328,2.9663
1975,11,1,3,224,2.7991
1975,11,1,4,199,3.1646
1975,11,1,5,273,2.3790
1975,11,2,1,111,3.3590
1975,11,2,2,125,3.2448
1975,11,2,3,123,3.9684
1975,11,2,4,85,3.9146
1975,11,2,5,140,0.7830
1975,11,3,1,64,4.6285
1975,11,3,2,94,3.7633
1975,11,3,3,136,2.4771
1975,11,3,4,171,4.0883
1975,11,3,5,187,2.4654
1975,12,1,1,580,-1.4001
1975,12,1,2,326,-0.8977
1975,12,1,3,226,-1.1081
1975,12,1,4,198,-2.6435
1975,12,1,5,273,-0.9061
1975,12,2,1,111,-1.0959
1975,12,2,2,125,-0.8266
1975,12,2,3,123,-1.0294
1975,12,2,4,85,0.5863
1975,12,2,5,138,-3.2493
1975,12,3,1,64,-1.0672
1975,12,3,2,95,-4.8717
1975,12,3,3,136,-1.6874
1975,12,3,4,171,-0.4102
1975,12,3,5,187,-0.8969
1976,1,1,1,574,24.0461
1976,1,1,2,327,21.0258
1976,1,1,3,224,21.1533
1976,1,1,4,198,23.1672
1976,1,1,5,272,21.4051
1976,1,2,1,111,20.6702
1976,1,2,2,125,18.7758
1976,1,2,3,121,19.3881
1976,1,2,4,85,15.9111
1976,1,2,5,137,18.0556
1976,1,3,1,64,15.6381
1976,1,3,2,95,12.1451
1976,1,3,3,136,13.3984
1976,1,3,4,170,11.5026
1976,1,3,5,187,12.1784
1976,2,1,1,552,13.5544
1976,2,1,2,312,12.0430
1976,2,1,3,215,9.7450
1976,2,1,4,193,9.2518
1976,2,1,5,263,10.6133
1976,2,2,1,110,9.1377
1976,2,2,2,125,7.9201
1976,2,2,3,120,7.0507
1976,2,2,4,85,6.3618
1976,2,2,5,136,5.2909
1976,2,3,1,64,2.5715
1976,2,3,2,95,0.0664
1976,2,3,3,136,-0.5291
1976,2,3,4,171,-1.1970
1976,2,3,5,187,-0.4489
1976,3,1,1,575,2.8505
1976,3,1,2,323,1.3813
1976,3,1,3,225,1.0482
1976,3,1,4,194,1.6384
1976,3,1,5,269,0.6466
1976,3,2,1,111,2.8273
1976,3,2,2,125,2.3465
1976,3,2,3,120,1.2673
1976,3,2,4,85,2.1009
1976,3,2,5,136,0.4290
1976,3,3,1,64,1.3073
1976,3,3,2,95,3.3288
1976,3,3,3,135,1.7893
1976,3,3,4,170,4.2269
1976,3,3,5,187,2.1343
1976,4,1,1,562,-1.3415
1976,4,1,2,314,-1.8287
1976,4,1,3,221,-2.2701
1976,4,1,4,191,-0.7694
1976,4,1,5,262,-0.7040
1976,4,2,1,110,-2.1667
1976,4,2,2,124,-0.8180
1976,4,2,3,120,-1.0817
1976,4,2,4,84,0.0847
1976,4,2,5,136,-0.3578
1976,4,3,1,64,-1.1275
1976,4,3,2,95,-4.0523
1976,4,3,3,135,-0.9601
1976,4,3,4,170,-0.6253
1976,4,3,5,187,-0.2726
1976,5,1,1,570,-4.3681
1976,5,1,2,319,-3.1188
1976,5,1,3,221,-3.1506
1976,5,1,4,193,-2.2904
1976,5,1,5,266,-1.5529
1976,5,2,1,110,-1.8099
1976,5,2,2,124,-2.6786
1976,5,2,3,119,-1.5189
1976,5,2,4,83,-2.5706
1976,5,2,5,136,0.3821
1976,5,3,1,64,-0.0148
1976,5,3,2,95,-2.6063
1976,5,3,3,135,-1.3095
1976,5,3,4,170,-1.7158
1976,5,3,5,187,-0.5894
1976,6,1,1,567,2.0792
1976,6,1,2,317,3.3776
1976,6,1,3,221,2.6004
1976,6,1,4,194,3.1240
1976,6,1,5,266,3.8517
1976,6,2,1,110,5.2488
1976,6,2,2,123,3.9773
1976,6,2,3,120,5.8456
1976,6,2,4,83,5.0994
1976,6,2,5,136,4.2578
1976,6,3,1,63,5.5490
1976,6,3,2,95,5.1592
1976,6,3,3,135,5.6565
1976,6,3,4,170,3.2463
1976,6,3,5,185,4.2227
1976,7,1,1,730,-0.4667
1976,7,1,2,381,0.7406
1976,7,1,3,273,1.0099
1976,7,1,4,248,-0.7877
1976,7,1,5,254,-0.5207
1976,7,2,1,120,-0.4351
1976,7,2,2,105,0.5254
1976,7,2,3,104,0.4581
1976,7,2,4,107,-0.1414
1976,7,2,5,137,-0.1446
1976,7,3,1,58,-0.7993
1976,7,3,2,108,-1.2263
1976,7,3,3,133,-0.0211
1976,7,3,4,161,-0.9041
1976,7,3,5,184,-1.1608
1976,8,1,1,727,-2.8316
1976,8,1,2,379,-1.6397
1976,8,1,3,272,-1.1948
1976,8,1,4,248,-1.5897
1976,8,1,5,252,-2.0442
1976,8,2,1,120,-2.0748
1976,8,2,2,104,-2.8683
1976,8,2,3,103,-0.8880
1976,8,2,4,107,-1.1968
1976,8,2,5,137,-3.8268
1976,8,3,1,57,-0.9901
1976,8,3,2,108,0.5244
1976,8,3,3,133,0.3506
1976,8,3,4,161,-0.0198
1976,8,3,5,184,0.1030
1976,9,1,1,639,1.8240
1976,9,1,2,337,0.4003
1976,9,1,3,249,1.3693
1976,9,1,4,219,2.6412
1976,9,1,5,242,3.1605
1976,9,2,1,117,2.1617
1976,9,2,2,103,4.1361
1976,9,2,3,96,3.1791
1976,9,2,4,107,4.2021
1976,9,2,5,135,4.2618
1976,9,3,1,57,3.0065
1976,9,3,2,108,2.2132
1976,9,3,3,132,2.6228
1976,9,3,4,160,2.4486
1976,9,3,5,184,3.1039
1976,10,1,1,716,-2.9669
1976,10,1,2,378,-2.0091
1976,10,1,3,269,-1.4481
1976,10,1,4,247,-1.5886
1976,10,1,5,252,-2.5850
1976,10,2,1,118,-2.3912
1976,10,2,2,104,-2.6270
1976,10,2,3,100,-1.5110
1976,10,2,4,107,-2.3487
1976,10,2,5,137,-3.0580
1976,10,3,1,57,-3.9379
1976,10,3,2,108,-2.8729
1976,10,3,3,133,-3.1078
1976,10,3,4,161,-1.7201
1976,10,3,5,183,-1.5325
1976,11,1,1,711,3.2349
1976,11,1,2,371,2.5979
1976,11,1,3,269,3.1497
1976,11,1,4,246,2.4261
1976,11,1,5,251,3.7860
1976,11,2,1,117,5.0088
1976,11,2,2,101,4.3726
1976,11,2,3,99,3.0111
1976,11,2,4,106,4.2258
1976,11,2,5,137,3.3056
1976,11,3,1,57,2.6332
1976,11,3,2,108,0.3079
1976,11,3,3,132,1.9495
1976,11,3,4,161,0.2055
1976,11,3,5,183,0.0664
1976,12,1,1,716,10.0099
1976,12,1,2,374,11.1152
1976,12,1,3,269,9.3989
1976,12,1,4,243,8.3336
1976,12,1,5,252,9.2255
1976,12,2,1,118,10.3248
1976,12,2,2,104,9.3761
1976,12,2,3,100,9.0960
1976,12,2,4,106,9.5003
1976,12,2,5,136,7.9198
1976,12,3,1,57,7.3886
1976,12,3,2,108,6.3233
1976,12,3,3,133,4.8041
1976,12,3,4,161,5.8169
1976,12,3,5,183,4.5950
1977,1,1,1,714,3.6751
1977,1,1,2,373,4.3089
1977,1,1,3,267,4.3474
1977,1,1,4,241,4.1015
1977,1,1,5,249,5.4260
1977,1,2,1,116,1.8903
1977,1,2,2,103,-1.4917
1977,1,2,3,99,0.8424
1977,1,2,4,106,1.6254
1977,1,2,5,136,3.0484
1977,1,3,1,57,-0.5158
1977,1,3,2,108,-4.9639
1977,1,3,3,133,-4.8973
1977,1,3,4,161,-5.2441
1977,1,3,5,182,-3.8974
1977,2,1,1,701,-0.2662
1977,2,1,2,365,-0.3518
1977,2,1,3,265,-0.1295
1977,2,1,4,233,1.0447
1977,2,1,5,249,-0.9503
1977,2,2,1,115,-0.6053
1977,2,2,2,100,-0.5742
1977,2,2,3,99,-1.1882
1977,2,2,4,105,-0.4927
1977,2,2,5,132,-1.8251
1977,2,3,1,56,-3.5201
1977,2,3,2,107,-0.8330
1977,2,3,3,132,-2.3626
1977,2,3,4,161,-2.4562
1977,2,3,5,182,-0.9258
1977,3,1,1,709,1.6288
1977,3,1,2,367,1.1617
1977,3,1,3,265,0.3890
1977,3,1,4,240,0.0568
1977,3,1,5,250,0.8538
1977,3,2,1,115,0.8588
1977,3,2,2,101,-0.0275
1977,3,2,3,99,1.3590
1977,3,2,4,105,0.1245
1977,3,2,5,134,0.1648
1977,3,3,1,56,-0.6804
1977,3,3,2,108,-1.1794
1977,3,3,3,132,-0.8283
1977,3,3,4,160,-1.5906
1977,3,3,5,180,-1.4741
1977,4,1,1,703,2.0926
1977,4,1,2,366,1.9710
1977,4,1,3,261,1.0100
1977,4,1,4,239,1.8981
1977,4,1,5,250,2.1372
1977,4,2,1,115,1.3779
1977,4,2,2,101,1.5797
1977,4,2,3,99,1.9945
1977,4,2,4,105,1.0085
1977,4,2,5,134,1.3412
1977,4,3,1,56,1.6436
1977,4,3,2,107,1.3317
1977,4,3,3,130,0.2584
1977,4,3,4,160,-0.0260
1977,4,3,5,180,-0.3070
1977,5,1,1,702,-0.3016
1977,5,1,2,365,-0.1642
1977,5,1,3,259,1.9552
1977,5,1,4,239,1.2766
1977,5,1,5,250,-0.8114
1977,5,2,1,115,-1.1654
1977,5,2,2,101,-0.1676
1977,5,2,3,99,-0.8388
1977,5,2,4,105,0.4430
1977,5,2,5,134,1.2166
1977,5,3,1,56,-0.7047
1977,5,3,2,107,-1.6502
1977,5,3,3,131,-1.6088
1977,5,3,4,160,-1.4315
1977,5,3,5,180,-1.5327
1977,6,1,1,698,6.0073
1977,6,1,2,363,8.0790
1977,6,1,3,259,5.8157
1977,6,1,4,238,6.0714
1977,6,1,5,250,7.0650
1977,6,2,1,115,7.1085
1977,6,2,2,100,4.9379
1977,6,2,3,97,6.1759
1977,6,2,4,105,8.2514
1977,6,2,5,131,9.8229
1977,6,3,1,56,6.9959
1977,6,3,2,107,5.5371
1977,6,3,3,131,5.1855
1977,6,3,4,160,4.0388
1977,6,3,5,180,4.3603
1977,7,1,1,632,-0.0863
1977,7,1,2,387,0.7518
1977,7,1,3,320,0.3976
1977,7,1,4,242,-0.1752
1977,7,1,5,294,1.7243
1977,7,2,1,117,-1.3129
1977,7,2,2,95,0.5664
1977,7,2,3,106,-0.4528
1977,7,2,4,114,-0.4030
1977,7,2,5,117,-2.3940
1977,7,3,1,59,-2.0483
1977,7,3,2,97,-2.0485
1977,7,3,3,139,-1.3395
1977,7,3,4,161,-0.9639
1977,7,3,5,176,-1.7446
1977,8,1,1,626,-1.9409
1977,8,1,2,387,-0.9469
1977,8,1,3,318,-1.0715
1977,8,1,4,242,-0.1144
1977,8,1,5,294,0.7149
1977,8,2,1,116,-1.6298
1977,8,2,2,95,0.0338
1977,8,2,3,105,-1.0579
1977,8,2,4,113,-1.2310
1977,8,2,5,115,-0.9507
1977,8,3,1,59,0.7334
1977,8,3,2,96,-0.1221
1977,8,3,3,139,-0.1598
1977,8,3,4,161,-1.3106
1977,8,3,5,174,-2.4671
1977,9,1,1,621,1.5342
1977,9,1,2,384,1.7843
1977,9,1,3,318,-0.3773
1977,9,1,4,242,1.7017
1977,9,1,5,294,3.4716
1977,9,2,1,114,1.5181
1977,9,2,2,95,1.6874
1977,9,2,3,103,0.9129
1977,9,2,4,112,0.1236
1977,9,2,5,115,1.6129
1977,9,3,1,59,-1.6199
1977,9,3,2,95,-1.9901
1977,9,3,3,139,0.0635
1977,9,3,4,161,0.9232
1977,9,3,5,173,0.1146
1977,10,1,1,619,-2.5578
1977,10,1,2,381,-2.4196
1977,10,1,3,314,-1.1441
1977,10,1,4,242,-1.4010
1977,10,1,5,291,-3.1333
1977,10,2,1,114,-3.8474
1977,10,2,2,95,-2.0972
1977,10,2,3,103,-2.7456
1977,10,2,4,112,-1.9830
1977,10,2,5,115,-3.7184
1977,10,3,1,59,-3.2135
1977,10,3,2,95,-3.5798
1977,10,3,3,139,-3.7996
1977,10,3,4,160,-4.6479
1977,10,3,5,173,-4.0330
1977,11,1,1,611,9.9817
1977,11,1,2,381,7.9271
1977,11,1,3,313,7.2200
1977,11,1,4,241,6.8879
1977,11,1,5,291,8.3088
1977,11,2,1,111,8.9170
1977,11,2,2,95,7.9637
1977,11,2,3,103,8.0527
1977,11,2,4,112,8.4646
1977,11,2,5,114,7.8679
1977,11,3,1,59,6.8166
1977,11,3,2,94,5.2427
1977,11,3,3,138,4.2340
1977,11,3,4,160,3.6533
1977,11,3,5,173,3.2328
1977,12,1,1,611,1.6021
1977,12,1,2,382,2.1013
1977,12,1,3,311,1.8565
1977,12,1,4,242,3.4061
1977,12,1,5,291,6.0682
1977,12,2,1,111,1.6733
1977,12,2,2,95,1.8834
1977,12,2,3,103,0.8492
1977,12,2,4,112,0.7533
1977,12,2,5,113,2.7663
1977,12,3,1,59,-0.5007
1977,12,3,2,94,-0.0973
1977,12,3,3,139,0.3115
1977,12,3,4,160,-0.3410
1977,12,3,5,172,1.4286
1978,1,1,1,609,-1.6278
1978,1,1,2,380,-0.9176
1978,1,1,3,307,-1.0789
1978,1,1,4,239,-2.2791
1978,1,1,5,291,-1.5100
1978,1,2,1,111,-4.0817
1978,1,2,2,94,-3.1217
1978,1,2,3,103,-3.7995
1978,1,2,4,112,-5.4582
1978,1,2,5,112,-5.1090
1978,1,3,1,59,-6.6366
1978,1,3,2,93,-3.7443
1978,1,3,3,139,-5.8076
1978,1,3,4,160,-6.3064
1978,1,3,5,171,-5.7468
1978,2,1,1,601,3.2541
1978,2,1,2,376,4.7423
1978,2,1,3,303,3.2505
1978,2,1,4,238,1.9557
1978,2,1,5,289,3.4302
1978,2,2,1,111,2.1854
1978,2,2,2,93,1.8230
1978,2,2,3,103,1.4886
1978,2,2,4,109,2.6104
1978,2,2,5,112,0.3298
1978,2,3,1,59,-0.5670
1978,2,3,2,93,-0.4740
1978,2,3,3,138,-1.3876
1978,2,3,4,160,-1.6212
1978,2,3,5,171,-1.6562
1978,3,1,1,600,8.5864
1978,3,1,2,371,7.5178
1978,3,1,3,302,6.8402
1978,3,1,4,235,9.9664
1978,3,1,5,290,6.9507
1978,3,2,1,111,8.0837
1978,3,2,2,93,8.1879
1978,3,2,3,103,5.9625
1978,3,2,4,109,7.3058
1978,3,2,5,112,3.1324
1978,3,3,1,59,1.8523
1978,3,3,2,93,4.6766
1978,3,3,3,138,3.7018
1978,3,3,4,160,3.1931
1978,3,3,5,171,1.2406
1978,4,1,1,590,9.0284
1978,4,1,2,372,6.3651
1978,4,1,3,301,9.7867
1978,4,1,4,235,7.6068
1978,4,1,5,287,8.8793
1978,4,2,1,111,8.1627
1978,4,2,2,93,8.0994
1978,4,2,3,103,7.3314
1978,4,2,4,109,7.4416
1978,4,2,5,111,8.3376
1978,4,3,1,59,11.1928
1978,4,3,2,93,10.0981
1978,4,3,3,138,9.9057
1978,4,3,4,160,6.9551
1978,4,3,5,171,8.0158
1978,5,1,1,591,7.5368
1978,5,1,2,370,8.7724
1978,5,1,3,300,7.3505
1978,5,1,4,234,7.0224
1978,5,1,5,286,7.8426
1978,5,2,1,111,7.1870
1978,5,2,2,90,5.8732
1978,5,2,3,102,5.9851
1978,5,2,4,108,5.5923
1978,5,2,5,109,6.5193
1978,5,3,1,59,2.7428
1978,5,3,2,93,4.7471
1978,5,3,3,137,2.3185
1978,5,3,4,160,1.4946
1978,5,3,5,171,0.3951
1978,6,1,1,588,-0.7246
1978,6,1,2,365,0.1059
1978,6,1,3,299,0.7392
1978,6,1,4,233,1.5871
1978,6,1,5,283,0.4622
1978,6,2,1,110,-1.5206
1978,6,2,2,91,-1.3257
1978,6,2,3,102,-0.4889
1978,6,2,4,106,0.3473
1978,6,2,5,110,0.4381
1978,6,3,1,57,-2.0705
1978,6,3,2,92,-0.7184
1978,6,3,3,137,-0.5118
1978,6,3,4,159,-1.7695
1978,6,3,5,171,-1.6546
1978,7,1,1,683,4.5447
1978,7,1,2,318,7.1926
1978,7,1,3,248,3.2806
1978,7,1,4,237,6.0158
1978,7,1,5,301,6.8837
1978,7,2,1,110,7.8564
1978,7,2,2,104,6.2995
1978,7,2,3,97,4.9957
1978,7,2,4,105,6.8070
1978,7,2,5,143,6.4537
1978,7,3,1,68,7.1344
1978,7,3,2,103,6.6506
1978,7,3,3,131,6.3420
1978,7,3,4,144,4.0289
1978,7,3,5,173,5.8792
1978,8,1,1,676,9.9334
1978,8,1,2,315,8.5449
1978,8,1,3,243,8.1658
1978,8,1,4,235,9.2354
1978,8,1,5,300,8.9806
1978,8,2,1,108,10.9623
1978,8,2,2,103,7.0498
1978,8,2,3,97,9.4065
1978,8,2,4,105,8.0627
1978,8,2,5,143,7.1239
1978,8,3,1,68,2.8557
1978,8,3,2,103,1.8862
1978,8,3,3,130,3.3894
1978,8,3,4,144,3.1540
1978,8,3,5,173,4.4981
1978,9,1,1,670,-0.6679
1978,9,1,2,315,-0.0061
1978,9,1,3,243,-1.1235
1978,9,1,4,234,-0.4587
1978,9,1,5,297,0.1668
1978,9,2,1,109,-3.3076
1978,9,2,2,100,-1.0648
1978,9,2,3,96,-1.6307
1978,9,2,4,105,-1.5487
1978,9,2,5,141,-1.5865
1978,9,3,1,68,-2.6884
1978,9,3,2,101,-0.7113
1978,9,3,3,130,-1.6371
1978,9,3,4,142,-0.1158
1978,9,3,5,172,-0.6836
1978,10,1,1,666,-23.0612
1978,10,1,2,312,-23.3491
1978,10,1,3,244,-22.3206
1978,10,1,4,233,-22.1870
1978,10,1,5,294,-24.6902
1978,10,2,1,109,-20.6556
1978,10,2,2,99,-19.4456
1978,10,2,3,96,-20.1404
1978,10,2,4,104,-18.5857
1978,10,2,5,141,-22.5500
1978,10,3,1,68,-13.4222
1978,10,3,2,101,-10.1044
1978,10,3,3,130,-9.8883
1978,10,3,4,142,-7.7625
1978,10,3,5,173,-9.7171
1978,11,1,1,666,6.6105
1978,11,1,2,311,6.7692
1978,11,1,3,244,5.5235
1978,11,1,4,231,7.6466
1978,11,1,5,292,7.4343
1978,11,2,1,108,6.5065
1978,11,2,2,99,4.7974
1978,11,2,3,96,6.3002
1978,11,2,4,103,8.8618
1978,11,2,5,141,9.7127
1978,11,3,1,68,4.1282
1978,11,3,2,101,2.4354
1978,11,3,3,129,3.7076
1978,11,3,4,142,2.1019
1978,11,3,5,173,3.5309
1978,12,1,1,659,0.7674
1978,12,1,2,311,0.8549
1978,12,1,3,242,1.6721
1978,12,1,4,231,2.1398
1978,12,1,5,290,3.9469
1978,12,2,1,108,3.2855
1978,12,2,2,99,2.2265
1978,12,2,3,95,0.8834
1978,12,2,4,103,1.6739
1978,12,2,5,140,3.4140
1978,12,3,1,68,-0.0909
1978,12,3,2,101,2.0379
1978,12,3,3,129,1.2405
1978,12,3,4,141,0.3326
1978,12,3,5,172,3.3387
1979,1,1,1,657,11.5497
1979,1,1,2,308,11.8828
1979,1,1,3,242,9.9232
1979,1,1,4,229,8.5332
1979,1,1,5,287,8.0808
1979,1,2,1,107,7.8888
1979,1,2,2,99,8.3253
1979,1,2,3,95,9.1441
1979,1,2,4,103,7.5168
1979,1,2,5,138,7.1781
1979,1,3,1,68,6.5196
1979,1,3,2,101,3.9170
1979,1,3,3,129,3.9381
1979,1,3,4,141,4.8941
1979,1,3,5,172,4.2718
1979,2,1,1,652,-3.1066
1979,2,1,2,306,-1.8771
1979,2,1,3,238,-2.3081
1979,2,1,4,228,-2.0822
1979,2,1,5,285,-3.5376
1979,2,2,1,105,-3.5904
1979,2,2,2,99,-3.4164
1979,2,2,3,94,-1.7819
1979,2,2,4,100,-2.4550
1979,2,2,5,136,-2.9122
1979,2,3,1,68,-4.0727
1979,2,3,2,100,-4.6781
1979,2,3,3,129,-3.0529
1979,2,3,4,140,-2.6476
1979,2,3,5,171,-1.7336
1979,3,1,1,648,7.8567
1979,3,1,2,306,9.0640
1979,3,1,3,237,7.8991
1979,3,1,4,228,8.3050
1979,3,1,5,282,11.4662
1979,3,2,1,104,9.6277
1979,3,2,2,99,9.0337
1979,3,2,3,94,10.7692
1979,3,2,4,98,10.5340
1979,3,2,5,134,11.2260
1979,3,3,1,67,7.0660
1979,3,3,2,98,5.8038
1979,3,3,3,129,5.2962
1979,3,3,4,140,4.2385
1979,3,3,5,171,7.0233
1979,4,1,1,645,2.8204
1979,4,1,2,303,3.3723
1979,4,1,3,235,0.6275
1979,4,1,4,228,3.7107
1979,4,1,5,280,2.6621
1979,4,2,1,104,2.2205
1979,4,2,2,99,2.7142
1979,4,2,3,94,2.3091
1979,4,2,4,98,1.7132
1979,4,2,5,133,2.6871
1979,4,3,1,67,-0.5791
1979,4,3,2,99,1.1143
1979,4,3,3,129,1.1121
1979,4,3,4,140,-1.3408
1979,4,3,5,171,0.8909
1979,5,1,1,640,-0.8325
1979,5,1,2,300,-2.0035
1979,5,1,3,234,-1.7017
1979,5,1,4,228,-0.2417
1979,5,1,5,279,-2.4408
1979,5,2,1,103,-2.4729
1979,5,2,2,99,-0.3953
1979,5,2,3,93,-1.1078
1979,5,2,4,98,-1.9986
1979,5,2,5,131,-0.8207
1979,5,3,1,67,-2.4466
1979,5,3,2,99,-2.0894
1979,5,3,3,129,-3.0535
1979,5,3,4,140,-0.4745
1979,5,3,5,171,-1.3283
1979,6,1,1,636,3.9732
1979,6,1,2,298,6.7562
1979,6,1,3,233,4.3786
1979,6,1,4,228,4.7294
1979,6,1,5,277,6.7763
1979,6,2,1,103,5.0022
1979,6,2,2,98,4.1267
1979,6,2,3,93,5.4713
1979,6,2,4,98,4.4414
1979,6,2,5,130,6.8712
1979,6,3,1,66,4.1855
1979,6,3,2,98,3.5328
1979,6,3,3,129,4.2311
1979,6,3,4,140,3.2218
1979,6,3,5,171,4.0592
1979,7,1,1,667,3.2983
1979,7,1,2,308,2.9589
1979,7,1,3,237,2.3062
1979,7,1,4,198,1.4344
1979,7,1,5,277,2.4868
1979,7,2,1,99,2.6128
1979,7,2,2,93,2.5659
1979,7,2,3,92,2.9603
1979,7,2,4,100,3.9071
1979,7,2,5,159,2.1433
1979,7,3,1,68,2.5402
1979,7,3,2,112,1.0895
1979,7,3,3,127,2.4118
1979,7,3,4,152,1.1955
1979,7,3,5,151,0.3062
1979,8,1,1,663,6.6841
1979,8,1,2,308,9.1057
1979,8,1,3,235,8.0836
1979,8,1,4,197,8.2900
1979,8,1,5,274,9.6055
1979,8,2,1,98,8.7687
1979,8,2,2,92,9.3086
1979,8,2,3,90,8.3373
1979,8,2,4,100,7.7436
1979,8,2,5,157,8.0309
1979,8,3,1,68,7.2286
1979,8,3,2,112,6.8152
1979,8,3,3,126,6.7107
1979,8,3,4,151,5.4869
1979,8,3,5,151,5.7644
1979,9,1,1,655,-0.7041
1979,9,1,2,307,-0.8116
1979,9,1,3,232,-0.5998
1979,9,1,4,197,-1.0492
1979,9,1,5,271,-0.6583
1979,9,2,1,98,-0.1109
1979,9,2,2,93,0.0125
1979,9,2,3,89,-0.9296
1979,9,2,4,99,-0.5954
1979,9,2,5,157,2.3220
1979,9,3,1,67,-0.9195
1979,9,3,2,111,-1.6638
1979,9,3,3,126,-0.6202
1979,9,3,4,151,1.3736
1979,9,3,5,151,-0.0847
1979,10,1,1,653,-10.7108
1979,10,1,2,301,-9.7330
1979,10,1,3,230,-10.2334
1979,10,1,4,197,-10.9360
1979,10,1,5,272,-10.5945
1979,10,2,1,98,-11.2483
1979,10,2,2,92,-8.9180
1979,10,2,3,89,-11.1026
1979,10,2,4,99,-8.9216
1979,10,2,5,155,-9.5070
1979,10,3,1,67,-7.2684
1979,10,3,2,110,-7.4183
1979,10,3,3,126,-7.6634
1979,10,3,4,151,-5.0316
1979,10,3,5,151,-7.1238
1979,11,1,1,652,7.4977
1979,11,1,2,301,7.6916
1979,11,1,3,230,7.6727
1979,11,1,4,195,7.8605
1979,11,1,5,271,9.5208
1979,11,2,1,98,7.5700
1979,11,2,2,92,7.0419
1979,11,2,3,89,8.3834
1979,11,2,4,99,7.8127
1979,11,2,5,156,10.8091
1979,11,3,1,67,7.9232
1979,11,3,2,110,4.0068
1979,11,3,3,126,6.6270
1979,11,3,4,151,4.6628
1979,11,3,5,151,7.4253
1979,12,1,1,647,8.7280
1979,12,1,2,301,6.9668
1979,12,1,3,228,7.3924
1979,12,1,4,194,7.5662
1979,12,1,5,268,8.0884
1979,12,2,1,98,6.6960
1979,12,2,2,92,5.3904
1979,12,2,3,89,4.7529
1979,12,2,4,98,6.0095
1979,12,2,5,155,6.5283
1979,12,3,1,67,4.1272
1979,12,3,2,110,3.6411
1979,12,3,3,126,2.9580
1979,12,3,4,149,1.0347
1979,12,3,5,151,2.1913
1980,1,1,1,639,11.1512
1980,1,1,2,298,10.0706
1980,1,1,3,228,10.7212
1980,1,1,4,193,9.9276
1980,1,1,5,266,11.0396
1980,1,2,1,98,7.2317
1980,1,2,2,90,7.5962
1980,1,2,3,88,5.4832
1980,1,2,4,97,7.9530
1980,1,2,5,154,7.7815
1980,1,3,1,67,5.4529
1980,1,3,2,108,3.9221
1980,1,3,3,126,5.2231
1980,1,3,4,149,6.3831
1980,1,3,5,151,8.9442
1980,2,1,1,630,-2.1451
1980,2,1,2,295,-1.3805
1980,2,1,3,224,-1.3938
1980,2,1,4,191,-0.0170
1980,2,1,5,263,0.5538
1980,2,2,1,97,-2.7750
1980,2,2,2,90,-3.3920
1980,2,2,3,88,-2.3647
1980,2,2,4,97,-2.9586
1980,2,2,5,152,0.3703
1980,2,3,1,65,-2.5279
1980,2,3,2,108,-4.6336
1980,2,3,3,126,-3.6228
1980,2,3,4,147,5.1567
1980,2,3,5,150,-1.2531
1980,3,1,1,626,-18.7802
1980,3,1,2,293,-17.8518
1980,3,1,3,223,-18.4459
1980,3,1,4,191,-19.5114
1980,3,1,5,263,-20.9136
1980,3,2,1,97,-16.8067
1980,3,2,2,89,-16.5343
1980,3,2,3,88,-16.0587
1980,3,2,4,95,-16.0081
1980,3,2,5,152,-20.8613
1980,3,3,1,64,-10.4780
1980,3,3,2,108,-5.9685
1980,3,3,3,126,-9.8061
1980,3,3,4,147,-11.8216
1980,3,3,5,150,-12.9765
1980,4,1,1,616,5.6920
1980,4,1,2,292,6.1497
1980,4,1,3,224,9.5855
1980,4,1,4,191,6.3781
1980,4,1,5,262,5.5387
1980,4,2,1,97,5.7138
1980,4,2,2,89,5.4984
1980,4,2,3,88,5.7341
1980,4,2,4,95,5.2780
1980,4,2,5,152,6.4171
1980,4,3,1,62,2.7726
1980,4,3,2,108,3.7975
1980,4,3,3,126,4.4195
1980,4,3,4,147,5.7905
1980,4,3,5,150,5.3468
1980,5,1,1,616,5.9341
1980,5,1,2,291,6.5025
1980,5,1,3,224,6.0464
1980,5,1,4,191,8.7619
1980,5,1,5,261,7.0213
1980,5,2,1,97,7.5212
1980,5,2,2,88,7.3983
1980,5,2,3,88,8.0883
1980,5,2,4,94,7.1661
1980,5,2,5,149,10.8474
1980,5,3,1,63,8.3785
1980,5,3,2,108,6.6380
1980,5,3,3,126,7.0537
1980,5,3,4,147,3.9309
1980,5,3,5,150,4.9814
1980,6,1,1,611,4.7811
1980,6,1,2,288,2.9479
1980,6,1,3,223,4.6808
1980,6,1,4,190,4.9258
1980,6,1,5,260,4.4735
1980,6,2,1,95,3.6742
1980,6,2,2,87,4.0101
1980,6,2,3,88,2.8515
1980,6,2,4,94,3.3436
1980,6,2,5,150,6.0115
1980,6,3,1,63,1.9020
1980,6,3,2,107,2.3691
1980,6,3,3,126,2.5412
1980,6,3,4,147,2.2975
1980,6,3,5,150,5.8968
1980,7,1,1,642,10.3592
1980,7,1,2,285,10.8455
1980,7,1,3,205,10.1917
1980,7,1,4,193,11.3714
1980,7,1,5,257,9.8935
1980,7,2,1,114,9.8308
1980,7,2,2,108,10.5427
1980,7,2,3,91,10.1423
1980,7,2,4,99,10.2000
1980,7,2,5,154,12.5761
1980,7,3,1,67,9.0980
1980,7,3,2,115,7.5497
1980,7,3,3,127,7.9659
1980,7,3,4,140,4.1951
1980,7,3,5,145,7.8406
1980,8,1,1,642,7.9192
1980,8,1,2,283,9.2277
1980,8,1,3,205,6.6043
1980,8,1,4,192,8.4691
1980,8,1,5,257,10.8714
1980,8,2,1,113,5.2886
1980,8,2,2,108,6.1166
1980,8,2,3,91,5.1560
1980,8,2,4,98,5.6809
1980,8,2,5,153,6.8721
1980,8,3,1,67,3.9727
1980,8,3,2,115,1.2912
1980,8,3,3,127,1.2242
1980,8,3,4,140,1.3456
1980,8,3,5,145,1.8443
1980,9,1,1,637,2.6235
1980,9,1,2,283,3.6949
1980,9,1,3,203,3.3388
1980,9,1,4,191,5.2327
1980,9,1,5,257,2.1901
1980,9,2,1,113,2.5718
1980,9,2,2,108,3.6231
1980,9,2,3,90,3.6934
1980,9,2,4,95,4.4925
1980,9,2,5,154,3.2154
1980,9,3,1,67,2.9450
1980,9,3,2,115,3.7289
1980,9,3,3,127,2.6278
1980,9,3,4,140,1.1703
1980,9,3,5,144,4.9023
1980,10,1,1,633,5.0700
1980,10,1,2,280,3.6719
1980,10,1,3,201,4.2064
1980,10,1,4,189,6.0556
1980,10,1,5,254,6.0325
1980,10,2,1,112,3.4539
1980,10,2,2,107,2.9403
1980,10,2,3,89,1.8697
1980,10,2,4,94,1.5236
1980,10,2,5,153,7.1032
1980,10,3,1,65,-1.2773
1980,10,3,2,115,3.2807
1980,10,3,3,127,2.0236
1980,10,3,4,140,1.4686
1980,10,3,5,144,2.7404
1980,11,1,1,631,4.8405
1980,11,1,2,280,4.6868
1980,11,1,3,200,7.4169
1980,11,1,4,190,6.6950
1980,11,1,5,254,11.8395
1980,11,2,1,112,10.3762
1980,11,2,2,107,4.1569
1980,11,2,3,89,7.2005
1980,11,2,4,94,8.1141
1980,11,2,5,151,10.4601
1980,11,3,1,64,9.4754
1980,11,3,2,115,15.7332
1980,11,3,3,127,6.7647
1980,11,3,4,140,10.1938
1980,11,3,5,144,13.5231
1980,12,1,1,623,-4.1614
1980,12,1,2,280,-4.1470
1980,12,1,3,197,-4.4418
1980,12,1,4,189,-4.9833
1980,12,1,5,253,-7.6773
1980,12,2,1,110,-2.4096
1980,12,2,2,107,-4.1661
1980,12,2,3,89,-2.2157
1980,12,2,4,93,-4.0083
1980,12,2,5,150,-4.2042
1980,12,3,1,63,-0.9050
1980,12,3,2,115,-4.4148
1980,12,3,3,127,-2.7770
1980,12,3,4,140,-2.9676
1980,12,3,5,144,-5.2985
1981,1,1,1,623,0.9018
1981,1,1,2,279,1.2980
1981,1,1,3,198,-1.3226
1981,1,1,4,187,-1.4554
1981,1,1,5,250,-1.1265
1981,1,2,1,110,-0.3673
1981,1,2,2,107,-0.1795
1981,1,2,3,88,-1.5806
1981,1,2,4,93,-0.0171
1981,1,2,5,149,-2.6357
1981,1,3,1,63,-3.8797
1981,1,3,2,115,-6.1676
1981,1,3,3,127,-1.2719
1981,1,3,4,139,-3.4893
1981,1,3,5,143,-7.1003
1981,2,1,1,616,0.4015
1981,2,1,2,277,-0.9804
1981,2,1,3,195,0.7097
1981,2,1,4,185,0.3424
1981,2,1,5,247,-0.4078
1981,2,2,1,111,2.7154
1981,2,2,2,106,2.0734
1981,2,2,3,88,1.8693
1981,2,2,4,92,1.4958
1981,2,2,5,149,1.5707
1981,2,3,1,63,1.2379
1981,2,3,2,114,1.8998
1981,2,3,3,127,5.5888
1981,2,3,4,139,1.0943
1981,2,3,5,143,1.3613
1981,3,1,1,610,9.2272
1981,3,1,2,276,7.9723
1981,3,1,3,193,8.2987
1981,3,1,4,184,8.0784
1981,3,1,5,243,8.0045
1981,3,2,1,111,8.9959
1981,3,2,2,105,5.0151
1981,3,2,3,88,7.3853
1981,3,2,4,91,8.4346
1981,3,2,5,147,7.4593
1981,3,3,1,63,12.4830
1981,3,3,2,114,4.5898
1981,3,3,3,127,4.2472
1981,3,3,4,137,2.2844
1981,3,3,5,143,3.6859
1981,4,1,1,609,4.2077
1981,4,1,2,277,6.2782
1981,4,1,3,192,3.7801
1981,4,1,4,183,3.9399
1981,4,1,5,240,2.9135
1981,4,2,1,109,1.7818
1981,4,2,2,104,2.7145
1981,4,2,3,88,0.3814
1981,4,2,4,91,3.5116
1981,4,2,5,145,1.2037
1981,4,3,1,62,-0.0182
1981,4,3,2,114,-0.4850
1981,4,3,3,126,-2.0058
1981,4,3,4,138,-1.4346
1981,4,3,5,142,-5.2776
1981,5,1,1,601,3.9568
1981,5,1,2,277,3.6032
1981,5,1,3,190,2.5441
1981,5,1,4,182,5.0801
1981,5,1,5,239,5.3757
1981,5,2,1,109,2.0311
1981,5,2,2,104,2.5086
1981,5,2,3,88,3.3628
1981,5,2,4,90,2.6787
1981,5,2,5,145,4.7775
1981,5,3,1,62,0.8191
1981,5,3,2,114,-1.1054
1981,5,3,3,126,0.7665
1981,5,3,4,137,0.2134
1981,5,3,5,140,0.6165
1981,6,1,1,598,-0.4789
1981,6,1,2,276,-0.8341
1981,6,1,3,190,-3.8055
1981,6,1,4,181,-1.0275
1981,6,1,5,239,-2.7661
1981,6,2,1,109,-1.8182
1981,6,2,2,103,-0.5927
1981,6,2,3,88,-0.4489
1981,6,2,4,88,-3.4496
1981,6,2,5,143,-4.5424
1981,6,3,1,61,-4.0394
1981,6,3,2,114,-1.9144
1981,6,3,3,126,0.1354
1981,6,3,4,136,0.6820
1981,6,3,5,140,-0.5227
1981,7,1,1,662,-2.5869
1981,7,1,2,281,-3.4139
1981,7,1,3,237,-4.1134
1981,7,1,4,186,-2.0096
1981,7,1,5,257,-3.0957
1981,7,2,1,98,-1.9629
1981,7,2,2,97,-2.4317
1981,7,2,3,83,-2.1823
1981,7,2,4,97,-1.6148
1981,7,2,5,150,-1.1778
1981,7,3,1,59,-1.9405
1981,7,3,2,93,0.8472
1981,7,3,3,119,-0.9769
1981,7,3,4,142,-0.8245
1981,7,3,5,162,4.1883
1981,8,1,1,654,-8.6312
1981,8,1,2,281,-8.4612
1981,8,1,3,237,-6.8772
1981,8,1,4,185,-8.4977
1981,8,1,5,257,-9.8952
1981,8,2,1,97,-8.1365
1981,8,2,2,97,-7.2416
1981,8,2,3,83,-5.9864
1981,8,2,4,96,-5.9261
1981,8,2,5,148,-8.1817
1981,8,3,1,59,-7.5104
1981,8,3,2,91,-3.3951
1981,8,3,3,119,-5.0686
1981,8,3,4,142,-5.0265
1981,8,3,5,162,-6.1875
1981,9,1,1,650,-8.0118
1981,9,1,2,277,-7.3424
1981,9,1,3,235,-8.5170
1981,9,1,4,184,-8.2656
1981,9,1,5,254,-12.4155
1981,9,2,1,97,-7.7862
1981,9,2,2,97,-6.5969
1981,9,2,3,83,-5.5214
1981,9,2,4,96,-7.1111
1981,9,2,5,148,-9.8786
1981,9,3,1,58,-3.0183
1981,9,3,2,91,-6.0418
1981,9,3,3,119,-4.3886
1981,9,3,4,140,-3.6675
1981,9,3,5,160,-9.0319
1981,10,1,1,635,8.6790
1981,10,1,2,276,7.2506
1981,10,1,3,232,8.5935
1981,10,1,4,184,6.8131
1981,10,1,5,251,8.7887
1981,10,2,1,97,11.0611
1981,10,2,2,97,4.8916
1981,10,2,3,81,6.5165
1981,10,2,4,96,7.0315
1981,10,2,5,148,8.2388
1981,10,3,1,58,7.0630
1981,10,3,2,91,6.9396
1981,10,3,3,119,4.8801
1981,10,3,4,140,4.2364
1981,10,3,5,159,8.1677
1981,11,1,1,635,2.1139
1981,11,1,2,274,2.4199
1981,11,1,3,234,1.7283
1981,11,1,4,184,1.0655
1981,11,1,5,251,0.6543
1981,11,2,1,96,1.8947
1981,11,2,2,96,2.8552
1981,11,2,3,81,2.8663
1981,11,2,4,96,5.3157
1981,11,2,5,148,2.3544
1981,11,3,1,58,3.9271
1981,11,3,2,91,4.2260
1981,11,3,3,118,4.4117
1981,11,3,4,140,3.5315
1981,11,3,5,158,5.4369
1981,12,1,1,631,-1.5312
1981,12,1,2,274,-1.3261
1981,12,1,3,232,1.1934
1981,12,1,4,183,-2.2771
1981,12,1,5,252,-4.2550
1981,12,2,1,95,-0.5143
1981,12,2,2,96,1.3015
1981,12,2,3,81,-0.8882
1981,12,2,4,95,-2.1438
1981,12,2,5,148,-2.7735
1981,12,3,1,58,-1.2176
1981,12,3,2,91,-2.2925
1981,12,3,3,119,-3.4221
1981,12,3,4,140,-2.2374
1981,12,3,5,156,-3.5008
1982,1,1,1,626,-0.3136
1982,1,1,2,273,-0.0697
1982,1,1,3,231,-2.8869
1982,1,1,4,182,-1.2411
1982,1,1,5,250,-4.5215
1982,1,2,1,94,-5.1389
1982,1,2,2,96,-2.1919
1982,1,2,3,81,-1.3037
1982,1,2,4,94,-3.1352
1982,1,2,5,148,-5.4707
1982,1,3,1,58,-0.5666
1982,1,3,2,90,-2.7512
1982,1,3,3,119,-1.5228
1982,1,3,4,140,-1.5110
1982,1,3,5,155,-3.9588
1982,2,1,1,622,-3.2000
1982,2,1,2,272,-2.9286
1982,2,1,3,231,-3.3338
1982,2,1,4,181,-3.6944
1982,2,1,5,247,-6.3774
1982,2,2,1,94,-4.1910
1982,2,2,2,96,-2.7274
1982,2,2,3,81,-2.8074
1982,2,2,4,92,-5.1560
1982,2,2,5,148,-7.2752
1982,2,3,1,57,-2.6788
1982,2,3,2,90,-3.8420
1982,2,3,3,119,-2.6123
1982,2,3,4,139,-4.1787
1982,2,3,5,155,-8.5991
1982,3,1,1,618,-0.5372
1982,3,1,2,270,-1.2312
1982,3,1,3,231,-1.1995
1982,3,1,4,180,0.1570
1982,3,1,5,245,-0.8193
1982,3,2,1,94,-0.5086
1982,3,2,2,95,0.9122
1982,3,2,3,81,1.8104
1982,3,2,4,91,-0.8404
1982,3,2,5,148,-2.2634
1982,3,3,1,57,-1.5027
1982,3,3,2,90,-1.8898
1982,3,3,3,119,-0.2204
1982,3,3,4,139,0.7637
1982,3,3,5,155,-1.5730
1982,4,1,1,613,5.0496
1982,4,1,2,266,6.0356
1982,4,1,3,231,5.4710
1982,4,1,4,180,6.8351
1982,4,1,5,242,8.2553
1982,4,2,1,94,7.0456
1982,4,2,2,94,6.0924
1982,4,2,3,81,5.4668
1982,4,2,4,91,4.8271
1982,4,2,5,144,6.2775
1982,4,3,1,57,4.7686
1982,4,3,2,90,4.3448
1982,4,3,3,118,4.5233
1982,4,3,4,138,2.0797
1982,4,3,5,154,6.6605
1982,5,1,1,610,-2.6122
1982,5,1,2,264,-0.1561
1982,5,1,3,228,-3.4194
1982,5,1,4,178,0.0040
1982,5,1,5,241,0.3094
1982,5,2,1,93,-2.2822
1982,5,2,2,94,-5.1241
1982,5,2,3,81,-3.1606
1982,5,2,4,91,-0.0255
1982,5,2,5,145,-3.8558
1982,5,3,1,57,-6.4944
1982,5,3,2,89,-1.7773
1982,5,3,3,118,-3.0766
1982,5,3,4,138,-2.0812
1982,5,3,5,152,-1.6657
1982,6,1,1,602,-1.7631
1982,6,1,2,263,-0.8065
1982,6,1,3,227,-3.6696
1982,6,1,4,175,-2.3420
1982,6,1,5,241,-2.6405
1982,6,2,1,92,-2.5582
1982,6,2,2,94,-1.8537
1982,6,2,3,81,0.0672
1982,6,2,4,91,-1.3686
1982,6,2,5,145,-2.0679
1982,6,3,1,57,-0.2054
1982,6,3,2,89,-2.0694
1982,6,3,3,118,-0.2388
1982,6,3,4,137,-2.1371
1982,6,3,5,153,-3.0339
1982,7,1,1,590,-0.5365
1982,7,1,2,300,-0.3495
1982,7,1,3,235,-0.3892
1982,7,1,4,184,-0.5243
1982,7,1,5,312,-5.4807
1982,7,2,1,99,-1.3971
1982,7,2,2,84,0.2042
1982,7,2,3,102,-1.0138
1982,7,2,4,87,-1.2563
1982,7,2,5,113,-3.8336
1982,7,3,1,54,-0.6786
1982,7,3,2,81,-1.2637
1982,7,3,3,118,-1.1410
1982,7,3,4,142,-0.7270
1982,7,3,5,141,-4.4037
1982,8,1,1,580,4.7372
1982,8,1,2,299,6.4521
1982,8,1,3,234,6.8459
1982,8,1,4,180,7.5945
1982,8,1,5,308,6.7506
1982,8,2,1,98,11.6557
1982,8,2,2,82,8.9795
1982,8,2,3,102,8.8432
1982,8,2,4,87,8.5157
1982,8,2,5,113,10.0690
1982,8,3,1,54,13.5857
1982,8,3,2,81,12.4470
1982,8,3,3,118,12.4193
1982,8,3,4,141,13.1807
1982,8,3,5,139,12.2658
1982,9,1,1,581,5.0587
1982,9,1,2,297,3.6472
1982,9,1,3,235,4.7219
1982,9,1,4,181,3.4721
1982,9,1,5,310,-0.2902
1982,9,2,1,98,2.6401
1982,9,2,2,82,3.5329
1982,9,2,3,101,6.3401
1982,9,2,4,87,3.4532
1982,9,2,5,113,0.1891
1982,9,3,1,53,1.7285
1982,9,3,2,80,0.5173
1982,9,3,3,118,1.5793
1982,9,3,4,141,-0.1997
1982,9,3,5,140,2.4587
1982,10,1,1,574,11.3674
1982,10,1,2,296,14.5056
1982,10,1,3,232,14.0495
1982,10,1,4,179,14.4534
1982,10,1,5,307,13.7394
1982,10,2,1,96,10.9992
1982,10,2,2,79,12.9659
1982,10,2,3,100,12.6007
1982,10,2,4,87,12.6119
1982,10,2,5,113,14.7160
1982,10,3,1,53,13.5372
1982,10,3,2,80,12.2059
1982,10,3,3,117,10.7099
1982,10,3,4,141,9.8107
1982,10,3,5,140,9.7813
1982,11,1,1,570,11.3226
1982,11,1,2,296,9.6466
1982,11,1,3,230,11.0640
1982,11,1,4,178,9.2003
1982,11,1,5,305,6.1717
1982,11,2,1,96,12.4491
1982,11,2,2,79,9.0221
1982,11,2,3,100,7.9676
1982,11,2,4,86,8.0452
1982,11,2,5,112,5.4156
1982,11,3,1,53,7.3032
1982,11,3,2,79,5.0401
1982,11,3,3,117,4.8302
1982,11,3,4,141,5.3654
1982,11,3,5,140,2.4543
1982,12,1,1,565,3.1769
1982,12,1,2,296,1.6775
1982,12,1,3,228,2.1741
1982,12,1,4,176,1.2471
1982,12,1,5,305,2.5735
1982,12,2,1,95,-0.1382
1982,12,2,2,79,3.3528
1982,12,2,3,100,2.3947
1982,12,2,4,86,0.8599
1982,12,2,5,112,1.5792
1982,12,3,1,53,-0.5651
1982,12,3,2,79,0.2604
1982,12,3,3,117,0.8898
1982,12,3,4,141,-0.1235
1982,12,3,5,139,4.5701
1983,1,1,1,560,10.6499
1983,1,1,2,294,8.9463
1983,1,1,3,228,7.9482
1983,1,1,4,175,7.2522
1983,1,1,5,305,11.5307
1983,1,2,1,94,6.1987
1983,1,2,2,78,6.0798
1983,1,2,3,100,4.8597
1983,1,2,4,85,6.0887
1983,1,2,5,112,7.7845
1983,1,3,1,53,1.7198
1983,1,3,2,78,3.1238
1983,1,3,3,117,4.3676
1983,1,3,4,140,5.6368
1983,1,3,5,139,4.4528
1983,2,1,1,551,8.3786
1983,2,1,2,291,6.0011
1983,2,1,3,225,6.5834
1983,2,1,4,171,7.4530
1983,2,1,5,302,1.1825
1983,2,2,1,94,8.1010
1983,2,2,2,77,4.5854
1983,2,2,3,98,6.8839
1983,2,2,4,86,6.4303
1983,2,2,5,110,1.5635
1983,2,3,1,52,5.2798
1983,2,3,2,78,5.0649
1983,2,3,3,116,3.4567
1983,2,3,4,140,2.1272
1983,2,3,5,139,1.3420
1983,3,1,1,549,6.3724
1983,3,1,2,290,6.9964
1983,3,1,3,224,5.3052
1983,3,1,4,170,3.7010
1983,3,1,5,297,2.8314
1983,3,2,1,94,6.8604
1983,3,2,2,77,5.0386
1983,3,2,3,98,4.4654
1983,3,2,4,85,0.9887
1983,3,2,5,110,0.6453
1983,3,3,1,52,5.7085
1983,3,3,2,78,5.2495
1983,3,3,3,116,2.9343
1983,3,3,4,140,0.6409
1983,3,3,5,139,3.7402
1983,4,1,1,546,8.3627
1983,4,1,2,289,6.5707
1983,4,1,3,224,9.1182
1983,4,1,4,167,7.1183
1983,4,1,5,296,6.0680
1983,4,2,1,93,9.3711
1983,4,2,2,77,5.8002
1983,4,2,3,98,6.8227
1983,4,2,4,85,6.4519
1983,4,2,5,110,6.5938
1983,4,3,1,52,6.7974
1983,4,3,2,78,6.5159
1983,4,3,3,115,7.1251
1983,4,3,4,140,4.4032
1983,4,3,5,138,9.2720
1983,5,1,1,542,8.7480
1983,5,1,2,289,9.8356
1983,5,1,3,223,11.1297
1983,5,1,4,167,11.1524
1983,5,1,5,293,13.8214
1983,5,2,1,93,4.1324
1983,5,2,2,77,5.5263
1983,5,2,3,98,3.7516
1983,5,2,4,86,5.0184
1983,5,2,5,110,8.7919
1983,5,3,1,52,-2.5383
1983,5,3,2,78,0.3917
1983,5,3,3,115,-1.1976
1983,5,3,4,140,-0.3253
1983,5,3,5,138,1.2234
1983,6,1,1,540,5.8994
1983,6,1,2,286,4.0831
1983,6,1,3,222,4.1698
1983,6,1,4,167,5.1514
1983,6,1,5,292,3.3275
1983,6,2,1,92,6.4212
1983,6,2,2,77,5.3490
1983,6,2,3,97,6.0186
1983,6,2,4,86,5.2861
1983,6,2,5,110,5.2653
1983,6,3,1,52,3.5491
1983,6,3,2,78,4.0169
1983,6,3,3,114,3.5123
1983,6,3,4,140,2.0691
1983,6,3,5,138,6.4259
1983,7,1,1,575,-2.2151
1983,7,1,2,347,-2.5031
1983,7,1,3,269,-1.8070
1983,7,1,4,191,-2.1870
1983,7,1,5,405,-3.0964
1983,7,2,1,100,-4.6677
1983,7,2,2,122,-1.6532
1983,7,2,3,80,-2.0546
1983,7,2,4,74,-3.3106
1983,7,2,5,118,-2.6421
1983,7,3,1,69,-2.6033
1983,7,3,2,64,-2.4981
1983,7,3,3,113,-3.9516
1983,7,3,4,154,-3.0823
1983,7,3,5,144,-4.6515
1983,8,1,1,571,-4.1508
1983,8,1,2,347,-2.9141
1983,8,1,3,266,-3.8275
1983,8,1,4,190,-4.9821
1983,8,1,5,403,-3.3839
1983,8,2,1,99,-4.9756
1983,8,2,2,122,-4.8987
1983,8,2,3,80,-1.6400
1983,8,2,4,74,-3.5165
1983,8,2,5,118,-2.2745
1983,8,3,1,68,-2.7545
1983,8,3,2,64,-0.4955
1983,8,3,3,113,0.8875
1983,8,3,4,154,2.7810
1983,8,3,5,144,1.3062
1983,9,1,1,564,-0.6939
1983,9,1,2,345,-0.2778
1983,9,1,3,264,1.8531
1983,9,1,4,189,0.1676
1983,9,1,5,401,-2.6107
1983,9,2,1,99,2.6265
1983,9,2,2,121,3.9785
1983,9,2,3,77,5.7483
1983,9,2,4,74,3.4412
1983,9,2,5,118,-0.5375
1983,9,3,1,67,3.2628
1983,9,3,2,64,3.2829
1983,9,3,3,113,3.1456
1983,9,3,4,154,1.2829
1983,9,3,5,143,-0.2611
1983,10,1,1,561,-6.4326
1983,10,1,2,341,-4.6823
1983,10,1,3,263,-6.2845
1983,10,1,4,189,-4.6300
1983,10,1,5,398,-8.3816
1983,10,2,1,99,-6.0881
1983,10,2,2,121,-4.8713
1983,10,2,3,76,-5.4322
1983,10,2,4,74,-5.3818
1983,10,2,5,117,-7.9437
1983,10,3,1,66,-0.7460
1983,10,3,2,64,0.6821
1983,10,3,3,113,-1.3668
1983,10,3,4,154,-1.9451
1983,10,3,5,142,-3.4367
1983,11,1,1,557,4.7211
1983,11,1,2,338,6.2539
1983,11,1,3,262,3.0811
1983,11,1,4,187,0.8322
1983,11,1,5,396,0.2757
1983,11,2,1,99,6.8683
1983,11,2,2,121,4.9660
1983,11,2,3,76,5.0321
1983,11,2,4,72,6.0834
1983,11,2,5,116,4.6484
1983,11,3,1,66,5.2376
1983,11,3,2,64,3.8130
1983,11,3,3,113,4.7017
1983,11,3,4,153,0.2477
1983,11,3,5,142,2.0566
1983,12,1,1,554,-1.2164
1983,12,1,2,337,-1.4764
1983,12,1,3,261,-0.8130
1983,12,1,4,187,-1.8601
1983,12,1,5,394,-3.6767
1983,12,2,1,99,-2.0465
1983,12,2,2,121,-1.2553
1983,12,2,3,76,-1.5920
1983,12,2,4,72,-1.6169
1983,12,2,5,116,-1.3028
1983,12,3,1,66,-2.0670
1983,12,3,2,64,-1.4029
1983,12,3,3,113,-0.5757
1983,12,3,4,153,-0.4067
1983,12,3,5,142,-0.5248
1984,1,1,1,550,0.1808
1984,1,1,2,335,0.3528
1984,1,1,3,260,-1.3769
1984,1,1,4,184,0.4730
1984,1,1,5,392,-0.4738
1984,1,2,1,99,-1.2461
1984,1,2,2,120,-3.2145
1984,1,2,3,76,-1.0648
1984,1,2,4,72,-3.5808
1984,1,2,5,116,-2.8701
1984,1,3,1,66,-2.0125
1984,1,3,2,63,-2.8826
1984,1,3,3,113,-3.4626
1984,1,3,4,151,1.2881
1984,1,3,5,142,-0.7884
1984,2,1,1,543,-6.4320
1984,2,1,2,332,-6.5776
1984,2,1,3,257,-4.4900
1984,2,1,4,183,-6.1151
1984,2,1,5,387,-6.4258
1984,2,2,1,98,-4.8296
1984,2,2,2,120,-4.8579
1984,2,2,3,76,-5.0159
1984,2,2,4,72,-5.0981
1984,2,2,5,116,-5.0457
1984,2,3,1,66,-5.8603
1984,2,3,2,63,-5.4881
1984,2,3,3,112,-5.8222
1984,2,3,4,151,-1.5496
1984,2,3,5,142,-3.0244
1984,3,1,1,540,1.5817
1984,3,1,2,327,1.4331
1984,3,1,3,255,1.3869
1984,3,1,4,178,0.1215
1984,3,1,5,384,-1.1578
1984,3,2,1,98,2.2447
1984,3,2,2,117,1.3898
1984,3,2,3,76,-0.3144
1984,3,2,4,72,1.6391
1984,3,2,5,113,1.2041
1984,3,3,1,66,2.2231
1984,3,3,2,63,3.3932
1984,3,3,3,112,3.1000
1984,3,3,4,150,1.2126
1984,3,3,5,141,1.4556
1984,4,1,1,538,-1.1285
1984,4,1,2,328,-0.4510
1984,4,1,3,254,-0.9669
1984,4,1,4,178,-2.7883
1984,4,1,5,382,-2.9447
1984,4,2,1,98,-1.7713
1984,4,2,2,116,1.4639
1984,4,2,3,75,0.7458
1984,4,2,4,71,-0.9097
1984,4,2,5,111,0.8478
1984,4,3,1,66,-2.1118
1984,4,3,2,63,-0.0669
1984,4,3,3,112,0.0272
1984,4,3,4,150,1.5314
1984,4,3,5,141,0.5663
1984,5,1,1,536,-5.4086
1984,5,1,2,324,-3.8104
1984,5,1,3,252,-5.2370
1984,5,1,4,178,-4.7651
1984,5,1,5,380,-4.0419
1984,5,2,1,97,-5.5567
1984,5,2,2,115,-4.9499
1984,5,2,3,75,-3.3508
1984,5,2,4,71,-3.5681
1984,5,2,5,109,-6.1053
1984,5,3,1,66,-7.9963
1984,5,3,2,63,-4.1050
1984,5,3,3,112,-5.0294
1984,5,3,4,150,-4.5563
1984,5,3,5,140,-4.1341
1984,6,1,1,527,3.0899
1984,6,1,2,323,2.9604
1984,6,1,3,251,3.6178
1984,6,1,4,177,1.7784
1984,6,1,5,376,0.0505
1984,6,2,1,97,3.5944
1984,6,2,2,115,3.0277
1984,6,2,3,75,4.3207
1984,6,2,4,69,3.1716
1984,6,2,5,109,2.8157
1984,6,3,1,66,2.9897
1984,6,3,2,63,6.1597
1984,6,3,3,112,3.5478
1984,6,3,4,150,1.4259
1984,6,3,5,140,0.6456
1984,7,1,1,501,-5.4328
1984,7,1,2,364,-3.1367
1984,7,1,3,304,-4.8016
1984,7,1,4,254,-5.1072
1984,7,1,5,462,-6.9264
1984,7,2,1,82,-3.5371
1984,7,2,2,102,-5.3896
1984,7,2,3,100,-3.5266
1984,7,2,4,87,-5.1152
1984,7,2,5,121,-6.0989
1984,7,3,1,61,-4.0151
1984,7,3,2,81,-2.6149
1984,7,3,3,107,-0.8762
1984,7,3,4,139,-0.8524
1984,7,3,5,138,-1.9330
1984,8,1,1,492,8.8977
1984,8,1,2,359,9.1829
1984,8,1,3,302,10.5958
1984,8,1,4,253,11.5796
1984,8,1,5,459,10.0955
1984,8,2,1,82,10.7267
1984,8,2,2,101,12.4489
1984,8,2,3,100,13.5914
1984,8,2,4,87,13.4631
1984,8,2,5,121,13.3812
1984,8,3,1,61,12.0078
1984,8,3,2,80,11.1674
1984,8,3,3,106,9.0988
1984,8,3,4,138,11.4474
1984,8,3,5,138,11.7595
1984,9,1,1,486,-0.2429
1984,9,1,2,357,0.7925
1984,9,1,3,302,0.0927
1984,9,1,4,252,-0.4667
1984,9,1,5,460,-2.0473
1984,9,2,1,81,-0.3132
1984,9,2,2,102,1.3087
1984,9,2,3,100,-0.5727
1984,9,2,4,85,-2.2123
1984,9,2,5,121,-2.7583
1984,9,3,1,61,-1.2465
1984,9,3,2,80,0.3083
1984,9,3,3,106,-0.5323
1984,9,3,4,138,-0.3686
1984,9,3,5,137,-0.6934
1984,10,1,1,475,-1.6918
1984,10,1,2,351,-1.4945
1984,10,1,3,299,-1.6064
1984,10,1,4,251,-4.3326
1984,10,1,5,454,-4.4013
1984,10,2,1,79,-0.4281
1984,10,2,2,102,-1.3637
1984,10,2,3,99,-0.3104
1984,10,2,4,85,-0.1841
1984,10,2,5,118,-2.7055
1984,10,3,1,60,-1.3207
1984,10,3,2,80,-0.0554
1984,10,3,3,106,2.2064
1984,10,3,4,137,0.0973
1984,10,3,5,137,-0.4081
1984,11,1,1,472,-3.0976
1984,11,1,2,345,-2.7157
1984,11,1,3,295,-3.2727
1984,11,1,4,246,-2.8184
1984,11,1,5,450,-4.3751
1984,11,2,1,78,-1.4511
1984,11,2,2,101,-0.7864
1984,11,2,3,99,-0.3346
1984,11,2,4,85,-2.3435
1984,11,2,5,119,-2.6807
1984,11,3,1,60,-0.8274
1984,11,3,2,80,-0.3974
1984,11,3,3,105,-1.2614
1984,11,3,4,137,-1.4542
1984,11,3,5,136,-1.3862
1984,12,1,1,462,-0.9475
1984,12,1,2,343,1.2882
1984,12,1,3,291,1.1138
1984,12,1,4,244,1.0079
1984,12,1,5,442,0.3846
1984,12,2,1,78,2.5641
1984,12,2,2,101,2.3222
1984,12,2,3,99,3.0258
1984,12,2,4,84,2.7807
1984,12,2,5,119,2.8310
1984,12,3,1,59,1.7678
1984,12,3,2,79,1.8972
1984,12,3,3,105,2.3266
1984,12,3,4,135,2.1502
1984,12,3,5,136,1.6461
1985,1,1,1,462,11.6489
1985,1,1,2,340,10.9101
1985,1,1,3,286,11.0757
1985,1,1,4,241,13.6817
1985,1,1,5,440,13.4941
1985,1,2,1,78,10.5087
1985,1,2,2,100,8.7387
1985,1,2,3,99,12.2671
1985,1,2,4,84,11.0189
1985,1,2,5,119,12.5554
1985,1,3,1,59,10.4851
1985,1,3,2,79,5.1078
1985,1,3,3,105,7.5985
1985,1,3,4,134,8.0901
1985,1,3,5,136,9.2539
1985,2,1,1,452,3.6528
1985,2,1,2,337,4.4227
1985,2,1,3,284,3.5985
1985,2,1,4,240,3.3895
1985,2,1,5,434,3.2800
1985,2,2,1,77,1.4603
1985,2,2,2,99,1.6969
1985,2,2,3,98,1.4874
1985,2,2,4,83,2.4763
1985,2,2,5,119,1.9528
1985,2,3,1,59,0.5977
1985,2,3,2,79,2.5215
1985,2,3,3,104,2.1865
1985,2,3,4,134,1.3288
1985,2,3,5,135,1.7181
1985,3,1,1,445,-1.6665
1985,3,1,2,332,-1.6991
1985,3,1,3,283,-2.1931
1985,3,1,4,239,-1.3146
1985,3,1,5,433,-1.3691
1985,3,2,1,76,-1.7927
1985,3,2,2,97,-3.4072
1985,3,2,3,98,-1.0876
1985,3,2,4,83,-0.1540
1985,3,2,5,117,-1.6413
1985,3,3,1,58,0.0209
1985,3,3,2,79,2.5587
1985,3,3,3,104,0.2719
1985,3,3,4,133,-0.7259
1985,3,3,5,135,-0.1690
1985,4,1,1,439,-2.1081
1985,4,1,2,330,-1.1779
1985,4,1,3,282,-2.3945
1985,4,1,4,239,1.1388
1985,4,1,5,429,-1.5657
1985,4,2,1,76,-0.2886
1985,4,2,2,96,-2.0266
1985,4,2,3,98,-1.4054
1985,4,2,4,83,-0.3635
1985,4,2,5,117,-0.8839
1985,4,3,1,58,-0.6664
1985,4,3,2,79,-1.3246
1985,4,3,3,104,-1.0905
1985,4,3,4,133,-0.1200
1985,4,3,5,135,0.1644
1985,5,1,1,437,2.5036
1985,5,1,2,327,2.0180
1985,5,1,3,280,2.7628
1985,5,1,4,239,2.8677
1985,5,1,5,428,2.9963
1985,5,2,1,76,3.0287
1985,5,2,2,96,3.2594
1985,5,2,3,97,4.1953
1985,5,2,4,83,3.6853
1985,5,2,5,116,4.5719
1985,5,3,1,58,6.8748
1985,5,3,2,79,6.5337
1985,5,3,3,104,7.0883
1985,5,3,4,133,4.6423
1985,5,3,5,135,6.1916
1985,6,1,1,426,0.3787
1985,6,1,2,325,0.0627
1985,6,1,3,279,0.8317
1985,6,1,4,239,0.4949
1985,6,1,5,422,-0.1751
1985,6,2,1,74,0.9369
1985,6,2,2,94,1.2237
1985,6,2,3,95,1.4465
1985,6,2,4,82,0.7538
1985,6,2,5,115,2.8082
1985,6,3,1,58,0.8653
1985,6,3,2,79,1.2529
1985,6,3,3,104,1.9226
1985,6,3,4,132,1.1698
1985,6,3,5,135,2.9715
1985,7,1,1,536,1.6612
1985,7,1,2,354,4.6082
1985,7,1,3,306,2.1674
1985,7,1,4,235,3.3306
1985,7,1,5,526,1.8927
1985,7,2,1,75,2.6609
1985,7,2,2,92,2.7522
1985,7,2,3,88,2.3527
1985,7,2,4,100,4.1044
1985,7,2,5,139,1.9212
1985,7,3,1,61,-1.9783
1985,7,3,2,91,-0.1393
1985,7,3,3,114,-0.1752
1985,7,3,4,127,-0.7868
1985,7,3,5,141,0.9934
1985,8,1,1,531,-0.1277
1985,8,1,2,352,0.1385
1985,8,1,3,302,-0.9589
1985,8,1,4,234,-0.5583
1985,8,1,5,521,-1.3402
1985,8,2,1,74,-1.5779
1985,8,2,2,92,-1.5116
1985,8,2,3,88,0.0114
1985,8,2,4,100,-1.0056
1985,8,2,5,139,-1.7601
1985,8,3,1,60,-0.0018
1985,8,3,2,91,-0.7438
1985,8,3,3,114,0.0953
1985,8,3,4,127,0.1796
1985,8,3,5,141,-0.9447
1985,9,1,1,523,-5.1144
1985,9,1,2,350,-5.6403
1985,9,1,3,299,-4.7649
1985,9,1,4,231,-5.4138
1985,9,1,5,517,-6.6747
1985,9,2,1,73,-4.9015
1985,9,2,2,92,-4.6273
1985,9,2,3,88,-6.2801
1985,9,2,4,100,-5.7351
1985,9,2,5,137,-7.1525
1985,9,3,1,59,-2.5570
1985,9,3,2,91,-1.9366
1985,9,3,3,113,-3.4268
1985,9,3,4,127,-3.5547
1985,9,3,5,141,-4.4918
1985,10,1,1,520,0.8128
1985,10,1,2,349,3.4956
1985,10,1,3,297,1.8305
1985,10,1,4,230,3.0585
1985,10,1,5,512,1.4609
1985,10,2,1,73,2.8238
1985,10,2,2,92,5.5267
1985,10,2,3,88,4.0532
1985,10,2,4,100,3.4021
1985,10,2,5,137,3.2432
1985,10,3,1,58,1.5965
1985,10,3,2,88,3.9434
1985,10,3,3,113,4.9041
1985,10,3,4,127,4.5516
1985,10,3,5,140,4.7859
1985,11,1,1,510,3.8300
1985,11,1,2,343,6.4026
1985,11,1,3,295,4.5453
1985,11,1,4,230,5.7337
1985,11,1,5,510,5.5457
1985,11,2,1,71,6.0783
1985,11,2,2,92,7.7475
1985,11,2,3,88,7.6499
1985,11,2,4,98,7.4455
1985,11,2,5,135,7.6076
1985,11,3,1,58,8.2232
1985,11,3,2,88,8.2096
1985,11,3,3,112,7.9445
1985,11,3,4,126,6.4504
1985,11,3,5,140,6.5580
1985,12,1,1,501,4.3892
1985,12,1,2,342,3.4238
1985,12,1,3,291,5.7633
1985,12,1,4,228,3.5369
1985,12,1,5,506,2.4990
1985,12,2,1,70,4.0693
1985,12,2,2,91,5.7180
1985,12,2,3,87,4.7355
1985,12,2,4,97,4.9717
1985,12,2,5,135,3.5258
1985,12,3,1,56,5.7183
1985,12,3,2,87,4.3880
1985,12,3,3,112,4.3260
1985,12,3,4,126,3.4352
1985,12,3,5,140,4.9851
1986,1,1,1,497,3.6219
1986,1,1,2,337,2.8297
1986,1,1,3,286,1.9554
1986,1,1,4,226,1.2171
1986,1,1,5,500,2.7257
1986,1,2,1,70,0.0143
1986,1,2,2,91,2.0379
1986,1,2,3,86,0.7009
1986,1,2,4,95,1.9650
1986,1,2,5,135,1.0725
1986,1,3,1,54,-0.9832
1986,1,3,2,87,0.7736
1986,1,3,3,111,1.7703
1986,1,3,4,125,1.5817
1986,1,3,5,140,-0.6066
1986,2,1,1,492,4.7032
1986,2,1,2,333,5.6963
1986,2,1,3,286,6.2308
1986,2,1,4,225,7.7158
1986,2,1,5,494,5.4879
1986,2,2,1,69,5.7888
1986,2,2,2,90,7.5233
1986,2,2,3,86,7.2660
1986,2,2,4,94,5.7489
1986,2,2,5,134,6.3493
1986,2,3,1,54,8.5133
1986,2,3,2,87,9.3376
1986,2,3,3,111,7.9170
1986,2,3,4,125,8.4165
1986,2,3,5,139,6.0298
1986,3,1,1,490,5.1481
1986,3,1,2,333,4.2719
1986,3,1,3,286,5.7055
1986,3,1,4,222,4.8326
1986,3,1,5,492,3.2083
1986,3,2,1,69,5.5632
1986,3,2,2,90,5.6963
1986,3,2,3,86,6.7561
1986,3,2,4,93,6.0339
1986,3,2,5,134,2.9905
1986,3,3,1,54,5.5123
1986,3,3,2,86,6.3813
1986,3,3,3,111,4.2855
1986,3,3,4,125,6.4144
1986,3,3,5,138,2.6196
1986,4,1,1,486,1.1594
1986,4,1,2,330,0.3105
1986,4,1,3,284,1.4125
1986,4,1,4,220,2.6982
1986,4,1,5,488,2.8159
1986,4,2,1,69,0.7709
1986,4,2,2,89,-0.1398
1986,4,2,3,86,2.1061
1986,4,2,4,93,3.6903
1986,4,2,5,132,2.0820
1986,4,3,1,54,0.5305
1986,4,3,2,86,-0.3200
1986,4,3,3,111,-0.3679
1986,4,3,4,124,-2.6209
1986,4,3,5,138,0.6616
1986,5,1,1,480,4.1783
1986,5,1,2,327,3.8870
1986,5,1,3,282,3.0336
1986,5,1,4,220,5.4702
1986,5,1,5,482,3.2783
1986,5,2,1,69,3.4518
1986,5,2,2,89,4.7666
1986,5,2,3,84,0.2495
1986,5,2,4,93,6.6602
1986,5,2,5,131,2.0647
1986,5,3,1,53,5.0573
1986,5,3,2,86,5.6129
1986,5,3,3,111,6.4027
1986,5,3,4,123,6.9267
1986,5,3,5,137,3.1626
1986,6,1,1,476,-0.7698
1986,6,1,2,326,0.5511
1986,6,1,3,277,0.9939
1986,6,1,4,218,0.2459
1986,6,1,5,473,-1.9797
1986,6,2,1,69,0.5701
1986,6,2,2,89,0.7696
1986,6,2,3,84,-0.8687
1986,6,2,4,93,0.7883
1986,6,2,5,131,-0.7644
1986,6,3,1,51,2.4396
1986,6,3,2,86,3.4696
1986,6,3,3,110,1.1320
1986,6,3,4,123,2.4256
1986,6,3,5,137,-0.3640
1986,7,1,1,580,-9.5840
1986,7,1,2,418,-8.0703
1986,7,1,3,272,-7.5093
1986,7,1,4,291,-8.5357
1986,7,1,5,460,-9.9235
1986,7,2,1,87,-9.4200
1986,7,2,2,97,-8.5194
1986,7,2,3,97,-9.0458
1986,7,2,4,102,-8.6227
1986,7,2,5,151,-10.6342
1986,7,3,1,68,-5.8667
1986,7,3,2,92,-3.5270
1986,7,3,3,104,-4.6195
1986,7,3,4,136,-2.8520
1986,7,3,5,132,-8.5658
1986,8,1,1,576,1.0860
1986,8,1,2,412,1.0341
1986,8,1,3,268,1.9223
1986,8,1,4,284,1.9310
1986,8,1,5,456,1.7503
1986,8,2,1,87,4.4978
1986,8,2,2,97,3.0357
1986,8,2,3,97,5.1393
1986,8,2,4,102,4.7268
1986,8,2,5,150,4.1770
1986,8,3,1,68,10.2059
1986,8,3,2,92,6.1277
1986,8,3,3,104,5.9523
1986,8,3,4,135,7.6542
1986,8,3,5,132,5.9251
1986,9,1,1,565,-4.1145
1986,9,1,2,409,-6.2351
1986,9,1,3,267,-4.3690
1986,9,1,4,285,-4.7718
1986,9,1,5,452,-7.3311
1986,9,2,1,87,-4.0842
1986,9,2,2,94,-4.9281
1986,9,2,3,97,-6.6110
1986,9,2,4,102,-6.5621
1986,9,2,5,150,-7.6157
1986,9,3,1,67,-7.2137
1986,9,3,2,92,-7.6503
1986,9,3,3,103,-9.1999
1986,9,3,4,134,-9.2112
1986,9,3,5,132,-6.8628
1986,10,1,1,556,0.6488
1986,10,1,2,407,4.2714
1986,10,1,3,265,2.3209
1986,10,1,4,282,2.7529
1986,10,1,5,447,1.2954
1986,10,2,1,84,4.0256
1986,10,2,2,93,3.6998
1986,10,2,3,97,3.3188
1986,10,2,4,102,5.1690
1986,10,2,5,150,5.1885
1986,10,3,1,67,6.1647
1986,10,3,2,91,6.7757
1986,10,3,3,103,6.9524
1986,10,3,4,134,6.1355
1986,10,3,5,130,3.8948
1986,11,1,1,547,0.7946
1986,11,1,2,402,-0.3217
1986,11,1,3,262,-1.4273
1986,11,1,4,280,-1.4487
1986,11,1,5,439,-0.4740
1986,11,2,1,83,0.3517
1986,11,2,2,93,1.1836
1986,11,2,3,97,1.2500
1986,11,2,4,102,2.1617
1986,11,2,5,150,-0.7720
1986,11,3,1,66,3.1527
1986,11,3,2,89,0.7846
1986,11,3,3,103,2.6501
1986,11,3,4,133,3.3998
1986,11,3,5,130,2.4983
1986,12,1,1,536,-4.0836
1986,12,1,2,394,-1.3062
1986,12,1,3,255,-2.4606
1986,12,1,4,278,-3.2593
1986,12,1,5,434,-4.0536
1986,12,2,1,83,-2.5958
1986,12,2,2,92,-2.5852
1986,12,2,3,97,-2.3776
1986,12,2,4,102,-1.9962
1986,12,2,5,148,-2.6022
1986,12,3,1,66,-2.0034
1986,12,3,2,89,-2.9451
1986,12,3,3,102,-1.7595
1986,12,3,4,133,-3.0531
1986,12,3,5,130,-4.7071
1987,1,1,1,527,9.2096
1987,1,1,2,384,9.8164
1987,1,1,3,251,10.5254
1987,1,1,4,271,8.5603
1987,1,1,5,424,11.2125
1987,1,2,1,80,12.3632
1987,1,2,2,91,12.3230
1987,1,2,3,96,13.2222
1987,1,2,4,102,12.6859
1987,1,2,5,144,12.3449
1987,1,3,1,64,13.0482
1987,1,3,2,89,12.0814
1987,1,3,3,101,12.8923
1987,1,3,4,132,15.0819
1987,1,3,5,129,12.6993
1987,2,1,1,524,7.6879
1987,2,1,2,380,9.8282
1987,2,1,3,251,9.0591
1987,2,1,4,268,8.5343
1987,2,1,5,420,8.5948
1987,2,2,1,79,4.2187
1987,2,2,2,91,7.8444
1987,2,2,3,96,7.1345
1987,2,2,4,101,7.2114
1987,2,2,5,142,8.8061
1987,2,3,1,64,6.3921
1987,2,3,2,89,5.5265
1987,2,3,3,100,4.1629
1987,2,3,4,131,2.0494
1987,2,3,5,129,7.0271
1987,3,1,1,523,4.2910
1987,3,1,2,377,3.4694
1987,3,1,3,249,1.0322
1987,3,1,4,268,3.3292
1987,3,1,5,418,2.9092
1987,3,2,1,79,4.7511
1987,3,2,2,90,2.2343
1987,3,2,3,96,1.2164
1987,3,2,4,101,1.0536
1987,3,2,5,142,1.4260
1987,3,3,1,64,5.6408
1987,3,3,2,89,1.1135
1987,3,3,3,99,1.8606
1987,3,3,4,131,2.1716
1987,3,3,5,128,2.7047
1987,4,1,1,520,-2.1001
1987,4,1,2,372,-2.8326
1987,4,1,3,247,-2.3759
1987,4,1,4,264,-2.6461
1987,4,1,5,416,-0.4827
1987,4,2,1,79,-4.0111
1987,4,2,2,90,-1.8805
1987,4,2,3,96,-5.1949
1987,4,2,4,101,-3.8222
1987,4,2,5,142,-3.0014
1987,4,3,1,64,-1.3026
1987,4,3,2,89,-1.2574
1987,4,3,3,99,-2.0325
1987,4,3,4,131,-0.4616
1987,4,3,5,128,1.5533
1987,5,1,1,516,0.9460
1987,5,1,2,368,-0.5719
1987,5,1,3,244,-0.4052
1987,5,1,4,263,0.9622
1987,5,1,5,416,-0.4936
1987,5,2,1,78,0.8215
1987,5,2,2,90,0.4690
1987,5,2,3,95,-0.5532
1987,5,2,4,101,0.3609
1987,5,2,5,141,0.8461
1987,5,3,1,64,1.8020
1987,5,3,2,88,1.5741
1987,5,3,3,98,-0.1241
1987,5,3,4,131,0.4938
1987,5,3,5,128,1.7234
1987,6,1,1,513,3.0157
1987,6,1,2,366,0.7152
1987,6,1,3,243,2.7664
1987,6,1,4,263,-0.1299
1987,6,1,5,414,0.9528
1987,6,2,1,78,2.8187
1987,6,2,2,90,3.6267
1987,6,2,3,94,3.7133
1987,6,2,4,100,1.4343
1987,6,2,5,140,3.6016
1987,6,3,1,64,4.9374
1987,6,3,2,88,5.0046
1987,6,3,3,98,5.3211
1987,6,3,4,131,4.8309
1987,6,3,5,128,3.5125
1987,7,1,1,596,4.5093
1987,7,1,2,440,2.7502
1987,7,1,3,289,2.5667
1987,7,1,4,256,1.6934
1987,7,1,5,431,3.2670
1987,7,2,1,73,6.3081
1987,7,2,2,98,5.6360
1987,7,2,3,91,3.8456
1987,7,2,4,94,3.9120
1987,7,2,5,142,2.3630
1987,7,3,1,64,7.3477
1987,7,3,2,85,5.5662
1987,7,3,3,119,4.6808
1987,7,3,4,119,2.2457
1987,7,3,5,134,6.2947
1987,8,1,1,588,1.8823
1987,8,1,2,436,1.9628
1987,8,1,3,289,1.4847
1987,8,1,4,255,2.9819
1987,8,1,5,424,0.7395
1987,8,2,1,72,1.9552
1987,8,2,2,97,5.5631
1987,8,2,3,90,2.9965
1987,8,2,4,94,2.4091
1987,8,2,5,141,3.1733
1987,8,3,1,64,2.1714
1987,8,3,2,85,4.9428
1987,8,3,3,118,3.7903
1987,8,3,4,119,3.9418
1987,8,3,5,133,3.7884
1987,9,1,1,585,-0.2533
1987,9,1,2,433,0.7971
1987,9,1,3,286,-0.1033
1987,9,1,4,253,-1.6934
1987,9,1,5,421,-1.9850
1987,9,2,1,72,-1.2704
1987,9,2,2,97,-2.0959
1987,9,2,3,90,-0.6506
1987,9,2,4,90,-1.7893
1987,9,2,5,141,-1.4259
1987,9,3,1,64,-1.5599
1987,9,3,2,85,-0.9305
1987,9,3,3,118,-1.0177
1987,9,3,4,118,-4.0174
1987,9,3,5,131,-2.9473
1987,10,1,1,578,-30.8965
1987,10,1,2,429,-31.3560
1987,10,1,3,286,-28.8394
1987,10,1,4,251,-30.7940
1987,10,1,5,419,-31.7336
1987,10,2,1,70,-28.2742
1987,10,2,2,96,-29.8244
1987,10,2,3,89,-28.3724
1987,10,2,4,90,-26.9418
1987,10,2,5,140,-32.2442
1987,10,3,1,63,-24.9038
1987,10,3,2,85,-19.4093
1987,10,3,3,117,-20.7765
1987,10,3,4,118,-20.1549
1987,10,3,5,131,-23.7652
1987,11,1,1,568,-5.1525
1987,11,1,2,424,-3.6282
1987,11,1,3,284,-1.6977
1987,11,1,4,251,-7.4486
1987,11,1,5,414,-6.0571
1987,11,2,1,69,-2.5901
1987,11,2,2,94,-4.4811
1987,11,2,3,89,-4.5191
1987,11,2,4,90,-3.6672
1987,11,2,5,138,-5.1629
1987,11,3,1,63,-7.2567
1987,11,3,2,85,-6.0761
1987,11,3,3,117,-7.7615
1987,11,3,4,117,-7.1064
1987,11,3,5,130,-8.1418
1987,12,1,1,558,3.1903
1987,12,1,2,420,6.8400
1987,12,1,3,281,3.9160
1987,12,1,4,250,5.1411
1987,12,1,5,405,4.7021
1987,12,2,1,68,4.9536
1987,12,2,2,93,9.8153
1987,12,2,3,89,12.7412
1987,12,2,4,89,9.4558
1987,12,2,5,139,9.9800
1987,12,3,1,63,8.1798
1987,12,3,2,85,5.9072
1987,12,3,3,116,8.2126
1987,12,3,4,117,6.9559
1987,12,3,5,130,10.2022
1988,1,1,1,548,6.3443
1988,1,1,2,418,4.1044
1988,1,1,3,277,4.3225
1988,1,1,4,249,5.1622
1988,1,1,5,401,6.7020
1988,1,2,1,66,2.9583
1988,1,2,2,91,4.4808
1988,1,2,3,87,2.6522
1988,1,2,4,89,1.6400
1988,1,2,5,139,0.8285
1988,1,3,1,63,5.0737
1988,1,3,2,85,3.6190
1988,1,3,3,116,3.7594
1988,1,3,4,117,3.3033
1988,1,3,5,130,1.6325
1988,2,1,1,542,5.7945
1988,2,1,2,412,9.6037
1988,2,1,3,275,7.9398
1988,2,1,4,248,7.4621
1988,2,1,5,399,8.3391
1988,2,2,1,66,9.0695
1988,2,2,2,91,10.7589
1988,2,2,3,86,8.5523
1988,2,2,4,89,7.8241
1988,2,2,5,136,9.0380
1988,2,3,1,63,5.6294
1988,2,3,2,84,5.9955
1988,2,3,3,116,3.5307
1988,2,3,4,117,5.0784
1988,2,3,5,130,5.8871
1988,3,1,1,534,6.1842
1988,3,1,2,409,5.6322
1988,3,1,3,269,5.0040
1988,3,1,4,245,4.4744
1988,3,1,5,396,4.5380
1988,3,2,1,65,4.0101
1988,3,2,2,92,4.3778
1988,3,2,3,85,1.6721
1988,3,2,4,89,3.0206
1988,3,2,5,136,2.4750
1988,3,3,1,63,-1.4998
1988,3,3,2,84,0.0564
1988,3,3,3,116,-3.6149
1988,3,3,4,117,-4.6475
1988,3,3,5,130,-2.5146
1988,4,1,1,530,3.4273
1988,4,1,2,406,1.9971
1988,4,1,3,266,1.7064
1988,4,1,4,245,2.0073
1988,4,1,5,388,2.0958
1988,4,2,1,65,2.7779
1988,4,2,2,92,2.9661
1988,4,2,3,84,2.7040
1988,4,2,4,88,1.3999
1988,4,2,5,136,2.6229
1988,4,3,1,63,1.2039
1988,4,3,2,84,1.3560
1988,4,3,3,116,0.4887
1988,4,3,4,116,1.7270
1988,4,3,5,130,-0.0022
1988,5,1,1,529,-1.6848
1988,5,1,2,400,-1.9972
1988,5,1,3,264,-2.0610
1988,5,1,4,243,-2.7644
1988,5,1,5,384,-1.8102
1988,5,2,1,65,-1.3348
1988,5,2,2,90,-0.1616
1988,5,2,3,84,-2.7050
1988,5,2,4,88,-1.1723
1988,5,2,5,134,-2.1662
1988,5,3,1,63,-0.6373
1988,5,3,2,84,-0.8573
1988,5,3,3,116,0.5868
1988,5,3,4,115,0.6739
1988,5,3,5,129,-0.4048
1988,6,1,1,520,4.0563
1988,6,1,2,395,6.9710
1988,6,1,3,262,4.6451
1988,6,1,4,239,6.4507
1988,6,1,5,381,7.5984
1988,6,2,1,64,8.5276
1988,6,2,2,90,8.2932
1988,6,2,3,84,7.4990
1988,6,2,4,87,8.3444
1988,6,2,5,134,6.7135
1988,6,3,1,63,2.2451
1988,6,3,2,84,2.6739
1988,6,3,3,116,3.9645
1988,6,3,4,115,7.7829
1988,6,3,5,128,6.2939
1988,7,1,1,644,-0.2710
1988,7,1,2,380,-0.5915
1988,7,1,3,307,-0.7261
1988,7,1,4,255,0.4567
1988,7,1,5,432,0.2964
1988,7,2,1,93,-0.6103
1988,7,2,2,107,-0.2623
1988,7,2,3,83,-0.4557
1988,7,2,4,96,-1.4935
1988,7,2,5,139,-0.7962
1988,7,3,1,74,-0.4101
1988,7,3,2,90,-1.4097
1988,7,3,3,124,-0.5682
1988,7,3,4,134,-1.3209
1988,7,3,5,115,-2.1256
1988,8,1,1,638,-1.6137
1988,8,1,2,376,-2.3637
1988,8,1,3,305,-0.5411
1988,8,1,4,255,-2.0552
1988,8,1,5,430,-3.5813
1988,8,2,1,93,-3.1010
1988,8,2,2,107,-3.0110
1988,8,2,3,81,-3.2904
1988,8,2,4,96,-1.4826
1988,8,2,5,137,-3.1567
1988,8,3,1,74,-1.2384
1988,8,3,2,90,-3.4436
1988,8,3,3,123,-4.4077
1988,8,3,4,133,-3.8460
1988,8,3,5,115,-2.4006
1988,9,1,1,624,1.1295
1988,9,1,2,373,2.3183
1988,9,1,3,303,4.2732
1988,9,1,4,253,2.8716
1988,9,1,5,426,1.8161
1988,9,2,1,92,4.2848
1988,9,2,2,105,3.0319
1988,9,2,3,79,1.9874
1988,9,2,4,96,3.3966
1988,9,2,5,136,1.8512
1988,9,3,1,74,4.9213
1988,9,3,2,90,5.1153
1988,9,3,3,123,2.8513
1988,9,3,4,132,4.4458
1988,9,3,5,115,6.0497
1988,10,1,1,621,-1.8228
1988,10,1,2,370,-1.9568
1988,10,1,3,301,-2.7583
1988,10,1,4,252,-0.7188
1988,10,1,5,422,-1.6942
1988,10,2,1,92,1.1279
1988,10,2,2,102,0.0845
1988,10,2,3,78,0.2770
1988,10,2,4,94,-1.6370
1988,10,2,5,135,-0.9309
1988,10,3,1,74,4.9698
1988,10,3,2,90,2.1312
1988,10,3,3,122,3.6044
1988,10,3,4,132,1.0168
1988,10,3,5,115,3.0008
1988,11,1,1,613,-3.7104
1988,11,1,2,365,-4.0407
1988,11,1,3,299,-3.8127
1988,11,1,4,250,-4.0333
1988,11,1,5,419,-5.3624
1988,11,2,1,92,-2.4590
1988,11,2,2,102,-2.0515
1988,11,2,3,78,-2.8277
1988,11,2,4,93,-1.8287
1988,11,2,5,133,-4.0910
1988,11,3,1,74,-0.1041
1988,11,3,2,90,-1.5188
1988,11,3,3,121,-1.3033
1988,11,3,4,132,-1.7444
1988,11,3,5,115,-1.4170
1988,12,1,1,607,4.2889
1988,12,1,2,363,3.2848
1988,12,1,3,296,3.9039
1988,12,1,4,247,5.0738
1988,12,1,5,415,3.5160
1988,12,2,1,90,3.8591
1988,12,2,2,101,5.6635
1988,12,2,3,78,4.8844
1988,12,2,4,93,4.6664
1988,12,2,5,130,3.2780
1988,12,3,1,73,2.4855
1988,12,3,2,89,1.2003
1988,12,3,3,121,2.6738
1988,12,3,4,132,1.7569
1988,12,3,5,115,3.1857
1989,1,1,1,600,5.1590
1989,1,1,2,359,6.0564
1989,1,1,3,294,5.0077
1989,1,1,4,242,4.9642
1989,1,1,5,411,5.2653
1989,1,2,1,90,7.4181
1989,1,2,2,101,3.0432
1989,1,2,3,78,3.1318
1989,1,2,4,92,4.1811
1989,1,2,5,128,4.9048
1989,1,3,1,73,6.5229
1989,1,3,2,89,5.8903
1989,1,3,3,121,6.2083
1989,1,3,4,130,7.4162
1989,1,3,5,114,6.9507
1989,2,1,1,591,-0.1567
1989,2,1,2,356,1.7089
1989,2,1,3,293,1.0808
1989,2,1,4,240,-0.1203
1989,2,1,5,405,0.1846
1989,2,2,1,90,2.5050
1989,2,2,2,100,1.6851
1989,2,2,3,77,1.1441
1989,2,2,4,92,0.7838
1989,2,2,5,127,-0.6539
1989,2,3,1,72,-0.5646
1989,2,3,2,89,-2.3709
1989,2,3,3,120,-2.7615
1989,2,3,4,130,-2.7271
1989,2,3,5,114,-2.3529
1989,3,1,1,583,3.4466
1989,3,1,2,355,2.4945
1989,3,1,3,288,2.7510
1989,3,1,4,234,2.4808
1989,3,1,5,404,1.5556
1989,3,2,1,89,4.8149
1989,3,2,2,98,2.3717
1989,3,2,3,77,2.3531
1989,3,2,4,92,1.3215
1989,3,2,5,126,4.1600
1989,3,3,1,72,3.5817
1989,3,3,2,89,0.9754
1989,3,3,3,120,-0.0874
1989,3,3,4,130,2.3643
1989,3,3,5,114,1.5777
1989,4,1,1,578,2.9844
1989,4,1,2,351,4.2555
1989,4,1,3,285,2.5273
1989,4,1,4,233,4.1626
1989,4,1,5,400,2.2949
1989,4,2,1,89,6.9692
1989,4,2,2,98,3.7120
1989,4,2,3,75,5.2360
1989,4,2,4,92,3.9821
1989,4,2,5,125,4.8162
1989,4,3,1,71,4.5041
1989,4,3,2,89,5.4360
1989,4,3,3,120,4.4455
1989,4,3,4,129,6.3803
1989,4,3,5,114,5.6245
1989,5,1,1,576,3.0845
1989,5,1,2,351,3.9779
1989,5,1,3,282,2.8963
1989,5,1,4,231,3.9265
1989,5,1,5,396,3.0050
1989,5,2,1,89,3.8099
1989,5,2,2,97,3.5676
1989,5,2,3,75,6.8584
1989,5,2,4,92,3.8996
1989,5,2,5,123,4.5074
1989,5,3,1,71,3.4156
1989,5,3,2,89,5.3523
1989,5,3,3,120,2.4814
1989,5,3,4,129,4.6301
1989,5,3,5,113,5.5971
1989,6,1,1,569,-1.2048
1989,6,1,2,349,-1.0048
1989,6,1,3,276,-1.7086
1989,6,1,4,228,-2.1565
1989,6,1,5,390,-1.4635
1989,6,2,1,89,-1.3011
1989,6,2,2,96,-0.7092
1989,6,2,3,75,-1.6338
1989,6,2,4,91,-2.4320
1989,6,2,5,122,-2.3147
1989,6,3,1,70,-0.1167
1989,6,3,2,89,-0.7568
1989,6,3,3,120,-0.3144
1989,6,3,4,129,-0.5486
1989,6,3,5,111,-1.9864
1989,7,1,1,659,3.6404
1989,7,1,2,372,3.1876
1989,7,1,3,329,2.2876
1989,7,1,4,268,3.9412
1989,7,1,5,451,2.4921
1989,7,2,1,87,3.6920
1989,7,2,2,84,4.6328
1989,7,2,3,90,3.8631
1989,7,2,4,107,4.9104
1989,7,2,5,137,5.1651
1989,7,3,1,80,9.9467
1989,7,3,2,94,7.3997
1989,7,3,3,102,9.4242
1989,7,3,4,124,6.7411
1989,7,3,5,121,8.5914
1989,8,1,1,652,2.2185
1989,8,1,2,370,1.6687
1989,8,1,3,323,2.6740
1989,8,1,4,267,0.3534
1989,8,1,5,451,1.8780
1989,8,2,1,87,1.9549
1989,8,2,2,84,3.3221
1989,8,2,3,90,2.6449
1989,8,2,4,107,3.0014
1989,8,2,5,136,3.9132
1989,8,3,1,80,1.3905
1989,8,3,2,93,1.9327
1989,8,3,3,102,0.8364
1989,8,3,4,122,2.5205
1989,8,3,5,119,1.8389
1989,9,1,1,646,-0.5617
1989,9,1,2,366,0.0161
1989,9,1,3,321,0.6132
1989,9,1,4,265,1.0648
1989,9,1,5,447,-0.9479
1989,9,2,1,86,1.8570
1989,9,2,2,83,1.1737
1989,9,2,3,90,-0.0110
1989,9,2,4,107,0.2570
1989,9,2,5,132,0.8750
1989,9,3,1,79,1.2991
1989,9,3,2,92,0.1467
1989,9,3,3,101,-1.7142
1989,9,3,4,122,-1.6736
1989,9,3,5,118,-0.2751
1989,10,1,1,634,-5.8529
1989,10,1,2,363,-5.7101
1989,10,1,3,316,-5.9302
1989,10,1,4,264,-6.7062
1989,10,1,5,444,-3.9291
1989,10,2,1,85,-7.9864
1989,10,2,2,82,-4.2681
1989,10,2,3,90,-6.2992
1989,10,2,4,107,-4.2529
1989,10,2,5,132,-4.6376
1989,10,3,1,79,-2.5144
1989,10,3,2,92,-2.1590
1989,10,3,3,101,-0.7733
1989,10,3,4,122,-4.3421
1989,10,3,5,118,-1.2510
1989,11,1,1,626,-1.2709
1989,11,1,2,362,-0.4353
1989,11,1,3,312,-0.8971
1989,11,1,4,264,0.2323
1989,11,1,5,441,0.9272
1989,11,2,1,85,2.8559
1989,11,2,2,82,0.1670
1989,11,2,3,90,0.5775
1989,11,2,4,106,0.0758
1989,11,2,5,132,2.7540
1989,11,3,1,79,2.4375
1989,11,3,2,92,2.6438
1989,11,3,3,101,2.7895
1989,11,3,4,122,1.3279
1989,11,3,5,118,1.0232
1989,12,1,1,620,-1.6047
1989,12,1,2,360,-0.2015
1989,12,1,3,310,-0.8908
1989,12,1,4,263,-0.4941
1989,12,1,5,437,1.9558
1989,12,2,1,83,-1.2126
1989,12,2,2,82,2.2450
1989,12,2,3,90,1.5020
1989,12,2,4,105,2.1312
1989,12,2,5,130,0.7142
1989,12,3,1,79,3.0533
1989,12,3,2,92,2.7724
1989,12,3,3,100,3.4593
1989,12,3,4,122,2.3020
1989,12,3,5,118,2.7596
1990,1,1,1,618,-6.5084
1990,1,1,2,360,-9.0079
1990,1,1,3,309,-7.4817
1990,1,1,4,262,-6.6271
1990,1,1,5,431,-6.8183
1990,1,2,1,82,-6.9086
1990,1,2,2,80,-8.3670
1990,1,2,3,90,-9.2642
1990,1,2,4,105,-8.3907
1990,1,2,5,130,-8.8529
1990,1,3,1,79,-8.3928
1990,1,3,2,91,-6.0174
1990,1,3,3,99,-6.5747
1990,1,3,4,122,-5.4090
1990,1,3,5,118,-6.2678
1990,2,1,1,613,2.2697
1990,2,1,2,358,3.3542
1990,2,1,3,309,2.3330
1990,2,1,4,260,3.9595
1990,2,1,5,425,2.4841
1990,2,2,1,79,2.1944
1990,2,2,2,80,3.2906
1990,2,2,3,88,1.8920
1990,2,2,4,105,2.4022
1990,2,2,5,129,5.0518
1990,2,3,1,78,1.7037
1990,2,3,2,90,0.4157
1990,2,3,3,99,0.8742
1990,2,3,4,120,1.4624
1990,2,3,5,118,1.8662
1990,3,1,1,607,5.0099
1990,3,1,2,356,4.6511
1990,3,1,3,306,4.0103
1990,3,1,4,260,2.2537
1990,3,1,5,422,2.9433
1990,3,2,1,77,2.5224
1990,3,2,2,80,5.6614
1990,3,2,3,87,2.9665
1990,3,2,4,105,3.8732
1990,3,2,5,128,5.3271
1990,3,3,1,78,2.9928
1990,3,3,2,91,1.9334
1990,3,3,3,99,3.4724
1990,3,3,4,120,2.6941
1990,3,3,5,118,3.6457
1990,4,1,1,604,-2.2765
1990,4,1,2,353,-2.5001
1990,4,1,3,306,-2.9930
1990,4,1,4,259,-0.3349
1990,4,1,5,418,-3.6073
1990,4,2,1,77,-3.3449
1990,4,2,2,80,-1.9569
1990,4,2,3,86,-4.4433
1990,4,2,4,104,-3.0757
1990,4,2,5,127,-2.9182
1990,4,3,1,78,-3.1058
1990,4,3,2,91,-1.5027
1990,4,3,3,99,-2.5793
1990,4,3,4,120,-2.6433
1990,4,3,5,117,-0.6852
1990,5,1,1,594,5.9947
1990,5,1,2,351,6.0531
1990,5,1,3,306,6.9961
1990,5,1,4,258,5.9445
1990,5,1,5,416,8.3088
1990,5,2,1,77,8.3396
1990,5,2,2,80,5.8168
1990,5,2,3,85,6.6435
1990,5,2,4,104,7.5023
1990,5,2,5,127,8.0145
1990,5,3,1,77,8.8141
1990,5,3,2,91,7.7720
1990,5,3,3,99,9.4168
1990,5,3,4,120,9.0643
1990,5,3,5,117,10.0067
1990,6,1,1,588,0.6378
1990,6,1,2,345,2.3164
1990,6,1,3,302,1.7215
1990,6,1,4,256,-0.8597
1990,6,1,5,413,2.1064
1990,6,2,1,77,1.3225
1990,6,2,2,80,0.9269
1990,6,2,3,85,-0.9885
1990,6,2,4,104,0.7379
1990,6,2,5,126,-0.5760
1990,6,3,1,77,-2.3373
1990,6,3,2,91,0.2568
1990,6,3,3,99,0.2666
1990,6,3,4,120,-1.0281
1990,6,3,5,117,0.8156
1990,7,1,1,677,-3.3013
1990,7,1,2,371,-4.7198
1990,7,1,3,292,-4.1009
1990,7,1,4,240,-5.0430
1990,7,1,5,393,-4.0672
1990,7,2,1,83,-3.2920
1990,7,2,2,101,-2.8133
1990,7,2,3,106,-0.5566
1990,7,2,4,102,-4.5853
1990,7,2,5,149,-4.5718
1990,7,3,1,70,1.5570
1990,7,3,2,98,0.2720
1990,7,3,3,100,0.5798
1990,7,3,4,132,-0.3866
1990,7,3,5,122,-2.9648
1990,8,1,1,668,-14.0226
1990,8,1,2,367,-14.3331
1990,8,1,3,292,-12.1279
1990,8,1,4,238,-11.3563
1990,8,1,5,388,-16.0945
1990,8,2,1,83,-11.7048
1990,8,2,2,101,-11.7320
1990,8,2,3,105,-11.3733
1990,8,2,4,102,-12.4946
1990,8,2,5,149,-15.6599
1990,8,3,1,70,-10.1899
1990,8,3,2,98,-6.9390
1990,8,3,3,100,-8.2310
1990,8,3,4,132,-9.0962
1990,8,3,5,122,-8.6016
1990,9,1,1,659,-7.8045
1990,9,1,2,364,-9.1509
1990,9,1,3,292,-7.6678
1990,9,1,4,237,-6.2160
1990,9,1,5,387,-10.3018
1990,9,2,1,82,-8.0401
1990,9,2,2,101,-8.3937
1990,9,2,3,105,-5.4734
1990,9,2,4,100,-8.4658
1990,9,2,5,148,-9.2922
1990,9,3,1,70,-6.3764
1990,9,3,2,98,-3.1227
1990,9,3,3,99,-3.2114
1990,9,3,4,132,-2.7012
1990,9,3,5,119,-6.1855
1990,10,1,1,656,-7.2939
1990,10,1,2,361,-6.0241
1990,10,1,3,290,-5.1746
1990,10,1,4,236,-6.0317
1990,10,1,5,384,-6.8593
1990,10,2,1,82,-5.4595
1990,10,2,2,101,-5.1112
1990,10,2,3,104,-4.7541
1990,10,2,4,100,-4.1672
1990,10,2,5,147,-7.2275
1990,10,3,1,70,-0.6604
1990,10,3,2,98,0.3582
1990,10,3,3,99,2.1166
1990,10,3,4,132,0.4655
1990,10,3,5,118,-2.3115
1990,11,1,1,647,2.5751
1990,11,1,2,362,5.2391
1990,11,1,3,287,1.4725
1990,11,1,4,234,4.9272
1990,11,1,5,381,4.7707
1990,11,2,1,82,5.4052
1990,11,2,2,101,7.1349
1990,11,2,3,104,6.1995
1990,11,2,4,98,7.2650
1990,11,2,5,146,11.0816
1990,11,3,1,70,5.3770
1990,11,3,2,98,5.1759
1990,11,3,3,99,4.3798
1990,11,3,4,132,6.3977
1990,11,3,5,118,8.2038
1990,12,1,1,644,-0.1408
1990,12,1,2,359,1.5373
1990,12,1,3,287,3.7241
1990,12,1,4,233,1.6998
1990,12,1,5,381,0.2490
1990,12,2,1,82,3.5919
1990,12,2,2,100,3.8448
1990,12,2,3,104,4.4636
1990,12,2,4,97,5.0657
1990,12,2,5,146,3.2485
1990,12,3,1,70,5.3624
1990,12,3,2,98,0.8796
1990,12,3,3,98,2.8043
1990,12,3,4,132,1.5918
1990,12,3,5,118,4.4144
1991,1,1,1,639,11.0817
1991,1,1,2,355,10.3061
1991,1,1,3,283,8.2949
1991,1,1,4,231,5.1308
1991,1,1,5,379,9.4690
1991,1,2,1,81,8.6000
1991,1,2,2,100,8.5662
1991,1,2,3,104,7.5275
1991,1,2,4,97,7.1076
1991,1,2,5,146,9.1938
1991,1,3,1,70,6.0906
1991,1,3,2,98,1.6350
1991,1,3,3,98,1.3090
1991,1,3,4,132,5.5641
1991,1,3,5,118,7.2265
1991,2,1,1,635,12.9779
1991,2,1,2,350,12.8993
1991,2,1,3,283,10.5570
1991,2,1,4,230,9.8576
1991,2,1,5,375,11.7984
1991,2,2,1,80,8.5816
1991,2,2,2,100,9.0490
1991,2,2,3,104,9.8269
1991,2,2,4,97,8.5591
1991,2,2,5,146,11.9298
1991,2,3,1,70,9.9798
1991,2,3,2,98,7.1975
1991,2,3,3,98,7.0179
1991,2,3,4,132,4.7682
1991,2,3,5,117,7.5660
1991,3,1,1,634,8.7163
1991,3,1,2,348,8.6510
1991,3,1,3,282,6.3202
1991,3,1,4,227,7.6385
1991,3,1,5,369,7.3528
1991,3,2,1,80,6.4603
1991,3,2,2,100,2.8338
1991,3,2,3,104,3.5148
1991,3,2,4,96,5.2104
1991,3,2,5,146,5.8410
1991,3,3,1,70,1.9560
1991,3,3,2,98,1.3567
1991,3,3,3,98,2.6318
1991,3,3,4,132,1.8750
1991,3,3,5,117,2.8050
1991,4,1,1,631,0.1272
1991,4,1,2,346,0.3312
1991,4,1,3,279,-0.2377
1991,4,1,4,226,-0.9092
1991,4,1,5,366,0.9757
1991,4,2,1,80,0.0538
1991,4,2,2,100,0.2450
1991,4,2,3,104,-1.5362
1991,4,2,4,95,-0.4281
1991,4,2,5,146,-0.6857
1991,4,3,1,70,0.1956
1991,4,3,2,98,-0.0312
1991,4,3,3,98,0.1232
1991,4,3,4,131,-0.6965
1991,4,3,5,117,0.6037
1991,5,1,1,625,4.4431
1991,5,1,2,341,2.6421
1991,5,1,3,277,3.6895
1991,5,1,4,221,4.2684
1991,5,1,5,362,2.4583
1991,5,2,1,80,4.7813
1991,5,2,2,100,3.5272
1991,5,2,3,104,4.1586
1991,5,2,4,94,5.0876
1991,5,2,5,146,4.4521
1991,5,3,1,70,4.5842
1991,5,3,2,98,2.8485
1991,5,3,3,98,4.2847
1991,5,3,4,131,3.2789
1991,5,3,5,117,5.6822
1991,6,1,1,619,-5.3211
1991,6,1,2,342,-4.9569
1991,6,1,3,276,-4.4347
1991,6,1,4,221,-3.6455
1991,6,1,5,356,-3.9714
1991,6,2,1,78,-3.8669
1991,6,2,2,100,-3.9516
1991,6,2,3,104,-4.4058
1991,6,2,4,94,-4.9850
1991,6,2,5,146,-4.9867
1991,6,3,1,69,-5.0504
1991,6,3,2,98,-3.6229
1991,6,3,3,98,-4.0298
1991,6,3,4,131,-4.2177
1991,6,3,5,117,-5.1227
1991,7,1,1,673,2.4860
1991,7,1,2,393,2.8229
1991,7,1,3,226,2.8962
1991,7,1,4,226,2.2862
1991,7,1,5,399,3.5932
1991,7,2,1,81,2.6383
1991,7,2,2,101,5.1275
1991,7,2,3,105,3.2111
1991,7,2,4,94,1.3827
1991,7,2,5,145,2.4636
1991,7,3,1,67,4.1486
1991,7,3,2,102,3.8079
1991,7,3,3,110,4.3079
1991,7,3,4,142,5.3116
1991,7,3,5,113,4.5576
1991,8,1,1,659,2.5965
1991,8,1,2,390,3.0516
1991,8,1,3,223,3.1192
1991,8,1,4,225,4.2519
1991,8,1,5,395,2.4175
1991,8,2,1,81,3.8962
1991,8,2,2,99,3.1516
1991,8,2,3,105,3.7858
1991,8,2,4,94,3.8319
1991,8,2,5,144,2.1628
1991,8,3,1,67,1.2843
1991,8,3,2,101,3.2540
1991,8,3,3,110,1.6439
1991,8,3,4,142,2.8342
1991,8,3,5,112,2.7843
1991,9,1,1,654,0.7404
1991,9,1,2,387,-0.4168
1991,9,1,3,222,-0.0210
1991,9,1,4,222,0.7607
1991,9,1,5,396,2.8307
1991,9,2,1,81,1.4836
1991,9,2,2,99,0.9874
1991,9,2,3,105,0.3723
1991,9,2,4,94,2.2600
1991,9,2,5,144,-0.4584
1991,9,3,1,67,-0.0695
1991,9,3,2,101,-1.2266
1991,9,3,3,110,-0.9637
1991,9,3,4,142,-2.3421
1991,9,3,5,111,-2.6270
1991,10,1,1,650,5.3435
1991,10,1,2,386,1.2946
1991,10,1,3,222,3.1158
1991,10,1,4,223,6.6205
1991,10,1,5,395,4.0879
1991,10,2,1,81,0.9001
1991,10,2,2,99,1.7868
1991,10,2,3,105,1.2903
1991,10,2,4,94,0.2382
1991,10,2,5,143,1.7879
1991,10,3,1,67,3.7621
1991,10,3,2,101,1.6135
1991,10,3,3,110,1.4319
1991,10,3,4,141,0.1771
1991,10,3,5,111,1.9298
1991,11,1,1,643,-2.7228
1991,11,1,2,382,-3.8157
1991,11,1,3,221,-2.5752
1991,11,1,4,222,-3.5978
1991,11,1,5,393,-2.4187
1991,11,2,1,81,-5.9878
1991,11,2,2,99,-5.0434
1991,11,2,3,103,-4.9220
1991,11,2,4,94,-3.7664
1991,11,2,5,143,-5.8874
1991,11,3,1,67,-1.4712
1991,11,3,2,101,-2.2162
1991,11,3,3,110,-3.4645
1991,11,3,4,141,-3.0278
1991,11,3,5,111,-4.0185
1991,12,1,1,637,5.7236
1991,12,1,2,377,5.5513
1991,12,1,3,220,4.7344
1991,12,1,4,219,8.4900
1991,12,1,5,392,3.2939
1991,12,2,1,81,7.6335
1991,12,2,2,99,5.3721
1991,12,2,3,103,11.0425
1991,12,2,4,93,7.9374
1991,12,2,5,142,6.2261
1991,12,3,1,67,10.6889
1991,12,3,2,101,11.4941
1991,12,3,3,110,9.0347
1991,12,3,4,141,12.3231
1991,12,3,5,111,11.9759
1992,1,1,1,626,14.2786
1992,1,1,2,373,12.0089
1992,1,1,3,219,10.8101
1992,1,1,4,217,11.3517
1992,1,1,5,390,12.0570
1992,1,2,1,81,4.8431
1992,1,2,2,99,9.0373
1992,1,2,3,103,4.1566
1992,1,2,4,93,5.4906
1992,1,2,5,142,6.4367
1992,1,3,1,67,-2.3074
1992,1,3,2,101,-2.1545
1992,1,3,3,107,-1.4152
1992,1,3,4,141,-2.5781
1992,1,3,5,111,1.3401
1992,2,1,1,626,4.3546
1992,2,1,2,369,3.9379
1992,2,1,3,218,3.8709
1992,2,1,4,216,4.2798
1992,2,1,5,384,3.5953
1992,2,2,1,81,1.7962
1992,2,2,2,98,1.3800
1992,2,2,3,103,4.0202
1992,2,2,4,92,2.1898
1992,2,2,5,142,1.5325
1992,2,3,1,67,2.2237
1992,2,3,2,101,2.6325
1992,2,3,3,107,1.6726
1992,2,3,4,141,-0.2713
1992,2,3,5,111,0.4786
1992,3,1,1,619,-3.6319
1992,3,1,2,367,-3.2434
1992,3,1,3,216,-1.4054
1992,3,1,4,215,-1.1030
1992,3,1,5,379,-5.3507
1992,3,2,1,81,-1.7869
1992,3,2,2,97,-4.6031
1992,3,2,3,103,-6.1018
1992,3,2,4,92,-3.2650
1992,3,2,5,142,-4.8491
1992,3,3,1,67,-1.3937
1992,3,3,2,101,-1.2987
1992,3,3,3,107,-2.7755
1992,3,3,4,141,-2.4282
1992,3,3,5,111,-1.4086
1992,4,1,1,613,-5.8251
1992,4,1,2,362,-5.9109
1992,4,1,3,214,-4.1639
1992,4,1,4,216,-4.4548
1992,4,1,5,377,-7.4259
1992,4,2,1,81,-2.3141
1992,4,2,2,97,-2.0070
1992,4,2,3,102,-3.6837
1992,4,2,4,92,-4.9877
1992,4,2,5,141,-3.7913
1992,4,3,1,67,0.6942
1992,4,3,2,101,1.7829
1992,4,3,3,107,3.0953
1992,4,3,4,141,3.2594
1992,4,3,5,111,0.6435
1992,5,1,1,602,-0.8524
1992,5,1,2,361,0.1111
1992,5,1,3,213,-0.2092
1992,5,1,4,214,-0.1020
1992,5,1,5,374,0.0974
1992,5,2,1,81,-0.1879
1992,5,2,2,97,-0.9949
1992,5,2,3,102,0.6477
1992,5,2,4,92,1.5944
1992,5,2,5,141,-1.1970
1992,5,3,1,67,-0.4510
1992,5,3,2,100,1.8625
1992,5,3,3,107,0.2425
1992,5,3,4,141,0.2159
1992,5,3,5,111,0.3374
1992,6,1,1,589,-5.3222
1992,6,1,2,358,-8.7946
1992,6,1,3,209,-4.2087
1992,6,1,4,214,-5.5315
1992,6,1,5,372,-6.6720
1992,6,2,1,81,-5.2305
1992,6,2,2,97,-4.0461
1992,6,2,3,102,-3.3795
1992,6,2,4,92,-4.7403
1992,6,2,5,139,-4.0374
1992,6,3,1,67,-1.6547
1992,6,3,2,100,-1.0723
1992,6,3,3,107,-2.6606
1992,6,3,4,141,-1.0463
1992,6,3,5,110,-3.6558
1992,7,1,1,617,1.7151
1992,7,1,2,373,1.5918
1992,7,1,3,222,1.5039
1992,7,1,4,219,-2.5094
1992,7,1,5,372,2.4428
1992,7,2,1,95,3.2738
1992,7,2,2,109,5.1635
1992,7,2,3,93,3.6307
1992,7,2,4,102,-0.0803
1992,7,2,5,148,4.3238
1992,7,3,1,74,5.3047
1992,7,3,2,87,3.7021
1992,7,3,3,122,3.6622
1992,7,3,4,144,3.9426
1992,7,3,5,121,5.0728
1992,8,1,1,600,-3.7895
1992,8,1,2,371,-2.4319
1992,8,1,3,219,-2.7169
1992,8,1,4,215,-1.5990
1992,8,1,5,365,-2.0122
1992,8,2,1,94,-3.8885
1992,8,2,2,109,-3.1339
1992,8,2,3,93,-1.4423
1992,8,2,4,101,-2.4172
1992,8,2,5,147,-1.6143
1992,8,3,1,74,-1.5188
1992,8,3,2,87,-2.8408
1992,8,3,3,122,-2.1563
1992,8,3,4,144,-1.3615
1992,8,3,5,121,-1.3931
1992,9,1,1,585,1.6036
1992,9,1,2,369,1.5724
1992,9,1,3,215,0.3061
1992,9,1,4,212,-0.5278
1992,9,1,5,360,1.3259
1992,9,2,1,94,3.4079
1992,9,2,2,109,1.1583
1992,9,2,3,93,2.6934
1992,9,2,4,101,0.3769
1992,9,2,5,146,1.4601
1992,9,3,1,74,1.0363
1992,9,3,2,87,1.3905
1992,9,3,3,122,0.6652
1992,9,3,4,144,0.2721
1992,9,3,5,121,1.8807
1992,10,1,1,578,1.8926
1992,10,1,2,367,4.5720
1992,10,1,3,215,2.7641
1992,10,1,4,212,3.0451
1992,10,1,5,359,2.2243
1992,10,2,1,94,3.0497
1992,10,2,2,109,1.3862
1992,10,2,3,93,2.6799
1992,10,2,4,101,1.2770
1992,10,2,5,146,4.2822
1992,10,3,1,74,-1.9118
1992,10,3,2,87,0.5271
1992,10,3,3,122,-0.5788
1992,10,3,4,144,1.4582
1992,10,3,5,119,2.5124
1992,11,1,1,573,10.1602
1992,11,1,2,366,7.6242
1992,11,1,3,211,10.1713
1992,11,1,4,211,8.7621
1992,11,1,5,355,8.0991
1992,11,2,1,94,6.5864
1992,11,2,2,108,7.0507
1992,11,2,3,93,3.6866
1992,11,2,4,100,8.0399
1992,11,2,5,145,7.1086
1992,11,3,1,74,3.8007
1992,11,3,2,87,4.5114
1992,11,3,3,122,2.0090
1992,11,3,4,143,2.8183
1992,11,3,5,119,4.0615
1992,12,1,1,567,3.3482
1992,12,1,2,365,4.1889
1992,12,1,3,211,2.4051
1992,12,1,4,208,3.2064
1992,12,1,5,351,2.1027
1992,12,2,1,94,4.7014
1992,12,2,2,108,4.1338
1992,12,2,3,93,4.4158
1992,12,2,4,100,2.6266
1992,12,2,5,145,1.2237
1992,12,3,1,74,-0.1108
1992,12,3,2,87,2.0790
1992,12,3,3,122,-1.2229
1992,12,3,4,143,2.1966
1992,12,3,5,119,0.4204
1993,1,1,1,566,5.7924
1993,1,1,2,363,6.2057
1993,1,1,3,209,5.4268
1993,1,1,4,208,5.4109
1993,1,1,5,348,3.7638
1993,1,2,1,94,2.7282
1993,1,2,2,108,3.3638
1993,1,2,3,93,0.6450
1993,1,2,4,100,2.2287
1993,1,2,5,144,0.8835
1993,1,3,1,74,-0.1786
1993,1,3,2,87,1.8659
1993,1,3,3,122,-0.6464
1993,1,3,4,143,0.0772
1993,1,3,5,119,0.1341
1993,2,1,1,560,-2.0755
1993,2,1,2,363,-2.5277
1993,2,1,3,206,-2.1398
1993,2,1,4,207,-3.1602
1993,2,1,5,346,-4.3459
1993,2,2,1,94,-3.9929
1993,2,2,2,108,-1.3958
1993,2,2,3,93,0.6345
1993,2,2,4,100,-1.3550
1993,2,2,5,144,-1.7216
1993,2,3,1,74,-2.2160
1993,2,3,2,87,1.1204
1993,2,3,3,122,2.1066
1993,2,3,4,143,1.9299
1993,2,3,5,119,-1.5266
1993,3,1,1,560,4.4921
1993,3,1,2,359,2.0960
1993,3,1,3,205,1.3819
1993,3,1,4,207,3.0622
1993,3,1,5,346,1.1141
1993,3,2,1,93,2.3614
1993,3,2,2,108,3.8369
1993,3,2,3,92,2.5549
1993,3,2,4,100,3.2121
1993,3,2,5,144,3.1259
1993,3,3,1,74,1.5593
1993,3,3,2,87,3.8723
1993,3,3,3,122,2.1347
1993,3,3,4,143,0.9443
1993,3,3,5,119,1.5352
1993,4,1,1,554,-2.7487
1993,4,1,2,355,-2.8424
1993,4,1,3,205,-1.1137
1993,4,1,4,206,-2.9708
1993,4,1,5,344,-3.3289
1993,4,2,1,93,-0.2127
1993,4,2,2,108,-3.2817
1993,4,2,3,92,-3.6127
1993,4,2,4,100,-3.5634
1993,4,2,5,144,-1.7509
1993,4,3,1,73,-6.0426
1993,4,3,2,87,0.0528
1993,4,3,3,122,-1.9324
1993,4,3,4,143,-1.9260
1993,4,3,5,119,-5.2011
1993,5,1,1,551,5.1290
1993,5,1,2,354,4.3997
1993,5,1,3,203,4.8906
1993,5,1,4,204,6.6144
1993,5,1,5,343,4.3323
1993,5,2,1,92,5.7234
1993,5,2,2,108,5.3150
1993,5,2,3,92,3.9321
1993,5,2,4,100,4.9108
1993,5,2,5,144,6.5951
1993,5,3,1,73,2.9177
1993,5,3,2,87,1.6817
1993,5,3,3,122,2.6195
1993,5,3,4,143,3.1177
1993,5,3,5,119,4.0790
1993,6,1,1,547,2.0889
1993,6,1,2,353,0.8811
1993,6,1,3,202,-1.8919
1993,6,1,4,204,-1.0357
1993,6,1,5,344,-1.2811
1993,6,2,1,92,3.4128
1993,6,2,2,108,0.4320
1993,6,2,3,92,1.7817
1993,6,2,4,100,0.9957
1993,6,2,5,143,0.3067
1993,6,3,1,73,-0.5643
1993,6,3,2,87,0.4943
1993,6,3,3,122,-0.0126
1993,6,3,4,143,0.8270
1993,6,3,5,119,-2.8095
1993,7,1,1,450,0.3808
1993,7,1,2,391,2.1090
1993,7,1,3,295,-0.2242
1993,7,1,4,236,-1.2630
1993,7,1,5,451,-0.6380
1993,7,2,1,74,1.0381
1993,7,2,2,106,0.2250
1993,7,2,3,99,1.2296
1993,7,2,4,115,3.1270
1993,7,2,5,150,-0.3471
1993,7,3,1,101,-0.3327
1993,7,3,2,102,-1.3377
1993,7,3,3,117,0.4056
1993,7,3,4,141,-0.8181
1993,7,3,5,122,-2.6641
1993,8,1,1,446,1.1514
1993,8,1,2,389,3.4738
1993,8,1,3,290,4.8100
1993,8,1,4,235,5.6016
1993,8,1,5,449,3.6299
1993,8,2,1,74,1.0336
1993,8,2,2,106,4.1504
1993,8,2,3,99,4.5426
1993,8,2,4,115,5.3727
1993,8,2,5,150,4.2939
1993,8,3,1,101,2.8642
1993,8,3,2,102,4.3258
1993,8,3,3,117,4.1971
1993,8,3,4,141,3.4390
1993,8,3,5,122,4.5966
1993,9,1,1,437,2.0621
1993,9,1,2,388,2.8891
1993,9,1,3,292,0.8322
1993,9,1,4,235,2.5695
1993,9,1,5,445,1.9461
1993,9,2,1,74,3.4800
1993,9,2,2,106,2.5979
1993,9,2,3,99,0.2917
1993,9,2,4,114,4.3107
1993,9,2,5,150,2.9493
1993,9,3,1,101,-0.6223
1993,9,3,2,102,-1.4784
1993,9,3,3,117,-1.0113
1993,9,3,4,141,-1.2382
1993,9,3,5,122,0.1394
1993,10,1,1,431,5.6032
1993,10,1,2,384,6.4488
1993,10,1,3,290,3.3673
1993,10,1,4,235,3.7061
1993,10,1,5,446,4.6679
1993,10,2,1,74,3.2112
1993,10,2,2,106,1.7890
1993,10,2,3,99,3.5741
1993,10,2,4,113,1.6784
1993,10,2,5,148,3.1015
1993,10,3,1,101,4.3929
1993,10,3,2,102,3.5617
1993,10,3,3,117,1.6410
1993,10,3,4,141,1.4770
1993,10,3,5,122,2.9039
1993,11,1,1,430,-4.0961
1993,11,1,2,384,-0.6530
1993,11,1,3,291,-1.0774
1993,11,1,4,235,-3.0008
1993,11,1,5,442,-2.7867
1993,11,2,1,74,-0.6553
1993,11,2,2,106,-1.5609
1993,11,2,3,99,-3.9740
1993,11,2,4,112,-5.1046
1993,11,2,5,149,-3.8496
1993,11,3,1,100,0.1617
1993,11,3,2,102,0.4703
1993,11,3,3,117,-1.0293
1993,11,3,4,141,-1.4549
1993,11,3,5,121,0.1983
1993,12,1,1,427,1.1669
1993,12,1,2,379,3.8718
1993,12,1,3,290,-0.5210
1993,12,1,4,234,0.5937
1993,12,1,5,441,-1.1435
1993,12,2,1,73,4.7041
1993,12,2,2,106,4.5788
1993,12,2,3,99,4.8408
1993,12,2,4,112,3.6984
1993,12,2,5,149,5.3986
1993,12,3,1,100,1.3632
1993,12,3,2,101,2.4956
1993,12,3,3,117,1.8841
1993,12,3,4,140,1.3175
1993,12,3,5,121,-0.2770
1994,1,1,1,427,4.6480
1994,1,1,2,377,6.4436
1994,1,1,3,287,4.7817
1994,1,1,4,231,5.6740
1994,1,1,5,438,3.9990
1994,1,2,1,73,2.2284
1994,1,2,2,106,4.1847
1994,1,2,3,99,3.3141
1994,1,2,4,112,1.9086
1994,1,2,5,149,3.5160
1994,1,3,1,99,4.8473
1994,1,3,2,101,3.1022
1994,1,3,3,117,2.0171
1994,1,3,4,140,1.6994
1994,1,3,5,121,2.4348
1994,2,1,1,421,-1.4561
1994,2,1,2,377,-1.3658
1994,2,1,3,286,0.4006
1994,2,1,4,232,-0.1247
1994,2,1,5,437,-1.0709
1994,2,2,1,73,0.5490
1994,2,2,2,106,-0.1359
1994,2,2,3,99,-0.7137
1994,2,2,4,111,2.3203
1994,2,2,5,149,-0.5700
1994,2,3,1,99,-2.6338
1994,2,3,2,100,-3.9544
1994,2,3,3,117,-2.4519
1994,2,3,4,140,-1.9386
1994,2,3,5,121,-0.9934
1994,3,1,1,415,-5.3554
1994,3,1,2,371,-5.0767
1994,3,1,3,285,-4.0191
1994,3,1,4,231,-6.3865
1994,3,1,5,435,-5.2014
1994,3,2,1,72,-4.1947
1994,3,2,2,106,-7.4785
1994,3,2,3,99,-5.5344
1994,3,2,4,111,-5.0780
1994,3,2,5,149,-5.5344
1994,3,3,1,99,-3.9070
1994,3,3,2,100,-5.4381
1994,3,3,3,117,-3.1420
1994,3,3,4,140,-4.4671
1994,3,3,5,121,-4.4511
1994,4,1,1,412,-1.7316
1994,4,1,2,368,0.0239
1994,4,1,3,283,-1.6303
1994,4,1,4,232,-1.7244
1994,4,1,5,436,-1.8542
1994,4,2,1,72,-0.0170
1994,4,2,2,106,0.0971
1994,4,2,3,99,-0.1397
1994,4,2,4,111,2.8619
1994,4,2,5,149,0.9897
1994,4,3,1,99,2.0239
1994,4,3,2,100,0.9723
1994,4,3,3,117,1.3142
1994,4,3,4,140,0.4919
1994,4,3,5,121,-0.2170
1994,5,1,1,410,-1.1389
1994,5,1,2,367,-1.1362
1994,5,1,3,278,-3.7259
1994,5,1,4,231,-0.5537
1994,5,1,5,431,-1.3488
1994,5,2,1,72,-2.3551
1994,5,2,2,106,-1.5002
1994,5,2,3,99,-2.3434
1994,5,2,4,109,-1.3081
1994,5,2,5,148,-1.8227
1994,5,3,1,97,0.8584
1994,5,3,2,100,0.1826
1994,5,3,3,117,0.8749
1994,5,3,4,140,0.0324
1994,5,3,5,121,0.6979
1994,6,1,1,408,-5.0128
1994,6,1,2,363,-6.6268
1994,6,1,3,275,-3.6142
1994,6,1,4,231,-3.2560
1994,6,1,5,429,-4.9322
1994,6,2,1,72,-2.3811
1994,6,2,2,106,-5.0607
1994,6,2,3,99,-0.7777
1994,6,2,4,108,-3.1479
1994,6,2,5,147,-3.9336
1994,6,3,1,98,-2.7218
1994,6,3,2,100,-1.8599
1994,6,3,3,117,-2.7291
1994,6,3,4,140,-2.4561
1994,6,3,5,121,-2.5003
1994,7,1,1,448,2.8063
1994,7,1,2,482,0.8668
1994,7,1,3,298,2.1504
1994,7,1,4,278,1.0947
1994,7,1,5,457,0.1965
1994,7,2,1,86,1.6575
1994,7,2,2,104,0.4961
1994,7,2,3,98,1.8402
1994,7,2,4,115,1.7501
1994,7,2,5,163,1.7918
1994,7,3,1,97,3.3443
1994,7,3,2,118,2.8381
1994,7,3,3,124,4.9499
1994,7,3,4,135,2.4108
1994,7,3,5,141,2.8524
1994,8,1,1,445,3.7027
1994,8,1,2,480,4.9858
1994,8,1,3,298,4.6061
1994,8,1,4,276,3.8066
1994,8,1,5,453,2.8000
1994,8,2,1,86,5.3696
1994,8,2,2,104,6.6000
1994,8,2,3,96,5.2047
1994,8,2,4,115,8.7429
1994,8,2,5,162,6.6799
1994,8,3,1,97,3.6386
1994,8,3,2,118,5.3389
1994,8,3,3,124,4.0478
1994,8,3,4,135,4.9800
1994,8,3,5,141,4.2990
1994,9,1,1,440,1.0052
1994,9,1,2,475,1.6550
1994,9,1,3,296,1.8376
1994,9,1,4,273,3.7871
1994,9,1,5,450,0.9687
1994,9,2,1,86,-0.9944
1994,9,2,2,104,-0.1355
1994,9,2,3,96,-0.4265
1994,9,2,4,115,-1.9913
1994,9,2,5,162,-1.0414
1994,9,3,1,96,-1.5894
1994,9,3,2,118,-2.1511
1994,9,3,3,124,-0.6649
1994,9,3,4,135,-1.4053
1994,9,3,5,139,-1.9170
1994,10,1,1,434,0.5938
1994,10,1,2,472,1.6779
1994,10,1,3,295,1.0620
1994,10,1,4,269,1.0296
1994,10,1,5,451,-2.1059
1994,10,2,1,86,-2.7618
1994,10,2,2,103,0.3914
1994,10,2,3,95,1.3135
1994,10,2,4,114,-1.4105
1994,10,2,5,162,0.8507
1994,10,3,1,95,1.0333
1994,10,3,2,117,2.0457
1994,10,3,3,124,2.4681
1994,10,3,4,135,2.2008
1994,10,3,5,138,2.4999
1994,11,1,1,430,-4.2686
1994,11,1,2,470,-1.5603
1994,11,1,3,294,-2.0943
1994,11,1,4,268,-0.5856
1994,11,1,5,448,-3.4382
1994,11,2,1,86,-3.9171
1994,11,2,2,103,-2.4740
1994,11,2,3,95,-1.9653
1994,11,2,4,113,-1.8827
1994,11,2,5,162,-4.8599
1994,11,3,1,94,-4.7125
1994,11,3,2,117,-4.1098
1994,11,3,3,124,-2.7847
1994,11,3,4,135,-2.4557
1994,11,3,5,136,-1.6227
1994,12,1,1,427,0.7754
1994,12,1,2,464,0.1737
1994,12,1,3,292,0.2567
1994,12,1,4,267,0.2361
1994,12,1,5,446,-1.7895
1994,12,2,1,86,1.6094
1994,12,2,2,102,1.1328
1994,12,2,3,95,2.3200
1994,12,2,4,113,1.7446
1994,12,2,5,162,1.9309
1994,12,3,1,93,3.5314
1994,12,3,2,117,1.4642
1994,12,3,3,124,1.5783
1994,12,3,4,135,0.8241
1994,12,3,5,136,0.7232
1995,1,1,1,424,1.5060
1995,1,1,2,460,1.5103
1995,1,1,3,290,1.5786
1995,1,1,4,264,1.5457
1995,1,1,5,441,2.4749
1995,1,2,1,86,-1.8791
1995,1,2,2,101,-1.0516
1995,1,2,3,95,-3.2600
1995,1,2,4,112,-0.5616
1995,1,2,5,160,-1.4219
1995,1,3,1,92,0.7834
1995,1,3,2,116,1.5701
1995,1,3,3,124,2.2234
1995,1,3,4,135,2.3699
1995,1,3,5,135,3.8518
1995,2,1,1,424,1.8179
1995,2,1,2,456,3.1465
1995,2,1,3,288,2.9508
1995,2,1,4,264,1.9636
1995,2,1,5,439,1.8090
1995,2,2,1,86,3.8833
1995,2,2,2,98,2.6936
1995,2,2,3,94,3.1659
1995,2,2,4,112,3.8143
1995,2,2,5,160,4.9727
1995,2,3,1,92,4.2219
1995,2,3,2,116,4.3056
1995,2,3,3,124,3.9258
1995,2,3,4,134,2.5873
1995,2,3,5,134,3.9586
1995,3,1,1,420,1.2269
1995,3,1,2,452,2.6501
1995,3,1,3,287,-0.2961
1995,3,1,4,262,0.1937
1995,3,1,5,437,0.0607
1995,3,2,1,86,3.9601
1995,3,2,2,98,1.2420
1995,3,2,3,94,2.4605
1995,3,2,4,112,1.5486
1995,3,2,5,160,2.5137
1995,3,3,1,92,2.2906
1995,3,3,2,116,2.9291
1995,3,3,3,123,3.4459
1995,3,3,4,134,2.0142
1995,3,3,5,133,2.6868
1995,4,1,1,417,3.1253
1995,4,1,2,449,4.4860
1995,4,1,3,284,3.6966
1995,4,1,4,263,2.3546
1995,4,1,5,430,2.9381
1995,4,2,1,86,1.6729
1995,4,2,2,98,3.6015
1995,4,2,3,94,2.7681
1995,4,2,4,112,2.0219
1995,4,2,5,159,1.6839
1995,4,3,1,91,3.3386
1995,4,3,2,115,2.0730
1995,4,3,3,122,2.7685
1995,4,3,4,134,3.0553
1995,4,3,5,133,1.6536
1995,5,1,1,415,3.0101
1995,5,1,2,446,1.9289
1995,5,1,3,283,2.8885
1995,5,1,4,261,2.2395
1995,5,1,5,425,2.4364
1995,5,2,1,86,1.6911
1995,5,2,2,98,-0.4768
1995,5,2,3,94,-0.6677
1995,5,2,4,112,-0.1688
1995,5,2,5,159,0.9054
1995,5,3,1,91,1.9625
1995,5,3,2,113,3.0248
1995,5,3,3,122,3.1015
1995,5,3,4,134,4.4596
1995,5,3,5,133,4.4836
1995,6,1,1,413,7.1624
1995,6,1,2,441,8.1451
1995,6,1,3,281,6.2938
1995,6,1,4,258,6.7465
1995,6,1,5,422,6.6790
1995,6,2,1,86,4.3230
1995,6,2,2,97,4.3132
1995,6,2,3,94,3.2076
1995,6,2,4,112,5.3223
1995,6,2,5,159,5.2125
1995,6,3,1,90,1.3874
1995,6,3,2,111,2.2244
1995,6,3,3,121,3.3120
1995,6,3,4,134,2.5004
1995,6,3,5,133,5.2897
1995,7,1,1,536,4.9226
1995,7,1,2,395,5.6701
1995,7,1,3,290,5.7427
1995,7,1,4,322,5.5404
1995,7,1,5,502,4.9618
1995,7,2,1,95,6.9620
1995,7,2,2,144,4.3338
1995,7,2,3,106,7.6737
1995,7,2,4,139,5.9081
1995,7,2,5,186,5.7858
1995,7,3,1,102,4.0873
1995,7,3,2,114,2.9238
1995,7,3,3,148,2.3969
1995,7,3,4,147,3.7167
1995,7,3,5,139,5.3161
1995,8,1,1,530,4.9175
1995,8,1,2,392,3.8809
1995,8,1,3,287,2.5737
1995,8,1,4,320,6.7063
1995,8,1,5,495,2.3649
1995,8,2,1,93,1.6800
1995,8,2,2,144,2.0650
1995,8,2,3,105,2.7693
1995,8,2,4,139,0.0486
1995,8,2,5,183,0.4599
1995,8,3,1,101,-0.2560
1995,8,3,2,113,-0.2243
1995,8,3,3,147,-0.3401
1995,8,3,4,146,1.4314
1995,8,3,5,139,0.2466
1995,9,1,1,531,3.9527
1995,9,1,2,389,2.8113
1995,9,1,3,286,1.0147
1995,9,1,4,315,3.6696
1995,9,1,5,488,1.5251
1995,9,2,1,93,2.9595
1995,9,2,2,142,1.8667
1995,9,2,3,105,2.7233
1995,9,2,4,139,1.3568
1995,9,2,5,183,-0.4753
1995,9,3,1,101,3.7494
1995,9,3,2,112,3.9357
1995,9,3,3,147,4.6908
1995,9,3,4,146,3.2999
1995,9,3,5,139,3.8481
1995,10,1,1,526,-5.1177
1995,10,1,2,389,-4.6189
1995,10,1,3,286,-5.0422
1995,10,1,4,314,-6.2535
1995,10,1,5,483,-7.0647
1995,10,2,1,93,-6.4613
1995,10,2,2,142,-4.5990
1995,10,2,3,105,-5.9572
1995,10,2,4,138,-9.2627
1995,10,2,5,181,-7.8892
1995,10,3,1,99,-0.2955
1995,10,3,2,112,0.4330
1995,10,3,3,147,0.3609
1995,10,3,4,146,-0.9991
1995,10,3,5,139,-0.6325
1995,11,1,1,519,1.3433
1995,11,1,2,387,1.5801
1995,11,1,3,283,1.7146
1995,11,1,4,310,1.3773
1995,11,1,5,477,2.3904
1995,11,2,1,92,6.6614
1995,11,2,2,142,7.4637
1995,11,2,3,105,3.6618
1995,11,2,4,138,2.8229
1995,11,2,5,180,4.7614
1995,11,3,1,99,4.6641
1995,11,3,2,112,4.3779
1995,11,3,3,146,4.5120
1995,11,3,4,146,4.2979
1995,11,3,5,138,2.1102
1995,12,1,1,512,2.6896
1995,12,1,2,385,4.5218
1995,12,1,3,282,2.7329
1995,12,1,4,308,1.7154
1995,12,1,5,473,0.8518
1995,12,2,1,91,6.6608
1995,12,2,2,141,2.8000
1995,12,2,3,105,0.9041
1995,12,2,4,137,-0.8531
1995,12,2,5,179,2.4014
1995,12,3,1,99,2.4126
1995,12,3,2,111,2.4372
1995,12,3,3,144,1.8227
1995,12,3,4,146,1.9911
1995,12,3,5,138,-0.2010
1996,1,1,1,508,1.6480
1996,1,1,2,384,2.5342
1996,1,1,3,278,0.9368
1996,1,1,4,306,-0.3901
1996,1,1,5,470,-1.5054
1996,1,2,1,91,-1.9403
1996,1,2,2,141,0.6021
1996,1,2,3,105,-0.4881
1996,1,2,4,137,-0.3041
1996,1,2,5,179,0.6809
1996,1,3,1,99,4.4522
1996,1,3,2,110,3.0915
1996,1,3,3,144,3.3102
1996,1,3,4,146,2.9642
1996,1,3,5,138,1.9724
1996,2,1,1,506,4.2798
1996,2,1,2,383,1.8229
1996,2,1,3,270,3.7698
1996,2,1,4,304,1.8053
1996,2,1,5,463,3.1001
1996,2,2,1,90,2.9719
1996,2,2,2,138,3.8247
1996,2,2,3,104,4.1629
1996,2,2,4,137,3.8596
1996,2,2,5,177,4.2763
1996,2,3,1,99,1.6456
1996,2,3,2,110,1.9697
1996,2,3,3,144,0.8175
1996,2,3,4,146,0.8239
1996,2,3,5,136,0.6171
1996,3,1,1,502,1.7884
1996,3,1,2,382,2.0295
1996,3,1,3,270,2.9512
1996,3,1,4,302,2.9458
1996,3,1,5,458,4.2648
1996,3,2,1,89,4.7866
1996,3,2,2,137,0.5489
1996,3,2,3,104,1.1842
1996,3,2,4,137,2.3929
1996,3,2,5,176,4.2322
1996,3,3,1,98,-0.7841
1996,3,3,2,110,1.9371
1996,3,3,3,143,1.9264
1996,3,3,4,145,0.4831
1996,3,3,5,136,0.3871
1996,4,1,1,497,7.8286
1996,4,1,2,377,7.7397
1996,4,1,3,270,11.6666
1996,4,1,4,302,8.2877
1996,4,1,5,456,9.2422
1996,4,2,1,89,8.8813
1996,4,2,2,137,6.0797
1996,4,2,3,103,3.9857
1996,4,2,4,136,7.3590
1996,4,2,5,175,8.1780
1996,4,3,1,98,1.0401
1996,4,3,2,108,1.6384
1996,4,3,3,143,0.5797
1996,4,3,4,144,2.8624
1996,4,3,5,136,3.0467
1996,5,1,1,495,8.3677
1996,5,1,2,372,8.9621
1996,5,1,3,270,10.0534
1996,5,1,4,300,6.8250
1996,5,1,5,454,6.6920
1996,5,2,1,88,13.0889
1996,5,2,2,136,4.1940
1996,5,2,3,103,5.8755
1996,5,2,4,137,4.5627
1996,5,2,5,175,3.4783
1996,5,3,1,98,3.1430
1996,5,3,2,107,2.3625
1996,5,3,3,143,3.1262
1996,5,3,4,144,1.9404
1996,5,3,5,135,2.7726
1996,6,1,1,489,-4.7272
1996,6,1,2,368,-6.3196
1996,6,1,3,267,-8.1210
1996,6,1,4,296,-6.2159
1996,6,1,5,452,-5.0377
1996,6,2,1,86,-7.0030
1996,6,2,2,136,-1.5641
1996,6,2,3,103,-4.5692
1996,6,2,4,135,-4.6574
1996,6,2,5,172,-3.5195
1996,6,3,1,98,1.2645
1996,6,3,2,106,0.9434
1996,6,3,3,143,0.7138
1996,6,3,4,144,-0.9584
1996,6,3,5,135,0.1751
1996,7,1,1,545,-10.8730
1996,7,1,2,393,-7.8556
1996,7,1,3,345,-9.0880
1996,7,1,4,347,-7.8963
1996,7,1,5,480,-9.2719
1996,7,2,1,117,-9.6571
1996,7,2,2,149,-9.5665
1996,7,2,3,124,-9.5389
1996,7,2,4,139,-12.5504
1996,7,2,5,192,-8.1457
1996,7,3,1,97,-4.4181
1996,7,3,2,122,-3.7443
1996,7,3,3,136,-4.6629
1996,7,3,4,156,-5.7045
1996,7,3,5,162,-8.0618
1996,8,1,1,543,4.0743
1996,8,1,2,392,3.2224
1996,8,1,3,340,4.9383
1996,8,1,4,347,5.4298
1996,8,1,5,476,3.8151
1996,8,2,1,115,6.3258
1996,8,2,2,149,5.5636
1996,8,2,3,122,3.6591
1996,8,2,4,139,5.4527
1996,8,2,5,191,6.1369
1996,8,3,1,96,-1.2965
1996,8,3,2,121,1.8615
1996,8,3,3,135,4.8201
1996,8,3,4,156,2.3530
1996,8,3,5,161,3.8780
1996,9,1,1,535,-0.0580
1996,9,1,2,387,2.4617
1996,9,1,3,336,4.2984
1996,9,1,4,341,2.4753
1996,9,1,5,471,2.9893
1996,9,2,1,115,4.0843
1996,9,2,2,148,4.8008
1996,9,2,3,121,3.2262
1996,9,2,4,139,3.2418
1996,9,2,5,191,3.1569
1996,9,3,1,96,4.9066
1996,9,3,2,119,4.6515
1996,9,3,3,135,4.2983
1996,9,3,4,156,6.3447
1996,9,3,5,161,6.8416
1996,10,1,1,532,-1.7475
1996,10,1,2,385,-1.1221
1996,10,1,3,336,-3.5972
1996,10,1,4,340,-2.0688
1996,10,1,5,464,-2.8437
1996,10,2,1,115,-0.5413
1996,10,2,2,148,-1.6274
1996,10,2,3,120,-0.3961
1996,10,2,4,138,-3.6928
1996,10,2,5,191,-1.2697
1996,10,3,1,96,3.5612
1996,10,3,2,119,2.3618
1996,10,3,3,134,2.3135
1996,10,3,4,155,-1.9100
1996,10,3,5,159,0.9226
1996,11,1,1,532,2.3996
1996,11,1,2,383,2.4141
1996,11,1,3,332,2.3081
1996,11,1,4,338,2.7002
1996,11,1,5,459,0.9416
1996,11,2,1,115,3.1550
1996,11,2,2,147,1.9410
1996,11,2,3,120,4.5939
1996,11,2,4,138,2.8695
1996,11,2,5,190,2.0509
1996,11,3,1,96,6.6613
1996,11,3,2,119,7.8722
1996,11,3,3,132,4.2818
1996,11,3,4,155,8.2975
1996,11,3,5,159,7.3897
1996,12,1,1,527,-0.8064
1996,12,1,2,379,1.5226
1996,12,1,3,332,0.2825
1996,12,1,4,338,2.1565
1996,12,1,5,452,0.6959
1996,12,2,1,115,1.4775
1996,12,2,2,147,2.6726
1996,12,2,3,119,3.6699
1996,12,2,4,137,0.9335
1996,12,2,5,190,1.1562
1996,12,3,1,95,-0.0094
1996,12,3,2,119,-3.0432
1996,12,3,3,132,-0.9895
1996,12,3,4,155,-2.5753
1996,12,3,5,159,-0.4702
1997,1,1,1,522,5.5072
1997,1,1,2,376,5.6721
1997,1,1,3,328,4.7911
1997,1,1,4,336,6.0397
1997,1,1,5,447,6.1769
1997,1,2,1,115,2.5721
1997,1,2,2,147,4.7449
1997,1,2,3,119,3.0739
1997,1,2,4,136,3.4968
1997,1,2,5,189,2.2146
1997,1,3,1,94,4.9845
1997,1,3,2,119,5.3416
1997,1,3,3,132,5.9802
1997,1,3,4,155,3.9908
1997,1,3,5,156,7.1700
1997,2,1,1,519,-1.5757
1997,2,1,2,375,-2.7616
1997,2,1,3,323,-1.4475
1997,2,1,4,333,-3.4927
1997,2,1,5,443,-4.9386
1997,2,2,1,114,-2.5916
1997,2,2,2,146,-2.7874
1997,2,2,3,119,-4.0096
1997,2,2,4,136,-4.2043
1997,2,2,5,188,-4.2259
1997,2,3,1,94,2.1058
1997,2,3,2,117,-1.1799
1997,2,3,3,132,1.4728
1997,2,3,4,154,-0.6541
1997,2,3,5,156,-2.7908
1997,3,1,1,513,-5.3613
1997,3,1,2,372,-5.1421
1997,3,1,3,321,-4.7094
1997,3,1,4,330,-4.8238
1997,3,1,5,443,-4.4242
1997,3,2,1,114,-4.6157
1997,3,2,2,143,-5.2420
1997,3,2,3,118,-5.0455
1997,3,2,4,135,-4.1751
1997,3,2,5,186,-4.4611
1997,3,3,1,94,-5.5980
1997,3,3,2,117,-3.8873
1997,3,3,3,132,-3.9475
1997,3,3,4,154,-4.3170
1997,3,3,5,156,-2.8561
1997,4,1,1,509,-4.0936
1997,4,1,2,369,-3.2004
1997,4,1,3,319,-3.7290
1997,4,1,4,328,-3.1346
1997,4,1,5,438,-3.8615
1997,4,2,1,114,-1.6001
1997,4,2,2,144,-1.5826
1997,4,2,3,117,-0.0764
1997,4,2,4,134,-0.1721
1997,4,2,5,186,1.6440
1997,4,3,1,94,5.3569
1997,4,3,2,117,4.5226
1997,4,3,3,132,5.5916
1997,4,3,4,153,6.1298
1997,4,3,5,156,4.0392
1997,5,1,1,506,10.0019
1997,5,1,2,368,9.9964
1997,5,1,3,315,9.9369
1997,5,1,4,324,11.6860
1997,5,1,5,435,10.8000
1997,5,2,1,113,12.1851
1997,5,2,2,144,12.9552
1997,5,2,3,117,12.5007
1997,5,2,4,132,12.3401
1997,5,2,5,184,11.0279
1997,5,3,1,93,7.5587
1997,5,3,2,117,5.2949
1997,5,3,3,132,6.6794
1997,5,3,4,153,5.8002
1997,5,3,5,156,7.0496
1997,6,1,1,503,5.7607
1997,6,1,2,366,4.4894
1997,6,1,3,314,3.0529
1997,6,1,4,321,6.1091
1997,6,1,5,432,5.7863
1997,6,2,1,113,4.2255
1997,6,2,2,144,4.2704
1997,6,2,3,117,3.5065
1997,6,2,4,130,2.2765
1997,6,2,5,184,5.0639
1997,6,3,1,93,5.0794
1997,6,3,2,116,4.9458
1997,6,3,3,132,3.6860
1997,6,3,4,153,2.9438
1997,6,3,5,153,3.2742
1997,7,1,1,669,5.4659
1997,7,1,2,384,5.0100
1997,7,1,3,406,3.6682
1997,7,1,4,363,3.6766
1997,7,1,5,456,7.9074
1997,7,2,1,107,5.2200
1997,7,2,2,135,6.5971
1997,7,2,3,126,6.1811
1997,7,2,4,139,5.7118
1997,7,2,5,171,4.9589
1997,7,3,1,108,5.4564
1997,7,3,2,127,5.7109
1997,7,3,3,145,7.8712
1997,7,3,4,160,9.0826
1997,7,3,5,171,8.3486
1997,8,1,1,659,6.0867
1997,8,1,2,382,6.5060
1997,8,1,3,405,5.0648
1997,8,1,4,356,4.2952
1997,8,1,5,453,5.1175
1997,8,2,1,104,2.4449
1997,8,2,2,134,3.6198
1997,8,2,3,126,3.3082
1997,8,2,4,139,4.7473
1997,8,2,5,171,3.5617
1997,8,3,1,107,-9.0386
1997,8,3,2,127,-3.9185
1997,8,3,3,145,-4.1557
1997,8,3,4,159,-3.9255
1997,8,3,5,170,-2.6436
1997,9,1,1,653,9.1123
1997,9,1,2,377,8.4050
1997,9,1,3,404,7.8819
1997,9,1,4,353,9.8162
1997,9,1,5,451,9.5615
1997,9,2,1,104,6.3584
1997,9,2,2,131,8.1291
1997,9,2,3,124,7.6964
1997,9,2,4,136,5.2374
1997,9,2,5,169,10.0603
1997,9,3,1,107,6.2898
1997,9,3,2,125,5.4311
1997,9,3,3,144,3.1417
1997,9,3,4,157,4.3000
1997,9,3,5,169,5.3247
1997,10,1,1,644,-3.0617
1997,10,1,2,376,-4.4107
1997,10,1,3,397,-2.7872
1997,10,1,4,351,-5.4781
1997,10,1,5,448,-3.5199
1997,10,2,1,103,-3.3818
1997,10,2,2,130,-5.1165
1997,10,2,3,124,-3.2769
1997,10,2,4,136,-5.4668
1997,10,2,5,169,-5.7287
1997,10,3,1,107,-5.1029
1997,10,3,2,123,-1.1830
1997,10,3,3,143,-4.5311
1997,10,3,4,155,-5.7653
1997,10,3,5,169,-3.9200
1997,11,1,1,636,-1.7338
1997,11,1,2,374,-1.3478
1997,11,1,3,391,-1.0466
1997,11,1,4,347,-2.9970
1997,11,1,5,439,-5.7586
1997,11,2,1,101,-0.2231
1997,11,2,2,130,-0.3312
1997,11,2,3,123,-0.0033
1997,11,2,4,135,-0.7626
1997,11,2,5,166,-4.9601
1997,11,3,1,107,7.4072
1997,11,3,2,123,6.0854
1997,11,3,3,142,4.7078
1997,11,3,4,154,4.4039
1997,11,3,5,168,1.0420
1997,12,1,1,633,-2.0625
1997,12,1,2,373,-2.2110
1997,12,1,3,388,-3.4888
1997,12,1,4,346,-4.5975
1997,12,1,5,433,-5.0385
1997,12,2,1,99,0.4061
1997,12,2,2,129,-1.2707
1997,12,2,3,122,1.2177
1997,12,2,4,135,0.5141
1997,12,2,5,164,-2.0975
1997,12,3,1,104,4.1779
1997,12,3,2,123,1.9373
1997,12,3,3,142,1.4182
1997,12,3,4,154,-1.2579
1997,12,3,5,168,1.8436
1998,1,1,1,627,-0.5634
1998,1,1,2,366,-1.8388
1998,1,1,3,387,0.7459
1998,1,1,4,343,-0.5811
1998,1,1,5,422,-0.2994
1998,1,2,1,98,-1.3702
1998,1,2,2,126,-1.1582
1998,1,2,3,120,0.7124
1998,1,2,4,133,-0.6628
1998,1,2,5,164,-1.7735
1998,1,3,1,104,3.0433
1998,1,3,2,123,1.6343
1998,1,3,3,142,-1.4496
1998,1,3,4,154,3.7680
1998,1,3,5,167,-0.1894
1998,2,1,1,617,6.5579
1998,2,1,2,365,6.7509
1998,2,1,3,382,4.3718
1998,2,1,4,337,7.4669
1998,2,1,5,418,4.5187
1998,2,2,1,98,7.0290
1998,2,2,2,124,6.9354
1998,2,2,3,120,8.6513
1998,2,2,4,132,7.4844
1998,2,2,5,163,8.6609
1998,2,3,1,104,4.7673
1998,2,3,2,122,5.8698
1998,2,3,3,142,8.4773
1998,2,3,4,153,6.4258
1998,2,3,5,166,7.3937
1998,3,1,1,609,4.2182
1998,3,1,2,362,2.7044
1998,3,1,3,380,5.6446
1998,3,1,4,335,6.4702
1998,3,1,5,408,4.1970
1998,3,2,1,97,4.1248
1998,3,2,2,124,3.3850
1998,3,2,3,120,4.3288
1998,3,2,4,130,5.7930
1998,3,2,5,163,3.5703
1998,3,3,1,104,6.8427
1998,3,3,2,122,4.6694
1998,3,3,3,142,3.4920
1998,3,3,4,152,3.0068
1998,3,3,5,166,5.0169
1998,4,1,1,599,2.2207
1998,4,1,2,357,3.7770
1998,4,1,3,375,2.9591
1998,4,1,4,333,3.1129
1998,4,1,5,398,1.0307
1998,4,2,1,96,1.8721
1998,4,2,2,123,1.9967
1998,4,2,3,120,-0.4710
1998,4,2,4,129,-0.4300
1998,4,2,5,162,0.3765
1998,4,3,1,102,-1.8197
1998,4,3,2,121,-0.7009
1998,4,3,3,142,-0.0792
1998,4,3,4,152,1.5511
1998,4,3,5,165,2.1631
1998,5,1,1,592,-4.0919
1998,5,1,2,354,-3.9330
1998,5,1,3,369,-5.4581
1998,5,1,4,330,-4.0711
1998,5,1,5,396,-5.2817
1998,5,2,1,96,-2.2491
1998,5,2,2,122,-4.6382
1998,5,2,3,120,-5.5677
1998,5,2,4,129,-6.1666
1998,5,2,5,161,-7.7866
1998,5,3,1,102,-1.1016
1998,5,3,2,121,-1.6144
1998,5,3,3,142,-0.4087
1998,5,3,4,152,-4.2954
1998,5,3,5,165,-6.0374
1998,6,1,1,583,-0.6716
1998,6,1,2,353,-2.9623
1998,6,1,3,364,-1.6260
1998,6,1,4,327,-1.1899
1998,6,1,5,394,-0.1722
1998,6,2,1,96,0.9639
1998,6,2,2,122,-0.5941
1998,6,2,3,119,0.7326
1998,6,2,4,128,0.5165
1998,6,2,5,161,-0.8986
1998,6,3,1,102,6.7874
1998,6,3,2,121,7.1642
1998,6,3,3,142,1.6176
1998,6,3,4,151,1.6919
1998,6,3,5,163,0.2081
1998,7,1,1,625,-5.8067
1998,7,1,2,518,-7.1152
1998,7,1,3,392,-7.4801
1998,7,1,4,395,-8.5986
1998,7,1,5,422,-8.2722
1998,7,2,1,111,-7.4224
1998,7,2,2,141,-8.4896
1998,7,2,3,154,-6.0450
1998,7,2,4,145,-6.8848
1998,7,2,5,195,-11.1352
1998,7,3,1,122,-0.0149
1998,7,3,2,133,-2.7679
1998,7,3,3,172,-2.7461
1998,7,3,4,169,-2.0016
1998,7,3,5,146,-3.8580
1998,8,1,1,617,-20.7562
1998,8,1,2,516,-21.7028
1998,8,1,3,386,-19.3157
1998,8,1,4,392,-20.8564
1998,8,1,5,415,-24.8229
1998,8,2,1,111,-18.4522
1998,8,2,2,140,-18.1638
1998,8,2,3,154,-16.6632
1998,8,2,4,144,-20.8156
1998,8,2,5,194,-23.9405
1998,8,3,1,121,-12.8020
1998,8,3,2,133,-10.2224
1998,8,3,3,171,-14.9260
1998,8,3,4,168,-12.8082
1998,8,3,5,144,-13.9598
1998,9,1,1,610,4.7748
1998,9,1,2,514,2.7778
1998,9,1,3,379,4.3621
1998,9,1,4,390,2.5081
1998,9,1,5,408,5.2127
1998,9,2,1,111,6.8326
1998,9,2,2,138,3.5398
1998,9,2,3,151,8.7103
1998,9,2,4,143,6.4295
1998,9,2,5,192,9.4817
1998,9,3,1,121,5.7768
1998,9,3,2,133,6.5687
1998,9,3,3,168,6.8719
1998,9,3,4,166,9.7348
1998,9,3,5,144,8.6031
1998,10,1,1,602,1.1334
1998,10,1,2,504,3.9275
1998,10,1,3,373,3.2372
1998,10,1,4,385,1.4659
1998,10,1,5,398,3.5880
1998,10,2,1,110,2.9571
1998,10,2,2,138,8.5421
1998,10,2,3,150,4.5810
1998,10,2,4,143,7.4463
1998,10,2,5,191,4.2333
1998,10,3,1,120,9.1087
1998,10,3,2,133,5.3215
1998,10,3,3,167,8.6360
1998,10,3,4,165,5.6986
1998,10,3,5,142,5.6828
1998,11,1,1,587,6.4747
1998,11,1,2,495,10.6900
1998,11,1,3,363,12.5742
1998,11,1,4,377,10.2382
1998,11,1,5,389,2.9351
1998,11,2,1,108,4.3315
1998,11,2,2,138,5.2487
1998,11,2,3,149,8.7035
1998,11,2,4,143,5.3764
1998,11,2,5,191,4.1794
1998,11,3,1,118,5.5153
1998,11,3,2,133,7.2865
1998,11,3,3,167,6.1440
1998,11,3,4,162,6.6454
1998,11,3,5,141,2.0472
1998,12,1,1,576,2.3790
1998,12,1,2,487,2.7316
1998,12,1,3,358,2.2481
1998,12,1,4,374,-0.9715
1998,12,1,5,383,0.3807
1998,12,2,1,108,4.5179
1998,12,2,2,137,4.6557
1998,12,2,3,148,6.2188
1998,12,2,4,142,6.7246
1998,12,2,5,191,5.5418
1998,12,3,1,116,7.4566
1998,12,3,2,133,4.6293
1998,12,3,3,165,7.0485
1998,12,3,4,162,6.8390
1998,12,3,5,140,7.1469
1999,1,1,1,565,8.1634
1999,1,1,2,482,5.1967
1999,1,1,3,355,4.6922
1999,1,1,4,366,6.1423
1999,1,1,5,374,6.3508
1999,1,2,1,108,-3.7026
1999,1,2,2,137,0.7965
1999,1,2,3,147,0.5417
1999,1,2,4,140,2.7317
1999,1,2,5,189,1.9370
1999,1,3,1,116,2.5110
1999,1,3,2,133,6.0978
1999,1,3,3,165,4.5930
1999,1,3,4,161,4.1733
1999,1,3,5,139,-0.8148
1999,2,1,1,548,-7.5641
1999,2,1,2,472,-7.3990
1999,2,1,3,352,-5.8146
1999,2,1,4,360,-7.1922
1999,2,1,5,369,-9.4476
1999,2,2,1,108,-8.0954
1999,2,2,2,137,-7.1933
1999,2,2,3,145,-8.2725
1999,2,2,4,138,-8.5232
1999,2,2,5,188,-13.3125
1999,2,3,1,115,-4.8411
1999,2,3,2,133,-3.6034
1999,2,3,3,164,-3.9375
1999,2,3,4,160,-5.0292
1999,2,3,5,138,-3.4796
1999,3,1,1,537,-3.3376
1999,3,1,2,465,-5.3134
1999,3,1,3,349,-4.1030
1999,3,1,4,358,-5.5061
1999,3,1,5,361,-1.2153
1999,3,2,1,107,-2.4704
1999,3,2,2,136,-5.6888
1999,3,2,3,142,1.0695
1999,3,2,4,138,3.3948
1999,3,2,5,188,2.1321
1999,3,3,1,115,5.6857
1999,3,3,2,132,7.2417
1999,3,3,3,164,3.5897
1999,3,3,4,160,0.6520
1999,3,3,5,138,-0.7228
1999,4,1,1,522,8.2478
1999,4,1,2,458,9.9034
1999,4,1,3,342,11.0013
1999,4,1,4,353,9.7427
1999,4,1,5,350,9.7396
1999,4,2,1,107,8.4037
1999,4,2,2,133,5.5293
1999,4,2,3,141,8.3428
1999,4,2,4,134,7.6585
1999,4,2,5,185,9.0472
1999,4,3,1,109,1.3662
1999,4,3,2,131,-0.7222
1999,4,3,3,164,6.0896
1999,4,3,4,159,4.6535
1999,4,3,5,136,10.3569
1999,5,1,1,513,5.1988
1999,5,1,2,451,5.1138
1999,5,1,3,340,4.9623
1999,5,1,4,347,4.6068
1999,5,1,5,344,4.3817
1999,5,2,1,106,6.2035
1999,5,2,2,133,4.9207
1999,5,2,3,140,3.2876
1999,5,2,4,133,2.9917
1999,5,2,5,183,0.9638
1999,5,3,1,109,-3.4033
1999,5,3,2,131,-1.6092
1999,5,3,3,163,1.4164
1999,5,3,4,159,-0.4439
1999,5,3,5,134,-1.9675
1999,6,1,1,509,6.2147
1999,6,1,2,447,6.8596
1999,6,1,3,332,10.5870
1999,6,1,4,343,6.5603
1999,6,1,5,338,3.2044
1999,6,2,1,104,5.5700
1999,6,2,2,132,7.5207
1999,6,2,3,141,9.8545
1999,6,2,4,132,9.0457
1999,6,2,5,182,4.9783
1999,6,3,1,108,3.1944
1999,6,3,2,130,5.4411
1999,6,3,3,163,4.9587
1999,6,3,4,159,5.8465
1999,6,3,5,134,5.0610
1999,7,1,1,633,1.5561
1999,7,1,2,462,4.3876
1999,7,1,3,330,1.7171
1999,7,1,4,309,2.5504
1999,7,1,5,425,0.9918
1999,7,2,1,155,0.7430
1999,7,2,2,140,-0.4191
1999,7,2,3,136,-0.6170
1999,7,2,4,149,-2.2126
1999,7,2,5,182,-3.5046
1999,7,3,1,117,-3.6466
1999,7,3,2,145,-2.6520
1999,7,3,3,160,-1.9558
1999,7,3,4,156,-0.3033
1999,7,3,5,151,-4.5217
1999,8,1,1,624,-2.8204
1999,8,1,2,456,-1.0276
1999,8,1,3,327,-0.5003
1999,8,1,4,305,-3.3513
1999,8,1,5,419,-4.3847
1999,8,2,1,154,-2.7937
1999,8,2,2,139,-3.3980
1999,8,2,3,134,-2.7255
1999,8,2,4,145,-4.1566
1999,8,2,5,181,-3.5716
1999,8,3,1,116,-1.0276
1999,8,3,2,143,3.5546
1999,8,3,3,160,-2.1309
1999,8,3,4,154,0.1814
1999,8,3,5,149,-0.6245
1999,9,1,1,612,-1.9287
1999,9,1,2,450,-1.5755
1999,9,1,3,327,-0.9056
1999,9,1,4,304,-1.5949
1999,9,1,5,415,-3.0346
1999,9,2,1,153,-0.5222
1999,9,2,2,134,-0.1914
1999,9,2,3,133,2.3077
1999,9,2,4,143,-0.1565
1999,9,2,5,180,-1.9643
1999,9,3,1,115,-2.9899
1999,9,3,2,143,-6.1513
1999,9,3,3,160,-3.1720
1999,9,3,4,152,-1.0921
1999,9,3,5,147,-3.7727
1999,10,1,1,600,-1.2554
1999,10,1,2,440,-2.5158
1999,10,1,3,324,-1.1525
1999,10,1,4,299,1.5394
1999,10,1,5,408,-5.3177
1999,10,2,1,153,-0.3467
1999,10,2,2,133,-0.6659
1999,10,2,3,130,0.3042
1999,10,2,4,143,-2.0499
1999,10,2,5,180,-5.0776
1999,10,3,1,115,6.1414
1999,10,3,2,141,4.5183
1999,10,3,3,160,2.7379
1999,10,3,4,150,4.8504
1999,10,3,5,146,5.6302
1999,11,1,1,590,16.3699
1999,11,1,2,435,13.6923
1999,11,1,3,319,9.9946
1999,11,1,4,295,12.5628
1999,11,1,5,405,11.2836
1999,11,2,1,153,6.8085
1999,11,2,2,131,9.3549
1999,11,2,3,129,4.3065
1999,11,2,4,141,12.2613
1999,11,2,5,180,4.4268
1999,11,3,1,114,0.5931
1999,11,3,2,139,-0.2066
1999,11,3,3,158,6.7453
1999,11,3,4,149,2.1149
1999,11,3,5,144,3.3339
1999,12,1,1,582,18.7810
1999,12,1,2,433,11.2302
1999,12,1,3,315,12.0230
1999,12,1,4,292,18.4800
1999,12,1,5,396,11.8497
1999,12,2,1,151,10.4895
1999,12,2,2,128,6.8819
1999,12,2,3,126,13.7864
1999,12,2,4,134,12.5433
1999,12,2,5,178,11.0476
1999,12,3,1,113,3.8259
1999,12,3,2,139,9.6709
1999,12,3,3,155,8.3692
1999,12,3,4,148,8.2897
1999,12,3,5,143,4.8119
2000,1,1,1,572,9.6492
2000,1,1,2,429,11.4445
2000,1,1,3,310,10.7350
2000,1,1,4,290,3.0759
2000,1,1,5,390,6.5798
2000,1,2,1,150,3.0440
2000,1,2,2,127,-5.5674
2000,1,2,3,124,-1.7341
2000,1,2,4,133,1.8333
2000,1,2,5,176,-2.5401
2000,1,3,1,112,-3.8133
2000,1,3,2,139,-8.9854
2000,1,3,3,155,-3.2794
2000,1,3,4,147,-3.2479
2000,1,3,5,142,-5.5659
2000,2,1,1,564,38.9646
2000,2,1,2,425,26.2966
2000,2,1,3,310,30.1184
2000,2,1,4,289,25.7733
2000,2,1,5,387,19.4587
2000,2,2,1,149,18.3206
2000,2,2,2,126,19.5817
2000,2,2,3,124,16.1481
2000,2,2,4,132,20.3429
2000,2,2,5,174,11.6851
2000,2,3,1,112,-2.9682
2000,2,3,2,139,-6.9225
2000,2,3,3,154,1.2747
2000,2,3,4,146,2.1709
2000,2,3,5,141,-0.5253
2000,3,1,1,558,-12.7113
2000,3,1,2,419,-9.9016
2000,3,1,3,308,-8.6254
2000,3,1,4,288,-6.5409
2000,3,1,5,380,-4.2058
2000,3,2,1,146,-6.7271
2000,3,2,2,124,-5.5226
2000,3,2,3,122,-10.2649
2000,3,2,4,132,-6.0358
2000,3,2,5,171,1.5466
2000,3,3,1,110,10.1195
2000,3,3,2,137,13.3550
2000,3,3,3,154,5.2002
2000,3,3,4,146,7.8544
2000,3,3,5,141,6.2424
2000,4,1,1,552,-22.0581
2000,4,1,2,415,-15.5730
2000,4,1,3,307,-13.8667
2000,4,1,4,286,-10.0016
2000,4,1,5,372,-14.1496
2000,4,2,1,145,-8.2209
2000,4,2,2,124,-1.8772
2000,4,2,3,118,-2.4010
2000,4,2,4,131,-6.5797
2000,4,2,5,170,-7.7536
2000,4,3,1,109,1.1188
2000,4,3,2,137,-11.0605
2000,4,3,3,153,-3.4356
2000,4,3,4,145,-2.7966
2000,4,3,5,140,-1.7372
2000,5,1,1,550,-14.0711
2000,5,1,2,412,-9.4278
2000,5,1,3,303,-11.4754
2000,5,1,4,283,-9.1985
2000,5,1,5,366,-11.2513
2000,5,2,1,143,-4.0274
2000,5,2,2,122,-6.6078
2000,5,2,3,116,-4.8361
2000,5,2,4,130,-9.5513
2000,5,2,5,167,-6.0410
2000,5,3,1,108,2.3737
2000,5,3,2,137,-4.1277
2000,5,3,3,153,-5.5934
2000,5,3,4,145,-2.2933
2000,5,3,5,139,0.0145
2000,6,1,1,544,30.2659
2000,6,1,2,403,21.8775
2000,6,1,3,301,21.9024
2000,6,1,4,282,17.2104
2000,6,1,5,359,18.5118
2000,6,2,1,141,11.6796
2000,6,2,2,119,9.6517
2000,6,2,3,115,8.1144
2000,6,2,4,128,13.0448
2000,6,2,5,167,5.0468
2000,6,3,1,107,2.3974
2000,6,3,2,137,8.7895
2000,6,3,3,152,2.5324
2000,6,3,4,145,1.3285
2000,6,3,5,139,5.3794
2000,7,1,1,614,-1.3552
2000,7,1,2,368,-1.0440
2000,7,1,3,278,0.0598
2000,7,1,4,292,-2.5329
2000,7,1,5,377,-3.5259
2000,7,2,1,152,-4.1888
2000,7,2,2,154,-3.6576
2000,7,2,3,124,2.8438
2000,7,2,4,134,-1.1527
2000,7,2,5,180,-2.0056
2000,7,3,1,130,-2.3723
2000,7,3,2,161,-6.4324
2000,7,3,3,150,-4.7391
2000,7,3,4,152,-1.8080
2000,7,3,5,168,-2.0700
2000,8,1,1,609,10.4063
2000,8,1,2,365,5.1749
2000,8,1,3,276,7.0820
2000,8,1,4,289,7.8739
2000,8,1,5,372,5.0301
2000,8,2,1,150,11.1781
2000,8,2,2,152,8.2587
2000,8,2,3,124,5.0153
2000,8,2,4,132,6.3284
2000,8,2,5,179,8.2576
2000,8,3,1,129,1.8526
2000,8,3,2,160,5.6385
2000,8,3,3,148,8.4982
2000,8,3,4,149,6.3926
2000,8,3,5,167,9.5264
2000,9,1,1,602,-2.1226
2000,9,1,2,360,-3.4445
2000,9,1,3,274,-4.5403
2000,9,1,4,285,-2.3612
2000,9,1,5,365,-6.2915
2000,9,2,1,147,-0.9736
2000,9,2,2,151,-1.7759
2000,9,2,3,124,0.0802
2000,9,2,4,131,-4.3786
2000,9,2,5,179,-4.8215
2000,9,3,1,127,1.1612
2000,9,3,2,159,-6.9799
2000,9,3,3,146,-3.7777
2000,9,3,4,149,-3.8781
2000,9,3,5,164,-11.5374
2000,10,1,1,592,-9.1661
2000,10,1,2,357,-7.5951
2000,10,1,3,272,-7.0602
2000,10,1,4,283,-8.4273
2000,10,1,5,356,-9.7713
2000,10,2,1,144,-4.5571
2000,10,2,2,150,-1.1037
2000,10,2,3,122,-2.1028
2000,10,2,4,128,-2.1769
2000,10,2,5,178,-5.4052
2000,10,3,1,124,6.5541
2000,10,3,2,158,2.8594
2000,10,3,3,146,-1.3605
2000,10,3,4,146,-1.3013
2000,10,3,5,163,-0.6751
2000,11,1,1,581,-12.9631
2000,11,1,2,352,-10.8312
2000,11,1,3,265,-9.2512
2000,11,1,4,276,-9.9265
2000,11,1,5,342,-10.4897
2000,11,2,1,144,-12.2696
2000,11,2,2,149,-7.9705
2000,11,2,3,120,-3.8970
2000,11,2,4,125,-5.3924
2000,11,2,5,177,-7.8837
2000,11,3,1,121,-1.2034
2000,11,3,2,157,-11.1375
2000,11,3,3,145,-5.0085
2000,11,3,4,145,-7.9433
2000,11,3,5,162,-12.6951
2000,12,1,1,570,-3.7138
2000,12,1,2,348,-0.2297
2000,12,1,3,262,0.8014
2000,12,1,4,273,-2.7617
2000,12,1,5,334,-1.7040
2000,12,2,1,144,6.9387
2000,12,2,2,147,8.6663
2000,12,2,3,120,6.6172
2000,12,2,4,124,9.2067
2000,12,2,5,177,10.2604
2000,12,3,1,120,4.9768
2000,12,3,2,157,-4.2266
2000,12,3,3,143,3.7254
2000,12,3,4,144,1.4543
2000,12,3,5,161,-4.6999
2001,1,1,1,556,18.6238
2001,1,1,2,345,19.0410
2001,1,1,3,257,16.6180
2001,1,1,4,268,19.5816
2001,1,1,5,330,16.3265
2001,1,2,1,144,5.0277
2001,1,2,2,146,5.6362
2001,1,2,3,118,5.2422
2001,1,2,4,121,5.8678
2001,1,2,5,177,7.5533
2001,1,3,1,119,-5.1983
2001,1,3,2,156,11.9123
2001,1,3,3,141,0.9287
2001,1,3,4,144,3.8755
2001,1,3,5,161,8.1189
2001,2,1,1,544,-8.3447
2001,2,1,2,340,-4.5182
2001,2,1,3,254,-1.7268
2001,2,1,4,262,-6.8218
2001,2,1,5,321,-3.5550
2001,2,2,1,142,-6.8335
2001,2,2,2,144,-3.6363
2001,2,2,3,116,-3.7299
2001,2,2,4,121,-3.0846
2001,2,2,5,176,-4.8425
2001,2,3,1,119,-1.8372
2001,2,3,2,155,-5.8962
2001,2,3,3,141,-5.2953
2001,2,3,4,143,-8.0522
2001,2,3,5,160,-8.4943
2001,3,1,1,542,-5.8410
2001,3,1,2,337,-6.3057
2001,3,1,3,253,-4.1290
2001,3,1,4,259,-0.9634
2001,3,1,5,315,-4.0718
2001,3,2,1,140,-1.8449
2001,3,2,2,142,-5.0402
2001,3,2,3,116,-3.9288
2001,3,2,4,121,-3.9369
2001,3,2,5,174,-5.9457
2001,3,3,1,118,-4.2953
2001,3,3,2,154,-5.5830
2001,3,3,3,140,-6.4686
2001,3,3,4,142,-8.0890
2001,3,3,5,158,-7.8247
2001,4,1,1,538,5.0803
2001,4,1,2,328,7.6984
2001,4,1,3,250,9.1619
2001,4,1,4,255,3.6948
2001,4,1,5,311,6.3606
2001,4,2,1,139,9.2647
2001,4,2,2,142,6.0395
2001,4,2,3,116,9.1438
2001,4,2,4,121,6.1130
2001,4,2,5,172,7.7284
2001,4,3,1,117,4.1719
2001,4,3,2,153,13.3153
2001,4,3,3,140,7.1397
2001,4,3,4,141,6.1562
2001,4,3,5,158,11.7888
2001,5,1,1,526,8.9683
2001,5,1,2,323,11.9145
2001,5,1,3,247,16.6525
2001,5,1,4,252,11.6294
2001,5,1,5,303,10.0926
2001,5,2,1,139,2.6828
2001,5,2,2,140,3.0170
2001,5,2,3,116,4.8143
2001,5,2,4,119,4.0442
2001,5,2,5,170,5.0076
2001,5,3,1,117,1.8281
2001,5,3,2,153,2.6430
2001,5,3,3,140,1.5307
2001,5,3,4,140,0.7477
2001,5,3,5,158,-0.3474
2001,6,1,1,507,0.6622
2001,6,1,2,319,3.1085
2001,6,1,3,246,1.6478
2001,6,1,4,247,1.7789
2001,6,1,5,299,2.5232
2001,6,2,1,138,3.4793
2001,6,2,2,138,5.2840
2001,6,2,3,114,0.8051
2001,6,2,4,119,3.6931
2001,6,2,5,167,5.1198
2001,6,3,1,117,-4.2395
2001,6,3,2,151,-0.7560
2001,6,3,3,140,-4.1732
2001,6,3,4,140,-3.5781
2001,6,3,5,158,-1.1120
2001,7,1,1,547,-1.8930
2001,7,1,2,368,-2.1471
2001,7,1,3,278,-2.1576
2001,7,1,4,287,-1.6287
2001,7,1,5,376,-5.4324
2001,7,2,1,133,-7.7625
2001,7,2,2,130,-4.1643
2001,7,2,3,124,-4.6097
2001,7,2,4,142,-4.5391
2001,7,2,5,191,-6.0739
2001,7,3,1,97,-0.2759
2001,7,3,2,124,-5.1513
2001,7,3,3,122,2.2941
2001,7,3,4,155,-2.1425
2001,7,3,5,183,1.7662
2001,8,1,1,538,-3.3953
2001,8,1,2,361,-3.0928
2001,8,1,3,275,-1.5527
2001,8,1,4,283,-2.6497
2001,8,1,5,367,-5.3328
2001,8,2,1,133,-2.9430
2001,8,2,2,130,-2.3123
2001,8,2,3,123,-1.2447
2001,8,2,4,140,-1.3196
2001,8,2,5,190,-6.2196
2001,8,3,1,97,-1.8161
2001,8,3,2,123,-5.3107
2001,8,3,3,122,-3.7530
2001,8,3,4,154,-7.0093
2001,8,3,5,183,-7.7922
2001,9,1,1,525,-12.9785
2001,9,1,2,353,-11.0443
2001,9,1,3,267,-14.2253
2001,9,1,4,275,-14.4391
2001,9,1,5,352,-17.1056
2001,9,2,1,131,-19.6975
2001,9,2,2,130,-16.0167
2001,9,2,3,123,-11.9036
2001,9,2,4,140,-17.2428
2001,9,2,5,189,-17.4424
2001,9,3,1,94,-6.3787
2001,9,3,2,121,-8.0046
2001,9,3,3,121,-7.2428
2001,9,3,4,150,-9.3406
2001,9,3,5,181,-13.2600
2001,10,1,1,519,7.4827
2001,10,1,2,345,6.0768
2001,10,1,3,264,10.3020
2001,10,1,4,274,6.2184
2001,10,1,5,350,8.9936
2001,10,2,1,130,10.0354
2001,10,2,2,130,5.0921
2001,10,2,3,122,5.8664
2001,10,2,4,138,7.4793
2001,10,2,5,188,10.7914
2001,10,3,1,94,2.9316
2001,10,3,2,121,3.2337
2001,10,3,3,120,3.8166
2001,10,3,4,150,-0.9369
2001,10,3,5,179,5.4394
2001,11,1,1,508,5.3205
2001,11,1,2,343,4.7258
2001,11,1,3,262,7.4151
2001,11,1,4,273,8.0834
2001,11,1,5,344,8.2184
2001,11,2,1,129,10.1508
2001,11,2,2,130,8.4667
2001,11,2,3,120,4.9873
2001,11,2,4,139,9.5956
2001,11,2,5,188,10.7378
2001,11,3,1,93,6.9675
2001,11,3,2,121,5.4037
2001,11,3,3,119,6.2387
2001,11,3,4,148,8.5848
2001,11,3,5,178,13.2793
2001,12,1,1,499,6.6108
2001,12,1,2,336,7.9804
2001,12,1,3,256,6.2142
2001,12,1,4,266,7.2640
2001,12,1,5,335,7.2614
2001,12,2,1,129,5.6845
2001,12,2,2,130,6.7579
2001,12,2,3,120,7.3579
2001,12,2,4,139,5.8416
2001,12,2,5,187,8.4624
2001,12,3,1,91,2.3492
2001,12,3,2,121,2.2412
2001,12,3,3,119,0.1778
2001,12,3,4,148,1.8580
2001,12,3,5,177,0.9025
2002,1,1,1,490,1.8309
2002,1,1,2,333,2.0972
2002,1,1,3,254,2.6978
2002,1,1,4,264,3.6345
2002,1,1,5,332,2.3045
2002,1,2,1,128,-2.6575
2002,1,2,2,130,-0.0559
2002,1,2,3,119,0.0514
2002,1,2,4,138,-0.9304
2002,1,2,5,186,-1.8906
2002,1,3,1,89,2.6165
2002,1,3,2,121,-3.2921
2002,1,3,3,118,-2.3791
2002,1,3,4,148,-1.4018
2002,1,3,5,176,0.6081
2002,2,1,1,483,-3.8197
2002,2,1,2,327,-3.0595
2002,2,1,3,254,-2.9465
2002,2,1,4,263,-3.9044
2002,2,1,5,328,-7.1987
2002,2,2,1,128,-1.9021
2002,2,2,2,130,-1.4137
2002,2,2,3,119,0.1358
2002,2,2,4,138,-2.7320
2002,2,2,5,185,-4.1390
2002,2,3,1,89,-0.8631
2002,2,3,2,118,0.3874
2002,2,3,3,117,-0.5991
2002,2,3,4,147,-1.4248
2002,2,3,5,175,-4.0320
2002,3,1,1,478,8.5437
2002,3,1,2,323,9.9450
2002,3,1,3,250,10.6437
2002,3,1,4,261,8.0977
2002,3,1,5,320,9.0228
2002,3,2,1,128,10.7975
2002,3,2,2,130,8.9193
2002,3,2,3,119,9.1062
2002,3,2,4,137,8.9561
2002,3,2,5,185,7.8880
2002,3,3,1,88,4.7898
2002,3,3,2,117,3.5960
2002,3,3,3,117,1.6241
2002,3,3,4,147,3.1680
2002,3,3,5,174,4.9379
2002,4,1,1,471,2.4381
2002,4,1,2,323,2.2412
2002,4,1,3,246,3.3982
2002,4,1,4,260,2.3344
2002,4,1,5,315,3.1859
2002,4,2,1,128,-0.1816
2002,4,2,2,130,1.3826
2002,4,2,3,119,2.8678
2002,4,2,4,137,0.3840
2002,4,2,5,182,-0.5627
2002,4,3,1,88,-1.0188
2002,4,3,2,117,-7.2126
2002,4,3,3,117,-6.4986
2002,4,3,4,146,-6.8179
2002,4,3,5,172,-5.6653
2002,5,1,1,464,-0.3613
2002,5,1,2,320,-0.8526
2002,5,1,3,245,0.1086
2002,5,1,4,255,-2.3413
2002,5,1,5,307,-4.3814
2002,5,2,1,127,-6.1228
2002,5,2,2,128,-5.3813
2002,5,2,3,118,-2.7406
2002,5,2,4,137,-3.4079
2002,5,2,5,182,-5.7916
2002,5,3,1,88,-0.5028
2002,5,3,2,117,-1.4938
2002,5,3,3,117,-1.1449
2002,5,3,4,146,0.3448
2002,5,3,5,172,-0.9110
2002,6,1,1,460,-4.2047
2002,6,1,2,317,-2.5754
2002,6,1,3,241,-0.6924
2002,6,1,4,255,-0.5712
2002,6,1,5,300,-3.9606
2002,6,2,1,127,-6.6986
2002,6,2,2,127,-2.5649
2002,6,2,3,117,-4.5042
2002,6,2,4,136,-4.5605
2002,6,2,5,182,-6.2151
2002,6,3,1,88,-7.3250
2002,6,3,2,117,-4.2226
2002,6,3,3,117,-8.8507
2002,6,3,4,144,-9.8219
2002,6,3,5,171,-10.3853
2002,7,1,1,640,-14.7720
2002,7,1,2,369,-13.4569
2002,7,1,3,347,-15.7154
2002,7,1,4,316,-15.0146
2002,7,1,5,302,-18.8069
2002,7,2,1,120,-17.2945
2002,7,2,2,113,-13.3416
2002,7,2,3,119,-17.1096
2002,7,2,4,141,-18.4835
2002,7,2,5,145,-17.2951
2002,7,3,1,103,-8.3738
2002,7,3,2,104,-0.0248
2002,7,3,3,130,-5.3998
2002,7,3,4,157,-8.1267
2002,7,3,5,154,-9.5243
2002,8,1,1,631,-1.2325
2002,8,1,2,365,-2.0825
2002,8,1,3,346,-0.6291
2002,8,1,4,313,-2.0814
2002,8,1,5,298,-3.8394
2002,8,2,1,120,-0.4209
2002,8,2,2,112,-0.9634
2002,8,2,3,119,2.3562
2002,8,2,4,141,-1.1470
2002,8,2,5,145,1.1570
2002,8,3,1,103,1.8188
2002,8,3,2,103,-1.5955
2002,8,3,3,130,-0.3653
2002,8,3,4,157,1.8173
2002,8,3,5,154,0.1522
2002,9,1,1,616,-10.3756
2002,9,1,2,361,-8.8446
2002,9,1,3,341,-10.7554
2002,9,1,4,310,-9.9864
2002,9,1,5,295,-9.5157
2002,9,2,1,120,-9.7383
2002,9,2,2,112,-9.2414
2002,9,2,3,118,-4.9286
2002,9,2,4,141,-8.2679
2002,9,2,5,144,-4.7524
2002,9,3,1,103,-13.0346
2002,9,3,2,103,-10.9916
2002,9,3,3,129,-7.4529
2002,9,3,4,157,-9.0508
2002,9,3,5,154,-10.1537
2002,10,1,1,611,5.9780
2002,10,1,2,358,3.5624
2002,10,1,3,338,3.7896
2002,10,1,4,309,4.4667
2002,10,1,5,294,4.5223
2002,10,2,1,120,5.0501
2002,10,2,2,112,5.6049
2002,10,2,3,118,2.1916
2002,10,2,4,141,5.4430
2002,10,2,5,144,4.8136
2002,10,3,1,103,10.4931
2002,10,3,2,103,7.3258
2002,10,3,3,129,3.7112
2002,10,3,4,157,8.8902
2002,10,3,5,153,5.9622
2002,11,1,1,599,15.4150
2002,11,1,2,353,9.3626
2002,11,1,3,332,14.6983
2002,11,1,4,305,13.8856
2002,11,1,5,291,13.7569
2002,11,2,1,120,9.9674
2002,11,2,2,112,8.2235
2002,11,2,3,118,6.7823
2002,11,2,4,141,12.4150
2002,11,2,5,143,11.6917
2002,11,3,1,102,11.4669
2002,11,3,2,103,4.6366
2002,11,3,3,129,4.1797
2002,11,3,4,157,4.8021
2002,11,3,5,153,8.3623
2002,12,1,1,592,-6.9333
2002,12,1,2,348,-3.4768
2002,12,1,3,328,-6.2492
2002,12,1,4,303,-6.6529
2002,12,1,5,286,-6.4041
2002,12,2,1,120,-7.6506
2002,12,2,2,112,-6.0569
2002,12,2,3,118,-5.8008
2002,12,2,4,141,-8.0862
2002,12,2,5,143,-8.2881
2002,12,3,1,102,-7.5608
2002,12,3,2,103,-5.4641
2002,12,3,3,129,-4.1747
2002,12,3,4,157,-5.4776
2002,12,3,5,153,-7.3443
2003,1,1,1,580,-0.5733
2003,1,1,2,345,-2.3515
2003,1,1,3,323,-2.5741
2003,1,1,4,298,-2.5579
2003,1,1,5,282,-0.9686
2003,1,2,1,120,-3.1145
2003,1,2,2,112,-2.2447
2003,1,2,3,117,-3.7804
2003,1,2,4,141,-5.1261
2003,1,2,5,143,-5.6145
2003,1,3,1,102,-2.6058
2003,1,3,2,102,-3.7110
2003,1,3,3,129,-3.1146
2003,1,3,4,157,-2.9091
2003,1,3,5,153,-2.7277
2003,2,1,1,568,-2.9696
2003,2,1,2,343,-3.9100
2003,2,1,3,319,-5.0732
2003,2,1,4,293,-3.7583
2003,2,1,5,280,-3.2237
2003,2,2,1,118,-5.6159
2003,2,2,2,112,-2.5061
2003,2,2,3,117,-3.6132
2003,2,2,4,141,-2.8777
2003,2,2,5,141,-2.7622
2003,2,3,1,102,-3.1207
2003,2,3,2,102,1.3454
2003,2,3,3,129,-0.5492
2003,2,3,4,156,-2.7576
2003,2,3,5,152,0.4358
2003,3,1,1,554,2.5798
2003,3,1,2,341,1.6922
2003,3,1,3,314,1.0634
2003,3,1,4,290,1.3639
2003,3,1,5,279,-0.5862
2003,3,2,1,118,1.1310
2003,3,2,2,112,1.9796
2003,3,2,3,117,4.1872
2003,3,2,4,141,2.6434
2003,3,2,5,141,0.0149
2003,3,3,1,102,0.4839
2003,3,3,2,102,3.1816
2003,3,3,3,129,2.1205
2003,3,3,4,156,1.9606
2003,3,3,5,152,0.0543
2003,4,1,1,538,11.7267
2003,4,1,2,338,9.5359
2003,4,1,3,308,9.7487
2003,4,1,4,288,12.3269
2003,4,1,5,276,8.8453
2003,4,2,1,117,12.3428
2003,4,2,2,110,8.8025
2003,4,2,3,116,8.6146
2003,4,2,4,140,11.5280
2003,4,2,5,141,8.9868
2003,4,3,1,101,8.0565
2003,4,3,2,102,8.7276
2003,4,3,3,129,6.1185
2003,4,3,4,156,6.8960
2003,4,3,5,152,9.1219
2003,5,1,1,531,19.8211
2003,5,1,2,335,13.2553
2003,5,1,3,304,15.6465
2003,5,1,4,282,14.7937
2003,5,1,5,272,17.0174
2003,5,2,1,116,12.4826
2003,5,2,2,110,7.5795
2003,5,2,3,116,8.2286
2003,5,2,4,139,12.9756
2003,5,2,5,141,11.4398
2003,5,3,1,101,7.4796
2003,5,3,2,102,3.5586
2003,5,3,3,127,5.7779
2003,5,3,4,156,4.1774
2003,5,3,5,151,9.4505
2003,6,1,1,521,5.5551
2003,6,1,2,332,6.1742
2003,6,1,3,300,4.8163
2003,6,1,4,280,6.2382
2003,6,1,5,268,7.4160
2003,6,2,1,115,2.7130
2003,6,2,2,110,2.4704
2003,6,2,3,116,0.8080
2003,6,2,4,139,4.3785
2003,6,2,5,140,1.8979
2003,6,3,1,101,1.1281
2003,6,3,2,102,0.6614
2003,6,3,3,127,1.2785
2003,6,3,4,156,1.5660
2003,6,3,5,151,1.7868
2003,7,1,1,474,11.6836
2003,7,1,2,485,9.8158
2003,7,1,3,332,5.2367
2003,7,1,4,260,9.4620
2003,7,1,5,310,8.7027
2003,7,2,1,103,11.4792
2003,7,2,2,134,7.1232
2003,7,2,3,113,6.1865
2003,7,2,4,143,6.0826
2003,7,2,5,159,3.5787
2003,7,3,1,108,2.7711
2003,7,3,2,117,0.1647
2003,7,3,3,145,0.1996
2003,7,3,4,155,1.8247
2003,7,3,5,179,2.0498
2003,8,1,1,461,5.9276
2003,8,1,2,482,6.1790
2003,8,1,3,329,4.7695
2003,8,1,4,256,4.6564
2003,8,1,5,305,5.2874
2003,8,2,1,103,6.4402
2003,8,2,2,133,5.4805
2003,8,2,3,113,5.8973
2003,8,2,4,143,5.1484
2003,8,2,5,159,7.0775
2003,8,3,1,108,6.0719
2003,8,3,2,116,3.1661
2003,8,3,3,145,0.5899
2003,8,3,4,155,3.5316
2003,8,3,5,179,2.2952
2003,9,1,1,448,4.4799
2003,9,1,2,477,4.1848
2003,9,1,3,326,2.8572
2003,9,1,4,256,0.6650
2003,9,1,5,305,0.4482
2003,9,2,1,102,-2.3633
2003,9,2,2,132,-3.6262
2003,9,2,3,111,-2.9785
2003,9,2,4,143,-4.6245
2003,9,2,5,158,-3.8344
2003,9,3,1,107,-3.7767
2003,9,3,2,116,-2.5285
2003,9,3,3,145,-0.3942
2003,9,3,4,155,-1.6941
2003,9,3,5,179,-2.2336
2003,10,1,1,444,12.0796
2003,10,1,2,472,9.8525
2003,10,1,3,321,8.6409
2003,10,1,4,254,10.8793
2003,10,1,5,303,8.3021
2003,10,2,1,101,9.3032
2003,10,2,2,131,7.6745
2003,10,2,3,111,8.8141
2003,10,2,4,143,7.9748
2003,10,2,5,158,8.3272
2003,10,3,1,107,6.0389
2003,10,3,2,116,7.5289
2003,10,3,3,145,2.1936
2003,10,3,4,153,6.9770
2003,10,3,5,179,6.9918
2003,11,1,1,439,5.1569
2003,11,1,2,466,3.1039
2003,11,1,3,318,5.3571
2003,11,1,4,252,5.9034
2003,11,1,5,300,4.8310
2003,11,2,1,101,2.1815
2003,11,2,2,131,3.9842
2003,11,2,3,111,4.1101
2003,11,2,4,143,3.2769
2003,11,2,5,155,2.6108
2003,11,3,1,107,2.1775
2003,11,3,2,116,4.7209
2003,11,3,3,145,2.3266
2003,11,3,4,153,0.9764
2003,11,3,5,178,-0.2986
2003,12,1,1,435,2.1220
2003,12,1,2,458,2.3103
2003,12,1,3,315,4.7285
2003,12,1,4,246,2.8515
2003,12,1,5,300,1.8807
2003,12,2,1,101,2.8683
2003,12,2,2,131,3.3980
2003,12,2,3,111,1.8737
2003,12,2,4,143,3.6284
2003,12,2,5,155,1.9472
2003,12,3,1,107,7.5211
2003,12,3,2,116,5.8640
2003,12,3,3,145,5.9751
2003,12,3,4,152,2.7537
2003,12,3,5,178,3.6410
2004,1,1,1,427,9.8327
2004,1,1,2,455,8.4382
2004,1,1,3,312,5.5641
2004,1,1,4,245,10.0876
2004,1,1,5,299,5.5584
2004,1,2,1,99,6.0232
2004,1,2,2,130,4.6127
2004,1,2,3,111,3.4553
2004,1,2,4,143,2.5183
2004,1,2,5,154,2.7987
2004,1,3,1,107,1.6484
2004,1,3,2,115,-0.1255
2004,1,3,3,145,2.8949
2004,1,3,4,152,0.6122
2004,1,3,5,178,1.8666
2004,2,1,1,423,0.7212
2004,2,1,2,449,-1.6856
2004,2,1,3,309,1.9032
2004,2,1,4,243,-0.1589
2004,2,1,5,296,-0.9464
2004,2,2,1,99,-0.3143
2004,2,2,2,130,-0.0399
2004,2,2,3,111,0.4911
2004,2,2,4,143,1.1527
2004,2,2,5,154,1.4944
2004,2,3,1,107,0.8629
2004,2,3,2,114,0.9746
2004,2,3,3,144,-0.2561
2004,2,3,4,152,2.8667
2004,2,3,5,178,2.5429
2004,3,1,1,419,-1.7512
2004,3,1,2,447,-1.0566
2004,3,1,3,309,1.7983
2004,3,1,4,238,1.0142
2004,3,1,5,291,-2.3125
2004,3,2,1,99,-0.3106
2004,3,2,2,129,1.3898
2004,3,2,3,111,2.2198
2004,3,2,4,143,0.5273
2004,3,2,5,154,2.3183
2004,3,3,1,107,-1.5144
2004,3,3,2,114,-1.8372
2004,3,3,3,144,-2.7369
2004,3,3,4,152,-1.7658
2004,3,3,5,178,0.6410
2004,4,1,1,413,-6.8013
2004,4,1,2,445,-5.1923
2004,4,1,3,307,-3.3710
2004,4,1,4,235,-4.8193
2004,4,1,5,291,-5.3869
2004,4,2,1,99,-6.6631
2004,4,2,2,129,-4.5996
2004,4,2,3,111,-3.3522
2004,4,2,4,143,-3.5393
2004,4,2,5,154,-2.0364
2004,4,3,1,105,-1.6992
2004,4,3,2,114,-1.0073
2004,4,3,3,144,-0.6461
2004,4,3,4,152,-0.2765
2004,4,3,5,178,-1.0179
2004,5,1,1,409,-0.6736
2004,5,1,2,440,-0.4080
2004,5,1,3,306,-1.6886
2004,5,1,4,232,-0.1595
2004,5,1,5,285,-0.6877
2004,5,2,1,99,2.6254
2004,5,2,2,129,-0.3036
2004,5,2,3,111,2.1692
2004,5,2,4,142,1.6697
2004,5,2,5,154,1.1312
2004,5,3,1,105,2.4674
2004,5,3,2,114,-1.7045
2004,5,3,3,144,1.5626
2004,5,3,4,151,1.0162
2004,5,3,5,178,1.7439
2004,6,1,1,405,2.8673
2004,6,1,2,433,2.9111
2004,6,1,3,304,2.6277
2004,6,1,4,232,4.1159
2004,6,1,5,284,3.9018
2004,6,2,1,99,4.7735
2004,6,2,2,127,5.2871
2004,6,2,3,111,4.1529
2004,6,2,4,142,4.2416
2004,6,2,5,154,5.2960
2004,6,3,1,105,4.2894
2004,6,3,2,114,2.7362
2004,6,3,3,144,2.0284
2004,6,3,4,150,0.6106
2004,6,3,5,177,2.2444
2004,7,1,1,626,-9.3203
2004,7,1,2,471,-8.8117
2004,7,1,3,246,-8.3501
2004,7,1,4,215,-9.4909
2004,7,1,5,291,-10.5407
2004,7,2,1,145,-10.1323
2004,7,2,2,123,-7.7333
2004,7,2,3,108,-6.8937
2004,7,2,4,122,-6.3926
2004,7,2,5,188,-5.6915
2004,7,3,1,119,-6.0280
2004,7,3,2,138,-3.5325
2004,7,3,3,165,-4.8657
2004,7,3,4,160,-3.4787
2004,7,3,5,164,-4.0688
2004,8,1,1,614,-0.8889
2004,8,1,2,469,-2.7181
2004,8,1,3,246,-1.3146
2004,8,1,4,214,-4.2461
2004,8,1,5,288,-2.3694
2004,8,2,1,145,-1.6553
2004,8,2,2,123,-0.9136
2004,8,2,3,108,-1.2722
2004,8,2,4,122,-2.2400
2004,8,2,5,186,-2.9922
2004,8,3,1,119,-0.7131
2004,8,3,2,138,-2.1899
2004,8,3,3,165,-0.2006
2004,8,3,4,160,0.7646
2004,8,3,5,164,-0.0741
2004,9,1,1,609,4.2895
2004,9,1,2,463,3.9355
2004,9,1,3,246,4.1304
2004,9,1,4,213,2.6885
2004,9,1,5,287,6.0716
2004,9,2,1,145,4.6175
2004,9,2,2,122,6.5098
2004,9,2,3,108,4.6609
2004,9,2,4,121,5.7255
2004,9,2,5,185,7.1141
2004,9,3,1,116,-0.3011
2004,9,3,2,138,1.5365
2004,9,3,3,165,1.6232
2004,9,3,4,160,1.4776
2004,9,3,5,164,2.4344
2004,10,1,1,606,1.2475
2004,10,1,2,462,0.8936
2004,10,1,3,244,0.3406
2004,10,1,4,211,0.5332
2004,10,1,5,286,-0.1496
2004,10,2,1,145,2.5961
2004,10,2,2,122,1.5353
2004,10,2,3,107,2.4077
2004,10,2,4,121,1.8423
2004,10,2,5,185,2.1296
2004,10,3,1,116,3.5765
2004,10,3,2,138,0.8080
2004,10,3,3,165,1.3962
2004,10,3,4,160,2.2074
2004,10,3,5,163,1.0676
2004,11,1,1,597,9.1568
2004,11,1,2,458,10.3644
2004,11,1,3,244,9.6305
2004,11,1,4,211,6.9256
2004,11,1,5,285,10.2113
2004,11,2,1,145,9.2940
2004,11,2,2,121,9.2143
2004,11,2,3,107,7.0634
2004,11,2,4,121,8.7355
2004,11,2,5,183,9.9623
2004,11,3,1,116,5.3913
2004,11,3,2,138,4.5818
2004,11,3,3,163,3.2064
2004,11,3,4,160,4.5096
2004,11,3,5,163,3.2482
2004,12,1,1,592,6.5231
2004,12,1,2,453,5.8244
2004,12,1,3,241,6.2413
2004,12,1,4,211,5.0643
2004,12,1,5,283,5.6668
2004,12,2,1,144,3.5497
2004,12,2,2,121,2.6400
2004,12,2,3,107,3.3158
2004,12,2,4,120,2.0649
2004,12,2,5,183,3.0669
2004,12,3,1,116,4.7061
2004,12,3,2,138,3.1193
2004,12,3,3,163,3.7085
2004,12,3,4,160,3.6746
2004,12,3,5,163,2.2089
2005,1,1,1,580,-4.6247
2005,1,1,2,452,-3.8119
2005,1,1,3,240,-3.9566
2005,1,1,4,211,-4.8038
2005,1,1,5,282,-4.6915
2005,1,2,1,143,-4.7230
2005,1,2,2,120,-3.6276
2005,1,2,3,106,-3.9108
2005,1,2,4,119,-3.7584
2005,1,2,5,181,-3.1757
2005,1,3,1,115,-2.6695
2005,1,3,2,138,-2.6905
2005,1,3,3,162,-2.3618
2005,1,3,4,160,-1.5592
2005,1,3,5,163,-4.7619
2005,2,1,1,576,0.4260
2005,2,1,2,446,-0.3788
2005,2,1,3,237,0.2745
2005,2,1,4,208,0.2571
2005,2,1,5,282,2.7927
2005,2,2,1,143,4.1079
2005,2,2,2,120,0.3880
2005,2,2,3,106,2.1698
2005,2,2,4,118,2.5425
2005,2,2,5,181,3.4934
2005,2,3,1,115,3.2897
2005,2,3,2,138,-0.1628
2005,2,3,3,162,3.9723
2005,2,3,4,160,2.2222
2005,2,3,5,162,2.0536
2005,3,1,1,573,-5.0269
2005,3,1,2,443,-5.1483
2005,3,1,3,235,-3.8404
2005,3,1,4,207,-1.7045
2005,3,1,5,282,-2.0181
2005,3,2,1,142,-3.5273
2005,3,2,2,119,-1.4149
2005,3,2,3,106,-0.5305
2005,3,2,4,117,-2.4650
2005,3,2,5,180,-2.6281
2005,3,3,1,115,-1.4964
2005,3,3,2,138,-0.3819
2005,3,3,3,162,-1.2924
2005,3,3,4,160,-0.7930
2005,3,3,5,162,-0.9832
2005,4,1,1,569,-8.4038
2005,4,1,2,439,-5.6983
2005,4,1,3,233,-3.2270
2005,4,1,4,206,-5.9266
2005,4,1,5,279,-8.2414
2005,4,2,1,142,-8.3870
2005,4,2,2,119,-6.2141
2005,4,2,3,104,-5.3079
2005,4,2,4,117,-4.3588
2005,4,2,5,180,-5.9302
2005,4,3,1,115,-2.8255
2005,4,3,2,137,-1.6997
2005,4,3,3,160,-1.2942
2005,4,3,4,160,-2.5513
2005,4,3,5,162,-2.5566
2005,5,1,1,564,5.6092
2005,5,1,2,434,6.3900
2005,5,1,3,231,6.4458
2005,5,1,4,206,5.8402
2005,5,1,5,275,4.5392
2005,5,2,1,142,7.6947
2005,5,2,2,118,7.5407
2005,5,2,3,104,6.8456
2005,5,2,4,116,6.6113
2005,5,2,5,179,6.7592
2005,5,3,1,115,4.1133
2005,5,3,2,137,3.3609
2005,5,3,3,160,4.8278
2005,5,3,4,159,2.3958
2005,5,3,5,161,4.6901
2005,6,1,1,558,4.5276
2005,6,1,2,431,4.1876
2005,6,1,3,230,3.9845
2005,6,1,4,202,3.8535
2005,6,1,5,271,6.3325
2005,6,2,1,142,2.7212
2005,6,2,2,117,3.0824
2005,6,2,3,104,2.5309
2005,6,2,4,115,3.1759
2005,6,2,5,177,4.6509
2005,6,3,1,115,-0.2595
2005,6,3,2,136,-1.4869
2005,6,3,3,160,0.0811
2005,6,3,4,159,-0.6567
2005,6,3,5,160,0.9516
2005,7,1,1,544,8.8957
2005,7,1,2,406,6.6582
2005,7,1,3,263,8.6567
2005,7,1,4,249,6.7566
2005,7,1,5,368,7.1340
2005,7,2,1,118,7.5799
2005,7,2,2,108,8.7350
2005,7,2,3,113,5.9796
2005,7,2,4,115,6.2812
2005,7,2,5,171,7.2704
2005,7,3,1,110,3.8015
2005,7,3,2,137,4.7493
2005,7,3,3,154,4.0615
2005,7,3,4,166,4.2633
2005,7,3,5,178,6.2817
2005,8,1,1,539,-0.5765
2005,8,1,2,403,-0.4635
2005,8,1,3,259,-2.3326
2005,8,1,4,249,-2.5924
2005,8,1,5,363,-2.3068
2005,8,2,1,117,-1.4316
2005,8,2,2,106,0.5554
2005,8,2,3,112,-0.9693
2005,8,2,4,114,-2.5292
2005,8,2,5,170,-1.6293
2005,8,3,1,109,-0.3333
2005,8,3,2,136,-0.6395
2005,8,3,3,154,-0.1860
2005,8,3,4,165,-2.2457
2005,8,3,5,177,-0.4033
2005,9,1,1,532,0.8551
2005,9,1,2,399,0.2620
2005,9,1,3,258,-1.1510
2005,9,1,4,247,0.4590
2005,9,1,5,359,3.0889
2005,9,2,1,117,1.2208
2005,9,2,2,105,-0.7875
2005,9,2,3,111,-0.0499
2005,9,2,4,114,0.3333
2005,9,2,5,169,1.3391
2005,9,3,1,108,0.6511
2005,9,3,2,135,0.7841
2005,9,3,3,153,-0.7243
2005,9,3,4,163,-0.2874
2005,9,3,5,174,2.6052
2005,10,1,1,527,-4.7729
2005,10,1,2,397,-2.7245
2005,10,1,3,254,-3.9034
2005,10,1,4,245,-2.2220
2005,10,1,5,358,-3.3496
2005,10,2,1,117,-3.4672
2005,10,2,2,104,-4.6841
2005,10,2,3,110,-3.0664
2005,10,2,4,114,-3.1288
2005,10,2,5,169,-4.1486
2005,10,3,1,107,-2.8310
2005,10,3,2,135,-4.4360
2005,10,3,3,153,-0.8847
2005,10,3,4,162,-1.4760
2005,10,3,5,174,-2.9567
2005,11,1,1,521,4.6248
2005,11,1,2,389,5.8341
2005,11,1,3,253,3.2089
2005,11,1,4,242,4.2640
2005,11,1,5,353,3.6413
2005,11,2,1,117,3.8375
2005,11,2,2,104,6.0079
2005,11,2,3,108,5.0962
2005,11,2,4,114,5.8865
2005,11,2,5,168,5.6143
2005,11,3,1,107,3.0831
2005,11,3,2,135,3.5115
2005,11,3,3,151,3.7104
2005,11,3,4,161,3.4292
2005,11,3,5,174,4.2401
2005,12,1,1,514,-1.2912
2005,12,1,2,385,0.2418
2005,12,1,3,252,0.1718
2005,12,1,4,242,0.2011
2005,12,1,5,350,-0.1634
2005,12,2,1,117,1.7229
2005,12,2,2,103,0.6085
2005,12,2,3,108,0.1305
2005,12,2,4,113,-1.7351
2005,12,2,5,166,-1.3725
2005,12,3,1,106,-0.1692
2005,12,3,2,135,0.9398
2005,12,3,3,150,-0.9469
2005,12,3,4,161,-0.7472
2005,12,3,5,174,1.3550
2006,1,1,1,509,9.6280
2006,1,1,2,378,9.2989
2006,1,1,3,249,10.8240
2006,1,1,4,240,9.3266
2006,1,1,5,349,12.4489
2006,1,2,1,117,9.1718
2006,1,2,2,101,10.6453
2006,1,2,3,107,7.6995
2006,1,2,4,113,9.9488
2006,1,2,5,165,9.1490
2006,1,3,1,106,4.4511
2006,1,3,2,133,4.1512
2006,1,3,3,150,1.2461
2006,1,3,4,161,2.2663
2006,1,3,5,173,3.1933
2006,2,1,1,503,-0.0333
2006,2,1,2,372,1.2425
2006,2,1,3,245,-0.1139
2006,2,1,4,239,1.3130
2006,2,1,5,349,-1.7528
2006,2,2,1,117,0.1894
2006,2,2,2,100,-1.2321
2006,2,2,3,106,0.0915
2006,2,2,4,113,0.0630
2006,2,2,5,164,-1.6423
2006,2,3,1,106,0.7879
2006,2,3,2,132,-0.1208
2006,2,3,3,150,0.7362
2006,2,3,4,160,0.1153
2006,2,3,5,172,-1.2344
2006,3,1,1,502,3.5417
2006,3,1,2,368,6.1230
2006,3,1,3,244,6.9490
2006,3,1,4,237,6.8290
2006,3,1,5,347,5.9600
2006,3,2,1,116,2.6146
2006,3,2,2,99,6.2278
2006,3,2,3,105,4.8135
2006,3,2,4,113,6.0738
2006,3,2,5,164,4.6895
2006,3,3,1,106,2.6840
2006,3,3,2,130,1.0432
2006,3,3,3,149,1.5758
2006,3,3,4,160,1.6575
2006,3,3,5,171,1.8209
2006,4,1,1,499,-0.8771
2006,4,1,2,368,1.4452
2006,4,1,3,243,-0.1175
2006,4,1,4,234,-0.4374
2006,4,1,5,344,-0.7685
2006,4,2,1,116,0.5285
2006,4,2,2,98,1.2548
2006,4,2,3,105,1.9807
2006,4,2,4,112,0.4193
2006,4,2,5,164,1.4871
2006,4,3,1,106,-0.7311
2006,4,3,2,130,1.8578
2006,4,3,3,149,-0.9110
2006,4,3,4,159,0.5831
2006,4,3,5,168,0.9492
2006,5,1,1,494,-6.6001
2006,5,1,2,365,-6.3397
2006,5,1,3,241,-4.7996
2006,5,1,4,233,-6.6316
2006,5,1,5,343,-7.5820
2006,5,2,1,115,-6.3772
2006,5,2,2,98,-6.8069
2006,5,2,3,105,-4.5225
2006,5,2,4,112,-6.0818
2006,5,2,5,164,-5.9372
2006,5,3,1,106,-1.6965
2006,5,3,2,129,-2.7655
2006,5,3,3,148,-2.1109
2006,5,3,4,157,-2.2704
2006,5,3,5,167,-4.0281
2006,6,1,1,490,-2.3741
2006,6,1,2,363,-1.1680
2006,6,1,3,237,-0.4688
2006,6,1,4,231,0.0699
2006,6,1,5,342,-1.2315
2006,6,2,1,114,-0.3605
2006,6,2,2,97,-0.7739
2006,6,2,3,104,0.5459
2006,6,2,4,111,0.0836
2006,6,2,5,162,0.6622
2006,6,3,1,105,-1.1737
2006,6,3,2,129,-0.6060
2006,6,3,3,148,0.7357
2006,6,3,4,155,0.6196
2006,6,3,5,167,0.1272
2006,7,1,1,507,-5.0051
2006,7,1,2,398,-3.8109
2006,7,1,3,284,-4.2515
2006,7,1,4,254,-3.9010
2006,7,1,5,339,-4.6653
2006,7,2,1,115,-3.4174
2006,7,2,2,118,-3.2069
2006,7,2,3,114,-3.3376
2006,7,2,4,135,-4.1794
2006,7,2,5,165,-4.3527
2006,7,3,1,128,-0.0179
2006,7,3,2,131,-0.4823
2006,7,3,3,137,0.1291
2006,7,3,4,160,-2.9229
2006,7,3,5,152,-0.9687
2006,8,1,1,501,2.9694
2006,8,1,2,395,4.4887
2006,8,1,3,284,3.3106
2006,8,1,4,254,1.6610
2006,8,1,5,338,2.8985
2006,8,2,1,114,3.3190
2006,8,2,2,118,3.8703
2006,8,2,3,114,3.3460
2006,8,2,4,132,2.8310
2006,8,2,5,162,3.3954
2006,8,3,1,128,5.0193
2006,8,3,2,131,2.2440
2006,8,3,3,137,3.5105
2006,8,3,4,160,2.7280
2006,8,3,5,152,-0.2033
2006,9,1,1,499,-0.0402
2006,9,1,2,391,0.3379
2006,9,1,3,281,1.1692
2006,9,1,4,252,1.7150
2006,9,1,5,337,1.0901
2006,9,2,1,114,1.4663
2006,9,2,2,116,-0.2410
2006,9,2,3,114,1.3198
2006,9,2,4,132,1.8110
2006,9,2,5,162,0.6277
2006,9,3,1,127,2.5845
2006,9,3,2,131,2.0806
2006,9,3,3,137,2.8014
2006,9,3,4,160,1.6204
2006,9,3,5,150,0.7106
2006,10,1,1,496,5.6855
2006,10,1,2,387,8.0618
2006,10,1,3,277,7.0374
2006,10,1,4,249,5.2538
2006,10,1,5,337,6.4696
2006,10,2,1,114,6.1747
2006,10,2,2,116,6.0391
2006,10,2,3,114,4.3371
2006,10,2,4,132,5.5863
2006,10,2,5,160,5.8978
2006,10,3,1,127,3.3290
2006,10,3,2,131,3.4574
2006,10,3,3,137,4.0993
2006,10,3,4,160,2.7782
2006,10,3,5,149,4.6632
2006,11,1,1,494,2.5459
2006,11,1,2,385,1.9651
2006,11,1,3,274,2.4506
2006,11,1,4,248,2.5095
2006,11,1,5,333,3.3222
2006,11,2,1,114,2.7385
2006,11,2,2,115,2.4984
2006,11,2,3,113,2.9506
2006,11,2,4,132,2.6511
2006,11,2,5,159,3.9299
2006,11,3,1,126,3.3125
2006,11,3,2,131,1.2953
2006,11,3,3,137,1.4019
2006,11,3,4,160,1.8705
2006,11,3,5,147,3.9492
2006,12,1,1,490,0.9380
2006,12,1,2,382,2.0121
2006,12,1,3,273,2.0224
2006,12,1,4,247,1.7922
2006,12,1,5,330,1.7845
2006,12,2,1,110,-0.9219
2006,12,2,2,115,0.6414
2006,12,2,3,113,1.0340
2006,12,2,4,131,0.0105
2006,12,2,5,158,-1.0670
2006,12,3,1,126,0.1961
2006,12,3,2,130,1.3598
2006,12,3,3,135,1.5946
2006,12,3,4,160,0.2882
2006,12,3,5,147,-1.0520
2007,1,1,1,484,2.2410
2007,1,1,2,379,1.8108
2007,1,1,3,271,1.0506
2007,1,1,4,241,1.8289
2007,1,1,5,327,0.9701
2007,1,2,1,110,1.2784
2007,1,2,2,114,2.0424
2007,1,2,3,113,2.8111
2007,1,2,4,131,3.2216
2007,1,2,5,156,1.7395
2007,1,3,1,125,1.9509
2007,1,3,2,130,2.0256
2007,1,3,3,135,1.8884
2007,1,3,4,157,2.3949
2007,1,3,5,147,4.7324
2007,2,1,1,478,0.1800
2007,2,1,2,373,0.1638
2007,2,1,3,265,-0.6815
2007,2,1,4,240,1.0842
2007,2,1,5,324,-0.3529
2007,2,2,1,110,-0.5695
2007,2,2,2,112,-0.0451
2007,2,2,3,112,-0.0768
2007,2,2,4,129,0.4237
2007,2,2,5,153,0.9930
2007,2,3,1,125,-2.6270
2007,2,3,2,129,-0.6854
2007,2,3,3,135,-1.6986
2007,2,3,4,156,-0.7839
2007,2,3,5,147,-1.9088
2007,3,1,1,475,0.0284
2007,3,1,2,372,1.2152
2007,3,1,3,265,1.1715
2007,3,1,4,239,2.2215
2007,3,1,5,318,1.2296
2007,3,2,1,109,0.7513
2007,3,2,2,109,1.5503
2007,3,2,3,111,1.2596
2007,3,2,4,128,1.4348
2007,3,2,5,153,2.5178
2007,3,3,1,125,0.8573
2007,3,3,2,129,0.5876
2007,3,3,3,134,1.2994
2007,3,3,4,156,0.6822
2007,3,3,5,147,3.1911
2007,4,1,1,473,2.4574
2007,4,1,2,370,1.7486
2007,4,1,3,259,1.9248
2007,4,1,4,238,3.4684
2007,4,1,5,317,1.8232
2007,4,2,1,108,3.1232
2007,4,2,2,109,3.2710
2007,4,2,3,110,3.2712
2007,4,2,4,127,2.3336
2007,4,2,5,153,1.9246
2007,4,3,1,125,4.2843
2007,4,3,2,127,4.0579
2007,4,3,3,134,5.6466
2007,4,3,4,155,3.7752
2007,4,3,5,147,3.0570
2007,5,1,1,467,2.5935
2007,5,1,2,362,2.8792
2007,5,1,3,257,2.8133
2007,5,1,4,235,3.0188
2007,5,1,5,314,4.8540
2007,5,2,1,108,3.3815
2007,5,2,2,109,4.8265
2007,5,2,3,108,4.8217
2007,5,2,4,126,3.0788
2007,5,2,5,153,4.2004
2007,5,3,1,124,3.8240
2007,5,3,2,126,3.1841
2007,5,3,3,134,2.9469
2007,5,3,4,155,4.2560
2007,5,3,5,146,5.3309
2007,6,1,1,462,-0.1351
2007,6,1,2,355,-0.6086
2007,6,1,3,257,0.6258
2007,6,1,4,234,-0.4176
2007,6,1,5,313,-0.2338
2007,6,2,1,108,-2.4273
2007,6,2,2,109,-1.3308
2007,6,2,3,107,-1.0163
2007,6,2,4,126,-0.3149
2007,6,2,5,148,-1.2162
2007,6,3,1,124,-2.7579
2007,6,3,2,126,-2.0272
2007,6,3,3,134,-0.7506
2007,6,3,4,154,-0.9492
2007,6,3,5,144,0.0911
2007,7,1,1,507,-7.5291
2007,7,1,2,330,-5.8299
2007,7,1,3,308,-4.6587
2007,7,1,4,244,-6.5041
2007,7,1,5,353,-5.3028
2007,7,2,1,101,-7.8521
2007,7,2,2,109,-5.4797
2007,7,2,3,126,-4.5291
2007,7,2,4,126,-4.0031
2007,7,2,5,180,-4.3598
2007,7,3,1,124,-2.2277
2007,7,3,2,137,-1.2593
2007,7,3,3,120,-2.5263
2007,7,3,4,162,-2.3877
2007,7,3,5,138,-1.5738
2007,8,1,1,504,-1.7216
2007,8,1,2,324,-1.0360
2007,8,1,3,306,0.2720
2007,8,1,4,243,0.2892
2007,8,1,5,352,1.0488
2007,8,2,1,100,-0.1159
2007,8,2,2,108,2.1082
2007,8,2,3,125,2.2151
2007,8,2,4,125,0.7907
2007,8,2,5,179,1.0133
2007,8,3,1,124,1.3360
2007,8,3,2,135,0.4351
2007,8,3,3,120,1.7597
2007,8,3,4,161,1.3823
2007,8,3,5,137,2.8135
2007,9,1,1,496,-0.3782
2007,9,1,2,319,0.1768
2007,9,1,3,305,2.4398
2007,9,1,4,243,0.5359
2007,9,1,5,349,2.7729
2007,9,2,1,98,-0.4319
2007,9,2,2,105,1.3722
2007,9,2,3,124,0.9139
2007,9,2,4,123,1.9967
2007,9,2,5,179,2.7864
2007,9,3,1,124,3.5617
2007,9,3,2,135,2.7275
2007,9,3,3,118,4.2577
2007,9,3,4,161,3.6795
2007,9,3,5,134,5.6360
2007,10,1,1,490,0.9109
2007,10,1,2,316,1.8585
2007,10,1,3,303,1.3925
2007,10,1,4,240,2.7672
2007,10,1,5,347,2.9650
2007,10,2,1,98,4.3000
2007,10,2,2,105,2.6338
2007,10,2,3,123,1.9974
2007,10,2,4,123,3.7583
2007,10,2,5,177,4.4455
2007,10,3,1,123,3.8242
2007,10,3,2,135,2.3956
2007,10,3,3,117,1.3921
2007,10,3,4,161,2.6745
2007,10,3,5,134,3.9736
2007,11,1,1,488,-10.0248
2007,11,1,2,313,-10.0786
2007,11,1,3,302,-8.9845
2007,11,1,4,238,-6.6465
2007,11,1,5,340,-9.4362
2007,11,2,1,97,-7.4849
2007,11,2,2,103,-6.0069
2007,11,2,3,123,-6.4504
2007,11,2,4,121,-5.0847
2007,11,2,5,175,-7.1581
2007,11,3,1,123,-3.9199
2007,11,3,2,132,-4.0841
2007,11,3,3,116,-2.4604
2007,11,3,4,159,-2.9678
2007,11,3,5,132,-4.0901
2007,12,1,1,478,-0.3204
2007,12,1,2,313,-0.2655
2007,12,1,3,297,-0.4233
2007,12,1,4,233,-0.4122
2007,12,1,5,338,0.7912
2007,12,2,1,97,0.5313
2007,12,2,2,103,0.9917
2007,12,2,3,122,-1.4549
2007,12,2,4,119,0.1978
2007,12,2,5,171,-0.1956
2007,12,3,1,122,-0.9709
2007,12,3,2,130,-1.3754
2007,12,3,3,116,2.0847
2007,12,3,4,159,-0.5983
2007,12,3,5,129,1.5247
2008,1,1,1,473,-8.4558
2008,1,1,2,312,-9.4016
2008,1,1,3,293,-8.2814
2008,1,1,4,229,-10.9074
2008,1,1,5,335,-9.6636
2008,1,2,1,96,-8.7385
2008,1,2,2,102,-7.0410
2008,1,2,3,120,-5.8075
2008,1,2,4,119,-5.1323
2008,1,2,5,171,-9.0845
2008,1,3,1,121,-7.1267
2008,1,3,2,130,-4.6779
2008,1,3,3,114,-8.1393
2008,1,3,4,158,-6.8391
2008,1,3,5,128,-7.6203
2008,2,1,1,471,-4.1569
2008,2,1,2,309,-2.4094
2008,2,1,3,291,-3.1917
2008,2,1,4,226,-2.7881
2008,2,1,5,333,-3.3670
2008,2,2,1,96,-1.7060
2008,2,2,2,102,-3.1921
2008,2,2,3,119,-2.6976
2008,2,2,4,118,-2.1735
2008,2,2,5,171,-0.9798
2008,2,3,1,121,-4.1200
2008,2,3,2,130,1.2901
2008,2,3,3,114,-1.1051
2008,2,3,4,157,-0.4485
2008,2,3,5,128,-0.9219
2008,3,1,1,468,-0.4764
2008,3,1,2,310,-2.9831
2008,3,1,3,289,-0.9838
2008,3,1,4,225,0.1196
2008,3,1,5,330,-3.1503
2008,3,2,1,95,0.8662
2008,3,2,2,102,-1.6155
2008,3,2,3,120,0.0627
2008,3,2,4,118,-0.2984
2008,3,2,5,170,2.0211
2008,3,3,1,121,0.4004
2008,3,3,2,130,-0.1245
2008,3,3,3,114,-0.3487
2008,3,3,4,156,0.9092
2008,3,3,5,128,0.0520
2008,4,1,1,459,1.1519
2008,4,1,2,308,0.9439
2008,4,1,3,287,3.2091
2008,4,1,4,225,1.7158
2008,4,1,5,326,4.1916
2008,4,2,1,95,2.8654
2008,4,2,2,101,1.8108
2008,4,2,3,120,8.3267
2008,4,2,4,116,1.8185
2008,4,2,5,170,5.9476
2008,4,3,1,121,-0.6877
2008,4,3,2,130,5.1484
2008,4,3,3,114,6.3278
2008,4,3,4,155,4.9842
2008,4,3,5,128,5.9619
2008,5,1,1,455,4.8079
2008,5,1,2,304,3.5186
2008,5,1,3,282,6.0764
2008,5,1,4,223,4.9794
2008,5,1,5,323,6.2456
2008,5,2,1,95,5.3410
2008,5,2,2,101,5.0894
2008,5,2,3,119,5.2311
2008,5,2,4,116,5.0236
2008,5,2,5,170,9.1550
2008,5,3,1,121,0.6421
2008,5,3,2,130,3.5646
2008,5,3,3,114,4.7130
2008,5,3,4,153,3.9724
2008,5,3,5,128,3.9253
2008,6,1,1,445,-6.9814
2008,6,1,2,302,-9.8208
2008,6,1,3,278,-7.7098
2008,6,1,4,221,-7.8031
2008,6,1,5,320,-5.2986
2008,6,2,1,94,-8.9569
2008,6,2,2,101,-8.2615
2008,6,2,3,118,-5.9941
2008,6,2,4,115,-6.6661
2008,6,2,5,169,-2.8602
2008,6,3,1,121,-8.6493
2008,6,3,2,129,-7.2746
2008,6,3,3,114,-4.1577
2008,6,3,4,153,-6.5662
2008,6,3,5,128,-6.3954
2008,7,1,1,589,4.0132
2008,7,1,2,329,4.9193
2008,7,1,3,219,6.8930
2008,7,1,4,214,4.5247
2008,7,1,5,287,2.0912
2008,7,2,1,145,5.5386
2008,7,2,2,123,2.9294
2008,7,2,3,113,4.4897
2008,7,2,4,127,2.9642
2008,7,2,5,167,-2.5338
2008,7,3,1,120,-1.4678
2008,7,3,2,118,0.0378
2008,7,3,3,154,0.5597
2008,7,3,4,137,-2.8252
2008,7,3,5,163,-7.6623
2008,8,1,1,582,2.3597
2008,8,1,2,326,3.9566
2008,8,1,3,219,4.0822
2008,8,1,4,209,2.6860
2008,8,1,5,287,4.0417
2008,8,2,1,143,4.8748
2008,8,2,2,123,4.4879
2008,8,2,3,112,6.6874
2008,8,2,4,127,5.0448
2008,8,2,5,166,2.7658
2008,8,3,1,119,2.7861
2008,8,3,2,118,1.1369
2008,8,3,3,154,2.0238
2008,8,3,4,137,2.2384
2008,8,3,5,161,0.6156
2008,9,1,1,576,-10.0908
2008,9,1,2,323,-9.9270
2008,9,1,3,216,-8.6125
2008,9,1,4,207,-9.8309
2008,9,1,5,284,-13.7936
2008,9,2,1,142,-8.9086
2008,9,2,2,122,-9.7432
2008,9,2,3,111,-8.5967
2008,9,2,4,127,-8.7982
2008,9,2,5,164,-13.4308
2008,9,3,1,119,-8.0872
2008,9,3,2,118,-10.9807
2008,9,3,3,154,-10.1098
2008,9,3,4,136,-8.0442
2008,9,3,5,160,-13.5222
2008,10,1,1,567,-22.3990
2008,10,1,2,320,-21.3403
2008,10,1,3,214,-21.7064
2008,10,1,4,204,-20.8915
2008,10,1,5,282,-22.5954
2008,10,2,1,142,-22.4207
2008,10,2,2,122,-20.6969
2008,10,2,3,111,-21.8287
2008,10,2,4,127,-21.4360
2008,10,2,5,164,-24.1242
2008,10,3,1,119,-13.6105
2008,10,3,2,117,-18.2958
2008,10,3,3,153,-15.0100
2008,10,3,4,136,-16.6479
2008,10,3,5,160,-19.6142
2008,11,1,1,561,-15.8126
2008,11,1,2,318,-15.8332
2008,11,1,3,212,-13.6990
2008,11,1,4,201,-13.1415
2008,11,1,5,277,-13.1479
2008,11,2,1,142,-12.6963
2008,11,2,2,121,-10.8381
2008,11,2,3,110,-13.2045
2008,11,2,4,127,-9.7216
2008,11,2,5,161,-15.9342
2008,11,3,1,118,-9.1149
2008,11,3,2,117,-6.4827
2008,11,3,3,153,-6.3470
2008,11,3,4,135,-3.6474
2008,11,3,5,160,-7.4062
2008,12,1,1,553,2.7593
2008,12,1,2,315,3.3511
2008,12,1,3,212,5.6794
2008,12,1,4,198,8.1487
2008,12,1,5,275,4.4242
2008,12,2,1,141,6.3324
2008,12,2,2,120,3.9451
2008,12,2,3,110,6.3534
2008,12,2,4,127,4.7740
2008,12,2,5,160,5.9681
2008,12,3,1,116,1.2376
2008,12,3,2,117,1.5329
2008,12,3,3,151,2.9596
2008,12,3,4,135,1.0712
2008,12,3,5,160,0.8799
2009,1,1,1,542,-7.2458
2009,1,1,2,312,-8.8780
2009,1,1,3,212,-10.3883
2009,1,1,4,196,-10.1668
2009,1,1,5,273,-10.1514
2009,1,2,1,141,-8.5610
2009,1,2,2,120,-8.1550
2009,1,2,3,110,-9.5496
2009,1,2,4,126,-8.6160
2009,1,2,5,158,-8.4280
2009,1,3,1,116,-5.7236
2009,1,3,2,117,-8.0798
2009,1,3,3,150,-4.5233
2009,1,3,4,135,-6.7846
2009,1,3,5,160,-2.3637
2009,2,1,1,537,-12.4133
2009,2,1,2,308,-13.7256
2009,2,1,3,211,-9.1733
2009,2,1,4,195,-13.8404
2009,2,1,5,271,-10.3833
2009,2,2,1,140,-13.9645
2009,2,2,2,120,-10.0578
2009,2,2,3,110,-7.4684
2009,2,2,4,125,-12.1675
2009,2,2,5,158,-10.6706
2009,2,3,1,116,-9.7619
2009,2,3,2,117,-11.9421
2009,2,3,3,150,-6.9774
2009,2,3,4,135,-7.9495
2009,2,3,5,160,-10.1605
2009,3,1,1,533,9.8638
2009,3,1,2,305,6.3988
2009,3,1,3,209,9.2223
2009,3,1,4,195,12.1217
2009,3,1,5,267,9.3573
2009,3,2,1,139,12.0573
2009,3,2,2,120,9.3977
2009,3,2,3,109,9.2552
2009,3,2,4,125,8.2298
2009,3,2,5,157,9.6324
2009,3,3,1,116,9.1077
2009,3,3,2,117,6.8754
2009,3,3,3,150,8.0435
2009,3,3,4,135,8.6269
2009,3,3,5,160,9.8184
2009,4,1,1,527,17.6457
2009,4,1,2,302,24.4558
2009,4,1,3,206,15.8771
2009,4,1,4,195,20.2175
2009,4,1,5,259,18.2936
2009,4,2,1,139,18.8890
2009,4,2,2,120,14.0656
2009,4,2,3,108,19.2483
2009,4,2,4,124,18.1763
2009,4,2,5,155,21.7511
2009,4,3,1,116,8.2220
2009,4,3,2,117,10.1160
2009,4,3,3,149,7.5821
2009,4,3,4,135,8.0092
2009,4,3,5,160,11.4140
2009,5,1,1,518,7.4493
2009,5,1,2,296,4.3389
2009,5,1,3,205,3.6376
2009,5,1,4,191,2.3373
2009,5,1,5,258,3.0651
2009,5,2,1,139,2.8105
2009,5,2,2,120,1.3437
2009,5,2,3,108,0.9331
2009,5,2,4,124,2.9234
2009,5,2,5,154,6.1189
2009,5,3,1,116,5.0920
2009,5,3,2,117,5.4093
2009,5,3,3,148,2.9110
2009,5,3,4,135,2.0622
2009,5,3,5,160,7.3943
2009,6,1,1,513,4.6736
2009,6,1,2,293,7.0950
2009,6,1,3,202,4.9074
2009,6,1,4,189,6.7563
2009,6,1,5,254,7.0804
2009,6,2,1,139,4.0560
2009,6,2,2,120,2.9330
2009,6,2,3,108,2.0460
2009,6,2,4,124,3.3877
2009,6,2,5,154,0.7276
2009,6,3,1,116,1.9312
2009,6,3,2,117,-0.7732
2009,6,3,3,148,1.2794
2009,6,3,4,135,0.9329
2009,6,3,5,160,-2.0363
2009,7,1,1,327,15.9970
2009,7,1,2,375,11.3929
2009,7,1,3,307,9.7523
2009,7,1,4,252,8.8627
2009,7,1,5,271,9.1785
2009,7,2,1,85,15.3303
2009,7,2,2,124,10.9448
2009,7,2,3,162,9.6207
2009,7,2,4,149,8.2918
2009,7,2,5,168,9.6783
2009,7,3,1,110,9.1770
2009,7,3,2,128,7.6873
2009,7,3,3,146,8.4799
2009,7,3,4,171,7.5732
2009,7,3,5,148,5.9122
2009,8,1,1,322,12.1341
2009,8,1,2,371,5.1195
2009,8,1,3,303,2.5173
2009,8,1,4,250,5.8404
2009,8,1,5,271,4.1998
2009,8,2,1,85,9.1594
2009,8,2,2,123,4.0174
2009,8,2,3,161,1.2865
2009,8,2,4,149,2.5191
2009,8,2,5,168,0.7822
2009,8,3,1,109,3.8656
2009,8,3,2,128,1.3674
2009,8,3,3,145,2.0547
2009,8,3,4,171,2.8069
2009,8,3,5,148,1.6434
2009,9,1,1,318,10.6889
2009,9,1,2,369,5.7145
2009,9,1,3,298,6.8983
2009,9,1,4,250,8.4772
2009,9,1,5,270,9.5032
2009,9,2,1,84,8.8715
2009,9,2,2,122,6.5216
2009,9,2,3,160,5.7006
2009,9,2,4,148,6.0759
2009,9,2,5,168,8.7548
2009,9,3,1,109,2.8534
2009,9,3,2,128,6.2054
2009,9,3,3,145,3.9270
2009,9,3,4,171,2.4175
2009,9,3,5,148,6.6073
2009,10,1,1,316,-10.4134
2009,10,1,2,364,-8.1291
2009,10,1,3,298,-7.7523
2009,10,1,4,248,-7.3004
2009,10,1,5,270,-7.9355
2009,10,2,1,84,-7.5764
2009,10,2,2,121,-7.8976
2009,10,2,3,158,-5.9218
2009,10,2,4,148,-5.7321
2009,10,2,5,168,-7.9754
2009,10,3,1,109,-1.5570
2009,10,3,2,128,-2.6807
2009,10,3,3,145,-1.9112
2009,10,3,4,171,-1.7398
2009,10,3,5,148,0.5293
2009,11,1,1,313,1.4885
2009,11,1,2,360,1.4722
2009,11,1,3,295,4.2002
2009,11,1,4,245,1.1986
2009,11,1,5,267,0.3837
2009,11,2,1,84,4.7192
2009,11,2,2,118,3.4360
2009,11,2,3,158,3.6699
2009,11,2,4,148,2.9488
2009,11,2,5,166,1.9798
2009,11,3,1,108,5.7810
2009,11,3,2,127,6.8018
2009,11,3,3,145,5.9803
2009,11,3,4,171,5.4104
2009,11,3,5,147,6.0011
2009,12,1,1,306,12.5712
2009,12,1,2,349,7.7096
2009,12,1,3,294,7.7026
2009,12,1,4,243,9.1761
2009,12,1,5,264,8.5279
2009,12,2,1,84,9.8145
2009,12,2,2,118,9.8990
2009,12,2,3,158,8.7969
2009,12,2,4,148,6.3547
2009,12,2,5,165,8.4253
2009,12,3,1,108,3.3904
2009,12,3,2,126,2.0754
2009,12,3,3,144,2.4396
2009,12,3,4,171,3.3773
2009,12,3,5,147,5.1964
2010,1,1,1,302,-1.9144
2010,1,1,2,345,-4.8173
2010,1,1,3,288,-4.0564
2010,1,1,4,243,-2.2998
2010,1,1,5,262,-5.9499
2010,1,2,1,84,-2.5029
2010,1,2,2,118,-2.2300
2010,1,2,3,157,-4.2871
2010,1,2,4,148,-5.0480
2010,1,2,5,164,-2.9376
2010,1,3,1,108,-4.3641
2010,1,3,2,126,-3.5015
2010,1,3,3,144,-1.8670
2010,1,3,4,169,-3.3498
2010,1,3,5,147,-6.4155
2010,2,1,1,300,7.1739
2010,2,1,2,342,5.6021
2010,2,1,3,287,5.4682
2010,2,1,4,242,4.7230
2010,2,1,5,261,4.6391
2010,2,2,1,83,7.1159
2010,2,2,2,118,5.0249
2010,2,2,3,157,5.1502
2010,2,2,4,148,4.4372
2010,2,2,5,164,4.0215
2010,2,3,1,107,4.0815
2010,2,3,2,126,2.7451
2010,2,3,3,144,4.2643
2010,2,3,4,168,2.4706
2010,2,3,5,146,3.6928
2010,3,1,1,298,11.0766
2010,3,1,2,337,7.8120
2010,3,1,3,281,6.3883
2010,3,1,4,241,9.3415
2010,3,1,5,260,6.5098
2010,3,2,1,83,7.8372
2010,3,2,2,117,7.4439
2010,3,2,3,157,7.6929
2010,3,2,4,148,8.6379
2010,3,2,5,164,6.4643
2010,3,3,1,107,5.8401
2010,3,3,2,126,6.3703
2010,3,3,3,144,4.9564
2010,3,3,4,166,5.3905
2010,3,3,5,146,5.0699
2010,4,1,1,295,13.6892
2010,4,1,2,334,8.7305
2010,4,1,3,279,9.0639
2010,4,1,4,238,7.4892
2010,4,1,5,259,6.2221
2010,4,2,1,83,8.0259
2010,4,2,2,116,6.0967
2010,4,2,3,157,5.9354
2010,4,2,4,148,5.5992
2010,4,2,5,163,5.8518
2010,4,3,1,106,3.2759
2010,4,3,2,124,1.9717
2010,4,3,3,144,1.3612
2010,4,3,4,166,0.5630
2010,4,3,5,145,1.8487
2010,5,1,1,289,-9.8315
2010,5,1,2,332,-8.4964
2010,5,1,3,276,-7.3016
2010,5,1,4,236,-8.2207
2010,5,1,5,259,-9.7210
2010,5,2,1,83,-9.0642
2010,5,2,2,115,-9.2980
2010,5,2,3,157,-7.3880
2010,5,2,4,148,-7.0694
2010,5,2,5,163,-6.7678
2010,5,3,1,105,-6.5573
2010,5,3,2,124,-7.4615
2010,5,3,3,144,-6.4631
2010,5,3,4,165,-6.7941
2010,5,3,5,145,-10.0163
2010,6,1,1,284,-12.7688
2010,6,1,2,332,-9.3528
2010,6,1,3,275,-6.7221
2010,6,1,4,235,-7.5656
2010,6,1,5,258,-6.9224
2010,6,2,1,83,-9.4720
2010,6,2,2,115,-8.2511
2010,6,2,3,157,-7.3724
2010,6,2,4,147,-7.8235
2010,6,2,5,162,-7.0853
2010,6,3,1,105,-5.5181
2010,6,3,2,124,-4.8637
2010,6,3,3,144,-2.2204
2010,6,3,4,165,-5.5150
2010,6,3,5,145,-6.8006
2010,7,1,1,378,8.8957
2010,7,1,2,446,6.7728
2010,7,1,3,219,7.6383
2010,7,1,4,134,7.0346
2010,7,1,5,250,5.9009
2010,7,2,1,115,9.5147
2010,7,2,2,141,6.8145
2010,7,2,3,129,7.8501
2010,7,2,4,117,8.1083
2010,7,2,5,154,6.1578
2010,7,3,1,87,6.2460
2010,7,3,2,147,8.3433
2010,7,3,3,157,6.1423
2010,7,3,4,144,6.0724
2010,7,3,5,184,7.3467
2010,8,1,1,377,-9.2524
2010,8,1,2,442,-9.9879
2010,8,1,3,216,-9.2355
2010,8,1,4,133,-6.0298
2010,8,1,5,248,-9.0225
2010,8,2,1,114,-7.3553
2010,8,2,2,139,-8.8234
2010,8,2,3,129,-7.3294
2010,8,2,4,117,-4.8411
2010,8,2,5,151,-6.8588
2010,8,3,1,87,-3.1817
2010,8,3,2,145,-8.0781
2010,8,3,3,156,-3.2975
2010,8,3,4,144,-2.8386
2010,8,3,5,183,-1.8110
2010,9,1,1,376,14.3958
2010,9,1,2,439,11.2644
2010,9,1,3,214,14.0054
2010,9,1,4,133,12.2120
2010,9,1,5,246,13.0112
2010,9,2,1,114,15.8941
2010,9,2,2,137,15.1240
2010,9,2,3,128,12.2220
2010,9,2,4,116,13.2086
2010,9,2,5,148,13.0129
2010,9,3,1,87,6.9118
2010,9,3,2,145,11.8274
2010,9,3,3,155,9.2946
2010,9,3,4,144,10.0345
2010,9,3,5,183,9.4474
2010,10,1,1,371,5.8234
2010,10,1,2,436,4.5500
2010,10,1,3,212,7.5482
2010,10,1,4,132,5.5162
2010,10,1,5,243,6.1498
2010,10,2,1,113,2.5072
2010,10,2,2,137,4.9880
2010,10,2,3,128,2.6796
2010,10,2,4,115,4.6626
2010,10,2,5,148,4.3093
2010,10,3,1,87,5.3271
2010,10,3,2,145,6.0729
2010,10,3,3,155,2.0405
2010,10,3,4,144,4.3408
2010,10,3,5,182,3.0851
2010,11,1,1,364,4.3508
2010,11,1,2,433,3.6487
2010,11,1,3,212,4.4575
2010,11,1,4,130,3.2194
2010,11,1,5,241,3.9107
2010,11,2,1,112,4.5692
2010,11,2,2,137,4.7328
2010,11,2,3,128,3.6437
2010,11,2,4,115,5.5188
2010,11,2,5,148,2.6233
2010,11,3,1,86,-0.2425
2010,11,3,2,145,-1.9394
2010,11,3,3,155,1.3422
2010,11,3,4,140,0.8968
2010,11,3,5,182,0.7518
2010,12,1,1,355,9.7089
2010,12,1,2,428,10.3036
2010,12,1,3,211,8.2814
2010,12,1,4,129,6.1081
2010,12,1,5,241,8.2414
2010,12,2,1,112,9.7955
2010,12,2,2,136,6.9367
2010,12,2,3,127,6.5849
2010,12,2,4,115,5.8032
2010,12,2,5,147,7.1293
2010,12,3,1,86,6.7265
2010,12,3,2,144,7.9706
2010,12,3,3,154,4.7688
2010,12,3,4,140,5.3822
2010,12,3,5,181,5.4960
2011,1,1,1,348,-0.5528
2011,1,1,2,426,-0.7354
2011,1,1,3,205,-0.8228
2011,1,1,4,126,-2.6095
2011,1,1,5,239,-2.6993
2011,1,2,1,110,1.6333
2011,1,2,2,136,0.6766
2011,1,2,3,125,0.7614
2011,1,2,4,115,-0.1211
2011,1,2,5,146,0.9454
2011,1,3,1,86,2.5241
2011,1,3,2,144,2.4899
2011,1,3,3,154,2.8178
2011,1,3,4,140,1.6673
2011,1,3,5,181,1.0253
2011,2,1,1,343,5.7078
2011,2,1,2,423,3.5800
2011,2,1,3,203,4.0626
2011,2,1,4,125,4.8863
2011,2,1,5,238,7.5178
2011,2,2,1,110,7.5637
2011,2,2,2,136,6.3695
2011,2,2,3,124,5.6024
2011,2,2,4,115,5.9308
2011,2,2,5,145,4.3606
2011,2,3,1,86,5.5362
2011,2,3,2,142,1.4005
2011,2,3,3,154,3.6744
2011,2,3,4,140,3.5651
2011,2,3,5,181,4.4898
2011,3,1,1,339,2.5196
2011,3,1,2,418,2.6640
2011,3,1,3,201,5.6956
2011,3,1,4,124,2.6998
2011,3,1,5,237,1.0664
2011,3,2,1,110,2.8549
2011,3,2,2,135,3.1572
2011,3,2,3,124,3.7162
2011,3,2,4,115,1.8889
2011,3,2,5,145,2.7422
2011,3,3,1,85,0.0377
2011,3,3,2,142,-1.1187
2011,3,3,3,154,0.2467
2011,3,3,4,140,0.9214
2011,3,3,5,180,2.5454
2011,4,1,1,336,0.9234
2011,4,1,2,417,1.4989
2011,4,1,3,199,1.3171
2011,4,1,4,122,2.8178
2011,4,1,5,234,1.6482
2011,4,2,1,110,2.3360
2011,4,2,2,135,2.5558
2011,4,2,3,124,1.3418
2011,4,2,4,114,3.1141
2011,4,2,5,145,3.5114
2011,4,3,1,83,3.6488
2011,4,3,2,142,2.4733
2011,4,3,3,154,3.3934
2011,4,3,4,139,3.2468
2011,4,3,5,179,4.2315
2011,5,1,1,330,-3.0669
2011,5,1,2,413,-1.9749
2011,5,1,3,197,-1.0345
2011,5,1,4,121,-0.5332
2011,5,1,5,233,-2.7722
2011,5,2,1,110,-3.5304
2011,5,2,2,135,-2.2820
2011,5,2,3,124,-1.8896
2011,5,2,4,114,-2.1824
2011,5,2,5,144,-0.0819
2011,5,3,1,82,-0.8044
2011,5,3,2,142,-1.1736
2011,5,3,3,154,-1.4721
2011,5,3,4,139,-0.7693
2011,5,3,5,178,-0.1926
2011,6,1,1,327,-3.4883
2011,6,1,2,408,-3.2705
2011,6,1,3,197,-3.6251
2011,6,1,4,119,-1.6443
2011,6,1,5,232,-2.9650
2011,6,2,1,109,-1.9487
2011,6,2,2,135,-1.9680
2011,6,2,3,123,-1.3432
2011,6,2,4,113,-0.4003
2011,6,2,5,143,-1.4716
2011,6,3,1,82,-3.1091
2011,6,3,2,142,-1.2341
2011,6,3,3,154,-1.7203
2011,6,3,4,138,-0.9173
2011,6,3,5,177,-1.6068
2011,7,1,1,447,-4.3481
2011,7,1,2,237,-1.8874
2011,7,1,3,205,-0.8033
2011,7,1,4,171,-3.7359
2011,7,1,5,287,-2.1967
2011,7,2,1,114,-4.7429
2011,7,2,2,136,-4.7237
2011,7,2,3,114,-4.8195
2011,7,2,4,103,-2.9897
2011,7,2,5,158,-4.8284
2011,7,3,1,116,-3.7779
2011,7,3,2,121,-3.3816
2011,7,3,3,140,-0.1593
2011,7,3,4,170,-1.4592
2011,7,3,5,145,-0.9325
2011,8,1,1,444,-12.4854
2011,8,1,2,236,-10.4145
2011,8,1,3,205,-9.3138
2011,8,1,4,170,-11.3944
2011,8,1,5,286,-10.9401
2011,8,2,1,112,-9.2966
2011,8,2,2,136,-8.2454
2011,8,2,3,114,-7.6697
2011,8,2,4,103,-8.2672
2011,8,2,5,156,-9.4212
2011,8,3,1,116,-3.5519
2011,8,3,2,121,-4.1806
2011,8,3,3,139,-4.7495
2011,8,3,4,170,-5.0903
2011,8,3,5,144,-6.2044
2011,9,1,1,442,-12.0235
2011,9,1,2,235,-11.6060
2011,9,1,3,204,-11.3591
2011,9,1,4,170,-11.8223
2011,9,1,5,283,-10.8265
2011,9,2,1,111,-11.7380
2011,9,2,2,135,-11.5451
2011,9,2,3,113,-8.6538
2011,9,2,4,103,-10.5960
2011,9,2,5,156,-12.7043
2011,9,3,1,116,-5.5274
2011,9,3,2,121,-6.5939
2011,9,3,3,139,-7.3237
2011,9,3,4,170,-5.3902
2011,9,3,5,143,-8.8775
2011,10,1,1,440,14.3220
2011,10,1,2,234,13.0807
2011,10,1,3,202,14.5066
2011,10,1,4,170,13.2439
2011,10,1,5,281,13.1626
2011,10,2,1,110,17.7103
2011,10,2,2,134,17.4746
2011,10,2,3,112,13.3206
2011,10,2,4,103,13.5862
2011,10,2,5,156,15.7049
2011,10,3,1,115,8.9339
2011,10,3,2,120,11.7219
2011,10,3,3,137,10.9505
2011,10,3,4,170,10.1485
2011,10,3,5,143,12.1446
2011,11,1,1,437,-0.4888
2011,11,1,2,232,-2.1493
2011,11,1,3,200,-2.1025
2011,11,1,4,169,-0.9383
2011,11,1,5,280,-3.5405
2011,11,2,1,110,-0.1589
2011,11,2,2,133,0.1220
2011,11,2,3,111,0.7326
2011,11,2,4,103,-1.7357
2011,11,2,5,155,-2.0637
2011,11,3,1,115,-0.1655
2011,11,3,2,120,1.3210
2011,11,3,3,137,-0.9615
2011,11,3,4,168,0.5625
2011,11,3,5,143,0.4460
2011,12,1,1,431,0.4513
2011,12,1,2,231,3.1660
2011,12,1,3,198,1.0599
2011,12,1,4,167,1.5706
2011,12,1,5,275,0.7632
2011,12,2,1,110,-1.1987
2011,12,2,2,132,0.4156
2011,12,2,3,111,1.3908
2011,12,2,4,103,-0.0188
2011,12,2,5,154,-0.8703
2011,12,3,1,114,3.4904
2011,12,3,2,119,0.6933
2011,12,3,3,137,1.3102
2011,12,3,4,168,-0.1390
2011,12,3,5,143,-1.9781
2012,1,1,1,429,11.2450
2012,1,1,2,229,7.1212
2012,1,1,3,195,7.4928
2012,1,1,4,164,8.9437
2012,1,1,5,274,8.9265
2012,1,2,1,109,6.9048
2012,1,2,2,132,7.5244
2012,1,2,3,111,6.6628
2012,1,2,4,103,8.2139
2012,1,2,5,153,5.8152
2012,1,3,1,114,4.7147
2012,1,3,2,118,4.4633
2012,1,3,3,135,7.2151
2012,1,3,4,168,4.4493
2012,1,3,5,142,2.7887
2012,2,1,1,426,1.7513
2012,2,1,2,229,2.4429
2012,2,1,3,191,0.6559
2012,2,1,4,163,2.0597
2012,2,1,5,273,2.5250
2012,2,2,1,109,5.5530
2012,2,2,2,132,2.9559
2012,2,2,3,110,4.1114
2012,2,2,4,101,1.0391
2012,2,2,5,151,3.2343
2012,2,3,1,114,3.0837
2012,2,3,2,118,4.1713
2012,2,3,3,135,7.0372
2012,2,3,4,168,3.1575
2012,2,3,5,141,3.7966
2012,3,1,1,423,3.5692
2012,3,1,2,228,3.5235
2012,3,1,3,189,3.3558
2012,3,1,4,162,4.1839
2012,3,1,5,267,3.2344
2012,3,2,1,109,1.2193
2012,3,2,2,131,1.8853
2012,3,2,3,110,2.6985
2012,3,2,4,101,2.6322
2012,3,2,5,151,1.9923
2012,3,3,1,113,2.9401
2012,3,3,2,117,1.9986
2012,3,3,3,135,3.6451
2012,3,3,4,168,3.2959
2012,3,3,5,139,0.8192
2012,4,1,1,421,-2.7368
2012,4,1,2,226,-1.8167
2012,4,1,3,189,-3.0075
2012,4,1,4,161,-3.2030
2012,4,1,5,261,-1.1250
2012,4,2,1,109,-0.0730
2012,4,2,2,131,-1.8417
2012,4,2,3,110,0.2659
2012,4,2,4,101,-0.7758
2012,4,2,5,151,-2.6615
2012,4,3,1,113,-0.8236
2012,4,3,2,117,-0.5072
2012,4,3,3,133,-0.2842
2012,4,3,4,168,0.2143
2012,4,3,5,139,-1.0574
2012,5,1,1,419,-6.9257
2012,5,1,2,224,-7.2244
2012,5,1,3,187,-5.7400
2012,5,1,4,160,-7.7790
2012,5,1,5,258,-9.0535
2012,5,2,1,109,-8.0465
2012,5,2,2,131,-7.0295
2012,5,2,3,110,-3.5250
2012,5,2,4,101,-5.7817
2012,5,2,5,149,-7.8608
2012,5,3,1,113,-5.1367
2012,5,3,2,117,-5.5018
2012,5,3,3,132,-4.8959
2012,5,3,4,167,-4.6341
2012,5,3,5,139,-7.3889
2012,6,1,1,418,7.0484
2012,6,1,2,220,5.4526
2012,6,1,3,187,6.0358
2012,6,1,4,159,6.8027
2012,6,1,5,256,6.7234
2012,6,2,1,109,6.9461
2012,6,2,2,131,3.2417
2012,6,2,3,110,4.9796
2012,6,2,4,100,5.1341
2012,6,2,5,149,3.6342
2012,6,3,1,113,4.6961
2012,6,3,2,117,4.0283
2012,6,3,3,132,2.6257
2012,6,3,4,166,3.1231
2012,6,3,5,137,3.7685
2012,7,1,1,380,-3.0169
2012,7,1,2,268,-0.6419
2012,7,1,3,190,-0.3475
2012,7,1,4,227,-2.6635
2012,7,1,5,235,-3.0069
2012,7,2,1,91,-0.4756
2012,7,2,2,131,-3.4955
2012,7,2,3,125,-1.6044
2012,7,2,4,121,-2.1992
2012,7,2,5,136,-1.0598
2012,7,3,1,115,0.4153
2012,7,3,2,151,0.1775
2012,7,3,3,146,2.7721
2012,7,3,4,152,2.4994
2012,7,3,5,149,0.9644
2012,8,1,1,377,3.3412
2012,8,1,2,266,4.0195
2012,8,1,3,188,3.9012
2012,8,1,4,224,1.4134
2012,8,1,5,233,3.2785
2012,8,2,1,91,4.1068
2012,8,2,2,131,4.3547
2012,8,2,3,124,3.2711
2012,8,2,4,120,3.6919
2012,8,2,5,136,4.0536
2012,8,3,1,115,1.3383
2012,8,3,2,150,2.2625
2012,8,3,3,144,1.7415
2012,8,3,4,151,3.2202
2012,8,3,5,149,3.0122
2012,9,1,1,373,5.6368
2012,9,1,2,264,3.6343
2012,9,1,3,187,4.8194
2012,9,1,4,220,6.1635
2012,9,1,5,231,5.1352
2012,9,2,1,91,3.0617
2012,9,2,2,131,2.6296
2012,9,2,3,124,3.5551
2012,9,2,4,119,2.7251
2012,9,2,5,135,2.6192
2012,9,3,1,115,2.9095
2012,9,3,2,149,2.6170
2012,9,3,3,144,2.9243
2012,9,3,4,149,1.5732
2012,9,3,5,149,2.0754
2012,10,1,1,370,-4.7811
2012,10,1,2,263,-2.8757
2012,10,1,3,183,-3.8253
2012,10,1,4,219,-3.2784
2012,10,1,5,228,-4.7285
2012,10,2,1,91,-1.4236
2012,10,2,2,130,-1.0180
2012,10,2,3,124,-1.1276
2012,10,2,4,119,-2.1261
2012,10,2,5,135,-1.7985
2012,10,3,1,115,-1.8944
2012,10,3,2,149,-1.8346
2012,10,3,3,144,-2.2237
2012,10,3,4,149,-3.6966
2012,10,3,5,148,-2.4938
2012,11,1,1,367,1.4634
2012,11,1,2,260,2.4684
2012,11,1,3,182,2.9751
2012,11,1,4,219,0.2721
2012,11,1,5,227,-1.6822
2012,11,2,1,91,1.6136
2012,11,2,2,129,1.2060
2012,11,2,3,122,2.0316
2012,11,2,4,118,1.9802
2012,11,2,5,133,0.6724
2012,11,3,1,114,2.3533
2012,11,3,2,149,1.6875
2012,11,3,3,144,1.1050
2012,11,3,4,148,0.6184
2012,11,3,5,147,-0.2999
2012,12,1,1,364,3.0260
2012,12,1,2,257,4.0229
2012,12,1,3,182,2.2669
2012,12,1,4,213,4.0911
2012,12,1,5,225,3.6847
2012,12,2,1,91,4.1716
2012,12,2,2,129,4.0100
2012,12,2,3,122,2.9697
2012,12,2,4,117,3.5086
2012,12,2,5,133,3.4249
2012,12,3,1,114,0.3838
2012,12,3,2,149,0.7772
2012,12,3,3,144,1.5209
2012,12,3,4,148,-1.8098
2012,12,3,5,146,2.4354
2013,1,1,1,361,8.4143
2013,1,1,2,253,7.6974
2013,1,1,3,181,5.2659
2013,1,1,4,211,4.9367
2013,1,1,5,221,4.5908
2013,1,2,1,90,7.6447
2013,1,2,2,127,4.9661
2013,1,2,3,121,5.9857
2013,1,2,4,116,5.8260
2013,1,2,5,132,7.0367
2013,1,3,1,114,6.3355
2013,1,3,2,148,6.9373
2013,1,3,3,144,4.9317
2013,1,3,4,148,2.1503
2013,1,3,5,145,6.8996
2013,2,1,1,359,0.1885
2013,2,1,2,252,1.4896
2013,2,1,3,181,1.0878
2013,2,1,4,211,0.0153
2013,2,1,5,218,0.9531
2013,2,2,1,90,1.8584
2013,2,2,2,127,0.9614
2013,2,2,3,121,0.2441
2013,2,2,4,116,0.3351
2013,2,2,5,131,0.8890
2013,2,3,1,113,1.9845
2013,2,3,2,147,1.2236
2013,2,3,3,143,2.2414
2013,2,3,4,148,1.1556
2013,2,3,5,145,0.0809
2013,3,1,1,357,7.3356
2013,3,1,2,251,4.4236
2013,3,1,3,180,5.2224
2013,3,1,4,210,6.0141
2013,3,1,5,217,6.3645
2013,3,2,1,90,4.8479
2013,3,2,2,126,4.2920
2013,3,2,3,120,4.9562
2013,3,2,4,115,5.5464
2013,3,2,5,130,4.1468
2013,3,3,1,113,4.2129
2013,3,3,2,147,4.0266
2013,3,3,3,143,4.5434
2013,3,3,4,148,3.5967
2013,3,3,5,145,2.4806
2013,4,1,1,349,0.9278
2013,4,1,2,251,0.7653
2013,4,1,3,179,-1.8250
2013,4,1,4,208,0.7929
2013,4,1,5,216,-0.7769
2013,4,2,1,90,-1.5036
2013,4,2,2,126,-1.1272
2013,4,2,3,120,0.2588
2013,4,2,4,115,-1.6080
2013,4,2,5,130,-1.4655
2013,4,3,1,113,1.2864
2013,4,3,2,147,2.8589
2013,4,3,3,143,2.4802
2013,4,3,4,148,1.2589
2013,4,3,5,145,0.4583
2013,5,1,1,345,4.1758
2013,5,1,2,248,7.0657
2013,5,1,3,178,7.2057
2013,5,1,4,207,5.7161
2013,5,1,5,216,5.1333
2013,5,2,1,90,5.6315
2013,5,2,2,124,6.0753
2013,5,2,3,119,5.1026
2013,5,2,4,114,3.7405
2013,5,2,5,130,5.6301
2013,5,3,1,113,3.2028
2013,5,3,2,147,1.9399
2013,5,3,3,143,1.1097
2013,5,3,4,148,1.0722
2013,5,3,5,145,2.3288
2013,6,1,1,339,-0.7136
2013,6,1,2,247,0.8004
2013,6,1,3,177,0.4000
2013,6,1,4,206,0.2889
2013,6,1,5,214,0.0259
2013,6,2,1,90,-2.6748
2013,6,2,2,123,-0.9550
2013,6,2,3,119,-1.0320
2013,6,2,4,114,0.9338
2013,6,2,5,130,-0.8544
2013,6,3,1,112,-0.8274
2013,6,3,2,147,-2.2571
2013,6,3,3,143,-0.3735
2013,6,3,4,147,-2.5326
2013,6,3,5,145,-1.1422
2013,7,1,1,397,8.7745
2013,7,1,2,279,9.1605
2013,7,1,3,152,7.8015
2013,7,1,4,179,7.8210
2013,7,1,5,217,7.4205
2013,7,2,1,103,9.2777
2013,7,2,2,110,8.1730
2013,7,2,3,115,5.6254
2013,7,2,4,117,6.9082
2013,7,2,5,162,5.3649
2013,7,3,1,118,5.6523
2013,7,3,2,139,5.7577
2013,7,3,3,148,3.0691
2013,7,3,4,138,6.1097
2013,7,3,5,159,5.8141
2013,8,1,1,396,-2.3873
2013,8,1,2,278,-3.6304
2013,8,1,3,151,-3.3500
2013,8,1,4,179,-2.2646
2013,8,1,5,215,-1.6637
2013,8,2,1,103,-4.1546
2013,8,2,2,109,-3.8800
2013,8,2,3,114,-4.4568
2013,8,2,4,117,-2.2015
2013,8,2,5,162,-0.5318
2013,8,3,1,117,-2.3151
2013,8,3,2,138,-2.9456
2013,8,3,3,148,-2.3564
2013,8,3,4,137,-0.7145
2013,8,3,5,158,-2.9384
2013,9,1,1,391,6.4507
2013,9,1,2,273,7.4590
2013,9,1,3,151,7.1614
2013,9,1,4,177,7.5317
2013,9,1,5,214,7.8158
2013,9,2,1,102,5.9802
2013,9,2,2,109,6.9429
2013,9,2,3,114,5.7799
2013,9,2,4,117,5.1789
2013,9,2,5,162,6.8173
2013,9,3,1,117,3.6555
2013,9,3,2,138,4.0250
2013,9,3,3,148,3.1791
2013,9,3,4,137,3.0789
2013,9,3,5,158,4.4158
2013,10,1,1,387,0.5235
2013,10,1,2,271,4.2480
2013,10,1,3,151,2.1722
2013,10,1,4,176,1.1803
2013,10,1,5,213,4.0014
2013,10,2,1,102,2.6862
2013,10,2,2,109,3.1620
2013,10,2,3,114,2.3505
2013,10,2,4,116,3.5859
2013,10,2,5,162,2.0883
2013,10,3,1,116,5.0589
2013,10,3,2,138,4.5553
2013,10,3,3,148,3.7445
2013,10,3,4,137,4.5732
2013,10,3,5,157,5.0969
2013,11,1,1,385,6.3795
2013,11,1,2,269,7.1252
2013,11,1,3,149,4.1118
2013,11,1,4,175,5.8532
2013,11,1,5,212,5.5352
2013,11,2,1,100,2.3593
2013,11,2,2,108,3.1036
2013,11,2,3,113,4.9395
2013,11,2,4,115,3.7417
2013,11,2,5,160,3.4700
2013,11,3,1,115,2.6799
2013,11,3,2,138,3.6776
2013,11,3,3,147,2.4780
2013,11,3,4,137,2.6108
2013,11,3,5,156,1.4230
2013,12,1,1,378,3.1798
2013,12,1,2,268,3.6109
2013,12,1,3,148,3.2222
2013,12,1,4,173,0.8321
2013,12,1,5,209,2.8782
2013,12,2,1,98,3.1386
2013,12,2,2,107,2.5786
2013,12,2,3,113,2.2878
2013,12,2,4,114,1.8358
2013,12,2,5,160,1.3247
2013,12,3,1,115,2.1952
2013,12,3,2,138,2.3994
2013,12,3,3,147,2.7987
2013,12,3,4,137,1.8306
2013,12,3,5,156,2.6700
2014,1,1,1,377,-0.0719
2014,1,1,2,268,-2.5419
2014,1,1,3,147,-2.2123
2014,1,1,4,172,-2.0415
2014,1,1,5,207,-0.5609
2014,1,2,1,95,-4.9462
2014,1,2,2,106,-1.8077
2014,1,2,3,113,-2.7021
2014,1,2,4,114,-2.0753
2014,1,2,5,159,-3.6983
2014,1,3,1,115,-4.1034
2014,1,3,2,136,-3.8521
2014,1,3,3,147,-1.3110
2014,1,3,4,136,-4.9043
2014,1,3,5,155,-2.4925
2014,2,1,1,375,5.8557
2014,2,1,2,268,5.5503
2014,2,1,3,146,2.8216
2014,2,1,4,172,4.1158
2014,2,1,5,205,6.3083
2014,2,2,1,94,4.5250
2014,2,2,2,105,5.9409
2014,2,2,3,113,4.3285
2014,2,2,4,112,2.6096
2014,2,2,5,159,6.5174
2014,2,3,1,115,4.4737
2014,2,3,2,136,5.2478
2014,2,3,3,146,4.0598
2014,2,3,4,135,5.2649
2014,2,3,5,154,4.9670
2014,3,1,1,368,-1.8765
2014,3,1,2,266,-0.3511
2014,3,1,3,142,-0.4769
2014,3,1,4,171,0.7930
2014,3,1,5,203,0.4557
2014,3,2,1,94,-1.3457
2014,3,2,2,104,-0.3851
2014,3,2,3,113,-0.0123
2014,3,2,4,111,-0.2149
2014,3,2,5,158,0.1247
2014,3,3,1,115,0.1502
2014,3,3,2,135,1.2802
2014,3,3,3,146,1.0501
2014,3,3,4,135,0.6760
2014,3,3,5,154,-1.2590
2014,4,1,1,367,-7.4221
2014,4,1,2,266,-5.9518
2014,4,1,3,142,-5.5157
2014,4,1,4,170,-6.1421
2014,4,1,5,200,-3.2595
2014,4,2,1,94,-3.2537
2014,4,2,2,104,-2.6762
2014,4,2,3,113,-2.9348
2014,4,2,4,111,-3.7854
2014,4,2,5,157,-2.0280
2014,4,3,1,114,0.8859
2014,4,3,2,135,0.2958
2014,4,3,3,146,0.2317
2014,4,3,4,135,2.4364
2014,4,3,5,154,0.5693
2014,5,1,1,365,-1.4687
2014,5,1,2,263,-1.0928
2014,5,1,3,142,-2.0211
2014,5,1,4,169,-0.8179
2014,5,1,5,198,-0.2843
2014,5,2,1,93,-0.2541
2014,5,2,2,104,0.7297
2014,5,2,3,112,1.4256
2014,5,2,4,111,1.8126
2014,5,2,5,157,0.1336
2014,5,3,1,114,2.1721
2014,5,3,2,135,2.1292
2014,5,3,3,146,1.7431
2014,5,3,4,135,2.9461
2014,5,3,5,154,2.4674
2014,6,1,1,364,5.5603
2014,6,1,2,259,4.3415
2014,6,1,3,141,2.8501
2014,6,1,4,169,10.1592
2014,6,1,5,198,6.4211
2014,6,2,1,93,3.9270
2014,6,2,2,103,5.8006
2014,6,2,3,112,5.5327
2014,6,2,4,110,4.8512
2014,6,2,5,157,5.8975
2014,6,3,1,114,0.7912
2014,6,3,2,135,1.0749
2014,6,3,3,146,1.8506
2014,6,3,4,134,2.2167
2014,6,3,5,153,4.5737
2014,7,1,1,468,-6.4473
2014,7,1,2,217,-6.4743
2014,7,1,3,142,-6.6752
2014,7,1,4,127,-6.6830
2014,7,1,5,190,-5.3491
2014,7,2,1,138,-7.0563
2014,7,2,2,125,-3.0573
2014,7,2,3,93,-6.1337
2014,7,2,4,117,-6.3314
2014,7,2,5,141,-6.6452
2014,7,3,1,129,-1.5162
2014,7,3,2,149,-1.1215
2014,7,3,3,151,-2.2168
2014,7,3,4,134,-1.3262
2014,7,3,5,160,-1.5039
2014,8,1,1,465,4.5476
2014,8,1,2,216,4.5157
2014,8,1,3,141,3.5690
2014,8,1,4,127,3.6092
2014,8,1,5,189,2.4302
2014,8,2,1,135,5.0399
2014,8,2,2,125,5.5589
2014,8,2,3,93,4.1895
2014,8,2,4,116,6.0591
2014,8,2,5,139,4.7046
2014,8,3,1,129,3.7504
2014,8,3,2,148,5.5656
2014,8,3,3,151,4.0105
2014,8,3,4,134,3.6088
2014,8,3,5,160,4.5953
2014,9,1,1,462,-8.6136
2014,9,1,2,215,-6.0047
2014,9,1,3,139,-7.1647
2014,9,1,4,127,-3.8061
2014,9,1,5,188,-7.5133
2014,9,2,1,135,-5.6295
2014,9,2,2,125,-5.8383
2014,9,2,3,93,-6.3387
2014,9,2,4,115,-5.5191
2014,9,2,5,138,-5.3159
2014,9,3,1,128,-2.0941
2014,9,3,2,148,-1.0015
2014,9,3,3,150,-0.7744
2014,9,3,4,134,-2.0554
2014,9,3,5,159,-4.4868
2014,10,1,1,458,6.6328
2014,10,1,2,214,5.2551
2014,10,1,3,139,7.1150
2014,10,1,4,126,8.3999
2014,10,1,5,188,1.5749
2014,10,2,1,134,4.1024
2014,10,2,2,125,7.9849
2014,10,2,3,93,6.7557
2014,10,2,4,115,4.6052
2014,10,2,5,138,2.6018
2014,10,3,1,126,3.7421
2014,10,3,2,148,3.4194
2014,10,3,3,150,1.7112
2014,10,3,4,134,0.7834
2014,10,3,5,159,0.1414
2014,11,1,1,456,0.1429
2014,11,1,2,212,-0.6514
2014,11,1,3,138,-3.1271
2014,11,1,4,124,-0.9878
2014,11,1,5,186,-0.6479
2014,11,2,1,134,0.0241
2014,11,2,2,125,2.0960
2014,11,2,3,93,1.0494
2014,11,2,4,114,1.0798
2014,11,2,5,137,-0.7665
2014,11,3,1,125,3.1624
2014,11,3,2,148,4.1269
2014,11,3,3,150,4.5957
2014,11,3,4,134,2.1898
2014,11,3,5,159,0.2474
2014,12,1,1,454,5.3411
2014,12,1,2,210,6.3413
2014,12,1,3,138,5.3026
2014,12,1,4,122,3.0816
2014,12,1,5,185,3.0283
2014,12,2,1,134,0.4930
2014,12,2,2,125,1.1529
2014,12,2,3,93,2.6074
2014,12,2,4,113,2.2826
2014,12,2,5,137,1.9681
2014,12,3,1,124,0.2481
2014,12,3,2,148,-1.8989
2014,12,3,3,149,0.0557
2014,12,3,4,134,-0.5737
2014,12,3,5,158,-0.6147
2015,1,1,1,451,-3.8846
2015,1,1,2,208,-5.9552
2015,1,1,3,138,-2.3319
2015,1,1,4,122,-5.0156
2015,1,1,5,184,-5.3011
2015,1,2,1,132,-3.7816
2015,1,2,2,125,-2.5072
2015,1,2,3,93,-2.4118
2015,1,2,4,113,-3.2607
2015,1,2,5,136,-4.1989
2015,1,3,1,124,-2.8749
2015,1,3,2,146,-1.2276
2015,1,3,3,148,-2.2276
2015,1,3,4,134,-2.0140
2015,1,3,5,158,-3.0837
2015,2,1,1,448,4.7646
2015,2,1,2,207,7.8554
2015,2,1,3,136,5.6488
2015,2,1,4,122,3.9148
2015,2,1,5,184,6.6467
2015,2,2,1,130,8.6969
2015,2,2,2,125,7.1164
2015,2,2,3,92,4.7134
2015,2,2,4,113,6.1780
2015,2,2,5,135,7.3316
2015,2,3,1,122,6.6387
2015,2,3,2,145,6.4411
2015,2,3,3,148,4.4722
2015,2,3,4,133,5.8152
2015,2,3,5,156,6.8575
2015,3,1,1,445,-0.3572
2015,3,1,2,207,1.8559
2015,3,1,3,133,0.9863
2015,3,1,4,122,0.3360
2015,3,1,5,182,0.1567
2015,3,2,1,129,1.2947
2015,3,2,2,123,2.4926
2015,3,2,3,91,2.6093
2015,3,2,4,113,1.2937
2015,3,2,5,134,1.5514
2015,3,3,1,122,-0.4763
2015,3,3,2,144,-2.6363
2015,3,3,3,148,-1.3241
2015,3,3,4,132,-1.4928
2015,3,3,5,156,-1.4405
2015,4,1,1,442,-2.3758
2015,4,1,2,205,-1.6634
2015,4,1,3,132,-2.9874
2015,4,1,4,122,-3.2631
2015,4,1,5,180,-0.8388
2015,4,2,1,129,-2.7683
2015,4,2,2,123,-3.8684
2015,4,2,3,91,-1.5753
2015,4,2,4,112,-2.6963
2015,4,2,5,133,-2.0523
2015,4,3,1,122,-0.9378
2015,4,3,2,143,1.5682
2015,4,3,3,146,-0.8478
2015,4,3,4,132,0.9640
2015,4,3,5,155,3.3909
2015,5,1,1,439,1.2273
2015,5,1,2,203,2.5526
2015,5,1,3,132,1.8655
2015,5,1,4,122,2.4886
2015,5,1,5,180,0.0846
2015,5,2,1,129,3.6021
2015,5,2,2,123,2.3409
2015,5,2,3,91,1.4123
2015,5,2,4,112,2.6790
2015,5,2,5,133,0.8615
2015,5,3,1,119,2.1220
2015,5,3,2,143,2.2884
2015,5,3,3,146,0.6688
2015,5,3,4,132,-0.1149
2015,5,3,5,155,-0.4990
2015,6,1,1,438,1.6954
2015,6,1,2,202,1.7873
2015,6,1,3,132,4.2334
2015,6,1,4,122,0.9518
2015,6,1,5,178,1.7508
2015,6,2,1,129,-0.2937
2015,6,2,2,122,-0.6863
2015,6,2,3,91,-0.7406
2015,6,2,4,112,0.0245
2015,6,2,5,133,1.0433
2015,6,3,1,119,-2.3536
2015,6,3,2,143,-2.7753
2015,6,3,3,146,-2.0765
2015,6,3,4,130,-2.2712
2015,6,3,5,155,-1.8318
2015,7,1,1,234,-6.6449
2015,7,1,2,312,-5.9222
2015,7,1,3,183,-4.6231
2015,7,1,4,168,-6.4868
2015,7,1,5,218,-9.1549
2015,7,2,1,85,-3.5055
2015,7,2,2,102,-3.3918
2015,7,2,3,134,-1.2444
2015,7,2,4,141,-2.3208
2015,7,2,5,150,-2.3405
2015,7,3,1,133,2.6935
2015,7,3,2,146,1.2683
2015,7,3,3,165,0.7458
2015,7,3,4,158,2.3450
2015,7,3,5,150,1.9803
2015,8,1,1,230,-4.3811
2015,8,1,2,311,-4.6325
2015,8,1,3,181,-3.8537
2015,8,1,4,166,-5.2192
2015,8,1,5,217,-3.7137
2015,8,2,1,85,-7.5756
2015,8,2,2,102,-6.1565
2015,8,2,3,133,-5.2447
2015,8,2,4,141,-6.1286
2015,8,2,5,149,-5.5734
2015,8,3,1,131,-6.1885
2015,8,3,2,146,-6.3372
2015,8,3,3,162,-6.1989
2015,8,3,4,158,-5.8012
2015,8,3,5,150,-5.6808
2015,9,1,1,228,-8.0741
2015,9,1,2,310,-7.6958
2015,9,1,3,181,-6.3049
2015,9,1,4,166,-6.7892
2015,9,1,5,216,-9.0836
2015,9,2,1,84,-7.9335
2015,9,2,2,102,-8.2500
2015,9,2,3,131,-6.2835
2015,9,2,4,141,-4.8861
2015,9,2,5,149,-6.8218
2015,9,3,1,129,-2.0808
2015,9,3,2,145,-3.0746
2015,9,3,3,161,-2.4090
2015,9,3,4,157,-2.6760
2015,9,3,5,150,-3.7294
2015,10,1,1,223,7.2862
2015,10,1,2,309,7.0537
2015,10,1,3,181,4.6909
2015,10,1,4,164,4.2325
2015,10,1,5,214,7.2045
2015,10,2,1,84,10.2316
2015,10,2,2,101,7.7647
2015,10,2,3,131,4.6875
2015,10,2,4,141,5.6928
2015,10,2,5,149,6.5818
2015,10,3,1,129,8.7386
2015,10,3,2,145,9.1309
2015,10,3,3,160,6.1646
2015,10,3,4,157,8.9873
2015,10,3,5,150,9.7758
2015,11,1,1,217,3.5670
2015,11,1,2,305,2.2063
2015,11,1,3,180,3.5186
2015,11,1,4,161,0.6700
2015,11,1,5,214,1.4330
2015,11,2,1,81,5.7678
2015,11,2,2,100,4.1957
2015,11,2,3,129,3.8569
2015,11,2,4,139,4.8651
2015,11,2,5,149,2.9961
2015,11,3,1,129,-0.5095
2015,11,3,2,145,0.5794
2015,11,3,3,160,-0.6608
2015,11,3,4,157,0.2510
2015,11,3,5,149,0.9059
2015,12,1,1,215,-6.5224
2015,12,1,2,303,-5.9728
2015,12,1,3,180,-3.4232
2015,12,1,4,161,-4.8507
2015,12,1,5,214,-7.0395
2015,12,2,1,81,-4.7364
2015,12,2,2,100,-5.9056
2015,12,2,3,129,-3.9553
2015,12,2,4,138,-3.8082
2015,12,2,5,148,-6.4124
2015,12,3,1,129,-0.7236
2015,12,3,2,145,-0.4405
2015,12,3,3,159,-3.2332
2015,12,3,4,156,-1.8069
2015,12,3,5,149,-3.2289
2016,1,1,1,210,-10.5461
2016,1,1,2,301,-8.8467
2016,1,1,3,180,-7.8584
2016,1,1,4,159,-9.8071
2016,1,1,5,213,-11.2462
2016,1,2,1,81,-10.0387
2016,1,2,2,100,-10.7984
2016,1,2,3,127,-7.9380
2016,1,2,4,136,-7.5674
2016,1,2,5,148,-8.7894
2016,1,3,1,128,-3.6561
2016,1,3,2,143,-6.5945
2016,1,3,3,158,-3.1045
2016,1,3,4,156,-5.3106
2016,1,3,5,149,-7.3921
2016,2,1,1,205,-1.0176
2016,2,1,2,297,-0.6232
2016,2,1,3,178,-0.9078
2016,2,1,4,157,2.6560
2016,2,1,5,212,-0.2903
2016,2,2,1,80,0.4607
2016,2,2,2,99,0.1085
2016,2,2,3,127,0.6681
2016,2,2,4,135,0.7703
2016,2,2,5,148,1.6074
2016,2,3,1,128,1.0837
2016,2,3,2,142,2.2519
2016,2,3,3,158,1.7000
2016,2,3,4,155,-1.0736
2016,2,3,5,149,-2.7260
2016,3,1,1,203,8.0792
2016,3,1,2,294,7.0602
2016,3,1,3,177,7.5387
2016,3,1,4,156,5.8082
2016,3,1,5,210,8.8335
2016,3,2,1,80,9.3070
2016,3,2,2,99,9.7860
2016,3,2,3,124,7.2754
2016,3,2,4,134,8.0927
2016,3,2,5,148,8.9689
2016,3,3,1,127,6.0159
2016,3,3,2,141,7.0555
2016,3,3,3,158,7.3077
2016,3,3,4,153,7.2702
2016,3,3,5,149,7.2302
2016,4,1,1,202,4.4362
2016,4,1,2,291,2.6417
2016,4,1,3,177,2.9911
2016,4,1,4,154,0.8344
2016,4,1,5,208,4.5803
2016,4,2,1,80,3.1812
2016,4,2,2,99,0.1747
2016,4,2,3,124,2.5985
2016,4,2,4,134,1.3979
2016,4,2,5,148,0.8308
2016,4,3,1,127,2.6553
2016,4,3,2,141,0.3558
2016,4,3,3,158,-2.1467
2016,4,3,4,151,-1.6950
2016,4,3,5,148,4.1320
2016,5,1,1,200,0.1634
2016,5,1,2,288,-0.7745
2016,5,1,3,175,-0.1075
2016,5,1,4,153,-0.4821
2016,5,1,5,208,-1.5067
2016,5,2,1,79,2.7950
2016,5,2,2,99,3.7132
2016,5,2,3,123,1.3152
2016,5,2,4,134,1.1422
2016,5,2,5,147,0.2434
2016,5,3,1,126,1.0612
2016,5,3,2,141,1.4773
2016,5,3,3,156,1.3035
2016,5,3,4,150,2.3966
2016,5,3,5,147,2.8093
2016,6,1,1,197,1.0294
2016,6,1,2,284,-1.1932
2016,6,1,3,175,1.6249
2016,6,1,4,151,1.1309
2016,6,1,5,206,-0.4146
2016,6,2,1,77,2.1795
2016,6,2,2,99,0.0706
2016,6,2,3,122,0.6509
2016,6,2,4,133,1.6327
2016,6,2,5,147,-0.0152
2016,6,3,1,125,2.2785
2016,6,3,2,141,1.6049
2016,6,3,3,155,0.9493
2016,6,3,4,148,-0.5413
2016,6,3,5,146,-0.7460
2016,7,1,1,317,4.3177
2016,7,1,2,330,5.8606
2016,7,1,3,169,7.2000
2016,7,1,4,147,4.6188
2016,7,1,5,201,7.3939
2016,7,2,1,94,4.5804
2016,7,2,2,131,7.1270
2016,7,2,3,126,7.6733
2016,7,2,4,120,5.1675
2016,7,2,5,133,6.5782
2016,7,3,1,109,4.2413
2016,7,3,2,151,3.3140
2016,7,3,3,139,6.2657
2016,7,3,4,140,2.9948
2016,7,3,5,177,3.6697
2016,8,1,1,312,5.3390
2016,8,1,2,328,4.4194
2016,8,1,3,168,2.0114
2016,8,1,4,145,1.4484
2016,8,1,5,200,0.5565
2016,8,2,1,93,1.0875
2016,8,2,2,131,1.4360
2016,8,2,3,126,-1.6916
2016,8,2,4,118,1.0998
2016,8,2,5,132,1.1930
2016,8,3,1,109,-0.0740
2016,8,3,2,151,-0.0570
2016,8,3,3,137,0.2020
2016,8,3,4,139,-1.7364
2016,8,3,5,176,0.2929
2016,9,1,1,309,4.5722
2016,9,1,2,327,7.2628
2016,9,1,3,168,5.2888
2016,9,1,4,144,0.4104
2016,9,1,5,198,3.6855
2016,9,2,1,92,2.0852
2016,9,2,2,128,2.9132
2016,9,2,3,126,1.9309
2016,9,2,4,117,0.5882
2016,9,2,5,132,0.8699
2016,9,3,1,108,0.6148
2016,9,3,2,150,0.0685
2016,9,3,3,137,1.2971
2016,9,3,4,139,-0.0411
2016,9,3,5,176,0.7723
2016,10,1,1,305,-9.2224
2016,10,1,2,325,-9.4780
2016,10,1,3,168,-4.6705
2016,10,1,4,144,-3.5649
2016,10,1,5,197,-4.6167
2016,10,2,1,91,-9.3278
2016,10,2,2,125,-6.7702
2016,10,2,3,123,-5.5173
2016,10,2,4,117,-4.3340
2016,10,2,5,130,-5.4161
2016,10,3,1,106,-2.1381
2016,10,3,2,150,-2.1173
2016,10,3,3,137,-0.5512
2016,10,3,4,136,-3.1840
2016,10,3,5,174,-3.5250
2016,11,1,1,302,12.5593
2016,11,1,2,324,11.6959
2016,11,1,3,165,12.0785
2016,11,1,4,143,11.2895
2016,11,1,5,194,8.0919
2016,11,2,1,91,13.9400
2016,11,2,2,125,12.0927
2016,11,2,3,123,9.4410
2016,11,2,4,117,7.4938
2016,11,2,5,130,10.1482
2016,11,3,1,106,2.6627
2016,11,3,2,150,4.1415
2016,11,3,3,137,0.3829
2016,11,3,4,133,4.7685
2016,11,3,5,174,3.3881
2016,12,1,1,300,2.2163
2016,12,1,2,320,2.8906
2016,12,1,3,164,2.6057
2016,12,1,4,143,5.8856
2016,12,1,5,192,3.6104
2016,12,2,1,91,-0.7430
2016,12,2,2,123,0.5824
2016,12,2,3,122,2.6283
2016,12,2,4,116,1.3996
2016,12,2,5,129,1.0526
2016,12,3,1,106,1.2391
2016,12,3,2,150,1.6713
2016,12,3,3,137,1.3039
2016,12,3,4,133,1.1090
2016,12,3,5,170,1.1117
2017,1,1,1,295,1.2006
2017,1,1,2,319,0.2298
2017,1,1,3,163,-1.7639
2017,1,1,4,143,-1.7862
2017,1,1,5,191,-2.3227
2017,1,2,1,91,2.2463
2017,1,2,2,123,1.2113
2017,1,2,3,121,0.5243
2017,1,2,4,115,0.1540
2017,1,2,5,129,1.6296
2017,1,3,1,105,2.9141
2017,1,3,2,150,1.5613
2017,1,3,3,136,4.6731
2017,1,3,4,133,0.2564
2017,1,3,5,167,3.3360
2017,2,1,1,294,-0.3776
2017,2,1,2,316,1.5146
2017,2,1,3,163,0.4594
2017,2,1,4,142,1.0759
2017,2,1,5,191,-0.2944
2017,2,2,1,91,-0.3029
2017,2,2,2,122,1.5966
2017,2,2,3,121,1.6462
2017,2,2,4,113,0.7776
2017,2,2,5,129,0.3013
2017,2,3,1,105,2.5003
2017,2,3,2,149,4.3359
2017,2,3,3,136,5.0691
2017,2,3,4,133,3.0009
2017,2,3,5,166,2.6066
2017,3,1,1,291,-0.2522
2017,3,1,2,314,3.0826
2017,3,1,3,163,0.7464
2017,3,1,4,142,2.7579
2017,3,1,5,190,0.4176
2017,3,2,1,91,-0.9395
2017,3,2,2,121,1.3528
2017,3,2,3,120,1.2634
2017,3,2,4,110,-0.3526
2017,3,2,5,127,2.5778
2017,3,3,1,105,0.2666
2017,3,3,2,147,0.2629
2017,3,3,3,136,1.6396
2017,3,3,4,133,-0.1866
2017,3,3,5,165,0.8142
2017,4,1,1,289,-2.5686
2017,4,1,2,314,3.2490
2017,4,1,3,162,2.5045
2017,4,1,4,140,1.1040
2017,4,1,5,189,2.5746
2017,4,2,1,91,0.1276
2017,4,2,2,121,0.3200
2017,4,2,3,119,1.0906
2017,4,2,4,108,1.3216
2017,4,2,5,126,3.5321
2017,4,3,1,105,0.8840
2017,4,3,2,147,1.0466
2017,4,3,3,135,2.4924
2017,4,3,4,133,0.9132
2017,4,3,5,164,1.2217
2017,5,1,1,288,-1.6829
2017,5,1,2,311,-1.7436
2017,5,1,3,162,-1.6637
2017,5,1,4,140,-6.2376
2017,5,1,5,187,-2.4595
2017,5,2,1,90,-4.7446
2017,5,2,2,118,-0.8819
2017,5,2,3,117,-1.2302
2017,5,2,4,107,0.1767
2017,5,2,5,124,-0.3617
2017,5,3,1,105,1.4102
2017,5,3,2,146,1.8016
2017,5,3,3,135,2.8240
2017,5,3,4,133,0.9197
2017,5,3,5,163,1.6110
2017,6,1,1,287,6.5968
2017,6,1,2,308,6.5978
2017,6,1,3,160,4.3567
2017,6,1,4,139,3.7462
2017,6,1,5,184,4.3394
2017,6,2,1,90,1.9291
2017,6,2,2,117,4.3734
2017,6,2,3,116,1.6780
2017,6,2,4,107,0.9503
2017,6,2,5,123,2.6048
2017,6,3,1,105,0.4159
2017,6,3,2,146,0.5005
2017,6,3,3,135,-2.3625
2017,6,3,4,133,0.5166
2017,6,3,5,163,-0.0963
2017,7,1,1,354,-1.0372
2017,7,1,2,278,-1.0946
2017,7,1,3,176,-1.1041
2017,7,1,4,147,-0.6192
2017,7,1,5,183,-0.3646
2017,7,2,1,98,-0.5825
2017,7,2,2,97,1.5855
2017,7,2,3,103,1.5967
2017,7,2,4,121,0.9586
2017,7,2,5,140,1.1433
2017,7,3,1,123,2.4642
2017,7,3,2,139,2.0523
2017,7,3,3,145,2.2771
2017,7,3,4,150,2.2284
2017,7,3,5,160,2.0100
2017,8,1,1,352,-1.9522
2017,8,1,2,278,-0.5184
2017,8,1,3,174,-1.8805
2017,8,1,4,147,-1.1218
2017,8,1,5,183,-0.1837
2017,8,2,1,98,-1.8638
2017,8,2,2,97,-2.1920
2017,8,2,3,101,0.4023
2017,8,2,4,121,-1.1026
2017,8,2,5,140,-1.9492
2017,8,3,1,123,-0.4872
2017,8,3,2,138,0.2349
2017,8,3,3,145,1.3216
2017,8,3,4,149,1.5225
2017,8,3,5,159,0.3787
2017,9,1,1,351,7.9362
2017,9,1,2,275,9.9544
2017,9,1,3,172,10.8561
2017,9,1,4,147,8.1506
2017,9,1,5,182,7.2984
2017,9,2,1,98,8.0758
2017,9,2,2,94,5.7894
2017,9,2,3,101,5.9274
2017,9,2,4,121,6.0946
2017,9,2,5,140,6.6572
2017,9,3,1,123,1.6488
2017,9,3,2,138,2.1442
2017,9,3,3,145,1.2398
2017,9,3,4,148,1.7289
2017,9,3,5,159,2.3288
2017,10,1,1,350,-0.6516
2017,10,1,2,270,-1.9664
2017,10,1,3,169,-1.4610
2017,10,1,4,146,1.5984
2017,10,1,5,181,-0.3291
2017,10,2,1,98,-0.0873
2017,10,2,2,93,0.1655
2017,10,2,3,100,1.6091
2017,10,2,4,121,-0.9561
2017,10,2,5,139,0.3867
2017,10,3,1,122,-2.7260
2017,10,3,2,137,2.6040
2017,10,3,3,144,4.0449
2017,10,3,4,147,1.7458
2017,10,3,5,157,4.7989
2017,11,1,1,347,1.1096
2017,11,1,2,269,3.6520
2017,11,1,3,169,4.3583
2017,11,1,4,143,3.2679
2017,11,1,5,179,4.5395
2017,11,2,1,98,0.9304
2017,11,2,2,93,3.6260
2017,11,2,3,100,1.9057
2017,11,2,4,120,2.4016
2017,11,2,5,138,4.8319
2017,11,3,1,121,1.5062
2017,11,3,2,137,3.2780
2017,11,3,3,143,4.0647
2017,11,3,4,145,3.4398
2017,11,3,5,157,2.7472
2017,12,1,1,344,1.9383
2017,12,1,2,267,0.9652
2017,12,1,3,168,-1.0016
2017,12,1,4,142,-2.2631
2017,12,1,5,177,1.4944
2017,12,2,1,98,0.8115
2017,12,2,2,92,1.4304
2017,12,2,3,99,-0.9177
2017,12,2,4,119,0.0870
2017,12,2,5,138,0.4788
2017,12,3,1,121,1.0976
2017,12,3,2,137,1.3729
2017,12,3,3,141,1.4314
2017,12,3,4,145,1.4453
2017,12,3,5,155,0.9573
2018,1,1,1,338,4.1392
2018,1,1,2,265,6.4775
2018,1,1,3,167,0.1750
2018,1,1,4,141,0.0390
2018,1,1,5,176,0.0134
2018,1,2,1,98,3.7463
2018,1,2,2,92,4.5837
2018,1,2,3,98,4.0647
2018,1,2,4,118,2.0166
2018,1,2,5,138,1.5239
2018,1,3,1,121,3.0686
2018,1,3,2,137,8.7791
2018,1,3,3,141,4.9798
2018,1,3,4,144,4.5543
2018,1,3,5,155,9.5475
2018,2,1,1,338,-2.7258
2018,2,1,2,264,-1.9629
2018,2,1,3,167,-4.4443
2018,2,1,4,140,-4.7216
2018,2,1,5,174,-3.9836
2018,2,2,1,96,-4.8476
2018,2,2,2,91,-4.1406
2018,2,2,3,98,-2.6825
2018,2,2,4,118,-2.8398
2018,2,2,5,138,-4.9250
2018,2,3,1,121,-6.5187
2018,2,3,2,137,-3.4908
2018,2,3,3,141,-3.2986
2018,2,3,4,144,-4.4517
2018,2,3,5,155,-0.9500
2018,3,1,1,335,0.3533
2018,3,1,2,264,-1.4448
2018,3,1,3,165,2.4520
2018,3,1,4,138,3.4274
2018,3,1,5,172,-0.1293
2018,3,2,1,95,-0.8969
2018,3,2,2,91,1.8697
2018,3,2,3,98,1.2944
2018,3,2,4,116,1.9311
2018,3,2,5,137,1.8482
2018,3,3,1,121,-1.6121
2018,3,3,2,137,-2.5098
2018,3,3,3,141,-2.4767
2018,3,3,4,144,-2.1400
2018,3,3,5,155,-1.9643
2018,4,1,1,331,1.0783
2018,4,1,2,262,0.5560
2018,4,1,3,165,1.5012
2018,4,1,4,137,2.7559
2018,4,1,5,172,1.9925
2018,4,2,1,95,1.5608
2018,4,2,2,91,-0.3592
2018,4,2,3,98,0.1914
2018,4,2,4,115,1.3562
2018,4,2,5,136,0.9000
2018,4,3,1,119,-0.3795
2018,4,3,2,137,-0.7158
2018,4,3,3,140,-0.3379
2018,4,3,4,144,1.2621
2018,4,3,5,153,1.3969
2018,5,1,1,330,11.3258
2018,5,1,2,260,7.1491
2018,5,1,3,162,6.0260
2018,5,1,4,136,10.1298
2018,5,1,5,171,9.5744
2018,5,2,1,95,6.0565
2018,5,2,2,90,8.1929
2018,5,2,3,97,8.5097
2018,5,2,4,115,7.6085
2018,5,2,5,134,5.6477
2018,5,3,1,119,0.9606
2018,5,3,2,136,3.9572
2018,5,3,3,140,3.7368
2018,5,3,4,143,3.0006
2018,5,3,5,153,2.8346
2018,6,1,1,330,0.6181
2018,6,1,2,259,-0.3087
2018,6,1,3,162,1.2548
2018,6,1,4,136,2.9722
2018,6,1,5,171,3.3477
2018,6,2,1,94,-0.7747
2018,6,2,2,90,2.0813
2018,6,2,3,97,1.0397
2018,6,2,4,115,2.2356
2018,6,2,5,133,1.6718
2018,6,3,1,119,1.3032
2018,6,3,2,136,0.1988
2018,6,3,3,140,0.8176
2018,6,3,4,143,1.0231
2018,6,3,5,152,0.8083
2018,7,1,1,345,-1.1080
2018,7,1,2,237,0.1809
2018,7,1,3,156,0.2858
2018,7,1,4,155,1.1547
2018,7,1,5,196,-0.2274
2018,7,2,1,108,0.8569
2018,7,2,2,128,2.3520
2018,7,2,3,111,2.7770
2018,7,2,4,103,2.5360
2018,7,2,5,140,1.4822
2018,7,3,1,145,4.4444
2018,7,3,2,139,2.4114
2018,7,3,3,148,2.3659
2018,7,3,4,133,5.1148
2018,7,3,5,148,3.4047
2018,8,1,1,342,4.3362
2018,8,1,2,236,2.2773
2018,8,1,3,156,7.4113
2018,8,1,4,155,2.9254
2018,8,1,5,195,4.1947
2018,8,2,1,108,3.3969
2018,8,2,2,128,5.2416
2018,8,2,3,111,3.3478
2018,8,2,4,103,3.0246
2018,8,2,5,140,6.0719
2018,8,3,1,145,2.5069
2018,8,3,2,139,2.7396
2018,8,3,3,148,4.9572
2018,8,3,4,129,2.5443
2018,8,3,5,146,5.9221
2018,9,1,1,341,-4.1348
2018,9,1,2,236,-2.2423
2018,9,1,3,154,-1.7942
2018,9,1,4,154,-2.3710
2018,9,1,5,195,-4.1291
2018,9,2,1,106,-3.4362
2018,9,2,2,126,-3.3778
2018,9,2,3,110,-1.4900
2018,9,2,4,103,-2.0926
2018,9,2,5,140,-1.6157
2018,9,3,1,145,0.8981
2018,9,3,2,139,1.9119
2018,9,3,3,147,-0.2003
2018,9,3,4,129,2.2194
2018,9,3,5,146,0.1909
2018,10,1,1,341,-13.7004
2018,10,1,2,235,-9.0020
2018,10,1,3,154,-11.0170
2018,10,1,4,154,-11.8713
2018,10,1,5,195,-11.8270
2018,10,2,1,106,-11.1199
2018,10,2,2,126,-11.3676
2018,10,2,3,110,-11.0480
2018,10,2,4,103,-12.7943
2018,10,2,5,140,-12.9220
2018,10,3,1,145,-5.7821
2018,10,3,2,139,-9.6518
2018,10,3,3,147,-6.4210
2018,10,3,4,129,-6.3564
2018,10,3,5,146,-10.1614
2018,11,1,1,339,-4.2507
2018,11,1,2,231,-0.4467
2018,11,1,3,154,0.6946
2018,11,1,4,154,-3.0085
2018,11,1,5,195,-1.8429
2018,11,2,1,106,2.9093
2018,11,2,2,125,1.2749
2018,11,2,3,109,1.0416
2018,11,2,4,103,1.6179
2018,11,2,5,140,1.3254
2018,11,3,1,144,5.0578
2018,11,3,2,137,1.3200
2018,11,3,3,147,-1.5990
2018,11,3,4,128,2.1365
2018,11,3,5,145,3.2171
2018,12,1,1,333,-14.4391
2018,12,1,2,229,-10.1637
2018,12,1,3,154,-13.4764
2018,12,1,4,153,-13.0312
2018,12,1,5,193,-13.4323
2018,12,2,1,106,-12.0754
2018,12,2,2,124,-10.7417
2018,12,2,3,108,-11.3684
2018,12,2,4,103,-11.3404
2018,12,2,5,139,-13.2289
2018,12,3,1,144,-6.6508
2018,12,3,2,137,-9.7284
2018,12,3,3,147,-8.3410
2018,12,3,4,127,-8.7170
2018,12,3,5,142,-9.8129
2019,1,1,1,328,10.3246
2019,1,1,2,227,10.2934
2019,1,1,3,154,11.2568
2019,1,1,4,150,11.2605
2019,1,1,5,192,12.4067
2019,1,2,1,105,12.9718
2019,1,2,2,124,11.6178
2019,1,2,3,108,10.1866
2019,1,2,4,103,11.6698
2019,1,2,5,138,12.5559
2019,1,3,1,144,4.4672
2019,1,3,2,137,9.1445
2019,1,3,3,147,9.9177
2019,1,3,4,126,8.2451
2019,1,3,5,142,8.7866
2019,2,1,1,327,8.2259
2019,2,1,2,225,4.6873
2019,2,1,3,154,4.7588
2019,2,1,4,149,4.0632
2019,2,1,5,190,6.8993
2019,2,2,1,103,2.9595
2019,2,2,2,123,4.8456
2019,2,2,3,108,5.6779
2019,2,2,4,102,5.9195
2019,2,2,5,138,4.2692
2019,2,3,1,143,2.7589
2019,2,3,2,137,3.9606
2019,2,3,3,147,3.1139
2019,2,3,4,126,3.9351
2019,2,3,5,142,4.0491
2019,3,1,1,326,0.4985
2019,3,1,2,220,-2.4094
2019,3,1,3,154,-1.8573
2019,3,1,4,149,-5.8011
2019,3,1,5,190,-3.1412
2019,3,2,1,102,-0.2233
2019,3,2,2,123,-1.9470
2019,3,2,3,107,-2.2310
2019,3,2,4,101,-2.2127
2019,3,2,5,137,-1.2148
2019,3,3,1,142,1.4185
2019,3,3,2,136,2.4870
2019,3,3,3,147,2.6787
2019,3,3,4,126,1.1813
2019,3,3,5,140,3.2095
2019,4,1,1,324,0.9068
2019,4,1,2,217,2.2263
2019,4,1,3,153,0.5794
2019,4,1,4,147,2.7396
2019,4,1,5,188,2.4912
2019,4,2,1,102,0.4164
2019,4,2,2,123,3.0113
2019,4,2,3,105,3.7532
2019,4,2,4,101,4.9378
2019,4,2,5,137,2.7549
2019,4,3,1,142,1.8515
2019,4,3,2,134,3.3472
2019,4,3,3,147,4.1128
2019,4,3,4,126,4.4541
2019,4,3,5,140,5.1295
2019,5,1,1,322,-8.5287
2019,5,1,2,217,-7.0951
2019,5,1,3,153,-9.4564
2019,5,1,4,144,-9.7606
2019,5,1,5,186,-7.4133
2019,5,2,1,102,-5.7962
2019,5,2,2,123,-9.5725
2019,5,2,3,105,-6.6539
2019,5,2,4,101,-9.9297
2019,5,2,5,137,-11.4135
2019,5,3,1,141,-4.6687
2019,5,3,2,134,-8.0072
2019,5,3,3,146,-7.2563
2019,5,3,4,126,-7.5431
2019,5,3,5,139,-7.2033
2019,6,1,1,321,5.0803
2019,6,1,2,216,6.9980
2019,6,1,3,153,4.8393
2019,6,1,4,142,6.5433
2019,6,1,5,185,3.7850
2019,6,2,1,102,7.8253
2019,6,2,2,123,9.1263
2019,6,2,3,105,7.3365
2019,6,2,4,101,8.4067
2019,6,2,5,137,8.0181
2019,6,3,1,141,5.5407
2019,6,3,2,134,8.7370
2019,6,3,3,145,7.5371
2019,6,3,4,126,7.7613
2019,6,3,5,139,7.7875
2019,7,1,1,371,-3.1090
2019,7,1,2,220,-0.5575
2019,7,1,3,148,0.3225
2019,7,1,4,140,-1.1946
2019,7,1,5,183,-3.5634
2019,7,2,1,141,-1.6010
2019,7,2,2,119,2.6007
2019,7,2,3,112,1.3067
2019,7,2,4,109,-0.4551
2019,7,2,5,133,-2.6517
2019,7,3,1,126,-0.7873
2019,7,3,2,132,1.7804
2019,7,3,3,143,0.8476
2019,7,3,4,164,0.8685
2019,7,3,5,173,2.3011
2019,8,1,1,369,-4.6360
2019,8,1,2,219,-5.6827
2019,8,1,3,147,-5.1738
2019,8,1,4,139,-7.6548
2019,8,1,5,182,-10.2940
2019,8,2,1,140,-6.5042
2019,8,2,2,117,-5.9341
2019,8,2,3,112,-5.8776
2019,8,2,4,109,-7.9679
2019,8,2,5,132,-5.7848
2019,8,3,1,125,-3.8612
2019,8,3,2,131,-0.7176
2019,8,3,3,141,0.2234
2019,8,3,4,164,0.1410
2019,8,3,5,172,-2.6573
2019,9,1,1,361,2.4487
2019,9,1,2,219,2.5749
2019,9,1,3,147,4.8398
2019,9,1,4,136,4.0770
2019,9,1,5,182,1.9887
2019,9,2,1,140,3.1044
2019,9,2,2,117,2.0575
2019,9,2,3,112,2.4025
2019,9,2,4,109,2.1589
2019,9,2,5,132,1.5927
2019,9,3,1,125,2.2741
2019,9,3,2,131,1.3702
2019,9,3,3,140,1.0254
2019,9,3,4,164,1.3049
2019,9,3,5,171,0.4374
2019,10,1,1,357,0.2132
2019,10,1,2,217,0.2526
2019,10,1,3,146,2.0703
2019,10,1,4,136,-2.7905
2019,10,1,5,179,-0.4146
2019,10,2,1,140,2.6905
2019,10,2,2,116,3.6640
2019,10,2,3,111,2.5535
2019,10,2,4,108,5.7130
2019,10,2,5,131,0.4369
2019,10,3,1,124,1.2174
2019,10,3,2,131,2.6874
2019,10,3,3,140,1.1846
2019,10,3,4,164,0.5722
2019,10,3,5,170,2.8750
2019,11,1,1,354,7.4247
2019,11,1,2,216,2.3055
2019,11,1,3,145,3.9145
2019,11,1,4,136,3.4216
2019,11,1,5,177,3.4897
2019,11,2,1,136,3.7151
2019,11,2,2,115,6.4601
2019,11,2,3,109,3.1192
2019,11,2,4,107,3.3097
2019,11,2,5,131,4.4870
2019,11,3,1,124,3.5976
2019,11,3,2,131,2.6512
2019,11,3,3,139,3.8104
2019,11,3,4,164,2.9592
2019,11,3,5,169,3.4261
2019,12,1,1,351,5.5459
2019,12,1,2,215,3.1168
2019,12,1,3,142,6.5585
2019,12,1,4,135,4.8003
2019,12,1,5,177,7.7394
2019,12,2,1,135,4.0454
2019,12,2,2,115,2.3915
2019,12,2,3,108,4.4704
2019,12,2,4,107,3.1538
2019,12,2,5,131,4.6732
2019,12,3,1,124,3.1306
2019,12,3,2,131,3.0424
2019,12,3,3,139,2.0788
2019,12,3,4,164,2.0558
2019,12,3,5,168,2.6015
2020,1,1,1,350,-3.6172
2020,1,1,2,211,-3.2623
2020,1,1,3,140,-4.5173
2020,1,1,4,133,-4.9941
2020,1,1,5,176,-8.1534
2020,1,2,1,134,-4.7416
2020,1,2,2,114,-3.7556
2020,1,2,3,107,-3.8266
2020,1,2,4,107,-5.0283
2020,1,2,5,128,-3.4798
2020,1,3,1,122,-1.4919
2020,1,3,2,130,-2.9652
2020,1,3,3,139,1.5364
2020,1,3,4,164,0.4324
2020,1,3,5,168,2.6563
2020,2,1,1,349,-5.8472
2020,2,1,2,211,-5.7178
2020,2,1,3,140,-8.4530
2020,2,1,4,133,-7.8067
2020,2,1,5,176,-8.2257
2020,2,2,1,133,-8.5084
2020,2,2,2,113,-7.9204
2020,2,2,3,106,-9.8849
2020,2,2,4,107,-10.7194
2020,2,2,5,126,-9.1236
2020,2,3,1,122,-8.4815
2020,2,3,2,130,-7.9196
2020,2,3,3,139,-7.1789
2020,2,3,4,164,-6.9716
2020,2,3,5,168,-6.6541
2020,3,1,1,346,-20.2454
2020,3,1,2,210,-20.8638
2020,3,1,3,139,-25.3790
2020,3,1,4,133,-24.1570
2020,3,1,5,176,-28.6652
2020,3,2,1,133,-22.5571
2020,3,2,2,113,-21.3092
2020,3,2,3,105,-20.4589
2020,3,2,4,107,-19.5059
2020,3,2,5,126,-27.9171
2020,3,3,1,122,-11.4896
2020,3,3,2,130,-9.7814
2020,3,3,3,139,-11.9566
2020,3,3,4,164,-11.8993
2020,3,3,5,168,-10.9648
2020,4,1,1,345,20.2916
2020,4,1,2,209,17.4199
2020,4,1,3,139,19.1941
2020,4,1,4,132,17.9300
2020,4,1,5,175,21.9403
2020,4,2,1,133,18.0638
2020,4,2,2,112,16.0953
2020,4,2,3,105,15.0305
2020,4,2,4,106,16.9659
2020,4,2,5,125,19.7926
2020,4,3,1,122,12.0679
2020,4,3,2,130,11.4320
2020,4,3,3,139,13.0122
2020,4,3,4,162,12.3039
2020,4,3,5,168,16.7577
2020,5,1,1,344,8.2651
2020,5,1,2,207,8.1132
2020,5,1,3,138,9.4607
2020,5,1,4,131,9.4085
2020,5,1,5,175,6.7315
2020,5,2,1,132,7.7299
2020,5,2,2,111,9.5993
2020,5,2,3,105,7.0309
2020,5,2,4,106,7.5521
2020,5,2,5,125,9.9352
2020,5,3,1,122,4.1124
2020,5,3,2,130,3.5337
2020,5,3,3,138,6.5251
2020,5,3,4,159,7.1349
2020,5,3,5,168,4.7055
2020,6,1,1,341,7.4495
2020,6,1,2,207,8.8050
2020,6,1,3,136,8.8116
2020,6,1,4,129,9.3525
2020,6,1,5,173,8.2195
2020,6,2,1,132,2.0192
2020,6,2,2,111,3.3237
2020,6,2,3,105,3.1265
2020,6,2,4,106,6.7432
2020,6,2,5,125,1.7638
2020,6,3,1,122,-1.1034
2020,6,3,2,129,-0.2574
2020,6,3,3,138,4.3054
2020,6,3,4,159,2.3775
2020,6,3,5,168,3.0608
2020,7,1,1,355,4.4474
2020,7,1,2,204,5.0694
2020,7,1,3,133,2.4090
2020,7,1,4,148,5.0428
2020,7,1,5,191,0.8743
2020,7,2,1,120,4.6444
2020,7,2,2,146,0.8491
2020,7,2,3,102,3.7479
2020,7,2,4,108,7.4746
2020,7,2,5,135,5.3020
2020,7,3,1,101,5.4025
2020,7,3,2,146,5.7812
2020,7,3,3,173,5.1921
2020,7,3,4,180,4.6266
2020,7,3,5,172,8.3418
2020,8,1,1,354,2.3149
2020,8,1,2,200,1.5841
2020,8,1,3,130,7.8428
2020,8,1,4,147,5.5893
2020,8,1,5,191,9.5178
2020,8,2,1,120,3.2075
2020,8,2,2,146,4.5466
2020,8,2,3,101,2.6466
2020,8,2,4,107,7.3834
2020,8,2,5,135,8.2010
2020,8,3,1,100,4.7299
2020,8,3,2,145,6.0975
2020,8,3,3,173,5.0023
2020,8,3,4,179,9.4746
2020,8,3,5,172,8.4285
2020,9,1,1,350,-0.5034
2020,9,1,2,199,-0.6852
2020,9,1,3,130,-2.5315
2020,9,1,4,146,-5.2749
2020,9,1,5,190,-3.5946
2020,9,2,1,119,-4.3782
2020,9,2,2,146,-2.6049
2020,9,2,3,100,-5.9230
2020,9,2,4,107,-2.3666
2020,9,2,5,135,-3.8964
2020,9,3,1,100,-1.4850
2020,9,3,2,144,-1.7964
2020,9,3,3,173,-0.7210
2020,9,3,4,179,-4.8368
2020,9,3,5,172,-5.2449
2020,10,1,1,349,-1.5083
2020,10,1,2,197,-2.4211
2020,10,1,3,127,-3.4803
2020,10,1,4,146,-1.4508
2020,10,1,5,189,-1.9192
2020,10,2,1,119,1.5989
2020,10,2,2,145,2.7264
2020,10,2,3,100,2.1900
2020,10,2,4,107,-0.8364
2020,10,2,5,135,2.3452
2020,10,3,1,100,-0.2557
2020,10,3,2,144,-3.0243
2020,10,3,3,173,-1.7095
2020,10,3,4,179,-1.6940
2020,10,3,5,172,-2.6721
2020,11,1,1,348,19.5962
2020,11,1,2,197,20.1566
2020,11,1,3,125,25.9238
2020,11,1,4,143,32.8350
2020,11,1,5,188,27.0579
2020,11,2,1,119,19.6445
2020,11,2,2,144,20.3576
2020,11,2,3,99,18.1088
2020,11,2,4,107,19.9000
2020,11,2,5,134,22.9222
2020,11,3,1,99,10.5394
2020,11,3,2,144,11.5894
2020,11,3,3,171,12.4361
2020,11,3,4,179,11.9865
2020,11,3,5,172,9.7955
2020,12,1,1,346,7.7504
2020,12,1,2,197,7.0808
2020,12,1,3,125,18.2119
2020,12,1,4,143,10.8838
2020,12,1,5,186,10.2245
2020,12,2,1,119,6.5781
2020,12,2,2,144,10.6773
2020,12,2,3,99,7.6856
2020,12,2,4,107,11.1116
2020,12,2,5,134,9.9746
2020,12,3,1,99,2.7962
2020,12,3,2,143,3.6310
2020,12,3,3,171,2.5756
2020,12,3,4,179,3.9183
2020,12,3,5,172,4.2514
2021,1,1,1,342,49.5393
2021,1,1,2,194,14.7919
2021,1,1,3,125,13.5865
2021,1,1,4,143,19.7173
2021,1,1,5,185,14.0566
2021,1,2,1,119,7.9809
2021,1,2,2,144,4.3897
2021,1,2,3,98,4.6659
2021,1,2,4,107,3.8624
2021,1,2,5,134,7.9103
2021,1,3,1,98,0.4475
2021,1,3,2,143,-0.3590
2021,1,3,3,170,-1.4229
2021,1,3,4,179,2.2630
2021,1,3,5,172,-1.9815
2021,2,1,1,341,-8.8948
2021,2,1,2,194,8.6911
2021,2,1,3,125,4.4855
2021,2,1,4,143,4.4480
2021,2,1,5,185,17.1661
2021,2,2,1,119,4.6613
2021,2,2,2,143,7.0075
2021,2,2,3,97,12.4477
2021,2,2,4,106,9.7574
2021,2,2,5,133,9.0936
2021,2,3,1,98,-0.2280
2021,2,3,2,141,3.5039
2021,2,3,3,170,4.4128
2021,2,3,4,178,1.0596
2021,2,3,5,171,1.8906
2021,3,1,1,341,5.6088
2021,3,1,2,193,2.5512
2021,3,1,3,124,-4.0074
2021,3,1,4,142,0.3090
2021,3,1,5,184,4.8187
2021,3,2,1,119,2.8388
2021,3,2,2,141,-1.8237
2021,3,2,3,97,1.0581
2021,3,2,4,105,3.6219
2021,3,2,5,133,0.7623
2021,3,3,1,98,6.9778
2021,3,3,2,141,3.9052
2021,3,3,3,170,3.2850
2021,3,3,4,178,2.1912
2021,3,3,5,171,1.7125
2021,4,1,1,338,-3.9677
2021,4,1,2,193,-0.4247
2021,4,1,3,124,-4.3638
2021,4,1,4,141,-2.3925
2021,4,1,5,184,-0.7344
2021,4,2,1,119,0.9673
2021,4,2,2,141,1.5621
2021,4,2,3,97,2.2997
2021,4,2,4,105,1.4221
2021,4,2,5,133,3.1661
2021,4,3,1,98,1.9472
2021,4,3,2,141,3.9923
2021,4,3,3,169,5.0687
2021,4,3,4,178,6.3230
2021,4,3,5,171,5.5424
2021,5,1,1,338,5.2646
2021,5,1,2,192,3.3827
2021,5,1,3,124,-0.4585
2021,5,1,4,137,4.3101
2021,5,1,5,183,7.4145
2021,5,2,1,119,1.8857
2021,5,2,2,141,1.3287
2021,5,2,3,97,3.9318
2021,5,2,4,101,-0.7581
2021,5,2,5,132,-0.3217
2021,5,3,1,98,1.5481
2021,5,3,2,141,1.7403
2021,5,3,3,169,1.3767
2021,5,3,4,176,-0.4146
2021,5,3,5,170,-1.8905
2021,6,1,1,337,2.7179
2021,6,1,2,192,3.8307
2021,6,1,3,123,7.0350
2021,6,1,4,136,3.5282
2021,6,1,5,182,21.5646
2021,6,2,1,119,1.5676
2021,6,2,2,141,1.0021
2021,6,2,3,96,0.7734
2021,6,2,4,101,4.4239
2021,6,2,5,131,2.7577
2021,6,3,1,98,1.0225
2021,6,3,2,141,1.1072
2021,6,3,3,169,2.2181
2021,6,3,4,176,4.6090
2021,6,3,5,169,4.1902
2021,7,1,1,329,-8.5875
2021,7,1,2,270,-7.6689
2021,7,1,3,144,-3.5187
2021,7,1,4,141,-2.7965
2021,7,1,5,197,-5.8197
2021,7,2,1,128,-5.9597
2021,7,2,2,123,-4.2743
2021,7,2,3,109,-0.9001
2021,7,2,4,110,-0.1247
2021,7,2,5,144,-4.5539
2021,7,3,1,97,-2.7857
2021,7,3,2,161,1.8618
2021,7,3,3,152,2.2012
2021,7,3,4,157,3.4496
2021,7,3,5,194,1.0592
2021,8,1,1,329,4.0939
2021,8,1,2,270,6.2897
2021,8,1,3,144,5.0923
2021,8,1,4,140,3.2901
2021,8,1,5,196,-0.2081
2021,8,2,1,128,0.4104
2021,8,2,2,121,0.9560
2021,8,2,3,109,1.4240
2021,8,2,4,109,0.8459
2021,8,2,5,143,1.9423
2021,8,3,1,96,2.2555
2021,8,3,2,161,0.9729
2021,8,3,3,152,1.7585
2021,8,3,4,156,4.9260
2021,8,3,5,194,3.4422
2021,9,1,1,328,-1.5533
2021,9,1,2,268,-1.6438
2021,9,1,3,144,-5.9413
2021,9,1,4,139,-3.9751
2021,9,1,5,196,-6.1869
2021,9,2,1,128,-0.1528
2021,9,2,2,121,-4.4586
2021,9,2,3,108,-2.9989
2021,9,2,4,109,-4.6326
2021,9,2,5,142,-4.9911
2021,9,3,1,96,-2.4544
2021,9,3,2,161,-4.6318
2021,9,3,3,152,-4.7617
2021,9,3,4,154,-5.8926
2021,9,3,5,194,-4.7364
2021,10,1,1,327,1.0285
2021,10,1,2,266,1.7081
2021,10,1,3,143,0.6695
2021,10,1,4,138,2.6507
2021,10,1,5,196,3.5479
2021,10,2,1,126,1.0646
2021,10,2,2,121,3.4244
2021,10,2,3,107,4.0566
2021,10,2,4,109,5.2454
2021,10,2,5,142,3.8119
2021,10,3,1,96,3.8447
2021,10,3,2,160,4.0644
2021,10,3,3,152,4.9454
2021,10,3,4,154,9.0444
2021,10,3,5,194,8.3560
2021,11,1,1,326,-8.4050
2021,11,1,2,264,-6.5676
2021,11,1,3,142,-8.0708
2021,11,1,4,138,-4.9347
2021,11,1,5,195,-4.6263
2021,11,2,1,125,-3.2699
2021,11,2,2,121,-3.5187
2021,11,2,3,107,-1.0878
2021,11,2,4,108,-1.1524
2021,11,2,5,141,-3.7533
2021,11,3,1,95,-2.1377
2021,11,3,2,160,-3.6315
2021,11,3,3,152,-2.2993
2021,11,3,4,154,-0.3870
2021,11,3,5,193,-0.1195
2021,12,1,1,323,-2.7922
2021,12,1,2,263,-0.9602
2021,12,1,3,141,2.6119
2021,12,1,4,138,1.1756
2021,12,1,5,195,-0.7298
2021,12,2,1,124,2.2030
2021,12,2,2,120,3.4935
2021,12,2,3,104,4.2398
2021,12,2,4,108,3.5353
2021,12,2,5,140,2.0391
2021,12,3,1,95,5.7621
2021,12,3,2,159,7.5081
2021,12,3,3,152,6.0134
2021,12,3,4,154,1.4093
2021,12,3,5,193,0.3453
2022,1,1,1,321,-10.0960
2022,1,1,2,263,-11.3080
2022,1,1,3,140,-8.2805
2022,1,1,4,135,-9.9273
2022,1,1,5,194,-10.2671
2022,1,2,1,123,-6.1422
2022,1,2,2,119,-10.4371
2022,1,2,3,104,-8.4744
2022,1,2,4,108,-8.9432
2022,1,2,5,140,-10.9035
2022,1,3,1,95,-3.0842
2022,1,3,2,159,-3.6182
2022,1,3,3,151,-7.0939
2022,1,3,4,153,-7.2675
2022,1,3,5,193,-9.1653
2022,2,1,1,321,3.1160
2022,2,1,2,262,2.4591
2022,2,1,3,140,0.1352
2022,2,1,4,135,1.6601
2022,2,1,5,194,-0.8628
2022,2,2,1,122,4.1578
2022,2,2,2,119,2.1231
2022,2,2,3,104,0.9794
2022,2,2,4,108,1.0328
2022,2,2,5,140,0.1558
2022,2,3,1,95,-0.2338
2022,2,3,2,159,-0.6140
2022,2,3,3,151,-1.2339
2022,2,3,4,153,-2.5434
2022,2,3,5,193,-4.0333
2022,3,1,1,319,4.6871
2022,3,1,2,262,4.3108
2022,3,1,3,140,2.6433
2022,3,1,4,135,2.3722
2022,3,1,5,194,-1.3669
2022,3,2,1,122,4.6091
2022,3,2,2,119,-0.6160
2022,3,2,3,104,1.2447
2022,3,2,4,107,3.2767
2022,3,2,5,140,1.5510
2022,3,3,1,95,4.9264
2022,3,3,2,159,3.3737
2022,3,3,3,151,3.9775
2022,3,3,4,153,3.5393
2022,3,3,5,192,5.3523
2022,4,1,1,316,-9.0484
2022,4,1,2,260,-9.8689
2022,4,1,3,139,-9.8430
2022,4,1,4,135,-10.4194
2022,4,1,5,194,-10.0062
2022,4,2,1,121,-7.9860
2022,4,2,2,118,-10.4498
2022,4,2,3,104,-8.3320
2022,4,2,4,107,-7.8543
2022,4,2,5,140,-9.0684
2022,4,3,1,93,-5.2663
2022,4,3,2,159,-5.1440
2022,4,3,3,151,-7.0200
2022,4,3,4,153,-12.4090
2022,4,3,5,192,-12.0355
2022,5,1,1,316,0.1848
2022,5,1,2,258,-2.8699
2022,5,1,3,138,-0.4813
2022,5,1,4,135,2.4548
2022,5,1,5,193,-0.7910
2022,5,2,1,119,1.9343
2022,5,2,2,116,-0.9276
2022,5,2,3,104,2.4771
2022,5,2,4,107,4.5510
2022,5,2,5,140,-2.3567
2022,5,3,1,93,4.1486
2022,5,3,2,157,-0.5662
2022,5,3,3,151,1.6234
2022,5,3,4,153,0.6722
2022,5,3,5,192,-3.8747
2022,6,1,1,315,-13.0278
2022,6,1,2,257,-7.5718
2022,6,1,3,137,-6.6526
2022,6,1,4,135,-7.0899
2022,6,1,5,190,-4.7496
2022,6,2,1,118,-12.9443
2022,6,2,2,116,-5.5676
2022,6,2,3,104,-8.2429
2022,6,2,4,106,-7.6674
2022,6,2,5,140,-5.8408
2022,6,3,1,93,-10.5660
2022,6,3,2,157,-7.8021
2022,6,3,3,151,-8.5063
2022,6,3,4,153,-7.7049
2022,6,3,5,190,-8.2396
2022,7,1,1,425,8.8248
2022,7,1,2,243,8.5445
2022,7,1,3,160,8.8177
2022,7,1,4,138,11.1321
2022,7,1,5,200,10.5496
2022,7,2,1,134,9.9799
2022,7,2,2,132,11.3999
2022,7,2,3,106,9.5155
2022,7,2,4,104,11.4784
2022,7,2,5,139,13.0083
2022,7,3,1,119,5.9269
2022,7,3,2,167,7.9750
2022,7,3,3,179,6.7645
2022,7,3,4,184,8.1459
2022,7,3,5,163,16.4202
2022,8,1,1,422,2.1924
2022,8,1,2,242,3.7686
2022,8,1,3,160,2.5717
2022,8,1,4,138,-1.2749
2022,8,1,5,199,1.4353
2022,8,2,1,132,-0.6025
2022,8,2,2,132,-1.9589
2022,8,2,3,106,-5.5673
2022,8,2,4,104,-0.7487
2022,8,2,5,138,-3.3372
2022,8,3,1,117,-3.6362
2022,8,3,2,166,-3.4529
2022,8,3,3,177,-3.2845
2022,8,3,4,182,-4.6748
2022,8,3,5,162,-5.2829
2022,9,1,1,422,-11.7566
2022,9,1,2,240,-13.0943
2022,9,1,3,160,-7.4669
2022,9,1,4,137,-11.9172
2022,9,1,5,199,-15.5377
2022,9,2,1,132,-10.2194
2022,9,2,2,131,-10.5152
2022,9,2,3,105,-9.4457
2022,9,2,4,104,-10.5581
2022,9,2,5,138,-12.2177
2022,9,3,1,116,-6.0166
2022,9,3,2,166,-7.5984
2022,9,3,3,177,-9.4610
2022,9,3,4,181,-10.6712
2022,9,3,5,162,-9.0157
2022,10,1,1,422,6.3842
2022,10,1,2,236,9.8644
2022,10,1,3,158,10.3175
2022,10,1,4,137,9.0192
2022,10,1,5,195,6.3284
2022,10,2,1,132,11.8531
2022,10,2,2,130,11.2139
2022,10,2,3,105,10.9233
2022,10,2,4,104,9.6663
2022,10,2,5,138,9.8405
2022,10,3,1,115,10.0975
2022,10,3,2,166,9.6456
2022,10,3,3,177,10.4397
2022,10,3,4,181,4.1747
2022,10,3,5,160,1.4169
2022,11,1,1,421,-0.2633
2022,11,1,2,236,-1.4007
2022,11,1,3,155,0.5315
2022,11,1,4,137,0.2013
2022,11,1,5,193,-3.2754
2022,11,2,1,131,4.7180
2022,11,2,2,129,3.8111
2022,11,2,3,105,1.3031
2022,11,2,4,103,2.2588
2022,11,2,5,138,0.6601
2022,11,3,1,115,7.0356
2022,11,3,2,166,7.6021
2022,11,3,3,175,5.6548
2022,11,3,4,178,8.0813
2022,11,3,5,160,1.8334
2022,12,1,1,419,-1.6227
2022,12,1,2,236,-0.9522
2022,12,1,3,155,-3.7499
2022,12,1,4,134,-4.8764
2022,12,1,5,193,-11.0465
2022,12,2,1,131,-5.0094
2022,12,2,2,129,-7.1024
2022,12,2,3,104,-4.0866
2022,12,2,4,103,-7.1664
2022,12,2,5,137,-8.2591
2022,12,3,1,114,-4.4463
2022,12,3,2,165,-2.8568
2022,12,3,3,175,-4.7666
2022,12,3,4,178,-6.2215
2022,12,3,5,159,-9.8779
2023,1,1,1,413,11.3521
2023,1,1,2,235,12.1925
2023,1,1,3,153,10.5539
2023,1,1,4,134,13.7462
2023,1,1,5,193,16.7836
2023,1,2,1,131,11.8640
2023,1,2,2,129,12.3357
2023,1,2,3,104,12.2872
2023,1,2,4,103,10.9621
2023,1,2,5,136,14.8092
2023,1,3,1,114,3.2861
2023,1,3,2,165,3.3089
2023,1,3,3,174,4.2699
2023,1,3,4,178,6.3926
2023,1,3,5,158,14.0732
2023,2,1,1,409,-4.6619
2023,2,1,2,233,-3.9707
2023,2,1,3,153,-3.0696
2023,2,1,4,134,-6.1901
2023,2,1,5,191,-6.5418
2023,2,2,1,131,-4.7193
2023,2,2,2,129,-1.2883
2023,2,2,3,104,-1.6238
2023,2,2,4,102,-2.0324
2023,2,2,5,136,-2.9509
2023,2,3,1,114,-2.1567
2023,2,3,2,165,-2.1140
2023,2,3,3,174,-4.0522
2023,2,3,4,178,-2.2610
2023,2,3,5,158,-1.1285
2023,3,1,1,405,-5.6574
2023,3,1,2,231,-9.1823
2023,3,1,3,150,-7.4560
2023,3,1,4,134,-5.3039
2023,3,1,5,190,-8.8767
2023,3,2,1,131,-3.6631
2023,3,2,2,129,-1.7630
2023,3,2,3,104,-3.0317
2023,3,2,4,101,-2.6539
2023,3,2,5,134,-2.5746
2023,3,3,1,114,1.1645
2023,3,3,2,165,2.5415
2023,3,3,3,173,2.8750
2023,3,3,4,178,9.6189
2023,3,3,5,156,4.8938
2023,4,1,1,398,-1.1499
2023,4,1,2,228,-0.7051
2023,4,1,3,150,-3.1832
2023,4,1,4,133,-5.5360
2023,4,1,5,189,-4.4626
2023,4,2,1,129,0.3971
2023,4,2,2,129,-2.3702
2023,4,2,3,103,-1.5454
2023,4,2,4,100,-0.4323
2023,4,2,5,134,-3.0470
2023,4,3,1,114,2.0142
2023,4,3,2,165,-0.2600
2023,4,3,3,173,0.9845
2023,4,3,4,178,2.2787
2023,4,3,5,155,-2.3155
2023,5,1,1,394,1.3421
2023,5,1,2,226,3.2027
2023,5,1,3,150,2.3502
2023,5,1,4,132,1.7877
2023,5,1,5,188,-0.6486
2023,5,2,1,129,-0.1989
2023,5,2,2,129,1.1370
2023,5,2,3,103,-0.4585
2023,5,2,4,100,-1.0328
2023,5,2,5,134,-2.8048
2023,5,3,1,114,-2.8164
2023,5,3,2,165,-1.3224
2023,5,3,3,173,-4.4555
2023,5,3,4,178,4.8947
2023,5,3,5,155,8.0915
2023,6,1,1,390,4.8272
2023,6,1,2,225,4.8841
2023,6,1,3,148,8.6329
2023,6,1,4,132,4.6667
2023,6,1,5,187,4.0480
2023,6,2,1,129,9.5364
2023,6,2,2,129,8.4730
2023,6,2,3,102,7.6274
2023,6,2,4,100,9.6843
2023,6,2,5,134,10.4172
2023,6,3,1,114,6.0372
2023,6,3,2,165,7.0993
2023,6,3,3,173,6.1105
2023,6,3,4,177,4.6908
2023,6,3,5,154,10.7335
2023,7,1,1,555,4.1334
2023,7,1,2,188,3.4315
2023,7,1,3,165,4.3496
2023,7,1,4,137,7.1438
2023,7,1,5,278,8.2811
2023,7,2,1,147,3.2912
2023,7,2,2,118,4.3767
2023,7,2,3,124,4.5468
2023,7,2,4,122,4.0384
2023,7,2,5,150,8.6719
2023,7,3,1,132,4.0909
2023,7,3,2,170,2.6023
2023,7,3,3,150,2.7278
2023,7,3,4,170,3.5998
2023,7,3,5,158,3.9712
2023,8,1,1,551,-8.2550
2023,8,1,2,187,-9.8129
2023,8,1,3,163,-8.2355
2023,8,1,4,136,-6.7590
2023,8,1,5,274,-10.9061
2023,8,2,1,146,-3.1134
2023,8,2,2,118,-6.4179
2023,8,2,3,124,-5.0859
2023,8,2,4,122,-5.0875
2023,8,2,5,150,-6.6289
2023,8,3,1,131,-1.1680
2023,8,3,2,170,-2.3343
2023,8,3,3,149,-1.3146
2023,8,3,4,170,0.1550
2023,8,3,5,158,-1.6449
2023,9,1,1,546,-6.3311
2023,9,1,2,187,-9.0759
2023,9,1,3,161,-6.3695
2023,9,1,4,136,-8.5072
2023,9,1,5,271,-6.8669
2023,9,2,1,144,-5.7957
2023,9,2,2,115,-6.7820
2023,9,2,3,124,-5.8940
2023,9,2,4,122,-7.0648
2023,9,2,5,150,-6.0810
2023,9,3,1,131,-4.2723
2023,9,3,2,170,-5.0315
2023,9,3,3,148,-4.4271
2023,9,3,4,170,-5.4936
2023,9,3,5,157,-4.6590
2023,10,1,1,540,-11.3452
2023,10,1,2,187,-10.0005
2023,10,1,3,161,-4.9232
2023,10,1,4,136,-8.6886
2023,10,1,5,269,-10.2973
2023,10,2,1,144,-8.4314
2023,10,2,2,115,-8.0672
2023,10,2,3,124,-6.1339
2023,10,2,4,121,-6.5444
2023,10,2,5,148,-7.8419
2023,10,3,1,130,-4.0513
2023,10,3,2,169,-3.9286
2023,10,3,3,148,-2.1511
2023,10,3,4,170,-5.4011
2023,10,3,5,157,0.1262
2023,11,1,1,532,8.6056
2023,11,1,2,185,10.4795
2023,11,1,3,160,7.6058
2023,11,1,4,134,8.7332
2023,11,1,5,266,5.0071
2023,11,2,1,144,10.0591
2023,11,2,2,115,11.6709
2023,11,2,3,123,8.3039
2023,11,2,4,121,8.4835
2023,11,2,5,147,6.3368
2023,11,3,1,130,8.6223
2023,11,3,2,168,7.3025
2023,11,3,3,147,5.8006
2023,11,3,4,170,10.5510
2023,11,3,5,157,10.7912
2023,12,1,1,528,17.1743
2023,12,1,2,182,17.7111
2023,12,1,3,159,17.5220
2023,12,1,4,133,12.7632
2023,12,1,5,264,11.7894
2023,12,2,1,142,12.6194
2023,12,2,2,115,12.4044
2023,12,2,3,121,9.6543
2023,12,2,4,120,11.4530
2023,12,2,5,146,12.0421
2023,12,3,1,129,5.2922
2023,12,3,2,168,7.6283
2023,12,3,3,147,5.3196
2023,12,3,4,170,4.9097
2023,12,3,5,156,4.2483
2024,1,1,1,521,-0.7789
2024,1,1,2,181,-1.2355
2024,1,1,3,158,-3.5790
2024,1,1,4,129,-3.7589
2024,1,1,5,262,-5.1238
2024,1,2,1,140,-3.3633
2024,1,2,2,115,-3.6962
2024,1,2,3,121,-5.2644
2024,1,2,4,120,-4.5270
2024,1,2,5,146,-5.7008
2024,1,3,1,129,2.6842
2024,1,3,2,167,0.7124
2024,1,3,3,147,2.8269
2024,1,3,4,170,1.7625
2024,1,3,5,156,2.5789
2024,2,1,1,515,9.3948
2024,2,1,2,181,7.8327
2024,2,1,3,157,4.3441
2024,2,1,4,128,14.1717
2024,2,1,5,262,10.6555
2024,2,2,1,140,8.1298
2024,2,2,2,114,3.9503
2024,2,2,3,120,4.7385
2024,2,2,4,120,6.1468
2024,2,2,5,145,6.3221
2024,2,3,1,129,2.8463
2024,2,3,2,167,6.2302
2024,2,3,3,147,3.8819
2024,2,3,4,169,10.5183
2024,2,3,5,156,6.9525
2024,3,1,1,511,2.6095
2024,3,1,2,179,1.9418
2024,3,1,3,152,5.7412
2024,3,1,4,128,-3.1455
2024,3,1,5,262,4.0134
2024,3,2,1,139,1.0430
2024,3,2,2,114,3.2148
2024,3,2,3,120,1.8103
2024,3,2,4,119,2.5611
2024,3,2,5,145,3.4394
2024,3,3,1,129,2.7219
2024,3,3,2,167,3.5636
2024,3,3,3,147,3.3455
2024,3,3,4,168,5.1713
2024,3,3,5,156,2.9350
2024,4,1,1,509,-12.1074
2024,4,1,2,178,-7.9879
2024,4,1,3,152,-3.5499
2024,4,1,4,127,-6.7368
2024,4,1,5,259,-9.7766
2024,4,2,1,137,-6.9836
2024,4,2,2,114,-8.4704
2024,4,2,3,120,-5.6799
2024,4,2,4,119,-6.6591
2024,4,2,5,142,-7.9700
2024,4,3,1,128,-4.9159
2024,4,3,2,166,-4.1320
2024,4,3,3,147,-3.8711
2024,4,3,4,168,-2.6193
2024,4,3,5,156,-5.0330
2024,5,1,1,504,1.5568
2024,5,1,2,176,-1.2456
2024,5,1,3,150,4.5738
2024,5,1,4,127,7.7453
2024,5,1,5,255,7.5175
2024,5,2,1,137,2.5965
2024,5,2,2,113,3.7154
2024,5,2,3,120,8.5081
2024,5,2,4,119,6.2931
2024,5,2,5,141,5.9088
2024,5,3,1,128,1.7575
2024,5,3,2,166,0.8142
2024,5,3,3,147,3.9697
2024,5,3,4,168,9.3856
2024,5,3,5,156,4.1989
2024,6,1,1,495,-5.4626
2024,6,1,2,175,-7.0548
2024,6,1,3,148,-8.0574
2024,6,1,4,126,-2.9722
2024,6,1,5,254,-2.9870
2024,6,2,1,136,-0.8405
2024,6,2,2,112,-2.3122
2024,6,2,3,119,-2.4394
2024,6,2,4,119,-1.7836
2024,6,2,5,141,-2.5767
2024,6,3,1,128,0.6826
2024,6,3,2,166,2.4405
2024,6,3,3,147,0.7185
2024,6,3,4,167,5.6763
2024,6,3,5,155,5.3710
2024,7,1,1,640,12.9509
2024,7,1,2,178,12.3009
2024,7,1,3,135,12.2217
2024,7,1,4,126,12.2835
2024,7,1,5,209,10.4412
2024,7,2,1,172,9.9713
2024,7,2,2,105,9.0483
2024,7,2,3,96,8.3491
2024,7,2,4,116,5.8992
2024,7,2,5,139,7.6778
2024,7,3,1,128,4.0099
2024,7,3,2,151,1.6045
2024,7,3,3,161,2.3748
2024,7,3,4,156,-1.2599
2024,7,3,5,157,-2.3071
2024,8,1,1,636,-4.9944
2024,8,1,2,175,-2.9903
2024,8,1,3,135,-3.5496
2024,8,1,4,124,-0.5404
2024,8,1,5,208,-6.1467
2024,8,2,1,172,0.4807
2024,8,2,2,105,-3.0422
2024,8,2,3,95,-4.4351
2024,8,2,4,115,-1.7408
2024,8,2,5,138,-4.4033
2024,8,3,1,127,4.4005
2024,8,3,2,150,1.3183
2024,8,3,3,161,4.0121
2024,8,3,4,155,2.0336
2024,8,3,5,157,0.2040
2024,9,1,1,627,-1.7697
2024,9,1,2,173,-0.1052
2024,9,1,3,134,0.8978
2024,9,1,4,124,1.5028
2024,9,1,5,206,-0.0393
2024,9,2,1,171,2.5454
2024,9,2,2,104,-0.2828
2024,9,2,3,95,1.0087
2024,9,2,4,114,1.9677
2024,9,2,5,138,1.0902
2024,9,3,1,126,1.2651
2024,9,3,2,150,4.0466
2024,9,3,3,161,1.0270
2024,9,3,4,155,2.5180
2024,9,3,5,157,3.7261
2024,10,1,1,621,1.9344
2024,10,1,2,171,0.3490
2024,10,1,3,134,-0.3658
2024,10,1,4,123,-1.9840
2024,10,1,5,204,0.3532
2024,10,2,1,169,-2.8051
2024,10,2,2,103,-1.2163
2024,10,2,3,95,-2.7660
2024,10,2,4,113,-2.0764
2024,10,2,5,138,-0.8452
2024,10,3,1,125,-1.5091
2024,10,3,2,150,-1.7908
2024,10,3,3,161,-2.3836
2024,10,3,4,155,2.3410
2024,10,3,5,157,-1.6126
2024,11,1,1,619,7.0564
2024,11,1,2,170,12.5494
2024,11,1,3,133,8.8510
2024,11,1,4,122,10.6387
2024,11,1,5,197,12.7670
2024,11,2,1,169,12.5462
2024,11,2,2,102,12.4221
2024,11,2,3,94,11.5251
2024,11,2,4,113,13.6413
2024,11,2,5,137,12.6004
2024,11,3,1,125,4.7065
2024,11,3,2,150,4.7976
2024,11,3,3,161,7.1404
2024,11,3,4,154,5.5505
2024,11,3,5,157,6.6434
2024,12,1,1,615,-4.4020
2024,12,1,2,170,-2.9795
2024,12,1,3,132,7.4364
2024,12,1,4,122,-5.6436
2024,12,1,5,197,-5.0816
2024,12,2,1,168,-9.6483
2024,12,2,2,101,-6.5633
2024,12,2,3,93,-7.2836
2024,12,2,4,112,-6.6703
2024,12,2,5,136,-7.3560
2024,12,3,1,124,-4.5741
2024,12,3,2,149,2.1929
2024,12,3,3,161,-6.1834
2024,12,3,4,153,-5.2523
2024,12,3,5,157,1.1584
2025,1,1,1,605,-2.4122
2025,1,1,2,169,0.7805
2025,1,1,3,131,-1.4760
2025,1,1,4,121,1.1111
2025,1,1,5,196,1.0245
2025,1,2,1,167,3.1270
2025,1,2,2,100,1.4876
2025,1,2,3,92,3.0699
2025,1,2,4,112,4.2292
2025,1,2,5,136,1.1209
2025,1,3,1,124,5.8566
2025,1,3,2,149,2.2449
2025,1,3,3,161,4.8233
2025,1,3,4,151,-1.3680
2025,1,3,5,157,4.7833
2025,2,1,1,603,-7.8350
2025,2,1,2,166,-8.9757
2025,2,1,3,130,-9.6866
2025,2,1,4,120,-6.0558
2025,2,1,5,195,-4.3292
2025,2,2,1,166,-9.1227
2025,2,2,2,100,-6.3458
2025,2,2,3,91,-6.4952
2025,2,2,4,112,-8.6756
2025,2,2,5,135,-9.3413
2025,2,3,1,124,0.4157
2025,2,3,2,149,-5.6927
2025,2,3,3,160,1.0458
2025,2,3,4,151,1.9624
2025,2,3,5,157,-7.2653
2025,3,1,1,596,-11.2426
2025,3,1,2,165,-10.3436
2025,3,1,3,128,-9.5264
2025,3,1,4,119,-6.7731
2025,3,1,5,191,-13.9157
2025,3,2,1,166,-6.7811
2025,3,2,2,100,-8.5939
2025,3,2,3,89,-2.4497
2025,3,2,4,111,-5.9330
2025,3,2,5,134,-8.7667
2025,3,3,1,123,-3.2310
2025,3,3,2,149,-7.9144
2025,3,3,3,160,-3.7379
2025,3,3,4,151,-7.1517
2025,3,3,5,156,-8.0965
2025,4,1,1,592,0.0720
2025,4,1,2,164,-1.1886
2025,4,1,3,128,0.3847
2025,4,1,4,118,-1.7265
2025,4,1,5,189,-0.5279
2025,4,2,1,166,-1.0732
2025,4,2,2,100,-2.8993
2025,4,2,3,89,-5.2102
2025,4,2,4,111,-1.4010
2025,4,2,5,134,-4.5954
2025,4,3,1,121,2.8338
2025,4,3,2,149,0.6699
2025,4,3,3,160,-1.7607
2025,4,3,4,151,0.4963
2025,4,3,5,155,1.0778
2025,5,1,1,581,6.7053
2025,5,1,2,163,11.5303
2025,5,1,3,126,10.8579
2025,5,1,4,117,9.6787
2025,5,1,5,187,7.5565
2025,5,2,1,164,3.9099
2025,5,2,2,100,7.7172
2025,5,2,3,87,6.3582
2025,5,2,4,111,5.1288
2025,5,2,5,132,7.9736
2025,5,3,1,121,5.0199
2025,5,3,2,149,10.9995
2025,5,3,3,158,3.2127
2025,5,3,4,150,9.9303
2025,5,3,5,155,9.9706
2025,6,1,1,572,9.0714
2025,6,1,2,163,5.8927
2025,6,1,3,126,5.4720
2025,6,1,4,117,13.1045
2025,6,1,5,187,6.8474
2025,6,2,1,164,4.9698
2025,6,2,2,100,3.3254
2025,6,2,3,86,3.4430
2025,6,2,4,111,6.5979
2025,6,2,5,132,8.7442
2025,6,3,1,121,3.8499
2025,6,3,2,149,7.8001
2025,6,3,3,158,1.6742
2025,6,3,4,150,8.3870
2025,6,3,5,155,6.0638
2025,7,1,1,545,5.9689
2025,7,1,2,193,2.5198
2025,7,1,3,134,2.6671
2025,7,1,4,132,0.5125
2025,7,1,5,198,0.1471
2025,7,2,1,139,1.5703
2025,7,2,2,131,0.3760
2025,7,2,3,108,2.4193
2025,7,2,4,102,2.6765
2025,7,2,5,121,2.8762
2025,7,3,1,116,4.3840
2025,7,3,2,139,0.7985
2025,7,3,3,162,-0.4017
2025,7,3,4,159,3.6374
2025,7,3,5,151,4.3558
2025,8,1,1,538,8.3113
2025,8,1,2,191,9.8421
2025,8,1,3,134,8.7011
2025,8,1,4,131,11.4114
2025,8,1,5,196,8.4800
2025,8,2,1,137,7.8211
2025,8,2,2,130,8.6504
2025,8,2,3,107,6.9743
2025,8,2,4,101,6.3480
2025,8,2,5,121,5.4672
2025,8,3,1,115,0.4318
2025,8,3,2,137,1.7405
2025,8,3,3,161,2.4586
2025,8,3,4,158,1.0428
2025,8,3,5,150,0.2815
2025,9,1,1,531,6.7984
2025,9,1,2,190,4.6629
2025,9,1,3,134,1.5907
2025,9,1,4,130,3.4471
2025,9,1,5,193,2.5161
2025,9,2,1,134,5.1134
2025,9,2,2,129,1.5412
2025,9,2,3,107,-1.0323
2025,9,2,4,99,0.1610
2025,9,2,5,121,3.9967
2025,9,3,1,113,2.7486
2025,9,3,2,137,1.3992
2025,9,3,3,161,2.7383
2025,9,3,4,158,7.0516
2025,9,3,5,150,3.3582
2025,10,1,1,529,4.1993
2025,10,1,2,190,2.4324
2025,10,1,3,132,-0.4737
2025,10,1,4,129,-0.3804
2025,10,1,5,192,-2.2737
2025,10,2,1,133,4.7255
2025,10,2,2,127,3.4072
2025,10,2,3,107,0.1741
2025,10,2,4,99,-1.1136
2025,10,2,5,118,4.3930
2025,10,3,1,113,2.5638
2025,10,3,2,137,2.4767
2025,10,3,3,161,0.3870
2025,10,3,4,157,2.9161
2025,10,3,5,150,4.2774
2025,11,1,1,525,2.3829
2025,11,1,2,188,2.2333
2025,11,1,3,131,-1.9914
2025,11,1,4,127,-1.4582
2025,11,1,5,189,-7.5324
2025,11,2,1,132,-1.2874
2025,11,2,2,125,0.8446
2025,11,2,3,107,3.6408
2025,11,2,4,99,3.4528
2025,11,2,5,118,-2.0671
2025,11,3,1,113,-2.0361
2025,11,3,2,137,-0.8105
2025,11,3,3,161,0.3356
2025,11,3,4,157,-5.0164
2025,11,3,5,150,2.8565
2025,12,1,1,523,0.7912
2025,12,1,2,188,-0.3641
2025,12,1,3,131,-1.8840
2025,12,1,4,126,0.3498
2025,12,1,5,189,-1.9655
2025,12,2,1,131,-0.9128
2025,12,2,2,123,-0.3365
2025,12,2,3,107,-0.5870
2025,12,2,4,99,0.8117
2025,12,2,5,118,0.2174
2025,12,3,1,111,1.4370
2025,12,3,2,137,0.7327
2025,12,3,3,161,-0.9956
2025,12,3,4,156,1.3599
2025,12,3,5,150,-1.8924
