year,month,rank_ME,rank_dFIN,nstocks,ret_vw
1967,1,1,1,98,17.8093
1967,1,1,2,51,20.9508
1967,1,1,3,79,16.0597
1967,1,1,4,39,20.6853
1967,1,1,5,92,18.4404
1967,1,2,1,53,17.6573
1967,1,2,2,37,17.5592
1967,1,2,3,44,16.5180
1967,1,2,4,39,11.8635
1967,1,2,5,58,16.3374
1967,1,3,1,90,8.0219
1967,1,3,2,109,7.6153
1967,1,3,3,111,7.0555
1967,1,3,4,102,7.2045
1967,1,3,5,84,9.0572
1967,2,1,1,97,5.9385
1967,2,1,2,51,3.7163
1967,2,1,3,79,3.1416
1967,2,1,4,39,5.8449
1967,2,1,5,92,4.6545
1967,2,2,1,53,2.5103
1967,2,2,2,37,2.1141
1967,2,2,3,44,1.3636
1967,2,2,4,39,0.9743
1967,2,2,5,58,2.4928
1967,2,3,1,90,3.2887
1967,2,3,2,109,-0.4555
1967,2,3,3,111,-0.7254
1967,2,3,4,102,2.1087
1967,2,3,5,84,1.0054
1967,3,1,1,98,7.4932
1967,3,1,2,51,6.3881
1967,3,1,3,79,9.1025
1967,3,1,4,39,3.7002
1967,3,1,5,92,5.0324
1967,3,2,1,53,8.1739
1967,3,2,2,37,3.3201
1967,3,2,3,44,4.9785
1967,3,2,4,39,5.1030
1967,3,2,5,58,8.8525
1967,3,3,1,90,5.0950
1967,3,3,2,109,4.2560
1967,3,3,3,111,4.1880
1967,3,3,4,102,3.4513
1967,3,3,5,84,4.5669
1967,4,1,1,98,6.6397
1967,4,1,2,51,5.1526
1967,4,1,3,79,3.3067
1967,4,1,4,39,4.1071
1967,4,1,5,92,4.5577
1967,4,2,1,53,3.7945
1967,4,2,2,37,2.8930
1967,4,2,3,44,4.2051
1967,4,2,4,39,4.6482
1967,4,2,5,58,3.9633
1967,4,3,1,90,7.3994
1967,4,3,2,109,2.6783
1967,4,3,3,111,4.6053
1967,4,3,4,102,2.7809
1967,4,3,5,84,4.2318
1967,5,1,1,98,0.6074
1967,5,1,2,51,0.8971
1967,5,1,3,79,2.3342
1967,5,1,4,39,-1.0467
1967,5,1,5,92,0.6494
1967,5,2,1,53,-3.1658
1967,5,2,2,37,-2.5149
1967,5,2,3,44,-2.8075
1967,5,2,4,39,-0.7959
1967,5,2,5,58,-1.2294
1967,5,3,1,90,-5.2431
1967,5,3,2,109,-3.2896
1967,5,3,3,111,-5.0624
1967,5,3,4,102,-4.5079
1967,5,3,5,84,-4.3559
1967,6,1,1,98,16.5889
1967,6,1,2,51,11.2731
1967,6,1,3,79,9.3699
1967,6,1,4,39,8.2227
1967,6,1,5,92,11.9956
1967,6,2,1,53,7.4823
1967,6,2,2,37,6.5068
1967,6,2,3,44,5.9858
1967,6,2,4,39,4.5766
1967,6,2,5,58,8.2827
1967,6,3,1,90,3.2042
1967,6,3,2,109,1.1098
1967,6,3,3,110,1.1809
1967,6,3,4,102,0.6675
1967,6,3,5,84,4.3570
1967,7,1,1,99,10.3022
1967,7,1,2,61,8.6008
1967,7,1,3,48,11.9035
1967,7,1,4,82,7.9526
1967,7,1,5,128,11.1936
1967,7,2,1,55,8.3813
1967,7,2,2,46,6.4771
1967,7,2,3,41,6.8874
1967,7,2,4,48,6.7909
1967,7,2,5,76,9.4939
1967,7,3,1,104,4.5515
1967,7,3,2,120,4.0280
1967,7,3,3,117,4.5821
1967,7,3,4,108,4.2980
1967,7,3,5,69,6.2428
1967,8,1,1,99,-0.1914
1967,8,1,2,61,1.1842
1967,8,1,3,48,-1.5379
1967,8,1,4,82,-0.0492
1967,8,1,5,128,2.3420
1967,8,2,1,55,-2.2911
1967,8,2,2,46,0.9105
1967,8,2,3,41,0.2535
1967,8,2,4,48,0.4250
1967,8,2,5,76,-0.0109
1967,8,3,1,104,-1.2416
1967,8,3,2,120,-0.5954
1967,8,3,3,117,-0.7911
1967,8,3,4,107,-0.6318
1967,8,3,5,69,-0.6364
1967,9,1,1,99,7.7644
1967,9,1,2,61,6.9296
1967,9,1,3,48,7.4024
1967,9,1,4,82,8.4054
1967,9,1,5,128,6.3378
1967,9,2,1,55,3.1918
1967,9,2,2,46,2.8289
1967,9,2,3,41,3.0755
1967,9,2,4,48,4.8151
1967,9,2,5,76,5.2415
1967,9,3,1,104,2.4436
1967,9,3,2,120,3.4978
1967,9,3,3,117,3.0996
1967,9,3,4,107,4.0434
1967,9,3,5,69,2.9103
1967,10,1,1,99,-0.6139
1967,10,1,2,61,-0.4801
1967,10,1,3,48,-2.3255
1967,10,1,4,82,-3.8076
1967,10,1,5,128,-2.3415
1967,10,2,1,55,-2.2273
1967,10,2,2,46,-3.5960
1967,10,2,3,41,-5.6745
1967,10,2,4,48,-3.6702
1967,10,2,5,75,-3.6513
1967,10,3,1,104,-2.2665
1967,10,3,2,121,-0.4453
1967,10,3,3,117,-3.5140
1967,10,3,4,107,-3.1116
1967,10,3,5,68,-5.4615
1967,11,1,1,99,1.6498
1967,11,1,2,61,1.1750
1967,11,1,3,48,0.0977
1967,11,1,4,82,-0.5802
1967,11,1,5,128,0.0248
1967,11,2,1,55,0.9523
1967,11,2,2,45,0.6897
1967,11,2,3,41,-0.6502
1967,11,2,4,48,-0.7540
1967,11,2,5,75,1.7930
1967,11,3,1,104,1.6590
1967,11,3,2,121,1.6873
1967,11,3,3,117,0.0315
1967,11,3,4,107,0.2836
1967,11,3,5,69,0.5320
1967,12,1,1,98,7.9551
1967,12,1,2,61,8.3094
1967,12,1,3,48,8.0916
1967,12,1,4,82,6.9637
1967,12,1,5,127,11.0642
1967,12,2,1,55,6.9649
1967,12,2,2,45,7.4429
1967,12,2,3,41,5.0584
1967,12,2,4,48,4.1601
1967,12,2,5,75,7.1965
1967,12,3,1,104,2.4928
1967,12,3,2,121,3.1502
1967,12,3,3,117,2.2155
1967,12,3,4,107,2.0506
1967,12,3,5,69,4.8670
1968,1,1,1,97,3.1433
1968,1,1,2,61,3.9656
1968,1,1,3,48,5.6609
1968,1,1,4,82,2.3158
1968,1,1,5,128,1.9730
1968,1,2,1,55,-2.6489
1968,1,2,2,45,1.2140
1968,1,2,3,41,1.8234
1968,1,2,4,48,1.3702
1968,1,2,5,75,-1.8467
1968,1,3,1,104,-8.1227
1968,1,3,2,121,-3.9534
1968,1,3,3,117,-2.9046
1968,1,3,4,107,-5.1998
1968,1,3,5,69,-2.6493
1968,2,1,1,96,-7.6032
1968,2,1,2,61,-4.5967
1968,2,1,3,48,-7.0453
1968,2,1,4,82,-4.7719
1968,2,1,5,127,-6.3031
1968,2,2,1,55,-8.7006
1968,2,2,2,44,-2.3086
1968,2,2,3,41,-2.3199
1968,2,2,4,48,-2.8508
1968,2,2,5,74,-4.9412
1968,2,3,1,104,-4.2184
1968,2,3,2,120,-3.5230
1968,2,3,3,117,-2.0622
1968,2,3,4,107,-2.9908
1968,2,3,5,69,-3.4194
1968,3,1,1,96,-0.3979
1968,3,1,2,61,-2.0684
1968,3,1,3,48,-1.7282
1968,3,1,4,82,-1.1280
1968,3,1,5,128,-0.2934
1968,3,2,1,55,-1.5187
1968,3,2,2,44,-1.8489
1968,3,2,3,41,-2.0036
1968,3,2,4,48,-0.3374
1968,3,2,5,74,-1.2161
1968,3,3,1,104,1.3685
1968,3,3,2,120,1.0454
1968,3,3,3,117,-0.2218
1968,3,3,4,107,1.3991
1968,3,3,5,69,1.1768
1968,4,1,1,96,20.4111
1968,4,1,2,61,17.3080
1968,4,1,3,48,18.5924
1968,4,1,4,82,14.3761
1968,4,1,5,127,14.7893
1968,4,2,1,55,15.9773
1968,4,2,2,44,10.5932
1968,4,2,3,41,9.7356
1968,4,2,4,48,12.2559
1968,4,2,5,74,14.3178
1968,4,3,1,104,12.5279
1968,4,3,2,120,8.8250
1968,4,3,3,117,6.5978
1968,4,3,4,107,9.6012
1968,4,3,5,69,8.2158
1968,5,1,1,96,11.4733
1968,5,1,2,61,12.7244
1968,5,1,3,48,8.8032
1968,5,1,4,82,9.1513
1968,5,1,5,127,12.2007
1968,5,2,1,55,7.5692
1968,5,2,2,44,7.6902
1968,5,2,3,41,6.2967
1968,5,2,4,48,7.3889
1968,5,2,5,74,7.1641
1968,5,3,1,104,3.5181
1968,5,3,2,120,2.7679
1968,5,3,3,117,-0.9789
1968,5,3,4,107,2.5262
1968,5,3,5,68,3.3993
1968,6,1,1,96,0.0567
1968,6,1,2,61,0.6520
1968,6,1,3,48,3.6140
1968,6,1,4,82,-1.1920
1968,6,1,5,127,0.3015
1968,6,2,1,55,-1.3557
1968,6,2,2,44,1.8711
1968,6,2,3,41,2.2085
1968,6,2,4,47,0.6635
1968,6,2,5,74,-0.0681
1968,6,3,1,104,1.0495
1968,6,3,2,120,1.0846
1968,6,3,3,117,1.4802
1968,6,3,4,107,0.2882
1968,6,3,5,68,1.3388
1968,7,1,1,101,-4.7151
1968,7,1,2,69,-4.1957
1968,7,1,3,85,-1.9091
1968,7,1,4,119,-2.9457
1968,7,1,5,226,-3.0758
1968,7,2,1,70,-7.0969
1968,7,2,2,56,-2.4654
1968,7,2,3,48,-0.8714
1968,7,2,4,64,-3.0254
1968,7,2,5,67,-4.3433
1968,7,3,1,106,-5.5650
1968,7,3,2,112,-0.3374
1968,7,3,3,116,0.4345
1968,7,3,4,104,-2.9077
1968,7,3,5,78,-4.1193
1968,8,1,1,101,2.1642
1968,8,1,2,69,2.3752
1968,8,1,3,85,4.9206
1968,8,1,4,119,3.8508
1968,8,1,5,226,6.3993
1968,8,2,1,70,4.4033
1968,8,2,2,56,2.8834
1968,8,2,3,48,3.0926
1968,8,2,4,63,3.3942
1968,8,2,5,67,4.9471
1968,8,3,1,106,2.6931
1968,8,3,2,112,0.6386
1968,8,3,3,116,1.3998
1968,8,3,4,104,1.0704
1968,8,3,5,77,1.8385
1968,9,1,1,101,8.9344
1968,9,1,2,69,8.5212
1968,9,1,3,85,7.4637
1968,9,1,4,118,5.6657
1968,9,1,5,226,7.1377
1968,9,2,1,70,6.9836
1968,9,2,2,56,5.5416
1968,9,2,3,48,6.3206
1968,9,2,4,63,5.5027
1968,9,2,5,67,8.3598
1968,9,3,1,106,4.9702
1968,9,3,2,112,5.4443
1968,9,3,3,116,2.9107
1968,9,3,4,104,3.3132
1968,9,3,5,77,5.1944
1968,10,1,1,101,-1.0300
1968,10,1,2,69,2.2866
1968,10,1,3,85,0.6665
1968,10,1,4,118,1.9402
1968,10,1,5,226,0.0350
1968,10,2,1,70,0.4288
1968,10,2,2,56,2.5712
1968,10,2,3,48,1.1703
1968,10,2,4,62,0.4377
1968,10,2,5,67,0.7057
1968,10,3,1,106,0.0671
1968,10,3,2,112,0.7373
1968,10,3,3,116,2.9427
1968,10,3,4,104,-0.5617
1968,10,3,5,76,-0.3646
1968,11,1,1,101,5.6729
1968,11,1,2,69,6.1819
1968,11,1,3,84,7.3248
1968,11,1,4,117,6.0627
1968,11,1,5,226,8.1447
1968,11,2,1,70,8.5786
1968,11,2,2,56,7.9004
1968,11,2,3,48,7.5857
1968,11,2,4,63,8.7566
1968,11,2,5,67,7.9510
1968,11,3,1,106,7.7219
1968,11,3,2,112,6.6831
1968,11,3,3,116,4.5640
1968,11,3,4,104,4.5420
1968,11,3,5,76,7.7779
1968,12,1,1,101,1.9774
1968,12,1,2,69,1.4492
1968,12,1,3,85,0.3386
1968,12,1,4,118,2.4380
1968,12,1,5,225,2.4060
1968,12,2,1,70,-2.4243
1968,12,2,2,56,-4.2193
1968,12,2,3,48,-0.0446
1968,12,2,4,63,-1.1097
1968,12,2,5,67,0.6374
1968,12,3,1,106,-4.6889
1968,12,3,2,112,-3.3343
1968,12,3,3,116,-4.0842
1968,12,3,4,104,-4.5129
1968,12,3,5,76,-2.2943
1969,1,1,1,101,-0.7511
1969,1,1,2,69,-2.3487
1969,1,1,3,85,-1.3048
1969,1,1,4,118,-1.2896
1969,1,1,5,225,-0.8570
1969,1,2,1,70,-0.6183
1969,1,2,2,56,-0.6698
1969,1,2,3,48,-0.6895
1969,1,2,4,63,-0.6040
1969,1,2,5,67,-3.2831
1969,1,3,1,106,-1.7007
1969,1,3,2,112,0.0162
1969,1,3,3,116,-0.1689
1969,1,3,4,103,-1.7645
1969,1,3,5,76,-0.0700
1969,2,1,1,101,-11.3372
1969,2,1,2,68,-8.7240
1969,2,1,3,85,-8.9187
1969,2,1,4,118,-8.5807
1969,2,1,5,224,-10.8461
1969,2,2,1,70,-9.7024
1969,2,2,2,56,-7.7925
1969,2,2,3,48,-7.4902
1969,2,2,4,63,-6.2755
1969,2,2,5,67,-8.4947
1969,2,3,1,106,-6.4067
1969,2,3,2,112,-6.5104
1969,2,3,3,116,-4.1630
1969,2,3,4,103,-2.8705
1969,2,3,5,76,-6.1103
1969,3,1,1,101,2.3034
1969,3,1,2,68,2.6306
1969,3,1,3,84,1.6665
1969,3,1,4,118,2.3520
1969,3,1,5,224,3.1164
1969,3,2,1,70,3.5539
1969,3,2,2,56,2.1282
1969,3,2,3,48,1.4529
1969,3,2,4,63,1.9259
1969,3,2,5,67,3.3998
1969,3,3,1,106,2.2817
1969,3,3,2,112,3.0695
1969,3,3,3,116,3.3609
1969,3,3,4,103,4.2522
1969,3,3,5,76,1.8043
1969,4,1,1,101,-0.9106
1969,4,1,2,68,-2.2745
1969,4,1,3,84,-1.5385
1969,4,1,4,118,-0.1739
1969,4,1,5,224,0.2717
1969,4,2,1,69,0.5113
1969,4,2,2,56,2.2902
1969,4,2,3,48,0.7372
1969,4,2,4,63,1.7838
1969,4,2,5,67,2.6424
1969,4,3,1,106,2.3427
1969,4,3,2,112,1.4440
1969,4,3,3,116,2.5704
1969,4,3,4,103,2.3630
1969,4,3,5,76,1.7730
1969,5,1,1,101,0.2213
1969,5,1,2,67,-0.9866
1969,5,1,3,85,0.6439
1969,5,1,4,118,3.5243
1969,5,1,5,223,1.0753
1969,5,2,1,70,-1.7705
1969,5,2,2,56,-1.0510
1969,5,2,3,47,2.0322
1969,5,2,4,63,2.6541
1969,5,2,5,67,0.0125
1969,5,3,1,105,-0.6375
1969,5,3,2,112,0.9917
1969,5,3,3,116,1.0650
1969,5,3,4,103,0.1641
1969,5,3,5,75,-1.0880
1969,6,1,1,101,-15.2842
1969,6,1,2,68,-12.9859
1969,6,1,3,85,-12.3433
1969,6,1,4,118,-12.9151
1969,6,1,5,223,-13.8891
1969,6,2,1,70,-11.9120
1969,6,2,2,56,-10.5770
1969,6,2,3,48,-10.0061
1969,6,2,4,63,-8.5787
1969,6,2,5,67,-11.4042
1969,6,3,1,106,-7.6972
1969,6,3,2,112,-7.2727
1969,6,3,3,116,-6.5682
1969,6,3,4,102,-2.8633
1969,6,3,5,74,-6.9858
1969,7,1,1,147,-12.9426
1969,7,1,2,82,-11.0236
1969,7,1,3,78,-12.3814
1969,7,1,4,128,-10.2792
1969,7,1,5,216,-10.6400
1969,7,2,1,93,-11.3014
1969,7,2,2,44,-7.2816
1969,7,2,3,69,-7.0029
1969,7,2,4,67,-8.6920
1969,7,2,5,55,-9.6382
1969,7,3,1,93,-7.4870
1969,7,3,2,119,-5.8410
1969,7,3,3,111,-5.7977
1969,7,3,4,107,-5.5668
1969,7,3,5,104,-5.6780
1969,8,1,1,147,3.7240
1969,8,1,2,81,4.2909
1969,8,1,3,78,2.8763
1969,8,1,4,128,4.5952
1969,8,1,5,215,3.7649
1969,8,2,1,93,7.0832
1969,8,2,2,44,4.5065
1969,8,2,3,69,4.4120
1969,8,2,4,67,5.0433
1969,8,2,5,55,8.2640
1969,8,3,1,93,5.9542
1969,8,3,2,119,3.3280
1969,8,3,3,111,3.6103
1969,8,3,4,107,5.4311
1969,8,3,5,104,6.7072
1969,9,1,1,147,-4.5898
1969,9,1,2,82,-4.3540
1969,9,1,3,78,-2.3267
1969,9,1,4,128,0.5494
1969,9,1,5,215,-3.5714
1969,9,2,1,92,-1.3941
1969,9,2,2,44,-2.2219
1969,9,2,3,69,-1.1604
1969,9,2,4,66,2.3539
1969,9,2,5,55,0.0023
1969,9,3,1,93,-2.5152
1969,9,3,2,119,-4.2243
1969,9,3,3,111,-3.4663
1969,9,3,4,107,-1.6013
1969,9,3,5,104,-0.6237
1969,10,1,1,147,11.4057
1969,10,1,2,82,9.9660
1969,10,1,3,78,8.1706
1969,10,1,4,128,10.0152
1969,10,1,5,215,11.1450
1969,10,2,1,92,8.7762
1969,10,2,2,44,6.2045
1969,10,2,3,69,7.5354
1969,10,2,4,65,7.7051
1969,10,2,5,55,8.3795
1969,10,3,1,92,7.1791
1969,10,3,2,119,5.6358
1969,10,3,3,111,3.6070
1969,10,3,4,107,5.2345
1969,10,3,5,104,5.3558
1969,11,1,1,147,-8.3710
1969,11,1,2,82,-2.9338
1969,11,1,3,78,-6.6496
1969,11,1,4,127,-5.6271
1969,11,1,5,215,-8.0956
1969,11,2,1,91,-5.8483
1969,11,2,2,44,-5.3942
1969,11,2,3,69,-3.5565
1969,11,2,4,66,-3.2712
1969,11,2,5,55,-5.6290
1969,11,3,1,93,-2.6000
1969,11,3,2,119,-4.7920
1969,11,3,3,111,-3.2130
1969,11,3,4,107,-3.2444
1969,11,3,5,104,-0.7846
1969,12,1,1,147,-7.3333
1969,12,1,2,82,-6.4360
1969,12,1,3,78,-9.3798
1969,12,1,4,128,-6.0514
1969,12,1,5,215,-8.7403
1969,12,2,1,90,-5.3299
1969,12,2,2,44,-3.4288
1969,12,2,3,69,-3.4329
1969,12,2,4,66,-4.1625
1969,12,2,5,55,-5.4848
1969,12,3,1,93,-2.1504
1969,12,3,2,119,-2.0927
1969,12,3,3,111,-1.3325
1969,12,3,4,107,-1.5035
1969,12,3,5,104,-0.5240
1970,1,1,1,147,-5.3704
1970,1,1,2,82,-0.7909
1970,1,1,3,78,-3.2159
1970,1,1,4,128,-2.7250
1970,1,1,5,215,-2.6896
1970,1,2,1,91,-7.8363
1970,1,2,2,44,-5.7495
1970,1,2,3,69,-3.1984
1970,1,2,4,66,-4.5481
1970,1,2,5,55,-7.1866
1970,1,3,1,93,-8.4161
1970,1,3,2,119,-9.3132
1970,1,3,3,111,-6.5622
1970,1,3,4,107,-8.0362
1970,1,3,5,104,-8.4169
1970,2,1,1,147,2.8142
1970,2,1,2,82,3.9030
1970,2,1,3,78,3.0600
1970,2,1,4,127,3.0953
1970,2,1,5,215,2.6962
1970,2,2,1,91,3.4658
1970,2,2,2,44,4.3611
1970,2,2,3,69,5.6701
1970,2,2,4,65,4.7493
1970,2,2,5,55,5.2319
1970,2,3,1,93,5.1924
1970,2,3,2,119,8.4553
1970,2,3,3,110,5.3978
1970,2,3,4,107,7.0903
1970,2,3,5,104,3.3986
1970,3,1,1,147,-4.8485
1970,3,1,2,82,-4.2544
1970,3,1,3,78,-1.4596
1970,3,1,4,127,-2.2329
1970,3,1,5,215,-2.6758
1970,3,2,1,91,-2.4592
1970,3,2,2,44,-2.0455
1970,3,2,3,69,-1.8500
1970,3,2,4,66,0.9446
1970,3,2,5,55,-3.0405
1970,3,3,1,93,-0.8842
1970,3,3,2,119,0.6726
1970,3,3,3,111,0.8097
1970,3,3,4,107,-0.1662
1970,3,3,5,104,-0.9699
1970,4,1,1,147,-19.8301
1970,4,1,2,81,-16.7807
1970,4,1,3,78,-16.1261
1970,4,1,4,127,-16.3677
1970,4,1,5,214,-17.8581
1970,4,2,1,91,-19.6921
1970,4,2,2,44,-12.6878
1970,4,2,3,69,-12.8293
1970,4,2,4,66,-12.5213
1970,4,2,5,55,-14.5368
1970,4,3,1,93,-12.8771
1970,4,3,2,119,-10.3230
1970,4,3,3,111,-7.2785
1970,4,3,4,107,-8.2144
1970,4,3,5,104,-11.6769
1970,5,1,1,146,-8.4277
1970,5,1,2,81,-9.3762
1970,5,1,3,77,-9.8648
1970,5,1,4,127,-10.5003
1970,5,1,5,214,-8.1029
1970,5,2,1,91,-12.5283
1970,5,2,2,44,-8.8119
1970,5,2,3,69,-8.6487
1970,5,2,4,66,-8.5103
1970,5,2,5,55,-9.3401
1970,5,3,1,93,-8.7344
1970,5,3,2,119,-5.8511
1970,5,3,3,111,-3.6241
1970,5,3,4,107,-6.8014
1970,5,3,5,104,-6.0811
1970,6,1,1,146,-11.3970
1970,6,1,2,81,-7.9835
1970,6,1,3,76,-7.9464
1970,6,1,4,126,-9.5736
1970,6,1,5,213,-6.5125
1970,6,2,1,91,-7.5997
1970,6,2,2,44,-6.8899
1970,6,2,3,69,-6.8868
1970,6,2,4,65,-4.7387
1970,6,2,5,53,-8.0623
1970,6,3,1,93,-6.0906
1970,6,3,2,119,-5.7677
1970,6,3,3,111,-4.2356
1970,6,3,4,107,-3.0171
1970,6,3,5,104,-7.5629
1970,7,1,1,201,2.4806
1970,7,1,2,88,5.7951
1970,7,1,3,96,4.4746
1970,7,1,4,118,5.0303
1970,7,1,5,235,6.4037
1970,7,2,1,88,6.8559
1970,7,2,2,63,7.5054
1970,7,2,3,52,8.0061
1970,7,2,4,58,7.2364
1970,7,2,5,90,7.9504
1970,7,3,1,84,6.7963
1970,7,3,2,118,6.3459
1970,7,3,3,126,9.2638
1970,7,3,4,129,6.3825
1970,7,3,5,89,10.2344
1970,8,1,1,200,6.5271
1970,8,1,2,88,6.5269
1970,8,1,3,96,6.6644
1970,8,1,4,117,6.1522
1970,8,1,5,235,6.2420
1970,8,2,1,87,5.9646
1970,8,2,2,63,5.2687
1970,8,2,3,52,8.9783
1970,8,2,4,58,6.8730
1970,8,2,5,90,7.4381
1970,8,3,1,84,6.5696
1970,8,3,2,118,5.0643
1970,8,3,3,126,5.4103
1970,8,3,4,129,4.3942
1970,8,3,5,89,3.6037
1970,9,1,1,200,18.8310
1970,9,1,2,88,9.6910
1970,9,1,3,95,15.1911
1970,9,1,4,117,14.2907
1970,9,1,5,233,14.5361
1970,9,2,1,87,14.0514
1970,9,2,2,63,10.9186
1970,9,2,3,52,8.0290
1970,9,2,4,58,9.0563
1970,9,2,5,89,11.0920
1970,9,3,1,83,7.2019
1970,9,3,2,118,3.4368
1970,9,3,3,126,2.6384
1970,9,3,4,129,3.1956
1970,9,3,5,89,4.5430
1970,10,1,1,199,-10.3076
1970,10,1,2,88,-7.7763
1970,10,1,3,95,-5.6114
1970,10,1,4,117,-7.4432
1970,10,1,5,234,-6.8283
1970,10,2,1,87,-6.0910
1970,10,2,2,62,-5.1041
1970,10,2,3,52,-4.8907
1970,10,2,4,58,-3.9420
1970,10,2,5,89,-5.7048
1970,10,3,1,83,-2.4382
1970,10,3,2,118,-1.4343
1970,10,3,3,126,-0.7184
1970,10,3,4,129,-0.8412
1970,10,3,5,89,0.2135
1970,11,1,1,197,-3.3808
1970,11,1,2,88,-0.0292
1970,11,1,3,95,-0.9789
1970,11,1,4,117,-1.3051
1970,11,1,5,233,-0.4000
1970,11,2,1,87,1.8211
1970,11,2,2,62,4.0323
1970,11,2,3,52,6.4096
1970,11,2,4,57,2.1756
1970,11,2,5,89,1.6794
1970,11,3,1,83,4.6184
1970,11,3,2,118,5.8180
1970,11,3,3,126,5.8058
1970,11,3,4,129,5.6424
1970,11,3,5,89,4.3044
1970,12,1,1,195,9.3098
1970,12,1,2,88,10.1744
1970,12,1,3,95,12.0104
1970,12,1,4,117,7.9599
1970,12,1,5,232,9.4686
1970,12,2,1,87,7.4678
1970,12,2,2,62,10.1926
1970,12,2,3,52,9.2153
1970,12,2,4,57,9.8141
1970,12,2,5,89,7.3619
1970,12,3,1,83,5.6498
1970,12,3,2,118,5.8739
1970,12,3,3,126,5.6299
1970,12,3,4,128,6.3872
1970,12,3,5,89,5.4113
1971,1,1,1,194,16.9440
1971,1,1,2,88,13.9870
1971,1,1,3,95,10.9419
1971,1,1,4,115,13.5573
1971,1,1,5,232,15.5377
1971,1,2,1,87,10.9532
1971,1,2,2,62,8.5095
1971,1,2,3,52,9.7664
1971,1,2,4,57,11.7614
1971,1,2,5,87,12.2556
1971,1,3,1,83,6.0909
1971,1,3,2,118,5.2082
1971,1,3,3,126,3.6833
1971,1,3,4,128,2.6864
1971,1,3,5,89,6.4902
1971,2,1,1,194,5.1341
1971,2,1,2,88,3.4293
1971,2,1,3,93,4.8324
1971,2,1,4,115,4.5843
1971,2,1,5,230,5.2541
1971,2,2,1,87,2.2216
1971,2,2,2,62,1.5186
1971,2,2,3,51,2.2146
1971,2,2,4,57,1.9285
1971,2,2,5,87,3.9152
1971,2,3,1,83,1.4799
1971,2,3,2,118,0.2077
1971,2,3,3,126,2.4553
1971,2,3,4,127,1.1720
1971,2,3,5,89,3.3138
1971,3,1,1,193,6.2813
1971,3,1,2,88,8.2732
1971,3,1,3,93,5.1936
1971,3,1,4,115,4.9812
1971,3,1,5,230,6.8681
1971,3,2,1,87,6.6362
1971,3,2,2,62,5.2013
1971,3,2,3,51,7.2891
1971,3,2,4,57,5.6407
1971,3,2,5,87,6.8658
1971,3,3,1,83,5.0880
1971,3,3,2,117,4.2948
1971,3,3,3,126,3.5848
1971,3,3,4,126,3.5317
1971,3,3,5,89,4.2632
1971,4,1,1,193,3.0340
1971,4,1,2,88,3.0110
1971,4,1,3,92,1.3925
1971,4,1,4,115,1.3946
1971,4,1,5,229,2.1678
1971,4,2,1,86,2.7669
1971,4,2,2,61,5.1894
1971,4,2,3,51,3.5538
1971,4,2,4,57,5.2027
1971,4,2,5,86,4.6410
1971,4,3,1,83,4.1692
1971,4,3,2,117,1.4796
1971,4,3,3,126,3.6696
1971,4,3,4,126,4.5582
1971,4,3,5,89,5.8456
1971,5,1,1,193,-7.8559
1971,5,1,2,88,-6.3380
1971,5,1,3,91,-5.8941
1971,5,1,4,114,-4.4612
1971,5,1,5,226,-6.4575
1971,5,2,1,86,-6.7309
1971,5,2,2,62,-5.3480
1971,5,2,3,51,-4.3683
1971,5,2,4,56,-4.6445
1971,5,2,5,86,-1.5188
1971,5,3,1,83,-3.6355
1971,5,3,2,117,-4.8994
1971,5,3,3,126,-2.7496
1971,5,3,4,126,-2.7645
1971,5,3,5,89,-3.7112
1971,6,1,1,190,-1.5196
1971,6,1,2,88,-0.9744
1971,6,1,3,89,-2.2857
1971,6,1,4,114,-1.9086
1971,6,1,5,225,-3.8434
1971,6,2,1,85,-1.7045
1971,6,2,2,62,0.5083
1971,6,2,3,51,0.0417
1971,6,2,4,56,-0.6017
1971,6,2,5,86,-1.6498
1971,6,3,1,83,-0.4399
1971,6,3,2,117,0.9471
1971,6,3,3,126,0.7087
1971,6,3,4,125,-0.1458
1971,6,3,5,89,1.0709
1971,7,1,1,180,-8.8150
1971,7,1,2,99,-3.6026
1971,7,1,3,109,-6.1113
1971,7,1,4,143,-6.1485
1971,7,1,5,260,-6.7196
1971,7,2,1,86,-4.7726
1971,7,2,2,59,-4.9588
1971,7,2,3,65,-2.5765
1971,7,2,4,76,-5.1745
1971,7,2,5,87,-5.3288
1971,7,3,1,121,-4.1145
1971,7,3,2,133,-3.4952
1971,7,3,3,127,-4.8156
1971,7,3,4,116,-4.0538
1971,7,3,5,74,-3.7271
1971,8,1,1,180,2.6645
1971,8,1,2,99,3.9611
1971,8,1,3,109,5.6303
1971,8,1,4,142,6.2217
1971,8,1,5,260,3.9263
1971,8,2,1,86,4.3276
1971,8,2,2,59,4.5787
1971,8,2,3,65,3.4636
1971,8,2,4,76,4.6349
1971,8,2,5,87,5.5156
1971,8,3,1,120,3.8204
1971,8,3,2,133,4.0525
1971,8,3,3,127,4.0796
1971,8,3,4,116,4.3964
1971,8,3,5,73,3.9504
1971,9,1,1,180,0.1100
1971,9,1,2,99,-2.0144
1971,9,1,3,109,-0.9057
1971,9,1,4,142,-0.9667
1971,9,1,5,260,-0.2144
1971,9,2,1,86,-0.6288
1971,9,2,2,59,-1.0715
1971,9,2,3,65,-1.5630
1971,9,2,4,75,-0.8548
1971,9,2,5,86,-0.5813
1971,9,3,1,120,-0.3305
1971,9,3,2,133,-0.9350
1971,9,3,3,127,-1.1639
1971,9,3,4,116,0.2810
1971,9,3,5,73,0.1881
1971,10,1,1,180,-8.2322
1971,10,1,2,99,-6.8458
1971,10,1,3,109,-5.9416
1971,10,1,4,142,-6.0309
1971,10,1,5,260,-6.4117
1971,10,2,1,86,-3.8985
1971,10,2,2,59,-5.4382
1971,10,2,3,65,-4.6016
1971,10,2,4,75,-6.3212
1971,10,2,5,85,-5.7732
1971,10,3,1,120,-3.6534
1971,10,3,2,133,-3.8324
1971,10,3,3,127,-3.7487
1971,10,3,4,116,-4.4525
1971,10,3,5,73,-3.5105
1971,11,1,1,180,-4.6393
1971,11,1,2,99,-3.6396
1971,11,1,3,109,-3.8775
1971,11,1,4,142,-5.6368
1971,11,1,5,260,-4.2297
1971,11,2,1,86,-2.3160
1971,11,2,2,59,-3.4449
1971,11,2,3,65,-1.3533
1971,11,2,4,75,-2.3291
1971,11,2,5,85,-1.5725
1971,11,3,1,120,0.6016
1971,11,3,2,133,-0.3250
1971,11,3,3,127,0.3736
1971,11,3,4,116,0.1258
1971,11,3,5,73,0.4038
1971,12,1,1,180,13.1287
1971,12,1,2,97,12.4839
1971,12,1,3,109,12.3103
1971,12,1,4,142,14.6513
1971,12,1,5,259,12.5769
1971,12,2,1,86,13.8491
1971,12,2,2,59,11.4934
1971,12,2,3,65,9.5295
1971,12,2,4,75,12.3381
1971,12,2,5,85,12.2830
1971,12,3,1,120,8.0707
1971,12,3,2,133,8.7681
1971,12,3,3,127,10.0331
1971,12,3,4,116,8.6438
1971,12,3,5,73,9.4139
1972,1,1,1,180,12.6125
1972,1,1,2,97,11.9317
1972,1,1,3,109,12.0937
1972,1,1,4,142,13.3803
1972,1,1,5,258,14.9942
1972,1,2,1,86,7.6576
1972,1,2,2,59,5.6262
1972,1,2,3,65,6.5573
1972,1,2,4,73,6.2760
1972,1,2,5,85,7.8427
1972,1,3,1,120,2.0211
1972,1,3,2,133,1.4047
1972,1,3,3,127,2.9087
1972,1,3,4,116,2.3766
1972,1,3,5,73,1.4729
1972,2,1,1,180,3.6523
1972,2,1,2,96,7.3338
1972,2,1,3,109,4.0253
1972,2,1,4,142,4.0400
1972,2,1,5,256,3.6813
1972,2,2,1,86,3.1931
1972,2,2,2,58,1.4670
1972,2,2,3,65,3.6582
1972,2,2,4,73,4.5450
1972,2,2,5,85,2.5451
1972,2,3,1,120,1.4709
1972,2,3,2,133,3.1138
1972,2,3,3,127,3.3081
1972,2,3,4,116,3.8490
1972,2,3,5,73,5.3396
1972,3,1,1,180,-2.4002
1972,3,1,2,96,-1.7714
1972,3,1,3,109,-0.0520
1972,3,1,4,142,-0.2899
1972,3,1,5,255,-0.0123
1972,3,2,1,86,0.7785
1972,3,2,2,58,0.7364
1972,3,2,3,65,-0.4934
1972,3,2,4,73,1.9136
1972,3,2,5,85,-1.0475
1972,3,3,1,120,0.7666
1972,3,3,2,133,0.7238
1972,3,3,3,127,1.0803
1972,3,3,4,116,-0.1206
1972,3,3,5,73,1.0647
1972,4,1,1,180,-0.6335
1972,4,1,2,96,1.0005
1972,4,1,3,108,1.6131
1972,4,1,4,141,0.4729
1972,4,1,5,253,0.6993
1972,4,2,1,86,0.5457
1972,4,2,2,58,1.1675
1972,4,2,3,65,2.5380
1972,4,2,4,73,0.3157
1972,4,2,5,85,0.7362
1972,4,3,1,120,-0.2175
1972,4,3,2,133,0.9987
1972,4,3,3,127,0.2378
1972,4,3,4,116,0.4999
1972,4,3,5,73,2.1388
1972,5,1,1,180,-2.7633
1972,5,1,2,95,-2.2673
1972,5,1,3,108,-2.0390
1972,5,1,4,140,-1.7294
1972,5,1,5,252,-1.7958
1972,5,2,1,86,-0.6579
1972,5,2,2,58,-3.7801
1972,5,2,3,65,-0.4158
1972,5,2,4,73,-1.0469
1972,5,2,5,85,-2.6831
1972,5,3,1,120,0.7623
1972,5,3,2,133,1.7089
1972,5,3,3,127,2.7769
1972,5,3,4,115,2.5149
1972,5,3,5,73,3.6755
1972,6,1,1,180,-4.0366
1972,6,1,2,95,-2.1576
1972,6,1,3,108,-3.3546
1972,6,1,4,140,-3.9975
1972,6,1,5,251,-3.5128
1972,6,2,1,86,-3.8733
1972,6,2,2,58,-4.0749
1972,6,2,3,65,-0.6809
1972,6,2,4,73,-1.9485
1972,6,2,5,85,-2.6558
1972,6,3,1,119,-2.0756
1972,6,3,2,133,-2.3060
1972,6,3,3,127,-1.7549
1972,6,3,4,115,-2.0474
1972,6,3,5,73,-1.4241
1972,7,1,1,196,-5.1385
1972,7,1,2,105,-3.4143
1972,7,1,3,144,-4.4827
1972,7,1,4,149,-1.6795
1972,7,1,5,219,-3.8990
1972,7,2,1,81,-4.8704
1972,7,2,2,81,-2.2365
1972,7,2,3,79,-2.4433
1972,7,2,4,60,-3.1241
1972,7,2,5,96,-4.0165
1972,7,3,1,124,-0.6827
1972,7,3,2,121,0.8400
1972,7,3,3,115,-0.9680
1972,7,3,4,129,0.0769
1972,7,3,5,105,0.3188
1972,8,1,1,195,-1.0249
1972,8,1,2,105,2.2596
1972,8,1,3,144,0.0990
1972,8,1,4,149,-0.0479
1972,8,1,5,216,1.0949
1972,8,2,1,81,0.1735
1972,8,2,2,81,4.1098
1972,8,2,3,79,1.7388
1972,8,2,4,60,0.9332
1972,8,2,5,95,1.8087
1972,8,3,1,124,4.1234
1972,8,3,2,121,4.2131
1972,8,3,3,115,6.1682
1972,8,3,4,129,0.9887
1972,8,3,5,105,2.6939
1972,9,1,1,195,-4.9236
1972,9,1,2,103,-4.7898
1972,9,1,3,144,-3.9453
1972,9,1,4,149,-4.4679
1972,9,1,5,217,-3.9664
1972,9,2,1,81,-1.5118
1972,9,2,2,80,-2.8770
1972,9,2,3,78,-2.2366
1972,9,2,4,60,-2.4722
1972,9,2,5,95,-3.5164
1972,9,3,1,124,1.0616
1972,9,3,2,121,-1.2807
1972,9,3,3,114,-0.6914
1972,9,3,4,129,-0.1191
1972,9,3,5,105,-0.9516
1972,10,1,1,194,-4.1357
1972,10,1,2,102,-2.0744
1972,10,1,3,143,-3.8895
1972,10,1,4,148,-0.8680
1972,10,1,5,217,-1.7744
1972,10,2,1,81,-0.1221
1972,10,2,2,80,-0.1383
1972,10,2,3,78,-0.3295
1972,10,2,4,60,-0.8027
1972,10,2,5,95,-1.6124
1972,10,3,1,124,3.2127
1972,10,3,2,121,2.3118
1972,10,3,3,114,1.3853
1972,10,3,4,129,1.0355
1972,10,3,5,105,-1.5917
1972,11,1,1,194,4.0646
1972,11,1,2,102,7.5988
1972,11,1,3,144,4.2525
1972,11,1,4,147,5.7990
1972,11,1,5,217,4.3671
1972,11,2,1,81,5.1012
1972,11,2,2,80,6.7703
1972,11,2,3,77,5.9604
1972,11,2,4,60,8.5893
1972,11,2,5,95,5.9205
1972,11,3,1,123,6.7442
1972,11,3,2,121,4.4202
1972,11,3,3,114,6.3656
1972,11,3,4,129,3.3421
1972,11,3,5,105,4.1002
1972,12,1,1,193,-3.8506
1972,12,1,2,102,-1.0912
1972,12,1,3,144,-2.6525
1972,12,1,4,147,0.5908
1972,12,1,5,217,-2.1110
1972,12,2,1,81,0.5201
1972,12,2,2,80,-1.4649
1972,12,2,3,77,-0.7934
1972,12,2,4,59,-0.9191
1972,12,2,5,95,-1.3189
1972,12,3,1,124,0.7909
1972,12,3,2,121,1.0890
1972,12,3,3,114,0.8808
1972,12,3,4,129,1.9108
1972,12,3,5,105,2.1094
1973,1,1,1,192,-4.1819
1973,1,1,2,103,-4.2142
1973,1,1,3,144,-4.5920
1973,1,1,4,147,-4.9048
1973,1,1,5,217,-1.6761
1973,1,2,1,80,-6.7904
1973,1,2,2,80,-4.0303
1973,1,2,3,77,-5.9566
1973,1,2,4,59,-5.9686
1973,1,2,5,95,-7.3722
1973,1,3,1,124,-3.4002
1973,1,3,2,121,-2.2799
1973,1,3,3,114,-0.9072
1973,1,3,4,129,-3.6854
1973,1,3,5,105,-0.2328
1973,2,1,1,192,-8.8468
1973,2,1,2,103,-4.5726
1973,2,1,3,144,-8.8579
1973,2,1,4,145,-7.5689
1973,2,1,5,217,-9.4847
1973,2,2,1,80,-7.1036
1973,2,2,2,80,-8.6279
1973,2,2,3,77,-7.2615
1973,2,2,4,59,-6.8781
1973,2,2,5,95,-8.1364
1973,2,3,1,124,-3.7380
1973,2,3,2,121,-3.2356
1973,2,3,3,114,-4.7715
1973,2,3,4,129,-3.8397
1973,2,3,5,105,-2.8329
1973,3,1,1,191,-2.8277
1973,3,1,2,103,-2.3822
1973,3,1,3,144,-2.0322
1973,3,1,4,145,-3.2889
1973,3,1,5,216,-2.0376
1973,3,2,1,80,-2.8899
1973,3,2,2,80,-3.0236
1973,3,2,3,77,-1.3776
1973,3,2,4,59,-1.9275
1973,3,2,5,95,-2.4947
1973,3,3,1,124,-0.8068
1973,3,3,2,120,-0.5647
1973,3,3,3,113,-0.0386
1973,3,3,4,129,-0.2764
1973,3,3,5,105,-0.2739
1973,4,1,1,190,-9.7376
1973,4,1,2,102,-3.9242
1973,4,1,3,143,-6.9756
1973,4,1,4,145,-6.1060
1973,4,1,5,216,-7.3786
1973,4,2,1,81,-6.4782
1973,4,2,2,80,-5.0572
1973,4,2,3,77,-4.0985
1973,4,2,4,59,-5.6249
1973,4,2,5,95,-9.6356
1973,4,3,1,123,-2.6909
1973,4,3,2,120,-4.4184
1973,4,3,3,113,-3.2323
1973,4,3,4,129,-5.4635
1973,4,3,5,105,-4.8399
1973,5,1,1,189,-9.9965
1973,5,1,2,101,-6.5960
1973,5,1,3,143,-7.7920
1973,5,1,4,145,-8.9749
1973,5,1,5,215,-8.8061
1973,5,2,1,81,-6.0815
1973,5,2,2,80,-6.6033
1973,5,2,3,77,-6.1723
1973,5,2,4,59,-9.6165
1973,5,2,5,95,-10.8850
1973,5,3,1,124,-0.9393
1973,5,3,2,120,-0.2038
1973,5,3,3,113,-2.5234
1973,5,3,4,128,-1.4104
1973,5,3,5,105,-2.1884
1973,6,1,1,187,-4.6468
1973,6,1,2,100,-3.1633
1973,6,1,3,139,-3.9089
1973,6,1,4,145,-1.9778
1973,6,1,5,214,-1.9944
1973,6,2,1,81,-3.0641
1973,6,2,2,80,-1.7866
1973,6,2,3,76,-2.4503
1973,6,2,4,59,-3.0916
1973,6,2,5,95,-4.1525
1973,6,3,1,124,-1.5495
1973,6,3,2,120,-0.7592
1973,6,3,3,113,-0.6145
1973,6,3,4,128,-1.5338
1973,6,3,5,105,-0.6101
1973,7,1,1,230,17.3946
1973,7,1,2,121,14.7683
1973,7,1,3,134,13.4987
1973,7,1,4,165,14.1226
1973,7,1,5,226,15.5925
1973,7,2,1,83,14.4862
1973,7,2,2,83,10.8742
1973,7,2,3,64,11.4923
1973,7,2,4,82,11.6194
1973,7,2,5,88,13.0631
1973,7,3,1,123,3.8224
1973,7,3,2,115,3.5356
1973,7,3,3,147,5.6746
1973,7,3,4,112,3.5704
1973,7,3,5,121,5.2083
1973,8,1,1,229,-8.5960
1973,8,1,2,121,-5.6736
1973,8,1,3,134,-5.0619
1973,8,1,4,164,-5.5888
1973,8,1,5,225,-5.9879
1973,8,2,1,83,-5.0042
1973,8,2,2,83,-3.8709
1973,8,2,3,64,-3.3502
1973,8,2,4,82,-3.3305
1973,8,2,5,88,-2.6403
1973,8,3,1,123,-1.6559
1973,8,3,2,115,-3.2065
1973,8,3,3,147,-4.9334
1973,8,3,4,112,-2.0815
1973,8,3,5,121,-3.6817
1973,9,1,1,226,10.2229
1973,9,1,2,121,8.9478
1973,9,1,3,134,9.7254
1973,9,1,4,163,8.2998
1973,9,1,5,223,9.7213
1973,9,2,1,83,11.3690
1973,9,2,2,83,11.2017
1973,9,2,3,64,9.3630
1973,9,2,4,82,12.5143
1973,9,2,5,87,11.1468
1973,9,3,1,123,7.1795
1973,9,3,2,115,7.1407
1973,9,3,3,147,9.1314
1973,9,3,4,112,4.1038
1973,9,3,5,121,-1.4065
1973,10,1,1,227,0.2811
1973,10,1,2,121,-1.6058
1973,10,1,3,134,-0.8135
1973,10,1,4,161,1.5975
1973,10,1,5,223,0.0153
1973,10,2,1,83,-2.8292
1973,10,2,2,83,1.4069
1973,10,2,3,64,-0.6736
1973,10,2,4,82,0.2889
1973,10,2,5,87,0.6379
1973,10,3,1,122,-0.6838
1973,10,3,2,115,-4.3733
1973,10,3,3,147,0.6481
1973,10,3,4,112,1.6209
1973,10,3,5,120,2.0837
1973,11,1,1,228,-21.2925
1973,11,1,2,121,-20.8276
1973,11,1,3,134,-20.1331
1973,11,1,4,161,-19.1851
1973,11,1,5,223,-20.0953
1973,11,2,1,83,-20.9709
1973,11,2,2,83,-19.7080
1973,11,2,3,64,-18.7676
1973,11,2,4,82,-17.9469
1973,11,2,5,86,-19.7416
1973,11,3,1,122,-13.3113
1973,11,3,2,115,-12.1146
1973,11,3,3,147,-11.1194
1973,11,3,4,112,-11.0197
1973,11,3,5,120,-10.9525
1973,12,1,1,227,-4.3364
1973,12,1,2,121,-5.2419
1973,12,1,3,133,-2.3414
1973,12,1,4,160,-3.3085
1973,12,1,5,223,-4.5116
1973,12,2,1,83,-0.6749
1973,12,2,2,83,-1.5259
1973,12,2,3,64,-1.0151
1973,12,2,4,80,-2.7675
1973,12,2,5,85,0.4494
1973,12,3,1,122,3.7849
1973,12,3,2,115,2.0258
1973,12,3,3,147,1.6343
1973,12,3,4,112,4.4321
1973,12,3,5,121,-3.6641
1974,1,1,1,226,18.4572
1974,1,1,2,121,16.1246
1974,1,1,3,133,16.1532
1974,1,1,4,161,16.1536
1974,1,1,5,223,16.7037
1974,1,2,1,83,9.3309
1974,1,2,2,83,11.2012
1974,1,2,3,64,11.8855
1974,1,2,4,80,9.8496
1974,1,2,5,85,8.5820
1974,1,3,1,122,-0.0777
1974,1,3,2,115,4.2176
1974,1,3,3,147,-0.1337
1974,1,3,4,112,-4.0205
1974,1,3,5,121,-0.5644
1974,2,1,1,218,-1.0809
1974,2,1,2,121,-1.4661
1974,2,1,3,133,-4.0835
1974,2,1,4,161,0.9479
1974,2,1,5,223,-1.1852
1974,2,2,1,83,0.2177
1974,2,2,2,83,2.9269
1974,2,2,3,64,0.8059
1974,2,2,4,80,2.5096
1974,2,2,5,85,0.6239
1974,2,3,1,122,0.5691
1974,2,3,2,115,1.6130
1974,2,3,3,147,0.0417
1974,2,3,4,111,-0.5505
1974,2,3,5,121,-0.5309
1974,3,1,1,217,0.8370
1974,3,1,2,121,-0.2790
1974,3,1,3,131,0.6203
1974,3,1,4,158,0.6244
1974,3,1,5,222,1.2079
1974,3,2,1,83,-0.8802
1974,3,2,2,83,-3.4738
1974,3,2,3,64,0.7646
1974,3,2,4,80,0.7879
1974,3,2,5,85,-1.0842
1974,3,3,1,122,-4.7605
1974,3,3,2,115,-3.7863
1974,3,3,3,147,-2.6066
1974,3,3,4,110,-1.2061
1974,3,3,5,121,-0.3639
1974,4,1,1,217,-5.4432
1974,4,1,2,121,-4.6075
1974,4,1,3,130,-4.9765
1974,4,1,4,158,-6.1035
1974,4,1,5,222,-4.3434
1974,4,2,1,82,-5.0494
1974,4,2,2,83,-4.6877
1974,4,2,3,64,-2.0769
1974,4,2,4,80,-4.8038
1974,4,2,5,85,-5.2917
1974,4,3,1,122,-7.9074
1974,4,3,2,115,-4.5058
1974,4,3,3,147,-2.9323
1974,4,3,4,110,-3.5373
1974,4,3,5,121,-3.2878
1974,5,1,1,217,-8.3729
1974,5,1,2,120,-7.4769
1974,5,1,3,130,-7.7297
1974,5,1,4,157,-7.7267
1974,5,1,5,222,-6.3484
1974,5,2,1,83,-9.7894
1974,5,2,2,83,-6.5311
1974,5,2,3,63,-6.2250
1974,5,2,4,78,-7.9532
1974,5,2,5,85,-6.1532
1974,5,3,1,122,-4.5049
1974,5,3,2,115,-1.1870
1974,5,3,3,147,-4.4736
1974,5,3,4,110,-2.2625
1974,5,3,5,121,-2.0380
1974,6,1,1,216,-2.5151
1974,6,1,2,118,-1.6175
1974,6,1,3,130,-3.5417
1974,6,1,4,158,-0.6666
1974,6,1,5,220,-1.7734
1974,6,2,1,82,-2.8582
1974,6,2,2,83,-2.2461
1974,6,2,3,63,0.1911
1974,6,2,4,78,-0.8445
1974,6,2,5,84,-1.4873
1974,6,3,1,122,-3.5025
1974,6,3,2,115,-1.7206
1974,6,3,3,147,-1.1398
1974,6,3,4,110,-0.5718
1974,6,3,5,121,-1.5038
1974,7,1,1,360,-5.9785
1974,7,1,2,179,-4.7667
1974,7,1,3,202,-4.7865
1974,7,1,4,242,-3.6920
1974,7,1,5,266,-5.2264
1974,7,2,1,122,-6.0457
1974,7,2,2,89,-3.9765
1974,7,2,3,103,-3.6678
1974,7,2,4,102,-4.0448
1974,7,2,5,126,-2.7029
1974,7,3,1,120,-9.2737
1974,7,3,2,147,-7.8181
1974,7,3,3,138,-8.9707
1974,7,3,4,159,-7.9975
1974,7,3,5,135,-6.4130
1974,8,1,1,358,-8.6209
1974,8,1,2,178,-7.9032
1974,8,1,3,200,-7.2314
1974,8,1,4,241,-6.5447
1974,8,1,5,265,-5.2119
1974,8,2,1,122,-7.4479
1974,8,2,2,89,-7.9447
1974,8,2,3,102,-8.1774
1974,8,2,4,102,-8.1317
1974,8,2,5,123,-7.1456
1974,8,3,1,120,-9.6013
1974,8,3,2,147,-6.3021
1974,8,3,3,138,-10.8939
1974,8,3,4,159,-8.7912
1974,8,3,5,135,-7.9058
1974,9,1,1,357,-10.3909
1974,9,1,2,178,-9.3951
1974,9,1,3,196,-7.0089
1974,9,1,4,238,-7.0389
1974,9,1,5,264,-8.1894
1974,9,2,1,121,-10.6100
1974,9,2,2,89,-8.0461
1974,9,2,3,102,-7.3528
1974,9,2,4,101,-6.4329
1974,9,2,5,124,-9.7236
1974,9,3,1,120,-15.4377
1974,9,3,2,147,-8.1716
1974,9,3,3,138,-10.5361
1974,9,3,4,159,-10.7191
1974,9,3,5,134,-14.1436
1974,10,1,1,349,10.3226
1974,10,1,2,178,7.5967
1974,10,1,3,196,8.9958
1974,10,1,4,237,8.6885
1974,10,1,5,262,9.1184
1974,10,2,1,120,9.6802
1974,10,2,2,88,8.1867
1974,10,2,3,102,8.6370
1974,10,2,4,100,10.5319
1974,10,2,5,123,12.1872
1974,10,3,1,120,19.9902
1974,10,3,2,147,13.6693
1974,10,3,3,138,16.7504
1974,10,3,4,158,16.1739
1974,10,3,5,133,19.2503
1974,11,1,1,355,-7.7365
1974,11,1,2,178,-5.2346
1974,11,1,3,195,-6.5474
1974,11,1,4,237,-5.3698
1974,11,1,5,260,-4.2749
1974,11,2,1,121,-6.5137
1974,11,2,2,88,-4.0897
1974,11,2,3,102,-3.5877
1974,11,2,4,99,-3.7501
1974,11,2,5,123,-3.6805
1974,11,3,1,120,-2.8907
1974,11,3,2,147,-4.4487
1974,11,3,3,138,-4.1119
1974,11,3,4,158,-2.8949
1974,11,3,5,133,-4.8301
1974,12,1,1,351,-8.6610
1974,12,1,2,178,-8.5685
1974,12,1,3,194,-6.0069
1974,12,1,4,235,-7.1393
1974,12,1,5,260,-8.8390
1974,12,2,1,121,-7.7138
1974,12,2,2,87,-3.0015
1974,12,2,3,101,-5.2104
1974,12,2,4,101,-5.7114
1974,12,2,5,123,-6.0864
1974,12,3,1,120,-5.3699
1974,12,3,2,146,-0.8354
1974,12,3,3,138,-1.9017
1974,12,3,4,158,-2.3748
1974,12,3,5,133,-2.6703
1975,1,1,1,350,31.4218
1975,1,1,2,178,30.9441
1975,1,1,3,194,28.6984
1975,1,1,4,234,27.4784
1975,1,1,5,260,29.0703
1975,1,2,1,120,28.6456
1975,1,2,2,87,26.6013
1975,1,2,3,101,24.9628
1975,1,2,4,101,24.2092
1975,1,2,5,121,23.6534
1975,1,3,1,119,15.4276
1975,1,3,2,147,16.0663
1975,1,3,3,138,12.1163
1975,1,3,4,158,11.9151
1975,1,3,5,133,11.0514
1975,2,1,1,347,3.3602
1975,2,1,2,178,8.0357
1975,2,1,3,194,6.5272
1975,2,1,4,233,2.8054
1975,2,1,5,257,6.2027
1975,2,2,1,120,4.9087
1975,2,2,2,87,2.9726
1975,2,2,3,100,2.7266
1975,2,2,4,101,4.9416
1975,2,2,5,121,4.8975
1975,2,3,1,119,6.8021
1975,2,3,2,147,4.0792
1975,2,3,3,138,5.5004
1975,2,3,4,158,6.0091
1975,2,3,5,133,9.8827
1975,3,1,1,346,9.9386
1975,3,1,2,178,8.6783
1975,3,1,3,194,8.4695
1975,3,1,4,232,7.0419
1975,3,1,5,259,9.1637
1975,3,2,1,120,6.3693
1975,3,2,2,87,7.8388
1975,3,2,3,100,6.8215
1975,3,2,4,101,5.5946
1975,3,2,5,121,7.6736
1975,3,3,1,118,6.0993
1975,3,3,2,147,1.3259
1975,3,3,3,138,3.0188
1975,3,3,4,158,3.6442
1975,3,3,5,133,2.2659
1975,4,1,1,345,4.5512
1975,4,1,2,178,2.0195
1975,4,1,3,194,3.9667
1975,4,1,4,231,3.1769
1975,4,1,5,258,4.5546
1975,4,2,1,120,5.4122
1975,4,2,2,87,3.0907
1975,4,2,3,100,2.3382
1975,4,2,4,101,6.4421
1975,4,2,5,121,4.8519
1975,4,3,1,118,6.8402
1975,4,3,2,147,2.3178
1975,4,3,3,138,3.9056
1975,4,3,4,158,4.9542
1975,4,3,5,133,6.7567
1975,5,1,1,343,8.0179
1975,5,1,2,177,8.2315
1975,5,1,3,193,8.9064
1975,5,1,4,231,6.7153
1975,5,1,5,257,7.7008
1975,5,2,1,120,7.8978
1975,5,2,2,86,10.6206
1975,5,2,3,100,7.4993
1975,5,2,4,101,6.3165
1975,5,2,5,121,7.9700
1975,5,3,1,118,5.1779
1975,5,3,2,147,4.6240
1975,5,3,3,138,4.9111
1975,5,3,4,158,6.8994
1975,5,3,5,133,4.8503
1975,6,1,1,339,6.5057
1975,6,1,2,177,8.7737
1975,6,1,3,192,9.3555
1975,6,1,4,229,6.9484
1975,6,1,5,259,8.6911
1975,6,2,1,120,8.9049
1975,6,2,2,85,7.1287
1975,6,2,3,100,7.1230
1975,6,2,4,101,3.7636
1975,6,2,5,121,6.7288
1975,6,3,1,118,5.9961
1975,6,3,2,147,5.3406
1975,6,3,3,137,5.9363
1975,6,3,4,158,5.9517
1975,6,3,5,133,3.4198
1975,7,1,1,420,0.0069
1975,7,1,2,258,-1.8983
1975,7,1,3,235,0.6003
1975,7,1,4,351,-1.2749
1975,7,1,5,450,-0.4894
1975,7,2,1,151,-3.9216
1975,7,2,2,101,-3.2973
1975,7,2,3,115,-3.7300
1975,7,2,4,126,-2.9059
1975,7,2,5,153,-3.7199
1975,7,3,1,144,-7.2854
1975,7,3,2,159,-5.3101
1975,7,3,3,154,-6.5242
1975,7,3,4,129,-7.0786
1975,7,3,5,132,-5.8455
1975,8,1,1,417,-6.8473
1975,8,1,2,258,-5.9569
1975,8,1,3,235,-5.3060
1975,8,1,4,350,-6.2119
1975,8,1,5,448,-6.4311
1975,8,2,1,151,-5.7353
1975,8,2,2,101,-3.8956
1975,8,2,3,115,-2.3109
1975,8,2,4,126,-4.8095
1975,8,2,5,153,-4.0945
1975,8,3,1,144,-2.8168
1975,8,3,2,158,-1.8247
1975,8,3,3,154,-2.0232
1975,8,3,4,129,-0.7472
1975,8,3,5,132,-1.1095
1975,9,1,1,418,-3.4153
1975,9,1,2,258,-2.9705
1975,9,1,3,234,-3.2443
1975,9,1,4,350,-3.9023
1975,9,1,5,448,-2.7731
1975,9,2,1,151,-4.0891
1975,9,2,2,101,-4.8104
1975,9,2,3,115,-3.1021
1975,9,2,4,123,-4.1037
1975,9,2,5,153,-2.7735
1975,9,3,1,144,-5.9092
1975,9,3,2,158,-2.7545
1975,9,3,3,154,-3.8220
1975,9,3,4,129,-3.4508
1975,9,3,5,131,-0.9991
1975,10,1,1,417,2.7218
1975,10,1,2,257,2.8387
1975,10,1,3,231,0.5816
1975,10,1,4,349,1.9401
1975,10,1,5,446,2.3008
1975,10,2,1,150,1.3545
1975,10,2,2,101,5.0374
1975,10,2,3,115,3.7045
1975,10,2,4,124,1.6688
1975,10,2,5,152,2.7466
1975,10,3,1,144,7.4045
1975,10,3,2,158,7.0641
1975,10,3,3,154,7.7448
1975,10,3,4,129,5.1034
1975,10,3,5,131,4.2102
1975,11,1,1,417,2.8991
1975,11,1,2,258,1.4974
1975,11,1,3,231,2.9574
1975,11,1,4,350,3.3872
1975,11,1,5,441,2.4964
1975,11,2,1,150,2.1124
1975,11,2,2,101,2.5089
1975,11,2,3,114,3.4377
1975,11,2,4,124,3.3810
1975,11,2,5,152,3.2194
1975,11,3,1,144,2.7928
1975,11,3,2,156,3.1021
1975,11,3,3,154,3.9432
1975,11,3,4,129,1.7922
1975,11,3,5,131,2.4312
1975,12,1,1,416,-1.5949
1975,12,1,2,257,-0.9588
1975,12,1,3,232,-1.8525
1975,12,1,4,349,-1.0171
1975,12,1,5,436,-0.8161
1975,12,2,1,149,-2.8041
1975,12,2,2,101,-0.6283
1975,12,2,3,114,-1.7186
1975,12,2,4,123,-0.4009
1975,12,2,5,152,-0.4188
1975,12,3,1,144,-1.2064
1975,12,3,2,158,-0.2168
1975,12,3,3,154,-1.9939
1975,12,3,4,129,-1.5597
1975,12,3,5,131,-0.2503
1976,1,1,1,414,24.1783
1976,1,1,2,255,20.9507
1976,1,1,3,231,22.8134
1976,1,1,4,345,21.7736
1976,1,1,5,437,21.6326
1976,1,2,1,148,18.9843
1976,1,2,2,100,18.1437
1976,1,2,3,114,17.5629
1976,1,2,4,123,18.5957
1976,1,2,5,151,17.7818
1976,1,3,1,144,14.6667
1976,1,3,2,158,11.3728
1976,1,3,3,154,11.2098
1976,1,3,4,129,9.6116
1976,1,3,5,130,14.7171
1976,2,1,1,404,11.1012
1976,2,1,2,244,11.6885
1976,2,1,3,222,11.5424
1976,2,1,4,331,11.3564
1976,2,1,5,420,12.8964
1976,2,2,1,147,7.7187
1976,2,2,2,100,6.4908
1976,2,2,3,114,6.2389
1976,2,2,4,123,7.9247
1976,2,2,5,149,6.5120
1976,2,3,1,144,-0.0476
1976,2,3,2,157,-0.9476
1976,2,3,3,154,-1.1338
1976,2,3,4,129,0.5553
1976,2,3,5,131,0.1465
1976,3,1,1,410,3.3106
1976,3,1,2,255,1.0171
1976,3,1,3,231,-0.2350
1976,3,1,4,342,2.2581
1976,3,1,5,437,1.1188
1976,3,2,1,147,0.3515
1976,3,2,2,100,2.6185
1976,3,2,3,114,1.9398
1976,3,2,4,123,1.7491
1976,3,2,5,150,1.8245
1976,3,3,1,144,1.4699
1976,3,3,2,158,3.5922
1976,3,3,3,154,3.0238
1976,3,3,4,129,2.9095
1976,3,3,5,129,2.5515
1976,4,1,1,398,-2.0433
1976,4,1,2,249,-0.5086
1976,4,1,3,223,-1.5748
1976,4,1,4,339,-1.5092
1976,4,1,5,429,-1.5586
1976,4,2,1,145,-1.0829
1976,4,2,2,100,0.6259
1976,4,2,3,114,-1.3927
1976,4,2,4,122,-0.9519
1976,4,2,5,150,-1.2416
1976,4,3,1,144,-0.7287
1976,4,3,2,158,-0.2729
1976,4,3,3,154,-1.7907
1976,4,3,4,129,-0.7947
1976,4,3,5,129,-0.5758
1976,5,1,1,404,-3.1043
1976,5,1,2,253,-1.4967
1976,5,1,3,225,-2.1551
1976,5,1,4,344,-3.1690
1976,5,1,5,431,-4.0565
1976,5,2,1,145,-1.5173
1976,5,2,2,99,-2.0931
1976,5,2,3,114,-2.0627
1976,5,2,4,120,-1.6446
1976,5,2,5,150,-0.6085
1976,5,3,1,144,-1.2464
1976,5,3,2,158,-1.3582
1976,5,3,3,153,-2.4845
1976,5,3,4,129,-0.3255
1976,5,3,5,129,2.3389
1976,6,1,1,403,4.2572
1976,6,1,2,251,3.0059
1976,6,1,3,226,1.4508
1976,6,1,4,343,2.5484
1976,6,1,5,429,2.7995
1976,6,2,1,145,6.0256
1976,6,2,2,100,6.1207
1976,6,2,3,114,3.7362
1976,6,2,4,119,4.4877
1976,6,2,5,150,3.8419
1976,6,3,1,142,3.2435
1976,6,3,2,158,3.8309
1976,6,3,3,152,4.4620
1976,6,3,4,129,3.9741
1976,6,3,5,129,6.2756
1976,7,1,1,447,-0.7037
1976,7,1,2,306,0.5359
1976,7,1,3,351,-0.7136
1976,7,1,4,420,0.0156
1976,7,1,5,489,0.4138
1976,7,2,1,143,-0.5668
1976,7,2,2,104,1.2925
1976,7,2,3,119,0.2928
1976,7,2,4,141,1.8506
1976,7,2,5,140,-1.1975
1976,7,3,1,155,-2.7124
1976,7,3,2,162,-0.3971
1976,7,3,3,141,-0.1608
1976,7,3,4,127,-0.3256
1976,7,3,5,129,-0.8144
1976,8,1,1,446,-2.9203
1976,8,1,2,303,-2.1615
1976,8,1,3,349,-0.9959
1976,8,1,4,419,-1.6312
1976,8,1,5,488,-2.1714
1976,8,2,1,143,-3.0754
1976,8,2,2,104,-1.4252
1976,8,2,3,118,-2.3153
1976,8,2,4,139,-2.0084
1976,8,2,5,140,-2.7254
1976,8,3,1,155,0.0958
1976,8,3,2,162,0.6103
1976,8,3,3,141,0.0549
1976,8,3,4,127,0.4821
1976,8,3,5,128,-1.5149
1976,9,1,1,418,1.8013
1976,9,1,2,264,0.9419
1976,9,1,3,306,2.1468
1976,9,1,4,360,0.9672
1976,9,1,5,453,2.4793
1976,9,2,1,143,3.6178
1976,9,2,2,103,2.8220
1976,9,2,3,115,2.4969
1976,9,2,4,132,2.8282
1976,9,2,5,136,4.0872
1976,9,3,1,154,3.1740
1976,9,3,2,162,1.6792
1976,9,3,3,140,3.1736
1976,9,3,4,127,2.9407
1976,9,3,5,128,3.2939
1976,10,1,1,443,-2.6738
1976,10,1,2,301,-2.3371
1976,10,1,3,348,-2.8400
1976,10,1,4,417,-1.7579
1976,10,1,5,480,-2.2835
1976,10,2,1,143,-3.0354
1976,10,2,2,103,-2.2613
1976,10,2,3,118,-1.5002
1976,10,2,4,137,-1.4725
1976,10,2,5,137,-3.1411
1976,10,3,1,155,-2.5792
1976,10,3,2,161,-0.9391
1976,10,3,3,141,-2.1929
1976,10,3,4,127,-3.3028
1976,10,3,5,127,-2.9049
1976,11,1,1,443,3.4791
1976,11,1,2,297,2.0199
1976,11,1,3,346,3.2874
1976,11,1,4,409,2.6161
1976,11,1,5,478,3.9056
1976,11,2,1,143,3.7531
1976,11,2,2,101,3.6766
1976,11,2,3,118,2.9090
1976,11,2,4,135,3.8480
1976,11,2,5,135,4.9155
1976,11,3,1,155,0.0015
1976,11,3,2,161,1.1811
1976,11,3,3,140,0.5774
1976,11,3,4,127,-0.6630
1976,11,3,5,127,0.4309
1976,12,1,1,442,8.9565
1976,12,1,2,300,10.4167
1976,12,1,3,345,9.9804
1976,12,1,4,415,9.5052
1976,12,1,5,478,10.1244
1976,12,2,1,142,8.2611
1976,12,2,2,102,9.2132
1976,12,2,3,118,9.0136
1976,12,2,4,137,10.4540
1976,12,2,5,137,9.3381
1976,12,3,1,155,4.6530
1976,12,3,2,161,4.8080
1976,12,3,3,141,5.2875
1976,12,3,4,127,5.1369
1976,12,3,5,127,7.3156
1977,1,1,1,439,5.1145
1977,1,1,2,298,3.6525
1977,1,1,3,344,5.3394
1977,1,1,4,413,4.5697
1977,1,1,5,476,3.0314
1977,1,2,1,142,2.2582
1977,1,2,2,102,1.0117
1977,1,2,3,118,1.3963
1977,1,2,4,133,0.5196
1977,1,2,5,137,1.1412
1977,1,3,1,155,-6.2929
1977,1,3,2,161,-3.8722
1977,1,3,3,140,-2.6774
1977,1,3,4,127,-4.1565
1977,1,3,5,127,-5.3843
1977,2,1,1,433,-1.3059
1977,2,1,2,293,2.1361
1977,2,1,3,335,-1.1350
1977,2,1,4,406,0.2893
1977,2,1,5,472,-0.2207
1977,2,2,1,136,-1.5145
1977,2,2,2,102,-1.2632
1977,2,2,3,117,-1.3844
1977,2,2,4,131,0.3846
1977,2,2,5,137,-1.4699
1977,2,3,1,154,-2.0595
1977,2,3,2,161,-1.4354
1977,2,3,3,140,-2.7785
1977,2,3,4,127,-0.2497
1977,2,3,5,125,-2.2192
1977,3,1,1,437,0.7337
1977,3,1,2,293,0.8802
1977,3,1,3,341,1.7572
1977,3,1,4,408,0.6346
1977,3,1,5,476,1.1237
1977,3,2,1,139,0.7518
1977,3,2,2,102,0.9468
1977,3,2,3,117,1.1384
1977,3,2,4,131,-0.9032
1977,3,2,5,137,0.0210
1977,3,3,1,154,-0.6479
1977,3,3,2,159,-2.0906
1977,3,3,3,140,-0.7363
1977,3,3,4,127,-0.9132
1977,3,3,5,125,-1.4325
1977,4,1,1,435,1.7222
1977,4,1,2,291,1.1243
1977,4,1,3,339,1.0017
1977,4,1,4,405,2.3549
1977,4,1,5,473,2.3333
1977,4,2,1,139,-0.7227
1977,4,2,2,102,1.7906
1977,4,2,3,117,3.3816
1977,4,2,4,131,1.7914
1977,4,2,5,137,2.2401
1977,4,3,1,154,0.2573
1977,4,3,2,158,0.4261
1977,4,3,3,140,0.6872
1977,4,3,4,126,-2.2166
1977,4,3,5,124,2.3559
1977,5,1,1,434,-0.2917
1977,5,1,2,293,0.3303
1977,5,1,3,339,-0.1332
1977,5,1,4,403,1.2117
1977,5,1,5,472,0.1910
1977,5,2,1,139,0.6408
1977,5,2,2,102,-0.7018
1977,5,2,3,117,0.2977
1977,5,2,4,131,0.0875
1977,5,2,5,137,-0.9161
1977,5,3,1,154,-2.3069
1977,5,3,2,158,-0.9699
1977,5,3,3,140,-1.0658
1977,5,3,4,127,-1.7748
1977,5,3,5,124,-0.4085
1977,6,1,1,435,7.6306
1977,6,1,2,292,5.5760
1977,6,1,3,338,5.7765
1977,6,1,4,402,6.2754
1977,6,1,5,467,6.5850
1977,6,2,1,134,8.9200
1977,6,2,2,102,6.1916
1977,6,2,3,117,6.4907
1977,6,2,4,129,5.7907
1977,6,2,5,137,9.0492
1977,6,3,1,154,4.1631
1977,6,3,2,158,3.0786
1977,6,3,3,140,5.7897
1977,6,3,4,127,6.2613
1977,6,3,5,124,5.2768
1977,7,1,1,533,0.4858
1977,7,1,2,308,0.9355
1977,7,1,3,411,1.4748
1977,7,1,4,331,0.4153
1977,7,1,5,438,0.0746
1977,7,2,1,122,-2.0091
1977,7,2,2,117,-1.0183
1977,7,2,3,125,-0.2946
1977,7,2,4,121,0.4744
1977,7,2,5,127,-1.2795
1977,7,3,1,142,-3.0384
1977,7,3,2,147,-1.4382
1977,7,3,3,146,-0.9494
1977,7,3,4,140,-1.8343
1977,7,3,5,140,-1.1288
1977,8,1,1,531,-0.3289
1977,8,1,2,307,-1.6928
1977,8,1,3,410,-1.1572
1977,8,1,4,329,-1.6374
1977,8,1,5,436,0.0725
1977,8,2,1,121,-2.0761
1977,8,2,2,116,-1.7365
1977,8,2,3,124,-0.7156
1977,8,2,4,120,-0.2121
1977,8,2,5,126,0.4095
1977,8,3,1,142,-2.7711
1977,8,3,2,145,-2.2384
1977,8,3,3,146,-2.5941
1977,8,3,4,140,-0.0231
1977,8,3,5,139,0.5285
1977,9,1,1,531,1.6741
1977,9,1,2,304,0.7900
1977,9,1,3,409,2.3473
1977,9,1,4,328,0.6482
1977,9,1,5,433,1.8075
1977,9,2,1,120,-0.4796
1977,9,2,2,114,1.6875
1977,9,2,3,124,1.1717
1977,9,2,4,119,2.5086
1977,9,2,5,125,1.2849
1977,9,3,1,142,0.1494
1977,9,3,2,144,1.0344
1977,9,3,3,145,-0.3666
1977,9,3,4,140,0.1259
1977,9,3,5,139,-1.5205
1977,10,1,1,528,-2.8019
1977,10,1,2,304,-2.0419
1977,10,1,3,404,-2.8108
1977,10,1,4,327,-2.6353
1977,10,1,5,430,-1.5125
1977,10,2,1,120,-2.9855
1977,10,2,2,114,-2.2651
1977,10,2,3,124,-2.6658
1977,10,2,4,118,-2.6181
1977,10,2,5,126,-3.3636
1977,10,3,1,142,-4.2588
1977,10,3,2,144,-4.3424
1977,10,3,3,145,-4.0353
1977,10,3,4,139,-4.0515
1977,10,3,5,138,-3.0493
1977,11,1,1,527,7.1375
1977,11,1,2,304,8.3182
1977,11,1,3,401,8.2531
1977,11,1,4,323,9.0522
1977,11,1,5,428,9.8132
1977,11,2,1,120,7.7900
1977,11,2,2,113,7.5611
1977,11,2,3,124,7.9856
1977,11,2,4,117,8.2582
1977,11,2,5,124,9.0050
1977,11,3,1,142,3.6597
1977,11,3,2,143,3.1254
1977,11,3,3,145,4.3129
1977,11,3,4,139,3.5549
1977,11,3,5,137,5.0329
1977,12,1,1,529,3.8931
1977,12,1,2,302,2.2184
1977,12,1,3,402,1.8346
1977,12,1,4,325,2.4026
1977,12,1,5,424,3.2193
1977,12,2,1,120,2.5105
1977,12,2,2,113,1.7265
1977,12,2,3,124,0.5833
1977,12,2,4,116,1.6541
1977,12,2,5,124,1.8457
1977,12,3,1,141,-0.0986
1977,12,3,2,144,0.6628
1977,12,3,3,145,-0.0504
1977,12,3,4,139,1.1070
1977,12,3,5,137,1.0057
1978,1,1,1,524,-1.7860
1978,1,1,2,297,-1.6111
1978,1,1,3,401,-1.1396
1978,1,1,4,324,-0.7408
1978,1,1,5,422,-1.7073
1978,1,2,1,120,-3.2328
1978,1,2,2,113,-4.1434
1978,1,2,3,124,-3.5769
1978,1,2,4,115,-4.8198
1978,1,2,5,123,-4.9875
1978,1,3,1,140,-5.8892
1978,1,3,2,144,-5.3960
1978,1,3,3,145,-6.4604
1978,1,3,4,138,-6.0381
1978,1,3,5,137,-5.4396
1978,2,1,1,519,2.9210
1978,2,1,2,293,3.8888
1978,2,1,3,397,2.6269
1978,2,1,4,322,3.3581
1978,2,1,5,417,4.3945
1978,2,2,1,120,1.0567
1978,2,2,2,112,-0.2540
1978,2,2,3,121,3.0670
1978,2,2,4,115,2.3413
1978,2,2,5,123,2.3104
1978,2,3,1,140,-2.5265
1978,2,3,2,143,-0.5822
1978,2,3,3,145,-0.8690
1978,2,3,4,138,-1.6179
1978,2,3,5,137,-2.4039
1978,3,1,1,518,7.4116
1978,3,1,2,292,6.8900
1978,3,1,3,395,7.7413
1978,3,1,4,319,8.7141
1978,3,1,5,415,8.9604
1978,3,2,1,120,4.4081
1978,3,2,2,112,5.2694
1978,3,2,3,121,5.9375
1978,3,2,4,115,7.9218
1978,3,2,5,123,7.0611
1978,3,3,1,140,2.7629
1978,3,3,2,143,2.5312
1978,3,3,3,144,3.3847
1978,3,3,4,138,4.0013
1978,3,3,5,137,0.9653
1978,4,1,1,515,8.7294
1978,4,1,2,290,8.0604
1978,4,1,3,391,8.1645
1978,4,1,4,317,8.1546
1978,4,1,5,412,8.0392
1978,4,2,1,119,6.1389
1978,4,2,2,112,6.5765
1978,4,2,3,121,7.9940
1978,4,2,4,115,7.6529
1978,4,2,5,123,10.2656
1978,4,3,1,140,6.5844
1978,4,3,2,143,6.0233
1978,4,3,3,144,8.1657
1978,4,3,4,138,10.9090
1978,4,3,5,137,11.0871
1978,5,1,1,511,7.9493
1978,5,1,2,289,7.6914
1978,5,1,3,391,6.2686
1978,5,1,4,318,9.4613
1978,5,1,5,412,7.6044
1978,5,2,1,116,6.9737
1978,5,2,2,112,5.3834
1978,5,2,3,120,5.5582
1978,5,2,4,114,5.8303
1978,5,2,5,121,6.6313
1978,5,3,1,140,1.1476
1978,5,3,2,143,1.3200
1978,5,3,3,144,1.6484
1978,5,3,4,138,2.2685
1978,5,3,5,136,1.9907
1978,6,1,1,509,0.8265
1978,6,1,2,288,-0.4717
1978,6,1,3,390,0.3411
1978,6,1,4,315,1.6861
1978,6,1,5,405,-0.8316
1978,6,2,1,117,0.4307
1978,6,2,2,110,1.4300
1978,6,2,3,120,1.0875
1978,6,2,4,114,-1.7429
1978,6,2,5,120,-2.5149
1978,6,3,1,140,-1.4290
1978,6,3,2,143,-2.5389
1978,6,3,3,143,-2.1796
1978,6,3,4,137,-0.7824
1978,6,3,5,134,-0.0391
1978,7,1,1,546,5.3856
1978,7,1,2,306,5.4323
1978,7,1,3,255,5.5741
1978,7,1,4,274,5.9146
1978,7,1,5,556,5.3887
1978,7,2,1,154,5.4923
1978,7,2,2,111,5.8530
1978,7,2,3,114,6.6622
1978,7,2,4,128,6.0280
1978,7,2,5,131,8.2641
1978,7,3,1,122,4.6862
1978,7,3,2,151,6.0722
1978,7,3,3,138,5.6931
1978,7,3,4,142,4.6549
1978,7,3,5,148,7.4013
1978,8,1,1,541,8.3477
1978,8,1,2,300,8.3914
1978,8,1,3,251,8.9371
1978,8,1,4,272,8.3778
1978,8,1,5,554,10.4769
1978,8,2,1,154,9.1668
1978,8,2,2,110,8.9179
1978,8,2,3,113,8.2343
1978,8,2,4,128,7.0957
1978,8,2,5,130,7.5964
1978,8,3,1,122,4.1319
1978,8,3,2,151,3.3661
1978,8,3,3,138,3.1149
1978,8,3,4,141,3.4918
1978,8,3,5,148,4.0253
1978,9,1,1,539,0.0307
1978,9,1,2,296,-1.1849
1978,9,1,3,251,-1.4991
1978,9,1,4,270,-0.7128
1978,9,1,5,550,0.3162
1978,9,2,1,153,-1.6947
1978,9,2,2,109,-1.1664
1978,9,2,3,113,-1.2521
1978,9,2,4,124,-2.5075
1978,9,2,5,131,-1.3550
1978,9,3,1,122,0.7580
1978,9,3,2,149,-2.0564
1978,9,3,3,138,0.2597
1978,9,3,4,139,-0.5616
1978,9,3,5,146,-1.5916
1978,10,1,1,535,-24.5390
1978,10,1,2,297,-22.5812
1978,10,1,3,252,-21.1703
1978,10,1,4,268,-22.1038
1978,10,1,5,544,-23.8514
1978,10,2,1,152,-23.3834
1978,10,2,2,110,-18.7933
1978,10,2,3,112,-17.4600
1978,10,2,4,123,-17.9290
1978,10,2,5,131,-21.6068
1978,10,3,1,122,-11.2044
1978,10,3,2,149,-8.7941
1978,10,3,3,138,-9.1726
1978,10,3,4,139,-8.2588
1978,10,3,5,147,-12.4191
1978,11,1,1,534,7.8479
1978,11,1,2,294,5.1836
1978,11,1,3,251,5.3167
1978,11,1,4,267,6.8136
1978,11,1,5,544,6.9851
1978,11,2,1,152,8.8525
1978,11,2,2,110,6.9377
1978,11,2,3,111,4.8981
1978,11,2,4,123,6.0345
1978,11,2,5,128,7.5197
1978,11,3,1,122,3.9076
1978,11,3,2,149,2.1565
1978,11,3,3,138,3.1899
1978,11,3,4,138,3.2687
1978,11,3,5,147,3.5400
1978,12,1,1,529,2.3967
1978,12,1,2,293,1.2195
1978,12,1,3,251,-0.2151
1978,12,1,4,267,1.0162
1978,12,1,5,538,3.2539
1978,12,2,1,152,1.8913
1978,12,2,2,110,2.4242
1978,12,2,3,111,3.6941
1978,12,2,4,121,2.1200
1978,12,2,5,129,1.9822
1978,12,3,1,122,1.1773
1978,12,3,2,147,2.3331
1978,12,3,3,137,0.2131
1978,12,3,4,138,1.9584
1978,12,3,5,147,1.7875
1979,1,1,1,526,10.3662
1979,1,1,2,292,10.9116
1979,1,1,3,248,10.3044
1979,1,1,4,267,9.4254
1979,1,1,5,534,10.0102
1979,1,2,1,150,7.6491
1979,1,2,2,110,8.5398
1979,1,2,3,111,5.8400
1979,1,2,4,121,8.6635
1979,1,2,5,128,7.9439
1979,1,3,1,122,4.3812
1979,1,3,2,147,5.3292
1979,1,3,3,137,4.6939
1979,1,3,4,138,3.9878
1979,1,3,5,146,3.7090
1979,2,1,1,522,-3.4031
1979,2,1,2,289,-2.2960
1979,2,1,3,248,-3.3506
1979,2,1,4,266,-1.9322
1979,2,1,5,527,-1.8968
1979,2,2,1,148,-2.9884
1979,2,2,2,107,-1.8172
1979,2,2,3,108,-2.5795
1979,2,2,4,121,-2.9880
1979,2,2,5,128,-2.8510
1979,2,3,1,121,-2.0238
1979,2,3,2,146,-2.5928
1979,2,3,3,137,-3.0024
1979,2,3,4,138,-2.9097
1979,2,3,5,146,-4.1906
1979,3,1,1,519,9.1678
1979,3,1,2,287,9.6046
1979,3,1,3,247,6.8589
1979,3,1,4,263,7.5949
1979,3,1,5,526,10.2658
1979,3,2,1,146,11.2998
1979,3,2,2,104,9.4585
1979,3,2,3,108,9.0211
1979,3,2,4,121,10.0022
1979,3,2,5,127,10.4867
1979,3,3,1,120,6.6158
1979,3,3,2,145,5.9289
1979,3,3,3,137,6.0603
1979,3,3,4,138,3.8963
1979,3,3,5,143,7.6768
1979,4,1,1,519,2.4172
1979,4,1,2,286,4.0574
1979,4,1,3,244,3.0709
1979,4,1,4,262,2.0485
1979,4,1,5,523,2.9651
1979,4,2,1,146,2.5939
1979,4,2,2,104,2.4456
1979,4,2,3,108,1.3626
1979,4,2,4,120,2.6773
1979,4,2,5,126,2.4567
1979,4,3,1,120,1.4596
1979,4,3,2,146,-0.2475
1979,4,3,3,137,0.6377
1979,4,3,4,138,-0.4215
1979,4,3,5,143,0.8634
1979,5,1,1,515,-1.6531
1979,5,1,2,282,-1.0423
1979,5,1,3,244,-0.6818
1979,5,1,4,261,-0.5408
1979,5,1,5,522,-1.8844
1979,5,2,1,144,-1.1304
1979,5,2,2,104,-0.9641
1979,5,2,3,107,-2.3377
1979,5,2,4,120,-0.5123
1979,5,2,5,125,-1.8218
1979,5,3,1,120,-1.3397
1979,5,3,2,146,-1.2330
1979,5,3,3,137,-1.8901
1979,5,3,4,138,-1.6282
1979,5,3,5,143,-2.4760
1979,6,1,1,513,4.5501
1979,6,1,2,282,4.9025
1979,6,1,3,243,3.0782
1979,6,1,4,260,7.9664
1979,6,1,5,517,5.5502
1979,6,2,1,143,6.0063
1979,6,2,2,104,5.1087
1979,6,2,3,106,5.9648
1979,6,2,4,120,4.2232
1979,6,2,5,125,5.2032
1979,6,3,1,120,6.1277
1979,6,3,2,145,2.6127
1979,6,3,3,137,4.6956
1979,6,3,4,137,3.5193
1979,6,3,5,143,4.3643
1979,7,1,1,477,1.3444
1979,7,1,2,298,2.4257
1979,7,1,3,257,4.6465
1979,7,1,4,331,1.7542
1979,7,1,5,492,3.3399
1979,7,2,1,176,1.8724
1979,7,2,2,87,4.1015
1979,7,2,3,119,3.4015
1979,7,2,4,110,3.3420
1979,7,2,5,138,3.8451
1979,7,3,1,114,2.2304
1979,7,3,2,160,-0.0046
1979,7,3,3,139,1.4127
1979,7,3,4,143,1.1017
1979,7,3,5,132,2.3202
1979,8,1,1,473,8.6915
1979,8,1,2,297,6.8988
1979,8,1,3,257,8.4047
1979,8,1,4,329,8.2574
1979,8,1,5,488,7.7741
1979,8,2,1,173,7.7250
1979,8,2,2,87,6.8980
1979,8,2,3,119,8.6021
1979,8,2,4,107,8.0468
1979,8,2,5,135,9.8535
1979,8,3,1,113,7.9851
1979,8,3,2,160,5.0038
1979,8,3,3,139,5.9055
1979,8,3,4,143,6.1737
1979,8,3,5,131,7.4420
1979,9,1,1,469,-2.1723
1979,9,1,2,297,-0.3989
1979,9,1,3,252,0.4156
1979,9,1,4,328,-0.3814
1979,9,1,5,482,-0.0159
1979,9,2,1,173,0.8526
1979,9,2,2,87,-1.3165
1979,9,2,3,119,-0.0784
1979,9,2,4,108,0.9382
1979,9,2,5,133,-0.6952
1979,9,3,1,113,-0.6296
1979,9,3,2,160,-2.0853
1979,9,3,3,138,0.5996
1979,9,3,4,143,2.2262
1979,9,3,5,130,-0.7243
1979,10,1,1,466,-11.2685
1979,10,1,2,295,-10.7105
1979,10,1,3,250,-10.2223
1979,10,1,4,323,-10.3605
1979,10,1,5,482,-10.2818
1979,10,2,1,171,-9.3366
1979,10,2,2,87,-9.8850
1979,10,2,3,119,-10.5989
1979,10,2,4,108,-9.9199
1979,10,2,5,132,-10.4518
1979,10,3,1,113,-7.0763
1979,10,3,2,160,-8.3679
1979,10,3,3,138,-4.9598
1979,10,3,4,143,-5.8449
1979,10,3,5,128,-6.4947
1979,11,1,1,466,9.2040
1979,11,1,2,294,7.8592
1979,11,1,3,252,7.0702
1979,11,1,4,317,8.1968
1979,11,1,5,483,7.0507
1979,11,2,1,172,10.6199
1979,11,2,2,87,7.3334
1979,11,2,3,119,8.1542
1979,11,2,4,108,7.0996
1979,11,2,5,132,9.5357
1979,11,3,1,113,8.9986
1979,11,3,2,160,6.3909
1979,11,3,3,138,4.9704
1979,11,3,4,143,3.6584
1979,11,3,5,128,7.2337
1979,12,1,1,463,7.4607
1979,12,1,2,287,7.1779
1979,12,1,3,250,7.0590
1979,12,1,4,320,6.8967
1979,12,1,5,481,9.2103
1979,12,2,1,171,7.4453
1979,12,2,2,87,3.7764
1979,12,2,3,119,5.0100
1979,12,2,4,107,5.2884
1979,12,2,5,132,6.9331
1979,12,3,1,113,3.4571
1979,12,3,2,160,1.7113
1979,12,3,3,137,0.6277
1979,12,3,4,140,2.3488
1979,12,3,5,128,3.7640
1980,1,1,1,460,11.3387
1980,1,1,2,284,9.9597
1980,1,1,3,248,11.0363
1980,1,1,4,318,8.9991
1980,1,1,5,477,12.0114
1980,1,2,1,170,9.2520
1980,1,2,2,87,6.5313
1980,1,2,3,119,6.0196
1980,1,2,4,105,6.2291
1980,1,2,5,128,6.7162
1980,1,3,1,113,5.6454
1980,1,3,2,160,4.7344
1980,1,3,3,136,4.8690
1980,1,3,4,139,9.5725
1980,1,3,5,128,6.1136
1980,2,1,1,453,-0.1653
1980,2,1,2,284,-1.7267
1980,2,1,3,243,-1.5238
1980,2,1,4,314,-1.5949
1980,2,1,5,471,-1.1818
1980,2,2,1,168,0.0072
1980,2,2,2,87,-2.7093
1980,2,2,3,119,-1.0147
1980,2,2,4,104,-2.5275
1980,2,2,5,127,-4.0036
1980,2,3,1,112,0.1944
1980,2,3,2,160,-3.6162
1980,2,3,3,135,5.4217
1980,2,3,4,137,0.1143
1980,2,3,5,127,-3.6782
1980,3,1,1,453,-20.9856
1980,3,1,2,283,-18.1399
1980,3,1,3,241,-16.8558
1980,3,1,4,307,-18.5803
1980,3,1,5,473,-18.9049
1980,3,2,1,167,-20.5273
1980,3,2,2,87,-15.0096
1980,3,2,3,119,-16.2789
1980,3,2,4,102,-16.6050
1980,3,2,5,127,-16.5610
1980,3,3,1,112,-12.5408
1980,3,3,2,160,-10.2508
1980,3,3,3,135,-10.1358
1980,3,3,4,137,-11.4579
1980,3,3,5,126,-9.4119
1980,4,1,1,450,7.0525
1980,4,1,2,280,5.2832
1980,4,1,3,242,6.2741
1980,4,1,4,308,5.4559
1980,4,1,5,465,6.8824
1980,4,2,1,166,6.6528
1980,4,2,2,87,5.1099
1980,4,2,3,119,5.2881
1980,4,2,4,102,5.7009
1980,4,2,5,127,6.1004
1980,4,3,1,112,5.2552
1980,4,3,2,159,5.3316
1980,4,3,3,135,5.6518
1980,4,3,4,137,3.8227
1980,4,3,5,125,4.0403
1980,5,1,1,449,6.4935
1980,5,1,2,279,6.8159
1980,5,1,3,241,6.3551
1980,5,1,4,307,8.7623
1980,5,1,5,467,5.8217
1980,5,2,1,162,8.9250
1980,5,2,2,87,8.4412
1980,5,2,3,119,7.2164
1980,5,2,4,102,8.5199
1980,5,2,5,126,8.1981
1980,5,3,1,112,7.0976
1980,5,3,2,160,5.6675
1980,5,3,3,135,4.7741
1980,5,3,4,137,5.4240
1980,5,3,5,125,5.8164
1980,6,1,1,449,3.6790
1980,6,1,2,279,5.6785
1980,6,1,3,237,3.7397
1980,6,1,4,306,2.5137
1980,6,1,5,461,5.1816
1980,6,2,1,163,5.7883
1980,6,2,2,86,3.1542
1980,6,2,3,119,3.8358
1980,6,2,4,100,3.6341
1980,6,2,5,126,5.0225
1980,6,3,1,112,4.8346
1980,6,3,2,159,3.8753
1980,6,3,3,135,1.7766
1980,6,3,4,136,3.2930
1980,6,3,5,125,2.5474
1980,7,1,1,407,11.0986
1980,7,1,2,265,9.4665
1980,7,1,3,238,10.1012
1980,7,1,4,329,11.0238
1980,7,1,5,527,11.7496
1980,7,2,1,166,13.2432
1980,7,2,2,109,10.2519
1980,7,2,3,102,8.4196
1980,7,2,4,135,7.8586
1980,7,2,5,165,11.8195
1980,7,3,1,112,7.5202
1980,7,3,2,141,7.6987
1980,7,3,3,150,6.7535
1980,7,3,4,152,6.9110
1980,7,3,5,129,6.7339
1980,8,1,1,405,11.1083
1980,8,1,2,264,7.3031
1980,8,1,3,238,7.2147
1980,8,1,4,329,6.9915
1980,8,1,5,526,8.7042
1980,8,2,1,165,5.4673
1980,8,2,2,108,4.4805
1980,8,2,3,101,4.6246
1980,8,2,4,134,5.3457
1980,8,2,5,165,7.2910
1980,8,3,1,112,2.4396
1980,8,3,2,141,0.4928
1980,8,3,3,150,1.9484
1980,8,3,4,152,0.6142
1980,8,3,5,129,4.1765
1980,9,1,1,404,3.1692
1980,9,1,2,262,3.0752
1980,9,1,3,237,2.8610
1980,9,1,4,327,4.2592
1980,9,1,5,523,3.1900
1980,9,2,1,166,1.9962
1980,9,2,2,108,4.5760
1980,9,2,3,100,3.2254
1980,9,2,4,133,4.2928
1980,9,2,5,164,3.9890
1980,9,3,1,112,5.6099
1980,9,3,2,140,0.2532
1980,9,3,3,150,0.3217
1980,9,3,4,152,4.4187
1980,9,3,5,129,5.6933
1980,10,1,1,400,5.4250
1980,10,1,2,261,4.6045
1980,10,1,3,235,4.3154
1980,10,1,4,324,4.5815
1980,10,1,5,518,5.3618
1980,10,2,1,165,5.9541
1980,10,2,2,107,3.4516
1980,10,2,3,99,1.7084
1980,10,2,4,132,3.7725
1980,10,2,5,162,3.1305
1980,10,3,1,112,1.1766
1980,10,3,2,140,1.8116
1980,10,3,3,150,1.5153
1980,10,3,4,151,2.6016
1980,10,3,5,128,2.7765
1980,11,1,1,400,8.8131
1980,11,1,2,260,5.7606
1980,11,1,3,235,3.8004
1980,11,1,4,324,6.3476
1980,11,1,5,515,7.9303
1980,11,2,1,165,10.6776
1980,11,2,2,107,5.5389
1980,11,2,3,99,7.4003
1980,11,2,4,130,6.6415
1980,11,2,5,162,7.9143
1980,11,3,1,112,13.6442
1980,11,3,2,139,6.3174
1980,11,3,3,150,8.5926
1980,11,3,4,151,13.7644
1980,11,3,5,127,16.9113
1980,12,1,1,399,-5.0005
1980,12,1,2,258,-5.0890
1980,12,1,3,233,-4.4674
1980,12,1,4,323,-5.4497
1980,12,1,5,508,-4.3301
1980,12,2,1,164,-5.1004
1980,12,2,2,107,-2.7389
1980,12,2,3,98,-3.1871
1980,12,2,4,130,-1.6771
1980,12,2,5,160,-2.7512
1980,12,3,1,112,-1.9611
1980,12,3,2,139,-0.9947
1980,12,3,3,150,-3.5943
1980,12,3,4,151,-5.1105
1980,12,3,5,125,-5.4180
1981,1,1,1,395,-0.2549
1981,1,1,2,255,0.4605
1981,1,1,3,233,0.6239
1981,1,1,4,321,-0.5257
1981,1,1,5,509,-1.1638
1981,1,2,1,163,-2.3957
1981,1,2,2,107,-0.4922
1981,1,2,3,98,-0.8775
1981,1,2,4,128,-0.6416
1981,1,2,5,159,-0.5641
1981,1,3,1,112,-7.4161
1981,1,3,2,139,-2.7470
1981,1,3,3,148,-1.7546
1981,1,3,4,151,-4.6391
1981,1,3,5,124,-8.4722
1981,2,1,1,393,0.0206
1981,2,1,2,251,0.4059
1981,2,1,3,232,-0.6792
1981,2,1,4,317,0.6708
1981,2,1,5,503,-0.1917
1981,2,2,1,163,0.3819
1981,2,2,2,107,1.9240
1981,2,2,3,98,1.4574
1981,2,2,4,126,2.5866
1981,2,2,5,159,2.8666
1981,2,3,1,112,1.3126
1981,2,3,2,139,2.1927
1981,2,3,3,147,2.1519
1981,2,3,4,151,2.7899
1981,2,3,5,124,0.7276
1981,3,1,1,386,10.3984
1981,3,1,2,251,7.3380
1981,3,1,3,231,10.0661
1981,3,1,4,317,7.9095
1981,3,1,5,496,7.4962
1981,3,2,1,162,8.0382
1981,3,2,2,106,7.4916
1981,3,2,3,97,6.5228
1981,3,2,4,125,5.1915
1981,3,2,5,158,8.7817
1981,3,3,1,111,5.1420
1981,3,3,2,138,4.3089
1981,3,3,3,147,3.8301
1981,3,3,4,151,3.7028
1981,3,3,5,124,3.7239
1981,4,1,1,384,4.2593
1981,4,1,2,251,4.6031
1981,4,1,3,228,3.9143
1981,4,1,4,318,4.0037
1981,4,1,5,494,3.8968
1981,4,2,1,160,1.2012
1981,4,2,2,105,2.1348
1981,4,2,3,96,1.7219
1981,4,2,4,124,2.7165
1981,4,2,5,157,3.0796
1981,4,3,1,112,-3.4755
1981,4,3,2,138,-1.7551
1981,4,3,3,145,-0.6772
1981,4,3,4,151,-2.9629
1981,4,3,5,123,-1.5525
1981,5,1,1,381,5.4902
1981,5,1,2,248,3.9066
1981,5,1,3,225,3.8450
1981,5,1,4,316,2.8668
1981,5,1,5,494,4.0703
1981,5,2,1,160,4.6875
1981,5,2,2,104,4.0580
1981,5,2,3,96,2.4196
1981,5,2,4,124,2.5810
1981,5,2,5,156,2.4893
1981,5,3,1,110,2.2518
1981,5,3,2,138,2.2092
1981,5,3,3,147,0.8084
1981,5,3,4,151,-1.8181
1981,5,3,5,120,-0.2868
1981,6,1,1,381,-1.8608
1981,6,1,2,247,-1.1002
1981,6,1,3,223,0.0923
1981,6,1,4,315,-1.3512
1981,6,1,5,492,-1.9959
1981,6,2,1,157,-4.1491
1981,6,2,2,102,-1.6744
1981,6,2,3,96,-1.8442
1981,6,2,4,124,-1.1467
1981,6,2,5,156,-3.4101
1981,6,3,1,110,-2.5624
1981,6,3,2,138,-1.2998
1981,6,3,3,147,-0.4404
1981,6,3,4,150,-0.0496
1981,6,3,5,119,-0.6045
1981,7,1,1,436,-3.8047
1981,7,1,2,244,-2.3478
1981,7,1,3,253,-1.9107
1981,7,1,4,356,-2.3478
1981,7,1,5,586,-3.2883
1981,7,2,1,164,-3.0405
1981,7,2,2,95,-2.5552
1981,7,2,3,105,-0.5378
1981,7,2,4,118,-1.0173
1981,7,2,5,157,-1.2746
1981,7,3,1,136,0.6612
1981,7,3,2,152,-1.9637
1981,7,3,3,144,0.0955
1981,7,3,4,133,2.1714
1981,7,3,5,114,2.9097
1981,8,1,1,434,-10.7214
1981,8,1,2,243,-7.7374
1981,8,1,3,252,-6.8241
1981,8,1,4,353,-6.7466
1981,8,1,5,582,-8.8910
1981,8,2,1,163,-8.5892
1981,8,2,2,94,-5.3898
1981,8,2,3,105,-5.7966
1981,8,2,4,116,-7.8328
1981,8,2,5,157,-6.9195
1981,8,3,1,136,-7.5682
1981,8,3,2,151,-4.0913
1981,8,3,3,144,-4.8623
1981,8,3,4,130,-6.7370
1981,8,3,5,114,-5.3855
1981,9,1,1,430,-10.4614
1981,9,1,2,240,-9.6837
1981,9,1,3,251,-6.7217
1981,9,1,4,348,-7.4178
1981,9,1,5,580,-9.4366
1981,9,2,1,163,-9.5527
1981,9,2,2,94,-6.1436
1981,9,2,3,105,-4.1651
1981,9,2,4,116,-7.9214
1981,9,2,5,156,-8.3229
1981,9,3,1,135,-7.3633
1981,9,3,2,151,-5.8907
1981,9,3,3,144,-4.1677
1981,9,3,4,128,-5.5872
1981,9,3,5,111,-6.7369
1981,10,1,1,426,7.7410
1981,10,1,2,235,7.9233
1981,10,1,3,246,6.7425
1981,10,1,4,343,7.3104
1981,10,1,5,574,9.8276
1981,10,2,1,163,6.6063
1981,10,2,2,93,8.4165
1981,10,2,3,104,6.4238
1981,10,2,4,116,7.2386
1981,10,2,5,155,8.1926
1981,10,3,1,135,7.5699
1981,10,3,2,151,4.8218
1981,10,3,3,144,4.2637
1981,10,3,4,127,4.2715
1981,10,3,5,111,9.3849
1981,11,1,1,427,0.2961
1981,11,1,2,237,2.5125
1981,11,1,3,245,3.5328
1981,11,1,4,344,1.5169
1981,11,1,5,571,2.2146
1981,11,2,1,163,1.8252
1981,11,2,2,93,3.6317
1981,11,2,3,101,4.0559
1981,11,2,4,116,4.7421
1981,11,2,5,155,2.7015
1981,11,3,1,135,4.6835
1981,11,3,2,151,4.3841
1981,11,3,3,144,3.8727
1981,11,3,4,124,5.7892
1981,11,3,5,111,4.0995
1981,12,1,1,427,-2.8261
1981,12,1,2,237,-2.8975
1981,12,1,3,242,-2.2551
1981,12,1,4,341,-0.7273
1981,12,1,5,569,-0.8563
1981,12,2,1,163,-3.1954
1981,12,2,2,93,-0.3730
1981,12,2,3,101,-1.9315
1981,12,2,4,115,-0.0936
1981,12,2,5,154,-0.8935
1981,12,3,1,133,-3.0080
1981,12,3,2,151,-1.4662
1981,12,3,3,144,-3.2624
1981,12,3,4,125,-2.8418
1981,12,3,5,111,-2.7030
1982,1,1,1,423,-2.3040
1982,1,1,2,235,-1.4248
1982,1,1,3,240,-1.7933
1982,1,1,4,341,-1.3704
1982,1,1,5,565,-0.9090
1982,1,2,1,163,-3.9210
1982,1,2,2,92,-2.8007
1982,1,2,3,101,-3.2346
1982,1,2,4,114,-4.4709
1982,1,2,5,152,-4.9824
1982,1,3,1,132,-3.4986
1982,1,3,2,151,0.7254
1982,1,3,3,144,-2.1420
1982,1,3,4,125,-2.0133
1982,1,3,5,110,-5.0414
1982,2,1,1,423,-5.6778
1982,2,1,2,235,-3.2378
1982,2,1,3,238,-1.9229
1982,2,1,4,338,-2.7332
1982,2,1,5,562,-4.3510
1982,2,2,1,162,-5.9649
1982,2,2,2,91,-2.7349
1982,2,2,3,100,-3.6973
1982,2,2,4,115,-4.2042
1982,2,2,5,151,-4.9534
1982,2,3,1,131,-7.0040
1982,2,3,2,151,-3.3538
1982,2,3,3,144,-4.7313
1982,2,3,4,124,-5.2154
1982,2,3,5,110,-6.2021
1982,3,1,1,421,-0.9927
1982,3,1,2,235,-0.0713
1982,3,1,3,234,-1.3652
1982,3,1,4,333,0.4654
1982,3,1,5,558,-1.9226
1982,3,2,1,161,-1.7533
1982,3,2,2,92,1.3798
1982,3,2,3,100,1.4326
1982,3,2,4,115,-0.5568
1982,3,2,5,149,-1.2481
1982,3,3,1,131,-1.3839
1982,3,3,2,151,-0.6489
1982,3,3,3,144,0.8957
1982,3,3,4,124,-0.6772
1982,3,3,5,110,-2.9862
1982,4,1,1,417,5.8248
1982,4,1,2,233,6.1274
1982,4,1,3,233,5.3007
1982,4,1,4,330,6.5879
1982,4,1,5,553,5.7371
1982,4,2,1,159,5.9645
1982,4,2,2,91,4.8683
1982,4,2,3,99,4.1439
1982,4,2,4,114,5.3126
1982,4,2,5,149,7.3705
1982,4,3,1,131,5.2322
1982,4,3,2,150,5.8219
1982,4,3,3,143,3.5302
1982,4,3,4,123,3.2946
1982,4,3,5,110,4.2389
1982,5,1,1,413,-1.0766
1982,5,1,2,229,-2.1067
1982,5,1,3,232,-1.1466
1982,5,1,4,329,-1.3708
1982,5,1,5,549,-1.9598
1982,5,2,1,158,-3.5722
1982,5,2,2,91,-2.7747
1982,5,2,3,99,-3.1340
1982,5,2,4,113,-2.0686
1982,5,2,5,149,-3.3192
1982,5,3,1,130,-2.9606
1982,5,3,2,150,-3.6784
1982,5,3,3,143,-1.4171
1982,5,3,4,123,-2.2125
1982,5,3,5,108,-2.9637
1982,6,1,1,411,-3.5672
1982,6,1,2,229,-1.1935
1982,6,1,3,230,-0.7682
1982,6,1,4,323,-1.5033
1982,6,1,5,544,-3.0444
1982,6,2,1,158,-0.8778
1982,6,2,2,90,-0.4846
1982,6,2,3,99,-1.0808
1982,6,2,4,113,-2.1539
1982,6,2,5,149,-2.8855
1982,6,3,1,130,-1.1425
1982,6,3,2,150,-1.6890
1982,6,3,3,143,-1.6098
1982,6,3,4,122,-1.6566
1982,6,3,5,109,-3.5990
1982,7,1,1,513,-3.9660
1982,7,1,2,260,0.7306
1982,7,1,3,277,-0.9552
1982,7,1,4,321,-0.3784
1982,7,1,5,548,-1.0637
1982,7,2,1,150,-2.7830
1982,7,2,2,90,-1.3881
1982,7,2,3,100,-1.6652
1982,7,2,4,99,-1.2989
1982,7,2,5,161,0.0410
1982,7,3,1,126,-4.9307
1982,7,3,2,146,-1.7070
1982,7,3,3,142,-1.7741
1982,7,3,4,140,-1.4886
1982,7,3,5,106,-1.6718
1982,8,1,1,507,6.0427
1982,8,1,2,259,7.1371
1982,8,1,3,275,6.0269
1982,8,1,4,318,4.5039
1982,8,1,5,540,6.1287
1982,8,2,1,150,9.1457
1982,8,2,2,90,9.3803
1982,8,2,3,100,9.7479
1982,8,2,4,99,9.2774
1982,8,2,5,156,10.5572
1982,8,3,1,124,13.4720
1982,8,3,2,145,11.9418
1982,8,3,3,141,12.9836
1982,8,3,4,140,12.0138
1982,8,3,5,106,13.1226
1982,9,1,1,506,0.6017
1982,9,1,2,259,4.8407
1982,9,1,3,275,3.7844
1982,9,1,4,320,4.6490
1982,9,1,5,539,4.2133
1982,9,2,1,150,0.5485
1982,9,2,2,90,4.8254
1982,9,2,3,100,3.4904
1982,9,2,4,98,4.8810
1982,9,2,5,155,3.6432
1982,9,3,1,125,1.7894
1982,9,3,2,146,1.7055
1982,9,3,3,141,-0.0922
1982,9,3,4,138,1.2836
1982,9,3,5,105,0.3070
1982,10,1,1,505,13.7805
1982,10,1,2,256,12.4828
1982,10,1,3,272,12.5102
1982,10,1,4,315,12.8364
1982,10,1,5,532,13.8714
1982,10,2,1,150,15.6763
1982,10,2,2,90,11.5023
1982,10,2,3,100,13.5558
1982,10,2,4,97,10.6909
1982,10,2,5,150,12.1402
1982,10,3,1,125,12.7983
1982,10,3,2,146,7.7762
1982,10,3,3,141,10.5274
1982,10,3,4,138,11.9251
1982,10,3,5,104,16.2948
1982,11,1,1,501,9.6959
1982,11,1,2,255,9.4138
1982,11,1,3,271,8.0209
1982,11,1,4,313,10.3187
1982,11,1,5,530,10.5561
1982,11,2,1,149,6.7681
1982,11,2,2,88,9.1286
1982,11,2,3,99,6.8124
1982,11,2,4,97,10.1344
1982,11,2,5,148,9.3452
1982,11,3,1,125,3.2729
1982,11,3,2,146,3.2233
1982,11,3,3,141,3.5755
1982,11,3,4,137,6.8481
1982,11,3,5,104,7.4260
1982,12,1,1,495,2.3144
1982,12,1,2,254,2.5185
1982,12,1,3,270,3.6814
1982,12,1,4,311,1.7808
1982,12,1,5,529,1.2239
1982,12,2,1,148,0.6263
1982,12,2,2,88,0.1812
1982,12,2,3,99,2.1912
1982,12,2,4,96,3.5503
1982,12,2,5,148,0.2445
1982,12,3,1,124,1.4394
1982,12,3,2,146,3.9916
1982,12,3,3,141,0.9914
1982,12,3,4,137,0.5904
1982,12,3,5,104,-0.2945
1983,1,1,1,493,11.0757
1983,1,1,2,253,9.1880
1983,1,1,3,270,7.6985
1983,1,1,4,309,7.8757
1983,1,1,5,525,10.7949
1983,1,2,1,147,7.2193
1983,1,2,2,88,6.3012
1983,1,2,3,100,3.9786
1983,1,2,4,95,5.2440
1983,1,2,5,146,7.7517
1983,1,3,1,122,3.9320
1983,1,3,2,146,2.8076
1983,1,3,3,141,5.5732
1983,1,3,4,137,2.3986
1983,1,3,5,104,5.7599
1983,2,1,1,488,3.9769
1983,2,1,2,252,5.4990
1983,2,1,3,264,6.5632
1983,2,1,4,305,6.2859
1983,2,1,5,518,7.6628
1983,2,2,1,145,3.5588
1983,2,2,2,88,6.0402
1983,2,2,3,100,6.6459
1983,2,2,4,95,8.5914
1983,2,2,5,144,4.5797
1983,2,3,1,122,1.5618
1983,2,3,2,146,2.2845
1983,2,3,3,141,2.0374
1983,2,3,4,137,4.5285
1983,2,3,5,102,4.1771
1983,3,1,1,485,4.5619
1983,3,1,2,249,5.6281
1983,3,1,3,263,6.9036
1983,3,1,4,302,6.1650
1983,3,1,5,515,4.7938
1983,3,2,1,144,2.6935
1983,3,2,2,88,4.5159
1983,3,2,3,100,5.1129
1983,3,2,4,95,3.8656
1983,3,2,5,143,4.6216
1983,3,3,1,122,3.3003
1983,3,3,2,146,3.2930
1983,3,3,3,141,2.0019
1983,3,3,4,137,3.1550
1983,3,3,5,101,2.9914
1983,4,1,1,480,7.4318
1983,4,1,2,247,8.4600
1983,4,1,3,262,7.5621
1983,4,1,4,302,7.7417
1983,4,1,5,513,7.0165
1983,4,2,1,144,5.1807
1983,4,2,2,88,5.4728
1983,4,2,3,100,7.2028
1983,4,2,4,95,8.5348
1983,4,2,5,142,7.7173
1983,4,3,1,122,7.2537
1983,4,3,2,144,8.3259
1983,4,3,3,141,6.1294
1983,4,3,4,137,5.8145
1983,4,3,5,101,6.5013
1983,5,1,1,476,12.2787
1983,5,1,2,243,9.6448
1983,5,1,3,262,9.1766
1983,5,1,4,301,8.7829
1983,5,1,5,510,10.0694
1983,5,2,1,145,8.2701
1983,5,2,2,88,3.2545
1983,5,2,3,100,4.9636
1983,5,2,4,95,3.9581
1983,5,2,5,142,5.0879
1983,5,3,1,122,2.5080
1983,5,3,2,144,-0.7036
1983,5,3,3,141,-1.2147
1983,5,3,4,137,0.1475
1983,5,3,5,101,0.7853
1983,6,1,1,471,3.4415
1983,6,1,2,242,3.4542
1983,6,1,3,261,3.0439
1983,6,1,4,301,5.9246
1983,6,1,5,508,5.5775
1983,6,2,1,145,5.8719
1983,6,2,2,87,5.7386
1983,6,2,3,99,5.8464
1983,6,2,4,94,6.1336
1983,6,2,5,142,6.2647
1983,6,3,1,122,4.8375
1983,6,3,2,143,4.6918
1983,6,3,3,141,3.6353
1983,6,3,4,137,2.8809
1983,6,3,5,101,3.9706
1983,7,1,1,676,-3.6794
1983,7,1,2,277,-1.9827
1983,7,1,3,290,-1.5989
1983,7,1,4,333,-2.0485
1983,7,1,5,533,-1.8203
1983,7,2,1,149,-3.1795
1983,7,2,2,95,-2.6969
1983,7,2,3,104,-2.0109
1983,7,2,4,99,-1.4785
1983,7,2,5,163,-4.0244
1983,7,3,1,131,-3.5570
1983,7,3,2,135,-3.6831
1983,7,3,3,149,-3.6321
1983,7,3,4,126,-2.5033
1983,7,3,5,125,-2.7262
1983,8,1,1,672,-3.9749
1983,8,1,2,277,-3.5705
1983,8,1,3,288,-2.1352
1983,8,1,4,331,-3.4887
1983,8,1,5,529,-4.4828
1983,8,2,1,149,-3.1691
1983,8,2,2,95,-3.5178
1983,8,2,3,104,-2.4497
1983,8,2,4,99,-2.3901
1983,8,2,5,159,-3.9243
1983,8,3,1,131,1.0860
1983,8,3,2,135,0.8278
1983,8,3,3,149,3.1468
1983,8,3,4,126,0.6969
1983,8,3,5,124,-1.1940
1983,9,1,1,668,-2.4841
1983,9,1,2,274,2.6460
1983,9,1,3,287,-0.5263
1983,9,1,4,330,0.8097
1983,9,1,5,523,-0.3699
1983,9,2,1,149,1.0265
1983,9,2,2,93,3.9802
1983,9,2,3,104,3.6840
1983,9,2,4,98,1.9605
1983,9,2,5,157,2.9717
1983,9,3,1,131,1.1272
1983,9,3,2,135,1.2489
1983,9,3,3,149,1.0093
1983,9,3,4,124,1.9205
1983,9,3,5,124,4.3362
1983,10,1,1,660,-8.0961
1983,10,1,2,273,-6.3178
1983,10,1,3,286,-6.0468
1983,10,1,4,328,-4.0672
1983,10,1,5,522,-6.4751
1983,10,2,1,149,-7.5701
1983,10,2,2,93,-3.8413
1983,10,2,3,104,-5.4835
1983,10,2,4,97,-4.7447
1983,10,2,5,156,-6.0928
1983,10,3,1,130,-2.9133
1983,10,3,2,135,-1.3284
1983,10,3,3,149,-1.3023
1983,10,3,4,122,-0.5388
1983,10,3,5,123,-2.5474
1983,11,1,1,657,1.7245
1983,11,1,2,272,3.3591
1983,11,1,3,283,4.3476
1983,11,1,4,327,3.5032
1983,11,1,5,518,5.0749
1983,11,2,1,148,5.0175
1983,11,2,2,92,5.1724
1983,11,2,3,103,5.7582
1983,11,2,4,96,4.9825
1983,11,2,5,155,6.4152
1983,11,3,1,130,2.5214
1983,11,3,2,135,2.5946
1983,11,3,3,149,2.5432
1983,11,3,4,121,3.7858
1983,11,3,5,123,-0.8837
1983,12,1,1,651,-2.6486
1983,12,1,2,271,-2.2071
1983,12,1,3,283,-1.5629
1983,12,1,4,327,-0.0073
1983,12,1,5,516,-1.9776
1983,12,2,1,148,-1.9612
1983,12,2,2,92,-0.0369
1983,12,2,3,103,-0.9206
1983,12,2,4,96,-2.3696
1983,12,2,5,154,-1.5557
1983,12,3,1,130,-2.0902
1983,12,3,2,135,-1.3064
1983,12,3,3,149,-1.1227
1983,12,3,4,121,-0.4483
1983,12,3,5,123,0.8742
1984,1,1,1,646,-0.1231
1984,1,1,2,270,-0.9662
1984,1,1,3,279,-1.3544
1984,1,1,4,323,-0.2860
1984,1,1,5,513,0.9190
1984,1,2,1,148,-3.2339
1984,1,2,2,92,-3.4554
1984,1,2,3,103,-1.6998
1984,1,2,4,96,-1.6774
1984,1,2,5,153,-3.1228
1984,1,3,1,128,-2.4272
1984,1,3,2,135,-0.0654
1984,1,3,3,148,2.6133
1984,1,3,4,121,-3.2572
1984,1,3,5,122,-5.0667
1984,2,1,1,633,-6.2106
1984,2,1,2,269,-4.8478
1984,2,1,3,277,-6.4047
1984,2,1,4,318,-7.1256
1984,2,1,5,507,-5.2661
1984,2,2,1,148,-5.2507
1984,2,2,2,92,-5.5376
1984,2,2,3,103,-5.4462
1984,2,2,4,96,-3.9972
1984,2,2,5,151,-5.5198
1984,2,3,1,128,-4.6913
1984,2,3,2,135,-2.8810
1984,2,3,3,147,-2.2002
1984,2,3,4,121,-4.8756
1984,2,3,5,122,-4.5158
1984,3,1,1,627,-0.9669
1984,3,1,2,267,1.5150
1984,3,1,3,273,1.4030
1984,3,1,4,316,1.6480
1984,3,1,5,503,1.2584
1984,3,2,1,145,2.6407
1984,3,2,2,90,-0.2855
1984,3,2,3,101,2.3106
1984,3,2,4,96,-0.1360
1984,3,2,5,151,1.4985
1984,3,3,1,127,2.1232
1984,3,3,2,134,0.5369
1984,3,3,3,147,1.1725
1984,3,3,4,121,1.8049
1984,3,3,5,122,2.3471
1984,4,1,1,626,-2.9525
1984,4,1,2,266,-0.8910
1984,4,1,3,273,-2.0704
1984,4,1,4,314,-1.0253
1984,4,1,5,502,-1.3758
1984,4,2,1,142,-0.8020
1984,4,2,2,90,-0.9387
1984,4,2,3,100,0.4661
1984,4,2,4,95,1.8315
1984,4,2,5,151,0.9839
1984,4,3,1,127,-1.2263
1984,4,3,2,134,-0.3785
1984,4,3,3,147,2.7739
1984,4,3,4,121,1.4281
1984,4,3,5,122,-0.3753
1984,5,1,1,622,-5.5989
1984,5,1,2,263,-4.6117
1984,5,1,3,272,-4.2788
1984,5,1,4,313,-4.5244
1984,5,1,5,499,-4.7113
1984,5,2,1,140,-7.3257
1984,5,2,2,90,-6.2577
1984,5,2,3,100,-3.8212
1984,5,2,4,94,-4.4353
1984,5,2,5,150,-4.0165
1984,5,3,1,127,-3.8681
1984,5,3,2,134,-4.9672
1984,5,3,3,146,-5.1666
1984,5,3,4,121,-5.0150
1984,5,3,5,122,-4.3015
1984,6,1,1,613,0.6364
1984,6,1,2,261,1.9397
1984,6,1,3,271,1.4630
1984,6,1,4,313,2.9385
1984,6,1,5,492,4.1154
1984,6,2,1,140,2.6492
1984,6,2,2,89,3.2209
1984,6,2,3,100,3.9845
1984,6,2,4,94,2.7162
1984,6,2,5,148,3.5033
1984,6,3,1,127,2.2443
1984,6,3,2,134,2.2101
1984,6,3,3,146,2.8314
1984,6,3,4,121,2.4523
1984,6,3,5,122,2.6518
1984,7,1,1,731,-6.3098
1984,7,1,2,380,-4.0093
1984,7,1,3,299,-4.0866
1984,7,1,4,289,-3.1112
1984,7,1,5,500,-6.2732
1984,7,2,1,131,-6.2846
1984,7,2,2,98,-4.0625
1984,7,2,3,97,-3.7078
1984,7,2,4,104,-2.7754
1984,7,2,5,155,-5.5784
1984,7,3,1,118,-3.0540
1984,7,3,2,127,-2.1158
1984,7,3,3,144,-2.4126
1984,7,3,4,138,-0.5359
1984,7,3,5,120,-1.3143
1984,8,1,1,725,9.5092
1984,8,1,2,375,9.6702
1984,8,1,3,296,9.3562
1984,8,1,4,285,9.9655
1984,8,1,5,496,11.1957
1984,8,2,1,130,14.3544
1984,8,2,2,98,12.1628
1984,8,2,3,97,12.2334
1984,8,2,4,102,11.9182
1984,8,2,5,155,13.3978
1984,8,3,1,118,11.4071
1984,8,3,2,125,11.1459
1984,8,3,3,142,11.2995
1984,8,3,4,138,10.7744
1984,8,3,5,120,10.9279
1984,9,1,1,722,-1.4534
1984,9,1,2,372,0.1122
1984,9,1,3,293,-0.0307
1984,9,1,4,282,-0.1864
1984,9,1,5,495,-1.2873
1984,9,2,1,129,-1.7698
1984,9,2,2,98,-0.6496
1984,9,2,3,96,0.2832
1984,9,2,4,102,-0.4646
1984,9,2,5,154,-1.9081
1984,9,3,1,117,0.0512
1984,9,3,2,125,-0.2397
1984,9,3,3,141,-0.9163
1984,9,3,4,138,-0.2019
1984,9,3,5,120,-0.8552
1984,10,1,1,708,-4.4975
1984,10,1,2,366,-2.4529
1984,10,1,3,293,-2.0396
1984,10,1,4,277,-1.7679
1984,10,1,5,490,-2.6082
1984,10,2,1,128,-1.9525
1984,10,2,2,97,0.8968
1984,10,2,3,94,-0.4919
1984,10,2,4,101,-2.1925
1984,10,2,5,153,-1.6699
1984,10,3,1,116,0.6013
1984,10,3,2,125,1.1008
1984,10,3,3,141,-0.2543
1984,10,3,4,137,0.1885
1984,10,3,5,119,0.1583
1984,11,1,1,695,-4.2924
1984,11,1,2,363,-2.8091
1984,11,1,3,291,-2.0089
1984,11,1,4,276,-2.1464
1984,11,1,5,485,-4.6011
1984,11,2,1,128,-3.5698
1984,11,2,2,98,0.9331
1984,11,2,3,93,-0.7241
1984,11,2,4,100,-0.6668
1984,11,2,5,153,-3.1907
1984,11,3,1,115,-0.5986
1984,11,3,2,125,-0.3618
1984,11,3,3,141,-1.4375
1984,11,3,4,136,-1.0618
1984,11,3,5,118,-1.5902
1984,12,1,1,683,-0.9702
1984,12,1,2,360,0.0813
1984,12,1,3,288,0.5475
1984,12,1,4,271,1.4196
1984,12,1,5,477,1.8346
1984,12,2,1,128,1.8902
1984,12,2,2,97,1.9133
1984,12,2,3,93,2.4712
1984,12,2,4,99,1.9380
1984,12,2,5,153,3.6006
1984,12,3,1,115,1.5507
1984,12,3,2,124,2.3253
1984,12,3,3,139,2.0321
1984,12,3,4,135,2.1476
1984,12,3,5,117,2.9937
1985,1,1,1,681,12.3083
1985,1,1,2,357,11.4783
1985,1,1,3,282,12.5285
1985,1,1,4,271,11.4959
1985,1,1,5,475,13.1183
1985,1,2,1,128,13.4236
1985,1,2,2,97,9.4975
1985,1,2,3,93,10.4119
1985,1,2,4,99,9.5056
1985,1,2,5,152,12.2290
1985,1,3,1,114,9.3367
1985,1,3,2,124,7.5417
1985,1,3,3,138,6.9576
1985,1,3,4,135,7.5257
1985,1,3,5,117,9.3803
1985,2,1,1,671,3.5239
1985,2,1,2,354,3.8148
1985,2,1,3,282,3.5389
1985,2,1,4,269,3.5880
1985,2,1,5,468,3.7458
1985,2,2,1,128,1.4173
1985,2,2,2,96,3.1713
1985,2,2,3,93,1.5993
1985,2,2,4,99,2.0413
1985,2,2,5,149,1.5454
1985,2,3,1,113,1.4603
1985,2,3,2,123,1.0391
1985,2,3,3,138,3.3640
1985,2,3,4,135,0.9321
1985,2,3,5,117,0.8247
1985,3,1,1,666,-1.4893
1985,3,1,2,353,-1.8122
1985,3,1,3,277,-1.7219
1985,3,1,4,266,-1.6593
1985,3,1,5,462,-2.0838
1985,3,2,1,128,-2.5795
1985,3,2,2,93,-0.6901
1985,3,2,3,93,-0.3821
1985,3,2,4,97,-1.8757
1985,3,2,5,148,-2.7865
1985,3,3,1,113,0.9578
1985,3,3,2,122,1.0347
1985,3,3,3,138,1.5261
1985,3,3,4,134,-1.0231
1985,3,3,5,117,-2.1864
1985,4,1,1,662,-1.4802
1985,4,1,2,351,0.4053
1985,4,1,3,273,-0.8958
1985,4,1,4,264,-2.6462
1985,4,1,5,461,-2.6670
1985,4,2,1,128,-2.0828
1985,4,2,2,93,-1.0222
1985,4,2,3,93,0.4418
1985,4,2,4,96,-1.0965
1985,4,2,5,148,-3.2115
1985,4,3,1,113,-0.0940
1985,4,3,2,122,-0.8720
1985,4,3,3,138,-0.1085
1985,4,3,4,134,-0.6023
1985,4,3,5,117,-2.6651
1985,5,1,1,658,2.2130
1985,5,1,2,348,3.2414
1985,5,1,3,273,2.8675
1985,5,1,4,264,2.3758
1985,5,1,5,456,2.7933
1985,5,2,1,128,4.9600
1985,5,2,2,93,4.9719
1985,5,2,3,93,2.5658
1985,5,2,4,95,3.0545
1985,5,2,5,147,4.4815
1985,5,3,1,113,7.7347
1985,5,3,2,122,6.1994
1985,5,3,3,138,6.0360
1985,5,3,4,134,5.1504
1985,5,3,5,117,6.8004
1985,6,1,1,652,0.4543
1985,6,1,2,343,1.8448
1985,6,1,3,267,0.0753
1985,6,1,4,261,0.5259
1985,6,1,5,454,-1.1848
1985,6,2,1,126,2.2674
1985,6,2,2,89,2.1230
1985,6,2,3,93,1.1451
1985,6,2,4,92,1.2227
1985,6,2,5,147,0.7188
1985,6,3,1,113,3.0753
1985,6,3,2,122,1.9838
1985,6,3,3,138,2.7201
1985,6,3,4,133,0.2791
1985,6,3,5,116,1.5565
1985,7,1,1,796,2.4975
1985,7,1,2,335,2.9433
1985,7,1,3,313,2.3578
1985,7,1,4,306,3.1762
1985,7,1,5,508,2.9939
1985,7,2,1,170,2.5650
1985,7,2,2,106,3.1296
1985,7,2,3,115,3.2513
1985,7,2,4,102,2.3904
1985,7,2,5,119,2.6669
1985,7,3,1,112,-0.2456
1985,7,3,2,143,0.8803
1985,7,3,3,147,-0.4798
1985,7,3,4,132,-0.1386
1985,7,3,5,115,-1.9344
1985,8,1,1,793,-0.8627
1985,8,1,2,332,-0.9616
1985,8,1,3,310,-0.8356
1985,8,1,4,303,-0.2273
1985,8,1,5,499,-1.3594
1985,8,2,1,170,-1.5674
1985,8,2,2,106,-1.2799
1985,8,2,3,115,0.5022
1985,8,2,4,102,0.0475
1985,8,2,5,118,-2.5501
1985,8,3,1,111,-0.1919
1985,8,3,2,143,-0.1689
1985,8,3,3,147,0.4526
1985,8,3,4,132,-1.4534
1985,8,3,5,115,-0.6392
1985,9,1,1,788,-6.8662
1985,9,1,2,328,-5.4712
1985,9,1,3,307,-5.2891
1985,9,1,4,300,-3.1752
1985,9,1,5,491,-5.9157
1985,9,2,1,169,-6.8756
1985,9,2,2,106,-5.9197
1985,9,2,3,114,-3.3953
1985,9,2,4,101,-6.1547
1985,9,2,5,118,-7.0013
1985,9,3,1,111,-4.1747
1985,9,3,2,143,-3.0601
1985,9,3,3,146,-3.2759
1985,9,3,4,131,-2.2177
1985,9,3,5,114,-4.1146
1985,10,1,1,783,1.8460
1985,10,1,2,325,2.4005
1985,10,1,3,306,2.7125
1985,10,1,4,299,2.2071
1985,10,1,5,488,1.8683
1985,10,2,1,169,1.9482
1985,10,2,2,106,2.6294
1985,10,2,3,113,4.1750
1985,10,2,4,101,6.7025
1985,10,2,5,118,3.9486
1985,10,3,1,111,5.2281
1985,10,3,2,140,4.1930
1985,10,3,3,145,4.5198
1985,10,3,4,131,3.5334
1985,10,3,5,112,3.6590
1985,11,1,1,781,6.6054
1985,11,1,2,322,4.3998
1985,11,1,3,303,5.0580
1985,11,1,4,295,5.2334
1985,11,1,5,478,5.6278
1985,11,2,1,168,7.3573
1985,11,2,2,104,6.7936
1985,11,2,3,112,8.5961
1985,11,2,4,101,6.4967
1985,11,2,5,116,6.6983
1985,11,3,1,111,5.4538
1985,11,3,2,138,6.6845
1985,11,3,3,145,7.2156
1985,11,3,4,131,7.5833
1985,11,3,5,112,7.8327
1985,12,1,1,775,3.5227
1985,12,1,2,318,4.2943
1985,12,1,3,304,3.7811
1985,12,1,4,292,3.6981
1985,12,1,5,466,3.2666
1985,12,2,1,168,4.7808
1985,12,2,2,104,4.6171
1985,12,2,3,111,4.5885
1985,12,2,4,97,4.7360
1985,12,2,5,116,4.2179
1985,12,3,1,111,2.7453
1985,12,3,2,137,5.3787
1985,12,3,3,145,3.7666
1985,12,3,4,130,4.3838
1985,12,3,5,111,5.3844
1986,1,1,1,764,2.5910
1986,1,1,2,316,3.5260
1986,1,1,3,299,0.8486
1986,1,1,4,288,2.1807
1986,1,1,5,463,2.7472
1986,1,2,1,168,1.6277
1986,1,2,2,103,-0.8731
1986,1,2,3,110,1.3258
1986,1,2,4,96,2.9450
1986,1,2,5,115,0.6182
1986,1,3,1,111,0.7943
1986,1,3,2,136,0.4851
1986,1,3,3,144,1.4042
1986,1,3,4,128,-0.2200
1986,1,3,5,111,-0.2601
1986,2,1,1,756,5.1962
1986,2,1,2,314,5.9425
1986,2,1,3,297,6.7661
1986,2,1,4,285,6.0548
1986,2,1,5,459,6.7915
1986,2,2,1,166,7.1204
1986,2,2,2,103,5.6409
1986,2,2,3,110,6.6361
1986,2,2,4,96,7.4489
1986,2,2,5,113,7.1356
1986,2,3,1,111,8.9558
1986,2,3,2,136,5.6795
1986,2,3,3,143,7.2795
1986,2,3,4,127,8.6382
1986,2,3,5,111,9.3917
1986,3,1,1,755,4.8185
1986,3,1,2,311,4.1600
1986,3,1,3,295,4.4486
1986,3,1,4,282,5.6776
1986,3,1,5,458,4.9127
1986,3,2,1,165,4.7070
1986,3,2,2,103,6.4457
1986,3,2,3,110,5.7871
1986,3,2,4,95,5.6892
1986,3,2,5,112,5.7109
1986,3,3,1,110,3.8756
1986,3,3,2,136,4.4314
1986,3,3,3,142,5.8117
1986,3,3,4,127,5.6946
1986,3,3,5,111,6.9043
1986,4,1,1,751,1.5181
1986,4,1,2,306,1.5667
1986,4,1,3,292,1.4989
1986,4,1,4,281,2.0015
1986,4,1,5,455,1.5665
1986,4,2,1,163,0.5828
1986,4,2,2,103,0.5509
1986,4,2,3,109,1.9843
1986,4,2,4,95,2.4418
1986,4,2,5,112,1.7490
1986,4,3,1,110,-0.4575
1986,4,3,2,136,-0.8238
1986,4,3,3,140,0.3330
1986,4,3,4,127,-2.4178
1986,4,3,5,111,0.9249
1986,5,1,1,744,3.5154
1986,5,1,2,297,3.6612
1986,5,1,3,291,4.3036
1986,5,1,4,277,4.0801
1986,5,1,5,451,3.6118
1986,5,2,1,162,3.0586
1986,5,2,2,103,3.0674
1986,5,2,3,108,3.7847
1986,5,2,4,94,6.3975
1986,5,2,5,111,2.8427
1986,5,3,1,109,4.5587
1986,5,3,2,135,3.6465
1986,5,3,3,139,5.8314
1986,5,3,4,125,5.8805
1986,5,3,5,110,7.0821
1986,6,1,1,730,-1.3870
1986,6,1,2,293,0.4214
1986,6,1,3,290,-0.3889
1986,6,1,4,276,0.4064
1986,6,1,5,447,0.9779
1986,6,2,1,161,-0.7361
1986,6,2,2,103,1.4833
1986,6,2,3,108,1.1729
1986,6,2,4,94,0.2836
1986,6,2,5,111,-0.6916
1986,6,3,1,108,0.9916
1986,6,3,2,135,0.8513
1986,6,3,3,139,1.6584
1986,6,3,4,123,1.3235
1986,6,3,5,110,3.0155
1986,7,1,1,747,-9.6901
1986,7,1,2,345,-8.6409
1986,7,1,3,327,-6.9097
1986,7,1,4,350,-8.1310
1986,7,1,5,583,-9.5817
1986,7,2,1,158,-11.2176
1986,7,2,2,108,-9.3274
1986,7,2,3,119,-7.6913
1986,7,2,4,114,-8.6370
1986,7,2,5,158,-9.9507
1986,7,3,1,135,-7.9745
1986,7,3,2,132,-3.2586
1986,7,3,3,136,-4.8180
1986,7,3,4,132,-4.2746
1986,7,3,5,109,-7.8976
1986,8,1,1,737,0.3792
1986,8,1,2,343,2.4395
1986,8,1,3,325,1.5501
1986,8,1,4,343,1.4732
1986,8,1,5,576,1.2121
1986,8,2,1,157,2.7280
1986,8,2,2,108,6.3386
1986,8,2,3,119,3.6785
1986,8,2,4,114,4.3392
1986,8,2,5,158,4.1685
1986,8,3,1,135,6.1166
1986,8,3,2,132,8.0047
1986,8,3,3,136,6.9248
1986,8,3,4,131,6.4119
1986,8,3,5,109,7.4797
1986,9,1,1,732,-7.3266
1986,9,1,2,342,-4.9469
1986,9,1,3,321,-6.2560
1986,9,1,4,342,-4.5799
1986,9,1,5,569,-5.4347
1986,9,2,1,157,-6.2877
1986,9,2,2,107,-7.5322
1986,9,2,3,119,-6.2818
1986,9,2,4,113,-3.9878
1986,9,2,5,157,-6.6777
1986,9,3,1,134,-7.5047
1986,9,3,2,131,-6.9616
1986,9,3,3,136,-8.4716
1986,9,3,4,130,-8.3847
1986,9,3,5,109,-7.4679
1986,10,1,1,722,2.2210
1986,10,1,2,336,2.1035
1986,10,1,3,316,3.9745
1986,10,1,4,341,1.3500
1986,10,1,5,564,1.5942
1986,10,2,1,157,5.4381
1986,10,2,2,106,4.9341
1986,10,2,3,119,5.4248
1986,10,2,4,110,3.2877
1986,10,2,5,156,3.4895
1986,10,3,1,133,7.3987
1986,10,3,2,130,6.0992
1986,10,3,3,136,3.6464
1986,10,3,4,130,6.9638
1986,10,3,5,108,6.6668
1986,11,1,1,711,-0.5985
1986,11,1,2,332,-1.1637
1986,11,1,3,312,-1.0194
1986,11,1,4,338,0.1878
1986,11,1,5,557,0.3666
1986,11,2,1,157,-0.0946
1986,11,2,2,106,0.0356
1986,11,2,3,119,0.8431
1986,11,2,4,108,1.4240
1986,11,2,5,156,1.3929
1986,11,3,1,133,3.2122
1986,11,3,2,128,2.0430
1986,11,3,3,136,2.9898
1986,11,3,4,129,1.9691
1986,11,3,5,106,1.8689
1986,12,1,1,700,-4.6966
1986,12,1,2,328,-1.6740
1986,12,1,3,304,-1.5951
1986,12,1,4,331,-2.4582
1986,12,1,5,548,-3.0771
1986,12,2,1,155,-3.5521
1986,12,2,2,105,-3.0310
1986,12,2,3,119,-1.8936
1986,12,2,4,108,-1.6230
1986,12,2,5,156,-1.9971
1986,12,3,1,133,-3.1135
1986,12,3,2,127,-3.1475
1986,12,3,3,136,-2.1387
1986,12,3,4,129,-3.5458
1986,12,3,5,105,-2.4013
1987,1,1,1,691,11.4887
1987,1,1,2,322,9.9249
1987,1,1,3,295,9.8930
1987,1,1,4,326,8.1237
1987,1,1,5,534,10.9932
1987,1,2,1,150,14.3619
1987,1,2,2,104,11.7558
1987,1,2,3,118,12.4086
1987,1,2,4,106,10.6200
1987,1,2,5,152,12.9916
1987,1,3,1,132,14.4301
1987,1,3,2,125,15.1527
1987,1,3,3,135,12.0489
1987,1,3,4,127,12.7689
1987,1,3,5,103,14.1101
1987,2,1,1,680,8.7912
1987,2,1,2,318,8.6673
1987,2,1,3,295,9.0427
1987,2,1,4,323,7.8231
1987,2,1,5,533,8.3925
1987,2,2,1,149,7.8058
1987,2,2,2,104,8.0135
1987,2,2,3,118,8.1630
1987,2,2,4,105,5.6264
1987,2,2,5,149,7.7787
1987,2,3,1,132,5.9844
1987,2,3,2,125,2.3353
1987,2,3,3,134,4.9251
1987,2,3,4,126,3.4307
1987,2,3,5,103,5.5545
1987,3,1,1,677,2.6391
1987,3,1,2,316,2.7457
1987,3,1,3,295,0.7516
1987,3,1,4,321,4.6834
1987,3,1,5,531,3.2336
1987,3,2,1,149,0.3749
1987,3,2,2,104,0.1569
1987,3,2,3,117,3.8642
1987,3,2,4,105,3.9752
1987,3,2,5,149,1.4236
1987,3,3,1,131,2.5329
1987,3,3,2,125,2.4917
1987,3,3,3,134,2.8976
1987,3,3,4,126,3.4145
1987,3,3,5,102,3.0733
1987,4,1,1,674,-2.8541
1987,4,1,2,312,-1.1257
1987,4,1,3,292,-1.1338
1987,4,1,4,317,-2.3502
1987,4,1,5,526,-1.7100
1987,4,2,1,149,-3.3451
1987,4,2,2,104,-1.6156
1987,4,2,3,117,-2.5010
1987,4,2,4,104,-3.6580
1987,4,2,5,149,-4.3270
1987,4,3,1,131,-0.9504
1987,4,3,2,124,-0.2011
1987,4,3,3,134,-0.0429
1987,4,3,4,126,-1.1188
1987,4,3,5,102,-1.7797
1987,5,1,1,667,-0.2564
1987,5,1,2,310,-0.6837
1987,5,1,3,292,0.2181
1987,5,1,4,314,1.5386
1987,5,1,5,521,1.1643
1987,5,2,1,149,-1.1065
1987,5,2,2,103,-0.1084
1987,5,2,3,117,1.2040
1987,5,2,4,104,1.9887
1987,5,2,5,147,1.4164
1987,5,3,1,131,1.7121
1987,5,3,2,124,0.3360
1987,5,3,3,134,0.7674
1987,5,3,4,126,0.1072
1987,5,3,5,100,2.1473
1987,6,1,1,663,0.7463
1987,6,1,2,310,2.0530
1987,6,1,3,291,0.8496
1987,6,1,4,312,2.4554
1987,6,1,5,519,2.1549
1987,6,2,1,149,4.2456
1987,6,2,2,103,1.5449
1987,6,2,3,116,1.8428
1987,6,2,4,102,2.9319
1987,6,2,5,147,4.2369
1987,6,3,1,131,5.3351
1987,6,3,2,124,4.5690
1987,6,3,3,134,4.1165
1987,6,3,4,126,5.2869
1987,6,3,5,100,4.8346
1987,7,1,1,597,2.0134
1987,7,1,2,447,2.5876
1987,7,1,3,387,3.4851
1987,7,1,4,348,5.2143
1987,7,1,5,597,3.5189
1987,7,2,1,143,4.2210
1987,7,2,2,110,3.4009
1987,7,2,3,114,3.3336
1987,7,2,4,108,4.2214
1987,7,2,5,135,5.3293
1987,7,3,1,119,6.8456
1987,7,3,2,130,5.1283
1987,7,3,3,141,3.3954
1987,7,3,4,126,3.4304
1987,7,3,5,107,6.4798
1987,8,1,1,590,0.7494
1987,8,1,2,443,2.7195
1987,8,1,3,385,1.7875
1987,8,1,4,345,2.3142
1987,8,1,5,591,2.3722
1987,8,2,1,142,3.4359
1987,8,2,2,110,2.9790
1987,8,2,3,112,5.7490
1987,8,2,4,108,3.4574
1987,8,2,5,134,2.4253
1987,8,3,1,119,2.9147
1987,8,3,2,129,2.4488
1987,8,3,3,140,3.9696
1987,8,3,4,126,4.2458
1987,8,3,5,107,5.5573
1987,9,1,1,587,-1.8055
1987,9,1,2,439,-1.0763
1987,9,1,3,382,-0.3442
1987,9,1,4,343,-1.2399
1987,9,1,5,587,0.3214
1987,9,2,1,141,-1.3342
1987,9,2,2,108,-1.2219
1987,9,2,3,111,-1.1008
1987,9,2,4,107,-2.2653
1987,9,2,5,133,-1.5244
1987,9,3,1,118,-3.3418
1987,9,3,2,129,-2.8919
1987,9,3,3,140,-0.7167
1987,9,3,4,125,-2.9458
1987,9,3,5,106,-1.4768
1987,10,1,1,586,-32.5445
1987,10,1,2,436,-29.5504
1987,10,1,3,377,-30.2857
1987,10,1,4,342,-30.3270
1987,10,1,5,579,-31.2780
1987,10,2,1,140,-33.0974
1987,10,2,2,106,-27.3155
1987,10,2,3,110,-26.9288
1987,10,2,4,106,-28.4539
1987,10,2,5,131,-31.8540
1987,10,3,1,118,-24.7613
1987,10,3,2,129,-21.6797
1987,10,3,3,140,-18.7771
1987,10,3,4,124,-18.7764
1987,10,3,5,105,-25.2203
1987,11,1,1,581,-6.2988
1987,11,1,2,430,-6.1818
1987,11,1,3,372,-4.1746
1987,11,1,4,340,-3.9299
1987,11,1,5,571,-4.7650
1987,11,2,1,139,-7.0653
1987,11,2,2,105,-2.1462
1987,11,2,3,109,-3.5339
1987,11,2,4,106,-2.8466
1987,11,2,5,129,-5.1057
1987,11,3,1,117,-7.3532
1987,11,3,2,128,-7.7237
1987,11,3,3,139,-6.9140
1987,11,3,4,124,-8.8843
1987,11,3,5,105,-7.9434
1987,12,1,1,571,3.3979
1987,12,1,2,425,6.2599
1987,12,1,3,368,3.5965
1987,12,1,4,338,7.1732
1987,12,1,5,563,4.9265
1987,12,2,1,140,8.6894
1987,12,2,2,105,8.2914
1987,12,2,3,107,10.4609
1987,12,2,4,106,9.0580
1987,12,2,5,128,12.4316
1987,12,3,1,117,8.6084
1987,12,3,2,128,8.3841
1987,12,3,3,139,6.5413
1987,12,3,4,123,7.0714
1987,12,3,5,104,9.2212
1988,1,1,1,565,7.2613
1988,1,1,2,418,5.0034
1988,1,1,3,365,4.7460
1988,1,1,4,332,4.1065
1988,1,1,5,559,6.1085
1988,1,2,1,138,1.2683
1988,1,2,2,105,2.8436
1988,1,2,3,105,1.9673
1988,1,2,4,106,4.4751
1988,1,2,5,125,2.2777
1988,1,3,1,117,2.9690
1988,1,3,2,128,3.8186
1988,1,3,3,139,5.5121
1988,1,3,4,123,3.8533
1988,1,3,5,103,2.2925
1988,2,1,1,559,7.9044
1988,2,1,2,417,7.6446
1988,2,1,3,361,7.7255
1988,2,1,4,329,9.9789
1988,2,1,5,553,5.5733
1988,2,2,1,138,8.9598
1988,2,2,2,105,8.9533
1988,2,2,3,102,6.6394
1988,2,2,4,105,8.9526
1988,2,2,5,125,11.2208
1988,2,3,1,117,7.1029
1988,2,3,2,128,4.9408
1988,2,3,3,139,3.9870
1988,2,3,4,123,4.0525
1988,2,3,5,102,6.4669
1988,3,1,1,553,3.7891
1988,3,1,2,413,6.3269
1988,3,1,3,357,3.9201
1988,3,1,4,326,7.2996
1988,3,1,5,543,6.1136
1988,3,2,1,138,4.0195
1988,3,2,2,105,1.9357
1988,3,2,3,103,1.9477
1988,3,2,4,104,3.4819
1988,3,2,5,123,4.8566
1988,3,3,1,117,-2.9729
1988,3,3,2,128,-2.9427
1988,3,3,3,139,-1.6986
1988,3,3,4,123,-3.0929
1988,3,3,5,102,-2.5269
1988,4,1,1,548,1.5246
1988,4,1,2,408,3.5277
1988,4,1,3,355,1.7110
1988,4,1,4,320,2.2937
1988,4,1,5,539,1.9226
1988,4,2,1,137,2.3053
1988,4,2,2,105,3.1222
1988,4,2,3,102,0.9922
1988,4,2,4,103,2.7257
1988,4,2,5,123,1.0149
1988,4,3,1,117,0.7075
1988,4,3,2,127,0.4228
1988,4,3,3,138,0.8779
1988,4,3,4,123,2.1539
1988,4,3,5,101,0.8381
1988,5,1,1,537,-1.7737
1988,5,1,2,408,-1.1003
1988,5,1,3,354,-1.6030
1988,5,1,4,314,-2.6419
1988,5,1,5,536,-2.7498
1988,5,2,1,136,-2.5062
1988,5,2,2,104,-0.1959
1988,5,2,3,102,-0.1536
1988,5,2,4,102,-1.8982
1988,5,2,5,122,-2.1746
1988,5,3,1,117,-0.1845
1988,5,3,2,127,0.3465
1988,5,3,3,138,0.2706
1988,5,3,4,122,1.2606
1988,5,3,5,100,-1.0400
1988,6,1,1,531,6.5797
1988,6,1,2,402,5.6933
1988,6,1,3,346,6.3631
1988,6,1,4,311,6.7996
1988,6,1,5,528,5.2930
1988,6,2,1,135,7.7236
1988,6,2,2,103,6.6960
1988,6,2,3,101,8.2033
1988,6,2,4,101,7.7918
1988,6,2,5,120,8.1250
1988,6,3,1,117,6.2436
1988,6,3,2,126,4.6623
1988,6,3,3,137,4.1936
1988,6,3,4,122,5.1869
1988,6,3,5,100,3.6427
1988,7,1,1,694,-0.4674
1988,7,1,2,388,-0.4397
1988,7,1,3,420,-1.0016
1988,7,1,4,362,-0.5559
1988,7,1,5,535,0.8278
1988,7,2,1,157,-0.7143
1988,7,2,2,131,-0.5974
1988,7,2,3,111,-1.4542
1988,7,2,4,105,-1.0464
1988,7,2,5,140,-2.0400
1988,7,3,1,108,-1.3772
1988,7,3,2,129,-0.2411
1988,7,3,3,142,-0.1306
1988,7,3,4,142,-1.6836
1988,7,3,5,109,-1.5102
1988,8,1,1,689,-2.9980
1988,8,1,2,387,-2.9157
1988,8,1,3,415,-2.3016
1988,8,1,4,359,-2.4151
1988,8,1,5,532,-1.0387
1988,8,2,1,155,-3.7305
1988,8,2,2,130,-1.6281
1988,8,2,3,110,-2.6290
1988,8,2,4,105,-2.6787
1988,8,2,5,140,-3.3204
1988,8,3,1,108,-3.6027
1988,8,3,2,128,-1.6528
1988,8,3,3,141,-3.9575
1988,8,3,4,142,-3.3188
1988,8,3,5,109,-2.9662
1988,9,1,1,675,2.3092
1988,9,1,2,383,1.3623
1988,9,1,3,412,2.6742
1988,9,1,4,354,3.3190
1988,9,1,5,527,1.6829
1988,9,2,1,154,1.5768
1988,9,2,2,129,3.4341
1988,9,2,3,108,2.4949
1988,9,2,4,103,2.8379
1988,9,2,5,138,3.4449
1988,9,3,1,108,5.4567
1988,9,3,2,127,4.2396
1988,9,3,3,141,3.0573
1988,9,3,4,142,5.1868
1988,9,3,5,109,3.1286
1988,10,1,1,665,-2.2250
1988,10,1,2,383,-1.1758
1988,10,1,3,410,-2.0314
1988,10,1,4,353,-1.0216
1988,10,1,5,522,-2.4919
1988,10,2,1,153,-0.7711
1988,10,2,2,127,-0.2613
1988,10,2,3,108,0.5741
1988,10,2,4,101,0.0543
1988,10,2,5,135,-1.3760
1988,10,3,1,107,4.0609
1988,10,3,2,127,1.9851
1988,10,3,3,141,1.9496
1988,10,3,4,142,2.0746
1988,10,3,5,109,4.4630
1988,11,1,1,659,-4.8790
1988,11,1,2,378,-2.8934
1988,11,1,3,408,-3.7584
1988,11,1,4,351,-4.8571
1988,11,1,5,515,-3.7955
1988,11,2,1,150,-2.9811
1988,11,2,2,127,-2.9656
1988,11,2,3,108,-2.4624
1988,11,2,4,101,-3.1286
1988,11,2,5,134,-2.6054
1988,11,3,1,105,-2.0346
1988,11,3,2,127,-1.8798
1988,11,3,3,141,-1.4079
1988,11,3,4,141,-0.7512
1988,11,3,5,108,-0.8321
1988,12,1,1,651,3.7727
1988,12,1,2,374,3.0134
1988,12,1,3,405,5.2832
1988,12,1,4,348,3.6413
1988,12,1,5,510,3.7241
1988,12,2,1,146,3.3331
1988,12,2,2,126,2.8599
1988,12,2,3,108,3.7964
1988,12,2,4,101,6.6552
1988,12,2,5,133,6.0590
1988,12,3,1,104,3.1172
1988,12,3,2,127,1.6351
1988,12,3,3,141,2.0109
1988,12,3,4,139,2.2445
1988,12,3,5,108,2.4290
1989,1,1,1,645,5.3148
1989,1,1,2,369,6.0658
1989,1,1,3,400,4.7649
1989,1,1,4,344,4.1491
1989,1,1,5,502,5.6544
1989,1,2,1,145,5.2370
1989,1,2,2,125,4.1672
1989,1,2,3,108,4.4498
1989,1,2,4,100,4.0255
1989,1,2,5,133,4.4547
1989,1,3,1,102,7.3090
1989,1,3,2,126,7.0250
1989,1,3,3,141,5.7844
1989,1,3,4,138,7.0218
1989,1,3,5,108,6.8371
1989,2,1,1,641,1.1443
1989,2,1,2,363,0.0295
1989,2,1,3,397,0.2212
1989,2,1,4,339,0.1779
1989,2,1,5,496,1.0730
1989,2,2,1,144,0.1593
1989,2,2,2,125,0.9437
1989,2,2,3,107,3.6687
1989,2,2,4,99,0.4715
1989,2,2,5,133,0.2439
1989,2,3,1,102,-2.7815
1989,2,3,2,126,-2.2003
1989,2,3,3,139,-2.8382
1989,2,3,4,138,-2.5778
1989,2,3,5,108,-0.2817
1989,3,1,1,636,1.6256
1989,3,1,2,355,3.2306
1989,3,1,3,391,2.2432
1989,3,1,4,339,2.3877
1989,3,1,5,491,4.0709
1989,3,2,1,143,3.7359
1989,3,2,2,125,2.2958
1989,3,2,3,107,3.2828
1989,3,2,4,98,1.1630
1989,3,2,5,131,3.9248
1989,3,3,1,102,1.3757
1989,3,3,2,126,2.8232
1989,3,3,3,139,0.3158
1989,3,3,4,138,2.5031
1989,3,3,5,108,2.0755
1989,4,1,1,633,2.6264
1989,4,1,2,347,2.1930
1989,4,1,3,387,2.8130
1989,4,1,4,338,4.1136
1989,4,1,5,487,3.8366
1989,4,2,1,141,3.7161
1989,4,2,2,125,4.6876
1989,4,2,3,107,5.3829
1989,4,2,4,98,6.2151
1989,4,2,5,129,4.5975
1989,4,3,1,101,5.2215
1989,4,3,2,126,5.6500
1989,4,3,3,139,4.8957
1989,4,3,4,138,6.3891
1989,4,3,5,107,3.6103
1989,5,1,1,625,3.0951
1989,5,1,2,344,4.6085
1989,5,1,3,385,3.4003
1989,5,1,4,337,3.1491
1989,5,1,5,487,3.6275
1989,5,2,1,141,3.5760
1989,5,2,2,122,5.2262
1989,5,2,3,106,5.0046
1989,5,2,4,98,3.7701
1989,5,2,5,129,4.5288
1989,5,3,1,100,4.5921
1989,5,3,2,126,4.2073
1989,5,3,3,139,3.9184
1989,5,3,4,138,4.5188
1989,5,3,5,107,3.8791
1989,6,1,1,616,-1.2783
1989,6,1,2,342,-1.8797
1989,6,1,3,376,-1.4389
1989,6,1,4,336,-2.6297
1989,6,1,5,484,-1.0470
1989,6,2,1,141,-3.0197
1989,6,2,2,122,-1.3290
1989,6,2,3,105,-0.9190
1989,6,2,4,97,-0.7324
1989,6,2,5,128,-2.0159
1989,6,3,1,98,-1.5782
1989,6,3,2,125,-0.3660
1989,6,3,3,139,-0.3441
1989,6,3,4,138,-1.2886
1989,6,3,5,106,-0.4435
1989,7,1,1,710,2.4759
1989,7,1,2,374,2.9305
1989,7,1,3,300,3.1055
1989,7,1,4,499,2.5483
1989,7,1,5,618,3.9402
1989,7,2,1,144,6.2284
1989,7,2,2,122,4.4918
1989,7,2,3,107,3.8684
1989,7,2,4,134,3.2725
1989,7,2,5,132,3.9017
1989,7,3,1,112,7.5227
1989,7,3,2,119,8.4465
1989,7,3,3,127,9.3279
1989,7,3,4,147,7.5923
1989,7,3,5,111,9.6411
1989,8,1,1,707,0.8058
1989,8,1,2,373,1.6888
1989,8,1,3,299,2.4186
1989,8,1,4,494,1.6059
1989,8,1,5,612,1.9833
1989,8,2,1,143,2.6564
1989,8,2,2,122,3.6480
1989,8,2,3,107,3.1962
1989,8,2,4,134,2.8466
1989,8,2,5,132,2.2092
1989,8,3,1,111,2.8937
1989,8,3,2,118,0.7094
1989,8,3,3,126,1.5756
1989,8,3,4,147,3.0116
1989,8,3,5,109,2.3752
1989,9,1,1,701,-0.3149
1989,9,1,2,368,-1.2672
1989,9,1,3,297,0.5001
1989,9,1,4,490,0.8536
1989,9,1,5,607,-0.5150
1989,9,2,1,139,1.1235
1989,9,2,2,121,0.2039
1989,9,2,3,107,0.2614
1989,9,2,4,134,1.3096
1989,9,2,5,131,0.8831
1989,9,3,1,111,-2.0298
1989,9,3,2,117,-0.1682
1989,9,3,3,126,1.5860
1989,9,3,4,145,-1.0803
1989,9,3,5,108,-1.6366
1989,10,1,1,696,-5.1330
1989,10,1,2,365,-5.7058
1989,10,1,3,295,-6.7277
1989,10,1,4,484,-5.2889
1989,10,1,5,597,-6.8718
1989,10,2,1,139,-5.9946
1989,10,2,2,121,-5.0847
1989,10,2,3,106,-5.2315
1989,10,2,4,133,-4.8237
1989,10,2,5,130,-7.0348
1989,10,3,1,111,-3.7368
1989,10,3,2,117,-1.1105
1989,10,3,3,126,-1.6663
1989,10,3,4,145,-1.8571
1989,10,3,5,108,-3.0059
1989,11,1,1,690,0.3159
1989,11,1,2,363,-1.1936
1989,11,1,3,293,-0.5351
1989,11,1,4,480,-1.9279
1989,11,1,5,591,0.9521
1989,11,2,1,139,1.2358
1989,11,2,2,120,0.2352
1989,11,2,3,106,0.6210
1989,11,2,4,133,2.6260
1989,11,2,5,130,2.4120
1989,11,3,1,111,1.1146
1989,11,3,2,116,3.1455
1989,11,3,3,126,1.6467
1989,11,3,4,145,3.1611
1989,11,3,5,107,2.0409
1989,12,1,1,690,-1.4361
1989,12,1,2,359,-0.0999
1989,12,1,3,290,-1.1687
1989,12,1,4,474,1.9979
1989,12,1,5,584,-0.1722
1989,12,2,1,138,0.1892
1989,12,2,2,118,1.8342
1989,12,2,3,105,0.5055
1989,12,2,4,132,1.3171
1989,12,2,5,129,1.2964
1989,12,3,1,111,1.3995
1989,12,3,2,116,3.2308
1989,12,3,3,125,3.7543
1989,12,3,4,145,3.1942
1989,12,3,5,107,2.1008
1990,1,1,1,683,-8.4303
1990,1,1,2,359,-8.2937
1990,1,1,3,289,-4.1394
1990,1,1,4,470,-6.8002
1990,1,1,5,580,-8.3385
1990,1,2,1,138,-8.3848
1990,1,2,2,118,-9.0483
1990,1,2,3,104,-8.2840
1990,1,2,4,131,-8.7095
1990,1,2,5,128,-8.9817
1990,1,3,1,111,-4.5756
1990,1,3,2,116,-6.7972
1990,1,3,3,125,-8.0437
1990,1,3,4,143,-6.9614
1990,1,3,5,106,-6.2442
1990,2,1,1,678,1.8895
1990,2,1,2,356,2.7924
1990,2,1,3,289,1.8792
1990,2,1,4,466,3.4776
1990,2,1,5,575,3.9796
1990,2,2,1,137,3.9389
1990,2,2,2,118,2.1095
1990,2,2,3,103,2.0906
1990,2,2,4,129,3.7754
1990,2,2,5,125,2.7014
1990,2,3,1,111,2.5188
1990,2,3,2,115,1.4194
1990,2,3,3,122,1.1873
1990,2,3,4,143,1.0636
1990,2,3,5,105,0.1814
1990,3,1,1,673,2.6900
1990,3,1,2,353,3.5609
1990,3,1,3,287,5.3517
1990,3,1,4,464,3.8910
1990,3,1,5,572,4.3030
1990,3,2,1,137,5.9872
1990,3,2,2,117,4.7317
1990,3,2,3,101,4.0225
1990,3,2,4,129,3.4480
1990,3,2,5,124,3.8607
1990,3,3,1,111,2.8586
1990,3,3,2,115,3.0221
1990,3,3,3,122,3.2042
1990,3,3,4,143,2.5987
1990,3,3,5,106,3.3297
1990,4,1,1,662,-3.5268
1990,4,1,2,353,-3.1105
1990,4,1,3,285,-2.1482
1990,4,1,4,462,-2.1087
1990,4,1,5,568,-1.9572
1990,4,2,1,136,-2.1273
1990,4,2,2,117,-2.5575
1990,4,2,3,100,-3.7873
1990,4,2,4,128,-3.5021
1990,4,2,5,124,-2.6499
1990,4,3,1,110,-1.8442
1990,4,3,2,115,-1.3910
1990,4,3,3,122,-3.5924
1990,4,3,4,143,-2.0755
1990,4,3,5,106,-2.9585
1990,5,1,1,656,6.6908
1990,5,1,2,352,7.7885
1990,5,1,3,283,6.6927
1990,5,1,4,459,6.6118
1990,5,1,5,562,6.8882
1990,5,2,1,136,9.9839
1990,5,2,2,117,6.1289
1990,5,2,3,99,5.8759
1990,5,2,4,128,8.0143
1990,5,2,5,124,7.8869
1990,5,3,1,110,8.6653
1990,5,3,2,115,10.7599
1990,5,3,3,122,8.4981
1990,5,3,4,142,8.9453
1990,5,3,5,106,9.6636
1990,6,1,1,648,1.3013
1990,6,1,2,349,0.8401
1990,6,1,3,280,0.0299
1990,6,1,4,455,2.4365
1990,6,1,5,556,1.2663
1990,6,2,1,136,-1.3459
1990,6,2,2,116,1.5068
1990,6,2,3,99,0.9314
1990,6,2,4,128,0.8932
1990,6,2,5,123,0.8264
1990,6,3,1,110,-0.2134
1990,6,3,2,115,0.8492
1990,6,3,3,122,-2.3209
1990,6,3,4,142,0.0183
1990,6,3,5,106,-0.0485
1990,7,1,1,666,-5.6012
1990,7,1,2,313,-4.3369
1990,7,1,3,306,-3.0172
1990,7,1,4,485,-3.5774
1990,7,1,5,639,-4.3336
1990,7,2,1,171,-5.1875
1990,7,2,2,106,-3.3500
1990,7,2,3,117,-2.0534
1990,7,2,4,138,-2.6705
1990,7,2,5,144,-3.2048
1990,7,3,1,122,-3.2002
1990,7,3,2,135,0.1707
1990,7,3,3,126,-1.0631
1990,7,3,4,123,-0.0525
1990,7,3,5,123,1.8135
1990,8,1,1,655,-15.9535
1990,8,1,2,311,-13.3959
1990,8,1,3,303,-12.8938
1990,8,1,4,479,-14.1000
1990,8,1,5,635,-12.1919
1990,8,2,1,170,-16.4759
1990,8,2,2,106,-13.6161
1990,8,2,3,117,-11.0815
1990,8,2,4,137,-10.2411
1990,8,2,5,144,-14.0844
1990,8,3,1,122,-10.2478
1990,8,3,2,135,-9.3960
1990,8,3,3,125,-8.1192
1990,8,3,4,123,-8.0807
1990,8,3,5,123,-7.6763
1990,9,1,1,652,-10.1443
1990,9,1,2,307,-7.3529
1990,9,1,3,299,-8.0624
1990,9,1,4,477,-8.7539
1990,9,1,5,630,-8.2073
1990,9,2,1,169,-10.1100
1990,9,2,2,105,-8.2399
1990,9,2,3,117,-6.2397
1990,9,2,4,136,-6.5570
1990,9,2,5,143,-10.3617
1990,9,3,1,119,-7.1330
1990,9,3,2,134,-4.6676
1990,9,3,3,124,-2.4318
1990,9,3,4,123,-3.0870
1990,9,3,5,123,-4.5806
1990,10,1,1,647,-6.7543
1990,10,1,2,305,-5.9290
1990,10,1,3,298,-6.6810
1990,10,1,4,474,-7.1263
1990,10,1,5,628,-6.6876
1990,10,2,1,169,-8.5371
1990,10,2,2,104,-2.2278
1990,10,2,3,117,-4.5118
1990,10,2,4,136,-3.7535
1990,10,2,5,142,-7.7280
1990,10,3,1,118,-1.5358
1990,10,3,2,134,0.0236
1990,10,3,3,124,0.5259
1990,10,3,4,123,2.5460
1990,10,3,5,123,-1.0715
1990,11,1,1,643,4.2102
1990,11,1,2,303,5.8666
1990,11,1,3,296,1.6561
1990,11,1,4,470,4.3556
1990,11,1,5,620,2.9558
1990,11,2,1,168,12.0259
1990,11,2,2,102,7.6140
1990,11,2,3,116,7.7740
1990,11,2,4,136,6.0301
1990,11,2,5,142,6.4812
1990,11,3,1,118,8.3914
1990,11,3,2,134,6.3003
1990,11,3,3,124,5.7698
1990,11,3,4,123,3.4044
1990,11,3,5,123,6.7624
1990,12,1,1,639,-0.4032
1990,12,1,2,304,1.6617
1990,12,1,3,294,2.1120
1990,12,1,4,468,1.5570
1990,12,1,5,618,2.1144
1990,12,2,1,168,4.0587
1990,12,2,2,101,5.5956
1990,12,2,3,116,4.7831
1990,12,2,4,134,4.4993
1990,12,2,5,142,5.7635
1990,12,3,1,118,3.7933
1990,12,3,2,134,2.7109
1990,12,3,3,123,2.5017
1990,12,3,4,123,1.7325
1990,12,3,5,123,2.9217
1991,1,1,1,638,11.1965
1991,1,1,2,298,9.0026
1991,1,1,3,292,6.3839
1991,1,1,4,465,8.9829
1991,1,1,5,612,8.2865
1991,1,2,1,167,8.1796
1991,1,2,2,101,6.7890
1991,1,2,3,116,7.6073
1991,1,2,4,133,8.3079
1991,1,2,5,142,9.4679
1991,1,3,1,118,6.3297
1991,1,3,2,134,4.9951
1991,1,3,3,123,2.5010
1991,1,3,4,123,4.3659
1991,1,3,5,122,4.9431
1991,2,1,1,634,14.3431
1991,2,1,2,294,10.3514
1991,2,1,3,290,11.6917
1991,2,1,4,464,12.5827
1991,2,1,5,603,11.8382
1991,2,2,1,167,11.6966
1991,2,2,2,101,7.9857
1991,2,2,3,116,8.1179
1991,2,2,4,132,9.6391
1991,2,2,5,142,11.1843
1991,2,3,1,118,8.4994
1991,2,3,2,134,6.5944
1991,2,3,3,123,5.6051
1991,2,3,4,122,5.5982
1991,2,3,5,122,8.6980
1991,3,1,1,628,10.3126
1991,3,1,2,291,6.7872
1991,3,1,3,286,5.3727
1991,3,1,4,464,8.0242
1991,3,1,5,601,7.3802
1991,3,2,1,167,5.4364
1991,3,2,2,100,4.1003
1991,3,2,3,116,3.5786
1991,3,2,4,132,6.1472
1991,3,2,5,142,6.2755
1991,3,3,1,118,3.5547
1991,3,3,2,134,0.7968
1991,3,3,3,123,3.4477
1991,3,3,4,122,2.4800
1991,3,3,5,122,2.3446
1991,4,1,1,623,-0.4479
1991,4,1,2,288,1.1989
1991,4,1,3,284,-0.3884
1991,4,1,4,462,0.7328
1991,4,1,5,595,0.8903
1991,4,2,1,166,-1.0119
1991,4,2,2,100,-1.0818
1991,4,2,3,116,2.0952
1991,4,2,4,132,0.4792
1991,4,2,5,142,-1.0412
1991,4,3,1,118,0.3620
1991,4,3,2,134,-0.6001
1991,4,3,3,122,0.1550
1991,4,3,4,122,0.4219
1991,4,3,5,122,0.3754
1991,5,1,1,615,3.3595
1991,5,1,2,282,4.7943
1991,5,1,3,281,2.6531
1991,5,1,4,458,2.6656
1991,5,1,5,591,3.9124
1991,5,2,1,166,4.3348
1991,5,2,2,100,4.2101
1991,5,2,3,116,3.5910
1991,5,2,4,132,4.7181
1991,5,2,5,141,4.7312
1991,5,3,1,118,5.3783
1991,5,3,2,134,5.9283
1991,5,3,3,122,2.2450
1991,5,3,4,122,2.1617
1991,5,3,5,122,3.9637
1991,6,1,1,606,-4.9629
1991,6,1,2,280,-3.4490
1991,6,1,3,280,-3.8568
1991,6,1,4,458,-4.1642
1991,6,1,5,588,-4.4837
1991,6,2,1,166,-4.9932
1991,6,2,2,99,-5.5333
1991,6,2,3,116,-4.2606
1991,6,2,4,131,-3.7161
1991,6,2,5,141,-5.1977
1991,6,3,1,118,-5.9937
1991,6,3,2,133,-4.5571
1991,6,3,3,122,-3.0283
1991,6,3,4,122,-3.1427
1991,6,3,5,122,-5.2885
1991,7,1,1,643,2.4313
1991,7,1,2,314,4.2250
1991,7,1,3,371,1.4445
1991,7,1,4,377,3.2757
1991,7,1,5,655,2.6698
1991,7,2,1,155,2.6709
1991,7,2,2,110,3.0670
1991,7,2,3,116,4.1272
1991,7,2,4,136,1.4149
1991,7,2,5,154,5.7075
1991,7,3,1,128,3.5543
1991,7,3,2,141,5.3029
1991,7,3,3,131,3.9489
1991,7,3,4,128,4.4315
1991,7,3,5,117,5.3325
1991,8,1,1,635,4.8061
1991,8,1,2,309,2.0022
1991,8,1,3,367,3.1842
1991,8,1,4,375,2.3116
1991,8,1,5,643,2.4208
1991,8,2,1,153,2.8621
1991,8,2,2,110,3.4299
1991,8,2,3,116,2.3592
1991,8,2,4,134,1.6875
1991,8,2,5,154,5.2256
1991,8,3,1,128,3.0329
1991,8,3,2,140,2.7245
1991,8,3,3,131,1.1983
1991,8,3,4,128,2.3144
1991,8,3,5,116,3.1253
1991,9,1,1,631,2.6146
1991,9,1,2,307,0.5339
1991,9,1,3,364,0.5587
1991,9,1,4,373,0.6863
1991,9,1,5,638,0.3292
1991,9,2,1,153,0.1600
1991,9,2,2,110,0.8442
1991,9,2,3,116,1.1790
1991,9,2,4,134,-0.2688
1991,9,2,5,154,1.6752
1991,9,3,1,127,-2.6316
1991,9,3,2,140,-1.8268
1991,9,3,3,131,-0.5078
1991,9,3,4,128,-1.3336
1991,9,3,5,116,-0.6256
1991,10,1,1,627,5.6770
1991,10,1,2,308,3.1520
1991,10,1,3,363,3.4214
1991,10,1,4,372,2.9222
1991,10,1,5,635,3.8935
1991,10,2,1,153,1.6784
1991,10,2,2,110,2.3911
1991,10,2,3,116,0.9803
1991,10,2,4,134,0.6426
1991,10,2,5,153,2.0411
1991,10,3,1,127,0.3401
1991,10,3,2,140,1.3660
1991,10,3,3,131,1.5199
1991,10,3,4,127,1.5560
1991,10,3,5,116,3.9361
1991,11,1,1,624,-2.5625
1991,11,1,2,307,-2.1118
1991,11,1,3,360,-1.9645
1991,11,1,4,367,-3.8230
1991,11,1,5,629,-3.0312
1991,11,2,1,153,-5.5299
1991,11,2,2,110,-4.4738
1991,11,2,3,115,-4.2133
1991,11,2,4,134,-5.8355
1991,11,2,5,152,-5.6852
1991,11,3,1,127,-5.2496
1991,11,3,2,140,-3.2558
1991,11,3,3,131,-2.3287
1991,11,3,4,127,-3.5719
1991,11,3,5,116,-2.9553
1991,12,1,1,620,4.3141
1991,12,1,2,304,6.1259
1991,12,1,3,356,4.0356
1991,12,1,4,363,7.6274
1991,12,1,5,624,3.8271
1991,12,2,1,151,8.4079
1991,12,2,2,110,6.1485
1991,12,2,3,115,8.6759
1991,12,2,4,134,9.4206
1991,12,2,5,152,10.3793
1991,12,3,1,127,12.5817
1991,12,3,2,140,11.8224
1991,12,3,3,131,10.0793
1991,12,3,4,127,7.5324
1991,12,3,5,116,14.3632
1992,1,1,1,615,12.5040
1992,1,1,2,301,9.4339
1992,1,1,3,352,13.4785
1992,1,1,4,360,11.4335
1992,1,1,5,614,16.3671
1992,1,2,1,151,7.9322
1992,1,2,2,110,7.2005
1992,1,2,3,115,4.6988
1992,1,2,4,134,6.2683
1992,1,2,5,152,5.4052
1992,1,3,1,127,1.2057
1992,1,3,2,137,-3.1695
1992,1,3,3,131,-1.7121
1992,1,3,4,127,-0.7887
1992,1,3,5,116,-0.9629
1992,2,1,1,610,3.7370
1992,2,1,2,296,5.8259
1992,2,1,3,350,4.1839
1992,2,1,4,357,5.1197
1992,2,1,5,613,2.6356
1992,2,2,1,151,2.0646
1992,2,2,2,110,1.9264
1992,2,2,3,114,1.9043
1992,2,2,4,134,3.5975
1992,2,2,5,151,2.0793
1992,2,3,1,127,1.9894
1992,2,3,2,137,0.9742
1992,2,3,3,131,0.6740
1992,2,3,4,127,-0.1460
1992,2,3,5,116,1.9716
1992,3,1,1,604,-4.0598
1992,3,1,2,296,-5.2807
1992,3,1,3,347,-0.6492
1992,3,1,4,355,-2.8554
1992,3,1,5,607,-3.3143
1992,3,2,1,151,-5.5749
1992,3,2,2,110,-3.2501
1992,3,2,3,114,-3.6479
1992,3,2,4,133,-1.0947
1992,3,2,5,151,-6.5179
1992,3,3,1,127,-4.0313
1992,3,3,2,137,-0.7803
1992,3,3,3,131,-1.7915
1992,3,3,4,127,-2.2599
1992,3,3,5,116,-3.9493
1992,4,1,1,600,-6.4772
1992,4,1,2,296,-3.7034
1992,4,1,3,343,-4.6374
1992,4,1,4,353,-5.8084
1992,4,1,5,603,-7.1660
1992,4,2,1,150,-3.4926
1992,4,2,2,110,-1.7220
1992,4,2,3,114,-2.7780
1992,4,2,4,132,-1.8095
1992,4,2,5,151,-6.2281
1992,4,3,1,127,0.3277
1992,4,3,2,137,3.6128
1992,4,3,3,131,3.3513
1992,4,3,4,127,3.1331
1992,4,3,5,116,-0.6236
1992,5,1,1,594,-0.3351
1992,5,1,2,293,1.2709
1992,5,1,3,341,-0.8634
1992,5,1,4,349,-0.4127
1992,5,1,5,595,-1.0920
1992,5,2,1,150,-0.6799
1992,5,2,2,110,0.4562
1992,5,2,3,114,-0.0194
1992,5,2,4,132,-0.6170
1992,5,2,5,151,-1.1736
1992,5,3,1,127,0.5728
1992,5,3,2,137,0.0458
1992,5,3,3,130,0.3489
1992,5,3,4,127,0.8660
1992,5,3,5,116,1.6503
1992,6,1,1,588,-8.2814
1992,6,1,2,290,-4.9764
1992,6,1,3,335,-4.4031
1992,6,1,4,342,-4.6366
1992,6,1,5,590,-7.5733
1992,6,2,1,148,-5.5152
1992,6,2,2,110,-3.2869
1992,6,2,3,114,-1.9444
1992,6,2,4,132,-4.1766
1992,6,2,5,151,-6.2404
1992,6,3,1,126,-2.4222
1992,6,3,2,137,-2.1861
1992,6,3,3,130,-1.0958
1992,6,3,4,127,-1.5999
1992,6,3,5,116,-3.5136
1992,7,1,1,588,2.2654
1992,7,1,2,328,0.5423
1992,7,1,3,320,-0.5122
1992,7,1,4,372,3.9222
1992,7,1,5,635,1.1599
1992,7,2,1,160,3.8124
1992,7,2,2,110,3.1285
1992,7,2,3,128,2.1083
1992,7,2,4,107,3.5927
1992,7,2,5,186,4.7662
1992,7,3,1,135,3.9604
1992,7,3,2,143,4.4295
1992,7,3,3,124,4.1416
1992,7,3,4,140,4.8949
1992,7,3,5,133,4.1039
1992,8,1,1,575,-2.9738
1992,8,1,2,326,-2.9233
1992,8,1,3,315,-2.5403
1992,8,1,4,368,-2.2255
1992,8,1,5,622,-3.8758
1992,8,2,1,160,-1.7309
1992,8,2,2,109,-2.5160
1992,8,2,3,127,-2.1919
1992,8,2,4,107,-1.5863
1992,8,2,5,185,-4.5480
1992,8,3,1,135,-1.9391
1992,8,3,2,143,-1.4113
1992,8,3,3,124,-2.0005
1992,8,3,4,140,-1.2690
1992,8,3,5,133,-2.4189
1992,9,1,1,563,1.0307
1992,9,1,2,321,1.9407
1992,9,1,3,311,2.4297
1992,9,1,4,363,0.9451
1992,9,1,5,616,0.7596
1992,9,2,1,160,1.9559
1992,9,2,2,109,1.8240
1992,9,2,3,127,0.2224
1992,9,2,4,107,2.5076
1992,9,2,5,184,2.6035
1992,9,3,1,135,1.1098
1992,9,3,2,143,2.2667
1992,9,3,3,124,0.6050
1992,9,3,4,140,0.3622
1992,9,3,5,133,0.3563
1992,10,1,1,561,1.4520
1992,10,1,2,321,2.3657
1992,10,1,3,308,1.1048
1992,10,1,4,361,4.8139
1992,10,1,5,613,3.1087
1992,10,2,1,159,1.1041
1992,10,2,2,108,2.9498
1992,10,2,3,127,2.9236
1992,10,2,4,107,3.8925
1992,10,2,5,184,2.9075
1992,10,3,1,135,1.2150
1992,10,3,2,143,0.4719
1992,10,3,3,124,-0.5151
1992,10,3,4,139,1.6985
1992,10,3,5,132,0.0715
1992,11,1,1,555,7.5736
1992,11,1,2,317,7.6173
1992,11,1,3,307,10.5432
1992,11,1,4,356,9.9939
1992,11,1,5,609,9.2883
1992,11,2,1,157,6.2423
1992,11,2,2,108,8.3288
1992,11,2,3,127,6.3404
1992,11,2,4,106,5.8296
1992,11,2,5,184,7.8213
1992,11,3,1,134,3.6493
1992,11,3,2,143,3.1607
1992,11,3,3,124,1.7951
1992,11,3,4,139,3.2323
1992,11,3,5,132,4.8719
1992,12,1,1,548,2.3919
1992,12,1,2,315,3.9105
1992,12,1,3,306,3.0576
1992,12,1,4,353,3.3766
1992,12,1,5,606,2.9706
1992,12,2,1,157,2.3235
1992,12,2,2,108,1.9752
1992,12,2,3,127,4.5766
1992,12,2,4,106,4.4747
1992,12,2,5,184,2.7317
1992,12,3,1,134,-0.6628
1992,12,3,2,143,2.4078
1992,12,3,3,124,1.5416
1992,12,3,4,139,1.8378
1992,12,3,5,132,0.1262
1993,1,1,1,546,5.3356
1993,1,1,2,315,4.6862
1993,1,1,3,305,4.8420
1993,1,1,4,349,5.2995
1993,1,1,5,602,5.1230
1993,1,2,1,157,0.5059
1993,1,2,2,107,2.7853
1993,1,2,3,127,3.1117
1993,1,2,4,106,5.1890
1993,1,2,5,184,0.3077
1993,1,3,1,134,-0.8908
1993,1,3,2,143,0.7140
1993,1,3,3,124,2.6376
1993,1,3,4,139,-0.1933
1993,1,3,5,132,0.0734
1993,2,1,1,541,-3.2524
1993,2,1,2,314,-0.9718
1993,2,1,3,303,-1.5392
1993,2,1,4,348,-2.8292
1993,2,1,5,596,-4.1125
1993,2,2,1,157,-1.6231
1993,2,2,2,107,0.4349
1993,2,2,3,127,-1.6606
1993,2,2,4,106,-1.3014
1993,2,2,5,184,-3.8228
1993,2,3,1,134,-0.7746
1993,2,3,2,143,2.7259
1993,2,3,3,124,3.3822
1993,2,3,4,139,0.7858
1993,2,3,5,132,-2.1236
1993,3,1,1,538,2.2176
1993,3,1,2,312,4.8223
1993,3,1,3,302,1.5860
1993,3,1,4,348,2.9948
1993,3,1,5,594,1.6707
1993,3,2,1,157,1.8001
1993,3,2,2,106,3.5565
1993,3,2,3,127,1.6443
1993,3,2,4,105,3.8923
1993,3,2,5,184,2.1282
1993,3,3,1,134,0.9625
1993,3,3,2,143,3.1616
1993,3,3,3,124,3.0838
1993,3,3,4,139,1.9891
1993,3,3,5,132,0.9229
1993,4,1,1,532,-2.4866
1993,4,1,2,311,-2.4270
1993,4,1,3,301,-2.7448
1993,4,1,4,344,-3.1768
1993,4,1,5,587,-2.8270
1993,4,2,1,157,-2.6748
1993,4,2,2,106,-0.2754
1993,4,2,3,127,-1.7310
1993,4,2,4,105,-3.5861
1993,4,2,5,184,-4.1440
1993,4,3,1,134,-3.5954
1993,4,3,2,143,-1.2285
1993,4,3,3,124,-0.5120
1993,4,3,4,139,-2.0678
1993,4,3,5,131,-5.6616
1993,5,1,1,527,5.1826
1993,5,1,2,308,3.0662
1993,5,1,3,299,4.0785
1993,5,1,4,345,4.8467
1993,5,1,5,583,6.0580
1993,5,2,1,157,6.1924
1993,5,2,2,106,4.9542
1993,5,2,3,127,3.7336
1993,5,2,4,104,5.7183
1993,5,2,5,184,5.9271
1993,5,3,1,134,4.2309
1993,5,3,2,143,2.4205
1993,5,3,3,124,2.4070
1993,5,3,4,139,3.0854
1993,5,3,5,131,4.5460
1993,6,1,1,528,-0.5474
1993,6,1,2,305,0.9176
1993,6,1,3,298,0.0400
1993,6,1,4,343,-0.5263
1993,6,1,5,579,1.1707
1993,6,2,1,156,0.3453
1993,6,2,2,105,1.0568
1993,6,2,3,127,0.1430
1993,6,2,4,104,3.0326
1993,6,2,5,184,0.4893
1993,6,3,1,134,-2.8329
1993,6,3,2,143,1.6939
1993,6,3,3,124,0.5775
1993,6,3,4,139,-0.1712
1993,6,3,5,131,-0.5726
1993,7,1,1,570,-0.6673
1993,7,1,2,292,0.5041
1993,7,1,3,375,-0.1207
1993,7,1,4,365,3.2340
1993,7,1,5,682,-0.2027
1993,7,2,1,164,-0.4939
1993,7,2,2,109,1.8937
1993,7,2,3,120,0.9624
1993,7,2,4,106,-0.1245
1993,7,2,5,205,0.4837
1993,7,3,1,126,-1.4934
1993,7,3,2,162,-1.8031
1993,7,3,3,139,-0.4332
1993,7,3,4,129,0.5237
1993,7,3,5,163,-1.1648
1993,8,1,1,564,4.2017
1993,8,1,2,288,3.6807
1993,8,1,3,373,3.1289
1993,8,1,4,363,3.9232
1993,8,1,5,677,4.4474
1993,8,2,1,164,5.5401
1993,8,2,2,109,2.1724
1993,8,2,3,120,3.3645
1993,8,2,4,106,3.9742
1993,8,2,5,205,4.3963
1993,8,3,1,126,4.0941
1993,8,3,2,162,3.4922
1993,8,3,3,139,3.5595
1993,8,3,4,129,5.4349
1993,8,3,5,163,3.1956
1993,9,1,1,559,1.5641
1993,9,1,2,287,1.1364
1993,9,1,3,372,2.8209
1993,9,1,4,363,2.7174
1993,9,1,5,669,3.2453
1993,9,2,1,164,4.0939
1993,9,2,2,108,0.1287
1993,9,2,3,119,1.2800
1993,9,2,4,106,1.2602
1993,9,2,5,205,2.7000
1993,9,3,1,126,-1.3031
1993,9,3,2,162,-1.6873
1993,9,3,3,139,-0.8308
1993,9,3,4,129,0.5552
1993,9,3,5,163,-0.6101
1993,10,1,1,557,4.7712
1993,10,1,2,286,3.9452
1993,10,1,3,371,3.0502
1993,10,1,4,363,5.6606
1993,10,1,5,660,5.5393
1993,10,2,1,162,4.4959
1993,10,2,2,108,1.4661
1993,10,2,3,119,0.5955
1993,10,2,4,105,2.1631
1993,10,2,5,205,3.6715
1993,10,3,1,126,3.2342
1993,10,3,2,162,3.5544
1993,10,3,3,139,1.1880
1993,10,3,4,129,2.4001
1993,10,3,5,163,2.5623
1993,11,1,1,555,-3.6196
1993,11,1,2,285,-2.8939
1993,11,1,3,369,-1.2806
1993,11,1,4,361,-1.7226
1993,11,1,5,661,-2.2049
1993,11,2,1,163,-4.3810
1993,11,2,2,108,-1.6036
1993,11,2,3,119,-3.4512
1993,11,2,4,104,-1.7206
1993,11,2,5,204,-2.2970
1993,11,3,1,126,1.4720
1993,11,3,2,161,0.7342
1993,11,3,3,139,-2.4024
1993,11,3,4,129,-2.0132
1993,11,3,5,162,-0.7259
1993,12,1,1,553,-1.5332
1993,12,1,2,283,-0.4814
1993,12,1,3,365,0.7393
1993,12,1,4,359,3.2159
1993,12,1,5,657,2.4696
1993,12,2,1,163,4.9813
1993,12,2,2,108,4.4963
1993,12,2,3,119,3.2400
1993,12,2,4,104,5.3359
1993,12,2,5,203,3.6578
1993,12,3,1,126,-0.2116
1993,12,3,2,161,3.6753
1993,12,3,3,138,0.8879
1993,12,3,4,128,0.0213
1993,12,3,5,162,2.7391
1994,1,1,1,546,5.8311
1994,1,1,2,279,6.0339
1994,1,1,3,363,4.0195
1994,1,1,4,359,5.7686
1994,1,1,5,654,3.5075
1994,1,2,1,163,2.8888
1994,1,2,2,108,2.9186
1994,1,2,3,119,2.5122
1994,1,2,4,104,1.4219
1994,1,2,5,203,3.3175
1994,1,3,1,126,2.4011
1994,1,3,2,161,1.0007
1994,1,3,3,138,3.2203
1994,1,3,4,128,2.6132
1994,1,3,5,161,5.6785
1994,2,1,1,546,-1.3309
1994,2,1,2,275,-0.2302
1994,2,1,3,360,0.6639
1994,2,1,4,358,-1.8011
1994,2,1,5,651,-0.2596
1994,2,2,1,162,-1.2372
1994,2,2,2,107,-0.5179
1994,2,2,3,119,1.4723
1994,2,2,4,104,0.5303
1994,2,2,5,203,0.5990
1994,2,3,1,126,-0.9620
1994,2,3,2,161,-2.9641
1994,2,3,3,137,-3.3602
1994,2,3,4,128,-1.4038
1994,2,3,5,160,-1.5131
1994,3,1,1,541,-5.2783
1994,3,1,2,268,-4.0205
1994,3,1,3,356,-5.5954
1994,3,1,4,353,-3.0519
1994,3,1,5,648,-6.8312
1994,3,2,1,162,-5.4409
1994,3,2,2,107,-7.5049
1994,3,2,3,119,-5.4104
1994,3,2,4,103,-4.9550
1994,3,2,5,203,-5.6147
1994,3,3,1,126,-4.7767
1994,3,3,2,161,-4.9271
1994,3,3,3,137,-3.9934
1994,3,3,4,128,-2.9209
1994,3,3,5,160,-5.8283
1994,4,1,1,541,-1.9091
1994,4,1,2,267,-1.5040
1994,4,1,3,355,0.5998
1994,4,1,4,353,-0.5863
1994,4,1,5,643,-1.8356
1994,4,2,1,162,1.1812
1994,4,2,2,107,1.2297
1994,4,2,3,119,0.2108
1994,4,2,4,103,-0.1717
1994,4,2,5,203,0.9573
1994,4,3,1,126,1.2966
1994,4,3,2,161,0.3581
1994,4,3,3,137,1.6101
1994,4,3,4,128,0.8941
1994,4,3,5,160,0.2107
1994,5,1,1,537,-2.0473
1994,5,1,2,264,-2.2952
1994,5,1,3,351,-1.5505
1994,5,1,4,351,-1.1457
1994,5,1,5,639,-0.8344
1994,5,2,1,160,-1.4622
1994,5,2,2,107,-0.5253
1994,5,2,3,119,-3.5878
1994,5,2,4,102,-2.2052
1994,5,2,5,203,-1.3266
1994,5,3,1,125,-0.2037
1994,5,3,2,161,1.1410
1994,5,3,3,137,0.6099
1994,5,3,4,127,0.4790
1994,5,3,5,160,0.8077
1994,6,1,1,533,-5.5159
1994,6,1,2,263,-3.8815
1994,6,1,3,348,-5.5673
1994,6,1,4,351,-3.0560
1994,6,1,5,633,-4.8299
1994,6,2,1,159,-4.5624
1994,6,2,2,107,-3.1427
1994,6,2,3,119,-1.5191
1994,6,2,4,102,-1.3161
1994,6,2,5,202,-4.3012
1994,6,3,1,126,-1.4880
1994,6,3,2,161,-3.0499
1994,6,3,3,137,-1.7341
1994,6,3,4,127,-2.5125
1994,6,3,5,160,-4.0100
1994,7,1,1,673,-0.7426
1994,7,1,2,356,1.5632
1994,7,1,3,401,2.5118
1994,7,1,4,363,1.2570
1994,7,1,5,672,1.8983
1994,7,2,1,196,2.0579
1994,7,2,2,119,2.5074
1994,7,2,3,113,1.7595
1994,7,2,4,116,1.9328
1994,7,2,5,197,2.1377
1994,7,3,1,132,3.1836
1994,7,3,2,154,2.3923
1994,7,3,3,156,4.3645
1994,7,3,4,148,4.2180
1994,7,3,5,173,2.1410
1994,8,1,1,667,3.8000
1994,8,1,2,355,3.8537
1994,8,1,3,400,4.3975
1994,8,1,4,361,3.2988
1994,8,1,5,670,4.1412
1994,8,2,1,194,7.4849
1994,8,2,2,118,5.1017
1994,8,2,3,113,7.7667
1994,8,2,4,116,6.2130
1994,8,2,5,196,7.3439
1994,8,3,1,132,5.2999
1994,8,3,2,154,3.8337
1994,8,3,3,156,4.3149
1994,8,3,4,148,2.9762
1994,8,3,5,173,5.4443
1994,9,1,1,662,0.6242
1994,9,1,2,353,1.0879
1994,9,1,3,395,3.1220
1994,9,1,4,361,2.3754
1994,9,1,5,663,1.4797
1994,9,2,1,194,-1.0447
1994,9,2,2,118,-1.3121
1994,9,2,3,113,0.2481
1994,9,2,4,115,-1.1594
1994,9,2,5,196,0.2532
1994,9,3,1,130,-1.1440
1994,9,3,2,154,-1.5292
1994,9,3,3,155,-1.2497
1994,9,3,4,148,-2.6342
1994,9,3,5,173,-2.0665
1994,10,1,1,657,-0.8537
1994,10,1,2,351,1.1287
1994,10,1,3,392,2.3016
1994,10,1,4,360,1.5252
1994,10,1,5,657,-0.0629
1994,10,2,1,194,-0.0277
1994,10,2,2,117,1.3650
1994,10,2,3,113,-1.0648
1994,10,2,4,114,0.9967
1994,10,2,5,194,0.2975
1994,10,3,1,130,0.4017
1994,10,3,2,153,1.6557
1994,10,3,3,155,4.2117
1994,10,3,4,147,2.2589
1994,10,3,5,171,1.6281
1994,11,1,1,651,-3.9844
1994,11,1,2,350,-2.6485
1994,11,1,3,391,-1.9803
1994,11,1,4,360,-2.1928
1994,11,1,5,651,-1.9889
1994,11,2,1,192,-4.3292
1994,11,2,2,117,-3.6209
1994,11,2,3,113,-2.5987
1994,11,2,4,114,-3.8056
1994,11,2,5,194,-2.2009
1994,11,3,1,130,-3.5234
1994,11,3,2,152,-3.3662
1994,11,3,3,154,-2.4108
1994,11,3,4,147,-3.4159
1994,11,3,5,170,-3.5124
1994,12,1,1,645,-1.3305
1994,12,1,2,349,-0.2430
1994,12,1,3,389,-0.0019
1994,12,1,4,357,-0.2538
1994,12,1,5,646,-0.2042
1994,12,2,1,192,0.1621
1994,12,2,2,117,3.2912
1994,12,2,3,113,2.9470
1994,12,2,4,113,2.6818
1994,12,2,5,192,2.5318
1994,12,3,1,130,0.1841
1994,12,3,2,151,1.4524
1994,12,3,3,154,0.5796
1994,12,3,4,147,2.9285
1994,12,3,5,170,1.7531
1995,1,1,1,638,2.1788
1995,1,1,2,348,2.8671
1995,1,1,3,385,2.0270
1995,1,1,4,355,1.5849
1995,1,1,5,638,0.5482
1995,1,2,1,191,-0.5680
1995,1,2,2,116,-1.5833
1995,1,2,3,113,0.2173
1995,1,2,4,113,-2.5606
1995,1,2,5,189,-2.8706
1995,1,3,1,130,2.9294
1995,1,3,2,150,2.6124
1995,1,3,3,154,2.5277
1995,1,3,4,146,2.0110
1995,1,3,5,169,0.0007
1995,2,1,1,633,1.9162
1995,2,1,2,346,2.0641
1995,2,1,3,384,2.1778
1995,2,1,4,352,2.5176
1995,2,1,5,638,3.3939
1995,2,2,1,190,3.4686
1995,2,2,2,115,3.7960
1995,2,2,3,113,3.6018
1995,2,2,4,111,3.6624
1995,2,2,5,188,5.2641
1995,2,3,1,128,2.9712
1995,2,3,2,150,3.6261
1995,2,3,3,154,2.8069
1995,2,3,4,146,4.5909
1995,2,3,5,169,6.1981
1995,3,1,1,626,-0.6693
1995,3,1,2,345,1.9058
1995,3,1,3,384,0.8936
1995,3,1,4,349,1.1130
1995,3,1,5,631,2.4034
1995,3,2,1,190,2.5109
1995,3,2,2,115,1.6312
1995,3,2,3,113,2.6779
1995,3,2,4,111,1.1374
1995,3,2,5,187,3.1880
1995,3,3,1,127,3.2016
1995,3,3,2,150,2.2746
1995,3,3,3,154,3.2429
1995,3,3,4,145,2.2455
1995,3,3,5,168,4.1775
1995,4,1,1,617,2.2450
1995,4,1,2,343,2.7657
1995,4,1,3,379,3.9920
1995,4,1,4,347,4.7852
1995,4,1,5,627,3.0831
1995,4,2,1,189,1.8642
1995,4,2,2,115,1.5917
1995,4,2,3,113,1.6085
1995,4,2,4,111,1.4272
1995,4,2,5,187,3.7932
1995,4,3,1,126,1.0105
1995,4,3,2,150,2.9124
1995,4,3,3,154,3.3073
1995,4,3,4,143,3.2254
1995,4,3,5,167,3.4669
1995,5,1,1,611,1.4933
1995,5,1,2,341,4.7636
1995,5,1,3,375,2.6933
1995,5,1,4,347,2.1730
1995,5,1,5,622,0.7541
1995,5,2,1,189,0.2212
1995,5,2,2,115,0.3383
1995,5,2,3,113,0.4795
1995,5,2,4,110,1.4316
1995,5,2,5,187,0.8956
1995,5,3,1,126,2.8921
1995,5,3,2,150,2.2512
1995,5,3,3,154,3.7146
1995,5,3,4,141,3.5628
1995,5,3,5,167,3.6743
1995,6,1,1,603,6.8050
1995,6,1,2,338,7.4805
1995,6,1,3,376,7.8768
1995,6,1,4,344,6.1913
1995,6,1,5,615,8.4054
1995,6,2,1,188,4.9804
1995,6,2,2,114,4.1425
1995,6,2,3,113,5.4752
1995,6,2,4,110,2.5278
1995,6,2,5,187,6.7324
1995,6,3,1,126,4.2407
1995,6,3,2,149,2.9195
1995,6,3,3,153,1.7834
1995,6,3,4,140,1.4937
1995,6,3,5,165,4.8949
1995,7,1,1,766,5.0740
1995,7,1,2,402,5.0776
1995,7,1,3,395,5.2873
1995,7,1,4,331,5.0395
1995,7,1,5,665,6.9291
1995,7,2,1,235,7.1420
1995,7,2,2,144,5.2901
1995,7,2,3,143,5.3025
1995,7,2,4,126,4.5895
1995,7,2,5,220,7.5134
1995,7,3,1,152,3.8572
1995,7,3,2,176,3.3177
1995,7,3,3,171,3.7498
1995,7,3,4,171,3.4290
1995,7,3,5,172,4.3517
1995,8,1,1,754,4.9847
1995,8,1,2,399,2.9082
1995,8,1,3,393,2.9695
1995,8,1,4,330,3.8103
1995,8,1,5,659,5.0872
1995,8,2,1,231,0.3932
1995,8,2,2,144,2.4258
1995,8,2,3,142,1.0368
1995,8,2,4,125,0.4706
1995,8,2,5,219,1.6707
1995,8,3,1,150,0.2306
1995,8,3,2,175,-0.7172
1995,8,3,3,170,-0.3096
1995,8,3,4,170,0.4439
1995,8,3,5,172,0.7695
1995,9,1,1,745,2.1679
1995,9,1,2,398,1.7808
1995,9,1,3,391,2.7819
1995,9,1,4,325,2.6923
1995,9,1,5,654,3.1967
1995,9,2,1,229,0.3693
1995,9,2,2,143,0.8617
1995,9,2,3,142,1.2718
1995,9,2,4,125,1.9656
1995,9,2,5,219,4.0390
1995,9,3,1,150,4.2152
1995,9,3,2,175,2.9028
1995,9,3,3,169,4.1567
1995,9,3,4,169,4.1383
1995,9,3,5,172,2.4569
1995,10,1,1,742,-7.4408
1995,10,1,2,395,-5.7607
1995,10,1,3,388,-3.8084
1995,10,1,4,325,-4.9282
1995,10,1,5,647,-5.0415
1995,10,2,1,227,-7.9687
1995,10,2,2,142,-5.7469
1995,10,2,3,142,-5.7112
1995,10,2,4,125,-5.8516
1995,10,2,5,219,-6.3668
1995,10,3,1,150,-2.9711
1995,10,3,2,175,1.2403
1995,10,3,3,168,-0.3131
1995,10,3,4,168,-0.5171
1995,10,3,5,170,0.9995
1995,11,1,1,735,1.0406
1995,11,1,2,390,2.0745
1995,11,1,3,385,2.9127
1995,11,1,4,322,1.4039
1995,11,1,5,642,0.3923
1995,11,2,1,225,4.2435
1995,11,2,2,142,6.2153
1995,11,2,3,142,3.3827
1995,11,2,4,124,5.0749
1995,11,2,5,217,4.2758
1995,11,3,1,149,4.5917
1995,11,3,2,175,3.2907
1995,11,3,3,168,4.5442
1995,11,3,4,167,3.1166
1995,11,3,5,170,3.7415
1995,12,1,1,726,1.7834
1995,12,1,2,387,2.3690
1995,12,1,3,384,2.4649
1995,12,1,4,320,2.4209
1995,12,1,5,634,2.0345
1995,12,2,1,225,2.7068
1995,12,2,2,141,0.3987
1995,12,2,3,141,2.6259
1995,12,2,4,124,2.5882
1995,12,2,5,215,2.2454
1995,12,3,1,148,1.6114
1995,12,3,2,175,0.6600
1995,12,3,3,167,3.7262
1995,12,3,4,167,1.9111
1995,12,3,5,169,-0.9897
1996,1,1,1,721,2.5239
1996,1,1,2,387,-1.2090
1996,1,1,3,381,-1.3628
1996,1,1,4,316,2.6451
1996,1,1,5,629,2.9136
1996,1,2,1,225,1.2065
1996,1,2,2,141,0.9312
1996,1,2,3,141,-0.9006
1996,1,2,4,124,-0.1054
1996,1,2,5,214,-1.1945
1996,1,3,1,148,1.5216
1996,1,3,2,175,3.4728
1996,1,3,3,167,2.6859
1996,1,3,4,166,2.2917
1996,1,3,5,168,4.3428
1996,2,1,1,711,2.2164
1996,2,1,2,387,2.6602
1996,2,1,3,379,3.8751
1996,2,1,4,312,4.9466
1996,2,1,5,625,3.6736
1996,2,2,1,222,2.4299
1996,2,2,2,139,4.5713
1996,2,2,3,140,2.9435
1996,2,2,4,124,3.0181
1996,2,2,5,212,4.8458
1996,2,3,1,148,1.1218
1996,2,3,2,174,1.9035
1996,2,3,3,166,0.1670
1996,2,3,4,166,1.0090
1996,2,3,5,168,2.7180
1996,3,1,1,705,2.5622
1996,3,1,2,384,3.4137
1996,3,1,3,377,1.4169
1996,3,1,4,312,6.2911
1996,3,1,5,620,2.2303
1996,3,2,1,220,2.9794
1996,3,2,2,139,1.5932
1996,3,2,3,140,1.9867
1996,3,2,4,123,4.5372
1996,3,2,5,212,2.0174
1996,3,3,1,148,2.4332
1996,3,3,2,173,0.0525
1996,3,3,3,166,2.0666
1996,3,3,4,164,0.8691
1996,3,3,5,168,-0.9147
1996,4,1,1,702,9.4518
1996,4,1,2,382,10.5283
1996,4,1,3,374,8.7522
1996,4,1,4,307,7.9489
1996,4,1,5,617,7.8372
1996,4,2,1,219,8.2981
1996,4,2,2,139,5.1255
1996,4,2,3,139,2.9692
1996,4,2,4,123,8.3079
1996,4,2,5,211,7.3814
1996,4,3,1,146,1.7847
1996,4,3,2,171,1.9271
1996,4,3,3,166,1.5848
1996,4,3,4,163,2.4047
1996,4,3,5,168,4.2358
1996,5,1,1,700,8.2582
1996,5,1,2,380,7.1325
1996,5,1,3,373,7.2871
1996,5,1,4,305,8.3892
1996,5,1,5,614,9.2261
1996,5,2,1,219,4.3529
1996,5,2,2,139,2.9214
1996,5,2,3,138,4.0801
1996,5,2,4,123,6.1266
1996,5,2,5,211,8.5044
1996,5,3,1,145,3.0853
1996,5,3,2,170,3.5377
1996,5,3,3,166,2.1950
1996,5,3,4,163,1.9716
1996,5,3,5,168,2.1468
1996,6,1,1,696,-6.2048
1996,6,1,2,375,-6.0353
1996,6,1,3,367,-8.0059
1996,6,1,4,303,-4.4689
1996,6,1,5,608,-5.3419
1996,6,2,1,217,-4.7769
1996,6,2,2,139,-3.2866
1996,6,2,3,137,-2.7474
1996,6,2,4,121,-5.5298
1996,6,2,5,209,-4.2662
1996,6,3,1,145,-1.0691
1996,6,3,2,170,0.5006
1996,6,3,3,166,1.3181
1996,6,3,4,163,-0.0311
1996,6,3,5,167,-2.2598
1996,7,1,1,830,-11.2877
1996,7,1,2,467,-6.8694
1996,7,1,3,342,-6.8277
1996,7,1,4,359,-9.6297
1996,7,1,5,646,-9.1010
1996,7,2,1,270,-10.2924
1996,7,2,2,162,-8.7229
1996,7,2,3,128,-9.1444
1996,7,2,4,141,-8.3066
1996,7,2,5,264,-12.0912
1996,7,3,1,174,-5.9584
1996,7,3,2,156,-5.7527
1996,7,3,3,172,-3.8763
1996,7,3,4,166,-4.8719
1996,7,3,5,199,-5.6770
1996,8,1,1,823,4.3430
1996,8,1,2,466,4.0312
1996,8,1,3,341,4.4981
1996,8,1,4,355,3.3948
1996,8,1,5,642,3.7777
1996,8,2,1,267,6.1289
1996,8,2,2,160,5.2352
1996,8,2,3,127,4.2438
1996,8,2,4,140,6.0185
1996,8,2,5,263,6.6386
1996,8,3,1,174,3.8384
1996,8,3,2,155,2.9136
1996,8,3,3,169,2.9804
1996,8,3,4,166,-0.2711
1996,8,3,5,198,4.1155
1996,9,1,1,812,2.1816
1996,9,1,2,458,1.9551
1996,9,1,3,336,2.8075
1996,9,1,4,352,2.4077
1996,9,1,5,638,3.6442
1996,9,2,1,267,3.0724
1996,9,2,2,160,3.1397
1996,9,2,3,127,3.1226
1996,9,2,4,138,2.4730
1996,9,2,5,262,4.4755
1996,9,3,1,174,5.1723
1996,9,3,2,154,5.3321
1996,9,3,3,168,5.4485
1996,9,3,4,166,4.5103
1996,9,3,5,198,7.1137
1996,10,1,1,804,-4.0413
1996,10,1,2,453,-1.8832
1996,10,1,3,336,-1.0581
1996,10,1,4,351,-0.3718
1996,10,1,5,632,-2.3639
1996,10,2,1,267,-2.2401
1996,10,2,2,158,-1.9768
1996,10,2,3,127,-1.7579
1996,10,2,4,138,-0.6969
1996,10,2,5,260,-2.2085
1996,10,3,1,171,-0.8736
1996,10,3,2,154,2.0194
1996,10,3,3,168,3.0384
1996,10,3,4,166,2.0096
1996,10,3,5,197,-0.2968
1996,11,1,1,797,1.2381
1996,11,1,2,449,2.2281
1996,11,1,3,331,0.5535
1996,11,1,4,351,4.9951
1996,11,1,5,631,3.4242
1996,11,2,1,266,0.9530
1996,11,2,2,158,5.2782
1996,11,2,3,127,4.3311
1996,11,2,4,136,2.5023
1996,11,2,5,259,4.4525
1996,11,3,1,171,4.4817
1996,11,3,2,154,7.0008
1996,11,3,3,168,7.2735
1996,11,3,4,164,6.9828
1996,11,3,5,197,8.2305
1996,12,1,1,791,0.1289
1996,12,1,2,445,1.0294
1996,12,1,3,329,0.8544
1996,12,1,4,347,1.6399
1996,12,1,5,629,1.8238
1996,12,2,1,266,0.8257
1996,12,2,2,157,2.2681
1996,12,2,3,127,1.9455
1996,12,2,4,136,0.9001
1996,12,2,5,258,3.6076
1996,12,3,1,171,-1.3043
1996,12,3,2,154,-1.2089
1996,12,3,3,168,-1.1918
1996,12,3,4,164,-0.5200
1996,12,3,5,196,-3.0577
1997,1,1,1,781,8.1589
1997,1,1,2,440,3.7795
1997,1,1,3,327,4.2551
1997,1,1,4,344,4.8218
1997,1,1,5,622,4.8697
1997,1,2,1,266,2.9564
1997,1,2,2,156,1.2013
1997,1,2,3,125,5.3259
1997,1,2,4,135,2.7167
1997,1,2,5,257,4.1861
1997,1,3,1,167,3.2770
1997,1,3,2,154,6.2053
1997,1,3,3,166,4.0008
1997,1,3,4,164,5.9078
1997,1,3,5,196,7.8466
1997,2,1,1,771,-3.1372
1997,2,1,2,437,-1.5726
1997,2,1,3,325,-3.9284
1997,2,1,4,341,-1.5549
1997,2,1,5,620,-4.4331
1997,2,2,1,264,-4.2671
1997,2,2,2,156,-3.7540
1997,2,2,3,124,-2.9225
1997,2,2,4,135,-1.2606
1997,2,2,5,257,-4.0527
1997,2,3,1,165,1.3687
1997,2,3,2,154,-0.0678
1997,2,3,3,165,-0.2800
1997,2,3,4,163,-0.2850
1997,2,3,5,195,-2.5071
1997,3,1,1,765,-6.3918
1997,3,1,2,434,-2.9248
1997,3,1,3,323,-3.5449
1997,3,1,4,338,-3.7974
1997,3,1,5,614,-5.4100
1997,3,2,1,261,-5.4203
1997,3,2,2,155,-2.8171
1997,3,2,3,124,-5.9321
1997,3,2,4,134,-2.8131
1997,3,2,5,254,-5.6082
1997,3,3,1,165,-4.4151
1997,3,3,2,154,-4.1019
1997,3,3,3,165,-1.7888
1997,3,3,4,163,-3.0428
1997,3,3,5,195,-6.0287
1997,4,1,1,759,-5.0156
1997,4,1,2,430,-3.7934
1997,4,1,3,322,-4.6834
1997,4,1,4,331,-2.4378
1997,4,1,5,610,-2.4554
1997,4,2,1,260,-0.2693
1997,4,2,2,153,-0.0624
1997,4,2,3,124,1.0497
1997,4,2,4,134,0.6582
1997,4,2,5,254,0.1327
1997,4,3,1,165,3.4983
1997,4,3,2,154,6.2108
1997,4,3,3,165,3.6363
1997,4,3,4,163,3.5554
1997,4,3,5,194,8.9027
1997,5,1,1,751,10.5316
1997,5,1,2,425,8.6123
1997,5,1,3,320,10.1980
1997,5,1,4,331,9.5849
1997,5,1,5,608,12.2623
1997,5,2,1,259,13.3119
1997,5,2,2,152,11.4480
1997,5,2,3,124,10.5018
1997,5,2,4,133,11.2771
1997,5,2,5,252,15.0004
1997,5,3,1,165,6.7322
1997,5,3,2,153,5.5794
1997,5,3,3,165,6.6142
1997,5,3,4,163,7.2094
1997,5,3,5,193,7.7544
1997,6,1,1,743,5.8702
1997,6,1,2,422,6.3863
1997,6,1,3,319,4.1655
1997,6,1,4,330,5.0321
1997,6,1,5,605,5.3492
1997,6,2,1,257,4.7584
1997,6,2,2,152,6.2272
1997,6,2,3,124,2.0453
1997,6,2,4,133,4.5777
1997,6,2,5,250,2.9848
1997,6,3,1,162,5.3096
1997,6,3,2,153,2.7319
1997,6,3,3,165,3.4559
1997,6,3,4,163,5.4758
1997,6,3,5,192,3.2115
1997,7,1,1,781,5.8951
1997,7,1,2,447,7.3556
1997,7,1,3,424,3.0479
1997,7,1,4,367,5.8559
1997,7,1,5,801,4.8663
1997,7,2,1,201,5.3563
1997,7,2,2,154,5.2164
1997,7,2,3,134,5.4277
1997,7,2,4,133,7.3640
1997,7,2,5,246,6.2800
1997,7,3,1,183,9.4228
1997,7,3,2,199,8.2244
1997,7,3,3,165,5.6139
1997,7,3,4,184,5.0312
1997,7,3,5,200,10.0854
1997,8,1,1,771,4.4615
1997,8,1,2,445,5.6211
1997,8,1,3,419,5.4322
1997,8,1,4,363,5.6817
1997,8,1,5,793,5.1383
1997,8,2,1,201,4.9957
1997,8,2,2,154,2.6233
1997,8,2,3,132,4.0626
1997,8,2,4,132,3.2068
1997,8,2,5,243,2.9816
1997,8,3,1,183,-2.2324
1997,8,3,2,199,-3.9070
1997,8,3,3,164,-5.6060
1997,8,3,4,183,-5.4184
1997,8,3,5,198,-2.1963
1997,9,1,1,761,9.7343
1997,9,1,2,443,8.9261
1997,9,1,3,415,7.2536
1997,9,1,4,363,8.0370
1997,9,1,5,789,9.5003
1997,9,2,1,198,8.0684
1997,9,2,2,151,5.3341
1997,9,2,3,130,6.7532
1997,9,2,4,132,8.0206
1997,9,2,5,237,8.5288
1997,9,3,1,182,4.9244
1997,9,3,2,196,4.1871
1997,9,3,3,163,5.1040
1997,9,3,4,180,5.5110
1997,9,3,5,198,4.5457
1997,10,1,1,755,-3.6184
1997,10,1,2,437,-4.7016
1997,10,1,3,411,-2.8198
1997,10,1,4,360,-3.2602
1997,10,1,5,783,-4.7673
1997,10,2,1,196,-7.2255
1997,10,2,2,151,-5.3678
1997,10,2,3,130,-3.8372
1997,10,2,4,132,-3.8767
1997,10,2,5,235,-4.6630
1997,10,3,1,180,-3.3740
1997,10,3,2,196,-6.1497
1997,10,3,3,162,-3.2495
1997,10,3,4,178,-3.0713
1997,10,3,5,197,-2.5296
1997,11,1,1,743,-5.2141
1997,11,1,2,432,-2.1210
1997,11,1,3,406,-0.5778
1997,11,1,4,357,-2.4246
1997,11,1,5,776,-2.6814
1997,11,2,1,194,-5.0626
1997,11,2,2,151,0.8507
1997,11,2,3,126,0.4424
1997,11,2,4,131,-0.5933
1997,11,2,5,234,-1.7563
1997,11,3,1,178,0.8926
1997,11,3,2,195,4.0223
1997,11,3,3,162,4.2475
1997,11,3,4,178,7.3425
1997,11,3,5,196,2.6509
1997,12,1,1,735,-4.4989
1997,12,1,2,430,-3.2089
1997,12,1,3,401,-1.4189
1997,12,1,4,354,-0.5503
1997,12,1,5,774,-5.5189
1997,12,2,1,190,-2.1528
1997,12,2,2,151,0.3565
1997,12,2,3,125,1.3880
1997,12,2,4,131,0.5862
1997,12,2,5,231,-0.5842
1997,12,3,1,177,1.6038
1997,12,3,2,195,0.2553
1997,12,3,3,162,2.2623
1997,12,3,4,177,2.3222
1997,12,3,5,195,-1.3159
1998,1,1,1,723,-0.2483
1998,1,1,2,422,-0.2745
1998,1,1,3,397,-0.0606
1998,1,1,4,349,-1.4109
1998,1,1,5,767,0.0447
1998,1,2,1,189,-0.6982
1998,1,2,2,149,-2.0822
1998,1,2,3,123,-1.1633
1998,1,2,4,128,-1.3858
1998,1,2,5,227,-0.2047
1998,1,3,1,176,1.0038
1998,1,3,2,195,1.1304
1998,1,3,3,161,0.0966
1998,1,3,4,177,0.6749
1998,1,3,5,195,4.6562
1998,2,1,1,714,6.7322
1998,2,1,2,418,4.7743
1998,2,1,3,392,6.2607
1998,2,1,4,346,5.3637
1998,2,1,5,758,6.1426
1998,2,2,1,186,9.2054
1998,2,2,2,148,7.8639
1998,2,2,3,123,8.8184
1998,2,2,4,125,7.1656
1998,2,2,5,227,8.3049
1998,2,3,1,174,6.6667
1998,2,3,2,195,8.2817
1998,2,3,3,159,7.3510
1998,2,3,4,177,5.5252
1998,2,3,5,195,6.6810
1998,3,1,1,705,4.7185
1998,3,1,2,414,5.6518
1998,3,1,3,386,3.3884
1998,3,1,4,341,3.9261
1998,3,1,5,752,4.7515
1998,3,2,1,184,2.8650
1998,3,2,2,148,4.1232
1998,3,2,3,123,4.1181
1998,3,2,4,125,5.5321
1998,3,2,5,225,3.7742
1998,3,3,1,174,4.6579
1998,3,3,2,194,5.2829
1998,3,3,3,159,6.1995
1998,3,3,4,177,5.7124
1998,3,3,5,195,1.9412
1998,4,1,1,691,2.2251
1998,4,1,2,412,2.6953
1998,4,1,3,382,0.7720
1998,4,1,4,333,3.6938
1998,4,1,5,741,3.1731
1998,4,2,1,183,0.2921
1998,4,2,2,146,0.2596
1998,4,2,3,123,0.0200
1998,4,2,4,124,0.3266
1998,4,2,5,222,1.4142
1998,4,3,1,174,3.3356
1998,4,3,2,193,0.8594
1998,4,3,3,158,0.4082
1998,4,3,4,177,-0.7562
1998,4,3,5,192,1.6679
1998,5,1,1,682,-5.1315
1998,5,1,2,407,-3.8770
1998,5,1,3,374,-5.4154
1998,5,1,4,329,-2.9867
1998,5,1,5,736,-4.8885
1998,5,2,1,183,-6.1891
1998,5,2,2,146,-5.3974
1998,5,2,3,123,-5.2822
1998,5,2,4,122,-5.3442
1998,5,2,5,220,-6.0248
1998,5,3,1,174,-4.9591
1998,5,3,2,192,-0.7920
1998,5,3,3,158,-1.9937
1998,5,3,4,177,-1.0794
1998,5,3,5,191,-3.1226
1998,6,1,1,675,-1.0682
1998,6,1,2,404,-0.6062
1998,6,1,3,372,-1.5319
1998,6,1,4,327,-2.7063
1998,6,1,5,726,-1.6670
1998,6,2,1,183,-1.0397
1998,6,2,2,145,-0.4189
1998,6,2,3,122,0.6656
1998,6,2,4,121,-0.4083
1998,6,2,5,220,0.3933
1998,6,3,1,174,0.7694
1998,6,3,2,190,3.4075
1998,6,3,3,157,2.7623
1998,6,3,4,175,3.2858
1998,6,3,5,190,6.9271
1998,7,1,1,686,-8.1703
1998,7,1,2,552,-7.0361
1998,7,1,3,356,-8.7765
1998,7,1,4,577,-5.9912
1998,7,1,5,717,-7.4575
1998,7,2,1,236,-9.5605
1998,7,2,2,158,-9.1880
1998,7,2,3,144,-7.8150
1998,7,2,4,167,-7.8394
1998,7,2,5,231,-6.9854
1998,7,3,1,170,-4.1163
1998,7,3,2,188,-3.0178
1998,7,3,3,190,-1.0814
1998,7,3,4,198,-1.6703
1998,7,3,5,221,-0.6008
1998,8,1,1,679,-24.8382
1998,8,1,2,544,-20.0512
1998,8,1,3,354,-19.3265
1998,8,1,4,568,-20.4655
1998,8,1,5,705,-21.6297
1998,8,2,1,235,-25.3890
1998,8,2,2,157,-18.5994
1998,8,2,3,143,-16.3404
1998,8,2,4,166,-15.7973
1998,8,2,5,231,-20.1371
1998,8,3,1,167,-13.3339
1998,8,3,2,186,-12.8119
1998,8,3,3,189,-12.4245
1998,8,3,4,197,-12.7363
1998,8,3,5,220,-14.2117
1998,9,1,1,670,4.0893
1998,9,1,2,537,4.3195
1998,9,1,3,350,3.1203
1998,9,1,4,564,3.5544
1998,9,1,5,698,4.4786
1998,9,2,1,231,8.2556
1998,9,2,2,157,6.8530
1998,9,2,3,140,8.1299
1998,9,2,4,164,6.6852
1998,9,2,5,230,7.1335
1998,9,3,1,168,8.1436
1998,9,3,2,184,7.1600
1998,9,3,3,187,6.3601
1998,9,3,4,194,7.6962
1998,9,3,5,220,9.3816
1998,10,1,1,653,3.4884
1998,10,1,2,531,3.0414
1998,10,1,3,344,3.3366
1998,10,1,4,552,3.3243
1998,10,1,5,691,2.2544
1998,10,2,1,230,7.8004
1998,10,2,2,156,4.4415
1998,10,2,3,139,5.3594
1998,10,2,4,163,3.2858
1998,10,2,5,229,6.6981
1998,10,3,1,168,7.4794
1998,10,3,2,181,6.9093
1998,10,3,3,186,7.6761
1998,10,3,4,193,6.1659
1998,10,3,5,219,7.4415
1998,11,1,1,635,6.2168
1998,11,1,2,521,12.0832
1998,11,1,3,336,7.2169
1998,11,1,4,545,9.6991
1998,11,1,5,677,8.6430
1998,11,2,1,230,6.3093
1998,11,2,2,156,5.3317
1998,11,2,3,138,6.2094
1998,11,2,4,162,5.6622
1998,11,2,5,225,6.2608
1998,11,3,1,167,3.6238
1998,11,3,2,181,4.8805
1998,11,3,3,184,6.0178
1998,11,3,4,190,4.9069
1998,11,3,5,218,9.3137
1998,12,1,1,627,1.6766
1998,12,1,2,510,0.0750
1998,12,1,3,326,0.6167
1998,12,1,4,541,4.7006
1998,12,1,5,674,2.7628
1998,12,2,1,229,5.3056
1998,12,2,2,155,4.5957
1998,12,2,3,138,5.0010
1998,12,2,4,162,7.1546
1998,12,2,5,224,6.8400
1998,12,3,1,166,5.0613
1998,12,3,2,181,7.4046
1998,12,3,3,182,6.1219
1998,12,3,4,189,5.8483
1998,12,3,5,217,10.2198
1999,1,1,1,617,7.2088
1999,1,1,2,498,6.5837
1999,1,1,3,320,7.9399
1999,1,1,4,529,3.1283
1999,1,1,5,667,6.1178
1999,1,2,1,227,4.9804
1999,1,2,2,154,2.4382
1999,1,2,3,136,-2.6250
1999,1,2,4,162,-1.8882
1999,1,2,5,223,1.8333
1999,1,3,1,165,2.0866
1999,1,3,2,180,0.7679
1999,1,3,3,182,2.2641
1999,1,3,4,189,2.0635
1999,1,3,5,217,10.6458
1999,2,1,1,610,-8.6684
1999,2,1,2,491,-7.9928
1999,2,1,3,317,-7.2351
1999,2,1,4,513,-5.7260
1999,2,1,5,649,-7.8759
1999,2,2,1,225,-12.8953
1999,2,2,2,153,-7.6447
1999,2,2,3,135,-7.1835
1999,2,2,4,160,-8.3710
1999,2,2,5,223,-8.8418
1999,2,3,1,163,-5.1637
1999,2,3,2,180,-3.5403
1999,2,3,3,179,-2.2294
1999,2,3,4,189,-3.1455
1999,2,3,5,215,-7.3624
1999,3,1,1,599,-3.7813
1999,3,1,2,486,-0.6272
1999,3,1,3,313,-6.5817
1999,3,1,4,510,-4.5693
1999,3,1,5,636,-2.8975
1999,3,2,1,224,0.7239
1999,3,2,2,152,0.0449
1999,3,2,3,133,3.1790
1999,3,2,4,160,-0.8352
1999,3,2,5,221,-2.6662
1999,3,3,1,163,-1.2994
1999,3,3,2,180,3.0967
1999,3,3,3,179,2.9168
1999,3,3,4,189,2.1878
1999,3,3,5,214,8.1663
1999,4,1,1,584,9.4726
1999,4,1,2,478,9.5134
1999,4,1,3,307,10.7137
1999,4,1,4,503,9.0071
1999,4,1,5,624,8.9288
1999,4,2,1,219,9.8116
1999,4,2,2,149,10.4646
1999,4,2,3,133,6.1942
1999,4,2,4,157,6.8407
1999,4,2,5,219,7.6297
1999,4,3,1,162,9.2724
1999,4,3,2,178,5.2378
1999,4,3,3,178,4.3729
1999,4,3,4,186,3.5565
1999,4,3,5,210,-0.4587
1999,5,1,1,573,3.8420
1999,5,1,2,473,4.5755
1999,5,1,3,299,6.8099
1999,5,1,4,498,4.3335
1999,5,1,5,617,6.9033
1999,5,2,1,215,1.2828
1999,5,2,2,149,1.0836
1999,5,2,3,133,3.2895
1999,5,2,4,157,3.7184
1999,5,2,5,217,5.5247
1999,5,3,1,160,-2.5168
1999,5,3,2,178,1.7328
1999,5,3,3,178,-2.4771
1999,5,3,4,183,0.3539
1999,5,3,5,209,-3.1293
1999,6,1,1,558,6.2887
1999,6,1,2,468,7.9930
1999,6,1,3,298,7.0227
1999,6,1,4,496,7.3370
1999,6,1,5,610,7.4870
1999,6,2,1,215,5.0807
1999,6,2,2,148,9.3757
1999,6,2,3,132,5.9229
1999,6,2,4,156,6.7772
1999,6,2,5,215,9.1281
1999,6,3,1,158,7.4346
1999,6,3,2,178,4.7603
1999,6,3,3,177,5.4505
1999,6,3,4,184,2.2728
1999,6,3,5,207,7.9443
1999,7,1,1,632,2.2555
1999,7,1,2,476,2.1005
1999,7,1,3,373,2.0008
1999,7,1,4,509,1.8248
1999,7,1,5,657,1.1520
1999,7,2,1,243,-3.5521
1999,7,2,2,157,-2.7415
1999,7,2,3,137,-0.0953
1999,7,2,4,161,0.5504
1999,7,2,5,242,-0.6595
1999,7,3,1,161,-4.6006
1999,7,3,2,177,-1.6712
1999,7,3,3,191,-2.2274
1999,7,3,4,185,-3.4355
1999,7,3,5,237,-2.0166
1999,8,1,1,621,-2.5136
1999,8,1,2,470,-1.3115
1999,8,1,3,368,-1.1371
1999,8,1,4,504,-3.0587
1999,8,1,5,648,-2.4821
1999,8,2,1,242,-3.3091
1999,8,2,2,154,-3.0410
1999,8,2,3,133,-2.5723
1999,8,2,4,160,-2.5281
1999,8,2,5,240,-2.8230
1999,8,3,1,159,-6.5609
1999,8,3,2,176,2.1768
1999,8,3,3,190,-1.3338
1999,8,3,4,184,-1.5227
1999,8,3,5,235,3.0212
1999,9,1,1,615,-1.5800
1999,9,1,2,463,-1.6765
1999,9,1,3,364,-1.9037
1999,9,1,4,498,-0.4940
1999,9,1,5,641,-1.0896
1999,9,2,1,238,0.0609
1999,9,2,2,154,-1.8525
1999,9,2,3,132,-0.6645
1999,9,2,4,157,0.4174
1999,9,2,5,236,1.1149
1999,9,3,1,157,-4.1438
1999,9,3,2,175,-4.2709
1999,9,3,3,190,-2.1203
1999,9,3,4,181,-1.1529
1999,9,3,5,232,-0.7950
1999,10,1,1,605,-3.4149
1999,10,1,2,456,-0.4883
1999,10,1,3,353,-1.1445
1999,10,1,4,487,-0.8143
1999,10,1,5,633,-1.7704
1999,10,2,1,237,-4.2888
1999,10,2,2,154,-4.3411
1999,10,2,3,130,-2.5189
1999,10,2,4,156,0.9818
1999,10,2,5,235,1.7073
1999,10,3,1,155,7.7658
1999,10,3,2,174,8.5360
1999,10,3,3,190,1.7674
1999,10,3,4,180,3.8031
1999,10,3,5,230,6.0617
1999,11,1,1,592,13.0117
1999,11,1,2,451,11.9183
1999,11,1,3,352,14.2778
1999,11,1,4,482,14.3296
1999,11,1,5,625,13.0956
1999,11,2,1,234,7.9926
1999,11,2,2,154,7.0714
1999,11,2,3,130,6.9819
1999,11,2,4,154,6.9198
1999,11,2,5,234,11.4587
1999,11,3,1,153,2.0773
1999,11,3,2,173,2.2979
1999,11,3,3,188,2.3396
1999,11,3,4,177,3.7055
1999,11,3,5,229,6.8841
1999,12,1,1,578,17.6708
1999,12,1,2,444,17.5903
1999,12,1,3,346,15.4179
1999,12,1,4,478,10.6866
1999,12,1,5,622,16.5159
1999,12,2,1,230,14.7261
1999,12,2,2,152,9.1472
1999,12,2,3,129,9.0693
1999,12,2,4,151,9.4509
1999,12,2,5,225,12.5445
1999,12,3,1,151,5.0540
1999,12,3,2,171,9.1840
1999,12,3,3,185,3.1142
1999,12,3,4,177,3.9358
1999,12,3,5,228,14.9541
2000,1,1,1,566,6.2713
2000,1,1,2,440,12.6651
2000,1,1,3,340,7.1630
2000,1,1,4,474,7.3137
2000,1,1,5,614,10.8633
2000,1,2,1,229,-3.3238
2000,1,2,2,148,1.0334
2000,1,2,3,127,-0.4520
2000,1,2,4,150,-2.8089
2000,1,2,5,221,1.3338
2000,1,3,1,149,-5.5202
2000,1,3,2,171,-9.4573
2000,1,3,3,182,-2.7356
2000,1,3,4,177,-6.0446
2000,1,3,5,227,-3.6686
2000,2,1,1,559,34.2963
2000,2,1,2,437,38.5740
2000,2,1,3,334,27.5706
2000,2,1,4,471,25.4080
2000,2,1,5,609,34.4916
2000,2,2,1,226,21.9463
2000,2,2,2,148,10.9219
2000,2,2,3,126,21.2622
2000,2,2,4,149,9.8647
2000,2,2,5,219,25.7362
2000,2,3,1,149,4.0267
2000,2,3,2,171,-1.5334
2000,2,3,3,181,-2.9903
2000,2,3,4,176,-4.7225
2000,2,3,5,223,8.4092
2000,3,1,1,551,-8.8206
2000,3,1,2,433,-14.5462
2000,3,1,3,328,-7.4531
2000,3,1,4,462,-5.9773
2000,3,1,5,602,-15.7166
2000,3,2,1,224,-7.4742
2000,3,2,2,147,-0.0497
2000,3,2,3,125,-11.1462
2000,3,2,4,146,-4.1446
2000,3,2,5,215,-8.5696
2000,3,3,1,149,7.1949
2000,3,3,2,170,4.5323
2000,3,3,3,179,8.2092
2000,3,3,4,175,8.8423
2000,3,3,5,222,8.6480
2000,4,1,1,543,-17.7141
2000,4,1,2,426,-16.4196
2000,4,1,3,328,-14.1812
2000,4,1,4,458,-13.6510
2000,4,1,5,594,-18.6027
2000,4,2,1,222,-9.3238
2000,4,2,2,145,-5.7120
2000,4,2,3,125,-1.5285
2000,4,2,4,145,-7.7843
2000,4,2,5,211,-5.7061
2000,4,3,1,147,-3.9050
2000,4,3,2,169,-0.6799
2000,4,3,3,179,-0.4476
2000,4,3,4,175,0.2852
2000,4,3,5,219,-8.0494
2000,5,1,1,535,-12.0937
2000,5,1,2,421,-10.4013
2000,5,1,3,328,-11.2054
2000,5,1,4,454,-7.1005
2000,5,1,5,591,-12.4067
2000,5,2,1,219,-6.8906
2000,5,2,2,143,-7.0562
2000,5,2,3,124,-7.4634
2000,5,2,4,142,-4.9955
2000,5,2,5,208,-7.3349
2000,5,3,1,145,-2.3434
2000,5,3,2,168,-2.7207
2000,5,3,3,179,-2.0029
2000,5,3,4,173,0.2349
2000,5,3,5,218,-8.0491
2000,6,1,1,525,25.1685
2000,6,1,2,417,24.7822
2000,6,1,3,325,27.3994
2000,6,1,4,448,22.1024
2000,6,1,5,585,24.5096
2000,6,2,1,216,11.9390
2000,6,2,2,140,5.9547
2000,6,2,3,124,6.7177
2000,6,2,4,140,7.4239
2000,6,2,5,206,13.7751
2000,6,3,1,145,7.0955
2000,6,3,2,168,-0.4990
2000,6,3,3,179,-0.0211
2000,6,3,4,173,0.6819
2000,6,3,5,216,10.4703
2000,7,1,1,552,-1.7149
2000,7,1,2,420,-2.7106
2000,7,1,3,380,0.9688
2000,7,1,4,447,-2.3243
2000,7,1,5,529,-1.9479
2000,7,2,1,197,-3.7387
2000,7,2,2,154,-0.9349
2000,7,2,3,156,-1.0840
2000,7,2,4,188,-0.2815
2000,7,2,5,224,-3.7395
2000,7,3,1,172,-3.8749
2000,7,3,2,180,-3.4141
2000,7,3,3,179,-4.5436
2000,7,3,4,183,-3.2358
2000,7,3,5,306,-2.6177
2000,8,1,1,551,6.5106
2000,8,1,2,414,6.5392
2000,8,1,3,375,8.8013
2000,8,1,4,441,7.8490
2000,8,1,5,526,9.3099
2000,8,2,1,195,7.4070
2000,8,2,2,151,8.1328
2000,8,2,3,156,7.4779
2000,8,2,4,187,6.7867
2000,8,2,5,223,9.1997
2000,8,3,1,170,9.8099
2000,8,3,2,176,4.3986
2000,8,3,3,177,1.9929
2000,8,3,4,182,5.4353
2000,8,3,5,303,10.1327
2000,9,1,1,536,-5.4432
2000,9,1,2,411,-2.5894
2000,9,1,3,369,-1.8033
2000,9,1,4,440,-5.8847
2000,9,1,5,520,-3.0143
2000,9,2,1,194,-3.8837
2000,9,2,2,151,-2.8826
2000,9,2,3,154,-0.1231
2000,9,2,4,184,-1.6599
2000,9,2,5,220,-3.8157
2000,9,3,1,167,-2.4298
2000,9,3,2,176,-0.4082
2000,9,3,3,175,0.5698
2000,9,3,4,180,-5.2497
2000,9,3,5,301,-14.3161
2000,10,1,1,525,-9.8618
2000,10,1,2,407,-8.9230
2000,10,1,3,366,-6.0545
2000,10,1,4,433,-7.1757
2000,10,1,5,513,-7.7620
2000,10,2,1,192,-5.0349
2000,10,2,2,146,-2.0846
2000,10,2,3,154,-1.0320
2000,10,2,4,182,-3.7703
2000,10,2,5,219,-4.0752
2000,10,3,1,165,-2.4612
2000,10,3,2,175,-0.1540
2000,10,3,3,175,4.8605
2000,10,3,4,179,-2.5118
2000,10,3,5,294,-3.8383
2000,11,1,1,511,-9.5093
2000,11,1,2,394,-11.1658
2000,11,1,3,361,-9.1670
2000,11,1,4,425,-11.8154
2000,11,1,5,500,-12.8047
2000,11,2,1,190,-10.2077
2000,11,2,2,144,-4.9389
2000,11,2,3,153,-7.2240
2000,11,2,4,180,-7.4941
2000,11,2,5,217,-9.7140
2000,11,3,1,164,-12.4544
2000,11,3,2,174,-5.7424
2000,11,3,3,175,-4.8061
2000,11,3,4,177,-4.1215
2000,11,3,5,290,-16.5670
2000,12,1,1,498,-1.4639
2000,12,1,2,384,-4.2945
2000,12,1,3,358,2.7963
2000,12,1,4,420,-1.7494
2000,12,1,5,491,-3.8405
2000,12,2,1,190,6.0062
2000,12,2,2,142,11.2901
2000,12,2,3,151,10.2868
2000,12,2,4,179,6.2812
2000,12,2,5,216,6.7799
2000,12,3,1,163,0.5901
2000,12,3,2,174,1.5476
2000,12,3,3,173,4.2465
2000,12,3,4,175,3.7367
2000,12,3,5,289,-7.8053
2001,1,1,1,490,17.3928
2001,1,1,2,376,17.1260
2001,1,1,3,352,16.0545
2001,1,1,4,413,18.4277
2001,1,1,5,483,20.0480
2001,1,2,1,185,7.4789
2001,1,2,2,141,3.8163
2001,1,2,3,150,3.5665
2001,1,2,4,179,5.1130
2001,1,2,5,212,9.0592
2001,1,3,1,163,5.5620
2001,1,3,2,174,-0.6363
2001,1,3,3,170,-0.7199
2001,1,3,4,175,4.6737
2001,1,3,5,288,12.0819
2001,2,1,1,478,-7.8407
2001,2,1,2,375,-3.7148
2001,2,1,3,342,-4.0064
2001,2,1,4,403,-4.8181
2001,2,1,5,473,-6.4682
2001,2,2,1,185,-5.5132
2001,2,2,2,140,-3.9015
2001,2,2,3,146,-0.0976
2001,2,2,4,178,-5.8829
2001,2,2,5,209,-7.8454
2001,2,3,1,162,-7.2798
2001,2,3,2,173,-4.3716
2001,2,3,3,170,-4.2090
2001,2,3,4,175,-7.1461
2001,2,3,5,287,-19.6288
2001,3,1,1,465,-4.2463
2001,3,1,2,371,-4.4129
2001,3,1,3,340,-3.1053
2001,3,1,4,401,-4.1569
2001,3,1,5,471,-5.9801
2001,3,2,1,185,-4.6354
2001,3,2,2,138,-4.3175
2001,3,2,3,144,-3.4217
2001,3,2,4,177,-4.1450
2001,3,2,5,206,-4.2227
2001,3,3,1,160,-9.7720
2001,3,3,2,170,-7.6749
2001,3,3,3,170,-3.7514
2001,3,3,4,174,-4.7110
2001,3,3,5,286,-10.3262
2001,4,1,1,459,7.5707
2001,4,1,2,363,4.0667
2001,4,1,3,333,4.5271
2001,4,1,4,398,6.1144
2001,4,1,5,464,9.1648
2001,4,2,1,183,5.2499
2001,4,2,2,138,8.7459
2001,4,2,3,143,5.0533
2001,4,2,4,176,7.7221
2001,4,2,5,206,10.4213
2001,4,3,1,160,6.0186
2001,4,3,2,169,8.8004
2001,4,3,3,169,6.0803
2001,4,3,4,173,6.7350
2001,4,3,5,284,14.7973
2001,5,1,1,449,12.1930
2001,5,1,2,355,8.8861
2001,5,1,3,323,11.8137
2001,5,1,4,396,11.6746
2001,5,1,5,454,12.9202
2001,5,2,1,179,6.1515
2001,5,2,2,138,2.6485
2001,5,2,3,141,3.2916
2001,5,2,4,176,3.1047
2001,5,2,5,204,3.9382
2001,5,3,1,159,-0.3011
2001,5,3,2,169,1.0963
2001,5,3,3,169,0.6107
2001,5,3,4,172,0.7434
2001,5,3,5,283,-1.1027
2001,6,1,1,443,5.2261
2001,6,1,2,344,1.2868
2001,6,1,3,318,2.8920
2001,6,1,4,385,-0.2500
2001,6,1,5,448,2.2774
2001,6,2,1,177,4.5928
2001,6,2,2,137,7.5158
2001,6,2,3,139,4.3423
2001,6,2,4,174,2.5700
2001,6,2,5,202,4.5853
2001,6,3,1,158,-4.0600
2001,6,3,2,169,-4.2260
2001,6,3,3,166,-5.7913
2001,6,3,4,171,-0.8016
2001,6,3,5,283,0.3548
2001,7,1,1,539,-4.2767
2001,7,1,2,376,-1.6637
2001,7,1,3,429,-2.5936
2001,7,1,4,340,-1.4638
2001,7,1,5,542,-4.0040
2001,7,2,1,201,-7.8919
2001,7,2,2,159,-3.5825
2001,7,2,3,165,-3.3880
2001,7,2,4,138,-3.1953
2001,7,2,5,250,-8.3858
2001,7,3,1,189,-1.6121
2001,7,3,2,166,1.8219
2001,7,3,3,137,1.7869
2001,7,3,4,145,-3.6790
2001,7,3,5,245,-3.9844
2001,8,1,1,527,-5.6569
2001,8,1,2,373,-4.6136
2001,8,1,3,423,-2.6202
2001,8,1,4,335,-2.8387
2001,8,1,5,532,-2.4613
2001,8,2,1,201,-4.2028
2001,8,2,2,157,-1.7302
2001,8,2,3,164,-3.6540
2001,8,2,4,138,-0.8484
2001,8,2,5,248,-4.9231
2001,8,3,1,189,-6.4160
2001,8,3,2,165,-8.0018
2001,8,3,3,137,-3.3652
2001,8,3,4,145,-2.5969
2001,8,3,5,244,-9.3654
2001,9,1,1,507,-16.2730
2001,9,1,2,364,-14.7058
2001,9,1,3,413,-13.8484
2001,9,1,4,329,-11.7157
2001,9,1,5,517,-14.0751
2001,9,2,1,200,-17.0745
2001,9,2,2,156,-14.3921
2001,9,2,3,164,-17.7109
2001,9,2,4,137,-13.9770
2001,9,2,5,247,-18.4178
2001,9,3,1,186,-8.8835
2001,9,3,2,162,-10.8788
2001,9,3,3,136,-7.1089
2001,9,3,4,143,-6.2267
2001,9,3,5,241,-11.3426
2001,10,1,1,501,6.7795
2001,10,1,2,362,10.1657
2001,10,1,3,404,7.8872
2001,10,1,4,326,6.3895
2001,10,1,5,511,11.0019
2001,10,2,1,200,8.5619
2001,10,2,2,155,6.5991
2001,10,2,3,162,6.5044
2001,10,2,4,135,4.6515
2001,10,2,5,245,9.7947
2001,10,3,1,185,2.2341
2001,10,3,2,161,1.2090
2001,10,3,3,136,2.0733
2001,10,3,4,143,1.9060
2001,10,3,5,240,7.9140
2001,11,1,1,494,8.6008
2001,11,1,2,354,7.0256
2001,11,1,3,400,7.8386
2001,11,1,4,324,3.5264
2001,11,1,5,507,6.5786
2001,11,2,1,199,8.6366
2001,11,2,2,154,8.7971
2001,11,2,3,161,11.2396
2001,11,2,4,133,6.3896
2001,11,2,5,245,10.6535
2001,11,3,1,184,6.3536
2001,11,3,2,160,9.1665
2001,11,3,3,136,7.4479
2001,11,3,4,141,4.5894
2001,11,3,5,239,10.6719
2001,12,1,1,483,6.1815
2001,12,1,2,346,4.9309
2001,12,1,3,386,7.6060
2001,12,1,4,319,8.5931
2001,12,1,5,500,9.2813
2001,12,2,1,197,8.3153
2001,12,2,2,154,5.4578
2001,12,2,3,161,6.2131
2001,12,2,4,133,8.3180
2001,12,2,5,244,5.6935
2001,12,3,1,184,2.0957
2001,12,3,2,159,1.2245
2001,12,3,3,136,1.2986
2001,12,3,4,138,2.4676
2001,12,3,5,238,-1.1773
2002,1,1,1,479,5.6270
2002,1,1,2,343,5.8990
2002,1,1,3,380,2.4330
2002,1,1,4,318,2.5096
2002,1,1,5,493,-1.7324
2002,1,2,1,197,-1.1628
2002,1,2,2,154,0.0057
2002,1,2,3,160,2.3091
2002,1,2,4,132,0.4438
2002,1,2,5,242,-4.5134
2002,1,3,1,183,-2.9952
2002,1,3,2,157,2.5058
2002,1,3,3,136,-2.5458
2002,1,3,4,138,-1.6928
2002,1,3,5,236,-1.1653
2002,2,1,1,468,-8.0184
2002,2,1,2,339,-3.8144
2002,2,1,3,377,-2.7082
2002,2,1,4,315,-1.5696
2002,2,1,5,490,-6.7899
2002,2,2,1,197,-2.4752
2002,2,2,2,153,-0.1650
2002,2,2,3,160,-3.0880
2002,2,2,4,132,-1.4485
2002,2,2,5,242,-5.2323
2002,2,3,1,181,-0.3983
2002,2,3,2,155,-3.0135
2002,2,3,3,135,-0.6373
2002,2,3,4,137,1.6194
2002,2,3,5,235,-6.1859
2002,3,1,1,460,8.8752
2002,3,1,2,337,7.1631
2002,3,1,3,372,11.4943
2002,3,1,4,307,8.2362
2002,3,1,5,487,9.6482
2002,3,2,1,195,7.3730
2002,3,2,2,154,8.3995
2002,3,2,3,159,10.4029
2002,3,2,4,132,10.9190
2002,3,2,5,242,9.5019
2002,3,3,1,179,3.6645
2002,3,3,2,155,3.1660
2002,3,3,3,135,1.5812
2002,3,3,4,136,3.2197
2002,3,3,5,235,4.8112
2002,4,1,1,452,0.9211
2002,4,1,2,335,3.3685
2002,4,1,3,365,1.9898
2002,4,1,4,306,5.0338
2002,4,1,5,485,-0.0271
2002,4,2,1,194,-0.4101
2002,4,2,2,152,1.6925
2002,4,2,3,159,2.6353
2002,4,2,4,132,1.2701
2002,4,2,5,241,-3.8091
2002,4,3,1,177,-6.0515
2002,4,3,2,155,-5.2854
2002,4,3,3,134,-7.2757
2002,4,3,4,136,-5.9988
2002,4,3,5,234,-8.1195
2002,5,1,1,442,-3.1955
2002,5,1,2,329,-0.3299
2002,5,1,3,361,-1.7968
2002,5,1,4,304,-1.4140
2002,5,1,5,477,-1.6446
2002,5,2,1,193,-6.3723
2002,5,2,2,151,-3.1727
2002,5,2,3,158,-4.8771
2002,5,2,4,132,-2.7768
2002,5,2,5,240,-6.6185
2002,5,3,1,177,-0.2181
2002,5,3,2,155,-1.1191
2002,5,3,3,134,0.2535
2002,5,3,4,136,-0.9470
2002,5,3,5,234,-2.6649
2002,6,1,1,439,-4.2698
2002,6,1,2,321,-1.6685
2002,6,1,3,358,-3.0986
2002,6,1,4,299,-2.3438
2002,6,1,5,472,-4.7150
2002,6,2,1,193,-4.8022
2002,6,2,2,151,-5.1207
2002,6,2,3,156,-4.4362
2002,6,2,4,131,-4.2509
2002,6,2,5,240,-8.0093
2002,6,3,1,175,-9.6297
2002,6,3,2,154,-8.5482
2002,6,3,3,134,-8.1851
2002,6,3,4,135,-7.1449
2002,6,3,5,234,-6.5554
2002,7,1,1,551,-17.9008
2002,7,1,2,436,-14.4858
2002,7,1,3,431,-14.2047
2002,7,1,4,380,-16.0803
2002,7,1,5,534,-14.9665
2002,7,2,1,160,-17.2501
2002,7,2,2,147,-18.3511
2002,7,2,3,145,-18.1217
2002,7,2,4,115,-16.5285
2002,7,2,5,219,-13.9462
2002,7,3,1,161,-10.7575
2002,7,3,2,150,-5.6192
2002,7,3,3,157,-7.9574
2002,7,3,4,165,-8.1076
2002,7,3,5,150,-5.0831
2002,8,1,1,544,-2.8997
2002,8,1,2,431,-1.4488
2002,8,1,3,427,-4.2475
2002,8,1,4,375,-1.4913
2002,8,1,5,529,-1.3565
2002,8,2,1,160,0.5011
2002,8,2,2,147,-0.2078
2002,8,2,3,145,-0.2647
2002,8,2,4,114,-0.0113
2002,8,2,5,219,-0.2375
2002,8,3,1,160,-0.2725
2002,8,3,2,150,-0.8789
2002,8,3,3,157,-0.3736
2002,8,3,4,164,1.2203
2002,8,3,5,150,0.7738
2002,9,1,1,530,-10.4846
2002,9,1,2,422,-10.7671
2002,9,1,3,422,-9.3935
2002,9,1,4,370,-10.0436
2002,9,1,5,526,-9.3068
2002,9,2,1,159,-7.1350
2002,9,2,2,145,-8.5397
2002,9,2,3,145,-8.6342
2002,9,2,4,114,-7.4952
2002,9,2,5,219,-7.3201
2002,9,3,1,160,-10.6133
2002,9,3,2,150,-13.0054
2002,9,3,3,156,-9.6791
2002,9,3,4,164,-9.9068
2002,9,3,5,150,-8.3530
2002,10,1,1,523,6.8157
2002,10,1,2,418,6.5406
2002,10,1,3,419,2.5163
2002,10,1,4,367,2.3766
2002,10,1,5,524,3.9994
2002,10,2,1,159,5.5988
2002,10,2,2,145,4.3405
2002,10,2,3,145,6.7279
2002,10,2,4,114,4.6546
2002,10,2,5,219,4.0421
2002,10,3,1,159,4.2889
2002,10,3,2,150,7.4924
2002,10,3,3,156,10.6617
2002,10,3,4,164,6.9903
2002,10,3,5,150,10.8218
2002,11,1,1,516,19.1972
2002,11,1,2,410,12.9425
2002,11,1,3,411,12.7178
2002,11,1,4,361,11.8228
2002,11,1,5,518,13.8778
2002,11,2,1,158,12.4576
2002,11,2,2,145,11.2634
2002,11,2,3,145,10.2499
2002,11,2,4,113,7.8094
2002,11,2,5,219,10.5832
2002,11,3,1,159,10.0160
2002,11,3,2,150,7.7630
2002,11,3,3,156,5.2553
2002,11,3,4,163,4.6507
2002,11,3,5,150,5.5473
2002,12,1,1,506,-8.3791
2002,12,1,2,408,-6.0283
2002,12,1,3,405,-6.6124
2002,12,1,4,356,-4.8968
2002,12,1,5,516,-6.2851
2002,12,2,1,158,-7.4556
2002,12,2,2,144,-8.3571
2002,12,2,3,145,-7.3722
2002,12,2,4,113,-6.4385
2002,12,2,5,218,-7.4658
2002,12,3,1,159,-7.9857
2002,12,3,2,149,-6.2059
2002,12,3,3,156,-5.7828
2002,12,3,4,163,-3.9355
2002,12,3,5,150,-6.0647
2003,1,1,1,497,0.0039
2003,1,1,2,405,-0.4265
2003,1,1,3,401,0.2784
2003,1,1,4,349,-1.8049
2003,1,1,5,508,-2.9823
2003,1,2,1,158,-4.9196
2003,1,2,2,144,-4.9655
2003,1,2,3,144,-3.1664
2003,1,2,4,113,-3.2972
2003,1,2,5,217,-2.5851
2003,1,3,1,159,-2.4706
2003,1,3,2,149,-2.2099
2003,1,3,3,156,-3.3926
2003,1,3,4,162,-2.9377
2003,1,3,5,150,-3.2751
2003,2,1,1,489,-3.6845
2003,2,1,2,401,-3.6029
2003,2,1,3,395,-4.5247
2003,2,1,4,346,-3.6166
2003,2,1,5,500,-4.8903
2003,2,2,1,156,-2.0363
2003,2,2,2,144,-3.0028
2003,2,2,3,144,-4.2773
2003,2,2,4,111,-3.4605
2003,2,2,5,217,-3.2015
2003,2,3,1,159,-0.8813
2003,2,3,2,148,-0.9114
2003,2,3,3,155,-2.5200
2003,2,3,4,162,-0.8683
2003,2,3,5,150,-0.9330
2003,3,1,1,480,-0.1115
2003,3,1,2,394,3.2492
2003,3,1,3,390,0.0763
2003,3,1,4,341,0.5279
2003,3,1,5,492,2.1127
2003,3,2,1,156,2.8305
2003,3,2,2,144,0.8517
2003,3,2,3,144,1.1378
2003,3,2,4,111,0.9674
2003,3,2,5,217,1.7726
2003,3,3,1,159,0.6340
2003,3,3,2,148,1.5197
2003,3,3,3,155,2.1556
2003,3,3,4,162,1.4230
2003,3,3,5,149,1.2211
2003,4,1,1,468,10.2846
2003,4,1,2,391,12.6201
2003,4,1,3,383,10.3713
2003,4,1,4,336,10.4261
2003,4,1,5,479,10.1669
2003,4,2,1,155,9.0331
2003,4,2,2,142,10.4891
2003,4,2,3,143,9.2951
2003,4,2,4,111,11.2377
2003,4,2,5,216,11.1514
2003,4,3,1,159,9.3134
2003,4,3,2,148,8.2378
2003,4,3,3,155,8.1229
2003,4,3,4,161,4.7798
2003,4,3,5,148,5.3569
2003,5,1,1,458,18.8752
2003,5,1,2,385,19.9749
2003,5,1,3,377,13.9775
2003,5,1,4,335,11.8197
2003,5,1,5,474,16.1730
2003,5,2,1,155,13.3474
2003,5,2,2,140,13.4298
2003,5,2,3,143,9.7023
2003,5,2,4,111,9.8785
2003,5,2,5,216,10.6931
2003,5,3,1,158,9.2274
2003,5,3,2,147,5.4779
2003,5,3,3,155,4.1494
2003,5,3,4,161,5.8488
2003,5,3,5,147,4.5767
2003,6,1,1,452,5.4355
2003,6,1,2,380,8.0009
2003,6,1,3,369,4.0064
2003,6,1,4,330,5.5748
2003,6,1,5,470,5.9204
2003,6,2,1,154,1.2119
2003,6,2,2,140,2.2292
2003,6,2,3,143,3.0913
2003,6,2,4,111,0.3202
2003,6,2,5,215,2.4822
2003,6,3,1,158,1.7511
2003,6,3,2,147,1.1073
2003,6,3,3,155,1.9200
2003,6,3,4,161,1.1606
2003,6,3,5,147,1.6836
2003,7,1,1,569,8.2559
2003,7,1,2,271,7.9082
2003,7,1,3,395,8.8201
2003,7,1,4,310,9.0964
2003,7,1,5,535,10.9989
2003,7,2,1,181,7.9011
2003,7,2,2,115,6.2596
2003,7,2,3,141,5.5222
2003,7,2,4,112,4.5442
2003,7,2,5,197,6.8534
2003,7,3,1,169,1.4618
2003,7,3,2,173,0.4238
2003,7,3,3,148,1.1949
2003,7,3,4,157,1.0046
2003,7,3,5,149,3.5563
2003,8,1,1,558,5.3093
2003,8,1,2,265,7.2083
2003,8,1,3,393,6.1004
2003,8,1,4,307,5.4772
2003,8,1,5,528,4.6919
2003,8,2,1,181,5.4924
2003,8,2,2,115,5.7218
2003,8,2,3,141,5.2847
2003,8,2,4,111,6.6279
2003,8,2,5,197,6.3792
2003,8,3,1,168,2.8957
2003,8,3,2,173,0.6411
2003,8,3,3,148,4.3077
2003,8,3,4,157,4.4921
2003,8,3,5,149,3.5607
2003,9,1,1,553,5.1925
2003,9,1,2,262,2.6650
2003,9,1,3,389,1.5855
2003,9,1,4,304,2.9235
2003,9,1,5,520,1.9112
2003,9,2,1,181,-3.2104
2003,9,2,2,113,-3.6959
2003,9,2,3,140,-2.6665
2003,9,2,4,110,-3.3880
2003,9,2,5,196,-4.5194
2003,9,3,1,168,-1.6650
2003,9,3,2,173,-0.9031
2003,9,3,3,148,-3.5211
2003,9,3,4,155,-2.3617
2003,9,3,5,149,0.0910
2003,10,1,1,545,10.2604
2003,10,1,2,261,11.7524
2003,10,1,3,388,9.3917
2003,10,1,4,301,11.7012
2003,10,1,5,511,8.9851
2003,10,2,1,181,8.4777
2003,10,2,2,112,9.0445
2003,10,2,3,140,7.7243
2003,10,2,4,110,9.8482
2003,10,2,5,195,8.1259
2003,10,3,1,168,4.3616
2003,10,3,2,171,6.2875
2003,10,3,3,148,5.7304
2003,10,3,4,155,7.7092
2003,10,3,5,149,3.4803
2003,11,1,1,539,3.2800
2003,11,1,2,259,5.9099
2003,11,1,3,385,5.5436
2003,11,1,4,296,6.4469
2003,11,1,5,506,4.8768
2003,11,2,1,180,2.4302
2003,11,2,2,112,4.5731
2003,11,2,3,140,3.2675
2003,11,2,4,110,3.3771
2003,11,2,5,193,2.6162
2003,11,3,1,168,0.8002
2003,11,3,2,171,3.8604
2003,11,3,3,148,0.3422
2003,11,3,4,155,0.6530
2003,11,3,5,148,0.8602
2003,12,1,1,535,2.1020
2003,12,1,2,255,1.7353
2003,12,1,3,377,2.8878
2003,12,1,4,296,3.4184
2003,12,1,5,500,2.1103
2003,12,2,1,180,1.6762
2003,12,2,2,112,2.8159
2003,12,2,3,140,3.3242
2003,12,2,4,110,3.9231
2003,12,2,5,193,2.0565
2003,12,3,1,168,5.2773
2003,12,3,2,171,4.8156
2003,12,3,3,147,4.9550
2003,12,3,4,154,4.1837
2003,12,3,5,148,4.0693
2004,1,1,1,531,9.8235
2004,1,1,2,253,6.6709
2004,1,1,3,374,9.5642
2004,1,1,4,292,7.7833
2004,1,1,5,493,5.9317
2004,1,2,1,178,6.6341
2004,1,2,2,112,3.3932
2004,1,2,3,139,3.5723
2004,1,2,4,109,2.1732
2004,1,2,5,192,2.9082
2004,1,3,1,168,2.9125
2004,1,3,2,170,0.7558
2004,1,3,3,147,0.3547
2004,1,3,4,154,0.9830
2004,1,3,5,148,2.1527
2004,2,1,1,525,-1.3417
2004,2,1,2,249,0.8858
2004,2,1,3,370,1.4922
2004,2,1,4,288,0.3729
2004,2,1,5,491,-0.6065
2004,2,2,1,178,0.2472
2004,2,2,2,112,0.9512
2004,2,2,3,139,0.6376
2004,2,2,4,109,-0.0714
2004,2,2,5,192,0.6985
2004,2,3,1,168,1.7562
2004,2,3,2,169,1.5842
2004,2,3,3,147,2.1501
2004,2,3,4,154,0.3855
2004,2,3,5,147,-0.3712
2004,3,1,1,521,-2.4998
2004,3,1,2,245,0.0776
2004,3,1,3,368,-1.0739
2004,3,1,4,285,-0.5354
2004,3,1,5,487,0.0969
2004,3,2,1,178,2.6102
2004,3,2,2,112,1.9372
2004,3,2,3,139,1.6028
2004,3,2,4,108,-0.0985
2004,3,2,5,192,-0.0435
2004,3,3,1,168,-2.4073
2004,3,3,2,169,-1.1078
2004,3,3,3,147,-0.7170
2004,3,3,4,154,-1.6670
2004,3,3,5,147,-1.8665
2004,4,1,1,515,-5.9268
2004,4,1,2,241,-5.8063
2004,4,1,3,366,-3.5460
2004,4,1,4,284,-4.9269
2004,4,1,5,482,-6.0723
2004,4,2,1,178,-4.0015
2004,4,2,2,112,-4.6121
2004,4,2,3,139,-3.2475
2004,4,2,4,108,-3.6547
2004,4,2,5,192,-3.9993
2004,4,3,1,168,-1.0846
2004,4,3,2,167,-0.3425
2004,4,3,3,147,-1.2641
2004,4,3,4,154,-0.4491
2004,4,3,5,147,0.0221
2004,5,1,1,510,-2.6351
2004,5,1,2,239,-0.5131
2004,5,1,3,359,1.8072
2004,5,1,4,281,0.1674
2004,5,1,5,480,-0.9848
2004,5,2,1,177,1.3102
2004,5,2,2,112,2.1172
2004,5,2,3,139,1.3410
2004,5,2,4,108,0.7738
2004,5,2,5,192,0.7717
2004,5,3,1,168,1.7353
2004,5,3,2,166,0.3899
2004,5,3,3,147,0.6663
2004,5,3,4,154,1.9211
2004,5,3,5,147,1.4542
2004,6,1,1,508,2.0014
2004,6,1,2,237,4.5211
2004,6,1,3,358,3.2052
2004,6,1,4,275,3.8018
2004,6,1,5,477,3.6822
2004,6,2,1,177,3.4019
2004,6,2,2,111,5.1415
2004,6,2,3,138,6.0052
2004,6,2,4,108,6.4651
2004,6,2,5,192,3.8085
2004,6,3,1,168,1.9791
2004,6,3,2,164,1.7753
2004,6,3,3,147,1.3357
2004,6,3,4,154,2.5662
2004,6,3,5,147,3.4895
2004,7,1,1,468,-12.3822
2004,7,1,2,311,-8.3091
2004,7,1,3,350,-8.2999
2004,7,1,4,292,-7.2926
2004,7,1,5,527,-8.8928
2004,7,2,1,174,-7.8147
2004,7,2,2,130,-6.0232
2004,7,2,3,120,-5.4548
2004,7,2,4,114,-7.7788
2004,7,2,5,170,-9.0155
2004,7,3,1,151,-5.6449
2004,7,3,2,154,-3.4712
2004,7,3,3,134,-1.4625
2004,7,3,4,163,-3.0673
2004,7,3,5,176,-5.6206
2004,8,1,1,460,-2.3877
2004,8,1,2,309,-2.0216
2004,8,1,3,346,-2.0864
2004,8,1,4,289,-1.5329
2004,8,1,5,523,-2.0337
2004,8,2,1,174,-2.4691
2004,8,2,2,129,-1.7634
2004,8,2,3,119,-1.0083
2004,8,2,4,114,-2.2823
2004,8,2,5,170,-2.5492
2004,8,3,1,151,-2.0829
2004,8,3,2,154,0.4498
2004,8,3,3,134,-0.2875
2004,8,3,4,163,1.1105
2004,8,3,5,176,-2.0399
2004,9,1,1,457,2.4636
2004,9,1,2,307,3.8939
2004,9,1,3,347,4.8433
2004,9,1,4,283,4.0409
2004,9,1,5,520,5.9352
2004,9,2,1,172,6.7720
2004,9,2,2,129,6.8768
2004,9,2,3,118,4.2388
2004,9,2,4,114,4.5032
2004,9,2,5,168,6.2592
2004,9,3,1,150,4.7705
2004,9,3,2,154,0.6189
2004,9,3,3,134,2.8619
2004,9,3,4,163,0.7726
2004,9,3,5,174,1.3831
2004,10,1,1,455,-0.5026
2004,10,1,2,305,1.4266
2004,10,1,3,343,-0.9857
2004,10,1,4,282,1.5206
2004,10,1,5,520,1.8171
2004,10,2,1,172,1.1012
2004,10,2,2,129,2.0495
2004,10,2,3,118,1.7816
2004,10,2,4,113,2.7225
2004,10,2,5,169,2.9330
2004,10,3,1,150,1.8443
2004,10,3,2,153,0.9758
2004,10,3,3,134,2.7457
2004,10,3,4,163,0.4410
2004,10,3,5,174,2.7958
2004,11,1,1,451,10.6067
2004,11,1,2,302,10.2467
2004,11,1,3,340,8.7165
2004,11,1,4,279,8.5462
2004,11,1,5,518,9.1593
2004,11,2,1,171,9.0700
2004,11,2,2,129,7.4727
2004,11,2,3,118,9.4197
2004,11,2,4,112,9.6498
2004,11,2,5,168,9.3006
2004,11,3,1,150,4.5852
2004,11,3,2,153,3.5363
2004,11,3,3,132,4.1510
2004,11,3,4,163,3.9292
2004,11,3,5,174,5.1804
2004,12,1,1,447,7.0522
2004,12,1,2,299,5.6336
2004,12,1,3,339,4.8750
2004,12,1,4,274,5.8058
2004,12,1,5,514,5.8064
2004,12,2,1,171,3.6322
2004,12,2,2,129,2.0537
2004,12,2,3,118,2.4424
2004,12,2,4,112,4.1401
2004,12,2,5,166,2.1891
2004,12,3,1,150,4.1224
2004,12,3,2,153,3.3644
2004,12,3,3,132,2.1843
2004,12,3,4,163,3.3481
2004,12,3,5,174,3.4026
2005,1,1,1,444,-4.8802
2005,1,1,2,294,-4.7759
2005,1,1,3,335,-3.7797
2005,1,1,4,272,-2.7541
2005,1,1,5,512,-5.0158
2005,1,2,1,167,-3.3676
2005,1,2,2,129,-3.7373
2005,1,2,3,117,-2.7957
2005,1,2,4,111,-5.5212
2005,1,2,5,166,-3.4428
2005,1,3,1,149,-1.8795
2005,1,3,2,153,-2.2727
2005,1,3,3,131,-0.6708
2005,1,3,4,163,-2.1302
2005,1,3,5,174,-4.6188
2005,2,1,1,442,0.0843
2005,2,1,2,293,1.1205
2005,2,1,3,331,0.3419
2005,2,1,4,269,2.2981
2005,2,1,5,506,-0.4070
2005,2,2,1,167,2.1334
2005,2,2,2,129,4.1807
2005,2,2,3,117,2.0142
2005,2,2,4,110,2.3015
2005,2,2,5,166,2.4773
2005,2,3,1,148,2.1004
2005,2,3,2,153,1.8001
2005,2,3,3,131,6.2522
2005,2,3,4,163,4.3269
2005,2,3,5,174,0.8223
2005,3,1,1,440,-4.1013
2005,3,1,2,293,-4.5651
2005,3,1,3,330,-3.5759
2005,3,1,4,266,-2.0369
2005,3,1,5,503,-4.2410
2005,3,2,1,166,-3.3872
2005,3,2,2,129,-3.1939
2005,3,2,3,115,-0.3768
2005,3,2,4,110,-1.0623
2005,3,2,5,165,-2.6097
2005,3,3,1,148,-1.8941
2005,3,3,2,153,-0.7268
2005,3,3,3,131,-1.1491
2005,3,3,4,163,-0.9026
2005,3,3,5,174,-1.3852
2005,4,1,1,435,-8.0662
2005,4,1,2,293,-6.2817
2005,4,1,3,327,-6.3694
2005,4,1,4,264,-6.4257
2005,4,1,5,498,-5.7752
2005,4,2,1,164,-5.7341
2005,4,2,2,129,-6.6853
2005,4,2,3,115,-5.4117
2005,4,2,4,110,-5.2013
2005,4,2,5,165,-7.1223
2005,4,3,1,148,-2.4817
2005,4,3,2,153,-2.2651
2005,4,3,3,130,-4.2297
2005,4,3,4,162,-2.1937
2005,4,3,5,173,-1.1103
2005,5,1,1,429,6.2351
2005,5,1,2,292,5.0829
2005,5,1,3,324,7.6668
2005,5,1,4,260,5.3831
2005,5,1,5,496,5.3422
2005,5,2,1,164,6.4187
2005,5,2,2,129,6.2556
2005,5,2,3,113,7.3073
2005,5,2,4,109,7.8576
2005,5,2,5,165,7.8304
2005,5,3,1,147,3.3479
2005,5,3,2,153,2.8757
2005,5,3,3,130,2.6088
2005,5,3,4,162,2.4741
2005,5,3,5,172,6.6021
2005,6,1,1,423,4.4658
2005,6,1,2,289,4.8531
2005,6,1,3,322,2.7415
2005,6,1,4,254,6.3399
2005,6,1,5,494,4.6033
2005,6,2,1,163,4.0433
2005,6,2,2,129,3.0666
2005,6,2,3,111,3.4078
2005,6,2,4,107,2.8001
2005,6,2,5,165,3.5025
2005,6,3,1,146,0.8039
2005,6,3,2,153,-0.7147
2005,6,3,3,129,0.3302
2005,6,3,4,162,0.6797
2005,6,3,5,172,-1.0275
2005,7,1,1,443,8.0889
2005,7,1,2,279,8.1126
2005,7,1,3,365,7.4071
2005,7,1,4,259,7.1907
2005,7,1,5,557,7.8475
2005,7,2,1,163,8.6034
2005,7,2,2,101,5.1593
2005,7,2,3,125,5.3939
2005,7,2,4,101,7.6293
2005,7,2,5,150,7.8601
2005,7,3,1,136,5.0390
2005,7,3,2,162,4.1038
2005,7,3,3,137,3.8320
2005,7,3,4,154,4.5602
2005,7,3,5,180,5.2129
2005,8,1,1,436,-1.2589
2005,8,1,2,278,-1.8377
2005,8,1,3,361,-2.2233
2005,8,1,4,257,-0.4873
2005,8,1,5,553,-1.5405
2005,8,2,1,161,-1.5748
2005,8,2,2,100,-1.3129
2005,8,2,3,125,-1.6117
2005,8,2,4,101,-1.9167
2005,8,2,5,147,-0.1086
2005,8,3,1,134,-1.4191
2005,8,3,2,162,-1.5767
2005,8,3,3,137,0.0974
2005,8,3,4,152,0.6028
2005,8,3,5,180,-1.4020
2005,9,1,1,432,2.4076
2005,9,1,2,275,0.4580
2005,9,1,3,356,-0.9366
2005,9,1,4,252,0.6773
2005,9,1,5,551,0.9730
2005,9,2,1,160,1.7015
2005,9,2,2,100,-1.3483
2005,9,2,3,125,-1.2930
2005,9,2,4,100,1.8668
2005,9,2,5,146,1.1626
2005,9,3,1,132,0.4481
2005,9,3,2,161,-0.4451
2005,9,3,3,134,-0.1864
2005,9,3,4,149,2.1765
2005,9,3,5,180,1.3481
2005,10,1,1,429,-4.1359
2005,10,1,2,273,-3.3782
2005,10,1,3,354,-2.8603
2005,10,1,4,251,-2.0849
2005,10,1,5,545,-4.0771
2005,10,2,1,160,-5.5554
2005,10,2,2,100,-4.2400
2005,10,2,3,125,-1.9347
2005,10,2,4,100,-3.3751
2005,10,2,5,144,-3.4826
2005,10,3,1,131,-3.1051
2005,10,3,2,161,-0.5361
2005,10,3,3,134,-2.5665
2005,10,3,4,149,-5.7807
2005,10,3,5,179,-1.1863
2005,11,1,1,423,4.8619
2005,11,1,2,269,3.6521
2005,11,1,3,350,4.5877
2005,11,1,4,248,3.9515
2005,11,1,5,538,4.1982
2005,11,2,1,159,5.4509
2005,11,2,2,100,4.3515
2005,11,2,3,124,5.7064
2005,11,2,4,99,3.2700
2005,11,2,5,144,7.0646
2005,11,3,1,129,4.1618
2005,11,3,2,161,2.6468
2005,11,3,3,134,3.4442
2005,11,3,4,149,3.3807
2005,11,3,5,178,4.3794
2005,12,1,1,416,0.2996
2005,12,1,2,267,-0.5468
2005,12,1,3,350,0.0259
2005,12,1,4,245,0.8399
2005,12,1,5,535,-0.9890
2005,12,2,1,158,-0.7756
2005,12,2,2,100,0.2030
2005,12,2,3,124,0.6032
2005,12,2,4,98,-0.3004
2005,12,2,5,142,-0.6631
2005,12,3,1,129,-0.1381
2005,12,3,2,161,-0.1146
2005,12,3,3,134,0.0694
2005,12,3,4,149,-0.5969
2005,12,3,5,176,0.4630
2006,1,1,1,414,11.0677
2006,1,1,2,263,10.6508
2006,1,1,3,345,7.8669
2006,1,1,4,241,10.0548
2006,1,1,5,532,11.0256
2006,1,2,1,157,9.8009
2006,1,2,2,100,7.2423
2006,1,2,3,122,8.3793
2006,1,2,4,97,10.6378
2006,1,2,5,142,10.1365
2006,1,3,1,129,0.8380
2006,1,3,2,160,3.8970
2006,1,3,3,134,3.5658
2006,1,3,4,149,4.6574
2006,1,3,5,174,2.9192
2006,2,1,1,412,0.1924
2006,2,1,2,257,-1.9966
2006,2,1,3,341,1.7954
2006,2,1,4,241,-0.2087
2006,2,1,5,526,0.1065
2006,2,2,1,157,0.8756
2006,2,2,2,100,-1.6076
2006,2,2,3,121,-1.0839
2006,2,2,4,96,0.1971
2006,2,2,5,141,-2.0441
2006,2,3,1,128,0.6021
2006,2,3,2,160,0.5447
2006,2,3,3,134,-0.2189
2006,2,3,4,149,-1.4229
2006,2,3,5,172,-0.3413
2006,3,1,1,407,6.2738
2006,3,1,2,256,6.0242
2006,3,1,3,338,6.0947
2006,3,1,4,241,6.9062
2006,3,1,5,524,4.3242
2006,3,2,1,156,4.3247
2006,3,2,2,100,4.9756
2006,3,2,3,120,5.5969
2006,3,2,4,96,4.0451
2006,3,2,5,140,5.0136
2006,3,3,1,127,2.0229
2006,3,3,2,160,2.7165
2006,3,3,3,134,1.0878
2006,3,3,4,148,0.9516
2006,3,3,5,170,1.8892
2006,4,1,1,406,-1.3863
2006,4,1,2,255,-0.4576
2006,4,1,3,336,-0.3382
2006,4,1,4,238,1.4835
2006,4,1,5,520,-0.0195
2006,4,2,1,155,0.6976
2006,4,2,2,99,1.1737
2006,4,2,3,120,-0.2339
2006,4,2,4,96,1.6898
2006,4,2,5,140,1.8336
2006,4,3,1,126,-0.3787
2006,4,3,2,160,0.1323
2006,4,3,3,133,-0.3993
2006,4,3,4,147,2.8222
2006,4,3,5,169,0.3691
2006,5,1,1,404,-7.4552
2006,5,1,2,251,-5.8004
2006,5,1,3,336,-6.7199
2006,5,1,4,237,-4.9800
2006,5,1,5,515,-6.6843
2006,5,2,1,154,-7.3338
2006,5,2,2,99,-4.6087
2006,5,2,3,120,-4.2501
2006,5,2,4,96,-5.7138
2006,5,2,5,140,-7.1377
2006,5,3,1,126,-2.6650
2006,5,3,2,159,-0.7294
2006,5,3,3,132,-2.4717
2006,5,3,4,145,-3.0504
2006,5,3,5,168,-4.4339
2006,6,1,1,401,-2.9045
2006,6,1,2,251,0.2876
2006,6,1,3,333,-2.1574
2006,6,1,4,233,-0.6334
2006,6,1,5,511,-0.1350
2006,6,2,1,152,-0.7206
2006,6,2,2,98,-0.1661
2006,6,2,3,120,1.1856
2006,6,2,4,94,0.0756
2006,6,2,5,139,0.3555
2006,6,3,1,126,0.1607
2006,6,3,2,158,-0.2315
2006,6,3,3,132,0.7297
2006,6,3,4,144,1.1946
2006,6,3,5,167,-1.6162
2006,7,1,1,461,-4.5881
2006,7,1,2,323,-5.6820
2006,7,1,3,316,-3.2662
2006,7,1,4,240,-3.8261
2006,7,1,5,493,-4.3368
2006,7,2,1,143,-4.4997
2006,7,2,2,124,-3.3743
2006,7,2,3,127,-2.6520
2006,7,2,4,89,-2.3686
2006,7,2,5,178,-4.8334
2006,7,3,1,158,-2.2488
2006,7,3,2,137,1.2093
2006,7,3,3,128,1.9279
2006,7,3,4,141,-1.7829
2006,7,3,5,173,-1.5968
2006,8,1,1,460,3.8837
2006,8,1,2,320,3.5149
2006,8,1,3,315,2.0676
2006,8,1,4,238,1.8424
2006,8,1,5,490,3.7364
2006,8,2,1,142,3.5881
2006,8,2,2,124,3.4223
2006,8,2,3,122,4.7485
2006,8,2,4,88,2.6284
2006,8,2,5,178,2.3047
2006,8,3,1,158,4.5014
2006,8,3,2,137,2.8584
2006,8,3,3,128,2.0435
2006,8,3,4,141,1.1548
2006,8,3,5,173,2.7220
2006,9,1,1,457,-0.5255
2006,9,1,2,319,1.3051
2006,9,1,3,310,1.8389
2006,9,1,4,237,3.0087
2006,9,1,5,488,-0.2032
2006,9,2,1,142,1.0496
2006,9,2,2,124,0.7246
2006,9,2,3,122,0.1005
2006,9,2,4,87,3.0055
2006,9,2,5,177,0.7513
2006,9,3,1,157,3.1458
2006,9,3,2,136,1.2720
2006,9,3,3,128,1.0346
2006,9,3,4,140,1.6252
2006,9,3,5,173,3.3036
2006,10,1,1,454,6.3416
2006,10,1,2,317,7.1328
2006,10,1,3,308,6.4284
2006,10,1,4,234,6.4853
2006,10,1,5,484,6.4743
2006,10,2,1,141,5.6478
2006,10,2,2,123,5.5302
2006,10,2,3,122,6.5828
2006,10,2,4,87,5.0206
2006,10,2,5,177,4.9581
2006,10,3,1,156,3.5854
2006,10,3,2,136,3.5899
2006,10,3,3,128,3.6911
2006,10,3,4,140,3.6821
2006,10,3,5,173,4.3553
2006,11,1,1,447,3.1290
2006,11,1,2,315,1.1597
2006,11,1,3,306,1.5600
2006,11,1,4,233,2.3835
2006,11,1,5,484,3.3624
2006,11,2,1,139,3.4918
2006,11,2,2,123,2.9938
2006,11,2,3,122,2.2777
2006,11,2,4,87,3.5080
2006,11,2,5,176,2.8425
2006,11,3,1,155,3.3119
2006,11,3,2,136,0.2892
2006,11,3,3,127,3.0432
2006,11,3,4,140,3.0145
2006,11,3,5,172,2.7968
2006,12,1,1,447,1.9251
2006,12,1,2,312,2.0503
2006,12,1,3,304,2.3642
2006,12,1,4,229,2.8471
2006,12,1,5,481,0.2225
2006,12,2,1,139,-1.1973
2006,12,2,2,121,0.4372
2006,12,2,3,122,1.3516
2006,12,2,4,86,-0.8485
2006,12,2,5,173,-0.4189
2006,12,3,1,155,0.2689
2006,12,3,2,136,1.6273
2006,12,3,3,126,-0.3166
2006,12,3,4,138,1.3842
2006,12,3,5,172,-0.6591
2007,1,1,1,443,1.6290
2007,1,1,2,309,2.2673
2007,1,1,3,297,1.9521
2007,1,1,4,227,1.1610
2007,1,1,5,476,1.3527
2007,1,2,1,138,2.6693
2007,1,2,2,121,2.3132
2007,1,2,3,121,3.1010
2007,1,2,4,86,2.4324
2007,1,2,5,172,1.1339
2007,1,3,1,155,1.8492
2007,1,3,2,136,2.6609
2007,1,3,3,126,1.7307
2007,1,3,4,138,2.4027
2007,1,3,5,168,2.0667
2007,2,1,1,439,-0.8762
2007,2,1,2,306,0.5967
2007,2,1,3,291,1.5056
2007,2,1,4,223,-0.2823
2007,2,1,5,469,-0.3045
2007,2,2,1,138,-0.3275
2007,2,2,2,121,-0.2436
2007,2,2,3,116,0.3958
2007,2,2,4,85,1.1607
2007,2,2,5,170,0.3782
2007,2,3,1,155,-2.3388
2007,2,3,2,136,-1.2266
2007,2,3,3,125,-1.8168
2007,2,3,4,138,-1.3258
2007,2,3,5,165,-1.1318
2007,3,1,1,435,0.6745
2007,3,1,2,304,1.9676
2007,3,1,3,289,1.4695
2007,3,1,4,222,0.2393
2007,3,1,5,467,0.9131
2007,3,2,1,137,1.6704
2007,3,2,2,120,-0.1064
2007,3,2,3,115,1.0820
2007,3,2,4,84,2.5295
2007,3,2,5,168,2.4943
2007,3,3,1,154,0.1670
2007,3,3,2,136,1.8944
2007,3,3,3,125,1.9226
2007,3,3,4,138,1.9997
2007,3,3,5,165,1.8557
2007,4,1,1,432,2.3001
2007,4,1,2,303,0.8109
2007,4,1,3,284,1.6456
2007,4,1,4,221,2.8639
2007,4,1,5,465,2.9870
2007,4,2,1,137,2.2111
2007,4,2,2,120,2.0269
2007,4,2,3,113,2.8808
2007,4,2,4,84,2.9526
2007,4,2,5,167,3.2721
2007,4,3,1,154,5.3105
2007,4,3,2,135,3.6200
2007,4,3,3,125,4.6593
2007,4,3,4,138,4.2062
2007,4,3,5,163,4.0240
2007,5,1,1,425,3.2025
2007,5,1,2,301,3.0773
2007,5,1,3,280,3.7758
2007,5,1,4,218,2.2367
2007,5,1,5,458,3.3701
2007,5,2,1,137,3.7376
2007,5,2,2,120,2.3639
2007,5,2,3,111,5.0631
2007,5,2,4,84,5.4366
2007,5,2,5,166,3.7462
2007,5,3,1,153,3.0799
2007,5,3,2,135,2.7160
2007,5,3,3,125,4.8439
2007,5,3,4,138,4.2504
2007,5,3,5,161,4.5371
2007,6,1,1,423,-0.8033
2007,6,1,2,299,-0.5069
2007,6,1,3,276,-0.5704
2007,6,1,4,218,0.4924
2007,6,1,5,451,0.1576
2007,6,2,1,134,-2.2880
2007,6,2,2,120,-0.9550
2007,6,2,3,110,-1.3920
2007,6,2,4,84,-1.2575
2007,6,2,5,164,-0.5228
2007,6,3,1,152,-0.3282
2007,6,3,2,135,-1.4032
2007,6,3,3,125,-1.7765
2007,6,3,4,137,-0.6986
2007,6,3,5,160,-0.8987
2007,7,1,1,456,-5.6573
2007,7,1,2,271,-4.5701
2007,7,1,3,327,-6.5326
2007,7,1,4,247,-8.1676
2007,7,1,5,486,-5.6530
2007,7,2,1,151,-5.8609
2007,7,2,2,108,-5.3858
2007,7,2,3,125,-4.4476
2007,7,2,4,98,-4.2869
2007,7,2,5,175,-4.8637
2007,7,3,1,136,-1.2483
2007,7,3,2,140,-2.3561
2007,7,3,3,140,-0.9010
2007,7,3,4,141,-2.0905
2007,7,3,5,154,-2.8457
2007,8,1,1,452,0.9207
2007,8,1,2,268,1.0945
2007,8,1,3,323,-1.3048
2007,8,1,4,245,-0.9551
2007,8,1,5,486,-0.9679
2007,8,2,1,150,1.0716
2007,8,2,2,108,1.1160
2007,8,2,3,124,0.1164
2007,8,2,4,97,1.4497
2007,8,2,5,173,2.4839
2007,8,3,1,136,1.9306
2007,8,3,2,139,2.5375
2007,8,3,3,136,0.4021
2007,8,3,4,141,0.9654
2007,8,3,5,154,1.8896
2007,9,1,1,445,1.7890
2007,9,1,2,268,0.9718
2007,9,1,3,320,0.0838
2007,9,1,4,243,-0.2564
2007,9,1,5,480,1.9313
2007,9,2,1,150,2.2453
2007,9,2,2,108,0.4883
2007,9,2,3,124,2.0896
2007,9,2,4,95,0.6359
2007,9,2,5,167,1.8624
2007,9,3,1,134,4.4905
2007,9,3,2,139,3.5344
2007,9,3,3,136,5.1622
2007,9,3,4,139,3.4641
2007,9,3,5,153,4.3879
2007,10,1,1,443,1.8474
2007,10,1,2,264,1.9722
2007,10,1,3,319,0.0146
2007,10,1,4,242,2.5448
2007,10,1,5,471,2.9702
2007,10,2,1,149,3.2356
2007,10,2,2,107,3.3819
2007,10,2,3,123,3.4342
2007,10,2,4,95,3.2552
2007,10,2,5,167,3.7011
2007,10,3,1,134,3.7308
2007,10,3,2,139,2.6333
2007,10,3,3,135,1.6101
2007,10,3,4,139,1.7409
2007,10,3,5,152,4.9751
2007,11,1,1,439,-9.0750
2007,11,1,2,257,-10.0791
2007,11,1,3,318,-9.9614
2007,11,1,4,241,-8.2138
2007,11,1,5,469,-8.8768
2007,11,2,1,147,-6.4024
2007,11,2,2,105,-7.3758
2007,11,2,3,122,-5.7421
2007,11,2,4,94,-5.9406
2007,11,2,5,166,-6.7433
2007,11,3,1,130,-6.1311
2007,11,3,2,139,-0.9829
2007,11,3,3,133,-3.3166
2007,11,3,4,138,-3.3724
2007,11,3,5,150,-2.6868
2007,12,1,1,435,-0.3655
2007,12,1,2,255,-0.1160
2007,12,1,3,314,-0.9021
2007,12,1,4,235,1.4803
2007,12,1,5,463,-0.3080
2007,12,2,1,145,0.2934
2007,12,2,2,103,-1.4327
2007,12,2,3,121,1.0136
2007,12,2,4,92,-1.0223
2007,12,2,5,166,0.0769
2007,12,3,1,129,0.7897
2007,12,3,2,137,-0.1318
2007,12,3,3,131,1.9679
2007,12,3,4,138,-0.9981
2007,12,3,5,149,-0.5378
2008,1,1,1,432,-9.1303
2008,1,1,2,249,-8.5177
2008,1,1,3,312,-9.5091
2008,1,1,4,234,-7.2811
2008,1,1,5,458,-10.3581
2008,1,2,1,144,-8.4186
2008,1,2,2,102,-5.3571
2008,1,2,3,120,-5.2776
2008,1,2,4,92,-5.4965
2008,1,2,5,165,-9.4991
2008,1,3,1,126,-7.9094
2008,1,3,2,136,-5.7037
2008,1,3,3,131,-6.1977
2008,1,3,4,137,-6.1794
2008,1,3,5,149,-8.5397
2008,2,1,1,430,-2.5938
2008,2,1,2,244,-4.4171
2008,2,1,3,311,-2.1490
2008,2,1,4,233,-3.5008
2008,2,1,5,455,-3.6757
2008,2,2,1,144,-1.4682
2008,2,2,2,102,-1.7526
2008,2,2,3,119,-1.3753
2008,2,2,4,92,-3.4350
2008,2,2,5,164,-2.7939
2008,2,3,1,126,-3.6442
2008,2,3,2,135,-0.1120
2008,2,3,3,131,1.4571
2008,2,3,4,137,0.3551
2008,2,3,5,149,-2.5834
2008,3,1,1,426,-2.5218
2008,3,1,2,243,-0.0503
2008,3,1,3,311,-0.1854
2008,3,1,4,232,1.1077
2008,3,1,5,453,-3.7731
2008,3,2,1,145,1.8706
2008,3,2,2,101,1.2704
2008,3,2,3,118,0.3065
2008,3,2,4,92,-0.0734
2008,3,2,5,164,-1.2298
2008,3,3,1,126,2.7482
2008,3,3,2,135,1.2100
2008,3,3,3,131,-1.9842
2008,3,3,4,137,-0.4339
2008,3,3,5,148,-2.1807
2008,4,1,1,420,2.3963
2008,4,1,2,240,4.0082
2008,4,1,3,309,2.3043
2008,4,1,4,228,0.8502
2008,4,1,5,451,2.2161
2008,4,2,1,144,5.4824
2008,4,2,2,101,4.1577
2008,4,2,3,118,3.9825
2008,4,2,4,92,3.3457
2008,4,2,5,162,5.1180
2008,4,3,1,126,2.2185
2008,4,3,2,135,4.0207
2008,4,3,3,131,6.5630
2008,4,3,4,136,5.5273
2008,4,3,5,148,5.6723
2008,5,1,1,413,5.0245
2008,5,1,2,239,4.1970
2008,5,1,3,309,5.5627
2008,5,1,4,222,5.5012
2008,5,1,5,447,5.2520
2008,5,2,1,144,6.3996
2008,5,2,2,101,3.5641
2008,5,2,3,117,7.1153
2008,5,2,4,92,8.3308
2008,5,2,5,162,6.5225
2008,5,3,1,125,3.0812
2008,5,3,2,135,2.8027
2008,5,3,3,130,1.7029
2008,5,3,4,136,3.8526
2008,5,3,5,148,3.7161
2008,6,1,1,405,-5.5709
2008,6,1,2,235,-7.7611
2008,6,1,3,306,-6.9160
2008,6,1,4,220,-9.0708
2008,6,1,5,442,-7.9779
2008,6,2,1,143,-4.8795
2008,6,2,2,101,-7.8587
2008,6,2,3,114,-4.0278
2008,6,2,4,92,-8.0827
2008,6,2,5,161,-5.8767
2008,6,3,1,125,-7.5155
2008,6,3,2,134,-7.0137
2008,6,3,3,130,-5.4402
2008,6,3,4,136,-4.9856
2008,6,3,5,148,-7.2858
2008,7,1,1,394,4.9786
2008,7,1,2,289,3.5812
2008,7,1,3,282,5.0135
2008,7,1,4,282,1.8316
2008,7,1,5,436,5.0363
2008,7,2,1,185,0.3852
2008,7,2,2,113,4.1463
2008,7,2,3,116,-1.9181
2008,7,2,4,118,3.9374
2008,7,2,5,156,5.1881
2008,7,3,1,157,-1.4273
2008,7,3,2,161,-0.2811
2008,7,3,3,124,-4.1801
2008,7,3,4,137,-2.9080
2008,7,3,5,139,-2.4308
2008,8,1,1,389,4.0810
2008,8,1,2,285,4.0470
2008,8,1,3,278,2.4820
2008,8,1,4,282,4.3554
2008,8,1,5,434,2.2424
2008,8,2,1,185,4.4942
2008,8,2,2,112,3.3326
2008,8,2,3,115,7.4322
2008,8,2,4,117,3.9188
2008,8,2,5,155,4.3592
2008,8,3,1,157,0.4809
2008,8,3,2,160,1.7075
2008,8,3,3,124,2.4121
2008,8,3,4,137,1.6653
2008,8,3,5,137,2.0863
2008,9,1,1,383,-11.9214
2008,9,1,2,282,-9.3179
2008,9,1,3,272,-12.2464
2008,9,1,4,279,-8.5175
2008,9,1,5,433,-9.8043
2008,9,2,1,183,-10.1606
2008,9,2,2,110,-9.6809
2008,9,2,3,115,-10.1223
2008,9,2,4,116,-10.4313
2008,9,2,5,155,-9.7038
2008,9,3,1,157,-9.2524
2008,9,3,2,160,-9.9359
2008,9,3,3,122,-7.7149
2008,9,3,4,137,-10.9232
2008,9,3,5,137,-12.0744
2008,10,1,1,379,-22.8119
2008,10,1,2,277,-23.6257
2008,10,1,3,268,-24.1480
2008,10,1,4,275,-20.1162
2008,10,1,5,430,-20.1478
2008,10,2,1,183,-21.7741
2008,10,2,2,110,-21.1766
2008,10,2,3,115,-24.3914
2008,10,2,4,116,-22.7780
2008,10,2,5,155,-21.1993
2008,10,3,1,157,-20.1884
2008,10,3,2,160,-16.0970
2008,10,3,3,122,-12.2209
2008,10,3,4,136,-15.8354
2008,10,3,5,136,-16.1256
2008,11,1,1,373,-16.2677
2008,11,1,2,272,-13.1724
2008,11,1,3,265,-15.1465
2008,11,1,4,273,-11.9788
2008,11,1,5,428,-14.6070
2008,11,2,1,180,-14.0780
2008,11,2,2,110,-12.2603
2008,11,2,3,114,-9.8939
2008,11,2,4,115,-10.2141
2008,11,2,5,155,-13.1969
2008,11,3,1,157,-8.1317
2008,11,3,2,160,-5.1719
2008,11,3,3,122,-1.7280
2008,11,3,4,134,-5.5078
2008,11,3,5,136,-10.8445
2008,12,1,1,368,3.8100
2008,12,1,2,269,7.0144
2008,12,1,3,264,4.3206
2008,12,1,4,270,4.0456
2008,12,1,5,423,3.5680
2008,12,2,1,179,4.6729
2008,12,2,2,110,5.6159
2008,12,2,3,114,4.1067
2008,12,2,4,113,5.2484
2008,12,2,5,155,7.2156
2008,12,3,1,156,1.2623
2008,12,3,2,159,3.1044
2008,12,3,3,122,0.6061
2008,12,3,4,134,1.7297
2008,12,3,5,134,0.6040
2009,1,1,1,364,-8.6768
2009,1,1,2,267,-8.7163
2009,1,1,3,261,-8.0021
2009,1,1,4,268,-10.9751
2009,1,1,5,415,-8.9791
2009,1,2,1,177,-5.3276
2009,1,2,2,110,-6.7874
2009,1,2,3,113,-9.7804
2009,1,2,4,112,-10.0454
2009,1,2,5,155,-11.3772
2009,1,3,1,156,-6.4310
2009,1,3,2,159,-5.3206
2009,1,3,3,122,-6.5494
2009,1,3,4,133,-5.3744
2009,1,3,5,134,-3.7161
2009,2,1,1,360,-14.2049
2009,2,1,2,265,-11.3826
2009,2,1,3,260,-14.1973
2009,2,1,4,264,-12.5816
2009,2,1,5,413,-9.6493
2009,2,2,1,176,-11.2847
2009,2,2,2,110,-9.7646
2009,2,2,3,113,-8.9650
2009,2,2,4,112,-10.7356
2009,2,2,5,154,-13.3110
2009,2,3,1,156,-8.3496
2009,2,3,2,159,-11.1510
2009,2,3,3,122,-9.0069
2009,2,3,4,133,-9.2492
2009,2,3,5,134,-7.7930
2009,3,1,1,356,10.3626
2009,3,1,2,263,8.1692
2009,3,1,3,259,10.3802
2009,3,1,4,259,10.0613
2009,3,1,5,411,8.4531
2009,3,2,1,175,9.4812
2009,3,2,2,109,8.6004
2009,3,2,3,113,10.5199
2009,3,2,4,112,9.6936
2009,3,2,5,153,10.1151
2009,3,3,1,156,10.5182
2009,3,3,2,159,8.1662
2009,3,3,3,121,5.3260
2009,3,3,4,133,7.0660
2009,3,3,5,134,10.5433
2009,4,1,1,345,24.6310
2009,4,1,2,261,15.5989
2009,4,1,3,255,21.1159
2009,4,1,4,257,16.7748
2009,4,1,5,409,18.0475
2009,4,2,1,173,17.0805
2009,4,2,2,108,17.4814
2009,4,2,3,113,21.0259
2009,4,2,4,111,20.2811
2009,4,2,5,153,17.3959
2009,4,3,1,156,11.3748
2009,4,3,2,159,8.6036
2009,4,3,3,121,3.8094
2009,4,3,4,132,8.9803
2009,4,3,5,134,10.9045
2009,5,1,1,341,5.4248
2009,5,1,2,256,3.4600
2009,5,1,3,250,4.2320
2009,5,1,4,254,2.5917
2009,5,1,5,405,5.6980
2009,5,2,1,172,4.0420
2009,5,2,2,108,1.4933
2009,5,2,3,113,2.3328
2009,5,2,4,111,1.5595
2009,5,2,5,153,3.9815
2009,5,3,1,155,5.2950
2009,5,3,2,159,4.6220
2009,5,3,3,121,4.1437
2009,5,3,4,132,4.6714
2009,5,3,5,134,2.1940
2009,6,1,1,336,7.7811
2009,6,1,2,251,5.9917
2009,6,1,3,249,5.6902
2009,6,1,4,252,5.1139
2009,6,1,5,400,5.1600
2009,6,2,1,172,1.6663
2009,6,2,2,108,1.9003
2009,6,2,3,113,3.7361
2009,6,2,4,111,2.9871
2009,6,2,5,153,2.5237
2009,6,3,1,155,-0.1704
2009,6,3,2,159,1.6587
2009,6,3,3,121,-0.5551
2009,6,3,4,132,0.2748
2009,6,3,5,134,1.5461
2009,7,1,1,417,9.8564
2009,7,1,2,223,12.7116
2009,7,1,3,208,10.1132
2009,7,1,4,336,10.9953
2009,7,1,5,388,11.9945
2009,7,2,1,175,9.4547
2009,7,2,2,121,9.1409
2009,7,2,3,112,10.3686
2009,7,2,4,127,12.3694
2009,7,2,5,165,10.4590
2009,7,3,1,146,6.8748
2009,7,3,2,153,8.0235
2009,7,3,3,144,8.0054
2009,7,3,4,131,4.7920
2009,7,3,5,149,9.0117
2009,8,1,1,410,4.1925
2009,8,1,2,220,8.7745
2009,8,1,3,208,6.9017
2009,8,1,4,334,5.5512
2009,8,1,5,385,6.2281
2009,8,2,1,175,1.9993
2009,8,2,2,121,3.4771
2009,8,2,3,112,3.6178
2009,8,2,4,126,5.2235
2009,8,2,5,164,1.9830
2009,8,3,1,146,2.3835
2009,8,3,2,153,2.3614
2009,8,3,3,144,2.3641
2009,8,3,4,130,1.5148
2009,8,3,5,148,1.4568
2009,9,1,1,408,7.8590
2009,9,1,2,216,6.4268
2009,9,1,3,208,8.0730
2009,9,1,4,333,9.0237
2009,9,1,5,380,9.4747
2009,9,2,1,175,8.8763
2009,9,2,2,121,7.9174
2009,9,2,3,110,8.3872
2009,9,2,4,125,5.8666
2009,9,2,5,163,5.0515
2009,9,3,1,146,5.1768
2009,9,3,2,153,3.2421
2009,9,3,3,144,3.6923
2009,9,3,4,130,4.1175
2009,9,3,5,148,6.7407
2009,10,1,1,408,-9.8338
2009,10,1,2,215,-7.0193
2009,10,1,3,206,-6.8792
2009,10,1,4,329,-7.1617
2009,10,1,5,378,-9.8984
2009,10,2,1,174,-6.0066
2009,10,2,2,121,-7.6191
2009,10,2,3,109,-6.3935
2009,10,2,4,124,-5.9482
2009,10,2,5,163,-8.2889
2009,10,3,1,146,-0.4794
2009,10,3,2,153,-1.6106
2009,10,3,3,144,-1.7994
2009,10,3,4,130,-0.2280
2009,10,3,5,148,-3.0121
2009,11,1,1,404,1.3988
2009,11,1,2,213,1.7965
2009,11,1,3,205,2.3175
2009,11,1,4,323,2.7869
2009,11,1,5,374,0.7417
2009,11,2,1,172,2.8953
2009,11,2,2,121,2.2274
2009,11,2,3,109,4.5910
2009,11,2,4,121,2.7706
2009,11,2,5,163,3.5833
2009,11,3,1,145,5.7495
2009,11,3,2,153,6.4101
2009,11,3,3,144,5.9053
2009,11,3,4,128,6.5019
2009,11,3,5,148,5.2238
2009,12,1,1,394,8.2488
2009,12,1,2,211,8.3521
2009,12,1,3,205,11.1598
2009,12,1,4,317,7.4352
2009,12,1,5,368,10.6767
2009,12,2,1,172,8.4589
2009,12,2,2,121,7.5340
2009,12,2,3,108,9.3948
2009,12,2,4,121,8.1613
2009,12,2,5,163,8.8001
2009,12,3,1,145,3.6290
2009,12,3,2,153,3.9048
2009,12,3,3,144,2.2602
2009,12,3,4,127,-0.1104
2009,12,3,5,147,4.5664
2010,1,1,1,388,-4.0241
2010,1,1,2,210,-6.0239
2010,1,1,3,202,-4.7181
2010,1,1,4,314,-2.4402
2010,1,1,5,365,-2.3993
2010,1,2,1,172,-3.5522
2010,1,2,2,120,-4.5525
2010,1,2,3,108,-3.0616
2010,1,2,4,121,-4.0233
2010,1,2,5,162,-2.6886
2010,1,3,1,145,-5.1295
2010,1,3,2,153,-3.2068
2010,1,3,3,143,-3.3579
2010,1,3,4,126,-4.0276
2010,1,3,5,147,-4.7647
2010,2,1,1,384,5.1070
2010,2,1,2,207,4.7010
2010,2,1,3,200,5.8612
2010,2,1,4,314,5.2265
2010,2,1,5,365,6.7497
2010,2,2,1,172,5.4844
2010,2,2,2,120,3.8656
2010,2,2,3,107,4.3415
2010,2,2,4,121,4.9988
2010,2,2,5,162,6.0629
2010,2,3,1,145,4.0337
2010,2,3,2,152,3.0738
2010,2,3,3,143,2.6658
2010,2,3,4,126,2.8788
2010,2,3,5,145,4.2579
2010,3,1,1,381,8.2320
2010,3,1,2,203,8.6441
2010,3,1,3,199,8.7335
2010,3,1,4,309,7.6670
2010,3,1,5,363,8.3003
2010,3,2,1,172,8.4989
2010,3,2,2,120,8.5997
2010,3,2,3,107,7.2330
2010,3,2,4,120,8.7549
2010,3,2,5,162,5.6283
2010,3,3,1,145,5.3580
2010,3,3,2,151,4.8906
2010,3,3,3,142,5.9799
2010,3,3,4,126,4.0774
2010,3,3,5,145,7.8790
2010,4,1,1,376,8.9076
2010,4,1,2,203,9.8501
2010,4,1,3,197,10.2845
2010,4,1,4,307,8.8091
2010,4,1,5,358,8.6539
2010,4,2,1,172,6.2335
2010,4,2,2,120,5.9061
2010,4,2,3,107,7.0416
2010,4,2,4,120,6.6322
2010,4,2,5,160,4.8747
2010,4,3,1,145,2.0209
2010,4,3,2,149,0.5985
2010,4,3,3,140,2.4789
2010,4,3,4,126,0.7831
2010,4,3,5,145,2.9999
2010,5,1,1,374,-8.9146
2010,5,1,2,200,-9.2449
2010,5,1,3,196,-8.4601
2010,5,1,4,304,-9.0373
2010,5,1,5,353,-8.3281
2010,5,2,1,172,-7.1891
2010,5,2,2,120,-8.5374
2010,5,2,3,107,-8.6598
2010,5,2,4,120,-7.2092
2010,5,2,5,159,-7.3602
2010,5,3,1,145,-8.4537
2010,5,3,2,149,-6.9595
2010,5,3,3,140,-7.6874
2010,5,3,4,125,-7.5823
2010,5,3,5,143,-7.4652
2010,6,1,1,372,-7.1043
2010,6,1,2,198,-10.6361
2010,6,1,3,194,-8.5038
2010,6,1,4,304,-9.1476
2010,6,1,5,351,-9.6394
2010,6,2,1,171,-8.4472
2010,6,2,2,120,-6.7537
2010,6,2,3,107,-7.7127
2010,6,2,4,119,-7.6744
2010,6,2,5,159,-8.5931
2010,6,3,1,145,-5.6926
2010,6,3,2,149,-3.2719
2010,6,3,3,140,-5.0135
2010,6,3,4,125,-5.8666
2010,6,3,5,143,-6.0168
2010,7,1,1,376,8.6584
2010,7,1,2,306,7.4462
2010,7,1,3,215,6.5316
2010,7,1,4,203,8.5752
2010,7,1,5,367,5.7340
2010,7,2,1,149,7.2674
2010,7,2,2,119,6.6614
2010,7,2,3,102,7.1478
2010,7,2,4,126,8.6568
2010,7,2,5,168,7.6306
2010,7,3,1,166,6.4533
2010,7,3,2,151,6.9710
2010,7,3,3,138,8.1319
2010,7,3,4,141,7.4980
2010,7,3,5,139,5.5376
2010,8,1,1,372,-8.5096
2010,8,1,2,304,-9.5254
2010,8,1,3,213,-8.5690
2010,8,1,4,202,-8.6029
2010,8,1,5,364,-9.6148
2010,8,2,1,148,-7.7032
2010,8,2,2,117,-5.6667
2010,8,2,3,102,-7.5744
2010,8,2,4,125,-6.8076
2010,8,2,5,166,-7.2589
2010,8,3,1,166,-2.4666
2010,8,3,2,149,-2.5066
2010,8,3,3,137,-4.3231
2010,8,3,4,141,-6.6001
2010,8,3,5,138,-3.3273
2010,9,1,1,372,12.6810
2010,9,1,2,302,12.3105
2010,9,1,3,211,12.7078
2010,9,1,4,200,13.9609
2010,9,1,5,362,13.2282
2010,9,2,1,147,12.6955
2010,9,2,2,115,13.4302
2010,9,2,3,100,15.3442
2010,9,2,4,125,13.5234
2010,9,2,5,164,14.3147
2010,9,3,1,166,9.6950
2010,9,3,2,149,7.9213
2010,9,3,3,137,9.8879
2010,9,3,4,140,9.4451
2010,9,3,5,138,11.6388
2010,10,1,1,365,5.5561
2010,10,1,2,301,6.8612
2010,10,1,3,210,5.1329
2010,10,1,4,198,6.7576
2010,10,1,5,359,5.0665
2010,10,2,1,147,4.7403
2010,10,2,2,115,4.2396
2010,10,2,3,100,3.8370
2010,10,2,4,125,2.6870
2010,10,2,5,162,4.5458
2010,10,3,1,165,3.4544
2010,10,3,2,149,5.0177
2010,10,3,3,137,2.4061
2010,10,3,4,140,4.6930
2010,10,3,5,138,5.1949
2010,11,1,1,360,2.2199
2010,11,1,2,296,5.5930
2010,11,1,3,210,3.4265
2010,11,1,4,198,5.3761
2010,11,1,5,355,3.9145
2010,11,2,1,147,4.4657
2010,11,2,2,114,3.3462
2010,11,2,3,100,3.7593
2010,11,2,4,125,3.4578
2010,11,2,5,162,5.7809
2010,11,3,1,163,-0.3760
2010,11,3,2,149,1.8543
2010,11,3,3,136,0.5766
2010,11,3,4,138,-0.0132
2010,11,3,5,138,-0.6646
2010,12,1,1,355,8.7563
2010,12,1,2,293,9.0070
2010,12,1,3,206,9.2350
2010,12,1,4,198,8.2979
2010,12,1,5,351,9.6179
2010,12,2,1,146,7.2096
2010,12,2,2,112,6.3531
2010,12,2,3,100,7.7926
2010,12,2,4,125,7.5334
2010,12,2,5,161,7.3584
2010,12,3,1,163,5.5745
2010,12,3,2,148,5.9938
2010,12,3,3,135,6.4174
2010,12,3,4,137,7.3140
2010,12,3,5,138,4.7506
2011,1,1,1,349,-0.3470
2011,1,1,2,289,-1.3764
2011,1,1,3,203,-1.7619
2011,1,1,4,195,-0.6173
2011,1,1,5,346,-1.8875
2011,1,2,1,146,-0.4741
2011,1,2,2,112,1.9896
2011,1,2,3,98,1.8019
2011,1,2,4,124,0.7901
2011,1,2,5,159,0.1711
2011,1,3,1,163,1.7158
2011,1,3,2,148,2.0772
2011,1,3,3,135,2.4761
2011,1,3,4,137,1.8469
2011,1,3,5,138,2.8223
2011,2,1,1,348,6.2232
2011,2,1,2,288,3.7091
2011,2,1,3,197,5.7548
2011,2,1,4,193,4.9051
2011,2,1,5,344,5.3966
2011,2,2,1,146,5.0462
2011,2,2,2,111,5.5541
2011,2,2,3,98,4.4254
2011,2,2,4,124,6.2281
2011,2,2,5,158,7.3217
2011,2,3,1,163,4.0364
2011,2,3,2,148,4.9851
2011,2,3,3,135,2.2541
2011,2,3,4,136,2.7029
2011,2,3,5,137,3.4589
2011,3,1,1,344,0.5228
2011,3,1,2,287,3.4895
2011,3,1,3,198,3.2177
2011,3,1,4,189,3.6958
2011,3,1,5,339,3.7594
2011,3,2,1,146,2.7335
2011,3,2,2,110,5.0983
2011,3,2,3,98,2.2402
2011,3,2,4,124,1.6507
2011,3,2,5,158,3.2707
2011,3,3,1,162,2.2504
2011,3,3,2,148,0.4074
2011,3,3,3,135,0.7556
2011,3,3,4,136,-0.0796
2011,3,3,5,136,-0.1051
2011,4,1,1,339,2.1324
2011,4,1,2,286,2.9170
2011,4,1,3,198,-0.0441
2011,4,1,4,188,1.7699
2011,4,1,5,335,0.9939
2011,4,2,1,146,3.1393
2011,4,2,2,110,3.4473
2011,4,2,3,98,1.5351
2011,4,2,4,123,2.9572
2011,4,2,5,158,2.4301
2011,4,3,1,162,3.6778
2011,4,3,2,148,3.7282
2011,4,3,3,135,3.4711
2011,4,3,4,134,4.6327
2011,4,3,5,134,1.8989
2011,5,1,1,334,-1.1090
2011,5,1,2,284,-4.3829
2011,5,1,3,197,-1.2526
2011,5,1,4,186,-1.7470
2011,5,1,5,331,-2.0545
2011,5,2,1,146,-1.1085
2011,5,2,2,109,-1.6213
2011,5,2,3,98,-2.3613
2011,5,2,4,123,-1.6041
2011,5,2,5,158,-2.8229
2011,5,3,1,162,-0.1721
2011,5,3,2,147,-0.9338
2011,5,3,3,135,-0.7896
2011,5,3,4,133,-1.7459
2011,5,3,5,134,-1.3380
2011,6,1,1,332,-3.4739
2011,6,1,2,281,-1.7930
2011,6,1,3,197,-1.2170
2011,6,1,4,184,-3.0374
2011,6,1,5,327,-4.6880
2011,6,2,1,145,-0.6779
2011,6,2,2,108,-1.3188
2011,6,2,3,98,-2.5620
2011,6,2,4,122,-0.3156
2011,6,2,5,157,-2.3954
2011,6,3,1,162,-2.2598
2011,6,3,2,146,-1.1766
2011,6,3,3,135,-1.3937
2011,6,3,4,133,-0.9629
2011,6,3,5,133,-1.7953
2011,7,1,1,314,-2.5141
2011,7,1,2,213,-3.0037
2011,7,1,3,274,-3.2165
2011,7,1,4,221,-2.3553
2011,7,1,5,352,-3.0468
2011,7,2,1,144,-5.6111
2011,7,2,2,111,-4.8849
2011,7,2,3,123,-3.0472
2011,7,2,4,97,-3.2299
2011,7,2,5,164,-5.2082
2011,7,3,1,136,-1.9196
2011,7,3,2,132,-1.6256
2011,7,3,3,133,-2.8530
2011,7,3,4,144,-3.9772
2011,7,3,5,165,1.6043
2011,8,1,1,311,-12.1664
2011,8,1,2,212,-8.8478
2011,8,1,3,273,-10.5309
2011,8,1,4,221,-10.6840
2011,8,1,5,350,-11.9994
2011,8,2,1,143,-7.8954
2011,8,2,2,110,-9.0441
2011,8,2,3,122,-7.6554
2011,8,2,4,97,-9.6092
2011,8,2,5,163,-9.0625
2011,8,3,1,135,-6.2188
2011,8,3,2,132,-4.4746
2011,8,3,3,132,-5.6551
2011,8,3,4,144,-3.6729
2011,8,3,5,165,-5.2794
2011,9,1,1,307,-12.4169
2011,9,1,2,212,-11.2777
2011,9,1,3,273,-11.4267
2011,9,1,4,220,-10.0322
2011,9,1,5,348,-12.0132
2011,9,2,1,143,-11.0463
2011,9,2,2,109,-11.8456
2011,9,2,3,121,-12.3299
2011,9,2,4,97,-9.7328
2011,9,2,5,162,-11.1822
2011,9,3,1,134,-9.1155
2011,9,3,2,132,-5.0626
2011,9,3,3,132,-7.9489
2011,9,3,4,144,-6.3158
2011,9,3,5,165,-5.0063
2011,10,1,1,305,13.5519
2011,10,1,2,211,12.8477
2011,10,1,3,271,12.2668
2011,10,1,4,218,15.7676
2011,10,1,5,348,14.4541
2011,10,2,1,143,13.5971
2011,10,2,2,108,14.9325
2011,10,2,3,120,16.4860
2011,10,2,4,97,16.3807
2011,10,2,5,161,16.8038
2011,10,3,1,134,10.5103
2011,10,3,2,132,9.7079
2011,10,3,3,130,12.6489
2011,10,3,4,143,10.5009
2011,10,3,5,164,10.2052
2011,11,1,1,304,-2.4892
2011,11,1,2,206,-0.9716
2011,11,1,3,270,-1.9321
2011,11,1,4,216,0.5836
2011,11,1,5,348,-3.0077
2011,11,2,1,142,-0.6207
2011,11,2,2,107,-0.4852
2011,11,2,3,119,0.0065
2011,11,2,4,97,-0.3390
2011,11,2,5,161,-1.2020
2011,11,3,1,134,0.8410
2011,11,3,2,132,1.5354
2011,11,3,3,129,0.4640
2011,11,3,4,143,1.2407
2011,11,3,5,163,-2.1305
2011,12,1,1,299,-0.1624
2011,12,1,2,202,1.3739
2011,12,1,3,267,1.4643
2011,12,1,4,214,1.7322
2011,12,1,5,345,1.8103
2011,12,2,1,141,0.6074
2011,12,2,2,107,-0.6730
2011,12,2,3,118,-0.5977
2011,12,2,4,97,1.0083
2011,12,2,5,161,-0.8420
2011,12,3,1,134,-1.4485
2011,12,3,2,132,1.6253
2011,12,3,3,129,-1.3174
2011,12,3,4,141,2.0996
2011,12,3,5,162,1.0684
2012,1,1,1,296,11.5641
2012,1,1,2,199,10.0948
2012,1,1,3,266,7.9891
2012,1,1,4,213,6.9459
2012,1,1,5,342,8.6649
2012,1,2,1,140,5.4854
2012,1,2,2,106,6.5035
2012,1,2,3,118,5.9202
2012,1,2,4,97,8.3213
2012,1,2,5,161,8.6644
2012,1,3,1,134,5.1376
2012,1,3,2,131,2.2639
2012,1,3,3,129,4.0976
2012,1,3,4,138,3.5072
2012,1,3,5,162,7.2704
2012,2,1,1,292,2.7866
2012,2,1,2,197,2.1851
2012,2,1,3,265,0.1079
2012,2,1,4,212,3.4285
2012,2,1,5,340,1.3627
2012,2,2,1,138,2.7293
2012,2,2,2,106,2.0674
2012,2,2,3,118,3.1685
2012,2,2,4,97,4.5798
2012,2,2,5,158,4.1422
2012,2,3,1,133,2.6595
2012,2,3,2,131,3.5090
2012,2,3,3,129,3.3708
2012,2,3,4,138,3.3478
2012,2,3,5,161,7.1772
2012,3,1,1,288,3.8888
2012,3,1,2,195,3.9949
2012,3,1,3,262,3.7322
2012,3,1,4,209,4.4959
2012,3,1,5,339,2.6311
2012,3,2,1,138,3.7617
2012,3,2,2,106,2.8697
2012,3,2,3,117,1.2007
2012,3,2,4,97,1.4992
2012,3,2,5,158,1.3018
2012,3,3,1,133,1.5576
2012,3,3,2,131,2.4361
2012,3,3,3,127,0.9065
2012,3,3,4,138,2.1180
2012,3,3,5,159,4.6876
2012,4,1,1,286,-2.7394
2012,4,1,2,194,-0.4694
2012,4,1,3,258,-2.6593
2012,4,1,4,209,-2.5032
2012,4,1,5,335,-2.4041
2012,4,2,1,138,-1.0258
2012,4,2,2,106,-0.6404
2012,4,2,3,117,-2.0135
2012,4,2,4,97,-0.9908
2012,4,2,5,158,-0.7881
2012,4,3,1,133,0.0294
2012,4,3,2,130,0.0383
2012,4,3,3,126,-0.8523
2012,4,3,4,138,0.1888
2012,4,3,5,159,-1.5400
2012,5,1,1,285,-6.2613
2012,5,1,2,192,-7.9893
2012,5,1,3,257,-8.2425
2012,5,1,4,207,-6.3479
2012,5,1,5,331,-8.0269
2012,5,2,1,138,-6.4632
2012,5,2,2,105,-5.5263
2012,5,2,3,116,-7.4627
2012,5,2,4,97,-6.7190
2012,5,2,5,158,-6.2434
2012,5,3,1,132,-6.1607
2012,5,3,2,130,-5.8806
2012,5,3,3,126,-4.7545
2012,5,3,4,137,-4.7034
2012,5,3,5,159,-6.0866
2012,6,1,1,282,7.2437
2012,6,1,2,190,5.2757
2012,6,1,3,257,6.4371
2012,6,1,4,205,5.5651
2012,6,1,5,330,7.0525
2012,6,2,1,138,5.9715
2012,6,2,2,105,3.7052
2012,6,2,3,116,3.5620
2012,6,2,4,96,3.8892
2012,6,2,5,158,5.5649
2012,6,3,1,131,3.1995
2012,6,3,2,129,4.4151
2012,6,3,3,126,4.5945
2012,6,3,4,136,4.6715
2012,6,3,5,159,1.7405
2012,7,1,1,307,-1.9418
2012,7,1,2,212,-0.4405
2012,7,1,3,294,-2.6473
2012,7,1,4,195,-3.6472
2012,7,1,5,316,-1.6601
2012,7,2,1,124,-0.7276
2012,7,2,2,85,-3.3967
2012,7,2,3,145,-1.7316
2012,7,2,4,98,-1.9439
2012,7,2,5,162,-2.1694
2012,7,3,1,150,1.6192
2012,7,3,2,163,1.3393
2012,7,3,3,151,1.1726
2012,7,3,4,131,2.7378
2012,7,3,5,135,0.4516
2012,8,1,1,304,3.5128
2012,8,1,2,210,2.5554
2012,8,1,3,290,2.8900
2012,8,1,4,194,4.3340
2012,8,1,5,312,2.4117
2012,8,2,1,124,3.9238
2012,8,2,2,85,4.5216
2012,8,2,3,144,2.6050
2012,8,2,4,97,4.8447
2012,8,2,5,162,4.3343
2012,8,3,1,150,1.6050
2012,8,3,2,162,0.3726
2012,8,3,3,149,2.2653
2012,8,3,4,131,1.7067
2012,8,3,5,134,5.3311
2012,9,1,1,300,6.2306
2012,9,1,2,207,4.8767
2012,9,1,3,289,4.6688
2012,9,1,4,194,4.0017
2012,9,1,5,307,5.0211
2012,9,2,1,123,2.4328
2012,9,2,2,85,4.1485
2012,9,2,3,144,2.6263
2012,9,2,4,97,3.6173
2012,9,2,5,161,2.5995
2012,9,3,1,147,1.7159
2012,9,3,2,162,2.5803
2012,9,3,3,149,2.6716
2012,9,3,4,131,2.7618
2012,9,3,5,134,2.3817
2012,10,1,1,297,-3.8269
2012,10,1,2,205,-3.8345
2012,10,1,3,286,-4.2529
2012,10,1,4,193,-3.3770
2012,10,1,5,304,-4.1366
2012,10,2,1,123,-1.0667
2012,10,2,2,85,-0.3498
2012,10,2,3,144,-3.6435
2012,10,2,4,96,0.8198
2012,10,2,5,161,-1.8787
2012,10,3,1,146,-2.6767
2012,10,3,2,162,-0.6721
2012,10,3,3,149,-0.9244
2012,10,3,4,131,-2.0398
2012,10,3,5,134,-5.4343
2012,11,1,1,295,1.0745
2012,11,1,2,204,1.0168
2012,11,1,3,283,0.0336
2012,11,1,4,191,1.3567
2012,11,1,5,303,1.7393
2012,11,2,1,121,1.2542
2012,11,2,2,85,1.8168
2012,11,2,3,142,3.1185
2012,11,2,4,96,0.1947
2012,11,2,5,158,0.7431
2012,11,3,1,144,1.8142
2012,11,3,2,162,0.7524
2012,11,3,3,149,0.4013
2012,11,3,4,130,0.8419
2012,11,3,5,134,1.1559
2012,12,1,1,292,2.6102
2012,12,1,2,202,5.0439
2012,12,1,3,280,4.2933
2012,12,1,4,187,3.9383
2012,12,1,5,301,2.5151
2012,12,2,1,121,4.0015
2012,12,2,2,85,2.9711
2012,12,2,3,142,2.8304
2012,12,2,4,95,4.1393
2012,12,2,5,158,3.8481
2012,12,3,1,144,1.4986
2012,12,3,2,162,0.1682
2012,12,3,3,148,0.5065
2012,12,3,4,130,0.9482
2012,12,3,5,134,-0.4817
2013,1,1,1,287,5.0650
2013,1,1,2,198,7.0106
2013,1,1,3,276,6.9035
2013,1,1,4,187,6.2451
2013,1,1,5,299,6.9373
2013,1,2,1,120,7.4284
2013,1,2,2,83,6.1896
2013,1,2,3,142,4.8927
2013,1,2,4,95,5.6538
2013,1,2,5,155,7.0214
2013,1,3,1,143,5.4235
2013,1,3,2,161,6.1851
2013,1,3,3,148,5.7287
2013,1,3,4,130,7.0151
2013,1,3,5,134,1.9937
2013,2,1,1,286,0.2998
2013,2,1,2,198,1.4512
2013,2,1,3,274,0.3950
2013,2,1,4,186,2.0181
2013,2,1,5,297,-0.0216
2013,2,2,1,119,1.2134
2013,2,2,2,83,-0.3204
2013,2,2,3,142,0.1015
2013,2,2,4,95,1.7044
2013,2,2,5,155,1.0525
2013,2,3,1,143,1.2919
2013,2,3,2,160,2.4442
2013,2,3,3,148,0.7187
2013,2,3,4,129,1.7085
2013,2,3,5,133,0.1920
2013,3,1,1,284,5.2960
2013,3,1,2,196,5.7542
2013,3,1,3,274,6.4915
2013,3,1,4,185,4.8989
2013,3,1,5,295,7.1047
2013,3,2,1,117,3.8173
2013,3,2,2,83,5.6165
2013,3,2,3,140,4.5752
2013,3,2,4,95,4.9962
2013,3,2,5,155,4.3032
2013,3,3,1,143,4.1923
2013,3,3,2,160,5.0013
2013,3,3,3,148,3.4195
2013,3,3,4,129,3.8641
2013,3,3,5,133,2.0363
2013,4,1,1,280,-0.2603
2013,4,1,2,194,0.1683
2013,4,1,3,273,0.7177
2013,4,1,4,183,-0.8204
2013,4,1,5,292,0.5493
2013,4,2,1,117,1.3177
2013,4,2,2,83,-1.3890
2013,4,2,3,140,-1.4088
2013,4,2,4,95,-2.0669
2013,4,2,5,155,-1.4160
2013,4,3,1,143,2.6100
2013,4,3,2,160,1.6336
2013,4,3,3,148,1.7881
2013,4,3,4,129,1.1931
2013,4,3,5,133,1.6557
2013,5,1,1,280,5.8123
2013,5,1,2,189,2.7857
2013,5,1,3,269,5.3276
2013,5,1,4,183,6.3275
2013,5,1,5,291,6.8446
2013,5,2,1,116,6.2667
2013,5,2,2,83,4.7966
2013,5,2,3,140,5.8021
2013,5,2,4,95,5.8453
2013,5,2,5,152,3.6650
2013,5,3,1,143,2.0364
2013,5,3,2,160,0.0305
2013,5,3,3,148,1.5388
2013,5,3,4,129,1.8476
2013,5,3,5,133,4.0879
2013,6,1,1,279,-0.3898
2013,6,1,2,189,-0.2668
2013,6,1,3,265,1.1524
2013,6,1,4,181,0.6774
2013,6,1,5,287,-0.3751
2013,6,2,1,116,-2.1920
2013,6,2,2,83,0.2554
2013,6,2,3,140,-0.7687
2013,6,2,4,95,-1.1986
2013,6,2,5,151,-0.5227
2013,6,3,1,143,-0.8498
2013,6,3,2,160,-0.5451
2013,6,3,3,148,-1.1176
2013,6,3,4,128,-1.0443
2013,6,3,5,132,-3.6316
2013,7,1,1,282,7.3467
2013,7,1,2,170,9.9618
2013,7,1,3,276,8.3838
2013,7,1,4,192,7.6447
2013,7,1,5,321,8.3643
2013,7,2,1,138,6.0282
2013,7,2,2,108,7.5985
2013,7,2,3,111,7.0802
2013,7,2,4,94,6.7805
2013,7,2,5,166,7.3588
2013,7,3,1,144,6.0729
2013,7,3,2,145,4.3943
2013,7,3,3,123,4.6933
2013,7,3,4,151,5.5892
2013,7,3,5,155,5.4808
2013,8,1,1,280,-1.7599
2013,8,1,2,170,-1.9880
2013,8,1,3,274,-2.5860
2013,8,1,4,192,-4.1632
2013,8,1,5,320,-2.4624
2013,8,2,1,138,-1.1471
2013,8,2,2,108,-3.2730
2013,8,2,3,111,-3.5371
2013,8,2,4,94,-2.5666
2013,8,2,5,164,-3.4157
2013,8,3,1,144,-2.0033
2013,8,3,2,144,-3.3541
2013,8,3,3,123,-2.4948
2013,8,3,4,148,-3.5030
2013,8,3,5,155,-0.7797
2013,9,1,1,276,8.9106
2013,9,1,2,168,7.9319
2013,9,1,3,274,5.8485
2013,9,1,4,189,8.3444
2013,9,1,5,316,6.0643
2013,9,2,1,138,7.1014
2013,9,2,2,108,5.7885
2013,9,2,3,111,6.6511
2013,9,2,4,94,6.1042
2013,9,2,5,163,5.5801
2013,9,3,1,144,5.1527
2013,9,3,2,144,3.1986
2013,9,3,3,123,5.4343
2013,9,3,4,148,2.6153
2013,9,3,5,155,2.9110
2013,10,1,1,275,3.3069
2013,10,1,2,167,1.5585
2013,10,1,3,271,2.2832
2013,10,1,4,188,3.8855
2013,10,1,5,314,1.2198
2013,10,2,1,138,2.0459
2013,10,2,2,108,2.9188
2013,10,2,3,110,3.5920
2013,10,2,4,94,2.8129
2013,10,2,5,163,2.1036
2013,10,3,1,143,4.4451
2013,10,3,2,144,4.9633
2013,10,3,3,123,3.7693
2013,10,3,4,147,4.8135
2013,10,3,5,155,4.3452
2013,11,1,1,274,6.6693
2013,11,1,2,166,4.0026
2013,11,1,3,269,4.6351
2013,11,1,4,185,8.0141
2013,11,1,5,312,6.0885
2013,11,2,1,136,2.8634
2013,11,2,2,107,3.2016
2013,11,2,3,110,3.7947
2013,11,2,4,92,1.9590
2013,11,2,5,161,4.9929
2013,11,3,1,141,0.9186
2013,11,3,2,144,1.6207
2013,11,3,3,123,2.5268
2013,11,3,4,146,3.1853
2013,11,3,5,155,3.5404
2013,12,1,1,269,4.7114
2013,12,1,2,164,2.6859
2013,12,1,3,265,1.5993
2013,12,1,4,183,1.7073
2013,12,1,5,310,2.4729
2013,12,2,1,136,3.3153
2013,12,2,2,107,1.7702
2013,12,2,3,110,1.7761
2013,12,2,4,91,2.0463
2013,12,2,5,158,1.5481
2013,12,3,1,141,2.9938
2013,12,3,2,144,2.3602
2013,12,3,3,123,3.6319
2013,12,3,4,146,2.4190
2013,12,3,5,155,2.0916
2014,1,1,1,267,1.3934
2014,1,1,2,164,0.1088
2014,1,1,3,265,-3.2751
2014,1,1,4,182,-5.3504
2014,1,1,5,308,-0.8233
2014,1,2,1,134,-4.4010
2014,1,2,2,107,-0.5755
2014,1,2,3,110,-3.0839
2014,1,2,4,91,-3.3204
2014,1,2,5,155,-3.1153
2014,1,3,1,140,-2.4581
2014,1,3,2,143,-3.8553
2014,1,3,3,123,-3.2784
2014,1,3,4,145,-3.0705
2014,1,3,5,154,-3.8407
2014,2,1,1,267,6.0279
2014,2,1,2,163,5.2240
2014,2,1,3,263,5.4412
2014,2,1,4,181,4.1842
2014,2,1,5,307,4.9111
2014,2,2,1,134,6.3036
2014,2,2,2,106,4.9783
2014,2,2,3,110,4.4570
2014,2,2,4,91,3.8740
2014,2,2,5,152,4.3325
2014,2,3,1,139,5.7688
2014,2,3,2,143,4.2233
2014,2,3,3,123,5.3647
2014,2,3,4,144,4.6233
2014,2,3,5,153,4.8503
2014,3,1,1,265,-0.4970
2014,3,1,2,161,1.8692
2014,3,1,3,262,-0.5939
2014,3,1,4,178,0.8781
2014,3,1,5,299,-2.0074
2014,3,2,1,133,0.0745
2014,3,2,2,106,0.1751
2014,3,2,3,109,-1.6219
2014,3,2,4,90,0.7848
2014,3,2,5,152,-0.8902
2014,3,3,1,139,-1.6618
2014,3,3,2,143,0.4226
2014,3,3,3,123,0.5005
2014,3,3,4,144,0.8407
2014,3,3,5,152,0.9041
2014,4,1,1,263,-6.5025
2014,4,1,2,159,-5.0940
2014,4,1,3,261,-4.1400
2014,4,1,4,177,-4.6249
2014,4,1,5,300,-7.1026
2014,4,2,1,132,-2.3020
2014,4,2,2,106,-3.9294
2014,4,2,3,109,-3.4197
2014,4,2,4,90,-2.4130
2014,4,2,5,152,-2.8861
2014,4,3,1,139,-0.1779
2014,4,3,2,143,1.7494
2014,4,3,3,123,-0.0417
2014,4,3,4,144,2.0714
2014,4,3,5,151,0.5293
2014,5,1,1,262,-1.4295
2014,5,1,2,157,-2.2964
2014,5,1,3,258,-1.8945
2014,5,1,4,177,-1.3430
2014,5,1,5,298,0.5911
2014,5,2,1,132,0.3511
2014,5,2,2,105,2.1454
2014,5,2,3,109,0.4734
2014,5,2,4,89,0.5500
2014,5,2,5,152,0.7820
2014,5,3,1,139,2.6060
2014,5,3,2,143,1.4029
2014,5,3,3,123,2.3311
2014,5,3,4,144,1.7433
2014,5,3,5,151,2.8452
2014,6,1,1,259,7.2737
2014,6,1,2,156,3.4614
2014,6,1,3,256,6.0492
2014,6,1,4,176,3.8477
2014,6,1,5,299,6.8335
2014,6,2,1,132,6.1073
2014,6,2,2,105,5.4202
2014,6,2,3,108,4.4117
2014,6,2,4,89,5.2460
2014,6,2,5,151,5.1130
2014,6,3,1,138,3.8050
2014,6,3,2,143,3.3839
2014,6,3,3,123,1.4147
2014,6,3,4,143,1.2044
2014,6,3,5,151,1.5552
2014,7,1,1,260,-6.0526
2014,7,1,2,177,-6.8801
2014,7,1,3,258,-6.6819
2014,7,1,4,192,-5.6102
2014,7,1,5,269,-6.2966
2014,7,2,1,129,-5.9553
2014,7,2,2,104,-5.7145
2014,7,2,3,110,-6.9388
2014,7,2,4,133,-7.2012
2014,7,2,5,150,-4.1002
2014,7,3,1,165,-0.8291
2014,7,3,2,149,-2.2940
2014,7,3,3,130,-2.5545
2014,7,3,4,150,-2.0125
2014,7,3,5,146,-0.1845
2014,8,1,1,259,1.5318
2014,8,1,2,175,5.1482
2014,8,1,3,257,3.0657
2014,8,1,4,192,4.6132
2014,8,1,5,267,5.2367
2014,8,2,1,128,5.1512
2014,8,2,2,104,6.9429
2014,8,2,3,108,4.1868
2014,8,2,4,132,4.3860
2014,8,2,5,148,5.4286
2014,8,3,1,165,4.0875
2014,8,3,2,149,3.8931
2014,8,3,3,130,4.6258
2014,8,3,4,150,3.9826
2014,8,3,5,145,5.3534
2014,9,1,1,258,-7.8253
2014,9,1,2,172,-6.2581
2014,9,1,3,255,-7.3217
2014,9,1,4,192,-5.6070
2014,9,1,5,266,-7.7721
2014,9,2,1,128,-5.6779
2014,9,2,2,104,-5.5105
2014,9,2,3,107,-5.6513
2014,9,2,4,132,-5.9338
2014,9,2,5,147,-5.9226
2014,9,3,1,165,-3.1218
2014,9,3,2,149,-1.9723
2014,9,3,3,128,-2.0633
2014,9,3,4,149,-2.4597
2014,9,3,5,145,-0.7831
2014,10,1,1,258,3.0971
2014,10,1,2,170,5.7995
2014,10,1,3,254,7.9658
2014,10,1,4,190,4.2244
2014,10,1,5,265,7.2086
2014,10,2,1,128,1.8898
2014,10,2,2,104,6.4028
2014,10,2,3,107,6.4307
2014,10,2,4,132,5.6403
2014,10,2,5,146,5.6562
2014,10,3,1,164,1.9175
2014,10,3,2,149,1.8506
2014,10,3,3,128,2.9528
2014,10,3,4,149,2.8281
2014,10,3,5,144,1.1475
2014,11,1,1,255,-1.1951
2014,11,1,2,170,0.1533
2014,11,1,3,252,-1.4078
2014,11,1,4,189,-0.4601
2014,11,1,5,262,-0.7384
2014,11,2,1,127,0.3196
2014,11,2,2,104,0.9125
2014,11,2,3,107,2.1380
2014,11,2,4,131,0.5910
2014,11,2,5,146,-0.1619
2014,11,3,1,164,1.7530
2014,11,3,2,149,2.2695
2014,11,3,3,128,4.4392
2014,11,3,4,148,4.1869
2014,11,3,5,144,2.1422
2014,12,1,1,252,2.8386
2014,12,1,2,170,3.8556
2014,12,1,3,251,4.5757
2014,12,1,4,188,6.6779
2014,12,1,5,260,6.4088
2014,12,2,1,126,2.0222
2014,12,2,2,104,2.1061
2014,12,2,3,107,1.7821
2014,12,2,4,131,0.4305
2014,12,2,5,146,1.8520
2014,12,3,1,164,-1.4505
2014,12,3,2,148,-0.0980
2014,12,3,3,127,0.6678
2014,12,3,4,148,-1.2747
2014,12,3,5,143,-0.8355
2015,1,1,1,251,-3.6213
2015,1,1,2,169,-4.5489
2015,1,1,3,250,-4.6542
2015,1,1,4,187,-5.5603
2015,1,1,5,257,-4.3363
2015,1,2,1,126,-3.3200
2015,1,2,2,103,-1.9629
2015,1,2,3,106,-4.4931
2015,1,2,4,130,-3.8386
2015,1,2,5,146,-2.8430
2015,1,3,1,164,-2.0098
2015,1,3,2,147,-1.7613
2015,1,3,3,126,-2.0350
2015,1,3,4,147,-1.4252
2015,1,3,5,143,-3.6699
2015,2,1,1,251,5.7842
2015,2,1,2,167,5.2083
2015,2,1,3,250,7.1038
2015,2,1,4,186,5.7269
2015,2,1,5,254,4.9347
2015,2,2,1,125,7.5554
2015,2,2,2,101,4.7513
2015,2,2,3,105,5.5690
2015,2,2,4,130,8.2072
2015,2,2,5,146,7.9673
2015,2,3,1,162,5.8657
2015,2,3,2,146,4.7098
2015,2,3,3,126,4.4765
2015,2,3,4,147,7.4265
2015,2,3,5,140,6.0498
2015,3,1,1,248,-0.1841
2015,3,1,2,166,1.8289
2015,3,1,3,250,-0.0161
2015,3,1,4,185,1.2425
2015,3,1,5,251,-0.0875
2015,3,2,1,124,2.5334
2015,3,2,2,101,2.0700
2015,3,2,3,103,0.3956
2015,3,2,4,130,2.4142
2015,3,2,5,144,1.5998
2015,3,3,1,162,-1.0172
2015,3,3,2,146,-2.0521
2015,3,3,3,126,-0.4561
2015,3,3,4,147,-1.7054
2015,3,3,5,138,-2.2266
2015,4,1,1,245,-0.9906
2015,4,1,2,164,-2.4352
2015,4,1,3,250,-2.0436
2015,4,1,4,185,-2.3531
2015,4,1,5,248,-2.8400
2015,4,2,1,123,-1.6126
2015,4,2,2,101,-3.5206
2015,4,2,3,103,-2.5875
2015,4,2,4,129,-1.1319
2015,4,2,5,144,-3.7820
2015,4,3,1,161,0.1780
2015,4,3,2,145,0.7750
2015,4,3,3,125,-0.6543
2015,4,3,4,146,1.0253
2015,4,3,5,138,2.2622
2015,5,1,1,244,1.3226
2015,5,1,2,163,0.8787
2015,5,1,3,249,1.0352
2015,5,1,4,184,2.3579
2015,5,1,5,247,2.1819
2015,5,2,1,123,1.5628
2015,5,2,2,101,3.2395
2015,5,2,3,103,0.8932
2015,5,2,4,129,2.3039
2015,5,2,5,144,2.9696
2015,5,3,1,160,1.0745
2015,5,3,2,144,0.0664
2015,5,3,3,125,0.8412
2015,5,3,4,146,1.3941
2015,5,3,5,137,1.4503
2015,6,1,1,244,1.6378
2015,6,1,2,160,1.8290
2015,6,1,3,249,2.3165
2015,6,1,4,184,2.0946
2015,6,1,5,246,1.9955
2015,6,2,1,123,1.9924
2015,6,2,2,101,-1.3427
2015,6,2,3,103,-0.4202
2015,6,2,4,129,0.4135
2015,6,2,5,143,-1.1592
2015,6,3,1,159,-1.7755
2015,6,3,2,144,-2.3582
2015,6,3,3,124,-2.1813
2015,6,3,4,146,-2.8415
2015,6,3,5,137,-2.2710
2015,7,1,1,228,-9.4215
2015,7,1,2,138,-7.8574
2015,7,1,3,262,-4.5478
2015,7,1,4,182,-5.6009
2015,7,1,5,318,-6.0613
2015,7,2,1,145,-2.1242
2015,7,2,2,89,-3.1783
2015,7,2,3,112,-2.1890
2015,7,2,4,109,-3.4273
2015,7,2,5,170,-1.8628
2015,7,3,1,159,3.3266
2015,7,3,2,158,-0.2243
2015,7,3,3,165,1.5711
2015,7,3,4,144,2.7077
2015,7,3,5,147,2.1483
2015,8,1,1,226,-3.9196
2015,8,1,2,136,-6.2577
2015,8,1,3,257,-3.5728
2015,8,1,4,182,-2.7749
2015,8,1,5,316,-5.2167
2015,8,2,1,144,-6.2185
2015,8,2,2,89,-6.0038
2015,8,2,3,112,-4.4440
2015,8,2,4,109,-4.5815
2015,8,2,5,169,-7.7629
2015,8,3,1,159,-5.8392
2015,8,3,2,158,-6.4104
2015,8,3,3,162,-5.9878
2015,8,3,4,144,-5.6944
2015,8,3,5,145,-5.8478
2015,9,1,1,225,-7.7090
2015,9,1,2,135,-9.3634
2015,9,1,3,257,-4.7814
2015,9,1,4,181,-7.0074
2015,9,1,5,315,-9.4509
2015,9,2,1,144,-6.6506
2015,9,2,2,89,-5.2686
2015,9,2,3,110,-6.7191
2015,9,2,4,107,-4.6075
2015,9,2,5,169,-8.2388
2015,9,3,1,159,-4.8874
2015,9,3,2,157,-1.5835
2015,9,3,3,161,-2.5323
2015,9,3,4,144,-1.8826
2015,9,3,5,142,-2.6600
2015,10,1,1,225,5.8549
2015,10,1,2,135,8.1504
2015,10,1,3,255,4.6029
2015,10,1,4,176,6.6752
2015,10,1,5,312,6.6261
2015,10,2,1,144,6.1049
2015,10,2,2,89,7.4364
2015,10,2,3,109,5.8907
2015,10,2,4,107,6.1660
2015,10,2,5,169,6.9733
2015,10,3,1,159,9.0007
2015,10,3,2,157,8.2682
2015,10,3,3,161,5.9412
2015,10,3,4,144,8.6736
2015,10,3,5,141,9.9490
2015,11,1,1,223,1.9489
2015,11,1,2,134,2.5950
2015,11,1,3,252,2.3027
2015,11,1,4,173,1.1494
2015,11,1,5,307,2.7500
2015,11,2,1,143,3.4449
2015,11,2,2,88,3.2485
2015,11,2,3,106,5.0917
2015,11,2,4,106,3.6187
2015,11,2,5,167,5.3396
2015,11,3,1,158,0.6247
2015,11,3,2,157,-0.4875
2015,11,3,3,161,-0.0320
2015,11,3,4,144,-0.2221
2015,11,3,5,141,0.5781
2015,12,1,1,223,-7.2164
2015,12,1,2,134,-6.8809
2015,12,1,3,250,-4.8562
2015,12,1,4,173,-5.7529
2015,12,1,5,305,-4.5758
2015,12,2,1,143,-5.8636
2015,12,2,2,88,-5.7975
2015,12,2,3,105,-5.0970
2015,12,2,4,105,-5.1649
2015,12,2,5,167,-3.8582
2015,12,3,1,158,-2.7248
2015,12,3,2,157,-3.3547
2015,12,3,3,159,-1.6534
2015,12,3,4,144,-1.2615
2015,12,3,5,141,-0.0336
2016,1,1,1,220,-14.3814
2016,1,1,2,133,-9.8281
2016,1,1,3,248,-7.2119
2016,1,1,4,173,-8.0779
2016,1,1,5,301,-8.7851
2016,1,2,1,143,-9.2311
2016,1,2,2,86,-7.5194
2016,1,2,3,105,-6.7000
2016,1,2,4,104,-6.7458
2016,1,2,5,166,-11.7378
2016,1,3,1,158,-10.2346
2016,1,3,2,156,-3.2091
2016,1,3,3,158,-2.2400
2016,1,3,4,144,-3.8704
2016,1,3,5,139,-6.0658
2016,2,1,1,220,-1.9965
2016,2,1,2,130,0.0660
2016,2,1,3,243,-0.1577
2016,2,1,4,172,2.2003
2016,2,1,5,296,-0.2217
2016,2,2,1,143,1.5651
2016,2,2,2,85,0.7604
2016,2,2,3,105,1.8718
2016,2,2,4,104,0.0254
2016,2,2,5,164,-0.0223
2016,2,3,1,158,-0.3556
2016,2,3,2,156,0.2207
2016,2,3,3,157,2.2746
2016,2,3,4,144,0.0951
2016,2,3,5,137,0.0380
2016,3,1,1,219,7.2734
2016,3,1,2,129,6.2112
2016,3,1,3,240,8.1450
2016,3,1,4,172,7.6432
2016,3,1,5,292,7.5947
2016,3,2,1,143,8.6627
2016,3,2,2,83,10.2072
2016,3,2,3,105,6.9377
2016,3,2,4,103,10.3489
2016,3,2,5,163,7.5972
2016,3,3,1,158,6.2989
2016,3,3,2,156,8.2121
2016,3,3,3,156,7.0129
2016,3,3,4,143,6.2036
2016,3,3,5,135,6.2686
2016,4,1,1,217,6.6946
2016,4,1,2,125,0.9845
2016,4,1,3,240,1.5661
2016,4,1,4,171,1.5957
2016,4,1,5,291,3.9511
2016,4,2,1,143,2.0642
2016,4,2,2,83,1.2948
2016,4,2,3,105,0.9346
2016,4,2,4,103,0.8032
2016,4,2,5,163,2.1609
2016,4,3,1,157,2.1202
2016,4,3,2,155,-1.9249
2016,4,3,3,156,1.6144
2016,4,3,4,142,-0.0118
2016,4,3,5,135,1.0074
2016,5,1,1,217,0.3119
2016,5,1,2,125,-3.1836
2016,5,1,3,236,-0.6969
2016,5,1,4,169,-0.0079
2016,5,1,5,289,-0.6609
2016,5,2,1,143,1.2117
2016,5,2,2,83,2.9159
2016,5,2,3,104,0.6974
2016,5,2,4,103,1.8813
2016,5,2,5,161,1.9925
2016,5,3,1,156,3.0292
2016,5,3,2,153,1.9064
2016,5,3,3,154,0.7841
2016,5,3,4,142,1.6650
2016,5,3,5,135,1.3915
2016,6,1,1,215,0.4318
2016,6,1,2,122,1.4652
2016,6,1,3,234,0.9127
2016,6,1,4,168,0.7453
2016,6,1,5,286,-0.9939
2016,6,2,1,143,0.6151
2016,6,2,2,83,1.9791
2016,6,2,3,103,-0.2934
2016,6,2,4,102,0.8356
2016,6,2,5,159,0.6039
2016,6,3,1,154,-1.4609
2016,6,3,2,153,0.8481
2016,6,3,3,153,2.8880
2016,6,3,4,141,0.6358
2016,6,3,5,134,1.1936
2016,7,1,1,262,6.0695
2016,7,1,2,153,7.7060
2016,7,1,3,276,5.5070
2016,7,1,4,198,6.4237
2016,7,1,5,293,4.6459
2016,7,2,1,131,6.5982
2016,7,2,2,89,4.5234
2016,7,2,3,129,5.7658
2016,7,2,4,108,5.9639
2016,7,2,5,156,7.6017
2016,7,3,1,166,3.4736
2016,7,3,2,159,1.6713
2016,7,3,3,135,4.4802
2016,7,3,4,130,3.9864
2016,7,3,5,147,5.7613
2016,8,1,1,258,1.6253
2016,8,1,2,151,2.9199
2016,8,1,3,274,1.4311
2016,8,1,4,195,4.6927
2016,8,1,5,293,4.0944
2016,8,2,1,129,-0.9478
2016,8,2,2,89,2.0691
2016,8,2,3,128,0.7145
2016,8,2,4,108,1.5589
2016,8,2,5,155,0.5627
2016,8,3,1,166,0.2245
2016,8,3,2,157,-0.5353
2016,8,3,3,134,-0.1085
2016,8,3,4,129,-1.2917
2016,8,3,5,147,-0.4948
2016,9,1,1,254,5.3859
2016,9,1,2,151,4.3253
2016,9,1,3,273,3.0464
2016,9,1,4,193,2.9238
2016,9,1,5,293,7.3958
2016,9,2,1,128,2.3077
2016,9,2,2,89,1.5700
2016,9,2,3,126,2.2104
2016,9,2,4,106,0.4166
2016,9,2,5,155,1.8246
2016,9,3,1,166,-0.2372
2016,9,3,2,157,-0.5331
2016,9,3,3,133,1.8383
2016,9,3,4,129,0.5458
2016,9,3,5,146,1.2085
2016,10,1,1,253,-8.5095
2016,10,1,2,151,-5.9300
2016,10,1,3,272,-6.9960
2016,10,1,4,190,-4.3806
2016,10,1,5,291,-7.8450
2016,10,2,1,125,-7.1518
2016,10,2,2,88,-4.1180
2016,10,2,3,123,-5.9270
2016,10,2,4,106,-4.7080
2016,10,2,5,153,-7.9449
2016,10,3,1,164,-3.5297
2016,10,3,2,156,-2.3173
2016,10,3,3,132,-1.2132
2016,10,3,4,128,-2.6644
2016,10,3,5,144,-1.9258
2016,11,1,1,250,7.6424
2016,11,1,2,148,13.4798
2016,11,1,3,271,14.3674
2016,11,1,4,190,9.6384
2016,11,1,5,287,10.9935
2016,11,2,1,125,7.8195
2016,11,2,2,88,10.7874
2016,11,2,3,123,9.8000
2016,11,2,4,106,13.3040
2016,11,2,5,153,10.4499
2016,11,3,1,164,4.3841
2016,11,3,2,153,4.4276
2016,11,3,3,132,2.9959
2016,11,3,4,128,4.9173
2016,11,3,5,144,-0.1460
2016,12,1,1,248,4.8518
2016,12,1,2,147,2.5960
2016,12,1,3,267,2.5632
2016,12,1,4,189,3.3354
2016,12,1,5,286,2.9519
2016,12,2,1,125,0.1440
2016,12,2,2,87,2.1262
2016,12,2,3,122,2.0185
2016,12,2,4,105,2.1615
2016,12,2,5,151,-0.1972
2016,12,3,1,161,1.1587
2016,12,3,2,153,2.0837
2016,12,3,3,131,1.3293
2016,12,3,4,128,0.6170
2016,12,3,5,144,1.3550
2017,1,1,1,249,-0.2565
2017,1,1,2,143,2.4557
2017,1,1,3,264,-1.8288
2017,1,1,4,188,-2.5655
2017,1,1,5,285,1.1480
2017,1,2,1,124,0.8812
2017,1,2,2,87,-0.0527
2017,1,2,3,121,0.4286
2017,1,2,4,105,1.0882
2017,1,2,5,151,2.2578
2017,1,3,1,158,2.6235
2017,1,3,2,153,0.9560
2017,1,3,3,131,4.0483
2017,1,3,4,127,1.1143
2017,1,3,5,143,3.0918
2017,2,1,1,249,1.2625
2017,2,1,2,141,0.2082
2017,2,1,3,263,0.0970
2017,2,1,4,187,-0.5351
2017,2,1,5,284,0.7516
2017,2,2,1,124,2.0177
2017,2,2,2,86,1.2271
2017,2,2,3,120,0.4313
2017,2,2,4,104,-0.7641
2017,2,2,5,151,1.1999
2017,2,3,1,157,2.7624
2017,2,3,2,153,3.1284
2017,2,3,3,131,1.8132
2017,2,3,4,126,2.3281
2017,2,3,5,143,5.6902
2017,3,1,1,247,-0.7980
2017,3,1,2,141,1.5670
2017,3,1,3,261,1.8580
2017,3,1,4,186,2.4624
2017,3,1,5,283,1.8171
2017,3,2,1,124,2.0997
2017,3,2,2,86,2.3180
2017,3,2,3,116,0.9819
2017,3,2,4,104,0.7417
2017,3,2,5,148,-0.6224
2017,3,3,1,156,0.4098
2017,3,3,2,153,0.1550
2017,3,3,3,130,1.0010
2017,3,3,4,125,-0.0330
2017,3,3,5,143,1.2525
2017,4,1,1,242,1.3159
2017,4,1,2,141,1.1770
2017,4,1,3,261,3.4803
2017,4,1,4,186,1.5233
2017,4,1,5,281,-0.5195
2017,4,2,1,123,1.8039
2017,4,2,2,86,0.4687
2017,4,2,3,115,2.1022
2017,4,2,4,103,0.4341
2017,4,2,5,147,1.4913
2017,4,3,1,155,0.9575
2017,4,3,2,153,0.9364
2017,4,3,3,130,1.9917
2017,4,3,4,125,0.3906
2017,4,3,5,142,2.0134
2017,5,1,1,241,0.1404
2017,5,1,2,139,-4.1060
2017,5,1,3,260,-3.4354
2017,5,1,4,186,-1.6674
2017,5,1,5,279,-3.2843
2017,5,2,1,122,-2.4716
2017,5,2,2,83,-0.5635
2017,5,2,3,114,-0.7212
2017,5,2,4,101,-2.9301
2017,5,2,5,145,-0.0690
2017,5,3,1,154,0.5123
2017,5,3,2,153,0.7456
2017,5,3,3,130,1.8444
2017,5,3,4,125,1.8121
2017,5,3,5,141,3.4094
2017,6,1,1,236,4.3755
2017,6,1,2,137,3.8764
2017,6,1,3,259,4.3198
2017,6,1,4,186,4.2688
2017,6,1,5,277,8.7338
2017,6,2,1,122,4.4927
2017,6,2,2,83,1.5473
2017,6,2,3,114,1.3649
2017,6,2,4,101,2.3768
2017,6,2,5,142,2.1717
2017,6,3,1,154,0.9699
2017,6,3,2,153,0.1067
2017,6,3,3,130,-0.7453
2017,6,3,4,125,-0.7975
2017,6,3,5,141,-1.0625
2017,7,1,1,282,-2.0010
2017,7,1,2,157,-1.0875
2017,7,1,3,252,-0.7738
2017,7,1,4,183,-0.7375
2017,7,1,5,279,-0.0198
2017,7,2,1,136,1.1107
2017,7,2,2,83,1.3947
2017,7,2,3,109,0.1302
2017,7,2,4,106,1.1755
2017,7,2,5,132,1.1606
2017,7,3,1,178,1.6172
2017,7,3,2,161,1.0190
2017,7,3,3,129,1.0232
2017,7,3,4,141,3.1944
2017,7,3,5,124,3.6416
2017,8,1,1,282,1.8972
2017,8,1,2,157,-2.5210
2017,8,1,3,249,-0.1706
2017,8,1,4,183,-2.9289
2017,8,1,5,278,-2.8821
2017,8,2,1,136,-2.1767
2017,8,2,2,83,-2.5432
2017,8,2,3,109,-1.9092
2017,8,2,4,104,0.2107
2017,8,2,5,132,-0.6144
2017,8,3,1,177,1.0057
2017,8,3,2,160,0.2036
2017,8,3,3,129,-0.8086
2017,8,3,4,141,1.8734
2017,8,3,5,123,0.8166
2017,9,1,1,280,10.1273
2017,9,1,2,155,8.4441
2017,9,1,3,248,6.7353
2017,9,1,4,182,9.9095
2017,9,1,5,277,8.7650
2017,9,2,1,136,7.7034
2017,9,2,2,83,5.7002
2017,9,2,3,108,7.2364
2017,9,2,4,103,5.5803
2017,9,2,5,131,6.0612
2017,9,3,1,176,2.0535
2017,9,3,2,160,2.1608
2017,9,3,3,129,2.2860
2017,9,3,4,141,0.6493
2017,9,3,5,123,2.0192
2017,10,1,1,277,-2.5472
2017,10,1,2,154,1.3849
2017,10,1,3,246,-0.0858
2017,10,1,4,180,1.0321
2017,10,1,5,274,-1.3301
2017,10,2,1,135,0.3907
2017,10,2,2,83,-0.5813
2017,10,2,3,108,1.6690
2017,10,2,4,102,0.9986
2017,10,2,5,130,-1.0394
2017,10,3,1,175,2.5185
2017,10,3,2,159,2.5408
2017,10,3,3,128,2.4669
2017,10,3,4,139,1.9866
2017,10,3,5,122,2.3146
2017,11,1,1,275,4.1083
2017,11,1,2,153,3.8962
2017,11,1,3,245,2.2260
2017,11,1,4,179,2.1136
2017,11,1,5,270,3.7406
2017,11,2,1,134,3.7751
2017,11,2,2,82,3.1057
2017,11,2,3,108,1.6111
2017,11,2,4,102,2.1816
2017,11,2,5,130,3.1210
2017,11,3,1,174,2.5512
2017,11,3,2,159,3.2643
2017,11,3,3,128,5.2440
2017,11,3,4,137,3.8800
2017,11,3,5,121,1.0057
2017,12,1,1,272,1.6149
2017,12,1,2,149,-1.1148
2017,12,1,3,244,-1.2284
2017,12,1,4,179,1.2294
2017,12,1,5,269,1.1012
2017,12,2,1,133,0.2293
2017,12,2,2,81,0.7160
2017,12,2,3,107,-0.0272
2017,12,2,4,102,0.3500
2017,12,2,5,130,0.7896
2017,12,3,1,173,0.8127
2017,12,3,2,158,1.3955
2017,12,3,3,127,1.4796
2017,12,3,4,136,1.3431
2017,12,3,5,121,0.7665
2018,1,1,1,268,5.6787
2018,1,1,2,149,0.6030
2018,1,1,3,243,1.5733
2018,1,1,4,176,2.1297
2018,1,1,5,266,1.5631
2018,1,2,1,133,2.2983
2018,1,2,2,81,2.9780
2018,1,2,3,106,2.7952
2018,1,2,4,102,3.0102
2018,1,2,5,129,3.8846
2018,1,3,1,173,5.1874
2018,1,3,2,157,5.4117
2018,1,3,3,127,7.8900
2018,1,3,4,136,3.7997
2018,1,3,5,121,8.1126
2018,2,1,1,265,0.2704
2018,2,1,2,149,-5.3267
2018,2,1,3,242,-3.3759
2018,2,1,4,176,-4.5718
2018,2,1,5,266,-5.3817
2018,2,2,1,133,-5.4334
2018,2,2,2,81,-4.2725
2018,2,2,3,106,-4.1923
2018,2,2,4,101,-4.1943
2018,2,2,5,127,-1.9447
2018,2,3,1,173,-4.5647
2018,2,3,2,157,-4.3307
2018,2,3,3,127,-3.6569
2018,2,3,4,136,-2.3124
2018,2,3,5,121,-4.1228
2018,3,1,1,262,-1.5428
2018,3,1,2,146,1.2270
2018,3,1,3,241,1.5121
2018,3,1,4,176,0.3794
2018,3,1,5,264,2.0315
2018,3,2,1,132,1.6923
2018,3,2,2,80,2.0233
2018,3,2,3,105,1.4104
2018,3,2,4,101,1.3155
2018,3,2,5,126,0.1005
2018,3,3,1,173,-1.6076
2018,3,3,2,157,-1.4025
2018,3,3,3,127,-1.9962
2018,3,3,4,135,-2.2463
2018,3,3,5,121,-3.6959
2018,4,1,1,262,-0.3939
2018,4,1,2,146,0.9389
2018,4,1,3,239,2.0461
2018,4,1,4,173,1.5081
2018,4,1,5,262,2.9597
2018,4,2,1,131,0.2916
2018,4,2,2,79,-0.6721
2018,4,2,3,105,1.1020
2018,4,2,4,101,1.3738
2018,4,2,5,126,1.7516
2018,4,3,1,171,0.2079
2018,4,3,2,157,-0.1307
2018,4,3,3,126,2.7028
2018,4,3,4,134,-0.5923
2018,4,3,5,120,0.2422
2018,5,1,1,260,13.9879
2018,5,1,2,145,7.3478
2018,5,1,3,239,7.7350
2018,5,1,4,170,3.8695
2018,5,1,5,260,7.6930
2018,5,2,1,129,5.7110
2018,5,2,2,79,7.4048
2018,5,2,3,105,7.9667
2018,5,2,4,101,6.3039
2018,5,2,5,124,8.2252
2018,5,3,1,171,1.9777
2018,5,3,2,157,2.4511
2018,5,3,3,126,1.8405
2018,5,3,4,132,4.0765
2018,5,3,5,120,4.5214
2018,6,1,1,260,0.7968
2018,6,1,2,145,0.3905
2018,6,1,3,239,2.8831
2018,6,1,4,169,2.6046
2018,6,1,5,260,-0.1435
2018,6,2,1,129,2.5498
2018,6,2,2,78,-0.5966
2018,6,2,3,104,1.7698
2018,6,2,4,101,1.0741
2018,6,2,5,124,1.3612
2018,6,3,1,170,0.7193
2018,6,3,2,157,1.6783
2018,6,3,3,126,1.8671
2018,6,3,4,132,0.1538
2018,6,3,5,120,0.1517
2018,7,1,1,265,-1.9944
2018,7,1,2,149,-0.2674
2018,7,1,3,232,1.3324
2018,7,1,4,168,2.0297
2018,7,1,5,287,-0.6733
2018,7,2,1,145,1.2198
2018,7,2,2,77,2.1333
2018,7,2,3,120,2.6000
2018,7,2,4,109,2.0626
2018,7,2,5,144,1.9709
2018,7,3,1,156,3.9072
2018,7,3,2,153,3.5856
2018,7,3,3,139,2.4534
2018,7,3,4,118,3.0452
2018,7,3,5,161,2.9312
2018,8,1,1,264,5.6184
2018,8,1,2,147,1.9058
2018,8,1,3,232,2.9840
2018,8,1,4,168,3.2869
2018,8,1,5,285,5.5070
2018,8,2,1,145,3.9196
2018,8,2,2,77,3.2461
2018,8,2,3,120,6.1006
2018,8,2,4,109,3.4716
2018,8,2,5,144,4.5287
2018,8,3,1,153,6.4875
2018,8,3,2,152,2.5485
2018,8,3,3,138,1.1196
2018,8,3,4,118,5.8592
2018,8,3,5,160,2.2291
2018,9,1,1,264,-4.7851
2018,9,1,2,146,-2.2957
2018,9,1,3,230,-4.3707
2018,9,1,4,168,-1.4897
2018,9,1,5,284,-2.0882
2018,9,2,1,145,-1.5766
2018,9,2,2,76,-2.9249
2018,9,2,3,120,-3.8930
2018,9,2,4,107,-1.9017
2018,9,2,5,142,-1.8033
2018,9,3,1,153,1.4706
2018,9,3,2,152,0.8890
2018,9,3,3,138,1.0645
2018,9,3,4,117,1.3040
2018,9,3,5,160,-0.8446
2018,10,1,1,264,-12.8029
2018,10,1,2,146,-8.9919
2018,10,1,3,229,-11.3438
2018,10,1,4,168,-8.5205
2018,10,1,5,284,-13.9904
2018,10,2,1,145,-13.3636
2018,10,2,2,76,-10.8759
2018,10,2,3,120,-11.3362
2018,10,2,4,107,-9.9692
2018,10,2,5,142,-12.7601
2018,10,3,1,153,-10.4789
2018,10,3,2,152,-5.6287
2018,10,3,3,138,-6.9949
2018,10,3,4,117,-5.0112
2018,10,3,5,160,-9.2181
2018,11,1,1,263,-3.2917
2018,11,1,2,146,-1.5501
2018,11,1,3,228,-2.7718
2018,11,1,4,166,0.5405
2018,11,1,5,282,-2.0949
2018,11,2,1,145,0.1902
2018,11,2,2,76,1.6338
2018,11,2,3,120,0.3294
2018,11,2,4,105,3.5295
2018,11,2,5,142,2.6226
2018,11,3,1,153,3.4947
2018,11,3,2,150,2.9933
2018,11,3,3,137,1.8705
2018,11,3,4,115,-2.5491
2018,11,3,5,160,1.8355
2018,12,1,1,261,-16.3261
2018,12,1,2,144,-11.5624
2018,12,1,3,224,-12.0568
2018,12,1,4,166,-10.8715
2018,12,1,5,279,-12.9004
2018,12,2,1,144,-10.8812
2018,12,2,2,76,-13.0622
2018,12,2,3,119,-11.8157
2018,12,2,4,104,-11.9361
2018,12,2,5,142,-12.0693
2018,12,3,1,151,-8.8171
2018,12,3,2,149,-8.0342
2018,12,3,3,137,-8.8982
2018,12,3,4,114,-9.4680
2018,12,3,5,160,-8.1799
2019,1,1,1,260,13.2840
2019,1,1,2,144,11.6387
2019,1,1,3,219,11.0102
2019,1,1,4,164,9.2792
2019,1,1,5,276,9.9997
2019,1,2,1,143,12.2925
2019,1,2,2,76,13.6790
2019,1,2,3,119,10.9076
2019,1,2,4,104,11.6263
2019,1,2,5,141,11.5938
2019,1,3,1,151,8.1148
2019,1,3,2,149,7.6983
2019,1,3,3,136,8.2755
2019,1,3,4,114,6.1548
2019,1,3,5,159,10.7535
2019,2,1,1,259,6.7107
2019,2,1,2,144,5.3328
2019,2,1,3,219,5.4052
2019,2,1,4,163,5.8829
2019,2,1,5,272,6.1686
2019,2,2,1,142,4.5259
2019,2,2,2,76,5.1043
2019,2,2,3,119,3.0788
2019,2,2,4,104,3.3128
2019,2,2,5,138,7.0761
2019,2,3,1,151,4.0366
2019,2,3,2,149,5.0597
2019,2,3,3,136,2.7740
2019,2,3,4,113,3.1211
2019,2,3,5,159,2.0137
2019,3,1,1,257,-2.0468
2019,3,1,2,144,-4.8896
2019,3,1,3,218,-2.3630
2019,3,1,4,161,-3.3004
2019,3,1,5,271,0.1121
2019,3,2,1,140,-0.9803
2019,3,2,2,76,-0.8127
2019,3,2,3,118,-2.4020
2019,3,2,4,103,-1.9367
2019,3,2,5,138,-1.5903
2019,3,3,1,151,3.4888
2019,3,3,2,148,1.2120
2019,3,3,3,135,2.7547
2019,3,3,4,112,2.6077
2019,3,3,5,158,1.6570
2019,4,1,1,254,2.4291
2019,4,1,2,144,2.7772
2019,4,1,3,217,1.8896
2019,4,1,4,159,1.8578
2019,4,1,5,267,0.3024
2019,4,2,1,140,2.0044
2019,4,2,2,76,2.6108
2019,4,2,3,118,3.5670
2019,4,2,4,102,3.8490
2019,4,2,5,137,2.7684
2019,4,3,1,151,4.9561
2019,4,3,2,148,3.4602
2019,4,3,3,133,3.4524
2019,4,3,4,112,2.6921
2019,4,3,5,158,3.7916
2019,5,1,1,251,-7.5410
2019,5,1,2,141,-9.4714
2019,5,1,3,218,-7.2759
2019,5,1,4,159,-11.0690
2019,5,1,5,265,-7.2773
2019,5,2,1,140,-9.8144
2019,5,2,2,76,-9.2411
2019,5,2,3,118,-9.3423
2019,5,2,4,102,-9.3678
2019,5,2,5,137,-7.2597
2019,5,3,1,151,-7.4432
2019,5,3,2,148,-6.1744
2019,5,3,3,132,-6.0232
2019,5,3,4,111,-6.8323
2019,5,3,5,157,-7.8370
2019,6,1,1,250,3.5473
2019,6,1,2,139,4.7739
2019,6,1,3,218,4.3201
2019,6,1,4,158,8.2658
2019,6,1,5,264,6.2918
2019,6,2,1,140,8.8461
2019,6,2,2,76,8.1144
2019,6,2,3,118,6.3092
2019,6,2,4,102,8.0498
2019,6,2,5,137,9.2507
2019,6,3,1,151,8.3167
2019,6,3,2,148,6.6681
2019,6,3,3,131,6.5043
2019,6,3,4,111,8.7680
2019,6,3,5,157,6.4947
2019,7,1,1,285,-3.8630
2019,7,1,2,144,-0.9456
2019,7,1,3,239,-1.7433
2019,7,1,4,143,1.1544
2019,7,1,5,260,-1.7960
2019,7,2,1,146,-1.1662
2019,7,2,2,90,-0.0977
2019,7,2,3,108,0.7104
2019,7,2,4,93,0.6707
2019,7,2,5,183,-0.6819
2019,7,3,1,156,2.4993
2019,7,3,2,140,-0.0388
2019,7,3,3,146,0.9309
2019,7,3,4,138,-0.2929
2019,7,3,5,172,3.9121
2019,8,1,1,284,-5.6253
2019,8,1,2,144,-5.5387
2019,8,1,3,238,-8.2147
2019,8,1,4,141,-7.5101
2019,8,1,5,258,-6.4178
2019,8,2,1,144,-6.3319
2019,8,2,2,90,-6.2717
2019,8,2,3,108,-5.7105
2019,8,2,4,91,-6.0749
2019,8,2,5,183,-6.7332
2019,8,3,1,154,-1.4863
2019,8,3,2,140,-1.5432
2019,8,3,3,145,-0.4133
2019,8,3,4,137,-1.1083
2019,8,3,5,171,-2.9370
2019,9,1,1,283,0.9156
2019,9,1,2,142,4.4168
2019,9,1,3,233,3.5982
2019,9,1,4,141,6.2667
2019,9,1,5,255,2.3378
2019,9,2,1,144,1.4355
2019,9,2,2,90,3.8029
2019,9,2,3,108,1.4311
2019,9,2,4,91,4.4650
2019,9,2,5,183,1.3879
2019,9,3,1,154,1.4903
2019,9,3,2,139,1.5533
2019,9,3,3,145,1.8839
2019,9,3,4,136,1.8916
2019,9,3,5,171,0.6207
2019,10,1,1,280,-1.2913
2019,10,1,2,139,0.6052
2019,10,1,3,232,0.0029
2019,10,1,4,141,0.1333
2019,10,1,5,252,0.5582
2019,10,2,1,143,2.3827
2019,10,2,2,88,1.4066
2019,10,2,3,108,1.8606
2019,10,2,4,90,4.2359
2019,10,2,5,183,4.0313
2019,10,3,1,153,3.7112
2019,10,3,2,139,2.5458
2019,10,3,3,144,0.9051
2019,10,3,4,136,-0.0256
2019,10,3,5,171,2.1773
2019,11,1,1,277,6.1996
2019,11,1,2,139,2.1367
2019,11,1,3,232,2.7228
2019,11,1,4,141,3.9066
2019,11,1,5,248,5.9117
2019,11,2,1,141,4.9690
2019,11,2,2,87,1.0602
2019,11,2,3,105,2.8013
2019,11,2,4,89,2.4181
2019,11,2,5,182,6.8573
2019,11,3,1,153,4.0797
2019,11,3,2,139,2.8088
2019,11,3,3,142,2.8091
2019,11,3,4,136,3.0370
2019,11,3,5,171,5.2426
2019,12,1,1,274,8.5826
2019,12,1,2,138,6.4848
2019,12,1,3,229,3.2976
2019,12,1,4,141,4.1116
2019,12,1,5,247,4.3997
2019,12,2,1,141,3.8780
2019,12,2,2,87,4.8228
2019,12,2,3,105,2.9084
2019,12,2,4,88,2.4673
2019,12,2,5,180,4.2306
2019,12,3,1,152,4.6990
2019,12,3,2,139,2.6463
2019,12,3,3,142,1.8320
2019,12,3,4,136,2.9186
2019,12,3,5,171,2.1751
2020,1,1,1,271,-4.2793
2020,1,1,2,135,-6.6825
2020,1,1,3,229,-4.1946
2020,1,1,4,139,-7.6172
2020,1,1,5,245,-3.2257
2020,1,2,1,140,-1.3486
2020,1,2,2,86,-3.9801
2020,1,2,3,105,-2.9963
2020,1,2,4,86,-6.4186
2020,1,2,5,178,-5.9861
2020,1,3,1,151,0.6331
2020,1,3,2,138,2.5305
2020,1,3,3,142,-0.3938
2020,1,3,4,136,-1.6588
2020,1,3,5,170,0.8810
2020,2,1,1,270,-7.1988
2020,2,1,2,135,-7.6045
2020,2,1,3,229,-5.1721
2020,2,1,4,139,-10.0535
2020,2,1,5,245,-6.1725
2020,2,2,1,138,-7.7660
2020,2,2,2,86,-11.8959
2020,2,2,3,105,-8.7763
2020,2,2,4,85,-8.6737
2020,2,2,5,176,-9.4254
2020,2,3,1,151,-7.6070
2020,2,3,2,138,-6.7500
2020,2,3,3,142,-8.5003
2020,2,3,4,136,-8.9184
2020,2,3,5,170,-7.1287
2020,3,1,1,270,-26.9908
2020,3,1,2,135,-25.1909
2020,3,1,3,227,-22.8811
2020,3,1,4,138,-16.0795
2020,3,1,5,243,-21.7548
2020,3,2,1,138,-28.4040
2020,3,2,2,86,-20.8337
2020,3,2,3,104,-21.8583
2020,3,2,4,85,-21.6892
2020,3,2,5,176,-19.0211
2020,3,3,1,151,-10.1410
2020,3,3,2,138,-9.5156
2020,3,3,3,142,-11.5736
2020,3,3,4,136,-13.7039
2020,3,3,5,170,-12.9996
2020,4,1,1,269,24.7913
2020,4,1,2,134,16.4760
2020,4,1,3,226,14.8254
2020,4,1,4,138,17.2500
2020,4,1,5,242,19.9543
2020,4,2,1,137,20.7507
2020,4,2,2,86,15.7394
2020,4,2,3,104,15.5103
2020,4,2,4,84,16.7607
2020,4,2,5,175,16.5201
2020,4,3,1,150,14.0013
2020,4,3,2,137,14.7267
2020,4,3,3,142,10.0299
2020,4,3,4,136,13.9269
2020,4,3,5,170,14.6181
2020,5,1,1,269,10.1693
2020,5,1,2,134,9.3668
2020,5,1,3,224,6.5239
2020,5,1,4,136,7.2830
2020,5,1,5,241,7.8140
2020,5,2,1,137,9.4574
2020,5,2,2,86,9.8994
2020,5,2,3,103,8.3454
2020,5,2,4,84,7.4642
2020,5,2,5,174,7.2946
2020,5,3,1,149,7.9416
2020,5,3,2,136,4.2168
2020,5,3,3,141,3.2071
2020,5,3,4,135,4.4462
2020,5,3,5,170,7.1496
2020,6,1,1,266,12.8044
2020,6,1,2,133,6.2516
2020,6,1,3,224,7.9519
2020,6,1,4,136,5.1618
2020,6,1,5,236,6.6276
2020,6,2,1,137,4.7050
2020,6,2,2,86,2.8358
2020,6,2,3,103,2.7127
2020,6,2,4,84,2.5952
2020,6,2,5,174,2.8811
2020,6,3,1,149,5.4383
2020,6,3,2,136,4.6219
2020,6,3,3,141,-0.0793
2020,6,3,4,135,-1.1380
2020,6,3,5,169,1.4223
2020,7,1,1,276,0.5935
2020,7,1,2,184,6.7280
2020,7,1,3,119,1.7318
2020,7,1,4,227,2.7380
2020,7,1,5,237,7.1693
2020,7,2,1,158,3.1556
2020,7,2,2,107,8.6088
2020,7,2,3,101,1.0559
2020,7,2,4,118,6.6095
2020,7,2,5,135,1.9823
2020,7,3,1,177,8.9203
2020,7,3,2,154,9.5985
2020,7,3,3,140,3.4003
2020,7,3,4,146,3.4514
2020,7,3,5,167,7.0194
2020,8,1,1,275,5.3652
2020,8,1,2,182,7.2143
2020,8,1,3,118,7.5979
2020,8,1,4,225,2.3843
2020,8,1,5,234,4.2453
2020,8,2,1,158,7.8179
2020,8,2,2,106,6.2948
2020,8,2,3,100,4.7261
2020,8,2,4,118,1.7679
2020,8,2,5,135,5.3307
2020,8,3,1,177,9.8704
2020,8,3,2,153,10.9295
2020,8,3,3,140,5.2401
2020,8,3,4,144,6.8070
2020,8,3,5,167,6.7622
2020,9,1,1,275,-1.8905
2020,9,1,2,180,-4.1768
2020,9,1,3,118,-3.9955
2020,9,1,4,222,-1.9992
2020,9,1,5,232,-1.3693
2020,9,2,1,157,-3.8326
2020,9,2,2,106,-1.5190
2020,9,2,3,100,-5.8775
2020,9,2,4,117,-4.2488
2020,9,2,5,135,-3.6353
2020,9,3,1,177,-4.8443
2020,9,3,2,153,-5.1857
2020,9,3,3,139,-2.9540
2020,9,3,4,144,-3.5994
2020,9,3,5,167,-2.2115
2020,10,1,1,275,-2.4966
2020,10,1,2,178,1.1818
2020,10,1,3,115,-2.7029
2020,10,1,4,221,-4.6487
2020,10,1,5,231,-0.8249
2020,10,2,1,157,3.5365
2020,10,2,2,106,-0.8162
2020,10,2,3,100,2.8268
2020,10,2,4,117,0.6114
2020,10,2,5,134,1.8485
2020,10,3,1,177,-3.6362
2020,10,3,2,153,-3.0271
2020,10,3,3,139,0.3440
2020,10,3,4,144,-1.8302
2020,10,3,5,167,-3.0711
2020,11,1,1,275,25.4476
2020,11,1,2,175,25.2696
2020,11,1,3,114,23.2527
2020,11,1,4,219,22.6421
2020,11,1,5,230,24.5421
2020,11,2,1,155,23.4223
2020,11,2,2,105,17.9228
2020,11,2,3,100,17.1233
2020,11,2,4,117,18.0877
2020,11,2,5,134,23.4463
2020,11,3,1,176,11.4406
2020,11,3,2,152,11.3348
2020,11,3,3,139,9.9241
2020,11,3,4,143,10.7815
2020,11,3,5,167,12.3746
2020,12,1,1,274,8.1805
2020,12,1,2,173,10.8487
2020,12,1,3,114,9.6611
2020,12,1,4,218,13.0689
2020,12,1,5,230,8.8964
2020,12,2,1,155,9.3934
2020,12,2,2,105,8.9034
2020,12,2,3,100,9.7696
2020,12,2,4,117,7.9267
2020,12,2,5,134,10.9385
2020,12,3,1,176,7.4459
2020,12,3,2,152,2.7684
2020,12,3,3,139,2.6054
2020,12,3,4,143,3.2954
2020,12,3,5,166,4.5888
2021,1,1,1,274,19.5135
2021,1,1,2,171,13.3858
2021,1,1,3,114,15.5513
2021,1,1,4,215,49.7527
2021,1,1,5,227,19.7962
2021,1,2,1,155,6.8559
2021,1,2,2,104,8.2805
2021,1,2,3,100,2.6637
2021,1,2,4,117,4.1927
2021,1,2,5,134,6.0329
2021,1,3,1,176,-1.1420
2021,1,3,2,152,0.1531
2021,1,3,3,139,-0.7196
2021,1,3,4,142,1.1511
2021,1,3,5,165,0.2061
2021,2,1,1,274,4.7228
2021,2,1,2,171,16.8456
2021,2,1,3,114,12.6052
2021,2,1,4,214,-10.2432
2021,2,1,5,227,4.9919
2021,2,2,1,154,7.7032
2021,2,2,2,102,10.8601
2021,2,2,3,99,7.8216
2021,2,2,4,117,10.9889
2021,2,2,5,134,5.3740
2021,2,3,1,176,-0.1530
2021,2,3,2,152,-2.0383
2021,2,3,3,138,5.8947
2021,2,3,4,140,3.1906
2021,2,3,5,164,1.9127
2021,3,1,1,272,1.8826
2021,3,1,2,171,-1.3743
2021,3,1,3,114,3.9460
2021,3,1,4,212,7.0584
2021,3,1,5,227,1.0063
2021,3,2,1,154,1.1412
2021,3,2,2,101,1.0673
2021,3,2,3,98,4.0822
2021,3,2,4,116,1.9723
2021,3,2,5,134,-0.0147
2021,3,3,1,176,1.7377
2021,3,3,2,152,3.3180
2021,3,3,3,138,4.9018
2021,3,3,4,140,3.0526
2021,3,3,5,164,1.4520
2021,4,1,1,269,-0.3595
2021,4,1,2,171,1.1483
2021,4,1,3,114,-4.1423
2021,4,1,4,212,-2.6391
2021,4,1,5,226,-6.2553
2021,4,2,1,154,2.9193
2021,4,2,2,101,1.3355
2021,4,2,3,98,0.9212
2021,4,2,4,116,1.8115
2021,4,2,5,134,1.5570
2021,4,3,1,176,4.8935
2021,4,3,2,152,6.8144
2021,4,3,3,138,5.2440
2021,4,3,4,140,4.1511
2021,4,3,5,163,4.5109
2021,5,1,1,268,8.3017
2021,5,1,2,168,1.1827
2021,5,1,3,114,1.7499
2021,5,1,4,212,7.4398
2021,5,1,5,224,0.6072
2021,5,2,1,152,-1.1415
2021,5,2,2,99,1.9085
2021,5,2,3,97,3.8569
2021,5,2,4,116,2.9509
2021,5,2,5,134,-0.1934
2021,5,3,1,174,-1.3807
2021,5,3,2,151,-1.8029
2021,5,3,3,138,0.6285
2021,5,3,4,140,0.6676
2021,5,3,5,163,1.8271
2021,6,1,1,266,16.6670
2021,6,1,2,168,4.9467
2021,6,1,3,114,6.0019
2021,6,1,4,211,4.7563
2021,6,1,5,223,4.9535
2021,6,2,1,152,4.6673
2021,6,2,2,98,1.1872
2021,6,2,3,96,0.9531
2021,6,2,4,116,0.5810
2021,6,2,5,134,2.2283
2021,6,3,1,174,3.9306
2021,6,3,2,150,4.3285
2021,6,3,3,138,0.7805
2021,6,3,4,140,4.4019
2021,6,3,5,163,3.7109
2021,7,1,1,282,-8.0270
2021,7,1,2,162,-4.6706
2021,7,1,3,148,-2.4802
2021,7,1,4,200,-5.6827
2021,7,1,5,300,-7.6502
2021,7,2,1,158,-5.9951
2021,7,2,2,92,-1.8465
2021,7,2,3,101,-1.7644
2021,7,2,4,108,-1.5391
2021,7,2,5,162,-3.8146
2021,7,3,1,185,1.4146
2021,7,3,2,155,1.9730
2021,7,3,3,146,0.8353
2021,7,3,4,148,3.2544
2021,7,3,5,140,2.8369
2021,8,1,1,281,2.9553
2021,8,1,2,162,3.6584
2021,8,1,3,148,3.0914
2021,8,1,4,199,1.5653
2021,8,1,5,300,6.5175
2021,8,2,1,156,-0.3914
2021,8,2,2,91,1.3516
2021,8,2,3,101,-0.7304
2021,8,2,4,108,1.2759
2021,8,2,5,161,3.6533
2021,8,3,1,185,3.1550
2021,8,3,2,155,2.3575
2021,8,3,3,144,3.0280
2021,8,3,4,148,3.3780
2021,8,3,5,140,4.1428
2021,9,1,1,280,-5.3857
2021,9,1,2,161,-4.2895
2021,9,1,3,148,-5.2833
2021,9,1,4,199,-3.9857
2021,9,1,5,298,-0.1087
2021,9,2,1,156,-3.6182
2021,9,2,2,91,-3.4045
2021,9,2,3,100,-4.1612
2021,9,2,4,108,-2.2689
2021,9,2,5,160,-3.8215
2021,9,3,1,184,-5.3633
2021,9,3,2,154,-4.1809
2021,9,3,3,144,-5.1645
2021,9,3,4,148,-5.5636
2021,9,3,5,140,-4.8689
2021,10,1,1,279,0.5659
2021,10,1,2,160,2.4813
2021,10,1,3,148,0.4078
2021,10,1,4,198,2.0825
2021,10,1,5,296,2.7947
2021,10,2,1,156,2.4648
2021,10,2,2,91,4.9073
2021,10,2,3,100,2.3756
2021,10,2,4,107,4.4196
2021,10,2,5,158,3.7913
2021,10,3,1,184,7.0778
2021,10,3,2,154,5.7949
2021,10,3,3,143,5.9160
2021,10,3,4,148,8.3063
2021,10,3,5,140,7.6797
2021,11,1,1,278,-5.9069
2021,11,1,2,159,-7.1416
2021,11,1,3,148,-7.1878
2021,11,1,4,198,-6.6579
2021,11,1,5,293,-7.0127
2021,11,2,1,155,-4.5543
2021,11,2,2,91,-2.1599
2021,11,2,3,99,-1.2618
2021,11,2,4,106,-2.8273
2021,11,2,5,158,-1.8985
2021,11,3,1,183,0.9248
2021,11,3,2,154,0.5766
2021,11,3,3,143,-0.6200
2021,11,3,4,147,-2.4501
2021,11,3,5,140,-0.1517
2021,12,1,1,278,-1.5750
2021,12,1,2,157,0.3395
2021,12,1,3,148,-0.7802
2021,12,1,4,197,-0.2010
2021,12,1,5,291,-0.5338
2021,12,2,1,155,2.2948
2021,12,2,2,90,4.0512
2021,12,2,3,96,4.1036
2021,12,2,4,105,5.3604
2021,12,2,5,157,1.3359
2021,12,3,1,183,2.6419
2021,12,3,2,153,6.1801
2021,12,3,3,143,0.9968
2021,12,3,4,147,4.0156
2021,12,3,5,140,1.9394
2022,1,1,1,276,-11.5769
2022,1,1,2,157,-8.2477
2022,1,1,3,147,-7.6936
2022,1,1,4,195,-10.3022
2022,1,1,5,289,-11.1243
2022,1,2,1,154,-10.2552
2022,1,2,2,90,-9.4222
2022,1,2,3,96,-5.8765
2022,1,2,4,105,-7.8796
2022,1,2,5,156,-10.5273
2022,1,3,1,183,-8.7863
2022,1,3,2,152,-3.6618
2022,1,3,3,143,-6.5431
2022,1,3,4,146,-5.3764
2022,1,3,5,140,-8.6952
2022,2,1,1,276,-0.4033
2022,2,1,2,157,5.1172
2022,2,1,3,146,2.0602
2022,2,1,4,195,1.0054
2022,2,1,5,289,2.3268
2022,2,2,1,154,1.3091
2022,2,2,2,89,2.2596
2022,2,2,3,96,2.2320
2022,2,2,4,105,1.4519
2022,2,2,5,156,1.2814
2022,2,3,1,183,-1.7680
2022,2,3,2,152,-1.9662
2022,2,3,3,143,-0.5575
2022,2,3,4,146,-1.9107
2022,2,3,5,140,-7.0523
2022,3,1,1,276,0.5939
2022,3,1,2,156,3.1472
2022,3,1,3,146,1.8209
2022,3,1,4,194,1.4441
2022,3,1,5,289,6.4731
2022,3,2,1,154,1.1480
2022,3,2,2,88,2.8775
2022,3,2,3,96,1.9119
2022,3,2,4,105,0.8993
2022,3,2,5,156,3.0709
2022,3,3,1,182,3.1689
2022,3,3,2,152,4.4697
2022,3,3,3,143,4.1833
2022,3,3,4,146,3.8291
2022,3,3,5,140,6.2967
2022,4,1,1,275,-11.7994
2022,4,1,2,155,-9.2438
2022,4,1,3,146,-9.5665
2022,4,1,4,192,-5.5956
2022,4,1,5,287,-11.1021
2022,4,2,1,154,-9.2948
2022,4,2,2,88,-8.2208
2022,4,2,3,96,-6.8332
2022,4,2,4,105,-7.3278
2022,4,2,5,154,-10.6987
2022,4,3,1,182,-9.6091
2022,4,3,2,152,-7.2292
2022,4,3,3,143,-11.0848
2022,4,3,4,144,-8.8492
2022,4,3,5,140,-12.3258
2022,5,1,1,274,-5.3134
2022,5,1,2,155,1.1178
2022,5,1,3,145,0.9595
2022,5,1,4,191,0.4242
2022,5,1,5,286,0.5038
2022,5,2,1,154,-2.3425
2022,5,2,2,87,5.4615
2022,5,2,3,96,1.5907
2022,5,2,4,103,1.5936
2022,5,2,5,153,0.9633
2022,5,3,1,182,-1.9723
2022,5,3,2,152,-1.2468
2022,5,3,3,143,0.5726
2022,5,3,4,142,0.8838
2022,5,3,5,140,-2.6341
2022,6,1,1,271,-4.2922
2022,6,1,2,153,-9.2560
2022,6,1,3,145,-10.9876
2022,6,1,4,191,-11.1369
2022,6,1,5,285,-8.3290
2022,6,2,1,153,-7.3195
2022,6,2,2,87,-7.5646
2022,6,2,3,95,-7.9348
2022,6,2,4,103,-8.5264
2022,6,2,5,153,-8.5997
2022,6,3,1,180,-8.6372
2022,6,3,2,152,-7.9800
2022,6,3,3,143,-8.5969
2022,6,3,4,142,-6.5744
2022,6,3,5,140,-10.4746
2022,7,1,1,284,9.0891
2022,7,1,2,166,8.8608
2022,7,1,3,260,7.7140
2022,7,1,4,161,9.0731
2022,7,1,5,305,11.6885
2022,7,2,1,155,11.7675
2022,7,2,2,100,10.2808
2022,7,2,3,114,10.9980
2022,7,2,4,106,9.9681
2022,7,2,5,150,12.7591
2022,7,3,1,174,7.4296
2022,7,3,2,167,13.6728
2022,7,3,3,149,6.3999
2022,7,3,4,184,7.2228
2022,7,3,5,150,12.4873
2022,8,1,1,283,5.1762
2022,8,1,2,165,-1.4315
2022,8,1,3,258,0.4961
2022,8,1,4,161,0.2191
2022,8,1,5,304,3.1295
2022,8,2,1,155,-0.8852
2022,8,2,2,100,-1.9203
2022,8,2,3,113,-3.9092
2022,8,2,4,106,-3.6518
2022,8,2,5,148,-2.1181
2022,8,3,1,174,-1.8919
2022,8,3,2,166,-3.8096
2022,8,3,3,146,-2.9589
2022,8,3,4,182,-4.7575
2022,8,3,5,148,-5.5174
2022,9,1,1,282,-9.8636
2022,9,1,2,165,-14.2863
2022,9,1,3,257,-13.9190
2022,9,1,4,160,-8.3940
2022,9,1,5,304,-13.3948
2022,9,2,1,155,-8.7604
2022,9,2,2,99,-11.8174
2022,9,2,3,113,-12.0982
2022,9,2,4,106,-11.3403
2022,9,2,5,147,-10.1202
2022,9,3,1,174,-9.1775
2022,9,3,2,164,-10.7315
2022,9,3,3,146,-7.0855
2022,9,3,4,182,-9.3552
2022,9,3,5,148,-8.5670
2022,10,1,1,279,8.6780
2022,10,1,2,165,8.6106
2022,10,1,3,255,9.0665
2022,10,1,4,158,10.2848
2022,10,1,5,301,5.6333
2022,10,2,1,155,6.5596
2022,10,2,2,98,11.2125
2022,10,2,3,113,12.6346
2022,10,2,4,106,12.5489
2022,10,2,5,147,12.1573
2022,10,3,1,172,4.4436
2022,10,3,2,164,4.7310
2022,10,3,3,146,11.0584
2022,10,3,4,182,7.6774
2022,10,3,5,147,8.6548
2022,11,1,1,279,-5.7744
2022,11,1,2,164,3.1317
2022,11,1,3,255,0.7825
2022,11,1,4,155,1.5889
2022,11,1,5,299,0.1708
2022,11,2,1,152,0.6568
2022,11,2,2,98,4.4465
2022,11,2,3,113,2.8705
2022,11,2,4,106,6.5790
2022,11,2,5,147,0.6274
2022,11,3,1,170,6.0713
2022,11,3,2,164,3.2972
2022,11,3,3,143,6.5289
2022,11,3,4,182,7.1481
2022,11,3,5,147,4.0798
2022,12,1,1,278,-4.3629
2022,12,1,2,163,-4.5959
2022,12,1,3,254,-1.0355
2022,12,1,4,153,-3.2951
2022,12,1,5,299,-4.7284
2022,12,2,1,151,-8.7971
2022,12,2,2,98,-5.8872
2022,12,2,3,113,-4.6510
2022,12,2,4,105,-6.4999
2022,12,2,5,147,-6.0163
2022,12,3,1,169,-3.9398
2022,12,3,2,164,-7.4892
2022,12,3,3,143,-3.4815
2022,12,3,4,181,-5.8751
2022,12,3,5,146,-8.5952
2023,1,1,1,275,14.4495
2023,1,1,2,161,14.0292
2023,1,1,3,251,9.9975
2023,1,1,4,153,11.6689
2023,1,1,5,298,11.7079
2023,1,2,1,151,16.3371
2023,1,2,2,98,9.0718
2023,1,2,3,113,11.8638
2023,1,2,4,105,11.1439
2023,1,2,5,146,12.2518
2023,1,3,1,168,7.9523
2023,1,3,2,164,7.5191
2023,1,3,3,143,4.5898
2023,1,3,4,181,5.3191
2023,1,3,5,145,8.8120
2023,2,1,1,272,-5.5456
2023,2,1,2,161,-4.5480
2023,2,1,3,249,-3.9254
2023,2,1,4,151,0.0274
2023,2,1,5,297,-6.8648
2023,2,2,1,151,-3.0676
2023,2,2,2,98,-1.8383
2023,2,2,3,113,-1.9253
2023,2,2,4,104,-1.8394
2023,2,2,5,146,-3.3823
2023,2,3,1,168,-2.3022
2023,2,3,2,164,-1.6238
2023,2,3,3,143,-3.6131
2023,2,3,4,181,-3.6327
2023,2,3,5,145,0.9098
2023,3,1,1,268,-8.1039
2023,3,1,2,160,-4.5586
2023,3,1,3,249,-5.5343
2023,3,1,4,148,-4.7848
2023,3,1,5,295,-10.6497
2023,3,2,1,149,-1.5949
2023,3,2,2,97,-2.1095
2023,3,2,3,113,-1.1478
2023,3,2,4,104,-4.6069
2023,3,2,5,146,-4.5274
2023,3,3,1,166,3.5195
2023,3,3,2,164,8.3214
2023,3,3,3,142,2.8184
2023,3,3,4,181,5.4856
2023,3,3,5,145,4.2844
2023,4,1,1,264,1.2860
2023,4,1,2,159,-4.9782
2023,4,1,3,248,-3.0040
2023,4,1,4,146,-3.7792
2023,4,1,5,291,-3.5412
2023,4,2,1,149,-2.3305
2023,4,2,2,97,-0.4822
2023,4,2,3,112,-1.0169
2023,4,2,4,103,-1.3368
2023,4,2,5,144,-2.0507
2023,4,3,1,166,0.8533
2023,4,3,2,163,2.5651
2023,4,3,3,142,1.9351
2023,4,3,4,181,0.9214
2023,4,3,5,145,-2.6012
2023,5,1,1,264,1.4301
2023,5,1,2,159,5.3634
2023,5,1,3,245,0.4939
2023,5,1,4,146,0.8213
2023,5,1,5,286,0.4795
2023,5,2,1,149,-1.6537
2023,5,2,2,97,2.5921
2023,5,2,3,112,-1.0078
2023,5,2,4,103,-2.4442
2023,5,2,5,144,-0.3131
2023,5,3,1,166,-0.7057
2023,5,3,2,163,2.9801
2023,5,3,3,142,-2.1346
2023,5,3,4,181,1.9849
2023,5,3,5,145,3.6918
2023,6,1,1,261,3.9475
2023,6,1,2,158,8.1198
2023,6,1,3,245,4.4751
2023,6,1,4,144,7.5422
2023,6,1,5,284,4.4330
2023,6,2,1,149,9.5768
2023,6,2,2,97,9.3476
2023,6,2,3,112,8.8775
2023,6,2,4,103,9.6624
2023,6,2,5,143,8.4002
2023,6,3,1,165,6.6879
2023,6,3,2,163,7.2248
2023,6,3,3,142,7.5486
2023,6,3,4,181,5.2433
2023,6,3,5,144,8.5612
2023,7,1,1,384,4.9460
2023,7,1,2,180,9.4514
2023,7,1,3,223,3.2753
2023,7,1,4,197,5.8874
2023,7,1,5,358,4.8137
2023,7,2,1,165,6.1873
2023,7,2,2,107,3.7457
2023,7,2,3,124,5.2374
2023,7,2,4,107,5.2100
2023,7,2,5,169,4.6276
2023,7,3,1,164,5.2077
2023,7,3,2,171,1.5633
2023,7,3,3,147,4.6355
2023,7,3,4,158,0.6364
2023,7,3,5,151,5.2079
2023,8,1,1,379,-11.5668
2023,8,1,2,176,-7.9620
2023,8,1,3,223,-4.5393
2023,8,1,4,197,-4.5974
2023,8,1,5,355,-11.8612
2023,8,2,1,165,-9.2502
2023,8,2,2,107,-2.5737
2023,8,2,3,124,-5.0273
2023,8,2,4,107,-4.9682
2023,8,2,5,168,-4.0302
2023,8,3,1,163,-0.8243
2023,8,3,2,171,-3.5173
2023,8,3,3,147,-0.8854
2023,8,3,4,158,-0.3756
2023,8,3,5,150,-0.2126
2023,9,1,1,374,-8.3272
2023,9,1,2,175,-7.8822
2023,9,1,3,222,-6.2965
2023,9,1,4,197,-5.1754
2023,9,1,5,352,-7.1467
2023,9,2,1,164,-8.2046
2023,9,2,2,105,-5.6014
2023,9,2,3,123,-4.7800
2023,9,2,4,107,-5.8314
2023,9,2,5,167,-5.7320
2023,9,3,1,162,-5.0704
2023,9,3,2,170,-5.7577
2023,9,3,3,147,-5.1727
2023,9,3,4,158,-3.4957
2023,9,3,5,150,-5.1539
2023,10,1,1,369,-11.6539
2023,10,1,2,175,-8.2726
2023,10,1,3,222,-8.8991
2023,10,1,4,194,-9.6594
2023,10,1,5,351,-8.7209
2023,10,2,1,163,-9.0965
2023,10,2,2,105,-6.7081
2023,10,2,3,122,-5.8060
2023,10,2,4,106,-6.6793
2023,10,2,5,167,-7.7700
2023,10,3,1,162,-2.3541
2023,10,3,2,169,0.3163
2023,10,3,3,147,-2.7384
2023,10,3,4,157,-2.1088
2023,10,3,5,150,-8.0795
2023,11,1,1,366,9.8450
2023,11,1,2,173,8.3661
2023,11,1,3,217,5.9266
2023,11,1,4,190,9.6284
2023,11,1,5,348,5.8364
2023,11,2,1,162,9.1597
2023,11,2,2,105,9.1395
2023,11,2,3,121,7.1878
2023,11,2,4,106,7.8356
2023,11,2,5,167,10.3402
2023,11,3,1,161,10.2922
2023,11,3,2,169,10.1018
2023,11,3,3,147,7.5070
2023,11,3,4,157,6.1626
2023,11,3,5,149,10.6134
2023,12,1,1,362,15.2360
2023,12,1,2,172,15.0658
2023,12,1,3,216,14.3600
2023,12,1,4,189,12.9644
2023,12,1,5,344,18.5913
2023,12,2,1,160,15.6613
2023,12,2,2,105,9.3928
2023,12,2,3,121,10.1632
2023,12,2,4,105,10.8572
2023,12,2,5,164,11.0866
2023,12,3,1,161,6.9365
2023,12,3,2,168,2.8219
2023,12,3,3,146,5.7514
2023,12,3,4,157,3.8115
2023,12,3,5,149,5.4289
2024,1,1,1,358,-0.5723
2024,1,1,2,171,-7.2285
2024,1,1,3,209,-6.5870
2024,1,1,4,187,-2.5997
2024,1,1,5,343,1.0877
2024,1,2,1,160,-4.4443
2024,1,2,2,105,-2.7860
2024,1,2,3,121,-6.0455
2024,1,2,4,104,-3.7888
2024,1,2,5,163,-4.2372
2024,1,3,1,160,2.5104
2024,1,3,2,168,-0.4771
2024,1,3,3,146,1.8586
2024,1,3,4,157,3.1037
2024,1,3,5,149,2.3790
2024,2,1,1,355,12.0692
2024,2,1,2,171,13.2571
2024,2,1,3,209,4.4465
2024,2,1,4,186,4.4003
2024,2,1,5,339,9.2121
2024,2,2,1,158,9.5379
2024,2,2,2,104,3.2158
2024,2,2,3,121,6.1868
2024,2,2,4,104,5.6010
2024,2,2,5,163,4.5141
2024,2,3,1,160,7.8452
2024,2,3,2,168,2.1982
2024,2,3,3,146,4.6500
2024,2,3,4,157,5.3056
2024,2,3,5,148,11.2428
2024,3,1,1,353,2.0459
2024,3,1,2,169,3.7529
2024,3,1,3,209,6.1435
2024,3,1,4,184,4.5138
2024,3,1,5,333,-0.3214
2024,3,2,1,158,2.2497
2024,3,2,2,104,3.6980
2024,3,2,3,121,2.8290
2024,3,2,4,104,1.8283
2024,3,2,5,161,1.5401
2024,3,3,1,160,2.8157
2024,3,3,2,168,0.8855
2024,3,3,3,146,4.0219
2024,3,3,4,156,3.9692
2024,3,3,5,148,4.7968
2024,4,1,1,349,-9.7961
2024,4,1,2,169,-11.8590
2024,4,1,3,207,-6.4643
2024,4,1,4,184,-7.4978
2024,4,1,5,332,-8.8747
2024,4,2,1,157,-8.7804
2024,4,2,2,103,-5.9390
2024,4,2,3,119,-5.4208
2024,4,2,4,104,-6.4423
2024,4,2,5,160,-8.3268
2024,4,3,1,159,-3.7478
2024,4,3,2,168,-4.9199
2024,4,3,3,146,-3.8681
2024,4,3,4,156,-2.7540
2024,4,3,5,147,-3.3584
2024,5,1,1,344,5.5462
2024,5,1,2,168,1.9847
2024,5,1,3,206,5.0065
2024,5,1,4,181,7.1583
2024,5,1,5,329,0.7544
2024,5,2,1,157,8.8239
2024,5,2,2,103,3.7895
2024,5,2,3,119,6.0182
2024,5,2,4,104,4.2271
2024,5,2,5,158,4.2687
2024,5,3,1,159,3.9731
2024,5,3,2,168,6.2662
2024,5,3,3,146,2.1065
2024,5,3,4,156,3.2030
2024,5,3,5,147,9.7869
2024,6,1,1,338,-4.9298
2024,6,1,2,166,-4.5549
2024,6,1,3,204,-4.4749
2024,6,1,4,179,-4.0917
2024,6,1,5,327,-6.6132
2024,6,2,1,156,-2.2132
2024,6,2,2,103,-3.0190
2024,6,2,3,119,-2.6299
2024,6,2,4,103,-0.5003
2024,6,2,5,157,-1.8729
2024,6,3,1,159,5.1744
2024,6,3,2,168,4.3226
2024,6,3,3,146,2.0443
2024,6,3,4,156,1.4490
2024,6,3,5,145,6.4035
2024,7,1,1,407,13.0719
2024,7,1,2,163,14.1387
2024,7,1,3,209,9.1409
2024,7,1,4,195,9.9932
2024,7,1,5,328,13.2831
2024,7,2,1,168,8.5477
2024,7,2,2,97,6.7453
2024,7,2,3,121,6.9696
2024,7,2,4,101,10.8910
2024,7,2,5,149,9.1732
2024,7,3,1,135,-2.2003
2024,7,3,2,146,-0.4345
2024,7,3,3,168,3.5070
2024,7,3,4,156,0.2211
2024,7,3,5,160,4.1320
2024,8,1,1,403,-5.4145
2024,8,1,2,162,-6.7144
2024,8,1,3,208,0.9946
2024,8,1,4,193,-2.6224
2024,8,1,5,326,-4.7652
2024,8,2,1,166,-3.8792
2024,8,2,2,97,-0.5400
2024,8,2,3,121,-3.3528
2024,8,2,4,101,-1.7259
2024,8,2,5,148,-1.4054
2024,8,3,1,134,4.2196
2024,8,3,2,145,1.7297
2024,8,3,3,167,1.6677
2024,8,3,4,156,0.5128
2024,8,3,5,160,2.3835
2024,9,1,1,399,-2.1338
2024,9,1,2,158,-0.3821
2024,9,1,3,205,1.5753
2024,9,1,4,190,-0.0746
2024,9,1,5,326,0.0821
2024,9,2,1,165,0.7201
2024,9,2,2,97,2.2136
2024,9,2,3,121,0.6202
2024,9,2,4,101,3.1284
2024,9,2,5,146,0.8391
2024,9,3,1,133,2.6738
2024,9,3,2,145,2.1487
2024,9,3,3,167,2.3846
2024,9,3,4,156,2.3679
2024,9,3,5,160,3.8334
2024,10,1,1,396,3.4069
2024,10,1,2,156,-3.7776
2024,10,1,3,204,1.1788
2024,10,1,4,190,-0.0465
2024,10,1,5,321,-0.4351
2024,10,2,1,164,-1.6104
2024,10,2,2,97,-3.8752
2024,10,2,3,121,-1.0363
2024,10,2,4,100,-3.0449
2024,10,2,5,144,-1.4066
2024,10,3,1,133,1.4300
2024,10,3,2,145,-1.9736
2024,10,3,3,167,-0.8756
2024,10,3,4,156,-1.6918
2024,10,3,5,159,-2.2774
2024,11,1,1,393,10.0656
2024,11,1,2,156,11.8463
2024,11,1,3,202,2.8701
2024,11,1,4,187,13.7499
2024,11,1,5,317,9.9188
2024,11,2,1,164,17.2157
2024,11,2,2,96,11.6784
2024,11,2,3,120,10.5775
2024,11,2,4,99,11.6043
2024,11,2,5,144,10.6001
2024,11,3,1,133,3.3972
2024,11,3,2,145,5.2406
2024,11,3,3,167,6.0791
2024,11,3,4,156,6.1210
2024,11,3,5,158,11.6256
2024,12,1,1,392,-5.8967
2024,12,1,2,156,-3.6850
2024,12,1,3,200,-4.8965
2024,12,1,4,187,3.2162
2024,12,1,5,315,-1.9036
2024,12,2,1,162,-6.5488
2024,12,2,2,96,-5.7814
2024,12,2,3,119,-8.6344
2024,12,2,4,99,-9.3844
2024,12,2,5,142,-8.4552
2024,12,3,1,133,-4.2060
2024,12,3,2,145,-0.1206
2024,12,3,3,167,-0.3743
2024,12,3,4,153,-3.4413
2024,12,3,5,158,-1.8467
2025,1,1,1,390,-0.8332
2025,1,1,2,155,-0.4920
2025,1,1,3,197,-0.2632
2025,1,1,4,185,-1.5005
2025,1,1,5,309,-0.4987
2025,1,2,1,161,3.5125
2025,1,2,2,96,2.4098
2025,1,2,3,118,2.3157
2025,1,2,4,99,1.6743
2025,1,2,5,141,2.4237
2025,1,3,1,131,0.9028
2025,1,3,2,145,1.1284
2025,1,3,3,167,2.8881
2025,1,3,4,153,5.3178
2025,1,3,5,158,4.1909
2025,2,1,1,386,-6.3998
2025,2,1,2,153,-4.5960
2025,2,1,3,196,-6.3806
2025,2,1,4,185,-8.9525
2025,2,1,5,308,-9.9777
2025,2,2,1,160,-8.6740
2025,2,2,2,96,-7.0383
2025,2,2,3,118,-7.7580
2025,2,2,4,97,-7.0073
2025,2,2,5,141,-8.9924
2025,2,3,1,131,1.6744
2025,2,3,2,145,-2.5913
2025,2,3,3,167,-2.6074
2025,2,3,4,153,-3.0916
2025,2,3,5,157,-5.1476
2025,3,1,1,381,-11.8827
2025,3,1,2,151,-11.8024
2025,3,1,3,192,-5.2293
2025,3,1,4,184,-8.9434
2025,3,1,5,305,-13.0010
2025,3,2,1,158,-8.0653
2025,3,2,2,94,-6.5371
2025,3,2,3,118,-7.3440
2025,3,2,4,97,-4.3526
2025,3,2,5,141,-6.3444
2025,3,3,1,131,-9.4399
2025,3,3,2,145,-6.2852
2025,3,3,3,165,-4.7080
2025,3,3,4,153,-5.6556
2025,3,3,5,157,-4.8445
2025,4,1,1,377,0.2522
2025,4,1,2,152,-3.9650
2025,4,1,3,190,-0.8944
2025,4,1,4,183,-0.0546
2025,4,1,5,303,0.1666
2025,4,2,1,158,-2.6143
2025,4,2,2,94,-4.9429
2025,4,2,3,118,-3.3479
2025,4,2,4,97,-2.4551
2025,4,2,5,141,-1.3840
2025,4,3,1,131,-1.1091
2025,4,3,2,145,0.5995
2025,4,3,3,163,-1.7023
2025,4,3,4,152,-2.4475
2025,4,3,5,157,4.6745
2025,5,1,1,369,5.9216
2025,5,1,2,150,10.2930
2025,5,1,3,187,14.1589
2025,5,1,4,182,7.9699
2025,5,1,5,300,7.5072
2025,5,2,1,156,6.6146
2025,5,2,2,93,6.6893
2025,5,2,3,116,5.2981
2025,5,2,4,97,5.2566
2025,5,2,5,140,5.4023
2025,5,3,1,130,11.6376
2025,5,3,2,144,4.9860
2025,5,3,3,163,5.9441
2025,5,3,4,151,5.8586
2025,5,3,5,157,7.3546
2025,6,1,1,367,8.1120
2025,6,1,2,148,6.3521
2025,6,1,3,186,10.9463
2025,6,1,4,181,6.5675
2025,6,1,5,297,8.6276
2025,6,2,1,156,10.8276
2025,6,2,2,93,3.5988
2025,6,2,3,115,5.1661
2025,6,2,4,97,4.5805
2025,6,2,5,140,4.3900
2025,6,3,1,130,12.1984
2025,6,3,2,144,3.2803
2025,6,3,3,163,4.7468
2025,6,3,4,151,4.8201
2025,6,3,5,157,1.6395
2025,7,1,1,321,3.3433
2025,7,1,2,166,2.0544
2025,7,1,3,199,2.3639
2025,7,1,4,177,2.3981
2025,7,1,5,351,4.1478
2025,7,2,1,150,4.0335
2025,7,2,2,96,1.2952
2025,7,2,3,116,-0.4474
2025,7,2,4,114,0.1158
2025,7,2,5,134,4.0360
2025,7,3,1,145,3.8397
2025,7,3,2,139,2.3081
2025,7,3,3,147,2.3566
2025,7,3,4,150,-1.1608
2025,7,3,5,160,5.7731
2025,8,1,1,317,6.8815
2025,8,1,2,166,14.1642
2025,8,1,3,195,9.1053
2025,8,1,4,177,11.6495
2025,8,1,5,346,6.6797
2025,8,2,1,147,8.2277
2025,8,2,2,95,4.0911
2025,8,2,3,116,5.5579
2025,8,2,4,113,8.8907
2025,8,2,5,134,7.5707
2025,8,3,1,145,0.0936
2025,8,3,2,138,4.8880
2025,8,3,3,146,2.7706
2025,8,3,4,148,2.1588
2025,8,3,5,158,-0.1804
2025,9,1,1,312,5.2314
2025,9,1,2,164,2.6072
2025,9,1,3,194,6.3581
2025,9,1,4,176,0.4384
2025,9,1,5,343,6.0155
2025,9,2,1,147,4.9981
2025,9,2,2,93,0.9255
2025,9,2,3,112,-1.3738
2025,9,2,4,113,-0.4738
2025,9,2,5,134,5.4176
2025,9,3,1,145,3.3983
2025,9,3,2,138,5.5396
2025,9,3,3,145,4.5324
2025,9,3,4,147,7.1041
2025,9,3,5,158,2.5349
2025,10,1,1,309,3.0178
2025,10,1,2,164,1.0351
2025,10,1,3,193,-2.5169
2025,10,1,4,176,-0.4366
2025,10,1,5,341,4.1424
2025,10,2,1,143,5.4402
2025,10,2,2,92,-1.4551
2025,10,2,3,112,-0.4716
2025,10,2,4,112,-1.5894
2025,10,2,5,134,7.4368
2025,10,3,1,145,1.9159
2025,10,3,2,137,5.2717
2025,10,3,3,145,-0.0428
2025,10,3,4,147,2.7220
2025,10,3,5,158,6.2952
2025,11,1,1,307,-2.0523
2025,11,1,2,160,-3.3225
2025,11,1,3,191,-4.7965
2025,11,1,4,176,3.3808
2025,11,1,5,337,3.6172
2025,11,2,1,143,-3.2053
2025,11,2,2,91,2.1360
2025,11,2,3,112,0.8580
2025,11,2,4,111,1.5950
2025,11,2,5,133,3.3307
2025,11,3,1,145,1.8800
2025,11,3,2,137,6.1872
2025,11,3,3,145,0.4625
2025,11,3,4,147,-2.0617
2025,11,3,5,158,-5.9758
2025,12,1,1,307,-1.5411
2025,12,1,2,160,-0.4013
2025,12,1,3,189,-0.9236
2025,12,1,4,176,0.9556
2025,12,1,5,336,0.6601
2025,12,2,1,142,-1.9937
2025,12,2,2,91,0.1155
2025,12,2,3,111,2.3010
2025,12,2,4,111,0.0348
2025,12,2,5,132,0.0917
2025,12,3,1,145,-2.3789
2025,12,3,2,137,-1.1055
2025,12,3,3,145,-0.2601
2025,12,3,4,144,0.2865
2025,12,3,5,158,1.0808
