year,month,rank_ME,rank_OP,nstocks,ret_vw
1972,7,1,1,82,-5.8462
1972,7,1,2,53,-4.8303
1972,7,1,3,59,-1.9492
1972,7,1,4,44,-2.7846
1972,7,1,5,79,-1.0265
1972,7,2,1,37,-2.8744
1972,7,2,2,42,-1.7445
1972,7,2,3,43,-3.1309
1972,7,2,4,42,-2.3980
1972,7,2,5,41,-1.0832
1972,7,3,1,97,1.0946
1972,7,3,2,82,1.3476
1972,7,3,3,78,-0.9723
1972,7,3,4,76,-1.2181
1972,7,3,5,60,-0.7102
1972,8,1,1,82,-0.0856
1972,8,1,2,53,1.0962
1972,8,1,3,59,-0.9549
1972,8,1,4,44,0.4718
1972,8,1,5,79,2.3721
1972,8,2,1,37,0.8327
1972,8,2,2,42,0.1992
1972,8,2,3,43,2.5074
1972,8,2,4,42,3.7539
1972,8,2,5,41,3.1373
1972,8,3,1,97,0.9552
1972,8,3,2,82,0.9625
1972,8,3,3,78,6.6028
1972,8,3,4,76,8.7338
1972,8,3,5,60,7.6137
1972,9,1,1,82,-5.3243
1972,9,1,2,53,-3.8944
1972,9,1,3,59,-4.2328
1972,9,1,4,44,-5.2597
1972,9,1,5,79,-2.9618
1972,9,2,1,37,-2.6703
1972,9,2,2,42,-3.2933
1972,9,2,3,43,-3.3228
1972,9,2,4,42,-1.6217
1972,9,2,5,41,-2.4466
1972,9,3,1,97,-0.8347
1972,9,3,2,82,0.0777
1972,9,3,3,78,-3.0437
1972,9,3,4,76,-0.5417
1972,9,3,5,60,0.9989
1972,10,1,1,82,-2.8931
1972,10,1,2,53,-3.4503
1972,10,1,3,59,-2.0415
1972,10,1,4,44,-2.7591
1972,10,1,5,79,-0.7433
1972,10,2,1,37,-1.3054
1972,10,2,2,42,-0.6535
1972,10,2,3,43,-0.6807
1972,10,2,4,42,1.7806
1972,10,2,5,41,-1.6223
1972,10,3,1,97,2.4529
1972,10,3,2,82,-0.5167
1972,10,3,3,78,0.0006
1972,10,3,4,76,-1.3003
1972,10,3,5,60,2.7610
1972,11,1,1,82,4.6477
1972,11,1,2,53,4.4952
1972,11,1,3,59,5.2853
1972,11,1,4,44,8.4545
1972,11,1,5,79,5.0291
1972,11,2,1,37,5.0310
1972,11,2,2,42,3.8134
1972,11,2,3,43,6.3908
1972,11,2,4,42,6.6799
1972,11,2,5,41,9.2216
1972,11,3,1,97,0.2273
1972,11,3,2,81,2.9359
1972,11,3,3,78,6.7286
1972,11,3,4,76,8.8448
1972,11,3,5,60,8.8887
1972,12,1,1,82,-1.1458
1972,12,1,2,53,-3.1718
1972,12,1,3,59,-0.7923
1972,12,1,4,44,-3.0518
1972,12,1,5,79,-0.9415
1972,12,2,1,37,1.7998
1972,12,2,2,42,-0.7223
1972,12,2,3,43,0.2597
1972,12,2,4,42,-1.0055
1972,12,2,5,41,-1.0741
1972,12,3,1,97,4.1106
1972,12,3,2,82,3.1156
1972,12,3,3,78,0.0827
1972,12,3,4,76,-0.4217
1972,12,3,5,60,0.9809
1973,1,1,1,82,-4.0101
1973,1,1,2,53,-6.2775
1973,1,1,3,59,-3.4507
1973,1,1,4,44,-2.4755
1973,1,1,5,79,-1.8916
1973,1,2,1,37,-5.8650
1973,1,2,2,42,-7.0543
1973,1,2,3,43,-6.2516
1973,1,2,4,42,-6.8299
1973,1,2,5,41,-3.6053
1973,1,3,1,97,-3.7341
1973,1,3,2,82,-0.0254
1973,1,3,3,78,-4.8465
1973,1,3,4,76,-1.9035
1973,1,3,5,60,-0.3191
1973,2,1,1,82,-10.5596
1973,2,1,2,53,-8.0141
1973,2,1,3,59,-5.4937
1973,2,1,4,44,-5.7008
1973,2,1,5,79,-5.0493
1973,2,2,1,37,-11.2797
1973,2,2,2,42,-8.2245
1973,2,2,3,43,-8.7815
1973,2,2,4,42,-6.1933
1973,2,2,5,41,-5.5669
1973,2,3,1,97,-1.9616
1973,2,3,2,82,-2.3641
1973,2,3,3,78,-4.8768
1973,2,3,4,76,-4.6523
1973,2,3,5,60,-5.4187
1973,3,1,1,82,-2.0687
1973,3,1,2,53,-4.6889
1973,3,1,3,59,-0.4684
1973,3,1,4,44,-2.8578
1973,3,1,5,79,0.1937
1973,3,2,1,37,-2.1165
1973,3,2,2,42,-5.7084
1973,3,2,3,43,-4.4791
1973,3,2,4,42,-1.0158
1973,3,2,5,41,-0.4701
1973,3,3,1,97,0.0404
1973,3,3,2,82,-0.3461
1973,3,3,3,78,-0.3351
1973,3,3,4,76,0.5448
1973,3,3,5,60,0.9801
1973,4,1,1,82,-10.1500
1973,4,1,2,53,-7.5697
1973,4,1,3,59,-5.3661
1973,4,1,4,44,-2.3487
1973,4,1,5,79,-2.7589
1973,4,2,1,37,-10.2064
1973,4,2,2,42,-7.6710
1973,4,2,3,43,-5.8870
1973,4,2,4,42,-2.5884
1973,4,2,5,41,-3.8450
1973,4,3,1,97,-6.0935
1973,4,3,2,82,-6.1906
1973,4,3,3,78,-3.5790
1973,4,3,4,75,-2.5045
1973,4,3,5,60,-0.4091
1973,5,1,1,82,-9.8178
1973,5,1,2,53,-9.2807
1973,5,1,3,59,-6.7535
1973,5,1,4,44,-7.5933
1973,5,1,5,79,-6.3995
1973,5,2,1,37,-8.7770
1973,5,2,2,42,-9.9909
1973,5,2,3,43,-7.0153
1973,5,2,4,42,-7.5936
1973,5,2,5,41,-7.1231
1973,5,3,1,97,0.7868
1973,5,3,2,82,-1.2213
1973,5,3,3,78,-1.2718
1973,5,3,4,76,-3.3273
1973,5,3,5,60,-3.2144
1973,6,1,1,82,-7.4522
1973,6,1,2,53,-3.4359
1973,6,1,3,59,-2.2080
1973,6,1,4,44,-3.2248
1973,6,1,5,79,-2.9247
1973,6,2,1,37,-3.6331
1973,6,2,2,42,-5.0720
1973,6,2,3,43,-5.2429
1973,6,2,4,42,-1.1757
1973,6,2,5,41,-1.9209
1973,6,3,1,97,-0.9395
1973,6,3,2,82,0.4848
1973,6,3,3,78,-2.0828
1973,6,3,4,76,-1.5573
1973,6,3,5,60,-0.8187
1973,7,1,1,98,20.3408
1973,7,1,2,82,14.6487
1973,7,1,3,84,13.7455
1973,7,1,4,67,8.2295
1973,7,1,5,86,9.0947
1973,7,2,1,50,18.4604
1973,7,2,2,52,13.5066
1973,7,2,3,48,12.8796
1973,7,2,4,57,8.9404
1973,7,2,5,56,4.7830
1973,7,3,1,116,6.1689
1973,7,3,2,96,5.8722
1973,7,3,3,81,5.2567
1973,7,3,4,79,2.3047
1973,7,3,5,73,1.4732
1973,8,1,1,98,-7.1553
1973,8,1,2,82,-6.9544
1973,8,1,3,84,-8.9530
1973,8,1,4,66,-6.0194
1973,8,1,5,86,-4.3617
1973,8,2,1,50,-2.2235
1973,8,2,2,52,-4.1792
1973,8,2,3,48,-4.9463
1973,8,2,4,57,-4.0634
1973,8,2,5,56,-3.6584
1973,8,3,1,116,-2.9967
1973,8,3,2,96,-4.2752
1973,8,3,3,81,-1.6362
1973,8,3,4,79,-3.3856
1973,8,3,5,73,-3.1933
1973,9,1,1,98,10.2594
1973,9,1,2,82,11.7626
1973,9,1,3,84,10.2759
1973,9,1,4,67,6.9702
1973,9,1,5,85,5.9016
1973,9,2,1,50,9.9318
1973,9,2,2,52,11.4657
1973,9,2,3,48,12.4371
1973,9,2,4,57,11.3415
1973,9,2,5,56,8.5193
1973,9,3,1,116,2.4176
1973,9,3,2,96,-0.5829
1973,9,3,3,81,10.6751
1973,9,3,4,79,8.1348
1973,9,3,5,73,8.8599
1973,10,1,1,98,-0.5526
1973,10,1,2,82,0.0083
1973,10,1,3,84,-3.5022
1973,10,1,4,67,-1.6928
1973,10,1,5,86,1.3234
1973,10,2,1,50,-0.0660
1973,10,2,2,52,-1.8710
1973,10,2,3,48,2.6302
1973,10,2,4,57,0.6988
1973,10,2,5,56,-0.6140
1973,10,3,1,116,-0.5879
1973,10,3,2,96,2.0662
1973,10,3,3,81,3.2324
1973,10,3,4,79,2.0652
1973,10,3,5,73,-4.3481
1973,11,1,1,98,-23.9819
1973,11,1,2,82,-18.9084
1973,11,1,3,84,-18.2369
1973,11,1,4,67,-18.6777
1973,11,1,5,86,-15.7629
1973,11,2,1,50,-22.5475
1973,11,2,2,52,-21.7887
1973,11,2,3,48,-21.4657
1973,11,2,4,57,-16.8880
1973,11,2,5,56,-12.5433
1973,11,3,1,116,-12.9160
1973,11,3,2,96,-9.0300
1973,11,3,3,81,-13.0837
1973,11,3,4,79,-10.9045
1973,11,3,5,73,-10.3753
1973,12,1,1,98,-4.1256
1973,12,1,2,82,-3.4302
1973,12,1,3,84,-5.5686
1973,12,1,4,67,-2.8871
1973,12,1,5,86,-2.2762
1973,12,2,1,50,-4.1382
1973,12,2,2,52,-2.4378
1973,12,2,3,48,-0.3618
1973,12,2,4,57,1.8341
1973,12,2,5,56,-2.7260
1973,12,3,1,116,-1.4064
1973,12,3,2,96,-2.8987
1973,12,3,3,81,5.7533
1973,12,3,4,79,8.9430
1973,12,3,5,73,3.0322
1974,1,1,1,98,16.5224
1974,1,1,2,82,11.5652
1974,1,1,3,84,15.3831
1974,1,1,4,67,17.7706
1974,1,1,5,86,15.4169
1974,1,2,1,50,4.7202
1974,1,2,2,52,10.5467
1974,1,2,3,48,8.7558
1974,1,2,4,57,9.9724
1974,1,2,5,56,11.5889
1974,1,3,1,116,-2.8534
1974,1,3,2,96,-0.9167
1974,1,3,3,81,-2.2632
1974,1,3,4,79,-3.3487
1974,1,3,5,73,5.3909
1974,2,1,1,98,-2.2596
1974,2,1,2,82,1.7523
1974,2,1,3,84,-0.6968
1974,2,1,4,67,-0.6429
1974,2,1,5,86,2.8156
1974,2,2,1,50,-0.3870
1974,2,2,2,52,1.2925
1974,2,2,3,48,1.4609
1974,2,2,4,57,-0.0240
1974,2,2,5,56,5.3228
1974,2,3,1,116,-2.0130
1974,2,3,2,96,-0.0960
1974,2,3,3,81,2.1465
1974,2,3,4,79,-0.5598
1974,2,3,5,73,2.4651
1974,3,1,1,96,-0.3151
1974,3,1,2,82,0.3618
1974,3,1,3,84,1.8200
1974,3,1,4,66,1.8662
1974,3,1,5,86,0.7092
1974,3,2,1,50,0.5964
1974,3,2,2,52,1.5934
1974,3,2,3,48,-1.6083
1974,3,2,4,57,-0.7165
1974,3,2,5,56,-1.3087
1974,3,3,1,116,-0.8979
1974,3,3,2,96,-1.4027
1974,3,3,3,81,-3.3369
1974,3,3,4,79,-2.2044
1974,3,3,5,73,-2.1874
1974,4,1,1,97,-7.3316
1974,4,1,2,82,-3.2499
1974,4,1,3,84,-6.5811
1974,4,1,4,66,-3.3647
1974,4,1,5,86,-2.4453
1974,4,2,1,50,-6.0106
1974,4,2,2,52,-5.0236
1974,4,2,3,48,-1.0216
1974,4,2,4,57,-3.2278
1974,4,2,5,56,-2.8918
1974,4,3,1,116,-3.8331
1974,4,3,2,96,-2.1379
1974,4,3,3,81,-2.7834
1974,4,3,4,79,-3.6867
1974,4,3,5,73,-3.7521
1974,5,1,1,97,-9.8335
1974,5,1,2,82,-6.9413
1974,5,1,3,84,-6.1827
1974,5,1,4,66,-8.2488
1974,5,1,5,85,-5.0174
1974,5,2,1,50,-5.5623
1974,5,2,2,52,-8.0225
1974,5,2,3,48,-6.0346
1974,5,2,4,57,-7.2740
1974,5,2,5,56,-5.4839
1974,5,3,1,116,0.7340
1974,5,3,2,96,-2.4158
1974,5,3,3,81,-5.9365
1974,5,3,4,79,-5.5787
1974,5,3,5,73,-1.2899
1974,6,1,1,97,-3.3776
1974,6,1,2,80,-2.2216
1974,6,1,3,84,-2.5930
1974,6,1,4,66,-2.1866
1974,6,1,5,86,-0.9361
1974,6,2,1,50,-2.6883
1974,6,2,2,52,-0.2179
1974,6,2,3,48,-0.4872
1974,6,2,4,57,-1.3710
1974,6,2,5,56,-1.6782
1974,6,3,1,116,-1.7833
1974,6,3,2,96,-0.2462
1974,6,3,3,81,-0.6788
1974,6,3,4,79,-1.0756
1974,6,3,5,73,-0.6968
1974,7,1,1,147,-4.9489
1974,7,1,2,140,-6.9912
1974,7,1,3,151,-4.1009
1974,7,1,4,141,-3.4151
1974,7,1,5,160,-1.7880
1974,7,2,1,63,-7.3648
1974,7,2,2,84,-4.5683
1974,7,2,3,94,-2.9272
1974,7,2,4,72,-2.6918
1974,7,2,5,84,-1.8945
1974,7,3,1,172,-10.8867
1974,7,3,2,136,-8.4793
1974,7,3,3,105,-2.5626
1974,7,3,4,109,-2.7828
1974,7,3,5,85,-6.5269
1974,8,1,1,146,-9.1764
1974,8,1,2,140,-6.7596
1974,8,1,3,151,-6.2469
1974,8,1,4,141,-6.2024
1974,8,1,5,160,-7.1088
1974,8,2,1,62,-11.0755
1974,8,2,2,84,-8.8939
1974,8,2,3,94,-8.7889
1974,8,2,4,72,-6.0376
1974,8,2,5,84,-6.5244
1974,8,3,1,172,-9.1661
1974,8,3,2,136,-12.2098
1974,8,3,3,105,-5.3392
1974,8,3,4,109,-7.6019
1974,8,3,5,85,-4.4715
1974,9,1,1,146,-11.3441
1974,9,1,2,140,-8.3436
1974,9,1,3,151,-7.2452
1974,9,1,4,141,-6.4609
1974,9,1,5,160,-6.9191
1974,9,2,1,63,-12.6383
1974,9,2,2,84,-7.7111
1974,9,2,3,94,-7.5844
1974,9,2,4,72,-4.7598
1974,9,2,5,84,-6.4375
1974,9,3,1,172,-16.3654
1974,9,3,2,136,-11.1010
1974,9,3,3,105,-7.5824
1974,9,3,4,109,-4.1855
1974,9,3,5,85,-7.4440
1974,10,1,1,146,12.3783
1974,10,1,2,140,5.2048
1974,10,1,3,148,7.2699
1974,10,1,4,139,8.0012
1974,10,1,5,159,8.2557
1974,10,2,1,63,15.9886
1974,10,2,2,82,12.0270
1974,10,2,3,94,7.9277
1974,10,2,4,72,7.6255
1974,10,2,5,83,5.8005
1974,10,3,1,172,22.3191
1974,10,3,2,136,18.7114
1974,10,3,3,105,14.2505
1974,10,3,4,109,9.7798
1974,10,3,5,85,3.3064
1974,11,1,1,145,-8.1550
1974,11,1,2,140,-4.1052
1974,11,1,3,151,-5.1713
1974,11,1,4,141,-5.9696
1974,11,1,5,159,-6.0623
1974,11,2,1,63,-5.5441
1974,11,2,2,83,-4.1630
1974,11,2,3,94,-3.2106
1974,11,2,4,72,-4.6511
1974,11,2,5,83,-4.9321
1974,11,3,1,172,-5.1081
1974,11,3,2,136,-3.6236
1974,11,3,3,105,-4.4860
1974,11,3,4,109,-2.1249
1974,11,3,5,85,-3.7667
1974,12,1,1,145,-8.6357
1974,12,1,2,139,-8.6215
1974,12,1,3,149,-6.8419
1974,12,1,4,141,-5.7130
1974,12,1,5,160,-8.1205
1974,12,2,1,63,-9.5968
1974,12,2,2,83,-7.3686
1974,12,2,3,94,-2.9949
1974,12,2,4,72,-3.6996
1974,12,2,5,84,-5.1317
1974,12,3,1,172,-4.8182
1974,12,3,2,135,-1.5444
1974,12,3,3,105,1.4403
1974,12,3,4,109,-2.2473
1974,12,3,5,85,0.7835
1975,1,1,1,144,28.2167
1975,1,1,2,139,27.7269
1975,1,1,3,150,26.5969
1975,1,1,4,140,26.8113
1975,1,1,5,159,29.9297
1975,1,2,1,63,24.9451
1975,1,2,2,83,28.7930
1975,1,2,3,94,23.8950
1975,1,2,4,72,24.7712
1975,1,2,5,84,28.5619
1975,1,3,1,172,9.5155
1975,1,3,2,136,9.7098
1975,1,3,3,105,14.0230
1975,1,3,4,109,20.1300
1975,1,3,5,85,22.6121
1975,2,1,1,143,4.3074
1975,2,1,2,139,3.7516
1975,2,1,3,150,3.6651
1975,2,1,4,140,0.7194
1975,2,1,5,159,3.6944
1975,2,2,1,63,6.7502
1975,2,2,2,83,4.4747
1975,2,2,3,94,3.1845
1975,2,2,4,71,0.9048
1975,2,2,5,84,1.5588
1975,2,3,1,172,11.5661
1975,2,3,2,136,6.2542
1975,2,3,3,105,4.5824
1975,2,3,4,109,1.4718
1975,2,3,5,85,0.9628
1975,3,1,1,144,10.3673
1975,3,1,2,140,9.4218
1975,3,1,3,150,6.6805
1975,3,1,4,140,6.7941
1975,3,1,5,159,7.8302
1975,3,2,1,63,8.3414
1975,3,2,2,83,8.7931
1975,3,2,3,94,8.9159
1975,3,2,4,71,3.5528
1975,3,2,5,84,5.1703
1975,3,3,1,172,2.8338
1975,3,3,2,136,4.7360
1975,3,3,3,105,0.4304
1975,3,3,4,109,2.3484
1975,3,3,5,85,4.5850
1975,4,1,1,144,5.1326
1975,4,1,2,140,2.4549
1975,4,1,3,150,4.0584
1975,4,1,4,140,1.1844
1975,4,1,5,158,4.3151
1975,4,2,1,63,4.8130
1975,4,2,2,83,7.2435
1975,4,2,3,94,4.0626
1975,4,2,4,71,2.4503
1975,4,2,5,84,3.5502
1975,4,3,1,172,5.9266
1975,4,3,2,136,5.7332
1975,4,3,3,105,2.9915
1975,4,3,4,109,1.8077
1975,4,3,5,85,3.0666
1975,5,1,1,144,8.2704
1975,5,1,2,140,9.9564
1975,5,1,3,149,6.0133
1975,5,1,4,140,6.1608
1975,5,1,5,159,5.5941
1975,5,2,1,63,12.3888
1975,5,2,2,83,8.8287
1975,5,2,3,94,4.9242
1975,5,2,4,71,6.6057
1975,5,2,5,84,6.1825
1975,5,3,1,172,5.0841
1975,5,3,2,136,4.8110
1975,5,3,3,105,6.6008
1975,5,3,4,109,6.0049
1975,5,3,5,85,3.8051
1975,6,1,1,144,7.6254
1975,6,1,2,138,7.5542
1975,6,1,3,148,7.7082
1975,6,1,4,140,7.6974
1975,6,1,5,157,7.8075
1975,6,2,1,63,7.3210
1975,6,2,2,83,4.8826
1975,6,2,3,94,6.5853
1975,6,2,4,71,7.1289
1975,6,2,5,84,9.4156
1975,6,3,1,172,2.3737
1975,6,3,2,136,6.7955
1975,6,3,3,105,5.1480
1975,6,3,4,109,7.5087
1975,6,3,5,85,9.8131
1975,7,1,1,236,-0.8881
1975,7,1,2,203,0.6097
1975,7,1,3,151,-0.7228
1975,7,1,4,217,-0.6755
1975,7,1,5,252,-0.4095
1975,7,2,1,94,-4.9813
1975,7,2,2,97,-2.4013
1975,7,2,3,100,-4.2688
1975,7,2,4,96,-0.6140
1975,7,2,5,88,-4.1858
1975,7,3,1,184,-8.5839
1975,7,3,2,149,-6.4401
1975,7,3,3,113,-5.0867
1975,7,3,4,110,-2.7682
1975,7,3,5,77,-3.8052
1975,8,1,1,236,-6.5759
1975,8,1,2,202,-4.9860
1975,8,1,3,150,-5.7925
1975,8,1,4,217,-5.7141
1975,8,1,5,252,-5.0711
1975,8,2,1,94,-5.2405
1975,8,2,2,97,-4.7905
1975,8,2,3,100,-3.3687
1975,8,2,4,96,-4.1235
1975,8,2,5,88,-3.1695
1975,8,3,1,184,-2.3290
1975,8,3,2,149,-0.4624
1975,8,3,3,113,-1.5654
1975,8,3,4,110,-1.5104
1975,8,3,5,77,-0.8645
1975,9,1,1,236,-3.8998
1975,9,1,2,203,-2.6909
1975,9,1,3,151,-2.0019
1975,9,1,4,217,-2.0590
1975,9,1,5,252,-2.6070
1975,9,2,1,94,-6.0491
1975,9,2,2,97,-3.3474
1975,9,2,3,99,-3.1251
1975,9,2,4,96,-2.1704
1975,9,2,5,88,-2.5807
1975,9,3,1,184,-4.3816
1975,9,3,2,149,-4.3299
1975,9,3,3,113,-1.3343
1975,9,3,4,110,-1.6043
1975,9,3,5,77,-3.1338
1975,10,1,1,236,0.4558
1975,10,1,2,203,2.0126
1975,10,1,3,151,1.9027
1975,10,1,4,215,3.5376
1975,10,1,5,252,2.2139
1975,10,2,1,94,1.0776
1975,10,2,2,97,1.5762
1975,10,2,3,100,3.7855
1975,10,2,4,96,7.3209
1975,10,2,5,88,4.1274
1975,10,3,1,184,6.5399
1975,10,3,2,149,5.9030
1975,10,3,3,113,6.4127
1975,10,3,4,110,6.7422
1975,10,3,5,77,7.2346
1975,11,1,1,235,2.3881
1975,11,1,2,202,3.4523
1975,11,1,3,151,3.2688
1975,11,1,4,216,2.5765
1975,11,1,5,252,3.8953
1975,11,2,1,94,1.9939
1975,11,2,2,97,1.8287
1975,11,2,3,100,3.6250
1975,11,2,4,96,5.2856
1975,11,2,5,88,5.4321
1975,11,3,1,184,2.9359
1975,11,3,2,149,2.6333
1975,11,3,3,112,2.1207
1975,11,3,4,109,3.2572
1975,11,3,5,77,5.0943
1975,12,1,1,236,-0.7235
1975,12,1,2,202,-2.0330
1975,12,1,3,150,-1.4835
1975,12,1,4,216,-0.7526
1975,12,1,5,252,-1.8099
1975,12,2,1,94,-4.1218
1975,12,2,2,97,-0.2982
1975,12,2,3,100,0.1002
1975,12,2,4,96,-1.2943
1975,12,2,5,88,0.0621
1975,12,3,1,184,-2.4881
1975,12,3,2,149,-2.0734
1975,12,3,3,113,0.8535
1975,12,3,4,110,0.2781
1975,12,3,5,77,0.9301
1976,1,1,1,235,22.5990
1976,1,1,2,201,21.2812
1976,1,1,3,151,22.6180
1976,1,1,4,217,20.5938
1976,1,1,5,252,20.6595
1976,1,2,1,93,16.9632
1976,1,2,2,97,19.4188
1976,1,2,3,100,17.1709
1976,1,2,4,96,20.1344
1976,1,2,5,88,17.1826
1976,1,3,1,183,11.2435
1976,1,3,2,149,14.2264
1976,1,3,3,113,10.6463
1976,1,3,4,110,13.5715
1976,1,3,5,77,10.8490
1976,2,1,1,233,12.3916
1976,2,1,2,198,11.9864
1976,2,1,3,143,9.9979
1976,2,1,4,208,9.5325
1976,2,1,5,240,9.9041
1976,2,2,1,93,8.2737
1976,2,2,2,97,6.8929
1976,2,2,3,99,7.0178
1976,2,2,4,96,6.5941
1976,2,2,5,87,5.7999
1976,2,3,1,184,-2.8159
1976,2,3,2,149,0.8289
1976,2,3,3,113,1.5127
1976,2,3,4,109,1.8739
1976,2,3,5,77,0.2770
1976,3,1,1,235,3.2087
1976,3,1,2,201,2.0243
1976,3,1,3,150,1.6790
1976,3,1,4,217,0.3895
1976,3,1,5,250,0.8667
1976,3,2,1,93,2.3220
1976,3,2,2,97,-0.2115
1976,3,2,3,100,2.7065
1976,3,2,4,96,2.4746
1976,3,2,5,87,1.9203
1976,3,3,1,183,3.4355
1976,3,3,2,149,1.3868
1976,3,3,3,113,2.6554
1976,3,3,4,109,3.6807
1976,3,3,5,77,2.8492
1976,4,1,1,230,-2.4924
1976,4,1,2,196,-0.8683
1976,4,1,3,148,1.2530
1976,4,1,4,212,-0.3214
1976,4,1,5,243,0.3214
1976,4,2,1,93,-3.6936
1976,4,2,2,96,-0.1515
1976,4,2,3,99,-0.4721
1976,4,2,4,95,0.0836
1976,4,2,5,87,0.1506
1976,4,3,1,183,-2.5600
1976,4,3,2,149,-0.7538
1976,4,3,3,113,0.4591
1976,4,3,4,109,0.5176
1976,4,3,5,77,2.0163
1976,5,1,1,233,-2.5672
1976,5,1,2,200,-1.8913
1976,5,1,3,150,-3.3002
1976,5,1,4,215,-1.9481
1976,5,1,5,248,-2.9669
1976,5,2,1,93,0.0202
1976,5,2,2,97,-2.1657
1976,5,2,3,98,-1.6042
1976,5,2,4,95,-3.2182
1976,5,2,5,86,-2.4905
1976,5,3,1,183,-0.8755
1976,5,3,2,149,-0.4162
1976,5,3,3,113,0.1887
1976,5,3,4,109,-1.6847
1976,5,3,5,77,-3.1580
1976,6,1,1,230,2.4581
1976,6,1,2,201,3.0398
1976,6,1,3,149,2.9316
1976,6,1,4,216,2.4744
1976,6,1,5,247,1.4536
1976,6,2,1,93,5.3789
1976,6,2,2,97,5.6631
1976,6,2,3,98,4.1841
1976,6,2,4,95,3.1149
1976,6,2,5,86,4.3861
1976,6,3,1,183,4.7062
1976,6,3,2,148,3.2738
1976,6,3,3,112,4.7969
1976,6,3,4,109,4.0724
1976,6,3,5,77,4.1252
1976,7,1,1,307,-1.1268
1976,7,1,2,221,-0.6400
1976,7,1,3,203,1.2292
1976,7,1,4,217,1.5726
1976,7,1,5,272,1.4865
1976,7,2,1,110,-1.1739
1976,7,2,2,99,-0.6399
1976,7,2,3,95,0.4984
1976,7,2,4,93,1.3050
1976,7,2,5,90,1.7723
1976,7,3,1,165,-1.8561
1976,7,3,2,143,-1.6391
1976,7,3,3,119,-0.2640
1976,7,3,4,113,0.5506
1976,7,3,5,91,1.1228
1976,8,1,1,305,-2.7621
1976,8,1,2,220,-1.8381
1976,8,1,3,202,-2.6015
1976,8,1,4,216,-0.4725
1976,8,1,5,271,-0.0122
1976,8,2,1,109,-3.3443
1976,8,2,2,99,-2.5817
1976,8,2,3,95,-1.4463
1976,8,2,4,93,-0.6770
1976,8,2,5,90,1.1002
1976,8,3,1,165,-0.6798
1976,8,3,2,143,0.0811
1976,8,3,3,119,-0.4316
1976,8,3,4,112,1.5237
1976,8,3,5,91,2.4817
1976,9,1,1,285,1.6776
1976,9,1,2,189,1.3862
1976,9,1,3,186,2.3025
1976,9,1,4,183,2.8307
1976,9,1,5,238,1.9027
1976,9,2,1,104,6.0135
1976,9,2,2,98,3.1006
1976,9,2,3,91,3.1979
1976,9,2,4,89,2.7033
1976,9,2,5,90,2.6052
1976,9,3,1,165,1.9578
1976,9,3,2,143,2.1971
1976,9,3,3,118,4.3529
1976,9,3,4,112,2.7587
1976,9,3,5,90,4.1695
1976,10,1,1,304,-2.7825
1976,10,1,2,218,-3.2151
1976,10,1,3,203,-1.5128
1976,10,1,4,214,-0.4005
1976,10,1,5,269,-0.9214
1976,10,2,1,106,-3.6309
1976,10,2,2,99,-2.8196
1976,10,2,3,94,-1.5572
1976,10,2,4,91,-0.9385
1976,10,2,5,90,-1.5470
1976,10,3,1,165,-2.6513
1976,10,3,2,143,-2.3982
1976,10,3,3,119,-3.2524
1976,10,3,4,111,-0.2938
1976,10,3,5,91,-1.6699
1976,11,1,1,304,4.5731
1976,11,1,2,216,2.9048
1976,11,1,3,202,4.4020
1976,11,1,4,214,2.2797
1976,11,1,5,264,2.1869
1976,11,2,1,105,3.4893
1976,11,2,2,98,3.7568
1976,11,2,3,91,3.0096
1976,11,2,4,91,4.8783
1976,11,2,5,90,3.2847
1976,11,3,1,165,-1.3933
1976,11,3,2,143,-0.3907
1976,11,3,3,118,1.3712
1976,11,3,4,111,2.0466
1976,11,3,5,91,1.7132
1976,12,1,1,304,9.4274
1976,12,1,2,215,9.1972
1976,12,1,3,203,9.5795
1976,12,1,4,213,8.7034
1976,12,1,5,269,8.7792
1976,12,2,1,106,9.1402
1976,12,2,2,99,9.2300
1976,12,2,3,94,11.6493
1976,12,2,4,91,7.7751
1976,12,2,5,90,7.2946
1976,12,3,1,165,3.3312
1976,12,3,2,143,4.9852
1976,12,3,3,119,7.1127
1976,12,3,4,111,6.2106
1976,12,3,5,91,6.2294
1977,1,1,1,300,2.0414
1977,1,1,2,214,3.9589
1977,1,1,3,202,3.6019
1977,1,1,4,212,3.0748
1977,1,1,5,268,4.9310
1977,1,2,1,104,0.6260
1977,1,2,2,99,0.5746
1977,1,2,3,94,0.5544
1977,1,2,4,91,2.6698
1977,1,2,5,90,3.0121
1977,1,3,1,164,-9.0657
1977,1,3,2,143,-5.2368
1977,1,3,3,119,-3.0488
1977,1,3,4,111,0.0347
1977,1,3,5,91,1.2521
1977,2,1,1,297,0.0529
1977,2,1,2,211,-0.3330
1977,2,1,3,200,0.3075
1977,2,1,4,209,0.0664
1977,2,1,5,264,-0.1390
1977,2,2,1,101,-1.7276
1977,2,2,2,98,-0.8489
1977,2,2,3,93,1.8236
1977,2,2,4,91,-1.1076
1977,2,2,5,90,-2.2294
1977,2,3,1,164,-2.7120
1977,2,3,2,143,-0.3069
1977,2,3,3,116,-2.5875
1977,2,3,4,111,-0.6339
1977,2,3,5,91,-2.9524
1977,3,1,1,298,0.6768
1977,3,1,2,213,1.6439
1977,3,1,3,199,2.2414
1977,3,1,4,212,1.2046
1977,3,1,5,266,0.7915
1977,3,2,1,102,1.1715
1977,3,2,2,98,-0.0803
1977,3,2,3,93,-0.8370
1977,3,2,4,91,0.3053
1977,3,2,5,90,0.9369
1977,3,3,1,163,-2.7265
1977,3,3,2,141,-0.3378
1977,3,3,3,117,-1.2953
1977,3,3,4,111,-1.3162
1977,3,3,5,91,0.0419
1977,4,1,1,295,1.7684
1977,4,1,2,212,1.4637
1977,4,1,3,198,3.0513
1977,4,1,4,211,1.9592
1977,4,1,5,264,1.3143
1977,4,2,1,102,0.5598
1977,4,2,2,98,2.9464
1977,4,2,3,93,1.7741
1977,4,2,4,91,1.5618
1977,4,2,5,90,0.5059
1977,4,3,1,163,-2.4781
1977,4,3,2,141,-0.7738
1977,4,3,3,115,1.8686
1977,4,3,4,111,1.6090
1977,4,3,5,91,3.2035
1977,5,1,1,295,0.0966
1977,5,1,2,212,1.3272
1977,5,1,3,198,-0.4470
1977,5,1,4,211,0.5548
1977,5,1,5,263,0.6967
1977,5,2,1,102,1.0585
1977,5,2,2,98,-1.5976
1977,5,2,3,93,0.5657
1977,5,2,4,91,-0.3570
1977,5,2,5,90,-0.8402
1977,5,3,1,163,-2.2632
1977,5,3,2,141,-2.7285
1977,5,3,3,116,-0.7055
1977,5,3,4,111,0.3870
1977,5,3,5,91,0.1659
1977,6,1,1,293,7.4691
1977,6,1,2,212,5.5056
1977,6,1,3,197,4.8894
1977,6,1,4,211,4.6660
1977,6,1,5,262,6.0282
1977,6,2,1,99,7.4406
1977,6,2,2,97,8.0631
1977,6,2,3,93,6.3143
1977,6,2,4,90,4.1604
1977,6,2,5,89,5.7720
1977,6,3,1,163,6.3752
1977,6,3,2,141,4.6466
1977,6,3,3,116,4.3464
1977,6,3,4,111,2.4480
1977,6,3,5,91,5.0918
1977,7,1,1,299,0.3911
1977,7,1,2,225,1.3934
1977,7,1,3,179,0.4217
1977,7,1,4,216,0.6888
1977,7,1,5,336,1.4538
1977,7,2,1,120,-1.1832
1977,7,2,2,95,-1.8790
1977,7,2,3,97,-0.5821
1977,7,2,4,92,-0.4244
1977,7,2,5,88,0.5190
1977,7,3,1,150,-2.3870
1977,7,3,2,155,-2.0061
1977,7,3,3,113,-2.6057
1977,7,3,4,109,-1.5136
1977,7,3,5,116,0.0951
1977,8,1,1,298,-1.6215
1977,8,1,2,224,-0.1070
1977,8,1,3,179,-1.2567
1977,8,1,4,215,-0.0061
1977,8,1,5,335,-1.0330
1977,8,2,1,117,-0.7188
1977,8,2,2,94,-0.3084
1977,8,2,3,97,-1.3544
1977,8,2,4,92,-2.4904
1977,8,2,5,88,-1.4626
1977,8,3,1,149,0.7582
1977,8,3,2,155,0.1052
1977,8,3,3,113,-2.9965
1977,8,3,4,109,-3.8899
1977,8,3,5,115,-2.2030
1977,9,1,1,298,2.2120
1977,9,1,2,222,2.0917
1977,9,1,3,179,0.0043
1977,9,1,4,215,1.5163
1977,9,1,5,333,1.6404
1977,9,2,1,115,3.3651
1977,9,2,2,92,0.9188
1977,9,2,3,97,0.8349
1977,9,2,4,92,1.4811
1977,9,2,5,88,1.4632
1977,9,3,1,148,-0.5467
1977,9,3,2,154,-1.2954
1977,9,3,3,113,-1.3869
1977,9,3,4,109,1.9522
1977,9,3,5,115,1.6381
1977,10,1,1,294,-3.1809
1977,10,1,2,222,-1.7737
1977,10,1,3,178,-1.4951
1977,10,1,4,214,-0.3344
1977,10,1,5,332,-1.3528
1977,10,2,1,116,-2.0127
1977,10,2,2,92,-4.0941
1977,10,2,3,97,-2.3541
1977,10,2,4,91,-3.8984
1977,10,2,5,88,-1.1771
1977,10,3,1,147,-5.3865
1977,10,3,2,154,-3.4757
1977,10,3,3,113,-3.2537
1977,10,3,4,109,-4.3843
1977,10,3,5,115,-2.7522
1977,11,1,1,292,10.0550
1977,11,1,2,221,8.8503
1977,11,1,3,178,7.8044
1977,11,1,4,213,9.1707
1977,11,1,5,330,5.3343
1977,11,2,1,115,9.0917
1977,11,2,2,92,8.7984
1977,11,2,3,95,8.4919
1977,11,2,4,90,7.8490
1977,11,2,5,88,5.5169
1977,11,3,1,147,5.7151
1977,11,3,2,153,3.7904
1977,11,3,3,113,4.2065
1977,11,3,4,108,2.7614
1977,11,3,5,115,2.7520
1977,12,1,1,292,4.0728
1977,12,1,2,221,2.1457
1977,12,1,3,178,2.1382
1977,12,1,4,213,2.2476
1977,12,1,5,330,2.4648
1977,12,2,1,114,2.8913
1977,12,2,2,92,1.1018
1977,12,2,3,95,2.0156
1977,12,2,4,90,-0.2453
1977,12,2,5,88,1.6632
1977,12,3,1,146,0.8268
1977,12,3,2,154,0.4697
1977,12,3,3,113,0.7871
1977,12,3,4,108,1.1894
1977,12,3,5,115,-0.1073
1978,1,1,1,289,-3.3155
1978,1,1,2,221,-1.3826
1978,1,1,3,177,-0.6420
1978,1,1,4,211,-1.8186
1978,1,1,5,327,-1.2718
1978,1,2,1,113,-6.8026
1978,1,2,2,92,-4.7575
1978,1,2,3,95,-4.7361
1978,1,2,4,89,-3.8432
1978,1,2,5,88,-0.4601
1978,1,3,1,145,-7.2022
1978,1,3,2,154,-6.1607
1978,1,3,3,112,-6.3258
1978,1,3,4,108,-4.6492
1978,1,3,5,115,-4.2159
1978,2,1,1,288,2.8540
1978,2,1,2,219,5.6711
1978,2,1,3,176,3.2177
1978,2,1,4,207,3.2034
1978,2,1,5,325,2.6238
1978,2,2,1,112,1.1138
1978,2,2,2,91,1.8168
1978,2,2,3,95,1.2534
1978,2,2,4,87,2.1238
1978,2,2,5,88,0.9624
1978,2,3,1,145,-3.3664
1978,2,3,2,153,-2.4393
1978,2,3,3,112,-1.8284
1978,2,3,4,108,0.5632
1978,2,3,5,115,0.0600
1978,3,1,1,286,8.4200
1978,3,1,2,218,8.6885
1978,3,1,3,175,6.5314
1978,3,1,4,208,7.7528
1978,3,1,5,323,4.9598
1978,3,2,1,112,5.9131
1978,3,2,2,91,5.7239
1978,3,2,3,95,8.1899
1978,3,2,4,87,5.5436
1978,3,2,5,88,3.4846
1978,3,3,1,145,3.4675
1978,3,3,2,153,1.0316
1978,3,3,3,112,3.8886
1978,3,3,4,108,3.2373
1978,3,3,5,115,2.7688
1978,4,1,1,285,7.8072
1978,4,1,2,216,8.5085
1978,4,1,3,175,8.7969
1978,4,1,4,206,6.5417
1978,4,1,5,321,6.5528
1978,4,2,1,112,9.4321
1978,4,2,2,91,8.3927
1978,4,2,3,95,8.6730
1978,4,2,4,87,7.7612
1978,4,2,5,88,2.8855
1978,4,3,1,145,11.2448
1978,4,3,2,153,12.0549
1978,4,3,3,112,8.9346
1978,4,3,4,108,5.0811
1978,4,3,5,115,2.0741
1978,5,1,1,282,7.5685
1978,5,1,2,216,7.9122
1978,5,1,3,173,7.4741
1978,5,1,4,208,7.1612
1978,5,1,5,318,4.8600
1978,5,2,1,111,7.9345
1978,5,2,2,91,8.1505
1978,5,2,3,94,5.5508
1978,5,2,4,86,4.6382
1978,5,2,5,87,3.2460
1978,5,3,1,145,3.3434
1978,5,3,2,152,1.5905
1978,5,3,3,112,2.7177
1978,5,3,4,108,0.5450
1978,5,3,5,115,-0.1968
1978,6,1,1,281,-0.8366
1978,6,1,2,212,0.2555
1978,6,1,3,172,-0.1126
1978,6,1,4,207,-0.1713
1978,6,1,5,317,1.5548
1978,6,2,1,111,0.9387
1978,6,2,2,90,-1.4314
1978,6,2,3,94,-0.0727
1978,6,2,4,87,0.0614
1978,6,2,5,85,-0.4909
1978,6,3,1,144,-0.4839
1978,6,3,2,152,-1.5512
1978,6,3,3,111,-2.7724
1978,6,3,4,108,-2.5526
1978,6,3,5,115,-0.2031
1978,7,1,1,410,5.8627
1978,7,1,2,238,6.2435
1978,7,1,3,182,3.7155
1978,7,1,4,204,4.7482
1978,7,1,5,256,3.0650
1978,7,2,1,139,8.3207
1978,7,2,2,116,8.1058
1978,7,2,3,98,3.6028
1978,7,2,4,92,4.9523
1978,7,2,5,75,4.1059
1978,7,3,1,132,6.7307
1978,7,3,2,134,7.3460
1978,7,3,3,120,4.3478
1978,7,3,4,119,4.6064
1978,7,3,5,127,5.7648
1978,8,1,1,405,8.2472
1978,8,1,2,233,9.7839
1978,8,1,3,181,9.0286
1978,8,1,4,202,7.5196
1978,8,1,5,254,5.1721
1978,8,2,1,138,10.0099
1978,8,2,2,115,7.7945
1978,8,2,3,98,6.7663
1978,8,2,4,91,8.0363
1978,8,2,5,75,6.8410
1978,8,3,1,132,5.4378
1978,8,3,2,133,2.4474
1978,8,3,3,120,3.3379
1978,8,3,4,119,4.4518
1978,8,3,5,127,2.4270
1978,9,1,1,400,-0.4533
1978,9,1,2,234,-1.4991
1978,9,1,3,181,0.2753
1978,9,1,4,200,-0.1238
1978,9,1,5,251,0.8201
1978,9,2,1,134,-3.1783
1978,9,2,2,116,-1.7857
1978,9,2,3,95,-0.9762
1978,9,2,4,92,0.5384
1978,9,2,5,75,0.1342
1978,9,3,1,127,-2.6330
1978,9,3,2,133,-1.9334
1978,9,3,3,120,0.0765
1978,9,3,4,118,2.1873
1978,9,3,5,127,-1.6144
1978,10,1,1,399,-25.2200
1978,10,1,2,232,-22.3963
1978,10,1,3,180,-23.1109
1978,10,1,4,199,-17.2191
1978,10,1,5,251,-16.1617
1978,10,2,1,135,-22.9308
1978,10,2,2,115,-19.5731
1978,10,2,3,95,-19.5146
1978,10,2,4,92,-15.9091
1978,10,2,5,73,-14.0887
1978,10,3,1,128,-13.3765
1978,10,3,2,133,-9.8658
1978,10,3,3,120,-8.8876
1978,10,3,4,118,-8.9539
1978,10,3,5,127,-7.3876
1978,11,1,1,399,7.7490
1978,11,1,2,231,7.7989
1978,11,1,3,178,7.4574
1978,11,1,4,198,3.9318
1978,11,1,5,250,2.9253
1978,11,2,1,134,9.6688
1978,11,2,2,114,7.8629
1978,11,2,3,95,5.5098
1978,11,2,4,90,4.7606
1978,11,2,5,73,4.0446
1978,11,3,1,128,3.7295
1978,11,3,2,132,3.0213
1978,11,3,3,120,2.4077
1978,11,3,4,118,3.6657
1978,11,3,5,127,2.7232
1978,12,1,1,396,2.5096
1978,12,1,2,229,1.8299
1978,12,1,3,177,1.4489
1978,12,1,4,197,1.4942
1978,12,1,5,249,-0.0372
1978,12,2,1,134,4.0975
1978,12,2,2,114,3.3351
1978,12,2,3,95,1.2773
1978,12,2,4,91,1.6474
1978,12,2,5,72,1.1270
1978,12,3,1,128,2.0548
1978,12,3,2,132,2.2105
1978,12,3,3,119,0.3880
1978,12,3,4,118,0.8780
1978,12,3,5,127,2.3941
1979,1,1,1,394,10.5766
1979,1,1,2,229,8.9576
1979,1,1,3,176,10.4527
1979,1,1,4,196,9.7832
1979,1,1,5,250,9.9461
1979,1,2,1,133,7.1249
1979,1,2,2,114,7.6821
1979,1,2,3,94,8.7076
1979,1,2,4,91,5.7945
1979,1,2,5,72,8.0318
1979,1,3,1,128,2.0018
1979,1,3,2,132,3.8870
1979,1,3,3,119,4.8305
1979,1,3,4,118,5.0365
1979,1,3,5,127,5.5320
1979,2,1,1,388,-2.8674
1979,2,1,2,228,-3.4164
1979,2,1,3,176,-2.2356
1979,2,1,4,194,-0.8482
1979,2,1,5,249,-1.6204
1979,2,2,1,132,-2.2489
1979,2,2,2,111,-1.8502
1979,2,2,3,93,-3.1849
1979,2,2,4,89,-2.6713
1979,2,2,5,71,-2.0723
1979,2,3,1,128,-4.5773
1979,2,3,2,131,-4.3091
1979,2,3,3,118,-2.2970
1979,2,3,4,118,-1.9520
1979,2,3,5,127,-2.3186
1979,3,1,1,386,12.1190
1979,3,1,2,228,7.1054
1979,3,1,3,175,7.7254
1979,3,1,4,194,6.7273
1979,3,1,5,247,4.7505
1979,3,2,1,129,13.0994
1979,3,2,2,110,9.1733
1979,3,2,3,93,8.1190
1979,3,2,4,87,8.1228
1979,3,2,5,71,7.0286
1979,3,3,1,127,8.2334
1979,3,3,2,131,4.7072
1979,3,3,3,117,5.1516
1979,3,3,4,117,7.2760
1979,3,3,5,126,4.0255
1979,4,1,1,385,3.0574
1979,4,1,2,227,2.5718
1979,4,1,3,174,3.6892
1979,4,1,4,194,3.6059
1979,4,1,5,247,2.6702
1979,4,2,1,128,2.7742
1979,4,2,2,110,1.9582
1979,4,2,3,93,3.3733
1979,4,2,4,86,1.7839
1979,4,2,5,71,1.1050
1979,4,3,1,127,1.6772
1979,4,3,2,131,0.3907
1979,4,3,3,117,-0.5074
1979,4,3,4,117,0.9838
1979,4,3,5,127,-0.5657
1979,5,1,1,383,-1.8292
1979,5,1,2,227,-2.1482
1979,5,1,3,172,-0.5175
1979,5,1,4,193,-0.5653
1979,5,1,5,246,-0.7019
1979,5,2,1,126,-1.8386
1979,5,2,2,109,-1.6876
1979,5,2,3,93,-1.9506
1979,5,2,4,85,0.0586
1979,5,2,5,71,0.6827
1979,5,3,1,127,-2.2805
1979,5,3,2,131,-1.9289
1979,5,3,3,117,-1.7718
1979,5,3,4,117,-2.6661
1979,5,3,5,127,-0.5320
1979,6,1,1,381,6.2313
1979,6,1,2,225,3.9778
1979,6,1,3,171,3.3393
1979,6,1,4,192,1.8754
1979,6,1,5,246,4.7103
1979,6,2,1,126,5.9011
1979,6,2,2,109,5.2153
1979,6,2,3,92,3.3234
1979,6,2,4,85,4.6460
1979,6,2,5,71,5.8110
1979,6,3,1,127,5.4306
1979,6,3,2,131,3.6875
1979,6,3,3,116,3.5263
1979,6,3,4,116,5.5048
1979,6,3,5,127,1.8070
1979,7,1,1,403,1.8710
1979,7,1,2,263,3.6473
1979,7,1,3,182,2.5291
1979,7,1,4,196,3.0474
1979,7,1,5,186,3.9576
1979,7,2,1,169,3.0858
1979,7,2,2,98,3.6155
1979,7,2,3,82,2.6281
1979,7,2,4,82,3.0991
1979,7,2,5,84,4.3704
1979,7,3,1,134,1.8678
1979,7,3,2,145,1.8244
1979,7,3,3,123,-0.4216
1979,7,3,4,117,2.9809
1979,7,3,5,112,1.1366
1979,8,1,1,398,9.3542
1979,8,1,2,262,7.0860
1979,8,1,3,182,8.2753
1979,8,1,4,195,6.3921
1979,8,1,5,186,5.4746
1979,8,2,1,166,9.1868
1979,8,2,2,95,9.1146
1979,8,2,3,81,8.4715
1979,8,2,4,81,7.5958
1979,8,2,5,83,6.5769
1979,8,3,1,134,9.0746
1979,8,3,2,144,7.5603
1979,8,3,3,123,6.1015
1979,8,3,4,116,6.1591
1979,8,3,5,112,3.4880
1979,9,1,1,394,0.4761
1979,9,1,2,261,-0.9617
1979,9,1,3,181,-1.3752
1979,9,1,4,191,-0.7511
1979,9,1,5,185,-0.9074
1979,9,2,1,166,0.6024
1979,9,2,2,96,-0.0954
1979,9,2,3,81,-0.9376
1979,9,2,4,79,-0.8851
1979,9,2,5,83,-1.4418
1979,9,3,1,134,0.8721
1979,9,3,2,144,-0.7314
1979,9,3,3,123,0.0755
1979,9,3,4,116,2.3252
1979,9,3,5,110,-0.9115
1979,10,1,1,393,-11.2771
1979,10,1,2,259,-9.5450
1979,10,1,3,180,-9.2941
1979,10,1,4,190,-9.4277
1979,10,1,5,181,-9.6724
1979,10,2,1,165,-10.4862
1979,10,2,2,95,-8.2193
1979,10,2,3,81,-11.3635
1979,10,2,4,79,-9.5496
1979,10,2,5,83,-9.5605
1979,10,3,1,133,-6.5023
1979,10,3,2,143,-6.6821
1979,10,3,3,123,-6.5569
1979,10,3,4,116,-6.0576
1979,10,3,5,110,-7.4364
1979,11,1,1,393,10.4376
1979,11,1,2,258,5.4102
1979,11,1,3,180,3.8841
1979,11,1,4,190,6.7798
1979,11,1,5,181,5.3320
1979,11,2,1,165,10.5085
1979,11,2,2,95,7.9263
1979,11,2,3,81,5.6976
1979,11,2,4,79,7.3830
1979,11,2,5,83,6.9426
1979,11,3,1,133,8.9734
1979,11,3,2,143,6.1346
1979,11,3,3,123,5.9317
1979,11,3,4,116,4.2355
1979,11,3,5,110,2.6419
1979,12,1,1,389,7.6317
1979,12,1,2,257,8.4073
1979,12,1,3,179,6.1981
1979,12,1,4,188,5.4072
1979,12,1,5,180,5.3127
1979,12,2,1,164,7.5858
1979,12,2,2,95,6.8427
1979,12,2,3,81,5.4431
1979,12,2,4,79,5.0300
1979,12,2,5,83,3.0510
1979,12,3,1,132,3.9233
1979,12,3,2,143,3.8779
1979,12,3,3,123,1.6305
1979,12,3,4,116,2.1252
1979,12,3,5,110,-0.6898
1980,1,1,1,386,9.6055
1980,1,1,2,254,8.6744
1980,1,1,3,178,10.1619
1980,1,1,4,188,9.1820
1980,1,1,5,179,6.7251
1980,1,2,1,162,6.6495
1980,1,2,2,94,9.3437
1980,1,2,3,81,4.2144
1980,1,2,4,78,5.7324
1980,1,2,5,82,6.6999
1980,1,3,1,130,7.9598
1980,1,3,2,143,7.1850
1980,1,3,3,123,6.0880
1980,1,3,4,116,7.0573
1980,1,3,5,110,5.2281
1980,2,1,1,380,-0.4736
1980,2,1,2,249,-1.0105
1980,2,1,3,174,-1.9642
1980,2,1,4,186,-2.2350
1980,2,1,5,176,-3.3656
1980,2,2,1,161,-1.0768
1980,2,2,2,93,-0.8387
1980,2,2,3,81,-3.3175
1980,2,2,4,78,-3.9334
1980,2,2,5,82,-3.5552
1980,2,3,1,128,-2.2590
1980,2,3,2,141,-1.9817
1980,2,3,3,122,1.8921
1980,2,3,4,116,4.0523
1980,2,3,5,110,-2.1413
1980,3,1,1,378,-20.4774
1980,3,1,2,248,-16.0167
1980,3,1,3,173,-15.9364
1980,3,1,4,185,-16.3555
1980,3,1,5,175,-15.7127
1980,3,2,1,159,-18.7554
1980,3,2,2,93,-18.6860
1980,3,2,3,81,-14.6549
1980,3,2,4,78,-14.6223
1980,3,2,5,81,-14.7031
1980,3,3,1,128,-10.1544
1980,3,3,2,140,-10.9401
1980,3,3,3,122,-12.0984
1980,3,3,4,116,-12.1882
1980,3,3,5,110,-8.0876
1980,4,1,1,375,6.2856
1980,4,1,2,243,4.5447
1980,4,1,3,170,6.0998
1980,4,1,4,186,6.7298
1980,4,1,5,175,10.3695
1980,4,2,1,159,6.1687
1980,4,2,2,93,5.4651
1980,4,2,3,81,4.2712
1980,4,2,4,78,5.0409
1980,4,2,5,81,8.7005
1980,4,3,1,128,5.0195
1980,4,3,2,139,3.1677
1980,4,3,3,121,2.9971
1980,4,3,4,116,5.2110
1980,4,3,5,110,8.1047
1980,5,1,1,375,6.8513
1980,5,1,2,242,9.0663
1980,5,1,3,171,3.9475
1980,5,1,4,186,5.7098
1980,5,1,5,175,7.9116
1980,5,2,1,157,9.3054
1980,5,2,2,92,9.0149
1980,5,2,3,81,7.7541
1980,5,2,4,77,9.5677
1980,5,2,5,81,6.6254
1980,5,3,1,128,5.1404
1980,5,3,2,139,6.4442
1980,5,3,3,122,5.5485
1980,5,3,4,116,6.8815
1980,5,3,5,110,4.2375
1980,6,1,1,374,3.9463
1980,6,1,2,240,5.4703
1980,6,1,3,171,3.7441
1980,6,1,4,184,4.0824
1980,6,1,5,174,4.4097
1980,6,2,1,157,5.4231
1980,6,2,2,92,5.7190
1980,6,2,3,80,1.4988
1980,6,2,4,77,3.1961
1980,6,2,5,80,3.7589
1980,6,3,1,128,3.7618
1980,6,3,2,139,2.0376
1980,6,3,3,122,5.4690
1980,6,3,4,116,1.6052
1980,6,3,5,110,3.2999
1980,7,1,1,347,12.8140
1980,7,1,2,240,11.2941
1980,7,1,3,204,9.6522
1980,7,1,4,186,9.8579
1980,7,1,5,180,6.9181
1980,7,2,1,171,12.3355
1980,7,2,2,99,10.9457
1980,7,2,3,97,11.5168
1980,7,2,4,90,8.9900
1980,7,2,5,87,6.8266
1980,7,3,1,140,8.8321
1980,7,3,2,138,8.5224
1980,7,3,3,127,6.8439
1980,7,3,4,110,6.8631
1980,7,3,5,113,3.1338
1980,8,1,1,347,10.1180
1980,8,1,2,239,6.1386
1980,8,1,3,203,7.6439
1980,8,1,4,186,5.7926
1980,8,1,5,180,4.3019
1980,8,2,1,170,8.3775
1980,8,2,2,98,5.8165
1980,8,2,3,96,5.4914
1980,8,2,4,90,4.6807
1980,8,2,5,86,0.4087
1980,8,3,1,140,4.0509
1980,8,3,2,138,2.1674
1980,8,3,3,127,0.6547
1980,8,3,4,110,1.4766
1980,8,3,5,113,-0.2001
1980,9,1,1,346,3.6843
1980,9,1,2,238,3.1621
1980,9,1,3,203,2.3801
1980,9,1,4,186,1.8488
1980,9,1,5,179,2.8606
1980,9,2,1,171,4.0285
1980,9,2,2,97,4.6970
1980,9,2,3,96,2.5542
1980,9,2,4,90,3.2840
1980,9,2,5,85,0.8001
1980,9,3,1,140,7.9512
1980,9,3,2,138,5.3117
1980,9,3,3,127,2.4487
1980,9,3,4,109,0.0600
1980,9,3,5,113,-1.2025
1980,10,1,1,343,7.1745
1980,10,1,2,236,4.7041
1980,10,1,3,203,3.0271
1980,10,1,4,184,3.4215
1980,10,1,5,180,2.0714
1980,10,2,1,169,4.1274
1980,10,2,2,97,3.5719
1980,10,2,3,95,2.3330
1980,10,2,4,88,1.9574
1980,10,2,5,85,2.4531
1980,10,3,1,140,3.6868
1980,10,3,2,138,2.5751
1980,10,3,3,127,2.9904
1980,10,3,4,108,2.4663
1980,10,3,5,113,-1.2556
1980,11,1,1,343,10.1035
1980,11,1,2,233,4.0954
1980,11,1,3,202,4.1592
1980,11,1,4,184,1.4022
1980,11,1,5,180,2.8624
1980,11,2,1,168,11.1134
1980,11,2,2,95,6.8191
1980,11,2,3,95,4.4297
1980,11,2,4,88,3.9016
1980,11,2,5,85,3.6766
1980,11,3,1,139,18.9976
1980,11,3,2,138,12.6735
1980,11,3,3,126,14.2935
1980,11,3,4,108,11.5125
1980,11,3,5,113,-1.7371
1980,12,1,1,343,-6.3188
1980,12,1,2,231,-1.7566
1980,12,1,3,199,-4.7346
1980,12,1,4,185,-3.8474
1980,12,1,5,179,-4.0767
1980,12,2,1,167,-5.7089
1980,12,2,2,95,-2.0626
1980,12,2,3,94,-2.4882
1980,12,2,4,88,0.9491
1980,12,2,5,85,-2.8367
1980,12,3,1,139,-5.3195
1980,12,3,2,138,-3.3469
1980,12,3,3,126,-6.1929
1980,12,3,4,107,-3.8927
1980,12,3,5,113,1.6264
1981,1,1,1,341,-1.8938
1981,1,1,2,230,0.0961
1981,1,1,3,199,1.9001
1981,1,1,4,184,3.9457
1981,1,1,5,178,2.2206
1981,1,2,1,166,-3.0341
1981,1,2,2,95,-0.3779
1981,1,2,3,93,0.5439
1981,1,2,4,88,1.8931
1981,1,2,5,84,2.4765
1981,1,3,1,139,-9.0324
1981,1,3,2,138,-7.2549
1981,1,3,3,126,-5.0230
1981,1,3,4,107,-1.6325
1981,1,3,5,111,1.5680
1981,2,1,1,337,-1.5325
1981,2,1,2,229,0.6813
1981,2,1,3,196,3.0658
1981,2,1,4,182,1.9722
1981,2,1,5,178,1.6466
1981,2,2,1,164,2.1331
1981,2,2,2,95,1.6965
1981,2,2,3,93,4.0628
1981,2,2,4,88,2.0464
1981,2,2,5,85,1.8547
1981,2,3,1,139,2.0604
1981,2,3,2,138,2.0783
1981,2,3,3,126,1.7479
1981,2,3,4,107,2.8248
1981,2,3,5,111,2.0447
1981,3,1,1,334,9.9734
1981,3,1,2,226,9.2177
1981,3,1,3,194,7.0913
1981,3,1,4,181,7.4543
1981,3,1,5,177,6.3518
1981,3,2,1,163,7.8897
1981,3,2,2,94,8.1439
1981,3,2,3,92,7.6542
1981,3,2,4,88,8.3574
1981,3,2,5,85,5.0927
1981,3,3,1,138,4.3047
1981,3,3,2,138,5.1847
1981,3,3,3,126,1.7224
1981,3,3,4,106,2.9611
1981,3,3,5,111,6.5607
1981,4,1,1,333,4.1125
1981,4,1,2,224,4.5927
1981,4,1,3,193,5.4153
1981,4,1,4,180,3.5944
1981,4,1,5,177,4.8695
1981,4,2,1,161,1.0546
1981,4,2,2,93,2.9224
1981,4,2,3,91,4.0218
1981,4,2,4,87,1.5429
1981,4,2,5,84,2.7474
1981,4,3,1,139,-4.3391
1981,4,3,2,137,-2.1311
1981,4,3,3,125,-4.3223
1981,4,3,4,105,-0.7987
1981,4,3,5,111,-0.2993
1981,5,1,1,329,4.9273
1981,5,1,2,223,3.7418
1981,5,1,3,193,2.1236
1981,5,1,4,177,2.3427
1981,5,1,5,177,2.3696
1981,5,2,1,160,3.4988
1981,5,2,2,93,2.2317
1981,5,2,3,91,3.2552
1981,5,2,4,86,2.6294
1981,5,2,5,84,2.8548
1981,5,3,1,136,-0.4892
1981,5,3,2,136,1.0461
1981,5,3,3,125,-2.4136
1981,5,3,4,106,-0.2395
1981,5,3,5,111,2.1379
1981,6,1,1,327,-2.5768
1981,6,1,2,223,1.4493
1981,6,1,3,192,1.7448
1981,6,1,4,175,0.5077
1981,6,1,5,177,3.7065
1981,6,2,1,159,-4.7713
1981,6,2,2,93,-1.5320
1981,6,2,3,90,-0.8176
1981,6,2,4,86,-0.8004
1981,6,2,5,81,1.2659
1981,6,3,1,136,-3.6315
1981,6,3,2,136,-0.8471
1981,6,3,3,123,1.0972
1981,6,3,4,106,0.5537
1981,6,3,5,111,1.8691
1981,7,1,1,315,-4.4609
1981,7,1,2,219,-2.9979
1981,7,1,3,185,-2.3619
1981,7,1,4,196,-1.3678
1981,7,1,5,215,-1.0571
1981,7,2,1,154,-1.7243
1981,7,2,2,109,-1.4672
1981,7,2,3,87,-3.8756
1981,7,2,4,86,-1.0061
1981,7,2,5,70,-1.2394
1981,7,3,1,146,2.6927
1981,7,3,2,129,2.2820
1981,7,3,3,122,-0.6688
1981,7,3,4,107,-1.9672
1981,7,3,5,103,-0.0204
1981,8,1,1,314,-10.8794
1981,8,1,2,216,-7.0206
1981,8,1,3,185,-5.7978
1981,8,1,4,196,-5.4571
1981,8,1,5,215,-4.3040
1981,8,2,1,154,-9.5905
1981,8,2,2,107,-7.5825
1981,8,2,3,86,-5.3962
1981,8,2,4,86,-4.9617
1981,8,2,5,70,-2.8359
1981,8,3,1,146,-8.3299
1981,8,3,2,129,-5.8152
1981,8,3,3,122,-6.1084
1981,8,3,4,105,-5.0913
1981,8,3,5,103,-2.6777
1981,9,1,1,312,-10.8471
1981,9,1,2,216,-6.9835
1981,9,1,3,183,-7.2908
1981,9,1,4,196,-6.6053
1981,9,1,5,212,-4.9690
1981,9,2,1,154,-9.5077
1981,9,2,2,107,-7.3300
1981,9,2,3,86,-5.4913
1981,9,2,4,86,-5.7845
1981,9,2,5,70,-3.7830
1981,9,3,1,144,-8.9884
1981,9,3,2,127,-7.1607
1981,9,3,3,122,-6.0797
1981,9,3,4,105,-4.1916
1981,9,3,5,103,-3.8839
1981,10,1,1,310,8.8221
1981,10,1,2,212,9.1879
1981,10,1,3,182,7.3944
1981,10,1,4,194,6.7036
1981,10,1,5,208,4.4335
1981,10,2,1,154,8.9839
1981,10,2,2,107,5.3752
1981,10,2,3,86,5.2946
1981,10,2,4,85,6.5126
1981,10,2,5,70,5.3971
1981,10,3,1,144,11.8055
1981,10,3,2,126,8.3860
1981,10,3,3,122,3.5033
1981,10,3,4,105,1.0768
1981,10,3,5,103,3.0322
1981,11,1,1,310,0.5360
1981,11,1,2,211,2.5829
1981,11,1,3,183,1.8221
1981,11,1,4,191,3.6077
1981,11,1,5,208,4.7536
1981,11,2,1,153,1.7837
1981,11,2,2,105,4.6023
1981,11,2,3,86,4.9400
1981,11,2,4,84,2.5149
1981,11,2,5,70,6.2147
1981,11,3,1,144,2.5773
1981,11,3,2,124,4.8910
1981,11,3,3,121,5.8573
1981,11,3,4,105,5.1131
1981,11,3,5,103,6.4235
1981,12,1,1,307,-2.1599
1981,12,1,2,209,-1.6296
1981,12,1,3,182,0.5712
1981,12,1,4,189,0.5882
1981,12,1,5,209,-2.0635
1981,12,2,1,153,-2.3844
1981,12,2,2,105,-1.2497
1981,12,2,3,85,1.2760
1981,12,2,4,83,0.4885
1981,12,2,5,70,-2.3991
1981,12,3,1,142,-3.7947
1981,12,3,2,124,-3.3293
1981,12,3,3,122,-2.7776
1981,12,3,4,105,-0.2634
1981,12,3,5,103,-3.3976
1982,1,1,1,308,-2.0625
1982,1,1,2,207,-1.1238
1982,1,1,3,180,-0.6005
1982,1,1,4,188,-0.5683
1982,1,1,5,206,-0.2607
1982,1,2,1,153,-6.0576
1982,1,2,2,104,-5.6801
1982,1,2,3,85,-3.9661
1982,1,2,4,83,-2.1689
1982,1,2,5,70,0.7531
1982,1,3,1,141,-3.9946
1982,1,3,2,124,-4.9796
1982,1,3,3,122,-3.4643
1982,1,3,4,104,1.1079
1982,1,3,5,103,0.8795
1982,2,1,1,307,-4.9428
1982,2,1,2,206,-3.6227
1982,2,1,3,178,-2.5546
1982,2,1,4,188,-1.5859
1982,2,1,5,204,-2.3000
1982,2,2,1,153,-6.6422
1982,2,2,2,105,-5.1830
1982,2,2,3,85,-4.0698
1982,2,2,4,83,-3.3105
1982,2,2,5,70,0.3383
1982,2,3,1,140,-10.0117
1982,2,3,2,124,-7.6442
1982,2,3,3,122,-4.7313
1982,2,3,4,104,-1.6241
1982,2,3,5,102,0.4794
1982,3,1,1,305,-1.0269
1982,3,1,2,204,-1.3043
1982,3,1,3,178,-1.0263
1982,3,1,4,186,0.9154
1982,3,1,5,202,0.7037
1982,3,2,1,152,-3.3933
1982,3,2,2,105,0.5833
1982,3,2,3,84,0.8379
1982,3,2,4,83,2.2921
1982,3,2,5,70,1.5500
1982,3,3,1,140,-2.8947
1982,3,3,2,124,-1.9320
1982,3,3,3,122,-0.4281
1982,3,3,4,104,0.2453
1982,3,3,5,102,1.8509
1982,4,1,1,304,6.2890
1982,4,1,2,202,5.6546
1982,4,1,3,174,6.2193
1982,4,1,4,185,5.6567
1982,4,1,5,201,3.1621
1982,4,2,1,152,6.4573
1982,4,2,2,103,4.1523
1982,4,2,3,83,7.5743
1982,4,2,4,83,4.0351
1982,4,2,5,70,4.7838
1982,4,3,1,139,6.4560
1982,4,3,2,122,5.1155
1982,4,3,3,122,4.4641
1982,4,3,4,104,4.6792
1982,4,3,5,102,3.6232
1982,5,1,1,301,-3.1760
1982,5,1,2,203,-0.1123
1982,5,1,3,173,-1.9859
1982,5,1,4,180,0.3289
1982,5,1,5,200,-0.2624
1982,5,2,1,151,-4.1427
1982,5,2,2,103,-2.8341
1982,5,2,3,83,-0.4966
1982,5,2,4,82,-2.2699
1982,5,2,5,70,-1.8819
1982,5,3,1,139,-5.2043
1982,5,3,2,122,-1.5745
1982,5,3,3,122,-2.4196
1982,5,3,4,103,-2.4497
1982,5,3,5,102,-0.3727
1982,6,1,1,298,-3.4326
1982,6,1,2,200,-0.9772
1982,6,1,3,172,-0.7497
1982,6,1,4,178,-1.3907
1982,6,1,5,199,-1.5980
1982,6,2,1,150,-3.4253
1982,6,2,2,103,-2.3850
1982,6,2,3,83,-0.3813
1982,6,2,4,82,1.3906
1982,6,2,5,70,0.1806
1982,6,3,1,138,-2.8020
1982,6,3,2,122,-2.4539
1982,6,3,3,122,-1.5937
1982,6,3,4,103,-0.5144
1982,6,3,5,102,-0.5600
1982,7,1,1,374,-1.8863
1982,7,1,2,230,1.0735
1982,7,1,3,146,-1.6567
1982,7,1,4,148,-0.7295
1982,7,1,5,174,-1.2417
1982,7,2,1,144,-1.8852
1982,7,2,2,103,-0.6357
1982,7,2,3,90,0.7898
1982,7,2,4,76,-1.5670
1982,7,2,5,62,-1.7035
1982,7,3,1,138,-3.1491
1982,7,3,2,112,-2.8938
1982,7,3,3,116,-3.4173
1982,7,3,4,117,-0.1765
1982,7,3,5,119,-3.0409
1982,8,1,1,370,6.2394
1982,8,1,2,227,6.5649
1982,8,1,3,145,5.9452
1982,8,1,4,148,5.2494
1982,8,1,5,171,6.3794
1982,8,2,1,144,8.8043
1982,8,2,2,103,10.1111
1982,8,2,3,88,12.1615
1982,8,2,4,76,8.1522
1982,8,2,5,62,10.4572
1982,8,3,1,137,11.6934
1982,8,3,2,112,12.4736
1982,8,3,3,116,12.9652
1982,8,3,4,117,13.6033
1982,8,3,5,117,12.0975
1982,9,1,1,374,3.3765
1982,9,1,2,227,4.6736
1982,9,1,3,146,4.8080
1982,9,1,4,148,5.4122
1982,9,1,5,170,5.4460
1982,9,2,1,143,3.1845
1982,9,2,2,103,2.4596
1982,9,2,3,87,5.1563
1982,9,2,4,76,4.0324
1982,9,2,5,62,2.8545
1982,9,3,1,137,1.0701
1982,9,3,2,111,2.9261
1982,9,3,3,114,1.1189
1982,9,3,4,117,0.9677
1982,9,3,5,119,1.0252
1982,10,1,1,369,14.2451
1982,10,1,2,227,11.7332
1982,10,1,3,146,14.6761
1982,10,1,4,146,10.5659
1982,10,1,5,170,8.0955
1982,10,2,1,142,14.7701
1982,10,2,2,101,11.3073
1982,10,2,3,86,12.1069
1982,10,2,4,75,12.0566
1982,10,2,5,62,10.0371
1982,10,3,1,137,14.7078
1982,10,3,2,110,10.7408
1982,10,3,3,114,10.1332
1982,10,3,4,117,12.3604
1982,10,3,5,119,5.3853
1982,11,1,1,369,9.2267
1982,11,1,2,227,10.6738
1982,11,1,3,145,8.9336
1982,11,1,4,146,9.7896
1982,11,1,5,170,9.8177
1982,11,2,1,141,8.5595
1982,11,2,2,101,8.9683
1982,11,2,3,86,7.9757
1982,11,2,4,75,8.5908
1982,11,2,5,62,5.7773
1982,11,3,1,137,7.1419
1982,11,3,2,110,3.8762
1982,11,3,3,113,2.6854
1982,11,3,4,117,5.7765
1982,11,3,5,119,1.2116
1982,12,1,1,369,2.8161
1982,12,1,2,227,3.7121
1982,12,1,3,146,4.1797
1982,12,1,4,144,0.5212
1982,12,1,5,169,1.0885
1982,12,2,1,141,0.9124
1982,12,2,2,101,1.6663
1982,12,2,3,86,3.0943
1982,12,2,4,74,2.5850
1982,12,2,5,61,0.8200
1982,12,3,1,137,1.4286
1982,12,3,2,110,-0.0318
1982,12,3,3,113,0.6234
1982,12,3,4,117,3.7712
1982,12,3,5,118,3.9232
1983,1,1,1,369,11.4069
1983,1,1,2,225,6.8133
1983,1,1,3,145,5.9378
1983,1,1,4,141,6.6137
1983,1,1,5,168,6.8534
1983,1,2,1,141,5.4682
1983,1,2,2,100,4.4549
1983,1,2,3,86,4.6520
1983,1,2,4,74,4.2283
1983,1,2,5,61,5.1234
1983,1,3,1,137,3.0963
1983,1,3,2,110,3.2191
1983,1,3,3,113,2.6750
1983,1,3,4,117,2.9647
1983,1,3,5,116,3.2121
1983,2,1,1,364,5.7521
1983,2,1,2,223,5.6993
1983,2,1,3,142,8.0989
1983,2,1,4,140,10.2426
1983,2,1,5,167,6.6332
1983,2,2,1,141,6.2218
1983,2,2,2,97,5.6001
1983,2,2,3,85,4.6700
1983,2,2,4,74,5.9060
1983,2,2,5,60,5.2137
1983,2,3,1,137,3.5592
1983,2,3,2,109,4.3245
1983,2,3,3,112,2.5257
1983,2,3,4,117,3.2108
1983,2,3,5,116,2.2625
1983,3,1,1,358,4.9307
1983,3,1,2,224,7.1012
1983,3,1,3,142,6.6306
1983,3,1,4,139,5.9717
1983,3,1,5,166,7.3524
1983,3,2,1,141,3.6671
1983,3,2,2,97,6.8589
1983,3,2,3,85,5.2428
1983,3,2,4,74,5.9944
1983,3,2,5,60,3.2864
1983,3,3,1,136,1.6145
1983,3,3,2,110,4.5536
1983,3,3,3,112,3.7794
1983,3,3,4,117,3.3916
1983,3,3,5,115,2.0827
1983,4,1,1,356,6.9843
1983,4,1,2,222,8.3845
1983,4,1,3,140,10.8607
1983,4,1,4,138,8.7084
1983,4,1,5,166,5.6205
1983,4,2,1,141,5.6662
1983,4,2,2,97,7.9408
1983,4,2,3,85,7.9582
1983,4,2,4,73,4.7015
1983,4,2,5,60,5.6811
1983,4,3,1,135,4.8377
1983,4,3,2,109,5.2879
1983,4,3,3,112,6.9092
1983,4,3,4,117,9.8850
1983,4,3,5,115,6.6553
1983,5,1,1,356,10.3578
1983,5,1,2,221,8.1149
1983,5,1,3,139,9.7810
1983,5,1,4,138,6.5194
1983,5,1,5,165,8.2187
1983,5,2,1,141,4.5081
1983,5,2,2,97,4.9497
1983,5,2,3,85,4.7289
1983,5,2,4,73,5.4763
1983,5,2,5,60,4.1493
1983,5,3,1,135,3.8830
1983,5,3,2,109,1.0450
1983,5,3,3,112,-1.5632
1983,5,3,4,117,-1.8940
1983,5,3,5,115,0.8516
1983,6,1,1,354,4.7147
1983,6,1,2,221,5.1474
1983,6,1,3,138,3.1626
1983,6,1,4,137,3.5569
1983,6,1,5,165,1.6656
1983,6,2,1,141,7.7893
1983,6,2,2,97,4.7357
1983,6,2,3,85,4.4912
1983,6,2,4,71,4.8931
1983,6,2,5,60,3.6952
1983,6,3,1,135,5.6382
1983,6,3,2,109,6.6317
1983,6,3,3,112,3.5898
1983,6,3,4,117,5.0955
1983,6,3,5,114,-0.4134
1983,7,1,1,369,-3.3029
1983,7,1,2,211,-0.2203
1983,7,1,3,152,-1.5438
1983,7,1,4,188,1.6592
1983,7,1,5,143,2.0872
1983,7,2,1,146,-4.6479
1983,7,2,2,101,-0.2777
1983,7,2,3,78,-1.9562
1983,7,2,4,84,0.7907
1983,7,2,5,64,-0.0586
1983,7,3,1,132,-5.6052
1983,7,3,2,119,-3.7203
1983,7,3,3,124,-3.5276
1983,7,3,4,101,-2.3882
1983,7,3,5,104,0.8861
1983,8,1,1,367,-3.0895
1983,8,1,2,211,-3.8708
1983,8,1,3,151,-1.2273
1983,8,1,4,186,-2.4327
1983,8,1,5,141,-1.7733
1983,8,2,1,145,-4.6604
1983,8,2,2,101,-3.4450
1983,8,2,3,78,-3.9819
1983,8,2,4,84,-0.7310
1983,8,2,5,64,-1.5730
1983,8,3,1,132,-2.9554
1983,8,3,2,119,-0.2010
1983,8,3,3,123,0.1105
1983,8,3,4,101,4.2394
1983,8,3,5,104,3.8480
1983,9,1,1,364,-0.1214
1983,9,1,2,210,2.1206
1983,9,1,3,149,1.3309
1983,9,1,4,184,1.2986
1983,9,1,5,141,3.2411
1983,9,2,1,145,2.3351
1983,9,2,2,101,1.2743
1983,9,2,3,76,3.9603
1983,9,2,4,84,5.8212
1983,9,2,5,62,4.3764
1983,9,3,1,132,0.8115
1983,9,3,2,118,3.7393
1983,9,3,3,123,2.2097
1983,9,3,4,100,0.1598
1983,9,3,5,104,0.9958
1983,10,1,1,362,-6.8867
1983,10,1,2,209,-5.2298
1983,10,1,3,149,-4.2957
1983,10,1,4,184,-3.4577
1983,10,1,5,141,-2.1580
1983,10,2,1,144,-8.8230
1983,10,2,2,101,-5.9865
1983,10,2,3,76,-3.5062
1983,10,2,4,84,-2.5912
1983,10,2,5,62,-2.1558
1983,10,3,1,132,-6.3565
1983,10,3,2,117,-1.2134
1983,10,3,3,123,-0.1351
1983,10,3,4,99,-0.9179
1983,10,3,5,103,1.7896
1983,11,1,1,361,4.2103
1983,11,1,2,208,3.5859
1983,11,1,3,148,2.6948
1983,11,1,4,183,3.9768
1983,11,1,5,139,4.2097
1983,11,2,1,142,6.8244
1983,11,2,2,100,4.6393
1983,11,2,3,76,5.8792
1983,11,2,4,84,4.3932
1983,11,2,5,62,4.2678
1983,11,3,1,132,4.2157
1983,11,3,2,117,0.2288
1983,11,3,3,123,4.4858
1983,11,3,4,98,2.1322
1983,11,3,5,103,-0.5610
1983,12,1,1,361,-1.9791
1983,12,1,2,208,-0.2447
1983,12,1,3,147,1.3248
1983,12,1,4,184,0.0751
1983,12,1,5,136,-1.0905
1983,12,2,1,142,-1.5733
1983,12,2,2,100,-1.3497
1983,12,2,3,76,-1.0665
1983,12,2,4,83,0.1905
1983,12,2,5,62,-1.5553
1983,12,3,1,132,-1.7565
1983,12,3,2,117,-0.3634
1983,12,3,3,123,-1.0624
1983,12,3,4,98,0.5934
1983,12,3,5,103,-1.3552
1984,1,1,1,358,-2.2513
1984,1,1,2,208,-0.8948
1984,1,1,3,146,-0.4300
1984,1,1,4,183,2.5442
1984,1,1,5,135,1.9179
1984,1,2,1,142,-6.5823
1984,1,2,2,100,-1.2521
1984,1,2,3,75,-1.0889
1984,1,2,4,83,0.1915
1984,1,2,5,62,-0.4449
1984,1,3,1,132,-6.3085
1984,1,3,2,116,-4.8195
1984,1,3,3,123,-0.3024
1984,1,3,4,96,1.0065
1984,1,3,5,103,4.3570
1984,2,1,1,355,-6.8999
1984,2,1,2,205,-5.8293
1984,2,1,3,144,-6.1021
1984,2,1,4,182,-4.4884
1984,2,1,5,133,-3.3573
1984,2,2,1,142,-5.5492
1984,2,2,2,100,-5.6445
1984,2,2,3,75,-5.7460
1984,2,2,4,83,-4.8638
1984,2,2,5,62,-0.6988
1984,2,3,1,131,-6.2057
1984,2,3,2,116,-4.9020
1984,2,3,3,123,-3.7594
1984,2,3,4,96,-3.2934
1984,2,3,5,103,-0.4441
1984,3,1,1,352,0.7262
1984,3,1,2,203,1.3473
1984,3,1,3,144,1.7174
1984,3,1,4,181,1.2161
1984,3,1,5,131,0.8770
1984,3,2,1,140,0.5589
1984,3,2,2,100,1.8236
1984,3,2,3,74,2.0654
1984,3,2,4,80,1.0658
1984,3,2,5,62,2.4637
1984,3,3,1,131,1.7242
1984,3,3,2,116,2.6497
1984,3,3,3,122,1.0576
1984,3,3,4,96,2.7690
1984,3,3,5,102,0.0739
1984,4,1,1,351,-1.5054
1984,4,1,2,203,-0.7558
1984,4,1,3,144,0.2856
1984,4,1,4,181,0.0607
1984,4,1,5,130,0.7505
1984,4,2,1,139,0.9735
1984,4,2,2,99,-0.5010
1984,4,2,3,74,1.3987
1984,4,2,4,80,1.4053
1984,4,2,5,61,-1.0200
1984,4,3,1,131,1.5174
1984,4,3,2,116,-0.1652
1984,4,3,3,122,0.1954
1984,4,3,4,96,1.2885
1984,4,3,5,102,2.4626
1984,5,1,1,349,-4.5890
1984,5,1,2,202,-5.1616
1984,5,1,3,143,-5.0776
1984,5,1,4,180,-2.9493
1984,5,1,5,130,-1.7633
1984,5,2,1,138,-7.2191
1984,5,2,2,99,-3.7180
1984,5,2,3,74,-3.2381
1984,5,2,4,80,-4.4634
1984,5,2,5,60,-3.2411
1984,5,3,1,130,-6.5748
1984,5,3,2,116,-5.1972
1984,5,3,3,122,-4.3743
1984,5,3,4,96,-4.5181
1984,5,3,5,102,-4.0467
1984,6,1,1,346,2.6191
1984,6,1,2,200,4.1927
1984,6,1,3,141,2.6844
1984,6,1,4,178,1.8612
1984,6,1,5,127,3.1665
1984,6,2,1,137,5.8337
1984,6,2,2,99,2.3864
1984,6,2,3,73,2.4696
1984,6,2,4,79,1.1819
1984,6,2,5,60,2.0260
1984,6,3,1,130,4.4778
1984,6,3,2,116,3.2930
1984,6,3,3,122,2.8544
1984,6,3,4,96,-0.0095
1984,6,3,5,102,0.8388
1984,7,1,1,389,-6.0007
1984,7,1,2,215,-1.9260
1984,7,1,3,120,-2.9140
1984,7,1,4,139,-2.5573
1984,7,1,5,132,-2.4412
1984,7,2,1,161,-4.5417
1984,7,2,2,105,-4.3203
1984,7,2,3,85,-4.4811
1984,7,2,4,53,-2.8863
1984,7,2,5,57,-2.1378
1984,7,3,1,117,-2.7104
1984,7,3,2,98,-1.8123
1984,7,3,3,106,0.6417
1984,7,3,4,128,-2.3501
1984,7,3,5,114,-2.5032
1984,8,1,1,389,11.7213
1984,8,1,2,211,9.6391
1984,8,1,3,120,9.3259
1984,8,1,4,136,8.6447
1984,8,1,5,132,6.1653
1984,8,2,1,160,16.1584
1984,8,2,2,103,11.5922
1984,8,2,3,85,12.3098
1984,8,2,4,53,10.1156
1984,8,2,5,57,7.2159
1984,8,3,1,117,12.5158
1984,8,3,2,97,12.5198
1984,8,3,3,105,11.4435
1984,8,3,4,127,9.5342
1984,8,3,5,113,10.7740
1984,9,1,1,387,-0.7777
1984,9,1,2,210,0.0983
1984,9,1,3,120,1.6724
1984,9,1,4,135,3.0472
1984,9,1,5,132,1.7188
1984,9,2,1,159,-2.1505
1984,9,2,2,103,0.9265
1984,9,2,3,84,-0.0259
1984,9,2,4,53,0.1726
1984,9,2,5,57,4.0873
1984,9,3,1,116,-4.2023
1984,9,3,2,97,-1.6295
1984,9,3,3,104,-0.4322
1984,9,3,4,127,-0.0290
1984,9,3,5,113,3.2045
1984,10,1,1,386,-3.0836
1984,10,1,2,209,-0.9541
1984,10,1,3,118,-2.1967
1984,10,1,4,131,-1.9329
1984,10,1,5,129,0.5802
1984,10,2,1,156,-1.8646
1984,10,2,2,102,-1.3648
1984,10,2,3,83,-1.4091
1984,10,2,4,53,0.0272
1984,10,2,5,57,3.8217
1984,10,3,1,116,-1.1468
1984,10,3,2,96,0.7336
1984,10,3,3,103,1.2816
1984,10,3,4,126,-0.0541
1984,10,3,5,113,0.7281
1984,11,1,1,384,-4.2574
1984,11,1,2,207,-2.2910
1984,11,1,3,119,0.0994
1984,11,1,4,130,-1.1898
1984,11,1,5,128,0.4207
1984,11,2,1,157,-1.8119
1984,11,2,2,101,-1.0218
1984,11,2,3,83,-0.4029
1984,11,2,4,52,-0.3420
1984,11,2,5,57,1.5411
1984,11,3,1,115,-4.3590
1984,11,3,2,95,-0.4147
1984,11,3,3,103,-1.2864
1984,11,3,4,125,-1.0136
1984,11,3,5,113,1.4743
1984,12,1,1,381,0.9598
1984,12,1,2,206,0.2998
1984,12,1,3,118,1.9616
1984,12,1,4,130,0.0137
1984,12,1,5,128,1.3470
1984,12,2,1,156,2.5876
1984,12,2,2,100,1.6883
1984,12,2,3,83,2.0659
1984,12,2,4,52,4.4048
1984,12,2,5,57,2.9116
1984,12,3,1,115,2.2494
1984,12,3,2,95,3.0612
1984,12,3,3,102,2.2886
1984,12,3,4,123,1.6794
1984,12,3,5,112,1.4315
1985,1,1,1,375,14.5863
1985,1,1,2,205,10.4192
1985,1,1,3,117,11.7365
1985,1,1,4,130,7.4441
1985,1,1,5,128,6.9233
1985,1,2,1,156,13.1511
1985,1,2,2,100,9.4037
1985,1,2,3,82,10.0821
1985,1,2,4,52,9.6162
1985,1,2,5,57,6.1349
1985,1,3,1,115,11.7419
1985,1,3,2,95,9.9127
1985,1,3,3,101,8.6758
1985,1,3,4,122,6.6858
1985,1,3,5,112,4.5271
1985,2,1,1,372,4.3229
1985,2,1,2,204,3.6571
1985,2,1,3,118,2.9289
1985,2,1,4,129,3.5126
1985,2,1,5,127,2.3680
1985,2,2,1,154,2.0268
1985,2,2,2,100,2.3206
1985,2,2,3,81,2.2889
1985,2,2,4,52,2.4488
1985,2,2,5,57,0.3850
1985,2,3,1,115,-0.6598
1985,2,3,2,94,1.7876
1985,2,3,3,101,0.4479
1985,2,3,4,122,3.3963
1985,2,3,5,111,2.0029
1985,3,1,1,370,-3.1613
1985,3,1,2,202,-0.9594
1985,3,1,3,116,-0.9723
1985,3,1,4,126,-0.4987
1985,3,1,5,127,1.5327
1985,3,2,1,153,-2.8645
1985,3,2,2,99,-2.9592
1985,3,2,3,79,-1.8177
1985,3,2,4,52,0.4416
1985,3,2,5,57,3.1500
1985,3,3,1,114,-2.9064
1985,3,3,2,94,0.1498
1985,3,3,3,101,-1.8397
1985,3,3,4,122,0.0642
1985,3,3,5,111,3.9650
1985,4,1,1,369,-2.2653
1985,4,1,2,200,-0.3936
1985,4,1,3,114,-0.7458
1985,4,1,4,126,-2.0045
1985,4,1,5,127,-0.7062
1985,4,2,1,152,-2.7370
1985,4,2,2,99,-1.9012
1985,4,2,3,79,-0.1126
1985,4,2,4,52,-0.0519
1985,4,2,5,57,2.3955
1985,4,3,1,114,-2.1620
1985,4,3,2,94,-2.6461
1985,4,3,3,101,-1.5515
1985,4,3,4,122,0.2723
1985,4,3,5,111,2.0079
1985,5,1,1,367,2.2661
1985,5,1,2,200,2.7752
1985,5,1,3,113,4.1428
1985,5,1,4,125,4.4121
1985,5,1,5,124,3.3328
1985,5,2,1,152,5.5250
1985,5,2,2,98,4.1427
1985,5,2,3,79,3.2042
1985,5,2,4,52,3.9444
1985,5,2,5,57,4.5304
1985,5,3,1,114,6.2943
1985,5,3,2,94,8.2663
1985,5,3,3,101,6.0222
1985,5,3,4,122,5.3039
1985,5,3,5,111,5.0750
1985,6,1,1,366,0.7154
1985,6,1,2,195,0.6722
1985,6,1,3,112,1.7275
1985,6,1,4,124,0.7768
1985,6,1,5,123,1.3155
1985,6,2,1,151,1.3508
1985,6,2,2,95,0.9574
1985,6,2,3,77,1.2084
1985,6,2,4,52,2.1934
1985,6,2,5,56,4.6712
1985,6,3,1,114,2.1697
1985,6,3,2,94,3.0401
1985,6,3,3,101,-0.2424
1985,6,3,4,122,1.5419
1985,6,3,5,111,2.9205
1985,7,1,1,361,3.1648
1985,7,1,2,183,4.8608
1985,7,1,3,149,3.1035
1985,7,1,4,121,1.1428
1985,7,1,5,137,0.5208
1985,7,2,1,130,2.3633
1985,7,2,2,97,3.9442
1985,7,2,3,80,2.5047
1985,7,2,4,81,0.7941
1985,7,2,5,54,2.2139
1985,7,3,1,119,-0.4123
1985,7,3,2,115,2.2030
1985,7,3,3,106,1.2613
1985,7,3,4,118,-0.9198
1985,7,3,5,122,-1.8418
1985,8,1,1,357,-2.1917
1985,8,1,2,183,-0.6698
1985,8,1,3,149,0.9232
1985,8,1,4,120,1.2665
1985,8,1,5,135,0.3206
1985,8,2,1,130,-2.1789
1985,8,2,2,97,-1.1735
1985,8,2,3,80,-0.8764
1985,8,2,4,81,1.3990
1985,8,2,5,54,1.0481
1985,8,3,1,119,-1.5581
1985,8,3,2,115,-1.8758
1985,8,3,3,106,0.0756
1985,8,3,4,118,0.0503
1985,8,3,5,121,1.2355
1985,9,1,1,358,-6.0018
1985,9,1,2,182,-5.1290
1985,9,1,3,146,-3.3926
1985,9,1,4,119,-3.5537
1985,9,1,5,134,-2.6725
1985,9,2,1,128,-6.1408
1985,9,2,2,97,-4.5063
1985,9,2,3,80,-4.0113
1985,9,2,4,80,-3.0931
1985,9,2,5,54,-5.3039
1985,9,3,1,119,-6.2534
1985,9,3,2,115,-4.2069
1985,9,3,3,104,-1.6837
1985,9,3,4,117,-2.8485
1985,9,3,5,121,-2.5274
1985,10,1,1,357,1.0225
1985,10,1,2,180,4.4195
1985,10,1,3,144,4.3857
1985,10,1,4,118,1.5409
1985,10,1,5,131,3.4642
1985,10,2,1,128,4.7698
1985,10,2,2,97,2.8347
1985,10,2,3,80,5.0043
1985,10,2,4,80,1.5848
1985,10,2,5,54,2.7894
1985,10,3,1,117,3.6307
1985,10,3,2,113,3.9570
1985,10,3,3,104,3.5740
1985,10,3,4,117,4.6170
1985,10,3,5,119,5.4002
1985,11,1,1,352,6.8046
1985,11,1,2,180,5.2073
1985,11,1,3,142,4.6257
1985,11,1,4,118,5.8273
1985,11,1,5,129,4.4971
1985,11,2,1,126,6.5730
1985,11,2,2,96,7.2939
1985,11,2,3,80,5.0980
1985,11,2,4,78,6.0419
1985,11,2,5,54,8.6475
1985,11,3,1,117,7.7615
1985,11,3,2,113,8.3548
1985,11,3,3,103,8.0068
1985,11,3,4,117,6.1995
1985,11,3,5,119,4.6037
1985,12,1,1,347,4.4818
1985,12,1,2,178,4.4803
1985,12,1,3,141,4.2957
1985,12,1,4,118,4.0015
1985,12,1,5,128,5.2262
1985,12,2,1,124,4.7452
1985,12,2,2,96,4.0526
1985,12,2,3,79,5.7718
1985,12,2,4,77,3.6563
1985,12,2,5,53,1.9000
1985,12,3,1,117,4.0584
1985,12,3,2,113,6.5122
1985,12,3,3,102,5.0957
1985,12,3,4,115,4.5467
1985,12,3,5,119,2.4458
1986,1,1,1,347,1.8254
1986,1,1,2,175,1.4643
1986,1,1,3,141,0.8659
1986,1,1,4,118,3.2981
1986,1,1,5,126,0.2485
1986,1,2,1,122,1.4316
1986,1,2,2,95,2.2250
1986,1,2,3,79,-0.9744
1986,1,2,4,76,0.1032
1986,1,2,5,53,2.2928
1986,1,3,1,116,1.6141
1986,1,3,2,112,-0.0811
1986,1,3,3,102,0.9358
1986,1,3,4,114,1.0874
1986,1,3,5,118,0.2261
1986,2,1,1,345,6.1743
1986,2,1,2,175,7.5761
1986,2,1,3,140,6.0352
1986,2,1,4,118,5.9265
1986,2,1,5,125,6.1718
1986,2,2,1,120,8.0279
1986,2,2,2,94,6.9641
1986,2,2,3,79,6.7328
1986,2,2,4,76,7.7939
1986,2,2,5,53,6.8928
1986,2,3,1,116,7.3296
1986,2,3,2,111,6.0254
1986,2,3,3,101,9.8247
1986,2,3,4,114,7.2399
1986,2,3,5,118,7.9180
1986,3,1,1,345,5.1313
1986,3,1,2,175,5.8232
1986,3,1,3,138,6.3286
1986,3,1,4,118,3.1560
1986,3,1,5,125,4.0577
1986,3,2,1,120,3.3176
1986,3,2,2,94,7.1412
1986,3,2,3,78,7.3749
1986,3,2,4,76,5.1342
1986,3,2,5,53,5.6811
1986,3,3,1,115,5.5720
1986,3,3,2,111,3.7195
1986,3,3,3,101,6.3089
1986,3,3,4,114,6.2084
1986,3,3,5,117,5.4403
1986,4,1,1,345,1.9228
1986,4,1,2,173,0.4505
1986,4,1,3,136,0.5461
1986,4,1,4,117,1.3282
1986,4,1,5,126,2.0393
1986,4,2,1,119,1.6475
1986,4,2,2,93,-0.4563
1986,4,2,3,78,-0.9062
1986,4,2,4,75,1.6530
1986,4,2,5,53,-0.6680
1986,4,3,1,114,0.1917
1986,4,3,2,110,0.3874
1986,4,3,3,101,-2.0100
1986,4,3,4,114,-0.2734
1986,4,3,5,117,-1.6261
1986,5,1,1,341,3.6486
1986,5,1,2,172,2.8589
1986,5,1,3,137,4.9234
1986,5,1,4,115,4.1833
1986,5,1,5,123,4.3684
1986,5,2,1,118,3.7511
1986,5,2,2,93,4.8270
1986,5,2,3,77,4.9702
1986,5,2,4,75,2.2992
1986,5,2,5,53,2.9667
1986,5,3,1,114,6.2049
1986,5,3,2,110,3.2610
1986,5,3,3,99,6.0791
1986,5,3,4,114,6.3355
1986,5,3,5,114,5.9894
1986,6,1,1,338,0.2523
1986,6,1,2,172,1.6463
1986,6,1,3,136,1.6917
1986,6,1,4,111,1.6310
1986,6,1,5,123,1.7602
1986,6,2,1,118,-0.6699
1986,6,2,2,93,0.0178
1986,6,2,3,76,-0.2020
1986,6,2,4,75,0.6848
1986,6,2,5,53,3.4318
1986,6,3,1,114,-0.0906
1986,6,3,2,110,-0.3339
1986,6,3,3,98,1.9397
1986,6,3,4,113,3.0224
1986,6,3,5,113,2.4955
1986,7,1,1,409,-9.3545
1986,7,1,2,185,-6.2674
1986,7,1,3,163,-6.7574
1986,7,1,4,126,-7.9528
1986,7,1,5,143,-4.7663
1986,7,2,1,161,-10.5705
1986,7,2,2,88,-8.2517
1986,7,2,3,78,-8.4389
1986,7,2,4,81,-5.9225
1986,7,2,5,48,-5.5000
1986,7,3,1,114,-7.9477
1986,7,3,2,115,-7.9608
1986,7,3,3,102,-6.6664
1986,7,3,4,98,-4.3774
1986,7,3,5,129,-1.0739
1986,8,1,1,404,0.6801
1986,8,1,2,184,0.7152
1986,8,1,3,163,3.1014
1986,8,1,4,122,2.5828
1986,8,1,5,139,2.3186
1986,8,2,1,161,3.7178
1986,8,2,2,88,1.5783
1986,8,2,3,78,5.9491
1986,8,2,4,81,5.2748
1986,8,2,5,47,4.6876
1986,8,3,1,114,4.5854
1986,8,3,2,114,5.3544
1986,8,3,3,102,6.0030
1986,8,3,4,98,6.3860
1986,8,3,5,129,10.5474
1986,9,1,1,401,-5.7205
1986,9,1,2,184,-5.2691
1986,9,1,3,162,-4.0165
1986,9,1,4,121,-1.6334
1986,9,1,5,137,-4.4800
1986,9,2,1,161,-7.3177
1986,9,2,2,87,-4.6734
1986,9,2,3,77,-2.4483
1986,9,2,4,80,-4.1776
1986,9,2,5,47,-6.3490
1986,9,3,1,113,-9.8510
1986,9,3,2,113,-6.4395
1986,9,3,3,102,-9.4818
1986,9,3,4,98,-8.2991
1986,9,3,5,129,-6.4140
1986,10,1,1,399,2.4301
1986,10,1,2,182,2.5287
1986,10,1,3,162,2.8071
1986,10,1,4,120,0.8012
1986,10,1,5,137,4.1453
1986,10,2,1,159,3.6341
1986,10,2,2,87,4.2691
1986,10,2,3,77,3.5602
1986,10,2,4,78,3.9740
1986,10,2,5,47,4.6205
1986,10,3,1,113,6.7980
1986,10,3,2,112,2.5182
1986,10,3,3,101,7.6285
1986,10,3,4,98,6.3211
1986,10,3,5,129,5.5667
1986,11,1,1,393,0.4886
1986,11,1,2,180,0.4818
1986,11,1,3,160,0.0959
1986,11,1,4,119,1.1340
1986,11,1,5,137,0.7599
1986,11,2,1,159,0.8487
1986,11,2,2,86,0.1656
1986,11,2,3,76,1.7314
1986,11,2,4,78,0.9320
1986,11,2,5,47,0.9201
1986,11,3,1,113,1.0367
1986,11,3,2,110,1.8539
1986,11,3,3,99,3.7072
1986,11,3,4,98,2.6825
1986,11,3,5,128,2.2979
1986,12,1,1,389,-1.0867
1986,12,1,2,178,-1.9457
1986,12,1,3,156,-2.6071
1986,12,1,4,119,-1.6627
1986,12,1,5,136,-3.2396
1986,12,2,1,158,-2.8880
1986,12,2,2,86,-1.0240
1986,12,2,3,75,-1.4892
1986,12,2,4,78,-2.2062
1986,12,2,5,47,-1.9538
1986,12,3,1,113,-3.6166
1986,12,3,2,110,-3.3282
1986,12,3,3,97,-1.6334
1986,12,3,4,98,-2.5870
1986,12,3,5,128,-2.2547
1987,1,1,1,376,10.9380
1987,1,1,2,176,9.7524
1987,1,1,3,154,7.8377
1987,1,1,4,116,8.2740
1987,1,1,5,132,13.1009
1987,1,2,1,153,12.8559
1987,1,2,2,86,10.2943
1987,1,2,3,73,13.5672
1987,1,2,4,78,9.2005
1987,1,2,5,46,10.3812
1987,1,3,1,112,12.7152
1987,1,3,2,107,10.9048
1987,1,3,3,95,16.7922
1987,1,3,4,98,13.7356
1987,1,3,5,127,12.7736
1987,2,1,1,375,9.5390
1987,2,1,2,174,7.8937
1987,2,1,3,153,6.1826
1987,2,1,4,116,6.1627
1987,2,1,5,131,6.9832
1987,2,2,1,152,8.2239
1987,2,2,2,84,8.0409
1987,2,2,3,72,5.8111
1987,2,2,4,78,4.8412
1987,2,2,5,45,3.3333
1987,2,3,1,112,8.9575
1987,2,3,2,106,7.8053
1987,2,3,3,94,6.6233
1987,2,3,4,98,3.2101
1987,2,3,5,127,-0.2275
1987,3,1,1,372,1.9038
1987,3,1,2,174,4.3710
1987,3,1,3,152,4.4428
1987,3,1,4,115,1.8143
1987,3,1,5,131,4.3184
1987,3,2,1,152,1.0838
1987,3,2,2,84,2.0849
1987,3,2,3,72,3.0804
1987,3,2,4,77,3.3522
1987,3,2,5,45,1.6638
1987,3,3,1,112,2.2467
1987,3,3,2,106,3.2424
1987,3,3,3,94,1.1637
1987,3,3,4,97,2.7509
1987,3,3,5,126,4.8984
1987,4,1,1,368,-2.2302
1987,4,1,2,173,-2.5687
1987,4,1,3,150,-1.9937
1987,4,1,4,114,-1.4431
1987,4,1,5,130,-1.8621
1987,4,2,1,151,-3.9885
1987,4,2,2,84,-4.1577
1987,4,2,3,72,-2.1896
1987,4,2,4,77,-3.7429
1987,4,2,5,45,-4.4786
1987,4,3,1,112,-1.0640
1987,4,3,2,106,-0.3786
1987,4,3,3,93,-1.0240
1987,4,3,4,97,-1.7218
1987,4,3,5,126,-1.0986
1987,5,1,1,366,0.8909
1987,5,1,2,171,1.2918
1987,5,1,3,147,-0.6034
1987,5,1,4,112,1.2949
1987,5,1,5,127,-0.4238
1987,5,2,1,151,0.0850
1987,5,2,2,83,0.2949
1987,5,2,3,72,2.2274
1987,5,2,4,77,-0.6286
1987,5,2,5,45,-0.6165
1987,5,3,1,112,3.1470
1987,5,3,2,106,0.5412
1987,5,3,3,92,0.5933
1987,5,3,4,97,1.2909
1987,5,3,5,125,0.6453
1987,6,1,1,365,1.3666
1987,6,1,2,170,2.2043
1987,6,1,3,147,2.9187
1987,6,1,4,112,5.7806
1987,6,1,5,127,2.0450
1987,6,2,1,151,5.2418
1987,6,2,2,82,4.4359
1987,6,2,3,70,4.8606
1987,6,2,4,77,3.8946
1987,6,2,5,45,4.0727
1987,6,3,1,112,4.6509
1987,6,3,2,106,4.4499
1987,6,3,3,92,4.9969
1987,6,3,4,97,4.7392
1987,6,3,5,125,5.6085
1987,7,1,1,373,2.8525
1987,7,1,2,161,4.2275
1987,7,1,3,127,5.8726
1987,7,1,4,126,3.9868
1987,7,1,5,144,4.0386
1987,7,2,1,138,3.5993
1987,7,2,2,84,4.2092
1987,7,2,3,63,5.5964
1987,7,2,4,76,4.9440
1987,7,2,5,50,3.1468
1987,7,3,1,115,7.0302
1987,7,3,2,107,6.3491
1987,7,3,3,101,6.6340
1987,7,3,4,113,3.2948
1987,7,3,5,103,4.0425
1987,8,1,1,369,2.1917
1987,8,1,2,161,2.8104
1987,8,1,3,126,3.8964
1987,8,1,4,126,1.8266
1987,8,1,5,143,1.8610
1987,8,2,1,137,4.1735
1987,8,2,2,83,2.6675
1987,8,2,3,63,6.5140
1987,8,2,4,75,1.1907
1987,8,2,5,50,4.3591
1987,8,3,1,115,3.9902
1987,8,3,2,107,3.2073
1987,8,3,3,100,3.7708
1987,8,3,4,112,4.4819
1987,8,3,5,103,2.3272
1987,9,1,1,366,-1.6425
1987,9,1,2,161,-0.1178
1987,9,1,3,125,1.6970
1987,9,1,4,124,0.4084
1987,9,1,5,142,-0.4434
1987,9,2,1,136,-3.5241
1987,9,2,2,83,0.7489
1987,9,2,3,62,-0.2991
1987,9,2,4,75,-1.7309
1987,9,2,5,50,0.3411
1987,9,3,1,115,-3.2591
1987,9,3,2,105,-0.8448
1987,9,3,3,100,-0.8688
1987,9,3,4,112,-3.0072
1987,9,3,5,103,-3.4710
1987,10,1,1,362,-30.1780
1987,10,1,2,157,-26.6056
1987,10,1,3,125,-30.3415
1987,10,1,4,124,-23.8670
1987,10,1,5,141,-27.8679
1987,10,2,1,135,-33.1777
1987,10,2,2,82,-28.2875
1987,10,2,3,62,-28.6838
1987,10,2,4,75,-20.7211
1987,10,2,5,50,-22.4484
1987,10,3,1,115,-26.4595
1987,10,3,2,105,-25.1612
1987,10,3,3,100,-23.5369
1987,10,3,4,112,-16.7016
1987,10,3,5,101,-19.5497
1987,11,1,1,359,-6.7995
1987,11,1,2,156,-3.5356
1987,11,1,3,124,-1.9749
1987,11,1,4,123,-2.4084
1987,11,1,5,140,-2.2920
1987,11,2,1,135,-4.1748
1987,11,2,2,82,-4.7666
1987,11,2,3,61,-3.2425
1987,11,2,4,75,-1.4606
1987,11,2,5,49,-2.4072
1987,11,3,1,113,-8.8069
1987,11,3,2,104,-8.8200
1987,11,3,3,100,-7.3722
1987,11,3,4,112,-9.1544
1987,11,3,5,101,-5.4635
1987,12,1,1,355,4.1103
1987,12,1,2,155,5.3131
1987,12,1,3,122,6.1812
1987,12,1,4,121,4.9563
1987,12,1,5,139,4.7155
1987,12,2,1,133,12.6302
1987,12,2,2,81,9.0950
1987,12,2,3,61,10.3315
1987,12,2,4,75,6.8032
1987,12,2,5,49,3.8675
1987,12,3,1,112,10.8373
1987,12,3,2,104,10.7059
1987,12,3,3,99,9.9740
1987,12,3,4,112,5.5512
1987,12,3,5,101,4.9630
1988,1,1,1,350,5.3707
1988,1,1,2,155,4.6153
1988,1,1,3,122,3.8953
1988,1,1,4,121,4.2260
1988,1,1,5,139,6.1455
1988,1,2,1,131,-0.3455
1988,1,2,2,80,4.1326
1988,1,2,3,60,4.3970
1988,1,2,4,74,4.1154
1988,1,2,5,49,3.9049
1988,1,3,1,112,1.2951
1988,1,3,2,103,2.7397
1988,1,3,3,99,1.3287
1988,1,3,4,112,5.1682
1988,1,3,5,101,8.3468
1988,2,1,1,350,6.7867
1988,2,1,2,155,7.6087
1988,2,1,3,120,11.2824
1988,2,1,4,120,7.1809
1988,2,1,5,137,6.4281
1988,2,2,1,129,11.0915
1988,2,2,2,79,9.7126
1988,2,2,3,60,10.0221
1988,2,2,4,74,6.4780
1988,2,2,5,49,8.2249
1988,2,3,1,112,7.2246
1988,2,3,2,102,7.5554
1988,2,3,3,99,5.3456
1988,2,3,4,112,3.9532
1988,2,3,5,101,3.9830
1988,3,1,1,347,5.6609
1988,3,1,2,154,5.6973
1988,3,1,3,119,5.5580
1988,3,1,4,119,4.3380
1988,3,1,5,136,7.1685
1988,3,2,1,130,2.7378
1988,3,2,2,78,3.6247
1988,3,2,3,60,4.5602
1988,3,2,4,74,0.8912
1988,3,2,5,48,2.7095
1988,3,3,1,112,-2.2493
1988,3,3,2,102,-3.0830
1988,3,3,3,99,-2.8331
1988,3,3,4,112,-3.2608
1988,3,3,5,101,-1.1495
1988,4,1,1,346,2.1682
1988,4,1,2,151,2.8325
1988,4,1,3,118,3.2139
1988,4,1,4,119,2.2044
1988,4,1,5,136,2.8988
1988,4,2,1,130,0.3872
1988,4,2,2,78,0.1989
1988,4,2,3,59,2.6285
1988,4,2,4,72,2.5160
1988,4,2,5,48,3.9751
1988,4,3,1,112,0.0138
1988,4,3,2,101,0.3545
1988,4,3,3,98,0.0598
1988,4,3,4,111,2.0548
1988,4,3,5,101,1.1551
1988,5,1,1,340,-1.8582
1988,5,1,2,150,-0.7936
1988,5,1,3,116,1.4691
1988,5,1,4,118,-0.8976
1988,5,1,5,136,-1.4098
1988,5,2,1,130,-0.4809
1988,5,2,2,78,-0.9711
1988,5,2,3,59,-0.5983
1988,5,2,4,71,-1.5175
1988,5,2,5,47,-0.5871
1988,5,3,1,111,-0.8888
1988,5,3,2,101,-0.2288
1988,5,3,3,97,-0.3764
1988,5,3,4,111,0.9436
1988,5,3,5,101,0.7732
1988,6,1,1,333,4.9374
1988,6,1,2,148,7.4736
1988,6,1,3,112,7.7100
1988,6,1,4,118,7.8823
1988,6,1,5,134,6.7566
1988,6,2,1,129,7.9859
1988,6,2,2,78,8.4371
1988,6,2,3,57,6.6906
1988,6,2,4,71,5.4664
1988,6,2,5,47,6.1694
1988,6,3,1,111,7.1275
1988,6,3,2,101,6.6731
1988,6,3,3,97,5.4567
1988,6,3,4,111,3.2939
1988,6,3,5,100,3.2184
1988,7,1,1,339,-1.3769
1988,7,1,2,171,-0.5744
1988,7,1,3,144,-0.6023
1988,7,1,4,137,0.5072
1988,7,1,5,176,0.0110
1988,7,2,1,148,-1.9504
1988,7,2,2,104,0.3266
1988,7,2,3,73,-0.4663
1988,7,2,4,71,-0.9697
1988,7,2,5,60,-0.5697
1988,7,3,1,107,-3.2130
1988,7,3,2,107,-1.0257
1988,7,3,3,109,-1.6266
1988,7,3,4,100,0.3860
1988,7,3,5,111,0.6633
1988,8,1,1,339,-1.9124
1988,8,1,2,169,-2.4074
1988,8,1,3,144,-3.0513
1988,8,1,4,137,0.3435
1988,8,1,5,172,-1.3803
1988,8,2,1,147,-3.5675
1988,8,2,2,104,-1.9733
1988,8,2,3,72,-2.6716
1988,8,2,4,70,0.4818
1988,8,2,5,60,-3.1394
1988,8,3,1,107,-5.6619
1988,8,3,2,107,-2.0044
1988,8,3,3,109,-3.3723
1988,8,3,4,100,-3.2520
1988,8,3,5,110,-2.5064
1988,9,1,1,334,1.4272
1988,9,1,2,168,3.1393
1988,9,1,3,141,1.6447
1988,9,1,4,136,4.1836
1988,9,1,5,167,2.6304
1988,9,2,1,144,2.9164
1988,9,2,2,104,2.5910
1988,9,2,3,72,2.4395
1988,9,2,4,70,2.8326
1988,9,2,5,59,2.7646
1988,9,3,1,107,4.4661
1988,9,3,2,107,5.3888
1988,9,3,3,109,4.8508
1988,9,3,4,100,3.7588
1988,9,3,5,109,2.9380
1988,10,1,1,332,-3.3755
1988,10,1,2,168,0.1578
1988,10,1,3,141,-0.6492
1988,10,1,4,136,-1.0077
1988,10,1,5,165,-1.0917
1988,10,2,1,143,-0.3085
1988,10,2,2,103,1.7377
1988,10,2,3,71,-0.3850
1988,10,2,4,68,0.5299
1988,10,2,5,59,-0.4803
1988,10,3,1,107,0.3121
1988,10,3,2,107,1.8224
1988,10,3,3,108,2.7615
1988,10,3,4,100,5.2671
1988,10,3,5,109,2.1234
1988,11,1,1,329,-3.1090
1988,11,1,2,166,-3.2729
1988,11,1,3,139,-3.0894
1988,11,1,4,136,-1.4750
1988,11,1,5,163,-1.5980
1988,11,2,1,143,-3.0336
1988,11,2,2,101,-2.8195
1988,11,2,3,71,-1.9991
1988,11,2,4,67,-3.1146
1988,11,2,5,58,-0.6938
1988,11,3,1,107,-2.4163
1988,11,3,2,106,-1.9901
1988,11,3,3,107,-0.5365
1988,11,3,4,100,-1.1840
1988,11,3,5,109,-1.7076
1988,12,1,1,327,3.6213
1988,12,1,2,162,5.8444
1988,12,1,3,138,3.1551
1988,12,1,4,134,2.1432
1988,12,1,5,161,3.7242
1988,12,2,1,142,3.8629
1988,12,2,2,99,4.8670
1988,12,2,3,71,3.2893
1988,12,2,4,67,2.3994
1988,12,2,5,56,3.2366
1988,12,3,1,107,3.6855
1988,12,3,2,106,2.3465
1988,12,3,3,107,2.3390
1988,12,3,4,99,1.7516
1988,12,3,5,109,1.4599
1989,1,1,1,322,3.7714
1989,1,1,2,161,5.5049
1989,1,1,3,137,3.8538
1989,1,1,4,132,5.1458
1989,1,1,5,161,4.5739
1989,1,2,1,141,4.1556
1989,1,2,2,98,4.8434
1989,1,2,3,71,6.1677
1989,1,2,4,67,3.2205
1989,1,2,5,56,3.8635
1989,1,3,1,107,6.8041
1989,1,3,2,106,5.5315
1989,1,3,3,107,8.0863
1989,1,3,4,97,6.5008
1989,1,3,5,108,5.8917
1989,2,1,1,320,0.9617
1989,2,1,2,160,2.3220
1989,2,1,3,135,0.8099
1989,2,1,4,132,0.5043
1989,2,1,5,159,1.0645
1989,2,2,1,141,1.6120
1989,2,2,2,97,-0.0392
1989,2,2,3,71,2.8449
1989,2,2,4,66,0.7914
1989,2,2,5,56,0.6219
1989,2,3,1,107,-2.5531
1989,2,3,2,106,-2.1160
1989,2,3,3,106,-2.1394
1989,2,3,4,97,-2.0630
1989,2,3,5,107,-2.9840
1989,3,1,1,316,3.3694
1989,3,1,2,158,2.3280
1989,3,1,3,134,3.7219
1989,3,1,4,131,2.0797
1989,3,1,5,158,2.1503
1989,3,2,1,141,3.2434
1989,3,2,2,97,3.0745
1989,3,2,3,70,2.3057
1989,3,2,4,66,2.3245
1989,3,2,5,56,1.7060
1989,3,3,1,107,1.2125
1989,3,3,2,106,1.6191
1989,3,3,3,106,2.7160
1989,3,3,4,97,2.5580
1989,3,3,5,107,0.6678
1989,4,1,1,316,3.5001
1989,4,1,2,157,4.4232
1989,4,1,3,134,1.1559
1989,4,1,4,130,1.2492
1989,4,1,5,156,4.5618
1989,4,2,1,139,5.4798
1989,4,2,2,97,4.4666
1989,4,2,3,69,4.4694
1989,4,2,4,66,3.4145
1989,4,2,5,56,5.0756
1989,4,3,1,107,6.4241
1989,4,3,2,105,5.4710
1989,4,3,3,106,6.5573
1989,4,3,4,97,5.3720
1989,4,3,5,106,2.7396
1989,5,1,1,315,3.0993
1989,5,1,2,155,2.5260
1989,5,1,3,133,3.9966
1989,5,1,4,129,3.5414
1989,5,1,5,156,5.2466
1989,5,2,1,138,3.9011
1989,5,2,2,97,3.9760
1989,5,2,3,68,3.6023
1989,5,2,4,66,6.1686
1989,5,2,5,56,6.2013
1989,5,3,1,107,5.6335
1989,5,3,2,105,5.2370
1989,5,3,3,106,4.3789
1989,5,3,4,97,3.1491
1989,5,3,5,106,3.2877
1989,6,1,1,313,-1.0873
1989,6,1,2,152,-1.9681
1989,6,1,3,130,0.8218
1989,6,1,4,126,-1.9138
1989,6,1,5,157,0.7780
1989,6,2,1,137,-1.6295
1989,6,2,2,96,-1.1217
1989,6,2,3,68,-0.8116
1989,6,2,4,65,1.0643
1989,6,2,5,56,0.2343
1989,6,3,1,106,-1.6567
1989,6,3,2,105,-1.2610
1989,6,3,3,106,-1.1194
1989,6,3,4,96,-0.6854
1989,6,3,5,106,1.0570
1989,7,1,1,395,3.4589
1989,7,1,2,190,1.7488
1989,7,1,3,96,3.6961
1989,7,1,4,150,2.7191
1989,7,1,5,179,1.1247
1989,7,2,1,144,3.9045
1989,7,2,2,88,3.8902
1989,7,2,3,70,4.3880
1989,7,2,4,74,3.0549
1989,7,2,5,58,4.9983
1989,7,3,1,104,8.8774
1989,7,3,2,106,9.8329
1989,7,3,3,114,9.4117
1989,7,3,4,109,7.2836
1989,7,3,5,105,7.6799
1989,8,1,1,393,0.4141
1989,8,1,2,189,2.0482
1989,8,1,3,96,0.6166
1989,8,1,4,149,1.5378
1989,8,1,5,178,0.9060
1989,8,2,1,144,3.5882
1989,8,2,2,88,2.4745
1989,8,2,3,70,2.0084
1989,8,2,4,74,4.0702
1989,8,2,5,58,3.2541
1989,8,3,1,102,2.1742
1989,8,3,2,105,1.4744
1989,8,3,3,112,1.3422
1989,8,3,4,109,2.0774
1989,8,3,5,105,2.3432
1989,9,1,1,392,-0.0847
1989,9,1,2,189,-0.9946
1989,9,1,3,96,0.5011
1989,9,1,4,148,-0.5290
1989,9,1,5,178,-1.2551
1989,9,2,1,142,0.8874
1989,9,2,2,88,0.7870
1989,9,2,3,70,-1.7471
1989,9,2,4,74,-0.7223
1989,9,2,5,55,0.4147
1989,9,3,1,101,-0.8060
1989,9,3,2,105,-1.5007
1989,9,3,3,112,-0.4165
1989,9,3,4,108,-0.7547
1989,9,3,5,104,-0.1920
1989,10,1,1,392,-5.3110
1989,10,1,2,187,-4.3072
1989,10,1,3,96,-5.3873
1989,10,1,4,148,-4.4902
1989,10,1,5,175,-6.1359
1989,10,2,1,142,-6.4697
1989,10,2,2,87,-5.7797
1989,10,2,3,70,-5.6002
1989,10,2,4,73,-2.4142
1989,10,2,5,55,-4.2905
1989,10,3,1,101,-3.3401
1989,10,3,2,105,-1.5452
1989,10,3,3,112,-3.3157
1989,10,3,4,108,-1.5654
1989,10,3,5,104,-2.1865
1989,11,1,1,389,0.1759
1989,11,1,2,186,-0.0907
1989,11,1,3,95,-2.2627
1989,11,1,4,146,0.2726
1989,11,1,5,174,-0.4681
1989,11,2,1,142,1.9231
1989,11,2,2,87,0.5175
1989,11,2,3,70,0.5983
1989,11,2,4,73,0.0249
1989,11,2,5,55,2.1584
1989,11,3,1,101,3.2793
1989,11,3,2,105,1.9952
1989,11,3,3,112,3.1497
1989,11,3,4,108,1.4217
1989,11,3,5,103,1.5854
1989,12,1,1,385,-0.8898
1989,12,1,2,186,0.2031
1989,12,1,3,95,-1.3550
1989,12,1,4,144,0.8342
1989,12,1,5,171,-1.2393
1989,12,2,1,141,0.7831
1989,12,2,2,85,1.3774
1989,12,2,3,69,1.5422
1989,12,2,4,73,1.3794
1989,12,2,5,55,0.3302
1989,12,3,1,100,0.3579
1989,12,3,2,105,2.4493
1989,12,3,3,112,2.5964
1989,12,3,4,108,3.1220
1989,12,3,5,103,4.1707
1990,1,1,1,382,-8.1484
1990,1,1,2,185,-6.8324
1990,1,1,3,95,-6.2951
1990,1,1,4,144,-5.9969
1990,1,1,5,171,-7.7596
1990,1,2,1,141,-9.5087
1990,1,2,2,84,-7.1932
1990,1,2,3,69,-6.8291
1990,1,2,4,72,-6.7750
1990,1,2,5,55,-8.0412
1990,1,3,1,98,-6.8435
1990,1,3,2,104,-7.2985
1990,1,3,3,112,-7.1469
1990,1,3,4,108,-5.6839
1990,1,3,5,103,-6.6258
1990,2,1,1,381,3.1130
1990,2,1,2,183,1.1032
1990,2,1,3,95,1.3873
1990,2,1,4,142,1.4966
1990,2,1,5,171,1.9987
1990,2,2,1,140,3.4902
1990,2,2,2,83,0.8344
1990,2,2,3,68,2.3651
1990,2,2,4,71,1.8121
1990,2,2,5,55,1.4250
1990,2,3,1,95,2.5313
1990,2,3,2,103,1.0060
1990,2,3,3,111,0.5873
1990,2,3,4,108,1.7897
1990,2,3,5,103,1.2480
1990,3,1,1,380,3.8696
1990,3,1,2,182,3.6204
1990,3,1,3,94,3.8778
1990,3,1,4,142,1.2898
1990,3,1,5,169,3.5928
1990,3,2,1,140,4.3167
1990,3,2,2,83,3.9034
1990,3,2,3,68,5.1862
1990,3,2,4,70,3.8509
1990,3,2,5,54,2.2918
1990,3,3,1,96,3.2711
1990,3,3,2,103,3.5298
1990,3,3,3,111,3.3665
1990,3,3,4,108,2.9537
1990,3,3,5,103,1.8435
1990,4,1,1,375,-3.5355
1990,4,1,2,181,-2.2674
1990,4,1,3,94,-2.5694
1990,4,1,4,142,-2.5790
1990,4,1,5,169,-3.9055
1990,4,2,1,139,-3.2985
1990,4,2,2,83,-2.8019
1990,4,2,3,67,-2.5641
1990,4,2,4,70,-3.3025
1990,4,2,5,54,-3.2622
1990,4,3,1,96,-1.0987
1990,4,3,2,103,-0.1615
1990,4,3,3,111,-3.1508
1990,4,3,4,108,-1.8115
1990,4,3,5,102,-3.6780
1990,5,1,1,375,5.6355
1990,5,1,2,181,3.8359
1990,5,1,3,94,4.9964
1990,5,1,4,140,6.8581
1990,5,1,5,168,3.7288
1990,5,2,1,139,7.8654
1990,5,2,2,83,7.2048
1990,5,2,3,67,7.6512
1990,5,2,4,70,3.9339
1990,5,2,5,54,5.0075
1990,5,3,1,96,12.0007
1990,5,3,2,103,10.1680
1990,5,3,3,111,9.3797
1990,5,3,4,108,8.1999
1990,5,3,5,101,7.1688
1990,6,1,1,373,2.1297
1990,6,1,2,179,1.1198
1990,6,1,3,93,2.1538
1990,6,1,4,140,0.5122
1990,6,1,5,168,0.1613
1990,6,2,1,139,1.7550
1990,6,2,2,83,-0.7687
1990,6,2,3,66,1.6653
1990,6,2,4,69,0.2614
1990,6,2,5,54,-0.5502
1990,6,3,1,96,1.1184
1990,6,3,2,103,0.7872
1990,6,3,3,111,-1.1592
1990,6,3,4,108,-0.3784
1990,6,3,5,101,-1.6386
1990,7,1,1,350,-4.3960
1990,7,1,2,155,-4.0883
1990,7,1,3,99,-5.4195
1990,7,1,4,103,-1.7976
1990,7,1,5,159,-2.1663
1990,7,2,1,145,-4.2641
1990,7,2,2,84,-1.3965
1990,7,2,3,62,-1.9879
1990,7,2,4,75,-1.6376
1990,7,2,5,64,-2.5268
1990,7,3,1,111,-2.0659
1990,7,3,2,110,-1.0956
1990,7,3,3,106,2.3500
1990,7,3,4,101,0.3302
1990,7,3,5,106,0.4187
1990,8,1,1,348,-14.0107
1990,8,1,2,154,-12.0410
1990,8,1,3,99,-11.8034
1990,8,1,4,102,-10.3498
1990,8,1,5,157,-9.5271
1990,8,2,1,144,-13.6306
1990,8,2,2,84,-13.3171
1990,8,2,3,62,-12.1636
1990,8,2,4,75,-10.5798
1990,8,2,5,64,-10.4323
1990,8,3,1,111,-9.1707
1990,8,3,2,109,-8.5641
1990,8,3,3,106,-9.0179
1990,8,3,4,101,-7.5455
1990,8,3,5,106,-8.8913
1990,9,1,1,347,-8.1617
1990,9,1,2,153,-7.7588
1990,9,1,3,99,-7.5501
1990,9,1,4,101,-5.9058
1990,9,1,5,155,-6.7538
1990,9,2,1,144,-8.6669
1990,9,2,2,83,-7.3787
1990,9,2,3,62,-5.0095
1990,9,2,4,75,-3.7923
1990,9,2,5,64,-6.3201
1990,9,3,1,109,-7.1406
1990,9,3,2,108,-4.8584
1990,9,3,3,106,-4.1404
1990,9,3,4,100,-1.8583
1990,9,3,5,106,-3.7373
1990,10,1,1,346,-9.0416
1990,10,1,2,153,-4.7965
1990,10,1,3,98,-6.3684
1990,10,1,4,100,-5.9945
1990,10,1,5,153,-3.7740
1990,10,2,1,142,-5.0490
1990,10,2,2,83,-7.1068
1990,10,2,3,62,-5.7897
1990,10,2,4,75,-1.9854
1990,10,2,5,64,-3.6154
1990,10,3,1,108,-2.6275
1990,10,3,2,108,-0.0554
1990,10,3,3,106,-0.3846
1990,10,3,4,100,3.6256
1990,10,3,5,106,-0.1080
1990,11,1,1,342,4.7526
1990,11,1,2,152,1.7213
1990,11,1,3,97,0.3542
1990,11,1,4,100,5.0865
1990,11,1,5,154,3.8732
1990,11,2,1,140,8.9772
1990,11,2,2,83,6.5478
1990,11,2,3,61,6.1704
1990,11,2,4,74,6.6934
1990,11,2,5,64,5.8738
1990,11,3,1,108,7.1967
1990,11,3,2,108,6.0356
1990,11,3,3,106,5.8396
1990,11,3,4,100,4.1114
1990,11,3,5,106,6.2144
1990,12,1,1,341,1.9150
1990,12,1,2,152,1.3647
1990,12,1,3,96,3.7827
1990,12,1,4,100,2.4598
1990,12,1,5,154,1.2961
1990,12,2,1,140,6.1131
1990,12,2,2,83,4.9556
1990,12,2,3,60,5.8534
1990,12,2,4,73,3.6582
1990,12,2,5,63,3.8248
1990,12,3,1,108,4.0318
1990,12,3,2,108,3.0579
1990,12,3,3,106,3.0376
1990,12,3,4,100,2.0428
1990,12,3,5,105,2.0063
1991,1,1,1,337,9.0027
1991,1,1,2,151,6.6103
1991,1,1,3,96,7.8537
1991,1,1,4,99,8.5322
1991,1,1,5,153,7.8920
1991,1,2,1,140,6.7771
1991,1,2,2,83,7.9359
1991,1,2,3,60,7.7788
1991,1,2,4,73,4.5985
1991,1,2,5,63,8.3581
1991,1,3,1,108,7.9053
1991,1,3,2,107,5.7200
1991,1,3,3,106,3.2754
1991,1,3,4,100,0.5034
1991,1,3,5,105,4.3181
1991,2,1,1,336,13.6034
1991,2,1,2,151,11.5950
1991,2,1,3,96,7.2959
1991,2,1,4,99,7.7946
1991,2,1,5,152,13.1311
1991,2,2,1,140,10.8840
1991,2,2,2,83,10.2463
1991,2,2,3,59,7.1862
1991,2,2,4,73,6.7295
1991,2,2,5,63,9.7742
1991,2,3,1,107,9.3488
1991,2,3,2,107,7.9583
1991,2,3,3,106,6.6348
1991,2,3,4,100,4.7643
1991,2,3,5,105,6.2313
1991,3,1,1,333,8.6251
1991,3,1,2,151,4.8676
1991,3,1,3,96,4.5993
1991,3,1,4,99,4.8900
1991,3,1,5,152,6.1696
1991,3,2,1,139,5.0928
1991,3,2,2,83,5.0879
1991,3,2,3,59,4.5236
1991,3,2,4,73,1.8084
1991,3,2,5,63,3.6744
1991,3,3,1,107,3.2466
1991,3,3,2,107,3.2753
1991,3,3,3,106,3.1442
1991,3,3,4,100,2.5128
1991,3,3,5,105,0.2990
1991,4,1,1,330,0.1605
1991,4,1,2,150,-0.5639
1991,4,1,3,95,1.4944
1991,4,1,4,99,-1.1101
1991,4,1,5,150,1.2068
1991,4,2,1,139,0.8796
1991,4,2,2,83,0.9262
1991,4,2,3,59,-0.5642
1991,4,2,4,73,0.0636
1991,4,2,5,63,1.1160
1991,4,3,1,107,-0.1113
1991,4,3,2,107,0.5093
1991,4,3,3,106,0.0371
1991,4,3,4,100,0.1628
1991,4,3,5,105,-0.1661
1991,5,1,1,327,2.8947
1991,5,1,2,149,3.9792
1991,5,1,3,95,7.6188
1991,5,1,4,99,4.4477
1991,5,1,5,150,4.7230
1991,5,2,1,139,5.8094
1991,5,2,2,83,3.9060
1991,5,2,3,59,5.0299
1991,5,2,4,73,2.7087
1991,5,2,5,63,4.4637
1991,5,3,1,107,4.3378
1991,5,3,2,107,4.4167
1991,5,3,3,106,5.0456
1991,5,3,4,100,2.2884
1991,5,3,5,105,4.6177
1991,6,1,1,326,-3.9854
1991,6,1,2,149,-2.0920
1991,6,1,3,95,-3.5482
1991,6,1,4,96,-2.3794
1991,6,1,5,150,-3.3515
1991,6,2,1,139,-4.3777
1991,6,2,2,83,-3.1530
1991,6,2,3,59,-1.8166
1991,6,2,4,73,-1.1315
1991,6,2,5,63,-5.2207
1991,6,3,1,107,-5.3704
1991,6,3,2,107,-4.3121
1991,6,3,3,106,-3.7932
1991,6,3,4,100,-3.2870
1991,6,3,5,104,-3.9146
1991,7,1,1,292,2.7971
1991,7,1,2,136,1.8090
1991,7,1,3,135,-0.8771
1991,7,1,4,110,2.0482
1991,7,1,5,185,2.8333
1991,7,2,1,138,4.7244
1991,7,2,2,95,0.7661
1991,7,2,3,62,3.9229
1991,7,2,4,76,1.7950
1991,7,2,5,70,2.3083
1991,7,3,1,117,6.3423
1991,7,3,2,122,5.1617
1991,7,3,3,127,4.1356
1991,7,3,4,98,3.5503
1991,7,3,5,87,2.9103
1991,8,1,1,289,4.4588
1991,8,1,2,136,0.7525
1991,8,1,3,134,-0.1716
1991,8,1,4,109,2.1147
1991,8,1,5,181,1.7686
1991,8,2,1,138,3.3315
1991,8,2,2,94,2.8631
1991,8,2,3,62,0.3899
1991,8,2,4,75,2.0415
1991,8,2,5,70,0.9066
1991,8,3,1,115,4.1315
1991,8,3,2,122,3.7275
1991,8,3,3,127,1.0899
1991,8,3,4,98,1.4934
1991,8,3,5,87,1.6758
1991,9,1,1,288,0.7229
1991,9,1,2,134,-1.2421
1991,9,1,3,134,-2.4710
1991,9,1,4,109,-1.1021
1991,9,1,5,182,-1.3090
1991,9,2,1,138,1.3114
1991,9,2,2,94,-0.4597
1991,9,2,3,62,0.5432
1991,9,2,4,75,0.9204
1991,9,2,5,70,0.7349
1991,9,3,1,115,-4.5593
1991,9,3,2,122,-1.7804
1991,9,3,3,127,-0.4501
1991,9,3,4,98,-1.0891
1991,9,3,5,87,-1.5190
1991,10,1,1,288,2.4447
1991,10,1,2,133,0.1393
1991,10,1,3,134,1.7518
1991,10,1,4,109,1.6790
1991,10,1,5,182,1.2160
1991,10,2,1,138,1.5972
1991,10,2,2,94,0.7977
1991,10,2,3,62,-2.3702
1991,10,2,4,75,2.6188
1991,10,2,5,70,1.6501
1991,10,3,1,115,-0.0091
1991,10,3,2,122,0.9771
1991,10,3,3,127,2.3036
1991,10,3,4,98,1.3951
1991,10,3,5,86,1.2139
1991,11,1,1,285,-1.8184
1991,11,1,2,132,-0.3638
1991,11,1,3,134,-4.7244
1991,11,1,4,108,-0.8148
1991,11,1,5,181,-1.8828
1991,11,2,1,138,-6.0944
1991,11,2,2,93,-3.1047
1991,11,2,3,62,-4.7605
1991,11,2,4,75,-2.8648
1991,11,2,5,69,-3.3097
1991,11,3,1,115,-0.3714
1991,11,3,2,122,-3.6242
1991,11,3,3,127,-3.9442
1991,11,3,4,98,-3.6403
1991,11,3,5,86,-4.6838
1991,12,1,1,282,5.9738
1991,12,1,2,132,4.3625
1991,12,1,3,134,5.1311
1991,12,1,4,108,3.5579
1991,12,1,5,179,2.6934
1991,12,2,1,137,10.1654
1991,12,2,2,93,8.1735
1991,12,2,3,62,8.1396
1991,12,2,4,75,6.6309
1991,12,2,5,69,8.0555
1991,12,3,1,115,14.2279
1991,12,3,2,122,14.6528
1991,12,3,3,127,8.8470
1991,12,3,4,98,8.8926
1991,12,3,5,86,7.6767
1992,1,1,1,279,10.3673
1992,1,1,2,132,12.2794
1992,1,1,3,133,8.4900
1992,1,1,4,108,8.4145
1992,1,1,5,179,13.1094
1992,1,2,1,137,5.0136
1992,1,2,2,93,6.0872
1992,1,2,3,62,7.7356
1992,1,2,4,75,3.8748
1992,1,2,5,69,6.5410
1992,1,3,1,115,0.0560
1992,1,3,2,122,-1.0327
1992,1,3,3,127,-3.1469
1992,1,3,4,98,-2.2710
1992,1,3,5,86,1.1553
1992,2,1,1,279,4.2047
1992,2,1,2,132,5.5248
1992,2,1,3,133,6.2563
1992,2,1,4,108,3.0435
1992,2,1,5,179,5.5434
1992,2,2,1,136,1.5170
1992,2,2,2,93,3.1682
1992,2,2,3,62,1.4391
1992,2,2,4,75,2.6170
1992,2,2,5,69,4.2139
1992,2,3,1,115,0.5135
1992,2,3,2,122,1.2963
1992,2,3,3,127,0.1628
1992,2,3,4,98,1.1867
1992,2,3,5,86,4.4260
1992,3,1,1,279,-3.9772
1992,3,1,2,131,-1.2797
1992,3,1,3,133,1.3552
1992,3,1,4,107,-0.4647
1992,3,1,5,178,0.6941
1992,3,2,1,135,-5.1283
1992,3,2,2,93,-1.5250
1992,3,2,3,62,-0.0313
1992,3,2,4,75,-1.5442
1992,3,2,5,69,-0.3151
1992,3,3,1,115,-3.2051
1992,3,3,2,122,-1.5402
1992,3,3,3,127,-1.6355
1992,3,3,4,98,-1.8457
1992,3,3,5,86,-1.3602
1992,4,1,1,279,-5.5705
1992,4,1,2,130,-5.1983
1992,4,1,3,133,-0.6317
1992,4,1,4,107,-1.8635
1992,4,1,5,178,-0.2922
1992,4,2,1,135,-4.8474
1992,4,2,2,93,-0.8603
1992,4,2,3,62,-1.0347
1992,4,2,4,75,0.3572
1992,4,2,5,69,-1.2104
1992,4,3,1,115,-1.1864
1992,4,3,2,122,0.9572
1992,4,3,3,127,4.4574
1992,4,3,4,98,4.6622
1992,4,3,5,86,5.5934
1992,5,1,1,276,-0.5006
1992,5,1,2,129,-2.1187
1992,5,1,3,133,0.3308
1992,5,1,4,105,0.0196
1992,5,1,5,177,1.5686
1992,5,2,1,135,-0.7952
1992,5,2,2,93,-0.9061
1992,5,2,3,62,-0.5597
1992,5,2,4,75,0.2300
1992,5,2,5,69,1.5334
1992,5,3,1,115,-0.1882
1992,5,3,2,122,1.6521
1992,5,3,3,127,0.0891
1992,5,3,4,98,0.4394
1992,5,3,5,85,-0.4767
1992,6,1,1,275,-5.8342
1992,6,1,2,129,-4.7182
1992,6,1,3,133,-4.9342
1992,6,1,4,105,-3.8502
1992,6,1,5,177,-5.4965
1992,6,2,1,135,-4.1465
1992,6,2,2,93,-3.3782
1992,6,2,3,62,-3.0808
1992,6,2,4,75,-1.0959
1992,6,2,5,69,-3.4575
1992,6,3,1,115,-2.2082
1992,6,3,2,122,-4.1646
1992,6,3,3,127,-0.9962
1992,6,3,4,98,-0.6780
1992,6,3,5,84,-1.0605
1992,7,1,1,293,2.8151
1992,7,1,2,133,0.1190
1992,7,1,3,124,1.0280
1992,7,1,4,109,1.4956
1992,7,1,5,175,2.7642
1992,7,2,1,130,3.4521
1992,7,2,2,79,2.4751
1992,7,2,3,76,2.6252
1992,7,2,4,69,2.0851
1992,7,2,5,74,4.7471
1992,7,3,1,116,3.1491
1992,7,3,2,117,3.2272
1992,7,3,3,120,4.2629
1992,7,3,4,108,4.5497
1992,7,3,5,90,5.6878
1992,8,1,1,292,-2.8182
1992,8,1,2,133,0.5246
1992,8,1,3,124,-2.9490
1992,8,1,4,109,-2.1921
1992,8,1,5,174,-0.2006
1992,8,2,1,129,-2.9568
1992,8,2,2,79,-2.3747
1992,8,2,3,76,-2.2815
1992,8,2,4,69,-1.2556
1992,8,2,5,74,-0.3923
1992,8,3,1,116,-1.0799
1992,8,3,2,117,-2.3954
1992,8,3,3,120,-2.3865
1992,8,3,4,108,-1.1887
1992,8,3,5,90,-0.2574
1992,9,1,1,290,1.7410
1992,9,1,2,133,1.6483
1992,9,1,3,123,0.9293
1992,9,1,4,109,-2.0751
1992,9,1,5,174,1.5482
1992,9,2,1,128,2.2469
1992,9,2,2,79,1.8615
1992,9,2,3,76,1.3432
1992,9,2,4,69,0.5981
1992,9,2,5,74,-0.5206
1992,9,3,1,116,2.3443
1992,9,3,2,117,-0.7007
1992,9,3,3,120,0.6504
1992,9,3,4,108,1.3693
1992,9,3,5,90,1.4667
1992,10,1,1,289,4.1759
1992,10,1,2,132,1.3261
1992,10,1,3,123,2.4170
1992,10,1,4,109,3.1550
1992,10,1,5,174,1.3924
1992,10,2,1,128,1.8209
1992,10,2,2,79,1.8543
1992,10,2,3,76,0.4450
1992,10,2,4,69,0.7047
1992,10,2,5,74,1.8568
1992,10,3,1,116,3.2383
1992,10,3,2,117,2.2477
1992,10,3,3,120,0.0049
1992,10,3,4,108,-2.0886
1992,10,3,5,90,0.0328
1992,11,1,1,286,10.3438
1992,11,1,2,132,7.3689
1992,11,1,3,123,4.9285
1992,11,1,4,109,6.7178
1992,11,1,5,172,8.7518
1992,11,2,1,127,7.4243
1992,11,2,2,78,5.2339
1992,11,2,3,76,5.8420
1992,11,2,4,69,3.1508
1992,11,2,5,73,4.0438
1992,11,3,1,116,5.9527
1992,11,3,2,117,3.5497
1992,11,3,3,120,3.7671
1992,11,3,4,107,1.7242
1992,11,3,5,90,0.0075
1992,12,1,1,285,2.6735
1992,12,1,2,131,5.2696
1992,12,1,3,123,5.5029
1992,12,1,4,107,4.6861
1992,12,1,5,171,4.4581
1992,12,2,1,127,2.9174
1992,12,2,2,78,4.2844
1992,12,2,3,76,3.7660
1992,12,2,4,69,2.5453
1992,12,2,5,73,5.9604
1992,12,3,1,116,-0.3992
1992,12,3,2,117,0.0675
1992,12,3,3,120,1.2042
1992,12,3,4,107,1.1382
1992,12,3,5,90,2.5644
1993,1,1,1,286,4.3465
1993,1,1,2,131,4.6939
1993,1,1,3,123,5.5370
1993,1,1,4,107,5.9854
1993,1,1,5,171,5.4581
1993,1,2,1,126,1.2887
1993,1,2,2,78,2.7242
1993,1,2,3,76,2.6878
1993,1,2,4,69,4.0843
1993,1,2,5,73,2.5200
1993,1,3,1,116,0.5532
1993,1,3,2,117,-0.3902
1993,1,3,3,120,-1.2801
1993,1,3,4,107,0.9637
1993,1,3,5,90,2.2525
1993,2,1,1,283,-3.6155
1993,2,1,2,131,-0.1891
1993,2,1,3,123,-2.0356
1993,2,1,4,107,0.4810
1993,2,1,5,171,-1.5444
1993,2,2,1,126,-2.2545
1993,2,2,2,78,1.7092
1993,2,2,3,76,1.1988
1993,2,2,4,69,1.4201
1993,2,2,5,73,1.2741
1993,2,3,1,116,-2.0698
1993,2,3,2,117,-0.7550
1993,2,3,3,120,-0.5787
1993,2,3,4,107,4.3393
1993,2,3,5,90,4.4420
1993,3,1,1,281,1.7543
1993,3,1,2,129,1.9667
1993,3,1,3,122,1.3252
1993,3,1,4,107,2.0242
1993,3,1,5,171,4.5037
1993,3,2,1,126,3.2818
1993,3,2,2,78,3.6326
1993,3,2,3,75,2.6331
1993,3,2,4,69,1.2623
1993,3,2,5,73,1.5190
1993,3,3,1,116,2.7394
1993,3,3,2,117,0.6105
1993,3,3,3,120,1.8488
1993,3,3,4,107,2.4216
1993,3,3,5,90,2.4262
1993,4,1,1,279,-4.5340
1993,4,1,2,128,-1.0951
1993,4,1,3,121,-3.0214
1993,4,1,4,107,-1.5798
1993,4,1,5,171,-4.1625
1993,4,2,1,126,-2.5735
1993,4,2,2,78,-3.8851
1993,4,2,3,75,-2.7633
1993,4,2,4,69,0.0575
1993,4,2,5,73,-3.1040
1993,4,3,1,116,-6.5978
1993,4,3,2,117,-2.4002
1993,4,3,3,120,-2.6997
1993,4,3,4,107,-1.0536
1993,4,3,5,90,0.4867
1993,5,1,1,277,4.0672
1993,5,1,2,128,2.9301
1993,5,1,3,120,3.3082
1993,5,1,4,107,3.3061
1993,5,1,5,171,3.7407
1993,5,2,1,126,5.1345
1993,5,2,2,78,4.1211
1993,5,2,3,75,3.3336
1993,5,2,4,68,3.0422
1993,5,2,5,73,0.5500
1993,5,3,1,116,6.4081
1993,5,3,2,117,2.3839
1993,5,3,3,120,4.1355
1993,5,3,4,107,1.8531
1993,5,3,5,90,1.6076
1993,6,1,1,277,-1.5425
1993,6,1,2,128,-0.0870
1993,6,1,3,120,-0.8146
1993,6,1,4,106,0.0499
1993,6,1,5,171,-0.1116
1993,6,2,1,125,2.5363
1993,6,2,2,78,-0.0754
1993,6,2,3,75,-0.5376
1993,6,2,4,68,0.2125
1993,6,2,5,73,0.4911
1993,6,3,1,116,-2.1454
1993,6,3,2,117,-1.0886
1993,6,3,3,120,-2.0469
1993,6,3,4,107,2.3419
1993,6,3,5,90,0.6594
1993,7,1,1,257,1.0275
1993,7,1,2,144,0.9547
1993,7,1,3,99,2.7394
1993,7,1,4,115,2.5237
1993,7,1,5,125,0.6367
1993,7,2,1,129,1.0451
1993,7,2,2,94,-0.1681
1993,7,2,3,60,0.1742
1993,7,2,4,66,1.8494
1993,7,2,5,65,3.1586
1993,7,3,1,119,-2.0415
1993,7,3,2,117,-1.1828
1993,7,3,3,116,-1.0573
1993,7,3,4,115,-0.6932
1993,7,3,5,107,0.3656
1993,8,1,1,255,3.9137
1993,8,1,2,140,3.0472
1993,8,1,3,99,2.2324
1993,8,1,4,114,2.3918
1993,8,1,5,124,2.2138
1993,8,2,1,129,2.1687
1993,8,2,2,94,3.5346
1993,8,2,3,60,6.2345
1993,8,2,4,66,3.1836
1993,8,2,5,65,0.4665
1993,8,3,1,119,5.6344
1993,8,3,2,117,3.3799
1993,8,3,3,116,2.7700
1993,8,3,4,115,3.8463
1993,8,3,5,107,3.2071
1993,9,1,1,254,2.7908
1993,9,1,2,140,1.2246
1993,9,1,3,99,2.8552
1993,9,1,4,114,-0.8358
1993,9,1,5,124,1.8656
1993,9,2,1,128,2.1162
1993,9,2,2,94,0.6037
1993,9,2,3,60,-0.4219
1993,9,2,4,66,2.6140
1993,9,2,5,65,1.3967
1993,9,3,1,119,0.7136
1993,9,3,2,117,-1.2902
1993,9,3,3,116,-1.9561
1993,9,3,4,115,-0.5532
1993,9,3,5,107,-2.1009
1993,10,1,1,252,3.9755
1993,10,1,2,140,2.2768
1993,10,1,3,99,3.5623
1993,10,1,4,114,3.8425
1993,10,1,5,124,3.1220
1993,10,2,1,128,2.5624
1993,10,2,2,94,2.0680
1993,10,2,3,60,2.9630
1993,10,2,4,66,1.2478
1993,10,2,5,65,2.0106
1993,10,3,1,119,3.1418
1993,10,3,2,117,4.2965
1993,10,3,3,116,1.5916
1993,10,3,4,115,1.9635
1993,10,3,5,107,2.8960
1993,11,1,1,250,-1.1804
1993,11,1,2,140,0.0511
1993,11,1,3,99,-0.1294
1993,11,1,4,114,-2.1422
1993,11,1,5,123,-2.2982
1993,11,2,1,127,-3.1372
1993,11,2,2,93,-1.0125
1993,11,2,3,60,-1.6297
1993,11,2,4,66,-2.0308
1993,11,2,5,65,-2.4690
1993,11,3,1,119,0.2715
1993,11,3,2,117,0.1636
1993,11,3,3,115,-0.5738
1993,11,3,4,114,-1.4775
1993,11,3,5,107,-0.5886
1993,12,1,1,249,1.5792
1993,12,1,2,140,1.0818
1993,12,1,3,99,4.7166
1993,12,1,4,114,-0.3379
1993,12,1,5,122,1.5612
1993,12,2,1,126,4.5714
1993,12,2,2,93,7.9674
1993,12,2,3,60,6.7600
1993,12,2,4,66,3.6103
1993,12,2,5,65,3.0930
1993,12,3,1,118,-0.6860
1993,12,3,2,117,2.9133
1993,12,3,3,115,1.0588
1993,12,3,4,113,1.7014
1993,12,3,5,107,2.5100
1994,1,1,1,248,6.5932
1994,1,1,2,140,4.8573
1994,1,1,3,97,5.1758
1994,1,1,4,114,4.4423
1994,1,1,5,120,4.4634
1994,1,2,1,126,1.7270
1994,1,2,2,93,2.3616
1994,1,2,3,60,4.6717
1994,1,2,4,66,0.3363
1994,1,2,5,65,3.7248
1994,1,3,1,118,3.8404
1994,1,3,2,117,2.6814
1994,1,3,3,115,4.8064
1994,1,3,4,113,2.2635
1994,1,3,5,107,2.3318
1994,2,1,1,247,-0.0715
1994,2,1,2,140,0.5524
1994,2,1,3,95,-1.7544
1994,2,1,4,114,0.8363
1994,2,1,5,119,1.4215
1994,2,2,1,126,0.7006
1994,2,2,2,93,-2.3737
1994,2,2,3,60,-0.0201
1994,2,2,4,66,-0.2467
1994,2,2,5,65,1.0321
1994,2,3,1,118,0.6927
1994,2,3,2,117,-1.0808
1994,2,3,3,114,-2.3357
1994,2,3,4,113,-3.4361
1994,2,3,5,107,-4.3187
1994,3,1,1,245,-4.5371
1994,3,1,2,140,-5.1441
1994,3,1,3,94,-3.6656
1994,3,1,4,114,-5.2673
1994,3,1,5,119,-1.0339
1994,3,2,1,126,-5.1866
1994,3,2,2,93,-5.3204
1994,3,2,3,60,-5.7060
1994,3,2,4,66,-4.4300
1994,3,2,5,65,-2.7124
1994,3,3,1,118,-3.9007
1994,3,3,2,117,-5.4360
1994,3,3,3,114,-4.4233
1994,3,3,4,113,-3.5246
1994,3,3,5,107,-4.0688
1994,4,1,1,245,0.5523
1994,4,1,2,139,-0.4141
1994,4,1,3,94,3.1735
1994,4,1,4,114,-0.9774
1994,4,1,5,119,-2.5209
1994,4,2,1,126,0.2665
1994,4,2,2,93,-0.8183
1994,4,2,3,60,-0.6678
1994,4,2,4,66,-0.0838
1994,4,2,5,65,1.7342
1994,4,3,1,118,-0.4722
1994,4,3,2,117,0.3689
1994,4,3,3,114,0.1597
1994,4,3,4,113,1.8589
1994,4,3,5,107,3.2521
1994,5,1,1,243,-2.7447
1994,5,1,2,137,-0.0364
1994,5,1,3,94,0.4368
1994,5,1,4,113,-0.6297
1994,5,1,5,119,-0.7153
1994,5,2,1,125,-2.1490
1994,5,2,2,93,-1.0232
1994,5,2,3,60,-2.6443
1994,5,2,4,66,-1.3433
1994,5,2,5,64,-2.3888
1994,5,3,1,117,0.0344
1994,5,3,2,117,0.2159
1994,5,3,3,114,2.4962
1994,5,3,4,112,2.1063
1994,5,3,5,107,-2.6623
1994,6,1,1,242,-3.3047
1994,6,1,2,138,-2.1032
1994,6,1,3,94,-1.8396
1994,6,1,4,113,-1.5535
1994,6,1,5,117,-1.5714
1994,6,2,1,124,-3.0123
1994,6,2,2,93,-2.8569
1994,6,2,3,60,0.1127
1994,6,2,4,66,-1.3890
1994,6,2,5,64,-2.7036
1994,6,3,1,118,-2.6478
1994,6,3,2,117,-3.5810
1994,6,3,3,114,-0.8629
1994,6,3,4,112,-2.1706
1994,6,3,5,107,-2.7613
1994,7,1,1,273,1.7939
1994,7,1,2,160,1.0050
1994,7,1,3,121,1.3806
1994,7,1,4,121,1.7936
1994,7,1,5,102,1.6521
1994,7,2,1,131,3.3951
1994,7,2,2,96,1.1074
1994,7,2,3,73,3.0386
1994,7,2,4,70,2.5275
1994,7,2,5,57,1.6333
1994,7,3,1,126,3.4144
1994,7,3,2,118,3.3750
1994,7,3,3,128,3.6255
1994,7,3,4,119,3.1945
1994,7,3,5,112,3.6213
1994,8,1,1,272,1.5517
1994,8,1,2,160,1.7968
1994,8,1,3,120,5.1855
1994,8,1,4,120,4.4381
1994,8,1,5,102,3.8609
1994,8,2,1,130,6.2735
1994,8,2,2,96,5.3984
1994,8,2,3,73,4.2313
1994,8,2,4,70,6.8999
1994,8,2,5,57,3.5442
1994,8,3,1,126,3.8627
1994,8,3,2,118,4.4539
1994,8,3,3,128,2.8601
1994,8,3,4,119,3.3820
1994,8,3,5,112,5.8930
1994,9,1,1,271,0.5536
1994,9,1,2,160,1.6535
1994,9,1,3,120,0.8838
1994,9,1,4,120,0.2136
1994,9,1,5,102,0.2665
1994,9,2,1,129,-0.4352
1994,9,2,2,96,-0.4618
1994,9,2,3,73,-0.4412
1994,9,2,4,70,-2.2865
1994,9,2,5,57,-0.0291
1994,9,3,1,124,-2.8544
1994,9,3,2,118,-3.0737
1994,9,3,3,128,-1.1775
1994,9,3,4,119,-1.2973
1994,9,3,5,111,-1.1024
1994,10,1,1,272,0.7743
1994,10,1,2,160,1.4267
1994,10,1,3,118,-0.7458
1994,10,1,4,119,-0.2177
1994,10,1,5,101,1.4726
1994,10,2,1,128,-0.6374
1994,10,2,2,95,-1.8851
1994,10,2,3,73,0.4642
1994,10,2,4,70,-1.5217
1994,10,2,5,57,0.0682
1994,10,3,1,122,1.6089
1994,10,3,2,117,2.3190
1994,10,3,3,128,1.4670
1994,10,3,4,119,2.4284
1994,10,3,5,111,1.8367
1994,11,1,1,272,-2.1680
1994,11,1,2,160,-1.8899
1994,11,1,3,116,-1.5413
1994,11,1,4,119,-2.6360
1994,11,1,5,100,0.6537
1994,11,2,1,128,-3.9413
1994,11,2,2,95,-3.6466
1994,11,2,3,73,-2.8844
1994,11,2,4,69,-2.0296
1994,11,2,5,56,-2.0834
1994,11,3,1,122,-3.1357
1994,11,3,2,117,-3.4205
1994,11,3,3,128,-4.5940
1994,11,3,4,119,-2.8608
1994,11,3,5,110,-1.3371
1994,12,1,1,271,-0.9944
1994,12,1,2,159,-0.2938
1994,12,1,3,116,1.3263
1994,12,1,4,119,-0.9795
1994,12,1,5,99,-0.7347
1994,12,2,1,128,0.8288
1994,12,2,2,95,2.9756
1994,12,2,3,73,4.1491
1994,12,2,4,68,3.4205
1994,12,2,5,56,2.5103
1994,12,3,1,122,-0.2856
1994,12,3,2,117,0.8983
1994,12,3,3,128,3.0676
1994,12,3,4,118,1.1232
1994,12,3,5,110,0.9044
1995,1,1,1,268,-0.8259
1995,1,1,2,159,1.8567
1995,1,1,3,116,3.2502
1995,1,1,4,118,3.1888
1995,1,1,5,98,3.8620
1995,1,2,1,126,-1.6968
1995,1,2,2,95,-0.7008
1995,1,2,3,73,-2.2282
1995,1,2,4,68,-1.8829
1995,1,2,5,56,1.5280
1995,1,3,1,122,0.8697
1995,1,3,2,117,1.4807
1995,1,3,3,128,0.3951
1995,1,3,4,117,3.7364
1995,1,3,5,110,4.2043
1995,2,1,1,267,2.1478
1995,2,1,2,159,2.3390
1995,2,1,3,116,2.9959
1995,2,1,4,118,2.7694
1995,2,1,5,98,4.0587
1995,2,2,1,126,4.4741
1995,2,2,2,94,3.9732
1995,2,2,3,73,2.7018
1995,2,2,4,68,4.1674
1995,2,2,5,56,3.6335
1995,2,3,1,122,4.9123
1995,2,3,2,117,5.7127
1995,2,3,3,127,5.6021
1995,2,3,4,117,2.7568
1995,2,3,5,110,1.7969
1995,3,1,1,265,1.0532
1995,3,1,2,159,1.8853
1995,3,1,3,115,-0.0548
1995,3,1,4,118,0.4793
1995,3,1,5,98,0.7880
1995,3,2,1,125,4.7255
1995,3,2,2,94,3.0200
1995,3,2,3,73,1.1966
1995,3,2,4,68,-0.7256
1995,3,2,5,56,-0.8527
1995,3,3,1,122,3.1651
1995,3,3,2,117,3.6495
1995,3,3,3,126,2.7711
1995,3,3,4,117,3.2965
1995,3,3,5,110,1.8058
1995,4,1,1,265,3.5523
1995,4,1,2,157,3.5635
1995,4,1,3,114,4.1851
1995,4,1,4,117,2.5457
1995,4,1,5,98,2.9825
1995,4,2,1,125,2.4676
1995,4,2,2,94,1.0617
1995,4,2,3,73,3.7123
1995,4,2,4,67,2.6724
1995,4,2,5,56,1.4999
1995,4,3,1,120,0.4517
1995,4,3,2,116,3.3671
1995,4,3,3,126,3.0899
1995,4,3,4,116,3.4621
1995,4,3,5,110,2.6750
1995,5,1,1,263,2.7386
1995,5,1,2,157,-0.2530
1995,5,1,3,114,0.0120
1995,5,1,4,117,2.2880
1995,5,1,5,98,3.8909
1995,5,2,1,125,1.2744
1995,5,2,2,94,-0.8378
1995,5,2,3,73,1.1886
1995,5,2,4,67,1.7585
1995,5,2,5,56,1.8842
1995,5,3,1,119,3.5324
1995,5,3,2,116,2.7057
1995,5,3,3,126,3.5974
1995,5,3,4,116,3.1553
1995,5,3,5,110,4.3287
1995,6,1,1,259,4.3306
1995,6,1,2,157,4.9032
1995,6,1,3,114,4.3609
1995,6,1,4,117,2.9369
1995,6,1,5,97,6.3933
1995,6,2,1,125,4.2213
1995,6,2,2,94,1.8894
1995,6,2,3,73,3.1396
1995,6,2,4,67,4.3918
1995,6,2,5,56,1.2263
1995,6,3,1,119,5.9420
1995,6,3,2,116,3.5592
1995,6,3,3,125,2.3417
1995,6,3,4,114,0.7933
1995,6,3,5,109,1.6253
1995,7,1,1,257,4.1003
1995,7,1,2,188,4.0425
1995,7,1,3,119,4.6299
1995,7,1,4,109,2.1128
1995,7,1,5,114,4.0105
1995,7,2,1,144,7.1597
1995,7,2,2,98,6.0547
1995,7,2,3,61,3.1030
1995,7,2,4,81,1.9599
1995,7,2,5,63,2.2715
1995,7,3,1,114,5.2206
1995,7,3,2,127,3.6073
1995,7,3,3,130,2.8777
1995,7,3,4,122,3.0227
1995,7,3,5,119,1.7585
1995,8,1,1,257,6.0832
1995,8,1,2,188,2.3692
1995,8,1,3,119,2.6099
1995,8,1,4,109,3.0204
1995,8,1,5,114,3.7396
1995,8,2,1,144,2.5464
1995,8,2,2,97,1.7375
1995,8,2,3,61,1.0566
1995,8,2,4,81,1.2061
1995,8,2,5,63,1.5251
1995,8,3,1,112,-0.5992
1995,8,3,2,127,0.5306
1995,8,3,3,130,-1.0256
1995,8,3,4,121,-0.3081
1995,8,3,5,118,1.3022
1995,9,1,1,257,2.4902
1995,9,1,2,187,1.0489
1995,9,1,3,117,0.8342
1995,9,1,4,109,3.7655
1995,9,1,5,114,1.8882
1995,9,2,1,144,3.1273
1995,9,2,2,96,1.3127
1995,9,2,3,61,1.4182
1995,9,2,4,81,1.8352
1995,9,2,5,63,3.6019
1995,9,3,1,112,0.8953
1995,9,3,2,127,3.4371
1995,9,3,3,129,2.4674
1995,9,3,4,121,5.4453
1995,9,3,5,118,6.6966
1995,10,1,1,255,-3.4693
1995,10,1,2,186,-3.6843
1995,10,1,3,117,-4.5627
1995,10,1,4,108,-4.6621
1995,10,1,5,114,-1.4720
1995,10,2,1,144,-6.7860
1995,10,2,2,96,-6.6524
1995,10,2,3,61,-4.4558
1995,10,2,4,81,-3.7142
1995,10,2,5,63,-3.7450
1995,10,3,1,111,-3.9665
1995,10,3,2,127,-0.1678
1995,10,3,3,129,0.8650
1995,10,3,4,120,1.0142
1995,10,3,5,118,0.6846
1995,11,1,1,253,1.1434
1995,11,1,2,183,1.9839
1995,11,1,3,117,1.2999
1995,11,1,4,107,1.9307
1995,11,1,5,114,1.5097
1995,11,2,1,144,5.2347
1995,11,2,2,96,2.8580
1995,11,2,3,61,5.4392
1995,11,2,4,81,6.6292
1995,11,2,5,63,3.2387
1995,11,3,1,109,2.1786
1995,11,3,2,127,3.0040
1995,11,3,3,129,5.2675
1995,11,3,4,120,3.9657
1995,11,3,5,118,3.4072
1995,12,1,1,252,1.2728
1995,12,1,2,182,0.5178
1995,12,1,3,117,3.5098
1995,12,1,4,106,2.6725
1995,12,1,5,114,2.9666
1995,12,2,1,142,2.4761
1995,12,2,2,95,1.7327
1995,12,2,3,61,4.0394
1995,12,2,4,81,0.0261
1995,12,2,5,63,1.9347
1995,12,3,1,109,-2.3242
1995,12,3,2,127,-0.9233
1995,12,3,3,129,0.6367
1995,12,3,4,119,5.2465
1995,12,3,5,117,3.9801
1996,1,1,1,249,0.8324
1996,1,1,2,180,-0.1251
1996,1,1,3,117,-0.1134
1996,1,1,4,106,-0.2900
1996,1,1,5,113,0.7517
1996,1,2,1,142,-1.0888
1996,1,2,2,95,-1.7404
1996,1,2,3,61,0.4949
1996,1,2,4,81,-0.3361
1996,1,2,5,63,-0.4615
1996,1,3,1,109,0.4959
1996,1,3,2,126,4.8887
1996,1,3,3,128,4.1771
1996,1,3,4,119,2.3841
1996,1,3,5,117,2.3573
1996,2,1,1,249,2.2190
1996,2,1,2,179,2.4466
1996,2,1,3,117,1.9576
1996,2,1,4,106,3.3079
1996,2,1,5,112,4.9077
1996,2,2,1,140,3.4896
1996,2,2,2,94,5.8391
1996,2,2,3,61,0.7696
1996,2,2,4,79,2.5341
1996,2,2,5,63,2.7890
1996,2,3,1,108,4.2587
1996,2,3,2,125,2.2489
1996,2,3,3,128,1.9843
1996,2,3,4,119,-1.1423
1996,2,3,5,117,0.9889
1996,3,1,1,244,3.4635
1996,3,1,2,178,2.0500
1996,3,1,3,117,3.2804
1996,3,1,4,105,3.4835
1996,3,1,5,111,0.4568
1996,3,2,1,140,4.6947
1996,3,2,2,94,2.5215
1996,3,2,3,61,1.6014
1996,3,2,4,79,3.8407
1996,3,2,5,62,1.3665
1996,3,3,1,106,1.6293
1996,3,3,2,125,0.1395
1996,3,3,3,128,2.3616
1996,3,3,4,119,1.3255
1996,3,3,5,117,-0.9119
1996,4,1,1,240,8.0113
1996,4,1,2,177,6.1398
1996,4,1,3,117,6.4560
1996,4,1,4,105,4.9537
1996,4,1,5,109,5.6260
1996,4,2,1,138,8.1539
1996,4,2,2,94,5.8908
1996,4,2,3,61,1.1803
1996,4,2,4,79,2.7014
1996,4,2,5,62,1.6739
1996,4,3,1,105,4.4937
1996,4,3,2,124,2.0526
1996,4,3,3,127,2.2930
1996,4,3,4,118,0.9567
1996,4,3,5,117,0.3059
1996,5,1,1,240,5.9190
1996,5,1,2,177,5.5605
1996,5,1,3,115,5.4160
1996,5,1,4,103,4.9925
1996,5,1,5,107,8.6163
1996,5,2,1,138,9.3193
1996,5,2,2,94,5.5133
1996,5,2,3,61,4.5845
1996,5,2,4,79,1.4889
1996,5,2,5,62,4.3761
1996,5,3,1,105,2.7894
1996,5,3,2,123,1.4653
1996,5,3,3,126,3.2812
1996,5,3,4,118,2.4778
1996,5,3,5,117,2.7883
1996,6,1,1,238,-4.4153
1996,6,1,2,174,-3.5441
1996,6,1,3,115,-2.2284
1996,6,1,4,103,-2.8190
1996,6,1,5,105,-5.4943
1996,6,2,1,137,-5.6840
1996,6,2,2,94,-3.1434
1996,6,2,3,61,-1.7446
1996,6,2,4,78,-2.1812
1996,6,2,5,62,-1.0098
1996,6,3,1,105,-1.4984
1996,6,3,2,123,-1.5764
1996,6,3,3,126,0.2883
1996,6,3,4,118,1.4193
1996,6,3,5,117,3.1293
1996,7,1,1,263,-8.4427
1996,7,1,2,183,-6.6140
1996,7,1,3,120,-4.2533
1996,7,1,4,116,-4.4012
1996,7,1,5,151,-4.2216
1996,7,2,1,151,-9.6404
1996,7,2,2,103,-8.6457
1996,7,2,3,76,-6.0636
1996,7,2,4,71,-5.8718
1996,7,2,5,74,-5.8796
1996,7,3,1,130,-7.4243
1996,7,3,2,123,-5.2343
1996,7,3,3,126,-4.2785
1996,7,3,4,126,-4.1744
1996,7,3,5,120,-2.3623
1996,8,1,1,262,4.4230
1996,8,1,2,182,6.1038
1996,8,1,3,119,4.7264
1996,8,1,4,116,3.6541
1996,8,1,5,151,2.2271
1996,8,2,1,150,6.5034
1996,8,2,2,100,3.9595
1996,8,2,3,76,4.3539
1996,8,2,4,71,4.5913
1996,8,2,5,73,3.2540
1996,8,3,1,129,3.9977
1996,8,3,2,123,3.4312
1996,8,3,3,126,2.2492
1996,8,3,4,126,1.4023
1996,8,3,5,120,0.8346
1996,9,1,1,261,2.3601
1996,9,1,2,177,2.9429
1996,9,1,3,118,2.1364
1996,9,1,4,116,-0.6792
1996,9,1,5,151,1.7594
1996,9,2,1,149,2.6557
1996,9,2,2,99,1.5902
1996,9,2,3,76,3.4669
1996,9,2,4,71,1.9551
1996,9,2,5,73,2.9828
1996,9,3,1,129,6.1890
1996,9,3,2,123,6.2397
1996,9,3,3,126,5.1753
1996,9,3,4,126,4.9386
1996,9,3,5,119,3.6143
1996,10,1,1,258,-1.1429
1996,10,1,2,176,0.8775
1996,10,1,3,116,0.0444
1996,10,1,4,116,1.0724
1996,10,1,5,151,1.4448
1996,10,2,1,149,-2.4257
1996,10,2,2,98,2.1552
1996,10,2,3,76,1.8916
1996,10,2,4,71,1.1936
1996,10,2,5,73,0.0441
1996,10,3,1,129,-1.7696
1996,10,3,2,122,-0.1854
1996,10,3,3,126,2.3601
1996,10,3,4,125,4.6425
1996,10,3,5,119,1.3600
1996,11,1,1,255,3.4845
1996,11,1,2,176,2.8949
1996,11,1,3,114,4.7704
1996,11,1,4,116,3.4831
1996,11,1,5,151,2.7803
1996,11,2,1,146,4.0696
1996,11,2,2,98,3.7349
1996,11,2,3,76,3.2533
1996,11,2,4,71,3.9597
1996,11,2,5,73,4.2186
1996,11,3,1,127,6.3150
1996,11,3,2,122,8.2725
1996,11,3,3,126,6.5989
1996,11,3,4,125,6.5064
1996,11,3,5,119,7.4527
1996,12,1,1,254,1.9993
1996,12,1,2,176,1.5713
1996,12,1,3,112,5.5803
1996,12,1,4,115,2.1859
1996,12,1,5,151,2.2055
1996,12,2,1,145,1.0675
1996,12,2,2,98,3.0273
1996,12,2,3,76,1.4147
1996,12,2,4,71,1.5955
1996,12,2,5,73,1.7804
1996,12,3,1,127,-3.3256
1996,12,3,2,121,-0.8003
1996,12,3,3,126,-0.7499
1996,12,3,4,125,-1.3981
1996,12,3,5,119,-0.5762
1997,1,1,1,254,4.2146
1997,1,1,2,174,5.0327
1997,1,1,3,112,1.7808
1997,1,1,4,115,4.9619
1997,1,1,5,151,3.3435
1997,1,2,1,143,2.9378
1997,1,2,2,97,0.8988
1997,1,2,3,75,0.9073
1997,1,2,4,71,3.1877
1997,1,2,5,73,1.5034
1997,1,3,1,127,3.1568
1997,1,3,2,120,6.4295
1997,1,3,3,125,7.0499
1997,1,3,4,123,5.5069
1997,1,3,5,118,3.5730
1997,2,1,1,252,-2.8167
1997,2,1,2,174,-3.4900
1997,2,1,3,112,-1.0247
1997,2,1,4,113,-0.0061
1997,2,1,5,149,-1.1221
1997,2,2,1,142,-3.5456
1997,2,2,2,97,0.3701
1997,2,2,3,74,0.5983
1997,2,2,4,71,-0.2979
1997,2,2,5,73,1.1487
1997,2,3,1,127,-3.7746
1997,2,3,2,119,0.1240
1997,2,3,3,124,0.3456
1997,2,3,4,123,0.3493
1997,2,3,5,117,2.3486
1997,3,1,1,251,-3.5695
1997,3,1,2,171,-3.8291
1997,3,1,3,112,-1.0459
1997,3,1,4,113,-0.8661
1997,3,1,5,147,-3.1412
1997,3,2,1,142,-4.3817
1997,3,2,2,96,-4.2574
1997,3,2,3,74,-1.1423
1997,3,2,4,69,-2.5688
1997,3,2,5,73,-2.3128
1997,3,3,1,127,-2.3181
1997,3,3,2,119,-4.3466
1997,3,3,3,124,-3.9657
1997,3,3,4,123,-2.1590
1997,3,3,5,117,-5.0151
1997,4,1,1,250,-1.8060
1997,4,1,2,170,-3.6269
1997,4,1,3,111,-3.2307
1997,4,1,4,112,-2.8936
1997,4,1,5,143,-1.5978
1997,4,2,1,141,0.5738
1997,4,2,2,96,0.2598
1997,4,2,3,74,2.5106
1997,4,2,4,69,1.7899
1997,4,2,5,72,0.5246
1997,4,3,1,127,3.5383
1997,4,3,2,119,9.7893
1997,4,3,3,124,6.3536
1997,4,3,4,123,4.5864
1997,4,3,5,117,3.4083
1997,5,1,1,249,10.8411
1997,5,1,2,169,11.0155
1997,5,1,3,111,7.4405
1997,5,1,4,112,6.7828
1997,5,1,5,143,7.3032
1997,5,2,1,141,11.1969
1997,5,2,2,96,11.5904
1997,5,2,3,74,9.6893
1997,5,2,4,69,10.2127
1997,5,2,5,72,7.9412
1997,5,3,1,127,10.2470
1997,5,3,2,119,4.8346
1997,5,3,3,124,5.0881
1997,5,3,4,123,5.5756
1997,5,3,5,116,6.4359
1997,6,1,1,246,6.1264
1997,6,1,2,169,7.9642
1997,6,1,3,110,6.3994
1997,6,1,4,112,6.9031
1997,6,1,5,143,4.4952
1997,6,2,1,141,3.5201
1997,6,2,2,96,7.0303
1997,6,2,3,73,5.2632
1997,6,2,4,69,3.5861
1997,6,2,5,72,2.0968
1997,6,3,1,125,3.8272
1997,6,3,2,119,3.8019
1997,6,3,3,124,2.1082
1997,6,3,4,122,5.4790
1997,6,3,5,116,5.3050
1997,7,1,1,255,7.0642
1997,7,1,2,174,4.6411
1997,7,1,3,140,6.5789
1997,7,1,4,121,6.6796
1997,7,1,5,169,5.5028
1997,7,2,1,142,4.7381
1997,7,2,2,95,5.2900
1997,7,2,3,76,7.3621
1997,7,2,4,66,1.5933
1997,7,2,5,71,4.9853
1997,7,3,1,152,11.7317
1997,7,3,2,123,6.2662
1997,7,3,3,140,8.5806
1997,7,3,4,136,3.5431
1997,7,3,5,123,5.6279
1997,8,1,1,253,4.8115
1997,8,1,2,172,3.8905
1997,8,1,3,139,3.9392
1997,8,1,4,121,2.8096
1997,8,1,5,168,6.0498
1997,8,2,1,141,4.6385
1997,8,2,2,95,1.9873
1997,8,2,3,74,2.9973
1997,8,2,4,65,3.3623
1997,8,2,5,71,1.4321
1997,8,3,1,151,-1.2707
1997,8,3,2,123,-7.0650
1997,8,3,3,139,-6.1719
1997,8,3,4,135,-4.2079
1997,8,3,5,123,-2.4671
1997,9,1,1,251,7.7416
1997,9,1,2,171,7.1571
1997,9,1,3,138,9.1127
1997,9,1,4,120,7.2159
1997,9,1,5,168,6.7971
1997,9,2,1,140,7.2288
1997,9,2,2,92,7.9781
1997,9,2,3,73,6.6542
1997,9,2,4,63,4.0488
1997,9,2,5,70,5.9712
1997,9,3,1,150,1.5692
1997,9,3,2,122,4.2051
1997,9,3,3,138,5.4636
1997,9,3,4,134,6.2695
1997,9,3,5,121,2.3679
1997,10,1,1,247,-4.8375
1997,10,1,2,169,-1.8416
1997,10,1,3,134,-2.1714
1997,10,1,4,118,-0.6653
1997,10,1,5,167,-2.0779
1997,10,2,1,140,-4.2273
1997,10,2,2,92,-5.2112
1997,10,2,3,73,-4.5402
1997,10,2,4,63,-1.7248
1997,10,2,5,69,-2.8955
1997,10,3,1,149,-6.3019
1997,10,3,2,120,-2.7108
1997,10,3,3,138,-3.4156
1997,10,3,4,133,-2.9121
1997,10,3,5,121,-3.3213
1997,11,1,1,241,-2.5594
1997,11,1,2,168,-0.3005
1997,11,1,3,132,1.4416
1997,11,1,4,118,-0.4841
1997,11,1,5,166,1.0104
1997,11,2,1,139,-2.0640
1997,11,2,2,90,-0.0687
1997,11,2,3,72,-0.8995
1997,11,2,4,61,2.3533
1997,11,2,5,69,1.3763
1997,11,3,1,148,2.3943
1997,11,3,2,120,5.8701
1997,11,3,3,137,5.1842
1997,11,3,4,133,4.7910
1997,11,3,5,121,7.6371
1997,12,1,1,240,-2.6759
1997,12,1,2,166,0.0633
1997,12,1,3,132,0.2179
1997,12,1,4,115,1.6759
1997,12,1,5,164,1.7928
1997,12,2,1,137,-1.7831
1997,12,2,2,89,1.4063
1997,12,2,3,71,1.9342
1997,12,2,4,61,5.0809
1997,12,2,5,67,3.1822
1997,12,3,1,148,-4.0815
1997,12,3,2,119,1.3698
1997,12,3,3,136,1.0931
1997,12,3,4,132,2.3505
1997,12,3,5,121,2.6654
1998,1,1,1,236,-1.4901
1998,1,1,2,165,-2.1337
1998,1,1,3,131,-4.4053
1998,1,1,4,115,1.1311
1998,1,1,5,162,-0.0430
1998,1,2,1,135,-1.6089
1998,1,2,2,88,-0.6084
1998,1,2,3,70,-1.8420
1998,1,2,4,60,-2.0971
1998,1,2,5,66,-2.5372
1998,1,3,1,148,2.8904
1998,1,3,2,118,3.4184
1998,1,3,3,136,1.7322
1998,1,3,4,132,2.0965
1998,1,3,5,121,-2.3222
1998,2,1,1,234,7.5585
1998,2,1,2,163,5.7699
1998,2,1,3,130,7.4478
1998,2,1,4,114,4.1288
1998,2,1,5,159,5.8399
1998,2,2,1,133,10.1471
1998,2,2,2,87,9.4755
1998,2,2,3,69,5.5763
1998,2,2,4,59,6.1152
1998,2,2,5,66,5.4205
1998,2,3,1,147,8.5698
1998,2,3,2,118,9.2152
1998,2,3,3,136,4.8518
1998,2,3,4,131,5.4260
1998,2,3,5,120,4.9886
1998,3,1,1,231,6.0301
1998,3,1,2,162,3.0366
1998,3,1,3,128,5.7764
1998,3,1,4,114,4.7270
1998,3,1,5,158,4.9880
1998,3,2,1,131,4.3414
1998,3,2,2,87,2.1772
1998,3,2,3,69,4.5234
1998,3,2,4,59,5.9898
1998,3,2,5,66,3.9954
1998,3,3,1,147,3.8010
1998,3,3,2,117,4.5820
1998,3,3,3,136,5.5532
1998,3,3,4,131,6.4328
1998,3,3,5,120,3.7944
1998,4,1,1,230,1.5063
1998,4,1,2,161,0.3178
1998,4,1,3,128,2.7476
1998,4,1,4,113,1.4800
1998,4,1,5,158,2.4056
1998,4,2,1,129,-0.1832
1998,4,2,2,87,0.4457
1998,4,2,3,69,0.4246
1998,4,2,4,59,-0.8117
1998,4,2,5,66,-0.0092
1998,4,3,1,147,0.8796
1998,4,3,2,117,2.2992
1998,4,3,3,136,0.4932
1998,4,3,4,131,-0.6010
1998,4,3,5,117,-0.8335
1998,5,1,1,227,-4.3913
1998,5,1,2,158,-3.3537
1998,5,1,3,128,-0.9006
1998,5,1,4,113,-2.1095
1998,5,1,5,156,-2.5124
1998,5,2,1,129,-6.2880
1998,5,2,2,86,-3.4039
1998,5,2,3,69,-3.6290
1998,5,2,4,59,-4.0067
1998,5,2,5,65,-2.9471
1998,5,3,1,147,-3.7052
1998,5,3,2,117,-3.2486
1998,5,3,3,136,-1.5812
1998,5,3,4,131,-1.0972
1998,5,3,5,116,0.9249
1998,6,1,1,226,-2.6754
1998,6,1,2,158,-2.1421
1998,6,1,3,127,0.3136
1998,6,1,4,113,1.6072
1998,6,1,5,156,1.5455
1998,6,2,1,128,0.0037
1998,6,2,2,86,0.6148
1998,6,2,3,68,-4.3874
1998,6,2,4,59,2.2163
1998,6,2,5,65,-1.2906
1998,6,3,1,147,4.9387
1998,6,3,2,117,6.7709
1998,6,3,3,133,1.4931
1998,6,3,4,131,3.7175
1998,6,3,5,115,0.7191
1998,7,1,1,291,-8.5634
1998,7,1,2,148,-5.8965
1998,7,1,3,127,-5.9215
1998,7,1,4,132,-5.5986
1998,7,1,5,164,-2.4683
1998,7,2,1,148,-8.5921
1998,7,2,2,93,-6.9625
1998,7,2,3,77,-8.6773
1998,7,2,4,83,-6.6453
1998,7,2,5,65,-5.8920
1998,7,3,1,148,-0.2435
1998,7,3,2,127,-1.9691
1998,7,3,3,136,-1.3657
1998,7,3,4,138,-2.9381
1998,7,3,5,131,-0.7176
1998,8,1,1,287,-20.1130
1998,8,1,2,146,-15.2443
1998,8,1,3,127,-16.9391
1998,8,1,4,132,-13.4195
1998,8,1,5,163,-17.5374
1998,8,2,1,148,-20.3921
1998,8,2,2,92,-16.2972
1998,8,2,3,77,-14.6932
1998,8,2,4,83,-11.7598
1998,8,2,5,64,-13.3264
1998,8,3,1,148,-17.6635
1998,8,3,2,126,-14.2751
1998,8,3,3,134,-11.5122
1998,8,3,4,137,-7.8478
1998,8,3,5,129,-11.5812
1998,9,1,1,285,4.0501
1998,9,1,2,146,-1.3813
1998,9,1,3,127,1.0830
1998,9,1,4,131,0.8129
1998,9,1,5,160,1.5847
1998,9,2,1,146,7.9705
1998,9,2,2,92,5.1278
1998,9,2,3,77,2.7308
1998,9,2,4,83,5.0219
1998,9,2,5,64,4.1270
1998,9,3,1,147,4.4543
1998,9,3,2,125,8.4202
1998,9,3,3,133,7.1715
1998,9,3,4,136,8.1042
1998,9,3,5,129,6.0659
1998,10,1,1,283,4.4116
1998,10,1,2,146,2.3599
1998,10,1,3,127,2.4607
1998,10,1,4,130,1.4974
1998,10,1,5,158,4.0332
1998,10,2,1,145,5.6120
1998,10,2,2,92,3.5433
1998,10,2,3,75,4.3497
1998,10,2,4,83,4.1987
1998,10,2,5,64,3.4088
1998,10,3,1,144,11.3225
1998,10,3,2,125,4.7357
1998,10,3,3,132,8.5784
1998,10,3,4,136,5.7597
1998,10,3,5,129,7.5905
1998,11,1,1,278,3.7945
1998,11,1,2,145,4.0886
1998,11,1,3,125,5.7654
1998,11,1,4,129,7.1153
1998,11,1,5,156,6.5660
1998,11,2,1,144,5.7915
1998,11,2,2,91,5.3295
1998,11,2,3,74,3.0928
1998,11,2,4,83,4.2304
1998,11,2,5,64,2.4300
1998,11,3,1,144,8.2055
1998,11,3,2,124,5.7993
1998,11,3,3,131,5.4092
1998,11,3,4,135,5.6216
1998,11,3,5,128,6.2375
1998,12,1,1,275,2.0482
1998,12,1,2,145,2.7009
1998,12,1,3,124,1.0040
1998,12,1,4,128,2.3128
1998,12,1,5,153,5.8179
1998,12,2,1,143,5.5750
1998,12,2,2,91,5.3592
1998,12,2,3,74,2.5096
1998,12,2,4,83,5.3383
1998,12,2,5,64,3.1364
1998,12,3,1,144,11.6613
1998,12,3,2,124,5.8867
1998,12,3,3,128,8.8590
1998,12,3,4,135,0.7813
1998,12,3,5,127,3.0831
1999,1,1,1,269,4.1314
1999,1,1,2,144,0.2018
1999,1,1,3,123,4.2406
1999,1,1,4,127,3.4922
1999,1,1,5,151,3.2082
1999,1,2,1,143,0.9965
1999,1,2,2,91,-4.6292
1999,1,2,3,73,-2.6510
1999,1,2,4,83,-4.3127
1999,1,2,5,64,-3.0275
1999,1,3,1,143,7.6675
1999,1,3,2,124,8.5229
1999,1,3,3,128,3.6572
1999,1,3,4,135,-1.2921
1999,1,3,5,127,-0.3827
1999,2,1,1,265,-7.4893
1999,2,1,2,141,-7.6552
1999,2,1,3,123,-7.9054
1999,2,1,4,127,-3.2226
1999,2,1,5,150,-7.1777
1999,2,2,1,143,-7.2577
1999,2,2,2,90,-8.5432
1999,2,2,3,73,-8.0708
1999,2,2,4,82,-6.2920
1999,2,2,5,64,-6.3267
1999,2,3,1,140,-6.2956
1999,2,3,2,124,-5.7989
1999,2,3,3,128,-3.8150
1999,2,3,4,134,-2.1236
1999,2,3,5,126,-3.4652
1999,3,1,1,263,-3.5888
1999,3,1,2,141,-8.9542
1999,3,1,3,123,-3.3762
1999,3,1,4,126,-4.5394
1999,3,1,5,147,-0.3998
1999,3,2,1,141,1.8736
1999,3,2,2,90,-1.7485
1999,3,2,3,73,0.1269
1999,3,2,4,81,-1.2819
1999,3,2,5,64,-3.3283
1999,3,3,1,140,5.5735
1999,3,3,2,124,6.0934
1999,3,3,3,127,2.5742
1999,3,3,4,134,0.4439
1999,3,3,5,126,1.8324
1999,4,1,1,262,6.7706
1999,4,1,2,138,12.2524
1999,4,1,3,120,11.2799
1999,4,1,4,125,8.9267
1999,4,1,5,146,9.8196
1999,4,2,1,140,5.9601
1999,4,2,2,89,9.7626
1999,4,2,3,72,9.2159
1999,4,2,4,80,10.3096
1999,4,2,5,63,8.6217
1999,4,3,1,138,3.9724
1999,4,3,2,123,0.1104
1999,4,3,3,126,1.9299
1999,4,3,4,134,7.1500
1999,4,3,5,122,11.8243
1999,5,1,1,258,4.6122
1999,5,1,2,136,4.2744
1999,5,1,3,118,5.2797
1999,5,1,4,124,3.7547
1999,5,1,5,145,7.2825
1999,5,2,1,140,3.3458
1999,5,2,2,89,1.6741
1999,5,2,3,72,3.4337
1999,5,2,4,80,3.1049
1999,5,2,5,63,4.5879
1999,5,3,1,138,-3.0483
1999,5,3,2,122,-2.4201
1999,5,3,3,124,-1.2056
1999,5,3,4,134,-1.9911
1999,5,3,5,122,1.1393
1999,6,1,1,256,7.4523
1999,6,1,2,135,4.8063
1999,6,1,3,117,8.5361
1999,6,1,4,123,7.9715
1999,6,1,5,143,4.0563
1999,6,2,1,139,8.9380
1999,6,2,2,89,5.8437
1999,6,2,3,72,4.2398
1999,6,2,4,80,4.1845
1999,6,2,5,61,3.0290
1999,6,3,1,138,10.4813
1999,6,3,2,123,6.3655
1999,6,3,3,122,5.6401
1999,6,3,4,133,3.7093
1999,6,3,5,122,3.9155
1999,7,1,1,284,0.8532
1999,7,1,2,186,1.8755
1999,7,1,3,154,3.4039
1999,7,1,4,132,-0.9298
1999,7,1,5,227,1.6670
1999,7,2,1,154,-0.9155
1999,7,2,2,99,-3.6602
1999,7,2,3,92,0.2132
1999,7,2,4,91,-0.4343
1999,7,2,5,93,-1.3289
1999,7,3,1,175,-4.1337
1999,7,3,2,148,-3.2535
1999,7,3,3,130,0.4177
1999,7,3,4,128,-0.9156
1999,7,3,5,112,-3.0520
1999,8,1,1,283,-2.8516
1999,8,1,2,183,-2.6640
1999,8,1,3,154,-2.0033
1999,8,1,4,132,-0.9685
1999,8,1,5,224,-3.1099
1999,8,2,1,153,-4.6578
1999,8,2,2,98,-5.3255
1999,8,2,3,90,-2.5914
1999,8,2,4,89,-2.8659
1999,8,2,5,92,-2.5082
1999,8,3,1,175,3.2924
1999,8,3,2,148,-1.2738
1999,8,3,3,128,-0.1205
1999,8,3,4,128,-2.4465
1999,8,3,5,112,-0.4389
1999,9,1,1,280,-1.3408
1999,9,1,2,180,-5.0715
1999,9,1,3,152,-0.9333
1999,9,1,4,131,-4.5101
1999,9,1,5,224,-2.6989
1999,9,2,1,150,-1.1308
1999,9,2,2,98,0.8335
1999,9,2,3,88,-1.4053
1999,9,2,4,88,-0.4975
1999,9,2,5,91,1.1651
1999,9,3,1,174,-0.6864
1999,9,3,2,147,-3.5381
1999,9,3,3,127,-4.4580
1999,9,3,4,127,-4.0975
1999,9,3,5,109,-3.6644
1999,10,1,1,275,-2.6385
1999,10,1,2,178,-5.1203
1999,10,1,3,150,-1.9902
1999,10,1,4,129,-1.8757
1999,10,1,5,218,-2.4393
1999,10,2,1,149,0.4535
1999,10,2,2,98,-6.2251
1999,10,2,3,86,-0.8614
1999,10,2,4,88,-2.9010
1999,10,2,5,91,-2.4120
1999,10,3,1,173,4.1851
1999,10,3,2,144,9.3071
1999,10,3,3,127,-0.6194
1999,10,3,4,127,2.0126
1999,10,3,5,108,4.5941
1999,11,1,1,273,8.8064
1999,11,1,2,174,10.8178
1999,11,1,3,149,8.3447
1999,11,1,4,129,6.9683
1999,11,1,5,216,5.0747
1999,11,2,1,148,9.7313
1999,11,2,2,98,6.8032
1999,11,2,3,85,1.5407
1999,11,2,4,88,3.5127
1999,11,2,5,90,3.5858
1999,11,3,1,170,6.9577
1999,11,3,2,143,0.1076
1999,11,3,3,125,2.8804
1999,11,3,4,127,-3.0878
1999,11,3,5,107,-1.5542
1999,12,1,1,272,12.5373
1999,12,1,2,171,6.7803
1999,12,1,3,148,10.0218
1999,12,1,4,128,4.7737
1999,12,1,5,212,8.0821
1999,12,2,1,144,11.5614
1999,12,2,2,96,6.0541
1999,12,2,3,85,3.8403
1999,12,2,4,86,5.2280
1999,12,2,5,89,7.5594
1999,12,3,1,169,15.8174
1999,12,3,2,142,0.9048
1999,12,3,3,124,2.9761
1999,12,3,4,127,0.5684
1999,12,3,5,105,3.2943
2000,1,1,1,270,5.8037
2000,1,1,2,169,8.3352
2000,1,1,3,147,-0.5013
2000,1,1,4,126,3.6355
2000,1,1,5,210,4.7911
2000,1,2,1,141,-1.1729
2000,1,2,2,93,-3.6730
2000,1,2,3,85,-3.7483
2000,1,2,4,86,-2.6830
2000,1,2,5,88,-2.8209
2000,1,3,1,169,-10.1539
2000,1,3,2,142,-4.4794
2000,1,3,3,121,1.8285
2000,1,3,4,126,-5.8888
2000,1,3,5,104,-6.7418
2000,2,1,1,269,19.6740
2000,2,1,2,168,21.6857
2000,2,1,3,146,9.1062
2000,2,1,4,126,11.7646
2000,2,1,5,209,17.2165
2000,2,2,1,140,22.8005
2000,2,2,2,92,6.1440
2000,2,2,3,85,4.4705
2000,2,2,4,86,-0.7126
2000,2,2,5,87,0.9537
2000,2,3,1,168,6.2627
2000,2,3,2,141,-4.9853
2000,2,3,3,120,-4.5185
2000,2,3,4,126,-7.8049
2000,2,3,5,104,-6.7660
2000,3,1,1,265,-11.1304
2000,3,1,2,165,-6.0611
2000,3,1,3,145,4.3748
2000,3,1,4,126,0.5424
2000,3,1,5,207,-3.3546
2000,3,2,1,137,-7.1453
2000,3,2,2,91,4.0120
2000,3,2,3,83,-4.6765
2000,3,2,4,84,2.7400
2000,3,2,5,86,3.1943
2000,3,3,1,167,8.8592
2000,3,3,2,141,8.4299
2000,3,3,3,119,9.3770
2000,3,3,4,126,8.0787
2000,3,3,5,103,10.2882
2000,4,1,1,264,-15.2139
2000,4,1,2,164,-6.0289
2000,4,1,3,143,-0.1831
2000,4,1,4,125,-8.1995
2000,4,1,5,201,-8.1222
2000,4,2,1,136,-4.2288
2000,4,2,2,90,0.9098
2000,4,2,3,82,2.2350
2000,4,2,4,82,-1.8553
2000,4,2,5,86,-0.8119
2000,4,3,1,167,-7.9084
2000,4,3,2,141,2.4590
2000,4,3,3,119,-1.8497
2000,4,3,4,126,2.2034
2000,4,3,5,101,4.9880
2000,5,1,1,263,-10.7414
2000,5,1,2,162,-4.9405
2000,5,1,3,143,-6.9919
2000,5,1,4,124,-3.6411
2000,5,1,5,199,-5.0990
2000,5,2,1,134,-8.5157
2000,5,2,2,89,-2.9766
2000,5,2,3,78,-2.3057
2000,5,2,4,81,-4.7687
2000,5,2,5,85,-0.0994
2000,5,3,1,166,-6.6328
2000,5,3,2,140,1.7875
2000,5,3,3,117,-0.5986
2000,5,3,4,125,2.5714
2000,5,3,5,101,-4.4199
2000,6,1,1,262,15.2831
2000,6,1,2,161,25.7694
2000,6,1,3,140,12.3649
2000,6,1,4,122,7.0252
2000,6,1,5,197,9.0750
2000,6,2,1,133,10.4891
2000,6,2,2,88,4.4912
2000,6,2,3,78,5.0758
2000,6,2,4,81,-0.6877
2000,6,2,5,84,1.5823
2000,6,3,1,166,7.3396
2000,6,3,2,140,1.4271
2000,6,3,3,116,1.4787
2000,6,3,4,125,-5.6209
2000,6,3,5,100,-5.4029
2000,7,1,1,289,-0.0021
2000,7,1,2,186,0.1777
2000,7,1,3,158,0.4724
2000,7,1,4,143,2.4637
2000,7,1,5,227,1.3323
2000,7,2,1,147,-3.2852
2000,7,2,2,111,3.2022
2000,7,2,3,85,-1.0001
2000,7,2,4,95,1.4967
2000,7,2,5,74,0.3913
2000,7,3,1,215,-5.2957
2000,7,3,2,129,-4.2436
2000,7,3,3,119,0.1636
2000,7,3,4,112,-2.8297
2000,7,3,5,89,2.4287
2000,8,1,1,287,10.4416
2000,8,1,2,185,4.6268
2000,8,1,3,157,4.6920
2000,8,1,4,142,4.9253
2000,8,1,5,227,4.0463
2000,8,2,1,146,7.3623
2000,8,2,2,109,4.7768
2000,8,2,3,85,3.0191
2000,8,2,4,94,8.5074
2000,8,2,5,73,4.8976
2000,8,3,1,215,7.2434
2000,8,3,2,126,4.6432
2000,8,3,3,117,3.2537
2000,8,3,4,112,4.3965
2000,8,3,5,88,9.0125
2000,9,1,1,283,-6.0064
2000,9,1,2,183,-0.3287
2000,9,1,3,155,-3.8154
2000,9,1,4,142,-2.2048
2000,9,1,5,223,-2.1841
2000,9,2,1,146,-4.3625
2000,9,2,2,109,-1.6883
2000,9,2,3,82,0.9503
2000,9,2,4,94,1.0411
2000,9,2,5,73,0.1842
2000,9,3,1,212,-8.0658
2000,9,3,2,126,-7.4310
2000,9,3,3,117,-1.4397
2000,9,3,4,111,1.0833
2000,9,3,5,87,5.8660
2000,10,1,1,281,-7.0955
2000,10,1,2,182,-6.3977
2000,10,1,3,151,-6.0512
2000,10,1,4,141,-2.0004
2000,10,1,5,219,-3.1018
2000,10,2,1,146,-1.8686
2000,10,2,2,106,-0.9290
2000,10,2,3,80,0.5807
2000,10,2,4,93,0.4563
2000,10,2,5,72,0.5403
2000,10,3,1,208,-2.8254
2000,10,3,2,126,3.8408
2000,10,3,3,115,5.5588
2000,10,3,4,111,6.1259
2000,10,3,5,86,5.5957
2000,11,1,1,276,-10.2848
2000,11,1,2,180,-6.2139
2000,11,1,3,148,-3.0885
2000,11,1,4,140,-5.3766
2000,11,1,5,213,-3.5403
2000,11,2,1,144,-9.8614
2000,11,2,2,106,-2.6799
2000,11,2,3,79,-2.3260
2000,11,2,4,92,-0.9811
2000,11,2,5,72,0.4589
2000,11,3,1,207,-12.3146
2000,11,3,2,125,-2.5794
2000,11,3,3,114,-2.3688
2000,11,3,4,110,-1.4680
2000,11,3,5,85,2.4524
2000,12,1,1,271,-3.1334
2000,12,1,2,178,1.1363
2000,12,1,3,144,-0.0220
2000,12,1,4,137,-1.2081
2000,12,1,5,211,1.6203
2000,12,2,1,142,9.0004
2000,12,2,2,105,7.9416
2000,12,2,3,77,10.3947
2000,12,2,4,91,8.3793
2000,12,2,5,72,9.1437
2000,12,3,1,207,-2.5714
2000,12,3,2,124,-0.3691
2000,12,3,3,113,1.5274
2000,12,3,4,109,5.2820
2000,12,3,5,83,5.9943
2001,1,1,1,268,16.9605
2001,1,1,2,175,12.1552
2001,1,1,3,140,12.1289
2001,1,1,4,135,12.3428
2001,1,1,5,208,13.4474
2001,1,2,1,140,7.7302
2001,1,2,2,103,4.0362
2001,1,2,3,76,3.6023
2001,1,2,4,91,2.6540
2001,1,2,5,72,2.0392
2001,1,3,1,207,7.6165
2001,1,3,2,124,0.7671
2001,1,3,3,113,2.6652
2001,1,3,4,107,-1.4167
2001,1,3,5,81,-4.9387
2001,2,1,1,263,-2.5061
2001,2,1,2,171,-2.1829
2001,2,1,3,138,-4.3612
2001,2,1,4,134,0.1710
2001,2,1,5,205,0.7526
2001,2,2,1,138,-6.5930
2001,2,2,2,102,0.2066
2001,2,2,3,74,-0.5196
2001,2,2,4,90,1.1854
2001,2,2,5,71,5.8335
2001,2,3,1,205,-10.9184
2001,2,3,2,124,-4.3052
2001,2,3,3,113,-2.7942
2001,2,3,4,106,2.0336
2001,2,3,5,81,4.6304
2001,3,1,1,262,-3.5157
2001,3,1,2,171,-4.3358
2001,3,1,3,137,-3.2636
2001,3,1,4,133,-1.4564
2001,3,1,5,203,-1.5842
2001,3,2,1,137,-3.8588
2001,3,2,2,102,-3.9649
2001,3,2,3,72,-0.0322
2001,3,2,4,89,1.0224
2001,3,2,5,71,-2.9517
2001,3,3,1,204,-7.6262
2001,3,3,2,122,-6.1679
2001,3,3,3,113,-3.9927
2001,3,3,4,106,-2.5086
2001,3,3,5,79,-1.6467
2001,4,1,1,257,9.0074
2001,4,1,2,168,4.6364
2001,4,1,3,136,8.2965
2001,4,1,4,133,6.2338
2001,4,1,5,203,4.1469
2001,4,2,1,137,10.0020
2001,4,2,2,102,6.8487
2001,4,2,3,71,5.2994
2001,4,2,4,88,2.3762
2001,4,2,5,71,5.4487
2001,4,3,1,202,11.4535
2001,4,3,2,121,5.5093
2001,4,3,3,112,7.2684
2001,4,3,4,106,3.1807
2001,4,3,5,78,5.7780
2001,5,1,1,253,10.8712
2001,5,1,2,165,9.9845
2001,5,1,3,135,11.9687
2001,5,1,4,132,9.6457
2001,5,1,5,202,8.6304
2001,5,2,1,137,1.6925
2001,5,2,2,102,4.6819
2001,5,2,3,70,4.2076
2001,5,2,4,86,2.3866
2001,5,2,5,70,2.4709
2001,5,3,1,201,-0.3054
2001,5,3,2,121,0.7872
2001,5,3,3,112,0.3408
2001,5,3,4,106,2.2041
2001,5,3,5,78,2.7104
2001,6,1,1,252,1.1951
2001,6,1,2,163,-0.6810
2001,6,1,3,133,-1.1498
2001,6,1,4,130,2.7733
2001,6,1,5,201,0.4969
2001,6,2,1,137,2.8988
2001,6,2,2,99,5.3314
2001,6,2,3,69,2.2918
2001,6,2,4,85,2.8356
2001,6,2,5,70,4.2174
2001,6,3,1,200,-1.0279
2001,6,3,2,120,-3.2114
2001,6,3,3,111,-4.6551
2001,6,3,4,106,-1.0348
2001,6,3,5,78,-2.0852
2001,7,1,1,212,-0.5984
2001,7,1,2,129,0.1119
2001,7,1,3,138,1.6167
2001,7,1,4,139,1.0707
2001,7,1,5,249,2.4325
2001,7,2,1,128,-5.6047
2001,7,2,2,92,-2.0711
2001,7,2,3,88,-2.2352
2001,7,2,4,93,-2.5754
2001,7,2,5,75,1.1750
2001,7,3,1,173,0.6879
2001,7,3,2,129,0.2927
2001,7,3,3,118,1.4644
2001,7,3,4,108,-0.2511
2001,7,3,5,83,-1.1654
2001,8,1,1,209,-5.6865
2001,8,1,2,129,-2.5241
2001,8,1,3,137,0.1854
2001,8,1,4,139,-0.7144
2001,8,1,5,248,0.1616
2001,8,2,1,126,-2.8778
2001,8,2,2,92,-0.8590
2001,8,2,3,88,0.2398
2001,8,2,4,92,0.2308
2001,8,2,5,75,2.0813
2001,8,3,1,173,-7.0562
2001,8,3,2,128,-5.8794
2001,8,3,3,118,-4.7977
2001,8,3,4,107,-0.5498
2001,8,3,5,83,-4.4734
2001,9,1,1,205,-17.1482
2001,9,1,2,129,-15.4677
2001,9,1,3,135,-10.9418
2001,9,1,4,138,-11.3713
2001,9,1,5,244,-11.9016
2001,9,2,1,124,-14.3264
2001,9,2,2,92,-13.4139
2001,9,2,3,88,-12.1800
2001,9,2,4,91,-12.7908
2001,9,2,5,75,-15.1286
2001,9,3,1,170,-9.0013
2001,9,3,2,126,-6.9475
2001,9,3,3,117,-4.6708
2001,9,3,4,105,-7.4585
2001,9,3,5,83,-15.0361
2001,10,1,1,203,4.9333
2001,10,1,2,129,6.9281
2001,10,1,3,134,5.5277
2001,10,1,4,134,3.9511
2001,10,1,5,241,4.2848
2001,10,2,1,124,5.9081
2001,10,2,2,92,3.1530
2001,10,2,3,87,3.1710
2001,10,2,4,89,3.4466
2001,10,2,5,75,5.8128
2001,10,3,1,169,4.7848
2001,10,3,2,126,4.1467
2001,10,3,3,117,0.2124
2001,10,3,4,105,2.7864
2001,10,3,5,83,1.1281
2001,11,1,1,200,7.0434
2001,11,1,2,128,5.4129
2001,11,1,3,133,5.4079
2001,11,1,4,132,6.8982
2001,11,1,5,239,6.6284
2001,11,2,1,123,7.7295
2001,11,2,2,92,7.6605
2001,11,2,3,87,7.0531
2001,11,2,4,88,8.9269
2001,11,2,5,75,9.0161
2001,11,3,1,169,7.8368
2001,11,3,2,125,7.6574
2001,11,3,3,115,4.5422
2001,11,3,4,104,4.1407
2001,11,3,5,82,12.6152
2001,12,1,1,196,5.8565
2001,12,1,2,125,9.7750
2001,12,1,3,131,7.0786
2001,12,1,4,132,7.6858
2001,12,1,5,234,6.4463
2001,12,2,1,123,7.2253
2001,12,2,2,92,7.3329
2001,12,2,3,87,5.7999
2001,12,2,4,88,5.2746
2001,12,2,5,75,6.9779
2001,12,3,1,169,0.1763
2001,12,3,2,125,0.6662
2001,12,3,3,115,2.7309
2001,12,3,4,103,3.0906
2001,12,3,5,82,1.0959
2002,1,1,1,194,4.5730
2002,1,1,2,124,0.3882
2002,1,1,3,130,2.3724
2002,1,1,4,130,3.0261
2002,1,1,5,234,4.1751
2002,1,2,1,123,-0.3556
2002,1,2,2,91,1.7474
2002,1,2,3,86,1.7366
2002,1,2,4,88,2.5712
2002,1,2,5,75,3.5822
2002,1,3,1,168,-1.3094
2002,1,3,2,125,-0.0491
2002,1,3,3,115,0.0490
2002,1,3,4,102,1.5261
2002,1,3,5,81,2.6816
2002,2,1,1,193,-5.8105
2002,2,1,2,122,-0.2245
2002,2,1,3,128,-4.3395
2002,2,1,4,129,-1.3385
2002,2,1,5,234,0.9343
2002,2,2,1,123,-2.9140
2002,2,2,2,91,2.7401
2002,2,2,3,86,1.0064
2002,2,2,4,88,2.4471
2002,2,2,5,75,1.2579
2002,2,3,1,167,-2.1515
2002,2,3,2,124,-1.2287
2002,2,3,3,113,0.2244
2002,2,3,4,100,2.1839
2002,2,3,5,81,1.0676
2002,3,1,1,193,6.8079
2002,3,1,2,123,9.9449
2002,3,1,3,127,8.0947
2002,3,1,4,126,7.7485
2002,3,1,5,231,9.8900
2002,3,2,1,123,8.8692
2002,3,2,2,91,7.1318
2002,3,2,3,86,7.4565
2002,3,2,4,88,9.5195
2002,3,2,5,75,8.8980
2002,3,3,1,167,4.3289
2002,3,3,2,124,3.0244
2002,3,3,3,113,1.6164
2002,3,3,4,100,4.1477
2002,3,3,5,80,3.8504
2002,4,1,1,192,0.7163
2002,4,1,2,124,2.6635
2002,4,1,3,127,5.7223
2002,4,1,4,126,6.9534
2002,4,1,5,227,9.4816
2002,4,2,1,123,2.4586
2002,4,2,2,90,2.8133
2002,4,2,3,86,3.9875
2002,4,2,4,88,3.3084
2002,4,2,5,75,3.7025
2002,4,3,1,167,-5.8448
2002,4,3,2,124,-6.4603
2002,4,3,3,112,-6.5587
2002,4,3,4,100,-1.0022
2002,4,3,5,79,-1.5326
2002,5,1,1,190,-3.5641
2002,5,1,2,122,-3.3371
2002,5,1,3,127,-0.6228
2002,5,1,4,124,-1.6790
2002,5,1,5,225,0.7139
2002,5,2,1,123,-4.9489
2002,5,2,2,90,-2.4867
2002,5,2,3,86,-3.7941
2002,5,2,4,87,-2.1662
2002,5,2,5,75,-1.4254
2002,5,3,1,167,-2.5527
2002,5,3,2,124,-0.6493
2002,5,3,3,112,-0.3160
2002,5,3,4,100,0.5334
2002,5,3,5,79,2.7616
2002,6,1,1,189,-5.6349
2002,6,1,2,118,-3.5255
2002,6,1,3,125,-1.8798
2002,6,1,4,124,1.2665
2002,6,1,5,222,1.4568
2002,6,2,1,123,-5.6782
2002,6,2,2,90,-2.6359
2002,6,2,3,86,-1.5564
2002,6,2,4,87,-2.3882
2002,6,2,5,74,-5.8574
2002,6,3,1,166,-7.2341
2002,6,3,2,123,-7.8063
2002,6,3,3,111,-4.7080
2002,6,3,4,100,-7.0543
2002,6,3,5,79,-7.7305
2002,7,1,1,305,-17.5027
2002,7,1,2,143,-12.6845
2002,7,1,3,117,-13.5788
2002,7,1,4,118,-10.3816
2002,7,1,5,226,-12.2707
2002,7,2,1,145,-15.8839
2002,7,2,2,75,-16.1862
2002,7,2,3,65,-16.1576
2002,7,2,4,66,-11.3854
2002,7,2,5,62,-15.1685
2002,7,3,1,124,-10.2425
2002,7,3,2,115,-9.6707
2002,7,3,3,123,-3.5276
2002,7,3,4,112,-8.6876
2002,7,3,5,96,-5.8534
2002,8,1,1,300,-1.9443
2002,8,1,2,142,-1.0070
2002,8,1,3,117,-1.9697
2002,8,1,4,118,-0.9599
2002,8,1,5,225,-2.0207
2002,8,2,1,144,-0.5885
2002,8,2,2,75,-0.8881
2002,8,2,3,65,2.9672
2002,8,2,4,66,0.7375
2002,8,2,5,62,2.1521
2002,8,3,1,124,3.8165
2002,8,3,2,115,0.6836
2002,8,3,3,123,-1.3220
2002,8,3,4,111,-0.9760
2002,8,3,5,96,0.3817
2002,9,1,1,298,-10.7552
2002,9,1,2,141,-6.2424
2002,9,1,3,117,-5.7926
2002,9,1,4,116,-7.8949
2002,9,1,5,221,-7.9779
2002,9,2,1,144,-7.9879
2002,9,2,2,75,-7.6039
2002,9,2,3,65,-5.4213
2002,9,2,4,65,-7.4903
2002,9,2,5,62,-6.7602
2002,9,3,1,124,-7.8098
2002,9,3,2,115,-9.6415
2002,9,3,3,123,-11.2010
2002,9,3,4,111,-10.5893
2002,9,3,5,96,-11.5431
2002,10,1,1,298,5.8707
2002,10,1,2,139,2.9529
2002,10,1,3,116,2.2431
2002,10,1,4,116,3.4578
2002,10,1,5,218,1.8680
2002,10,2,1,144,5.8373
2002,10,2,2,75,5.1153
2002,10,2,3,65,5.3593
2002,10,2,4,65,-0.3028
2002,10,2,5,62,4.5431
2002,10,3,1,124,8.8373
2002,10,3,2,115,7.8431
2002,10,3,3,122,8.8286
2002,10,3,4,111,11.1504
2002,10,3,5,96,4.2852
2002,11,1,1,294,15.9401
2002,11,1,2,138,10.9073
2002,11,1,3,115,5.4350
2002,11,1,4,114,7.4650
2002,11,1,5,215,8.8549
2002,11,2,1,143,10.1102
2002,11,2,2,75,8.5740
2002,11,2,3,65,2.5135
2002,11,2,4,65,4.9105
2002,11,2,5,62,4.6576
2002,11,3,1,124,3.3292
2002,11,3,2,115,6.9749
2002,11,3,3,121,4.7373
2002,11,3,4,111,5.9458
2002,11,3,5,96,6.9213
2002,12,1,1,290,-7.4233
2002,12,1,2,137,-1.7074
2002,12,1,3,115,-2.4287
2002,12,1,4,113,-1.8414
2002,12,1,5,215,-2.3997
2002,12,2,1,143,-6.2406
2002,12,2,2,75,-5.2922
2002,12,2,3,64,-3.0602
2002,12,2,4,65,-1.8764
2002,12,2,5,62,-3.7957
2002,12,3,1,124,-5.8972
2002,12,3,2,115,-7.2322
2002,12,3,3,121,-6.3932
2002,12,3,4,111,-3.8596
2002,12,3,5,96,-3.0882
2003,1,1,1,288,-1.2066
2003,1,1,2,137,-3.1048
2003,1,1,3,112,-3.0925
2003,1,1,4,112,-1.8701
2003,1,1,5,212,-1.6533
2003,1,2,1,143,-4.6075
2003,1,2,2,75,-3.4651
2003,1,2,3,64,-3.4549
2003,1,2,4,65,-2.2850
2003,1,2,5,61,-1.6751
2003,1,3,1,124,-2.0056
2003,1,3,2,115,-4.3905
2003,1,3,3,120,-2.4989
2003,1,3,4,111,-3.1637
2003,1,3,5,96,-2.7905
2003,2,1,1,286,-4.2983
2003,2,1,2,137,-2.5651
2003,2,1,3,111,-0.9457
2003,2,1,4,112,-4.8268
2003,2,1,5,210,-3.0804
2003,2,2,1,141,-3.6812
2003,2,2,2,75,-3.1250
2003,2,2,3,63,-1.3252
2003,2,2,4,65,-2.7636
2003,2,2,5,61,-3.9300
2003,2,3,1,124,-0.1272
2003,2,3,2,115,-0.4952
2003,2,3,3,119,-0.1443
2003,2,3,4,111,-3.3954
2003,2,3,5,96,-3.4288
2003,3,1,1,284,1.0997
2003,3,1,2,135,2.1743
2003,3,1,3,109,-3.3703
2003,3,1,4,112,-0.4812
2003,3,1,5,209,0.5307
2003,3,2,1,141,1.8349
2003,3,2,2,75,1.6411
2003,3,2,3,63,1.8511
2003,3,2,4,65,1.3804
2003,3,2,5,61,1.4082
2003,3,3,1,124,3.2491
2003,3,3,2,114,1.6046
2003,3,3,3,119,2.8628
2003,3,3,4,111,0.5297
2003,3,3,5,96,-1.7571
2003,4,1,1,277,13.1498
2003,4,1,2,134,9.2702
2003,4,1,3,107,7.5403
2003,4,1,4,110,7.4784
2003,4,1,5,207,10.5139
2003,4,2,1,141,10.4077
2003,4,2,2,75,10.3552
2003,4,2,3,62,7.5254
2003,4,2,4,65,9.2523
2003,4,2,5,61,7.5445
2003,4,3,1,124,7.3345
2003,4,3,2,113,6.7227
2003,4,3,3,119,6.2895
2003,4,3,4,111,6.9729
2003,4,3,5,96,6.7100
2003,5,1,1,273,17.2189
2003,5,1,2,134,10.8055
2003,5,1,3,105,7.0423
2003,5,1,4,109,7.8753
2003,5,1,5,204,10.3118
2003,5,2,1,140,10.7985
2003,5,2,2,75,10.8120
2003,5,2,3,62,8.0744
2003,5,2,4,65,6.7506
2003,5,2,5,60,8.4875
2003,5,3,1,123,4.4201
2003,5,3,2,112,4.6044
2003,5,3,3,118,3.7215
2003,5,3,4,111,6.4440
2003,5,3,5,96,7.3695
2003,6,1,1,270,7.2656
2003,6,1,2,134,4.8330
2003,6,1,3,105,3.2668
2003,6,1,4,108,4.7770
2003,6,1,5,204,5.7234
2003,6,2,1,140,1.8609
2003,6,2,2,75,0.7233
2003,6,2,3,62,2.5254
2003,6,2,4,64,1.6821
2003,6,2,5,60,1.2414
2003,6,3,1,123,2.0745
2003,6,3,2,112,1.0256
2003,6,3,3,118,0.5535
2003,6,3,4,111,1.2775
2003,6,3,5,96,2.7086
2003,7,1,1,262,10.1870
2003,7,1,2,162,10.2835
2003,7,1,3,107,8.4007
2003,7,1,4,101,8.0072
2003,7,1,5,179,11.0604
2003,7,2,1,105,4.6362
2003,7,2,2,81,4.5454
2003,7,2,3,75,5.1027
2003,7,2,4,56,3.1309
2003,7,2,5,83,4.9492
2003,7,3,1,110,4.5316
2003,7,3,2,104,4.0199
2003,7,3,3,123,0.5568
2003,7,3,4,126,0.6550
2003,7,3,5,94,-1.2773
2003,8,1,1,260,6.5663
2003,8,1,2,161,4.7327
2003,8,1,3,105,4.8869
2003,8,1,4,100,4.3568
2003,8,1,5,176,3.2954
2003,8,2,1,104,5.6396
2003,8,2,2,81,5.4292
2003,8,2,3,75,4.0436
2003,8,2,4,56,5.3200
2003,8,2,5,83,3.5939
2003,8,3,1,110,5.9879
2003,8,3,2,104,4.9003
2003,8,3,3,123,1.8875
2003,8,3,4,126,1.3559
2003,8,3,5,94,2.2906
2003,9,1,1,257,0.6702
2003,9,1,2,161,3.3857
2003,9,1,3,105,-0.4407
2003,9,1,4,100,1.9335
2003,9,1,5,176,3.7314
2003,9,2,1,104,-2.6650
2003,9,2,2,80,-4.3952
2003,9,2,3,75,-3.1709
2003,9,2,4,56,-2.5537
2003,9,2,5,82,-2.5233
2003,9,3,1,110,-4.1453
2003,9,3,2,103,-4.1519
2003,9,3,3,123,1.1233
2003,9,3,4,126,-1.5346
2003,9,3,5,94,-0.3886
2003,10,1,1,255,9.0098
2003,10,1,2,159,9.0207
2003,10,1,3,104,9.4463
2003,10,1,4,100,7.4797
2003,10,1,5,173,12.3169
2003,10,2,1,103,8.5325
2003,10,2,2,80,6.7404
2003,10,2,3,75,7.6467
2003,10,2,4,56,7.4199
2003,10,2,5,82,11.6931
2003,10,3,1,110,8.7415
2003,10,3,2,102,7.9186
2003,10,3,3,123,1.8017
2003,10,3,4,126,4.9148
2003,10,3,5,94,5.1075
2003,11,1,1,254,5.8474
2003,11,1,2,159,6.4301
2003,11,1,3,104,5.7252
2003,11,1,4,100,7.2699
2003,11,1,5,173,5.1952
2003,11,2,1,103,2.9455
2003,11,2,2,80,3.7996
2003,11,2,3,75,4.1602
2003,11,2,4,56,2.8125
2003,11,2,5,82,3.5846
2003,11,3,1,110,2.4697
2003,11,3,2,102,1.2446
2003,11,3,3,123,-0.1717
2003,11,3,4,126,1.3800
2003,11,3,5,94,2.9448
2003,12,1,1,249,2.9886
2003,12,1,2,155,2.4949
2003,12,1,3,103,7.2250
2003,12,1,4,100,3.7284
2003,12,1,5,172,3.1643
2003,12,2,1,103,2.7027
2003,12,2,2,80,5.4199
2003,12,2,3,75,5.6964
2003,12,2,4,56,1.0862
2003,12,2,5,82,5.2140
2003,12,3,1,109,2.7610
2003,12,3,2,101,2.8400
2003,12,3,3,123,6.3502
2003,12,3,4,126,5.6254
2003,12,3,5,94,5.4853
2004,1,1,1,248,6.7611
2004,1,1,2,155,9.2902
2004,1,1,3,102,3.6025
2004,1,1,4,99,1.1033
2004,1,1,5,167,7.3369
2004,1,2,1,102,2.8851
2004,1,2,2,78,3.0543
2004,1,2,3,75,1.8674
2004,1,2,4,56,1.1023
2004,1,2,5,82,3.3977
2004,1,3,1,109,-0.6156
2004,1,3,2,101,1.2755
2004,1,3,3,123,2.3116
2004,1,3,4,126,0.7594
2004,1,3,5,94,0.6198
2004,2,1,1,246,-1.0915
2004,2,1,2,154,2.4220
2004,2,1,3,102,1.2737
2004,2,1,4,99,-0.9263
2004,2,1,5,165,-1.5304
2004,2,2,1,102,1.0454
2004,2,2,2,78,-0.0495
2004,2,2,3,75,1.8036
2004,2,2,4,56,2.8528
2004,2,2,5,82,1.4491
2004,2,3,1,108,2.2912
2004,2,3,2,101,1.3027
2004,2,3,3,123,-0.0403
2004,2,3,4,126,1.7673
2004,2,3,5,94,1.0332
2004,3,1,1,245,-1.7481
2004,3,1,2,153,1.5390
2004,3,1,3,102,-0.2834
2004,3,1,4,99,-2.6075
2004,3,1,5,161,-0.0406
2004,3,2,1,102,0.9950
2004,3,2,2,78,0.6667
2004,3,2,3,75,1.7936
2004,3,2,4,56,-0.1380
2004,3,2,5,82,0.9771
2004,3,3,1,108,0.1320
2004,3,3,2,101,0.4338
2004,3,3,3,123,-2.6020
2004,3,3,4,126,-2.1337
2004,3,3,5,94,-2.4298
2004,4,1,1,243,-3.7233
2004,4,1,2,152,-4.8818
2004,4,1,3,102,-4.1798
2004,4,1,4,99,-2.0691
2004,4,1,5,157,-4.4039
2004,4,2,1,102,-5.3335
2004,4,2,2,78,-2.5981
2004,4,2,3,75,-2.2031
2004,4,2,4,56,-2.0535
2004,4,2,5,82,-2.8737
2004,4,3,1,107,-1.1916
2004,4,3,2,101,-3.2406
2004,4,3,3,123,-0.1906
2004,4,3,4,126,0.6314
2004,4,3,5,93,1.3348
2004,5,1,1,241,-0.1742
2004,5,1,2,151,-0.2733
2004,5,1,3,101,0.9247
2004,5,1,4,99,1.9313
2004,5,1,5,156,-0.6530
2004,5,2,1,102,0.6238
2004,5,2,2,78,0.3238
2004,5,2,3,75,1.2497
2004,5,2,4,56,0.9013
2004,5,2,5,82,-0.0338
2004,5,3,1,107,2.7785
2004,5,3,2,101,1.9521
2004,5,3,3,123,1.3646
2004,5,3,4,126,0.5271
2004,5,3,5,93,-1.1449
2004,6,1,1,240,3.4809
2004,6,1,2,151,4.8552
2004,6,1,3,101,6.9257
2004,6,1,4,99,5.7122
2004,6,1,5,153,4.1482
2004,6,2,1,101,4.9575
2004,6,2,2,78,5.5877
2004,6,2,3,75,7.5113
2004,6,2,4,56,3.4635
2004,6,2,5,82,5.7543
2004,6,3,1,107,2.5944
2004,6,3,2,101,1.4004
2004,6,3,3,123,3.3350
2004,6,3,4,126,1.2917
2004,6,3,5,93,2.9964
2004,7,1,1,260,-10.2515
2004,7,1,2,128,-7.0664
2004,7,1,3,100,-6.5081
2004,7,1,4,103,-5.8085
2004,7,1,5,123,-5.8841
2004,7,2,1,110,-5.9986
2004,7,2,2,83,-5.1637
2004,7,2,3,64,-6.2285
2004,7,2,4,51,-6.0207
2004,7,2,5,61,-3.4445
2004,7,3,1,122,-5.1795
2004,7,3,2,108,-5.0647
2004,7,3,3,111,-2.6423
2004,7,3,4,121,-4.1307
2004,7,3,5,101,-2.6968
2004,8,1,1,259,-1.9100
2004,8,1,2,127,-0.8768
2004,8,1,3,99,-0.5174
2004,8,1,4,103,-2.2815
2004,8,1,5,121,-0.8375
2004,8,2,1,108,-1.9208
2004,8,2,2,83,-1.8882
2004,8,2,3,64,-1.6002
2004,8,2,4,51,0.4729
2004,8,2,5,61,-0.7555
2004,8,3,1,122,-0.4472
2004,8,3,2,108,-1.0079
2004,8,3,3,111,-1.2321
2004,8,3,4,121,0.1776
2004,8,3,5,101,0.8334
2004,9,1,1,257,4.3485
2004,9,1,2,127,4.4870
2004,9,1,3,97,3.6644
2004,9,1,4,103,2.5431
2004,9,1,5,121,3.8216
2004,9,2,1,106,6.1571
2004,9,2,2,83,3.1013
2004,9,2,3,64,4.3412
2004,9,2,4,51,3.9349
2004,9,2,5,60,5.5216
2004,9,3,1,122,3.5767
2004,9,3,2,108,3.1875
2004,9,3,3,111,1.1957
2004,9,3,4,121,1.3814
2004,9,3,5,100,-1.3162
2004,10,1,1,257,0.1840
2004,10,1,2,125,2.7575
2004,10,1,3,96,0.1484
2004,10,1,4,103,0.7762
2004,10,1,5,121,0.1790
2004,10,2,1,107,1.7368
2004,10,2,2,83,1.3305
2004,10,2,3,63,1.5787
2004,10,2,4,51,1.4877
2004,10,2,5,60,2.0707
2004,10,3,1,122,2.9845
2004,10,3,2,108,2.5911
2004,10,3,3,111,1.1927
2004,10,3,4,121,2.3082
2004,10,3,5,100,0.1018
2004,11,1,1,255,10.6492
2004,11,1,2,125,10.4066
2004,11,1,3,96,6.9856
2004,11,1,4,102,7.0752
2004,11,1,5,121,9.1067
2004,11,2,1,107,8.4778
2004,11,2,2,83,9.3486
2004,11,2,3,63,10.3184
2004,11,2,4,51,8.2106
2004,11,2,5,59,10.8584
2004,11,3,1,121,5.1231
2004,11,3,2,108,4.1192
2004,11,3,3,111,4.3193
2004,11,3,4,121,4.1948
2004,11,3,5,100,3.3784
2004,12,1,1,253,5.0950
2004,12,1,2,122,3.3770
2004,12,1,3,95,1.8885
2004,12,1,4,100,3.0639
2004,12,1,5,120,5.2033
2004,12,2,1,107,3.2063
2004,12,2,2,83,3.1470
2004,12,2,3,62,2.6146
2004,12,2,4,51,3.3966
2004,12,2,5,59,1.9330
2004,12,3,1,121,3.5152
2004,12,3,2,108,2.5863
2004,12,3,3,111,3.0153
2004,12,3,4,121,3.6895
2004,12,3,5,100,2.7549
2005,1,1,1,250,-5.0230
2005,1,1,2,120,-1.7929
2005,1,1,3,95,-2.3012
2005,1,1,4,100,-3.2155
2005,1,1,5,120,-2.4557
2005,1,2,1,107,-3.9184
2005,1,2,2,82,-2.2846
2005,1,2,3,60,-1.9940
2005,1,2,4,51,-1.6973
2005,1,2,5,59,-2.3962
2005,1,3,1,120,-2.5490
2005,1,3,2,108,-2.2063
2005,1,3,3,111,-1.3952
2005,1,3,4,121,-2.9799
2005,1,3,5,100,-1.9108
2005,2,1,1,248,0.2129
2005,2,1,2,120,4.2905
2005,2,1,3,94,-0.3716
2005,2,1,4,98,1.4609
2005,2,1,5,119,-1.1089
2005,2,2,1,107,3.3010
2005,2,2,2,82,2.8401
2005,2,2,3,60,1.7039
2005,2,2,4,51,2.1292
2005,2,2,5,59,2.5416
2005,2,3,1,120,2.4280
2005,2,3,2,108,3.2445
2005,2,3,3,111,1.7611
2005,2,3,4,120,2.2231
2005,2,3,5,100,6.9260
2005,3,1,1,247,-3.2613
2005,3,1,2,120,-4.7957
2005,3,1,3,93,-2.9026
2005,3,1,4,98,-0.8749
2005,3,1,5,119,-0.9972
2005,3,2,1,106,-2.0088
2005,3,2,2,82,-1.2308
2005,3,2,3,58,-2.1508
2005,3,2,4,51,-1.1104
2005,3,2,5,59,-0.5050
2005,3,3,1,120,0.3377
2005,3,3,2,108,-0.6022
2005,3,3,3,111,-1.1596
2005,3,3,4,120,-1.6348
2005,3,3,5,100,-1.2646
2005,4,1,1,246,-7.3977
2005,4,1,2,120,-6.2274
2005,4,1,3,93,-4.4210
2005,4,1,4,97,-6.7990
2005,4,1,5,116,-7.4261
2005,4,2,1,106,-5.9954
2005,4,2,2,82,-6.0407
2005,4,2,3,58,-6.7140
2005,4,2,4,51,-3.7386
2005,4,2,5,59,-6.2290
2005,4,3,1,119,-2.9197
2005,4,3,2,108,-4.1945
2005,4,3,3,111,-2.4467
2005,4,3,4,120,-1.7430
2005,4,3,5,99,-0.7163
2005,5,1,1,244,6.0336
2005,5,1,2,120,7.5914
2005,5,1,3,91,5.5900
2005,5,1,4,97,5.2631
2005,5,1,5,116,7.2708
2005,5,2,1,106,7.4618
2005,5,2,2,82,7.7160
2005,5,2,3,58,5.4781
2005,5,2,4,50,5.6090
2005,5,2,5,59,6.1515
2005,5,3,1,119,6.2528
2005,5,3,2,107,3.9880
2005,5,3,3,111,3.1300
2005,5,3,4,120,3.8636
2005,5,3,5,98,1.4105
2005,6,1,1,241,5.2065
2005,6,1,2,117,4.5413
2005,6,1,3,90,2.5709
2005,6,1,4,95,5.8762
2005,6,1,5,113,4.2666
2005,6,2,1,106,2.9743
2005,6,2,2,81,2.7214
2005,6,2,3,58,2.1759
2005,6,2,4,50,2.1429
2005,6,2,5,58,3.4317
2005,6,3,1,119,-0.3931
2005,6,3,2,106,-0.2071
2005,6,3,3,111,-0.5285
2005,6,3,4,120,-0.3164
2005,6,3,5,98,0.6450
2005,7,1,1,223,7.6890
2005,7,1,2,117,6.1768
2005,7,1,3,117,6.6719
2005,7,1,4,72,4.1222
2005,7,1,5,100,6.1189
2005,7,2,1,94,7.5142
2005,7,2,2,81,7.4168
2005,7,2,3,47,5.0035
2005,7,2,4,47,5.3633
2005,7,2,5,71,5.3357
2005,7,3,1,114,7.9120
2005,7,3,2,102,4.3921
2005,7,3,3,126,3.4811
2005,7,3,4,120,4.7261
2005,7,3,5,113,3.0184
2005,8,1,1,222,-2.2422
2005,8,1,2,116,-3.0575
2005,8,1,3,116,-1.3206
2005,8,1,4,72,-1.0245
2005,8,1,5,99,-1.9518
2005,8,2,1,93,-1.6702
2005,8,2,2,80,-0.9428
2005,8,2,3,47,1.1447
2005,8,2,4,47,0.1579
2005,8,2,5,70,-2.4368
2005,8,3,1,113,-2.0176
2005,8,3,2,102,0.9823
2005,8,3,3,125,-2.0452
2005,8,3,4,120,-0.6311
2005,8,3,5,113,-0.5974
2005,9,1,1,219,-0.0097
2005,9,1,2,115,-1.2716
2005,9,1,3,116,0.7280
2005,9,1,4,72,-1.0346
2005,9,1,5,97,0.5590
2005,9,2,1,92,0.0057
2005,9,2,2,80,-1.1986
2005,9,2,3,47,1.2921
2005,9,2,4,47,1.7957
2005,9,2,5,70,1.0977
2005,9,3,1,113,2.0576
2005,9,3,2,101,-1.1417
2005,9,3,3,125,-1.3302
2005,9,3,4,118,1.8214
2005,9,3,5,112,1.1540
2005,10,1,1,219,-2.7144
2005,10,1,2,115,-3.9952
2005,10,1,3,116,-1.3901
2005,10,1,4,72,-0.9377
2005,10,1,5,94,-1.8201
2005,10,2,1,92,-2.7291
2005,10,2,2,80,-3.3848
2005,10,2,3,46,-3.6409
2005,10,2,4,47,-4.4566
2005,10,2,5,70,-3.4743
2005,10,3,1,113,-2.3760
2005,10,3,2,101,-2.1941
2005,10,3,3,125,-0.7229
2005,10,3,4,118,-3.3705
2005,10,3,5,111,-4.9262
2005,11,1,1,218,2.7117
2005,11,1,2,114,3.3554
2005,11,1,3,114,3.0995
2005,11,1,4,71,2.2969
2005,11,1,5,93,5.9787
2005,11,2,1,91,6.1903
2005,11,2,2,80,3.8819
2005,11,2,3,46,3.6213
2005,11,2,4,46,2.4978
2005,11,2,5,70,4.1491
2005,11,3,1,111,5.3794
2005,11,3,2,101,4.3619
2005,11,3,3,125,2.3349
2005,11,3,4,117,3.1970
2005,11,3,5,111,3.6709
2005,12,1,1,216,0.1679
2005,12,1,2,114,1.6400
2005,12,1,3,114,-1.8753
2005,12,1,4,70,0.3533
2005,12,1,5,91,0.8822
2005,12,2,1,91,-0.0114
2005,12,2,2,79,0.3203
2005,12,2,3,46,-1.2381
2005,12,2,4,46,-0.2721
2005,12,2,5,70,-1.5045
2005,12,3,1,111,-0.2026
2005,12,3,2,101,-1.4009
2005,12,3,3,125,-0.1412
2005,12,3,4,117,-0.1391
2005,12,3,5,110,-0.0371
2006,1,1,1,216,9.5737
2006,1,1,2,111,9.2475
2006,1,1,3,113,6.4810
2006,1,1,4,70,5.2159
2006,1,1,5,90,7.4627
2006,1,2,1,90,11.0036
2006,1,2,2,79,7.1426
2006,1,2,3,45,8.8090
2006,1,2,4,46,6.4867
2006,1,2,5,70,6.6352
2006,1,3,1,111,3.8381
2006,1,3,2,100,7.4990
2006,1,3,3,125,-0.1341
2006,1,3,4,117,2.9638
2006,1,3,5,110,3.3930
2006,2,1,1,214,-0.7280
2006,2,1,2,110,-1.3017
2006,2,1,3,113,-0.0328
2006,2,1,4,70,-0.7714
2006,2,1,5,90,4.4264
2006,2,2,1,89,-1.1916
2006,2,2,2,79,-0.7735
2006,2,2,3,45,-0.6554
2006,2,2,4,46,0.5627
2006,2,2,5,69,-1.4614
2006,2,3,1,110,-1.8909
2006,2,3,2,100,-1.6530
2006,2,3,3,125,0.5848
2006,2,3,4,117,1.0732
2006,2,3,5,109,0.4213
2006,3,1,1,214,6.3802
2006,3,1,2,109,6.0342
2006,3,1,3,113,6.8333
2006,3,1,4,70,4.6316
2006,3,1,5,90,5.6596
2006,3,2,1,88,5.7044
2006,3,2,2,79,4.6713
2006,3,2,3,45,3.8562
2006,3,2,4,46,5.3197
2006,3,2,5,68,3.9056
2006,3,3,1,109,3.3857
2006,3,3,2,100,1.7581
2006,3,3,3,125,2.3516
2006,3,3,4,116,1.3228
2006,3,3,5,109,0.5690
2006,4,1,1,213,-0.4890
2006,4,1,2,108,1.8391
2006,4,1,3,113,-0.3095
2006,4,1,4,70,0.2408
2006,4,1,5,89,1.6480
2006,4,2,1,88,1.9372
2006,4,2,2,79,1.0909
2006,4,2,3,45,-0.5997
2006,4,2,4,46,0.5392
2006,4,2,5,67,0.2244
2006,4,3,1,108,0.5157
2006,4,3,2,100,-0.0435
2006,4,3,3,124,-0.5266
2006,4,3,4,116,1.8708
2006,4,3,5,108,0.9629
2006,5,1,1,212,-7.4892
2006,5,1,2,107,-4.7452
2006,5,1,3,113,-4.1465
2006,5,1,4,70,-4.3254
2006,5,1,5,88,-8.1337
2006,5,2,1,88,-4.9236
2006,5,2,2,79,-5.9613
2006,5,2,3,45,-3.9356
2006,5,2,4,46,-4.7665
2006,5,2,5,67,-6.5870
2006,5,3,1,107,-5.1331
2006,5,3,2,99,-2.2873
2006,5,3,3,123,-1.0857
2006,5,3,4,114,-2.3577
2006,5,3,5,108,-2.2357
2006,6,1,1,212,-1.0955
2006,6,1,2,106,-0.6121
2006,6,1,3,113,-0.1573
2006,6,1,4,70,0.4407
2006,6,1,5,86,-0.2888
2006,6,2,1,88,-0.0695
2006,6,2,2,77,0.6744
2006,6,2,3,45,1.0837
2006,6,2,4,46,1.1006
2006,6,2,5,67,-2.0312
2006,6,3,1,107,-0.4024
2006,6,3,2,98,1.1765
2006,6,3,3,122,-0.6892
2006,6,3,4,114,1.1220
2006,6,3,5,108,1.0920
2006,7,1,1,190,-4.4049
2006,7,1,2,136,-5.8845
2006,7,1,3,125,-1.3261
2006,7,1,4,83,-2.0577
2006,7,1,5,90,-1.7516
2006,7,2,1,100,-5.9679
2006,7,2,2,80,-3.5964
2006,7,2,3,76,-2.9869
2006,7,2,4,60,-1.2737
2006,7,2,5,69,0.6571
2006,7,3,1,102,-2.2200
2006,7,3,2,125,-0.9684
2006,7,3,3,110,-1.9725
2006,7,3,4,125,1.5532
2006,7,3,5,119,1.1738
2006,8,1,1,190,2.6827
2006,8,1,2,135,4.3311
2006,8,1,3,125,2.5265
2006,8,1,4,83,3.5382
2006,8,1,5,88,3.8185
2006,8,2,1,97,2.8294
2006,8,2,2,80,4.2959
2006,8,2,3,75,1.3305
2006,8,2,4,60,2.6510
2006,8,2,5,69,3.7150
2006,8,3,1,102,-0.9215
2006,8,3,2,125,1.2164
2006,8,3,3,110,4.0251
2006,8,3,4,125,2.1810
2006,8,3,5,119,3.9882
2006,9,1,1,189,1.6235
2006,9,1,2,133,1.9074
2006,9,1,3,124,0.8772
2006,9,1,4,82,2.0789
2006,9,1,5,88,1.3762
2006,9,2,1,97,2.1157
2006,9,2,2,80,1.7556
2006,9,2,3,74,1.6777
2006,9,2,4,60,2.0120
2006,9,2,5,69,4.5947
2006,9,3,1,102,0.6632
2006,9,3,2,125,0.4533
2006,9,3,3,109,2.7240
2006,9,3,4,125,1.9400
2006,9,3,5,118,3.1514
2006,10,1,1,187,5.5536
2006,10,1,2,133,7.1540
2006,10,1,3,124,6.8837
2006,10,1,4,82,6.0195
2006,10,1,5,84,6.0626
2006,10,2,1,96,7.1377
2006,10,2,2,80,4.0963
2006,10,2,3,74,4.5419
2006,10,2,4,60,5.4116
2006,10,2,5,69,4.4958
2006,10,3,1,102,3.8117
2006,10,3,2,125,2.1350
2006,10,3,3,108,3.5178
2006,10,3,4,125,3.1420
2006,10,3,5,118,4.4871
2006,11,1,1,187,2.3742
2006,11,1,2,131,2.7311
2006,11,1,3,123,1.0809
2006,11,1,4,83,3.6736
2006,11,1,5,84,1.4473
2006,11,2,1,95,4.6597
2006,11,2,2,80,3.4532
2006,11,2,3,74,2.6612
2006,11,2,4,59,1.9446
2006,11,2,5,69,1.8195
2006,11,3,1,102,4.1944
2006,11,3,2,125,1.7347
2006,11,3,3,108,-0.3365
2006,11,3,4,125,2.0545
2006,11,3,5,116,3.6774
2006,12,1,1,185,1.1072
2006,12,1,2,130,3.1058
2006,12,1,3,123,2.3512
2006,12,1,4,83,-0.2581
2006,12,1,5,84,2.9681
2006,12,2,1,94,0.7227
2006,12,2,2,80,0.0651
2006,12,2,3,74,0.3489
2006,12,2,4,59,-0.7021
2006,12,2,5,68,0.8624
2006,12,3,1,102,-2.0838
2006,12,3,2,125,0.2058
2006,12,3,3,107,0.9493
2006,12,3,4,125,1.8489
2006,12,3,5,115,0.6875
2007,1,1,1,183,1.0021
2007,1,1,2,128,0.8228
2007,1,1,3,122,1.9569
2007,1,1,4,82,3.6751
2007,1,1,5,82,-0.7522
2007,1,2,1,93,3.9256
2007,1,2,2,80,1.9046
2007,1,2,3,74,2.4746
2007,1,2,4,59,2.1825
2007,1,2,5,68,4.3493
2007,1,3,1,100,2.4461
2007,1,3,2,125,2.7780
2007,1,3,3,107,2.6687
2007,1,3,4,125,1.3532
2007,1,3,5,115,1.5314
2007,2,1,1,183,0.8987
2007,2,1,2,124,0.2837
2007,2,1,3,121,-0.6123
2007,2,1,4,81,0.8897
2007,2,1,5,82,-0.4888
2007,2,2,1,92,0.1910
2007,2,2,2,79,-0.6867
2007,2,2,3,74,0.2276
2007,2,2,4,59,0.2114
2007,2,2,5,67,1.8435
2007,2,3,1,99,0.4846
2007,2,3,2,125,-0.4366
2007,2,3,3,107,-0.1821
2007,2,3,4,125,-2.7865
2007,2,3,5,113,-2.0217
2007,3,1,1,182,0.6550
2007,3,1,2,124,1.9746
2007,3,1,3,121,2.4877
2007,3,1,4,81,1.3266
2007,3,1,5,81,-0.9186
2007,3,2,1,91,2.2674
2007,3,2,2,79,0.7504
2007,3,2,3,74,1.7383
2007,3,2,4,56,0.4103
2007,3,2,5,66,1.9573
2007,3,3,1,99,2.2327
2007,3,3,2,124,2.3939
2007,3,3,3,107,-0.5070
2007,3,3,4,125,1.7285
2007,3,3,5,113,1.4705
2007,4,1,1,180,0.6601
2007,4,1,2,124,2.1006
2007,4,1,3,120,1.9017
2007,4,1,4,79,1.4140
2007,4,1,5,80,1.2679
2007,4,2,1,91,2.6997
2007,4,2,2,77,2.5981
2007,4,2,3,74,1.5947
2007,4,2,4,56,2.5633
2007,4,2,5,65,2.7632
2007,4,3,1,99,4.6452
2007,4,3,2,123,3.6855
2007,4,3,3,107,4.1934
2007,4,3,4,125,4.6880
2007,4,3,5,112,4.5156
2007,5,1,1,179,4.5365
2007,5,1,2,123,6.0165
2007,5,1,3,118,4.7908
2007,5,1,4,77,3.9044
2007,5,1,5,78,2.9961
2007,5,2,1,91,5.0375
2007,5,2,2,77,5.0884
2007,5,2,3,73,1.8320
2007,5,2,4,56,3.5277
2007,5,2,5,65,2.8987
2007,5,3,1,99,5.9724
2007,5,3,2,123,3.9717
2007,5,3,3,105,2.2906
2007,5,3,4,125,3.7796
2007,5,3,5,112,3.7740
2007,6,1,1,177,0.6697
2007,6,1,2,123,1.6396
2007,6,1,3,118,-0.1705
2007,6,1,4,76,0.6977
2007,6,1,5,76,-0.7811
2007,6,2,1,90,-2.7378
2007,6,2,2,77,-1.2090
2007,6,2,3,72,-1.0008
2007,6,2,4,55,-2.6359
2007,6,2,5,65,-1.8898
2007,6,3,1,98,-2.9403
2007,6,3,2,123,-0.9795
2007,6,3,3,104,-1.7840
2007,6,3,4,124,-1.0097
2007,6,3,5,112,-0.2357
2007,7,1,1,212,-5.6003
2007,7,1,2,131,-4.8242
2007,7,1,3,109,-8.2004
2007,7,1,4,69,-6.7916
2007,7,1,5,79,-8.6767
2007,7,2,1,116,-5.8027
2007,7,2,2,88,-4.2720
2007,7,2,3,71,-6.8941
2007,7,2,4,62,-5.8657
2007,7,2,5,70,-5.7475
2007,7,3,1,90,-0.3779
2007,7,3,2,103,-2.3112
2007,7,3,3,113,-3.4272
2007,7,3,4,143,-1.1027
2007,7,3,5,129,-2.2010
2007,8,1,1,211,2.1948
2007,8,1,2,130,2.3134
2007,8,1,3,108,-1.6338
2007,8,1,4,69,-0.6382
2007,8,1,5,77,-1.6718
2007,8,2,1,115,1.8502
2007,8,2,2,87,2.9036
2007,8,2,3,70,1.4123
2007,8,2,4,62,-0.7045
2007,8,2,5,69,-0.8495
2007,8,3,1,89,2.0460
2007,8,3,2,103,1.5524
2007,8,3,3,113,-0.0623
2007,8,3,4,141,2.4188
2007,8,3,5,128,1.3630
2007,9,1,1,208,1.9851
2007,9,1,2,129,0.3506
2007,9,1,3,108,-2.9654
2007,9,1,4,69,-1.4457
2007,9,1,5,77,-1.6047
2007,9,2,1,114,2.6034
2007,9,2,2,86,1.8653
2007,9,2,3,69,-0.2337
2007,9,2,4,62,-1.1601
2007,9,2,5,69,-2.7703
2007,9,3,1,89,6.9082
2007,9,3,2,103,4.3172
2007,9,3,3,113,2.6927
2007,9,3,4,140,4.1038
2007,9,3,5,128,3.7083
2007,10,1,1,205,2.5805
2007,10,1,2,128,1.0588
2007,10,1,3,108,0.4666
2007,10,1,4,69,-1.2068
2007,10,1,5,77,0.1230
2007,10,2,1,113,1.8988
2007,10,2,2,86,3.9640
2007,10,2,3,69,4.5104
2007,10,2,4,62,2.8916
2007,10,2,5,69,1.1388
2007,10,3,1,89,7.5691
2007,10,3,2,103,1.1511
2007,10,3,3,112,1.1744
2007,10,3,4,139,1.5425
2007,10,3,5,128,3.7053
2007,11,1,1,203,-8.5233
2007,11,1,2,128,-7.4648
2007,11,1,3,107,-7.9751
2007,11,1,4,69,-8.2362
2007,11,1,5,76,-7.8486
2007,11,2,1,111,-7.1632
2007,11,2,2,85,-5.7002
2007,11,2,3,69,-7.2228
2007,11,2,4,62,-4.7630
2007,11,2,5,67,-7.1062
2007,11,3,1,87,-3.2485
2007,11,3,2,103,-4.7092
2007,11,3,3,111,-2.0894
2007,11,3,4,136,-3.4964
2007,11,3,5,125,-3.9400
2007,12,1,1,199,0.4862
2007,12,1,2,127,0.3269
2007,12,1,3,107,-1.0397
2007,12,1,4,69,-2.3203
2007,12,1,5,76,1.1006
2007,12,2,1,111,-0.6777
2007,12,2,2,84,0.6965
2007,12,2,3,68,-0.5773
2007,12,2,4,61,-2.7492
2007,12,2,5,66,-1.4458
2007,12,3,1,86,1.8280
2007,12,3,2,102,1.5542
2007,12,3,3,111,-2.0985
2007,12,3,4,135,0.5294
2007,12,3,5,122,0.3893
2008,1,1,1,195,-9.2798
2008,1,1,2,126,-9.9054
2008,1,1,3,106,-5.3397
2008,1,1,4,69,-7.0474
2008,1,1,5,76,-8.7829
2008,1,2,1,110,-5.1553
2008,1,2,2,82,-6.6664
2008,1,2,3,68,-2.1322
2008,1,2,4,61,-6.1908
2008,1,2,5,66,-6.9109
2008,1,3,1,85,-10.0451
2008,1,3,2,102,-6.8781
2008,1,3,3,109,-3.1942
2008,1,3,4,135,-7.2792
2008,1,3,5,120,-7.2130
2008,2,1,1,195,-1.5507
2008,2,1,2,125,-3.4477
2008,2,1,3,105,-3.3221
2008,2,1,4,68,-2.9613
2008,2,1,5,75,-2.0887
2008,2,2,1,110,-0.0260
2008,2,2,2,82,-1.8552
2008,2,2,3,68,-4.6993
2008,2,2,4,61,-3.0486
2008,2,2,5,66,-4.7095
2008,2,3,1,85,2.5652
2008,2,3,2,101,0.2079
2008,2,3,3,109,-1.9127
2008,2,3,4,135,-1.4472
2008,2,3,5,120,-1.7194
2008,3,1,1,195,0.2368
2008,3,1,2,124,2.4683
2008,3,1,3,104,3.9165
2008,3,1,4,68,0.3723
2008,3,1,5,74,-0.7438
2008,3,2,1,110,1.2674
2008,3,2,2,83,0.0262
2008,3,2,3,68,1.9977
2008,3,2,4,61,2.4957
2008,3,2,5,65,-0.9699
2008,3,3,1,84,-0.6659
2008,3,3,2,101,0.0386
2008,3,3,3,109,0.1319
2008,3,3,4,135,1.9695
2008,3,3,5,120,-0.8045
2008,4,1,1,194,2.5289
2008,4,1,2,121,-0.7801
2008,4,1,3,103,2.6963
2008,4,1,4,68,-0.8519
2008,4,1,5,73,1.9871
2008,4,2,1,109,6.4721
2008,4,2,2,83,5.5484
2008,4,2,3,68,6.3673
2008,4,2,4,61,4.5093
2008,4,2,5,65,2.6754
2008,4,3,1,84,6.2901
2008,4,3,2,101,6.7572
2008,4,3,3,109,5.3846
2008,4,3,4,135,2.0611
2008,4,3,5,120,3.6984
2008,5,1,1,193,5.5012
2008,5,1,2,119,4.0788
2008,5,1,3,103,5.4729
2008,5,1,4,67,-0.6891
2008,5,1,5,73,1.1786
2008,5,2,1,109,8.2534
2008,5,2,2,83,4.6861
2008,5,2,3,68,3.3709
2008,5,2,4,60,4.4502
2008,5,2,5,65,2.8557
2008,5,3,1,84,4.7560
2008,5,3,2,101,5.1563
2008,5,3,3,107,3.4938
2008,5,3,4,135,2.6294
2008,5,3,5,120,1.0465
2008,6,1,1,191,-8.1745
2008,6,1,2,119,-8.6517
2008,6,1,3,101,-7.3619
2008,6,1,4,67,-10.3595
2008,6,1,5,72,-8.4681
2008,6,2,1,109,-3.4943
2008,6,2,2,82,-6.7525
2008,6,2,3,67,-4.8095
2008,6,2,4,59,-5.2207
2008,6,2,5,65,-13.1331
2008,6,3,1,84,-4.4126
2008,6,3,2,101,-4.2442
2008,6,3,3,107,-5.8593
2008,6,3,4,135,-8.0039
2008,6,3,5,120,-6.1259
2008,7,1,1,203,4.6130
2008,7,1,2,136,4.1452
2008,7,1,3,78,5.4120
2008,7,1,4,113,5.2024
2008,7,1,5,122,4.6457
2008,7,2,1,110,0.1106
2008,7,2,2,96,3.9382
2008,7,2,3,67,3.8222
2008,7,2,4,77,2.8417
2008,7,2,5,82,5.0110
2008,7,3,1,115,-7.6808
2008,7,3,2,107,-1.5756
2008,7,3,3,124,-0.1020
2008,7,3,4,124,-1.9749
2008,7,3,5,113,1.7899
2008,8,1,1,202,4.1655
2008,8,1,2,136,4.3742
2008,8,1,3,78,7.3692
2008,8,1,4,113,3.5060
2008,8,1,5,121,6.7055
2008,8,2,1,109,3.9480
2008,8,2,2,96,4.9584
2008,8,2,3,67,6.6593
2008,8,2,4,77,4.9281
2008,8,2,5,82,6.3678
2008,8,3,1,115,0.9552
2008,8,3,2,106,1.2080
2008,8,3,3,124,2.4437
2008,8,3,4,124,2.2697
2008,8,3,5,113,2.4562
2008,9,1,1,199,-9.0721
2008,9,1,2,133,-7.8113
2008,9,1,3,78,-5.4108
2008,9,1,4,113,-9.1259
2008,9,1,5,121,-11.0352
2008,9,2,1,108,-13.2699
2008,9,2,2,94,-8.2501
2008,9,2,3,67,-3.8947
2008,9,2,4,76,-7.7812
2008,9,2,5,81,-7.0535
2008,9,3,1,115,-17.4358
2008,9,3,2,106,-10.6340
2008,9,3,3,123,-9.0362
2008,9,3,4,124,-7.0653
2008,9,3,5,113,-7.7874
2008,10,1,1,197,-19.0169
2008,10,1,2,133,-21.3891
2008,10,1,3,77,-24.3777
2008,10,1,4,112,-21.1285
2008,10,1,5,120,-24.4943
2008,10,2,1,108,-23.9778
2008,10,2,2,94,-19.8942
2008,10,2,3,67,-16.7002
2008,10,2,4,76,-19.2982
2008,10,2,5,81,-23.5645
2008,10,3,1,115,-19.9096
2008,10,3,2,106,-16.4685
2008,10,3,3,122,-13.3242
2008,10,3,4,124,-14.6873
2008,10,3,5,112,-15.8018
2008,11,1,1,196,-14.4302
2008,11,1,2,131,-14.3994
2008,11,1,3,76,-9.6577
2008,11,1,4,111,-15.4317
2008,11,1,5,119,-15.3888
2008,11,2,1,107,-10.9249
2008,11,2,2,94,-9.8344
2008,11,2,3,65,-9.4261
2008,11,2,4,76,-9.9653
2008,11,2,5,81,-14.8820
2008,11,3,1,115,-8.1268
2008,11,3,2,106,-5.8569
2008,11,3,3,121,-4.8518
2008,11,3,4,124,-2.6826
2008,11,3,5,112,-8.2290
2008,12,1,1,194,4.5714
2008,12,1,2,131,2.9538
2008,12,1,3,76,8.9183
2008,12,1,4,107,2.5738
2008,12,1,5,119,5.0883
2008,12,2,1,107,7.1916
2008,12,2,2,94,3.8907
2008,12,2,3,65,1.1843
2008,12,2,4,76,4.5340
2008,12,2,5,79,8.4490
2008,12,3,1,115,0.4369
2008,12,3,2,105,4.0012
2008,12,3,3,120,2.5292
2008,12,3,4,124,0.0471
2008,12,3,5,111,3.1100
2009,1,1,1,189,-7.6539
2009,1,1,2,131,-12.4832
2009,1,1,3,76,-7.9571
2009,1,1,4,105,-12.6046
2009,1,1,5,119,-16.5907
2009,1,2,1,106,-8.5576
2009,1,2,2,93,-9.1641
2009,1,2,3,65,-5.8243
2009,1,2,4,75,-6.6047
2009,1,2,5,79,-7.5345
2009,1,3,1,115,-0.5478
2009,1,3,2,105,-8.3868
2009,1,3,3,120,-3.9843
2009,1,3,4,124,-7.8773
2009,1,3,5,111,-6.0813
2009,2,1,1,189,-13.0126
2009,2,1,2,131,-14.1759
2009,2,1,3,73,-11.0599
2009,2,1,4,105,-11.9508
2009,2,1,5,118,-10.5352
2009,2,2,1,106,-10.9745
2009,2,2,2,93,-9.5432
2009,2,2,3,64,-9.6708
2009,2,2,4,75,-9.9183
2009,2,2,5,78,-9.2092
2009,2,3,1,115,-6.0054
2009,2,3,2,105,-6.3486
2009,2,3,3,120,-9.0397
2009,2,3,4,124,-11.5938
2009,2,3,5,111,-9.0244
2009,3,1,1,187,6.5651
2009,3,1,2,131,12.2560
2009,3,1,3,73,11.3708
2009,3,1,4,105,4.0584
2009,3,1,5,119,13.2328
2009,3,2,1,105,10.3624
2009,3,2,2,93,8.8750
2009,3,2,3,63,7.6411
2009,3,2,4,75,10.0422
2009,3,2,5,78,10.7139
2009,3,3,1,115,10.7325
2009,3,3,2,105,8.3274
2009,3,3,3,119,7.5011
2009,3,3,4,124,7.2169
2009,3,3,5,111,8.7371
2009,4,1,1,186,13.5779
2009,4,1,2,129,23.4993
2009,4,1,3,73,13.4326
2009,4,1,4,104,24.0117
2009,4,1,5,119,26.8957
2009,4,2,1,105,13.9589
2009,4,2,2,92,15.8534
2009,4,2,3,63,15.2396
2009,4,2,4,75,17.1331
2009,4,2,5,77,25.5226
2009,4,3,1,115,10.8780
2009,4,3,2,104,8.1703
2009,4,3,3,119,5.2556
2009,4,3,4,124,7.2814
2009,4,3,5,111,10.2422
2009,5,1,1,182,3.4650
2009,5,1,2,129,0.7651
2009,5,1,3,73,-1.6332
2009,5,1,4,104,4.4563
2009,5,1,5,118,6.9589
2009,5,2,1,105,4.3757
2009,5,2,2,91,2.1138
2009,5,2,3,63,-0.8180
2009,5,2,4,75,0.9493
2009,5,2,5,77,-0.7007
2009,5,3,1,115,5.3248
2009,5,3,2,104,4.7750
2009,5,3,3,119,3.6735
2009,5,3,4,124,3.0946
2009,5,3,5,110,3.9262
2009,6,1,1,181,4.5592
2009,6,1,2,126,9.6128
2009,6,1,3,73,1.2701
2009,6,1,4,104,1.7389
2009,6,1,5,118,6.1825
2009,6,2,1,105,3.8790
2009,6,2,2,91,1.5284
2009,6,2,3,63,5.6976
2009,6,2,4,75,0.2172
2009,6,2,5,77,0.3182
2009,6,3,1,115,-0.0055
2009,6,3,2,104,-1.3423
2009,6,3,3,119,2.0213
2009,6,3,4,124,0.3858
2009,6,3,5,110,2.1082
2009,7,1,1,209,9.9319
2009,7,1,2,104,9.1995
2009,7,1,3,115,11.7425
2009,7,1,4,113,10.6124
2009,7,1,5,196,17.4668
2009,7,2,1,136,7.0231
2009,7,2,2,85,8.2329
2009,7,2,3,59,14.4399
2009,7,2,4,89,11.8438
2009,7,2,5,92,12.1349
2009,7,3,1,104,6.0604
2009,7,3,2,123,4.7002
2009,7,3,3,141,7.0451
2009,7,3,4,138,7.7073
2009,7,3,5,103,10.6285
2009,8,1,1,207,4.0008
2009,8,1,2,103,4.4493
2009,8,1,3,114,4.9142
2009,8,1,4,113,6.4974
2009,8,1,5,195,6.5717
2009,8,2,1,135,1.7045
2009,8,2,2,85,0.5974
2009,8,2,3,59,6.4726
2009,8,2,4,89,2.9945
2009,8,2,5,92,7.8027
2009,8,3,1,104,2.0395
2009,8,3,2,123,1.4401
2009,8,3,3,141,2.0016
2009,8,3,4,138,2.0169
2009,8,3,5,102,4.2425
2009,9,1,1,207,7.9447
2009,9,1,2,102,7.2074
2009,9,1,3,113,4.9098
2009,9,1,4,113,8.8516
2009,9,1,5,195,7.1876
2009,9,2,1,134,7.9241
2009,9,2,2,85,5.1947
2009,9,2,3,58,5.7937
2009,9,2,4,89,6.6025
2009,9,2,5,92,8.5047
2009,9,3,1,104,4.2560
2009,9,3,2,123,4.9022
2009,9,3,3,141,2.5566
2009,9,3,4,138,3.9707
2009,9,3,5,102,5.6878
2009,10,1,1,205,-6.4789
2009,10,1,2,102,-8.9288
2009,10,1,3,112,-7.2915
2009,10,1,4,113,-6.2833
2009,10,1,5,195,-7.9428
2009,10,2,1,134,-6.3051
2009,10,2,2,85,-6.2741
2009,10,2,3,58,-4.6345
2009,10,2,4,89,-3.6909
2009,10,2,5,92,-6.9797
2009,10,3,1,104,-0.3623
2009,10,3,2,123,-3.0678
2009,10,3,3,141,-1.4179
2009,10,3,4,138,0.1120
2009,10,3,5,102,-2.7067
2009,11,1,1,203,2.8032
2009,11,1,2,101,2.3671
2009,11,1,3,112,1.9856
2009,11,1,4,113,-0.3534
2009,11,1,5,193,1.6786
2009,11,2,1,133,2.1431
2009,11,2,2,85,2.4387
2009,11,2,3,57,4.9138
2009,11,2,4,89,1.4973
2009,11,2,5,92,3.4252
2009,11,3,1,104,5.8846
2009,11,3,2,122,5.6880
2009,11,3,3,141,6.4606
2009,11,3,4,138,6.1911
2009,11,3,5,101,6.6962
2009,12,1,1,201,9.3591
2009,12,1,2,101,10.2493
2009,12,1,3,112,9.3872
2009,12,1,4,110,9.1350
2009,12,1,5,189,9.8600
2009,12,2,1,133,8.5856
2009,12,2,2,85,9.2146
2009,12,2,3,57,7.1949
2009,12,2,4,89,8.9148
2009,12,2,5,92,8.8478
2009,12,3,1,103,4.9169
2009,12,3,2,121,2.4749
2009,12,3,3,141,3.1646
2009,12,3,4,138,0.8450
2009,12,3,5,101,3.6479
2010,1,1,1,201,-2.9445
2010,1,1,2,101,-5.0869
2010,1,1,3,110,-3.6141
2010,1,1,4,110,-5.3293
2010,1,1,5,187,-1.0283
2010,1,2,1,132,-4.3372
2010,1,2,2,85,-3.6149
2010,1,2,3,57,-3.6962
2010,1,2,4,88,-3.3990
2010,1,2,5,92,-2.8815
2010,1,3,1,103,-6.3715
2010,1,3,2,121,-3.4589
2010,1,3,3,140,-2.8551
2010,1,3,4,138,-3.8735
2010,1,3,5,101,-5.9691
2010,2,1,1,201,5.8952
2010,2,1,2,101,6.8200
2010,2,1,3,110,8.3817
2010,2,1,4,110,6.0297
2010,2,1,5,186,4.9511
2010,2,2,1,132,4.5047
2010,2,2,2,85,4.4097
2010,2,2,3,57,6.0512
2010,2,2,4,87,5.3782
2010,2,2,5,92,7.0331
2010,2,3,1,103,3.5275
2010,2,3,2,120,1.7816
2010,2,3,3,140,1.9848
2010,2,3,4,137,3.5239
2010,2,3,5,100,5.2082
2010,3,1,1,195,6.5006
2010,3,1,2,101,7.7030
2010,3,1,3,109,10.2693
2010,3,1,4,110,5.9384
2010,3,1,5,185,10.1542
2010,3,2,1,132,7.9603
2010,3,2,2,85,8.0867
2010,3,2,3,57,7.7916
2010,3,2,4,87,8.8038
2010,3,2,5,92,8.3812
2010,3,3,1,103,5.7581
2010,3,3,2,120,4.3310
2010,3,3,3,138,4.8816
2010,3,3,4,137,5.3060
2010,3,3,5,100,7.2978
2010,4,1,1,193,8.6139
2010,4,1,2,100,6.6052
2010,4,1,3,107,9.0803
2010,4,1,4,110,8.5760
2010,4,1,5,183,12.3104
2010,4,2,1,131,6.9990
2010,4,2,2,85,5.9012
2010,4,2,3,57,7.6085
2010,4,2,4,87,5.5306
2010,4,2,5,92,7.5207
2010,4,3,1,103,1.1155
2010,4,3,2,120,-0.2843
2010,4,3,3,137,0.2169
2010,4,3,4,135,2.1983
2010,4,3,5,99,5.4740
2010,5,1,1,190,-8.0245
2010,5,1,2,99,-8.3136
2010,5,1,3,107,-7.4637
2010,5,1,4,110,-8.3650
2010,5,1,5,179,-9.1712
2010,5,2,1,131,-8.3596
2010,5,2,2,84,-8.9247
2010,5,2,3,57,-8.4036
2010,5,2,4,87,-7.3526
2010,5,2,5,92,-7.1510
2010,5,3,1,101,-8.7151
2010,5,3,2,119,-7.4756
2010,5,3,3,137,-6.9106
2010,5,3,4,135,-8.1410
2010,5,3,5,99,-7.1836
2010,6,1,1,189,-8.4119
2010,6,1,2,99,-5.5390
2010,6,1,3,106,-5.6792
2010,6,1,4,110,-7.8324
2010,6,1,5,179,-12.0447
2010,6,2,1,131,-6.4819
2010,6,2,2,84,-6.9310
2010,6,2,3,57,-10.1970
2010,6,2,4,86,-8.4459
2010,6,2,5,92,-10.8200
2010,6,3,1,101,-6.6284
2010,6,3,2,119,-4.3400
2010,6,3,3,137,-3.0501
2010,6,3,4,135,-5.6335
2010,6,3,5,99,-9.3043
2010,7,1,1,194,7.3704
2010,7,1,2,121,7.6153
2010,7,1,3,88,7.3757
2010,7,1,4,91,7.9680
2010,7,1,5,129,7.7917
2010,7,2,1,108,9.4960
2010,7,2,2,79,6.9713
2010,7,2,3,70,7.3147
2010,7,2,4,65,5.5816
2010,7,2,5,58,6.7425
2010,7,3,1,105,6.3575
2010,7,3,2,110,7.9345
2010,7,3,3,118,8.7300
2010,7,3,4,113,6.4185
2010,7,3,5,128,6.4684
2010,8,1,1,192,-9.8687
2010,8,1,2,120,-7.6266
2010,8,1,3,88,-9.8482
2010,8,1,4,90,-9.5528
2010,8,1,5,128,-7.4911
2010,8,2,1,108,-6.3218
2010,8,2,2,78,-8.1137
2010,8,2,3,70,-6.3115
2010,8,2,4,64,-5.7757
2010,8,2,5,58,-8.0543
2010,8,3,1,105,-3.2680
2010,8,3,2,110,-5.4011
2010,8,3,3,117,-5.5423
2010,8,3,4,113,-3.1112
2010,8,3,5,128,-2.8910
2010,9,1,1,190,13.1854
2010,9,1,2,119,13.4993
2010,9,1,3,87,12.6967
2010,9,1,4,90,11.0797
2010,9,1,5,128,12.5269
2010,9,2,1,106,14.0707
2010,9,2,2,78,13.6033
2010,9,2,3,68,13.6279
2010,9,2,4,64,11.9637
2010,9,2,5,58,10.4180
2010,9,3,1,105,12.6557
2010,9,3,2,109,11.4858
2010,9,3,3,117,11.0632
2010,9,3,4,113,8.9488
2010,9,3,5,128,6.8022
2010,10,1,1,187,5.4941
2010,10,1,2,118,6.2436
2010,10,1,3,86,5.3924
2010,10,1,4,90,5.0068
2010,10,1,5,128,4.7978
2010,10,2,1,105,5.2432
2010,10,2,2,78,3.0434
2010,10,2,3,68,3.3624
2010,10,2,4,64,3.0239
2010,10,2,5,58,3.4959
2010,10,3,1,105,6.2732
2010,10,3,2,109,4.8034
2010,10,3,3,117,4.3248
2010,10,3,4,113,3.4422
2010,10,3,5,127,4.2319
2010,11,1,1,182,4.8201
2010,11,1,2,117,4.8921
2010,11,1,3,85,4.5850
2010,11,1,4,89,4.0048
2010,11,1,5,128,4.0341
2010,11,2,1,105,5.1958
2010,11,2,2,78,3.7933
2010,11,2,3,68,6.0548
2010,11,2,4,64,2.9307
2010,11,2,5,58,4.1344
2010,11,3,1,104,3.1189
2010,11,3,2,109,3.2537
2010,11,3,3,115,-0.1758
2010,11,3,4,113,-0.6873
2010,11,3,5,127,-0.6010
2010,12,1,1,177,9.3110
2010,12,1,2,117,11.2617
2010,12,1,3,84,9.0843
2010,12,1,4,88,8.3814
2010,12,1,5,126,5.4952
2010,12,2,1,104,7.4916
2010,12,2,2,78,9.9616
2010,12,2,3,67,6.8226
2010,12,2,4,64,6.4740
2010,12,2,5,58,4.3322
2010,12,3,1,102,5.6167
2010,12,3,2,109,7.5535
2010,12,3,3,115,6.7892
2010,12,3,4,113,5.1554
2010,12,3,5,127,4.8961
2011,1,1,1,173,-1.3558
2011,1,1,2,117,-1.1117
2011,1,1,3,83,-1.8901
2011,1,1,4,87,-2.5564
2011,1,1,5,123,-1.6589
2011,1,2,1,100,0.3344
2011,1,2,2,78,-0.6554
2011,1,2,3,67,0.6032
2011,1,2,4,64,0.0390
2011,1,2,5,58,0.5658
2011,1,3,1,102,3.2937
2011,1,3,2,109,2.2574
2011,1,3,3,115,3.1963
2011,1,3,4,113,1.3419
2011,1,3,5,127,1.8030
2011,2,1,1,172,7.8328
2011,2,1,2,117,3.4597
2011,2,1,3,83,7.7093
2011,2,1,4,87,4.0847
2011,2,1,5,123,3.2489
2011,2,2,1,100,7.8548
2011,2,2,2,77,5.2358
2011,2,2,3,67,7.4522
2011,2,2,4,64,3.8468
2011,2,2,5,58,4.3469
2011,2,3,1,101,4.5532
2011,2,3,2,109,4.3533
2011,2,3,3,114,2.3434
2011,2,3,4,113,3.0767
2011,2,3,5,127,3.0764
2011,3,1,1,171,4.6755
2011,3,1,2,116,5.0950
2011,3,1,3,82,6.0057
2011,3,1,4,87,4.2562
2011,3,1,5,121,-0.3272
2011,3,2,1,100,4.2118
2011,3,2,2,77,3.8561
2011,3,2,3,67,4.5993
2011,3,2,4,64,1.9026
2011,3,2,5,58,2.6300
2011,3,3,1,101,1.0006
2011,3,3,2,109,1.5086
2011,3,3,3,113,-0.2494
2011,3,3,4,113,0.7501
2011,3,3,5,127,0.5845
2011,4,1,1,169,2.3046
2011,4,1,2,116,1.0381
2011,4,1,3,81,1.2070
2011,4,1,4,87,0.9178
2011,4,1,5,120,1.9382
2011,4,2,1,100,2.6418
2011,4,2,2,77,0.7319
2011,4,2,3,67,3.3796
2011,4,2,4,64,3.3018
2011,4,2,5,58,3.3931
2011,4,3,1,99,1.9758
2011,4,3,2,108,2.2690
2011,4,3,3,113,3.1282
2011,4,3,4,113,4.8563
2011,4,3,5,127,4.1911
2011,5,1,1,167,-3.9573
2011,5,1,2,116,-0.4008
2011,5,1,3,80,-2.5499
2011,5,1,4,87,-2.4984
2011,5,1,5,116,-0.2307
2011,5,2,1,100,-2.6089
2011,5,2,2,77,-2.6352
2011,5,2,3,67,-0.2573
2011,5,2,4,64,-0.5418
2011,5,2,5,58,-0.5905
2011,5,3,1,99,-2.5844
2011,5,3,2,108,-2.0803
2011,5,3,3,113,-1.4491
2011,5,3,4,112,-0.2150
2011,5,3,5,127,0.1762
2011,6,1,1,166,-1.9129
2011,6,1,2,115,-0.4248
2011,6,1,3,79,-1.5914
2011,6,1,4,86,-0.9360
2011,6,1,5,115,-1.9594
2011,6,2,1,99,-2.5573
2011,6,2,2,77,-1.7096
2011,6,2,3,67,1.4481
2011,6,2,4,63,-1.8298
2011,6,2,5,58,0.2760
2011,6,3,1,99,-1.9841
2011,6,3,2,107,-2.2426
2011,6,3,3,113,-1.4380
2011,6,3,4,112,-1.3081
2011,6,3,5,127,-0.9583
2011,7,1,1,194,-5.1966
2011,7,1,2,113,1.5884
2011,7,1,3,82,-4.0857
2011,7,1,4,54,0.4439
2011,7,1,5,95,-3.3308
2011,7,2,1,111,-5.6861
2011,7,2,2,66,-4.8627
2011,7,2,3,86,-3.6950
2011,7,2,4,63,-5.3295
2011,7,2,5,69,-3.3915
2011,7,3,1,95,5.2796
2011,7,3,2,122,-3.9260
2011,7,3,3,108,-3.4028
2011,7,3,4,113,-3.3217
2011,7,3,5,142,-1.7888
2011,8,1,1,194,-12.3314
2011,8,1,2,113,-8.4003
2011,8,1,3,82,-9.4916
2011,8,1,4,54,-2.8691
2011,8,1,5,94,-7.3671
2011,8,2,1,109,-8.6442
2011,8,2,2,66,-9.4277
2011,8,2,3,86,-7.6629
2011,8,2,4,63,-5.1709
2011,8,2,5,69,-6.4877
2011,8,3,1,93,-7.6783
2011,8,3,2,122,-9.5663
2011,8,3,3,108,-4.9842
2011,8,3,4,113,-3.2934
2011,8,3,5,142,-2.9159
2011,9,1,1,192,-13.2665
2011,9,1,2,113,-10.1433
2011,9,1,3,80,-8.8699
2011,9,1,4,54,-7.5521
2011,9,1,5,93,-7.3441
2011,9,2,1,108,-12.2712
2011,9,2,2,65,-10.4954
2011,9,2,3,86,-10.4021
2011,9,2,4,63,-8.3369
2011,9,2,5,69,-8.4249
2011,9,3,1,93,-8.5940
2011,9,3,2,122,-12.6713
2011,9,3,3,108,-7.8637
2011,9,3,4,113,-5.4972
2011,9,3,5,142,-3.2132
2011,10,1,1,192,15.9248
2011,10,1,2,111,13.0699
2011,10,1,3,80,12.5271
2011,10,1,4,54,10.1308
2011,10,1,5,93,13.0374
2011,10,2,1,107,17.4278
2011,10,2,2,65,19.2178
2011,10,2,3,86,14.0260
2011,10,2,4,63,14.3381
2011,10,2,5,67,10.8982
2011,10,3,1,93,13.0186
2011,10,3,2,121,18.6948
2011,10,3,3,107,12.3351
2011,10,3,4,113,8.7343
2011,10,3,5,140,7.6385
2011,11,1,1,191,-2.9554
2011,11,1,2,109,-1.3376
2011,11,1,3,80,1.0078
2011,11,1,4,52,-0.5386
2011,11,1,5,93,-1.0943
2011,11,2,1,107,-1.1323
2011,11,2,2,65,-0.8241
2011,11,2,3,85,0.2932
2011,11,2,4,63,1.7479
2011,11,2,5,66,-0.2405
2011,11,3,1,92,-2.1103
2011,11,3,2,121,-0.2432
2011,11,3,3,107,0.8106
2011,11,3,4,112,0.6684
2011,11,3,5,140,1.6191
2011,12,1,1,190,1.0563
2011,12,1,2,108,0.8508
2011,12,1,3,80,0.0703
2011,12,1,4,52,0.6711
2011,12,1,5,93,3.1382
2011,12,2,1,106,-0.2307
2011,12,2,2,65,-0.4145
2011,12,2,3,85,-0.5260
2011,12,2,4,63,1.5345
2011,12,2,5,66,0.3312
2011,12,3,1,91,0.7826
2011,12,3,2,121,-4.8589
2011,12,3,3,107,0.6367
2011,12,3,4,112,2.8611
2011,12,3,5,139,2.1589
2012,1,1,1,188,10.0404
2012,1,1,2,107,6.9916
2012,1,1,3,80,6.8431
2012,1,1,4,52,5.5398
2012,1,1,5,93,6.1861
2012,1,2,1,105,8.0112
2012,1,2,2,65,6.4274
2012,1,2,3,84,6.5649
2012,1,2,4,63,3.8561
2012,1,2,5,66,4.1939
2012,1,3,1,89,7.1917
2012,1,3,2,121,7.9762
2012,1,3,3,106,5.2995
2012,1,3,4,111,3.5463
2012,1,3,5,139,1.7738
2012,2,1,1,187,1.4780
2012,2,1,2,107,-0.1379
2012,2,1,3,78,0.6073
2012,2,1,4,52,1.2941
2012,2,1,5,93,-2.0868
2012,2,2,1,104,3.3925
2012,2,2,2,64,1.9141
2012,2,2,3,84,1.3176
2012,2,2,4,62,2.3119
2012,2,2,5,66,1.7745
2012,2,3,1,89,10.0033
2012,2,3,2,121,4.0988
2012,2,3,3,105,4.2865
2012,2,3,4,111,2.5246
2012,2,3,5,139,3.1926
2012,3,1,1,186,5.0763
2012,3,1,2,107,3.2560
2012,3,1,3,75,3.2937
2012,3,1,4,52,6.0843
2012,3,1,5,93,1.9868
2012,3,2,1,104,1.2144
2012,3,2,2,64,3.6311
2012,3,2,3,84,2.7441
2012,3,2,4,62,0.5603
2012,3,2,5,66,2.5380
2012,3,3,1,88,4.4642
2012,3,3,2,121,-0.8250
2012,3,3,3,104,2.4968
2012,3,3,4,111,3.2700
2012,3,3,5,139,2.6815
2012,4,1,1,184,-3.1530
2012,4,1,2,107,-1.3038
2012,4,1,3,75,-2.7106
2012,4,1,4,52,0.4603
2012,4,1,5,92,-2.2132
2012,4,2,1,104,-0.8685
2012,4,2,2,64,-0.0858
2012,4,2,3,84,-0.6080
2012,4,2,4,62,-0.1243
2012,4,2,5,66,-1.8181
2012,4,3,1,88,-2.6138
2012,4,3,2,121,-0.8650
2012,4,3,3,102,-0.6604
2012,4,3,4,111,0.4410
2012,4,3,5,139,0.0900
2012,5,1,1,183,-7.8741
2012,5,1,2,107,-7.9120
2012,5,1,3,75,-3.8095
2012,5,1,4,52,-9.4812
2012,5,1,5,92,-9.4607
2012,5,2,1,103,-9.9779
2012,5,2,2,64,-5.0967
2012,5,2,3,84,-5.6230
2012,5,2,4,62,-4.0265
2012,5,2,5,66,-4.8546
2012,5,3,1,88,-6.1031
2012,5,3,2,121,-9.5013
2012,5,3,3,102,-6.7383
2012,5,3,4,111,-3.9377
2012,5,3,5,137,-3.9917
2012,6,1,1,180,6.7341
2012,6,1,2,107,5.6467
2012,6,1,3,75,5.6612
2012,6,1,4,52,5.5176
2012,6,1,5,92,5.9220
2012,6,2,1,103,5.6243
2012,6,2,2,64,3.2355
2012,6,2,3,84,3.6427
2012,6,2,4,62,3.1047
2012,6,2,5,66,3.0583
2012,6,3,1,88,1.0803
2012,6,3,2,121,3.1324
2012,6,3,3,101,3.8581
2012,6,3,4,111,4.5219
2012,6,3,5,137,4.5090
2012,7,1,1,168,-2.6559
2012,7,1,2,143,-2.4507
2012,7,1,3,89,-0.2403
2012,7,1,4,64,-1.3162
2012,7,1,5,86,-2.2585
2012,7,2,1,112,-1.1761
2012,7,2,2,107,-3.3481
2012,7,2,3,64,-1.8062
2012,7,2,4,70,-0.3724
2012,7,2,5,69,-1.8799
2012,7,3,1,108,2.3921
2012,7,3,2,114,0.6496
2012,7,3,3,120,1.3382
2012,7,3,4,130,1.8759
2012,7,3,5,149,0.8917
2012,8,1,1,167,2.0577
2012,8,1,2,142,2.4298
2012,8,1,3,89,2.1917
2012,8,1,4,64,4.3477
2012,8,1,5,86,0.2954
2012,8,2,1,112,4.6749
2012,8,2,2,107,4.4619
2012,8,2,3,64,3.0471
2012,8,2,4,70,3.7687
2012,8,2,5,68,3.2284
2012,8,3,1,106,6.0721
2012,8,3,2,113,1.9646
2012,8,3,3,119,1.3443
2012,8,3,4,130,0.3654
2012,8,3,5,149,2.3048
2012,9,1,1,164,5.3758
2012,9,1,2,141,4.9443
2012,9,1,3,87,5.4078
2012,9,1,4,63,3.0306
2012,9,1,5,86,4.8778
2012,9,2,1,111,1.8651
2012,9,2,2,107,3.9543
2012,9,2,3,64,3.1901
2012,9,2,4,70,2.4522
2012,9,2,5,68,2.8388
2012,9,3,1,105,1.8502
2012,9,3,2,113,1.4819
2012,9,3,3,119,2.3660
2012,9,3,4,130,2.7899
2012,9,3,5,147,1.8636
2012,10,1,1,164,-4.1212
2012,10,1,2,140,-1.8945
2012,10,1,3,86,-3.3061
2012,10,1,4,63,-3.3055
2012,10,1,5,86,-2.8244
2012,10,2,1,111,-1.2750
2012,10,2,2,107,-0.8891
2012,10,2,3,64,0.6731
2012,10,2,4,69,-0.9922
2012,10,2,5,68,-2.4333
2012,10,3,1,105,-5.4997
2012,10,3,2,113,-2.4396
2012,10,3,3,119,-1.5882
2012,10,3,4,130,-1.4560
2012,10,3,5,146,-1.5039
2012,11,1,1,161,1.6944
2012,11,1,2,139,1.1715
2012,11,1,3,85,2.0818
2012,11,1,4,63,0.2956
2012,11,1,5,86,1.4326
2012,11,2,1,110,0.7924
2012,11,2,2,106,1.1031
2012,11,2,3,64,0.0517
2012,11,2,4,67,1.6012
2012,11,2,5,67,2.6997
2012,11,3,1,104,0.9088
2012,11,3,2,112,2.3044
2012,11,3,3,119,0.4108
2012,11,3,4,130,0.8978
2012,11,3,5,145,0.1364
2012,12,1,1,159,4.5639
2012,12,1,2,137,5.1716
2012,12,1,3,85,4.3824
2012,12,1,4,62,8.3488
2012,12,1,5,85,3.7992
2012,12,2,1,110,4.0278
2012,12,2,2,106,2.2384
2012,12,2,3,63,3.4416
2012,12,2,4,67,5.2786
2012,12,2,5,67,1.7841
2012,12,3,1,104,-1.1804
2012,12,3,2,112,2.3057
2012,12,3,3,119,1.3282
2012,12,3,4,130,-0.6119
2012,12,3,5,145,0.7767
2013,1,1,1,158,6.9188
2013,1,1,2,136,5.1503
2013,1,1,3,85,3.2986
2013,1,1,4,62,1.9179
2013,1,1,5,83,5.0927
2013,1,2,1,110,5.8018
2013,1,2,2,106,6.4136
2013,1,2,3,62,6.6171
2013,1,2,4,67,6.4615
2013,1,2,5,66,7.0709
2013,1,3,1,104,0.3342
2013,1,3,2,112,7.1553
2013,1,3,3,119,6.3631
2013,1,3,4,129,5.9720
2013,1,3,5,144,5.1195
2013,2,1,1,158,1.4721
2013,2,1,2,136,1.8746
2013,2,1,3,85,1.0431
2013,2,1,4,62,-1.1702
2013,2,1,5,82,0.6004
2013,2,2,1,110,0.7575
2013,2,2,2,106,0.0534
2013,2,2,3,62,0.9586
2013,2,2,4,66,1.1410
2013,2,2,5,66,1.7208
2013,2,3,1,103,-0.6557
2013,2,3,2,112,-0.5959
2013,2,3,3,118,1.5327
2013,2,3,4,129,2.2800
2013,2,3,5,143,1.8902
2013,3,1,1,158,4.9385
2013,3,1,2,136,3.8127
2013,3,1,3,85,5.9029
2013,3,1,4,61,6.1945
2013,3,1,5,82,4.2576
2013,3,2,1,109,4.8209
2013,3,2,2,106,4.4572
2013,3,2,3,61,5.1780
2013,3,2,4,66,4.2836
2013,3,2,5,64,5.9762
2013,3,3,1,103,2.6348
2013,3,3,2,112,2.2429
2013,3,3,3,118,3.4774
2013,3,3,4,129,3.5258
2013,3,3,5,143,5.6937
2013,4,1,1,158,-0.1003
2013,4,1,2,135,-1.2816
2013,4,1,3,85,0.4650
2013,4,1,4,61,1.4637
2013,4,1,5,82,2.1895
2013,4,2,1,109,-1.0642
2013,4,2,2,106,-1.8813
2013,4,2,3,61,-1.4286
2013,4,2,4,66,-0.9423
2013,4,2,5,64,0.9383
2013,4,3,1,103,-0.8426
2013,4,3,2,112,1.2627
2013,4,3,3,118,0.9987
2013,4,3,4,129,2.3751
2013,4,3,5,143,2.4908
2013,5,1,1,157,8.6408
2013,5,1,2,134,7.6607
2013,5,1,3,85,6.2310
2013,5,1,4,61,5.3871
2013,5,1,5,81,5.6447
2013,5,2,1,108,7.1405
2013,5,2,2,106,4.4447
2013,5,2,3,61,4.5145
2013,5,2,4,66,4.5461
2013,5,2,5,64,3.9056
2013,5,3,1,103,4.6045
2013,5,3,2,112,2.0668
2013,5,3,3,118,0.2009
2013,5,3,4,129,0.0173
2013,5,3,5,143,2.2136
2013,6,1,1,157,-1.3720
2013,6,1,2,133,0.4754
2013,6,1,3,84,0.9942
2013,6,1,4,61,3.7090
2013,6,1,5,81,1.1494
2013,6,2,1,108,-0.8274
2013,6,2,2,106,-1.1464
2013,6,2,3,61,-0.6702
2013,6,2,4,66,-1.1437
2013,6,2,5,64,-2.1122
2013,6,3,1,103,-3.1832
2013,6,3,2,112,-2.9503
2013,6,3,3,118,-2.1089
2013,6,3,4,128,-0.1417
2013,6,3,5,142,-1.1644
2013,7,1,1,163,6.6758
2013,7,1,2,122,7.2140
2013,7,1,3,82,6.5642
2013,7,1,4,73,8.9481
2013,7,1,5,124,7.8238
2013,7,2,1,128,6.6970
2013,7,2,2,100,6.4396
2013,7,2,3,75,6.1064
2013,7,2,4,62,6.1699
2013,7,2,5,82,8.7324
2013,7,3,1,103,7.1019
2013,7,3,2,128,6.7433
2013,7,3,3,115,5.4321
2013,7,3,4,143,4.1965
2013,7,3,5,137,4.7724
2013,8,1,1,163,-1.0726
2013,8,1,2,121,-3.1355
2013,8,1,3,82,-4.1082
2013,8,1,4,73,-4.9005
2013,8,1,5,123,-3.0268
2013,8,2,1,127,-2.1709
2013,8,2,2,100,-2.5744
2013,8,2,3,74,-3.7154
2013,8,2,4,62,-3.1017
2013,8,2,5,82,-4.0663
2013,8,3,1,102,0.7021
2013,8,3,2,128,-1.6118
2013,8,3,3,114,-2.5893
2013,8,3,4,143,-3.4213
2013,8,3,5,137,-3.2735
2013,9,1,1,162,7.8967
2013,9,1,2,120,8.9253
2013,9,1,3,81,7.3178
2013,9,1,4,73,5.6470
2013,9,1,5,120,6.0975
2013,9,2,1,127,7.2992
2013,9,2,2,100,6.2364
2013,9,2,3,73,7.4860
2013,9,2,4,62,5.1003
2013,9,2,5,82,6.8692
2013,9,3,1,102,3.6223
2013,9,3,2,128,5.6299
2013,9,3,3,114,4.1558
2013,9,3,4,143,2.2305
2013,9,3,5,137,3.0500
2013,10,1,1,161,3.2477
2013,10,1,2,120,3.5677
2013,10,1,3,81,4.7471
2013,10,1,4,73,3.5823
2013,10,1,5,120,2.7916
2013,10,2,1,127,1.4181
2013,10,2,2,100,2.2930
2013,10,2,3,73,3.5694
2013,10,2,4,61,4.7308
2013,10,2,5,82,4.8590
2013,10,3,1,102,5.9786
2013,10,3,2,128,3.4994
2013,10,3,3,114,4.2902
2013,10,3,4,142,3.7655
2013,10,3,5,136,5.4251
2013,11,1,1,159,5.8816
2013,11,1,2,119,5.9632
2013,11,1,3,80,4.0444
2013,11,1,4,73,5.6237
2013,11,1,5,119,5.5926
2013,11,2,1,126,3.0117
2013,11,2,2,100,3.3676
2013,11,2,3,73,2.8338
2013,11,2,4,60,4.2211
2013,11,2,5,80,3.8686
2013,11,3,1,100,2.4926
2013,11,3,2,128,2.9873
2013,11,3,3,114,1.0858
2013,11,3,4,142,3.3190
2013,11,3,5,135,2.2400
2013,12,1,1,157,4.0745
2013,12,1,2,119,2.3318
2013,12,1,3,79,-0.1982
2013,12,1,4,72,2.7398
2013,12,1,5,119,0.0722
2013,12,2,1,126,2.0390
2013,12,2,2,99,1.8195
2013,12,2,3,73,2.7293
2013,12,2,4,60,2.0356
2013,12,2,5,80,2.4856
2013,12,3,1,100,1.6631
2013,12,3,2,128,2.0168
2013,12,3,3,114,3.5246
2013,12,3,4,142,2.1355
2013,12,3,5,135,3.2127
2014,1,1,1,156,-1.6109
2014,1,1,2,118,-2.7821
2014,1,1,3,79,-4.0365
2014,1,1,4,72,-4.3340
2014,1,1,5,119,-6.1201
2014,1,2,1,125,-1.8260
2014,1,2,2,99,-4.8609
2014,1,2,3,72,-3.9809
2014,1,2,4,60,-4.8724
2014,1,2,5,77,-3.4201
2014,1,3,1,99,-5.6908
2014,1,3,2,128,-1.6630
2014,1,3,3,112,-2.2953
2014,1,3,4,142,-3.7046
2014,1,3,5,135,-4.9211
2014,2,1,1,156,4.6688
2014,2,1,2,118,3.5422
2014,2,1,3,78,7.2143
2014,2,1,4,72,2.9353
2014,2,1,5,119,6.2528
2014,2,2,1,125,5.2913
2014,2,2,2,98,5.2770
2014,2,2,3,72,3.6964
2014,2,2,4,60,6.0567
2014,2,2,5,76,3.9134
2014,2,3,1,99,5.0617
2014,2,3,2,127,5.2702
2014,2,3,3,112,4.6933
2014,2,3,4,142,3.9114
2014,2,3,5,135,5.3690
2014,3,1,1,154,-0.8916
2014,3,1,2,117,2.0832
2014,3,1,3,77,0.9251
2014,3,1,4,72,0.8126
2014,3,1,5,116,0.6091
2014,3,2,1,125,-1.5393
2014,3,2,2,98,1.2480
2014,3,2,3,72,0.7420
2014,3,2,4,59,-0.4387
2014,3,2,5,75,1.9802
2014,3,3,1,99,0.1864
2014,3,3,2,127,-1.4577
2014,3,3,3,112,1.4812
2014,3,3,4,142,1.5909
2014,3,3,5,134,1.3532
2014,4,1,1,153,-5.3606
2014,4,1,2,118,-4.5583
2014,4,1,3,77,-3.7685
2014,4,1,4,72,-3.0991
2014,4,1,5,115,-3.5852
2014,4,2,1,125,-3.4237
2014,4,2,2,98,-2.3039
2014,4,2,3,71,-2.4861
2014,4,2,4,59,-2.0935
2014,4,2,5,75,-3.0424
2014,4,3,1,99,2.5487
2014,4,3,2,127,-0.1132
2014,4,3,3,112,2.3839
2014,4,3,4,142,1.4615
2014,4,3,5,133,0.7665
2014,5,1,1,152,-0.4433
2014,5,1,2,117,0.3892
2014,5,1,3,77,-2.9706
2014,5,1,4,72,1.2804
2014,5,1,5,114,-1.8222
2014,5,2,1,124,-0.3530
2014,5,2,2,98,1.1053
2014,5,2,3,71,1.4816
2014,5,2,4,58,1.2101
2014,5,2,5,75,0.2170
2014,5,3,1,99,4.0758
2014,5,3,2,127,3.1657
2014,5,3,3,112,1.5200
2014,5,3,4,142,1.5323
2014,5,3,5,133,1.3415
2014,6,1,1,151,5.0708
2014,6,1,2,117,4.0790
2014,6,1,3,77,2.8394
2014,6,1,4,72,1.8972
2014,6,1,5,114,3.0822
2014,6,2,1,124,5.4994
2014,6,2,2,97,4.4426
2014,6,2,3,71,4.2381
2014,6,2,4,58,6.2449
2014,6,2,5,75,4.5363
2014,6,3,1,99,3.1376
2014,6,3,2,127,2.6974
2014,6,3,3,112,2.9064
2014,6,3,4,142,1.0878
2014,6,3,5,132,1.5376
2014,7,1,1,173,-6.6906
2014,7,1,2,114,-3.5361
2014,7,1,3,84,-4.5416
2014,7,1,4,59,-4.9639
2014,7,1,5,97,-5.6734
2014,7,2,1,125,-7.9369
2014,7,2,2,122,-5.2220
2014,7,2,3,86,-6.0646
2014,7,2,4,47,-7.0134
2014,7,2,5,59,-4.6891
2014,7,3,1,101,-2.1655
2014,7,3,2,121,-2.8046
2014,7,3,3,121,-3.0196
2014,7,3,4,133,-1.6021
2014,7,3,5,153,-0.2911
2014,8,1,1,173,3.8996
2014,8,1,2,113,3.8884
2014,8,1,3,83,3.7489
2014,8,1,4,59,4.1753
2014,8,1,5,96,5.0075
2014,8,2,1,124,5.1605
2014,8,2,2,121,5.0618
2014,8,2,3,86,3.8430
2014,8,2,4,47,5.6071
2014,8,2,5,59,5.1919
2014,8,3,1,100,5.6646
2014,8,3,2,121,4.2173
2014,8,3,3,121,3.6632
2014,8,3,4,133,4.1954
2014,8,3,5,153,3.6919
2014,9,1,1,173,-7.4924
2014,9,1,2,113,-7.1309
2014,9,1,3,83,-5.5260
2014,9,1,4,59,-4.6645
2014,9,1,5,96,-5.3714
2014,9,2,1,123,-6.0068
2014,9,2,2,121,-5.0708
2014,9,2,3,85,-6.2427
2014,9,2,4,47,-6.4681
2014,9,2,5,59,-3.3134
2014,9,3,1,100,-3.8966
2014,9,3,2,120,-3.3871
2014,9,3,3,120,-2.7581
2014,9,3,4,133,-0.6442
2014,9,3,5,153,-2.1083
2014,10,1,1,170,7.0989
2014,10,1,2,112,5.9519
2014,10,1,3,83,8.5698
2014,10,1,4,59,9.5850
2014,10,1,5,96,5.9246
2014,10,2,1,123,4.6402
2014,10,2,2,121,6.1076
2014,10,2,3,85,7.8994
2014,10,2,4,47,7.3375
2014,10,2,5,59,4.2595
2014,10,3,1,100,0.3778
2014,10,3,2,120,1.6002
2014,10,3,3,120,3.7702
2014,10,3,4,132,2.2987
2014,10,3,5,153,2.4955
2014,11,1,1,170,-0.0800
2014,11,1,2,112,-0.8150
2014,11,1,3,82,-2.6816
2014,11,1,4,58,2.2967
2014,11,1,5,95,0.7810
2014,11,2,1,121,-0.7429
2014,11,2,2,121,1.0583
2014,11,2,3,85,0.6134
2014,11,2,4,47,0.7759
2014,11,2,5,59,3.7988
2014,11,3,1,100,-1.6675
2014,11,3,2,120,1.9655
2014,11,3,3,120,3.5539
2014,11,3,4,131,3.1501
2014,11,3,5,153,3.9005
2014,12,1,1,170,5.7919
2014,12,1,2,112,6.3358
2014,12,1,3,80,7.0214
2014,12,1,4,57,6.3907
2014,12,1,5,95,1.9562
2014,12,2,1,121,1.4475
2014,12,2,2,121,1.5266
2014,12,2,3,85,2.1673
2014,12,2,4,47,3.2650
2014,12,2,5,58,1.0849
2014,12,3,1,99,-0.4569
2014,12,3,2,120,-0.3690
2014,12,3,3,120,0.2427
2014,12,3,4,131,-0.3827
2014,12,3,5,152,-1.0548
2015,1,1,1,170,-4.4808
2015,1,1,2,111,-6.1125
2015,1,1,3,80,-5.1951
2015,1,1,4,57,-2.8790
2015,1,1,5,94,-3.7065
2015,1,2,1,120,-4.8795
2015,1,2,2,121,-4.9101
2015,1,2,3,84,-1.8467
2015,1,2,4,47,-1.3201
2015,1,2,5,57,0.1908
2015,1,3,1,98,0.2190
2015,1,3,2,119,-3.3431
2015,1,3,3,119,-2.9103
2015,1,3,4,131,-3.3835
2015,1,3,5,152,-1.6698
2015,2,1,1,167,5.9830
2015,2,1,2,111,5.2665
2015,2,1,3,80,2.6982
2015,2,1,4,57,4.9405
2015,2,1,5,93,5.6910
2015,2,2,1,118,6.3269
2015,2,2,2,121,7.8560
2015,2,2,3,83,4.9168
2015,2,2,4,47,6.3291
2015,2,2,5,57,4.1302
2015,2,3,1,97,4.8893
2015,2,3,2,119,7.0539
2015,2,3,3,118,6.4169
2015,2,3,4,130,4.7022
2015,2,3,5,150,6.1089
2015,3,1,1,167,2.2403
2015,3,1,2,111,1.6866
2015,3,1,3,80,-0.5636
2015,3,1,4,57,2.6853
2015,3,1,5,91,-0.6039
2015,3,2,1,117,2.6757
2015,3,2,2,120,2.4536
2015,3,2,3,83,1.3210
2015,3,2,4,47,1.6782
2015,3,2,5,56,0.8362
2015,3,3,1,96,-0.6412
2015,3,3,2,119,-0.8545
2015,3,3,3,118,-0.5835
2015,3,3,4,130,-2.5408
2015,3,3,5,150,-1.9422
2015,4,1,1,166,-2.0166
2015,4,1,2,110,-3.9875
2015,4,1,3,80,-0.3680
2015,4,1,4,57,-2.8763
2015,4,1,5,91,-2.5075
2015,4,2,1,117,-3.6656
2015,4,2,2,120,-2.0865
2015,4,2,3,83,-2.6335
2015,4,2,4,47,-2.2038
2015,4,2,5,56,-2.4701
2015,4,3,1,96,-0.1384
2015,4,3,2,118,1.7106
2015,4,3,3,118,-0.6307
2015,4,3,4,129,1.2241
2015,4,3,5,148,0.9452
2015,5,1,1,164,0.3759
2015,5,1,2,110,1.6290
2015,5,1,3,80,-0.2858
2015,5,1,4,57,2.7297
2015,5,1,5,91,-0.1262
2015,5,2,1,117,2.6234
2015,5,2,2,120,1.6418
2015,5,2,3,83,0.8986
2015,5,2,4,47,0.9043
2015,5,2,5,56,3.0934
2015,5,3,1,96,0.8220
2015,5,3,2,118,0.1226
2015,5,3,3,118,1.1423
2015,5,3,4,129,0.1490
2015,5,3,5,146,1.4959
2015,6,1,1,164,2.4489
2015,6,1,2,109,2.6673
2015,6,1,3,80,2.6320
2015,6,1,4,57,2.7374
2015,6,1,5,91,0.5958
2015,6,2,1,117,-0.6451
2015,6,2,2,120,0.8494
2015,6,2,3,83,0.1052
2015,6,2,4,46,-1.0604
2015,6,2,5,56,0.3739
2015,6,3,1,96,-1.1163
2015,6,3,2,118,-2.0782
2015,6,3,3,117,-1.6576
2015,6,3,4,129,-3.4110
2015,6,3,5,145,-2.4403
2015,7,1,1,197,-5.6656
2015,7,1,2,107,-5.9270
2015,7,1,3,71,-4.5382
2015,7,1,4,81,-7.0194
2015,7,1,5,75,-7.0444
2015,7,2,1,122,-3.4287
2015,7,2,2,121,-1.4626
2015,7,2,3,75,-1.5223
2015,7,2,4,62,-1.7645
2015,7,2,5,55,-4.5149
2015,7,3,1,98,0.9609
2015,7,3,2,123,0.5241
2015,7,3,3,136,1.7588
2015,7,3,4,156,1.7659
2015,7,3,5,134,-0.4647
2015,8,1,1,194,-4.2350
2015,8,1,2,107,-5.1970
2015,8,1,3,70,-4.2781
2015,8,1,4,81,-1.0635
2015,8,1,5,75,-1.8514
2015,8,2,1,120,-5.5048
2015,8,2,2,121,-5.9090
2015,8,2,3,75,-3.8197
2015,8,2,4,62,-4.3674
2015,8,2,5,55,-4.6397
2015,8,3,1,97,-4.8995
2015,8,3,2,123,-5.8640
2015,8,3,3,134,-5.6750
2015,8,3,4,155,-6.2923
2015,8,3,5,134,-6.2624
2015,9,1,1,193,-6.9001
2015,9,1,2,107,-3.6972
2015,9,1,3,69,-2.4907
2015,9,1,4,81,-6.5139
2015,9,1,5,75,-6.4131
2015,9,2,1,119,-6.1124
2015,9,2,2,121,-3.9872
2015,9,2,3,73,-2.6605
2015,9,2,4,62,-4.6744
2015,9,2,5,55,-6.0367
2015,9,3,1,96,-4.7560
2015,9,3,2,123,-3.3434
2015,9,3,3,132,-2.1699
2015,9,3,4,155,-1.2039
2015,9,3,5,134,-2.9828
2015,10,1,1,192,6.4826
2015,10,1,2,107,7.0131
2015,10,1,3,69,3.9857
2015,10,1,4,81,7.1564
2015,10,1,5,74,3.5127
2015,10,2,1,119,7.0540
2015,10,2,2,121,8.1732
2015,10,2,3,73,4.6294
2015,10,2,4,62,6.8050
2015,10,2,5,55,7.3283
2015,10,3,1,96,4.1487
2015,10,3,2,123,7.5761
2015,10,3,3,132,7.2851
2015,10,3,4,155,7.9268
2015,10,3,5,134,9.5553
2015,11,1,1,189,1.3588
2015,11,1,2,107,2.6103
2015,11,1,3,69,0.8970
2015,11,1,4,80,1.8104
2015,11,1,5,74,0.4440
2015,11,2,1,119,4.0980
2015,11,2,2,119,3.8812
2015,11,2,3,73,1.6690
2015,11,2,4,59,1.9685
2015,11,2,5,55,3.6166
2015,11,3,1,95,1.8237
2015,11,3,2,123,-0.6297
2015,11,3,3,132,-0.2731
2015,11,3,4,155,-0.6266
2015,11,3,5,134,0.3442
2015,12,1,1,189,-4.5499
2015,12,1,2,106,-6.1694
2015,12,1,3,68,-2.4424
2015,12,1,4,80,-8.6145
2015,12,1,5,74,-6.5370
2015,12,2,1,119,-5.8704
2015,12,2,2,118,-5.5189
2015,12,2,3,73,-3.7112
2015,12,2,4,59,-5.1204
2015,12,2,5,55,-5.1291
2015,12,3,1,95,-4.1011
2015,12,3,2,121,-2.9459
2015,12,3,3,132,0.4202
2015,12,3,4,155,-0.9655
2015,12,3,5,134,-4.4372
2016,1,1,1,187,-9.2629
2016,1,1,2,105,-5.0892
2016,1,1,3,67,-3.5565
2016,1,1,4,77,-5.0679
2016,1,1,5,74,-6.5168
2016,1,2,1,118,-10.2835
2016,1,2,2,118,-6.2766
2016,1,2,3,70,-2.3645
2016,1,2,4,59,-4.8130
2016,1,2,5,55,-5.5735
2016,1,3,1,95,-8.4781
2016,1,3,2,120,-5.9310
2016,1,3,3,132,-5.0825
2016,1,3,4,154,-1.5534
2016,1,3,5,133,-6.1222
2016,2,1,1,185,2.2515
2016,2,1,2,104,-1.2140
2016,2,1,3,67,3.6396
2016,2,1,4,77,0.5329
2016,2,1,5,73,-2.0676
2016,2,2,1,117,1.3740
2016,2,2,2,118,2.5656
2016,2,2,3,69,2.4236
2016,2,2,4,59,0.4619
2016,2,2,5,55,0.8340
2016,2,3,1,94,-1.6822
2016,2,3,2,119,1.1231
2016,2,3,3,132,2.2956
2016,2,3,4,154,0.6541
2016,2,3,5,133,1.1253
2016,3,1,1,184,7.5367
2016,3,1,2,102,7.8936
2016,3,1,3,67,5.4838
2016,3,1,4,77,4.4279
2016,3,1,5,73,6.7053
2016,3,2,1,116,9.0535
2016,3,2,2,117,7.3905
2016,3,2,3,69,5.8976
2016,3,2,4,59,8.1693
2016,3,2,5,55,8.5815
2016,3,3,1,92,8.3333
2016,3,3,2,118,6.8411
2016,3,3,3,131,6.6941
2016,3,3,4,154,5.8962
2016,3,3,5,133,8.5830
2016,4,1,1,183,2.5519
2016,4,1,2,101,0.1986
2016,4,1,3,66,2.9700
2016,4,1,4,77,0.5916
2016,4,1,5,73,3.6505
2016,4,2,1,116,2.3107
2016,4,2,2,117,0.4539
2016,4,2,3,69,-0.5576
2016,4,2,4,59,1.3583
2016,4,2,5,55,1.7714
2016,4,3,1,92,3.7651
2016,4,3,2,118,1.4524
2016,4,3,3,129,-0.1402
2016,4,3,4,153,0.4604
2016,4,3,5,133,-2.2465
2016,5,1,1,180,0.4411
2016,5,1,2,101,-0.2739
2016,5,1,3,66,-2.9236
2016,5,1,4,76,-1.6287
2016,5,1,5,73,-0.2509
2016,5,2,1,116,1.8221
2016,5,2,2,117,2.7813
2016,5,2,3,69,1.8751
2016,5,2,4,59,-0.2792
2016,5,2,5,55,-0.6385
2016,5,3,1,92,2.8216
2016,5,3,2,118,0.5636
2016,5,3,3,126,0.6066
2016,5,3,4,153,1.4903
2016,5,3,5,132,2.3220
2016,6,1,1,179,1.4012
2016,6,1,2,101,1.2180
2016,6,1,3,66,3.8201
2016,6,1,4,75,2.3329
2016,6,1,5,70,2.5817
2016,6,2,1,116,-0.0769
2016,6,2,2,116,2.1812
2016,6,2,3,69,2.6758
2016,6,2,4,59,0.8168
2016,6,2,5,54,-1.2575
2016,6,3,1,92,-0.3902
2016,6,3,2,116,0.3381
2016,6,3,3,126,1.7384
2016,6,3,4,153,2.8800
2016,6,3,5,129,-0.5384
2016,7,1,1,217,4.7162
2016,7,1,2,116,5.1655
2016,7,1,3,59,7.2748
2016,7,1,4,74,7.8607
2016,7,1,5,82,7.9736
2016,7,2,1,130,5.8974
2016,7,2,2,103,6.1260
2016,7,2,3,75,4.9405
2016,7,2,4,74,4.9785
2016,7,2,5,79,6.9374
2016,7,3,1,105,6.8612
2016,7,3,2,133,2.0370
2016,7,3,3,136,2.8035
2016,7,3,4,145,3.1708
2016,7,3,5,119,5.7060
2016,8,1,1,215,1.6949
2016,8,1,2,116,4.1720
2016,8,1,3,59,2.8789
2016,8,1,4,74,-1.2644
2016,8,1,5,81,1.2368
2016,8,2,1,129,-0.1067
2016,8,2,2,102,1.1746
2016,8,2,3,74,3.7187
2016,8,2,4,74,-1.0769
2016,8,2,5,79,0.3045
2016,8,3,1,105,0.7187
2016,8,3,2,131,-1.5708
2016,8,3,3,135,-1.7701
2016,8,3,4,145,-0.4590
2016,8,3,5,119,1.1139
2016,9,1,1,215,3.9149
2016,9,1,2,115,2.7271
2016,9,1,3,59,1.2508
2016,9,1,4,74,3.2489
2016,9,1,5,80,1.8056
2016,9,2,1,127,1.7713
2016,9,2,2,101,1.2282
2016,9,2,3,73,0.9211
2016,9,2,4,74,0.7339
2016,9,2,5,79,-0.1966
2016,9,3,1,104,0.9982
2016,9,3,2,131,-0.3014
2016,9,3,3,135,-0.4975
2016,9,3,4,145,-0.3015
2016,9,3,5,119,2.5211
2016,10,1,1,214,-6.6886
2016,10,1,2,115,-3.4413
2016,10,1,3,59,-2.7043
2016,10,1,4,73,-3.5022
2016,10,1,5,79,-2.9686
2016,10,2,1,125,-5.7717
2016,10,2,2,101,-2.8058
2016,10,2,3,72,-3.2508
2016,10,2,4,73,-4.6739
2016,10,2,5,75,-6.5658
2016,10,3,1,104,-2.9640
2016,10,3,2,130,-2.7959
2016,10,3,3,134,-2.6090
2016,10,3,4,142,-2.5943
2016,10,3,5,118,-1.2672
2016,11,1,1,213,10.4252
2016,11,1,2,115,12.4966
2016,11,1,3,58,15.5744
2016,11,1,4,72,11.0616
2016,11,1,5,79,17.8041
2016,11,2,1,125,11.7487
2016,11,2,2,101,10.0398
2016,11,2,3,72,12.4840
2016,11,2,4,73,13.5594
2016,11,2,5,75,7.7313
2016,11,3,1,104,1.1123
2016,11,3,2,129,3.8349
2016,11,3,3,132,1.8309
2016,11,3,4,142,3.6303
2016,11,3,5,118,5.6694
2016,12,1,1,211,3.2131
2016,12,1,2,112,5.5269
2016,12,1,3,58,3.3257
2016,12,1,4,72,5.7390
2016,12,1,5,79,3.3320
2016,12,2,1,124,0.1684
2016,12,2,2,101,2.8378
2016,12,2,3,72,2.2671
2016,12,2,4,73,4.6445
2016,12,2,5,75,0.0781
2016,12,3,1,104,0.1534
2016,12,3,2,129,1.2330
2016,12,3,3,132,1.7506
2016,12,3,4,141,2.2128
2016,12,3,5,117,0.9698
2017,1,1,1,212,-1.1120
2017,1,1,2,111,-3.2411
2017,1,1,3,58,-0.6030
2017,1,1,4,72,-4.4696
2017,1,1,5,78,1.8425
2017,1,2,1,123,0.4838
2017,1,2,2,101,-0.3292
2017,1,2,3,72,0.2290
2017,1,2,4,73,0.5417
2017,1,2,5,75,0.4230
2017,1,3,1,103,4.6861
2017,1,3,2,128,0.1721
2017,1,3,3,132,1.6916
2017,1,3,4,140,1.7645
2017,1,3,5,117,2.3771
2017,2,1,1,212,-0.7628
2017,2,1,2,110,0.5479
2017,2,1,3,58,-0.3182
2017,2,1,4,72,0.7430
2017,2,1,5,78,-1.8625
2017,2,2,1,123,0.2965
2017,2,2,2,100,0.9607
2017,2,2,3,71,0.5261
2017,2,2,4,73,1.2604
2017,2,2,5,75,-0.9409
2017,2,3,1,103,2.4038
2017,2,3,2,127,2.4242
2017,2,3,3,131,4.9361
2017,2,3,4,140,2.7188
2017,2,3,5,117,5.1484
2017,3,1,1,211,2.9096
2017,3,1,2,109,0.1521
2017,3,1,3,58,-0.4532
2017,3,1,4,71,-0.1763
2017,3,1,5,78,-3.4828
2017,3,2,1,122,0.9275
2017,3,2,2,99,0.7485
2017,3,2,3,69,2.0745
2017,3,2,4,72,0.3718
2017,3,2,5,75,-0.1535
2017,3,3,1,103,1.1501
2017,3,3,2,127,0.1116
2017,3,3,3,130,-0.4069
2017,3,3,4,139,0.6912
2017,3,3,5,117,1.4227
2017,4,1,1,210,2.7445
2017,4,1,2,107,3.8519
2017,4,1,3,57,1.4374
2017,4,1,4,71,1.3376
2017,4,1,5,77,0.4339
2017,4,2,1,122,0.9810
2017,4,2,2,99,2.7913
2017,4,2,3,67,2.6734
2017,4,2,4,72,0.9757
2017,4,2,5,75,-0.0142
2017,4,3,1,102,4.0768
2017,4,3,2,127,0.9365
2017,4,3,3,129,0.9216
2017,4,3,4,139,0.5751
2017,4,3,5,117,0.9550
2017,5,1,1,209,-1.6067
2017,5,1,2,107,-3.8027
2017,5,1,3,57,-2.7324
2017,5,1,4,71,-2.6239
2017,5,1,5,77,-4.0326
2017,5,2,1,121,-0.9748
2017,5,2,2,98,-1.0366
2017,5,2,3,67,-1.1071
2017,5,2,4,71,-1.4697
2017,5,2,5,73,-2.0994
2017,5,3,1,102,3.2548
2017,5,3,2,127,1.0204
2017,5,3,3,129,1.4913
2017,5,3,4,138,1.2769
2017,5,3,5,117,1.7263
2017,6,1,1,208,3.2377
2017,6,1,2,106,4.4222
2017,6,1,3,56,4.0462
2017,6,1,4,71,3.9121
2017,6,1,5,75,1.9597
2017,6,2,1,121,1.6928
2017,6,2,2,98,1.2909
2017,6,2,3,67,1.2123
2017,6,2,4,71,2.0373
2017,6,2,5,73,1.3468
2017,6,3,1,102,-2.2224
2017,6,3,2,127,-0.8626
2017,6,3,3,129,0.5221
2017,6,3,4,138,-0.0782
2017,6,3,5,117,-0.1567
2017,7,1,1,213,-0.6815
2017,7,1,2,125,0.1888
2017,7,1,3,60,-0.2957
2017,7,1,4,59,-0.7527
2017,7,1,5,106,-2.6686
2017,7,2,1,113,-0.3272
2017,7,2,2,111,1.3825
2017,7,2,3,75,1.6328
2017,7,2,4,57,1.4421
2017,7,2,5,70,0.4995
2017,7,3,1,95,2.4665
2017,7,3,2,124,4.3084
2017,7,3,3,130,1.1087
2017,7,3,4,144,1.4624
2017,7,3,5,131,1.1425
2017,8,1,1,213,0.9796
2017,8,1,2,125,-2.7765
2017,8,1,3,60,-0.4988
2017,8,1,4,59,-1.6915
2017,8,1,5,106,-6.9719
2017,8,2,1,113,-0.8748
2017,8,2,2,111,-1.1126
2017,8,2,3,75,-2.5296
2017,8,2,4,56,-1.5739
2017,8,2,5,70,-2.7226
2017,8,3,1,95,0.1302
2017,8,3,2,124,0.2541
2017,8,3,3,129,-0.0901
2017,8,3,4,144,0.1957
2017,8,3,5,130,1.7598
2017,9,1,1,213,10.5667
2017,9,1,2,121,8.6177
2017,9,1,3,60,7.6575
2017,9,1,4,58,6.8470
2017,9,1,5,106,9.1213
2017,9,2,1,112,7.2374
2017,9,2,2,111,7.0648
2017,9,2,3,75,6.7610
2017,9,2,4,56,5.7544
2017,9,2,5,69,7.3105
2017,9,3,1,95,3.7937
2017,9,3,2,124,2.7088
2017,9,3,3,129,2.4325
2017,9,3,4,144,1.4278
2017,9,3,5,129,1.8784
2017,10,1,1,209,1.9314
2017,10,1,2,121,0.7936
2017,10,1,3,58,-2.4003
2017,10,1,4,57,1.5703
2017,10,1,5,106,-0.2074
2017,10,2,1,111,0.6603
2017,10,2,2,111,0.8358
2017,10,2,3,74,1.4251
2017,10,2,4,56,0.8026
2017,10,2,5,68,-1.3670
2017,10,3,1,94,4.1832
2017,10,3,2,123,1.8141
2017,10,3,3,128,1.8478
2017,10,3,4,143,1.8419
2017,10,3,5,129,1.6822
2017,11,1,1,206,1.2070
2017,11,1,2,120,2.0248
2017,11,1,3,58,2.7057
2017,11,1,4,57,7.9562
2017,11,1,5,105,7.8377
2017,11,2,1,111,1.7305
2017,11,2,2,111,2.5025
2017,11,2,3,74,3.2161
2017,11,2,4,56,2.2462
2017,11,2,5,67,7.4115
2017,11,3,1,94,1.2395
2017,11,3,2,123,1.7245
2017,11,3,3,128,3.1142
2017,11,3,4,142,3.7806
2017,11,3,5,129,4.1385
2017,12,1,1,205,0.6198
2017,12,1,2,120,-1.4768
2017,12,1,3,58,-1.1867
2017,12,1,4,57,-2.1470
2017,12,1,5,103,-0.2139
2017,12,2,1,111,-0.0112
2017,12,2,2,111,-0.2041
2017,12,2,3,74,0.4858
2017,12,2,4,54,0.6749
2017,12,2,5,66,2.4503
2017,12,3,1,94,2.0792
2017,12,3,2,123,0.6340
2017,12,3,3,128,-0.1904
2017,12,3,4,142,1.9648
2017,12,3,5,128,0.9192
2018,1,1,1,202,3.1869
2018,1,1,2,120,-0.8118
2018,1,1,3,58,1.4171
2018,1,1,4,56,0.5380
2018,1,1,5,101,0.6006
2018,1,2,1,109,3.1643
2018,1,2,2,111,1.5316
2018,1,2,3,74,1.9115
2018,1,2,4,54,3.3488
2018,1,2,5,66,3.4097
2018,1,3,1,94,8.6473
2018,1,3,2,123,7.6592
2018,1,3,3,127,3.1683
2018,1,3,4,142,4.3682
2018,1,3,5,128,4.7418
2018,2,1,1,202,-4.0966
2018,2,1,2,120,-3.0340
2018,2,1,3,57,-7.8063
2018,2,1,4,56,-6.2988
2018,2,1,5,101,-1.1399
2018,2,2,1,109,-3.3356
2018,2,2,2,111,-5.3284
2018,2,2,3,74,-4.0390
2018,2,2,4,53,-4.2172
2018,2,2,5,64,-5.2785
2018,2,3,1,94,-4.6128
2018,2,3,2,123,-4.4896
2018,2,3,3,127,-5.4745
2018,2,3,4,142,-4.6978
2018,2,3,5,128,-1.9001
2018,3,1,1,201,-0.2365
2018,3,1,2,120,2.9966
2018,3,1,3,57,1.5222
2018,3,1,4,56,2.6699
2018,3,1,5,99,1.2938
2018,3,2,1,109,2.0354
2018,3,2,2,111,0.8537
2018,3,2,3,73,1.5250
2018,3,2,4,53,0.2625
2018,3,2,5,63,-0.4084
2018,3,3,1,94,-1.9014
2018,3,3,2,123,-0.1784
2018,3,3,3,127,-0.2903
2018,3,3,4,142,-1.4082
2018,3,3,5,127,-4.7989
2018,4,1,1,198,1.9095
2018,4,1,2,120,2.1277
2018,4,1,3,57,2.5192
2018,4,1,4,56,0.1551
2018,4,1,5,97,1.4815
2018,4,2,1,109,1.8794
2018,4,2,2,110,-0.3815
2018,4,2,3,73,1.0168
2018,4,2,4,53,1.2690
2018,4,2,5,62,1.4248
2018,4,3,1,91,0.1268
2018,4,3,2,121,1.0135
2018,4,3,3,127,-0.2631
2018,4,3,4,142,-1.0861
2018,4,3,5,127,0.6625
2018,5,1,1,198,10.1999
2018,5,1,2,119,4.9286
2018,5,1,3,56,10.3071
2018,5,1,4,56,5.6218
2018,5,1,5,97,6.9769
2018,5,2,1,108,6.6914
2018,5,2,2,110,3.7576
2018,5,2,3,73,9.0590
2018,5,2,4,53,7.5126
2018,5,2,5,62,3.5831
2018,5,3,1,91,4.3526
2018,5,3,2,121,3.0684
2018,5,3,3,127,2.5925
2018,5,3,4,142,1.5434
2018,5,3,5,126,4.3810
2018,6,1,1,198,1.3231
2018,6,1,2,118,1.6270
2018,6,1,3,56,4.7642
2018,6,1,4,56,2.8333
2018,6,1,5,97,2.3743
2018,6,2,1,108,1.7403
2018,6,2,2,109,1.4357
2018,6,2,3,73,0.9862
2018,6,2,4,53,0.5236
2018,6,2,5,61,1.5449
2018,6,3,1,91,1.7710
2018,6,3,2,121,0.3408
2018,6,3,3,127,0.8100
2018,6,3,4,142,0.5238
2018,6,3,5,126,0.0275
2018,7,1,1,207,-0.6797
2018,7,1,2,126,1.2251
2018,7,1,3,77,2.9795
2018,7,1,4,54,0.0643
2018,7,1,5,96,0.4382
2018,7,2,1,130,0.7268
2018,7,2,2,118,3.5126
2018,7,2,3,79,2.4595
2018,7,2,4,53,2.1972
2018,7,2,5,78,2.2346
2018,7,3,1,100,-0.1606
2018,7,3,2,130,1.9501
2018,7,3,3,130,3.7012
2018,7,3,4,152,4.1211
2018,7,3,5,134,4.3114
2018,8,1,1,207,2.1856
2018,8,1,2,125,3.9622
2018,8,1,3,77,1.8688
2018,8,1,4,54,4.1119
2018,8,1,5,96,3.9841
2018,8,2,1,130,7.6072
2018,8,2,2,118,5.3251
2018,8,2,3,79,1.7233
2018,8,2,4,53,2.7549
2018,8,2,5,78,3.1399
2018,8,3,1,99,4.9601
2018,8,3,2,130,2.0426
2018,8,3,3,129,1.5784
2018,8,3,4,151,1.9977
2018,8,3,5,133,5.6407
2018,9,1,1,206,-3.4794
2018,9,1,2,125,-3.4690
2018,9,1,3,77,-3.4046
2018,9,1,4,54,-3.3842
2018,9,1,5,96,-3.1694
2018,9,2,1,130,-2.3207
2018,9,2,2,117,-1.8723
2018,9,2,3,76,-2.1260
2018,9,2,4,53,-2.0823
2018,9,2,5,78,-2.1372
2018,9,3,1,98,-0.7068
2018,9,3,2,130,-0.5672
2018,9,3,3,129,1.3050
2018,9,3,4,151,1.1204
2018,9,3,5,133,1.4608
2018,10,1,1,206,-11.1307
2018,10,1,2,124,-11.0921
2018,10,1,3,77,-8.9950
2018,10,1,4,54,-8.7887
2018,10,1,5,96,-8.0731
2018,10,2,1,130,-12.8856
2018,10,2,2,117,-10.9158
2018,10,2,3,76,-8.4810
2018,10,2,4,53,-10.0322
2018,10,2,5,78,-9.0959
2018,10,3,1,98,-12.7738
2018,10,3,2,130,-11.3272
2018,10,3,3,129,-7.1190
2018,10,3,4,151,-5.9969
2018,10,3,5,133,-4.1713
2018,11,1,1,204,-1.9960
2018,11,1,2,124,-1.7651
2018,11,1,3,77,0.6913
2018,11,1,4,53,-0.3174
2018,11,1,5,96,-3.2200
2018,11,2,1,130,1.5934
2018,11,2,2,117,3.4327
2018,11,2,3,76,0.2814
2018,11,2,4,53,0.0981
2018,11,2,5,76,1.0038
2018,11,3,1,98,-0.4122
2018,11,3,2,129,0.6993
2018,11,3,3,127,4.9791
2018,11,3,4,151,4.1136
2018,11,3,5,132,-1.9284
2018,12,1,1,203,-14.0628
2018,12,1,2,123,-9.9640
2018,12,1,3,77,-10.1463
2018,12,1,4,53,-11.3209
2018,12,1,5,93,-9.9903
2018,12,2,1,129,-13.3045
2018,12,2,2,117,-11.8307
2018,12,2,3,76,-9.1678
2018,12,2,4,52,-11.1158
2018,12,2,5,76,-11.1987
2018,12,3,1,98,-11.3627
2018,12,3,2,128,-8.2578
2018,12,3,3,126,-7.7817
2018,12,3,4,150,-8.8377
2018,12,3,5,132,-8.4232
2019,1,1,1,202,14.9270
2019,1,1,2,122,11.9133
2019,1,1,3,77,9.2897
2019,1,1,4,51,9.2893
2019,1,1,5,93,6.1758
2019,1,2,1,127,11.6344
2019,1,2,2,117,11.9416
2019,1,2,3,76,9.6291
2019,1,2,4,52,12.0061
2019,1,2,5,76,10.2957
2019,1,3,1,98,12.8244
2019,1,3,2,128,11.2470
2019,1,3,3,126,8.3959
2019,1,3,4,150,5.9965
2019,1,3,5,131,6.6778
2019,2,1,1,201,8.0830
2019,2,1,2,122,3.3428
2019,2,1,3,77,6.7441
2019,2,1,4,51,6.0968
2019,2,1,5,89,6.3177
2019,2,2,1,127,7.0978
2019,2,2,2,116,5.4016
2019,2,2,3,76,2.3921
2019,2,2,4,52,3.8119
2019,2,2,5,76,4.2082
2019,2,3,1,98,5.8034
2019,2,3,2,128,3.2906
2019,2,3,3,126,3.9351
2019,2,3,4,150,4.5103
2019,2,3,5,130,3.9514
2019,3,1,1,201,-2.9302
2019,3,1,2,122,-2.3554
2019,3,1,3,77,-5.5865
2019,3,1,4,51,-4.8679
2019,3,1,5,89,-4.0705
2019,3,2,1,125,-1.5355
2019,3,2,2,116,-1.6117
2019,3,2,3,76,-2.7230
2019,3,2,4,52,0.0738
2019,3,2,5,76,-2.8496
2019,3,3,1,96,1.3956
2019,3,3,2,128,3.1655
2019,3,3,3,125,0.8259
2019,3,3,4,150,3.1404
2019,3,3,5,130,1.6264
2019,4,1,1,197,2.1649
2019,4,1,2,122,2.7242
2019,4,1,3,77,2.1274
2019,4,1,4,51,4.2755
2019,4,1,5,89,0.6359
2019,4,2,1,124,2.3912
2019,4,2,2,116,5.0701
2019,4,2,3,75,4.2447
2019,4,2,4,52,6.0025
2019,4,2,5,76,1.2463
2019,4,3,1,96,3.8153
2019,4,3,2,128,4.3180
2019,4,3,3,123,2.1800
2019,4,3,4,150,3.9998
2019,4,3,5,130,3.3629
2019,5,1,1,196,-10.8432
2019,5,1,2,123,-5.5677
2019,5,1,3,76,-7.6771
2019,5,1,4,51,-6.7513
2019,5,1,5,88,-8.7175
2019,5,2,1,124,-8.6492
2019,5,2,2,116,-9.5521
2019,5,2,3,75,-8.9645
2019,5,2,4,52,-8.5343
2019,5,2,5,76,-9.9798
2019,5,3,1,96,-8.2990
2019,5,3,2,127,-8.4329
2019,5,3,3,122,-5.9616
2019,5,3,4,149,-6.3726
2019,5,3,5,130,-6.8381
2019,6,1,1,195,5.6924
2019,6,1,2,122,4.4643
2019,6,1,3,75,5.9975
2019,6,1,4,51,6.5672
2019,6,1,5,88,4.3005
2019,6,2,1,124,6.7994
2019,6,2,2,116,8.5236
2019,6,2,3,75,10.4885
2019,6,2,4,52,5.9000
2019,6,2,5,76,5.8276
2019,6,3,1,96,8.6316
2019,6,3,2,126,7.0900
2019,6,3,3,122,8.2803
2019,6,3,4,149,6.7535
2019,6,3,5,130,8.0381
2019,7,1,1,252,-1.9370
2019,7,1,2,107,4.2073
2019,7,1,3,70,-3.5707
2019,7,1,4,49,1.7461
2019,7,1,5,80,-1.3398
2019,7,2,1,153,-1.5835
2019,7,2,2,116,1.4879
2019,7,2,3,79,-2.0778
2019,7,2,4,59,1.5266
2019,7,2,5,85,0.1264
2019,7,3,1,125,-0.9162
2019,7,3,2,139,4.7788
2019,7,3,3,142,-0.0576
2019,7,3,4,157,1.1001
2019,7,3,5,114,2.3783
2019,8,1,1,251,-6.4768
2019,8,1,2,107,-7.9593
2019,8,1,3,70,-4.6955
2019,8,1,4,49,-6.6869
2019,8,1,5,80,-4.7454
2019,8,2,1,152,-5.8808
2019,8,2,2,116,-5.0371
2019,8,2,3,78,-6.4983
2019,8,2,4,59,-9.4316
2019,8,2,5,84,-6.5345
2019,8,3,1,123,-2.3736
2019,8,3,2,138,-1.1267
2019,8,3,3,141,0.5957
2019,8,3,4,157,-0.5697
2019,8,3,5,114,-3.8713
2019,9,1,1,247,1.8101
2019,9,1,2,106,3.6698
2019,9,1,3,69,6.9156
2019,9,1,4,48,8.1866
2019,9,1,5,79,7.1185
2019,9,2,1,152,0.2203
2019,9,2,2,116,3.5383
2019,9,2,3,78,6.2319
2019,9,2,4,59,5.5353
2019,9,2,5,84,6.0839
2019,9,3,1,123,-0.5270
2019,9,3,2,137,0.7076
2019,9,3,3,141,1.3384
2019,9,3,4,157,2.4373
2019,9,3,5,113,3.8697
2019,10,1,1,243,1.2844
2019,10,1,2,105,-0.5695
2019,10,1,3,69,0.9544
2019,10,1,4,47,1.2714
2019,10,1,5,78,-0.9986
2019,10,2,1,150,1.6853
2019,10,2,2,116,1.8359
2019,10,2,3,77,3.3322
2019,10,2,4,59,1.9269
2019,10,2,5,84,2.1768
2019,10,3,1,123,1.1706
2019,10,3,2,135,2.3534
2019,10,3,3,141,1.2442
2019,10,3,4,157,1.0074
2019,10,3,5,113,4.1187
2019,11,1,1,240,6.4542
2019,11,1,2,104,0.6195
2019,11,1,3,69,4.0946
2019,11,1,4,47,-1.1975
2019,11,1,5,78,4.4097
2019,11,2,1,150,6.5739
2019,11,2,2,115,2.1346
2019,11,2,3,75,0.3688
2019,11,2,4,57,2.7437
2019,11,2,5,82,4.3413
2019,11,3,1,121,6.0122
2019,11,3,2,135,3.5957
2019,11,3,3,141,3.3413
2019,11,3,4,157,2.1987
2019,11,3,5,113,4.5857
2019,12,1,1,239,5.6594
2019,12,1,2,103,5.2233
2019,12,1,3,68,5.7916
2019,12,1,4,46,2.8149
2019,12,1,5,78,1.6461
2019,12,2,1,148,4.0690
2019,12,2,2,115,2.0464
2019,12,2,3,75,1.3489
2019,12,2,4,57,3.6181
2019,12,2,5,81,3.1046
2019,12,3,1,121,2.5187
2019,12,3,2,135,2.5140
2019,12,3,3,141,3.2514
2019,12,3,4,157,2.0045
2019,12,3,5,112,4.6416
2020,1,1,1,236,-4.0657
2020,1,1,2,102,-8.5900
2020,1,1,3,67,-7.0062
2020,1,1,4,46,-6.7983
2020,1,1,5,77,-3.9859
2020,1,2,1,147,-4.2202
2020,1,2,2,115,-3.5287
2020,1,2,3,73,-4.2366
2020,1,2,4,57,-6.7209
2020,1,2,5,80,-6.1215
2020,1,3,1,120,-0.4863
2020,1,3,2,135,2.4562
2020,1,3,3,140,2.0294
2020,1,3,4,157,-2.1453
2020,1,3,5,111,-0.8521
2020,2,1,1,237,-7.1459
2020,2,1,2,102,-9.6841
2020,2,1,3,67,-7.7809
2020,2,1,4,46,-7.8687
2020,2,1,5,77,-8.2011
2020,2,2,1,144,-9.4225
2020,2,2,2,115,-9.3402
2020,2,2,3,73,-9.8740
2020,2,2,4,57,-9.8444
2020,2,2,5,80,-12.0975
2020,2,3,1,120,-6.5923
2020,2,3,2,135,-6.2169
2020,2,3,3,140,-7.3148
2020,2,3,4,157,-8.7674
2020,2,3,5,111,-10.1499
2020,3,1,1,237,-24.2415
2020,3,1,2,102,-18.2319
2020,3,1,3,67,-20.2393
2020,3,1,4,45,-21.6250
2020,3,1,5,75,-31.7990
2020,3,2,1,144,-21.1911
2020,3,2,2,115,-17.0540
2020,3,2,3,73,-20.7900
2020,3,2,4,56,-27.6024
2020,3,2,5,80,-28.7599
2020,3,3,1,120,-12.4037
2020,3,3,2,135,-12.0975
2020,3,3,3,140,-9.3877
2020,3,3,4,157,-13.4677
2020,3,3,5,111,-11.7469
2020,4,1,1,237,20.0214
2020,4,1,2,101,14.8751
2020,4,1,3,67,15.2651
2020,4,1,4,45,13.9123
2020,4,1,5,74,14.8137
2020,4,2,1,143,20.3587
2020,4,2,2,115,11.8556
2020,4,2,3,73,12.2367
2020,4,2,4,56,18.6878
2020,4,2,5,79,21.5561
2020,4,3,1,120,13.1087
2020,4,3,2,134,14.7333
2020,4,3,3,139,11.5717
2020,4,3,4,157,11.7165
2020,4,3,5,111,14.3167
2020,5,1,1,235,8.5243
2020,5,1,2,101,4.7025
2020,5,1,3,67,4.6081
2020,5,1,4,45,13.0051
2020,5,1,5,73,4.8746
2020,5,2,1,143,9.2903
2020,5,2,2,115,8.6392
2020,5,2,3,73,5.9705
2020,5,2,4,56,8.1368
2020,5,2,5,79,6.8453
2020,5,3,1,120,7.1714
2020,5,3,2,134,7.7820
2020,5,3,3,138,4.1004
2020,5,3,4,155,5.0580
2020,5,3,5,111,5.7827
2020,6,1,1,233,6.4468
2020,6,1,2,98,5.1189
2020,6,1,3,67,7.1227
2020,6,1,4,45,3.4994
2020,6,1,5,72,6.3940
2020,6,2,1,143,4.0075
2020,6,2,2,115,2.6826
2020,6,2,3,73,-0.1176
2020,6,2,4,56,3.7287
2020,6,2,5,79,2.3034
2020,6,3,1,120,1.1865
2020,6,3,2,134,1.0788
2020,6,3,3,138,2.5717
2020,6,3,4,154,-0.3055
2020,6,3,5,111,5.5671
2020,7,1,1,207,3.2096
2020,7,1,2,108,1.4505
2020,7,1,3,54,5.4779
2020,7,1,4,91,1.9284
2020,7,1,5,100,-0.6324
2020,7,2,1,152,7.3110
2020,7,2,2,131,4.1695
2020,7,2,3,72,2.0251
2020,7,2,4,70,3.2704
2020,7,2,5,70,3.7720
2020,7,3,1,133,8.4244
2020,7,3,2,146,7.7626
2020,7,3,3,146,4.2776
2020,7,3,4,149,4.2047
2020,7,3,5,109,7.2418
2020,8,1,1,207,8.1188
2020,8,1,2,106,6.0547
2020,8,1,3,53,9.4343
2020,8,1,4,89,7.0501
2020,8,1,5,99,13.5315
2020,8,2,1,152,5.6604
2020,8,2,2,131,4.6846
2020,8,2,3,72,5.2328
2020,8,2,4,69,5.4384
2020,8,2,5,70,6.3015
2020,8,3,1,132,4.3434
2020,8,3,2,146,7.4653
2020,8,3,3,145,7.1583
2020,8,3,4,148,5.4393
2020,8,3,5,109,10.6691
2020,9,1,1,207,-1.7539
2020,9,1,2,101,-4.4642
2020,9,1,3,53,-5.9196
2020,9,1,4,89,-4.7607
2020,9,1,5,97,-1.5230
2020,9,2,1,151,-2.7084
2020,9,2,2,131,-3.7458
2020,9,2,3,72,-5.0933
2020,9,2,4,69,-6.2644
2020,9,2,5,70,-6.6086
2020,9,3,1,132,-1.4631
2020,9,3,2,146,-3.3385
2020,9,3,3,145,-4.5684
2020,9,3,4,148,-1.3918
2020,9,3,5,108,-5.4588
2020,10,1,1,206,0.2528
2020,10,1,2,101,0.7468
2020,10,1,3,53,4.5168
2020,10,1,4,88,-0.1974
2020,10,1,5,96,-3.7842
2020,10,2,1,151,1.9190
2020,10,2,2,131,2.2314
2020,10,2,3,72,2.1805
2020,10,2,4,69,2.0092
2020,10,2,5,70,3.4738
2020,10,3,1,132,-0.6655
2020,10,3,2,146,-2.3454
2020,10,3,3,145,-0.3577
2020,10,3,4,148,-2.3493
2020,10,3,5,108,-4.8574
2020,11,1,1,205,22.8153
2020,11,1,2,101,26.7283
2020,11,1,3,53,21.1159
2020,11,1,4,88,22.3952
2020,11,1,5,95,26.4982
2020,11,2,1,150,19.4650
2020,11,2,2,130,16.5404
2020,11,2,3,72,16.6866
2020,11,2,4,69,23.6019
2020,11,2,5,70,24.1977
2020,11,3,1,132,13.3914
2020,11,3,2,145,11.1993
2020,11,3,3,145,8.4857
2020,11,3,4,148,11.2509
2020,11,3,5,108,12.2479
2020,12,1,1,205,11.0802
2020,12,1,2,101,5.7476
2020,12,1,3,52,10.4915
2020,12,1,4,86,8.4697
2020,12,1,5,95,10.2975
2020,12,2,1,150,12.4066
2020,12,2,2,130,7.8168
2020,12,2,3,72,5.8677
2020,12,2,4,69,7.3217
2020,12,2,5,70,8.7283
2020,12,3,1,132,5.9009
2020,12,3,2,145,4.5918
2020,12,3,3,145,2.0224
2020,12,3,4,148,2.2455
2020,12,3,5,108,6.9982
2021,1,1,1,201,14.5629
2021,1,1,2,101,11.6247
2021,1,1,3,52,5.6620
2021,1,1,4,86,5.2413
2021,1,1,5,93,105.0371
2021,1,2,1,150,8.6378
2021,1,2,2,130,1.5148
2021,1,2,3,71,2.5323
2021,1,2,4,69,4.8012
2021,1,2,5,70,10.0527
2021,1,3,1,131,-0.8715
2021,1,3,2,145,-2.2960
2021,1,3,3,145,0.4170
2021,1,3,4,148,-0.4655
2021,1,3,5,107,0.2181
2021,2,1,1,201,13.4781
2021,2,1,2,101,11.0775
2021,2,1,3,52,10.4972
2021,2,1,4,86,13.1644
2021,2,1,5,93,-24.2296
2021,2,2,1,149,5.5458
2021,2,2,2,128,9.8748
2021,2,2,3,71,8.2277
2021,2,2,4,69,15.1513
2021,2,2,5,70,10.3989
2021,2,3,1,130,1.7664
2021,2,3,2,144,3.4197
2021,2,3,3,144,3.5393
2021,2,3,4,147,2.3482
2021,2,3,5,107,0.2867
2021,3,1,1,199,-2.3622
2021,3,1,2,100,5.0173
2021,3,1,3,51,2.1422
2021,3,1,4,86,9.3238
2021,3,1,5,93,20.5179
2021,3,2,1,148,-1.8665
2021,3,2,2,127,3.7354
2021,3,2,3,71,5.1792
2021,3,2,4,69,3.8410
2021,3,2,5,70,8.0811
2021,3,3,1,130,-3.5660
2021,3,3,2,144,3.1049
2021,3,3,3,144,3.7586
2021,3,3,4,147,5.8987
2021,3,3,5,107,4.2684
2021,4,1,1,199,-0.0774
2021,4,1,2,99,1.6223
2021,4,1,3,50,4.7070
2021,4,1,4,85,-0.2195
2021,4,1,5,93,-1.9095
2021,4,2,1,148,0.8471
2021,4,2,2,127,2.8500
2021,4,2,3,71,1.9218
2021,4,2,4,69,1.7091
2021,4,2,5,70,2.1873
2021,4,3,1,130,5.4594
2021,4,3,2,144,5.8807
2021,4,3,3,144,7.5264
2021,4,3,4,147,2.3292
2021,4,3,5,107,3.3732
2021,5,1,1,196,1.9063
2021,5,1,2,98,1.6006
2021,5,1,3,49,5.6438
2021,5,1,4,85,6.1473
2021,5,1,5,93,24.6928
2021,5,2,1,146,-0.9847
2021,5,2,2,125,2.2772
2021,5,2,3,71,3.6060
2021,5,2,4,69,2.0616
2021,5,2,5,70,5.2270
2021,5,3,1,129,-2.7053
2021,5,3,2,142,0.7522
2021,5,3,3,144,1.0055
2021,5,3,4,147,1.5046
2021,5,3,5,107,-0.1297
2021,6,1,1,196,8.0286
2021,6,1,2,97,1.2987
2021,6,1,3,49,1.7340
2021,6,1,4,84,-0.4790
2021,6,1,5,92,21.4802
2021,6,2,1,145,3.1364
2021,6,2,2,125,-0.3617
2021,6,2,3,71,-2.1074
2021,6,2,4,68,-0.3943
2021,6,2,5,70,1.3681
2021,6,3,1,129,5.9677
2021,6,3,2,142,2.9670
2021,6,3,3,143,4.0455
2021,6,3,4,147,0.8451
2021,6,3,5,107,3.4581
2021,7,1,1,218,-5.3467
2021,7,1,2,125,-1.3482
2021,7,1,3,54,-0.5367
2021,7,1,4,58,-1.5639
2021,7,1,5,98,-2.1507
2021,7,2,1,143,-4.7832
2021,7,2,2,109,0.0446
2021,7,2,3,77,-1.3822
2021,7,2,4,72,-1.9261
2021,7,2,5,75,-3.5727
2021,7,3,1,118,0.6456
2021,7,3,2,161,2.3958
2021,7,3,3,144,3.0338
2021,7,3,4,151,3.7868
2021,7,3,5,97,-0.6818
2021,8,1,1,217,1.5576
2021,8,1,2,125,3.1091
2021,8,1,3,54,-0.1611
2021,8,1,4,58,1.4200
2021,8,1,5,98,3.3166
2021,8,2,1,143,-0.5263
2021,8,2,2,109,1.3430
2021,8,2,3,75,2.1710
2021,8,2,4,72,1.8282
2021,8,2,5,75,-0.4863
2021,8,3,1,118,4.3084
2021,8,3,2,160,3.0874
2021,8,3,3,144,3.0734
2021,8,3,4,151,2.6546
2021,8,3,5,97,1.9974
2021,9,1,1,217,-2.3658
2021,9,1,2,124,-2.6543
2021,9,1,3,54,-3.3360
2021,9,1,4,58,-3.7233
2021,9,1,5,97,-4.3390
2021,9,2,1,142,-2.9490
2021,9,2,2,109,-2.5423
2021,9,2,3,75,-3.6003
2021,9,2,4,71,-4.3880
2021,9,2,5,75,-1.7912
2021,9,3,1,118,-5.1574
2021,9,3,2,160,-6.2947
2021,9,3,3,143,-5.8080
2021,9,3,4,150,-5.6292
2021,9,3,5,97,-3.0709
2021,10,1,1,216,6.3872
2021,10,1,2,123,2.7402
2021,10,1,3,54,1.7520
2021,10,1,4,58,4.3301
2021,10,1,5,96,2.3231
2021,10,2,1,142,3.8814
2021,10,2,2,109,3.4857
2021,10,2,3,74,5.1899
2021,10,2,4,71,2.3703
2021,10,2,5,74,3.3645
2021,10,3,1,118,10.1202
2021,10,3,2,160,3.4182
2021,10,3,3,143,10.1342
2021,10,3,4,149,6.2043
2021,10,3,5,97,3.0231
2021,11,1,1,215,-7.3260
2021,11,1,2,121,-4.3960
2021,11,1,3,54,-5.2610
2021,11,1,4,58,-5.7635
2021,11,1,5,96,-2.8724
2021,11,2,1,141,-1.8943
2021,11,2,2,108,-1.4840
2021,11,2,3,74,-0.7262
2021,11,2,4,71,-3.0306
2021,11,2,5,74,-1.8224
2021,11,3,1,118,3.6619
2021,11,3,2,159,-3.1456
2021,11,3,3,142,-0.9538
2021,11,3,4,149,1.1475
2021,11,3,5,97,-2.6691
2021,12,1,1,214,-0.2022
2021,12,1,2,120,3.5618
2021,12,1,3,53,4.4164
2021,12,1,4,58,6.4349
2021,12,1,5,95,3.5278
2021,12,2,1,141,0.2937
2021,12,2,2,106,5.8834
2021,12,2,3,73,5.1577
2021,12,2,4,69,6.8047
2021,12,2,5,73,5.5373
2021,12,3,1,118,-4.1130
2021,12,3,2,159,4.1829
2021,12,3,3,142,4.1849
2021,12,3,4,149,6.9582
2021,12,3,5,97,6.3027
2022,1,1,1,212,-9.4298
2022,1,1,2,118,-7.7775
2022,1,1,3,53,-5.5418
2022,1,1,4,58,-3.1846
2022,1,1,5,94,-8.7737
2022,1,2,1,141,-10.0391
2022,1,2,2,106,-8.3507
2022,1,2,3,73,-8.3183
2022,1,2,4,69,-4.4454
2022,1,2,5,72,-4.8934
2022,1,3,1,118,-16.2211
2022,1,3,2,159,-8.6825
2022,1,3,3,141,-6.2914
2022,1,3,4,149,-2.6204
2022,1,3,5,96,0.7282
2022,2,1,1,212,5.4280
2022,2,1,2,118,3.3755
2022,2,1,3,53,0.0571
2022,2,1,4,58,-1.1657
2022,2,1,5,94,-2.2726
2022,2,2,1,141,4.6780
2022,2,2,2,106,0.5014
2022,2,2,3,73,1.2119
2022,2,2,4,69,0.9460
2022,2,2,5,72,0.4936
2022,2,3,1,118,0.2767
2022,2,3,2,159,-7.8682
2022,2,3,3,141,-2.6573
2022,2,3,4,149,-2.0550
2022,2,3,5,96,0.9828
2022,3,1,1,212,3.3200
2022,3,1,2,118,6.3966
2022,3,1,3,53,1.0357
2022,3,1,4,58,0.4539
2022,3,1,5,94,1.3981
2022,3,2,1,141,3.6831
2022,3,2,2,105,1.0754
2022,3,2,3,73,0.0978
2022,3,2,4,69,1.8290
2022,3,2,5,72,3.5273
2022,3,3,1,118,2.6826
2022,3,3,2,159,2.0302
2022,3,3,3,141,3.4096
2022,3,3,4,149,4.8410
2022,3,3,5,95,4.2543
2022,4,1,1,209,-7.1351
2022,4,1,2,117,-7.8209
2022,4,1,3,53,-4.8988
2022,4,1,4,58,-4.2792
2022,4,1,5,93,-6.1908
2022,4,2,1,140,-9.9256
2022,4,2,2,105,-8.3400
2022,4,2,3,73,-5.6819
2022,4,2,4,69,-4.5804
2022,4,2,5,72,-3.7847
2022,4,3,1,118,-20.3738
2022,4,3,2,159,-9.0519
2022,4,3,3,140,-7.1143
2022,4,3,4,149,-6.6220
2022,4,3,5,95,-4.2497
2022,5,1,1,208,-0.6032
2022,5,1,2,117,0.2624
2022,5,1,3,53,3.0020
2022,5,1,4,58,1.3274
2022,5,1,5,92,5.0139
2022,5,2,1,139,-0.0407
2022,5,2,2,105,0.7344
2022,5,2,3,73,4.3580
2022,5,2,4,69,3.4291
2022,5,2,5,72,2.2406
2022,5,3,1,118,-1.4887
2022,5,3,2,159,-0.9059
2022,5,3,3,140,-0.8859
2022,5,3,4,149,-0.7844
2022,5,3,5,93,5.8257
2022,6,1,1,205,-11.3286
2022,6,1,2,117,-9.6596
2022,6,1,3,53,-3.2297
2022,6,1,4,58,-6.0728
2022,6,1,5,92,-8.8535
2022,6,2,1,139,-9.9371
2022,6,2,2,104,-8.2162
2022,6,2,3,72,-8.4569
2022,6,2,4,69,-7.7976
2022,6,2,5,72,-10.0980
2022,6,3,1,118,-13.5894
2022,6,3,2,158,-8.9188
2022,6,3,3,139,-7.6612
2022,6,3,4,149,-6.7048
2022,6,3,5,93,-9.2155
2022,7,1,1,221,10.7966
2022,7,1,2,120,7.8265
2022,7,1,3,59,4.6629
2022,7,1,4,58,8.6046
2022,7,1,5,72,5.9356
2022,7,2,1,143,12.2700
2022,7,2,2,106,10.7654
2022,7,2,3,85,11.0249
2022,7,2,4,66,7.8399
2022,7,2,5,73,10.5642
2022,7,3,1,136,14.3566
2022,7,3,2,147,11.9254
2022,7,3,3,159,8.3596
2022,7,3,4,150,7.8847
2022,7,3,5,118,5.6164
2022,8,1,1,220,2.5068
2022,8,1,2,120,-1.7793
2022,8,1,3,58,1.1382
2022,8,1,4,57,-4.7717
2022,8,1,5,72,-3.6504
2022,8,2,1,142,0.0599
2022,8,2,2,105,-3.2266
2022,8,2,3,85,-4.2934
2022,8,2,4,66,-6.3423
2022,8,2,5,73,-2.4236
2022,8,3,1,134,-4.3635
2022,8,3,2,145,-5.5702
2022,8,3,3,158,-4.2917
2022,8,3,4,149,-4.1307
2022,8,3,5,118,-1.1657
2022,9,1,1,220,-14.7237
2022,9,1,2,120,-12.8446
2022,9,1,3,57,-13.1146
2022,9,1,4,57,-12.3134
2022,9,1,5,72,-13.2413
2022,9,2,1,142,-11.1768
2022,9,2,2,104,-11.1427
2022,9,2,3,85,-10.6639
2022,9,2,4,65,-11.3563
2022,9,2,5,73,-11.4282
2022,9,3,1,133,-9.7903
2022,9,3,2,145,-10.2603
2022,9,3,3,158,-8.3465
2022,9,3,4,149,-9.3742
2022,9,3,5,118,-9.5981
2022,10,1,1,219,10.4719
2022,10,1,2,119,10.1597
2022,10,1,3,56,14.6358
2022,10,1,4,57,12.8849
2022,10,1,5,72,10.2554
2022,10,2,1,141,9.7557
2022,10,2,2,104,13.2659
2022,10,2,3,85,13.7994
2022,10,2,4,65,11.9798
2022,10,2,5,73,13.3998
2022,10,3,1,133,8.4008
2022,10,3,2,145,7.2636
2022,10,3,3,157,5.9203
2022,10,3,4,148,8.9542
2022,10,3,5,117,13.4142
2022,11,1,1,216,-2.3234
2022,11,1,2,118,3.7030
2022,11,1,3,56,2.2387
2022,11,1,4,57,2.3760
2022,11,1,5,72,-0.4461
2022,11,2,1,139,0.5879
2022,11,2,2,103,4.5516
2022,11,2,3,85,4.8504
2022,11,2,4,65,3.5078
2022,11,2,5,73,5.5835
2022,11,3,1,132,7.6403
2022,11,3,2,144,7.3942
2022,11,3,3,156,8.1188
2022,11,3,4,148,4.6831
2022,11,3,5,116,5.6217
2022,12,1,1,216,-4.2910
2022,12,1,2,117,-4.4095
2022,12,1,3,55,-4.7530
2022,12,1,4,57,-4.6902
2022,12,1,5,71,-5.7827
2022,12,2,1,139,-8.2420
2022,12,2,2,103,-7.0705
2022,12,2,3,85,-4.5575
2022,12,2,4,64,-5.1289
2022,12,2,5,73,-7.9771
2022,12,3,1,131,-7.7092
2022,12,3,2,143,-4.7628
2022,12,3,3,155,-4.7224
2022,12,3,4,148,-6.0058
2022,12,3,5,116,-3.6640
2023,1,1,1,214,12.0823
2023,1,1,2,116,13.6832
2023,1,1,3,55,9.8870
2023,1,1,4,57,13.4095
2023,1,1,5,71,9.2516
2023,1,2,1,139,13.0683
2023,1,2,2,103,14.9041
2023,1,2,3,85,11.3276
2023,1,2,4,64,11.5895
2023,1,2,5,73,9.7188
2023,1,3,1,130,13.3129
2023,1,3,2,142,9.5228
2023,1,3,3,155,2.6266
2023,1,3,4,148,4.8626
2023,1,3,5,116,4.6745
2023,2,1,1,214,-2.4250
2023,2,1,2,112,-2.9294
2023,2,1,3,55,-0.8871
2023,2,1,4,57,0.3607
2023,2,1,5,71,-5.0505
2023,2,2,1,139,-3.2874
2023,2,2,2,103,-1.7507
2023,2,2,3,85,-0.0210
2023,2,2,4,64,-1.8803
2023,2,2,5,73,-1.6927
2023,2,3,1,130,1.2211
2023,2,3,2,142,-2.6093
2023,2,3,3,155,-3.0051
2023,2,3,4,148,-2.4150
2023,2,3,5,116,-2.1720
2023,3,1,1,210,-5.8984
2023,3,1,2,111,-7.2435
2023,3,1,3,53,0.1776
2023,3,1,4,57,-5.2397
2023,3,1,5,71,-5.1009
2023,3,2,1,138,-2.6833
2023,3,2,2,103,-4.2263
2023,3,2,3,85,-2.3805
2023,3,2,4,64,-3.0548
2023,3,2,5,73,-1.2872
2023,3,3,1,130,5.9784
2023,3,3,2,142,4.5919
2023,3,3,3,154,6.4749
2023,3,3,4,147,6.4230
2023,3,3,5,116,2.1115
2023,4,1,1,207,-1.9120
2023,4,1,2,110,-9.1516
2023,4,1,3,53,-7.9404
2023,4,1,4,57,-1.3967
2023,4,1,5,71,-0.8185
2023,4,2,1,136,-1.4888
2023,4,2,2,102,-3.7424
2023,4,2,3,85,-2.9850
2023,4,2,4,64,-1.6871
2023,4,2,5,72,0.3557
2023,4,3,1,130,-0.9491
2023,4,3,2,141,-1.0479
2023,4,3,3,154,2.0785
2023,4,3,4,147,2.3520
2023,4,3,5,116,2.2302
2023,5,1,1,205,-0.3724
2023,5,1,2,109,1.7550
2023,5,1,3,53,3.9528
2023,5,1,4,57,-2.5450
2023,5,1,5,71,0.1663
2023,5,2,1,136,-1.8996
2023,5,2,2,102,-1.5921
2023,5,2,3,85,-2.5897
2023,5,2,4,64,-4.0377
2023,5,2,5,72,3.0210
2023,5,3,1,130,10.4258
2023,5,3,2,141,-0.6822
2023,5,3,3,154,1.4071
2023,5,3,4,147,0.2622
2023,5,3,5,116,-3.8299
2023,6,1,1,203,5.6164
2023,6,1,2,107,11.2670
2023,6,1,3,53,3.9884
2023,6,1,4,57,8.7133
2023,6,1,5,70,7.2419
2023,6,2,1,135,10.9357
2023,6,2,2,102,9.1532
2023,6,2,3,85,9.9774
2023,6,2,4,64,8.4304
2023,6,2,5,72,9.2349
2023,6,3,1,129,8.8215
2023,6,3,2,141,6.8646
2023,6,3,3,154,5.9841
2023,6,3,4,147,6.0153
2023,6,3,5,116,6.9231
2023,7,1,1,271,7.2641
2023,7,1,2,126,4.6961
2023,7,1,3,70,3.2914
2023,7,1,4,79,5.9251
2023,7,1,5,114,7.2497
2023,7,2,1,166,5.9799
2023,7,2,2,103,3.7373
2023,7,2,3,82,4.3520
2023,7,2,4,77,6.5022
2023,7,2,5,84,5.7082
2023,7,3,1,124,4.7483
2023,7,3,2,143,1.1828
2023,7,3,3,158,1.4245
2023,7,3,4,141,4.0705
2023,7,3,5,128,6.5343
2023,8,1,1,266,-9.8603
2023,8,1,2,126,-2.7044
2023,8,1,3,70,-4.3924
2023,8,1,4,79,-6.4005
2023,8,1,5,114,-6.0167
2023,8,2,1,166,-6.8755
2023,8,2,2,103,-5.6885
2023,8,2,3,82,-2.1692
2023,8,2,4,77,-4.5989
2023,8,2,5,84,-1.5515
2023,8,3,1,123,0.8132
2023,8,3,2,143,1.1046
2023,8,3,3,158,-2.5694
2023,8,3,4,141,-1.7713
2023,8,3,5,128,-1.8279
2023,9,1,1,265,-7.2214
2023,9,1,2,125,-4.1949
2023,9,1,3,69,-2.4040
2023,9,1,4,78,-3.4181
2023,9,1,5,113,-7.6282
2023,9,2,1,165,-6.5314
2023,9,2,2,103,-7.6062
2023,9,2,3,82,-3.4795
2023,9,2,4,77,-4.2721
2023,9,2,5,82,-4.0756
2023,9,3,1,123,-8.3838
2023,9,3,2,143,-4.3018
2023,9,3,3,158,-4.4064
2023,9,3,4,140,-4.8021
2023,9,3,5,127,-3.1508
2023,10,1,1,264,-10.7181
2023,10,1,2,123,-8.1910
2023,10,1,3,69,-6.8314
2023,10,1,4,77,-4.7082
2023,10,1,5,112,-7.4426
2023,10,2,1,164,-8.1885
2023,10,2,2,103,-6.8082
2023,10,2,3,82,-5.1504
2023,10,2,4,76,-4.4507
2023,10,2,5,82,-4.9365
2023,10,3,1,122,-2.1430
2023,10,3,2,143,-2.8413
2023,10,3,3,158,0.4816
2023,10,3,4,139,-3.2456
2023,10,3,5,127,-3.2155
2023,11,1,1,260,5.3591
2023,11,1,2,122,8.5414
2023,11,1,3,69,6.6531
2023,11,1,4,76,7.7770
2023,11,1,5,109,11.1614
2023,11,2,1,162,7.2281
2023,11,2,2,103,7.4480
2023,11,2,3,82,9.4617
2023,11,2,4,76,6.7630
2023,11,2,5,82,11.0573
2023,11,3,1,121,11.5362
2023,11,3,2,143,8.1165
2023,11,3,3,158,8.1363
2023,11,3,4,138,7.8408
2023,11,3,5,127,8.0538
2023,12,1,1,258,16.2663
2023,12,1,2,122,8.7691
2023,12,1,3,69,12.1897
2023,12,1,4,76,8.8752
2023,12,1,5,110,10.7918
2023,12,2,1,162,11.5590
2023,12,2,2,102,10.7340
2023,12,2,3,79,9.7454
2023,12,2,4,76,10.6281
2023,12,2,5,81,11.1169
2023,12,3,1,121,6.2111
2023,12,3,2,142,4.4316
2023,12,3,3,158,3.0708
2023,12,3,4,138,5.1117
2023,12,3,5,127,7.0987
2024,1,1,1,255,-3.4663
2024,1,1,2,118,-6.2212
2024,1,1,3,69,-0.7780
2024,1,1,4,75,-5.6763
2024,1,1,5,107,-5.7215
2024,1,2,1,162,-4.9521
2024,1,2,2,101,-5.8802
2024,1,2,3,79,-4.4997
2024,1,2,4,76,-2.7927
2024,1,2,5,81,-2.0742
2024,1,3,1,121,7.5471
2024,1,3,2,142,3.2776
2024,1,3,3,158,2.7524
2024,1,3,4,138,-0.8124
2024,1,3,5,127,2.5612
2024,2,1,1,255,4.1200
2024,2,1,2,117,6.8620
2024,2,1,3,69,5.1923
2024,2,1,4,75,0.7287
2024,2,1,5,106,3.5491
2024,2,2,1,161,8.1838
2024,2,2,2,101,6.1943
2024,2,2,3,79,2.9256
2024,2,2,4,76,3.6163
2024,2,2,5,81,4.0635
2024,2,3,1,121,15.7688
2024,2,3,2,142,6.7308
2024,2,3,3,158,3.6166
2024,2,3,4,138,1.0000
2024,2,3,5,127,10.0833
2024,3,1,1,250,2.0382
2024,3,1,2,117,3.8193
2024,3,1,3,69,4.7400
2024,3,1,4,75,2.2929
2024,3,1,5,106,4.7200
2024,3,2,1,160,1.5689
2024,3,2,2,101,2.1014
2024,3,2,3,79,1.6244
2024,3,2,4,76,3.5952
2024,3,2,5,80,4.8010
2024,3,3,1,121,6.2036
2024,3,3,2,142,2.5555
2024,3,3,3,158,2.1071
2024,3,3,4,138,3.5079
2024,3,3,5,127,3.8145
2024,4,1,1,249,-10.9464
2024,4,1,2,117,-7.8654
2024,4,1,3,68,-7.8818
2024,4,1,4,74,-5.0461
2024,4,1,5,106,-5.5467
2024,4,2,1,158,-8.7560
2024,4,2,2,100,-5.7311
2024,4,2,3,79,-5.2574
2024,4,2,4,76,-5.9867
2024,4,2,5,80,-8.7919
2024,4,3,1,121,-4.5437
2024,4,3,2,142,-3.5675
2024,4,3,3,158,-5.3658
2024,4,3,4,138,-1.3721
2024,4,3,5,126,-7.5518
2024,5,1,1,248,4.6453
2024,5,1,2,114,8.8552
2024,5,1,3,65,5.1320
2024,5,1,4,74,5.1052
2024,5,1,5,105,4.6784
2024,5,2,1,158,5.3525
2024,5,2,2,100,4.5965
2024,5,2,3,79,6.0821
2024,5,2,4,76,4.0593
2024,5,2,5,80,5.7732
2024,5,3,1,121,10.8736
2024,5,3,2,142,3.3865
2024,5,3,3,158,3.7364
2024,5,3,4,138,5.5808
2024,5,3,5,126,5.1419
2024,6,1,1,244,-4.5097
2024,6,1,2,113,-1.8236
2024,6,1,3,65,-7.5645
2024,6,1,4,74,-2.8394
2024,6,1,5,104,-2.8354
2024,6,2,1,157,-0.7361
2024,6,2,2,100,-1.5814
2024,6,2,3,79,-3.4521
2024,6,2,4,75,-3.9459
2024,6,2,5,80,-3.1128
2024,6,3,1,120,8.8020
2024,6,3,2,142,1.2796
2024,6,3,3,158,2.7946
2024,6,3,4,138,4.4498
2024,6,3,5,125,2.2603
2024,7,1,1,302,9.1969
2024,7,1,2,106,13.3558
2024,7,1,3,79,11.5667
2024,7,1,4,69,13.3591
2024,7,1,5,121,13.4333
2024,7,2,1,174,6.5355
2024,7,2,2,90,9.8031
2024,7,2,3,86,8.1461
2024,7,2,4,73,8.2920
2024,7,2,5,81,6.9229
2024,7,3,1,139,-2.6750
2024,7,3,2,139,-2.6368
2024,7,3,3,170,2.4367
2024,7,3,4,134,1.5731
2024,7,3,5,108,3.6014
2024,8,1,1,300,-4.7241
2024,8,1,2,103,-0.2207
2024,8,1,3,79,-3.9324
2024,8,1,4,69,-6.3948
2024,8,1,5,120,-4.3183
2024,8,2,1,172,-1.4079
2024,8,2,2,90,-2.7458
2024,8,2,3,86,-3.7148
2024,8,2,4,72,-1.5437
2024,8,2,5,81,-4.3181
2024,8,3,1,139,7.3300
2024,8,3,2,139,1.2014
2024,8,3,3,169,4.0119
2024,8,3,4,133,0.5039
2024,8,3,5,107,1.1750
2024,9,1,1,297,-0.5708
2024,9,1,2,100,2.7297
2024,9,1,3,78,1.2021
2024,9,1,4,69,0.0867
2024,9,1,5,118,-0.2564
2024,9,2,1,172,1.6892
2024,9,2,2,89,1.6513
2024,9,2,3,85,0.3702
2024,9,2,4,72,2.7339
2024,9,2,5,81,0.4838
2024,9,3,1,139,0.3819
2024,9,3,2,139,1.5985
2024,9,3,3,169,3.0177
2024,9,3,4,133,1.9346
2024,9,3,5,107,2.1474
2024,10,1,1,296,0.5751
2024,10,1,2,99,1.7191
2024,10,1,3,78,-3.5929
2024,10,1,4,69,-4.2904
2024,10,1,5,117,-2.7922
2024,10,2,1,171,-0.8671
2024,10,2,2,89,-3.4903
2024,10,2,3,85,-2.7661
2024,10,2,4,72,-2.7079
2024,10,2,5,81,-2.2242
2024,10,3,1,138,-1.3547
2024,10,3,2,139,-0.1466
2024,10,3,3,169,-2.4732
2024,10,3,4,133,-0.2675
2024,10,3,5,107,0.0147
2024,11,1,1,291,12.4566
2024,11,1,2,99,12.0527
2024,11,1,3,77,13.0929
2024,11,1,4,68,11.6002
2024,11,1,5,116,6.8843
2024,11,2,1,169,14.4243
2024,11,2,2,89,10.7670
2024,11,2,3,85,12.9435
2024,11,2,4,71,12.8213
2024,11,2,5,81,8.5934
2024,11,3,1,137,6.2235
2024,11,3,2,139,5.8175
2024,11,3,3,169,4.2046
2024,11,3,4,133,3.0012
2024,11,3,5,107,6.9316
2024,12,1,1,291,-4.5864
2024,12,1,2,99,-5.1096
2024,12,1,3,76,-5.7647
2024,12,1,4,68,-2.6424
2024,12,1,5,115,-5.2449
2024,12,2,1,166,-8.2315
2024,12,2,2,88,-9.2062
2024,12,2,3,85,-6.3415
2024,12,2,4,71,-5.0913
2024,12,2,5,81,-6.9454
2024,12,3,1,135,-5.7364
2024,12,3,2,139,-3.8789
2024,12,3,3,169,0.7767
2024,12,3,4,133,-1.6428
2024,12,3,5,106,-7.5411
2025,1,1,1,287,2.0017
2025,1,1,2,99,-2.0801
2025,1,1,3,75,3.3790
2025,1,1,4,65,2.0757
2025,1,1,5,115,0.2294
2025,1,2,1,164,2.8314
2025,1,2,2,88,0.9644
2025,1,2,3,85,4.8021
2025,1,2,4,71,4.0011
2025,1,2,5,81,1.3306
2025,1,3,1,135,5.2941
2025,1,3,2,139,-1.8247
2025,1,3,3,169,2.5726
2025,1,3,4,132,4.7204
2025,1,3,5,106,2.6771
2025,2,1,1,284,-9.0854
2025,2,1,2,99,-6.5062
2025,2,1,3,73,-4.8419
2025,2,1,4,65,-4.2242
2025,2,1,5,115,-4.8007
2025,2,2,1,164,-9.6434
2025,2,2,2,87,-5.1734
2025,2,2,3,85,-4.4306
2025,2,2,4,71,-7.2621
2025,2,2,5,80,-9.0730
2025,2,3,1,134,-2.5508
2025,2,3,2,139,-0.2005
2025,2,3,3,169,-0.7158
2025,2,3,4,132,-3.2710
2025,2,3,5,106,2.3782
2025,3,1,1,283,-12.8500
2025,3,1,2,99,-8.7852
2025,3,1,3,73,-4.1893
2025,3,1,4,65,-8.4142
2025,3,1,5,112,-10.1524
2025,3,2,1,161,-8.7479
2025,3,2,2,87,-6.0387
2025,3,2,3,85,-5.8641
2025,3,2,4,71,-0.3113
2025,3,2,5,80,-6.4284
2025,3,3,1,133,-8.9375
2025,3,3,2,139,-6.9918
2025,3,3,3,169,-7.2535
2025,3,3,4,132,-4.1634
2025,3,3,5,106,-0.3799
2025,4,1,1,281,-1.9545
2025,4,1,2,98,-1.8581
2025,4,1,3,73,-0.5468
2025,4,1,4,65,-5.3766
2025,4,1,5,112,-6.2832
2025,4,2,1,161,-0.2583
2025,4,2,2,87,-3.0234
2025,4,2,3,85,-2.6831
2025,4,2,4,71,-8.6810
2025,4,2,5,80,-6.1510
2025,4,3,1,131,5.9449
2025,4,3,2,139,1.4081
2025,4,3,3,168,-0.3167
2025,4,3,4,132,-2.7869
2025,4,3,5,106,-6.2843
2025,5,1,1,276,9.1530
2025,5,1,2,98,11.7122
2025,5,1,3,72,6.6467
2025,5,1,4,63,5.4847
2025,5,1,5,111,9.6565
2025,5,2,1,160,7.6138
2025,5,2,2,86,6.2435
2025,5,2,3,84,5.0132
2025,5,2,4,70,6.5211
2025,5,2,5,78,6.4630
2025,5,3,1,131,1.4004
2025,5,3,2,139,12.2594
2025,5,3,3,168,4.6351
2025,5,3,4,132,3.8288
2025,5,3,5,104,3.6878
2025,6,1,1,275,11.4934
2025,6,1,2,98,11.6503
2025,6,1,3,72,1.8824
2025,6,1,4,63,5.0607
2025,6,1,5,109,5.2800
2025,6,2,1,160,9.4267
2025,6,2,2,86,4.5695
2025,6,2,3,84,4.1959
2025,6,2,4,69,4.9985
2025,6,2,5,78,2.6367
2025,6,3,1,131,5.5054
2025,6,3,2,139,7.9010
2025,6,3,3,168,5.8037
2025,6,3,4,132,3.0960
2025,6,3,5,104,2.4322
2025,7,1,1,273,2.2596
2025,7,1,2,99,-1.1598
2025,7,1,3,60,1.8127
2025,7,1,4,75,-1.2331
2025,7,1,5,120,-1.3141
2025,7,2,1,156,2.0152
2025,7,2,2,97,0.5588
2025,7,2,3,79,1.9622
2025,7,2,4,73,-0.0336
2025,7,2,5,88,3.1822
2025,7,3,1,146,6.3156
2025,7,3,2,146,2.9618
2025,7,3,3,159,1.6167
2025,7,3,4,126,0.8206
2025,7,3,5,91,1.7390
2025,8,1,1,268,10.0040
2025,8,1,2,97,9.1944
2025,8,1,3,60,12.8251
2025,8,1,4,75,11.5456
2025,8,1,5,120,5.9076
2025,8,2,1,154,5.5004
2025,8,2,2,96,7.3864
2025,8,2,3,79,6.4309
2025,8,2,4,72,7.5260
2025,8,2,5,88,7.7617
2025,8,3,1,145,-0.6902
2025,8,3,2,145,-1.6819
2025,8,3,3,156,5.2003
2025,8,3,4,126,4.1301
2025,8,3,5,91,4.6747
2025,9,1,1,265,7.3756
2025,9,1,2,96,1.9493
2025,9,1,3,60,0.0258
2025,9,1,4,74,-1.2124
2025,9,1,5,119,0.1225
2025,9,2,1,153,5.5945
2025,9,2,2,95,-1.0995
2025,9,2,3,79,0.0567
2025,9,2,4,72,-0.3215
2025,9,2,5,87,-0.2690
2025,9,3,1,145,4.8213
2025,9,3,2,145,4.3554
2025,9,3,3,156,5.1973
2025,9,3,4,126,2.2826
2025,9,3,5,90,-1.6906
2025,10,1,1,264,2.0384
2025,10,1,2,96,-2.8737
2025,10,1,3,60,2.5940
2025,10,1,4,74,-2.4743
2025,10,1,5,118,-5.3245
2025,10,2,1,153,5.9732
2025,10,2,2,95,0.4391
2025,10,2,3,77,-3.9469
2025,10,2,4,71,-2.7715
2025,10,2,5,86,-0.8016
2025,10,3,1,145,6.7979
2025,10,3,2,145,1.6999
2025,10,3,3,156,3.2429
2025,10,3,4,125,-0.2605
2025,10,3,5,90,-0.8641
2025,11,1,1,259,-0.3219
2025,11,1,2,94,-0.1623
2025,11,1,3,60,-3.7664
2025,11,1,4,72,-4.9682
2025,11,1,5,118,-0.2932
2025,11,2,1,152,-3.1530
2025,11,2,2,94,1.4545
2025,11,2,3,77,1.4725
2025,11,2,4,71,2.6699
2025,11,2,5,85,2.5459
2025,11,3,1,145,-8.4333
2025,11,3,2,145,0.3204
2025,11,3,3,156,4.9303
2025,11,3,4,125,2.3901
2025,11,3,5,90,1.7388
2025,12,1,1,259,0.1768
2025,12,1,2,94,-1.6157
2025,12,1,3,59,-1.3690
2025,12,1,4,72,-2.1975
2025,12,1,5,118,1.7538
2025,12,2,1,152,1.3843
2025,12,2,2,93,-1.0729
2025,12,2,3,77,2.1030
2025,12,2,4,71,1.0603
2025,12,2,5,83,-2.5284
2025,12,3,1,145,2.5587
2025,12,3,2,145,-2.5105
2025,12,3,3,155,-1.3769
2025,12,3,4,125,-0.1567
2025,12,3,5,89,0.8355
