year,month,rank_ME,rank_CPq_1,nstocks,ret_vw
1967,1,1,1,21,19.5980
1967,1,1,2,9,10.5377
1967,1,1,3,17,12.1701
1967,1,1,4,34,21.1147
1967,1,1,5,71,19.7576
1967,1,2,1,10,8.2010
1967,1,2,2,14,11.3111
1967,1,2,3,21,16.9762
1967,1,2,4,22,17.3870
1967,1,2,5,38,18.4491
1967,1,3,1,77,5.0033
1967,1,3,2,72,4.6865
1967,1,3,3,53,10.0345
1967,1,3,4,52,9.1374
1967,1,3,5,25,16.9026
1967,2,1,1,25,2.5110
1967,2,1,2,10,1.5784
1967,2,1,3,11,2.0293
1967,2,1,4,29,2.5028
1967,2,1,5,52,1.5424
1967,2,2,1,11,1.8775
1967,2,2,2,15,-1.5729
1967,2,2,3,17,1.3930
1967,2,2,4,19,1.9920
1967,2,2,5,33,0.8640
1967,2,3,1,65,2.1062
1967,2,3,2,64,-1.4651
1967,2,3,3,60,-1.6636
1967,2,3,4,49,-0.9747
1967,2,3,5,26,-1.5003
1967,3,1,1,23,12.8990
1967,3,1,2,10,4.2017
1967,3,1,3,12,5.8551
1967,3,1,4,34,6.4900
1967,3,1,5,50,3.3549
1967,3,2,1,14,3.2819
1967,3,2,2,11,4.1026
1967,3,2,3,16,4.4162
1967,3,2,4,21,8.7084
1967,3,2,5,39,8.4849
1967,3,3,1,66,4.7177
1967,3,3,2,65,3.6110
1967,3,3,3,62,4.1677
1967,3,3,4,44,4.7858
1967,3,3,5,28,4.5243
1967,4,1,1,20,4.1679
1967,4,1,2,12,3.5429
1967,4,1,3,11,0.1986
1967,4,1,4,30,5.3898
1967,4,1,5,55,4.2340
1967,4,2,1,16,1.4848
1967,4,2,2,12,6.0942
1967,4,2,3,22,3.1763
1967,4,2,4,16,6.7136
1967,4,2,5,36,4.3009
1967,4,3,1,67,5.5259
1967,4,3,2,64,3.1992
1967,4,3,3,57,1.1123
1967,4,3,4,49,4.6466
1967,4,3,5,28,2.4989
1967,5,1,1,49,2.6685
1967,5,1,2,35,1.1515
1967,5,1,3,57,-0.9566
1967,5,1,4,81,-0.0539
1967,5,1,5,132,-0.2612
1967,5,2,1,31,-0.7112
1967,5,2,2,36,-4.2465
1967,5,2,3,43,-2.6917
1967,5,2,4,44,-2.3540
1967,5,2,5,54,-3.5633
1967,5,3,1,119,-5.0307
1967,5,3,2,100,-4.8665
1967,5,3,3,93,-4.2815
1967,5,3,4,81,-3.0911
1967,5,3,5,51,-2.7340
1967,6,1,1,52,12.3460
1967,6,1,2,34,9.1480
1967,6,1,3,65,8.6079
1967,6,1,4,82,9.5265
1967,6,1,5,123,9.3179
1967,6,2,1,36,8.9724
1967,6,2,2,33,5.3232
1967,6,2,3,41,7.7918
1967,6,2,4,44,6.6602
1967,6,2,5,60,6.3181
1967,6,3,1,118,1.6408
1967,6,3,2,107,0.6113
1967,6,3,3,95,3.4013
1967,6,3,4,78,1.4791
1967,6,3,5,46,3.2606
1967,7,1,1,63,9.1668
1967,7,1,2,36,6.0282
1967,7,1,3,57,11.8330
1967,7,1,4,80,9.6026
1967,7,1,5,116,9.8285
1967,7,2,1,39,3.0190
1967,7,2,2,34,6.2078
1967,7,2,3,38,7.5165
1967,7,2,4,39,8.4228
1967,7,2,5,59,8.5224
1967,7,3,1,117,2.8609
1967,7,3,2,103,3.8069
1967,7,3,3,96,8.8716
1967,7,3,4,82,6.1674
1967,7,3,5,47,6.8006
1967,8,1,1,30,-1.3851
1967,8,1,2,21,0.6549
1967,8,1,3,13,0.9781
1967,8,1,4,20,-0.9490
1967,8,1,5,46,1.5897
1967,8,2,1,15,-0.5020
1967,8,2,2,19,1.0600
1967,8,2,3,11,3.0262
1967,8,2,4,18,1.2671
1967,8,2,5,19,1.7282
1967,8,3,1,65,-1.2961
1967,8,3,2,48,-0.4968
1967,8,3,3,56,-1.8506
1967,8,3,4,51,-0.7940
1967,8,3,5,34,0.8822
1967,9,1,1,29,10.9322
1967,9,1,2,19,8.6358
1967,9,1,3,14,10.9396
1967,9,1,4,18,5.8950
1967,9,1,5,42,5.5236
1967,9,2,1,16,3.6523
1967,9,2,2,19,1.7449
1967,9,2,3,10,2.7663
1967,9,2,4,15,3.0684
1967,9,2,5,20,1.2465
1967,9,3,1,61,1.0356
1967,9,3,2,48,4.7695
1967,9,3,3,55,0.5282
1967,9,3,4,52,3.9796
1967,9,3,5,34,2.7504
1967,10,1,1,33,0.7561
1967,10,1,2,16,-2.1794
1967,10,1,3,14,-4.5490
1967,10,1,4,17,-3.7650
1967,10,1,5,41,-1.9541
1967,10,2,1,19,-1.2907
1967,10,2,2,15,-8.3186
1967,10,2,3,14,-6.4362
1967,10,2,4,17,-2.3369
1967,10,2,5,20,-3.2268
1967,10,3,1,57,-5.0695
1967,10,3,2,51,-5.2702
1967,10,3,3,51,-4.0729
1967,10,3,4,47,-4.1550
1967,10,3,5,39,-5.5817
1967,11,1,1,36,1.0396
1967,11,1,2,15,-0.2186
1967,11,1,3,23,-0.6150
1967,11,1,4,21,-0.6625
1967,11,1,5,56,-0.6208
1967,11,2,1,35,5.9378
1967,11,2,2,18,1.3881
1967,11,2,3,16,0.4212
1967,11,2,4,23,0.8394
1967,11,2,5,26,1.6326
1967,11,3,1,64,-0.0268
1967,11,3,2,58,0.3471
1967,11,3,3,60,0.1048
1967,11,3,4,49,1.7236
1967,11,3,5,48,-0.3869
1967,12,1,1,33,11.7416
1967,12,1,2,23,6.5083
1967,12,1,3,19,11.2232
1967,12,1,4,29,2.7616
1967,12,1,5,50,7.8270
1967,12,2,1,26,9.7911
1967,12,2,2,18,5.6161
1967,12,2,3,18,3.7016
1967,12,2,4,23,4.7361
1967,12,2,5,28,5.2194
1967,12,3,1,73,2.5390
1967,12,3,2,57,2.8663
1967,12,3,3,59,3.0625
1967,12,3,4,50,4.0371
1967,12,3,5,44,4.1487
1968,1,1,1,37,3.2186
1968,1,1,2,24,0.6725
1968,1,1,3,18,1.0983
1968,1,1,4,21,6.2883
1968,1,1,5,59,3.6767
1968,1,2,1,29,-3.6883
1968,1,2,2,14,-1.2352
1968,1,2,3,19,0.7412
1968,1,2,4,26,2.3447
1968,1,2,5,28,2.7094
1968,1,3,1,71,-8.9669
1968,1,3,2,61,-4.2464
1968,1,3,3,59,-3.1763
1968,1,3,4,52,-2.4340
1968,1,3,5,39,-2.3693
1968,2,1,1,35,-5.3889
1968,2,1,2,15,-7.8757
1968,2,1,3,15,-5.4449
1968,2,1,4,18,-6.0228
1968,2,1,5,46,-2.2894
1968,2,2,1,20,-1.0682
1968,2,2,2,20,-7.0764
1968,2,2,3,15,-1.8022
1968,2,2,4,19,-2.3412
1968,2,2,5,27,-2.9242
1968,2,3,1,63,-3.4221
1968,2,3,2,57,-4.1447
1968,2,3,3,57,-1.8802
1968,2,3,4,54,-3.2709
1968,2,3,5,33,-3.8717
1968,3,1,1,31,-2.8469
1968,3,1,2,18,-1.4915
1968,3,1,3,12,-2.7108
1968,3,1,4,24,-2.6500
1968,3,1,5,49,0.0100
1968,3,2,1,20,2.7919
1968,3,2,2,14,-2.2024
1968,3,2,3,20,-2.1630
1968,3,2,4,20,-1.5230
1968,3,2,5,27,-1.3022
1968,3,3,1,65,0.5948
1968,3,3,2,59,-2.1039
1968,3,3,3,54,-0.3108
1968,3,3,4,49,-1.4652
1968,3,3,5,40,-0.5592
1968,4,1,1,31,16.6574
1968,4,1,2,19,20.3783
1968,4,1,3,14,16.5943
1968,4,1,4,24,14.0842
1968,4,1,5,47,13.5305
1968,4,2,1,22,10.9503
1968,4,2,2,12,13.7082
1968,4,2,3,14,6.6411
1968,4,2,4,27,14.4481
1968,4,2,5,29,12.6583
1968,4,3,1,61,10.7282
1968,4,3,2,62,6.8976
1968,4,3,3,56,4.9966
1968,4,3,4,45,6.4820
1968,4,3,5,36,7.7841
1968,5,1,1,83,12.1413
1968,5,1,2,44,8.9762
1968,5,1,3,56,11.0969
1968,5,1,4,71,9.6064
1968,5,1,5,111,9.6978
1968,5,2,1,50,7.0241
1968,5,2,2,33,4.7080
1968,5,2,3,43,5.7277
1968,5,2,4,49,6.7988
1968,5,2,5,58,7.7099
1968,5,3,1,111,2.7445
1968,5,3,2,100,2.5479
1968,5,3,3,91,-0.5152
1968,5,3,4,71,0.1851
1968,5,3,5,56,3.2660
1968,6,1,1,85,0.7419
1968,6,1,2,56,0.5108
1968,6,1,3,48,2.7093
1968,6,1,4,73,4.8250
1968,6,1,5,110,2.6392
1968,6,2,1,57,-0.7436
1968,6,2,2,31,3.3035
1968,6,2,3,45,3.9666
1968,6,2,4,48,-0.6050
1968,6,2,5,52,1.2131
1968,6,3,1,107,-0.0871
1968,6,3,2,105,0.7246
1968,6,3,3,85,2.2005
1968,6,3,4,77,2.2351
1968,6,3,5,55,-0.1691
1968,7,1,1,78,-4.2770
1968,7,1,2,54,-0.4363
1968,7,1,3,59,-4.2951
1968,7,1,4,72,-5.4949
1968,7,1,5,100,-2.8346
1968,7,2,1,52,-6.3390
1968,7,2,2,38,-5.5625
1968,7,2,3,36,-2.3999
1968,7,2,4,49,-3.4661
1968,7,2,5,57,-1.9227
1968,7,3,1,113,-5.1817
1968,7,3,2,94,-3.1068
1968,7,3,3,92,1.5633
1968,7,3,4,77,-0.9352
1968,7,3,5,54,-1.8691
1968,8,1,1,43,3.1594
1968,8,1,2,13,5.5219
1968,8,1,3,13,8.0804
1968,8,1,4,17,-0.7506
1968,8,1,5,34,8.4378
1968,8,2,1,18,5.7953
1968,8,2,2,15,1.9610
1968,8,2,3,19,5.0996
1968,8,2,4,13,1.2048
1968,8,2,5,25,0.8165
1968,8,3,1,58,2.1348
1968,8,3,2,52,1.2107
1968,8,3,3,46,1.4599
1968,8,3,4,49,0.0842
1968,8,3,5,34,0.5668
1968,9,1,1,42,5.7225
1968,9,1,2,15,10.3281
1968,9,1,3,7,5.2033
1968,9,1,4,16,5.4550
1968,9,1,5,30,5.3263
1968,9,2,1,26,8.5650
1968,9,2,2,21,8.5516
1968,9,2,3,16,4.6399
1968,9,2,4,8,1.4523
1968,9,2,5,20,4.1840
1968,9,3,1,52,2.8504
1968,9,3,2,43,4.4905
1968,9,3,3,46,3.5935
1968,9,3,4,51,4.4346
1968,9,3,5,37,7.6794
1968,10,1,1,43,-1.8887
1968,10,1,2,12,3.1625
1968,10,1,3,10,6.0009
1968,10,1,4,14,-3.1763
1968,10,1,5,31,1.1817
1968,10,2,1,30,0.1344
1968,10,2,2,19,1.8109
1968,10,2,3,12,2.2574
1968,10,2,4,13,3.2565
1968,10,2,5,19,2.5480
1968,10,3,1,52,-1.0690
1968,10,3,2,45,3.1935
1968,10,3,3,49,1.5011
1968,10,3,4,47,2.2028
1968,10,3,5,37,3.2969
1968,11,1,1,53,6.5078
1968,11,1,2,28,4.2304
1968,11,1,3,18,1.9272
1968,11,1,4,20,6.0054
1968,11,1,5,46,8.2769
1968,11,2,1,45,8.3041
1968,11,2,2,17,10.6563
1968,11,2,3,12,8.6685
1968,11,2,4,25,8.6300
1968,11,2,5,26,6.5258
1968,11,3,1,57,8.4584
1968,11,3,2,56,5.3589
1968,11,3,3,58,3.6165
1968,11,3,4,45,6.3788
1968,11,3,5,41,3.9950
1968,12,1,1,52,6.4962
1968,12,1,2,26,2.3749
1968,12,1,3,20,3.4336
1968,12,1,4,20,2.6334
1968,12,1,5,49,2.1524
1968,12,2,1,39,0.1729
1968,12,2,2,18,-2.9991
1968,12,2,3,15,-6.3092
1968,12,2,4,26,0.1954
1968,12,2,5,29,0.5986
1968,12,3,1,58,-4.0092
1968,12,3,2,61,-4.5918
1968,12,3,3,58,-4.1956
1968,12,3,4,48,-2.0507
1968,12,3,5,37,-2.7873
1969,1,1,1,51,-1.6754
1969,1,1,2,19,-1.4103
1969,1,1,3,27,0.3115
1969,1,1,4,25,-3.2095
1969,1,1,5,49,0.5673
1969,1,2,1,41,-0.9063
1969,1,2,2,14,0.8573
1969,1,2,3,19,0.1220
1969,1,2,4,22,1.0415
1969,1,2,5,25,-0.4418
1969,1,3,1,58,0.0245
1969,1,3,2,66,-0.3990
1969,1,3,3,54,-0.6382
1969,1,3,4,52,-0.4133
1969,1,3,5,42,0.3692
1969,2,1,1,35,-11.0718
1969,2,1,2,28,-11.2897
1969,2,1,3,14,-5.9720
1969,2,1,4,15,-9.3864
1969,2,1,5,46,-7.7383
1969,2,2,1,29,-7.9970
1969,2,2,2,21,-7.3356
1969,2,2,3,13,-5.0071
1969,2,2,4,16,-5.5057
1969,2,2,5,23,-7.8138
1969,2,3,1,54,-4.2837
1969,2,3,2,51,-6.0257
1969,2,3,3,61,-4.9551
1969,2,3,4,55,-5.2493
1969,2,3,5,38,-4.9947
1969,3,1,1,37,2.3099
1969,3,1,2,21,2.5059
1969,3,1,3,23,0.8232
1969,3,1,4,17,3.7846
1969,3,1,5,47,2.0417
1969,3,2,1,33,0.5907
1969,3,2,2,19,2.4126
1969,3,2,3,15,0.1659
1969,3,2,4,15,1.8629
1969,3,2,5,24,3.6198
1969,3,3,1,53,4.0988
1969,3,3,2,55,2.7321
1969,3,3,3,57,3.6002
1969,3,3,4,57,5.9060
1969,3,3,5,37,1.2024
1969,4,1,1,33,0.6137
1969,4,1,2,24,5.6254
1969,4,1,3,24,1.0541
1969,4,1,4,11,0.2823
1969,4,1,5,51,-1.1757
1969,4,2,1,32,3.8148
1969,4,2,2,22,-0.7477
1969,4,2,3,12,2.3892
1969,4,2,4,21,-0.4859
1969,4,2,5,22,0.1693
1969,4,3,1,54,2.2904
1969,4,3,2,50,0.4586
1969,4,3,3,61,-0.0689
1969,4,3,4,53,0.0396
1969,4,3,5,39,0.0162
1969,5,1,1,99,0.8733
1969,5,1,2,55,0.1185
1969,5,1,3,55,0.8242
1969,5,1,4,97,2.7337
1969,5,1,5,110,-0.4141
1969,5,2,1,60,-1.0320
1969,5,2,2,45,-2.2773
1969,5,2,3,41,-0.1826
1969,5,2,4,57,0.0522
1969,5,2,5,54,-3.1755
1969,5,3,1,116,0.6700
1969,5,3,2,102,0.8276
1969,5,3,3,94,0.7155
1969,5,3,4,76,-0.3108
1969,5,3,5,58,-1.4974
1969,6,1,1,95,-15.1376
1969,6,1,2,56,-14.4399
1969,6,1,3,65,-12.0001
1969,6,1,4,89,-13.4783
1969,6,1,5,117,-11.8034
1969,6,2,1,59,-12.4214
1969,6,2,2,38,-10.2825
1969,6,2,3,48,-8.3788
1969,6,2,4,56,-11.9072
1969,6,2,5,53,-11.2241
1969,6,3,1,117,-4.1992
1969,6,3,2,110,-8.0834
1969,6,3,3,89,-3.4176
1969,6,3,4,78,-8.3108
1969,6,3,5,57,-6.1466
1969,7,1,1,99,-14.5994
1969,7,1,2,47,-10.4143
1969,7,1,3,79,-10.0480
1969,7,1,4,90,-10.6969
1969,7,1,5,122,-10.2873
1969,7,2,1,53,-10.1352
1969,7,2,2,39,-10.0889
1969,7,2,3,47,-9.9968
1969,7,2,4,53,-6.4789
1969,7,2,5,51,-8.0824
1969,7,3,1,118,-4.3937
1969,7,3,2,109,-6.7648
1969,7,3,3,91,-5.5186
1969,7,3,4,80,-7.4803
1969,7,3,5,55,-6.6348
1969,8,1,1,40,4.1105
1969,8,1,2,22,5.9353
1969,8,1,3,16,0.1597
1969,8,1,4,30,3.8860
1969,8,1,5,40,4.4992
1969,8,2,1,32,10.7036
1969,8,2,2,13,7.4999
1969,8,2,3,15,2.5358
1969,8,2,4,20,3.0880
1969,8,2,5,24,4.0791
1969,8,3,1,58,6.3391
1969,8,3,2,57,3.1773
1969,8,3,3,54,4.3631
1969,8,3,4,43,0.8834
1969,8,3,5,38,2.7769
1969,9,1,1,42,-1.2496
1969,9,1,2,19,0.8382
1969,9,1,3,16,-0.3258
1969,9,1,4,25,-5.8948
1969,9,1,5,39,-4.1633
1969,9,2,1,39,2.8004
1969,9,2,2,15,-3.0836
1969,9,2,3,14,-2.8814
1969,9,2,4,18,-1.6247
1969,9,2,5,25,-3.3756
1969,9,3,1,54,-2.8143
1969,9,3,2,50,-7.6261
1969,9,3,3,52,-3.7588
1969,9,3,4,44,-3.3209
1969,9,3,5,39,-5.2345
1969,10,1,1,37,8.8665
1969,10,1,2,23,10.0970
1969,10,1,3,14,7.1822
1969,10,1,4,21,9.0920
1969,10,1,5,42,9.5695
1969,10,2,1,36,7.5471
1969,10,2,2,17,5.5376
1969,10,2,3,18,9.8920
1969,10,2,4,19,5.4818
1969,10,2,5,23,6.7926
1969,10,3,1,55,5.2011
1969,10,3,2,53,4.1049
1969,10,3,3,49,2.1750
1969,10,3,4,44,6.0225
1969,10,3,5,38,5.1429
1969,11,1,1,50,-5.2422
1969,11,1,2,13,-6.9851
1969,11,1,3,25,-4.0424
1969,11,1,4,33,-5.9855
1969,11,1,5,56,-6.6299
1969,11,2,1,49,-4.8052
1969,11,2,2,19,-5.7125
1969,11,2,3,20,-5.3882
1969,11,2,4,24,-6.2347
1969,11,2,5,29,-4.7120
1969,11,3,1,64,-3.1132
1969,11,3,2,61,-3.7861
1969,11,3,3,49,-5.4971
1969,11,3,4,50,-5.7153
1969,11,3,5,43,-4.3591
1969,12,1,1,46,-7.4917
1969,12,1,2,20,-12.5878
1969,12,1,3,23,-5.2116
1969,12,1,4,32,-4.0307
1969,12,1,5,54,-9.7220
1969,12,2,1,40,-5.2530
1969,12,2,2,23,-5.0314
1969,12,2,3,21,-2.8337
1969,12,2,4,25,-4.5343
1969,12,2,5,33,-7.7599
1969,12,3,1,66,-0.4638
1969,12,3,2,62,-1.5445
1969,12,3,3,52,-2.1565
1969,12,3,4,48,-6.1652
1969,12,3,5,41,-2.3266
1970,1,1,1,40,-2.0555
1970,1,1,2,18,-6.2489
1970,1,1,3,30,-2.1397
1970,1,1,4,32,-3.1268
1970,1,1,5,63,-3.0248
1970,1,2,1,38,-8.0916
1970,1,2,2,22,-2.5807
1970,1,2,3,27,-6.5919
1970,1,2,4,20,-3.7929
1970,1,2,5,31,-3.6566
1970,1,3,1,74,-7.1540
1970,1,3,2,62,-8.8583
1970,1,3,3,48,-8.3503
1970,1,3,4,53,-11.2197
1970,1,3,5,40,-8.4833
1970,2,1,1,33,-0.6723
1970,2,1,2,27,4.1213
1970,2,1,3,22,1.1610
1970,2,1,4,20,4.5374
1970,2,1,5,51,1.1618
1970,2,2,1,31,2.2588
1970,2,2,2,23,7.8187
1970,2,2,3,20,1.8959
1970,2,2,4,21,5.5557
1970,2,2,5,30,6.4970
1970,2,3,1,69,7.9419
1970,2,3,2,50,5.2912
1970,2,3,3,52,5.5455
1970,2,3,4,49,8.7902
1970,2,3,5,39,9.4318
1970,3,1,1,28,-1.8350
1970,3,1,2,29,-6.5909
1970,3,1,3,20,-1.9864
1970,3,1,4,26,0.5576
1970,3,1,5,58,-3.0172
1970,3,2,1,33,2.4877
1970,3,2,2,18,2.3567
1970,3,2,3,22,2.3442
1970,3,2,4,22,-0.8031
1970,3,2,5,29,-4.0426
1970,3,3,1,70,1.3934
1970,3,3,2,56,0.0619
1970,3,3,3,52,1.6860
1970,3,3,4,50,0.7743
1970,3,3,5,41,-1.2564
1970,4,1,1,25,-23.4390
1970,4,1,2,25,-17.4319
1970,4,1,3,20,-17.8602
1970,4,1,4,26,-15.4502
1970,4,1,5,63,-15.5576
1970,4,2,1,33,-16.5027
1970,4,2,2,22,-11.5360
1970,4,2,3,18,-10.1453
1970,4,2,4,25,-13.4318
1970,4,2,5,31,-13.2035
1970,4,3,1,64,-9.1224
1970,4,3,2,56,-9.6479
1970,4,3,3,56,-7.5715
1970,4,3,4,46,-7.5286
1970,4,3,5,41,-12.2357
1970,5,1,1,70,-8.9707
1970,5,1,2,55,-5.6660
1970,5,1,3,64,-11.5428
1970,5,1,4,112,-8.6949
1970,5,1,5,162,-10.0501
1970,5,2,1,51,-10.5808
1970,5,2,2,48,-7.5270
1970,5,2,3,52,-11.1220
1970,5,2,4,69,-10.1210
1970,5,2,5,54,-10.8055
1970,5,3,1,133,-8.2385
1970,5,3,2,114,-4.3240
1970,5,3,3,94,-4.3236
1970,5,3,4,75,-4.0519
1970,5,3,5,55,-6.6479
1970,6,1,1,75,-11.2118
1970,6,1,2,50,-11.3126
1970,6,1,3,61,-7.7609
1970,6,1,4,123,-9.6218
1970,6,1,5,160,-7.7494
1970,6,2,1,51,-5.4049
1970,6,2,2,46,-5.3281
1970,6,2,3,62,-8.1304
1970,6,2,4,60,-8.7670
1970,6,2,5,63,-9.4034
1970,6,3,1,139,-3.5517
1970,6,3,2,115,-5.3080
1970,6,3,3,94,-3.6458
1970,6,3,4,72,-5.0567
1970,6,3,5,50,-9.1808
1970,7,1,1,68,5.7891
1970,7,1,2,53,5.5524
1970,7,1,3,69,4.0243
1970,7,1,4,125,5.6487
1970,7,1,5,159,6.4109
1970,7,2,1,44,7.3575
1970,7,2,2,41,8.2290
1970,7,2,3,60,8.7570
1970,7,2,4,59,7.3225
1970,7,2,5,61,8.3865
1970,7,3,1,141,5.7661
1970,7,3,2,123,7.2570
1970,7,3,3,91,9.7076
1970,7,3,4,75,7.2058
1970,7,3,5,45,11.1716
1970,8,1,1,33,6.8188
1970,8,1,2,21,8.3735
1970,8,1,3,21,8.4309
1970,8,1,4,21,9.9875
1970,8,1,5,65,8.5428
1970,8,2,1,31,7.8954
1970,8,2,2,22,8.8586
1970,8,2,3,21,5.1075
1970,8,2,4,26,4.9581
1970,8,2,5,35,9.8928
1970,8,3,1,65,6.2334
1970,8,3,2,62,5.0514
1970,8,3,3,59,5.4842
1970,8,3,4,57,6.1296
1970,8,3,5,29,8.0767
1970,9,1,1,32,13.7924
1970,9,1,2,24,14.3163
1970,9,1,3,20,11.0125
1970,9,1,4,22,12.9589
1970,9,1,5,57,12.2117
1970,9,2,1,29,11.9062
1970,9,2,2,28,15.3724
1970,9,2,3,19,7.3395
1970,9,2,4,23,6.1399
1970,9,2,5,33,8.3069
1970,9,3,1,61,1.7478
1970,9,3,2,56,0.8475
1970,9,3,3,56,1.0009
1970,9,3,4,54,3.3200
1970,9,3,5,35,2.5355
1970,10,1,1,37,-10.0153
1970,10,1,2,17,-4.0945
1970,10,1,3,29,-3.3937
1970,10,1,4,18,1.2433
1970,10,1,5,48,-5.0186
1970,10,2,1,33,-2.9687
1970,10,2,2,21,-7.4557
1970,10,2,3,16,-2.1994
1970,10,2,4,30,-3.7916
1970,10,2,5,30,-1.5113
1970,10,3,1,59,-1.9802
1970,10,3,2,64,-0.0438
1970,10,3,3,52,-1.5198
1970,10,3,4,51,-2.8123
1970,10,3,5,38,-2.1856
1970,11,1,1,45,-5.2205
1970,11,1,2,14,-0.8271
1970,11,1,3,24,0.4250
1970,11,1,4,41,-0.9152
1970,11,1,5,71,-2.2943
1970,11,2,1,36,1.1245
1970,11,2,2,26,4.0234
1970,11,2,3,25,5.3166
1970,11,2,4,32,3.7775
1970,11,2,5,38,2.2448
1970,11,3,1,85,6.7800
1970,11,3,2,63,6.6037
1970,11,3,3,61,7.2964
1970,11,3,4,48,4.6263
1970,11,3,5,42,3.0685
1970,12,1,1,33,0.8655
1970,12,1,2,19,7.9990
1970,12,1,3,23,3.7239
1970,12,1,4,42,11.5351
1970,12,1,5,73,10.7413
1970,12,2,1,27,3.0327
1970,12,2,2,25,6.1353
1970,12,2,3,33,10.4419
1970,12,2,4,28,11.0257
1970,12,2,5,37,7.1198
1970,12,3,1,88,4.4040
1970,12,3,2,69,4.2813
1970,12,3,3,56,7.8963
1970,12,3,4,51,8.1426
1970,12,3,5,39,10.1705
1971,1,1,1,38,15.4017
1971,1,1,2,16,12.1862
1971,1,1,3,28,10.6072
1971,1,1,4,45,14.6464
1971,1,1,5,72,17.3831
1971,1,2,1,32,8.7657
1971,1,2,2,28,10.0562
1971,1,2,3,29,11.7460
1971,1,2,4,26,11.6765
1971,1,2,5,40,9.5285
1971,1,3,1,81,3.2112
1971,1,3,2,65,1.3721
1971,1,3,3,60,4.8427
1971,1,3,4,57,2.9223
1971,1,3,5,39,6.8312
1971,2,1,1,30,4.4307
1971,2,1,2,27,8.3003
1971,2,1,3,16,1.4364
1971,2,1,4,37,6.0624
1971,2,1,5,60,10.0618
1971,2,2,1,33,4.2616
1971,2,2,2,23,2.5263
1971,2,2,3,26,3.0279
1971,2,2,4,22,2.0743
1971,2,2,5,34,1.7281
1971,2,3,1,65,1.1131
1971,2,3,2,65,-1.3571
1971,2,3,3,58,2.7220
1971,2,3,4,52,2.0392
1971,2,3,5,41,1.8668
1971,3,1,1,35,0.7462
1971,3,1,2,29,8.9896
1971,3,1,3,16,7.1187
1971,3,1,4,35,5.3904
1971,3,1,5,61,5.8401
1971,3,2,1,37,8.8309
1971,3,2,2,25,7.2323
1971,3,2,3,26,4.0695
1971,3,2,4,21,0.6876
1971,3,2,5,35,5.0981
1971,3,3,1,65,3.7051
1971,3,3,2,64,1.3373
1971,3,3,3,59,4.2756
1971,3,3,4,55,3.5802
1971,3,3,5,45,3.3801
1971,4,1,1,41,-0.5787
1971,4,1,2,27,3.7363
1971,4,1,3,17,-0.4659
1971,4,1,4,30,0.7362
1971,4,1,5,63,2.3100
1971,4,2,1,35,1.4363
1971,4,2,2,29,3.8695
1971,4,2,3,29,0.6632
1971,4,2,4,20,0.9701
1971,4,2,5,35,5.5103
1971,4,3,1,64,6.1688
1971,4,3,2,61,3.2653
1971,4,3,3,56,2.6598
1971,4,3,4,59,3.2617
1971,4,3,5,41,5.9830
1971,5,1,1,87,-6.7402
1971,5,1,2,67,-4.4835
1971,5,1,3,61,-3.0051
1971,5,1,4,114,-5.3877
1971,5,1,5,144,-8.5499
1971,5,2,1,54,-4.1460
1971,5,2,2,55,-3.6890
1971,5,2,3,54,-4.5877
1971,5,2,4,55,-4.2185
1971,5,2,5,70,-4.9700
1971,5,3,1,137,-2.3231
1971,5,3,2,110,-4.9993
1971,5,3,3,90,-4.3820
1971,5,3,4,86,-4.2375
1971,5,3,5,50,-1.2818
1971,6,1,1,89,-2.0472
1971,6,1,2,61,-4.1141
1971,6,1,3,58,-2.6467
1971,6,1,4,106,-1.4918
1971,6,1,5,163,-3.0688
1971,6,2,1,55,-1.1033
1971,6,2,2,55,0.9733
1971,6,2,3,57,-1.6009
1971,6,2,4,51,-2.9299
1971,6,2,5,72,-2.3963
1971,6,3,1,138,0.4024
1971,6,3,2,111,1.6209
1971,6,3,3,96,-0.1503
1971,6,3,4,87,-0.0837
1971,6,3,5,44,-1.0760
1971,7,1,1,77,-8.5705
1971,7,1,2,68,-7.4810
1971,7,1,3,70,-4.5430
1971,7,1,4,97,-5.5182
1971,7,1,5,164,-5.4379
1971,7,2,1,58,-5.0921
1971,7,2,2,43,-3.1754
1971,7,2,3,56,-2.9704
1971,7,2,4,54,-4.4233
1971,7,2,5,70,-4.7535
1971,7,3,1,142,-3.0899
1971,7,3,2,116,-4.9112
1971,7,3,3,91,-4.4988
1971,7,3,4,85,-4.4783
1971,7,3,5,44,-6.6990
1971,8,1,1,45,-0.9794
1971,8,1,2,30,2.8710
1971,8,1,3,23,5.7017
1971,8,1,4,29,5.0936
1971,8,1,5,57,1.5259
1971,8,2,1,34,2.5380
1971,8,2,2,28,5.5310
1971,8,2,3,21,1.6945
1971,8,2,4,26,3.4678
1971,8,2,5,36,2.7031
1971,8,3,1,70,5.4878
1971,8,3,2,63,5.4998
1971,8,3,3,65,1.3572
1971,8,3,4,52,2.6766
1971,8,3,5,39,5.9672
1971,9,1,1,39,-0.2211
1971,9,1,2,38,3.4608
1971,9,1,3,29,-1.5220
1971,9,1,4,14,-1.2847
1971,9,1,5,59,0.0284
1971,9,2,1,36,0.4135
1971,9,2,2,23,0.8845
1971,9,2,3,23,-5.0108
1971,9,2,4,22,2.1605
1971,9,2,5,37,-2.0682
1971,9,3,1,64,0.3764
1971,9,3,2,63,-2.6798
1971,9,3,3,53,-0.7114
1971,9,3,4,62,-1.8068
1971,9,3,5,36,-2.2613
1971,10,1,1,44,-7.3135
1971,10,1,2,31,-10.9967
1971,10,1,3,19,-1.3930
1971,10,1,4,21,-7.2595
1971,10,1,5,56,-6.3540
1971,10,2,1,37,-8.4723
1971,10,2,2,28,-9.1518
1971,10,2,3,26,-6.9543
1971,10,2,4,24,-2.3039
1971,10,2,5,36,-5.0763
1971,10,3,1,63,-5.0508
1971,10,3,2,62,-5.4497
1971,10,3,3,52,-3.9739
1971,10,3,4,60,-2.6754
1971,10,3,5,36,-2.4188
1971,11,1,1,51,-4.1622
1971,11,1,2,22,-3.1876
1971,11,1,3,24,-4.4732
1971,11,1,4,35,-6.1756
1971,11,1,5,85,-4.1244
1971,11,2,1,41,0.3562
1971,11,2,2,26,-1.8234
1971,11,2,3,27,-1.6171
1971,11,2,4,33,-1.3693
1971,11,2,5,40,-2.0991
1971,11,3,1,77,-0.8109
1971,11,3,2,70,-0.0693
1971,11,3,3,57,-0.4381
1971,11,3,4,54,-0.3784
1971,11,3,5,39,-1.4940
1971,12,1,1,41,11.6160
1971,12,1,2,22,19.1000
1971,12,1,3,25,12.2932
1971,12,1,4,39,10.9868
1971,12,1,5,81,15.4543
1971,12,2,1,33,14.1357
1971,12,2,2,25,8.7766
1971,12,2,3,27,12.0254
1971,12,2,4,35,10.0054
1971,12,2,5,41,13.6277
1971,12,3,1,78,10.0496
1971,12,3,2,71,6.7359
1971,12,3,3,61,8.8799
1971,12,3,4,54,8.8028
1971,12,3,5,37,10.8168
1972,1,1,1,44,11.8616
1972,1,1,2,24,14.1651
1972,1,1,3,20,9.5283
1972,1,1,4,37,7.3658
1972,1,1,5,86,16.0427
1972,1,2,1,36,12.4873
1972,1,2,2,29,3.9432
1972,1,2,3,23,3.7529
1972,1,2,4,34,4.4549
1972,1,2,5,42,6.5377
1972,1,3,1,81,1.3983
1972,1,3,2,66,1.0901
1972,1,3,3,67,1.2087
1972,1,3,4,51,2.9587
1972,1,3,5,39,1.9095
1972,2,1,1,42,3.9303
1972,2,1,2,30,5.6481
1972,2,1,3,24,0.5281
1972,2,1,4,23,6.9308
1972,2,1,5,70,2.2277
1972,2,2,1,31,1.9872
1972,2,2,2,32,3.8303
1972,2,2,3,24,1.5167
1972,2,2,4,26,3.0024
1972,2,2,5,38,1.2289
1972,2,3,1,71,3.4901
1972,2,3,2,63,2.8727
1972,2,3,3,67,0.6617
1972,2,3,4,57,0.1905
1972,2,3,5,34,1.1842
1972,3,1,1,51,0.4828
1972,3,1,2,33,1.4443
1972,3,1,3,17,0.9427
1972,3,1,4,26,-1.7579
1972,3,1,5,72,-1.3312
1972,3,2,1,33,1.4019
1972,3,2,2,33,0.1338
1972,3,2,3,28,-2.0029
1972,3,2,4,25,-1.6866
1972,3,2,5,35,-0.7997
1972,3,3,1,72,2.0372
1972,3,3,2,63,1.5733
1972,3,3,3,66,-2.9507
1972,3,3,4,57,-1.7981
1972,3,3,5,41,-0.3395
1972,4,1,1,48,-1.3524
1972,4,1,2,31,0.1658
1972,4,1,3,22,-1.8821
1972,4,1,4,23,-1.3710
1972,4,1,5,85,-2.7989
1972,4,2,1,32,-1.4469
1972,4,2,2,34,1.4912
1972,4,2,3,28,2.2052
1972,4,2,4,28,-1.2218
1972,4,2,5,31,0.5237
1972,4,3,1,73,-0.7352
1972,4,3,2,62,1.1861
1972,4,3,3,65,-0.3414
1972,4,3,4,54,-0.7898
1972,4,3,5,40,-0.1745
1972,5,1,1,97,0.0271
1972,5,1,2,58,-2.2027
1972,5,1,3,63,-2.7514
1972,5,1,4,128,-1.3552
1972,5,1,5,162,-3.0130
1972,5,2,1,62,1.1018
1972,5,2,2,54,-4.0701
1972,5,2,3,57,-1.5889
1972,5,2,4,57,-2.6808
1972,5,2,5,64,-3.8206
1972,5,3,1,144,3.5032
1972,5,3,2,123,1.4684
1972,5,3,3,97,3.7811
1972,5,3,4,78,-0.6416
1972,5,3,5,53,-1.4286
1972,6,1,1,81,-5.1201
1972,6,1,2,67,-4.7212
1972,6,1,3,63,-2.3076
1972,6,1,4,134,-4.4794
1972,6,1,5,167,-3.7168
1972,6,2,1,64,-2.6769
1972,6,2,2,57,-2.9989
1972,6,2,3,55,-2.0731
1972,6,2,4,61,-4.9318
1972,6,2,5,65,-5.0054
1972,6,3,1,154,-0.1661
1972,6,3,2,121,-2.0558
1972,6,3,3,102,-2.2409
1972,6,3,4,73,-4.0481
1972,6,3,5,51,-5.4730
1972,7,1,1,76,-5.2931
1972,7,1,2,77,-4.5652
1972,7,1,3,63,-3.4815
1972,7,1,4,132,-3.4883
1972,7,1,5,164,-2.4877
1972,7,2,1,62,-3.4089
1972,7,2,2,45,-2.0891
1972,7,2,3,63,-0.4780
1972,7,2,4,59,-3.2672
1972,7,2,5,69,-4.0763
1972,7,3,1,156,1.4164
1972,7,3,2,126,-0.7580
1972,7,3,3,101,-0.3174
1972,7,3,4,75,-1.7004
1972,7,3,5,47,-2.6774
1972,8,1,1,39,-0.1116
1972,8,1,2,45,0.9801
1972,8,1,3,38,2.1542
1972,8,1,4,27,2.8251
1972,8,1,5,75,0.9955
1972,8,2,1,40,4.5911
1972,8,2,2,24,1.4185
1972,8,2,3,28,6.2331
1972,8,2,4,27,4.7575
1972,8,2,5,42,3.3429
1972,8,3,1,82,0.7199
1972,8,3,2,68,6.6547
1972,8,3,3,61,9.1493
1972,8,3,4,65,7.4357
1972,8,3,5,31,6.7860
1972,9,1,1,38,-5.1259
1972,9,1,2,40,-5.6540
1972,9,1,3,36,-4.8681
1972,9,1,4,21,-7.7483
1972,9,1,5,72,-3.6176
1972,9,2,1,41,-1.3763
1972,9,2,2,26,-1.2604
1972,9,2,3,25,-2.1012
1972,9,2,4,32,-2.2270
1972,9,2,5,44,-1.8149
1972,9,3,1,82,-2.0020
1972,9,3,2,67,-3.2225
1972,9,3,3,59,-0.0897
1972,9,3,4,60,-1.8786
1972,9,3,5,29,-1.7000
1972,10,1,1,33,-8.2322
1972,10,1,2,39,1.0459
1972,10,1,3,34,-1.5015
1972,10,1,4,26,2.4961
1972,10,1,5,73,-1.1167
1972,10,2,1,40,-1.8417
1972,10,2,2,23,-2.1248
1972,10,2,3,27,0.6404
1972,10,2,4,28,5.0064
1972,10,2,5,43,0.2970
1972,10,3,1,82,1.7258
1972,10,3,2,72,2.7049
1972,10,3,3,58,0.2411
1972,10,3,4,61,3.4730
1972,10,3,5,27,2.1564
1972,11,1,1,38,1.6138
1972,11,1,2,36,5.1958
1972,11,1,3,27,5.9562
1972,11,1,4,43,3.7206
1972,11,1,5,95,7.4489
1972,11,2,1,37,2.4606
1972,11,2,2,28,7.0328
1972,11,2,3,22,6.4104
1972,11,2,4,38,7.1688
1972,11,2,5,52,6.7678
1972,11,3,1,94,2.7957
1972,11,3,2,79,5.9716
1972,11,3,3,70,8.4119
1972,11,3,4,57,9.9464
1972,11,3,5,30,14.0874
1972,12,1,1,28,-4.3715
1972,12,1,2,39,-2.5492
1972,12,1,3,24,0.4799
1972,12,1,4,44,-0.2196
1972,12,1,5,102,-4.4514
1972,12,2,1,37,3.2024
1972,12,2,2,31,1.3867
1972,12,2,3,22,-1.5287
1972,12,2,4,38,-0.8857
1972,12,2,5,51,-1.5505
1972,12,3,1,93,1.8358
1972,12,3,2,74,0.3010
1972,12,3,3,76,-0.4937
1972,12,3,4,57,-2.6241
1972,12,3,5,29,-1.1153
1973,1,1,1,27,0.8629
1973,1,1,2,36,-5.7548
1973,1,1,3,28,-4.3041
1973,1,1,4,39,-5.0193
1973,1,1,5,108,-3.6886
1973,1,2,1,40,-5.0168
1973,1,2,2,30,-4.3292
1973,1,2,3,20,-2.1034
1973,1,2,4,43,-1.8025
1973,1,2,5,45,-7.8880
1973,1,3,1,93,-4.0266
1973,1,3,2,80,1.0905
1973,1,3,3,80,-2.7834
1973,1,3,4,52,-3.4895
1973,1,3,5,37,-5.4453
1973,2,1,1,25,-9.1699
1973,2,1,2,39,-9.6125
1973,2,1,3,21,-8.3963
1973,2,1,4,34,-7.4002
1973,2,1,5,97,-8.0758
1973,2,2,1,36,-7.5552
1973,2,2,2,23,-10.4517
1973,2,2,3,35,-7.4749
1973,2,2,4,29,-5.2850
1973,2,2,5,40,-6.9319
1973,2,3,1,86,-3.1141
1973,2,3,2,84,-6.2767
1973,2,3,3,65,-4.3163
1973,2,3,4,66,-2.7242
1973,2,3,5,31,-6.4983
1973,3,1,1,28,-2.0725
1973,3,1,2,41,-4.8682
1973,3,1,3,21,-4.2423
1973,3,1,4,40,-2.8521
1973,3,1,5,101,-1.2064
1973,3,2,1,33,-2.2204
1973,3,2,2,23,-5.1750
1973,3,2,3,31,-2.5862
1973,3,2,4,34,-1.5955
1973,3,2,5,43,-1.1435
1973,3,3,1,91,-0.7435
1973,3,3,2,84,2.7606
1973,3,3,3,73,-1.1058
1973,3,3,4,58,-0.6695
1973,3,3,5,34,1.9304
1973,4,1,1,28,-4.3594
1973,4,1,2,41,-11.4513
1973,4,1,3,28,-10.1182
1973,4,1,4,47,-7.0141
1973,4,1,5,99,-8.0346
1973,4,2,1,30,-10.9761
1973,4,2,2,25,-8.7269
1973,4,2,3,28,-3.8687
1973,4,2,4,33,-5.8201
1973,4,2,5,43,-7.5576
1973,4,3,1,92,-4.3671
1973,4,3,2,81,-0.8679
1973,4,3,3,70,-2.6431
1973,4,3,4,58,-2.1349
1973,4,3,5,33,-8.0464
1973,5,1,1,57,-10.8301
1973,5,1,2,72,-10.9770
1973,5,1,3,105,-10.3966
1973,5,1,4,179,-8.7556
1973,5,1,5,217,-9.6288
1973,5,2,1,60,-6.5038
1973,5,2,2,55,-8.9987
1973,5,2,3,75,-6.0168
1973,5,2,4,79,-8.2928
1973,5,2,5,87,-9.9604
1973,5,3,1,188,0.1436
1973,5,3,2,146,-2.3454
1973,5,3,3,107,-1.5531
1973,5,3,4,80,-5.5785
1973,5,3,5,44,-4.6381
1973,6,1,1,56,-3.7715
1973,6,1,2,57,-3.6019
1973,6,1,3,120,-4.2503
1973,6,1,4,186,-4.9364
1973,6,1,5,231,-1.4117
1973,6,2,1,54,-3.5944
1973,6,2,2,51,-3.4207
1973,6,2,3,74,-3.9660
1973,6,2,4,86,-3.3719
1973,6,2,5,86,-3.6153
1973,6,3,1,195,-0.4869
1973,6,3,2,150,-0.3999
1973,6,3,3,110,-2.1131
1973,6,3,4,78,-4.0221
1973,6,3,5,46,-4.1482
1973,7,1,1,51,13.7797
1973,7,1,2,53,6.7845
1973,7,1,3,114,14.5336
1973,7,1,4,189,15.7636
1973,7,1,5,224,13.1863
1973,7,2,1,60,14.8888
1973,7,2,2,51,10.8695
1973,7,2,3,77,11.4175
1973,7,2,4,84,9.9526
1973,7,2,5,92,12.3585
1973,7,3,1,198,3.8648
1973,7,3,2,156,2.3266
1973,7,3,3,111,6.0001
1973,7,3,4,81,6.6288
1973,7,3,5,49,8.2119
1973,8,1,1,39,-5.8515
1973,8,1,2,42,-4.2510
1973,8,1,3,32,-9.5249
1973,8,1,4,56,-5.5613
1973,8,1,5,121,-6.1545
1973,8,2,1,37,-2.4263
1973,8,2,2,39,-1.3793
1973,8,2,3,29,-5.6683
1973,8,2,4,38,-2.2080
1973,8,2,5,55,-3.4243
1973,8,3,1,111,-2.7628
1973,8,3,2,79,-3.1085
1973,8,3,3,78,-3.1321
1973,8,3,4,68,-2.2194
1973,8,3,5,38,-2.1953
1973,9,1,1,37,8.9841
1973,9,1,2,35,12.2199
1973,9,1,3,33,8.8674
1973,9,1,4,57,11.0994
1973,9,1,5,111,8.4747
1973,9,2,1,35,8.4952
1973,9,2,2,34,14.2970
1973,9,2,3,25,7.6217
1973,9,2,4,43,12.1330
1973,9,2,5,54,10.1211
1973,9,3,1,107,4.4112
1973,9,3,2,84,7.7958
1973,9,3,3,79,7.9740
1973,9,3,4,57,11.2234
1973,9,3,5,37,11.2485
1973,10,1,1,32,1.4494
1973,10,1,2,37,3.3701
1973,10,1,3,33,-3.2954
1973,10,1,4,42,1.7940
1973,10,1,5,130,-3.6362
1973,10,2,1,40,1.1746
1973,10,2,2,31,2.3119
1973,10,2,3,25,-1.1707
1973,10,2,4,46,-0.0149
1973,10,2,5,48,0.0219
1973,10,3,1,108,2.0272
1973,10,3,2,82,1.5520
1973,10,3,3,81,-3.0541
1973,10,3,4,56,-1.5093
1973,10,3,5,39,-2.9519
1973,11,1,1,36,-12.5540
1973,11,1,2,33,-18.1589
1973,11,1,3,43,-18.4708
1973,11,1,4,57,-17.8545
1973,11,1,5,152,-22.1306
1973,11,2,1,40,-16.3925
1973,11,2,2,34,-17.2340
1973,11,2,3,38,-17.2976
1973,11,2,4,49,-18.0986
1973,11,2,5,59,-19.6003
1973,11,3,1,126,-11.0721
1973,11,3,2,91,-9.3677
1973,11,3,3,84,-11.5052
1973,11,3,4,57,-15.3275
1973,11,3,5,36,-14.9931
1973,12,1,1,26,-5.9866
1973,12,1,2,24,-4.9855
1973,12,1,3,51,-2.1181
1973,12,1,4,62,-6.6062
1973,12,1,5,153,-6.7920
1973,12,2,1,35,3.0976
1973,12,2,2,32,-3.6530
1973,12,2,3,44,2.6075
1973,12,2,4,52,0.8482
1973,12,2,5,59,-2.8983
1973,12,3,1,135,0.9707
1973,12,3,2,92,6.8540
1973,12,3,3,79,7.3825
1973,12,3,4,60,1.8423
1973,12,3,5,27,-0.2115
1974,1,1,1,22,12.1445
1974,1,1,2,19,16.3233
1974,1,1,3,31,13.1312
1974,1,1,4,72,15.7096
1974,1,1,5,172,20.8661
1974,1,2,1,33,9.1269
1974,1,2,2,31,7.7641
1974,1,2,3,49,7.4955
1974,1,2,4,50,12.0245
1974,1,2,5,58,15.0381
1974,1,3,1,138,-4.6076
1974,1,3,2,98,-3.5272
1974,1,3,3,80,2.2290
1974,1,3,4,61,7.0754
1974,1,3,5,26,12.6762
1974,2,1,1,29,-3.1812
1974,2,1,2,29,-3.5866
1974,2,1,3,35,-2.4999
1974,2,1,4,46,1.5413
1974,2,1,5,137,-0.9817
1974,2,2,1,35,-1.6887
1974,2,2,2,31,-1.1920
1974,2,2,3,36,-1.9432
1974,2,2,4,42,0.1030
1974,2,2,5,58,3.5159
1974,2,3,1,115,-0.2486
1974,2,3,2,97,0.5262
1974,2,3,3,77,1.3341
1974,2,3,4,62,0.2477
1974,2,3,5,29,3.9038
1974,3,1,1,27,1.3420
1974,3,1,2,30,-1.5424
1974,3,1,3,37,3.7630
1974,3,1,4,42,0.4059
1974,3,1,5,147,1.3668
1974,3,2,1,33,-2.8695
1974,3,2,2,35,-3.5650
1974,3,2,3,34,-2.1944
1974,3,2,4,39,2.0967
1974,3,2,5,57,-0.8135
1974,3,3,1,117,-1.1666
1974,3,3,2,93,-2.7731
1974,3,3,3,82,-2.7420
1974,3,3,4,62,-0.9180
1974,3,3,5,32,-3.0985
1974,4,1,1,29,-9.4169
1974,4,1,2,34,-5.9620
1974,4,1,3,38,-4.7780
1974,4,1,4,55,-4.6685
1974,4,1,5,134,-5.7337
1974,4,2,1,32,-10.9205
1974,4,2,2,30,-9.5523
1974,4,2,3,41,-5.8758
1974,4,2,4,37,-4.4046
1974,4,2,5,53,-4.4667
1974,4,3,1,116,-4.1221
1974,4,3,2,95,-5.6480
1974,4,3,3,72,-5.0878
1974,4,3,4,68,-6.5443
1974,4,3,5,32,-4.0303
1974,5,1,1,58,-10.2473
1974,5,1,2,57,-6.1204
1974,5,1,3,95,-6.4415
1974,5,1,4,166,-6.8096
1974,5,1,5,244,-6.5891
1974,5,2,1,54,-10.1904
1974,5,2,2,57,-10.2226
1974,5,2,3,75,-7.5610
1974,5,2,4,89,-6.9657
1974,5,2,5,85,-6.1019
1974,5,3,1,200,-1.1567
1974,5,3,2,137,-4.0580
1974,5,3,3,125,-5.5432
1974,5,3,4,79,-6.6545
1974,5,3,5,49,-3.7525
1974,6,1,1,51,-4.9317
1974,6,1,2,65,-3.5226
1974,6,1,3,93,-2.2924
1974,6,1,4,168,-1.5926
1974,6,1,5,250,-1.7618
1974,6,2,1,52,-2.6002
1974,6,2,2,66,-2.1751
1974,6,2,3,67,-3.3355
1974,6,2,4,97,-1.5354
1974,6,2,5,86,-0.4643
1974,6,3,1,201,-1.2169
1974,6,3,2,139,-1.0036
1974,6,3,3,128,-2.1191
1974,6,3,4,85,-2.5623
1974,6,3,5,45,-1.6011
1974,7,1,1,53,-0.2656
1974,7,1,2,67,-3.7366
1974,7,1,3,90,-4.2849
1974,7,1,4,168,-4.3971
1974,7,1,5,246,-3.7712
1974,7,2,1,51,-6.5503
1974,7,2,2,67,-3.5628
1974,7,2,3,66,-3.9624
1974,7,2,4,91,-3.4827
1974,7,2,5,92,-1.7343
1974,7,3,1,201,-11.6305
1974,7,3,2,134,-4.2312
1974,7,3,3,132,-1.5111
1974,7,3,4,86,-3.2043
1974,7,3,5,44,-5.2719
1974,8,1,1,38,-8.1297
1974,8,1,2,31,-6.6251
1974,8,1,3,49,-8.6433
1974,8,1,4,42,-7.5848
1974,8,1,5,128,-7.6429
1974,8,2,1,36,-10.1593
1974,8,2,2,37,-8.7976
1974,8,2,3,35,-5.7235
1974,8,2,4,36,-4.1278
1974,8,2,5,54,-7.0626
1974,8,3,1,104,-10.7000
1974,8,3,2,83,-5.9845
1974,8,3,3,79,-7.7840
1974,8,3,4,69,-7.6596
1974,8,3,5,35,-8.7893
1974,9,1,1,40,-7.7553
1974,9,1,2,34,-10.6523
1974,9,1,3,41,-7.1353
1974,9,1,4,44,-5.1577
1974,9,1,5,111,-7.4568
1974,9,2,1,33,-11.2493
1974,9,2,2,29,-12.6874
1974,9,2,3,35,-5.4093
1974,9,2,4,28,-8.0609
1974,9,2,5,59,-8.3507
1974,9,3,1,102,-12.3713
1974,9,3,2,79,-7.2140
1974,9,3,3,76,-5.7571
1974,9,3,4,74,-6.3546
1974,9,3,5,31,-5.3962
1974,10,1,1,33,13.4236
1974,10,1,2,35,8.6088
1974,10,1,3,40,13.2601
1974,10,1,4,47,10.3344
1974,10,1,5,113,8.1359
1974,10,2,1,34,12.0576
1974,10,2,2,26,9.7819
1974,10,2,3,36,10.7557
1974,10,2,4,27,4.7511
1974,10,2,5,55,11.5290
1974,10,3,1,102,16.3340
1974,10,3,2,83,15.0548
1974,10,3,3,74,12.4508
1974,10,3,4,72,15.1504
1974,10,3,5,34,13.4074
1974,11,1,1,26,-10.1510
1974,11,1,2,33,-8.4574
1974,11,1,3,51,-5.7036
1974,11,1,4,59,-6.2757
1974,11,1,5,145,-5.8541
1974,11,2,1,25,-2.0471
1974,11,2,2,43,-1.2800
1974,11,2,3,40,-4.2693
1974,11,2,4,43,-4.3848
1974,11,2,5,54,-5.6621
1974,11,3,1,125,-5.9811
1974,11,3,2,86,-3.9833
1974,11,3,3,78,-3.6659
1974,11,3,4,76,-4.0483
1974,11,3,5,30,-5.8111
1974,12,1,1,23,-11.9552
1974,12,1,2,32,-4.8468
1974,12,1,3,40,-8.9094
1974,12,1,4,69,-7.6672
1974,12,1,5,143,-9.0123
1974,12,2,1,28,-10.5599
1974,12,2,2,43,-3.6906
1974,12,2,3,38,-5.5833
1974,12,2,4,47,-6.5668
1974,12,2,5,59,-4.7012
1974,12,3,1,117,-3.8962
1974,12,3,2,88,0.1021
1974,12,3,3,83,-0.0492
1974,12,3,4,73,0.2396
1974,12,3,5,30,-1.1049
1975,1,1,1,25,28.8319
1975,1,1,2,21,28.1006
1975,1,1,3,40,27.6466
1975,1,1,4,68,34.9606
1975,1,1,5,158,36.6281
1975,1,2,1,25,28.1539
1975,1,2,2,41,24.5385
1975,1,2,3,47,24.2322
1975,1,2,4,48,27.5040
1975,1,2,5,54,32.4783
1975,1,3,1,122,10.4268
1975,1,3,2,92,10.8054
1975,1,3,3,87,18.5952
1975,1,3,4,65,18.9352
1975,1,3,5,30,32.2244
1975,2,1,1,31,4.7190
1975,2,1,2,25,5.3015
1975,2,1,3,33,0.7916
1975,2,1,4,62,4.4430
1975,2,1,5,123,3.2831
1975,2,2,1,35,3.8280
1975,2,2,2,38,1.6320
1975,2,2,3,42,4.7259
1975,2,2,4,41,6.5973
1975,2,2,5,49,2.3919
1975,2,3,1,102,6.7890
1975,2,3,2,91,4.1574
1975,2,3,3,74,4.7468
1975,2,3,4,66,0.2953
1975,2,3,5,41,3.0132
1975,3,1,1,33,9.7560
1975,3,1,2,30,3.7188
1975,3,1,3,29,9.8513
1975,3,1,4,64,8.4509
1975,3,1,5,130,10.5457
1975,3,2,1,30,2.9645
1975,3,2,2,48,3.7217
1975,3,2,3,38,5.7218
1975,3,2,4,39,7.3920
1975,3,2,5,43,5.3201
1975,3,3,1,110,4.4522
1975,3,3,2,87,-0.8975
1975,3,3,3,76,1.7839
1975,3,3,4,69,3.0570
1975,3,3,5,43,2.5772
1975,4,1,1,39,2.9494
1975,4,1,2,36,1.0931
1975,4,1,3,39,0.4574
1975,4,1,4,58,3.0675
1975,4,1,5,126,3.0791
1975,4,2,1,36,4.9827
1975,4,2,2,32,3.5359
1975,4,2,3,41,5.1449
1975,4,2,4,37,7.1160
1975,4,2,5,43,0.5864
1975,4,3,1,105,6.3537
1975,4,3,2,94,5.8367
1975,4,3,3,72,4.3199
1975,4,3,4,67,4.7396
1975,4,3,5,45,3.7985
1975,5,1,1,65,6.8200
1975,5,1,2,64,6.6445
1975,5,1,3,91,6.8988
1975,5,1,4,156,7.3151
1975,5,1,5,233,7.4468
1975,5,2,1,52,6.6379
1975,5,2,2,68,8.8401
1975,5,2,3,67,8.0118
1975,5,2,4,96,8.4388
1975,5,2,5,84,9.0891
1975,5,3,1,202,5.2634
1975,5,3,2,136,3.8309
1975,5,3,3,122,6.8961
1975,5,3,4,84,6.9569
1975,5,3,5,49,9.2602
1975,6,1,1,63,8.7460
1975,6,1,2,67,11.6404
1975,6,1,3,96,8.6861
1975,6,1,4,158,6.7183
1975,6,1,5,241,8.5010
1975,6,2,1,59,4.7296
1975,6,2,2,70,8.1211
1975,6,2,3,73,6.3981
1975,6,2,4,98,8.4202
1975,6,2,5,81,6.5775
1975,6,3,1,198,3.3595
1975,6,3,2,147,4.9735
1975,6,3,3,124,8.1175
1975,6,3,4,84,6.5895
1975,6,3,5,49,8.2834
1975,7,1,1,72,-2.3800
1975,7,1,2,68,-2.5104
1975,7,1,3,92,0.0698
1975,7,1,4,161,-1.6534
1975,7,1,5,234,0.1404
1975,7,2,1,53,-4.1191
1975,7,2,2,76,-4.1791
1975,7,2,3,77,-2.3075
1975,7,2,4,90,-3.1504
1975,7,2,5,86,-3.0087
1975,7,3,1,198,-8.5223
1975,7,3,2,140,-4.6111
1975,7,3,3,124,-5.3590
1975,7,3,4,89,-3.9148
1975,7,3,5,46,-6.0925
1975,8,1,1,67,-5.9463
1975,8,1,2,65,-6.7798
1975,8,1,3,63,-6.9257
1975,8,1,4,58,-3.7174
1975,8,1,5,153,-6.2319
1975,8,2,1,43,-8.0375
1975,8,2,2,51,-2.5363
1975,8,2,3,44,-2.4952
1975,8,2,4,53,-3.1847
1975,8,2,5,64,-3.1248
1975,8,3,1,115,-0.9270
1975,8,3,2,97,-0.3568
1975,8,3,3,92,-2.0654
1975,8,3,4,81,0.0420
1975,8,3,5,49,-0.1524
1975,9,1,1,70,-6.0881
1975,9,1,2,60,-5.4844
1975,9,1,3,66,-3.2815
1975,9,1,4,67,-2.2719
1975,9,1,5,152,-3.2845
1975,9,2,1,42,-4.5424
1975,9,2,2,51,-3.0485
1975,9,2,3,42,-3.9730
1975,9,2,4,53,-3.3201
1975,9,2,5,68,-2.1187
1975,9,3,1,117,-6.2450
1975,9,3,2,94,-2.1877
1975,9,3,3,93,-1.3278
1975,9,3,4,82,-2.2774
1975,9,3,5,45,-1.6528
1975,10,1,1,66,0.7111
1975,10,1,2,52,1.3274
1975,10,1,3,67,1.9260
1975,10,1,4,71,2.5129
1975,10,1,5,161,0.7644
1975,10,2,1,41,1.4694
1975,10,2,2,54,4.6840
1975,10,2,3,45,4.1382
1975,10,2,4,54,4.0881
1975,10,2,5,69,1.0708
1975,10,3,1,120,5.3868
1975,10,3,2,98,4.9973
1975,10,3,3,91,5.1666
1975,10,3,4,82,3.6917
1975,10,3,5,46,4.0467
1975,11,1,1,57,0.3000
1975,11,1,2,52,1.8245
1975,11,1,3,78,2.7590
1975,11,1,4,95,2.3940
1975,11,1,5,218,4.3975
1975,11,2,1,39,0.6350
1975,11,2,2,53,4.4437
1975,11,2,3,53,3.8931
1975,11,2,4,67,3.7891
1975,11,2,5,68,3.2711
1975,11,3,1,133,3.1888
1975,11,3,2,115,0.8477
1975,11,3,3,107,2.9813
1975,11,3,4,80,2.1936
1975,11,3,5,41,4.9054
1975,12,1,1,53,-1.6186
1975,12,1,2,59,-3.4893
1975,12,1,3,74,-2.4341
1975,12,1,4,96,0.0261
1975,12,1,5,235,-0.8074
1975,12,2,1,42,0.2536
1975,12,2,2,54,-0.0687
1975,12,2,3,51,-2.5240
1975,12,2,4,69,-1.1776
1975,12,2,5,67,0.0843
1975,12,3,1,136,-2.8437
1975,12,3,2,112,0.9732
1975,12,3,3,111,0.5629
1975,12,3,4,75,1.0683
1975,12,3,5,42,0.5951
1976,1,1,1,49,18.2827
1976,1,1,2,58,20.2047
1976,1,1,3,68,19.6292
1976,1,1,4,108,21.5403
1976,1,1,5,237,26.6527
1976,1,2,1,42,18.1762
1976,1,2,2,54,21.5470
1976,1,2,3,47,17.4719
1976,1,2,4,70,19.9248
1976,1,2,5,75,20.3119
1976,1,3,1,137,12.0105
1976,1,3,2,115,10.2850
1976,1,3,3,118,12.3165
1976,1,3,4,74,12.7833
1976,1,3,5,42,16.4835
1976,2,1,1,46,11.0165
1976,2,1,2,70,9.8217
1976,2,1,3,68,10.8594
1976,2,1,4,102,13.3511
1976,2,1,5,187,12.8927
1976,2,2,1,44,4.5076
1976,2,2,2,49,4.9648
1976,2,2,3,52,8.3139
1976,2,2,4,61,8.3043
1976,2,2,5,77,9.6657
1976,2,3,1,132,-0.3621
1976,2,3,2,112,0.3887
1976,2,3,3,94,0.5519
1976,2,3,4,89,-0.4331
1976,2,3,5,47,3.2663
1976,3,1,1,57,-0.0807
1976,3,1,2,87,1.3564
1976,3,1,3,86,2.8564
1976,3,1,4,85,0.5427
1976,3,1,5,199,0.3590
1976,3,2,1,40,0.8409
1976,3,2,2,50,1.9470
1976,3,2,3,55,0.8523
1976,3,2,4,61,1.0107
1976,3,2,5,67,2.0252
1976,3,3,1,136,2.6723
1976,3,3,2,102,1.4491
1976,3,3,3,93,2.5132
1976,3,3,4,83,4.7327
1976,3,3,5,61,3.4046
1976,4,1,1,52,-1.4859
1976,4,1,2,98,-3.3409
1976,4,1,3,86,-0.5905
1976,4,1,4,105,-2.2606
1976,4,1,5,179,-2.0177
1976,4,2,1,42,-2.4363
1976,4,2,2,53,-0.4778
1976,4,2,3,49,1.7723
1976,4,2,4,63,-0.5365
1976,4,2,5,68,-0.7195
1976,4,3,1,132,-3.0855
1976,4,3,2,102,0.4404
1976,4,3,3,97,0.7708
1976,4,3,4,79,1.2140
1976,4,3,5,54,1.0144
1976,5,1,1,82,-2.0867
1976,5,1,2,90,-1.4473
1976,5,1,3,134,-2.6215
1976,5,1,4,159,-2.2527
1976,5,1,5,276,-2.4603
1976,5,2,1,62,-1.3411
1976,5,2,2,65,-1.6228
1976,5,2,3,76,-0.8949
1976,5,2,4,106,0.2595
1976,5,2,5,85,-0.1909
1976,5,3,1,174,-2.9095
1976,5,3,2,151,0.4228
1976,5,3,3,142,0.4650
1976,5,3,4,90,-0.2544
1976,5,3,5,60,3.9283
1976,6,1,1,86,3.0072
1976,6,1,2,83,2.5445
1976,6,1,3,124,1.9080
1976,6,1,4,177,2.3783
1976,6,1,5,276,4.0858
1976,6,2,1,65,3.0348
1976,6,2,2,69,3.5364
1976,6,2,3,80,3.7464
1976,6,2,4,102,5.0101
1976,6,2,5,79,5.3177
1976,6,3,1,177,2.4984
1976,6,3,2,154,4.7994
1976,6,3,3,137,4.7507
1976,6,3,4,92,6.1851
1976,6,3,5,59,7.5573
1976,7,1,1,87,-1.0969
1976,7,1,2,71,-1.6121
1976,7,1,3,128,1.0636
1976,7,1,4,181,0.6762
1976,7,1,5,275,0.6526
1976,7,2,1,62,-2.4715
1976,7,2,2,66,0.3855
1976,7,2,3,81,0.1887
1976,7,2,4,103,1.3992
1976,7,2,5,89,1.2633
1976,7,3,1,177,-1.6712
1976,7,3,2,155,-1.7061
1976,7,3,3,136,0.0142
1976,7,3,4,90,0.0869
1976,7,3,5,55,-0.3908
1976,8,1,1,87,-2.2381
1976,8,1,2,100,-3.6111
1976,8,1,3,104,-1.9185
1976,8,1,4,115,-1.5928
1976,8,1,5,220,-1.6530
1976,8,2,1,55,-4.9150
1976,8,2,2,83,-2.6465
1976,8,2,3,56,-2.1490
1976,8,2,4,72,-1.9090
1976,8,2,5,73,-2.1411
1976,8,3,1,141,-0.8119
1976,8,3,2,107,-0.3112
1976,8,3,3,108,1.6496
1976,8,3,4,85,1.4355
1976,8,3,5,56,-0.5312
1976,9,1,1,65,3.3432
1976,9,1,2,77,2.6846
1976,9,1,3,97,0.9855
1976,9,1,4,97,2.9551
1976,9,1,5,201,2.5993
1976,9,2,1,54,3.0696
1976,9,2,2,79,2.7670
1976,9,2,3,51,0.8801
1976,9,2,4,64,3.4384
1976,9,2,5,73,2.9894
1976,9,3,1,134,0.3059
1976,9,3,2,109,2.7153
1976,9,3,3,105,4.2229
1976,9,3,4,90,4.4618
1976,9,3,5,55,4.5398
1976,10,1,1,89,-5.5063
1976,10,1,2,89,-3.4897
1976,10,1,3,92,-0.9016
1976,10,1,4,137,-2.2502
1976,10,1,5,235,-2.5410
1976,10,2,1,60,-4.3937
1976,10,2,2,69,-3.2536
1976,10,2,3,59,-3.3977
1976,10,2,4,59,-3.2061
1976,10,2,5,82,-0.7227
1976,10,3,1,140,-2.2564
1976,10,3,2,116,-2.5190
1976,10,3,3,104,-0.8690
1976,10,3,4,94,-1.7569
1976,10,3,5,53,-1.2248
1976,11,1,1,87,5.1104
1976,11,1,2,71,1.5864
1976,11,1,3,96,3.7665
1976,11,1,4,127,1.5625
1976,11,1,5,281,2.7820
1976,11,2,1,57,5.6516
1976,11,2,2,61,4.1798
1976,11,2,3,69,6.2098
1976,11,2,4,75,5.4590
1976,11,2,5,67,3.8425
1976,11,3,1,148,0.3759
1976,11,3,2,130,0.4750
1976,11,3,3,103,1.6665
1976,11,3,4,85,1.5802
1976,11,3,5,48,0.5960
1976,12,1,1,82,6.4057
1976,12,1,2,68,8.2777
1976,12,1,3,92,10.9987
1976,12,1,4,131,10.5345
1976,12,1,5,291,11.9915
1976,12,2,1,57,6.3733
1976,12,2,2,60,9.2024
1976,12,2,3,73,8.2173
1976,12,2,4,71,9.5358
1976,12,2,5,65,9.8678
1976,12,3,1,142,3.5124
1976,12,3,2,136,5.5201
1976,12,3,3,101,5.6627
1976,12,3,4,86,8.7159
1976,12,3,5,53,10.0893
1977,1,1,1,87,2.1288
1977,1,1,2,72,3.0098
1977,1,1,3,90,5.1620
1977,1,1,4,132,3.3398
1977,1,1,5,281,6.0149
1977,1,2,1,60,1.2002
1977,1,2,2,59,4.3709
1977,1,2,3,70,0.3389
1977,1,2,4,74,1.8658
1977,1,2,5,61,2.1318
1977,1,3,1,146,-9.1413
1977,1,3,2,129,-2.7341
1977,1,3,3,99,-1.0071
1977,1,3,4,90,-1.5251
1977,1,3,5,53,0.2076
1977,2,1,1,106,-2.6917
1977,2,1,2,91,0.9934
1977,2,1,3,108,-1.1278
1977,2,1,4,112,-0.9406
1977,2,1,5,233,-1.0652
1977,2,2,1,70,-2.6726
1977,2,2,2,56,-0.9677
1977,2,2,3,58,-0.6922
1977,2,2,4,63,-1.5976
1977,2,2,5,69,-0.5117
1977,2,3,1,131,-1.8168
1977,2,3,2,124,-2.6634
1977,2,3,3,104,-0.5925
1977,2,3,4,91,-2.5348
1977,2,3,5,55,-2.2394
1977,3,1,1,115,0.0204
1977,3,1,2,87,-0.1203
1977,3,1,3,120,2.1892
1977,3,1,4,106,1.0015
1977,3,1,5,239,1.4469
1977,3,2,1,70,-1.0996
1977,3,2,2,57,2.5968
1977,3,2,3,67,1.8192
1977,3,2,4,57,0.9226
1977,3,2,5,70,-0.7380
1977,3,3,1,133,-2.4416
1977,3,3,2,122,-1.5368
1977,3,3,3,98,-1.0810
1977,3,3,4,98,-1.4934
1977,3,3,5,50,-0.2396
1977,4,1,1,110,-1.7497
1977,4,1,2,92,2.4880
1977,4,1,3,105,3.3451
1977,4,1,4,118,1.4942
1977,4,1,5,239,0.8719
1977,4,2,1,70,0.4762
1977,4,2,2,55,0.5082
1977,4,2,3,69,3.4075
1977,4,2,4,52,2.1923
1977,4,2,5,71,1.9817
1977,4,3,1,138,-2.5701
1977,4,3,2,117,1.5516
1977,4,3,3,102,1.8519
1977,4,3,4,98,2.0706
1977,4,3,5,54,2.7710
1977,5,1,1,117,-2.0388
1977,5,1,2,88,0.0668
1977,5,1,3,98,1.5412
1977,5,1,4,144,0.1968
1977,5,1,5,232,0.4948
1977,5,2,1,72,-0.1960
1977,5,2,2,61,-0.6791
1977,5,2,3,69,-0.6744
1977,5,2,4,55,0.6405
1977,5,2,5,75,3.0845
1977,5,3,1,139,-3.8469
1977,5,3,2,128,-1.7997
1977,5,3,3,110,0.9664
1977,5,3,4,87,-0.3325
1977,5,3,5,59,-0.5537
1977,6,1,1,132,6.5505
1977,6,1,2,79,8.3334
1977,6,1,3,93,9.2754
1977,6,1,4,135,7.9968
1977,6,1,5,241,8.8767
1977,6,2,1,72,6.1178
1977,6,2,2,58,6.8499
1977,6,2,3,67,8.1183
1977,6,2,4,63,5.4976
1977,6,2,5,71,9.4438
1977,6,3,1,135,5.9412
1977,6,3,2,129,3.3707
1977,6,3,3,111,2.7009
1977,6,3,4,87,5.1365
1977,6,3,5,59,5.8527
1977,7,1,1,132,-0.3651
1977,7,1,2,84,-0.4419
1977,7,1,3,88,0.2866
1977,7,1,4,140,-0.2134
1977,7,1,5,226,0.9964
1977,7,2,1,69,-2.4662
1977,7,2,2,67,-0.4962
1977,7,2,3,61,-2.2922
1977,7,2,4,71,0.2379
1977,7,2,5,69,0.5143
1977,7,3,1,134,-3.1094
1977,7,3,2,124,-2.4345
1977,7,3,3,119,-1.5116
1977,7,3,4,83,-0.7798
1977,7,3,5,61,-1.2722
1977,8,1,1,131,-1.1181
1977,8,1,2,93,-0.4541
1977,8,1,3,107,-1.2652
1977,8,1,4,118,-2.8145
1977,8,1,5,207,-1.1684
1977,8,2,1,69,0.5287
1977,8,2,2,79,-1.5743
1977,8,2,3,62,-1.4716
1977,8,2,4,58,-0.9070
1977,8,2,5,63,-2.2644
1977,8,3,1,120,0.5732
1977,8,3,2,118,-1.9360
1977,8,3,3,103,-3.5802
1977,8,3,4,99,-3.9504
1977,8,3,5,75,-2.0851
1977,9,1,1,123,1.1406
1977,9,1,2,99,1.9392
1977,9,1,3,103,1.6068
1977,9,1,4,124,1.8608
1977,9,1,5,198,0.5391
1977,9,2,1,69,0.7664
1977,9,2,2,82,2.0974
1977,9,2,3,52,0.6336
1977,9,2,4,63,1.4539
1977,9,2,5,66,1.9883
1977,9,3,1,126,-0.8519
1977,9,3,2,118,-0.5668
1977,9,3,3,107,1.7521
1977,9,3,4,95,1.1410
1977,9,3,5,69,2.2033
1977,10,1,1,116,-3.6873
1977,10,1,2,103,-2.3995
1977,10,1,3,101,-2.6272
1977,10,1,4,114,-1.2664
1977,10,1,5,203,-1.7465
1977,10,2,1,73,-1.9507
1977,10,2,2,84,-4.9896
1977,10,2,3,52,-5.0607
1977,10,2,4,61,-2.3528
1977,10,2,5,65,-2.8918
1977,10,3,1,130,-5.6828
1977,10,3,2,112,-4.1008
1977,10,3,3,110,-4.1571
1977,10,3,4,92,-3.0558
1977,10,3,5,68,-3.7517
1977,11,1,1,109,8.6321
1977,11,1,2,90,6.9074
1977,11,1,3,100,9.1325
1977,11,1,4,115,9.8236
1977,11,1,5,237,11.3090
1977,11,2,1,83,5.1810
1977,11,2,2,64,8.4095
1977,11,2,3,68,10.1704
1977,11,2,4,56,9.7105
1977,11,2,5,65,11.9199
1977,11,3,1,125,4.8271
1977,11,3,2,131,3.5133
1977,11,3,3,106,3.6237
1977,11,3,4,94,3.0091
1977,11,3,5,55,3.9033
1977,12,1,1,107,3.4467
1977,12,1,2,84,2.9701
1977,12,1,3,102,0.8493
1977,12,1,4,132,2.7969
1977,12,1,5,231,0.5123
1977,12,2,1,95,1.4061
1977,12,2,2,65,2.1101
1977,12,2,3,62,-0.0027
1977,12,2,4,48,1.4346
1977,12,2,5,66,1.7071
1977,12,3,1,117,-0.7619
1977,12,3,2,119,0.6570
1977,12,3,3,112,0.6147
1977,12,3,4,97,1.1283
1977,12,3,5,65,1.2958
1978,1,1,1,110,-1.0658
1978,1,1,2,84,-0.0573
1978,1,1,3,105,-0.3045
1978,1,1,4,105,-1.8208
1978,1,1,5,245,-0.3821
1978,1,2,1,98,-4.6933
1978,1,2,2,58,-4.8841
1978,1,2,3,77,-4.8948
1978,1,2,4,47,-4.5678
1978,1,2,5,63,-1.0355
1978,1,3,1,122,-7.9183
1978,1,3,2,125,-5.9943
1978,1,3,3,99,-6.2731
1978,1,3,4,104,-6.0134
1978,1,3,5,61,-5.8767
1978,2,1,1,117,1.6900
1978,2,1,2,96,2.8427
1978,2,1,3,96,2.8527
1978,2,1,4,111,5.0560
1978,2,1,5,213,3.4512
1978,2,2,1,92,1.0250
1978,2,2,2,69,0.8680
1978,2,2,3,71,2.5709
1978,2,2,4,40,1.4529
1978,2,2,5,56,5.1362
1978,2,3,1,117,-3.0052
1978,2,3,2,113,-2.0460
1978,2,3,3,95,1.3316
1978,2,3,4,104,-1.9087
1978,2,3,5,69,-0.5112
1978,3,1,1,125,4.3351
1978,3,1,2,94,7.9278
1978,3,1,3,104,7.5976
1978,3,1,4,115,6.0639
1978,3,1,5,196,13.0834
1978,3,2,1,92,6.6554
1978,3,2,2,62,4.4973
1978,3,2,3,67,4.2659
1978,3,2,4,41,4.8457
1978,3,2,5,56,11.1551
1978,3,3,1,115,0.8622
1978,3,3,2,120,3.2787
1978,3,3,3,92,3.0286
1978,3,3,4,105,4.0321
1978,3,3,5,68,4.5153
1978,4,1,1,123,6.8228
1978,4,1,2,108,8.3137
1978,4,1,3,104,9.4517
1978,4,1,4,102,8.7726
1978,4,1,5,198,7.6298
1978,4,2,1,88,5.7211
1978,4,2,2,62,7.9345
1978,4,2,3,58,7.8017
1978,4,2,4,54,7.9040
1978,4,2,5,57,7.1407
1978,4,3,1,116,9.3531
1978,4,3,2,112,10.5413
1978,4,3,3,103,5.3069
1978,4,3,4,90,6.1109
1978,4,3,5,76,6.6153
1978,5,1,1,125,6.9281
1978,5,1,2,108,7.9900
1978,5,1,3,102,7.5475
1978,5,1,4,106,7.0855
1978,5,1,5,198,8.5421
1978,5,2,1,92,9.0569
1978,5,2,2,62,3.0836
1978,5,2,3,57,5.6291
1978,5,2,4,56,4.2720
1978,5,2,5,65,4.6638
1978,5,3,1,113,2.1096
1978,5,3,2,112,2.7202
1978,5,3,3,105,0.4664
1978,5,3,4,100,0.9993
1978,5,3,5,71,0.0903
1978,6,1,1,136,-1.7661
1978,6,1,2,101,-0.4241
1978,6,1,3,113,1.4108
1978,6,1,4,98,0.4912
1978,6,1,5,188,-0.3731
1978,6,2,1,89,2.7799
1978,6,2,2,62,0.0670
1978,6,2,3,55,-2.1912
1978,6,2,4,59,0.2031
1978,6,2,5,61,-1.1081
1978,6,3,1,115,-0.8699
1978,6,3,2,110,-1.5251
1978,6,3,3,106,-1.5838
1978,6,3,4,104,-2.6999
1978,6,3,5,69,-2.0393
1978,7,1,1,134,6.1521
1978,7,1,2,106,6.2866
1978,7,1,3,101,6.2803
1978,7,1,4,97,4.3986
1978,7,1,5,182,5.6177
1978,7,2,1,93,6.9620
1978,7,2,2,61,6.2076
1978,7,2,3,55,4.8026
1978,7,2,4,60,5.7168
1978,7,2,5,65,7.4821
1978,7,3,1,114,6.9449
1978,7,3,2,116,6.7673
1978,7,3,3,102,4.3081
1978,7,3,4,102,3.5969
1978,7,3,5,68,5.6721
1978,8,1,1,131,8.3295
1978,8,1,2,128,8.9461
1978,8,1,3,110,9.6149
1978,8,1,4,89,12.9605
1978,8,1,5,156,7.3637
1978,8,2,1,95,9.1129
1978,8,2,2,65,8.7033
1978,8,2,3,63,10.3521
1978,8,2,4,45,8.6568
1978,8,2,5,69,6.3955
1978,8,3,1,105,3.3633
1978,8,3,2,112,4.6685
1978,8,3,3,95,3.8951
1978,8,3,4,117,2.9460
1978,8,3,5,70,2.8291
1978,9,1,1,136,-1.3528
1978,9,1,2,131,-0.5685
1978,9,1,3,129,-1.5587
1978,9,1,4,85,-0.5091
1978,9,1,5,124,1.7915
1978,9,2,1,94,-3.2737
1978,9,2,2,67,-1.3327
1978,9,2,3,65,-1.8550
1978,9,2,4,46,-0.4633
1978,9,2,5,67,-1.0722
1978,9,3,1,101,-2.7726
1978,9,3,2,103,-2.3982
1978,9,3,3,98,2.3723
1978,9,3,4,115,1.1874
1978,9,3,5,78,1.8238
1978,10,1,1,134,-25.5686
1978,10,1,2,130,-24.0952
1978,10,1,3,121,-24.3650
1978,10,1,4,94,-21.0803
1978,10,1,5,129,-17.1481
1978,10,2,1,95,-22.6770
1978,10,2,2,69,-21.4039
1978,10,2,3,64,-19.3484
1978,10,2,4,45,-19.6375
1978,10,2,5,67,-14.5176
1978,10,3,1,104,-11.4935
1978,10,3,2,102,-10.8336
1978,10,3,3,101,-10.2969
1978,10,3,4,111,-7.0968
1978,10,3,5,78,-10.7027
1978,11,1,1,127,6.5921
1978,11,1,2,90,8.2012
1978,11,1,3,100,7.6501
1978,11,1,4,118,8.6634
1978,11,1,5,178,9.1154
1978,11,2,1,82,9.5870
1978,11,2,2,74,6.9650
1978,11,2,3,54,6.3844
1978,11,2,4,63,5.1363
1978,11,2,5,68,5.5895
1978,11,3,1,129,3.0481
1978,11,3,2,110,3.1926
1978,11,3,3,108,3.3880
1978,11,3,4,97,4.0849
1978,11,3,5,67,3.0413
1978,12,1,1,126,0.4042
1978,12,1,2,99,2.6348
1978,12,1,3,84,-0.3983
1978,12,1,4,140,2.0847
1978,12,1,5,166,0.4327
1978,12,2,1,94,3.5157
1978,12,2,2,69,2.1508
1978,12,2,3,55,2.1855
1978,12,2,4,61,0.9116
1978,12,2,5,70,0.7774
1978,12,3,1,118,0.9592
1978,12,3,2,112,1.2989
1978,12,3,3,119,0.4147
1978,12,3,4,91,0.9053
1978,12,3,5,67,-0.5502
1979,1,1,1,121,11.4424
1979,1,1,2,106,9.1394
1979,1,1,3,88,8.7394
1979,1,1,4,123,11.8295
1979,1,1,5,177,11.6200
1979,1,2,1,90,7.0236
1979,1,2,2,70,7.4545
1979,1,2,3,60,8.8282
1979,1,2,4,57,10.1666
1979,1,2,5,68,11.7720
1979,1,3,1,122,2.9400
1979,1,3,2,116,5.0940
1979,1,3,3,114,5.0041
1979,1,3,4,91,6.4370
1979,1,3,5,67,5.4983
1979,2,1,1,124,-3.0096
1979,2,1,2,94,-4.9731
1979,2,1,3,114,0.0288
1979,2,1,4,100,-1.8511
1979,2,1,5,174,-1.7065
1979,2,2,1,97,-1.4942
1979,2,2,2,64,-3.7924
1979,2,2,3,58,-3.2588
1979,2,2,4,48,-2.2047
1979,2,2,5,66,-4.1528
1979,2,3,1,109,-4.2437
1979,2,3,2,121,-2.2837
1979,2,3,3,100,-1.2434
1979,2,3,4,100,-1.5753
1979,2,3,5,66,-2.7921
1979,3,1,1,117,7.8120
1979,3,1,2,109,11.4045
1979,3,1,3,104,7.8537
1979,3,1,4,98,10.5694
1979,3,1,5,173,9.3434
1979,3,2,1,98,9.6912
1979,3,2,2,64,11.2807
1979,3,2,3,63,8.5175
1979,3,2,4,42,9.0384
1979,3,2,5,64,14.7306
1979,3,3,1,117,6.6718
1979,3,3,2,116,6.0152
1979,3,3,3,98,4.9167
1979,3,3,4,98,5.9837
1979,3,3,5,64,8.7280
1979,4,1,1,125,1.6609
1979,4,1,2,98,0.4047
1979,4,1,3,114,1.2939
1979,4,1,4,91,4.1502
1979,4,1,5,176,2.7490
1979,4,2,1,94,1.8597
1979,4,2,2,74,4.2310
1979,4,2,3,58,3.0773
1979,4,2,4,51,1.1777
1979,4,2,5,58,4.4312
1979,4,3,1,111,0.5599
1979,4,3,2,122,0.2019
1979,4,3,3,95,0.8410
1979,4,3,4,95,-0.3007
1979,4,3,5,66,0.0898
1979,5,1,1,125,-2.1072
1979,5,1,2,108,-0.9567
1979,5,1,3,91,-0.0485
1979,5,1,4,118,-1.0702
1979,5,1,5,157,-0.7542
1979,5,2,1,96,-2.0115
1979,5,2,2,75,-2.1539
1979,5,2,3,49,-1.3975
1979,5,2,4,68,-0.0429
1979,5,2,5,59,-0.5686
1979,5,3,1,111,-0.0618
1979,5,3,2,118,-2.8018
1979,5,3,3,115,-2.5367
1979,5,3,4,90,-0.3772
1979,5,3,5,70,-0.6834
1979,6,1,1,139,7.7964
1979,6,1,2,113,4.1754
1979,6,1,3,76,6.5571
1979,6,1,4,109,4.3764
1979,6,1,5,166,3.1907
1979,6,2,1,93,6.8495
1979,6,2,2,80,3.4771
1979,6,2,3,47,3.2408
1979,6,2,4,65,6.5894
1979,6,2,5,60,5.0803
1979,6,3,1,109,3.2080
1979,6,3,2,116,4.5345
1979,6,3,3,122,5.7172
1979,6,3,4,91,3.5856
1979,6,3,5,70,4.3487
1979,7,1,1,140,0.9973
1979,7,1,2,111,3.8530
1979,7,1,3,86,2.5331
1979,7,1,4,103,3.7718
1979,7,1,5,159,2.1991
1979,7,2,1,94,1.7684
1979,7,2,2,73,4.0656
1979,7,2,3,48,2.0729
1979,7,2,4,67,4.4598
1979,7,2,5,57,5.8435
1979,7,3,1,111,0.8515
1979,7,3,2,121,1.4184
1979,7,3,3,113,1.4286
1979,7,3,4,92,1.6452
1979,7,3,5,72,1.9593
1979,8,1,1,136,8.2460
1979,8,1,2,129,6.8108
1979,8,1,3,86,8.5981
1979,8,1,4,98,8.7508
1979,8,1,5,144,8.4413
1979,8,2,1,90,8.2844
1979,8,2,2,68,11.0668
1979,8,2,3,63,8.2340
1979,8,2,4,65,8.1908
1979,8,2,5,61,7.8577
1979,8,3,1,111,7.4604
1979,8,3,2,118,6.3240
1979,8,3,3,101,6.8351
1979,8,3,4,97,5.2107
1979,8,3,5,73,6.0361
1979,9,1,1,127,-0.1144
1979,9,1,2,136,0.6193
1979,9,1,3,107,-0.0908
1979,9,1,4,84,-1.0101
1979,9,1,5,136,-0.1089
1979,9,2,1,96,4.4353
1979,9,2,2,53,-1.0598
1979,9,2,3,68,-1.7038
1979,9,2,4,62,-1.6298
1979,9,2,5,65,-2.6877
1979,9,3,1,107,-0.3005
1979,9,3,2,122,1.0124
1979,9,3,3,97,3.3541
1979,9,3,4,95,-0.0289
1979,9,3,5,79,0.7875
1979,10,1,1,123,-12.0607
1979,10,1,2,121,-11.7371
1979,10,1,3,110,-10.5763
1979,10,1,4,96,-9.6057
1979,10,1,5,137,-10.0884
1979,10,2,1,96,-8.7212
1979,10,2,2,64,-10.5673
1979,10,2,3,65,-10.5626
1979,10,2,4,54,-10.5116
1979,10,2,5,69,-10.5651
1979,10,3,1,116,-6.5473
1979,10,3,2,114,-7.0685
1979,10,3,3,99,-3.9631
1979,10,3,4,101,-5.2708
1979,10,3,5,72,-9.9883
1979,11,1,1,134,11.3004
1979,11,1,2,118,8.4709
1979,11,1,3,94,10.0607
1979,11,1,4,104,7.5399
1979,11,1,5,149,7.9504
1979,11,2,1,94,11.1342
1979,11,2,2,65,8.1018
1979,11,2,3,55,7.8362
1979,11,2,4,55,6.3714
1979,11,2,5,82,8.0720
1979,11,3,1,127,6.0793
1979,11,3,2,122,7.1358
1979,11,3,3,106,7.2552
1979,11,3,4,95,5.4679
1979,11,3,5,61,0.2062
1979,12,1,1,127,10.9311
1979,12,1,2,104,5.9637
1979,12,1,3,93,7.6723
1979,12,1,4,117,6.5900
1979,12,1,5,152,6.4075
1979,12,2,1,96,7.6403
1979,12,2,2,65,5.8707
1979,12,2,3,59,5.6755
1979,12,2,4,65,3.2601
1979,12,2,5,75,5.9219
1979,12,3,1,125,4.9194
1979,12,3,2,112,0.6633
1979,12,3,3,109,4.2828
1979,12,3,4,93,0.1845
1979,12,3,5,70,3.1624
1980,1,1,1,129,14.1153
1980,1,1,2,103,9.3921
1980,1,1,3,87,10.3274
1980,1,1,4,102,8.9248
1980,1,1,5,157,7.5127
1980,1,2,1,103,7.0829
1980,1,2,2,68,5.6913
1980,1,2,3,58,4.9817
1980,1,2,4,63,4.0558
1980,1,2,5,73,9.4087
1980,1,3,1,120,6.2673
1980,1,3,2,107,10.0076
1980,1,3,3,112,9.5514
1980,1,3,4,99,3.9569
1980,1,3,5,69,7.7738
1980,2,1,1,133,-0.6383
1980,2,1,2,103,-2.5318
1980,2,1,3,103,-3.3246
1980,2,1,4,103,-1.6914
1980,2,1,5,134,-3.2748
1980,2,2,1,98,0.4722
1980,2,2,2,62,-2.1980
1980,2,2,3,55,-2.9473
1980,2,2,4,65,-5.0257
1980,2,2,5,60,-4.8499
1980,2,3,1,119,2.6654
1980,2,3,2,110,-0.3898
1980,2,3,3,102,2.2977
1980,2,3,4,89,5.0508
1980,2,3,5,85,1.6519
1980,3,1,1,127,-21.6978
1980,3,1,2,92,-19.3168
1980,3,1,3,113,-17.0129
1980,3,1,4,103,-14.9315
1980,3,1,5,131,-15.4378
1980,3,2,1,92,-19.5226
1980,3,2,2,68,-17.2347
1980,3,2,3,59,-14.8720
1980,3,2,4,68,-11.2280
1980,3,2,5,57,-14.2676
1980,3,3,1,137,-16.5800
1980,3,3,2,106,-14.5391
1980,3,3,3,96,-12.4122
1980,3,3,4,86,-8.8037
1980,3,3,5,78,-6.3157
1980,4,1,1,118,6.6221
1980,4,1,2,93,8.0629
1980,4,1,3,92,4.7012
1980,4,1,4,94,5.4000
1980,4,1,5,163,5.6705
1980,4,2,1,96,6.5844
1980,4,2,2,62,3.8210
1980,4,2,3,61,6.0919
1980,4,2,4,62,6.8478
1980,4,2,5,64,7.1050
1980,4,3,1,127,6.2341
1980,4,3,2,118,4.5877
1980,4,3,3,94,4.7268
1980,4,3,4,94,7.9555
1980,4,3,5,69,6.7323
1980,5,1,1,126,5.4505
1980,5,1,2,81,6.9893
1980,5,1,3,71,5.0717
1980,5,1,4,98,8.3288
1980,5,1,5,176,7.3708
1980,5,2,1,88,8.6084
1980,5,2,2,63,8.0481
1980,5,2,3,64,7.9486
1980,5,2,4,66,8.2512
1980,5,2,5,71,9.9632
1980,5,3,1,133,6.2698
1980,5,3,2,113,3.6299
1980,5,3,3,111,6.5298
1980,5,3,4,94,5.8966
1980,5,3,5,59,5.1284
1980,6,1,1,120,4.0588
1980,6,1,2,87,4.5364
1980,6,1,3,62,3.2373
1980,6,1,4,96,3.9413
1980,6,1,5,178,3.9234
1980,6,2,1,90,4.4085
1980,6,2,2,58,3.5796
1980,6,2,3,62,3.6390
1980,6,2,4,83,4.2346
1980,6,2,5,63,4.5156
1980,6,3,1,137,5.7460
1980,6,3,2,112,4.6029
1980,6,3,3,116,2.9342
1980,6,3,4,86,1.3143
1980,6,3,5,58,3.0854
1980,7,1,1,109,14.0448
1980,7,1,2,94,14.0453
1980,7,1,3,67,11.8775
1980,7,1,4,92,9.4329
1980,7,1,5,168,8.9191
1980,7,2,1,88,11.2872
1980,7,2,2,70,9.0024
1980,7,2,3,52,9.7090
1980,7,2,4,84,9.5676
1980,7,2,5,66,9.6924
1980,7,3,1,140,10.1338
1980,7,3,2,107,5.4872
1980,7,3,3,119,3.6365
1980,7,3,4,82,2.9270
1980,7,3,5,59,8.6589
1980,8,1,1,112,11.4963
1980,8,1,2,111,9.0243
1980,8,1,3,102,6.5800
1980,8,1,4,74,8.7927
1980,8,1,5,149,6.3006
1980,8,2,1,99,7.3557
1980,8,2,2,69,4.6256
1980,8,2,3,71,4.7848
1980,8,2,4,51,1.9299
1980,8,2,5,66,2.3932
1980,8,3,1,126,4.1542
1980,8,3,2,113,1.1611
1980,8,3,3,96,1.4059
1980,8,3,4,107,1.9517
1980,8,3,5,60,1.7256
1980,9,1,1,120,4.2929
1980,9,1,2,111,2.2757
1980,9,1,3,106,2.9152
1980,9,1,4,77,2.3713
1980,9,1,5,122,1.8183
1980,9,2,1,105,4.4870
1980,9,2,2,71,2.3316
1980,9,2,3,73,4.2262
1980,9,2,4,49,1.9644
1980,9,2,5,64,2.2489
1980,9,3,1,127,4.0696
1980,9,3,2,104,3.7861
1980,9,3,3,94,6.4597
1980,9,3,4,100,0.1838
1980,9,3,5,72,3.1876
1980,10,1,1,117,8.3664
1980,10,1,2,124,5.3525
1980,10,1,3,98,4.0640
1980,10,1,4,76,2.0197
1980,10,1,5,120,2.1436
1980,10,2,1,107,3.6275
1980,10,2,2,72,1.6303
1980,10,2,3,65,3.9063
1980,10,2,4,52,2.3473
1980,10,2,5,65,0.3469
1980,10,3,1,121,0.3328
1980,10,3,2,111,3.4226
1980,10,3,3,98,4.0025
1980,10,3,4,97,1.4081
1980,10,3,5,71,2.1951
1980,11,1,1,126,10.1847
1980,11,1,2,101,5.3567
1980,11,1,3,97,2.8438
1980,11,1,4,69,4.4206
1980,11,1,5,138,3.1369
1980,11,2,1,110,10.6893
1980,11,2,2,73,5.9524
1980,11,2,3,70,6.6312
1980,11,2,4,49,3.5236
1980,11,2,5,62,3.9716
1980,11,3,1,126,13.6369
1980,11,3,2,105,13.5145
1980,11,3,3,90,15.0912
1980,11,3,4,109,13.3374
1980,11,3,5,76,6.2218
1980,12,1,1,112,-2.5584
1980,12,1,2,105,-4.5284
1980,12,1,3,78,-4.5461
1980,12,1,4,95,-2.3269
1980,12,1,5,146,-2.2739
1980,12,2,1,106,-5.3447
1980,12,2,2,70,-2.5163
1980,12,2,3,65,-2.8837
1980,12,2,4,58,-0.5264
1980,12,2,5,68,-2.2939
1980,12,3,1,127,-3.9270
1980,12,3,2,110,-8.2983
1980,12,3,3,97,-6.3174
1980,12,3,4,101,-3.2314
1980,12,3,5,70,0.4070
1981,1,1,1,105,-1.4634
1981,1,1,2,86,2.8278
1981,1,1,3,101,2.4946
1981,1,1,4,91,3.9413
1981,1,1,5,146,3.8128
1981,1,2,1,110,-5.3890
1981,1,2,2,74,0.9419
1981,1,2,3,65,-0.2538
1981,1,2,4,58,2.7926
1981,1,2,5,65,2.8936
1981,1,3,1,123,-7.4678
1981,1,3,2,114,-8.5888
1981,1,3,3,94,-3.8746
1981,1,3,4,104,-4.8268
1981,1,3,5,68,2.6711
1981,2,1,1,124,-2.3986
1981,2,1,2,97,-0.7909
1981,2,1,3,77,1.2530
1981,2,1,4,100,3.3787
1981,2,1,5,138,3.9365
1981,2,2,1,96,0.8172
1981,2,2,2,67,0.9104
1981,2,2,3,57,1.0366
1981,2,2,4,63,5.7505
1981,2,2,5,60,1.5214
1981,2,3,1,111,2.7935
1981,2,3,2,118,2.8741
1981,2,3,3,99,1.7444
1981,2,3,4,99,-0.3018
1981,2,3,5,69,0.5665
1981,3,1,1,138,8.4561
1981,3,1,2,92,11.7115
1981,3,1,3,76,10.8777
1981,3,1,4,94,9.1693
1981,3,1,5,143,10.2156
1981,3,2,1,86,6.1367
1981,3,2,2,63,8.0797
1981,3,2,3,62,9.1245
1981,3,2,4,58,8.3525
1981,3,2,5,63,6.8762
1981,3,3,1,119,6.3390
1981,3,3,2,120,4.7494
1981,3,3,3,87,1.9177
1981,3,3,4,104,2.1039
1981,3,3,5,67,1.8887
1981,4,1,1,141,4.6580
1981,4,1,2,91,3.6282
1981,4,1,3,73,1.9337
1981,4,1,4,102,5.8318
1981,4,1,5,142,3.3375
1981,4,2,1,82,0.0067
1981,4,2,2,62,4.2515
1981,4,2,3,66,4.0910
1981,4,2,4,64,2.0504
1981,4,2,5,61,2.9718
1981,4,3,1,122,-1.1589
1981,4,3,2,119,-4.9095
1981,4,3,3,88,-4.4282
1981,4,3,4,99,-2.2400
1981,4,3,5,65,2.6305
1981,5,1,1,127,2.7097
1981,5,1,2,126,3.4691
1981,5,1,3,83,3.7042
1981,5,1,4,83,3.8044
1981,5,1,5,153,4.7630
1981,5,2,1,92,5.7048
1981,5,2,2,80,3.8209
1981,5,2,3,67,1.6451
1981,5,2,4,53,1.8436
1981,5,2,5,58,3.2142
1981,5,3,1,127,2.9196
1981,5,3,2,108,0.7440
1981,5,3,3,98,-2.7884
1981,5,3,4,102,-1.3833
1981,5,3,5,72,2.4268
1981,6,1,1,131,-6.8990
1981,6,1,2,124,-0.2224
1981,6,1,3,70,5.7077
1981,6,1,4,78,0.1923
1981,6,1,5,157,2.3041
1981,6,2,1,105,-5.2736
1981,6,2,2,86,-2.2626
1981,6,2,3,66,-1.3585
1981,6,2,4,62,1.1229
1981,6,2,5,52,3.5292
1981,6,3,1,130,-6.4061
1981,6,3,2,94,-2.3188
1981,6,3,3,103,3.0394
1981,6,3,4,97,2.6654
1981,6,3,5,72,1.1353
1981,7,1,1,147,-4.4939
1981,7,1,2,116,-3.4132
1981,7,1,3,68,0.4866
1981,7,1,4,90,-0.5218
1981,7,1,5,140,-1.3659
1981,7,2,1,107,-2.7882
1981,7,2,2,79,-2.7573
1981,7,2,3,57,-1.2587
1981,7,2,4,65,-1.9111
1981,7,2,5,56,-0.8697
1981,7,3,1,124,-0.8300
1981,7,3,2,102,0.9840
1981,7,3,3,106,3.3817
1981,7,3,4,92,1.4675
1981,7,3,5,70,1.1349
1981,8,1,1,276,-11.1669
1981,8,1,2,156,-7.9257
1981,8,1,3,123,-7.1382
1981,8,1,4,116,-5.7526
1981,8,1,5,138,-3.5501
1981,8,2,1,124,-9.0296
1981,8,2,2,99,-7.8466
1981,8,2,3,66,-6.1418
1981,8,2,4,55,-7.0332
1981,8,2,5,69,-2.9832
1981,8,3,1,135,-7.4523
1981,8,3,2,97,-6.2815
1981,8,3,3,103,-6.6331
1981,8,3,4,98,-3.4874
1981,8,3,5,70,-4.4854
1981,9,1,1,267,-11.6866
1981,9,1,2,150,-7.9665
1981,9,1,3,144,-7.2183
1981,9,1,4,129,-7.3022
1981,9,1,5,140,-6.7704
1981,9,2,1,133,-9.2519
1981,9,2,2,92,-9.7504
1981,9,2,3,67,-7.6222
1981,9,2,4,46,-5.3426
1981,9,2,5,72,-4.5703
1981,9,3,1,132,-9.5735
1981,9,3,2,99,-8.0779
1981,9,3,3,112,-8.3997
1981,9,3,4,101,-4.0689
1981,9,3,5,66,-6.0762
1981,10,1,1,279,10.3982
1981,10,1,2,156,9.2900
1981,10,1,3,156,7.1557
1981,10,1,4,115,5.5247
1981,10,1,5,154,8.1166
1981,10,2,1,130,8.8439
1981,10,2,2,85,8.4422
1981,10,2,3,80,8.4373
1981,10,2,4,53,4.5263
1981,10,2,5,64,5.6462
1981,10,3,1,134,8.7333
1981,10,3,2,103,6.5582
1981,10,3,3,94,8.1314
1981,10,3,4,105,4.4482
1981,10,3,5,71,1.9126
1981,11,1,1,352,-0.9102
1981,11,1,2,185,2.2361
1981,11,1,3,129,3.2003
1981,11,1,4,128,4.9482
1981,11,1,5,192,5.1944
1981,11,2,1,132,1.9428
1981,11,2,2,87,3.5070
1981,11,2,3,70,3.5715
1981,11,2,4,63,5.0466
1981,11,2,5,65,4.4843
1981,11,3,1,133,2.3568
1981,11,3,2,108,5.1028
1981,11,3,3,99,6.2464
1981,11,3,4,94,4.7067
1981,11,3,5,80,6.0081
1981,12,1,1,376,-2.6755
1981,12,1,2,198,0.7882
1981,12,1,3,114,-0.9728
1981,12,1,4,125,-0.8694
1981,12,1,5,212,-0.9705
1981,12,2,1,133,-2.0219
1981,12,2,2,73,-2.0588
1981,12,2,3,77,-1.1276
1981,12,2,4,62,-2.6111
1981,12,2,5,76,-1.3319
1981,12,3,1,134,-3.8891
1981,12,3,2,115,-4.9116
1981,12,3,3,98,-3.6319
1981,12,3,4,93,-1.6013
1981,12,3,5,78,-2.4345
1982,1,1,1,387,-2.6750
1982,1,1,2,216,0.0563
1982,1,1,3,106,-3.3699
1982,1,1,4,140,-1.6029
1982,1,1,5,215,-1.0547
1982,1,2,1,136,-5.2495
1982,1,2,2,85,-6.2388
1982,1,2,3,73,-4.0794
1982,1,2,4,56,-0.8748
1982,1,2,5,72,-3.1458
1982,1,3,1,125,-3.3285
1982,1,3,2,119,-5.0221
1982,1,3,3,93,-4.6308
1982,1,3,4,103,-2.0195
1982,1,3,5,75,-4.2144
1982,2,1,1,454,-6.8046
1982,2,1,2,209,-4.8383
1982,2,1,3,135,-4.0819
1982,2,1,4,152,-3.7515
1982,2,1,5,213,-3.5207
1982,2,2,1,142,-6.8995
1982,2,2,2,77,-3.4708
1982,2,2,3,60,-4.7962
1982,2,2,4,65,-3.4913
1982,2,2,5,62,-3.1696
1982,2,3,1,126,-6.4581
1982,2,3,2,117,-7.0547
1982,2,3,3,107,-6.7882
1982,2,3,4,91,-4.3878
1982,2,3,5,79,-1.7251
1982,3,1,1,449,-2.6456
1982,3,1,2,231,-0.9966
1982,3,1,3,138,-1.0603
1982,3,1,4,143,-0.7920
1982,3,1,5,236,0.2278
1982,3,2,1,141,-1.6134
1982,3,2,2,78,-0.7475
1982,3,2,3,63,0.7669
1982,3,2,4,59,-2.2394
1982,3,2,5,64,1.2189
1982,3,3,1,121,-1.2521
1982,3,3,2,111,-0.0957
1982,3,3,3,107,-2.4543
1982,3,3,4,97,0.1292
1982,3,3,5,77,0.0002
1982,4,1,1,473,6.5128
1982,4,1,2,242,5.4272
1982,4,1,3,142,2.3463
1982,4,1,4,131,4.7080
1982,4,1,5,248,4.1472
1982,4,2,1,147,6.6279
1982,4,2,2,74,6.2224
1982,4,2,3,55,6.2965
1982,4,2,4,62,4.7810
1982,4,2,5,68,7.4932
1982,4,3,1,113,5.8419
1982,4,3,2,115,4.7117
1982,4,3,3,108,3.6334
1982,4,3,4,99,2.6988
1982,4,3,5,75,3.2596
1982,5,1,1,494,-2.4727
1982,5,1,2,220,-3.1165
1982,5,1,3,180,-1.5514
1982,5,1,4,152,-1.2738
1982,5,1,5,235,-1.4533
1982,5,2,1,135,-3.7039
1982,5,2,2,68,-3.3557
1982,5,2,3,63,-2.1008
1982,5,2,4,76,-3.1907
1982,5,2,5,66,-4.0857
1982,5,3,1,120,-4.7995
1982,5,3,2,114,-4.5433
1982,5,3,3,112,-2.2196
1982,5,3,4,94,0.4452
1982,5,3,5,79,-0.6155
1982,6,1,1,531,-4.8597
1982,6,1,2,236,-3.0681
1982,6,1,3,155,-3.7838
1982,6,1,4,151,-1.6578
1982,6,1,5,221,-5.0542
1982,6,2,1,136,-4.1304
1982,6,2,2,68,-2.6340
1982,6,2,3,56,-0.0200
1982,6,2,4,68,-3.9862
1982,6,2,5,69,-0.5233
1982,6,3,1,124,-1.5320
1982,6,3,2,114,0.0262
1982,6,3,3,120,-2.1659
1982,6,3,4,92,-3.4628
1982,6,3,5,80,-4.0040
1982,7,1,1,525,-2.2120
1982,7,1,2,225,-1.8769
1982,7,1,3,178,-2.9806
1982,7,1,4,145,-1.8556
1982,7,1,5,222,-1.6081
1982,7,2,1,134,-1.0505
1982,7,2,2,71,-1.3495
1982,7,2,3,67,-1.5429
1982,7,2,4,61,-1.1752
1982,7,2,5,70,-2.6818
1982,7,3,1,119,-0.6985
1982,7,3,2,107,-0.0651
1982,7,3,3,114,-4.0909
1982,7,3,4,98,-4.2652
1982,7,3,5,80,-4.5717
1982,8,1,1,481,4.3862
1982,8,1,2,276,6.0880
1982,8,1,3,176,5.9839
1982,8,1,4,131,7.5561
1982,8,1,5,202,7.5882
1982,8,2,1,134,9.0182
1982,8,2,2,95,9.7651
1982,8,2,3,68,9.3480
1982,8,2,4,49,8.8931
1982,8,2,5,75,10.4847
1982,8,3,1,109,12.9026
1982,8,3,2,99,12.1917
1982,8,3,3,104,13.7529
1982,8,3,4,121,12.4079
1982,8,3,5,75,13.0802
1982,9,1,1,456,3.9734
1982,9,1,2,250,2.9060
1982,9,1,3,212,3.4709
1982,9,1,4,154,4.2805
1982,9,1,5,215,1.8150
1982,9,2,1,124,2.3874
1982,9,2,2,97,2.2283
1982,9,2,3,63,3.7062
1982,9,2,4,60,0.3586
1982,9,2,5,71,1.5849
1982,9,3,1,117,2.9255
1982,9,3,2,85,0.4918
1982,9,3,3,108,1.6248
1982,9,3,4,114,-0.0438
1982,9,3,5,81,1.1008
1982,10,1,1,435,15.1572
1982,10,1,2,254,13.3438
1982,10,1,3,229,16.2691
1982,10,1,4,146,11.7287
1982,10,1,5,223,12.8532
1982,10,2,1,131,15.9511
1982,10,2,2,95,12.7903
1982,10,2,3,67,13.9257
1982,10,2,4,59,14.1115
1982,10,2,5,71,12.0982
1982,10,3,1,119,15.0687
1982,10,3,2,92,12.6401
1982,10,3,3,106,9.6244
1982,10,3,4,111,6.9004
1982,10,3,5,80,10.4620
1982,11,1,1,478,8.3374
1982,11,1,2,253,11.1824
1982,11,1,3,175,6.7844
1982,11,1,4,121,9.2637
1982,11,1,5,286,9.0580
1982,11,2,1,145,11.0629
1982,11,2,2,94,7.3182
1982,11,2,3,81,7.7134
1982,11,2,4,59,3.7950
1982,11,2,5,67,5.2525
1982,11,3,1,120,9.8093
1982,11,3,2,86,7.7371
1982,11,3,3,98,1.5671
1982,11,3,4,102,-1.7422
1982,11,3,5,96,2.2011
1982,12,1,1,460,2.1964
1982,12,1,2,272,0.7995
1982,12,1,3,198,4.8415
1982,12,1,4,131,1.9053
1982,12,1,5,267,1.8831
1982,12,2,1,145,-0.0771
1982,12,2,2,90,0.8652
1982,12,2,3,78,2.1845
1982,12,2,4,65,2.7219
1982,12,2,5,65,2.3142
1982,12,3,1,118,-0.4503
1982,12,3,2,90,-1.0361
1982,12,3,3,96,2.4310
1982,12,3,4,98,3.8760
1982,12,3,5,96,2.7917
1983,1,1,1,453,12.2269
1983,1,1,2,273,8.1867
1983,1,1,3,203,7.8422
1983,1,1,4,105,7.7782
1983,1,1,5,275,9.9176
1983,1,2,1,156,8.9319
1983,1,2,2,88,5.1230
1983,1,2,3,83,5.7444
1983,1,2,4,64,4.5199
1983,1,2,5,67,5.8934
1983,1,3,1,124,2.9114
1983,1,3,2,85,2.5611
1983,1,3,3,91,4.5770
1983,1,3,4,100,3.3667
1983,1,3,5,93,6.3776
1983,2,1,1,442,3.5849
1983,2,1,2,245,6.7706
1983,2,1,3,220,8.1342
1983,2,1,4,148,6.7125
1983,2,1,5,208,4.4984
1983,2,2,1,153,5.7474
1983,2,2,2,94,5.3706
1983,2,2,3,68,5.8880
1983,2,2,4,67,7.8320
1983,2,2,5,73,1.7838
1983,2,3,1,109,3.8443
1983,2,3,2,91,5.3937
1983,2,3,3,96,4.5085
1983,2,3,4,96,0.3422
1983,2,3,5,93,0.8742
1983,3,1,1,463,2.1059
1983,3,1,2,239,4.4609
1983,3,1,3,219,8.1378
1983,3,1,4,142,6.0787
1983,3,1,5,207,6.5407
1983,3,2,1,145,2.2623
1983,3,2,2,85,4.9565
1983,3,2,3,76,6.9793
1983,3,2,4,68,4.4169
1983,3,2,5,62,1.7599
1983,3,3,1,117,2.7621
1983,3,3,2,88,3.2087
1983,3,3,3,85,1.6182
1983,3,3,4,97,2.7444
1983,3,3,5,97,2.9879
1983,4,1,1,464,7.4162
1983,4,1,2,241,8.7779
1983,4,1,3,219,9.1541
1983,4,1,4,147,8.6402
1983,4,1,5,210,8.5359
1983,4,2,1,142,8.3447
1983,4,2,2,86,7.3926
1983,4,2,3,75,7.0570
1983,4,2,4,63,3.0058
1983,4,2,5,63,4.4278
1983,4,3,1,117,7.1473
1983,4,3,2,86,6.0573
1983,4,3,3,88,6.2074
1983,4,3,4,100,8.1988
1983,4,3,5,96,8.1151
1983,5,1,1,481,10.2154
1983,5,1,2,234,9.1114
1983,5,1,3,179,10.1768
1983,5,1,4,160,8.7060
1983,5,1,5,226,12.0318
1983,5,2,1,152,6.8667
1983,5,2,2,91,6.2930
1983,5,2,3,68,5.9138
1983,5,2,4,62,4.1172
1983,5,2,5,68,8.3957
1983,5,3,1,120,2.7831
1983,5,3,2,96,-0.7601
1983,5,3,3,96,-0.9106
1983,5,3,4,95,0.2375
1983,5,3,5,78,-0.0283
1983,6,1,1,505,5.3848
1983,6,1,2,257,4.9957
1983,6,1,3,180,5.7095
1983,6,1,4,150,1.6536
1983,6,1,5,190,6.2913
1983,6,2,1,159,5.6134
1983,6,2,2,91,6.4078
1983,6,2,3,66,6.3147
1983,6,2,4,58,2.9909
1983,6,2,5,60,3.1329
1983,6,3,1,112,3.0799
1983,6,3,2,107,4.7193
1983,6,3,3,94,4.5949
1983,6,3,4,95,2.7133
1983,6,3,5,85,3.3156
1983,7,1,1,546,-5.3132
1983,7,1,2,223,-0.7725
1983,7,1,3,173,1.7357
1983,7,1,4,158,0.7454
1983,7,1,5,187,1.7569
1983,7,2,1,154,-6.8881
1983,7,2,2,90,-1.8224
1983,7,2,3,54,-0.4244
1983,7,2,4,58,0.9328
1983,7,2,5,64,2.6266
1983,7,3,1,110,-6.6259
1983,7,3,2,102,-3.6104
1983,7,3,3,100,-3.7260
1983,7,3,4,95,-1.8189
1983,7,3,5,80,-0.1714
1983,8,1,1,529,-5.5469
1983,8,1,2,282,-2.1938
1983,8,1,3,202,-2.4906
1983,8,1,4,136,-0.9963
1983,8,1,5,160,-0.0967
1983,8,2,1,165,-4.9809
1983,8,2,2,87,-4.5770
1983,8,2,3,78,-3.1591
1983,8,2,4,55,-0.7065
1983,8,2,5,54,0.9057
1983,8,3,1,111,-4.6907
1983,8,3,2,94,-0.4267
1983,8,3,3,101,0.9377
1983,8,3,4,104,4.0281
1983,8,3,5,85,4.3340
1983,9,1,1,531,-0.8933
1983,9,1,2,272,1.1095
1983,9,1,3,206,2.9266
1983,9,1,4,156,0.2112
1983,9,1,5,158,2.9339
1983,9,2,1,160,1.2149
1983,9,2,2,86,3.2023
1983,9,2,3,78,3.0170
1983,9,2,4,62,3.7194
1983,9,2,5,55,3.0871
1983,9,3,1,108,-0.0636
1983,9,3,2,94,1.7745
1983,9,3,3,106,2.0298
1983,9,3,4,96,-0.4530
1983,9,3,5,88,2.3769
1983,10,1,1,508,-8.8927
1983,10,1,2,252,-5.7444
1983,10,1,3,237,-4.7617
1983,10,1,4,152,-4.3298
1983,10,1,5,170,-2.7044
1983,10,2,1,173,-11.1670
1983,10,2,2,84,-5.0636
1983,10,2,3,72,-4.1847
1983,10,2,4,64,-3.7688
1983,10,2,5,55,-0.6033
1983,10,3,1,102,-6.7737
1983,10,3,2,96,-3.9533
1983,10,3,3,106,-1.4792
1983,10,3,4,98,-1.4212
1983,10,3,5,92,0.9558
1983,11,1,1,523,3.8896
1983,11,1,2,287,3.7000
1983,11,1,3,208,5.7624
1983,11,1,4,162,4.3167
1983,11,1,5,227,3.1430
1983,11,2,1,173,6.3239
1983,11,2,2,90,5.2317
1983,11,2,3,77,6.5356
1983,11,2,4,60,6.1252
1983,11,2,5,71,3.4071
1983,11,3,1,105,5.9386
1983,11,3,2,96,4.1258
1983,11,3,3,103,5.5067
1983,11,3,4,100,1.7318
1983,11,3,5,91,-0.0748
1983,12,1,1,532,-4.7998
1983,12,1,2,276,-0.8061
1983,12,1,3,207,-1.2891
1983,12,1,4,176,-0.4194
1983,12,1,5,237,-1.4622
1983,12,2,1,172,-3.1851
1983,12,2,2,85,-1.4314
1983,12,2,3,77,-0.7308
1983,12,2,4,62,-0.5707
1983,12,2,5,69,-0.0986
1983,12,3,1,109,-1.3835
1983,12,3,2,97,-0.9635
1983,12,3,3,102,-0.8953
1983,12,3,4,100,-2.4663
1983,12,3,5,90,-0.1389
1984,1,1,1,535,-2.8635
1984,1,1,2,264,-1.3277
1984,1,1,3,208,-0.3333
1984,1,1,4,180,0.5837
1984,1,1,5,244,4.0894
1984,1,2,1,163,-7.2367
1984,1,2,2,83,-2.2524
1984,1,2,3,90,-2.6109
1984,1,2,4,57,1.8841
1984,1,2,5,62,1.7571
1984,1,3,1,113,-5.5527
1984,1,3,2,92,-4.4984
1984,1,3,3,101,-2.1473
1984,1,3,4,101,-0.5276
1984,1,3,5,95,6.0240
1984,2,1,1,580,-8.3929
1984,2,1,2,264,-6.6722
1984,2,1,3,219,-4.8312
1984,2,1,4,201,-4.9386
1984,2,1,5,189,-5.7982
1984,2,2,1,157,-7.3875
1984,2,2,2,90,-3.5237
1984,2,2,3,80,-4.4810
1984,2,2,4,65,-5.0994
1984,2,2,5,54,-2.9889
1984,2,3,1,105,-4.3567
1984,2,3,2,97,-5.1416
1984,2,3,3,100,-4.6089
1984,2,3,4,98,-2.8325
1984,2,3,5,104,-0.3230
1984,3,1,1,563,-0.6728
1984,3,1,2,279,0.7983
1984,3,1,3,250,0.8288
1984,3,1,4,184,2.1418
1984,3,1,5,198,-0.9506
1984,3,2,1,146,0.1726
1984,3,2,2,101,-0.5149
1984,3,2,3,78,0.8042
1984,3,2,4,61,0.3751
1984,3,2,5,60,1.5077
1984,3,3,1,107,1.4006
1984,3,3,2,97,3.4675
1984,3,3,3,97,1.9719
1984,3,3,4,105,1.2295
1984,3,3,5,96,-0.6905
1984,4,1,1,560,-3.1038
1984,4,1,2,277,-0.4480
1984,4,1,3,274,-0.2043
1984,4,1,4,182,-1.2458
1984,4,1,5,214,-2.0083
1984,4,2,1,135,0.0282
1984,4,2,2,98,0.2790
1984,4,2,3,71,2.2962
1984,4,2,4,70,-0.1301
1984,4,2,5,61,-3.4104
1984,4,3,1,107,-0.8914
1984,4,3,2,94,1.7548
1984,4,3,3,102,-0.3497
1984,4,3,4,99,3.0014
1984,4,3,5,97,0.2990
1984,5,1,1,628,-7.0409
1984,5,1,2,275,-4.9724
1984,5,1,3,243,-3.5722
1984,5,1,4,175,-3.9029
1984,5,1,5,223,-3.1430
1984,5,2,1,154,-4.6137
1984,5,2,2,101,-4.0473
1984,5,2,3,62,-5.3062
1984,5,2,4,70,-4.1237
1984,5,2,5,69,-4.0200
1984,5,3,1,105,-6.6495
1984,5,3,2,96,-5.0160
1984,5,3,3,110,-4.6933
1984,5,3,4,102,-3.6411
1984,5,3,5,87,-4.4725
1984,6,1,1,636,0.8536
1984,6,1,2,289,2.9555
1984,6,1,3,225,2.8826
1984,6,1,4,171,2.7267
1984,6,1,5,213,2.5554
1984,6,2,1,165,4.4476
1984,6,2,2,96,3.7203
1984,6,2,3,66,3.7731
1984,6,2,4,69,1.6307
1984,6,2,5,65,3.3291
1984,6,3,1,96,4.7664
1984,6,3,2,105,3.5134
1984,6,3,3,111,1.5638
1984,6,3,4,97,0.1104
1984,6,3,5,89,1.8873
1984,7,1,1,615,-6.6090
1984,7,1,2,270,-5.2189
1984,7,1,3,241,-3.9520
1984,7,1,4,178,-1.4134
1984,7,1,5,208,-2.6481
1984,7,2,1,168,-6.2820
1984,7,2,2,100,-3.4542
1984,7,2,3,67,-5.3428
1984,7,2,4,65,-4.2082
1984,7,2,5,63,-5.3300
1984,7,3,1,101,-2.2491
1984,7,3,2,102,-0.8266
1984,7,3,3,102,-2.0654
1984,7,3,4,103,-1.4663
1984,7,3,5,89,-2.5753
1984,8,1,1,610,10.9334
1984,8,1,2,313,11.6731
1984,8,1,3,262,10.9912
1984,8,1,4,175,9.0558
1984,8,1,5,190,9.9448
1984,8,2,1,166,14.7604
1984,8,2,2,102,13.9703
1984,8,2,3,85,11.9517
1984,8,2,4,69,11.7758
1984,8,2,5,61,11.1401
1984,8,3,1,112,10.5832
1984,8,3,2,102,11.4547
1984,8,3,3,98,10.7965
1984,8,3,4,105,10.5907
1984,8,3,5,96,11.4133
1984,9,1,1,588,-1.7691
1984,9,1,2,294,-0.1072
1984,9,1,3,271,-1.6117
1984,9,1,4,205,1.8984
1984,9,1,5,191,2.4137
1984,9,2,1,159,-3.2919
1984,9,2,2,100,-1.7617
1984,9,2,3,93,0.1858
1984,9,2,4,64,-0.5891
1984,9,2,5,60,3.1136
1984,9,3,1,120,-3.6909
1984,9,3,2,99,-2.2978
1984,9,3,3,97,-1.4706
1984,9,3,4,102,1.4892
1984,9,3,5,98,4.1133
1984,10,1,1,596,-3.8201
1984,10,1,2,280,-2.1796
1984,10,1,3,282,-1.7213
1984,10,1,4,197,-1.9181
1984,10,1,5,212,-2.4358
1984,10,2,1,152,-2.6563
1984,10,2,2,106,-1.3989
1984,10,2,3,80,-1.2886
1984,10,2,4,67,-3.5165
1984,10,2,5,59,2.4923
1984,10,3,1,116,-1.8312
1984,10,3,2,100,0.2345
1984,10,3,3,107,0.9510
1984,10,3,4,101,-0.5883
1984,10,3,5,95,1.6425
1984,11,1,1,636,-4.5659
1984,11,1,2,293,-3.2945
1984,11,1,3,251,-1.9599
1984,11,1,4,158,0.3000
1984,11,1,5,271,-1.6376
1984,11,2,1,171,-3.8927
1984,11,2,2,96,-2.5988
1984,11,2,3,74,-2.3757
1984,11,2,4,71,-0.9515
1984,11,2,5,68,-0.7550
1984,11,3,1,111,-1.5679
1984,11,3,2,105,-1.4794
1984,11,3,3,110,-0.7772
1984,11,3,4,98,0.3876
1984,11,3,5,93,0.0923
1984,12,1,1,616,1.4071
1984,12,1,2,308,0.5122
1984,12,1,3,229,0.6952
1984,12,1,4,157,-0.1968
1984,12,1,5,296,1.3126
1984,12,2,1,163,2.0025
1984,12,2,2,96,2.5087
1984,12,2,3,76,1.5914
1984,12,2,4,79,3.9020
1984,12,2,5,68,1.4317
1984,12,3,1,115,2.0409
1984,12,3,2,107,2.0500
1984,12,3,3,100,2.3155
1984,12,3,4,105,2.6683
1984,12,3,5,88,1.9664
1985,1,1,1,593,15.1326
1985,1,1,2,305,13.9518
1985,1,1,3,214,13.2031
1985,1,1,4,161,10.7391
1985,1,1,5,317,13.8686
1985,1,2,1,167,15.6610
1985,1,2,2,103,11.4027
1985,1,2,3,73,11.3105
1985,1,2,4,81,9.7427
1985,1,2,5,62,11.9777
1985,1,3,1,123,9.1602
1985,1,3,2,103,9.2468
1985,1,3,3,103,6.4793
1985,1,3,4,92,5.5073
1985,1,3,5,94,6.1705
1985,2,1,1,577,3.1269
1985,2,1,2,302,2.5386
1985,2,1,3,234,3.6007
1985,2,1,4,200,3.9267
1985,2,1,5,263,5.3798
1985,2,2,1,173,1.4955
1985,2,2,2,97,3.7024
1985,2,2,3,64,1.6323
1985,2,2,4,76,1.3375
1985,2,2,5,65,1.8372
1985,2,3,1,113,1.4267
1985,2,3,2,101,0.7657
1985,2,3,3,105,1.7992
1985,2,3,4,98,1.4029
1985,2,3,5,98,2.4671
1985,3,1,1,579,-2.2850
1985,3,1,2,330,-2.0664
1985,3,1,3,227,-1.3580
1985,3,1,4,215,-0.9801
1985,3,1,5,231,-0.0085
1985,3,2,1,160,-3.7132
1985,3,2,2,111,-4.4714
1985,3,2,3,66,-2.3629
1985,3,2,4,70,0.1259
1985,3,2,5,70,1.3380
1985,3,3,1,111,1.1892
1985,3,3,2,98,-1.9497
1985,3,3,3,100,-0.9529
1985,3,3,4,109,0.5466
1985,3,3,5,94,2.6440
1985,4,1,1,572,-1.7975
1985,4,1,2,317,-1.7609
1985,4,1,3,229,-1.1012
1985,4,1,4,206,-0.3179
1985,4,1,5,243,-2.0593
1985,4,2,1,162,-1.5559
1985,4,2,2,98,-3.4623
1985,4,2,3,70,-1.5193
1985,4,2,4,73,-1.4734
1985,4,2,5,69,0.5557
1985,4,3,1,117,-0.2959
1985,4,3,2,98,-1.5028
1985,4,3,3,101,-1.8135
1985,4,3,4,105,1.9912
1985,4,3,5,95,0.8728
1985,5,1,1,587,3.5337
1985,5,1,2,234,2.1440
1985,5,1,3,223,3.3769
1985,5,1,4,164,3.3900
1985,5,1,5,298,1.8392
1985,5,2,1,172,4.1936
1985,5,2,2,86,4.5878
1985,5,2,3,86,2.8432
1985,5,2,4,65,4.6121
1985,5,2,5,75,3.9003
1985,5,3,1,121,7.2053
1985,5,3,2,102,4.9880
1985,5,3,3,95,7.0570
1985,5,3,4,108,5.3953
1985,5,3,5,86,5.1447
1985,6,1,1,549,0.2972
1985,6,1,2,268,1.0832
1985,6,1,3,214,0.0819
1985,6,1,4,160,1.6050
1985,6,1,5,294,0.2657
1985,6,2,1,168,1.2023
1985,6,2,2,80,0.5578
1985,6,2,3,94,2.5254
1985,6,2,4,69,1.9032
1985,6,2,5,64,-0.3310
1985,6,3,1,118,1.4258
1985,6,3,2,103,2.9878
1985,6,3,3,90,3.5462
1985,6,3,4,100,1.7083
1985,6,3,5,93,1.5199
1985,7,1,1,544,2.4550
1985,7,1,2,250,3.8153
1985,7,1,3,216,2.3097
1985,7,1,4,166,2.7540
1985,7,1,5,298,2.5576
1985,7,2,1,165,3.4288
1985,7,2,2,85,3.4084
1985,7,2,3,82,2.0910
1985,7,2,4,72,0.5145
1985,7,2,5,67,5.3056
1985,7,3,1,126,-1.2653
1985,7,3,2,100,1.0081
1985,7,3,3,93,-2.3309
1985,7,3,4,100,-2.2057
1985,7,3,5,87,-0.7969
1985,8,1,1,551,-1.6398
1985,8,1,2,273,-1.6766
1985,8,1,3,235,-0.6623
1985,8,1,4,190,0.5850
1985,8,1,5,218,0.1848
1985,8,2,1,173,-2.8897
1985,8,2,2,107,-1.6862
1985,8,2,3,82,-0.4870
1985,8,2,4,59,3.2865
1985,8,2,5,62,0.8408
1985,8,3,1,119,-1.4853
1985,8,3,2,111,-1.5280
1985,8,3,3,93,-1.0077
1985,8,3,4,106,1.0663
1985,8,3,5,91,0.7137
1985,9,1,1,557,-7.0670
1985,9,1,2,274,-5.0662
1985,9,1,3,233,-5.2540
1985,9,1,4,192,-5.5755
1985,9,1,5,223,-2.8509
1985,9,2,1,167,-7.5743
1985,9,2,2,105,-5.6948
1985,9,2,3,79,-4.5974
1985,9,2,4,65,-4.8516
1985,9,2,5,61,-3.9757
1985,9,3,1,113,-4.5630
1985,9,3,2,110,-3.5460
1985,9,3,3,98,-4.9663
1985,9,3,4,108,-2.6102
1985,9,3,5,90,-3.1877
1985,10,1,1,550,1.3366
1985,10,1,2,253,2.5195
1985,10,1,3,242,1.9418
1985,10,1,4,200,2.3207
1985,10,1,5,235,1.6886
1985,10,2,1,161,5.1841
1985,10,2,2,100,2.6528
1985,10,2,3,86,3.8780
1985,10,2,4,65,3.0665
1985,10,2,5,62,3.3764
1985,10,3,1,113,3.9981
1985,10,3,2,111,4.2345
1985,10,3,3,107,3.0817
1985,10,3,4,98,3.7401
1985,10,3,5,92,6.0197
1985,11,1,1,535,6.0501
1985,11,1,2,317,5.9219
1985,11,1,3,221,6.8763
1985,11,1,4,155,4.7261
1985,11,1,5,303,6.3711
1985,11,2,1,160,9.3250
1985,11,2,2,104,6.4474
1985,11,2,3,71,7.7855
1985,11,2,4,73,8.6152
1985,11,2,5,68,5.6816
1985,11,3,1,108,9.0440
1985,11,3,2,112,8.6499
1985,11,3,3,109,4.7131
1985,11,3,4,107,5.7590
1985,11,3,5,88,4.7541
1985,12,1,1,503,3.6687
1985,12,1,2,304,5.3431
1985,12,1,3,228,4.4175
1985,12,1,4,173,3.8948
1985,12,1,5,317,0.4325
1985,12,2,1,163,4.4881
1985,12,2,2,97,5.1954
1985,12,2,3,86,4.0311
1985,12,2,4,63,4.1941
1985,12,2,5,68,2.1552
1985,12,3,1,110,3.4264
1985,12,3,2,111,5.8044
1985,12,3,3,105,4.8903
1985,12,3,4,105,5.0869
1985,12,3,5,95,1.6861
1986,1,1,1,497,2.0243
1986,1,1,2,297,2.4066
1986,1,1,3,224,2.4128
1986,1,1,4,159,1.8715
1986,1,1,5,338,2.7758
1986,1,2,1,164,2.2482
1986,1,2,2,97,0.6017
1986,1,2,3,78,0.7340
1986,1,2,4,70,2.2834
1986,1,2,5,66,-0.7279
1986,1,3,1,113,0.4808
1986,1,3,2,106,1.7603
1986,1,3,3,105,3.0121
1986,1,3,4,107,-0.8919
1986,1,3,5,87,0.5653
1986,2,1,1,486,4.6769
1986,2,1,2,272,5.9009
1986,2,1,3,263,6.4864
1986,2,1,4,196,5.8065
1986,2,1,5,299,4.1964
1986,2,2,1,163,5.7267
1986,2,2,2,98,6.5590
1986,2,2,3,77,8.4381
1986,2,2,4,70,7.8738
1986,2,2,5,64,5.2143
1986,2,3,1,100,7.5071
1986,2,3,2,113,9.2635
1986,2,3,3,91,8.6199
1986,2,3,4,99,7.5460
1986,2,3,5,96,6.6128
1986,3,1,1,487,4.1224
1986,3,1,2,265,5.1073
1986,3,1,3,247,3.0646
1986,3,1,4,214,5.3713
1986,3,1,5,292,4.0068
1986,3,2,1,173,4.8984
1986,3,2,2,91,6.7469
1986,3,2,3,81,5.6756
1986,3,2,4,76,7.6796
1986,3,2,5,60,5.4044
1986,3,3,1,105,4.2828
1986,3,3,2,101,6.0319
1986,3,3,3,99,5.7716
1986,3,3,4,95,5.3452
1986,3,3,5,95,4.2335
1986,4,1,1,493,2.6006
1986,4,1,2,239,1.3104
1986,4,1,3,266,2.4059
1986,4,1,4,203,1.1105
1986,4,1,5,302,2.0652
1986,4,2,1,161,3.6234
1986,4,2,2,101,2.9803
1986,4,2,3,76,-0.1466
1986,4,2,4,69,0.9558
1986,4,2,5,58,-0.6517
1986,4,3,1,109,1.1322
1986,4,3,2,108,-0.4381
1986,4,3,3,97,-0.9277
1986,4,3,4,94,-0.9449
1986,4,3,5,94,-2.8107
1986,5,1,1,476,3.9539
1986,5,1,2,269,3.9221
1986,5,1,3,209,2.3871
1986,5,1,4,203,5.3961
1986,5,1,5,313,4.5324
1986,5,2,1,184,3.4686
1986,5,2,2,107,2.2264
1986,5,2,3,76,4.5675
1986,5,2,4,70,5.4862
1986,5,2,5,64,2.4611
1986,5,3,1,114,7.9155
1986,5,3,2,111,5.7544
1986,5,3,3,105,5.2412
1986,5,3,4,91,5.6498
1986,5,3,5,87,5.1436
1986,6,1,1,469,0.1436
1986,6,1,2,289,-1.2649
1986,6,1,3,196,-0.8060
1986,6,1,4,194,1.1934
1986,6,1,5,318,2.5744
1986,6,2,1,159,-1.2577
1986,6,2,2,139,0.4979
1986,6,2,3,75,0.6369
1986,6,2,4,71,3.0701
1986,6,2,5,62,-1.4008
1986,6,3,1,121,3.4784
1986,6,3,2,104,2.3757
1986,6,3,3,101,0.8699
1986,6,3,4,93,2.5203
1986,6,3,5,90,1.1492
1986,7,1,1,476,-10.5377
1986,7,1,2,269,-8.4464
1986,7,1,3,205,-7.2224
1986,7,1,4,182,-5.2799
1986,7,1,5,333,-8.6707
1986,7,2,1,158,-10.5662
1986,7,2,2,133,-9.9095
1986,7,2,3,79,-5.0455
1986,7,2,4,54,-4.2386
1986,7,2,5,69,-6.9544
1986,7,3,1,125,-7.8786
1986,7,3,2,98,-5.5706
1986,7,3,3,97,-5.1292
1986,7,3,4,106,-2.2043
1986,7,3,5,83,-2.9830
1986,8,1,1,545,0.0094
1986,8,1,2,234,1.6487
1986,8,1,3,195,2.0353
1986,8,1,4,188,3.4831
1986,8,1,5,276,2.8447
1986,8,2,1,163,4.0922
1986,8,2,2,101,4.1367
1986,8,2,3,103,4.6591
1986,8,2,4,62,5.7581
1986,8,2,5,60,5.1226
1986,8,3,1,130,3.3257
1986,8,3,2,92,4.7594
1986,8,3,3,97,8.1624
1986,8,3,4,109,7.1792
1986,8,3,5,91,12.1098
1986,9,1,1,488,-7.9289
1986,9,1,2,236,-6.7469
1986,9,1,3,228,-6.5820
1986,9,1,4,213,-5.0963
1986,9,1,5,269,-3.9825
1986,9,2,1,172,-8.0468
1986,9,2,2,94,-7.1727
1986,9,2,3,86,-5.3333
1986,9,2,4,72,-3.3615
1986,9,2,5,58,-2.4993
1986,9,3,1,128,-10.3419
1986,9,3,2,106,-9.0660
1986,9,3,3,94,-4.6133
1986,9,3,4,99,-9.1190
1986,9,3,5,89,-4.3741
1986,10,1,1,490,1.4955
1986,10,1,2,243,2.5201
1986,10,1,3,205,4.0941
1986,10,1,4,225,1.9516
1986,10,1,5,267,2.2822
1986,10,2,1,163,5.0992
1986,10,2,2,99,5.1351
1986,10,2,3,88,4.9611
1986,10,2,4,74,3.6538
1986,10,2,5,58,2.3818
1986,10,3,1,131,7.4873
1986,10,3,2,98,8.1262
1986,10,3,3,103,7.1261
1986,10,3,4,97,5.8315
1986,10,3,5,93,4.2100
1986,11,1,1,536,-1.1062
1986,11,1,2,234,0.1819
1986,11,1,3,217,1.2538
1986,11,1,4,208,0.6498
1986,11,1,5,330,0.9328
1986,11,2,1,181,0.0688
1986,11,2,2,101,0.6405
1986,11,2,3,84,0.9544
1986,11,2,4,72,0.1555
1986,11,2,5,59,-0.2996
1986,11,3,1,119,2.8403
1986,11,3,2,97,1.3017
1986,11,3,3,117,2.5332
1986,11,3,4,96,2.4419
1986,11,3,5,94,3.1573
1986,12,1,1,508,-4.3116
1986,12,1,2,235,-2.2094
1986,12,1,3,224,-3.8921
1986,12,1,4,201,-1.9669
1986,12,1,5,373,-3.0018
1986,12,2,1,167,-3.3224
1986,12,2,2,111,-1.1699
1986,12,2,3,89,-3.0710
1986,12,2,4,75,-1.4594
1986,12,2,5,61,-0.2136
1986,12,3,1,121,-2.7630
1986,12,3,2,100,-2.2872
1986,12,3,3,115,-4.1231
1986,12,3,4,90,-2.9455
1986,12,3,5,96,-2.7099
1987,1,1,1,510,12.0111
1987,1,1,2,237,10.3846
1987,1,1,3,238,11.3089
1987,1,1,4,194,10.6330
1987,1,1,5,375,11.0795
1987,1,2,1,169,13.7690
1987,1,2,2,107,11.4009
1987,1,2,3,89,13.3842
1987,1,2,4,65,14.1308
1987,1,2,5,64,10.9688
1987,1,3,1,116,15.2585
1987,1,3,2,98,16.4839
1987,1,3,3,109,14.3663
1987,1,3,4,93,13.7365
1987,1,3,5,98,11.3688
1987,2,1,1,498,9.1779
1987,2,1,2,234,8.6896
1987,2,1,3,269,6.6926
1987,2,1,4,256,8.8518
1987,2,1,5,324,9.0901
1987,2,2,1,167,9.8245
1987,2,2,2,101,9.2051
1987,2,2,3,105,7.2662
1987,2,2,4,73,5.3702
1987,2,2,5,57,7.2198
1987,2,3,1,123,8.4307
1987,2,3,2,97,6.9460
1987,2,3,3,93,4.3256
1987,2,3,4,100,-0.3710
1987,2,3,5,99,0.3647
1987,3,1,1,519,1.9044
1987,3,1,2,224,-0.2850
1987,3,1,3,282,2.3619
1987,3,1,4,267,3.8091
1987,3,1,5,291,7.2262
1987,3,2,1,173,2.2581
1987,3,2,2,93,2.3464
1987,3,2,3,104,3.1201
1987,3,2,4,70,2.8933
1987,3,2,5,60,1.8401
1987,3,3,1,129,2.0435
1987,3,3,2,101,2.7766
1987,3,3,3,96,3.3712
1987,3,3,4,101,5.1833
1987,3,3,5,95,1.6862
1987,4,1,1,487,-2.2865
1987,4,1,2,242,-4.7664
1987,4,1,3,283,-4.3127
1987,4,1,4,276,-1.7698
1987,4,1,5,294,-4.1694
1987,4,2,1,162,-1.5241
1987,4,2,2,102,-3.5537
1987,4,2,3,108,-3.3143
1987,4,2,4,69,-3.5418
1987,4,2,5,61,-3.7137
1987,4,3,1,137,-1.6355
1987,4,3,2,102,-1.4233
1987,4,3,3,84,-1.3001
1987,4,3,4,94,0.0904
1987,4,3,5,105,-1.2190
1987,5,1,1,478,-0.7062
1987,5,1,2,253,-1.2391
1987,5,1,3,274,-0.8613
1987,5,1,4,239,0.0247
1987,5,1,5,309,0.9879
1987,5,2,1,149,-0.1964
1987,5,2,2,106,2.4437
1987,5,2,3,99,-0.8880
1987,5,2,4,81,-1.7908
1987,5,2,5,73,0.3933
1987,5,3,1,130,-0.3113
1987,5,3,2,109,1.3312
1987,5,3,3,102,1.0248
1987,5,3,4,94,0.1473
1987,5,3,5,79,-0.2926
1987,6,1,1,489,0.2337
1987,6,1,2,273,2.7182
1987,6,1,3,252,3.5410
1987,6,1,4,225,2.7103
1987,6,1,5,301,5.3444
1987,6,2,1,150,1.1354
1987,6,2,2,112,3.5769
1987,6,2,3,93,3.9888
1987,6,2,4,70,4.8726
1987,6,2,5,77,3.8914
1987,6,3,1,134,4.1509
1987,6,3,2,110,4.7465
1987,6,3,3,91,5.2704
1987,6,3,4,101,4.5819
1987,6,3,5,80,4.6010
1987,7,1,1,461,2.1591
1987,7,1,2,254,3.9422
1987,7,1,3,267,3.0815
1987,7,1,4,221,3.1572
1987,7,1,5,321,3.5029
1987,7,2,1,156,3.2476
1987,7,2,2,111,4.6976
1987,7,2,3,99,4.4915
1987,7,2,4,65,2.9748
1987,7,2,5,76,3.0609
1987,7,3,1,126,5.7346
1987,7,3,2,102,5.7320
1987,7,3,3,93,5.5532
1987,7,3,4,101,2.5432
1987,7,3,5,80,4.2322
1987,8,1,1,501,1.0542
1987,8,1,2,287,3.0300
1987,8,1,3,269,2.3441
1987,8,1,4,256,2.7930
1987,8,1,5,301,2.8537
1987,8,2,1,181,3.2072
1987,8,2,2,112,3.2163
1987,8,2,3,106,2.9270
1987,8,2,4,74,4.5029
1987,8,2,5,62,3.5601
1987,8,3,1,133,4.1486
1987,8,3,2,111,3.8885
1987,8,3,3,90,3.9290
1987,8,3,4,114,3.4458
1987,8,3,5,84,3.4778
1987,9,1,1,483,-1.8628
1987,9,1,2,290,-0.7515
1987,9,1,3,286,-0.5836
1987,9,1,4,282,-2.2224
1987,9,1,5,297,-0.0733
1987,9,2,1,170,-2.8773
1987,9,2,2,122,-2.1699
1987,9,2,3,91,-1.5893
1987,9,2,4,78,-1.4689
1987,9,2,5,54,-1.7863
1987,9,3,1,134,-2.0799
1987,9,3,2,113,-1.9503
1987,9,3,3,96,-0.8815
1987,9,3,4,109,-2.3540
1987,9,3,5,88,-2.2465
1987,10,1,1,504,-32.3507
1987,10,1,2,282,-29.0886
1987,10,1,3,298,-29.8637
1987,10,1,4,298,-28.7677
1987,10,1,5,292,-25.5899
1987,10,2,1,159,-32.5453
1987,10,2,2,112,-29.4159
1987,10,2,3,115,-29.1853
1987,10,2,4,70,-26.2824
1987,10,2,5,55,-19.0872
1987,10,3,1,133,-26.3815
1987,10,3,2,117,-22.8630
1987,10,3,3,84,-25.1234
1987,10,3,4,106,-17.8189
1987,10,3,5,87,-15.5199
1987,11,1,1,497,-8.3712
1987,11,1,2,277,-5.2479
1987,11,1,3,271,-3.9546
1987,11,1,4,247,-4.4651
1987,11,1,5,410,-5.5991
1987,11,2,1,194,-5.9891
1987,11,2,2,113,-4.6110
1987,11,2,3,105,-3.2683
1987,11,2,4,76,-3.5093
1987,11,2,5,76,-2.9209
1987,11,3,1,128,-8.3641
1987,11,3,2,119,-8.2850
1987,11,3,3,110,-7.4437
1987,11,3,4,107,-7.2886
1987,11,3,5,77,-5.5673
1987,12,1,1,483,5.2992
1987,12,1,2,309,8.1311
1987,12,1,3,242,6.7596
1987,12,1,4,269,8.2850
1987,12,1,5,405,7.1283
1987,12,2,1,192,11.3152
1987,12,2,2,110,11.8331
1987,12,2,3,110,9.4642
1987,12,2,4,78,8.7530
1987,12,2,5,71,10.9953
1987,12,3,1,135,10.4561
1987,12,3,2,106,8.5850
1987,12,3,3,112,6.9390
1987,12,3,4,104,5.8813
1987,12,3,5,84,8.1835
1988,1,1,1,445,4.9082
1988,1,1,2,264,4.1330
1988,1,1,3,286,4.4983
1988,1,1,4,255,7.8534
1988,1,1,5,457,9.3403
1988,1,2,1,194,-0.6446
1988,1,2,2,112,2.7716
1988,1,2,3,104,2.1117
1988,1,2,4,83,7.2003
1988,1,2,5,67,7.9171
1988,1,3,1,136,0.6836
1988,1,3,2,113,1.2761
1988,1,3,3,106,3.9755
1988,1,3,4,103,7.2706
1988,1,3,5,90,7.9524
1988,2,1,1,485,6.6682
1988,2,1,2,276,7.2983
1988,2,1,3,337,9.2611
1988,2,1,4,258,9.7614
1988,2,1,5,406,11.8890
1988,2,2,1,157,8.9312
1988,2,2,2,117,10.7331
1988,2,2,3,112,9.0269
1988,2,2,4,90,13.4911
1988,2,2,5,66,12.0207
1988,2,3,1,134,4.6923
1988,2,3,2,101,6.0134
1988,2,3,3,96,6.8604
1988,2,3,4,101,2.1586
1988,2,3,5,96,4.5671
1988,3,1,1,470,4.8875
1988,3,1,2,273,7.7064
1988,3,1,3,302,4.5082
1988,3,1,4,294,6.4917
1988,3,1,5,396,6.7825
1988,3,2,1,164,3.9041
1988,3,2,2,106,2.1928
1988,3,2,3,111,5.9466
1988,3,2,4,93,4.5222
1988,3,2,5,61,1.8892
1988,3,3,1,137,-2.7932
1988,3,3,2,108,-4.1986
1988,3,3,3,89,-2.6327
1988,3,3,4,95,-1.4773
1988,3,3,5,106,-0.7614
1988,4,1,1,483,1.3892
1988,4,1,2,284,1.7834
1988,4,1,3,310,2.1438
1988,4,1,4,260,2.1827
1988,4,1,5,380,2.2249
1988,4,2,1,177,2.4551
1988,4,2,2,114,1.9693
1988,4,2,3,108,1.9959
1988,4,2,4,83,1.4728
1988,4,2,5,52,1.5030
1988,4,3,1,125,-1.0163
1988,4,3,2,105,0.2627
1988,4,3,3,90,3.0128
1988,4,3,4,103,1.8199
1988,4,3,5,108,1.6274
1988,5,1,1,476,-2.7224
1988,5,1,2,297,-2.3511
1988,5,1,3,227,-1.2405
1988,5,1,4,230,-2.0495
1988,5,1,5,430,-1.4768
1988,5,2,1,179,-2.0041
1988,5,2,2,118,-0.9160
1988,5,2,3,100,-0.8690
1988,5,2,4,77,-0.8968
1988,5,2,5,71,-0.8145
1988,5,3,1,123,0.4811
1988,5,3,2,111,-0.9434
1988,5,3,3,103,0.0041
1988,5,3,4,99,0.0403
1988,5,3,5,97,1.2426
1988,6,1,1,479,6.6413
1988,6,1,2,294,5.9930
1988,6,1,3,221,7.7695
1988,6,1,4,227,6.8714
1988,6,1,5,425,7.3364
1988,6,2,1,187,8.5275
1988,6,2,2,120,7.3189
1988,6,2,3,96,6.8486
1988,6,2,4,78,8.2022
1988,6,2,5,83,7.9333
1988,6,3,1,116,3.8709
1988,6,3,2,118,5.8790
1988,6,3,3,99,4.2339
1988,6,3,4,110,3.9822
1988,6,3,5,83,5.9325
1988,7,1,1,455,-1.1674
1988,7,1,2,288,-1.8080
1988,7,1,3,232,1.1511
1988,7,1,4,202,-0.1271
1988,7,1,5,445,1.2597
1988,7,2,1,185,-3.4827
1988,7,2,2,119,-1.1626
1988,7,2,3,97,-2.0072
1988,7,2,4,71,0.2841
1988,7,2,5,80,3.0940
1988,7,3,1,123,-1.8977
1988,7,3,2,108,-2.0075
1988,7,3,3,109,-1.0055
1988,7,3,4,109,-0.4672
1988,7,3,5,91,0.3532
1988,8,1,1,533,-2.3790
1988,8,1,2,268,-2.5856
1988,8,1,3,301,-3.3685
1988,8,1,4,236,-1.3555
1988,8,1,5,355,-0.5851
1988,8,2,1,200,-3.7853
1988,8,2,2,117,-3.9091
1988,8,2,3,113,-2.5896
1988,8,2,4,80,-2.5566
1988,8,2,5,73,-2.6952
1988,8,3,1,124,-3.4362
1988,8,3,2,110,-4.2136
1988,8,3,3,100,-2.8123
1988,8,3,4,118,-3.0133
1988,8,3,5,107,-2.7407
1988,9,1,1,522,1.2905
1988,9,1,2,257,3.4834
1988,9,1,3,319,3.7626
1988,9,1,4,235,2.9435
1988,9,1,5,370,2.9056
1988,9,2,1,186,3.2378
1988,9,2,2,122,4.0088
1988,9,2,3,122,3.9406
1988,9,2,4,79,3.0511
1988,9,2,5,71,1.7229
1988,9,3,1,128,4.6209
1988,9,3,2,111,4.8477
1988,9,3,3,96,4.0492
1988,9,3,4,118,2.6910
1988,9,3,5,105,3.3562
1988,10,1,1,523,-3.4622
1988,10,1,2,269,-1.0969
1988,10,1,3,308,-1.8079
1988,10,1,4,250,0.9780
1988,10,1,5,371,-0.1871
1988,10,2,1,169,-1.3401
1988,10,2,2,131,-1.6478
1988,10,2,3,111,-1.5949
1988,10,2,4,83,-0.1115
1988,10,2,5,69,1.8197
1988,10,3,1,124,0.0177
1988,10,3,2,114,4.1286
1988,10,3,3,94,2.2521
1988,10,3,4,114,1.6664
1988,10,3,5,108,3.0041
1988,11,1,1,501,-4.1915
1988,11,1,2,287,-3.0611
1988,11,1,3,287,-3.2545
1988,11,1,4,258,-3.5110
1988,11,1,5,458,-3.0998
1988,11,2,1,187,-3.1875
1988,11,2,2,124,-2.9996
1988,11,2,3,116,-2.6145
1988,11,2,4,83,-4.3555
1988,11,2,5,81,-1.3675
1988,11,3,1,123,-1.0821
1988,11,3,2,116,-2.3901
1988,11,3,3,113,-1.9078
1988,11,3,4,117,-1.9574
1988,11,3,5,98,-0.3024
1988,12,1,1,501,4.1045
1988,12,1,2,299,4.6565
1988,12,1,3,291,5.3672
1988,12,1,4,249,4.6988
1988,12,1,5,464,4.5927
1988,12,2,1,180,4.6690
1988,12,2,2,125,4.0447
1988,12,2,3,110,3.6127
1988,12,2,4,77,3.6530
1988,12,2,5,76,8.8501
1988,12,3,1,117,2.9186
1988,12,3,2,125,2.2423
1988,12,3,3,114,2.2990
1988,12,3,4,115,1.9536
1988,12,3,5,94,1.7598
1989,1,1,1,500,3.9298
1989,1,1,2,321,4.3252
1989,1,1,3,267,4.5410
1989,1,1,4,253,5.6055
1989,1,1,5,440,5.0892
1989,1,2,1,179,2.8713
1989,1,2,2,132,4.6431
1989,1,2,3,103,4.4672
1989,1,2,4,81,5.5747
1989,1,2,5,72,8.6951
1989,1,3,1,118,5.9130
1989,1,3,2,115,6.5180
1989,1,3,3,120,5.8171
1989,1,3,4,110,7.6086
1989,1,3,5,101,7.3921
1989,2,1,1,493,0.0234
1989,2,1,2,320,0.2681
1989,2,1,3,326,0.0718
1989,2,1,4,281,0.3278
1989,2,1,5,378,3.3463
1989,2,2,1,162,0.5566
1989,2,2,2,123,1.5687
1989,2,2,3,137,1.1280
1989,2,2,4,94,-0.8779
1989,2,2,5,50,2.9424
1989,2,3,1,123,-1.3451
1989,2,3,2,117,-3.5443
1989,2,3,3,90,-2.2505
1989,2,3,4,105,-2.2383
1989,2,3,5,115,-2.1366
1989,3,1,1,519,3.8156
1989,3,1,2,303,2.9336
1989,3,1,3,317,2.2352
1989,3,1,4,287,2.7288
1989,3,1,5,376,5.6125
1989,3,2,1,172,2.2536
1989,3,2,2,110,0.2471
1989,3,2,3,129,3.2411
1989,3,2,4,91,1.3705
1989,3,2,5,58,4.4134
1989,3,3,1,116,2.1503
1989,3,3,2,124,-0.6517
1989,3,3,3,95,2.8488
1989,3,3,4,100,3.3050
1989,3,3,5,111,0.6692
1989,4,1,1,483,3.6342
1989,4,1,2,321,3.6580
1989,4,1,3,310,2.9134
1989,4,1,4,297,3.3169
1989,4,1,5,389,3.4640
1989,4,2,1,167,6.7059
1989,4,2,2,122,4.9443
1989,4,2,3,114,5.6864
1989,4,2,4,101,5.5137
1989,4,2,5,57,3.0131
1989,4,3,1,115,6.4413
1989,4,3,2,119,5.6933
1989,4,3,3,98,5.7927
1989,4,3,4,102,5.1016
1989,4,3,5,113,3.9183
1989,5,1,1,518,4.8771
1989,5,1,2,292,3.6666
1989,5,1,3,238,3.1357
1989,5,1,4,259,3.8480
1989,5,1,5,428,3.5587
1989,5,2,1,186,5.8504
1989,5,2,2,118,4.9935
1989,5,2,3,99,3.9905
1989,5,2,4,97,3.8119
1989,5,2,5,76,5.7213
1989,5,3,1,135,5.3865
1989,5,3,2,116,4.1331
1989,5,3,3,104,5.4663
1989,5,3,4,113,2.9939
1989,5,3,5,89,2.4396
1989,6,1,1,510,-2.9730
1989,6,1,2,293,-3.6586
1989,6,1,3,247,-1.6514
1989,6,1,4,260,-1.2919
1989,6,1,5,402,2.4968
1989,6,2,1,183,-4.0222
1989,6,2,2,118,-2.4210
1989,6,2,3,101,-1.3138
1989,6,2,4,104,-4.0518
1989,6,2,5,73,-0.6747
1989,6,3,1,130,-0.7365
1989,6,3,2,118,-0.1536
1989,6,3,3,109,-0.1418
1989,6,3,4,107,-0.4512
1989,6,3,5,90,-1.3363
1989,7,1,1,514,4.4930
1989,7,1,2,270,2.1425
1989,7,1,3,260,1.7078
1989,7,1,4,277,3.2259
1989,7,1,5,394,4.2989
1989,7,2,1,169,5.6231
1989,7,2,2,113,4.2514
1989,7,2,3,107,3.2892
1989,7,2,4,88,4.3568
1989,7,2,5,87,3.5033
1989,7,3,1,129,10.4632
1989,7,3,2,115,8.1509
1989,7,3,3,109,7.3314
1989,7,3,4,105,5.9905
1989,7,3,5,91,7.1032
1989,8,1,1,506,2.1256
1989,8,1,2,314,1.4711
1989,8,1,3,330,1.8148
1989,8,1,4,253,2.0640
1989,8,1,5,366,0.7730
1989,8,2,1,154,2.4330
1989,8,2,2,147,2.0308
1989,8,2,3,115,2.7041
1989,8,2,4,75,4.6947
1989,8,2,5,88,3.7314
1989,8,3,1,129,1.2506
1989,8,3,2,114,1.0196
1989,8,3,3,103,2.3617
1989,8,3,4,116,2.0109
1989,8,3,5,89,7.2530
1989,9,1,1,490,0.7073
1989,9,1,2,289,0.1421
1989,9,1,3,331,-0.1999
1989,9,1,4,241,-0.1825
1989,9,1,5,396,-0.3302
1989,9,2,1,164,2.5570
1989,9,2,2,145,0.3065
1989,9,2,3,118,-0.4538
1989,9,2,4,73,1.2774
1989,9,2,5,81,-0.4064
1989,9,3,1,127,0.5969
1989,9,3,2,115,-1.0865
1989,9,3,3,102,-0.4399
1989,9,3,4,110,0.5514
1989,9,3,5,93,-2.0832
1989,10,1,1,484,-5.1234
1989,10,1,2,310,-4.0394
1989,10,1,3,279,-5.4216
1989,10,1,4,275,-4.5793
1989,10,1,5,389,-6.8234
1989,10,2,1,170,-5.9950
1989,10,2,2,145,-6.5275
1989,10,2,3,116,-6.9153
1989,10,2,4,71,-4.9783
1989,10,2,5,78,-4.3746
1989,10,3,1,136,-1.5084
1989,10,3,2,115,-1.4652
1989,10,3,3,92,-4.5272
1989,10,3,4,112,-0.8658
1989,10,3,5,97,-3.2183
1989,11,1,1,464,0.6189
1989,11,1,2,275,-0.7477
1989,11,1,3,292,0.1657
1989,11,1,4,245,-0.5312
1989,11,1,5,457,-0.2981
1989,11,2,1,173,1.9006
1989,11,2,2,126,1.1974
1989,11,2,3,119,0.3583
1989,11,2,4,87,0.5645
1989,11,2,5,85,0.7139
1989,11,3,1,128,3.1723
1989,11,3,2,126,1.4470
1989,11,3,3,104,3.0973
1989,11,3,4,103,2.4474
1989,11,3,5,95,0.6342
1989,12,1,1,425,-1.3622
1989,12,1,2,278,-0.2725
1989,12,1,3,292,0.6967
1989,12,1,4,233,-0.0104
1989,12,1,5,504,-0.5196
1989,12,2,1,160,2.1768
1989,12,2,2,143,3.0672
1989,12,2,3,102,1.7144
1989,12,2,4,99,0.5495
1989,12,2,5,84,0.4782
1989,12,3,1,125,0.9810
1989,12,3,2,129,2.3571
1989,12,3,3,109,3.6896
1989,12,3,4,94,4.2294
1989,12,3,5,97,3.5155
1990,1,1,1,409,-8.3606
1990,1,1,2,265,-7.8894
1990,1,1,3,296,-6.8688
1990,1,1,4,242,-6.9810
1990,1,1,5,501,-6.8763
1990,1,2,1,175,-10.3881
1990,1,2,2,134,-8.3241
1990,1,2,3,107,-7.6579
1990,1,2,4,88,-7.0900
1990,1,2,5,87,-10.0850
1990,1,3,1,132,-7.3665
1990,1,3,2,124,-6.4615
1990,1,3,3,118,-7.9728
1990,1,3,4,94,-5.3480
1990,1,3,5,90,-6.0456
1990,2,1,1,434,1.5211
1990,2,1,2,269,3.6250
1990,2,1,3,330,3.2560
1990,2,1,4,242,2.1084
1990,2,1,5,420,2.6979
1990,2,2,1,148,3.2287
1990,2,2,2,139,3.8208
1990,2,2,3,117,3.1560
1990,2,2,4,85,2.2145
1990,2,2,5,82,5.6324
1990,2,3,1,136,0.8947
1990,2,3,2,118,0.8073
1990,2,3,3,103,2.6531
1990,2,3,4,103,1.0897
1990,2,3,5,88,3.1804
1990,3,1,1,448,3.3944
1990,3,1,2,245,4.3903
1990,3,1,3,317,4.4418
1990,3,1,4,262,4.9652
1990,3,1,5,413,3.1879
1990,3,2,1,163,4.9917
1990,3,2,2,132,5.4183
1990,3,2,3,115,4.7365
1990,3,2,4,87,5.1628
1990,3,2,5,81,5.3347
1990,3,3,1,145,2.8161
1990,3,3,2,111,4.2895
1990,3,3,3,104,2.3114
1990,3,3,4,106,2.7628
1990,3,3,5,83,1.6426
1990,4,1,1,432,-1.6599
1990,4,1,2,253,-1.3982
1990,4,1,3,305,-1.0384
1990,4,1,4,260,-3.4185
1990,4,1,5,415,-3.9797
1990,4,2,1,164,-4.2309
1990,4,2,2,142,-3.4681
1990,4,2,3,111,-2.9149
1990,4,2,4,95,-2.6711
1990,4,2,5,70,-5.8461
1990,4,3,1,139,-0.2797
1990,4,3,2,119,-1.2571
1990,4,3,3,102,-2.5164
1990,4,3,4,104,-3.6560
1990,4,3,5,91,-4.7648
1990,5,1,1,398,6.7309
1990,5,1,2,264,7.0873
1990,5,1,3,214,5.7947
1990,5,1,4,249,4.5658
1990,5,1,5,453,6.0056
1990,5,2,1,180,11.4976
1990,5,2,2,146,10.3369
1990,5,2,3,107,8.4358
1990,5,2,4,96,5.9686
1990,5,2,5,94,7.1271
1990,5,3,1,149,13.1281
1990,5,3,2,112,9.8925
1990,5,3,3,109,7.4209
1990,5,3,4,101,6.7654
1990,5,3,5,72,7.5271
1990,6,1,1,368,3.7953
1990,6,1,2,241,1.6596
1990,6,1,3,224,-0.0280
1990,6,1,4,265,2.5214
1990,6,1,5,459,1.1102
1990,6,2,1,180,1.1647
1990,6,2,2,132,0.4165
1990,6,2,3,123,0.2806
1990,6,2,4,90,-0.8596
1990,6,2,5,102,0.2018
1990,6,3,1,151,2.0161
1990,6,3,2,115,0.8734
1990,6,3,3,105,-2.6123
1990,6,3,4,105,-2.6588
1990,6,3,5,71,-2.7998
1990,7,1,1,372,-3.9815
1990,7,1,2,255,-4.4205
1990,7,1,3,242,-3.3649
1990,7,1,4,226,-4.6296
1990,7,1,5,466,-3.8497
1990,7,2,1,175,-4.1053
1990,7,2,2,133,-4.2887
1990,7,2,3,121,-1.9964
1990,7,2,4,80,-3.8466
1990,7,2,5,94,-2.1580
1990,7,3,1,141,-0.6061
1990,7,3,2,117,-1.6187
1990,7,3,3,102,0.2635
1990,7,3,4,109,0.3424
1990,7,3,5,79,-1.1231
1990,8,1,1,428,-15.5370
1990,8,1,2,218,-13.1069
1990,8,1,3,243,-13.9764
1990,8,1,4,245,-11.1098
1990,8,1,5,435,-11.8619
1990,8,2,1,194,-13.6736
1990,8,2,2,132,-14.2484
1990,8,2,3,117,-10.8770
1990,8,2,4,85,-13.4590
1990,8,2,5,103,-11.7370
1990,8,3,1,146,-8.2714
1990,8,3,2,123,-10.6426
1990,8,3,3,106,-5.8615
1990,8,3,4,110,-8.4168
1990,8,3,5,88,-10.4409
1990,9,1,1,415,-9.8317
1990,9,1,2,232,-9.0133
1990,9,1,3,226,-7.2950
1990,9,1,4,249,-9.0335
1990,9,1,5,456,-8.8127
1990,9,2,1,176,-8.8841
1990,9,2,2,137,-9.6917
1990,9,2,3,121,-9.6065
1990,9,2,4,77,-8.3100
1990,9,2,5,98,-6.8952
1990,9,3,1,147,-5.9820
1990,9,3,2,119,-5.4012
1990,9,3,3,112,-2.7787
1990,9,3,4,114,0.0820
1990,9,3,5,82,-5.2219
1990,10,1,1,404,-5.6116
1990,10,1,2,242,-6.6003
1990,10,1,3,222,-5.9056
1990,10,1,4,242,-7.1080
1990,10,1,5,477,-5.5666
1990,10,2,1,176,-5.2597
1990,10,2,2,110,-4.7159
1990,10,2,3,126,-5.5083
1990,10,2,4,96,-6.5203
1990,10,2,5,96,-4.6834
1990,10,3,1,140,0.9506
1990,10,3,2,131,-1.1029
1990,10,3,3,107,-0.3008
1990,10,3,4,111,2.2734
1990,10,3,5,81,-0.6178
1990,11,1,1,337,4.3936
1990,11,1,2,238,5.4487
1990,11,1,3,231,6.0036
1990,11,1,4,333,6.6447
1990,11,1,5,496,4.2966
1990,11,2,1,179,8.9284
1990,11,2,2,122,7.6175
1990,11,2,3,119,6.9305
1990,11,2,4,106,10.2739
1990,11,2,5,109,7.8420
1990,11,3,1,156,7.7649
1990,11,3,2,127,5.9463
1990,11,3,3,133,3.2121
1990,11,3,4,98,6.5277
1990,11,3,5,65,8.1930
1990,12,1,1,335,-0.5623
1990,12,1,2,250,4.4046
1990,12,1,3,229,2.2251
1990,12,1,4,291,3.1858
1990,12,1,5,556,1.2021
1990,12,2,1,184,4.1764
1990,12,2,2,127,5.5287
1990,12,2,3,102,4.7037
1990,12,2,4,107,6.5280
1990,12,2,5,108,8.0400
1990,12,3,1,157,2.7561
1990,12,3,2,134,3.2321
1990,12,3,3,118,1.5670
1990,12,3,4,102,3.5936
1990,12,3,5,63,2.1312
1991,1,1,1,333,6.1552
1991,1,1,2,216,7.2641
1991,1,1,3,221,12.5553
1991,1,1,4,273,7.8634
1991,1,1,5,585,12.7576
1991,1,2,1,197,7.4862
1991,1,2,2,134,7.9751
1991,1,2,3,97,9.7588
1991,1,2,4,116,6.9032
1991,1,2,5,111,12.0090
1991,1,3,1,157,4.8124
1991,1,3,2,133,7.1454
1991,1,3,3,123,0.3774
1991,1,3,4,102,2.4691
1991,1,3,5,61,10.8887
1991,2,1,1,346,12.5899
1991,2,1,2,239,13.1573
1991,2,1,3,238,13.0681
1991,2,1,4,260,11.5968
1991,2,1,5,543,14.4202
1991,2,2,1,195,7.7724
1991,2,2,2,129,10.2281
1991,2,2,3,106,13.3558
1991,2,2,4,98,9.6633
1991,2,2,5,91,12.3520
1991,2,3,1,153,7.3882
1991,2,3,2,132,6.9155
1991,2,3,3,114,7.3994
1991,2,3,4,96,4.1980
1991,2,3,5,79,7.0660
1991,3,1,1,350,8.8584
1991,3,1,2,246,8.5009
1991,3,1,3,236,7.6418
1991,3,1,4,282,7.3405
1991,3,1,5,494,9.3191
1991,3,2,1,191,5.2799
1991,3,2,2,133,5.7693
1991,3,2,3,112,5.8215
1991,3,2,4,100,4.3686
1991,3,2,5,78,4.1510
1991,3,3,1,146,4.4551
1991,3,3,2,132,3.2667
1991,3,3,3,116,0.4410
1991,3,3,4,102,1.0165
1991,3,3,5,84,1.0474
1991,4,1,1,366,0.9262
1991,4,1,2,228,2.0344
1991,4,1,3,283,-0.2046
1991,4,1,4,265,1.7014
1991,4,1,5,453,1.3133
1991,4,2,1,210,0.0026
1991,4,2,2,118,0.3192
1991,4,2,3,118,0.4753
1991,4,2,4,92,0.5986
1991,4,2,5,76,0.5571
1991,4,3,1,145,-0.2006
1991,4,3,2,133,-0.5211
1991,4,3,3,117,-0.6653
1991,4,3,4,97,1.4171
1991,4,3,5,86,1.0570
1991,5,1,1,387,5.4233
1991,5,1,2,202,3.9350
1991,5,1,3,252,3.1822
1991,5,1,4,210,4.6006
1991,5,1,5,480,2.3533
1991,5,2,1,193,4.4068
1991,5,2,2,107,4.8969
1991,5,2,3,122,3.2507
1991,5,2,4,87,4.0041
1991,5,2,5,93,3.7147
1991,5,3,1,142,6.0444
1991,5,3,2,135,3.6722
1991,5,3,3,104,5.4168
1991,5,3,4,111,1.3547
1991,5,3,5,72,2.8932
1991,6,1,1,377,-5.0520
1991,6,1,2,194,-3.6586
1991,6,1,3,250,-4.2970
1991,6,1,4,208,-5.0264
1991,6,1,5,479,-3.9115
1991,6,2,1,189,-6.8639
1991,6,2,2,100,-3.9805
1991,6,2,3,135,-5.3937
1991,6,2,4,82,-3.6296
1991,6,2,5,104,-2.8347
1991,6,3,1,142,-4.4328
1991,6,3,2,133,-5.0271
1991,6,3,3,104,-4.8546
1991,6,3,4,106,-2.9149
1991,6,3,5,73,-5.1242
1991,7,1,1,410,3.2082
1991,7,1,2,184,3.5433
1991,7,1,3,244,2.4194
1991,7,1,4,194,2.5806
1991,7,1,5,496,2.7500
1991,7,2,1,181,5.4503
1991,7,2,2,100,2.7050
1991,7,2,3,126,1.7260
1991,7,2,4,88,5.1430
1991,7,2,5,91,3.7157
1991,7,3,1,144,6.7741
1991,7,3,2,138,3.7514
1991,7,3,3,93,3.3863
1991,7,3,4,105,2.9693
1991,7,3,5,81,4.6402
1991,8,1,1,376,3.3556
1991,8,1,2,225,3.5633
1991,8,1,3,256,2.0174
1991,8,1,4,224,2.5213
1991,8,1,5,424,2.6775
1991,8,2,1,184,5.5200
1991,8,2,2,128,2.5058
1991,8,2,3,119,3.3422
1991,8,2,4,70,2.9961
1991,8,2,5,102,2.8963
1991,8,3,1,156,4.1597
1991,8,3,2,124,3.1240
1991,8,3,3,102,1.8654
1991,8,3,4,117,0.8051
1991,8,3,5,78,2.2388
1991,9,1,1,389,2.6498
1991,9,1,2,211,0.7577
1991,9,1,3,234,1.0220
1991,9,1,4,226,0.6861
1991,9,1,5,446,-1.1947
1991,9,2,1,201,-0.8291
1991,9,2,2,119,-1.7881
1991,9,2,3,125,-0.6323
1991,9,2,4,62,1.6865
1991,9,2,5,105,1.6344
1991,9,3,1,152,-3.1871
1991,9,3,2,124,-2.2154
1991,9,3,3,105,0.5607
1991,9,3,4,120,-0.7523
1991,9,3,5,76,0.1593
1991,10,1,1,376,4.7246
1991,10,1,2,237,3.2520
1991,10,1,3,236,1.5379
1991,10,1,4,209,2.7921
1991,10,1,5,462,2.1190
1991,10,2,1,186,2.0939
1991,10,2,2,122,0.1993
1991,10,2,3,125,0.8565
1991,10,2,4,71,1.2832
1991,10,2,5,86,2.0473
1991,10,3,1,157,2.2399
1991,10,3,2,126,0.4459
1991,10,3,3,104,0.4751
1991,10,3,4,108,2.0712
1991,10,3,5,87,1.7277
1991,11,1,1,400,-3.2458
1991,11,1,2,203,-3.3670
1991,11,1,3,221,-0.3157
1991,11,1,4,199,-2.1222
1991,11,1,5,566,-4.0092
1991,11,2,1,210,-4.7744
1991,11,2,2,141,-5.1710
1991,11,2,3,106,-5.1017
1991,11,2,4,89,-4.2358
1991,11,2,5,92,-5.5677
1991,11,3,1,134,-0.0050
1991,11,3,2,131,-3.5735
1991,11,3,3,127,-5.1345
1991,11,3,4,111,-4.5829
1991,11,3,5,85,-4.9734
1991,12,1,1,392,7.7468
1991,12,1,2,213,6.0873
1991,12,1,3,219,4.1461
1991,12,1,4,208,3.2607
1991,12,1,5,535,3.3810
1991,12,2,1,204,10.7465
1991,12,2,2,139,7.1090
1991,12,2,3,102,9.7763
1991,12,2,4,99,7.7674
1991,12,2,5,99,6.6612
1991,12,3,1,141,16.1424
1991,12,3,2,134,11.9418
1991,12,3,3,121,8.9921
1991,12,3,4,114,8.2082
1991,12,3,5,84,8.5281
1992,1,1,1,383,11.1526
1992,1,1,2,196,9.8324
1992,1,1,3,214,13.5056
1992,1,1,4,198,10.0349
1992,1,1,5,593,12.4375
1992,1,2,1,206,6.7383
1992,1,2,2,141,5.8166
1992,1,2,3,108,6.5754
1992,1,2,4,90,8.9896
1992,1,2,5,100,7.0806
1992,1,3,1,148,-4.1098
1992,1,3,2,139,-0.2031
1992,1,3,3,122,-0.1721
1992,1,3,4,118,-1.7731
1992,1,3,5,74,2.0867
1992,2,1,1,421,1.7817
1992,2,1,2,228,4.7112
1992,2,1,3,249,4.2077
1992,2,1,4,233,4.3608
1992,2,1,5,471,9.3413
1992,2,2,1,234,1.3147
1992,2,2,2,129,2.6251
1992,2,2,3,128,2.6332
1992,2,2,4,86,2.1727
1992,2,2,5,70,4.4158
1992,2,3,1,148,-0.0638
1992,2,3,2,131,1.5084
1992,2,3,3,111,1.8818
1992,2,3,4,111,0.9293
1992,2,3,5,91,0.1600
1992,3,1,1,443,-4.7880
1992,3,1,2,222,-2.6529
1992,3,1,3,262,-1.5313
1992,3,1,4,242,-0.8036
1992,3,1,5,446,-1.4879
1992,3,2,1,234,-6.0808
1992,3,2,2,119,-4.2899
1992,3,2,3,128,-2.5432
1992,3,2,4,87,-0.6343
1992,3,2,5,73,-3.0512
1992,3,3,1,149,-3.1508
1992,3,3,2,130,-2.7753
1992,3,3,3,112,-2.1706
1992,3,3,4,106,-1.1982
1992,3,3,5,94,-1.3242
1992,4,1,1,447,-7.6628
1992,4,1,2,232,-5.6206
1992,4,1,3,258,-4.1597
1992,4,1,4,245,-3.4254
1992,4,1,5,437,-2.4551
1992,4,2,1,220,-6.5295
1992,4,2,2,130,-2.4921
1992,4,2,3,130,-1.7653
1992,4,2,4,79,-0.5384
1992,4,2,5,74,-0.2515
1992,4,3,1,142,-2.2282
1992,4,3,2,125,1.9868
1992,4,3,3,116,3.8941
1992,4,3,4,111,7.7883
1992,4,3,5,92,3.9981
1992,5,1,1,402,-0.8792
1992,5,1,2,252,-0.3237
1992,5,1,3,212,0.6574
1992,5,1,4,223,1.0161
1992,5,1,5,495,-0.1221
1992,5,2,1,202,-1.3749
1992,5,2,2,131,-0.4529
1992,5,2,3,124,1.0649
1992,5,2,4,100,0.1513
1992,5,2,5,92,1.2618
1992,5,3,1,154,0.3617
1992,5,3,2,127,0.2775
1992,5,3,3,117,0.7648
1992,5,3,4,109,0.0914
1992,5,3,5,78,-0.1039
1992,6,1,1,415,-7.2163
1992,6,1,2,246,-5.1149
1992,6,1,3,234,-5.0132
1992,6,1,4,209,-5.3512
1992,6,1,5,458,-4.1894
1992,6,2,1,200,-4.7366
1992,6,2,2,129,-4.8113
1992,6,2,3,123,-2.2079
1992,6,2,4,102,-3.5841
1992,6,2,5,100,-3.5929
1992,6,3,1,148,-3.7986
1992,6,3,2,124,-3.2120
1992,6,3,3,122,-0.2690
1992,6,3,4,110,-2.4775
1992,6,3,5,77,0.0101
1992,7,1,1,404,1.1194
1992,7,1,2,210,0.5917
1992,7,1,3,217,2.2516
1992,7,1,4,251,3.3362
1992,7,1,5,463,4.1784
1992,7,2,1,190,2.0188
1992,7,2,2,128,4.5319
1992,7,2,3,119,4.8646
1992,7,2,4,96,4.6712
1992,7,2,5,100,1.4326
1992,7,3,1,159,4.9460
1992,7,3,2,117,3.6960
1992,7,3,3,113,3.2667
1992,7,3,4,115,5.7772
1992,7,3,5,76,6.5491
1992,8,1,1,372,-3.1579
1992,8,1,2,226,-3.2425
1992,8,1,3,280,-1.5565
1992,8,1,4,242,-1.9110
1992,8,1,5,487,-1.1784
1992,8,2,1,193,-4.1302
1992,8,2,2,138,-2.1714
1992,8,2,3,132,-0.8778
1992,8,2,4,90,-2.0137
1992,8,2,5,106,-1.3406
1992,8,3,1,169,-0.6578
1992,8,3,2,136,-1.8640
1992,8,3,3,114,-1.9858
1992,8,3,4,123,-0.8947
1992,8,3,5,79,-4.8304
1992,9,1,1,367,-0.6308
1992,9,1,2,205,-0.3559
1992,9,1,3,292,2.8008
1992,9,1,4,219,4.3792
1992,9,1,5,513,-0.2432
1992,9,2,1,196,3.3338
1992,9,2,2,144,0.7736
1992,9,2,3,139,2.3277
1992,9,2,4,93,1.9551
1992,9,2,5,109,2.2811
1992,9,3,1,161,1.0226
1992,9,3,2,143,2.4395
1992,9,3,3,116,2.3001
1992,9,3,4,125,0.1835
1992,9,3,5,76,-0.2091
1992,10,1,1,350,3.0138
1992,10,1,2,230,0.4300
1992,10,1,3,273,3.1773
1992,10,1,4,216,2.8256
1992,10,1,5,528,2.8258
1992,10,2,1,191,4.5314
1992,10,2,2,160,3.7929
1992,10,2,3,130,1.5071
1992,10,2,4,103,2.2279
1992,10,2,5,100,2.8848
1992,10,3,1,174,3.2397
1992,10,3,2,141,1.0164
1992,10,3,3,114,0.5931
1992,10,3,4,121,-2.1419
1992,10,3,5,79,1.0078
1992,11,1,1,379,8.0224
1992,11,1,2,240,9.9107
1992,11,1,3,231,11.9291
1992,11,1,4,258,8.4931
1992,11,1,5,576,9.6687
1992,11,2,1,213,8.0229
1992,11,2,2,148,6.3715
1992,11,2,3,118,7.0241
1992,11,2,4,108,6.6161
1992,11,2,5,99,6.8995
1992,11,3,1,171,3.3053
1992,11,3,2,141,3.9960
1992,11,3,3,123,3.7795
1992,11,3,4,117,2.0124
1992,11,3,5,82,3.0091
1992,12,1,1,373,1.4047
1992,12,1,2,263,3.2902
1992,12,1,3,202,3.6221
1992,12,1,4,265,4.5079
1992,12,1,5,551,4.1128
1992,12,2,1,243,2.5941
1992,12,2,2,141,2.5800
1992,12,2,3,120,2.1328
1992,12,2,4,106,2.7565
1992,12,2,5,86,4.2666
1992,12,3,1,173,-0.2045
1992,12,3,2,140,1.6470
1992,12,3,3,130,1.3744
1992,12,3,4,108,3.2574
1992,12,3,5,91,0.5688
1993,1,1,1,396,4.9152
1993,1,1,2,261,3.1932
1993,1,1,3,206,3.7453
1993,1,1,4,276,5.9170
1993,1,1,5,515,5.8990
1993,1,2,1,253,0.5884
1993,1,2,2,135,2.5502
1993,1,2,3,121,2.6904
1993,1,2,4,99,1.9240
1993,1,2,5,93,5.7086
1993,1,3,1,177,-1.6399
1993,1,3,2,139,0.3968
1993,1,3,3,129,0.3668
1993,1,3,4,118,0.6538
1993,1,3,5,88,4.3542
1993,2,1,1,394,-6.2912
1993,2,1,2,278,-3.6512
1993,2,1,3,267,-2.9853
1993,2,1,4,239,-0.1382
1993,2,1,5,486,-0.0285
1993,2,2,1,245,-6.5427
1993,2,2,2,143,-2.8273
1993,2,2,3,131,-1.2044
1993,2,2,4,87,0.2883
1993,2,2,5,84,0.4705
1993,2,3,1,167,-2.6821
1993,2,3,2,146,-0.6444
1993,2,3,3,114,1.4954
1993,2,3,4,116,3.7926
1993,2,3,5,94,4.3286
1993,3,1,1,427,1.4613
1993,3,1,2,277,1.5521
1993,3,1,3,250,1.3117
1993,3,1,4,238,1.4779
1993,3,1,5,510,3.0705
1993,3,2,1,223,4.1602
1993,3,2,2,142,2.3050
1993,3,2,3,126,2.1661
1993,3,2,4,85,1.9880
1993,3,2,5,91,2.7798
1993,3,3,1,161,2.4194
1993,3,3,2,141,2.8475
1993,3,3,3,121,1.6257
1993,3,3,4,131,2.3505
1993,3,3,5,82,3.4079
1993,4,1,1,418,-4.7213
1993,4,1,2,255,-3.7525
1993,4,1,3,260,-4.8929
1993,4,1,4,264,-0.9618
1993,4,1,5,507,-2.1001
1993,4,2,1,228,-4.1456
1993,4,2,2,125,-2.0983
1993,4,2,3,122,-1.6483
1993,4,2,4,101,-2.4196
1993,4,2,5,85,-3.6471
1993,4,3,1,170,-7.0864
1993,4,3,2,130,-1.1332
1993,4,3,3,135,-4.0120
1993,4,3,4,117,0.5142
1993,4,3,5,90,-1.2827
1993,5,1,1,413,4.6807
1993,5,1,2,251,4.8083
1993,5,1,3,256,3.1094
1993,5,1,4,259,3.9956
1993,5,1,5,498,4.2262
1993,5,2,1,198,7.9530
1993,5,2,2,148,6.2243
1993,5,2,3,135,5.5327
1993,5,2,4,95,4.9563
1993,5,2,5,109,5.8523
1993,5,3,1,180,4.6560
1993,5,3,2,130,2.6562
1993,5,3,3,134,3.5510
1993,5,3,4,123,1.9242
1993,5,3,5,77,2.2353
1993,6,1,1,402,1.9806
1993,6,1,2,262,-0.4831
1993,6,1,3,263,-0.0110
1993,6,1,4,257,-1.0564
1993,6,1,5,490,-0.5321
1993,6,2,1,203,1.1140
1993,6,2,2,140,0.0332
1993,6,2,3,132,1.2951
1993,6,2,4,91,-2.0162
1993,6,2,5,109,-0.5278
1993,6,3,1,182,-1.3458
1993,6,3,2,135,-1.6335
1993,6,3,3,128,0.5552
1993,6,3,4,125,1.2568
1993,6,3,5,80,2.8387
1993,7,1,1,406,0.5941
1993,7,1,2,255,0.2775
1993,7,1,3,287,0.1730
1993,7,1,4,243,-0.3288
1993,7,1,5,490,1.8861
1993,7,2,1,206,-0.2636
1993,7,2,2,137,0.9948
1993,7,2,3,122,1.9835
1993,7,2,4,90,0.5059
1993,7,2,5,105,-0.4223
1993,7,3,1,180,-2.8128
1993,7,3,2,137,-1.0507
1993,7,3,3,126,-0.5072
1993,7,3,4,122,1.1051
1993,7,3,5,81,1.2888
1993,8,1,1,497,3.9367
1993,8,1,2,245,3.3892
1993,8,1,3,302,2.9940
1993,8,1,4,245,4.3275
1993,8,1,5,462,5.0708
1993,8,2,1,222,5.6309
1993,8,2,2,144,4.3990
1993,8,2,3,115,3.8610
1993,8,2,4,80,2.9764
1993,8,2,5,107,3.1034
1993,8,3,1,182,4.0156
1993,8,3,2,142,3.7563
1993,8,3,3,130,5.3537
1993,8,3,4,132,4.4355
1993,8,3,5,89,0.7922
1993,9,1,1,482,3.4538
1993,9,1,2,237,2.2957
1993,9,1,3,289,1.9608
1993,9,1,4,242,0.2845
1993,9,1,5,488,1.7672
1993,9,2,1,220,3.5114
1993,9,2,2,152,2.5532
1993,9,2,3,107,2.0835
1993,9,2,4,78,1.2793
1993,9,2,5,103,1.7834
1993,9,3,1,185,0.2242
1993,9,3,2,139,-0.9463
1993,9,3,3,140,-0.3758
1993,9,3,4,127,-0.8023
1993,9,3,5,92,-0.4224
1993,10,1,1,480,3.5772
1993,10,1,2,267,2.3737
1993,10,1,3,247,3.1365
1993,10,1,4,257,5.2406
1993,10,1,5,484,5.8259
1993,10,2,1,222,2.5784
1993,10,2,2,150,0.7689
1993,10,2,3,115,2.0722
1993,10,2,4,85,3.0479
1993,10,2,5,93,2.9084
1993,10,3,1,190,2.2705
1993,10,3,2,141,3.2541
1993,10,3,3,135,2.0937
1993,10,3,4,132,1.6889
1993,10,3,5,93,4.3666
1993,11,1,1,461,-4.6921
1993,11,1,2,289,-1.9497
1993,11,1,3,251,-1.5383
1993,11,1,4,257,-2.0883
1993,11,1,5,531,-0.6944
1993,11,2,1,251,-3.7572
1993,11,2,2,151,-3.2343
1993,11,2,3,117,-2.2003
1993,11,2,4,90,-0.1972
1993,11,2,5,95,-0.4670
1993,11,3,1,185,0.0987
1993,11,3,2,142,-1.4697
1993,11,3,3,140,-1.4716
1993,11,3,4,134,-2.0954
1993,11,3,5,88,0.3998
1993,12,1,1,454,-0.6039
1993,12,1,2,310,3.3309
1993,12,1,3,254,2.5898
1993,12,1,4,262,1.7448
1993,12,1,5,522,2.2749
1993,12,2,1,246,3.3769
1993,12,2,2,132,5.4188
1993,12,2,3,128,5.1079
1993,12,2,4,90,6.9334
1993,12,2,5,89,5.2479
1993,12,3,1,179,1.2150
1993,12,3,2,145,2.0259
1993,12,3,3,143,2.6872
1993,12,3,4,127,1.2112
1993,12,3,5,91,2.3302
1994,1,1,1,438,3.4474
1994,1,1,2,289,3.8312
1994,1,1,3,263,6.6656
1994,1,1,4,246,5.8206
1994,1,1,5,538,7.3198
1994,1,2,1,255,1.6694
1994,1,2,2,139,2.2183
1994,1,2,3,119,2.7105
1994,1,2,4,91,3.0118
1994,1,2,5,92,5.0809
1994,1,3,1,196,0.6630
1994,1,3,2,133,1.4913
1994,1,3,3,147,3.7287
1994,1,3,4,122,3.3448
1994,1,3,5,95,5.6257
1994,2,1,1,444,-1.0929
1994,2,1,2,278,1.2210
1994,2,1,3,295,0.7185
1994,2,1,4,337,1.7774
1994,2,1,5,457,0.6793
1994,2,2,1,230,-0.7244
1994,2,2,2,156,1.6489
1994,2,2,3,131,0.2033
1994,2,2,4,107,-0.8212
1994,2,2,5,81,0.9518
1994,2,3,1,199,-0.7129
1994,2,3,2,140,-1.2382
1994,2,3,3,134,-1.6389
1994,2,3,4,110,-2.9861
1994,2,3,5,99,-3.2286
1994,3,1,1,446,-6.0740
1994,3,1,2,273,-3.9641
1994,3,1,3,298,-3.8975
1994,3,1,4,337,-5.4553
1994,3,1,5,439,-4.4041
1994,3,2,1,242,-6.3151
1994,3,2,2,156,-5.0668
1994,3,2,3,137,-5.3385
1994,3,2,4,118,-5.1542
1994,3,2,5,81,-4.9733
1994,3,3,1,195,-4.6031
1994,3,3,2,157,-4.5445
1994,3,3,3,126,-5.1370
1994,3,3,4,106,-2.8676
1994,3,3,5,105,-4.0118
1994,4,1,1,474,-3.0488
1994,4,1,2,287,-1.1397
1994,4,1,3,255,-1.2260
1994,4,1,4,337,0.7605
1994,4,1,5,453,-0.1232
1994,4,2,1,232,-1.1371
1994,4,2,2,158,-0.7790
1994,4,2,3,132,0.7014
1994,4,2,4,110,1.4834
1994,4,2,5,92,0.3025
1994,4,3,1,200,0.4617
1994,4,3,2,141,-1.0025
1994,4,3,3,134,1.8469
1994,4,3,4,106,2.1357
1994,4,3,5,103,2.4760
1994,5,1,1,480,-2.6869
1994,5,1,2,283,-1.2216
1994,5,1,3,260,-1.3017
1994,5,1,4,260,0.2100
1994,5,1,5,535,0.1389
1994,5,2,1,220,-2.5282
1994,5,2,2,162,-2.3442
1994,5,2,3,142,-1.5050
1994,5,2,4,100,-1.0896
1994,5,2,5,110,-2.0033
1994,5,3,1,196,-1.3312
1994,5,3,2,149,1.0545
1994,5,3,3,127,1.9626
1994,5,3,4,129,-0.0709
1994,5,3,5,79,-1.3744
1994,6,1,1,477,-6.7761
1994,6,1,2,296,-3.9509
1994,6,1,3,285,-5.2612
1994,6,1,4,290,-2.3388
1994,6,1,5,481,-1.0228
1994,6,2,1,207,-4.8789
1994,6,2,2,156,-2.2108
1994,6,2,3,146,-2.8979
1994,6,2,4,103,-2.4050
1994,6,2,5,103,-1.8641
1994,6,3,1,201,-2.8739
1994,6,3,2,150,-2.7448
1994,6,3,3,124,-3.6396
1994,6,3,4,130,-2.2957
1994,6,3,5,81,-2.6107
1994,7,1,1,476,0.6299
1994,7,1,2,289,1.0172
1994,7,1,3,261,2.0025
1994,7,1,4,346,0.7283
1994,7,1,5,484,2.0919
1994,7,2,1,201,2.7580
1994,7,2,2,160,1.4113
1994,7,2,3,138,1.5544
1994,7,2,4,98,4.1305
1994,7,2,5,95,3.3560
1994,7,3,1,192,3.9603
1994,7,3,2,146,2.6935
1994,7,3,3,126,4.8866
1994,7,3,4,134,3.1449
1994,7,3,5,81,4.4499
1994,8,1,1,551,3.9611
1994,8,1,2,290,4.9343
1994,8,1,3,325,4.4655
1994,8,1,4,377,3.8618
1994,8,1,5,403,5.1472
1994,8,2,1,198,9.2367
1994,8,2,2,161,7.1206
1994,8,2,3,134,4.9178
1994,8,2,4,94,5.6007
1994,8,2,5,110,5.2595
1994,8,3,1,194,5.9168
1994,8,3,2,154,3.8041
1994,8,3,3,150,4.8827
1994,8,3,4,126,2.7996
1994,8,3,5,97,1.0915
1994,9,1,1,537,1.6476
1994,9,1,2,256,2.4667
1994,9,1,3,342,2.4937
1994,9,1,4,358,2.0229
1994,9,1,5,435,1.9314
1994,9,2,1,221,0.7598
1994,9,2,2,149,-1.1421
1994,9,2,3,140,0.1618
1994,9,2,4,102,-1.4806
1994,9,2,5,101,-1.0654
1994,9,3,1,196,-0.8571
1994,9,3,2,154,-1.1238
1994,9,3,3,148,-1.9556
1994,9,3,4,122,-1.9482
1994,9,3,5,102,-4.3575
1994,10,1,1,506,2.8515
1994,10,1,2,293,2.0108
1994,10,1,3,354,0.2913
1994,10,1,4,351,1.2300
1994,10,1,5,416,0.1974
1994,10,2,1,220,2.0035
1994,10,2,2,148,0.2692
1994,10,2,3,134,1.0966
1994,10,2,4,113,0.3172
1994,10,2,5,94,-1.4987
1994,10,3,1,198,2.3985
1994,10,3,2,160,2.0532
1994,10,3,3,147,2.2887
1994,10,3,4,120,3.5477
1994,10,3,5,105,0.4945
1994,11,1,1,550,-2.5521
1994,11,1,2,314,-2.5503
1994,11,1,3,249,-3.3837
1994,11,1,4,340,-3.1799
1994,11,1,5,550,-2.9102
1994,11,2,1,274,-2.6379
1994,11,2,2,146,-4.4335
1994,11,2,3,106,-4.5258
1994,11,2,4,107,-4.6953
1994,11,2,5,104,-3.7409
1994,11,3,1,217,-2.2320
1994,11,3,2,144,-4.1526
1994,11,3,3,154,-3.4139
1994,11,3,4,126,-3.6530
1994,11,3,5,97,-3.5528
1994,12,1,1,552,-1.2760
1994,12,1,2,309,-1.7834
1994,12,1,3,245,-0.3396
1994,12,1,4,313,-1.1759
1994,12,1,5,559,-0.5230
1994,12,2,1,276,1.6394
1994,12,2,2,161,2.9494
1994,12,2,3,104,3.7888
1994,12,2,4,99,2.5022
1994,12,2,5,116,3.0174
1994,12,3,1,219,-0.1794
1994,12,3,2,151,2.1362
1994,12,3,3,153,1.9026
1994,12,3,4,125,1.5965
1994,12,3,5,96,1.7196
1995,1,1,1,514,0.9076
1995,1,1,2,288,0.9073
1995,1,1,3,246,2.1561
1995,1,1,4,312,3.4641
1995,1,1,5,584,2.7630
1995,1,2,1,277,-2.2951
1995,1,2,2,157,-1.3399
1995,1,2,3,115,-3.0747
1995,1,2,4,105,-1.1349
1995,1,2,5,109,0.8083
1995,1,3,1,216,0.4829
1995,1,3,2,159,1.7493
1995,1,3,3,137,2.0735
1995,1,3,4,138,2.5293
1995,1,3,5,96,2.5528
1995,2,1,1,550,3.4858
1995,2,1,2,285,2.9799
1995,2,1,3,315,2.2552
1995,2,1,4,363,3.8323
1995,2,1,5,503,3.0545
1995,2,2,1,232,3.1545
1995,2,2,2,170,4.0057
1995,2,2,3,129,1.9344
1995,2,2,4,105,3.7533
1995,2,2,5,93,3.2268
1995,2,3,1,211,3.6730
1995,2,3,2,165,4.4942
1995,2,3,3,135,4.4750
1995,2,3,4,128,3.7176
1995,2,3,5,98,2.8467
1995,3,1,1,573,3.9362
1995,3,1,2,272,1.7259
1995,3,1,3,311,1.4011
1995,3,1,4,361,0.0477
1995,3,1,5,511,0.5692
1995,3,2,1,235,3.0389
1995,3,2,2,144,1.5873
1995,3,2,3,125,3.3076
1995,3,2,4,111,3.1866
1995,3,2,5,96,0.3489
1995,3,3,1,226,3.3655
1995,3,3,2,158,1.9287
1995,3,3,3,135,4.3291
1995,3,3,4,129,3.1988
1995,3,3,5,90,1.3346
1995,4,1,1,540,3.5151
1995,4,1,2,272,2.7478
1995,4,1,3,304,2.1791
1995,4,1,4,382,2.7007
1995,4,1,5,506,4.3051
1995,4,2,1,239,1.8976
1995,4,2,2,139,1.9168
1995,4,2,3,127,4.2425
1995,4,2,4,119,2.5665
1995,4,2,5,92,2.3322
1995,4,3,1,242,1.5189
1995,4,3,2,157,4.3024
1995,4,3,3,136,2.3291
1995,4,3,4,129,4.3136
1995,4,3,5,89,3.0184
1995,5,1,1,543,1.3529
1995,5,1,2,292,1.8118
1995,5,1,3,310,1.1092
1995,5,1,4,283,0.8276
1995,5,1,5,537,2.7532
1995,5,2,1,248,1.0797
1995,5,2,2,141,1.1832
1995,5,2,3,147,0.7293
1995,5,2,4,121,1.5421
1995,5,2,5,88,-0.0398
1995,5,3,1,238,3.0422
1995,5,3,2,162,2.6893
1995,5,3,3,134,4.6603
1995,5,3,4,124,2.6607
1995,5,3,5,89,2.4503
1995,6,1,1,529,5.5163
1995,6,1,2,290,4.5671
1995,6,1,3,321,4.1352
1995,6,1,4,285,3.9780
1995,6,1,5,539,2.6108
1995,6,2,1,246,9.1191
1995,6,2,2,149,4.5148
1995,6,2,3,133,4.2223
1995,6,2,4,115,3.4324
1995,6,2,5,100,4.8115
1995,6,3,1,231,5.6165
1995,6,3,2,165,2.0491
1995,6,3,3,139,2.7129
1995,6,3,4,120,1.0234
1995,6,3,5,92,2.8634
1995,7,1,1,509,8.7821
1995,7,1,2,293,4.4975
1995,7,1,3,301,3.1399
1995,7,1,4,269,4.6388
1995,7,1,5,530,5.6619
1995,7,2,1,260,7.5209
1995,7,2,2,157,6.5292
1995,7,2,3,115,4.8983
1995,7,2,4,114,5.3251
1995,7,2,5,108,3.6604
1995,7,3,1,254,4.6212
1995,7,3,2,171,2.9347
1995,7,3,3,137,3.3138
1995,7,3,4,119,4.3177
1995,7,3,5,87,3.3302
1995,8,1,1,580,1.7156
1995,8,1,2,279,4.0274
1995,8,1,3,320,4.5594
1995,8,1,4,328,3.8362
1995,8,1,5,416,2.0281
1995,8,2,1,294,0.4662
1995,8,2,2,165,2.1551
1995,8,2,3,125,2.0667
1995,8,2,4,103,3.2054
1995,8,2,5,108,0.7380
1995,8,3,1,258,0.0873
1995,8,3,2,156,-0.8596
1995,8,3,3,143,-0.3084
1995,8,3,4,133,-0.1104
1995,8,3,5,88,1.4990
1995,9,1,1,558,2.5229
1995,9,1,2,277,2.0230
1995,9,1,3,310,1.0791
1995,9,1,4,314,1.8453
1995,9,1,5,422,1.4273
1995,9,2,1,311,2.9333
1995,9,2,2,160,-0.4940
1995,9,2,3,137,0.3374
1995,9,2,4,100,1.7625
1995,9,2,5,96,0.6977
1995,9,3,1,238,2.5547
1995,9,3,2,164,4.5183
1995,9,3,3,135,4.2148
1995,9,3,4,134,2.2242
1995,9,3,5,102,3.1937
1995,10,1,1,560,-6.5889
1995,10,1,2,280,-6.2761
1995,10,1,3,303,-5.0767
1995,10,1,4,339,-5.6210
1995,10,1,5,408,-6.4169
1995,10,2,1,300,-6.4764
1995,10,2,2,166,-6.3906
1995,10,2,3,126,-5.5070
1995,10,2,4,92,-4.7057
1995,10,2,5,100,-3.8389
1995,10,3,1,251,-1.0047
1995,10,3,2,162,0.4662
1995,10,3,3,140,1.1179
1995,10,3,4,135,0.2988
1995,10,3,5,94,-3.0332
1995,11,1,1,540,2.2445
1995,11,1,2,322,2.2503
1995,11,1,3,264,0.6888
1995,11,1,4,321,1.7856
1995,11,1,5,486,1.4486
1995,11,2,1,291,5.0353
1995,11,2,2,168,3.7395
1995,11,2,3,130,4.6333
1995,11,2,4,104,4.6982
1995,11,2,5,110,4.5506
1995,11,3,1,260,3.6187
1995,11,3,2,163,3.0004
1995,11,3,3,150,4.3027
1995,11,3,4,128,4.1727
1995,11,3,5,101,3.6320
1995,12,1,1,526,-0.3743
1995,12,1,2,297,-0.2219
1995,12,1,3,252,1.2134
1995,12,1,4,334,0.3373
1995,12,1,5,539,0.1437
1995,12,2,1,285,1.9556
1995,12,2,2,156,0.7905
1995,12,2,3,146,1.7455
1995,12,2,4,101,3.7313
1995,12,2,5,101,2.3301
1995,12,3,1,263,-0.0888
1995,12,3,2,165,1.1665
1995,12,3,3,144,2.8262
1995,12,3,4,140,3.5950
1995,12,3,5,98,1.4495
1996,1,1,1,516,0.6751
1996,1,1,2,280,-0.5491
1996,1,1,3,246,-1.2055
1996,1,1,4,365,-0.2558
1996,1,1,5,546,2.2862
1996,1,2,1,281,-0.9069
1996,1,2,2,156,0.6917
1996,1,2,3,137,-1.8392
1996,1,2,4,110,-0.2508
1996,1,2,5,93,3.3412
1996,1,3,1,255,2.8344
1996,1,3,2,171,2.5861
1996,1,3,3,143,1.0264
1996,1,3,4,135,3.3194
1996,1,3,5,104,3.7984
1996,2,1,1,528,2.7369
1996,2,1,2,264,2.5047
1996,2,1,3,306,3.2986
1996,2,1,4,358,3.5394
1996,2,1,5,504,2.2863
1996,2,2,1,280,5.6923
1996,2,2,2,129,6.1835
1996,2,2,3,132,2.9366
1996,2,2,4,130,3.8494
1996,2,2,5,102,3.9508
1996,2,3,1,254,2.7752
1996,2,3,2,170,2.7534
1996,2,3,3,144,1.6251
1996,2,3,4,126,-1.2818
1996,2,3,5,106,-0.3926
1996,3,1,1,525,1.2982
1996,3,1,2,265,3.7534
1996,3,1,3,324,2.2626
1996,3,1,4,335,4.9349
1996,3,1,5,483,4.8158
1996,3,2,1,275,2.7153
1996,3,2,2,138,3.8563
1996,3,2,3,138,3.2709
1996,3,2,4,128,3.3016
1996,3,2,5,96,3.3349
1996,3,3,1,254,0.3614
1996,3,3,2,168,0.8923
1996,3,3,3,146,1.3490
1996,3,3,4,118,2.7624
1996,3,3,5,109,2.4658
1996,4,1,1,526,12.0513
1996,4,1,2,279,9.5098
1996,4,1,3,299,8.0755
1996,4,1,4,336,8.0906
1996,4,1,5,499,6.6824
1996,4,2,1,276,10.4617
1996,4,2,2,139,7.0715
1996,4,2,3,127,5.4606
1996,4,2,4,126,6.0290
1996,4,2,5,86,4.9109
1996,4,3,1,253,2.4021
1996,4,3,2,179,1.8246
1996,4,3,3,133,4.3336
1996,4,3,4,119,1.8728
1996,4,3,5,117,2.1591
1996,5,1,1,525,11.0454
1996,5,1,2,254,5.7318
1996,5,1,3,273,6.7766
1996,5,1,4,317,7.9119
1996,5,1,5,475,6.1624
1996,5,2,1,296,6.3523
1996,5,2,2,161,5.9740
1996,5,2,3,106,1.0747
1996,5,2,4,146,2.5935
1996,5,2,5,92,1.7016
1996,5,3,1,270,4.3627
1996,5,3,2,174,3.5923
1996,5,3,3,155,1.3471
1996,5,3,4,118,0.4746
1996,5,3,5,99,-0.2055
1996,6,1,1,530,-8.7079
1996,6,1,2,264,-5.3894
1996,6,1,3,274,-2.7982
1996,6,1,4,318,-3.9130
1996,6,1,5,442,-2.8945
1996,6,2,1,319,-5.9294
1996,6,2,2,157,-3.3568
1996,6,2,3,117,-3.3560
1996,6,2,4,138,-2.2389
1996,6,2,5,88,-0.0045
1996,6,3,1,266,-0.0019
1996,6,3,2,169,1.1105
1996,6,3,3,155,-0.4012
1996,6,3,4,113,0.1725
1996,6,3,5,102,-3.2389
1996,7,1,1,502,-12.4707
1996,7,1,2,263,-7.8497
1996,7,1,3,316,-7.5544
1996,7,1,4,299,-6.0063
1996,7,1,5,453,-5.4339
1996,7,2,1,309,-13.1708
1996,7,2,2,150,-9.4906
1996,7,2,3,128,-6.4016
1996,7,2,4,129,-6.5188
1996,7,2,5,93,-5.5653
1996,7,3,1,253,-6.3857
1996,7,3,2,176,-4.0123
1996,7,3,3,152,-5.4435
1996,7,3,4,131,-5.4407
1996,7,3,5,99,-3.6533
1996,8,1,1,550,3.8608
1996,8,1,2,306,3.8566
1996,8,1,3,371,4.7341
1996,8,1,4,309,4.1974
1996,8,1,5,394,4.9276
1996,8,2,1,319,7.4963
1996,8,2,2,150,4.9230
1996,8,2,3,151,7.1704
1996,8,2,4,135,5.4643
1996,8,2,5,103,4.0336
1996,8,3,1,256,2.4045
1996,8,3,2,177,2.5595
1996,8,3,3,136,3.0645
1996,8,3,4,129,1.9904
1996,8,3,5,103,2.9803
1996,9,1,1,519,0.7180
1996,9,1,2,324,2.5858
1996,9,1,3,355,2.1420
1996,9,1,4,354,1.7345
1996,9,1,5,415,2.1345
1996,9,2,1,297,5.3446
1996,9,2,2,155,4.5764
1996,9,2,3,136,3.5204
1996,9,2,4,133,3.0739
1996,9,2,5,104,2.3040
1996,9,3,1,253,6.6041
1996,9,3,2,190,7.9316
1996,9,3,3,136,4.1920
1996,9,3,4,123,2.9493
1996,9,3,5,106,1.0406
1996,10,1,1,503,-6.1775
1996,10,1,2,332,-1.3421
1996,10,1,3,351,-0.1308
1996,10,1,4,343,0.7272
1996,10,1,5,416,-1.3100
1996,10,2,1,286,-4.7476
1996,10,2,2,149,-1.6893
1996,10,2,3,144,2.3738
1996,10,2,4,133,1.1578
1996,10,2,5,103,0.8005
1996,10,3,1,270,-0.8126
1996,10,3,2,199,2.1058
1996,10,3,3,135,1.5033
1996,10,3,4,119,2.2755
1996,10,3,5,102,4.4539
1996,11,1,1,507,-0.3770
1996,11,1,2,361,3.7136
1996,11,1,3,285,4.3121
1996,11,1,4,341,4.2548
1996,11,1,5,577,4.1840
1996,11,2,1,314,0.7297
1996,11,2,2,168,3.9599
1996,11,2,3,133,4.6294
1996,11,2,4,130,6.0597
1996,11,2,5,112,5.1682
1996,11,3,1,272,6.0955
1996,11,3,2,193,7.9851
1996,11,3,3,146,7.1192
1996,11,3,4,127,7.6657
1996,11,3,5,99,6.7596
1996,12,1,1,511,0.4230
1996,12,1,2,343,1.2521
1996,12,1,3,281,1.8888
1996,12,1,4,341,2.7401
1996,12,1,5,591,1.8298
1996,12,2,1,322,1.6398
1996,12,2,2,164,2.5332
1996,12,2,3,144,2.0675
1996,12,2,4,118,3.1435
1996,12,2,5,118,2.0150
1996,12,3,1,276,-3.4929
1996,12,3,2,187,-1.5533
1996,12,3,3,144,-0.2278
1996,12,3,4,138,-0.6098
1996,12,3,5,89,-0.2275
1997,1,1,1,517,3.9191
1997,1,1,2,320,4.9298
1997,1,1,3,305,5.6228
1997,1,1,4,289,5.9881
1997,1,1,5,616,5.6694
1997,1,2,1,310,2.5584
1997,1,2,2,163,3.8877
1997,1,2,3,138,2.2266
1997,1,2,4,127,3.5255
1997,1,2,5,111,2.1617
1997,1,3,1,287,7.9421
1997,1,3,2,186,3.8867
1997,1,3,3,139,4.8077
1997,1,3,4,136,3.4357
1997,1,3,5,94,3.7264
1997,2,1,1,576,-5.3326
1997,2,1,2,358,-3.1642
1997,2,1,3,283,-2.2760
1997,2,1,4,364,-0.9216
1997,2,1,5,513,0.1522
1997,2,2,1,298,-7.6551
1997,2,2,2,159,-3.3029
1997,2,2,3,135,-2.7866
1997,2,2,4,126,-0.0039
1997,2,2,5,111,-1.0067
1997,2,3,1,288,-3.3175
1997,2,3,2,183,1.8264
1997,2,3,3,148,-0.8701
1997,2,3,4,129,0.6370
1997,2,3,5,93,1.1717
1997,3,1,1,582,-7.7572
1997,3,1,2,348,-6.2433
1997,3,1,3,289,-3.1210
1997,3,1,4,355,-2.3244
1997,3,1,5,545,-2.0906
1997,3,2,1,278,-7.1451
1997,3,2,2,148,-3.7057
1997,3,2,3,138,-1.5734
1997,3,2,4,137,-1.1590
1997,3,2,5,105,-1.7024
1997,3,3,1,270,-5.0626
1997,3,3,2,199,-3.8058
1997,3,3,3,144,-0.0045
1997,3,3,4,128,-2.7590
1997,3,3,5,96,-4.7083
1997,4,1,1,548,-3.6476
1997,4,1,2,359,-3.7724
1997,4,1,3,306,-2.6776
1997,4,1,4,362,-3.1275
1997,4,1,5,530,-3.3545
1997,4,2,1,267,-2.0234
1997,4,2,2,162,0.5642
1997,4,2,3,154,-0.3152
1997,4,2,4,142,1.3344
1997,4,2,5,100,3.0420
1997,4,3,1,253,8.9440
1997,4,3,2,204,3.1304
1997,4,3,3,143,3.6614
1997,4,3,4,130,1.8086
1997,4,3,5,94,2.6709
1997,5,1,1,535,14.0918
1997,5,1,2,330,12.5342
1997,5,1,3,335,11.2187
1997,5,1,4,343,11.8862
1997,5,1,5,541,8.9620
1997,5,2,1,247,16.5166
1997,5,2,2,156,16.7338
1997,5,2,3,150,12.7650
1997,5,2,4,135,11.2152
1997,5,2,5,115,10.6972
1997,5,3,1,261,7.6728
1997,5,3,2,207,6.4868
1997,5,3,3,146,6.5505
1997,5,3,4,136,5.4054
1997,5,3,5,74,5.4068
1997,6,1,1,550,4.1662
1997,6,1,2,310,3.2024
1997,6,1,3,345,5.3424
1997,6,1,4,319,5.8239
1997,6,1,5,533,5.0643
1997,6,2,1,267,5.9582
1997,6,2,2,166,4.7715
1997,6,2,3,140,3.9555
1997,6,2,4,133,6.0786
1997,6,2,5,104,4.4125
1997,6,3,1,272,4.8700
1997,6,3,2,207,3.4940
1997,6,3,3,143,4.6180
1997,6,3,4,136,2.7378
1997,6,3,5,75,3.3001
1997,7,1,1,505,4.1867
1997,7,1,2,328,6.8594
1997,7,1,3,312,7.2070
1997,7,1,4,343,6.5087
1997,7,1,5,534,6.2446
1997,7,2,1,282,6.5450
1997,7,2,2,160,4.6868
1997,7,2,3,137,4.1123
1997,7,2,4,124,5.6017
1997,7,2,5,109,5.8358
1997,7,3,1,281,7.3348
1997,7,3,2,201,9.8788
1997,7,3,3,150,6.3428
1997,7,3,4,128,6.0637
1997,7,3,5,84,5.0786
1997,8,1,1,569,4.3154
1997,8,1,2,306,6.0814
1997,8,1,3,335,4.0315
1997,8,1,4,369,4.9241
1997,8,1,5,473,4.9020
1997,8,2,1,297,2.8157
1997,8,2,2,145,3.1470
1997,8,2,3,156,4.5097
1997,8,2,4,123,4.4793
1997,8,2,5,111,3.5899
1997,8,3,1,278,-6.0833
1997,8,3,2,181,-3.6726
1997,8,3,3,164,-2.9870
1997,8,3,4,132,-2.0217
1997,8,3,5,104,0.4747
1997,9,1,1,611,8.4020
1997,9,1,2,251,8.4359
1997,9,1,3,359,6.4551
1997,9,1,4,375,9.2640
1997,9,1,5,457,9.7737
1997,9,2,1,300,8.6554
1997,9,2,2,154,5.7378
1997,9,2,3,133,6.9185
1997,9,2,4,126,7.5636
1997,9,2,5,107,7.3675
1997,9,3,1,271,5.6081
1997,9,3,2,177,4.6186
1997,9,3,3,170,2.2194
1997,9,3,4,121,6.7405
1997,9,3,5,112,4.9809
1997,10,1,1,619,-4.6510
1997,10,1,2,273,-2.2529
1997,10,1,3,303,-3.7443
1997,10,1,4,407,-1.3116
1997,10,1,5,438,-1.1023
1997,10,2,1,311,-6.6577
1997,10,2,2,149,-4.3264
1997,10,2,3,136,-3.6919
1997,10,2,4,117,-3.3414
1997,10,2,5,104,-1.8989
1997,10,3,1,271,-2.4406
1997,10,3,2,179,-6.3536
1997,10,3,3,160,-5.8182
1997,10,3,4,129,-0.9988
1997,10,3,5,103,-0.6276
1997,11,1,1,629,-2.2434
1997,11,1,2,294,-1.6733
1997,11,1,3,292,-1.6747
1997,11,1,4,350,-0.1778
1997,11,1,5,522,-0.9402
1997,11,2,1,323,-3.2695
1997,11,2,2,165,-1.5274
1997,11,2,3,142,-1.3332
1997,11,2,4,110,-0.5356
1997,11,2,5,111,0.6199
1997,11,3,1,271,5.0078
1997,11,3,2,175,2.7172
1997,11,3,3,150,3.9308
1997,11,3,4,146,5.7720
1997,11,3,5,106,3.0286
1997,12,1,1,604,-4.1529
1997,12,1,2,309,-3.4386
1997,12,1,3,301,-0.3670
1997,12,1,4,300,-0.9376
1997,12,1,5,559,-2.1938
1997,12,2,1,295,0.3768
1997,12,2,2,165,-0.7326
1997,12,2,3,143,2.0727
1997,12,2,4,123,0.1871
1997,12,2,5,116,0.2766
1997,12,3,1,277,-0.0944
1997,12,3,2,175,0.0774
1997,12,3,3,154,1.0495
1997,12,3,4,140,1.5363
1997,12,3,5,103,4.8562
1998,1,1,1,547,-1.3072
1998,1,1,2,286,-0.5243
1998,1,1,3,297,-0.8787
1998,1,1,4,319,-2.3807
1998,1,1,5,622,1.4563
1998,1,2,1,278,-1.9821
1998,1,2,2,156,-1.1844
1998,1,2,3,146,-1.0964
1998,1,2,4,127,0.2518
1998,1,2,5,115,1.2296
1998,1,3,1,267,3.3338
1998,1,3,2,196,0.1921
1998,1,3,3,142,-0.6303
1998,1,3,4,136,-0.3001
1998,1,3,5,105,0.4152
1998,2,1,1,569,6.3208
1998,2,1,2,315,5.8429
1998,2,1,3,308,7.0102
1998,2,1,4,372,5.9151
1998,2,1,5,531,7.6570
1998,2,2,1,279,9.9691
1998,2,2,2,168,8.4569
1998,2,2,3,138,8.0522
1998,2,2,4,131,9.3902
1998,2,2,5,103,7.9404
1998,2,3,1,279,6.9547
1998,2,3,2,186,6.4704
1998,2,3,3,149,6.6108
1998,2,3,4,134,4.2185
1998,2,3,5,95,5.2353
1998,3,1,1,541,4.9081
1998,3,1,2,313,3.2781
1998,3,1,3,330,4.8169
1998,3,1,4,330,4.9458
1998,3,1,5,569,4.9291
1998,3,2,1,265,5.7348
1998,3,2,2,154,4.1330
1998,3,2,3,144,4.4874
1998,3,2,4,136,5.4182
1998,3,2,5,104,3.8354
1998,3,3,1,305,4.7839
1998,3,3,2,185,3.7792
1998,3,3,3,149,4.6451
1998,3,3,4,130,5.3129
1998,3,3,5,94,9.6814
1998,4,1,1,554,1.9640
1998,4,1,2,281,4.7499
1998,4,1,3,314,2.4179
1998,4,1,4,365,3.7153
1998,4,1,5,557,3.6076
1998,4,2,1,278,-0.9797
1998,4,2,2,149,1.5638
1998,4,2,3,133,1.7162
1998,4,2,4,126,1.0790
1998,4,2,5,111,1.3990
1998,4,3,1,303,0.5885
1998,4,3,2,186,0.6431
1998,4,3,3,153,2.1928
1998,4,3,4,130,-0.8723
1998,4,3,5,90,0.9274
1998,5,1,1,487,-7.3691
1998,5,1,2,306,-4.9372
1998,5,1,3,292,-4.1281
1998,5,1,4,336,-4.6475
1998,5,1,5,555,-3.6348
1998,5,2,1,254,-6.7501
1998,5,2,2,146,-6.8790
1998,5,2,3,150,-5.0784
1998,5,2,4,140,-3.2158
1998,5,2,5,118,-5.3330
1998,5,3,1,280,-1.1322
1998,5,3,2,185,-4.4639
1998,5,3,3,148,-2.9107
1998,5,3,4,136,-1.8907
1998,5,3,5,79,3.5212
1998,6,1,1,488,-2.2673
1998,6,1,2,313,-2.6783
1998,6,1,3,298,-2.0956
1998,6,1,4,333,-2.9886
1998,6,1,5,550,-3.0495
1998,6,2,1,238,3.2090
1998,6,2,2,163,-2.2846
1998,6,2,3,152,-0.1405
1998,6,2,4,136,-3.1628
1998,6,2,5,114,-1.6280
1998,6,3,1,268,8.0124
1998,6,3,2,179,1.1294
1998,6,3,3,145,-0.0741
1998,6,3,4,140,-0.8042
1998,6,3,5,80,1.7499
1998,7,1,1,430,-6.6539
1998,7,1,2,322,-7.0203
1998,7,1,3,285,-6.6284
1998,7,1,4,311,-6.7612
1998,7,1,5,562,-8.0048
1998,7,2,1,238,-8.1466
1998,7,2,2,172,-7.9001
1998,7,2,3,145,-9.0554
1998,7,2,4,121,-7.5950
1998,7,2,5,124,-9.6389
1998,7,3,1,283,-1.5268
1998,7,3,2,173,0.4025
1998,7,3,3,152,-1.8513
1998,7,3,4,144,-1.7396
1998,7,3,5,74,-3.7595
1998,8,1,1,515,-24.5698
1998,8,1,2,304,-21.0906
1998,8,1,3,377,-16.4689
1998,8,1,4,313,-19.0842
1998,8,1,5,477,-18.7625
1998,8,2,1,238,-23.6514
1998,8,2,2,169,-16.9017
1998,8,2,3,142,-17.8022
1998,8,2,4,127,-19.4676
1998,8,2,5,119,-18.9352
1998,8,3,1,300,-13.6938
1998,8,3,2,182,-13.4064
1998,8,3,3,150,-10.2159
1998,8,3,4,143,-8.1835
1998,8,3,5,82,-15.6035
1998,9,1,1,444,3.1981
1998,9,1,2,321,3.8401
1998,9,1,3,358,0.9285
1998,9,1,4,332,4.2668
1998,9,1,5,520,5.7458
1998,9,2,1,211,12.0207
1998,9,2,2,184,4.8465
1998,9,2,3,141,5.6154
1998,9,2,4,127,2.5075
1998,9,2,5,140,8.7503
1998,9,3,1,288,7.8095
1998,9,3,2,188,7.8140
1998,9,3,3,150,7.8838
1998,9,3,4,130,8.3719
1998,9,3,5,76,5.3622
1998,10,1,1,435,3.1163
1998,10,1,2,291,2.8180
1998,10,1,3,323,5.3603
1998,10,1,4,347,5.7032
1998,10,1,5,546,7.5402
1998,10,2,1,222,1.9054
1998,10,2,2,174,6.1620
1998,10,2,3,130,6.8540
1998,10,2,4,131,6.7595
1998,10,2,5,139,9.4424
1998,10,3,1,314,6.8334
1998,10,3,2,185,6.5951
1998,10,3,3,146,6.5530
1998,10,3,4,134,6.4724
1998,10,3,5,65,10.2121
1998,11,1,1,369,10.2774
1998,11,1,2,272,7.7548
1998,11,1,3,298,5.8010
1998,11,1,4,369,4.0298
1998,11,1,5,658,6.9428
1998,11,2,1,224,7.4642
1998,11,2,2,174,5.8177
1998,11,2,3,147,5.0871
1998,11,2,4,161,1.8788
1998,11,2,5,128,2.6721
1998,11,3,1,313,7.3491
1998,11,3,2,186,6.6336
1998,11,3,3,156,2.8592
1998,11,3,4,128,2.3342
1998,11,3,5,64,3.4928
1998,12,1,1,351,3.6530
1998,12,1,2,276,5.2792
1998,12,1,3,290,1.6289
1998,12,1,4,433,-0.4750
1998,12,1,5,587,-0.2700
1998,12,2,1,232,8.7876
1998,12,2,2,168,5.4105
1998,12,2,3,159,4.1331
1998,12,2,4,154,3.7930
1998,12,2,5,127,2.6700
1998,12,3,1,317,9.9948
1998,12,3,2,182,2.8302
1998,12,3,3,158,2.3517
1998,12,3,4,137,3.6858
1998,12,3,5,65,2.8144
1999,1,1,1,323,7.8518
1999,1,1,2,259,5.6382
1999,1,1,3,292,1.0232
1999,1,1,4,409,4.0846
1999,1,1,5,624,5.1561
1999,1,2,1,239,1.5233
1999,1,2,2,162,-0.1332
1999,1,2,3,150,-2.0107
1999,1,2,4,156,-1.6083
1999,1,2,5,127,0.6246
1999,1,3,1,337,7.5338
1999,1,3,2,183,-1.8271
1999,1,3,3,155,-1.9799
1999,1,3,4,129,-4.2325
1999,1,3,5,60,8.0084
1999,2,1,1,338,-6.9924
1999,2,1,2,301,-7.5061
1999,2,1,3,357,-5.4302
1999,2,1,4,366,-5.6354
1999,2,1,5,475,-6.5013
1999,2,2,1,233,-9.9828
1999,2,2,2,188,-8.7472
1999,2,2,3,148,-7.6879
1999,2,2,4,130,-6.7113
1999,2,2,5,117,-7.1358
1999,2,3,1,341,-5.1880
1999,2,3,2,195,-2.7260
1999,2,3,3,152,-1.8964
1999,2,3,4,121,-3.8644
1999,2,3,5,69,-2.9142
1999,3,1,1,347,-3.0482
1999,3,1,2,294,-8.3423
1999,3,1,3,338,-6.1896
1999,3,1,4,357,-4.0188
1999,3,1,5,493,1.1795
1999,3,2,1,223,-1.3039
1999,3,2,2,192,-2.5083
1999,3,2,3,139,0.0910
1999,3,2,4,132,2.4096
1999,3,2,5,122,5.3504
1999,3,3,1,328,5.2418
1999,3,3,2,196,-0.5984
1999,3,3,3,154,0.4856
1999,3,3,4,120,2.7092
1999,3,3,5,60,1.6771
1999,4,1,1,307,6.6378
1999,4,1,2,288,13.2749
1999,4,1,3,299,8.2087
1999,4,1,4,373,8.3343
1999,4,1,5,544,14.3109
1999,4,2,1,207,3.7359
1999,4,2,2,190,8.2611
1999,4,2,3,142,13.1965
1999,4,2,4,137,12.4925
1999,4,2,5,120,16.2164
1999,4,3,1,321,-0.9109
1999,4,3,2,197,8.7798
1999,4,3,3,155,13.2879
1999,4,3,4,115,9.9326
1999,4,3,5,57,11.0890
1999,5,1,1,286,2.9933
1999,5,1,2,207,1.8954
1999,5,1,3,254,5.2010
1999,5,1,4,349,5.2343
1999,5,1,5,633,5.8711
1999,5,2,1,184,5.4184
1999,5,2,2,166,3.1991
1999,5,2,3,162,4.4192
1999,5,2,4,126,5.4879
1999,5,2,5,129,5.3476
1999,5,3,1,303,-3.2020
1999,5,3,2,197,1.8242
1999,5,3,3,151,0.5835
1999,5,3,4,120,2.8844
1999,5,3,5,52,-3.0687
1999,6,1,1,303,3.8939
1999,6,1,2,214,5.9631
1999,6,1,3,251,5.3391
1999,6,1,4,346,4.0000
1999,6,1,5,603,2.7934
1999,6,2,1,199,8.1737
1999,6,2,2,155,4.4663
1999,6,2,3,149,5.9622
1999,6,2,4,130,5.3414
1999,6,2,5,128,5.0710
1999,6,3,1,303,6.4477
1999,6,3,2,190,4.5445
1999,6,3,3,150,4.0425
1999,6,3,4,123,0.5317
1999,6,3,5,60,0.0596
1999,7,1,1,292,-0.3859
1999,7,1,2,234,0.8513
1999,7,1,3,241,0.7538
1999,7,1,4,321,2.0105
1999,7,1,5,600,2.7486
1999,7,2,1,197,-1.1170
1999,7,2,2,163,-1.1961
1999,7,2,3,152,-2.2528
1999,7,2,4,121,0.4220
1999,7,2,5,116,-1.7412
1999,7,3,1,310,-2.8322
1999,7,3,2,180,-1.3419
1999,7,3,3,146,-1.3550
1999,7,3,4,130,-2.6125
1999,7,3,5,56,-5.4014
1999,8,1,1,341,-3.6509
1999,8,1,2,222,-0.2449
1999,8,1,3,314,-4.8171
1999,8,1,4,298,-4.7016
1999,8,1,5,550,-1.9345
1999,8,2,1,203,-0.2868
1999,8,2,2,148,-5.0721
1999,8,2,3,167,-2.6733
1999,8,2,4,140,-4.9289
1999,8,2,5,106,-3.1129
1999,8,3,1,324,1.2053
1999,8,3,2,202,-2.3992
1999,8,3,3,127,-3.5075
1999,8,3,4,119,-5.6174
1999,8,3,5,81,0.2188
1999,9,1,1,334,-0.1609
1999,9,1,2,224,-1.8925
1999,9,1,3,283,-1.5936
1999,9,1,4,335,-3.2030
1999,9,1,5,539,-4.3749
1999,9,2,1,205,2.2251
1999,9,2,2,144,-0.2509
1999,9,2,3,155,-0.9784
1999,9,2,4,138,-1.0098
1999,9,2,5,112,-1.7997
1999,9,3,1,329,-1.5013
1999,9,3,2,201,-2.7361
1999,9,3,3,135,-1.9341
1999,9,3,4,112,-0.3493
1999,9,3,5,74,-6.3502
1999,10,1,1,318,-2.1037
1999,10,1,2,229,-2.7821
1999,10,1,3,277,-3.0091
1999,10,1,4,342,-5.4659
1999,10,1,5,515,-5.3148
1999,10,2,1,202,2.9901
1999,10,2,2,148,-4.0609
1999,10,2,3,161,-4.7807
1999,10,2,4,132,-2.5741
1999,10,2,5,114,-3.7797
1999,10,3,1,352,7.1957
1999,10,3,2,188,1.9434
1999,10,3,3,134,-2.1102
1999,10,3,4,115,-2.0023
1999,10,3,5,69,4.5941
1999,11,1,1,284,14.0285
1999,11,1,2,242,10.7684
1999,11,1,3,272,5.6395
1999,11,1,4,355,3.6138
1999,11,1,5,554,3.6324
1999,11,2,1,214,12.9055
1999,11,2,2,141,8.0251
1999,11,2,3,153,1.7952
1999,11,2,4,134,1.6433
1999,11,2,5,117,2.3135
1999,11,3,1,369,5.1784
1999,11,3,2,205,2.7553
1999,11,3,3,140,-2.9331
1999,11,3,4,108,-0.5881
1999,11,3,5,67,-2.8178
1999,12,1,1,282,15.7815
1999,12,1,2,256,9.6681
1999,12,1,3,259,4.4913
1999,12,1,4,323,2.0082
1999,12,1,5,530,1.8342
1999,12,2,1,229,17.0977
1999,12,2,2,139,3.7448
1999,12,2,3,157,3.1599
1999,12,2,4,135,2.2724
1999,12,2,5,111,3.3007
1999,12,3,1,392,11.8483
1999,12,3,2,189,2.2552
1999,12,3,3,141,0.9672
1999,12,3,4,107,-0.4908
1999,12,3,5,65,4.8184
2000,1,1,1,282,6.9942
2000,1,1,2,245,4.5563
2000,1,1,3,228,2.1113
2000,1,1,4,332,1.9414
2000,1,1,5,525,3.2574
2000,1,2,1,228,-0.1795
2000,1,2,2,141,-1.9544
2000,1,2,3,159,-4.3327
2000,1,2,4,127,-6.8201
2000,1,2,5,108,-6.0118
2000,1,3,1,415,-5.4189
2000,1,3,2,188,-4.7471
2000,1,3,3,129,-4.5853
2000,1,3,4,116,-3.9411
2000,1,3,5,64,-3.7145
2000,2,1,1,329,19.2636
2000,2,1,2,258,9.8128
2000,2,1,3,276,8.1133
2000,2,1,4,300,2.0588
2000,2,1,5,411,2.3095
2000,2,2,1,232,22.1536
2000,2,2,2,149,7.6809
2000,2,2,3,145,2.2212
2000,2,2,4,152,-4.5668
2000,2,2,5,108,-5.6142
2000,2,3,1,442,4.3644
2000,2,3,2,193,-6.8290
2000,2,3,3,135,-10.7729
2000,2,3,4,101,-10.7731
2000,2,3,5,71,-10.2118
2000,3,1,1,330,0.7507
2000,3,1,2,257,1.0033
2000,3,1,3,281,3.2313
2000,3,1,4,273,2.3563
2000,3,1,5,386,2.4761
2000,3,2,1,262,1.0106
2000,3,2,2,145,4.3824
2000,3,2,3,135,6.2776
2000,3,2,4,141,6.1407
2000,3,2,5,104,6.1022
2000,3,3,1,467,6.0122
2000,3,3,2,185,9.7183
2000,3,3,3,139,16.7297
2000,3,3,4,99,15.1919
2000,3,3,5,75,9.5132
2000,4,1,1,288,-15.3533
2000,4,1,2,263,-8.3111
2000,4,1,3,285,-4.6890
2000,4,1,4,259,-0.9188
2000,4,1,5,438,-3.0963
2000,4,2,1,244,-15.6995
2000,4,2,2,156,0.0176
2000,4,2,3,138,2.6137
2000,4,2,4,148,4.0448
2000,4,2,5,104,2.2781
2000,4,3,1,440,-5.8657
2000,4,3,2,204,-0.1581
2000,4,3,3,130,0.8858
2000,4,3,4,94,3.3846
2000,4,3,5,64,12.4540
2000,5,1,1,261,-12.2964
2000,5,1,2,242,-5.4262
2000,5,1,3,212,-2.8125
2000,5,1,4,295,-3.7128
2000,5,1,5,459,-2.6721
2000,5,2,1,215,-8.1913
2000,5,2,2,153,-3.6258
2000,5,2,3,145,1.1777
2000,5,2,4,151,0.5382
2000,5,2,5,107,-0.5119
2000,5,3,1,421,-6.1797
2000,5,3,2,195,1.3466
2000,5,3,3,142,3.3392
2000,5,3,4,97,2.5471
2000,5,3,5,56,-8.1235
2000,6,1,1,251,14.3242
2000,6,1,2,213,12.7513
2000,6,1,3,246,5.2832
2000,6,1,4,315,4.5180
2000,6,1,5,472,1.6704
2000,6,2,1,217,22.7093
2000,6,2,2,130,4.3291
2000,6,2,3,140,3.7444
2000,6,2,4,156,-0.1335
2000,6,2,5,100,0.1215
2000,6,3,1,395,8.4432
2000,6,3,2,191,-1.7474
2000,6,3,3,144,-3.8870
2000,6,3,4,100,-4.8959
2000,6,3,5,61,-8.3260
2000,7,1,1,266,-2.0868
2000,7,1,2,217,0.0627
2000,7,1,3,215,0.0138
2000,7,1,4,312,0.9754
2000,7,1,5,441,1.2064
2000,7,2,1,207,-7.3123
2000,7,2,2,144,-0.5729
2000,7,2,3,141,1.6093
2000,7,2,4,136,3.3686
2000,7,2,5,98,2.7916
2000,7,3,1,423,-2.9356
2000,7,3,2,175,-2.9230
2000,7,3,3,140,-0.2250
2000,7,3,4,101,-0.3988
2000,7,3,5,60,2.9389
2000,8,1,1,306,6.2793
2000,8,1,2,248,5.0615
2000,8,1,3,240,7.9596
2000,8,1,4,273,1.5247
2000,8,1,5,430,5.5303
2000,8,2,1,254,8.3906
2000,8,2,2,157,5.8695
2000,8,2,3,126,5.7454
2000,8,2,4,137,9.5370
2000,8,2,5,105,6.8456
2000,8,3,1,417,7.8366
2000,8,3,2,176,2.6001
2000,8,3,3,144,4.3418
2000,8,3,4,106,6.9471
2000,8,3,5,66,6.4988
2000,9,1,1,273,-5.1113
2000,9,1,2,260,-0.4093
2000,9,1,3,202,-0.3780
2000,9,1,4,288,-2.1525
2000,9,1,5,441,-5.4447
2000,9,2,1,257,-5.2234
2000,9,2,2,151,-2.0211
2000,9,2,3,135,-4.6549
2000,9,2,4,135,-0.7088
2000,9,2,5,104,-3.9257
2000,9,3,1,418,-8.6218
2000,9,3,2,184,-0.7382
2000,9,3,3,135,3.3071
2000,9,3,4,111,0.7701
2000,9,3,5,59,-2.7700
2000,10,1,1,270,-10.3490
2000,10,1,2,259,-6.1353
2000,10,1,3,195,-4.2769
2000,10,1,4,282,-5.6141
2000,10,1,5,450,-5.4525
2000,10,2,1,241,-7.9237
2000,10,2,2,157,-0.5240
2000,10,2,3,127,0.6029
2000,10,2,4,138,0.9076
2000,10,2,5,105,-1.8023
2000,10,3,1,403,-2.7668
2000,10,3,2,189,1.4095
2000,10,3,3,140,4.5671
2000,10,3,4,105,6.6878
2000,10,3,5,52,3.4297
2000,11,1,1,217,-16.0580
2000,11,1,2,214,-8.0508
2000,11,1,3,227,-7.6618
2000,11,1,4,316,-6.1525
2000,11,1,5,477,-5.2600
2000,11,2,1,222,-16.1993
2000,11,2,2,170,-5.4227
2000,11,2,3,128,-2.6754
2000,11,2,4,150,-2.3551
2000,11,2,5,91,-6.2438
2000,11,3,1,388,-11.6635
2000,11,3,2,188,-4.9298
2000,11,3,3,149,-0.8279
2000,11,3,4,107,-2.2567
2000,11,3,5,51,-8.4047
2000,12,1,1,202,-6.6453
2000,12,1,2,192,-0.2664
2000,12,1,3,235,-0.6256
2000,12,1,4,308,1.2636
2000,12,1,5,520,2.9628
2000,12,2,1,215,6.3581
2000,12,2,2,166,7.7077
2000,12,2,3,137,10.5552
2000,12,2,4,155,11.2665
2000,12,2,5,98,15.2429
2000,12,3,1,354,-1.5881
2000,12,3,2,195,-1.2404
2000,12,3,3,144,9.5587
2000,12,3,4,102,0.8317
2000,12,3,5,49,0.6936
2001,1,1,1,170,24.7561
2001,1,1,2,167,20.3766
2001,1,1,3,221,14.7878
2001,1,1,4,315,18.5694
2001,1,1,5,566,25.0983
2001,1,2,1,203,11.8740
2001,1,2,2,153,11.4914
2001,1,2,3,162,11.1332
2001,1,2,4,147,11.7955
2001,1,2,5,96,18.8389
2001,1,3,1,343,1.9199
2001,1,3,2,206,6.0404
2001,1,3,3,133,5.6400
2001,1,3,4,96,9.2004
2001,1,3,5,51,10.6805
2001,2,1,1,235,-11.6099
2001,2,1,2,183,-6.9361
2001,2,1,3,226,-0.7582
2001,2,1,4,300,-1.2453
2001,2,1,5,458,0.8480
2001,2,2,1,226,-13.9418
2001,2,2,2,159,-7.3006
2001,2,2,3,152,-1.4836
2001,2,2,4,125,-0.8696
2001,2,2,5,86,2.0483
2001,2,3,1,342,-13.9298
2001,2,3,2,187,-3.8956
2001,2,3,3,139,-1.6987
2001,2,3,4,108,-0.3165
2001,2,3,5,61,-0.7920
2001,3,1,1,219,-9.1462
2001,3,1,2,191,-3.6680
2001,3,1,3,238,-3.1506
2001,3,1,4,283,-2.3205
2001,3,1,5,482,-0.3073
2001,3,2,1,213,-8.7352
2001,3,2,2,157,-2.8539
2001,3,2,3,150,-1.9047
2001,3,2,4,127,-3.4939
2001,3,2,5,95,-2.2873
2001,3,3,1,306,-10.5923
2001,3,3,2,177,-3.4630
2001,3,3,3,142,-1.8561
2001,3,3,4,105,-0.0325
2001,3,3,5,60,-2.3503
2001,4,1,1,198,3.8501
2001,4,1,2,211,12.7683
2001,4,1,3,218,7.2296
2001,4,1,4,291,7.5784
2001,4,1,5,481,7.5050
2001,4,2,1,212,14.4219
2001,4,2,2,163,13.3399
2001,4,2,3,149,9.5276
2001,4,2,4,133,8.6212
2001,4,2,5,86,8.9166
2001,4,3,1,286,10.6827
2001,4,3,2,189,7.8213
2001,4,3,3,139,5.0934
2001,4,3,4,109,9.0020
2001,4,3,5,59,6.8046
2001,5,1,1,187,7.3460
2001,5,1,2,149,7.1314
2001,5,1,3,193,12.0851
2001,5,1,4,259,11.6187
2001,5,1,5,465,12.4164
2001,5,2,1,172,3.5754
2001,5,2,2,153,3.9699
2001,5,2,3,146,4.2433
2001,5,2,4,141,4.3958
2001,5,2,5,95,6.8028
2001,5,3,1,290,-0.0730
2001,5,3,2,187,0.9156
2001,5,3,3,145,0.7163
2001,5,3,4,97,1.1799
2001,5,3,5,54,-2.3364
2001,6,1,1,206,4.1841
2001,6,1,2,160,3.7939
2001,6,1,3,179,4.9451
2001,6,1,4,244,1.8315
2001,6,1,5,447,1.3196
2001,6,2,1,180,5.3735
2001,6,2,2,165,5.3269
2001,6,2,3,139,3.9585
2001,6,2,4,144,5.1527
2001,6,2,5,92,-0.7062
2001,6,3,1,282,-2.5452
2001,6,3,2,180,-2.3078
2001,6,3,3,127,-3.6381
2001,6,3,4,97,-2.9026
2001,6,3,5,67,-0.5115
2001,7,1,1,211,-3.0466
2001,7,1,2,138,0.4827
2001,7,1,3,155,-1.9250
2001,7,1,4,275,-0.2151
2001,7,1,5,438,0.7983
2001,7,2,1,214,-7.1881
2001,7,2,2,147,-5.0385
2001,7,2,3,151,-3.8510
2001,7,2,4,126,-1.5226
2001,7,2,5,89,-1.3038
2001,7,3,1,291,-2.5084
2001,7,3,2,179,-1.3788
2001,7,3,3,119,2.3144
2001,7,3,4,102,-0.1534
2001,7,3,5,72,0.2157
2001,8,1,1,229,-3.4529
2001,8,1,2,163,-2.8452
2001,8,1,3,178,-1.3863
2001,8,1,4,289,0.7284
2001,8,1,5,415,-0.4638
2001,8,2,1,235,-7.2591
2001,8,2,2,137,-1.9308
2001,8,2,3,130,-1.7193
2001,8,2,4,124,-1.9913
2001,8,2,5,87,-1.9873
2001,8,3,1,286,-7.4983
2001,8,3,2,153,-4.8146
2001,8,3,3,119,-4.1094
2001,8,3,4,100,-2.9562
2001,8,3,5,76,-3.2482
2001,9,1,1,214,-13.8901
2001,9,1,2,159,-9.8935
2001,9,1,3,199,-10.7700
2001,9,1,4,276,-12.3655
2001,9,1,5,414,-17.0912
2001,9,2,1,230,-19.2755
2001,9,2,2,133,-14.1376
2001,9,2,3,129,-14.8048
2001,9,2,4,119,-15.6411
2001,9,2,5,92,-15.3397
2001,9,3,1,273,-9.2546
2001,9,3,2,165,-9.6942
2001,9,3,3,122,-4.5234
2001,9,3,4,94,-5.9441
2001,9,3,5,68,-12.9915
2001,10,1,1,218,10.1298
2001,10,1,2,161,6.9799
2001,10,1,3,208,12.2436
2001,10,1,4,254,7.2922
2001,10,1,5,416,7.5277
2001,10,2,1,211,11.9291
2001,10,2,2,154,8.7704
2001,10,2,3,125,5.4977
2001,10,2,4,111,6.1998
2001,10,2,5,97,11.4065
2001,10,3,1,265,4.1664
2001,10,3,2,156,-1.2773
2001,10,3,3,130,0.6248
2001,10,3,4,101,-1.4648
2001,10,3,5,57,5.4449
2001,11,1,1,211,9.8086
2001,11,1,2,170,9.3375
2001,11,1,3,180,5.4050
2001,11,1,4,191,8.7875
2001,11,1,5,483,4.6772
2001,11,2,1,211,11.3676
2001,11,2,2,152,7.3669
2001,11,2,3,143,9.2443
2001,11,2,4,104,6.3436
2001,11,2,5,98,8.6069
2001,11,3,1,285,9.7035
2001,11,3,2,152,4.2319
2001,11,3,3,122,4.0602
2001,11,3,4,101,4.0652
2001,11,3,5,66,1.8354
2001,12,1,1,193,9.0334
2001,12,1,2,171,5.1203
2001,12,1,3,174,7.2234
2001,12,1,4,213,5.8688
2001,12,1,5,468,11.6434
2001,12,2,1,206,8.1748
2001,12,2,2,153,8.1568
2001,12,2,3,135,6.6504
2001,12,2,4,121,9.0842
2001,12,2,5,86,6.9054
2001,12,3,1,295,0.7339
2001,12,3,2,151,2.2208
2001,12,3,3,111,2.9507
2001,12,3,4,93,4.8815
2001,12,3,5,68,4.8300
2002,1,1,1,189,1.8598
2002,1,1,2,172,0.7096
2002,1,1,3,157,1.4016
2002,1,1,4,218,3.0473
2002,1,1,5,459,3.7893
2002,1,2,1,215,-1.9928
2002,1,2,2,151,-0.1813
2002,1,2,3,123,0.8625
2002,1,2,4,117,-0.1253
2002,1,2,5,86,-0.3798
2002,1,3,1,285,-0.3181
2002,1,3,2,152,-1.3684
2002,1,3,3,111,-0.3331
2002,1,3,4,97,-0.2529
2002,1,3,5,71,-3.0960
2002,2,1,1,209,-6.9279
2002,2,1,2,178,-3.3558
2002,2,1,3,193,-0.1607
2002,2,1,4,194,-0.6402
2002,2,1,5,419,-1.1053
2002,2,2,1,199,-6.6699
2002,2,2,2,125,0.4626
2002,2,2,3,106,1.7916
2002,2,2,4,112,1.7776
2002,2,2,5,83,3.5803
2002,2,3,1,277,-3.5696
2002,2,3,2,151,1.0289
2002,2,3,3,119,2.7679
2002,2,3,4,103,1.7698
2002,2,3,5,67,-2.3226
2002,3,1,1,199,9.0794
2002,3,1,2,170,10.4433
2002,3,1,3,186,11.2553
2002,3,1,4,208,10.6819
2002,3,1,5,431,13.2135
2002,3,2,1,197,9.7334
2002,3,2,2,122,6.4725
2002,3,2,3,106,8.2882
2002,3,2,4,125,9.2085
2002,3,2,5,74,13.0282
2002,3,3,1,247,3.2679
2002,3,3,2,165,2.1914
2002,3,3,3,121,3.8791
2002,3,3,4,100,3.7733
2002,3,3,5,65,8.7153
2002,4,1,1,209,-0.5061
2002,4,1,2,170,5.5964
2002,4,1,3,197,4.8939
2002,4,1,4,190,4.9006
2002,4,1,5,430,5.5803
2002,4,2,1,200,-3.7364
2002,4,2,2,126,2.7505
2002,4,2,3,117,3.4863
2002,4,2,4,116,3.6523
2002,4,2,5,75,2.7409
2002,4,3,1,255,-6.6168
2002,4,3,2,143,-8.8038
2002,4,3,3,122,-1.3291
2002,4,3,4,102,-4.6250
2002,4,3,5,68,-5.5642
2002,5,1,1,203,-4.4671
2002,5,1,2,122,0.7926
2002,5,1,3,210,0.0783
2002,5,1,4,161,-3.0949
2002,5,1,5,419,0.2886
2002,5,2,1,188,-4.7083
2002,5,2,2,104,-3.0929
2002,5,2,3,136,-3.3767
2002,5,2,4,106,-4.0589
2002,5,2,5,93,-3.2651
2002,5,3,1,213,-2.5831
2002,5,3,2,161,0.8333
2002,5,3,3,138,-0.5810
2002,5,3,4,97,0.2748
2002,5,3,5,66,0.8928
2002,6,1,1,214,-6.9955
2002,6,1,2,140,-1.2653
2002,6,1,3,198,-3.2050
2002,6,1,4,167,-3.0533
2002,6,1,5,408,-2.5546
2002,6,2,1,167,-8.9099
2002,6,2,2,108,-2.9526
2002,6,2,3,140,-3.6354
2002,6,2,4,110,-2.7049
2002,6,2,5,79,-1.9514
2002,6,3,1,213,-9.3113
2002,6,3,2,165,-4.6579
2002,6,3,3,136,-7.1079
2002,6,3,4,103,-7.4861
2002,6,3,5,67,-7.8905
2002,7,1,1,222,-18.1014
2002,7,1,2,141,-15.5447
2002,7,1,3,172,-14.2679
2002,7,1,4,179,-12.3211
2002,7,1,5,393,-11.2767
2002,7,2,1,163,-19.2380
2002,7,2,2,129,-14.0641
2002,7,2,3,119,-14.7919
2002,7,2,4,118,-14.6659
2002,7,2,5,78,-15.4068
2002,7,3,1,204,-8.1073
2002,7,3,2,156,-6.6878
2002,7,3,3,134,-3.6894
2002,7,3,4,105,-6.6647
2002,7,3,5,77,-12.0056
2002,8,1,1,271,1.6118
2002,8,1,2,144,-0.4118
2002,8,1,3,188,-2.7709
2002,8,1,4,225,0.1851
2002,8,1,5,400,-3.2194
2002,8,2,1,171,1.3911
2002,8,2,2,120,0.5617
2002,8,2,3,117,-0.7540
2002,8,2,4,121,2.4524
2002,8,2,5,87,2.5759
2002,8,3,1,244,0.7619
2002,8,3,2,152,-1.8828
2002,8,3,3,137,1.8443
2002,8,3,4,121,-0.8812
2002,8,3,5,71,3.9629
2002,9,1,1,241,-9.9590
2002,9,1,2,144,-9.1770
2002,9,1,3,188,-7.3216
2002,9,1,4,230,-6.7117
2002,9,1,5,421,-5.6628
2002,9,2,1,188,-9.5405
2002,9,2,2,105,-6.2174
2002,9,2,3,116,-6.3563
2002,9,2,4,118,-7.0301
2002,9,2,5,90,-8.6331
2002,9,3,1,248,-8.2034
2002,9,3,2,160,-11.9280
2002,9,3,3,136,-12.5979
2002,9,3,4,115,-10.1162
2002,9,3,5,70,-15.6301
2002,10,1,1,246,5.8964
2002,10,1,2,159,3.5981
2002,10,1,3,177,3.8196
2002,10,1,4,261,4.0450
2002,10,1,5,406,1.1257
2002,10,2,1,183,8.5101
2002,10,2,2,123,5.3521
2002,10,2,3,110,4.7315
2002,10,2,4,107,1.4558
2002,10,2,5,82,-4.1223
2002,10,3,1,236,8.9531
2002,10,3,2,167,8.3668
2002,10,3,3,135,3.2835
2002,10,3,4,106,7.6939
2002,10,3,5,77,15.3510
2002,11,1,1,239,17.4483
2002,11,1,2,164,11.4619
2002,11,1,3,187,9.6842
2002,11,1,4,244,9.8796
2002,11,1,5,410,11.3684
2002,11,2,1,198,9.9768
2002,11,2,2,129,6.6204
2002,11,2,3,111,7.3335
2002,11,2,4,111,8.6433
2002,11,2,5,90,14.9417
2002,11,3,1,266,5.6280
2002,11,3,2,169,6.5268
2002,11,3,3,131,4.1571
2002,11,3,4,100,5.9852
2002,11,3,5,66,15.3491
2002,12,1,1,255,-6.8019
2002,12,1,2,150,-2.0659
2002,12,1,3,180,-1.0622
2002,12,1,4,233,-0.6960
2002,12,1,5,417,-2.9980
2002,12,2,1,204,-7.1440
2002,12,2,2,120,-5.5168
2002,12,2,3,114,-6.1897
2002,12,2,4,121,-1.7534
2002,12,2,5,85,-1.8896
2002,12,3,1,260,-8.2049
2002,12,3,2,164,-4.3940
2002,12,3,3,135,-3.9995
2002,12,3,4,98,0.1824
2002,12,3,5,65,-2.7793
2003,1,1,1,259,-1.2772
2003,1,1,2,150,-0.3360
2003,1,1,3,176,-0.8563
2003,1,1,4,242,-3.7988
2003,1,1,5,411,-1.9180
2003,1,2,1,215,-2.8597
2003,1,2,2,118,-2.5184
2003,1,2,3,103,-2.9775
2003,1,2,4,112,-4.3971
2003,1,2,5,95,-3.5856
2003,1,3,1,237,-1.6828
2003,1,3,2,163,-4.5656
2003,1,3,3,144,-4.2913
2003,1,3,4,100,-4.6751
2003,1,3,5,63,-5.2157
2003,2,1,1,273,-4.1603
2003,2,1,2,157,-1.6428
2003,2,1,3,206,-4.8958
2003,2,1,4,226,-3.7150
2003,2,1,5,371,-2.7776
2003,2,2,1,200,-3.0750
2003,2,2,2,119,-4.2130
2003,2,2,3,110,-3.9524
2003,2,2,4,123,-5.6813
2003,2,2,5,84,-5.5326
2003,2,3,1,247,-0.4699
2003,2,3,2,163,-0.2008
2003,2,3,3,128,-0.8885
2003,2,3,4,107,-5.7155
2003,2,3,5,64,-5.3364
2003,3,1,1,277,2.4701
2003,3,1,2,165,2.0521
2003,3,1,3,208,1.8317
2003,3,1,4,204,-1.3569
2003,3,1,5,374,-1.2848
2003,3,2,1,203,1.8075
2003,3,2,2,115,0.4871
2003,3,2,3,115,1.5122
2003,3,2,4,119,1.1720
2003,3,2,5,91,2.9728
2003,3,3,1,253,2.0447
2003,3,3,2,162,1.8117
2003,3,3,3,130,1.3380
2003,3,3,4,101,-2.2902
2003,3,3,5,61,0.5178
2003,4,1,1,265,10.9336
2003,4,1,2,170,7.1731
2003,4,1,3,191,10.2101
2003,4,1,4,214,9.2370
2003,4,1,5,378,11.3236
2003,4,2,1,211,11.6973
2003,4,2,2,109,8.5099
2003,4,2,3,114,9.5267
2003,4,2,4,117,9.5489
2003,4,2,5,88,14.4760
2003,4,3,1,250,6.4136
2003,4,3,2,166,7.6470
2003,4,3,3,131,7.3280
2003,4,3,4,97,8.8320
2003,4,3,5,62,7.9580
2003,5,1,1,261,12.0279
2003,5,1,2,177,12.7118
2003,5,1,3,181,10.3627
2003,5,1,4,180,8.5031
2003,5,1,5,377,10.8786
2003,5,2,1,199,12.2643
2003,5,2,2,119,8.8251
2003,5,2,3,131,8.0661
2003,5,2,4,102,9.3673
2003,5,2,5,85,13.5730
2003,5,3,1,235,2.9970
2003,5,3,2,158,7.6977
2003,5,3,3,127,9.4554
2003,5,3,4,95,9.1621
2003,5,3,5,70,7.5382
2003,6,1,1,261,8.3089
2003,6,1,2,186,6.4263
2003,6,1,3,174,3.4742
2003,6,1,4,182,6.0220
2003,6,1,5,372,5.5063
2003,6,2,1,209,3.4372
2003,6,2,2,126,2.0943
2003,6,2,3,123,3.4223
2003,6,2,4,93,3.0440
2003,6,2,5,77,5.2424
2003,6,3,1,229,1.2903
2003,6,3,2,157,0.6829
2003,6,3,3,123,2.8080
2003,6,3,4,107,0.8751
2003,6,3,5,74,2.8702
2003,7,1,1,293,9.3621
2003,7,1,2,194,7.1595
2003,7,1,3,170,8.8369
2003,7,1,4,178,9.3760
2003,7,1,5,358,9.3359
2003,7,2,1,194,6.0480
2003,7,2,2,122,5.2926
2003,7,2,3,116,5.5449
2003,7,2,4,97,3.7618
2003,7,2,5,75,5.3074
2003,7,3,1,243,2.4988
2003,7,3,2,153,1.6679
2003,7,3,3,124,0.7415
2003,7,3,4,103,0.2079
2003,7,3,5,83,-2.4051
2003,8,1,1,361,5.0685
2003,8,1,2,161,5.3888
2003,8,1,3,196,3.8257
2003,8,1,4,200,4.6103
2003,8,1,5,296,4.6146
2003,8,2,1,209,6.3276
2003,8,2,2,113,5.4744
2003,8,2,3,116,7.3098
2003,8,2,4,110,4.1645
2003,8,2,5,73,4.2539
2003,8,3,1,259,3.5122
2003,8,3,2,144,2.3329
2003,8,3,3,126,2.8686
2003,8,3,4,102,4.6941
2003,8,3,5,93,3.2130
2003,9,1,1,352,0.7062
2003,9,1,2,155,-0.9997
2003,9,1,3,186,1.8254
2003,9,1,4,217,0.4833
2003,9,1,5,295,3.6743
2003,9,2,1,220,-4.0057
2003,9,2,2,105,-3.1107
2003,9,2,3,110,-4.3103
2003,9,2,4,109,-0.2935
2003,9,2,5,82,-1.0797
2003,9,3,1,255,-2.8613
2003,9,3,2,151,-0.3828
2003,9,3,3,119,-0.9995
2003,9,3,4,100,-1.0525
2003,9,3,5,92,-0.9388
2003,10,1,1,366,10.6853
2003,10,1,2,165,8.2201
2003,10,1,3,198,9.0045
2003,10,1,4,174,7.5751
2003,10,1,5,300,9.1952
2003,10,2,1,212,10.2069
2003,10,2,2,115,9.8589
2003,10,2,3,107,7.2123
2003,10,2,4,111,7.9964
2003,10,2,5,79,6.8298
2003,10,3,1,251,7.1371
2003,10,3,2,145,3.1302
2003,10,3,3,122,6.6980
2003,10,3,4,100,4.9020
2003,10,3,5,92,3.4697
2003,11,1,1,348,5.1542
2003,11,1,2,180,5.2407
2003,11,1,3,176,5.4667
2003,11,1,4,203,3.9945
2003,11,1,5,330,4.3264
2003,11,2,1,225,2.8663
2003,11,2,2,113,4.3679
2003,11,2,3,92,4.5649
2003,11,2,4,116,3.6212
2003,11,2,5,85,3.9149
2003,11,3,1,256,0.2409
2003,11,3,2,154,0.8604
2003,11,3,3,122,1.2099
2003,11,3,4,108,3.6669
2003,11,3,5,87,0.9323
2003,12,1,1,358,0.1948
2003,12,1,2,191,4.2167
2003,12,1,3,157,4.3675
2003,12,1,4,193,4.8116
2003,12,1,5,332,7.9978
2003,12,2,1,218,0.1432
2003,12,2,2,111,3.2754
2003,12,2,3,105,5.4878
2003,12,2,4,103,6.0155
2003,12,2,5,86,7.6404
2003,12,3,1,266,2.5358
2003,12,3,2,152,3.8432
2003,12,3,3,120,7.8778
2003,12,3,4,104,6.2088
2003,12,3,5,89,9.6034
2004,1,1,1,371,6.9166
2004,1,1,2,181,4.0481
2004,1,1,3,151,6.0371
2004,1,1,4,194,4.3417
2004,1,1,5,335,6.6119
2004,1,2,1,227,4.7664
2004,1,2,2,112,2.0509
2004,1,2,3,97,1.1846
2004,1,2,4,101,0.3800
2004,1,2,5,88,2.2497
2004,1,3,1,256,1.0458
2004,1,3,2,135,2.8086
2004,1,3,3,125,0.2011
2004,1,3,4,109,-0.4096
2004,1,3,5,90,2.6256
2004,2,1,1,384,0.7389
2004,2,1,2,195,0.2277
2004,2,1,3,165,2.6251
2004,2,1,4,213,3.8290
2004,2,1,5,290,1.3492
2004,2,2,1,252,-1.8289
2004,2,2,2,94,1.9429
2004,2,2,3,110,2.5202
2004,2,2,4,101,3.8116
2004,2,2,5,81,2.0966
2004,2,3,1,239,0.2112
2004,2,3,2,148,0.1507
2004,2,3,3,115,3.5845
2004,2,3,4,102,2.0619
2004,2,3,5,98,3.6231
2004,3,1,1,395,-0.0890
2004,3,1,2,179,1.3777
2004,3,1,3,187,2.1227
2004,3,1,4,190,0.4490
2004,3,1,5,296,1.6557
2004,3,2,1,245,0.1685
2004,3,2,2,95,1.8112
2004,3,2,3,102,2.1410
2004,3,2,4,108,1.4898
2004,3,2,5,88,2.4026
2004,3,3,1,235,-1.5836
2004,3,3,2,146,-2.3402
2004,3,3,3,115,-1.2971
2004,3,3,4,106,-0.5692
2004,3,3,5,94,0.0289
2004,4,1,1,433,-4.4482
2004,4,1,2,181,-0.8368
2004,4,1,3,167,-3.2170
2004,4,1,4,200,-1.6547
2004,4,1,5,290,-2.4886
2004,4,2,1,226,-6.4539
2004,4,2,2,97,-2.1147
2004,4,2,3,92,-0.9356
2004,4,2,4,109,-2.0803
2004,4,2,5,91,-1.8081
2004,4,3,1,235,-0.5710
2004,4,3,2,149,-1.4793
2004,4,3,3,119,0.3499
2004,4,3,4,101,-1.9749
2004,4,3,5,95,0.0437
2004,5,1,1,397,-0.0204
2004,5,1,2,200,-0.1220
2004,5,1,3,173,-0.5017
2004,5,1,4,188,-0.4432
2004,5,1,5,278,0.9060
2004,5,2,1,202,3.9071
2004,5,2,2,103,2.5120
2004,5,2,3,108,0.9756
2004,5,2,4,110,1.6759
2004,5,2,5,95,1.9916
2004,5,3,1,220,1.6334
2004,5,3,2,150,0.9740
2004,5,3,3,136,1.8549
2004,5,3,4,105,0.4532
2004,5,3,5,97,0.2438
2004,6,1,1,400,3.2630
2004,6,1,2,185,5.5134
2004,6,1,3,178,4.6060
2004,6,1,4,176,5.3575
2004,6,1,5,285,5.6008
2004,6,2,1,211,3.5145
2004,6,2,2,96,6.3678
2004,6,2,3,113,5.8044
2004,6,2,4,100,5.8634
2004,6,2,5,91,4.6269
2004,6,3,1,226,2.2808
2004,6,3,2,154,0.6629
2004,6,3,3,130,2.6408
2004,6,3,4,112,3.3249
2004,6,3,5,100,4.6453
2004,7,1,1,403,-10.8775
2004,7,1,2,183,-5.9656
2004,7,1,3,183,-6.4632
2004,7,1,4,183,-5.8494
2004,7,1,5,285,-4.4613
2004,7,2,1,220,-10.7352
2004,7,2,2,97,-5.2379
2004,7,2,3,114,-3.9065
2004,7,2,4,93,-4.0409
2004,7,2,5,88,-5.2538
2004,7,3,1,206,-6.6217
2004,7,3,2,165,-2.9406
2004,7,3,3,118,-4.1688
2004,7,3,4,120,-0.4187
2004,7,3,5,98,-0.4913
2004,8,1,1,433,-1.4921
2004,8,1,2,211,-1.7405
2004,8,1,3,191,-2.5863
2004,8,1,4,178,-2.3953
2004,8,1,5,298,-3.8697
2004,8,2,1,211,-3.8544
2004,8,2,2,127,-2.0096
2004,8,2,3,95,-1.1913
2004,8,2,4,102,-0.4198
2004,8,2,5,83,-0.3251
2004,8,3,1,219,-1.7265
2004,8,3,2,144,0.4143
2004,8,3,3,127,-0.4253
2004,8,3,4,120,1.3605
2004,8,3,5,111,-0.2856
2004,9,1,1,428,4.7799
2004,9,1,2,209,3.8191
2004,9,1,3,198,6.0234
2004,9,1,4,177,5.0613
2004,9,1,5,304,3.5620
2004,9,2,1,194,6.3348
2004,9,2,2,122,5.1102
2004,9,2,3,100,6.0301
2004,9,2,4,100,7.7216
2004,9,2,5,85,3.6548
2004,9,3,1,216,1.6184
2004,9,3,2,144,-0.4579
2004,9,3,3,128,2.5295
2004,9,3,4,124,4.0052
2004,9,3,5,103,4.0090
2004,10,1,1,411,1.4880
2004,10,1,2,216,2.3417
2004,10,1,3,181,1.5344
2004,10,1,4,169,1.5935
2004,10,1,5,320,0.1452
2004,10,2,1,217,4.1913
2004,10,2,2,115,1.7969
2004,10,2,3,108,2.9339
2004,10,2,4,102,2.1040
2004,10,2,5,79,2.3437
2004,10,3,1,211,1.8202
2004,10,3,2,146,1.4314
2004,10,3,3,140,2.9707
2004,10,3,4,113,1.7143
2004,10,3,5,104,0.4131
2004,11,1,1,441,8.8263
2004,11,1,2,209,9.1295
2004,11,1,3,200,9.7537
2004,11,1,4,169,11.1444
2004,11,1,5,338,9.3261
2004,11,2,1,201,6.8164
2004,11,2,2,120,9.4351
2004,11,2,3,101,9.8234
2004,11,2,4,96,9.1395
2004,11,2,5,91,11.8082
2004,11,3,1,232,3.1942
2004,11,3,2,159,2.8715
2004,11,3,3,121,5.8712
2004,11,3,4,111,5.7560
2004,11,3,5,100,7.5074
2004,12,1,1,451,5.4404
2004,12,1,2,199,5.4420
2004,12,1,3,196,5.2123
2004,12,1,4,191,4.7478
2004,12,1,5,320,7.0118
2004,12,2,1,214,3.7674
2004,12,2,2,121,2.8489
2004,12,2,3,96,2.7926
2004,12,2,4,90,1.9816
2004,12,2,5,86,5.1936
2004,12,3,1,218,3.2113
2004,12,3,2,163,3.6897
2004,12,3,3,116,2.9134
2004,12,3,4,118,5.9924
2004,12,3,5,101,0.2685
2005,1,1,1,455,-4.8459
2005,1,1,2,203,-4.0009
2005,1,1,3,180,-3.1794
2005,1,1,4,197,-2.4884
2005,1,1,5,299,-2.4509
2005,1,2,1,214,-4.5705
2005,1,2,2,125,-3.1449
2005,1,2,3,90,-2.4741
2005,1,2,4,86,-1.4208
2005,1,2,5,89,-2.4065
2005,1,3,1,221,-3.7471
2005,1,3,2,158,-1.4471
2005,1,3,3,122,-3.3324
2005,1,3,4,114,-1.7950
2005,1,3,5,102,-1.8449
2005,2,1,1,446,0.2693
2005,2,1,2,207,0.9283
2005,2,1,3,204,1.4901
2005,2,1,4,180,2.8808
2005,2,1,5,282,4.3793
2005,2,2,1,186,1.3015
2005,2,2,2,123,2.7844
2005,2,2,3,90,4.1615
2005,2,2,4,101,3.8107
2005,2,2,5,85,4.5016
2005,2,3,1,224,-0.4354
2005,2,3,2,141,1.2825
2005,2,3,3,133,7.6472
2005,2,3,4,112,6.0836
2005,2,3,5,110,6.0041
2005,3,1,1,424,-2.7247
2005,3,1,2,222,-1.1735
2005,3,1,3,200,-2.6757
2005,3,1,4,190,-1.2160
2005,3,1,5,285,-1.8056
2005,3,2,1,193,-2.4542
2005,3,2,2,102,-0.9857
2005,3,2,3,97,-1.6931
2005,3,2,4,101,0.6410
2005,3,2,5,81,-1.0033
2005,3,3,1,215,-2.3807
2005,3,3,2,152,-0.0395
2005,3,3,3,135,-1.9300
2005,3,3,4,113,-0.1077
2005,3,3,5,107,-1.4498
2005,4,1,1,426,-6.4252
2005,4,1,2,216,-5.2883
2005,4,1,3,182,-6.9756
2005,4,1,4,196,-5.5127
2005,4,1,5,285,-7.7101
2005,4,2,1,180,-7.2765
2005,4,2,2,119,-5.1308
2005,4,2,3,101,-6.4611
2005,4,2,4,108,-5.1026
2005,4,2,5,84,-8.3901
2005,4,3,1,216,-1.1165
2005,4,3,2,159,-3.4769
2005,4,3,3,126,-2.3893
2005,4,3,4,107,-4.1808
2005,4,3,5,106,-1.5929
2005,5,1,1,400,7.0670
2005,5,1,2,210,5.0444
2005,5,1,3,217,5.2446
2005,5,1,4,182,6.5693
2005,5,1,5,278,3.8694
2005,5,2,1,178,9.4250
2005,5,2,2,128,8.3428
2005,5,2,3,107,5.9772
2005,5,2,4,110,7.0980
2005,5,2,5,92,7.2662
2005,5,3,1,212,5.0959
2005,5,3,2,155,3.2070
2005,5,3,3,143,4.9730
2005,5,3,4,110,1.8455
2005,5,3,5,101,4.0470
2005,6,1,1,428,4.0857
2005,6,1,2,193,5.8198
2005,6,1,3,188,4.7548
2005,6,1,4,186,6.2117
2005,6,1,5,285,6.1433
2005,6,2,1,176,2.5927
2005,6,2,2,134,2.4031
2005,6,2,3,109,2.6036
2005,6,2,4,99,4.7917
2005,6,2,5,90,3.5616
2005,6,3,1,212,-1.6015
2005,6,3,2,157,-1.0488
2005,6,3,3,132,1.4685
2005,6,3,4,114,2.2477
2005,6,3,5,99,4.0704
2005,7,1,1,427,6.5174
2005,7,1,2,205,4.8419
2005,7,1,3,175,8.1721
2005,7,1,4,182,8.2703
2005,7,1,5,282,6.8789
2005,7,2,1,199,6.9626
2005,7,2,2,125,7.1901
2005,7,2,3,94,6.9524
2005,7,2,4,103,5.8917
2005,7,2,5,86,6.4922
2005,7,3,1,194,5.6493
2005,7,3,2,162,4.4781
2005,7,3,3,149,2.7288
2005,7,3,4,113,5.6836
2005,7,3,5,99,5.4510
2005,8,1,1,451,-2.1790
2005,8,1,2,174,-1.4302
2005,8,1,3,172,-0.7238
2005,8,1,4,158,-0.8363
2005,8,1,5,254,-1.4513
2005,8,2,1,218,-1.4843
2005,8,2,2,118,-1.3341
2005,8,2,3,96,-1.3747
2005,8,2,4,113,-1.1986
2005,8,2,5,90,-3.1048
2005,8,3,1,205,-0.0631
2005,8,3,2,145,-1.5753
2005,8,3,3,141,-1.6625
2005,8,3,4,120,0.3733
2005,8,3,5,98,-0.3657
2005,9,1,1,455,0.0280
2005,9,1,2,169,0.0846
2005,9,1,3,163,1.2837
2005,9,1,4,179,0.0972
2005,9,1,5,243,0.1794
2005,9,2,1,208,1.0395
2005,9,2,2,111,-0.4272
2005,9,2,3,104,-0.3133
2005,9,2,4,102,0.5874
2005,9,2,5,94,1.7092
2005,9,3,1,211,-0.7986
2005,9,3,2,140,0.9960
2005,9,3,3,141,0.3411
2005,9,3,4,117,3.2505
2005,9,3,5,97,2.5173
2005,10,1,1,439,-2.6838
2005,10,1,2,187,-3.5380
2005,10,1,3,163,-0.8920
2005,10,1,4,167,-2.4230
2005,10,1,5,244,-2.2991
2005,10,2,1,210,-4.0875
2005,10,2,2,114,-2.9937
2005,10,2,3,106,-1.8000
2005,10,2,4,98,-3.2915
2005,10,2,5,99,-3.6032
2005,10,3,1,202,-1.8421
2005,10,3,2,152,-2.3332
2005,10,3,3,136,-2.3887
2005,10,3,4,117,-6.0922
2005,10,3,5,88,-3.6258
2005,11,1,1,448,4.3299
2005,11,1,2,186,5.9560
2005,11,1,3,187,4.0012
2005,11,1,4,184,4.8417
2005,11,1,5,267,2.3224
2005,11,2,1,204,6.1129
2005,11,2,2,145,4.6352
2005,11,2,3,102,5.4073
2005,11,2,4,80,5.1092
2005,11,2,5,105,5.1811
2005,11,3,1,214,4.7478
2005,11,3,2,145,3.0405
2005,11,3,3,137,4.3623
2005,11,3,4,117,3.1080
2005,11,3,5,95,2.0553
2005,12,1,1,435,0.2858
2005,12,1,2,176,1.5697
2005,12,1,3,190,0.9151
2005,12,1,4,189,0.5424
2005,12,1,5,271,1.6032
2005,12,2,1,226,-1.9700
2005,12,2,2,133,0.4148
2005,12,2,3,88,-0.8553
2005,12,2,4,92,-0.5318
2005,12,2,5,97,1.7690
2005,12,3,1,218,-0.5566
2005,12,3,2,153,-0.7338
2005,12,3,3,134,0.5518
2005,12,3,4,115,1.4352
2005,12,3,5,95,0.0776
2006,1,1,1,431,8.9903
2006,1,1,2,180,8.6218
2006,1,1,3,203,9.5568
2006,1,1,4,186,8.3180
2006,1,1,5,269,10.3081
2006,1,2,1,214,9.6406
2006,1,2,2,140,7.7141
2006,1,2,3,94,8.8771
2006,1,2,4,94,10.0385
2006,1,2,5,89,8.9809
2006,1,3,1,207,4.0239
2006,1,3,2,147,1.2173
2006,1,3,3,145,1.2652
2006,1,3,4,114,5.9892
2006,1,3,5,96,7.1386
2006,2,1,1,417,-1.3556
2006,2,1,2,200,0.3578
2006,2,1,3,209,0.8336
2006,2,1,4,192,1.2242
2006,2,1,5,251,1.4065
2006,2,2,1,208,-1.3348
2006,2,2,2,146,-0.9352
2006,2,2,3,103,1.0947
2006,2,2,4,92,-1.7518
2006,2,2,5,79,-1.2371
2006,2,3,1,214,-1.3769
2006,2,3,2,134,1.7888
2006,2,3,3,135,0.3836
2006,2,3,4,117,-1.1724
2006,2,3,5,107,-1.6206
2006,3,1,1,418,5.0119
2006,3,1,2,209,3.8440
2006,3,1,3,206,4.7932
2006,3,1,4,194,5.3010
2006,3,1,5,229,5.5191
2006,3,2,1,207,4.7784
2006,3,2,2,139,5.3814
2006,3,2,3,107,5.7927
2006,3,2,4,101,5.2305
2006,3,2,5,74,3.8153
2006,3,3,1,215,1.5114
2006,3,3,2,140,0.8077
2006,3,3,3,126,3.0730
2006,3,3,4,119,2.4125
2006,3,3,5,108,1.7100
2006,4,1,1,434,1.3477
2006,4,1,2,203,2.4676
2006,4,1,3,205,0.4664
2006,4,1,4,200,0.8252
2006,4,1,5,227,1.5084
2006,4,2,1,205,0.0461
2006,4,2,2,141,0.8392
2006,4,2,3,95,2.9488
2006,4,2,4,95,1.2210
2006,4,2,5,73,2.2539
2006,4,3,1,209,-1.6605
2006,4,3,2,148,1.3964
2006,4,3,3,127,0.8238
2006,4,3,4,112,2.4219
2006,4,3,5,113,2.1334
2006,5,1,1,414,-7.6542
2006,5,1,2,203,-5.9949
2006,5,1,3,197,-6.1263
2006,5,1,4,195,-2.9141
2006,5,1,5,236,-4.0629
2006,5,2,1,195,-7.0768
2006,5,2,2,136,-5.8740
2006,5,2,3,94,-3.7071
2006,5,2,4,104,-3.8563
2006,5,2,5,91,-5.1311
2006,5,3,1,201,-4.4040
2006,5,3,2,149,-2.5642
2006,5,3,3,138,-1.5370
2006,5,3,4,109,-2.4901
2006,5,3,5,110,-2.9426
2006,6,1,1,401,-1.3044
2006,6,1,2,207,0.4888
2006,6,1,3,197,-0.9587
2006,6,1,4,199,1.3194
2006,6,1,5,239,-0.7491
2006,6,2,1,184,-0.5214
2006,6,2,2,131,-1.6653
2006,6,2,3,102,-2.6481
2006,6,2,4,99,-0.0316
2006,6,2,5,99,-0.1612
2006,6,3,1,197,-0.9516
2006,6,3,2,153,0.4838
2006,6,3,3,136,0.1814
2006,6,3,4,106,0.3885
2006,6,3,5,107,3.2059
2006,7,1,1,420,-4.5776
2006,7,1,2,172,-4.3712
2006,7,1,3,203,-4.2943
2006,7,1,4,193,-1.7717
2006,7,1,5,245,-2.1292
2006,7,2,1,188,-5.4109
2006,7,2,2,127,-4.1593
2006,7,2,3,106,-2.5000
2006,7,2,4,99,-2.5580
2006,7,2,5,102,-2.5306
2006,7,3,1,197,-3.4325
2006,7,3,2,154,1.2701
2006,7,3,3,138,-0.8590
2006,7,3,4,107,1.5083
2006,7,3,5,95,1.5732
2006,8,1,1,477,1.4168
2006,8,1,2,185,5.4771
2006,8,1,3,176,4.9896
2006,8,1,4,152,2.2852
2006,8,1,5,243,1.2352
2006,8,2,1,230,2.7808
2006,8,2,2,113,3.6930
2006,8,2,3,104,1.7378
2006,8,2,4,100,3.3573
2006,8,2,5,89,2.2541
2006,8,3,1,199,4.0541
2006,8,3,2,148,2.5479
2006,8,3,3,136,2.9314
2006,8,3,4,114,1.7740
2006,8,3,5,103,-0.2319
2006,9,1,1,458,0.9286
2006,9,1,2,178,1.2303
2006,9,1,3,179,2.0714
2006,9,1,4,180,2.1022
2006,9,1,5,229,1.0230
2006,9,2,1,228,2.0085
2006,9,2,2,111,1.6583
2006,9,2,3,104,2.2975
2006,9,2,4,98,2.0832
2006,9,2,5,100,-0.9351
2006,9,3,1,197,2.8553
2006,9,3,2,154,0.2453
2006,9,3,3,133,3.6272
2006,9,3,4,116,2.2579
2006,9,3,5,96,-0.2786
2006,10,1,1,468,5.1391
2006,10,1,2,172,7.6409
2006,10,1,3,178,7.5845
2006,10,1,4,173,7.8876
2006,10,1,5,234,7.6727
2006,10,2,1,225,5.0305
2006,10,2,2,101,5.4277
2006,10,2,3,105,6.3244
2006,10,2,4,105,6.9224
2006,10,2,5,97,6.4689
2006,10,3,1,219,3.3964
2006,10,3,2,145,3.1270
2006,10,3,3,134,4.8721
2006,10,3,4,103,4.1303
2006,10,3,5,100,4.4289
2006,11,1,1,469,2.3617
2006,11,1,2,223,3.4445
2006,11,1,3,181,2.5121
2006,11,1,4,173,0.8330
2006,11,1,5,242,2.7093
2006,11,2,1,207,2.6630
2006,11,2,2,116,1.0287
2006,11,2,3,103,4.4075
2006,11,2,4,104,4.9537
2006,11,2,5,105,5.3221
2006,11,3,1,208,2.0423
2006,11,3,2,160,0.8868
2006,11,3,3,132,1.4990
2006,11,3,4,110,4.4561
2006,11,3,5,96,5.6096
2006,12,1,1,475,0.6628
2006,12,1,2,209,2.3287
2006,12,1,3,169,2.4846
2006,12,1,4,167,4.7498
2006,12,1,5,264,3.4466
2006,12,2,1,209,-0.0520
2006,12,2,2,110,0.0117
2006,12,2,3,107,0.1354
2006,12,2,4,106,0.8002
2006,12,2,5,98,-0.3096
2006,12,3,1,204,0.2615
2006,12,3,2,161,-0.3173
2006,12,3,3,133,1.9644
2006,12,3,4,100,0.2260
2006,12,3,5,102,0.0925
2007,1,1,1,474,2.0420
2007,1,1,2,209,1.7258
2007,1,1,3,173,1.1456
2007,1,1,4,178,1.6888
2007,1,1,5,247,1.6461
2007,1,2,1,197,1.3438
2007,1,2,2,116,1.9725
2007,1,2,3,105,2.5335
2007,1,2,4,102,2.1353
2007,1,2,5,94,3.3538
2007,1,3,1,197,3.0079
2007,1,3,2,158,2.5425
2007,1,3,3,135,2.3041
2007,1,3,4,100,1.4734
2007,1,3,5,103,1.7069
2007,2,1,1,440,-0.2184
2007,2,1,2,207,0.1070
2007,2,1,3,193,1.8190
2007,2,1,4,191,0.4800
2007,2,1,5,222,1.6888
2007,2,2,1,191,0.1585
2007,2,2,2,122,0.3306
2007,2,2,3,101,-0.4729
2007,2,2,4,97,1.0710
2007,2,2,5,99,-1.0133
2007,2,3,1,192,-2.5923
2007,2,3,2,148,-2.3622
2007,2,3,3,130,-1.1569
2007,2,3,4,119,-0.5010
2007,2,3,5,110,0.3140
2007,3,1,1,444,1.2849
2007,3,1,2,190,0.4276
2007,3,1,3,190,2.6771
2007,3,1,4,193,0.7834
2007,3,1,5,217,-0.7622
2007,3,2,1,202,0.7909
2007,3,2,2,107,2.5532
2007,3,2,3,110,1.7847
2007,3,2,4,105,1.4930
2007,3,2,5,101,2.3528
2007,3,3,1,197,1.5508
2007,3,3,2,148,0.3393
2007,3,3,3,128,0.3436
2007,3,3,4,117,3.1768
2007,3,3,5,104,3.6866
2007,4,1,1,442,1.0357
2007,4,1,2,193,1.9047
2007,4,1,3,197,2.1371
2007,4,1,4,176,0.7932
2007,4,1,5,234,2.4731
2007,4,2,1,198,2.5630
2007,4,2,2,106,2.2799
2007,4,2,3,108,2.3198
2007,4,2,4,103,2.8759
2007,4,2,5,99,5.1031
2007,4,3,1,194,4.1489
2007,4,3,2,148,3.4702
2007,4,3,3,123,5.2030
2007,4,3,4,118,4.8530
2007,4,3,5,104,4.3877
2007,5,1,1,430,3.9358
2007,5,1,2,183,3.9661
2007,5,1,3,169,5.4886
2007,5,1,4,170,3.5488
2007,5,1,5,267,2.4580
2007,5,2,1,198,4.2483
2007,5,2,2,103,3.9626
2007,5,2,3,107,4.8220
2007,5,2,4,103,4.0654
2007,5,2,5,104,4.5807
2007,5,3,1,192,3.0098
2007,5,3,2,152,3.2239
2007,5,3,3,122,4.0066
2007,5,3,4,117,4.4544
2007,5,3,5,95,6.9080
2007,6,1,1,404,1.2896
2007,6,1,2,191,-0.3895
2007,6,1,3,163,1.6291
2007,6,1,4,167,0.3500
2007,6,1,5,276,0.4146
2007,6,2,1,204,0.0047
2007,6,2,2,102,-0.4297
2007,6,2,3,119,-0.1512
2007,6,2,4,93,-1.5638
2007,6,2,5,107,-3.8512
2007,6,3,1,185,-1.4844
2007,6,3,2,160,-0.8889
2007,6,3,3,112,-0.7976
2007,6,3,4,131,-1.2846
2007,6,3,5,91,-0.7481
2007,7,1,1,395,-4.1166
2007,7,1,2,191,-5.9340
2007,7,1,3,161,-5.1093
2007,7,1,4,161,-7.1699
2007,7,1,5,264,-7.4270
2007,7,2,1,214,-2.3050
2007,7,2,2,100,-3.7228
2007,7,2,3,128,-5.3111
2007,7,2,4,82,-7.4261
2007,7,2,5,109,-7.8923
2007,7,3,1,189,-1.0854
2007,7,3,2,153,-3.2887
2007,7,3,3,115,-1.5637
2007,7,3,4,131,-1.1060
2007,7,3,5,89,-3.5760
2007,8,1,1,445,-0.8745
2007,8,1,2,188,-0.0503
2007,8,1,3,151,0.2414
2007,8,1,4,146,-1.3927
2007,8,1,5,210,-3.2785
2007,8,2,1,230,2.7871
2007,8,2,2,109,0.9292
2007,8,2,3,117,1.3618
2007,8,2,4,101,-0.8645
2007,8,2,5,94,-0.8504
2007,8,3,1,198,2.6484
2007,8,3,2,149,1.9065
2007,8,3,3,126,1.0207
2007,8,3,4,123,0.6055
2007,8,3,5,98,0.4269
2007,9,1,1,412,2.6754
2007,9,1,2,174,1.9091
2007,9,1,3,172,0.3725
2007,9,1,4,150,-2.1105
2007,9,1,5,212,-1.5110
2007,9,2,1,226,3.6251
2007,9,2,2,108,1.5800
2007,9,2,3,105,-1.8581
2007,9,2,4,103,0.5239
2007,9,2,5,96,-0.3693
2007,9,3,1,197,6.1572
2007,9,3,2,148,4.8166
2007,9,3,3,131,2.6383
2007,9,3,4,121,2.4739
2007,9,3,5,96,4.9937
2007,10,1,1,417,3.7725
2007,10,1,2,153,2.3321
2007,10,1,3,162,2.2215
2007,10,1,4,160,0.4613
2007,10,1,5,213,0.3320
2007,10,2,1,223,3.6423
2007,10,2,2,105,4.7207
2007,10,2,3,107,3.0057
2007,10,2,4,102,1.6694
2007,10,2,5,96,1.3990
2007,10,3,1,208,5.3889
2007,10,3,2,149,0.6985
2007,10,3,3,126,6.2418
2007,10,3,4,117,0.8238
2007,10,3,5,93,1.0435
2007,11,1,1,393,-7.9269
2007,11,1,2,167,-8.6239
2007,11,1,3,177,-6.9955
2007,11,1,4,161,-9.1816
2007,11,1,5,237,-10.5678
2007,11,2,1,220,-8.7351
2007,11,2,2,123,-4.9493
2007,11,2,3,108,-5.7040
2007,11,2,4,85,-6.3388
2007,11,2,5,103,-9.1368
2007,11,3,1,229,-4.6805
2007,11,3,2,137,-1.7588
2007,11,3,3,123,-3.1417
2007,11,3,4,122,-4.6741
2007,11,3,5,88,-5.3146
2007,12,1,1,356,1.5094
2007,12,1,2,160,0.0742
2007,12,1,3,185,-0.0390
2007,12,1,4,153,-1.6068
2007,12,1,5,258,0.4179
2007,12,2,1,206,0.4003
2007,12,2,2,128,-0.0961
2007,12,2,3,105,-1.2462
2007,12,2,4,87,-2.4809
2007,12,2,5,104,-0.9708
2007,12,3,1,240,-0.0260
2007,12,3,2,143,0.3941
2007,12,3,3,119,-0.0416
2007,12,3,4,120,0.4537
2007,12,3,5,81,2.8036
2008,1,1,1,341,-11.3657
2008,1,1,2,189,-10.0411
2008,1,1,3,149,-6.1726
2008,1,1,4,157,-5.8410
2008,1,1,5,267,-3.8200
2008,1,2,1,223,-12.4677
2008,1,2,2,127,-7.6624
2008,1,2,3,97,-7.0089
2008,1,2,4,83,-5.9086
2008,1,2,5,104,-1.1559
2008,1,3,1,229,-9.7638
2008,1,3,2,147,-7.7844
2008,1,3,3,119,-5.3106
2008,1,3,4,117,-4.1336
2008,1,3,5,83,-6.8891
2008,2,1,1,381,-4.4528
2008,2,1,2,188,-1.7288
2008,2,1,3,156,-3.0966
2008,2,1,4,176,-0.3012
2008,2,1,5,280,-2.6479
2008,2,2,1,205,-4.6974
2008,2,2,2,125,-2.8828
2008,2,2,3,98,-2.5375
2008,2,2,4,105,0.8528
2008,2,2,5,98,-2.7879
2008,2,3,1,215,-3.4799
2008,2,3,2,154,0.2207
2008,2,3,3,119,1.3389
2008,2,3,4,111,-0.0171
2008,2,3,5,86,-1.9359
2008,3,1,1,369,-2.7226
2008,3,1,2,194,-0.0561
2008,3,1,3,143,1.5152
2008,3,1,4,172,1.0235
2008,3,1,5,293,0.0068
2008,3,2,1,211,-1.7267
2008,3,2,2,107,1.2141
2008,3,2,3,125,1.1040
2008,3,2,4,96,0.4506
2008,3,2,5,102,-1.5248
2008,3,3,1,201,0.2091
2008,3,3,2,164,-0.5051
2008,3,3,3,116,-0.9934
2008,3,3,4,123,0.6791
2008,3,3,5,78,-2.8985
2008,4,1,1,343,3.9856
2008,4,1,2,204,2.0443
2008,4,1,3,160,3.8397
2008,4,1,4,190,2.0418
2008,4,1,5,287,1.5531
2008,4,2,1,207,4.3742
2008,4,2,2,119,3.9236
2008,4,2,3,112,5.6024
2008,4,2,4,107,3.6403
2008,4,2,5,84,6.5977
2008,4,3,1,197,5.0840
2008,4,3,2,152,2.3411
2008,4,3,3,123,7.4815
2008,4,3,4,120,7.1659
2008,4,3,5,81,6.5632
2008,5,1,1,321,5.3606
2008,5,1,2,168,4.6243
2008,5,1,3,151,6.1288
2008,5,1,4,161,6.7705
2008,5,1,5,310,4.1276
2008,5,2,1,195,5.3134
2008,5,2,2,135,5.4896
2008,5,2,3,95,6.0764
2008,5,2,4,103,5.8267
2008,5,2,5,107,5.4945
2008,5,3,1,192,3.7708
2008,5,3,2,156,2.8032
2008,5,3,3,141,4.3194
2008,5,3,4,110,2.9522
2008,5,3,5,70,5.5211
2008,6,1,1,320,-6.8979
2008,6,1,2,156,-7.6774
2008,6,1,3,153,-8.5345
2008,6,1,4,155,-6.5307
2008,6,1,5,314,-10.6989
2008,6,2,1,195,-7.7632
2008,6,2,2,125,-10.8198
2008,6,2,3,100,-7.2321
2008,6,2,4,96,-10.3359
2008,6,2,5,106,-10.6500
2008,6,3,1,202,-5.6684
2008,6,3,2,160,-6.4153
2008,6,3,3,136,-6.4705
2008,6,3,4,107,-5.4514
2008,6,3,5,73,-6.5500
2008,7,1,1,320,1.9137
2008,7,1,2,180,4.9781
2008,7,1,3,137,6.8089
2008,7,1,4,181,2.8742
2008,7,1,5,292,4.6409
2008,7,2,1,197,1.4927
2008,7,2,2,124,2.3825
2008,7,2,3,105,1.6543
2008,7,2,4,110,2.6736
2008,7,2,5,96,3.6215
2008,7,3,1,194,-1.7166
2008,7,3,2,162,-1.1376
2008,7,3,3,139,-3.1735
2008,7,3,4,113,-4.6771
2008,7,3,5,75,-4.7922
2008,8,1,1,353,3.2408
2008,8,1,2,175,2.8251
2008,8,1,3,136,4.9341
2008,8,1,4,135,3.9282
2008,8,1,5,254,5.5261
2008,8,2,1,236,3.7579
2008,8,2,2,122,3.1164
2008,8,2,3,101,5.2402
2008,8,2,4,100,7.3125
2008,8,2,5,90,3.3658
2008,8,3,1,201,0.1339
2008,8,3,2,149,1.8809
2008,8,3,3,123,2.7781
2008,8,3,4,127,1.5810
2008,8,3,5,85,3.2683
2008,9,1,1,345,-9.0166
2008,9,1,2,168,-8.6073
2008,9,1,3,139,-9.8631
2008,9,1,4,132,-9.5148
2008,9,1,5,256,-12.4608
2008,9,2,1,237,-10.7958
2008,9,2,2,118,-10.3993
2008,9,2,3,109,-10.6229
2008,9,2,4,106,-9.9067
2008,9,2,5,88,-11.4051
2008,9,3,1,196,-12.8360
2008,9,3,2,152,-7.4356
2008,9,3,3,124,-10.2904
2008,9,3,4,124,-10.2069
2008,9,3,5,84,-10.8891
2008,10,1,1,360,-17.8068
2008,10,1,2,139,-22.7829
2008,10,1,3,158,-22.2372
2008,10,1,4,146,-25.9578
2008,10,1,5,254,-29.9409
2008,10,2,1,227,-19.9452
2008,10,2,2,121,-19.9108
2008,10,2,3,106,-23.2044
2008,10,2,4,99,-23.8216
2008,10,2,5,85,-27.8773
2008,10,3,1,191,-14.4343
2008,10,3,2,154,-14.5248
2008,10,3,3,126,-20.2020
2008,10,3,4,119,-14.5671
2008,10,3,5,86,-17.6972
2008,11,1,1,302,-12.4969
2008,11,1,2,139,-16.8138
2008,11,1,3,150,-14.9157
2008,11,1,4,165,-15.2513
2008,11,1,5,288,-18.8014
2008,11,2,1,253,-10.2007
2008,11,2,2,121,-12.0248
2008,11,2,3,104,-14.5002
2008,11,2,4,101,-14.1117
2008,11,2,5,97,-19.5339
2008,11,3,1,217,-6.1652
2008,11,3,2,162,-8.2097
2008,11,3,3,129,-1.9489
2008,11,3,4,115,-2.6696
2008,11,3,5,71,-9.6640
2008,12,1,1,254,3.6525
2008,12,1,2,130,6.1417
2008,12,1,3,149,8.4897
2008,12,1,4,183,10.8205
2008,12,1,5,319,6.9789
2008,12,2,1,244,3.6957
2008,12,2,2,117,4.7629
2008,12,2,3,110,8.3188
2008,12,2,4,108,7.7206
2008,12,2,5,90,8.5801
2008,12,3,1,225,1.0950
2008,12,3,2,171,2.0233
2008,12,3,3,132,0.3289
2008,12,3,4,110,4.6884
2008,12,3,5,59,4.2023
2009,1,1,1,254,-8.1768
2009,1,1,2,144,-11.3403
2009,1,1,3,129,-10.3231
2009,1,1,4,185,-9.8313
2009,1,1,5,315,-12.2371
2009,1,2,1,244,-8.9695
2009,1,2,2,116,-7.6241
2009,1,2,3,102,-9.0875
2009,1,2,4,108,-6.7422
2009,1,2,5,94,-5.9528
2009,1,3,1,218,-4.2864
2009,1,3,2,172,-5.0597
2009,1,3,3,127,-8.9544
2009,1,3,4,111,-8.8051
2009,1,3,5,65,-5.0056
2009,2,1,1,258,-7.8954
2009,2,1,2,139,-11.4837
2009,2,1,3,139,-10.3734
2009,2,1,4,179,-16.5844
2009,2,1,5,286,-17.9861
2009,2,2,1,236,-7.3666
2009,2,2,2,128,-10.5930
2009,2,2,3,112,-13.5844
2009,2,2,4,103,-12.0256
2009,2,2,5,90,-19.2078
2009,2,3,1,225,-7.7369
2009,2,3,2,161,-7.9532
2009,2,3,3,132,-9.0922
2009,2,3,4,103,-12.3553
2009,2,3,5,65,-15.0459
2009,3,1,1,231,6.9986
2009,3,1,2,122,13.3060
2009,3,1,3,150,8.5779
2009,3,1,4,192,12.7852
2009,3,1,5,269,14.7614
2009,3,2,1,238,7.8653
2009,3,2,2,132,11.9685
2009,3,2,3,115,11.8473
2009,3,2,4,101,12.1642
2009,3,2,5,87,9.8290
2009,3,3,1,246,6.8952
2009,3,3,2,151,9.7125
2009,3,3,3,142,6.6129
2009,3,3,4,103,9.5999
2009,3,3,5,52,7.0233
2009,4,1,1,236,13.2753
2009,4,1,2,121,21.0581
2009,4,1,3,133,19.1890
2009,4,1,4,192,26.6578
2009,4,1,5,282,45.5675
2009,4,2,1,244,14.5730
2009,4,2,2,120,16.5553
2009,4,2,3,120,26.4424
2009,4,2,4,93,29.7342
2009,4,2,5,87,50.7868
2009,4,3,1,234,4.8800
2009,4,3,2,152,8.5715
2009,4,3,3,136,7.5581
2009,4,3,4,107,11.9533
2009,4,3,5,53,20.7251
2009,5,1,1,184,8.5234
2009,5,1,2,103,8.3362
2009,5,1,3,107,11.1741
2009,5,1,4,108,12.1326
2009,5,1,5,240,13.2956
2009,5,2,1,184,0.5334
2009,5,2,2,103,0.3505
2009,5,2,3,85,4.3659
2009,5,2,4,81,3.9773
2009,5,2,5,88,10.2377
2009,5,3,1,161,3.9759
2009,5,3,2,139,2.8302
2009,5,3,3,117,4.5483
2009,5,3,4,101,4.3577
2009,5,3,5,72,6.1846
2009,6,1,1,201,7.0812
2009,6,1,2,110,5.5592
2009,6,1,3,98,3.2159
2009,6,1,4,104,6.6793
2009,6,1,5,229,6.7098
2009,6,2,1,170,3.3811
2009,6,2,2,102,2.1236
2009,6,2,3,87,3.8763
2009,6,2,4,70,-0.9055
2009,6,2,5,86,-2.1263
2009,6,3,1,157,1.2867
2009,6,3,2,136,2.5909
2009,6,3,3,114,0.8561
2009,6,3,4,104,-0.0019
2009,6,3,5,77,-2.2186
2009,7,1,1,200,8.5243
2009,7,1,2,114,6.7685
2009,7,1,3,97,8.2083
2009,7,1,4,101,11.9522
2009,7,1,5,210,11.5467
2009,7,2,1,169,6.5512
2009,7,2,2,111,7.8507
2009,7,2,3,76,8.5106
2009,7,2,4,68,9.6768
2009,7,2,5,87,11.2551
2009,7,3,1,151,6.9231
2009,7,3,2,138,6.6831
2009,7,3,3,113,5.2456
2009,7,3,4,102,8.3818
2009,7,3,5,74,9.1525
2009,8,1,1,241,1.6029
2009,8,1,2,101,0.5401
2009,8,1,3,113,1.9639
2009,8,1,4,140,4.3763
2009,8,1,5,203,7.1852
2009,8,2,1,186,-0.2283
2009,8,2,2,103,2.1750
2009,8,2,3,70,3.8873
2009,8,2,4,86,3.5341
2009,8,2,5,100,5.8906
2009,8,3,1,188,0.6047
2009,8,3,2,136,1.9181
2009,8,3,3,128,3.1914
2009,8,3,4,107,2.4773
2009,8,3,5,67,1.4700
2009,9,1,1,260,6.7175
2009,9,1,2,85,7.3082
2009,9,1,3,116,8.4746
2009,9,1,4,145,7.7621
2009,9,1,5,214,9.2540
2009,9,2,1,176,7.1753
2009,9,2,2,101,5.2584
2009,9,2,3,85,5.8927
2009,9,2,4,87,7.1316
2009,9,2,5,99,9.2013
2009,9,3,1,174,6.7995
2009,9,3,2,143,3.8705
2009,9,3,3,129,2.1164
2009,9,3,4,109,5.7773
2009,9,3,5,64,4.4472
2009,10,1,1,245,-7.6161
2009,10,1,2,104,-6.0898
2009,10,1,3,120,-5.4280
2009,10,1,4,148,-6.1295
2009,10,1,5,208,-7.6023
2009,10,2,1,177,-5.8400
2009,10,2,2,97,-4.6242
2009,10,2,3,95,-4.9525
2009,10,2,4,76,-6.8292
2009,10,2,5,97,-5.4329
2009,10,3,1,180,-1.8923
2009,10,3,2,146,-0.3086
2009,10,3,3,126,0.0578
2009,10,3,4,108,-2.2418
2009,10,3,5,67,-2.3174
2009,11,1,1,269,1.7790
2009,11,1,2,148,-1.2048
2009,11,1,3,123,3.1545
2009,11,1,4,146,4.3216
2009,11,1,5,256,0.0404
2009,11,2,1,179,1.7652
2009,11,2,2,108,2.2362
2009,11,2,3,97,0.7261
2009,11,2,4,83,3.5541
2009,11,2,5,103,5.2851
2009,11,3,1,201,6.1623
2009,11,3,2,148,5.9531
2009,11,3,3,130,6.0544
2009,11,3,4,117,6.6790
2009,11,3,5,74,4.6704
2009,12,1,1,266,8.8444
2009,12,1,2,132,7.7947
2009,12,1,3,122,10.5022
2009,12,1,4,135,7.6034
2009,12,1,5,273,9.0982
2009,12,2,1,173,8.4530
2009,12,2,2,105,8.4672
2009,12,2,3,86,7.7908
2009,12,2,4,87,9.2642
2009,12,2,5,107,9.8699
2009,12,3,1,220,4.4840
2009,12,3,2,149,0.6494
2009,12,3,3,126,2.4055
2009,12,3,4,112,2.8782
2009,12,3,5,71,5.0714
2010,1,1,1,274,-4.2917
2010,1,1,2,124,-3.0184
2010,1,1,3,116,-1.8590
2010,1,1,4,128,-2.6386
2010,1,1,5,280,-1.4612
2010,1,2,1,187,-6.5573
2010,1,2,2,111,-3.2133
2010,1,2,3,78,-3.5804
2010,1,2,4,87,-2.1374
2010,1,2,5,98,-4.2566
2010,1,3,1,208,-6.8200
2010,1,3,2,145,-2.5530
2010,1,3,3,128,-2.0206
2010,1,3,4,122,-2.6166
2010,1,3,5,73,-5.8413
2010,2,1,1,290,5.9071
2010,2,1,2,132,5.5088
2010,2,1,3,118,5.7772
2010,2,1,4,156,3.3268
2010,2,1,5,269,3.9856
2010,2,2,1,201,4.9500
2010,2,2,2,104,3.4482
2010,2,2,3,98,5.7631
2010,2,2,4,104,4.6279
2010,2,2,5,84,5.5223
2010,2,3,1,213,3.6599
2010,2,3,2,157,3.9141
2010,2,3,3,131,3.6181
2010,2,3,4,112,3.3486
2010,2,3,5,79,0.8381
2010,3,1,1,288,8.6001
2010,3,1,2,126,6.3399
2010,3,1,3,134,8.3356
2010,3,1,4,146,7.3232
2010,3,1,5,275,9.9995
2010,3,2,1,193,7.3238
2010,3,2,2,107,7.3502
2010,3,2,3,100,7.2827
2010,3,2,4,98,8.0308
2010,3,2,5,87,9.6121
2010,3,3,1,209,6.7711
2010,3,3,2,157,4.8803
2010,3,3,3,133,4.4952
2010,3,3,4,106,6.8175
2010,3,3,5,84,5.6959
2010,4,1,1,292,6.6508
2010,4,1,2,123,4.6967
2010,4,1,3,139,5.6940
2010,4,1,4,143,8.7091
2010,4,1,5,273,10.3174
2010,4,2,1,184,4.0102
2010,4,2,2,108,5.6988
2010,4,2,3,87,4.4546
2010,4,2,4,104,6.8365
2010,4,2,5,91,9.6208
2010,4,3,1,205,2.1229
2010,4,3,2,169,0.9397
2010,4,3,3,128,1.1898
2010,4,3,4,112,0.9392
2010,4,3,5,84,4.0705
2010,5,1,1,318,-7.7777
2010,5,1,2,138,-7.4612
2010,5,1,3,147,-8.9942
2010,5,1,4,142,-7.5280
2010,5,1,5,280,-10.5417
2010,5,2,1,184,-7.1587
2010,5,2,2,109,-6.3631
2010,5,2,3,82,-4.8339
2010,5,2,4,96,-6.2131
2010,5,2,5,103,-8.4696
2010,5,3,1,187,-7.6323
2010,5,3,2,164,-6.7614
2010,5,3,3,138,-8.1661
2010,5,3,4,114,-8.2154
2010,5,3,5,87,-6.9434
2010,6,1,1,297,-6.0900
2010,6,1,2,150,-5.7274
2010,6,1,3,144,-6.7022
2010,6,1,4,149,-9.1258
2010,6,1,5,279,-11.1718
2010,6,2,1,194,-6.4499
2010,6,2,2,107,-7.6205
2010,6,2,3,92,-6.2458
2010,6,2,4,92,-8.8712
2010,6,2,5,92,-10.0102
2010,6,3,1,187,-5.4842
2010,6,3,2,169,-2.9842
2010,6,3,3,135,-5.7668
2010,6,3,4,127,-6.2608
2010,6,3,5,89,-4.4497
2010,7,1,1,288,5.5571
2010,7,1,2,146,6.6109
2010,7,1,3,139,7.2410
2010,7,1,4,161,7.8958
2010,7,1,5,261,9.1085
2010,7,2,1,204,7.0941
2010,7,2,2,111,7.8441
2010,7,2,3,95,6.8293
2010,7,2,4,85,6.8688
2010,7,2,5,93,9.1240
2010,7,3,1,189,7.3831
2010,7,3,2,166,5.2890
2010,7,3,3,132,5.9681
2010,7,3,4,138,8.3820
2010,7,3,5,79,8.4425
2010,8,1,1,287,-9.8616
2010,8,1,2,151,-7.7454
2010,8,1,3,131,-9.6491
2010,8,1,4,184,-9.6818
2010,8,1,5,216,-6.3668
2010,8,2,1,210,-5.8712
2010,8,2,2,121,-6.7781
2010,8,2,3,97,-6.9350
2010,8,2,4,101,-5.3766
2010,8,2,5,95,-8.5394
2010,8,3,1,187,-3.1168
2010,8,3,2,158,-4.0276
2010,8,3,3,135,-4.7645
2010,8,3,4,130,-3.1376
2010,8,3,5,99,-3.2356
2010,9,1,1,291,12.6412
2010,9,1,2,138,10.7340
2010,9,1,3,138,12.5893
2010,9,1,4,179,13.4941
2010,9,1,5,231,14.2572
2010,9,2,1,181,14.0165
2010,9,2,2,123,13.5380
2010,9,2,3,90,12.3526
2010,9,2,4,107,13.6630
2010,9,2,5,102,14.3463
2010,9,3,1,195,12.7590
2010,9,3,2,168,8.6410
2010,9,3,3,140,9.1671
2010,9,3,4,128,8.5319
2010,9,3,5,79,10.1332
2010,10,1,1,289,6.9200
2010,10,1,2,128,4.6047
2010,10,1,3,139,5.6178
2010,10,1,4,186,7.6988
2010,10,1,5,240,4.3488
2010,10,2,1,188,3.7210
2010,10,2,2,117,2.5617
2010,10,2,3,89,5.4055
2010,10,2,4,104,4.7867
2010,10,2,5,100,4.4606
2010,10,3,1,200,5.0138
2010,10,3,2,159,4.6026
2010,10,3,3,144,3.9817
2010,10,3,4,130,3.9809
2010,10,3,5,82,2.9512
2010,11,1,1,294,2.9073
2010,11,1,2,144,2.9023
2010,11,1,3,138,3.4917
2010,11,1,4,162,4.5234
2010,11,1,5,299,4.9180
2010,11,2,1,208,3.3335
2010,11,2,2,116,3.6961
2010,11,2,3,106,5.0216
2010,11,2,4,88,3.0304
2010,11,2,5,103,7.3129
2010,11,3,1,215,1.4098
2010,11,3,2,156,-1.1113
2010,11,3,3,135,0.8826
2010,11,3,4,121,0.9710
2010,11,3,5,78,-0.0439
2010,12,1,1,292,10.2120
2010,12,1,2,143,8.1381
2010,12,1,3,140,9.6556
2010,12,1,4,153,6.9421
2010,12,1,5,306,8.5956
2010,12,2,1,206,6.5324
2010,12,2,2,127,6.8142
2010,12,2,3,94,8.0659
2010,12,2,4,86,7.7983
2010,12,2,5,102,9.3766
2010,12,3,1,217,4.6560
2010,12,3,2,140,6.0804
2010,12,3,3,135,5.0675
2010,12,3,4,128,7.1624
2010,12,3,5,81,8.5039
2011,1,1,1,308,-1.2845
2011,1,1,2,149,-1.5158
2011,1,1,3,105,-3.2581
2011,1,1,4,148,-2.2191
2011,1,1,5,313,0.8630
2011,1,2,1,207,0.4645
2011,1,2,2,128,0.2767
2011,1,2,3,103,0.5121
2011,1,2,4,81,0.8241
2011,1,2,5,96,3.9003
2011,1,3,1,207,2.1773
2011,1,3,2,137,-0.1013
2011,1,3,3,142,1.4800
2011,1,3,4,121,5.1365
2011,1,3,5,83,1.8845
2011,2,1,1,285,3.9714
2011,2,1,2,136,5.8977
2011,2,1,3,128,5.6463
2011,2,1,4,180,3.3208
2011,2,1,5,303,6.3914
2011,2,2,1,207,6.4303
2011,2,2,2,106,4.7524
2011,2,2,3,102,4.5417
2011,2,2,4,101,5.4262
2011,2,2,5,88,5.3662
2011,2,3,1,200,3.9179
2011,2,3,2,159,4.1965
2011,2,3,3,130,2.5714
2011,2,3,4,115,4.1438
2011,2,3,5,86,3.6394
2011,3,1,1,292,4.0879
2011,3,1,2,124,3.3605
2011,3,1,3,136,2.5545
2011,3,1,4,189,1.8725
2011,3,1,5,305,-2.0411
2011,3,2,1,188,4.1886
2011,3,2,2,111,2.8320
2011,3,2,3,95,3.2891
2011,3,2,4,100,3.6697
2011,3,2,5,92,2.1100
2011,3,3,1,205,0.1652
2011,3,3,2,151,1.0420
2011,3,3,3,137,-0.0814
2011,3,3,4,116,1.1161
2011,3,3,5,83,2.0633
2011,4,1,1,275,1.2668
2011,4,1,2,133,2.2990
2011,4,1,3,146,1.6973
2011,4,1,4,168,2.2270
2011,4,1,5,306,0.8796
2011,4,2,1,193,2.8186
2011,4,2,2,115,1.5690
2011,4,2,3,85,2.1795
2011,4,2,4,112,3.7961
2011,4,2,5,91,1.4631
2011,4,3,1,198,3.1213
2011,4,3,2,150,3.4124
2011,4,3,3,143,4.0461
2011,4,3,4,121,3.5554
2011,4,3,5,81,2.1200
2011,5,1,1,277,-1.2396
2011,5,1,2,113,-2.4468
2011,5,1,3,139,-2.5496
2011,5,1,4,145,-1.0689
2011,5,1,5,329,-2.5929
2011,5,2,1,178,-1.4693
2011,5,2,2,111,-1.2916
2011,5,2,3,98,-1.5970
2011,5,2,4,89,-2.1100
2011,5,2,5,99,-1.4031
2011,5,3,1,179,-1.1857
2011,5,3,2,166,0.0863
2011,5,3,3,130,-1.3001
2011,5,3,4,129,-1.1652
2011,5,3,5,81,-2.3155
2011,6,1,1,276,-1.5948
2011,6,1,2,113,-0.6073
2011,6,1,3,137,-0.1060
2011,6,1,4,143,-1.9431
2011,6,1,5,319,-3.1462
2011,6,2,1,178,-1.9841
2011,6,2,2,108,-0.6850
2011,6,2,3,105,-1.9070
2011,6,2,4,94,-0.4171
2011,6,2,5,100,-2.2172
2011,6,3,1,187,-0.8191
2011,6,3,2,153,-0.9991
2011,6,3,3,131,-2.6994
2011,6,3,4,124,-1.3560
2011,6,3,5,86,-1.9731
2011,7,1,1,263,-3.4336
2011,7,1,2,108,-1.1030
2011,7,1,3,122,-3.3227
2011,7,1,4,157,-1.7384
2011,7,1,5,320,-2.6578
2011,7,2,1,178,-5.5727
2011,7,2,2,102,-2.7899
2011,7,2,3,117,-3.7987
2011,7,2,4,91,-4.3928
2011,7,2,5,97,-5.5502
2011,7,3,1,183,-2.9436
2011,7,3,2,154,-0.6798
2011,7,3,3,135,-1.6868
2011,7,3,4,134,-2.0288
2011,7,3,5,75,-1.8945
2011,8,1,1,270,-9.4359
2011,8,1,2,141,-8.7312
2011,8,1,3,126,-8.3092
2011,8,1,4,141,-10.9639
2011,8,1,5,274,-12.5285
2011,8,2,1,177,-8.1152
2011,8,2,2,98,-9.2544
2011,8,2,3,110,-9.7396
2011,8,2,4,102,-8.6585
2011,8,2,5,109,-9.6498
2011,8,3,1,180,-5.0199
2011,8,3,2,149,-4.3331
2011,8,3,3,150,-3.3636
2011,8,3,4,123,-5.8049
2011,8,3,5,91,-6.9447
2011,9,1,1,275,-11.0527
2011,9,1,2,133,-12.6951
2011,9,1,3,129,-11.1183
2011,9,1,4,131,-11.3607
2011,9,1,5,281,-12.6977
2011,9,2,1,174,-9.8381
2011,9,2,2,101,-9.6702
2011,9,2,3,105,-11.2070
2011,9,2,4,99,-12.6714
2011,9,2,5,108,-14.4345
2011,9,3,1,187,-6.5153
2011,9,3,2,162,-5.5781
2011,9,3,3,145,-6.0336
2011,9,3,4,113,-8.4844
2011,9,3,5,89,-6.6109
2011,10,1,1,272,12.8389
2011,10,1,2,124,17.2825
2011,10,1,3,143,16.2828
2011,10,1,4,131,15.3079
2011,10,1,5,269,16.1524
2011,10,2,1,162,16.1090
2011,10,2,2,95,15.7418
2011,10,2,3,109,17.3106
2011,10,2,4,101,16.8399
2011,10,2,5,116,20.3298
2011,10,3,1,208,8.8897
2011,10,3,2,161,9.0403
2011,10,3,3,149,11.2250
2011,10,3,4,110,12.4369
2011,10,3,5,75,15.3139
2011,11,1,1,266,-2.2669
2011,11,1,2,135,-0.0533
2011,11,1,3,129,-3.2943
2011,11,1,4,150,-0.6264
2011,11,1,5,306,-2.0187
2011,11,2,1,181,-0.4127
2011,11,2,2,121,0.9106
2011,11,2,3,93,1.5049
2011,11,2,4,105,-0.8591
2011,11,2,5,96,-1.6264
2011,11,3,1,216,-0.3442
2011,11,3,2,168,0.3138
2011,11,3,3,127,1.3148
2011,11,3,4,115,0.7229
2011,11,3,5,77,-1.3897
2011,12,1,1,260,0.6412
2011,12,1,2,123,0.5840
2011,12,1,3,127,3.3048
2011,12,1,4,143,2.5478
2011,12,1,5,312,0.6141
2011,12,2,1,197,-0.1790
2011,12,2,2,110,-0.4647
2011,12,2,3,96,0.4302
2011,12,2,4,89,0.3894
2011,12,2,5,103,0.4561
2011,12,3,1,214,-1.0182
2011,12,3,2,166,0.0955
2011,12,3,3,136,1.5196
2011,12,3,4,116,2.3675
2011,12,3,5,75,0.3769
2012,1,1,1,253,7.8646
2012,1,1,2,131,6.8499
2012,1,1,3,120,6.9468
2012,1,1,4,134,8.3927
2012,1,1,5,316,12.0972
2012,1,2,1,204,5.6309
2012,1,2,2,114,6.6942
2012,1,2,3,94,7.3596
2012,1,2,4,96,8.4402
2012,1,2,5,98,12.1118
2012,1,3,1,204,2.8354
2012,1,3,2,173,4.9383
2012,1,3,3,127,5.2571
2012,1,3,4,118,3.7874
2012,1,3,5,77,4.3189
2012,2,1,1,260,0.2311
2012,2,1,2,133,3.6724
2012,2,1,3,126,2.4690
2012,2,1,4,138,-0.2749
2012,2,1,5,279,4.0915
2012,2,2,1,202,3.7231
2012,2,2,2,111,1.7770
2012,2,2,3,100,2.8103
2012,2,2,4,91,4.7527
2012,2,2,5,93,4.5946
2012,2,3,1,203,5.7651
2012,2,3,2,160,3.8330
2012,2,3,3,129,1.9527
2012,2,3,4,113,4.3822
2012,2,3,5,89,4.3791
2012,3,1,1,257,3.1671
2012,3,1,2,135,6.6253
2012,3,1,3,115,3.0099
2012,3,1,4,147,3.3808
2012,3,1,5,284,1.5228
2012,3,2,1,202,1.9424
2012,3,2,2,100,3.5443
2012,3,2,3,113,2.6342
2012,3,2,4,77,1.5194
2012,3,2,5,92,-1.0718
2012,3,3,1,209,5.3959
2012,3,3,2,152,3.0384
2012,3,3,3,125,1.6729
2012,3,3,4,122,0.5681
2012,3,3,5,86,-1.6356
2012,4,1,1,255,-2.9673
2012,4,1,2,134,-0.2875
2012,4,1,3,119,-2.0469
2012,4,1,4,141,-3.0494
2012,4,1,5,281,-3.6069
2012,4,2,1,198,-1.2650
2012,4,2,2,104,-0.2041
2012,4,2,3,108,-2.1776
2012,4,2,4,78,-2.6660
2012,4,2,5,92,-1.3777
2012,4,3,1,213,-0.1208
2012,4,3,2,155,-0.9567
2012,4,3,3,126,-0.8070
2012,4,3,4,118,0.6648
2012,4,3,5,84,-1.5422
2012,5,1,1,211,-7.8617
2012,5,1,2,116,-9.7265
2012,5,1,3,112,-6.8226
2012,5,1,4,144,-6.3949
2012,5,1,5,294,-8.8290
2012,5,2,1,166,-6.5217
2012,5,2,2,115,-7.4106
2012,5,2,3,93,-7.9752
2012,5,2,4,104,-6.5563
2012,5,2,5,93,-8.7034
2012,5,3,1,212,-5.9541
2012,5,3,2,163,-5.6621
2012,5,3,3,139,-2.9162
2012,5,3,4,118,-7.6974
2012,5,3,5,70,-7.5469
2012,6,1,1,204,7.3146
2012,6,1,2,105,6.9761
2012,6,1,3,121,6.4564
2012,6,1,4,152,6.5563
2012,6,1,5,273,4.7424
2012,6,2,1,168,3.1224
2012,6,2,2,122,2.7938
2012,6,2,3,104,4.9078
2012,6,2,4,98,4.1827
2012,6,2,5,87,3.8381
2012,6,3,1,218,2.7944
2012,6,3,2,156,3.5004
2012,6,3,3,135,3.6623
2012,6,3,4,121,5.8170
2012,6,3,5,76,0.6140
2012,7,1,1,204,-2.1797
2012,7,1,2,118,-0.8302
2012,7,1,3,108,-3.6038
2012,7,1,4,144,0.0558
2012,7,1,5,285,-2.4770
2012,7,2,1,164,-3.1450
2012,7,2,2,124,-0.2390
2012,7,2,3,94,-2.4890
2012,7,2,4,102,0.3671
2012,7,2,5,91,-0.2614
2012,7,3,1,205,0.0282
2012,7,3,2,165,1.8449
2012,7,3,3,134,1.7817
2012,7,3,4,123,1.8180
2012,7,3,5,71,0.5982
2012,8,1,1,247,2.4242
2012,8,1,2,118,2.0929
2012,8,1,3,93,6.4998
2012,8,1,4,143,2.8978
2012,8,1,5,240,3.9427
2012,8,2,1,193,4.1290
2012,8,2,2,101,5.3605
2012,8,2,3,108,1.7937
2012,8,2,4,100,5.0383
2012,8,2,5,81,2.8511
2012,8,3,1,206,2.3036
2012,8,3,2,167,3.1947
2012,8,3,3,121,1.1852
2012,8,3,4,113,1.1099
2012,8,3,5,95,2.8111
2012,9,1,1,237,6.1642
2012,9,1,2,101,5.0086
2012,9,1,3,103,3.3345
2012,9,1,4,153,3.5339
2012,9,1,5,242,5.3881
2012,9,2,1,185,2.5045
2012,9,2,2,105,2.2116
2012,9,2,3,101,4.3756
2012,9,2,4,107,2.8935
2012,9,2,5,79,3.5870
2012,9,3,1,206,2.0182
2012,9,3,2,160,2.2669
2012,9,3,3,130,3.1326
2012,9,3,4,111,2.4397
2012,9,3,5,94,3.1304
2012,10,1,1,233,-5.1263
2012,10,1,2,100,-2.1315
2012,10,1,3,103,-2.9728
2012,10,1,4,155,-3.5780
2012,10,1,5,238,-1.9556
2012,10,2,1,183,-2.3107
2012,10,2,2,112,-1.7647
2012,10,2,3,103,0.4482
2012,10,2,4,96,-1.7912
2012,10,2,5,88,0.9302
2012,10,3,1,209,-2.9790
2012,10,3,2,155,-4.1532
2012,10,3,3,126,-1.2037
2012,10,3,4,119,-1.5372
2012,10,3,5,88,0.2321
2012,11,1,1,214,2.1018
2012,11,1,2,128,2.5138
2012,11,1,3,113,-0.3639
2012,11,1,4,159,1.2525
2012,11,1,5,252,1.1842
2012,11,2,1,177,0.6150
2012,11,2,2,97,2.0764
2012,11,2,3,119,1.9091
2012,11,2,4,97,1.6925
2012,11,2,5,83,2.4088
2012,11,3,1,209,1.8173
2012,11,3,2,159,1.8874
2012,11,3,3,124,1.2945
2012,11,3,4,113,-0.2364
2012,11,3,5,99,-0.7871
2012,12,1,1,208,2.3450
2012,12,1,2,123,4.7855
2012,12,1,3,122,5.2036
2012,12,1,4,150,5.5329
2012,12,1,5,263,4.2946
2012,12,2,1,172,2.0475
2012,12,2,2,106,2.5516
2012,12,2,3,108,3.7488
2012,12,2,4,97,5.3631
2012,12,2,5,84,5.4273
2012,12,3,1,199,0.5337
2012,12,3,2,174,-1.4385
2012,12,3,3,121,1.1667
2012,12,3,4,112,1.8219
2012,12,3,5,97,2.3060
2013,1,1,1,206,5.2694
2013,1,1,2,132,4.9936
2013,1,1,3,122,6.2759
2013,1,1,4,136,4.0148
2013,1,1,5,267,7.3189
2013,1,2,1,172,5.4665
2013,1,2,2,104,5.9174
2013,1,2,3,118,7.4987
2013,1,2,4,90,6.5390
2013,1,2,5,78,7.4179
2013,1,3,1,195,6.6994
2013,1,3,2,163,3.0832
2013,1,3,3,125,6.0696
2013,1,3,4,116,6.1749
2013,1,3,5,98,5.7379
2013,2,1,1,218,0.4619
2013,2,1,2,100,0.1454
2013,2,1,3,128,-1.0329
2013,2,1,4,153,4.2367
2013,2,1,5,267,1.2186
2013,2,2,1,171,0.9760
2013,2,2,2,108,1.8091
2013,2,2,3,103,1.1421
2013,2,2,4,102,1.9151
2013,2,2,5,84,0.6295
2013,2,3,1,197,0.2464
2013,2,3,2,158,1.6811
2013,2,3,3,134,1.6381
2013,2,3,4,114,0.8340
2013,2,3,5,90,1.9791
2013,3,1,1,221,5.5439
2013,3,1,2,92,4.5062
2013,3,1,3,130,4.1927
2013,3,1,4,174,4.8536
2013,3,1,5,249,5.3267
2013,3,2,1,169,4.5758
2013,3,2,2,109,4.8199
2013,3,2,3,102,4.9885
2013,3,2,4,99,4.8003
2013,3,2,5,86,5.4968
2013,3,3,1,200,3.3217
2013,3,3,2,159,3.7346
2013,3,3,3,128,3.4121
2013,3,3,4,117,3.0157
2013,3,3,5,84,5.4822
2013,4,1,1,220,-1.8638
2013,4,1,2,88,-0.3559
2013,4,1,3,122,-1.0104
2013,4,1,4,175,1.4291
2013,4,1,5,252,2.6456
2013,4,2,1,170,-1.2953
2013,4,2,2,104,-0.6225
2013,4,2,3,103,-1.4684
2013,4,2,4,102,0.1133
2013,4,2,5,88,-0.3830
2013,4,3,1,200,1.0405
2013,4,3,2,157,2.1297
2013,4,3,3,132,1.4271
2013,4,3,4,117,1.5049
2013,4,3,5,83,2.7588
2013,5,1,1,197,5.7085
2013,5,1,2,92,3.4013
2013,5,1,3,115,6.1464
2013,5,1,4,159,5.9373
2013,5,1,5,250,6.4165
2013,5,2,1,167,5.8903
2013,5,2,2,99,4.3054
2013,5,2,3,98,4.6236
2013,5,2,4,99,5.4659
2013,5,2,5,103,5.2268
2013,5,3,1,188,0.5773
2013,5,3,2,156,1.4683
2013,5,3,3,139,2.5169
2013,5,3,4,116,2.3831
2013,5,3,5,85,3.6014
2013,6,1,1,186,2.1999
2013,6,1,2,116,0.8073
2013,6,1,3,111,0.6624
2013,6,1,4,136,2.4170
2013,6,1,5,254,0.8012
2013,6,2,1,165,0.1096
2013,6,2,2,99,-0.4751
2013,6,2,3,93,-0.5679
2013,6,2,4,101,-0.5877
2013,6,2,5,101,-1.3805
2013,6,3,1,182,-1.3399
2013,6,3,2,164,-0.7148
2013,6,3,3,136,-1.3990
2013,6,3,4,120,-2.5722
2013,6,3,5,91,-1.6720
2013,7,1,1,182,7.5810
2013,7,1,2,118,7.4945
2013,7,1,3,114,5.7358
2013,7,1,4,129,8.6329
2013,7,1,5,252,9.2207
2013,7,2,1,168,6.3736
2013,7,2,2,97,5.3080
2013,7,2,3,100,8.5914
2013,7,2,4,93,7.8911
2013,7,2,5,101,5.7983
2013,7,3,1,178,6.3029
2013,7,3,2,163,5.2917
2013,7,3,3,127,5.4936
2013,7,3,4,123,3.5036
2013,7,3,5,87,6.8545
2013,8,1,1,216,-1.5300
2013,8,1,2,119,-2.4805
2013,8,1,3,111,-2.2115
2013,8,1,4,125,-3.2902
2013,8,1,5,207,-4.9255
2013,8,2,1,179,-0.6529
2013,8,2,2,98,-3.6132
2013,8,2,3,105,-2.6316
2013,8,2,4,90,-2.9434
2013,8,2,5,92,-3.6093
2013,8,3,1,164,-2.2458
2013,8,3,2,161,-2.8177
2013,8,3,3,143,-2.7374
2013,8,3,4,125,-1.2104
2013,8,3,5,96,-2.7041
2013,9,1,1,227,7.8366
2013,9,1,2,123,5.7776
2013,9,1,3,100,5.6093
2013,9,1,4,122,7.1690
2013,9,1,5,200,6.4595
2013,9,2,1,169,6.3078
2013,9,2,2,95,6.7011
2013,9,2,3,103,7.3739
2013,9,2,4,93,6.4897
2013,9,2,5,91,4.4371
2013,9,3,1,178,6.2335
2013,9,3,2,174,3.7977
2013,9,3,3,142,3.7629
2013,9,3,4,115,2.2957
2013,9,3,5,92,1.3763
2013,10,1,1,227,2.9553
2013,10,1,2,121,2.5336
2013,10,1,3,101,2.0844
2013,10,1,4,127,4.3837
2013,10,1,5,202,5.7469
2013,10,2,1,180,2.8946
2013,10,2,2,95,2.9010
2013,10,2,3,99,4.1543
2013,10,2,4,92,3.0721
2013,10,2,5,81,5.2994
2013,10,3,1,172,4.0569
2013,10,3,2,172,3.9767
2013,10,3,3,142,4.1333
2013,10,3,4,117,5.9045
2013,10,3,5,94,5.0661
2013,11,1,1,229,3.1726
2013,11,1,2,106,6.3807
2013,11,1,3,108,5.4447
2013,11,1,4,143,5.2254
2013,11,1,5,222,5.4886
2013,11,2,1,191,4.1002
2013,11,2,2,115,2.7623
2013,11,2,3,98,3.4007
2013,11,2,4,74,2.9669
2013,11,2,5,86,4.1629
2013,11,3,1,183,2.7470
2013,11,3,2,172,2.6769
2013,11,3,3,135,3.1204
2013,11,3,4,119,1.8305
2013,11,3,5,98,1.3973
2013,12,1,1,248,2.8760
2013,12,1,2,106,1.6342
2013,12,1,3,95,3.0221
2013,12,1,4,128,1.7675
2013,12,1,5,221,2.9298
2013,12,2,1,190,1.8234
2013,12,2,2,105,2.3103
2013,12,2,3,96,2.7039
2013,12,2,4,81,2.0676
2013,12,2,5,85,4.3179
2013,12,3,1,193,2.5807
2013,12,3,2,157,2.5471
2013,12,3,3,141,2.8659
2013,12,3,4,117,3.7700
2013,12,3,5,101,1.4828
2014,1,1,1,229,-3.4915
2014,1,1,2,119,-4.2612
2014,1,1,3,91,-2.7634
2014,1,1,4,138,-3.7390
2014,1,1,5,220,-2.7004
2014,1,2,1,183,-3.3637
2014,1,2,2,119,-4.4789
2014,1,2,3,86,-6.4228
2014,1,2,4,82,-2.8990
2014,1,2,5,83,-4.0290
2014,1,3,1,191,-0.9014
2014,1,3,2,159,-5.0778
2014,1,3,3,142,-3.4678
2014,1,3,4,111,-3.9619
2014,1,3,5,100,-3.5680
2014,2,1,1,252,2.7467
2014,2,1,2,105,2.8166
2014,2,1,3,121,5.2118
2014,2,1,4,131,4.5405
2014,2,1,5,200,4.5903
2014,2,2,1,189,4.1877
2014,2,2,2,97,4.8295
2014,2,2,3,87,4.0305
2014,2,2,4,101,6.5769
2014,2,2,5,79,5.6784
2014,2,3,1,196,5.4870
2014,2,3,2,159,6.0710
2014,2,3,3,138,4.4408
2014,2,3,4,99,4.3782
2014,2,3,5,109,3.2145
2014,3,1,1,234,0.0123
2014,3,1,2,98,0.5571
2014,3,1,3,124,1.0914
2014,3,1,4,120,1.5573
2014,3,1,5,215,3.0424
2014,3,2,1,185,-1.7405
2014,3,2,2,97,1.8865
2014,3,2,3,95,1.6282
2014,3,2,4,97,0.4751
2014,3,2,5,84,3.4167
2014,3,3,1,201,-5.2496
2014,3,3,2,165,0.2729
2014,3,3,3,121,2.6694
2014,3,3,4,109,1.9309
2014,3,3,5,106,3.5240
2014,4,1,1,233,-6.0336
2014,4,1,2,113,-3.9280
2014,4,1,3,112,-2.7940
2014,4,1,4,125,-2.4809
2014,4,1,5,211,-2.5463
2014,4,2,1,177,-5.6266
2014,4,2,2,103,-2.8288
2014,4,2,3,86,-0.2172
2014,4,2,4,94,-0.0213
2014,4,2,5,89,0.0230
2014,4,3,1,191,-1.9618
2014,4,3,2,166,0.3876
2014,4,3,3,131,2.0840
2014,4,3,4,104,3.2655
2014,4,3,5,114,2.5790
2014,5,1,1,217,-0.7578
2014,5,1,2,104,-1.2396
2014,5,1,3,122,1.4805
2014,5,1,4,98,-0.0862
2014,5,1,5,215,0.2540
2014,5,2,1,155,-0.3354
2014,5,2,2,117,1.4679
2014,5,2,3,88,0.2877
2014,5,2,4,99,-0.0504
2014,5,2,5,99,1.3541
2014,5,3,1,171,3.6501
2014,5,3,2,174,1.6951
2014,5,3,3,138,1.2886
2014,5,3,4,126,2.4172
2014,5,3,5,92,1.8209
2014,6,1,1,217,4.0968
2014,6,1,2,95,4.5886
2014,6,1,3,108,3.6408
2014,6,1,4,117,3.5725
2014,6,1,5,206,5.2048
2014,6,2,1,158,6.2896
2014,6,2,2,118,5.9640
2014,6,2,3,103,4.2689
2014,6,2,4,95,4.2611
2014,6,2,5,100,5.4241
2014,6,3,1,176,3.0752
2014,6,3,2,159,1.7947
2014,6,3,3,132,0.4649
2014,6,3,4,142,2.5523
2014,6,3,5,88,2.5665
2014,7,1,1,202,-7.2707
2014,7,1,2,107,-6.7314
2014,7,1,3,102,-3.7659
2014,7,1,4,123,-5.2422
2014,7,1,5,209,-5.6769
2014,7,2,1,159,-6.7144
2014,7,2,2,120,-5.4365
2014,7,2,3,97,-5.4636
2014,7,2,4,99,-6.5425
2014,7,2,5,97,-6.7232
2014,7,3,1,170,-2.0001
2014,7,3,2,161,-2.4320
2014,7,3,3,136,-2.0635
2014,7,3,4,145,-1.0618
2014,7,3,5,93,0.0090
2014,8,1,1,237,4.2901
2014,8,1,2,99,4.4202
2014,8,1,3,88,4.0096
2014,8,1,4,107,2.3366
2014,8,1,5,173,5.5966
2014,8,2,1,165,4.2372
2014,8,2,2,113,3.9836
2014,8,2,3,94,5.7591
2014,8,2,4,92,6.3449
2014,8,2,5,103,4.4468
2014,8,3,1,166,4.8667
2014,8,3,2,167,4.3474
2014,8,3,3,145,5.1431
2014,8,3,4,144,3.4097
2014,8,3,5,96,2.3368
2014,9,1,1,225,-5.1959
2014,9,1,2,113,-6.8697
2014,9,1,3,75,-3.8395
2014,9,1,4,107,-6.0935
2014,9,1,5,183,-8.7518
2014,9,2,1,163,-5.3591
2014,9,2,2,122,-5.3570
2014,9,2,3,90,-4.4912
2014,9,2,4,90,-6.1029
2014,9,2,5,100,-7.9196
2014,9,3,1,168,-1.7560
2014,9,3,2,159,-0.6027
2014,9,3,3,156,-1.6429
2014,9,3,4,137,-2.1329
2014,9,3,5,97,-4.2799
2014,10,1,1,224,7.0854
2014,10,1,2,95,7.4480
2014,10,1,3,88,4.3558
2014,10,1,4,99,6.0415
2014,10,1,5,185,3.0870
2014,10,2,1,180,6.5218
2014,10,2,2,96,6.5876
2014,10,2,3,105,4.6225
2014,10,2,4,97,8.0607
2014,10,2,5,98,2.8606
2014,10,3,1,178,2.5890
2014,10,3,2,175,4.2085
2014,10,3,3,139,2.1410
2014,10,3,4,135,0.3381
2014,10,3,5,88,0.1166
2014,11,1,1,194,-2.5638
2014,11,1,2,92,-2.2309
2014,11,1,3,108,0.8964
2014,11,1,4,113,-1.0997
2014,11,1,5,216,-4.5983
2014,11,2,1,182,0.0001
2014,11,2,2,128,0.6258
2014,11,2,3,95,1.3195
2014,11,2,4,106,-0.3205
2014,11,2,5,99,-3.1558
2014,11,3,1,200,2.8836
2014,11,3,2,172,5.0206
2014,11,3,3,139,2.2090
2014,11,3,4,124,2.2791
2014,11,3,5,97,-0.3789
2014,12,1,1,179,4.8553
2014,12,1,2,85,6.3203
2014,12,1,3,113,5.2615
2014,12,1,4,121,6.2201
2014,12,1,5,212,1.1582
2014,12,2,1,186,2.5700
2014,12,2,2,112,1.4713
2014,12,2,3,110,2.3042
2014,12,2,4,102,1.0835
2014,12,2,5,100,-1.7614
2014,12,3,1,219,-1.0997
2014,12,3,2,165,-1.3727
2014,12,3,3,140,0.5337
2014,12,3,4,125,0.1685
2014,12,3,5,84,-0.9187
2015,1,1,1,179,-4.9468
2015,1,1,2,92,-5.9814
2015,1,1,3,109,-5.0102
2015,1,1,4,122,-6.0520
2015,1,1,5,206,-5.2229
2015,1,2,1,190,-2.7540
2015,1,2,2,114,-2.6171
2015,1,2,3,109,-3.6589
2015,1,2,4,97,-5.6137
2015,1,2,5,96,-7.3694
2015,1,3,1,203,-0.3191
2015,1,3,2,174,-2.2462
2015,1,3,3,141,-2.1549
2015,1,3,4,132,-2.6026
2015,1,3,5,81,-4.1383
2015,2,1,1,195,4.9074
2015,2,1,2,101,4.3413
2015,2,1,3,102,4.3115
2015,2,1,4,126,6.6796
2015,2,1,5,194,9.4273
2015,2,2,1,183,6.3745
2015,2,2,2,106,5.6685
2015,2,2,3,112,7.0308
2015,2,2,4,104,8.8672
2015,2,2,5,109,9.2598
2015,2,3,1,208,5.9144
2015,2,3,2,188,5.9920
2015,2,3,3,131,6.2534
2015,2,3,4,135,3.7742
2015,2,3,5,80,5.1454
2015,3,1,1,188,-0.5574
2015,3,1,2,100,2.8020
2015,3,1,3,98,2.1157
2015,3,1,4,146,2.0169
2015,3,1,5,197,-2.2423
2015,3,2,1,186,1.6815
2015,3,2,2,97,1.3451
2015,3,2,3,116,1.5163
2015,3,2,4,105,1.4367
2015,3,2,5,100,0.0695
2015,3,3,1,216,-0.3513
2015,3,3,2,177,-1.6836
2015,3,3,3,128,-1.5399
2015,3,3,4,127,-2.5312
2015,3,3,5,89,-2.5216
2015,4,1,1,193,-1.7927
2015,4,1,2,105,-1.8436
2015,4,1,3,87,-0.8241
2015,4,1,4,142,-1.0912
2015,4,1,5,200,6.0342
2015,4,2,1,174,-2.4191
2015,4,2,2,109,-2.2703
2015,4,2,3,110,-3.1666
2015,4,2,4,110,-1.1743
2015,4,2,5,89,4.9676
2015,4,3,1,218,-0.6000
2015,4,3,2,164,-0.8701
2015,4,3,3,129,0.5979
2015,4,3,4,134,2.5636
2015,4,3,5,93,4.4650
2015,5,1,1,159,1.5059
2015,5,1,2,103,0.6182
2015,5,1,3,99,1.8197
2015,5,1,4,123,-0.0407
2015,5,1,5,203,-4.6326
2015,5,2,1,146,1.3020
2015,5,2,2,118,2.6278
2015,5,2,3,103,0.8622
2015,5,2,4,123,0.9122
2015,5,2,5,95,-0.3775
2015,5,3,1,189,1.9571
2015,5,3,2,177,1.3846
2015,5,3,3,138,-0.3677
2015,5,3,4,110,1.0700
2015,5,3,5,89,-1.1927
2015,6,1,1,155,2.5543
2015,6,1,2,92,1.7008
2015,6,1,3,112,0.2773
2015,6,1,4,120,0.6836
2015,6,1,5,200,-0.9056
2015,6,2,1,146,1.6283
2015,6,2,2,122,0.9330
2015,6,2,3,101,0.2334
2015,6,2,4,113,-1.1999
2015,6,2,5,96,-2.1925
2015,6,3,1,183,-0.4050
2015,6,3,2,178,-1.9086
2015,6,3,3,148,-3.1008
2015,6,3,4,115,-3.3988
2015,6,3,5,84,-5.2818
2015,7,1,1,168,-3.4087
2015,7,1,2,90,-4.1677
2015,7,1,3,104,-4.7123
2015,7,1,4,127,-3.6671
2015,7,1,5,195,-12.5694
2015,7,2,1,145,0.3462
2015,7,2,2,110,-1.4944
2015,7,2,3,98,-2.4386
2015,7,2,4,108,-2.6387
2015,7,2,5,90,-6.1481
2015,7,3,1,193,4.1383
2015,7,3,2,162,4.3082
2015,7,3,3,151,2.0506
2015,7,3,4,112,-0.6251
2015,7,3,5,90,-3.8813
2015,8,1,1,168,-4.0776
2015,8,1,2,111,-3.0532
2015,8,1,3,100,-3.4106
2015,8,1,4,125,-4.2120
2015,8,1,5,164,-0.6195
2015,8,2,1,161,-6.5371
2015,8,2,2,103,-5.1177
2015,8,2,3,94,-5.4715
2015,8,2,4,92,-4.2344
2015,8,2,5,89,-3.8957
2015,8,3,1,194,-5.3996
2015,8,3,2,177,-6.2646
2015,8,3,3,152,-6.2808
2015,8,3,4,118,-5.7505
2015,8,3,5,89,-4.2807
2015,9,1,1,171,-5.8948
2015,9,1,2,113,-6.0286
2015,9,1,3,113,-4.7701
2015,9,1,4,112,-2.6300
2015,9,1,5,167,-12.2898
2015,9,2,1,157,-5.9551
2015,9,2,2,101,-5.7282
2015,9,2,3,89,-4.7108
2015,9,2,4,102,-7.0348
2015,9,2,5,88,-7.9675
2015,9,3,1,190,-2.2875
2015,9,3,2,171,-2.4121
2015,9,3,3,152,-2.1812
2015,9,3,4,120,-2.1105
2015,9,3,5,89,-3.5968
2015,10,1,1,164,5.8731
2015,10,1,2,117,5.7149
2015,10,1,3,97,9.3756
2015,10,1,4,104,7.2776
2015,10,1,5,166,5.8139
2015,10,2,1,159,6.4187
2015,10,2,2,103,6.5467
2015,10,2,3,108,6.0176
2015,10,2,4,94,8.1330
2015,10,2,5,87,10.6829
2015,10,3,1,197,9.6468
2015,10,3,2,186,8.8514
2015,10,3,3,143,6.9376
2015,10,3,4,127,6.4930
2015,10,3,5,81,8.8989
2015,11,1,1,167,2.3447
2015,11,1,2,88,0.8706
2015,11,1,3,103,2.5536
2015,11,1,4,97,1.5688
2015,11,1,5,209,2.5387
2015,11,2,1,149,4.2337
2015,11,2,2,102,3.4861
2015,11,2,3,109,1.0795
2015,11,2,4,108,1.9572
2015,11,2,5,93,0.5203
2015,11,3,1,232,1.1943
2015,11,3,2,164,-0.8741
2015,11,3,3,131,-0.7305
2015,11,3,4,118,0.2359
2015,11,3,5,91,-0.9127
2015,12,1,1,160,-4.3665
2015,12,1,2,87,-4.1977
2015,12,1,3,86,-3.7882
2015,12,1,4,122,-5.1537
2015,12,1,5,201,-7.4961
2015,12,2,1,164,-4.0071
2015,12,2,2,93,-4.9889
2015,12,2,3,122,-6.3816
2015,12,2,4,86,-4.7305
2015,12,2,5,100,-8.7699
2015,12,3,1,234,0.1923
2015,12,3,2,156,-2.0005
2015,12,3,3,133,-4.0258
2015,12,3,4,117,-2.3049
2015,12,3,5,86,-2.7717
2016,1,1,1,158,-8.7039
2016,1,1,2,79,-5.9183
2016,1,1,3,98,-4.7102
2016,1,1,4,113,-8.2485
2016,1,1,5,200,-13.2298
2016,1,2,1,157,-7.1467
2016,1,2,2,94,-5.0202
2016,1,2,3,116,-7.5467
2016,1,2,4,95,-9.1931
2016,1,2,5,100,-9.5322
2016,1,3,1,233,-4.7380
2016,1,3,2,172,-4.1096
2016,1,3,3,121,-6.0464
2016,1,3,4,116,-2.7721
2016,1,3,5,83,-5.2160
2016,2,1,1,153,1.4823
2016,2,1,2,82,1.4476
2016,2,1,3,97,1.4884
2016,2,1,4,105,3.0940
2016,2,1,5,195,3.9744
2016,2,2,1,150,1.1897
2016,2,2,2,102,2.4970
2016,2,2,3,106,3.2192
2016,2,2,4,97,4.1112
2016,2,2,5,99,1.7369
2016,2,3,1,212,-1.8367
2016,2,3,2,172,0.7632
2016,2,3,3,129,2.3189
2016,2,3,4,124,2.6462
2016,2,3,5,88,2.4697
2016,3,1,1,154,5.8367
2016,3,1,2,79,4.4129
2016,3,1,3,89,6.6810
2016,3,1,4,105,7.8205
2016,3,1,5,197,15.1636
2016,3,2,1,146,6.0210
2016,3,2,2,103,8.4709
2016,3,2,3,119,9.0118
2016,3,2,4,94,9.2047
2016,3,2,5,99,15.0619
2016,3,3,1,199,6.3207
2016,3,3,2,188,5.4873
2016,3,3,3,129,7.3809
2016,3,3,4,111,8.5465
2016,3,3,5,97,8.2101
2016,4,1,1,153,3.8097
2016,4,1,2,81,3.9217
2016,4,1,3,91,4.2372
2016,4,1,4,110,1.4275
2016,4,1,5,190,6.3497
2016,4,2,1,148,2.0691
2016,4,2,2,97,0.0364
2016,4,2,3,116,1.1203
2016,4,2,4,92,2.1297
2016,4,2,5,107,4.9270
2016,4,3,1,196,0.2319
2016,4,3,2,182,-0.0084
2016,4,3,3,130,-1.6214
2016,4,3,4,114,1.0566
2016,4,3,5,93,-0.1519
2016,5,1,1,140,0.5052
2016,5,1,2,94,-1.5044
2016,5,1,3,77,0.3408
2016,5,1,4,112,-4.1499
2016,5,1,5,223,-2.6972
2016,5,2,1,129,2.4285
2016,5,2,2,99,1.9819
2016,5,2,3,96,0.8085
2016,5,2,4,99,1.4712
2016,5,2,5,98,-1.9840
2016,5,3,1,174,2.5419
2016,5,3,2,178,1.9673
2016,5,3,3,130,0.0102
2016,5,3,4,128,1.8805
2016,5,3,5,69,3.0862
2016,6,1,1,129,3.1616
2016,6,1,2,102,2.2620
2016,6,1,3,80,2.1236
2016,6,1,4,110,1.4701
2016,6,1,5,214,0.5501
2016,6,2,1,127,1.5410
2016,6,2,2,98,0.7163
2016,6,2,3,93,0.9681
2016,6,2,4,99,-0.7520
2016,6,2,5,93,-1.4328
2016,6,3,1,181,0.7392
2016,6,3,2,168,1.0815
2016,6,3,3,133,2.4400
2016,6,3,4,132,0.2924
2016,6,3,5,67,0.5593
2016,7,1,1,128,5.9403
2016,7,1,2,96,4.5748
2016,7,1,3,82,5.3435
2016,7,1,4,120,6.7900
2016,7,1,5,205,7.1779
2016,7,2,1,137,5.1842
2016,7,2,2,88,4.6782
2016,7,2,3,86,5.2726
2016,7,2,4,106,5.1517
2016,7,2,5,88,7.3335
2016,7,3,1,169,3.8937
2016,7,3,2,173,3.9305
2016,7,3,3,134,2.4718
2016,7,3,4,129,3.5837
2016,7,3,5,64,5.7629
2016,8,1,1,126,4.9087
2016,8,1,2,98,1.8640
2016,8,1,3,80,3.4260
2016,8,1,4,95,3.3948
2016,8,1,5,185,2.5263
2016,8,2,1,150,1.2727
2016,8,2,2,103,-1.0512
2016,8,2,3,92,0.6907
2016,8,2,4,85,3.3130
2016,8,2,5,96,1.0669
2016,8,3,1,162,-0.7869
2016,8,3,2,174,0.1082
2016,8,3,3,142,-0.9405
2016,8,3,4,123,0.6476
2016,8,3,5,90,-1.6497
2016,9,1,1,129,3.6316
2016,9,1,2,103,2.9875
2016,9,1,3,73,0.3137
2016,9,1,4,107,1.3947
2016,9,1,5,182,2.1409
2016,9,2,1,155,2.0740
2016,9,2,2,98,0.4039
2016,9,2,3,77,-1.0411
2016,9,2,4,90,-0.1749
2016,9,2,5,95,2.4485
2016,9,3,1,164,1.4480
2016,9,3,2,159,-0.7585
2016,9,3,3,145,0.0342
2016,9,3,4,124,2.3908
2016,9,3,5,89,0.0686
2016,10,1,1,149,-6.5315
2016,10,1,2,99,-5.4614
2016,10,1,3,84,-2.0300
2016,10,1,4,94,-4.0263
2016,10,1,5,183,-2.8106
2016,10,2,1,154,-4.5669
2016,10,2,2,84,-3.8508
2016,10,2,3,76,-5.0029
2016,10,2,4,86,-3.7195
2016,10,2,5,94,-5.1678
2016,10,3,1,166,-2.2072
2016,10,3,2,157,-2.6909
2016,10,3,3,151,-1.7937
2016,10,3,4,114,-2.5830
2016,10,3,5,89,-1.6829
2016,11,1,1,144,9.8573
2016,11,1,2,104,11.3396
2016,11,1,3,88,14.0750
2016,11,1,4,98,14.8104
2016,11,1,5,220,10.1846
2016,11,2,1,130,7.3011
2016,11,2,2,81,11.6351
2016,11,2,3,80,11.0214
2016,11,2,4,86,13.0076
2016,11,2,5,112,13.1487
2016,11,3,1,196,-0.1797
2016,11,3,2,153,1.9163
2016,11,3,3,146,4.8108
2016,11,3,4,111,6.5084
2016,11,3,5,86,6.5682
2016,12,1,1,148,2.9046
2016,12,1,2,102,4.1526
2016,12,1,3,79,4.6355
2016,12,1,4,96,4.2898
2016,12,1,5,222,5.9027
2016,12,2,1,141,0.4039
2016,12,2,2,82,2.8614
2016,12,2,3,85,2.0664
2016,12,2,4,85,1.6674
2016,12,2,5,109,4.5382
2016,12,3,1,192,0.7145
2016,12,3,2,166,1.5935
2016,12,3,3,128,1.5547
2016,12,3,4,115,1.7597
2016,12,3,5,87,3.8432
2017,1,1,1,161,-1.7912
2017,1,1,2,97,-2.1052
2017,1,1,3,76,-1.7777
2017,1,1,4,101,-3.1537
2017,1,1,5,213,-1.5122
2017,1,2,1,132,1.7718
2017,1,2,2,86,1.0384
2017,1,2,3,89,-1.2483
2017,1,2,4,78,0.2595
2017,1,2,5,107,0.7106
2017,1,3,1,191,4.5416
2017,1,3,2,155,1.3530
2017,1,3,3,129,0.2362
2017,1,3,4,115,1.9581
2017,1,3,5,92,2.7126
2017,2,1,1,202,0.0194
2017,2,1,2,92,0.8311
2017,2,1,3,89,-1.3356
2017,2,1,4,106,-1.3950
2017,2,1,5,196,1.3322
2017,2,2,1,140,2.1633
2017,2,2,2,87,0.2643
2017,2,2,3,87,0.3627
2017,2,2,4,78,0.7397
2017,2,2,5,97,0.1573
2017,2,3,1,190,2.4726
2017,2,3,2,170,3.9239
2017,2,3,3,131,5.2502
2017,2,3,4,114,2.8241
2017,2,3,5,90,1.5056
2017,3,1,1,192,1.9795
2017,3,1,2,83,1.2872
2017,3,1,3,88,1.4849
2017,3,1,4,112,1.7899
2017,3,1,5,209,-2.2552
2017,3,2,1,131,1.9298
2017,3,2,2,88,1.2403
2017,3,2,3,80,1.4814
2017,3,2,4,78,0.4124
2017,3,2,5,101,0.3290
2017,3,3,1,192,1.7854
2017,3,3,2,172,1.3071
2017,3,3,3,140,-0.3123
2017,3,3,4,108,-0.4658
2017,3,3,5,83,-1.5497
2017,4,1,1,179,3.2881
2017,4,1,2,87,1.6166
2017,4,1,3,97,2.3093
2017,4,1,4,106,1.8284
2017,4,1,5,194,1.1608
2017,4,2,1,136,2.3411
2017,4,2,2,84,0.3907
2017,4,2,3,87,1.0472
2017,4,2,4,86,1.3770
2017,4,2,5,97,1.1248
2017,4,3,1,197,3.1860
2017,4,3,2,172,1.0156
2017,4,3,3,133,0.8322
2017,4,3,4,117,0.9258
2017,4,3,5,79,-1.0548
2017,5,1,1,156,-1.7171
2017,5,1,2,97,-1.2111
2017,5,1,3,60,-0.8123
2017,5,1,4,106,-3.7401
2017,5,1,5,210,-4.3501
2017,5,2,1,129,1.9901
2017,5,2,2,86,-0.7622
2017,5,2,3,85,-2.9306
2017,5,2,4,89,-0.6681
2017,5,2,5,103,-5.6318
2017,5,3,1,173,3.2418
2017,5,3,2,175,2.5231
2017,5,3,3,144,-0.3379
2017,5,3,4,113,1.9625
2017,5,3,5,74,-0.5967
2017,6,1,1,149,4.5827
2017,6,1,2,86,3.4911
2017,6,1,3,76,3.5719
2017,6,1,4,90,3.8027
2017,6,1,5,218,3.4614
2017,6,2,1,132,1.5014
2017,6,2,2,82,1.4512
2017,6,2,3,80,3.4577
2017,6,2,4,93,2.0688
2017,6,2,5,92,1.6835
2017,6,3,1,186,-1.5625
2017,6,3,2,166,0.9288
2017,6,3,3,144,1.0111
2017,6,3,4,114,-1.7883
2017,6,3,5,71,-0.7883
2017,7,1,1,146,0.0819
2017,7,1,2,92,1.2792
2017,7,1,3,70,0.1708
2017,7,1,4,97,-0.5581
2017,7,1,5,203,-0.6669
2017,7,2,1,130,0.8307
2017,7,2,2,87,1.8177
2017,7,2,3,84,1.1620
2017,7,2,4,92,1.0186
2017,7,2,5,89,0.7551
2017,7,3,1,178,2.5438
2017,7,3,2,166,2.0175
2017,7,3,3,145,2.3944
2017,7,3,4,109,1.2486
2017,7,3,5,76,2.3767
2017,8,1,1,150,-0.5657
2017,8,1,2,102,-3.9611
2017,8,1,3,91,-2.9560
2017,8,1,4,92,-2.9023
2017,8,1,5,166,-5.4724
2017,8,2,1,134,-1.1928
2017,8,2,2,95,-2.0667
2017,8,2,3,83,-1.7281
2017,8,2,4,87,0.0276
2017,8,2,5,85,-3.0260
2017,8,3,1,169,-0.2040
2017,8,3,2,179,1.0593
2017,8,3,3,140,2.2987
2017,8,3,4,124,0.4453
2017,8,3,5,85,-2.2213
2017,9,1,1,147,9.4846
2017,9,1,2,96,8.3992
2017,9,1,3,89,10.2264
2017,9,1,4,99,9.1767
2017,9,1,5,164,6.7969
2017,9,2,1,139,5.3620
2017,9,2,2,87,8.0643
2017,9,2,3,90,8.3224
2017,9,2,4,92,5.9012
2017,9,2,5,80,9.5846
2017,9,3,1,172,0.9189
2017,9,3,2,183,0.6184
2017,9,3,3,140,3.4367
2017,9,3,4,115,2.2677
2017,9,3,5,87,5.3722
2017,10,1,1,156,1.9893
2017,10,1,2,96,2.0971
2017,10,1,3,85,2.2028
2017,10,1,4,98,0.8770
2017,10,1,5,169,-1.8475
2017,10,2,1,130,-0.2083
2017,10,2,2,90,2.6058
2017,10,2,3,86,0.7435
2017,10,2,4,92,-0.4803
2017,10,2,5,81,0.3447
2017,10,3,1,166,2.9546
2017,10,3,2,178,3.0587
2017,10,3,3,148,2.4244
2017,10,3,4,107,2.2142
2017,10,3,5,90,-1.9446
2017,11,1,1,193,3.9854
2017,11,1,2,92,3.3538
2017,11,1,3,80,2.4393
2017,11,1,4,83,5.3320
2017,11,1,5,199,4.8545
2017,11,2,1,139,1.8640
2017,11,2,2,76,4.5697
2017,11,2,3,74,2.8507
2017,11,2,4,101,4.1853
2017,11,2,5,98,3.8473
2017,11,3,1,198,1.7933
2017,11,3,2,167,3.5810
2017,11,3,3,134,3.9636
2017,11,3,4,107,3.1233
2017,11,3,5,75,3.7446
2017,12,1,1,196,0.1476
2017,12,1,2,85,-2.3017
2017,12,1,3,76,-1.8115
2017,12,1,4,89,0.2219
2017,12,1,5,199,2.1289
2017,12,2,1,138,1.0663
2017,12,2,2,85,0.0029
2017,12,2,3,81,0.6132
2017,12,2,4,95,1.9712
2017,12,2,5,95,1.4544
2017,12,3,1,194,0.2901
2017,12,3,2,160,1.0529
2017,12,3,3,131,1.3474
2017,12,3,4,112,2.0374
2017,12,3,5,80,3.0014
2018,1,1,1,188,1.3653
2018,1,1,2,95,0.8258
2018,1,1,3,91,0.7934
2018,1,1,4,87,-0.6891
2018,1,1,5,193,0.0449
2018,1,2,1,133,3.5251
2018,1,2,2,67,1.6886
2018,1,2,3,91,-0.5963
2018,1,2,4,91,2.6211
2018,1,2,5,93,1.1847
2018,1,3,1,188,10.2168
2018,1,3,2,171,5.1806
2018,1,3,3,134,3.5380
2018,1,3,4,107,3.3367
2018,1,3,5,79,3.6881
2018,2,1,1,170,-1.8957
2018,2,1,2,88,-5.4676
2018,2,1,3,88,-6.0174
2018,2,1,4,102,-5.1679
2018,2,1,5,190,-4.9285
2018,2,2,1,115,-2.7973
2018,2,2,2,86,-5.8074
2018,2,2,3,89,-4.9483
2018,2,2,4,111,-5.3631
2018,2,2,5,85,-7.2757
2018,2,3,1,208,-2.0459
2018,2,3,2,168,-2.9778
2018,2,3,3,123,-5.5382
2018,2,3,4,106,-7.1553
2018,2,3,5,90,-4.8942
2018,3,1,1,161,1.9782
2018,3,1,2,84,3.5035
2018,3,1,3,88,5.5201
2018,3,1,4,114,2.7740
2018,3,1,5,183,2.2210
2018,3,2,1,116,2.0995
2018,3,2,2,77,1.2004
2018,3,2,3,102,-0.4899
2018,3,2,4,113,0.0383
2018,3,2,5,81,0.5765
2018,3,3,1,207,-3.0345
2018,3,3,2,172,-2.7786
2018,3,3,3,130,-1.5683
2018,3,3,4,99,-0.5219
2018,3,3,5,84,0.4433
2018,4,1,1,163,2.9973
2018,4,1,2,89,1.6777
2018,4,1,3,93,1.4943
2018,4,1,4,104,1.7778
2018,4,1,5,184,1.4834
2018,4,2,1,111,1.4190
2018,4,2,2,86,0.0893
2018,4,2,3,99,0.1592
2018,4,2,4,103,1.6133
2018,4,2,5,85,-0.2330
2018,4,3,1,209,1.3871
2018,4,3,2,161,-0.2219
2018,4,3,3,132,-1.2133
2018,4,3,4,103,1.8146
2018,4,3,5,81,-0.3079
2018,5,1,1,145,9.8980
2018,5,1,2,101,8.5278
2018,5,1,3,109,6.9967
2018,5,1,4,99,5.5662
2018,5,1,5,140,8.5104
2018,5,2,1,110,8.6009
2018,5,2,2,84,5.3204
2018,5,2,3,91,3.9770
2018,5,2,4,73,5.6139
2018,5,2,5,82,3.8339
2018,5,3,1,154,4.1324
2018,5,3,2,155,2.3204
2018,5,3,3,103,5.0335
2018,5,3,4,93,1.4343
2018,5,3,5,79,0.6844
2018,6,1,1,133,1.2883
2018,6,1,2,91,3.1811
2018,6,1,3,92,2.8594
2018,6,1,4,108,1.7101
2018,6,1,5,137,3.8020
2018,6,2,1,121,2.8158
2018,6,2,2,97,2.9953
2018,6,2,3,92,0.6064
2018,6,2,4,71,0.4322
2018,6,2,5,83,3.0746
2018,6,3,1,161,1.3129
2018,6,3,2,136,0.8273
2018,6,3,3,100,0.2621
2018,6,3,4,101,1.1599
2018,6,3,5,73,1.2292
2018,7,1,1,138,1.5138
2018,7,1,2,94,0.5389
2018,7,1,3,84,-0.8990
2018,7,1,4,105,0.7460
2018,7,1,5,139,2.4166
2018,7,2,1,121,3.1314
2018,7,2,2,97,3.0313
2018,7,2,3,91,3.0459
2018,7,2,4,71,1.0417
2018,7,2,5,81,0.4935
2018,7,3,1,167,2.3838
2018,7,3,2,134,1.8452
2018,7,3,3,103,2.4754
2018,7,3,4,97,2.4984
2018,7,3,5,79,4.0145
2018,8,1,1,144,4.7729
2018,8,1,2,99,3.3058
2018,8,1,3,98,4.8845
2018,8,1,4,76,5.1759
2018,8,1,5,154,1.8422
2018,8,2,1,135,8.9897
2018,8,2,2,95,3.5569
2018,8,2,3,98,1.6972
2018,8,2,4,80,1.3363
2018,8,2,5,92,2.2694
2018,8,3,1,179,6.7017
2018,8,3,2,175,1.7753
2018,8,3,3,128,6.2737
2018,8,3,4,102,-0.5686
2018,8,3,5,78,1.2535
2018,9,1,1,163,-3.0154
2018,9,1,2,97,-3.3961
2018,9,1,3,86,-3.7624
2018,9,1,4,86,-2.8338
2018,9,1,5,147,-3.2269
2018,9,2,1,134,-1.0615
2018,9,2,2,89,-2.3388
2018,9,2,3,97,-2.2464
2018,9,2,4,86,-2.5846
2018,9,2,5,87,-0.5958
2018,9,3,1,192,0.8489
2018,9,3,2,173,0.6436
2018,9,3,3,129,1.3211
2018,9,3,4,105,0.8247
2018,9,3,5,76,0.9636
2018,10,1,1,154,-8.9518
2018,10,1,2,91,-11.0990
2018,10,1,3,93,-11.2435
2018,10,1,4,87,-10.1631
2018,10,1,5,148,-9.5425
2018,10,2,1,132,-10.7100
2018,10,2,2,90,-10.8712
2018,10,2,3,98,-10.7149
2018,10,2,4,95,-9.3439
2018,10,2,5,88,-10.1421
2018,10,3,1,194,-10.8823
2018,10,3,2,176,-6.7738
2018,10,3,3,125,-6.7194
2018,10,3,4,105,-5.7422
2018,10,3,5,77,-4.5137
2018,11,1,1,156,-0.7061
2018,11,1,2,78,-1.0492
2018,11,1,3,93,-0.2086
2018,11,1,4,93,-0.3520
2018,11,1,5,168,-3.1781
2018,11,2,1,150,0.8994
2018,11,2,2,87,2.2251
2018,11,2,3,98,2.2561
2018,11,2,4,89,1.2906
2018,11,2,5,100,-0.6923
2018,11,3,1,217,-0.2967
2018,11,3,2,164,2.9983
2018,11,3,3,124,3.3131
2018,11,3,4,105,2.6732
2018,11,3,5,75,2.7644
2018,12,1,1,145,-8.6937
2018,12,1,2,70,-11.7186
2018,12,1,3,97,-11.7494
2018,12,1,4,87,-10.7449
2018,12,1,5,183,-14.9513
2018,12,2,1,145,-11.3551
2018,12,2,2,88,-10.7318
2018,12,2,3,88,-12.8931
2018,12,2,4,93,-12.6109
2018,12,2,5,96,-15.6887
2018,12,3,1,222,-7.9570
2018,12,3,2,170,-8.2465
2018,12,3,3,129,-8.5048
2018,12,3,4,105,-10.0443
2018,12,3,5,68,-11.4605
2019,1,1,1,138,9.1809
2019,1,1,2,71,11.5137
2019,1,1,3,93,10.3076
2019,1,1,4,88,10.7718
2019,1,1,5,181,17.1573
2019,1,2,1,134,10.4892
2019,1,2,2,90,10.0817
2019,1,2,3,93,10.3370
2019,1,2,4,88,13.7520
2019,1,2,5,102,17.8080
2019,1,3,1,228,8.4972
2019,1,3,2,167,6.9004
2019,1,3,3,133,6.2665
2019,1,3,4,108,9.1169
2019,1,3,5,59,13.5205
2019,2,1,1,149,4.7334
2019,2,1,2,85,5.8962
2019,2,1,3,98,5.6585
2019,2,1,4,95,6.0611
2019,2,1,5,168,4.3723
2019,2,2,1,131,4.5118
2019,2,2,2,106,7.2488
2019,2,2,3,95,4.1312
2019,2,2,4,84,2.0487
2019,2,2,5,96,3.7106
2019,2,3,1,221,3.9736
2019,2,3,2,177,3.8800
2019,2,3,3,123,2.2715
2019,2,3,4,114,3.1792
2019,2,3,5,69,2.0267
2019,3,1,1,142,-1.1793
2019,3,1,2,87,-3.7838
2019,3,1,3,93,-2.2448
2019,3,1,4,92,-4.8923
2019,3,1,5,170,-5.8730
2019,3,2,1,128,-2.0797
2019,3,2,2,110,-2.5103
2019,3,2,3,101,-2.6622
2019,3,2,4,77,-1.7072
2019,3,2,5,102,-1.8925
2019,3,3,1,220,2.7321
2019,3,3,2,171,3.8882
2019,3,3,3,120,0.0668
2019,3,3,4,116,0.7973
2019,3,3,5,67,-1.0126
2019,4,1,1,132,1.1276
2019,4,1,2,90,3.4335
2019,4,1,3,86,2.5382
2019,4,1,4,101,2.9493
2019,4,1,5,176,2.8474
2019,4,2,1,125,2.5489
2019,4,2,2,102,3.5392
2019,4,2,3,99,4.7510
2019,4,2,4,81,5.6264
2019,4,2,5,98,3.2237
2019,4,3,1,224,4.4585
2019,4,3,2,176,4.2334
2019,4,3,3,122,2.3095
2019,4,3,4,107,2.3168
2019,4,3,5,69,3.6715
2019,5,1,1,127,-6.6693
2019,5,1,2,75,-6.9005
2019,5,1,3,91,-10.2328
2019,5,1,4,91,-12.4420
2019,5,1,5,164,-15.0488
2019,5,2,1,124,-7.9695
2019,5,2,2,84,-7.7791
2019,5,2,3,84,-8.7381
2019,5,2,4,107,-10.5028
2019,5,2,5,101,-17.3447
2019,5,3,1,204,-5.7336
2019,5,3,2,182,-6.1998
2019,5,3,3,130,-8.1282
2019,5,3,4,112,-8.2388
2019,5,3,5,62,-8.9431
2019,6,1,1,125,6.9572
2019,6,1,2,77,7.4167
2019,6,1,3,75,6.1560
2019,6,1,4,97,8.9921
2019,6,1,5,167,6.2782
2019,6,2,1,115,6.9818
2019,6,2,2,89,8.1894
2019,6,2,3,96,10.1908
2019,6,2,4,103,8.2569
2019,6,2,5,99,8.0444
2019,6,3,1,209,7.1552
2019,6,3,2,181,5.6874
2019,6,3,3,132,7.5998
2019,6,3,4,115,8.9518
2019,6,3,5,58,11.0492
2019,7,1,1,135,1.2419
2019,7,1,2,74,1.0371
2019,7,1,3,76,0.0285
2019,7,1,4,93,0.5988
2019,7,1,5,176,-2.7527
2019,7,2,1,124,1.7101
2019,7,2,2,91,-1.6114
2019,7,2,3,89,0.9623
2019,7,2,4,109,0.9106
2019,7,2,5,91,-2.2239
2019,7,3,1,202,0.5896
2019,7,3,2,176,2.4420
2019,7,3,3,135,2.0939
2019,7,3,4,126,-0.2943
2019,7,3,5,56,2.6952
2019,8,1,1,141,-5.3119
2019,8,1,2,74,-6.5659
2019,8,1,3,75,-6.0120
2019,8,1,4,73,-8.6093
2019,8,1,5,177,-11.3101
2019,8,2,1,121,-3.8070
2019,8,2,2,91,-5.3447
2019,8,2,3,106,-5.3885
2019,8,2,4,83,-7.5756
2019,8,2,5,86,-14.1759
2019,8,3,1,224,-0.9048
2019,8,3,2,165,-1.0591
2019,8,3,3,115,-2.6811
2019,8,3,4,115,-1.2805
2019,8,3,5,64,-3.6938
2019,9,1,1,128,1.0591
2019,9,1,2,72,2.9538
2019,9,1,3,69,4.3981
2019,9,1,4,82,7.0952
2019,9,1,5,172,8.6865
2019,9,2,1,114,1.2306
2019,9,2,2,94,3.3106
2019,9,2,3,103,6.2297
2019,9,2,4,92,7.5330
2019,9,2,5,82,5.7445
2019,9,3,1,225,-1.4150
2019,9,3,2,183,2.8346
2019,9,3,3,115,2.7797
2019,9,3,4,111,4.1242
2019,9,3,5,61,4.3543
2019,10,1,1,131,0.2758
2019,10,1,2,65,2.0251
2019,10,1,3,71,1.7890
2019,10,1,4,80,2.0427
2019,10,1,5,174,-5.3824
2019,10,2,1,114,2.7144
2019,10,2,2,97,1.8904
2019,10,2,3,101,2.4575
2019,10,2,4,83,1.0764
2019,10,2,5,90,0.2775
2019,10,3,1,223,1.9970
2019,10,3,2,174,2.3818
2019,10,3,3,126,0.8511
2019,10,3,4,104,2.9283
2019,10,3,5,60,1.2550
2019,11,1,1,145,0.2784
2019,11,1,2,59,2.0716
2019,11,1,3,92,5.0873
2019,11,1,4,89,2.9445
2019,11,1,5,179,3.2271
2019,11,2,1,132,1.9359
2019,11,2,2,81,2.3238
2019,11,2,3,96,2.9645
2019,11,2,4,101,5.2979
2019,11,2,5,81,2.5644
2019,11,3,1,220,5.0903
2019,11,3,2,189,2.9611
2019,11,3,3,138,3.0345
2019,11,3,4,99,1.5881
2019,11,3,5,57,2.7445
2019,12,1,1,139,2.8689
2019,12,1,2,69,4.8649
2019,12,1,3,80,4.7648
2019,12,1,4,98,2.7697
2019,12,1,5,174,11.7330
2019,12,2,1,126,4.5099
2019,12,2,2,91,2.0128
2019,12,2,3,102,3.1856
2019,12,2,4,96,3.1958
2019,12,2,5,88,11.0454
2019,12,3,1,224,3.6405
2019,12,3,2,180,3.1217
2019,12,3,3,130,2.5715
2019,12,3,4,104,2.3745
2019,12,3,5,55,5.0663
2020,1,1,1,145,-0.8310
2020,1,1,2,67,-2.2426
2020,1,1,3,80,-3.4376
2020,1,1,4,102,-7.6207
2020,1,1,5,170,-11.0737
2020,1,2,1,121,-2.6084
2020,1,2,2,87,-3.1995
2020,1,2,3,92,-3.6044
2020,1,2,4,97,-6.0524
2020,1,2,5,92,-13.8271
2020,1,3,1,219,3.4403
2020,1,3,2,175,1.9102
2020,1,3,3,136,-1.5994
2020,1,3,4,108,-3.4570
2020,1,3,5,53,-7.0949
2020,2,1,1,133,-4.6879
2020,2,1,2,65,-6.5863
2020,2,1,3,79,-10.7035
2020,2,1,4,93,-7.5478
2020,2,1,5,171,-11.0261
2020,2,2,1,113,-7.6389
2020,2,2,2,96,-9.8785
2020,2,2,3,96,-10.6608
2020,2,2,4,85,-11.8330
2020,2,2,5,94,-12.5483
2020,2,3,1,217,-6.2296
2020,2,3,2,182,-8.3597
2020,2,3,3,128,-8.2065
2020,2,3,4,113,-9.2621
2020,2,3,5,47,-10.6948
2020,3,1,1,133,-18.3586
2020,3,1,2,78,-20.2894
2020,3,1,3,77,-23.7212
2020,3,1,4,87,-26.5456
2020,3,1,5,166,-40.0996
2020,3,2,1,114,-16.8489
2020,3,2,2,91,-20.1828
2020,3,2,3,99,-22.3311
2020,3,2,4,85,-27.0695
2020,3,2,5,93,-36.2999
2020,3,3,1,225,-8.2526
2020,3,3,2,176,-10.6706
2020,3,3,3,127,-14.3631
2020,3,3,4,114,-14.5568
2020,3,3,5,40,-34.1437
2020,4,1,1,111,13.7097
2020,4,1,2,53,14.9265
2020,4,1,3,73,15.0588
2020,4,1,4,97,19.1461
2020,4,1,5,176,42.2465
2020,4,2,1,111,14.3304
2020,4,2,2,103,17.5271
2020,4,2,3,93,13.9519
2020,4,2,4,100,19.3213
2020,4,2,5,91,37.7970
2020,4,3,1,247,14.7896
2020,4,3,2,184,12.5429
2020,4,3,3,150,9.9058
2020,4,3,4,78,12.6247
2020,4,3,5,36,22.8835
2020,5,1,1,99,5.0559
2020,5,1,2,60,7.3647
2020,5,1,3,76,6.9664
2020,5,1,4,99,5.1097
2020,5,1,5,167,4.2166
2020,5,2,1,130,7.7019
2020,5,2,2,91,7.2824
2020,5,2,3,102,6.6978
2020,5,2,4,85,10.0110
2020,5,2,5,82,6.0219
2020,5,3,1,227,5.4154
2020,5,3,2,179,6.1119
2020,5,3,3,132,5.7468
2020,5,3,4,99,3.4297
2020,5,3,5,42,0.1090
2020,6,1,1,104,7.3994
2020,6,1,2,58,4.5743
2020,6,1,3,79,5.9955
2020,6,1,4,95,7.2421
2020,6,1,5,172,7.7707
2020,6,2,1,114,4.9790
2020,6,2,2,84,4.2991
2020,6,2,3,107,1.6526
2020,6,2,4,80,3.2251
2020,6,2,5,87,3.1919
2020,6,3,1,235,5.6196
2020,6,3,2,181,1.9255
2020,6,3,3,137,-0.9567
2020,6,3,4,90,-1.4668
2020,6,3,5,46,-0.8000
2020,7,1,1,121,2.3948
2020,7,1,2,59,3.5860
2020,7,1,3,79,-0.0157
2020,7,1,4,95,1.4122
2020,7,1,5,165,2.3118
2020,7,2,1,113,4.6737
2020,7,2,2,83,4.2202
2020,7,2,3,111,8.1610
2020,7,2,4,81,4.8000
2020,7,2,5,83,1.1446
2020,7,3,1,236,8.1290
2020,7,3,2,175,7.5225
2020,7,3,3,127,5.5127
2020,7,3,4,96,0.0977
2020,7,3,5,51,1.2328
2020,8,1,1,106,6.1947
2020,8,1,2,60,3.3332
2020,8,1,3,54,5.1444
2020,8,1,4,70,11.4667
2020,8,1,5,162,9.8325
2020,8,2,1,90,4.7657
2020,8,2,2,78,2.0102
2020,8,2,3,91,4.3416
2020,8,2,4,71,7.9152
2020,8,2,5,70,8.3863
2020,8,3,1,195,12.6613
2020,8,3,2,172,6.0738
2020,8,3,3,117,4.4669
2020,8,3,4,98,1.3214
2020,8,3,5,40,4.4167
2020,9,1,1,101,3.2899
2020,9,1,2,49,-5.5076
2020,9,1,3,55,-1.3008
2020,9,1,4,66,-5.9125
2020,9,1,5,141,-6.4274
2020,9,2,1,84,-1.3614
2020,9,2,2,75,-2.4348
2020,9,2,3,81,-3.4056
2020,9,2,4,81,-3.7775
2020,9,2,5,69,-5.5810
2020,9,3,1,195,-5.4341
2020,9,3,2,153,-3.8940
2020,9,3,3,118,-1.0101
2020,9,3,4,96,-1.2112
2020,9,3,5,52,-4.3311
2020,10,1,1,92,-1.1518
2020,10,1,2,45,0.2629
2020,10,1,3,59,0.7652
2020,10,1,4,63,2.9008
2020,10,1,5,144,2.7147
2020,10,2,1,91,-0.0240
2020,10,2,2,72,4.6100
2020,10,2,3,75,1.1029
2020,10,2,4,86,1.6564
2020,10,2,5,66,1.4131
2020,10,3,1,189,-3.5484
2020,10,3,2,150,-0.2095
2020,10,3,3,123,-2.8272
2020,10,3,4,92,-1.4936
2020,10,3,5,49,-1.2363
2020,11,1,1,74,19.2852
2020,11,1,2,35,24.6212
2020,11,1,3,49,16.9399
2020,11,1,4,83,18.5090
2020,11,1,5,138,27.4430
2020,11,2,1,86,17.3166
2020,11,2,2,65,15.9198
2020,11,2,3,61,16.5182
2020,11,2,4,91,15.7270
2020,11,2,5,76,18.0684
2020,11,3,1,205,9.8686
2020,11,3,2,135,8.7930
2020,11,3,3,127,10.0406
2020,11,3,4,89,11.1481
2020,11,3,5,50,13.7792
2020,12,1,1,82,7.6179
2020,12,1,2,38,5.6162
2020,12,1,3,59,10.3951
2020,12,1,4,79,9.3923
2020,12,1,5,150,7.4720
2020,12,2,1,89,10.2998
2020,12,2,2,65,7.9407
2020,12,2,3,75,6.5257
2020,12,2,4,94,6.4187
2020,12,2,5,73,6.0401
2020,12,3,1,194,6.5948
2020,12,3,2,154,2.6587
2020,12,3,3,115,1.6266
2020,12,3,4,86,2.0047
2020,12,3,5,57,1.1489
2021,1,1,1,85,8.3957
2021,1,1,2,49,11.4009
2021,1,1,3,63,5.5259
2021,1,1,4,76,4.0136
2021,1,1,5,151,9.7645
2021,1,2,1,91,3.9291
2021,1,2,2,69,1.0309
2021,1,2,3,66,2.2899
2021,1,2,4,94,5.5440
2021,1,2,5,76,9.0978
2021,1,3,1,198,-0.5456
2021,1,3,2,146,0.2761
2021,1,3,3,118,-1.1521
2021,1,3,4,88,0.0316
2021,1,3,5,53,2.0707
2021,2,1,1,116,7.2204
2021,2,1,2,73,9.1648
2021,2,1,3,61,7.1830
2021,2,1,4,90,9.7986
2021,2,1,5,169,14.7867
2021,2,2,1,117,8.5827
2021,2,2,2,82,8.5347
2021,2,2,3,87,7.7828
2021,2,2,4,89,6.0044
2021,2,2,5,79,16.1499
2021,2,3,1,231,-0.7010
2021,2,3,2,166,2.9434
2021,2,3,3,116,2.7402
2021,2,3,4,96,2.4876
2021,2,3,5,55,3.1289
2021,3,1,1,120,1.3197
2021,3,1,2,69,4.3017
2021,3,1,3,60,3.8866
2021,3,1,4,91,6.4513
2021,3,1,5,166,8.6642
2021,3,2,1,123,-1.2134
2021,3,2,2,87,1.3657
2021,3,2,3,74,4.8633
2021,3,2,4,100,7.7355
2021,3,2,5,78,5.5571
2021,3,3,1,222,-0.3938
2021,3,3,2,169,5.5102
2021,3,3,3,121,7.1194
2021,3,3,4,94,7.3831
2021,3,3,5,58,8.1893
2021,4,1,1,123,0.9965
2021,4,1,2,64,1.1586
2021,4,1,3,55,2.0069
2021,4,1,4,88,2.4076
2021,4,1,5,174,0.0853
2021,4,2,1,122,2.1824
2021,4,2,2,80,1.5680
2021,4,2,3,85,2.3177
2021,4,2,4,99,3.2173
2021,4,2,5,73,3.1016
2021,4,3,1,229,6.0133
2021,4,3,2,158,5.8731
2021,4,3,3,121,3.2958
2021,4,3,4,97,2.2820
2021,4,3,5,63,4.3342
2021,5,1,1,111,2.4273
2021,5,1,2,47,3.4883
2021,5,1,3,81,2.2256
2021,5,1,4,93,3.9532
2021,5,1,5,161,6.9725
2021,5,2,1,131,-0.7336
2021,5,2,2,87,2.9517
2021,5,2,3,87,1.8491
2021,5,2,4,88,4.1835
2021,5,2,5,83,7.0545
2021,5,3,1,220,-1.8079
2021,5,3,2,154,-0.3973
2021,5,3,3,122,1.6816
2021,5,3,4,105,3.9868
2021,5,3,5,65,2.4566
2021,6,1,1,109,2.8176
2021,6,1,2,53,2.2760
2021,6,1,3,77,-0.9984
2021,6,1,4,97,-0.2625
2021,6,1,5,155,1.8868
2021,6,2,1,121,4.5927
2021,6,2,2,88,2.1576
2021,6,2,3,90,-0.2430
2021,6,2,4,81,-3.3384
2021,6,2,5,81,3.1371
2021,6,3,1,209,5.6983
2021,6,3,2,174,3.0031
2021,6,3,3,110,4.0355
2021,6,3,4,112,-0.1960
2021,6,3,5,72,-2.2572
2021,7,1,1,103,-2.6353
2021,7,1,2,64,-0.2398
2021,7,1,3,71,1.1291
2021,7,1,4,93,-3.3490
2021,7,1,5,152,-4.6691
2021,7,2,1,130,-2.2781
2021,7,2,2,90,-1.1809
2021,7,2,3,79,-1.5102
2021,7,2,4,93,-1.2608
2021,7,2,5,79,-2.2648
2021,7,3,1,211,2.0810
2021,7,3,2,165,4.3031
2021,7,3,3,121,1.9936
2021,7,3,4,99,0.7247
2021,7,3,5,68,-0.4949
2021,8,1,1,105,0.7164
2021,8,1,2,83,0.5081
2021,8,1,3,81,1.0738
2021,8,1,4,88,3.4905
2021,8,1,5,161,2.0487
2021,8,2,1,119,1.8232
2021,8,2,2,102,1.1513
2021,8,2,3,96,0.4941
2021,8,2,4,76,1.2328
2021,8,2,5,70,1.5931
2021,8,3,1,232,4.5650
2021,8,3,2,163,3.1127
2021,8,3,3,119,1.5783
2021,8,3,4,113,1.1735
2021,8,3,5,66,-0.2768
2021,9,1,1,116,-3.9033
2021,9,1,2,79,-4.0098
2021,9,1,3,86,-0.8953
2021,9,1,4,84,-1.2787
2021,9,1,5,158,-2.8162
2021,9,2,1,120,-4.1804
2021,9,2,2,101,-3.6840
2021,9,2,3,84,-4.4811
2021,9,2,4,82,-3.6105
2021,9,2,5,83,0.4168
2021,9,3,1,224,-5.1155
2021,9,3,2,169,-6.1653
2021,9,3,3,119,-5.2344
2021,9,3,4,107,-3.8861
2021,9,3,5,70,1.1573
2021,10,1,1,122,3.3787
2021,10,1,2,85,0.5107
2021,10,1,3,86,6.2709
2021,10,1,4,79,5.8072
2021,10,1,5,160,1.8705
2021,10,2,1,113,2.8802
2021,10,2,2,101,3.4158
2021,10,2,3,88,3.8144
2021,10,2,4,78,4.0142
2021,10,2,5,79,3.3151
2021,10,3,1,231,10.7246
2021,10,3,2,171,5.8722
2021,10,3,3,108,4.7161
2021,10,3,4,108,2.7425
2021,10,3,5,73,3.4219
2021,11,1,1,113,-6.7804
2021,11,1,2,76,-4.9245
2021,11,1,3,90,-2.9396
2021,11,1,4,109,-4.4212
2021,11,1,5,182,-4.3887
2021,11,2,1,107,-6.6380
2021,11,2,2,95,0.2033
2021,11,2,3,93,-2.4861
2021,11,2,4,96,-1.2957
2021,11,2,5,79,-1.1297
2021,11,3,1,239,1.2376
2021,11,3,2,182,-1.5241
2021,11,3,3,118,-3.0828
2021,11,3,4,97,-0.5703
2021,11,3,5,74,-2.2912
2021,12,1,1,110,4.3752
2021,12,1,2,73,1.9447
2021,12,1,3,86,4.9470
2021,12,1,4,119,3.4873
2021,12,1,5,176,5.5358
2021,12,2,1,104,3.3736
2021,12,2,2,100,5.5044
2021,12,2,3,88,5.2596
2021,12,2,4,94,4.9661
2021,12,2,5,83,6.2979
2021,12,3,1,232,0.7705
2021,12,3,2,194,6.6262
2021,12,3,3,110,5.2061
2021,12,3,4,107,6.3150
2021,12,3,5,71,5.8951
2022,1,1,1,95,-12.8526
2022,1,1,2,78,-4.6516
2022,1,1,3,82,-8.4331
2022,1,1,4,129,-4.6521
2022,1,1,5,180,-6.5647
2022,1,2,1,111,-9.9744
2022,1,2,2,88,-9.2688
2022,1,2,3,87,-6.2471
2022,1,2,4,86,-7.5756
2022,1,2,5,84,-5.9054
2022,1,3,1,227,-9.6880
2022,1,3,2,197,-5.6812
2022,1,3,3,118,-1.3719
2022,1,3,4,109,0.0685
2022,1,3,5,73,1.9884
2022,2,1,1,120,-3.0615
2022,2,1,2,67,-1.4226
2022,2,1,3,74,2.8855
2022,2,1,4,134,2.5422
2022,2,1,5,176,4.1070
2022,2,2,1,120,-0.1406
2022,2,2,2,84,2.6276
2022,2,2,3,95,1.3749
2022,2,2,4,94,2.9090
2022,2,2,5,95,0.2190
2022,2,3,1,222,-3.2184
2022,2,3,2,181,-4.7861
2022,2,3,3,115,0.1372
2022,2,3,4,123,1.2170
2022,2,3,5,81,-0.3926
2022,3,1,1,123,2.0948
2022,3,1,2,65,2.2447
2022,3,1,3,79,1.4900
2022,3,1,4,131,0.9349
2022,3,1,5,173,-0.1644
2022,3,2,1,121,1.2197
2022,3,2,2,76,1.8829
2022,3,2,3,100,0.5511
2022,3,2,4,90,-0.2120
2022,3,2,5,95,1.1000
2022,3,3,1,234,5.0397
2022,3,3,2,170,2.7914
2022,3,3,3,120,5.1922
2022,3,3,4,122,5.1874
2022,3,3,5,75,2.4393
2022,4,1,1,118,-11.8419
2022,4,1,2,63,-10.7059
2022,4,1,3,77,-8.8757
2022,4,1,4,129,-8.1681
2022,4,1,5,184,-5.2613
2022,4,2,1,123,-9.9427
2022,4,2,2,66,-7.1653
2022,4,2,3,102,-7.2943
2022,4,2,4,85,-7.2181
2022,4,2,5,101,-5.1544
2022,4,3,1,230,-13.5687
2022,4,3,2,179,-7.2811
2022,4,3,3,116,-5.6743
2022,4,3,4,118,-3.5602
2022,4,3,5,77,-5.5852
2022,5,1,1,99,-3.1771
2022,5,1,2,53,1.4862
2022,5,1,3,92,0.2217
2022,5,1,4,115,-2.4219
2022,5,1,5,176,1.8599
2022,5,2,1,119,-0.6496
2022,5,2,2,83,-1.5734
2022,5,2,3,95,3.5736
2022,5,2,4,96,2.7802
2022,5,2,5,95,4.1281
2022,5,3,1,218,-2.5255
2022,5,3,2,179,-1.7137
2022,5,3,3,146,0.3231
2022,5,3,4,103,6.8674
2022,5,3,5,77,4.6210
2022,6,1,1,87,-5.5329
2022,6,1,2,53,-3.5484
2022,6,1,3,80,-7.8966
2022,6,1,4,110,-8.9301
2022,6,1,5,186,-12.4615
2022,6,2,1,119,-6.0439
2022,6,2,2,96,-7.1410
2022,6,2,3,89,-8.2882
2022,6,2,4,98,-10.1730
2022,6,2,5,92,-12.7326
2022,6,3,1,208,-7.6084
2022,6,3,2,182,-6.6891
2022,6,3,3,147,-8.6312
2022,6,3,4,111,-11.6353
2022,6,3,5,77,-14.4321
2022,7,1,1,93,6.8888
2022,7,1,2,54,5.9618
2022,7,1,3,67,6.6364
2022,7,1,4,110,7.0419
2022,7,1,5,172,10.0112
2022,7,2,1,119,10.6677
2022,7,2,2,84,10.4741
2022,7,2,3,100,10.5059
2022,7,2,4,102,11.4708
2022,7,2,5,98,14.0052
2022,7,3,1,223,12.1100
2022,7,3,2,188,9.7948
2022,7,3,3,146,10.1451
2022,7,3,4,124,4.4239
2022,7,3,5,72,10.2687
2022,8,1,1,92,-1.6054
2022,8,1,2,69,0.7878
2022,8,1,3,62,3.1276
2022,8,1,4,93,-4.9773
2022,8,1,5,159,-2.3551
2022,8,2,1,114,-1.5912
2022,8,2,2,86,-4.6084
2022,8,2,3,100,-3.4172
2022,8,2,4,94,-4.1628
2022,8,2,5,93,-0.4939
2022,8,3,1,230,-5.2701
2022,8,3,2,180,-4.0565
2022,8,3,3,138,-2.2694
2022,8,3,4,110,-3.3492
2022,8,3,5,82,-3.0280
2022,9,1,1,105,-9.3617
2022,9,1,2,80,-11.9995
2022,9,1,3,60,-9.6298
2022,9,1,4,93,-14.9726
2022,9,1,5,144,-13.8364
2022,9,2,1,111,-9.8598
2022,9,2,2,82,-8.8699
2022,9,2,3,106,-9.0421
2022,9,2,4,92,-12.4691
2022,9,2,5,100,-13.4595
2022,9,3,1,219,-9.7686
2022,9,3,2,187,-7.9602
2022,9,3,3,137,-8.4461
2022,9,3,4,103,-10.5928
2022,9,3,5,83,-12.4421
2022,10,1,1,90,10.0275
2022,10,1,2,81,12.6267
2022,10,1,3,66,13.5502
2022,10,1,4,86,16.1405
2022,10,1,5,144,12.1865
2022,10,2,1,106,9.1016
2022,10,2,2,91,11.8062
2022,10,2,3,100,12.9656
2022,10,2,4,98,14.9300
2022,10,2,5,104,15.9790
2022,10,3,1,222,1.9704
2022,10,3,2,180,8.7428
2022,10,3,3,145,9.5801
2022,10,3,4,111,11.0006
2022,10,3,5,71,16.3011
2022,11,1,1,93,-0.1333
2022,11,1,2,64,-2.0525
2022,11,1,3,75,-1.3925
2022,11,1,4,112,6.4515
2022,11,1,5,141,-0.2825
2022,11,2,1,119,1.9103
2022,11,2,2,78,3.7890
2022,11,2,3,97,5.7451
2022,11,2,4,113,5.4061
2022,11,2,5,92,2.5564
2022,11,3,1,222,3.1906
2022,11,3,2,167,7.7998
2022,11,3,3,144,8.6491
2022,11,3,4,119,6.8474
2022,11,3,5,75,4.8436
2022,12,1,1,81,-5.5532
2022,12,1,2,52,-0.9945
2022,12,1,3,73,-6.8500
2022,12,1,4,117,-5.4620
2022,12,1,5,152,-6.8603
2022,12,2,1,114,-7.7536
2022,12,2,2,71,-4.4425
2022,12,2,3,109,-3.6727
2022,12,2,4,111,-6.9199
2022,12,2,5,94,-7.3596
2022,12,3,1,229,-7.5953
2022,12,3,2,173,-5.2107
2022,12,3,3,135,-5.5824
2022,12,3,4,115,-2.7099
2022,12,3,5,75,-8.9071
2023,1,1,1,80,13.8425
2023,1,1,2,53,8.0929
2023,1,1,3,84,13.4005
2023,1,1,4,104,13.7400
2023,1,1,5,155,17.2118
2023,1,2,1,107,11.4530
2023,1,2,2,83,10.5462
2023,1,2,3,103,14.8488
2023,1,2,4,111,12.6599
2023,1,2,5,93,12.6847
2023,1,3,1,221,7.3893
2023,1,3,2,172,5.0001
2023,1,3,3,141,6.7275
2023,1,3,4,112,4.7592
2023,1,3,5,70,10.6798
2023,2,1,1,91,-4.1806
2023,2,1,2,50,-5.3025
2023,2,1,3,74,0.5729
2023,2,1,4,100,-1.5664
2023,2,1,5,136,-2.6241
2023,2,2,1,119,-1.3827
2023,2,2,2,93,-3.3322
2023,2,2,3,101,-1.1601
2023,2,2,4,97,-2.7823
2023,2,2,5,93,-1.5062
2023,2,3,1,222,0.3632
2023,2,3,2,173,-4.1805
2023,2,3,3,139,-1.2890
2023,2,3,4,116,-5.7347
2023,2,3,5,73,-4.7771
2023,3,1,1,83,-7.1775
2023,3,1,2,59,-4.1122
2023,3,1,3,79,-2.4811
2023,3,1,4,95,-3.5104
2023,3,1,5,137,-7.1767
2023,3,2,1,117,-0.0486
2023,3,2,2,98,-1.5857
2023,3,2,3,102,-1.7099
2023,3,2,4,95,-4.6585
2023,3,2,5,95,-6.7167
2023,3,3,1,223,8.4163
2023,3,3,2,163,6.1853
2023,3,3,3,143,1.6855
2023,3,3,4,107,1.9118
2023,3,3,5,75,-0.7385
2023,4,1,1,85,-7.0681
2023,4,1,2,51,-5.2640
2023,4,1,3,80,-3.8102
2023,4,1,4,103,-5.6754
2023,4,1,5,147,1.4505
2023,4,2,1,108,-1.7046
2023,4,2,2,88,-2.3723
2023,4,2,3,108,-2.2142
2023,4,2,4,93,-2.1918
2023,4,2,5,95,-3.0738
2023,4,3,1,226,0.9412
2023,4,3,2,165,1.9987
2023,4,3,3,141,-1.7683
2023,4,3,4,110,0.4542
2023,4,3,5,70,0.7301
2023,5,1,1,86,0.7442
2023,5,1,2,56,-0.0081
2023,5,1,3,76,0.8995
2023,5,1,4,104,-1.9122
2023,5,1,5,147,-4.7132
2023,5,2,1,105,0.6791
2023,5,2,2,81,-1.1586
2023,5,2,3,94,-1.9833
2023,5,2,4,98,-3.0353
2023,5,2,5,100,-3.5662
2023,5,3,1,238,5.1315
2023,5,3,2,155,2.3614
2023,5,3,3,150,-3.2980
2023,5,3,4,94,-6.3402
2023,5,3,5,72,-6.3312
2023,6,1,1,82,5.0087
2023,6,1,2,65,8.9800
2023,6,1,3,67,8.6071
2023,6,1,4,91,10.9752
2023,6,1,5,159,10.8504
2023,6,2,1,109,5.6296
2023,6,2,2,88,8.2280
2023,6,2,3,89,6.8859
2023,6,2,4,100,11.5824
2023,6,2,5,93,13.6317
2023,6,3,1,242,7.2590
2023,6,3,2,154,6.7059
2023,6,3,3,150,6.3634
2023,6,3,4,92,5.7408
2023,6,3,5,72,11.8863
2023,7,1,1,82,2.7183
2023,7,1,2,62,2.5179
2023,7,1,3,84,4.0678
2023,7,1,4,88,5.3386
2023,7,1,5,164,9.1291
2023,7,2,1,113,4.2564
2023,7,2,2,83,3.3686
2023,7,2,3,88,3.4940
2023,7,2,4,93,4.2631
2023,7,2,5,91,8.9501
2023,7,3,1,229,2.3663
2023,7,3,2,156,3.9686
2023,7,3,3,139,4.3555
2023,7,3,4,98,3.5154
2023,7,3,5,74,5.4967
2023,8,1,1,95,-5.2208
2023,8,1,2,69,-3.0370
2023,8,1,3,82,-2.5430
2023,8,1,4,90,-1.8715
2023,8,1,5,139,-4.9607
2023,8,2,1,123,-6.9074
2023,8,2,2,88,-2.3918
2023,8,2,3,79,-3.3501
2023,8,2,4,74,-5.3472
2023,8,2,5,93,-1.4288
2023,8,3,1,225,-1.2240
2023,8,3,2,180,-1.0715
2023,8,3,3,112,-3.2182
2023,8,3,4,119,-1.4421
2023,8,3,5,64,0.8367
2023,9,1,1,99,-5.1608
2023,9,1,2,62,-6.7188
2023,9,1,3,85,-6.7331
2023,9,1,4,81,-1.9707
2023,9,1,5,128,-2.5012
2023,9,2,1,120,-7.6904
2023,9,2,2,94,-6.5815
2023,9,2,3,77,-6.4539
2023,9,2,4,81,-4.9029
2023,9,2,5,99,-2.1880
2023,9,3,1,230,-6.0230
2023,9,3,2,167,-4.5205
2023,9,3,3,124,-5.5352
2023,9,3,4,113,-1.7016
2023,9,3,5,64,-1.8391
2023,10,1,1,106,-6.7820
2023,10,1,2,60,-5.2420
2023,10,1,3,84,-5.2938
2023,10,1,4,89,-5.2186
2023,10,1,5,130,-8.6448
2023,10,2,1,118,-8.4607
2023,10,2,2,88,-6.1668
2023,10,2,3,78,-4.6037
2023,10,2,4,81,-5.1398
2023,10,2,5,89,-4.5696
2023,10,3,1,222,-1.8563
2023,10,3,2,180,-2.3593
2023,10,3,3,117,-2.2166
2023,10,3,4,112,-5.1969
2023,10,3,5,69,-2.5194
2023,11,1,1,89,5.5921
2023,11,1,2,61,9.3659
2023,11,1,3,80,3.3868
2023,11,1,4,85,4.8164
2023,11,1,5,160,7.5353
2023,11,2,1,111,9.2347
2023,11,2,2,100,8.8654
2023,11,2,3,84,8.6980
2023,11,2,4,88,7.0718
2023,11,2,5,93,6.9692
2023,11,3,1,227,11.2611
2023,11,3,2,172,7.2329
2023,11,3,3,139,5.9893
2023,11,3,4,100,3.7422
2023,11,3,5,66,5.9182
2023,12,1,1,86,11.1607
2023,12,1,2,68,10.2847
2023,12,1,3,70,14.7806
2023,12,1,4,92,10.8056
2023,12,1,5,168,15.4555
2023,12,2,1,101,12.1848
2023,12,2,2,93,9.7923
2023,12,2,3,97,11.9087
2023,12,2,4,84,11.5111
2023,12,2,5,88,12.1872
2023,12,3,1,226,3.7733
2023,12,3,2,179,6.5425
2023,12,3,3,132,3.7797
2023,12,3,4,100,5.5160
2023,12,3,5,73,2.2499
2024,1,1,1,95,-3.3672
2024,1,1,2,61,-6.6731
2024,1,1,3,73,-2.8131
2024,1,1,4,86,-6.0317
2024,1,1,5,169,-4.6904
2024,1,2,1,105,-6.7524
2024,1,2,2,90,-5.0874
2024,1,2,3,92,-3.5738
2024,1,2,4,91,-2.3787
2024,1,2,5,79,-4.7885
2024,1,3,1,238,2.6791
2024,1,3,2,164,0.6176
2024,1,3,3,139,-0.5503
2024,1,3,4,99,-1.2246
2024,1,3,5,70,3.9549
2024,2,1,1,97,6.8968
2024,2,1,2,69,5.7915
2024,2,1,3,97,6.1036
2024,2,1,4,60,4.4318
2024,2,1,5,164,1.4518
2024,2,2,1,102,3.9345
2024,2,2,2,90,7.4569
2024,2,2,3,111,4.8623
2024,2,2,4,86,3.2397
2024,2,2,5,79,3.3050
2024,2,3,1,225,7.1875
2024,2,3,2,160,6.8246
2024,2,3,3,138,4.3092
2024,2,3,4,107,1.2429
2024,2,3,5,78,1.6581
2024,3,1,1,94,3.7342
2024,3,1,2,68,0.6253
2024,3,1,3,91,5.2906
2024,3,1,4,65,6.7611
2024,3,1,5,175,4.0848
2024,3,2,1,99,2.6395
2024,3,2,2,93,1.1829
2024,3,2,3,115,3.8491
2024,3,2,4,85,4.8815
2024,3,2,5,79,4.6621
2024,3,3,1,228,1.3429
2024,3,3,2,159,3.2394
2024,3,3,3,132,5.5084
2024,3,3,4,107,8.2308
2024,3,3,5,75,8.0663
2024,4,1,1,88,-6.4747
2024,4,1,2,70,-5.3463
2024,4,1,3,88,-7.9564
2024,4,1,4,75,-7.5436
2024,4,1,5,173,-10.2523
2024,4,2,1,101,-7.6375
2024,4,2,2,91,-5.8312
2024,4,2,3,107,-5.3046
2024,4,2,4,80,-6.3002
2024,4,2,5,94,-6.4850
2024,4,3,1,212,-4.2303
2024,4,3,2,158,-3.1259
2024,4,3,3,142,-3.5674
2024,4,3,4,110,-2.6410
2024,4,3,5,71,-5.4924
2024,5,1,1,82,4.9310
2024,5,1,2,61,5.1986
2024,5,1,3,73,6.4796
2024,5,1,4,86,7.1934
2024,5,1,5,172,8.1784
2024,5,2,1,100,7.0668
2024,5,2,2,90,2.2892
2024,5,2,3,95,4.3813
2024,5,2,4,89,6.2572
2024,5,2,5,85,4.5807
2024,5,3,1,218,7.1890
2024,5,3,2,156,4.6795
2024,5,3,3,132,5.0175
2024,5,3,4,120,1.0214
2024,5,3,5,69,3.8750
2024,6,1,1,85,-4.2800
2024,6,1,2,57,-4.3942
2024,6,1,3,68,-3.9697
2024,6,1,4,84,-5.5440
2024,6,1,5,168,-3.5301
2024,6,2,1,95,-1.4027
2024,6,2,2,90,-2.7326
2024,6,2,3,83,-1.4581
2024,6,2,4,89,-2.2659
2024,6,2,5,95,-5.6087
2024,6,3,1,211,6.4148
2024,6,3,2,161,5.1353
2024,6,3,3,133,0.4228
2024,6,3,4,117,-1.7903
2024,6,3,5,75,-1.6705
2024,7,1,1,80,10.6858
2024,7,1,2,59,7.7872
2024,7,1,3,70,13.6517
2024,7,1,4,87,11.5616
2024,7,1,5,163,11.4105
2024,7,2,1,100,5.7883
2024,7,2,2,81,7.8873
2024,7,2,3,96,8.1833
2024,7,2,4,85,11.1336
2024,7,2,5,100,8.5321
2024,7,3,1,206,-2.3135
2024,7,3,2,171,0.8275
2024,7,3,3,125,5.8195
2024,7,3,4,124,4.1260
2024,7,3,5,68,5.7928
2024,8,1,1,92,-4.5754
2024,8,1,2,67,-0.7147
2024,8,1,3,77,-2.3687
2024,8,1,4,70,-2.3774
2024,8,1,5,159,-6.1660
2024,8,2,1,102,-1.0051
2024,8,2,2,77,-1.0280
2024,8,2,3,87,-1.0269
2024,8,2,4,77,-3.6688
2024,8,2,5,104,-5.2099
2024,8,3,1,221,2.5081
2024,8,3,2,165,1.6102
2024,8,3,3,128,3.5379
2024,8,3,4,112,-0.2050
2024,8,3,5,77,0.7118
2024,9,1,1,87,0.1300
2024,9,1,2,71,-1.1460
2024,9,1,3,80,0.0889
2024,9,1,4,62,-1.4132
2024,9,1,5,165,1.2233
2024,9,2,1,103,1.7832
2024,9,2,2,77,2.3528
2024,9,2,3,93,1.4185
2024,9,2,4,77,-0.2976
2024,9,2,5,100,0.1358
2024,9,3,1,224,2.1536
2024,9,3,2,172,3.5435
2024,9,3,3,127,2.2232
2024,9,3,4,105,2.0921
2024,9,3,5,73,0.9959
2024,10,1,1,89,-0.2894
2024,10,1,2,59,-0.3231
2024,10,1,3,80,-3.3033
2024,10,1,4,66,-0.7745
2024,10,1,5,170,-1.6180
2024,10,2,1,98,-2.3008
2024,10,2,2,86,-2.3920
2024,10,2,3,83,-3.1476
2024,10,2,4,85,-3.2483
2024,10,2,5,97,-1.4423
2024,10,3,1,229,-1.1735
2024,10,3,2,167,-0.8271
2024,10,3,3,130,-3.3222
2024,10,3,4,99,-0.6790
2024,10,3,5,72,0.4388
2024,11,1,1,94,10.2972
2024,11,1,2,74,11.3130
2024,11,1,3,64,10.8719
2024,11,1,4,79,10.3859
2024,11,1,5,178,10.1392
2024,11,2,1,103,12.5286
2024,11,2,2,84,9.0066
2024,11,2,3,88,12.1798
2024,11,2,4,93,10.3269
2024,11,2,5,93,9.8116
2024,11,3,1,241,6.4289
2024,11,3,2,166,4.4430
2024,11,3,3,132,6.2726
2024,11,3,4,95,5.9017
2024,11,3,5,64,6.5771
2024,12,1,1,97,-4.4456
2024,12,1,2,69,-2.1382
2024,12,1,3,60,-3.6397
2024,12,1,4,90,-6.1270
2024,12,1,5,176,-5.7486
2024,12,2,1,92,-6.5724
2024,12,2,2,91,-7.2897
2024,12,2,3,82,-6.1369
2024,12,2,4,100,-8.6728
2024,12,2,5,93,-6.7341
2024,12,3,1,235,-0.1543
2024,12,3,2,162,0.2392
2024,12,3,3,134,-6.8069
2024,12,3,4,101,-7.6861
2024,12,3,5,64,-7.9221
2025,1,1,1,103,-0.8002
2025,1,1,2,63,0.1115
2025,1,1,3,68,-0.2394
2025,1,1,4,80,1.1514
2025,1,1,5,174,0.3655
2025,1,2,1,96,2.3345
2025,1,2,2,88,2.2092
2025,1,2,3,94,3.3173
2025,1,2,4,93,1.0293
2025,1,2,5,91,1.9932
2025,1,3,1,239,0.4804
2025,1,3,2,157,8.1552
2025,1,3,3,128,2.7607
2025,1,3,4,99,2.3711
2025,1,3,5,65,1.3246
2025,2,1,1,87,-7.4805
2025,2,1,2,57,-3.9828
2025,2,1,3,74,-6.5157
2025,2,1,4,77,-4.6280
2025,2,1,5,157,-6.2898
2025,2,2,1,103,-9.8439
2025,2,2,2,89,-5.1827
2025,2,2,3,98,-5.8341
2025,2,2,4,90,-6.9980
2025,2,2,5,92,-8.4376
2025,2,3,1,229,-2.5842
2025,2,3,2,162,-4.9559
2025,2,3,3,126,0.3138
2025,2,3,4,106,4.2234
2025,2,3,5,76,0.6794
2025,3,1,1,84,-11.0399
2025,3,1,2,48,-9.1995
2025,3,1,3,75,-2.7921
2025,3,1,4,87,-9.7300
2025,3,1,5,159,-8.2340
2025,3,2,1,102,-9.3840
2025,3,2,2,80,-4.8866
2025,3,2,3,103,-6.5041
2025,3,2,4,93,-4.5278
2025,3,2,5,95,-4.7328
2025,3,3,1,236,-8.0617
2025,3,3,2,156,-7.1971
2025,3,3,3,131,-2.5828
2025,3,3,4,107,1.4052
2025,3,3,5,62,-2.4318
2025,4,1,1,88,-1.7353
2025,4,1,2,47,-1.3110
2025,4,1,3,68,-3.0473
2025,4,1,4,82,-2.3952
2025,4,1,5,168,-6.6189
2025,4,2,1,100,-0.3924
2025,4,2,2,80,-2.3755
2025,4,2,3,98,-3.1716
2025,4,2,4,103,-4.0304
2025,4,2,5,96,-9.2739
2025,4,3,1,227,2.6163
2025,4,3,2,157,-2.2357
2025,4,3,3,131,-2.2557
2025,4,3,4,111,-6.9542
2025,4,3,5,58,-5.4789
2025,5,1,1,77,6.6567
2025,5,1,2,54,9.0263
2025,5,1,3,82,9.8390
2025,5,1,4,89,5.2517
2025,5,1,5,162,10.5880
2025,5,2,1,91,8.5300
2025,5,2,2,71,9.2810
2025,5,2,3,81,8.8968
2025,5,2,4,100,5.5056
2025,5,2,5,97,6.1801
2025,5,3,1,206,11.2782
2025,5,3,2,165,2.3965
2025,5,3,3,152,6.0338
2025,5,3,4,103,2.0738
2025,5,3,5,55,3.2867
2025,6,1,1,74,4.2375
2025,6,1,2,55,5.4528
2025,6,1,3,66,4.9685
2025,6,1,4,94,7.0499
2025,6,1,5,156,7.6979
2025,6,2,1,95,7.1422
2025,6,2,2,78,3.7342
2025,6,2,3,81,2.4268
2025,6,2,4,92,3.4370
2025,6,2,5,106,4.4038
2025,6,3,1,208,6.8517
2025,6,3,2,159,3.3215
2025,6,3,3,153,4.5345
2025,6,3,4,106,6.0790
2025,6,3,5,59,2.9561
2025,7,1,1,80,-4.1989
2025,7,1,2,57,-0.6945
2025,7,1,3,71,-0.9461
2025,7,1,4,86,0.9209
2025,7,1,5,153,0.6138
2025,7,2,1,92,1.2073
2025,7,2,2,76,1.7349
2025,7,2,3,88,0.4591
2025,7,2,4,90,1.7683
2025,7,2,5,102,3.2235
2025,7,3,1,207,4.2302
2025,7,3,2,164,3.0822
2025,7,3,3,149,1.1120
2025,7,3,4,106,0.9551
2025,7,3,5,58,-0.9226
2025,8,1,1,88,3.3394
2025,8,1,2,56,4.5277
2025,8,1,3,76,6.1885
2025,8,1,4,69,11.0292
2025,8,1,5,157,13.0217
2025,8,2,1,107,5.9252
2025,8,2,2,82,6.6265
2025,8,2,3,92,7.6543
2025,8,2,4,97,9.0091
2025,8,2,5,89,8.3355
2025,8,3,1,210,0.8511
2025,8,3,2,176,0.0827
2025,8,3,3,137,6.3806
2025,8,3,4,97,4.5984
2025,8,3,5,68,5.6642
2025,9,1,1,85,5.2210
2025,9,1,2,51,2.2702
2025,9,1,3,81,-2.7676
2025,9,1,4,75,-2.0020
2025,9,1,5,148,0.0354
2025,9,2,1,110,0.0981
2025,9,2,2,80,1.2382
2025,9,2,3,100,-1.4408
2025,9,2,4,85,-1.9517
2025,9,2,5,83,0.7101
2025,9,3,1,198,6.6014
2025,9,3,2,166,-0.4023
2025,9,3,3,151,6.2651
2025,9,3,4,98,3.0787
2025,9,3,5,72,-0.5790
2025,10,1,1,89,-0.2010
2025,10,1,2,54,0.1078
2025,10,1,3,71,-3.0161
2025,10,1,4,77,-3.1273
2025,10,1,5,147,-0.9549
2025,10,2,1,105,-2.1501
2025,10,2,2,87,-0.0770
2025,10,2,3,85,-3.9789
2025,10,2,4,88,-3.7169
2025,10,2,5,86,-0.8774
2025,10,3,1,204,3.7426
2025,10,3,2,171,4.4049
2025,10,3,3,145,1.0397
2025,10,3,4,100,-1.1037
2025,10,3,5,66,-3.6969
2025,11,1,1,102,-4.0002
2025,11,1,2,68,-2.7438
2025,11,1,3,51,1.2266
2025,11,1,4,82,1.0385
2025,11,1,5,161,1.0113
2025,11,2,1,102,-0.6760
2025,11,2,2,96,-0.1640
2025,11,2,3,84,2.4031
2025,11,2,4,95,4.6074
2025,11,2,5,78,4.1186
2025,11,3,1,229,-1.3760
2025,11,3,2,169,0.9099
2025,11,3,3,135,4.4991
2025,11,3,4,93,3.0396
2025,11,3,5,66,1.3863
2025,12,1,1,106,2.6462
2025,12,1,2,52,0.5140
2025,12,1,3,58,2.8630
2025,12,1,4,86,0.7967
2025,12,1,5,163,0.7360
2025,12,2,1,90,0.2927
2025,12,2,2,94,1.7192
2025,12,2,3,88,0.9088
2025,12,2,4,97,1.7050
2025,12,2,5,92,-1.6380
2025,12,3,1,235,-0.9020
2025,12,3,2,166,0.5624
2025,12,3,3,134,-0.8657
2025,12,3,4,90,0.2719
2025,12,3,5,68,1.5310
