year,month,rank_ME,rank_EPq_1,nstocks,ret_vw
1967,1,1,1,72,18.4036
1967,1,1,2,44,23.5808
1967,1,1,3,64,16.8705
1967,1,1,4,97,18.9517
1967,1,1,5,167,21.0417
1967,1,2,1,37,11.2521
1967,1,2,2,27,13.7773
1967,1,2,3,50,15.6853
1967,1,2,4,62,18.4633
1967,1,2,5,69,19.8833
1967,1,3,1,139,6.4329
1967,1,3,2,128,6.0943
1967,1,3,3,98,6.7248
1967,1,3,4,80,13.3966
1967,1,3,5,46,15.1270
1967,2,1,1,113,4.4985
1967,2,1,2,41,6.3195
1967,2,1,3,62,7.7740
1967,2,1,4,75,2.3958
1967,2,1,5,146,4.1954
1967,2,2,1,47,1.8041
1967,2,2,2,38,3.6797
1967,2,2,3,48,1.1270
1967,2,2,4,55,1.1420
1967,2,2,5,72,2.2678
1967,2,3,1,117,2.9906
1967,2,3,2,129,0.5490
1967,2,3,3,109,-0.9410
1967,2,3,4,88,-1.0252
1967,2,3,5,43,-0.6819
1967,3,1,1,121,8.2851
1967,3,1,2,52,7.0796
1967,3,1,3,61,8.8299
1967,3,1,4,77,7.4089
1967,3,1,5,152,5.9257
1967,3,2,1,53,5.5115
1967,3,2,2,33,5.1725
1967,3,2,3,43,6.1037
1967,3,2,4,62,7.1162
1967,3,2,5,70,6.9882
1967,3,3,1,118,4.9272
1967,3,3,2,128,3.3466
1967,3,3,3,114,3.9744
1967,3,3,4,78,5.3568
1967,3,3,5,50,7.1317
1967,4,1,1,115,4.5509
1967,4,1,2,55,5.4387
1967,4,1,3,56,4.9923
1967,4,1,4,81,3.9981
1967,4,1,5,168,5.0943
1967,4,2,1,57,2.4775
1967,4,2,2,41,5.6552
1967,4,2,3,42,3.5524
1967,4,2,4,57,5.7220
1967,4,2,5,67,4.2852
1967,4,3,1,116,7.0542
1967,4,3,2,131,3.5844
1967,4,3,3,111,2.0470
1967,4,3,4,86,3.5939
1967,4,3,5,48,3.0543
1967,5,1,1,101,2.4629
1967,5,1,2,49,-0.6195
1967,5,1,3,62,2.0934
1967,5,1,4,99,-1.3147
1967,5,1,5,178,0.3505
1967,5,2,1,48,-3.3914
1967,5,2,2,48,-3.7360
1967,5,2,3,54,-0.4652
1967,5,2,4,66,-0.8934
1967,5,2,5,58,-2.2960
1967,5,3,1,138,-5.2543
1967,5,3,2,122,-5.4730
1967,5,3,3,112,-2.8865
1967,5,3,4,78,-4.9093
1967,5,3,5,67,-1.0048
1967,6,1,1,97,12.4846
1967,6,1,2,52,13.3420
1967,6,1,3,61,6.9939
1967,6,1,4,88,11.3089
1967,6,1,5,168,8.2511
1967,6,2,1,59,10.7896
1967,6,2,2,47,8.7595
1967,6,2,3,51,5.2170
1967,6,2,4,61,7.9829
1967,6,2,5,60,5.8907
1967,6,3,1,130,2.6411
1967,6,3,2,125,1.9753
1967,6,3,3,114,0.8108
1967,6,3,4,83,0.3423
1967,6,3,5,63,5.3111
1967,7,1,1,105,9.5522
1967,7,1,2,63,9.8840
1967,7,1,3,59,10.2048
1967,7,1,4,82,10.5144
1967,7,1,5,146,9.2312
1967,7,2,1,70,5.9782
1967,7,2,2,47,6.0248
1967,7,2,3,48,8.0776
1967,7,2,4,52,9.7136
1967,7,2,5,59,8.3751
1967,7,3,1,123,4.2090
1967,7,3,2,123,1.6019
1967,7,3,3,108,5.7074
1967,7,3,4,90,7.2961
1967,7,3,5,71,7.3718
1967,8,1,1,117,-1.6156
1967,8,1,2,83,1.2457
1967,8,1,3,57,-0.6381
1967,8,1,4,76,-0.3330
1967,8,1,5,101,1.6392
1967,8,2,1,66,-1.2690
1967,8,2,2,49,-1.1951
1967,8,2,3,44,0.7833
1967,8,2,4,55,1.4404
1967,8,2,5,44,1.5642
1967,8,3,1,103,-1.2141
1967,8,3,2,104,0.3828
1967,8,3,3,106,-1.3052
1967,8,3,4,89,-0.9893
1967,8,3,5,79,-0.0147
1967,9,1,1,122,10.8051
1967,9,1,2,86,9.2660
1967,9,1,3,58,9.8455
1967,9,1,4,66,8.5994
1967,9,1,5,106,4.9838
1967,9,2,1,65,6.0235
1967,9,2,2,54,3.3734
1967,9,2,3,47,6.8377
1967,9,2,4,49,4.3911
1967,9,2,5,49,1.9232
1967,9,3,1,98,4.1244
1967,9,3,2,102,3.6555
1967,9,3,3,104,2.7506
1967,9,3,4,98,3.4041
1967,9,3,5,79,2.2139
1967,10,1,1,119,-0.7384
1967,10,1,2,94,-0.9631
1967,10,1,3,67,-2.3355
1967,10,1,4,54,-2.5216
1967,10,1,5,113,-3.3321
1967,10,2,1,65,-0.4683
1967,10,2,2,51,-4.3556
1967,10,2,3,50,-4.6857
1967,10,2,4,48,-3.8952
1967,10,2,5,49,-5.0554
1967,10,3,1,95,1.3237
1967,10,3,2,104,-4.2450
1967,10,3,3,103,-6.4217
1967,10,3,4,100,-2.3373
1967,10,3,5,77,-4.7085
1967,11,1,1,127,-0.1540
1967,11,1,2,90,1.3783
1967,11,1,3,66,0.1168
1967,11,1,4,68,0.6752
1967,11,1,5,135,0.3752
1967,11,2,1,66,2.7847
1967,11,2,2,61,0.5967
1967,11,2,3,47,0.2001
1967,11,2,4,58,-0.3363
1967,11,2,5,61,1.0141
1967,11,3,1,113,1.6655
1967,11,3,2,105,0.7471
1967,11,3,3,118,0.0766
1967,11,3,4,95,0.2595
1967,11,3,5,83,0.2800
1967,12,1,1,120,9.4862
1967,12,1,2,81,11.1163
1967,12,1,3,73,9.2092
1967,12,1,4,67,10.9104
1967,12,1,5,145,9.6666
1967,12,2,1,72,8.2695
1967,12,2,2,54,5.2279
1967,12,2,3,56,5.9713
1967,12,2,4,51,5.3173
1967,12,2,5,59,8.6228
1967,12,3,1,117,1.1906
1967,12,3,2,112,3.7299
1967,12,3,3,106,1.8948
1967,12,3,4,102,4.4318
1967,12,3,5,80,4.5227
1968,1,1,1,121,2.7362
1968,1,1,2,103,5.1128
1968,1,1,3,58,1.8788
1968,1,1,4,76,1.3753
1968,1,1,5,127,4.9131
1968,1,2,1,80,-4.2773
1968,1,2,2,52,-4.1652
1968,1,2,3,54,0.2410
1968,1,2,4,56,3.0284
1968,1,2,5,54,3.7818
1968,1,3,1,116,-8.3895
1968,1,3,2,112,-5.1181
1968,1,3,3,103,-2.8135
1968,1,3,4,99,-1.2893
1968,1,3,5,85,-2.0634
1968,2,1,1,156,-9.0516
1968,2,1,2,62,-6.2045
1968,2,1,3,65,-6.0773
1968,2,1,4,63,-5.5191
1968,2,1,5,116,-2.9899
1968,2,2,1,77,-7.4147
1968,2,2,2,62,-6.2492
1968,2,2,3,51,-3.7123
1968,2,2,4,55,-5.2402
1968,2,2,5,53,-2.6747
1968,2,3,1,107,-3.1591
1968,2,3,2,109,-3.9703
1968,2,3,3,107,-3.3066
1968,2,3,4,103,-2.1863
1968,2,3,5,76,-3.0177
1968,3,1,1,155,-1.6135
1968,3,1,2,67,-1.8424
1968,3,1,3,63,-1.8427
1968,3,1,4,73,0.4081
1968,3,1,5,127,-0.7740
1968,3,2,1,72,-1.1297
1968,3,2,2,61,0.0588
1968,3,2,3,57,-1.6286
1968,3,2,4,44,-0.8078
1968,3,2,5,63,-1.5760
1968,3,3,1,110,3.0587
1968,3,3,2,111,0.5380
1968,3,3,3,101,-1.1237
1968,3,3,4,107,-0.6956
1968,3,3,5,74,-1.2522
1968,4,1,1,147,17.7807
1968,4,1,2,69,16.3453
1968,4,1,3,66,15.5015
1968,4,1,4,72,16.6854
1968,4,1,5,142,16.4958
1968,4,2,1,75,17.6435
1968,4,2,2,57,13.4215
1968,4,2,3,55,14.1223
1968,4,2,4,45,11.2086
1968,4,2,5,63,14.0358
1968,4,3,1,115,11.0170
1968,4,3,2,111,10.7807
1968,4,3,3,101,7.9415
1968,4,3,4,107,4.0455
1968,4,3,5,69,9.0085
1968,5,1,1,139,14.8864
1968,5,1,2,93,10.0753
1968,5,1,3,62,9.4863
1968,5,1,4,77,10.1011
1968,5,1,5,147,11.2422
1968,5,2,1,75,9.3237
1968,5,2,2,63,7.1378
1968,5,2,3,58,6.2713
1968,5,2,4,52,4.2353
1968,5,2,5,61,6.9927
1968,5,3,1,129,3.9360
1968,5,3,2,97,0.1884
1968,5,3,3,112,0.7171
1968,5,3,4,98,0.0005
1968,5,3,5,81,1.9594
1968,6,1,1,147,-0.8692
1968,6,1,2,91,0.9493
1968,6,1,3,65,3.2996
1968,6,1,4,78,3.2407
1968,6,1,5,132,1.6963
1968,6,2,1,85,-0.7387
1968,6,2,2,67,-1.3466
1968,6,2,3,46,1.6235
1968,6,2,4,59,3.4025
1968,6,2,5,53,2.0592
1968,6,3,1,125,-1.3454
1968,6,3,2,93,1.1287
1968,6,3,3,117,2.1865
1968,6,3,4,92,2.9524
1968,6,3,5,84,1.8023
1968,7,1,1,155,-3.9730
1968,7,1,2,85,-3.5588
1968,7,1,3,68,-1.9941
1968,7,1,4,73,-5.2918
1968,7,1,5,128,-1.8261
1968,7,2,1,84,-5.2628
1968,7,2,2,62,-5.0962
1968,7,2,3,53,-3.9867
1968,7,2,4,55,-2.2735
1968,7,2,5,60,-1.8776
1968,7,3,1,118,-5.1294
1968,7,3,2,100,-3.7459
1968,7,3,3,110,-2.2312
1968,7,3,4,99,2.6697
1968,7,3,5,81,-1.0319
1968,8,1,1,162,4.5276
1968,8,1,2,88,4.4531
1968,8,1,3,95,3.7821
1968,8,1,4,57,5.4923
1968,8,1,5,100,5.5043
1968,8,2,1,80,2.2833
1968,8,2,2,58,3.3641
1968,8,2,3,49,4.1282
1968,8,2,4,52,4.7263
1968,8,2,5,53,1.8472
1968,8,3,1,112,1.5587
1968,8,3,2,98,1.9129
1968,8,3,3,99,1.3784
1968,8,3,4,107,1.1159
1968,8,3,5,84,1.1915
1968,9,1,1,165,7.6221
1968,9,1,2,98,7.1229
1968,9,1,3,98,4.9219
1968,9,1,4,61,5.3319
1968,9,1,5,86,6.6238
1968,9,2,1,84,7.7861
1968,9,2,2,64,7.1674
1968,9,2,3,57,8.2904
1968,9,2,4,51,5.5498
1968,9,2,5,47,5.2086
1968,9,3,1,111,2.7375
1968,9,3,2,93,4.2332
1968,9,3,3,96,3.9712
1968,9,3,4,105,3.8215
1968,9,3,5,94,5.8896
1968,10,1,1,166,-3.0668
1968,10,1,2,102,-0.7533
1968,10,1,3,85,-0.4338
1968,10,1,4,72,4.0329
1968,10,1,5,85,1.0675
1968,10,2,1,87,-0.4264
1968,10,2,2,64,0.4187
1968,10,2,3,55,3.0466
1968,10,2,4,48,3.4969
1968,10,2,5,49,2.9269
1968,10,3,1,112,-2.8819
1968,10,3,2,90,0.9982
1968,10,3,3,104,0.8486
1968,10,3,4,101,2.7745
1968,10,3,5,95,2.9110
1968,11,1,1,186,7.3460
1968,11,1,2,114,7.1214
1968,11,1,3,90,5.9569
1968,11,1,4,65,8.4346
1968,11,1,5,116,7.3933
1968,11,2,1,104,8.4576
1968,11,2,2,63,7.2092
1968,11,2,3,45,9.2693
1968,11,2,4,49,8.5437
1968,11,2,5,68,7.9747
1968,11,3,1,109,6.6293
1968,11,3,2,104,5.4221
1968,11,3,3,106,6.7752
1968,11,3,4,119,6.0978
1968,11,3,5,88,1.8260
1968,12,1,1,181,2.7997
1968,12,1,2,109,0.4153
1968,12,1,3,84,2.0637
1968,12,1,4,71,0.6903
1968,12,1,5,121,1.2535
1968,12,2,1,105,-1.1122
1968,12,2,2,62,-0.8042
1968,12,2,3,57,-2.1396
1968,12,2,4,44,-1.7455
1968,12,2,5,71,0.2001
1968,12,3,1,116,-5.3459
1968,12,3,2,100,-4.3092
1968,12,3,3,106,-3.1767
1968,12,3,4,119,-4.0542
1968,12,3,5,86,-1.8629
1969,1,1,1,192,-2.0572
1969,1,1,2,114,-2.7353
1969,1,1,3,72,-1.9454
1969,1,1,4,67,-0.9222
1969,1,1,5,118,1.2048
1969,1,2,1,98,-3.0446
1969,1,2,2,59,-2.8841
1969,1,2,3,62,-0.4657
1969,1,2,4,42,0.5037
1969,1,2,5,73,1.0666
1969,1,3,1,115,-2.7648
1969,1,3,2,103,-0.8139
1969,1,3,3,105,-0.8365
1969,1,3,4,119,-0.0724
1969,1,3,5,88,0.3536
1969,2,1,1,202,-11.9124
1969,2,1,2,94,-8.8356
1969,2,1,3,63,-8.0260
1969,2,1,4,73,-6.3953
1969,2,1,5,109,-6.1531
1969,2,2,1,102,-10.1874
1969,2,2,2,71,-7.8717
1969,2,2,3,56,-8.7296
1969,2,2,4,51,-6.2395
1969,2,2,5,60,-7.0817
1969,2,3,1,102,-3.4148
1969,2,3,2,102,-4.9748
1969,2,3,3,115,-5.7704
1969,2,3,4,107,-3.8183
1969,2,3,5,93,-6.1431
1969,3,1,1,202,3.1020
1969,3,1,2,95,1.9869
1969,3,1,3,69,2.9451
1969,3,1,4,81,2.2442
1969,3,1,5,121,2.4960
1969,3,2,1,90,3.6693
1969,3,2,2,71,0.9060
1969,3,2,3,56,3.4747
1969,3,2,4,53,2.7275
1969,3,2,5,65,2.8838
1969,3,3,1,104,4.6673
1969,3,3,2,104,3.8697
1969,3,3,3,116,2.0750
1969,3,3,4,103,3.1924
1969,3,3,5,89,2.5191
1969,4,1,1,193,-0.5031
1969,4,1,2,94,0.7434
1969,4,1,3,73,-2.8497
1969,4,1,4,87,-1.7371
1969,4,1,5,126,-1.8804
1969,4,2,1,96,2.3482
1969,4,2,2,70,-0.8395
1969,4,2,3,55,1.7199
1969,4,2,4,56,-0.7186
1969,4,2,5,65,1.8119
1969,4,3,1,105,3.7764
1969,4,3,2,110,2.0069
1969,4,3,3,109,1.3237
1969,4,3,4,108,2.2093
1969,4,3,5,86,0.2441
1969,5,1,1,197,1.0680
1969,5,1,2,87,2.1688
1969,5,1,3,76,-0.0580
1969,5,1,4,84,-0.8374
1969,5,1,5,154,2.0358
1969,5,2,1,99,-0.5799
1969,5,2,2,73,-1.2649
1969,5,2,3,60,0.1594
1969,5,2,4,59,0.4565
1969,5,2,5,67,-2.1143
1969,5,3,1,117,0.0411
1969,5,3,2,112,-0.5341
1969,5,3,3,118,1.2200
1969,5,3,4,106,1.0720
1969,5,3,5,83,0.7691
1969,6,1,1,197,-14.5848
1969,6,1,2,86,-12.9208
1969,6,1,3,71,-12.3846
1969,6,1,4,83,-9.8766
1969,6,1,5,145,-12.4536
1969,6,2,1,105,-11.5493
1969,6,2,2,68,-11.7918
1969,6,2,3,62,-9.4937
1969,6,2,4,54,-9.2288
1969,6,2,5,61,-11.3676
1969,6,3,1,112,-1.7919
1969,6,3,2,120,-6.6561
1969,6,3,3,116,-7.0416
1969,6,3,4,109,-8.2382
1969,6,3,5,84,-6.0513
1969,7,1,1,186,-13.4804
1969,7,1,2,101,-10.8845
1969,7,1,3,65,-11.1526
1969,7,1,4,90,-7.9281
1969,7,1,5,149,-10.5179
1969,7,2,1,99,-10.7399
1969,7,2,2,62,-7.8882
1969,7,2,3,58,-8.0346
1969,7,2,4,60,-6.6770
1969,7,2,5,67,-8.5362
1969,7,3,1,116,-3.8742
1969,7,3,2,126,-5.4678
1969,7,3,3,120,-6.6880
1969,7,3,4,105,-7.3122
1969,7,3,5,77,-7.1882
1969,8,1,1,153,5.7394
1969,8,1,2,134,5.1907
1969,8,1,3,87,4.1344
1969,8,1,4,88,3.3251
1969,8,1,5,121,4.7023
1969,8,2,1,97,8.7959
1969,8,2,2,60,7.6499
1969,8,2,3,62,4.8286
1969,8,2,4,53,3.2662
1969,8,2,5,63,4.7285
1969,8,3,1,115,6.7764
1969,8,3,2,121,5.3008
1969,8,3,3,100,3.3380
1969,8,3,4,108,3.7935
1969,8,3,5,87,1.8814
1969,9,1,1,152,-2.5892
1969,9,1,2,121,-4.5222
1969,9,1,3,105,-3.7259
1969,9,1,4,95,-1.9640
1969,9,1,5,115,-4.1682
1969,9,2,1,95,-0.0750
1969,9,2,2,66,0.8395
1969,9,2,3,66,-0.4018
1969,9,2,4,61,-2.6366
1969,9,2,5,64,-0.1614
1969,9,3,1,124,-0.2141
1969,9,3,2,114,-2.4160
1969,9,3,3,104,-3.5949
1969,9,3,4,101,-4.9115
1969,9,3,5,89,-3.1402
1969,10,1,1,134,11.9897
1969,10,1,2,126,11.2142
1969,10,1,3,116,9.3170
1969,10,1,4,99,8.9044
1969,10,1,5,113,10.0668
1969,10,2,1,89,8.7890
1969,10,2,2,80,6.3624
1969,10,2,3,65,6.2469
1969,10,2,4,64,8.3071
1969,10,2,5,58,6.6324
1969,10,3,1,130,5.9429
1969,10,3,2,114,6.3405
1969,10,3,3,105,4.4549
1969,10,3,4,96,2.3304
1969,10,3,5,90,7.5467
1969,11,1,1,178,-6.7194
1969,11,1,2,132,-7.9089
1969,11,1,3,91,-7.2140
1969,11,1,4,97,-6.7768
1969,11,1,5,140,-5.9727
1969,11,2,1,91,-4.1738
1969,11,2,2,89,-5.2256
1969,11,2,3,67,-4.0956
1969,11,2,4,63,-4.1526
1969,11,2,5,63,-5.2001
1969,11,3,1,143,-1.4258
1969,11,3,2,105,-2.6672
1969,11,3,3,115,-2.9230
1969,11,3,4,110,-4.3229
1969,11,3,5,86,-4.0936
1969,12,1,1,162,-8.9406
1969,12,1,2,128,-6.4294
1969,12,1,3,97,-8.2838
1969,12,1,4,100,-7.2664
1969,12,1,5,154,-7.6120
1969,12,2,1,87,-4.8711
1969,12,2,2,82,-5.0812
1969,12,2,3,77,-4.0784
1969,12,2,4,52,-6.3523
1969,12,2,5,69,-6.2748
1969,12,3,1,146,1.4110
1969,12,3,2,111,-2.9533
1969,12,3,3,109,-3.3999
1969,12,3,4,113,-2.3226
1969,12,3,5,81,-3.2557
1970,1,1,1,144,-4.1465
1970,1,1,2,127,-3.9476
1970,1,1,3,93,-1.9814
1970,1,1,4,108,-2.6691
1970,1,1,5,168,-1.1797
1970,1,2,1,90,-6.7458
1970,1,2,2,79,-7.3355
1970,1,2,3,81,-5.1435
1970,1,2,4,61,-5.2662
1970,1,2,5,63,-3.8997
1970,1,3,1,146,-7.2628
1970,1,3,2,112,-8.5664
1970,1,3,3,104,-6.4226
1970,1,3,4,116,-9.2588
1970,1,3,5,79,-8.4801
1970,2,1,1,163,2.6979
1970,2,1,2,133,3.4082
1970,2,1,3,72,2.9739
1970,2,1,4,93,3.8021
1970,2,1,5,156,2.0321
1970,2,2,1,89,3.0322
1970,2,2,2,76,2.4859
1970,2,2,3,61,4.8144
1970,2,2,4,76,5.8236
1970,2,2,5,62,4.6524
1970,2,3,1,143,3.6554
1970,2,3,2,104,6.2942
1970,2,3,3,114,7.8358
1970,2,3,4,102,5.8498
1970,2,3,5,91,7.2661
1970,3,1,1,156,-6.9526
1970,3,1,2,114,-4.4790
1970,3,1,3,86,-4.3341
1970,3,1,4,88,-1.0893
1970,3,1,5,176,-0.9928
1970,3,2,1,86,-1.5035
1970,3,2,2,79,-3.5395
1970,3,2,3,69,-2.2195
1970,3,2,4,68,-0.7220
1970,3,2,5,72,0.1915
1970,3,3,1,149,-2.3771
1970,3,3,2,108,0.8835
1970,3,3,3,109,1.3009
1970,3,3,4,101,1.4163
1970,3,3,5,86,0.3980
1970,4,1,1,151,-22.3137
1970,4,1,2,103,-20.4643
1970,4,1,3,79,-15.4061
1970,4,1,4,104,-15.3541
1970,4,1,5,188,-15.1571
1970,4,2,1,88,-21.0759
1970,4,2,2,81,-15.5068
1970,4,2,3,68,-14.1484
1970,4,2,4,71,-11.6023
1970,4,2,5,63,-13.2408
1970,4,3,1,149,-10.2689
1970,4,3,2,106,-10.1194
1970,4,3,3,109,-8.1331
1970,4,3,4,98,-8.5037
1970,4,3,5,91,-9.9601
1970,5,1,1,136,-9.6584
1970,5,1,2,84,-8.3856
1970,5,1,3,84,-11.6375
1970,5,1,4,109,-10.1704
1970,5,1,5,222,-8.8004
1970,5,2,1,86,-12.6197
1970,5,2,2,74,-10.1991
1970,5,2,3,68,-8.7933
1970,5,2,4,68,-9.1321
1970,5,2,5,77,-9.9386
1970,5,3,1,145,-8.2866
1970,5,3,2,123,-6.6896
1970,5,3,3,112,-3.9127
1970,5,3,4,111,-2.1472
1970,5,3,5,76,-6.2035
1970,6,1,1,149,-10.8520
1970,6,1,2,82,-8.4080
1970,6,1,3,67,-9.3656
1970,6,1,4,115,-8.6201
1970,6,1,5,218,-7.9204
1970,6,2,1,90,-7.2771
1970,6,2,2,69,-8.5364
1970,6,2,3,68,-6.6371
1970,6,2,4,64,-8.0073
1970,6,2,5,81,-6.7756
1970,6,3,1,136,-5.5003
1970,6,3,2,133,-4.4787
1970,6,3,3,112,-5.0176
1970,6,3,4,114,-3.2763
1970,6,3,5,70,-5.8547
1970,7,1,1,136,4.6786
1970,7,1,2,94,7.4339
1970,7,1,3,62,3.9203
1970,7,1,4,124,4.7342
1970,7,1,5,207,7.2752
1970,7,2,1,83,6.9734
1970,7,2,2,69,9.5527
1970,7,2,3,65,6.0526
1970,7,2,4,64,9.4016
1970,7,2,5,81,7.2032
1970,7,3,1,143,4.1544
1970,7,3,2,126,8.2801
1970,7,3,3,120,9.9600
1970,7,3,4,110,9.5328
1970,7,3,5,67,9.6028
1970,8,1,1,146,5.6341
1970,8,1,2,100,5.8334
1970,8,1,3,109,7.5711
1970,8,1,4,95,5.6643
1970,8,1,5,179,6.3482
1970,8,2,1,83,7.0342
1970,8,2,2,68,4.9757
1970,8,2,3,70,9.4233
1970,8,2,4,63,6.1682
1970,8,2,5,79,7.7268
1970,8,3,1,122,4.7583
1970,8,3,2,129,4.3939
1970,8,3,3,103,4.3972
1970,8,3,4,111,6.4893
1970,8,3,5,80,4.3284
1970,9,1,1,141,14.2578
1970,9,1,2,108,16.8870
1970,9,1,3,102,13.8752
1970,9,1,4,109,13.3633
1970,9,1,5,169,14.8917
1970,9,2,1,76,14.6982
1970,9,2,2,75,13.3486
1970,9,2,3,76,8.7770
1970,9,2,4,59,11.2012
1970,9,2,5,76,9.6552
1970,9,3,1,123,6.7907
1970,9,3,2,130,2.1705
1970,9,3,3,94,0.9910
1970,9,3,4,115,2.6187
1970,9,3,5,86,5.5568
1970,10,1,1,153,-9.6921
1970,10,1,2,118,-6.9726
1970,10,1,3,100,-7.7849
1970,10,1,4,105,-4.5232
1970,10,1,5,158,-5.8944
1970,10,2,1,79,-4.2853
1970,10,2,2,72,-5.7176
1970,10,2,3,75,-5.0836
1970,10,2,4,56,-4.6599
1970,10,2,5,73,-2.7729
1970,10,3,1,127,-0.5353
1970,10,3,2,125,-1.4883
1970,10,3,3,104,-1.2453
1970,10,3,4,111,-0.1727
1970,10,3,5,91,-3.0228
1970,11,1,1,139,-3.6557
1970,11,1,2,113,-3.6533
1970,11,1,3,96,-0.5993
1970,11,1,4,112,1.7187
1970,11,1,5,183,0.3941
1970,11,2,1,82,1.9511
1970,11,2,2,74,3.0871
1970,11,2,3,68,2.4886
1970,11,2,4,67,3.2609
1970,11,2,5,80,2.7048
1970,11,3,1,142,5.2215
1970,11,3,2,136,4.6284
1970,11,3,3,115,5.3609
1970,11,3,4,105,6.4123
1970,11,3,5,78,5.7258
1970,12,1,1,133,6.0786
1970,12,1,2,94,8.1352
1970,12,1,3,97,8.9964
1970,12,1,4,121,10.9432
1970,12,1,5,199,14.0951
1970,12,2,1,70,6.6968
1970,12,2,2,79,9.7719
1970,12,2,3,65,7.2479
1970,12,2,4,77,10.8885
1970,12,2,5,83,10.1593
1970,12,3,1,150,4.0222
1970,12,3,2,130,5.0096
1970,12,3,3,125,6.4083
1970,12,3,4,96,8.4221
1970,12,3,5,74,8.5538
1971,1,1,1,129,14.5214
1971,1,1,2,110,14.1268
1971,1,1,3,83,12.0263
1971,1,1,4,120,14.3652
1971,1,1,5,201,17.1135
1971,1,2,1,72,8.3938
1971,1,2,2,82,9.5384
1971,1,2,3,57,8.2018
1971,1,2,4,78,10.1159
1971,1,2,5,81,11.2929
1971,1,3,1,146,4.4026
1971,1,3,2,122,4.2296
1971,1,3,3,129,3.9606
1971,1,3,4,107,4.1982
1971,1,3,5,71,5.9510
1971,2,1,1,157,5.6981
1971,2,1,2,109,7.5258
1971,2,1,3,90,9.1267
1971,2,1,4,103,6.4478
1971,2,1,5,174,7.6812
1971,2,2,1,74,4.5789
1971,2,2,2,75,3.4010
1971,2,2,3,67,2.6014
1971,2,2,4,67,3.5458
1971,2,2,5,78,2.5497
1971,2,3,1,126,2.0972
1971,2,3,2,126,2.1806
1971,2,3,3,122,0.9870
1971,2,3,4,107,0.4313
1971,2,3,5,89,2.6609
1971,3,1,1,155,4.6656
1971,3,1,2,121,6.3021
1971,3,1,3,81,5.2460
1971,3,1,4,96,7.6024
1971,3,1,5,170,7.5615
1971,3,2,1,72,7.0880
1971,3,2,2,76,7.2515
1971,3,2,3,81,6.4589
1971,3,2,4,68,4.9797
1971,3,2,5,75,5.5682
1971,3,3,1,129,6.3359
1971,3,3,2,123,3.4020
1971,3,3,3,120,2.3874
1971,3,3,4,110,2.6172
1971,3,3,5,92,5.2881
1971,4,1,1,151,2.1255
1971,4,1,2,109,3.0704
1971,4,1,3,89,2.0208
1971,4,1,4,103,1.3749
1971,4,1,5,171,1.3559
1971,4,2,1,74,2.6744
1971,4,2,2,80,3.7929
1971,4,2,3,73,3.0561
1971,4,2,4,66,2.9224
1971,4,2,5,78,3.8153
1971,4,3,1,129,3.4078
1971,4,3,2,123,5.6160
1971,4,3,3,121,3.6412
1971,4,3,4,111,2.1416
1971,4,3,5,89,1.7601
1971,5,1,1,143,-7.7990
1971,5,1,2,87,-5.3839
1971,5,1,3,106,-5.7928
1971,5,1,4,94,-3.4381
1971,5,1,5,169,-6.7197
1971,5,2,1,78,-4.3130
1971,5,2,2,87,-3.2677
1971,5,2,3,66,-3.9057
1971,5,2,4,69,-4.2795
1971,5,2,5,77,-4.3079
1971,5,3,1,128,-2.4572
1971,5,3,2,127,-2.6986
1971,5,3,3,115,-2.5881
1971,5,3,4,106,-4.4301
1971,5,3,5,89,-4.8002
1971,6,1,1,140,-1.8621
1971,6,1,2,91,-2.3589
1971,6,1,3,98,-2.3579
1971,6,1,4,87,-1.2376
1971,6,1,5,171,-2.1701
1971,6,2,1,77,-1.3073
1971,6,2,2,75,-0.9412
1971,6,2,3,72,-0.0398
1971,6,2,4,71,-0.2209
1971,6,2,5,77,-2.3757
1971,6,3,1,133,1.6325
1971,6,3,2,131,-0.4680
1971,6,3,3,110,1.3061
1971,6,3,4,106,1.8410
1971,6,3,5,87,0.2687
1971,7,1,1,147,-7.6748
1971,7,1,2,89,-8.6560
1971,7,1,3,104,-6.2824
1971,7,1,4,85,-5.5348
1971,7,1,5,171,-3.5848
1971,7,2,1,71,-6.2988
1971,7,2,2,82,-5.4204
1971,7,2,3,61,-3.5342
1971,7,2,4,69,-3.4017
1971,7,2,5,91,-3.5169
1971,7,3,1,126,-5.6830
1971,7,3,2,135,-2.3662
1971,7,3,3,116,-5.1444
1971,7,3,4,107,-4.3126
1971,7,3,5,78,-1.8027
1971,8,1,1,156,1.1988
1971,8,1,2,101,5.1308
1971,8,1,3,127,5.3208
1971,8,1,4,109,5.9742
1971,8,1,5,142,3.9747
1971,8,2,1,72,4.4170
1971,8,2,2,70,5.8661
1971,8,2,3,78,6.6673
1971,8,2,4,54,3.9033
1971,8,2,5,81,2.0507
1971,8,3,1,124,4.8724
1971,8,3,2,132,6.2829
1971,8,3,3,113,5.3998
1971,8,3,4,114,0.4273
1971,8,3,5,94,3.1717
1971,9,1,1,151,-0.3536
1971,9,1,2,102,-1.3834
1971,9,1,3,135,0.9230
1971,9,1,4,117,0.9831
1971,9,1,5,141,1.3105
1971,9,2,1,69,-1.7422
1971,9,2,2,69,1.2573
1971,9,2,3,78,0.7970
1971,9,2,4,53,-0.2609
1971,9,2,5,83,-1.4763
1971,9,3,1,128,0.4946
1971,9,3,2,127,-0.1606
1971,9,3,3,109,-1.8429
1971,9,3,4,114,-1.8943
1971,9,3,5,98,-0.6707
1971,10,1,1,141,-7.4902
1971,10,1,2,104,-6.3272
1971,10,1,3,131,-5.7199
1971,10,1,4,121,-6.7446
1971,10,1,5,142,-5.6895
1971,10,2,1,73,-7.6847
1971,10,2,2,73,-6.6262
1971,10,2,3,76,-6.2099
1971,10,2,4,56,-5.3821
1971,10,2,5,84,-4.0788
1971,10,3,1,133,-3.3187
1971,10,3,2,127,-4.6000
1971,10,3,3,112,-5.6595
1971,10,3,4,117,-4.6630
1971,10,3,5,93,-3.0645
1971,11,1,1,120,-3.6137
1971,11,1,2,129,-4.1361
1971,11,1,3,103,-4.9710
1971,11,1,4,129,-4.3643
1971,11,1,5,213,-4.4056
1971,11,2,1,73,-0.8004
1971,11,2,2,75,-1.8488
1971,11,2,3,82,-2.7501
1971,11,2,4,69,-2.4574
1971,11,2,5,84,-2.4374
1971,11,3,1,142,1.3190
1971,11,3,2,133,-0.7058
1971,11,3,3,115,-0.5267
1971,11,3,4,123,-0.2235
1971,11,3,5,89,-0.5840
1971,12,1,1,117,13.5548
1971,12,1,2,109,14.4321
1971,12,1,3,116,15.4781
1971,12,1,4,113,12.6786
1971,12,1,5,236,13.0536
1971,12,2,1,69,11.4014
1971,12,2,2,78,14.8805
1971,12,2,3,84,13.9584
1971,12,2,4,73,10.0133
1971,12,2,5,90,13.6624
1971,12,3,1,141,9.6170
1971,12,3,2,134,8.8798
1971,12,3,3,122,9.0672
1971,12,3,4,120,7.3699
1971,12,3,5,85,10.1349
1972,1,1,1,78,16.3555
1972,1,1,2,50,11.6937
1972,1,1,3,62,17.5120
1972,1,1,4,91,11.4305
1972,1,1,5,149,12.0367
1972,1,2,1,42,11.1330
1972,1,2,2,43,7.3755
1972,1,2,3,68,8.3042
1972,1,2,4,63,6.4532
1972,1,2,5,69,6.3688
1972,1,3,1,110,4.2277
1972,1,3,2,119,0.7483
1972,1,3,3,97,1.5737
1972,1,3,4,87,1.3293
1972,1,3,5,65,2.5735
1972,2,1,1,95,3.9497
1972,2,1,2,54,6.7121
1972,2,1,3,75,5.5124
1972,2,1,4,73,6.4037
1972,2,1,5,152,4.0304
1972,2,2,1,42,1.0437
1972,2,2,2,58,2.9165
1972,2,2,3,61,4.0786
1972,2,2,4,64,3.6053
1972,2,2,5,67,3.4562
1972,2,3,1,116,5.3376
1972,2,3,2,113,4.0220
1972,2,3,3,100,2.8709
1972,2,3,4,91,1.7218
1972,2,3,5,68,2.3915
1972,3,1,1,106,-2.3348
1972,3,1,2,64,-2.5560
1972,3,1,3,67,3.6060
1972,3,1,4,77,0.2665
1972,3,1,5,154,-1.0069
1972,3,2,1,48,0.8426
1972,3,2,2,66,2.6194
1972,3,2,3,55,0.4317
1972,3,2,4,67,-1.3911
1972,3,2,5,62,-0.8550
1972,3,3,1,118,2.4705
1972,3,3,2,109,1.7989
1972,3,3,3,117,0.0424
1972,3,3,4,93,-2.2982
1972,3,3,5,59,-0.9855
1972,4,1,1,102,0.9209
1972,4,1,2,68,-0.2680
1972,4,1,3,77,1.5829
1972,4,1,4,71,0.6981
1972,4,1,5,159,-0.4250
1972,4,2,1,46,0.1580
1972,4,2,2,66,0.6517
1972,4,2,3,57,3.4042
1972,4,2,4,68,0.9544
1972,4,2,5,61,1.0047
1972,4,3,1,117,1.5035
1972,4,3,2,114,1.6561
1972,4,3,3,117,1.3285
1972,4,3,4,90,-0.9692
1972,4,3,5,61,-0.9741
1972,5,1,1,92,-1.9660
1972,5,1,2,79,-0.8648
1972,5,1,3,99,-1.9969
1972,5,1,4,68,-2.9421
1972,5,1,5,158,-2.7459
1972,5,2,1,52,-1.9487
1972,5,2,2,60,-0.2167
1972,5,2,3,65,-2.5814
1972,5,2,4,72,-3.9896
1972,5,2,5,63,-3.4363
1972,5,3,1,114,4.9848
1972,5,3,2,118,2.3180
1972,5,3,3,110,0.7745
1972,5,3,4,93,-0.7164
1972,5,3,5,66,1.5513
1972,6,1,1,86,-5.8767
1972,6,1,2,71,-1.2810
1972,6,1,3,122,-4.3117
1972,6,1,4,86,-4.0551
1972,6,1,5,159,-3.2497
1972,6,2,1,52,-2.8831
1972,6,2,2,61,-4.9881
1972,6,2,3,69,-2.4859
1972,6,2,4,68,-4.2124
1972,6,2,5,73,-4.3433
1972,6,3,1,122,-0.2659
1972,6,3,2,126,-2.0846
1972,6,3,3,98,-2.7800
1972,6,3,4,94,-3.3025
1972,6,3,5,69,-2.6102
1972,7,1,1,81,-4.4750
1972,7,1,2,76,-2.2773
1972,7,1,3,111,-3.3089
1972,7,1,4,101,-2.6559
1972,7,1,5,153,-2.4366
1972,7,2,1,52,-5.7833
1972,7,2,2,68,-3.5641
1972,7,2,3,66,-4.6612
1972,7,2,4,67,-2.0170
1972,7,2,5,77,-1.7591
1972,7,3,1,125,1.6700
1972,7,3,2,126,-0.1714
1972,7,3,3,102,-1.5342
1972,7,3,4,91,-1.2456
1972,7,3,5,68,-1.1711
1972,8,1,1,83,0.1536
1972,8,1,2,97,-1.2155
1972,8,1,3,104,-0.0888
1972,8,1,4,105,0.0440
1972,8,1,5,163,2.4655
1972,8,2,1,48,-0.2415
1972,8,2,2,74,1.3006
1972,8,2,3,62,1.3432
1972,8,2,4,67,2.4172
1972,8,2,5,87,3.4188
1972,8,3,1,138,-0.0217
1972,8,3,2,118,3.1659
1972,8,3,3,108,7.3216
1972,8,3,4,99,7.6049
1972,8,3,5,67,7.2308
1972,9,1,1,74,-5.5535
1972,9,1,2,90,-5.3663
1972,9,1,3,110,-4.8016
1972,9,1,4,118,-4.3450
1972,9,1,5,182,-3.3731
1972,9,2,1,46,-3.1086
1972,9,2,2,72,-1.8325
1972,9,2,3,64,-3.0184
1972,9,2,4,72,-1.9780
1972,9,2,5,85,-2.5448
1972,9,3,1,143,0.2494
1972,9,3,2,121,-2.5272
1972,9,3,3,109,-0.9915
1972,9,3,4,95,0.2687
1972,9,3,5,59,-1.6531
1972,10,1,1,79,-6.7960
1972,10,1,2,95,-4.7855
1972,10,1,3,111,-2.3437
1972,10,1,4,113,-1.5972
1972,10,1,5,195,-0.5717
1972,10,2,1,47,-3.7910
1972,10,2,2,65,-3.0465
1972,10,2,3,73,-2.7655
1972,10,2,4,74,1.1334
1972,10,2,5,85,-0.3833
1972,10,3,1,143,0.7986
1972,10,3,2,124,0.3146
1972,10,3,3,108,1.7205
1972,10,3,4,95,1.4476
1972,10,3,5,56,-1.8277
1972,11,1,1,78,5.3523
1972,11,1,2,97,2.8844
1972,11,1,3,88,3.6785
1972,11,1,4,119,4.6933
1972,11,1,5,216,7.9371
1972,11,2,1,54,3.7186
1972,11,2,2,64,3.7662
1972,11,2,3,64,5.1847
1972,11,2,4,84,7.4778
1972,11,2,5,79,8.1701
1972,11,3,1,141,1.6655
1972,11,3,2,128,4.8660
1972,11,3,3,119,8.0345
1972,11,3,4,97,8.9089
1972,11,3,5,51,9.5459
1972,12,1,1,78,-5.5079
1972,12,1,2,81,-3.3041
1972,12,1,3,89,-2.9172
1972,12,1,4,122,-0.8863
1972,12,1,5,229,-1.1072
1972,12,2,1,59,1.1019
1972,12,2,2,64,-0.1817
1972,12,2,3,57,-2.7154
1972,12,2,4,100,-1.0446
1972,12,2,5,73,-3.6037
1972,12,3,1,140,3.4468
1972,12,3,2,130,1.4939
1972,12,3,3,125,-0.2143
1972,12,3,4,82,0.0617
1972,12,3,5,57,-2.8963
1973,1,1,1,72,-0.8102
1973,1,1,2,82,-6.3278
1973,1,1,3,98,-5.3243
1973,1,1,4,138,-4.9162
1973,1,1,5,217,-4.6126
1973,1,2,1,51,-7.3076
1973,1,2,2,57,-8.8146
1973,1,2,3,70,-3.8968
1973,1,2,4,99,-6.5081
1973,1,2,5,78,-6.1307
1973,1,3,1,143,-0.6300
1973,1,3,2,138,-4.7675
1973,1,3,3,117,-2.1271
1973,1,3,4,85,0.4253
1973,1,3,5,54,-6.4033
1973,2,1,1,72,-8.5423
1973,2,1,2,84,-8.6096
1973,2,1,3,114,-9.5165
1973,2,1,4,139,-8.4757
1973,2,1,5,219,-8.4227
1973,2,2,1,48,-12.2527
1973,2,2,2,64,-10.1492
1973,2,2,3,75,-7.7841
1973,2,2,4,95,-7.7881
1973,2,2,5,83,-6.9688
1973,2,3,1,150,-2.0170
1973,2,3,2,144,-5.5584
1973,2,3,3,110,-6.4488
1973,2,3,4,84,-4.6961
1973,2,3,5,53,-4.9498
1973,3,1,1,84,-1.4948
1973,3,1,2,96,-4.6898
1973,3,1,3,121,-3.2912
1973,3,1,4,149,-1.8845
1973,3,1,5,240,-1.2120
1973,3,2,1,50,-1.5302
1973,3,2,2,66,-5.2151
1973,3,2,3,84,-4.5240
1973,3,2,4,88,-3.0080
1973,3,2,5,93,-2.6055
1973,3,3,1,171,-0.6566
1973,3,3,2,144,-0.1768
1973,3,3,3,115,1.5475
1973,3,3,4,83,-1.9269
1973,3,3,5,43,-1.9042
1973,4,1,1,98,-7.5671
1973,4,1,2,111,-8.8110
1973,4,1,3,134,-9.7249
1973,4,1,4,123,-6.5374
1973,4,1,5,274,-6.5770
1973,4,2,1,49,-10.5931
1973,4,2,2,67,-11.4858
1973,4,2,3,87,-7.8085
1973,4,2,4,84,-6.2211
1973,4,2,5,99,-6.5982
1973,4,3,1,185,-5.8491
1973,4,3,2,140,-5.6052
1973,4,3,3,107,-0.7174
1973,4,3,4,91,-3.1290
1973,4,3,5,49,-8.1276
1973,5,1,1,92,-13.6310
1973,5,1,2,118,-11.1925
1973,5,1,3,142,-9.7855
1973,5,1,4,132,-9.4005
1973,5,1,5,299,-9.0828
1973,5,2,1,49,-6.5836
1973,5,2,2,83,-9.8418
1973,5,2,3,68,-9.9795
1973,5,2,4,93,-10.0982
1973,5,2,5,96,-8.7841
1973,5,3,1,187,-0.4483
1973,5,3,2,125,-1.0702
1973,5,3,3,117,-2.4059
1973,5,3,4,88,-5.6054
1973,5,3,5,51,-4.0767
1973,6,1,1,97,-4.8261
1973,6,1,2,114,-2.8269
1973,6,1,3,144,-4.7850
1973,6,1,4,169,-3.1996
1973,6,1,5,305,-3.8048
1973,6,2,1,41,-4.3560
1973,6,2,2,79,-4.6297
1973,6,2,3,62,-5.3284
1973,6,2,4,87,-3.3317
1973,6,2,5,102,-3.9129
1973,6,3,1,192,-0.2485
1973,6,3,2,131,-3.0053
1973,6,3,3,117,-0.2074
1973,6,3,4,87,-3.2466
1973,6,3,5,43,-2.1366
1973,7,1,1,97,11.4297
1973,7,1,2,107,12.7012
1973,7,1,3,126,15.5176
1973,7,1,4,190,17.3040
1973,7,1,5,300,18.8078
1973,7,2,1,44,14.8347
1973,7,2,2,78,15.9387
1973,7,2,3,73,14.9149
1973,7,2,4,91,12.9141
1973,7,2,5,98,14.1081
1973,7,3,1,193,5.3904
1973,7,3,2,132,4.1718
1973,7,3,3,112,2.3165
1973,7,3,4,92,10.9109
1973,7,3,5,43,5.5550
1973,8,1,1,100,-7.5405
1973,8,1,2,129,-5.5382
1973,8,1,3,133,-6.7747
1973,8,1,4,221,-6.9824
1973,8,1,5,251,-6.2808
1973,8,2,1,47,-3.4706
1973,8,2,2,74,-1.6452
1973,8,2,3,77,-4.1451
1973,8,2,4,94,-5.1963
1973,8,2,5,100,-2.7719
1973,8,3,1,194,-3.8533
1973,8,3,2,132,-2.2002
1973,8,3,3,118,-2.7638
1973,8,3,4,80,-3.8404
1973,8,3,5,60,-0.6058
1973,9,1,1,89,7.5455
1973,9,1,2,106,9.1263
1973,9,1,3,148,10.9814
1973,9,1,4,201,11.5305
1973,9,1,5,295,9.4215
1973,9,2,1,50,9.4321
1973,9,2,2,81,10.8997
1973,9,2,3,75,10.5352
1973,9,2,4,96,12.4546
1973,9,2,5,105,11.9064
1973,9,3,1,198,0.1178
1973,9,3,2,136,8.8639
1973,9,3,3,115,9.5434
1973,9,3,4,85,9.6671
1973,9,3,5,49,12.4441
1973,10,1,1,84,3.3928
1973,10,1,2,108,-0.5438
1973,10,1,3,135,-0.4178
1973,10,1,4,190,-1.7407
1973,10,1,5,319,-0.2822
1973,10,2,1,45,-0.5147
1973,10,2,2,76,-1.3698
1973,10,2,3,82,-2.2099
1973,10,2,4,93,-0.0826
1973,10,2,5,113,1.7481
1973,10,3,1,200,1.1808
1973,10,3,2,143,0.8924
1973,10,3,3,108,-0.2619
1973,10,3,4,93,-2.1136
1973,10,3,5,38,-4.0143
1973,11,1,1,88,-21.8350
1973,11,1,2,123,-21.2169
1973,11,1,3,119,-22.1749
1973,11,1,4,205,-21.0450
1973,11,1,5,307,-20.5738
1973,11,2,1,56,-18.2606
1973,11,2,2,70,-20.4678
1973,11,2,3,86,-20.6157
1973,11,2,4,98,-19.9345
1973,11,2,5,105,-20.4952
1973,11,3,1,200,-10.4611
1973,11,3,2,146,-13.0790
1973,11,3,3,107,-9.7306
1973,11,3,4,81,-16.2766
1973,11,3,5,55,-13.5224
1973,12,1,1,97,-2.8646
1973,12,1,2,98,-5.8224
1973,12,1,3,130,-5.6711
1973,12,1,4,206,-5.4917
1973,12,1,5,318,-4.6642
1973,12,2,1,52,-0.8786
1973,12,2,2,72,-1.1575
1973,12,2,3,92,-2.2915
1973,12,2,4,98,-1.7597
1973,12,2,5,110,0.3899
1973,12,3,1,205,-1.4999
1973,12,3,2,154,3.9877
1973,12,3,3,104,4.3538
1973,12,3,4,86,7.4660
1973,12,3,5,44,2.0534
1974,1,1,1,91,21.2181
1974,1,1,2,88,17.6753
1974,1,1,3,121,12.9518
1974,1,1,4,193,17.3275
1974,1,1,5,358,19.6968
1974,1,2,1,50,6.4929
1974,1,2,2,74,7.0372
1974,1,2,3,89,11.4208
1974,1,2,4,106,13.1859
1974,1,2,5,115,15.6960
1974,1,3,1,209,-2.9920
1974,1,3,2,157,0.4524
1974,1,3,3,117,-0.5944
1974,1,3,4,76,5.6095
1974,1,3,5,41,13.5209
1974,2,1,1,118,-2.5238
1974,2,1,2,98,-3.3367
1974,2,1,3,136,-2.0923
1974,2,1,4,178,0.5920
1974,2,1,5,320,1.0894
1974,2,2,1,63,-5.1201
1974,2,2,2,75,0.1794
1974,2,2,3,96,1.1327
1974,2,2,4,109,-1.4774
1974,2,2,5,107,2.9693
1974,2,3,1,211,-1.2657
1974,2,3,2,156,1.1317
1974,2,3,3,135,3.0696
1974,2,3,4,102,-0.0619
1974,2,3,5,61,-1.4556
1974,3,1,1,118,1.3406
1974,3,1,2,83,2.8546
1974,3,1,3,142,1.1143
1974,3,1,4,179,1.8436
1974,3,1,5,340,3.2737
1974,3,2,1,59,-2.3553
1974,3,2,2,88,-0.6831
1974,3,2,3,96,0.4097
1974,3,2,4,112,0.5554
1974,3,2,5,110,0.9124
1974,3,3,1,222,-1.6528
1974,3,3,2,163,-3.4081
1974,3,3,3,134,-2.7757
1974,3,3,4,116,-2.9268
1974,3,3,5,57,0.5803
1974,4,1,1,118,-6.8987
1974,4,1,2,96,-6.1824
1974,4,1,3,148,-5.2086
1974,4,1,4,150,-4.8234
1974,4,1,5,331,-4.9659
1974,4,2,1,59,-10.7179
1974,4,2,2,97,-6.5753
1974,4,2,3,86,-6.3765
1974,4,2,4,119,-4.3539
1974,4,2,5,117,-4.0254
1974,4,3,1,222,-2.7753
1974,4,3,2,164,-6.0214
1974,4,3,3,140,-5.5552
1974,4,3,4,114,-4.7659
1974,4,3,5,59,-2.6549
1974,5,1,1,121,-9.4695
1974,5,1,2,109,-9.0840
1974,5,1,3,138,-8.1589
1974,5,1,4,191,-6.0558
1974,5,1,5,290,-5.8680
1974,5,2,1,60,-11.3053
1974,5,2,2,88,-7.2369
1974,5,2,3,116,-7.9743
1974,5,2,4,100,-5.9409
1974,5,2,5,107,-7.6590
1974,5,3,1,217,-1.0397
1974,5,3,2,157,-3.7720
1974,5,3,3,131,-4.8407
1974,5,3,4,125,-6.0522
1974,5,3,5,75,-5.0158
1974,6,1,1,118,-2.0070
1974,6,1,2,109,-1.9074
1974,6,1,3,148,-3.7625
1974,6,1,4,191,-2.0837
1974,6,1,5,279,-1.9399
1974,6,2,1,55,-2.8466
1974,6,2,2,89,-1.9426
1974,6,2,3,114,-2.2389
1974,6,2,4,94,-1.1365
1974,6,2,5,110,-1.1463
1974,6,3,1,207,-1.2347
1974,6,3,2,165,-1.5048
1974,6,3,3,133,-1.3015
1974,6,3,4,120,-3.7205
1974,6,3,5,84,-2.1514
1974,7,1,1,109,-4.6238
1974,7,1,2,102,-5.1740
1974,7,1,3,152,-5.4674
1974,7,1,4,182,-4.9025
1974,7,1,5,283,-1.5836
1974,7,2,1,56,-6.1985
1974,7,2,2,95,-6.5961
1974,7,2,3,119,-4.9896
1974,7,2,4,89,-3.4946
1974,7,2,5,107,0.7950
1974,7,3,1,205,-11.8552
1974,7,3,2,160,-5.3058
1974,7,3,3,131,-3.2952
1974,7,3,4,121,-2.1110
1974,7,3,5,92,0.8424
1974,8,1,1,119,-10.0129
1974,8,1,2,115,-8.0082
1974,8,1,3,126,-8.5951
1974,8,1,4,204,-7.8383
1974,8,1,5,271,-5.3906
1974,8,2,1,69,-9.9333
1974,8,2,2,87,-9.3150
1974,8,2,3,114,-9.1242
1974,8,2,4,99,-6.4614
1974,8,2,5,111,-3.7838
1974,8,3,1,210,-10.5417
1974,8,3,2,159,-5.6927
1974,8,3,3,134,-8.2588
1974,8,3,4,120,-7.0023
1974,8,3,5,90,-7.3792
1974,9,1,1,120,-8.6951
1974,9,1,2,113,-9.7553
1974,9,1,3,130,-10.1884
1974,9,1,4,194,-6.1700
1974,9,1,5,309,-7.0726
1974,9,2,1,68,-14.4034
1974,9,2,2,86,-12.3135
1974,9,2,3,114,-6.1344
1974,9,2,4,94,-8.9247
1974,9,2,5,103,-8.1178
1974,9,3,1,210,-15.9257
1974,9,3,2,166,-7.5554
1974,9,3,3,133,-8.1388
1974,9,3,4,128,-6.3478
1974,9,3,5,87,-7.9395
1974,10,1,1,131,4.3165
1974,10,1,2,98,9.7294
1974,10,1,3,143,8.1829
1974,10,1,4,200,6.7427
1974,10,1,5,296,12.2772
1974,10,2,1,61,8.8448
1974,10,2,2,84,9.3264
1974,10,2,3,116,8.8819
1974,10,2,4,105,11.2039
1974,10,2,5,109,12.9849
1974,10,3,1,206,18.9548
1974,10,3,2,165,14.2546
1974,10,3,3,139,17.3879
1974,10,3,4,119,14.4342
1974,10,3,5,87,14.7324
1974,11,1,1,125,-7.8427
1974,11,1,2,114,-5.4803
1974,11,1,3,127,-6.6002
1974,11,1,4,201,-4.1703
1974,11,1,5,275,-6.4215
1974,11,2,1,50,-7.0574
1974,11,2,2,104,-2.9108
1974,11,2,3,95,-4.4436
1974,11,2,4,115,-5.0154
1974,11,2,5,105,-3.7408
1974,11,3,1,215,-4.8855
1974,11,3,2,154,-3.8992
1974,11,3,3,135,-2.9262
1974,11,3,4,127,-3.9514
1974,11,3,5,85,-3.1722
1974,12,1,1,111,-11.5736
1974,12,1,2,115,-7.4845
1974,12,1,3,137,-8.2555
1974,12,1,4,180,-7.8985
1974,12,1,5,257,-7.6610
1974,12,2,1,55,-9.6236
1974,12,2,2,92,-5.0285
1974,12,2,3,101,-4.9696
1974,12,2,4,106,-5.8792
1974,12,2,5,126,-5.1331
1974,12,3,1,206,-3.7315
1974,12,3,2,162,-1.4046
1974,12,3,3,137,-1.9238
1974,12,3,4,125,0.0875
1974,12,3,5,79,-0.7831
1975,1,1,1,121,31.5460
1975,1,1,2,96,29.8764
1975,1,1,3,116,31.3086
1975,1,1,4,171,33.0428
1975,1,1,5,289,38.8682
1975,1,2,1,53,24.0010
1975,1,2,2,90,23.4873
1975,1,2,3,108,28.5150
1975,1,2,4,108,27.5802
1975,1,2,5,120,28.6971
1975,1,3,1,208,11.2079
1975,1,3,2,162,11.2032
1975,1,3,3,143,13.7849
1975,1,3,4,119,16.4272
1975,1,3,5,69,24.2056
1975,2,1,1,136,-0.0325
1975,2,1,2,92,2.6950
1975,2,1,3,118,4.1901
1975,2,1,4,173,4.2541
1975,2,1,5,276,5.8726
1975,2,2,1,54,5.4995
1975,2,2,2,86,5.1747
1975,2,2,3,105,6.8935
1975,2,2,4,103,4.7091
1975,2,2,5,113,5.1188
1975,2,3,1,194,10.1431
1975,2,3,2,166,4.7064
1975,2,3,3,129,2.8235
1975,2,3,4,120,4.0570
1975,2,3,5,88,3.7476
1975,3,1,1,132,12.9299
1975,3,1,2,96,10.0380
1975,3,1,3,104,8.2139
1975,3,1,4,152,10.6879
1975,3,1,5,303,12.0295
1975,3,2,1,60,6.1979
1975,3,2,2,81,7.5826
1975,3,2,3,106,6.4002
1975,3,2,4,103,5.5142
1975,3,2,5,100,6.9893
1975,3,3,1,183,3.7645
1975,3,3,2,182,1.5313
1975,3,3,3,133,1.2788
1975,3,3,4,129,1.7380
1975,3,3,5,71,6.4288
1975,4,1,1,133,0.6531
1975,4,1,2,115,1.6646
1975,4,1,3,108,7.7193
1975,4,1,4,134,2.6026
1975,4,1,5,267,6.6783
1975,4,2,1,58,3.8845
1975,4,2,2,84,4.3626
1975,4,2,3,98,4.8203
1975,4,2,4,93,4.5670
1975,4,2,5,110,5.9597
1975,4,3,1,184,5.3694
1975,4,3,2,166,4.7329
1975,4,3,3,135,2.4631
1975,4,3,4,129,5.6479
1975,4,3,5,78,7.9685
1975,5,1,1,106,5.5929
1975,5,1,2,86,9.9756
1975,5,1,3,120,7.9685
1975,5,1,4,146,8.8752
1975,5,1,5,252,7.7207
1975,5,2,1,57,9.1370
1975,5,2,2,75,8.7567
1975,5,2,3,97,6.2976
1975,5,2,4,110,6.8955
1975,5,2,5,98,6.3467
1975,5,3,1,183,4.3698
1975,5,3,2,151,4.8640
1975,5,3,3,146,7.5037
1975,5,3,4,115,7.9405
1975,5,3,5,99,4.6829
1975,6,1,1,101,10.0208
1975,6,1,2,97,9.6769
1975,6,1,3,121,8.3906
1975,6,1,4,149,9.5528
1975,6,1,5,235,10.3184
1975,6,2,1,63,3.9708
1975,6,2,2,77,4.5268
1975,6,2,3,103,7.7638
1975,6,2,4,106,7.9556
1975,6,2,5,100,7.4552
1975,6,3,1,169,4.0217
1975,6,3,2,162,3.9047
1975,6,3,3,135,6.0219
1975,6,3,4,126,7.6273
1975,6,3,5,100,8.1681
1975,7,1,1,103,-2.4258
1975,7,1,2,87,-2.2606
1975,7,1,3,121,-1.9453
1975,7,1,4,156,-1.2177
1975,7,1,5,231,0.3934
1975,7,2,1,61,-3.3007
1975,7,2,2,81,-5.5597
1975,7,2,3,104,-3.5226
1975,7,2,4,97,-2.8035
1975,7,2,5,111,-2.2284
1975,7,3,1,161,-8.4431
1975,7,3,2,165,-6.7265
1975,7,3,3,141,-4.6753
1975,7,3,4,123,-3.8548
1975,7,3,5,102,-4.4854
1975,8,1,1,127,-5.9208
1975,8,1,2,104,-7.2668
1975,8,1,3,122,-5.5360
1975,8,1,4,158,-7.0355
1975,8,1,5,242,-4.8458
1975,8,2,1,82,-5.4698
1975,8,2,2,83,-4.8439
1975,8,2,3,88,-4.6735
1975,8,2,4,96,-3.2931
1975,8,2,5,131,-3.2210
1975,8,3,1,163,-2.5502
1975,8,3,2,168,-1.8071
1975,8,3,3,146,-0.7158
1975,8,3,4,137,-0.2852
1975,8,3,5,82,-1.4298
1975,9,1,1,126,-6.0496
1975,9,1,2,87,-4.2949
1975,9,1,3,106,-4.2318
1975,9,1,4,159,-1.9416
1975,9,1,5,312,-2.0667
1975,9,2,1,73,-5.0354
1975,9,2,2,84,-4.4919
1975,9,2,3,89,-3.9865
1975,9,2,4,109,-1.9867
1975,9,2,5,130,-1.7861
1975,9,3,1,174,-5.3520
1975,9,3,2,165,-2.3161
1975,9,3,3,147,-1.8848
1975,9,3,4,135,-1.0375
1975,9,3,5,76,-3.2161
1975,10,1,1,130,0.0526
1975,10,1,2,74,-0.1594
1975,10,1,3,106,1.6183
1975,10,1,4,172,2.6008
1975,10,1,5,317,2.4332
1975,10,2,1,72,0.9343
1975,10,2,2,83,2.4369
1975,10,2,3,91,3.7905
1975,10,2,4,120,4.0970
1975,10,2,5,123,3.9899
1975,10,3,1,177,8.9113
1975,10,3,2,165,5.5443
1975,10,3,3,152,4.4077
1975,10,3,4,125,3.4896
1975,10,3,5,78,2.6918
1975,11,1,1,124,2.1890
1975,11,1,2,83,-2.2813
1975,11,1,3,135,2.6600
1975,11,1,4,164,3.0599
1975,11,1,5,303,6.6864
1975,11,2,1,67,1.2321
1975,11,2,2,83,2.6411
1975,11,2,3,104,3.9220
1975,11,2,4,114,3.8863
1975,11,2,5,118,4.5192
1975,11,3,1,178,4.1521
1975,11,3,2,170,2.0320
1975,11,3,3,141,1.2746
1975,11,3,4,127,2.5923
1975,11,3,5,87,4.3433
1975,12,1,1,118,-1.6083
1975,12,1,2,95,-3.8029
1975,12,1,3,134,-3.0586
1975,12,1,4,159,-1.5635
1975,12,1,5,321,-0.5242
1975,12,2,1,71,-0.4612
1975,12,2,2,81,-1.9149
1975,12,2,3,101,-3.6277
1975,12,2,4,102,-0.5294
1975,12,2,5,132,0.4145
1975,12,3,1,175,-3.0021
1975,12,3,2,175,-0.5887
1975,12,3,3,140,0.5552
1975,12,3,4,132,1.0895
1975,12,3,5,83,0.7547
1976,1,1,1,111,20.7027
1976,1,1,2,90,22.6261
1976,1,1,3,131,22.3999
1976,1,1,4,149,24.0261
1976,1,1,5,348,27.4945
1976,1,2,1,74,19.7804
1976,1,2,2,75,18.0441
1976,1,2,3,99,18.3131
1976,1,2,4,107,18.4816
1976,1,2,5,125,21.7577
1976,1,3,1,179,11.8423
1976,1,3,2,176,12.4071
1976,1,3,3,141,11.1958
1976,1,3,4,128,12.2840
1976,1,3,5,81,14.2906
1976,2,1,1,123,13.6865
1976,2,1,2,99,7.5321
1976,2,1,3,122,11.5569
1976,2,1,4,141,11.7898
1976,2,1,5,299,15.0235
1976,2,2,1,65,4.5879
1976,2,2,2,76,6.7196
1976,2,2,3,106,6.1742
1976,2,2,4,110,7.0762
1976,2,2,5,124,9.4231
1976,2,3,1,180,-1.5803
1976,2,3,2,175,0.4206
1976,2,3,3,139,-0.6813
1976,2,3,4,136,0.6058
1976,2,3,5,74,5.3670
1976,3,1,1,137,-0.4189
1976,3,1,2,125,-0.8124
1976,3,1,3,135,2.1887
1976,3,1,4,164,-0.8450
1976,3,1,5,289,2.6240
1976,3,2,1,75,0.1126
1976,3,2,2,78,0.7801
1976,3,2,3,95,1.6815
1976,3,2,4,109,1.7893
1976,3,2,5,117,2.9699
1976,3,3,1,171,3.2642
1976,3,3,2,173,0.9142
1976,3,3,3,153,3.9005
1976,3,3,4,135,3.4426
1976,3,3,5,76,3.5692
1976,4,1,1,137,-3.3732
1976,4,1,2,123,-3.0545
1976,4,1,3,121,-2.7424
1976,4,1,4,148,-1.6503
1976,4,1,5,289,-1.3862
1976,4,2,1,74,-2.3071
1976,4,2,2,76,-2.1916
1976,4,2,3,90,-2.2283
1976,4,2,4,108,-0.0739
1976,4,2,5,119,0.1213
1976,4,3,1,172,-3.1238
1976,4,3,2,174,-0.1036
1976,4,3,3,148,0.3835
1976,4,3,4,140,1.3784
1976,4,3,5,64,-0.9223
1976,5,1,1,142,-3.7833
1976,5,1,2,128,-0.2478
1976,5,1,3,130,-3.4554
1976,5,1,4,165,-2.8960
1976,5,1,5,282,-2.7195
1976,5,2,1,74,-1.1788
1976,5,2,2,93,-1.7005
1976,5,2,3,93,-2.7375
1976,5,2,4,111,-0.8538
1976,5,2,5,114,0.2476
1976,5,3,1,174,-2.3084
1976,5,3,2,168,-0.5448
1976,5,3,3,150,1.1329
1976,5,3,4,120,-0.4006
1976,5,3,5,82,0.6619
1976,6,1,1,131,3.9695
1976,6,1,2,120,3.8548
1976,6,1,3,139,3.4940
1976,6,1,4,181,3.3489
1976,6,1,5,267,3.0720
1976,6,2,1,67,3.3531
1976,6,2,2,93,3.9456
1976,6,2,3,105,3.8699
1976,6,2,4,106,5.5275
1976,6,2,5,118,4.6780
1976,6,3,1,181,3.7013
1976,6,3,2,169,4.8421
1976,6,3,3,143,4.6524
1976,6,3,4,123,4.6826
1976,6,3,5,83,5.4469
1976,7,1,1,126,-1.7220
1976,7,1,2,108,-0.0041
1976,7,1,3,131,-1.5585
1976,7,1,4,169,-0.2219
1976,7,1,5,287,1.0702
1976,7,2,1,67,-1.0850
1976,7,2,2,99,0.0483
1976,7,2,3,112,-0.8002
1976,7,2,4,99,1.5208
1976,7,2,5,119,1.7749
1976,7,3,1,177,-2.0676
1976,7,3,2,168,-1.4739
1976,7,3,3,142,0.5140
1976,7,3,4,124,0.1028
1976,7,3,5,87,0.5520
1976,8,1,1,146,-5.4051
1976,8,1,2,93,-3.2509
1976,8,1,3,129,-0.6266
1976,8,1,4,169,-1.4769
1976,8,1,5,313,-1.5230
1976,8,2,1,63,-5.0223
1976,8,2,2,98,-2.3692
1976,8,2,3,110,-1.4926
1976,8,2,4,119,-1.8201
1976,8,2,5,117,-1.2487
1976,8,3,1,178,-0.0485
1976,8,3,2,172,0.3159
1976,8,3,3,142,0.4148
1976,8,3,4,122,0.2457
1976,8,3,5,85,-1.8785
1976,9,1,1,107,1.6757
1976,9,1,2,78,1.5425
1976,9,1,3,87,2.2125
1976,9,1,4,158,3.3028
1976,9,1,5,299,2.1943
1976,9,2,1,55,2.6968
1976,9,2,2,93,3.2692
1976,9,2,3,109,4.2585
1976,9,2,4,115,3.5577
1976,9,2,5,117,2.8395
1976,9,3,1,184,1.6405
1976,9,3,2,176,2.4954
1976,9,3,3,142,4.2562
1976,9,3,4,118,4.5358
1976,9,3,5,69,4.2308
1976,10,1,1,126,-4.6350
1976,10,1,2,84,-2.4045
1976,10,1,3,94,-3.8053
1976,10,1,4,185,-2.5141
1976,10,1,5,367,-1.4698
1976,10,2,1,70,-2.6336
1976,10,2,2,90,-2.5684
1976,10,2,3,101,-2.5046
1976,10,2,4,127,-2.0155
1976,10,2,5,124,-2.0682
1976,10,3,1,190,-3.0834
1976,10,3,2,181,-1.8424
1976,10,3,3,150,-1.7143
1976,10,3,4,108,-1.3352
1976,10,3,5,71,-1.6228
1976,11,1,1,122,3.2447
1976,11,1,2,76,1.1207
1976,11,1,3,102,1.1819
1976,11,1,4,181,2.4921
1976,11,1,5,377,3.1477
1976,11,2,1,76,4.9298
1976,11,2,2,87,3.8490
1976,11,2,3,102,4.6569
1976,11,2,4,113,3.5208
1976,11,2,5,113,6.2384
1976,11,3,1,174,-1.0285
1976,11,3,2,174,0.0962
1976,11,3,3,173,1.5309
1976,11,3,4,107,2.2872
1976,11,3,5,66,4.5349
1976,12,1,1,136,9.3745
1976,12,1,2,87,5.7055
1976,12,1,3,109,9.6664
1976,12,1,4,165,11.9640
1976,12,1,5,365,12.2643
1976,12,2,1,80,8.4262
1976,12,2,2,84,9.6317
1976,12,2,3,95,10.1074
1976,12,2,4,119,9.5614
1976,12,2,5,118,9.7627
1976,12,3,1,175,3.5570
1976,12,3,2,177,5.6843
1976,12,3,3,162,7.2529
1976,12,3,4,118,6.6654
1976,12,3,5,68,8.9404
1977,1,1,1,138,2.3919
1977,1,1,2,85,5.0014
1977,1,1,3,108,3.9830
1977,1,1,4,173,3.5545
1977,1,1,5,348,6.0113
1977,1,2,1,73,0.3682
1977,1,2,2,100,0.0881
1977,1,2,3,90,2.0979
1977,1,2,4,119,2.1627
1977,1,2,5,115,2.6420
1977,1,3,1,174,-6.8844
1977,1,3,2,177,-5.5899
1977,1,3,3,173,-1.2333
1977,1,3,4,111,-0.9586
1977,1,3,5,70,0.7322
1977,2,1,1,156,-1.3173
1977,2,1,2,97,-2.0982
1977,2,1,3,101,-1.6194
1977,2,1,4,169,-0.8330
1977,2,1,5,305,0.5522
1977,2,2,1,81,-1.6189
1977,2,2,2,88,0.1288
1977,2,2,3,95,-1.6222
1977,2,2,4,105,-1.1660
1977,2,2,5,119,0.4839
1977,2,3,1,155,-1.3524
1977,2,3,2,169,-1.4665
1977,2,3,3,170,-2.0365
1977,2,3,4,121,-1.9622
1977,2,3,5,71,-2.2279
1977,3,1,1,162,-0.9217
1977,3,1,2,96,0.9868
1977,3,1,3,104,1.3156
1977,3,1,4,167,2.9752
1977,3,1,5,309,2.3211
1977,3,2,1,92,0.0910
1977,3,2,2,88,-0.5243
1977,3,2,3,88,-0.0208
1977,3,2,4,114,1.6512
1977,3,2,5,115,0.1926
1977,3,3,1,152,-1.9054
1977,3,3,2,176,-1.0256
1977,3,3,3,160,-1.2282
1977,3,3,4,121,-1.1458
1977,3,3,5,81,0.9147
1977,4,1,1,166,-0.3916
1977,4,1,2,86,1.2142
1977,4,1,3,105,0.9395
1977,4,1,4,173,2.7578
1977,4,1,5,300,2.8506
1977,4,2,1,91,0.6524
1977,4,2,2,96,0.7066
1977,4,2,3,82,2.2006
1977,4,2,4,107,2.2591
1977,4,2,5,118,2.8891
1977,4,3,1,159,-2.8560
1977,4,3,2,166,1.4757
1977,4,3,3,167,0.6993
1977,4,3,4,130,2.3594
1977,4,3,5,75,1.8530
1977,5,1,1,173,-1.6771
1977,5,1,2,79,0.4750
1977,5,1,3,113,-2.0665
1977,5,1,4,167,0.1870
1977,5,1,5,307,0.2414
1977,5,2,1,91,-1.8906
1977,5,2,2,85,-0.6228
1977,5,2,3,94,0.8794
1977,5,2,4,118,0.6680
1977,5,2,5,97,3.3993
1977,5,3,1,140,-3.3139
1977,5,3,2,178,-1.0547
1977,5,3,3,167,-0.0980
1977,5,3,4,118,-0.8249
1977,5,3,5,94,-0.0317
1977,6,1,1,171,5.2356
1977,6,1,2,92,6.0202
1977,6,1,3,111,7.2070
1977,6,1,4,165,7.7776
1977,6,1,5,299,10.5029
1977,6,2,1,96,6.5318
1977,6,2,2,78,6.9273
1977,6,2,3,101,6.5962
1977,6,2,4,107,6.1990
1977,6,2,5,101,8.8694
1977,6,3,1,141,6.0898
1977,6,3,2,178,3.9023
1977,6,3,3,153,4.1735
1977,6,3,4,129,5.6578
1977,6,3,5,90,4.4958
1977,7,1,1,176,-0.8309
1977,7,1,2,96,-0.3038
1977,7,1,3,105,0.3987
1977,7,1,4,180,-0.1610
1977,7,1,5,264,0.9189
1977,7,2,1,97,-3.5980
1977,7,2,2,70,-0.9022
1977,7,2,3,106,-0.4598
1977,7,2,4,114,-0.8776
1977,7,2,5,107,0.9103
1977,7,3,1,140,-1.3795
1977,7,3,2,179,-2.3913
1977,7,3,3,151,-0.9102
1977,7,3,4,128,-1.4787
1977,7,3,5,100,-2.4494
1977,8,1,1,174,-2.2390
1977,8,1,2,103,-2.0082
1977,8,1,3,110,-0.2666
1977,8,1,4,176,-1.3929
1977,8,1,5,274,-0.8122
1977,8,2,1,106,-1.0624
1977,8,2,2,82,1.3237
1977,8,2,3,91,-1.1918
1977,8,2,4,111,-0.9313
1977,8,2,5,115,-3.0240
1977,8,3,1,156,1.9653
1977,8,3,2,167,-1.6588
1977,8,3,3,162,-3.5733
1977,8,3,4,122,-4.1410
1977,8,3,5,95,-1.8021
1977,9,1,1,157,-1.1028
1977,9,1,2,84,-0.9998
1977,9,1,3,126,2.3070
1977,9,1,4,160,2.5145
1977,9,1,5,322,1.7001
1977,9,2,1,100,-0.7490
1977,9,2,2,85,0.8216
1977,9,2,3,96,1.3440
1977,9,2,4,116,2.1006
1977,9,2,5,118,1.5182
1977,9,3,1,161,-1.5506
1977,9,3,2,176,-0.1065
1977,9,3,3,164,1.3221
1977,9,3,4,116,0.4344
1977,9,3,5,82,1.6494
1977,10,1,1,147,-2.1387
1977,10,1,2,92,-2.5823
1977,10,1,3,103,-2.9810
1977,10,1,4,161,-2.3446
1977,10,1,5,341,-1.7057
1977,10,2,1,95,-2.7814
1977,10,2,2,96,-3.7442
1977,10,2,3,107,-2.9745
1977,10,2,4,103,-3.5321
1977,10,2,5,113,-1.7067
1977,10,3,1,166,-4.5578
1977,10,3,2,172,-4.4170
1977,10,3,3,152,-3.2721
1977,10,3,4,125,-2.4516
1977,10,3,5,80,-3.9274
1977,11,1,1,164,6.9660
1977,11,1,2,98,7.9653
1977,11,1,3,93,8.0120
1977,11,1,4,165,10.0868
1977,11,1,5,332,11.5962
1977,11,2,1,98,5.9820
1977,11,2,2,87,8.9170
1977,11,2,3,88,7.8163
1977,11,2,4,118,10.0055
1977,11,2,5,98,11.3514
1977,11,3,1,152,3.5993
1977,11,3,2,172,4.1392
1977,11,3,3,167,2.9513
1977,11,3,4,111,4.5889
1977,11,3,5,83,7.0143
1977,12,1,1,174,1.1928
1977,12,1,2,94,3.0467
1977,12,1,3,113,2.3741
1977,12,1,4,159,0.8347
1977,12,1,5,307,1.9404
1977,12,2,1,106,1.3747
1977,12,2,2,88,1.9159
1977,12,2,3,88,-0.0387
1977,12,2,4,104,1.7699
1977,12,2,5,104,2.4125
1977,12,3,1,142,0.6768
1977,12,3,2,172,-0.0457
1977,12,3,3,158,1.0048
1977,12,3,4,117,0.8469
1977,12,3,5,89,1.6538
1978,1,1,1,164,-0.4148
1978,1,1,2,95,-0.6145
1978,1,1,3,106,-2.8730
1978,1,1,4,160,-2.0609
1978,1,1,5,304,-0.6914
1978,1,2,1,103,-4.4443
1978,1,2,2,86,-4.5705
1978,1,2,3,100,-4.2657
1978,1,2,4,102,-3.9634
1978,1,2,5,102,-3.0418
1978,1,3,1,150,-5.1781
1978,1,3,2,168,-6.8841
1978,1,3,3,154,-5.4380
1978,1,3,4,123,-6.1985
1978,1,3,5,83,-5.1334
1978,2,1,1,167,5.4527
1978,2,1,2,99,2.1235
1978,2,1,3,107,2.3858
1978,2,1,4,159,3.0919
1978,2,1,5,293,4.0331
1978,2,2,1,100,1.2012
1978,2,2,2,87,3.3845
1978,2,2,3,99,0.9097
1978,2,2,4,108,0.9881
1978,2,2,5,101,3.4994
1978,2,3,1,142,-3.6146
1978,2,3,2,174,-0.7661
1978,2,3,3,149,-1.3386
1978,2,3,4,122,0.2312
1978,2,3,5,89,-0.5693
1978,3,1,1,188,6.7472
1978,3,1,2,102,5.9788
1978,3,1,3,99,7.0149
1978,3,1,4,155,8.2248
1978,3,1,5,291,10.8549
1978,3,2,1,102,5.0375
1978,3,2,2,93,6.4818
1978,3,2,3,90,6.0552
1978,3,2,4,101,4.3622
1978,3,2,5,106,7.6312
1978,3,3,1,149,0.4055
1978,3,3,2,153,1.8485
1978,3,3,3,153,3.8162
1978,3,3,4,130,4.4238
1978,3,3,5,87,5.9705
1978,4,1,1,193,6.9995
1978,4,1,2,97,7.5582
1978,4,1,3,117,7.5937
1978,4,1,4,147,8.9261
1978,4,1,5,274,9.0028
1978,4,2,1,102,5.8544
1978,4,2,2,91,8.0056
1978,4,2,3,86,9.2680
1978,4,2,4,101,8.1840
1978,4,2,5,105,7.1029
1978,4,3,1,143,10.4995
1978,4,3,2,162,6.2888
1978,4,3,3,152,8.4230
1978,4,3,4,128,8.3361
1978,4,3,5,89,9.9826
1978,5,1,1,173,6.3160
1978,5,1,2,99,5.0895
1978,5,1,3,101,9.5569
1978,5,1,4,156,7.5855
1978,5,1,5,256,9.0030
1978,5,2,1,104,6.3804
1978,5,2,2,96,7.2284
1978,5,2,3,96,5.5861
1978,5,2,4,89,5.6102
1978,5,2,5,100,4.0711
1978,5,3,1,134,3.0391
1978,5,3,2,148,1.9164
1978,5,3,3,151,1.0812
1978,5,3,4,137,1.3436
1978,5,3,5,101,0.4712
1978,6,1,1,194,-0.8308
1978,6,1,2,121,-1.2107
1978,6,1,3,127,1.0908
1978,6,1,4,153,0.0334
1978,6,1,5,188,0.6573
1978,6,2,1,103,0.0665
1978,6,2,2,82,0.4441
1978,6,2,3,101,-0.7327
1978,6,2,4,83,-0.4744
1978,6,2,5,105,-0.1704
1978,6,3,1,128,-1.1639
1978,6,3,2,152,-0.8447
1978,6,3,3,132,-1.0423
1978,6,3,4,145,-2.5901
1978,6,3,5,108,-1.0180
1978,7,1,1,194,5.6236
1978,7,1,2,112,7.2090
1978,7,1,3,130,4.2324
1978,7,1,4,148,5.9047
1978,7,1,5,180,5.4200
1978,7,2,1,99,6.1661
1978,7,2,2,94,7.3306
1978,7,2,3,91,4.8894
1978,7,2,4,95,7.4206
1978,7,2,5,99,6.8574
1978,7,3,1,128,7.6426
1978,7,3,2,154,6.9010
1978,7,3,3,140,5.9326
1978,7,3,4,132,3.6874
1978,7,3,5,112,4.0949
1978,8,1,1,185,8.0003
1978,8,1,2,122,7.5901
1978,8,1,3,130,10.8655
1978,8,1,4,150,8.9588
1978,8,1,5,203,11.0063
1978,8,2,1,118,8.2613
1978,8,2,2,85,9.3567
1978,8,2,3,91,9.9089
1978,8,2,4,102,9.2038
1978,8,2,5,103,6.6566
1978,8,3,1,134,3.3864
1978,8,3,2,167,3.0052
1978,8,3,3,144,3.8995
1978,8,3,4,131,3.6266
1978,8,3,5,97,3.6605
1978,9,1,1,182,-1.3196
1978,9,1,2,108,-1.2960
1978,9,1,3,124,-0.0101
1978,9,1,4,133,0.4876
1978,9,1,5,248,0.4462
1978,9,2,1,118,-2.7278
1978,9,2,2,94,-2.9750
1978,9,2,3,99,-2.1202
1978,9,2,4,92,-0.5882
1978,9,2,5,100,0.1713
1978,9,3,1,141,-3.6940
1978,9,3,2,163,-1.7076
1978,9,3,3,135,1.3944
1978,9,3,4,139,1.3149
1978,9,3,5,100,0.3656
1978,10,1,1,172,-28.2208
1978,10,1,2,119,-24.4810
1978,10,1,3,121,-22.2260
1978,10,1,4,142,-20.1139
1978,10,1,5,243,-21.5796
1978,10,2,1,114,-21.9130
1978,10,2,2,90,-18.9492
1978,10,2,3,95,-18.3809
1978,10,2,4,106,-17.2643
1978,10,2,5,93,-20.0365
1978,10,3,1,146,-9.4347
1978,10,3,2,159,-10.0930
1978,10,3,3,141,-8.4858
1978,10,3,4,130,-10.1386
1978,10,3,5,99,-11.4308
1978,11,1,1,155,6.9158
1978,11,1,2,91,8.3205
1978,11,1,3,117,9.4916
1978,11,1,4,155,8.2905
1978,11,1,5,264,7.8117
1978,11,2,1,102,6.8922
1978,11,2,2,100,8.9610
1978,11,2,3,89,6.3068
1978,11,2,4,96,4.3955
1978,11,2,5,102,5.6735
1978,11,3,1,158,3.1524
1978,11,3,2,159,1.9865
1978,11,3,3,147,3.9721
1978,11,3,4,133,4.6058
1978,11,3,5,82,3.8491
1978,12,1,1,165,-0.2759
1978,12,1,2,108,1.3259
1978,12,1,3,98,1.0691
1978,12,1,4,165,1.8961
1978,12,1,5,246,0.5131
1978,12,2,1,108,3.0039
1978,12,2,2,95,0.9097
1978,12,2,3,95,2.1716
1978,12,2,4,91,2.3860
1978,12,2,5,103,2.1439
1978,12,3,1,148,4.0530
1978,12,3,2,159,0.9972
1978,12,3,3,161,0.7348
1978,12,3,4,123,-0.2247
1978,12,3,5,83,1.3843
1979,1,1,1,155,10.6425
1979,1,1,2,121,12.9938
1979,1,1,3,92,9.1531
1979,1,1,4,161,10.4610
1979,1,1,5,255,13.0481
1979,1,2,1,107,7.4787
1979,1,2,2,96,6.2925
1979,1,2,3,93,7.9566
1979,1,2,4,97,8.8183
1979,1,2,5,98,11.2381
1979,1,3,1,158,2.6166
1979,1,3,2,158,4.3732
1979,1,3,3,159,4.7696
1979,1,3,4,121,6.5169
1979,1,3,5,82,6.3234
1979,2,1,1,179,-2.1305
1979,2,1,2,101,-3.4494
1979,2,1,3,114,-1.4764
1979,2,1,4,144,-2.5157
1979,2,1,5,236,-1.6797
1979,2,2,1,104,-3.1507
1979,2,2,2,87,-2.8810
1979,2,2,3,89,-2.6459
1979,2,2,4,107,-3.1748
1979,2,2,5,104,-2.5002
1979,2,3,1,145,-3.8397
1979,2,3,2,169,-3.3946
1979,2,3,3,151,-2.1083
1979,2,3,4,121,-2.0959
1979,2,3,5,86,-2.1721
1979,3,1,1,185,10.4850
1979,3,1,2,78,10.8391
1979,3,1,3,138,6.8434
1979,3,1,4,145,8.1937
1979,3,1,5,233,9.6021
1979,3,2,1,102,10.7208
1979,3,2,2,92,9.1925
1979,3,2,3,86,8.9500
1979,3,2,4,104,9.1215
1979,3,2,5,109,11.5686
1979,3,3,1,151,5.9164
1979,3,3,2,155,4.0794
1979,3,3,3,161,6.4945
1979,3,3,4,128,6.4607
1979,3,3,5,74,8.6840
1979,4,1,1,174,0.5267
1979,4,1,2,89,2.1578
1979,4,1,3,123,3.4516
1979,4,1,4,135,2.3306
1979,4,1,5,236,3.4565
1979,4,2,1,113,1.5020
1979,4,2,2,91,3.5464
1979,4,2,3,88,1.0588
1979,4,2,4,104,2.5617
1979,4,2,5,102,4.7966
1979,4,3,1,147,0.2332
1979,4,3,2,155,0.6285
1979,4,3,3,162,-0.5322
1979,4,3,4,127,0.7409
1979,4,3,5,77,1.8283
1979,5,1,1,179,-0.8721
1979,5,1,2,90,-2.7949
1979,5,1,3,113,-2.3362
1979,5,1,4,158,0.8100
1979,5,1,5,199,0.0559
1979,5,2,1,124,-1.8106
1979,5,2,2,88,-1.7427
1979,5,2,3,77,-1.3829
1979,5,2,4,104,-1.5549
1979,5,2,5,103,-0.5419
1979,5,3,1,133,-2.8596
1979,5,3,2,165,-1.0009
1979,5,3,3,152,-0.5823
1979,5,3,4,128,-2.8018
1979,5,3,5,93,-0.0974
1979,6,1,1,187,5.6858
1979,6,1,2,98,3.7570
1979,6,1,3,115,3.2661
1979,6,1,4,160,5.2700
1979,6,1,5,172,5.0876
1979,6,2,1,127,5.4938
1979,6,2,2,90,4.6939
1979,6,2,3,80,4.1408
1979,6,2,4,100,3.3425
1979,6,2,5,104,6.0113
1979,6,3,1,129,1.5967
1979,6,3,2,160,3.7894
1979,6,3,3,153,4.3356
1979,6,3,4,130,5.9855
1979,6,3,5,99,5.1448
1979,7,1,1,185,1.1576
1979,7,1,2,105,2.1261
1979,7,1,3,111,2.5659
1979,7,1,4,171,3.8931
1979,7,1,5,159,3.9940
1979,7,2,1,129,1.6295
1979,7,2,2,77,4.2622
1979,7,2,3,79,3.3978
1979,7,2,4,98,3.1621
1979,7,2,5,103,5.0915
1979,7,3,1,120,-1.0987
1979,7,3,2,158,1.1817
1979,7,3,3,158,1.2251
1979,7,3,4,129,3.0528
1979,7,3,5,101,1.6753
1979,8,1,1,204,7.3741
1979,8,1,2,92,7.9729
1979,8,1,3,117,9.9331
1979,8,1,4,143,8.1028
1979,8,1,5,179,9.6595
1979,8,2,1,115,8.6859
1979,8,2,2,81,8.4732
1979,8,2,3,88,9.1104
1979,8,2,4,103,7.4116
1979,8,2,5,104,9.3074
1979,8,3,1,131,5.6327
1979,8,3,2,159,7.2087
1979,8,3,3,141,4.9828
1979,8,3,4,137,6.6476
1979,8,3,5,97,8.1436
1979,9,1,1,182,-0.2131
1979,9,1,2,103,-2.2758
1979,9,1,3,118,-0.4859
1979,9,1,4,138,-1.3904
1979,9,1,5,212,-0.1112
1979,9,2,1,109,2.1285
1979,9,2,2,90,0.8827
1979,9,2,3,93,-0.1978
1979,9,2,4,91,-1.3276
1979,9,2,5,109,-1.9459
1979,9,3,1,140,-0.8824
1979,9,3,2,152,-1.0444
1979,9,3,3,139,0.0806
1979,9,3,4,144,2.5958
1979,9,3,5,91,0.5859
1979,10,1,1,167,-10.6039
1979,10,1,2,107,-11.9741
1979,10,1,3,133,-11.0058
1979,10,1,4,135,-10.8976
1979,10,1,5,212,-10.5174
1979,10,2,1,117,-9.3085
1979,10,2,2,88,-8.1186
1979,10,2,3,81,-10.3251
1979,10,2,4,97,-9.1146
1979,10,2,5,102,-12.0249
1979,10,3,1,143,-6.6292
1979,10,3,2,158,-6.1655
1979,10,3,3,136,-5.1015
1979,10,3,4,137,-6.0368
1979,10,3,5,96,-10.0635
1979,11,1,1,153,8.7010
1979,11,1,2,120,7.4356
1979,11,1,3,135,6.8269
1979,11,1,4,138,9.2250
1979,11,1,5,202,7.6564
1979,11,2,1,118,11.5448
1979,11,2,2,90,9.6058
1979,11,2,3,82,6.6883
1979,11,2,4,91,5.5517
1979,11,2,5,106,8.9595
1979,11,3,1,144,6.1593
1979,11,3,2,154,5.2032
1979,11,3,3,143,6.2806
1979,11,3,4,127,4.9770
1979,11,3,5,104,6.6854
1979,12,1,1,146,8.0323
1979,12,1,2,128,7.1762
1979,12,1,3,124,8.0688
1979,12,1,4,127,7.4788
1979,12,1,5,214,6.4171
1979,12,2,1,114,8.4589
1979,12,2,2,82,5.5183
1979,12,2,3,98,4.4119
1979,12,2,4,91,4.9536
1979,12,2,5,103,5.3749
1979,12,3,1,148,1.9044
1979,12,3,2,153,3.4025
1979,12,3,3,141,2.0262
1979,12,3,4,126,1.7187
1979,12,3,5,102,2.3154
1980,1,1,1,151,12.1436
1980,1,1,2,130,9.9974
1980,1,1,3,109,10.7420
1980,1,1,4,136,12.6063
1980,1,1,5,202,9.2285
1980,1,2,1,117,9.0462
1980,1,2,2,76,6.1961
1980,1,2,3,100,4.7134
1980,1,2,4,91,4.7661
1980,1,2,5,105,8.4574
1980,1,3,1,150,5.8220
1980,1,3,2,162,7.2354
1980,1,3,3,132,6.2090
1980,1,3,4,124,5.8070
1980,1,3,5,102,8.0437
1980,2,1,1,175,-3.3593
1980,2,1,2,126,-3.3445
1980,2,1,3,107,-2.4147
1980,2,1,4,99,-5.2492
1980,2,1,5,209,-2.0348
1980,2,2,1,114,-0.3218
1980,2,2,2,78,-1.3925
1980,2,2,3,79,-3.4219
1980,2,2,4,94,-4.3859
1980,2,2,5,121,-4.2453
1980,2,3,1,147,0.6587
1980,2,3,2,155,-1.6517
1980,2,3,3,144,-1.8699
1980,2,3,4,129,4.3754
1980,2,3,5,89,2.8660
1980,3,1,1,173,-20.5630
1980,3,1,2,135,-19.0918
1980,3,1,3,98,-15.9252
1980,3,1,4,91,-16.8094
1980,3,1,5,211,-14.4978
1980,3,2,1,112,-19.0060
1980,3,2,2,75,-15.1550
1980,3,2,3,80,-14.1066
1980,3,2,4,102,-13.2119
1980,3,2,5,119,-13.5832
1980,3,3,1,158,-12.8799
1980,3,3,2,155,-10.7754
1980,3,3,3,136,-12.3806
1980,3,3,4,137,-8.5947
1980,3,3,5,78,-11.4319
1980,4,1,1,155,5.4105
1980,4,1,2,117,7.5509
1980,4,1,3,103,5.1912
1980,4,1,4,102,6.7441
1980,4,1,5,222,6.3938
1980,4,2,1,111,6.7970
1980,4,2,2,72,3.8574
1980,4,2,3,74,7.7711
1980,4,2,4,110,6.0981
1980,4,2,5,118,6.4800
1980,4,3,1,156,4.6513
1980,4,3,2,151,2.9554
1980,4,3,3,151,7.0595
1980,4,3,4,126,5.1334
1980,4,3,5,77,6.0468
1980,5,1,1,158,5.3251
1980,5,1,2,103,4.9653
1980,5,1,3,111,8.2973
1980,5,1,4,92,6.1602
1980,5,1,5,210,8.4805
1980,5,2,1,116,7.2777
1980,5,2,2,73,10.1913
1980,5,2,3,79,9.1761
1980,5,2,4,101,8.8393
1980,5,2,5,114,8.6688
1980,5,3,1,148,5.0764
1980,5,3,2,152,6.4035
1980,5,3,3,144,4.5402
1980,5,3,4,127,6.2593
1980,5,3,5,89,6.7031
1980,6,1,1,164,3.7821
1980,6,1,2,92,1.6035
1980,6,1,3,105,2.5513
1980,6,1,4,117,3.2432
1980,6,1,5,179,4.9825
1980,6,2,1,121,3.8283
1980,6,2,2,67,3.7603
1980,6,2,3,92,2.3584
1980,6,2,4,98,4.2483
1980,6,2,5,104,5.1546
1980,6,3,1,139,4.5180
1980,6,3,2,157,2.7963
1980,6,3,3,137,2.9467
1980,6,3,4,128,2.9574
1980,6,3,5,97,3.0651
1980,7,1,1,157,9.4588
1980,7,1,2,101,15.1963
1980,7,1,3,112,14.2195
1980,7,1,4,116,11.1884
1980,7,1,5,155,10.4649
1980,7,2,1,120,11.8749
1980,7,2,2,73,13.8044
1980,7,2,3,82,13.6425
1980,7,2,4,103,9.9568
1980,7,2,5,105,7.1045
1980,7,3,1,142,10.9989
1980,7,3,2,154,9.6244
1980,7,3,3,140,4.4339
1980,7,3,4,116,3.7142
1980,7,3,5,105,5.6708
1980,8,1,1,162,10.6442
1980,8,1,2,96,6.7984
1980,8,1,3,99,8.8747
1980,8,1,4,102,9.2604
1980,8,1,5,191,6.9278
1980,8,2,1,124,5.0914
1980,8,2,2,80,6.1289
1980,8,2,3,87,5.5332
1980,8,2,4,84,4.2339
1980,8,2,5,106,3.6942
1980,8,3,1,134,1.3272
1980,8,3,2,147,1.9838
1980,8,3,3,137,1.0645
1980,8,3,4,128,1.8641
1980,8,3,5,104,2.2347
1980,9,1,1,150,2.6645
1980,9,1,2,89,2.9765
1980,9,1,3,110,1.1301
1980,9,1,4,97,2.0594
1980,9,1,5,193,3.7881
1980,9,2,1,134,3.6218
1980,9,2,2,79,3.4174
1980,9,2,3,80,4.2869
1980,9,2,4,80,3.5949
1980,9,2,5,111,2.8083
1980,9,3,1,132,4.4693
1980,9,3,2,145,1.5383
1980,9,3,3,134,3.4440
1980,9,3,4,131,2.7523
1980,9,3,5,109,3.7552
1980,10,1,1,146,5.3657
1980,10,1,2,90,2.7656
1980,10,1,3,104,3.9187
1980,10,1,4,104,6.2487
1980,10,1,5,192,4.2114
1980,10,2,1,125,2.8417
1980,10,2,2,76,3.7859
1980,10,2,3,85,2.5190
1980,10,2,4,89,2.3854
1980,10,2,5,101,3.3505
1980,10,3,1,133,1.3738
1980,10,3,2,157,0.9350
1980,10,3,3,129,2.7733
1980,10,3,4,126,4.2948
1980,10,3,5,112,1.2272
1980,11,1,1,141,8.9457
1980,11,1,2,100,4.5230
1980,11,1,3,97,3.5156
1980,11,1,4,122,4.0828
1980,11,1,5,172,3.3658
1980,11,2,1,118,9.6512
1980,11,2,2,85,8.6331
1980,11,2,3,80,4.1350
1980,11,2,4,98,5.3942
1980,11,2,5,99,3.8531
1980,11,3,1,144,15.3572
1980,11,3,2,153,11.8446
1980,11,3,3,126,13.7072
1980,11,3,4,129,11.9955
1980,11,3,5,109,7.7732
1980,12,1,1,132,-3.7986
1980,12,1,2,91,-3.4093
1980,12,1,3,102,-1.7646
1980,12,1,4,119,-3.1149
1980,12,1,5,188,-1.4667
1980,12,2,1,116,-6.3892
1980,12,2,2,77,-4.2400
1980,12,2,3,93,-1.0715
1980,12,2,4,102,1.8818
1980,12,2,5,92,-1.3513
1980,12,3,1,161,-6.6939
1980,12,3,2,151,-4.0626
1980,12,3,3,122,-4.1156
1980,12,3,4,119,-3.6504
1980,12,3,5,103,1.1957
1981,1,1,1,130,-0.5434
1981,1,1,2,88,1.3960
1981,1,1,3,101,4.2061
1981,1,1,4,112,2.1171
1981,1,1,5,195,4.6150
1981,1,2,1,118,-5.0076
1981,1,2,2,75,-1.8866
1981,1,2,3,89,1.4322
1981,1,2,4,108,1.5680
1981,1,2,5,96,1.8795
1981,1,3,1,167,-7.2288
1981,1,3,2,150,-7.7359
1981,1,3,3,124,-4.7573
1981,1,3,4,122,0.0806
1981,1,3,5,90,-3.2841
1981,2,1,1,148,-1.7042
1981,2,1,2,100,-2.7890
1981,2,1,3,92,3.1397
1981,2,1,4,95,5.3049
1981,2,1,5,206,2.9475
1981,2,2,1,118,-0.3390
1981,2,2,2,78,0.9685
1981,2,2,3,89,2.5674
1981,2,2,4,89,2.5616
1981,2,2,5,102,4.1350
1981,2,3,1,163,2.2550
1981,2,3,2,143,2.6989
1981,2,3,3,133,2.7006
1981,2,3,4,124,0.0027
1981,2,3,5,91,1.4315
1981,3,1,1,145,7.7210
1981,3,1,2,116,12.2646
1981,3,1,3,91,10.0304
1981,3,1,4,98,8.2798
1981,3,1,5,209,12.0830
1981,3,2,1,119,7.8212
1981,3,2,2,79,9.8380
1981,3,2,3,83,8.8228
1981,3,2,4,92,7.3119
1981,3,2,5,97,7.2335
1981,3,3,1,163,4.9451
1981,3,3,2,143,6.2933
1981,3,3,3,136,2.2303
1981,3,3,4,127,1.2680
1981,3,3,5,97,8.4987
1981,4,1,1,148,3.1387
1981,4,1,2,112,2.6997
1981,4,1,3,93,2.1918
1981,4,1,4,107,8.1507
1981,4,1,5,202,4.8221
1981,4,2,1,118,-0.4945
1981,4,2,2,89,2.5346
1981,4,2,3,77,3.1126
1981,4,2,4,88,4.4848
1981,4,2,5,105,3.5867
1981,4,3,1,154,-1.7493
1981,4,3,2,139,-3.5741
1981,4,3,3,143,-3.4973
1981,4,3,4,130,-0.4746
1981,4,3,5,94,0.3786
1981,5,1,1,151,2.3798
1981,5,1,2,91,2.5880
1981,5,1,3,112,4.9456
1981,5,1,4,127,5.1168
1981,5,1,5,170,3.0852
1981,5,2,1,131,3.6440
1981,5,2,2,80,3.0193
1981,5,2,3,85,5.4250
1981,5,2,4,100,2.4745
1981,5,2,5,91,2.0406
1981,5,3,1,147,3.9023
1981,5,3,2,144,0.8614
1981,5,3,3,136,-1.4725
1981,5,3,4,128,0.6688
1981,5,3,5,105,-0.8208
1981,6,1,1,152,-4.4741
1981,6,1,2,112,-0.6766
1981,6,1,3,102,3.2544
1981,6,1,4,123,2.6150
1981,6,1,5,163,2.3455
1981,6,2,1,130,-4.8488
1981,6,2,2,86,-2.9855
1981,6,2,3,90,-0.7757
1981,6,2,4,95,-1.4225
1981,6,2,5,86,3.3892
1981,6,3,1,139,-5.2786
1981,6,3,2,145,-3.3505
1981,6,3,3,123,0.2227
1981,6,3,4,132,0.1477
1981,6,3,5,114,3.8538
1981,7,1,1,170,-5.3604
1981,7,1,2,104,-2.8897
1981,7,1,3,111,-2.6891
1981,7,1,4,121,-1.1991
1981,7,1,5,147,-0.6069
1981,7,2,1,136,-3.3289
1981,7,2,2,77,-2.5905
1981,7,2,3,92,-2.1416
1981,7,2,4,91,-1.3694
1981,7,2,5,88,0.1968
1981,7,3,1,125,-2.5150
1981,7,3,2,148,-1.1037
1981,7,3,3,133,1.0124
1981,7,3,4,126,1.8104
1981,7,3,5,117,2.6187
1981,8,1,1,184,-10.3519
1981,8,1,2,101,-9.2962
1981,8,1,3,100,-5.4406
1981,8,1,4,110,-6.4222
1981,8,1,5,174,-5.6495
1981,8,2,1,112,-8.1520
1981,8,2,2,92,-7.8872
1981,8,2,3,102,-7.5221
1981,8,2,4,84,-4.5136
1981,8,2,5,91,-3.1985
1981,8,3,1,145,-7.0618
1981,8,3,2,141,-5.7659
1981,8,3,3,135,-6.1349
1981,8,3,4,130,-3.0434
1981,8,3,5,106,-5.2322
1981,9,1,1,167,-10.3013
1981,9,1,2,89,-6.8704
1981,9,1,3,90,-6.6956
1981,9,1,4,115,-6.8873
1981,9,1,5,200,-5.9180
1981,9,2,1,118,-10.0322
1981,9,2,2,98,-7.7449
1981,9,2,3,88,-5.4784
1981,9,2,4,87,-5.5660
1981,9,2,5,93,-4.8484
1981,9,3,1,151,-8.7502
1981,9,3,2,141,-5.3180
1981,9,3,3,136,-4.9865
1981,9,3,4,137,-4.9625
1981,9,3,5,91,-6.2154
1981,10,1,1,155,8.3290
1981,10,1,2,98,10.7780
1981,10,1,3,91,10.1920
1981,10,1,4,104,8.6701
1981,10,1,5,210,10.7575
1981,10,2,1,114,9.7459
1981,10,2,2,103,6.7753
1981,10,2,3,84,6.7195
1981,10,2,4,90,6.9811
1981,10,2,5,95,7.7628
1981,10,3,1,147,7.6170
1981,10,3,2,139,5.1882
1981,10,3,3,142,3.5707
1981,10,3,4,137,7.2612
1981,10,3,5,88,3.8037
1981,11,1,1,139,1.5046
1981,11,1,2,108,1.6027
1981,11,1,3,97,3.9954
1981,11,1,4,106,5.2737
1981,11,1,5,196,4.5515
1981,11,2,1,109,0.3752
1981,11,2,2,99,4.7012
1981,11,2,3,88,4.0565
1981,11,2,4,96,4.4233
1981,11,2,5,92,5.2457
1981,11,3,1,147,3.2323
1981,11,3,2,140,3.9594
1981,11,3,3,138,5.5227
1981,11,3,4,126,5.1634
1981,11,3,5,102,5.7278
1981,12,1,1,153,-0.5371
1981,12,1,2,107,-2.5622
1981,12,1,3,106,-0.7683
1981,12,1,4,92,-0.8262
1981,12,1,5,194,0.0728
1981,12,2,1,104,-2.1243
1981,12,2,2,92,-0.3388
1981,12,2,3,93,-0.4845
1981,12,2,4,102,-0.4176
1981,12,2,5,85,-1.0187
1981,12,3,1,146,-3.1608
1981,12,3,2,147,-2.9368
1981,12,3,3,135,-2.3475
1981,12,3,4,122,-2.5895
1981,12,3,5,98,-3.2271
1982,1,1,1,161,-2.8727
1982,1,1,2,94,0.1279
1982,1,1,3,95,0.5896
1982,1,1,4,116,-2.1295
1982,1,1,5,184,-0.8147
1982,1,2,1,111,-3.5532
1982,1,2,2,101,-5.3654
1982,1,2,3,90,-4.6067
1982,1,2,4,82,-4.1306
1982,1,2,5,89,-0.4309
1982,1,3,1,148,-1.8317
1982,1,3,2,141,-0.9136
1982,1,3,3,137,-3.3200
1982,1,3,4,123,-2.8114
1982,1,3,5,99,-2.0466
1982,2,1,1,166,-4.6709
1982,2,1,2,104,-4.1676
1982,2,1,3,87,-3.3815
1982,2,1,4,109,-3.3020
1982,2,1,5,187,-2.6787
1982,2,2,1,99,-6.1977
1982,2,2,2,92,-5.7342
1982,2,2,3,102,-3.8489
1982,2,2,4,71,-3.7474
1982,2,2,5,94,-0.5354
1982,2,3,1,150,-6.6183
1982,2,3,2,140,-4.9302
1982,2,3,3,142,-6.2066
1982,2,3,4,130,-5.1174
1982,2,3,5,86,-2.0952
1982,3,1,1,188,-0.2899
1982,3,1,2,93,-1.0308
1982,3,1,3,100,-3.0425
1982,3,1,4,104,-1.7233
1982,3,1,5,171,1.5370
1982,3,2,1,95,-1.0970
1982,3,2,2,89,-2.9861
1982,3,2,3,91,-1.7759
1982,3,2,4,85,1.5787
1982,3,2,5,90,-0.8637
1982,3,3,1,136,-0.5177
1982,3,3,2,142,-0.0297
1982,3,3,3,143,-1.1476
1982,3,3,4,133,-0.0228
1982,3,3,5,96,-2.1346
1982,4,1,1,177,3.3362
1982,4,1,2,89,4.5098
1982,4,1,3,110,5.1652
1982,4,1,4,96,3.2414
1982,4,1,5,167,5.2636
1982,4,2,1,105,8.1132
1982,4,2,2,91,5.6289
1982,4,2,3,81,5.9095
1982,4,2,4,85,5.3879
1982,4,2,5,83,5.4260
1982,4,3,1,123,4.8633
1982,4,3,2,141,6.3424
1982,4,3,3,140,3.4073
1982,4,3,4,137,3.2411
1982,4,3,5,97,4.6751
1982,5,1,1,163,-3.3407
1982,5,1,2,88,-3.2363
1982,5,1,3,106,-1.0638
1982,5,1,4,103,-1.4724
1982,5,1,5,156,-1.9664
1982,5,2,1,121,-3.6418
1982,5,2,2,80,-2.8303
1982,5,2,3,87,-4.3495
1982,5,2,4,73,-1.0862
1982,5,2,5,70,-2.5957
1982,5,3,1,109,-4.2488
1982,5,3,2,139,-3.3303
1982,5,3,3,126,-1.7367
1982,5,3,4,141,-1.9023
1982,5,3,5,105,-0.9925
1982,6,1,1,172,-3.3235
1982,6,1,2,95,-3.8416
1982,6,1,3,100,-1.2296
1982,6,1,4,111,-1.6327
1982,6,1,5,138,-1.6822
1982,6,2,1,119,-1.9946
1982,6,2,2,81,-1.6579
1982,6,2,3,93,-1.9249
1982,6,2,4,70,-2.5933
1982,6,2,5,66,-2.8038
1982,6,3,1,110,1.8109
1982,6,3,2,144,-2.2723
1982,6,3,3,118,-0.1379
1982,6,3,4,135,-2.9306
1982,6,3,5,112,-4.8620
1982,7,1,1,187,-2.6439
1982,7,1,2,99,-0.7811
1982,7,1,3,94,0.1738
1982,7,1,4,111,-1.7388
1982,7,1,5,122,-1.0313
1982,7,2,1,127,-1.8828
1982,7,2,2,66,-0.4648
1982,7,2,3,92,0.1381
1982,7,2,4,73,-1.3597
1982,7,2,5,75,0.8690
1982,7,3,1,106,-1.8693
1982,7,3,2,145,0.4208
1982,7,3,3,117,-2.7750
1982,7,3,4,129,-2.9640
1982,7,3,5,115,-3.7406
1982,8,1,1,205,7.7404
1982,8,1,2,98,7.6800
1982,8,1,3,106,6.2411
1982,8,1,4,109,7.3442
1982,8,1,5,148,9.6962
1982,8,2,1,127,10.7138
1982,8,2,2,84,10.3503
1982,8,2,3,86,10.9940
1982,8,2,4,70,12.2928
1982,8,2,5,76,9.6606
1982,8,3,1,106,14.3896
1982,8,3,2,138,11.7096
1982,8,3,3,126,12.1368
1982,8,3,4,133,12.5037
1982,8,3,5,118,14.3735
1982,9,1,1,205,3.3166
1982,9,1,2,101,3.4872
1982,9,1,3,93,3.4097
1982,9,1,4,111,6.1560
1982,9,1,5,195,4.5257
1982,9,2,1,131,1.3148
1982,9,2,2,86,2.9335
1982,9,2,3,92,4.0516
1982,9,2,4,65,3.1920
1982,9,2,5,79,3.5100
1982,9,3,1,108,-0.3209
1982,9,3,2,135,1.7621
1982,9,3,3,130,1.7476
1982,9,3,4,134,0.4055
1982,9,3,5,111,1.2078
1982,10,1,1,199,12.6962
1982,10,1,2,109,13.8081
1982,10,1,3,91,14.9389
1982,10,1,4,130,15.2368
1982,10,1,5,180,16.3273
1982,10,2,1,123,13.7448
1982,10,2,2,89,13.7857
1982,10,2,3,103,13.5853
1982,10,2,4,62,11.2893
1982,10,2,5,79,12.4405
1982,10,3,1,114,15.5758
1982,10,3,2,131,11.9887
1982,10,3,3,127,10.8419
1982,10,3,4,135,8.0342
1982,10,3,5,115,11.0471
1982,11,1,1,206,8.5832
1982,11,1,2,120,8.4712
1982,11,1,3,131,11.1773
1982,11,1,4,144,12.1555
1982,11,1,5,175,10.5264
1982,11,2,1,139,9.9503
1982,11,2,2,87,9.6416
1982,11,2,3,101,7.3879
1982,11,2,4,75,8.8036
1982,11,2,5,78,6.6551
1982,11,3,1,123,9.1025
1982,11,3,2,135,7.0770
1982,11,3,3,116,5.3556
1982,11,3,4,130,2.0968
1982,11,3,5,117,0.2337
1982,12,1,1,253,0.9046
1982,12,1,2,141,3.0115
1982,12,1,3,143,3.2933
1982,12,1,4,143,1.9032
1982,12,1,5,162,2.7670
1982,12,2,1,134,-0.4669
1982,12,2,2,97,2.1673
1982,12,2,3,99,2.7813
1982,12,2,4,81,3.3583
1982,12,2,5,75,1.0653
1982,12,3,1,131,0.3848
1982,12,3,2,120,0.5721
1982,12,3,3,119,2.5941
1982,12,3,4,133,0.0010
1982,12,3,5,119,4.5662
1983,1,1,1,270,9.8886
1983,1,1,2,152,11.2207
1983,1,1,3,135,7.9992
1983,1,1,4,132,10.0758
1983,1,1,5,175,7.3990
1983,1,2,1,150,8.9988
1983,1,2,2,98,7.0760
1983,1,2,3,103,4.2491
1983,1,2,4,76,5.0525
1983,1,2,5,76,5.5506
1983,1,3,1,134,6.5991
1983,1,3,2,123,1.3300
1983,1,3,3,113,3.7296
1983,1,3,4,134,4.7869
1983,1,3,5,116,4.1261
1983,2,1,1,283,6.3182
1983,2,1,2,147,4.6149
1983,2,1,3,154,6.8018
1983,2,1,4,120,7.8768
1983,2,1,5,172,8.0455
1983,2,2,1,160,4.1703
1983,2,2,2,110,5.1809
1983,2,2,3,101,6.8863
1983,2,2,4,84,5.8184
1983,2,2,5,86,4.9467
1983,2,3,1,130,3.6437
1983,2,3,2,122,4.8449
1983,2,3,3,122,2.9268
1983,2,3,4,128,1.2572
1983,2,3,5,110,1.8467
1983,3,1,1,305,1.7893
1983,3,1,2,155,2.7712
1983,3,1,3,165,6.9096
1983,3,1,4,145,7.4526
1983,3,1,5,186,7.3861
1983,3,2,1,164,2.5273
1983,3,2,2,98,3.2593
1983,3,2,3,86,4.0750
1983,3,2,4,103,5.7121
1983,3,2,5,80,3.3222
1983,3,3,1,133,0.5528
1983,3,3,2,123,3.7136
1983,3,3,3,126,2.4132
1983,3,3,4,124,2.6371
1983,3,3,5,110,5.2164
1983,4,1,1,312,7.5942
1983,4,1,2,186,6.4034
1983,4,1,3,156,7.8665
1983,4,1,4,159,9.8155
1983,4,1,5,176,8.8437
1983,4,2,1,157,6.6941
1983,4,2,2,115,6.4904
1983,4,2,3,91,7.1247
1983,4,2,4,95,6.4727
1983,4,2,5,73,7.6300
1983,4,3,1,132,5.9011
1983,4,3,2,123,5.4250
1983,4,3,3,121,5.5212
1983,4,3,4,130,7.9820
1983,4,3,5,112,8.7137
1983,5,1,1,289,9.4878
1983,5,1,2,209,10.3516
1983,5,1,3,173,8.0911
1983,5,1,4,186,9.6376
1983,5,1,5,168,8.8959
1983,5,2,1,172,6.3257
1983,5,2,2,122,8.3138
1983,5,2,3,99,4.7879
1983,5,2,4,74,5.1399
1983,5,2,5,86,4.0230
1983,5,3,1,127,3.9597
1983,5,3,2,123,-0.4660
1983,5,3,3,126,0.0747
1983,5,3,4,140,-1.8525
1983,5,3,5,106,0.0695
1983,6,1,1,329,4.1044
1983,6,1,2,207,4.9366
1983,6,1,3,201,4.2027
1983,6,1,4,179,6.0431
1983,6,1,5,156,1.9421
1983,6,2,1,167,4.7527
1983,6,2,2,120,4.9025
1983,6,2,3,105,6.6759
1983,6,2,4,89,7.0889
1983,6,2,5,69,3.0489
1983,6,3,1,128,5.2704
1983,6,3,2,131,3.3970
1983,6,3,3,126,6.0812
1983,6,3,4,132,3.8415
1983,6,3,5,114,1.5730
1983,7,1,1,356,-5.6001
1983,7,1,2,207,-2.7017
1983,7,1,3,216,-0.8717
1983,7,1,4,189,1.7570
1983,7,1,5,143,1.5556
1983,7,2,1,162,-6.5523
1983,7,2,2,121,-3.6522
1983,7,2,3,98,-2.6726
1983,7,2,4,89,-0.5757
1983,7,2,5,75,3.6097
1983,7,3,1,127,-4.5689
1983,7,3,2,122,-5.2437
1983,7,3,3,131,-3.9372
1983,7,3,4,134,-3.4783
1983,7,3,5,112,0.6335
1983,8,1,1,399,-4.7491
1983,8,1,2,210,-3.7255
1983,8,1,3,192,-1.8767
1983,8,1,4,162,-2.8263
1983,8,1,5,150,-0.6028
1983,8,2,1,195,-4.1542
1983,8,2,2,128,-4.1589
1983,8,2,3,102,-3.3510
1983,8,2,4,86,-2.4810
1983,8,2,5,62,-0.4903
1983,8,3,1,121,-0.7929
1983,8,3,2,134,-1.6634
1983,8,3,3,121,-0.7240
1983,8,3,4,136,2.1135
1983,8,3,5,127,4.0735
1983,9,1,1,402,-0.1871
1983,9,1,2,216,0.5365
1983,9,1,3,168,1.8603
1983,9,1,4,183,2.5436
1983,9,1,5,201,4.1779
1983,9,2,1,177,1.4844
1983,9,2,2,131,1.6818
1983,9,2,3,102,4.0501
1983,9,2,4,91,3.9888
1983,9,2,5,84,5.4522
1983,9,3,1,131,-1.1679
1983,9,3,2,127,0.9134
1983,9,3,3,126,3.8357
1983,9,3,4,134,1.6508
1983,9,3,5,116,1.7487
1983,10,1,1,377,-8.4666
1983,10,1,2,199,-6.7918
1983,10,1,3,179,-3.7856
1983,10,1,4,193,-3.0148
1983,10,1,5,223,-4.3011
1983,10,2,1,177,-11.2559
1983,10,2,2,143,-6.3452
1983,10,2,3,99,-5.5599
1983,10,2,4,98,-3.7515
1983,10,2,5,77,-0.7454
1983,10,3,1,140,-7.6796
1983,10,3,2,123,-5.8726
1983,10,3,3,128,-0.6606
1983,10,3,4,118,1.4785
1983,10,3,5,125,0.7470
1983,11,1,1,373,3.2924
1983,11,1,2,200,7.0061
1983,11,1,3,192,4.9011
1983,11,1,4,199,5.6484
1983,11,1,5,218,5.0951
1983,11,2,1,186,5.5440
1983,11,2,2,148,6.5076
1983,11,2,3,101,6.9135
1983,11,2,4,106,5.8826
1983,11,2,5,72,4.1265
1983,11,3,1,126,6.3225
1983,11,3,2,136,1.0168
1983,11,3,3,136,2.8615
1983,11,3,4,116,3.2701
1983,11,3,5,122,-0.2907
1983,12,1,1,400,-3.3914
1983,12,1,2,246,-1.6072
1983,12,1,3,185,-1.8386
1983,12,1,4,233,-1.1669
1983,12,1,5,210,-0.1780
1983,12,2,1,175,-1.9373
1983,12,2,2,140,-2.0993
1983,12,2,3,103,-1.3876
1983,12,2,4,105,-1.1998
1983,12,2,5,73,-1.2203
1983,12,3,1,135,-1.8682
1983,12,3,2,134,-2.0376
1983,12,3,3,140,-0.1051
1983,12,3,4,113,0.0589
1983,12,3,5,119,-1.6996
1984,1,1,1,422,-1.9170
1984,1,1,2,243,-2.5214
1984,1,1,3,194,-0.0739
1984,1,1,4,233,-0.8520
1984,1,1,5,229,1.9821
1984,1,2,1,167,-4.2972
1984,1,2,2,147,-5.7774
1984,1,2,3,111,-2.9829
1984,1,2,4,92,-1.7892
1984,1,2,5,79,2.2611
1984,1,3,1,138,-6.2407
1984,1,3,2,127,-5.0768
1984,1,3,3,144,-3.6235
1984,1,3,4,116,2.1258
1984,1,3,5,118,4.6602
1984,2,1,1,469,-7.7770
1984,2,1,2,230,-6.3418
1984,2,1,3,197,-6.0987
1984,2,1,4,210,-5.7987
1984,2,1,5,214,-5.3996
1984,2,2,1,180,-6.4726
1984,2,2,2,146,-6.0139
1984,2,2,3,98,-3.8271
1984,2,2,4,94,-4.1273
1984,2,2,5,80,-2.4954
1984,2,3,1,127,-4.0330
1984,2,3,2,133,-5.6585
1984,2,3,3,130,-4.5558
1984,2,3,4,130,-1.9173
1984,2,3,5,113,-2.4560
1984,3,1,1,477,-0.7929
1984,3,1,2,269,1.8687
1984,3,1,3,208,0.2520
1984,3,1,4,210,0.7091
1984,3,1,5,224,2.2421
1984,3,2,1,175,-0.4280
1984,3,2,2,136,1.2201
1984,3,2,3,109,-1.0765
1984,3,2,4,112,1.1761
1984,3,2,5,75,1.8372
1984,3,3,1,130,2.1877
1984,3,3,2,126,1.7953
1984,3,3,3,128,1.9818
1984,3,3,4,124,1.7305
1984,3,3,5,120,-0.2515
1984,4,1,1,501,-1.9047
1984,4,1,2,265,-2.0137
1984,4,1,3,221,-0.6323
1984,4,1,4,217,0.2655
1984,4,1,5,237,-0.9495
1984,4,2,1,157,-0.7467
1984,4,2,2,126,2.0796
1984,4,2,3,103,1.1836
1984,4,2,4,112,0.8911
1984,4,2,5,84,-0.6817
1984,4,3,1,135,-0.3817
1984,4,3,2,127,0.4742
1984,4,3,3,125,1.1910
1984,4,3,4,125,0.9204
1984,4,3,5,116,1.6985
1984,5,1,1,463,-6.9811
1984,5,1,2,261,-5.7589
1984,5,1,3,238,-3.6505
1984,5,1,4,245,-3.2848
1984,5,1,5,237,-1.7505
1984,5,2,1,156,-6.1842
1984,5,2,2,137,-4.7748
1984,5,2,3,104,-5.0354
1984,5,2,4,108,-3.5345
1984,5,2,5,83,-1.2557
1984,5,3,1,140,-5.1600
1984,5,3,2,126,-5.3102
1984,5,3,3,131,-6.4841
1984,5,3,4,127,-4.7507
1984,5,3,5,124,-2.3616
1984,6,1,1,468,1.5869
1984,6,1,2,269,2.5961
1984,6,1,3,232,3.9656
1984,6,1,4,274,3.7173
1984,6,1,5,220,1.8068
1984,6,2,1,168,4.8400
1984,6,2,2,140,4.0604
1984,6,2,3,112,3.0636
1984,6,2,4,99,3.6284
1984,6,2,5,75,2.9284
1984,6,3,1,128,5.6361
1984,6,3,2,146,2.4011
1984,6,3,3,125,4.8904
1984,6,3,4,128,1.0174
1984,6,3,5,118,1.3698
1984,7,1,1,470,-6.1160
1984,7,1,2,292,-4.6066
1984,7,1,3,225,-4.1662
1984,7,1,4,275,-3.2086
1984,7,1,5,218,-1.9676
1984,7,2,1,169,-4.6195
1984,7,2,2,134,-4.5948
1984,7,2,3,107,-5.9001
1984,7,2,4,112,-3.5082
1984,7,2,5,66,-2.2776
1984,7,3,1,133,-4.0397
1984,7,3,2,145,-0.3671
1984,7,3,3,130,-0.9979
1984,7,3,4,115,-3.0006
1984,7,3,5,125,-0.0341
1984,8,1,1,486,9.3378
1984,8,1,2,291,13.1859
1984,8,1,3,214,12.2520
1984,8,1,4,232,11.4034
1984,8,1,5,238,12.2542
1984,8,2,1,181,11.5211
1984,8,2,2,146,14.1763
1984,8,2,3,99,12.4348
1984,8,2,4,104,11.6462
1984,8,2,5,84,13.0078
1984,8,3,1,130,10.5479
1984,8,3,2,143,10.4752
1984,8,3,3,138,10.5710
1984,8,3,4,128,11.5452
1984,8,3,5,119,11.5585
1984,9,1,1,508,-1.8099
1984,9,1,2,279,-1.2361
1984,9,1,3,232,0.3374
1984,9,1,4,229,0.5614
1984,9,1,5,258,1.2790
1984,9,2,1,187,-3.8802
1984,9,2,2,133,-1.6810
1984,9,2,3,108,-0.0794
1984,9,2,4,103,-0.6216
1984,9,2,5,87,1.7760
1984,9,3,1,124,-3.0409
1984,9,3,2,152,-3.5406
1984,9,3,3,138,0.0052
1984,9,3,4,125,0.5722
1984,9,3,5,119,3.3260
1984,10,1,1,524,-4.0844
1984,10,1,2,278,-1.4357
1984,10,1,3,227,-2.0487
1984,10,1,4,213,0.4316
1984,10,1,5,272,-1.0006
1984,10,2,1,183,-2.4957
1984,10,2,2,135,-2.4191
1984,10,2,3,104,-0.1701
1984,10,2,4,100,0.3001
1984,10,2,5,85,1.1089
1984,10,3,1,129,-2.1559
1984,10,3,2,147,0.3555
1984,10,3,3,140,0.6475
1984,10,3,4,124,0.5352
1984,10,3,5,120,1.5381
1984,11,1,1,467,-4.8176
1984,11,1,2,249,-3.1344
1984,11,1,3,266,-1.5519
1984,11,1,4,205,-1.9897
1984,11,1,5,291,-2.6700
1984,11,2,1,173,-4.0035
1984,11,2,2,131,-1.7182
1984,11,2,3,120,-2.6097
1984,11,2,4,100,-0.5712
1984,11,2,5,86,-0.3635
1984,11,3,1,132,-3.8868
1984,11,3,2,136,-1.5966
1984,11,3,3,138,-1.0961
1984,11,3,4,128,0.0236
1984,11,3,5,112,1.4000
1984,12,1,1,480,0.8800
1984,12,1,2,251,1.3893
1984,12,1,3,231,2.7524
1984,12,1,4,225,0.4951
1984,12,1,5,279,1.8029
1984,12,2,1,178,0.6488
1984,12,2,2,101,2.6008
1984,12,2,3,118,2.8001
1984,12,2,4,108,4.3826
1984,12,2,5,88,3.3481
1984,12,3,1,130,0.5043
1984,12,3,2,151,2.6499
1984,12,3,3,128,1.5762
1984,12,3,4,113,2.9181
1984,12,3,5,120,2.6976
1985,1,1,1,473,15.7114
1985,1,1,2,234,13.6421
1985,1,1,3,229,13.2900
1985,1,1,4,225,14.9376
1985,1,1,5,311,14.2588
1985,1,2,1,171,13.8993
1985,1,2,2,115,12.7965
1985,1,2,3,108,13.1243
1985,1,2,4,107,11.5234
1985,1,2,5,90,11.0391
1985,1,3,1,136,10.4983
1985,1,3,2,143,8.1091
1985,1,3,3,126,7.7193
1985,1,3,4,119,7.3444
1985,1,3,5,118,5.4381
1985,2,1,1,475,2.6050
1985,2,1,2,238,2.9000
1985,2,1,3,222,3.4003
1985,2,1,4,211,4.0801
1985,2,1,5,287,5.5189
1985,2,2,1,171,1.8416
1985,2,2,2,127,1.9201
1985,2,2,3,102,4.1556
1985,2,2,4,88,1.2269
1985,2,2,5,92,2.6297
1985,2,3,1,134,1.0096
1985,2,3,2,133,0.8351
1985,2,3,3,133,2.1379
1985,2,3,4,121,1.6917
1985,2,3,5,112,1.8460
1985,3,1,1,493,-2.9611
1985,3,1,2,272,-2.1425
1985,3,1,3,194,-1.6380
1985,3,1,4,249,-1.2851
1985,3,1,5,254,0.5194
1985,3,2,1,182,-4.2812
1985,3,2,2,125,-4.3288
1985,3,2,3,98,-2.8096
1985,3,2,4,90,-1.5734
1985,3,2,5,93,0.2565
1985,3,3,1,121,-1.4931
1985,3,3,2,132,0.2383
1985,3,3,3,126,-0.7459
1985,3,3,4,126,-0.1668
1985,3,3,5,118,1.9592
1985,4,1,1,518,-2.6158
1985,4,1,2,255,-0.9227
1985,4,1,3,196,-1.2292
1985,4,1,4,220,0.2800
1985,4,1,5,271,0.0353
1985,4,2,1,164,-3.2151
1985,4,2,2,121,-1.6661
1985,4,2,3,101,-1.2834
1985,4,2,4,94,-0.6272
1985,4,2,5,94,0.0028
1985,4,3,1,135,-1.5024
1985,4,3,2,130,-1.8343
1985,4,3,3,114,-1.1299
1985,4,3,4,128,0.5092
1985,4,3,5,118,-0.1321
1985,5,1,1,451,2.6271
1985,5,1,2,260,3.7273
1985,5,1,3,207,3.8657
1985,5,1,4,229,2.8711
1985,5,1,5,245,4.5768
1985,5,2,1,178,2.6374
1985,5,2,2,132,5.1245
1985,5,2,3,93,4.1294
1985,5,2,4,112,4.2855
1985,5,2,5,82,3.6499
1985,5,3,1,130,4.8591
1985,5,3,2,130,6.1938
1985,5,3,3,124,6.5001
1985,5,3,4,129,6.6044
1985,5,3,5,125,6.1587
1985,6,1,1,411,0.0136
1985,6,1,2,254,1.4938
1985,6,1,3,233,0.8804
1985,6,1,4,268,0.3708
1985,6,1,5,230,2.8444
1985,6,2,1,166,-0.0014
1985,6,2,2,140,0.8557
1985,6,2,3,103,-0.3050
1985,6,2,4,115,2.6894
1985,6,2,5,68,5.1645
1985,6,3,1,135,1.3744
1985,6,3,2,135,0.7844
1985,6,3,3,131,1.8763
1985,6,3,4,122,2.4277
1985,6,3,5,116,2.7124
1985,7,1,1,421,2.8159
1985,7,1,2,240,2.0422
1985,7,1,3,222,4.0726
1985,7,1,4,258,4.0008
1985,7,1,5,251,3.1583
1985,7,2,1,182,2.6215
1985,7,2,2,130,3.5064
1985,7,2,3,99,4.6361
1985,7,2,4,98,2.7566
1985,7,2,5,77,1.5617
1985,7,3,1,130,-0.0173
1985,7,3,2,133,0.2286
1985,7,3,3,136,0.4756
1985,7,3,4,118,0.0358
1985,7,3,5,114,-2.8173
1985,8,1,1,468,-1.9842
1985,8,1,2,248,-0.5047
1985,8,1,3,175,-1.0201
1985,8,1,4,236,-0.2453
1985,8,1,5,226,0.8807
1985,8,2,1,206,-2.5255
1985,8,2,2,120,-2.2328
1985,8,2,3,83,-0.8265
1985,8,2,4,96,0.7731
1985,8,2,5,88,1.2072
1985,8,3,1,121,-0.9245
1985,8,3,2,140,-1.4701
1985,8,3,3,130,-0.4717
1985,8,3,4,125,0.4810
1985,8,3,5,110,0.4164
1985,9,1,1,462,-7.4146
1985,9,1,2,271,-5.4059
1985,9,1,3,188,-5.1175
1985,9,1,4,225,-4.2213
1985,9,1,5,255,-4.7874
1985,9,2,1,177,-7.2218
1985,9,2,2,127,-5.5062
1985,9,2,3,92,-5.4780
1985,9,2,4,81,-3.5137
1985,9,2,5,100,-4.8700
1985,9,3,1,123,-5.1968
1985,9,3,2,142,-3.2751
1985,9,3,3,133,-2.2248
1985,9,3,4,127,-3.4412
1985,9,3,5,105,-4.1920
1985,10,1,1,456,1.6630
1985,10,1,2,268,1.0488
1985,10,1,3,197,3.0724
1985,10,1,4,212,4.7732
1985,10,1,5,273,4.0171
1985,10,2,1,174,3.6692
1985,10,2,2,121,3.9495
1985,10,2,3,98,5.7506
1985,10,2,4,98,2.9707
1985,10,2,5,88,5.3956
1985,10,3,1,124,5.1651
1985,10,3,2,146,3.8246
1985,10,3,3,125,3.6246
1985,10,3,4,124,4.2483
1985,10,3,5,106,4.8316
1985,11,1,1,413,5.4821
1985,11,1,2,270,4.9876
1985,11,1,3,201,7.8318
1985,11,1,4,226,6.6165
1985,11,1,5,251,7.3729
1985,11,2,1,169,9.2805
1985,11,2,2,118,8.0295
1985,11,2,3,108,7.2334
1985,11,2,4,102,8.6727
1985,11,2,5,84,7.7949
1985,11,3,1,116,7.6173
1985,11,3,2,144,8.3407
1985,11,3,3,131,8.8778
1985,11,3,4,109,4.9916
1985,11,3,5,109,4.8361
1985,12,1,1,429,4.1811
1985,12,1,2,239,4.6740
1985,12,1,3,219,3.7572
1985,12,1,4,221,5.5151
1985,12,1,5,231,6.5940
1985,12,2,1,168,4.5407
1985,12,2,2,103,4.6667
1985,12,2,3,120,5.1250
1985,12,2,4,103,4.9432
1985,12,2,5,77,4.3990
1985,12,3,1,129,2.5945
1985,12,3,2,136,4.4548
1985,12,3,3,126,5.9603
1985,12,3,4,100,3.2996
1985,12,3,5,115,4.4686
1986,1,1,1,425,2.2972
1986,1,1,2,231,2.1726
1986,1,1,3,224,3.6292
1986,1,1,4,225,3.4302
1986,1,1,5,247,4.8963
1986,1,2,1,166,0.8508
1986,1,2,2,103,-0.1441
1986,1,2,3,114,2.1223
1986,1,2,4,100,1.2993
1986,1,2,5,78,4.3935
1986,1,3,1,124,2.3695
1986,1,3,2,138,-1.4307
1986,1,3,3,120,0.3255
1986,1,3,4,106,0.6465
1986,1,3,5,111,1.7540
1986,2,1,1,435,4.9005
1986,2,1,2,217,5.4959
1986,2,1,3,222,6.7921
1986,2,1,4,183,7.6643
1986,2,1,5,262,10.6479
1986,2,2,1,170,5.6145
1986,2,2,2,111,5.5033
1986,2,2,3,112,7.7824
1986,2,2,4,105,8.1600
1986,2,2,5,79,8.1938
1986,2,3,1,117,7.4897
1986,2,3,2,137,8.6894
1986,2,3,3,111,8.6411
1986,2,3,4,111,8.1635
1986,2,3,5,114,5.8785
1986,3,1,1,405,2.8581
1986,3,1,2,212,3.9270
1986,3,1,3,196,3.9009
1986,3,1,4,214,6.6806
1986,3,1,5,268,6.0622
1986,3,2,1,187,3.8404
1986,3,2,2,111,3.7918
1986,3,2,3,110,6.6047
1986,3,2,4,94,8.2495
1986,3,2,5,91,5.9810
1986,3,3,1,116,4.9188
1986,3,3,2,136,7.1425
1986,3,3,3,112,4.9551
1986,3,3,4,109,5.9096
1986,3,3,5,104,4.8743
1986,4,1,1,398,1.6138
1986,4,1,2,208,1.7375
1986,4,1,3,196,3.2253
1986,4,1,4,214,1.9271
1986,4,1,5,266,2.6006
1986,4,2,1,172,3.6601
1986,4,2,2,122,2.6664
1986,4,2,3,117,-0.0534
1986,4,2,4,85,0.8369
1986,4,2,5,84,1.7720
1986,4,3,1,122,1.1544
1986,4,3,2,135,0.0218
1986,4,3,3,115,0.2817
1986,4,3,4,113,-1.0857
1986,4,3,5,109,-1.6055
1986,5,1,1,420,2.6539
1986,5,1,2,197,4.2026
1986,5,1,3,186,4.8586
1986,5,1,4,238,4.4769
1986,5,1,5,235,3.1125
1986,5,2,1,179,4.7632
1986,5,2,2,137,3.0327
1986,5,2,3,97,3.5101
1986,5,2,4,106,4.8387
1986,5,2,5,78,3.4467
1986,5,3,1,112,4.8835
1986,5,3,2,137,5.0304
1986,5,3,3,129,5.4954
1986,5,3,4,112,5.6069
1986,5,3,5,113,6.2346
1986,6,1,1,434,-0.4637
1986,6,1,2,216,-1.9299
1986,6,1,3,205,1.9163
1986,6,1,4,219,1.3663
1986,6,1,5,237,3.0106
1986,6,2,1,167,-1.2134
1986,6,2,2,149,1.6346
1986,6,2,3,110,-1.7064
1986,6,2,4,104,1.0225
1986,6,2,5,76,2.9662
1986,6,3,1,119,0.7638
1986,6,3,2,134,1.1963
1986,6,3,3,124,3.6755
1986,6,3,4,112,1.1374
1986,6,3,5,104,2.6996
1986,7,1,1,430,-10.1258
1986,7,1,2,242,-9.7199
1986,7,1,3,224,-7.2054
1986,7,1,4,208,-7.2774
1986,7,1,5,219,-6.0108
1986,7,2,1,166,-11.2351
1986,7,2,2,129,-11.4541
1986,7,2,3,118,-9.5897
1986,7,2,4,91,-5.9174
1986,7,2,5,79,-4.1506
1986,7,3,1,117,-8.5724
1986,7,3,2,131,-7.2632
1986,7,3,3,133,-5.6237
1986,7,3,4,110,-4.4955
1986,7,3,5,104,-0.4265
1986,8,1,1,484,0.9867
1986,8,1,2,204,0.5366
1986,8,1,3,180,2.0718
1986,8,1,4,210,1.1560
1986,8,1,5,249,2.6733
1986,8,2,1,186,3.8810
1986,8,2,2,104,4.6318
1986,8,2,3,107,4.6552
1986,8,2,4,98,3.8045
1986,8,2,5,101,5.6715
1986,8,3,1,128,4.6314
1986,8,3,2,132,3.8349
1986,8,3,3,130,7.4921
1986,8,3,4,118,8.4050
1986,8,3,5,97,9.7226
1986,9,1,1,475,-7.9723
1986,9,1,2,201,-6.7757
1986,9,1,3,209,-6.3522
1986,9,1,4,208,-5.8128
1986,9,1,5,318,-4.5452
1986,9,2,1,177,-8.2361
1986,9,2,2,112,-7.2395
1986,9,2,3,86,-7.4279
1986,9,2,4,105,-4.3920
1986,9,2,5,108,-4.9673
1986,9,3,1,117,-7.3131
1986,9,3,2,148,-10.3889
1986,9,3,3,136,-7.5131
1986,9,3,4,115,-6.9464
1986,9,3,5,89,-6.9639
1986,10,1,1,483,2.2626
1986,10,1,2,221,1.6757
1986,10,1,3,181,3.0854
1986,10,1,4,215,5.4588
1986,10,1,5,334,3.6233
1986,10,2,1,174,4.4195
1986,10,2,2,112,6.1861
1986,10,2,3,103,4.3035
1986,10,2,4,107,5.6114
1986,10,2,5,93,4.7005
1986,10,3,1,112,7.1622
1986,10,3,2,152,6.8425
1986,10,3,3,134,4.5423
1986,10,3,4,114,5.8120
1986,10,3,5,97,5.8682
1986,11,1,1,379,-1.3529
1986,11,1,2,267,0.3134
1986,11,1,3,240,0.9878
1986,11,1,4,225,1.6199
1986,11,1,5,329,1.2004
1986,11,2,1,150,-1.0310
1986,11,2,2,137,0.7240
1986,11,2,3,114,1.3997
1986,11,2,4,94,0.4373
1986,11,2,5,91,1.8548
1986,11,3,1,97,0.8867
1986,11,3,2,157,2.3561
1986,11,3,3,125,3.4761
1986,11,3,4,113,3.1204
1986,11,3,5,107,1.9719
1986,12,1,1,423,-3.8060
1986,12,1,2,236,-4.0269
1986,12,1,3,234,-1.8690
1986,12,1,4,228,-0.6975
1986,12,1,5,335,-2.0139
1986,12,2,1,156,-3.0637
1986,12,2,2,122,-2.4847
1986,12,2,3,113,-1.3930
1986,12,2,4,107,-1.0473
1986,12,2,5,95,-2.0717
1986,12,3,1,115,-3.6792
1986,12,3,2,147,-2.8961
1986,12,3,3,121,-2.4994
1986,12,3,4,112,-2.1097
1986,12,3,5,102,-3.5821
1987,1,1,1,437,10.8180
1987,1,1,2,228,11.2064
1987,1,1,3,235,11.4770
1987,1,1,4,257,12.2444
1987,1,1,5,323,11.1058
1987,1,2,1,162,14.1677
1987,1,2,2,116,11.6628
1987,1,2,3,113,13.2861
1987,1,2,4,103,12.2952
1987,1,2,5,85,13.4148
1987,1,3,1,107,13.9704
1987,1,3,2,139,14.7586
1987,1,3,3,112,14.1184
1987,1,3,4,117,12.0558
1987,1,3,5,102,12.2243
1987,2,1,1,423,8.3889
1987,2,1,2,216,9.0814
1987,2,1,3,219,8.4791
1987,2,1,4,225,7.9547
1987,2,1,5,360,8.8987
1987,2,2,1,163,10.1600
1987,2,2,2,110,10.2178
1987,2,2,3,101,7.1626
1987,2,2,4,114,7.7903
1987,2,2,5,89,6.6152
1987,2,3,1,107,6.3963
1987,2,3,2,142,6.1182
1987,2,3,3,117,4.3957
1987,2,3,4,107,3.4741
1987,2,3,5,106,1.2418
1987,3,1,1,458,1.9196
1987,3,1,2,227,1.1789
1987,3,1,3,197,0.5277
1987,3,1,4,228,4.5658
1987,3,1,5,345,4.7357
1987,3,2,1,161,2.1712
1987,3,2,2,120,2.0373
1987,3,2,3,122,1.3546
1987,3,2,4,99,2.2715
1987,3,2,5,96,3.0917
1987,3,3,1,129,4.0733
1987,3,3,2,129,2.2820
1987,3,3,3,125,3.9039
1987,3,3,4,110,0.7389
1987,3,3,5,99,2.8125
1987,4,1,1,460,-2.9735
1987,4,1,2,219,-3.8954
1987,4,1,3,197,-2.4175
1987,4,1,4,253,-2.7053
1987,4,1,5,317,-2.4845
1987,4,2,1,158,-1.4874
1987,4,2,2,107,-3.4430
1987,4,2,3,117,-2.4478
1987,4,2,4,121,-3.3303
1987,4,2,5,89,-4.3527
1987,4,3,1,134,-0.7593
1987,4,3,2,123,-1.7065
1987,4,3,3,119,1.0704
1987,4,3,4,106,-2.9560
1987,4,3,5,99,-1.6322
1987,5,1,1,484,-1.2516
1987,5,1,2,205,-1.0241
1987,5,1,3,197,-0.8491
1987,5,1,4,245,-0.1728
1987,5,1,5,310,-0.0341
1987,5,2,1,167,-0.3105
1987,5,2,2,128,-1.1616
1987,5,2,3,114,1.2853
1987,5,2,4,106,0.5397
1987,5,2,5,88,-0.8019
1987,5,3,1,133,2.4307
1987,5,3,2,122,2.3424
1987,5,3,3,138,-0.3658
1987,5,3,4,114,-0.1249
1987,5,3,5,104,-0.9179
1987,6,1,1,488,1.6551
1987,6,1,2,234,0.7375
1987,6,1,3,218,3.3667
1987,6,1,4,281,4.2717
1987,6,1,5,304,2.5199
1987,6,2,1,165,0.9951
1987,6,2,2,131,3.6575
1987,6,2,3,106,3.4783
1987,6,2,4,106,5.4436
1987,6,2,5,81,3.6622
1987,6,3,1,138,2.8156
1987,6,3,2,123,4.5721
1987,6,3,3,140,6.3224
1987,6,3,4,116,5.6619
1987,6,3,5,96,3.4000
1987,7,1,1,498,1.2244
1987,7,1,2,226,2.9662
1987,7,1,3,216,3.5238
1987,7,1,4,297,3.8544
1987,7,1,5,301,3.1662
1987,7,2,1,165,2.9234
1987,7,2,2,139,2.7359
1987,7,2,3,108,5.1554
1987,7,2,4,115,4.5213
1987,7,2,5,72,0.8588
1987,7,3,1,131,6.2884
1987,7,3,2,132,4.2655
1987,7,3,3,124,4.8875
1987,7,3,4,113,4.2506
1987,7,3,5,98,2.4237
1987,8,1,1,481,1.2750
1987,8,1,2,234,3.4026
1987,8,1,3,240,2.7781
1987,8,1,4,262,3.8711
1987,8,1,5,339,4.8081
1987,8,2,1,186,2.6984
1987,8,2,2,129,4.6493
1987,8,2,3,113,4.5892
1987,8,2,4,109,4.2189
1987,8,2,5,78,4.3721
1987,8,3,1,113,4.4571
1987,8,3,2,151,3.4094
1987,8,3,3,130,3.1217
1987,8,3,4,114,5.3366
1987,8,3,5,107,4.5392
1987,9,1,1,446,-2.2111
1987,9,1,2,250,-0.6018
1987,9,1,3,239,-2.2136
1987,9,1,4,256,-0.9340
1987,9,1,5,401,1.0151
1987,9,2,1,191,-1.4794
1987,9,2,2,130,-2.1018
1987,9,2,3,124,-2.0520
1987,9,2,4,90,-1.7597
1987,9,2,5,74,0.5485
1987,9,3,1,121,-3.2310
1987,9,3,2,152,-3.5102
1987,9,3,3,125,-1.2144
1987,9,3,4,120,-0.2968
1987,9,3,5,102,-3.2777
1987,10,1,1,466,-32.5265
1987,10,1,2,247,-29.1156
1987,10,1,3,250,-30.6441
1987,10,1,4,273,-29.9202
1987,10,1,5,387,-29.4275
1987,10,2,1,175,-31.5406
1987,10,2,2,128,-30.7766
1987,10,2,3,116,-28.7925
1987,10,2,4,107,-28.0574
1987,10,2,5,79,-27.2308
1987,10,3,1,120,-25.9864
1987,10,3,2,146,-23.3292
1987,10,3,3,138,-20.4476
1987,10,3,4,111,-19.5387
1987,10,3,5,102,-18.2196
1987,11,1,1,425,-6.6950
1987,11,1,2,230,-5.5800
1987,11,1,3,243,-7.5317
1987,11,1,4,291,-4.8845
1987,11,1,5,401,-2.8668
1987,11,2,1,164,-4.7904
1987,11,2,2,120,-6.2507
1987,11,2,3,132,-4.7296
1987,11,2,4,122,-4.4685
1987,11,2,5,95,-3.4788
1987,11,3,1,125,-8.6846
1987,11,3,2,153,-8.8284
1987,11,3,3,130,-8.1914
1987,11,3,4,107,-5.8871
1987,11,3,5,98,-4.7509
1987,12,1,1,455,4.7802
1987,12,1,2,218,6.9536
1987,12,1,3,222,7.7970
1987,12,1,4,332,9.5162
1987,12,1,5,377,8.8143
1987,12,2,1,163,10.9655
1987,12,2,2,133,13.3662
1987,12,2,3,117,10.5471
1987,12,2,4,122,11.0436
1987,12,2,5,102,12.1171
1987,12,3,1,139,8.8213
1987,12,3,2,143,8.7988
1987,12,3,3,126,7.1073
1987,12,3,4,108,7.6880
1987,12,3,5,90,5.6602
1988,1,1,1,409,4.9594
1988,1,1,2,221,3.9713
1988,1,1,3,230,4.9814
1988,1,1,4,312,5.8540
1988,1,1,5,417,7.2022
1988,1,2,1,160,1.9418
1988,1,2,2,120,0.0509
1988,1,2,3,113,2.5648
1988,1,2,4,130,3.5337
1988,1,2,5,98,5.3981
1988,1,3,1,146,-0.5891
1988,1,3,2,155,2.3987
1988,1,3,3,110,4.2599
1988,1,3,4,113,5.5387
1988,1,3,5,91,9.0628
1988,2,1,1,425,8.0426
1988,2,1,2,217,8.9874
1988,2,1,3,209,9.1657
1988,2,1,4,289,7.9206
1988,2,1,5,423,12.4793
1988,2,2,1,158,9.5521
1988,2,2,2,115,9.3606
1988,2,2,3,122,10.4149
1988,2,2,4,128,11.1422
1988,2,2,5,105,12.6815
1988,2,3,1,131,5.7849
1988,2,3,2,151,4.0434
1988,2,3,3,110,4.5391
1988,2,3,4,115,6.0768
1988,2,3,5,83,5.0985
1988,3,1,1,442,4.7130
1988,3,1,2,204,5.9296
1988,3,1,3,217,7.5357
1988,3,1,4,238,6.1389
1988,3,1,5,478,6.8303
1988,3,2,1,140,2.2302
1988,3,2,2,115,3.0008
1988,3,2,3,127,5.0296
1988,3,2,4,122,4.8897
1988,3,2,5,113,4.7714
1988,3,3,1,143,-2.9912
1988,3,3,2,144,-2.7132
1988,3,3,3,122,-2.6284
1988,3,3,4,103,-2.3860
1988,3,3,5,84,-3.2339
1988,4,1,1,439,1.5142
1988,4,1,2,215,1.5284
1988,4,1,3,225,1.1175
1988,4,1,4,236,3.6136
1988,4,1,5,427,3.1638
1988,4,2,1,151,2.3810
1988,4,2,2,124,1.0476
1988,4,2,3,124,1.9323
1988,4,2,4,116,3.4050
1988,4,2,5,106,3.1227
1988,4,3,1,128,0.0523
1988,4,3,2,133,-0.5248
1988,4,3,3,127,0.7968
1988,4,3,4,109,1.8226
1988,4,3,5,86,3.2876
1988,5,1,1,468,-2.3418
1988,5,1,2,224,-1.9308
1988,5,1,3,225,-2.3613
1988,5,1,4,261,-0.8893
1988,5,1,5,323,-1.8780
1988,5,2,1,173,-2.5291
1988,5,2,2,138,-1.6257
1988,5,2,3,120,-0.2626
1988,5,2,4,105,-1.5101
1988,5,2,5,93,-1.0011
1988,5,3,1,125,-1.2204
1988,5,3,2,133,-0.2448
1988,5,3,3,120,1.2103
1988,5,3,4,122,0.0374
1988,5,3,5,107,0.6615
1988,6,1,1,474,6.4949
1988,6,1,2,210,7.2607
1988,6,1,3,237,8.0923
1988,6,1,4,258,9.5513
1988,6,1,5,331,8.5272
1988,6,2,1,163,6.4025
1988,6,2,2,169,7.8274
1988,6,2,3,113,10.1230
1988,6,2,4,107,9.4893
1988,6,2,5,98,7.5879
1988,6,3,1,117,4.3018
1988,6,3,2,140,5.9681
1988,6,3,3,127,4.2801
1988,6,3,4,114,3.5384
1988,6,3,5,108,6.7810
1988,7,1,1,474,-0.9522
1988,7,1,2,204,-0.0326
1988,7,1,3,227,-0.5285
1988,7,1,4,264,-0.1214
1988,7,1,5,336,0.5576
1988,7,2,1,178,-2.1358
1988,7,2,2,156,-3.7647
1988,7,2,3,113,-0.5302
1988,7,2,4,108,-0.5084
1988,7,2,5,85,-0.3341
1988,7,3,1,125,-0.8214
1988,7,3,2,133,-1.9755
1988,7,3,3,133,-1.8644
1988,7,3,4,116,0.2936
1988,7,3,5,114,-0.1152
1988,8,1,1,446,-2.0534
1988,8,1,2,228,-2.6911
1988,8,1,3,205,-2.5117
1988,8,1,4,236,-2.3792
1988,8,1,5,358,-1.7882
1988,8,2,1,191,-1.7050
1988,8,2,2,147,-4.3038
1988,8,2,3,113,-4.2373
1988,8,2,4,103,-1.3805
1988,8,2,5,98,-4.7612
1988,8,3,1,109,-3.0069
1988,8,3,2,139,-3.8652
1988,8,3,3,134,-2.4616
1988,8,3,4,121,-2.8125
1988,8,3,5,113,-3.7691
1988,9,1,1,480,1.5043
1988,9,1,2,230,1.8022
1988,9,1,3,176,4.2673
1988,9,1,4,253,5.7996
1988,9,1,5,390,3.7811
1988,9,2,1,187,1.6423
1988,9,2,2,141,3.3779
1988,9,2,3,107,2.3734
1988,9,2,4,122,4.3993
1988,9,2,5,100,2.9948
1988,9,3,1,113,4.8115
1988,9,3,2,142,3.2067
1988,9,3,3,134,5.7336
1988,9,3,4,123,4.3614
1988,9,3,5,103,3.0548
1988,10,1,1,472,-2.5037
1988,10,1,2,241,-1.0726
1988,10,1,3,179,-2.0944
1988,10,1,4,257,0.2304
1988,10,1,5,403,0.1824
1988,10,2,1,173,-0.5620
1988,10,2,2,148,-1.2297
1988,10,2,3,105,-1.3479
1988,10,2,4,126,-0.5534
1988,10,2,5,93,-0.5673
1988,10,3,1,111,0.1334
1988,10,3,2,142,3.9867
1988,10,3,3,124,2.0055
1988,10,3,4,124,3.6901
1988,10,3,5,104,2.5528
1988,11,1,1,421,-4.6282
1988,11,1,2,249,-3.8266
1988,11,1,3,210,-2.3761
1988,11,1,4,275,-4.1836
1988,11,1,5,341,-3.3520
1988,11,2,1,156,-2.8308
1988,11,2,2,144,-3.9472
1988,11,2,3,120,-2.6506
1988,11,2,4,132,-2.7777
1988,11,2,5,79,-2.0384
1988,11,3,1,117,-1.2398
1988,11,3,2,136,-1.4610
1988,11,3,3,120,-1.2716
1988,11,3,4,113,-1.1195
1988,11,3,5,115,-1.5621
1988,12,1,1,469,4.3858
1988,12,1,2,238,3.9873
1988,12,1,3,197,4.3370
1988,12,1,4,298,5.6532
1988,12,1,5,320,5.6010
1988,12,2,1,147,3.5719
1988,12,2,2,121,5.4624
1988,12,2,3,127,3.6957
1988,12,2,4,132,4.6587
1988,12,2,5,75,7.5961
1988,12,3,1,121,3.1987
1988,12,3,2,143,1.6751
1988,12,3,3,122,2.3812
1988,12,3,4,102,1.9564
1988,12,3,5,109,2.2164
1989,1,1,1,464,3.4230
1989,1,1,2,243,4.9781
1989,1,1,3,199,3.8857
1989,1,1,4,285,5.4458
1989,1,1,5,319,7.6998
1989,1,2,1,158,5.4957
1989,1,2,2,128,2.7261
1989,1,2,3,128,2.5255
1989,1,2,4,119,7.3939
1989,1,2,5,69,7.5536
1989,1,3,1,123,5.8277
1989,1,3,2,130,6.8895
1989,1,3,3,117,6.8641
1989,1,3,4,111,6.7238
1989,1,3,5,108,6.4724
1989,2,1,1,433,0.5935
1989,2,1,2,223,-1.3506
1989,2,1,3,193,-0.1953
1989,2,1,4,241,0.3382
1989,2,1,5,361,2.1751
1989,2,2,1,156,2.2055
1989,2,2,2,131,-0.2395
1989,2,2,3,119,1.4099
1989,2,2,4,120,-0.6720
1989,2,2,5,89,1.8900
1989,2,3,1,119,-1.2492
1989,2,3,2,131,-2.3853
1989,2,3,3,119,-2.0559
1989,2,3,4,113,-3.0224
1989,2,3,5,99,-1.8955
1989,3,1,1,445,4.4724
1989,3,1,2,254,3.4982
1989,3,1,3,191,3.1716
1989,3,1,4,255,2.6936
1989,3,1,5,339,4.2624
1989,3,2,1,159,2.4006
1989,3,2,2,139,0.5254
1989,3,2,3,110,2.3033
1989,3,2,4,112,4.2345
1989,3,2,5,104,3.3084
1989,3,3,1,120,2.8462
1989,3,3,2,133,4.1178
1989,3,3,3,127,2.7510
1989,3,3,4,108,1.5340
1989,3,3,5,88,-3.1657
1989,4,1,1,435,2.0817
1989,4,1,2,246,3.2960
1989,4,1,3,182,4.7491
1989,4,1,4,269,5.2019
1989,4,1,5,320,4.9989
1989,4,2,1,156,5.4866
1989,4,2,2,134,5.4764
1989,4,2,3,122,5.3622
1989,4,2,4,124,5.0751
1989,4,2,5,92,6.6324
1989,4,3,1,113,5.2424
1989,4,3,2,142,6.3522
1989,4,3,3,122,6.0584
1989,4,3,4,113,4.4120
1989,4,3,5,93,3.6059
1989,5,1,1,399,2.9754
1989,5,1,2,250,4.4026
1989,5,1,3,219,4.2071
1989,5,1,4,258,4.0549
1989,5,1,5,316,4.0220
1989,5,2,1,140,3.6735
1989,5,2,2,151,6.4767
1989,5,2,3,125,5.0930
1989,5,2,4,118,4.7441
1989,5,2,5,98,6.9492
1989,5,3,1,103,4.4970
1989,5,3,2,139,4.4780
1989,5,3,3,140,5.1434
1989,5,3,4,112,3.5445
1989,5,3,5,98,2.0291
1989,6,1,1,457,-3.2285
1989,6,1,2,245,-2.7563
1989,6,1,3,227,0.4400
1989,6,1,4,253,-1.2818
1989,6,1,5,305,-0.5009
1989,6,2,1,147,-4.2654
1989,6,2,2,148,-3.4724
1989,6,2,3,119,-2.7177
1989,6,2,4,118,-1.4891
1989,6,2,5,90,-0.1143
1989,6,3,1,106,0.6166
1989,6,3,2,145,-0.7636
1989,6,3,3,134,-1.3643
1989,6,3,4,107,-0.6933
1989,6,3,5,104,-0.4042
1989,7,1,1,444,3.8458
1989,7,1,2,259,3.8514
1989,7,1,3,236,4.5993
1989,7,1,4,247,2.7965
1989,7,1,5,303,4.0950
1989,7,2,1,149,3.9972
1989,7,2,2,137,5.9143
1989,7,2,3,127,5.1970
1989,7,2,4,111,2.3999
1989,7,2,5,86,5.1662
1989,7,3,1,101,7.9886
1989,7,3,2,146,10.4688
1989,7,3,3,131,9.2441
1989,7,3,4,116,6.3629
1989,7,3,5,100,6.3316
1989,8,1,1,433,1.2664
1989,8,1,2,242,1.5866
1989,8,1,3,220,1.8291
1989,8,1,4,237,2.7904
1989,8,1,5,322,2.4322
1989,8,2,1,154,2.0730
1989,8,2,2,124,2.3229
1989,8,2,3,121,2.0136
1989,8,2,4,106,4.7109
1989,8,2,5,101,4.3789
1989,8,3,1,100,1.1859
1989,8,3,2,144,0.0210
1989,8,3,3,135,1.4677
1989,8,3,4,122,2.2711
1989,8,3,5,91,9.4234
1989,9,1,1,405,0.5151
1989,9,1,2,228,1.6582
1989,9,1,3,200,-0.7968
1989,9,1,4,241,1.8076
1989,9,1,5,391,-0.2045
1989,9,2,1,164,1.5402
1989,9,2,2,124,0.8971
1989,9,2,3,117,0.5071
1989,9,2,4,113,-0.2930
1989,9,2,5,101,2.1840
1989,9,3,1,103,-0.3822
1989,9,3,2,140,-0.1827
1989,9,3,3,130,0.2659
1989,9,3,4,121,-0.1934
1989,9,3,5,93,-3.4349
1989,10,1,1,407,-4.7302
1989,10,1,2,235,-4.2693
1989,10,1,3,192,-5.7619
1989,10,1,4,246,-5.6013
1989,10,1,5,388,-5.8197
1989,10,2,1,169,-6.3225
1989,10,2,2,123,-5.8437
1989,10,2,3,109,-6.0086
1989,10,2,4,119,-5.4301
1989,10,2,5,96,-7.5009
1989,10,3,1,109,-1.9482
1989,10,3,2,144,-1.8064
1989,10,3,3,125,-0.6461
1989,10,3,4,113,-3.9988
1989,10,3,5,101,-4.0204
1989,11,1,1,384,-0.4451
1989,11,1,2,218,0.9329
1989,11,1,3,181,0.4553
1989,11,1,4,281,0.2287
1989,11,1,5,347,-1.1764
1989,11,2,1,155,2.6512
1989,11,2,2,108,0.5703
1989,11,2,3,132,-0.4420
1989,11,2,4,126,1.5733
1989,11,2,5,94,-0.9460
1989,11,3,1,118,2.2907
1989,11,3,2,143,2.2907
1989,11,3,3,114,3.2264
1989,11,3,4,115,1.1022
1989,11,3,5,98,1.5049
1989,12,1,1,430,-1.0663
1989,12,1,2,204,0.2171
1989,12,1,3,184,0.7891
1989,12,1,4,260,0.5751
1989,12,1,5,337,-1.4680
1989,12,2,1,144,1.7029
1989,12,2,2,111,2.0970
1989,12,2,3,137,0.6604
1989,12,2,4,127,1.8499
1989,12,2,5,92,1.4577
1989,12,3,1,125,1.5041
1989,12,3,2,136,1.7173
1989,12,3,3,114,4.1914
1989,12,3,4,108,2.7608
1989,12,3,5,93,3.8041
1990,1,1,1,422,-8.2892
1990,1,1,2,186,-9.2020
1990,1,1,3,194,-6.9313
1990,1,1,4,256,-6.6665
1990,1,1,5,348,-6.3873
1990,1,2,1,147,-10.3772
1990,1,2,2,108,-10.0030
1990,1,2,3,128,-8.7375
1990,1,2,4,127,-6.3673
1990,1,2,5,92,-7.4448
1990,1,3,1,130,-6.9429
1990,1,3,2,148,-7.7876
1990,1,3,3,110,-4.9266
1990,1,3,4,108,-5.3575
1990,1,3,5,91,-6.8113
1990,2,1,1,388,1.2438
1990,2,1,2,191,1.2304
1990,2,1,3,196,3.9271
1990,2,1,4,253,4.5672
1990,2,1,5,356,3.2442
1990,2,2,1,125,4.5880
1990,2,2,2,116,2.8771
1990,2,2,3,113,3.4633
1990,2,2,4,133,4.7744
1990,2,2,5,109,2.6203
1990,2,3,1,126,1.7478
1990,2,3,2,136,1.3865
1990,2,3,3,111,1.7977
1990,2,3,4,108,1.3317
1990,2,3,5,84,0.4612
1990,3,1,1,406,3.3984
1990,3,1,2,167,6.5571
1990,3,1,3,182,3.7436
1990,3,1,4,258,4.4337
1990,3,1,5,380,5.8756
1990,3,2,1,141,4.5901
1990,3,2,2,113,5.8211
1990,3,2,3,116,5.5382
1990,3,2,4,127,3.7801
1990,3,2,5,114,6.3861
1990,3,3,1,122,2.3170
1990,3,3,2,138,4.1107
1990,3,3,3,108,2.7094
1990,3,3,4,119,3.8952
1990,3,3,5,70,1.2552
1990,4,1,1,366,-3.6694
1990,4,1,2,199,0.0779
1990,4,1,3,165,-1.3772
1990,4,1,4,280,-2.0925
1990,4,1,5,350,-2.6735
1990,4,2,1,146,-4.0930
1990,4,2,2,131,-3.3244
1990,4,2,3,112,-2.7704
1990,4,2,4,113,-2.9363
1990,4,2,5,115,-4.4340
1990,4,3,1,107,-1.7664
1990,4,3,2,145,-1.2283
1990,4,3,3,125,-2.4946
1990,4,3,4,113,-3.2173
1990,4,3,5,71,-4.6774
1990,5,1,1,351,5.8653
1990,5,1,2,179,6.2517
1990,5,1,3,170,7.9421
1990,5,1,4,245,6.4510
1990,5,1,5,339,6.5201
1990,5,2,1,163,10.2553
1990,5,2,2,133,9.9484
1990,5,2,3,127,8.3127
1990,5,2,4,108,11.0254
1990,5,2,5,116,7.0100
1990,5,3,1,113,9.7301
1990,5,3,2,141,9.3085
1990,5,3,3,134,9.5866
1990,5,3,4,118,8.5856
1990,5,3,5,86,8.0913
1990,6,1,1,349,2.3027
1990,6,1,2,185,3.3290
1990,6,1,3,207,2.1898
1990,6,1,4,238,2.7483
1990,6,1,5,343,1.0335
1990,6,2,1,170,0.5214
1990,6,2,2,142,0.3696
1990,6,2,3,118,0.5886
1990,6,2,4,109,1.5163
1990,6,2,5,118,-0.0423
1990,6,3,1,120,0.3314
1990,6,3,2,143,-0.3600
1990,6,3,3,138,-0.3678
1990,6,3,4,123,-0.2806
1990,6,3,5,85,-1.5973
1990,7,1,1,390,-5.8712
1990,7,1,2,182,-3.7129
1990,7,1,3,191,-3.1026
1990,7,1,4,232,-4.5070
1990,7,1,5,357,-2.1846
1990,7,2,1,174,-4.2661
1990,7,2,2,131,-3.6889
1990,7,2,3,118,-4.3656
1990,7,2,4,109,-4.8283
1990,7,2,5,107,-0.3208
1990,7,3,1,126,-2.5004
1990,7,3,2,138,-0.2739
1990,7,3,3,136,-0.1496
1990,7,3,4,121,1.2313
1990,7,3,5,91,0.1011
1990,8,1,1,374,-14.3688
1990,8,1,2,209,-13.0364
1990,8,1,3,172,-13.7003
1990,8,1,4,190,-14.2737
1990,8,1,5,404,-13.2498
1990,8,2,1,178,-13.5621
1990,8,2,2,135,-11.8419
1990,8,2,3,110,-12.5141
1990,8,2,4,117,-15.2214
1990,8,2,5,116,-12.3067
1990,8,3,1,121,-8.3730
1990,8,3,2,134,-8.0161
1990,8,3,3,137,-8.7454
1990,8,3,4,128,-8.5215
1990,8,3,5,88,-11.4375
1990,9,1,1,385,-8.0969
1990,9,1,2,192,-9.7996
1990,9,1,3,160,-7.4767
1990,9,1,4,219,-9.6579
1990,9,1,5,438,-9.9191
1990,9,2,1,163,-9.1655
1990,9,2,2,132,-8.5381
1990,9,2,3,109,-9.3041
1990,9,2,4,114,-7.7107
1990,9,2,5,120,-11.1881
1990,9,3,1,127,-4.9493
1990,9,3,2,135,-3.3108
1990,9,3,3,142,-3.4869
1990,9,3,4,114,-3.9479
1990,9,3,5,83,-7.0543
1990,10,1,1,372,-6.9582
1990,10,1,2,163,-8.4027
1990,10,1,3,178,-4.9203
1990,10,1,4,229,-5.3096
1990,10,1,5,451,-5.7527
1990,10,2,1,158,-6.4484
1990,10,2,2,111,-3.0177
1990,10,2,3,129,-4.6255
1990,10,2,4,109,-3.9230
1990,10,2,5,136,-6.1046
1990,10,3,1,122,-0.7671
1990,10,3,2,135,1.4832
1990,10,3,3,142,0.0730
1990,10,3,4,114,-0.7171
1990,10,3,5,80,-0.4270
1990,11,1,1,349,3.9165
1990,11,1,2,151,7.1747
1990,11,1,3,184,5.4107
1990,11,1,4,253,6.3065
1990,11,1,5,413,8.2715
1990,11,2,1,154,7.1819
1990,11,2,2,107,7.6959
1990,11,2,3,139,9.1846
1990,11,2,4,131,7.9676
1990,11,2,5,105,11.4275
1990,11,3,1,133,6.2093
1990,11,3,2,140,5.8118
1990,11,3,3,138,5.3842
1990,11,3,4,112,7.7338
1990,11,3,5,81,4.7600
1990,12,1,1,348,-1.6999
1990,12,1,2,162,5.5938
1990,12,1,3,173,4.7192
1990,12,1,4,227,4.6272
1990,12,1,5,440,1.7058
1990,12,2,1,161,3.6935
1990,12,2,2,123,6.2447
1990,12,2,3,115,4.8808
1990,12,2,4,139,8.2428
1990,12,2,5,105,7.1288
1990,12,3,1,132,1.6023
1990,12,3,2,142,2.2981
1990,12,3,3,143,3.5861
1990,12,3,4,102,3.3801
1990,12,3,5,80,2.9514
1991,1,1,1,316,8.5985
1991,1,1,2,168,8.2442
1991,1,1,3,161,6.9164
1991,1,1,4,234,11.1433
1991,1,1,5,441,12.7521
1991,1,2,1,168,7.3455
1991,1,2,2,137,10.5832
1991,1,2,3,144,11.4449
1991,1,2,4,120,9.5103
1991,1,2,5,94,8.3160
1991,1,3,1,124,6.4639
1991,1,3,2,157,3.2414
1991,1,3,3,137,4.4008
1991,1,3,4,99,6.4493
1991,1,3,5,85,3.5349
1991,2,1,1,298,12.3845
1991,2,1,2,152,11.5778
1991,2,1,3,161,12.7695
1991,2,1,4,197,14.4031
1991,2,1,5,478,13.9428
1991,2,2,1,153,9.7025
1991,2,2,2,151,8.8944
1991,2,2,3,121,9.7203
1991,2,2,4,122,9.0023
1991,2,2,5,108,12.2740
1991,2,3,1,125,7.7624
1991,2,3,2,145,6.7109
1991,2,3,3,128,7.2820
1991,2,3,4,110,6.4274
1991,2,3,5,83,5.4304
1991,3,1,1,286,8.0175
1991,3,1,2,161,6.7217
1991,3,1,3,168,9.6147
1991,3,1,4,183,8.1158
1991,3,1,5,458,9.0699
1991,3,2,1,164,6.4265
1991,3,2,2,139,3.2601
1991,3,2,3,113,4.2371
1991,3,2,4,109,5.7370
1991,3,2,5,126,6.9888
1991,3,3,1,113,2.2075
1991,3,3,2,141,3.7314
1991,3,3,3,139,2.6886
1991,3,3,4,115,3.2301
1991,3,3,5,77,-1.9586
1991,4,1,1,294,1.6289
1991,4,1,2,197,0.8810
1991,4,1,3,146,0.1555
1991,4,1,4,205,0.1654
1991,4,1,5,384,3.9598
1991,4,2,1,165,-1.2936
1991,4,2,2,139,0.5115
1991,4,2,3,104,-0.4812
1991,4,2,4,115,1.6956
1991,4,2,5,114,2.2210
1991,4,3,1,119,-1.4121
1991,4,3,2,141,-0.6237
1991,4,3,3,133,0.7630
1991,4,3,4,112,1.6146
1991,4,3,5,78,-1.3605
1991,5,1,1,297,4.1037
1991,5,1,2,163,3.4453
1991,5,1,3,162,6.3010
1991,5,1,4,223,3.1878
1991,5,1,5,327,7.0303
1991,5,2,1,156,4.7599
1991,5,2,2,129,3.6589
1991,5,2,3,120,3.9857
1991,5,2,4,109,4.2124
1991,5,2,5,112,3.5889
1991,5,3,1,121,4.0085
1991,5,3,2,139,5.0446
1991,5,3,3,136,3.7378
1991,5,3,4,114,2.2301
1991,5,3,5,79,3.4202
1991,6,1,1,309,-4.7769
1991,6,1,2,154,-4.2437
1991,6,1,3,201,-3.7825
1991,6,1,4,229,-4.1478
1991,6,1,5,319,-3.4989
1991,6,2,1,155,-5.6184
1991,6,2,2,132,-6.0473
1991,6,2,3,109,-5.6222
1991,6,2,4,120,-3.8259
1991,6,2,5,102,-2.3607
1991,6,3,1,115,-4.4051
1991,6,3,2,134,-5.1576
1991,6,3,3,145,-4.6853
1991,6,3,4,113,-3.2914
1991,6,3,5,85,-2.3195
1991,7,1,1,326,3.0219
1991,7,1,2,163,3.5478
1991,7,1,3,177,4.0187
1991,7,1,4,230,4.3160
1991,7,1,5,338,4.0088
1991,7,2,1,146,3.5455
1991,7,2,2,113,5.9431
1991,7,2,3,131,4.4760
1991,7,2,4,118,4.4053
1991,7,2,5,97,4.6190
1991,7,3,1,113,5.2247
1991,7,3,2,132,6.2772
1991,7,3,3,145,3.8525
1991,7,3,4,113,4.4050
1991,7,3,5,90,5.0359
1991,8,1,1,319,3.4568
1991,8,1,2,149,2.6016
1991,8,1,3,157,3.9275
1991,8,1,4,183,0.7898
1991,8,1,5,442,2.3417
1991,8,2,1,167,5.3163
1991,8,2,2,126,4.5791
1991,8,2,3,129,3.2115
1991,8,2,4,107,3.0176
1991,8,2,5,112,1.9044
1991,8,3,1,121,2.7423
1991,8,3,2,147,3.0676
1991,8,3,3,139,1.8155
1991,8,3,4,114,2.6401
1991,8,3,5,90,3.2230
1991,9,1,1,323,3.0556
1991,9,1,2,158,0.3414
1991,9,1,3,147,2.2151
1991,9,1,4,176,0.9898
1991,9,1,5,461,-0.3363
1991,9,2,1,164,0.1318
1991,9,2,2,126,-0.2318
1991,9,2,3,131,-2.4968
1991,9,2,4,122,-0.2342
1991,9,2,5,110,2.4482
1991,9,3,1,129,-1.2831
1991,9,3,2,132,-2.5033
1991,9,3,3,143,-0.9510
1991,9,3,4,119,-2.0477
1991,9,3,5,89,0.8736
1991,10,1,1,332,3.1880
1991,10,1,2,168,4.2511
1991,10,1,3,116,1.3475
1991,10,1,4,194,3.7631
1991,10,1,5,478,3.6051
1991,10,2,1,155,1.8268
1991,10,2,2,133,2.3205
1991,10,2,3,103,1.3402
1991,10,2,4,129,0.8571
1991,10,2,5,114,1.1748
1991,10,3,1,136,0.7247
1991,10,3,2,136,2.8493
1991,10,3,3,138,1.6255
1991,10,3,4,120,0.7958
1991,10,3,5,89,1.6861
1991,11,1,1,369,-4.7242
1991,11,1,2,170,-4.3885
1991,11,1,3,132,-4.0114
1991,11,1,4,223,-1.9356
1991,11,1,5,415,-2.3981
1991,11,2,1,193,-5.5946
1991,11,2,2,130,-5.9165
1991,11,2,3,110,-4.7828
1991,11,2,4,129,-3.2912
1991,11,2,5,81,-3.5822
1991,11,3,1,121,-2.8605
1991,11,3,2,150,-3.1053
1991,11,3,3,132,-3.8784
1991,11,3,4,110,-3.7903
1991,11,3,5,92,0.5451
1991,12,1,1,405,6.7825
1991,12,1,2,165,6.7035
1991,12,1,3,162,6.8186
1991,12,1,4,198,4.8704
1991,12,1,5,403,4.6563
1991,12,2,1,183,9.8668
1991,12,2,2,132,10.5247
1991,12,2,3,123,10.8493
1991,12,2,4,122,9.6096
1991,12,2,5,88,8.6294
1991,12,3,1,133,11.3458
1991,12,3,2,149,13.8396
1991,12,3,3,127,11.3669
1991,12,3,4,109,10.4574
1991,12,3,5,89,7.7362
1992,1,1,1,369,11.6576
1992,1,1,2,163,12.6076
1992,1,1,3,158,11.7174
1992,1,1,4,218,13.0402
1992,1,1,5,428,12.0746
1992,1,2,1,184,4.7320
1992,1,2,2,118,5.8357
1992,1,2,3,133,8.8481
1992,1,2,4,113,8.0925
1992,1,2,5,93,5.8467
1992,1,3,1,146,-2.5276
1992,1,3,2,145,-1.8165
1992,1,3,3,125,-1.9477
1992,1,3,4,115,0.4410
1992,1,3,5,87,-2.5112
1992,2,1,1,376,2.2736
1992,2,1,2,173,3.9618
1992,2,1,3,157,2.2444
1992,2,1,4,204,4.9311
1992,2,1,5,408,9.0026
1992,2,2,1,178,0.5995
1992,2,2,2,159,2.1239
1992,2,2,3,126,1.6046
1992,2,2,4,102,4.2171
1992,2,2,5,99,4.2402
1992,2,3,1,134,1.7349
1992,2,3,2,131,0.3416
1992,2,3,3,129,0.0794
1992,2,3,4,125,1.7244
1992,2,3,5,88,0.0176
1992,3,1,1,399,-3.1478
1992,3,1,2,185,-4.6255
1992,3,1,3,136,-2.5665
1992,3,1,4,245,-1.5122
1992,3,1,5,348,-1.6526
1992,3,2,1,179,-5.9814
1992,3,2,2,153,-5.0329
1992,3,2,3,124,-2.3869
1992,3,2,4,104,-2.2759
1992,3,2,5,107,-0.8557
1992,3,3,1,134,-3.3468
1992,3,3,2,133,-2.4980
1992,3,3,3,127,-1.8145
1992,3,3,4,129,-1.6774
1992,3,3,5,85,-1.5158
1992,4,1,1,396,-6.8866
1992,4,1,2,198,-5.0424
1992,4,1,3,147,-3.9973
1992,4,1,4,234,-4.9853
1992,4,1,5,326,-4.2700
1992,4,2,1,167,-6.4426
1992,4,2,2,159,-5.4641
1992,4,2,3,119,-3.0089
1992,4,2,4,106,-0.3384
1992,4,2,5,108,-1.0440
1992,4,3,1,121,0.3973
1992,4,3,2,138,1.5667
1992,4,3,3,119,1.6172
1992,4,3,4,131,4.2329
1992,4,3,5,94,-0.6186
1992,5,1,1,363,-1.1962
1992,5,1,2,233,-2.0002
1992,5,1,3,160,0.6719
1992,5,1,4,252,-0.1964
1992,5,1,5,339,0.8884
1992,5,2,1,161,-1.4932
1992,5,2,2,146,-0.8149
1992,5,2,3,119,0.3919
1992,5,2,4,136,0.4580
1992,5,2,5,114,0.5650
1992,5,3,1,120,1.2420
1992,5,3,2,151,0.9339
1992,5,3,3,153,0.1640
1992,5,3,4,110,-0.8694
1992,5,3,5,101,1.2471
1992,6,1,1,351,-8.3053
1992,6,1,2,239,-6.5676
1992,6,1,3,144,-6.8064
1992,6,1,4,249,-3.7328
1992,6,1,5,400,-2.8524
1992,6,2,1,148,-5.4865
1992,6,2,2,177,-4.9344
1992,6,2,3,114,-4.5160
1992,6,2,4,137,-4.2722
1992,6,2,5,118,-2.4746
1992,6,3,1,118,-3.5736
1992,6,3,2,153,-4.1986
1992,6,3,3,152,-1.6952
1992,6,3,4,110,0.0144
1992,6,3,5,104,-2.0666
1992,7,1,1,350,0.8810
1992,7,1,2,206,1.3539
1992,7,1,3,171,0.3927
1992,7,1,4,274,2.5915
1992,7,1,5,413,3.5181
1992,7,2,1,153,2.6114
1992,7,2,2,151,2.6150
1992,7,2,3,124,1.6327
1992,7,2,4,131,6.0568
1992,7,2,5,110,6.1856
1992,7,3,1,120,4.4915
1992,7,3,2,157,3.0815
1992,7,3,3,146,4.4490
1992,7,3,4,106,6.1789
1992,7,3,5,103,5.9195
1992,8,1,1,355,-3.9243
1992,8,1,2,168,-3.3445
1992,8,1,3,176,-2.7209
1992,8,1,4,219,-1.0141
1992,8,1,5,518,-2.4244
1992,8,2,1,181,-3.0735
1992,8,2,2,134,-2.1511
1992,8,2,3,119,-2.4775
1992,8,2,4,118,-2.4031
1992,8,2,5,124,-0.5847
1992,8,3,1,130,-1.4819
1992,8,3,2,167,-0.4539
1992,8,3,3,138,-1.9758
1992,8,3,4,140,-2.3486
1992,8,3,5,79,-2.8232
1992,9,1,1,369,-0.3740
1992,9,1,2,172,1.3377
1992,9,1,3,186,-0.3181
1992,9,1,4,214,2.7127
1992,9,1,5,537,2.1812
1992,9,2,1,183,4.1451
1992,9,2,2,132,0.3608
1992,9,2,3,125,0.7767
1992,9,2,4,139,4.6640
1992,9,2,5,126,0.7086
1992,9,3,1,133,0.5879
1992,9,3,2,157,0.0082
1992,9,3,3,153,1.1928
1992,9,3,4,137,2.5823
1992,9,3,5,72,2.1061
1992,10,1,1,373,3.2466
1992,10,1,2,167,0.6656
1992,10,1,3,176,2.8203
1992,10,1,4,215,1.3092
1992,10,1,5,541,5.2216
1992,10,2,1,191,3.7911
1992,10,2,2,125,3.1805
1992,10,2,3,119,3.4701
1992,10,2,4,152,4.3806
1992,10,2,5,120,3.0000
1992,10,3,1,151,2.7814
1992,10,3,2,158,1.3745
1992,10,3,3,147,-0.1810
1992,10,3,4,132,-1.5267
1992,10,3,5,74,1.9797
1992,11,1,1,350,9.7171
1992,11,1,2,171,7.7056
1992,11,1,3,226,11.0277
1992,11,1,4,244,10.2367
1992,11,1,5,516,9.9800
1992,11,2,1,190,7.4011
1992,11,2,2,120,7.1971
1992,11,2,3,146,7.9591
1992,11,2,4,131,8.5100
1992,11,2,5,98,7.8111
1992,11,3,1,140,4.8124
1992,11,3,2,160,3.0918
1992,11,3,3,140,3.6610
1992,11,3,4,119,2.6633
1992,11,3,5,88,2.2959
1992,12,1,1,368,1.6662
1992,12,1,2,199,5.5581
1992,12,1,3,214,3.4059
1992,12,1,4,250,4.1915
1992,12,1,5,489,5.5119
1992,12,2,1,208,2.4800
1992,12,2,2,133,1.9380
1992,12,2,3,136,4.1357
1992,12,2,4,121,4.4792
1992,12,2,5,102,3.4829
1992,12,3,1,155,1.0706
1992,12,3,2,153,0.0121
1992,12,3,3,140,2.1942
1992,12,3,4,110,1.6512
1992,12,3,5,100,3.5988
1993,1,1,1,390,4.2716
1993,1,1,2,201,2.3635
1993,1,1,3,194,5.7891
1993,1,1,4,278,4.5607
1993,1,1,5,455,7.5397
1993,1,2,1,214,0.1595
1993,1,2,2,137,2.0587
1993,1,2,3,135,1.1384
1993,1,2,4,112,3.7949
1993,1,2,5,111,4.6361
1993,1,3,1,147,1.2294
1993,1,3,2,159,-1.6634
1993,1,3,3,150,0.1964
1993,1,3,4,112,0.6632
1993,1,3,5,97,1.0618
1993,2,1,1,394,-5.1997
1993,2,1,2,213,-3.8848
1993,2,1,3,222,-5.3796
1993,2,1,4,228,-2.5060
1993,2,1,5,444,-0.4962
1993,2,2,1,202,-4.4350
1993,2,2,2,160,-5.4758
1993,2,2,3,149,-4.2966
1993,2,2,4,107,-0.2649
1993,2,2,5,108,-1.2455
1993,2,3,1,132,-0.7547
1993,2,3,2,164,-1.7532
1993,2,3,3,136,2.4536
1993,2,3,4,122,1.2803
1993,2,3,5,98,1.5977
1993,3,1,1,403,2.0724
1993,3,1,2,196,-0.4503
1993,3,1,3,239,2.5397
1993,3,1,4,294,0.8577
1993,3,1,5,437,2.7929
1993,3,2,1,173,2.0745
1993,3,2,2,143,1.9652
1993,3,2,3,138,4.0298
1993,3,2,4,119,2.7661
1993,3,2,5,117,2.7921
1993,3,3,1,117,2.6967
1993,3,3,2,172,2.2370
1993,3,3,3,137,1.1622
1993,3,3,4,129,2.4147
1993,3,3,5,98,3.6601
1993,4,1,1,401,-2.6643
1993,4,1,2,198,-2.8447
1993,4,1,3,210,-4.1300
1993,4,1,4,295,-4.4730
1993,4,1,5,428,-2.8402
1993,4,2,1,164,-3.6733
1993,4,2,2,143,-3.8122
1993,4,2,3,142,-3.0907
1993,4,2,4,122,-2.4764
1993,4,2,5,126,-3.4381
1993,4,3,1,129,-4.4366
1993,4,3,2,157,-4.5495
1993,4,3,3,139,-0.8642
1993,4,3,4,135,-3.8725
1993,4,3,5,96,-1.9245
1993,5,1,1,407,5.4256
1993,5,1,2,199,4.3253
1993,5,1,3,200,3.9775
1993,5,1,4,297,3.3114
1993,5,1,5,419,4.2149
1993,5,2,1,170,7.1684
1993,5,2,2,145,7.4535
1993,5,2,3,148,4.7793
1993,5,2,4,120,7.2527
1993,5,2,5,126,5.2601
1993,5,3,1,138,4.0435
1993,5,3,2,162,4.2688
1993,5,3,3,147,2.1783
1993,5,3,4,131,1.8081
1993,5,3,5,109,4.9195
1993,6,1,1,423,-0.0865
1993,6,1,2,211,0.5840
1993,6,1,3,211,-0.3308
1993,6,1,4,282,-1.5268
1993,6,1,5,434,0.7402
1993,6,2,1,195,0.3195
1993,6,2,2,134,0.9284
1993,6,2,3,150,1.0394
1993,6,2,4,110,-1.2306
1993,6,2,5,114,0.4910
1993,6,3,1,145,-1.8831
1993,6,3,2,166,0.1558
1993,6,3,3,144,-0.6265
1993,6,3,4,141,1.5544
1993,6,3,5,105,0.9222
1993,7,1,1,423,-0.0295
1993,7,1,2,240,-0.8313
1993,7,1,3,215,1.1081
1993,7,1,4,274,-0.0641
1993,7,1,5,440,2.0996
1993,7,2,1,190,0.3666
1993,7,2,2,132,-0.8064
1993,7,2,3,137,0.0836
1993,7,2,4,116,1.2811
1993,7,2,5,113,1.8421
1993,7,3,1,153,0.1441
1993,7,3,2,164,-0.7856
1993,7,3,3,143,-1.2418
1993,7,3,4,134,-0.6346
1993,7,3,5,104,-0.8498
1993,8,1,1,424,4.4659
1993,8,1,2,248,3.9688
1993,8,1,3,169,4.1344
1993,8,1,4,255,4.8062
1993,8,1,5,540,3.7427
1993,8,2,1,199,3.9447
1993,8,2,2,152,5.7805
1993,8,2,3,100,5.0528
1993,8,2,4,123,1.9941
1993,8,2,5,124,4.0975
1993,8,3,1,138,4.1869
1993,8,3,2,163,2.8153
1993,8,3,3,161,3.9974
1993,8,3,4,140,4.2895
1993,8,3,5,100,4.4132
1993,9,1,1,413,2.5548
1993,9,1,2,244,2.1933
1993,9,1,3,169,3.2822
1993,9,1,4,241,0.7770
1993,9,1,5,583,3.6662
1993,9,2,1,209,3.3741
1993,9,2,2,147,1.8234
1993,9,2,3,108,2.7168
1993,9,2,4,117,2.5316
1993,9,2,5,121,2.0554
1993,9,3,1,144,-1.1327
1993,9,3,2,165,-0.8041
1993,9,3,3,154,-1.0452
1993,9,3,4,145,-0.1391
1993,9,3,5,96,-0.0473
1993,10,1,1,413,2.9818
1993,10,1,2,252,3.5824
1993,10,1,3,179,2.4932
1993,10,1,4,232,3.8876
1993,10,1,5,560,5.1285
1993,10,2,1,220,3.0817
1993,10,2,2,135,-0.1180
1993,10,2,3,122,2.6856
1993,10,2,4,109,2.3298
1993,10,2,5,125,3.7057
1993,10,3,1,148,1.8560
1993,10,3,2,172,0.9847
1993,10,3,3,147,1.5700
1993,10,3,4,141,2.0285
1993,10,3,5,100,6.9784
1993,11,1,1,424,-4.9513
1993,11,1,2,224,-2.9423
1993,11,1,3,216,-1.8097
1993,11,1,4,295,-1.7182
1993,11,1,5,503,0.4253
1993,11,2,1,220,-3.4682
1993,11,2,2,149,-3.8297
1993,11,2,3,133,-0.7385
1993,11,2,4,126,-1.9936
1993,11,2,5,102,-1.0361
1993,11,3,1,156,-0.1900
1993,11,3,2,170,-0.8283
1993,11,3,3,135,-1.6031
1993,11,3,4,123,-0.3910
1993,11,3,5,105,-3.2580
1993,12,1,1,435,-0.5610
1993,12,1,2,216,3.7020
1993,12,1,3,256,2.2212
1993,12,1,4,352,3.3523
1993,12,1,5,435,3.1786
1993,12,2,1,204,3.3159
1993,12,2,2,148,5.0728
1993,12,2,3,139,7.1434
1993,12,2,4,126,6.2785
1993,12,2,5,99,4.8223
1993,12,3,1,158,-0.1618
1993,12,3,2,168,2.4331
1993,12,3,3,142,1.8382
1993,12,3,4,113,1.4474
1993,12,3,5,99,2.0967
1994,1,1,1,431,4.8046
1994,1,1,2,227,3.8308
1994,1,1,3,245,4.5766
1994,1,1,4,348,5.6311
1994,1,1,5,443,8.7052
1994,1,2,1,210,2.3304
1994,1,2,2,153,2.9010
1994,1,2,3,129,2.0503
1994,1,2,4,126,3.6643
1994,1,2,5,107,1.6026
1994,1,3,1,168,2.8377
1994,1,3,2,171,2.7621
1994,1,3,3,142,2.8173
1994,1,3,4,121,3.3515
1994,1,3,5,87,0.9241
1994,2,1,1,455,-0.5837
1994,2,1,2,216,0.8270
1994,2,1,3,227,0.0813
1994,2,1,4,335,-0.0396
1994,2,1,5,457,0.9435
1994,2,2,1,228,-0.6445
1994,2,2,2,126,1.0302
1994,2,2,3,136,0.3427
1994,2,2,4,131,-0.0403
1994,2,2,5,113,-0.0005
1994,2,3,1,156,-0.8200
1994,2,3,2,159,-2.4971
1994,2,3,3,143,-1.7739
1994,2,3,4,118,-1.8253
1994,2,3,5,96,-1.7218
1994,3,1,1,429,-5.3224
1994,3,1,2,234,-5.3005
1994,3,1,3,246,-3.9836
1994,3,1,4,331,-4.7054
1994,3,1,5,457,-4.1690
1994,3,2,1,204,-7.8870
1994,3,2,2,162,-6.9177
1994,3,2,3,148,-4.3820
1994,3,2,4,132,-4.4132
1994,3,2,5,123,-4.2134
1994,3,3,1,148,-4.7422
1994,3,3,2,156,-4.0374
1994,3,3,3,149,-5.6917
1994,3,3,4,128,-4.0194
1994,3,3,5,100,-3.5259
1994,4,1,1,462,-1.8941
1994,4,1,2,238,-2.3603
1994,4,1,3,243,-1.3982
1994,4,1,4,353,0.5443
1994,4,1,5,400,0.2071
1994,4,2,1,191,-1.6047
1994,4,2,2,161,-0.2185
1994,4,2,3,155,-0.4770
1994,4,2,4,136,-0.0687
1994,4,2,5,114,0.8029
1994,4,3,1,143,2.1651
1994,4,3,2,156,0.9950
1994,4,3,3,141,0.7280
1994,4,3,4,149,0.3219
1994,4,3,5,91,1.3432
1994,5,1,1,476,-1.8161
1994,5,1,2,233,-1.2178
1994,5,1,3,219,-1.0190
1994,5,1,4,346,-0.5201
1994,5,1,5,405,-0.4836
1994,5,2,1,195,-3.1161
1994,5,2,2,168,-1.7102
1994,5,2,3,133,-2.3595
1994,5,2,4,143,-1.1755
1994,5,2,5,117,-1.9843
1994,5,3,1,143,0.7125
1994,5,3,2,187,0.7645
1994,5,3,3,160,0.8775
1994,5,3,4,128,1.6691
1994,5,3,5,118,-3.3789
1994,6,1,1,500,-4.8690
1994,6,1,2,263,-5.0756
1994,6,1,3,226,-4.5661
1994,6,1,4,356,-2.1551
1994,6,1,5,409,-1.8757
1994,6,2,1,188,-5.1938
1994,6,2,2,169,-2.5570
1994,6,2,3,126,-2.4561
1994,6,2,4,136,-2.9484
1994,6,2,5,120,-1.6920
1994,6,3,1,150,-3.6286
1994,6,3,2,182,-3.3398
1994,6,3,3,166,-3.1862
1994,6,3,4,141,-1.3741
1994,6,3,5,111,-1.9448
1994,7,1,1,488,1.0155
1994,7,1,2,255,0.1649
1994,7,1,3,240,0.6054
1994,7,1,4,365,1.6287
1994,7,1,5,441,2.8686
1994,7,2,1,189,1.8270
1994,7,2,2,148,2.4321
1994,7,2,3,128,1.2943
1994,7,2,4,144,1.9645
1994,7,2,5,114,2.9805
1994,7,3,1,145,2.7079
1994,7,3,2,178,4.3308
1994,7,3,3,162,3.4587
1994,7,3,4,145,2.1594
1994,7,3,5,110,4.3151
1994,8,1,1,484,3.8052
1994,8,1,2,280,5.4071
1994,8,1,3,224,3.7264
1994,8,1,4,308,5.4386
1994,8,1,5,533,5.2170
1994,8,2,1,183,8.6746
1994,8,2,2,162,7.0592
1994,8,2,3,129,5.4028
1994,8,2,4,126,6.6545
1994,8,2,5,133,7.7521
1994,8,3,1,148,3.2418
1994,8,3,2,181,4.3687
1994,8,3,3,180,3.2186
1994,8,3,4,141,6.5185
1994,8,3,5,107,4.7882
1994,9,1,1,453,1.8274
1994,9,1,2,254,1.8939
1994,9,1,3,243,2.5542
1994,9,1,4,305,3.2869
1994,9,1,5,602,1.4436
1994,9,2,1,182,-0.3266
1994,9,2,2,164,-0.0132
1994,9,2,3,130,1.4118
1994,9,2,4,120,-0.8199
1994,9,2,5,145,-1.0082
1994,9,3,1,157,-1.4504
1994,9,3,2,194,-1.1407
1994,9,3,3,173,-0.9906
1994,9,3,4,137,-2.1117
1994,9,3,5,99,-3.4268
1994,10,1,1,471,1.5273
1994,10,1,2,275,4.0550
1994,10,1,3,243,2.6248
1994,10,1,4,315,1.0755
1994,10,1,5,562,0.9764
1994,10,2,1,186,1.5072
1994,10,2,2,170,1.8793
1994,10,2,3,125,1.5128
1994,10,2,4,126,0.6919
1994,10,2,5,127,-1.2370
1994,10,3,1,163,2.2560
1994,10,3,2,192,3.6720
1994,10,3,3,163,1.3724
1994,10,3,4,136,1.4949
1994,10,3,5,107,1.9744
1994,11,1,1,476,-3.2688
1994,11,1,2,240,-3.1238
1994,11,1,3,272,-3.4311
1994,11,1,4,356,-2.4866
1994,11,1,5,519,-2.4956
1994,11,2,1,214,-4.7230
1994,11,2,2,157,-2.5004
1994,11,2,3,133,-3.6406
1994,11,2,4,134,-2.8362
1994,11,2,5,121,-2.2985
1994,11,3,1,182,-4.1329
1994,11,3,2,185,-3.3537
1994,11,3,3,163,-3.5197
1994,11,3,4,124,-2.8817
1994,11,3,5,105,-0.8495
1994,12,1,1,504,-1.3575
1994,12,1,2,285,-0.9815
1994,12,1,3,246,-0.0841
1994,12,1,4,347,0.5577
1994,12,1,5,496,-2.3395
1994,12,2,1,221,2.2471
1994,12,2,2,162,3.2658
1994,12,2,3,147,2.6698
1994,12,2,4,121,4.1148
1994,12,2,5,117,2.7744
1994,12,3,1,195,0.0754
1994,12,3,2,189,1.5065
1994,12,3,3,147,3.1839
1994,12,3,4,137,1.1131
1994,12,3,5,97,0.6964
1995,1,1,1,496,0.8871
1995,1,1,2,227,2.0108
1995,1,1,3,250,2.1940
1995,1,1,4,358,3.2344
1995,1,1,5,518,3.7776
1995,1,2,1,241,-2.5123
1995,1,2,2,151,-1.7461
1995,1,2,3,142,-2.4192
1995,1,2,4,127,0.9971
1995,1,2,5,117,1.4032
1995,1,3,1,204,-0.0233
1995,1,3,2,178,1.5892
1995,1,3,3,156,1.6286
1995,1,3,4,127,4.2503
1995,1,3,5,104,2.8254
1995,2,1,1,512,3.8803
1995,2,1,2,276,2.1801
1995,2,1,3,261,3.6826
1995,2,1,4,338,3.7172
1995,2,1,5,480,2.9525
1995,2,2,1,194,1.9712
1995,2,2,2,159,3.7302
1995,2,2,3,149,3.9453
1995,2,2,4,134,4.2261
1995,2,2,5,122,3.0332
1995,2,3,1,195,3.2469
1995,2,3,2,170,3.7247
1995,2,3,3,167,4.4730
1995,2,3,4,133,3.6207
1995,2,3,5,99,4.8339
1995,3,1,1,512,2.2364
1995,3,1,2,322,3.0888
1995,3,1,3,239,2.5693
1995,3,1,4,347,1.2876
1995,3,1,5,506,0.0180
1995,3,2,1,179,2.3274
1995,3,2,2,167,4.0182
1995,3,2,3,142,2.1901
1995,3,2,4,134,2.4826
1995,3,2,5,128,0.3369
1995,3,3,1,192,3.2509
1995,3,3,2,176,2.5919
1995,3,3,3,167,2.3667
1995,3,3,4,136,3.3895
1995,3,3,5,97,3.6739
1995,4,1,1,493,3.9269
1995,4,1,2,266,2.9496
1995,4,1,3,243,3.6952
1995,4,1,4,360,2.9531
1995,4,1,5,506,1.9851
1995,4,2,1,201,1.4140
1995,4,2,2,170,2.0405
1995,4,2,3,132,4.4011
1995,4,2,4,127,2.0213
1995,4,2,5,141,1.8760
1995,4,3,1,198,3.3530
1995,4,3,2,181,3.0139
1995,4,3,3,176,1.7005
1995,4,3,4,150,3.9417
1995,4,3,5,85,1.4992
1995,5,1,1,496,0.7766
1995,5,1,2,260,1.4421
1995,5,1,3,260,1.0285
1995,5,1,4,358,4.3334
1995,5,1,5,429,1.3211
1995,5,2,1,220,1.1318
1995,5,2,2,191,0.6582
1995,5,2,3,142,0.7715
1995,5,2,4,124,3.2331
1995,5,2,5,125,-0.7393
1995,5,3,1,176,3.2523
1995,5,3,2,204,2.9245
1995,5,3,3,173,3.0865
1995,5,3,4,141,3.3871
1995,5,3,5,104,3.8033
1995,6,1,1,525,4.5394
1995,6,1,2,273,5.1545
1995,6,1,3,285,6.3749
1995,6,1,4,367,5.1933
1995,6,1,5,419,4.7900
1995,6,2,1,219,7.9975
1995,6,2,2,181,6.7901
1995,6,2,3,144,3.8508
1995,6,2,4,137,4.7688
1995,6,2,5,107,5.7909
1995,6,3,1,172,3.3915
1995,6,3,2,202,4.0107
1995,6,3,3,174,1.7123
1995,6,3,4,147,3.2776
1995,6,3,5,109,3.2061
1995,7,1,1,537,7.1957
1995,7,1,2,265,6.8992
1995,7,1,3,296,5.1645
1995,7,1,4,304,5.5119
1995,7,1,5,412,7.1506
1995,7,2,1,250,5.8237
1995,7,2,2,166,8.7837
1995,7,2,3,149,7.7270
1995,7,2,4,129,7.8031
1995,7,2,5,110,3.7332
1995,7,3,1,194,4.1937
1995,7,3,2,205,3.7545
1995,7,3,3,171,2.7522
1995,7,3,4,143,5.2362
1995,7,3,5,110,2.5969
1995,8,1,1,517,2.3427
1995,8,1,2,303,4.5124
1995,8,1,3,259,1.8119
1995,8,1,4,284,3.8460
1995,8,1,5,442,4.0626
1995,8,2,1,271,-0.5989
1995,8,2,2,170,1.1654
1995,8,2,3,153,2.3337
1995,8,2,4,124,1.9164
1995,8,2,5,112,2.9017
1995,8,3,1,191,0.0223
1995,8,3,2,208,-0.5362
1995,8,3,3,173,0.6672
1995,8,3,4,143,-0.1269
1995,8,3,5,110,-0.3192
1995,9,1,1,554,2.1658
1995,9,1,2,267,3.0734
1995,9,1,3,259,2.6361
1995,9,1,4,295,1.5977
1995,9,1,5,448,1.5724
1995,9,2,1,270,2.8164
1995,9,2,2,164,1.4045
1995,9,2,3,157,1.5825
1995,9,2,4,135,0.7876
1995,9,2,5,113,2.2745
1995,9,3,1,199,2.9856
1995,9,3,2,192,4.3287
1995,9,3,3,174,4.6706
1995,9,3,4,149,3.7903
1995,9,3,5,108,0.4334
1995,10,1,1,530,-5.7731
1995,10,1,2,292,-6.9984
1995,10,1,3,233,-4.7322
1995,10,1,4,315,-4.0179
1995,10,1,5,442,-4.7271
1995,10,2,1,274,-6.2423
1995,10,2,2,169,-5.7546
1995,10,2,3,149,-4.2353
1995,10,2,4,125,-5.3517
1995,10,2,5,113,-4.6686
1995,10,3,1,219,0.5052
1995,10,3,2,198,-0.5603
1995,10,3,3,158,0.1924
1995,10,3,4,145,1.7141
1995,10,3,5,111,-3.0884
1995,11,1,1,528,2.2939
1995,11,1,2,263,1.4201
1995,11,1,3,259,1.7252
1995,11,1,4,363,2.3504
1995,11,1,5,369,1.9572
1995,11,2,1,267,5.1051
1995,11,2,2,174,3.5888
1995,11,2,3,154,3.5068
1995,11,2,4,150,3.3548
1995,11,2,5,109,4.0786
1995,11,3,1,225,3.7811
1995,11,3,2,195,4.5831
1995,11,3,3,154,3.6384
1995,11,3,4,139,3.6009
1995,11,3,5,108,2.0538
1995,12,1,1,546,-0.3520
1995,12,1,2,257,0.2801
1995,12,1,3,233,-0.0043
1995,12,1,4,342,0.6119
1995,12,1,5,411,1.9960
1995,12,2,1,282,2.3415
1995,12,2,2,150,-0.1569
1995,12,2,3,161,2.0414
1995,12,2,4,146,1.6758
1995,12,2,5,102,3.7276
1995,12,3,1,227,0.4889
1995,12,3,2,197,2.3578
1995,12,3,3,161,2.0397
1995,12,3,4,127,0.9638
1995,12,3,5,110,2.1660
1996,1,1,1,503,-0.2133
1996,1,1,2,247,0.7230
1996,1,1,3,252,-0.1684
1996,1,1,4,334,-1.0386
1996,1,1,5,445,2.0874
1996,1,2,1,264,-0.1179
1996,1,2,2,163,-2.9788
1996,1,2,3,153,0.3640
1996,1,2,4,147,-1.2137
1996,1,2,5,111,0.6337
1996,1,3,1,225,2.0614
1996,1,3,2,181,3.6513
1996,1,3,3,170,2.0435
1996,1,3,4,124,2.9476
1996,1,3,5,118,2.0051
1996,2,1,1,490,3.2221
1996,2,1,2,255,5.4950
1996,2,1,3,244,1.8913
1996,2,1,4,337,2.6043
1996,2,1,5,474,3.3629
1996,2,2,1,222,3.9888
1996,2,2,2,154,4.8314
1996,2,2,3,144,5.8889
1996,2,2,4,145,4.5315
1996,2,2,5,147,4.3596
1996,2,3,1,222,1.8503
1996,2,3,2,199,1.2940
1996,2,3,3,155,1.6869
1996,2,3,4,145,1.5918
1996,2,3,5,87,1.6691
1996,3,1,1,546,1.3712
1996,3,1,2,231,2.8080
1996,3,1,3,247,4.2013
1996,3,1,4,348,2.9391
1996,3,1,5,464,4.5804
1996,3,2,1,245,3.7304
1996,3,2,2,168,3.2372
1996,3,2,3,145,3.5734
1996,3,2,4,146,2.6654
1996,3,2,5,128,1.6594
1996,3,3,1,235,1.7684
1996,3,3,2,178,-0.1035
1996,3,3,3,177,0.5980
1996,3,3,4,134,0.9229
1996,3,3,5,90,3.9641
1996,4,1,1,559,9.6134
1996,4,1,2,245,10.1287
1996,4,1,3,233,9.1219
1996,4,1,4,314,8.0943
1996,4,1,5,475,8.8005
1996,4,2,1,240,11.0078
1996,4,2,2,170,7.0002
1996,4,2,3,132,8.6142
1996,4,2,4,131,5.0721
1996,4,2,5,128,6.6483
1996,4,3,1,236,2.7603
1996,4,3,2,188,1.2813
1996,4,3,3,171,2.2906
1996,4,3,4,132,3.7543
1996,4,3,5,90,3.8091
1996,5,1,1,494,9.4952
1996,5,1,2,289,9.4639
1996,5,1,3,230,6.7036
1996,5,1,4,295,6.4197
1996,5,1,5,445,7.0046
1996,5,2,1,266,5.6761
1996,5,2,2,200,4.4369
1996,5,2,3,146,3.8601
1996,5,2,4,148,2.8003
1996,5,2,5,110,2.9715
1996,5,3,1,248,4.5058
1996,5,3,2,201,2.7314
1996,5,3,3,174,2.1073
1996,5,3,4,135,2.6153
1996,5,3,5,117,0.8988
1996,6,1,1,518,-7.8374
1996,6,1,2,329,-6.3473
1996,6,1,3,263,-4.6236
1996,6,1,4,285,-2.2772
1996,6,1,5,407,-2.5578
1996,6,2,1,295,-5.3096
1996,6,2,2,192,-3.9758
1996,6,2,3,140,-3.4129
1996,6,2,4,137,-3.6555
1996,6,2,5,129,-3.5921
1996,6,3,1,233,-0.5340
1996,6,3,2,200,0.3146
1996,6,3,3,183,-0.2035
1996,6,3,4,134,-0.4849
1996,6,3,5,117,0.0334
1996,7,1,1,494,-13.0964
1996,7,1,2,343,-8.8580
1996,7,1,3,258,-8.4371
1996,7,1,4,322,-5.6813
1996,7,1,5,401,-5.6282
1996,7,2,1,283,-14.8444
1996,7,2,2,184,-6.9318
1996,7,2,3,141,-8.9957
1996,7,2,4,142,-6.5028
1996,7,2,5,131,-6.0951
1996,7,3,1,240,-8.0680
1996,7,3,2,204,-5.1145
1996,7,3,3,182,-4.4074
1996,7,3,4,130,-3.1133
1996,7,3,5,113,-5.7545
1996,8,1,1,525,5.9165
1996,8,1,2,307,4.5850
1996,8,1,3,251,3.2157
1996,8,1,4,341,3.5637
1996,8,1,5,458,4.3813
1996,8,2,1,307,7.4342
1996,8,2,2,183,7.7545
1996,8,2,3,143,5.0677
1996,8,2,4,151,4.4089
1996,8,2,5,147,6.8329
1996,8,3,1,216,3.2953
1996,8,3,2,216,3.0940
1996,8,3,3,180,2.6897
1996,8,3,4,133,0.4817
1996,8,3,5,105,2.8500
1996,9,1,1,534,2.2806
1996,9,1,2,304,2.4735
1996,9,1,3,211,-0.0998
1996,9,1,4,335,2.8667
1996,9,1,5,569,3.0132
1996,9,2,1,317,5.7462
1996,9,2,2,166,5.2786
1996,9,2,3,141,4.2345
1996,9,2,4,143,2.4321
1996,9,2,5,147,3.8379
1996,9,3,1,235,7.0612
1996,9,3,2,221,6.2680
1996,9,3,3,163,6.1023
1996,9,3,4,145,3.8307
1996,9,3,5,99,2.6379
1996,10,1,1,500,-4.9892
1996,10,1,2,306,-2.8198
1996,10,1,3,228,-0.2608
1996,10,1,4,322,-0.3764
1996,10,1,5,574,-0.2331
1996,10,2,1,298,-2.8726
1996,10,2,2,180,-1.4364
1996,10,2,3,142,-0.6792
1996,10,2,4,136,2.3755
1996,10,2,5,148,0.4825
1996,10,3,1,249,-1.2589
1996,10,3,2,227,1.8934
1996,10,3,3,175,2.0080
1996,10,3,4,136,2.0186
1996,10,3,5,96,2.5569
1996,11,1,1,540,0.8875
1996,11,1,2,294,1.4611
1996,11,1,3,277,2.0109
1996,11,1,4,284,4.1204
1996,11,1,5,564,4.7179
1996,11,2,1,281,1.2365
1996,11,2,2,184,3.2002
1996,11,2,3,154,4.0672
1996,11,2,4,136,4.4016
1996,11,2,5,138,6.4892
1996,11,3,1,266,5.8971
1996,11,3,2,210,7.1383
1996,11,3,3,163,6.4340
1996,11,3,4,144,9.6514
1996,11,3,5,95,5.4379
1996,12,1,1,565,-0.3270
1996,12,1,2,250,2.2507
1996,12,1,3,266,5.4494
1996,12,1,4,343,3.7934
1996,12,1,5,519,3.0952
1996,12,2,1,278,2.5627
1996,12,2,2,175,1.8314
1996,12,2,3,160,3.8986
1996,12,2,4,144,2.4346
1996,12,2,5,141,0.6000
1996,12,3,1,278,-2.6062
1996,12,3,2,214,-2.5283
1996,12,3,3,157,-1.0483
1996,12,3,4,136,1.5084
1996,12,3,5,85,-0.3823
1997,1,1,1,565,3.6289
1997,1,1,2,246,6.3017
1997,1,1,3,242,5.6573
1997,1,1,4,340,5.1371
1997,1,1,5,518,5.7019
1997,1,2,1,281,2.4635
1997,1,2,2,183,2.6601
1997,1,2,3,137,4.2246
1997,1,2,4,142,2.0596
1997,1,2,5,143,4.4104
1997,1,3,1,281,5.6281
1997,1,3,2,201,7.1421
1997,1,3,3,172,5.5788
1997,1,3,4,139,2.5921
1997,1,3,5,88,2.5426
1997,2,1,1,552,-3.8167
1997,2,1,2,300,-5.7793
1997,2,1,3,236,-2.7971
1997,2,1,4,314,-1.1897
1997,2,1,5,501,0.2388
1997,2,2,1,285,-8.7913
1997,2,2,2,176,-2.8817
1997,2,2,3,156,-2.4111
1997,2,2,4,131,-0.2053
1997,2,2,5,142,-0.4670
1997,2,3,1,250,-2.7828
1997,2,3,2,207,1.0534
1997,2,3,3,182,-0.1325
1997,2,3,4,139,-0.4343
1997,2,3,5,81,-0.9339
1997,3,1,1,558,-7.8375
1997,3,1,2,292,-7.9098
1997,3,1,3,261,-4.5227
1997,3,1,4,317,-2.4134
1997,3,1,5,546,-1.7620
1997,3,2,1,245,-7.5076
1997,3,2,2,178,-3.7707
1997,3,2,3,153,-2.7245
1997,3,2,4,163,-3.0468
1997,3,2,5,143,-2.4008
1997,3,3,1,242,-5.9794
1997,3,3,2,204,-4.6543
1997,3,3,3,187,-2.2772
1997,3,3,4,141,-0.9952
1997,3,3,5,80,-3.5580
1997,4,1,1,529,-4.6004
1997,4,1,2,304,-4.5639
1997,4,1,3,238,-3.1812
1997,4,1,4,318,-1.5195
1997,4,1,5,552,-1.8726
1997,4,2,1,250,-1.0520
1997,4,2,2,191,-0.4701
1997,4,2,3,154,-0.1313
1997,4,2,4,155,1.6023
1997,4,2,5,142,-0.0339
1997,4,3,1,227,8.2327
1997,4,3,2,204,4.8932
1997,4,3,3,187,2.9909
1997,4,3,4,148,2.8360
1997,4,3,5,89,6.3486
1997,5,1,1,513,13.2752
1997,5,1,2,256,13.4329
1997,5,1,3,299,12.6625
1997,5,1,4,326,13.0545
1997,5,1,5,550,11.2048
1997,5,2,1,244,16.1513
1997,5,2,2,171,15.5696
1997,5,2,3,182,13.4413
1997,5,2,4,155,16.2011
1997,5,2,5,124,10.3091
1997,5,3,1,222,6.3988
1997,5,3,2,221,7.4873
1997,5,3,3,195,5.5352
1997,5,3,4,146,8.2562
1997,5,3,5,108,6.2226
1997,6,1,1,531,4.1619
1997,6,1,2,267,6.0412
1997,6,1,3,274,4.6449
1997,6,1,4,353,6.6419
1997,6,1,5,501,7.1060
1997,6,2,1,265,5.2660
1997,6,2,2,172,6.3121
1997,6,2,3,167,6.5164
1997,6,2,4,155,5.4329
1997,6,2,5,132,4.9142
1997,6,3,1,226,3.5006
1997,6,3,2,226,6.0587
1997,6,3,3,201,3.1455
1997,6,3,4,145,2.7402
1997,6,3,5,105,2.2955
1997,7,1,1,511,5.3779
1997,7,1,2,277,6.5400
1997,7,1,3,263,7.2906
1997,7,1,4,347,7.8264
1997,7,1,5,506,5.1677
1997,7,2,1,268,5.1892
1997,7,2,2,184,5.8406
1997,7,2,3,146,6.7975
1997,7,2,4,157,6.4428
1997,7,2,5,127,5.5377
1997,7,3,1,230,6.3464
1997,7,3,2,236,7.6745
1997,7,3,3,194,7.8040
1997,7,3,4,135,8.0209
1997,7,3,5,110,6.5813
1997,8,1,1,488,2.1803
1997,8,1,2,280,6.9905
1997,8,1,3,246,6.5179
1997,8,1,4,321,4.3847
1997,8,1,5,590,4.7142
1997,8,2,1,275,3.3560
1997,8,2,2,170,3.2511
1997,8,2,3,154,4.0205
1997,8,2,4,175,3.6232
1997,8,2,5,118,3.5891
1997,8,3,1,253,-5.6127
1997,8,3,2,235,-5.6899
1997,8,3,3,182,-2.6360
1997,8,3,4,143,-0.9171
1997,8,3,5,99,1.0275
1997,9,1,1,539,8.1743
1997,9,1,2,277,8.2922
1997,9,1,3,255,7.1738
1997,9,1,4,287,8.8163
1997,9,1,5,596,10.1077
1997,9,2,1,258,7.7653
1997,9,2,2,180,7.4107
1997,9,2,3,151,7.1989
1997,9,2,4,160,6.5777
1997,9,2,5,126,7.5228
1997,9,3,1,260,4.0595
1997,9,3,2,211,5.4555
1997,9,3,3,188,4.8873
1997,9,3,4,140,3.8590
1997,9,3,5,105,5.2116
1997,10,1,1,547,-4.7138
1997,10,1,2,261,-5.7195
1997,10,1,3,246,-3.5208
1997,10,1,4,298,-0.6095
1997,10,1,5,564,-1.2457
1997,10,2,1,278,-6.1459
1997,10,2,2,164,-5.8452
1997,10,2,3,162,-4.6511
1997,10,2,4,158,-2.0654
1997,10,2,5,119,-1.9903
1997,10,3,1,263,-2.2326
1997,10,3,2,210,-5.0461
1997,10,3,3,177,-3.8731
1997,10,3,4,143,-3.2579
1997,10,3,5,109,-2.3243
1997,11,1,1,559,-2.5348
1997,11,1,2,267,-3.4514
1997,11,1,3,296,-1.3306
1997,11,1,4,316,-0.0950
1997,11,1,5,498,-0.2609
1997,11,2,1,259,-3.3120
1997,11,2,2,170,-3.2210
1997,11,2,3,177,-1.7401
1997,11,2,4,164,0.6085
1997,11,2,5,116,1.2230
1997,11,3,1,247,3.6837
1997,11,3,2,221,4.5304
1997,11,3,3,165,3.5332
1997,11,3,4,144,4.7882
1997,11,3,5,102,4.6217
1997,12,1,1,534,-4.4750
1997,12,1,2,260,-1.5104
1997,12,1,3,296,-2.5730
1997,12,1,4,312,-2.1981
1997,12,1,5,547,0.1106
1997,12,2,1,259,0.6293
1997,12,2,2,169,-1.2544
1997,12,2,3,174,-0.5746
1997,12,2,4,180,1.2534
1997,12,2,5,113,1.1756
1997,12,3,1,247,0.2962
1997,12,3,2,228,1.5652
1997,12,3,3,171,0.6918
1997,12,3,4,140,1.9513
1997,12,3,5,92,3.1842
1998,1,1,1,487,-0.8348
1998,1,1,2,285,-1.6488
1998,1,1,3,263,-0.9400
1998,1,1,4,326,0.6264
1998,1,1,5,593,0.7912
1998,1,2,1,244,-0.8443
1998,1,2,2,157,-0.7241
1998,1,2,3,172,-0.3326
1998,1,2,4,183,-1.3406
1998,1,2,5,123,-0.2770
1998,1,3,1,254,2.9205
1998,1,3,2,216,1.8266
1998,1,3,3,167,-0.0049
1998,1,3,4,156,0.3908
1998,1,3,5,85,-1.2754
1998,2,1,1,500,5.7061
1998,2,1,2,269,6.3036
1998,2,1,3,297,6.6414
1998,2,1,4,288,6.1534
1998,2,1,5,587,9.2559
1998,2,2,1,229,8.8883
1998,2,2,2,174,9.0727
1998,2,2,3,171,8.6930
1998,2,2,4,164,9.2694
1998,2,2,5,135,10.1598
1998,2,3,1,240,7.6528
1998,2,3,2,210,5.1806
1998,2,3,3,184,6.9091
1998,2,3,4,139,7.9266
1998,2,3,5,81,10.2841
1998,3,1,1,479,4.1415
1998,3,1,2,271,5.0161
1998,3,1,3,277,3.8370
1998,3,1,4,294,3.5014
1998,3,1,5,618,5.3287
1998,3,2,1,219,5.9244
1998,3,2,2,182,5.5272
1998,3,2,3,147,4.4603
1998,3,2,4,162,3.2414
1998,3,2,5,139,4.0135
1998,3,3,1,231,5.8914
1998,3,3,2,206,3.9381
1998,3,3,3,184,4.9122
1998,3,3,4,141,4.8358
1998,3,3,5,82,5.3804
1998,4,1,1,488,1.6307
1998,4,1,2,238,2.4402
1998,4,1,3,250,2.1090
1998,4,1,4,293,3.2513
1998,4,1,5,644,4.1708
1998,4,2,1,240,0.6012
1998,4,2,2,160,-0.8925
1998,4,2,3,153,-0.3314
1998,4,2,4,148,1.8064
1998,4,2,5,128,2.6341
1998,4,3,1,236,1.7039
1998,4,3,2,194,-0.0317
1998,4,3,3,173,-0.4218
1998,4,3,4,150,2.5708
1998,4,3,5,91,3.3586
1998,5,1,1,505,-7.1325
1998,5,1,2,236,-5.4762
1998,5,1,3,238,-3.7327
1998,5,1,4,329,-4.8922
1998,5,1,5,549,-3.3654
1998,5,2,1,230,-8.0401
1998,5,2,2,169,-5.9110
1998,5,2,3,161,-4.7554
1998,5,2,4,162,-3.5995
1998,5,2,5,125,-3.1234
1998,5,3,1,261,-3.3224
1998,5,3,2,199,-2.6018
1998,5,3,3,191,-2.2301
1998,5,3,4,141,-1.3336
1998,5,3,5,106,3.0286
1998,6,1,1,484,-3.8183
1998,6,1,2,253,-3.4409
1998,6,1,3,259,-0.5640
1998,6,1,4,325,-1.8087
1998,6,1,5,540,-2.3689
1998,6,2,1,226,2.0756
1998,6,2,2,153,0.7711
1998,6,2,3,171,-0.6847
1998,6,2,4,153,-3.2188
1998,6,2,5,137,-1.9355
1998,6,3,1,241,6.9428
1998,6,3,2,198,4.6313
1998,6,3,3,203,0.3105
1998,6,3,4,147,0.2603
1998,6,3,5,97,1.8849
1998,7,1,1,449,-8.5508
1998,7,1,2,244,-6.9209
1998,7,1,3,258,-7.0748
1998,7,1,4,322,-7.1543
1998,7,1,5,531,-6.6051
1998,7,2,1,215,-7.6375
1998,7,2,2,158,-8.3897
1998,7,2,3,166,-6.5191
1998,7,2,4,149,-9.6093
1998,7,2,5,149,-7.6247
1998,7,3,1,272,-0.9885
1998,7,3,2,216,-1.8384
1998,7,3,3,186,-1.9554
1998,7,3,4,146,-4.9639
1998,7,3,5,84,-4.2668
1998,8,1,1,427,-22.9529
1998,8,1,2,277,-21.6581
1998,8,1,3,282,-20.1675
1998,8,1,4,356,-17.9470
1998,8,1,5,519,-18.8615
1998,8,2,1,214,-20.5234
1998,8,2,2,144,-20.4314
1998,8,2,3,170,-19.1304
1998,8,2,4,161,-17.6907
1998,8,2,5,140,-18.2153
1998,8,3,1,269,-13.9004
1998,8,3,2,216,-11.2214
1998,8,3,3,172,-9.6457
1998,8,3,4,135,-14.3195
1998,8,3,5,97,-15.2964
1998,9,1,1,382,2.6252
1998,9,1,2,269,4.4016
1998,9,1,3,293,2.5982
1998,9,1,4,374,2.3115
1998,9,1,5,564,5.6899
1998,9,2,1,174,13.0832
1998,9,2,2,151,10.3397
1998,9,2,3,173,4.6602
1998,9,2,4,189,4.2321
1998,9,2,5,135,4.3004
1998,9,3,1,257,7.1455
1998,9,3,2,229,8.2243
1998,9,3,3,176,5.4235
1998,9,3,4,128,8.7444
1998,9,3,5,84,2.7269
1998,10,1,1,354,3.7815
1998,10,1,2,253,6.2699
1998,10,1,3,265,3.0441
1998,10,1,4,393,5.5219
1998,10,1,5,576,7.3461
1998,10,2,1,179,3.5332
1998,10,2,2,146,3.8864
1998,10,2,3,162,6.6650
1998,10,2,4,195,6.2679
1998,10,2,5,137,10.3158
1998,10,3,1,283,5.5414
1998,10,3,2,228,7.4445
1998,10,3,3,165,9.2106
1998,10,3,4,134,8.5449
1998,10,3,5,77,11.0440
1998,11,1,1,346,7.9297
1998,11,1,2,262,9.6006
1998,11,1,3,248,5.1461
1998,11,1,4,372,5.2748
1998,11,1,5,552,6.2798
1998,11,2,1,164,7.6794
1998,11,2,2,169,7.2835
1998,11,2,3,167,7.0768
1998,11,2,4,181,6.1493
1998,11,2,5,129,1.3452
1998,11,3,1,280,7.8187
1998,11,3,2,226,6.0668
1998,11,3,3,172,4.3908
1998,11,3,4,123,3.4975
1998,11,3,5,82,1.6708
1998,12,1,1,362,3.2848
1998,12,1,2,245,2.5501
1998,12,1,3,251,3.1437
1998,12,1,4,367,2.9860
1998,12,1,5,500,2.1700
1998,12,2,1,187,9.7058
1998,12,2,2,172,8.1533
1998,12,2,3,157,5.8271
1998,12,2,4,170,2.7930
1998,12,2,5,131,3.5137
1998,12,3,1,297,9.7411
1998,12,3,2,222,6.7133
1998,12,3,3,171,1.1890
1998,12,3,4,129,6.9757
1998,12,3,5,73,4.7824
1999,1,1,1,339,6.8202
1999,1,1,2,227,2.8931
1999,1,1,3,255,3.1309
1999,1,1,4,363,3.4967
1999,1,1,5,516,4.2429
1999,1,2,1,192,2.0417
1999,1,2,2,165,-2.1640
1999,1,2,3,165,-0.2905
1999,1,2,4,161,-0.9492
1999,1,2,5,122,-1.1906
1999,1,3,1,312,7.9309
1999,1,3,2,227,0.0324
1999,1,3,3,170,-1.0877
1999,1,3,4,123,-5.1560
1999,1,3,5,76,-0.6192
1999,2,1,1,349,-6.3987
1999,2,1,2,218,-5.8922
1999,2,1,3,228,-8.8573
1999,2,1,4,336,-6.5553
1999,2,1,5,508,-4.9216
1999,2,2,1,187,-9.9171
1999,2,2,2,170,-10.3049
1999,2,2,3,164,-8.0064
1999,2,2,4,155,-9.0875
1999,2,2,5,135,-6.6605
1999,2,3,1,324,-4.7069
1999,2,3,2,218,-5.0803
1999,2,3,3,157,-3.9237
1999,2,3,4,130,-1.5338
1999,2,3,5,69,-4.0306
1999,3,1,1,312,-2.1412
1999,3,1,2,218,-8.1203
1999,3,1,3,205,-7.6356
1999,3,1,4,357,-4.6799
1999,3,1,5,527,-3.8664
1999,3,2,1,169,0.0012
1999,3,2,2,150,-3.2861
1999,3,2,3,159,-0.4241
1999,3,2,4,181,-0.4895
1999,3,2,5,132,-1.2832
1999,3,3,1,298,6.2576
1999,3,3,2,220,-0.7084
1999,3,3,3,171,-0.3365
1999,3,3,4,118,2.5706
1999,3,3,5,71,6.3666
1999,4,1,1,290,8.4574
1999,4,1,2,181,6.4355
1999,4,1,3,199,7.8193
1999,4,1,4,329,8.5245
1999,4,1,5,579,10.1922
1999,4,2,1,171,6.5909
1999,4,2,2,156,6.5203
1999,4,2,3,169,5.6656
1999,4,2,4,164,10.8574
1999,4,2,5,132,13.7400
1999,4,3,1,288,-0.7313
1999,4,3,2,206,8.5832
1999,4,3,3,169,9.3705
1999,4,3,4,136,9.8209
1999,4,3,5,63,7.6717
1999,5,1,1,282,3.5444
1999,5,1,2,177,3.9238
1999,5,1,3,223,4.5960
1999,5,1,4,327,6.5893
1999,5,1,5,556,5.5464
1999,5,2,1,182,3.6363
1999,5,2,2,147,5.3362
1999,5,2,3,163,3.4332
1999,5,2,4,169,5.9464
1999,5,2,5,130,4.6208
1999,5,3,1,271,-2.5764
1999,5,3,2,224,-2.1179
1999,5,3,3,173,0.4215
1999,5,3,4,125,4.2681
1999,5,3,5,90,-0.5784
1999,6,1,1,311,4.8062
1999,6,1,2,194,5.5872
1999,6,1,3,200,3.0201
1999,6,1,4,307,2.9212
1999,6,1,5,558,3.0371
1999,6,2,1,191,8.9445
1999,6,2,2,136,8.1009
1999,6,2,3,173,5.2861
1999,6,2,4,151,5.0737
1999,6,2,5,137,5.5855
1999,6,3,1,275,7.4002
1999,6,3,2,238,4.4457
1999,6,3,3,165,2.9900
1999,6,3,4,131,4.3523
1999,6,3,5,89,3.7205
1999,7,1,1,291,-0.2893
1999,7,1,2,182,2.8989
1999,7,1,3,214,1.2334
1999,7,1,4,315,2.0593
1999,7,1,5,545,1.6785
1999,7,2,1,191,1.0806
1999,7,2,2,144,-0.5185
1999,7,2,3,158,-1.7030
1999,7,2,4,174,-1.8899
1999,7,2,5,120,0.5486
1999,7,3,1,285,-3.4876
1999,7,3,2,230,-1.1078
1999,7,3,3,162,-2.4339
1999,7,3,4,126,-3.0738
1999,7,3,5,81,-4.4214
1999,8,1,1,311,-3.5988
1999,8,1,2,186,-1.6993
1999,8,1,3,227,-3.5400
1999,8,1,4,345,-3.9531
1999,8,1,5,515,-3.3164
1999,8,2,1,192,-0.2787
1999,8,2,2,136,-3.9146
1999,8,2,3,156,-3.8899
1999,8,2,4,172,-4.9216
1999,8,2,5,132,-4.6281
1999,8,3,1,306,2.1641
1999,8,3,2,224,-1.5569
1999,8,3,3,166,-5.3193
1999,8,3,4,124,-2.8489
1999,8,3,5,77,1.1090
1999,9,1,1,302,-1.1166
1999,9,1,2,216,-0.8074
1999,9,1,3,229,-0.7588
1999,9,1,4,342,-4.0057
1999,9,1,5,517,-3.2031
1999,9,2,1,187,2.5124
1999,9,2,2,138,0.0789
1999,9,2,3,163,-1.2669
1999,9,2,4,174,-2.6807
1999,9,2,5,133,-1.1022
1999,9,3,1,322,-2.4653
1999,9,3,2,223,-1.6968
1999,9,3,3,155,-4.5025
1999,9,3,4,116,-1.7614
1999,9,3,5,79,-2.0650
1999,10,1,1,304,-2.4662
1999,10,1,2,198,-1.7675
1999,10,1,3,241,-2.0895
1999,10,1,4,317,-5.0637
1999,10,1,5,516,-2.5329
1999,10,2,1,186,4.9145
1999,10,2,2,141,-3.2242
1999,10,2,3,156,-4.0572
1999,10,2,4,185,-4.4332
1999,10,2,5,129,-2.7260
1999,10,3,1,335,8.0914
1999,10,3,2,223,2.4168
1999,10,3,3,156,0.0775
1999,10,3,4,104,-4.5363
1999,10,3,5,79,4.9938
1999,11,1,1,290,10.5130
1999,11,1,2,194,12.0487
1999,11,1,3,251,8.8436
1999,11,1,4,344,6.8293
1999,11,1,5,445,3.9920
1999,11,2,1,182,14.0984
1999,11,2,2,145,10.8768
1999,11,2,3,165,6.5460
1999,11,2,4,177,1.0020
1999,11,2,5,116,2.2246
1999,11,3,1,355,4.9687
1999,11,3,2,229,4.2553
1999,11,3,3,166,-1.6404
1999,11,3,4,104,0.2557
1999,11,3,5,74,-2.2967
1999,12,1,1,300,11.9022
1999,12,1,2,200,10.1899
1999,12,1,3,263,7.8566
1999,12,1,4,300,3.2089
1999,12,1,5,424,3.4359
1999,12,2,1,184,18.9929
1999,12,2,2,169,12.8529
1999,12,2,3,161,2.3766
1999,12,2,4,165,1.8588
1999,12,2,5,115,1.8703
1999,12,3,1,392,11.1822
1999,12,3,2,209,2.9228
1999,12,3,3,163,1.1058
1999,12,3,4,104,1.7882
1999,12,3,5,69,1.8309
2000,1,1,1,287,8.2819
2000,1,1,2,204,7.2597
2000,1,1,3,241,3.6771
2000,1,1,4,301,2.3161
2000,1,1,5,408,2.6483
2000,1,2,1,189,-1.0117
2000,1,2,2,145,0.5185
2000,1,2,3,167,-4.7946
2000,1,2,4,163,-5.9460
2000,1,2,5,126,-5.0093
2000,1,3,1,423,-6.8146
2000,1,3,2,210,-0.4023
2000,1,3,3,159,-4.7305
2000,1,3,4,104,-2.7346
2000,1,3,5,70,-4.1042
2000,2,1,1,327,17.5622
2000,2,1,2,208,15.5132
2000,2,1,3,233,5.6844
2000,2,1,4,271,5.5441
2000,2,1,5,397,0.8421
2000,2,2,1,207,25.9015
2000,2,2,2,156,8.5924
2000,2,2,3,150,2.3742
2000,2,2,4,162,-2.5986
2000,2,2,5,128,-2.0725
2000,2,3,1,426,7.2337
2000,2,3,2,201,-7.0198
2000,2,3,3,161,-8.2093
2000,2,3,4,120,-8.4613
2000,2,3,5,66,-6.1582
2000,3,1,1,323,-3.1436
2000,3,1,2,228,3.6533
2000,3,1,3,212,4.9882
2000,3,1,4,269,2.0929
2000,3,1,5,353,1.4241
2000,3,2,1,213,0.0763
2000,3,2,2,149,6.7140
2000,3,2,3,139,6.3498
2000,3,2,4,157,3.1580
2000,3,2,5,127,7.2302
2000,3,3,1,452,6.2693
2000,3,3,2,201,7.1629
2000,3,3,3,155,15.4431
2000,3,3,4,123,13.9150
2000,3,3,5,78,10.1148
2000,4,1,1,317,-14.0988
2000,4,1,2,175,-6.5572
2000,4,1,3,196,-4.7086
2000,4,1,4,282,-0.9133
2000,4,1,5,392,-3.7243
2000,4,2,1,204,-13.2522
2000,4,2,2,142,0.5112
2000,4,2,3,138,-0.4334
2000,4,2,4,167,2.7612
2000,4,2,5,126,-0.1820
2000,4,3,1,419,-6.0739
2000,4,3,2,196,2.3440
2000,4,3,3,162,0.7510
2000,4,3,4,104,3.8506
2000,4,3,5,78,0.8401
2000,5,1,1,271,-7.8145
2000,5,1,2,189,-7.0446
2000,5,1,3,194,-4.9489
2000,5,1,4,275,-1.7787
2000,5,1,5,411,-3.8420
2000,5,2,1,222,-9.1310
2000,5,2,2,144,-1.5546
2000,5,2,3,124,-1.5791
2000,5,2,4,171,1.0285
2000,5,2,5,130,-0.4789
2000,5,3,1,353,-8.0137
2000,5,3,2,227,1.7788
2000,5,3,3,178,0.9618
2000,5,3,4,103,-5.0645
2000,5,3,5,77,5.8341
2000,6,1,1,269,7.6196
2000,6,1,2,194,11.5026
2000,6,1,3,218,10.9514
2000,6,1,4,272,3.9272
2000,6,1,5,413,5.8028
2000,6,2,1,214,18.6363
2000,6,2,2,144,9.9816
2000,6,2,3,144,2.2056
2000,6,2,4,136,3.0745
2000,6,2,5,135,0.5940
2000,6,3,1,329,10.0947
2000,6,3,2,225,-0.9520
2000,6,3,3,176,-3.8888
2000,6,3,4,107,-4.6520
2000,6,3,5,85,0.0857
2000,7,1,1,265,-1.8603
2000,7,1,2,204,2.7412
2000,7,1,3,222,0.3314
2000,7,1,4,260,3.3200
2000,7,1,5,375,-0.0465
2000,7,2,1,210,-6.0367
2000,7,2,2,137,-0.8284
2000,7,2,3,152,2.1688
2000,7,2,4,122,4.0188
2000,7,2,5,125,2.5294
2000,7,3,1,367,-3.0123
2000,7,3,2,226,-3.8504
2000,7,3,3,163,-2.4862
2000,7,3,4,106,-0.0370
2000,7,3,5,81,-0.7594
2000,8,1,1,268,6.9935
2000,8,1,2,195,8.6164
2000,8,1,3,210,6.3915
2000,8,1,4,278,6.0428
2000,8,1,5,408,4.5956
2000,8,2,1,213,9.0419
2000,8,2,2,161,6.9131
2000,8,2,3,143,6.4740
2000,8,2,4,137,4.8338
2000,8,2,5,120,8.6982
2000,8,3,1,361,6.8488
2000,8,3,2,215,4.1582
2000,8,3,3,156,4.4239
2000,8,3,4,110,10.7200
2000,8,3,5,80,11.1177
2000,9,1,1,249,-4.4611
2000,9,1,2,189,-2.1201
2000,9,1,3,197,-1.3124
2000,9,1,4,275,-1.5542
2000,9,1,5,418,-2.7637
2000,9,2,1,210,-5.1462
2000,9,2,2,138,-6.1176
2000,9,2,3,144,-1.6052
2000,9,2,4,137,-0.4807
2000,9,2,5,121,-4.7789
2000,9,3,1,370,-8.6951
2000,9,3,2,213,-0.6205
2000,9,3,3,151,-3.3917
2000,9,3,4,115,-1.6702
2000,9,3,5,64,1.2740
2000,10,1,1,246,-9.3593
2000,10,1,2,206,-4.8867
2000,10,1,3,176,-5.7650
2000,10,1,4,281,-6.2686
2000,10,1,5,404,-4.1148
2000,10,2,1,186,-7.4727
2000,10,2,2,152,-2.9480
2000,10,2,3,131,0.8320
2000,10,2,4,144,2.2198
2000,10,2,5,132,0.3737
2000,10,3,1,357,-5.1066
2000,10,3,2,211,5.0134
2000,10,3,3,150,1.3443
2000,10,3,4,115,7.7241
2000,10,3,5,63,10.9549
2000,11,1,1,237,-10.2927
2000,11,1,2,176,-6.4242
2000,11,1,3,189,-7.5140
2000,11,1,4,259,-4.4591
2000,11,1,5,405,-6.5650
2000,11,2,1,178,-15.2742
2000,11,2,2,149,-9.8963
2000,11,2,3,142,-2.2823
2000,11,2,4,149,-3.7545
2000,11,2,5,123,-4.5294
2000,11,3,1,330,-12.2437
2000,11,3,2,211,-3.3262
2000,11,3,3,149,-1.3733
2000,11,3,4,112,-1.0507
2000,11,3,5,72,-6.2672
2000,12,1,1,219,-4.0701
2000,12,1,2,150,0.1601
2000,12,1,3,187,-0.8379
2000,12,1,4,280,2.2177
2000,12,1,5,407,5.0361
2000,12,2,1,177,7.0646
2000,12,2,2,142,10.3536
2000,12,2,3,157,9.6005
2000,12,2,4,138,8.9951
2000,12,2,5,130,13.3203
2000,12,3,1,291,-1.4798
2000,12,3,2,196,0.3973
2000,12,3,3,148,0.5917
2000,12,3,4,119,8.2986
2000,12,3,5,73,2.6592
2001,1,1,1,195,15.8290
2001,1,1,2,115,17.6411
2001,1,1,3,183,13.9590
2001,1,1,4,272,15.7711
2001,1,1,5,452,21.4831
2001,1,2,1,172,5.9842
2001,1,2,2,138,12.5894
2001,1,2,3,159,8.9764
2001,1,2,4,144,11.8093
2001,1,2,5,137,17.7037
2001,1,3,1,290,-0.1900
2001,1,3,2,186,7.2800
2001,1,3,3,158,8.3877
2001,1,3,4,110,2.2338
2001,1,3,5,71,14.6704
2001,2,1,1,212,-8.4051
2001,2,1,2,162,-5.4126
2001,2,1,3,188,-1.7829
2001,2,1,4,252,-0.9750
2001,2,1,5,416,-1.3282
2001,2,2,1,172,-14.6109
2001,2,2,2,133,-6.7112
2001,2,2,3,147,-3.2110
2001,2,2,4,135,-3.1638
2001,2,2,5,120,-1.4609
2001,2,3,1,281,-12.3641
2001,2,3,2,199,-6.6392
2001,2,3,3,143,-3.8417
2001,2,3,4,100,1.7014
2001,2,3,5,68,-2.4131
2001,3,1,1,189,-6.9420
2001,3,1,2,133,-7.7726
2001,3,1,3,203,-0.9819
2001,3,1,4,250,-1.1480
2001,3,1,5,425,-1.3807
2001,3,2,1,141,-5.9705
2001,3,2,2,137,-5.7370
2001,3,2,3,164,-5.1627
2001,3,2,4,129,-0.0075
2001,3,2,5,129,-0.9447
2001,3,3,1,233,-11.0895
2001,3,3,2,198,-4.0733
2001,3,3,3,145,-1.4223
2001,3,3,4,97,-1.2040
2001,3,3,5,74,-3.6472
2001,4,1,1,192,4.8863
2001,4,1,2,126,4.7940
2001,4,1,3,193,10.2780
2001,4,1,4,228,8.4397
2001,4,1,5,419,10.1883
2001,4,2,1,137,12.1029
2001,4,2,2,128,11.4141
2001,4,2,3,147,8.0288
2001,4,2,4,144,13.4026
2001,4,2,5,133,11.8336
2001,4,3,1,225,9.4902
2001,4,3,2,188,9.1127
2001,4,3,3,144,8.6666
2001,4,3,4,106,7.1171
2001,4,3,5,71,8.1464
2001,5,1,1,190,12.0913
2001,5,1,2,113,10.5402
2001,5,1,3,146,10.3415
2001,5,1,4,250,10.4506
2001,5,1,5,370,11.6797
2001,5,2,1,176,3.3057
2001,5,2,2,121,2.7314
2001,5,2,3,128,3.9651
2001,5,2,4,142,5.6992
2001,5,2,5,101,7.7164
2001,5,3,1,223,-0.9405
2001,5,3,2,204,0.4778
2001,5,3,3,128,2.2660
2001,5,3,4,92,-0.3538
2001,5,3,5,91,0.4418
2001,6,1,1,215,4.8475
2001,6,1,2,131,4.7391
2001,6,1,3,158,-0.3509
2001,6,1,4,221,5.0878
2001,6,1,5,341,1.4708
2001,6,2,1,185,5.1394
2001,6,2,2,115,6.1972
2001,6,2,3,135,4.4339
2001,6,2,4,143,3.3374
2001,6,2,5,98,1.7389
2001,6,3,1,201,-1.0920
2001,6,3,2,192,-4.0865
2001,6,3,3,139,-2.1935
2001,6,3,4,97,-1.2533
2001,6,3,5,88,-6.8479
2001,7,1,1,202,0.2376
2001,7,1,2,133,-1.0539
2001,7,1,3,129,1.3497
2001,7,1,4,261,1.4794
2001,7,1,5,324,0.6830
2001,7,2,1,190,-4.2851
2001,7,2,2,130,-5.3901
2001,7,2,3,114,-5.2580
2001,7,2,4,137,-1.3821
2001,7,2,5,99,-2.4883
2001,7,3,1,211,-4.0673
2001,7,3,2,183,0.8019
2001,7,3,3,140,2.4514
2001,7,3,4,97,-2.5923
2001,7,3,5,84,0.6056
2001,8,1,1,223,-2.4963
2001,8,1,2,156,-1.5430
2001,8,1,3,124,-1.2901
2001,8,1,4,218,-1.9511
2001,8,1,5,374,0.1486
2001,8,2,1,187,-6.3963
2001,8,2,2,115,-1.6955
2001,8,2,3,124,-0.9475
2001,8,2,4,129,-2.1818
2001,8,2,5,98,-5.0102
2001,8,3,1,211,-8.9260
2001,8,3,2,167,-3.2963
2001,8,3,3,129,-3.8373
2001,8,3,4,113,-0.0582
2001,8,3,5,70,-1.3291
2001,9,1,1,224,-11.3911
2001,9,1,2,131,-10.4333
2001,9,1,3,124,-9.9754
2001,9,1,4,232,-11.5054
2001,9,1,5,392,-12.8910
2001,9,2,1,187,-17.6369
2001,9,2,2,108,-13.8052
2001,9,2,3,120,-10.5801
2001,9,2,4,125,-13.8913
2001,9,2,5,104,-16.7595
2001,9,3,1,198,-11.4206
2001,9,3,2,170,-6.0419
2001,9,3,3,143,-3.1155
2001,9,3,4,106,-11.0653
2001,9,3,5,64,-8.0806
2001,10,1,1,199,9.3247
2001,10,1,2,138,9.8490
2001,10,1,3,139,8.6307
2001,10,1,4,212,8.5594
2001,10,1,5,396,7.9340
2001,10,2,1,165,10.0461
2001,10,2,2,124,8.4871
2001,10,2,3,125,6.6364
2001,10,2,4,122,7.9613
2001,10,2,5,107,9.2555
2001,10,3,1,193,6.7214
2001,10,3,2,177,0.2978
2001,10,3,3,132,1.2197
2001,10,3,4,110,1.5294
2001,10,3,5,61,5.8000
2001,11,1,1,223,6.7556
2001,11,1,2,135,4.6791
2001,11,1,3,128,2.1632
2001,11,1,4,191,6.3919
2001,11,1,5,369,6.9051
2001,11,2,1,179,8.6729
2001,11,2,2,119,5.6492
2001,11,2,3,105,6.5206
2001,11,2,4,121,6.7762
2001,11,2,5,96,7.4689
2001,11,3,1,194,10.4623
2001,11,3,2,155,5.0872
2001,11,3,3,135,3.7213
2001,11,3,4,98,2.3862
2001,11,3,5,65,1.7562
2001,12,1,1,201,7.1545
2001,12,1,2,135,7.6656
2001,12,1,3,132,4.8717
2001,12,1,4,182,9.0856
2001,12,1,5,359,9.3365
2001,12,2,1,160,6.9072
2001,12,2,2,129,7.6585
2001,12,2,3,106,7.7693
2001,12,2,4,119,6.8762
2001,12,2,5,94,9.3365
2001,12,3,1,202,0.2733
2001,12,3,2,150,2.5266
2001,12,3,3,127,1.3142
2001,12,3,4,92,3.6019
2001,12,3,5,65,3.9602
2002,1,1,1,199,2.4839
2002,1,1,2,127,-0.6900
2002,1,1,3,139,2.5292
2002,1,1,4,179,3.7725
2002,1,1,5,356,3.4242
2002,1,2,1,168,-1.5399
2002,1,2,2,120,-1.7689
2002,1,2,3,107,0.8082
2002,1,2,4,115,1.0660
2002,1,2,5,93,2.5768
2002,1,3,1,190,0.0035
2002,1,3,2,150,-1.0983
2002,1,3,3,132,-2.0027
2002,1,3,4,90,1.6184
2002,1,3,5,69,-0.9265
2002,2,1,1,200,-3.0092
2002,2,1,2,117,-5.1067
2002,2,1,3,140,-3.7508
2002,2,1,4,193,-1.3019
2002,2,1,5,358,0.7945
2002,2,2,1,167,-6.2177
2002,2,2,2,95,-1.0423
2002,2,2,3,104,0.8126
2002,2,2,4,111,1.7054
2002,2,2,5,102,4.2491
2002,2,3,1,186,-3.5492
2002,2,3,2,161,-0.1055
2002,2,3,3,132,1.3862
2002,2,3,4,104,1.3751
2002,2,3,5,57,2.1885
2002,3,1,1,175,10.2480
2002,3,1,2,114,13.1057
2002,3,1,3,130,8.2539
2002,3,1,4,184,10.6082
2002,3,1,5,391,9.6465
2002,3,2,1,144,9.9727
2002,3,2,2,107,8.6246
2002,3,2,3,101,6.1574
2002,3,2,4,115,7.1132
2002,3,2,5,109,10.2982
2002,3,3,1,160,3.8673
2002,3,3,2,157,3.5072
2002,3,3,3,135,0.3564
2002,3,3,4,98,4.4338
2002,3,3,5,66,5.7097
2002,4,1,1,174,-1.4774
2002,4,1,2,116,2.0881
2002,4,1,3,107,5.8838
2002,4,1,4,186,4.6226
2002,4,1,5,379,6.2933
2002,4,2,1,158,-3.2145
2002,4,2,2,111,-0.4192
2002,4,2,3,93,1.8709
2002,4,2,4,116,4.1764
2002,4,2,5,102,5.3436
2002,4,3,1,155,-5.9751
2002,4,3,2,146,-5.5215
2002,4,3,3,137,-7.0340
2002,4,3,4,109,-6.1452
2002,4,3,5,66,1.0827
2002,5,1,1,227,-4.1907
2002,5,1,2,127,-1.5440
2002,5,1,3,107,-1.9198
2002,5,1,4,155,2.6665
2002,5,1,5,375,1.2560
2002,5,2,1,162,-5.9549
2002,5,2,2,118,-1.9972
2002,5,2,3,106,-2.4517
2002,5,2,4,92,-0.9409
2002,5,2,5,96,-3.4390
2002,5,3,1,194,-1.2760
2002,5,3,2,136,-1.5334
2002,5,3,3,137,-1.8028
2002,5,3,4,117,0.2565
2002,5,3,5,79,3.0531
2002,6,1,1,232,-4.0194
2002,6,1,2,142,-2.8881
2002,6,1,3,128,-0.6318
2002,6,1,4,148,0.2865
2002,6,1,5,416,1.0067
2002,6,2,1,154,-6.5677
2002,6,2,2,120,-4.2312
2002,6,2,3,93,-3.8207
2002,6,2,4,107,-2.7222
2002,6,2,5,100,-2.0882
2002,6,3,1,189,-11.2841
2002,6,3,2,157,-4.9513
2002,6,3,3,141,-4.1610
2002,6,3,4,116,-7.5682
2002,6,3,5,78,-11.5272
2002,7,1,1,230,-17.5828
2002,7,1,2,142,-14.8986
2002,7,1,3,133,-15.0202
2002,7,1,4,140,-11.4364
2002,7,1,5,403,-10.6741
2002,7,2,1,155,-19.4763
2002,7,2,2,124,-15.5000
2002,7,2,3,107,-11.6901
2002,7,2,4,97,-15.0606
2002,7,2,5,106,-12.6386
2002,7,3,1,181,-11.1611
2002,7,3,2,169,-6.7958
2002,7,3,3,129,-3.8733
2002,7,3,4,118,-7.2640
2002,7,3,5,78,-5.9927
2002,8,1,1,281,0.8408
2002,8,1,2,136,-2.5841
2002,8,1,3,130,-0.4173
2002,8,1,4,201,2.0229
2002,8,1,5,374,-0.7708
2002,8,2,1,154,-0.2950
2002,8,2,2,119,1.5874
2002,8,2,3,98,0.2462
2002,8,2,4,125,0.3674
2002,8,2,5,97,3.3385
2002,8,3,1,190,-0.2173
2002,8,3,2,169,0.6934
2002,8,3,3,144,0.0588
2002,8,3,4,121,-0.6157
2002,8,3,5,75,3.0372
2002,9,1,1,244,-10.6347
2002,9,1,2,129,-9.2199
2002,9,1,3,131,-6.2112
2002,9,1,4,196,-5.0744
2002,9,1,5,402,-5.1123
2002,9,2,1,148,-7.6553
2002,9,2,2,129,-5.2963
2002,9,2,3,103,-6.2029
2002,9,2,4,127,-6.3135
2002,9,2,5,99,-8.0717
2002,9,3,1,188,-10.8143
2002,9,3,2,174,-7.4675
2002,9,3,3,147,-11.6899
2002,9,3,4,117,-12.0242
2002,9,3,5,69,-10.1848
2002,10,1,1,232,5.4950
2002,10,1,2,132,3.9683
2002,10,1,3,145,2.7330
2002,10,1,4,226,5.1791
2002,10,1,5,378,2.1870
2002,10,2,1,151,7.4699
2002,10,2,2,123,3.8634
2002,10,2,3,100,3.0074
2002,10,2,4,116,2.7384
2002,10,2,5,100,0.6096
2002,10,3,1,175,15.0387
2002,10,3,2,175,5.7902
2002,10,3,3,153,2.5103
2002,10,3,4,118,6.3984
2002,10,3,5,68,4.9254
2002,11,1,1,248,14.7960
2002,11,1,2,112,9.7147
2002,11,1,3,149,8.0850
2002,11,1,4,192,9.1660
2002,11,1,5,381,9.3667
2002,11,2,1,159,10.5247
2002,11,2,2,126,5.5403
2002,11,2,3,91,6.3021
2002,11,2,4,121,5.4886
2002,11,2,5,92,11.2787
2002,11,3,1,204,8.2291
2002,11,3,2,173,3.9893
2002,11,3,3,137,4.8315
2002,11,3,4,109,5.5211
2002,11,3,5,80,5.0176
2002,12,1,1,261,-5.2751
2002,12,1,2,134,-3.7881
2002,12,1,3,139,-0.6660
2002,12,1,4,211,-1.0218
2002,12,1,5,358,-0.2119
2002,12,2,1,184,-8.1076
2002,12,2,2,112,-4.4026
2002,12,2,3,93,-2.7036
2002,12,2,4,112,-2.3996
2002,12,2,5,90,-4.4052
2002,12,3,1,197,-10.8435
2002,12,3,2,173,-3.2474
2002,12,3,3,144,-4.7697
2002,12,3,4,105,-2.5771
2002,12,3,5,73,0.6666
2003,1,1,1,259,-0.7722
2003,1,1,2,137,-0.7291
2003,1,1,3,147,-2.5224
2003,1,1,4,207,-3.4303
2003,1,1,5,348,-1.4176
2003,1,2,1,174,-2.8063
2003,1,2,2,117,-2.9334
2003,1,2,3,104,-2.5565
2003,1,2,4,116,-5.3569
2003,1,2,5,87,-2.5301
2003,1,3,1,194,-2.4775
2003,1,3,2,162,-2.7976
2003,1,3,3,151,-4.6872
2003,1,3,4,104,-2.2182
2003,1,3,5,75,-3.4636
2003,2,1,1,251,-4.6753
2003,2,1,2,136,-1.8968
2003,2,1,3,156,-3.2416
2003,2,1,4,199,-3.6417
2003,2,1,5,335,-2.3823
2003,2,2,1,162,-3.7921
2003,2,2,2,123,-2.4332
2003,2,2,3,104,-6.1290
2003,2,2,4,111,-4.8444
2003,2,2,5,97,-4.7201
2003,2,3,1,182,-0.0736
2003,2,3,2,177,-0.5698
2003,2,3,3,150,-1.4339
2003,2,3,4,94,-4.6828
2003,2,3,5,75,-4.3720
2003,3,1,1,246,0.0953
2003,3,1,2,140,0.3373
2003,3,1,3,141,2.9086
2003,3,1,4,203,1.7087
2003,3,1,5,353,0.5361
2003,3,2,1,145,0.0672
2003,3,2,2,124,2.1318
2003,3,2,3,101,1.6383
2003,3,2,4,110,2.2949
2003,3,2,5,97,3.5387
2003,3,3,1,177,1.2621
2003,3,3,2,179,2.7872
2003,3,3,3,139,2.3047
2003,3,3,4,103,-1.8197
2003,3,3,5,80,1.5461
2003,4,1,1,248,10.9639
2003,4,1,2,123,8.7315
2003,4,1,3,145,7.5638
2003,4,1,4,181,8.1906
2003,4,1,5,335,14.2747
2003,4,2,1,161,10.7894
2003,4,2,2,102,8.0086
2003,4,2,3,104,8.8799
2003,4,2,4,106,9.1714
2003,4,2,5,102,10.3709
2003,4,3,1,171,5.0809
2003,4,3,2,170,7.8553
2003,4,3,3,141,4.1202
2003,4,3,4,108,7.8947
2003,4,3,5,79,10.2869
2003,5,1,1,244,10.2448
2003,5,1,2,123,13.9095
2003,5,1,3,149,10.7726
2003,5,1,4,217,10.6151
2003,5,1,5,286,9.8782
2003,5,2,1,178,9.0062
2003,5,2,2,117,9.1538
2003,5,2,3,109,10.5827
2003,5,2,4,101,9.1551
2003,5,2,5,85,11.1831
2003,5,3,1,164,6.4551
2003,5,3,2,168,2.3981
2003,5,3,3,143,6.7757
2003,5,3,4,93,6.6836
2003,5,3,5,98,11.6621
2003,6,1,1,256,6.3528
2003,6,1,2,130,8.0088
2003,6,1,3,130,6.8177
2003,6,1,4,218,6.4418
2003,6,1,5,257,7.0734
2003,6,2,1,183,1.2142
2003,6,2,2,142,3.6158
2003,6,2,3,88,4.4025
2003,6,2,4,105,3.8691
2003,6,2,5,73,6.0289
2003,6,3,1,163,0.7470
2003,6,3,2,162,1.3204
2003,6,3,3,147,2.2823
2003,6,3,4,107,3.0006
2003,6,3,5,95,1.4448
2003,7,1,1,280,8.8407
2003,7,1,2,126,9.2475
2003,7,1,3,128,9.8674
2003,7,1,4,223,8.5183
2003,7,1,5,247,9.6029
2003,7,2,1,168,8.5148
2003,7,2,2,138,6.1753
2003,7,2,3,92,6.9129
2003,7,2,4,100,3.9893
2003,7,2,5,74,2.4165
2003,7,3,1,172,3.8150
2003,7,3,2,171,1.4211
2003,7,3,3,138,1.2189
2003,7,3,4,107,-1.2168
2003,7,3,5,95,-2.6670
2003,8,1,1,298,7.2903
2003,8,1,2,158,3.2151
2003,8,1,3,137,3.4989
2003,8,1,4,163,5.3388
2003,8,1,5,300,5.8745
2003,8,2,1,168,5.8247
2003,8,2,2,136,6.0785
2003,8,2,3,92,4.2896
2003,8,2,4,82,4.8421
2003,8,2,5,103,5.2956
2003,8,3,1,198,4.2720
2003,8,3,2,159,2.7686
2003,8,3,3,141,1.8510
2003,8,3,4,122,3.1894
2003,8,3,5,86,5.2461
2003,9,1,1,286,0.4560
2003,9,1,2,145,-0.4902
2003,9,1,3,135,0.5196
2003,9,1,4,151,0.4870
2003,9,1,5,345,2.9638
2003,9,2,1,181,-3.5621
2003,9,2,2,137,-3.9994
2003,9,2,3,93,-3.5259
2003,9,2,4,85,-0.1472
2003,9,2,5,101,-0.3411
2003,9,3,1,206,-1.9217
2003,9,3,2,150,-3.3631
2003,9,3,3,138,-1.3847
2003,9,3,4,119,-0.8546
2003,9,3,5,81,1.4276
2003,10,1,1,280,9.7804
2003,10,1,2,157,10.4728
2003,10,1,3,134,7.5517
2003,10,1,4,151,7.1227
2003,10,1,5,350,11.3597
2003,10,2,1,190,9.5575
2003,10,2,2,129,9.0843
2003,10,2,3,100,6.4352
2003,10,2,4,83,7.1545
2003,10,2,5,94,9.3479
2003,10,3,1,198,6.9317
2003,10,3,2,153,3.7012
2003,10,3,3,140,4.3649
2003,10,3,4,123,5.1699
2003,10,3,5,79,6.5718
2003,11,1,1,286,3.0510
2003,11,1,2,167,5.2653
2003,11,1,3,129,6.5126
2003,11,1,4,179,7.1790
2003,11,1,5,305,6.6618
2003,11,2,1,196,2.6494
2003,11,2,2,130,3.9958
2003,11,2,3,86,3.5066
2003,11,2,4,111,4.2754
2003,11,2,5,83,3.5015
2003,11,3,1,207,0.9890
2003,11,3,2,142,1.6805
2003,11,3,3,153,0.8034
2003,11,3,4,106,0.5141
2003,11,3,5,96,3.6577
2003,12,1,1,289,0.4113
2003,12,1,2,173,3.5739
2003,12,1,3,143,2.2690
2003,12,1,4,196,5.1235
2003,12,1,5,283,7.1398
2003,12,2,1,209,1.1733
2003,12,2,2,116,2.6896
2003,12,2,3,102,4.3447
2003,12,2,4,108,4.9411
2003,12,2,5,74,5.2267
2003,12,3,1,212,1.4431
2003,12,3,2,149,4.0824
2003,12,3,3,142,5.9937
2003,12,3,4,111,6.7027
2003,12,3,5,95,7.4061
2004,1,1,1,300,7.5167
2004,1,1,2,153,5.7410
2004,1,1,3,159,3.8014
2004,1,1,4,209,4.8505
2004,1,1,5,268,6.6746
2004,1,2,1,192,4.6729
2004,1,2,2,125,1.3974
2004,1,2,3,99,1.9791
2004,1,2,4,116,0.6516
2004,1,2,5,76,3.3593
2004,1,3,1,189,3.1199
2004,1,3,2,163,0.5418
2004,1,3,3,137,1.8184
2004,1,3,4,110,1.2437
2004,1,3,5,96,0.6078
2004,2,1,1,335,-0.0972
2004,2,1,2,165,-0.1089
2004,2,1,3,164,0.9571
2004,2,1,4,197,3.5954
2004,2,1,5,245,3.2916
2004,2,2,1,222,-2.2550
2004,2,2,2,119,1.3826
2004,2,2,3,91,2.7596
2004,2,2,4,115,3.6560
2004,2,2,5,77,2.9957
2004,2,3,1,200,-0.4790
2004,2,3,2,152,1.9807
2004,2,3,3,155,1.1171
2004,2,3,4,108,1.7059
2004,2,3,5,96,3.8958
2004,3,1,1,309,-0.2358
2004,3,1,2,193,0.4820
2004,3,1,3,166,1.7427
2004,3,1,4,180,2.3079
2004,3,1,5,264,1.9688
2004,3,2,1,199,0.1861
2004,3,2,2,132,1.2965
2004,3,2,3,97,2.5677
2004,3,2,4,99,2.7515
2004,3,2,5,94,2.7791
2004,3,3,1,193,-2.5161
2004,3,3,2,155,-0.7970
2004,3,3,3,135,-1.8936
2004,3,3,4,123,-1.1277
2004,3,3,5,95,-0.1810
2004,4,1,1,336,-4.3511
2004,4,1,2,182,-1.8819
2004,4,1,3,163,-1.2575
2004,4,1,4,170,-4.0057
2004,4,1,5,242,-2.2643
2004,4,2,1,184,-6.0954
2004,4,2,2,121,-3.2778
2004,4,2,3,106,-2.9036
2004,4,2,4,89,-0.6238
2004,4,2,5,92,-3.8411
2004,4,3,1,200,-0.6410
2004,4,3,2,144,-1.7035
2004,4,3,3,132,0.2801
2004,4,3,4,138,-0.7380
2004,4,3,5,94,-0.5100
2004,5,1,1,333,-0.1719
2004,5,1,2,217,1.2062
2004,5,1,3,144,0.3169
2004,5,1,4,193,0.3739
2004,5,1,5,223,-0.1406
2004,5,2,1,175,2.2560
2004,5,2,2,134,3.4682
2004,5,2,3,111,1.4665
2004,5,2,4,98,0.6785
2004,5,2,5,75,2.9666
2004,5,3,1,177,1.6422
2004,5,3,2,177,1.6321
2004,5,3,3,129,0.3097
2004,5,3,4,124,1.0358
2004,5,3,5,112,-0.7251
2004,6,1,1,351,2.9799
2004,6,1,2,197,3.4001
2004,6,1,3,160,2.9520
2004,6,1,4,185,7.6198
2004,6,1,5,237,6.0642
2004,6,2,1,181,4.3178
2004,6,2,2,124,4.3705
2004,6,2,3,108,4.2468
2004,6,2,4,99,6.9725
2004,6,2,5,83,4.2711
2004,6,3,1,179,2.3394
2004,6,3,2,189,1.0283
2004,6,3,3,137,2.2189
2004,6,3,4,115,2.7712
2004,6,3,5,110,4.4649
2004,7,1,1,345,-10.6334
2004,7,1,2,192,-7.9723
2004,7,1,3,158,-4.7429
2004,7,1,4,202,-3.3494
2004,7,1,5,249,-5.5741
2004,7,2,1,188,-9.1677
2004,7,2,2,124,-8.3334
2004,7,2,3,102,-5.7106
2004,7,2,4,104,-4.5277
2004,7,2,5,82,-2.9005
2004,7,3,1,180,-6.2668
2004,7,3,2,181,-4.9954
2004,7,3,3,123,-2.2621
2004,7,3,4,123,-2.0303
2004,7,3,5,112,-1.2523
2004,8,1,1,360,-2.7295
2004,8,1,2,196,-0.9596
2004,8,1,3,181,-1.8651
2004,8,1,4,187,-2.5497
2004,8,1,5,269,-2.0684
2004,8,2,1,175,-3.3622
2004,8,2,2,120,-2.9448
2004,8,2,3,105,-1.1913
2004,8,2,4,101,-0.0056
2004,8,2,5,95,-1.7609
2004,8,3,1,178,-1.8809
2004,8,3,2,187,-0.8317
2004,8,3,3,129,0.6092
2004,8,3,4,123,0.7694
2004,8,3,5,113,0.0994
2004,9,1,1,374,5.5172
2004,9,1,2,185,3.2216
2004,9,1,3,181,5.9771
2004,9,1,4,201,4.1340
2004,9,1,5,310,5.9444
2004,9,2,1,162,6.1845
2004,9,2,2,122,5.8985
2004,9,2,3,108,6.0470
2004,9,2,4,92,5.9955
2004,9,2,5,105,6.4701
2004,9,3,1,191,3.3208
2004,9,3,2,175,-0.1376
2004,9,3,3,134,0.2116
2004,9,3,4,123,1.7542
2004,9,3,5,100,6.5929
2004,10,1,1,360,0.9689
2004,10,1,2,183,1.4564
2004,10,1,3,178,1.7796
2004,10,1,4,189,-0.5454
2004,10,1,5,318,2.1295
2004,10,2,1,179,2.8310
2004,10,2,2,120,3.2813
2004,10,2,3,105,1.8427
2004,10,2,4,91,1.8151
2004,10,2,5,105,1.5283
2004,10,3,1,180,2.8129
2004,10,3,2,173,0.9004
2004,10,3,3,148,2.2668
2004,10,3,4,119,2.0482
2004,10,3,5,102,0.7378
2004,11,1,1,376,7.7934
2004,11,1,2,188,10.3506
2004,11,1,3,169,12.2353
2004,11,1,4,201,9.6011
2004,11,1,5,288,10.9229
2004,11,2,1,168,6.8993
2004,11,2,2,113,7.7427
2004,11,2,3,104,9.0829
2004,11,2,4,95,10.4388
2004,11,2,5,97,10.7362
2004,11,3,1,198,4.7650
2004,11,3,2,155,2.9770
2004,11,3,3,149,3.2653
2004,11,3,4,121,3.8843
2004,11,3,5,98,7.9618
2004,12,1,1,398,5.0248
2004,12,1,2,196,4.4516
2004,12,1,3,162,6.7885
2004,12,1,4,200,5.3469
2004,12,1,5,263,6.0061
2004,12,2,1,158,3.1124
2004,12,2,2,127,3.7023
2004,12,2,3,106,2.4605
2004,12,2,4,97,2.0362
2004,12,2,5,81,4.3995
2004,12,3,1,182,4.7185
2004,12,3,2,155,2.9293
2004,12,3,3,145,3.5714
2004,12,3,4,122,2.1200
2004,12,3,5,106,2.9446
2005,1,1,1,419,-4.4138
2005,1,1,2,191,-3.9732
2005,1,1,3,170,-3.1293
2005,1,1,4,174,-1.9206
2005,1,1,5,242,-0.9709
2005,1,2,1,167,-4.4269
2005,1,2,2,119,-4.2411
2005,1,2,3,108,-3.1865
2005,1,2,4,96,-2.5135
2005,1,2,5,87,0.8198
2005,1,3,1,193,-4.5488
2005,1,3,2,146,-1.6220
2005,1,3,3,146,-1.9848
2005,1,3,4,121,-3.3411
2005,1,3,5,103,1.4008
2005,2,1,1,413,0.0321
2005,2,1,2,196,0.3592
2005,2,1,3,164,0.7029
2005,2,1,4,168,2.3955
2005,2,1,5,247,4.9391
2005,2,2,1,168,1.8616
2005,2,2,2,117,1.3271
2005,2,2,3,110,4.2863
2005,2,2,4,84,4.8824
2005,2,2,5,94,3.4918
2005,2,3,1,189,0.4584
2005,2,3,2,152,1.0406
2005,2,3,3,143,1.6508
2005,2,3,4,131,2.4580
2005,2,3,5,103,13.3872
2005,3,1,1,388,-4.0195
2005,3,1,2,231,-1.5805
2005,3,1,3,151,-0.0360
2005,3,1,4,211,-1.4259
2005,3,1,5,237,-2.3378
2005,3,2,1,163,-2.1661
2005,3,2,2,113,-0.7345
2005,3,2,3,115,-1.2659
2005,3,2,4,86,-1.2631
2005,3,2,5,95,-1.9046
2005,3,3,1,161,-0.7342
2005,3,3,2,172,-1.6091
2005,3,3,3,138,-0.7364
2005,3,3,4,142,-1.1200
2005,3,3,5,106,-1.0272
2005,4,1,1,368,-7.1999
2005,4,1,2,210,-5.6830
2005,4,1,3,155,-5.5238
2005,4,1,4,202,-6.3955
2005,4,1,5,248,-5.9802
2005,4,2,1,167,-5.1726
2005,4,2,2,119,-6.4250
2005,4,2,3,116,-7.3739
2005,4,2,4,90,-6.5777
2005,4,2,5,106,-6.2579
2005,4,3,1,168,-2.9617
2005,4,3,2,174,-1.1960
2005,4,3,3,139,-1.0481
2005,4,3,4,137,-4.5068
2005,4,3,5,107,-4.3669
2005,5,1,1,350,6.8098
2005,5,1,2,182,7.7364
2005,5,1,3,168,3.3386
2005,5,1,4,196,1.8469
2005,5,1,5,236,5.1829
2005,5,2,1,166,8.1721
2005,5,2,2,111,8.7469
2005,5,2,3,112,6.9620
2005,5,2,4,94,6.7407
2005,5,2,5,98,7.7147
2005,5,3,1,170,4.6391
2005,5,3,2,171,3.0788
2005,5,3,3,139,4.5566
2005,5,3,4,141,2.9587
2005,5,3,5,107,3.2829
2005,6,1,1,372,3.8878
2005,6,1,2,180,5.5885
2005,6,1,3,145,6.1899
2005,6,1,4,164,5.4392
2005,6,1,5,231,5.3100
2005,6,2,1,181,2.5881
2005,6,2,2,107,3.3262
2005,6,2,3,107,2.0609
2005,6,2,4,83,3.0254
2005,6,2,5,100,4.3711
2005,6,3,1,170,-0.3696
2005,6,3,2,176,-1.5778
2005,6,3,3,151,-1.1719
2005,6,3,4,129,1.2653
2005,6,3,5,103,3.9166
2005,7,1,1,400,6.8482
2005,7,1,2,170,6.2478
2005,7,1,3,138,8.7876
2005,7,1,4,161,8.1604
2005,7,1,5,224,8.3717
2005,7,2,1,177,7.2493
2005,7,2,2,114,7.0036
2005,7,2,3,101,7.0338
2005,7,2,4,88,6.4226
2005,7,2,5,96,6.5677
2005,7,3,1,168,4.5762
2005,7,3,2,174,3.4278
2005,7,3,3,159,5.2047
2005,7,3,4,132,4.7426
2005,7,3,5,100,4.5963
2005,8,1,1,408,-2.2685
2005,8,1,2,205,-1.2942
2005,8,1,3,124,-1.3548
2005,8,1,4,166,-1.2062
2005,8,1,5,204,0.0458
2005,8,2,1,184,-1.4171
2005,8,2,2,130,-3.0512
2005,8,2,3,96,-0.4317
2005,8,2,4,107,-1.2768
2005,8,2,5,94,-1.2908
2005,8,3,1,178,-0.7185
2005,8,3,2,169,-1.9536
2005,8,3,3,147,-0.9212
2005,8,3,4,118,-0.0464
2005,8,3,5,111,1.0807
2005,9,1,1,416,0.1333
2005,9,1,2,197,1.6033
2005,9,1,3,145,-0.4903
2005,9,1,4,184,0.0053
2005,9,1,5,223,1.3099
2005,9,2,1,184,-0.2250
2005,9,2,2,125,0.0415
2005,9,2,3,93,1.1522
2005,9,2,4,103,0.5602
2005,9,2,5,92,1.7650
2005,9,3,1,194,0.4250
2005,9,3,2,165,1.0621
2005,9,3,3,150,-0.7426
2005,9,3,4,116,1.8634
2005,9,3,5,100,1.8209
2005,10,1,1,392,-2.2873
2005,10,1,2,196,-2.1670
2005,10,1,3,141,-3.0590
2005,10,1,4,194,-2.7542
2005,10,1,5,227,-1.5178
2005,10,2,1,181,-3.6441
2005,10,2,2,125,-2.9654
2005,10,2,3,112,-2.4235
2005,10,2,4,97,-2.3389
2005,10,2,5,89,-4.0940
2005,10,3,1,201,-1.3586
2005,10,3,2,151,-2.7119
2005,10,3,3,147,-1.6784
2005,10,3,4,112,-3.6614
2005,10,3,5,106,-4.2003
2005,11,1,1,371,4.1269
2005,11,1,2,198,4.2735
2005,11,1,3,157,4.0570
2005,11,1,4,185,5.1286
2005,11,1,5,235,5.8140
2005,11,2,1,159,6.1967
2005,11,2,2,137,4.8950
2005,11,2,3,122,5.2937
2005,11,2,4,89,4.1417
2005,11,2,5,87,5.9044
2005,11,3,1,194,3.7751
2005,11,3,2,156,3.7014
2005,11,3,3,145,3.8608
2005,11,3,4,118,3.4904
2005,11,3,5,103,2.9576
2005,12,1,1,357,0.5654
2005,12,1,2,211,1.6272
2005,12,1,3,154,1.0616
2005,12,1,4,187,1.4366
2005,12,1,5,226,0.9548
2005,12,2,1,168,-1.5915
2005,12,2,2,136,-1.5313
2005,12,2,3,135,1.1217
2005,12,2,4,86,0.8610
2005,12,2,5,80,0.2729
2005,12,3,1,187,-0.6719
2005,12,3,2,175,-0.0719
2005,12,3,3,123,-0.4804
2005,12,3,4,115,1.8989
2005,12,3,5,114,-0.0254
2006,1,1,1,355,10.1724
2006,1,1,2,207,6.5476
2006,1,1,3,161,9.6910
2006,1,1,4,176,9.1033
2006,1,1,5,237,10.4780
2006,1,2,1,168,8.7374
2006,1,2,2,136,7.8431
2006,1,2,3,132,8.0502
2006,1,2,4,90,9.6494
2006,1,2,5,81,10.9853
2006,1,3,1,180,3.4483
2006,1,3,2,169,3.8300
2006,1,3,3,131,-0.2481
2006,1,3,4,111,2.9200
2006,1,3,5,112,8.4297
2006,2,1,1,372,-1.0978
2006,2,1,2,207,-0.5613
2006,2,1,3,158,0.5782
2006,2,1,4,176,0.9378
2006,2,1,5,226,2.0002
2006,2,2,1,162,-0.8139
2006,2,2,2,156,-0.8519
2006,2,2,3,102,-1.5459
2006,2,2,4,94,-0.5416
2006,2,2,5,81,-0.6242
2006,2,3,1,170,-0.9945
2006,2,3,2,171,0.7004
2006,2,3,3,142,0.3962
2006,2,3,4,121,1.2563
2006,2,3,5,105,-3.9374
2006,3,1,1,364,3.5343
2006,3,1,2,206,4.4334
2006,3,1,3,152,4.2473
2006,3,1,4,183,6.5499
2006,3,1,5,230,6.5942
2006,3,2,1,176,3.9798
2006,3,2,2,136,5.8100
2006,3,2,3,109,4.7812
2006,3,2,4,87,5.4979
2006,3,2,5,96,4.8036
2006,3,3,1,176,1.9786
2006,3,3,2,160,1.9484
2006,3,3,3,145,0.5285
2006,3,3,4,127,2.4380
2006,3,3,5,102,2.9618
2006,4,1,1,373,0.0490
2006,4,1,2,193,2.8678
2006,4,1,3,176,1.8039
2006,4,1,4,183,1.7151
2006,4,1,5,225,1.1618
2006,4,2,1,176,0.3384
2006,4,2,2,132,0.6632
2006,4,2,3,112,1.5892
2006,4,2,4,76,-0.7403
2006,4,2,5,101,3.0717
2006,4,3,1,177,0.8117
2006,4,3,2,147,0.6031
2006,4,3,3,149,-0.0898
2006,4,3,4,134,0.2070
2006,4,3,5,107,2.4990
2006,5,1,1,398,-7.6754
2006,5,1,2,178,-4.8711
2006,5,1,3,167,-5.5644
2006,5,1,4,177,-5.4260
2006,5,1,5,203,-4.7414
2006,5,2,1,185,-5.7133
2006,5,2,2,123,-5.1601
2006,5,2,3,109,-4.7910
2006,5,2,4,75,-4.3555
2006,5,2,5,104,-5.4162
2006,5,3,1,176,-5.5315
2006,5,3,2,149,-2.0927
2006,5,3,3,142,-2.4825
2006,5,3,4,139,-0.7091
2006,5,3,5,107,-2.7424
2006,6,1,1,436,-1.4119
2006,6,1,2,157,-0.1955
2006,6,1,3,159,-0.3169
2006,6,1,4,159,1.1889
2006,6,1,5,205,2.1820
2006,6,2,1,198,-0.3961
2006,6,2,2,114,-2.1942
2006,6,2,3,99,-0.1085
2006,6,2,4,93,-1.1032
2006,6,2,5,94,0.4115
2006,6,3,1,179,-0.3379
2006,6,3,2,143,-1.4564
2006,6,3,3,153,0.8682
2006,6,3,4,123,0.1814
2006,6,3,5,115,1.9552
2006,7,1,1,428,-5.2375
2006,7,1,2,151,-2.8405
2006,7,1,3,147,-3.1141
2006,7,1,4,150,-2.7326
2006,7,1,5,227,-1.8230
2006,7,2,1,197,-4.3739
2006,7,2,2,113,-4.0667
2006,7,2,3,107,-3.5044
2006,7,2,4,96,-2.2504
2006,7,2,5,86,-3.1880
2006,7,3,1,190,-4.8373
2006,7,3,2,140,-1.0086
2006,7,3,3,152,-0.6843
2006,7,3,4,116,0.6203
2006,7,3,5,110,4.3247
2006,8,1,1,436,2.3798
2006,8,1,2,164,3.0207
2006,8,1,3,135,3.5875
2006,8,1,4,181,4.0081
2006,8,1,5,201,2.2101
2006,8,2,1,180,3.3298
2006,8,2,2,136,3.1260
2006,8,2,3,100,1.1347
2006,8,2,4,106,3.0653
2006,8,2,5,93,2.2294
2006,8,3,1,177,2.2343
2006,8,3,2,157,5.1949
2006,8,3,3,137,2.8830
2006,8,3,4,125,1.6505
2006,8,3,5,105,-0.7162
2006,9,1,1,417,0.1297
2006,9,1,2,185,2.0184
2006,9,1,3,143,3.0317
2006,9,1,4,187,0.8113
2006,9,1,5,233,0.3112
2006,9,2,1,171,1.2282
2006,9,2,2,134,1.5977
2006,9,2,3,97,2.2861
2006,9,2,4,113,0.9420
2006,9,2,5,102,0.1851
2006,9,3,1,171,2.1525
2006,9,3,2,164,1.9883
2006,9,3,3,139,3.4801
2006,9,3,4,118,2.5904
2006,9,3,5,100,-0.9463
2006,10,1,1,414,5.7013
2006,10,1,2,175,6.0897
2006,10,1,3,142,6.3867
2006,10,1,4,186,6.7541
2006,10,1,5,241,8.1956
2006,10,2,1,173,5.5072
2006,10,2,2,129,4.8114
2006,10,2,3,107,5.8639
2006,10,2,4,104,6.8770
2006,10,2,5,95,6.5274
2006,10,3,1,176,4.7824
2006,10,3,2,162,2.2105
2006,10,3,3,136,4.0247
2006,10,3,4,120,4.1067
2006,10,3,5,102,4.9900
2006,11,1,1,423,2.5868
2006,11,1,2,189,2.6236
2006,11,1,3,148,1.6648
2006,11,1,4,169,3.2341
2006,11,1,5,239,1.2040
2006,11,2,1,174,3.0333
2006,11,2,2,112,1.5533
2006,11,2,3,104,3.4762
2006,11,2,4,98,4.7292
2006,11,2,5,90,5.1501
2006,11,3,1,159,2.9455
2006,11,3,2,162,1.7487
2006,11,3,3,135,0.1880
2006,11,3,4,126,1.9839
2006,11,3,5,109,7.3915
2006,12,1,1,438,1.3290
2006,12,1,2,199,1.8646
2006,12,1,3,143,2.8752
2006,12,1,4,156,1.5477
2006,12,1,5,214,4.3929
2006,12,2,1,165,-0.4041
2006,12,2,2,122,0.2234
2006,12,2,3,107,0.7920
2006,12,2,4,92,0.0948
2006,12,2,5,93,-0.7476
2006,12,3,1,168,-1.9023
2006,12,3,2,149,1.2148
2006,12,3,3,134,1.7979
2006,12,3,4,132,0.9348
2006,12,3,5,122,-0.3361
2007,1,1,1,430,2.6281
2007,1,1,2,186,0.7176
2007,1,1,3,165,1.0727
2007,1,1,4,164,1.2765
2007,1,1,5,201,2.0412
2007,1,2,1,169,1.8716
2007,1,2,2,111,1.8675
2007,1,2,3,107,2.7451
2007,1,2,4,90,2.8043
2007,1,2,5,103,1.7829
2007,1,3,1,167,3.3410
2007,1,3,2,151,2.6660
2007,1,3,3,136,1.8885
2007,1,3,4,125,2.5987
2007,1,3,5,114,0.2499
2007,2,1,1,386,-0.2753
2007,2,1,2,218,-0.1841
2007,2,1,3,142,0.2455
2007,2,1,4,165,1.1079
2007,2,1,5,223,1.1298
2007,2,2,1,164,0.1848
2007,2,2,2,114,0.7103
2007,2,2,3,101,0.5422
2007,2,2,4,96,-1.5399
2007,2,2,5,99,-0.5194
2007,2,3,1,158,-1.3305
2007,2,3,2,159,-2.7300
2007,2,3,3,143,-1.5170
2007,2,3,4,119,-0.7789
2007,2,3,5,103,-0.8107
2007,3,1,1,350,0.5465
2007,3,1,2,217,1.1244
2007,3,1,3,153,2.0127
2007,3,1,4,153,1.5934
2007,3,1,5,254,0.4311
2007,3,2,1,164,1.5650
2007,3,2,2,128,-0.1594
2007,3,2,3,99,3.3181
2007,3,2,4,97,1.7209
2007,3,2,5,104,2.9359
2007,3,3,1,144,1.1397
2007,3,3,2,157,1.0760
2007,3,3,3,145,1.1731
2007,3,3,4,123,1.4008
2007,3,3,5,101,3.6865
2007,4,1,1,351,1.2944
2007,4,1,2,215,1.7359
2007,4,1,3,127,0.4334
2007,4,1,4,161,3.0472
2007,4,1,5,256,2.5721
2007,4,2,1,170,2.4631
2007,4,2,2,123,3.3699
2007,4,2,3,101,2.5032
2007,4,2,4,89,2.3016
2007,4,2,5,102,4.1902
2007,4,3,1,149,4.0363
2007,4,3,2,147,3.4826
2007,4,3,3,139,4.9068
2007,4,3,4,129,4.5448
2007,4,3,5,109,4.1442
2007,5,1,1,325,4.4798
2007,5,1,2,212,3.8688
2007,5,1,3,130,5.1781
2007,5,1,4,161,3.9908
2007,5,1,5,241,2.2358
2007,5,2,1,168,3.6235
2007,5,2,2,135,4.3548
2007,5,2,3,94,5.1946
2007,5,2,4,91,4.0200
2007,5,2,5,95,5.9335
2007,5,3,1,130,3.8781
2007,5,3,2,157,3.6275
2007,5,3,3,141,3.9458
2007,5,3,4,121,2.7104
2007,5,3,5,109,4.8301
2007,6,1,1,322,0.0936
2007,6,1,2,210,1.1396
2007,6,1,3,145,2.3692
2007,6,1,4,126,1.0323
2007,6,1,5,221,0.8359
2007,6,2,1,163,-0.8191
2007,6,2,2,135,-0.7137
2007,6,2,3,107,-0.5128
2007,6,2,4,84,-1.0015
2007,6,2,5,87,-2.3244
2007,6,3,1,122,-2.6258
2007,6,3,2,150,-0.8420
2007,6,3,3,142,-0.2301
2007,6,3,4,140,-1.6544
2007,6,3,5,109,-0.5677
2007,7,1,1,320,-6.4319
2007,7,1,2,209,-5.0777
2007,7,1,3,151,-4.8380
2007,7,1,4,126,-6.4283
2007,7,1,5,187,-5.9197
2007,7,2,1,163,-4.2083
2007,7,2,2,131,-3.4210
2007,7,2,3,109,-5.5126
2007,7,2,4,86,-4.8580
2007,7,2,5,97,-7.0069
2007,7,3,1,124,-1.9120
2007,7,3,2,155,-2.8378
2007,7,3,3,142,-0.7451
2007,7,3,4,136,-2.1027
2007,7,3,5,105,-1.6345
2007,8,1,1,347,0.3035
2007,8,1,2,195,-1.3468
2007,8,1,3,127,-0.8209
2007,8,1,4,140,-0.9481
2007,8,1,5,164,-1.5107
2007,8,2,1,186,1.5784
2007,8,2,2,137,2.3211
2007,8,2,3,108,1.7173
2007,8,2,4,81,0.2216
2007,8,2,5,95,0.5350
2007,8,3,1,149,2.3472
2007,8,3,2,148,2.3864
2007,8,3,3,140,1.6863
2007,8,3,4,137,0.6168
2007,8,3,5,105,0.4405
2007,9,1,1,339,1.7509
2007,9,1,2,174,1.7372
2007,9,1,3,154,1.5846
2007,9,1,4,162,0.1610
2007,9,1,5,187,-0.5108
2007,9,2,1,201,3.7925
2007,9,2,2,123,0.6011
2007,9,2,3,101,1.0414
2007,9,2,4,81,-0.5332
2007,9,2,5,102,0.8282
2007,9,3,1,180,4.1757
2007,9,3,2,143,4.0149
2007,9,3,3,133,4.8966
2007,9,3,4,133,2.0698
2007,9,3,5,99,5.6972
2007,10,1,1,333,3.1271
2007,10,1,2,159,3.7503
2007,10,1,3,172,2.7682
2007,10,1,4,148,2.1578
2007,10,1,5,208,-0.3466
2007,10,2,1,196,3.4830
2007,10,2,2,123,3.9681
2007,10,2,3,101,4.0595
2007,10,2,4,82,2.5291
2007,10,2,5,100,0.0056
2007,10,3,1,186,4.9870
2007,10,3,2,150,2.6304
2007,10,3,3,122,1.8182
2007,10,3,4,125,1.9983
2007,10,3,5,103,3.3323
2007,11,1,1,337,-9.0155
2007,11,1,2,168,-5.9208
2007,11,1,3,157,-8.6227
2007,11,1,4,153,-9.4289
2007,11,1,5,216,-8.4977
2007,11,2,1,195,-7.5567
2007,11,2,2,131,-6.4941
2007,11,2,3,88,-6.8719
2007,11,2,4,90,-7.6761
2007,11,2,5,99,-6.1280
2007,11,3,1,186,-4.5178
2007,11,3,2,148,-5.2885
2007,11,3,3,131,-1.6825
2007,11,3,4,115,-1.9641
2007,11,3,5,102,-4.6831
2007,12,1,1,317,-0.0463
2007,12,1,2,173,-0.6599
2007,12,1,3,155,0.3676
2007,12,1,4,147,3.8744
2007,12,1,5,248,-0.0603
2007,12,2,1,181,1.3788
2007,12,2,2,128,-0.3756
2007,12,2,3,92,-0.4139
2007,12,2,4,101,-1.7984
2007,12,2,5,101,-1.0153
2007,12,3,1,182,-1.5107
2007,12,3,2,157,-0.4805
2007,12,3,3,148,0.3629
2007,12,3,4,118,1.9930
2007,12,3,5,89,3.0683
2008,1,1,1,299,-9.3191
2008,1,1,2,180,-8.5759
2008,1,1,3,147,-8.1542
2008,1,1,4,144,-8.5202
2008,1,1,5,251,-5.4667
2008,1,2,1,179,-13.3286
2008,1,2,2,135,-8.5494
2008,1,2,3,80,-7.4766
2008,1,2,4,105,-5.2933
2008,1,2,5,107,-2.9648
2008,1,3,1,170,-8.8812
2008,1,3,2,179,-8.6490
2008,1,3,3,140,-5.6129
2008,1,3,4,124,-6.0826
2008,1,3,5,78,-4.9190
2008,2,1,1,312,-4.0762
2008,2,1,2,170,-1.1621
2008,2,1,3,141,-2.5200
2008,2,1,4,148,-1.4513
2008,2,1,5,260,-1.9549
2008,2,2,1,170,-3.9838
2008,2,2,2,122,-3.6593
2008,2,2,3,92,-2.5930
2008,2,2,4,94,-1.6605
2008,2,2,5,111,0.7116
2008,2,3,1,158,-2.2805
2008,2,3,2,168,-1.6732
2008,2,3,3,145,-1.6364
2008,2,3,4,130,0.8441
2008,2,3,5,70,2.2325
2008,3,1,1,303,-0.2386
2008,3,1,2,161,-1.3970
2008,3,1,3,122,-0.3119
2008,3,1,4,143,1.5606
2008,3,1,5,259,-0.8663
2008,3,2,1,168,-0.5422
2008,3,2,2,106,0.7291
2008,3,2,3,114,1.9145
2008,3,2,4,107,0.3416
2008,3,2,5,104,-1.3969
2008,3,3,1,153,-0.0178
2008,3,3,2,172,0.4343
2008,3,3,3,141,-0.3238
2008,3,3,4,117,3.1883
2008,3,3,5,75,-2.1305
2008,4,1,1,294,2.2979
2008,4,1,2,131,4.0112
2008,4,1,3,137,1.4640
2008,4,1,4,135,4.4888
2008,4,1,5,277,3.4043
2008,4,2,1,175,3.2241
2008,4,2,2,115,4.9958
2008,4,2,3,102,7.5794
2008,4,2,4,97,4.1908
2008,4,2,5,99,3.2440
2008,4,3,1,140,3.7876
2008,4,3,2,164,5.8618
2008,4,3,3,147,1.1388
2008,4,3,4,115,5.5818
2008,4,3,5,86,8.1216
2008,5,1,1,274,4.8915
2008,5,1,2,140,8.9669
2008,5,1,3,117,6.5952
2008,5,1,4,158,7.2727
2008,5,1,5,231,3.2353
2008,5,2,1,184,5.3057
2008,5,2,2,116,5.3241
2008,5,2,3,89,5.5267
2008,5,2,4,100,6.6949
2008,5,2,5,103,5.0045
2008,5,3,1,140,5.6546
2008,5,3,2,164,4.2067
2008,5,3,3,138,2.1443
2008,5,3,4,120,3.0301
2008,5,3,5,85,1.7022
2008,6,1,1,266,-6.6888
2008,6,1,2,151,-8.1983
2008,6,1,3,125,-6.0298
2008,6,1,4,129,-6.6999
2008,6,1,5,202,-8.3410
2008,6,2,1,180,-9.8847
2008,6,2,2,124,-8.3165
2008,6,2,3,97,-7.1673
2008,6,2,4,85,-8.9182
2008,6,2,5,92,-9.5260
2008,6,3,1,143,-6.6993
2008,6,3,2,155,-6.9083
2008,6,3,3,147,-7.6367
2008,6,3,4,129,-5.4501
2008,6,3,5,87,-2.9870
2008,7,1,1,282,3.2763
2008,7,1,2,142,2.7718
2008,7,1,3,126,3.4810
2008,7,1,4,135,5.9599
2008,7,1,5,201,6.7081
2008,7,2,1,183,1.2015
2008,7,2,2,127,2.8726
2008,7,2,3,103,2.3833
2008,7,2,4,88,0.6594
2008,7,2,5,91,1.0183
2008,7,3,1,139,-6.3626
2008,7,3,2,160,0.9413
2008,7,3,3,145,0.9994
2008,7,3,4,135,-2.7810
2008,7,3,5,86,-7.5535
2008,8,1,1,286,2.2048
2008,8,1,2,142,4.6427
2008,8,1,3,117,4.2412
2008,8,1,4,133,4.3087
2008,8,1,5,195,3.9388
2008,8,2,1,202,4.6873
2008,8,2,2,119,3.2915
2008,8,2,3,114,3.5038
2008,8,2,4,79,5.8333
2008,8,2,5,93,4.7497
2008,8,3,1,129,1.3278
2008,8,3,2,174,1.7222
2008,8,3,3,132,1.1901
2008,8,3,4,134,2.7900
2008,8,3,5,99,0.8993
2008,9,1,1,293,-8.1059
2008,9,1,2,133,-9.5767
2008,9,1,3,111,-9.9833
2008,9,1,4,122,-10.8345
2008,9,1,5,247,-11.0385
2008,9,2,1,215,-10.7583
2008,9,2,2,103,-7.9449
2008,9,2,3,108,-9.4232
2008,9,2,4,86,-10.2908
2008,9,2,5,94,-13.3902
2008,9,3,1,153,-14.0301
2008,9,3,2,161,-8.3146
2008,9,3,3,132,-6.3679
2008,9,3,4,124,-10.9053
2008,9,3,5,97,-11.2798
2008,10,1,1,288,-18.1761
2008,10,1,2,129,-19.8393
2008,10,1,3,122,-24.4117
2008,10,1,4,127,-25.4103
2008,10,1,5,264,-23.9998
2008,10,2,1,203,-19.5182
2008,10,2,2,120,-20.4010
2008,10,2,3,84,-20.0260
2008,10,2,4,88,-25.2841
2008,10,2,5,87,-25.6949
2008,10,3,1,138,-14.2049
2008,10,3,2,162,-13.3011
2008,10,3,3,141,-17.1976
2008,10,3,4,117,-15.2659
2008,10,3,5,101,-18.5281
2008,11,1,1,275,-12.4587
2008,11,1,2,104,-15.8436
2008,11,1,3,105,-16.1881
2008,11,1,4,153,-16.1185
2008,11,1,5,232,-16.6421
2008,11,2,1,223,-9.7924
2008,11,2,2,125,-12.8684
2008,11,2,3,96,-11.6550
2008,11,2,4,90,-12.6083
2008,11,2,5,88,-17.5471
2008,11,3,1,169,-9.5721
2008,11,3,2,167,-4.3258
2008,11,3,3,137,-6.9504
2008,11,3,4,114,-4.6479
2008,11,3,5,89,-0.8511
2008,12,1,1,235,6.1450
2008,12,1,2,98,8.3275
2008,12,1,3,120,12.8114
2008,12,1,4,167,6.1086
2008,12,1,5,234,2.9689
2008,12,2,1,214,4.5331
2008,12,2,2,97,3.9075
2008,12,2,3,116,8.4334
2008,12,2,4,98,7.6826
2008,12,2,5,95,5.1556
2008,12,3,1,194,2.0926
2008,12,3,2,177,1.3966
2008,12,3,3,131,1.3845
2008,12,3,4,101,2.1409
2008,12,3,5,78,-0.3017
2009,1,1,1,229,-9.5050
2009,1,1,2,92,-9.9338
2009,1,1,3,125,-9.8846
2009,1,1,4,146,-7.6417
2009,1,1,5,252,-10.5314
2009,1,2,1,205,-8.4564
2009,1,2,2,104,-7.2049
2009,1,2,3,106,-10.3143
2009,1,2,4,92,-6.8904
2009,1,2,5,95,-5.9810
2009,1,3,1,190,-4.5685
2009,1,3,2,158,-6.6136
2009,1,3,3,147,-7.9586
2009,1,3,4,107,-4.2399
2009,1,3,5,76,-3.4074
2009,2,1,1,201,-10.0443
2009,2,1,2,90,-11.7336
2009,2,1,3,116,-12.5176
2009,2,1,4,148,-14.0322
2009,2,1,5,250,-19.6842
2009,2,2,1,182,-6.6466
2009,2,2,2,105,-8.8289
2009,2,2,3,110,-11.5111
2009,2,2,4,102,-11.3688
2009,2,2,5,98,-18.2203
2009,2,3,1,171,-6.9542
2009,2,3,2,165,-8.1608
2009,2,3,3,139,-11.7243
2009,2,3,4,95,-9.8694
2009,2,3,5,64,-10.8482
2009,3,1,1,158,8.2304
2009,3,1,2,68,8.5352
2009,3,1,3,93,7.0084
2009,3,1,4,109,8.6763
2009,3,1,5,270,10.7215
2009,3,2,1,150,9.0038
2009,3,2,2,117,8.0408
2009,3,2,3,96,10.7105
2009,3,2,4,86,9.8289
2009,3,2,5,88,12.2193
2009,3,3,1,140,9.7286
2009,3,3,2,154,6.8042
2009,3,3,3,133,5.6268
2009,3,3,4,102,9.6791
2009,3,3,5,59,5.5652
2009,4,1,1,136,13.8810
2009,4,1,2,79,18.5149
2009,4,1,3,67,20.6183
2009,4,1,4,82,21.8969
2009,4,1,5,202,27.5176
2009,4,2,1,153,12.5420
2009,4,2,2,103,16.4867
2009,4,2,3,77,18.4130
2009,4,2,4,88,24.4898
2009,4,2,5,82,25.1538
2009,4,3,1,134,5.6664
2009,4,3,2,146,6.3006
2009,4,3,3,124,4.8097
2009,4,3,4,91,9.8403
2009,4,3,5,84,11.4851
2009,5,1,1,138,6.4379
2009,5,1,2,60,9.0562
2009,5,1,3,83,11.0328
2009,5,1,4,94,12.4201
2009,5,1,5,200,11.0823
2009,5,2,1,167,0.6305
2009,5,2,2,89,1.7882
2009,5,2,3,72,1.3781
2009,5,2,4,75,2.3199
2009,5,2,5,84,7.3326
2009,5,3,1,128,3.2712
2009,5,3,2,141,3.8986
2009,5,3,3,127,3.1871
2009,5,3,4,101,4.2620
2009,5,3,5,73,8.6535
2009,6,1,1,161,6.1228
2009,6,1,2,103,6.3619
2009,6,1,3,74,9.4740
2009,6,1,4,96,4.2582
2009,6,1,5,179,5.9713
2009,6,2,1,145,3.7583
2009,6,2,2,105,2.5503
2009,6,2,3,69,2.2050
2009,6,2,4,80,1.6130
2009,6,2,5,81,-3.1767
2009,6,3,1,134,0.7968
2009,6,3,2,146,1.0078
2009,6,3,3,128,1.8811
2009,6,3,4,115,0.1402
2009,6,3,5,67,-0.0450
2009,7,1,1,162,7.5154
2009,7,1,2,101,2.7059
2009,7,1,3,78,8.9542
2009,7,1,4,106,14.1929
2009,7,1,5,154,11.7842
2009,7,2,1,151,7.0286
2009,7,2,2,92,6.4327
2009,7,2,3,69,7.5001
2009,7,2,4,76,8.7413
2009,7,2,5,92,10.2740
2009,7,3,1,135,10.4800
2009,7,3,2,147,6.3324
2009,7,3,3,137,6.0235
2009,7,3,4,100,7.0129
2009,7,3,5,66,6.6169
2009,8,1,1,194,1.6531
2009,8,1,2,106,2.9139
2009,8,1,3,81,0.0361
2009,8,1,4,98,1.6241
2009,8,1,5,176,6.0554
2009,8,2,1,158,1.0110
2009,8,2,2,99,0.9337
2009,8,2,3,81,1.0581
2009,8,2,4,81,2.8716
2009,8,2,5,80,3.9295
2009,8,3,1,147,0.8184
2009,8,3,2,140,1.4888
2009,8,3,3,123,1.9156
2009,8,3,4,117,2.1648
2009,8,3,5,74,3.5242
2009,9,1,1,212,6.6230
2009,9,1,2,114,4.7219
2009,9,1,3,72,8.0683
2009,9,1,4,111,5.9979
2009,9,1,5,225,10.8089
2009,9,2,1,170,6.7255
2009,9,2,2,98,5.8475
2009,9,2,3,76,4.7492
2009,9,2,4,86,7.6822
2009,9,2,5,76,7.3815
2009,9,3,1,141,7.7159
2009,9,3,2,140,3.8587
2009,9,3,3,132,2.3504
2009,9,3,4,111,4.2098
2009,9,3,5,81,4.0521
2009,10,1,1,209,-7.7574
2009,10,1,2,111,-7.9389
2009,10,1,3,83,-6.0666
2009,10,1,4,102,-5.9277
2009,10,1,5,231,-6.4937
2009,10,2,1,155,-5.2032
2009,10,2,2,107,-6.8457
2009,10,2,3,82,-5.4525
2009,10,2,4,69,-2.7457
2009,10,2,5,79,-7.1630
2009,10,3,1,152,-2.2567
2009,10,3,2,133,1.6411
2009,10,3,3,123,-2.8198
2009,10,3,4,118,-1.0230
2009,10,3,5,81,-2.8695
2009,11,1,1,214,2.4243
2009,11,1,2,108,0.6659
2009,11,1,3,87,0.3886
2009,11,1,4,121,2.8143
2009,11,1,5,214,4.2728
2009,11,2,1,169,2.8680
2009,11,2,2,107,3.1841
2009,11,2,3,90,1.4435
2009,11,2,4,67,2.1915
2009,11,2,5,90,2.9504
2009,11,3,1,160,5.5439
2009,11,3,2,140,6.1446
2009,11,3,3,130,5.9669
2009,11,3,4,118,5.4831
2009,11,3,5,84,9.0768
2009,12,1,1,214,9.0585
2009,12,1,2,106,8.3132
2009,12,1,3,81,7.6759
2009,12,1,4,128,8.0832
2009,12,1,5,247,9.9234
2009,12,2,1,158,9.5773
2009,12,2,2,111,8.1742
2009,12,2,3,78,7.0092
2009,12,2,4,82,7.7570
2009,12,2,5,99,9.5892
2009,12,3,1,166,6.1485
2009,12,3,2,145,0.7364
2009,12,3,3,135,2.2163
2009,12,3,4,128,2.6627
2009,12,3,5,74,4.5143
2010,1,1,1,213,-3.9891
2010,1,1,2,103,-5.1294
2010,1,1,3,90,-2.5720
2010,1,1,4,120,-2.8124
2010,1,1,5,245,-2.5053
2010,1,2,1,157,-4.8380
2010,1,2,2,111,-4.9205
2010,1,2,3,91,-4.5694
2010,1,2,4,76,-2.0671
2010,1,2,5,97,-4.1205
2010,1,3,1,155,-5.2056
2010,1,3,2,151,-6.7223
2010,1,3,3,136,-2.5275
2010,1,3,4,122,-2.3220
2010,1,3,5,77,-3.2080
2010,2,1,1,225,4.8394
2010,2,1,2,105,5.4624
2010,2,1,3,93,5.3400
2010,2,1,4,119,4.3471
2010,2,1,5,240,3.9266
2010,2,2,1,152,5.1101
2010,2,2,2,113,5.7806
2010,2,2,3,78,3.5780
2010,2,2,4,90,3.5587
2010,2,2,5,95,4.7560
2010,2,3,1,157,4.8714
2010,2,3,2,146,4.9103
2010,2,3,3,143,2.0062
2010,2,3,4,124,3.7419
2010,2,3,5,81,2.4913
2010,3,1,1,199,9.4750
2010,3,1,2,137,7.2222
2010,3,1,3,110,6.8633
2010,3,1,4,112,4.4489
2010,3,1,5,261,10.1716
2010,3,2,1,142,7.4030
2010,3,2,2,118,8.3988
2010,3,2,3,82,7.5545
2010,3,2,4,76,7.4935
2010,3,2,5,103,8.6572
2010,3,3,1,130,5.1254
2010,3,3,2,155,5.6514
2010,3,3,3,145,5.7320
2010,3,3,4,137,5.3723
2010,3,3,5,84,5.2676
2010,4,1,1,212,5.4553
2010,4,1,2,144,5.9994
2010,4,1,3,99,7.6911
2010,4,1,4,105,8.3269
2010,4,1,5,272,7.1079
2010,4,2,1,146,4.8059
2010,4,2,2,114,5.0491
2010,4,2,3,78,5.9296
2010,4,2,4,70,3.9030
2010,4,2,5,97,6.1087
2010,4,3,1,139,2.2612
2010,4,3,2,158,1.3903
2010,4,3,3,144,2.2904
2010,4,3,4,142,1.0353
2010,4,3,5,84,1.1672
2010,5,1,1,221,-8.2250
2010,5,1,2,117,-6.1401
2010,5,1,3,106,-7.3709
2010,5,1,4,122,-7.1719
2010,5,1,5,242,-9.7047
2010,5,2,1,154,-5.9927
2010,5,2,2,110,-6.3576
2010,5,2,3,79,-6.7935
2010,5,2,4,80,-6.1201
2010,5,2,5,84,-5.8522
2010,5,3,1,136,-8.4426
2010,5,3,2,151,-8.2289
2010,5,3,3,147,-6.6168
2010,5,3,4,135,-7.6974
2010,5,3,5,91,-7.7744
2010,6,1,1,241,-6.3656
2010,6,1,2,104,-7.0595
2010,6,1,3,123,-5.7787
2010,6,1,4,122,-6.6142
2010,6,1,5,219,-7.5892
2010,6,2,1,151,-6.2633
2010,6,2,2,136,-5.8901
2010,6,2,3,74,-7.3109
2010,6,2,4,82,-7.9383
2010,6,2,5,83,-8.8823
2010,6,3,1,136,-4.1001
2010,6,3,2,140,-6.0836
2010,6,3,3,153,-5.2746
2010,6,3,4,136,-3.4880
2010,6,3,5,105,-5.6132
2010,7,1,1,238,5.9177
2010,7,1,2,101,7.0009
2010,7,1,3,113,7.1439
2010,7,1,4,149,8.1472
2010,7,1,5,200,7.4992
2010,7,2,1,154,7.6217
2010,7,2,2,129,6.8217
2010,7,2,3,83,7.7132
2010,7,2,4,89,7.6073
2010,7,2,5,91,7.1119
2010,7,3,1,151,7.7238
2010,7,3,2,148,6.4728
2010,7,3,3,139,6.9419
2010,7,3,4,144,6.3257
2010,7,3,5,87,7.3509
2010,8,1,1,262,-8.1078
2010,8,1,2,109,-9.5273
2010,8,1,3,98,-8.7925
2010,8,1,4,133,-9.8786
2010,8,1,5,231,-7.4264
2010,8,2,1,160,-6.7074
2010,8,2,2,119,-6.8469
2010,8,2,3,100,-7.1553
2010,8,2,4,89,-7.8350
2010,8,2,5,94,-6.7446
2010,8,3,1,149,-1.6151
2010,8,3,2,148,-4.6274
2010,8,3,3,150,-3.5498
2010,8,3,4,132,-4.2177
2010,8,3,5,110,-3.9041
2010,9,1,1,255,12.5699
2010,9,1,2,118,11.5491
2010,9,1,3,113,13.1436
2010,9,1,4,110,12.5061
2010,9,1,5,299,11.8088
2010,9,2,1,163,14.1512
2010,9,2,2,121,12.2206
2010,9,2,3,86,12.9041
2010,9,2,4,85,13.4437
2010,9,2,5,103,14.8105
2010,9,3,1,163,9.9876
2010,9,3,2,159,8.8636
2010,9,3,3,143,9.6139
2010,9,3,4,135,9.4992
2010,9,3,5,93,10.2128
2010,10,1,1,256,6.5759
2010,10,1,2,125,6.6543
2010,10,1,3,109,5.4140
2010,10,1,4,106,6.8264
2010,10,1,5,303,6.7735
2010,10,2,1,164,4.1741
2010,10,2,2,119,3.3944
2010,10,2,3,88,4.1775
2010,10,2,4,85,4.2767
2010,10,2,5,92,5.0197
2010,10,3,1,163,3.8497
2010,10,3,2,148,5.6294
2010,10,3,3,148,3.9149
2010,10,3,4,138,4.0991
2010,10,3,5,97,4.0794
2010,11,1,1,260,2.8347
2010,11,1,2,148,2.8923
2010,11,1,3,89,3.2403
2010,11,1,4,135,4.0921
2010,11,1,5,262,3.7047
2010,11,2,1,176,4.3411
2010,11,2,2,137,4.2078
2010,11,2,3,79,5.1117
2010,11,2,4,90,3.5057
2010,11,2,5,94,5.7213
2010,11,3,1,157,1.0413
2010,11,3,2,148,0.5661
2010,11,3,3,137,-0.0242
2010,11,3,4,136,0.0306
2010,11,3,5,100,0.7014
2010,12,1,1,236,9.6935
2010,12,1,2,136,9.3450
2010,12,1,3,95,7.3060
2010,12,1,4,139,6.1735
2010,12,1,5,283,7.5025
2010,12,2,1,165,6.6371
2010,12,2,2,128,8.3054
2010,12,2,3,83,7.0203
2010,12,2,4,113,7.8113
2010,12,2,5,84,5.8787
2010,12,3,1,159,6.7615
2010,12,3,2,155,5.2211
2010,12,3,3,146,4.8773
2010,12,3,4,122,6.3298
2010,12,3,5,96,5.8670
2011,1,1,1,227,-2.3949
2011,1,1,2,129,-2.0484
2011,1,1,3,104,-0.8639
2011,1,1,4,136,0.1076
2011,1,1,5,274,0.3840
2011,1,2,1,158,1.3146
2011,1,2,2,134,-0.3497
2011,1,2,3,88,0.1171
2011,1,2,4,103,-0.5167
2011,1,2,5,90,2.7412
2011,1,3,1,157,0.4023
2011,1,3,2,153,1.9106
2011,1,3,3,142,2.2467
2011,1,3,4,126,2.9346
2011,1,3,5,96,2.5198
2011,2,1,1,216,4.0632
2011,2,1,2,133,4.7449
2011,2,1,3,99,4.6832
2011,2,1,4,146,5.1434
2011,2,1,5,287,4.1177
2011,2,2,1,157,6.9530
2011,2,2,2,120,3.4529
2011,2,2,3,75,4.2750
2011,2,2,4,110,6.6327
2011,2,2,5,91,4.9927
2011,2,3,1,160,3.5661
2011,2,3,2,152,3.9689
2011,2,3,3,157,4.2541
2011,2,3,4,116,3.4431
2011,2,3,5,94,2.4242
2011,3,1,1,230,3.5359
2011,3,1,2,130,4.0697
2011,3,1,3,113,1.0715
2011,3,1,4,148,4.4414
2011,3,1,5,284,-3.1586
2011,3,2,1,138,4.7022
2011,3,2,2,102,3.6702
2011,3,2,3,90,2.9507
2011,3,2,4,104,3.1293
2011,3,2,5,92,1.3121
2011,3,3,1,146,3.1637
2011,3,3,2,153,0.7378
2011,3,3,3,151,0.8546
2011,3,3,4,119,-0.4001
2011,3,3,5,90,-0.1676
2011,4,1,1,215,2.0648
2011,4,1,2,129,-0.0050
2011,4,1,3,98,1.7788
2011,4,1,4,155,2.4680
2011,4,1,5,276,1.3635
2011,4,2,1,139,3.0186
2011,4,2,2,110,3.3664
2011,4,2,3,84,2.5173
2011,4,2,4,98,2.1350
2011,4,2,5,90,2.5804
2011,4,3,1,152,2.5427
2011,4,3,2,145,4.3267
2011,4,3,3,146,4.1687
2011,4,3,4,117,2.9681
2011,4,3,5,97,3.1145
2011,5,1,1,205,-1.0878
2011,5,1,2,140,-0.7475
2011,5,1,3,94,-3.5916
2011,5,1,4,132,-1.4514
2011,5,1,5,261,-3.1082
2011,5,2,1,129,-2.5799
2011,5,2,2,120,-1.8955
2011,5,2,3,88,-0.7066
2011,5,2,4,80,-0.3029
2011,5,2,5,92,-1.3386
2011,5,3,1,146,-0.9635
2011,5,3,2,151,-1.3604
2011,5,3,3,146,-0.9127
2011,5,3,4,122,0.2499
2011,5,3,5,103,-2.4013
2011,6,1,1,201,-1.7812
2011,6,1,2,134,-1.4462
2011,6,1,3,87,0.6126
2011,6,1,4,112,0.9097
2011,6,1,5,243,-3.5484
2011,6,2,1,131,-1.3488
2011,6,2,2,126,-1.2357
2011,6,2,3,86,-1.0187
2011,6,2,4,93,-0.4668
2011,6,2,5,97,-1.3212
2011,6,3,1,140,-2.2532
2011,6,3,2,155,-1.3580
2011,6,3,3,146,-1.0887
2011,6,3,4,118,-1.9704
2011,6,3,5,106,-1.0580
2011,7,1,1,190,-2.4016
2011,7,1,2,132,-1.7631
2011,7,1,3,93,-2.3497
2011,7,1,4,102,-1.9807
2011,7,1,5,248,-1.6413
2011,7,2,1,139,-4.7005
2011,7,2,2,111,-4.0565
2011,7,2,3,97,-3.6561
2011,7,2,4,94,-4.2248
2011,7,2,5,93,-5.4485
2011,7,3,1,144,-2.1737
2011,7,3,2,162,-3.2048
2011,7,3,3,138,-1.5766
2011,7,3,4,122,-1.2719
2011,7,3,5,105,-1.5896
2011,8,1,1,214,-9.5948
2011,8,1,2,124,-8.7263
2011,8,1,3,96,-9.5710
2011,8,1,4,105,-7.6026
2011,8,1,5,255,-12.8561
2011,8,2,1,148,-8.8563
2011,8,2,2,110,-7.9611
2011,8,2,3,98,-7.5529
2011,8,2,4,102,-9.9183
2011,8,2,5,91,-7.8135
2011,8,3,1,150,-4.8148
2011,8,3,2,145,-6.0203
2011,8,3,3,143,-4.2091
2011,8,3,4,125,-3.6937
2011,8,3,5,113,-6.3432
2011,9,1,1,223,-11.8413
2011,9,1,2,111,-9.7548
2011,9,1,3,110,-10.1128
2011,9,1,4,124,-11.5019
2011,9,1,5,269,-13.4834
2011,9,2,1,174,-8.8061
2011,9,2,2,104,-10.1370
2011,9,2,3,107,-10.0271
2011,9,2,4,92,-13.7688
2011,9,2,5,85,-17.0440
2011,9,3,1,153,-6.8916
2011,9,3,2,162,-5.4408
2011,9,3,3,145,-5.8482
2011,9,3,4,135,-6.4001
2011,9,3,5,98,-9.0706
2011,10,1,1,215,15.3314
2011,10,1,2,116,14.4665
2011,10,1,3,99,14.5682
2011,10,1,4,138,17.2046
2011,10,1,5,257,16.0330
2011,10,2,1,165,16.6707
2011,10,2,2,90,15.7077
2011,10,2,3,112,15.4796
2011,10,2,4,101,18.6213
2011,10,2,5,92,21.9575
2011,10,3,1,171,8.0883
2011,10,3,2,174,8.6718
2011,10,3,3,134,9.9524
2011,10,3,4,132,12.0288
2011,10,3,5,86,18.9424
2011,11,1,1,246,-3.1110
2011,11,1,2,108,-1.7237
2011,11,1,3,88,-0.0496
2011,11,1,4,125,-0.7649
2011,11,1,5,270,-0.4568
2011,11,2,1,183,0.4133
2011,11,2,2,99,0.6574
2011,11,2,3,98,-0.5324
2011,11,2,4,92,-0.0656
2011,11,2,5,88,-0.9833
2011,11,3,1,164,-1.0479
2011,11,3,2,175,0.7187
2011,11,3,3,134,0.5301
2011,11,3,4,129,1.2247
2011,11,3,5,87,-1.4624
2011,12,1,1,252,1.1202
2011,12,1,2,101,1.2052
2011,12,1,3,92,0.5311
2011,12,1,4,120,3.0999
2011,12,1,5,265,1.4104
2011,12,2,1,180,0.3235
2011,12,2,2,97,1.1360
2011,12,2,3,101,0.1066
2011,12,2,4,99,-0.7067
2011,12,2,5,82,-0.6537
2011,12,3,1,156,-1.3891
2011,12,3,2,169,-0.0172
2011,12,3,3,136,2.0046
2011,12,3,4,119,1.3612
2011,12,3,5,94,-0.3231
2012,1,1,1,242,8.7401
2012,1,1,2,96,7.1373
2012,1,1,3,104,7.1105
2012,1,1,4,125,8.1531
2012,1,1,5,251,9.6119
2012,1,2,1,179,5.8196
2012,1,2,2,100,5.5338
2012,1,2,3,104,7.5856
2012,1,2,4,108,8.9627
2012,1,2,5,79,12.3238
2012,1,3,1,145,4.5732
2012,1,3,2,168,2.4819
2012,1,3,3,127,3.7661
2012,1,3,4,124,5.7902
2012,1,3,5,101,6.2568
2012,2,1,1,218,0.8856
2012,2,1,2,117,0.3848
2012,2,1,3,91,2.7462
2012,2,1,4,123,2.5748
2012,2,1,5,252,2.4911
2012,2,2,1,163,2.8517
2012,2,2,2,117,3.7832
2012,2,2,3,94,1.7851
2012,2,2,4,100,3.7724
2012,2,2,5,89,5.0564
2012,2,3,1,152,2.9586
2012,2,3,2,160,3.1016
2012,2,3,3,130,3.6738
2012,2,3,4,123,2.9729
2012,2,3,5,92,9.6393
2012,3,1,1,209,4.8648
2012,3,1,2,118,2.1498
2012,3,1,3,84,4.8542
2012,3,1,4,129,3.8013
2012,3,1,5,263,2.8215
2012,3,2,1,157,2.8847
2012,3,2,2,110,2.8492
2012,3,2,3,90,1.6365
2012,3,2,4,98,2.0027
2012,3,2,5,90,0.8506
2012,3,3,1,157,3.4525
2012,3,3,2,152,3.8953
2012,3,3,3,132,1.7660
2012,3,3,4,125,1.4794
2012,3,3,5,81,3.4477
2012,4,1,1,202,-3.6696
2012,4,1,2,116,-1.3814
2012,4,1,3,85,-1.7954
2012,4,1,4,129,-1.5338
2012,4,1,5,247,-2.3033
2012,4,2,1,161,-0.9718
2012,4,2,2,114,-0.4899
2012,4,2,3,93,-0.2313
2012,4,2,4,86,-1.3022
2012,4,2,5,80,-3.1884
2012,4,3,1,158,-0.0048
2012,4,3,2,162,-0.3950
2012,4,3,3,123,-0.2919
2012,4,3,4,128,-1.0652
2012,4,3,5,80,-0.4329
2012,5,1,1,200,-5.7906
2012,5,1,2,114,-8.4961
2012,5,1,3,89,-5.8114
2012,5,1,4,103,-6.5334
2012,5,1,5,250,-8.7022
2012,5,2,1,156,-6.2304
2012,5,2,2,118,-6.5283
2012,5,2,3,80,-7.6060
2012,5,2,4,88,-8.8477
2012,5,2,5,84,-7.0991
2012,5,3,1,150,-6.0877
2012,5,3,2,166,-5.3738
2012,5,3,3,146,-4.7332
2012,5,3,4,125,-5.3702
2012,5,3,5,81,-5.2502
2012,6,1,1,194,6.9527
2012,6,1,2,109,7.4989
2012,6,1,3,81,6.1722
2012,6,1,4,98,5.0134
2012,6,1,5,213,7.3828
2012,6,2,1,158,4.4884
2012,6,2,2,107,2.3374
2012,6,2,3,98,4.2057
2012,6,2,4,84,3.0482
2012,6,2,5,74,5.0279
2012,6,3,1,148,3.1655
2012,6,3,2,157,2.3614
2012,6,3,3,149,4.0806
2012,6,3,4,130,3.7212
2012,6,3,5,97,4.9853
2012,7,1,1,205,-2.4820
2012,7,1,2,108,-1.5947
2012,7,1,3,85,-1.3588
2012,7,1,4,92,-1.2066
2012,7,1,5,206,-0.6188
2012,7,2,1,161,-2.4323
2012,7,2,2,113,-2.4063
2012,7,2,3,83,-0.5396
2012,7,2,4,91,-0.4405
2012,7,2,5,81,0.7457
2012,7,3,1,146,-0.2398
2012,7,3,2,151,1.2943
2012,7,3,3,158,2.4777
2012,7,3,4,122,1.8734
2012,7,3,5,95,0.3051
2012,8,1,1,206,3.3324
2012,8,1,2,113,3.2300
2012,8,1,3,80,5.4867
2012,8,1,4,108,3.5435
2012,8,1,5,198,1.3860
2012,8,2,1,157,3.4814
2012,8,2,2,116,4.5450
2012,8,2,3,90,2.0883
2012,8,2,4,95,4.5768
2012,8,2,5,82,4.3267
2012,8,3,1,141,2.3089
2012,8,3,2,172,1.9491
2012,8,3,3,149,1.6756
2012,8,3,4,112,3.2324
2012,8,3,5,102,2.0232
2012,9,1,1,187,5.3355
2012,9,1,2,113,3.9382
2012,9,1,3,91,3.4908
2012,9,1,4,131,4.2666
2012,9,1,5,215,3.4939
2012,9,2,1,167,2.6126
2012,9,2,2,101,3.5296
2012,9,2,3,86,3.1996
2012,9,2,4,100,3.6187
2012,9,2,5,82,3.2445
2012,9,3,1,142,2.1253
2012,9,3,2,187,1.7196
2012,9,3,3,134,3.9010
2012,9,3,4,123,1.1445
2012,9,3,5,99,3.7150
2012,10,1,1,187,-4.2776
2012,10,1,2,111,-3.0248
2012,10,1,3,84,-3.8620
2012,10,1,4,129,-2.3686
2012,10,1,5,218,-1.1038
2012,10,2,1,168,-1.4288
2012,10,2,2,102,-1.4806
2012,10,2,3,85,-1.6698
2012,10,2,4,97,-0.6164
2012,10,2,5,87,0.3385
2012,10,3,1,152,-2.4697
2012,10,3,2,169,-3.5555
2012,10,3,3,138,-1.2814
2012,10,3,4,126,-2.3402
2012,10,3,5,97,-0.4450
2012,11,1,1,176,0.2807
2012,11,1,2,111,1.5119
2012,11,1,3,90,2.4294
2012,11,1,4,107,0.3946
2012,11,1,5,251,2.0797
2012,11,2,1,161,0.0362
2012,11,2,2,99,1.6301
2012,11,2,3,86,2.7363
2012,11,2,4,88,2.4999
2012,11,2,5,91,2.6112
2012,11,3,1,151,1.3293
2012,11,3,2,164,2.1634
2012,11,3,3,143,0.6771
2012,11,3,4,122,1.0495
2012,11,3,5,91,-0.6923
2012,12,1,1,185,3.5339
2012,12,1,2,121,2.7824
2012,12,1,3,82,5.1565
2012,12,1,4,108,5.6173
2012,12,1,5,236,5.2044
2012,12,2,1,146,2.5998
2012,12,2,2,109,3.4509
2012,12,2,3,82,4.3878
2012,12,2,4,82,3.9176
2012,12,2,5,91,3.1984
2012,12,3,1,155,0.9429
2012,12,3,2,149,0.3667
2012,12,3,3,147,-1.2598
2012,12,3,4,126,0.5053
2012,12,3,5,86,3.7716
2013,1,1,1,179,3.6219
2013,1,1,2,117,6.3926
2013,1,1,3,81,4.4912
2013,1,1,4,117,5.8864
2013,1,1,5,235,6.1568
2013,1,2,1,141,5.8120
2013,1,2,2,114,7.0742
2013,1,2,3,82,5.5741
2013,1,2,4,85,7.0487
2013,1,2,5,86,6.4583
2013,1,3,1,145,8.0086
2013,1,3,2,157,5.4436
2013,1,3,3,138,3.1626
2013,1,3,4,125,5.6055
2013,1,3,5,91,6.2189
2013,2,1,1,176,0.5092
2013,2,1,2,111,0.9999
2013,2,1,3,88,2.2224
2013,2,1,4,112,1.5056
2013,2,1,5,230,1.3071
2013,2,2,1,133,1.4015
2013,2,2,2,113,2.3811
2013,2,2,3,81,0.8069
2013,2,2,4,90,1.4730
2013,2,2,5,86,0.5800
2013,2,3,1,147,-0.6308
2013,2,3,2,155,1.4068
2013,2,3,3,146,2.0904
2013,2,3,4,121,2.4327
2013,2,3,5,83,0.3363
2013,3,1,1,179,5.0613
2013,3,1,2,99,6.1281
2013,3,1,3,80,5.8376
2013,3,1,4,121,3.7927
2013,3,1,5,226,4.9648
2013,3,2,1,124,3.9228
2013,3,2,2,120,4.9607
2013,3,2,3,78,4.8070
2013,3,2,4,89,5.5572
2013,3,2,5,89,4.5718
2013,3,3,1,138,4.0403
2013,3,3,2,156,4.6600
2013,3,3,3,152,3.5368
2013,3,3,4,118,3.2206
2013,3,3,5,85,3.1124
2013,4,1,1,163,-1.7530
2013,4,1,2,97,-0.7509
2013,4,1,3,80,0.2372
2013,4,1,4,117,-0.4020
2013,4,1,5,222,3.6771
2013,4,2,1,133,-0.4790
2013,4,2,2,110,-1.8183
2013,4,2,3,83,-1.0346
2013,4,2,4,85,-1.5371
2013,4,2,5,89,-0.8043
2013,4,3,1,136,2.2733
2013,4,3,2,149,1.6845
2013,4,3,3,149,1.2539
2013,4,3,4,127,0.2792
2013,4,3,5,90,1.9412
2013,5,1,1,154,4.1716
2013,5,1,2,99,4.9022
2013,5,1,3,86,6.7560
2013,5,1,4,96,5.9338
2013,5,1,5,221,5.5917
2013,5,2,1,128,4.7366
2013,5,2,2,116,5.0804
2013,5,2,3,77,4.1011
2013,5,2,4,96,5.6236
2013,5,2,5,90,5.4516
2013,5,3,1,135,0.7979
2013,5,3,2,135,1.3592
2013,5,3,3,156,-0.0397
2013,5,3,4,138,2.4186
2013,5,3,5,99,3.2896
2013,6,1,1,148,3.6226
2013,6,1,2,114,0.2916
2013,6,1,3,87,0.3360
2013,6,1,4,95,0.3365
2013,6,1,5,177,3.0738
2013,6,2,1,111,0.9817
2013,6,2,2,126,-0.8775
2013,6,2,3,75,-1.2524
2013,6,2,4,83,-0.3160
2013,6,2,5,83,-0.3586
2013,6,3,1,126,-0.8212
2013,6,3,2,147,-1.6494
2013,6,3,3,154,-0.6394
2013,6,3,4,141,-0.9471
2013,6,3,5,103,-2.8583
2013,7,1,1,158,6.0998
2013,7,1,2,110,6.0656
2013,7,1,3,97,7.4374
2013,7,1,4,90,7.7785
2013,7,1,5,164,9.4633
2013,7,2,1,116,6.3898
2013,7,2,2,121,6.5296
2013,7,2,3,81,6.9492
2013,7,2,4,82,7.1410
2013,7,2,5,80,6.9692
2013,7,3,1,127,8.4707
2013,7,3,2,150,4.6726
2013,7,3,3,152,5.1378
2013,7,3,4,132,4.9769
2013,7,3,5,100,5.0816
2013,8,1,1,191,-2.0653
2013,8,1,2,109,-2.2613
2013,8,1,3,83,-4.2438
2013,8,1,4,91,-3.4543
2013,8,1,5,162,-3.3473
2013,8,2,1,138,-1.9726
2013,8,2,2,107,-0.9222
2013,8,2,3,80,-2.6195
2013,8,2,4,82,-3.8527
2013,8,2,5,83,-2.9781
2013,8,3,1,142,-1.1378
2013,8,3,2,154,-2.6994
2013,8,3,3,139,-3.0416
2013,8,3,4,133,-2.1094
2013,8,3,5,108,-2.7680
2013,9,1,1,195,7.3881
2013,9,1,2,90,7.0505
2013,9,1,3,88,6.1645
2013,9,1,4,88,6.9965
2013,9,1,5,197,5.1727
2013,9,2,1,151,6.6204
2013,9,2,2,114,6.5661
2013,9,2,3,83,6.2784
2013,9,2,4,72,5.7741
2013,9,2,5,82,4.9832
2013,9,3,1,148,5.9704
2013,9,3,2,167,4.4520
2013,9,3,3,132,4.5885
2013,9,3,4,126,2.0561
2013,9,3,5,110,2.4271
2013,10,1,1,191,3.8672
2013,10,1,2,87,5.3115
2013,10,1,3,102,2.7926
2013,10,1,4,83,6.5355
2013,10,1,5,203,2.9822
2013,10,2,1,160,3.0100
2013,10,2,2,108,4.2124
2013,10,2,3,74,2.2644
2013,10,2,4,74,4.7298
2013,10,2,5,81,4.3855
2013,10,3,1,159,2.7912
2013,10,3,2,152,5.5950
2013,10,3,3,145,4.9127
2013,10,3,4,115,4.5790
2013,10,3,5,107,4.9125
2013,11,1,1,190,4.4541
2013,11,1,2,83,6.4522
2013,11,1,3,97,6.6002
2013,11,1,4,90,3.7480
2013,11,1,5,194,6.7280
2013,11,2,1,158,3.0317
2013,11,2,2,106,3.0419
2013,11,2,3,91,4.5733
2013,11,2,4,70,2.8755
2013,11,2,5,77,5.1675
2013,11,3,1,152,2.7253
2013,11,3,2,156,1.6972
2013,11,3,3,140,2.8968
2013,11,3,4,124,2.8370
2013,11,3,5,107,2.1862
2013,12,1,1,226,1.5883
2013,12,1,2,84,1.1483
2013,12,1,3,81,3.0190
2013,12,1,4,92,3.2038
2013,12,1,5,175,2.7144
2013,12,2,1,157,0.7275
2013,12,2,2,103,2.6818
2013,12,2,3,87,2.9046
2013,12,2,4,74,2.8249
2013,12,2,5,83,3.8225
2013,12,3,1,158,2.6866
2013,12,3,2,144,3.5942
2013,12,3,3,142,2.2653
2013,12,3,4,129,1.9653
2013,12,3,5,108,3.4900
2014,1,1,1,218,-2.5062
2014,1,1,2,86,-1.8687
2014,1,1,3,79,-5.4739
2014,1,1,4,98,-4.6288
2014,1,1,5,184,-4.4305
2014,1,2,1,150,-2.5841
2014,1,2,2,109,-4.8451
2014,1,2,3,79,-4.5206
2014,1,2,4,69,-6.3321
2014,1,2,5,89,-3.5267
2014,1,3,1,160,-0.3936
2014,1,3,2,148,-2.9038
2014,1,3,3,135,-4.4080
2014,1,3,4,128,-4.4464
2014,1,3,5,105,-3.2836
2014,2,1,1,213,3.2250
2014,2,1,2,92,5.6538
2014,2,1,3,77,4.6830
2014,2,1,4,94,3.2390
2014,2,1,5,184,5.2688
2014,2,2,1,152,5.3125
2014,2,2,2,103,4.3130
2014,2,2,3,84,4.6855
2014,2,2,4,69,5.5397
2014,2,2,5,88,6.1420
2014,2,3,1,165,6.1855
2014,2,3,2,153,5.4847
2014,2,3,3,136,5.3021
2014,2,3,4,117,4.0395
2014,2,3,5,102,3.7145
2014,3,1,1,170,0.7153
2014,3,1,2,104,0.8846
2014,3,1,3,74,-0.5673
2014,3,1,4,89,0.9316
2014,3,1,5,197,3.2849
2014,3,2,1,138,-1.0739
2014,3,2,2,117,0.4970
2014,3,2,3,86,1.2746
2014,3,2,4,77,1.2511
2014,3,2,5,86,0.1929
2014,3,3,1,133,-4.5316
2014,3,3,2,153,-0.5117
2014,3,3,3,147,0.1744
2014,3,3,4,128,2.2392
2014,3,3,5,106,2.9575
2014,4,1,1,168,-5.7457
2014,4,1,2,81,-3.1215
2014,4,1,3,84,-4.1334
2014,4,1,4,94,-2.9129
2014,4,1,5,193,-4.5190
2014,4,2,1,142,-4.4002
2014,4,2,2,111,-2.6851
2014,4,2,3,89,-2.1934
2014,4,2,4,68,0.5458
2014,4,2,5,87,-1.8648
2014,4,3,1,137,-1.1807
2014,4,3,2,148,1.1244
2014,4,3,3,140,-0.3051
2014,4,3,4,138,1.6661
2014,4,3,5,104,2.9045
2014,5,1,1,156,1.3018
2014,5,1,2,86,0.4816
2014,5,1,3,63,-0.7969
2014,5,1,4,92,1.4133
2014,5,1,5,181,0.6942
2014,5,2,1,136,0.5055
2014,5,2,2,112,0.2671
2014,5,2,3,68,1.3655
2014,5,2,4,86,1.9230
2014,5,2,5,82,0.2588
2014,5,3,1,130,3.9098
2014,5,3,2,144,1.0435
2014,5,3,3,158,1.6936
2014,5,3,4,129,1.7240
2014,5,3,5,108,2.8668
2014,6,1,1,148,3.3128
2014,6,1,2,96,4.6770
2014,6,1,3,66,3.0261
2014,6,1,4,61,3.8252
2014,6,1,5,150,5.6514
2014,6,2,1,140,5.6715
2014,6,2,2,119,5.1521
2014,6,2,3,69,4.9131
2014,6,2,4,84,4.9788
2014,6,2,5,89,4.2409
2014,6,3,1,125,4.0451
2014,6,3,2,140,2.1699
2014,6,3,3,155,1.7863
2014,6,3,4,143,1.5289
2014,6,3,5,108,1.8506
2014,7,1,1,156,-6.3404
2014,7,1,2,101,-5.5967
2014,7,1,3,70,-5.4642
2014,7,1,4,61,-2.8107
2014,7,1,5,146,-5.4447
2014,7,2,1,137,-5.7946
2014,7,2,2,117,-7.1467
2014,7,2,3,67,-6.1589
2014,7,2,4,89,-6.3676
2014,7,2,5,88,-6.0141
2014,7,3,1,125,-1.5991
2014,7,3,2,142,-2.0979
2014,7,3,3,158,-3.2328
2014,7,3,4,138,-1.7956
2014,7,3,5,111,0.2590
2014,8,1,1,173,4.6910
2014,8,1,2,103,4.0954
2014,8,1,3,84,4.5917
2014,8,1,4,65,6.2307
2014,8,1,5,144,7.2148
2014,8,2,1,133,4.7626
2014,8,2,2,105,5.3992
2014,8,2,3,98,4.9852
2014,8,2,4,77,4.3211
2014,8,2,5,90,5.9451
2014,8,3,1,132,3.0348
2014,8,3,2,158,3.2234
2014,8,3,3,151,5.1986
2014,8,3,4,140,4.6343
2014,8,3,5,104,3.1637
2014,9,1,1,175,-5.8944
2014,9,1,2,101,-6.6213
2014,9,1,3,90,-7.9594
2014,9,1,4,81,-6.3433
2014,9,1,5,192,-7.1227
2014,9,2,1,151,-4.9760
2014,9,2,2,106,-5.1249
2014,9,2,3,97,-3.5748
2014,9,2,4,79,-6.5564
2014,9,2,5,81,-7.5106
2014,9,3,1,152,-2.4291
2014,9,3,2,151,-0.9799
2014,9,3,3,150,-1.9190
2014,9,3,4,121,-0.6327
2014,9,3,5,114,-3.2444
2014,10,1,1,164,7.0166
2014,10,1,2,97,2.2002
2014,10,1,3,77,8.7998
2014,10,1,4,90,8.9030
2014,10,1,5,198,5.4826
2014,10,2,1,152,4.3210
2014,10,2,2,104,7.1507
2014,10,2,3,102,7.2772
2014,10,2,4,77,6.1328
2014,10,2,5,85,6.2987
2014,10,3,1,154,1.9644
2014,10,3,2,159,2.1670
2014,10,3,3,151,3.0818
2014,10,3,4,122,1.6123
2014,10,3,5,100,0.8472
2014,11,1,1,163,-1.9403
2014,11,1,2,92,-1.4118
2014,11,1,3,74,-2.2750
2014,11,1,4,87,-1.8502
2014,11,1,5,183,-1.7215
2014,11,2,1,168,-0.5086
2014,11,2,2,107,2.0320
2014,11,2,3,99,0.4992
2014,11,2,4,80,0.2213
2014,11,2,5,93,-1.0052
2014,11,3,1,158,2.5269
2014,11,3,2,163,3.6519
2014,11,3,3,142,4.9858
2014,11,3,4,131,2.9528
2014,11,3,5,104,-1.4084
2014,12,1,1,176,6.4658
2014,12,1,2,89,3.9941
2014,12,1,3,66,5.8749
2014,12,1,4,98,6.2857
2014,12,1,5,155,2.4060
2014,12,2,1,181,1.9877
2014,12,2,2,95,3.0608
2014,12,2,3,99,1.4036
2014,12,2,4,95,1.0362
2014,12,2,5,97,-1.9963
2014,12,3,1,168,-1.2807
2014,12,3,2,183,0.2411
2014,12,3,3,128,-1.2676
2014,12,3,4,130,-1.2553
2014,12,3,5,97,1.2116
2015,1,1,1,177,-3.5955
2015,1,1,2,75,-3.1405
2015,1,1,3,72,-6.3948
2015,1,1,4,91,-4.8473
2015,1,1,5,160,-6.3799
2015,1,2,1,177,-2.1088
2015,1,2,2,98,-4.4324
2015,1,2,3,104,-3.8722
2015,1,2,4,86,-5.7184
2015,1,2,5,98,-5.1436
2015,1,3,1,173,-0.9546
2015,1,3,2,178,-1.3839
2015,1,3,3,126,-1.9105
2015,1,3,4,140,-4.1221
2015,1,3,5,94,-3.9967
2015,2,1,1,157,3.4975
2015,2,1,2,79,4.1718
2015,2,1,3,71,4.7772
2015,2,1,4,105,4.6926
2015,2,1,5,157,9.8152
2015,2,2,1,155,7.2434
2015,2,2,2,98,6.4082
2015,2,2,3,95,6.3905
2015,2,2,4,111,8.1198
2015,2,2,5,98,9.7555
2015,2,3,1,165,4.9714
2015,2,3,2,187,5.5984
2015,2,3,3,130,5.3484
2015,2,3,4,126,5.4526
2015,2,3,5,91,6.8187
2015,3,1,1,125,0.4836
2015,3,1,2,93,-0.2949
2015,3,1,3,87,3.0115
2015,3,1,4,98,1.3960
2015,3,1,5,175,1.6189
2015,3,2,1,122,1.4491
2015,3,2,2,108,2.6125
2015,3,2,3,97,2.1300
2015,3,2,4,99,1.0251
2015,3,2,5,114,1.1696
2015,3,3,1,147,-0.7386
2015,3,3,2,173,-0.3276
2015,3,3,3,147,-1.8932
2015,3,3,4,123,-2.6233
2015,3,3,5,88,-2.3520
2015,4,1,1,116,1.8720
2015,4,1,2,90,-0.3352
2015,4,1,3,76,-5.6718
2015,4,1,4,100,-0.0566
2015,4,1,5,172,2.8252
2015,4,2,1,120,-2.1948
2015,4,2,2,117,-4.1738
2015,4,2,3,88,-2.5286
2015,4,2,4,98,-2.9537
2015,4,2,5,102,3.0321
2015,4,3,1,152,-0.1615
2015,4,3,2,165,-1.3176
2015,4,3,3,150,-1.4484
2015,4,3,4,126,3.2404
2015,4,3,5,92,1.7594
2015,5,1,1,117,0.9917
2015,5,1,2,87,0.3288
2015,5,1,3,64,1.8687
2015,5,1,4,92,-1.2672
2015,5,1,5,184,-1.7793
2015,5,2,1,133,2.1568
2015,5,2,2,101,0.6152
2015,5,2,3,92,0.8534
2015,5,2,4,88,1.7489
2015,5,2,5,91,1.1462
2015,5,3,1,157,1.3382
2015,5,3,2,168,1.9610
2015,5,3,3,142,0.9418
2015,5,3,4,124,0.6539
2015,5,3,5,89,0.6216
2015,6,1,1,124,1.8969
2015,6,1,2,83,2.1526
2015,6,1,3,78,2.6487
2015,6,1,4,62,-0.0744
2015,6,1,5,152,0.1420
2015,6,2,1,133,1.6542
2015,6,2,2,106,0.7618
2015,6,2,3,84,0.0515
2015,6,2,4,83,-0.1844
2015,6,2,5,86,-0.7049
2015,6,3,1,144,-0.6221
2015,6,3,2,161,-1.0129
2015,6,3,3,143,-1.9985
2015,6,3,4,118,-3.3470
2015,6,3,5,104,-3.1687
2015,7,1,1,122,-5.5284
2015,7,1,2,92,-5.3749
2015,7,1,3,79,-3.1915
2015,7,1,4,61,-7.4900
2015,7,1,5,149,-3.4208
2015,7,2,1,130,-0.3195
2015,7,2,2,102,-0.5804
2015,7,2,3,87,-1.2471
2015,7,2,4,80,-2.8872
2015,7,2,5,79,-1.3252
2015,7,3,1,144,2.0320
2015,7,3,2,157,2.9986
2015,7,3,3,145,4.7034
2015,7,3,4,119,0.9013
2015,7,3,5,105,0.3282
2015,8,1,1,128,-5.4596
2015,8,1,2,92,-2.3152
2015,8,1,3,81,-0.8431
2015,8,1,4,66,-3.6262
2015,8,1,5,159,-4.3532
2015,8,2,1,128,-7.5852
2015,8,2,2,94,-4.5085
2015,8,2,3,97,-4.1482
2015,8,2,4,73,-4.4149
2015,8,2,5,80,-4.7297
2015,8,3,1,165,-5.9220
2015,8,3,2,150,-5.0923
2015,8,3,3,146,-6.4450
2015,8,3,4,113,-6.0064
2015,8,3,5,101,-5.1252
2015,9,1,1,141,-7.1060
2015,9,1,2,92,-3.8613
2015,9,1,3,67,-3.9674
2015,9,1,4,81,-3.2662
2015,9,1,5,179,-3.7999
2015,9,2,1,126,-5.5260
2015,9,2,2,98,-3.9345
2015,9,2,3,88,-6.5018
2015,9,2,4,87,-5.5608
2015,9,2,5,82,-5.1737
2015,9,3,1,163,-3.4310
2015,9,3,2,149,-2.0963
2015,9,3,3,142,-2.6109
2015,9,3,4,113,-1.2415
2015,9,3,5,103,-2.3906
2015,10,1,1,126,6.1811
2015,10,1,2,95,5.6760
2015,10,1,3,63,5.8777
2015,10,1,4,72,8.1662
2015,10,1,5,168,8.9402
2015,10,2,1,123,6.3524
2015,10,2,2,105,5.6759
2015,10,2,3,87,5.1060
2015,10,2,4,97,6.8576
2015,10,2,5,85,7.8824
2015,10,3,1,169,9.4636
2015,10,3,2,150,8.3005
2015,10,3,3,144,7.2390
2015,10,3,4,116,6.6091
2015,10,3,5,103,9.0870
2015,11,1,1,117,0.7891
2015,11,1,2,85,0.8452
2015,11,1,3,66,2.5003
2015,11,1,4,79,2.9433
2015,11,1,5,170,5.1603
2015,11,2,1,125,3.8771
2015,11,2,2,111,2.2417
2015,11,2,3,71,2.4425
2015,11,2,4,97,2.4173
2015,11,2,5,93,0.3550
2015,11,3,1,142,0.7572
2015,11,3,2,165,0.2136
2015,11,3,3,143,-0.3529
2015,11,3,4,124,0.1186
2015,11,3,5,107,-0.3848
2015,12,1,1,119,-5.8696
2015,12,1,2,84,-3.8673
2015,12,1,3,71,-3.5518
2015,12,1,4,80,-3.8592
2015,12,1,5,163,-6.8666
2015,12,2,1,136,-4.5937
2015,12,2,2,106,-3.9845
2015,12,2,3,65,-6.6810
2015,12,2,4,100,-5.3952
2015,12,2,5,89,-6.0241
2015,12,3,1,134,-0.3088
2015,12,3,2,176,-1.0037
2015,12,3,3,144,-0.6703
2015,12,3,4,125,-3.3897
2015,12,3,5,101,-2.2563
2016,1,1,1,124,-7.8468
2016,1,1,2,72,-6.5816
2016,1,1,3,75,-4.7829
2016,1,1,4,87,-4.2923
2016,1,1,5,155,-11.0618
2016,1,2,1,133,-10.6561
2016,1,2,2,100,-6.2660
2016,1,2,3,75,-5.4738
2016,1,2,4,88,-5.9732
2016,1,2,5,93,-8.2401
2016,1,3,1,152,-5.8254
2016,1,3,2,171,-2.8370
2016,1,3,3,137,-2.0712
2016,1,3,4,125,-4.6782
2016,1,3,5,92,-6.6828
2016,2,1,1,119,2.0369
2016,2,1,2,64,-0.8015
2016,2,1,3,72,1.2791
2016,2,1,4,84,1.3295
2016,2,1,5,169,5.6794
2016,2,2,1,144,0.3418
2016,2,2,2,85,4.5787
2016,2,2,3,70,1.7051
2016,2,2,4,108,4.3680
2016,2,2,5,79,1.1972
2016,2,3,1,155,-2.3997
2016,2,3,2,159,-0.1214
2016,2,3,3,140,1.5122
2016,2,3,4,122,4.0589
2016,2,3,5,92,1.8346
2016,3,1,1,88,4.7812
2016,3,1,2,59,6.4817
2016,3,1,3,77,5.8140
2016,3,1,4,101,7.0740
2016,3,1,5,156,8.9573
2016,3,2,1,118,7.9811
2016,3,2,2,92,8.1300
2016,3,2,3,81,7.6300
2016,3,2,4,93,9.3179
2016,3,2,5,88,9.8992
2016,3,3,1,149,6.0728
2016,3,3,2,151,5.9730
2016,3,3,3,140,6.9826
2016,3,3,4,126,5.8091
2016,3,3,5,77,9.3614
2016,4,1,1,82,1.6350
2016,4,1,2,74,3.8914
2016,4,1,3,67,1.2598
2016,4,1,4,90,1.1729
2016,4,1,5,156,4.0391
2016,4,2,1,118,2.5646
2016,4,2,2,90,2.2811
2016,4,2,3,81,0.0467
2016,4,2,4,94,-0.1181
2016,4,2,5,95,1.3248
2016,4,3,1,138,1.7055
2016,4,3,2,149,-0.3522
2016,4,3,3,148,-1.5018
2016,4,3,4,119,1.8048
2016,4,3,5,77,-6.0919
2016,5,1,1,94,0.0927
2016,5,1,2,72,-2.5151
2016,5,1,3,80,-0.4110
2016,5,1,4,79,-0.7058
2016,5,1,5,157,-1.8024
2016,5,2,1,108,1.4841
2016,5,2,2,87,2.7290
2016,5,2,3,87,2.8195
2016,5,2,4,75,1.6837
2016,5,2,5,94,-2.6271
2016,5,3,1,131,2.5617
2016,5,3,2,153,2.4554
2016,5,3,3,142,0.7944
2016,5,3,4,120,1.1955
2016,5,3,5,86,2.2456
2016,6,1,1,98,0.5525
2016,6,1,2,72,1.1676
2016,6,1,3,72,3.5038
2016,6,1,4,52,-0.4687
2016,6,1,5,140,1.6466
2016,6,2,1,112,1.5451
2016,6,2,2,98,0.3828
2016,6,2,3,76,0.8065
2016,6,2,4,73,0.3719
2016,6,2,5,83,-0.7962
2016,6,3,1,136,0.6861
2016,6,3,2,154,0.4517
2016,6,3,3,144,1.6790
2016,6,3,4,125,2.2926
2016,6,3,5,84,-1.5220
2016,7,1,1,108,7.4454
2016,7,1,2,68,4.9431
2016,7,1,3,68,4.1737
2016,7,1,4,51,6.8329
2016,7,1,5,142,6.6514
2016,7,2,1,117,5.8173
2016,7,2,2,93,4.1634
2016,7,2,3,73,5.5142
2016,7,2,4,82,4.0597
2016,7,2,5,74,6.4429
2016,7,3,1,132,3.2001
2016,7,3,2,149,4.5355
2016,7,3,3,150,3.6510
2016,7,3,4,114,3.6499
2016,7,3,5,84,4.1133
2016,8,1,1,119,0.9103
2016,8,1,2,63,2.6407
2016,8,1,3,70,3.2779
2016,8,1,4,59,3.3045
2016,8,1,5,141,3.2273
2016,8,2,1,117,-0.8179
2016,8,2,2,89,0.1311
2016,8,2,3,75,0.6498
2016,8,2,4,92,1.3648
2016,8,2,5,74,1.2469
2016,8,3,1,140,-0.8836
2016,8,3,2,153,-0.7665
2016,8,3,3,138,-1.1092
2016,8,3,4,109,0.5974
2016,8,3,5,88,0.3848
2016,9,1,1,117,2.2224
2016,9,1,2,67,1.8954
2016,9,1,3,96,1.5534
2016,9,1,4,82,-0.2309
2016,9,1,5,160,4.1045
2016,9,2,1,120,2.0975
2016,9,2,2,78,-0.2673
2016,9,2,3,81,-0.4344
2016,9,2,4,84,-1.5025
2016,9,2,5,92,1.9470
2016,9,3,1,140,1.1389
2016,9,3,2,152,0.7030
2016,9,3,3,133,-0.1281
2016,9,3,4,113,-0.9932
2016,9,3,5,87,0.7046
2016,10,1,1,115,-3.5080
2016,10,1,2,72,-4.4741
2016,10,1,3,100,-4.8001
2016,10,1,4,84,-3.0805
2016,10,1,5,165,-4.7222
2016,10,2,1,113,-6.1502
2016,10,2,2,81,-2.9642
2016,10,2,3,70,-3.7157
2016,10,2,4,84,-2.6257
2016,10,2,5,88,-5.2381
2016,10,3,1,141,-2.9023
2016,10,3,2,145,-1.5624
2016,10,3,3,135,-1.7739
2016,10,3,4,115,-3.1695
2016,10,3,5,89,-0.9347
2016,11,1,1,116,8.1103
2016,11,1,2,87,9.2874
2016,11,1,3,81,12.5667
2016,11,1,4,85,14.2191
2016,11,1,5,170,12.4845
2016,11,2,1,105,9.2335
2016,11,2,2,89,11.6069
2016,11,2,3,77,11.1955
2016,11,2,4,76,14.6815
2016,11,2,5,87,10.5690
2016,11,3,1,144,0.7920
2016,11,3,2,152,0.1968
2016,11,3,3,143,3.1280
2016,11,3,4,108,5.0502
2016,11,3,5,94,4.5058
2016,12,1,1,149,3.7726
2016,12,1,2,76,4.0404
2016,12,1,3,60,6.3429
2016,12,1,4,89,5.7046
2016,12,1,5,164,3.4992
2016,12,2,1,123,1.5343
2016,12,2,2,100,1.3610
2016,12,2,3,75,2.3589
2016,12,2,4,76,3.5204
2016,12,2,5,75,3.5454
2016,12,3,1,142,0.8573
2016,12,3,2,161,1.5906
2016,12,3,3,139,1.5239
2016,12,3,4,111,2.4035
2016,12,3,5,101,2.1429
2017,1,1,1,152,-1.0494
2017,1,1,2,89,-5.3718
2017,1,1,3,53,-1.4540
2017,1,1,4,94,-2.6708
2017,1,1,5,151,-2.3100
2017,1,2,1,119,1.0389
2017,1,2,2,100,0.0536
2017,1,2,3,83,-0.2708
2017,1,2,4,66,0.3126
2017,1,2,5,75,0.4890
2017,1,3,1,126,1.9888
2017,1,3,2,168,3.5314
2017,1,3,3,129,2.3499
2017,1,3,4,122,1.0152
2017,1,3,5,102,2.2386
2017,2,1,1,146,0.3647
2017,2,1,2,88,-0.8655
2017,2,1,3,61,1.7894
2017,2,1,4,96,-1.1073
2017,2,1,5,157,1.1786
2017,2,2,1,112,1.1095
2017,2,2,2,97,1.4266
2017,2,2,3,70,0.9153
2017,2,2,4,82,-0.3219
2017,2,2,5,78,1.2666
2017,2,3,1,120,2.2172
2017,2,3,2,186,3.4727
2017,2,3,3,131,3.6127
2017,2,3,4,108,4.3362
2017,2,3,5,95,5.6561
2017,3,1,1,123,1.8996
2017,3,1,2,86,0.1427
2017,3,1,3,65,4.1431
2017,3,1,4,88,0.9510
2017,3,1,5,184,0.2142
2017,3,2,1,112,0.8866
2017,3,2,2,82,1.7404
2017,3,2,3,65,0.1892
2017,3,2,4,70,2.9602
2017,3,2,5,86,1.9615
2017,3,3,1,129,1.3655
2017,3,3,2,155,0.9064
2017,3,3,3,152,0.9242
2017,3,3,4,116,-0.0113
2017,3,3,5,72,0.5351
2017,4,1,1,99,1.5815
2017,4,1,2,78,2.9276
2017,4,1,3,59,3.0180
2017,4,1,4,69,4.1989
2017,4,1,5,184,0.6005
2017,4,2,1,117,2.0530
2017,4,2,2,74,1.9813
2017,4,2,3,74,2.4685
2017,4,2,4,66,0.5347
2017,4,2,5,86,0.5544
2017,4,3,1,131,1.6277
2017,4,3,2,155,1.4113
2017,4,3,3,144,2.9904
2017,4,3,4,124,0.9294
2017,4,3,5,77,-0.5575
2017,5,1,1,110,-2.0192
2017,5,1,2,75,-2.0029
2017,5,1,3,45,0.8435
2017,5,1,4,75,-0.5557
2017,5,1,5,170,-4.6216
2017,5,2,1,115,0.2190
2017,5,2,2,94,-0.5932
2017,5,2,3,71,-3.0193
2017,5,2,4,52,0.7038
2017,5,2,5,81,-4.6186
2017,5,3,1,135,2.7095
2017,5,3,2,159,3.1211
2017,5,3,3,139,1.7509
2017,5,3,4,121,0.1716
2017,5,3,5,84,2.1926
2017,6,1,1,126,2.6315
2017,6,1,2,83,3.4938
2017,6,1,3,54,3.5698
2017,6,1,4,64,4.3844
2017,6,1,5,133,4.0832
2017,6,2,1,107,2.6114
2017,6,2,2,85,1.8562
2017,6,2,3,70,0.9573
2017,6,2,4,67,3.5675
2017,6,2,5,81,2.3049
2017,6,3,1,129,-0.6835
2017,6,3,2,164,-1.4999
2017,6,3,3,147,0.6534
2017,6,3,4,126,-0.5621
2017,6,3,5,95,0.5337
2017,7,1,1,127,-1.6233
2017,7,1,2,85,0.2578
2017,7,1,3,58,-0.6438
2017,7,1,4,65,0.1879
2017,7,1,5,121,1.1476
2017,7,2,1,108,0.3108
2017,7,2,2,78,1.7066
2017,7,2,3,72,0.0191
2017,7,2,4,80,1.4226
2017,7,2,5,75,2.2018
2017,7,3,1,132,3.0282
2017,7,3,2,166,1.9135
2017,7,3,3,136,0.4949
2017,7,3,4,112,2.7839
2017,7,3,5,108,3.6339
2017,8,1,1,143,-2.5423
2017,8,1,2,69,-0.2052
2017,8,1,3,61,-3.6253
2017,8,1,4,64,-2.8677
2017,8,1,5,130,-3.2170
2017,8,2,1,107,0.1514
2017,8,2,2,69,-1.0358
2017,8,2,3,78,-3.2046
2017,8,2,4,75,-2.3503
2017,8,2,5,79,-2.8842
2017,8,3,1,151,-0.0698
2017,8,3,2,143,0.2470
2017,8,3,3,142,0.5535
2017,8,3,4,117,2.3107
2017,8,3,5,101,-0.6959
2017,9,1,1,144,7.1077
2017,9,1,2,62,7.3820
2017,9,1,3,56,9.5571
2017,9,1,4,80,10.0879
2017,9,1,5,142,8.4195
2017,9,2,1,107,5.2553
2017,9,2,2,72,8.0324
2017,9,2,3,74,8.2551
2017,9,2,4,84,7.0115
2017,9,2,5,92,8.8042
2017,9,3,1,155,1.1083
2017,9,3,2,157,0.2540
2017,9,3,3,146,1.3511
2017,9,3,4,104,3.2793
2017,9,3,5,84,5.6697
2017,10,1,1,141,0.5849
2017,10,1,2,70,0.4732
2017,10,1,3,67,0.2827
2017,10,1,4,76,1.9720
2017,10,1,5,136,1.0982
2017,10,2,1,105,-0.1867
2017,10,2,2,79,0.7163
2017,10,2,3,65,1.9290
2017,10,2,4,87,0.1144
2017,10,2,5,86,1.7335
2017,10,3,1,151,3.9159
2017,10,3,2,147,1.2528
2017,10,3,3,143,3.5509
2017,10,3,4,111,1.5663
2017,10,3,5,90,0.6150
2017,11,1,1,145,4.3584
2017,11,1,2,73,6.4153
2017,11,1,3,61,2.4883
2017,11,1,4,82,3.3403
2017,11,1,5,125,2.0754
2017,11,2,1,97,1.6277
2017,11,2,2,79,3.2749
2017,11,2,3,66,2.7253
2017,11,2,4,86,4.6063
2017,11,2,5,94,6.2664
2017,11,3,1,149,2.0351
2017,11,3,2,163,1.4199
2017,11,3,3,139,6.0687
2017,11,3,4,108,4.5676
2017,11,3,5,86,3.4990
2017,12,1,1,140,0.2637
2017,12,1,2,74,-0.8626
2017,12,1,3,68,-1.1636
2017,12,1,4,82,-1.9943
2017,12,1,5,134,1.0811
2017,12,2,1,108,0.8451
2017,12,2,2,85,1.3799
2017,12,2,3,75,-0.3827
2017,12,2,4,78,2.4937
2017,12,2,5,96,1.6143
2017,12,3,1,131,-0.3507
2017,12,3,2,149,0.5853
2017,12,3,3,140,1.4896
2017,12,3,4,127,2.6759
2017,12,3,5,102,0.3439
2018,1,1,1,148,-0.0102
2018,1,1,2,75,1.3374
2018,1,1,3,63,3.6001
2018,1,1,4,80,1.1725
2018,1,1,5,143,-0.8201
2018,1,2,1,114,2.1900
2018,1,2,2,79,0.7776
2018,1,2,3,75,1.0612
2018,1,2,4,76,2.5697
2018,1,2,5,89,2.0588
2018,1,3,1,132,10.8825
2018,1,3,2,157,6.4934
2018,1,3,3,135,4.5380
2018,1,3,4,124,3.3596
2018,1,3,5,101,4.2153
2018,2,1,1,126,-4.6185
2018,2,1,2,82,-4.8059
2018,2,1,3,67,-4.7936
2018,2,1,4,86,-7.1327
2018,2,1,5,137,-3.3406
2018,2,2,1,95,-4.7421
2018,2,2,2,79,-4.3602
2018,2,2,3,93,-4.2510
2018,2,2,4,79,-4.9137
2018,2,2,5,79,-6.8859
2018,2,3,1,130,-2.6424
2018,2,3,2,151,-4.9987
2018,2,3,3,121,-2.6834
2018,2,3,4,106,-3.9060
2018,2,3,5,100,-4.9459
2018,3,1,1,114,3.7929
2018,3,1,2,97,2.7535
2018,3,1,3,88,3.0259
2018,3,1,4,79,6.7141
2018,3,1,5,86,1.9651
2018,3,2,1,96,1.7511
2018,3,2,2,71,-0.4532
2018,3,2,3,78,0.3986
2018,3,2,4,75,0.3516
2018,3,2,5,73,1.1612
2018,3,3,1,114,-2.5816
2018,3,3,2,147,-2.3778
2018,3,3,3,101,-2.8600
2018,3,3,4,81,-0.0182
2018,3,3,5,88,-1.5902
2018,4,1,1,93,2.5949
2018,4,1,2,88,2.7350
2018,4,1,3,95,0.1551
2018,4,1,4,77,0.1105
2018,4,1,5,118,-0.4552
2018,4,2,1,101,0.5990
2018,4,2,2,72,-1.1174
2018,4,2,3,75,0.7054
2018,4,2,4,66,1.0430
2018,4,2,5,69,0.3428
2018,4,3,1,120,1.3147
2018,4,3,2,142,1.1829
2018,4,3,3,95,-0.0247
2018,4,3,4,88,1.1208
2018,4,3,5,73,-0.5963
2018,5,1,1,103,9.0329
2018,5,1,2,83,7.7355
2018,5,1,3,59,9.4916
2018,5,1,4,84,4.6339
2018,5,1,5,134,6.0938
2018,5,2,1,107,7.4498
2018,5,2,2,70,6.4901
2018,5,2,3,71,4.5763
2018,5,2,4,71,3.7507
2018,5,2,5,80,3.1030
2018,5,3,1,136,4.0397
2018,5,3,2,157,3.4987
2018,5,3,3,129,3.2096
2018,5,3,4,97,4.2271
2018,5,3,5,71,0.0662
2018,6,1,1,122,3.7540
2018,6,1,2,75,1.0234
2018,6,1,3,52,3.1934
2018,6,1,4,76,1.5065
2018,6,1,5,129,1.7852
2018,6,2,1,107,3.6646
2018,6,2,2,88,3.0463
2018,6,2,3,71,0.6180
2018,6,2,4,72,1.0893
2018,6,2,5,82,1.9870
2018,6,3,1,142,2.2055
2018,6,3,2,151,0.6884
2018,6,3,3,150,1.4218
2018,6,3,4,111,-0.3158
2018,6,3,5,78,0.0446
2018,7,1,1,129,1.3963
2018,7,1,2,72,1.6156
2018,7,1,3,47,1.1708
2018,7,1,4,71,2.5310
2018,7,1,5,125,2.0089
2018,7,2,1,96,3.3002
2018,7,2,2,91,2.7783
2018,7,2,3,76,3.9773
2018,7,2,4,75,3.2999
2018,7,2,5,83,0.5852
2018,7,3,1,148,2.5074
2018,7,3,2,151,4.4142
2018,7,3,3,144,3.1783
2018,7,3,4,117,3.6259
2018,7,3,5,79,2.2437
2018,8,1,1,135,4.6999
2018,8,1,2,64,2.7673
2018,8,1,3,54,3.2791
2018,8,1,4,71,3.9009
2018,8,1,5,125,3.8748
2018,8,2,1,97,8.1679
2018,8,2,2,87,2.1728
2018,8,2,3,89,3.8062
2018,8,2,4,77,1.5680
2018,8,2,5,79,3.8245
2018,8,3,1,157,6.3250
2018,8,3,2,146,2.8180
2018,8,3,3,141,4.9205
2018,8,3,4,107,1.7618
2018,8,3,5,85,-0.1577
2018,9,1,1,127,-2.4741
2018,9,1,2,63,-0.9787
2018,9,1,3,65,-2.8962
2018,9,1,4,82,-4.4048
2018,9,1,5,137,-4.8406
2018,9,2,1,117,-1.6238
2018,9,2,2,78,-1.1713
2018,9,2,3,74,-1.1209
2018,9,2,4,96,-1.8825
2018,9,2,5,83,-4.1179
2018,9,3,1,175,0.3065
2018,9,3,2,153,0.7002
2018,9,3,3,124,1.2317
2018,9,3,4,107,1.8739
2018,9,3,5,92,0.0128
2018,10,1,1,112,-10.2341
2018,10,1,2,70,-10.8651
2018,10,1,3,58,-6.9911
2018,10,1,4,90,-10.3730
2018,10,1,5,138,-8.4552
2018,10,2,1,121,-10.1525
2018,10,2,2,78,-8.4246
2018,10,2,3,69,-10.2373
2018,10,2,4,96,-11.3147
2018,10,2,5,86,-9.9505
2018,10,3,1,172,-13.0987
2018,10,3,2,151,-4.9208
2018,10,3,3,134,-8.4328
2018,10,3,4,110,-6.0741
2018,10,3,5,83,-6.1139
2018,11,1,1,115,-3.4352
2018,11,1,2,73,-0.6635
2018,11,1,3,60,0.2620
2018,11,1,4,91,0.9740
2018,11,1,5,121,0.2748
2018,11,2,1,116,-0.8230
2018,11,2,2,77,3.1165
2018,11,2,3,73,3.8781
2018,11,2,4,91,0.4428
2018,11,2,5,84,1.0791
2018,11,3,1,164,2.6097
2018,11,3,2,171,-0.6669
2018,11,3,3,142,2.9729
2018,11,3,4,108,3.6099
2018,11,3,5,81,3.5403
2018,12,1,1,110,-11.3767
2018,12,1,2,83,-7.9953
2018,12,1,3,54,-10.4045
2018,12,1,4,97,-9.9078
2018,12,1,5,129,-12.4812
2018,12,2,1,116,-10.5850
2018,12,2,2,82,-11.4351
2018,12,2,3,79,-11.5151
2018,12,2,4,76,-11.2106
2018,12,2,5,89,-15.1781
2018,12,3,1,167,-8.5418
2018,12,3,2,165,-8.0330
2018,12,3,3,148,-8.3668
2018,12,3,4,120,-9.6243
2018,12,3,5,82,-9.2357
2019,1,1,1,107,11.2465
2019,1,1,2,79,8.2343
2019,1,1,3,59,15.0748
2019,1,1,4,84,10.0133
2019,1,1,5,130,17.0727
2019,1,2,1,111,10.9007
2019,1,2,2,82,10.1657
2019,1,2,3,80,9.7064
2019,1,2,4,82,12.7096
2019,1,2,5,91,16.2617
2019,1,3,1,170,9.5996
2019,1,3,2,175,6.6466
2019,1,3,3,143,7.7876
2019,1,3,4,120,8.3533
2019,1,3,5,75,6.8714
2019,2,1,1,107,5.3946
2019,2,1,2,82,4.8926
2019,2,1,3,57,5.7840
2019,2,1,4,77,6.1964
2019,2,1,5,138,4.9269
2019,2,2,1,109,4.5769
2019,2,2,2,78,5.3080
2019,2,2,3,88,6.0281
2019,2,2,4,85,3.8872
2019,2,2,5,91,4.0117
2019,2,3,1,164,2.9922
2019,2,3,2,174,4.6928
2019,2,3,3,150,3.2137
2019,2,3,4,111,4.0479
2019,2,3,5,72,0.8287
2019,3,1,1,94,-1.9459
2019,3,1,2,69,-3.4413
2019,3,1,3,60,-1.7657
2019,3,1,4,83,-3.8672
2019,3,1,5,145,-1.4010
2019,3,2,1,101,-1.1693
2019,3,2,2,77,-1.7452
2019,3,2,3,93,-2.6825
2019,3,2,4,78,-4.0457
2019,3,2,5,91,-2.3046
2019,3,3,1,177,3.3918
2019,3,3,2,156,3.0855
2019,3,3,3,128,1.3262
2019,3,3,4,121,2.6828
2019,3,3,5,68,1.3309
2019,4,1,1,94,3.3906
2019,4,1,2,61,2.4404
2019,4,1,3,58,-1.7065
2019,4,1,4,76,4.8928
2019,4,1,5,135,2.6868
2019,4,2,1,95,2.5033
2019,4,2,2,69,4.7501
2019,4,2,3,94,2.8618
2019,4,2,4,75,5.7097
2019,4,2,5,94,5.2979
2019,4,3,1,182,4.5991
2019,4,3,2,159,3.3726
2019,4,3,3,133,4.7119
2019,4,3,4,117,2.9622
2019,4,3,5,64,2.6810
2019,5,1,1,91,-5.0679
2019,5,1,2,54,-8.8663
2019,5,1,3,64,-8.6414
2019,5,1,4,71,-11.6642
2019,5,1,5,139,-14.2402
2019,5,2,1,100,-9.0011
2019,5,2,2,72,-7.9113
2019,5,2,3,91,-9.5846
2019,5,2,4,62,-9.0477
2019,5,2,5,96,-15.9034
2019,5,3,1,175,-7.0134
2019,5,3,2,153,-5.6062
2019,5,3,3,140,-7.0094
2019,5,3,4,120,-6.8179
2019,5,3,5,66,-11.1469
2019,6,1,1,100,8.8012
2019,6,1,2,52,6.4801
2019,6,1,3,49,8.2707
2019,6,1,4,56,7.6505
2019,6,1,5,119,7.8117
2019,6,2,1,105,7.2581
2019,6,2,2,71,10.8502
2019,6,2,3,74,9.1311
2019,6,2,4,80,9.3606
2019,6,2,5,74,7.3705
2019,6,3,1,169,7.8570
2019,6,3,2,157,6.3064
2019,6,3,3,128,7.8333
2019,6,3,4,105,7.2481
2019,6,3,5,88,7.5498
2019,7,1,1,105,0.1401
2019,7,1,2,58,1.3252
2019,7,1,3,49,1.9080
2019,7,1,4,53,0.6616
2019,7,1,5,118,0.6894
2019,7,2,1,113,2.0841
2019,7,2,2,72,-0.2535
2019,7,2,3,72,-0.0279
2019,7,2,4,79,-0.3224
2019,7,2,5,76,-0.8683
2019,7,3,1,169,-0.3577
2019,7,3,2,150,2.9574
2019,7,3,3,143,1.5250
2019,7,3,4,105,1.6823
2019,7,3,5,81,-0.8966
2019,8,1,1,113,-4.6066
2019,8,1,2,61,-7.3276
2019,8,1,3,53,-5.7082
2019,8,1,4,43,-7.6718
2019,8,1,5,127,-7.8283
2019,8,2,1,112,-5.4583
2019,8,2,2,74,-6.2794
2019,8,2,3,84,-4.1895
2019,8,2,4,81,-5.0719
2019,8,2,5,70,-11.5371
2019,8,3,1,178,-1.7227
2019,8,3,2,150,-1.0067
2019,8,3,3,131,-0.1726
2019,8,3,4,96,-1.5156
2019,8,3,5,85,-3.9059
2019,9,1,1,123,1.3226
2019,9,1,2,49,3.4856
2019,9,1,3,66,3.0834
2019,9,1,4,60,4.9150
2019,9,1,5,134,7.1238
2019,9,2,1,108,0.8595
2019,9,2,2,73,3.8947
2019,9,2,3,89,6.1709
2019,9,2,4,91,6.5401
2019,9,2,5,90,6.4287
2019,9,3,1,205,-2.0868
2019,9,3,2,161,2.9326
2019,9,3,3,121,2.3405
2019,9,3,4,93,3.7817
2019,9,3,5,64,3.9022
2019,10,1,1,129,0.0181
2019,10,1,2,46,3.0867
2019,10,1,3,59,2.2308
2019,10,1,4,64,0.2588
2019,10,1,5,135,-2.9859
2019,10,2,1,117,0.5724
2019,10,2,2,73,1.7724
2019,10,2,3,79,2.2770
2019,10,2,4,90,3.1325
2019,10,2,5,86,0.3380
2019,10,3,1,191,2.2091
2019,10,3,2,155,1.7128
2019,10,3,3,128,2.0746
2019,10,3,4,102,2.7191
2019,10,3,5,66,3.2918
2019,11,1,1,125,2.3879
2019,11,1,2,44,2.8278
2019,11,1,3,49,3.2159
2019,11,1,4,78,3.5851
2019,11,1,5,132,2.7167
2019,11,2,1,110,2.3703
2019,11,2,2,77,1.3270
2019,11,2,3,73,3.8035
2019,11,2,4,86,4.3067
2019,11,2,5,85,3.1215
2019,11,3,1,181,5.1280
2019,11,3,2,166,2.2528
2019,11,3,3,137,3.1959
2019,11,3,4,105,3.3298
2019,11,3,5,65,3.0884
2019,12,1,1,112,1.2388
2019,12,1,2,62,3.0973
2019,12,1,3,46,4.7592
2019,12,1,4,67,2.5250
2019,12,1,5,132,8.2283
2019,12,2,1,101,4.0885
2019,12,2,2,95,2.8919
2019,12,2,3,71,3.2021
2019,12,2,4,83,2.8201
2019,12,2,5,93,5.4701
2019,12,3,1,177,1.8627
2019,12,3,2,152,3.1525
2019,12,3,3,144,3.9982
2019,12,3,4,107,2.3004
2019,12,3,5,80,3.2727
2020,1,1,1,117,-1.4781
2020,1,1,2,58,-1.9206
2020,1,1,3,53,-7.0696
2020,1,1,4,64,-6.6177
2020,1,1,5,132,-8.8638
2020,1,2,1,105,-2.1346
2020,1,2,2,81,-4.9331
2020,1,2,3,75,-4.8366
2020,1,2,4,79,-5.4592
2020,1,2,5,91,-8.8001
2020,1,3,1,179,3.3285
2020,1,3,2,155,2.1107
2020,1,3,3,137,-1.7761
2020,1,3,4,101,-2.0222
2020,1,3,5,80,-3.1624
2020,2,1,1,118,-2.8207
2020,2,1,2,42,-10.5879
2020,2,1,3,57,-9.7363
2020,2,1,4,68,-8.8197
2020,2,1,5,135,-10.6451
2020,2,2,1,105,-9.7143
2020,2,2,2,74,-8.4264
2020,2,2,3,78,-10.9372
2020,2,2,4,81,-10.3814
2020,2,2,5,92,-11.6247
2020,2,3,1,177,-5.5018
2020,2,3,2,161,-7.0495
2020,2,3,3,144,-7.5910
2020,2,3,4,104,-10.5724
2020,2,3,5,66,-9.8906
2020,3,1,1,109,-16.3312
2020,3,1,2,37,-17.9222
2020,3,1,3,57,-17.2321
2020,3,1,4,80,-21.6000
2020,3,1,5,129,-32.7342
2020,3,2,1,86,-18.6989
2020,3,2,2,80,-18.5093
2020,3,2,3,55,-19.9723
2020,3,2,4,95,-23.0053
2020,3,2,5,80,-32.4394
2020,3,3,1,175,-8.4878
2020,3,3,2,158,-10.3511
2020,3,3,3,129,-10.0534
2020,3,3,4,103,-11.4744
2020,3,3,5,71,-13.8775
2020,4,1,1,72,12.6720
2020,4,1,2,39,15.0838
2020,4,1,3,43,14.1495
2020,4,1,4,75,16.6107
2020,4,1,5,130,31.3709
2020,4,2,1,87,14.4074
2020,4,2,2,75,10.9552
2020,4,2,3,65,16.8394
2020,4,2,4,89,17.8126
2020,4,2,5,83,25.5462
2020,4,3,1,187,18.1241
2020,4,3,2,165,10.6786
2020,4,3,3,141,13.7492
2020,4,3,4,111,13.4558
2020,4,3,5,56,10.2302
2020,5,1,1,70,5.3591
2020,5,1,2,43,4.9686
2020,5,1,3,42,7.3094
2020,5,1,4,81,6.1656
2020,5,1,5,131,3.0472
2020,5,2,1,89,9.6143
2020,5,2,2,71,5.7105
2020,5,2,3,68,6.5115
2020,5,2,4,66,5.3909
2020,5,2,5,87,9.6632
2020,5,3,1,170,6.3930
2020,5,3,2,165,6.1256
2020,5,3,3,128,4.0629
2020,5,3,4,96,4.7216
2020,5,3,5,57,2.0021
2020,6,1,1,69,7.1051
2020,6,1,2,43,4.5233
2020,6,1,3,48,8.6973
2020,6,1,4,51,2.3033
2020,6,1,5,117,6.7584
2020,6,2,1,63,4.0048
2020,6,2,2,61,4.8793
2020,6,2,3,59,1.2208
2020,6,2,4,57,4.2752
2020,6,2,5,82,2.7838
2020,6,3,1,166,5.3747
2020,6,3,2,162,4.8694
2020,6,3,3,104,-0.9545
2020,6,3,4,92,-1.3150
2020,6,3,5,44,0.3684
2020,7,1,1,74,3.7493
2020,7,1,2,44,-1.1088
2020,7,1,3,45,1.8718
2020,7,1,4,45,0.7368
2020,7,1,5,95,3.3603
2020,7,2,1,59,8.3506
2020,7,2,2,65,3.9203
2020,7,2,3,59,4.5304
2020,7,2,4,58,4.1478
2020,7,2,5,69,4.2172
2020,7,3,1,156,11.0411
2020,7,3,2,145,7.2252
2020,7,3,3,114,6.5891
2020,7,3,4,91,0.9344
2020,7,3,5,49,0.9600
2020,8,1,1,75,8.4407
2020,8,1,2,30,5.6827
2020,8,1,3,47,5.6596
2020,8,1,4,47,3.0942
2020,8,1,5,104,2.8990
2020,8,2,1,62,4.0889
2020,8,2,2,49,3.4519
2020,8,2,3,63,5.4403
2020,8,2,4,65,3.8526
2020,8,2,5,64,5.2372
2020,8,3,1,162,12.1933
2020,8,3,2,144,9.8140
2020,8,3,3,113,3.4965
2020,8,3,4,83,3.5506
2020,8,3,5,49,4.2090
2020,9,1,1,55,-1.5467
2020,9,1,2,28,-2.5621
2020,9,1,3,34,-7.8607
2020,9,1,4,43,-5.7922
2020,9,1,5,115,-2.1483
2020,9,2,1,65,-0.4207
2020,9,2,2,44,-3.5479
2020,9,2,3,54,-4.0014
2020,9,2,4,59,-3.6367
2020,9,2,5,76,-3.2794
2020,9,3,1,162,-5.8421
2020,9,3,2,125,-4.3866
2020,9,3,3,109,-1.9562
2020,9,3,4,94,-0.7522
2020,9,3,5,59,-1.7092
2020,10,1,1,62,1.7326
2020,10,1,2,23,-0.9110
2020,10,1,3,36,1.4725
2020,10,1,4,57,2.7492
2020,10,1,5,114,1.0385
2020,10,2,1,62,-0.5837
2020,10,2,2,47,3.2269
2020,10,2,3,51,2.3003
2020,10,2,4,62,3.0027
2020,10,2,5,82,-0.4115
2020,10,3,1,164,-4.0999
2020,10,3,2,132,-0.4248
2020,10,3,3,111,-3.1285
2020,10,3,4,94,-2.2580
2020,10,3,5,54,-5.5019
2020,11,1,1,68,18.1727
2020,11,1,2,43,19.9379
2020,11,1,3,27,13.9935
2020,11,1,4,65,16.7588
2020,11,1,5,110,18.3864
2020,11,2,1,76,18.7808
2020,11,2,2,59,18.1679
2020,11,2,3,59,16.3191
2020,11,2,4,58,13.8751
2020,11,2,5,81,15.7918
2020,11,3,1,182,11.5570
2020,11,3,2,145,8.7539
2020,11,3,3,104,7.3022
2020,11,3,4,110,9.6523
2020,11,3,5,62,13.6480
2020,12,1,1,82,4.9372
2020,12,1,2,55,8.6146
2020,12,1,3,47,8.1214
2020,12,1,4,76,5.2305
2020,12,1,5,134,7.7622
2020,12,2,1,92,11.6536
2020,12,2,2,74,5.1906
2020,12,2,3,61,7.5953
2020,12,2,4,80,6.7878
2020,12,2,5,79,5.6572
2020,12,3,1,188,6.3452
2020,12,3,2,146,3.4478
2020,12,3,3,114,1.1430
2020,12,3,4,105,1.0070
2020,12,3,5,61,1.2660
2021,1,1,1,89,9.6246
2021,1,1,2,53,7.2761
2021,1,1,3,50,4.5196
2021,1,1,4,82,7.2389
2021,1,1,5,146,12.3690
2021,1,2,1,86,2.8274
2021,1,2,2,77,3.9327
2021,1,2,3,66,1.0416
2021,1,2,4,77,5.6646
2021,1,2,5,78,9.5573
2021,1,3,1,198,-0.1907
2021,1,3,2,135,0.1801
2021,1,3,3,119,-1.9829
2021,1,3,4,99,0.3344
2021,1,3,5,58,3.0220
2021,2,1,1,89,8.4846
2021,2,1,2,49,7.4570
2021,2,1,3,62,8.0479
2021,2,1,4,74,8.9410
2021,2,1,5,135,9.9640
2021,2,2,1,96,7.2008
2021,2,2,2,68,8.2276
2021,2,2,3,79,6.5129
2021,2,2,4,77,6.5129
2021,2,2,5,75,11.7002
2021,2,3,1,198,-0.3607
2021,2,3,2,136,3.0497
2021,2,3,3,122,-2.1399
2021,2,3,4,94,0.7422
2021,2,3,5,63,6.6146
2021,3,1,1,82,2.5877
2021,3,1,2,43,4.9418
2021,3,1,3,58,5.1555
2021,3,1,4,89,6.8176
2021,3,1,5,135,5.6685
2021,3,2,1,101,0.8526
2021,3,2,2,69,1.2445
2021,3,2,3,76,3.3886
2021,3,2,4,80,6.7693
2021,3,2,5,77,7.5346
2021,3,3,1,187,-0.8021
2021,3,3,2,143,3.9095
2021,3,3,3,131,4.3685
2021,3,3,4,106,8.2001
2021,3,3,5,69,6.9582
2021,4,1,1,76,-0.0168
2021,4,1,2,35,-0.0301
2021,4,1,3,56,0.7572
2021,4,1,4,69,3.1244
2021,4,1,5,150,0.3832
2021,4,2,1,100,1.6372
2021,4,2,2,73,4.0972
2021,4,2,3,75,1.7697
2021,4,2,4,81,2.7128
2021,4,2,5,70,2.6535
2021,4,3,1,181,6.3936
2021,4,3,2,137,4.8818
2021,4,3,3,143,4.9197
2021,4,3,4,109,4.8075
2021,4,3,5,71,5.1754
2021,5,1,1,79,1.2451
2021,5,1,2,49,5.7021
2021,5,1,3,51,3.0147
2021,5,1,4,68,2.2596
2021,5,1,5,143,5.1777
2021,5,2,1,105,0.5492
2021,5,2,2,79,2.2796
2021,5,2,3,76,3.3638
2021,5,2,4,71,2.1037
2021,5,2,5,70,5.3525
2021,5,3,1,187,-2.6289
2021,5,3,2,145,0.8867
2021,5,3,3,130,0.0733
2021,5,3,4,110,1.9036
2021,5,3,5,68,3.3566
2021,6,1,1,82,3.3601
2021,6,1,2,60,1.3374
2021,6,1,3,60,-0.2084
2021,6,1,4,74,0.0134
2021,6,1,5,132,1.6198
2021,6,2,1,118,2.3192
2021,6,2,2,68,2.3211
2021,6,2,3,72,1.2026
2021,6,2,4,58,-2.0968
2021,6,2,5,79,0.8682
2021,6,3,1,187,6.4606
2021,6,3,2,139,3.3772
2021,6,3,3,140,3.5093
2021,6,3,4,101,-1.1593
2021,6,3,5,71,-1.0073
2021,7,1,1,92,-0.8671
2021,7,1,2,66,-3.8525
2021,7,1,3,58,-1.2443
2021,7,1,4,74,-3.7968
2021,7,1,5,130,-2.1691
2021,7,2,1,129,-1.7286
2021,7,2,2,65,0.7399
2021,7,2,3,71,-1.3696
2021,7,2,4,61,-1.3186
2021,7,2,5,83,-0.2584
2021,7,3,1,184,1.1078
2021,7,3,2,149,3.1605
2021,7,3,3,134,4.0467
2021,7,3,4,103,2.0132
2021,7,3,5,60,-1.4991
2021,8,1,1,87,-1.2500
2021,8,1,2,63,3.4421
2021,8,1,3,65,1.0797
2021,8,1,4,76,1.9341
2021,8,1,5,132,2.3394
2021,8,2,1,113,0.8857
2021,8,2,2,70,1.3705
2021,8,2,3,78,1.8368
2021,8,2,4,56,0.9769
2021,8,2,5,82,2.5140
2021,8,3,1,207,4.2239
2021,8,3,2,135,3.6689
2021,8,3,3,130,2.5108
2021,8,3,4,105,2.0982
2021,8,3,5,69,-0.3242
2021,9,1,1,89,-3.6543
2021,9,1,2,53,-4.0618
2021,9,1,3,70,-4.9976
2021,9,1,4,103,-1.9968
2021,9,1,5,149,-3.1958
2021,9,2,1,108,-5.0170
2021,9,2,2,88,-4.6626
2021,9,2,3,73,-2.7770
2021,9,2,4,85,-2.9595
2021,9,2,5,78,-1.8580
2021,9,3,1,208,-4.9200
2021,9,3,2,150,-6.0560
2021,9,3,3,135,-6.1607
2021,9,3,4,107,-2.2488
2021,9,3,5,74,-3.3444
2021,10,1,1,91,2.5789
2021,10,1,2,48,4.2121
2021,10,1,3,72,2.4403
2021,10,1,4,110,4.9163
2021,10,1,5,158,2.7711
2021,10,2,1,95,1.7262
2021,10,2,2,88,4.5927
2021,10,2,3,82,3.1777
2021,10,2,4,83,3.9921
2021,10,2,5,71,5.2485
2021,10,3,1,205,8.7725
2021,10,3,2,152,8.6170
2021,10,3,3,134,5.2804
2021,10,3,4,105,3.5472
2021,10,3,5,78,4.5160
2021,11,1,1,90,-9.1026
2021,11,1,2,53,-2.4588
2021,11,1,3,81,-2.7737
2021,11,1,4,95,-4.5901
2021,11,1,5,158,-1.9802
2021,11,2,1,91,-4.9407
2021,11,2,2,80,-0.6464
2021,11,2,3,89,-0.2674
2021,11,2,4,75,-0.6892
2021,11,2,5,74,-0.0800
2021,11,3,1,196,-0.7647
2021,11,3,2,172,0.6903
2021,11,3,3,134,-0.6199
2021,11,3,4,104,-1.1494
2021,11,3,5,81,-0.9788
2021,12,1,1,80,2.9333
2021,12,1,2,62,2.2169
2021,12,1,3,78,5.3825
2021,12,1,4,94,4.3161
2021,12,1,5,166,3.6616
2021,12,2,1,83,4.4850
2021,12,2,2,81,3.9665
2021,12,2,3,91,6.4894
2021,12,2,4,74,5.7908
2021,12,2,5,89,5.0755
2021,12,3,1,179,-1.9203
2021,12,3,2,169,5.7048
2021,12,3,3,138,6.1084
2021,12,3,4,118,4.8644
2021,12,3,5,85,6.1846
2022,1,1,1,78,-12.7586
2022,1,1,2,57,-7.1163
2022,1,1,3,71,-7.0696
2022,1,1,4,103,-6.5052
2022,1,1,5,169,-4.9813
2022,1,2,1,80,-7.4118
2022,1,2,2,78,-9.6634
2022,1,2,3,90,-8.1916
2022,1,2,4,74,-7.2031
2022,1,2,5,81,-6.7024
2022,1,3,1,195,-12.3816
2022,1,3,2,170,-5.2543
2022,1,3,3,128,-3.1132
2022,1,3,4,123,1.6263
2022,1,3,5,82,-5.8410
2022,2,1,1,80,-4.2566
2022,2,1,2,53,1.0684
2022,2,1,3,67,-0.2551
2022,2,1,4,103,4.4656
2022,2,1,5,167,3.5431
2022,2,2,1,91,-0.6046
2022,2,2,2,78,1.7158
2022,2,2,3,89,0.3604
2022,2,2,4,76,0.9820
2022,2,2,5,86,1.1229
2022,2,3,1,177,-2.0823
2022,2,3,2,162,-3.1225
2022,2,3,3,149,-4.0092
2022,2,3,4,118,0.3976
2022,2,3,5,81,0.6261
2022,3,1,1,76,3.4069
2022,3,1,2,50,0.6043
2022,3,1,3,64,4.3586
2022,3,1,4,116,-0.6522
2022,3,1,5,160,-0.3004
2022,3,2,1,88,1.7790
2022,3,2,2,74,0.8166
2022,3,2,3,79,0.6676
2022,3,2,4,75,0.5290
2022,3,2,5,88,1.3705
2022,3,3,1,183,4.4863
2022,3,3,2,166,4.2469
2022,3,3,3,138,4.1466
2022,3,3,4,108,3.0621
2022,3,3,5,83,8.0392
2022,4,1,1,70,-11.6987
2022,4,1,2,53,-7.6924
2022,4,1,3,64,-10.0714
2022,4,1,4,110,-5.4704
2022,4,1,5,159,-6.0502
2022,4,2,1,90,-9.6011
2022,4,2,2,70,-7.7608
2022,4,2,3,75,-7.3920
2022,4,2,4,83,-4.5490
2022,4,2,5,81,-4.4457
2022,4,3,1,181,-13.7088
2022,4,3,2,160,-9.3354
2022,4,3,3,143,-8.4116
2022,4,3,4,119,-5.3071
2022,4,3,5,82,-6.4084
2022,5,1,1,73,0.6729
2022,5,1,2,46,3.8442
2022,5,1,3,56,-2.7007
2022,5,1,4,97,0.2373
2022,5,1,5,159,0.6161
2022,5,2,1,93,-1.6174
2022,5,2,2,76,0.1767
2022,5,2,3,63,2.1308
2022,5,2,4,85,1.8532
2022,5,2,5,92,4.0121
2022,5,3,1,179,-1.6835
2022,5,3,2,161,-2.6915
2022,5,3,3,138,1.6068
2022,5,3,4,116,4.9482
2022,5,3,5,78,5.4670
2022,6,1,1,67,-9.4484
2022,6,1,2,44,-9.2166
2022,6,1,3,53,-7.5792
2022,6,1,4,83,-8.0801
2022,6,1,5,116,-10.3744
2022,6,2,1,102,-6.0523
2022,6,2,2,59,-6.5118
2022,6,2,3,77,-6.1289
2022,6,2,4,85,-6.8078
2022,6,2,5,80,-14.0384
2022,6,3,1,172,-8.2833
2022,6,3,2,168,-6.4426
2022,6,3,3,140,-7.5656
2022,6,3,4,119,-9.1964
2022,6,3,5,83,-14.2729
2022,7,1,1,70,6.8170
2022,7,1,2,40,3.5823
2022,7,1,3,68,7.2927
2022,7,1,4,66,9.8027
2022,7,1,5,98,9.2307
2022,7,2,1,98,9.1715
2022,7,2,2,62,11.7779
2022,7,2,3,86,8.9348
2022,7,2,4,78,12.0037
2022,7,2,5,87,14.4449
2022,7,3,1,187,12.9343
2022,7,3,2,173,9.6215
2022,7,3,3,138,7.4666
2022,7,3,4,128,5.0507
2022,7,3,5,80,9.4539
2022,8,1,1,63,-1.2656
2022,8,1,2,37,0.4578
2022,8,1,3,69,-2.4990
2022,8,1,4,67,-0.5173
2022,8,1,5,108,-1.9408
2022,8,2,1,106,-2.3291
2022,8,2,2,56,-2.7469
2022,8,2,3,82,-5.6933
2022,8,2,4,99,-4.2047
2022,8,2,5,74,-0.3615
2022,8,3,1,197,-5.1486
2022,8,3,2,166,-4.5753
2022,8,3,3,136,-3.6698
2022,8,3,4,120,-2.3837
2022,8,3,5,90,-2.3951
2022,9,1,1,70,-10.2245
2022,9,1,2,50,-11.5983
2022,9,1,3,68,-8.4123
2022,9,1,4,89,-11.9550
2022,9,1,5,111,-14.3508
2022,9,2,1,107,-11.1639
2022,9,2,2,69,-7.3449
2022,9,2,3,79,-10.5787
2022,9,2,4,104,-12.0391
2022,9,2,5,89,-12.2374
2022,9,3,1,196,-8.6333
2022,9,3,2,178,-9.7644
2022,9,3,3,130,-7.8780
2022,9,3,4,115,-10.0500
2022,9,3,5,79,-10.3059
2022,10,1,1,69,10.1640
2022,10,1,2,50,15.5086
2022,10,1,3,55,15.8922
2022,10,1,4,101,12.2042
2022,10,1,5,104,12.3694
2022,10,2,1,107,10.8067
2022,10,2,2,67,13.1162
2022,10,2,3,84,11.4818
2022,10,2,4,101,14.4480
2022,10,2,5,91,15.0273
2022,10,3,1,188,5.7801
2022,10,3,2,185,6.9865
2022,10,3,3,132,7.1358
2022,10,3,4,117,11.7143
2022,10,3,5,78,20.1390
2022,11,1,1,71,2.6915
2022,11,1,2,44,-0.0145
2022,11,1,3,54,-0.2398
2022,11,1,4,108,3.6983
2022,11,1,5,112,-0.1804
2022,11,2,1,105,2.6048
2022,11,2,2,69,4.5159
2022,11,2,3,88,3.1715
2022,11,2,4,96,7.0324
2022,11,2,5,88,3.7715
2022,11,3,1,179,2.2052
2022,11,3,2,189,5.5347
2022,11,3,3,131,8.4519
2022,11,3,4,118,7.5100
2022,11,3,5,71,4.4463
2022,12,1,1,71,-7.8732
2022,12,1,2,33,-9.3543
2022,12,1,3,53,-1.6940
2022,12,1,4,109,-3.7529
2022,12,1,5,110,-5.6426
2022,12,2,1,100,-6.6078
2022,12,2,2,77,-6.4924
2022,12,2,3,82,-5.1380
2022,12,2,4,95,-5.5491
2022,12,2,5,84,-6.0470
2022,12,3,1,185,-9.7583
2022,12,3,2,167,-6.0366
2022,12,3,3,141,-3.0358
2022,12,3,4,116,-4.4576
2022,12,3,5,78,-5.8717
2023,1,1,1,73,16.6636
2023,1,1,2,32,9.6039
2023,1,1,3,57,10.8791
2023,1,1,4,100,10.8075
2023,1,1,5,114,17.2021
2023,1,2,1,100,11.9783
2023,1,2,2,75,12.3801
2023,1,2,3,78,12.5500
2023,1,2,4,104,11.8514
2023,1,2,5,81,12.6795
2023,1,3,1,187,9.9826
2023,1,3,2,151,4.9054
2023,1,3,3,143,5.8233
2023,1,3,4,111,5.9045
2023,1,3,5,84,7.6696
2023,2,1,1,67,1.8140
2023,2,1,2,36,-1.8778
2023,2,1,3,58,-1.3413
2023,2,1,4,91,-3.1432
2023,2,1,5,112,-2.7813
2023,2,2,1,104,-1.9292
2023,2,2,2,79,-2.2180
2023,2,2,3,75,-1.2273
2023,2,2,4,103,-3.3112
2023,2,2,5,89,-1.7784
2023,2,3,1,184,-1.3033
2023,2,3,2,162,-1.1405
2023,2,3,3,138,-2.4877
2023,2,3,4,113,-3.9856
2023,2,3,5,80,-4.8706
2023,3,1,1,66,-10.2460
2023,3,1,2,45,-3.5780
2023,3,1,3,50,0.5160
2023,3,1,4,86,-2.2033
2023,3,1,5,125,-5.6452
2023,3,2,1,101,-1.0327
2023,3,2,2,73,-2.6390
2023,3,2,3,83,-1.0451
2023,3,2,4,91,-3.5911
2023,3,2,5,93,-5.2803
2023,3,3,1,176,6.4829
2023,3,3,2,166,5.7474
2023,3,3,3,125,7.8343
2023,3,3,4,118,0.8379
2023,3,3,5,73,-0.8472
2023,4,1,1,55,-5.3024
2023,4,1,2,41,-6.7224
2023,4,1,3,52,-3.8397
2023,4,1,4,83,-4.0220
2023,4,1,5,127,-1.9884
2023,4,2,1,101,-0.8827
2023,4,2,2,71,-2.8909
2023,4,2,3,76,-2.9555
2023,4,2,4,84,-2.7392
2023,4,2,5,93,-3.0540
2023,4,3,1,170,-0.1916
2023,4,3,2,158,3.0344
2023,4,3,3,138,0.0122
2023,4,3,4,121,2.1513
2023,4,3,5,75,-1.0790
2023,5,1,1,68,0.8403
2023,5,1,2,46,0.4976
2023,5,1,3,51,-0.1615
2023,5,1,4,69,2.9013
2023,5,1,5,129,-6.6251
2023,5,2,1,96,-1.9911
2023,5,2,2,65,0.4937
2023,5,2,3,75,-3.3654
2023,5,2,4,80,-3.7275
2023,5,2,5,90,-3.1663
2023,5,3,1,180,6.3181
2023,5,3,2,163,1.2971
2023,5,3,3,131,2.2636
2023,5,3,4,118,-4.9526
2023,5,3,5,78,-6.1355
2023,6,1,1,66,10.0443
2023,6,1,2,40,5.6869
2023,6,1,3,55,8.6819
2023,6,1,4,60,12.7842
2023,6,1,5,107,9.1123
2023,6,2,1,95,5.3798
2023,6,2,2,64,9.4442
2023,6,2,3,82,8.9167
2023,6,2,4,61,12.2428
2023,6,2,5,90,15.5775
2023,6,3,1,174,9.0370
2023,6,3,2,172,5.8457
2023,6,3,3,139,6.1621
2023,6,3,4,114,6.7033
2023,6,3,5,75,8.8013
2023,7,1,1,74,3.6508
2023,7,1,2,40,5.9685
2023,7,1,3,55,2.1260
2023,7,1,4,68,3.5440
2023,7,1,5,96,8.9093
2023,7,2,1,97,5.2384
2023,7,2,2,71,3.4562
2023,7,2,3,74,3.0871
2023,7,2,4,57,4.3768
2023,7,2,5,87,9.4371
2023,7,3,1,171,3.4426
2023,7,3,2,174,2.3773
2023,7,3,3,133,3.8834
2023,7,3,4,116,4.2478
2023,7,3,5,68,3.4433
2023,8,1,1,73,-3.5596
2023,8,1,2,52,-2.8716
2023,8,1,3,62,-3.1264
2023,8,1,4,66,-0.1562
2023,8,1,5,102,-2.4099
2023,8,2,1,90,-5.5143
2023,8,2,2,73,-3.3444
2023,8,2,3,74,-0.5516
2023,8,2,4,59,-4.8351
2023,8,2,5,85,-2.0769
2023,8,3,1,167,0.9516
2023,8,3,2,165,-2.5771
2023,8,3,3,146,-1.7628
2023,8,3,4,113,-0.8280
2023,8,3,5,71,-0.1179
2023,9,1,1,57,-5.7758
2023,9,1,2,55,-5.1063
2023,9,1,3,62,-4.2108
2023,9,1,4,72,-2.3999
2023,9,1,5,118,-1.6575
2023,9,2,1,103,-6.4824
2023,9,2,2,82,-6.8673
2023,9,2,3,64,-6.5542
2023,9,2,4,76,-5.5594
2023,9,2,5,91,-1.2032
2023,9,3,1,165,-7.1795
2023,9,3,2,186,-4.5812
2023,9,3,3,143,-3.7010
2023,9,3,4,103,-1.3221
2023,9,3,5,81,-2.9509
2023,10,1,1,69,-5.1107
2023,10,1,2,51,-4.7504
2023,10,1,3,59,-4.5109
2023,10,1,4,71,-7.7683
2023,10,1,5,121,-6.5092
2023,10,2,1,93,-6.4833
2023,10,2,2,78,-6.1408
2023,10,2,3,68,-3.9288
2023,10,2,4,83,-5.4141
2023,10,2,5,80,-6.2241
2023,10,3,1,169,-3.3202
2023,10,3,2,177,0.4473
2023,10,3,3,143,-3.5600
2023,10,3,4,101,-4.3847
2023,10,3,5,86,-3.4712
2023,11,1,1,70,1.7908
2023,11,1,2,51,8.2908
2023,11,1,3,56,7.6103
2023,11,1,4,71,7.3946
2023,11,1,5,122,5.4177
2023,11,2,1,106,9.0016
2023,11,2,2,70,6.1087
2023,11,2,3,65,6.6522
2023,11,2,4,89,7.1823
2023,11,2,5,80,6.9003
2023,11,3,1,166,12.7201
2023,11,3,2,166,9.2785
2023,11,3,3,151,5.8813
2023,11,3,4,104,2.4027
2023,11,3,5,80,7.6062
2023,12,1,1,80,10.9804
2023,12,1,2,50,8.9839
2023,12,1,3,64,9.7906
2023,12,1,4,66,12.4989
2023,12,1,5,134,10.8778
2023,12,2,1,90,9.7632
2023,12,2,2,77,8.3017
2023,12,2,3,69,10.9705
2023,12,2,4,92,12.9881
2023,12,2,5,67,11.1467
2023,12,3,1,179,5.2946
2023,12,3,2,161,4.0732
2023,12,3,3,143,5.0331
2023,12,3,4,102,4.9172
2023,12,3,5,90,5.6607
2024,1,1,1,87,-2.7213
2024,1,1,2,50,-5.9616
2024,1,1,3,58,-4.1109
2024,1,1,4,71,-5.2019
2024,1,1,5,123,-2.9561
2024,1,2,1,92,-4.5316
2024,1,2,2,79,-4.5950
2024,1,2,3,68,-3.5962
2024,1,2,4,83,-3.1369
2024,1,2,5,71,-1.3551
2024,1,3,1,183,0.0864
2024,1,3,2,152,3.3155
2024,1,3,3,142,1.3473
2024,1,3,4,97,0.1443
2024,1,3,5,93,1.9881
2024,2,1,1,79,7.7577
2024,2,1,2,50,5.1526
2024,2,1,3,57,8.5166
2024,2,1,4,64,4.1898
2024,2,1,5,119,2.3514
2024,2,2,1,89,3.4922
2024,2,2,2,77,5.1675
2024,2,2,3,70,4.2710
2024,2,2,4,85,4.7384
2024,2,2,5,71,6.5212
2024,2,3,1,186,10.4960
2024,2,3,2,154,3.0489
2024,2,3,3,132,5.8805
2024,2,3,4,110,2.0462
2024,2,3,5,85,5.1185
2024,3,1,1,66,3.1730
2024,3,1,2,54,3.3904
2024,3,1,3,52,3.5003
2024,3,1,4,75,6.9403
2024,3,1,5,115,5.1647
2024,3,2,1,91,2.4655
2024,3,2,2,63,2.1254
2024,3,2,3,73,2.4899
2024,3,2,4,88,3.9408
2024,3,2,5,73,4.8482
2024,3,3,1,179,3.5777
2024,3,3,2,159,2.7310
2024,3,3,3,132,0.5132
2024,3,3,4,107,6.9166
2024,3,3,5,83,6.3986
2024,4,1,1,62,-11.1429
2024,4,1,2,43,-5.7738
2024,4,1,3,57,-6.7347
2024,4,1,4,65,-4.0925
2024,4,1,5,123,-8.2667
2024,4,2,1,84,-6.0585
2024,4,2,2,62,-6.0124
2024,4,2,3,79,-5.5121
2024,4,2,4,91,-5.2598
2024,4,2,5,75,-6.7430
2024,4,3,1,175,-4.1496
2024,4,3,2,155,-4.9313
2024,4,3,3,134,-1.9363
2024,4,3,4,111,-5.1085
2024,4,3,5,84,-4.0087
2024,5,1,1,69,6.3060
2024,5,1,2,36,5.6200
2024,5,1,3,62,4.5790
2024,5,1,4,54,3.3691
2024,5,1,5,131,7.6305
2024,5,2,1,80,4.3964
2024,5,2,2,66,2.8378
2024,5,2,3,77,5.2927
2024,5,2,4,91,8.5572
2024,5,2,5,74,5.0352
2024,5,3,1,167,6.6089
2024,5,3,2,160,4.1043
2024,5,3,3,140,6.0628
2024,5,3,4,105,3.0272
2024,5,3,5,86,3.4050
2024,6,1,1,68,-5.8341
2024,6,1,2,36,-2.5463
2024,6,1,3,51,-4.4067
2024,6,1,4,64,-4.9825
2024,6,1,5,111,-4.1843
2024,6,2,1,77,-2.6019
2024,6,2,2,68,-1.8229
2024,6,2,3,68,-2.8914
2024,6,2,4,72,-2.9222
2024,6,2,5,71,-2.1131
2024,6,3,1,165,8.3237
2024,6,3,2,154,5.1951
2024,6,3,3,153,1.4171
2024,6,3,4,100,-1.4227
2024,6,3,5,101,-1.7366
2024,7,1,1,69,11.6461
2024,7,1,2,40,13.1120
2024,7,1,3,49,9.4253
2024,7,1,4,66,14.0600
2024,7,1,5,111,13.8947
2024,7,2,1,78,6.5759
2024,7,2,2,75,8.0027
2024,7,2,3,66,8.7869
2024,7,2,4,74,8.0874
2024,7,2,5,72,14.4681
2024,7,3,1,178,-2.1377
2024,7,3,2,148,0.9181
2024,7,3,3,144,0.5130
2024,7,3,4,102,4.3305
2024,7,3,5,94,5.4141
2024,8,1,1,70,-6.6764
2024,8,1,2,43,-1.2496
2024,8,1,3,47,-3.7071
2024,8,1,4,62,-3.3366
2024,8,1,5,125,-2.4553
2024,8,2,1,90,-4.3630
2024,8,2,2,63,-0.2606
2024,8,2,3,73,-2.7508
2024,8,2,4,59,-0.2259
2024,8,2,5,75,-5.2361
2024,8,3,1,182,2.3226
2024,8,3,2,144,2.5038
2024,8,3,3,134,2.5510
2024,8,3,4,109,0.9543
2024,8,3,5,96,0.7974
2024,9,1,1,80,-3.6336
2024,9,1,2,49,-0.9261
2024,9,1,3,46,-0.0731
2024,9,1,4,67,2.7407
2024,9,1,5,133,1.6406
2024,9,2,1,94,0.9915
2024,9,2,2,74,1.7146
2024,9,2,3,75,1.4188
2024,9,2,4,68,1.4150
2024,9,2,5,82,1.2380
2024,9,3,1,187,2.0983
2024,9,3,2,134,3.5211
2024,9,3,3,145,3.6458
2024,9,3,4,108,1.4991
2024,9,3,5,93,0.4288
2024,10,1,1,77,-2.4513
2024,10,1,2,41,-3.8863
2024,10,1,3,54,-1.4062
2024,10,1,4,62,-2.2951
2024,10,1,5,139,-1.4197
2024,10,2,1,89,-3.4330
2024,10,2,2,74,-4.2524
2024,10,2,3,69,-2.4082
2024,10,2,4,83,-2.1140
2024,10,2,5,79,-2.2492
2024,10,3,1,185,-0.3739
2024,10,3,2,151,-2.2951
2024,10,3,3,141,-0.7798
2024,10,3,4,96,-1.9723
2024,10,3,5,93,-0.8430
2024,11,1,1,83,8.9328
2024,11,1,2,40,9.9310
2024,11,1,3,56,14.3229
2024,11,1,4,60,13.4914
2024,11,1,5,136,9.4143
2024,11,2,1,88,10.8729
2024,11,2,2,66,11.2054
2024,11,2,3,74,11.3160
2024,11,2,4,77,9.7770
2024,11,2,5,88,10.2880
2024,11,3,1,176,7.9205
2024,11,3,2,156,6.2308
2024,11,3,3,138,2.8769
2024,11,3,4,109,4.2277
2024,11,3,5,80,5.8730
2024,12,1,1,79,-3.2410
2024,12,1,2,40,-2.2994
2024,12,1,3,49,-5.0858
2024,12,1,4,57,-3.1538
2024,12,1,5,130,-3.5705
2024,12,2,1,92,-7.0112
2024,12,2,2,67,-6.3975
2024,12,2,3,73,-6.8780
2024,12,2,4,79,-7.2470
2024,12,2,5,80,-10.6463
2024,12,3,1,187,-0.9683
2024,12,3,2,149,-3.0088
2024,12,3,3,118,-4.4351
2024,12,3,4,125,-1.5601
2024,12,3,5,82,-7.2085
2025,1,1,1,86,-0.3887
2025,1,1,2,38,0.1232
2025,1,1,3,50,1.8739
2025,1,1,4,63,-1.4750
2025,1,1,5,121,-1.3078
2025,1,2,1,91,2.6360
2025,1,2,2,66,0.7821
2025,1,2,3,80,2.6978
2025,1,2,4,79,3.3128
2025,1,2,5,73,1.1413
2025,1,3,1,181,0.2200
2025,1,3,2,151,2.4149
2025,1,3,3,121,6.6797
2025,1,3,4,125,3.5762
2025,1,3,5,78,2.6525
2025,2,1,1,81,-7.1872
2025,2,1,2,41,-3.3251
2025,2,1,3,43,-7.8238
2025,2,1,4,59,-4.4625
2025,2,1,5,125,-5.9729
2025,2,2,1,93,-8.6668
2025,2,2,2,60,-5.2395
2025,2,2,3,79,-4.2770
2025,2,2,4,80,-7.0877
2025,2,2,5,71,-9.5302
2025,2,3,1,175,-6.5476
2025,2,3,2,161,-0.4267
2025,2,3,3,119,-2.2910
2025,2,3,4,128,0.7996
2025,2,3,5,77,4.6788
2025,3,1,1,80,-10.5746
2025,3,1,2,38,-11.0212
2025,3,1,3,44,-7.7072
2025,3,1,4,64,-5.7232
2025,3,1,5,131,-8.2699
2025,3,2,1,99,-8.5220
2025,3,2,2,46,-4.9479
2025,3,2,3,66,-4.5583
2025,3,2,4,90,-5.1664
2025,3,2,5,82,-5.0085
2025,3,3,1,152,-7.8973
2025,3,3,2,166,-7.1595
2025,3,3,3,137,-6.2455
2025,3,3,4,115,-3.1849
2025,3,3,5,79,-2.0945
2025,4,1,1,60,-0.2722
2025,4,1,2,30,-5.7641
2025,4,1,3,57,-1.5324
2025,4,1,4,62,-3.8257
2025,4,1,5,129,-2.3582
2025,4,2,1,100,-2.9367
2025,4,2,2,44,-3.5566
2025,4,2,3,63,-2.3815
2025,4,2,4,87,-3.0646
2025,4,2,5,93,-4.9367
2025,4,3,1,150,5.4925
2025,4,3,2,159,0.6838
2025,4,3,3,144,-4.0006
2025,4,3,4,109,-2.5450
2025,4,3,5,86,-1.9057
2025,5,1,1,59,5.4382
2025,5,1,2,38,4.9744
2025,5,1,3,57,9.4832
2025,5,1,4,62,9.0022
2025,5,1,5,120,9.2657
2025,5,2,1,92,8.1974
2025,5,2,2,47,5.7458
2025,5,2,3,67,8.5308
2025,5,2,4,80,6.9620
2025,5,2,5,85,8.5924
2025,5,3,1,158,7.3429
2025,5,3,2,157,11.3743
2025,5,3,3,134,2.5784
2025,5,3,4,119,2.8524
2025,5,3,5,73,1.8206
2025,6,1,1,52,3.1646
2025,6,1,2,31,8.4609
2025,6,1,3,34,6.4928
2025,6,1,4,61,4.7516
2025,6,1,5,124,6.1839
2025,6,2,1,96,3.6813
2025,6,2,2,55,3.6782
2025,6,2,3,71,5.8806
2025,6,2,4,85,1.8842
2025,6,2,5,72,4.3610
2025,6,3,1,172,6.1530
2025,6,3,2,142,5.4966
2025,6,3,3,136,4.9921
2025,6,3,4,110,3.9732
2025,6,3,5,87,1.9482
2025,7,1,1,59,-2.7633
2025,7,1,2,30,0.7450
2025,7,1,3,36,-3.4703
2025,7,1,4,67,-1.2501
2025,7,1,5,113,-1.6915
2025,7,2,1,93,0.0623
2025,7,2,2,67,1.9934
2025,7,2,3,61,0.4612
2025,7,2,4,82,1.3056
2025,7,2,5,75,1.9712
2025,7,3,1,176,3.3955
2025,7,3,2,147,3.3966
2025,7,3,3,132,2.2844
2025,7,3,4,109,3.4884
2025,7,3,5,82,0.4845
2025,8,1,1,63,0.8938
2025,8,1,2,35,10.7154
2025,8,1,3,41,9.0593
2025,8,1,4,64,8.5682
2025,8,1,5,113,11.4590
2025,8,2,1,91,6.0520
2025,8,2,2,70,5.2886
2025,8,2,3,68,7.6417
2025,8,2,4,71,7.5793
2025,8,2,5,72,9.5366
2025,8,3,1,180,-0.0145
2025,8,3,2,151,1.8852
2025,8,3,3,129,2.8424
2025,8,3,4,110,3.5683
2025,8,3,5,92,4.7038
2025,9,1,1,83,5.8782
2025,9,1,2,48,3.8690
2025,9,1,3,41,-0.3117
2025,9,1,4,67,-1.3558
2025,9,1,5,111,-2.2230
2025,9,2,1,91,-0.1002
2025,9,2,2,69,0.0211
2025,9,2,3,71,-0.5059
2025,9,2,4,85,-2.5325
2025,9,2,5,80,0.3991
2025,9,3,1,177,7.8162
2025,9,3,2,148,1.0480
2025,9,3,3,137,4.0340
2025,9,3,4,119,1.7293
2025,9,3,5,84,0.7042
2025,10,1,1,83,0.7080
2025,10,1,2,52,-2.1374
2025,10,1,3,36,-7.0723
2025,10,1,4,70,-3.5370
2025,10,1,5,108,-3.9613
2025,10,2,1,85,2.0048
2025,10,2,2,70,-0.7672
2025,10,2,3,73,-4.1970
2025,10,2,4,89,-4.8466
2025,10,2,5,80,-0.6445
2025,10,3,1,170,4.9186
2025,10,3,2,157,2.9584
2025,10,3,3,138,1.5246
2025,10,3,4,116,1.5901
2025,10,3,5,84,-3.9170
2025,11,1,1,82,-4.4402
2025,11,1,2,45,0.8579
2025,11,1,3,49,2.1433
2025,11,1,4,62,1.5708
2025,11,1,5,117,-0.6275
2025,11,2,1,87,-0.5151
2025,11,2,2,66,1.3322
2025,11,2,3,78,3.3124
2025,11,2,4,82,1.1390
2025,11,2,5,85,4.4720
2025,11,3,1,171,-5.8629
2025,11,3,2,164,0.9520
2025,11,3,3,132,6.2194
2025,11,3,4,126,3.8267
2025,11,3,5,72,2.8914
2025,12,1,1,79,3.9030
2025,12,1,2,34,0.9062
2025,12,1,3,57,2.0222
2025,12,1,4,49,2.2842
2025,12,1,5,134,-0.2224
2025,12,2,1,89,0.6770
2025,12,2,2,63,0.4338
2025,12,2,3,76,2.2456
2025,12,2,4,87,1.5777
2025,12,2,5,96,-1.4043
2025,12,3,1,175,-2.1497
2025,12,3,2,164,0.7218
2025,12,3,3,129,0.1657
2025,12,3,4,115,0.1012
2025,12,3,5,78,-1.6359
