year,month,rank_ME,rank_CP,nstocks,ret_vw
1967,1,1,1,65,21.5306
1967,1,1,2,61,14.3001
1967,1,1,3,64,16.5824
1967,1,1,4,81,18.6571
1967,1,1,5,134,19.6494
1967,1,2,1,42,19.5128
1967,1,2,2,45,14.3781
1967,1,2,3,44,18.1056
1967,1,2,4,56,13.0402
1967,1,2,5,72,17.0546
1967,1,3,1,145,7.1483
1967,1,3,2,112,8.8426
1967,1,3,3,106,5.6683
1967,1,3,4,87,8.2199
1967,1,3,5,58,11.5280
1967,2,1,1,65,7.6767
1967,2,1,2,61,5.5787
1967,2,1,3,64,4.5150
1967,2,1,4,81,4.2006
1967,2,1,5,134,3.7612
1967,2,2,1,42,4.5727
1967,2,2,2,45,1.5982
1967,2,2,3,44,2.3855
1967,2,2,4,56,0.8427
1967,2,2,5,72,2.2359
1967,2,3,1,145,3.0906
1967,2,3,2,112,-0.6039
1967,2,3,3,106,0.0138
1967,2,3,4,87,-0.3158
1967,2,3,5,58,-1.2155
1967,3,1,1,65,8.1839
1967,3,1,2,61,5.7684
1967,3,1,3,64,5.5067
1967,3,1,4,81,8.5263
1967,3,1,5,134,6.4991
1967,3,2,1,42,7.4434
1967,3,2,2,45,5.2254
1967,3,2,3,44,8.1967
1967,3,2,4,56,4.9339
1967,3,2,5,72,6.0611
1967,3,3,1,145,4.3593
1967,3,3,2,112,3.6740
1967,3,3,3,106,4.5972
1967,3,3,4,87,4.3293
1967,3,3,5,58,4.9693
1967,4,1,1,65,6.9651
1967,4,1,2,61,3.5139
1967,4,1,3,64,4.7072
1967,4,1,4,81,5.3425
1967,4,1,5,134,3.8253
1967,4,2,1,42,6.5030
1967,4,2,2,45,2.6182
1967,4,2,3,44,4.5074
1967,4,2,4,56,2.4600
1967,4,2,5,72,5.2978
1967,4,3,1,145,6.6154
1967,4,3,2,112,5.4285
1967,4,3,3,106,0.9919
1967,4,3,4,87,3.7386
1967,4,3,5,58,3.4444
1967,5,1,1,65,-1.4015
1967,5,1,2,61,0.4738
1967,5,1,3,64,0.1378
1967,5,1,4,81,1.9423
1967,5,1,5,134,0.1441
1967,5,2,1,42,-2.4168
1967,5,2,2,45,-2.2748
1967,5,2,3,44,-1.9785
1967,5,2,4,56,-2.0981
1967,5,2,5,72,-2.2750
1967,5,3,1,145,-5.0101
1967,5,3,2,112,-5.1353
1967,5,3,3,106,-4.3346
1967,5,3,4,87,-3.3171
1967,5,3,5,58,-3.4728
1967,6,1,1,65,16.0596
1967,6,1,2,61,15.9792
1967,6,1,3,64,9.6758
1967,6,1,4,81,10.4218
1967,6,1,5,134,10.1202
1967,6,2,1,42,10.0955
1967,6,2,2,45,5.7257
1967,6,2,3,44,7.9683
1967,6,2,4,56,3.4204
1967,6,2,5,72,8.3997
1967,6,3,1,145,2.3559
1967,6,3,2,111,-0.2979
1967,6,3,3,106,2.0727
1967,6,3,4,87,2.0595
1967,6,3,5,58,3.4282
1967,7,1,1,90,8.4740
1967,7,1,2,79,8.9923
1967,7,1,3,92,5.9279
1967,7,1,4,115,10.5779
1967,7,1,5,203,11.4202
1967,7,2,1,51,5.9385
1967,7,2,2,53,5.2891
1967,7,2,3,57,6.8278
1967,7,2,4,72,9.8305
1967,7,2,5,71,8.3485
1967,7,3,1,162,4.4217
1967,7,3,2,131,4.3737
1967,7,3,3,115,3.7107
1967,7,3,4,75,6.2569
1967,7,3,5,51,7.2606
1967,8,1,1,90,-0.0047
1967,8,1,2,79,0.7057
1967,8,1,3,92,1.4220
1967,8,1,4,115,1.3664
1967,8,1,5,203,0.4527
1967,8,2,1,51,-2.6684
1967,8,2,2,53,-0.1554
1967,8,2,3,57,0.8130
1967,8,2,4,72,0.2848
1967,8,2,5,71,0.5721
1967,8,3,1,161,-0.7399
1967,8,3,2,131,-0.2737
1967,8,3,3,115,-1.3274
1967,8,3,4,75,-2.5082
1967,8,3,5,51,2.0136
1967,9,1,1,90,10.5578
1967,9,1,2,79,7.3589
1967,9,1,3,92,12.2045
1967,9,1,4,115,7.4437
1967,9,1,5,203,6.8842
1967,9,2,1,51,8.5204
1967,9,2,2,53,5.0339
1967,9,2,3,57,1.5967
1967,9,2,4,72,3.3343
1967,9,2,5,71,3.5040
1967,9,3,1,161,4.0551
1967,9,3,2,131,3.0990
1967,9,3,3,115,3.2179
1967,9,3,4,75,0.6542
1967,9,3,5,51,2.8839
1967,10,1,1,90,2.5105
1967,10,1,2,79,-0.8161
1967,10,1,3,92,-2.9639
1967,10,1,4,115,-2.6593
1967,10,1,5,203,-2.2083
1967,10,2,1,51,-2.8939
1967,10,2,2,53,-0.8239
1967,10,2,3,57,-4.8162
1967,10,2,4,71,-2.4428
1967,10,2,5,71,-6.1568
1967,10,3,1,161,-0.0008
1967,10,3,2,132,-4.0158
1967,10,3,3,115,-3.1233
1967,10,3,4,75,-5.9900
1967,10,3,5,50,-5.3806
1967,11,1,1,90,-1.3031
1967,11,1,2,79,-0.5221
1967,11,1,3,92,0.1871
1967,11,1,4,115,1.6001
1967,11,1,5,203,0.3556
1967,11,2,1,51,-0.0020
1967,11,2,2,53,2.1884
1967,11,2,3,57,2.2390
1967,11,2,4,70,-0.0473
1967,11,2,5,71,-0.0652
1967,11,3,1,161,1.9081
1967,11,3,2,132,0.1419
1967,11,3,3,115,0.1486
1967,11,3,4,75,-0.8313
1967,11,3,5,51,-0.0279
1967,12,1,1,88,12.0956
1967,12,1,2,79,8.2484
1967,12,1,3,92,10.5125
1967,12,1,4,115,8.3539
1967,12,1,5,203,8.9027
1967,12,2,1,51,12.0588
1967,12,2,2,53,4.5948
1967,12,2,3,57,5.8385
1967,12,2,4,70,4.7250
1967,12,2,5,71,5.3853
1967,12,3,1,161,1.4420
1967,12,3,2,132,3.4269
1967,12,3,3,115,2.7342
1967,12,3,4,75,5.1767
1967,12,3,5,51,4.3420
1968,1,1,1,89,0.5518
1968,1,1,2,79,2.8912
1968,1,1,3,91,2.3967
1968,1,1,4,115,4.0034
1968,1,1,5,203,3.1264
1968,1,2,1,51,-7.6081
1968,1,2,2,53,-0.0898
1968,1,2,3,57,-0.0352
1968,1,2,4,70,0.8552
1968,1,2,5,71,1.4028
1968,1,3,1,161,-7.0238
1968,1,3,2,132,-4.4688
1968,1,3,3,115,-1.5296
1968,1,3,4,75,-2.3402
1968,1,3,5,51,-2.7194
1968,2,1,1,89,-9.1879
1968,2,1,2,79,-8.7783
1968,2,1,3,91,-7.8045
1968,2,1,4,114,-5.5322
1968,2,1,5,202,-5.0141
1968,2,2,1,51,-5.4529
1968,2,2,2,53,-5.6143
1968,2,2,3,56,-5.4636
1968,2,2,4,69,-5.1386
1968,2,2,5,71,-2.4461
1968,2,3,1,160,-3.2398
1968,2,3,2,132,-3.1408
1968,2,3,3,115,-2.5965
1968,2,3,4,75,-2.8311
1968,2,3,5,51,-3.4589
1968,3,1,1,89,-1.7934
1968,3,1,2,79,-1.3941
1968,3,1,3,91,-2.0818
1968,3,1,4,114,1.7484
1968,3,1,5,203,-0.9020
1968,3,2,1,51,-3.1612
1968,3,2,2,53,0.8003
1968,3,2,3,56,-2.6916
1968,3,2,4,69,-0.9766
1968,3,2,5,71,-0.8147
1968,3,3,1,160,3.2553
1968,3,3,2,132,-1.4599
1968,3,3,3,115,-0.2002
1968,3,3,4,75,-2.0787
1968,3,3,5,51,1.1544
1968,4,1,1,89,19.9722
1968,4,1,2,79,17.8866
1968,4,1,3,91,15.8159
1968,4,1,4,114,15.7585
1968,4,1,5,202,17.6694
1968,4,2,1,51,18.0641
1968,4,2,2,53,13.6230
1968,4,2,3,56,11.1157
1968,4,2,4,69,13.8447
1968,4,2,5,71,11.1031
1968,4,3,1,160,11.3311
1968,4,3,2,132,8.0349
1968,4,3,3,115,5.1376
1968,4,3,4,75,7.8797
1968,4,3,5,51,10.7031
1968,5,1,1,89,9.6162
1968,5,1,2,79,10.7248
1968,5,1,3,91,10.4928
1968,5,1,4,114,11.6236
1968,5,1,5,202,12.4256
1968,5,2,1,51,10.8411
1968,5,2,2,53,8.8515
1968,5,2,3,56,7.3735
1968,5,2,4,69,5.7262
1968,5,2,5,71,6.5360
1968,5,3,1,160,3.2203
1968,5,3,2,131,0.9673
1968,5,3,3,115,-0.2697
1968,5,3,4,75,1.6479
1968,5,3,5,51,2.7377
1968,6,1,1,89,-0.8605
1968,6,1,2,79,4.1517
1968,6,1,3,91,0.5957
1968,6,1,4,114,-0.0364
1968,6,1,5,202,0.2774
1968,6,2,1,51,-2.9865
1968,6,2,2,53,-0.5128
1968,6,2,3,55,0.0357
1968,6,2,4,69,2.4361
1968,6,2,5,71,0.4797
1968,6,3,1,160,-0.4747
1968,6,3,2,131,1.6744
1968,6,3,3,115,2.6288
1968,6,3,4,75,2.9424
1968,6,3,5,51,-0.7156
1968,7,1,1,181,-5.5168
1968,7,1,2,121,-2.8169
1968,7,1,3,106,-4.2462
1968,7,1,4,79,-1.6897
1968,7,1,5,138,-2.2067
1968,7,2,1,90,-6.7564
1968,7,2,2,61,-5.6069
1968,7,2,3,57,-2.4110
1968,7,2,4,58,-2.1508
1968,7,2,5,67,-0.4262
1968,7,3,1,134,-5.8567
1968,7,3,2,117,-3.2533
1968,7,3,3,100,-1.3914
1968,7,3,4,104,1.9760
1968,7,3,5,74,1.8551
1968,8,1,1,181,4.6655
1968,8,1,2,121,4.9225
1968,8,1,3,106,3.5476
1968,8,1,4,79,4.3222
1968,8,1,5,138,4.5337
1968,8,2,1,90,3.4269
1968,8,2,2,61,3.5514
1968,8,2,3,56,2.4662
1968,8,2,4,58,4.6556
1968,8,2,5,67,4.5771
1968,8,3,1,134,0.7171
1968,8,3,2,116,1.8838
1968,8,3,3,100,1.2753
1968,8,3,4,104,2.4971
1968,8,3,5,74,1.0298
1968,9,1,1,181,6.8608
1968,9,1,2,121,8.4359
1968,9,1,3,106,6.6363
1968,9,1,4,79,8.0788
1968,9,1,5,138,7.3619
1968,9,2,1,90,8.7538
1968,9,2,2,61,6.4278
1968,9,2,3,56,7.3590
1968,9,2,4,58,5.3103
1968,9,2,5,67,5.0993
1968,9,3,1,134,2.4274
1968,9,3,2,116,4.1256
1968,9,3,3,100,5.1121
1968,9,3,4,104,3.0422
1968,9,3,5,74,6.0690
1968,10,1,1,181,-0.3360
1968,10,1,2,121,0.1478
1968,10,1,3,106,1.1873
1968,10,1,4,79,0.8909
1968,10,1,5,138,1.6575
1968,10,2,1,90,-1.3247
1968,10,2,2,61,0.4571
1968,10,2,3,56,2.3687
1968,10,2,4,57,3.3578
1968,10,2,5,67,1.0371
1968,10,3,1,134,-2.4889
1968,10,3,2,116,1.3282
1968,10,3,3,100,2.6587
1968,10,3,4,104,2.2907
1968,10,3,5,73,2.3809
1968,11,1,1,180,7.8315
1968,11,1,2,121,6.7816
1968,11,1,3,105,8.9224
1968,11,1,4,79,6.7474
1968,11,1,5,138,5.7665
1968,11,2,1,90,9.0224
1968,11,2,2,61,8.0420
1968,11,2,3,56,8.0283
1968,11,2,4,58,7.4053
1968,11,2,5,67,7.1480
1968,11,3,1,134,6.9582
1968,11,3,2,116,5.2753
1968,11,3,3,100,3.0118
1968,11,3,4,104,5.0587
1968,11,3,5,73,6.9725
1968,12,1,1,180,4.7520
1968,12,1,2,121,-0.4872
1968,12,1,3,106,-0.7505
1968,12,1,4,79,1.6149
1968,12,1,5,138,1.3581
1968,12,2,1,90,-1.1632
1968,12,2,2,61,-0.5600
1968,12,2,3,56,-0.5346
1968,12,2,4,58,-2.5215
1968,12,2,5,67,-1.7010
1968,12,3,1,134,-5.2504
1968,12,3,2,116,-3.7920
1968,12,3,3,100,-3.3744
1968,12,3,4,104,-3.1968
1968,12,3,5,73,-3.5926
1969,1,1,1,180,-1.1080
1969,1,1,2,121,-2.0465
1969,1,1,3,106,-1.9448
1969,1,1,4,79,-0.1169
1969,1,1,5,138,-1.4434
1969,1,2,1,90,-2.1460
1969,1,2,2,61,-2.6850
1969,1,2,3,56,-0.3229
1969,1,2,4,58,-0.0907
1969,1,2,5,67,-0.5298
1969,1,3,1,134,-2.2700
1969,1,3,2,116,-1.0208
1969,1,3,3,99,0.1672
1969,1,3,4,104,-0.2318
1969,1,3,5,73,0.0081
1969,2,1,1,180,-12.1707
1969,2,1,2,121,-10.3064
1969,2,1,3,106,-8.9613
1969,2,1,4,79,-8.3753
1969,2,1,5,137,-8.4456
1969,2,2,1,90,-9.4400
1969,2,2,2,61,-8.7451
1969,2,2,3,56,-8.2725
1969,2,2,4,58,-6.8804
1969,2,2,5,67,-6.4517
1969,2,3,1,134,-3.9729
1969,2,3,2,116,-5.4058
1969,2,3,3,99,-4.1453
1969,2,3,4,104,-4.6315
1969,2,3,5,73,-5.5609
1969,3,1,1,180,4.3032
1969,3,1,2,121,1.5953
1969,3,1,3,106,0.6739
1969,3,1,4,78,3.2715
1969,3,1,5,137,2.2171
1969,3,2,1,90,3.4489
1969,3,2,2,61,2.1740
1969,3,2,3,56,3.2032
1969,3,2,4,58,2.7992
1969,3,2,5,67,2.2932
1969,3,3,1,134,4.3012
1969,3,3,2,116,1.8666
1969,3,3,3,99,3.4028
1969,3,3,4,104,3.6845
1969,3,3,5,73,2.4778
1969,4,1,1,180,0.3163
1969,4,1,2,121,-0.9637
1969,4,1,3,106,0.4089
1969,4,1,4,78,-0.1226
1969,4,1,5,137,-1.5753
1969,4,2,1,89,2.1464
1969,4,2,2,61,1.1281
1969,4,2,3,56,2.3281
1969,4,2,4,58,1.2486
1969,4,2,5,67,0.4887
1969,4,3,1,134,4.0939
1969,4,3,2,116,2.0909
1969,4,3,3,99,0.5880
1969,4,3,4,104,-0.2556
1969,4,3,5,73,3.5978
1969,5,1,1,180,3.1601
1969,5,1,2,121,-0.4045
1969,5,1,3,106,0.6104
1969,5,1,4,78,1.0078
1969,5,1,5,136,-0.5398
1969,5,2,1,90,0.5186
1969,5,2,2,60,-1.0457
1969,5,2,3,56,1.0728
1969,5,2,4,58,1.7512
1969,5,2,5,67,-0.6704
1969,5,3,1,134,-0.3582
1969,5,3,2,116,-1.3150
1969,5,3,3,98,0.3363
1969,5,3,4,103,1.0862
1969,5,3,5,73,2.4079
1969,6,1,1,180,-16.5416
1969,6,1,2,121,-12.2921
1969,6,1,3,106,-12.5559
1969,6,1,4,79,-11.8909
1969,6,1,5,136,-12.1737
1969,6,2,1,90,-12.0350
1969,6,2,2,61,-10.6048
1969,6,2,3,56,-11.0232
1969,6,2,4,58,-9.4327
1969,6,2,5,67,-9.4118
1969,6,3,1,134,-1.6722
1969,6,3,2,115,-6.6350
1969,6,3,3,99,-7.1382
1969,6,3,4,103,-8.1731
1969,6,3,5,72,-7.5139
1969,7,1,1,273,-13.0152
1969,7,1,2,148,-11.1457
1969,7,1,3,109,-12.2382
1969,7,1,4,87,-8.7367
1969,7,1,5,92,-8.3248
1969,7,2,1,113,-10.4599
1969,7,2,2,64,-10.6649
1969,7,2,3,64,-7.1921
1969,7,2,4,58,-6.8698
1969,7,2,5,64,-7.4082
1969,7,3,1,122,-4.3106
1969,7,3,2,110,-4.9692
1969,7,3,3,102,-7.1226
1969,7,3,4,114,-7.1401
1969,7,3,5,107,-6.4366
1969,8,1,1,273,4.8517
1969,8,1,2,148,5.3430
1969,8,1,3,109,4.2563
1969,8,1,4,87,1.7610
1969,8,1,5,92,3.7008
1969,8,2,1,113,8.2434
1969,8,2,2,64,6.0466
1969,8,2,3,64,4.8453
1969,8,2,4,58,3.5770
1969,8,2,5,64,4.0067
1969,8,3,1,122,7.5537
1969,8,3,2,110,5.8102
1969,8,3,3,102,3.4562
1969,8,3,4,114,3.5578
1969,8,3,5,107,2.5677
1969,9,1,1,273,-3.2581
1969,9,1,2,148,-3.4124
1969,9,1,3,109,-4.1990
1969,9,1,4,87,-1.2420
1969,9,1,5,92,-3.1467
1969,9,2,1,113,1.3997
1969,9,2,2,62,-2.1396
1969,9,2,3,64,-0.4081
1969,9,2,4,58,-1.8301
1969,9,2,5,64,-1.2566
1969,9,3,1,122,0.1834
1969,9,3,2,110,-0.8780
1969,9,3,3,102,-3.5499
1969,9,3,4,114,-3.7987
1969,9,3,5,107,-5.4887
1969,10,1,1,273,14.3352
1969,10,1,2,148,9.8267
1969,10,1,3,109,7.7741
1969,10,1,4,87,7.2637
1969,10,1,5,92,7.0671
1969,10,2,1,113,10.8050
1969,10,2,2,62,8.2301
1969,10,2,3,64,7.4246
1969,10,2,4,58,4.7806
1969,10,2,5,63,6.5526
1969,10,3,1,121,6.2569
1969,10,3,2,110,6.7842
1969,10,3,3,102,6.1769
1969,10,3,4,114,3.5339
1969,10,3,5,107,3.2110
1969,11,1,1,273,-8.0214
1969,11,1,2,148,-6.3747
1969,11,1,3,108,-6.7201
1969,11,1,4,87,-5.9357
1969,11,1,5,92,-6.7112
1969,11,2,1,112,-4.3613
1969,11,2,2,62,-3.8027
1969,11,2,3,64,-4.6791
1969,11,2,4,58,-5.2021
1969,11,2,5,64,-5.2640
1969,11,3,1,122,-1.3621
1969,11,3,2,110,-2.6972
1969,11,3,3,102,-3.2349
1969,11,3,4,114,-4.5928
1969,11,3,5,107,-3.2559
1969,12,1,1,273,-7.8159
1969,12,1,2,148,-7.6772
1969,12,1,3,109,-8.9316
1969,12,1,4,87,-5.9008
1969,12,1,5,92,-7.3171
1969,12,2,1,111,-3.5914
1969,12,2,2,62,-4.4390
1969,12,2,3,64,-4.5101
1969,12,2,4,58,-5.2529
1969,12,2,5,64,-5.7375
1969,12,3,1,122,1.5236
1969,12,3,2,110,-1.8618
1969,12,3,3,102,-1.7254
1969,12,3,4,114,-1.8736
1969,12,3,5,107,-5.0804
1970,1,1,1,273,-4.6502
1970,1,1,2,148,-3.8559
1970,1,1,3,109,-3.3078
1970,1,1,4,87,-2.4820
1970,1,1,5,92,-1.7952
1970,1,2,1,112,-6.3040
1970,1,2,2,62,-7.5883
1970,1,2,3,64,-6.9307
1970,1,2,4,58,-4.1244
1970,1,2,5,64,-2.1222
1970,1,3,1,122,-8.2248
1970,1,3,2,110,-6.9157
1970,1,3,3,102,-7.6922
1970,1,3,4,114,-8.8504
1970,1,3,5,107,-6.7323
1970,2,1,1,273,3.6086
1970,2,1,2,147,3.7955
1970,2,1,3,109,0.7288
1970,2,1,4,87,1.4623
1970,2,1,5,92,4.3185
1970,2,2,1,110,3.0183
1970,2,2,2,62,3.7545
1970,2,2,3,64,4.9277
1970,2,2,4,58,4.5417
1970,2,2,5,64,6.2433
1970,2,3,1,121,3.5142
1970,2,3,2,110,5.2974
1970,2,3,3,102,5.8759
1970,2,3,4,114,6.9069
1970,2,3,5,107,8.8469
1970,3,1,1,273,-6.3210
1970,3,1,2,147,-5.5639
1970,3,1,3,109,-1.6042
1970,3,1,4,87,0.1145
1970,3,1,5,92,0.3632
1970,3,2,1,112,-4.7516
1970,3,2,2,62,-2.2856
1970,3,2,3,64,-0.5973
1970,3,2,4,58,0.2086
1970,3,2,5,64,-0.1047
1970,3,3,1,122,-2.8718
1970,3,3,2,110,0.2806
1970,3,3,3,102,0.6444
1970,3,3,4,114,2.2657
1970,3,3,5,107,1.2666
1970,4,1,1,271,-23.0455
1970,4,1,2,147,-16.8766
1970,4,1,3,109,-15.4898
1970,4,1,4,87,-12.9577
1970,4,1,5,92,-11.8225
1970,4,2,1,113,-21.3979
1970,4,2,2,62,-15.8355
1970,4,2,3,64,-11.6697
1970,4,2,4,58,-10.2052
1970,4,2,5,64,-10.8069
1970,4,3,1,122,-10.6238
1970,4,3,2,110,-10.8568
1970,4,3,3,102,-9.4054
1970,4,3,4,114,-8.5742
1970,4,3,5,107,-7.5390
1970,5,1,1,271,-9.7057
1970,5,1,2,145,-8.3589
1970,5,1,3,109,-9.7450
1970,5,1,4,87,-8.6596
1970,5,1,5,92,-8.7601
1970,5,2,1,113,-12.6462
1970,5,2,2,62,-9.9965
1970,5,2,3,64,-8.6894
1970,5,2,4,58,-9.1885
1970,5,2,5,64,-8.1498
1970,5,3,1,122,-8.2932
1970,5,3,2,110,-8.7431
1970,5,3,3,102,-6.2969
1970,5,3,4,114,-2.0408
1970,5,3,5,107,-3.2834
1970,6,1,1,271,-12.1046
1970,6,1,2,144,-8.3849
1970,6,1,3,108,-6.8015
1970,6,1,4,87,-5.4450
1970,6,1,5,92,-7.0776
1970,6,2,1,112,-9.7107
1970,6,2,2,61,-7.3931
1970,6,2,3,63,-5.3397
1970,6,2,4,58,-6.3752
1970,6,2,5,64,-4.2693
1970,6,3,1,122,-6.1632
1970,6,3,2,110,-3.5866
1970,6,3,3,102,-3.5667
1970,6,3,4,114,-4.2683
1970,6,3,5,107,-5.8501
1970,7,1,1,219,4.3616
1970,7,1,2,167,4.9802
1970,7,1,3,133,5.1359
1970,7,1,4,124,6.2277
1970,7,1,5,152,5.7107
1970,7,2,1,107,6.1193
1970,7,2,2,74,8.7467
1970,7,2,3,70,7.5258
1970,7,2,4,68,6.6953
1970,7,2,5,70,7.6968
1970,7,3,1,146,3.7512
1970,7,3,2,115,8.0242
1970,7,3,3,112,9.2854
1970,7,3,4,112,10.2014
1970,7,3,5,87,8.7961
1970,8,1,1,219,5.0692
1970,8,1,2,167,5.1267
1970,8,1,3,133,6.2528
1970,8,1,4,124,5.9953
1970,8,1,5,152,8.3961
1970,8,2,1,107,7.3011
1970,8,2,2,73,5.5898
1970,8,2,3,70,7.1841
1970,8,2,4,68,6.0359
1970,8,2,5,70,8.0921
1970,8,3,1,146,4.0874
1970,8,3,2,115,3.8271
1970,8,3,3,112,5.1255
1970,8,3,4,112,5.7849
1970,8,3,5,86,6.3226
1970,9,1,1,219,20.4536
1970,9,1,2,166,16.8728
1970,9,1,3,133,12.4215
1970,9,1,4,123,11.0411
1970,9,1,5,152,11.9679
1970,9,2,1,107,15.8739
1970,9,2,2,73,11.5345
1970,9,2,3,70,9.4008
1970,9,2,4,67,9.7118
1970,9,2,5,70,8.2887
1970,9,3,1,146,7.7380
1970,9,3,2,114,4.9633
1970,9,3,3,112,1.1514
1970,9,3,4,112,0.1978
1970,9,3,5,86,3.1452
1970,10,1,1,219,-11.3688
1970,10,1,2,166,-7.5810
1970,10,1,3,133,-7.4796
1970,10,1,4,124,-6.3742
1970,10,1,5,152,-4.2398
1970,10,2,1,106,-6.7692
1970,10,2,2,73,-4.3944
1970,10,2,3,70,-5.0680
1970,10,2,4,67,-5.0519
1970,10,2,5,70,-2.9909
1970,10,3,1,146,-0.3032
1970,10,3,2,114,-1.3667
1970,10,3,3,112,-0.2010
1970,10,3,4,112,-1.5100
1970,10,3,5,86,-3.0889
1970,11,1,1,217,-5.1502
1970,11,1,2,166,-0.9365
1970,11,1,3,133,0.4185
1970,11,1,4,124,-2.1784
1970,11,1,5,151,1.7509
1970,11,2,1,106,0.2951
1970,11,2,2,73,2.0715
1970,11,2,3,69,3.3598
1970,11,2,4,67,2.7588
1970,11,2,5,70,6.9477
1970,11,3,1,146,5.1884
1970,11,3,2,114,4.0750
1970,11,3,3,112,5.6824
1970,11,3,4,112,6.7804
1970,11,3,5,86,4.6315
1970,12,1,1,216,6.3298
1970,12,1,2,166,9.6400
1970,12,1,3,133,11.8638
1970,12,1,4,123,12.6981
1970,12,1,5,150,10.6161
1970,12,2,1,106,7.8772
1970,12,2,2,73,8.1804
1970,12,2,3,69,8.8670
1970,12,2,4,67,8.6237
1970,12,2,5,70,8.2029
1970,12,3,1,145,4.4099
1970,12,3,2,114,7.6206
1970,12,3,3,112,6.9210
1970,12,3,4,112,5.9538
1970,12,3,5,86,7.1447
1971,1,1,1,216,16.1980
1971,1,1,2,165,14.7245
1971,1,1,3,132,13.1560
1971,1,1,4,123,15.5110
1971,1,1,5,150,13.9702
1971,1,2,1,105,8.3803
1971,1,2,2,73,12.2979
1971,1,2,3,69,9.9485
1971,1,2,4,66,10.8853
1971,1,2,5,70,11.6505
1971,1,3,1,145,4.3608
1971,1,3,2,114,4.7479
1971,1,3,3,112,4.5033
1971,1,3,4,112,3.3478
1971,1,3,5,86,6.4769
1971,2,1,1,216,7.1856
1971,2,1,2,164,5.1891
1971,2,1,3,129,6.1027
1971,2,1,4,123,2.6089
1971,2,1,5,150,5.2563
1971,2,2,1,105,2.9976
1971,2,2,2,73,3.1095
1971,2,2,3,69,3.7586
1971,2,2,4,66,0.6826
1971,2,2,5,69,2.0954
1971,2,3,1,144,2.1139
1971,2,3,2,114,2.8628
1971,2,3,3,112,1.2054
1971,2,3,4,112,-0.2205
1971,2,3,5,86,2.2880
1971,3,1,1,215,6.4957
1971,3,1,2,164,6.8975
1971,3,1,3,129,4.9463
1971,3,1,4,123,6.0118
1971,3,1,5,150,6.3803
1971,3,2,1,105,9.2272
1971,3,2,2,73,8.9036
1971,3,2,3,69,4.1108
1971,3,2,4,66,6.5398
1971,3,2,5,69,2.3651
1971,3,3,1,143,6.3495
1971,3,3,2,114,4.0465
1971,3,3,3,112,3.1461
1971,3,3,4,111,1.9855
1971,3,3,5,86,3.0658
1971,4,1,1,215,2.0179
1971,4,1,2,163,2.6829
1971,4,1,3,129,1.5580
1971,4,1,4,123,1.1166
1971,4,1,5,150,3.6694
1971,4,2,1,104,5.0865
1971,4,2,2,72,2.5977
1971,4,2,3,69,4.3157
1971,4,2,4,66,2.2232
1971,4,2,5,68,4.7175
1971,4,3,1,143,3.3599
1971,4,3,2,114,4.2651
1971,4,3,3,112,3.6591
1971,4,3,4,111,2.7571
1971,4,3,5,86,5.6307
1971,5,1,1,215,-7.1305
1971,5,1,2,163,-5.3320
1971,5,1,3,128,-5.8353
1971,5,1,4,121,-4.6354
1971,5,1,5,150,-6.7291
1971,5,2,1,104,-2.0572
1971,5,2,2,72,-5.6951
1971,5,2,3,69,-4.1376
1971,5,2,4,66,-4.6861
1971,5,2,5,68,-5.2385
1971,5,3,1,143,-2.5456
1971,5,3,2,114,-3.3130
1971,5,3,3,112,-4.1564
1971,5,3,4,111,-4.2003
1971,5,3,5,86,-4.3482
1971,6,1,1,211,-3.8864
1971,6,1,2,163,-1.3954
1971,6,1,3,128,-0.1394
1971,6,1,4,121,-3.5282
1971,6,1,5,149,-1.1545
1971,6,2,1,103,1.3587
1971,6,2,2,72,-0.6816
1971,6,2,3,69,-0.5965
1971,6,2,4,66,-0.5858
1971,6,2,5,68,-1.8982
1971,6,3,1,142,1.1245
1971,6,3,2,114,1.3000
1971,6,3,3,112,0.0876
1971,6,3,4,111,-0.3552
1971,6,3,5,86,-0.5811
1971,7,1,1,171,-8.1160
1971,7,1,2,130,-7.2162
1971,7,1,3,148,-7.2686
1971,7,1,4,124,-5.2571
1971,7,1,5,211,-5.7104
1971,7,2,1,86,-6.5021
1971,7,2,2,67,-4.2642
1971,7,2,3,78,-4.2869
1971,7,2,4,74,-5.0411
1971,7,2,5,90,-4.2248
1971,7,3,1,161,-4.5917
1971,7,3,2,138,-3.1701
1971,7,3,3,102,-3.4261
1971,7,3,4,105,-3.5643
1971,7,3,5,75,-5.8924
1971,8,1,1,171,2.2317
1971,8,1,2,130,3.0693
1971,8,1,3,148,5.2002
1971,8,1,4,124,5.1471
1971,8,1,5,211,5.6677
1971,8,2,1,86,3.5951
1971,8,2,2,67,5.4996
1971,8,2,3,78,5.2037
1971,8,2,4,74,3.8224
1971,8,2,5,90,4.8558
1971,8,3,1,161,5.3889
1971,8,3,2,137,5.5649
1971,8,3,3,101,1.7008
1971,8,3,4,105,0.5743
1971,8,3,5,75,6.9932
1971,9,1,1,171,-0.4480
1971,9,1,2,130,0.2200
1971,9,1,3,148,0.4243
1971,9,1,4,124,0.4064
1971,9,1,5,211,-1.5700
1971,9,2,1,86,1.3235
1971,9,2,2,67,0.3513
1971,9,2,3,78,-1.6894
1971,9,2,4,73,-1.6140
1971,9,2,5,89,-2.0334
1971,9,3,1,161,0.8267
1971,9,3,2,137,-0.6619
1971,9,3,3,101,-1.8747
1971,9,3,4,105,-0.8511
1971,9,3,5,75,-3.2317
1971,10,1,1,171,-7.9501
1971,10,1,2,130,-6.5243
1971,10,1,3,148,-6.6002
1971,10,1,4,124,-5.0921
1971,10,1,5,211,-6.0477
1971,10,2,1,85,-6.1712
1971,10,2,2,67,-4.3403
1971,10,2,3,78,-4.5508
1971,10,2,4,73,-4.4176
1971,10,2,5,89,-5.4841
1971,10,3,1,161,-3.2312
1971,10,3,2,137,-5.5248
1971,10,3,3,101,-4.4155
1971,10,3,4,105,-3.5903
1971,10,3,5,75,-4.1111
1971,11,1,1,171,-4.1233
1971,11,1,2,130,-4.8051
1971,11,1,3,148,-4.0947
1971,11,1,4,124,-3.1594
1971,11,1,5,211,-4.9673
1971,11,2,1,85,-1.1961
1971,11,2,2,67,-3.1274
1971,11,2,3,78,-3.2487
1971,11,2,4,73,-0.9857
1971,11,2,5,89,-2.3959
1971,11,3,1,161,1.1133
1971,11,3,2,137,-0.8894
1971,11,3,3,101,-0.8216
1971,11,3,4,105,0.1562
1971,11,3,5,75,-0.8872
1971,12,1,1,171,13.4504
1971,12,1,2,129,13.7154
1971,12,1,3,147,12.9544
1971,12,1,4,123,11.5738
1971,12,1,5,211,13.9214
1971,12,2,1,85,13.3350
1971,12,2,2,67,11.9798
1971,12,2,3,78,10.6595
1971,12,2,4,73,11.5652
1971,12,2,5,89,11.6895
1971,12,3,1,161,9.2622
1971,12,3,2,137,8.4654
1971,12,3,3,101,9.2876
1971,12,3,4,105,8.7674
1971,12,3,5,75,8.3936
1972,1,1,1,171,15.0737
1972,1,1,2,129,12.8342
1972,1,1,3,147,11.5017
1972,1,1,4,122,11.2689
1972,1,1,5,211,13.0563
1972,1,2,1,85,9.9462
1972,1,2,2,66,4.4252
1972,1,2,3,78,5.8539
1972,1,2,4,72,6.0112
1972,1,2,5,89,6.6132
1972,1,3,1,161,2.6163
1972,1,3,2,137,1.3822
1972,1,3,3,101,1.4125
1972,1,3,4,105,1.0097
1972,1,3,5,75,4.8781
1972,2,1,1,171,4.5980
1972,2,1,2,128,3.5515
1972,2,1,3,146,3.9314
1972,2,1,4,122,5.1260
1972,2,1,5,211,3.9501
1972,2,2,1,85,3.6975
1972,2,2,2,66,5.0919
1972,2,2,3,78,1.8617
1972,2,2,4,72,3.5902
1972,2,2,5,88,3.0155
1972,2,3,1,161,5.4569
1972,2,3,2,137,2.5955
1972,2,3,3,101,2.0552
1972,2,3,4,105,1.0788
1972,2,3,5,75,0.8100
1972,3,1,1,171,0.2943
1972,3,1,2,128,-0.3151
1972,3,1,3,146,-0.5491
1972,3,1,4,122,-1.0020
1972,3,1,5,210,-0.9481
1972,3,2,1,85,1.7382
1972,3,2,2,66,1.6298
1972,3,2,3,78,0.9935
1972,3,2,4,72,-0.6646
1972,3,2,5,88,-0.9001
1972,3,3,1,161,2.0760
1972,3,3,2,137,2.9986
1972,3,3,3,101,-1.0202
1972,3,3,4,105,-3.0155
1972,3,3,5,75,-0.3509
1972,4,1,1,171,0.4399
1972,4,1,2,127,-1.0524
1972,4,1,3,146,0.9237
1972,4,1,4,122,1.9082
1972,4,1,5,210,0.1014
1972,4,2,1,85,0.5480
1972,4,2,2,66,1.0497
1972,4,2,3,78,2.5485
1972,4,2,4,72,0.3890
1972,4,2,5,88,0.6218
1972,4,3,1,161,1.2791
1972,4,3,2,137,-0.1570
1972,4,3,3,101,0.0143
1972,4,3,4,105,-0.3305
1972,4,3,5,75,0.1492
1972,5,1,1,171,-0.8289
1972,5,1,2,126,-3.7117
1972,5,1,3,146,-1.9236
1972,5,1,4,122,-2.7641
1972,5,1,5,209,-1.4918
1972,5,2,1,85,-1.2015
1972,5,2,2,66,-0.4493
1972,5,2,3,78,-1.2207
1972,5,2,4,72,-1.9288
1972,5,2,5,88,-2.4726
1972,5,3,1,161,3.8260
1972,5,3,2,137,0.4287
1972,5,3,3,100,-0.2434
1972,5,3,4,105,2.1534
1972,5,3,5,75,0.2558
1972,6,1,1,171,-3.3122
1972,6,1,2,125,-4.4514
1972,6,1,3,146,-4.0209
1972,6,1,4,122,-3.4893
1972,6,1,5,209,-2.7230
1972,6,2,1,85,-2.1157
1972,6,2,2,66,-3.7164
1972,6,2,3,78,-1.9260
1972,6,2,4,72,-2.1020
1972,6,2,5,88,-3.2079
1972,6,3,1,160,-0.7156
1972,6,3,2,137,-1.9694
1972,6,3,3,100,-2.5962
1972,6,3,4,105,-3.1732
1972,6,3,5,75,-4.7018
1972,7,1,1,142,-4.5848
1972,7,1,2,155,-4.4186
1972,7,1,3,169,-4.0578
1972,7,1,4,145,-3.4205
1972,7,1,5,184,-2.5238
1972,7,2,1,82,-4.7423
1972,7,2,2,84,-4.0325
1972,7,2,3,87,-3.6670
1972,7,2,4,86,-1.1796
1972,7,2,5,87,-2.4912
1972,7,3,1,177,1.3616
1972,7,3,2,133,-1.4412
1972,7,3,3,114,-1.8909
1972,7,3,4,103,-0.7868
1972,7,3,5,86,-1.2526
1972,8,1,1,140,-2.1670
1972,8,1,2,155,-1.2970
1972,8,1,3,169,-0.3527
1972,8,1,4,144,1.5136
1972,8,1,5,184,2.5763
1972,8,2,1,81,0.1875
1972,8,2,2,84,-0.4651
1972,8,2,3,87,2.5500
1972,8,2,4,86,5.1425
1972,8,2,5,87,1.9234
1972,8,3,1,177,-0.0410
1972,8,3,2,133,3.7194
1972,8,3,3,114,5.0484
1972,8,3,4,103,8.8078
1972,8,3,5,86,7.2561
1972,9,1,1,141,-5.9303
1972,9,1,2,155,-3.9020
1972,9,1,3,169,-4.1435
1972,9,1,4,144,-4.1677
1972,9,1,5,183,-4.1301
1972,9,2,1,81,-3.0124
1972,9,2,2,82,-3.2229
1972,9,2,3,87,-2.1919
1972,9,2,4,86,-2.8225
1972,9,2,5,87,-1.8593
1972,9,3,1,177,0.3064
1972,9,3,2,132,-1.7046
1972,9,3,3,114,-4.2145
1972,9,3,4,103,-0.6508
1972,9,3,5,86,0.9097
1972,10,1,1,140,-5.0232
1972,10,1,2,155,-4.1069
1972,10,1,3,169,-0.9001
1972,10,1,4,143,-1.3362
1972,10,1,5,182,-0.5402
1972,10,2,1,81,-2.7137
1972,10,2,2,82,-2.4846
1972,10,2,3,87,-0.7693
1972,10,2,4,86,2.1970
1972,10,2,5,87,-0.4356
1972,10,3,1,177,0.4634
1972,10,3,2,132,1.9021
1972,10,3,3,114,1.0762
1972,10,3,4,103,1.1883
1972,10,3,5,86,2.6670
1972,11,1,1,141,2.0100
1972,11,1,2,154,2.6053
1972,11,1,3,169,4.7890
1972,11,1,4,143,7.3368
1972,11,1,5,182,5.5829
1972,11,2,1,80,3.3508
1972,11,2,2,82,4.7479
1972,11,2,3,87,5.7419
1972,11,2,4,86,8.1925
1972,11,2,5,87,8.4979
1972,11,3,1,177,1.3983
1972,11,3,2,131,5.6833
1972,11,3,3,114,8.0389
1972,11,3,4,103,7.6064
1972,11,3,5,86,9.2153
1972,12,1,1,141,-0.8005
1972,12,1,2,154,-3.8649
1972,12,1,3,169,-2.4097
1972,12,1,4,143,-2.1738
1972,12,1,5,182,-1.3729
1972,12,2,1,80,-0.1753
1972,12,2,2,82,-0.7986
1972,12,2,3,87,-0.6756
1972,12,2,4,85,0.0703
1972,12,2,5,87,-2.8023
1972,12,3,1,177,3.6391
1972,12,3,2,132,0.0753
1972,12,3,3,114,-1.2417
1972,12,3,4,103,-0.1763
1972,12,3,5,86,-0.2388
1973,1,1,1,141,-5.6093
1973,1,1,2,153,-4.9473
1973,1,1,3,169,-3.6168
1973,1,1,4,143,-2.0735
1973,1,1,5,182,-4.0442
1973,1,2,1,79,-10.3305
1973,1,2,2,82,-7.3073
1973,1,2,3,87,-5.5395
1973,1,2,4,85,-4.3817
1973,1,2,5,87,-3.3375
1973,1,3,1,177,-1.1945
1973,1,3,2,132,-5.5538
1973,1,3,3,114,-5.3950
1973,1,3,4,103,-0.3032
1973,1,3,5,86,-1.5106
1973,2,1,1,141,-10.4491
1973,2,1,2,153,-7.7998
1973,2,1,3,168,-9.1512
1973,2,1,4,143,-7.3882
1973,2,1,5,181,-6.2205
1973,2,2,1,79,-11.8083
1973,2,2,2,82,-9.4846
1973,2,2,3,87,-8.8258
1973,2,2,4,84,-5.8043
1973,2,2,5,87,-4.5587
1973,2,3,1,177,-2.4126
1973,2,3,2,132,-4.5041
1973,2,3,3,114,-3.3738
1973,2,3,4,103,-5.5232
1973,2,3,5,86,-4.6872
1973,3,1,1,140,-4.1374
1973,3,1,2,153,-4.2435
1973,3,1,3,166,-2.4749
1973,3,1,4,143,-1.5011
1973,3,1,5,181,-1.8516
1973,3,2,1,79,-4.0567
1973,3,2,2,82,-5.6211
1973,3,2,3,87,-4.0017
1973,3,2,4,84,0.9074
1973,3,2,5,87,-0.9222
1973,3,3,1,176,-1.1278
1973,3,3,2,132,-1.5457
1973,3,3,3,113,-1.2850
1973,3,3,4,103,1.5327
1973,3,3,5,86,0.5389
1973,4,1,1,140,-8.8965
1973,4,1,2,153,-7.4673
1973,4,1,3,165,-7.3296
1973,4,1,4,142,-5.8266
1973,4,1,5,181,-6.1710
1973,4,2,1,80,-11.3609
1973,4,2,2,82,-8.9010
1973,4,2,3,87,-6.0244
1973,4,2,4,84,-4.6100
1973,4,2,5,87,-3.2705
1973,4,3,1,176,-6.1591
1973,4,3,2,132,-5.6381
1973,4,3,3,112,-3.8651
1973,4,3,4,103,-2.0821
1973,4,3,5,86,-0.4085
1973,5,1,1,138,-11.1899
1973,5,1,2,153,-9.8975
1973,5,1,3,164,-9.5445
1973,5,1,4,142,-4.9294
1973,5,1,5,181,-8.2985
1973,5,2,1,80,-10.0269
1973,5,2,2,82,-8.8120
1973,5,2,3,87,-8.9549
1973,5,2,4,84,-4.3376
1973,5,2,5,87,-7.4881
1973,5,3,1,176,-0.2574
1973,5,3,2,132,-2.1792
1973,5,3,3,113,-1.9494
1973,5,3,4,102,-3.4341
1973,5,3,5,86,-1.5677
1973,6,1,1,135,-3.2374
1973,6,1,2,152,-4.0053
1973,6,1,3,164,-3.8970
1973,6,1,4,141,-3.6759
1973,6,1,5,179,-2.4278
1973,6,2,1,80,-6.6792
1973,6,2,2,82,-3.8958
1973,6,2,3,87,-4.8543
1973,6,2,4,83,-1.2994
1973,6,2,5,87,-1.2410
1973,6,3,1,175,-0.6915
1973,6,3,2,132,-2.4802
1973,6,3,3,113,-2.7253
1973,6,3,4,102,-0.1233
1973,6,3,5,86,-1.0658
1973,7,1,1,192,20.2592
1973,7,1,2,256,18.6263
1973,7,1,3,265,12.2212
1973,7,1,4,208,12.8990
1973,7,1,5,306,11.1731
1973,7,2,1,113,20.5392
1973,7,2,2,111,13.9662
1973,7,2,3,83,8.8302
1973,7,2,4,101,7.7849
1973,7,2,5,107,8.3183
1973,7,3,1,217,5.8218
1973,7,3,2,144,7.4974
1973,7,3,3,127,1.9100
1973,7,3,4,113,0.7981
1973,7,3,5,81,4.7114
1973,8,1,1,191,-5.7689
1973,8,1,2,255,-8.4778
1973,8,1,3,265,-6.1926
1973,8,1,4,207,-6.0935
1973,8,1,5,304,-4.8511
1973,8,2,1,113,-1.3704
1973,8,2,2,111,-4.7379
1973,8,2,3,83,-3.4882
1973,8,2,4,101,-5.2536
1973,8,2,5,107,-3.2988
1973,8,3,1,217,-3.6802
1973,8,3,2,144,-1.4440
1973,8,3,3,127,-3.9310
1973,8,3,4,113,-2.4123
1973,8,3,5,81,-1.8120
1973,9,1,1,191,12.0837
1973,9,1,2,254,12.2395
1973,9,1,3,265,8.0381
1973,9,1,4,207,7.7455
1973,9,1,5,301,6.9658
1973,9,2,1,112,10.8196
1973,9,2,2,110,12.8184
1973,9,2,3,82,9.9984
1973,9,2,4,101,11.0181
1973,9,2,5,107,9.4408
1973,9,3,1,216,0.0435
1973,9,3,2,144,10.0202
1973,9,3,3,127,8.7544
1973,9,3,4,113,7.9221
1973,9,3,5,81,11.2736
1973,10,1,1,190,-1.4828
1973,10,1,2,254,-0.5178
1973,10,1,3,264,1.6512
1973,10,1,4,206,0.4748
1973,10,1,5,301,-0.2461
1973,10,2,1,112,-1.3699
1973,10,2,2,110,-0.5629
1973,10,2,3,82,-0.2244
1973,10,2,4,101,0.3477
1973,10,2,5,107,1.1802
1973,10,3,1,214,0.4188
1973,10,3,2,144,1.4434
1973,10,3,3,127,-0.0108
1973,10,3,4,113,-2.7447
1973,10,3,5,81,1.3141
1973,11,1,1,191,-23.2960
1973,11,1,2,254,-20.7831
1973,11,1,3,265,-19.2473
1973,11,1,4,206,-18.8618
1973,11,1,5,302,-18.0528
1973,11,2,1,112,-22.7357
1973,11,2,2,110,-20.5308
1973,11,2,3,81,-18.5099
1973,11,2,4,101,-16.2525
1973,11,2,5,107,-15.4361
1973,11,3,1,214,-10.9942
1973,11,3,2,144,-13.8939
1973,11,3,3,127,-12.4119
1973,11,3,4,113,-9.3833
1973,11,3,5,81,-14.0420
1973,12,1,1,190,-6.0741
1973,12,1,2,252,-3.7644
1973,12,1,3,264,-3.0758
1973,12,1,4,205,-2.4353
1973,12,1,5,302,-3.2222
1973,12,2,1,112,-2.0213
1973,12,2,2,109,-0.0835
1973,12,2,3,80,-1.2168
1973,12,2,4,101,1.5589
1973,12,2,5,106,-1.4192
1973,12,3,1,215,-2.4654
1973,12,3,2,144,3.5709
1973,12,3,3,127,6.2944
1973,12,3,4,113,4.9628
1973,12,3,5,81,4.9188
1974,1,1,1,190,15.4219
1974,1,1,2,253,14.5720
1974,1,1,3,262,15.5872
1974,1,1,4,206,12.0095
1974,1,1,5,300,15.8929
1974,1,2,1,111,3.3129
1974,1,2,2,110,7.1106
1974,1,2,3,80,10.7622
1974,1,2,4,101,9.0348
1974,1,2,5,106,12.1873
1974,1,3,1,215,-1.6703
1974,1,3,2,144,-1.0060
1974,1,3,3,127,-1.9598
1974,1,3,4,113,2.3221
1974,1,3,5,81,4.6285
1974,2,1,1,190,-2.3487
1974,2,1,2,251,-1.9488
1974,2,1,3,260,-0.2357
1974,2,1,4,205,0.2383
1974,2,1,5,299,1.7403
1974,2,2,1,111,1.6010
1974,2,2,2,110,-0.0239
1974,2,2,3,80,1.9071
1974,2,2,4,101,3.3579
1974,2,2,5,106,2.8644
1974,2,3,1,214,-1.9135
1974,2,3,2,144,2.3360
1974,2,3,3,127,0.6800
1974,2,3,4,113,1.9333
1974,2,3,5,81,2.4152
1974,3,1,1,188,-1.8314
1974,3,1,2,248,0.6700
1974,3,1,3,260,-0.0040
1974,3,1,4,203,2.5371
1974,3,1,5,297,2.3100
1974,3,2,1,110,-1.1775
1974,3,2,2,110,-0.0611
1974,3,2,3,80,0.3472
1974,3,2,4,101,0.0101
1974,3,2,5,106,-0.7432
1974,3,3,1,214,-1.6256
1974,3,3,2,143,-2.1048
1974,3,3,3,127,-2.8231
1974,3,3,4,113,-3.1882
1974,3,3,5,81,-2.1020
1974,4,1,1,188,-6.5304
1974,4,1,2,247,-5.8886
1974,4,1,3,260,-5.8655
1974,4,1,4,205,-3.7720
1974,4,1,5,296,-3.3610
1974,4,2,1,110,-7.9842
1974,4,2,2,110,-5.4198
1974,4,2,3,80,-5.3684
1974,4,2,4,101,-2.7744
1974,4,2,5,105,-3.9736
1974,4,3,1,214,-3.0840
1974,4,3,2,143,-3.2140
1974,4,3,3,127,-4.1835
1974,4,3,4,113,-6.8654
1974,4,3,5,81,-2.5921
1974,5,1,1,187,-8.9341
1974,5,1,2,246,-7.2078
1974,5,1,3,259,-6.9975
1974,5,1,4,205,-7.4297
1974,5,1,5,294,-6.0773
1974,5,2,1,110,-7.3093
1974,5,2,2,110,-7.9233
1974,5,2,3,79,-5.6391
1974,5,2,4,99,-6.4309
1974,5,2,5,106,-7.5504
1974,5,3,1,214,-0.3530
1974,5,3,2,143,-5.0678
1974,5,3,3,127,-5.7228
1974,5,3,4,113,-2.6529
1974,5,3,5,81,-5.0495
1974,6,1,1,186,-5.1570
1974,6,1,2,246,-3.0035
1974,6,1,3,258,-1.5209
1974,6,1,4,205,-1.0787
1974,6,1,5,293,-1.5729
1974,6,2,1,110,-3.6380
1974,6,2,2,109,-1.6248
1974,6,2,3,79,-1.3844
1974,6,2,4,99,-0.9865
1974,6,2,5,105,-0.3390
1974,6,3,1,214,-1.1305
1974,6,3,2,143,-0.8848
1974,6,3,3,127,-1.9810
1974,6,3,4,113,-1.8603
1974,6,3,5,81,-1.6710
1974,7,1,1,240,-7.9329
1974,7,1,2,297,-5.8182
1974,7,1,3,286,-4.8938
1974,7,1,4,349,-4.3870
1974,7,1,5,550,-4.3858
1974,7,2,1,133,-7.2928
1974,7,2,2,132,-6.4010
1974,7,2,3,125,-3.0510
1974,7,2,4,110,-2.8583
1974,7,2,5,105,-1.7585
1974,7,3,1,256,-11.2082
1974,7,3,2,167,-1.2785
1974,7,3,3,122,-4.1498
1974,7,3,4,103,-6.2329
1974,7,3,5,58,-5.3469
1974,8,1,1,238,-9.8404
1974,8,1,2,295,-7.5031
1974,8,1,3,284,-6.2993
1974,8,1,4,349,-7.1513
1974,8,1,5,547,-7.0864
1974,8,2,1,132,-8.7421
1974,8,2,2,131,-10.1720
1974,8,2,3,125,-7.8211
1974,8,2,4,109,-7.5432
1974,8,2,5,105,-6.5384
1974,8,3,1,256,-9.5167
1974,8,3,2,167,-11.1139
1974,8,3,3,122,-4.4899
1974,8,3,4,103,-5.0632
1974,8,3,5,58,-7.2861
1974,9,1,1,238,-12.2523
1974,9,1,2,291,-9.9533
1974,9,1,3,283,-6.9215
1974,9,1,4,347,-7.9870
1974,9,1,5,540,-8.3615
1974,9,2,1,133,-15.0254
1974,9,2,2,130,-7.3869
1974,9,2,3,125,-8.2941
1974,9,2,4,109,-7.5001
1974,9,2,5,104,-7.4468
1974,9,3,1,256,-15.8319
1974,9,3,2,166,-8.1049
1974,9,3,3,122,-5.3693
1974,9,3,4,103,-8.8655
1974,9,3,5,58,-6.9159
1974,10,1,1,238,14.3483
1974,10,1,2,289,10.7854
1974,10,1,3,280,7.8047
1974,10,1,4,346,7.1807
1974,10,1,5,534,7.1600
1974,10,2,1,131,15.1868
1974,10,2,2,130,12.4605
1974,10,2,3,124,7.8844
1974,10,2,4,108,7.8756
1974,10,2,5,105,7.8312
1974,10,3,1,256,21.8388
1974,10,3,2,165,16.4854
1974,10,3,3,122,12.7952
1974,10,3,4,103,6.2829
1974,10,3,5,58,3.8870
1974,11,1,1,237,-5.0355
1974,11,1,2,284,-6.7145
1974,11,1,3,282,-4.2795
1974,11,1,4,345,-5.6445
1974,11,1,5,531,-6.4544
1974,11,2,1,131,-4.2852
1974,11,2,2,130,-4.7330
1974,11,2,3,124,-3.1716
1974,11,2,4,109,-5.1023
1974,11,2,5,104,-6.3707
1974,11,3,1,256,-4.5894
1974,11,3,2,165,-3.0614
1974,11,3,3,122,-4.4495
1974,11,3,4,103,-4.4753
1974,11,3,5,58,-1.8956
1974,12,1,1,237,-7.1946
1974,12,1,2,282,-7.0984
1974,12,1,3,281,-7.2588
1974,12,1,4,344,-7.5937
1974,12,1,5,527,-8.6203
1974,12,2,1,132,-7.5681
1974,12,2,2,129,-5.5643
1974,12,2,3,125,-4.3535
1974,12,2,4,109,-5.7679
1974,12,2,5,104,-6.5757
1974,12,3,1,256,-4.0054
1974,12,3,2,164,-1.1580
1974,12,3,3,122,0.4583
1974,12,3,4,103,-0.0235
1974,12,3,5,58,-2.4750
1975,1,1,1,236,28.5005
1975,1,1,2,282,27.4037
1975,1,1,3,282,26.0319
1975,1,1,4,339,28.9666
1975,1,1,5,528,31.5451
1975,1,2,1,132,23.3739
1975,1,2,2,127,26.4769
1975,1,2,3,125,25.2504
1975,1,2,4,108,27.4754
1975,1,2,5,104,30.5029
1975,1,3,1,256,9.7402
1975,1,3,2,164,11.6003
1975,1,3,3,122,15.9068
1975,1,3,4,103,20.8547
1975,1,3,5,58,21.5741
1975,2,1,1,235,6.7902
1975,2,1,2,282,7.7772
1975,2,1,3,279,4.0976
1975,2,1,4,339,3.2974
1975,2,1,5,525,4.5046
1975,2,2,1,132,8.9689
1975,2,2,2,126,4.9763
1975,2,2,3,125,5.6840
1975,2,2,4,108,3.1449
1975,2,2,5,104,0.7411
1975,2,3,1,256,10.9817
1975,2,3,2,164,3.1611
1975,2,3,3,122,3.6744
1975,2,3,4,103,2.7344
1975,2,3,5,58,0.4486
1975,3,1,1,233,7.1758
1975,3,1,2,283,9.6684
1975,3,1,3,278,8.5106
1975,3,1,4,340,9.4257
1975,3,1,5,525,9.4597
1975,3,2,1,132,5.5897
1975,3,2,2,126,10.0433
1975,3,2,3,125,6.0345
1975,3,2,4,108,5.4695
1975,3,2,5,104,9.1493
1975,3,3,1,255,3.5721
1975,3,3,2,164,2.1389
1975,3,3,3,122,0.1032
1975,3,3,4,103,4.2888
1975,3,3,5,58,6.8855
1975,4,1,1,233,7.0339
1975,4,1,2,283,7.7215
1975,4,1,3,278,4.5791
1975,4,1,4,340,3.7226
1975,4,1,5,524,2.1024
1975,4,2,1,132,6.1532
1975,4,2,2,126,7.6708
1975,4,2,3,125,3.2175
1975,4,2,4,108,2.9676
1975,4,2,5,104,3.8682
1975,4,3,1,255,5.5622
1975,4,3,2,164,6.9741
1975,4,3,3,122,2.2632
1975,4,3,4,103,3.3051
1975,4,3,5,58,5.8471
1975,5,1,1,233,11.7908
1975,5,1,2,283,10.9533
1975,5,1,3,277,8.2870
1975,5,1,4,341,8.9991
1975,5,1,5,523,6.2985
1975,5,2,1,132,11.3310
1975,5,2,2,126,9.9160
1975,5,2,3,125,6.3902
1975,5,2,4,108,6.1211
1975,5,2,5,104,5.9234
1975,5,3,1,255,4.8729
1975,5,3,2,164,7.0930
1975,5,3,3,122,5.2841
1975,5,3,4,103,5.0347
1975,5,3,5,58,3.8050
1975,6,1,1,232,7.1530
1975,6,1,2,282,6.7411
1975,6,1,3,274,8.1832
1975,6,1,4,337,7.4504
1975,6,1,5,522,8.1211
1975,6,2,1,132,8.4056
1975,6,2,2,125,5.6593
1975,6,2,3,125,6.3073
1975,6,2,4,108,8.6033
1975,6,2,5,104,4.4326
1975,6,3,1,255,3.2322
1975,6,3,2,164,6.5847
1975,6,3,3,121,6.1921
1975,6,3,4,103,8.0367
1975,6,3,5,58,7.7942
1975,7,1,1,266,-1.9566
1975,7,1,2,313,0.6907
1975,7,1,3,322,-1.9309
1975,7,1,4,394,-0.6240
1975,7,1,5,562,0.1381
1975,7,2,1,109,-4.2975
1975,7,2,2,148,-2.6976
1975,7,2,3,121,-4.0015
1975,7,2,4,122,-2.7871
1975,7,2,5,117,-4.4867
1975,7,3,1,251,-8.5316
1975,7,3,2,166,-4.0093
1975,7,3,3,130,-4.1351
1975,7,3,4,96,-4.4275
1975,7,3,5,64,-4.7480
1975,8,1,1,263,-6.1914
1975,8,1,2,311,-6.3803
1975,8,1,3,318,-5.7449
1975,8,1,4,391,-5.4442
1975,8,1,5,561,-6.5244
1975,8,2,1,109,-4.5752
1975,8,2,2,148,-3.9234
1975,8,2,3,121,-3.2369
1975,8,2,4,122,-3.3802
1975,8,2,5,117,-6.7513
1975,8,3,1,251,-2.3684
1975,8,3,2,166,-1.4851
1975,8,3,3,130,-0.2239
1975,8,3,4,96,0.1845
1975,8,3,5,64,-2.1871
1975,9,1,1,262,-3.9876
1975,9,1,2,313,-2.7269
1975,9,1,3,319,-1.6122
1975,9,1,4,393,-3.2903
1975,9,1,5,561,-3.8307
1975,9,2,1,107,-3.8966
1975,9,2,2,148,-4.1606
1975,9,2,3,121,-3.8061
1975,9,2,4,121,-2.7049
1975,9,2,5,117,-2.8999
1975,9,3,1,251,-4.5936
1975,9,3,2,166,-1.4785
1975,9,3,3,129,-2.7334
1975,9,3,4,96,-2.3174
1975,9,3,5,64,-4.7093
1975,10,1,1,259,1.1384
1975,10,1,2,313,3.7806
1975,10,1,3,318,0.5748
1975,10,1,4,391,2.9062
1975,10,1,5,559,1.7148
1975,10,2,1,106,1.1292
1975,10,2,2,148,4.1200
1975,10,2,3,121,3.4740
1975,10,2,4,122,2.9733
1975,10,2,5,116,2.5869
1975,10,3,1,251,8.6191
1975,10,3,2,166,4.1249
1975,10,3,3,129,5.2979
1975,10,3,4,96,4.2190
1975,10,3,5,64,3.0924
1975,11,1,1,260,-0.6291
1975,11,1,2,310,1.7542
1975,11,1,3,314,3.2032
1975,11,1,4,393,3.0882
1975,11,1,5,559,4.2260
1975,11,2,1,106,1.9791
1975,11,2,2,148,1.9573
1975,11,2,3,120,4.2422
1975,11,2,4,122,2.8630
1975,11,2,5,116,4.9076
1975,11,3,1,251,3.3538
1975,11,3,2,165,2.2547
1975,11,3,3,128,1.5484
1975,11,3,4,96,3.8285
1975,11,3,5,64,4.1378
1975,12,1,1,258,-0.0934
1975,12,1,2,310,-0.8283
1975,12,1,3,313,-1.3752
1975,12,1,4,392,-1.4669
1975,12,1,5,554,-2.1513
1975,12,2,1,104,-2.2564
1975,12,2,2,148,-2.9767
1975,12,2,3,120,-0.5324
1975,12,2,4,122,-0.2849
1975,12,2,5,116,-0.4080
1975,12,3,1,251,-2.8616
1975,12,3,2,166,0.3702
1975,12,3,3,129,0.7420
1975,12,3,4,96,0.6017
1975,12,3,5,64,0.5966
1976,1,1,1,257,17.5960
1976,1,1,2,309,18.1522
1976,1,1,3,313,21.6405
1976,1,1,4,392,22.6432
1976,1,1,5,551,25.8201
1976,1,2,1,104,14.2423
1976,1,2,2,147,17.3732
1976,1,2,3,119,19.4770
1976,1,2,4,121,19.0627
1976,1,2,5,116,22.0835
1976,1,3,1,250,11.8007
1976,1,3,2,166,9.4565
1976,1,3,3,129,12.6395
1976,1,3,4,96,17.3135
1976,1,3,5,64,22.3578
1976,2,1,1,249,8.7079
1976,2,1,2,300,8.7365
1976,2,1,3,302,10.7580
1976,2,1,4,379,11.3491
1976,2,1,5,537,13.8213
1976,2,2,1,104,5.4704
1976,2,2,2,147,5.8739
1976,2,2,3,117,5.9147
1976,2,2,4,120,6.9955
1976,2,2,5,116,11.1643
1976,2,3,1,250,-2.1858
1976,2,3,2,166,0.7556
1976,2,3,3,129,0.7409
1976,2,3,4,96,1.5169
1976,2,3,5,64,5.8646
1976,3,1,1,254,3.3006
1976,3,1,2,309,1.5754
1976,3,1,3,312,2.0758
1976,3,1,4,391,1.2808
1976,3,1,5,550,0.7038
1976,3,2,1,104,0.8246
1976,3,2,2,147,2.1218
1976,3,2,3,117,1.4973
1976,3,2,4,121,0.8224
1976,3,2,5,116,1.6897
1976,3,3,1,250,2.9280
1976,3,3,2,165,3.2653
1976,3,3,3,129,2.0267
1976,3,3,4,96,3.0977
1976,3,3,5,64,0.5809
1976,4,1,1,249,-1.6973
1976,4,1,2,308,-0.5578
1976,4,1,3,304,-1.1172
1976,4,1,4,379,-1.4623
1976,4,1,5,540,-1.9017
1976,4,2,1,104,-1.9024
1976,4,2,2,146,-0.2489
1976,4,2,3,117,-0.8438
1976,4,2,4,119,-0.1285
1976,4,2,5,116,-0.8949
1976,4,3,1,250,-2.7760
1976,4,3,2,165,0.8379
1976,4,3,3,129,1.4458
1976,4,3,4,96,0.6435
1976,4,3,5,64,-1.6976
1976,5,1,1,253,-2.0882
1976,5,1,2,309,-2.1545
1976,5,1,3,309,-1.6919
1976,5,1,4,386,-4.1622
1976,5,1,5,540,-3.2705
1976,5,2,1,104,-2.0568
1976,5,2,2,145,-0.7339
1976,5,2,3,117,-1.7807
1976,5,2,4,118,-1.7791
1976,5,2,5,116,-1.9287
1976,5,3,1,250,-1.8498
1976,5,3,2,165,0.2392
1976,5,3,3,129,0.3835
1976,5,3,4,96,-0.6923
1976,5,3,5,64,2.3470
1976,6,1,1,253,2.8586
1976,6,1,2,307,2.6444
1976,6,1,3,310,2.4857
1976,6,1,4,384,1.9802
1976,6,1,5,541,3.7974
1976,6,2,1,104,4.3309
1976,6,2,2,146,4.1555
1976,6,2,3,117,4.6581
1976,6,2,4,118,4.5560
1976,6,2,5,115,5.7804
1976,6,3,1,249,4.2081
1976,6,3,2,164,3.5799
1976,6,3,3,129,4.8324
1976,6,3,4,95,6.1208
1976,6,3,5,64,6.8946
1976,7,1,1,266,-0.1210
1976,7,1,2,308,-0.5497
1976,7,1,3,310,-0.0232
1976,7,1,4,338,0.9072
1976,7,1,5,598,0.1031
1976,7,2,1,111,-1.7447
1976,7,2,2,144,0.1232
1976,7,2,3,123,1.5606
1976,7,2,4,122,0.9366
1976,7,2,5,114,0.0743
1976,7,3,1,233,-1.6961
1976,7,3,2,145,-0.7449
1976,7,3,3,141,-0.2356
1976,7,3,4,109,0.7595
1976,7,3,5,71,-0.4106
1976,8,1,1,262,-3.4981
1976,8,1,2,308,-2.2271
1976,8,1,3,310,-1.1419
1976,8,1,4,338,-1.4592
1976,8,1,5,595,-1.0352
1976,8,2,1,110,-5.3151
1976,8,2,2,143,-1.0649
1976,8,2,3,123,-1.3261
1976,8,2,4,122,-1.0013
1976,8,2,5,114,-3.0978
1976,8,3,1,233,-0.0887
1976,8,3,2,144,-0.3480
1976,8,3,3,141,1.4666
1976,8,3,4,109,0.5666
1976,8,3,5,71,-2.8945
1976,9,1,1,252,2.4557
1976,9,1,2,283,2.3072
1976,9,1,3,276,1.6483
1976,9,1,4,302,2.0519
1976,9,1,5,532,2.0294
1976,9,2,1,108,2.9435
1976,9,2,2,138,3.8283
1976,9,2,3,120,2.0474
1976,9,2,4,118,5.1119
1976,9,2,5,113,3.3933
1976,9,3,1,233,1.7086
1976,9,3,2,143,3.5384
1976,9,3,3,140,2.9629
1976,9,3,4,109,4.3143
1976,9,3,5,71,3.8416
1976,10,1,1,264,-3.7906
1976,10,1,2,304,-2.9855
1976,10,1,3,308,-2.3535
1976,10,1,4,333,-0.2598
1976,10,1,5,590,-2.6493
1976,10,2,1,110,-3.1020
1976,10,2,2,141,-2.0959
1976,10,2,3,121,-1.9247
1976,10,2,4,121,-1.5397
1976,10,2,5,113,-3.7166
1976,10,3,1,233,-2.9520
1976,10,3,2,144,-1.8121
1976,10,3,3,141,-1.4087
1976,10,3,4,108,-2.1030
1976,10,3,5,71,-2.0769
1976,11,1,1,262,5.3127
1976,11,1,2,302,1.9866
1976,11,1,3,306,2.8216
1976,11,1,4,330,4.1965
1976,11,1,5,586,1.9511
1976,11,2,1,110,2.4874
1976,11,2,2,138,4.2309
1976,11,2,3,120,3.6868
1976,11,2,4,120,3.9440
1976,11,2,5,112,4.6406
1976,11,3,1,233,-1.1509
1976,11,3,2,144,0.6301
1976,11,3,3,140,1.4446
1976,11,3,4,108,2.2480
1976,11,3,5,71,2.9567
1976,12,1,1,263,10.1333
1976,12,1,2,303,10.6916
1976,12,1,3,307,9.3182
1976,12,1,4,335,9.1588
1976,12,1,5,588,10.6919
1976,12,2,1,110,9.6320
1976,12,2,2,140,9.5393
1976,12,2,3,121,7.8199
1976,12,2,4,121,8.6079
1976,12,2,5,112,9.3044
1976,12,3,1,233,3.5310
1976,12,3,2,144,6.4040
1976,12,3,3,141,5.5201
1976,12,3,4,108,7.7938
1976,12,3,5,71,8.6262
1977,1,1,1,263,2.2986
1977,1,1,2,300,2.2369
1977,1,1,3,305,3.9780
1977,1,1,4,334,5.7011
1977,1,1,5,585,5.9970
1977,1,2,1,108,-3.0516
1977,1,2,2,140,0.6444
1977,1,2,3,120,1.9005
1977,1,2,4,121,3.6844
1977,1,2,5,112,2.8309
1977,1,3,1,232,-7.8569
1977,1,3,2,144,-3.8515
1977,1,3,3,141,-1.1922
1977,1,3,4,108,-0.5670
1977,1,3,5,71,1.2811
1977,2,1,1,260,-0.1062
1977,2,1,2,296,-0.6970
1977,2,1,3,299,-1.9152
1977,2,1,4,332,0.6423
1977,2,1,5,578,0.4179
1977,2,2,1,104,-2.8038
1977,2,2,2,138,-0.7871
1977,2,2,3,119,-0.3015
1977,2,2,4,120,-0.9334
1977,2,2,5,111,-1.2227
1977,2,3,1,230,-1.3075
1977,2,3,2,143,-2.1678
1977,2,3,3,141,-1.2793
1977,2,3,4,108,-2.3981
1977,2,3,5,71,-2.3787
1977,3,1,1,261,1.3421
1977,3,1,2,299,0.3152
1977,3,1,3,302,1.9114
1977,3,1,4,329,0.8107
1977,3,1,5,585,1.5587
1977,3,2,1,105,0.6556
1977,3,2,2,140,-0.2181
1977,3,2,3,119,1.9663
1977,3,2,4,120,0.0821
1977,3,2,5,111,-0.9223
1977,3,3,1,230,-1.7872
1977,3,3,2,144,-1.2328
1977,3,3,3,140,-0.8949
1977,3,3,4,106,-0.6737
1977,3,3,5,71,0.4046
1977,4,1,1,261,0.8273
1977,4,1,2,298,0.4527
1977,4,1,3,299,1.8070
1977,4,1,4,326,2.1295
1977,4,1,5,584,2.6491
1977,4,2,1,105,0.2858
1977,4,2,2,140,1.3820
1977,4,2,3,119,0.7130
1977,4,2,4,120,2.0230
1977,4,2,5,111,2.0875
1977,4,3,1,230,-2.5921
1977,4,3,2,143,1.4242
1977,4,3,3,140,1.8643
1977,4,3,4,105,2.7631
1977,4,3,5,71,2.9116
1977,5,1,1,261,-1.5752
1977,5,1,2,298,0.8050
1977,5,1,3,299,0.6816
1977,5,1,4,324,0.8078
1977,5,1,5,583,0.6263
1977,5,2,1,105,-1.4756
1977,5,2,2,140,0.1927
1977,5,2,3,119,0.0778
1977,5,2,4,120,-0.2077
1977,5,2,5,111,1.4371
1977,5,3,1,230,-2.7811
1977,5,3,2,143,-1.0364
1977,5,3,3,140,-0.1494
1977,5,3,4,106,0.3409
1977,5,3,5,71,-0.7492
1977,6,1,1,260,4.7679
1977,6,1,2,297,6.3371
1977,6,1,3,299,6.8771
1977,6,1,4,322,5.9590
1977,6,1,5,580,8.1104
1977,6,2,1,104,8.0016
1977,6,2,2,138,6.4423
1977,6,2,3,117,7.3575
1977,6,2,4,120,7.8267
1977,6,2,5,110,8.0492
1977,6,3,1,230,6.3680
1977,6,3,2,143,3.4003
1977,6,3,3,140,3.5054
1977,6,3,4,106,3.7923
1977,6,3,5,71,6.2354
1977,7,1,1,279,1.5792
1977,7,1,2,278,0.6414
1977,7,1,3,296,-0.3602
1977,7,1,4,370,1.4888
1977,7,1,5,692,0.5961
1977,7,2,1,137,-1.9280
1977,7,2,2,127,-0.2238
1977,7,2,3,121,-1.5689
1977,7,2,4,105,-0.2514
1977,7,2,5,112,-0.1066
1977,7,3,1,209,-1.2725
1977,7,3,2,165,-2.6003
1977,7,3,3,141,-1.5121
1977,7,3,4,111,-1.7572
1977,7,3,5,74,-1.2410
1977,8,1,1,277,0.2061
1977,8,1,2,277,0.2856
1977,8,1,3,296,-0.8145
1977,8,1,4,369,-0.7415
1977,8,1,5,690,-1.8244
1977,8,2,1,137,1.9766
1977,8,2,2,123,-1.1143
1977,8,2,3,121,-0.2409
1977,8,2,4,103,-0.9823
1977,8,2,5,112,-3.3069
1977,8,3,1,208,1.5223
1977,8,3,2,165,-2.8168
1977,8,3,3,141,-3.0728
1977,8,3,4,111,-3.5511
1977,8,3,5,72,-4.0285
1977,9,1,1,277,1.2722
1977,9,1,2,274,1.8062
1977,9,1,3,295,1.7365
1977,9,1,4,366,1.8189
1977,9,1,5,689,1.5320
1977,9,2,1,135,0.8389
1977,9,2,2,123,1.0386
1977,9,2,3,119,0.7579
1977,9,2,4,103,1.9150
1977,9,2,5,111,2.0165
1977,9,3,1,208,-1.2444
1977,9,3,2,164,-0.7280
1977,9,3,3,141,1.4914
1977,9,3,4,110,1.1709
1977,9,3,5,72,1.7642
1977,10,1,1,276,-4.5061
1977,10,1,2,273,-2.4743
1977,10,1,3,292,-1.1009
1977,10,1,4,365,-2.5607
1977,10,1,5,685,-1.6790
1977,10,2,1,136,-2.9975
1977,10,2,2,123,-4.0291
1977,10,2,3,119,-1.9247
1977,10,2,4,102,-3.3799
1977,10,2,5,111,-2.2321
1977,10,3,1,208,-4.3607
1977,10,3,2,163,-3.6510
1977,10,3,3,141,-4.1851
1977,10,3,4,110,-3.0586
1977,10,3,5,72,-4.0123
1977,11,1,1,275,7.5226
1977,11,1,2,270,9.6636
1977,11,1,3,292,8.6452
1977,11,1,4,361,7.9933
1977,11,1,5,683,8.5391
1977,11,2,1,136,7.6876
1977,11,2,2,122,8.0453
1977,11,2,3,118,8.9370
1977,11,2,4,100,7.1476
1977,11,2,5,111,10.2907
1977,11,3,1,208,4.0139
1977,11,3,2,161,4.3285
1977,11,3,3,141,2.8469
1977,11,3,4,110,4.0368
1977,11,3,5,72,4.2991
1977,12,1,1,275,3.0878
1977,12,1,2,271,3.4084
1977,12,1,3,292,2.3814
1977,12,1,4,361,2.5933
1977,12,1,5,681,3.1945
1977,12,2,1,136,2.5215
1977,12,2,2,122,1.6650
1977,12,2,3,117,2.3316
1977,12,2,4,100,0.7639
1977,12,2,5,111,1.2704
1977,12,3,1,207,0.2840
1977,12,3,2,162,1.0162
1977,12,3,3,141,1.2876
1977,12,3,4,110,-0.2396
1977,12,3,5,72,1.0834
1978,1,1,1,271,-1.2671
1978,1,1,2,271,-3.0654
1978,1,1,3,292,-2.8676
1978,1,1,4,360,-1.5516
1978,1,1,5,674,0.0313
1978,1,2,1,135,-5.2589
1978,1,2,2,121,-5.5413
1978,1,2,3,117,-4.2416
1978,1,2,4,99,-3.5786
1978,1,2,5,111,-2.6648
1978,1,3,1,206,-5.9813
1978,1,3,2,162,-6.2451
1978,1,3,3,141,-5.1703
1978,1,3,4,109,-5.3921
1978,1,3,5,72,-6.2818
1978,2,1,1,271,1.9570
1978,2,1,2,266,2.9331
1978,2,1,3,285,4.2941
1978,2,1,4,358,3.6564
1978,2,1,5,670,3.8230
1978,2,2,1,134,0.8243
1978,2,2,2,121,1.4852
1978,2,2,3,116,2.4777
1978,2,2,4,97,1.9913
1978,2,2,5,111,1.9708
1978,2,3,1,206,-3.3105
1978,2,3,2,161,-2.1614
1978,2,3,3,141,1.1699
1978,2,3,4,109,-0.2150
1978,2,3,5,72,-0.5637
1978,3,1,1,271,5.9139
1978,3,1,2,265,8.7246
1978,3,1,3,283,7.0199
1978,3,1,4,355,7.9042
1978,3,1,5,667,8.3858
1978,3,2,1,134,6.5174
1978,3,2,2,121,6.6156
1978,3,2,3,116,4.8652
1978,3,2,4,97,6.2792
1978,3,2,5,111,6.8983
1978,3,3,1,206,1.2824
1978,3,3,2,161,3.2407
1978,3,3,3,141,3.2833
1978,3,3,4,109,3.8034
1978,3,3,5,72,4.6940
1978,4,1,1,271,10.7576
1978,4,1,2,263,8.8572
1978,4,1,3,280,8.5547
1978,4,1,4,352,6.7857
1978,4,1,5,663,7.9057
1978,4,2,1,134,9.0655
1978,4,2,2,121,8.4578
1978,4,2,3,115,7.8636
1978,4,2,4,97,6.5106
1978,4,2,5,111,8.2204
1978,4,3,1,206,11.8416
1978,4,3,2,161,8.2684
1978,4,3,3,141,5.4482
1978,4,3,4,109,5.6770
1978,4,3,5,72,6.1274
1978,5,1,1,270,8.4186
1978,5,1,2,265,8.5198
1978,5,1,3,281,6.3686
1978,5,1,4,351,7.2413
1978,5,1,5,657,8.0892
1978,5,2,1,132,8.3065
1978,5,2,2,119,7.6524
1978,5,2,3,115,6.1910
1978,5,2,4,97,4.2929
1978,5,2,5,108,4.7527
1978,5,3,1,206,2.1899
1978,5,3,2,161,2.2932
1978,5,3,3,140,1.5110
1978,5,3,4,109,-0.1741
1978,5,3,5,72,2.2812
1978,6,1,1,266,0.9076
1978,6,1,2,260,0.3421
1978,6,1,3,279,-0.1263
1978,6,1,4,351,-0.0548
1978,6,1,5,654,0.8067
1978,6,2,1,131,-2.6854
1978,6,2,2,119,1.3958
1978,6,2,3,115,-0.9292
1978,6,2,4,97,1.8206
1978,6,2,5,107,-0.5059
1978,6,3,1,205,-0.8515
1978,6,3,2,161,-2.5154
1978,6,3,3,139,-1.4655
1978,6,3,4,107,-1.7722
1978,6,3,5,72,-1.6644
1978,7,1,1,392,5.3867
1978,7,1,2,279,5.9117
1978,7,1,3,299,5.7867
1978,7,1,4,293,4.8388
1978,7,1,5,577,5.5161
1978,7,2,1,168,7.3851
1978,7,2,2,128,6.4132
1978,7,2,3,111,4.6984
1978,7,2,4,101,6.2833
1978,7,2,5,105,8.3710
1978,7,3,1,185,7.3161
1978,7,3,2,155,5.6518
1978,7,3,3,137,5.1145
1978,7,3,4,121,3.3280
1978,7,3,5,90,6.2348
1978,8,1,1,389,8.2153
1978,8,1,2,277,9.5335
1978,8,1,3,295,8.0652
1978,8,1,4,293,8.3302
1978,8,1,5,571,10.7950
1978,8,2,1,168,7.5010
1978,8,2,2,127,9.9033
1978,8,2,3,110,8.4620
1978,8,2,4,100,8.6291
1978,8,2,5,105,7.4961
1978,8,3,1,185,2.7667
1978,8,3,2,154,5.2557
1978,8,3,3,137,4.2600
1978,8,3,4,121,3.0316
1978,8,3,5,90,3.7642
1978,9,1,1,384,-0.7095
1978,9,1,2,277,-1.4569
1978,9,1,3,292,-0.3763
1978,9,1,4,292,-0.4735
1978,9,1,5,568,0.0675
1978,9,2,1,167,-2.1091
1978,9,2,2,126,-1.7909
1978,9,2,3,110,-1.9344
1978,9,2,4,99,-2.3684
1978,9,2,5,104,-0.2573
1978,9,3,1,183,-3.1327
1978,9,3,2,152,-0.3092
1978,9,3,3,135,-0.5282
1978,9,3,4,121,1.3287
1978,9,3,5,90,0.9811
1978,10,1,1,385,-26.9590
1978,10,1,2,274,-23.9314
1978,10,1,3,291,-21.4206
1978,10,1,4,290,-19.7161
1978,10,1,5,565,-22.1205
1978,10,2,1,166,-22.4809
1978,10,2,2,126,-20.4865
1978,10,2,3,109,-18.9989
1978,10,2,4,101,-17.0210
1978,10,2,5,102,-21.4102
1978,10,3,1,183,-9.2082
1978,10,3,2,152,-10.5419
1978,10,3,3,136,-10.3617
1978,10,3,4,121,-7.8696
1978,10,3,5,90,-12.2257
1978,11,1,1,385,9.1573
1978,11,1,2,274,7.3218
1978,11,1,3,291,6.7066
1978,11,1,4,289,5.8189
1978,11,1,5,563,5.3475
1978,11,2,1,165,9.1665
1978,11,2,2,125,8.3123
1978,11,2,3,109,6.0135
1978,11,2,4,101,6.3803
1978,11,2,5,100,5.7250
1978,11,3,1,182,3.0458
1978,11,3,2,152,1.9334
1978,11,3,3,135,4.1116
1978,11,3,4,121,3.3329
1978,11,3,5,90,3.7938
1978,12,1,1,383,2.8743
1978,12,1,2,272,1.6868
1978,12,1,3,287,2.1061
1978,12,1,4,288,2.5998
1978,12,1,5,562,1.0260
1978,12,2,1,165,2.4731
1978,12,2,2,123,2.7257
1978,12,2,3,109,3.1314
1978,12,2,4,101,2.4463
1978,12,2,5,101,1.2614
1978,12,3,1,181,3.3913
1978,12,3,2,151,1.0920
1978,12,3,3,135,1.0036
1978,12,3,4,120,0.2618
1978,12,3,5,90,0.3588
1979,1,1,1,382,10.0000
1979,1,1,2,271,10.6447
1979,1,1,3,285,10.2466
1979,1,1,4,287,8.7740
1979,1,1,5,558,10.2488
1979,1,2,1,164,8.3168
1979,1,2,2,123,5.8330
1979,1,2,3,108,7.6363
1979,1,2,4,101,8.2401
1979,1,2,5,101,10.8601
1979,1,3,1,181,2.8809
1979,1,3,2,151,5.2712
1979,1,3,3,135,5.9692
1979,1,3,4,120,5.1219
1979,1,3,5,90,4.6050
1979,2,1,1,380,-3.5113
1979,2,1,2,269,-2.2213
1979,2,1,3,283,-3.5639
1979,2,1,4,283,-1.6258
1979,2,1,5,557,-2.0168
1979,2,2,1,160,-3.4935
1979,2,2,2,122,-2.2590
1979,2,2,3,107,-3.4423
1979,2,2,4,99,-1.2220
1979,2,2,5,100,-2.6634
1979,2,3,1,181,-4.0597
1979,2,3,2,150,-2.3530
1979,2,3,3,135,-3.4663
1979,2,3,4,119,-1.7713
1979,2,3,5,89,-2.2854
1979,3,1,1,374,11.0227
1979,3,1,2,270,9.7665
1979,3,1,3,283,8.7028
1979,3,1,4,281,7.0837
1979,3,1,5,556,8.3062
1979,3,2,1,160,10.8293
1979,3,2,2,119,10.4784
1979,3,2,3,107,8.5102
1979,3,2,4,97,12.4260
1979,3,2,5,99,9.2595
1979,3,3,1,180,5.0592
1979,3,3,2,150,6.0545
1979,3,3,3,133,6.2604
1979,3,3,4,118,4.8748
1979,3,3,5,89,8.6998
1979,4,1,1,375,2.2202
1979,4,1,2,269,3.4769
1979,4,1,3,281,3.1937
1979,4,1,4,281,3.4633
1979,4,1,5,552,2.3857
1979,4,2,1,159,1.4535
1979,4,2,2,118,1.8277
1979,4,2,3,107,3.5802
1979,4,2,4,97,2.2547
1979,4,2,5,98,3.1909
1979,4,3,1,180,-0.0021
1979,4,3,2,150,0.7108
1979,4,3,3,133,-1.7393
1979,4,3,4,119,0.2142
1979,4,3,5,89,2.9367
1979,5,1,1,372,-2.4512
1979,5,1,2,267,-0.9459
1979,5,1,3,281,-1.5400
1979,5,1,4,278,-1.0084
1979,5,1,5,550,-1.3347
1979,5,2,1,159,-2.5902
1979,5,2,2,116,-1.6489
1979,5,2,3,106,-0.8066
1979,5,2,4,97,-0.6445
1979,5,2,5,97,0.3765
1979,5,3,1,180,-2.1987
1979,5,3,2,150,-1.7075
1979,5,3,3,133,-1.0832
1979,5,3,4,119,-0.9797
1979,5,3,5,89,-2.2403
1979,6,1,1,370,5.5537
1979,6,1,2,265,5.9008
1979,6,1,3,281,5.0174
1979,6,1,4,275,4.7349
1979,6,1,5,550,4.7130
1979,6,2,1,159,4.9808
1979,6,2,2,115,5.7682
1979,6,2,3,105,4.3205
1979,6,2,4,97,6.2147
1979,6,2,5,97,4.6353
1979,6,3,1,179,1.8150
1979,6,3,2,150,6.0642
1979,6,3,3,133,5.2050
1979,6,3,4,118,4.2869
1979,6,3,5,89,5.0158
1979,7,1,1,472,2.7718
1979,7,1,2,322,3.4639
1979,7,1,3,288,2.0360
1979,7,1,4,311,2.3120
1979,7,1,5,443,2.5925
1979,7,2,1,187,2.4068
1979,7,2,2,123,3.5741
1979,7,2,3,104,2.6538
1979,7,2,4,92,3.3031
1979,7,2,5,104,4.2297
1979,7,3,1,175,-0.5345
1979,7,3,2,144,1.8613
1979,7,3,3,129,2.7075
1979,7,3,4,142,1.5255
1979,7,3,5,91,2.3693
1979,8,1,1,470,8.6543
1979,8,1,2,318,7.6537
1979,8,1,3,287,8.1873
1979,8,1,4,309,7.7995
1979,8,1,5,441,7.6676
1979,8,2,1,184,8.6994
1979,8,2,2,121,8.9812
1979,8,2,3,103,8.5834
1979,8,2,4,91,7.5360
1979,8,2,5,102,8.5415
1979,8,3,1,175,6.8469
1979,8,3,2,143,6.0836
1979,8,3,3,129,7.0059
1979,8,3,4,142,5.0704
1979,8,3,5,90,6.6241
1979,9,1,1,469,-0.6654
1979,9,1,2,316,-0.1072
1979,9,1,3,285,-0.6072
1979,9,1,4,306,-0.5496
1979,9,1,5,436,-0.6013
1979,9,2,1,185,1.6108
1979,9,2,2,120,2.2425
1979,9,2,3,103,-0.6376
1979,9,2,4,91,-2.0905
1979,9,2,5,101,-1.6896
1979,9,3,1,174,-1.9913
1979,9,3,2,143,0.7682
1979,9,3,3,129,0.7906
1979,9,3,4,142,1.1243
1979,9,3,5,89,1.0399
1979,10,1,1,467,-10.4202
1979,10,1,2,310,-9.9126
1979,10,1,3,284,-10.4162
1979,10,1,4,306,-9.1492
1979,10,1,5,434,-11.3759
1979,10,2,1,184,-9.0844
1979,10,2,2,119,-7.9668
1979,10,2,3,103,-9.4652
1979,10,2,4,90,-10.9307
1979,10,2,5,101,-13.4471
1979,10,3,1,174,-6.7543
1979,10,3,2,143,-7.0120
1979,10,3,3,128,-5.6460
1979,10,3,4,142,-5.0415
1979,10,3,5,88,-8.1298
1979,11,1,1,465,10.1000
1979,11,1,2,312,7.9776
1979,11,1,3,284,6.5980
1979,11,1,4,303,7.5725
1979,11,1,5,433,5.9988
1979,11,2,1,183,11.5310
1979,11,2,2,120,8.6203
1979,11,2,3,103,8.2700
1979,11,2,4,90,7.5327
1979,11,2,5,101,7.8773
1979,11,3,1,174,6.3206
1979,11,3,2,143,5.1609
1979,11,3,3,128,6.7336
1979,11,3,4,142,5.9797
1979,11,3,5,88,3.0006
1979,12,1,1,463,10.5664
1979,12,1,2,310,6.9195
1979,12,1,3,282,7.9277
1979,12,1,4,302,6.6121
1979,12,1,5,430,5.8153
1979,12,2,1,182,7.1211
1979,12,2,2,119,5.5652
1979,12,2,3,103,6.9425
1979,12,2,4,90,3.9784
1979,12,2,5,101,7.1933
1979,12,3,1,173,2.1058
1979,12,3,2,142,2.7826
1979,12,3,3,128,2.6896
1979,12,3,4,142,0.7390
1979,12,3,5,88,3.6935
1980,1,1,1,461,13.3738
1980,1,1,2,307,10.0755
1980,1,1,3,280,9.1228
1980,1,1,4,300,9.7211
1980,1,1,5,426,9.4514
1980,1,2,1,181,6.7985
1980,1,2,2,118,7.5988
1980,1,2,3,101,7.7145
1980,1,2,4,89,6.6949
1980,1,2,5,100,7.9912
1980,1,3,1,173,3.3485
1980,1,3,2,140,7.3767
1980,1,3,3,128,8.1301
1980,1,3,4,142,6.8743
1980,1,3,5,88,8.8625
1980,2,1,1,457,-0.2407
1980,2,1,2,301,0.2359
1980,2,1,3,278,-0.7977
1980,2,1,4,296,-2.2334
1980,2,1,5,421,-2.1510
1980,2,2,1,180,-0.0808
1980,2,2,2,117,-1.9106
1980,2,2,3,101,-2.9730
1980,2,2,4,89,-0.8471
1980,2,2,5,99,-2.7736
1980,2,3,1,172,-3.9806
1980,2,3,2,139,-1.4723
1980,2,3,3,127,2.3286
1980,2,3,4,140,4.5727
1980,2,3,5,88,-0.3992
1980,3,1,1,456,-21.3017
1980,3,1,2,301,-18.8897
1980,3,1,3,276,-18.1279
1980,3,1,4,294,-16.9451
1980,3,1,5,418,-17.2930
1980,3,2,1,179,-18.2941
1980,3,2,2,116,-18.2080
1980,3,2,3,101,-16.7120
1980,3,2,4,88,-16.7599
1980,3,2,5,99,-18.1105
1980,3,3,1,171,-7.2739
1980,3,3,2,139,-10.3111
1980,3,3,3,127,-13.4871
1980,3,3,4,140,-11.4145
1980,3,3,5,88,-13.2842
1980,4,1,1,454,6.7623
1980,4,1,2,299,6.4088
1980,4,1,3,271,6.3285
1980,4,1,4,291,6.3407
1980,4,1,5,418,5.8535
1980,4,2,1,179,5.6222
1980,4,2,2,115,5.7677
1980,4,2,3,101,6.2208
1980,4,2,4,88,4.1314
1980,4,2,5,99,6.2201
1980,4,3,1,171,3.8619
1980,4,3,2,138,3.7697
1980,4,3,3,126,5.9906
1980,4,3,4,140,6.5294
1980,4,3,5,88,2.8722
1980,5,1,1,450,7.6262
1980,5,1,2,298,6.7520
1980,5,1,3,274,7.1281
1980,5,1,4,289,7.3978
1980,5,1,5,417,5.5473
1980,5,2,1,177,8.1649
1980,5,2,2,115,9.3709
1980,5,2,3,100,7.7679
1980,5,2,4,87,7.7147
1980,5,2,5,99,8.8795
1980,5,3,1,171,5.4648
1980,5,3,2,139,6.9821
1980,5,3,3,126,6.4267
1980,5,3,4,140,4.1071
1980,5,3,5,88,5.6152
1980,6,1,1,447,4.1871
1980,6,1,2,298,4.0412
1980,6,1,3,273,3.9372
1980,6,1,4,288,4.7598
1980,6,1,5,412,4.7590
1980,6,2,1,176,4.3940
1980,6,2,2,114,5.1540
1980,6,2,3,100,4.1894
1980,6,2,4,87,5.6762
1980,6,2,5,99,3.4226
1980,6,3,1,170,2.7498
1980,6,3,2,139,3.3343
1980,6,3,3,126,3.3569
1980,6,3,4,140,3.3718
1980,6,3,5,88,1.9866
1980,7,1,1,500,12.4139
1980,7,1,2,309,13.0962
1980,7,1,3,275,9.7886
1980,7,1,4,250,8.3436
1980,7,1,5,448,9.3694
1980,7,2,1,226,12.8090
1980,7,2,2,120,12.7189
1980,7,2,3,113,7.9509
1980,7,2,4,95,10.3533
1980,7,2,5,103,9.4607
1980,7,3,1,195,11.7742
1980,7,3,2,136,7.5495
1980,7,3,3,128,7.0362
1980,7,3,4,131,3.0680
1980,7,3,5,91,4.6977
1980,8,1,1,499,11.4947
1980,8,1,2,308,8.0072
1980,8,1,3,275,7.8241
1980,8,1,4,250,6.8537
1980,8,1,5,447,6.2655
1980,8,2,1,224,7.0316
1980,8,2,2,120,7.0276
1980,8,2,3,112,5.5964
1980,8,2,4,95,3.8331
1980,8,2,5,102,3.7562
1980,8,3,1,195,2.2532
1980,8,3,2,136,1.0951
1980,8,3,3,128,1.2362
1980,8,3,4,131,1.2171
1980,8,3,5,91,2.7847
1980,9,1,1,494,5.1379
1980,9,1,2,306,3.5123
1980,9,1,3,275,2.0583
1980,9,1,4,250,2.8294
1980,9,1,5,447,2.5552
1980,9,2,1,224,5.2680
1980,9,2,2,120,3.2139
1980,9,2,3,111,3.4372
1980,9,2,4,93,3.4876
1980,9,2,5,103,1.7814
1980,9,3,1,195,3.7214
1980,9,3,2,136,3.9680
1980,9,3,3,127,5.0941
1980,9,3,4,131,1.9200
1980,9,3,5,91,-0.4864
1980,10,1,1,487,8.3378
1980,10,1,2,303,6.1015
1980,10,1,3,273,4.2076
1980,10,1,4,247,3.5642
1980,10,1,5,446,3.4365
1980,10,2,1,220,5.8756
1980,10,2,2,118,3.2841
1980,10,2,3,110,1.7746
1980,10,2,4,93,2.8341
1980,10,2,5,102,2.5131
1980,10,3,1,195,1.2350
1980,10,3,2,135,1.7170
1980,10,3,3,127,4.5294
1980,10,3,4,130,3.4343
1980,10,3,5,91,-0.4587
1980,11,1,1,490,13.3124
1980,11,1,2,303,9.6279
1980,11,1,3,273,4.0548
1980,11,1,4,247,3.5715
1980,11,1,5,442,1.9337
1980,11,2,1,220,12.5259
1980,11,2,2,117,5.6413
1980,11,2,3,110,7.2449
1980,11,2,4,93,5.9477
1980,11,2,5,101,4.5921
1980,11,3,1,196,11.1225
1980,11,3,2,135,10.1711
1980,11,3,3,127,14.8380
1980,11,3,4,128,15.0803
1980,11,3,5,91,6.8165
1980,12,1,1,489,-6.4471
1980,12,1,2,300,-5.1279
1980,12,1,3,273,-5.1121
1980,12,1,4,243,-4.9426
1980,12,1,5,441,-2.5194
1980,12,2,1,221,-5.1254
1980,12,2,2,114,-4.5748
1980,12,2,3,110,-0.5326
1980,12,2,4,92,-0.8247
1980,12,2,5,101,-2.2769
1980,12,3,1,196,-1.2510
1980,12,3,2,135,-2.4589
1980,12,3,3,127,-5.8349
1980,12,3,4,128,-6.2507
1980,12,3,5,90,-3.6026
1981,1,1,1,488,-4.7669
1981,1,1,2,298,-1.4910
1981,1,1,3,270,1.0722
1981,1,1,4,243,1.0693
1981,1,1,5,438,3.6583
1981,1,2,1,220,-4.2174
1981,1,2,2,113,-0.5584
1981,1,2,3,110,-0.7153
1981,1,2,4,91,0.0850
1981,1,2,5,101,1.7382
1981,1,3,1,196,-5.5994
1981,1,3,2,135,-5.1863
1981,1,3,3,127,-6.8856
1981,1,3,4,126,-4.1241
1981,1,3,5,90,-0.0357
1981,2,1,1,484,-3.1107
1981,2,1,2,296,-0.5025
1981,2,1,3,269,1.0940
1981,2,1,4,241,1.6118
1981,2,1,5,433,2.7554
1981,2,2,1,219,0.8184
1981,2,2,2,114,1.6638
1981,2,2,3,110,1.7757
1981,2,2,4,91,1.8734
1981,2,2,5,100,3.0955
1981,2,3,1,195,2.6499
1981,2,3,2,135,3.0543
1981,2,3,3,127,1.2870
1981,2,3,4,126,0.0346
1981,2,3,5,90,2.9459
1981,3,1,1,478,8.0438
1981,3,1,2,293,7.7547
1981,3,1,3,268,8.9686
1981,3,1,4,238,8.0840
1981,3,1,5,431,8.8804
1981,3,2,1,216,7.0843
1981,3,2,2,114,7.6748
1981,3,2,3,110,8.3900
1981,3,2,4,90,6.2437
1981,3,2,5,99,9.1626
1981,3,3,1,194,4.6457
1981,3,3,2,135,5.1143
1981,3,3,3,127,6.5833
1981,3,3,4,125,0.2953
1981,3,3,5,90,3.3340
1981,4,1,1,473,2.6335
1981,4,1,2,291,4.1337
1981,4,1,3,268,5.5842
1981,4,1,4,238,5.5609
1981,4,1,5,428,4.1169
1981,4,2,1,215,1.3781
1981,4,2,2,113,3.1995
1981,4,2,3,107,2.6359
1981,4,2,4,89,1.5351
1981,4,2,5,99,2.9113
1981,4,3,1,195,-1.6742
1981,4,3,2,133,-2.1560
1981,4,3,3,127,-5.4508
1981,4,3,4,125,-1.3103
1981,4,3,5,89,0.7132
1981,5,1,1,472,4.8370
1981,5,1,2,286,4.8659
1981,5,1,3,268,3.6351
1981,5,1,4,238,2.6292
1981,5,1,5,427,4.0561
1981,5,2,1,214,5.0225
1981,5,2,2,113,3.6771
1981,5,2,3,107,2.6539
1981,5,2,4,88,2.2678
1981,5,2,5,99,2.9826
1981,5,3,1,192,1.8465
1981,5,3,2,133,-0.6069
1981,5,3,3,127,-0.9058
1981,5,3,4,124,-1.3886
1981,5,3,5,90,2.3495
1981,6,1,1,470,-6.9060
1981,6,1,2,286,-0.5942
1981,6,1,3,267,0.8415
1981,6,1,4,237,3.2152
1981,6,1,5,425,2.1582
1981,6,2,1,213,-6.1052
1981,6,2,2,113,-2.3975
1981,6,2,3,106,-1.4867
1981,6,2,4,87,-0.3644
1981,6,2,5,98,-0.9826
1981,6,3,1,192,-4.9403
1981,6,3,2,133,-1.7244
1981,6,3,3,126,2.2206
1981,6,3,4,123,3.7097
1981,6,3,5,90,-1.0186
1981,7,1,1,591,-4.2642
1981,7,1,2,274,-3.1785
1981,7,1,3,286,-1.9334
1981,7,1,4,246,-1.9762
1981,7,1,5,407,-1.8862
1981,7,2,1,210,-1.2273
1981,7,2,2,138,-3.0287
1981,7,2,3,100,-1.5545
1981,7,2,4,85,-2.4119
1981,7,2,5,95,-2.2428
1981,7,3,1,189,0.8821
1981,7,3,2,137,0.5224
1981,7,3,3,132,1.1074
1981,7,3,4,137,0.4294
1981,7,3,5,83,-0.7629
1981,8,1,1,588,-12.3925
1981,8,1,2,273,-9.5385
1981,8,1,3,284,-6.5518
1981,8,1,4,245,-4.1771
1981,8,1,5,406,-5.4366
1981,8,2,1,210,-9.2026
1981,8,2,2,136,-7.0998
1981,8,2,3,99,-5.6436
1981,8,2,4,85,-6.0875
1981,8,2,5,94,-5.2597
1981,8,3,1,189,-7.5734
1981,8,3,2,137,-5.5384
1981,8,3,3,130,-5.8378
1981,8,3,4,137,-5.9537
1981,8,3,5,83,-1.4319
1981,9,1,1,586,-12.6862
1981,9,1,2,271,-9.0079
1981,9,1,3,280,-7.8611
1981,9,1,4,243,-6.8587
1981,9,1,5,402,-6.0540
1981,9,2,1,210,-11.0297
1981,9,2,2,135,-7.2542
1981,9,2,3,99,-6.6399
1981,9,2,4,85,-5.6207
1981,9,2,5,95,-4.3050
1981,9,3,1,188,-7.0402
1981,9,3,2,135,-5.3087
1981,9,3,3,128,-6.4205
1981,9,3,4,137,-7.3769
1981,9,3,5,83,-0.6285
1981,10,1,1,581,10.6878
1981,10,1,2,270,9.2463
1981,10,1,3,277,8.0640
1981,10,1,4,242,6.1369
1981,10,1,5,395,5.7865
1981,10,2,1,209,10.7347
1981,10,2,2,135,7.0562
1981,10,2,3,98,4.6850
1981,10,2,4,85,6.7757
1981,10,2,5,95,5.6654
1981,10,3,1,188,9.6101
1981,10,3,2,134,5.9545
1981,10,3,3,128,5.6123
1981,10,3,4,137,1.8985
1981,10,3,5,83,4.0053
1981,11,1,1,585,-0.4276
1981,11,1,2,269,2.2678
1981,11,1,3,276,2.9748
1981,11,1,4,239,3.5921
1981,11,1,5,394,3.4855
1981,11,2,1,209,0.6286
1981,11,2,2,133,3.6938
1981,11,2,3,97,5.0416
1981,11,2,4,85,5.1705
1981,11,2,5,95,3.9332
1981,11,3,1,188,2.6016
1981,11,3,2,133,4.7263
1981,11,3,3,128,7.2410
1981,11,3,4,135,3.5133
1981,11,3,5,83,3.9963
1981,12,1,1,582,-4.0598
1981,12,1,2,266,-0.9807
1981,12,1,3,273,-0.6605
1981,12,1,4,239,0.9500
1981,12,1,5,394,-1.4979
1981,12,2,1,209,-2.6987
1981,12,2,2,133,-0.3760
1981,12,2,3,96,-0.3097
1981,12,2,4,84,-1.0924
1981,12,2,5,95,-0.8306
1981,12,3,1,186,-3.3504
1981,12,3,2,133,-1.7820
1981,12,3,3,128,-3.7080
1981,12,3,4,136,-2.3594
1981,12,3,5,83,-2.1835
1982,1,1,1,576,-3.0642
1982,1,1,2,265,-1.3631
1982,1,1,3,270,-0.8013
1982,1,1,4,239,-0.7640
1982,1,1,5,390,-1.0862
1982,1,2,1,208,-7.2337
1982,1,2,2,133,-3.3394
1982,1,2,3,95,-3.9731
1982,1,2,4,83,-2.7197
1982,1,2,5,95,-1.5303
1982,1,3,1,186,-2.5291
1982,1,3,2,131,-0.3200
1982,1,3,3,128,-4.2926
1982,1,3,4,136,-3.2980
1982,1,3,5,83,-0.0785
1982,2,1,1,579,-6.3979
1982,2,1,2,264,-4.1376
1982,2,1,3,267,-3.5785
1982,2,1,4,238,-2.0931
1982,2,1,5,386,-1.1971
1982,2,2,1,208,-8.5338
1982,2,2,2,132,-5.5072
1982,2,2,3,95,-4.6723
1982,2,2,4,83,-1.7223
1982,2,2,5,95,0.0266
1982,2,3,1,186,-7.7269
1982,2,3,2,130,-6.4141
1982,2,3,3,128,-5.3371
1982,2,3,4,136,-1.5764
1982,2,3,5,82,-2.5894
1982,3,1,1,577,-2.2895
1982,3,1,2,262,-1.5683
1982,3,1,3,264,-0.3390
1982,3,1,4,236,-0.2537
1982,3,1,5,384,1.0627
1982,3,2,1,206,-4.3448
1982,3,2,2,132,0.1427
1982,3,2,3,95,0.9469
1982,3,2,4,83,0.4381
1982,3,2,5,95,2.5889
1982,3,3,1,186,-3.7588
1982,3,3,2,130,-0.8759
1982,3,3,3,128,-0.7976
1982,3,3,4,136,1.6388
1982,3,3,5,82,1.8727
1982,4,1,1,575,6.5156
1982,4,1,2,258,6.5810
1982,4,1,3,260,5.1781
1982,4,1,4,236,3.9793
1982,4,1,5,383,5.9048
1982,4,2,1,206,5.9880
1982,4,2,2,131,6.1105
1982,4,2,3,93,5.5596
1982,4,2,4,82,5.2619
1982,4,2,5,95,5.5854
1982,4,3,1,184,5.9114
1982,4,3,2,130,5.8686
1982,4,3,3,127,4.3388
1982,4,3,4,136,3.1342
1982,4,3,5,82,1.2649
1982,5,1,1,572,-2.8180
1982,5,1,2,257,-0.9668
1982,5,1,3,261,-0.6145
1982,5,1,4,233,-0.7065
1982,5,1,5,378,-1.4386
1982,5,2,1,206,-4.9501
1982,5,2,2,130,-2.0427
1982,5,2,3,93,-2.3623
1982,5,2,4,82,-2.6082
1982,5,2,5,94,-2.0318
1982,5,3,1,181,-5.0453
1982,5,3,2,130,-2.7733
1982,5,3,3,127,-1.8043
1982,5,3,4,136,-1.1873
1982,5,3,5,82,-1.1624
1982,6,1,1,570,-3.7758
1982,6,1,2,254,-2.7951
1982,6,1,3,255,-2.1900
1982,6,1,4,232,-0.4532
1982,6,1,5,376,-1.3853
1982,6,2,1,206,-5.1116
1982,6,2,2,130,-2.2004
1982,6,2,3,93,-1.3955
1982,6,2,4,82,-0.3844
1982,6,2,5,94,2.6359
1982,6,3,1,182,-3.6572
1982,6,3,2,130,-1.3559
1982,6,3,3,127,-0.5961
1982,6,3,4,135,-1.4238
1982,6,3,5,82,-2.4882
1982,7,1,1,710,-2.9575
1982,7,1,2,328,-1.6932
1982,7,1,3,264,-2.4136
1982,7,1,4,250,-0.1601
1982,7,1,5,355,-0.1807
1982,7,2,1,224,-2.3473
1982,7,2,2,123,-1.5518
1982,7,2,3,88,0.8885
1982,7,2,4,87,-0.8493
1982,7,2,5,85,-1.0790
1982,7,3,1,159,-1.6862
1982,7,3,2,149,-1.7638
1982,7,3,3,119,-2.2538
1982,7,3,4,135,-1.1786
1982,7,3,5,108,-4.2651
1982,8,1,1,709,6.0494
1982,8,1,2,323,7.3380
1982,8,1,3,261,6.4099
1982,8,1,4,247,4.3720
1982,8,1,5,354,5.4776
1982,8,2,1,222,9.7891
1982,8,2,2,123,8.6418
1982,8,2,3,87,10.8665
1982,8,2,4,86,9.8787
1982,8,2,5,85,9.7209
1982,8,3,1,159,13.0637
1982,8,3,2,147,11.9234
1982,8,3,3,119,11.4530
1982,8,3,4,135,12.9907
1982,8,3,5,106,13.9333
1982,9,1,1,705,2.1286
1982,9,1,2,326,3.1484
1982,9,1,3,262,3.1521
1982,9,1,4,248,4.3034
1982,9,1,5,353,5.3970
1982,9,2,1,221,2.3074
1982,9,2,2,123,1.2639
1982,9,2,3,86,4.4285
1982,9,2,4,86,4.9618
1982,9,2,5,85,3.1631
1982,9,3,1,158,0.7806
1982,9,3,2,145,1.6321
1982,9,3,3,119,2.1433
1982,9,3,4,135,0.1127
1982,9,3,5,107,0.1143
1982,10,1,1,702,15.4157
1982,10,1,2,323,13.2202
1982,10,1,3,260,12.9840
1982,10,1,4,247,10.3573
1982,10,1,5,348,13.2566
1982,10,2,1,220,15.8352
1982,10,2,2,121,13.1012
1982,10,2,3,85,12.0400
1982,10,2,4,86,11.8536
1982,10,2,5,83,9.7201
1982,10,3,1,158,14.7490
1982,10,3,2,144,12.4411
1982,10,3,3,119,9.3764
1982,10,3,4,135,8.8926
1982,10,3,5,107,9.5364
1982,11,1,1,701,9.6232
1982,11,1,2,323,9.5761
1982,11,1,3,259,10.4048
1982,11,1,4,244,10.3219
1982,11,1,5,346,9.8828
1982,11,2,1,217,10.0891
1982,11,2,2,121,8.3967
1982,11,2,3,85,7.9989
1982,11,2,4,86,6.2214
1982,11,2,5,83,7.2509
1982,11,3,1,158,8.4418
1982,11,3,2,143,5.3456
1982,11,3,3,119,4.3425
1982,11,3,4,135,1.9603
1982,11,3,5,107,2.1304
1982,12,1,1,699,2.8053
1982,12,1,2,324,2.1145
1982,12,1,3,259,1.9685
1982,12,1,4,244,2.9880
1982,12,1,5,343,1.3588
1982,12,2,1,215,0.2019
1982,12,2,2,121,2.3116
1982,12,2,3,85,-0.0263
1982,12,2,4,86,1.5892
1982,12,2,5,82,2.4728
1982,12,3,1,158,-0.9974
1982,12,3,2,143,0.6399
1982,12,3,3,119,4.1056
1982,12,3,4,134,1.0912
1982,12,3,5,107,3.6963
1983,1,1,1,696,12.0219
1983,1,1,2,321,8.9354
1983,1,1,3,257,8.5729
1983,1,1,4,244,8.7600
1983,1,1,5,341,8.3245
1983,1,2,1,213,8.4969
1983,1,2,2,120,6.9305
1983,1,2,3,84,4.3567
1983,1,2,4,86,4.4747
1983,1,2,5,82,3.7224
1983,1,3,1,158,3.4383
1983,1,3,2,141,1.3923
1983,1,3,3,119,4.2486
1983,1,3,4,134,8.0208
1983,1,3,5,107,3.0113
1983,2,1,1,689,3.2065
1983,2,1,2,316,6.9624
1983,2,1,3,255,7.4317
1983,2,1,4,243,5.7981
1983,2,1,5,335,8.5185
1983,2,2,1,213,5.1863
1983,2,2,2,118,3.6093
1983,2,2,3,84,6.5625
1983,2,2,4,86,7.8202
1983,2,2,5,80,5.1575
1983,2,3,1,157,3.5594
1983,2,3,2,140,3.9676
1983,2,3,3,119,2.5578
1983,2,3,4,134,1.0398
1983,2,3,5,107,2.3970
1983,3,1,1,686,3.7980
1983,3,1,2,316,6.0743
1983,3,1,3,251,5.7248
1983,3,1,4,242,6.9534
1983,3,1,5,335,6.4665
1983,3,2,1,211,2.5590
1983,3,2,2,118,4.8360
1983,3,2,3,84,5.7825
1983,3,2,4,86,3.8802
1983,3,2,5,80,4.7542
1983,3,3,1,158,2.6771
1983,3,3,2,139,2.5539
1983,3,3,3,119,3.7536
1983,3,3,4,133,1.8782
1983,3,3,5,107,3.3417
1983,4,1,1,683,7.0621
1983,4,1,2,312,6.8739
1983,4,1,3,248,9.4661
1983,4,1,4,241,8.2077
1983,4,1,5,334,8.0558
1983,4,2,1,211,7.2179
1983,4,2,2,118,6.9509
1983,4,2,3,84,6.3630
1983,4,2,4,85,6.7383
1983,4,2,5,80,4.7864
1983,4,3,1,158,3.9819
1983,4,3,2,137,6.5462
1983,4,3,3,119,8.8409
1983,4,3,4,133,6.3856
1983,4,3,5,107,9.2751
1983,5,1,1,681,11.4159
1983,5,1,2,311,11.9665
1983,5,1,3,247,7.4952
1983,5,1,4,239,9.8278
1983,5,1,5,333,9.1808
1983,5,2,1,212,6.4627
1983,5,2,2,118,6.7677
1983,5,2,3,84,2.9020
1983,5,2,4,85,4.0318
1983,5,2,5,80,4.3137
1983,5,3,1,158,1.2148
1983,5,3,2,137,-0.8584
1983,5,3,3,119,-1.5838
1983,5,3,4,133,1.0281
1983,5,3,5,107,0.4015
1983,6,1,1,678,4.2178
1983,6,1,2,312,6.5371
1983,6,1,3,247,2.6572
1983,6,1,4,239,4.8350
1983,6,1,5,328,3.7319
1983,6,2,1,211,5.3007
1983,6,2,2,118,6.8850
1983,6,2,3,84,8.9040
1983,6,2,4,85,4.6563
1983,6,2,5,79,3.7958
1983,6,3,1,158,5.9969
1983,6,3,2,137,3.7750
1983,6,3,3,119,5.8343
1983,6,3,4,133,0.5412
1983,6,3,5,106,3.8385
1983,7,1,1,612,-5.2896
1983,7,1,2,323,-3.1146
1983,7,1,3,292,0.5437
1983,7,1,4,260,0.1141
1983,7,1,5,326,1.3784
1983,7,2,1,202,-6.7875
1983,7,2,2,121,-3.0343
1983,7,2,3,115,-1.6822
1983,7,2,4,80,-1.8526
1983,7,2,5,89,3.2885
1983,7,3,1,177,-5.6109
1983,7,3,2,135,-4.0208
1983,7,3,3,114,-3.4976
1983,7,3,4,128,-2.3926
1983,7,3,5,111,-1.1832
1983,8,1,1,610,-5.7962
1983,8,1,2,320,-3.4521
1983,8,1,3,290,-3.2384
1983,8,1,4,260,-2.3647
1983,8,1,5,325,-0.9284
1983,8,2,1,202,-4.7153
1983,8,2,2,121,-4.8984
1983,8,2,3,114,-3.8282
1983,8,2,4,80,-1.0945
1983,8,2,5,89,0.6727
1983,8,3,1,177,-2.3030
1983,8,3,2,134,-1.0034
1983,8,3,3,114,-0.6418
1983,8,3,4,128,3.1311
1983,8,3,5,111,5.1026
1983,9,1,1,608,-1.2063
1983,9,1,2,318,0.4972
1983,9,1,3,289,1.3905
1983,9,1,4,260,0.8214
1983,9,1,5,320,0.8342
1983,9,2,1,202,2.0312
1983,9,2,2,120,3.7355
1983,9,2,3,111,3.7107
1983,9,2,4,80,4.1439
1983,9,2,5,89,0.8981
1983,9,3,1,177,1.5480
1983,9,3,2,133,3.4663
1983,9,3,3,114,4.5953
1983,9,3,4,128,1.4227
1983,9,3,5,110,-0.3050
1983,10,1,1,605,-8.7257
1983,10,1,2,316,-6.8362
1983,10,1,3,288,-4.9117
1983,10,1,4,258,-3.4467
1983,10,1,5,319,-4.4208
1983,10,2,1,201,-8.9762
1983,10,2,2,119,-6.7112
1983,10,2,3,111,-3.7576
1983,10,2,4,80,-3.4833
1983,10,2,5,89,-4.1239
1983,10,3,1,177,-6.0337
1983,10,3,2,133,-1.3969
1983,10,3,3,113,0.2599
1983,10,3,4,128,-0.4068
1983,10,3,5,109,-0.4123
1983,11,1,1,604,3.6550
1983,11,1,2,315,4.5206
1983,11,1,3,286,3.8252
1983,11,1,4,256,2.3545
1983,11,1,5,316,2.8870
1983,11,2,1,201,6.3261
1983,11,2,2,118,5.9482
1983,11,2,3,111,5.8109
1983,11,2,4,80,5.6833
1983,11,2,5,86,2.5702
1983,11,3,1,177,4.8931
1983,11,3,2,133,1.8165
1983,11,3,3,113,4.1469
1983,11,3,4,128,1.6847
1983,11,3,5,108,0.4215
1983,12,1,1,600,-3.6024
1983,12,1,2,315,-1.4853
1983,12,1,3,286,-0.9730
1983,12,1,4,253,0.9981
1983,12,1,5,315,-1.3083
1983,12,2,1,201,-2.7545
1983,12,2,2,118,-2.2064
1983,12,2,3,111,-0.6266
1983,12,2,4,80,-0.0273
1983,12,2,5,85,-0.8522
1983,12,3,1,177,-2.4926
1983,12,3,2,133,0.0081
1983,12,3,3,113,-1.3495
1983,12,3,4,128,-2.6014
1983,12,3,5,108,0.6672
1984,1,1,1,596,-1.9699
1984,1,1,2,312,-1.0756
1984,1,1,3,286,-0.5421
1984,1,1,4,253,0.6300
1984,1,1,5,311,2.0459
1984,1,2,1,201,-6.9213
1984,1,2,2,118,-2.8490
1984,1,2,3,111,-2.0893
1984,1,2,4,79,0.2250
1984,1,2,5,85,1.1647
1984,1,3,1,177,-6.3398
1984,1,3,2,132,-4.1527
1984,1,3,3,113,-2.9454
1984,1,3,4,127,1.9120
1984,1,3,5,106,4.3353
1984,2,1,1,592,-7.3902
1984,2,1,2,308,-6.0145
1984,2,1,3,285,-5.5444
1984,2,1,4,250,-4.4343
1984,2,1,5,305,-4.7983
1984,2,2,1,200,-7.7037
1984,2,2,2,118,-5.1476
1984,2,2,3,111,-5.3860
1984,2,2,4,79,-3.4122
1984,2,2,5,85,-1.8187
1984,2,3,1,177,-4.9369
1984,2,3,2,131,-4.5477
1984,2,3,3,113,-6.6466
1984,2,3,4,127,-3.8094
1984,2,3,5,106,-0.5282
1984,3,1,1,589,-0.2123
1984,3,1,2,308,-0.0173
1984,3,1,3,283,1.3140
1984,3,1,4,249,3.4119
1984,3,1,5,301,1.3104
1984,3,2,1,199,0.0370
1984,3,2,2,116,0.8861
1984,3,2,3,109,2.0831
1984,3,2,4,78,0.5314
1984,3,2,5,84,2.2962
1984,3,3,1,177,1.0481
1984,3,3,2,131,2.4019
1984,3,3,3,112,2.4297
1984,3,3,4,127,1.3758
1984,3,3,5,105,0.4626
1984,4,1,1,588,-2.9207
1984,4,1,2,308,-1.5296
1984,4,1,3,281,0.3282
1984,4,1,4,248,-0.9326
1984,4,1,5,299,-0.7454
1984,4,2,1,198,-0.6295
1984,4,2,2,116,0.2511
1984,4,2,3,109,1.4356
1984,4,2,4,75,1.7666
1984,4,2,5,83,0.2892
1984,4,3,1,177,0.5135
1984,4,3,2,131,0.0151
1984,4,3,3,112,0.1975
1984,4,3,4,127,1.1047
1984,4,3,5,105,2.3615
1984,5,1,1,587,-6.1709
1984,5,1,2,304,-5.0994
1984,5,1,3,281,-3.6404
1984,5,1,4,245,-2.7933
1984,5,1,5,298,-3.9327
1984,5,2,1,198,-7.3196
1984,5,2,2,113,-3.7143
1984,5,2,3,108,-4.7401
1984,5,2,4,75,-3.9033
1984,5,2,5,83,-4.5839
1984,5,3,1,177,-6.3136
1984,5,3,2,130,-4.2330
1984,5,3,3,112,-5.5252
1984,5,3,4,127,-3.4503
1984,5,3,5,105,-4.5500
1984,6,1,1,586,2.0943
1984,6,1,2,303,2.7476
1984,6,1,3,278,3.3078
1984,6,1,4,241,1.5251
1984,6,1,5,295,0.9997
1984,6,2,1,198,4.8650
1984,6,2,2,112,4.8737
1984,6,2,3,107,4.0369
1984,6,2,4,75,2.3534
1984,6,2,5,83,-0.9158
1984,6,3,1,177,5.1032
1984,6,3,2,130,2.7424
1984,6,3,3,112,5.4379
1984,6,3,4,127,0.8313
1984,6,3,5,105,0.6525
1984,7,1,1,787,-6.8895
1984,7,1,2,328,-5.1819
1984,7,1,3,280,-2.1992
1984,7,1,4,290,-2.9978
1984,7,1,5,253,-1.9857
1984,7,2,1,232,-5.2672
1984,7,2,2,115,-3.7237
1984,7,2,3,92,-2.7792
1984,7,2,4,81,-5.4796
1984,7,2,5,89,-4.4122
1984,7,3,1,139,-3.4099
1984,7,3,2,122,-1.8883
1984,7,3,3,139,0.3347
1984,7,3,4,125,-1.7302
1984,7,3,5,126,-2.2096
1984,8,1,1,784,11.9997
1984,8,1,2,327,10.7778
1984,8,1,3,275,8.7886
1984,8,1,4,289,9.1186
1984,8,1,5,252,8.0834
1984,8,2,1,231,16.1721
1984,8,2,2,114,13.0505
1984,8,2,3,91,9.5316
1984,8,2,4,81,11.3505
1984,8,2,5,89,10.0096
1984,8,3,1,139,13.4791
1984,8,3,2,122,10.5285
1984,8,3,3,137,10.1052
1984,8,3,4,124,11.9454
1984,8,3,5,126,10.8051
1984,9,1,1,782,-2.4914
1984,9,1,2,325,-0.7322
1984,9,1,3,275,0.1238
1984,9,1,4,288,2.1194
1984,9,1,5,250,1.8106
1984,9,2,1,230,-4.7405
1984,9,2,2,114,0.7606
1984,9,2,3,90,1.5049
1984,9,2,4,81,0.1227
1984,9,2,5,89,1.5225
1984,9,3,1,139,-4.6554
1984,9,3,2,122,-2.9128
1984,9,3,3,136,-0.9568
1984,9,3,4,123,-1.2110
1984,9,3,5,126,3.6008
1984,10,1,1,779,-3.7835
1984,10,1,2,325,-1.1720
1984,10,1,3,272,-2.4991
1984,10,1,4,287,-1.2433
1984,10,1,5,247,-0.7352
1984,10,2,1,230,-2.7173
1984,10,2,2,112,-1.9070
1984,10,2,3,89,1.5076
1984,10,2,4,81,-1.4156
1984,10,2,5,86,1.0273
1984,10,3,1,138,-1.2847
1984,10,3,2,121,0.4916
1984,10,3,3,135,1.2960
1984,10,3,4,123,1.9283
1984,10,3,5,126,-0.5745
1984,11,1,1,777,-4.5467
1984,11,1,2,324,-3.0909
1984,11,1,3,269,-1.3000
1984,11,1,4,282,-1.3504
1984,11,1,5,246,-1.2343
1984,11,2,1,230,-4.4057
1984,11,2,2,113,-1.9264
1984,11,2,3,88,-0.0508
1984,11,2,4,80,-0.3912
1984,11,2,5,86,1.6213
1984,11,3,1,137,-4.1938
1984,11,3,2,121,-0.7589
1984,11,3,3,133,-1.3303
1984,11,3,4,123,-0.9137
1984,11,3,5,126,0.1741
1984,12,1,1,774,0.5987
1984,12,1,2,320,1.1711
1984,12,1,3,269,1.1499
1984,12,1,4,279,1.9152
1984,12,1,5,244,0.6829
1984,12,2,1,229,3.0392
1984,12,2,2,113,2.4165
1984,12,2,3,87,2.1563
1984,12,2,4,80,2.9895
1984,12,2,5,86,2.6776
1984,12,3,1,136,2.6080
1984,12,3,2,121,2.7230
1984,12,3,3,132,1.6088
1984,12,3,4,122,2.5869
1984,12,3,5,124,2.1134
1985,1,1,1,768,14.6084
1985,1,1,2,319,15.9683
1985,1,1,3,266,11.2941
1985,1,1,4,278,9.3074
1985,1,1,5,243,8.2346
1985,1,2,1,229,14.8918
1985,1,2,2,113,10.7185
1985,1,2,3,85,10.3165
1985,1,2,4,80,10.0426
1985,1,2,5,86,7.4592
1985,1,3,1,136,11.7487
1985,1,3,2,121,9.1284
1985,1,3,3,131,9.0525
1985,1,3,4,122,7.4794
1985,1,3,5,123,4.8481
1985,2,1,1,762,3.2841
1985,2,1,2,316,3.9289
1985,2,1,3,264,3.7646
1985,2,1,4,277,3.5524
1985,2,1,5,240,4.9522
1985,2,2,1,229,1.7603
1985,2,2,2,112,2.7132
1985,2,2,3,84,3.4681
1985,2,2,4,79,3.7439
1985,2,2,5,85,1.3180
1985,2,3,1,135,-0.7540
1985,2,3,2,121,0.9256
1985,2,3,3,129,1.6400
1985,2,3,4,122,2.3132
1985,2,3,5,123,2.4409
1985,3,1,1,758,-3.4852
1985,3,1,2,316,-1.8858
1985,3,1,3,260,-1.2649
1985,3,1,4,272,0.1154
1985,3,1,5,239,0.4940
1985,3,2,1,229,-5.1409
1985,3,2,2,110,-2.7474
1985,3,2,3,82,-0.6029
1985,3,2,4,78,-0.4968
1985,3,2,5,84,2.3729
1985,3,3,1,135,-3.9549
1985,3,3,2,121,1.3217
1985,3,3,3,128,-1.3311
1985,3,3,4,121,-0.1077
1985,3,3,5,123,2.1869
1985,4,1,1,754,-1.8543
1985,4,1,2,315,-1.5092
1985,4,1,3,260,-0.8878
1985,4,1,4,266,-0.4924
1985,4,1,5,237,1.0632
1985,4,2,1,229,-2.8744
1985,4,2,2,109,-1.5222
1985,4,2,3,82,0.0131
1985,4,2,4,78,-0.8054
1985,4,2,5,84,1.7685
1985,4,3,1,135,-3.3147
1985,4,3,2,120,-1.7784
1985,4,3,3,127,-1.5128
1985,4,3,4,121,-1.2447
1985,4,3,5,123,1.7879
1985,5,1,1,748,3.0391
1985,5,1,2,313,3.2772
1985,5,1,3,259,3.8057
1985,5,1,4,268,3.3072
1985,5,1,5,234,3.0313
1985,5,2,1,228,4.0672
1985,5,2,2,109,4.6151
1985,5,2,3,81,5.7485
1985,5,2,4,78,3.2101
1985,5,2,5,84,4.7385
1985,5,3,1,135,5.7541
1985,5,3,2,120,7.2458
1985,5,3,3,127,6.5717
1985,5,3,4,121,8.2179
1985,5,3,5,123,4.2167
1985,6,1,1,744,1.0138
1985,6,1,2,309,0.1184
1985,6,1,3,258,1.2700
1985,6,1,4,265,1.1928
1985,6,1,5,228,1.6570
1985,6,2,1,226,-0.3432
1985,6,2,2,108,2.0471
1985,6,2,3,80,3.2883
1985,6,2,4,75,1.2415
1985,6,2,5,83,3.0294
1985,6,3,1,135,1.5224
1985,6,3,2,120,2.1685
1985,6,3,3,126,0.3969
1985,6,3,4,121,2.8385
1985,6,3,5,122,2.0988
1985,7,1,1,722,2.5765
1985,7,1,2,344,3.8995
1985,7,1,3,343,2.9090
1985,7,1,4,263,1.9376
1985,7,1,5,335,1.6029
1985,7,2,1,219,3.8783
1985,7,2,2,131,2.9167
1985,7,2,3,90,2.7259
1985,7,2,4,106,2.2012
1985,7,2,5,83,2.0067
1985,7,3,1,154,0.4789
1985,7,3,2,125,0.7698
1985,7,3,3,140,-0.2299
1985,7,3,4,119,-1.9834
1985,7,3,5,119,-0.9622
1985,8,1,1,717,-1.1791
1985,8,1,2,343,-1.6891
1985,8,1,3,341,-0.4870
1985,8,1,4,262,0.0397
1985,8,1,5,330,-0.3341
1985,8,2,1,219,-2.7988
1985,8,2,2,131,-1.6437
1985,8,2,3,90,-1.0881
1985,8,2,4,106,0.0252
1985,8,2,5,81,2.6856
1985,8,3,1,154,-1.7479
1985,8,3,2,125,-1.2607
1985,8,3,3,139,-0.3354
1985,8,3,4,119,0.7708
1985,8,3,5,119,0.6352
1985,9,1,1,712,-6.9248
1985,9,1,2,342,-4.8078
1985,9,1,3,337,-4.6508
1985,9,1,4,261,-4.1147
1985,9,1,5,328,-4.7785
1985,9,2,1,218,-7.6543
1985,9,2,2,130,-7.0502
1985,9,2,3,90,-5.2594
1985,9,2,4,105,-3.1540
1985,9,2,5,81,-4.5344
1985,9,3,1,154,-4.8034
1985,9,3,2,122,-2.5836
1985,9,3,3,139,-2.9002
1985,9,3,4,119,-4.5627
1985,9,3,5,119,-2.6630
1985,10,1,1,708,1.1237
1985,10,1,2,341,2.3096
1985,10,1,3,337,2.6427
1985,10,1,4,258,3.2700
1985,10,1,5,324,3.5818
1985,10,2,1,218,3.6642
1985,10,2,2,130,4.6836
1985,10,2,3,90,1.7831
1985,10,2,4,105,2.9655
1985,10,2,5,81,3.5442
1985,10,3,1,152,3.1265
1985,10,3,2,120,4.5331
1985,10,3,3,138,3.0738
1985,10,3,4,119,4.3804
1985,10,3,5,118,5.3755
1985,11,1,1,704,6.2162
1985,11,1,2,337,6.8012
1985,11,1,3,335,5.5711
1985,11,1,4,255,6.8207
1985,11,1,5,318,5.8472
1985,11,2,1,215,9.4879
1985,11,2,2,129,6.5994
1985,11,2,3,90,7.5817
1985,11,2,4,105,6.6144
1985,11,2,5,80,4.5563
1985,11,3,1,151,10.3565
1985,11,3,2,120,8.9820
1985,11,3,3,138,7.0206
1985,11,3,4,118,6.7218
1985,11,3,5,118,3.6177
1985,12,1,1,693,4.2291
1985,12,1,2,337,4.4848
1985,12,1,3,332,3.6879
1985,12,1,4,252,4.5935
1985,12,1,5,318,2.0593
1985,12,2,1,214,5.7578
1985,12,2,2,128,4.8759
1985,12,2,3,90,4.3024
1985,12,2,4,103,4.6215
1985,12,2,5,79,2.6239
1985,12,3,1,151,4.3059
1985,12,3,2,120,7.1200
1985,12,3,3,135,3.8949
1985,12,3,4,118,5.1803
1985,12,3,5,118,2.4956
1986,1,1,1,689,2.3622
1986,1,1,2,334,1.5126
1986,1,1,3,329,1.6033
1986,1,1,4,251,3.5354
1986,1,1,5,316,3.5250
1986,1,2,1,214,1.1176
1986,1,2,2,126,0.7254
1986,1,2,3,88,1.4261
1986,1,2,4,103,1.5173
1986,1,2,5,79,2.3514
1986,1,3,1,151,1.5580
1986,1,3,2,117,-0.0357
1986,1,3,3,135,1.3116
1986,1,3,4,117,-0.1713
1986,1,3,5,118,-0.0033
1986,2,1,1,686,6.8980
1986,2,1,2,332,5.3386
1986,2,1,3,328,5.6922
1986,2,1,4,250,7.8325
1986,2,1,5,314,6.8939
1986,2,2,1,211,7.2162
1986,2,2,2,126,7.3477
1986,2,2,3,87,6.9392
1986,2,2,4,103,8.5620
1986,2,2,5,79,4.4685
1986,2,3,1,151,10.0733
1986,2,3,2,115,5.5924
1986,2,3,3,135,10.4112
1986,2,3,4,117,7.4348
1986,2,3,5,118,6.6369
1986,3,1,1,686,3.9528
1986,3,1,2,330,4.2629
1986,3,1,3,326,5.5695
1986,3,1,4,250,6.2364
1986,3,1,5,311,5.6867
1986,3,2,1,211,3.3834
1986,3,2,2,125,6.1337
1986,3,2,3,86,6.7259
1986,3,2,4,103,6.0601
1986,3,2,5,79,7.0371
1986,3,3,1,151,5.9880
1986,3,3,2,114,6.3235
1986,3,3,3,134,6.6656
1986,3,3,4,117,3.4625
1986,3,3,5,118,4.2332
1986,4,1,1,683,2.7863
1986,4,1,2,328,2.0398
1986,4,1,3,322,1.2982
1986,4,1,4,250,0.8800
1986,4,1,5,310,0.7417
1986,4,2,1,208,2.5467
1986,4,2,2,123,0.4845
1986,4,2,3,86,2.8312
1986,4,2,4,103,1.0754
1986,4,2,5,78,-1.4506
1986,4,3,1,150,2.0817
1986,4,3,2,114,0.6723
1986,4,3,3,133,-2.3900
1986,4,3,4,117,-0.8796
1986,4,3,5,118,-1.9286
1986,5,1,1,670,3.5191
1986,5,1,2,326,4.2314
1986,5,1,3,319,4.4014
1986,5,1,4,250,3.8165
1986,5,1,5,308,4.6323
1986,5,2,1,207,3.1134
1986,5,2,2,121,4.6454
1986,5,2,3,85,5.9569
1986,5,2,4,103,4.5245
1986,5,2,5,78,1.5847
1986,5,3,1,150,6.9433
1986,5,3,2,112,4.6671
1986,5,3,3,133,5.7374
1986,5,3,4,116,3.9780
1986,5,3,5,115,5.3818
1986,6,1,1,664,-0.8017
1986,6,1,2,326,-2.2335
1986,6,1,3,317,-0.3170
1986,6,1,4,246,1.5161
1986,6,1,5,303,2.2563
1986,6,2,1,207,-0.5884
1986,6,2,2,121,-0.5429
1986,6,2,3,84,-1.0430
1986,6,2,4,103,2.3279
1986,6,2,5,78,2.3262
1986,6,3,1,149,1.9350
1986,6,3,2,111,2.1696
1986,6,3,3,133,1.2156
1986,6,3,4,114,2.5263
1986,6,3,5,115,1.0129
1986,7,1,1,645,-9.3358
1986,7,1,2,309,-8.8537
1986,7,1,3,317,-7.0455
1986,7,1,4,271,-7.5583
1986,7,1,5,352,-7.5935
1986,7,2,1,230,-11.8513
1986,7,2,2,126,-10.0018
1986,7,2,3,122,-9.1051
1986,7,2,4,87,-5.8050
1986,7,2,5,77,-4.6196
1986,7,3,1,149,-7.5891
1986,7,3,2,127,-7.3438
1986,7,3,3,114,-6.5321
1986,7,3,4,129,-4.8917
1986,7,3,5,114,-1.0890
1986,8,1,1,642,0.4909
1986,8,1,2,307,1.9204
1986,8,1,3,314,2.1727
1986,8,1,4,267,1.7842
1986,8,1,5,346,1.9015
1986,8,2,1,230,3.8802
1986,8,2,2,126,4.7742
1986,8,2,3,122,3.2682
1986,8,2,4,86,6.1565
1986,8,2,5,77,5.7997
1986,8,3,1,149,4.0723
1986,8,3,2,126,4.8985
1986,8,3,3,114,5.8295
1986,8,3,4,129,6.9868
1986,8,3,5,114,11.4241
1986,9,1,1,639,-8.0007
1986,9,1,2,305,-5.4398
1986,9,1,3,312,-5.5116
1986,9,1,4,266,-3.2094
1986,9,1,5,343,-3.8955
1986,9,2,1,229,-7.5376
1986,9,2,2,125,-7.8719
1986,9,2,3,122,-5.3716
1986,9,2,4,86,-2.9538
1986,9,2,5,76,-4.6803
1986,9,3,1,149,-9.7401
1986,9,3,2,124,-9.7297
1986,9,3,3,114,-7.8292
1986,9,3,4,129,-6.2671
1986,9,3,5,113,-5.9139
1986,10,1,1,636,2.6725
1986,10,1,2,303,2.6023
1986,10,1,3,311,2.2346
1986,10,1,4,264,2.7671
1986,10,1,5,340,2.3985
1986,10,2,1,228,5.5213
1986,10,2,2,124,3.1526
1986,10,2,3,122,4.7656
1986,10,2,4,84,3.6990
1986,10,2,5,76,4.6480
1986,10,3,1,149,7.5648
1986,10,3,2,124,4.6902
1986,10,3,3,114,7.1524
1986,10,3,4,127,7.6982
1986,10,3,5,112,4.0767
1986,11,1,1,631,-0.9931
1986,11,1,2,303,0.5112
1986,11,1,3,309,0.0495
1986,11,1,4,263,1.0607
1986,11,1,5,336,1.3980
1986,11,2,1,227,1.3938
1986,11,2,2,124,2.4531
1986,11,2,3,122,-0.8093
1986,11,2,4,83,1.0653
1986,11,2,5,76,-0.8817
1986,11,3,1,147,2.3491
1986,11,3,2,123,2.9411
1986,11,3,3,113,2.2397
1986,11,3,4,126,2.5129
1986,11,3,5,112,2.1834
1986,12,1,1,624,-4.8194
1986,12,1,2,300,-0.1763
1986,12,1,3,306,-2.1853
1986,12,1,4,259,-2.2419
1986,12,1,5,335,-2.8371
1986,12,2,1,226,-1.9652
1986,12,2,2,123,-1.8195
1986,12,2,3,122,-3.7689
1986,12,2,4,83,-1.3515
1986,12,2,5,75,-2.9057
1986,12,3,1,147,-1.8186
1986,12,3,2,123,-2.2131
1986,12,3,3,113,-4.3057
1986,12,3,4,125,-3.9865
1986,12,3,5,111,-2.6424
1987,1,1,1,619,10.6068
1987,1,1,2,296,9.5137
1987,1,1,3,298,12.2706
1987,1,1,4,248,8.4156
1987,1,1,5,321,10.9182
1987,1,2,1,224,14.7059
1987,1,2,2,122,12.6169
1987,1,2,3,119,9.5208
1987,1,2,4,80,13.2731
1987,1,2,5,73,9.6607
1987,1,3,1,146,15.5884
1987,1,3,2,121,14.0374
1987,1,3,3,112,14.2715
1987,1,3,4,123,11.5034
1987,1,3,5,109,12.5944
1987,2,1,1,611,9.3316
1987,2,1,2,292,7.8511
1987,2,1,3,296,7.6223
1987,2,1,4,248,6.8551
1987,2,1,5,320,6.0374
1987,2,2,1,223,9.6763
1987,2,2,2,122,8.3026
1987,2,2,3,119,7.4910
1987,2,2,4,78,5.6789
1987,2,2,5,71,4.4751
1987,2,3,1,146,10.0231
1987,2,3,2,121,6.3891
1987,2,3,3,111,6.8157
1987,2,3,4,122,1.4293
1987,2,3,5,109,-0.6656
1987,3,1,1,608,0.7795
1987,3,1,2,289,2.2426
1987,3,1,3,295,1.2511
1987,3,1,4,247,5.4967
1987,3,1,5,318,5.2767
1987,3,2,1,222,0.3089
1987,3,2,2,122,1.4656
1987,3,2,3,119,1.5633
1987,3,2,4,78,3.1394
1987,3,2,5,71,4.5069
1987,3,3,1,146,0.4470
1987,3,3,2,121,3.0333
1987,3,3,3,110,1.6226
1987,3,3,4,122,3.9362
1987,3,3,5,108,4.4555
1987,4,1,1,607,-3.3086
1987,4,1,2,288,-2.1985
1987,4,1,3,292,-2.0057
1987,4,1,4,245,-2.3508
1987,4,1,5,313,-1.9743
1987,4,2,1,221,-2.8031
1987,4,2,2,122,-2.8390
1987,4,2,3,119,-3.5829
1987,4,2,4,78,-2.1488
1987,4,2,5,71,-5.4723
1987,4,3,1,146,-1.9845
1987,4,3,2,121,-0.2802
1987,4,3,3,110,-0.7679
1987,4,3,4,122,-0.6235
1987,4,3,5,107,-0.3552
1987,5,1,1,606,-0.3481
1987,5,1,2,286,0.7262
1987,5,1,3,290,0.0067
1987,5,1,4,241,0.8333
1987,5,1,5,309,1.9937
1987,5,2,1,221,0.2882
1987,5,2,2,120,2.1203
1987,5,2,3,119,0.8038
1987,5,2,4,77,-1.3453
1987,5,2,5,71,0.1808
1987,5,3,1,146,2.1068
1987,5,3,2,121,1.3675
1987,5,3,3,110,-0.8118
1987,5,3,4,120,0.4371
1987,5,3,5,107,0.8185
1987,6,1,1,603,0.1711
1987,6,1,2,287,2.1799
1987,6,1,3,289,2.5342
1987,6,1,4,241,4.9440
1987,6,1,5,310,3.8084
1987,6,2,1,221,1.2108
1987,6,2,2,120,3.5893
1987,6,2,3,118,5.2530
1987,6,2,4,76,4.4030
1987,6,2,5,70,2.7604
1987,6,3,1,146,4.2572
1987,6,3,2,121,4.8340
1987,6,3,3,110,4.7560
1987,6,3,4,120,5.4055
1987,6,3,5,107,4.5743
1987,7,1,1,618,2.0235
1987,7,1,2,306,3.1971
1987,7,1,3,282,3.2909
1987,7,1,4,284,2.9968
1987,7,1,5,418,3.7752
1987,7,2,1,201,2.6081
1987,7,2,2,121,4.3491
1987,7,2,3,101,4.6666
1987,7,2,4,109,2.6822
1987,7,2,5,80,6.3136
1987,7,3,1,148,5.1834
1987,7,3,2,124,5.5052
1987,7,3,3,122,4.9468
1987,7,3,4,114,6.1871
1987,7,3,5,116,2.7319
1987,8,1,1,615,1.4073
1987,8,1,2,304,2.9441
1987,8,1,3,281,2.6360
1987,8,1,4,284,2.6048
1987,8,1,5,411,2.7874
1987,8,2,1,199,4.2417
1987,8,2,2,120,4.0814
1987,8,2,3,99,2.5531
1987,8,2,4,109,3.6701
1987,8,2,5,80,4.3025
1987,8,3,1,147,4.7600
1987,8,3,2,123,4.6288
1987,8,3,3,122,3.7723
1987,8,3,4,114,3.0893
1987,8,3,5,116,3.1748
1987,9,1,1,611,-1.7189
1987,9,1,2,302,-0.7982
1987,9,1,3,280,-0.9194
1987,9,1,4,284,-0.9480
1987,9,1,5,407,0.2920
1987,9,2,1,195,-1.9341
1987,9,2,2,120,-3.3393
1987,9,2,3,99,-1.7050
1987,9,2,4,106,-2.3550
1987,9,2,5,79,0.9246
1987,9,3,1,145,-2.9240
1987,9,3,2,122,-1.4442
1987,9,3,3,122,-3.3379
1987,9,3,4,114,-0.3126
1987,9,3,5,116,-2.5820
1987,10,1,1,612,-32.5774
1987,10,1,2,298,-29.2262
1987,10,1,3,279,-29.8884
1987,10,1,4,282,-28.0314
1987,10,1,5,405,-28.9833
1987,10,2,1,193,-32.3102
1987,10,2,2,120,-31.8601
1987,10,2,3,98,-29.6695
1987,10,2,4,104,-24.7401
1987,10,2,5,78,-25.8598
1987,10,3,1,144,-23.2795
1987,10,3,2,122,-23.0631
1987,10,3,3,122,-24.0246
1987,10,3,4,113,-19.7123
1987,10,3,5,116,-17.1266
1987,11,1,1,609,-7.6009
1987,11,1,2,297,-6.4955
1987,11,1,3,275,-3.0477
1987,11,1,4,281,-2.4996
1987,11,1,5,398,-3.2064
1987,11,2,1,191,-6.1524
1987,11,2,2,120,-3.5935
1987,11,2,3,97,-4.9113
1987,11,2,4,102,-3.0188
1987,11,2,5,77,-0.8634
1987,11,3,1,143,-9.4055
1987,11,3,2,122,-8.0933
1987,11,3,3,122,-7.2816
1987,11,3,4,111,-5.6527
1987,11,3,5,116,-7.8965
1987,12,1,1,607,4.5295
1987,12,1,2,295,6.7653
1987,12,1,3,273,6.6463
1987,12,1,4,278,5.4406
1987,12,1,5,392,5.0734
1987,12,2,1,193,12.6918
1987,12,2,2,120,12.9324
1987,12,2,3,96,10.6582
1987,12,2,4,100,7.0456
1987,12,2,5,77,6.8042
1987,12,3,1,143,8.7391
1987,12,3,2,122,9.4823
1987,12,3,3,122,8.0375
1987,12,3,4,110,7.7493
1987,12,3,5,115,5.6724
1988,1,1,1,603,4.3070
1988,1,1,2,294,4.4271
1988,1,1,3,267,4.1458
1988,1,1,4,275,4.9736
1988,1,1,5,390,5.3360
1988,1,2,1,191,0.6326
1988,1,2,2,119,1.1376
1988,1,2,3,95,3.5224
1988,1,2,4,100,5.7579
1988,1,2,5,74,3.1350
1988,1,3,1,143,0.6369
1988,1,3,2,122,2.8279
1988,1,3,3,122,2.3125
1988,1,3,4,109,4.1084
1988,1,3,5,115,7.6906
1988,2,1,1,599,6.7591
1988,2,1,2,294,10.4815
1988,2,1,3,264,7.2954
1988,2,1,4,274,7.9105
1988,2,1,5,387,7.9839
1988,2,2,1,190,8.7980
1988,2,2,2,116,10.3431
1988,2,2,3,94,9.7291
1988,2,2,4,100,8.6389
1988,2,2,5,74,9.6189
1988,2,3,1,143,6.4388
1988,2,3,2,122,4.2857
1988,2,3,3,122,7.4278
1988,2,3,4,108,4.4920
1988,2,3,5,115,3.0589
1988,3,1,1,595,5.6621
1988,3,1,2,293,6.5571
1988,3,1,3,263,5.4567
1988,3,1,4,270,4.9485
1988,3,1,5,381,6.3917
1988,3,2,1,190,1.6874
1988,3,2,2,115,4.3438
1988,3,2,3,93,3.2117
1988,3,2,4,100,3.9421
1988,3,2,5,74,1.7284
1988,3,3,1,143,-3.2481
1988,3,3,2,122,-3.8556
1988,3,3,3,122,-2.5002
1988,3,3,4,108,-2.5205
1988,3,3,5,115,-1.1685
1988,4,1,1,593,1.4398
1988,4,1,2,289,2.5467
1988,4,1,3,260,1.8566
1988,4,1,4,265,1.6533
1988,4,1,5,378,3.4716
1988,4,2,1,189,2.3190
1988,4,2,2,114,0.2070
1988,4,2,3,93,2.0678
1988,4,2,4,98,2.3492
1988,4,2,5,73,3.3770
1988,4,3,1,143,-0.8097
1988,4,3,2,121,-0.2079
1988,4,3,3,121,1.7355
1988,4,3,4,108,1.3095
1988,4,3,5,114,2.4749
1988,5,1,1,586,-3.0597
1988,5,1,2,288,-1.2382
1988,5,1,3,259,-0.8644
1988,5,1,4,264,-2.0043
1988,5,1,5,373,-1.6271
1988,5,2,1,188,-2.8217
1988,5,2,2,114,-1.2525
1988,5,2,3,92,-1.3185
1988,5,2,4,98,-0.3201
1988,5,2,5,71,-0.4198
1988,5,3,1,143,0.5439
1988,5,3,2,121,-0.2826
1988,5,3,3,121,-1.0487
1988,5,3,4,107,1.1467
1988,5,3,5,113,1.3003
1988,6,1,1,582,7.2069
1988,6,1,2,287,7.1034
1988,6,1,3,256,5.7852
1988,6,1,4,260,6.5074
1988,6,1,5,365,7.2434
1988,6,2,1,187,8.4368
1988,6,2,2,113,9.5474
1988,6,2,3,90,7.5917
1988,6,2,4,98,6.3489
1988,6,2,5,70,5.9240
1988,6,3,1,142,5.1667
1988,6,3,2,121,4.8123
1988,6,3,3,120,6.6536
1988,6,3,4,107,4.0697
1988,6,3,5,113,3.9044
1988,7,1,1,582,-1.5559
1988,7,1,2,359,-1.1052
1988,7,1,3,310,0.7057
1988,7,1,4,276,-0.1601
1988,7,1,5,435,1.1664
1988,7,2,1,211,-3.5823
1988,7,2,2,137,-2.6160
1988,7,2,3,134,-0.5325
1988,7,2,4,98,0.2843
1988,7,2,5,86,1.5945
1988,7,3,1,174,-1.9499
1988,7,3,2,130,-1.3224
1988,7,3,3,116,-0.4872
1988,7,3,4,114,-0.8963
1988,7,3,5,108,0.4360
1988,8,1,1,578,-1.6803
1988,8,1,2,358,-2.4433
1988,8,1,3,306,-2.4252
1988,8,1,4,272,-1.7512
1988,8,1,5,432,-1.1559
1988,8,2,1,209,-3.5316
1988,8,2,2,137,-4.0213
1988,8,2,3,134,-2.1405
1988,8,2,4,97,-2.3823
1988,8,2,5,85,-0.6903
1988,8,3,1,174,-3.2236
1988,8,3,2,130,-4.4826
1988,8,3,3,115,-1.7914
1988,8,3,4,113,-2.8949
1988,8,3,5,108,-2.8582
1988,9,1,1,574,2.5616
1988,9,1,2,357,3.0221
1988,9,1,3,299,3.3479
1988,9,1,4,271,2.6777
1988,9,1,5,426,2.8008
1988,9,2,1,208,2.9948
1988,9,2,2,137,3.6563
1988,9,2,3,131,2.8392
1988,9,2,4,96,1.9768
1988,9,2,5,83,3.0785
1988,9,3,1,174,5.5615
1988,9,3,2,130,4.2001
1988,9,3,3,115,2.6551
1988,9,3,4,112,4.4174
1988,9,3,5,108,3.4422
1988,10,1,1,567,-2.8939
1988,10,1,2,355,-1.7408
1988,10,1,3,297,-1.4285
1988,10,1,4,269,-0.3788
1988,10,1,5,422,1.0336
1988,10,2,1,206,-0.6464
1988,10,2,2,134,-0.9836
1988,10,2,3,127,-1.0612
1988,10,2,4,96,-0.4026
1988,10,2,5,83,1.0624
1988,10,3,1,174,1.2718
1988,10,3,2,130,2.9330
1988,10,3,3,114,3.2453
1988,10,3,4,112,2.9395
1988,10,3,5,108,3.0633
1988,11,1,1,563,-5.4730
1988,11,1,2,352,-2.7466
1988,11,1,3,294,-4.3009
1988,11,1,4,268,-1.4106
1988,11,1,5,415,-3.0251
1988,11,2,1,204,-3.5871
1988,11,2,2,133,-1.5708
1988,11,2,3,127,-2.4482
1988,11,2,4,96,-2.4720
1988,11,2,5,82,-3.4884
1988,11,3,1,174,-1.3122
1988,11,3,2,129,-2.3827
1988,11,3,3,113,-2.0626
1988,11,3,4,112,-0.3585
1988,11,3,5,107,-0.5992
1988,12,1,1,556,4.5609
1988,12,1,2,350,3.5301
1988,12,1,3,292,4.1203
1988,12,1,4,263,4.8273
1988,12,1,5,413,2.8617
1988,12,2,1,202,4.7338
1988,12,2,2,131,4.3023
1988,12,2,3,125,3.8199
1988,12,2,4,96,3.7035
1988,12,2,5,82,7.3404
1988,12,3,1,174,2.7404
1988,12,3,2,128,3.0453
1988,12,3,3,111,1.8111
1988,12,3,4,112,2.0215
1988,12,3,5,107,0.8920
1989,1,1,1,548,5.7169
1989,1,1,2,345,4.7106
1989,1,1,3,288,4.4302
1989,1,1,4,258,4.4815
1989,1,1,5,413,5.2728
1989,1,2,1,202,3.7039
1989,1,2,2,131,3.6957
1989,1,2,3,124,5.3657
1989,1,2,4,95,3.6584
1989,1,2,5,81,7.2865
1989,1,3,1,172,6.8590
1989,1,3,2,128,6.8843
1989,1,3,3,111,6.0270
1989,1,3,4,111,6.0127
1989,1,3,5,106,7.4920
1989,2,1,1,547,0.1875
1989,2,1,2,342,0.0283
1989,2,1,3,285,1.4634
1989,2,1,4,255,0.7245
1989,2,1,5,411,1.9573
1989,2,2,1,202,0.0726
1989,2,2,2,131,1.0596
1989,2,2,3,124,1.3491
1989,2,2,4,94,1.9596
1989,2,2,5,79,1.6942
1989,2,3,1,172,-2.6235
1989,2,3,2,127,-2.8236
1989,2,3,3,110,-1.7657
1989,2,3,4,110,-2.2691
1989,2,3,5,105,-1.8141
1989,3,1,1,543,3.2916
1989,3,1,2,342,3.3081
1989,3,1,3,280,2.7604
1989,3,1,4,253,3.6616
1989,3,1,5,408,3.3309
1989,3,2,1,202,2.2709
1989,3,2,2,130,1.8805
1989,3,2,3,124,2.1769
1989,3,2,4,94,3.8743
1989,3,2,5,76,3.7122
1989,3,3,1,172,1.3608
1989,3,3,2,127,0.4186
1989,3,3,3,110,1.8414
1989,3,3,4,110,3.0367
1989,3,3,5,105,2.6474
1989,4,1,1,537,3.8582
1989,4,1,2,339,3.0104
1989,4,1,3,278,3.0440
1989,4,1,4,251,3.5613
1989,4,1,5,405,4.4448
1989,4,2,1,200,5.8926
1989,4,2,2,129,5.4882
1989,4,2,3,123,3.6639
1989,4,2,4,94,4.4683
1989,4,2,5,76,5.7857
1989,4,3,1,170,6.4225
1989,4,3,2,127,5.4636
1989,4,3,3,110,2.9546
1989,4,3,4,110,5.8664
1989,4,3,5,105,5.0671
1989,5,1,1,534,3.2930
1989,5,1,2,339,3.7819
1989,5,1,3,276,3.1757
1989,5,1,4,249,3.6564
1989,5,1,5,402,5.1232
1989,5,2,1,197,5.4153
1989,5,2,2,129,3.7646
1989,5,2,3,122,4.6635
1989,5,2,4,93,3.0812
1989,5,2,5,76,4.2127
1989,5,3,1,170,5.6376
1989,5,3,2,127,3.2048
1989,5,3,3,110,4.0129
1989,5,3,4,110,4.1392
1989,5,3,5,104,3.5269
1989,6,1,1,529,-2.6449
1989,6,1,2,336,-1.9618
1989,6,1,3,272,-0.0393
1989,6,1,4,246,-0.2757
1989,6,1,5,396,-0.4641
1989,6,2,1,196,-3.5314
1989,6,2,2,128,-1.2591
1989,6,2,3,122,-1.6739
1989,6,2,4,92,-0.2670
1989,6,2,5,75,-1.3172
1989,6,3,1,168,-2.1660
1989,6,3,2,126,0.2664
1989,6,3,3,109,-1.3703
1989,6,3,4,110,-0.4454
1989,6,3,5,104,0.0834
1989,7,1,1,604,3.2647
1989,7,1,2,327,3.1589
1989,7,1,3,301,3.2283
1989,7,1,4,307,3.0208
1989,7,1,5,377,3.4743
1989,7,2,1,192,4.6168
1989,7,2,2,136,4.6479
1989,7,2,3,139,4.8848
1989,7,2,4,109,3.5987
1989,7,2,5,71,2.5462
1989,7,3,1,140,11.4732
1989,7,3,2,138,9.7199
1989,7,3,3,102,7.7001
1989,7,3,4,116,6.5030
1989,7,3,5,124,6.6234
1989,8,1,1,599,1.4719
1989,8,1,2,326,0.7600
1989,8,1,3,301,0.2406
1989,8,1,4,307,1.6016
1989,8,1,5,373,2.2703
1989,8,2,1,191,2.8947
1989,8,2,2,136,2.7955
1989,8,2,3,139,2.4858
1989,8,2,4,108,3.8374
1989,8,2,5,71,3.2391
1989,8,3,1,138,0.6315
1989,8,3,2,137,1.3719
1989,8,3,3,101,2.3380
1989,8,3,4,116,1.5361
1989,8,3,5,123,4.3729
1989,9,1,1,595,0.1501
1989,9,1,2,325,-0.6103
1989,9,1,3,299,0.2407
1989,9,1,4,305,0.2814
1989,9,1,5,370,-1.2848
1989,9,2,1,190,2.5222
1989,9,2,2,135,-0.0766
1989,9,2,3,138,1.0288
1989,9,2,4,107,-1.3407
1989,9,2,5,69,0.1640
1989,9,3,1,137,2.0583
1989,9,3,2,136,-1.1130
1989,9,3,3,99,-3.0352
1989,9,3,4,116,-0.9029
1989,9,3,5,123,-0.1751
1989,10,1,1,592,-5.1099
1989,10,1,2,323,-5.2264
1989,10,1,3,299,-5.4150
1989,10,1,4,302,-5.3101
1989,10,1,5,365,-5.8679
1989,10,2,1,189,-5.4756
1989,10,2,2,134,-6.1556
1989,10,2,3,138,-6.2538
1989,10,2,4,107,-5.6457
1989,10,2,5,69,-5.3749
1989,10,3,1,137,-0.9674
1989,10,3,2,136,-1.5907
1989,10,3,3,99,-3.6981
1989,10,3,4,116,-2.1099
1989,10,3,5,123,-2.7693
1989,11,1,1,590,0.5053
1989,11,1,2,317,-0.2363
1989,11,1,3,298,-0.1963
1989,11,1,4,301,-0.8860
1989,11,1,5,362,-0.3611
1989,11,2,1,189,1.7049
1989,11,2,2,134,1.6112
1989,11,2,3,138,-0.6359
1989,11,2,4,107,1.1210
1989,11,2,5,69,3.2721
1989,11,3,1,136,2.6017
1989,11,3,2,136,1.8151
1989,11,3,3,99,3.3457
1989,11,3,4,116,2.2272
1989,11,3,5,122,1.5014
1989,12,1,1,585,-0.3076
1989,12,1,2,314,-0.4895
1989,12,1,3,294,-0.2108
1989,12,1,4,299,0.9767
1989,12,1,5,358,0.3859
1989,12,2,1,186,1.2741
1989,12,2,2,134,1.4022
1989,12,2,3,137,0.6322
1989,12,2,4,106,0.1662
1989,12,2,5,68,1.3927
1989,12,3,1,135,1.6814
1989,12,3,2,136,1.9105
1989,12,3,3,99,1.7803
1989,12,3,4,116,3.5214
1989,12,3,5,122,4.6567
1990,1,1,1,579,-7.9925
1990,1,1,2,314,-6.6386
1990,1,1,3,292,-8.5478
1990,1,1,4,297,-7.6929
1990,1,1,5,358,-7.8873
1990,1,2,1,185,-9.6538
1990,1,2,2,134,-8.7966
1990,1,2,3,136,-8.7998
1990,1,2,4,106,-7.6535
1990,1,2,5,67,-7.6126
1990,1,3,1,134,-7.9381
1990,1,3,2,135,-7.2270
1990,1,3,3,98,-3.1141
1990,1,3,4,116,-7.0406
1990,1,3,5,122,-7.1435
1990,2,1,1,574,2.9987
1990,2,1,2,311,3.7434
1990,2,1,3,292,2.5869
1990,2,1,4,296,2.0740
1990,2,1,5,355,2.9467
1990,2,2,1,184,3.4995
1990,2,2,2,133,3.5087
1990,2,2,3,135,2.2413
1990,2,2,4,105,1.6510
1990,2,2,5,65,2.9560
1990,2,3,1,133,0.4893
1990,2,3,2,135,0.3244
1990,2,3,3,97,2.4064
1990,2,3,4,114,1.8234
1990,2,3,5,122,1.8519
1990,3,1,1,573,4.7377
1990,3,1,2,310,3.2791
1990,3,1,3,291,3.2092
1990,3,1,4,295,3.4808
1990,3,1,5,351,5.0828
1990,3,2,1,183,4.8873
1990,3,2,2,132,4.7877
1990,3,2,3,135,5.4266
1990,3,2,4,104,3.4687
1990,3,2,5,64,4.0023
1990,3,3,1,134,4.1998
1990,3,3,2,135,3.5458
1990,3,3,3,97,3.4781
1990,3,3,4,114,1.5701
1990,3,3,5,122,2.2225
1990,4,1,1,571,-2.1729
1990,4,1,2,309,-1.7529
1990,4,1,3,290,-3.2537
1990,4,1,4,295,-2.9175
1990,4,1,5,348,-3.3664
1990,4,2,1,182,-3.1749
1990,4,2,2,131,-0.9011
1990,4,2,3,135,-3.2513
1990,4,2,4,104,-3.6655
1990,4,2,5,64,-4.2227
1990,4,3,1,134,-0.2169
1990,4,3,2,135,-1.3907
1990,4,3,3,97,-1.7379
1990,4,3,4,114,-3.7442
1990,4,3,5,121,-4.0846
1990,5,1,1,571,8.6713
1990,5,1,2,305,7.6761
1990,5,1,3,289,5.7472
1990,5,1,4,295,3.9558
1990,5,1,5,345,6.4012
1990,5,2,1,181,9.2927
1990,5,2,2,131,8.8432
1990,5,2,3,135,6.1231
1990,5,2,4,104,6.6359
1990,5,2,5,64,6.3528
1990,5,3,1,134,11.8678
1990,5,3,2,135,10.4325
1990,5,3,3,97,9.6286
1990,5,3,4,114,7.8120
1990,5,3,5,120,6.7780
1990,6,1,1,570,1.6814
1990,6,1,2,302,2.2198
1990,6,1,3,288,2.0691
1990,6,1,4,293,1.0389
1990,6,1,5,342,-0.7390
1990,6,2,1,181,0.9560
1990,6,2,2,131,2.0104
1990,6,2,3,134,-0.1573
1990,6,2,4,104,-0.8641
1990,6,2,5,64,-2.7165
1990,6,3,1,134,1.2984
1990,6,3,2,135,2.0738
1990,6,3,3,97,-0.7101
1990,6,3,4,114,-1.4483
1990,6,3,5,120,-2.8805
1990,7,1,1,542,-4.3933
1990,7,1,2,267,-4.3218
1990,7,1,3,303,-3.2168
1990,7,1,4,217,-3.2083
1990,7,1,5,498,-4.8198
1990,7,2,1,200,-4.0959
1990,7,2,2,126,-3.9196
1990,7,2,3,152,-3.2963
1990,7,2,4,103,-1.9035
1990,7,2,5,89,-2.0376
1990,7,3,1,169,-0.3214
1990,7,3,2,145,-1.5599
1990,7,3,3,110,0.6410
1990,7,3,4,106,-0.4790
1990,7,3,5,96,0.7482
1990,8,1,1,541,-15.3454
1990,8,1,2,267,-14.9027
1990,8,1,3,303,-12.6825
1990,8,1,4,216,-12.0712
1990,8,1,5,493,-12.2996
1990,8,2,1,199,-13.9751
1990,8,2,2,126,-13.5392
1990,8,2,3,151,-13.7330
1990,8,2,4,103,-11.0170
1990,8,2,5,89,-13.9159
1990,8,3,1,168,-8.6757
1990,8,3,2,145,-9.9046
1990,8,3,3,110,-7.7540
1990,8,3,4,106,-8.2821
1990,8,3,5,96,-8.7057
1990,9,1,1,537,-9.8361
1990,9,1,2,267,-7.6961
1990,9,1,3,303,-7.1087
1990,9,1,4,215,-7.0375
1990,9,1,5,489,-9.4059
1990,9,2,1,199,-9.4819
1990,9,2,2,125,-8.7872
1990,9,2,3,151,-6.4897
1990,9,2,4,103,-6.7476
1990,9,2,5,87,-9.5593
1990,9,3,1,168,-5.2550
1990,9,3,2,142,-6.8124
1990,9,3,3,109,-2.3536
1990,9,3,4,105,-1.1763
1990,9,3,5,96,-4.8032
1990,10,1,1,534,-6.4498
1990,10,1,2,266,-7.8886
1990,10,1,3,302,-7.1235
1990,10,1,4,215,-4.2651
1990,10,1,5,485,-5.7686
1990,10,2,1,198,-5.3596
1990,10,2,2,125,-6.2701
1990,10,2,3,150,-5.3456
1990,10,2,4,103,-2.5448
1990,10,2,5,87,-8.0665
1990,10,3,1,168,0.9688
1990,10,3,2,142,-1.1624
1990,10,3,3,109,-0.8127
1990,10,3,4,104,2.3703
1990,10,3,5,96,-0.7116
1990,11,1,1,530,4.5015
1990,11,1,2,265,5.7522
1990,11,1,3,301,4.2758
1990,11,1,4,214,4.4335
1990,11,1,5,480,1.8873
1990,11,2,1,196,10.7007
1990,11,2,2,125,8.1059
1990,11,2,3,150,5.4288
1990,11,2,4,102,7.0209
1990,11,2,5,87,6.4278
1990,11,3,1,168,8.7365
1990,11,3,2,142,6.3322
1990,11,3,3,109,4.2327
1990,11,3,4,104,4.5395
1990,11,3,5,96,3.9234
1990,12,1,1,525,0.6808
1990,12,1,2,264,0.7783
1990,12,1,3,301,3.2581
1990,12,1,4,214,2.9674
1990,12,1,5,478,0.9691
1990,12,2,1,196,5.6597
1990,12,2,2,125,3.9948
1990,12,2,3,149,4.9693
1990,12,2,4,101,5.0886
1990,12,2,5,86,3.1989
1990,12,3,1,168,2.9621
1990,12,3,2,142,4.5796
1990,12,3,3,108,1.6947
1990,12,3,4,104,1.8784
1990,12,3,5,96,1.9548
1991,1,1,1,525,8.3059
1991,1,1,2,264,6.3381
1991,1,1,3,301,8.7619
1991,1,1,4,212,7.7267
1991,1,1,5,474,10.6859
1991,1,2,1,196,8.2081
1991,1,2,2,125,9.7145
1991,1,2,3,149,6.8570
1991,1,2,4,100,7.2134
1991,1,2,5,86,10.1193
1991,1,3,1,167,4.7755
1991,1,3,2,142,7.3059
1991,1,3,3,108,4.4410
1991,1,3,4,104,0.8087
1991,1,3,5,96,4.7871
1991,2,1,1,525,12.1417
1991,2,1,2,264,12.6307
1991,2,1,3,299,10.7006
1991,2,1,4,210,13.1186
1991,2,1,5,470,10.5063
1991,2,2,1,196,9.7646
1991,2,2,2,125,10.2746
1991,2,2,3,148,10.5718
1991,2,2,4,100,7.7951
1991,2,2,5,86,10.3032
1991,2,3,1,167,8.2213
1991,2,3,2,142,8.2626
1991,2,3,3,108,5.1691
1991,2,3,4,104,4.7495
1991,2,3,5,95,6.6397
1991,3,1,1,522,8.8773
1991,3,1,2,264,7.6736
1991,3,1,3,299,7.6585
1991,3,1,4,209,5.6423
1991,3,1,5,470,6.9736
1991,3,2,1,195,7.3808
1991,3,2,2,125,4.0998
1991,3,2,3,148,3.6844
1991,3,2,4,100,4.5096
1991,3,2,5,86,2.6576
1991,3,3,1,167,3.9736
1991,3,3,2,142,3.3912
1991,3,3,3,108,0.6508
1991,3,3,4,104,1.1286
1991,3,3,5,95,0.2609
1991,4,1,1,518,-0.4694
1991,4,1,2,263,-0.5160
1991,4,1,3,299,0.7356
1991,4,1,4,209,0.6667
1991,4,1,5,468,0.6674
1991,4,2,1,195,-1.2878
1991,4,2,2,125,0.2442
1991,4,2,3,148,0.8811
1991,4,2,4,100,0.9637
1991,4,2,5,86,0.2308
1991,4,3,1,167,-0.2572
1991,4,3,2,142,-0.6671
1991,4,3,3,107,-0.2027
1991,4,3,4,104,0.8846
1991,4,3,5,95,1.0789
1991,5,1,1,513,3.1241
1991,5,1,2,262,3.7088
1991,5,1,3,294,3.6592
1991,5,1,4,209,4.6604
1991,5,1,5,465,3.4349
1991,5,2,1,195,2.8740
1991,5,2,2,124,5.5693
1991,5,2,3,148,5.0821
1991,5,2,4,100,4.4479
1991,5,2,5,86,3.8832
1991,5,3,1,167,4.9570
1991,5,3,2,142,5.5293
1991,5,3,3,107,1.8651
1991,5,3,4,104,2.1576
1991,5,3,5,95,5.8005
1991,6,1,1,512,-4.1967
1991,6,1,2,262,-4.2453
1991,6,1,3,294,-4.6564
1991,6,1,4,208,-2.4095
1991,6,1,5,465,-3.3039
1991,6,2,1,195,-5.2692
1991,6,2,2,124,-4.6866
1991,6,2,3,148,-4.9491
1991,6,2,4,100,-2.4925
1991,6,2,5,86,-5.1903
1991,6,3,1,167,-4.6402
1991,6,3,2,142,-5.6833
1991,6,3,3,106,-4.3374
1991,6,3,4,104,-2.2475
1991,6,3,5,95,-4.2273
1991,7,1,1,409,3.1828
1991,7,1,2,272,3.4186
1991,7,1,3,241,3.5705
1991,7,1,4,265,2.0806
1991,7,1,5,599,2.0676
1991,7,2,1,196,5.6025
1991,7,2,2,133,3.0113
1991,7,2,3,128,3.0107
1991,7,2,4,116,3.7703
1991,7,2,5,102,1.5836
1991,7,3,1,181,7.1425
1991,7,3,2,148,3.1808
1991,7,3,3,121,3.6071
1991,7,3,4,111,3.6506
1991,7,3,5,85,3.4150
1991,8,1,1,405,3.8695
1991,8,1,2,271,2.1373
1991,8,1,3,239,2.5807
1991,8,1,4,264,2.5275
1991,8,1,5,594,2.7301
1991,8,2,1,196,4.1312
1991,8,2,2,132,3.4074
1991,8,2,3,126,2.4227
1991,8,2,4,115,2.9212
1991,8,2,5,102,1.7455
1991,8,3,1,181,3.8232
1991,8,3,2,147,3.4749
1991,8,3,3,120,0.6293
1991,8,3,4,111,1.0192
1991,8,3,5,85,1.4481
1991,9,1,1,405,2.6186
1991,9,1,2,270,0.2779
1991,9,1,3,238,-0.3072
1991,9,1,4,262,-1.0650
1991,9,1,5,590,0.4478
1991,9,2,1,196,0.0403
1991,9,2,2,132,-0.1872
1991,9,2,3,126,0.7054
1991,9,2,4,115,0.8796
1991,9,2,5,102,-0.5854
1991,9,3,1,180,-1.8868
1991,9,3,2,147,-3.0827
1991,9,3,3,120,0.8994
1991,9,3,4,111,-0.7825
1991,9,3,5,85,-2.8201
1991,10,1,1,405,3.9542
1991,10,1,2,269,3.1969
1991,10,1,3,237,2.3294
1991,10,1,4,261,2.9462
1991,10,1,5,590,2.2686
1991,10,2,1,196,1.5586
1991,10,2,2,131,0.9031
1991,10,2,3,126,1.5036
1991,10,2,4,115,-0.7778
1991,10,2,5,102,2.3790
1991,10,3,1,180,2.5725
1991,10,3,2,146,-0.2203
1991,10,3,3,120,1.0087
1991,10,3,4,111,2.4863
1991,10,3,5,85,1.9373
1991,11,1,1,401,-3.0201
1991,11,1,2,268,-3.5125
1991,11,1,3,234,-2.7964
1991,11,1,4,261,-2.6510
1991,11,1,5,587,-4.0661
1991,11,2,1,195,-5.0533
1991,11,2,2,131,-4.4397
1991,11,2,3,125,-3.6423
1991,11,2,4,115,-4.2911
1991,11,2,5,102,-8.2012
1991,11,3,1,180,-0.7711
1991,11,3,2,146,-3.9340
1991,11,3,3,120,-3.9239
1991,11,3,4,111,-4.8238
1991,11,3,5,85,-7.3758
1991,12,1,1,401,6.9440
1991,12,1,2,267,4.5650
1991,12,1,3,234,4.8343
1991,12,1,4,259,4.1218
1991,12,1,5,583,3.5093
1991,12,2,1,195,12.1167
1991,12,2,2,130,8.9339
1991,12,2,3,124,7.5573
1991,12,2,4,115,5.3687
1991,12,2,5,102,6.0353
1991,12,3,1,180,15.6054
1991,12,3,2,146,13.0534
1991,12,3,3,120,6.5790
1991,12,3,4,111,7.4750
1991,12,3,5,85,7.3927
1992,1,1,1,399,11.7458
1992,1,1,2,266,11.2515
1992,1,1,3,234,10.2542
1992,1,1,4,259,9.6053
1992,1,1,5,580,13.9874
1992,1,2,1,195,4.1940
1992,1,2,2,130,6.6068
1992,1,2,3,124,4.1946
1992,1,2,4,115,7.5797
1992,1,2,5,102,12.0227
1992,1,3,1,178,-3.8366
1992,1,3,2,146,-0.1454
1992,1,3,3,120,-1.5335
1992,1,3,4,111,-1.5835
1992,1,3,5,85,5.0229
1992,2,1,1,398,0.4432
1992,2,1,2,262,4.0026
1992,2,1,3,234,4.9429
1992,2,1,4,258,4.5301
1992,2,1,5,577,8.0601
1992,2,2,1,195,0.6186
1992,2,2,2,130,3.4855
1992,2,2,3,123,1.7032
1992,2,2,4,115,2.7918
1992,2,2,5,102,4.4546
1992,2,3,1,178,-0.3994
1992,2,3,2,146,1.9259
1992,2,3,3,120,0.4404
1992,2,3,4,111,1.0904
1992,2,3,5,85,5.8504
1992,3,1,1,396,-5.6603
1992,3,1,2,262,-3.6709
1992,3,1,3,233,-1.8269
1992,3,1,4,257,-2.3581
1992,3,1,5,575,-0.6453
1992,3,2,1,194,-6.9551
1992,3,2,2,130,-3.8574
1992,3,2,3,123,-1.9438
1992,3,2,4,115,-1.5585
1992,3,2,5,102,-3.5202
1992,3,3,1,178,-3.7702
1992,3,3,2,146,-2.0430
1992,3,3,3,120,-2.5985
1992,3,3,4,111,0.5620
1992,3,3,5,85,-1.3912
1992,4,1,1,393,-7.4896
1992,4,1,2,262,-5.5483
1992,4,1,3,232,-4.1507
1992,4,1,4,255,-1.5009
1992,4,1,5,572,-3.5299
1992,4,2,1,193,-4.2781
1992,4,2,2,129,-3.3994
1992,4,2,3,122,-1.7195
1992,4,2,4,115,-1.5122
1992,4,2,5,102,-2.0862
1992,4,3,1,178,-1.0735
1992,4,3,2,146,1.1637
1992,4,3,3,120,6.5150
1992,4,3,4,111,5.2548
1992,4,3,5,85,6.0492
1992,5,1,1,388,-1.3767
1992,5,1,2,261,0.7037
1992,5,1,3,230,1.1951
1992,5,1,4,256,0.1002
1992,5,1,5,567,-0.4130
1992,5,2,1,192,-1.7412
1992,5,2,2,129,-1.1262
1992,5,2,3,122,0.5059
1992,5,2,4,115,1.0873
1992,5,2,5,102,0.9381
1992,5,3,1,178,1.4070
1992,5,3,2,146,0.0923
1992,5,3,3,119,0.5848
1992,5,3,4,111,-0.2800
1992,5,3,5,85,-0.7929
1992,6,1,1,384,-8.0284
1992,6,1,2,260,-6.5080
1992,6,1,3,230,-4.0018
1992,6,1,4,254,-4.0736
1992,6,1,5,564,-5.0176
1992,6,2,1,191,-4.6685
1992,6,2,2,129,-4.7397
1992,6,2,3,121,-2.9603
1992,6,2,4,115,-3.8186
1992,6,2,5,102,-4.1093
1992,6,3,1,178,-3.4610
1992,6,3,2,145,-2.5144
1992,6,3,3,119,0.0641
1992,6,3,4,111,-1.5493
1992,6,3,5,85,-0.9301
1992,7,1,1,436,1.2166
1992,7,1,2,279,0.8055
1992,7,1,3,232,0.4731
1992,7,1,4,216,1.1187
1992,7,1,5,578,4.0992
1992,7,2,1,194,2.6405
1992,7,2,2,148,4.8858
1992,7,2,3,139,4.4690
1992,7,2,4,105,2.9768
1992,7,2,5,97,2.4370
1992,7,3,1,173,4.9382
1992,7,3,2,151,3.3758
1992,7,3,3,121,3.0705
1992,7,3,4,128,4.7093
1992,7,3,5,98,5.4870
1992,8,1,1,433,-3.3454
1992,8,1,2,279,-2.3273
1992,8,1,3,229,-1.2895
1992,8,1,4,214,0.5758
1992,8,1,5,566,-2.4086
1992,8,2,1,194,-4.2525
1992,8,2,2,148,-2.4596
1992,8,2,3,139,-0.0978
1992,8,2,4,105,-1.4535
1992,8,2,5,95,-1.1830
1992,8,3,1,173,-0.9035
1992,8,3,2,151,-2.8235
1992,8,3,3,121,-2.3506
1992,8,3,4,128,-1.5207
1992,8,3,5,98,-1.1657
1992,9,1,1,432,0.3118
1992,9,1,2,279,0.5147
1992,9,1,3,227,2.8274
1992,9,1,4,213,1.9480
1992,9,1,5,558,1.6350
1992,9,2,1,192,1.1447
1992,9,2,2,148,2.1199
1992,9,2,3,139,2.1036
1992,9,2,4,105,2.0303
1992,9,2,5,95,3.6553
1992,9,3,1,173,0.2809
1992,9,3,2,151,1.6219
1992,9,3,3,121,3.0025
1992,9,3,4,128,0.7102
1992,9,3,5,98,0.5958
1992,10,1,1,432,3.3501
1992,10,1,2,277,2.5019
1992,10,1,3,226,2.5176
1992,10,1,4,213,1.2498
1992,10,1,5,556,1.7560
1992,10,2,1,192,6.8913
1992,10,2,2,148,1.6917
1992,10,2,3,139,2.4412
1992,10,2,4,105,2.4530
1992,10,2,5,95,0.1136
1992,10,3,1,171,3.3444
1992,10,3,2,151,-0.5106
1992,10,3,3,121,0.8772
1992,10,3,4,128,-0.7139
1992,10,3,5,98,0.0228
1992,11,1,1,429,11.7371
1992,11,1,2,276,9.8380
1992,11,1,3,225,7.7984
1992,11,1,4,212,5.1319
1992,11,1,5,550,9.1863
1992,11,2,1,192,7.3238
1992,11,2,2,147,8.5810
1992,11,2,3,138,6.4127
1992,11,2,4,104,4.6800
1992,11,2,5,94,5.1896
1992,11,3,1,171,3.8930
1992,11,3,2,151,5.0547
1992,11,3,3,121,4.6025
1992,11,3,4,128,0.6135
1992,11,3,5,97,2.1475
1992,12,1,1,427,2.6798
1992,12,1,2,275,2.5047
1992,12,1,3,223,4.7279
1992,12,1,4,212,4.9199
1992,12,1,5,545,3.7819
1992,12,2,1,192,3.3628
1992,12,2,2,147,2.5500
1992,12,2,3,138,4.2244
1992,12,2,4,104,2.9911
1992,12,2,5,94,2.7038
1992,12,3,1,171,-0.6680
1992,12,3,2,151,-0.2982
1992,12,3,3,121,1.9479
1992,12,3,4,128,2.7501
1992,12,3,5,97,3.3734
1993,1,1,1,424,2.3909
1993,1,1,2,276,4.8944
1993,1,1,3,224,4.7605
1993,1,1,4,212,5.1720
1993,1,1,5,541,6.9247
1993,1,2,1,192,-0.2730
1993,1,2,2,147,2.5640
1993,1,2,3,138,2.8418
1993,1,2,4,103,2.6136
1993,1,2,5,94,6.6209
1993,1,3,1,171,-2.3802
1993,1,3,2,151,0.4959
1993,1,3,3,121,2.1025
1993,1,3,4,128,1.0296
1993,1,3,5,97,3.5535
1993,2,1,1,420,-6.7340
1993,2,1,2,275,-3.6221
1993,2,1,3,224,-2.9732
1993,2,1,4,212,-0.3890
1993,2,1,5,538,-0.2168
1993,2,2,1,192,-5.9577
1993,2,2,2,147,-2.4479
1993,2,2,3,138,-2.4547
1993,2,2,4,103,1.6198
1993,2,2,5,94,2.9259
1993,2,3,1,171,-2.6312
1993,2,3,2,151,-0.3929
1993,2,3,3,121,1.2936
1993,2,3,4,128,4.4935
1993,2,3,5,97,4.1907
1993,3,1,1,419,1.0206
1993,3,1,2,274,0.3980
1993,3,1,3,224,2.5322
1993,3,1,4,210,3.1243
1993,3,1,5,538,5.2168
1993,3,2,1,191,2.4325
1993,3,2,2,147,2.8728
1993,3,2,3,138,2.8518
1993,3,2,4,103,2.2158
1993,3,2,5,94,4.0942
1993,3,3,1,171,1.5490
1993,3,3,2,151,0.6863
1993,3,3,3,121,3.3272
1993,3,3,4,128,2.5477
1993,3,3,5,97,3.5705
1993,4,1,1,417,-4.2470
1993,4,1,2,271,-0.9278
1993,4,1,3,222,-2.4882
1993,4,1,4,209,-3.4486
1993,4,1,5,534,-1.4981
1993,4,2,1,191,-3.8527
1993,4,2,2,147,-4.2658
1993,4,2,3,138,-2.2756
1993,4,2,4,103,-1.7096
1993,4,2,5,94,-1.9027
1993,4,3,1,171,-4.2531
1993,4,3,2,151,-5.5279
1993,4,3,3,120,-1.8491
1993,4,3,4,128,0.6192
1993,4,3,5,97,-0.8118
1993,5,1,1,416,3.9998
1993,5,1,2,270,4.2647
1993,5,1,3,222,4.4811
1993,5,1,4,208,5.4087
1993,5,1,5,530,5.1866
1993,5,2,1,191,7.9232
1993,5,2,2,147,4.0779
1993,5,2,3,137,4.5070
1993,5,2,4,103,4.8196
1993,5,2,5,94,5.1911
1993,5,3,1,171,4.0136
1993,5,3,2,151,4.6571
1993,5,3,3,120,4.0332
1993,5,3,4,128,1.7386
1993,5,3,5,97,0.8584
1993,6,1,1,415,-0.3936
1993,6,1,2,270,-0.6797
1993,6,1,3,220,0.7525
1993,6,1,4,207,-1.5073
1993,6,1,5,527,1.7702
1993,6,2,1,191,1.3212
1993,6,2,2,146,0.9018
1993,6,2,3,137,2.2168
1993,6,2,4,103,-2.3737
1993,6,2,5,93,1.4144
1993,6,3,1,171,-2.4370
1993,6,3,2,151,-1.6048
1993,6,3,3,120,0.0339
1993,6,3,4,128,1.5348
1993,6,3,5,97,3.5289
1993,7,1,1,513,-0.0981
1993,7,1,2,278,0.6332
1993,7,1,3,295,1.3994
1993,7,1,4,249,2.1753
1993,7,1,5,540,1.2024
1993,7,2,1,236,-0.0325
1993,7,2,2,143,0.5330
1993,7,2,3,141,0.3042
1993,7,2,4,97,2.3247
1993,7,2,5,101,0.5998
1993,7,3,1,201,-3.8489
1993,7,3,2,155,-2.4262
1993,7,3,3,133,-0.0417
1993,7,3,4,120,1.2177
1993,7,3,5,119,1.7186
1993,8,1,1,512,3.6459
1993,8,1,2,277,4.2822
1993,8,1,3,293,4.4755
1993,8,1,4,245,2.8733
1993,8,1,5,534,3.5255
1993,8,2,1,236,4.4096
1993,8,2,2,143,4.5430
1993,8,2,3,140,3.8564
1993,8,2,4,97,5.7965
1993,8,2,5,101,2.8249
1993,8,3,1,201,3.9617
1993,8,3,2,155,4.7399
1993,8,3,3,133,3.0278
1993,8,3,4,120,3.5695
1993,8,3,5,119,3.8736
1993,9,1,1,509,2.2379
1993,9,1,2,275,4.6068
1993,9,1,3,293,2.3946
1993,9,1,4,244,1.9768
1993,9,1,5,531,1.2339
1993,9,2,1,236,3.5924
1993,9,2,2,143,1.5191
1993,9,2,3,139,2.6082
1993,9,2,4,96,0.2941
1993,9,2,5,101,2.2641
1993,9,3,1,201,-0.5034
1993,9,3,2,155,-0.6650
1993,9,3,3,133,-2.5515
1993,9,3,4,120,-0.3003
1993,9,3,5,119,0.5206
1993,10,1,1,507,4.6850
1993,10,1,2,276,3.8606
1993,10,1,3,292,2.4079
1993,10,1,4,244,3.8352
1993,10,1,5,529,4.8359
1993,10,2,1,234,2.3924
1993,10,2,2,143,2.5312
1993,10,2,3,138,1.4135
1993,10,2,4,96,1.6549
1993,10,2,5,101,3.7974
1993,10,3,1,201,3.5536
1993,10,3,2,155,4.2765
1993,10,3,3,133,2.4204
1993,10,3,4,120,0.2350
1993,10,3,5,119,1.8307
1993,11,1,1,505,-2.7494
1993,11,1,2,275,-2.7200
1993,11,1,3,291,0.0971
1993,11,1,4,244,-3.3380
1993,11,1,5,528,-0.7928
1993,11,2,1,233,-2.5881
1993,11,2,2,143,-3.5868
1993,11,2,3,138,-2.7790
1993,11,2,4,96,-3.3803
1993,11,2,5,101,-1.4711
1993,11,3,1,201,1.3604
1993,11,3,2,154,0.4544
1993,11,3,3,132,0.0519
1993,11,3,4,120,-3.4050
1993,11,3,5,119,-3.3402
1993,12,1,1,502,0.6586
1993,12,1,2,275,1.6398
1993,12,1,3,288,3.2351
1993,12,1,4,243,1.0979
1993,12,1,5,523,2.2596
1993,12,2,1,233,3.5070
1993,12,2,2,143,7.1333
1993,12,2,3,138,5.6912
1993,12,2,4,96,1.5662
1993,12,2,5,101,5.5377
1993,12,3,1,200,0.8247
1993,12,3,2,154,2.6370
1993,12,3,3,131,1.7275
1993,12,3,4,120,1.2370
1993,12,3,5,119,1.6165
1994,1,1,1,500,3.8821
1994,1,1,2,275,4.5246
1994,1,1,3,288,5.0967
1994,1,1,4,243,5.4826
1994,1,1,5,515,5.7961
1994,1,2,1,232,2.2918
1994,1,2,2,143,0.8796
1994,1,2,3,138,2.1519
1994,1,2,4,96,2.0850
1994,1,2,5,101,4.1505
1994,1,3,1,200,1.0829
1994,1,3,2,153,3.0774
1994,1,3,3,131,4.6439
1994,1,3,4,120,1.4995
1994,1,3,5,119,4.1255
1994,2,1,1,499,-0.2679
1994,2,1,2,274,-0.5061
1994,2,1,3,288,1.8968
1994,2,1,4,240,1.0195
1994,2,1,5,514,0.1037
1994,2,2,1,231,0.6973
1994,2,2,2,143,1.7876
1994,2,2,3,138,1.0503
1994,2,2,4,96,-0.9537
1994,2,2,5,100,-1.1778
1994,2,3,1,200,-0.9098
1994,2,3,2,153,-1.2363
1994,2,3,3,131,-2.1019
1994,2,3,4,119,-3.3301
1994,2,3,5,118,-3.4869
1994,3,1,1,493,-5.9626
1994,3,1,2,273,-4.2741
1994,3,1,3,288,-5.3658
1994,3,1,4,237,-2.6139
1994,3,1,5,512,-4.8293
1994,3,2,1,231,-6.2991
1994,3,2,2,143,-4.6121
1994,3,2,3,137,-5.9254
1994,3,2,4,96,-4.9599
1994,3,2,5,100,-6.0482
1994,3,3,1,200,-5.3846
1994,3,3,2,152,-4.5060
1994,3,3,3,131,-4.1498
1994,3,3,4,119,-3.7575
1994,3,3,5,118,-4.2375
1994,4,1,1,493,-2.1362
1994,4,1,2,272,-0.8708
1994,4,1,3,287,1.0054
1994,4,1,4,235,0.6051
1994,4,1,5,509,0.8025
1994,4,2,1,231,0.3761
1994,4,2,2,143,0.2708
1994,4,2,3,137,2.2148
1994,4,2,4,96,-0.1323
1994,4,2,5,100,1.2591
1994,4,3,1,200,0.5000
1994,4,3,2,152,0.5355
1994,4,3,3,131,0.1675
1994,4,3,4,119,1.6637
1994,4,3,5,118,2.1582
1994,5,1,1,491,-2.3474
1994,5,1,2,271,-2.5957
1994,5,1,3,285,-1.2913
1994,5,1,4,232,-2.1594
1994,5,1,5,504,-0.5292
1994,5,2,1,230,-2.5320
1994,5,2,2,143,-1.1914
1994,5,2,3,136,-1.5778
1994,5,2,4,95,-2.6907
1994,5,2,5,100,-1.4098
1994,5,3,1,199,0.2644
1994,5,3,2,152,1.7602
1994,5,3,3,131,2.0693
1994,5,3,4,119,-1.6461
1994,5,3,5,117,0.0086
1994,6,1,1,488,-6.8763
1994,6,1,2,271,-4.3177
1994,6,1,3,284,-2.3206
1994,6,1,4,231,-2.4445
1994,6,1,5,502,-3.1182
1994,6,2,1,229,-3.9198
1994,6,2,2,143,-3.0897
1994,6,2,3,136,-1.7559
1994,6,2,4,95,-1.6939
1994,6,2,5,100,-3.2725
1994,6,3,1,200,-2.4424
1994,6,3,2,152,-4.0014
1994,6,3,3,131,-2.5942
1994,6,3,4,119,-2.7417
1994,6,3,5,117,-0.9144
1994,7,1,1,615,2.2645
1994,7,1,2,325,0.9183
1994,7,1,3,300,1.2598
1994,7,1,4,311,0.9276
1994,7,1,5,501,1.4482
1994,7,2,1,263,1.6627
1994,7,2,2,177,1.1178
1994,7,2,3,139,2.0711
1994,7,2,4,107,2.0465
1994,7,2,5,96,3.9921
1994,7,3,1,219,2.3813
1994,7,3,2,166,4.0209
1994,7,3,3,143,3.3735
1994,7,3,4,129,3.4332
1994,7,3,5,117,3.8046
1994,8,1,1,613,5.0166
1994,8,1,2,325,4.8569
1994,8,1,3,300,3.3782
1994,8,1,4,307,3.2358
1994,8,1,5,499,4.1129
1994,8,2,1,263,10.5414
1994,8,2,2,177,6.0427
1994,8,2,3,138,4.3476
1994,8,2,4,107,4.3271
1994,8,2,5,93,4.2440
1994,8,3,1,219,7.8816
1994,8,3,2,166,3.7123
1994,8,3,3,143,4.9905
1994,8,3,4,129,2.2758
1994,8,3,5,117,1.3587
1994,9,1,1,612,2.2092
1994,9,1,2,323,2.2909
1994,9,1,3,297,2.2630
1994,9,1,4,307,1.6017
1994,9,1,5,495,-0.5838
1994,9,2,1,263,-0.3098
1994,9,2,2,176,-0.3352
1994,9,2,3,137,-0.0127
1994,9,2,4,107,-0.1877
1994,9,2,5,93,-0.0067
1994,9,3,1,217,-0.2977
1994,9,3,2,165,-1.5119
1994,9,3,3,143,-2.1205
1994,9,3,4,129,-1.9517
1994,9,3,5,117,-3.4666
1994,10,1,1,607,2.0878
1994,10,1,2,321,0.7412
1994,10,1,3,297,0.2528
1994,10,1,4,308,1.5730
1994,10,1,5,491,0.5921
1994,10,2,1,261,1.5982
1994,10,2,2,175,1.3365
1994,10,2,3,137,-0.7611
1994,10,2,4,106,-0.2396
1994,10,2,5,93,0.1310
1994,10,3,1,216,3.0105
1994,10,3,2,165,2.3417
1994,10,3,3,142,1.7324
1994,10,3,4,129,2.6946
1994,10,3,5,116,0.4159
1994,11,1,1,604,-3.8650
1994,11,1,2,318,-2.4830
1994,11,1,3,296,-2.6354
1994,11,1,4,307,-3.2751
1994,11,1,5,488,-0.7671
1994,11,2,1,259,-3.3070
1994,11,2,2,175,-3.3871
1994,11,2,3,137,-3.6762
1994,11,2,4,106,-4.6196
1994,11,2,5,93,-3.8732
1994,11,3,1,215,-1.6976
1994,11,3,2,165,-3.1479
1994,11,3,3,141,-4.7816
1994,11,3,4,129,-3.1794
1994,11,3,5,115,-3.5763
1994,12,1,1,600,-2.1618
1994,12,1,2,318,2.3558
1994,12,1,3,294,0.6584
1994,12,1,4,304,-1.5234
1994,12,1,5,485,-0.4008
1994,12,2,1,258,2.5137
1994,12,2,2,175,1.5813
1994,12,2,3,137,2.3849
1994,12,2,4,106,4.1208
1994,12,2,5,92,0.7032
1994,12,3,1,214,0.2344
1994,12,3,2,165,3.1247
1994,12,3,3,141,1.5178
1994,12,3,4,129,0.5578
1994,12,3,5,115,1.5069
1995,1,1,1,595,1.4035
1995,1,1,2,318,0.6793
1995,1,1,3,290,0.7858
1995,1,1,4,300,2.9191
1995,1,1,5,477,1.1736
1995,1,2,1,255,-3.6456
1995,1,2,2,175,-1.4079
1995,1,2,3,136,-0.1663
1995,1,2,4,106,-2.2774
1995,1,2,5,92,-0.5402
1995,1,3,1,213,1.5191
1995,1,3,2,164,2.6686
1995,1,3,3,141,1.2008
1995,1,3,4,128,3.2936
1995,1,3,5,115,1.1997
1995,2,1,1,596,2.3170
1995,2,1,2,317,4.7226
1995,2,1,3,290,2.1605
1995,2,1,4,300,2.0107
1995,2,1,5,475,3.3971
1995,2,2,1,253,4.5267
1995,2,2,2,175,4.0854
1995,2,2,3,135,3.2657
1995,2,2,4,105,2.4402
1995,2,2,5,90,5.0148
1995,2,3,1,212,3.7041
1995,2,3,2,164,3.8743
1995,2,3,3,141,4.5938
1995,2,3,4,128,3.3165
1995,2,3,5,115,3.5026
1995,3,1,1,591,2.2558
1995,3,1,2,316,1.5293
1995,3,1,3,289,0.3858
1995,3,1,4,300,1.2396
1995,3,1,5,471,1.4792
1995,3,2,1,252,3.7073
1995,3,2,2,175,2.3385
1995,3,2,3,134,2.0146
1995,3,2,4,105,2.9432
1995,3,2,5,90,1.6427
1995,3,3,1,212,3.7162
1995,3,3,2,162,1.5492
1995,3,3,3,140,3.3220
1995,3,3,4,128,3.3462
1995,3,3,5,115,2.4994
1995,4,1,1,578,2.3213
1995,4,1,2,316,4.8400
1995,4,1,3,287,3.3854
1995,4,1,4,299,3.6209
1995,4,1,5,469,4.1224
1995,4,2,1,252,0.8832
1995,4,2,2,174,2.3010
1995,4,2,3,134,3.5342
1995,4,2,4,104,4.3617
1995,4,2,5,90,1.4862
1995,4,3,1,212,1.1696
1995,4,3,2,162,3.4213
1995,4,3,3,138,1.9355
1995,4,3,4,127,3.6815
1995,4,3,5,114,3.8677
1995,5,1,1,572,0.6585
1995,5,1,2,314,0.9352
1995,5,1,3,287,1.9412
1995,5,1,4,296,1.0280
1995,5,1,5,469,3.3905
1995,5,2,1,252,0.2348
1995,5,2,2,174,0.6091
1995,5,2,3,134,0.2307
1995,5,2,4,103,2.1353
1995,5,2,5,89,0.8055
1995,5,3,1,212,2.7164
1995,5,3,2,162,2.8508
1995,5,3,3,138,3.4480
1995,5,3,4,125,4.0563
1995,5,3,5,114,3.4660
1995,6,1,1,569,6.5847
1995,6,1,2,312,6.6926
1995,6,1,3,287,4.7498
1995,6,1,4,295,4.7648
1995,6,1,5,465,4.8967
1995,6,2,1,251,7.2352
1995,6,2,2,173,6.4997
1995,6,2,3,134,3.6828
1995,6,2,4,103,3.2001
1995,6,2,5,89,1.0871
1995,6,3,1,212,5.3673
1995,6,3,2,160,2.8974
1995,6,3,3,138,2.3379
1995,6,3,4,123,1.4500
1995,6,3,5,113,1.8624
1995,7,1,1,641,8.2793
1995,7,1,2,320,4.9847
1995,7,1,3,309,3.9755
1995,7,1,4,309,3.5699
1995,7,1,5,513,5.6314
1995,7,2,1,338,7.3617
1995,7,2,2,170,6.4721
1995,7,2,3,135,5.4958
1995,7,2,4,104,3.4827
1995,7,2,5,109,4.0989
1995,7,3,1,279,4.5559
1995,7,3,2,181,3.6996
1995,7,3,3,133,2.7177
1995,7,3,4,152,3.8401
1995,7,3,5,113,3.3525
1995,8,1,1,638,3.5128
1995,8,1,2,319,2.9243
1995,8,1,3,309,1.3126
1995,8,1,4,307,2.1516
1995,8,1,5,510,3.6035
1995,8,2,1,337,0.9676
1995,8,2,2,168,-0.0368
1995,8,2,3,134,1.9536
1995,8,2,4,104,0.7360
1995,8,2,5,109,1.5775
1995,8,3,1,277,-0.6773
1995,8,3,2,180,-0.1229
1995,8,3,3,132,0.1337
1995,8,3,4,152,-0.2740
1995,8,3,5,112,1.9260
1995,9,1,1,635,2.4210
1995,9,1,2,317,1.1677
1995,9,1,3,309,1.3800
1995,9,1,4,306,1.1027
1995,9,1,5,503,1.4743
1995,9,2,1,337,2.6473
1995,9,2,2,168,1.0636
1995,9,2,3,134,1.5667
1995,9,2,4,103,-0.1956
1995,9,2,5,108,0.0913
1995,9,3,1,276,4.0117
1995,9,3,2,180,3.1717
1995,9,3,3,132,4.8358
1995,9,3,4,151,1.7594
1995,9,3,5,112,3.8592
1995,10,1,1,633,-4.7779
1995,10,1,2,315,-6.3662
1995,10,1,3,307,-5.5257
1995,10,1,4,303,-3.8333
1995,10,1,5,502,-4.1739
1995,10,2,1,334,-6.5831
1995,10,2,2,168,-5.4698
1995,10,2,3,134,-5.4325
1995,10,2,4,103,-5.6780
1995,10,2,5,108,-5.5780
1995,10,3,1,276,0.4520
1995,10,3,2,180,-0.5829
1995,10,3,3,131,-0.1440
1995,10,3,4,149,-0.4147
1995,10,3,5,111,-0.7630
1995,11,1,1,631,2.3089
1995,11,1,2,314,1.4275
1995,11,1,3,305,2.2934
1995,11,1,4,300,2.1421
1995,11,1,5,499,1.6784
1995,11,2,1,332,6.2563
1995,11,2,2,166,3.2676
1995,11,2,3,134,4.0490
1995,11,2,4,103,3.7592
1995,11,2,5,108,4.4777
1995,11,3,1,275,4.5557
1995,11,3,2,179,3.5962
1995,11,3,3,131,3.4948
1995,11,3,4,149,3.7231
1995,11,3,5,111,2.9318
1995,12,1,1,625,1.0402
1995,12,1,2,312,2.1513
1995,12,1,3,305,0.2243
1995,12,1,4,299,0.9138
1995,12,1,5,493,0.4788
1995,12,2,1,331,1.7874
1995,12,2,2,165,0.0570
1995,12,2,3,134,2.6998
1995,12,2,4,103,2.4917
1995,12,2,5,107,2.6797
1995,12,3,1,274,-0.4369
1995,12,3,2,178,2.0110
1995,12,3,3,130,1.4018
1995,12,3,4,149,2.3011
1995,12,3,5,111,4.7138
1996,1,1,1,619,0.2694
1996,1,1,2,312,-0.6161
1996,1,1,3,302,-0.4802
1996,1,1,4,298,0.6447
1996,1,1,5,486,0.3000
1996,1,2,1,330,-0.9582
1996,1,2,2,165,0.3490
1996,1,2,3,134,-1.6134
1996,1,2,4,103,-0.0284
1996,1,2,5,107,-0.2433
1996,1,3,1,274,2.8791
1996,1,3,2,177,2.8422
1996,1,3,3,129,2.4075
1996,1,3,4,149,3.8166
1996,1,3,5,111,1.9776
1996,2,1,1,618,4.1302
1996,2,1,2,310,3.7146
1996,2,1,3,300,4.0400
1996,2,1,4,297,3.1552
1996,2,1,5,479,2.9724
1996,2,2,1,324,6.0984
1996,2,2,2,165,4.9548
1996,2,2,3,134,1.3623
1996,2,2,4,103,2.9943
1996,2,2,5,107,0.8073
1996,2,3,1,273,1.9001
1996,2,3,2,177,1.9729
1996,2,3,3,129,1.9488
1996,2,3,4,149,1.2362
1996,2,3,5,110,-1.6977
1996,3,1,1,615,4.7902
1996,3,1,2,309,2.6956
1996,3,1,3,298,3.8882
1996,3,1,4,292,6.6059
1996,3,1,5,475,3.4554
1996,3,2,1,322,1.6588
1996,3,2,2,164,3.0503
1996,3,2,3,134,3.5815
1996,3,2,4,102,4.4005
1996,3,2,5,107,3.7045
1996,3,3,1,271,0.6590
1996,3,3,2,177,1.2673
1996,3,3,3,129,0.1756
1996,3,3,4,149,2.4563
1996,3,3,5,109,0.7316
1996,4,1,1,612,9.6137
1996,4,1,2,306,8.5176
1996,4,1,3,296,9.0198
1996,4,1,4,289,8.6121
1996,4,1,5,473,7.5296
1996,4,2,1,320,9.0762
1996,4,2,2,162,9.2143
1996,4,2,3,134,3.5923
1996,4,2,4,102,4.6318
1996,4,2,5,107,3.6130
1996,4,3,1,271,2.8108
1996,4,3,2,176,2.1981
1996,4,3,3,128,2.9135
1996,4,3,4,147,0.8152
1996,4,3,5,109,2.1911
1996,5,1,1,609,9.4715
1996,5,1,2,306,6.1987
1996,5,1,3,294,6.9160
1996,5,1,4,286,7.4244
1996,5,1,5,468,7.5139
1996,5,2,1,320,4.7461
1996,5,2,2,162,7.9948
1996,5,2,3,134,6.5185
1996,5,2,4,102,4.5426
1996,5,2,5,106,3.3827
1996,5,3,1,270,4.4028
1996,5,3,2,176,2.8658
1996,5,3,3,127,2.4496
1996,5,3,4,147,0.4484
1996,5,3,5,109,0.8476
1996,6,1,1,605,-6.9098
1996,6,1,2,305,-7.6450
1996,6,1,3,294,-4.7738
1996,6,1,4,282,-2.1606
1996,6,1,5,462,-2.5258
1996,6,2,1,318,-5.4958
1996,6,2,2,158,-5.8825
1996,6,2,3,134,-0.5379
1996,6,2,4,101,-2.3261
1996,6,2,5,106,-0.5885
1996,6,3,1,269,-0.6146
1996,6,3,2,176,0.1870
1996,6,3,3,127,0.7736
1996,6,3,4,147,-0.1736
1996,6,3,5,109,-0.7221
1996,7,1,1,614,-12.0172
1996,7,1,2,309,-9.1185
1996,7,1,3,323,-6.9416
1996,7,1,4,332,-6.3064
1996,7,1,5,532,-5.6116
1996,7,2,1,368,-13.2402
1996,7,2,2,176,-7.9018
1996,7,2,3,159,-6.6497
1996,7,2,4,126,-6.0070
1996,7,2,5,109,-7.2545
1996,7,3,1,309,-6.2120
1996,7,3,2,176,-5.2889
1996,7,3,3,166,-4.6943
1996,7,3,4,139,-3.6867
1996,7,3,5,106,-5.5635
1996,8,1,1,609,4.2688
1996,8,1,2,309,5.6379
1996,8,1,3,322,4.7802
1996,8,1,4,331,3.6804
1996,8,1,5,528,4.4241
1996,8,2,1,367,8.0205
1996,8,2,2,175,4.3518
1996,8,2,3,158,4.6571
1996,8,2,4,124,5.1268
1996,8,2,5,108,5.3763
1996,8,3,1,306,3.2121
1996,8,3,2,175,2.7508
1996,8,3,3,166,0.6226
1996,8,3,4,138,2.9088
1996,8,3,5,106,3.2784
1996,9,1,1,602,3.2720
1996,9,1,2,305,2.0651
1996,9,1,3,321,4.4670
1996,9,1,4,329,2.3324
1996,9,1,5,520,2.6899
1996,9,2,1,365,5.8554
1996,9,2,2,175,3.3764
1996,9,2,3,158,0.9547
1996,9,2,4,124,3.3552
1996,9,2,5,107,3.7659
1996,9,3,1,305,7.2301
1996,9,3,2,175,5.9269
1996,9,3,3,165,4.8496
1996,9,3,4,138,3.3267
1996,9,3,5,106,1.4533
1996,10,1,1,602,-4.2637
1996,10,1,2,302,-2.9739
1996,10,1,3,319,0.2815
1996,10,1,4,325,2.3906
1996,10,1,5,515,-0.5235
1996,10,2,1,362,-5.4794
1996,10,2,2,174,0.3813
1996,10,2,3,158,0.6974
1996,10,2,4,124,0.7709
1996,10,2,5,107,1.9580
1996,10,3,1,304,-0.9714
1996,10,3,2,174,1.2184
1996,10,3,3,165,3.0955
1996,10,3,4,137,2.7598
1996,10,3,5,106,2.8448
1996,11,1,1,601,1.7421
1996,11,1,2,302,3.5767
1996,11,1,3,319,3.1110
1996,11,1,4,322,3.3790
1996,11,1,5,509,3.9344
1996,11,2,1,360,2.5689
1996,11,2,2,173,4.2010
1996,11,2,3,157,4.7527
1996,11,2,4,124,4.5605
1996,11,2,5,107,3.9489
1996,11,3,1,302,6.6710
1996,11,3,2,174,7.0575
1996,11,3,3,165,7.4302
1996,11,3,4,137,7.0062
1996,11,3,5,106,6.4044
1996,12,1,1,595,0.0593
1996,12,1,2,301,1.3372
1996,12,1,3,316,3.5441
1996,12,1,4,322,2.8533
1996,12,1,5,508,2.1156
1996,12,2,1,357,1.0476
1996,12,2,2,172,1.4109
1996,12,2,3,157,2.8182
1996,12,2,4,124,2.1904
1996,12,2,5,107,2.7629
1996,12,3,1,301,-2.0851
1996,12,3,2,174,-3.2770
1996,12,3,3,165,0.3293
1996,12,3,4,137,-0.6789
1996,12,3,5,106,-1.0064
1997,1,1,1,586,7.4092
1997,1,1,2,300,5.2206
1997,1,1,3,314,4.7503
1997,1,1,4,318,3.7167
1997,1,1,5,506,3.2808
1997,1,2,1,354,3.1790
1997,1,2,2,171,2.5939
1997,1,2,3,157,3.1532
1997,1,2,4,124,0.8268
1997,1,2,5,106,1.4344
1997,1,3,1,301,6.2478
1997,1,3,2,173,5.6947
1997,1,3,3,163,5.8323
1997,1,3,4,136,4.5295
1997,1,3,5,105,3.4551
1997,2,1,1,583,-6.4092
1997,2,1,2,296,-4.5243
1997,2,1,3,311,-2.9087
1997,2,1,4,316,-1.1547
1997,2,1,5,503,-0.4393
1997,2,2,1,354,-7.8169
1997,2,2,2,169,-2.2776
1997,2,2,3,157,-1.7967
1997,2,2,4,124,-1.1608
1997,2,2,5,106,-1.2784
1997,2,3,1,298,-1.6140
1997,2,3,2,173,1.0497
1997,2,3,3,162,-0.3561
1997,2,3,4,136,-1.3086
1997,2,3,5,105,1.3263
1997,3,1,1,580,-8.9805
1997,3,1,2,294,-3.9870
1997,3,1,3,310,-3.5983
1997,3,1,4,314,-2.1633
1997,3,1,5,498,-0.6094
1997,3,2,1,350,-7.5632
1997,3,2,2,169,-2.2031
1997,3,2,3,155,-2.1017
1997,3,2,4,124,-1.6927
1997,3,2,5,105,-2.1592
1997,3,3,1,298,-6.3969
1997,3,3,2,173,-3.2123
1997,3,3,3,162,-2.3714
1997,3,3,4,136,-1.4207
1997,3,3,5,105,-3.5436
1997,4,1,1,577,-3.1190
1997,4,1,2,294,-4.3920
1997,4,1,3,306,-0.1165
1997,4,1,4,312,-1.8980
1997,4,1,5,492,-3.7010
1997,4,2,1,346,-1.5566
1997,4,2,2,167,2.9252
1997,4,2,3,155,1.4894
1997,4,2,4,124,1.1656
1997,4,2,5,104,1.6561
1997,4,3,1,298,7.1180
1997,4,3,2,173,5.6851
1997,4,3,3,161,3.5454
1997,4,3,4,136,2.4087
1997,4,3,5,105,4.2273
1997,5,1,1,574,14.8567
1997,5,1,2,291,12.2385
1997,5,1,3,305,8.9387
1997,5,1,4,311,9.4131
1997,5,1,5,490,8.6246
1997,5,2,1,342,16.9231
1997,5,2,2,166,12.4123
1997,5,2,3,155,10.1775
1997,5,2,4,124,8.7986
1997,5,2,5,104,8.9305
1997,5,3,1,298,7.9265
1997,5,3,2,173,7.4551
1997,5,3,3,161,5.9154
1997,5,3,4,135,4.9914
1997,5,3,5,104,5.4366
1997,6,1,1,570,5.6344
1997,6,1,2,291,5.3345
1997,6,1,3,305,5.2432
1997,6,1,4,309,6.0984
1997,6,1,5,486,6.3394
1997,6,2,1,340,4.3354
1997,6,2,2,165,5.7708
1997,6,2,3,153,5.1442
1997,6,2,4,124,2.9012
1997,6,2,5,104,4.6281
1997,6,3,1,297,4.3843
1997,6,3,2,171,5.1045
1997,6,3,3,161,2.8111
1997,6,3,4,135,3.8107
1997,6,3,5,103,1.6203
1997,7,1,1,634,6.1917
1997,7,1,2,328,6.7803
1997,7,1,3,369,5.6520
1997,7,1,4,327,6.9889
1997,7,1,5,545,5.5659
1997,7,2,1,334,5.9753
1997,7,2,2,155,6.7210
1997,7,2,3,178,5.5525
1997,7,2,4,134,4.2620
1997,7,2,5,109,5.3297
1997,7,3,1,316,7.4520
1997,7,3,2,212,9.4692
1997,7,3,3,155,6.3411
1997,7,3,4,154,4.4626
1997,7,3,5,112,6.2961
1997,8,1,1,630,5.0602
1997,8,1,2,325,4.0592
1997,8,1,3,367,6.0612
1997,8,1,4,324,4.7040
1997,8,1,5,538,4.2151
1997,8,2,1,334,3.7881
1997,8,2,2,154,3.1589
1997,8,2,3,176,4.6056
1997,8,2,4,134,3.1108
1997,8,2,5,107,2.9328
1997,8,3,1,313,-6.0640
1997,8,3,2,211,-4.2421
1997,8,3,3,155,-2.9759
1997,8,3,4,153,-2.7490
1997,8,3,5,112,-0.1766
1997,9,1,1,627,7.4400
1997,9,1,2,324,9.2311
1997,9,1,3,367,8.5209
1997,9,1,4,322,8.3190
1997,9,1,5,537,9.0464
1997,9,2,1,328,7.6409
1997,9,2,2,151,6.2845
1997,9,2,3,171,6.1744
1997,9,2,4,132,6.6592
1997,9,2,5,106,8.7525
1997,9,3,1,312,4.9225
1997,9,3,2,210,4.7959
1997,9,3,3,153,3.6417
1997,9,3,4,150,5.0985
1997,9,3,5,111,5.9657
1997,10,1,1,625,-4.0570
1997,10,1,2,322,-4.4597
1997,10,1,3,362,-3.4771
1997,10,1,4,320,-2.4279
1997,10,1,5,533,-2.0889
1997,10,2,1,325,-6.7157
1997,10,2,2,151,-4.9981
1997,10,2,3,170,-4.8872
1997,10,2,4,131,-3.5197
1997,10,2,5,106,-2.2189
1997,10,3,1,311,-1.4052
1997,10,3,2,208,-6.6056
1997,10,3,3,151,-4.8289
1997,10,3,4,150,-2.3268
1997,10,3,5,111,-1.8961
1997,11,1,1,623,-1.5695
1997,11,1,2,320,-2.7660
1997,11,1,3,360,-2.7495
1997,11,1,4,316,-1.3034
1997,11,1,5,528,-0.6395
1997,11,2,1,323,-2.3398
1997,11,2,2,151,-0.9338
1997,11,2,3,166,-2.2835
1997,11,2,4,129,0.2677
1997,11,2,5,106,0.8328
1997,11,3,1,310,3.6296
1997,11,3,2,207,4.4185
1997,11,3,3,150,4.0965
1997,11,3,4,148,6.2177
1997,11,3,5,111,3.0401
1997,12,1,1,621,-4.5954
1997,12,1,2,315,-2.4948
1997,12,1,3,359,-1.9136
1997,12,1,4,312,-1.1528
1997,12,1,5,524,0.0864
1997,12,2,1,321,-0.7271
1997,12,2,2,149,-1.3571
1997,12,2,3,165,0.3953
1997,12,2,4,128,2.0226
1997,12,2,5,104,2.5700
1997,12,3,1,310,1.1194
1997,12,3,2,205,0.0944
1997,12,3,3,149,0.6172
1997,12,3,4,148,1.7033
1997,12,3,5,110,4.7620
1998,1,1,1,615,-1.2848
1998,1,1,2,311,-1.0620
1998,1,1,3,350,0.1821
1998,1,1,4,311,-1.4894
1998,1,1,5,515,0.1773
1998,1,2,1,315,-1.1063
1998,1,2,2,147,-1.8159
1998,1,2,3,161,-1.2231
1998,1,2,4,127,-2.7536
1998,1,2,5,104,1.3083
1998,1,3,1,309,2.7624
1998,1,3,2,205,2.6840
1998,1,3,3,148,-0.9313
1998,1,3,4,148,1.1025
1998,1,3,5,110,-1.4656
1998,2,1,1,611,6.5238
1998,2,1,2,307,5.7948
1998,2,1,3,349,4.5829
1998,2,1,4,307,5.6335
1998,2,1,5,509,6.9836
1998,2,2,1,314,10.1285
1998,2,2,2,146,9.7402
1998,2,2,3,159,7.5998
1998,2,2,4,126,5.3941
1998,2,2,5,103,8.4064
1998,2,3,1,308,8.5047
1998,2,3,2,205,6.9365
1998,2,3,3,147,6.2323
1998,2,3,4,147,3.4429
1998,2,3,5,110,6.9744
1998,3,1,1,609,6.3591
1998,3,1,2,302,3.0942
1998,3,1,3,347,4.1856
1998,3,1,4,304,4.2967
1998,3,1,5,506,5.6294
1998,3,2,1,313,4.0989
1998,3,2,2,145,3.8494
1998,3,2,3,159,3.4116
1998,3,2,4,126,4.5900
1998,3,2,5,102,4.7287
1998,3,3,1,308,5.5959
1998,3,3,2,205,2.2986
1998,3,3,3,146,4.3236
1998,3,3,4,146,7.0140
1998,3,3,5,110,7.3596
1998,4,1,1,603,1.4902
1998,4,1,2,301,1.9511
1998,4,1,3,343,4.5359
1998,4,1,4,304,3.2193
1998,4,1,5,498,1.6578
1998,4,2,1,311,0.1350
1998,4,2,2,144,0.1028
1998,4,2,3,158,0.6376
1998,4,2,4,123,1.2696
1998,4,2,5,102,2.2090
1998,4,3,1,306,1.6227
1998,4,3,2,204,0.5734
1998,4,3,3,145,2.8713
1998,4,3,4,146,-2.2766
1998,4,3,5,109,0.2979
1998,5,1,1,599,-6.1992
1998,5,1,2,297,-5.1927
1998,5,1,3,339,-2.1438
1998,5,1,4,299,-3.4439
1998,5,1,5,492,-3.1735
1998,5,2,1,307,-8.0635
1998,5,2,2,143,-5.2844
1998,5,2,3,158,-4.4109
1998,5,2,4,123,-3.5094
1998,5,2,5,101,-4.4889
1998,5,3,1,304,-2.5417
1998,5,3,2,204,-2.9542
1998,5,3,3,144,-2.1412
1998,5,3,4,146,-2.7228
1998,5,3,5,108,1.9375
1998,6,1,1,592,0.0393
1998,6,1,2,295,-0.1459
1998,6,1,3,334,-0.3962
1998,6,1,4,297,-0.5383
1998,6,1,5,487,-0.8618
1998,6,2,1,305,3.5018
1998,6,2,2,143,-1.4198
1998,6,2,3,158,-2.1774
1998,6,2,4,123,0.2386
1998,6,2,5,100,0.3221
1998,6,3,1,303,8.2404
1998,6,3,2,202,3.6074
1998,6,3,3,143,-1.8067
1998,6,3,4,144,0.7866
1998,6,3,5,108,1.2802
1998,7,1,1,581,-7.0400
1998,7,1,2,319,-5.4748
1998,7,1,3,325,-7.1848
1998,7,1,4,371,-8.0283
1998,7,1,5,522,-7.3581
1998,7,2,1,311,-8.5497
1998,7,2,2,171,-8.8297
1998,7,2,3,144,-9.1203
1998,7,2,4,142,-7.2271
1998,7,2,5,132,-7.8720
1998,7,3,1,337,-1.2018
1998,7,3,2,199,-2.8926
1998,7,3,3,158,-0.4833
1998,7,3,4,150,-4.3656
1998,7,3,5,108,-2.5581
1998,8,1,1,574,-23.4059
1998,8,1,2,316,-20.6120
1998,8,1,3,323,-18.1206
1998,8,1,4,369,-16.5520
1998,8,1,5,518,-17.4524
1998,8,2,1,310,-22.5896
1998,8,2,2,170,-18.5926
1998,8,2,3,142,-16.6791
1998,8,2,4,142,-15.0085
1998,8,2,5,132,-18.2474
1998,8,3,1,335,-14.2162
1998,8,3,2,198,-14.2288
1998,8,3,3,156,-12.3482
1998,8,3,4,149,-7.4411
1998,8,3,5,108,-12.6365
1998,9,1,1,569,5.6095
1998,9,1,2,314,2.8851
1998,9,1,3,317,2.7669
1998,9,1,4,367,0.1312
1998,9,1,5,514,1.6703
1998,9,2,1,305,10.6466
1998,9,2,2,167,6.3169
1998,9,2,3,142,3.9825
1998,9,2,4,142,3.8212
1998,9,2,5,132,5.8639
1998,9,3,1,334,7.4795
1998,9,3,2,198,6.9894
1998,9,3,3,154,7.3874
1998,9,3,4,148,10.0590
1998,9,3,5,107,4.5269
1998,10,1,1,564,4.3332
1998,10,1,2,313,1.8759
1998,10,1,3,312,3.8477
1998,10,1,4,363,1.6791
1998,10,1,5,509,1.2771
1998,10,2,1,302,6.0044
1998,10,2,2,167,3.6657
1998,10,2,3,142,6.8430
1998,10,2,4,142,4.1838
1998,10,2,5,131,5.3825
1998,10,3,1,332,7.1838
1998,10,3,2,195,9.4010
1998,10,3,3,152,7.9739
1998,10,3,4,147,4.0647
1998,10,3,5,107,5.3864
1998,11,1,1,557,6.3761
1998,11,1,2,309,8.9875
1998,11,1,3,310,6.5441
1998,11,1,4,361,4.4498
1998,11,1,5,499,6.8552
1998,11,2,1,300,7.6989
1998,11,2,2,167,7.5027
1998,11,2,3,140,3.0280
1998,11,2,4,141,3.3765
1998,11,2,5,130,4.5908
1998,11,3,1,330,6.4918
1998,11,3,2,194,7.6236
1998,11,3,3,149,5.9485
1998,11,3,4,147,3.0780
1998,11,3,5,106,3.6864
1998,12,1,1,552,2.8192
1998,12,1,2,305,3.6104
1998,12,1,3,309,2.6506
1998,12,1,4,360,2.1387
1998,12,1,5,496,-0.8704
1998,12,2,1,299,8.4361
1998,12,2,2,167,5.3914
1998,12,2,3,139,2.8863
1998,12,2,4,141,4.7858
1998,12,2,5,130,3.7913
1998,12,3,1,329,9.3814
1998,12,3,2,194,5.1506
1998,12,3,3,148,5.2609
1998,12,3,4,147,1.9521
1998,12,3,5,105,3.0413
1999,1,1,1,541,5.5818
1999,1,1,2,303,4.4969
1999,1,1,3,306,2.0049
1999,1,1,4,356,6.0432
1999,1,1,5,490,4.2946
1999,1,2,1,297,1.5656
1999,1,2,2,165,0.1222
1999,1,2,3,138,-2.0684
1999,1,2,4,140,-3.1533
1999,1,2,5,130,-2.2802
1999,1,3,1,328,6.1865
1999,1,3,2,193,3.1560
1999,1,3,3,148,2.1390
1999,1,3,4,147,-2.3251
1999,1,3,5,105,2.2568
1999,2,1,1,532,-9.6181
1999,2,1,2,301,-7.6722
1999,2,1,3,306,-6.1004
1999,2,1,4,351,-7.4898
1999,2,1,5,482,-5.3839
1999,2,2,1,295,-12.6424
1999,2,2,2,163,-7.3676
1999,2,2,3,137,-7.3536
1999,2,2,4,140,-6.8227
1999,2,2,5,129,-9.5476
1999,2,3,1,323,-4.5796
1999,2,3,2,192,-6.5690
1999,2,3,3,148,-3.3411
1999,2,3,4,146,-1.6269
1999,2,3,5,105,-4.8352
1999,3,1,1,530,-4.3532
1999,3,1,2,297,-5.9141
1999,3,1,3,303,-6.9421
1999,3,1,4,351,-3.4374
1999,3,1,5,467,-2.1567
1999,3,2,1,293,-0.6949
1999,3,2,2,162,-0.6773
1999,3,2,3,136,-1.9012
1999,3,2,4,139,-0.1393
1999,3,2,5,128,-1.6793
1999,3,3,1,323,5.0450
1999,3,3,2,192,1.7825
1999,3,3,3,147,0.0010
1999,3,3,4,146,0.8093
1999,3,3,5,105,2.1241
1999,4,1,1,521,8.6117
1999,4,1,2,293,9.8990
1999,4,1,3,297,8.1721
1999,4,1,4,346,9.6932
1999,4,1,5,460,8.0300
1999,4,2,1,291,4.2872
1999,4,2,2,161,7.8311
1999,4,2,3,135,10.4440
1999,4,2,4,137,7.6368
1999,4,2,5,125,11.7058
1999,4,3,1,319,-1.9869
1999,4,3,2,191,6.5296
1999,4,3,3,147,12.3016
1999,4,3,4,144,12.3688
1999,4,3,5,103,8.5635
1999,5,1,1,514,6.0642
1999,5,1,2,290,5.3741
1999,5,1,3,291,5.1058
1999,5,1,4,345,4.2513
1999,5,1,5,456,4.3611
1999,5,2,1,287,4.0079
1999,5,2,2,160,2.4265
1999,5,2,3,135,3.3550
1999,5,2,4,136,1.8371
1999,5,2,5,124,4.2761
1999,5,3,1,315,-2.0234
1999,5,3,2,191,-1.0898
1999,5,3,3,146,0.8538
1999,5,3,4,143,0.1466
1999,5,3,5,103,-1.7335
1999,6,1,1,508,8.2811
1999,6,1,2,288,8.0038
1999,6,1,3,287,5.6302
1999,6,1,4,341,7.4998
1999,6,1,5,450,6.0029
1999,6,2,1,287,7.7730
1999,6,2,2,160,7.6072
1999,6,2,3,135,6.2410
1999,6,2,4,134,4.7428
1999,6,2,5,123,6.0639
1999,6,3,1,314,7.2123
1999,6,3,2,191,7.1809
1999,6,3,3,144,3.6095
1999,6,3,4,143,2.6303
1999,6,3,5,103,-0.2872
1999,7,1,1,369,-1.4042
1999,7,1,2,294,2.0674
1999,7,1,3,294,0.1790
1999,7,1,4,375,0.9268
1999,7,1,5,603,2.9169
1999,7,2,1,237,-1.2557
1999,7,2,2,177,-1.9626
1999,7,2,3,171,-0.8509
1999,7,2,4,141,-0.4731
1999,7,2,5,127,-1.1902
1999,7,3,1,360,-3.1576
1999,7,3,2,202,-0.7917
1999,7,3,3,152,-2.6890
1999,7,3,4,154,-1.2031
1999,7,3,5,68,-4.7934
1999,8,1,1,366,-4.6032
1999,8,1,2,289,-4.7348
1999,8,1,3,288,-3.5604
1999,8,1,4,374,-1.8980
1999,8,1,5,595,-2.0578
1999,8,2,1,237,-2.0239
1999,8,2,2,174,-4.6249
1999,8,2,3,167,-3.6067
1999,8,2,4,140,-3.5482
1999,8,2,5,124,-2.5929
1999,8,3,1,359,2.6577
1999,8,3,2,200,-3.6659
1999,8,3,3,151,-3.9811
1999,8,3,4,152,-1.8221
1999,8,3,5,68,1.8193
1999,9,1,1,364,0.7159
1999,9,1,2,283,-2.7384
1999,9,1,3,285,-2.9703
1999,9,1,4,371,-2.5031
1999,9,1,5,591,-3.7983
1999,9,2,1,236,0.6323
1999,9,2,2,174,-0.7545
1999,9,2,3,164,-0.3384
1999,9,2,4,135,-0.0915
1999,9,2,5,123,-2.1152
1999,9,3,1,357,-2.1119
1999,9,3,2,197,-2.2238
1999,9,3,3,150,-0.6184
1999,9,3,4,149,-4.4103
1999,9,3,5,68,-4.0992
1999,10,1,1,358,-3.3538
1999,10,1,2,279,-0.9658
1999,10,1,3,281,-1.6636
1999,10,1,4,366,-2.9708
1999,10,1,5,577,-3.6465
1999,10,2,1,234,1.6118
1999,10,2,2,173,-2.7961
1999,10,2,3,163,-3.1898
1999,10,2,4,135,-3.8306
1999,10,2,5,123,-4.4763
1999,10,3,1,356,8.0423
1999,10,3,2,195,-1.0944
1999,10,3,3,148,0.8064
1999,10,3,4,149,0.6480
1999,10,3,5,67,5.9765
1999,11,1,1,357,15.6013
1999,11,1,2,276,11.4930
1999,11,1,3,279,8.8727
1999,11,1,4,362,5.1549
1999,11,1,5,573,3.9864
1999,11,2,1,234,12.2228
1999,11,2,2,173,7.7440
1999,11,2,3,160,4.2122
1999,11,2,4,134,2.2047
1999,11,2,5,121,3.1833
1999,11,3,1,355,4.9762
1999,11,3,2,191,5.3406
1999,11,3,3,148,-0.1724
1999,11,3,4,147,-3.6725
1999,11,3,5,66,-0.7816
1999,12,1,1,352,13.5462
1999,12,1,2,273,10.6398
1999,12,1,3,275,9.4191
1999,12,1,4,361,2.1288
1999,12,1,5,569,3.7052
1999,12,2,1,227,16.5460
1999,12,2,2,169,10.9570
1999,12,2,3,158,5.6425
1999,12,2,4,132,2.7605
1999,12,2,5,120,4.0075
1999,12,3,1,353,10.6255
1999,12,3,2,189,5.4279
1999,12,3,3,146,1.0711
1999,12,3,4,146,4.3622
1999,12,3,5,66,4.2938
2000,1,1,1,351,5.9046
2000,1,1,2,270,4.0736
2000,1,1,3,271,3.4107
2000,1,1,4,357,1.7683
2000,1,1,5,562,1.9988
2000,1,2,1,222,1.1675
2000,1,2,2,167,-0.7430
2000,1,2,3,158,-4.0394
2000,1,2,4,131,-2.2137
2000,1,2,5,116,-4.8995
2000,1,3,1,352,-5.9913
2000,1,3,2,186,-3.4995
2000,1,3,3,145,-1.2184
2000,1,3,4,146,-5.2870
2000,1,3,5,65,-4.3605
2000,2,1,1,348,24.2750
2000,2,1,2,268,13.3002
2000,2,1,3,267,17.0666
2000,2,1,4,351,13.1178
2000,2,1,5,559,9.0430
2000,2,2,1,220,28.8741
2000,2,2,2,165,6.8796
2000,2,2,3,157,7.3457
2000,2,2,4,131,1.9278
2000,2,2,5,115,-1.0695
2000,2,3,1,350,5.3537
2000,2,3,2,185,-4.3731
2000,2,3,3,144,-9.2413
2000,2,3,4,146,-5.6422
2000,2,3,5,65,-6.7880
2000,3,1,1,344,-5.9918
2000,3,1,2,263,0.1496
2000,3,1,3,263,-2.4268
2000,3,1,4,347,1.6109
2000,3,1,5,553,0.0803
2000,3,2,1,215,-12.4064
2000,3,2,2,162,2.2403
2000,3,2,3,155,3.4129
2000,3,2,4,131,3.3602
2000,3,2,5,114,8.0564
2000,3,3,1,349,7.3843
2000,3,3,2,183,9.0306
2000,3,3,3,144,11.8914
2000,3,3,4,146,10.7105
2000,3,3,5,65,11.6646
2000,4,1,1,341,-19.6658
2000,4,1,2,259,-8.1542
2000,4,1,3,258,-11.5749
2000,4,1,4,345,-8.7275
2000,4,1,5,545,-4.2623
2000,4,2,1,214,-10.6104
2000,4,2,2,158,-3.4043
2000,4,2,3,153,3.2026
2000,4,2,4,131,-2.8020
2000,4,2,5,113,2.9601
2000,4,3,1,348,-4.8658
2000,4,3,2,182,-2.5589
2000,4,3,3,144,-0.1722
2000,4,3,4,145,3.3922
2000,4,3,5,64,7.9015
2000,5,1,1,335,-14.0115
2000,5,1,2,258,-5.1596
2000,5,1,3,254,-2.8655
2000,5,1,4,342,-7.5579
2000,5,1,5,540,-3.9060
2000,5,2,1,214,-8.8474
2000,5,2,2,156,-7.5929
2000,5,2,3,148,-2.6902
2000,5,2,4,128,-2.5489
2000,5,2,5,112,1.4930
2000,5,3,1,345,-4.2313
2000,5,3,2,182,-3.0219
2000,5,3,3,142,-3.1178
2000,5,3,4,145,-0.1556
2000,5,3,5,64,-4.3762
2000,6,1,1,327,21.1404
2000,6,1,2,257,14.1931
2000,6,1,3,250,26.9650
2000,6,1,4,340,9.0080
2000,6,1,5,533,11.0456
2000,6,2,1,212,14.6444
2000,6,2,2,154,7.3624
2000,6,2,3,147,8.4853
2000,6,2,4,127,1.3986
2000,6,2,5,111,-0.9904
2000,6,3,1,344,7.6152
2000,6,3,2,182,-1.9021
2000,6,3,3,141,-3.7433
2000,6,3,4,144,-6.7506
2000,6,3,5,64,-6.6253
2000,7,1,1,306,-4.9288
2000,7,1,2,262,0.2614
2000,7,1,3,274,0.8280
2000,7,1,4,328,1.3826
2000,7,1,5,495,1.5182
2000,7,2,1,234,-5.9079
2000,7,2,2,159,2.7187
2000,7,2,3,153,1.7713
2000,7,2,4,134,1.1042
2000,7,2,5,110,2.7721
2000,7,3,1,453,-3.9182
2000,7,3,2,185,-0.3503
2000,7,3,3,138,-0.1407
2000,7,3,4,113,0.7886
2000,7,3,5,64,3.2119
2000,8,1,1,302,9.2295
2000,8,1,2,259,8.5423
2000,8,1,3,271,7.1088
2000,8,1,4,325,5.1807
2000,8,1,5,491,3.4635
2000,8,2,1,233,9.3916
2000,8,2,2,158,5.9519
2000,8,2,3,152,3.4405
2000,8,2,4,133,6.5512
2000,8,2,5,108,7.4504
2000,8,3,1,447,6.5798
2000,8,3,2,181,4.3383
2000,8,3,3,136,4.1532
2000,8,3,4,113,9.1049
2000,8,3,5,62,6.0922
2000,9,1,1,301,-3.3917
2000,9,1,2,256,-3.3949
2000,9,1,3,267,-0.9216
2000,9,1,4,321,-1.3709
2000,9,1,5,485,-2.1562
2000,9,2,1,233,-4.3856
2000,9,2,2,156,-2.4919
2000,9,2,3,150,-0.1321
2000,9,2,4,133,-0.8068
2000,9,2,5,107,-2.0829
2000,9,3,1,444,-7.6628
2000,9,3,2,181,-1.7516
2000,9,3,3,134,0.8702
2000,9,3,4,110,3.4773
2000,9,3,5,62,1.2640
2000,10,1,1,297,-8.8083
2000,10,1,2,251,-8.7001
2000,10,1,3,262,-6.8937
2000,10,1,4,320,-5.4934
2000,10,1,5,482,-6.2648
2000,10,2,1,231,-3.0866
2000,10,2,2,155,-0.6206
2000,10,2,3,146,0.4605
2000,10,2,4,129,-0.5411
2000,10,2,5,107,-1.0793
2000,10,3,1,440,-2.3453
2000,10,3,2,180,2.7578
2000,10,3,3,132,6.5121
2000,10,3,4,108,3.3244
2000,10,3,5,62,1.8016
2000,11,1,1,293,-14.6062
2000,11,1,2,248,-8.8748
2000,11,1,3,253,-7.4158
2000,11,1,4,311,-5.1825
2000,11,1,5,472,-4.0893
2000,11,2,1,227,-14.7232
2000,11,2,2,153,-4.9552
2000,11,2,3,146,0.1155
2000,11,2,4,126,0.0833
2000,11,2,5,107,-3.7606
2000,11,3,1,437,-11.1562
2000,11,3,2,179,-3.5424
2000,11,3,3,131,0.1263
2000,11,3,4,107,0.9605
2000,11,3,5,62,-4.7573
2000,12,1,1,292,-4.1334
2000,12,1,2,247,-0.3057
2000,12,1,3,248,0.6344
2000,12,1,4,307,2.4028
2000,12,1,5,467,3.5278
2000,12,2,1,227,6.1155
2000,12,2,2,149,9.5026
2000,12,2,3,145,8.1570
2000,12,2,4,126,10.9612
2000,12,2,5,106,12.7300
2000,12,3,1,437,-1.8818
2000,12,3,2,177,0.7800
2000,12,3,3,129,4.5326
2000,12,3,4,105,9.0472
2000,12,3,5,62,5.1437
2001,1,1,1,287,21.6089
2001,1,1,2,245,16.8207
2001,1,1,3,245,16.6342
2001,1,1,4,300,10.0858
2001,1,1,5,462,13.6766
2001,1,2,1,223,9.6995
2001,1,2,2,148,6.1699
2001,1,2,3,144,1.8516
2001,1,2,4,125,1.5124
2001,1,2,5,106,4.9444
2001,1,3,1,437,4.9209
2001,1,3,2,177,4.2617
2001,1,3,3,129,2.3753
2001,1,3,4,102,-2.2589
2001,1,3,5,61,0.1815
2001,2,1,1,283,-8.3833
2001,2,1,2,240,-6.3263
2001,2,1,3,243,-4.0984
2001,2,1,4,297,-1.9116
2001,2,1,5,453,2.3161
2001,2,2,1,221,-10.4736
2001,2,2,2,148,-1.6133
2001,2,2,3,144,1.8506
2001,2,2,4,122,0.0161
2001,2,2,5,105,2.1713
2001,2,3,1,436,-12.8851
2001,2,3,2,177,-1.5722
2001,2,3,3,128,-1.7804
2001,2,3,4,101,5.0034
2001,2,3,5,61,1.5843
2001,3,1,1,281,-4.8021
2001,3,1,2,237,-3.3485
2001,3,1,3,240,-2.1780
2001,3,1,4,296,-0.7951
2001,3,1,5,449,-0.1667
2001,3,2,1,218,-9.0177
2001,3,2,2,146,-0.7119
2001,3,2,3,144,-2.4280
2001,3,2,4,120,-2.5660
2001,3,2,5,104,0.1120
2001,3,3,1,434,-8.9330
2001,3,3,2,175,-3.7350
2001,3,3,3,126,-1.7594
2001,3,3,4,100,-1.2518
2001,3,3,5,61,-2.3722
2001,4,1,1,280,5.7666
2001,4,1,2,237,9.2667
2001,4,1,3,233,3.5663
2001,4,1,4,294,4.8039
2001,4,1,5,443,6.5918
2001,4,2,1,216,9.9529
2001,4,2,2,146,8.1651
2001,4,2,3,144,4.1740
2001,4,2,4,120,3.6163
2001,4,2,5,102,6.8212
2001,4,3,1,433,10.3978
2001,4,3,2,173,6.0110
2001,4,3,3,125,7.1543
2001,4,3,4,99,6.3548
2001,4,3,5,60,6.7867
2001,5,1,1,276,11.0830
2001,5,1,2,233,10.7810
2001,5,1,3,230,10.1675
2001,5,1,4,293,11.1655
2001,5,1,5,437,10.8824
2001,5,2,1,215,3.5059
2001,5,2,2,144,3.7857
2001,5,2,3,143,3.6628
2001,5,2,4,118,2.9861
2001,5,2,5,102,3.4656
2001,5,3,1,430,-0.3424
2001,5,3,2,173,1.1893
2001,5,3,3,125,2.1165
2001,5,3,4,97,2.4186
2001,5,3,5,60,-0.6335
2001,6,1,1,274,7.1946
2001,6,1,2,229,-1.4353
2001,6,1,3,230,2.7441
2001,6,1,4,288,2.5532
2001,6,1,5,427,2.5065
2001,6,2,1,214,8.0181
2001,6,2,2,142,5.0484
2001,6,2,3,141,3.9258
2001,6,2,4,117,4.2932
2001,6,2,5,102,0.6147
2001,6,3,1,429,-2.4070
2001,6,3,2,173,-3.0698
2001,6,3,3,123,-2.9122
2001,6,3,4,97,-2.9842
2001,6,3,5,60,-1.3563
2001,7,1,1,227,-3.8847
2001,7,1,2,174,-1.5446
2001,7,1,3,226,-0.4180
2001,7,1,4,323,-0.1645
2001,7,1,5,521,2.0180
2001,7,2,1,240,-7.0127
2001,7,2,2,156,-7.5605
2001,7,2,3,147,-3.1987
2001,7,2,4,152,-2.3840
2001,7,2,5,103,0.4267
2001,7,3,1,347,-2.3259
2001,7,3,2,193,-2.4711
2001,7,3,3,141,2.9494
2001,7,3,4,111,2.6520
2001,7,3,5,52,-0.1933
2001,8,1,1,225,-4.0974
2001,8,1,2,174,-5.2248
2001,8,1,3,222,-1.7967
2001,8,1,4,322,-1.1737
2001,8,1,5,518,0.5687
2001,8,2,1,236,-7.5180
2001,8,2,2,156,-1.5779
2001,8,2,3,147,-0.8422
2001,8,2,4,151,-1.3604
2001,8,2,5,103,1.5224
2001,8,3,1,346,-8.0541
2001,8,3,2,192,-3.3720
2001,8,3,3,141,-3.7614
2001,8,3,4,111,-2.9471
2001,8,3,5,51,-9.9557
2001,9,1,1,223,-12.2941
2001,9,1,2,170,-9.4386
2001,9,1,3,217,-12.3955
2001,9,1,4,320,-12.0912
2001,9,1,5,510,-14.2648
2001,9,2,1,236,-16.2697
2001,9,2,2,156,-16.9768
2001,9,2,3,146,-14.9913
2001,9,2,4,150,-15.0017
2001,9,2,5,102,-17.3167
2001,9,3,1,341,-8.9127
2001,9,3,2,189,-11.6416
2001,9,3,3,140,-4.0758
2001,9,3,4,109,-6.5331
2001,9,3,5,51,-18.7684
2001,10,1,1,221,12.8116
2001,10,1,2,169,7.5234
2001,10,1,3,217,5.1084
2001,10,1,4,316,5.2071
2001,10,1,5,504,4.7964
2001,10,2,1,236,7.4060
2001,10,2,2,156,9.1141
2001,10,2,3,145,4.3923
2001,10,2,4,150,5.8270
2001,10,2,5,100,4.4089
2001,10,3,1,340,4.3408
2001,10,3,2,189,5.4645
2001,10,3,3,140,-1.3440
2001,10,3,4,108,-2.2187
2001,10,3,5,51,0.2455
2001,11,1,1,219,5.1973
2001,11,1,2,168,5.0400
2001,11,1,3,216,3.8485
2001,11,1,4,313,7.8853
2001,11,1,5,499,4.7325
2001,11,2,1,234,8.5374
2001,11,2,2,154,8.8820
2001,11,2,3,145,8.7311
2001,11,2,4,150,8.1284
2001,11,2,5,100,10.2662
2001,11,3,1,340,8.4488
2001,11,3,2,188,8.1149
2001,11,3,3,138,4.1060
2001,11,3,4,106,4.7905
2001,11,3,5,51,13.0571
2001,12,1,1,217,9.2056
2001,12,1,2,167,5.9635
2001,12,1,3,215,8.3869
2001,12,1,4,309,6.6996
2001,12,1,5,485,5.8469
2001,12,2,1,234,7.5479
2001,12,2,2,154,6.8830
2001,12,2,3,145,6.6990
2001,12,2,4,150,6.7000
2001,12,2,5,99,7.4652
2001,12,3,1,338,0.0123
2001,12,3,2,187,1.6857
2001,12,3,3,137,2.8773
2001,12,3,4,105,4.4493
2001,12,3,5,51,-0.4728
2002,1,1,1,215,1.8877
2002,1,1,2,165,3.5747
2002,1,1,3,212,0.4548
2002,1,1,4,306,3.5502
2002,1,1,5,481,5.6904
2002,1,2,1,232,-3.8312
2002,1,2,2,154,-0.2278
2002,1,2,3,145,2.4789
2002,1,2,4,148,1.7162
2002,1,2,5,99,3.8952
2002,1,3,1,337,-1.5888
2002,1,3,2,185,0.3114
2002,1,3,3,137,-1.6540
2002,1,3,4,104,0.1248
2002,1,3,5,51,-0.3692
2002,2,1,1,215,-8.7624
2002,2,1,2,164,-5.5623
2002,2,1,3,211,-2.5456
2002,2,1,4,303,-0.8751
2002,2,1,5,476,0.3681
2002,2,2,1,231,-7.8551
2002,2,2,2,154,-1.0561
2002,2,2,3,145,1.5625
2002,2,2,4,148,1.5722
2002,2,2,5,99,1.2549
2002,2,3,1,336,-2.5589
2002,2,3,2,184,-1.6531
2002,2,3,3,134,-0.6357
2002,2,3,4,104,-1.0743
2002,2,3,5,50,1.9169
2002,3,1,1,212,8.8975
2002,3,1,2,162,6.6109
2002,3,1,3,209,9.5706
2002,3,1,4,300,9.5411
2002,3,1,5,468,10.7108
2002,3,2,1,231,10.1535
2002,3,2,2,154,8.4149
2002,3,2,3,145,7.8332
2002,3,2,4,148,9.0707
2002,3,2,5,99,12.2536
2002,3,3,1,334,2.5587
2002,3,3,2,184,4.8867
2002,3,3,3,133,3.7905
2002,3,3,4,104,3.7212
2002,3,3,5,50,8.8105
2002,4,1,1,210,-2.4017
2002,4,1,2,160,1.1041
2002,4,1,3,209,4.2325
2002,4,1,4,296,7.4489
2002,4,1,5,462,8.3553
2002,4,2,1,230,-1.8098
2002,4,2,2,153,1.2993
2002,4,2,3,145,3.1639
2002,4,2,4,146,4.6232
2002,4,2,5,99,2.1738
2002,4,3,1,334,-7.4679
2002,4,3,2,184,-4.7487
2002,4,3,3,132,-7.2197
2002,4,3,4,104,-5.2233
2002,4,3,5,49,-1.3046
2002,5,1,1,208,-5.2157
2002,5,1,2,158,-3.1030
2002,5,1,3,207,-1.8203
2002,5,1,4,294,-0.8316
2002,5,1,5,458,-0.4140
2002,5,2,1,229,-4.9583
2002,5,2,2,153,-4.5790
2002,5,2,3,145,-4.0811
2002,5,2,4,144,-4.2815
2002,5,2,5,98,-3.4087
2002,5,3,1,334,-1.9547
2002,5,3,2,184,-0.8392
2002,5,3,3,132,1.3009
2002,5,3,4,104,0.7564
2002,5,3,5,49,0.9158
2002,6,1,1,205,-6.3127
2002,6,1,2,158,-4.6327
2002,6,1,3,203,-1.2153
2002,6,1,4,291,-1.1465
2002,6,1,5,451,1.0988
2002,6,2,1,227,-8.6659
2002,6,2,2,153,-4.5594
2002,6,2,3,145,-2.4743
2002,6,2,4,144,-3.0158
2002,6,2,5,97,-4.8324
2002,6,3,1,333,-7.2305
2002,6,3,2,183,-10.8983
2002,6,3,3,131,-4.6839
2002,6,3,4,104,-6.1015
2002,6,3,5,49,-7.8688
2002,7,1,1,293,-19.7619
2002,7,1,2,167,-13.3150
2002,7,1,3,173,-14.3636
2002,7,1,4,212,-12.2240
2002,7,1,5,428,-12.1061
2002,7,2,1,190,-15.8967
2002,7,2,2,126,-15.4223
2002,7,2,3,124,-13.6271
2002,7,2,4,121,-15.6485
2002,7,2,5,101,-17.3807
2002,7,3,1,267,-6.0503
2002,7,3,2,172,-7.3407
2002,7,3,3,138,-9.9813
2002,7,3,4,106,-9.6568
2002,7,3,5,70,-12.5082
2002,8,1,1,292,-1.1508
2002,8,1,2,166,-1.1878
2002,8,1,3,171,-1.7347
2002,8,1,4,212,-3.4535
2002,8,1,5,423,-1.9556
2002,8,2,1,190,0.4167
2002,8,2,2,126,0.7835
2002,8,2,3,124,-0.7820
2002,8,2,4,120,1.8591
2002,8,2,5,101,1.3358
2002,8,3,1,266,0.1552
2002,8,3,2,172,1.5543
2002,8,3,3,138,-0.5169
2002,8,3,4,105,-1.0816
2002,8,3,5,70,2.1975
2002,9,1,1,291,-10.6867
2002,9,1,2,164,-7.2536
2002,9,1,3,170,-7.6864
2002,9,1,4,210,-7.8728
2002,9,1,5,419,-7.0972
2002,9,2,1,189,-9.7167
2002,9,2,2,125,-6.6412
2002,9,2,3,124,-5.8843
2002,9,2,4,119,-5.2158
2002,9,2,5,100,-6.7325
2002,9,3,1,266,-9.4318
2002,9,3,2,172,-11.6503
2002,9,3,3,138,-11.8509
2002,9,3,4,105,-10.7811
2002,9,3,5,69,-7.7140
2002,10,1,1,289,6.9572
2002,10,1,2,164,3.4053
2002,10,1,3,169,2.3194
2002,10,1,4,209,0.5234
2002,10,1,5,419,-0.1514
2002,10,2,1,189,9.4463
2002,10,2,2,125,3.1962
2002,10,2,3,124,0.7452
2002,10,2,4,119,2.6133
2002,10,2,5,100,-2.4268
2002,10,3,1,266,9.9762
2002,10,3,2,172,8.3260
2002,10,3,3,138,7.3116
2002,10,3,4,105,5.4722
2002,10,3,5,68,-1.2417
2002,11,1,1,288,15.8174
2002,11,1,2,163,10.3383
2002,11,1,3,168,5.5001
2002,11,1,4,207,7.2370
2002,11,1,5,413,7.1907
2002,11,2,1,189,11.8938
2002,11,2,2,124,7.9064
2002,11,2,3,124,6.0615
2002,11,2,4,119,4.3443
2002,11,2,5,99,5.4221
2002,11,3,1,266,6.3533
2002,11,3,2,172,5.6928
2002,11,3,3,137,4.8319
2002,11,3,4,105,5.2590
2002,11,3,5,68,7.5754
2002,12,1,1,288,-7.9543
2002,12,1,2,163,-2.0722
2002,12,1,3,167,-2.4638
2002,12,1,4,206,-3.6105
2002,12,1,5,404,-0.1544
2002,12,2,1,187,-8.7259
2002,12,2,2,124,-5.9122
2002,12,2,3,124,-2.8010
2002,12,2,4,119,-2.9068
2002,12,2,5,99,-3.1327
2002,12,3,1,265,-7.7880
2002,12,3,2,172,-5.5136
2002,12,3,3,137,-1.9291
2002,12,3,4,105,-1.0312
2002,12,3,5,68,-0.6818
2003,1,1,1,286,-1.7553
2003,1,1,2,162,-1.6841
2003,1,1,3,167,-2.3664
2003,1,1,4,205,-3.8911
2003,1,1,5,401,-2.0691
2003,1,2,1,187,-1.7050
2003,1,2,2,124,-4.5369
2003,1,2,3,124,-3.7021
2003,1,2,4,119,-4.1593
2003,1,2,5,98,-4.0084
2003,1,3,1,265,-2.5888
2003,1,3,2,172,-2.6022
2003,1,3,3,137,-3.8267
2003,1,3,4,104,-4.9797
2003,1,3,5,68,-3.8842
2003,2,1,1,285,-4.2623
2003,2,1,2,160,-4.1355
2003,2,1,3,167,-3.0382
2003,2,1,4,205,-3.9806
2003,2,1,5,396,-3.9972
2003,2,2,1,186,-3.9704
2003,2,2,2,124,-2.6289
2003,2,2,3,124,-3.5767
2003,2,2,4,118,-3.0685
2003,2,2,5,97,-3.2484
2003,2,3,1,264,0.0369
2003,2,3,2,171,-2.6465
2003,2,3,3,137,-2.9371
2003,2,3,4,104,-4.4039
2003,2,3,5,68,-1.6868
2003,3,1,1,283,1.3611
2003,3,1,2,158,-0.3121
2003,3,1,3,167,0.2817
2003,3,1,4,205,0.0480
2003,3,1,5,394,-1.0164
2003,3,2,1,186,2.3074
2003,3,2,2,124,1.7330
2003,3,2,3,124,0.8977
2003,3,2,4,118,1.7830
2003,3,2,5,97,0.4286
2003,3,3,1,263,2.1296
2003,3,3,2,171,1.6205
2003,3,3,3,137,-0.2564
2003,3,3,4,104,-0.1716
2003,3,3,5,68,0.9907
2003,4,1,1,278,12.7359
2003,4,1,2,158,10.9043
2003,4,1,3,166,6.9077
2003,4,1,4,202,8.1147
2003,4,1,5,392,7.7807
2003,4,2,1,183,10.5109
2003,4,2,2,124,9.0655
2003,4,2,3,123,7.8369
2003,4,2,4,118,7.6394
2003,4,2,5,97,8.4925
2003,4,3,1,262,7.9074
2003,4,3,2,171,7.0101
2003,4,3,3,136,4.6010
2003,4,3,4,104,7.9982
2003,4,3,5,68,6.3440
2003,5,1,1,274,15.4100
2003,5,1,2,158,9.8187
2003,5,1,3,165,7.9640
2003,5,1,4,202,8.9442
2003,5,1,5,388,9.2373
2003,5,2,1,183,12.0819
2003,5,2,2,124,7.2693
2003,5,2,3,123,6.0996
2003,5,2,4,118,9.8063
2003,5,2,5,96,9.7123
2003,5,3,1,261,4.4445
2003,5,3,2,171,5.3377
2003,5,3,3,136,7.7472
2003,5,3,4,104,8.4199
2003,5,3,5,67,8.3660
2003,6,1,1,272,5.8523
2003,6,1,2,158,5.4890
2003,6,1,3,164,5.2702
2003,6,1,4,200,4.9156
2003,6,1,5,383,5.6047
2003,6,2,1,183,2.0303
2003,6,2,2,124,2.9020
2003,6,2,3,123,2.9162
2003,6,2,4,117,1.7592
2003,6,2,5,96,4.8753
2003,6,3,1,261,1.7773
2003,6,3,2,171,1.2841
2003,6,3,3,136,1.6206
2003,6,3,4,104,0.2836
2003,6,3,5,67,2.1980
2003,7,1,1,283,8.3924
2003,7,1,2,177,9.1105
2003,7,1,3,175,8.6712
2003,7,1,4,229,8.7622
2003,7,1,5,406,7.3316
2003,7,2,1,183,6.4674
2003,7,2,2,123,6.3261
2003,7,2,3,122,3.8747
2003,7,2,4,102,4.7712
2003,7,2,5,91,1.6692
2003,7,3,1,256,1.9963
2003,7,3,2,166,2.2330
2003,7,3,3,111,2.8086
2003,7,3,4,128,-4.1032
2003,7,3,5,70,1.4231
2003,8,1,1,281,6.4753
2003,8,1,2,177,3.8634
2003,8,1,3,174,5.2408
2003,8,1,4,225,1.8905
2003,8,1,5,403,3.4658
2003,8,2,1,182,6.6884
2003,8,2,2,123,6.5125
2003,8,2,3,122,5.6654
2003,8,2,4,102,3.8697
2003,8,2,5,91,3.9719
2003,8,3,1,256,1.6011
2003,8,3,2,166,4.7393
2003,8,3,3,111,3.3636
2003,8,3,4,128,2.7860
2003,8,3,5,70,5.6879
2003,9,1,1,280,-0.3523
2003,9,1,2,177,0.3724
2003,9,1,3,174,-0.3222
2003,9,1,4,224,-0.0106
2003,9,1,5,399,2.8838
2003,9,2,1,181,-4.2677
2003,9,2,2,123,-4.6976
2003,9,2,3,121,-2.8642
2003,9,2,4,102,-2.3626
2003,9,2,5,89,-1.0129
2003,9,3,1,254,-1.8910
2003,9,3,2,164,-1.5393
2003,9,3,3,111,-1.6381
2003,9,3,4,128,-0.8482
2003,9,3,5,70,-0.0235
2003,10,1,1,279,8.2348
2003,10,1,2,176,12.2378
2003,10,1,3,174,8.6968
2003,10,1,4,223,8.9307
2003,10,1,5,394,10.3910
2003,10,2,1,180,9.5718
2003,10,2,2,123,7.6004
2003,10,2,3,120,8.5097
2003,10,2,4,102,8.8215
2003,10,2,5,89,6.8735
2003,10,3,1,253,5.6830
2003,10,3,2,164,4.6395
2003,10,3,3,110,6.4371
2003,10,3,4,128,5.6320
2003,10,3,5,70,6.3269
2003,11,1,1,279,3.5444
2003,11,1,2,176,7.2894
2003,11,1,3,173,3.7573
2003,11,1,4,222,5.5619
2003,11,1,5,387,6.6731
2003,11,2,1,180,3.2922
2003,11,2,2,122,3.0831
2003,11,2,3,120,3.7771
2003,11,2,4,102,2.1544
2003,11,2,5,89,4.3187
2003,11,3,1,252,0.6273
2003,11,3,2,164,1.5730
2003,11,3,3,110,1.0450
2003,11,3,4,128,2.6091
2003,11,3,5,70,3.3704
2003,12,1,1,277,2.0343
2003,12,1,2,176,1.0914
2003,12,1,3,172,3.3180
2003,12,1,4,220,3.8501
2003,12,1,5,381,7.1030
2003,12,2,1,179,1.6115
2003,12,2,2,122,2.6115
2003,12,2,3,120,2.6027
2003,12,2,4,102,4.6315
2003,12,2,5,88,7.8524
2003,12,3,1,250,3.7053
2003,12,3,2,164,5.4821
2003,12,3,3,110,4.3434
2003,12,3,4,128,6.6097
2003,12,3,5,70,8.2463
2004,1,1,1,277,5.6062
2004,1,1,2,176,6.2598
2004,1,1,3,172,3.9739
2004,1,1,4,218,3.0024
2004,1,1,5,375,6.6546
2004,1,2,1,178,4.1181
2004,1,2,2,122,2.1795
2004,1,2,3,119,1.9244
2004,1,2,4,101,0.8776
2004,1,2,5,87,0.6228
2004,1,3,1,250,1.4216
2004,1,3,2,163,1.6408
2004,1,3,3,110,-0.8389
2004,1,3,4,128,0.8220
2004,1,3,5,70,-0.1581
2004,2,1,1,273,-1.6298
2004,2,1,2,175,0.9945
2004,2,1,3,171,-0.5913
2004,2,1,4,212,2.9571
2004,2,1,5,373,2.6780
2004,2,2,1,178,-1.2991
2004,2,2,2,122,1.5980
2004,2,2,3,119,2.1551
2004,2,2,4,101,2.3638
2004,2,2,5,87,3.6488
2004,2,3,1,250,0.8435
2004,2,3,2,162,0.8324
2004,2,3,3,110,3.3943
2004,2,3,4,127,2.3121
2004,2,3,5,70,2.3956
2004,3,1,1,272,-1.2197
2004,3,1,2,172,-2.9509
2004,3,1,3,170,1.2138
2004,3,1,4,210,1.5565
2004,3,1,5,369,3.3090
2004,3,2,1,178,0.4774
2004,3,2,2,121,1.9012
2004,3,2,3,119,1.8555
2004,3,2,4,101,1.8241
2004,3,2,5,87,2.2727
2004,3,3,1,250,-1.3131
2004,3,3,2,162,-2.8575
2004,3,3,3,110,0.3594
2004,3,3,4,127,-0.5333
2004,3,3,5,70,0.2600
2004,4,1,1,268,-4.3159
2004,4,1,2,172,-2.4120
2004,4,1,3,169,-2.6687
2004,4,1,4,210,-2.6272
2004,4,1,5,364,-3.0012
2004,4,2,1,178,-4.0933
2004,4,2,2,121,-2.6876
2004,4,2,3,119,-1.5810
2004,4,2,4,101,-2.6372
2004,4,2,5,87,-0.9457
2004,4,3,1,250,-0.1153
2004,4,3,2,161,-0.7209
2004,4,3,3,110,-0.4273
2004,4,3,4,127,-0.6080
2004,4,3,5,70,-0.9838
2004,5,1,1,265,0.3754
2004,5,1,2,169,1.7731
2004,5,1,3,167,0.6419
2004,5,1,4,208,-0.6339
2004,5,1,5,360,0.5011
2004,5,2,1,178,3.0700
2004,5,2,2,121,0.8990
2004,5,2,3,119,0.5270
2004,5,2,4,101,-0.6193
2004,5,2,5,87,0.3052
2004,5,3,1,250,1.5394
2004,5,3,2,161,2.3264
2004,5,3,3,110,0.4047
2004,5,3,4,127,-2.1842
2004,5,3,5,69,-1.5668
2004,6,1,1,264,3.7133
2004,6,1,2,169,4.5924
2004,6,1,3,166,5.8007
2004,6,1,4,206,4.1423
2004,6,1,5,357,6.5524
2004,6,2,1,178,4.6228
2004,6,2,2,121,6.5114
2004,6,2,3,119,4.9553
2004,6,2,4,100,6.3498
2004,6,2,5,86,7.0055
2004,6,3,1,250,1.0602
2004,6,3,2,160,2.2643
2004,6,3,3,109,3.6813
2004,6,3,4,127,4.8419
2004,6,3,5,69,4.8325
2004,7,1,1,423,-10.6952
2004,7,1,2,178,-4.9615
2004,7,1,3,193,-7.0420
2004,7,1,4,193,-4.9361
2004,7,1,5,286,-2.8970
2004,7,2,1,216,-11.1225
2004,7,2,2,107,-4.2125
2004,7,2,3,97,-4.0166
2004,7,2,4,109,-4.5462
2004,7,2,5,83,-2.6051
2004,7,3,1,247,-6.2009
2004,7,3,2,147,-2.9591
2004,7,3,3,128,-3.8286
2004,7,3,4,115,-0.0877
2004,7,3,5,102,0.9323
2004,8,1,1,418,-1.4740
2004,8,1,2,176,-1.8254
2004,8,1,3,192,-2.3530
2004,8,1,4,193,-3.1505
2004,8,1,5,282,-2.7979
2004,8,2,1,216,-4.0418
2004,8,2,2,106,-0.1697
2004,8,2,3,96,-1.0279
2004,8,2,4,109,0.7573
2004,8,2,5,83,-2.3084
2004,8,3,1,247,-1.5028
2004,8,3,2,147,0.0876
2004,8,3,3,128,0.7458
2004,8,3,4,115,0.7494
2004,8,3,5,102,0.1125
2004,9,1,1,419,4.8922
2004,9,1,2,175,4.3030
2004,9,1,3,190,4.6313
2004,9,1,4,190,4.0551
2004,9,1,5,280,5.0527
2004,9,2,1,215,6.9267
2004,9,2,2,105,4.7469
2004,9,2,3,96,6.0951
2004,9,2,4,108,5.0298
2004,9,2,5,82,5.4697
2004,9,3,1,247,1.3003
2004,9,3,2,146,0.8522
2004,9,3,3,128,0.7102
2004,9,3,4,114,4.4669
2004,9,3,5,102,3.4788
2004,10,1,1,419,2.1195
2004,10,1,2,175,0.3573
2004,10,1,3,189,0.5311
2004,10,1,4,188,2.2721
2004,10,1,5,277,0.2714
2004,10,2,1,215,4.4493
2004,10,2,2,105,1.8665
2004,10,2,3,96,2.0542
2004,10,2,4,108,0.6508
2004,10,2,5,81,1.8907
2004,10,3,1,247,1.9218
2004,10,3,2,146,1.7039
2004,10,3,3,127,1.1268
2004,10,3,4,114,2.2956
2004,10,3,5,102,0.7760
2004,11,1,1,415,9.1930
2004,11,1,2,175,8.7116
2004,11,1,3,189,9.7516
2004,11,1,4,186,8.0124
2004,11,1,5,275,8.7543
2004,11,2,1,213,7.8736
2004,11,2,2,104,8.2654
2004,11,2,3,96,9.1251
2004,11,2,4,108,9.8318
2004,11,2,5,81,11.2625
2004,11,3,1,247,2.4648
2004,11,3,2,146,4.0050
2004,11,3,3,127,6.6791
2004,11,3,4,113,5.7217
2004,11,3,5,101,5.8047
2004,12,1,1,412,5.8855
2004,12,1,2,174,3.9719
2004,12,1,3,189,4.4018
2004,12,1,4,183,3.7794
2004,12,1,5,271,5.7077
2004,12,2,1,211,3.9871
2004,12,2,2,104,1.8956
2004,12,2,3,96,2.0453
2004,12,2,4,108,3.4502
2004,12,2,5,80,2.5727
2004,12,3,1,247,3.5363
2004,12,3,2,146,3.5369
2004,12,3,3,127,5.0902
2004,12,3,4,113,2.2632
2004,12,3,5,101,0.4197
2005,1,1,1,411,-6.4898
2005,1,1,2,174,-3.0980
2005,1,1,3,188,-2.9056
2005,1,1,4,180,-1.1913
2005,1,1,5,270,-1.6149
2005,1,2,1,210,-5.7396
2005,1,2,2,104,-1.2760
2005,1,2,3,95,-1.8414
2005,1,2,4,107,-1.6178
2005,1,2,5,79,-1.2090
2005,1,3,1,246,-3.7494
2005,1,3,2,145,-1.4079
2005,1,3,3,127,-2.1863
2005,1,3,4,112,-0.1763
2005,1,3,5,101,-1.7605
2005,2,1,1,409,0.4210
2005,2,1,2,172,1.4687
2005,2,1,3,187,0.5623
2005,2,1,4,178,1.8761
2005,2,1,5,267,3.7849
2005,2,2,1,210,1.3756
2005,2,2,2,103,1.5815
2005,2,2,3,95,3.6956
2005,2,2,4,107,4.8597
2005,2,2,5,79,5.1739
2005,2,3,1,245,0.7923
2005,2,3,2,145,1.3603
2005,2,3,3,127,3.0393
2005,2,3,4,112,10.7325
2005,2,3,5,101,5.6538
2005,3,1,1,409,-4.5125
2005,3,1,2,170,-1.4282
2005,3,1,3,186,-2.1405
2005,3,1,4,177,-1.0442
2005,3,1,5,265,-1.0366
2005,3,2,1,210,-2.3853
2005,3,2,2,102,-1.6291
2005,3,2,3,95,-1.5549
2005,3,2,4,107,-1.9386
2005,3,2,5,78,0.2838
2005,3,3,1,245,-1.5832
2005,3,3,2,145,0.1919
2005,3,3,3,127,-0.5748
2005,3,3,4,112,-2.4374
2005,3,3,5,101,-0.6997
2005,4,1,1,407,-6.3338
2005,4,1,2,169,-5.8793
2005,4,1,3,185,-6.9508
2005,4,1,4,176,-7.0181
2005,4,1,5,261,-4.8331
2005,4,2,1,209,-7.5373
2005,4,2,2,102,-5.5787
2005,4,2,3,94,-5.8356
2005,4,2,4,107,-4.7488
2005,4,2,5,78,-5.5189
2005,4,3,1,245,-1.0759
2005,4,3,2,144,-2.9056
2005,4,3,3,127,-2.9203
2005,4,3,4,111,-4.4558
2005,4,3,5,100,-2.1769
2005,5,1,1,405,6.0151
2005,5,1,2,168,6.6088
2005,5,1,3,183,5.8202
2005,5,1,4,176,4.3430
2005,5,1,5,258,5.8079
2005,5,2,1,208,9.2373
2005,5,2,2,101,6.4046
2005,5,2,3,94,6.9240
2005,5,2,4,106,6.3669
2005,5,2,5,77,6.4041
2005,5,3,1,244,5.1854
2005,5,3,2,144,1.9146
2005,5,3,3,126,3.4771
2005,5,3,4,110,2.5462
2005,5,3,5,100,3.0648
2005,6,1,1,400,3.7652
2005,6,1,2,167,5.6647
2005,6,1,3,180,5.4936
2005,6,1,4,176,6.0422
2005,6,1,5,254,4.4093
2005,6,2,1,205,1.7627
2005,6,2,2,100,3.0146
2005,6,2,3,94,3.4120
2005,6,2,4,106,4.3413
2005,6,2,5,76,6.3066
2005,6,3,1,244,-1.6096
2005,6,3,2,144,-1.1549
2005,6,3,3,126,-0.2718
2005,6,3,4,109,2.7165
2005,6,3,5,100,4.5290
2005,7,1,1,516,6.8467
2005,7,1,2,207,7.4503
2005,7,1,3,189,7.8773
2005,7,1,4,189,7.7012
2005,7,1,5,259,9.0236
2005,7,2,1,209,7.7569
2005,7,2,2,123,6.6542
2005,7,2,3,106,5.5540
2005,7,2,4,97,6.3246
2005,7,2,5,78,6.9651
2005,7,3,1,229,5.6836
2005,7,3,2,163,3.3389
2005,7,3,3,129,3.8264
2005,7,3,4,123,3.8147
2005,7,3,5,117,5.6030
2005,8,1,1,513,-2.5430
2005,8,1,2,207,-0.6422
2005,8,1,3,189,-0.9539
2005,8,1,4,188,-2.3570
2005,8,1,5,254,-0.9172
2005,8,2,1,208,-0.4526
2005,8,2,2,122,-2.1494
2005,8,2,3,105,-2.2369
2005,8,2,4,97,-1.0630
2005,8,2,5,77,0.0449
2005,8,3,1,226,-1.0001
2005,8,3,2,163,-1.6472
2005,8,3,3,129,-0.4771
2005,8,3,4,122,-1.0248
2005,8,3,5,117,1.8458
2005,9,1,1,509,1.0978
2005,9,1,2,205,0.4135
2005,9,1,3,188,0.2861
2005,9,1,4,187,1.5662
2005,9,1,5,253,1.4835
2005,9,2,1,207,0.3283
2005,9,2,2,121,-0.9536
2005,9,2,3,105,0.1626
2005,9,2,4,96,-0.8959
2005,9,2,5,77,5.3562
2005,9,3,1,224,-0.3267
2005,9,3,2,162,0.3725
2005,9,3,3,128,-0.0408
2005,9,3,4,121,2.1697
2005,9,3,5,113,3.9157
2005,10,1,1,508,-2.8017
2005,10,1,2,203,-2.6015
2005,10,1,3,187,-3.6679
2005,10,1,4,186,-2.0585
2005,10,1,5,250,-3.1385
2005,10,2,1,207,-4.8357
2005,10,2,2,120,-1.6914
2005,10,2,3,105,-2.6902
2005,10,2,4,95,-3.2190
2005,10,2,5,77,-5.3038
2005,10,3,1,224,-0.3511
2005,10,3,2,161,-0.6104
2005,10,3,3,128,-3.9912
2005,10,3,4,121,-5.3952
2005,10,3,5,113,-6.8677
2005,11,1,1,500,5.8674
2005,11,1,2,202,4.8862
2005,11,1,3,185,4.3291
2005,11,1,4,186,3.5453
2005,11,1,5,249,3.1698
2005,11,2,1,207,6.4154
2005,11,2,2,118,5.5552
2005,11,2,3,104,4.4555
2005,11,2,4,95,4.5733
2005,11,2,5,77,4.5333
2005,11,3,1,223,4.4830
2005,11,3,2,161,2.8801
2005,11,3,3,126,4.9068
2005,11,3,4,121,4.1275
2005,11,3,5,113,0.9850
2005,12,1,1,498,-0.9053
2005,12,1,2,202,1.3225
2005,12,1,3,184,1.2534
2005,12,1,4,185,1.2170
2005,12,1,5,247,1.5471
2005,12,2,1,205,-0.1973
2005,12,2,2,118,-0.9303
2005,12,2,3,103,-0.1596
2005,12,2,4,94,-0.2917
2005,12,2,5,77,-1.1138
2005,12,3,1,223,-0.6788
2005,12,3,2,161,-0.0115
2005,12,3,3,126,0.4287
2005,12,3,4,121,-0.1247
2005,12,3,5,112,0.7108
2006,1,1,1,496,8.8969
2006,1,1,2,202,8.6126
2006,1,1,3,184,11.5961
2006,1,1,4,185,8.5707
2006,1,1,5,241,9.4968
2006,1,2,1,205,8.3770
2006,1,2,2,118,9.0651
2006,1,2,3,103,8.7008
2006,1,2,4,93,8.1833
2006,1,2,5,74,12.5495
2006,1,3,1,222,3.2331
2006,1,3,2,160,0.8742
2006,1,3,3,126,1.1600
2006,1,3,4,121,5.9070
2006,1,3,5,111,8.8629
2006,2,1,1,493,-1.8523
2006,2,1,2,198,-0.0478
2006,2,1,3,184,-0.1148
2006,2,1,4,183,0.4895
2006,2,1,5,241,-0.0731
2006,2,2,1,204,-1.8548
2006,2,2,2,117,-0.5392
2006,2,2,3,103,-0.0720
2006,2,2,4,92,-1.0526
2006,2,2,5,74,-2.4508
2006,2,3,1,221,-0.8143
2006,2,3,2,159,0.9408
2006,2,3,3,126,0.4987
2006,2,3,4,120,-1.0581
2006,2,3,5,110,-2.2954
2006,3,1,1,489,4.8657
2006,3,1,2,198,5.4310
2006,3,1,3,181,3.6311
2006,3,1,4,183,5.5603
2006,3,1,5,240,8.6281
2006,3,2,1,203,5.1270
2006,3,2,2,115,6.0429
2006,3,2,3,103,4.5133
2006,3,2,4,91,5.3617
2006,3,2,5,74,6.8289
2006,3,3,1,219,1.9002
2006,3,3,2,158,1.9732
2006,3,3,3,125,0.8904
2006,3,3,4,120,1.3677
2006,3,3,5,110,2.2244
2006,4,1,1,487,0.1560
2006,4,1,2,196,1.3552
2006,4,1,3,181,1.5114
2006,4,1,4,182,2.0059
2006,4,1,5,237,2.4400
2006,4,2,1,202,-0.7599
2006,4,2,2,115,2.2065
2006,4,2,3,102,0.8712
2006,4,2,4,91,1.7673
2006,4,2,5,74,4.2612
2006,4,3,1,217,-1.7798
2006,4,3,2,157,1.3755
2006,4,3,3,124,1.3212
2006,4,3,4,120,1.7783
2006,4,3,5,109,2.4178
2006,5,1,1,483,-7.5653
2006,5,1,2,194,-4.3164
2006,5,1,3,180,-8.6052
2006,5,1,4,181,-4.5727
2006,5,1,5,235,-3.8084
2006,5,2,1,202,-6.3735
2006,5,2,2,114,-6.2821
2006,5,2,3,102,-3.8465
2006,5,2,4,91,-4.2878
2006,5,2,5,74,-5.2469
2006,5,3,1,215,-4.0253
2006,5,3,2,157,-1.1039
2006,5,3,3,124,-2.8042
2006,5,3,4,119,-2.5301
2006,5,3,5,107,-2.3191
2006,6,1,1,480,-1.1858
2006,6,1,2,194,-0.8415
2006,6,1,3,177,-0.2931
2006,6,1,4,180,0.9061
2006,6,1,5,232,0.1011
2006,6,2,1,199,-0.0669
2006,6,2,2,114,-1.6998
2006,6,2,3,101,0.1287
2006,6,2,4,91,0.4819
2006,6,2,5,74,3.1082
2006,6,3,1,213,-0.4305
2006,6,3,2,157,-0.4990
2006,6,3,3,124,-0.4259
2006,6,3,4,119,0.6218
2006,6,3,5,106,3.8364
2006,7,1,1,486,-4.2178
2006,7,1,2,217,-3.9070
2006,7,1,3,184,-2.7293
2006,7,1,4,179,-2.8430
2006,7,1,5,234,-3.4146
2006,7,2,1,201,-5.9446
2006,7,2,2,130,-3.5995
2006,7,2,3,111,-3.5313
2006,7,2,4,91,-0.9667
2006,7,2,5,100,-2.5645
2006,7,3,1,232,-1.6402
2006,7,3,2,143,-2.5999
2006,7,3,3,137,0.7684
2006,7,3,4,123,2.6149
2006,7,3,5,94,2.2475
2006,8,1,1,482,3.7215
2006,8,1,2,216,2.2621
2006,8,1,3,184,3.5090
2006,8,1,4,179,0.8148
2006,8,1,5,231,1.6036
2006,8,2,1,199,4.1430
2006,8,2,2,129,2.2181
2006,8,2,3,110,2.9701
2006,8,2,4,88,2.3058
2006,8,2,5,98,2.5360
2006,8,3,1,232,4.1668
2006,8,3,2,143,3.4941
2006,8,3,3,137,2.8999
2006,8,3,4,122,0.4954
2006,8,3,5,94,-0.6482
2006,9,1,1,479,1.4689
2006,9,1,2,215,0.7630
2006,9,1,3,183,1.8814
2006,9,1,4,177,1.3930
2006,9,1,5,229,1.1720
2006,9,2,1,198,-0.3211
2006,9,2,2,129,3.5086
2006,9,2,3,110,2.7359
2006,9,2,4,88,0.0380
2006,9,2,5,98,0.3463
2006,9,3,1,232,2.1103
2006,9,3,2,143,3.6006
2006,9,3,3,135,2.2832
2006,9,3,4,122,0.7638
2006,9,3,5,93,-0.3984
2006,10,1,1,479,5.4673
2006,10,1,2,214,8.0745
2006,10,1,3,183,7.4309
2006,10,1,4,175,6.9764
2006,10,1,5,224,6.3053
2006,10,2,1,198,4.9282
2006,10,2,2,129,6.0035
2006,10,2,3,109,5.5504
2006,10,2,4,88,4.8698
2006,10,2,5,98,5.7374
2006,10,3,1,232,3.8353
2006,10,3,2,142,3.1417
2006,10,3,3,135,3.2854
2006,10,3,4,122,5.3153
2006,10,3,5,93,4.0710
2006,11,1,1,479,1.9900
2006,11,1,2,213,3.0228
2006,11,1,3,182,2.6029
2006,11,1,4,174,1.8527
2006,11,1,5,222,2.6498
2006,11,2,1,197,4.3857
2006,11,2,2,128,0.8345
2006,11,2,3,109,2.1031
2006,11,2,4,87,4.3829
2006,11,2,5,98,4.8799
2006,11,3,1,231,1.7312
2006,11,3,2,142,1.4082
2006,11,3,3,134,2.2214
2006,11,3,4,121,3.8465
2006,11,3,5,93,4.6245
2006,12,1,1,478,0.2665
2006,12,1,2,214,1.5782
2006,12,1,3,181,3.0736
2006,12,1,4,172,3.4255
2006,12,1,5,217,3.9027
2006,12,2,1,196,0.1458
2006,12,2,2,128,-0.2747
2006,12,2,3,107,0.3294
2006,12,2,4,86,0.5543
2006,12,2,5,97,0.7037
2006,12,3,1,231,-0.1258
2006,12,3,2,140,1.6386
2006,12,3,3,134,0.3759
2006,12,3,4,120,0.3409
2006,12,3,5,93,0.7189
2007,1,1,1,471,2.2956
2007,1,1,2,214,0.1608
2007,1,1,3,177,2.3534
2007,1,1,4,171,-0.2832
2007,1,1,5,214,2.4085
2007,1,2,1,195,1.4130
2007,1,2,2,128,1.9285
2007,1,2,3,107,2.0086
2007,1,2,4,85,3.3958
2007,1,2,5,96,2.8453
2007,1,3,1,230,3.4049
2007,1,3,2,140,1.3007
2007,1,3,3,134,2.7082
2007,1,3,4,117,1.0399
2007,1,3,5,93,1.4650
2007,2,1,1,465,0.3264
2007,2,1,2,210,-0.9999
2007,2,1,3,176,2.2200
2007,2,1,4,169,1.7699
2007,2,1,5,213,0.2905
2007,2,2,1,193,0.5609
2007,2,2,2,127,0.2381
2007,2,2,3,107,0.0574
2007,2,2,4,83,0.3538
2007,2,2,5,93,-0.0968
2007,2,3,1,228,-2.6304
2007,2,3,2,140,-1.1160
2007,2,3,3,134,-1.5363
2007,2,3,4,116,-0.1630
2007,2,3,5,92,-1.5314
2007,3,1,1,465,1.6078
2007,3,1,2,208,2.9292
2007,3,1,3,175,2.0433
2007,3,1,4,167,1.5620
2007,3,1,5,212,-0.3467
2007,3,2,1,190,1.9683
2007,3,2,2,127,1.9173
2007,3,2,3,106,2.3110
2007,3,2,4,82,1.9136
2007,3,2,5,92,-0.0083
2007,3,3,1,227,1.2586
2007,3,3,2,140,0.0622
2007,3,3,3,134,1.3019
2007,3,3,4,116,3.5212
2007,3,3,5,92,4.0905
2007,4,1,1,462,1.4787
2007,4,1,2,207,1.3149
2007,4,1,3,173,3.5778
2007,4,1,4,165,2.0865
2007,4,1,5,211,1.7715
2007,4,2,1,190,2.5133
2007,4,2,2,127,2.6771
2007,4,2,3,105,3.0038
2007,4,2,4,82,2.6680
2007,4,2,5,91,3.3415
2007,4,3,1,225,4.5519
2007,4,3,2,140,4.3683
2007,4,3,3,134,4.4257
2007,4,3,4,115,3.8613
2007,4,3,5,92,3.8791
2007,5,1,1,456,4.1693
2007,5,1,2,205,5.0081
2007,5,1,3,172,4.5540
2007,5,1,4,164,3.9216
2007,5,1,5,207,2.4105
2007,5,2,1,188,4.3017
2007,5,2,2,126,5.9774
2007,5,2,3,105,3.8203
2007,5,2,4,82,3.6518
2007,5,2,5,91,2.4617
2007,5,3,1,225,3.0698
2007,5,3,2,139,2.4605
2007,5,3,3,133,4.5600
2007,5,3,4,114,4.6135
2007,5,3,5,92,6.5294
2007,6,1,1,454,1.2827
2007,6,1,2,203,0.5062
2007,6,1,3,171,-0.4087
2007,6,1,4,162,-0.1791
2007,6,1,5,204,0.2958
2007,6,2,1,186,-0.8440
2007,6,2,2,124,-0.3095
2007,6,2,3,104,-1.7100
2007,6,2,4,81,-0.6841
2007,6,2,5,91,-1.8976
2007,6,3,1,225,-1.4985
2007,6,3,2,137,-0.2754
2007,6,3,3,133,-1.6269
2007,6,3,4,114,-0.8520
2007,6,3,5,91,-0.5022
2007,7,1,1,486,-5.1192
2007,7,1,2,187,-4.4202
2007,7,1,3,179,-8.5796
2007,7,1,4,157,-6.3717
2007,7,1,5,210,-7.0072
2007,7,2,1,212,-2.4260
2007,7,2,2,134,-5.8492
2007,7,2,3,113,-5.1387
2007,7,2,4,88,-5.8377
2007,7,2,5,100,-8.1712
2007,7,3,1,209,-0.9869
2007,7,3,2,141,-2.2234
2007,7,3,3,124,-2.4799
2007,7,3,4,120,-2.2287
2007,7,3,5,118,-1.3814
2007,8,1,1,484,1.1547
2007,8,1,2,186,-0.3490
2007,8,1,3,178,-1.1224
2007,8,1,4,155,-0.4270
2007,8,1,5,209,-3.0065
2007,8,2,1,210,3.0487
2007,8,2,2,134,1.1701
2007,8,2,3,112,0.2445
2007,8,2,4,87,-0.0429
2007,8,2,5,99,-2.2405
2007,8,3,1,208,2.1832
2007,8,3,2,140,2.5226
2007,8,3,3,124,1.8472
2007,8,3,4,118,0.6553
2007,8,3,5,117,-0.8899
2007,9,1,1,481,2.5947
2007,9,1,2,183,0.1542
2007,9,1,3,177,0.6826
2007,9,1,4,155,0.8798
2007,9,1,5,207,-1.1669
2007,9,2,1,208,2.5633
2007,9,2,2,131,0.8770
2007,9,2,3,111,1.1185
2007,9,2,4,85,0.1981
2007,9,2,5,99,1.1152
2007,9,3,1,207,6.0060
2007,9,3,2,139,2.9785
2007,9,3,3,123,1.9675
2007,9,3,4,117,4.0329
2007,9,3,5,116,5.7963
2007,10,1,1,478,2.9130
2007,10,1,2,180,2.8525
2007,10,1,3,176,2.4683
2007,10,1,4,154,0.9233
2007,10,1,5,203,0.8968
2007,10,2,1,207,4.2251
2007,10,2,2,131,3.7500
2007,10,2,3,111,2.3529
2007,10,2,4,85,1.9084
2007,10,2,5,98,3.6721
2007,10,3,1,206,4.8612
2007,10,3,2,139,4.0754
2007,10,3,3,122,0.4570
2007,10,3,4,116,1.4519
2007,10,3,5,116,3.0463
2007,11,1,1,474,-8.4714
2007,11,1,2,179,-7.7539
2007,11,1,3,175,-7.7409
2007,11,1,4,154,-9.0643
2007,11,1,5,201,-9.3807
2007,11,2,1,203,-7.6216
2007,11,2,2,131,-5.5456
2007,11,2,3,110,-5.6498
2007,11,2,4,85,-5.8678
2007,11,2,5,96,-8.2450
2007,11,3,1,202,-4.1365
2007,11,3,2,137,-1.2364
2007,11,3,3,122,-3.5454
2007,11,3,4,114,-3.5641
2007,11,3,5,115,-5.6042
2007,12,1,1,472,1.0769
2007,12,1,2,175,-0.4497
2007,12,1,3,174,0.0723
2007,12,1,4,152,-2.2526
2007,12,1,5,198,2.4343
2007,12,2,1,199,1.0954
2007,12,2,2,130,0.3977
2007,12,2,3,109,-1.2042
2007,12,2,4,85,-1.2832
2007,12,2,5,95,1.3365
2007,12,3,1,200,-0.4795
2007,12,3,2,136,-0.9992
2007,12,3,3,121,-0.8089
2007,12,3,4,113,2.2579
2007,12,3,5,114,3.4871
2008,1,1,1,470,-10.7077
2008,1,1,2,173,-9.2867
2008,1,1,3,171,-7.2356
2008,1,1,4,151,-8.3522
2008,1,1,5,196,-5.8421
2008,1,2,1,198,-9.7809
2008,1,2,2,130,-8.6876
2008,1,2,3,108,-5.4650
2008,1,2,4,84,-6.1105
2008,1,2,5,95,-3.2030
2008,1,3,1,199,-8.9648
2008,1,3,2,136,-7.6589
2008,1,3,3,120,-3.4492
2008,1,3,4,111,-5.9452
2008,1,3,5,113,-8.5562
2008,2,1,1,468,-4.9740
2008,2,1,2,170,-2.0450
2008,2,1,3,170,-0.3547
2008,2,1,4,149,-1.7588
2008,2,1,5,194,-1.8584
2008,2,2,1,197,-4.5150
2008,2,2,2,130,-0.0957
2008,2,2,3,107,-1.4725
2008,2,2,4,84,-1.0511
2008,2,2,5,95,0.9676
2008,2,3,1,199,-2.7980
2008,2,3,2,136,-0.1219
2008,2,3,3,119,-2.2399
2008,2,3,4,111,-1.3726
2008,2,3,5,113,3.6817
2008,3,1,1,466,-1.4252
2008,3,1,2,167,-0.4395
2008,3,1,3,167,-0.0449
2008,3,1,4,149,0.4963
2008,3,1,5,194,-1.6439
2008,3,2,1,197,-0.5440
2008,3,2,2,129,0.4396
2008,3,2,3,106,1.2878
2008,3,2,4,84,0.8096
2008,3,2,5,95,2.2236
2008,3,3,1,198,0.5710
2008,3,3,2,136,-1.3020
2008,3,3,3,119,1.8489
2008,3,3,4,111,0.6099
2008,3,3,5,113,-2.2842
2008,4,1,1,463,2.8237
2008,4,1,2,167,2.0361
2008,4,1,3,167,1.5149
2008,4,1,4,149,2.2060
2008,4,1,5,193,2.9186
2008,4,2,1,197,2.6953
2008,4,2,2,129,5.9669
2008,4,2,3,105,4.8868
2008,4,2,4,83,3.8544
2008,4,2,5,95,7.1035
2008,4,3,1,197,4.3438
2008,4,3,2,136,2.9756
2008,4,3,3,119,2.1393
2008,4,3,4,111,6.3212
2008,4,3,5,113,9.3118
2008,5,1,1,458,5.6581
2008,5,1,2,166,3.9839
2008,5,1,3,167,4.5002
2008,5,1,4,148,5.0364
2008,5,1,5,193,7.4652
2008,5,2,1,196,4.8201
2008,5,2,2,129,5.3084
2008,5,2,3,105,4.2186
2008,5,2,4,83,4.8007
2008,5,2,5,94,11.7818
2008,5,3,1,196,3.2342
2008,5,3,2,136,2.6097
2008,5,3,3,119,2.1517
2008,5,3,4,110,2.3607
2008,5,3,5,113,5.1087
2008,6,1,1,453,-7.7906
2008,6,1,2,164,-7.5679
2008,6,1,3,167,-7.4886
2008,6,1,4,147,-6.5277
2008,6,1,5,193,-4.6452
2008,6,2,1,195,-7.9063
2008,6,2,2,125,-7.0290
2008,6,2,3,105,-9.1097
2008,6,2,4,83,-8.2409
2008,6,2,5,94,5.9838
2008,6,3,1,195,-7.5370
2008,6,3,2,136,-6.5641
2008,6,3,3,119,-8.3101
2008,6,3,4,110,-6.1144
2008,6,3,5,113,-1.8153
2008,7,1,1,401,2.1798
2008,7,1,2,192,6.0105
2008,7,1,3,149,1.8288
2008,7,1,4,160,3.8926
2008,7,1,5,249,5.5684
2008,7,2,1,235,1.9142
2008,7,2,2,103,2.6675
2008,7,2,3,123,1.7195
2008,7,2,4,89,0.3861
2008,7,2,5,107,3.8275
2008,7,3,1,221,-0.6938
2008,7,3,2,146,-0.3112
2008,7,3,3,134,-1.2446
2008,7,3,4,123,-7.4930
2008,7,3,5,88,-8.0665
2008,8,1,1,399,2.8424
2008,8,1,2,191,6.1176
2008,8,1,3,149,5.4535
2008,8,1,4,158,4.1015
2008,8,1,5,246,3.4947
2008,8,2,1,235,3.7297
2008,8,2,2,102,4.6259
2008,8,2,3,123,5.4215
2008,8,2,4,89,6.5410
2008,8,2,5,106,4.7711
2008,8,3,1,220,1.5233
2008,8,3,2,145,1.7402
2008,8,3,3,134,1.1947
2008,8,3,4,122,1.9734
2008,8,3,5,88,2.9907
2008,9,1,1,394,-11.2492
2008,9,1,2,188,-8.6775
2008,9,1,3,149,-6.6484
2008,9,1,4,156,-8.8473
2008,9,1,5,246,-11.6842
2008,9,2,1,233,-9.5078
2008,9,2,2,101,-12.3180
2008,9,2,3,123,-9.1095
2008,9,2,4,89,-9.7563
2008,9,2,5,104,-9.9734
2008,9,3,1,220,-10.6613
2008,9,3,2,145,-8.4201
2008,9,3,3,134,-8.5937
2008,9,3,4,120,-11.6208
2008,9,3,5,88,-10.8897
2008,10,1,1,390,-20.2429
2008,10,1,2,186,-17.7165
2008,10,1,3,145,-20.8877
2008,10,1,4,156,-23.3673
2008,10,1,5,246,-22.6438
2008,10,2,1,233,-20.1882
2008,10,2,2,101,-19.9027
2008,10,2,3,123,-21.1501
2008,10,2,4,89,-22.4296
2008,10,2,5,104,-22.7534
2008,10,3,1,220,-15.8639
2008,10,3,2,145,-14.8339
2008,10,3,3,133,-14.4941
2008,10,3,4,119,-16.5511
2008,10,3,5,88,-20.3897
2008,11,1,1,385,-13.6172
2008,11,1,2,186,-9.9079
2008,11,1,3,145,-10.1566
2008,11,1,4,156,-16.3280
2008,11,1,5,243,-16.5513
2008,11,2,1,232,-10.3996
2008,11,2,2,101,-12.3225
2008,11,2,3,121,-11.7360
2008,11,2,4,89,-9.5396
2008,11,2,5,102,-17.0265
2008,11,3,1,220,-7.9500
2008,11,3,2,144,-8.1246
2008,11,3,3,132,-3.7039
2008,11,3,4,119,-3.3954
2008,11,3,5,88,-2.0200
2008,12,1,1,379,4.1926
2008,12,1,2,186,2.3453
2008,12,1,3,145,7.0604
2008,12,1,4,155,7.6824
2008,12,1,5,241,8.3499
2008,12,2,1,231,5.8374
2008,12,2,2,101,5.3832
2008,12,2,3,121,3.4496
2008,12,2,4,88,4.3064
2008,12,2,5,101,10.9370
2008,12,3,1,218,1.2944
2008,12,3,2,143,2.6811
2008,12,3,3,132,1.4046
2008,12,3,4,118,0.2395
2008,12,3,5,88,1.1893
2009,1,1,1,375,-6.7981
2009,1,1,2,184,-11.1301
2009,1,1,3,144,-10.9488
2009,1,1,4,155,-12.6277
2009,1,1,5,237,-13.1253
2009,1,2,1,229,-7.1115
2009,1,2,2,101,-8.7728
2009,1,2,3,121,-10.5335
2009,1,2,4,87,-5.9369
2009,1,2,5,100,-17.0938
2009,1,3,1,218,-4.1627
2009,1,3,2,142,-4.0467
2009,1,3,3,132,-7.9624
2009,1,3,4,118,-7.5358
2009,1,3,5,87,-6.8171
2009,2,1,1,374,-8.5633
2009,2,1,2,184,-12.7621
2009,2,1,3,143,-9.8887
2009,2,1,4,154,-15.4748
2009,2,1,5,235,-13.3195
2009,2,2,1,227,-7.4966
2009,2,2,2,101,-9.1091
2009,2,2,3,121,-12.3330
2009,2,2,4,86,-13.2524
2009,2,2,5,100,-16.7294
2009,2,3,1,218,-6.1863
2009,2,3,2,142,-11.3988
2009,2,3,3,132,-9.7227
2009,2,3,4,118,-11.0930
2009,2,3,5,87,-11.8967
2009,3,1,1,371,7.4862
2009,3,1,2,184,7.9496
2009,3,1,3,143,8.8135
2009,3,1,4,154,12.3596
2009,3,1,5,234,13.0435
2009,3,2,1,226,9.1178
2009,3,2,2,101,8.8389
2009,3,2,3,120,9.9468
2009,3,2,4,86,9.6570
2009,3,2,5,100,9.3854
2009,3,3,1,218,8.8810
2009,3,3,2,142,7.8669
2009,3,3,3,132,6.9968
2009,3,3,4,117,7.4941
2009,3,3,5,87,7.6329
2009,4,1,1,365,16.4899
2009,4,1,2,184,14.9664
2009,4,1,3,141,13.8831
2009,4,1,4,153,24.6110
2009,4,1,5,233,25.6876
2009,4,2,1,225,14.6066
2009,4,2,2,101,19.3146
2009,4,2,3,119,20.1886
2009,4,2,4,86,17.5978
2009,4,2,5,99,28.0929
2009,4,3,1,217,7.9087
2009,4,3,2,142,8.8630
2009,4,3,3,132,7.1246
2009,4,3,4,117,9.3659
2009,4,3,5,87,12.4531
2009,5,1,1,361,4.6772
2009,5,1,2,183,2.7738
2009,5,1,3,141,1.3359
2009,5,1,4,152,1.4634
2009,5,1,5,229,5.0171
2009,5,2,1,225,2.4222
2009,5,2,2,101,1.3489
2009,5,2,3,119,3.0815
2009,5,2,4,86,3.5782
2009,5,2,5,99,3.7871
2009,5,3,1,217,5.4495
2009,5,3,2,142,3.0502
2009,5,3,3,131,4.4032
2009,5,3,4,117,3.9770
2009,5,3,5,87,2.7386
2009,6,1,1,358,6.0680
2009,6,1,2,182,7.7566
2009,6,1,3,139,2.0169
2009,6,1,4,152,3.1648
2009,6,1,5,228,5.7987
2009,6,2,1,225,5.6775
2009,6,2,2,101,2.2625
2009,6,2,3,119,1.7313
2009,6,2,4,86,1.4851
2009,6,2,5,99,-2.7072
2009,6,3,1,217,1.7692
2009,6,3,2,142,1.4104
2009,6,3,3,131,-0.9570
2009,6,3,4,117,-0.7049
2009,6,3,5,87,-1.0825
2009,7,1,1,249,7.6970
2009,7,1,2,136,8.7680
2009,7,1,3,103,9.4225
2009,7,1,4,158,9.9809
2009,7,1,5,245,14.7046
2009,7,2,1,219,7.0572
2009,7,2,2,110,9.4031
2009,7,2,3,80,9.0576
2009,7,2,4,92,10.5959
2009,7,2,5,95,13.7997
2009,7,3,1,185,5.5313
2009,7,3,2,153,7.6520
2009,7,3,3,121,7.8696
2009,7,3,4,115,9.1854
2009,7,3,5,90,8.2687
2009,8,1,1,246,0.9535
2009,8,1,2,133,1.5906
2009,8,1,3,103,5.3909
2009,8,1,4,158,5.7726
2009,8,1,5,243,9.0514
2009,8,2,1,218,0.1978
2009,8,2,2,110,1.0452
2009,8,2,3,80,4.7263
2009,8,2,4,92,3.5682
2009,8,2,5,95,5.5412
2009,8,3,1,184,0.6222
2009,8,3,2,153,3.2731
2009,8,3,3,121,2.1808
2009,8,3,4,115,2.0809
2009,8,3,5,89,1.9355
2009,9,1,1,245,5.3393
2009,9,1,2,133,7.0800
2009,9,1,3,103,7.9092
2009,9,1,4,158,9.3743
2009,9,1,5,241,9.7493
2009,9,2,1,217,5.6133
2009,9,2,2,109,4.1960
2009,9,2,3,80,7.0425
2009,9,2,4,92,7.8456
2009,9,2,5,94,8.8411
2009,9,3,1,184,4.2846
2009,9,3,2,153,3.5388
2009,9,3,3,121,2.6048
2009,9,3,4,115,6.2510
2009,9,3,5,89,9.5655
2009,10,1,1,244,-5.9990
2009,10,1,2,132,-5.0036
2009,10,1,3,103,-7.3854
2009,10,1,4,157,-5.0797
2009,10,1,5,239,-8.3566
2009,10,2,1,215,-5.7941
2009,10,2,2,109,-3.7368
2009,10,2,3,80,-5.5317
2009,10,2,4,92,-4.6422
2009,10,2,5,94,-8.0357
2009,10,3,1,184,-1.0493
2009,10,3,2,153,-0.8707
2009,10,3,3,121,-0.7124
2009,10,3,4,115,-2.5272
2009,10,3,5,89,-3.7806
2009,11,1,1,241,0.2706
2009,11,1,2,132,2.7657
2009,11,1,3,103,0.5254
2009,11,1,4,156,3.7585
2009,11,1,5,236,1.6447
2009,11,2,1,210,2.3104
2009,11,2,2,109,2.0371
2009,11,2,3,80,3.9715
2009,11,2,4,92,3.6140
2009,11,2,5,94,3.7979
2009,11,3,1,184,6.3558
2009,11,3,2,152,5.1794
2009,11,3,3,121,6.9411
2009,11,3,4,115,6.0352
2009,11,3,5,87,4.5798
2009,12,1,1,235,8.6405
2009,12,1,2,132,9.8596
2009,12,1,3,102,8.0067
2009,12,1,4,154,9.2392
2009,12,1,5,232,10.4012
2009,12,2,1,210,9.0673
2009,12,2,2,109,7.1755
2009,12,2,3,79,7.3158
2009,12,2,4,92,6.9648
2009,12,2,5,93,8.0774
2009,12,3,1,184,2.2453
2009,12,3,2,150,3.1520
2009,12,3,3,121,1.5732
2009,12,3,4,115,2.9352
2009,12,3,5,86,7.2568
2010,1,1,1,231,-4.2645
2010,1,1,2,131,-5.9959
2010,1,1,3,101,-4.2151
2010,1,1,4,152,-4.6130
2010,1,1,5,232,-2.6123
2010,1,2,1,206,-5.1480
2010,1,2,2,109,-3.7273
2010,1,2,3,79,-3.5645
2010,1,2,4,92,-2.7618
2010,1,2,5,93,-2.0779
2010,1,3,1,183,-2.9511
2010,1,3,2,150,-3.9500
2010,1,3,3,121,-4.9902
2010,1,3,4,115,-4.0426
2010,1,3,5,85,-4.8441
2010,2,1,1,229,4.7749
2010,2,1,2,130,3.8891
2010,2,1,3,102,4.9753
2010,2,1,4,152,5.6158
2010,2,1,5,230,6.2829
2010,2,2,1,205,4.4177
2010,2,2,2,109,3.3684
2010,2,2,3,79,4.7511
2010,2,2,4,92,6.7003
2010,2,2,5,93,6.2833
2010,2,3,1,183,2.5093
2010,2,3,2,149,3.3290
2010,2,3,3,121,4.1171
2010,2,3,4,115,2.6316
2010,2,3,5,84,4.8421
2010,3,1,1,226,6.8720
2010,3,1,2,128,4.5906
2010,3,1,3,102,5.8276
2010,3,1,4,152,11.2774
2010,3,1,5,228,6.2262
2010,3,2,1,205,7.5782
2010,3,2,2,109,7.6074
2010,3,2,3,79,8.3310
2010,3,2,4,92,6.6564
2010,3,2,5,93,7.3259
2010,3,3,1,183,5.3141
2010,3,3,2,149,4.6136
2010,3,3,3,120,5.0355
2010,3,3,4,114,7.0267
2010,3,3,5,84,7.3514
2010,4,1,1,226,5.5402
2010,4,1,2,128,5.9348
2010,4,1,3,101,8.4032
2010,4,1,4,151,7.6617
2010,4,1,5,225,10.0994
2010,4,2,1,204,4.1315
2010,4,2,2,109,4.8412
2010,4,2,3,79,7.5440
2010,4,2,4,91,6.3470
2010,4,2,5,93,6.8530
2010,4,3,1,183,-0.5375
2010,4,3,2,149,2.5555
2010,4,3,3,120,1.3217
2010,4,3,4,111,4.0545
2010,4,3,5,83,1.9130
2010,5,1,1,223,-6.8276
2010,5,1,2,128,-4.3405
2010,5,1,3,100,-8.5734
2010,5,1,4,151,-8.4847
2010,5,1,5,223,-10.9880
2010,5,2,1,202,-6.1457
2010,5,2,2,109,-5.8206
2010,5,2,3,79,-7.1752
2010,5,2,4,91,-7.2531
2010,5,2,5,93,-8.8794
2010,5,3,1,183,-6.2319
2010,5,3,2,149,-7.7761
2010,5,3,3,120,-7.6480
2010,5,3,4,111,-9.0753
2010,5,3,5,81,-9.4015
2010,6,1,1,223,-4.4017
2010,6,1,2,128,-6.2161
2010,6,1,3,100,-7.5505
2010,6,1,4,151,-7.9459
2010,6,1,5,222,-9.0639
2010,6,2,1,202,-5.0265
2010,6,2,2,106,-5.5952
2010,6,2,3,79,-8.9018
2010,6,2,4,91,-7.7270
2010,6,2,5,93,-11.8388
2010,6,3,1,183,-2.1011
2010,6,3,2,149,-5.7864
2010,6,3,3,120,-5.4298
2010,6,3,4,111,-5.6797
2010,6,3,5,81,-10.4490
2010,7,1,1,256,6.9260
2010,7,1,2,122,4.0781
2010,7,1,3,101,8.1511
2010,7,1,4,161,7.0964
2010,7,1,5,217,7.1403
2010,7,2,1,183,6.9907
2010,7,2,2,106,7.1064
2010,7,2,3,85,6.9759
2010,7,2,4,95,5.5329
2010,7,2,5,96,9.1353
2010,7,3,1,183,7.4892
2010,7,3,2,161,5.7600
2010,7,3,3,142,6.5924
2010,7,3,4,114,7.3120
2010,7,3,5,85,9.8916
2010,8,1,1,255,-8.6763
2010,8,1,2,119,-9.7944
2010,8,1,3,100,-6.4103
2010,8,1,4,161,-9.5672
2010,8,1,5,215,-7.4450
2010,8,2,1,181,-4.8165
2010,8,2,2,105,-7.4000
2010,8,2,3,85,-7.6544
2010,8,2,4,92,-6.7248
2010,8,2,5,95,-7.2963
2010,8,3,1,181,-4.8080
2010,8,3,2,159,-3.9646
2010,8,3,3,142,-2.5794
2010,8,3,4,114,-3.6587
2010,8,3,5,85,-2.6300
2010,9,1,1,255,11.6083
2010,9,1,2,119,11.8368
2010,9,1,3,99,8.0805
2010,9,1,4,159,12.3330
2010,9,1,5,215,12.9702
2010,9,2,1,179,15.1965
2010,9,2,2,103,13.3460
2010,9,2,3,84,12.9678
2010,9,2,4,91,11.8753
2010,9,2,5,94,12.0297
2010,9,3,1,181,13.2188
2010,9,3,2,158,8.5260
2010,9,3,3,142,8.1127
2010,9,3,4,114,9.4991
2010,9,3,5,85,8.1801
2010,10,1,1,254,7.6147
2010,10,1,2,119,6.9811
2010,10,1,3,99,5.4497
2010,10,1,4,158,5.2206
2010,10,1,5,215,6.5584
2010,10,2,1,178,4.3808
2010,10,2,2,103,3.8867
2010,10,2,3,84,5.2410
2010,10,2,4,91,4.8139
2010,10,2,5,94,4.8308
2010,10,3,1,181,6.4183
2010,10,3,2,158,3.3796
2010,10,3,3,142,4.4525
2010,10,3,4,113,1.9482
2010,10,3,5,85,4.1960
2010,11,1,1,250,4.1537
2010,11,1,2,118,1.3439
2010,11,1,3,99,2.9420
2010,11,1,4,158,4.6077
2010,11,1,5,213,4.3818
2010,11,2,1,177,4.0874
2010,11,2,2,103,2.4943
2010,11,2,3,84,6.4405
2010,11,2,4,91,3.6867
2010,11,2,5,94,4.3955
2010,11,3,1,181,0.6490
2010,11,3,2,157,0.1174
2010,11,3,3,140,0.9601
2010,11,3,4,112,-0.4351
2010,11,3,5,85,-0.8331
2010,12,1,1,248,8.8665
2010,12,1,2,117,6.7598
2010,12,1,3,99,8.7616
2010,12,1,4,158,7.1173
2010,12,1,5,207,5.8290
2010,12,2,1,173,7.7209
2010,12,2,2,103,6.2251
2010,12,2,3,83,6.5242
2010,12,2,4,91,6.2420
2010,12,2,5,94,6.7303
2010,12,3,1,181,6.0731
2010,12,3,2,156,4.7110
2010,12,3,3,140,5.0242
2010,12,3,4,111,7.9793
2010,12,3,5,84,7.3115
2011,1,1,1,244,-1.1703
2011,1,1,2,116,-2.5510
2011,1,1,3,97,-1.3420
2011,1,1,4,157,-2.7081
2011,1,1,5,204,-1.9999
2011,1,2,1,172,0.2031
2011,1,2,2,103,0.8966
2011,1,2,3,82,-0.7927
2011,1,2,4,91,1.6314
2011,1,2,5,92,2.6830
2011,1,3,1,181,2.3184
2011,1,3,2,156,0.7237
2011,1,3,3,140,3.7022
2011,1,3,4,111,2.1700
2011,1,3,5,84,1.3786
2011,2,1,1,241,5.0984
2011,2,1,2,115,5.5442
2011,2,1,3,97,4.7640
2011,2,1,4,157,4.8598
2011,2,1,5,203,5.7787
2011,2,2,1,171,5.4935
2011,2,2,2,103,4.0990
2011,2,2,3,81,6.3756
2011,2,2,4,91,4.0855
2011,2,2,5,92,5.4402
2011,2,3,1,181,2.7389
2011,2,3,2,156,3.5143
2011,2,3,3,139,3.5606
2011,2,3,4,110,3.7920
2011,2,3,5,84,4.7058
2011,3,1,1,239,2.8794
2011,3,1,2,113,1.8539
2011,3,1,3,96,-0.7599
2011,3,1,4,157,3.8927
2011,3,1,5,200,2.0490
2011,3,2,1,171,3.4899
2011,3,2,2,103,4.1303
2011,3,2,3,81,3.5363
2011,3,2,4,90,2.7245
2011,3,2,5,92,3.5637
2011,3,3,1,180,0.0733
2011,3,3,2,156,0.1857
2011,3,3,3,139,1.0327
2011,3,3,4,110,0.9862
2011,3,3,5,83,2.4771
2011,4,1,1,237,2.1185
2011,4,1,2,113,-2.1140
2011,4,1,3,95,1.0076
2011,4,1,4,157,1.4488
2011,4,1,5,197,1.9423
2011,4,2,1,171,2.7580
2011,4,2,2,102,4.4902
2011,4,2,3,81,3.9396
2011,4,2,4,90,1.4599
2011,4,2,5,92,1.3304
2011,4,3,1,178,2.5500
2011,4,3,2,156,4.3845
2011,4,3,3,138,4.1940
2011,4,3,4,109,2.6243
2011,4,3,5,83,2.9840
2011,5,1,1,236,-2.2338
2011,5,1,2,109,-2.2894
2011,5,1,3,93,-5.1865
2011,5,1,4,155,-1.3999
2011,5,1,5,194,-1.9347
2011,5,2,1,170,-1.7083
2011,5,2,2,102,-1.3254
2011,5,2,3,81,-1.4561
2011,5,2,4,90,-3.9583
2011,5,2,5,92,-0.2241
2011,5,3,1,178,-1.2495
2011,5,3,2,155,-0.3564
2011,5,3,3,138,-1.5787
2011,5,3,4,109,-0.5471
2011,5,3,5,83,-0.9050
2011,6,1,1,235,-1.0908
2011,6,1,2,108,-1.4534
2011,6,1,3,92,-4.4794
2011,6,1,4,153,-1.3635
2011,6,1,5,191,-1.6116
2011,6,2,1,169,-1.5555
2011,6,2,2,101,-0.5242
2011,6,2,3,81,-0.4126
2011,6,2,4,89,-0.0451
2011,6,2,5,91,-1.7013
2011,6,3,1,176,-2.4587
2011,6,3,2,155,-1.0020
2011,6,3,3,138,-1.1561
2011,6,3,4,109,-1.4986
2011,6,3,5,83,-0.7877
2011,7,1,1,289,-3.8206
2011,7,1,2,121,-1.7211
2011,7,1,3,132,-3.0122
2011,7,1,4,175,-0.6843
2011,7,1,5,272,-2.0139
2011,7,2,1,207,-5.5185
2011,7,2,2,112,-4.3983
2011,7,2,3,104,-3.2214
2011,7,2,4,89,-2.6980
2011,7,2,5,101,-5.1338
2011,7,3,1,197,-0.0828
2011,7,3,2,149,-1.7659
2011,7,3,3,136,-2.1386
2011,7,3,4,127,-2.0390
2011,7,3,5,92,-3.5243
2011,8,1,1,286,-10.4559
2011,8,1,2,120,-8.8694
2011,8,1,3,131,-9.6325
2011,8,1,4,175,-8.4491
2011,8,1,5,272,-11.3505
2011,8,2,1,204,-9.4861
2011,8,2,2,112,-8.1006
2011,8,2,3,103,-7.2005
2011,8,2,4,89,-7.7592
2011,8,2,5,101,-10.8346
2011,8,3,1,196,-4.8686
2011,8,3,2,148,-4.7421
2011,8,3,3,136,-3.5970
2011,8,3,4,127,-6.2453
2011,8,3,5,92,-4.8690
2011,9,1,1,285,-11.5997
2011,9,1,2,118,-10.9112
2011,9,1,3,131,-11.2886
2011,9,1,4,174,-10.1913
2011,9,1,5,271,-11.7919
2011,9,2,1,202,-10.8032
2011,9,2,2,111,-10.9424
2011,9,2,3,103,-10.9408
2011,9,2,4,89,-11.4269
2011,9,2,5,101,-13.0521
2011,9,3,1,196,-6.9631
2011,9,3,2,148,-6.9635
2011,9,3,3,136,-7.2310
2011,9,3,4,126,-5.5701
2011,9,3,5,92,-5.6356
2011,10,1,1,284,14.1085
2011,10,1,2,116,14.7509
2011,10,1,3,131,15.9585
2011,10,1,4,174,13.0554
2011,10,1,5,268,11.7624
2011,10,2,1,202,16.4099
2011,10,2,2,111,15.5084
2011,10,2,3,103,15.1448
2011,10,2,4,88,14.1692
2011,10,2,5,100,15.8168
2011,10,3,1,196,11.7486
2011,10,3,2,147,10.6291
2011,10,3,3,135,10.6329
2011,10,3,4,125,10.4595
2011,10,3,5,91,9.4768
2011,11,1,1,284,-2.2574
2011,11,1,2,116,-0.1470
2011,11,1,3,130,-1.9764
2011,11,1,4,171,-0.9390
2011,11,1,5,267,-1.5066
2011,11,2,1,201,-0.7301
2011,11,2,2,111,-1.1016
2011,11,2,3,102,-0.0559
2011,11,2,4,87,-0.4654
2011,11,2,5,100,-0.1559
2011,11,3,1,196,-1.8910
2011,11,3,2,147,1.1553
2011,11,3,3,134,0.8349
2011,11,3,4,124,1.8908
2011,11,3,5,91,-1.1713
2011,12,1,1,283,0.6317
2011,12,1,2,115,1.6859
2011,12,1,3,128,1.5900
2011,12,1,4,170,1.7370
2011,12,1,5,263,2.8890
2011,12,2,1,201,-1.1452
2011,12,2,2,111,-0.7192
2011,12,2,3,102,0.0956
2011,12,2,4,86,1.1828
2011,12,2,5,99,1.6482
2011,12,3,1,196,-2.1712
2011,12,3,2,146,1.0829
2011,12,3,3,134,0.5466
2011,12,3,4,122,1.5917
2011,12,3,5,91,2.8505
2012,1,1,1,281,8.1040
2012,1,1,2,114,4.8760
2012,1,1,3,127,7.4183
2012,1,1,4,170,8.8363
2012,1,1,5,261,8.7522
2012,1,2,1,201,7.3244
2012,1,2,2,111,7.4390
2012,1,2,3,102,5.7164
2012,1,2,4,86,4.6989
2012,1,2,5,98,6.9160
2012,1,3,1,194,9.2106
2012,1,3,2,145,3.1784
2012,1,3,3,134,4.7219
2012,1,3,4,121,3.1657
2012,1,3,5,91,0.3572
2012,2,1,1,279,1.5419
2012,2,1,2,113,0.8319
2012,2,1,3,127,1.1855
2012,2,1,4,170,0.4297
2012,2,1,5,259,3.4854
2012,2,2,1,199,3.6321
2012,2,2,2,109,2.0026
2012,2,2,3,102,3.3019
2012,2,2,4,86,2.4335
2012,2,2,5,97,3.4534
2012,2,3,1,193,6.9339
2012,2,3,2,145,4.2689
2012,2,3,3,134,2.3696
2012,2,3,4,121,2.3942
2012,2,3,5,91,5.3910
2012,3,1,1,276,3.5316
2012,3,1,2,113,2.5213
2012,3,1,3,127,3.4346
2012,3,1,4,169,3.9091
2012,3,1,5,256,2.9232
2012,3,2,1,198,2.7983
2012,3,2,2,109,2.3504
2012,3,2,3,102,2.1715
2012,3,2,4,86,2.0287
2012,3,2,5,97,-0.1054
2012,3,3,1,193,4.9801
2012,3,3,2,145,2.2935
2012,3,3,3,134,2.1534
2012,3,3,4,120,1.9328
2012,3,3,5,90,0.0734
2012,4,1,1,274,-3.3581
2012,4,1,2,113,-1.1117
2012,4,1,3,127,-0.5533
2012,4,1,4,168,-1.3666
2012,4,1,5,250,-1.2155
2012,4,2,1,198,-0.5738
2012,4,2,2,109,-0.8647
2012,4,2,3,102,-1.9433
2012,4,2,4,86,-2.8639
2012,4,2,5,97,-0.5865
2012,4,3,1,193,-1.1315
2012,4,3,2,145,-0.1981
2012,4,3,3,134,0.1447
2012,4,3,4,120,-1.0363
2012,4,3,5,89,0.0094
2012,5,1,1,272,-7.4094
2012,5,1,2,112,-7.0498
2012,5,1,3,126,-4.6677
2012,5,1,4,167,-9.3523
2012,5,1,5,246,-8.4742
2012,5,2,1,196,-6.8515
2012,5,2,2,109,-6.9428
2012,5,2,3,102,-6.2307
2012,5,2,4,86,-6.0657
2012,5,2,5,97,-6.0639
2012,5,3,1,193,-7.1010
2012,5,3,2,144,-5.2435
2012,5,3,3,134,-6.1575
2012,5,3,4,119,-5.0034
2012,5,3,5,89,-2.7805
2012,6,1,1,269,7.2181
2012,6,1,2,111,5.4644
2012,6,1,3,125,4.8081
2012,6,1,4,165,5.2726
2012,6,1,5,245,5.5500
2012,6,2,1,196,4.4465
2012,6,2,2,109,3.9411
2012,6,2,3,102,2.4426
2012,6,2,4,86,3.9090
2012,6,2,5,96,3.3968
2012,6,3,1,193,2.1529
2012,6,3,2,144,2.5150
2012,6,3,3,132,4.9485
2012,6,3,4,119,4.6442
2012,6,3,5,88,4.4951
2012,7,1,1,256,-1.2972
2012,7,1,2,126,-2.0889
2012,7,1,3,110,0.8617
2012,7,1,4,145,-4.9201
2012,7,1,5,273,-2.2392
2012,7,2,1,185,-2.9887
2012,7,2,2,105,-1.6134
2012,7,2,3,113,-1.1872
2012,7,2,4,86,-0.5607
2012,7,2,5,98,-0.0341
2012,7,3,1,206,1.3832
2012,7,3,2,171,1.2362
2012,7,3,3,132,2.1275
2012,7,3,4,120,1.4583
2012,7,3,5,95,0.7621
2012,8,1,1,255,3.4125
2012,8,1,2,125,4.0960
2012,8,1,3,109,1.9543
2012,8,1,4,144,1.7880
2012,8,1,5,266,3.3709
2012,8,2,1,185,5.7020
2012,8,2,2,105,4.5852
2012,8,2,3,113,2.2403
2012,8,2,4,85,3.9622
2012,8,2,5,97,2.1913
2012,8,3,1,205,3.3325
2012,8,3,2,169,2.8123
2012,8,3,3,132,1.0248
2012,8,3,4,120,0.1947
2012,8,3,5,94,3.5084
2012,9,1,1,254,4.8410
2012,9,1,2,121,4.6285
2012,9,1,3,108,3.8441
2012,9,1,4,144,4.4959
2012,9,1,5,263,3.9415
2012,9,2,1,184,1.9098
2012,9,2,2,104,3.0738
2012,9,2,3,113,2.6603
2012,9,2,4,85,3.5649
2012,9,2,5,96,3.5587
2012,9,3,1,204,2.1733
2012,9,3,2,169,2.5341
2012,9,3,3,132,2.0510
2012,9,3,4,119,2.7611
2012,9,3,5,94,3.5782
2012,10,1,1,253,-3.3494
2012,10,1,2,121,-3.4146
2012,10,1,3,108,-4.2314
2012,10,1,4,143,-3.8070
2012,10,1,5,259,-0.6626
2012,10,2,1,184,-1.6425
2012,10,2,2,104,-1.1354
2012,10,2,3,112,-0.9937
2012,10,2,4,85,-1.4931
2012,10,2,5,96,0.4581
2012,10,3,1,203,-4.8377
2012,10,3,2,169,-1.7457
2012,10,3,3,132,-1.0610
2012,10,3,4,119,-1.3069
2012,10,3,5,94,-0.9240
2012,11,1,1,252,2.3411
2012,11,1,2,119,0.6113
2012,11,1,3,106,1.8867
2012,11,1,4,143,1.4281
2012,11,1,5,258,0.2227
2012,11,2,1,182,0.2403
2012,11,2,2,104,2.3175
2012,11,2,3,110,1.5563
2012,11,2,4,85,-0.3946
2012,11,2,5,94,2.5778
2012,11,3,1,201,2.2417
2012,11,3,2,169,2.2152
2012,11,3,3,132,-0.1140
2012,11,3,4,119,-1.5070
2012,11,3,5,94,-0.1782
2012,12,1,1,249,3.7096
2012,12,1,2,118,5.0574
2012,12,1,3,105,4.8953
2012,12,1,4,143,4.8486
2012,12,1,5,254,4.5969
2012,12,2,1,182,2.7592
2012,12,2,2,104,3.4396
2012,12,2,3,110,3.7431
2012,12,2,4,85,4.4611
2012,12,2,5,93,4.0193
2012,12,3,1,201,-1.2475
2012,12,3,2,169,1.2388
2012,12,3,3,132,0.1385
2012,12,3,4,119,0.7358
2012,12,3,5,93,3.6036
2013,1,1,1,245,5.7421
2013,1,1,2,116,3.7121
2013,1,1,3,105,5.1968
2013,1,1,4,142,5.5920
2013,1,1,5,252,6.5524
2013,1,2,1,179,5.9313
2013,1,2,2,102,5.0520
2013,1,2,3,109,7.1953
2013,1,2,4,85,6.1491
2013,1,2,5,92,6.1230
2013,1,3,1,200,2.8715
2013,1,3,2,169,6.6658
2013,1,3,3,132,6.2559
2013,1,3,4,118,5.3221
2013,1,3,5,93,6.2058
2013,2,1,1,244,0.6040
2013,2,1,2,115,1.5750
2013,2,1,3,105,3.4546
2013,2,1,4,141,1.0096
2013,2,1,5,250,1.5601
2013,2,2,1,179,2.1515
2013,2,2,2,102,0.3761
2013,2,2,3,109,0.9649
2013,2,2,4,84,1.3362
2013,2,2,5,92,-0.5154
2013,2,3,1,198,0.8378
2013,2,3,2,169,1.7873
2013,2,3,3,132,1.2745
2013,2,3,4,117,1.6102
2013,2,3,5,93,1.8926
2013,3,1,1,244,6.0083
2013,3,1,2,115,6.7971
2013,3,1,3,105,6.3803
2013,3,1,4,141,3.2687
2013,3,1,5,246,5.3755
2013,3,2,1,178,3.8640
2013,3,2,2,100,5.3035
2013,3,2,3,109,4.5120
2013,3,2,4,84,3.9912
2013,3,2,5,92,6.0318
2013,3,3,1,198,3.4876
2013,3,3,2,169,3.9862
2013,3,3,3,132,3.7782
2013,3,3,4,117,2.9710
2013,3,3,5,93,5.1554
2013,4,1,1,241,0.6607
2013,4,1,2,115,-3.0073
2013,4,1,3,104,-1.2276
2013,4,1,4,141,-0.6240
2013,4,1,5,244,1.2740
2013,4,2,1,178,-0.5672
2013,4,2,2,100,-1.2508
2013,4,2,3,109,-1.4411
2013,4,2,4,84,-1.3443
2013,4,2,5,92,-0.7396
2013,4,3,1,198,1.2338
2013,4,3,2,169,0.9418
2013,4,3,3,132,3.2119
2013,4,3,4,117,2.0991
2013,4,3,5,93,0.7604
2013,5,1,1,239,7.0059
2013,5,1,2,115,4.1372
2013,5,1,3,104,4.9983
2013,5,1,4,140,7.4409
2013,5,1,5,242,5.0791
2013,5,2,1,176,5.6152
2013,5,2,2,100,4.5815
2013,5,2,3,109,5.2533
2013,5,2,4,84,4.8054
2013,5,2,5,90,4.2601
2013,5,3,1,198,1.4049
2013,5,3,2,169,3.2471
2013,5,3,3,132,0.1104
2013,5,3,4,117,0.5513
2013,5,3,5,93,3.7126
2013,6,1,1,237,0.0779
2013,6,1,2,115,0.9878
2013,6,1,3,102,1.0764
2013,6,1,4,140,2.2597
2013,6,1,5,243,0.3174
2013,6,2,1,175,-0.2553
2013,6,2,2,100,-0.3095
2013,6,2,3,109,-1.8250
2013,6,2,4,84,-0.5865
2013,6,2,5,90,-1.7530
2013,6,3,1,198,-1.9502
2013,6,3,2,169,-1.6743
2013,6,3,3,132,-1.2803
2013,6,3,4,115,-0.4119
2013,6,3,5,93,-1.1628
2013,7,1,1,217,6.4794
2013,7,1,2,98,8.4315
2013,7,1,3,130,6.6262
2013,7,1,4,132,7.6920
2013,7,1,5,234,8.8251
2013,7,2,1,159,6.7414
2013,7,2,2,112,5.3277
2013,7,2,3,104,7.6290
2013,7,2,4,99,6.7389
2013,7,2,5,100,7.2660
2013,7,3,1,202,6.8360
2013,7,3,2,160,4.6898
2013,7,3,3,133,5.2798
2013,7,3,4,115,4.6573
2013,7,3,5,92,4.5537
2013,8,1,1,216,-1.3603
2013,8,1,2,98,0.4962
2013,8,1,3,130,-3.8432
2013,8,1,4,132,-4.0259
2013,8,1,5,233,-4.1764
2013,8,2,1,158,-1.4768
2013,8,2,2,112,-2.1790
2013,8,2,3,103,-3.2324
2013,8,2,4,98,-3.8595
2013,8,2,5,100,-3.2522
2013,8,3,1,200,-1.5431
2013,8,3,2,160,-3.2232
2013,8,3,3,132,-1.4928
2013,8,3,4,114,-3.3859
2013,8,3,5,92,-2.6486
2013,9,1,1,214,6.9088
2013,9,1,2,97,9.6180
2013,9,1,3,129,6.5444
2013,9,1,4,132,6.1050
2013,9,1,5,231,6.6657
2013,9,2,1,158,5.1357
2013,9,2,2,112,7.0140
2013,9,2,3,103,6.6944
2013,9,2,4,97,6.4358
2013,9,2,5,100,5.8072
2013,9,3,1,200,6.8277
2013,9,3,2,160,3.1162
2013,9,3,3,132,2.1806
2013,9,3,4,114,2.0078
2013,9,3,5,92,4.1442
2013,10,1,1,213,2.4068
2013,10,1,2,96,3.3279
2013,10,1,3,129,3.2301
2013,10,1,4,132,4.5786
2013,10,1,5,229,4.7172
2013,10,2,1,158,2.5480
2013,10,2,2,111,2.7482
2013,10,2,3,103,3.4296
2013,10,2,4,97,4.7306
2013,10,2,5,100,5.3226
2013,10,3,1,200,3.7367
2013,10,3,2,160,5.2271
2013,10,3,3,131,4.0174
2013,10,3,4,114,6.0714
2013,10,3,5,91,4.1718
2013,11,1,1,211,5.4118
2013,11,1,2,93,6.1495
2013,11,1,3,129,4.6093
2013,11,1,4,132,5.6865
2013,11,1,5,225,5.5440
2013,11,2,1,156,3.4499
2013,11,2,2,111,3.7996
2013,11,2,3,102,3.9435
2013,11,2,4,97,4.2420
2013,11,2,5,97,2.7900
2013,11,3,1,199,2.7126
2013,11,3,2,160,2.1450
2013,11,3,3,131,3.5855
2013,11,3,4,114,1.3731
2013,11,3,5,90,1.8962
2013,12,1,1,207,2.3932
2013,12,1,2,92,2.9445
2013,12,1,3,128,1.9081
2013,12,1,4,130,1.4959
2013,12,1,5,222,1.1382
2013,12,2,1,155,1.8631
2013,12,2,2,110,2.9748
2013,12,2,3,102,2.2533
2013,12,2,4,96,2.8868
2013,12,2,5,96,2.4188
2013,12,3,1,199,2.9702
2013,12,3,2,160,2.5401
2013,12,3,3,131,2.0014
2013,12,3,4,114,3.8728
2013,12,3,5,90,1.9954
2014,1,1,1,207,-2.2608
2014,1,1,2,92,-5.6852
2014,1,1,3,128,-4.4581
2014,1,1,4,128,-4.1330
2014,1,1,5,222,-3.7891
2014,1,2,1,155,-2.6497
2014,1,2,2,110,-3.7048
2014,1,2,3,101,-3.9968
2014,1,2,4,95,-5.0822
2014,1,2,5,94,-2.6488
2014,1,3,1,198,-1.9731
2014,1,3,2,160,-2.9169
2014,1,3,3,131,-3.7514
2014,1,3,4,113,-4.2196
2014,1,3,5,88,-5.1823
2014,2,1,1,207,2.1447
2014,2,1,2,92,4.9683
2014,2,1,3,128,3.3315
2014,2,1,4,128,3.9696
2014,2,1,5,220,6.3963
2014,2,2,1,153,3.3696
2014,2,2,2,110,4.8332
2014,2,2,3,100,7.8512
2014,2,2,4,94,4.0689
2014,2,2,5,94,5.0626
2014,2,3,1,197,5.5623
2014,2,3,2,159,4.5371
2014,2,3,3,131,5.2594
2014,2,3,4,113,3.8828
2014,2,3,5,87,4.1468
2014,3,1,1,204,-0.0049
2014,3,1,2,90,-0.6347
2014,3,1,3,127,1.4825
2014,3,1,4,125,0.8668
2014,3,1,5,217,2.2771
2014,3,2,1,152,-1.9235
2014,3,2,2,110,0.6855
2014,3,2,3,100,0.6427
2014,3,2,4,94,1.1291
2014,3,2,5,92,2.6233
2014,3,3,1,197,-3.5662
2014,3,3,2,159,0.3631
2014,3,3,3,130,1.9183
2014,3,3,4,113,1.9257
2014,3,3,5,87,2.2978
2014,4,1,1,204,-5.9948
2014,4,1,2,90,-3.9858
2014,4,1,3,126,-4.4204
2014,4,1,4,125,-3.2749
2014,4,1,5,214,-1.9539
2014,4,2,1,152,-3.8871
2014,4,2,2,110,-2.8472
2014,4,2,3,100,-2.3464
2014,4,2,4,94,-0.6953
2014,4,2,5,91,-0.6945
2014,4,3,1,197,-1.3264
2014,4,3,2,159,0.0583
2014,4,3,3,130,1.8096
2014,4,3,4,113,2.9172
2014,4,3,5,87,3.6378
2014,5,1,1,202,-2.4127
2014,5,1,2,90,1.0461
2014,5,1,3,124,-0.4892
2014,5,1,4,124,1.4922
2014,5,1,5,213,-0.1086
2014,5,2,1,151,-0.4104
2014,5,2,2,110,1.7804
2014,5,2,3,99,0.5825
2014,5,2,4,94,0.7612
2014,5,2,5,91,0.8425
2014,5,3,1,197,3.0449
2014,5,3,2,159,2.3291
2014,5,3,3,130,2.1054
2014,5,3,4,113,0.9011
2014,5,3,5,87,2.5377
2014,6,1,1,202,4.8893
2014,6,1,2,89,6.0148
2014,6,1,3,125,3.6419
2014,6,1,4,124,2.4143
2014,6,1,5,211,4.5301
2014,6,2,1,151,6.6225
2014,6,2,2,109,4.8847
2014,6,2,3,98,5.0536
2014,6,2,4,94,5.3446
2014,6,2,5,91,4.2895
2014,6,3,1,196,2.2166
2014,6,3,2,159,1.4930
2014,6,3,3,129,1.2316
2014,6,3,4,113,1.9859
2014,6,3,5,87,5.2560
2014,7,1,1,239,-6.1578
2014,7,1,2,108,-5.9355
2014,7,1,3,109,-3.9183
2014,7,1,4,137,-5.3744
2014,7,1,5,172,-5.9330
2014,7,2,1,199,-5.6914
2014,7,2,2,102,-6.1661
2014,7,2,3,108,-6.3973
2014,7,2,4,88,-6.4468
2014,7,2,5,80,-7.6937
2014,7,3,1,177,-0.8813
2014,7,3,2,174,-3.2793
2014,7,3,3,136,-0.5448
2014,7,3,4,128,-2.3404
2014,7,3,5,108,-0.8609
2014,8,1,1,239,4.7570
2014,8,1,2,108,4.6932
2014,8,1,3,108,2.4210
2014,8,1,4,137,4.3007
2014,8,1,5,169,4.5040
2014,8,2,1,195,4.9008
2014,8,2,2,102,3.7035
2014,8,2,3,108,5.7389
2014,8,2,4,88,4.1278
2014,8,2,5,80,4.7198
2014,8,3,1,176,4.8837
2014,8,3,2,174,4.3798
2014,8,3,3,136,5.0838
2014,8,3,4,128,3.6807
2014,8,3,5,108,2.4702
2014,9,1,1,238,-6.6242
2014,9,1,2,108,-4.9294
2014,9,1,3,108,-5.5892
2014,9,1,4,137,-6.9190
2014,9,1,5,167,-7.1067
2014,9,2,1,195,-3.9506
2014,9,2,2,101,-4.1869
2014,9,2,3,108,-5.4517
2014,9,2,4,87,-5.1447
2014,9,2,5,80,-9.1872
2014,9,3,1,176,-1.4829
2014,9,3,2,174,-0.5797
2014,9,3,3,135,-0.9956
2014,9,3,4,127,-3.2582
2014,9,3,5,108,-4.3768
2014,10,1,1,237,5.8799
2014,10,1,2,108,7.1482
2014,10,1,3,107,6.0907
2014,10,1,4,137,6.0494
2014,10,1,5,165,4.7485
2014,10,2,1,195,6.7322
2014,10,2,2,101,6.0461
2014,10,2,3,108,6.3802
2014,10,2,4,87,4.5681
2014,10,2,5,80,0.9473
2014,10,3,1,175,2.5922
2014,10,3,2,174,3.2185
2014,10,3,3,135,3.6008
2014,10,3,4,127,-0.1505
2014,10,3,5,108,-0.3380
2014,11,1,1,235,-0.6154
2014,11,1,2,107,1.2405
2014,11,1,3,106,-1.6764
2014,11,1,4,137,-1.7662
2014,11,1,5,162,-1.3285
2014,11,2,1,195,1.1661
2014,11,2,2,100,1.2334
2014,11,2,3,108,-0.3965
2014,11,2,4,87,-0.1886
2014,11,2,5,80,0.7671
2014,11,3,1,175,2.5931
2014,11,3,2,174,3.5899
2014,11,3,3,135,5.3432
2014,11,3,4,126,1.6739
2014,11,3,5,108,0.0608
2014,12,1,1,233,4.9042
2014,12,1,2,107,4.8407
2014,12,1,3,106,7.1977
2014,12,1,4,136,3.6051
2014,12,1,5,161,4.3775
2014,12,2,1,195,2.8265
2014,12,2,2,100,1.8055
2014,12,2,3,107,0.5996
2014,12,2,4,87,1.6543
2014,12,2,5,80,0.5830
2014,12,3,1,174,-1.3285
2014,12,3,2,173,-0.2860
2014,12,3,3,133,-1.3088
2014,12,3,4,126,0.1701
2014,12,3,5,108,-0.0767
2015,1,1,1,232,-5.8049
2015,1,1,2,106,-5.3033
2015,1,1,3,106,-4.3157
2015,1,1,4,136,-3.3750
2015,1,1,5,158,-4.2778
2015,1,2,1,194,-3.4833
2015,1,2,2,100,-3.1121
2015,1,2,3,104,-3.0105
2015,1,2,4,87,-3.0552
2015,1,2,5,79,-5.0399
2015,1,3,1,171,0.6288
2015,1,3,2,173,-2.9854
2015,1,3,3,133,-2.3243
2015,1,3,4,126,-3.0559
2015,1,3,5,108,-3.7163
2015,2,1,1,229,5.0685
2015,2,1,2,106,4.7564
2015,2,1,3,106,5.7046
2015,2,1,4,135,7.4003
2015,2,1,5,158,5.0199
2015,2,2,1,191,6.9137
2015,2,2,2,100,6.8149
2015,2,2,3,104,6.7939
2015,2,2,4,87,5.2022
2015,2,2,5,79,6.0219
2015,2,3,1,169,6.3954
2015,2,3,2,172,6.7749
2015,2,3,3,131,6.0350
2015,2,3,4,126,4.1021
2015,2,3,5,107,4.0632
2015,3,1,1,228,1.0758
2015,3,1,2,106,1.9469
2015,3,1,3,106,0.2272
2015,3,1,4,135,1.3827
2015,3,1,5,155,1.4764
2015,3,2,1,189,2.7461
2015,3,2,2,100,1.6848
2015,3,2,3,103,2.0449
2015,3,2,4,87,1.3796
2015,3,2,5,79,1.0225
2015,3,3,1,169,-0.4781
2015,3,3,2,171,-1.4087
2015,3,3,3,131,-2.0491
2015,3,3,4,126,-1.6107
2015,3,3,5,107,-2.7558
2015,4,1,1,225,-2.0290
2015,4,1,2,106,-2.7983
2015,4,1,3,106,-3.6212
2015,4,1,4,133,-2.7664
2015,4,1,5,154,-0.7654
2015,4,2,1,188,-3.1438
2015,4,2,2,100,-2.0254
2015,4,2,3,103,-1.7035
2015,4,2,4,86,-2.6777
2015,4,2,5,79,-1.0326
2015,4,3,1,168,0.0023
2015,4,3,2,170,-0.7013
2015,4,3,3,129,0.9791
2015,4,3,4,126,1.8878
2015,4,3,5,107,3.2627
2015,5,1,1,224,1.1127
2015,5,1,2,106,2.4997
2015,5,1,3,106,0.1018
2015,5,1,4,132,1.5972
2015,5,1,5,154,-2.4950
2015,5,2,1,188,2.9933
2015,5,2,2,100,1.9720
2015,5,2,3,103,1.9579
2015,5,2,4,86,1.7249
2015,5,2,5,79,0.0805
2015,5,3,1,166,2.1744
2015,5,3,2,170,1.7499
2015,5,3,3,129,1.0658
2015,5,3,4,125,-0.7375
2015,5,3,5,107,-1.0298
2015,6,1,1,223,2.9626
2015,6,1,2,106,3.5575
2015,6,1,3,104,1.7337
2015,6,1,4,132,-0.2878
2015,6,1,5,154,2.7008
2015,6,2,1,188,0.9887
2015,6,2,2,100,0.7438
2015,6,2,3,103,1.1040
2015,6,2,4,86,-1.4620
2015,6,2,5,79,-1.5871
2015,6,3,1,165,0.5552
2015,6,3,2,170,-1.6021
2015,6,3,3,129,-3.6506
2015,6,3,4,124,-2.7093
2015,6,3,5,106,-4.5024
2015,7,1,1,208,-5.3299
2015,7,1,2,101,-4.1595
2015,7,1,3,93,-3.7627
2015,7,1,4,102,-5.5969
2015,7,1,5,194,-11.8504
2015,7,2,1,172,-0.5005
2015,7,2,2,107,-0.8439
2015,7,2,3,95,-1.4492
2015,7,2,4,101,-3.5075
2015,7,2,5,92,-7.3426
2015,7,3,1,222,4.4629
2015,7,3,2,174,4.1944
2015,7,3,3,141,0.6293
2015,7,3,4,122,-0.6382
2015,7,3,5,89,-4.6653
2015,8,1,1,207,-5.6956
2015,8,1,2,101,-2.7803
2015,8,1,3,93,-6.1210
2015,8,1,4,100,-1.8299
2015,8,1,5,193,-2.2461
2015,8,2,1,172,-6.6744
2015,8,2,2,107,-4.4004
2015,8,2,3,95,-5.0401
2015,8,2,4,100,-4.4938
2015,8,2,5,91,-4.5576
2015,8,3,1,219,-5.9476
2015,8,3,2,173,-5.9273
2015,8,3,3,141,-6.4335
2015,8,3,4,121,-5.4532
2015,8,3,5,89,-4.9592
2015,9,1,1,206,-6.3086
2015,9,1,2,101,-4.2524
2015,9,1,3,93,-2.5787
2015,9,1,4,100,-4.9528
2015,9,1,5,192,-11.8974
2015,9,2,1,171,-4.8127
2015,9,2,2,107,-5.8499
2015,9,2,3,94,-3.9166
2015,9,2,4,99,-6.2654
2015,9,2,5,91,-8.0715
2015,9,3,1,215,-2.5862
2015,9,3,2,173,-1.5532
2015,9,3,3,141,-2.3899
2015,9,3,4,121,-2.4425
2015,9,3,5,89,-4.7321
2015,10,1,1,205,6.9129
2015,10,1,2,101,6.0617
2015,10,1,3,93,5.2880
2015,10,1,4,100,7.2878
2015,10,1,5,190,6.0338
2015,10,2,1,171,6.3370
2015,10,2,2,107,7.1031
2015,10,2,3,93,4.5341
2015,10,2,4,99,6.8038
2015,10,2,5,91,8.9460
2015,10,3,1,215,8.0401
2015,10,3,2,172,9.6869
2015,10,3,3,141,6.4964
2015,10,3,4,121,8.2463
2015,10,3,5,89,9.3778
2015,11,1,1,201,2.2184
2015,11,1,2,101,1.5611
2015,11,1,3,92,0.6784
2015,11,1,4,100,1.5315
2015,11,1,5,189,-1.7898
2015,11,2,1,168,5.1625
2015,11,2,2,107,3.1631
2015,11,2,3,93,2.1113
2015,11,2,4,98,2.9675
2015,11,2,5,90,2.0728
2015,11,3,1,214,0.9669
2015,11,3,2,172,0.1418
2015,11,3,3,141,-0.3435
2015,11,3,4,121,-0.9408
2015,11,3,5,89,-0.0998
2015,12,1,1,199,-3.4495
2015,12,1,2,101,-3.7417
2015,12,1,3,92,-4.0857
2015,12,1,4,100,-5.7877
2015,12,1,5,187,-7.5079
2015,12,2,1,168,-4.2236
2015,12,2,2,106,-4.2863
2015,12,2,3,93,-4.6457
2015,12,2,4,97,-5.5501
2015,12,2,5,90,-9.8272
2015,12,3,1,212,-0.6287
2015,12,3,2,172,-0.5022
2015,12,3,3,141,-3.8300
2015,12,3,4,121,-1.9052
2015,12,3,5,89,-5.0056
2016,1,1,1,198,-8.5934
2016,1,1,2,101,-6.1147
2016,1,1,3,92,-6.0366
2016,1,1,4,100,-5.7516
2016,1,1,5,183,-10.0825
2016,1,2,1,167,-8.7038
2016,1,2,2,104,-6.6119
2016,1,2,3,93,-6.1939
2016,1,2,4,96,-4.5062
2016,1,2,5,90,-8.5808
2016,1,3,1,210,-6.3413
2016,1,3,2,171,-2.5147
2016,1,3,3,141,-4.9048
2016,1,3,4,120,-4.8366
2016,1,3,5,89,-2.5227
2016,2,1,1,197,0.1135
2016,2,1,2,100,-0.1033
2016,2,1,3,91,-0.8417
2016,2,1,4,100,2.7932
2016,2,1,5,180,1.8899
2016,2,2,1,166,0.3421
2016,2,2,2,104,1.8459
2016,2,2,3,91,2.0809
2016,2,2,4,96,2.5445
2016,2,2,5,90,2.0084
2016,2,3,1,210,-0.9491
2016,2,3,2,170,-0.2299
2016,2,3,3,141,2.1635
2016,2,3,4,120,2.6318
2016,2,3,5,88,-0.5473
2016,3,1,1,196,6.0814
2016,3,1,2,100,8.6214
2016,3,1,3,90,8.0843
2016,3,1,4,98,4.4409
2016,3,1,5,178,10.3040
2016,3,2,1,164,8.0744
2016,3,2,2,104,7.7546
2016,3,2,3,91,8.6841
2016,3,2,4,96,8.5532
2016,3,2,5,90,10.9202
2016,3,3,1,207,5.7090
2016,3,3,2,169,6.2479
2016,3,3,3,141,7.2500
2016,3,3,4,120,7.9771
2016,3,3,5,88,9.7624
2016,4,1,1,195,1.5971
2016,4,1,2,100,3.0981
2016,4,1,3,88,0.1148
2016,4,1,4,98,2.4241
2016,4,1,5,176,6.6114
2016,4,2,1,164,1.5284
2016,4,2,2,104,0.1865
2016,4,2,3,91,0.7329
2016,4,2,4,96,1.0245
2016,4,2,5,90,4.0503
2016,4,3,1,205,1.0250
2016,4,3,2,169,-0.6458
2016,4,3,3,141,-1.1040
2016,4,3,4,119,0.1179
2016,4,3,5,88,3.5965
2016,5,1,1,194,0.0855
2016,5,1,2,100,-0.8863
2016,5,1,3,88,-0.7262
2016,5,1,4,97,-0.8869
2016,5,1,5,176,-3.1936
2016,5,2,1,162,2.9080
2016,5,2,2,104,2.3608
2016,5,2,3,91,-0.4018
2016,5,2,4,96,1.2800
2016,5,2,5,89,-0.2939
2016,5,3,1,203,2.2788
2016,5,3,2,169,2.5086
2016,5,3,3,140,1.7031
2016,5,3,4,118,0.9474
2016,5,3,5,88,-0.3973
2016,6,1,1,192,1.5398
2016,6,1,2,99,0.3042
2016,6,1,3,87,2.9409
2016,6,1,4,96,3.3333
2016,6,1,5,172,2.2464
2016,6,2,1,161,0.5998
2016,6,2,2,104,-0.2651
2016,6,2,3,89,1.0557
2016,6,2,4,96,2.4412
2016,6,2,5,89,-0.6494
2016,6,3,1,203,-0.0653
2016,6,3,2,168,0.2439
2016,6,3,3,138,0.8941
2016,6,3,4,117,2.3899
2016,6,3,5,87,3.9133
2016,7,1,1,157,6.1245
2016,7,1,2,97,5.7707
2016,7,1,3,97,5.0581
2016,7,1,4,94,6.3583
2016,7,1,5,195,7.1247
2016,7,2,1,152,5.6746
2016,7,2,2,98,4.8253
2016,7,2,3,108,4.7403
2016,7,2,4,86,6.5946
2016,7,2,5,83,6.0908
2016,7,3,1,205,4.7159
2016,7,3,2,153,3.6440
2016,7,3,3,135,3.8314
2016,7,3,4,104,2.7238
2016,7,3,5,93,2.5427
2016,8,1,1,156,1.9164
2016,8,1,2,96,3.0982
2016,8,1,3,96,3.4053
2016,8,1,4,94,1.7851
2016,8,1,5,193,1.6088
2016,8,2,1,151,0.8511
2016,8,2,2,97,1.2537
2016,8,2,3,108,1.3171
2016,8,2,4,85,1.4277
2016,8,2,5,83,0.5129
2016,8,3,1,203,-0.5721
2016,8,3,2,153,-0.6666
2016,8,3,3,133,1.3025
2016,8,3,4,104,-0.2769
2016,8,3,5,93,-1.5916
2016,9,1,1,156,3.5933
2016,9,1,2,96,3.2268
2016,9,1,3,96,0.7245
2016,9,1,4,94,2.3283
2016,9,1,5,192,3.1789
2016,9,2,1,151,1.3678
2016,9,2,2,97,1.0292
2016,9,2,3,106,-0.4635
2016,9,2,4,85,-0.2927
2016,9,2,5,83,2.2244
2016,9,3,1,203,0.0352
2016,9,3,2,153,-0.7964
2016,9,3,3,133,0.3090
2016,9,3,4,104,2.3684
2016,9,3,5,93,0.6742
2016,10,1,1,155,-5.2819
2016,10,1,2,96,-4.1611
2016,10,1,3,96,-3.3662
2016,10,1,4,94,-3.6540
2016,10,1,5,191,-3.0688
2016,10,2,1,149,-5.4187
2016,10,2,2,96,-3.9824
2016,10,2,3,104,-4.2022
2016,10,2,4,83,-5.2281
2016,10,2,5,82,-5.1046
2016,10,3,1,201,-1.5524
2016,10,3,2,152,-3.6206
2016,10,3,3,131,-1.3773
2016,10,3,4,103,-2.2269
2016,10,3,5,92,-1.5902
2016,11,1,1,155,9.8892
2016,11,1,2,96,9.0879
2016,11,1,3,94,12.6696
2016,11,1,4,92,14.5795
2016,11,1,5,191,14.7861
2016,11,2,1,148,7.4866
2016,11,2,2,96,10.5874
2016,11,2,3,104,13.3769
2016,11,2,4,83,12.5598
2016,11,2,5,82,10.7294
2016,11,3,1,201,-0.0923
2016,11,3,2,150,3.2803
2016,11,3,3,130,5.9782
2016,11,3,4,103,2.9204
2016,11,3,5,92,5.9346
2016,12,1,1,155,4.6474
2016,12,1,2,96,4.6124
2016,12,1,3,93,4.4013
2016,12,1,4,91,3.2324
2016,12,1,5,189,6.0919
2016,12,2,1,147,0.3666
2016,12,2,2,96,2.9888
2016,12,2,3,103,2.4684
2016,12,2,4,83,2.9751
2016,12,2,5,82,1.8686
2016,12,3,1,200,1.5186
2016,12,3,2,150,0.8463
2016,12,3,3,130,0.3304
2016,12,3,4,102,2.5495
2016,12,3,5,91,3.7970
2017,1,1,1,153,-1.1581
2017,1,1,2,96,-0.8204
2017,1,1,3,92,-2.8765
2017,1,1,4,91,-3.0704
2017,1,1,5,189,-0.8471
2017,1,2,1,146,1.2755
2017,1,2,2,96,-0.4447
2017,1,2,3,102,0.2691
2017,1,2,4,83,0.4274
2017,1,2,5,82,0.4567
2017,1,3,1,199,3.6226
2017,1,3,2,149,2.3275
2017,1,3,3,128,1.6093
2017,1,3,4,102,1.5250
2017,1,3,5,90,0.1172
2017,2,1,1,152,0.9827
2017,2,1,2,96,-0.2184
2017,2,1,3,91,-0.4889
2017,2,1,4,91,-0.0795
2017,2,1,5,188,-2.9600
2017,2,2,1,146,2.1109
2017,2,2,2,95,0.9050
2017,2,2,3,102,0.8550
2017,2,2,4,82,-0.9124
2017,2,2,5,81,0.1683
2017,2,3,1,199,3.4309
2017,2,3,2,148,4.9972
2017,2,3,3,127,3.4053
2017,2,3,4,102,4.0341
2017,2,3,5,90,1.0150
2017,3,1,1,151,0.2172
2017,3,1,2,95,1.8454
2017,3,1,3,91,2.2693
2017,3,1,4,91,4.1475
2017,3,1,5,188,-2.0518
2017,3,2,1,143,2.0967
2017,3,2,2,95,0.4945
2017,3,2,3,101,0.5372
2017,3,2,4,82,1.5989
2017,3,2,5,79,0.2950
2017,3,3,1,199,1.4665
2017,3,3,2,146,0.2887
2017,3,3,3,126,0.2921
2017,3,3,4,102,0.8277
2017,3,3,5,90,-1.0303
2017,4,1,1,150,2.8697
2017,4,1,2,95,2.1244
2017,4,1,3,89,3.1866
2017,4,1,4,91,4.5412
2017,4,1,5,186,1.2757
2017,4,2,1,142,1.8115
2017,4,2,2,94,0.9221
2017,4,2,3,100,2.3402
2017,4,2,4,81,1.6744
2017,4,2,5,79,1.0259
2017,4,3,1,199,3.1149
2017,4,3,2,145,1.1432
2017,4,3,3,125,0.6219
2017,4,3,4,102,0.8653
2017,4,3,5,90,-1.0742
2017,5,1,1,148,-2.0019
2017,5,1,2,95,-2.0491
2017,5,1,3,89,-3.7548
2017,5,1,4,90,-3.1559
2017,5,1,5,185,-4.6765
2017,5,2,1,140,1.2243
2017,5,2,2,93,-0.0750
2017,5,2,3,99,-1.5504
2017,5,2,4,79,-3.2813
2017,5,2,5,78,-2.0332
2017,5,3,1,198,3.5607
2017,5,3,2,145,1.0118
2017,5,3,3,124,0.5269
2017,5,3,4,102,2.5647
2017,5,3,5,90,-1.2070
2017,6,1,1,147,4.6246
2017,6,1,2,94,3.4667
2017,6,1,3,89,2.9723
2017,6,1,4,89,4.3875
2017,6,1,5,184,2.7181
2017,6,2,1,139,2.2637
2017,6,2,2,93,2.5480
2017,6,2,3,99,1.0211
2017,6,2,4,79,1.6680
2017,6,2,5,76,1.1790
2017,6,3,1,198,-1.2676
2017,6,3,2,145,1.5576
2017,6,3,3,124,1.2130
2017,6,3,4,102,-2.2705
2017,6,3,5,90,-0.0697
2017,7,1,1,168,-0.6002
2017,7,1,2,95,-0.8794
2017,7,1,3,72,0.3970
2017,7,1,4,111,-2.7987
2017,7,1,5,181,0.0798
2017,7,2,1,126,1.1865
2017,7,2,2,94,1.2995
2017,7,2,3,85,-0.7910
2017,7,2,4,80,2.7347
2017,7,2,5,93,1.6319
2017,7,3,1,194,3.6903
2017,7,3,2,154,1.1946
2017,7,3,3,139,1.6717
2017,7,3,4,113,0.8270
2017,7,3,5,95,3.7270
2017,8,1,1,167,-1.4287
2017,8,1,2,95,-3.1410
2017,8,1,3,72,-0.5141
2017,8,1,4,111,-4.2557
2017,8,1,5,181,-4.7573
2017,8,2,1,126,-0.7428
2017,8,2,2,94,-2.1923
2017,8,2,3,83,-1.9879
2017,8,2,4,80,-2.0805
2017,8,2,5,93,-0.8102
2017,8,3,1,193,0.2688
2017,8,3,2,154,0.3666
2017,8,3,3,137,0.5238
2017,8,3,4,113,2.3081
2017,8,3,5,95,0.0749
2017,9,1,1,167,6.8810
2017,9,1,2,93,8.2307
2017,9,1,3,72,9.6858
2017,9,1,4,109,9.3545
2017,9,1,5,180,8.0869
2017,9,2,1,126,5.6823
2017,9,2,2,94,7.5157
2017,9,2,3,83,6.6689
2017,9,2,4,80,6.8637
2017,9,2,5,91,6.2163
2017,9,3,1,193,0.9657
2017,9,3,2,154,2.3143
2017,9,3,3,137,3.1857
2017,9,3,4,112,0.1856
2017,9,3,5,95,2.0173
2017,10,1,1,166,1.4220
2017,10,1,2,92,1.8349
2017,10,1,3,72,-1.9236
2017,10,1,4,107,1.4995
2017,10,1,5,180,0.6663
2017,10,2,1,126,0.5427
2017,10,2,2,93,0.8000
2017,10,2,3,83,1.6258
2017,10,2,4,80,0.5695
2017,10,2,5,90,0.0100
2017,10,3,1,193,5.2384
2017,10,3,2,152,0.8140
2017,10,3,3,135,1.7241
2017,10,3,4,111,4.3271
2017,10,3,5,94,-2.5496
2017,11,1,1,166,2.7424
2017,11,1,2,90,2.7639
2017,11,1,3,72,1.6314
2017,11,1,4,105,6.9460
2017,11,1,5,178,6.6623
2017,11,2,1,125,1.3335
2017,11,2,2,93,5.4165
2017,11,2,3,83,3.9340
2017,11,2,4,80,3.3992
2017,11,2,5,89,3.7916
2017,11,3,1,192,1.8991
2017,11,3,2,152,3.0602
2017,11,3,3,134,4.1122
2017,11,3,4,110,3.7716
2017,11,3,5,94,3.5903
2017,12,1,1,166,-1.0362
2017,12,1,2,89,0.0776
2017,12,1,3,72,0.5059
2017,12,1,4,105,-0.6315
2017,12,1,5,177,0.1457
2017,12,2,1,124,0.5585
2017,12,2,2,92,-0.7307
2017,12,2,3,83,-0.1000
2017,12,2,4,80,1.6574
2017,12,2,5,88,1.5148
2017,12,3,1,191,0.3933
2017,12,3,2,151,1.4661
2017,12,3,3,133,1.6331
2017,12,3,4,109,0.6753
2017,12,3,5,94,1.6735
2018,1,1,1,164,1.3891
2018,1,1,2,89,1.2945
2018,1,1,3,72,1.0728
2018,1,1,4,104,-0.0691
2018,1,1,5,176,-2.1571
2018,1,2,1,123,2.7418
2018,1,2,2,92,0.7448
2018,1,2,3,83,1.8526
2018,1,2,4,79,1.0260
2018,1,2,5,88,4.2086
2018,1,3,1,190,9.6139
2018,1,3,2,151,5.0049
2018,1,3,3,133,6.0897
2018,1,3,4,109,2.8773
2018,1,3,5,94,3.1021
2018,2,1,1,164,-3.7866
2018,2,1,2,88,-4.3696
2018,2,1,3,71,-3.3793
2018,2,1,4,104,-6.9697
2018,2,1,5,175,-5.3000
2018,2,2,1,123,-4.2497
2018,2,2,2,91,-5.9256
2018,2,2,3,83,-4.1200
2018,2,2,4,77,-5.0611
2018,2,2,5,88,-3.3543
2018,2,3,1,190,-2.0010
2018,2,3,2,151,-4.9908
2018,2,3,3,133,-4.3156
2018,2,3,4,109,-3.0548
2018,2,3,5,94,-4.7751
2018,3,1,1,163,3.7453
2018,3,1,2,88,4.7043
2018,3,1,3,70,1.6171
2018,3,1,4,104,0.0382
2018,3,1,5,174,2.2586
2018,3,2,1,121,3.4531
2018,3,2,2,91,0.5554
2018,3,2,3,83,0.3356
2018,3,2,4,76,1.0105
2018,3,2,5,88,0.1350
2018,3,3,1,190,-2.1106
2018,3,3,2,151,-2.0512
2018,3,3,3,133,-3.5640
2018,3,3,4,109,-1.8599
2018,3,3,5,93,-1.1869
2018,4,1,1,163,3.4384
2018,4,1,2,87,0.4171
2018,4,1,3,70,1.7291
2018,4,1,4,104,-0.1583
2018,4,1,5,172,0.6470
2018,4,2,1,121,2.2317
2018,4,2,2,90,-0.7253
2018,4,2,3,83,1.4018
2018,4,2,4,76,0.9206
2018,4,2,5,87,-2.0168
2018,4,3,1,189,2.3005
2018,4,3,2,151,-0.8675
2018,4,3,3,133,0.5649
2018,4,3,4,109,-0.5594
2018,4,3,5,90,-1.1551
2018,5,1,1,162,9.5157
2018,5,1,2,87,4.0541
2018,5,1,3,70,9.3979
2018,5,1,4,102,1.1457
2018,5,1,5,171,6.0562
2018,5,2,1,120,6.9804
2018,5,2,2,90,5.9220
2018,5,2,3,83,5.9388
2018,5,2,4,76,8.7677
2018,5,2,5,86,3.2363
2018,5,3,1,188,4.6935
2018,5,3,2,150,2.4332
2018,5,3,3,132,2.0538
2018,5,3,4,109,3.6093
2018,5,3,5,90,0.1674
2018,6,1,1,160,2.4991
2018,6,1,2,86,2.1283
2018,6,1,3,70,1.5503
2018,6,1,4,102,1.9202
2018,6,1,5,171,4.5794
2018,6,2,1,119,2.9864
2018,6,2,2,90,1.0275
2018,6,2,3,83,0.3180
2018,6,2,4,75,2.1702
2018,6,2,5,86,0.4232
2018,6,3,1,187,1.9244
2018,6,3,2,150,1.6069
2018,6,3,3,132,-0.4961
2018,6,3,4,109,-0.5377
2018,6,3,5,90,1.2450
2018,7,1,1,141,1.9538
2018,7,1,2,104,1.0828
2018,7,1,3,97,1.4371
2018,7,1,4,94,0.2645
2018,7,1,5,166,1.2996
2018,7,2,1,127,2.8937
2018,7,2,2,100,4.1700
2018,7,2,3,106,1.4794
2018,7,2,4,87,2.3169
2018,7,2,5,94,1.0016
2018,7,3,1,206,4.0606
2018,7,3,2,168,3.0543
2018,7,3,3,115,3.0010
2018,7,3,4,115,3.3826
2018,7,3,5,81,2.9970
2018,8,1,1,141,4.3052
2018,8,1,2,104,1.2605
2018,8,1,3,97,2.9515
2018,8,1,4,94,4.4034
2018,8,1,5,166,2.8694
2018,8,2,1,127,10.0528
2018,8,2,2,100,2.2738
2018,8,2,3,106,1.7412
2018,8,2,4,87,0.5771
2018,8,2,5,94,2.0590
2018,8,3,1,205,4.5161
2018,8,3,2,168,3.2873
2018,8,3,3,112,5.9702
2018,8,3,4,114,1.3914
2018,8,3,5,81,1.9837
2018,9,1,1,139,-1.8796
2018,9,1,2,104,0.2182
2018,9,1,3,97,-5.0024
2018,9,1,4,94,-2.5897
2018,9,1,5,166,-3.0956
2018,9,2,1,126,-1.0801
2018,9,2,2,99,-3.0165
2018,9,2,3,105,-2.5886
2018,9,2,4,86,-3.1576
2018,9,2,5,94,-0.3350
2018,9,3,1,205,0.7947
2018,9,3,2,168,1.4918
2018,9,3,3,111,-0.5720
2018,9,3,4,114,1.9850
2018,9,3,5,81,-0.4308
2018,10,1,1,139,-11.5993
2018,10,1,2,104,-11.1970
2018,10,1,3,97,-10.5604
2018,10,1,4,94,-9.8178
2018,10,1,5,166,-9.1042
2018,10,2,1,126,-11.3122
2018,10,2,2,99,-11.6522
2018,10,2,3,105,-11.9058
2018,10,2,4,86,-7.9978
2018,10,2,5,94,-11.6903
2018,10,3,1,205,-11.2288
2018,10,3,2,168,-6.9080
2018,10,3,3,111,-3.9910
2018,10,3,4,114,-6.0790
2018,10,3,5,81,-4.0319
2018,11,1,1,138,-1.1228
2018,11,1,2,103,0.0508
2018,11,1,3,96,-0.2401
2018,11,1,4,94,-2.5925
2018,11,1,5,165,-4.5611
2018,11,2,1,126,0.8155
2018,11,2,2,99,1.4853
2018,11,2,3,105,2.9353
2018,11,2,4,84,-0.0775
2018,11,2,5,94,1.0408
2018,11,3,1,204,2.6812
2018,11,3,2,167,3.2613
2018,11,3,3,111,-4.3870
2018,11,3,4,111,3.1713
2018,11,3,5,81,1.5417
2018,12,1,1,138,-10.6546
2018,12,1,2,100,-10.0208
2018,12,1,3,96,-10.7656
2018,12,1,4,94,-10.2160
2018,12,1,5,164,-13.5364
2018,12,2,1,125,-11.9429
2018,12,2,2,99,-10.8325
2018,12,2,3,105,-12.6686
2018,12,2,4,84,-11.0134
2018,12,2,5,93,-14.6841
2018,12,3,1,204,-8.3156
2018,12,3,2,166,-7.4855
2018,12,3,3,110,-9.0008
2018,12,3,4,111,-9.6368
2018,12,3,5,79,-10.8325
2019,1,1,1,136,12.2191
2019,1,1,2,100,7.6975
2019,1,1,3,96,11.3494
2019,1,1,4,94,11.2415
2019,1,1,5,163,10.4059
2019,1,2,1,125,11.1726
2019,1,2,2,99,10.9152
2019,1,2,3,105,12.3550
2019,1,2,4,83,10.0061
2019,1,2,5,93,14.6140
2019,1,3,1,204,8.9778
2019,1,3,2,166,8.0234
2019,1,3,3,110,6.4748
2019,1,3,4,111,6.2502
2019,1,3,5,77,8.4917
2019,2,1,1,135,4.3457
2019,2,1,2,100,4.2054
2019,2,1,3,96,5.0462
2019,2,1,4,94,3.4580
2019,2,1,5,161,5.2802
2019,2,2,1,123,7.3634
2019,2,2,2,99,3.7635
2019,2,2,3,105,2.8427
2019,2,2,4,83,3.8246
2019,2,2,5,93,3.4492
2019,2,3,1,204,2.8827
2019,2,3,2,165,5.2800
2019,2,3,3,110,4.2603
2019,2,3,4,111,1.5065
2019,2,3,5,77,2.5056
2019,3,1,1,134,-1.6703
2019,3,1,2,100,-4.3851
2019,3,1,3,96,-2.1648
2019,3,1,4,93,-1.3063
2019,3,1,5,161,-5.8447
2019,3,2,1,121,-0.7808
2019,3,2,2,99,-2.3996
2019,3,2,3,105,-2.2174
2019,3,2,4,82,-2.7387
2019,3,2,5,93,-2.5244
2019,3,3,1,203,3.4588
2019,3,3,2,165,2.1575
2019,3,3,3,110,3.7231
2019,3,3,4,110,0.5778
2019,3,3,5,76,0.4746
2019,4,1,1,134,3.2108
2019,4,1,2,100,-0.2785
2019,4,1,3,94,1.6298
2019,4,1,4,91,5.2991
2019,4,1,5,157,1.7103
2019,4,2,1,121,3.0344
2019,4,2,2,98,4.2707
2019,4,2,3,105,4.9021
2019,4,2,4,81,5.1237
2019,4,2,5,93,3.6754
2019,4,3,1,203,3.5761
2019,4,3,2,163,5.0870
2019,4,3,3,110,4.3675
2019,4,3,4,110,1.6010
2019,4,3,5,76,4.1535
2019,5,1,1,134,-5.7753
2019,5,1,2,100,-5.9085
2019,5,1,3,94,-11.0210
2019,5,1,4,89,-8.6708
2019,5,1,5,156,-10.3731
2019,5,2,1,121,-8.4198
2019,5,2,2,98,-10.0800
2019,5,2,3,105,-8.6113
2019,5,2,4,81,-10.2173
2019,5,2,5,93,-12.3891
2019,5,3,1,200,-6.7836
2019,5,3,2,163,-6.2590
2019,5,3,3,110,-8.4565
2019,5,3,4,110,-7.0179
2019,5,3,5,76,-6.7847
2019,6,1,1,134,4.6622
2019,6,1,2,100,5.3902
2019,6,1,3,94,6.7265
2019,6,1,4,87,7.6635
2019,6,1,5,155,5.5255
2019,6,2,1,121,7.2689
2019,6,2,2,98,9.6100
2019,6,2,3,105,8.3836
2019,6,2,4,81,9.5124
2019,6,2,5,93,6.3888
2019,6,3,1,199,6.3223
2019,6,3,2,163,7.6090
2019,6,3,3,110,9.0831
2019,6,3,4,110,7.0339
2019,6,3,5,76,7.0971
2019,7,1,1,144,-0.4637
2019,7,1,2,96,1.0828
2019,7,1,3,81,-1.6408
2019,7,1,4,86,-0.7888
2019,7,1,5,162,-2.0442
2019,7,2,1,138,0.1307
2019,7,2,2,93,0.9476
2019,7,2,3,96,-0.2956
2019,7,2,4,95,1.2358
2019,7,2,5,97,-2.8746
2019,7,3,1,236,0.7262
2019,7,3,2,162,1.6549
2019,7,3,3,126,2.5239
2019,7,3,4,118,0.6549
2019,7,3,5,61,1.5644
2019,8,1,1,143,-6.4775
2019,8,1,2,96,-5.5495
2019,8,1,3,81,-8.6755
2019,8,1,4,86,-7.7003
2019,8,1,5,160,-10.5465
2019,8,2,1,138,-4.5473
2019,8,2,2,92,-5.0763
2019,8,2,3,96,-5.8815
2019,8,2,4,94,-5.8909
2019,8,2,5,95,-11.5747
2019,8,3,1,234,-1.0695
2019,8,3,2,161,-0.7504
2019,8,3,3,126,-0.7000
2019,8,3,4,118,-3.2722
2019,8,3,5,60,-3.7758
2019,9,1,1,143,-0.0467
2019,9,1,2,96,4.9238
2019,9,1,3,80,7.0793
2019,9,1,4,85,6.7449
2019,9,1,5,158,9.9052
2019,9,2,1,138,0.8058
2019,9,2,2,92,3.9174
2019,9,2,3,96,5.0483
2019,9,2,4,94,5.7493
2019,9,2,5,95,5.2104
2019,9,3,1,234,-0.0909
2019,9,3,2,161,1.2275
2019,9,3,3,126,3.9601
2019,9,3,4,118,3.6920
2019,9,3,5,59,4.5152
2019,10,1,1,141,2.0357
2019,10,1,2,96,1.7626
2019,10,1,3,80,0.1921
2019,10,1,4,85,2.7562
2019,10,1,5,156,-5.2278
2019,10,2,1,137,2.2797
2019,10,2,2,92,2.2116
2019,10,2,3,96,2.7618
2019,10,2,4,92,3.3511
2019,10,2,5,95,-0.9163
2019,10,3,1,234,1.8997
2019,10,3,2,160,1.4576
2019,10,3,3,126,3.7016
2019,10,3,4,117,1.4581
2019,10,3,5,59,1.4178
2019,11,1,1,140,4.0482
2019,11,1,2,95,-0.3876
2019,11,1,3,80,3.9588
2019,11,1,4,85,3.6951
2019,11,1,5,156,1.6467
2019,11,2,1,134,1.4740
2019,11,2,2,90,1.4507
2019,11,2,3,95,3.0185
2019,11,2,4,92,4.0045
2019,11,2,5,94,2.9585
2019,11,3,1,233,3.6362
2019,11,3,2,159,3.7139
2019,11,3,3,126,4.0303
2019,11,3,4,117,2.0829
2019,11,3,5,59,1.0126
2019,12,1,1,139,2.7522
2019,12,1,2,95,0.2707
2019,12,1,3,80,5.8195
2019,12,1,4,84,2.0973
2019,12,1,5,154,10.0642
2019,12,2,1,133,2.9134
2019,12,2,2,90,3.2727
2019,12,2,3,94,3.0720
2019,12,2,4,91,3.1357
2019,12,2,5,94,7.3390
2019,12,3,1,233,2.7905
2019,12,3,2,159,2.1284
2019,12,3,3,125,4.6906
2019,12,3,4,117,2.6479
2019,12,3,5,59,5.3081
2020,1,1,1,137,-2.5163
2020,1,1,2,94,-3.2232
2020,1,1,3,80,-7.3915
2020,1,1,4,84,-5.0394
2020,1,1,5,151,-12.8583
2020,1,2,1,132,-2.0365
2020,1,2,2,90,-2.6431
2020,1,2,3,93,-5.1118
2020,1,2,4,89,-5.0532
2020,1,2,5,92,-10.3624
2020,1,3,1,233,3.1303
2020,1,3,2,159,-0.5062
2020,1,3,3,124,1.6303
2020,1,3,4,116,-3.4872
2020,1,3,5,59,-6.6572
2020,2,1,1,137,-4.4713
2020,2,1,2,94,-6.9115
2020,2,1,3,80,-12.1055
2020,2,1,4,84,-7.5119
2020,2,1,5,151,-9.9310
2020,2,2,1,132,-7.8429
2020,2,2,2,89,-9.1198
2020,2,2,3,93,-10.7042
2020,2,2,4,89,-11.5543
2020,2,2,5,90,-12.5005
2020,2,3,1,233,-6.2201
2020,2,3,2,159,-7.2036
2020,2,3,3,124,-10.0586
2020,2,3,4,116,-9.9614
2020,2,3,5,59,-7.3006
2020,3,1,1,137,-18.0585
2020,3,1,2,94,-22.9730
2020,3,1,3,79,-20.7638
2020,3,1,4,83,-26.8336
2020,3,1,5,150,-33.2248
2020,3,2,1,132,-18.4786
2020,3,2,2,89,-18.4623
2020,3,2,3,93,-22.2669
2020,3,2,4,88,-29.6468
2020,3,2,5,90,-34.4875
2020,3,3,1,233,-6.4852
2020,3,3,2,159,-12.6641
2020,3,3,3,124,-11.5012
2020,3,3,4,116,-18.1556
2020,3,3,5,59,-24.1130
2020,4,1,1,135,10.6954
2020,4,1,2,94,14.9521
2020,4,1,3,79,13.4966
2020,4,1,4,82,18.3253
2020,4,1,5,150,22.8709
2020,4,2,1,132,14.1894
2020,4,2,2,89,12.4147
2020,4,2,3,93,13.2243
2020,4,2,4,88,18.3692
2020,4,2,5,88,29.1564
2020,4,3,1,232,14.1994
2020,4,3,2,159,13.6684
2020,4,3,3,124,11.9096
2020,4,3,4,115,13.9068
2020,4,3,5,59,12.4369
2020,5,1,1,133,7.5523
2020,5,1,2,94,3.3645
2020,5,1,3,79,4.6188
2020,5,1,4,80,9.3694
2020,5,1,5,149,3.7732
2020,5,2,1,132,7.8502
2020,5,2,2,89,7.3281
2020,5,2,3,92,7.4860
2020,5,2,4,88,9.3216
2020,5,2,5,88,7.9432
2020,5,3,1,232,5.4624
2020,5,3,2,157,4.9485
2020,5,3,3,124,6.2363
2020,5,3,4,114,4.9272
2020,5,3,5,58,2.5910
2020,6,1,1,133,12.4648
2020,6,1,2,94,4.0433
2020,6,1,3,79,8.7035
2020,6,1,4,80,7.2677
2020,6,1,5,144,2.5036
2020,6,2,1,132,4.3989
2020,6,2,2,89,2.7985
2020,6,2,3,92,2.3933
2020,6,2,4,88,3.2411
2020,6,2,5,88,3.0598
2020,6,3,1,232,4.8063
2020,6,3,2,157,-1.2915
2020,6,3,3,123,5.4262
2020,6,3,4,114,-0.5000
2020,6,3,5,58,2.9187
2020,7,1,1,155,2.4043
2020,7,1,2,46,-0.0145
2020,7,1,3,87,2.2672
2020,7,1,4,80,-1.6781
2020,7,1,5,159,2.8623
2020,7,2,1,114,5.4012
2020,7,2,2,88,4.7058
2020,7,2,3,99,2.7170
2020,7,2,4,88,9.1434
2020,7,2,5,86,1.6579
2020,7,3,1,228,7.6525
2020,7,3,2,175,7.8597
2020,7,3,3,143,5.4719
2020,7,3,4,107,2.0557
2020,7,3,5,51,4.7310
2020,8,1,1,154,6.4026
2020,8,1,2,46,8.6109
2020,8,1,3,87,5.1638
2020,8,1,4,80,12.1052
2020,8,1,5,157,12.2670
2020,8,2,1,114,3.3628
2020,8,2,2,88,4.1797
2020,8,2,3,98,5.1297
2020,8,2,4,88,7.2637
2020,8,2,5,86,9.9060
2020,8,3,1,228,9.8395
2020,8,3,2,175,9.6215
2020,8,3,3,141,5.2009
2020,8,3,4,107,2.4368
2020,8,3,5,51,7.7794
2020,9,1,1,153,1.3157
2020,9,1,2,46,-4.6138
2020,9,1,3,87,-6.3151
2020,9,1,4,80,-1.2316
2020,9,1,5,154,-6.1849
2020,9,2,1,113,-2.0905
2020,9,2,2,88,-4.0358
2020,9,2,3,98,-3.6608
2020,9,2,4,88,-2.5357
2020,9,2,5,86,-6.1918
2020,9,3,1,228,-4.1179
2020,9,3,2,175,-5.5703
2020,9,3,3,140,-0.5604
2020,9,3,4,107,-2.1848
2020,9,3,5,51,-3.2247
2020,10,1,1,152,-3.8570
2020,10,1,2,46,3.7929
2020,10,1,3,86,1.5162
2020,10,1,4,80,-0.6671
2020,10,1,5,152,-0.4733
2020,10,2,1,113,1.0833
2020,10,2,2,88,3.8691
2020,10,2,3,98,1.2176
2020,10,2,4,88,-0.6783
2020,10,2,5,86,3.7043
2020,10,3,1,228,-3.6068
2020,10,3,2,175,-1.3340
2020,10,3,3,140,-1.7126
2020,10,3,4,107,-3.1889
2020,10,3,5,51,-1.7405
2020,11,1,1,149,25.0909
2020,11,1,2,46,21.0846
2020,11,1,3,86,19.9145
2020,11,1,4,80,23.9601
2020,11,1,5,150,27.6324
2020,11,2,1,112,17.9605
2020,11,2,2,88,18.0892
2020,11,2,3,98,17.9456
2020,11,2,4,88,19.9144
2020,11,2,5,86,21.2752
2020,11,3,1,228,9.8667
2020,11,3,2,174,10.8006
2020,11,3,3,139,9.9314
2020,11,3,4,107,13.1039
2020,11,3,5,51,17.2915
2020,12,1,1,149,9.9461
2020,12,1,2,46,8.3934
2020,12,1,3,86,6.6951
2020,12,1,4,80,12.4889
2020,12,1,5,149,9.5254
2020,12,2,1,112,10.7267
2020,12,2,2,88,8.8728
2020,12,2,3,98,6.7815
2020,12,2,4,88,6.9716
2020,12,2,5,86,10.2344
2020,12,3,1,228,4.7659
2020,12,3,2,174,4.6252
2020,12,3,3,139,3.0132
2020,12,3,4,107,1.9409
2020,12,3,5,51,3.0419
2021,1,1,1,147,7.2615
2021,1,1,2,45,8.2707
2021,1,1,3,86,6.2898
2021,1,1,4,80,6.8444
2021,1,1,5,147,18.5470
2021,1,2,1,112,6.7474
2021,1,2,2,88,0.7103
2021,1,2,3,98,6.3409
2021,1,2,4,88,2.6828
2021,1,2,5,86,7.4687
2021,1,3,1,228,-0.1551
2021,1,3,2,174,-1.0153
2021,1,3,3,138,-0.3202
2021,1,3,4,107,0.3654
2021,1,3,5,50,2.2963
2021,2,1,1,147,-3.5979
2021,2,1,2,45,11.1485
2021,2,1,3,85,6.2396
2021,2,1,4,80,17.9732
2021,2,1,5,147,11.3371
2021,2,2,1,112,7.8697
2021,2,2,2,88,11.0657
2021,2,2,3,97,4.8304
2021,2,2,4,87,12.7912
2021,2,2,5,86,12.0727
2021,2,3,1,228,-0.5301
2021,2,3,2,173,0.4841
2021,2,3,3,137,4.7418
2021,2,3,4,107,5.8214
2021,2,3,5,48,9.4089
2021,3,1,1,147,-8.1677
2021,3,1,2,44,3.2749
2021,3,1,3,85,5.4653
2021,3,1,4,80,5.8444
2021,3,1,5,146,8.5133
2021,3,2,1,111,-2.8910
2021,3,2,2,87,2.7742
2021,3,2,3,97,4.4697
2021,3,2,4,87,4.8583
2021,3,2,5,85,7.6852
2021,3,3,1,228,0.6282
2021,3,3,2,173,4.3442
2021,3,3,3,137,6.7309
2021,3,3,4,107,6.3316
2021,3,3,5,48,5.1133
2021,4,1,1,147,-2.1071
2021,4,1,2,44,-0.3714
2021,4,1,3,85,3.1265
2021,4,1,4,80,4.2819
2021,4,1,5,144,-0.4126
2021,4,2,1,111,3.1792
2021,4,2,2,87,3.3602
2021,4,2,3,97,0.5607
2021,4,2,4,87,2.0456
2021,4,2,5,85,2.7015
2021,4,3,1,227,6.2281
2021,4,3,2,173,5.6940
2021,4,3,3,137,3.9615
2021,4,3,4,107,2.4817
2021,4,3,5,48,3.0937
2021,5,1,1,146,-2.0527
2021,5,1,2,44,0.6687
2021,5,1,3,83,4.6146
2021,5,1,4,80,-0.1170
2021,5,1,5,142,21.8282
2021,5,2,1,109,-1.9536
2021,5,2,2,87,3.4680
2021,5,2,3,97,2.8818
2021,5,2,4,86,2.7807
2021,5,2,5,85,5.9229
2021,5,3,1,224,-1.6591
2021,5,3,2,173,-0.0764
2021,5,3,3,137,1.4727
2021,5,3,4,107,2.0183
2021,5,3,5,48,4.4699
2021,6,1,1,146,4.0802
2021,6,1,2,43,0.4745
2021,6,1,3,82,0.6029
2021,6,1,4,78,3.1530
2021,6,1,5,142,22.8810
2021,6,2,1,108,5.1405
2021,6,2,2,86,0.6741
2021,6,2,3,97,-0.8623
2021,6,2,4,86,-2.6252
2021,6,2,5,85,1.1955
2021,6,3,1,223,6.4081
2021,6,3,2,173,3.0903
2021,6,3,3,136,-0.9107
2021,6,3,4,107,-0.5590
2021,6,3,5,48,-1.4432
2021,7,1,1,90,-0.2595
2021,7,1,2,56,1.0531
2021,7,1,3,67,-0.1389
2021,7,1,4,71,-2.2138
2021,7,1,5,129,-3.7844
2021,7,2,1,108,-2.5357
2021,7,2,2,89,-0.2011
2021,7,2,3,74,0.2238
2021,7,2,4,89,-1.5932
2021,7,2,5,72,-1.1598
2021,7,3,1,203,2.7210
2021,7,3,2,160,4.0258
2021,7,3,3,120,1.9040
2021,7,3,4,89,0.2856
2021,7,3,5,62,-1.2230
2021,8,1,1,90,2.1093
2021,8,1,2,56,1.5819
2021,8,1,3,67,1.5199
2021,8,1,4,71,-1.1055
2021,8,1,5,128,3.2892
2021,8,2,1,108,1.0295
2021,8,2,2,88,1.5288
2021,8,2,3,73,0.2446
2021,8,2,4,89,0.1588
2021,8,2,5,72,1.6330
2021,8,3,1,202,4.5296
2021,8,3,2,159,2.8016
2021,8,3,3,120,1.9058
2021,8,3,4,89,1.3156
2021,8,3,5,62,1.1092
2021,9,1,1,89,-6.0547
2021,9,1,2,55,-4.9292
2021,9,1,3,67,-1.0892
2021,9,1,4,71,-3.3596
2021,9,1,5,128,-1.9860
2021,9,2,1,108,-3.0254
2021,9,2,2,88,-4.5494
2021,9,2,3,73,-3.3268
2021,9,2,4,88,-4.8581
2021,9,2,5,71,-1.0365
2021,9,3,1,201,-5.2920
2021,9,3,2,159,-6.4151
2021,9,3,3,120,-5.0856
2021,9,3,4,89,-3.9994
2021,9,3,5,62,-1.8094
2021,10,1,1,87,4.7346
2021,10,1,2,55,3.8079
2021,10,1,3,67,3.4954
2021,10,1,4,71,4.6958
2021,10,1,5,128,4.6950
2021,10,2,1,108,3.2366
2021,10,2,2,88,4.1126
2021,10,2,3,73,4.9708
2021,10,2,4,87,4.8071
2021,10,2,5,71,3.2938
2021,10,3,1,200,10.2743
2021,10,3,2,159,6.0999
2021,10,3,3,120,5.6462
2021,10,3,4,89,1.4569
2021,10,3,5,62,2.1267
2021,11,1,1,87,-6.1109
2021,11,1,2,55,1.1428
2021,11,1,3,64,-4.8529
2021,11,1,4,71,-3.7959
2021,11,1,5,128,-2.5613
2021,11,2,1,107,-5.7209
2021,11,2,2,87,0.9130
2021,11,2,3,73,-1.3811
2021,11,2,4,87,-0.9053
2021,11,2,5,71,-0.3674
2021,11,3,1,200,1.4046
2021,11,3,2,159,-0.3332
2021,11,3,3,120,-2.6328
2021,11,3,4,89,-3.1138
2021,11,3,5,62,-0.5125
2021,12,1,1,87,3.6849
2021,12,1,2,55,2.3563
2021,12,1,3,63,5.3415
2021,12,1,4,71,3.6662
2021,12,1,5,126,3.4542
2021,12,2,1,107,4.5482
2021,12,2,2,85,4.3269
2021,12,2,3,73,4.4443
2021,12,2,4,85,6.7222
2021,12,2,5,70,5.5610
2021,12,3,1,200,0.6366
2021,12,3,2,159,6.6764
2021,12,3,3,120,6.3318
2021,12,3,4,89,6.6956
2021,12,3,5,62,6.0125
2022,1,1,1,86,-8.7531
2022,1,1,2,54,-6.1016
2022,1,1,3,63,-6.0915
2022,1,1,4,71,-7.5622
2022,1,1,5,125,-6.6660
2022,1,2,1,106,-9.0860
2022,1,2,2,85,-10.3874
2022,1,2,3,73,-8.5337
2022,1,2,4,85,-6.1230
2022,1,2,5,70,-7.4139
2022,1,3,1,200,-9.2311
2022,1,3,2,158,-5.9080
2022,1,3,3,119,-4.4225
2022,1,3,4,89,0.8116
2022,1,3,5,62,-1.0348
2022,2,1,1,86,0.9258
2022,2,1,2,54,-3.9103
2022,2,1,3,63,5.3245
2022,2,1,4,71,-0.9957
2022,2,1,5,125,5.0379
2022,2,2,1,106,3.3451
2022,2,2,2,84,-0.8209
2022,2,2,3,73,1.2466
2022,2,2,4,85,0.5498
2022,2,2,5,70,-0.0097
2022,2,3,1,200,-3.0221
2022,2,3,2,158,-4.8750
2022,2,3,3,119,-1.2672
2022,2,3,4,89,2.0168
2022,2,3,5,62,-1.5006
2022,3,1,1,86,3.0225
2022,3,1,2,54,1.1718
2022,3,1,3,63,2.9962
2022,3,1,4,70,-0.5078
2022,3,1,5,125,1.7076
2022,3,2,1,106,0.3728
2022,3,2,2,84,0.1531
2022,3,2,3,73,3.1223
2022,3,2,4,85,-1.0700
2022,3,2,5,70,3.3246
2022,3,3,1,199,4.8488
2022,3,3,2,158,3.6767
2022,3,3,3,119,4.1946
2022,3,3,4,89,5.2904
2022,3,3,5,62,1.8794
2022,4,1,1,86,-9.7352
2022,4,1,2,54,-8.2133
2022,4,1,3,62,-3.9264
2022,4,1,4,70,-5.4245
2022,4,1,5,124,-3.7094
2022,4,2,1,106,-8.3983
2022,4,2,2,84,-7.5389
2022,4,2,3,73,-6.6794
2022,4,2,4,85,-5.8977
2022,4,2,5,69,-4.4569
2022,4,3,1,198,-14.0222
2022,4,3,2,158,-6.7977
2022,4,3,3,119,-4.5610
2022,4,3,4,89,-5.3876
2022,4,3,5,62,-6.7380
2022,5,1,1,86,-0.1360
2022,5,1,2,54,-2.2657
2022,5,1,3,61,1.7073
2022,5,1,4,70,3.3232
2022,5,1,5,123,3.2353
2022,5,2,1,105,-0.0061
2022,5,2,2,83,2.4106
2022,5,2,3,73,1.5567
2022,5,2,4,85,5.5016
2022,5,2,5,69,3.2004
2022,5,3,1,198,-3.2914
2022,5,3,2,158,0.5879
2022,5,3,3,119,-1.2662
2022,5,3,4,89,4.5647
2022,5,3,5,60,4.4167
2022,6,1,1,85,-8.1428
2022,6,1,2,53,-3.3544
2022,6,1,3,61,-8.8798
2022,6,1,4,69,-3.6276
2022,6,1,5,123,-10.5228
2022,6,2,1,104,-6.9677
2022,6,2,2,83,-6.0294
2022,6,2,3,73,-7.5433
2022,6,2,4,85,-8.6647
2022,6,2,5,69,-13.0505
2022,6,3,1,197,-8.2930
2022,6,3,2,158,-5.9092
2022,6,3,3,119,-8.0744
2022,6,3,4,89,-10.8434
2022,6,3,5,60,-10.8427
2022,7,1,1,119,7.9882
2022,7,1,2,70,8.1383
2022,7,1,3,94,9.0965
2022,7,1,4,79,5.7604
2022,7,1,5,160,9.6146
2022,7,2,1,127,12.2883
2022,7,2,2,89,11.3534
2022,7,2,3,92,8.7001
2022,7,2,4,89,11.8800
2022,7,2,5,100,11.9348
2022,7,3,1,232,15.7114
2022,7,3,2,182,6.6555
2022,7,3,3,138,3.8105
2022,7,3,4,130,6.5367
2022,7,3,5,80,6.1026
2022,8,1,1,118,1.2545
2022,8,1,2,70,-1.2443
2022,8,1,3,94,-1.5735
2022,8,1,4,79,-0.5827
2022,8,1,5,160,-2.9371
2022,8,2,1,127,-1.3128
2022,8,2,2,88,-4.1068
2022,8,2,3,92,-4.8521
2022,8,2,4,89,-3.9978
2022,8,2,5,99,-3.3205
2022,8,3,1,230,-5.3746
2022,8,3,2,180,-3.9758
2022,8,3,3,138,-2.9997
2022,8,3,4,129,-3.3017
2022,8,3,5,78,-1.0655
2022,9,1,1,117,-13.0941
2022,9,1,2,70,-10.5958
2022,9,1,3,94,-10.7740
2022,9,1,4,77,-14.4499
2022,9,1,5,160,-14.1229
2022,9,2,1,127,-8.0791
2022,9,2,2,88,-9.0536
2022,9,2,3,92,-10.5392
2022,9,2,4,89,-11.3610
2022,9,2,5,98,-14.4520
2022,9,3,1,230,-9.8375
2022,9,3,2,180,-9.6061
2022,9,3,3,138,-6.4471
2022,9,3,4,129,-9.0245
2022,9,3,5,78,-11.5702
2022,10,1,1,116,8.4065
2022,10,1,2,70,12.9112
2022,10,1,3,94,12.7196
2022,10,1,4,77,13.8990
2022,10,1,5,156,14.6500
2022,10,2,1,126,5.7269
2022,10,2,2,88,14.5090
2022,10,2,3,92,16.1227
2022,10,2,4,89,13.0762
2022,10,2,5,98,15.1555
2022,10,3,1,230,4.2825
2022,10,3,2,179,4.1527
2022,10,3,3,138,12.2958
2022,10,3,4,128,11.9104
2022,10,3,5,78,17.2326
2022,11,1,1,115,-1.2015
2022,11,1,2,70,3.1391
2022,11,1,3,94,2.0819
2022,11,1,4,76,1.9745
2022,11,1,5,154,2.0158
2022,11,2,1,125,0.8555
2022,11,2,2,88,3.1605
2022,11,2,3,92,4.2644
2022,11,2,4,89,3.6568
2022,11,2,5,98,4.0707
2022,11,3,1,229,3.3078
2022,11,3,2,177,8.4014
2022,11,3,3,137,6.5053
2022,11,3,4,128,6.7975
2022,11,3,5,78,3.3400
2022,12,1,1,114,-3.6280
2022,12,1,2,69,-4.9024
2022,12,1,3,91,-6.7307
2022,12,1,4,76,-5.9466
2022,12,1,5,154,-5.5725
2022,12,2,1,124,-6.6419
2022,12,2,2,88,-6.4282
2022,12,2,3,92,-5.7035
2022,12,2,4,89,-8.0605
2022,12,2,5,97,-4.0227
2022,12,3,1,229,-9.3266
2022,12,3,2,176,-4.5133
2022,12,3,3,137,-2.8219
2022,12,3,4,128,-3.6750
2022,12,3,5,77,-5.6607
2023,1,1,1,113,13.8370
2023,1,1,2,69,12.3591
2023,1,1,3,90,11.5771
2023,1,1,4,76,11.2346
2023,1,1,5,153,9.8983
2023,1,2,1,123,13.0900
2023,1,2,2,88,10.7701
2023,1,2,3,91,8.8147
2023,1,2,4,89,11.3983
2023,1,2,5,97,11.9868
2023,1,3,1,228,10.7814
2023,1,3,2,175,4.9865
2023,1,3,3,137,0.0743
2023,1,3,4,128,3.8229
2023,1,3,5,77,7.8203
2023,2,1,1,113,-3.5616
2023,2,1,2,69,-1.9683
2023,2,1,3,89,-2.3955
2023,2,1,4,75,-1.7615
2023,2,1,5,153,0.4517
2023,2,2,1,123,-1.8606
2023,2,2,2,88,-2.0383
2023,2,2,3,91,-0.2774
2023,2,2,4,88,-3.2336
2023,2,2,5,97,-1.8822
2023,2,3,1,228,-0.4663
2023,2,3,2,175,-2.8337
2023,2,3,3,137,-2.7852
2023,2,3,4,128,-4.0806
2023,2,3,5,77,-6.2943
2023,3,1,1,113,-4.7135
2023,3,1,2,69,-11.8247
2023,3,1,3,88,-4.0519
2023,3,1,4,74,-8.7127
2023,3,1,5,152,-4.9141
2023,3,2,1,121,1.4530
2023,3,2,2,88,-2.0388
2023,3,2,3,91,-2.1666
2023,3,2,4,88,-3.1940
2023,3,2,5,97,-4.5535
2023,3,3,1,227,8.4670
2023,3,3,2,175,6.3964
2023,3,3,3,136,0.9839
2023,3,3,4,128,1.6747
2023,3,3,5,77,0.7742
2023,4,1,1,112,-5.3881
2023,4,1,2,68,-6.8163
2023,4,1,3,88,-3.6148
2023,4,1,4,74,-1.2816
2023,4,1,5,151,-2.0996
2023,4,2,1,119,-0.9201
2023,4,2,2,87,-3.2366
2023,4,2,3,91,-2.6387
2023,4,2,4,88,-1.4244
2023,4,2,5,95,-0.9025
2023,4,3,1,227,0.7487
2023,4,3,2,174,1.7091
2023,4,3,3,136,0.6321
2023,4,3,4,128,1.6025
2023,4,3,5,77,0.8621
2023,5,1,1,112,3.9062
2023,5,1,2,68,-0.9478
2023,5,1,3,88,-0.4978
2023,5,1,4,73,-2.5968
2023,5,1,5,151,-2.4368
2023,5,2,1,119,-0.4742
2023,5,2,2,87,-2.4753
2023,5,2,3,91,2.9715
2023,5,2,4,88,-1.6164
2023,5,2,5,95,-4.7272
2023,5,3,1,227,6.2854
2023,5,3,2,174,2.0065
2023,5,3,3,136,-4.5037
2023,5,3,4,128,-5.3400
2023,5,3,5,77,-7.9869
2023,6,1,1,112,7.7743
2023,6,1,2,68,6.5923
2023,6,1,3,88,8.8790
2023,6,1,4,71,9.7050
2023,6,1,5,150,11.4408
2023,6,2,1,119,7.9544
2023,6,2,2,87,10.7091
2023,6,2,3,91,10.0735
2023,6,2,4,88,8.3769
2023,6,2,5,94,13.1408
2023,6,3,1,226,8.3010
2023,6,3,2,174,4.9969
2023,6,3,3,136,6.0849
2023,6,3,4,128,5.8535
2023,6,3,5,77,8.2086
2023,7,1,1,103,1.6067
2023,7,1,2,57,7.1902
2023,7,1,3,69,4.3975
2023,7,1,4,108,5.8419
2023,7,1,5,146,9.9412
2023,7,2,1,117,5.1662
2023,7,2,2,90,1.7279
2023,7,2,3,92,3.3727
2023,7,2,4,104,4.2664
2023,7,2,5,78,9.1556
2023,7,3,1,212,2.2831
2023,7,3,2,172,2.9069
2023,7,3,3,148,5.2914
2023,7,3,4,107,3.9221
2023,7,3,5,74,6.1861
2023,8,1,1,102,-3.4938
2023,8,1,2,57,-9.0121
2023,8,1,3,69,-1.1822
2023,8,1,4,108,-3.7107
2023,8,1,5,144,-5.7000
2023,8,2,1,116,-5.4209
2023,8,2,2,90,-2.8363
2023,8,2,3,92,-5.2838
2023,8,2,4,104,-4.6051
2023,8,2,5,78,-1.2567
2023,8,3,1,211,-0.0929
2023,8,3,2,172,-1.7081
2023,8,3,3,148,-4.8935
2023,8,3,4,107,-0.8993
2023,8,3,5,74,0.1294
2023,9,1,1,101,-7.9737
2023,9,1,2,57,-5.1712
2023,9,1,3,69,-4.6137
2023,9,1,4,108,-1.3995
2023,9,1,5,144,-5.5417
2023,9,2,1,114,-6.1913
2023,9,2,2,90,-5.7200
2023,9,2,3,92,-5.0894
2023,9,2,4,104,-5.1482
2023,9,2,5,78,-1.0308
2023,9,3,1,211,-5.8007
2023,9,3,2,172,-5.6379
2023,9,3,3,148,-3.8157
2023,9,3,4,106,-1.5373
2023,9,3,5,73,-2.5549
2023,10,1,1,101,-6.7556
2023,10,1,2,57,-4.4184
2023,10,1,3,69,-5.3529
2023,10,1,4,108,-6.5615
2023,10,1,5,143,-6.1303
2023,10,2,1,113,-8.7991
2023,10,2,2,90,-4.8107
2023,10,2,3,91,-5.5508
2023,10,2,4,104,-5.1187
2023,10,2,5,77,-4.3099
2023,10,3,1,211,-1.3709
2023,10,3,2,172,-2.0181
2023,10,3,3,147,-3.7827
2023,10,3,4,105,-6.7219
2023,10,3,5,73,-2.8046
2023,11,1,1,98,3.9587
2023,11,1,2,57,8.2955
2023,11,1,3,68,5.8496
2023,11,1,4,107,7.6690
2023,11,1,5,143,7.7480
2023,11,2,1,113,5.9979
2023,11,2,2,90,7.3744
2023,11,2,3,91,7.8325
2023,11,2,4,102,8.9592
2023,11,2,5,77,7.0213
2023,11,3,1,209,11.5616
2023,11,3,2,172,7.0293
2023,11,3,3,147,8.6446
2023,11,3,4,105,4.6283
2023,11,3,5,73,6.1045
2023,12,1,1,98,8.9211
2023,12,1,2,57,15.7377
2023,12,1,3,68,8.4757
2023,12,1,4,107,6.7618
2023,12,1,5,143,12.6095
2023,12,2,1,112,9.6927
2023,12,2,2,88,9.7547
2023,12,2,3,91,10.9181
2023,12,2,4,102,9.8402
2023,12,2,5,75,10.2713
2023,12,3,1,209,3.5468
2023,12,3,2,172,5.4567
2023,12,3,3,147,6.9676
2023,12,3,4,104,4.5764
2023,12,3,5,73,5.1475
2024,1,1,1,98,-5.4688
2024,1,1,2,54,-8.9820
2024,1,1,3,66,-5.0504
2024,1,1,4,107,-4.0654
2024,1,1,5,142,-5.0916
2024,1,2,1,112,-7.1779
2024,1,2,2,88,-3.8196
2024,1,2,3,91,-3.2981
2024,1,2,4,100,-3.8244
2024,1,2,5,75,-3.0001
2024,1,3,1,209,3.4885
2024,1,3,2,172,0.4193
2024,1,3,3,147,0.8392
2024,1,3,4,104,-2.3113
2024,1,3,5,73,2.2756
2024,2,1,1,98,3.5652
2024,2,1,2,54,15.6516
2024,2,1,3,66,6.8370
2024,2,1,4,104,3.0052
2024,2,1,5,141,1.3979
2024,2,2,1,111,3.0474
2024,2,2,2,88,5.9800
2024,2,2,3,91,3.5321
2024,2,2,4,100,5.9995
2024,2,2,5,74,4.4052
2024,2,3,1,209,8.2188
2024,2,3,2,172,2.5776
2024,2,3,3,146,9.5302
2024,2,3,4,104,2.5578
2024,2,3,5,73,2.1983
2024,3,1,1,98,4.1751
2024,3,1,2,54,7.8096
2024,3,1,3,65,5.5635
2024,3,1,4,104,6.6505
2024,3,1,5,140,2.5900
2024,3,2,1,110,2.8057
2024,3,2,2,88,3.3555
2024,3,2,3,91,3.5893
2024,3,2,4,100,5.1708
2024,3,2,5,74,2.7990
2024,3,3,1,209,2.5507
2024,3,3,2,172,2.3080
2024,3,3,3,146,3.2889
2024,3,3,4,104,7.5564
2024,3,3,5,73,10.7326
2024,4,1,1,98,-4.2002
2024,4,1,2,54,-9.5071
2024,4,1,3,65,-4.4605
2024,4,1,4,104,-7.9540
2024,4,1,5,138,-3.8655
2024,4,2,1,110,-6.1586
2024,4,2,2,88,-5.0472
2024,4,2,3,91,-5.2432
2024,4,2,4,99,-8.4096
2024,4,2,5,74,-5.7757
2024,4,3,1,209,-4.0697
2024,4,3,2,172,-1.8611
2024,4,3,3,146,-5.5825
2024,4,3,4,104,-5.2826
2024,4,3,5,73,-5.6032
2024,5,1,1,97,7.7760
2024,5,1,2,54,2.9984
2024,5,1,3,65,2.0428
2024,5,1,4,104,7.9882
2024,5,1,5,137,7.5829
2024,5,2,1,110,6.4359
2024,5,2,2,88,5.9994
2024,5,2,3,91,5.1461
2024,5,2,4,99,6.6010
2024,5,2,5,72,5.6168
2024,5,3,1,209,6.1112
2024,5,3,2,172,5.2257
2024,5,3,3,146,5.6320
2024,5,3,4,104,2.2507
2024,5,3,5,73,3.3950
2024,6,1,1,96,-4.0830
2024,6,1,2,54,-2.5813
2024,6,1,3,65,-3.7764
2024,6,1,4,104,-4.2083
2024,6,1,5,135,-5.3772
2024,6,2,1,110,-1.7977
2024,6,2,2,88,-2.1510
2024,6,2,3,89,-2.8428
2024,6,2,4,99,-4.6344
2024,6,2,5,72,-4.3449
2024,6,3,1,208,6.3451
2024,6,3,2,172,3.6946
2024,6,3,3,146,1.6973
2024,6,3,4,103,-2.1744
2024,6,3,5,73,-1.6128
2024,7,1,1,100,9.5551
2024,7,1,2,53,11.0832
2024,7,1,3,98,12.6337
2024,7,1,4,74,13.4380
2024,7,1,5,128,13.3317
2024,7,2,1,115,6.5559
2024,7,2,2,96,7.7420
2024,7,2,3,86,9.7613
2024,7,2,4,87,9.8590
2024,7,2,5,92,8.3494
2024,7,3,1,216,-1.2794
2024,7,3,2,165,0.6589
2024,7,3,3,138,6.2847
2024,7,3,4,109,5.0719
2024,7,3,5,69,2.7141
2024,8,1,1,100,-5.0589
2024,8,1,2,53,3.7877
2024,8,1,3,97,-6.8524
2024,8,1,4,73,-1.3010
2024,8,1,5,127,-4.3269
2024,8,2,1,114,-1.7437
2024,8,2,2,96,-1.9348
2024,8,2,3,86,-1.0217
2024,8,2,4,87,-5.0605
2024,8,2,5,90,-5.0016
2024,8,3,1,216,2.3501
2024,8,3,2,165,1.7352
2024,8,3,3,138,2.2764
2024,8,3,4,108,2.8961
2024,8,3,5,68,-0.5248
2024,9,1,1,99,0.7404
2024,9,1,2,53,1.4486
2024,9,1,3,97,0.6098
2024,9,1,4,73,1.3765
2024,9,1,5,125,0.2997
2024,9,2,1,114,2.5418
2024,9,2,2,95,0.4492
2024,9,2,3,86,1.5743
2024,9,2,4,87,1.0282
2024,9,2,5,89,0.1235
2024,9,3,1,216,2.4801
2024,9,3,2,165,3.0189
2024,9,3,3,138,4.6307
2024,9,3,4,108,0.4957
2024,9,3,5,68,1.9358
2024,10,1,1,99,-0.6895
2024,10,1,2,53,-1.5319
2024,10,1,3,97,-2.6081
2024,10,1,4,72,0.9004
2024,10,1,5,124,-0.2233
2024,10,2,1,114,-1.7041
2024,10,2,2,94,-2.8169
2024,10,2,3,85,-2.0788
2024,10,2,4,86,-3.4107
2024,10,2,5,89,-2.0229
2024,10,3,1,216,-1.2338
2024,10,3,2,165,-1.5110
2024,10,3,3,138,-1.8856
2024,10,3,4,107,-0.3296
2024,10,3,5,68,1.7214
2024,11,1,1,98,13.0510
2024,11,1,2,52,17.8116
2024,11,1,3,96,11.3741
2024,11,1,4,72,9.0457
2024,11,1,5,123,8.1960
2024,11,2,1,113,10.8250
2024,11,2,2,92,11.1555
2024,11,2,3,85,11.4391
2024,11,2,4,86,11.1917
2024,11,2,5,89,12.9000
2024,11,3,1,216,6.9165
2024,11,3,2,165,2.7564
2024,11,3,3,138,6.9441
2024,11,3,4,107,6.8439
2024,11,3,5,67,7.4050
2024,12,1,1,98,-3.0246
2024,12,1,2,52,-9.2601
2024,12,1,3,96,-7.1234
2024,12,1,4,72,-6.4936
2024,12,1,5,121,-3.2257
2024,12,2,1,111,-6.1924
2024,12,2,2,91,-8.0553
2024,12,2,3,84,-8.0788
2024,12,2,4,86,-8.2735
2024,12,2,5,89,-6.9883
2024,12,3,1,215,1.0581
2024,12,3,2,164,-2.4332
2024,12,3,3,138,-6.6119
2024,12,3,4,107,-8.4821
2024,12,3,5,66,-6.9991
2025,1,1,1,97,-1.6102
2025,1,1,2,52,0.3876
2025,1,1,3,96,0.6864
2025,1,1,4,71,2.4441
2025,1,1,5,121,1.0502
2025,1,2,1,110,5.2961
2025,1,2,2,91,1.7340
2025,1,2,3,83,2.9205
2025,1,2,4,86,2.2640
2025,1,2,5,89,1.0791
2025,1,3,1,214,-0.4223
2025,1,3,2,164,6.8982
2025,1,3,3,138,4.9499
2025,1,3,4,106,2.8295
2025,1,3,5,66,2.5137
2025,2,1,1,97,-2.1030
2025,2,1,2,52,-4.6635
2025,2,1,3,95,-4.9374
2025,2,1,4,69,-4.4739
2025,2,1,5,120,-4.2863
2025,2,2,1,109,-8.7176
2025,2,2,2,91,-6.9322
2025,2,2,3,82,-6.2104
2025,2,2,4,86,-4.4164
2025,2,2,5,88,-8.8257
2025,2,3,1,214,-3.3132
2025,2,3,2,164,-3.1801
2025,2,3,3,138,-1.3815
2025,2,3,4,106,5.2133
2025,2,3,5,66,1.7380
2025,3,1,1,96,-11.4117
2025,3,1,2,52,-10.4451
2025,3,1,3,95,-6.0715
2025,3,1,4,69,-8.5462
2025,3,1,5,118,-9.0343
2025,3,2,1,108,-4.2886
2025,3,2,2,90,-5.9684
2025,3,2,3,82,-5.8148
2025,3,2,4,86,-4.1906
2025,3,2,5,88,-4.5148
2025,3,3,1,214,-8.3051
2025,3,3,2,164,-6.3709
2025,3,3,3,137,-4.3544
2025,3,3,4,106,1.5841
2025,3,3,5,66,-0.1429
2025,4,1,1,96,-1.6744
2025,4,1,2,52,2.5839
2025,4,1,3,95,-3.7326
2025,4,1,4,69,-0.8303
2025,4,1,5,118,-6.4199
2025,4,2,1,108,-4.1436
2025,4,2,2,90,-3.0454
2025,4,2,3,82,-2.7101
2025,4,2,4,86,-4.0585
2025,4,2,5,88,-6.8875
2025,4,3,1,212,2.3235
2025,4,3,2,164,-1.3567
2025,4,3,3,136,-3.3950
2025,4,3,4,106,-4.9009
2025,4,3,5,66,-5.4945
2025,5,1,1,94,3.3158
2025,5,1,2,52,16.4501
2025,5,1,3,95,9.6951
2025,5,1,4,69,8.3443
2025,5,1,5,118,10.9837
2025,5,2,1,104,5.3946
2025,5,2,2,90,5.2029
2025,5,2,3,82,8.6824
2025,5,2,4,85,5.2882
2025,5,2,5,87,6.2978
2025,5,3,1,212,8.7653
2025,5,3,2,164,6.1696
2025,5,3,3,136,7.0607
2025,5,3,4,105,-0.7368
2025,5,3,5,65,4.3653
2025,6,1,1,94,8.4495
2025,6,1,2,52,15.3244
2025,6,1,3,95,6.7619
2025,6,1,4,69,7.8656
2025,6,1,5,117,5.6898
2025,6,2,1,104,6.1141
2025,6,2,2,90,4.3372
2025,6,2,3,82,4.1611
2025,6,2,4,85,3.8114
2025,6,2,5,86,4.1616
2025,6,3,1,212,6.1514
2025,6,3,2,164,5.4743
2025,6,3,3,136,4.0215
2025,6,3,4,105,1.0709
2025,6,3,5,65,3.3657
2025,7,1,1,100,-0.1294
2025,7,1,2,64,0.0915
2025,7,1,3,67,-1.4975
2025,7,1,4,67,-1.1243
2025,7,1,5,137,1.9992
2025,7,2,1,117,0.4305
2025,7,2,2,81,0.7236
2025,7,2,3,88,3.5768
2025,7,2,4,80,1.3200
2025,7,2,5,93,3.3146
2025,7,3,1,215,3.8533
2025,7,3,2,166,2.5425
2025,7,3,3,140,1.0945
2025,7,3,4,98,1.8699
2025,7,3,5,70,-0.3835
2025,8,1,1,100,6.0614
2025,8,1,2,63,7.1435
2025,8,1,3,67,8.2385
2025,8,1,4,67,8.9914
2025,8,1,5,135,10.5118
2025,8,2,1,116,4.9347
2025,8,2,2,81,6.0882
2025,8,2,3,88,8.1837
2025,8,2,4,80,6.2507
2025,8,2,5,92,7.8606
2025,8,3,1,212,0.4429
2025,8,3,2,166,2.9767
2025,8,3,3,140,2.2067
2025,8,3,4,96,4.3186
2025,8,3,5,70,6.8935
2025,9,1,1,100,3.3986
2025,9,1,2,63,0.3254
2025,9,1,3,67,3.2825
2025,9,1,4,67,-1.2023
2025,9,1,5,135,2.2659
2025,9,2,1,115,1.0469
2025,9,2,2,81,-0.5450
2025,9,2,3,87,1.1712
2025,9,2,4,79,0.0660
2025,9,2,5,91,1.1512
2025,9,3,1,212,5.3203
2025,9,3,2,166,4.5857
2025,9,3,3,140,2.2996
2025,9,3,4,96,0.1193
2025,9,3,5,70,-0.4377
2025,10,1,1,100,1.7014
2025,10,1,2,62,-1.5309
2025,10,1,3,67,-0.0585
2025,10,1,4,67,-4.9485
2025,10,1,5,134,-3.3331
2025,10,2,1,114,2.6094
2025,10,2,2,81,-0.3290
2025,10,2,3,87,-1.2465
2025,10,2,4,77,-2.5686
2025,10,2,5,90,-2.1828
2025,10,3,1,212,4.3968
2025,10,3,2,166,3.1341
2025,10,3,3,139,1.1217
2025,10,3,4,96,-1.6013
2025,10,3,5,70,-3.3405
2025,11,1,1,99,-5.4525
2025,11,1,2,61,1.5892
2025,11,1,3,67,0.6734
2025,11,1,4,67,0.1175
2025,11,1,5,132,-0.5138
2025,11,2,1,112,1.4512
2025,11,2,2,81,2.9443
2025,11,2,3,87,-0.6323
2025,11,2,4,77,3.1452
2025,11,2,5,90,3.6659
2025,11,3,1,212,-3.0889
2025,11,3,2,166,4.6464
2025,11,3,3,139,3.2032
2025,11,3,4,96,3.5929
2025,11,3,5,70,3.0833
2025,12,1,1,98,0.6510
2025,12,1,2,61,4.6362
2025,12,1,3,67,0.2211
2025,12,1,4,67,0.2122
2025,12,1,5,132,1.0440
2025,12,2,1,112,-0.9010
2025,12,2,2,80,1.2374
2025,12,2,3,87,0.7698
2025,12,2,4,75,2.4929
2025,12,2,5,90,-0.2252
2025,12,3,1,211,-0.6181
2025,12,3,2,166,-0.2912
2025,12,3,3,137,-0.0318
2025,12,3,4,96,-1.4640
2025,12,3,5,70,1.2546
