year,month,rank_ME,rank_r1n,nstocks,ret_vw
1967,1,1,1,312,25.7739
1967,1,1,2,151,19.8240
1967,1,1,3,125,17.9426
1967,1,1,4,120,14.8406
1967,1,1,5,151,17.0081
1967,1,2,1,86,20.9136
1967,1,2,2,75,17.4365
1967,1,2,3,78,13.7105
1967,1,2,4,69,13.3255
1967,1,2,5,82,13.2602
1967,1,3,1,70,14.1379
1967,1,3,2,94,8.3224
1967,1,3,3,131,8.4959
1967,1,3,4,141,5.9428
1967,1,3,5,165,6.3731
1967,2,1,1,279,5.6034
1967,2,1,2,169,2.8635
1967,2,1,3,126,4.1214
1967,2,1,4,121,4.9811
1967,2,1,5,171,7.3089
1967,2,2,1,83,1.5366
1967,2,2,2,76,2.6040
1967,2,2,3,65,1.0979
1967,2,2,4,68,2.8682
1967,2,2,5,98,3.6052
1967,2,3,1,80,-1.4171
1967,2,3,2,101,-0.5499
1967,2,3,3,127,0.7043
1967,2,3,4,147,0.8199
1967,2,3,5,145,3.5754
1967,3,1,1,251,5.0656
1967,3,1,2,153,7.2016
1967,3,1,3,130,8.0009
1967,3,1,4,145,6.5021
1967,3,1,5,182,8.6094
1967,3,2,1,75,6.8760
1967,3,2,2,79,5.1623
1967,3,2,3,63,3.8929
1967,3,2,4,77,6.9275
1967,3,2,5,101,7.2407
1967,3,3,1,86,4.4078
1967,3,3,2,110,4.5811
1967,3,3,3,138,3.3360
1967,3,3,4,130,4.1294
1967,3,3,5,135,5.5350
1967,4,1,1,293,2.1033
1967,4,1,2,140,3.7518
1967,4,1,3,105,5.7613
1967,4,1,4,131,4.9099
1967,4,1,5,191,7.0143
1967,4,2,1,79,3.0327
1967,4,2,2,69,2.1473
1967,4,2,3,76,2.4582
1967,4,2,4,70,4.5322
1967,4,2,5,104,5.0676
1967,4,3,1,82,7.5379
1967,4,3,2,116,4.5631
1967,4,3,3,122,1.7482
1967,4,3,4,142,3.3953
1967,4,3,5,135,5.3818
1967,5,1,1,264,0.7001
1967,5,1,2,118,0.6720
1967,5,1,3,127,1.2959
1967,5,1,4,148,0.5487
1967,5,1,5,209,-1.5143
1967,5,2,1,76,-0.6766
1967,5,2,2,64,-2.4837
1967,5,2,3,70,-1.7057
1967,5,2,4,76,-2.4211
1967,5,2,5,115,-1.6489
1967,5,3,1,87,-4.2143
1967,5,3,2,127,-3.6125
1967,5,3,3,123,-5.0424
1967,5,3,4,132,-4.1795
1967,5,3,5,132,-3.7895
1967,6,1,1,239,6.8343
1967,6,1,2,114,4.8039
1967,6,1,3,134,7.3526
1967,6,1,4,136,10.9496
1967,6,1,5,239,19.4380
1967,6,2,1,74,4.7661
1967,6,2,2,70,5.4182
1967,6,2,3,68,3.9262
1967,6,2,4,81,6.8713
1967,6,2,5,112,13.0555
1967,6,3,1,93,0.3758
1967,6,3,2,130,0.5340
1967,6,3,3,125,1.2111
1967,6,3,4,120,4.1385
1967,6,3,5,129,6.7072
1967,7,1,1,187,11.3222
1967,7,1,2,119,10.2171
1967,7,1,3,133,10.5267
1967,7,1,4,135,11.7671
1967,7,1,5,278,7.5248
1967,7,2,1,68,7.6039
1967,7,2,2,68,6.2124
1967,7,2,3,73,8.1204
1967,7,2,4,70,7.6257
1967,7,2,5,136,7.4582
1967,7,3,1,106,7.6052
1967,7,3,2,123,0.2054
1967,7,3,3,124,5.5776
1967,7,3,4,127,5.0131
1967,7,3,5,118,4.9858
1967,8,1,1,144,2.2295
1967,8,1,2,104,2.4428
1967,8,1,3,133,2.1982
1967,8,1,4,146,-0.9923
1967,8,1,5,322,-0.9109
1967,8,2,1,68,0.9789
1967,8,2,2,63,0.8463
1967,8,2,3,72,0.4662
1967,8,2,4,75,0.5755
1967,8,2,5,135,-1.6257
1967,8,3,1,127,-0.6791
1967,8,3,2,125,-0.4143
1967,8,3,3,121,0.4875
1967,8,3,4,117,-1.9050
1967,8,3,5,111,-1.8786
1967,9,1,1,124,5.9253
1967,9,1,2,122,6.6338
1967,9,1,3,135,7.8443
1967,9,1,4,138,7.2460
1967,9,1,5,328,9.4654
1967,9,2,1,57,3.0839
1967,9,2,2,67,1.9071
1967,9,2,3,80,4.4027
1967,9,2,4,70,5.4418
1967,9,2,5,142,7.5274
1967,9,3,1,142,3.9286
1967,9,3,2,118,1.0938
1967,9,3,3,113,2.5993
1967,9,3,4,121,4.9677
1967,9,3,5,105,3.9275
1967,10,1,1,75,-2.0634
1967,10,1,2,103,-1.8405
1967,10,1,3,127,-4.3908
1967,10,1,4,169,-3.2515
1967,10,1,5,377,-0.1921
1967,10,2,1,53,-3.3257
1967,10,2,2,68,-3.2504
1967,10,2,3,68,-4.4905
1967,10,2,4,79,-3.1417
1967,10,2,5,143,-1.8366
1967,10,3,1,160,-4.1573
1967,10,3,2,114,-4.2940
1967,10,3,3,119,-3.0141
1967,10,3,4,103,1.6625
1967,10,3,5,98,1.1410
1967,11,1,1,59,0.8332
1967,11,1,2,113,-0.0933
1967,11,1,3,118,0.3450
1967,11,1,4,146,0.9136
1967,11,1,5,412,-0.3178
1967,11,2,1,56,-0.7259
1967,11,2,2,55,1.6754
1967,11,2,3,81,0.8342
1967,11,2,4,77,0.6147
1967,11,2,5,140,1.6418
1967,11,3,1,160,0.7853
1967,11,3,2,134,0.2743
1967,11,3,3,105,0.6851
1967,11,3,4,97,1.4821
1967,11,3,5,101,1.2792
1967,12,1,1,66,4.0347
1967,12,1,2,102,7.3834
1967,12,1,3,142,8.3594
1967,12,1,4,140,9.7194
1967,12,1,5,396,13.6481
1967,12,2,1,55,5.2695
1967,12,2,2,64,4.3631
1967,12,2,3,76,6.5859
1967,12,2,4,74,6.8265
1967,12,2,5,137,9.7617
1967,12,3,1,165,2.7943
1967,12,3,2,120,2.9044
1967,12,3,3,105,1.8147
1967,12,3,4,108,2.1113
1967,12,3,5,98,4.8348
1968,1,1,1,83,5.5139
1968,1,1,2,95,4.9745
1968,1,1,3,132,5.3450
1968,1,1,4,149,4.5784
1968,1,1,5,373,2.6977
1968,1,2,1,72,1.5362
1968,1,2,2,50,2.3809
1968,1,2,3,81,-0.6191
1968,1,2,4,75,1.3068
1968,1,2,5,140,-3.4983
1968,1,3,1,137,-0.0279
1968,1,3,2,132,-3.4025
1968,1,3,3,104,-5.5823
1968,1,3,4,106,-5.9734
1968,1,3,5,110,-10.1269
1968,2,1,1,78,-4.4264
1968,2,1,2,74,-3.2229
1968,2,1,3,114,-4.9750
1968,2,1,4,152,-5.2416
1968,2,1,5,406,-7.9059
1968,2,2,1,63,-4.1091
1968,2,2,2,71,-2.8524
1968,2,2,3,60,-3.0133
1968,2,2,4,78,-4.4474
1968,2,2,5,147,-7.9739
1968,2,3,1,148,-2.8330
1968,2,3,2,126,-1.9937
1968,2,3,3,125,-3.0836
1968,2,3,4,95,-3.4493
1968,2,3,5,89,-7.5923
1968,3,1,1,95,-2.6921
1968,3,1,2,74,-0.4396
1968,3,1,3,101,-0.9274
1968,3,1,4,164,-2.4319
1968,3,1,5,399,-0.8936
1968,3,2,1,58,-0.7361
1968,3,2,2,66,-1.3469
1968,3,2,3,71,-1.7001
1968,3,2,4,77,0.1973
1968,3,2,5,137,-0.6962
1968,3,3,1,144,0.1344
1968,3,3,2,137,-0.9391
1968,3,3,3,111,0.4754
1968,3,3,4,107,3.0014
1968,3,3,5,83,4.3653
1968,4,1,1,102,13.7149
1968,4,1,2,74,12.2776
1968,4,1,3,115,13.1431
1968,4,1,4,159,14.7080
1968,4,1,5,387,18.9794
1968,4,2,1,61,13.0269
1968,4,2,2,65,9.2322
1968,4,2,3,67,12.6908
1968,4,2,4,86,14.0934
1968,4,2,5,127,17.3202
1968,4,3,1,141,6.7712
1968,4,3,2,131,8.0577
1968,4,3,3,122,9.4765
1968,4,3,4,101,8.6837
1968,4,3,5,88,15.6106
1968,5,1,1,98,8.4670
1968,5,1,2,87,9.1584
1968,5,1,3,120,10.1667
1968,5,1,4,161,10.0402
1968,5,1,5,367,15.8132
1968,5,2,1,52,7.2252
1968,5,2,2,60,4.4684
1968,5,2,3,79,5.8731
1968,5,2,4,78,6.4708
1968,5,2,5,138,7.9305
1968,5,3,1,144,0.3169
1968,5,3,2,131,1.3400
1968,5,3,3,113,1.6294
1968,5,3,4,107,4.6704
1968,5,3,5,91,2.8610
1968,6,1,1,99,0.6160
1968,6,1,2,82,4.4952
1968,6,1,3,119,1.5796
1968,6,1,4,135,-0.0636
1968,6,1,5,405,0.1612
1968,6,2,1,56,1.1919
1968,6,2,2,74,2.2488
1968,6,2,3,75,1.3421
1968,6,2,4,67,-1.1244
1968,6,2,5,137,-0.6509
1968,6,3,1,148,3.4670
1968,6,3,2,127,1.7150
1968,6,3,3,119,0.2673
1968,6,3,4,112,-1.1257
1968,6,3,5,78,-1.1759
1968,7,1,1,109,-6.1993
1968,7,1,2,81,-2.9387
1968,7,1,3,107,-2.5921
1968,7,1,4,149,-2.6481
1968,7,1,5,380,-3.5810
1968,7,2,1,62,-5.0370
1968,7,2,2,71,-2.0614
1968,7,2,3,75,-2.9280
1968,7,2,4,71,-3.2246
1968,7,2,5,135,-4.2592
1968,7,3,1,133,-3.0207
1968,7,3,2,135,-0.7626
1968,7,3,3,123,-1.3235
1968,7,3,4,106,-3.0635
1968,7,3,5,82,-5.8020
1968,8,1,1,119,1.8114
1968,8,1,2,71,0.2108
1968,8,1,3,111,6.6633
1968,8,1,4,137,2.7000
1968,8,1,5,389,6.4019
1968,8,2,1,62,1.1854
1968,8,2,2,65,3.6223
1968,8,2,3,72,3.2511
1968,8,2,4,70,3.5678
1968,8,2,5,134,4.2705
1968,8,3,1,128,1.3832
1968,8,3,2,140,1.4693
1968,8,3,3,129,0.4059
1968,8,3,4,106,2.2409
1968,8,3,5,78,2.7711
1968,9,1,1,136,6.4465
1968,9,1,2,100,5.5556
1968,9,1,3,93,5.7614
1968,9,1,4,139,5.6028
1968,9,1,5,364,8.2281
1968,9,2,1,72,8.0249
1968,9,2,2,57,5.9249
1968,9,2,3,70,4.9944
1968,9,2,4,86,6.0857
1968,9,2,5,127,7.4708
1968,9,3,1,119,6.8141
1968,9,3,2,140,3.5950
1968,9,3,3,137,3.8373
1968,9,3,4,105,1.9769
1968,9,3,5,81,6.7578
1968,10,1,1,154,0.8316
1968,10,1,2,69,0.7300
1968,10,1,3,115,1.4942
1968,10,1,4,146,0.5107
1968,10,1,5,347,-0.8284
1968,10,2,1,65,-0.0245
1968,10,2,2,64,1.6948
1968,10,2,3,70,2.0699
1968,10,2,4,85,3.1669
1968,10,2,5,128,-0.7903
1968,10,3,1,118,1.7886
1968,10,3,2,142,0.4218
1968,10,3,3,136,1.2736
1968,10,3,4,109,0.5359
1968,10,3,5,83,-0.6219
1968,11,1,1,152,6.3992
1968,11,1,2,75,6.0332
1968,11,1,3,111,7.4736
1968,11,1,4,140,7.4078
1968,11,1,5,361,7.6156
1968,11,2,1,64,9.7950
1968,11,2,2,66,8.1269
1968,11,2,3,67,7.0120
1968,11,2,4,77,8.1240
1968,11,2,5,134,8.2317
1968,11,3,1,125,8.1737
1968,11,3,2,140,4.0798
1968,11,3,3,131,4.0457
1968,11,3,4,108,6.5683
1968,11,3,5,78,7.5772
1968,12,1,1,193,2.0449
1968,12,1,2,93,1.6724
1968,12,1,3,110,2.3067
1968,12,1,4,124,2.6164
1968,12,1,5,315,2.2134
1968,12,2,1,61,-1.7747
1968,12,2,2,66,-0.9486
1968,12,2,3,69,1.1620
1968,12,2,4,85,-1.3605
1968,12,2,5,135,-1.3160
1968,12,3,1,125,-3.9066
1968,12,3,2,136,-4.2418
1968,12,3,3,124,-3.9464
1968,12,3,4,117,-2.2974
1968,12,3,5,78,-4.5200
1969,1,1,1,201,0.7173
1969,1,1,2,93,-1.3974
1969,1,1,3,105,-1.0567
1969,1,1,4,122,-2.3338
1969,1,1,5,310,-0.4642
1969,1,2,1,68,-0.2347
1969,1,2,2,69,0.2248
1969,1,2,3,58,0.4029
1969,1,2,4,89,-1.0393
1969,1,2,5,132,-2.0481
1969,1,3,1,123,-0.7260
1969,1,3,2,126,-0.4495
1969,1,3,3,133,-0.5216
1969,1,3,4,114,-1.2129
1969,1,3,5,88,-2.6818
1969,2,1,1,171,-9.6046
1969,2,1,2,101,-7.2146
1969,2,1,3,93,-8.0312
1969,2,1,4,140,-9.1927
1969,2,1,5,322,-11.3649
1969,2,2,1,64,-7.6618
1969,2,2,2,56,-7.3951
1969,2,2,3,83,-6.3140
1969,2,2,4,76,-9.4701
1969,2,2,5,138,-10.6688
1969,2,3,1,121,-2.7089
1969,2,3,2,141,-4.6581
1969,2,3,3,116,-4.9843
1969,2,3,4,109,-6.8358
1969,2,3,5,96,-9.3381
1969,3,1,1,171,-0.3452
1969,3,1,2,104,0.3278
1969,3,1,3,100,-0.7894
1969,3,1,4,131,1.9127
1969,3,1,5,332,4.2141
1969,3,2,1,67,-0.0656
1969,3,2,2,63,-1.2222
1969,3,2,3,75,2.3627
1969,3,2,4,80,1.9323
1969,3,2,5,131,5.7434
1969,3,3,1,126,2.7710
1969,3,3,2,128,2.5198
1969,3,3,3,123,4.5138
1969,3,3,4,112,4.0653
1969,3,3,5,90,4.3982
1969,4,1,1,214,-1.2345
1969,4,1,2,116,-2.3236
1969,4,1,3,94,-0.4458
1969,4,1,4,123,-0.5914
1969,4,1,5,293,-0.5226
1969,4,2,1,88,-1.2790
1969,4,2,2,70,-0.3864
1969,4,2,3,64,0.2070
1969,4,2,4,77,0.2014
1969,4,2,5,114,2.0570
1969,4,3,1,110,2.3813
1969,4,3,2,128,2.6983
1969,4,3,3,125,3.1953
1969,4,3,4,111,0.4112
1969,4,3,5,109,2.7078
1969,5,1,1,283,-0.8064
1969,5,1,2,135,1.1698
1969,5,1,3,95,0.7216
1969,5,1,4,113,1.1492
1969,5,1,5,210,3.4078
1969,5,2,1,94,-0.6242
1969,5,2,2,70,-2.3270
1969,5,2,3,62,0.5384
1969,5,2,4,82,-0.6427
1969,5,2,5,113,0.3697
1969,5,3,1,93,-0.8715
1969,5,3,2,109,-0.4728
1969,5,3,3,138,0.8641
1969,5,3,4,119,1.2543
1969,5,3,5,124,0.8723
1969,6,1,1,282,-13.3551
1969,6,1,2,127,-11.8583
1969,6,1,3,98,-12.9307
1969,6,1,4,118,-11.3536
1969,6,1,5,202,-15.0835
1969,6,2,1,98,-12.8601
1969,6,2,2,68,-9.1679
1969,6,2,3,67,-9.0221
1969,6,2,4,77,-12.1126
1969,6,2,5,114,-11.9644
1969,6,3,1,79,-9.8069
1969,6,3,2,128,-2.0805
1969,6,3,3,123,-5.3265
1969,6,3,4,127,-6.4013
1969,6,3,5,133,-9.0133
1969,7,1,1,317,-11.7901
1969,7,1,2,143,-10.8899
1969,7,1,3,99,-10.4977
1969,7,1,4,104,-10.9636
1969,7,1,5,184,-12.5024
1969,7,2,1,99,-13.6056
1969,7,2,2,71,-8.3963
1969,7,2,3,68,-6.3999
1969,7,2,4,72,-6.6930
1969,7,2,5,108,-9.3191
1969,7,3,1,75,-10.8340
1969,7,3,2,106,-5.8563
1969,7,3,3,132,-5.2911
1969,7,3,4,138,-5.5178
1969,7,3,5,136,-6.3814
1969,8,1,1,336,5.3249
1969,8,1,2,193,4.2958
1969,8,1,3,98,2.2228
1969,8,1,4,88,3.9409
1969,8,1,5,133,5.8876
1969,8,2,1,109,6.7743
1969,8,2,2,76,4.5513
1969,8,2,3,67,4.6020
1969,8,2,4,74,6.3270
1969,8,2,5,93,7.6654
1969,8,3,1,63,5.5487
1969,8,3,2,96,3.7246
1969,8,3,3,133,4.2523
1969,8,3,4,144,3.8264
1969,8,3,5,153,7.8021
1969,9,1,1,365,-3.8021
1969,9,1,2,180,-4.4325
1969,9,1,3,107,-2.7464
1969,9,1,4,78,-3.7875
1969,9,1,5,118,-0.9846
1969,9,2,1,91,-1.6010
1969,9,2,2,82,-1.0567
1969,9,2,3,74,-1.9310
1969,9,2,4,80,-0.3326
1969,9,2,5,97,1.0408
1969,9,3,1,63,-4.2218
1969,9,3,2,91,-2.8817
1969,9,3,3,133,-3.1581
1969,9,3,4,143,-2.0929
1969,9,3,5,157,-2.5585
1969,10,1,1,374,14.1781
1969,10,1,2,155,10.2724
1969,10,1,3,111,5.8013
1969,10,1,4,102,7.3682
1969,10,1,5,102,10.8492
1969,10,2,1,85,10.1050
1969,10,2,2,91,8.5427
1969,10,2,3,74,5.9406
1969,10,2,4,77,7.0152
1969,10,2,5,105,7.0838
1969,10,3,1,67,7.5467
1969,10,3,2,87,5.5375
1969,10,3,3,125,3.1665
1969,10,3,4,143,4.3448
1969,10,3,5,168,6.2067
1969,11,1,1,317,-7.8238
1969,11,1,2,176,-6.9301
1969,11,1,3,127,-8.7782
1969,11,1,4,108,-4.7510
1969,11,1,5,123,-5.9482
1969,11,2,1,94,-7.0417
1969,11,2,2,83,-4.2141
1969,11,2,3,78,-5.6490
1969,11,2,4,79,-4.4570
1969,11,2,5,98,-2.8129
1969,11,3,1,62,-5.4223
1969,11,3,2,93,-4.3192
1969,11,3,3,127,-4.9867
1969,11,3,4,136,-2.5313
1969,11,3,5,175,-0.9419
1969,12,1,1,391,-12.4069
1969,12,1,2,189,-9.6806
1969,12,1,3,99,-8.2431
1969,12,1,4,88,-3.1160
1969,12,1,5,92,-3.8795
1969,12,2,1,88,-7.7683
1969,12,2,2,95,-6.6615
1969,12,2,3,83,-5.4714
1969,12,2,4,82,-5.3254
1969,12,2,5,86,-1.7544
1969,12,3,1,49,-5.3216
1969,12,3,2,84,-3.1885
1969,12,3,3,122,-3.8113
1969,12,3,4,149,-2.4739
1969,12,3,5,187,1.1525
1970,1,1,1,460,-0.4985
1970,1,1,2,165,-1.0512
1970,1,1,3,99,-2.5907
1970,1,1,4,61,-5.7554
1970,1,1,5,83,-6.2112
1970,1,2,1,88,-8.3412
1970,1,2,2,89,-3.1086
1970,1,2,3,79,-5.6933
1970,1,2,4,88,-8.2039
1970,1,2,5,86,-6.2647
1970,1,3,1,50,-8.3353
1970,1,3,2,81,-10.9429
1970,1,3,3,127,-8.6563
1970,1,3,4,140,-6.6561
1970,1,3,5,196,-7.0148
1970,2,1,1,373,2.6045
1970,2,1,2,222,2.8313
1970,2,1,3,97,1.4320
1970,2,1,4,110,1.9244
1970,2,1,5,79,2.3828
1970,2,2,1,82,3.4461
1970,2,2,2,86,5.1708
1970,2,2,3,84,1.7111
1970,2,2,4,79,3.6930
1970,2,2,5,99,5.1487
1970,2,3,1,64,5.8820
1970,2,3,2,87,5.5837
1970,2,3,3,118,6.7342
1970,2,3,4,138,7.7022
1970,2,3,5,189,4.0349
1970,3,1,1,416,-2.1244
1970,3,1,2,192,-4.4500
1970,3,1,3,116,-3.2788
1970,3,1,4,86,-3.5618
1970,3,1,5,79,-6.5633
1970,3,2,1,92,-3.8801
1970,3,2,2,90,0.3727
1970,3,2,3,94,-0.4565
1970,3,2,4,63,-0.4399
1970,3,2,5,91,-4.6021
1970,3,3,1,54,-1.0830
1970,3,3,2,89,0.8056
1970,3,3,3,111,1.8054
1970,3,3,4,159,2.1112
1970,3,3,5,188,-2.6381
1970,4,1,1,427,-19.4158
1970,4,1,2,194,-16.1976
1970,4,1,3,135,-15.1738
1970,4,1,4,74,-17.0482
1970,4,1,5,76,-22.4908
1970,4,2,1,91,-19.8092
1970,4,2,2,99,-13.8429
1970,4,2,3,83,-13.0043
1970,4,2,4,66,-13.6847
1970,4,2,5,87,-18.5870
1970,4,3,1,57,-13.3181
1970,4,3,2,87,-8.0290
1970,4,3,3,112,-9.3370
1970,4,3,4,156,-8.7274
1970,4,3,5,187,-10.7195
1970,5,1,1,489,-7.9982
1970,5,1,2,196,-10.1510
1970,5,1,3,115,-11.3985
1970,5,1,4,60,-9.3048
1970,5,1,5,58,-10.8337
1970,5,2,1,100,-12.3227
1970,5,2,2,98,-10.2740
1970,5,2,3,88,-9.4852
1970,5,2,4,73,-8.9841
1970,5,2,5,69,-10.1237
1970,5,3,1,58,-5.1886
1970,5,3,2,82,0.2997
1970,5,3,3,113,-7.5998
1970,5,3,4,151,-6.3276
1970,5,3,5,190,-6.9589
1970,6,1,1,440,-11.4503
1970,6,1,2,225,-9.7529
1970,6,1,3,116,-6.6000
1970,6,1,4,83,-6.7349
1970,6,1,5,55,-7.0803
1970,6,2,1,99,-9.8236
1970,6,2,2,95,-10.5092
1970,6,2,3,92,-7.4346
1970,6,2,4,68,-6.3386
1970,6,2,5,80,-3.7322
1970,6,3,1,55,-11.4166
1970,6,3,2,90,-5.6793
1970,6,3,3,115,-3.9182
1970,6,3,4,152,-7.1425
1970,6,3,5,180,-0.9756
1970,7,1,1,392,4.4543
1970,7,1,2,241,5.6114
1970,7,1,3,141,5.1424
1970,7,1,4,80,1.4696
1970,7,1,5,69,5.5230
1970,7,2,1,100,8.2760
1970,7,2,2,101,10.1393
1970,7,2,3,79,8.1739
1970,7,2,4,64,6.3220
1970,7,2,5,86,5.3083
1970,7,3,1,55,12.7581
1970,7,3,2,82,9.5366
1970,7,3,3,124,6.4411
1970,7,3,4,158,8.5633
1970,7,3,5,176,5.2886
1970,8,1,1,422,8.5609
1970,8,1,2,266,5.4163
1970,8,1,3,113,5.2153
1970,8,1,4,74,3.7441
1970,8,1,5,58,3.2688
1970,8,2,1,110,14.4725
1970,8,2,2,98,7.5749
1970,8,2,3,71,6.1152
1970,8,2,4,77,3.4091
1970,8,2,5,75,2.0313
1970,8,3,1,45,10.9726
1970,8,3,2,85,9.4443
1970,8,3,3,143,6.1136
1970,8,3,4,150,4.5542
1970,8,3,5,175,2.0495
1970,9,1,1,463,20.7519
1970,9,1,2,212,13.0880
1970,9,1,3,121,8.5645
1970,9,1,4,63,11.4141
1970,9,1,5,79,14.3527
1970,9,2,1,103,21.4896
1970,9,2,2,102,12.2557
1970,9,2,3,89,8.2154
1970,9,2,4,70,6.8257
1970,9,2,5,72,9.8949
1970,9,3,1,51,9.1192
1970,9,3,2,91,9.4094
1970,9,3,3,130,4.1451
1970,9,3,4,160,2.3440
1970,9,3,5,169,1.4862
1970,10,1,1,432,-11.5261
1970,10,1,2,214,-8.5196
1970,10,1,3,110,-3.7614
1970,10,1,4,83,-3.6286
1970,10,1,5,95,-0.3904
1970,10,2,1,100,-12.1001
1970,10,2,2,103,-6.0904
1970,10,2,3,85,-2.0463
1970,10,2,4,63,-1.3690
1970,10,2,5,84,-1.0819
1970,10,3,1,63,-8.2625
1970,10,3,2,91,-2.7663
1970,10,3,3,132,-0.4571
1970,10,3,4,162,-1.1813
1970,10,3,5,164,-0.1010
1970,11,1,1,427,-3.3163
1970,11,1,2,215,-1.5283
1970,11,1,3,128,-0.2334
1970,11,1,4,74,-4.1972
1970,11,1,5,94,1.8876
1970,11,2,1,104,0.8883
1970,11,2,2,101,2.5494
1970,11,2,3,75,2.4881
1970,11,2,4,76,6.2260
1970,11,2,5,84,3.3983
1970,11,3,1,50,3.1675
1970,11,3,2,99,4.2360
1970,11,3,3,148,5.1962
1970,11,3,4,154,6.8712
1970,11,3,5,161,4.8573
1970,12,1,1,438,9.0666
1970,12,1,2,222,8.0707
1970,12,1,3,136,8.7759
1970,12,1,4,65,10.1872
1970,12,1,5,80,11.3563
1970,12,2,1,101,10.3458
1970,12,2,2,93,11.3092
1970,12,2,3,82,8.8553
1970,12,2,4,75,8.5239
1970,12,2,5,90,6.9093
1970,12,3,1,52,7.5238
1970,12,3,2,107,6.2910
1970,12,3,3,130,7.8014
1970,12,3,4,161,6.5616
1970,12,3,5,162,3.6460
1971,1,1,1,530,20.8089
1971,1,1,2,187,14.7399
1971,1,1,3,98,11.6355
1971,1,1,4,45,9.3966
1971,1,1,5,89,12.2030
1971,1,2,1,95,12.5302
1971,1,2,2,104,11.8981
1971,1,2,3,78,8.1982
1971,1,2,4,62,7.9348
1971,1,2,5,96,8.0278
1971,1,3,1,56,9.3451
1971,1,3,2,97,5.3319
1971,1,3,3,144,6.0237
1971,1,3,4,166,5.0782
1971,1,3,5,147,1.5778
1971,2,1,1,416,7.8853
1971,2,1,2,183,5.3185
1971,2,1,3,106,5.3221
1971,2,1,4,108,2.0801
1971,2,1,5,147,7.2969
1971,2,2,1,104,2.2721
1971,2,2,2,89,2.9734
1971,2,2,3,70,2.8264
1971,2,2,4,73,3.7857
1971,2,2,5,102,2.7421
1971,2,3,1,76,0.4509
1971,2,3,2,121,1.5547
1971,2,3,3,144,-0.4971
1971,2,3,4,140,1.9362
1971,2,3,5,130,3.9297
1971,3,1,1,342,5.5630
1971,3,1,2,181,4.5458
1971,3,1,3,115,5.2825
1971,3,1,4,122,6.3879
1971,3,1,5,197,8.1181
1971,3,2,1,100,6.7724
1971,3,2,2,79,6.5884
1971,3,2,3,70,5.3496
1971,3,2,4,73,5.1907
1971,3,2,5,125,6.5289
1971,3,3,1,88,6.6730
1971,3,3,2,123,4.4049
1971,3,3,3,141,3.1045
1971,3,3,4,148,2.5260
1971,3,3,5,112,5.0492
1971,4,1,1,260,2.6743
1971,4,1,2,156,1.8080
1971,4,1,3,137,2.1797
1971,4,1,4,155,2.4892
1971,4,1,5,251,1.2307
1971,4,2,1,90,2.3057
1971,4,2,2,69,2.2805
1971,4,2,3,64,2.9777
1971,4,2,4,87,4.2094
1971,4,2,5,135,3.9791
1971,4,3,1,97,2.0758
1971,4,3,2,131,2.2337
1971,4,3,3,143,3.9509
1971,4,3,4,126,5.7250
1971,4,3,5,114,5.2222
1971,5,1,1,258,-7.4213
1971,5,1,2,149,-6.7929
1971,5,1,3,184,-5.1240
1971,5,1,4,142,-6.5090
1971,5,1,5,233,-5.7297
1971,5,2,1,81,-4.6807
1971,5,2,2,72,-5.2507
1971,5,2,3,71,-5.9286
1971,5,2,4,85,-3.6078
1971,5,2,5,135,-3.5696
1971,5,3,1,112,-4.3825
1971,5,3,2,120,-3.3090
1971,5,3,3,129,-3.6577
1971,5,3,4,132,-3.4955
1971,5,3,5,117,-2.0917
1971,6,1,1,260,-4.4097
1971,6,1,2,153,-3.8514
1971,6,1,3,169,-4.5911
1971,6,1,4,154,-0.3327
1971,6,1,5,225,-1.6037
1971,6,2,1,82,-2.5474
1971,6,2,2,71,-1.8403
1971,6,2,3,77,-3.1477
1971,6,2,4,86,-0.5051
1971,6,2,5,127,1.5114
1971,6,3,1,119,0.9191
1971,6,3,2,127,-0.8953
1971,6,3,3,126,1.1522
1971,6,3,4,122,1.5998
1971,6,3,5,123,0.7702
1971,7,1,1,255,-5.5188
1971,7,1,2,151,-5.2058
1971,7,1,3,180,-4.8096
1971,7,1,4,149,-5.7634
1971,7,1,5,233,-9.8512
1971,7,2,1,87,-3.5396
1971,7,2,2,67,-3.0826
1971,7,2,3,71,-4.2218
1971,7,2,4,89,-4.2914
1971,7,2,5,124,-6.8395
1971,7,3,1,103,-3.2297
1971,7,3,2,139,-3.2591
1971,7,3,3,123,-3.1245
1971,7,3,4,126,-5.9842
1971,7,3,5,122,-7.0153
1971,8,1,1,287,2.6870
1971,8,1,2,146,4.9731
1971,8,1,3,139,3.2080
1971,8,1,4,156,4.6255
1971,8,1,5,248,5.3694
1971,8,2,1,73,5.0914
1971,8,2,2,69,2.4940
1971,8,2,3,81,4.3660
1971,8,2,4,83,4.5788
1971,8,2,5,123,6.7703
1971,8,3,1,107,3.3356
1971,8,3,2,118,3.5812
1971,8,3,3,136,3.3580
1971,8,3,4,125,5.1857
1971,8,3,5,131,5.7757
1971,9,1,1,397,-3.2609
1971,9,1,2,140,-1.7069
1971,9,1,3,137,-0.3881
1971,9,1,4,135,0.7575
1971,9,1,5,175,2.4894
1971,9,2,1,92,-2.3337
1971,9,2,2,81,-0.8858
1971,9,2,3,70,-0.2015
1971,9,2,4,74,-0.4512
1971,9,2,5,115,-0.0391
1971,9,3,1,90,-1.5677
1971,9,3,2,119,-1.1031
1971,9,3,3,131,0.2508
1971,9,3,4,140,-0.2221
1971,9,3,5,139,-0.2166
1971,10,1,1,354,-6.4559
1971,10,1,2,143,-5.8437
1971,10,1,3,137,-5.8900
1971,10,1,4,152,-7.5805
1971,10,1,5,199,-6.7230
1971,10,2,1,83,-9.5959
1971,10,2,2,83,-3.6003
1971,10,2,3,72,-6.4369
1971,10,2,4,75,-6.1161
1971,10,2,5,126,-5.2349
1971,10,3,1,94,-3.5138
1971,10,3,2,117,-2.8135
1971,10,3,3,142,-3.9686
1971,10,3,4,138,-4.3808
1971,10,3,5,129,-5.4017
1971,11,1,1,282,-4.8712
1971,11,1,2,156,-4.3391
1971,11,1,3,144,-3.7127
1971,11,1,4,171,-4.4210
1971,11,1,5,241,-4.4063
1971,11,2,1,97,-3.6264
1971,11,2,2,73,-2.0721
1971,11,2,3,72,-2.8455
1971,11,2,4,79,-3.5053
1971,11,2,5,119,-0.3449
1971,11,3,1,97,-1.5177
1971,11,3,2,135,0.4733
1971,11,3,3,131,-0.1686
1971,11,3,4,135,0.5906
1971,11,3,5,124,0.9124
1971,12,1,1,304,14.9927
1971,12,1,2,155,12.7014
1971,12,1,3,158,12.3330
1971,12,1,4,147,14.0333
1971,12,1,5,223,12.9764
1971,12,2,1,97,15.7611
1971,12,2,2,87,12.5885
1971,12,2,3,68,10.7954
1971,12,2,4,82,14.3707
1971,12,2,5,112,10.8945
1971,12,3,1,82,11.2605
1971,12,3,2,120,9.1139
1971,12,3,3,135,7.1506
1971,12,3,4,144,9.1685
1971,12,3,5,143,9.4607
1972,1,1,1,435,17.1613
1972,1,1,2,144,12.7754
1972,1,1,3,111,12.8241
1972,1,1,4,117,10.8380
1972,1,1,5,181,11.8922
1972,1,2,1,94,7.9022
1972,1,2,2,98,5.9032
1972,1,2,3,64,8.3462
1972,1,2,4,80,5.3316
1972,1,2,5,113,7.7503
1972,1,3,1,62,0.4358
1972,1,3,2,115,2.5203
1972,1,3,3,152,2.6281
1972,1,3,4,147,1.2905
1972,1,3,5,149,3.4830
1972,2,1,1,361,3.3210
1972,2,1,2,127,5.1791
1972,2,1,3,150,5.3142
1972,2,1,4,145,3.6890
1972,2,1,5,203,5.5921
1972,2,2,1,90,2.2817
1972,2,2,2,89,0.7717
1972,2,2,3,67,2.8859
1972,2,2,4,86,4.1301
1972,2,2,5,120,4.0435
1972,2,3,1,80,4.6571
1972,2,3,2,123,-0.0886
1972,2,3,3,148,2.1574
1972,2,3,4,137,4.3170
1972,2,3,5,139,6.2608
1972,3,1,1,336,-1.2815
1972,3,1,2,154,-2.5555
1972,3,1,3,147,1.8890
1972,3,1,4,135,-0.1536
1972,3,1,5,219,-1.1434
1972,3,2,1,89,-0.5809
1972,3,2,2,77,0.7232
1972,3,2,3,78,0.3380
1972,3,2,4,91,-0.1325
1972,3,2,5,114,1.7379
1972,3,3,1,84,-0.9766
1972,3,3,2,128,-1.2024
1972,3,3,3,129,0.6016
1972,3,3,4,141,1.7935
1972,3,3,5,149,2.0755
1972,4,1,1,318,-2.7277
1972,4,1,2,173,-0.3112
1972,4,1,3,119,-0.4362
1972,4,1,4,155,-0.1944
1972,4,1,5,222,2.4033
1972,4,2,1,91,-1.1442
1972,4,2,2,80,-0.4851
1972,4,2,3,76,0.7147
1972,4,2,4,85,1.8699
1972,4,2,5,122,1.7825
1972,4,3,1,81,0.5374
1972,4,3,2,123,-1.0497
1972,4,3,3,139,0.6437
1972,4,3,4,136,1.5288
1972,4,3,5,155,0.9139
1972,5,1,1,312,-3.9319
1972,5,1,2,165,-2.9779
1972,5,1,3,143,-3.7138
1972,5,1,4,121,-1.7617
1972,5,1,5,244,-1.4881
1972,5,2,1,89,-3.8220
1972,5,2,2,69,-3.9613
1972,5,2,3,87,-1.9711
1972,5,2,4,90,-1.6728
1972,5,2,5,129,-0.6124
1972,5,3,1,89,0.7266
1972,5,3,2,135,0.1275
1972,5,3,3,132,1.4338
1972,5,3,4,140,2.9481
1972,5,3,5,138,5.4949
1972,6,1,1,306,-4.7272
1972,6,1,2,146,-2.5773
1972,6,1,3,161,-2.9974
1972,6,1,4,148,-5.0632
1972,6,1,5,217,-3.5421
1972,6,2,1,88,-4.4131
1972,6,2,2,78,-3.8765
1972,6,2,3,79,-4.2353
1972,6,2,4,88,-3.4502
1972,6,2,5,136,-2.4690
1972,6,3,1,88,-3.9245
1972,6,3,2,142,-3.0997
1972,6,3,3,125,-1.5933
1972,6,3,4,136,-1.7734
1972,6,3,5,149,-0.1410
1972,7,1,1,273,-4.4439
1972,7,1,2,149,-3.2720
1972,7,1,3,179,-3.4771
1972,7,1,4,164,-3.7381
1972,7,1,5,211,-4.7008
1972,7,2,1,95,-4.8544
1972,7,2,2,89,-1.6055
1972,7,2,3,74,-3.7335
1972,7,2,4,78,-2.8674
1972,7,2,5,132,-3.5287
1972,7,3,1,96,-3.0872
1972,7,3,2,126,-0.6218
1972,7,3,3,128,-0.8499
1972,7,3,4,143,0.9685
1972,7,3,5,147,0.6766
1972,8,1,1,279,0.5420
1972,8,1,2,182,1.3486
1972,8,1,3,143,0.0636
1972,8,1,4,159,-0.9760
1972,8,1,5,217,-0.5628
1972,8,2,1,95,4.3316
1972,8,2,2,78,2.2515
1972,8,2,3,86,2.9253
1972,8,2,4,90,0.3418
1972,8,2,5,112,-0.0569
1972,8,3,1,86,8.4612
1972,8,3,2,132,6.8652
1972,8,3,3,128,5.0781
1972,8,3,4,138,3.9306
1972,8,3,5,165,-0.1680
1972,9,1,1,315,-5.0258
1972,9,1,2,187,-3.3200
1972,9,1,3,153,-4.0853
1972,9,1,4,112,-3.9748
1972,9,1,5,220,-5.2888
1972,9,2,1,98,-3.1016
1972,9,2,2,82,-3.0319
1972,9,2,3,82,-1.6882
1972,9,2,4,92,-2.1663
1972,9,2,5,107,-3.1557
1972,9,3,1,83,-3.3426
1972,9,3,2,127,-0.6856
1972,9,3,3,141,0.2030
1972,9,3,4,144,-1.9224
1972,9,3,5,152,0.4284
1972,10,1,1,320,-2.9444
1972,10,1,2,145,-1.7363
1972,10,1,3,149,-1.5344
1972,10,1,4,165,-3.2933
1972,10,1,5,208,-4.3003
1972,10,2,1,97,-2.3608
1972,10,2,2,85,0.3401
1972,10,2,3,74,-0.1886
1972,10,2,4,89,-1.1755
1972,10,2,5,117,-0.0298
1972,10,3,1,78,0.1793
1972,10,3,2,130,2.8649
1972,10,3,3,144,0.9371
1972,10,3,4,133,0.4780
1972,10,3,5,163,1.5204
1972,11,1,1,313,6.4935
1972,11,1,2,152,6.7810
1972,11,1,3,167,3.2492
1972,11,1,4,157,4.6293
1972,11,1,5,203,3.3940
1972,11,2,1,107,9.4945
1972,11,2,2,80,6.0909
1972,11,2,3,73,5.4272
1972,11,2,4,79,6.6197
1972,11,2,5,123,3.6045
1972,11,3,1,79,10.7554
1972,11,3,2,120,10.0839
1972,11,3,3,147,6.3762
1972,11,3,4,146,3.2290
1972,11,3,5,161,1.6296
1972,12,1,1,385,-4.8325
1972,12,1,2,159,-2.3481
1972,12,1,3,137,-0.2009
1972,12,1,4,126,-2.6883
1972,12,1,5,198,-1.3657
1972,12,2,1,101,-2.9548
1972,12,2,2,97,-0.8821
1972,12,2,3,79,-1.7678
1972,12,2,4,70,-0.3241
1972,12,2,5,111,1.2461
1972,12,3,1,68,-1.4694
1972,12,3,2,121,-1.9632
1972,12,3,3,151,0.4480
1972,12,3,4,159,1.4467
1972,12,3,5,157,3.7559
1973,1,1,1,497,-4.3354
1973,1,1,2,199,-3.5868
1973,1,1,3,104,-3.9304
1973,1,1,4,102,-2.7609
1973,1,1,5,102,-6.5305
1973,1,2,1,105,-7.5758
1973,1,2,2,101,-6.2920
1973,1,2,3,86,-4.3613
1973,1,2,4,70,-4.7608
1973,1,2,5,100,-5.4405
1973,1,3,1,53,-10.5945
1973,1,3,2,103,-6.5982
1973,1,3,3,144,-5.3724
1973,1,3,4,170,0.4619
1973,1,3,5,188,-1.6127
1973,2,1,1,469,-9.7008
1973,2,1,2,211,-9.2932
1973,2,1,3,148,-8.0860
1973,2,1,4,92,-4.4844
1973,2,1,5,91,-8.4949
1973,2,2,1,95,-8.2811
1973,2,2,2,112,-7.6713
1973,2,2,3,87,-8.1961
1973,2,2,4,73,-7.6191
1973,2,2,5,90,-8.9235
1973,2,3,1,61,-11.2701
1973,2,3,2,101,-6.2366
1973,2,3,3,134,-3.0605
1973,2,3,4,171,-2.3792
1973,2,3,5,193,-3.8661
1973,3,1,1,451,-5.0856
1973,3,1,2,243,-1.6316
1973,3,1,3,147,-3.2462
1973,3,1,4,81,-2.6749
1973,3,1,5,90,0.0972
1973,3,2,1,110,-5.9387
1973,3,2,2,111,-4.5348
1973,3,2,3,106,-3.3360
1973,3,2,4,72,-1.0165
1973,3,2,5,64,0.0590
1973,3,3,1,62,-1.2672
1973,3,3,2,94,-2.1453
1973,3,3,3,131,-2.5795
1973,3,3,4,170,-1.9314
1973,3,3,5,199,0.9212
1973,4,1,1,445,-10.2896
1973,4,1,2,237,-7.8583
1973,4,1,3,167,-5.8764
1973,4,1,4,94,-5.7003
1973,4,1,5,77,-4.4970
1973,4,2,1,117,-11.0709
1973,4,2,2,102,-8.6244
1973,4,2,3,97,-6.9138
1973,4,2,4,75,-4.2993
1973,4,2,5,65,-4.4394
1973,4,3,1,55,-10.2859
1973,4,3,2,103,-8.4987
1973,4,3,3,140,-6.6646
1973,4,3,4,159,-2.8341
1973,4,3,5,202,-3.6057
1973,5,1,1,409,-12.4794
1973,5,1,2,269,-9.5692
1973,5,1,3,168,-9.8972
1973,5,1,4,107,-7.0622
1973,5,1,5,71,-7.6878
1973,5,2,1,114,-10.5696
1973,5,2,2,110,-9.1736
1973,5,2,3,96,-9.0423
1973,5,2,4,70,-6.0195
1973,5,2,5,69,-6.3594
1973,5,3,1,64,-9.2603
1973,5,3,2,99,-4.5448
1973,5,3,3,136,-2.7433
1973,5,3,4,163,-1.0407
1973,5,3,5,192,-0.7354
1973,6,1,1,431,-5.2983
1973,6,1,2,268,-3.8135
1973,6,1,3,179,-3.0831
1973,6,1,4,103,-2.0092
1973,6,1,5,50,-4.8545
1973,6,2,1,118,-5.6458
1973,6,2,2,108,-3.7615
1973,6,2,3,99,-3.9926
1973,6,2,4,74,-2.1365
1973,6,2,5,51,-2.1531
1973,6,3,1,60,-8.9135
1973,6,3,2,99,-2.5826
1973,6,3,3,129,-4.1823
1973,6,3,4,159,-1.0964
1973,6,3,5,206,0.1115
1973,7,1,1,405,20.6360
1973,7,1,2,309,14.1425
1973,7,1,3,169,11.8713
1973,7,1,4,101,11.8338
1973,7,1,5,53,13.1042
1973,7,2,1,110,20.7812
1973,7,2,2,114,13.4144
1973,7,2,3,91,10.3766
1973,7,2,4,80,7.2132
1973,7,2,5,58,8.6289
1973,7,3,1,70,19.8304
1973,7,3,2,87,13.4675
1973,7,3,3,137,9.3432
1973,7,3,4,160,3.7997
1973,7,3,5,203,1.9350
1973,8,1,1,413,-7.4257
1973,8,1,2,234,-6.7856
1973,8,1,3,181,-6.1694
1973,8,1,4,98,-5.2679
1973,8,1,5,113,-5.4404
1973,8,2,1,117,-5.8893
1973,8,2,2,104,-5.0656
1973,8,2,3,80,-2.5121
1973,8,2,4,77,-2.5377
1973,8,2,5,74,-1.9365
1973,8,3,1,66,-6.2523
1973,8,3,2,103,-3.6687
1973,8,3,3,146,-3.4389
1973,8,3,4,165,-2.7014
1973,8,3,5,186,-3.2034
1973,9,1,1,425,11.7761
1973,9,1,2,239,8.4166
1973,9,1,3,183,10.0267
1973,9,1,4,108,7.0332
1973,9,1,5,84,6.9779
1973,9,2,1,121,11.6047
1973,9,2,2,102,13.3240
1973,9,2,3,86,11.0929
1973,9,2,4,75,7.6305
1973,9,2,5,75,10.6837
1973,9,3,1,66,13.3466
1973,9,3,2,105,13.9911
1973,9,3,3,139,7.6471
1973,9,3,4,168,-0.0507
1973,9,3,5,184,5.9401
1973,10,1,1,460,-2.0554
1973,10,1,2,233,-0.0515
1973,10,1,3,137,0.9301
1973,10,1,4,105,1.2369
1973,10,1,5,102,3.3874
1973,10,2,1,122,-4.4116
1973,10,2,2,97,-0.8723
1973,10,2,3,71,-0.1990
1973,10,2,4,82,0.5218
1973,10,2,5,89,5.3192
1973,10,3,1,63,-4.8269
1973,10,3,2,116,-0.2340
1973,10,3,3,155,-2.1949
1973,10,3,4,156,0.6011
1973,10,3,5,175,2.5349
1973,11,1,1,408,-22.4584
1973,11,1,2,217,-21.1229
1973,11,1,3,156,-20.7049
1973,11,1,4,134,-18.6881
1973,11,1,5,127,-17.2952
1973,11,2,1,103,-23.5050
1973,11,2,2,92,-19.0660
1973,11,2,3,90,-17.4482
1973,11,2,4,92,-16.4398
1973,11,2,5,89,-17.9210
1973,11,3,1,66,-23.1919
1973,11,3,2,121,-17.7513
1973,11,3,3,140,-11.5955
1973,11,3,4,160,-9.2816
1973,11,3,5,179,-9.6724
1973,12,1,1,910,-8.5920
1973,12,1,2,517,-5.6121
1973,12,1,3,402,-3.9934
1973,12,1,4,275,-3.5709
1973,12,1,5,434,-0.5823
1973,12,2,1,152,-7.2927
1973,12,2,2,139,-2.8669
1973,12,2,3,145,-2.0468
1973,12,2,4,114,-0.7796
1973,12,2,5,161,6.0421
1973,12,3,1,73,-2.0744
1973,12,3,2,133,-4.6533
1973,12,3,3,155,1.9602
1973,12,3,4,192,-0.5305
1973,12,3,5,241,5.3793
1974,1,1,1,1050,23.1651
1974,1,1,2,538,15.0102
1974,1,1,3,352,11.5109
1974,1,1,4,247,10.8610
1974,1,1,5,280,8.2647
1974,1,2,1,157,15.5627
1974,1,2,2,143,10.7516
1974,1,2,3,159,9.8241
1974,1,2,4,123,5.2998
1974,1,2,5,153,5.0743
1974,1,3,1,68,4.0035
1974,1,3,2,120,8.1275
1974,1,3,3,156,1.1436
1974,1,3,4,209,-0.2297
1974,1,3,5,238,-4.5647
1974,2,1,1,910,0.8381
1974,2,1,2,515,0.6482
1974,2,1,3,337,0.3669
1974,2,1,4,313,-0.3937
1974,2,1,5,411,-1.0843
1974,2,2,1,160,-0.4905
1974,2,2,2,123,0.7903
1974,2,2,3,141,0.4374
1974,2,2,4,127,-0.8003
1974,2,2,5,166,0.2540
1974,2,3,1,107,0.0049
1974,2,3,2,135,-1.1995
1974,2,3,3,149,-1.2130
1974,2,3,4,200,1.1716
1974,2,3,5,192,1.7956
1974,3,1,1,879,4.3019
1974,3,1,2,542,3.2977
1974,3,1,3,317,0.5575
1974,3,1,4,338,0.9564
1974,3,1,5,406,-1.1832
1974,3,2,1,156,1.3833
1974,3,2,2,127,0.7109
1974,3,2,3,138,-0.1173
1974,3,2,4,137,-0.8735
1974,3,2,5,161,-2.9715
1974,3,3,1,113,-0.7582
1974,3,3,2,139,-0.5928
1974,3,3,3,158,-2.2468
1974,3,3,4,177,-2.7934
1974,3,3,5,185,-5.1547
1974,4,1,1,791,-5.8474
1974,4,1,2,442,-4.9314
1974,4,1,3,378,-5.3803
1974,4,1,4,374,-5.6050
1974,4,1,5,484,-5.4608
1974,4,2,1,143,-9.0820
1974,4,2,2,134,-6.0790
1974,4,2,3,127,-5.7050
1974,4,2,4,137,-4.3534
1974,4,2,5,183,-6.1035
1974,4,3,1,128,-5.0036
1974,4,3,2,132,-4.4479
1974,4,3,3,167,-3.5620
1974,4,3,4,170,-3.0789
1974,4,3,5,177,-4.3495
1974,5,1,1,622,-8.7845
1974,5,1,2,426,-7.6736
1974,5,1,3,445,-6.2599
1974,5,1,4,449,-7.1202
1974,5,1,5,516,-7.4173
1974,5,2,1,129,-9.2136
1974,5,2,2,117,-6.6238
1974,5,2,3,147,-7.3758
1974,5,2,4,156,-6.2732
1974,5,2,5,170,-8.7789
1974,5,3,1,145,-2.3787
1974,5,3,2,153,-1.3041
1974,5,3,3,155,-1.5686
1974,5,3,4,160,-5.1802
1974,5,3,5,158,-7.0992
1974,6,1,1,621,-2.1953
1974,6,1,2,441,-3.8660
1974,6,1,3,428,-3.4883
1974,6,1,4,404,-2.8496
1974,6,1,5,546,-2.7430
1974,6,2,1,126,-4.3143
1974,6,2,2,137,-3.3301
1974,6,2,3,135,-3.2284
1974,6,2,4,145,-1.8913
1974,6,2,5,162,-1.5469
1974,6,3,1,149,-3.2828
1974,6,3,2,149,-1.5021
1974,6,3,3,160,-0.7303
1974,6,3,4,153,-1.2870
1974,6,3,5,166,-2.4830
1974,7,1,1,687,-6.3555
1974,7,1,2,450,-5.5111
1974,7,1,3,375,-5.3696
1974,7,1,4,399,-4.7270
1974,7,1,5,511,-4.6795
1974,7,2,1,139,-7.5656
1974,7,2,2,139,-4.1774
1974,7,2,3,137,-5.1968
1974,7,2,4,135,-3.3613
1974,7,2,5,156,-2.9977
1974,7,3,1,123,-9.1268
1974,7,3,2,138,-8.0510
1974,7,3,3,160,-9.8226
1974,7,3,4,171,-6.8649
1974,7,3,5,177,-2.7733
1974,8,1,1,632,-9.1335
1974,8,1,2,458,-8.7812
1974,8,1,3,390,-6.8527
1974,8,1,4,393,-7.7385
1974,8,1,5,521,-7.3037
1974,8,2,1,145,-8.6122
1974,8,2,2,118,-9.0966
1974,8,2,3,150,-7.1708
1974,8,2,4,146,-8.3415
1974,8,2,5,158,-6.5774
1974,8,3,1,128,-11.3379
1974,8,3,2,159,-7.9131
1974,8,3,3,143,-9.4458
1974,8,3,4,170,-7.5546
1974,8,3,5,164,-8.6193
1974,9,1,1,552,-10.6009
1974,9,1,2,400,-7.9886
1974,9,1,3,368,-7.4747
1974,9,1,4,420,-7.9717
1974,9,1,5,637,-7.6203
1974,9,2,1,147,-10.8672
1974,9,2,2,124,-9.7469
1974,9,2,3,125,-8.0989
1974,9,2,4,140,-8.0886
1974,9,2,5,162,-9.5094
1974,9,3,1,130,-14.1463
1974,9,3,2,157,-13.0947
1974,9,3,3,156,-11.0694
1974,9,3,4,162,-10.8222
1974,9,3,5,167,-10.6036
1974,10,1,1,557,11.4423
1974,10,1,2,434,7.8046
1974,10,1,3,340,6.7592
1974,10,1,4,387,6.8068
1974,10,1,5,625,9.2275
1974,10,2,1,157,12.9569
1974,10,2,2,128,10.3175
1974,10,2,3,113,7.5929
1974,10,2,4,139,9.8540
1974,10,2,5,165,11.1315
1974,10,3,1,155,21.7344
1974,10,3,2,141,20.1267
1974,10,3,3,165,14.1475
1974,10,3,4,146,12.9522
1974,10,3,5,164,16.3531
1974,11,1,1,603,-6.4319
1974,11,1,2,472,-5.5296
1974,11,1,3,327,-4.9016
1974,11,1,4,358,-6.3637
1974,11,1,5,538,-5.3405
1974,11,2,1,158,-5.8879
1974,11,2,2,146,-4.4876
1974,11,2,3,113,-3.7282
1974,11,2,4,137,-4.8769
1974,11,2,5,162,-4.7584
1974,11,3,1,126,-6.2259
1974,11,3,2,150,-4.7769
1974,11,3,3,166,-3.7017
1974,11,3,4,168,-3.4449
1974,11,3,5,168,-3.0633
1974,12,1,1,589,-8.3736
1974,12,1,2,341,-9.7229
1974,12,1,3,288,-8.7993
1974,12,1,4,373,-9.1327
1974,12,1,5,669,-7.4450
1974,12,2,1,169,-3.8588
1974,12,2,2,133,-7.1732
1974,12,2,3,102,-6.2502
1974,12,2,4,139,-4.6943
1974,12,2,5,188,-6.8026
1974,12,3,1,139,-4.2929
1974,12,3,2,158,-3.0571
1974,12,3,3,162,-2.1149
1974,12,3,4,171,-1.3244
1974,12,3,5,146,-1.3132
1975,1,1,1,780,47.3115
1975,1,1,2,410,35.4213
1975,1,1,3,309,30.6511
1975,1,1,4,324,22.0253
1975,1,1,5,402,14.8679
1975,1,2,1,158,37.6036
1975,1,2,2,140,31.6202
1975,1,2,3,148,27.5431
1975,1,2,4,140,20.7713
1975,1,2,5,152,13.0640
1975,1,3,1,90,32.8304
1975,1,3,2,118,21.5277
1975,1,3,3,160,16.6274
1975,1,3,4,192,11.8694
1975,1,3,5,208,4.4641
1975,2,1,1,747,8.4281
1975,2,1,2,362,5.2012
1975,2,1,3,318,4.1467
1975,2,1,4,262,3.8141
1975,2,1,5,551,3.2818
1975,2,2,1,155,7.4671
1975,2,2,2,127,5.2293
1975,2,2,3,135,2.9111
1975,2,2,4,115,2.5493
1975,2,2,5,170,5.9757
1975,2,3,1,135,10.8321
1975,2,3,2,148,9.0716
1975,2,3,3,162,5.2496
1975,2,3,4,168,3.7913
1975,2,3,5,148,4.4533
1975,3,1,1,775,15.3809
1975,3,1,2,389,7.9219
1975,3,1,3,286,8.7100
1975,3,1,4,290,7.9075
1975,3,1,5,487,6.1145
1975,3,2,1,152,10.5383
1975,3,2,2,132,6.4563
1975,3,2,3,133,2.8450
1975,3,2,4,134,4.9343
1975,3,2,5,165,6.3875
1975,3,3,1,103,6.9125
1975,3,3,2,152,3.1240
1975,3,3,3,174,0.5588
1975,3,3,4,174,0.4384
1975,3,3,5,158,7.8312
1975,4,1,1,740,3.1183
1975,4,1,2,366,3.0388
1975,4,1,3,267,2.3871
1975,4,1,4,356,2.3316
1975,4,1,5,528,6.9038
1975,4,2,1,156,3.3375
1975,4,2,2,108,2.8649
1975,4,2,3,138,3.3139
1975,4,2,4,124,6.7154
1975,4,2,5,162,6.9283
1975,4,3,1,130,6.8494
1975,4,3,2,157,4.5912
1975,4,3,3,153,3.0522
1975,4,3,4,176,4.5842
1975,4,3,5,143,8.4053
1975,5,1,1,751,7.7330
1975,5,1,2,345,6.9515
1975,5,1,3,341,7.0227
1975,5,1,4,307,8.4873
1975,5,1,5,504,10.0241
1975,5,2,1,150,8.9702
1975,5,2,2,118,7.3557
1975,5,2,3,119,6.2953
1975,5,2,4,126,7.0709
1975,5,2,5,186,8.9161
1975,5,3,1,118,6.8251
1975,5,3,2,168,5.6002
1975,5,3,3,162,4.7003
1975,5,3,4,169,4.2170
1975,5,3,5,142,4.2034
1975,6,1,1,749,9.1026
1975,6,1,2,338,8.8807
1975,6,1,3,294,8.5882
1975,6,1,4,347,8.4132
1975,6,1,5,502,6.7692
1975,6,2,1,143,7.0901
1975,6,2,2,113,6.0577
1975,6,2,3,115,7.2571
1975,6,2,4,127,7.1169
1975,6,2,5,202,5.2676
1975,6,3,1,122,5.9882
1975,6,3,2,165,3.4720
1975,6,3,3,164,6.3298
1975,6,3,4,179,5.2957
1975,6,3,5,130,5.1983
1975,7,1,1,721,1.9506
1975,7,1,2,338,-0.0247
1975,7,1,3,315,0.3885
1975,7,1,4,297,-1.5272
1975,7,1,5,550,-3.5201
1975,7,2,1,137,-1.9273
1975,7,2,2,128,-2.1912
1975,7,2,3,116,-3.6139
1975,7,2,4,110,-3.9834
1975,7,2,5,208,-5.6257
1975,7,3,1,117,-7.7809
1975,7,3,2,164,-5.3700
1975,7,3,3,183,-6.9308
1975,7,3,4,160,-6.3265
1975,7,3,5,132,-5.6264
1975,8,1,1,600,-5.1682
1975,8,1,2,332,-5.0868
1975,8,1,3,326,-5.2216
1975,8,1,4,348,-6.9840
1975,8,1,5,606,-6.7102
1975,8,2,1,135,-3.1543
1975,8,2,2,133,-4.1511
1975,8,2,3,108,-4.0658
1975,8,2,4,125,-5.0446
1975,8,2,5,206,-5.3237
1975,8,3,1,126,-2.3579
1975,8,3,2,163,-1.3911
1975,8,3,3,183,-0.9415
1975,8,3,4,161,-1.8612
1975,8,3,5,118,-2.3411
1975,9,1,1,643,-2.7832
1975,9,1,2,323,-2.8600
1975,9,1,3,321,-3.2722
1975,9,1,4,369,-3.6421
1975,9,1,5,553,-3.9875
1975,9,2,1,143,-2.7054
1975,9,2,2,132,-3.4074
1975,9,2,3,114,-2.8096
1975,9,2,4,123,-4.4573
1975,9,2,5,196,-4.2152
1975,9,3,1,119,-3.9768
1975,9,3,2,167,-3.2639
1975,9,3,3,176,-2.1812
1975,9,3,4,152,-4.7602
1975,9,3,5,139,-2.6809
1975,10,1,1,525,-0.0811
1975,10,1,2,343,1.5299
1975,10,1,3,326,1.6879
1975,10,1,4,392,0.8768
1975,10,1,5,623,2.5055
1975,10,2,1,133,1.9579
1975,10,2,2,133,3.1397
1975,10,2,3,124,2.2634
1975,10,2,4,131,4.4015
1975,10,2,5,188,3.0295
1975,10,3,1,168,6.8918
1975,10,3,2,162,6.8502
1975,10,3,3,166,5.2427
1975,10,3,4,136,7.2586
1975,10,3,5,122,4.4050
1975,11,1,1,579,0.9167
1975,11,1,2,341,2.0167
1975,11,1,3,340,2.6435
1975,11,1,4,346,2.1233
1975,11,1,5,606,2.2497
1975,11,2,1,125,1.2111
1975,11,2,2,138,4.3357
1975,11,2,3,118,3.0666
1975,11,2,4,124,3.7360
1975,11,2,5,196,2.3648
1975,11,3,1,157,3.0274
1975,11,3,2,167,2.8048
1975,11,3,3,158,2.5730
1975,11,3,4,153,3.4842
1975,11,3,5,124,4.1791
1975,12,1,1,530,0.8000
1975,12,1,2,374,-0.6081
1975,12,1,3,328,-0.8012
1975,12,1,4,348,-1.3358
1975,12,1,5,641,-2.6544
1975,12,2,1,132,0.6712
1975,12,2,2,122,-0.7159
1975,12,2,3,137,-0.7689
1975,12,2,4,113,-0.9671
1975,12,2,5,195,-2.9813
1975,12,3,1,175,-1.6061
1975,12,3,2,173,-0.3614
1975,12,3,3,149,-2.4877
1975,12,3,4,149,0.0058
1975,12,3,5,112,-1.9011
1976,1,1,1,706,22.7484
1976,1,1,2,316,21.3102
1976,1,1,3,298,20.5469
1976,1,1,4,319,19.6536
1976,1,1,5,581,20.6784
1976,1,2,1,149,18.0941
1976,1,2,2,132,17.2706
1976,1,2,3,114,18.8526
1976,1,2,4,129,18.1807
1976,1,2,5,189,17.8690
1976,1,3,1,108,14.2189
1976,1,3,2,175,9.1315
1976,1,3,3,177,12.0459
1976,1,3,4,152,12.8535
1976,1,3,5,144,16.5611
1976,2,1,1,607,11.0324
1976,2,1,2,320,12.3271
1976,2,1,3,317,11.3437
1976,2,1,4,338,9.7761
1976,2,1,5,582,11.4957
1976,2,2,1,150,7.4141
1976,2,2,2,130,6.7316
1976,2,2,3,115,7.5870
1976,2,2,4,131,8.4458
1976,2,2,5,179,7.3652
1976,2,3,1,156,-1.3468
1976,2,3,2,186,-1.7421
1976,2,3,3,164,0.4395
1976,2,3,4,141,1.8942
1976,2,3,5,112,3.6902
1976,3,1,1,517,-0.0111
1976,3,1,2,285,0.9551
1976,3,1,3,342,1.1422
1976,3,1,4,360,2.2622
1976,3,1,5,681,1.6995
1976,3,2,1,125,0.8879
1976,3,2,2,107,0.8839
1976,3,2,3,134,1.8494
1976,3,2,4,141,2.6338
1976,3,2,5,179,1.2127
1976,3,3,1,177,3.7224
1976,3,3,2,180,3.7225
1976,3,3,3,146,1.6669
1976,3,3,4,139,1.6044
1976,3,3,5,113,-0.0538
1976,4,1,1,497,-0.1701
1976,4,1,2,258,-0.3192
1976,4,1,3,308,-0.6494
1976,4,1,4,408,-0.6525
1976,4,1,5,713,-2.5903
1976,4,2,1,135,-0.6353
1976,4,2,2,117,-0.4930
1976,4,2,3,126,-1.4914
1976,4,2,4,127,-0.7064
1976,4,2,5,179,-2.1975
1976,4,3,1,187,-2.1170
1976,4,3,2,167,-0.5560
1976,4,3,3,162,-0.8434
1976,4,3,4,137,0.1834
1976,4,3,5,95,-1.2797
1976,5,1,1,506,0.1644
1976,5,1,2,243,-1.6875
1976,5,1,3,305,-1.3577
1976,5,1,4,399,-1.1273
1976,5,1,5,716,-4.5869
1976,5,2,1,139,-0.5965
1976,5,2,2,112,-1.1579
1976,5,2,3,135,-0.1771
1976,5,2,4,123,-2.1049
1976,5,2,5,180,-3.0348
1976,5,3,1,170,-1.3160
1976,5,3,2,170,0.2232
1976,5,3,3,150,-1.1836
1976,5,3,4,152,0.4461
1976,5,3,5,100,-2.3679
1976,6,1,1,479,3.0569
1976,6,1,2,309,2.4134
1976,6,1,3,300,1.5585
1976,6,1,4,379,2.5704
1976,6,1,5,723,2.0751
1976,6,2,1,123,4.7478
1976,6,2,2,125,3.7549
1976,6,2,3,126,3.9394
1976,6,2,4,146,4.5281
1976,6,2,5,173,4.5417
1976,6,3,1,168,5.7915
1976,6,3,2,160,4.4564
1976,6,3,3,171,3.3315
1976,6,3,4,123,5.0673
1976,6,3,5,122,3.0987
1976,7,1,1,682,-0.1443
1976,7,1,2,292,1.2718
1976,7,1,3,316,0.9428
1976,7,1,4,363,0.4602
1976,7,1,5,528,-1.2306
1976,7,2,1,157,-0.1793
1976,7,2,2,118,1.2932
1976,7,2,3,119,1.9121
1976,7,2,4,136,0.5387
1976,7,2,5,165,-1.7979
1976,7,3,1,149,-0.6520
1976,7,3,2,164,-0.5913
1976,7,3,3,159,0.1934
1976,7,3,4,139,-1.8346
1976,7,3,5,128,-2.7178
1976,8,1,1,661,-2.1886
1976,8,1,2,272,-0.9851
1976,8,1,3,289,-2.0487
1976,8,1,4,387,-1.9858
1976,8,1,5,594,-2.3556
1976,8,2,1,153,-2.5447
1976,8,2,2,106,-2.6141
1976,8,2,3,112,-1.0859
1976,8,2,4,138,-2.2778
1976,8,2,5,178,-2.7698
1976,8,3,1,161,0.8549
1976,8,3,2,160,-0.2509
1976,8,3,3,176,0.5356
1976,8,3,4,135,-0.1663
1976,8,3,5,107,-3.2019
1976,9,1,1,627,1.4545
1976,9,1,2,267,1.6745
1976,9,1,3,276,3.2882
1976,9,1,4,339,2.5173
1976,9,1,5,550,1.3457
1976,9,2,1,146,3.5798
1976,9,2,2,105,3.8421
1976,9,2,3,119,4.8240
1976,9,2,4,123,1.4649
1976,9,2,5,169,3.0474
1976,9,3,1,147,2.6614
1976,9,3,2,173,2.3893
1976,9,3,3,166,3.1223
1976,9,3,4,136,2.9855
1976,9,3,5,107,1.2067
1976,10,1,1,578,-2.3423
1976,10,1,2,242,-1.0157
1976,10,1,3,263,-2.0272
1976,10,1,4,374,-2.1766
1976,10,1,5,585,-2.2248
1976,10,2,1,125,-2.7575
1976,10,2,2,114,-1.0676
1976,10,2,3,119,-1.3029
1976,10,2,4,148,-3.0353
1976,10,2,5,167,-2.9777
1976,10,3,1,171,-2.1703
1976,10,3,2,165,-2.2787
1976,10,3,3,154,-1.6536
1976,10,3,4,147,-2.6035
1976,10,3,5,105,-5.7063
1976,11,1,1,525,2.8043
1976,11,1,2,276,2.8998
1976,11,1,3,284,3.3577
1976,11,1,4,352,2.5606
1976,11,1,5,608,3.1919
1976,11,2,1,108,4.1480
1976,11,2,2,109,4.2660
1976,11,2,3,118,3.1438
1976,11,2,4,142,3.8452
1976,11,2,5,183,4.8909
1976,11,3,1,173,-2.3987
1976,11,3,2,167,1.4969
1976,11,3,3,146,0.6711
1976,11,3,4,142,1.5031
1976,11,3,5,105,3.1180
1976,12,1,1,572,13.4496
1976,12,1,2,243,9.2175
1976,12,1,3,257,8.8326
1976,12,1,4,369,9.9574
1976,12,1,5,604,10.1201
1976,12,2,1,115,11.6008
1976,12,2,2,100,7.1410
1976,12,2,3,124,8.7215
1976,12,2,4,124,9.6141
1976,12,2,5,200,8.4574
1976,12,3,1,175,5.1639
1976,12,3,2,173,4.7446
1976,12,3,3,155,5.0518
1976,12,3,4,142,7.1318
1976,12,3,5,102,7.0415
1977,1,1,1,563,4.0576
1977,1,1,2,305,4.6838
1977,1,1,3,252,4.2125
1977,1,1,4,302,4.6522
1977,1,1,5,638,4.2426
1977,1,2,1,101,-2.8112
1977,1,2,2,106,1.0909
1977,1,2,3,127,2.5729
1977,1,2,4,124,1.4752
1977,1,2,5,205,2.6231
1977,1,3,1,157,-9.3013
1977,1,3,2,168,-3.9677
1977,1,3,3,160,-1.9839
1977,1,3,4,149,-2.5569
1977,1,3,5,110,-0.9740
1977,2,1,1,572,-1.0432
1977,2,1,2,359,-0.6267
1977,2,1,3,294,-0.4983
1977,2,1,4,238,-0.3051
1977,2,1,5,622,0.4171
1977,2,2,1,97,-2.6269
1977,2,2,2,121,0.7790
1977,2,2,3,115,0.3862
1977,2,2,4,132,-1.6379
1977,2,2,5,186,-1.1390
1977,2,3,1,144,-1.0083
1977,2,3,2,153,-1.5934
1977,2,3,3,164,-0.7363
1977,2,3,4,154,-2.9450
1977,2,3,5,118,-3.5049
1977,3,1,1,531,-0.3107
1977,3,1,2,387,1.1384
1977,3,1,3,263,2.8136
1977,3,1,4,265,1.1492
1977,3,1,5,645,1.2276
1977,3,2,1,97,1.6619
1977,3,2,2,102,-0.1113
1977,3,2,3,118,0.5137
1977,3,2,4,143,1.2109
1977,3,2,5,198,-0.5636
1977,3,3,1,138,-2.5179
1977,3,3,2,161,-1.1326
1977,3,3,3,167,-0.8247
1977,3,3,4,149,-0.7970
1977,3,3,5,115,-1.1139
1977,4,1,1,526,-0.2735
1977,4,1,2,382,1.1948
1977,4,1,3,245,1.7150
1977,4,1,4,267,2.2098
1977,4,1,5,686,2.5780
1977,4,2,1,96,-2.0056
1977,4,2,2,109,0.7017
1977,4,2,3,111,1.5564
1977,4,2,4,137,2.1428
1977,4,2,5,197,2.6850
1977,4,3,1,151,-2.7587
1977,4,3,2,160,0.6361
1977,4,3,3,176,0.7969
1977,4,3,4,134,1.9054
1977,4,3,5,114,3.5494
1977,5,1,1,491,-0.8462
1977,5,1,2,391,0.0986
1977,5,1,3,283,0.6874
1977,5,1,4,279,0.9068
1977,5,1,5,680,-0.0633
1977,5,2,1,85,-1.6931
1977,5,2,2,99,0.2480
1977,5,2,3,138,0.6035
1977,5,2,4,124,0.8234
1977,5,2,5,193,0.1902
1977,5,3,1,158,-3.4984
1977,5,3,2,165,-1.9074
1977,5,3,3,150,0.3268
1977,5,3,4,151,0.4315
1977,5,3,5,113,0.0685
1977,6,1,1,429,5.9086
1977,6,1,2,303,6.1958
1977,6,1,3,339,5.7062
1977,6,1,4,322,5.9927
1977,6,1,5,744,6.7880
1977,6,2,1,90,4.4385
1977,6,2,2,95,6.3769
1977,6,2,3,126,7.0592
1977,6,2,4,141,7.2647
1977,6,2,5,189,8.4694
1977,6,3,1,151,5.5443
1977,6,3,2,174,5.4000
1977,6,3,3,144,4.3087
1977,6,3,4,157,3.1207
1977,6,3,5,105,6.3362
1977,7,1,1,448,-0.1384
1977,7,1,2,330,0.9744
1977,7,1,3,307,1.4953
1977,7,1,4,338,1.3805
1977,7,1,5,711,0.5121
1977,7,2,1,85,-0.5442
1977,7,2,2,115,-0.7767
1977,7,2,3,106,0.4196
1977,7,2,4,126,0.1861
1977,7,2,5,220,-2.0238
1977,7,3,1,152,-2.1552
1977,7,3,2,165,-1.3669
1977,7,3,3,177,-1.1101
1977,7,3,4,144,-1.6516
1977,7,3,5,96,-2.9020
1977,8,1,1,380,-2.0026
1977,8,1,2,287,-0.2079
1977,8,1,3,282,-0.1116
1977,8,1,4,385,-0.1655
1977,8,1,5,798,-0.3020
1977,8,2,1,69,1.7496
1977,8,2,2,97,-1.9872
1977,8,2,3,113,-1.5364
1977,8,2,4,150,-0.2310
1977,8,2,5,219,-0.5876
1977,8,3,1,167,2.0846
1977,8,3,2,185,-2.1084
1977,8,3,3,164,-3.4896
1977,8,3,4,135,-3.7337
1977,8,3,5,86,-3.3513
1977,9,1,1,427,0.3501
1977,9,1,2,262,2.6189
1977,9,1,3,248,0.7464
1977,9,1,4,397,1.5189
1977,9,1,5,979,1.6348
1977,9,2,1,75,-1.8526
1977,9,2,2,93,2.2186
1977,9,2,3,119,1.1011
1977,9,2,4,140,1.6086
1977,9,2,5,238,1.9271
1977,9,3,1,169,-1.4955
1977,9,3,2,183,0.0929
1977,9,3,3,161,1.5986
1977,9,3,4,136,0.7777
1977,9,3,5,92,1.1206
1977,10,1,1,397,-2.2198
1977,10,1,2,262,-2.3826
1977,10,1,3,288,-1.5548
1977,10,1,4,402,-1.9636
1977,10,1,5,956,-2.6149
1977,10,2,1,80,-2.2468
1977,10,2,2,78,-2.4438
1977,10,2,3,124,-2.6147
1977,10,2,4,148,-1.2328
1977,10,2,5,239,-4.7937
1977,10,3,1,174,-4.2454
1977,10,3,2,180,-3.2946
1977,10,3,3,162,-4.2835
1977,10,3,4,134,-3.8070
1977,10,3,5,89,-5.1399
1977,11,1,1,380,7.9551
1977,11,1,2,218,8.3787
1977,11,1,3,272,7.6817
1977,11,1,4,388,7.2291
1977,11,1,5,1067,8.5598
1977,11,2,1,83,7.3161
1977,11,2,2,83,7.6800
1977,11,2,3,110,8.2411
1977,11,2,4,151,8.2629
1977,11,2,5,227,8.6391
1977,11,3,1,168,3.4888
1977,11,3,2,190,3.5198
1977,11,3,3,153,3.9867
1977,11,3,4,141,4.8814
1977,11,3,5,86,7.7819
1977,12,1,1,426,2.3464
1977,12,1,2,258,1.4850
1977,12,1,3,263,1.4621
1977,12,1,4,404,2.5618
1977,12,1,5,966,3.3972
1977,12,2,1,83,1.6842
1977,12,2,2,97,0.9101
1977,12,2,3,115,0.7812
1977,12,2,4,145,2.3883
1977,12,2,5,219,2.0574
1977,12,3,1,166,0.6701
1977,12,3,2,185,0.7546
1977,12,3,3,173,0.0683
1977,12,3,4,128,1.3826
1977,12,3,5,78,1.7733
1978,1,1,1,519,0.5392
1978,1,1,2,259,-0.8097
1978,1,1,3,257,-1.4722
1978,1,1,4,333,-1.6998
1978,1,1,5,927,-1.5389
1978,1,2,1,100,-2.4219
1978,1,2,2,102,-2.6713
1978,1,2,3,106,-3.5933
1978,1,2,4,125,-4.3992
1978,1,2,5,246,-5.1105
1978,1,3,1,145,-5.9587
1978,1,3,2,167,-6.1061
1978,1,3,3,175,-4.4670
1978,1,3,4,147,-6.8763
1978,1,3,5,95,-7.1514
1978,2,1,1,454,2.1187
1978,2,1,2,273,2.4217
1978,2,1,3,250,2.9402
1978,2,1,4,384,3.7928
1978,2,1,5,935,3.9584
1978,2,2,1,86,0.9658
1978,2,2,2,103,1.4183
1978,2,2,3,123,1.7334
1978,2,2,4,129,2.6321
1978,2,2,5,241,1.8778
1978,2,3,1,154,-3.3871
1978,2,3,2,165,-1.0499
1978,2,3,3,177,-1.0067
1978,2,3,4,139,-1.0079
1978,2,3,5,91,-0.0063
1978,3,1,1,419,7.1217
1978,3,1,2,257,7.4186
1978,3,1,3,234,4.5702
1978,3,1,4,453,6.6614
1978,3,1,5,934,8.6275
1978,3,2,1,83,4.0228
1978,3,2,2,94,5.2844
1978,3,2,3,106,5.5103
1978,3,2,4,162,6.4043
1978,3,2,5,228,7.0615
1978,3,3,1,160,2.9640
1978,3,3,2,172,2.0132
1978,3,3,3,170,2.6727
1978,3,3,4,137,3.8959
1978,3,3,5,92,5.4970
1978,4,1,1,369,10.8675
1978,4,1,2,265,6.4522
1978,4,1,3,285,5.9814
1978,4,1,4,461,8.7961
1978,4,1,5,916,8.8429
1978,4,2,1,87,6.2570
1978,4,2,2,95,6.2374
1978,4,2,3,97,6.8007
1978,4,2,4,162,7.1729
1978,4,2,5,225,9.3616
1978,4,3,1,165,11.4563
1978,4,3,2,173,8.1160
1978,4,3,3,179,5.2384
1978,4,3,4,134,9.2180
1978,4,3,5,78,9.6045
1978,5,1,1,380,7.5791
1978,5,1,2,223,5.0628
1978,5,1,3,373,5.6327
1978,5,1,4,408,6.1788
1978,5,1,5,889,9.0293
1978,5,2,1,88,5.5751
1978,5,2,2,94,4.3981
1978,5,2,3,117,5.2712
1978,5,2,4,151,6.2331
1978,5,2,5,227,7.4663
1978,5,3,1,172,2.3264
1978,5,3,2,168,-0.2048
1978,5,3,3,173,2.0990
1978,5,3,4,135,3.1606
1978,5,3,5,78,7.5457
1978,6,1,1,295,-0.9044
1978,6,1,2,236,-0.3266
1978,6,1,3,316,0.8618
1978,6,1,4,420,0.2623
1978,6,1,5,1005,0.3146
1978,6,2,1,83,-1.3251
1978,6,2,2,95,0.7084
1978,6,2,3,100,-1.5021
1978,6,2,4,164,-0.5881
1978,6,2,5,227,1.3573
1978,6,3,1,158,-3.0508
1978,6,3,2,189,-1.0256
1978,6,3,3,168,-1.1537
1978,6,3,4,122,-0.4617
1978,6,3,5,85,1.2988
1978,7,1,1,302,3.9936
1978,7,1,2,247,4.0865
1978,7,1,3,302,3.3418
1978,7,1,4,422,5.4124
1978,7,1,5,967,6.8470
1978,7,2,1,90,3.5640
1978,7,2,2,88,5.0635
1978,7,2,3,134,4.8591
1978,7,2,4,140,6.4091
1978,7,2,5,227,8.9737
1978,7,3,1,161,4.5119
1978,7,3,2,180,4.7433
1978,7,3,3,161,6.3038
1978,7,3,4,125,8.3495
1978,7,3,5,96,10.6787
1978,8,1,1,361,6.7965
1978,8,1,2,227,6.1803
1978,8,1,3,353,8.0341
1978,8,1,4,410,9.5792
1978,8,1,5,871,10.4386
1978,8,2,1,101,7.8648
1978,8,2,2,95,5.8280
1978,8,2,3,119,6.7687
1978,8,2,4,140,8.0766
1978,8,2,5,228,10.9883
1978,8,3,1,157,3.8592
1978,8,3,2,175,2.7623
1978,8,3,3,151,3.2398
1978,8,3,4,136,2.9988
1978,8,3,5,100,8.5303
1978,9,1,1,315,1.7010
1978,9,1,2,238,1.5072
1978,9,1,3,350,0.6497
1978,9,1,4,424,0.0678
1978,9,1,5,881,-0.9135
1978,9,2,1,88,0.6200
1978,9,2,2,103,0.7758
1978,9,2,3,117,-1.6129
1978,9,2,4,150,-1.1181
1978,9,2,5,220,-4.3672
1978,9,3,1,165,1.2520
1978,9,3,2,175,-0.6497
1978,9,3,3,161,-1.8728
1978,9,3,4,123,-2.9965
1978,9,3,5,97,-5.2035
1978,10,1,1,306,-15.6163
1978,10,1,2,230,-15.6493
1978,10,1,3,334,-19.0812
1978,10,1,4,430,-22.1918
1978,10,1,5,899,-26.6035
1978,10,2,1,93,-14.7022
1978,10,2,2,98,-14.6906
1978,10,2,3,112,-17.7330
1978,10,2,4,150,-20.6614
1978,10,2,5,228,-24.3581
1978,10,3,1,156,-8.0235
1978,10,3,2,188,-7.9726
1978,10,3,3,158,-11.0834
1978,10,3,4,126,-14.4117
1978,10,3,5,87,-19.2258
1978,11,1,1,392,5.7776
1978,11,1,2,185,6.1069
1978,11,1,3,280,4.8739
1978,11,1,4,367,6.5880
1978,11,1,5,959,7.2999
1978,11,2,1,127,8.1070
1978,11,2,2,99,4.7049
1978,11,2,3,110,4.2250
1978,11,2,4,128,5.8664
1978,11,2,5,220,9.2393
1978,11,3,1,124,3.2851
1978,11,3,2,168,1.7104
1978,11,3,3,160,2.8595
1978,11,3,4,148,3.7776
1978,11,3,5,122,7.2851
1978,12,1,1,399,0.9566
1978,12,1,2,221,1.1158
1978,12,1,3,262,0.7304
1978,12,1,4,460,1.3000
1978,12,1,5,836,2.8846
1978,12,2,1,122,0.9404
1978,12,2,2,94,0.6982
1978,12,2,3,117,1.7328
1978,12,2,4,136,3.2315
1978,12,2,5,214,3.5115
1978,12,3,1,124,-1.2656
1978,12,3,2,173,0.1808
1978,12,3,3,165,2.9079
1978,12,3,4,143,2.9494
1978,12,3,5,113,2.4720
1979,1,1,1,449,12.9104
1979,1,1,2,287,9.8470
1979,1,1,3,320,10.2327
1979,1,1,4,378,11.5298
1979,1,1,5,731,9.8259
1979,1,2,1,114,12.2107
1979,1,2,2,99,6.5914
1979,1,2,3,112,8.4444
1979,1,2,4,122,7.2130
1979,1,2,5,234,7.7445
1979,1,3,1,106,8.2696
1979,1,3,2,164,5.7399
1979,1,3,3,167,3.2622
1979,1,3,4,158,3.1566
1979,1,3,5,125,4.1418
1979,2,1,1,507,-0.6937
1979,2,1,2,225,-1.1083
1979,2,1,3,332,-1.5940
1979,2,1,4,371,-2.1319
1979,2,1,5,725,-2.9068
1979,2,2,1,113,-3.7338
1979,2,2,2,111,-1.3673
1979,2,2,3,110,-1.6364
1979,2,2,4,129,-2.6615
1979,2,2,5,216,-4.6881
1979,2,3,1,123,-2.6281
1979,2,3,2,157,-1.8522
1979,2,3,3,171,-2.5491
1979,2,3,4,149,-3.8147
1979,2,3,5,111,-5.1635
1979,3,1,1,492,9.0780
1979,3,1,2,223,7.5140
1979,3,1,3,288,7.1182
1979,3,1,4,348,8.1235
1979,3,1,5,813,9.1032
1979,3,2,1,108,9.1804
1979,3,2,2,99,7.5652
1979,3,2,3,113,8.9009
1979,3,2,4,123,10.5324
1979,3,2,5,225,11.9600
1979,3,3,1,103,5.5233
1979,3,3,2,172,3.3588
1979,3,3,3,164,6.3770
1979,3,3,4,148,6.7552
1979,3,3,5,121,9.1920
1979,4,1,1,502,2.8567
1979,4,1,2,207,2.9474
1979,4,1,3,312,1.6070
1979,4,1,4,396,3.1538
1979,4,1,5,743,2.8154
1979,4,2,1,111,3.0130
1979,4,2,2,91,2.2829
1979,4,2,3,108,0.3594
1979,4,2,4,146,3.0065
1979,4,2,5,229,2.8862
1979,4,3,1,105,1.0749
1979,4,3,2,178,-0.9920
1979,4,3,3,156,-0.1343
1979,4,3,4,140,0.9812
1979,4,3,5,125,1.2730
1979,5,1,1,541,-0.3593
1979,5,1,2,263,-1.2443
1979,5,1,3,273,-0.0404
1979,5,1,4,366,-1.7788
1979,5,1,5,704,-0.9942
1979,5,2,1,105,-3.0661
1979,5,2,2,93,-1.2060
1979,5,2,3,114,-0.9882
1979,5,2,4,149,-1.6097
1979,5,2,5,229,-1.9063
1979,5,3,1,110,-1.0640
1979,5,3,2,169,-0.2131
1979,5,3,3,157,-0.9678
1979,5,3,4,148,-2.9528
1979,5,3,5,124,-2.6913
1979,6,1,1,570,5.3219
1979,6,1,2,260,4.1549
1979,6,1,3,261,4.4584
1979,6,1,4,407,5.8225
1979,6,1,5,654,5.8951
1979,6,2,1,110,4.5230
1979,6,2,2,95,4.5460
1979,6,2,3,122,5.6965
1979,6,2,4,146,5.3320
1979,6,2,5,212,4.7060
1979,6,3,1,105,4.4560
1979,6,3,2,173,3.1538
1979,6,3,3,156,3.8406
1979,6,3,4,158,3.7457
1979,6,3,5,120,7.7542
1979,7,1,1,560,2.9516
1979,7,1,2,244,2.4129
1979,7,1,3,257,3.6619
1979,7,1,4,412,2.6435
1979,7,1,5,678,1.6743
1979,7,2,1,112,4.6846
1979,7,2,2,113,4.4737
1979,7,2,3,102,3.5401
1979,7,2,4,148,1.9552
1979,7,2,5,192,1.3827
1979,7,3,1,113,2.0307
1979,7,3,2,164,0.9518
1979,7,3,3,154,0.2023
1979,7,3,4,142,2.4259
1979,7,3,5,137,0.8282
1979,8,1,1,627,9.2624
1979,8,1,2,293,8.7903
1979,8,1,3,290,8.1708
1979,8,1,4,376,6.6064
1979,8,1,5,562,7.5366
1979,8,2,1,119,9.8573
1979,8,2,2,111,8.5123
1979,8,2,3,99,7.0216
1979,8,2,4,149,7.0222
1979,8,2,5,190,8.0848
1979,8,3,1,93,8.7124
1979,8,3,2,164,4.2114
1979,8,3,3,169,6.5186
1979,8,3,4,136,6.2567
1979,8,3,5,147,7.8204
1979,9,1,1,720,-2.5819
1979,9,1,2,268,-1.3611
1979,9,1,3,320,0.1616
1979,9,1,4,311,0.9994
1979,9,1,5,558,0.6310
1979,9,2,1,112,-2.9457
1979,9,2,2,100,-0.8434
1979,9,2,3,118,-1.0113
1979,9,2,4,131,-0.7336
1979,9,2,5,195,3.2915
1979,9,3,1,113,-3.1833
1979,9,3,2,151,-2.0014
1979,9,3,3,158,1.3433
1979,9,3,4,147,3.0128
1979,9,3,5,139,2.9927
1979,10,1,1,572,-10.2267
1979,10,1,2,303,-11.1948
1979,10,1,3,366,-10.5386
1979,10,1,4,368,-11.2161
1979,10,1,5,567,-10.8620
1979,10,2,1,81,-9.1709
1979,10,2,2,125,-9.7093
1979,10,2,3,116,-10.5874
1979,10,2,4,137,-11.7186
1979,10,2,5,199,-8.6560
1979,10,3,1,155,-6.5993
1979,10,3,2,147,-8.2744
1979,10,3,3,143,-6.8711
1979,10,3,4,126,-4.4332
1979,10,3,5,141,-4.8685
1979,11,1,1,572,3.9211
1979,11,1,2,297,5.7335
1979,11,1,3,340,6.1268
1979,11,1,4,361,8.6141
1979,11,1,5,573,12.1190
1979,11,2,1,112,5.0926
1979,11,2,2,120,5.4276
1979,11,2,3,121,7.1229
1979,11,2,4,131,9.8556
1979,11,2,5,197,13.0709
1979,11,3,1,115,3.8942
1979,11,3,2,143,1.9689
1979,11,3,3,157,5.7760
1979,11,3,4,152,7.4612
1979,11,3,5,149,11.3420
1979,12,1,1,642,5.6396
1979,12,1,2,272,3.9775
1979,12,1,3,360,6.4281
1979,12,1,4,387,8.6089
1979,12,1,5,484,11.0995
1979,12,2,1,110,4.2991
1979,12,2,2,119,2.6372
1979,12,2,3,127,3.7223
1979,12,2,4,137,6.8929
1979,12,2,5,191,10.3746
1979,12,3,1,117,-0.2023
1979,12,3,2,157,1.8153
1979,12,3,3,143,1.1308
1979,12,3,4,144,3.2331
1979,12,3,5,153,6.9136
1980,1,1,1,627,9.2973
1980,1,1,2,301,8.9777
1980,1,1,3,308,9.0088
1980,1,1,4,398,9.3165
1980,1,1,5,488,15.4655
1980,1,2,1,98,4.6329
1980,1,2,2,133,5.2079
1980,1,2,3,116,4.8768
1980,1,2,4,139,8.0187
1980,1,2,5,203,10.0279
1980,1,3,1,112,1.1349
1980,1,3,2,135,1.8728
1980,1,3,3,151,6.8161
1980,1,3,4,147,9.7106
1980,1,3,5,171,13.4962
1980,2,1,1,505,-2.8123
1980,2,1,2,389,-2.0883
1980,2,1,3,336,-2.1914
1980,2,1,4,325,-0.8595
1980,2,1,5,550,0.5490
1980,2,2,1,79,-5.7021
1980,2,2,2,137,-4.6310
1980,2,2,3,124,-4.0926
1980,2,2,4,130,-1.4578
1980,2,2,5,216,0.7062
1980,2,3,1,130,-3.9248
1980,2,3,2,128,-5.2139
1980,2,3,3,128,-1.7549
1980,2,3,4,151,7.4776
1980,2,3,5,180,3.3461
1980,3,1,1,456,-17.4354
1980,3,1,2,333,-15.0236
1980,3,1,3,357,-15.5757
1980,3,1,4,396,-18.1848
1980,3,1,5,560,-22.8591
1980,3,2,1,107,-10.7055
1980,3,2,2,124,-12.6395
1980,3,2,3,128,-15.1274
1980,3,2,4,131,-17.6960
1980,3,2,5,209,-21.2056
1980,3,3,1,115,-4.4169
1980,3,3,2,141,-5.4910
1980,3,3,3,132,-9.2440
1980,3,3,4,131,-12.4634
1980,3,3,5,199,-18.5293
1980,4,1,1,627,4.6882
1980,4,1,2,268,5.8570
1980,4,1,3,303,4.7209
1980,4,1,4,395,4.9836
1980,4,1,5,505,6.5067
1980,4,2,1,118,5.2278
1980,4,2,2,138,7.3157
1980,4,2,3,125,4.4894
1980,4,2,4,122,7.3841
1980,4,2,5,195,6.8425
1980,4,3,1,86,3.6890
1980,4,3,2,133,6.1636
1980,4,3,3,146,3.7892
1980,4,3,4,155,3.9510
1980,4,3,5,193,5.7490
1980,5,1,1,659,8.4572
1980,5,1,2,316,7.9301
1980,5,1,3,237,7.7106
1980,5,1,4,382,5.9157
1980,5,1,5,511,6.7730
1980,5,2,1,114,11.9923
1980,5,2,2,120,9.0299
1980,5,2,3,128,8.2138
1980,5,2,4,129,7.9215
1980,5,2,5,206,7.0908
1980,5,3,1,79,5.2482
1980,5,3,2,146,6.3773
1980,5,3,3,145,6.9757
1980,5,3,4,150,6.6253
1980,5,3,5,187,3.6465
1980,6,1,1,694,4.3460
1980,6,1,2,264,3.9564
1980,6,1,3,269,3.1342
1980,6,1,4,335,3.8597
1980,6,1,5,532,3.7959
1980,6,2,1,123,4.7421
1980,6,2,2,109,3.3219
1980,6,2,3,126,3.1798
1980,6,2,4,135,3.7035
1980,6,2,5,223,5.7345
1980,6,3,1,71,3.6503
1980,6,3,2,147,1.6178
1980,6,3,3,152,1.9427
1980,6,3,4,155,3.3370
1980,6,3,5,180,5.2686
1980,7,1,1,621,11.3548
1980,7,1,2,299,8.2877
1980,7,1,3,263,8.9378
1980,7,1,4,350,10.2234
1980,7,1,5,541,12.0603
1980,7,2,1,107,12.8383
1980,7,2,2,131,9.1936
1980,7,2,3,113,7.8785
1980,7,2,4,153,12.2920
1980,7,2,5,217,11.9428
1980,7,3,1,73,11.8642
1980,7,3,2,140,5.3882
1980,7,3,3,160,6.4450
1980,7,3,4,144,8.3804
1980,7,3,5,194,5.3136
1980,8,1,1,642,7.2504
1980,8,1,2,306,5.5358
1980,8,1,3,301,6.0672
1980,8,1,4,303,7.8832
1980,8,1,5,545,11.8471
1980,8,2,1,113,3.9414
1980,8,2,2,113,2.7456
1980,8,2,3,120,3.5610
1980,8,2,4,132,5.1396
1980,8,2,5,239,9.3288
1980,8,3,1,76,1.2310
1980,8,3,2,140,1.7471
1980,8,3,3,147,-0.3951
1980,8,3,4,158,2.4303
1980,8,3,5,181,2.9689
1980,9,1,1,602,3.3457
1980,9,1,2,253,3.2935
1980,9,1,3,308,2.7836
1980,9,1,4,352,3.0983
1980,9,1,5,584,4.9220
1980,9,2,1,115,1.2049
1980,9,2,2,109,0.7144
1980,9,2,3,102,2.7800
1980,9,2,4,149,4.5622
1980,9,2,5,243,6.3231
1980,9,3,1,93,-0.5277
1980,9,3,2,135,-1.2014
1980,9,3,3,150,2.4177
1980,9,3,4,160,3.8940
1980,9,3,5,165,8.0454
1980,10,1,1,490,1.0942
1980,10,1,2,326,2.3302
1980,10,1,3,301,2.6260
1980,10,1,4,330,4.8547
1980,10,1,5,626,9.8914
1980,10,2,1,104,-0.7035
1980,10,2,2,102,0.0121
1980,10,2,3,121,1.9355
1980,10,2,4,143,3.9976
1980,10,2,5,259,7.1403
1980,10,3,1,100,-2.7158
1980,10,3,2,147,0.0457
1980,10,3,3,143,2.6114
1980,10,3,4,152,3.5632
1980,10,3,5,166,4.8583
1980,11,1,1,429,1.2535
1980,11,1,2,327,2.6256
1980,11,1,3,295,5.3424
1980,11,1,4,356,5.2711
1980,11,1,5,667,12.0985
1980,11,2,1,101,1.2990
1980,11,2,2,106,1.7614
1980,11,2,3,111,5.8785
1980,11,2,4,139,8.7729
1980,11,2,5,268,13.5403
1980,11,3,1,105,-0.9988
1980,11,3,2,154,6.1826
1980,11,3,3,136,8.2517
1980,11,3,4,164,17.7856
1980,11,3,5,156,21.6114
1980,12,1,1,490,-3.3702
1980,12,1,2,322,-2.0050
1980,12,1,3,306,-4.8973
1980,12,1,4,383,-4.0215
1980,12,1,5,560,-6.4068
1980,12,2,1,104,-1.4130
1980,12,2,2,114,-1.7134
1980,12,2,3,128,-1.4371
1980,12,2,4,152,-3.5446
1980,12,2,5,237,-5.0808
1980,12,3,1,93,1.3786
1980,12,3,2,139,1.2548
1980,12,3,3,140,0.0011
1980,12,3,4,144,-6.0963
1980,12,3,5,198,-8.7437
1981,1,1,1,670,3.3816
1981,1,1,2,306,1.6708
1981,1,1,3,269,2.7828
1981,1,1,4,290,0.3237
1981,1,1,5,540,-3.0113
1981,1,2,1,122,1.1647
1981,1,2,2,105,2.7754
1981,1,2,3,125,0.9589
1981,1,2,4,144,-2.0867
1981,1,2,5,233,-4.1953
1981,1,3,1,74,2.1900
1981,1,3,2,140,-0.3205
1981,1,3,3,152,-1.3985
1981,1,3,4,152,-5.1270
1981,1,3,5,199,-10.9551
1981,2,1,1,703,-0.8119
1981,2,1,2,299,0.4228
1981,2,1,3,234,0.8116
1981,2,1,4,313,0.8614
1981,2,1,5,565,-2.2746
1981,2,2,1,113,1.2036
1981,2,2,2,113,1.1226
1981,2,2,3,111,2.8495
1981,2,2,4,134,1.9926
1981,2,2,5,225,0.4376
1981,2,3,1,102,0.1419
1981,2,3,2,135,2.6102
1981,2,3,3,147,1.6953
1981,2,3,4,163,2.2801
1981,2,3,5,165,2.5854
1981,3,1,1,614,6.5286
1981,3,1,2,318,6.9547
1981,3,1,3,266,8.1437
1981,3,1,4,337,7.7093
1981,3,1,5,588,8.8001
1981,3,2,1,90,8.1507
1981,3,2,2,111,7.6892
1981,3,2,3,117,7.4749
1981,3,2,4,137,8.3664
1981,3,2,5,234,7.2439
1981,3,3,1,122,5.5983
1981,3,3,2,136,4.2759
1981,3,3,3,149,3.3522
1981,3,3,4,152,2.3813
1981,3,3,5,149,5.9166
1981,4,1,1,554,2.9142
1981,4,1,2,372,4.0611
1981,4,1,3,274,3.2124
1981,4,1,4,319,2.9516
1981,4,1,5,587,3.2761
1981,4,2,1,92,2.0332
1981,4,2,2,109,2.2571
1981,4,2,3,123,2.9255
1981,4,2,4,150,2.1140
1981,4,2,5,222,2.7830
1981,4,3,1,130,0.4808
1981,4,3,2,131,-1.5681
1981,4,3,3,150,-1.3559
1981,4,3,4,154,-4.9898
1981,4,3,5,145,-2.2649
1981,5,1,1,508,1.4999
1981,5,1,2,331,1.5478
1981,5,1,3,305,2.9235
1981,5,1,4,319,1.2977
1981,5,1,5,651,5.0901
1981,5,2,1,97,0.9404
1981,5,2,2,102,2.3685
1981,5,2,3,106,3.5485
1981,5,2,4,158,2.5175
1981,5,2,5,234,7.5291
1981,5,3,1,131,1.5815
1981,5,3,2,137,-2.1268
1981,5,3,3,154,0.6706
1981,5,3,4,154,0.4520
1981,5,3,5,130,5.1317
1981,6,1,1,497,-0.8982
1981,6,1,2,350,1.0622
1981,6,1,3,326,0.2080
1981,6,1,4,303,-1.3187
1981,6,1,5,663,-3.1330
1981,6,2,1,106,0.4681
1981,6,2,2,93,0.0721
1981,6,2,3,108,-1.2021
1981,6,2,4,163,-2.0627
1981,6,2,5,231,-6.3498
1981,6,3,1,130,3.8709
1981,6,3,2,149,-0.2729
1981,6,3,3,144,-1.5049
1981,6,3,4,146,-3.8622
1981,6,3,5,136,-8.7805
1981,7,1,1,518,-1.1527
1981,7,1,2,278,-2.3910
1981,7,1,3,291,-1.7878
1981,7,1,4,341,-4.2185
1981,7,1,5,725,-3.9633
1981,7,2,1,114,-2.3155
1981,7,2,2,99,-1.1906
1981,7,2,3,89,-1.0267
1981,7,2,4,141,-1.0293
1981,7,2,5,241,-2.4286
1981,7,3,1,119,-0.8665
1981,7,3,2,151,2.5233
1981,7,3,3,161,-0.0565
1981,7,3,4,149,-0.0658
1981,7,3,5,120,-0.3958
1981,8,1,1,637,-9.2099
1981,8,1,2,306,-6.5650
1981,8,1,3,261,-7.0662
1981,8,1,4,283,-7.9373
1981,8,1,5,684,-10.2568
1981,8,2,1,129,-7.3592
1981,8,2,2,109,-5.3878
1981,8,2,3,106,-6.3233
1981,8,2,4,120,-6.9117
1981,8,2,5,223,-8.3604
1981,8,3,1,97,-4.7377
1981,8,3,2,140,-4.7898
1981,8,3,3,158,-4.8318
1981,8,3,4,167,-6.2822
1981,8,3,5,138,-7.4118
1981,9,1,1,693,-11.8515
1981,9,1,2,328,-9.3476
1981,9,1,3,248,-8.5541
1981,9,1,4,264,-7.7597
1981,9,1,5,654,-8.3500
1981,9,2,1,138,-10.8576
1981,9,2,2,105,-7.1869
1981,9,2,3,121,-5.6141
1981,9,2,4,122,-5.9608
1981,9,2,5,201,-7.5940
1981,9,3,1,102,-7.7675
1981,9,3,2,138,-7.4952
1981,9,3,3,163,-4.4370
1981,9,3,4,153,-2.9916
1981,9,3,5,151,-9.0041
1981,10,1,1,804,8.5226
1981,10,1,2,375,6.9213
1981,10,1,3,288,6.4351
1981,10,1,4,222,8.4390
1981,10,1,5,525,10.3973
1981,10,2,1,140,6.2154
1981,10,2,2,122,5.9614
1981,10,2,3,129,6.0229
1981,10,2,4,108,6.6864
1981,10,2,5,178,11.3455
1981,10,3,1,112,8.3210
1981,10,3,2,125,2.7261
1981,10,3,3,144,3.9163
1981,10,3,4,163,6.2969
1981,10,3,5,158,8.0385
1981,11,1,1,751,-0.9486
1981,11,1,2,340,3.2980
1981,11,1,3,384,3.5347
1981,11,1,4,276,4.0178
1981,11,1,5,479,1.8757
1981,11,2,1,146,2.1514
1981,11,2,2,113,2.9925
1981,11,2,3,142,4.6051
1981,11,2,4,119,4.3534
1981,11,2,5,156,1.9031
1981,11,3,1,127,5.6439
1981,11,3,2,146,5.7966
1981,11,3,3,131,5.0087
1981,11,3,4,160,3.8857
1981,11,3,5,140,1.9783
1981,12,1,1,840,-3.7102
1981,12,1,2,318,-1.0977
1981,12,1,3,328,-1.4001
1981,12,1,4,259,-0.0411
1981,12,1,5,513,-2.2228
1981,12,2,1,145,-1.8004
1981,12,2,2,111,-2.7490
1981,12,2,3,136,-0.3349
1981,12,2,4,116,-0.4345
1981,12,2,5,172,-1.6122
1981,12,3,1,121,-3.8613
1981,12,3,2,157,-1.5288
1981,12,3,3,135,-2.9284
1981,12,3,4,163,-2.7447
1981,12,3,5,130,-3.0262
1982,1,1,1,923,-2.5251
1982,1,1,2,303,-0.7031
1982,1,1,3,261,-0.7129
1982,1,1,4,277,-1.2525
1982,1,1,5,512,-2.4760
1982,1,2,1,152,-5.0051
1982,1,2,2,116,-3.8473
1982,1,2,3,107,-3.9931
1982,1,2,4,113,-3.8397
1982,1,2,5,185,-4.6011
1982,1,3,1,104,-5.3770
1982,1,3,2,146,-1.4100
1982,1,3,3,149,-3.0422
1982,1,3,4,169,-0.0479
1982,1,3,5,135,-3.3887
1982,2,1,1,822,-8.5862
1982,2,1,2,277,-3.7948
1982,2,1,3,347,-2.6223
1982,2,1,4,329,-2.6010
1982,2,1,5,520,-4.6823
1982,2,2,1,143,-8.7013
1982,2,2,2,117,-5.2995
1982,2,2,3,129,-5.7643
1982,2,2,4,100,-1.2800
1982,2,2,5,173,-2.6686
1982,2,3,1,116,-7.9020
1982,2,3,2,144,-7.7808
1982,2,3,3,140,-4.5185
1982,2,3,4,163,-2.6118
1982,2,3,5,143,-2.6105
1982,3,1,1,784,-2.1471
1982,3,1,2,335,-1.5740
1982,3,1,3,352,-2.0301
1982,3,1,4,417,-0.0954
1982,3,1,5,453,-0.3600
1982,3,2,1,136,-2.8626
1982,3,2,2,116,-0.9103
1982,3,2,3,128,-0.7052
1982,3,2,4,139,-0.8715
1982,3,2,5,137,-0.1765
1982,3,3,1,118,-4.3780
1982,3,3,2,149,-0.5246
1982,3,3,3,136,-1.4965
1982,3,3,4,156,0.4537
1982,3,3,5,141,1.3534
1982,4,1,1,876,5.7482
1982,4,1,2,338,4.3008
1982,4,1,3,381,5.0336
1982,4,1,4,374,4.7603
1982,4,1,5,420,5.2059
1982,4,2,1,150,4.2353
1982,4,2,2,114,7.4872
1982,4,2,3,131,5.9907
1982,4,2,4,133,6.6459
1982,4,2,5,125,6.7135
1982,4,3,1,116,3.6668
1982,4,3,2,139,4.7471
1982,4,3,3,145,4.3454
1982,4,3,4,150,3.7929
1982,4,3,5,147,5.0164
1982,5,1,1,901,-3.6401
1982,5,1,2,369,-1.6852
1982,5,1,3,367,-1.6973
1982,5,1,4,364,-2.3402
1982,5,1,5,414,-1.6319
1982,5,2,1,158,-5.3280
1982,5,2,2,127,-4.2203
1982,5,2,3,116,-3.1977
1982,5,2,4,125,-2.3757
1982,5,2,5,127,-2.3526
1982,5,3,1,112,-6.1270
1982,5,3,2,139,-3.5442
1982,5,3,3,140,-0.8517
1982,5,3,4,152,-2.6761
1982,5,3,5,153,-0.6715
1982,6,1,1,904,-7.2360
1982,6,1,2,386,-3.1500
1982,6,1,3,358,-3.2192
1982,6,1,4,377,-2.1167
1982,6,1,5,426,-1.8018
1982,6,2,1,149,-6.4990
1982,6,2,2,116,-2.8547
1982,6,2,3,128,-3.6514
1982,6,2,4,140,-1.0590
1982,6,2,5,125,0.3062
1982,6,3,1,106,-4.6910
1982,6,3,2,136,-3.3973
1982,6,3,3,156,-2.3589
1982,6,3,4,144,-1.3866
1982,6,3,5,156,0.9140
1982,7,1,1,901,-4.1608
1982,7,1,2,381,-3.2553
1982,7,1,3,417,-1.1220
1982,7,1,4,371,-0.0485
1982,7,1,5,403,-0.5516
1982,7,2,1,131,-4.5087
1982,7,2,2,113,-1.8578
1982,7,2,3,147,-0.6922
1982,7,2,4,133,0.6533
1982,7,2,5,135,-0.3741
1982,7,3,1,117,-6.5397
1982,7,3,2,127,-6.0544
1982,7,3,3,147,-1.9793
1982,7,3,4,147,1.1419
1982,7,3,5,152,-0.1939
1982,8,1,1,812,9.0694
1982,8,1,2,441,5.5008
1982,8,1,3,467,4.4543
1982,8,1,4,330,4.7644
1982,8,1,5,445,4.1902
1982,8,2,1,123,11.7763
1982,8,2,2,118,10.6602
1982,8,2,3,133,9.4305
1982,8,2,4,127,10.2262
1982,8,2,5,145,8.0718
1982,8,3,1,117,14.3043
1982,8,3,2,133,14.8307
1982,8,3,3,133,13.0473
1982,8,3,4,157,10.8705
1982,8,3,5,147,11.0342
1982,9,1,1,968,-0.9876
1982,9,1,2,447,3.5629
1982,9,1,3,365,4.9352
1982,9,1,4,325,5.2621
1982,9,1,5,414,7.0575
1982,9,2,1,135,-0.2117
1982,9,2,2,124,3.3851
1982,9,2,3,112,3.9935
1982,9,2,4,114,3.9713
1982,9,2,5,154,4.6768
1982,9,3,1,107,-0.9172
1982,9,3,2,120,1.4669
1982,9,3,3,150,0.3462
1982,9,3,4,169,1.3591
1982,9,3,5,137,1.9572
1982,10,1,1,954,13.9434
1982,10,1,2,466,13.7414
1982,10,1,3,367,12.4891
1982,10,1,4,266,12.1371
1982,10,1,5,457,16.0794
1982,10,2,1,145,13.4062
1982,10,2,2,108,14.1213
1982,10,2,3,131,13.7208
1982,10,2,4,115,12.9544
1982,10,2,5,165,14.8828
1982,10,3,1,105,14.8930
1982,10,3,2,125,11.0264
1982,10,3,3,138,10.2221
1982,10,3,4,169,8.9887
1982,10,3,5,146,12.3899
1982,11,1,1,940,5.0186
1982,11,1,2,474,8.6447
1982,11,1,3,342,8.6680
1982,11,1,4,252,11.1108
1982,11,1,5,510,15.0293
1982,11,2,1,129,2.6796
1982,11,2,2,123,6.8730
1982,11,2,3,109,9.1833
1982,11,2,4,118,9.6706
1982,11,2,5,184,12.2831
1982,11,3,1,104,-1.1712
1982,11,3,2,132,1.4897
1982,11,3,3,143,3.8556
1982,11,3,4,156,6.0304
1982,11,3,5,149,10.0089
1982,12,1,1,878,1.5812
1982,12,1,2,483,1.4324
1982,12,1,3,260,2.0117
1982,12,1,4,293,1.6334
1982,12,1,5,602,3.6810
1982,12,2,1,114,1.0204
1982,12,2,2,131,0.4879
1982,12,2,3,99,3.4284
1982,12,2,4,125,1.6236
1982,12,2,5,196,0.9415
1982,12,3,1,107,5.5564
1982,12,3,2,124,1.3053
1982,12,3,3,152,0.3762
1982,12,3,4,146,2.2381
1982,12,3,5,160,-0.3581
1983,1,1,1,927,13.2746
1983,1,1,2,397,10.1925
1983,1,1,3,304,6.5303
1983,1,1,4,277,10.2640
1983,1,1,5,604,12.0502
1983,1,2,1,118,9.0282
1983,1,2,2,124,7.0143
1983,1,2,3,95,6.3489
1983,1,2,4,132,5.5819
1983,1,2,5,211,6.1454
1983,1,3,1,102,4.5445
1983,1,3,2,130,7.3973
1983,1,3,3,142,2.6594
1983,1,3,4,157,3.2040
1983,1,3,5,154,1.5124
1983,2,1,1,846,2.3702
1983,2,1,2,324,6.4803
1983,2,1,3,242,3.8927
1983,2,1,4,327,6.3356
1983,2,1,5,737,6.1325
1983,2,2,1,132,1.4489
1983,2,2,2,91,5.2323
1983,2,2,3,99,6.2229
1983,2,2,4,138,6.5233
1983,2,2,5,245,6.4754
1983,2,3,1,102,0.4037
1983,2,3,2,140,2.3186
1983,2,3,3,140,2.0940
1983,2,3,4,150,3.9334
1983,2,3,5,149,4.8448
1983,3,1,1,804,3.5996
1983,3,1,2,307,3.0616
1983,3,1,3,286,4.7125
1983,3,1,4,329,5.2668
1983,3,1,5,780,4.7930
1983,3,2,1,107,3.9571
1983,3,2,2,94,2.6189
1983,3,2,3,102,2.4405
1983,3,2,4,125,3.8813
1983,3,2,5,239,4.4330
1983,3,3,1,112,3.7253
1983,3,3,2,140,1.7884
1983,3,3,3,132,2.9303
1983,3,3,4,160,3.1989
1983,3,3,5,145,3.1597
1983,4,1,1,779,6.7427
1983,4,1,2,291,7.3308
1983,4,1,3,320,6.1936
1983,4,1,4,334,7.9425
1983,4,1,5,779,8.5507
1983,4,2,1,111,4.1122
1983,4,2,2,101,5.8916
1983,4,2,3,109,6.8362
1983,4,2,4,116,7.1862
1983,4,2,5,230,8.3764
1983,4,3,1,111,7.0609
1983,4,3,2,143,7.5051
1983,4,3,3,142,5.7125
1983,4,3,4,150,7.4384
1983,4,3,5,144,7.5796
1983,5,1,1,772,14.4772
1983,5,1,2,320,8.8190
1983,5,1,3,307,7.9309
1983,5,1,4,325,9.5689
1983,5,1,5,763,10.3981
1983,5,2,1,111,10.4177
1983,5,2,2,96,5.2827
1983,5,2,3,111,4.2071
1983,5,2,4,116,3.4922
1983,5,2,5,247,7.0087
1983,5,3,1,111,1.7239
1983,5,3,2,136,-0.5642
1983,5,3,3,147,-0.0975
1983,5,3,4,150,-1.1543
1983,5,3,5,145,1.8971
1983,6,1,1,640,5.1570
1983,6,1,2,299,4.0554
1983,6,1,3,284,4.6976
1983,6,1,4,367,5.4913
1983,6,1,5,895,4.4137
1983,6,2,1,98,2.2021
1983,6,2,2,94,4.1476
1983,6,2,3,100,5.8274
1983,6,2,4,131,6.0808
1983,6,2,5,253,6.3275
1983,6,3,1,137,3.4923
1983,6,3,2,139,2.5144
1983,6,3,3,144,3.7184
1983,6,3,4,150,6.7421
1983,6,3,5,128,4.4656
1983,7,1,1,551,0.1897
1983,7,1,2,346,-1.4034
1983,7,1,3,273,-0.8293
1983,7,1,4,420,-2.6739
1983,7,1,5,884,-4.2955
1983,7,2,1,101,0.5806
1983,7,2,2,98,-1.5474
1983,7,2,3,102,-1.7066
1983,7,2,4,127,-3.0719
1983,7,2,5,238,-5.8952
1983,7,3,1,124,-1.7214
1983,7,3,2,139,-3.2189
1983,7,3,3,155,-3.1415
1983,7,3,4,139,-3.6221
1983,7,3,5,135,-6.2185
1983,8,1,1,433,-3.0324
1983,8,1,2,268,-2.4157
1983,8,1,3,305,-2.5452
1983,8,1,4,433,-3.0303
1983,8,1,5,1035,-5.5386
1983,8,2,1,83,-0.2978
1983,8,2,2,96,-1.2035
1983,8,2,3,103,-2.6966
1983,8,2,4,136,-4.1269
1983,8,2,5,248,-5.4484
1983,8,3,1,145,2.7022
1983,8,3,2,147,4.1507
1983,8,3,3,145,0.3087
1983,8,3,4,132,-2.1674
1983,8,3,5,120,-4.3837
1983,9,1,1,466,-1.4967
1983,9,1,2,313,0.6780
1983,9,1,3,313,0.3453
1983,9,1,4,384,-0.1875
1983,9,1,5,1000,-0.5893
1983,9,2,1,101,3.5682
1983,9,2,2,97,1.1059
1983,9,2,3,104,2.7632
1983,9,2,4,134,3.1726
1983,9,2,5,230,1.8232
1983,9,3,1,128,5.1388
1983,9,3,2,151,0.8759
1983,9,3,3,148,1.3339
1983,9,3,4,135,1.4933
1983,9,3,5,113,0.0592
1983,10,1,1,574,-7.5428
1983,10,1,2,213,-4.4763
1983,10,1,3,281,-5.9731
1983,10,1,4,385,-6.0548
1983,10,1,5,1012,-7.4501
1983,10,2,1,113,-5.6841
1983,10,2,2,84,-4.7128
1983,10,2,3,114,-4.9970
1983,10,2,4,133,-6.3421
1983,10,2,5,228,-9.5392
1983,10,3,1,128,-0.3699
1983,10,3,2,164,-1.6558
1983,10,3,3,145,-0.3575
1983,10,3,4,138,-2.8576
1983,10,3,5,99,-6.3720
1983,11,1,1,683,2.8107
1983,11,1,2,278,5.0715
1983,11,1,3,242,4.0155
1983,11,1,4,380,3.6620
1983,11,1,5,922,2.9929
1983,11,2,1,133,6.5823
1983,11,2,2,109,4.8985
1983,11,2,3,97,3.9485
1983,11,2,4,125,5.8305
1983,11,2,5,206,5.0519
1983,11,3,1,113,4.8831
1983,11,3,2,154,3.0465
1983,11,3,3,157,2.2194
1983,11,3,4,142,0.2037
1983,11,3,5,106,2.9585
1983,12,1,1,707,-2.4063
1983,12,1,2,270,-2.1828
1983,12,1,3,300,-2.5922
1983,12,1,4,397,-1.1522
1983,12,1,5,870,-3.1120
1983,12,2,1,132,-2.0829
1983,12,2,2,98,-0.2705
1983,12,2,3,100,-0.5743
1983,12,2,4,143,-1.5339
1983,12,2,5,183,-2.7076
1983,12,3,1,125,-0.5892
1983,12,3,2,155,-0.8942
1983,12,3,3,144,0.2465
1983,12,3,4,138,-1.0009
1983,12,3,5,111,-3.4633
1984,1,1,1,922,0.4869
1984,1,1,2,313,0.6844
1984,1,1,3,297,1.0256
1984,1,1,4,293,0.8675
1984,1,1,5,724,-2.1654
1984,1,2,1,128,-1.2557
1984,1,2,2,112,-1.4761
1984,1,2,3,114,-1.5574
1984,1,2,4,116,-2.4258
1984,1,2,5,176,-5.8748
1984,1,3,1,123,1.5019
1984,1,3,2,163,-0.4082
1984,1,3,3,137,-2.9604
1984,1,3,4,138,-1.6666
1984,1,3,5,116,-2.4052
1984,2,1,1,890,-7.4125
1984,2,1,2,281,-5.5463
1984,2,1,3,302,-5.9474
1984,2,1,4,294,-4.5466
1984,2,1,5,783,-6.2781
1984,2,2,1,156,-6.3874
1984,2,2,2,109,-4.1246
1984,2,2,3,118,-4.4642
1984,2,2,4,108,-5.7339
1984,2,2,5,159,-4.9633
1984,2,3,1,137,-6.1993
1984,2,3,2,158,-3.6998
1984,2,3,3,138,-3.9133
1984,2,3,4,134,-2.7106
1984,2,3,5,107,-1.3034
1984,3,1,1,899,-0.3932
1984,3,1,2,320,0.2262
1984,3,1,3,267,0.2504
1984,3,1,4,330,1.7424
1984,3,1,5,751,0.7078
1984,3,2,1,169,-1.2953
1984,3,2,2,103,-0.1833
1984,3,2,3,113,2.1517
1984,3,2,4,115,0.6723
1984,3,2,5,163,1.9975
1984,3,3,1,129,1.0345
1984,3,3,2,157,1.7244
1984,3,3,3,146,2.2968
1984,3,3,4,131,1.1063
1984,3,3,5,107,0.9172
1984,4,1,1,984,-2.4571
1984,4,1,2,327,-1.8511
1984,4,1,3,307,-1.5441
1984,4,1,4,312,-2.3945
1984,4,1,5,673,-1.8717
1984,4,2,1,180,-0.4167
1984,4,2,2,115,-0.8112
1984,4,2,3,102,0.4256
1984,4,2,4,102,0.0124
1984,4,2,5,146,1.5054
1984,4,3,1,122,1.0949
1984,4,3,2,152,-0.0382
1984,4,3,3,153,0.6197
1984,4,3,4,135,1.1171
1984,4,3,5,110,1.1485
1984,5,1,1,1241,-6.1098
1984,5,1,2,309,-4.5783
1984,5,1,3,304,-5.0346
1984,5,1,4,287,-4.4527
1984,5,1,5,490,-4.9914
1984,5,2,1,179,-5.1287
1984,5,2,2,116,-5.6872
1984,5,2,3,113,-4.5913
1984,5,2,4,107,-3.9119
1984,5,2,5,128,-4.0835
1984,5,3,1,110,-6.7434
1984,5,3,2,142,-4.0298
1984,5,3,3,152,-3.6785
1984,5,3,4,138,-5.1129
1984,5,3,5,132,-5.4276
1984,6,1,1,1292,0.1804
1984,6,1,2,382,2.0257
1984,6,1,3,269,3.6893
1984,6,1,4,300,1.3507
1984,6,1,5,435,1.7140
1984,6,2,1,201,3.0967
1984,6,2,2,114,4.4655
1984,6,2,3,104,4.0784
1984,6,2,4,115,4.3470
1984,6,2,5,120,2.5555
1984,6,3,1,103,3.7529
1984,6,3,2,137,4.2187
1984,6,3,3,157,1.7640
1984,6,3,4,143,1.9095
1984,6,3,5,133,2.5627
1984,7,1,1,1358,-8.0519
1984,7,1,2,387,-5.6653
1984,7,1,3,282,-3.2789
1984,7,1,4,253,-3.3709
1984,7,1,5,406,-2.2018
1984,7,2,1,184,-7.8216
1984,7,2,2,129,-4.8600
1984,7,2,3,103,-5.4301
1984,7,2,4,112,-3.3510
1984,7,2,5,128,-1.9153
1984,7,3,1,95,-5.4746
1984,7,3,2,139,-1.5075
1984,7,3,3,141,-0.6438
1984,7,3,4,160,-1.3562
1984,7,3,5,136,-2.3700
1984,8,1,1,1250,11.8945
1984,8,1,2,475,10.9560
1984,8,1,3,319,10.5354
1984,8,1,4,282,7.2958
1984,8,1,5,410,7.2863
1984,8,2,1,154,17.7030
1984,8,2,2,138,14.1206
1984,8,2,3,117,12.0407
1984,8,2,4,113,10.4174
1984,8,2,5,140,9.7302
1984,8,3,1,92,16.8947
1984,8,3,2,130,14.9745
1984,8,3,3,141,12.4290
1984,8,3,4,167,9.2721
1984,8,3,5,143,7.4430
1984,9,1,1,1406,-2.4343
1984,9,1,2,350,-1.0419
1984,9,1,3,291,0.4645
1984,9,1,4,267,1.1718
1984,9,1,5,461,0.8206
1984,9,2,1,157,-2.6209
1984,9,2,2,132,-1.7305
1984,9,2,3,92,-2.7850
1984,9,2,4,124,0.3620
1984,9,2,5,150,-0.0641
1984,9,3,1,92,-1.5183
1984,9,3,2,126,-2.7861
1984,9,3,3,163,-0.8448
1984,9,3,4,139,0.5119
1984,9,3,5,155,0.7248
1984,10,1,1,1313,-4.4552
1984,10,1,2,346,-3.0437
1984,10,1,3,323,-2.5322
1984,10,1,4,274,-1.1664
1984,10,1,5,564,-0.8538
1984,10,2,1,151,-3.0863
1984,10,2,2,104,-1.6173
1984,10,2,3,108,-1.8943
1984,10,2,4,114,-0.3591
1984,10,2,5,166,-0.7387
1984,10,3,1,103,-1.2152
1984,10,3,2,133,0.6787
1984,10,3,3,145,1.1212
1984,10,3,4,163,0.5349
1984,10,3,5,133,-0.9417
1984,11,1,1,1291,-5.8000
1984,11,1,2,446,-4.8851
1984,11,1,3,294,-2.8516
1984,11,1,4,258,0.0479
1984,11,1,5,548,-1.7972
1984,11,2,1,147,-4.8725
1984,11,2,2,146,-2.3339
1984,11,2,3,115,-1.3929
1984,11,2,4,106,-0.9097
1984,11,2,5,148,-2.2227
1984,11,3,1,93,-2.0114
1984,11,3,2,118,-1.1191
1984,11,3,3,153,-0.5087
1984,11,3,4,162,-1.2458
1984,11,3,5,146,-0.9079
1984,12,1,1,1310,-0.6501
1984,12,1,2,443,-0.2719
1984,12,1,3,352,1.3389
1984,12,1,4,284,1.1656
1984,12,1,5,492,1.2575
1984,12,2,1,156,2.7668
1984,12,2,2,129,0.6188
1984,12,2,3,130,3.6073
1984,12,2,4,108,3.1701
1984,12,2,5,144,0.9968
1984,12,3,1,76,1.9603
1984,12,3,2,125,1.6569
1984,12,3,3,150,2.3057
1984,12,3,4,163,2.0722
1984,12,3,5,155,2.4040
1985,1,1,1,1463,18.9703
1985,1,1,2,464,13.8258
1985,1,1,3,336,11.8255
1985,1,1,4,227,11.8943
1985,1,1,5,410,8.6987
1985,1,2,1,151,15.1636
1985,1,2,2,132,11.5279
1985,1,2,3,127,13.7440
1985,1,2,4,107,9.7204
1985,1,2,5,150,10.7325
1985,1,3,1,60,13.0600
1985,1,3,2,120,9.9776
1985,1,3,3,152,8.8416
1985,1,3,4,169,7.0955
1985,1,3,5,168,5.0559
1985,2,1,1,1366,4.2092
1985,2,1,2,470,2.0364
1985,2,1,3,280,3.1519
1985,2,1,4,228,3.0163
1985,2,1,5,563,4.1248
1985,2,2,1,140,0.6141
1985,2,2,2,120,1.7377
1985,2,2,3,100,1.6748
1985,2,2,4,100,2.7345
1985,2,2,5,197,3.3041
1985,2,3,1,71,2.4540
1985,2,3,2,128,1.6465
1985,2,3,3,152,2.0567
1985,2,3,4,161,0.7405
1985,2,3,5,168,2.0805
1985,3,1,1,1244,-4.0864
1985,3,1,2,493,-2.1743
1985,3,1,3,285,-2.0824
1985,3,1,4,246,-0.8554
1985,3,1,5,650,-0.3584
1985,3,2,1,124,-2.9637
1985,3,2,2,128,-4.6452
1985,3,2,3,101,-3.6125
1985,3,2,4,109,-2.1315
1985,3,2,5,209,-1.5727
1985,3,3,1,74,0.7521
1985,3,3,2,130,-0.7106
1985,3,3,3,155,-0.3246
1985,3,3,4,154,1.2863
1985,3,3,5,160,0.1479
1985,4,1,1,1199,-4.0371
1985,4,1,2,431,-1.5322
1985,4,1,3,331,-2.1263
1985,4,1,4,276,0.4984
1985,4,1,5,681,-0.7590
1985,4,2,1,138,-2.3318
1985,4,2,2,108,-2.6459
1985,4,2,3,118,-2.5787
1985,4,2,4,105,-0.6906
1985,4,2,5,198,-1.0697
1985,4,3,1,71,-2.1433
1985,4,3,2,131,0.1604
1985,4,3,3,140,-1.2958
1985,4,3,4,161,0.2381
1985,4,3,5,173,-0.9024
1985,5,1,1,1249,-0.4133
1985,5,1,2,382,1.5236
1985,5,1,3,348,1.6575
1985,5,1,4,259,3.1380
1985,5,1,5,674,4.3793
1985,5,2,1,139,1.5462
1985,5,2,2,126,2.5595
1985,5,2,3,107,4.8229
1985,5,2,4,124,3.2614
1985,5,2,5,187,6.0745
1985,5,3,1,69,3.4548
1985,5,3,2,117,4.0634
1985,5,3,3,156,5.6066
1985,5,3,4,158,7.3526
1985,5,3,5,181,7.3492
1985,6,1,1,1280,-2.1476
1985,6,1,2,403,-0.4686
1985,6,1,3,302,1.0269
1985,6,1,4,281,1.1334
1985,6,1,5,639,1.8413
1985,6,2,1,145,-1.5200
1985,6,2,2,130,0.5301
1985,6,2,3,108,2.6377
1985,6,2,4,103,2.7507
1985,6,2,5,192,1.9993
1985,6,3,1,62,1.1680
1985,6,3,2,114,2.0079
1985,6,3,3,153,0.6996
1985,6,3,4,167,2.3106
1985,6,3,5,181,2.4779
1985,7,1,1,1292,2.6672
1985,7,1,2,391,2.7059
1985,7,1,3,325,2.1998
1985,7,1,4,227,2.1291
1985,7,1,5,641,2.7255
1985,7,2,1,152,4.4612
1985,7,2,2,116,3.8540
1985,7,2,3,96,1.7439
1985,7,2,4,114,1.1749
1985,7,2,5,194,2.6279
1985,7,3,1,63,3.9353
1985,7,3,2,124,3.2691
1985,7,3,3,153,-0.8190
1985,7,3,4,167,-3.1291
1985,7,3,5,168,-1.5366
1985,8,1,1,1197,-1.4785
1985,8,1,2,400,-1.1316
1985,8,1,3,281,-0.2464
1985,8,1,4,255,-0.3600
1985,8,1,5,732,-0.3026
1985,8,2,1,149,-1.8541
1985,8,2,2,117,-0.5296
1985,8,2,3,84,-0.9325
1985,8,2,4,114,-0.2624
1985,8,2,5,215,-1.3633
1985,8,3,1,73,-1.3727
1985,8,3,2,127,-2.1219
1985,8,3,3,152,-0.9338
1985,8,3,4,161,1.3591
1985,8,3,5,161,0.6636
1985,9,1,1,1203,-7.0079
1985,9,1,2,358,-5.1026
1985,9,1,3,293,-5.2349
1985,9,1,4,279,-5.8196
1985,9,1,5,722,-6.5094
1985,9,2,1,136,-8.8692
1985,9,2,2,110,-4.3009
1985,9,2,3,102,-4.0416
1985,9,2,4,104,-4.8648
1985,9,2,5,214,-6.7602
1985,9,3,1,71,-4.6465
1985,9,3,2,128,-3.0144
1985,9,3,3,146,-3.2827
1985,9,3,4,175,-3.6567
1985,9,3,5,154,-3.0201
1985,10,1,1,1185,0.1492
1985,10,1,2,359,1.2715
1985,10,1,3,294,2.5830
1985,10,1,4,279,2.6987
1985,10,1,5,733,3.3787
1985,10,2,1,130,0.5543
1985,10,2,2,112,3.1629
1985,10,2,3,96,4.4119
1985,10,2,4,124,3.4468
1985,10,2,5,210,6.1335
1985,10,3,1,71,0.7937
1985,10,3,2,130,2.9213
1985,10,3,3,153,5.0677
1985,10,3,4,158,4.8651
1985,10,3,5,155,5.3668
1985,11,1,1,1108,5.5607
1985,11,1,2,427,5.4996
1985,11,1,3,286,5.0011
1985,11,1,4,322,4.6135
1985,11,1,5,702,6.4272
1985,11,2,1,124,7.9224
1985,11,2,2,112,5.9631
1985,11,2,3,104,8.0391
1985,11,2,4,106,6.4871
1985,11,2,5,231,8.6153
1985,11,3,1,79,9.4835
1985,11,3,2,120,8.8511
1985,11,3,3,153,6.4916
1985,11,3,4,169,5.3758
1985,11,3,5,146,6.4347
1985,12,1,1,1168,3.3379
1985,12,1,2,373,4.0943
1985,12,1,3,239,4.5195
1985,12,1,4,340,4.3831
1985,12,1,5,704,4.7546
1985,12,2,1,132,4.7710
1985,12,2,2,101,5.2242
1985,12,2,3,96,3.7865
1985,12,2,4,119,5.1043
1985,12,2,5,229,3.8016
1985,12,3,1,78,4.5656
1985,12,3,2,128,6.2752
1985,12,3,3,143,5.2431
1985,12,3,4,167,2.8619
1985,12,3,5,154,3.2248
1986,1,1,1,1222,1.8517
1986,1,1,2,421,1.9607
1986,1,1,3,303,1.8569
1986,1,1,4,270,2.3264
1986,1,1,5,610,4.2203
1986,1,2,1,132,-2.5722
1986,1,2,2,118,0.0285
1986,1,2,3,102,0.6426
1986,1,2,4,120,1.9534
1986,1,2,5,193,3.8409
1986,1,3,1,75,-0.4805
1986,1,3,2,123,1.4063
1986,1,3,3,155,-0.1448
1986,1,3,4,146,0.0544
1986,1,3,5,164,1.5484
1986,2,1,1,1183,2.9928
1986,2,1,2,462,6.1605
1986,2,1,3,313,6.7239
1986,2,1,4,257,7.3358
1986,2,1,5,568,5.8282
1986,2,2,1,132,5.9964
1986,2,2,2,141,6.7995
1986,2,2,3,104,6.5880
1986,2,2,4,119,6.5775
1986,2,2,5,182,7.6849
1986,2,3,1,65,4.6115
1986,2,3,2,126,7.2411
1986,2,3,3,134,7.0870
1986,2,3,4,170,8.8575
1986,2,3,5,162,8.2259
1986,3,1,1,1243,4.1517
1986,3,1,2,473,5.3246
1986,3,1,3,262,2.9064
1986,3,1,4,223,4.9192
1986,3,1,5,568,5.5463
1986,3,2,1,129,4.9710
1986,3,2,2,135,6.2472
1986,3,2,3,107,4.6436
1986,3,2,4,123,5.9697
1986,3,2,5,196,5.2416
1986,3,3,1,77,1.5741
1986,3,3,2,106,5.2989
1986,3,3,3,155,4.5456
1986,3,3,4,160,6.2205
1986,3,3,5,157,7.3375
1986,4,1,1,1278,0.4857
1986,4,1,2,455,1.7054
1986,4,1,3,238,1.6127
1986,4,1,4,251,2.6290
1986,4,1,5,544,2.0548
1986,4,2,1,127,1.4689
1986,4,2,2,143,2.0700
1986,4,2,3,106,0.4984
1986,4,2,4,109,2.4202
1986,4,2,5,192,1.7728
1986,4,3,1,77,0.0346
1986,4,3,2,119,1.4237
1986,4,3,3,146,-1.0387
1986,4,3,4,166,-1.6108
1986,4,3,5,154,-0.8132
1986,5,1,1,1157,2.1992
1986,5,1,2,403,3.8861
1986,5,1,3,288,3.5082
1986,5,1,4,259,2.7650
1986,5,1,5,669,5.7771
1986,5,2,1,110,3.9080
1986,5,2,2,109,2.6504
1986,5,2,3,130,2.7854
1986,5,2,4,110,4.1019
1986,5,2,5,240,4.2751
1986,5,3,1,85,6.2903
1986,5,3,2,125,4.6896
1986,5,3,3,148,3.2524
1986,5,3,4,161,6.0513
1986,5,3,5,143,7.8213
1986,6,1,1,1093,-1.9557
1986,6,1,2,430,-0.0003
1986,6,1,3,274,-0.1439
1986,6,1,4,259,-2.4924
1986,6,1,5,713,2.3150
1986,6,2,1,114,-4.2678
1986,6,2,2,127,-1.0652
1986,6,2,3,107,0.4214
1986,6,2,4,126,0.9277
1986,6,2,5,236,0.8218
1986,6,3,1,87,-2.8799
1986,6,3,2,132,0.1768
1986,6,3,3,136,1.5569
1986,6,3,4,150,2.9500
1986,6,3,5,158,4.0456
1986,7,1,1,1018,-10.8252
1986,7,1,2,458,-7.4997
1986,7,1,3,344,-7.8337
1986,7,1,4,271,-5.7619
1986,7,1,5,635,-9.9041
1986,7,2,1,125,-13.7537
1986,7,2,2,122,-8.9699
1986,7,2,3,127,-9.0764
1986,7,2,4,115,-6.3023
1986,7,2,5,212,-9.6571
1986,7,3,1,76,-9.3537
1986,7,3,2,109,-7.1754
1986,7,3,3,134,-3.8391
1986,7,3,4,164,-3.9948
1986,7,3,5,178,-5.5704
1986,8,1,1,1036,1.6341
1986,8,1,2,441,2.2871
1986,8,1,3,370,1.1600
1986,8,1,4,281,0.4010
1986,8,1,5,592,-0.2237
1986,8,2,1,132,7.1095
1986,8,2,2,133,4.1052
1986,8,2,3,134,4.8356
1986,8,2,4,112,5.0495
1986,8,2,5,198,2.2487
1986,8,3,1,69,14.8918
1986,8,3,2,109,9.3227
1986,8,3,3,137,7.7315
1986,8,3,4,171,5.6667
1986,8,3,5,172,3.9085
1986,9,1,1,1130,-5.4101
1986,9,1,2,463,-6.2063
1986,9,1,3,354,-4.7545
1986,9,1,4,230,-7.1327
1986,9,1,5,556,-8.9995
1986,9,2,1,123,-2.7896
1986,9,2,2,148,-4.5196
1986,9,2,3,128,-6.8287
1986,9,2,4,108,-5.8717
1986,9,2,5,188,-8.8971
1986,9,3,1,65,-0.8709
1986,9,3,2,104,-4.4860
1986,9,3,3,151,-6.5134
1986,9,3,4,160,-9.7022
1986,9,3,5,176,-10.9981
1986,10,1,1,1117,1.6251
1986,10,1,2,479,2.5053
1986,10,1,3,282,2.6916
1986,10,1,4,236,2.7268
1986,10,1,5,624,2.9364
1986,10,2,1,141,3.5902
1986,10,2,2,142,3.0974
1986,10,2,3,102,5.4274
1986,10,2,4,104,4.8756
1986,10,2,5,199,5.0708
1986,10,3,1,79,4.8935
1986,10,3,2,106,2.1207
1986,10,3,3,151,6.0335
1986,10,3,4,166,7.4444
1986,10,3,5,156,7.2301
1986,11,1,1,1119,0.2038
1986,11,1,2,505,0.9633
1986,11,1,3,283,-0.7882
1986,11,1,4,261,-0.7055
1986,11,1,5,589,-0.8837
1986,11,2,1,140,0.5067
1986,11,2,2,122,0.6795
1986,11,2,3,133,0.9049
1986,11,2,4,106,-0.3857
1986,11,2,5,176,-1.1216
1986,11,3,1,64,3.3620
1986,11,3,2,122,2.7196
1986,11,3,3,138,3.3011
1986,11,3,4,171,2.3165
1986,11,3,5,156,1.2681
1986,12,1,1,1142,-2.9680
1986,12,1,2,420,-2.3531
1986,12,1,3,322,-3.6956
1986,12,1,4,255,-3.3474
1986,12,1,5,588,-5.1331
1986,12,2,1,143,-2.6561
1986,12,2,2,143,-1.5207
1986,12,2,3,121,-3.3059
1986,12,2,4,117,-0.9176
1986,12,2,5,166,-3.6336
1986,12,3,1,63,-5.1024
1986,12,3,2,111,-3.7489
1986,12,3,3,148,-2.1912
1986,12,3,4,160,-2.8627
1986,12,3,5,169,-2.3474
1987,1,1,1,1272,11.3619
1987,1,1,2,422,8.4603
1987,1,1,3,278,9.1775
1987,1,1,4,199,10.7068
1987,1,1,5,534,11.1434
1987,1,2,1,153,14.4251
1987,1,2,2,141,11.2029
1987,1,2,3,115,10.7222
1987,1,2,4,97,12.2229
1987,1,2,5,168,13.9645
1987,1,3,1,66,11.1871
1987,1,3,2,108,12.1923
1987,1,3,3,142,13.6640
1987,1,3,4,164,12.3413
1987,1,3,5,155,15.9577
1987,2,1,1,1224,7.7317
1987,2,1,2,434,8.2619
1987,2,1,3,280,8.7549
1987,2,1,4,249,7.9556
1987,2,1,5,516,9.5660
1987,2,2,1,139,8.6427
1987,2,2,2,128,9.0509
1987,2,2,3,127,7.0507
1987,2,2,4,99,8.5560
1987,2,2,5,170,8.9257
1987,2,3,1,60,8.3827
1987,2,3,2,104,7.4138
1987,2,3,3,138,3.9504
1987,2,3,4,171,1.9678
1987,2,3,5,170,4.6747
1987,3,1,1,1180,2.3199
1987,3,1,2,431,2.0319
1987,3,1,3,245,2.2445
1987,3,1,4,262,3.9805
1987,3,1,5,592,3.6028
1987,3,2,1,129,1.6384
1987,3,2,2,128,3.1954
1987,3,2,3,110,2.0218
1987,3,2,4,122,4.3701
1987,3,2,5,183,1.0168
1987,3,3,1,62,4.3022
1987,3,3,2,120,0.9763
1987,3,3,3,144,1.1435
1987,3,3,4,156,2.9772
1987,3,3,5,174,4.3060
1987,4,1,1,1213,-3.2632
1987,4,1,2,438,-3.2425
1987,4,1,3,234,-4.1782
1987,4,1,4,284,-2.7215
1987,4,1,5,569,-0.0020
1987,4,2,1,145,-2.9136
1987,4,2,2,130,-4.3462
1987,4,2,3,117,-3.3409
1987,4,2,4,119,-2.8682
1987,4,2,5,155,-0.8569
1987,4,3,1,67,-2.3085
1987,4,3,2,119,1.7346
1987,4,3,3,139,-2.5066
1987,4,3,4,153,-2.4424
1987,4,3,5,171,0.7827
1987,5,1,1,1274,-0.3246
1987,5,1,2,340,0.0985
1987,5,1,3,302,0.5552
1987,5,1,4,269,1.1918
1987,5,1,5,579,-0.6901
1987,5,2,1,153,1.5849
1987,5,2,2,116,0.2908
1987,5,2,3,140,0.2936
1987,5,2,4,106,0.7011
1987,5,2,5,164,-0.3366
1987,5,3,1,71,1.6916
1987,5,3,2,119,1.9971
1987,5,3,3,149,0.8462
1987,5,3,4,141,0.8471
1987,5,3,5,173,0.2463
1987,6,1,1,1292,2.1023
1987,6,1,2,359,1.4650
1987,6,1,3,304,2.6218
1987,6,1,4,335,1.6837
1987,6,1,5,554,2.2794
1987,6,2,1,157,3.7467
1987,6,2,2,125,5.2675
1987,6,2,3,112,4.5911
1987,6,2,4,130,3.7073
1987,6,2,5,141,0.3937
1987,6,3,1,82,5.1487
1987,6,3,2,124,6.4722
1987,6,3,3,135,4.0438
1987,6,3,4,156,5.6116
1987,6,3,5,163,3.0528
1987,7,1,1,1236,1.6216
1987,7,1,2,470,3.3922
1987,7,1,3,282,2.4644
1987,7,1,4,304,4.3258
1987,7,1,5,551,4.9038
1987,7,2,1,136,2.3243
1987,7,2,2,143,3.3091
1987,7,2,3,122,4.7071
1987,7,2,4,121,5.4628
1987,7,2,5,158,4.0249
1987,7,3,1,88,0.8451
1987,7,3,2,118,3.3640
1987,7,3,3,139,5.4789
1987,7,3,4,150,6.1021
1987,7,3,5,147,5.0672
1987,8,1,1,1130,1.0126
1987,8,1,2,539,2.2364
1987,8,1,3,263,2.9875
1987,8,1,4,347,2.4413
1987,8,1,5,585,1.2847
1987,8,2,1,123,3.0348
1987,8,2,2,158,4.4260
1987,8,2,3,107,4.2087
1987,8,2,4,123,3.9846
1987,8,2,5,170,2.1769
1987,8,3,1,94,4.6698
1987,8,3,2,119,4.2026
1987,8,3,3,132,3.3497
1987,8,3,4,158,3.4765
1987,8,3,5,137,4.1860
1987,9,1,1,1185,-1.9233
1987,9,1,2,503,-0.2628
1987,9,1,3,295,-0.9579
1987,9,1,4,309,-0.8003
1987,9,1,5,603,-1.7150
1987,9,2,1,131,-2.3568
1987,9,2,2,135,-0.8719
1987,9,2,3,108,-1.4946
1987,9,2,4,114,-2.2680
1987,9,2,5,175,-1.5271
1987,9,3,1,83,-2.3253
1987,9,3,2,107,-2.8821
1987,9,3,3,147,-3.3358
1987,9,3,4,150,-2.4171
1987,9,3,5,156,-0.5704
1987,10,1,1,1081,-30.2896
1987,10,1,2,486,-30.1097
1987,10,1,3,343,-30.6520
1987,10,1,4,351,-31.1001
1987,10,1,5,655,-32.3896
1987,10,2,1,125,-24.5356
1987,10,2,2,122,-27.8486
1987,10,2,3,122,-30.8287
1987,10,2,4,138,-30.2051
1987,10,2,5,167,-34.5408
1987,10,3,1,90,-9.0080
1987,10,3,2,117,-19.9949
1987,10,3,3,136,-21.5498
1987,10,3,4,149,-21.7666
1987,10,3,5,144,-25.7113
1987,11,1,1,1228,-8.3120
1987,11,1,2,388,-4.7979
1987,11,1,3,296,-4.3591
1987,11,1,4,310,-4.1921
1987,11,1,5,674,-6.0923
1987,11,2,1,155,-5.2722
1987,11,2,2,118,-2.7631
1987,11,2,3,127,-3.9198
1987,11,2,4,135,-2.8518
1987,11,2,5,164,-7.1720
1987,11,3,1,60,-6.7627
1987,11,3,2,131,-5.4923
1987,11,3,3,146,-7.4310
1987,11,3,4,153,-8.9063
1987,11,3,5,150,-7.7904
1987,12,1,1,1187,3.3238
1987,12,1,2,389,4.8486
1987,12,1,3,260,4.5131
1987,12,1,4,345,6.3521
1987,12,1,5,731,6.2719
1987,12,2,1,142,8.0504
1987,12,2,2,133,8.9177
1987,12,2,3,114,10.6443
1987,12,2,4,145,9.7331
1987,12,2,5,168,14.6137
1987,12,3,1,60,5.1365
1987,12,3,2,132,6.2809
1987,12,3,3,150,7.7508
1987,12,3,4,138,7.4148
1987,12,3,5,158,9.5368
1988,1,1,1,1270,10.9430
1988,1,1,2,405,6.7025
1988,1,1,3,285,6.1195
1988,1,1,4,328,3.1065
1988,1,1,5,616,3.0583
1988,1,2,1,127,7.9977
1988,1,2,2,133,4.4809
1988,1,2,3,115,5.4542
1988,1,2,4,148,2.3048
1988,1,2,5,174,-2.6928
1988,1,3,1,64,9.2986
1988,1,3,2,126,9.8050
1988,1,3,3,154,4.8669
1988,1,3,4,138,2.5979
1988,1,3,5,162,-2.2987
1988,2,1,1,1302,8.9240
1988,2,1,2,435,8.7250
1988,2,1,3,268,8.0295
1988,2,1,4,269,4.8291
1988,2,1,5,657,6.0930
1988,2,2,1,164,12.7570
1988,2,2,2,146,9.9318
1988,2,2,3,122,8.7389
1988,2,2,4,99,9.7977
1988,2,2,5,169,8.5517
1988,2,3,1,63,10.5628
1988,2,3,2,120,6.4148
1988,2,3,3,151,4.4660
1988,2,3,4,165,3.6269
1988,2,3,5,138,5.4079
1988,3,1,1,1373,5.4259
1988,3,1,2,421,4.4576
1988,3,1,3,248,5.3718
1988,3,1,4,317,5.0760
1988,3,1,5,586,5.4450
1988,3,2,1,167,3.3298
1988,3,2,2,131,2.6787
1988,3,2,3,104,1.7035
1988,3,2,4,113,5.7264
1988,3,2,5,170,5.5627
1988,3,3,1,68,-2.5589
1988,3,3,2,117,-4.3461
1988,3,3,3,157,-2.3793
1988,3,3,4,163,-2.1796
1988,3,3,5,141,-0.8102
1988,4,1,1,1290,1.6234
1988,4,1,2,333,1.5141
1988,4,1,3,307,1.2569
1988,4,1,4,347,1.1863
1988,4,1,5,642,2.7840
1988,4,2,1,132,0.2118
1988,4,2,2,125,2.8445
1988,4,2,3,113,2.0716
1988,4,2,4,122,2.6380
1988,4,2,5,209,2.7785
1988,4,3,1,87,0.8603
1988,4,3,2,117,0.3787
1988,4,3,3,154,2.0383
1988,4,3,4,157,0.3862
1988,4,3,5,131,1.7350
1988,5,1,1,1231,-3.8406
1988,5,1,2,400,-3.0723
1988,5,1,3,265,-0.3237
1988,5,1,4,360,-1.7573
1988,5,1,5,664,-2.6885
1988,5,2,1,132,-2.0078
1988,5,2,2,116,0.0623
1988,5,2,3,120,-2.5720
1988,5,2,4,132,-1.9130
1988,5,2,5,214,-1.4178
1988,5,3,1,85,0.3105
1988,5,3,2,135,0.2522
1988,5,3,3,140,0.4517
1988,5,3,4,152,0.5244
1988,5,3,5,131,-1.0923
1988,6,1,1,1189,5.7037
1988,6,1,2,385,5.5479
1988,6,1,3,318,5.5260
1988,6,1,4,348,6.6235
1988,6,1,5,690,7.2583
1988,6,2,1,130,8.7168
1988,6,2,2,112,8.0263
1988,6,2,3,125,8.0673
1988,6,2,4,137,6.6556
1988,6,2,5,222,7.7763
1988,6,3,1,86,9.4761
1988,6,3,2,131,4.2924
1988,6,3,3,142,3.5229
1988,6,3,4,156,3.9950
1988,6,3,5,125,4.6942
1988,7,1,1,1191,0.1325
1988,7,1,2,347,-1.8315
1988,7,1,3,316,-0.4602
1988,7,1,4,308,-0.7293
1988,7,1,5,742,0.1007
1988,7,2,1,112,0.6846
1988,7,2,2,81,-1.1925
1988,7,2,3,145,-1.7423
1988,7,2,4,138,-1.6567
1988,7,2,5,242,-1.9989
1988,7,3,1,86,-1.3208
1988,7,3,2,157,-0.1090
1988,7,3,3,134,0.0042
1988,7,3,4,153,-1.8419
1988,7,3,5,121,-2.6965
1988,8,1,1,1111,-2.8865
1988,8,1,2,360,-1.9463
1988,8,1,3,327,-1.5251
1988,8,1,4,329,-2.7441
1988,8,1,5,806,-2.9505
1988,8,2,1,111,-3.2074
1988,8,2,2,109,-2.9642
1988,8,2,3,124,-1.8789
1988,8,2,4,141,-3.3866
1988,8,2,5,246,-3.3127
1988,8,3,1,95,-3.5664
1988,8,3,2,151,-3.3770
1988,8,3,3,137,-2.8286
1988,8,3,4,155,-2.5577
1988,8,3,5,108,-3.7601
1988,9,1,1,1177,1.4511
1988,9,1,2,342,0.9885
1988,9,1,3,305,2.9343
1988,9,1,4,311,1.7111
1988,9,1,5,814,3.2221
1988,9,2,1,114,0.5943
1988,9,2,2,103,3.2019
1988,9,2,3,125,3.3464
1988,9,2,4,138,3.5981
1988,9,2,5,252,3.2290
1988,9,3,1,95,5.3160
1988,9,3,2,151,5.4523
1988,9,3,3,140,2.9934
1988,9,3,4,140,1.7180
1988,9,3,5,118,5.6902
1988,10,1,1,1121,-2.2879
1988,10,1,2,309,-1.5243
1988,10,1,3,309,-1.2376
1988,10,1,4,404,-1.9381
1988,10,1,5,811,-1.7578
1988,10,2,1,92,-2.4829
1988,10,2,2,84,0.1448
1988,10,2,3,105,-0.6044
1988,10,2,4,179,-0.3221
1988,10,2,5,256,-1.2161
1988,10,3,1,109,2.4117
1988,10,3,2,157,2.6414
1988,10,3,3,157,3.2612
1988,10,3,4,116,2.3227
1988,10,3,5,100,1.4167
1988,11,1,1,1149,-6.3879
1988,11,1,2,289,-3.0081
1988,11,1,3,286,-3.4346
1988,11,1,4,438,-4.9181
1988,11,1,5,762,-3.3281
1988,11,2,1,103,-2.7421
1988,11,2,2,90,-1.9376
1988,11,2,3,113,-1.6067
1988,11,2,4,169,-3.4544
1988,11,2,5,249,-3.2782
1988,11,3,1,103,-0.5753
1988,11,3,2,145,-1.1622
1988,11,3,3,156,-2.0096
1988,11,3,4,129,-1.7379
1988,11,3,5,109,-0.2726
1988,12,1,1,1050,3.5583
1988,12,1,2,336,3.9288
1988,12,1,3,274,4.7377
1988,12,1,4,381,3.6922
1988,12,1,5,887,3.5379
1988,12,2,1,116,7.1531
1988,12,2,2,114,4.0113
1988,12,2,3,108,3.6788
1988,12,2,4,141,5.2793
1988,12,2,5,215,4.6482
1988,12,3,1,114,4.3073
1988,12,3,2,163,2.3570
1988,12,3,3,143,1.7847
1988,12,3,4,117,1.4701
1988,12,3,5,101,1.0159
1989,1,1,1,1179,5.2416
1989,1,1,2,243,5.1210
1989,1,1,3,319,4.7794
1989,1,1,4,373,4.0734
1989,1,1,5,784,5.1596
1989,1,2,1,95,5.8595
1989,1,2,2,91,4.3561
1989,1,2,3,119,4.8527
1989,1,2,4,154,3.8633
1989,1,2,5,226,5.7069
1989,1,3,1,107,7.4226
1989,1,3,2,153,5.9875
1989,1,3,3,149,7.0179
1989,1,3,4,123,6.8220
1989,1,3,5,103,6.5719
1989,2,1,1,1113,1.3190
1989,2,1,2,288,-0.2823
1989,2,1,3,289,-0.4391
1989,2,1,4,366,0.8958
1989,2,1,5,820,0.0002
1989,2,2,1,116,0.0379
1989,2,2,2,107,-0.3119
1989,2,2,3,99,1.0114
1989,2,2,4,153,1.5269
1989,2,2,5,222,1.7300
1989,2,3,1,98,-0.1522
1989,2,3,2,142,-2.4320
1989,2,3,3,151,-3.2783
1989,2,3,4,131,-2.2972
1989,2,3,5,110,0.4126
1989,3,1,1,1187,0.8935
1989,3,1,2,339,1.3228
1989,3,1,3,232,2.2603
1989,3,1,4,383,3.6804
1989,3,1,5,723,4.3029
1989,3,2,1,139,1.2761
1989,3,2,2,113,1.7829
1989,3,2,3,92,1.9026
1989,3,2,4,135,2.5108
1989,3,2,5,216,3.5979
1989,3,3,1,87,-1.7246
1989,3,3,2,145,2.5376
1989,3,3,3,146,2.4549
1989,3,3,4,141,1.2960
1989,3,3,5,109,3.4031
1989,4,1,1,1187,2.3434
1989,4,1,2,347,2.6000
1989,4,1,3,242,3.1160
1989,4,1,4,352,2.0134
1989,4,1,5,720,3.8531
1989,4,2,1,141,6.3055
1989,4,2,2,126,4.2314
1989,4,2,3,104,3.2943
1989,4,2,4,129,5.7155
1989,4,2,5,200,5.9897
1989,4,3,1,96,5.0611
1989,4,3,2,131,3.4485
1989,4,3,3,138,5.3310
1989,4,3,4,139,6.0603
1989,4,3,5,123,6.0449
1989,5,1,1,1173,1.9488
1989,5,1,2,352,1.3911
1989,5,1,3,313,2.9798
1989,5,1,4,280,1.9454
1989,5,1,5,722,5.0117
1989,5,2,1,126,4.9710
1989,5,2,2,133,3.9893
1989,5,2,3,113,4.7066
1989,5,2,4,115,6.0767
1989,5,2,5,222,5.2860
1989,5,3,1,87,3.2311
1989,5,3,2,135,3.3190
1989,5,3,3,139,3.9892
1989,5,3,4,145,4.6576
1989,5,3,5,123,5.0510
1989,6,1,1,1192,-2.5588
1989,6,1,2,379,-1.6126
1989,6,1,3,283,-0.0042
1989,6,1,4,251,-0.1144
1989,6,1,5,732,-2.6106
1989,6,2,1,142,-3.1068
1989,6,2,2,124,-1.6782
1989,6,2,3,109,-1.8651
1989,6,2,4,114,-0.6462
1989,6,2,5,214,-3.7972
1989,6,3,1,80,-1.7684
1989,6,3,2,130,-0.2734
1989,6,3,3,136,-0.6527
1989,6,3,4,156,-0.8731
1989,6,3,5,129,-0.1900
1989,7,1,1,1226,0.3463
1989,7,1,2,366,3.4243
1989,7,1,3,241,3.1371
1989,7,1,4,257,2.6466
1989,7,1,5,704,6.0240
1989,7,2,1,137,0.9571
1989,7,2,2,133,3.2698
1989,7,2,3,109,3.9592
1989,7,2,4,104,6.2749
1989,7,2,5,202,6.1997
1989,7,3,1,69,4.3087
1989,7,3,2,116,6.6786
1989,7,3,3,162,8.1622
1989,7,3,4,147,9.6790
1989,7,3,5,134,10.2510
1989,8,1,1,1306,0.6579
1989,8,1,2,357,1.8733
1989,8,1,3,237,1.1661
1989,8,1,4,249,1.4174
1989,8,1,5,629,2.7471
1989,8,2,1,139,3.8537
1989,8,2,2,132,2.7939
1989,8,2,3,115,1.4595
1989,8,2,4,107,2.2230
1989,8,2,5,205,1.9958
1989,8,3,1,59,1.3896
1989,8,3,2,117,4.2157
1989,8,3,3,153,3.1555
1989,8,3,4,151,1.0822
1989,8,3,5,148,1.4142
1989,9,1,1,1313,-1.0680
1989,9,1,2,334,-0.3548
1989,9,1,3,256,0.6738
1989,9,1,4,251,0.9829
1989,9,1,5,613,0.8458
1989,9,2,1,142,-1.5572
1989,9,2,2,121,0.4582
1989,9,2,3,116,-0.4570
1989,9,2,4,123,2.2989
1989,9,2,5,202,1.7829
1989,9,3,1,53,-0.2440
1989,9,3,2,122,-2.8255
1989,9,3,3,148,-1.5337
1989,9,3,4,153,0.0854
1989,9,3,5,147,1.3037
1989,10,1,1,1196,-7.8745
1989,10,1,2,332,-4.8842
1989,10,1,3,274,-5.3667
1989,10,1,4,273,-4.3267
1989,10,1,5,682,-5.2596
1989,10,2,1,124,-8.6979
1989,10,2,2,104,-5.8314
1989,10,2,3,120,-5.5872
1989,10,2,4,129,-5.3995
1989,10,2,5,231,-5.1569
1989,10,3,1,57,-7.0519
1989,10,3,2,120,-2.4875
1989,10,3,3,153,-2.1698
1989,10,3,4,140,-1.0012
1989,10,3,5,154,-2.1860
1989,11,1,1,1149,-1.7383
1989,11,1,2,327,-0.6779
1989,11,1,3,263,-2.7721
1989,11,1,4,287,0.0978
1989,11,1,5,713,0.5924
1989,11,2,1,130,0.6887
1989,11,2,2,108,0.0262
1989,11,2,3,114,1.4965
1989,11,2,4,122,1.9967
1989,11,2,5,238,1.4594
1989,11,3,1,55,-2.2602
1989,11,3,2,120,0.6650
1989,11,3,3,136,2.6897
1989,11,3,4,157,3.8618
1989,11,3,5,158,2.1512
1989,12,1,1,1109,-2.1132
1989,12,1,2,475,-1.2003
1989,12,1,3,228,-0.4730
1989,12,1,4,251,-1.0758
1989,12,1,5,672,0.1916
1989,12,2,1,118,0.8498
1989,12,2,2,133,0.4581
1989,12,2,3,129,1.1403
1989,12,2,4,112,2.8544
1989,12,2,5,215,1.9237
1989,12,3,1,47,-0.3252
1989,12,3,2,105,0.2056
1989,12,3,3,144,3.1899
1989,12,3,4,168,4.3533
1989,12,3,5,161,2.1917
1990,1,1,1,1106,-5.9030
1990,1,1,2,526,-6.7425
1990,1,1,3,298,-6.6063
1990,1,1,4,226,-8.6487
1990,1,1,5,567,-9.3023
1990,1,2,1,112,-10.0134
1990,1,2,2,146,-7.1029
1990,1,2,3,136,-7.7917
1990,1,2,4,107,-9.1283
1990,1,2,5,206,-10.6171
1990,1,3,1,46,-2.5472
1990,1,3,2,117,-4.7887
1990,1,3,3,132,-6.1233
1990,1,3,4,175,-6.1554
1990,1,3,5,166,-8.9318
1990,2,1,1,1111,1.8294
1990,2,1,2,522,-0.1134
1990,2,1,3,295,1.2022
1990,2,1,4,204,3.8941
1990,2,1,5,592,3.4455
1990,2,2,1,113,4.3429
1990,2,2,2,163,2.5093
1990,2,2,3,123,2.5993
1990,2,2,4,113,2.4893
1990,2,2,5,183,5.1915
1990,2,3,1,37,2.0911
1990,2,3,2,104,2.9636
1990,2,3,3,146,1.0809
1990,2,3,4,171,0.6525
1990,2,3,5,170,1.4761
1990,3,1,1,1112,3.1667
1990,3,1,2,509,3.1825
1990,3,1,3,332,1.5228
1990,3,1,4,213,3.4924
1990,3,1,5,551,5.3211
1990,3,2,1,118,5.3669
1990,3,2,2,142,4.7288
1990,3,2,3,147,3.6650
1990,3,2,4,94,3.2048
1990,3,2,5,200,5.7969
1990,3,3,1,31,3.0387
1990,3,3,2,108,2.0539
1990,3,3,3,138,2.1732
1990,3,3,4,179,3.0777
1990,3,3,5,169,3.6977
1990,4,1,1,1099,-3.2292
1990,4,1,2,506,-3.3128
1990,4,1,3,298,-2.9884
1990,4,1,4,195,-2.3475
1990,4,1,5,603,-0.9534
1990,4,2,1,123,-5.0449
1990,4,2,2,143,-2.6164
1990,4,2,3,134,-3.5058
1990,4,2,4,101,-4.4321
1990,4,2,5,210,-2.7570
1990,4,3,1,44,-3.1963
1990,4,3,2,116,-3.5009
1990,4,3,3,146,-2.3595
1990,4,3,4,161,-3.0553
1990,4,3,5,160,-0.8826
1990,5,1,1,992,4.9934
1990,5,1,2,459,2.7853
1990,5,1,3,316,2.9937
1990,5,1,4,277,5.8051
1990,5,1,5,627,8.0572
1990,5,2,1,125,8.1855
1990,5,2,2,133,6.3673
1990,5,2,3,136,7.1416
1990,5,2,4,128,6.4520
1990,5,2,5,216,13.6071
1990,5,3,1,42,10.5859
1990,5,3,2,117,8.7947
1990,5,3,3,149,8.2057
1990,5,3,4,161,8.5303
1990,5,3,5,159,10.6152
1990,6,1,1,1076,-0.0147
1990,6,1,2,484,0.9690
1990,6,1,3,236,-0.2828
1990,6,1,4,260,-0.5474
1990,6,1,5,593,3.9777
1990,6,2,1,111,1.9221
1990,6,2,2,148,0.8412
1990,6,2,3,123,-0.2138
1990,6,2,4,124,0.4203
1990,6,2,5,231,-0.5058
1990,6,3,1,44,-3.1134
1990,6,3,2,106,-1.4512
1990,6,3,3,151,-1.1300
1990,6,3,4,160,-1.0537
1990,6,3,5,181,1.3238
1990,7,1,1,931,-5.2468
1990,7,1,2,472,-4.6643
1990,7,1,3,253,-4.3516
1990,7,1,4,295,-3.3787
1990,7,1,5,667,-3.7382
1990,7,2,1,103,-5.5182
1990,7,2,2,148,-4.6511
1990,7,2,3,103,-2.0688
1990,7,2,4,119,-3.0622
1990,7,2,5,254,-2.8167
1990,7,3,1,57,-5.1645
1990,7,3,2,107,-3.2669
1990,7,3,3,161,-0.1573
1990,7,3,4,150,0.1619
1990,7,3,5,166,0.7926
1990,8,1,1,901,-14.6305
1990,8,1,2,454,-13.8161
1990,8,1,3,332,-11.0771
1990,8,1,4,271,-15.4853
1990,8,1,5,629,-13.9548
1990,8,2,1,107,-15.8085
1990,8,2,2,141,-14.4929
1990,8,2,3,140,-10.6324
1990,8,2,4,120,-11.4910
1990,8,2,5,239,-14.0799
1990,8,3,1,61,-12.7753
1990,8,3,2,115,-11.5875
1990,8,3,3,139,-8.9757
1990,8,3,4,168,-8.7726
1990,8,3,5,160,-7.1429
1990,9,1,1,942,-11.5136
1990,9,1,2,460,-9.3361
1990,9,1,3,343,-8.2757
1990,9,1,4,269,-8.6043
1990,9,1,5,598,-8.5596
1990,9,2,1,124,-13.3894
1990,9,2,2,139,-9.7021
1990,9,2,3,126,-8.1392
1990,9,2,4,145,-5.3190
1990,9,2,5,187,-8.4881
1990,9,3,1,55,-11.7425
1990,9,3,2,105,-7.2471
1990,9,3,3,152,-2.8452
1990,9,3,4,158,-2.0750
1990,9,3,5,172,-4.6576
1990,10,1,1,939,-9.4099
1990,10,1,2,444,-7.0866
1990,10,1,3,365,-6.1197
1990,10,1,4,287,-5.3585
1990,10,1,5,582,-4.5725
1990,10,2,1,135,-7.9327
1990,10,2,2,143,-7.5895
1990,10,2,3,136,-5.9727
1990,10,2,4,123,-1.2640
1990,10,2,5,189,-5.1397
1990,10,3,1,62,-3.7463
1990,10,3,2,101,-0.8411
1990,10,3,3,146,-0.2852
1990,10,3,4,160,1.7543
1990,10,3,5,170,-0.2010
1990,11,1,1,868,6.4390
1990,11,1,2,466,2.7550
1990,11,1,3,441,2.2299
1990,11,1,4,247,5.7534
1990,11,1,5,590,5.3155
1990,11,2,1,129,14.9628
1990,11,2,2,153,8.4459
1990,11,2,3,135,6.1982
1990,11,2,4,141,7.0373
1990,11,2,5,173,8.6275
1990,11,3,1,43,14.1166
1990,11,3,2,109,8.7644
1990,11,3,3,149,5.4548
1990,11,3,4,165,6.1011
1990,11,3,5,181,4.9930
1990,12,1,1,951,-1.6723
1990,12,1,2,481,-0.0683
1990,12,1,3,335,0.3132
1990,12,1,4,250,1.8391
1990,12,1,5,606,2.0876
1990,12,2,1,130,7.3232
1990,12,2,2,148,4.9717
1990,12,2,3,135,5.3373
1990,12,2,4,111,4.7901
1990,12,2,5,209,6.0288
1990,12,3,1,36,5.2060
1990,12,3,2,110,3.8663
1990,12,3,3,158,2.8374
1990,12,3,4,168,2.2105
1990,12,3,5,176,2.3757
1991,1,1,1,1132,13.8297
1991,1,1,2,459,8.5007
1991,1,1,3,268,3.8042
1991,1,1,4,211,9.0084
1991,1,1,5,519,10.2166
1991,1,2,1,126,11.3104
1991,1,2,2,143,7.7859
1991,1,2,3,126,7.6560
1991,1,2,4,127,5.5380
1991,1,2,5,241,10.6553
1991,1,3,1,37,13.2630
1991,1,3,2,108,8.9792
1991,1,3,3,160,4.1041
1991,1,3,4,170,1.2859
1991,1,3,5,180,5.6673
1991,2,1,1,1159,18.3583
1991,2,1,2,394,10.6863
1991,2,1,3,257,9.7417
1991,2,1,4,232,10.7724
1991,2,1,5,555,11.7248
1991,2,2,1,143,14.8825
1991,2,2,2,133,11.2587
1991,2,2,3,105,9.6278
1991,2,2,4,138,8.9492
1991,2,2,5,230,9.4029
1991,2,3,1,46,12.1708
1991,2,3,2,122,6.0255
1991,2,3,3,154,6.6059
1991,2,3,4,161,5.4394
1991,2,3,5,175,7.9150
1991,3,1,1,1107,8.1331
1991,3,1,2,394,5.9640
1991,3,1,3,219,5.0599
1991,3,1,4,242,8.2745
1991,3,1,5,638,12.0066
1991,3,2,1,139,5.4079
1991,3,2,2,115,3.4363
1991,3,2,3,123,2.6791
1991,3,2,4,136,5.0131
1991,3,2,5,239,8.2946
1991,3,3,1,55,0.5964
1991,3,3,2,120,0.0834
1991,3,3,3,150,1.6745
1991,3,3,4,162,1.1743
1991,3,3,5,177,5.6924
1991,4,1,1,1074,1.6972
1991,4,1,2,341,-0.9379
1991,4,1,3,237,0.8733
1991,4,1,4,253,2.5432
1991,4,1,5,685,0.9257
1991,4,2,1,131,-0.9184
1991,4,2,2,129,0.6939
1991,4,2,3,116,1.0017
1991,4,2,4,134,0.7534
1991,4,2,5,249,-1.2509
1991,4,3,1,75,2.9742
1991,4,3,2,111,0.4281
1991,4,3,3,150,-0.1447
1991,4,3,4,160,0.1948
1991,4,3,5,175,-0.9886
1991,5,1,1,917,1.6533
1991,5,1,2,379,1.7748
1991,5,1,3,235,3.3841
1991,5,1,4,286,3.8362
1991,5,1,5,783,5.0063
1991,5,2,1,117,4.3914
1991,5,2,2,147,4.4096
1991,5,2,3,126,3.3190
1991,5,2,4,124,2.6106
1991,5,2,5,244,5.4958
1991,5,3,1,76,9.6687
1991,5,3,2,121,2.8609
1991,5,3,3,154,4.5452
1991,5,3,4,153,3.3004
1991,5,3,5,164,3.5811
1991,6,1,1,1007,-3.9518
1991,6,1,2,369,-2.6117
1991,6,1,3,221,-4.4214
1991,6,1,4,246,-3.9528
1991,6,1,5,752,-5.5867
1991,6,2,1,146,-3.2603
1991,6,2,2,125,-3.4623
1991,6,2,3,126,-3.4198
1991,6,2,4,141,-5.6522
1991,6,2,5,220,-7.3939
1991,6,3,1,62,-6.0682
1991,6,3,2,134,-4.0657
1991,6,3,3,146,-4.2568
1991,6,3,4,159,-4.4564
1991,6,3,5,168,-4.3142
1991,7,1,1,929,1.5449
1991,7,1,2,408,1.3124
1991,7,1,3,240,1.2623
1991,7,1,4,265,1.5572
1991,7,1,5,752,5.1784
1991,7,2,1,121,0.5185
1991,7,2,2,127,2.8073
1991,7,2,3,108,1.9831
1991,7,2,4,150,4.3670
1991,7,2,5,225,6.9147
1991,7,3,1,70,3.1650
1991,7,3,2,135,3.6848
1991,7,3,3,161,2.3269
1991,7,3,4,143,5.3657
1991,7,3,5,160,7.9492
1991,8,1,1,918,2.0759
1991,8,1,2,374,0.3308
1991,8,1,3,255,1.7958
1991,8,1,4,282,3.0710
1991,8,1,5,723,4.5409
1991,8,2,1,120,1.1085
1991,8,2,2,138,1.6170
1991,8,2,3,106,1.6800
1991,8,2,4,127,3.6764
1991,8,2,5,273,6.4800
1991,8,3,1,77,2.1864
1991,8,3,2,115,1.0726
1991,8,3,3,150,2.0654
1991,8,3,4,164,2.9294
1991,8,3,5,162,3.8133
1991,9,1,1,941,-0.4577
1991,9,1,2,332,1.1361
1991,9,1,3,241,0.5150
1991,9,1,4,278,0.2351
1991,9,1,5,739,3.4271
1991,9,2,1,119,-1.3006
1991,9,2,2,127,-0.5303
1991,9,2,3,116,0.1388
1991,9,2,4,107,-1.3113
1991,9,2,5,300,1.9833
1991,9,3,1,80,-0.9380
1991,9,3,2,122,-0.2457
1991,9,3,3,139,-0.7232
1991,9,3,4,172,-3.2020
1991,9,3,5,164,-1.9035
1991,10,1,1,842,0.2283
1991,10,1,2,301,-0.6125
1991,10,1,3,279,1.2651
1991,10,1,4,320,1.2192
1991,10,1,5,794,6.6668
1991,10,2,1,103,0.5605
1991,10,2,2,104,1.1975
1991,10,2,3,124,1.6845
1991,10,2,4,132,-0.3577
1991,10,2,5,298,4.1938
1991,10,3,1,93,-0.5708
1991,10,3,2,152,1.5599
1991,10,3,3,128,2.5377
1991,10,3,4,159,1.4382
1991,10,3,5,146,3.6402
1991,11,1,1,750,-2.2369
1991,11,1,2,292,-3.0363
1991,11,1,3,240,-2.2841
1991,11,1,4,397,-1.9978
1991,11,1,5,835,-3.6303
1991,11,2,1,107,-7.4401
1991,11,2,2,113,-3.2383
1991,11,2,3,108,-2.5570
1991,11,2,4,158,-4.3597
1991,11,2,5,286,-6.0819
1991,11,3,1,93,-6.8268
1991,11,3,2,143,-3.3982
1991,11,3,3,144,-3.9472
1991,11,3,4,151,-0.7076
1991,11,3,5,147,-3.7143
1991,12,1,1,638,0.0466
1991,12,1,2,329,2.6699
1991,12,1,3,220,1.9733
1991,12,1,4,355,4.7521
1991,12,1,5,956,6.1494
1991,12,2,1,117,6.5833
1991,12,2,2,120,6.9536
1991,12,2,3,109,7.6172
1991,12,2,4,134,7.9493
1991,12,2,5,291,10.8448
1991,12,3,1,107,6.1033
1991,12,3,2,134,9.5046
1991,12,3,3,148,9.5195
1991,12,3,4,163,14.5361
1991,12,3,5,129,16.7758
1992,1,1,1,758,16.6601
1992,1,1,2,350,11.7102
1992,1,1,3,255,10.3681
1992,1,1,4,280,13.9412
1992,1,1,5,831,14.1255
1992,1,2,1,120,8.8963
1992,1,2,2,123,6.8809
1992,1,2,3,137,4.7270
1992,1,2,4,108,7.0333
1992,1,2,5,282,8.0569
1992,1,3,1,81,2.8520
1992,1,3,2,127,1.4190
1992,1,3,3,152,-1.3957
1992,1,3,4,164,-2.6121
1992,1,3,5,169,-4.1522
1992,2,1,1,640,2.5720
1992,2,1,2,328,2.5158
1992,2,1,3,213,5.2781
1992,2,1,4,314,6.8016
1992,2,1,5,961,4.3196
1992,2,2,1,121,2.0787
1992,2,2,2,110,2.8324
1992,2,2,3,117,1.2684
1992,2,2,4,140,3.5134
1992,2,2,5,299,1.4964
1992,2,3,1,85,2.3629
1992,2,3,2,153,-0.4591
1992,2,3,3,141,2.0396
1992,2,3,4,158,1.4027
1992,2,3,5,155,0.2365
1992,3,1,1,673,-2.8276
1992,3,1,2,308,-1.2139
1992,3,1,3,256,-1.1276
1992,3,1,4,322,-1.5631
1992,3,1,5,900,-3.3996
1992,3,2,1,134,-3.4223
1992,3,2,2,125,-2.3997
1992,3,2,3,119,-4.0282
1992,3,2,4,114,-5.3542
1992,3,2,5,283,-5.2152
1992,3,3,1,88,-3.1609
1992,3,3,2,138,-2.8182
1992,3,3,3,161,-0.9420
1992,3,3,4,167,-2.1299
1992,3,3,5,142,-3.0272
1992,4,1,1,706,-5.4083
1992,4,1,2,326,-1.9622
1992,4,1,3,212,-5.1615
1992,4,1,4,338,-5.4476
1992,4,1,5,902,-7.7563
1992,4,2,1,135,-3.3637
1992,4,2,2,127,-2.3557
1992,4,2,3,98,-1.4938
1992,4,2,4,158,-3.0820
1992,4,2,5,250,-6.4847
1992,4,3,1,89,6.8103
1992,4,3,2,145,2.3210
1992,4,3,3,160,3.2344
1992,4,3,4,165,1.2218
1992,4,3,5,132,-1.7339
1992,5,1,1,755,0.1325
1992,5,1,2,344,-0.4312
1992,5,1,3,243,-0.1688
1992,5,1,4,269,-0.1053
1992,5,1,5,885,-0.6724
1992,5,2,1,158,3.9192
1992,5,2,2,130,-1.0057
1992,5,2,3,114,0.4410
1992,5,2,4,128,-0.0328
1992,5,2,5,240,-0.7895
1992,5,3,1,82,0.0833
1992,5,3,2,141,-0.0586
1992,5,3,3,164,0.0643
1992,5,3,4,172,0.7171
1992,5,3,5,135,1.3802
1992,6,1,1,803,-6.8366
1992,6,1,2,305,-3.3616
1992,6,1,3,228,-6.7122
1992,6,1,4,268,-4.3296
1992,6,1,5,878,-7.3781
1992,6,2,1,155,-3.6230
1992,6,2,2,128,-3.8360
1992,6,2,3,119,-2.4054
1992,6,2,4,127,-3.8849
1992,6,2,5,264,-6.3837
1992,6,3,1,84,-3.2971
1992,6,3,2,144,-0.7301
1992,6,3,3,163,-1.0881
1992,6,3,4,153,-2.4166
1992,6,3,5,151,-5.4925
1992,7,1,1,741,-0.1099
1992,7,1,2,352,2.2303
1992,7,1,3,239,2.3694
1992,7,1,4,266,0.9491
1992,7,1,5,851,1.8976
1992,7,2,1,143,3.2954
1992,7,2,2,139,2.0776
1992,7,2,3,114,4.4090
1992,7,2,4,126,3.9530
1992,7,2,5,238,4.5472
1992,7,3,1,72,4.2469
1992,7,3,2,155,4.7108
1992,7,3,3,164,4.2763
1992,7,3,4,164,4.5630
1992,7,3,5,140,3.4434
1992,8,1,1,784,-2.4607
1992,8,1,2,370,-1.6804
1992,8,1,3,255,-3.2017
1992,8,1,4,215,-3.9892
1992,8,1,5,811,-4.1835
1992,8,2,1,160,-3.5303
1992,8,2,2,140,-1.5534
1992,8,2,3,98,-3.3811
1992,8,2,4,133,-1.6250
1992,8,2,5,237,-3.7371
1992,8,3,1,73,-3.6895
1992,8,3,2,152,-0.6622
1992,8,3,3,168,-1.2730
1992,8,3,4,165,-1.3423
1992,8,3,5,144,-4.8037
1992,9,1,1,815,-0.2167
1992,9,1,2,409,1.4469
1992,9,1,3,211,0.2628
1992,9,1,4,226,2.9106
1992,9,1,5,745,0.9874
1992,9,2,1,184,-0.3578
1992,9,2,2,152,1.5152
1992,9,2,3,105,-0.6838
1992,9,2,4,128,0.8001
1992,9,2,5,221,4.6395
1992,9,3,1,65,0.2243
1992,9,3,2,150,0.6942
1992,9,3,3,171,0.5039
1992,9,3,4,168,1.6262
1992,9,3,5,146,2.3766
1992,10,1,1,870,2.2853
1992,10,1,2,360,1.4221
1992,10,1,3,244,2.7986
1992,10,1,4,243,1.5054
1992,10,1,5,694,4.2159
1992,10,2,1,187,2.4734
1992,10,2,2,155,2.0339
1992,10,2,3,108,0.7097
1992,10,2,4,132,3.1105
1992,10,2,5,220,4.3254
1992,10,3,1,70,-1.7986
1992,10,3,2,140,1.2099
1992,10,3,3,177,-0.4455
1992,10,3,4,172,0.6675
1992,10,3,5,148,3.6562
1992,11,1,1,969,11.4857
1992,11,1,2,327,6.6573
1992,11,1,3,255,7.1731
1992,11,1,4,260,6.9044
1992,11,1,5,640,10.2191
1992,11,2,1,175,10.2539
1992,11,2,2,134,5.5360
1992,11,2,3,124,6.8280
1992,11,2,4,121,6.4670
1992,11,2,5,226,8.1592
1992,11,3,1,75,2.0438
1992,11,3,2,142,3.1024
1992,11,3,3,164,1.6295
1992,11,3,4,179,5.0178
1992,11,3,5,149,5.2850
1992,12,1,1,794,2.1522
1992,12,1,2,320,0.9911
1992,12,1,3,244,2.4260
1992,12,1,4,281,2.2476
1992,12,1,5,810,4.0956
1992,12,2,1,167,1.2228
1992,12,2,2,125,1.9955
1992,12,2,3,121,1.8386
1992,12,2,4,131,3.0342
1992,12,2,5,245,4.3216
1992,12,3,1,88,-2.6428
1992,12,3,2,156,0.9588
1992,12,3,3,171,1.8692
1992,12,3,4,170,1.0521
1992,12,3,5,138,4.7302
1993,1,1,1,1004,4.6947
1993,1,1,2,378,5.2293
1993,1,1,3,235,4.0324
1993,1,1,4,222,4.2125
1993,1,1,5,625,7.1652
1993,1,2,1,186,1.1899
1993,1,2,2,145,0.0334
1993,1,2,3,127,3.9612
1993,1,2,4,115,3.1679
1993,1,2,5,222,2.2282
1993,1,3,1,78,-2.4140
1993,1,3,2,146,-2.6574
1993,1,3,3,168,0.9482
1993,1,3,4,165,0.8563
1993,1,3,5,172,4.0633
1993,2,1,1,926,-5.5197
1993,2,1,2,446,-3.9328
1993,2,1,3,239,-3.2570
1993,2,1,4,230,0.7196
1993,2,1,5,640,-2.0173
1993,2,2,1,187,-5.6277
1993,2,2,2,163,-2.7307
1993,2,2,3,111,-2.8590
1993,2,2,4,116,-0.5945
1993,2,2,5,224,-3.3572
1993,2,3,1,81,-1.8637
1993,2,3,2,153,-2.7366
1993,2,3,3,166,2.2742
1993,2,3,4,172,2.8035
1993,2,3,5,158,1.4687
1993,3,1,1,1027,-0.1919
1993,3,1,2,390,1.0152
1993,3,1,3,294,2.3229
1993,3,1,4,231,3.1528
1993,3,1,5,618,4.0500
1993,3,2,1,172,0.9302
1993,3,2,2,153,1.4257
1993,3,2,3,129,1.6983
1993,3,2,4,113,1.0720
1993,3,2,5,210,5.1242
1993,3,3,1,84,0.6605
1993,3,3,2,133,0.7055
1993,3,3,3,170,2.6430
1993,3,3,4,182,2.4566
1993,3,3,5,164,3.6244
1993,4,1,1,933,-4.3051
1993,4,1,2,376,-2.1878
1993,4,1,3,281,-2.8962
1993,4,1,4,280,-3.0548
1993,4,1,5,701,-2.6624
1993,4,2,1,146,-5.3177
1993,4,2,2,153,-2.2342
1993,4,2,3,131,-2.0959
1993,4,2,4,130,-1.4897
1993,4,2,5,227,-2.6661
1993,4,3,1,101,-2.5941
1993,4,3,2,131,-1.7619
1993,4,3,3,163,-2.1319
1993,4,3,4,182,-3.2020
1993,4,3,5,160,-3.4618
1993,5,1,1,947,5.5340
1993,5,1,2,358,2.9804
1993,5,1,3,274,3.5188
1993,5,1,4,258,6.0655
1993,5,1,5,734,4.9786
1993,5,2,1,172,6.9162
1993,5,2,2,142,6.0454
1993,5,2,3,116,4.0923
1993,5,2,4,148,4.1538
1993,5,2,5,225,8.0935
1993,5,3,1,90,4.1919
1993,5,3,2,159,2.7255
1993,5,3,3,170,1.7199
1993,5,3,4,162,3.1128
1993,5,3,5,164,7.4962
1993,6,1,1,870,-1.7109
1993,6,1,2,343,-2.2219
1993,6,1,3,268,-1.2825
1993,6,1,4,325,1.1948
1993,6,1,5,776,2.1934
1993,6,2,1,153,-1.2203
1993,6,2,2,130,-0.6120
1993,6,2,3,108,0.7549
1993,6,2,4,161,-0.3453
1993,6,2,5,262,0.5574
1993,6,3,1,99,-1.9428
1993,6,3,2,156,-1.2551
1993,6,3,3,173,0.3039
1993,6,3,4,152,0.8617
1993,6,3,5,176,2.4801
1993,7,1,1,767,-0.3510
1993,7,1,2,397,-0.1797
1993,7,1,3,290,1.3614
1993,7,1,4,329,-0.7887
1993,7,1,5,806,1.2148
1993,7,2,1,154,-1.4964
1993,7,2,2,113,-0.1668
1993,7,2,3,139,1.1522
1993,7,2,4,128,1.9384
1993,7,2,5,265,0.5729
1993,7,3,1,98,-5.2638
1993,7,3,2,166,-0.8404
1993,7,3,3,161,0.2406
1993,7,3,4,163,1.0385
1993,7,3,5,166,0.3036
1993,8,1,1,742,4.1198
1993,8,1,2,391,2.6288
1993,8,1,3,319,2.6414
1993,8,1,4,357,2.1694
1993,8,1,5,797,6.2257
1993,8,2,1,150,2.9987
1993,8,2,2,126,4.5990
1993,8,2,3,106,1.5603
1993,8,2,4,158,3.3162
1993,8,2,5,252,6.6973
1993,8,3,1,108,3.9721
1993,8,3,2,164,3.1776
1993,8,3,3,166,3.7927
1993,8,3,4,150,3.5102
1993,8,3,5,169,5.9004
1993,9,1,1,803,1.6504
1993,9,1,2,378,2.8104
1993,9,1,3,262,1.6846
1993,9,1,4,379,2.4164
1993,9,1,5,784,3.2677
1993,9,2,1,142,-0.9737
1993,9,2,2,120,2.4272
1993,9,2,3,135,1.9417
1993,9,2,4,138,2.7111
1993,9,2,5,255,4.7145
1993,9,3,1,120,-1.6699
1993,9,3,2,161,-1.4712
1993,9,3,3,159,-0.8334
1993,9,3,4,157,-1.1369
1993,9,3,5,170,2.9024
1993,10,1,1,741,5.4006
1993,10,1,2,397,3.8481
1993,10,1,3,278,3.5969
1993,10,1,4,311,5.5832
1993,10,1,5,879,5.3202
1993,10,2,1,137,4.5759
1993,10,2,2,141,1.9880
1993,10,2,3,120,3.3920
1993,10,2,4,140,3.9468
1993,10,2,5,271,1.7935
1993,10,3,1,121,6.2839
1993,10,3,2,158,2.4121
1993,10,3,3,164,0.4676
1993,10,3,4,148,1.1685
1993,10,3,5,183,2.7291
1993,11,1,1,767,-1.1041
1993,11,1,2,398,-2.1610
1993,11,1,3,278,-1.4691
1993,11,1,4,329,-2.7743
1993,11,1,5,834,-4.5338
1993,11,2,1,163,1.3211
1993,11,2,2,124,-0.9782
1993,11,2,3,132,-1.7156
1993,11,2,4,142,-3.8920
1993,11,2,5,265,-4.9975
1993,11,3,1,116,4.4850
1993,11,3,2,160,0.7277
1993,11,3,3,168,-2.1783
1993,11,3,4,160,-3.5881
1993,11,3,5,176,-3.0230
1993,12,1,1,865,-0.8194
1993,12,1,2,336,-0.0829
1993,12,1,3,273,2.1337
1993,12,1,4,346,1.8651
1993,12,1,5,845,1.2727
1993,12,2,1,167,4.1963
1993,12,2,2,131,3.6890
1993,12,2,3,102,2.7081
1993,12,2,4,152,4.6219
1993,12,2,5,253,4.8815
1993,12,3,1,103,-0.0400
1993,12,3,2,162,0.9637
1993,12,3,3,176,1.8564
1993,12,3,4,171,2.1700
1993,12,3,5,167,2.5978
1994,1,1,1,976,4.6783
1994,1,1,2,412,4.2599
1994,1,1,3,235,6.0408
1994,1,1,4,299,3.9712
1994,1,1,5,730,5.6570
1994,1,2,1,155,3.3682
1994,1,2,2,133,2.1107
1994,1,2,3,106,2.2406
1994,1,2,4,161,2.3622
1994,1,2,5,258,2.0287
1994,1,3,1,95,5.2155
1994,1,3,2,153,2.1450
1994,1,3,3,175,1.8345
1994,1,3,4,166,2.8207
1994,1,3,5,198,3.8840
1994,2,1,1,890,-0.7477
1994,2,1,2,313,-0.2341
1994,2,1,3,318,0.0186
1994,2,1,4,371,-0.6499
1994,2,1,5,788,-0.7595
1994,2,2,1,141,0.0339
1994,2,2,2,124,-1.5590
1994,2,2,3,124,0.6753
1994,2,2,4,152,1.0847
1994,2,2,5,282,-1.6469
1994,2,3,1,109,-0.3198
1994,2,3,2,156,-3.1835
1994,2,3,3,167,-2.7048
1994,2,3,4,168,-2.0982
1994,2,3,5,183,-0.8866
1994,3,1,1,829,-3.9274
1994,3,1,2,328,-4.4649
1994,3,1,3,302,-4.3780
1994,3,1,4,376,-4.7944
1994,3,1,5,823,-6.4442
1994,3,2,1,139,-3.5382
1994,3,2,2,133,-4.4160
1994,3,2,3,123,-6.1606
1994,3,2,4,173,-5.6282
1994,3,2,5,302,-7.7030
1994,3,3,1,111,-3.6502
1994,3,3,2,173,-4.4859
1994,3,3,3,169,-3.1693
1994,3,3,4,153,-5.5908
1994,3,3,5,182,-5.7274
1994,4,1,1,824,-4.1176
1994,4,1,2,320,-2.8195
1994,4,1,3,303,-0.9092
1994,4,1,4,397,-1.4127
1994,4,1,5,851,-0.4209
1994,4,2,1,138,-1.2199
1994,4,2,2,128,-1.9832
1994,4,2,3,129,-2.2829
1994,4,2,4,167,-0.3646
1994,4,2,5,299,0.3040
1994,4,3,1,124,2.5801
1994,4,3,2,153,1.1499
1994,4,3,3,179,0.5474
1994,4,3,4,156,1.1142
1994,4,3,5,174,-0.2987
1994,5,1,1,956,0.4537
1994,5,1,2,295,-1.3845
1994,5,1,3,294,-1.0624
1994,5,1,4,383,-1.3081
1994,5,1,5,808,-2.0173
1994,5,2,1,161,-0.6513
1994,5,2,2,137,-0.3711
1994,5,2,3,127,-2.2174
1994,5,2,4,159,-2.4535
1994,5,2,5,262,-3.6615
1994,5,3,1,114,1.3827
1994,5,3,2,164,-0.4973
1994,5,3,3,176,1.8133
1994,5,3,4,166,0.6877
1994,5,3,5,170,-1.7112
1994,6,1,1,902,-4.4600
1994,6,1,2,340,-2.5733
1994,6,1,3,308,-2.3890
1994,6,1,4,388,-4.3519
1994,6,1,5,814,-5.1021
1994,6,2,1,165,-3.4233
1994,6,2,2,138,-1.6215
1994,6,2,3,130,-1.7974
1994,6,2,4,162,-2.8249
1994,6,2,5,260,-6.0877
1994,6,3,1,129,-3.0430
1994,6,3,2,157,-1.7039
1994,6,3,3,175,-2.5100
1994,6,3,4,177,-2.3703
1994,6,3,5,162,-5.2361
1994,7,1,1,965,0.5729
1994,7,1,2,387,0.1369
1994,7,1,3,311,0.4672
1994,7,1,4,346,2.1442
1994,7,1,5,801,1.4738
1994,7,2,1,132,1.5747
1994,7,2,2,160,1.7615
1994,7,2,3,126,0.7106
1994,7,2,4,164,1.8858
1994,7,2,5,249,2.8671
1994,7,3,1,130,5.0720
1994,7,3,2,165,3.7513
1994,7,3,3,173,3.5327
1994,7,3,4,153,2.3913
1994,7,3,5,170,2.7643
1994,8,1,1,1020,4.7832
1994,8,1,2,324,4.2836
1994,8,1,3,341,1.8805
1994,8,1,4,355,3.7453
1994,8,1,5,801,4.4488
1994,8,2,1,168,8.5042
1994,8,2,2,146,5.0140
1994,8,2,3,126,6.2241
1994,8,2,4,156,7.5398
1994,8,2,5,239,7.7076
1994,8,3,1,122,4.5743
1994,8,3,2,171,2.7436
1994,8,3,3,170,4.1047
1994,8,3,4,168,4.7258
1994,8,3,5,167,6.2891
1994,9,1,1,1080,1.1903
1994,9,1,2,386,1.0705
1994,9,1,3,351,1.1330
1994,9,1,4,368,1.1505
1994,9,1,5,658,1.8802
1994,9,2,1,172,-0.9117
1994,9,2,2,164,-2.0206
1994,9,2,3,136,-1.0341
1994,9,2,4,169,-0.4881
1994,9,2,5,211,1.1526
1994,9,3,1,119,-1.7513
1994,9,3,2,153,-2.3447
1994,9,3,3,186,-1.7681
1994,9,3,4,162,-1.4499
1994,9,3,5,180,-0.8882
1994,10,1,1,1101,-1.6813
1994,10,1,2,394,-1.7112
1994,10,1,3,326,0.7701
1994,10,1,4,382,0.2012
1994,10,1,5,658,4.3103
1994,10,2,1,179,-2.3870
1994,10,2,2,155,0.4449
1994,10,2,3,151,-0.1044
1994,10,2,4,149,1.2744
1994,10,2,5,223,2.7562
1994,10,3,1,119,1.6353
1994,10,3,2,176,2.8627
1994,10,3,3,157,1.8265
1994,10,3,4,181,1.9759
1994,10,3,5,176,2.4621
1994,11,1,1,1129,-4.0773
1994,11,1,2,369,-4.3025
1994,11,1,3,378,-3.6365
1994,11,1,4,371,-3.5645
1994,11,1,5,658,-2.2032
1994,11,2,1,169,-3.9777
1994,11,2,2,158,-4.2999
1994,11,2,3,158,-4.0068
1994,11,2,4,144,-2.4988
1994,11,2,5,241,-3.0894
1994,11,3,1,100,-2.7299
1994,11,3,2,155,-2.0705
1994,11,3,3,187,-3.2769
1994,11,3,4,167,-2.6775
1994,11,3,5,206,-4.7470
1994,12,1,1,1098,-4.4718
1994,12,1,2,337,-4.4549
1994,12,1,3,308,-2.7754
1994,12,1,4,420,-0.7951
1994,12,1,5,763,0.8542
1994,12,2,1,183,-1.5851
1994,12,2,2,159,3.0580
1994,12,2,3,148,1.6148
1994,12,2,4,142,1.9362
1994,12,2,5,267,4.1856
1994,12,3,1,96,1.6910
1994,12,3,2,156,2.3616
1994,12,3,3,185,0.9746
1994,12,3,4,190,1.0978
1994,12,3,5,197,1.4653
1995,1,1,1,1263,4.7227
1995,1,1,2,419,2.2750
1995,1,1,3,280,1.0528
1995,1,1,4,282,-0.3185
1995,1,1,5,673,1.1243
1995,1,2,1,173,-1.0853
1995,1,2,2,153,-1.4768
1995,1,2,3,136,-1.3211
1995,1,2,4,149,-0.2775
1995,1,2,5,296,-2.7817
1995,1,3,1,92,1.7049
1995,1,3,2,162,2.2816
1995,1,3,3,188,3.4061
1995,1,3,4,186,1.5684
1995,1,3,5,204,0.0883
1995,2,1,1,1199,3.4722
1995,2,1,2,465,3.0482
1995,2,1,3,318,1.7856
1995,2,1,4,270,1.1978
1995,2,1,5,733,2.4090
1995,2,2,1,197,3.3728
1995,2,2,2,146,2.9300
1995,2,2,3,143,2.9621
1995,2,2,4,128,2.6615
1995,2,2,5,274,4.2758
1995,2,3,1,85,6.5241
1995,2,3,2,160,4.7811
1995,2,3,3,176,4.8857
1995,2,3,4,205,2.6040
1995,2,3,5,203,3.4575
1995,3,1,1,1247,0.4537
1995,3,1,2,451,1.1071
1995,3,1,3,305,0.5066
1995,3,1,4,301,2.5749
1995,3,1,5,724,3.3592
1995,3,2,1,176,3.3029
1995,3,2,2,151,1.3401
1995,3,2,3,144,1.3513
1995,3,2,4,124,2.6591
1995,3,2,5,277,2.9859
1995,3,3,1,83,3.2674
1995,3,3,2,146,3.2826
1995,3,3,3,172,3.1037
1995,3,3,4,205,1.9921
1995,3,3,5,233,3.8136
1995,4,1,1,1222,2.1244
1995,4,1,2,429,2.9328
1995,4,1,3,273,2.1579
1995,4,1,4,317,3.4429
1995,4,1,5,760,3.3708
1995,4,2,1,167,0.3046
1995,4,2,2,165,2.7410
1995,4,2,3,127,2.4659
1995,4,2,4,146,3.8023
1995,4,2,5,294,1.8162
1995,4,3,1,73,0.2253
1995,4,3,2,151,2.1314
1995,4,3,3,181,1.4189
1995,4,3,4,202,2.3468
1995,4,3,5,244,5.4460
1995,5,1,1,1229,1.4170
1995,5,1,2,428,2.2312
1995,5,1,3,256,0.9866
1995,5,1,4,300,1.7745
1995,5,1,5,802,3.1262
1995,5,2,1,180,-0.3673
1995,5,2,2,150,2.3692
1995,5,2,3,128,0.2482
1995,5,2,4,136,0.9259
1995,5,2,5,332,1.2651
1995,5,3,1,77,3.3588
1995,5,3,2,153,3.2746
1995,5,3,3,184,2.7256
1995,5,3,4,201,3.5561
1995,5,3,5,235,2.8850
1995,6,1,1,1248,3.6138
1995,6,1,2,399,4.5134
1995,6,1,3,283,3.2306
1995,6,1,4,264,4.7668
1995,6,1,5,844,10.6355
1995,6,2,1,186,3.4109
1995,6,2,2,152,3.3366
1995,6,2,3,132,1.9440
1995,6,2,4,107,4.9015
1995,6,2,5,337,10.4867
1995,6,3,1,76,6.1373
1995,6,3,2,160,1.8854
1995,6,3,3,175,1.2712
1995,6,3,4,201,1.3394
1995,6,3,5,240,5.6397
1995,7,1,1,1088,6.0541
1995,7,1,2,375,3.9537
1995,7,1,3,258,1.1707
1995,7,1,4,330,4.6401
1995,7,1,5,874,8.2685
1995,7,2,1,180,5.1605
1995,7,2,2,149,3.0340
1995,7,2,3,122,2.8910
1995,7,2,4,133,5.1578
1995,7,2,5,376,9.7072
1995,7,3,1,71,4.9352
1995,7,3,2,167,3.9367
1995,7,3,3,186,3.0790
1995,7,3,4,191,2.3863
1995,7,3,5,261,5.0286
1995,8,1,1,1007,3.0922
1995,8,1,2,398,2.8846
1995,8,1,3,273,4.3175
1995,8,1,4,304,4.0226
1995,8,1,5,938,5.5662
1995,8,2,1,197,0.4036
1995,8,2,2,155,0.6542
1995,8,2,3,115,1.8850
1995,8,2,4,123,1.7988
1995,8,2,5,392,1.6812
1995,8,3,1,73,-0.3741
1995,8,3,2,156,1.9910
1995,8,3,3,191,-0.1950
1995,8,3,4,195,-0.2221
1995,8,3,5,257,-0.5176
1995,9,1,1,1030,0.3264
1995,9,1,2,401,0.6090
1995,9,1,3,253,2.6761
1995,9,1,4,268,3.3028
1995,9,1,5,939,3.6410
1995,9,2,1,188,-2.0722
1995,9,2,2,160,1.9767
1995,9,2,3,113,2.7234
1995,9,2,4,131,1.7638
1995,9,2,5,415,2.7339
1995,9,3,1,67,1.0600
1995,9,3,2,162,3.0324
1995,9,3,3,197,3.1274
1995,9,3,4,198,5.1852
1995,9,3,5,252,2.8769
1995,10,1,1,978,-10.0965
1995,10,1,2,428,-5.2498
1995,10,1,3,282,-4.5872
1995,10,1,4,272,-5.8049
1995,10,1,5,939,-4.9254
1995,10,2,1,176,-10.0172
1995,10,2,2,152,-6.1853
1995,10,2,3,140,-6.3833
1995,10,2,4,114,-4.2004
1995,10,2,5,415,-5.3946
1995,10,3,1,87,-6.7282
1995,10,3,2,164,-3.7495
1995,10,3,3,171,-1.0625
1995,10,3,4,206,1.3010
1995,10,3,5,257,1.8416
1995,11,1,1,1066,0.1064
1995,11,1,2,426,1.0960
1995,11,1,3,267,1.3548
1995,11,1,4,260,1.4480
1995,11,1,5,890,2.1890
1995,11,2,1,185,4.2976
1995,11,2,2,171,3.6855
1995,11,2,3,133,3.7893
1995,11,2,4,124,3.4575
1995,11,2,5,390,5.9703
1995,11,3,1,78,8.9705
1995,11,3,2,155,5.6303
1995,11,3,3,179,4.7186
1995,11,3,4,208,4.1789
1995,11,3,5,268,1.6682
1995,12,1,1,1082,-2.3743
1995,12,1,2,400,-0.5559
1995,12,1,3,251,3.2616
1995,12,1,4,276,1.8301
1995,12,1,5,909,2.7148
1995,12,2,1,201,0.3212
1995,12,2,2,163,1.3410
1995,12,2,3,125,2.4344
1995,12,2,4,132,3.7932
1995,12,2,5,374,3.9226
1995,12,3,1,73,0.3914
1995,12,3,2,143,0.7156
1995,12,3,3,188,2.3976
1995,12,3,4,213,2.1980
1995,12,3,5,277,0.7898
1996,1,1,1,1188,2.0166
1996,1,1,2,404,0.9428
1996,1,1,3,225,0.5539
1996,1,1,4,289,1.7387
1996,1,1,5,798,1.4624
1996,1,2,1,175,1.2077
1996,1,2,2,155,0.0005
1996,1,2,3,131,-0.7362
1996,1,2,4,126,-0.5485
1996,1,2,5,410,0.3153
1996,1,3,1,76,1.9073
1996,1,3,2,166,0.9326
1996,1,3,3,176,2.5703
1996,1,3,4,210,3.4445
1996,1,3,5,270,2.8909
1996,2,1,1,1109,3.0476
1996,2,1,2,432,2.6280
1996,2,1,3,274,2.6153
1996,2,1,4,277,4.5898
1996,2,1,5,829,4.1743
1996,2,2,1,183,5.0570
1996,2,2,2,165,3.8896
1996,2,2,3,125,2.6623
1996,2,2,4,129,4.1004
1996,2,2,5,379,4.6911
1996,2,3,1,75,3.6238
1996,2,3,2,165,1.0666
1996,2,3,3,198,1.4320
1996,2,3,4,200,-0.0322
1996,2,3,5,264,2.7096
1996,3,1,1,1077,3.7313
1996,3,1,2,379,2.2037
1996,3,1,3,283,2.9973
1996,3,1,4,293,4.5098
1996,3,1,5,882,2.4312
1996,3,2,1,179,2.6721
1996,3,2,2,160,3.3424
1996,3,2,3,137,2.5060
1996,3,2,4,140,3.9182
1996,3,2,5,388,1.5152
1996,3,3,1,92,5.0331
1996,3,3,2,159,3.4680
1996,3,3,3,191,1.0496
1996,3,3,4,190,1.4237
1996,3,3,5,270,-1.1939
1996,4,1,1,1029,8.6678
1996,4,1,2,451,6.8992
1996,4,1,3,280,6.3483
1996,4,1,4,323,8.3946
1996,4,1,5,866,11.6146
1996,4,2,1,182,7.4528
1996,4,2,2,157,4.6049
1996,4,2,3,115,2.7765
1996,4,2,4,152,5.3754
1996,4,2,5,373,10.2149
1996,4,3,1,89,10.0714
1996,4,3,2,168,4.5334
1996,4,3,3,198,1.3410
1996,4,3,4,201,0.9288
1996,4,3,5,248,3.1659
1996,5,1,1,1021,7.6769
1996,5,1,2,308,4.6012
1996,5,1,3,314,6.9766
1996,5,1,4,377,9.4558
1996,5,1,5,896,11.4034
1996,5,2,1,171,3.8496
1996,5,2,2,132,2.3503
1996,5,2,3,126,3.8791
1996,5,2,4,172,3.4358
1996,5,2,5,413,7.0683
1996,5,3,1,96,2.5374
1996,5,3,2,183,1.9986
1996,5,3,3,181,1.3600
1996,5,3,4,208,3.1891
1996,5,3,5,254,4.2454
1996,6,1,1,943,-7.3609
1996,6,1,2,347,-5.0020
1996,6,1,3,260,-3.3677
1996,6,1,4,365,-4.5424
1996,6,1,5,996,-6.7785
1996,6,2,1,193,-4.9050
1996,6,2,2,139,-3.6354
1996,6,2,3,129,-2.8157
1996,6,2,4,168,-4.0863
1996,6,2,5,431,-5.1679
1996,6,3,1,119,-5.2461
1996,6,3,2,164,0.1190
1996,6,3,3,187,-0.2612
1996,6,3,4,201,1.6166
1996,6,3,5,242,-3.2141
1996,7,1,1,982,-9.7190
1996,7,1,2,412,-6.6457
1996,7,1,3,267,-8.1525
1996,7,1,4,351,-8.2768
1996,7,1,5,899,-11.8228
1996,7,2,1,213,-10.2140
1996,7,2,2,160,-7.1363
1996,7,2,3,159,-8.9190
1996,7,2,4,134,-9.3211
1996,7,2,5,391,-13.1862
1996,7,3,1,130,-6.3684
1996,7,3,2,153,-5.4895
1996,7,3,3,189,-5.0807
1996,7,3,4,220,-4.4211
1996,7,3,5,221,-6.3940
1996,8,1,1,1110,4.1736
1996,8,1,2,460,2.4072
1996,8,1,3,290,3.4391
1996,8,1,4,309,3.4261
1996,8,1,5,785,5.6391
1996,8,2,1,248,5.5542
1996,8,2,2,157,6.5154
1996,8,2,3,151,6.4995
1996,8,2,4,142,5.8301
1996,8,2,5,366,7.0434
1996,8,3,1,125,3.9887
1996,8,3,2,163,3.3560
1996,8,3,3,177,2.7683
1996,8,3,4,205,2.2688
1996,8,3,5,229,1.9665
1996,9,1,1,1160,1.3669
1996,9,1,2,445,1.3530
1996,9,1,3,272,0.6568
1996,9,1,4,320,2.8892
1996,9,1,5,779,3.6008
1996,9,2,1,215,3.1410
1996,9,2,2,162,3.5915
1996,9,2,3,148,3.1680
1996,9,2,4,146,2.8594
1996,9,2,5,361,6.1312
1996,9,3,1,126,3.9777
1996,9,3,2,159,4.5258
1996,9,3,3,186,3.6066
1996,9,3,4,195,6.3268
1996,9,3,5,241,7.8794
1996,10,1,1,1150,-5.0148
1996,10,1,2,417,-2.1092
1996,10,1,3,326,0.1934
1996,10,1,4,337,-1.8441
1996,10,1,5,762,-3.8642
1996,10,2,1,201,-2.0727
1996,10,2,2,160,-1.5822
1996,10,2,3,146,-0.2560
1996,10,2,4,152,-1.0920
1996,10,2,5,369,-3.1635
1996,10,3,1,125,-4.7610
1996,10,3,2,167,0.8706
1996,10,3,3,187,2.3342
1996,10,3,4,198,2.8155
1996,10,3,5,254,-0.4455
1996,11,1,1,1177,2.6919
1996,11,1,2,432,2.1344
1996,11,1,3,280,1.7257
1996,11,1,4,356,3.3436
1996,11,1,5,806,1.7652
1996,11,2,1,224,6.5442
1996,11,2,2,153,3.1465
1996,11,2,3,137,3.7252
1996,11,2,4,150,1.4838
1996,11,2,5,349,1.8983
1996,11,3,1,128,11.4272
1996,11,3,2,182,5.9395
1996,11,3,3,195,6.5226
1996,11,3,4,190,6.3417
1996,11,3,5,239,6.8303
1996,12,1,1,1232,-2.4672
1996,12,1,2,368,0.8055
1996,12,1,3,345,1.6223
1996,12,1,4,318,2.1543
1996,12,1,5,823,2.3166
1996,12,2,1,252,-0.0032
1996,12,2,2,157,2.5333
1996,12,2,3,139,3.1997
1996,12,2,4,150,2.5567
1996,12,2,5,337,2.7063
1996,12,3,1,120,0.3374
1996,12,3,2,174,-0.6729
1996,12,3,3,184,0.0510
1996,12,3,4,207,-2.4806
1996,12,3,5,249,-2.4065
1997,1,1,1,1310,7.2641
1997,1,1,2,404,5.2052
1997,1,1,3,285,6.1613
1997,1,1,4,356,5.7927
1997,1,1,5,713,4.2361
1997,1,2,1,230,5.0587
1997,1,2,2,130,3.5651
1997,1,2,3,146,3.8981
1997,1,2,4,174,2.8592
1997,1,2,5,348,1.7290
1997,1,3,1,135,2.1761
1997,1,3,2,179,4.3441
1997,1,3,3,195,4.9016
1997,1,3,4,188,5.5301
1997,1,3,5,251,8.7526
1997,2,1,1,1273,-2.9812
1997,2,1,2,392,-1.0627
1997,2,1,3,301,-1.6408
1997,2,1,4,355,-3.1632
1997,2,1,5,788,-4.1691
1997,2,2,1,228,-2.0124
1997,2,2,2,119,-0.3734
1997,2,2,3,148,-0.9869
1997,2,2,4,181,-2.6611
1997,2,2,5,341,-8.3455
1997,2,3,1,140,0.6212
1997,2,3,2,187,2.0928
1997,2,3,3,195,1.0267
1997,2,3,4,191,-0.2211
1997,2,3,5,238,-4.6085
1997,3,1,1,1310,-7.9541
1997,3,1,2,404,-4.6968
1997,3,1,3,335,-5.7155
1997,3,1,4,329,-2.7634
1997,3,1,5,798,-5.7643
1997,3,2,1,221,-6.4694
1997,3,2,2,159,-4.1119
1997,3,2,3,148,-4.2069
1997,3,2,4,158,-2.0383
1997,3,2,5,310,-5.5424
1997,3,3,1,138,-4.5478
1997,3,3,2,194,-4.4895
1997,3,3,3,206,-1.8328
1997,3,3,4,192,-3.1376
1997,3,3,5,220,-5.8921
1997,4,1,1,1440,-5.6254
1997,4,1,2,463,-4.8346
1997,4,1,3,318,-2.9089
1997,4,1,4,281,-4.1354
1997,4,1,5,681,-3.7852
1997,4,2,1,267,-1.6576
1997,4,2,2,185,0.2797
1997,4,2,3,138,1.0141
1997,4,2,4,150,-0.0440
1997,4,2,5,278,-0.9363
1997,4,3,1,151,0.7906
1997,4,3,2,186,2.7865
1997,4,3,3,202,2.1749
1997,4,3,4,200,5.4301
1997,4,3,5,207,8.3151
1997,5,1,1,1783,13.1783
1997,5,1,2,461,10.3113
1997,5,1,3,306,9.0805
1997,5,1,4,241,7.7190
1997,5,1,5,486,10.6265
1997,5,2,1,282,21.2761
1997,5,2,2,203,12.5356
1997,5,2,3,142,12.4732
1997,5,2,4,164,11.9505
1997,5,2,5,204,13.3390
1997,5,3,1,131,13.9233
1997,5,3,2,185,9.3195
1997,5,3,3,197,5.3723
1997,5,3,4,206,6.3955
1997,5,3,5,226,5.7291
1997,6,1,1,1722,0.6945
1997,6,1,2,471,5.1469
1997,6,1,3,257,3.9219
1997,6,1,4,306,5.5712
1997,6,1,5,534,6.2340
1997,6,2,1,245,5.2016
1997,6,2,2,154,5.9622
1997,6,2,3,156,4.4115
1997,6,2,4,172,4.9925
1997,6,2,5,285,5.3541
1997,6,3,1,143,2.1430
1997,6,3,2,183,3.7401
1997,6,3,3,198,4.8232
1997,6,3,4,197,2.7378
1997,6,3,5,244,4.9085
1997,7,1,1,1639,4.1796
1997,7,1,2,404,5.2076
1997,7,1,3,347,3.9284
1997,7,1,4,311,7.9607
1997,7,1,5,579,6.6850
1997,7,2,1,188,4.8940
1997,7,2,2,161,3.4077
1997,7,2,3,165,5.5714
1997,7,2,4,176,5.4923
1997,7,2,5,311,7.0583
1997,7,3,1,143,6.2389
1997,7,3,2,179,4.9453
1997,7,3,3,203,7.0457
1997,7,3,4,202,5.0823
1997,7,3,5,247,10.8029
1997,8,1,1,1654,4.3826
1997,8,1,2,445,3.4020
1997,8,1,3,306,4.7200
1997,8,1,4,330,4.1035
1997,8,1,5,559,6.5054
1997,8,2,1,221,4.3581
1997,8,2,2,173,3.2035
1997,8,2,3,150,3.3149
1997,8,2,4,155,2.5133
1997,8,2,5,298,4.8203
1997,8,3,1,135,-0.7875
1997,8,3,2,186,-1.6521
1997,8,3,3,206,-2.8644
1997,8,3,4,204,-5.7349
1997,8,3,5,248,-4.9579
1997,9,1,1,1576,9.5763
1997,9,1,2,393,8.6329
1997,9,1,3,347,7.4998
1997,9,1,4,303,8.7157
1997,9,1,5,687,8.9218
1997,9,2,1,215,6.1852
1997,9,2,2,158,7.7942
1997,9,2,3,158,6.3637
1997,9,2,4,180,8.1566
1997,9,2,5,286,9.5185
1997,9,3,1,168,3.5181
1997,9,3,2,181,5.4427
1997,9,3,3,224,4.9234
1997,9,3,4,177,4.7208
1997,9,3,5,221,5.1142
1997,10,1,1,1366,-3.9728
1997,10,1,2,387,-2.3061
1997,10,1,3,370,-2.8987
1997,10,1,4,401,-2.8329
1997,10,1,5,806,-4.3785
1997,10,2,1,191,-4.6270
1997,10,2,2,124,-2.4685
1997,10,2,3,166,-4.1993
1997,10,2,4,196,-2.7163
1997,10,2,5,343,-7.5722
1997,10,3,1,159,-4.2009
1997,10,3,2,200,-2.9581
1997,10,3,3,203,-2.1788
1997,10,3,4,186,-2.9811
1997,10,3,5,228,-6.3425
1997,11,1,1,1218,-6.2039
1997,11,1,2,406,-2.0074
1997,11,1,3,353,-0.4259
1997,11,1,4,440,-1.4513
1997,11,1,5,927,-2.1593
1997,11,2,1,191,-2.5552
1997,11,2,2,138,-0.8403
1997,11,2,3,154,-1.3770
1997,11,2,4,201,-1.3433
1997,11,2,5,357,-2.6525
1997,11,3,1,168,3.6222
1997,11,3,2,193,5.4259
1997,11,3,3,211,5.6058
1997,11,3,4,193,4.0207
1997,11,3,5,207,0.9771
1997,12,1,1,1266,-8.7021
1997,12,1,2,457,-3.8440
1997,12,1,3,379,-0.4971
1997,12,1,4,355,-1.5395
1997,12,1,5,917,-3.5106
1997,12,2,1,202,-1.4518
1997,12,2,2,186,0.6642
1997,12,2,3,159,1.8643
1997,12,2,4,163,0.6243
1997,12,2,5,322,-0.5201
1997,12,3,1,132,0.0512
1997,12,3,2,200,0.9373
1997,12,3,3,206,1.3704
1997,12,3,4,204,2.2990
1997,12,3,5,227,0.1082
1998,1,1,1,1583,2.3279
1998,1,1,2,473,-1.4662
1998,1,1,3,307,-2.6344
1998,1,1,4,316,-0.3577
1998,1,1,5,670,-1.4961
1998,1,2,1,230,1.0759
1998,1,2,2,160,-0.0701
1998,1,2,3,152,-1.2946
1998,1,2,4,163,-1.4090
1998,1,2,5,314,-0.8245
1998,1,3,1,134,2.5394
1998,1,3,2,188,-0.2015
1998,1,3,3,216,0.7667
1998,1,3,4,195,2.3808
1998,1,3,5,236,2.4645
1998,2,1,1,1480,7.0988
1998,2,1,2,468,6.2953
1998,2,1,3,324,6.2613
1998,2,1,4,379,6.2660
1998,2,1,5,700,5.9700
1998,2,2,1,185,10.2284
1998,2,2,2,171,9.1009
1998,2,2,3,153,7.3736
1998,2,2,4,171,8.6616
1998,2,2,5,343,9.1946
1998,2,3,1,134,8.4833
1998,2,3,2,192,7.6807
1998,2,3,3,188,7.1909
1998,2,3,4,198,5.6104
1998,2,3,5,250,6.7117
1998,3,1,1,1453,3.4371
1998,3,1,2,392,3.8750
1998,3,1,3,385,3.5594
1998,3,1,4,360,5.7153
1998,3,1,5,750,5.5162
1998,3,2,1,168,5.0783
1998,3,2,2,145,5.1867
1998,3,2,3,176,3.8224
1998,3,2,4,174,3.2891
1998,3,2,5,344,4.8743
1998,3,3,1,127,5.9821
1998,3,3,2,184,4.3017
1998,3,3,3,193,3.7214
1998,3,3,4,202,4.8786
1998,3,3,5,280,5.9325
1998,4,1,1,1293,2.5742
1998,4,1,2,399,2.6236
1998,4,1,3,356,2.9879
1998,4,1,4,395,1.8276
1998,4,1,5,881,3.0660
1998,4,2,1,155,0.4384
1998,4,2,2,145,0.3757
1998,4,2,3,151,0.8312
1998,4,2,4,177,0.9863
1998,4,2,5,369,0.7808
1998,4,3,1,140,0.0250
1998,4,3,2,189,1.3571
1998,4,3,3,197,0.5120
1998,4,3,4,192,-0.9448
1998,4,3,5,270,3.4807
1998,5,1,1,1225,-7.1685
1998,5,1,2,420,-4.5666
1998,5,1,3,327,-4.8403
1998,5,1,4,422,-5.1854
1998,5,1,5,915,-4.9267
1998,5,2,1,176,-7.5530
1998,5,2,2,171,-5.6427
1998,5,2,3,168,-5.8427
1998,5,2,4,179,-6.0615
1998,5,2,5,305,-5.6617
1998,5,3,1,141,-5.1217
1998,5,3,2,181,-2.6157
1998,5,3,3,203,-0.0707
1998,5,3,4,207,-2.9682
1998,5,3,5,266,-2.1743
1998,6,1,1,1184,-5.6625
1998,6,1,2,466,-4.3471
1998,6,1,3,365,-3.3719
1998,6,1,4,360,-2.8782
1998,6,1,5,956,-1.5006
1998,6,2,1,208,-6.1290
1998,6,2,2,186,-2.7051
1998,6,2,3,164,-1.0848
1998,6,2,4,164,-0.4709
1998,6,2,5,266,6.1062
1998,6,3,1,125,-2.5921
1998,6,3,2,173,-0.5771
1998,6,3,3,213,3.0115
1998,6,3,4,220,5.3515
1998,6,3,5,252,8.3326
1998,7,1,1,1139,-8.9467
1998,7,1,2,522,-7.8198
1998,7,1,3,409,-6.7584
1998,7,1,4,358,-6.3592
1998,7,1,5,787,-6.3545
1998,7,2,1,194,-11.2649
1998,7,2,2,198,-9.4489
1998,7,2,3,173,-6.7402
1998,7,2,4,188,-5.6064
1998,7,2,5,259,-7.8174
1998,7,3,1,131,-2.6113
1998,7,3,2,168,-5.5969
1998,7,3,3,198,-1.7433
1998,7,3,4,208,-3.0654
1998,7,3,5,292,1.1122
1998,8,1,1,1125,-24.5018
1998,8,1,2,602,-20.7249
1998,8,1,3,453,-18.4577
1998,8,1,4,364,-19.6658
1998,8,1,5,681,-23.4630
1998,8,2,1,210,-25.6159
1998,8,2,2,194,-20.6307
1998,8,2,3,176,-18.3393
1998,8,2,4,171,-15.5766
1998,8,2,5,232,-23.1041
1998,8,3,1,117,-20.6567
1998,8,3,2,154,-15.0577
1998,8,3,3,182,-11.4255
1998,8,3,4,219,-11.4341
1998,8,3,5,326,-13.5637
1998,9,1,1,1293,7.0376
1998,9,1,2,640,4.6734
1998,9,1,3,448,1.5516
1998,9,1,4,380,3.1254
1998,9,1,5,500,5.1672
1998,9,2,1,240,8.4537
1998,9,2,2,213,7.0583
1998,9,2,3,176,9.0075
1998,9,2,4,160,4.3126
1998,9,2,5,178,12.4017
1998,9,3,1,104,10.7039
1998,9,3,2,140,9.7984
1998,9,3,3,198,9.1933
1998,9,3,4,220,3.6482
1998,9,3,5,314,8.9713
1998,10,1,1,1328,8.4994
1998,10,1,2,677,3.3231
1998,10,1,3,443,0.4890
1998,10,1,4,325,2.0000
1998,10,1,5,443,2.8441
1998,10,2,1,206,15.1919
1998,10,2,2,202,8.6009
1998,10,2,3,202,2.7379
1998,10,2,4,169,2.7771
1998,10,2,5,200,1.4892
1998,10,3,1,90,17.4780
1998,10,3,2,141,12.3042
1998,10,3,3,192,10.9283
1998,10,3,4,223,7.5243
1998,10,3,5,362,5.0768
1998,11,1,1,1420,10.9301
1998,11,1,2,583,5.9362
1998,11,1,3,371,4.7904
1998,11,1,4,303,7.0544
1998,11,1,5,484,14.6933
1998,11,2,1,209,2.5656
1998,11,2,2,199,3.3564
1998,11,2,3,193,6.3788
1998,11,2,4,176,5.3065
1998,11,2,5,235,10.2114
1998,11,3,1,73,6.5890
1998,11,3,2,146,6.8706
1998,11,3,3,195,4.8153
1998,11,3,4,242,5.1994
1998,11,3,5,353,7.3306
1998,12,1,1,1199,-1.6467
1998,12,1,2,518,0.1713
1998,12,1,3,421,0.0587
1998,12,1,4,308,1.2095
1998,12,1,5,680,7.5423
1998,12,2,1,188,4.5882
1998,12,2,2,194,1.4418
1998,12,2,3,189,4.2126
1998,12,2,4,159,6.2320
1998,12,2,5,295,8.6520
1998,12,3,1,80,-1.6836
1998,12,3,2,134,-2.5092
1998,12,3,3,192,2.7452
1998,12,3,4,252,3.4399
1998,12,3,5,364,12.1730
1999,1,1,1,1258,9.1097
1999,1,1,2,565,6.1968
1999,1,1,3,370,3.3964
1999,1,1,4,313,5.1469
1999,1,1,5,564,8.8709
1999,1,2,1,187,0.5751
1999,1,2,2,175,0.4938
1999,1,2,3,172,2.6402
1999,1,2,4,183,-0.9851
1999,1,2,5,298,2.2383
1999,1,3,1,69,-0.3614
1999,1,3,2,141,-0.1254
1999,1,3,3,195,-2.4353
1999,1,3,4,234,0.7591
1999,1,3,5,403,8.9783
1999,2,1,1,930,-8.2501
1999,2,1,2,530,-5.6067
1999,2,1,3,404,-5.7154
1999,2,1,4,425,-6.6119
1999,2,1,5,704,-7.0122
1999,2,2,1,178,-8.6690
1999,2,2,2,184,-8.5094
1999,2,2,3,163,-8.7283
1999,2,2,4,198,-10.7263
1999,2,2,5,321,-9.3562
1999,2,3,1,83,-1.0027
1999,2,3,2,152,-2.6731
1999,2,3,3,180,-1.1672
1999,2,3,4,227,-3.2854
1999,2,3,5,423,-5.6324
1999,3,1,1,895,0.0578
1999,3,1,2,578,-6.2548
1999,3,1,3,422,-7.4631
1999,3,1,4,410,-6.6919
1999,3,1,5,700,-0.6507
1999,3,2,1,205,5.6129
1999,3,2,2,170,-1.0757
1999,3,2,3,185,-3.6600
1999,3,2,4,176,-1.5574
1999,3,2,5,288,-1.7356
1999,3,3,1,67,10.1353
1999,3,3,2,161,5.3903
1999,3,3,3,173,0.1691
1999,3,3,4,235,0.8657
1999,3,3,5,420,5.3847
1999,4,1,1,1069,12.1381
1999,4,1,2,589,8.8447
1999,4,1,3,403,11.5495
1999,4,1,4,335,4.2847
1999,4,1,5,573,11.8443
1999,4,2,1,204,16.1035
1999,4,2,2,190,13.0025
1999,4,2,3,186,8.4988
1999,4,2,4,181,6.1362
1999,4,2,5,274,5.7521
1999,4,3,1,52,19.9877
1999,4,3,2,140,16.0792
1999,4,3,3,197,11.5056
1999,4,3,4,219,8.4144
1999,4,3,5,425,0.1532
1999,5,1,1,1237,6.2824
1999,5,1,2,546,3.4217
1999,5,1,3,349,4.6049
1999,5,1,4,286,1.7892
1999,5,1,5,576,3.3229
1999,5,2,1,200,9.1740
1999,5,2,2,183,5.2123
1999,5,2,3,183,3.2882
1999,5,2,4,182,3.0535
1999,5,2,5,270,2.3124
1999,5,3,1,60,5.9091
1999,5,3,2,139,0.7628
1999,5,3,3,177,1.8589
1999,5,3,4,228,-1.3120
1999,5,3,5,407,-2.8927
1999,6,1,1,1134,0.1286
1999,6,1,2,546,3.7781
1999,6,1,3,338,4.4595
1999,6,1,4,307,6.3919
1999,6,1,5,673,4.9429
1999,6,2,1,194,5.2600
1999,6,2,2,184,3.9867
1999,6,2,3,162,3.0421
1999,6,2,4,163,5.5910
1999,6,2,5,304,12.6127
1999,6,3,1,76,1.8385
1999,6,3,2,148,1.2693
1999,6,3,3,190,1.2530
1999,6,3,4,217,4.8144
1999,6,3,5,388,8.3658
1999,7,1,1,1160,1.4924
1999,7,1,2,456,0.2491
1999,7,1,3,332,2.2474
1999,7,1,4,316,4.1232
1999,7,1,5,639,1.7850
1999,7,2,1,172,-0.6005
1999,7,2,2,166,-3.1116
1999,7,2,3,179,-1.9018
1999,7,2,4,161,-1.1218
1999,7,2,5,339,-0.4341
1999,7,3,1,84,-3.3109
1999,7,3,2,141,-4.3864
1999,7,3,3,194,-3.5526
1999,7,3,4,220,-1.9628
1999,7,3,5,367,-2.0452
1999,8,1,1,931,-4.4945
1999,8,1,2,461,-3.5192
1999,8,1,3,384,-3.5135
1999,8,1,4,350,-1.9979
1999,8,1,5,760,-1.1378
1999,8,2,1,150,-6.2873
1999,8,2,2,157,-3.9951
1999,8,2,3,159,-5.4278
1999,8,2,4,163,-4.4394
1999,8,2,5,365,0.7744
1999,8,3,1,91,-1.3701
1999,8,3,2,153,0.1640
1999,8,3,3,192,0.0447
1999,8,3,4,207,-3.6643
1999,8,3,5,362,2.6829
1999,9,1,1,888,-3.3064
1999,9,1,2,415,-2.6631
1999,9,1,3,376,-3.5760
1999,9,1,4,393,0.0580
1999,9,1,5,774,0.9888
1999,9,2,1,154,-3.0312
1999,9,2,2,167,-1.7652
1999,9,2,3,164,-1.0988
1999,9,2,4,150,-0.4773
1999,9,2,5,351,2.6476
1999,9,3,1,101,-5.7380
1999,9,3,2,164,-8.0002
1999,9,3,3,188,-3.2625
1999,9,3,4,200,-0.7470
1999,9,3,5,348,-0.2002
1999,10,1,1,814,-6.8657
1999,10,1,2,375,-3.9322
1999,10,1,3,366,-3.2863
1999,10,1,4,386,-3.7821
1999,10,1,5,825,2.0069
1999,10,2,1,144,-5.1429
1999,10,2,2,150,-4.1740
1999,10,2,3,163,-3.0801
1999,10,2,4,174,-1.3800
1999,10,2,5,369,2.7952
1999,10,3,1,106,1.3576
1999,10,3,2,171,3.0987
1999,10,3,3,175,5.8957
1999,10,3,4,195,6.6435
1999,10,3,5,365,4.7805
1999,11,1,1,827,11.6678
1999,11,1,2,417,7.5377
1999,11,1,3,342,6.3336
1999,11,1,4,368,10.2204
1999,11,1,5,764,17.3418
1999,11,2,1,170,5.4697
1999,11,2,2,142,4.6890
1999,11,2,3,156,3.9471
1999,11,2,4,185,6.1869
1999,11,2,5,343,15.7010
1999,11,3,1,91,4.7650
1999,11,3,2,159,3.3606
1999,11,3,3,168,0.2499
1999,11,3,4,211,1.4742
1999,11,3,5,401,7.2346
1999,12,1,1,645,3.0336
1999,12,1,2,366,3.3338
1999,12,1,3,382,8.8084
1999,12,1,4,379,8.0031
1999,12,1,5,856,21.5448
1999,12,2,1,166,6.2775
1999,12,2,2,147,1.5560
1999,12,2,3,143,2.1985
1999,12,2,4,180,7.3101
1999,12,2,5,371,19.0257
1999,12,3,1,90,-1.3116
1999,12,3,2,171,-1.3215
1999,12,3,3,177,-1.7568
1999,12,3,4,204,2.7607
1999,12,3,5,415,19.8685
2000,1,1,1,746,9.9262
2000,1,1,2,384,5.3954
2000,1,1,3,323,4.3387
2000,1,1,4,387,7.1403
2000,1,1,5,681,14.5813
2000,1,2,1,175,-2.2606
2000,1,2,2,136,-4.9748
2000,1,2,3,152,-3.3957
2000,1,2,4,175,-2.4792
2000,1,2,5,402,3.9320
2000,1,3,1,95,-1.7924
2000,1,3,2,153,0.4721
2000,1,3,3,171,-1.4199
2000,1,3,4,211,-5.3732
2000,1,3,5,460,-6.5258
2000,2,1,1,528,4.3972
2000,2,1,2,326,6.9481
2000,2,1,3,389,3.9687
2000,2,1,4,370,11.6443
2000,2,1,5,840,31.1934
2000,2,2,1,157,2.2101
2000,2,2,2,133,0.0949
2000,2,2,3,150,2.8712
2000,2,2,4,164,5.1293
2000,2,2,5,468,34.8007
2000,2,3,1,104,-7.0054
2000,2,3,2,161,-8.2643
2000,2,3,3,177,-9.6743
2000,2,3,4,198,-5.8251
2000,2,3,5,466,20.6321
2000,3,1,1,356,2.0655
2000,3,1,2,270,-0.3275
2000,3,1,3,345,1.3215
2000,3,1,4,403,-0.6543
2000,3,1,5,969,-0.7863
2000,3,2,1,126,7.9688
2000,3,2,2,112,3.7641
2000,3,2,3,159,2.4288
2000,3,2,4,178,3.3645
2000,3,2,5,502,-4.8739
2000,3,3,1,125,12.8175
2000,3,3,2,179,8.5246
2000,3,3,3,152,10.8979
2000,3,3,4,191,11.0684
2000,3,3,5,547,0.2128
2000,4,1,1,409,-9.9446
2000,4,1,2,285,-4.7828
2000,4,1,3,303,-3.9329
2000,4,1,4,398,-6.3591
2000,4,1,5,961,-18.7724
2000,4,2,1,128,0.1601
2000,4,2,2,132,0.3857
2000,4,2,3,137,-0.0785
2000,4,2,4,178,-3.1089
2000,4,2,5,534,-16.2741
2000,4,3,1,97,2.9973
2000,4,3,2,125,5.7994
2000,4,3,3,169,2.3414
2000,4,3,4,204,-3.1964
2000,4,3,5,540,-9.1255
2000,5,1,1,548,-9.3777
2000,5,1,2,360,-5.2778
2000,5,1,3,297,-4.7037
2000,5,1,4,373,-6.2928
2000,5,1,5,873,-12.1238
2000,5,2,1,135,-2.8840
2000,5,2,2,159,-2.9440
2000,5,2,3,146,-0.2694
2000,5,2,4,173,-2.6732
2000,5,2,5,475,-8.9821
2000,5,3,1,79,4.4018
2000,5,3,2,129,3.0222
2000,5,3,3,175,-0.9939
2000,5,3,4,198,-2.0146
2000,5,3,5,491,-8.6933
2000,6,1,1,623,3.1326
2000,6,1,2,390,-0.3922
2000,6,1,3,296,4.4215
2000,6,1,4,364,4.8897
2000,6,1,5,868,17.5279
2000,6,2,1,141,1.6795
2000,6,2,2,165,1.9554
2000,6,2,3,133,1.1781
2000,6,2,4,165,4.4750
2000,6,2,5,426,26.3880
2000,6,3,1,78,-4.7154
2000,6,3,2,132,4.2376
2000,6,3,3,173,-0.6048
2000,6,3,4,211,-0.4484
2000,6,3,5,455,11.7214
2000,7,1,1,579,1.0652
2000,7,1,2,381,0.5064
2000,7,1,3,293,-0.5457
2000,7,1,4,403,-1.3352
2000,7,1,5,813,-5.5478
2000,7,2,1,132,2.1813
2000,7,2,2,143,1.7141
2000,7,2,3,139,2.3664
2000,7,2,4,180,-0.0674
2000,7,2,5,412,-7.9553
2000,7,3,1,81,-2.2698
2000,7,3,2,138,-1.1386
2000,7,3,3,154,-5.1693
2000,7,3,4,203,-3.6548
2000,7,3,5,527,-3.6304
2000,8,1,1,617,3.2010
2000,8,1,2,371,4.8110
2000,8,1,3,313,5.3611
2000,8,1,4,373,5.5432
2000,8,1,5,783,9.9868
2000,8,2,1,132,6.1417
2000,8,2,2,160,3.1186
2000,8,2,3,149,4.3020
2000,8,2,4,180,8.1145
2000,8,2,5,427,12.1170
2000,8,3,1,95,8.0500
2000,8,3,2,137,0.9775
2000,8,3,3,166,3.4204
2000,8,3,4,191,1.6432
2000,8,3,5,490,12.4432
2000,9,1,1,634,-9.3126
2000,9,1,2,351,-3.5978
2000,9,1,3,319,-4.0949
2000,9,1,4,378,-1.1287
2000,9,1,5,750,-4.4484
2000,9,2,1,149,-10.9667
2000,9,2,2,151,-4.8751
2000,9,2,3,142,-4.5724
2000,9,2,4,182,-3.7109
2000,9,2,5,418,-5.5445
2000,9,3,1,88,-6.5551
2000,9,3,2,139,-2.8564
2000,9,3,3,164,0.4751
2000,9,3,4,190,-1.0033
2000,9,3,5,515,-11.0618
2000,10,1,1,642,-9.1173
2000,10,1,2,371,-5.4238
2000,10,1,3,345,-5.0497
2000,10,1,4,331,-8.7519
2000,10,1,5,734,-11.3635
2000,10,2,1,174,-9.7028
2000,10,2,2,150,-1.7530
2000,10,2,3,148,0.9557
2000,10,2,4,191,-1.7217
2000,10,2,5,409,-9.7563
2000,10,3,1,107,-0.9736
2000,10,3,2,145,6.2551
2000,10,3,3,167,1.5207
2000,10,3,4,197,0.4193
2000,10,3,5,459,-9.3160
2000,11,1,1,890,-20.0743
2000,11,1,2,385,-7.1866
2000,11,1,3,314,-8.1700
2000,11,1,4,319,-10.1328
2000,11,1,5,545,-14.6824
2000,11,2,1,206,-16.9401
2000,11,2,2,152,-7.9496
2000,11,2,3,155,-6.2527
2000,11,2,4,179,-5.8523
2000,11,2,5,357,-16.4876
2000,11,3,1,86,-17.2229
2000,11,3,2,168,-5.8906
2000,11,3,3,180,-3.0370
2000,11,3,4,198,-7.0931
2000,11,3,5,421,-20.4076
2000,12,1,1,1065,-8.7191
2000,12,1,2,374,-3.5432
2000,12,1,3,339,-1.8950
2000,12,1,4,274,-1.6011
2000,12,1,5,465,-0.3607
2000,12,2,1,230,-1.6839
2000,12,2,2,168,6.4056
2000,12,2,3,165,7.9186
2000,12,2,4,166,8.3897
2000,12,2,5,303,8.7626
2000,12,3,1,117,-7.5861
2000,12,3,2,185,0.8521
2000,12,3,3,165,-2.7981
2000,12,3,4,208,1.6380
2000,12,3,5,313,5.2158
2001,1,1,1,1396,51.5342
2001,1,1,2,414,18.5273
2001,1,1,3,270,10.1719
2001,1,1,4,173,14.6062
2001,1,1,5,252,15.3752
2001,1,2,1,246,34.3789
2001,1,2,2,163,14.5061
2001,1,2,3,176,7.7302
2001,1,2,4,165,6.6545
2001,1,2,5,258,3.8912
2001,1,3,1,120,32.8363
2001,1,3,2,164,6.7543
2001,1,3,3,165,-1.5116
2001,1,3,4,219,-3.5463
2001,1,3,5,302,-4.6259
2001,2,1,1,1411,-13.5262
2001,2,1,2,391,-4.4242
2001,2,1,3,228,-2.7751
2001,2,1,4,179,-5.8062
2001,2,1,5,267,-4.7088
2001,2,2,1,347,-19.7366
2001,2,2,2,157,-5.6262
2001,2,2,3,156,-1.3151
2001,2,2,4,131,-5.0829
2001,2,2,5,227,-7.2193
2001,2,3,1,197,-22.8509
2001,2,3,2,176,-6.5077
2001,2,3,3,190,-5.9041
2001,2,3,4,200,-6.7008
2001,2,3,5,223,-3.0480
2001,3,1,1,1446,-13.4492
2001,3,1,2,391,-3.5595
2001,3,1,3,236,-2.3663
2001,3,1,4,223,-2.2600
2001,3,1,5,292,-0.1217
2001,3,2,1,300,-11.8852
2001,3,2,2,144,-6.7248
2001,3,2,3,151,-5.0155
2001,3,2,4,151,-3.9542
2001,3,2,5,230,-3.1269
2001,3,3,1,205,-12.1890
2001,3,3,2,179,-5.7023
2001,3,3,3,191,-6.8066
2001,3,3,4,167,-5.7703
2001,3,3,5,187,-4.3998
2001,4,1,1,1298,9.3003
2001,4,1,2,425,4.6533
2001,4,1,3,248,5.3163
2001,4,1,4,221,6.1085
2001,4,1,5,405,5.9269
2001,4,2,1,271,17.3524
2001,4,2,2,147,10.9569
2001,4,2,3,163,9.0811
2001,4,2,4,157,6.6727
2001,4,2,5,245,11.2967
2001,4,3,1,194,15.9283
2001,4,3,2,184,10.7533
2001,4,3,3,176,4.2160
2001,4,3,4,173,4.2369
2001,4,3,5,188,7.0216
2001,5,1,1,1220,6.7059
2001,5,1,2,368,8.1755
2001,5,1,3,278,12.3880
2001,5,1,4,256,8.5023
2001,5,1,5,454,13.6932
2001,5,2,1,200,6.9835
2001,5,2,2,153,4.8335
2001,5,2,3,129,2.5001
2001,5,2,4,152,3.9406
2001,5,2,5,307,4.7550
2001,5,3,1,159,-1.8585
2001,5,3,2,178,0.1806
2001,5,3,3,191,0.7064
2001,5,3,4,196,0.9358
2001,5,3,5,215,0.2783
2001,6,1,1,1224,0.4426
2001,6,1,2,385,2.6569
2001,6,1,3,265,4.5200
2001,6,1,4,234,2.0413
2001,6,1,5,422,5.3016
2001,6,2,1,288,4.6916
2001,6,2,2,151,6.6100
2001,6,2,3,154,4.0395
2001,6,2,4,129,4.1689
2001,6,2,5,258,5.4758
2001,6,3,1,193,-2.7154
2001,6,3,2,185,-2.1850
2001,6,3,3,179,-2.6807
2001,6,3,4,191,-4.0109
2001,6,3,5,174,-1.7185
2001,7,1,1,1147,-8.5218
2001,7,1,2,383,-1.9641
2001,7,1,3,235,-0.4714
2001,7,1,4,254,-1.4748
2001,7,1,5,431,-1.9444
2001,7,2,1,225,-10.7175
2001,7,2,2,174,-7.1001
2001,7,2,3,145,-4.1979
2001,7,2,4,173,-4.6133
2001,7,2,5,296,-5.7832
2001,7,3,1,200,-1.0732
2001,7,3,2,177,-1.2944
2001,7,3,3,185,-2.8542
2001,7,3,4,173,-0.0934
2001,7,3,5,195,-4.7145
2001,8,1,1,1228,-7.9067
2001,8,1,2,315,-2.9548
2001,8,1,3,291,-2.4543
2001,8,1,4,239,-1.3605
2001,8,1,5,443,-2.1416
2001,8,2,1,288,-10.8725
2001,8,2,2,151,-2.4700
2001,8,2,3,144,0.5573
2001,8,2,4,158,-3.6076
2001,8,2,5,255,-4.7714
2001,8,3,1,228,-9.7560
2001,8,3,2,161,-5.3146
2001,8,3,3,165,-5.6329
2001,8,3,4,179,-2.9070
2001,8,3,5,165,-3.8963
2001,9,1,1,1203,-21.2038
2001,9,1,2,335,-13.7743
2001,9,1,3,285,-10.3271
2001,9,1,4,253,-12.8812
2001,9,1,5,439,-12.7215
2001,9,2,1,284,-23.7621
2001,9,2,2,127,-16.8546
2001,9,2,3,147,-14.1169
2001,9,2,4,148,-15.7744
2001,9,2,5,264,-15.2026
2001,9,3,1,213,-14.3242
2001,9,3,2,171,-5.8063
2001,9,3,3,175,-5.8155
2001,9,3,4,165,-8.3204
2001,9,3,5,158,-11.2728
2001,10,1,1,1048,17.7547
2001,10,1,2,371,6.2955
2001,10,1,3,298,7.6613
2001,10,1,4,246,4.5185
2001,10,1,5,549,10.7617
2001,10,2,1,279,22.0174
2001,10,2,2,141,9.9120
2001,10,2,3,159,4.7933
2001,10,2,4,136,7.7965
2001,10,2,5,268,8.2561
2001,10,3,1,190,9.8820
2001,10,3,2,171,1.0664
2001,10,3,3,187,2.1875
2001,10,3,4,163,2.1083
2001,10,3,5,148,0.5648
2001,11,1,1,865,19.0727
2001,11,1,2,317,7.2770
2001,11,1,3,258,5.3954
2001,11,1,4,320,6.0841
2001,11,1,5,694,8.6538
2001,11,2,1,208,20.3204
2001,11,2,2,134,9.1977
2001,11,2,3,162,8.9150
2001,11,2,4,152,6.5132
2001,11,2,5,343,9.1315
2001,11,3,1,163,12.0109
2001,11,3,2,189,4.3308
2001,11,3,3,170,7.9502
2001,11,3,4,195,5.4188
2001,11,3,5,161,11.2118
2001,12,1,1,665,16.2335
2001,12,1,2,291,6.9194
2001,12,1,3,251,7.6502
2001,12,1,4,331,6.5558
2001,12,1,5,858,7.4132
2001,12,2,1,190,9.0942
2001,12,2,2,149,9.4960
2001,12,2,3,132,6.8681
2001,12,2,4,166,6.8691
2001,12,2,5,365,6.9020
2001,12,3,1,172,-2.7084
2001,12,3,2,172,1.4011
2001,12,3,3,181,2.4365
2001,12,3,4,182,0.5648
2001,12,3,5,180,2.8008
2002,1,1,1,965,-1.4498
2002,1,1,2,346,3.3854
2002,1,1,3,229,-0.9868
2002,1,1,4,231,3.0168
2002,1,1,5,603,2.4113
2002,1,2,1,189,-6.3015
2002,1,2,2,171,-2.8287
2002,1,2,3,144,-1.0236
2002,1,2,4,153,-3.1989
2002,1,2,5,348,-0.3028
2002,1,3,1,159,-3.3145
2002,1,3,2,186,-0.7955
2002,1,3,3,186,-0.7364
2002,1,3,4,179,0.5258
2002,1,3,5,164,-2.2631
2002,2,1,1,735,-9.5341
2002,2,1,2,389,-4.4641
2002,2,1,3,221,-6.0792
2002,2,1,4,287,-4.7642
2002,2,1,5,767,-6.2589
2002,2,2,1,157,-9.2947
2002,2,2,2,154,-1.7372
2002,2,2,3,123,-0.8770
2002,2,2,4,151,-1.7048
2002,2,2,5,362,-7.1220
2002,2,3,1,153,-1.5120
2002,2,3,2,165,-1.1468
2002,2,3,3,174,-2.2810
2002,2,3,4,192,-0.4015
2002,2,3,5,196,-10.1053
2002,3,1,1,802,11.8093
2002,3,1,2,343,8.0604
2002,3,1,3,257,7.5299
2002,3,1,4,288,8.5857
2002,3,1,5,759,10.7697
2002,3,2,1,147,12.9825
2002,3,2,2,147,10.0564
2002,3,2,3,153,7.2788
2002,3,2,4,143,8.4727
2002,3,2,5,317,9.1583
2002,3,3,1,140,3.4129
2002,3,3,2,175,3.1772
2002,3,3,3,173,3.0310
2002,3,3,4,186,4.1765
2002,3,3,5,171,5.5876
2002,4,1,1,816,-6.1437
2002,4,1,2,287,1.5641
2002,4,1,3,249,1.2086
2002,4,1,4,273,3.0052
2002,4,1,5,793,-0.7213
2002,4,2,1,190,-8.1683
2002,4,2,2,136,-1.0793
2002,4,2,3,124,-0.0621
2002,4,2,4,150,0.7319
2002,4,2,5,308,-2.6020
2002,4,3,1,179,-12.2430
2002,4,3,2,168,-5.7762
2002,4,3,3,188,-3.3380
2002,4,3,4,181,-2.1695
2002,4,3,5,122,0.2593
2002,5,1,1,888,-11.2521
2002,5,1,2,347,-3.8881
2002,5,1,3,235,-3.8680
2002,5,1,4,292,-2.5377
2002,5,1,5,710,-0.3118
2002,5,2,1,184,-7.4970
2002,5,2,2,121,-4.6869
2002,5,2,3,139,-4.0083
2002,5,2,4,154,-4.8691
2002,5,2,5,257,-4.9988
2002,5,3,1,189,-1.6887
2002,5,3,2,176,-1.0983
2002,5,3,3,171,-0.9855
2002,5,3,4,160,-0.1692
2002,5,3,5,123,-2.7539
2002,6,1,1,950,-13.2608
2002,6,1,2,291,-3.2019
2002,6,1,3,260,-4.8315
2002,6,1,4,254,-4.6538
2002,6,1,5,722,-1.5895
2002,6,2,1,237,-11.8083
2002,6,2,2,123,-3.5138
2002,6,2,3,126,-4.9878
2002,6,2,4,137,-3.5798
2002,6,2,5,203,-4.2271
2002,6,3,1,177,-9.2499
2002,6,3,2,169,-8.1975
2002,6,3,3,184,-8.3537
2002,6,3,4,163,-5.3108
2002,6,3,5,123,-4.2271
2002,7,1,1,930,-18.2721
2002,7,1,2,295,-15.2033
2002,7,1,3,226,-13.6109
2002,7,1,4,289,-13.5495
2002,7,1,5,661,-15.1514
2002,7,2,1,209,-18.2531
2002,7,2,2,123,-14.9501
2002,7,2,3,126,-14.6663
2002,7,2,4,137,-15.3767
2002,7,2,5,220,-17.4819
2002,7,3,1,188,-6.2563
2002,7,3,2,176,-9.5665
2002,7,3,3,166,-5.6076
2002,7,3,4,153,-8.4389
2002,7,3,5,116,-11.2514
2002,8,1,1,905,-2.4922
2002,8,1,2,304,-2.2681
2002,8,1,3,251,-1.4351
2002,8,1,4,257,-1.0825
2002,8,1,5,693,-1.1745
2002,8,2,1,186,-1.0888
2002,8,2,2,150,1.4952
2002,8,2,3,130,0.5676
2002,8,2,4,119,0.1374
2002,8,2,5,192,-0.8042
2002,8,3,1,162,0.3103
2002,8,3,2,173,-1.8983
2002,8,3,3,162,2.8903
2002,8,3,4,173,0.8391
2002,8,3,5,138,-0.1867
2002,9,1,1,855,-12.4951
2002,9,1,2,313,-9.0500
2002,9,1,3,293,-8.4712
2002,9,1,4,264,-7.5123
2002,9,1,5,657,-9.2625
2002,9,2,1,161,-13.4399
2002,9,2,2,144,-8.5571
2002,9,2,3,147,-6.9881
2002,9,2,4,132,-6.6932
2002,9,2,5,194,-8.2562
2002,9,3,1,164,-14.5319
2002,9,3,2,164,-9.0678
2002,9,3,3,167,-9.5197
2002,9,3,4,175,-6.9470
2002,9,3,5,136,-6.2835
2002,10,1,1,948,9.0940
2002,10,1,2,339,0.9056
2002,10,1,3,249,2.7622
2002,10,1,4,303,3.5717
2002,10,1,5,559,3.6880
2002,10,2,1,210,12.6143
2002,10,2,2,135,5.8890
2002,10,2,3,110,-0.3378
2002,10,2,4,120,1.3541
2002,10,2,5,183,2.7275
2002,10,3,1,169,14.6057
2002,10,3,2,165,9.2228
2002,10,3,3,166,5.4380
2002,10,3,4,163,3.1981
2002,10,3,5,131,-0.3501
2002,11,1,1,923,31.8402
2002,11,1,2,342,12.6021
2002,11,1,3,230,8.2712
2002,11,1,4,258,10.0997
2002,11,1,5,577,8.0643
2002,11,2,1,197,29.0035
2002,11,2,2,159,11.3872
2002,11,2,3,119,6.7112
2002,11,2,4,118,4.8711
2002,11,2,5,186,3.2182
2002,11,3,1,154,16.2314
2002,11,3,2,168,8.3439
2002,11,3,3,166,2.4851
2002,11,3,4,187,0.8666
2002,11,3,5,141,-0.8420
2002,12,1,1,896,-9.7113
2002,12,1,2,282,-5.5997
2002,12,1,3,218,-3.4158
2002,12,1,4,226,-4.2277
2002,12,1,5,672,-3.9907
2002,12,2,1,203,-10.2119
2002,12,2,2,158,-6.9117
2002,12,2,3,121,-5.8865
2002,12,2,4,108,-3.6706
2002,12,2,5,202,-6.3173
2002,12,3,1,146,-10.2059
2002,12,3,2,154,-6.9187
2002,12,3,3,191,-5.3226
2002,12,3,4,185,-3.2371
2002,12,3,5,144,-4.8208
2003,1,1,1,943,-0.9343
2003,1,1,2,315,-2.6923
2003,1,1,3,221,-3.1187
2003,1,1,4,244,-2.8908
2003,1,1,5,569,0.5821
2003,1,2,1,196,-4.1638
2003,1,2,2,151,-4.1870
2003,1,2,3,135,-2.7378
2003,1,2,4,135,-3.8035
2003,1,2,5,165,-2.2499
2003,1,3,1,150,-3.0003
2003,1,3,2,162,-3.0358
2003,1,3,3,169,-2.6743
2003,1,3,4,170,-3.6132
2003,1,3,5,149,-1.5969
2003,2,1,1,752,-6.6443
2003,2,1,2,285,-3.6643
2003,2,1,3,253,-3.7272
2003,2,1,4,292,-4.3500
2003,2,1,5,669,-1.7010
2003,2,2,1,178,-5.7263
2003,2,2,2,152,-4.1138
2003,2,2,3,128,-3.2276
2003,2,2,4,136,-3.5386
2003,2,2,5,201,-3.0485
2003,2,3,1,125,0.7373
2003,2,3,2,166,-2.2850
2003,2,3,3,168,-1.8444
2003,2,3,4,180,-0.9205
2003,2,3,5,166,-0.9194
2003,3,1,1,732,0.8997
2003,3,1,2,354,0.6317
2003,3,1,3,239,-0.0890
2003,3,1,4,261,-0.9611
2003,3,1,5,645,2.7092
2003,3,2,1,192,1.4185
2003,3,2,2,150,1.2678
2003,3,2,3,126,0.1332
2003,3,2,4,143,1.3374
2003,3,2,5,185,2.4895
2003,3,3,1,95,-0.7688
2003,3,3,2,161,1.0732
2003,3,3,3,173,2.2014
2003,3,3,4,191,1.6622
2003,3,3,5,179,1.0438
2003,4,1,1,683,15.4194
2003,4,1,2,334,11.7770
2003,4,1,3,276,7.5520
2003,4,1,4,234,10.0222
2003,4,1,5,670,10.4438
2003,4,2,1,169,18.5715
2003,4,2,2,159,11.3595
2003,4,2,3,143,11.7194
2003,4,2,4,141,8.5917
2003,4,2,5,182,9.0733
2003,4,3,1,85,13.3279
2003,4,3,2,137,10.2088
2003,4,3,3,159,9.3680
2003,4,3,4,185,5.2379
2003,4,3,5,228,4.6700
2003,5,1,1,687,22.4250
2003,5,1,2,348,13.7242
2003,5,1,3,218,13.1142
2003,5,1,4,236,12.5141
2003,5,1,5,699,16.3771
2003,5,2,1,157,19.1557
2003,5,2,2,132,12.1710
2003,5,2,3,127,9.5634
2003,5,2,4,127,10.0224
2003,5,2,5,251,12.4940
2003,5,3,1,88,14.3057
2003,5,3,2,129,9.9980
2003,5,3,3,173,5.6142
2003,5,3,4,188,1.5425
2003,5,3,5,212,8.0723
2003,6,1,1,562,6.3973
2003,6,1,2,313,5.2008
2003,6,1,3,221,6.4389
2003,6,1,4,214,6.2024
2003,6,1,5,833,6.4824
2003,6,2,1,133,4.8984
2003,6,2,2,144,1.7317
2003,6,2,3,127,2.9693
2003,6,2,4,130,1.7462
2003,6,2,5,278,3.2489
2003,6,3,1,64,3.0947
2003,6,3,2,132,3.0213
2003,6,3,3,166,-0.2048
2003,6,3,4,190,2.9205
2003,6,3,5,250,0.9690
2003,7,1,1,516,8.6362
2003,7,1,2,228,7.6056
2003,7,1,3,223,5.5694
2003,7,1,4,253,6.5496
2003,7,1,5,903,10.8543
2003,7,2,1,117,6.3816
2003,7,2,2,116,4.2659
2003,7,2,3,105,6.6748
2003,7,2,4,157,5.0687
2003,7,2,5,286,7.5113
2003,7,3,1,92,3.7375
2003,7,3,2,140,0.5284
2003,7,3,3,180,0.9105
2003,7,3,4,176,0.6036
2003,7,3,5,224,3.3419
2003,8,1,1,432,4.6550
2003,8,1,2,217,3.9062
2003,8,1,3,193,3.6587
2003,8,1,4,276,5.6030
2003,8,1,5,974,6.0069
2003,8,2,1,102,5.5923
2003,8,2,2,109,2.4449
2003,8,2,3,107,5.6138
2003,8,2,4,143,6.4253
2003,8,2,5,315,6.5895
2003,8,3,1,104,2.3913
2003,8,3,2,146,2.2857
2003,8,3,3,169,1.6867
2003,8,3,4,165,4.0094
2003,8,3,5,239,5.3706
2003,9,1,1,413,0.9544
2003,9,1,2,228,0.3503
2003,9,1,3,216,2.9987
2003,9,1,4,275,-0.3865
2003,9,1,5,925,6.0490
2003,9,2,1,126,-1.4958
2003,9,2,2,107,-2.8495
2003,9,2,3,91,-3.5903
2003,9,2,4,151,-2.7123
2003,9,2,5,309,-3.1448
2003,9,3,1,110,0.5537
2003,9,3,2,137,-2.3166
2003,9,3,3,164,-0.9091
2003,9,3,4,169,-1.9391
2003,9,3,5,240,-3.8706
2003,10,1,1,380,7.7492
2003,10,1,2,179,8.5822
2003,10,1,3,190,9.2287
2003,10,1,4,333,8.0985
2003,10,1,5,949,11.2238
2003,10,2,1,126,7.2561
2003,10,2,2,98,8.6422
2003,10,2,3,129,6.3111
2003,10,2,4,136,9.0225
2003,10,2,5,307,10.6851
2003,10,3,1,132,3.5233
2003,10,3,2,159,3.6069
2003,10,3,3,155,5.1547
2003,10,3,4,175,8.0699
2003,10,3,5,191,11.0017
2003,11,1,1,391,3.6214
2003,11,1,2,194,4.4417
2003,11,1,3,213,3.0755
2003,11,1,4,308,4.1703
2003,11,1,5,902,5.8514
2003,11,2,1,131,4.9602
2003,11,2,2,113,2.2786
2003,11,2,3,114,3.5741
2003,11,2,4,161,4.4395
2003,11,2,5,282,2.2143
2003,11,3,1,128,1.2238
2003,11,3,2,165,0.4683
2003,11,3,3,168,-0.1456
2003,11,3,4,178,2.9212
2003,11,3,5,177,3.5743
2003,12,1,1,367,8.0018
2003,12,1,2,185,5.7082
2003,12,1,3,235,2.4606
2003,12,1,4,297,2.7974
2003,12,1,5,910,2.2515
2003,12,2,1,100,9.2800
2003,12,2,2,103,5.8194
2003,12,2,3,133,4.7324
2003,12,2,4,161,2.9536
2003,12,2,5,300,-0.0795
2003,12,3,1,131,8.0336
2003,12,3,2,164,5.3399
2003,12,3,3,149,4.9828
2003,12,3,4,178,2.6757
2003,12,3,5,194,-0.6827
2004,1,1,1,407,5.9992
2004,1,1,2,218,6.8464
2004,1,1,3,221,7.4868
2004,1,1,4,301,6.3223
2004,1,1,5,843,10.3500
2004,1,2,1,107,2.9289
2004,1,2,2,104,2.5737
2004,1,2,3,145,2.1791
2004,1,2,4,149,2.6063
2004,1,2,5,291,6.5081
2004,1,3,1,142,1.8270
2004,1,3,2,168,0.1150
2004,1,3,3,162,2.6434
2004,1,3,4,162,2.1448
2004,1,3,5,164,0.1122
2004,2,1,1,319,0.9992
2004,2,1,2,198,1.6915
2004,2,1,3,204,2.6137
2004,2,1,4,323,0.6145
2004,2,1,5,916,-0.1263
2004,2,2,1,104,0.7474
2004,2,2,2,99,2.0452
2004,2,2,3,120,2.5751
2004,2,2,4,175,1.3584
2004,2,2,5,313,-1.7010
2004,2,3,1,156,1.5436
2004,2,3,2,165,1.6873
2004,2,3,3,164,0.7765
2004,2,3,4,165,0.2087
2004,2,3,5,151,0.9617
2004,3,1,1,323,-1.3499
2004,3,1,2,201,1.5457
2004,3,1,3,224,0.9731
2004,3,1,4,332,0.4369
2004,3,1,5,882,-1.0773
2004,3,2,1,117,1.1382
2004,3,2,2,99,1.8178
2004,3,2,3,128,0.8988
2004,3,2,4,200,1.8331
2004,3,2,5,261,0.0200
2004,3,3,1,151,-2.3630
2004,3,3,2,160,-1.6333
2004,3,3,3,170,-0.0270
2004,3,3,4,167,-1.3425
2004,3,3,5,142,-1.3257
2004,4,1,1,350,-1.7629
2004,4,1,2,204,-0.6271
2004,4,1,3,196,-2.5765
2004,4,1,4,319,-3.2284
2004,4,1,5,917,-5.7705
2004,4,2,1,118,-1.7309
2004,4,2,2,121,-0.8264
2004,4,2,3,123,-2.1386
2004,4,2,4,147,-2.9688
2004,4,2,5,252,-8.8560
2004,4,3,1,156,1.1204
2004,4,3,2,173,0.7626
2004,4,3,3,157,-1.6174
2004,4,3,4,160,-4.8692
2004,4,3,5,152,-3.1327
2004,5,1,1,419,-3.3155
2004,5,1,2,174,-1.5866
2004,5,1,3,215,-0.2166
2004,5,1,4,293,0.7058
2004,5,1,5,892,-0.6278
2004,5,2,1,163,2.3855
2004,5,2,2,111,-0.3859
2004,5,2,3,125,1.8731
2004,5,2,4,126,1.6663
2004,5,2,5,220,2.8001
2004,5,3,1,161,0.3686
2004,5,3,2,162,1.0041
2004,5,3,3,170,2.1762
2004,5,3,4,162,-0.0521
2004,5,3,5,134,3.6717
2004,6,1,1,496,3.7800
2004,6,1,2,212,4.0889
2004,6,1,3,204,3.5336
2004,6,1,4,287,3.5693
2004,6,1,5,784,2.9290
2004,6,2,1,147,3.3638
2004,6,2,2,124,4.4044
2004,6,2,3,102,4.0756
2004,6,2,4,138,4.1119
2004,6,2,5,223,5.7784
2004,6,3,1,151,0.8601
2004,6,3,2,149,1.7418
2004,6,3,3,173,3.3180
2004,6,3,4,177,2.6842
2004,6,3,5,151,3.4518
2004,7,1,1,615,-10.7225
2004,7,1,2,224,-6.9843
2004,7,1,3,205,-8.9225
2004,7,1,4,282,-7.1766
2004,7,1,5,661,-10.0583
2004,7,2,1,156,-9.9093
2004,7,2,2,120,-7.4490
2004,7,2,3,118,-6.0488
2004,7,2,4,146,-6.2644
2004,7,2,5,186,-6.8036
2004,7,3,1,147,-3.4912
2004,7,3,2,164,-3.1578
2004,7,3,3,173,-3.5998
2004,7,3,4,170,-4.8073
2004,7,3,5,135,-7.0005
2004,8,1,1,675,-1.9090
2004,8,1,2,260,-1.4289
2004,8,1,3,209,-1.6412
2004,8,1,4,241,-3.1934
2004,8,1,5,620,-2.6311
2004,8,2,1,192,-2.0075
2004,8,2,2,108,-0.0983
2004,8,2,3,118,-1.9108
2004,8,2,4,109,-1.5988
2004,8,2,5,173,-3.4081
2004,8,3,1,147,-1.8361
2004,8,3,2,175,-0.4929
2004,8,3,3,166,0.6579
2004,8,3,4,164,-0.3061
2004,8,3,5,131,-1.7687
2004,9,1,1,830,3.5738
2004,9,1,2,212,3.7120
2004,9,1,3,246,2.8345
2004,9,1,4,199,4.0738
2004,9,1,5,529,6.2637
2004,9,2,1,187,3.2482
2004,9,2,2,128,3.6404
2004,9,2,3,100,7.0839
2004,9,2,4,108,7.2405
2004,9,2,5,165,8.5614
2004,9,3,1,152,-0.4209
2004,9,3,2,160,0.2715
2004,9,3,3,180,1.4259
2004,9,3,4,147,5.2418
2004,9,3,5,133,6.3605
2004,10,1,1,813,1.9755
2004,10,1,2,266,-0.9134
2004,10,1,3,216,1.3916
2004,10,1,4,236,2.6345
2004,10,1,5,477,0.6211
2004,10,2,1,184,4.3344
2004,10,2,2,117,2.0592
2004,10,2,3,110,2.3966
2004,10,2,4,109,3.1539
2004,10,2,5,182,-0.1093
2004,10,3,1,145,3.8357
2004,10,3,2,176,1.6416
2004,10,3,3,160,0.8097
2004,10,3,4,154,-0.0069
2004,10,3,5,135,2.8511
2004,11,1,1,853,9.7745
2004,11,1,2,262,7.4920
2004,11,1,3,209,7.7622
2004,11,1,4,237,8.5292
2004,11,1,5,448,12.6169
2004,11,2,1,159,8.5218
2004,11,2,2,122,7.5975
2004,11,2,3,104,8.0960
2004,11,2,4,119,9.6665
2004,11,2,5,194,9.9288
2004,11,3,1,141,0.8169
2004,11,3,2,163,3.8401
2004,11,3,3,166,4.5192
2004,11,3,4,161,5.1289
2004,11,3,5,142,7.6710
2004,12,1,1,828,8.7141
2004,12,1,2,262,3.8023
2004,12,1,3,178,3.6821
2004,12,1,4,230,3.2768
2004,12,1,5,512,6.1306
2004,12,2,1,148,6.9354
2004,12,2,2,91,2.4829
2004,12,2,3,119,3.3659
2004,12,2,4,130,2.0939
2004,12,2,5,212,2.5264
2004,12,3,1,150,4.3602
2004,12,3,2,169,4.3167
2004,12,3,3,152,3.1214
2004,12,3,4,148,1.3064
2004,12,3,5,150,1.5721
2005,1,1,1,883,-7.8938
2005,1,1,2,246,-1.4734
2005,1,1,3,199,-3.1024
2005,1,1,4,213,-3.2579
2005,1,1,5,451,-3.3929
2005,1,2,1,162,-7.5562
2005,1,2,2,111,-3.3623
2005,1,2,3,100,-3.6569
2005,1,2,4,118,-2.5556
2005,1,2,5,207,-2.1401
2005,1,3,1,145,-5.2309
2005,1,3,2,147,-2.2702
2005,1,3,3,178,-1.6832
2005,1,3,4,160,0.1995
2005,1,3,5,145,-4.4437
2005,2,1,1,840,-1.4330
2005,2,1,2,301,-0.5634
2005,2,1,3,210,0.5750
2005,2,1,4,227,2.4302
2005,2,1,5,427,2.3091
2005,2,2,1,165,2.3892
2005,2,2,2,99,1.5190
2005,2,2,3,111,0.2414
2005,2,2,4,119,2.6611
2005,2,2,5,189,4.7981
2005,2,3,1,141,3.0131
2005,2,3,2,152,0.5253
2005,2,3,3,177,0.1976
2005,2,3,4,163,7.5351
2005,2,3,5,149,5.6868
2005,3,1,1,878,-4.9995
2005,3,1,2,304,-2.3977
2005,3,1,3,207,-4.1192
2005,3,1,4,227,-3.3116
2005,3,1,5,404,-2.5715
2005,3,2,1,161,-1.8465
2005,3,2,2,109,-1.5988
2005,3,2,3,119,-1.2181
2005,3,2,4,115,-1.4667
2005,3,2,5,170,-2.9208
2005,3,3,1,121,-1.1584
2005,3,3,2,169,-0.9957
2005,3,3,3,170,-0.8087
2005,3,3,4,166,-0.3724
2005,3,3,5,153,-2.7058
2005,4,1,1,876,-8.2330
2005,4,1,2,336,-6.5560
2005,4,1,3,208,-6.0530
2005,4,1,4,218,-6.1718
2005,4,1,5,377,-7.1357
2005,4,2,1,140,-8.1364
2005,4,2,2,125,-4.8891
2005,4,2,3,109,-5.2739
2005,4,2,4,123,-6.4225
2005,4,2,5,179,-7.0729
2005,4,3,1,133,-1.3794
2005,4,3,2,154,-1.4742
2005,4,3,3,174,-1.9661
2005,4,3,4,167,-2.8538
2005,4,3,5,150,-5.2529
2005,5,1,1,866,7.4103
2005,5,1,2,339,5.2948
2005,5,1,3,229,4.0885
2005,5,1,4,217,4.1067
2005,5,1,5,373,6.1933
2005,5,2,1,157,9.1827
2005,5,2,2,118,6.5141
2005,5,2,3,126,7.0608
2005,5,2,4,109,7.6300
2005,5,2,5,158,8.0551
2005,5,3,1,127,5.0649
2005,5,3,2,159,4.2405
2005,5,3,3,171,2.7658
2005,5,3,4,173,2.8132
2005,5,3,5,147,4.1561
2005,6,1,1,853,4.4104
2005,6,1,2,343,5.2244
2005,6,1,3,226,3.3082
2005,6,1,4,218,4.5803
2005,6,1,5,391,5.7802
2005,6,2,1,139,2.6731
2005,6,2,2,127,2.1803
2005,6,2,3,118,3.3993
2005,6,2,4,116,2.9807
2005,6,2,5,160,4.3951
2005,6,3,1,124,-1.1842
2005,6,3,2,146,-2.4815
2005,6,3,3,176,-0.4667
2005,6,3,4,165,1.7521
2005,6,3,5,168,3.3139
2005,7,1,1,760,9.7542
2005,7,1,2,277,7.6879
2005,7,1,3,255,6.1931
2005,7,1,4,282,6.9998
2005,7,1,5,445,7.4799
2005,7,2,1,128,7.1534
2005,7,2,2,105,7.8298
2005,7,2,3,111,6.0397
2005,7,2,4,135,7.2313
2005,7,2,5,186,7.2928
2005,7,3,1,134,4.0646
2005,7,3,2,153,4.4132
2005,7,3,3,161,3.7800
2005,7,3,4,168,4.4967
2005,7,3,5,167,6.4872
2005,8,1,1,677,-2.0611
2005,8,1,2,291,-1.0792
2005,8,1,3,257,-0.1706
2005,8,1,4,273,-1.7410
2005,8,1,5,485,-1.4508
2005,8,2,1,108,-2.3963
2005,8,2,2,114,-2.7398
2005,8,2,3,115,-2.3632
2005,8,2,4,145,-2.3229
2005,8,2,5,215,0.2282
2005,8,3,1,124,-2.6700
2005,8,3,2,155,-1.0783
2005,8,3,3,177,-0.8207
2005,8,3,4,155,0.8200
2005,8,3,5,163,2.2683
2005,9,1,1,716,-0.3735
2005,9,1,2,257,0.2034
2005,9,1,3,264,-0.8560
2005,9,1,4,253,0.9135
2005,9,1,5,482,2.1004
2005,9,2,1,128,-0.7998
2005,9,2,2,108,-1.1677
2005,9,2,3,130,-0.7150
2005,9,2,4,129,1.7833
2005,9,2,5,199,2.5590
2005,9,3,1,118,-1.0566
2005,9,3,2,165,-1.0219
2005,9,3,3,165,2.0051
2005,9,3,4,145,0.6526
2005,9,3,5,180,4.0348
2005,10,1,1,639,-4.7557
2005,10,1,2,338,-2.7581
2005,10,1,3,245,-2.2620
2005,10,1,4,257,-1.6587
2005,10,1,5,484,-4.4371
2005,10,2,1,126,-4.3809
2005,10,2,2,117,-3.5988
2005,10,2,3,138,-3.2760
2005,10,2,4,140,-2.6106
2005,10,2,5,189,-4.2396
2005,10,3,1,112,-0.8026
2005,10,3,2,171,-0.2773
2005,10,3,3,153,-3.2812
2005,10,3,4,162,-6.8259
2005,10,3,5,169,-3.6271
2005,11,1,1,696,4.4519
2005,11,1,2,307,3.6077
2005,11,1,3,228,1.5662
2005,11,1,4,259,4.4916
2005,11,1,5,466,5.2919
2005,11,2,1,134,6.4568
2005,11,2,2,145,4.7079
2005,11,2,3,113,4.4773
2005,11,2,4,126,3.8519
2005,11,2,5,188,5.8950
2005,11,3,1,98,2.2561
2005,11,3,2,148,4.7084
2005,11,3,3,169,3.1614
2005,11,3,4,180,3.8070
2005,11,3,5,179,2.8771
2005,12,1,1,812,0.2291
2005,12,1,2,292,-0.7418
2005,12,1,3,208,1.3066
2005,12,1,4,229,1.9238
2005,12,1,5,401,-0.0170
2005,12,2,1,132,0.4105
2005,12,2,2,120,-0.8050
2005,12,2,3,137,-0.7598
2005,12,2,4,117,-0.1561
2005,12,2,5,207,0.0114
2005,12,3,1,91,1.8825
2005,12,3,2,155,-0.6925
2005,12,3,3,180,-0.6255
2005,12,3,4,175,-0.4805
2005,12,3,5,181,1.3250
2006,1,1,1,772,8.5832
2006,1,1,2,271,9.8161
2006,1,1,3,213,11.3463
2006,1,1,4,244,8.3397
2006,1,1,5,441,12.3255
2006,1,2,1,129,7.4288
2006,1,2,2,133,7.8029
2006,1,2,3,102,6.4583
2006,1,2,4,144,9.2307
2006,1,2,5,193,12.2765
2006,1,3,1,100,2.3093
2006,1,3,2,148,1.1720
2006,1,3,3,167,2.2591
2006,1,3,4,176,3.7332
2006,1,3,5,185,8.8298
2006,2,1,1,660,0.6417
2006,2,1,2,265,-0.1170
2006,2,1,3,239,0.8148
2006,2,1,4,282,-0.4394
2006,2,1,5,488,0.7107
2006,2,2,1,115,-0.6108
2006,2,2,2,107,-1.4592
2006,2,2,3,119,0.8968
2006,2,2,4,155,-0.1987
2006,2,2,5,206,-2.3094
2006,2,3,1,99,0.4897
2006,2,3,2,163,0.3253
2006,2,3,3,162,1.0515
2006,2,3,4,175,0.1639
2006,2,3,5,175,-4.6612
2006,3,1,1,586,3.4780
2006,3,1,2,273,3.5129
2006,3,1,3,225,5.5501
2006,3,1,4,309,5.0140
2006,3,1,5,528,6.0994
2006,3,2,1,113,3.3929
2006,3,2,2,104,3.1127
2006,3,2,3,108,3.5267
2006,3,2,4,152,5.8301
2006,3,2,5,225,5.4078
2006,3,3,1,110,2.3819
2006,3,3,2,151,1.3705
2006,3,3,3,166,0.7854
2006,3,3,4,177,1.7865
2006,3,3,5,173,3.7497
2006,4,1,1,515,-0.2878
2006,4,1,2,266,-0.4926
2006,4,1,3,243,0.2301
2006,4,1,4,363,-0.5491
2006,4,1,5,548,0.1672
2006,4,2,1,92,-0.7652
2006,4,2,2,105,1.4079
2006,4,2,3,103,-0.9734
2006,4,2,4,157,0.9942
2006,4,2,5,226,1.5602
2006,4,3,1,131,0.6419
2006,4,3,2,155,0.1175
2006,4,3,3,166,-0.8222
2006,4,3,4,166,1.5581
2006,4,3,5,154,3.4994
2006,5,1,1,542,-5.8005
2006,5,1,2,243,-5.3677
2006,5,1,3,260,-5.1023
2006,5,1,4,323,-5.0575
2006,5,1,5,563,-9.5203
2006,5,2,1,109,-4.5306
2006,5,2,2,100,-4.5507
2006,5,2,3,111,-4.4299
2006,5,2,4,150,-6.4251
2006,5,2,5,217,-6.8130
2006,5,3,1,123,-1.5782
2006,5,3,2,165,-1.4355
2006,5,3,3,163,-2.3606
2006,5,3,4,161,-3.6153
2006,5,3,5,160,-6.1662
2006,6,1,1,598,-1.5760
2006,6,1,2,273,-1.6582
2006,6,1,3,258,-1.3004
2006,6,1,4,290,-0.2457
2006,6,1,5,527,-1.5415
2006,6,2,1,131,-3.6042
2006,6,2,2,107,-1.8142
2006,6,2,3,107,-0.0392
2006,6,2,4,134,-0.6444
2006,6,2,5,211,0.1688
2006,6,3,1,107,-0.7089
2006,6,3,2,154,-0.2174
2006,6,3,3,174,0.8455
2006,6,3,4,163,0.9015
2006,6,3,5,162,0.0575
2006,7,1,1,658,-5.3130
2006,7,1,2,290,-2.8460
2006,7,1,3,220,-3.1367
2006,7,1,4,246,-3.4786
2006,7,1,5,504,-5.5306
2006,7,2,1,143,-3.6423
2006,7,2,2,111,-2.0209
2006,7,2,3,114,-1.6778
2006,7,2,4,129,-4.4281
2006,7,2,5,192,-5.8245
2006,7,3,1,101,-3.3521
2006,7,3,2,151,0.8048
2006,7,3,3,171,1.1125
2006,7,3,4,165,-0.2943
2006,7,3,5,165,-3.9281
2006,8,1,1,700,4.4250
2006,8,1,2,317,2.9906
2006,8,1,3,208,3.7443
2006,8,1,4,220,2.7280
2006,8,1,5,494,2.1038
2006,8,2,1,121,6.8206
2006,8,2,2,141,4.2732
2006,8,2,3,128,3.9540
2006,8,2,4,121,2.9028
2006,8,2,5,180,0.0323
2006,8,3,1,109,5.2545
2006,8,3,2,154,3.2770
2006,8,3,3,153,3.6232
2006,8,3,4,164,2.0254
2006,8,3,5,166,-0.5870
2006,9,1,1,756,0.5973
2006,9,1,2,273,1.4239
2006,9,1,3,198,-0.0354
2006,9,1,4,218,1.2968
2006,9,1,5,489,0.3664
2006,9,2,1,136,2.3100
2006,9,2,2,128,0.8327
2006,9,2,3,114,-0.0441
2006,9,2,4,131,2.4821
2006,9,2,5,191,0.7203
2006,9,3,1,111,1.4582
2006,9,3,2,154,2.3918
2006,9,3,3,160,2.0916
2006,9,3,4,168,1.5702
2006,9,3,5,149,2.5685
2006,10,1,1,750,6.5719
2006,10,1,2,263,5.8099
2006,10,1,3,224,6.4215
2006,10,1,4,213,6.3761
2006,10,1,5,483,7.7868
2006,10,2,1,126,6.2701
2006,10,2,2,131,5.9245
2006,10,2,3,129,5.3035
2006,10,2,4,133,5.1315
2006,10,2,5,177,6.5913
2006,10,3,1,112,4.4444
2006,10,3,2,151,3.9740
2006,10,3,3,164,3.5954
2006,10,3,4,172,2.5565
2006,10,3,5,148,5.4184
2006,11,1,1,731,2.5534
2006,11,1,2,257,1.8051
2006,11,1,3,238,1.1333
2006,11,1,4,195,1.3046
2006,11,1,5,514,3.9195
2006,11,2,1,145,3.5920
2006,11,2,2,119,4.3313
2006,11,2,3,110,2.7728
2006,11,2,4,122,2.8494
2006,11,2,5,189,2.4656
2006,11,3,1,135,2.4047
2006,11,3,2,157,1.3952
2006,11,3,3,167,2.2853
2006,11,3,4,158,3.1937
2006,11,3,5,134,2.6320
2006,12,1,1,778,1.9309
2006,12,1,2,261,1.3801
2006,12,1,3,199,0.4845
2006,12,1,4,233,0.3505
2006,12,1,5,470,2.4653
2006,12,2,1,134,-0.3702
2006,12,2,2,119,-0.1804
2006,12,2,3,116,0.9556
2006,12,2,4,139,0.1697
2006,12,2,5,177,-0.7512
2006,12,3,1,139,-0.5244
2006,12,3,2,154,0.9156
2006,12,3,3,168,0.7653
2006,12,3,4,157,0.6722
2006,12,3,5,129,0.3436
2007,1,1,1,775,1.7473
2007,1,1,2,310,2.0240
2007,1,1,3,199,0.1255
2007,1,1,4,210,-0.0623
2007,1,1,5,453,3.0839
2007,1,2,1,154,2.3445
2007,1,2,2,128,1.5382
2007,1,2,3,123,0.8320
2007,1,2,4,109,2.9568
2007,1,2,5,158,2.8979
2007,1,3,1,125,2.7557
2007,1,3,2,174,3.2309
2007,1,3,3,157,1.4611
2007,1,3,4,157,1.3072
2007,1,3,5,128,3.6582
2007,2,1,1,837,1.0143
2007,2,1,2,247,1.2544
2007,2,1,3,220,1.0989
2007,2,1,4,173,-1.1435
2007,2,1,5,459,-0.9299
2007,2,2,1,162,-0.0168
2007,2,2,2,125,-0.2369
2007,2,2,3,126,-0.6859
2007,2,2,4,106,-0.3016
2007,2,2,5,150,0.5496
2007,2,3,1,135,-0.6899
2007,2,3,2,156,0.0886
2007,2,3,3,146,-2.1574
2007,2,3,4,163,-2.0929
2007,2,3,5,140,-2.4415
2007,3,1,1,809,-1.2515
2007,3,1,2,284,1.3762
2007,3,1,3,216,1.4231
2007,3,1,4,201,2.1393
2007,3,1,5,410,2.3307
2007,3,2,1,185,0.4358
2007,3,2,2,138,0.7045
2007,3,2,3,137,2.3497
2007,3,2,4,98,2.0119
2007,3,2,5,133,2.2452
2007,3,3,1,111,-0.5244
2007,3,3,2,150,-0.1415
2007,3,3,3,163,1.2867
2007,3,3,4,165,2.8353
2007,3,3,5,147,4.0889
2007,4,1,1,792,1.5830
2007,4,1,2,316,1.7502
2007,4,1,3,199,1.9754
2007,4,1,4,226,3.2349
2007,4,1,5,394,1.8076
2007,4,2,1,173,3.9343
2007,4,2,2,140,2.5006
2007,4,2,3,110,2.1087
2007,4,2,4,128,2.0513
2007,4,2,5,130,3.0244
2007,4,3,1,114,5.3934
2007,4,3,2,147,4.7111
2007,4,3,3,146,3.7651
2007,4,3,4,178,4.6589
2007,4,3,5,143,2.8128
2007,5,1,1,778,3.1708
2007,5,1,2,283,2.6774
2007,5,1,3,222,3.8205
2007,5,1,4,213,2.9864
2007,5,1,5,431,3.1731
2007,5,2,1,150,4.7797
2007,5,2,2,145,5.1963
2007,5,2,3,125,4.4989
2007,5,2,4,123,3.4073
2007,5,2,5,136,3.1259
2007,5,3,1,107,2.8529
2007,5,3,2,133,3.5168
2007,5,3,3,172,3.1045
2007,5,3,4,165,4.3985
2007,5,3,5,152,5.0364
2007,6,1,1,832,-0.3737
2007,6,1,2,258,0.1622
2007,6,1,3,191,-0.9167
2007,6,1,4,208,0.1659
2007,6,1,5,415,0.3280
2007,6,2,1,153,-2.5381
2007,6,2,2,138,-1.7634
2007,6,2,3,115,-0.7469
2007,6,2,4,123,-0.7609
2007,6,2,5,159,0.0423
2007,6,3,1,96,-1.7807
2007,6,3,2,153,-0.8851
2007,6,3,3,161,-0.9486
2007,6,3,4,164,-1.1079
2007,6,3,5,158,-0.6517
2007,7,1,1,716,-6.8800
2007,7,1,2,271,-7.8143
2007,7,1,3,218,-4.9906
2007,7,1,4,232,-4.0685
2007,7,1,5,439,-5.3767
2007,7,2,1,156,-6.7704
2007,7,2,2,108,-5.8346
2007,7,2,3,126,-5.0957
2007,7,2,4,117,-3.6352
2007,7,2,5,185,-3.6799
2007,7,3,1,91,-3.8151
2007,7,3,2,163,-2.6896
2007,7,3,3,158,-1.3221
2007,7,3,4,162,-1.8903
2007,7,3,5,155,0.2826
2007,8,1,1,653,-3.3447
2007,8,1,2,286,-0.6351
2007,8,1,3,224,0.5706
2007,8,1,4,213,0.7385
2007,8,1,5,475,-0.6957
2007,8,2,1,155,-0.2925
2007,8,2,2,143,1.7348
2007,8,2,3,112,1.8791
2007,8,2,4,106,0.8353
2007,8,2,5,188,2.7960
2007,8,3,1,81,0.5636
2007,8,3,2,147,2.0094
2007,8,3,3,170,0.9138
2007,8,3,4,171,2.1757
2007,8,3,5,163,1.3579
2007,9,1,1,701,-2.4804
2007,9,1,2,305,-0.6856
2007,9,1,3,220,1.3445
2007,9,1,4,205,1.9987
2007,9,1,5,401,5.0403
2007,9,2,1,147,-2.2590
2007,9,2,2,140,-0.4725
2007,9,2,3,110,0.8531
2007,9,2,4,130,1.5324
2007,9,2,5,175,5.5913
2007,9,3,1,87,1.5444
2007,9,3,2,150,2.5192
2007,9,3,3,151,4.1745
2007,9,3,4,172,4.7309
2007,9,3,5,175,7.5625
2007,10,1,1,721,-0.7901
2007,10,1,2,309,0.4891
2007,10,1,3,186,4.1675
2007,10,1,4,226,3.4700
2007,10,1,5,391,4.9640
2007,10,2,1,152,0.8725
2007,10,2,2,135,2.3162
2007,10,2,3,122,2.4571
2007,10,2,4,118,5.4837
2007,10,2,5,173,4.2633
2007,10,3,1,78,1.1603
2007,10,3,2,131,3.0629
2007,10,3,3,158,2.5264
2007,10,3,4,180,2.1347
2007,10,3,5,190,5.6629
2007,11,1,1,723,-11.2271
2007,11,1,2,303,-9.6418
2007,11,1,3,204,-8.5904
2007,11,1,4,224,-7.0732
2007,11,1,5,369,-9.2384
2007,11,2,1,128,-7.6783
2007,11,2,2,150,-7.6556
2007,11,2,3,113,-7.2277
2007,11,2,4,129,-6.5481
2007,11,2,5,182,-7.8052
2007,11,3,1,73,-9.3072
2007,11,3,2,130,-1.2861
2007,11,3,3,165,-2.5895
2007,11,3,4,175,-3.8899
2007,11,3,5,195,-3.9949
2007,12,1,1,739,-0.7347
2007,12,1,2,353,-0.6402
2007,12,1,3,195,-0.7598
2007,12,1,4,208,0.4177
2007,12,1,5,308,1.5841
2007,12,2,1,126,-3.1823
2007,12,2,2,171,-1.0130
2007,12,2,3,105,-2.3912
2007,12,2,4,137,0.6871
2007,12,2,5,164,2.5107
2007,12,3,1,59,-5.9036
2007,12,3,2,127,-4.4475
2007,12,3,3,164,-1.4238
2007,12,3,4,170,2.2190
2007,12,3,5,223,2.6888
2008,1,1,1,692,-4.8736
2008,1,1,2,369,-7.9418
2008,1,1,3,234,-8.5897
2008,1,1,4,186,-10.4721
2008,1,1,5,300,-12.2705
2008,1,2,1,121,-0.1692
2008,1,2,2,151,-6.2589
2008,1,2,3,126,-9.0118
2008,1,2,4,127,-8.5715
2008,1,2,5,189,-12.3361
2008,1,3,1,66,3.3291
2008,1,3,2,120,-3.7753
2008,1,3,3,170,-5.0732
2008,1,3,4,168,-6.7965
2008,1,3,5,213,-11.5719
2008,2,1,1,757,-3.8960
2008,2,1,2,362,-4.7059
2008,2,1,3,193,-2.2696
2008,2,1,4,192,-1.6308
2008,2,1,5,302,-2.2121
2008,2,2,1,137,-4.3964
2008,2,2,2,144,-2.2657
2008,2,2,3,128,-4.0658
2008,2,2,4,130,-3.0353
2008,2,2,5,160,-1.0074
2008,2,3,1,64,-4.4451
2008,2,3,2,123,-2.3324
2008,2,3,3,159,-0.5450
2008,2,3,4,175,-1.4844
2008,2,3,5,205,-0.0585
2008,3,1,1,739,-1.1122
2008,3,1,2,347,-0.9803
2008,3,1,3,212,-1.1095
2008,3,1,4,219,-0.6242
2008,3,1,5,287,-3.5441
2008,3,2,1,144,-2.0650
2008,3,2,2,155,-1.2506
2008,3,2,3,127,0.5867
2008,3,2,4,130,1.1615
2008,3,2,5,150,-0.7130
2008,3,3,1,56,-3.8268
2008,3,3,2,121,-0.8200
2008,3,3,3,166,1.1264
2008,3,3,4,181,0.6295
2008,3,3,5,204,-0.7255
2008,4,1,1,770,3.6168
2008,4,1,2,361,3.5448
2008,4,1,3,222,0.9417
2008,4,1,4,195,3.0021
2008,4,1,5,275,1.1064
2008,4,2,1,134,5.4876
2008,4,2,2,155,5.0751
2008,4,2,3,128,3.1522
2008,4,2,4,110,4.7092
2008,4,2,5,165,3.4959
2008,4,3,1,60,10.1899
2008,4,3,2,140,3.3175
2008,4,3,3,154,3.9543
2008,4,3,4,170,2.8440
2008,4,3,5,196,7.7057
2008,5,1,1,739,4.1773
2008,5,1,2,355,3.8253
2008,5,1,3,262,4.1267
2008,5,1,4,206,3.2252
2008,5,1,5,245,7.8322
2008,5,2,1,135,6.0781
2008,5,2,2,139,5.6230
2008,5,2,3,147,5.4245
2008,5,2,4,137,3.5839
2008,5,2,5,156,6.7744
2008,5,3,1,53,4.0759
2008,5,3,2,121,3.7432
2008,5,3,3,160,2.3276
2008,5,3,4,178,1.8262
2008,5,3,5,206,4.8639
2008,6,1,1,800,-12.5583
2008,6,1,2,347,-10.6129
2008,6,1,3,234,-7.2932
2008,6,1,4,188,-6.7931
2008,6,1,5,237,-2.5742
2008,6,2,1,139,-17.4259
2008,6,2,2,136,-13.1871
2008,6,2,3,147,-8.0855
2008,6,2,4,140,-6.8440
2008,6,2,5,148,-1.8078
2008,6,3,1,43,-13.8955
2008,6,3,2,139,-10.0654
2008,6,3,3,158,-8.7769
2008,6,3,4,180,-5.8252
2008,6,3,5,203,-2.1267
2008,7,1,1,772,4.2098
2008,7,1,2,346,5.5818
2008,7,1,3,277,3.6186
2008,7,1,4,194,5.0393
2008,7,1,5,221,0.9783
2008,7,2,1,132,6.1966
2008,7,2,2,144,0.3754
2008,7,2,3,147,4.4392
2008,7,2,4,132,2.8328
2008,7,2,5,161,-1.7449
2008,7,3,1,50,-4.6291
2008,7,3,2,138,0.6654
2008,7,3,3,167,0.8690
2008,7,3,4,174,-0.1933
2008,7,3,5,202,-9.0746
2008,8,1,1,757,4.7066
2008,8,1,2,330,3.2912
2008,8,1,3,230,2.3754
2008,8,1,4,224,0.2611
2008,8,1,5,260,1.2608
2008,8,2,1,132,9.6541
2008,8,2,2,139,5.8619
2008,8,2,3,135,5.4623
2008,8,2,4,142,4.7252
2008,8,2,5,184,-1.1759
2008,8,3,1,66,7.1619
2008,8,3,2,155,3.9860
2008,8,3,3,153,2.2550
2008,8,3,4,162,0.8936
2008,8,3,5,200,-0.9986
2008,9,1,1,804,-13.2087
2008,9,1,2,314,-8.8823
2008,9,1,3,204,-8.0170
2008,9,1,4,212,-8.1895
2008,9,1,5,253,-13.4907
2008,9,2,1,130,-12.3427
2008,9,2,2,139,-9.6721
2008,9,2,3,117,-7.9036
2008,9,2,4,138,-9.3045
2008,9,2,5,207,-12.2906
2008,9,3,1,81,-12.7880
2008,9,3,2,146,-9.5482
2008,9,3,3,181,-7.4055
2008,9,3,4,152,-7.6713
2008,9,3,5,168,-14.5840
2008,10,1,1,817,-29.3972
2008,10,1,2,307,-24.3712
2008,10,1,3,215,-25.4106
2008,10,1,4,209,-18.8267
2008,10,1,5,275,-19.6921
2008,10,2,1,124,-27.3134
2008,10,2,2,134,-25.0197
2008,10,2,3,115,-23.1903
2008,10,2,4,126,-19.5591
2008,10,2,5,208,-20.0981
2008,10,3,1,92,-21.3358
2008,10,3,2,163,-18.7578
2008,10,3,3,162,-15.7425
2008,10,3,4,161,-14.3099
2008,10,3,5,145,-12.4003
2008,11,1,1,750,-19.5830
2008,11,1,2,321,-16.9849
2008,11,1,3,223,-16.0946
2008,11,1,4,184,-17.6484
2008,11,1,5,273,-12.0324
2008,11,2,1,125,-19.4703
2008,11,2,2,127,-15.0771
2008,11,2,3,130,-12.9696
2008,11,2,4,144,-12.9128
2008,11,2,5,233,-9.9310
2008,11,3,1,78,-13.5979
2008,11,3,2,154,-9.4183
2008,11,3,3,179,-5.0847
2008,11,3,4,158,-3.2198
2008,11,3,5,168,-6.5282
2008,12,1,1,766,7.1046
2008,12,1,2,344,5.8610
2008,12,1,3,236,2.8984
2008,12,1,4,165,5.9075
2008,12,1,5,242,3.8415
2008,12,2,1,107,10.7699
2008,12,2,2,145,8.8637
2008,12,2,3,145,5.5608
2008,12,2,4,151,5.2882
2008,12,2,5,210,3.4784
2008,12,3,1,66,8.7942
2008,12,3,2,137,2.7678
2008,12,3,3,154,2.6645
2008,12,3,4,197,1.0044
2008,12,3,5,190,0.2505
2009,1,1,1,798,-3.4179
2009,1,1,2,333,-9.0620
2009,1,1,3,188,-9.4872
2009,1,1,4,155,-9.1640
2009,1,1,5,266,-8.8326
2009,1,2,1,109,-7.2829
2009,1,2,2,141,-7.5685
2009,1,2,3,125,-8.1312
2009,1,2,4,126,-9.2789
2009,1,2,5,257,-7.6683
2009,1,3,1,65,-6.4891
2009,1,3,2,144,-7.0701
2009,1,3,3,173,-5.4551
2009,1,3,4,187,-5.2333
2009,1,3,5,173,-5.6938
2009,2,1,1,672,-18.1481
2009,2,1,2,336,-11.5110
2009,2,1,3,259,-12.3266
2009,2,1,4,189,-11.9827
2009,2,1,5,269,-10.5856
2009,2,2,1,104,-14.1813
2009,2,2,2,142,-13.5892
2009,2,2,3,140,-10.1275
2009,2,2,4,132,-11.9087
2009,2,2,5,258,-10.7383
2009,2,3,1,58,-16.4741
2009,2,3,2,130,-8.4324
2009,2,3,3,169,-10.6453
2009,2,3,4,195,-8.6308
2009,2,3,5,187,-7.0708
2009,3,1,1,599,19.8860
2009,3,1,2,356,12.7047
2009,3,1,3,196,9.4652
2009,3,1,4,236,7.5217
2009,3,1,5,282,4.7991
2009,3,2,1,100,17.7197
2009,3,2,2,146,11.9386
2009,3,2,3,149,12.4350
2009,3,2,4,141,8.2941
2009,3,2,5,271,7.9384
2009,3,3,1,42,16.6688
2009,3,3,2,116,10.4753
2009,3,3,3,170,10.1522
2009,3,3,4,215,6.3092
2009,3,3,5,204,7.0150
2009,4,1,1,542,49.1768
2009,4,1,2,334,27.7904
2009,4,1,3,237,21.6384
2009,4,1,4,207,16.1534
2009,4,1,5,352,14.0832
2009,4,2,1,98,57.0480
2009,4,2,2,133,34.4958
2009,4,2,3,138,23.0398
2009,4,2,4,140,16.6192
2009,4,2,5,285,11.4942
2009,4,3,1,54,32.6566
2009,4,3,2,121,20.3928
2009,4,3,3,171,13.3243
2009,4,3,4,212,3.9207
2009,4,3,5,186,0.6826
2009,5,1,1,591,22.0145
2009,5,1,2,297,8.4665
2009,5,1,3,225,9.0387
2009,5,1,4,199,7.4868
2009,5,1,5,402,8.7413
2009,5,2,1,93,17.5722
2009,5,2,2,123,7.5717
2009,5,2,3,108,2.9091
2009,5,2,4,154,0.7743
2009,5,2,5,268,0.3491
2009,5,3,1,92,14.9894
2009,5,3,2,152,7.2387
2009,5,3,3,186,3.6370
2009,5,3,4,177,1.5136
2009,5,3,5,129,-1.5755
2009,6,1,1,544,5.4495
2009,6,1,2,257,6.4619
2009,6,1,3,189,7.6062
2009,6,1,4,247,6.0010
2009,6,1,5,462,6.8269
2009,6,2,1,101,-1.1446
2009,6,2,2,117,1.2920
2009,6,2,3,112,3.5919
2009,6,2,4,154,3.2670
2009,6,2,5,260,1.4253
2009,6,3,1,107,-5.4905
2009,6,3,2,160,-0.3644
2009,6,3,3,179,2.6532
2009,6,3,4,169,0.5371
2009,6,3,5,120,2.3741
2009,7,1,1,491,13.9695
2009,7,1,2,218,9.2264
2009,7,1,3,175,6.9572
2009,7,1,4,229,9.4936
2009,7,1,5,528,12.0643
2009,7,2,1,98,13.7850
2009,7,2,2,120,11.9270
2009,7,2,3,124,8.3662
2009,7,2,4,143,10.1136
2009,7,2,5,245,8.9702
2009,7,3,1,94,11.5439
2009,7,3,2,177,8.4008
2009,7,3,3,166,7.0306
2009,7,3,4,169,6.1586
2009,7,3,5,127,5.7844
2009,8,1,1,507,10.8299
2009,8,1,2,213,7.5044
2009,8,1,3,163,1.5351
2009,8,1,4,244,3.5731
2009,8,1,5,523,2.4099
2009,8,2,1,113,6.9344
2009,8,2,2,112,4.2069
2009,8,2,3,119,2.2635
2009,8,2,4,138,0.4198
2009,8,2,5,227,2.0435
2009,8,3,1,105,3.4758
2009,8,3,2,157,1.6756
2009,8,3,3,181,1.9690
2009,8,3,4,170,1.7866
2009,8,3,5,118,2.4307
2009,9,1,1,476,11.4457
2009,9,1,2,174,6.3219
2009,9,1,3,219,6.5328
2009,9,1,4,244,7.5461
2009,9,1,5,545,7.8820
2009,9,2,1,129,8.9716
2009,9,2,2,127,7.2473
2009,9,2,3,119,7.6647
2009,9,2,4,143,5.3482
2009,9,2,5,182,8.6519
2009,9,3,1,109,6.9983
2009,9,3,2,146,2.6263
2009,9,3,3,177,3.4136
2009,9,3,4,177,4.7060
2009,9,3,5,115,7.5108
2009,10,1,1,398,-6.4747
2009,10,1,2,227,-5.9206
2009,10,1,3,205,-7.0252
2009,10,1,4,306,-7.7193
2009,10,1,5,521,-11.6447
2009,10,2,1,118,-6.2923
2009,10,2,2,140,-4.8472
2009,10,2,3,115,-4.7674
2009,10,2,4,144,-6.7253
2009,10,2,5,176,-10.7241
2009,10,3,1,129,-0.9876
2009,10,3,2,156,-0.7513
2009,10,3,3,165,-1.6839
2009,10,3,4,177,-2.0063
2009,10,3,5,98,-4.5463
2009,11,1,1,345,-0.6671
2009,11,1,2,204,1.1527
2009,11,1,3,232,4.0107
2009,11,1,4,329,1.9097
2009,11,1,5,527,1.6719
2009,11,2,1,128,1.3359
2009,11,2,2,132,2.4339
2009,11,2,3,127,2.3253
2009,11,2,4,146,3.2188
2009,11,2,5,161,4.1513
2009,11,3,1,134,6.5025
2009,11,3,2,160,6.0668
2009,11,3,3,169,4.4945
2009,11,3,4,163,6.2238
2009,11,3,5,99,9.5596
2009,12,1,1,396,8.7019
2009,12,1,2,214,9.8526
2009,12,1,3,206,9.4412
2009,12,1,4,270,7.8757
2009,12,1,5,527,8.1457
2009,12,2,1,153,9.0752
2009,12,2,2,121,7.4892
2009,12,2,3,121,7.8513
2009,12,2,4,144,8.2690
2009,12,2,5,147,12.3002
2009,12,3,1,128,0.1395
2009,12,3,2,157,2.5695
2009,12,3,3,174,3.5696
2009,12,3,4,158,4.8304
2009,12,3,5,113,5.0648
2010,1,1,1,368,-2.1625
2010,1,1,2,234,-2.7602
2010,1,1,3,245,-2.3179
2010,1,1,4,277,-4.0715
2010,1,1,5,462,-3.5204
2010,1,2,1,123,-2.6479
2010,1,2,2,130,-1.8368
2010,1,2,3,139,-4.5020
2010,1,2,4,151,-4.8102
2010,1,2,5,155,-5.7888
2010,1,3,1,136,-1.9029
2010,1,3,2,167,-2.9609
2010,1,3,3,169,-4.2650
2010,1,3,4,147,-7.5333
2010,1,3,5,105,-6.6757
2010,2,1,1,350,1.6166
2010,2,1,2,232,4.8748
2010,2,1,3,217,3.5256
2010,2,1,4,326,5.2614
2010,2,1,5,458,7.0221
2010,2,2,1,122,2.8418
2010,2,2,2,139,4.8468
2010,2,2,3,132,3.5476
2010,2,2,4,141,5.7471
2010,2,2,5,145,6.5713
2010,2,3,1,157,0.9390
2010,2,3,2,172,2.9810
2010,2,3,3,163,4.6388
2010,2,3,4,152,5.5858
2010,2,3,5,88,7.0878
2010,3,1,1,386,8.8962
2010,3,1,2,216,7.9849
2010,3,1,3,232,7.5847
2010,3,1,4,281,7.3409
2010,3,1,5,454,9.8520
2010,3,2,1,133,7.8176
2010,3,2,2,140,8.3313
2010,3,2,3,124,6.4540
2010,3,2,4,142,7.2532
2010,3,2,5,140,9.8065
2010,3,3,1,149,4.7336
2010,3,3,2,179,4.2310
2010,3,3,3,161,5.9017
2010,3,3,4,145,8.9752
2010,3,3,5,90,9.4200
2010,4,1,1,435,7.1984
2010,4,1,2,175,5.9596
2010,4,1,3,202,7.9867
2010,4,1,4,227,6.0290
2010,4,1,5,517,11.1032
2010,4,2,1,131,4.9257
2010,4,2,2,130,5.7553
2010,4,2,3,115,6.4465
2010,4,2,4,133,5.3352
2010,4,2,5,152,7.3205
2010,4,3,1,121,0.8812
2010,4,3,2,167,0.7188
2010,4,3,3,175,2.1875
2010,4,3,4,169,3.2141
2010,4,3,5,107,2.4033
2010,5,1,1,461,-9.1072
2010,5,1,2,198,-7.8478
2010,5,1,3,196,-8.2091
2010,5,1,4,227,-8.1388
2010,5,1,5,469,-9.3354
2010,5,2,1,125,-7.4894
2010,5,2,2,110,-5.9144
2010,5,2,3,136,-8.0653
2010,5,2,4,137,-6.2727
2010,5,2,5,152,-7.6878
2010,5,3,1,145,-7.6192
2010,5,3,2,153,-6.6477
2010,5,3,3,168,-9.3281
2010,5,3,4,163,-6.3071
2010,5,3,5,101,-8.5233
2010,6,1,1,533,-7.3190
2010,6,1,2,187,-7.3148
2010,6,1,3,199,-5.5223
2010,6,1,4,222,-9.7559
2010,6,1,5,399,-10.2492
2010,6,2,1,136,-6.5477
2010,6,2,2,108,-6.2335
2010,6,2,3,120,-6.9199
2010,6,2,4,154,-7.6806
2010,6,2,5,138,-11.1784
2010,6,3,1,132,-3.1400
2010,6,3,2,164,-3.8992
2010,6,3,3,166,-5.6530
2010,6,3,4,168,-7.2175
2010,6,3,5,109,-8.6120
2010,7,1,1,499,7.7603
2010,7,1,2,215,7.2231
2010,7,1,3,148,7.0353
2010,7,1,4,188,7.3475
2010,7,1,5,451,6.5212
2010,7,2,1,136,6.9156
2010,7,2,2,124,6.1351
2010,7,2,3,109,7.3055
2010,7,2,4,144,7.0408
2010,7,2,5,164,9.5428
2010,7,3,1,114,7.3990
2010,7,3,2,159,7.0436
2010,7,3,3,161,8.0930
2010,7,3,4,181,5.3918
2010,7,3,5,122,6.0724
2010,8,1,1,541,-8.2808
2010,8,1,2,224,-9.5811
2010,8,1,3,142,-10.3251
2010,8,1,4,177,-6.1307
2010,8,1,5,405,-10.3921
2010,8,2,1,124,-9.2207
2010,8,2,2,130,-5.9032
2010,8,2,3,103,-5.4199
2010,8,2,4,141,-5.9039
2010,8,2,5,183,-6.8039
2010,8,3,1,122,-2.3309
2010,8,3,2,149,-4.5704
2010,8,3,3,145,-2.8706
2010,8,3,4,173,-4.7285
2010,8,3,5,142,-3.2931
2010,9,1,1,575,13.6739
2010,9,1,2,235,14.2189
2010,9,1,3,158,12.1571
2010,9,1,4,158,12.8957
2010,9,1,5,375,13.2594
2010,9,2,1,132,14.6782
2010,9,2,2,139,14.4874
2010,9,2,3,108,11.9322
2010,9,2,4,109,12.6427
2010,9,2,5,176,13.3497
2010,9,3,1,105,11.5897
2010,9,3,2,151,9.9327
2010,9,3,3,145,8.7605
2010,9,3,4,165,7.9002
2010,9,3,5,167,11.6263
2010,10,1,1,576,4.5238
2010,10,1,2,214,6.2641
2010,10,1,3,151,4.9226
2010,10,1,4,161,5.6934
2010,10,1,5,402,7.0074
2010,10,2,1,117,4.8197
2010,10,2,2,119,4.2013
2010,10,2,3,113,2.1290
2010,10,2,4,109,4.8127
2010,10,2,5,201,3.3714
2010,10,3,1,119,5.1592
2010,10,3,2,145,3.2122
2010,10,3,3,158,3.0152
2010,10,3,4,173,5.5494
2010,10,3,5,141,5.4332
2010,11,1,1,538,1.4264
2010,11,1,2,213,1.8118
2010,11,1,3,149,3.4592
2010,11,1,4,183,3.6164
2010,11,1,5,415,6.5157
2010,11,2,1,108,2.0449
2010,11,2,2,120,4.7295
2010,11,2,3,110,2.8507
2010,11,2,4,132,3.6274
2010,11,2,5,206,5.4594
2010,11,3,1,120,-0.9582
2010,11,3,2,147,-0.8199
2010,11,3,3,164,1.2045
2010,11,3,4,160,0.6624
2010,11,3,5,137,4.9922
2010,12,1,1,546,11.1181
2010,12,1,2,191,10.3544
2010,12,1,3,184,9.1341
2010,12,1,4,192,8.7015
2010,12,1,5,376,7.2107
2010,12,2,1,114,9.3836
2010,12,2,2,113,8.0847
2010,12,2,3,121,6.1836
2010,12,2,4,139,7.6738
2010,12,2,5,185,6.5079
2010,12,3,1,134,6.6262
2010,12,3,2,136,6.4074
2010,12,3,3,148,6.1417
2010,12,3,4,158,5.0818
2010,12,3,5,151,4.3553
2011,1,1,1,536,-1.3589
2011,1,1,2,190,-0.9735
2011,1,1,3,186,-1.6802
2011,1,1,4,209,-1.6291
2011,1,1,5,351,-0.9995
2011,1,2,1,107,0.1729
2011,1,2,2,125,0.4845
2011,1,2,3,126,-0.1097
2011,1,2,4,132,1.5387
2011,1,2,5,185,1.1005
2011,1,3,1,132,1.6814
2011,1,3,2,144,3.0262
2011,1,3,3,145,2.3267
2011,1,3,4,164,1.5844
2011,1,3,5,137,1.9038
2011,2,1,1,544,4.4780
2011,2,1,2,206,4.9456
2011,2,1,3,139,7.5815
2011,2,1,4,220,6.6050
2011,2,1,5,379,3.1871
2011,2,2,1,115,2.5166
2011,2,2,2,126,5.0374
2011,2,2,3,109,5.4473
2011,2,2,4,117,4.6745
2011,2,2,5,190,7.8192
2011,2,3,1,105,0.2933
2011,2,3,2,148,3.5195
2011,2,3,3,148,4.9606
2011,2,3,4,177,5.5339
2011,2,3,5,145,4.0890
2011,3,1,1,562,-0.8280
2011,3,1,2,224,2.0247
2011,3,1,3,156,2.5692
2011,3,1,4,177,5.8536
2011,3,1,5,386,2.5994
2011,3,2,1,118,0.5429
2011,3,2,2,108,1.6076
2011,3,2,3,116,3.3731
2011,3,2,4,113,3.3815
2011,3,2,5,181,4.9994
2011,3,3,1,111,-0.7062
2011,3,3,2,138,0.9259
2011,3,3,3,148,0.6271
2011,3,3,4,164,1.0546
2011,3,3,5,160,2.1850
2011,4,1,1,603,2.2884
2011,4,1,2,200,1.5034
2011,4,1,3,194,1.7917
2011,4,1,4,163,0.8876
2011,4,1,5,331,0.9139
2011,4,2,1,115,0.9524
2011,4,2,2,105,3.8453
2011,4,2,3,111,2.8408
2011,4,2,4,118,2.6001
2011,4,2,5,193,2.3009
2011,4,3,1,77,5.2037
2011,4,3,2,145,3.2747
2011,4,3,3,169,3.1875
2011,4,3,4,156,3.6632
2011,4,3,5,176,1.9385
2011,5,1,1,600,-3.0799
2011,5,1,2,252,-1.8827
2011,5,1,3,149,0.0189
2011,5,1,4,186,-3.0132
2011,5,1,5,300,-1.1695
2011,5,2,1,115,-1.8840
2011,5,2,2,107,0.5585
2011,5,2,3,120,-0.0796
2011,5,2,4,121,-1.0024
2011,5,2,5,179,-3.4025
2011,5,3,1,79,0.1728
2011,5,3,2,146,0.3708
2011,5,3,3,158,-0.4374
2011,5,3,4,171,-2.2562
2011,5,3,5,167,-2.9065
2011,6,1,1,610,-4.6847
2011,6,1,2,227,-1.8176
2011,6,1,3,181,-2.9046
2011,6,1,4,157,-1.6824
2011,6,1,5,292,-2.3983
2011,6,2,1,113,-3.0233
2011,6,2,2,108,-1.7044
2011,6,2,3,127,-1.0937
2011,6,2,4,133,-1.0463
2011,6,2,5,174,-1.8156
2011,6,3,1,91,-2.2233
2011,6,3,2,132,-1.5871
2011,6,3,3,169,-1.3494
2011,6,3,4,167,-1.9725
2011,6,3,5,158,-0.0352
2011,7,1,1,594,-2.9370
2011,7,1,2,193,-2.3357
2011,7,1,3,160,-3.0796
2011,7,1,4,171,-1.1450
2011,7,1,5,323,-3.8520
2011,7,2,1,111,-6.2703
2011,7,2,2,112,-3.7735
2011,7,2,3,123,-4.8476
2011,7,2,4,139,-4.5008
2011,7,2,5,183,-4.2982
2011,7,3,1,77,0.1155
2011,7,3,2,143,-3.9351
2011,7,3,3,167,-0.5882
2011,7,3,4,176,-3.5960
2011,7,3,5,158,0.1515
2011,8,1,1,532,-11.9064
2011,8,1,2,210,-9.9431
2011,8,1,3,175,-11.1057
2011,8,1,4,200,-9.8472
2011,8,1,5,333,-12.3270
2011,8,2,1,115,-8.8440
2011,8,2,2,105,-6.3263
2011,8,2,3,120,-7.6531
2011,8,2,4,150,-9.3920
2011,8,2,5,171,-10.7690
2011,8,3,1,100,-1.9364
2011,8,3,2,140,-2.7673
2011,8,3,3,174,-5.5499
2011,8,3,4,161,-6.2688
2011,8,3,5,142,-8.7598
2011,9,1,1,593,-11.7435
2011,9,1,2,197,-10.2810
2011,9,1,3,126,-10.9080
2011,9,1,4,162,-11.3727
2011,9,1,5,372,-13.4552
2011,9,2,1,125,-13.7511
2011,9,2,2,131,-9.4532
2011,9,2,3,105,-11.4852
2011,9,2,4,114,-9.9835
2011,9,2,5,174,-12.5567
2011,9,3,1,75,-8.5450
2011,9,3,2,141,-6.1969
2011,9,3,3,170,-5.4808
2011,9,3,4,171,-5.7654
2011,9,3,5,165,-9.2976
2011,10,1,1,553,14.6873
2011,10,1,2,198,14.9009
2011,10,1,3,178,14.9364
2011,10,1,4,155,14.4000
2011,10,1,5,356,14.8238
2011,10,2,1,128,17.8286
2011,10,2,2,123,17.8136
2011,10,2,3,122,17.4683
2011,10,2,4,121,15.8976
2011,10,2,5,156,15.9407
2011,10,3,1,73,18.8803
2011,10,3,2,123,15.3593
2011,10,3,3,162,11.3787
2011,10,3,4,187,8.4964
2011,10,3,5,181,7.7335
2011,11,1,1,638,-6.0816
2011,11,1,2,186,-1.2999
2011,11,1,3,182,-1.0451
2011,11,1,4,132,0.3436
2011,11,1,5,306,-0.0409
2011,11,2,1,124,-0.7322
2011,11,2,2,135,-0.1812
2011,11,2,3,115,-0.5889
2011,11,2,4,105,1.0148
2011,11,2,5,172,-0.5277
2011,11,3,1,69,-3.7329
2011,11,3,2,119,0.2798
2011,11,3,3,173,0.4765
2011,11,3,4,192,1.3668
2011,11,3,5,169,-0.5135
2011,12,1,1,622,-0.1249
2011,12,1,2,251,1.8742
2011,12,1,3,176,0.4164
2011,12,1,4,118,1.7809
2011,12,1,5,269,0.8391
2011,12,2,1,112,-1.4429
2011,12,2,2,151,-0.1521
2011,12,2,3,105,-0.0028
2011,12,2,4,112,0.7438
2011,12,2,5,167,0.1642
2011,12,3,1,65,-3.7605
2011,12,3,2,111,1.0166
2011,12,3,3,174,-0.3590
2011,12,3,4,197,2.2388
2011,12,3,5,177,-0.0485
2012,1,1,1,614,13.7064
2012,1,1,2,258,9.9484
2012,1,1,3,161,6.9797
2012,1,1,4,145,5.5973
2012,1,1,5,240,6.1423
2012,1,2,1,117,13.6171
2012,1,2,2,124,8.6414
2012,1,2,3,115,7.5033
2012,1,2,4,134,6.2089
2012,1,2,5,170,6.0573
2012,1,3,1,79,11.0632
2012,1,3,2,123,9.9099
2012,1,3,3,168,6.9036
2012,1,3,4,182,1.8792
2012,1,3,5,167,0.6737
2012,2,1,1,621,2.6977
2012,2,1,2,217,2.0193
2012,2,1,3,166,-0.9355
2012,2,1,4,143,1.2899
2012,2,1,5,275,1.9432
2012,2,2,1,120,4.6157
2012,2,2,2,132,4.2644
2012,2,2,3,110,2.9209
2012,2,2,4,115,2.5319
2012,2,2,5,176,3.6401
2012,2,3,1,83,5.3686
2012,2,3,2,131,4.0403
2012,2,3,3,164,3.6237
2012,2,3,4,168,2.8835
2012,2,3,5,174,5.7314
2012,3,1,1,596,1.5191
2012,3,1,2,263,1.8637
2012,3,1,3,143,1.8951
2012,3,1,4,143,2.6059
2012,3,1,5,276,7.2643
2012,3,2,1,131,1.7652
2012,3,2,2,124,1.8111
2012,3,2,3,124,2.0949
2012,3,2,4,99,1.5782
2012,3,2,5,164,2.8098
2012,3,3,1,71,-3.1508
2012,3,3,2,131,0.6023
2012,3,3,3,165,1.9615
2012,3,3,4,170,2.4257
2012,3,3,5,187,4.6905
2012,4,1,1,558,-4.4963
2012,4,1,2,255,-2.8370
2012,4,1,3,137,-3.2875
2012,4,1,4,155,-2.1890
2012,4,1,5,309,-1.0957
2012,4,2,1,122,-3.5526
2012,4,2,2,126,-1.1124
2012,4,2,3,110,-0.9878
2012,4,2,4,119,-1.6063
2012,4,2,5,159,-0.1102
2012,4,3,1,84,-3.0033
2012,4,3,2,137,-1.4976
2012,4,3,3,153,-0.6432
2012,4,3,4,177,0.7045
2012,4,3,5,178,-0.1848
2012,5,1,1,582,-9.5498
2012,5,1,2,213,-9.1361
2012,5,1,3,162,-7.6239
2012,5,1,4,162,-5.7683
2012,5,1,5,291,-5.6029
2012,5,2,1,127,-10.6464
2012,5,2,2,128,-8.5289
2012,5,2,3,101,-6.6580
2012,5,2,4,120,-5.0796
2012,5,2,5,152,-5.9440
2012,5,3,1,94,-10.9330
2012,5,3,2,133,-7.2122
2012,5,3,3,153,-6.4599
2012,5,3,4,185,-2.4676
2012,5,3,5,172,-5.8503
2012,6,1,1,542,6.0771
2012,6,1,2,221,5.3137
2012,6,1,3,190,8.5252
2012,6,1,4,174,5.6342
2012,6,1,5,263,6.3932
2012,6,2,1,132,5.1444
2012,6,2,2,128,4.5971
2012,6,2,3,102,4.5580
2012,6,2,4,123,4.0711
2012,6,2,5,153,4.3796
2012,6,3,1,94,1.0030
2012,6,3,2,135,3.2764
2012,6,3,3,150,4.8690
2012,6,3,4,190,4.2371
2012,6,3,5,175,2.5664
2012,7,1,1,529,-2.9373
2012,7,1,2,239,-2.1929
2012,7,1,3,171,-1.9166
2012,7,1,4,159,-2.6030
2012,7,1,5,288,-1.6534
2012,7,2,1,124,-4.5447
2012,7,2,2,133,-2.7732
2012,7,2,3,109,0.0921
2012,7,2,4,117,-1.1980
2012,7,2,5,157,-0.8523
2012,7,3,1,85,-0.4810
2012,7,3,2,139,2.4839
2012,7,3,3,153,0.9433
2012,7,3,4,180,1.0581
2012,7,3,5,183,2.2427
2012,8,1,1,528,4.0524
2012,8,1,2,235,2.6797
2012,8,1,3,142,2.6570
2012,8,1,4,180,1.3481
2012,8,1,5,282,2.9770
2012,8,2,1,147,6.1186
2012,8,2,2,122,3.7744
2012,8,2,3,92,3.0968
2012,8,2,4,118,3.5362
2012,8,2,5,171,2.6115
2012,8,3,1,89,3.7307
2012,8,3,2,139,2.9867
2012,8,3,3,169,1.7583
2012,8,3,4,191,1.4681
2012,8,3,5,145,3.0876
2012,9,1,1,573,6.1743
2012,9,1,2,185,3.6232
2012,9,1,3,156,4.4818
2012,9,1,4,171,3.6014
2012,9,1,5,274,5.0120
2012,9,2,1,142,2.5427
2012,9,2,2,107,3.0249
2012,9,2,3,112,3.3618
2012,9,2,4,124,3.4383
2012,9,2,5,161,2.9764
2012,9,3,1,100,2.6611
2012,9,3,2,168,2.3131
2012,9,3,3,163,1.8609
2012,9,3,4,177,3.7079
2012,9,3,5,126,2.0602
2012,10,1,1,507,-6.3356
2012,10,1,2,184,-3.3025
2012,10,1,3,147,-5.7605
2012,10,1,4,177,-2.4834
2012,10,1,5,335,-2.9588
2012,10,2,1,154,-1.7228
2012,10,2,2,112,-2.2085
2012,10,2,3,106,-0.9705
2012,10,2,4,116,-1.0226
2012,10,2,5,160,-2.5023
2012,10,3,1,106,-1.6791
2012,10,3,2,154,-1.4895
2012,10,3,3,158,-1.8148
2012,10,3,4,178,-1.9761
2012,10,3,5,132,-4.7194
2012,11,1,1,493,1.1217
2012,11,1,2,189,-0.3715
2012,11,1,3,166,-0.2480
2012,11,1,4,195,0.0889
2012,11,1,5,311,1.8034
2012,11,2,1,152,1.4523
2012,11,2,2,117,0.0458
2012,11,2,3,94,1.8617
2012,11,2,4,130,0.9818
2012,11,2,5,144,1.7714
2012,11,3,1,105,-1.2316
2012,11,3,2,151,1.5493
2012,11,3,3,178,0.7250
2012,11,3,4,170,1.1278
2012,11,3,5,128,1.8964
2012,12,1,1,525,3.9773
2012,12,1,2,190,4.5356
2012,12,1,3,142,4.3125
2012,12,1,4,186,3.4730
2012,12,1,5,305,1.5519
2012,12,2,1,149,4.9981
2012,12,2,2,118,4.2353
2012,12,2,3,100,4.2175
2012,12,2,4,138,2.5261
2012,12,2,5,134,2.9186
2012,12,3,1,95,3.1160
2012,12,3,2,141,0.9955
2012,12,3,3,186,0.7270
2012,12,3,4,173,0.4935
2012,12,3,5,137,-2.4084
2013,1,1,1,588,6.6278
2013,1,1,2,171,4.5175
2013,1,1,3,151,3.6814
2013,1,1,4,156,5.8893
2013,1,1,5,272,6.8654
2013,1,2,1,169,7.3374
2013,1,2,2,113,6.1005
2013,1,2,3,92,5.6843
2013,1,2,4,124,5.5769
2013,1,2,5,133,7.4420
2013,1,3,1,106,7.3768
2013,1,3,2,145,6.4885
2013,1,3,3,175,5.8521
2013,1,3,4,177,2.4901
2013,1,3,5,128,6.9231
2013,2,1,1,580,-0.6611
2013,2,1,2,194,1.0256
2013,2,1,3,128,0.7199
2013,2,1,4,155,-1.0205
2013,2,1,5,282,1.3601
2013,2,2,1,158,1.4643
2013,2,2,2,121,1.1829
2013,2,2,3,96,0.7079
2013,2,2,4,120,1.1021
2013,2,2,5,143,1.8184
2013,2,3,1,104,-1.1326
2013,2,3,2,165,1.2482
2013,2,3,3,165,1.9657
2013,2,3,4,166,1.9714
2013,2,3,5,126,2.2207
2013,3,1,1,600,3.0180
2013,3,1,2,223,3.5829
2013,3,1,3,117,6.9216
2013,3,1,4,143,4.9379
2013,3,1,5,261,8.2715
2013,3,2,1,159,3.5290
2013,3,2,2,139,4.3282
2013,3,2,3,84,5.1899
2013,3,2,4,108,5.6921
2013,3,2,5,147,6.5143
2013,3,3,1,112,2.7565
2013,3,3,2,144,3.4591
2013,3,3,3,165,4.3605
2013,3,3,4,174,3.1583
2013,3,3,5,132,6.0656
2013,4,1,1,622,-0.9586
2013,4,1,2,170,0.3242
2013,4,1,3,114,-1.0918
2013,4,1,4,146,-0.8762
2013,4,1,5,289,3.5540
2013,4,2,1,151,-0.0834
2013,4,2,2,120,-1.2837
2013,4,2,3,94,-1.7113
2013,4,2,4,106,-1.2852
2013,4,2,5,162,-0.5117
2013,4,3,1,109,3.0442
2013,4,3,2,154,0.5262
2013,4,3,3,172,1.4572
2013,4,3,4,163,2.2226
2013,4,3,5,134,1.7176
2013,5,1,1,625,6.9009
2013,5,1,2,164,6.4408
2013,5,1,3,115,7.0966
2013,5,1,4,147,5.6116
2013,5,1,5,275,3.1132
2013,5,2,1,153,7.0315
2013,5,2,2,130,6.7737
2013,5,2,3,91,3.0311
2013,5,2,4,116,4.9471
2013,5,2,5,155,4.5819
2013,5,3,1,102,2.5242
2013,5,3,2,168,0.9448
2013,5,3,3,180,2.2704
2013,5,3,4,158,0.5517
2013,5,3,5,126,4.5271
2013,6,1,1,597,0.5901
2013,6,1,2,161,-0.1124
2013,6,1,3,142,1.4351
2013,6,1,4,136,0.8204
2013,6,1,5,282,0.9165
2013,6,2,1,137,-2.4351
2013,6,2,2,129,0.5648
2013,6,2,3,115,-0.2499
2013,6,2,4,105,-0.2920
2013,6,2,5,147,-0.0542
2013,6,3,1,109,-2.5046
2013,6,3,2,160,-1.3637
2013,6,3,3,173,-0.6044
2013,6,3,4,171,-0.7116
2013,6,3,5,132,-3.0515
2013,7,1,1,536,8.1277
2013,7,1,2,163,8.4023
2013,7,1,3,121,9.7494
2013,7,1,4,153,7.2023
2013,7,1,5,323,7.6195
2013,7,2,1,124,6.0593
2013,7,2,2,114,6.7475
2013,7,2,3,111,6.8169
2013,7,2,4,136,6.6910
2013,7,2,5,155,8.4787
2013,7,3,1,120,4.5993
2013,7,3,2,167,4.5737
2013,7,3,3,174,5.7518
2013,7,3,4,155,4.8164
2013,7,3,5,116,9.0952
2013,8,1,1,505,-1.9215
2013,8,1,2,175,-3.5749
2013,8,1,3,116,-4.1613
2013,8,1,4,163,-2.5542
2013,8,1,5,328,-2.5073
2013,8,2,1,132,-2.3636
2013,8,2,2,103,-3.7271
2013,8,2,3,112,-3.0546
2013,8,2,4,125,-3.1503
2013,8,2,5,173,-0.6232
2013,8,3,1,129,-1.1904
2013,8,3,2,160,-2.9782
2013,8,3,3,160,-3.0822
2013,8,3,4,159,-2.7713
2013,8,3,5,124,-1.5222
2013,9,1,1,481,6.2038
2013,9,1,2,171,5.9585
2013,9,1,3,145,6.4727
2013,9,1,4,131,6.0216
2013,9,1,5,345,7.0168
2013,9,2,1,127,4.7548
2013,9,2,2,117,5.6633
2013,9,2,3,104,6.4311
2013,9,2,4,110,6.9899
2013,9,2,5,177,7.9258
2013,9,3,1,106,1.0635
2013,9,3,2,163,2.5963
2013,9,3,3,172,3.6865
2013,9,3,4,160,5.6091
2013,9,3,5,143,8.0555
2013,10,1,1,418,2.2419
2013,10,1,2,195,3.5557
2013,10,1,3,161,4.5858
2013,10,1,4,180,2.7405
2013,10,1,5,328,-0.1182
2013,10,2,1,107,1.4151
2013,10,2,2,113,4.3451
2013,10,2,3,107,2.3512
2013,10,2,4,118,3.2704
2013,10,2,5,187,2.2064
2013,10,3,1,106,3.3396
2013,10,3,2,154,4.8897
2013,10,3,3,184,6.0269
2013,10,3,4,163,3.6540
2013,10,3,5,136,3.6181
2013,11,1,1,428,6.2632
2013,11,1,2,175,4.9751
2013,11,1,3,128,5.3027
2013,11,1,4,192,6.0775
2013,11,1,5,350,5.8194
2013,11,2,1,111,4.9364
2013,11,2,2,115,2.6437
2013,11,2,3,92,5.8415
2013,11,2,4,134,3.4111
2013,11,2,5,187,3.3454
2013,11,3,1,120,3.5735
2013,11,3,2,144,1.4341
2013,11,3,3,172,2.4965
2013,11,3,4,160,2.5407
2013,11,3,5,138,2.1942
2013,12,1,1,396,3.0967
2013,12,1,2,179,2.4275
2013,12,1,3,124,2.9615
2013,12,1,4,171,2.1376
2013,12,1,5,391,2.9671
2013,12,2,1,115,3.3659
2013,12,2,2,102,2.0148
2013,12,2,3,95,2.7163
2013,12,2,4,130,2.0766
2013,12,2,5,190,3.0747
2013,12,3,1,104,3.9141
2013,12,3,2,154,1.9251
2013,12,3,3,170,1.4851
2013,12,3,4,171,3.4198
2013,12,3,5,141,3.0088
2014,1,1,1,401,-0.3766
2014,1,1,2,157,0.1963
2014,1,1,3,143,-1.9845
2014,1,1,4,164,-3.4939
2014,1,1,5,393,-0.2175
2014,1,2,1,110,-4.8765
2014,1,2,2,109,-2.6999
2014,1,2,3,89,-3.5340
2014,1,2,4,124,-4.2019
2014,1,2,5,198,-1.3336
2014,1,3,1,116,-2.2049
2014,1,3,2,144,-4.4236
2014,1,3,3,165,-4.9452
2014,1,3,4,167,-2.9187
2014,1,3,5,146,1.1561
2014,2,1,1,352,4.5261
2014,2,1,2,149,1.2440
2014,2,1,3,138,4.3607
2014,2,1,4,193,6.4425
2014,2,1,5,416,4.6992
2014,2,2,1,105,5.1064
2014,2,2,2,96,3.3357
2014,2,2,3,109,5.0437
2014,2,2,4,129,5.0117
2014,2,2,5,195,5.9728
2014,2,3,1,106,3.4870
2014,2,3,2,153,3.8929
2014,2,3,3,162,5.3945
2014,2,3,4,156,4.6718
2014,2,3,5,159,7.8923
2014,3,1,1,348,-0.7473
2014,3,1,2,170,1.3383
2014,3,1,3,154,2.8685
2014,3,1,4,145,-0.8190
2014,3,1,5,420,-0.7997
2014,3,2,1,110,0.9089
2014,3,2,2,101,0.8334
2014,3,2,3,110,0.7399
2014,3,2,4,120,1.2287
2014,3,2,5,194,-2.1046
2014,3,3,1,104,2.7713
2014,3,3,2,145,1.9797
2014,3,3,3,155,1.1702
2014,3,3,4,173,-0.3039
2014,3,3,5,164,-5.4608
2014,4,1,1,352,-5.8928
2014,4,1,2,168,-5.5478
2014,4,1,3,164,-4.7295
2014,4,1,4,171,-4.7151
2014,4,1,5,392,-6.0865
2014,4,2,1,106,-1.1459
2014,4,2,2,102,-1.2803
2014,4,2,3,101,-1.9704
2014,4,2,4,141,-4.0394
2014,4,2,5,182,-5.1855
2014,4,3,1,115,2.8101
2014,4,3,2,160,1.9963
2014,4,3,3,144,1.6804
2014,4,3,4,179,-1.3163
2014,4,3,5,142,-2.1993
2014,5,1,1,447,-1.5076
2014,5,1,2,160,0.1934
2014,5,1,3,131,-1.0873
2014,5,1,4,134,0.6338
2014,5,1,5,376,-1.5060
2014,5,2,1,139,-0.3523
2014,5,2,2,107,1.9134
2014,5,2,3,110,1.1658
2014,5,2,4,114,0.6163
2014,5,2,5,170,-0.7960
2014,5,3,1,96,0.9870
2014,5,3,2,159,1.1744
2014,5,3,3,150,1.5003
2014,5,3,4,177,3.6649
2014,5,3,5,160,3.6440
2014,6,1,1,478,6.2273
2014,6,1,2,169,4.3580
2014,6,1,3,125,4.9557
2014,6,1,4,125,4.7253
2014,6,1,5,346,6.5526
2014,6,2,1,148,6.2654
2014,6,2,2,129,4.1563
2014,6,2,3,113,4.6113
2014,6,2,4,115,4.1226
2014,6,2,5,150,8.5309
2014,6,3,1,90,2.3250
2014,6,3,2,154,1.4057
2014,6,3,3,157,2.3661
2014,6,3,4,174,2.0789
2014,6,3,5,166,3.4932
2014,7,1,1,495,-6.3498
2014,7,1,2,155,-6.0670
2014,7,1,3,107,-5.4665
2014,7,1,4,142,-6.6442
2014,7,1,5,330,-7.8323
2014,7,2,1,136,-6.8763
2014,7,2,2,146,-5.5522
2014,7,2,3,102,-5.9139
2014,7,2,4,112,-6.0061
2014,7,2,5,160,-5.5497
2014,7,3,1,86,0.2661
2014,7,3,2,148,-1.7433
2014,7,3,3,184,-3.1047
2014,7,3,4,173,-0.8710
2014,7,3,5,165,-1.8419
2014,8,1,1,487,2.6263
2014,8,1,2,169,3.3497
2014,8,1,3,120,4.2280
2014,8,1,4,112,4.0354
2014,8,1,5,334,6.2483
2014,8,2,1,162,4.5192
2014,8,2,2,148,4.7559
2014,8,2,3,95,4.0091
2014,8,2,4,106,5.4505
2014,8,2,5,148,6.2447
2014,8,3,1,83,6.2963
2014,8,3,2,134,3.6787
2014,8,3,3,170,4.6976
2014,8,3,4,196,3.3881
2014,8,3,5,180,5.3011
2014,9,1,1,498,-8.9470
2014,9,1,2,185,-7.2253
2014,9,1,3,119,-5.7168
2014,9,1,4,117,-7.2325
2014,9,1,5,315,-4.6737
2014,9,2,1,175,-7.5135
2014,9,2,2,143,-4.9308
2014,9,2,3,98,-6.3844
2014,9,2,4,94,-4.7069
2014,9,2,5,152,-4.5997
2014,9,3,1,69,-3.1626
2014,9,3,2,137,-1.8763
2014,9,3,3,173,-2.1026
2014,9,3,4,190,-1.7816
2014,9,3,5,192,-1.7680
2014,10,1,1,461,3.4709
2014,10,1,2,190,7.3156
2014,10,1,3,135,2.9944
2014,10,1,4,121,8.0167
2014,10,1,5,315,3.6480
2014,10,2,1,171,4.2363
2014,10,2,2,146,7.6434
2014,10,2,3,114,8.5315
2014,10,2,4,91,6.6575
2014,10,2,5,157,3.9485
2014,10,3,1,49,-0.3407
2014,10,3,2,136,0.6919
2014,10,3,3,186,1.7225
2014,10,3,4,181,2.8102
2014,10,3,5,212,2.6136
2014,11,1,1,487,-1.5806
2014,11,1,2,227,-2.0467
2014,11,1,3,123,-2.8427
2014,11,1,4,95,-0.1683
2014,11,1,5,272,-0.4891
2014,11,2,1,150,-1.7844
2014,11,2,2,150,0.2371
2014,11,2,3,119,0.7183
2014,11,2,4,94,-0.5650
2014,11,2,5,186,1.1730
2014,11,3,1,60,2.2458
2014,11,3,2,138,2.4455
2014,11,3,3,186,1.1987
2014,11,3,4,182,3.7103
2014,11,3,5,203,4.4406
2014,12,1,1,494,3.8252
2014,12,1,2,226,4.8905
2014,12,1,3,134,6.3572
2014,12,1,4,102,7.5457
2014,12,1,5,231,3.1356
2014,12,2,1,134,-0.4566
2014,12,2,2,165,1.2718
2014,12,2,3,140,2.5300
2014,12,2,4,99,1.9384
2014,12,2,5,168,2.9926
2014,12,3,1,55,-5.3169
2014,12,3,2,126,0.0069
2014,12,3,3,167,-0.7402
2014,12,3,4,207,0.3368
2014,12,3,5,224,-1.3088
2015,1,1,1,545,-6.7483
2015,1,1,2,204,-4.7870
2015,1,1,3,129,-4.4061
2015,1,1,4,88,-3.9765
2015,1,1,5,219,-4.0239
2015,1,2,1,135,-8.1760
2015,1,2,2,161,-5.6486
2015,1,2,3,131,-3.2618
2015,1,2,4,106,-0.9278
2015,1,2,5,175,-0.5002
2015,1,3,1,72,-1.0383
2015,1,3,2,138,-4.0855
2015,1,3,3,168,-1.3948
2015,1,3,4,197,-2.7855
2015,1,3,5,206,-0.9187
2015,2,1,1,495,10.3365
2015,2,1,2,241,5.8117
2015,2,1,3,133,5.0434
2015,2,1,4,120,5.4272
2015,2,1,5,209,4.0345
2015,2,2,1,132,10.8039
2015,2,2,2,160,8.6684
2015,2,2,3,140,6.4388
2015,2,2,4,100,4.6868
2015,2,2,5,167,6.5393
2015,2,3,1,67,11.5383
2015,2,3,2,137,6.6277
2015,2,3,3,165,6.8224
2015,2,3,4,194,5.2331
2015,2,3,5,219,4.1780
2015,3,1,1,544,-3.5993
2015,3,1,2,223,1.6136
2015,3,1,3,138,0.0309
2015,3,1,4,99,5.3791
2015,3,1,5,221,1.7634
2015,3,2,1,119,-1.6582
2015,3,2,2,152,0.8232
2015,3,2,3,130,1.7361
2015,3,2,4,114,1.5604
2015,3,2,5,178,2.5903
2015,3,3,1,67,-3.8029
2015,3,3,2,128,-2.1970
2015,3,3,3,154,-2.1013
2015,3,3,4,201,-1.1988
2015,3,3,5,229,-0.6881
2015,4,1,1,494,4.6974
2015,4,1,2,239,-0.3548
2015,4,1,3,126,-2.2579
2015,4,1,4,110,-2.1142
2015,4,1,5,265,-5.1664
2015,4,2,1,95,7.2613
2015,4,2,2,126,-0.1181
2015,4,2,3,125,-2.5770
2015,4,2,4,123,-3.9412
2015,4,2,5,214,-4.4361
2015,4,3,1,82,6.2985
2015,4,3,2,142,2.5273
2015,4,3,3,156,1.1848
2015,4,3,4,196,-0.5992
2015,4,3,5,208,-2.0879
2015,5,1,1,494,-1.7471
2015,5,1,2,201,0.6980
2015,5,1,3,129,-1.6364
2015,5,1,4,144,2.4145
2015,5,1,5,278,3.4358
2015,5,2,1,94,-2.0405
2015,5,2,2,133,0.4527
2015,5,2,3,131,0.9918
2015,5,2,4,125,0.9870
2015,5,2,5,202,6.2866
2015,5,3,1,81,-6.2601
2015,5,3,2,138,-0.9918
2015,5,3,3,147,0.3982
2015,5,3,4,211,2.5823
2015,5,3,5,202,3.1225
2015,6,1,1,477,-1.7136
2015,6,1,2,240,1.4643
2015,6,1,3,147,3.5794
2015,6,1,4,118,1.7244
2015,6,1,5,262,2.1441
2015,6,2,1,95,-3.5370
2015,6,2,2,161,0.2110
2015,6,2,3,116,-0.3369
2015,6,2,4,113,0.6154
2015,6,2,5,206,2.6388
2015,6,3,1,77,-4.3252
2015,6,3,2,134,-3.3819
2015,6,3,3,165,-2.8400
2015,6,3,4,183,-2.6978
2015,6,3,5,230,-0.3929
2015,7,1,1,426,-13.3652
2015,7,1,2,252,-6.6520
2015,7,1,3,160,-4.0070
2015,7,1,4,126,-5.3476
2015,7,1,5,288,-1.7454
2015,7,2,1,84,-13.1533
2015,7,2,2,135,-3.6301
2015,7,2,3,105,-1.4221
2015,7,2,4,129,-1.0656
2015,7,2,5,217,1.0514
2015,7,3,1,86,-10.2014
2015,7,3,2,150,1.2265
2015,7,3,3,184,1.8229
2015,7,3,4,166,4.1619
2015,7,3,5,208,3.8200
2015,8,1,1,421,-1.4313
2015,8,1,2,283,-7.7290
2015,8,1,3,180,-1.8663
2015,8,1,4,125,-5.7507
2015,8,1,5,254,-5.8241
2015,8,2,1,99,-4.1376
2015,8,2,2,113,-4.5275
2015,8,2,3,125,-4.9537
2015,8,2,4,106,-3.6403
2015,8,2,5,204,-8.4273
2015,8,3,1,80,-3.8339
2015,8,3,2,141,-6.2815
2015,8,3,3,159,-5.4533
2015,8,3,4,193,-6.3395
2015,8,3,5,231,-6.2546
2015,9,1,1,443,-13.1163
2015,9,1,2,249,-7.4751
2015,9,1,3,184,-5.7396
2015,9,1,4,119,-6.5211
2015,9,1,5,277,-7.7514
2015,9,2,1,101,-13.6943
2015,9,2,2,114,-6.3553
2015,9,2,3,113,-6.6364
2015,9,2,4,114,-5.1490
2015,9,2,5,207,-6.2561
2015,9,3,1,80,-8.2223
2015,9,3,2,165,-3.6235
2015,9,3,3,174,-1.2321
2015,9,3,4,190,-2.1284
2015,9,3,5,182,-2.2209
2015,10,1,1,451,8.0446
2015,10,1,2,225,5.2400
2015,10,1,3,158,8.3523
2015,10,1,4,156,4.2281
2015,10,1,5,270,4.2449
2015,10,2,1,104,11.1811
2015,10,2,2,146,6.7512
2015,10,2,3,126,6.9651
2015,10,2,4,92,4.6389
2015,10,2,5,190,4.4910
2015,10,3,1,74,12.7064
2015,10,3,2,136,8.6403
2015,10,3,3,171,7.4449
2015,10,3,4,207,8.5586
2015,10,3,5,214,7.6777
2015,11,1,1,491,3.2306
2015,11,1,2,190,0.5494
2015,11,1,3,157,4.9139
2015,11,1,4,161,4.0606
2015,11,1,5,260,5.1558
2015,11,2,1,107,3.9853
2015,11,2,2,135,2.1394
2015,11,2,3,111,2.9218
2015,11,2,4,102,3.7351
2015,11,2,5,202,5.7237
2015,11,3,1,75,-1.0227
2015,11,3,2,147,-1.5312
2015,11,3,3,185,-0.0039
2015,11,3,4,203,0.3429
2015,11,3,5,194,1.4502
2015,12,1,1,483,-7.5426
2015,12,1,2,213,-6.3920
2015,12,1,3,163,-2.7380
2015,12,1,4,136,-3.9907
2015,12,1,5,248,-5.7464
2015,12,2,1,110,-6.3467
2015,12,2,2,136,-5.7604
2015,12,2,3,105,-3.0195
2015,12,2,4,128,-6.0374
2015,12,2,5,206,-4.6264
2015,12,3,1,71,-5.1398
2015,12,3,2,150,-3.2305
2015,12,3,3,170,-0.7903
2015,12,3,4,199,-2.5409
2015,12,3,5,208,-0.3383
2016,1,1,1,483,-13.9322
2016,1,1,2,211,-12.9829
2016,1,1,3,147,-9.9255
2016,1,1,4,134,-9.1644
2016,1,1,5,260,-11.9742
2016,1,2,1,105,-11.0676
2016,1,2,2,121,-9.6908
2016,1,2,3,116,-7.6722
2016,1,2,4,135,-8.5278
2016,1,2,5,199,-12.2719
2016,1,3,1,71,-8.8684
2016,1,3,2,147,-3.5663
2016,1,3,3,169,-4.6151
2016,1,3,4,204,-4.5053
2016,1,3,5,211,-4.9363
2016,2,1,1,509,1.8226
2016,2,1,2,212,-0.0013
2016,2,1,3,155,-2.4504
2016,2,1,4,128,1.8553
2016,2,1,5,243,-0.0061
2016,2,2,1,111,4.0382
2016,2,2,2,137,2.6745
2016,2,2,3,127,1.8268
2016,2,2,4,113,-0.5423
2016,2,2,5,177,-1.9123
2016,2,3,1,64,4.5887
2016,2,3,2,140,2.6835
2016,2,3,3,191,1.8759
2016,2,3,4,208,0.1788
2016,2,3,5,189,-1.9963
2016,3,1,1,511,15.5116
2016,3,1,2,212,8.4291
2016,3,1,3,159,5.4840
2016,3,1,4,118,5.0720
2016,3,1,5,228,5.0737
2016,3,2,1,121,16.5262
2016,3,2,2,143,10.0395
2016,3,2,3,128,8.9485
2016,3,2,4,125,7.6194
2016,3,2,5,162,6.6081
2016,3,3,1,68,11.2960
2016,3,3,2,127,9.7357
2016,3,3,3,185,7.0800
2016,3,3,4,196,6.0857
2016,3,3,5,208,5.9919
2016,4,1,1,541,9.8599
2016,4,1,2,219,2.6478
2016,4,1,3,158,2.3995
2016,4,1,4,115,2.9338
2016,4,1,5,206,3.7329
2016,4,2,1,117,9.9997
2016,4,2,2,139,2.4827
2016,4,2,3,127,1.9247
2016,4,2,4,127,-0.5486
2016,4,2,5,170,1.3968
2016,4,3,1,75,9.3718
2016,4,3,2,132,-0.9979
2016,4,3,3,172,2.0766
2016,4,3,4,195,-0.5130
2016,4,3,5,200,-1.6220
2016,5,1,1,543,-1.4208
2016,5,1,2,248,-1.3174
2016,5,1,3,143,1.6743
2016,5,1,4,103,0.7100
2016,5,1,5,240,-2.8969
2016,5,2,1,135,0.1553
2016,5,2,2,142,1.4883
2016,5,2,3,106,1.7778
2016,5,2,4,127,1.6374
2016,5,2,5,143,2.1609
2016,5,3,1,95,4.0388
2016,5,3,2,133,2.1151
2016,5,3,3,182,0.4540
2016,5,3,4,176,1.6266
2016,5,3,5,174,2.3671
2016,6,1,1,605,-2.3481
2016,6,1,2,209,0.2925
2016,6,1,3,128,0.7314
2016,6,1,4,129,1.8214
2016,6,1,5,211,-0.4352
2016,6,2,1,141,-2.0524
2016,6,2,2,139,0.6154
2016,6,2,3,112,-1.0416
2016,6,2,4,125,1.5851
2016,6,2,5,132,1.1828
2016,6,3,1,81,-1.3953
2016,6,3,2,140,-2.0447
2016,6,3,3,165,0.2165
2016,6,3,4,181,3.1495
2016,6,3,5,195,0.7633
2016,7,1,1,560,6.2936
2016,7,1,2,216,6.4540
2016,7,1,3,154,5.5789
2016,7,1,4,129,4.1358
2016,7,1,5,214,5.1984
2016,7,2,1,138,8.9385
2016,7,2,2,138,6.4665
2016,7,2,3,111,5.9066
2016,7,2,4,110,4.8945
2016,7,2,5,151,4.7537
2016,7,3,1,103,8.7916
2016,7,3,2,151,5.6419
2016,7,3,3,173,3.5411
2016,7,3,4,180,2.6311
2016,7,3,5,143,2.5538
2016,8,1,1,562,4.0386
2016,8,1,2,221,3.5144
2016,8,1,3,135,2.0783
2016,8,1,4,114,1.4483
2016,8,1,5,238,3.3916
2016,8,2,1,134,1.0125
2016,8,2,2,120,2.2075
2016,8,2,3,111,0.4708
2016,8,2,4,106,1.6080
2016,8,2,5,170,0.2431
2016,8,3,1,102,1.9283
2016,8,3,2,162,0.2165
2016,8,3,3,160,0.4931
2016,8,3,4,181,-1.5917
2016,8,3,5,149,-0.5041
2016,9,1,1,562,6.7394
2016,9,1,2,196,2.7046
2016,9,1,3,120,3.5910
2016,9,1,4,138,4.2163
2016,9,1,5,272,3.9936
2016,9,2,1,131,1.5063
2016,9,2,2,116,-0.2269
2016,9,2,3,93,-1.2355
2016,9,2,4,120,1.1333
2016,9,2,5,166,4.3085
2016,9,3,1,106,0.6354
2016,9,3,2,169,0.4035
2016,9,3,3,177,-0.3931
2016,9,3,4,166,0.4538
2016,9,3,5,126,4.0406
2016,10,1,1,505,-8.3209
2016,10,1,2,193,-5.8194
2016,10,1,3,132,-5.2786
2016,10,1,4,132,-7.3367
2016,10,1,5,331,-8.5581
2016,10,2,1,129,-6.8942
2016,10,2,2,106,-4.8667
2016,10,2,3,91,-4.3187
2016,10,2,4,104,-5.7273
2016,10,2,5,177,-6.4207
2016,10,3,1,110,-2.1753
2016,10,3,2,170,-1.2046
2016,10,3,3,183,-2.1803
2016,10,3,4,168,-2.9642
2016,10,3,5,117,-5.2082
2016,11,1,1,558,10.3488
2016,11,1,2,179,12.1827
2016,11,1,3,124,10.6698
2016,11,1,4,130,8.9075
2016,11,1,5,304,10.8615
2016,11,2,1,150,8.3365
2016,11,2,2,114,12.9945
2016,11,2,3,102,13.4950
2016,11,2,4,85,9.1651
2016,11,2,5,155,9.4244
2016,11,3,1,103,5.8575
2016,11,3,2,157,3.1395
2016,11,3,3,168,4.1696
2016,11,3,4,190,0.6043
2016,11,3,5,130,5.3175
2016,12,1,1,543,2.1464
2016,12,1,2,151,2.6403
2016,12,1,3,141,5.1915
2016,12,1,4,167,4.4208
2016,12,1,5,280,0.8841
2016,12,2,1,142,1.1650
2016,12,2,2,83,2.2753
2016,12,2,3,99,1.6276
2016,12,2,4,129,2.3456
2016,12,2,5,154,-0.7394
2016,12,3,1,134,1.2825
2016,12,3,2,181,2.1812
2016,12,3,3,174,1.6324
2016,12,3,4,147,0.9150
2016,12,3,5,107,-2.0686
2017,1,1,1,520,-0.2750
2017,1,1,2,138,-2.6784
2017,1,1,3,145,-1.9618
2017,1,1,4,175,-2.1105
2017,1,1,5,309,-0.4874
2017,1,2,1,118,2.9262
2017,1,2,2,88,0.5416
2017,1,2,3,97,1.4647
2017,1,2,4,143,0.0849
2017,1,2,5,149,3.2039
2017,1,3,1,161,2.9041
2017,1,3,2,180,0.8912
2017,1,3,3,159,3.7356
2017,1,3,4,147,2.1401
2017,1,3,5,89,3.2140
2017,2,1,1,531,2.1383
2017,2,1,2,143,-0.7012
2017,2,1,3,146,2.2596
2017,2,1,4,149,2.9551
2017,2,1,5,322,0.1225
2017,2,2,1,112,1.4056
2017,2,2,2,88,3.3438
2017,2,2,3,97,1.6566
2017,2,2,4,150,1.2882
2017,2,2,5,140,0.8138
2017,2,3,1,138,2.9811
2017,2,3,2,192,4.2975
2017,2,3,3,160,4.0521
2017,2,3,4,135,2.5156
2017,2,3,5,111,-0.9245
2017,3,1,1,506,1.3967
2017,3,1,2,140,4.1823
2017,3,1,3,143,0.3151
2017,3,1,4,151,0.5176
2017,3,1,5,343,2.8296
2017,3,2,1,121,-0.5702
2017,3,2,2,89,2.2561
2017,3,2,3,92,0.6368
2017,3,2,4,108,1.4012
2017,3,2,5,171,1.2978
2017,3,3,1,120,-0.7445
2017,3,3,2,169,0.7929
2017,3,3,3,166,0.2550
2017,3,3,4,157,1.9259
2017,3,3,5,127,0.8406
2017,4,1,1,496,-1.4870
2017,4,1,2,152,2.0901
2017,4,1,3,118,4.4094
2017,4,1,4,136,4.3600
2017,4,1,5,357,0.5635
2017,4,2,1,121,-1.0659
2017,4,2,2,90,2.6264
2017,4,2,3,90,1.7492
2017,4,2,4,105,0.6119
2017,4,2,5,196,2.2712
2017,4,3,1,107,0.0195
2017,4,3,2,158,1.2669
2017,4,3,3,168,1.1828
2017,4,3,4,163,2.7366
2017,4,3,5,151,1.2820
2017,5,1,1,476,-4.2672
2017,5,1,2,132,-4.0814
2017,5,1,3,110,-1.1908
2017,5,1,4,173,-2.9561
2017,5,1,5,368,-2.8915
2017,5,2,1,125,-3.1698
2017,5,2,2,76,-2.6027
2017,5,2,3,98,0.4893
2017,5,2,4,115,-3.5112
2017,5,2,5,189,0.4366
2017,5,3,1,109,-1.3205
2017,5,3,2,167,0.6270
2017,5,3,3,171,1.2796
2017,5,3,4,162,3.3951
2017,5,3,5,133,5.0738
2017,6,1,1,470,7.6738
2017,6,1,2,161,5.1604
2017,6,1,3,117,5.6994
2017,6,1,4,164,4.3485
2017,6,1,5,359,5.4908
2017,6,2,1,102,2.6563
2017,6,2,2,103,2.6262
2017,6,2,3,100,3.1716
2017,6,2,4,99,2.0556
2017,6,2,5,184,4.3504
2017,6,3,1,104,0.1404
2017,6,3,2,140,0.3217
2017,6,3,3,151,0.6450
2017,6,3,4,171,-0.8226
2017,6,3,5,176,-2.0647
2017,7,1,1,466,-2.7135
2017,7,1,2,136,-2.6017
2017,7,1,3,107,1.5567
2017,7,1,4,145,0.5427
2017,7,1,5,368,-0.3694
2017,7,2,1,98,0.5296
2017,7,2,2,98,0.9119
2017,7,2,3,121,0.8659
2017,7,2,4,90,1.3429
2017,7,2,5,175,1.6618
2017,7,3,1,105,1.0711
2017,7,3,2,152,1.5506
2017,7,3,3,152,1.1271
2017,7,3,4,163,2.8072
2017,7,3,5,173,4.4346
2017,8,1,1,461,-5.2703
2017,8,1,2,178,-1.0527
2017,8,1,3,115,-0.2771
2017,8,1,4,140,0.4556
2017,8,1,5,329,1.8919
2017,8,2,1,101,-3.5367
2017,8,2,2,109,-3.2818
2017,8,2,3,89,-0.9089
2017,8,2,4,102,-1.3127
2017,8,2,5,186,0.9064
2017,8,3,1,84,-4.6511
2017,8,3,2,151,-0.6446
2017,8,3,3,153,0.8270
2017,8,3,4,162,1.4668
2017,8,3,5,190,2.9467
2017,9,1,1,464,10.9797
2017,9,1,2,208,8.8363
2017,9,1,3,119,7.4630
2017,9,1,4,106,6.5757
2017,9,1,5,301,9.7064
2017,9,2,1,115,7.6865
2017,9,2,2,117,6.9460
2017,9,2,3,89,5.5801
2017,9,2,4,102,6.6934
2017,9,2,5,187,5.8877
2017,9,3,1,73,3.6258
2017,9,3,2,134,3.3733
2017,9,3,3,168,1.2735
2017,9,3,4,164,1.5783
2017,9,3,5,200,0.6753
2017,10,1,1,452,-3.7870
2017,10,1,2,170,0.9789
2017,10,1,3,127,1.8943
2017,10,1,4,144,1.9237
2017,10,1,5,329,-0.8194
2017,10,2,1,103,-2.8503
2017,10,2,2,90,-0.8085
2017,10,2,3,104,1.0843
2017,10,2,4,106,0.6250
2017,10,2,5,192,1.9035
2017,10,3,1,93,-3.5332
2017,10,3,2,151,0.1599
2017,10,3,3,181,4.0898
2017,10,3,4,163,3.0076
2017,10,3,5,145,5.4055
2017,11,1,1,440,5.2329
2017,11,1,2,210,3.6988
2017,11,1,3,139,2.4678
2017,11,1,4,132,-0.6750
2017,11,1,5,299,3.7814
2017,11,2,1,115,3.2159
2017,11,2,2,120,3.5401
2017,11,2,3,92,3.5948
2017,11,2,4,96,4.2715
2017,11,2,5,174,1.5358
2017,11,3,1,80,4.1001
2017,11,3,2,138,3.8255
2017,11,3,3,165,3.7622
2017,11,3,4,154,2.7796
2017,11,3,5,195,2.0702
2017,12,1,1,436,1.9919
2017,12,1,2,212,-1.6456
2017,12,1,3,170,-0.6452
2017,12,1,4,105,0.1524
2017,12,1,5,284,1.1587
2017,12,2,1,108,1.8415
2017,12,2,2,116,-0.9853
2017,12,2,3,102,-0.3290
2017,12,2,4,108,0.8555
2017,12,2,5,171,1.5373
2017,12,3,1,70,4.0637
2017,12,3,2,122,2.4102
2017,12,3,3,179,1.1731
2017,12,3,4,169,0.9903
2017,12,3,5,189,-0.0692
2018,1,1,1,449,1.6243
2018,1,1,2,218,2.1732
2018,1,1,3,133,1.2194
2018,1,1,4,120,3.6437
2018,1,1,5,299,2.6195
2018,1,2,1,123,2.0951
2018,1,2,2,99,2.5823
2018,1,2,3,90,1.9223
2018,1,2,4,106,2.0643
2018,1,2,5,164,4.2223
2018,1,3,1,65,1.7590
2018,1,3,2,140,2.8901
2018,1,3,3,175,4.2206
2018,1,3,4,188,7.2069
2018,1,3,5,170,9.2440
2018,2,1,1,455,-4.4375
2018,2,1,2,182,-5.2237
2018,2,1,3,145,-4.3191
2018,2,1,4,122,-3.2880
2018,2,1,5,297,-2.3021
2018,2,2,1,126,-6.4333
2018,2,2,2,92,-5.0680
2018,2,2,3,108,-3.7776
2018,2,2,4,108,-4.2105
2018,2,2,5,165,-2.2413
2018,2,3,1,77,-7.9775
2018,2,3,2,132,-5.2420
2018,2,3,3,163,-6.1680
2018,2,3,4,179,-1.7067
2018,2,3,5,188,-1.9079
2018,3,1,1,467,1.2520
2018,3,1,2,168,0.6348
2018,3,1,3,165,3.1320
2018,3,1,4,115,4.7749
2018,3,1,5,284,1.1494
2018,3,2,1,133,-0.1283
2018,3,2,2,88,0.2542
2018,3,2,3,111,1.2007
2018,3,2,4,100,2.3962
2018,3,2,5,173,-0.5668
2018,3,3,1,68,-1.0313
2018,3,3,2,137,-0.5896
2018,3,3,3,161,-1.3362
2018,3,3,4,183,-3.6385
2018,3,3,5,190,-1.9822
2018,4,1,1,485,1.9017
2018,4,1,2,160,0.7257
2018,4,1,3,120,2.4323
2018,4,1,4,123,0.3135
2018,4,1,5,323,1.4309
2018,4,2,1,123,1.2395
2018,4,2,2,113,0.2293
2018,4,2,3,89,-0.1737
2018,4,2,4,118,-0.5228
2018,4,2,5,158,1.1074
2018,4,3,1,78,1.9729
2018,4,3,2,138,-1.7063
2018,4,3,3,165,0.7595
2018,4,3,4,163,-0.1284
2018,4,3,5,191,1.3199
2018,5,1,1,470,9.1875
2018,5,1,2,161,5.0229
2018,5,1,3,126,7.6844
2018,5,1,4,135,6.3445
2018,5,1,5,329,9.4510
2018,5,2,1,126,5.0288
2018,5,2,2,105,4.0770
2018,5,2,3,85,6.3221
2018,5,2,4,106,4.5946
2018,5,2,5,166,10.1700
2018,5,3,1,111,-0.9346
2018,5,3,2,138,1.3531
2018,5,3,3,167,4.2640
2018,5,3,4,151,2.8656
2018,5,3,5,168,5.9444
2018,6,1,1,449,1.4372
2018,6,1,2,176,1.1963
2018,6,1,3,141,1.0806
2018,6,1,4,130,1.6116
2018,6,1,5,305,1.8170
2018,6,2,1,121,4.3458
2018,6,2,2,103,2.3740
2018,6,2,3,102,1.3976
2018,6,2,4,114,0.9984
2018,6,2,5,174,1.1062
2018,6,3,1,113,3.7699
2018,6,3,2,129,1.1721
2018,6,3,3,145,0.5317
2018,6,3,4,183,0.7600
2018,6,3,5,167,-0.5856
2018,7,1,1,437,0.2184
2018,7,1,2,150,-0.6937
2018,7,1,3,117,0.5046
2018,7,1,4,136,0.3442
2018,7,1,5,333,-1.0414
2018,7,2,1,116,2.2892
2018,7,2,2,103,1.5936
2018,7,2,3,112,1.6797
2018,7,2,4,111,2.5214
2018,7,2,5,183,2.0350
2018,7,3,1,120,4.7015
2018,7,3,2,123,4.9185
2018,7,3,3,166,3.0943
2018,7,3,4,170,3.3809
2018,7,3,5,161,0.8995
2018,8,1,1,437,2.1118
2018,8,1,2,185,3.0556
2018,8,1,3,107,6.5512
2018,8,1,4,139,3.2664
2018,8,1,5,312,8.0895
2018,8,2,1,123,2.4954
2018,8,2,2,94,2.2809
2018,8,2,3,124,3.6980
2018,8,2,4,111,4.6634
2018,8,2,5,172,6.8837
2018,8,3,1,118,1.3942
2018,8,3,2,148,0.7124
2018,8,3,3,152,5.5342
2018,8,3,4,173,4.2847
2018,8,3,5,143,7.4271
2018,9,1,1,454,-3.3578
2018,9,1,2,171,-2.7578
2018,9,1,3,113,-1.1460
2018,9,1,4,145,-2.0421
2018,9,1,5,294,-4.4179
2018,9,2,1,121,-2.9097
2018,9,2,2,101,-1.6024
2018,9,2,3,94,-1.8618
2018,9,2,4,119,-1.6685
2018,9,2,5,184,-2.4267
2018,9,3,1,82,-0.6236
2018,9,3,2,150,0.6325
2018,9,3,3,154,1.6865
2018,9,3,4,176,0.8072
2018,9,3,5,181,0.4722
2018,10,1,1,428,-14.6084
2018,10,1,2,173,-10.5728
2018,10,1,3,138,-6.9558
2018,10,1,4,137,-12.1314
2018,10,1,5,297,-12.4598
2018,10,2,1,117,-13.5270
2018,10,2,2,109,-9.5347
2018,10,2,3,110,-8.2618
2018,10,2,4,114,-10.6789
2018,10,2,5,184,-13.4140
2018,10,3,1,86,-5.5429
2018,10,3,2,151,-5.6807
2018,10,3,3,169,-6.4271
2018,10,3,4,162,-7.2415
2018,10,3,5,178,-12.4075
2018,11,1,1,437,-1.3343
2018,11,1,2,180,-2.3376
2018,11,1,3,135,-2.2090
2018,11,1,4,127,0.0603
2018,11,1,5,303,-2.0666
2018,11,2,1,122,3.6811
2018,11,2,2,111,1.6755
2018,11,2,3,102,1.6825
2018,11,2,4,113,-1.0857
2018,11,2,5,190,1.4450
2018,11,3,1,79,2.2079
2018,11,3,2,140,3.0622
2018,11,3,3,170,3.7140
2018,11,3,4,176,2.2562
2018,11,3,5,181,-1.0714
2018,12,1,1,480,-17.8785
2018,12,1,2,173,-12.3653
2018,12,1,3,128,-9.4255
2018,12,1,4,116,-11.4805
2018,12,1,5,281,-13.1296
2018,12,2,1,114,-13.8987
2018,12,2,2,116,-13.1172
2018,12,2,3,104,-12.0218
2018,12,2,4,112,-11.4237
2018,12,2,5,177,-10.8408
2018,12,3,1,72,-11.2958
2018,12,3,2,132,-9.9221
2018,12,3,3,163,-8.7748
2018,12,3,4,186,-8.0234
2018,12,3,5,203,-8.2436
2019,1,1,1,469,19.9471
2019,1,1,2,161,13.9240
2019,1,1,3,147,8.6634
2019,1,1,4,129,10.2239
2019,1,1,5,261,22.4673
2019,1,2,1,109,20.5880
2019,1,2,2,130,14.9107
2019,1,2,3,110,10.3788
2019,1,2,4,106,9.2602
2019,1,2,5,174,8.6259
2019,1,3,1,74,16.9446
2019,1,3,2,132,13.9233
2019,1,3,3,168,7.9353
2019,1,3,4,192,6.3036
2019,1,3,5,192,6.4830
2019,2,1,1,465,7.8028
2019,2,1,2,160,4.2938
2019,2,1,3,146,5.0062
2019,2,1,4,101,6.7734
2019,2,1,5,303,5.6769
2019,2,2,1,115,4.9117
2019,2,2,2,105,4.8135
2019,2,2,3,118,5.4764
2019,2,2,4,94,5.8270
2019,2,2,5,190,5.3189
2019,2,3,1,83,1.9519
2019,2,3,2,126,3.1405
2019,2,3,3,177,3.2227
2019,2,3,4,194,3.5481
2019,2,3,5,173,5.2150
2019,3,1,1,476,-2.6544
2019,3,1,2,161,-1.7925
2019,3,1,3,152,-1.5984
2019,3,1,4,98,-0.9818
2019,3,1,5,289,-1.4194
2019,3,2,1,116,-1.8206
2019,3,2,2,108,-3.3784
2019,3,2,3,130,-0.8076
2019,3,2,4,86,-1.4083
2019,3,2,5,187,-1.0226
2019,3,3,1,73,2.4910
2019,3,3,2,136,0.5960
2019,3,3,3,165,3.2373
2019,3,3,4,187,2.8661
2019,3,3,5,191,0.7900
2019,4,1,1,455,0.8929
2019,4,1,2,187,3.1509
2019,4,1,3,165,1.4069
2019,4,1,4,88,1.3466
2019,4,1,5,281,0.6746
2019,4,2,1,106,3.3192
2019,4,2,2,112,4.2904
2019,4,2,3,128,4.3887
2019,4,2,4,110,2.3618
2019,4,2,5,160,0.7895
2019,4,3,1,56,6.9456
2019,4,3,2,127,2.7332
2019,4,3,3,168,3.5069
2019,4,3,4,194,4.1188
2019,4,3,5,215,3.5821
2019,5,1,1,501,-13.2126
2019,5,1,2,194,-9.5583
2019,5,1,3,146,-7.6535
2019,5,1,4,91,-9.0051
2019,5,1,5,247,-4.7416
2019,5,2,1,125,-16.1797
2019,5,2,2,131,-9.2474
2019,5,2,3,128,-10.9891
2019,5,2,4,95,-7.5373
2019,5,2,5,139,-6.6711
2019,5,3,1,53,-17.2050
2019,5,3,2,137,-10.9535
2019,5,3,3,141,-7.4473
2019,5,3,4,194,-7.0436
2019,5,3,5,236,-4.0416
2019,6,1,1,458,5.7972
2019,6,1,2,200,7.1877
2019,6,1,3,168,6.8352
2019,6,1,4,122,5.0327
2019,6,1,5,234,5.0394
2019,6,2,1,108,7.6567
2019,6,2,2,165,8.9468
2019,6,2,3,129,8.2222
2019,6,2,4,96,6.5635
2019,6,2,5,135,8.5499
2019,6,3,1,58,13.6317
2019,6,3,2,104,7.8735
2019,6,3,3,164,7.8807
2019,6,3,4,200,7.1672
2019,6,3,5,242,6.1863
2019,7,1,1,466,-4.6658
2019,7,1,2,223,-1.6805
2019,7,1,3,164,-0.3121
2019,7,1,4,97,-2.8161
2019,7,1,5,229,-1.5107
2019,7,2,1,120,-5.8594
2019,7,2,2,157,-0.9936
2019,7,2,3,135,-0.3211
2019,7,2,4,91,1.6770
2019,7,2,5,148,2.3320
2019,7,3,1,46,-0.0577
2019,7,3,2,117,3.8288
2019,7,3,3,162,-0.4563
2019,7,3,4,208,0.8684
2019,7,3,5,237,1.9562
2019,8,1,1,503,-11.0870
2019,8,1,2,237,-6.2191
2019,8,1,3,158,-5.0879
2019,8,1,4,104,-5.1451
2019,8,1,5,188,-4.8362
2019,8,2,1,122,-8.7494
2019,8,2,2,168,-7.7606
2019,8,2,3,111,-4.6152
2019,8,2,4,101,-4.3502
2019,8,2,5,132,-3.8019
2019,8,3,1,50,-11.9243
2019,8,3,2,112,-5.4282
2019,8,3,3,169,-2.0104
2019,8,3,4,195,-1.1668
2019,8,3,5,241,0.7418
2019,9,1,1,494,6.1603
2019,9,1,2,212,2.4658
2019,9,1,3,165,4.8641
2019,9,1,4,137,1.0402
2019,9,1,5,173,-3.6606
2019,9,2,1,132,5.6303
2019,9,2,2,150,5.3915
2019,9,2,3,136,3.0230
2019,9,2,4,97,3.1166
2019,9,2,5,129,-3.1222
2019,9,3,1,50,5.0361
2019,9,3,2,109,3.3965
2019,9,3,3,170,2.7412
2019,9,3,4,191,1.5184
2019,9,3,5,255,-0.6857
2019,10,1,1,537,-1.1684
2019,10,1,2,207,-0.9171
2019,10,1,3,143,0.7273
2019,10,1,4,92,3.1750
2019,10,1,5,215,2.7129
2019,10,2,1,137,-1.5236
2019,10,2,2,150,2.3840
2019,10,2,3,106,3.4282
2019,10,2,4,96,2.5684
2019,10,2,5,158,5.2370
2019,10,3,1,59,3.2319
2019,10,3,2,117,2.3895
2019,10,3,3,175,3.1568
2019,10,3,4,200,1.7500
2019,10,3,5,213,0.1491
2019,11,1,1,552,4.6583
2019,11,1,2,195,7.4630
2019,11,1,3,136,1.6239
2019,11,1,4,93,4.0404
2019,11,1,5,208,8.3568
2019,11,2,1,130,6.3086
2019,11,2,2,136,5.3720
2019,11,2,3,106,3.1369
2019,11,2,4,119,2.7279
2019,11,2,5,154,5.3060
2019,11,3,1,59,3.7726
2019,11,3,2,131,4.5496
2019,11,3,3,174,2.8209
2019,11,3,4,200,2.7664
2019,11,3,5,201,4.9768
2019,12,1,1,523,9.8272
2019,12,1,2,205,7.8321
2019,12,1,3,96,17.9686
2019,12,1,4,122,3.7439
2019,12,1,5,220,6.4564
2019,12,2,1,134,8.9201
2019,12,2,2,120,2.7366
2019,12,2,3,110,3.1128
2019,12,2,4,112,3.4665
2019,12,2,5,178,3.7223
2019,12,3,1,54,5.6540
2019,12,3,2,138,3.9995
2019,12,3,3,168,1.6481
2019,12,3,4,210,2.3981
2019,12,3,5,200,4.0812
2020,1,1,1,549,-6.2079
2020,1,1,2,230,-4.9157
2020,1,1,3,94,-5.8697
2020,1,1,4,84,-5.2985
2020,1,1,5,215,-1.5096
2020,1,2,1,128,-9.3898
2020,1,2,2,117,-4.6571
2020,1,2,3,116,-5.1678
2020,1,2,4,94,-0.0356
2020,1,2,5,181,-2.7876
2020,1,3,1,52,-9.1310
2020,1,3,2,140,-0.1870
2020,1,3,3,169,0.2566
2020,1,3,4,203,-0.5337
2020,1,3,5,202,4.4244
2020,2,1,1,508,-9.6550
2020,2,1,2,229,-8.5827
2020,2,1,3,143,-7.2106
2020,2,1,4,74,-7.7908
2020,2,1,5,214,-2.6598
2020,2,2,1,135,-9.7088
2020,2,2,2,142,-10.4395
2020,2,2,3,102,-10.9374
2020,2,2,4,102,-7.9021
2020,2,2,5,160,-6.6500
2020,2,3,1,49,-9.1031
2020,2,3,2,124,-8.8368
2020,2,3,3,172,-7.8595
2020,2,3,4,202,-7.8150
2020,2,3,5,224,-6.4822
2020,3,1,1,481,-31.4772
2020,3,1,2,262,-22.3904
2020,3,1,3,115,-17.3322
2020,3,1,4,89,-29.7189
2020,3,1,5,221,-21.7762
2020,3,2,1,123,-29.2534
2020,3,2,2,138,-22.0274
2020,3,2,3,103,-21.7622
2020,3,2,4,120,-19.5881
2020,3,2,5,156,-23.9025
2020,3,3,1,44,-31.3547
2020,3,3,2,136,-18.5602
2020,3,3,3,167,-11.1123
2020,3,3,4,191,-9.4506
2020,3,3,5,234,-9.1338
2020,4,1,1,424,38.2097
2020,4,1,2,230,25.4192
2020,4,1,3,156,18.6097
2020,4,1,4,92,14.0632
2020,4,1,5,218,16.9633
2020,4,2,1,108,38.5022
2020,4,2,2,147,19.6374
2020,4,2,3,137,18.0974
2020,4,2,4,120,13.2493
2020,4,2,5,155,16.8420
2020,4,3,1,28,20.2144
2020,4,3,2,112,21.7312
2020,4,3,3,172,13.5052
2020,4,3,4,214,12.1464
2020,4,3,5,276,13.5485
2020,5,1,1,482,11.5347
2020,5,1,2,166,6.2120
2020,5,1,3,149,6.0873
2020,5,1,4,98,8.0420
2020,5,1,5,247,6.5840
2020,5,2,1,109,8.4226
2020,5,2,2,135,6.5769
2020,5,2,3,120,6.6702
2020,5,2,4,112,10.9023
2020,5,2,5,190,10.3295
2020,5,3,1,43,2.1142
2020,5,3,2,137,5.7944
2020,5,3,3,162,3.9559
2020,5,3,4,198,6.4521
2020,5,3,5,247,5.9950
2020,6,1,1,395,11.3569
2020,6,1,2,193,3.9238
2020,6,1,3,129,5.1370
2020,6,1,4,138,4.4801
2020,6,1,5,282,7.3895
2020,6,2,1,106,4.8203
2020,6,2,2,128,2.7153
2020,6,2,3,105,3.3777
2020,6,2,4,125,3.7393
2020,6,2,5,185,5.9369
2020,6,3,1,42,6.9618
2020,6,3,2,131,-0.9759
2020,6,3,3,166,-2.4814
2020,6,3,4,210,0.0489
2020,6,3,5,266,7.2643
2020,7,1,1,330,1.4919
2020,7,1,2,178,3.1732
2020,7,1,3,120,3.7035
2020,7,1,4,146,1.6273
2020,7,1,5,336,4.8774
2020,7,2,1,124,0.2994
2020,7,2,2,113,3.6044
2020,7,2,3,104,3.6342
2020,7,2,4,104,5.0622
2020,7,2,5,213,6.2515
2020,7,3,1,57,-3.2215
2020,7,3,2,148,3.5437
2020,7,3,3,155,5.4553
2020,7,3,4,188,5.2935
2020,7,3,5,268,9.4998
2020,8,1,1,318,11.7213
2020,8,1,2,167,6.7418
2020,8,1,3,157,6.6128
2020,8,1,4,157,11.0080
2020,8,1,5,326,-1.1112
2020,8,2,1,115,8.5087
2020,8,2,2,104,7.4779
2020,8,2,3,106,5.7460
2020,8,2,4,118,4.0512
2020,8,2,5,193,3.4512
2020,8,3,1,68,4.8903
2020,8,3,2,140,4.7426
2020,8,3,3,170,4.7517
2020,8,3,4,192,7.3147
2020,8,3,5,242,12.0849
2020,9,1,1,310,-5.7487
2020,9,1,2,142,-6.2101
2020,9,1,3,155,-3.2239
2020,9,1,4,148,-3.1991
2020,9,1,5,364,1.4959
2020,9,2,1,105,-7.3391
2020,9,2,2,120,-5.3324
2020,9,2,3,97,-3.9167
2020,9,2,4,112,-3.1832
2020,9,2,5,203,-1.4654
2020,9,3,1,74,-8.2958
2020,9,3,2,130,-1.5075
2020,9,3,3,165,-1.4415
2020,9,3,4,193,-2.3373
2020,9,3,5,262,-5.2605
2020,10,1,1,283,0.8180
2020,10,1,2,167,1.4364
2020,10,1,3,148,0.4941
2020,10,1,4,147,-0.7056
2020,10,1,5,370,-4.8097
2020,10,2,1,117,2.2147
2020,10,2,2,127,2.7094
2020,10,2,3,88,2.5386
2020,10,2,4,127,2.3738
2020,10,2,5,196,1.0584
2020,10,3,1,64,-0.8262
2020,10,3,2,132,-0.8380
2020,10,3,3,168,-3.5654
2020,10,3,4,210,-0.5774
2020,10,3,5,244,-3.5514
2020,11,1,1,293,34.3446
2020,11,1,2,168,20.0068
2020,11,1,3,159,18.9162
2020,11,1,4,144,22.6415
2020,11,1,5,359,22.5751
2020,11,2,1,126,32.1773
2020,11,2,2,120,16.3213
2020,11,2,3,96,18.5842
2020,11,2,4,122,19.6910
2020,11,2,5,188,21.6341
2020,11,3,1,66,26.9245
2020,11,3,2,138,13.7135
2020,11,3,3,170,10.7099
2020,11,3,4,215,9.0812
2020,11,3,5,223,11.0387
2020,12,1,1,337,11.1931
2020,12,1,2,167,9.9763
2020,12,1,3,97,6.9229
2020,12,1,4,162,6.9401
2020,12,1,5,370,8.4329
2020,12,2,1,142,9.8725
2020,12,2,2,97,8.2249
2020,12,2,3,98,9.1576
2020,12,2,4,105,8.6821
2020,12,2,5,202,8.9193
2020,12,3,1,88,3.4854
2020,12,3,2,142,3.0004
2020,12,3,3,169,4.9528
2020,12,3,4,192,2.3399
2020,12,3,5,223,6.4121
2021,1,1,1,331,17.0744
2021,1,1,2,155,8.1002
2021,1,1,3,132,7.2202
2021,1,1,4,149,9.1818
2021,1,1,5,380,21.0623
2021,1,2,1,105,5.2951
2021,1,2,2,110,1.9193
2021,1,2,3,103,5.6717
2021,1,2,4,127,2.6388
2021,1,2,5,182,18.0410
2021,1,3,1,116,-0.9494
2021,1,3,2,144,-2.2109
2021,1,3,3,182,0.5270
2021,1,3,4,177,-0.9403
2021,1,3,5,200,2.4928
2021,2,1,1,255,7.6417
2021,2,1,2,141,11.2210
2021,2,1,3,154,9.7158
2021,2,1,4,180,11.8054
2021,2,1,5,397,9.6847
2021,2,2,1,108,7.9241
2021,2,2,2,105,8.1466
2021,2,2,3,114,10.3326
2021,2,2,4,126,11.8201
2021,2,2,5,194,5.9901
2021,2,3,1,141,4.1437
2021,2,3,2,162,2.0053
2021,2,3,3,168,3.0105
2021,2,3,4,175,-0.8419
2021,2,3,5,179,-1.6709
2021,3,1,1,218,-1.3792
2021,3,1,2,173,1.5502
2021,3,1,3,173,1.3060
2021,3,1,4,201,3.2547
2021,3,1,5,354,-1.1926
2021,3,2,1,99,5.2640
2021,3,2,2,118,2.0121
2021,3,2,3,124,0.6494
2021,3,2,4,128,2.3258
2021,3,2,5,187,-1.7336
2021,3,3,1,178,7.6464
2021,3,3,2,178,2.7197
2021,3,3,3,183,1.6685
2021,3,3,4,151,-0.3685
2021,3,3,5,128,-5.9196
2021,4,1,1,302,-3.1213
2021,4,1,2,132,2.5238
2021,4,1,3,151,0.4810
2021,4,1,4,177,0.4303
2021,4,1,5,367,-1.3723
2021,4,2,1,115,1.4598
2021,4,2,2,96,2.2873
2021,4,2,3,139,2.1308
2021,4,2,4,133,2.0159
2021,4,2,5,172,1.5260
2021,4,3,1,174,3.9125
2021,4,3,2,185,5.5933
2021,4,3,3,174,6.7620
2021,4,3,4,154,3.6592
2021,4,3,5,126,3.7045
2021,5,1,1,343,-1.1779
2021,5,1,2,161,0.5832
2021,5,1,3,130,4.4122
2021,5,1,4,164,2.5992
2021,5,1,5,354,4.5354
2021,5,2,1,114,-2.2817
2021,5,2,2,118,0.9644
2021,5,2,3,115,1.7642
2021,5,2,4,150,1.6132
2021,5,2,5,146,0.5296
2021,5,3,1,179,0.6700
2021,5,3,2,185,-0.0974
2021,5,3,3,171,-0.6763
2021,5,3,4,150,1.2870
2021,5,3,5,113,-3.5304
2021,6,1,1,396,2.6111
2021,6,1,2,157,0.2117
2021,6,1,3,124,0.5188
2021,6,1,4,170,2.4537
2021,6,1,5,320,6.3026
2021,6,2,1,129,3.0432
2021,6,2,2,120,0.5131
2021,6,2,3,109,-0.3753
2021,6,2,4,132,3.7771
2021,6,2,5,143,6.8517
2021,6,3,1,188,4.1505
2021,6,3,2,188,3.9689
2021,6,3,3,174,2.8469
2021,6,3,4,159,0.1428
2021,6,3,5,97,8.0069
2021,7,1,1,371,-7.4899
2021,7,1,2,130,-5.0776
2021,7,1,3,141,-4.5163
2021,7,1,4,192,-3.6136
2021,7,1,5,317,-9.2661
2021,7,2,1,124,-2.3633
2021,7,2,2,117,-2.3301
2021,7,2,3,109,-1.7492
2021,7,2,4,149,-2.3725
2021,7,2,5,160,-8.2432
2021,7,3,1,179,1.4315
2021,7,3,2,184,3.7741
2021,7,3,3,164,2.1761
2021,7,3,4,165,0.3937
2021,7,3,5,108,-1.2373
2021,8,1,1,421,2.9269
2021,8,1,2,127,5.4377
2021,8,1,3,131,3.0945
2021,8,1,4,153,0.9811
2021,8,1,5,339,3.1566
2021,8,2,1,139,-1.4727
2021,8,2,2,111,0.7168
2021,8,2,3,95,1.6158
2021,8,2,4,131,1.7762
2021,8,2,5,162,3.3943
2021,8,3,1,180,2.2409
2021,8,3,2,169,3.4496
2021,8,3,3,188,3.4971
2021,8,3,4,159,3.7465
2021,8,3,5,121,2.7569
2021,9,1,1,413,-4.5761
2021,9,1,2,138,-4.3111
2021,9,1,3,135,-4.8036
2021,9,1,4,174,-2.1536
2021,9,1,5,321,-3.7080
2021,9,2,1,153,-4.4308
2021,9,2,2,112,-3.7243
2021,9,2,3,120,-3.2252
2021,9,2,4,116,-3.7467
2021,9,2,5,166,-1.7319
2021,9,3,1,177,-4.1659
2021,9,3,2,176,-5.9266
2021,9,3,3,178,-6.1913
2021,9,3,4,165,-3.5586
2021,9,3,5,115,-3.0247
2021,10,1,1,403,-2.3970
2021,10,1,2,141,-0.8044
2021,10,1,3,154,1.2047
2021,10,1,4,173,1.9828
2021,10,1,5,336,3.3043
2021,10,2,1,142,0.6093
2021,10,2,2,120,2.3587
2021,10,2,3,108,3.0356
2021,10,2,4,147,4.0144
2021,10,2,5,150,3.5347
2021,10,3,1,170,3.3426
2021,10,3,2,173,5.5189
2021,10,3,3,204,6.5118
2021,10,3,4,168,9.4542
2021,10,3,5,105,19.9886
2021,11,1,1,486,-10.7187
2021,11,1,2,159,-5.1434
2021,11,1,3,109,-4.8746
2021,11,1,4,162,-5.0756
2021,11,1,5,320,-7.4401
2021,11,2,1,177,-6.4697
2021,11,2,2,105,-5.0549
2021,11,2,3,106,-3.7942
2021,11,2,4,115,-0.5747
2021,11,2,5,148,-2.6630
2021,11,3,1,151,-4.7907
2021,11,3,2,176,-1.3845
2021,11,3,3,180,1.1402
2021,11,3,4,176,-1.1202
2021,11,3,5,143,1.0340
2021,12,1,1,558,-2.7630
2021,12,1,2,154,-1.2618
2021,12,1,3,119,-1.2033
2021,12,1,4,133,0.2021
2021,12,1,5,285,1.2871
2021,12,2,1,200,1.9961
2021,12,2,2,118,4.6012
2021,12,2,3,110,3.7355
2021,12,2,4,94,5.3845
2021,12,2,5,135,-0.7326
2021,12,3,1,145,5.6048
2021,12,3,2,161,3.8586
2021,12,3,3,177,5.8655
2021,12,3,4,189,2.9096
2021,12,3,5,155,-2.3375
2022,1,1,1,753,-14.7588
2022,1,1,2,155,-5.4474
2022,1,1,3,101,-8.1233
2022,1,1,4,79,-6.9320
2022,1,1,5,190,-10.9146
2022,1,2,1,212,-13.2810
2022,1,2,2,119,-6.5238
2022,1,2,3,82,-7.3928
2022,1,2,4,88,-8.0414
2022,1,2,5,129,-12.3219
2022,1,3,1,140,-7.7370
2022,1,3,2,159,-5.2308
2022,1,3,3,190,-4.3662
2022,1,3,4,191,-6.3788
2022,1,3,5,156,-10.1343
2022,2,1,1,804,-2.9609
2022,2,1,2,190,-1.1556
2022,2,1,3,83,-0.7214
2022,2,1,4,58,2.5533
2022,2,1,5,172,4.2480
2022,2,2,1,229,-1.1417
2022,2,2,2,142,1.7340
2022,2,2,3,88,2.3749
2022,2,2,4,83,1.5832
2022,2,2,5,108,4.0223
2022,2,3,1,111,-4.5546
2022,2,3,2,177,-0.3246
2022,2,3,3,181,-2.4001
2022,2,3,4,190,-3.9978
2022,2,3,5,163,-1.9785
2022,3,1,1,802,0.8194
2022,3,1,2,157,0.3823
2022,3,1,3,114,-1.3268
2022,3,1,4,94,2.1697
2022,3,1,5,168,5.8844
2022,3,2,1,217,-0.1085
2022,3,2,2,131,0.7942
2022,3,2,3,89,1.8506
2022,3,2,4,88,0.8101
2022,3,2,5,126,5.0969
2022,3,3,1,101,-0.1191
2022,3,3,2,168,1.7322
2022,3,3,3,192,3.4964
2022,3,3,4,208,3.8026
2022,3,3,5,156,6.9450
2022,4,1,1,754,-18.9225
2022,4,1,2,177,-9.0406
2022,4,1,3,147,-9.3249
2022,4,1,4,96,-6.8942
2022,4,1,5,180,-8.5960
2022,4,2,1,192,-14.5540
2022,4,2,2,135,-10.3287
2022,4,2,3,105,-7.3916
2022,4,2,4,97,-10.2938
2022,4,2,5,121,-6.3734
2022,4,3,1,102,-14.0882
2022,4,3,2,167,-9.7196
2022,4,3,3,199,-10.2585
2022,4,3,4,212,-7.8357
2022,4,3,5,159,-11.0133
2022,5,1,1,811,-5.8300
2022,5,1,2,183,-2.9245
2022,5,1,3,128,-3.7181
2022,5,1,4,103,0.9532
2022,5,1,5,171,-0.6384
2022,5,2,1,183,-2.4852
2022,5,2,2,145,-1.6300
2022,5,2,3,116,0.8330
2022,5,2,4,89,-1.8415
2022,5,2,5,114,2.3372
2022,5,3,1,100,-3.6494
2022,5,3,2,139,0.3178
2022,5,3,3,196,0.0667
2022,5,3,4,220,-1.9074
2022,5,3,5,170,-0.1390
2022,6,1,1,894,-6.5616
2022,6,1,2,171,-8.6353
2022,6,1,3,131,-5.0386
2022,6,1,4,95,-5.8861
2022,6,1,5,124,-11.0417
2022,6,2,1,218,-7.6702
2022,6,2,2,133,-7.7395
2022,6,2,3,105,-5.6397
2022,6,2,4,106,-6.3043
2022,6,2,5,111,-11.2689
2022,6,3,1,108,-12.0528
2022,6,3,2,145,-11.0585
2022,6,3,3,201,-6.2943
2022,6,3,4,204,-6.8654
2022,6,3,5,161,-10.1736
2022,7,1,1,859,10.6251
2022,7,1,2,187,9.2342
2022,7,1,3,128,7.3603
2022,7,1,4,124,4.7786
2022,7,1,5,144,10.9030
2022,7,2,1,194,15.2490
2022,7,2,2,152,10.5597
2022,7,2,3,118,10.5656
2022,7,2,4,109,9.5024
2022,7,2,5,136,10.3999
2022,7,3,1,105,11.6018
2022,7,3,2,172,14.7531
2022,7,3,3,198,10.0150
2022,7,3,4,209,10.0732
2022,7,3,5,171,5.2129
2022,8,1,1,890,1.2039
2022,8,1,2,196,-0.4633
2022,8,1,3,120,0.5144
2022,8,1,4,109,2.7809
2022,8,1,5,138,2.3150
2022,8,2,1,178,-1.2122
2022,8,2,2,166,-2.7155
2022,8,2,3,117,-4.9020
2022,8,2,4,109,-2.9341
2022,8,2,5,152,4.1674
2022,8,3,1,111,-1.4754
2022,8,3,2,183,-5.7595
2022,8,3,3,184,-5.6184
2022,8,3,4,199,-3.4603
2022,8,3,5,165,-1.5384
2022,9,1,1,862,-13.8537
2022,9,1,2,182,-10.2915
2022,9,1,3,158,-7.1194
2022,9,1,4,116,-9.2741
2022,9,1,5,144,-11.8121
2022,9,2,1,190,-11.1959
2022,9,2,2,171,-10.2579
2022,9,2,3,115,-9.9162
2022,9,2,4,106,-8.8438
2022,9,2,5,154,-10.2426
2022,9,3,1,117,-13.6208
2022,9,3,2,178,-10.8046
2022,9,3,3,172,-9.5266
2022,9,3,4,194,-8.4216
2022,9,3,5,183,-6.7200
2022,10,1,1,814,6.0978
2022,10,1,2,222,8.3862
2022,10,1,3,131,11.0658
2022,10,1,4,141,7.4027
2022,10,1,5,147,7.7999
2022,10,2,1,168,6.3277
2022,10,2,2,193,11.2826
2022,10,2,3,121,11.4500
2022,10,2,4,119,11.6214
2022,10,2,5,163,12.0083
2022,10,3,1,125,3.9666
2022,10,3,2,170,2.1851
2022,10,3,3,195,4.9117
2022,10,3,4,182,9.3656
2022,10,3,5,177,14.2314
2022,11,1,1,832,-3.7260
2022,11,1,2,238,-0.7071
2022,11,1,3,162,2.1397
2022,11,1,4,112,2.1671
2022,11,1,5,161,-3.8813
2022,11,2,1,171,3.1906
2022,11,2,2,160,0.7206
2022,11,2,3,123,2.9887
2022,11,2,4,132,2.0491
2022,11,2,5,161,-1.0298
2022,11,3,1,114,4.6808
2022,11,3,2,192,6.0179
2022,11,3,3,176,4.9498
2022,11,3,4,186,5.9439
2022,11,3,5,172,2.9879
2022,12,1,1,833,-7.7987
2022,12,1,2,229,-8.8432
2022,12,1,3,179,-3.8635
2022,12,1,4,106,1.2124
2022,12,1,5,172,-0.7035
2022,12,2,1,175,-7.3327
2022,12,2,2,158,-5.5125
2022,12,2,3,136,-6.6459
2022,12,2,4,119,-5.7777
2022,12,2,5,154,-3.5704
2022,12,3,1,105,-14.2771
2022,12,3,2,179,-7.0699
2022,12,3,3,194,-6.4733
2022,12,3,4,177,-2.8688
2022,12,3,5,180,-4.0619
2023,1,1,1,847,25.7114
2023,1,1,2,216,15.0229
2023,1,1,3,155,10.8699
2023,1,1,4,102,7.5082
2023,1,1,5,205,8.2579
2023,1,2,1,160,21.4082
2023,1,2,2,156,16.3947
2023,1,2,3,127,11.7773
2023,1,2,4,115,9.8563
2023,1,2,5,176,6.7915
2023,1,3,1,112,19.4556
2023,1,3,2,158,10.0316
2023,1,3,3,189,3.5481
2023,1,3,4,184,1.2946
2023,1,3,5,180,0.2618
2023,2,1,1,748,-9.4152
2023,2,1,2,217,-4.8397
2023,2,1,3,144,-4.0365
2023,2,1,4,117,-2.0882
2023,2,1,5,276,-3.9148
2023,2,2,1,165,-4.0895
2023,2,2,2,147,-1.1717
2023,2,2,3,116,-2.4757
2023,2,2,4,139,-2.2921
2023,2,2,5,198,-3.0668
2023,2,3,1,115,-1.9623
2023,2,3,2,173,-1.3615
2023,2,3,3,179,-1.6798
2023,2,3,4,186,-1.7279
2023,2,3,5,164,-5.2990
2023,3,1,1,776,-12.4637
2023,3,1,2,190,-7.6212
2023,3,1,3,153,-4.1252
2023,3,1,4,120,-4.9650
2023,3,1,5,278,-4.6096
2023,3,2,1,157,-4.5579
2023,3,2,2,161,-2.1295
2023,3,2,3,91,-1.6503
2023,3,2,4,142,-0.8648
2023,3,2,5,204,-4.2386
2023,3,3,1,105,7.4177
2023,3,3,2,194,7.3245
2023,3,3,3,170,2.9325
2023,3,3,4,187,4.4278
2023,3,3,5,152,1.2718
2023,4,1,1,771,-4.1229
2023,4,1,2,184,-4.6809
2023,4,1,3,160,-3.6640
2023,4,1,4,111,-3.3602
2023,4,1,5,304,-1.2574
2023,4,2,1,134,-3.0917
2023,4,2,2,149,-2.8645
2023,4,2,3,108,-1.7729
2023,4,2,4,137,-2.3479
2023,4,2,5,204,-0.4888
2023,4,3,1,75,-1.8159
2023,4,3,2,187,0.0636
2023,4,3,3,174,2.3085
2023,4,3,4,184,1.1519
2023,4,3,5,190,-0.5995
2023,5,1,1,731,2.2582
2023,5,1,2,185,3.2147
2023,5,1,3,152,0.2976
2023,5,1,4,141,3.3105
2023,5,1,5,335,0.5688
2023,5,2,1,137,-0.7494
2023,5,2,2,139,-0.0675
2023,5,2,3,128,-1.2387
2023,5,2,4,108,-0.0365
2023,5,2,5,194,2.7821
2023,5,3,1,82,-1.2912
2023,5,3,2,158,2.0160
2023,5,3,3,179,-0.5234
2023,5,3,4,196,1.9687
2023,5,3,5,206,4.4602
2023,6,1,1,709,7.1427
2023,6,1,2,183,7.8683
2023,6,1,3,170,4.4398
2023,6,1,4,123,7.4727
2023,6,1,5,330,4.6747
2023,6,2,1,139,8.4780
2023,6,2,2,139,9.3504
2023,6,2,3,114,7.3006
2023,6,2,4,113,8.0084
2023,6,2,5,218,8.9102
2023,6,3,1,83,4.5682
2023,6,3,2,172,4.5294
2023,6,3,3,178,5.3121
2023,6,3,4,184,8.0385
2023,6,3,5,208,8.5271
2023,7,1,1,693,8.9722
2023,7,1,2,173,4.1267
2023,7,1,3,184,3.5981
2023,7,1,4,124,6.6521
2023,7,1,5,313,1.4424
2023,7,2,1,153,5.1369
2023,7,2,2,122,5.6287
2023,7,2,3,118,4.9609
2023,7,2,4,126,5.0474
2023,7,2,5,180,5.0530
2023,7,3,1,88,4.5329
2023,7,3,2,162,4.1519
2023,7,3,3,178,3.9579
2023,7,3,4,194,1.4475
2023,7,3,5,183,4.3846
2023,8,1,1,754,-12.4831
2023,8,1,2,200,-4.3880
2023,8,1,3,163,-5.0478
2023,8,1,4,114,-4.1636
2023,8,1,5,284,-9.1402
2023,8,2,1,150,-5.0656
2023,8,2,2,123,-4.6576
2023,8,2,3,108,-3.6723
2023,8,2,4,126,-4.1037
2023,8,2,5,169,-7.6001
2023,8,3,1,96,-5.7705
2023,8,3,2,157,-2.9914
2023,8,3,3,190,-0.4250
2023,8,3,4,193,-1.5493
2023,8,3,5,162,0.1281
2023,9,1,1,738,-10.4451
2023,9,1,2,218,-4.5105
2023,9,1,3,152,-6.1720
2023,9,1,4,125,-7.4372
2023,9,1,5,280,-5.4972
2023,9,2,1,159,-8.6996
2023,9,2,2,131,-7.0841
2023,9,2,3,109,-5.7015
2023,9,2,4,124,-3.7227
2023,9,2,5,147,-8.1910
2023,9,3,1,88,-6.4420
2023,9,3,2,168,-4.7540
2023,9,3,3,183,-3.8705
2023,9,3,4,194,-4.7816
2023,9,3,5,168,-6.7340
2023,10,1,1,691,-13.7508
2023,10,1,2,214,-6.3691
2023,10,1,3,177,-10.0051
2023,10,1,4,135,-9.5513
2023,10,1,5,314,-10.5384
2023,10,2,1,156,-9.8159
2023,10,2,2,128,-6.3298
2023,10,2,3,110,-6.3221
2023,10,2,4,105,-8.0227
2023,10,2,5,150,-7.6184
2023,10,3,1,83,-5.0566
2023,10,3,2,148,-2.6850
2023,10,3,3,183,-3.0511
2023,10,3,4,206,-1.5214
2023,10,3,5,178,-2.6535
2023,11,1,1,692,10.0254
2023,11,1,2,215,6.5850
2023,11,1,3,145,9.0795
2023,11,1,4,136,4.6700
2023,11,1,5,344,7.4140
2023,11,2,1,160,10.5290
2023,11,2,2,132,8.1596
2023,11,2,3,91,7.1625
2023,11,2,4,95,8.7197
2023,11,2,5,161,13.0225
2023,11,3,1,82,6.9821
2023,11,3,2,169,6.6427
2023,11,3,3,176,6.3337
2023,11,3,4,184,7.3553
2023,11,3,5,180,12.4916
2023,12,1,1,687,18.4548
2023,12,1,2,194,12.0841
2023,12,1,3,160,13.0193
2023,12,1,4,160,13.9521
2023,12,1,5,323,16.8390
2023,12,2,1,129,15.5226
2023,12,2,2,135,10.8303
2023,12,2,3,105,11.8276
2023,12,2,4,110,13.1233
2023,12,2,5,153,11.7927
2023,12,3,1,80,8.1445
2023,12,3,2,158,4.2554
2023,12,3,3,183,3.8754
2023,12,3,4,195,7.6833
2023,12,3,5,175,4.2019
2024,1,1,1,762,-6.6949
2024,1,1,2,157,-5.4707
2024,1,1,3,152,-3.2945
2024,1,1,4,142,-3.4922
2024,1,1,5,297,1.3453
2024,1,2,1,130,-8.2506
2024,1,2,2,114,-6.4915
2024,1,2,3,103,-4.4520
2024,1,2,4,113,-2.4326
2024,1,2,5,165,-2.9011
2024,1,3,1,78,-4.0658
2024,1,3,2,153,-0.3121
2024,1,3,3,191,1.1434
2024,1,3,4,192,-0.5601
2024,1,3,5,184,4.2094
2024,2,1,1,743,8.4839
2024,2,1,2,171,8.9389
2024,2,1,3,122,11.3697
2024,2,1,4,147,6.7132
2024,2,1,5,302,7.4042
2024,2,2,1,141,1.9297
2024,2,2,2,119,4.7774
2024,2,2,3,104,4.0717
2024,2,2,4,96,4.6902
2024,2,2,5,180,10.6147
2024,2,3,1,67,2.7753
2024,2,3,2,148,2.6044
2024,2,3,3,181,3.2452
2024,2,3,4,202,2.7750
2024,2,3,5,202,9.7091
2024,3,1,1,644,0.1974
2024,3,1,2,202,2.6478
2024,3,1,3,143,4.8257
2024,3,1,4,138,5.9269
2024,3,1,5,341,0.9015
2024,3,2,1,136,2.2300
2024,3,2,2,124,2.2895
2024,3,2,3,95,3.1147
2024,3,2,4,120,2.4546
2024,3,2,5,172,1.7713
2024,3,3,1,81,4.7564
2024,3,3,2,158,5.7894
2024,3,3,3,178,-0.1398
2024,3,3,4,191,3.2259
2024,3,3,5,186,4.0934
2024,4,1,1,651,-12.1596
2024,4,1,2,206,-4.9669
2024,4,1,3,130,-7.3363
2024,4,1,4,138,-11.0329
2024,4,1,5,341,-11.8386
2024,4,2,1,144,-9.2445
2024,4,2,2,120,-6.9334
2024,4,2,3,99,-7.0460
2024,4,2,4,115,-5.3626
2024,4,2,5,173,-7.0425
2024,4,3,1,93,-4.2134
2024,4,3,2,169,-1.5740
2024,4,3,3,173,-4.0478
2024,4,3,4,184,-4.3363
2024,4,3,5,160,-5.1552
2024,5,1,1,737,7.6067
2024,5,1,2,172,5.7563
2024,5,1,3,143,4.0450
2024,5,1,4,113,5.7446
2024,5,1,5,300,2.7069
2024,5,2,1,175,3.5591
2024,5,2,2,109,5.6251
2024,5,2,3,105,2.8134
2024,5,2,4,104,4.0917
2024,5,2,5,153,6.2364
2024,5,3,1,79,2.5597
2024,5,3,2,167,5.1159
2024,5,3,3,197,3.0925
2024,5,3,4,187,3.4408
2024,5,3,5,142,11.3333
2024,6,1,1,681,-5.2764
2024,6,1,2,167,-4.8215
2024,6,1,3,131,-5.3902
2024,6,1,4,132,-6.0442
2024,6,1,5,352,-6.1144
2024,6,2,1,161,-1.9168
2024,6,2,2,117,-0.4706
2024,6,2,3,95,-2.5415
2024,6,2,4,104,-3.2407
2024,6,2,5,159,-2.8091
2024,6,3,1,76,1.9940
2024,6,3,2,188,3.3563
2024,6,3,3,168,-0.3569
2024,6,3,4,173,4.2453
2024,6,3,5,169,6.8998
2024,7,1,1,668,12.2385
2024,7,1,2,144,11.4690
2024,7,1,3,141,8.2667
2024,7,1,4,110,12.3553
2024,7,1,5,322,12.8416
2024,7,2,1,144,9.0377
2024,7,2,2,135,7.8021
2024,7,2,3,100,7.8224
2024,7,2,4,104,8.5430
2024,7,2,5,164,8.7806
2024,7,3,1,74,9.8474
2024,7,3,2,142,4.6968
2024,7,3,3,189,4.7891
2024,7,3,4,169,2.6377
2024,7,3,5,199,-4.4445
2024,8,1,1,634,-8.8214
2024,8,1,2,178,-6.1452
2024,8,1,3,127,-0.7241
2024,8,1,4,123,-1.0663
2024,8,1,5,329,-2.9569
2024,8,2,1,132,-6.6266
2024,8,2,2,123,-3.7704
2024,8,2,3,101,-0.9337
2024,8,2,4,93,-2.0256
2024,8,2,5,182,1.3655
2024,8,3,1,90,0.8728
2024,8,3,2,154,0.1832
2024,8,3,3,182,2.5472
2024,8,3,4,195,1.1105
2024,8,3,5,150,4.7379
2024,9,1,1,618,-0.2107
2024,9,1,2,189,0.6995
2024,9,1,3,129,-1.4709
2024,9,1,4,105,-0.3649
2024,9,1,5,339,-0.3228
2024,9,2,1,136,-1.0857
2024,9,2,2,142,-0.4346
2024,9,2,3,91,1.2539
2024,9,2,4,101,3.0619
2024,9,2,5,168,2.0511
2024,9,3,1,88,2.1663
2024,9,3,2,139,3.5613
2024,9,3,3,189,1.3288
2024,9,3,4,183,2.8100
2024,9,3,5,169,2.8248
2024,10,1,1,603,1.4562
2024,10,1,2,204,-2.7927
2024,10,1,3,109,-3.0953
2024,10,1,4,126,-0.1558
2024,10,1,5,331,1.7109
2024,10,2,1,144,-2.4067
2024,10,2,2,121,-3.5983
2024,10,2,3,98,-2.0668
2024,10,2,4,98,-2.7731
2024,10,2,5,177,1.1088
2024,10,3,1,76,-2.6365
2024,10,3,2,153,-1.8251
2024,10,3,3,176,-2.1890
2024,10,3,4,185,-1.6407
2024,10,3,5,172,2.0330
2024,11,1,1,594,9.0672
2024,11,1,2,177,5.4712
2024,11,1,3,141,11.1332
2024,11,1,4,107,14.0260
2024,11,1,5,350,10.0107
2024,11,2,1,151,14.3124
2024,11,2,2,128,7.9354
2024,11,2,3,98,10.6353
2024,11,2,4,93,13.2177
2024,11,2,5,162,13.5300
2024,11,3,1,70,7.2329
2024,11,3,2,166,4.7226
2024,11,3,3,180,7.6977
2024,11,3,4,182,3.0959
2024,11,3,5,163,7.1166
2024,12,1,1,637,-4.9787
2024,12,1,2,192,-6.4599
2024,12,1,3,99,-4.2145
2024,12,1,4,142,-4.2983
2024,12,1,5,300,0.4056
2024,12,2,1,154,-5.4479
2024,12,2,2,132,-8.1189
2024,12,2,3,100,-7.1003
2024,12,2,4,90,-6.9564
2024,12,2,5,148,-8.5695
2024,12,3,1,75,-6.0975
2024,12,3,2,157,-6.3746
2024,12,3,3,188,-0.8002
2024,12,3,4,173,-0.6641
2024,12,3,5,167,-1.7557
2025,1,1,1,606,1.0695
2025,1,1,2,158,2.9682
2025,1,1,3,111,1.7362
2025,1,1,4,124,-1.8272
2025,1,1,5,353,-2.7443
2025,1,2,1,160,2.0696
2025,1,2,2,124,3.2194
2025,1,2,3,88,1.2951
2025,1,2,4,103,3.5720
2025,1,2,5,163,1.8137
2025,1,3,1,90,0.6181
2025,1,3,2,168,4.0282
2025,1,3,3,177,2.1929
2025,1,3,4,166,3.1423
2025,1,3,5,149,1.6446
2025,2,1,1,607,-8.9524
2025,2,1,2,177,-5.9388
2025,2,1,3,98,-6.7400
2025,2,1,4,127,-7.6538
2025,2,1,5,328,-9.8691
2025,2,2,1,151,-9.0139
2025,2,2,2,129,-10.0843
2025,2,2,3,101,-4.6138
2025,2,2,4,102,-3.7811
2025,2,2,5,156,-9.6926
2025,2,3,1,89,-0.1508
2025,2,3,2,175,-1.8588
2025,2,3,3,166,2.0146
2025,2,3,4,166,-1.3801
2025,2,3,5,161,-6.6224
2025,3,1,1,578,-11.6048
2025,3,1,2,191,-9.0598
2025,3,1,3,130,-10.2460
2025,3,1,4,115,-6.6556
2025,3,1,5,318,-11.6549
2025,3,2,1,155,-8.4442
2025,3,2,2,126,-6.6265
2025,3,2,3,96,-5.2491
2025,3,2,4,92,-5.9281
2025,3,2,5,162,-9.0534
2025,3,3,1,79,-4.1221
2025,3,3,2,151,-4.1716
2025,3,3,3,177,-3.2286
2025,3,3,4,169,-5.4020
2025,3,3,5,175,-9.6640
2025,4,1,1,615,-1.4409
2025,4,1,2,180,-2.1912
2025,4,1,3,124,-3.8677
2025,4,1,4,114,-2.5343
2025,4,1,5,299,2.7012
2025,4,2,1,150,-5.9488
2025,4,2,2,118,-6.3909
2025,4,2,3,101,-2.7144
2025,4,2,4,99,-2.5107
2025,4,2,5,166,1.0416
2025,4,3,1,73,-4.7126
2025,4,3,2,168,-4.5169
2025,4,3,3,169,-0.2677
2025,4,3,4,157,0.6895
2025,4,3,5,179,1.5195
2025,5,1,1,600,9.0947
2025,5,1,2,170,5.1291
2025,5,1,3,150,7.6763
2025,5,1,4,110,4.4822
2025,5,1,5,314,9.5269
2025,5,2,1,142,6.9532
2025,5,2,2,128,4.1015
2025,5,2,3,111,9.0528
2025,5,2,4,94,3.8082
2025,5,2,5,134,9.3429
2025,5,3,1,70,4.5534
2025,5,3,2,134,3.0475
2025,5,3,3,165,12.0446
2025,5,3,4,170,2.7014
2025,5,3,5,204,7.7404
2025,6,1,1,587,7.7180
2025,6,1,2,165,7.1955
2025,6,1,3,116,7.4091
2025,6,1,4,143,5.4349
2025,6,1,5,305,4.3190
2025,6,2,1,154,3.6142
2025,6,2,2,113,4.3209
2025,6,2,3,106,3.1651
2025,6,2,4,103,4.6402
2025,6,2,5,151,8.8045
2025,6,3,1,87,8.9148
2025,6,3,2,141,4.0207
2025,6,3,3,165,4.5129
2025,6,3,4,177,6.8741
2025,6,3,5,178,4.3739
2025,7,1,1,532,4.7180
2025,7,1,2,195,3.3196
2025,7,1,3,117,-1.1908
2025,7,1,4,112,3.3468
2025,7,1,5,316,2.6791
2025,7,2,1,152,3.2284
2025,7,2,2,137,1.3522
2025,7,2,3,99,0.4765
2025,7,2,4,98,0.7780
2025,7,2,5,135,2.5824
2025,7,3,1,64,2.9471
2025,7,3,2,133,0.2189
2025,7,3,3,161,2.7864
2025,7,3,4,195,2.5351
2025,7,3,5,200,4.7262
2025,8,1,1,467,10.8272
2025,8,1,2,189,6.8987
2025,8,1,3,119,7.9980
2025,8,1,4,158,10.4217
2025,8,1,5,329,8.7840
2025,8,2,1,155,8.1212
2025,8,2,2,126,7.2538
2025,8,2,3,90,4.2993
2025,8,2,4,106,7.7899
2025,8,2,5,145,6.6674
2025,8,3,1,73,4.1274
2025,8,3,2,140,6.8617
2025,8,3,3,161,3.5837
2025,8,3,4,188,0.3630
2025,8,3,5,189,-0.7819
2025,9,1,1,474,2.7584
2025,9,1,2,146,5.9533
2025,9,1,3,127,4.5547
2025,9,1,4,157,4.2793
2025,9,1,5,358,7.5893
2025,9,2,1,140,-0.8065
2025,9,2,2,121,-1.3655
2025,9,2,3,92,-1.8499
2025,9,2,4,90,3.1762
2025,9,2,5,174,5.4094
2025,9,3,1,84,-2.1103
2025,9,3,2,151,-0.3004
2025,9,3,3,168,2.8967
2025,9,3,4,185,2.9401
2025,9,3,5,161,10.9735
2025,10,1,1,445,1.6075
2025,10,1,2,144,-0.5045
2025,10,1,3,143,-1.4558
2025,10,1,4,140,-0.0912
2025,10,1,5,374,4.5448
2025,10,2,1,145,-0.4544
2025,10,2,2,105,-0.7923
2025,10,2,3,104,-0.7121
2025,10,2,4,89,-0.0324
2025,10,2,5,184,2.7684
2025,10,3,1,90,-1.0005
2025,10,3,2,152,1.9897
2025,10,3,3,164,0.2188
2025,10,3,4,162,1.6131
2025,10,3,5,188,7.5721
2025,11,1,1,391,-1.0184
2025,11,1,2,189,-0.7260
2025,11,1,3,129,3.1599
2025,11,1,4,128,0.8718
2025,11,1,5,394,-2.6852
2025,11,2,1,141,2.4926
2025,11,2,2,116,2.9460
2025,11,2,3,99,1.6819
2025,11,2,4,91,3.1965
2025,11,2,5,179,2.2975
2025,11,3,1,78,-1.1192
2025,11,3,2,143,0.8608
2025,11,3,3,164,1.6909
2025,11,3,4,170,1.3892
2025,11,3,5,211,-2.7388
2025,12,1,1,484,1.7656
2025,12,1,2,189,-0.5760
2025,12,1,3,109,-0.1112
2025,12,1,4,122,3.6291
2025,12,1,5,320,-0.8282
2025,12,2,1,133,2.5575
2025,12,2,2,129,-0.1225
2025,12,2,3,108,0.6662
2025,12,2,4,86,-0.1254
2025,12,2,5,176,-1.1899
2025,12,3,1,83,3.8290
2025,12,3,2,151,0.4610
2025,12,3,3,167,-0.5816
2025,12,3,4,156,-1.4007
2025,12,3,5,207,-0.3830
