year,month,rank_ME,rank_VCF_1,nstocks,ret_vw
1978,1,1,1,54,-2.1657
1978,1,1,2,42,0.1660
1978,1,1,3,52,-2.9065
1978,1,1,4,51,2.2396
1978,1,1,5,60,2.6522
1978,1,2,1,26,-6.0520
1978,1,2,2,30,-3.6779
1978,1,2,3,27,-4.0620
1978,1,2,4,28,0.2171
1978,1,2,5,40,-2.4896
1978,1,3,1,51,-5.5051
1978,1,3,2,49,-8.0290
1978,1,3,3,60,-5.8585
1978,1,3,4,51,-7.6395
1978,1,3,5,60,-7.6167
1978,2,1,1,60,4.6107
1978,2,1,2,51,4.2191
1978,2,1,3,55,3.6084
1978,2,1,4,59,2.4522
1978,2,1,5,78,0.3296
1978,2,2,1,32,3.1946
1978,2,2,2,36,1.9426
1978,2,2,3,28,1.9647
1978,2,2,4,33,3.4591
1978,2,2,5,46,3.7081
1978,2,3,1,58,-1.6020
1978,2,3,2,53,-1.1498
1978,2,3,3,65,1.0468
1978,2,3,4,60,-5.0308
1978,2,3,5,65,-1.7112
1978,3,1,1,59,6.7958
1978,3,1,2,48,8.1826
1978,3,1,3,57,10.3190
1978,3,1,4,67,8.3658
1978,3,1,5,82,9.2487
1978,3,2,1,33,8.3768
1978,3,2,2,38,6.5826
1978,3,2,3,28,5.2114
1978,3,2,4,32,8.8666
1978,3,2,5,43,6.4650
1978,3,3,1,59,1.6871
1978,3,3,2,55,4.2260
1978,3,3,3,65,2.7519
1978,3,3,4,59,5.3637
1978,3,3,5,67,2.9063
1978,4,1,1,58,8.3149
1978,4,1,2,53,7.9481
1978,4,1,3,59,7.4143
1978,4,1,4,68,9.9358
1978,4,1,5,83,10.1991
1978,4,2,1,29,8.7207
1978,4,2,2,40,10.1979
1978,4,2,3,29,9.1983
1978,4,2,4,29,7.2594
1978,4,2,5,45,6.3755
1978,4,3,1,62,7.9444
1978,4,3,2,56,8.8097
1978,4,3,3,63,7.6180
1978,4,3,4,62,9.9530
1978,4,3,5,65,6.4759
1978,5,1,1,83,6.6133
1978,5,1,2,90,10.5369
1978,5,1,3,69,7.8762
1978,5,1,4,84,7.7866
1978,5,1,5,124,6.5401
1978,5,2,1,40,6.7103
1978,5,2,2,48,4.2087
1978,5,2,3,40,6.2651
1978,5,2,4,46,6.5462
1978,5,2,5,61,7.1468
1978,5,3,1,82,0.8844
1978,5,3,2,74,0.7250
1978,5,3,3,78,1.3284
1978,5,3,4,65,1.3151
1978,5,3,5,78,2.2370
1978,6,1,1,92,-1.0235
1978,6,1,2,93,0.1236
1978,6,1,3,73,-1.2225
1978,6,1,4,93,2.0177
1978,6,1,5,133,-0.6405
1978,6,2,1,38,0.8727
1978,6,2,2,50,0.0271
1978,6,2,3,42,-1.5668
1978,6,2,4,44,-2.0213
1978,6,2,5,62,1.5114
1978,6,3,1,84,-2.4160
1978,6,3,2,74,-2.6142
1978,6,3,3,78,-2.7261
1978,6,3,4,68,-1.8276
1978,6,3,5,80,-2.0418
1978,7,1,1,94,4.3422
1978,7,1,2,99,5.5500
1978,7,1,3,75,6.2267
1978,7,1,4,92,6.5147
1978,7,1,5,133,6.6570
1978,7,2,1,44,4.9426
1978,7,2,2,46,5.8211
1978,7,2,3,44,9.1052
1978,7,2,4,47,6.6845
1978,7,2,5,65,6.9173
1978,7,3,1,80,5.9627
1978,7,3,2,75,5.0118
1978,7,3,3,75,4.1019
1978,7,3,4,71,8.2955
1978,7,3,5,79,5.5217
1978,8,1,1,100,9.1616
1978,8,1,2,107,8.2824
1978,8,1,3,75,7.9215
1978,8,1,4,106,9.3464
1978,8,1,5,132,9.9575
1978,8,2,1,46,10.5247
1978,8,2,2,48,7.6920
1978,8,2,3,48,8.7593
1978,8,2,4,50,9.8081
1978,8,2,5,73,9.2401
1978,8,3,1,82,4.3864
1978,8,3,2,81,3.0846
1978,8,3,3,79,4.2382
1978,8,3,4,69,4.7920
1978,8,3,5,76,4.3249
1978,9,1,1,103,-0.5435
1978,9,1,2,107,-1.5791
1978,9,1,3,75,-1.0630
1978,9,1,4,107,-0.4805
1978,9,1,5,136,1.4286
1978,9,2,1,48,-3.2919
1978,9,2,2,54,-4.1005
1978,9,2,3,43,0.1140
1978,9,2,4,50,-1.6233
1978,9,2,5,72,-2.0800
1978,9,3,1,81,-0.5662
1978,9,3,2,80,2.4734
1978,9,3,3,81,-1.1034
1978,9,3,4,75,0.2968
1978,9,3,5,74,1.7130
1978,10,1,1,107,-20.3199
1978,10,1,2,107,-23.8751
1978,10,1,3,79,-22.6176
1978,10,1,4,108,-25.4130
1978,10,1,5,138,-25.4847
1978,10,2,1,49,-18.9472
1978,10,2,2,53,-18.8753
1978,10,2,3,43,-21.4232
1978,10,2,4,52,-21.5651
1978,10,2,5,73,-23.8298
1978,10,3,1,80,-9.6324
1978,10,3,2,82,-9.6749
1978,10,3,3,82,-8.5448
1978,10,3,4,71,-11.4108
1978,10,3,5,75,-13.0482
1978,11,1,1,103,7.3052
1978,11,1,2,109,10.0801
1978,11,1,3,82,7.3618
1978,11,1,4,117,6.5427
1978,11,1,5,147,10.1125
1978,11,2,1,57,4.6547
1978,11,2,2,53,4.9213
1978,11,2,3,46,7.3834
1978,11,2,4,53,9.8447
1978,11,2,5,73,8.9000
1978,11,3,1,81,3.1897
1978,11,3,2,88,2.7989
1978,11,3,3,81,3.5081
1978,11,3,4,74,2.5348
1978,11,3,5,78,5.7996
1978,12,1,1,102,0.9379
1978,12,1,2,107,-0.8919
1978,12,1,3,87,3.3390
1978,12,1,4,118,2.0399
1978,12,1,5,145,-0.3509
1978,12,2,1,56,2.7032
1978,12,2,2,56,0.9616
1978,12,2,3,48,3.6930
1978,12,2,4,52,1.4858
1978,12,2,5,76,1.0153
1978,12,3,1,85,0.3571
1978,12,3,2,86,1.2881
1978,12,3,3,78,0.3229
1978,12,3,4,74,-0.0801
1978,12,3,5,76,3.8517
1979,1,1,1,103,10.9896
1979,1,1,2,107,12.4788
1979,1,1,3,87,10.7132
1979,1,1,4,117,10.5081
1979,1,1,5,147,10.2900
1979,1,2,1,52,6.6217
1979,1,2,2,59,8.9087
1979,1,2,3,47,11.0310
1979,1,2,4,53,7.8881
1979,1,2,5,74,10.4899
1979,1,3,1,86,3.7741
1979,1,3,2,86,4.0158
1979,1,3,3,82,4.8028
1979,1,3,4,74,7.5052
1979,1,3,5,78,4.5509
1979,2,1,1,104,-2.7088
1979,2,1,2,101,-1.8234
1979,2,1,3,91,-1.6177
1979,2,1,4,116,-3.8601
1979,2,1,5,147,-0.7677
1979,2,2,1,54,-4.3913
1979,2,2,2,54,-4.0457
1979,2,2,3,47,-3.2616
1979,2,2,4,60,-3.7193
1979,2,2,5,77,-0.9087
1979,2,3,1,90,-3.3772
1979,2,3,2,83,-2.0338
1979,2,3,3,84,-2.6672
1979,2,3,4,70,-2.1370
1979,2,3,5,74,-0.5305
1979,3,1,1,109,8.0971
1979,3,1,2,104,7.3707
1979,3,1,3,84,9.0708
1979,3,1,4,112,9.3737
1979,3,1,5,149,12.9716
1979,3,2,1,54,9.2777
1979,3,2,2,52,10.6625
1979,3,2,3,47,10.1514
1979,3,2,4,58,10.1584
1979,3,2,5,76,13.5625
1979,3,3,1,87,5.3802
1979,3,3,2,84,7.3208
1979,3,3,3,86,5.2817
1979,3,3,4,69,8.1289
1979,3,3,5,77,9.4370
1979,4,1,1,110,1.7842
1979,4,1,2,108,2.2589
1979,4,1,3,84,4.2382
1979,4,1,4,111,0.7822
1979,4,1,5,148,2.0083
1979,4,2,1,55,3.7706
1979,4,2,2,50,3.7445
1979,4,2,3,46,3.6203
1979,4,2,4,60,2.9281
1979,4,2,5,78,2.7970
1979,4,3,1,85,1.1319
1979,4,3,2,86,3.2455
1979,4,3,3,86,-1.0527
1979,4,3,4,69,-0.3909
1979,4,3,5,75,1.0616
1979,5,1,1,102,-1.1232
1979,5,1,2,110,-0.1246
1979,5,1,3,91,-2.8902
1979,5,1,4,124,1.0691
1979,5,1,5,150,-0.4354
1979,5,2,1,53,-1.6191
1979,5,2,2,52,-4.7538
1979,5,2,3,49,-2.4751
1979,5,2,4,59,-1.2160
1979,5,2,5,83,-0.7323
1979,5,3,1,92,-2.9637
1979,5,3,2,88,-2.7157
1979,5,3,3,81,-0.7374
1979,5,3,4,76,-1.5275
1979,5,3,5,77,0.4489
1979,6,1,1,103,2.8644
1979,6,1,2,105,4.0950
1979,6,1,3,91,2.6384
1979,6,1,4,124,4.7160
1979,6,1,5,150,7.5117
1979,6,2,1,54,1.9787
1979,6,2,2,57,5.1518
1979,6,2,3,51,3.3916
1979,6,2,4,59,7.5614
1979,6,2,5,78,7.7277
1979,6,3,1,91,3.6940
1979,6,3,2,87,5.1039
1979,6,3,3,78,2.3967
1979,6,3,4,76,5.0871
1979,6,3,5,80,6.7949
1979,7,1,1,108,3.7237
1979,7,1,2,100,0.8754
1979,7,1,3,90,5.4183
1979,7,1,4,132,1.7492
1979,7,1,5,142,1.4416
1979,7,2,1,53,4.2689
1979,7,2,2,55,2.9419
1979,7,2,3,52,2.7712
1979,7,2,4,50,6.7038
1979,7,2,5,81,3.4018
1979,7,3,1,89,0.8861
1979,7,3,2,86,1.4355
1979,7,3,3,77,1.0790
1979,7,3,4,79,2.3411
1979,7,3,5,82,2.4886
1979,8,1,1,120,8.3376
1979,8,1,2,102,10.3238
1979,8,1,3,125,8.4440
1979,8,1,4,131,4.6530
1979,8,1,5,109,9.3660
1979,8,2,1,65,8.7799
1979,8,2,2,61,8.6403
1979,8,2,3,58,10.9570
1979,8,2,4,57,7.2229
1979,8,2,5,81,8.6793
1979,8,3,1,105,6.9281
1979,8,3,2,96,7.7602
1979,8,3,3,86,4.9004
1979,8,3,4,97,6.7726
1979,8,3,5,109,3.5456
1979,9,1,1,121,-0.2779
1979,9,1,2,102,0.1147
1979,9,1,3,128,-1.6324
1979,9,1,4,125,-1.8848
1979,9,1,5,111,-0.2131
1979,9,2,1,64,-1.7251
1979,9,2,2,60,-1.4931
1979,9,2,3,56,-1.4533
1979,9,2,4,59,-1.2107
1979,9,2,5,80,1.9154
1979,9,3,1,102,1.8049
1979,9,3,2,97,2.4046
1979,9,3,3,88,-0.4758
1979,9,3,4,95,0.8874
1979,9,3,5,109,-0.2061
1979,10,1,1,118,-8.4081
1979,10,1,2,103,-12.8001
1979,10,1,3,131,-10.4485
1979,10,1,4,125,-11.8232
1979,10,1,5,112,-11.3193
1979,10,2,1,67,-9.1289
1979,10,2,2,58,-10.0374
1979,10,2,3,52,-11.7067
1979,10,2,4,60,-9.9287
1979,10,2,5,82,-9.1114
1979,10,3,1,100,-6.3000
1979,10,3,2,97,-5.4474
1979,10,3,3,91,-6.5629
1979,10,3,4,95,-5.4846
1979,10,3,5,107,-6.5472
1979,11,1,1,104,6.8367
1979,11,1,2,114,7.1755
1979,11,1,3,128,7.2099
1979,11,1,4,121,11.0303
1979,11,1,5,117,8.0934
1979,11,2,1,64,5.8141
1979,11,2,2,62,8.0695
1979,11,2,3,60,7.9379
1979,11,2,4,62,7.0079
1979,11,2,5,78,12.9949
1979,11,3,1,108,3.6518
1979,11,3,2,99,5.8024
1979,11,3,3,89,5.2687
1979,11,3,4,92,8.2845
1979,11,3,5,112,8.0952
1979,12,1,1,103,5.1970
1979,12,1,2,114,8.6658
1979,12,1,3,130,7.7101
1979,12,1,4,118,5.9159
1979,12,1,5,112,10.9509
1979,12,2,1,62,4.8983
1979,12,2,2,65,4.5735
1979,12,2,3,60,4.9498
1979,12,2,4,65,6.0932
1979,12,2,5,78,8.3799
1979,12,3,1,109,0.5634
1979,12,3,2,100,2.9314
1979,12,3,3,83,2.1574
1979,12,3,4,90,5.5804
1979,12,3,5,117,1.9890
1980,1,1,1,102,8.6184
1980,1,1,2,115,9.9052
1980,1,1,3,121,10.2423
1980,1,1,4,113,12.3315
1980,1,1,5,112,14.3478
1980,1,2,1,63,3.6052
1980,1,2,2,66,6.1869
1980,1,2,3,64,5.7766
1980,1,2,4,65,8.9938
1980,1,2,5,80,5.8001
1980,1,3,1,106,8.6498
1980,1,3,2,100,9.3262
1980,1,3,3,84,5.2730
1980,1,3,4,92,7.3751
1980,1,3,5,115,4.2782
1980,2,1,1,113,-3.3903
1980,2,1,2,92,-2.7881
1980,2,1,3,120,-2.2664
1980,2,1,4,121,-4.8632
1980,2,1,5,116,0.0155
1980,2,2,1,64,-5.0362
1980,2,2,2,72,-2.5055
1980,2,2,3,63,-4.5511
1980,2,2,4,55,-2.5744
1980,2,2,5,80,0.3331
1980,2,3,1,102,7.1509
1980,2,3,2,106,0.1198
1980,2,3,3,85,-0.6758
1980,2,3,4,98,-0.0038
1980,2,3,5,113,2.2373
1980,3,1,1,114,-15.2829
1980,3,1,2,90,-17.0001
1980,3,1,3,118,-17.5581
1980,3,1,4,119,-18.6759
1980,3,1,5,110,-21.0060
1980,3,2,1,65,-14.1130
1980,3,2,2,73,-15.1341
1980,3,2,3,63,-15.9897
1980,3,2,4,56,-17.2438
1980,3,2,5,81,-15.5188
1980,3,3,1,100,-11.4596
1980,3,3,2,106,-12.7130
1980,3,3,3,86,-9.4463
1980,3,3,4,96,-14.8311
1980,3,3,5,116,-13.4389
1980,4,1,1,113,3.0657
1980,4,1,2,92,4.6347
1980,4,1,3,119,4.9776
1980,4,1,4,119,7.2987
1980,4,1,5,109,6.5339
1980,4,2,1,65,4.6093
1980,4,2,2,69,4.1499
1980,4,2,3,63,3.4078
1980,4,2,4,57,7.9899
1980,4,2,5,79,8.4252
1980,4,3,1,100,5.1687
1980,4,3,2,108,3.2656
1980,4,3,3,86,5.3258
1980,4,3,4,95,5.5890
1980,4,3,5,112,12.0444
1980,5,1,1,109,5.8787
1980,5,1,2,98,8.5602
1980,5,1,3,121,6.6081
1980,5,1,4,120,5.4796
1980,5,1,5,110,6.6951
1980,5,2,1,62,9.3155
1980,5,2,2,73,7.5881
1980,5,2,3,59,8.6462
1980,5,2,4,55,9.3159
1980,5,2,5,83,7.5616
1980,5,3,1,104,5.8454
1980,5,3,2,95,5.4185
1980,5,3,3,94,4.7569
1980,5,3,4,98,6.1480
1980,5,3,5,112,5.2649
1980,6,1,1,111,4.3201
1980,6,1,2,86,1.6135
1980,6,1,3,123,2.4092
1980,6,1,4,124,3.2288
1980,6,1,5,108,5.6789
1980,6,2,1,61,1.9930
1980,6,2,2,83,3.1399
1980,6,2,3,55,4.0334
1980,6,2,4,57,3.6856
1980,6,2,5,87,4.7257
1980,6,3,1,104,2.1560
1980,6,3,2,92,3.7931
1980,6,3,3,99,2.4171
1980,6,3,4,96,4.2713
1980,6,3,5,108,7.0942
1980,7,1,1,109,8.5324
1980,7,1,2,92,11.8127
1980,7,1,3,122,13.0107
1980,7,1,4,123,13.2476
1980,7,1,5,104,8.1110
1980,7,2,1,61,10.6097
1980,7,2,2,80,11.4242
1980,7,2,3,56,13.6030
1980,7,2,4,58,11.3070
1980,7,2,5,87,6.0992
1980,7,3,1,105,6.5569
1980,7,3,2,92,8.3591
1980,7,3,3,95,4.1103
1980,7,3,4,97,4.9445
1980,7,3,5,110,2.3748
1980,8,1,1,110,6.0091
1980,8,1,2,93,7.8342
1980,8,1,3,119,8.3634
1980,8,1,4,126,8.6275
1980,8,1,5,105,5.1075
1980,8,2,1,61,6.2244
1980,8,2,2,70,5.6108
1980,8,2,3,55,5.5725
1980,8,2,4,68,2.6265
1980,8,2,5,88,3.2342
1980,8,3,1,103,1.6886
1980,8,3,2,99,1.4329
1980,8,3,3,98,1.8814
1980,8,3,4,84,3.1409
1980,8,3,5,108,3.1364
1980,9,1,1,109,3.8373
1980,9,1,2,96,2.1611
1980,9,1,3,114,3.5869
1980,9,1,4,128,0.9380
1980,9,1,5,108,0.6301
1980,9,2,1,62,3.5137
1980,9,2,2,71,2.8683
1980,9,2,3,51,1.6168
1980,9,2,4,69,2.4514
1980,9,2,5,88,4.2077
1980,9,3,1,103,1.4853
1980,9,3,2,99,5.2945
1980,9,3,3,99,3.2549
1980,9,3,4,85,4.0770
1980,9,3,5,103,1.5094
1980,10,1,1,110,2.5878
1980,10,1,2,97,6.1157
1980,10,1,3,113,1.6334
1980,10,1,4,126,5.6333
1980,10,1,5,105,3.9970
1980,10,2,1,64,1.4361
1980,10,2,2,63,0.9234
1980,10,2,3,55,1.5322
1980,10,2,4,71,2.9083
1980,10,2,5,84,3.0926
1980,10,3,1,102,3.1198
1980,10,3,2,101,1.8389
1980,10,3,3,98,1.6334
1980,10,3,4,85,3.4293
1980,10,3,5,104,0.1613
1980,11,1,1,109,0.9298
1980,11,1,2,92,4.2968
1980,11,1,3,115,2.7820
1980,11,1,4,129,4.6978
1980,11,1,5,102,8.4494
1980,11,2,1,60,3.0607
1980,11,2,2,67,5.6711
1980,11,2,3,59,4.9344
1980,11,2,4,72,6.3284
1980,11,2,5,80,9.1577
1980,11,3,1,103,16.3736
1980,11,3,2,101,13.0287
1980,11,3,3,95,10.7013
1980,11,3,4,90,12.5546
1980,11,3,5,105,7.7539
1980,12,1,1,111,-1.8784
1980,12,1,2,93,-4.8756
1980,12,1,3,115,-2.6324
1980,12,1,4,125,-4.2934
1980,12,1,5,103,-1.2059
1980,12,2,1,63,0.0196
1980,12,2,2,67,-2.0680
1980,12,2,3,61,-1.7584
1980,12,2,4,71,-3.2696
1980,12,2,5,72,-4.2266
1980,12,3,1,99,-6.5752
1980,12,3,2,98,-6.6510
1980,12,3,3,91,-4.2858
1980,12,3,4,95,-5.2702
1980,12,3,5,110,-2.5274
1981,1,1,1,110,3.8058
1981,1,1,2,93,2.0746
1981,1,1,3,113,3.0128
1981,1,1,4,124,3.0648
1981,1,1,5,99,-0.9520
1981,1,2,1,61,1.8425
1981,1,2,2,68,2.2164
1981,1,2,3,63,-0.4873
1981,1,2,4,72,0.4809
1981,1,2,5,76,-3.8782
1981,1,3,1,101,-5.9385
1981,1,3,2,100,-2.4647
1981,1,3,3,90,-5.7538
1981,1,3,4,92,-6.4165
1981,1,3,5,109,-3.3028
1981,2,1,1,111,2.5443
1981,2,1,2,104,1.6871
1981,2,1,3,112,2.9081
1981,2,1,4,118,0.6798
1981,2,1,5,106,-2.4528
1981,2,2,1,57,2.8668
1981,2,2,2,65,2.2186
1981,2,2,3,60,5.0252
1981,2,2,4,68,1.1994
1981,2,2,5,75,0.4366
1981,2,3,1,104,1.0020
1981,2,3,2,99,3.0854
1981,2,3,3,92,1.3950
1981,2,3,4,92,-0.0563
1981,2,3,5,107,0.4706
1981,3,1,1,108,9.7662
1981,3,1,2,105,10.6141
1981,3,1,3,112,10.2355
1981,3,1,4,119,8.4975
1981,3,1,5,106,9.8949
1981,3,2,1,57,5.4784
1981,3,2,2,62,8.9303
1981,3,2,3,60,10.2718
1981,3,2,4,63,7.3271
1981,3,2,5,73,5.1098
1981,3,3,1,100,1.0190
1981,3,3,2,104,3.2386
1981,3,3,3,92,3.0926
1981,3,3,4,96,7.0842
1981,3,3,5,105,6.9741
1981,4,1,1,113,6.1418
1981,4,1,2,100,6.7130
1981,4,1,3,110,2.2220
1981,4,1,4,120,2.6969
1981,4,1,5,106,1.2592
1981,4,2,1,55,4.9296
1981,4,2,2,66,3.0470
1981,4,2,3,59,3.5930
1981,4,2,4,67,3.3411
1981,4,2,5,72,-2.2143
1981,4,3,1,97,-0.0286
1981,4,3,2,102,-3.0838
1981,4,3,3,94,-4.1621
1981,4,3,4,92,-2.7089
1981,4,3,5,106,-2.2278
1981,5,1,1,109,2.3503
1981,5,1,2,94,4.2159
1981,5,1,3,112,4.4415
1981,5,1,4,125,2.3997
1981,5,1,5,111,4.0416
1981,5,2,1,59,3.8944
1981,5,2,2,68,2.9182
1981,5,2,3,53,5.4069
1981,5,2,4,64,2.6703
1981,5,2,5,74,0.6451
1981,5,3,1,99,-2.2473
1981,5,3,2,104,0.5393
1981,5,3,3,92,-0.5320
1981,5,3,4,98,-0.1973
1981,5,3,5,100,3.1510
1981,6,1,1,107,2.8009
1981,6,1,2,94,2.1870
1981,6,1,3,111,0.8885
1981,6,1,4,121,-0.4841
1981,6,1,5,109,-2.6548
1981,6,2,1,54,1.3048
1981,6,2,2,74,-0.0844
1981,6,2,3,60,-2.9989
1981,6,2,4,69,-1.0126
1981,6,2,5,80,-1.8368
1981,6,3,1,100,0.7090
1981,6,3,2,100,0.2251
1981,6,3,3,87,1.5771
1981,6,3,4,96,-1.3253
1981,6,3,5,98,-0.5255
1981,7,1,1,106,-1.2549
1981,7,1,2,92,-2.7817
1981,7,1,3,116,-2.6289
1981,7,1,4,122,-3.5618
1981,7,1,5,107,-3.0712
1981,7,2,1,56,-1.5536
1981,7,2,2,68,-3.1836
1981,7,2,3,59,-3.6498
1981,7,2,4,66,-3.0233
1981,7,2,5,78,-0.5382
1981,7,3,1,100,0.9004
1981,7,3,2,102,2.5580
1981,7,3,3,88,-0.3436
1981,7,3,4,95,1.8600
1981,7,3,5,95,2.1057
1981,8,1,1,113,-6.5653
1981,8,1,2,88,-7.5274
1981,8,1,3,109,-5.0486
1981,8,1,4,115,-9.1658
1981,8,1,5,112,-10.7046
1981,8,2,1,63,-7.1038
1981,8,2,2,66,-7.9512
1981,8,2,3,60,-9.9539
1981,8,2,4,62,-7.0545
1981,8,2,5,80,-3.1945
1981,8,3,1,99,-5.3762
1981,8,3,2,101,-5.0190
1981,8,3,3,91,-7.3626
1981,8,3,4,98,-5.3704
1981,8,3,5,94,-2.8406
1981,9,1,1,112,-5.8454
1981,9,1,2,89,-5.0278
1981,9,1,3,105,-8.0179
1981,9,1,4,116,-7.9550
1981,9,1,5,109,-10.0568
1981,9,2,1,59,-5.4325
1981,9,2,2,63,-6.3915
1981,9,2,3,63,-7.6063
1981,9,2,4,59,-5.4771
1981,9,2,5,80,-10.5212
1981,9,3,1,99,-5.8683
1981,9,3,2,103,-5.6641
1981,9,3,3,92,-7.4678
1981,9,3,4,96,-9.0841
1981,9,3,5,98,-9.0838
1981,10,1,1,109,7.3505
1981,10,1,2,89,7.4869
1981,10,1,3,108,7.4386
1981,10,1,4,113,7.2386
1981,10,1,5,114,10.8487
1981,10,2,1,59,8.6458
1981,10,2,2,69,6.7233
1981,10,2,3,61,7.0693
1981,10,2,4,59,7.3783
1981,10,2,5,77,7.2349
1981,10,3,1,101,4.2018
1981,10,3,2,101,4.9049
1981,10,3,3,92,6.9957
1981,10,3,4,94,7.5119
1981,10,3,5,96,8.6017
1981,11,1,1,107,2.9296
1981,11,1,2,91,3.9356
1981,11,1,3,116,4.3998
1981,11,1,4,110,2.0450
1981,11,1,5,108,1.4873
1981,11,2,1,58,3.6435
1981,11,2,2,70,2.8157
1981,11,2,3,63,4.3632
1981,11,2,4,62,4.8984
1981,11,2,5,76,2.9965
1981,11,3,1,104,5.4397
1981,11,3,2,95,3.2307
1981,11,3,3,93,6.3233
1981,11,3,4,95,4.7717
1981,11,3,5,96,5.5285
1981,12,1,1,106,0.4781
1981,12,1,2,91,1.1365
1981,12,1,3,110,-1.5555
1981,12,1,4,112,-1.5115
1981,12,1,5,109,-3.6569
1981,12,2,1,65,0.1130
1981,12,2,2,69,-0.7202
1981,12,2,3,64,-1.9634
1981,12,2,4,61,-0.4386
1981,12,2,5,69,-2.1833
1981,12,3,1,99,-3.1729
1981,12,3,2,95,-2.7764
1981,12,3,3,94,-3.1420
1981,12,3,4,97,-3.3490
1981,12,3,5,98,-3.9238
1982,1,1,1,102,-2.5866
1982,1,1,2,92,-1.5956
1982,1,1,3,112,-0.3673
1982,1,1,4,106,0.5302
1982,1,1,5,110,-0.5822
1982,1,2,1,63,-3.0109
1982,1,2,2,70,-3.7031
1982,1,2,3,65,-3.4244
1982,1,2,4,63,-4.0861
1982,1,2,5,66,-4.8399
1982,1,3,1,102,-3.6597
1982,1,3,2,93,-2.8502
1982,1,3,3,89,-4.7304
1982,1,3,4,98,-4.2058
1982,1,3,5,99,-3.4671
1982,2,1,1,105,-2.6126
1982,2,1,2,91,-3.5530
1982,2,1,3,119,-2.7205
1982,2,1,4,100,-3.2883
1982,2,1,5,111,-6.1929
1982,2,2,1,60,-1.5544
1982,2,2,2,66,-2.7424
1982,2,2,3,62,-3.5739
1982,2,2,4,58,-4.3715
1982,2,2,5,67,-7.3954
1982,2,3,1,103,-4.6900
1982,2,3,2,100,-6.6620
1982,2,3,3,88,-7.0816
1982,2,3,4,102,-5.0562
1982,2,3,5,96,-3.6846
1982,3,1,1,107,1.6363
1982,3,1,2,88,-2.2952
1982,3,1,3,116,-1.3619
1982,3,1,4,100,1.5702
1982,3,1,5,112,-1.1253
1982,3,2,1,60,2.7442
1982,3,2,2,65,-2.2732
1982,3,2,3,64,0.3058
1982,3,2,4,57,0.0425
1982,3,2,5,67,0.8696
1982,3,3,1,100,-0.2911
1982,3,3,2,104,0.6317
1982,3,3,3,86,-2.2303
1982,3,3,4,103,-1.5761
1982,3,3,5,92,-1.0981
1982,4,1,1,101,4.3188
1982,4,1,2,94,4.3451
1982,4,1,3,115,4.8106
1982,4,1,4,99,3.0638
1982,4,1,5,113,3.6559
1982,4,2,1,63,7.9229
1982,4,2,2,63,5.9803
1982,4,2,3,62,6.3198
1982,4,2,4,60,4.6056
1982,4,2,5,64,4.1390
1982,4,3,1,98,3.2190
1982,4,3,2,103,2.2362
1982,4,3,3,87,5.5437
1982,4,3,4,102,5.2144
1982,4,3,5,93,4.2743
1982,5,1,1,107,-2.2138
1982,5,1,2,93,-2.0292
1982,5,1,3,108,-1.8656
1982,5,1,4,100,-1.2685
1982,5,1,5,115,-3.9523
1982,5,2,1,57,-2.0811
1982,5,2,2,57,-5.4362
1982,5,2,3,69,-2.7210
1982,5,2,4,57,-4.5031
1982,5,2,5,72,-3.8908
1982,5,3,1,101,-0.2889
1982,5,3,2,107,-1.6801
1982,5,3,3,88,-3.0365
1982,5,3,4,105,-2.4692
1982,5,3,5,88,-3.4105
1982,6,1,1,104,-0.1802
1982,6,1,2,94,-3.9769
1982,6,1,3,108,-1.9566
1982,6,1,4,100,-2.9458
1982,6,1,5,110,-4.7779
1982,6,2,1,59,-0.4966
1982,6,2,2,52,0.7939
1982,6,2,3,69,-1.1520
1982,6,2,4,52,-1.8782
1982,6,2,5,73,-4.5188
1982,6,3,1,100,0.4838
1982,6,3,2,110,-3.3333
1982,6,3,3,86,-3.0431
1982,6,3,4,108,-3.0485
1982,6,3,5,91,-5.0204
1982,7,1,1,99,0.8856
1982,7,1,2,99,-1.2691
1982,7,1,3,103,-2.0666
1982,7,1,4,100,-1.5212
1982,7,1,5,107,-4.1015
1982,7,2,1,59,1.1851
1982,7,2,2,53,2.1589
1982,7,2,3,70,-0.8015
1982,7,2,4,53,-2.1410
1982,7,2,5,74,-4.8430
1982,7,3,1,100,-0.8091
1982,7,3,2,109,-4.1557
1982,7,3,3,85,-5.1335
1982,7,3,4,106,-3.1817
1982,7,3,5,89,-3.3760
1982,8,1,1,105,6.3200
1982,8,1,2,97,8.5249
1982,8,1,3,102,7.3035
1982,8,1,4,94,6.6384
1982,8,1,5,112,7.3183
1982,8,2,1,58,9.4257
1982,8,2,2,55,12.8965
1982,8,2,3,71,13.8314
1982,8,2,4,57,8.8375
1982,8,2,5,72,9.1553
1982,8,3,1,102,12.0794
1982,8,3,2,106,12.8298
1982,8,3,3,84,13.8610
1982,8,3,4,103,12.7139
1982,8,3,5,88,11.0521
1982,9,1,1,100,6.5112
1982,9,1,2,95,2.1177
1982,9,1,3,100,2.4382
1982,9,1,4,101,6.7174
1982,9,1,5,118,-0.5681
1982,9,2,1,62,5.4837
1982,9,2,2,55,2.1920
1982,9,2,3,72,1.1236
1982,9,2,4,55,1.3197
1982,9,2,5,68,0.2663
1982,9,3,1,100,1.2664
1982,9,3,2,104,-0.1295
1982,9,3,3,87,2.8577
1982,9,3,4,103,0.1978
1982,9,3,5,89,1.0489
1982,10,1,1,97,12.4202
1982,10,1,2,93,9.1062
1982,10,1,3,104,15.9108
1982,10,1,4,93,11.8823
1982,10,1,5,122,13.2714
1982,10,2,1,60,14.2580
1982,10,2,2,53,11.6637
1982,10,2,3,69,13.4406
1982,10,2,4,64,14.4144
1982,10,2,5,63,13.1799
1982,10,3,1,101,8.0495
1982,10,3,2,107,11.9772
1982,10,3,3,88,10.5717
1982,10,3,4,99,9.2952
1982,10,3,5,86,9.0826
1982,11,1,1,90,10.4806
1982,11,1,2,99,7.7556
1982,11,1,3,105,7.9889
1982,11,1,4,97,8.4389
1982,11,1,5,119,5.4519
1982,11,2,1,64,11.4656
1982,11,2,2,57,10.1441
1982,11,2,3,63,9.9740
1982,11,2,4,62,5.6482
1982,11,2,5,68,2.3788
1982,11,3,1,101,3.1700
1982,11,3,2,106,3.7005
1982,11,3,3,86,2.6171
1982,11,3,4,100,3.0496
1982,11,3,5,86,2.9473
1982,12,1,1,94,1.8069
1982,12,1,2,95,1.3939
1982,12,1,3,110,2.1573
1982,12,1,4,94,0.7042
1982,12,1,5,124,2.2744
1982,12,2,1,64,1.8189
1982,12,2,2,55,1.0755
1982,12,2,3,67,-0.6194
1982,12,2,4,58,1.8333
1982,12,2,5,70,1.9356
1982,12,3,1,101,1.8908
1982,12,3,2,105,1.9872
1982,12,3,3,86,-0.0994
1982,12,3,4,99,2.7549
1982,12,3,5,83,3.9826
1983,1,1,1,94,8.8317
1983,1,1,2,92,10.2942
1983,1,1,3,108,9.7968
1983,1,1,4,94,9.6276
1983,1,1,5,122,10.1828
1983,1,2,1,64,3.5529
1983,1,2,2,53,5.6301
1983,1,2,3,70,7.1061
1983,1,2,4,62,5.6525
1983,1,2,5,68,5.8153
1983,1,3,1,102,5.4718
1983,1,3,2,107,2.9878
1983,1,3,3,83,3.5582
1983,1,3,4,96,5.1655
1983,1,3,5,85,5.1264
1983,2,1,1,94,7.6662
1983,2,1,2,94,7.1536
1983,2,1,3,104,5.8471
1983,2,1,4,82,5.7603
1983,2,1,5,133,3.8432
1983,2,2,1,68,7.6584
1983,2,2,2,55,7.9814
1983,2,2,3,69,8.2440
1983,2,2,4,63,4.1634
1983,2,2,5,67,1.2214
1983,2,3,1,103,2.5986
1983,2,3,2,100,2.6741
1983,2,3,3,81,2.6568
1983,2,3,4,101,2.5054
1983,2,3,5,82,0.4528
1983,3,1,1,95,8.4693
1983,3,1,2,91,5.4246
1983,3,1,3,101,3.7214
1983,3,1,4,84,5.7501
1983,3,1,5,135,2.1389
1983,3,2,1,68,4.6723
1983,3,2,2,53,4.3813
1983,3,2,3,69,4.2057
1983,3,2,4,60,2.5111
1983,3,2,5,67,3.1038
1983,3,3,1,103,3.6826
1983,3,3,2,103,2.3720
1983,3,3,3,83,4.5611
1983,3,3,4,99,0.5466
1983,3,3,5,79,1.8095
1983,4,1,1,98,9.1437
1983,4,1,2,88,7.4489
1983,4,1,3,97,8.9293
1983,4,1,4,86,4.8227
1983,4,1,5,137,5.3452
1983,4,2,1,70,6.9598
1983,4,2,2,49,8.7899
1983,4,2,3,69,4.7867
1983,4,2,4,59,4.5712
1983,4,2,5,67,5.9393
1983,4,3,1,99,6.3561
1983,4,3,2,107,8.7535
1983,4,3,3,81,7.9934
1983,4,3,4,102,4.9248
1983,4,3,5,78,4.8826
1983,5,1,1,96,7.9919
1983,5,1,2,93,10.3184
1983,5,1,3,98,8.8691
1983,5,1,4,88,12.7614
1983,5,1,5,139,12.0408
1983,5,2,1,71,3.9200
1983,5,2,2,55,6.1721
1983,5,2,3,69,7.1868
1983,5,2,4,67,6.9658
1983,5,2,5,66,7.6713
1983,5,3,1,101,-1.3753
1983,5,3,2,110,0.0942
1983,5,3,3,82,1.9275
1983,5,3,4,94,3.5441
1983,5,3,5,82,3.4852
1983,6,1,1,97,4.2012
1983,6,1,2,89,3.7853
1983,6,1,3,96,5.5421
1983,6,1,4,90,2.6426
1983,6,1,5,141,3.4071
1983,6,2,1,72,7.4230
1983,6,2,2,61,7.2311
1983,6,2,3,63,4.9030
1983,6,2,4,63,3.0412
1983,6,2,5,62,3.1553
1983,6,3,1,101,2.7046
1983,6,3,2,106,5.5407
1983,6,3,3,89,3.0808
1983,6,3,4,94,1.6903
1983,6,3,5,86,-0.1292
1983,7,1,1,93,1.4637
1983,7,1,2,91,-0.7471
1983,7,1,3,99,0.6998
1983,7,1,4,90,-1.3216
1983,7,1,5,146,-1.4388
1983,7,2,1,72,-1.1521
1983,7,2,2,57,-3.3938
1983,7,2,3,64,-1.7279
1983,7,2,4,65,-0.5912
1983,7,2,5,60,0.4518
1983,7,3,1,100,-1.8037
1983,7,3,2,107,-3.4909
1983,7,3,3,87,-2.0645
1983,7,3,4,91,-3.3599
1983,7,3,5,81,-2.2772
1983,8,1,1,94,-2.2070
1983,8,1,2,93,-1.8982
1983,8,1,3,103,-0.7513
1983,8,1,4,90,-1.9228
1983,8,1,5,157,-3.1093
1983,8,2,1,73,-3.8310
1983,8,2,2,53,-3.3976
1983,8,2,3,70,-4.4136
1983,8,2,4,56,-0.5312
1983,8,2,5,63,0.6189
1983,8,3,1,102,2.3991
1983,8,3,2,113,1.6556
1983,8,3,3,84,2.0726
1983,8,3,4,95,1.6607
1983,8,3,5,82,0.1590
1983,9,1,1,97,1.9212
1983,9,1,2,93,1.9759
1983,9,1,3,102,3.3961
1983,9,1,4,88,0.3679
1983,9,1,5,158,-3.0482
1983,9,2,1,74,2.7224
1983,9,2,2,48,3.8895
1983,9,2,3,76,3.8765
1983,9,2,4,57,4.6980
1983,9,2,5,61,-0.6329
1983,9,3,1,99,0.6752
1983,9,3,2,114,0.9574
1983,9,3,3,82,1.1560
1983,9,3,4,95,2.1123
1983,9,3,5,83,0.2886
1983,10,1,1,93,-3.6266
1983,10,1,2,94,-4.3276
1983,10,1,3,103,-6.3066
1983,10,1,4,90,-3.6658
1983,10,1,5,159,-6.8322
1983,10,2,1,74,-4.3437
1983,10,2,2,50,-3.4090
1983,10,2,3,72,-6.1467
1983,10,2,4,58,-5.1259
1983,10,2,5,64,-6.3660
1983,10,3,1,96,-0.6230
1983,10,3,2,114,-1.5386
1983,10,3,3,87,-1.3192
1983,10,3,4,92,-2.8841
1983,10,3,5,80,-2.7201
1983,11,1,1,91,7.4153
1983,11,1,2,98,5.7061
1983,11,1,3,104,5.6875
1983,11,1,4,90,5.8391
1983,11,1,5,172,1.5346
1983,11,2,1,72,6.3765
1983,11,2,2,53,5.6800
1983,11,2,3,66,5.7220
1983,11,2,4,55,6.3226
1983,11,2,5,69,5.1895
1983,11,3,1,101,3.2055
1983,11,3,2,111,2.5435
1983,11,3,3,90,1.8705
1983,11,3,4,95,2.1875
1983,11,3,5,75,1.3002
1983,12,1,1,87,-1.2960
1983,12,1,2,100,-0.8801
1983,12,1,3,101,-0.4061
1983,12,1,4,95,-1.4873
1983,12,1,5,177,-2.5032
1983,12,2,1,75,-0.3169
1983,12,2,2,50,-0.1556
1983,12,2,3,70,-1.5013
1983,12,2,4,53,-0.7398
1983,12,2,5,69,-1.6258
1983,12,3,1,98,-0.8981
1983,12,3,2,113,-0.0544
1983,12,3,3,89,0.3068
1983,12,3,4,94,-1.4027
1983,12,3,5,76,-3.0899
1984,1,1,1,89,1.6860
1984,1,1,2,101,1.2393
1984,1,1,3,101,-0.5548
1984,1,1,4,93,0.8745
1984,1,1,5,180,2.7517
1984,1,2,1,72,-2.8336
1984,1,2,2,51,-3.4015
1984,1,2,3,66,-4.0596
1984,1,2,4,55,0.5480
1984,1,2,5,68,-0.1295
1984,1,3,1,102,0.5316
1984,1,3,2,109,-1.0054
1984,1,3,3,91,1.3738
1984,1,3,4,96,0.2804
1984,1,3,5,76,-2.2210
1984,2,1,1,89,-5.3776
1984,2,1,2,96,-5.9258
1984,2,1,3,111,-5.7992
1984,2,1,4,96,-3.0087
1984,2,1,5,191,-5.1995
1984,2,2,1,72,-3.8819
1984,2,2,2,52,-3.7769
1984,2,2,3,58,-4.4042
1984,2,2,4,59,-5.3531
1984,2,2,5,68,-2.9500
1984,2,3,1,101,-2.4552
1984,2,3,2,114,-2.8279
1984,2,3,3,101,-3.9309
1984,2,3,4,88,-4.6361
1984,2,3,5,78,-2.3416
1984,3,1,1,89,2.4778
1984,3,1,2,101,1.5263
1984,3,1,3,104,1.3492
1984,3,1,4,105,2.9657
1984,3,1,5,188,-1.6252
1984,3,2,1,70,0.8483
1984,3,2,2,53,0.8052
1984,3,2,3,63,0.6267
1984,3,2,4,57,1.3421
1984,3,2,5,66,0.9106
1984,3,3,1,102,0.4196
1984,3,3,2,113,2.5214
1984,3,3,3,97,0.7964
1984,3,3,4,87,3.6596
1984,3,3,5,81,-0.4292
1984,4,1,1,89,1.1371
1984,4,1,2,98,0.6459
1984,4,1,3,110,0.2686
1984,4,1,4,104,0.4695
1984,4,1,5,192,-2.2946
1984,4,2,1,69,0.6018
1984,4,2,2,56,3.2383
1984,4,2,3,59,1.7411
1984,4,2,4,57,-1.1700
1984,4,2,5,68,-1.8586
1984,4,3,1,102,2.9801
1984,4,3,2,110,0.3866
1984,4,3,3,99,2.2347
1984,4,3,4,87,-1.6747
1984,4,3,5,78,-2.2200
1984,5,1,1,128,-3.2239
1984,5,1,2,133,-5.9466
1984,5,1,3,132,-5.3034
1984,5,1,4,139,-5.0645
1984,5,1,5,363,-4.5888
1984,5,2,1,71,-3.8701
1984,5,2,2,58,-3.7138
1984,5,2,3,66,-2.5061
1984,5,2,4,72,-4.0862
1984,5,2,5,74,-6.2929
1984,5,3,1,112,-4.5816
1984,5,3,2,107,-4.1404
1984,5,3,3,105,-5.4993
1984,5,3,4,86,-5.1383
1984,5,3,5,83,-2.9442
1984,6,1,1,130,3.8785
1984,6,1,2,135,2.3985
1984,6,1,3,142,2.6497
1984,6,1,4,146,3.1643
1984,6,1,5,373,-0.7710
1984,6,2,1,74,3.5911
1984,6,2,2,62,4.0345
1984,6,2,3,66,4.5771
1984,6,2,4,74,2.0674
1984,6,2,5,78,2.1766
1984,6,3,1,111,2.3931
1984,6,3,2,108,1.8490
1984,6,3,3,104,1.8834
1984,6,3,4,87,0.6917
1984,6,3,5,82,-1.0101
1984,7,1,1,133,-1.7129
1984,7,1,2,146,-1.9238
1984,7,1,3,140,-2.8586
1984,7,1,4,146,-5.2091
1984,7,1,5,389,-8.6398
1984,7,2,1,72,-2.7372
1984,7,2,2,60,-2.7815
1984,7,2,3,63,-4.8146
1984,7,2,4,77,-4.9934
1984,7,2,5,80,-8.9819
1984,7,3,1,112,-2.9388
1984,7,3,2,102,-1.7318
1984,7,3,3,109,-1.3104
1984,7,3,4,87,-1.3045
1984,7,3,5,80,-4.1869
1984,8,1,1,134,9.1613
1984,8,1,2,145,7.8377
1984,8,1,3,143,8.0160
1984,8,1,4,162,12.2501
1984,8,1,5,450,11.5245
1984,8,2,1,76,10.7964
1984,8,2,2,68,12.3274
1984,8,2,3,66,12.2860
1984,8,2,4,72,10.2439
1984,8,2,5,88,14.5965
1984,8,3,1,112,11.6193
1984,8,3,2,106,11.8198
1984,8,3,3,110,11.0114
1984,8,3,4,89,9.3091
1984,8,3,5,72,11.9081
1984,9,1,1,144,1.3345
1984,9,1,2,143,-0.1350
1984,9,1,3,149,2.2553
1984,9,1,4,173,-1.3879
1984,9,1,5,464,-1.3913
1984,9,2,1,70,2.6357
1984,9,2,2,70,-1.2612
1984,9,2,3,64,1.1725
1984,9,2,4,68,-1.3861
1984,9,2,5,87,-3.6578
1984,9,3,1,110,0.1956
1984,9,3,2,106,-1.6662
1984,9,3,3,107,-0.1354
1984,9,3,4,91,0.8005
1984,9,3,5,75,2.9131
1984,10,1,1,143,1.2499
1984,10,1,2,146,-1.4055
1984,10,1,3,154,-2.9416
1984,10,1,4,179,-2.0450
1984,10,1,5,464,-4.5527
1984,10,2,1,70,-0.5400
1984,10,2,2,66,-0.4927
1984,10,2,3,69,-0.8100
1984,10,2,4,65,-1.1539
1984,10,2,5,87,-3.6797
1984,10,3,1,114,-0.2187
1984,10,3,2,107,-0.0223
1984,10,3,3,105,0.5124
1984,10,3,4,89,0.5487
1984,10,3,5,77,0.7276
1984,11,1,1,147,-1.5542
1984,11,1,2,155,-1.7615
1984,11,1,3,168,-2.7515
1984,11,1,4,190,-1.5367
1984,11,1,5,526,-6.5392
1984,11,2,1,79,-0.7595
1984,11,2,2,62,-1.9414
1984,11,2,3,69,-1.8448
1984,11,2,4,71,-1.7897
1984,11,2,5,95,-2.4027
1984,11,3,1,110,-1.5103
1984,11,3,2,115,-0.3109
1984,11,3,3,105,-0.4753
1984,11,3,4,82,0.0416
1984,11,3,5,77,0.2762
1984,12,1,1,143,1.5366
1984,12,1,2,160,0.5204
1984,12,1,3,173,0.4178
1984,12,1,4,186,0.4862
1984,12,1,5,531,-0.4552
1984,12,2,1,77,3.0245
1984,12,2,2,67,2.2135
1984,12,2,3,64,3.2629
1984,12,2,4,72,2.1056
1984,12,2,5,95,-0.0736
1984,12,3,1,110,2.3246
1984,12,3,2,115,1.7947
1984,12,3,3,104,2.9258
1984,12,3,4,83,1.2316
1984,12,3,5,77,1.2483
1985,1,1,1,161,11.2635
1985,1,1,2,157,11.8278
1985,1,1,3,168,9.6885
1985,1,1,4,190,12.9679
1985,1,1,5,550,13.3706
1985,1,2,1,74,10.7396
1985,1,2,2,66,12.4890
1985,1,2,3,71,8.4463
1985,1,2,4,72,11.3677
1985,1,2,5,95,10.2560
1985,1,3,1,109,7.0690
1985,1,3,2,115,8.2896
1985,1,3,3,101,6.3298
1985,1,3,4,85,6.7352
1985,1,3,5,76,7.9192
1985,2,1,1,168,2.8810
1985,2,1,2,162,4.4566
1985,2,1,3,177,3.1337
1985,2,1,4,210,3.4314
1985,2,1,5,592,4.1965
1985,2,2,1,75,3.7530
1985,2,2,2,64,2.5391
1985,2,2,3,64,0.2351
1985,2,2,4,79,0.0741
1985,2,2,5,94,1.5195
1985,2,3,1,107,3.0705
1985,2,3,2,118,1.1511
1985,2,3,3,102,0.1541
1985,2,3,4,78,1.5733
1985,2,3,5,78,1.1287
1985,3,1,1,171,-0.1258
1985,3,1,2,164,-2.0314
1985,3,1,3,178,-0.9266
1985,3,1,4,214,-2.0227
1985,3,1,5,597,-2.1449
1985,3,2,1,78,-2.1592
1985,3,2,2,64,-2.2196
1985,3,2,3,66,-1.6523
1985,3,2,4,84,-0.2524
1985,3,2,5,95,-1.7714
1985,3,3,1,107,1.1087
1985,3,3,2,119,-1.9109
1985,3,3,3,99,0.6762
1985,3,3,4,78,1.6235
1985,3,3,5,75,2.4977
1985,4,1,1,163,-1.6062
1985,4,1,2,165,-0.3552
1985,4,1,3,181,-2.0530
1985,4,1,4,218,-1.1951
1985,4,1,5,605,-2.9588
1985,4,2,1,84,-1.4288
1985,4,2,2,60,0.0799
1985,4,2,3,67,-0.7954
1985,4,2,4,77,-1.3875
1985,4,2,5,94,-2.9352
1985,4,3,1,106,0.1699
1985,4,3,2,122,-0.1727
1985,4,3,3,97,0.1439
1985,4,3,4,82,0.5354
1985,4,3,5,76,-1.0660
1985,5,1,1,176,3.6173
1985,5,1,2,163,2.4770
1985,5,1,3,172,3.1302
1985,5,1,4,231,3.4338
1985,5,1,5,639,-0.3080
1985,5,2,1,90,4.9278
1985,5,2,2,55,4.8413
1985,5,2,3,76,4.5542
1985,5,2,4,76,3.9740
1985,5,2,5,110,2.4176
1985,5,3,1,106,5.5048
1985,5,3,2,125,5.7792
1985,5,3,3,98,7.1521
1985,5,3,4,83,3.5146
1985,5,3,5,79,4.4878
1985,6,1,1,170,1.7722
1985,6,1,2,158,1.2348
1985,6,1,3,180,0.7308
1985,6,1,4,226,-1.3873
1985,6,1,5,646,-1.5613
1985,6,2,1,92,0.9032
1985,6,2,2,55,1.0305
1985,6,2,3,74,2.2931
1985,6,2,4,78,-0.1463
1985,6,2,5,105,0.1169
1985,6,3,1,106,1.5548
1985,6,3,2,123,2.3013
1985,6,3,3,100,1.2381
1985,6,3,4,83,2.6505
1985,6,3,5,77,2.3916
1985,7,1,1,163,2.3452
1985,7,1,2,162,2.7565
1985,7,1,3,170,3.5268
1985,7,1,4,230,2.9260
1985,7,1,5,647,2.2860
1985,7,2,1,91,3.1139
1985,7,2,2,56,3.2316
1985,7,2,3,72,1.6913
1985,7,2,4,78,2.7492
1985,7,2,5,105,2.6403
1985,7,3,1,106,-0.9657
1985,7,3,2,123,0.3703
1985,7,3,3,98,-0.4964
1985,7,3,4,83,-0.9109
1985,7,3,5,80,-0.9617
1985,8,1,1,169,-0.0766
1985,8,1,2,161,-0.1849
1985,8,1,3,158,-1.8744
1985,8,1,4,231,-0.7029
1985,8,1,5,675,-1.1793
1985,8,2,1,88,-0.0483
1985,8,2,2,55,-1.6361
1985,8,2,3,73,-0.1485
1985,8,2,4,76,-0.2865
1985,8,2,5,116,-1.0849
1985,8,3,1,108,-0.1758
1985,8,3,2,121,-1.2112
1985,8,3,3,97,0.4856
1985,8,3,4,87,1.0297
1985,8,3,5,76,-0.5304
1985,9,1,1,162,-2.8959
1985,9,1,2,165,-4.3042
1985,9,1,3,152,-3.6637
1985,9,1,4,232,-5.1645
1985,9,1,5,680,-7.2892
1985,9,2,1,90,-2.9560
1985,9,2,2,56,-5.3238
1985,9,2,3,73,-5.1218
1985,9,2,4,76,-5.4394
1985,9,2,5,110,-8.9132
1985,9,3,1,106,-2.1193
1985,9,3,2,119,-3.0923
1985,9,3,3,99,-3.9992
1985,9,3,4,90,-3.9656
1985,9,3,5,76,-5.7380
1985,10,1,1,169,2.8051
1985,10,1,2,154,2.8160
1985,10,1,3,158,2.3764
1985,10,1,4,226,1.7909
1985,10,1,5,683,0.5538
1985,10,2,1,88,4.6511
1985,10,2,2,57,3.3051
1985,10,2,3,68,2.9507
1985,10,2,4,80,2.2808
1985,10,2,5,106,4.4851
1985,10,3,1,109,4.8721
1985,10,3,2,118,3.1593
1985,10,3,3,101,5.4055
1985,10,3,4,89,4.8958
1985,10,3,5,74,3.4803
1985,11,1,1,165,5.5629
1985,11,1,2,160,7.7734
1985,11,1,3,168,7.4090
1985,11,1,4,231,4.6939
1985,11,1,5,705,3.6364
1985,11,2,1,87,6.6663
1985,11,2,2,57,8.2917
1985,11,2,3,63,6.5728
1985,11,2,4,88,6.9538
1985,11,2,5,113,6.5853
1985,11,3,1,109,4.5195
1985,11,3,2,122,8.5038
1985,11,3,3,106,5.9324
1985,11,3,4,89,4.8068
1985,11,3,5,72,6.7996
1985,12,1,1,169,5.7342
1985,12,1,2,156,3.8282
1985,12,1,3,162,4.9792
1985,12,1,4,235,3.8545
1985,12,1,5,701,1.5187
1985,12,2,1,88,5.4322
1985,12,2,2,58,6.1168
1985,12,2,3,67,3.7970
1985,12,2,4,84,3.6474
1985,12,2,5,112,2.4903
1985,12,3,1,110,2.3388
1985,12,3,2,119,5.1330
1985,12,3,3,106,4.5883
1985,12,3,4,90,2.2398
1985,12,3,5,72,4.3666
1986,1,1,1,171,1.5493
1986,1,1,2,160,3.0725
1986,1,1,3,160,1.0505
1986,1,1,4,235,1.3761
1986,1,1,5,696,3.1688
1986,1,2,1,87,-0.1503
1986,1,2,2,59,-0.0096
1986,1,2,3,65,2.0081
1986,1,2,4,82,1.3020
1986,1,2,5,113,-0.6692
1986,1,3,1,108,-0.4803
1986,1,3,2,121,1.7045
1986,1,3,3,103,-0.4584
1986,1,3,4,88,0.3548
1986,1,3,5,70,1.5951
1986,2,1,1,175,5.8967
1986,2,1,2,166,7.5394
1986,2,1,3,164,6.0350
1986,2,1,4,243,4.7466
1986,2,1,5,727,4.1529
1986,2,2,1,86,7.9994
1986,2,2,2,62,7.4865
1986,2,2,3,74,8.5806
1986,2,2,4,81,7.3770
1986,2,2,5,117,4.5180
1986,2,3,1,110,6.6024
1986,2,3,2,115,9.7350
1986,2,3,3,100,7.5833
1986,2,3,4,95,7.4327
1986,2,3,5,72,6.0397
1986,3,1,1,173,6.2008
1986,3,1,2,163,5.3603
1986,3,1,3,173,4.9796
1986,3,1,4,240,4.1076
1986,3,1,5,739,2.0342
1986,3,2,1,86,6.7752
1986,3,2,2,72,6.1515
1986,3,2,3,75,6.5773
1986,3,2,4,75,4.6029
1986,3,2,5,117,3.6749
1986,3,3,1,109,6.1008
1986,3,3,2,113,4.6940
1986,3,3,3,101,3.6370
1986,3,3,4,98,4.9359
1986,3,3,5,72,2.4271
1986,4,1,1,171,1.3534
1986,4,1,2,161,0.8395
1986,4,1,3,176,1.6336
1986,4,1,4,243,1.7271
1986,4,1,5,741,2.0380
1986,4,2,1,84,1.6391
1986,4,2,2,74,-0.1853
1986,4,2,3,73,2.3245
1986,4,2,4,75,0.6730
1986,4,2,5,112,2.3790
1986,4,3,1,113,0.0698
1986,4,3,2,113,-1.4930
1986,4,3,3,100,-0.2217
1986,4,3,4,99,-3.2645
1986,4,3,5,71,-0.5631
1986,5,1,1,165,4.1750
1986,5,1,2,180,4.2729
1986,5,1,3,185,2.7119
1986,5,1,4,250,3.8124
1986,5,1,5,804,4.4877
1986,5,2,1,95,5.2270
1986,5,2,2,79,2.8815
1986,5,2,3,68,2.7444
1986,5,2,4,86,2.0127
1986,5,2,5,126,1.6117
1986,5,3,1,111,7.5816
1986,5,3,2,112,4.6463
1986,5,3,3,120,5.7475
1986,5,3,4,95,5.5558
1986,5,3,5,67,2.8787
1986,6,1,1,161,2.1234
1986,6,1,2,185,-0.3693
1986,6,1,3,185,-0.4898
1986,6,1,4,246,-0.4795
1986,6,1,5,801,-2.0243
1986,6,2,1,98,-0.0577
1986,6,2,2,82,1.1660
1986,6,2,3,69,-0.8537
1986,6,2,4,88,0.0867
1986,6,2,5,123,-1.3394
1986,6,3,1,110,2.1504
1986,6,3,2,112,0.3502
1986,6,3,3,120,1.8719
1986,6,3,4,96,3.1435
1986,6,3,5,67,-0.3093
1986,7,1,1,166,-6.3581
1986,7,1,2,180,-7.3366
1986,7,1,3,196,-7.1460
1986,7,1,4,239,-8.8758
1986,7,1,5,782,-9.9764
1986,7,2,1,97,-8.2289
1986,7,2,2,78,-8.5139
1986,7,2,3,72,-8.2523
1986,7,2,4,81,-8.4273
1986,7,2,5,126,-10.9951
1986,7,3,1,108,-5.4681
1986,7,3,2,112,-6.1883
1986,7,3,3,113,-3.0097
1986,7,3,4,95,-3.3754
1986,7,3,5,69,-6.6963
1986,8,1,1,161,1.3146
1986,8,1,2,177,1.3989
1986,8,1,3,221,2.1897
1986,8,1,4,245,1.5070
1986,8,1,5,795,1.7505
1986,8,2,1,95,2.8612
1986,8,2,2,77,4.2487
1986,8,2,3,69,3.2566
1986,8,2,4,88,7.7047
1986,8,2,5,127,5.4934
1986,8,3,1,108,7.6665
1986,8,3,2,111,7.6676
1986,8,3,3,120,6.5838
1986,8,3,4,94,9.4585
1986,8,3,5,71,6.6863
1986,9,1,1,162,-4.9514
1986,9,1,2,176,-4.6146
1986,9,1,3,232,-5.8270
1986,9,1,4,241,-5.5902
1986,9,1,5,799,-6.4687
1986,9,2,1,93,-4.6855
1986,9,2,2,79,-4.9426
1986,9,2,3,71,-5.3404
1986,9,2,4,84,-4.6214
1986,9,2,5,120,-7.3731
1986,9,3,1,105,-6.2893
1986,9,3,2,113,-7.0810
1986,9,3,3,114,-8.6592
1986,9,3,4,95,-6.3291
1986,9,3,5,76,-6.8949
1986,10,1,1,152,4.6503
1986,10,1,2,181,2.7524
1986,10,1,3,233,2.5319
1986,10,1,4,244,3.5290
1986,10,1,5,796,0.8010
1986,10,2,1,95,3.6001
1986,10,2,2,85,5.2104
1986,10,2,3,60,1.5485
1986,10,2,4,80,3.9504
1986,10,2,5,118,5.6447
1986,10,3,1,107,5.1991
1986,10,3,2,110,6.7205
1986,10,3,3,118,7.5569
1986,10,3,4,95,5.3419
1986,10,3,5,77,5.3770
1986,11,1,1,159,0.0210
1986,11,1,2,186,-0.2126
1986,11,1,3,212,1.8961
1986,11,1,4,257,0.1344
1986,11,1,5,814,-1.3446
1986,11,2,1,89,2.7463
1986,11,2,2,86,1.0563
1986,11,2,3,59,0.8854
1986,11,2,4,81,0.6019
1986,11,2,5,127,-2.8547
1986,11,3,1,107,2.5052
1986,11,3,2,109,2.1842
1986,11,3,3,112,2.8472
1986,11,3,4,101,3.0741
1986,11,3,5,72,0.8884
1986,12,1,1,149,-1.5634
1986,12,1,2,196,-0.5708
1986,12,1,3,201,-3.3916
1986,12,1,4,251,-3.6641
1986,12,1,5,814,-5.0189
1986,12,2,1,91,-1.2076
1986,12,2,2,84,-1.6951
1986,12,2,3,61,-2.7611
1986,12,2,4,88,-1.6396
1986,12,2,5,119,-2.5429
1986,12,3,1,110,-2.5769
1986,12,3,2,106,-2.7409
1986,12,3,3,112,-2.4890
1986,12,3,4,100,-3.0444
1986,12,3,5,73,-3.8384
1987,1,1,1,148,10.1524
1987,1,1,2,194,7.9948
1987,1,1,3,201,9.5797
1987,1,1,4,250,10.6682
1987,1,1,5,811,12.7393
1987,1,2,1,93,13.1195
1987,1,2,2,81,9.5007
1987,1,2,3,57,11.5797
1987,1,2,4,82,13.0523
1987,1,2,5,115,15.6538
1987,1,3,1,111,13.1705
1987,1,3,2,102,17.9653
1987,1,3,3,112,12.2137
1987,1,3,4,99,12.4080
1987,1,3,5,71,15.0691
1987,2,1,1,161,8.0273
1987,2,1,2,176,9.1488
1987,2,1,3,212,8.7880
1987,2,1,4,254,6.8689
1987,2,1,5,820,9.2921
1987,2,2,1,99,7.5373
1987,2,2,2,74,7.9720
1987,2,2,3,60,9.4813
1987,2,2,4,84,6.6897
1987,2,2,5,116,8.0804
1987,2,3,1,116,3.3977
1987,2,3,2,100,2.3905
1987,2,3,3,106,1.5852
1987,2,3,4,96,2.2862
1987,2,3,5,78,7.5365
1987,3,1,1,160,1.9270
1987,3,1,2,187,6.1358
1987,3,1,3,200,1.2417
1987,3,1,4,253,0.3049
1987,3,1,5,817,2.6148
1987,3,2,1,98,2.3754
1987,3,2,2,73,3.4120
1987,3,2,3,63,2.2822
1987,3,2,4,83,0.5650
1987,3,2,5,120,3.8603
1987,3,3,1,119,4.9240
1987,3,3,2,102,3.0072
1987,3,3,3,106,1.6416
1987,3,3,4,98,3.5331
1987,3,3,5,75,2.2024
1987,4,1,1,159,-4.3853
1987,4,1,2,185,-2.8306
1987,4,1,3,202,-2.2160
1987,4,1,4,266,-3.8246
1987,4,1,5,808,-1.3464
1987,4,2,1,96,-4.3590
1987,4,2,2,73,-2.6588
1987,4,2,3,62,-2.6140
1987,4,2,4,84,-3.2170
1987,4,2,5,114,0.1177
1987,4,3,1,119,-1.5256
1987,4,3,2,102,0.7627
1987,4,3,3,105,-2.4029
1987,4,3,4,97,-0.1752
1987,4,3,5,74,-1.2344
1987,5,1,1,181,-0.9153
1987,5,1,2,168,-0.2434
1987,5,1,3,223,0.1168
1987,5,1,4,258,0.0314
1987,5,1,5,819,1.1352
1987,5,2,1,94,0.1669
1987,5,2,2,70,1.2776
1987,5,2,3,75,0.8146
1987,5,2,4,87,0.8006
1987,5,2,5,118,-0.3141
1987,5,3,1,121,0.8242
1987,5,3,2,114,-0.3005
1987,5,3,3,94,1.0113
1987,5,3,4,95,0.6881
1987,5,3,5,79,1.0313
1987,6,1,1,186,3.4524
1987,6,1,2,167,3.8317
1987,6,1,3,228,2.8104
1987,6,1,4,261,2.4763
1987,6,1,5,818,1.3108
1987,6,2,1,87,4.1849
1987,6,2,2,66,3.6912
1987,6,2,3,74,5.5175
1987,6,2,4,87,1.7709
1987,6,2,5,113,2.1010
1987,6,3,1,126,6.3051
1987,6,3,2,116,3.9353
1987,6,3,3,92,4.5578
1987,6,3,4,95,4.7925
1987,6,3,5,81,1.5266
1987,7,1,1,179,3.6850
1987,7,1,2,171,2.8996
1987,7,1,3,229,4.7764
1987,7,1,4,252,3.0502
1987,7,1,5,806,3.7762
1987,7,2,1,88,5.0567
1987,7,2,2,67,4.4748
1987,7,2,3,66,5.0357
1987,7,2,4,88,4.0161
1987,7,2,5,122,2.9764
1987,7,3,1,119,4.1997
1987,7,3,2,114,6.1231
1987,7,3,3,92,4.3664
1987,7,3,4,93,3.8412
1987,7,3,5,78,7.1318
1987,8,1,1,180,2.6034
1987,8,1,2,174,3.6122
1987,8,1,3,235,4.3421
1987,8,1,4,290,2.9573
1987,8,1,5,766,-0.5377
1987,8,2,1,95,2.1983
1987,8,2,2,69,3.7437
1987,8,2,3,67,6.3091
1987,8,2,4,90,3.6995
1987,8,2,5,118,0.4892
1987,8,3,1,116,3.5581
1987,8,3,2,112,5.6405
1987,8,3,3,92,3.4641
1987,8,3,4,96,1.6919
1987,8,3,5,79,2.5279
1987,9,1,1,174,0.4451
1987,9,1,2,181,-0.5911
1987,9,1,3,225,1.1622
1987,9,1,4,287,-1.0346
1987,9,1,5,774,-2.1580
1987,9,2,1,87,-1.4556
1987,9,2,2,67,-2.5578
1987,9,2,3,67,-2.1672
1987,9,2,4,87,-1.4970
1987,9,2,5,119,-2.4589
1987,9,3,1,117,-3.2912
1987,9,3,2,112,-1.1581
1987,9,3,3,96,-2.0488
1987,9,3,4,97,-1.1657
1987,9,3,5,72,-0.1232
1987,10,1,1,172,-25.6668
1987,10,1,2,184,-30.0477
1987,10,1,3,220,-30.3828
1987,10,1,4,296,-28.0321
1987,10,1,5,772,-31.3977
1987,10,2,1,87,-28.9398
1987,10,2,2,72,-26.9867
1987,10,2,3,64,-25.4184
1987,10,2,4,86,-24.6743
1987,10,2,5,114,-33.3626
1987,10,3,1,112,-20.8033
1987,10,3,2,108,-22.0798
1987,10,3,3,99,-19.3427
1987,10,3,4,97,-20.5733
1987,10,3,5,73,-24.5081
1987,11,1,1,163,-3.2920
1987,11,1,2,192,-3.9334
1987,11,1,3,231,-5.3212
1987,11,1,4,278,-6.6971
1987,11,1,5,778,-7.0134
1987,11,2,1,99,-3.1311
1987,11,2,2,71,-2.6062
1987,11,2,3,61,-1.8675
1987,11,2,4,93,-4.9296
1987,11,2,5,124,-5.5806
1987,11,3,1,120,-9.2363
1987,11,3,2,101,-7.1572
1987,11,3,3,109,-8.2032
1987,11,3,4,96,-5.3347
1987,11,3,5,71,-5.1366
1987,12,1,1,162,8.0476
1987,12,1,2,192,6.3543
1987,12,1,3,226,8.9346
1987,12,1,4,281,6.3595
1987,12,1,5,772,2.5822
1987,12,2,1,103,10.9901
1987,12,2,2,70,9.0786
1987,12,2,3,59,8.5765
1987,12,2,4,94,10.5369
1987,12,2,5,124,10.1256
1987,12,3,1,120,7.8184
1987,12,3,2,99,8.9262
1987,12,3,3,112,5.5235
1987,12,3,4,97,7.7307
1987,12,3,5,69,8.2063
1988,1,1,1,159,3.8268
1988,1,1,2,197,5.8032
1988,1,1,3,229,6.2632
1988,1,1,4,273,5.6132
1988,1,1,5,762,9.1995
1988,1,2,1,102,2.8897
1988,1,2,2,67,2.5918
1988,1,2,3,64,3.0156
1988,1,2,4,85,1.9571
1988,1,2,5,129,3.0343
1988,1,3,1,120,5.6475
1988,1,3,2,100,2.6931
1988,1,3,3,112,4.7133
1988,1,3,4,99,4.2875
1988,1,3,5,67,1.5356
1988,2,1,1,176,7.4959
1988,2,1,2,192,9.5922
1988,2,1,3,228,9.9321
1988,2,1,4,261,7.7597
1988,2,1,5,782,6.2335
1988,2,2,1,93,10.5950
1988,2,2,2,75,10.8453
1988,2,2,3,68,9.2698
1988,2,2,4,86,9.4471
1988,2,2,5,125,8.8863
1988,2,3,1,118,5.4163
1988,2,3,2,107,5.5085
1988,2,3,3,109,2.7520
1988,2,3,4,91,4.5332
1988,2,3,5,74,5.9866
1988,3,1,1,174,8.0575
1988,3,1,2,196,5.7423
1988,3,1,3,225,4.1369
1988,3,1,4,261,4.3306
1988,3,1,5,769,4.8153
1988,3,2,1,97,4.9171
1988,3,2,2,74,3.8195
1988,3,2,3,68,5.2989
1988,3,2,4,88,1.1023
1988,3,2,5,121,2.3724
1988,3,3,1,117,-2.4213
1988,3,3,2,107,-3.1866
1988,3,3,3,110,-3.3910
1988,3,3,4,90,-0.7049
1988,3,3,5,79,-2.2725
1988,4,1,1,178,1.6868
1988,4,1,2,193,2.4074
1988,4,1,3,218,2.8918
1988,4,1,4,265,1.4942
1988,4,1,5,757,1.0513
1988,4,2,1,97,1.1017
1988,4,2,2,73,0.9659
1988,4,2,3,70,1.1441
1988,4,2,4,89,2.2033
1988,4,2,5,118,2.3867
1988,4,3,1,120,2.9698
1988,4,3,2,102,0.8285
1988,4,3,3,109,0.2325
1988,4,3,4,90,0.9730
1988,4,3,5,79,1.1531
1988,5,1,1,187,-0.4240
1988,5,1,2,198,-0.3754
1988,5,1,3,214,-2.9013
1988,5,1,4,274,-1.3052
1988,5,1,5,764,-4.5353
1988,5,2,1,96,-1.3389
1988,5,2,2,79,1.7898
1988,5,2,3,80,-0.0085
1988,5,2,4,86,-1.3883
1988,5,2,5,127,-2.0498
1988,5,3,1,119,-0.1430
1988,5,3,2,104,0.0720
1988,5,3,3,103,2.4272
1988,5,3,4,101,-0.5323
1988,5,3,5,75,-0.8025
1988,6,1,1,183,6.3725
1988,6,1,2,197,6.6020
1988,6,1,3,216,6.1265
1988,6,1,4,278,7.5303
1988,6,1,5,752,4.5796
1988,6,2,1,93,7.5051
1988,6,2,2,82,8.3458
1988,6,2,3,81,9.2324
1988,6,2,4,90,7.8052
1988,6,2,5,124,5.1962
1988,6,3,1,118,4.0760
1988,6,3,2,103,6.3935
1988,6,3,3,104,3.8368
1988,6,3,4,99,3.6880
1988,6,3,5,76,5.8570
1988,7,1,1,187,1.6066
1988,7,1,2,207,-0.3854
1988,7,1,3,213,0.7428
1988,7,1,4,268,-1.5239
1988,7,1,5,745,-0.5737
1988,7,2,1,95,-0.2256
1988,7,2,2,78,-1.1009
1988,7,2,3,72,-0.3518
1988,7,2,4,86,-1.5745
1988,7,2,5,130,0.0365
1988,7,3,1,120,0.0904
1988,7,3,2,107,-0.8108
1988,7,3,3,104,-1.3968
1988,7,3,4,99,-0.7514
1988,7,3,5,71,-3.0802
1988,8,1,1,187,-1.1620
1988,8,1,2,208,-3.9444
1988,8,1,3,213,-0.6548
1988,8,1,4,262,-0.7721
1988,8,1,5,773,-3.2017
1988,8,2,1,99,-2.7928
1988,8,2,2,76,-3.9492
1988,8,2,3,76,-0.9852
1988,8,2,4,86,-2.9200
1988,8,2,5,128,-3.8199
1988,8,3,1,124,-3.1797
1988,8,3,2,104,-3.0552
1988,8,3,3,104,-2.5166
1988,8,3,4,98,-3.4057
1988,8,3,5,76,-2.8784
1988,9,1,1,184,3.1167
1988,9,1,2,210,2.6754
1988,9,1,3,212,2.4452
1988,9,1,4,257,0.7678
1988,9,1,5,773,1.6417
1988,9,2,1,102,3.7288
1988,9,2,2,78,3.9070
1988,9,2,3,78,2.4890
1988,9,2,4,82,2.9615
1988,9,2,5,125,2.3364
1988,9,3,1,122,3.5794
1988,9,3,2,101,4.5287
1988,9,3,3,107,5.1404
1988,9,3,4,98,2.2395
1988,9,3,5,73,3.5139
1988,10,1,1,185,-0.2869
1988,10,1,2,217,-0.4491
1988,10,1,3,214,-1.8787
1988,10,1,4,260,-1.9839
1988,10,1,5,767,-2.6816
1988,10,2,1,98,-0.3087
1988,10,2,2,77,-0.7073
1988,10,2,3,71,0.0331
1988,10,2,4,80,-0.8930
1988,10,2,5,132,-2.6426
1988,10,3,1,122,1.6888
1988,10,3,2,103,3.0670
1988,10,3,3,108,2.6410
1988,10,3,4,96,2.4102
1988,10,3,5,70,0.2672
1988,11,1,1,189,-2.0731
1988,11,1,2,218,-4.3227
1988,11,1,3,219,-4.0138
1988,11,1,4,291,-4.0410
1988,11,1,5,775,-5.5935
1988,11,2,1,106,-1.4271
1988,11,2,2,75,-3.3837
1988,11,2,3,67,-3.4195
1988,11,2,4,82,-2.0976
1988,11,2,5,131,-3.7206
1988,11,3,1,120,-1.3601
1988,11,3,2,110,-1.7074
1988,11,3,3,105,-0.8943
1988,11,3,4,95,-1.0050
1988,11,3,5,73,-0.9392
1988,12,1,1,192,3.4097
1988,12,1,2,220,4.9710
1988,12,1,3,219,5.8091
1988,12,1,4,298,4.3999
1988,12,1,5,775,3.8671
1988,12,2,1,102,4.4077
1988,12,2,2,78,3.8686
1988,12,2,3,63,4.2988
1988,12,2,4,79,4.3952
1988,12,2,5,124,6.7964
1988,12,3,1,122,1.1835
1988,12,3,2,108,2.3006
1988,12,3,3,105,1.3694
1988,12,3,4,93,3.8881
1988,12,3,5,72,3.4133
1989,1,1,1,190,4.8337
1989,1,1,2,224,4.3856
1989,1,1,3,216,4.9955
1989,1,1,4,299,4.3632
1989,1,1,5,759,5.1000
1989,1,2,1,101,3.5975
1989,1,2,2,80,7.6569
1989,1,2,3,66,3.7531
1989,1,2,4,77,4.8361
1989,1,2,5,124,5.1719
1989,1,3,1,122,7.3225
1989,1,3,2,105,6.9517
1989,1,3,3,103,6.1866
1989,1,3,4,96,5.3808
1989,1,3,5,70,7.0063
1989,2,1,1,185,-0.1692
1989,2,1,2,226,0.1935
1989,2,1,3,228,0.4158
1989,2,1,4,273,0.9178
1989,2,1,5,795,-0.6402
1989,2,2,1,105,1.5531
1989,2,2,2,71,2.5467
1989,2,2,3,71,0.7949
1989,2,2,4,81,0.0398
1989,2,2,5,130,0.9684
1989,2,3,1,121,-3.3100
1989,2,3,2,114,-2.6125
1989,2,3,3,103,-2.2837
1989,2,3,4,88,-1.1743
1989,2,3,5,75,0.0306
1989,3,1,1,181,2.9088
1989,3,1,2,230,2.7118
1989,3,1,3,226,3.7406
1989,3,1,4,268,2.1890
1989,3,1,5,806,2.5606
1989,3,2,1,105,1.5716
1989,3,2,2,74,0.7447
1989,3,2,3,74,1.8900
1989,3,2,4,81,1.5466
1989,3,2,5,123,4.5225
1989,3,3,1,121,2.1812
1989,3,3,2,109,2.4801
1989,3,3,3,104,1.2267
1989,3,3,4,91,2.4562
1989,3,3,5,73,0.5826
1989,4,1,1,181,3.9602
1989,4,1,2,226,3.2187
1989,4,1,3,225,1.0310
1989,4,1,4,267,3.9449
1989,4,1,5,800,2.1747
1989,4,2,1,103,4.9160
1989,4,2,2,77,4.2815
1989,4,2,3,72,4.2782
1989,4,2,4,82,4.4809
1989,4,2,5,125,5.3985
1989,4,3,1,122,4.3556
1989,4,3,2,107,5.1864
1989,4,3,3,102,5.8573
1989,4,3,4,92,5.9734
1989,4,3,5,75,5.7443
1989,5,1,1,197,2.0984
1989,5,1,2,226,6.2855
1989,5,1,3,244,2.4066
1989,5,1,4,285,3.4263
1989,5,1,5,816,2.5680
1989,5,2,1,110,4.1581
1989,5,2,2,76,4.6425
1989,5,2,3,76,4.1522
1989,5,2,4,88,3.5708
1989,5,2,5,131,4.8995
1989,5,3,1,125,3.8265
1989,5,3,2,115,4.7963
1989,5,3,3,99,4.5742
1989,5,3,4,98,5.4977
1989,5,3,5,81,4.0196
1989,6,1,1,201,-0.7843
1989,6,1,2,223,-0.9092
1989,6,1,3,237,-0.8338
1989,6,1,4,295,-1.4880
1989,6,1,5,808,-2.0018
1989,6,2,1,109,-1.4017
1989,6,2,2,74,-3.9027
1989,6,2,3,75,-1.1108
1989,6,2,4,84,-1.6547
1989,6,2,5,129,-3.0958
1989,6,3,1,125,-0.9425
1989,6,3,2,117,-1.2566
1989,6,3,3,99,-0.1321
1989,6,3,4,97,-1.3624
1989,6,3,5,81,2.1935
1989,7,1,1,201,1.9482
1989,7,1,2,225,3.8556
1989,7,1,3,234,2.8119
1989,7,1,4,268,2.4384
1989,7,1,5,816,2.9257
1989,7,2,1,108,4.9223
1989,7,2,2,64,3.7164
1989,7,2,3,73,4.1411
1989,7,2,4,85,2.6387
1989,7,2,5,130,6.1814
1989,7,3,1,126,7.6464
1989,7,3,2,117,9.8231
1989,7,3,3,100,8.2800
1989,7,3,4,93,7.7576
1989,7,3,5,80,3.6274
1989,8,1,1,218,0.3344
1989,8,1,2,223,1.8444
1989,8,1,3,243,3.0201
1989,8,1,4,268,1.5719
1989,8,1,5,835,1.7807
1989,8,2,1,114,2.7485
1989,8,2,2,67,3.1285
1989,8,2,3,81,3.6225
1989,8,2,4,88,2.1293
1989,8,2,5,122,2.2906
1989,8,3,1,126,1.9878
1989,8,3,2,115,2.5966
1989,8,3,3,95,1.0163
1989,8,3,4,98,2.9149
1989,8,3,5,83,4.3174
1989,9,1,1,224,-0.3183
1989,9,1,2,211,-0.3647
1989,9,1,3,252,0.1484
1989,9,1,4,270,-1.8943
1989,9,1,5,831,1.3749
1989,9,2,1,111,0.5146
1989,9,2,2,68,-0.8745
1989,9,2,3,81,0.0739
1989,9,2,4,84,-0.0858
1989,9,2,5,125,1.3075
1989,9,3,1,125,-0.2095
1989,9,3,2,114,-0.1529
1989,9,3,3,98,-0.0877
1989,9,3,4,97,-0.3796
1989,9,3,5,84,-0.5473
1989,10,1,1,223,-3.4720
1989,10,1,2,214,-7.2981
1989,10,1,3,253,-6.6718
1989,10,1,4,266,-5.1444
1989,10,1,5,819,-5.5005
1989,10,2,1,107,-4.3239
1989,10,2,2,71,-7.0849
1989,10,2,3,80,-7.8163
1989,10,2,4,90,-5.6537
1989,10,2,5,129,-5.7152
1989,10,3,1,129,-2.3536
1989,10,3,2,114,-1.5168
1989,10,3,3,94,-1.4035
1989,10,3,4,97,-1.6340
1989,10,3,5,82,-4.9773
1989,11,1,1,219,-0.3153
1989,11,1,2,226,-0.4130
1989,11,1,3,256,-0.7298
1989,11,1,4,288,-2.3968
1989,11,1,5,843,0.0739
1989,11,2,1,112,0.5322
1989,11,2,2,73,-1.6628
1989,11,2,3,87,0.9156
1989,11,2,4,91,0.4458
1989,11,2,5,130,4.6901
1989,11,3,1,135,1.1418
1989,11,3,2,115,1.2822
1989,11,3,3,95,4.2491
1989,11,3,4,96,3.4727
1989,11,3,5,84,2.5129
1989,12,1,1,223,-0.2891
1989,12,1,2,226,-0.9723
1989,12,1,3,250,-0.7959
1989,12,1,4,288,-0.6346
1989,12,1,5,845,-0.7393
1989,12,2,1,111,2.5325
1989,12,2,2,69,-1.0724
1989,12,2,3,93,0.4116
1989,12,2,4,88,2.3047
1989,12,2,5,133,2.6405
1989,12,3,1,134,3.9723
1989,12,3,2,118,3.6198
1989,12,3,3,94,3.0583
1989,12,3,4,95,2.3719
1989,12,3,5,83,2.2730
1990,1,1,1,219,-6.9182
1990,1,1,2,223,-6.9493
1990,1,1,3,252,-7.0165
1990,1,1,4,286,-6.6556
1990,1,1,5,838,-7.9674
1990,1,2,1,111,-7.8374
1990,1,2,2,75,-9.2853
1990,1,2,3,90,-12.0338
1990,1,2,4,92,-7.6669
1990,1,2,5,131,-9.6132
1990,1,3,1,133,-6.9598
1990,1,3,2,115,-7.8870
1990,1,3,3,95,-6.1338
1990,1,3,4,96,-5.6564
1990,1,3,5,88,-7.4240
1990,2,1,1,201,0.9889
1990,2,1,2,254,3.1676
1990,2,1,3,278,1.7661
1990,2,1,4,309,2.3042
1990,2,1,5,847,1.7030
1990,2,2,1,115,2.8647
1990,2,2,2,78,3.2631
1990,2,2,3,86,3.8991
1990,2,2,4,99,1.6100
1990,2,2,5,135,5.4392
1990,2,3,1,128,0.9863
1990,2,3,2,114,1.4082
1990,2,3,3,94,0.7151
1990,2,3,4,94,1.9681
1990,2,3,5,87,2.1210
1990,3,1,1,206,3.6341
1990,3,1,2,248,2.2490
1990,3,1,3,291,5.1062
1990,3,1,4,310,4.6101
1990,3,1,5,831,2.9168
1990,3,2,1,111,5.0077
1990,3,2,2,76,4.1007
1990,3,2,3,87,5.8123
1990,3,2,4,101,5.1755
1990,3,2,5,138,4.0778
1990,3,3,1,132,2.8726
1990,3,3,2,118,3.7427
1990,3,3,3,94,3.0200
1990,3,3,4,93,1.7860
1990,3,3,5,86,0.4492
1990,4,1,1,207,-1.7652
1990,4,1,2,244,-1.5393
1990,4,1,3,281,-2.1931
1990,4,1,4,320,-2.6182
1990,4,1,5,815,-3.4257
1990,4,2,1,110,-3.8360
1990,4,2,2,78,-3.5750
1990,4,2,3,93,-2.7184
1990,4,2,4,100,-4.7620
1990,4,2,5,140,-4.0019
1990,4,3,1,132,-1.3375
1990,4,3,2,116,-2.6310
1990,4,3,3,93,-2.5967
1990,4,3,4,93,-3.6045
1990,4,3,5,88,-5.3878
1990,5,1,1,213,5.4121
1990,5,1,2,267,4.4001
1990,5,1,3,261,6.1430
1990,5,1,4,354,4.2370
1990,5,1,5,840,5.6223
1990,5,2,1,113,7.0702
1990,5,2,2,90,6.7082
1990,5,2,3,98,7.6788
1990,5,2,4,107,8.2041
1990,5,2,5,145,11.9863
1990,5,3,1,136,8.5396
1990,5,3,2,115,9.4119
1990,5,3,3,100,9.1969
1990,5,3,4,94,10.7848
1990,5,3,5,91,8.4308
1990,6,1,1,215,2.5448
1990,6,1,2,261,2.8292
1990,6,1,3,274,0.2314
1990,6,1,4,349,1.4658
1990,6,1,5,826,1.5180
1990,6,2,1,113,1.3442
1990,6,2,2,93,1.2012
1990,6,2,3,98,-0.0379
1990,6,2,4,107,0.0881
1990,6,2,5,142,0.4491
1990,6,3,1,138,1.1885
1990,6,3,2,116,-3.0034
1990,6,3,3,99,0.4432
1990,6,3,4,92,-1.2356
1990,6,3,5,99,-0.7964
1990,7,1,1,216,-3.0787
1990,7,1,2,262,-2.7821
1990,7,1,3,272,-4.8763
1990,7,1,4,346,-4.7293
1990,7,1,5,801,-4.3047
1990,7,2,1,106,-1.1859
1990,7,2,2,92,-3.0463
1990,7,2,3,93,-4.3240
1990,7,2,4,105,-3.8919
1990,7,2,5,148,-2.4951
1990,7,3,1,136,1.3227
1990,7,3,2,116,-2.6816
1990,7,3,3,101,0.8381
1990,7,3,4,92,-0.7164
1990,7,3,5,98,-1.9480
1990,8,1,1,232,-11.5205
1990,8,1,2,257,-14.3432
1990,8,1,3,266,-15.3679
1990,8,1,4,344,-12.1612
1990,8,1,5,804,-13.4456
1990,8,2,1,114,-12.2409
1990,8,2,2,88,-14.4480
1990,8,2,3,101,-13.1740
1990,8,2,4,102,-12.0735
1990,8,2,5,156,-12.7993
1990,8,3,1,135,-7.9364
1990,8,3,2,114,-10.0458
1990,8,3,3,101,-7.6971
1990,8,3,4,97,-8.7678
1990,8,3,5,91,-7.9980
1990,9,1,1,231,-8.2816
1990,9,1,2,268,-9.5254
1990,9,1,3,274,-9.2031
1990,9,1,4,336,-8.1281
1990,9,1,5,799,-9.8337
1990,9,2,1,114,-5.6452
1990,9,2,2,87,-9.1630
1990,9,2,3,95,-8.2630
1990,9,2,4,100,-10.4249
1990,9,2,5,149,-9.0986
1990,9,3,1,135,-3.2124
1990,9,3,2,111,-3.2985
1990,9,3,3,101,-3.3952
1990,9,3,4,98,-4.8623
1990,9,3,5,92,-4.5680
1990,10,1,1,227,-3.9515
1990,10,1,2,273,-6.2770
1990,10,1,3,275,-7.6692
1990,10,1,4,329,-7.2351
1990,10,1,5,801,-7.2466
1990,10,2,1,118,-3.4516
1990,10,2,2,81,-6.7726
1990,10,2,3,97,-3.4169
1990,10,2,4,97,-4.7909
1990,10,2,5,149,-8.1153
1990,10,3,1,138,0.2392
1990,10,3,2,111,0.8095
1990,10,3,3,104,1.1246
1990,10,3,4,99,1.4083
1990,10,3,5,87,-2.7898
1990,11,1,1,227,5.4331
1990,11,1,2,285,5.7885
1990,11,1,3,268,3.8236
1990,11,1,4,340,6.3914
1990,11,1,5,817,3.9399
1990,11,2,1,110,7.4000
1990,11,2,2,97,10.6262
1990,11,2,3,92,8.2302
1990,11,2,4,99,9.1540
1990,11,2,5,152,9.4144
1990,11,3,1,141,6.8126
1990,11,3,2,116,4.9977
1990,11,3,3,112,4.7357
1990,11,3,4,100,5.7915
1990,11,3,5,89,7.3350
1990,12,1,1,228,3.2646
1990,12,1,2,282,2.0910
1990,12,1,3,274,2.4358
1990,12,1,4,329,-0.3106
1990,12,1,5,818,-1.2034
1990,12,2,1,111,7.6131
1990,12,2,2,101,6.2401
1990,12,2,3,91,7.7727
1990,12,2,4,103,3.6189
1990,12,2,5,148,3.8041
1990,12,3,1,142,2.7411
1990,12,3,2,115,3.1843
1990,12,3,3,110,2.6152
1990,12,3,4,98,1.7630
1990,12,3,5,91,1.7274
1991,1,1,1,225,10.6505
1991,1,1,2,272,9.0116
1991,1,1,3,273,11.7521
1991,1,1,4,333,9.9934
1991,1,1,5,797,9.3162
1991,1,2,1,117,8.8207
1991,1,2,2,100,8.6885
1991,1,2,3,98,8.4949
1991,1,2,4,108,8.1056
1991,1,2,5,155,7.1757
1991,1,3,1,143,4.0305
1991,1,3,2,118,5.5587
1991,1,3,3,110,4.3894
1991,1,3,4,96,3.5724
1991,1,3,5,89,2.9934
1991,2,1,1,233,10.8006
1991,2,1,2,274,12.2090
1991,2,1,3,286,12.9760
1991,2,1,4,344,13.4256
1991,2,1,5,795,15.1980
1991,2,2,1,114,9.2155
1991,2,2,2,96,10.1345
1991,2,2,3,97,9.8097
1991,2,2,4,112,11.5253
1991,2,2,5,154,11.9098
1991,2,3,1,145,5.6936
1991,2,3,2,117,6.3467
1991,2,3,3,113,5.4631
1991,2,3,4,93,8.1299
1991,2,3,5,87,7.3721
1991,3,1,1,235,7.2512
1991,3,1,2,266,7.7139
1991,3,1,3,288,7.4364
1991,3,1,4,345,8.7968
1991,3,1,5,794,9.7400
1991,3,2,1,114,4.9233
1991,3,2,2,105,5.2540
1991,3,2,3,92,5.5176
1991,3,2,4,105,6.2011
1991,3,2,5,153,4.9906
1991,3,3,1,145,3.0126
1991,3,3,2,116,1.7912
1991,3,3,3,112,2.1906
1991,3,3,4,95,1.1093
1991,3,3,5,92,2.5301
1991,4,1,1,232,1.0775
1991,4,1,2,270,0.3767
1991,4,1,3,281,1.3139
1991,4,1,4,359,1.3845
1991,4,1,5,781,0.3112
1991,4,2,1,115,0.6420
1991,4,2,2,100,0.8406
1991,4,2,3,91,-2.3604
1991,4,2,4,103,1.5272
1991,4,2,5,154,-1.0667
1991,4,3,1,143,-0.1802
1991,4,3,2,118,1.5705
1991,4,3,3,111,-0.4893
1991,4,3,4,97,0.3923
1991,4,3,5,94,-1.0790
1991,5,1,1,225,2.6841
1991,5,1,2,263,2.3686
1991,5,1,3,292,4.3823
1991,5,1,4,362,4.9546
1991,5,1,5,794,1.8725
1991,5,2,1,114,5.0798
1991,5,2,2,97,3.7431
1991,5,2,3,91,4.2260
1991,5,2,4,107,5.5645
1991,5,2,5,152,3.6476
1991,5,3,1,143,3.8653
1991,5,3,2,120,4.2036
1991,5,3,3,116,2.1018
1991,5,3,4,98,3.2926
1991,5,3,5,82,2.4372
1991,6,1,1,217,-2.1028
1991,6,1,2,266,-3.4269
1991,6,1,3,291,-4.4006
1991,6,1,4,357,-2.2916
1991,6,1,5,799,-6.1438
1991,6,2,1,115,-2.8800
1991,6,2,2,104,-2.8698
1991,6,2,3,87,-4.1395
1991,6,2,4,108,-5.6713
1991,6,2,5,151,-7.8792
1991,6,3,1,143,-3.5993
1991,6,3,2,119,-3.7399
1991,6,3,3,110,-4.7489
1991,6,3,4,97,-5.3223
1991,6,3,5,84,-4.4929
1991,7,1,1,213,2.8801
1991,7,1,2,275,2.5387
1991,7,1,3,290,2.3277
1991,7,1,4,363,2.6473
1991,7,1,5,785,2.6696
1991,7,2,1,114,2.7054
1991,7,2,2,98,3.1557
1991,7,2,3,79,3.0275
1991,7,2,4,101,5.1541
1991,7,2,5,148,4.0555
1991,7,3,1,142,4.2276
1991,7,3,2,119,4.8893
1991,7,3,3,108,4.4530
1991,7,3,4,100,6.1826
1991,7,3,5,81,5.6508
1991,8,1,1,211,3.7765
1991,8,1,2,265,1.3409
1991,8,1,3,285,2.7308
1991,8,1,4,353,1.6033
1991,8,1,5,794,3.8599
1991,8,2,1,115,3.0765
1991,8,2,2,110,3.1595
1991,8,2,3,91,3.6017
1991,8,2,4,102,4.0187
1991,8,2,5,149,3.9808
1991,8,3,1,143,1.7226
1991,8,3,2,123,2.6691
1991,8,3,3,107,1.7168
1991,8,3,4,102,4.5593
1991,8,3,5,73,2.2161
1991,9,1,1,207,-0.7361
1991,9,1,2,268,0.9287
1991,9,1,3,286,0.0692
1991,9,1,4,342,0.7019
1991,9,1,5,786,1.8903
1991,9,2,1,117,0.0183
1991,9,2,2,111,1.2226
1991,9,2,3,92,-0.6444
1991,9,2,4,99,-0.3279
1991,9,2,5,151,0.5971
1991,9,3,1,143,-1.4015
1991,9,3,2,121,-1.9618
1991,9,3,3,108,-1.4102
1991,9,3,4,105,-0.4013
1991,9,3,5,76,1.7485
1991,10,1,1,208,1.6968
1991,10,1,2,272,1.3903
1991,10,1,3,285,0.7979
1991,10,1,4,339,3.3783
1991,10,1,5,791,5.4436
1991,10,2,1,116,1.3006
1991,10,2,2,110,0.5998
1991,10,2,3,90,1.7917
1991,10,2,4,95,2.6660
1991,10,2,5,150,2.5826
1991,10,3,1,138,1.1546
1991,10,3,2,125,1.4443
1991,10,3,3,106,1.8758
1991,10,3,4,105,2.9694
1991,10,3,5,79,4.9147
1991,11,1,1,231,-2.2176
1991,11,1,2,271,-2.8597
1991,11,1,3,264,-1.6284
1991,11,1,4,368,-2.2138
1991,11,1,5,768,-3.2042
1991,11,2,1,118,-3.8021
1991,11,2,2,103,-2.8266
1991,11,2,3,102,-5.9675
1991,11,2,4,102,-5.2379
1991,11,2,5,161,-6.1456
1991,11,3,1,135,-2.7070
1991,11,3,2,133,-4.0625
1991,11,3,3,96,-3.4203
1991,11,3,4,111,-1.6545
1991,11,3,5,74,-4.0927
1991,12,1,1,223,4.4712
1991,12,1,2,258,5.9113
1991,12,1,3,264,4.7913
1991,12,1,4,360,4.1302
1991,12,1,5,772,2.7306
1991,12,2,1,126,10.1866
1991,12,2,2,108,8.2247
1991,12,2,3,98,9.8030
1991,12,2,4,102,8.4312
1991,12,2,5,158,5.7071
1991,12,3,1,136,12.3471
1991,12,3,2,133,10.4872
1991,12,3,3,101,8.8974
1991,12,3,4,107,11.4022
1991,12,3,5,80,9.4541
1992,1,1,1,225,9.2612
1992,1,1,2,271,12.8412
1992,1,1,3,252,11.4018
1992,1,1,4,357,14.0702
1992,1,1,5,754,14.7200
1992,1,2,1,120,5.7051
1992,1,2,2,106,7.4705
1992,1,2,3,105,6.9637
1992,1,2,4,101,5.0944
1992,1,2,5,160,8.3935
1992,1,3,1,142,-2.7639
1992,1,3,2,131,-1.0831
1992,1,3,3,104,-0.8736
1992,1,3,4,107,-2.6049
1992,1,3,5,77,-1.3406
1992,2,1,1,230,6.1187
1992,2,1,2,257,5.6455
1992,2,1,3,264,6.7288
1992,2,1,4,361,2.7785
1992,2,1,5,757,3.5649
1992,2,2,1,114,1.5372
1992,2,2,2,108,5.9996
1992,2,2,3,106,2.7539
1992,2,2,4,106,2.9760
1992,2,2,5,170,-0.6976
1992,2,3,1,145,-0.3832
1992,2,3,2,130,0.7722
1992,2,3,3,105,0.2049
1992,2,3,4,105,2.7095
1992,2,3,5,76,-1.0371
1992,3,1,1,226,0.1529
1992,3,1,2,258,-0.0864
1992,3,1,3,269,-2.1768
1992,3,1,4,354,-3.4263
1992,3,1,5,764,-3.2531
1992,3,2,1,116,-2.6736
1992,3,2,2,111,-2.4832
1992,3,2,3,98,-2.3397
1992,3,2,4,107,-4.3049
1992,3,2,5,161,-6.9048
1992,3,3,1,145,-2.3089
1992,3,3,2,130,-1.6970
1992,3,3,3,110,-1.3455
1992,3,3,4,101,-2.5579
1992,3,3,5,79,-5.2017
1992,4,1,1,225,-3.1820
1992,4,1,2,266,-2.8628
1992,4,1,3,266,-3.5360
1992,4,1,4,354,-6.3087
1992,4,1,5,770,-7.8019
1992,4,2,1,108,-2.8259
1992,4,2,2,112,-3.6970
1992,4,2,3,103,-2.5290
1992,4,2,4,102,-3.2190
1992,4,2,5,157,-4.7708
1992,4,3,1,144,2.7641
1992,4,3,2,129,3.2204
1992,4,3,3,111,2.7302
1992,4,3,4,100,2.5573
1992,4,3,5,76,-1.5754
1992,5,1,1,232,-0.0139
1992,5,1,2,280,-0.4370
1992,5,1,3,242,-0.1645
1992,5,1,4,378,0.0987
1992,5,1,5,770,0.8781
1992,5,2,1,110,-1.2104
1992,5,2,2,112,0.2139
1992,5,2,3,104,0.8976
1992,5,2,4,99,1.7461
1992,5,2,5,153,0.9657
1992,5,3,1,152,0.1833
1992,5,3,2,136,0.1442
1992,5,3,3,107,0.1449
1992,5,3,4,105,1.4384
1992,5,3,5,71,2.3775
1992,6,1,1,235,-4.1009
1992,6,1,2,272,-5.0539
1992,6,1,3,239,-4.6812
1992,6,1,4,368,-4.7912
1992,6,1,5,756,-8.4765
1992,6,2,1,113,-4.6735
1992,6,2,2,113,-4.0751
1992,6,2,3,106,-5.2152
1992,6,2,4,103,-3.1583
1992,6,2,5,153,-4.2380
1992,6,3,1,149,-2.1467
1992,6,3,2,139,-2.3722
1992,6,3,3,104,-0.9945
1992,6,3,4,101,-4.6309
1992,6,3,5,75,-1.4638
1992,7,1,1,242,1.6975
1992,7,1,2,268,2.1097
1992,7,1,3,238,1.9128
1992,7,1,4,352,2.6267
1992,7,1,5,730,1.9808
1992,7,2,1,106,4.7872
1992,7,2,2,110,3.0942
1992,7,2,3,102,2.8697
1992,7,2,4,96,2.7384
1992,7,2,5,145,5.5548
1992,7,3,1,150,4.2058
1992,7,3,2,136,3.6842
1992,7,3,3,106,5.6207
1992,7,3,4,97,5.1509
1992,7,3,5,81,7.1567
1992,8,1,1,243,-0.8402
1992,8,1,2,276,-2.6047
1992,8,1,3,207,-2.0101
1992,8,1,4,372,-3.1276
1992,8,1,5,703,-4.0459
1992,8,2,1,117,-1.3158
1992,8,2,2,107,-2.2565
1992,8,2,3,99,-1.9366
1992,8,2,4,107,-3.5134
1992,8,2,5,150,-2.6670
1992,8,3,1,149,-1.0472
1992,8,3,2,136,-2.2140
1992,8,3,3,107,-0.6963
1992,8,3,4,98,-2.0461
1992,8,3,5,85,-1.6251
1992,9,1,1,240,1.0485
1992,9,1,2,266,1.0386
1992,9,1,3,215,1.1870
1992,9,1,4,352,2.1199
1992,9,1,5,695,1.1836
1992,9,2,1,125,2.6405
1992,9,2,2,108,1.7483
1992,9,2,3,104,1.7282
1992,9,2,4,106,2.0338
1992,9,2,5,155,1.9520
1992,9,3,1,148,0.4275
1992,9,3,2,136,2.3759
1992,9,3,3,108,0.0055
1992,9,3,4,98,1.2125
1992,9,3,5,84,1.9807
1992,10,1,1,236,3.5553
1992,10,1,2,265,2.3797
1992,10,1,3,220,3.0943
1992,10,1,4,343,4.3822
1992,10,1,5,694,2.4246
1992,10,2,1,120,2.1822
1992,10,2,2,106,3.9081
1992,10,2,3,102,3.6524
1992,10,2,4,107,0.9511
1992,10,2,5,161,2.2784
1992,10,3,1,152,2.0988
1992,10,3,2,137,0.0986
1992,10,3,3,110,0.8437
1992,10,3,4,98,2.0889
1992,10,3,5,82,2.5457
1992,11,1,1,243,6.6619
1992,11,1,2,279,9.1931
1992,11,1,3,199,11.9200
1992,11,1,4,374,8.6694
1992,11,1,5,713,8.2638
1992,11,2,1,121,6.2664
1992,11,2,2,98,9.2242
1992,11,2,3,93,8.2576
1992,11,2,4,115,5.4099
1992,11,2,5,161,6.0062
1992,11,3,1,146,2.7448
1992,11,3,2,141,3.7290
1992,11,3,3,115,1.6664
1992,11,3,4,98,3.7257
1992,11,3,5,81,3.2952
1992,12,1,1,245,4.4244
1992,12,1,2,276,5.0751
1992,12,1,3,203,4.4616
1992,12,1,4,367,2.4375
1992,12,1,5,695,1.4579
1992,12,2,1,115,2.7278
1992,12,2,2,95,5.1493
1992,12,2,3,102,3.3410
1992,12,2,4,111,2.8982
1992,12,2,5,164,1.9471
1992,12,3,1,151,0.6300
1992,12,3,2,142,-0.3103
1992,12,3,3,118,3.3603
1992,12,3,4,100,1.9194
1992,12,3,5,80,1.7971
1993,1,1,1,241,5.8082
1993,1,1,2,278,4.7756
1993,1,1,3,199,7.2052
1993,1,1,4,369,2.6489
1993,1,1,5,688,5.8049
1993,1,2,1,122,2.2562
1993,1,2,2,95,3.9378
1993,1,2,3,101,0.8418
1993,1,2,4,109,2.8121
1993,1,2,5,160,1.5396
1993,1,3,1,150,-1.4473
1993,1,3,2,145,-0.0046
1993,1,3,3,121,1.4432
1993,1,3,4,102,2.0674
1993,1,3,5,80,1.4992
1993,2,1,1,257,-1.6034
1993,2,1,2,256,-1.4767
1993,2,1,3,218,-1.8276
1993,2,1,4,392,-1.9631
1993,2,1,5,670,-4.0898
1993,2,2,1,123,-2.2922
1993,2,2,2,93,-2.5442
1993,2,2,3,112,-3.0361
1993,2,2,4,109,0.1993
1993,2,2,5,158,-2.1083
1993,2,3,1,148,0.8618
1993,2,3,2,145,2.2050
1993,2,3,3,118,2.8592
1993,2,3,4,105,0.8813
1993,2,3,5,76,-2.2628
1993,3,1,1,263,1.3573
1993,3,1,2,263,2.0745
1993,3,1,3,217,1.9721
1993,3,1,4,385,0.7466
1993,3,1,5,680,1.9811
1993,3,2,1,118,1.9258
1993,3,2,2,91,3.6283
1993,3,2,3,105,2.6083
1993,3,2,4,110,2.5670
1993,3,2,5,154,1.6649
1993,3,3,1,142,2.0294
1993,3,3,2,152,2.0995
1993,3,3,3,117,1.7614
1993,3,3,4,100,3.7303
1993,3,3,5,79,4.8085
1993,4,1,1,260,-4.2256
1993,4,1,2,263,-3.0725
1993,4,1,3,216,-4.3606
1993,4,1,4,382,-4.2243
1993,4,1,5,678,-1.2306
1993,4,2,1,117,-4.4138
1993,4,2,2,96,-3.1310
1993,4,2,3,104,-2.8217
1993,4,2,4,105,-0.8213
1993,4,2,5,146,-1.4891
1993,4,3,1,142,-2.8060
1993,4,3,2,149,-2.4110
1993,4,3,3,121,-2.7792
1993,4,3,4,98,-1.4135
1993,4,3,5,83,0.4082
1993,5,1,1,276,4.3174
1993,5,1,2,233,2.7028
1993,5,1,3,242,4.8638
1993,5,1,4,358,5.2267
1993,5,1,5,696,6.0340
1993,5,2,1,111,3.7490
1993,5,2,2,100,7.2660
1993,5,2,3,100,5.0244
1993,5,2,4,105,6.4299
1993,5,2,5,152,6.7514
1993,5,3,1,150,3.5331
1993,5,3,2,149,3.4982
1993,5,3,3,118,1.8485
1993,5,3,4,110,3.5516
1993,5,3,5,78,4.0318
1993,6,1,1,277,0.6141
1993,6,1,2,235,-0.6101
1993,6,1,3,234,0.1485
1993,6,1,4,353,-1.5643
1993,6,1,5,688,1.5995
1993,6,2,1,111,-2.4471
1993,6,2,2,101,0.2881
1993,6,2,3,100,-0.3758
1993,6,2,4,104,0.6062
1993,6,2,5,158,0.5755
1993,6,3,1,151,-1.0748
1993,6,3,2,146,-1.3591
1993,6,3,3,120,1.3784
1993,6,3,4,110,0.5632
1993,6,3,5,78,2.6025
1993,7,1,1,283,0.4993
1993,7,1,2,238,2.4400
1993,7,1,3,227,1.4972
1993,7,1,4,333,1.5035
1993,7,1,5,717,-0.8085
1993,7,2,1,112,0.0648
1993,7,2,2,97,0.1627
1993,7,2,3,100,1.8375
1993,7,2,4,96,2.2674
1993,7,2,5,153,-0.4231
1993,7,3,1,143,-0.6546
1993,7,3,2,145,-1.8415
1993,7,3,3,121,0.5212
1993,7,3,4,108,-1.7704
1993,7,3,5,87,-1.2265
1993,8,1,1,286,2.1208
1993,8,1,2,234,2.6344
1993,8,1,3,222,5.8902
1993,8,1,4,331,3.9949
1993,8,1,5,728,5.2261
1993,8,2,1,112,4.9366
1993,8,2,2,94,2.7402
1993,8,2,3,108,2.9084
1993,8,2,4,98,3.3829
1993,8,2,5,153,5.9515
1993,8,3,1,145,3.0973
1993,8,3,2,141,5.0720
1993,8,3,3,120,4.5674
1993,8,3,4,111,3.9263
1993,8,3,5,88,6.6469
1993,9,1,1,288,1.9918
1993,9,1,2,230,1.5950
1993,9,1,3,222,2.6897
1993,9,1,4,341,2.7030
1993,9,1,5,714,1.9851
1993,9,2,1,104,-0.0846
1993,9,2,2,92,2.1515
1993,9,2,3,102,1.9612
1993,9,2,4,97,3.3262
1993,9,2,5,153,1.2626
1993,9,3,1,151,-1.4889
1993,9,3,2,141,-1.1003
1993,9,3,3,123,-0.1129
1993,9,3,4,112,-0.6554
1993,9,3,5,87,1.6315
1993,10,1,1,280,3.2816
1993,10,1,2,235,3.6343
1993,10,1,3,228,4.1641
1993,10,1,4,328,3.3370
1993,10,1,5,710,5.5814
1993,10,2,1,110,1.7223
1993,10,2,2,89,4.4117
1993,10,2,3,100,2.4146
1993,10,2,4,99,1.5535
1993,10,2,5,149,2.8957
1993,10,3,1,147,2.6568
1993,10,3,2,140,2.1610
1993,10,3,3,125,1.0743
1993,10,3,4,115,1.1507
1993,10,3,5,89,-0.5976
1993,11,1,1,273,-0.6786
1993,11,1,2,228,-0.8467
1993,11,1,3,244,-2.0491
1993,11,1,4,329,-2.6772
1993,11,1,5,742,-3.4095
1993,11,2,1,109,0.3185
1993,11,2,2,93,-2.0736
1993,11,2,3,101,-1.0425
1993,11,2,4,107,-2.6060
1993,11,2,5,172,-5.8194
1993,11,3,1,142,-1.0617
1993,11,3,2,145,-0.4615
1993,11,3,3,125,-1.0086
1993,11,3,4,113,-0.9602
1993,11,3,5,94,-4.5906
1993,12,1,1,271,3.3234
1993,12,1,2,230,0.8746
1993,12,1,3,244,0.5223
1993,12,1,4,338,1.7304
1993,12,1,5,755,-0.7678
1993,12,2,1,106,5.0383
1993,12,2,2,87,6.6721
1993,12,2,3,97,5.4338
1993,12,2,4,102,3.5065
1993,12,2,5,162,3.4539
1993,12,3,1,149,0.1089
1993,12,3,2,146,1.2597
1993,12,3,3,121,0.5485
1993,12,3,4,116,3.0685
1993,12,3,5,89,3.4635
1994,1,1,1,268,5.7224
1994,1,1,2,228,5.7230
1994,1,1,3,241,7.5620
1994,1,1,4,339,5.2721
1994,1,1,5,752,4.3763
1994,1,2,1,109,2.0425
1994,1,2,2,87,2.7235
1994,1,2,3,100,2.4870
1994,1,2,4,100,3.6535
1994,1,2,5,166,3.5851
1994,1,3,1,146,3.6765
1994,1,3,2,149,2.5986
1994,1,3,3,122,2.6785
1994,1,3,4,118,-0.2898
1994,1,3,5,90,2.5676
1994,2,1,1,271,0.6235
1994,2,1,2,238,1.7742
1994,2,1,3,227,0.7432
1994,2,1,4,354,0.1251
1994,2,1,5,775,-1.3085
1994,2,2,1,106,1.3988
1994,2,2,2,99,2.4799
1994,2,2,3,96,1.2553
1994,2,2,4,102,0.7670
1994,2,2,5,175,-2.4582
1994,2,3,1,137,-0.5765
1994,2,3,2,152,-1.9341
1994,2,3,3,126,-1.7186
1994,2,3,4,122,-2.2820
1994,2,3,5,88,-4.1693
1994,3,1,1,265,-3.1702
1994,3,1,2,238,-4.0095
1994,3,1,3,222,-5.2320
1994,3,1,4,337,-3.8273
1994,3,1,5,765,-6.6047
1994,3,2,1,113,-3.3594
1994,3,2,2,94,-7.9163
1994,3,2,3,104,-4.9939
1994,3,2,4,105,-5.0685
1994,3,2,5,183,-6.0520
1994,3,3,1,139,-3.5434
1994,3,3,2,159,-4.1289
1994,3,3,3,124,-4.2261
1994,3,3,4,123,-3.5469
1994,3,3,5,84,-5.5253
1994,4,1,1,265,-0.2001
1994,4,1,2,246,0.6591
1994,4,1,3,213,-0.1409
1994,4,1,4,344,-0.5329
1994,4,1,5,769,-3.6877
1994,4,2,1,115,0.2960
1994,4,2,2,95,-0.7601
1994,4,2,3,99,-0.4306
1994,4,2,4,108,0.7219
1994,4,2,5,175,-0.6596
1994,4,3,1,137,0.3046
1994,4,3,2,159,2.3299
1994,4,3,3,129,1.4769
1994,4,3,4,116,0.1500
1994,4,3,5,85,0.4025
1994,5,1,1,269,-2.1197
1994,5,1,2,256,0.7167
1994,5,1,3,234,-1.6780
1994,5,1,4,348,-0.7984
1994,5,1,5,785,-0.7667
1994,5,2,1,111,-3.0291
1994,5,2,2,97,-1.5566
1994,5,2,3,106,-1.2468
1994,5,2,4,106,-1.6400
1994,5,2,5,177,-1.0848
1994,5,3,1,138,-0.0587
1994,5,3,2,160,1.5448
1994,5,3,3,126,0.5736
1994,5,3,4,120,0.3347
1994,5,3,5,89,-1.3621
1994,6,1,1,272,-2.2101
1994,6,1,2,264,-1.9065
1994,6,1,3,234,-2.0577
1994,6,1,4,354,-5.0111
1994,6,1,5,771,-4.6670
1994,6,2,1,108,-0.3223
1994,6,2,2,102,-2.2333
1994,6,2,3,104,-3.8366
1994,6,2,4,105,-2.3622
1994,6,2,5,172,-3.9671
1994,6,3,1,138,-1.7485
1994,6,3,2,160,-2.6687
1994,6,3,3,127,-3.5077
1994,6,3,4,120,-2.9051
1994,6,3,5,95,-2.6017
1994,7,1,1,270,1.3732
1994,7,1,2,253,1.1726
1994,7,1,3,250,1.9076
1994,7,1,4,352,0.9561
1994,7,1,5,791,0.7693
1994,7,2,1,106,2.4192
1994,7,2,2,99,0.8618
1994,7,2,3,100,3.1809
1994,7,2,4,107,1.8151
1994,7,2,5,163,1.6391
1994,7,3,1,143,3.3205
1994,7,3,2,156,2.8912
1994,7,3,3,125,3.8011
1994,7,3,4,113,3.0491
1994,7,3,5,99,3.2109
1994,8,1,1,261,4.3496
1994,8,1,2,283,2.0614
1994,8,1,3,251,3.2223
1994,8,1,4,352,3.6846
1994,8,1,5,827,3.8454
1994,8,2,1,110,5.0443
1994,8,2,2,101,7.4981
1994,8,2,3,96,6.9632
1994,8,2,4,112,8.5347
1994,8,2,5,173,7.3546
1994,8,3,1,141,2.4384
1994,8,3,2,154,4.7662
1994,8,3,3,129,5.8870
1994,8,3,4,115,4.9939
1994,8,3,5,108,3.2883
1994,9,1,1,252,1.5649
1994,9,1,2,296,0.2522
1994,9,1,3,252,2.6426
1994,9,1,4,350,1.4123
1994,9,1,5,817,1.6774
1994,9,2,1,110,-2.1064
1994,9,2,2,104,-0.6957
1994,9,2,3,94,-0.0137
1994,9,2,4,109,-0.7205
1994,9,2,5,180,-0.0094
1994,9,3,1,144,-2.6648
1994,9,3,2,154,-1.1584
1994,9,3,3,129,-2.5847
1994,9,3,4,117,-0.4484
1994,9,3,5,104,0.7197
1994,10,1,1,252,1.3421
1994,10,1,2,291,1.4101
1994,10,1,3,253,2.3524
1994,10,1,4,352,2.3321
1994,10,1,5,809,-1.2229
1994,10,2,1,111,0.2090
1994,10,2,2,99,-0.2855
1994,10,2,3,94,1.0795
1994,10,2,4,105,-0.2907
1994,10,2,5,178,-0.2812
1994,10,3,1,145,2.6660
1994,10,3,2,155,2.8431
1994,10,3,3,130,2.3772
1994,10,3,4,116,2.8604
1994,10,3,5,110,0.8070
1994,11,1,1,261,-3.2704
1994,11,1,2,297,-2.3356
1994,11,1,3,266,-2.6730
1994,11,1,4,337,-2.4771
1994,11,1,5,849,-2.9294
1994,11,2,1,120,-1.9222
1994,11,2,2,98,-4.1943
1994,11,2,3,91,-3.2651
1994,11,2,4,107,-4.3207
1994,11,2,5,183,-3.4159
1994,11,3,1,153,-3.8056
1994,11,3,2,148,-3.3517
1994,11,3,3,131,-2.6404
1994,11,3,4,124,-3.1351
1994,11,3,5,111,-4.0477
1994,12,1,1,263,-1.5559
1994,12,1,2,292,-1.0131
1994,12,1,3,262,-1.2816
1994,12,1,4,330,-1.0124
1994,12,1,5,832,-1.9741
1994,12,2,1,117,2.2728
1994,12,2,2,105,3.6994
1994,12,2,3,93,0.5589
1994,12,2,4,115,3.1995
1994,12,2,5,191,1.0667
1994,12,3,1,160,1.0559
1994,12,3,2,142,0.6917
1994,12,3,3,134,1.5090
1994,12,3,4,124,0.5892
1994,12,3,5,111,1.5254
1995,1,1,1,251,2.1282
1995,1,1,2,282,2.2226
1995,1,1,3,256,1.1964
1995,1,1,4,329,2.9577
1995,1,1,5,833,2.8715
1995,1,2,1,119,-1.0089
1995,1,2,2,100,-2.7473
1995,1,2,3,94,-1.0800
1995,1,2,4,109,-0.7088
1995,1,2,5,196,-1.3303
1995,1,3,1,157,1.7580
1995,1,3,2,148,0.6651
1995,1,3,3,140,4.4645
1995,1,3,4,129,2.4747
1995,1,3,5,110,1.4131
1995,2,1,1,262,3.1775
1995,2,1,2,275,3.0696
1995,2,1,3,273,4.1661
1995,2,1,4,335,1.8486
1995,2,1,5,848,2.5012
1995,2,2,1,118,2.8038
1995,2,2,2,104,2.1258
1995,2,2,3,84,3.4704
1995,2,2,4,115,4.0659
1995,2,2,5,178,3.2743
1995,2,3,1,155,3.7991
1995,2,3,2,138,3.5923
1995,2,3,3,142,3.6081
1995,2,3,4,133,3.9552
1995,2,3,5,113,3.5577
1995,3,1,1,263,-0.2570
1995,3,1,2,272,-0.8000
1995,3,1,3,277,1.0040
1995,3,1,4,336,1.9733
1995,3,1,5,844,2.2754
1995,3,2,1,114,-0.1168
1995,3,2,2,98,2.3774
1995,3,2,3,88,0.8359
1995,3,2,4,114,3.2230
1995,3,2,5,176,3.2622
1995,3,3,1,155,3.3181
1995,3,3,2,137,3.5746
1995,3,3,3,143,2.5568
1995,3,3,4,131,3.0795
1995,3,3,5,114,2.7321
1995,4,1,1,263,2.3813
1995,4,1,2,261,2.8567
1995,4,1,3,284,4.6266
1995,4,1,4,332,5.0114
1995,4,1,5,814,2.5335
1995,4,2,1,120,1.7592
1995,4,2,2,95,2.1731
1995,4,2,3,83,3.7367
1995,4,2,4,116,3.5394
1995,4,2,5,185,1.8641
1995,4,3,1,157,1.2615
1995,4,3,2,135,3.7882
1995,4,3,3,146,3.1946
1995,4,3,4,137,4.5473
1995,4,3,5,115,2.2058
1995,5,1,1,253,0.9608
1995,5,1,2,284,1.9211
1995,5,1,3,283,0.0847
1995,5,1,4,333,2.2751
1995,5,1,5,833,4.1190
1995,5,2,1,123,-0.0869
1995,5,2,2,100,0.7584
1995,5,2,3,92,2.2912
1995,5,2,4,118,1.2501
1995,5,2,5,199,0.5258
1995,5,3,1,157,2.2695
1995,5,3,2,136,3.7841
1995,5,3,3,144,3.0949
1995,5,3,4,145,2.9509
1995,5,3,5,120,1.9674
1995,6,1,1,255,3.4871
1995,6,1,2,270,3.7156
1995,6,1,3,284,4.4472
1995,6,1,4,334,5.5406
1995,6,1,5,844,7.1817
1995,6,2,1,124,2.8519
1995,6,2,2,107,3.3391
1995,6,2,3,92,2.4703
1995,6,2,4,116,7.1562
1995,6,2,5,187,7.4325
1995,6,3,1,155,3.2196
1995,6,3,2,135,2.1594
1995,6,3,3,141,4.2419
1995,6,3,4,145,2.9806
1995,6,3,5,124,4.5989
1995,7,1,1,256,3.4808
1995,7,1,2,272,4.2423
1995,7,1,3,282,4.6155
1995,7,1,4,316,5.6061
1995,7,1,5,820,6.2421
1995,7,2,1,120,5.5312
1995,7,2,2,110,6.5043
1995,7,2,3,94,4.1087
1995,7,2,4,122,5.6866
1995,7,2,5,206,7.3856
1995,7,3,1,159,3.3164
1995,7,3,2,134,2.5176
1995,7,3,3,143,4.1707
1995,7,3,4,140,5.1908
1995,7,3,5,135,6.1000
1995,8,1,1,266,3.4669
1995,8,1,2,271,2.3708
1995,8,1,3,288,2.8751
1995,8,1,4,321,5.7525
1995,8,1,5,827,5.6294
1995,8,2,1,127,0.2724
1995,8,2,2,112,0.2212
1995,8,2,3,98,2.4669
1995,8,2,4,125,2.8394
1995,8,2,5,212,2.9159
1995,8,3,1,159,-1.7205
1995,8,3,2,133,-0.8023
1995,8,3,3,140,0.5370
1995,8,3,4,141,0.6858
1995,8,3,5,136,1.1808
1995,9,1,1,264,2.0960
1995,9,1,2,276,2.5514
1995,9,1,3,284,1.0028
1995,9,1,4,312,2.2617
1995,9,1,5,807,2.8764
1995,9,2,1,130,2.8773
1995,9,2,2,107,1.1895
1995,9,2,3,102,0.6817
1995,9,2,4,121,2.4392
1995,9,2,5,225,2.0831
1995,9,3,1,157,2.9665
1995,9,3,2,132,3.5844
1995,9,3,3,147,2.5086
1995,9,3,4,140,1.8739
1995,9,3,5,137,2.7976
1995,10,1,1,260,-4.3484
1995,10,1,2,283,-6.0035
1995,10,1,3,278,-6.4280
1995,10,1,4,311,-5.0992
1995,10,1,5,805,-7.9298
1995,10,2,1,130,-4.1999
1995,10,2,2,106,-6.6315
1995,10,2,3,96,-4.9880
1995,10,2,4,122,-4.9780
1995,10,2,5,219,-8.0608
1995,10,3,1,158,-1.4270
1995,10,3,2,133,0.1244
1995,10,3,3,145,1.1036
1995,10,3,4,144,0.8582
1995,10,3,5,138,-1.5393
1995,11,1,1,266,2.6971
1995,11,1,2,277,2.4102
1995,11,1,3,293,2.4997
1995,11,1,4,277,0.3934
1995,11,1,5,852,0.5618
1995,11,2,1,135,4.1918
1995,11,2,2,102,4.0162
1995,11,2,3,97,4.5515
1995,11,2,4,130,3.9715
1995,11,2,5,231,6.5891
1995,11,3,1,147,3.7279
1995,11,3,2,149,3.6247
1995,11,3,3,143,3.0871
1995,11,3,4,148,2.9775
1995,11,3,5,146,4.9027
1995,12,1,1,268,0.6309
1995,12,1,2,273,0.1021
1995,12,1,3,291,-0.1179
1995,12,1,4,288,0.2794
1995,12,1,5,845,2.1218
1995,12,2,1,141,1.3824
1995,12,2,2,98,1.2515
1995,12,2,3,99,-0.0735
1995,12,2,4,123,0.8603
1995,12,2,5,222,5.7244
1995,12,3,1,148,1.8286
1995,12,3,2,148,1.2029
1995,12,3,3,140,0.1936
1995,12,3,4,152,1.2417
1995,12,3,5,148,1.3541
1996,1,1,1,266,-0.2892
1996,1,1,2,271,0.4889
1996,1,1,3,296,-1.1160
1996,1,1,4,282,0.4582
1996,1,1,5,846,3.1549
1996,1,2,1,144,-2.1830
1996,1,2,2,104,-0.3308
1996,1,2,3,91,1.1693
1996,1,2,4,120,-0.5987
1996,1,2,5,215,2.2986
1996,1,3,1,148,0.2780
1996,1,3,2,147,2.4153
1996,1,3,3,142,3.5814
1996,1,3,4,149,4.4821
1996,1,3,5,154,2.3889
1996,2,1,1,271,2.3950
1996,2,1,2,294,2.3866
1996,2,1,3,310,2.6280
1996,2,1,4,295,4.6120
1996,2,1,5,842,3.8255
1996,2,2,1,136,3.5519
1996,2,2,2,103,4.8594
1996,2,2,3,86,2.9738
1996,2,2,4,125,4.6312
1996,2,2,5,240,4.3175
1996,2,3,1,150,2.3807
1996,2,3,2,151,1.1867
1996,2,3,3,146,0.6600
1996,2,3,4,149,1.9986
1996,2,3,5,150,0.4132
1996,3,1,1,267,4.9718
1996,3,1,2,286,3.7902
1996,3,1,3,303,3.7624
1996,3,1,4,286,4.0029
1996,3,1,5,844,2.3022
1996,3,2,1,140,3.0199
1996,3,2,2,111,3.4323
1996,3,2,3,90,5.1484
1996,3,2,4,122,1.2945
1996,3,2,5,242,1.5064
1996,3,3,1,151,2.7723
1996,3,3,2,146,2.4256
1996,3,3,3,141,1.1215
1996,3,3,4,152,-0.9347
1996,3,3,5,150,-1.4472
1996,4,1,1,271,7.4951
1996,4,1,2,279,8.0457
1996,4,1,3,302,7.3241
1996,4,1,4,291,8.2616
1996,4,1,5,846,10.0722
1996,4,2,1,135,3.5864
1996,4,2,2,110,9.0320
1996,4,2,3,93,6.3767
1996,4,2,4,115,5.2469
1996,4,2,5,235,8.1994
1996,4,3,1,152,3.4266
1996,4,3,2,144,1.6083
1996,4,3,3,143,2.8309
1996,4,3,4,151,1.3392
1996,4,3,5,144,5.6687
1996,5,1,1,269,7.2540
1996,5,1,2,280,7.9519
1996,5,1,3,325,6.1055
1996,5,1,4,305,9.4233
1996,5,1,5,876,10.8771
1996,5,2,1,145,3.9710
1996,5,2,2,112,6.2788
1996,5,2,3,105,3.6136
1996,5,2,4,122,4.5414
1996,5,2,5,245,5.8368
1996,5,3,1,154,2.3278
1996,5,3,2,147,3.4031
1996,5,3,3,151,2.0101
1996,5,3,4,145,0.5184
1996,5,3,5,159,2.2713
1996,6,1,1,266,-3.4784
1996,6,1,2,270,-5.6892
1996,6,1,3,329,-2.2552
1996,6,1,4,308,-5.0534
1996,6,1,5,853,-8.0864
1996,6,2,1,151,-2.2473
1996,6,2,2,106,-2.6930
1996,6,2,3,115,-2.9074
1996,6,2,4,121,-4.5010
1996,6,2,5,257,-7.3574
1996,6,3,1,152,-0.4488
1996,6,3,2,146,1.8124
1996,6,3,3,150,0.0445
1996,6,3,4,144,-0.7982
1996,6,3,5,158,-4.0023
1996,7,1,1,272,-4.8650
1996,7,1,2,275,-6.3944
1996,7,1,3,324,-7.3427
1996,7,1,4,315,-8.2814
1996,7,1,5,832,-11.8912
1996,7,2,1,140,-7.2839
1996,7,2,2,102,-10.7275
1996,7,2,3,118,-8.5512
1996,7,2,4,121,-8.5664
1996,7,2,5,265,-11.5968
1996,7,3,1,155,-5.4143
1996,7,3,2,151,-3.9945
1996,7,3,3,147,-4.5064
1996,7,3,4,142,-4.4193
1996,7,3,5,156,-7.8717
1996,8,1,1,273,5.1122
1996,8,1,2,274,3.1291
1996,8,1,3,314,3.4241
1996,8,1,4,324,3.8191
1996,8,1,5,874,3.6187
1996,8,2,1,147,6.1283
1996,8,2,2,106,4.2402
1996,8,2,3,115,7.0236
1996,8,2,4,124,5.9026
1996,8,2,5,271,7.1143
1996,8,3,1,155,3.5510
1996,8,3,2,148,2.3064
1996,8,3,3,150,2.3794
1996,8,3,4,142,2.7507
1996,8,3,5,148,4.5447
1996,9,1,1,267,2.1014
1996,9,1,2,281,1.7307
1996,9,1,3,318,2.9168
1996,9,1,4,325,0.9709
1996,9,1,5,876,1.7086
1996,9,2,1,146,3.0704
1996,9,2,2,101,2.4900
1996,9,2,3,112,3.2504
1996,9,2,4,117,3.4335
1996,9,2,5,253,4.4656
1996,9,3,1,152,4.2350
1996,9,3,2,146,5.1747
1996,9,3,3,151,7.6364
1996,9,3,4,144,5.1860
1996,9,3,5,158,4.7497
1996,10,1,1,263,0.9251
1996,10,1,2,282,-0.4697
1996,10,1,3,316,-0.4943
1996,10,1,4,315,-0.9672
1996,10,1,5,874,-5.5964
1996,10,2,1,142,0.4836
1996,10,2,2,105,-0.4639
1996,10,2,3,109,-1.0306
1996,10,2,4,125,0.3987
1996,10,2,5,241,-2.9649
1996,10,3,1,154,0.6580
1996,10,3,2,144,1.1379
1996,10,3,3,154,2.1099
1996,10,3,4,143,2.3438
1996,10,3,5,161,-0.4273
1996,11,1,1,276,3.0882
1996,11,1,2,302,4.9890
1996,11,1,3,299,3.6117
1996,11,1,4,322,3.2714
1996,11,1,5,939,1.8984
1996,11,2,1,141,3.1586
1996,11,2,2,100,3.7114
1996,11,2,3,119,4.2099
1996,11,2,4,126,4.1763
1996,11,2,5,244,2.3080
1996,11,3,1,162,6.9337
1996,11,3,2,147,5.6739
1996,11,3,3,142,7.9049
1996,11,3,4,146,7.6536
1996,11,3,5,170,4.7723
1996,12,1,1,274,2.0310
1996,12,1,2,295,2.4879
1996,12,1,3,301,-0.2245
1996,12,1,4,319,3.0731
1996,12,1,5,932,-0.7605
1996,12,2,1,144,2.3968
1996,12,2,2,105,2.4819
1996,12,2,3,119,3.0298
1996,12,2,4,132,0.6909
1996,12,2,5,242,2.8420
1996,12,3,1,161,-0.9315
1996,12,3,2,149,-1.2442
1996,12,3,3,143,-1.7479
1996,12,3,4,144,-1.8087
1996,12,3,5,173,-3.1552
1997,1,1,1,271,3.5617
1997,1,1,2,279,4.5568
1997,1,1,3,309,6.5594
1997,1,1,4,327,3.9898
1997,1,1,5,915,6.1473
1997,1,2,1,141,1.1666
1997,1,2,2,105,2.3315
1997,1,2,3,116,3.4831
1997,1,2,4,133,2.6881
1997,1,2,5,234,4.2152
1997,1,3,1,163,4.3663
1997,1,3,2,147,5.9815
1997,1,3,3,143,9.2488
1997,1,3,4,145,4.4223
1997,1,3,5,181,3.3403
1997,2,1,1,282,-0.3884
1997,2,1,2,281,-2.5196
1997,2,1,3,303,-1.8160
1997,2,1,4,335,-2.2225
1997,2,1,5,953,-4.3735
1997,2,2,1,137,-0.5890
1997,2,2,2,112,-2.5368
1997,2,2,3,108,-0.4121
1997,2,2,4,130,-4.5701
1997,2,2,5,221,-5.6136
1997,2,3,1,161,0.1483
1997,2,3,2,146,0.8570
1997,2,3,3,151,-2.4738
1997,2,3,4,144,-2.0593
1997,2,3,5,183,-2.7369
1997,3,1,1,277,-2.5647
1997,3,1,2,293,-1.9795
1997,3,1,3,302,-2.4718
1997,3,1,4,344,-5.9871
1997,3,1,5,953,-7.5612
1997,3,2,1,137,-0.0433
1997,3,2,2,105,-2.8587
1997,3,2,3,102,-0.8147
1997,3,2,4,128,-3.1331
1997,3,2,5,215,-7.8424
1997,3,3,1,163,0.6072
1997,3,3,2,146,-3.9402
1997,3,3,3,153,-4.6939
1997,3,3,4,142,-4.0937
1997,3,3,5,180,-6.4287
1997,4,1,1,274,-3.0674
1997,4,1,2,285,-2.5038
1997,4,1,3,285,-2.8226
1997,4,1,4,349,-3.7374
1997,4,1,5,954,-6.8184
1997,4,2,1,136,0.0882
1997,4,2,2,109,2.9877
1997,4,2,3,104,0.8663
1997,4,2,4,124,1.8470
1997,4,2,5,221,-2.5761
1997,4,3,1,164,1.9679
1997,4,3,2,149,8.0641
1997,4,3,3,152,6.5236
1997,4,3,4,147,5.4183
1997,4,3,5,171,1.0005
1997,5,1,1,267,10.0174
1997,5,1,2,300,9.5729
1997,5,1,3,317,10.6119
1997,5,1,4,343,9.7026
1997,5,1,5,1005,12.6419
1997,5,2,1,131,11.0380
1997,5,2,2,110,13.0666
1997,5,2,3,104,12.2251
1997,5,2,4,116,14.6528
1997,5,2,5,220,16.8614
1997,5,3,1,171,7.1688
1997,5,3,2,150,6.2523
1997,5,3,3,155,4.4672
1997,5,3,4,151,8.2023
1997,5,3,5,166,8.9102
1997,6,1,1,268,5.3096
1997,6,1,2,295,6.5372
1997,6,1,3,307,5.2260
1997,6,1,4,348,4.2372
1997,6,1,5,995,1.7062
1997,6,2,1,130,5.1503
1997,6,2,2,109,3.9220
1997,6,2,3,118,5.6181
1997,6,2,4,111,3.8750
1997,6,2,5,221,4.0445
1997,6,3,1,172,3.7273
1997,6,3,2,146,4.7605
1997,6,3,3,150,3.7698
1997,6,3,4,155,2.8367
1997,6,3,5,168,2.6834
1997,7,1,1,274,5.8573
1997,7,1,2,284,6.5138
1997,7,1,3,306,6.4665
1997,7,1,4,336,6.9962
1997,7,1,5,987,2.9573
1997,7,2,1,134,5.9685
1997,7,2,2,105,5.7296
1997,7,2,3,116,3.0687
1997,7,2,4,109,6.2652
1997,7,2,5,217,6.3615
1997,7,3,1,172,7.5800
1997,7,3,2,142,5.7030
1997,7,3,3,152,9.1674
1997,7,3,4,149,6.6915
1997,7,3,5,175,7.7794
1997,8,1,1,274,4.4374
1997,8,1,2,276,3.2409
1997,8,1,3,323,3.5098
1997,8,1,4,355,4.4943
1997,8,1,5,997,5.7513
1997,8,2,1,136,2.2889
1997,8,2,2,105,3.7926
1997,8,2,3,126,4.9895
1997,8,2,4,99,1.6575
1997,8,2,5,218,4.8094
1997,8,3,1,174,-3.8086
1997,8,3,2,152,-6.2034
1997,8,3,3,152,-4.3859
1997,8,3,4,144,-3.2277
1997,8,3,5,176,1.2065
1997,9,1,1,271,7.3077
1997,9,1,2,277,9.0058
1997,9,1,3,325,7.3941
1997,9,1,4,335,6.8460
1997,9,1,5,1012,10.0180
1997,9,2,1,137,6.7922
1997,9,2,2,102,8.2614
1997,9,2,3,122,5.3219
1997,9,2,4,96,6.6442
1997,9,2,5,219,9.0391
1997,9,3,1,170,5.5042
1997,9,3,2,153,5.6269
1997,9,3,3,151,2.9062
1997,9,3,4,144,3.1337
1997,9,3,5,174,7.2298
1997,10,1,1,265,-3.6271
1997,10,1,2,273,-0.8350
1997,10,1,3,322,-2.0981
1997,10,1,4,345,-3.0239
1997,10,1,5,990,-4.5267
1997,10,2,1,137,-3.5942
1997,10,2,2,104,-4.2894
1997,10,2,3,127,-3.9611
1997,10,2,4,100,-4.4246
1997,10,2,5,218,-4.9005
1997,10,3,1,169,-4.6460
1997,10,3,2,154,-2.9731
1997,10,3,3,141,-3.7883
1997,10,3,4,144,-2.1209
1997,10,3,5,175,-4.2927
1997,11,1,1,270,1.4187
1997,11,1,2,280,-0.5396
1997,11,1,3,310,-1.3817
1997,11,1,4,336,-1.7614
1997,11,1,5,1044,-5.5386
1997,11,2,1,127,0.4213
1997,11,2,2,111,-0.9932
1997,11,2,3,123,0.0543
1997,11,2,4,112,-1.0733
1997,11,2,5,219,-5.0178
1997,11,3,1,176,2.7221
1997,11,3,2,151,4.1009
1997,11,3,3,147,6.1400
1997,11,3,4,136,2.6042
1997,11,3,5,178,1.7229
1997,12,1,1,264,-1.1475
1997,12,1,2,280,-1.5563
1997,12,1,3,316,-2.4763
1997,12,1,4,340,-1.1342
1997,12,1,5,1038,-7.1732
1997,12,2,1,128,-0.3651
1997,12,2,2,103,-1.1417
1997,12,2,3,118,1.0101
1997,12,2,4,114,0.6449
1997,12,2,5,223,-1.4142
1997,12,3,1,173,0.5479
1997,12,3,2,157,-0.3683
1997,12,3,3,151,-1.1582
1997,12,3,4,135,3.4179
1997,12,3,5,168,0.3700
1998,1,1,1,265,0.1339
1998,1,1,2,274,-0.4889
1998,1,1,3,320,0.4149
1998,1,1,4,347,0.0022
1998,1,1,5,1021,0.6720
1998,1,2,1,128,0.5585
1998,1,2,2,104,-3.0601
1998,1,2,3,121,-0.9675
1998,1,2,4,106,-0.9260
1998,1,2,5,216,-0.9844
1998,1,3,1,174,0.3594
1998,1,3,2,149,1.4372
1998,1,3,3,153,3.3163
1998,1,3,4,135,0.4236
1998,1,3,5,165,-0.3760
1998,2,1,1,259,6.4041
1998,2,1,2,279,5.9594
1998,2,1,3,323,6.1703
1998,2,1,4,374,6.0896
1998,2,1,5,1025,6.3898
1998,2,2,1,129,8.3056
1998,2,2,2,110,8.9923
1998,2,2,3,112,8.1358
1998,2,2,4,114,9.1165
1998,2,2,5,225,8.8524
1998,2,3,1,176,9.2604
1998,2,3,2,145,6.4145
1998,2,3,3,159,7.4219
1998,2,3,4,137,3.3222
1998,2,3,5,161,7.1602
1998,3,1,1,263,5.4778
1998,3,1,2,269,5.5602
1998,3,1,3,318,3.6029
1998,3,1,4,369,3.6624
1998,3,1,5,1012,3.2496
1998,3,2,1,127,4.9160
1998,3,2,2,108,5.3812
1998,3,2,3,110,4.5208
1998,3,2,4,113,1.9991
1998,3,2,5,226,4.4850
1998,3,3,1,177,4.4090
1998,3,3,2,150,4.6098
1998,3,3,3,164,3.8561
1998,3,3,4,137,5.5650
1998,3,3,5,165,5.8514
1998,4,1,1,264,2.8315
1998,4,1,2,266,3.9601
1998,4,1,3,324,3.7154
1998,4,1,4,371,2.2332
1998,4,1,5,993,1.7759
1998,4,2,1,126,1.5179
1998,4,2,2,102,-0.3991
1998,4,2,3,104,0.7118
1998,4,2,4,110,0.4307
1998,4,2,5,228,0.6469
1998,4,3,1,175,2.0232
1998,4,3,2,151,-0.3583
1998,4,3,3,162,2.1295
1998,4,3,4,136,0.8858
1998,4,3,5,164,2.0238
1998,5,1,1,252,-3.8882
1998,5,1,2,266,-4.6499
1998,5,1,3,356,-3.9088
1998,5,1,4,353,-5.8051
1998,5,1,5,1034,-6.3564
1998,5,2,1,140,-3.5591
1998,5,2,2,96,-2.8206
1998,5,2,3,120,-4.6679
1998,5,2,4,111,-4.7310
1998,5,2,5,229,-9.1462
1998,5,3,1,170,-1.1461
1998,5,3,2,161,-0.7664
1998,5,3,3,157,-2.9982
1998,5,3,4,140,-4.1188
1998,5,3,5,173,-3.8852
1998,6,1,1,254,-1.4218
1998,6,1,2,257,-0.7051
1998,6,1,3,351,-3.0076
1998,6,1,4,360,-3.0903
1998,6,1,5,1039,-4.5054
1998,6,2,1,137,-1.5315
1998,6,2,2,101,-2.0922
1998,6,2,3,117,-1.6323
1998,6,2,4,109,0.0265
1998,6,2,5,216,-1.4788
1998,6,3,1,174,3.1511
1998,6,3,2,154,3.1493
1998,6,3,3,157,5.4030
1998,6,3,4,144,1.8718
1998,6,3,5,169,4.2382
1998,7,1,1,239,-6.1467
1998,7,1,2,253,-7.8261
1998,7,1,3,332,-7.6481
1998,7,1,4,354,-7.3925
1998,7,1,5,992,-6.9897
1998,7,2,1,129,-6.0668
1998,7,2,2,104,-8.4816
1998,7,2,3,116,-8.2509
1998,7,2,4,111,-8.2028
1998,7,2,5,230,-9.3774
1998,7,3,1,173,-2.9511
1998,7,3,2,160,-2.0800
1998,7,3,3,163,0.2410
1998,7,3,4,136,-2.5255
1998,7,3,5,173,-3.6060
1998,8,1,1,239,-14.9580
1998,8,1,2,255,-16.8628
1998,8,1,3,329,-18.1356
1998,8,1,4,366,-21.5176
1998,8,1,5,1028,-24.6076
1998,8,2,1,131,-14.7555
1998,8,2,2,101,-16.1248
1998,8,2,3,110,-18.0324
1998,8,2,4,123,-19.9351
1998,8,2,5,234,-25.3205
1998,8,3,1,173,-10.4990
1998,8,3,2,161,-13.3472
1998,8,3,3,165,-11.7807
1998,8,3,4,137,-11.5957
1998,8,3,5,170,-20.3506
1998,9,1,1,230,0.8952
1998,9,1,2,262,0.8997
1998,9,1,3,327,1.4492
1998,9,1,4,372,3.4472
1998,9,1,5,1045,9.1697
1998,9,2,1,126,1.6954
1998,9,2,2,102,4.4507
1998,9,2,3,115,2.7384
1998,9,2,4,114,8.4355
1998,9,2,5,226,13.0212
1998,9,3,1,176,5.5855
1998,9,3,2,160,4.5631
1998,9,3,3,160,9.3364
1998,9,3,4,137,11.2063
1998,9,3,5,157,12.8888
1998,10,1,1,231,4.4897
1998,10,1,2,257,2.9379
1998,10,1,3,321,5.5725
1998,10,1,4,357,1.9744
1998,10,1,5,1001,5.7736
1998,10,2,1,122,5.6138
1998,10,2,2,110,5.4070
1998,10,2,3,116,6.8523
1998,10,2,4,117,5.1154
1998,10,2,5,229,8.2758
1998,10,3,1,174,8.5003
1998,10,3,2,160,8.6734
1998,10,3,3,156,4.4850
1998,10,3,4,141,4.0608
1998,10,3,5,170,8.6366
1998,11,1,1,234,6.9134
1998,11,1,2,273,9.6665
1998,11,1,3,329,8.6940
1998,11,1,4,370,8.9738
1998,11,1,5,1017,9.6671
1998,11,2,1,128,8.3090
1998,11,2,2,123,4.6414
1998,11,2,3,118,2.1442
1998,11,2,4,111,5.8191
1998,11,2,5,253,4.4340
1998,11,3,1,174,5.1331
1998,11,3,2,154,5.1117
1998,11,3,3,164,8.0151
1998,11,3,4,153,7.2962
1998,11,3,5,167,5.5619
1998,12,1,1,229,0.8629
1998,12,1,2,270,-0.1423
1998,12,1,3,330,0.4352
1998,12,1,4,357,2.1698
1998,12,1,5,997,0.9161
1998,12,2,1,129,2.9780
1998,12,2,2,125,1.1475
1998,12,2,3,115,6.4014
1998,12,2,4,117,2.1997
1998,12,2,5,252,6.7514
1998,12,3,1,174,5.4935
1998,12,3,2,157,4.6365
1998,12,3,3,166,5.4790
1998,12,3,4,158,8.5169
1998,12,3,5,167,16.2356
1999,1,1,1,225,1.2584
1999,1,1,2,264,2.4861
1999,1,1,3,333,3.8880
1999,1,1,4,348,5.8746
1999,1,1,5,970,10.2512
1999,1,2,1,130,-1.0574
1999,1,2,2,120,-1.1456
1999,1,2,3,118,-0.6542
1999,1,2,4,124,-0.7780
1999,1,2,5,251,1.3374
1999,1,3,1,168,2.2940
1999,1,3,2,155,-0.3054
1999,1,3,3,164,3.2997
1999,1,3,4,158,9.4720
1999,1,3,5,178,7.8923
1999,2,1,1,223,-5.6913
1999,2,1,2,275,-6.1027
1999,2,1,3,319,-5.6674
1999,2,1,4,347,-7.6765
1999,2,1,5,976,-6.2579
1999,2,2,1,134,-6.9843
1999,2,2,2,128,-7.5657
1999,2,2,3,116,-6.8796
1999,2,2,4,131,-8.0932
1999,2,2,5,263,-11.1376
1999,2,3,1,164,-3.2384
1999,2,3,2,155,-2.1588
1999,2,3,3,170,-4.6444
1999,2,3,4,157,-6.6025
1999,2,3,5,194,-5.2824
1999,3,1,1,230,-5.2071
1999,3,1,2,276,-4.9051
1999,3,1,3,309,-5.2587
1999,3,1,4,352,-5.7382
1999,3,1,5,976,-0.1447
1999,3,2,1,124,-2.1732
1999,3,2,2,124,-2.1265
1999,3,2,3,112,0.0607
1999,3,2,4,129,0.2905
1999,3,2,5,269,0.6339
1999,3,3,1,168,3.4592
1999,3,3,2,153,1.8674
1999,3,3,3,169,1.7837
1999,3,3,4,156,4.8775
1999,3,3,5,183,11.4272
1999,4,1,1,225,7.5974
1999,4,1,2,276,12.5536
1999,4,1,3,303,13.4136
1999,4,1,4,349,9.8821
1999,4,1,5,947,8.0686
1999,4,2,1,127,9.0522
1999,4,2,2,128,11.7828
1999,4,2,3,117,10.9973
1999,4,2,4,123,9.0974
1999,4,2,5,269,10.8972
1999,4,3,1,167,4.5457
1999,4,3,2,151,7.8784
1999,4,3,3,158,4.2052
1999,4,3,4,152,1.7602
1999,4,3,5,187,0.9726
1999,5,1,1,232,4.4417
1999,5,1,2,287,3.1671
1999,5,1,3,323,4.8761
1999,5,1,4,373,5.5854
1999,5,1,5,975,4.7213
1999,5,2,1,124,4.8298
1999,5,2,2,135,5.4039
1999,5,2,3,121,4.1335
1999,5,2,4,125,4.9891
1999,5,2,5,269,5.0165
1999,5,3,1,175,-2.6875
1999,5,3,2,148,0.8726
1999,5,3,3,160,-2.1987
1999,5,3,4,156,-0.5567
1999,5,3,5,186,-1.2671
1999,6,1,1,233,3.6803
1999,6,1,2,282,5.3469
1999,6,1,3,335,4.0892
1999,6,1,4,368,3.3755
1999,6,1,5,963,3.9068
1999,6,2,1,124,3.7926
1999,6,2,2,134,7.7319
1999,6,2,3,110,5.2458
1999,6,2,4,121,8.0518
1999,6,2,5,276,9.4292
1999,6,3,1,176,4.6546
1999,6,3,2,144,3.8510
1999,6,3,3,163,4.9573
1999,6,3,4,157,7.6350
1999,6,3,5,182,4.5760
1999,7,1,1,228,0.1399
1999,7,1,2,264,-0.5000
1999,7,1,3,325,2.1737
1999,7,1,4,373,2.1827
1999,7,1,5,910,3.4009
1999,7,2,1,122,-1.5349
1999,7,2,2,131,-1.0093
1999,7,2,3,117,-1.4053
1999,7,2,4,116,-1.8298
1999,7,2,5,276,-1.0938
1999,7,3,1,175,-1.3918
1999,7,3,2,146,-2.9537
1999,7,3,3,159,-0.7907
1999,7,3,4,154,-3.5756
1999,7,3,5,179,-0.3187
1999,8,1,1,234,-4.1882
1999,8,1,2,257,-4.1010
1999,8,1,3,327,-3.2232
1999,8,1,4,375,-1.2318
1999,8,1,5,939,-1.6113
1999,8,2,1,120,-5.5789
1999,8,2,2,130,-5.1114
1999,8,2,3,126,-3.2757
1999,8,2,4,117,-0.2539
1999,8,2,5,262,-0.6570
1999,8,3,1,168,-0.5596
1999,8,3,2,153,-1.4638
1999,8,3,3,153,1.2289
1999,8,3,4,157,1.3653
1999,8,3,5,192,-1.0973
1999,9,1,1,229,-2.7520
1999,9,1,2,262,-2.6420
1999,9,1,3,318,-3.2843
1999,9,1,4,369,-1.8122
1999,9,1,5,931,0.4757
1999,9,2,1,123,-3.2970
1999,9,2,2,129,-0.5458
1999,9,2,3,126,-0.4095
1999,9,2,4,114,1.9612
1999,9,2,5,257,0.7538
1999,9,3,1,162,-3.5192
1999,9,3,2,151,-4.1216
1999,9,3,3,150,-4.0393
1999,9,3,4,159,-1.1315
1999,9,3,5,197,0.0394
1999,10,1,1,226,-2.9297
1999,10,1,2,251,-3.5698
1999,10,1,3,306,-1.4061
1999,10,1,4,368,-4.6274
1999,10,1,5,896,-1.6930
1999,10,2,1,123,-2.6818
1999,10,2,2,135,-4.0342
1999,10,2,3,125,-2.2929
1999,10,2,4,111,2.0717
1999,10,2,5,266,-0.7149
1999,10,3,1,159,3.8260
1999,10,3,2,147,4.1359
1999,10,3,3,151,3.7329
1999,10,3,4,164,3.6690
1999,10,3,5,206,10.3093
1999,11,1,1,240,3.2448
1999,11,1,2,243,5.5063
1999,11,1,3,318,4.7112
1999,11,1,4,383,11.9767
1999,11,1,5,884,17.9187
1999,11,2,1,123,0.8258
1999,11,2,2,129,4.6290
1999,11,2,3,125,6.2285
1999,11,2,4,116,8.6272
1999,11,2,5,271,13.6324
1999,11,3,1,161,4.1127
1999,11,3,2,151,1.8049
1999,11,3,3,145,5.8088
1999,11,3,4,171,3.4463
1999,11,3,5,215,5.5635
1999,12,1,1,230,3.5086
1999,12,1,2,238,3.9028
1999,12,1,3,310,3.0861
1999,12,1,4,371,11.6054
1999,12,1,5,857,17.0155
1999,12,2,1,126,5.2751
1999,12,2,2,127,6.0249
1999,12,2,3,120,4.2846
1999,12,2,4,122,7.8997
1999,12,2,5,270,16.9663
1999,12,3,1,157,8.3325
1999,12,3,2,153,3.4930
1999,12,3,3,146,3.8686
1999,12,3,4,174,5.0881
1999,12,3,5,227,19.2256
2000,1,1,1,223,3.3013
2000,1,1,2,237,1.3884
2000,1,1,3,298,3.2582
2000,1,1,4,356,5.2302
2000,1,1,5,817,16.3720
2000,1,2,1,132,-4.7860
2000,1,2,2,123,-4.3350
2000,1,2,3,121,-1.9490
2000,1,2,4,121,1.1770
2000,1,2,5,283,3.0857
2000,1,3,1,153,-9.9112
2000,1,3,2,149,-0.8712
2000,1,3,3,150,0.9860
2000,1,3,4,180,-1.6219
2000,1,3,5,247,-9.6365
2000,2,1,1,227,6.3654
2000,2,1,2,227,4.9456
2000,2,1,3,295,10.6460
2000,2,1,4,375,8.2247
2000,2,1,5,798,25.8990
2000,2,2,1,128,1.5179
2000,2,2,2,127,8.4128
2000,2,2,3,115,1.3521
2000,2,2,4,144,13.6998
2000,2,2,5,299,35.0468
2000,2,3,1,160,-4.0448
2000,2,3,2,146,-0.5616
2000,2,3,3,156,3.1514
2000,2,3,4,169,3.1042
2000,2,3,5,261,10.5453
2000,3,1,1,212,2.8495
2000,3,1,2,222,1.3711
2000,3,1,3,293,2.1665
2000,3,1,4,371,-2.5084
2000,3,1,5,739,-0.6368
2000,3,2,1,136,2.3145
2000,3,2,2,122,8.0384
2000,3,2,3,116,1.5844
2000,3,2,4,131,4.7434
2000,3,2,5,295,-7.0865
2000,3,3,1,162,9.2457
2000,3,3,2,152,8.6353
2000,3,3,3,153,10.5861
2000,3,3,4,174,5.1865
2000,3,3,5,316,1.7264
2000,4,1,1,217,-3.7053
2000,4,1,2,219,-3.2874
2000,4,1,3,290,-4.3232
2000,4,1,4,366,-9.1327
2000,4,1,5,741,-18.1686
2000,4,2,1,131,2.1661
2000,4,2,2,123,1.1079
2000,4,2,3,120,-2.4149
2000,4,2,4,134,-4.9707
2000,4,2,5,316,-15.5499
2000,4,3,1,156,-1.8639
2000,4,3,2,146,2.0996
2000,4,3,3,147,-5.3757
2000,4,3,4,169,3.4172
2000,4,3,5,287,-14.4459
2000,5,1,1,219,-4.5805
2000,5,1,2,233,-6.6078
2000,5,1,3,311,-7.1469
2000,5,1,4,364,-6.4631
2000,5,1,5,815,-11.1587
2000,5,2,1,131,-2.8342
2000,5,2,2,125,-1.4346
2000,5,2,3,129,-6.5472
2000,5,2,4,133,-4.9723
2000,5,2,5,311,-6.8207
2000,5,3,1,159,-1.8865
2000,5,3,2,145,0.7546
2000,5,3,3,148,-6.6167
2000,5,3,4,163,-2.9182
2000,5,3,5,268,-8.9976
2000,6,1,1,226,3.3560
2000,6,1,2,236,4.1790
2000,6,1,3,332,5.2380
2000,6,1,4,364,7.1896
2000,6,1,5,841,12.1116
2000,6,2,1,126,3.3921
2000,6,2,2,116,3.2773
2000,6,2,3,114,4.6346
2000,6,2,4,134,7.0461
2000,6,2,5,275,24.0434
2000,6,3,1,152,-0.4086
2000,6,3,2,150,2.4269
2000,6,3,3,143,1.4549
2000,6,3,4,160,7.1861
2000,6,3,5,254,13.0374
2000,7,1,1,218,2.3987
2000,7,1,2,234,1.6291
2000,7,1,3,328,0.7840
2000,7,1,4,347,-0.3092
2000,7,1,5,806,-3.7573
2000,7,2,1,121,2.9426
2000,7,2,2,125,0.3462
2000,7,2,3,117,-2.9585
2000,7,2,4,126,-1.1506
2000,7,2,5,256,-6.0056
2000,7,3,1,152,-1.4075
2000,7,3,2,145,-3.0995
2000,7,3,3,137,-0.6259
2000,7,3,4,162,-1.7715
2000,7,3,5,285,-6.9312
2000,8,1,1,234,3.4350
2000,8,1,2,219,5.6907
2000,8,1,3,329,4.8647
2000,8,1,4,339,8.3266
2000,8,1,5,827,9.6797
2000,8,2,1,126,5.0378
2000,8,2,2,116,6.7539
2000,8,2,3,125,4.9754
2000,8,2,4,137,5.5659
2000,8,2,5,283,14.7098
2000,8,3,1,152,3.5599
2000,8,3,2,141,2.0651
2000,8,3,3,134,6.8635
2000,8,3,4,158,6.6339
2000,8,3,5,275,10.7403
2000,9,1,1,229,-4.2004
2000,9,1,2,210,-2.0163
2000,9,1,3,325,-2.7532
2000,9,1,4,332,0.0977
2000,9,1,5,815,-6.0349
2000,9,2,1,127,-2.9209
2000,9,2,2,119,-3.5382
2000,9,2,3,121,-5.2589
2000,9,2,4,143,-3.3779
2000,9,2,5,280,-5.1452
2000,9,3,1,148,-0.6503
2000,9,3,2,141,-0.2468
2000,9,3,3,133,-14.8670
2000,9,3,4,153,-7.4905
2000,9,3,5,282,-7.2612
2000,10,1,1,227,-5.3317
2000,10,1,2,202,-5.5643
2000,10,1,3,326,-5.4154
2000,10,1,4,332,-7.0089
2000,10,1,5,786,-10.6690
2000,10,2,1,131,1.1133
2000,10,2,2,118,1.1004
2000,10,2,3,122,-0.6091
2000,10,2,4,139,-2.8546
2000,10,2,5,287,-9.6032
2000,10,3,1,146,-1.1494
2000,10,3,2,137,4.5256
2000,10,3,3,126,3.6746
2000,10,3,4,155,-0.3661
2000,10,3,5,278,-6.4780
2000,11,1,1,243,-5.2657
2000,11,1,2,204,-4.4670
2000,11,1,3,310,-5.4454
2000,11,1,4,351,-10.7468
2000,11,1,5,805,-19.0971
2000,11,2,1,122,-1.0193
2000,11,2,2,119,-1.9819
2000,11,2,3,128,-6.6969
2000,11,2,4,123,-6.9736
2000,11,2,5,296,-18.0001
2000,11,3,1,145,-0.7263
2000,11,3,2,135,-2.2601
2000,11,3,3,125,-6.8768
2000,11,3,4,161,-9.5770
2000,11,3,5,259,-19.7702
2000,12,1,1,239,0.3035
2000,12,1,2,197,-0.5330
2000,12,1,3,305,0.8440
2000,12,1,4,336,-1.2988
2000,12,1,5,851,-5.5025
2000,12,2,1,122,8.2679
2000,12,2,2,115,11.0099
2000,12,2,3,131,7.1388
2000,12,2,4,135,9.3770
2000,12,2,5,277,5.0240
2000,12,3,1,138,2.6029
2000,12,3,2,138,3.3232
2000,12,3,3,122,-2.4799
2000,12,3,4,143,-6.2162
2000,12,3,5,246,-0.6753
2001,1,1,1,238,16.9931
2001,1,1,2,196,16.9937
2001,1,1,3,310,16.0293
2001,1,1,4,333,27.2062
2001,1,1,5,842,34.4827
2001,1,2,1,122,8.4910
2001,1,2,2,121,11.5738
2001,1,2,3,130,11.8032
2001,1,2,4,123,12.9777
2001,1,2,5,261,14.1817
2001,1,3,1,138,3.0626
2001,1,3,2,128,0.5402
2001,1,3,3,121,2.5926
2001,1,3,4,145,4.5857
2001,1,3,5,248,9.7322
2001,2,1,1,233,-0.3222
2001,2,1,2,201,0.2369
2001,2,1,3,317,-2.1459
2001,2,1,4,348,-4.7821
2001,2,1,5,821,-12.7136
2001,2,2,1,124,0.1958
2001,2,2,2,120,-4.2351
2001,2,2,3,121,-4.1866
2001,2,2,4,121,-3.5118
2001,2,2,5,272,-14.2308
2001,2,3,1,127,-4.5559
2001,2,3,2,138,-3.3535
2001,2,3,3,127,-9.6710
2001,2,3,4,154,-12.8073
2001,2,3,5,246,-17.8155
2001,3,1,1,230,-2.5407
2001,3,1,2,204,0.0951
2001,3,1,3,326,-2.8432
2001,3,1,4,348,-5.6546
2001,3,1,5,850,-8.6947
2001,3,2,1,121,-4.0230
2001,3,2,2,117,-1.9450
2001,3,2,3,120,-4.0229
2001,3,2,4,117,-0.9295
2001,3,2,5,249,-9.6423
2001,3,3,1,132,-2.2031
2001,3,3,2,130,-5.5626
2001,3,3,3,124,-11.8449
2001,3,3,4,147,-7.3338
2001,3,3,5,219,-10.5834
2001,4,1,1,225,5.4355
2001,4,1,2,206,4.8407
2001,4,1,3,318,6.3271
2001,4,1,4,346,5.1498
2001,4,1,5,842,8.3833
2001,4,2,1,121,7.6262
2001,4,2,2,113,8.9994
2001,4,2,3,129,7.9276
2001,4,2,4,113,8.9023
2001,4,2,5,239,13.8807
2001,4,3,1,131,6.0782
2001,4,3,2,132,5.2676
2001,4,3,3,116,6.9914
2001,4,3,4,153,9.2219
2001,4,3,5,217,15.6916
2001,5,1,1,237,13.5431
2001,5,1,2,201,11.3170
2001,5,1,3,286,10.6109
2001,5,1,4,362,10.8267
2001,5,1,5,846,9.5345
2001,5,2,1,128,4.8849
2001,5,2,2,118,3.2330
2001,5,2,3,130,6.1956
2001,5,2,4,108,5.9844
2001,5,2,5,224,4.9385
2001,5,3,1,138,1.3696
2001,5,3,2,121,1.1126
2001,5,3,3,120,0.8124
2001,5,3,4,152,0.1450
2001,5,3,5,238,-1.2317
2001,6,1,1,239,2.8620
2001,6,1,2,189,1.9799
2001,6,1,3,285,3.3770
2001,6,1,4,349,1.2003
2001,6,1,5,817,1.4935
2001,6,2,1,130,6.1044
2001,6,2,2,122,4.2947
2001,6,2,3,120,5.2558
2001,6,2,4,110,3.0659
2001,6,2,5,248,5.9416
2001,6,3,1,134,-2.9795
2001,6,3,2,120,-6.0580
2001,6,3,3,121,-1.9492
2001,6,3,4,147,-4.4866
2001,6,3,5,228,0.0753
2001,7,1,1,235,2.8803
2001,7,1,2,195,0.3579
2001,7,1,3,273,-0.2318
2001,7,1,4,334,-1.4463
2001,7,1,5,778,-4.9302
2001,7,2,1,125,-0.6934
2001,7,2,2,118,-2.0953
2001,7,2,3,123,-4.7919
2001,7,2,4,108,-5.3798
2001,7,2,5,262,-9.0933
2001,7,3,1,136,2.8294
2001,7,3,2,121,2.4789
2001,7,3,3,122,0.6852
2001,7,3,4,149,0.3290
2001,7,3,5,226,-7.7201
2001,8,1,1,228,-1.1265
2001,8,1,2,202,-1.9208
2001,8,1,3,273,-0.0969
2001,8,1,4,347,-1.7733
2001,8,1,5,797,-5.2252
2001,8,2,1,124,1.1469
2001,8,2,2,118,0.1638
2001,8,2,3,121,-1.4200
2001,8,2,4,116,-3.5669
2001,8,2,5,245,-8.0803
2001,8,3,1,143,-4.5622
2001,8,3,2,121,-5.8195
2001,8,3,3,125,-4.7007
2001,8,3,4,149,-5.1897
2001,8,3,5,222,-10.5884
2001,9,1,1,221,-11.6681
2001,9,1,2,196,-11.8494
2001,9,1,3,276,-11.3622
2001,9,1,4,336,-13.1259
2001,9,1,5,782,-18.5712
2001,9,2,1,119,-14.2834
2001,9,2,2,114,-13.8784
2001,9,2,3,119,-15.4469
2001,9,2,4,118,-15.9258
2001,9,2,5,244,-20.6265
2001,9,3,1,145,-7.1641
2001,9,3,2,124,-8.1438
2001,9,3,3,125,-14.1898
2001,9,3,4,141,-3.4465
2001,9,3,5,212,-13.1898
2001,10,1,1,215,7.9252
2001,10,1,2,203,6.3688
2001,10,1,3,262,8.0856
2001,10,1,4,323,6.8685
2001,10,1,5,789,13.5300
2001,10,2,1,116,4.4110
2001,10,2,2,116,6.3809
2001,10,2,3,124,7.3722
2001,10,2,4,123,10.2628
2001,10,2,5,242,15.9698
2001,10,3,1,143,3.3928
2001,10,3,2,124,3.1259
2001,10,3,3,123,5.5437
2001,10,3,4,143,-1.1036
2001,10,3,5,200,7.2119
2001,11,1,1,211,6.5314
2001,11,1,2,209,5.4590
2001,11,1,3,270,7.2737
2001,11,1,4,309,6.6589
2001,11,1,5,810,11.9186
2001,11,2,1,134,9.6302
2001,11,2,2,120,6.4258
2001,11,2,3,126,11.4262
2001,11,2,4,118,7.0271
2001,11,2,5,247,11.3443
2001,11,3,1,138,6.6525
2001,11,3,2,123,6.0395
2001,11,3,3,121,12.0512
2001,11,3,4,145,6.2823
2001,11,3,5,220,9.4066
2001,12,1,1,211,7.5352
2001,12,1,2,198,7.5934
2001,12,1,3,264,8.8357
2001,12,1,4,307,6.9916
2001,12,1,5,803,7.7979
2001,12,2,1,134,7.5335
2001,12,2,2,114,7.9557
2001,12,2,3,124,6.0799
2001,12,2,4,121,8.0795
2001,12,2,5,242,6.7031
2001,12,3,1,135,4.0019
2001,12,3,2,129,-1.2176
2001,12,3,3,117,0.1539
2001,12,3,4,146,-0.1378
2001,12,3,5,221,0.3984
2002,1,1,1,211,3.3668
2002,1,1,2,202,3.4091
2002,1,1,3,256,0.5151
2002,1,1,4,308,5.1996
2002,1,1,5,787,-0.0428
2002,1,2,1,131,3.9669
2002,1,2,2,110,0.2884
2002,1,2,3,120,2.7955
2002,1,2,4,123,-2.3496
2002,1,2,5,251,-5.0118
2002,1,3,1,134,-0.7476
2002,1,3,2,133,0.9873
2002,1,3,3,117,0.5210
2002,1,3,4,142,-0.2116
2002,1,3,5,217,-3.8317
2002,2,1,1,211,0.8143
2002,2,1,2,207,0.2442
2002,2,1,3,263,-1.7140
2002,2,1,4,292,-2.1872
2002,2,1,5,847,-9.6423
2002,2,2,1,121,1.7112
2002,2,2,2,104,3.2935
2002,2,2,3,126,-1.7543
2002,2,2,4,105,-2.4036
2002,2,2,5,255,-8.3783
2002,2,3,1,141,1.8475
2002,2,3,2,132,0.3018
2002,2,3,3,122,-3.4323
2002,2,3,4,146,-1.6052
2002,2,3,5,217,-8.9179
2002,3,1,1,213,10.5978
2002,3,1,2,203,11.7341
2002,3,1,3,270,9.9280
2002,3,1,4,292,12.6198
2002,3,1,5,865,9.8471
2002,3,2,1,120,8.4284
2002,3,2,2,109,7.3399
2002,3,2,3,119,10.1745
2002,3,2,4,106,9.2000
2002,3,2,5,244,11.6561
2002,3,3,1,137,2.2330
2002,3,3,2,130,1.6690
2002,3,3,3,124,5.7872
2002,3,3,4,140,6.2648
2002,3,3,5,204,3.5454
2002,4,1,1,210,5.3510
2002,4,1,2,202,7.0874
2002,4,1,3,268,6.9576
2002,4,1,4,289,4.0631
2002,4,1,5,859,-4.9331
2002,4,2,1,124,5.5195
2002,4,2,2,113,3.0905
2002,4,2,3,122,3.4197
2002,4,2,4,109,0.2229
2002,4,2,5,229,-8.7560
2002,4,3,1,136,-3.9129
2002,4,3,2,128,-6.0214
2002,4,3,3,119,-3.2876
2002,4,3,4,138,-5.8057
2002,4,3,5,209,-12.2941
2002,5,1,1,207,0.2998
2002,5,1,2,224,-1.6436
2002,5,1,3,273,-0.2923
2002,5,1,4,287,-2.2713
2002,5,1,5,925,-5.7558
2002,5,2,1,128,-3.3336
2002,5,2,2,113,-2.8921
2002,5,2,3,117,-5.0574
2002,5,2,4,106,-2.3940
2002,5,2,5,230,-7.9915
2002,5,3,1,136,-0.9037
2002,5,3,2,130,-0.5156
2002,5,3,3,132,-0.1817
2002,5,3,4,130,0.1403
2002,5,3,5,191,-4.8749
2002,6,1,1,214,-0.7720
2002,6,1,2,221,-0.2569
2002,6,1,3,268,-1.5236
2002,6,1,4,290,-3.8381
2002,6,1,5,931,-10.6504
2002,6,2,1,120,0.3749
2002,6,2,2,106,-3.8704
2002,6,2,3,117,-6.2472
2002,6,2,4,102,-5.4902
2002,6,2,5,222,-10.6280
2002,6,3,1,143,-4.3325
2002,6,3,2,128,-3.3493
2002,6,3,3,132,-11.4137
2002,6,3,4,126,-11.5727
2002,6,3,5,189,-7.7966
2002,7,1,1,215,-10.5842
2002,7,1,2,214,-15.2534
2002,7,1,3,265,-13.9772
2002,7,1,4,287,-16.1449
2002,7,1,5,886,-16.5223
2002,7,2,1,119,-15.9198
2002,7,2,2,110,-18.2984
2002,7,2,3,108,-16.3438
2002,7,2,4,107,-15.6639
2002,7,2,5,219,-15.4444
2002,7,3,1,142,-8.1872
2002,7,3,2,130,-7.8286
2002,7,3,3,129,-9.0832
2002,7,3,4,122,-8.1208
2002,7,3,5,180,-9.7640
2002,8,1,1,214,-3.3711
2002,8,1,2,221,-3.7230
2002,8,1,3,263,-0.0412
2002,8,1,4,298,-2.6327
2002,8,1,5,929,-1.5286
2002,8,2,1,122,-0.6767
2002,8,2,2,111,0.1762
2002,8,2,3,103,0.7160
2002,8,2,4,108,0.6844
2002,8,2,5,213,-1.1644
2002,8,3,1,146,1.7982
2002,8,3,2,127,0.5384
2002,8,3,3,135,-1.0770
2002,8,3,4,125,-0.5813
2002,8,3,5,181,1.3858
2002,9,1,1,213,-7.3023
2002,9,1,2,225,-8.7432
2002,9,1,3,256,-6.0070
2002,9,1,4,300,-9.5226
2002,9,1,5,914,-11.5873
2002,9,2,1,115,-4.8625
2002,9,2,2,109,-8.1078
2002,9,2,3,102,-10.4945
2002,9,2,4,112,-7.5890
2002,9,2,5,216,-10.1711
2002,9,3,1,149,-9.5940
2002,9,3,2,126,-9.5287
2002,9,3,3,134,-9.1952
2002,9,3,4,126,-10.9263
2002,9,3,5,181,-9.6801
2002,10,1,1,221,3.5305
2002,10,1,2,223,2.3935
2002,10,1,3,256,3.4897
2002,10,1,4,304,2.6814
2002,10,1,5,919,7.9709
2002,10,2,1,113,2.1180
2002,10,2,2,106,2.2814
2002,10,2,3,100,5.0159
2002,10,2,4,110,5.6309
2002,10,2,5,201,9.6298
2002,10,3,1,150,8.9083
2002,10,3,2,121,4.9341
2002,10,3,3,136,7.0812
2002,10,3,4,123,8.6452
2002,10,3,5,176,13.7396
2002,11,1,1,213,7.4768
2002,11,1,2,215,8.5181
2002,11,1,3,274,11.4899
2002,11,1,4,290,15.1665
2002,11,1,5,930,24.1646
2002,11,2,1,118,5.7672
2002,11,2,2,101,7.6319
2002,11,2,3,105,7.7044
2002,11,2,4,103,10.4027
2002,11,2,5,216,19.0376
2002,11,3,1,153,2.2849
2002,11,3,2,130,4.4619
2002,11,3,3,124,7.0909
2002,11,3,4,135,8.1946
2002,11,3,5,194,9.7498
2002,12,1,1,209,-1.5753
2002,12,1,2,218,-2.9311
2002,12,1,3,277,-2.1655
2002,12,1,4,289,-3.5985
2002,12,1,5,895,-9.6448
2002,12,2,1,116,-3.2664
2002,12,2,2,105,-7.2877
2002,12,2,3,107,-3.9895
2002,12,2,4,103,-5.8392
2002,12,2,5,225,-10.8429
2002,12,3,1,150,-4.4165
2002,12,3,2,125,-4.4013
2002,12,3,3,123,-7.0608
2002,12,3,4,135,-5.8392
2002,12,3,5,201,-8.2469
2003,1,1,1,207,-3.3342
2003,1,1,2,221,-3.8854
2003,1,1,3,276,-2.1690
2003,1,1,4,289,-4.1282
2003,1,1,5,893,0.1900
2003,1,2,1,120,-4.6737
2003,1,2,2,98,-4.7917
2003,1,2,3,104,-4.1455
2003,1,2,4,104,-2.6187
2003,1,2,5,224,-3.0168
2003,1,3,1,147,-3.4142
2003,1,3,2,127,-3.8432
2003,1,3,3,124,-2.6518
2003,1,3,4,129,-2.9419
2003,1,3,5,191,-1.8553
2003,2,1,1,213,-4.0763
2003,2,1,2,206,-6.1356
2003,2,1,3,280,-4.3110
2003,2,1,4,289,-5.3290
2003,2,1,5,931,-3.2429
2003,2,2,1,116,-2.8207
2003,2,2,2,104,-4.2245
2003,2,2,3,109,-5.0604
2003,2,2,4,106,-5.8977
2003,2,2,5,242,-3.5144
2003,2,3,1,149,-1.2743
2003,2,3,2,121,-0.5009
2003,2,3,3,125,-1.8142
2003,2,3,4,135,-3.2706
2003,2,3,5,194,-0.8468
2003,3,1,1,217,-0.2851
2003,3,1,2,203,0.2207
2003,3,1,3,277,-0.0080
2003,3,1,4,290,-1.1551
2003,3,1,5,916,2.5304
2003,3,2,1,116,1.5398
2003,3,2,2,98,3.2528
2003,3,2,3,105,0.0868
2003,3,2,4,110,-0.2503
2003,3,2,5,244,0.9856
2003,3,3,1,148,2.8039
2003,3,3,2,124,1.4587
2003,3,3,3,126,1.1277
2003,3,3,4,131,-0.4195
2003,3,3,5,189,0.9786
2003,4,1,1,219,8.7970
2003,4,1,2,201,10.3682
2003,4,1,3,276,8.6340
2003,4,1,4,288,13.4449
2003,4,1,5,894,12.0799
2003,4,2,1,111,9.8284
2003,4,2,2,100,10.6723
2003,4,2,3,102,11.8866
2003,4,2,4,110,10.4702
2003,4,2,5,242,12.9089
2003,4,3,1,146,5.9534
2003,4,3,2,125,3.9397
2003,4,3,3,127,7.1898
2003,4,3,4,132,7.5553
2003,4,3,5,182,8.6724
2003,5,1,1,218,9.6649
2003,5,1,2,201,9.4933
2003,5,1,3,263,9.0350
2003,5,1,4,300,14.9912
2003,5,1,5,917,22.2189
2003,5,2,1,112,5.5761
2003,5,2,2,107,6.6343
2003,5,2,3,103,10.6259
2003,5,2,4,114,15.3147
2003,5,2,5,241,17.1167
2003,5,3,1,141,2.9995
2003,5,3,2,130,4.4826
2003,5,3,3,124,6.0511
2003,5,3,4,124,9.4968
2003,5,3,5,187,7.9606
2003,6,1,1,212,5.8616
2003,6,1,2,213,6.3915
2003,6,1,3,257,5.2474
2003,6,1,4,298,7.6141
2003,6,1,5,877,6.6004
2003,6,2,1,114,3.0060
2003,6,2,2,102,3.8097
2003,6,2,3,108,4.6545
2003,6,2,4,110,3.1225
2003,6,2,5,258,0.2483
2003,6,3,1,139,2.1767
2003,6,3,2,127,1.4963
2003,6,3,3,124,0.4924
2003,6,3,4,130,2.6330
2003,6,3,5,193,1.0579
2003,7,1,1,213,7.8666
2003,7,1,2,211,8.2552
2003,7,1,3,261,9.1219
2003,7,1,4,286,11.1545
2003,7,1,5,868,9.7252
2003,7,2,1,110,7.2957
2003,7,2,2,100,4.6432
2003,7,2,3,100,4.4380
2003,7,2,4,114,6.0806
2003,7,2,5,240,6.7713
2003,7,3,1,140,1.2671
2003,7,3,2,128,1.6468
2003,7,3,3,124,2.8830
2003,7,3,4,131,-1.5275
2003,7,3,5,198,2.4358
2003,8,1,1,223,2.9100
2003,8,1,2,198,3.7146
2003,8,1,3,256,4.3427
2003,8,1,4,281,4.9303
2003,8,1,5,873,6.3744
2003,8,2,1,108,4.7699
2003,8,2,2,84,7.4637
2003,8,2,3,112,4.7087
2003,8,2,4,117,6.0578
2003,8,2,5,242,6.4880
2003,8,3,1,147,4.5246
2003,8,3,2,133,0.2493
2003,8,3,3,120,2.6124
2003,8,3,4,133,3.9415
2003,8,3,5,203,2.7523
2003,9,1,1,218,-0.1490
2003,9,1,2,203,-1.7953
2003,9,1,3,248,1.9721
2003,9,1,4,282,0.0437
2003,9,1,5,851,6.6593
2003,9,2,1,102,-3.9689
2003,9,2,2,89,-2.7982
2003,9,2,3,113,-3.4941
2003,9,2,4,122,-2.8404
2003,9,2,5,245,-2.4824
2003,9,3,1,148,-3.2199
2003,9,3,2,132,-1.5387
2003,9,3,3,120,-1.1865
2003,9,3,4,129,-2.7992
2003,9,3,5,201,-0.6315
2003,10,1,1,221,10.9941
2003,10,1,2,201,7.1845
2003,10,1,3,241,10.8186
2003,10,1,4,289,9.5305
2003,10,1,5,827,9.6557
2003,10,2,1,105,9.0759
2003,10,2,2,89,10.3465
2003,10,2,3,114,7.5198
2003,10,2,4,118,7.5341
2003,10,2,5,253,9.4215
2003,10,3,1,141,5.0666
2003,10,3,2,128,6.0245
2003,10,3,3,121,8.3619
2003,10,3,4,130,7.6407
2003,10,3,5,202,3.1733
2003,11,1,1,219,7.3876
2003,11,1,2,192,3.6358
2003,11,1,3,252,4.7461
2003,11,1,4,287,6.6227
2003,11,1,5,823,4.0240
2003,11,2,1,112,3.5810
2003,11,2,2,93,4.4185
2003,11,2,3,98,4.8011
2003,11,2,4,112,3.6326
2003,11,2,5,277,2.0729
2003,11,3,1,139,0.1471
2003,11,3,2,129,0.7770
2003,11,3,3,135,2.1586
2003,11,3,4,128,2.9042
2003,11,3,5,197,1.2517
2003,12,1,1,217,4.1907
2003,12,1,2,192,4.3396
2003,12,1,3,242,3.6786
2003,12,1,4,285,5.2248
2003,12,1,5,819,2.2849
2003,12,2,1,109,3.9282
2003,12,2,2,89,3.7768
2003,12,2,3,105,3.7944
2003,12,2,4,116,6.1128
2003,12,2,5,272,1.6217
2003,12,3,1,141,2.6394
2003,12,3,2,133,6.0120
2003,12,3,3,132,3.4870
2003,12,3,4,125,5.5299
2003,12,3,5,195,5.1290
2004,1,1,1,215,4.4218
2004,1,1,2,194,4.5610
2004,1,1,3,240,4.4212
2004,1,1,4,282,6.3816
2004,1,1,5,812,11.4858
2004,1,2,1,108,0.2177
2004,1,2,2,92,2.1577
2004,1,2,3,108,2.9321
2004,1,2,4,115,2.6846
2004,1,2,5,272,7.4200
2004,1,3,1,140,-0.0721
2004,1,3,2,126,1.5162
2004,1,3,3,126,0.7870
2004,1,3,4,127,1.5952
2004,1,3,5,189,2.3841
2004,2,1,1,235,4.4744
2004,2,1,2,169,0.7585
2004,2,1,3,250,3.4782
2004,2,1,4,274,0.8874
2004,2,1,5,805,-1.7261
2004,2,2,1,104,2.7900
2004,2,2,2,89,2.1297
2004,2,2,3,115,1.3124
2004,2,2,4,107,0.9362
2004,2,2,5,289,-1.6501
2004,2,3,1,140,4.5052
2004,2,3,2,131,1.4736
2004,2,3,3,117,1.6228
2004,2,3,4,132,1.1439
2004,2,3,5,192,-1.4195
2004,3,1,1,233,3.0327
2004,3,1,2,167,1.8771
2004,3,1,3,254,0.0591
2004,3,1,4,270,-0.0231
2004,3,1,5,815,-1.7577
2004,3,2,1,108,1.8712
2004,3,2,2,92,1.9990
2004,3,2,3,112,2.5304
2004,3,2,4,108,-0.6505
2004,3,2,5,274,0.7644
2004,3,3,1,138,-0.1256
2004,3,3,2,130,-0.8539
2004,3,3,3,117,-2.5541
2004,3,3,4,131,-2.3023
2004,3,3,5,187,-1.4616
2004,4,1,1,234,-1.2056
2004,4,1,2,166,-2.6923
2004,4,1,3,265,-2.6983
2004,4,1,4,266,-2.1820
2004,4,1,5,821,-5.3596
2004,4,2,1,104,-1.2055
2004,4,2,2,92,-3.3059
2004,4,2,3,108,-2.5560
2004,4,2,4,108,-4.4654
2004,4,2,5,250,-5.9663
2004,4,3,1,138,-0.7904
2004,4,3,2,127,0.4622
2004,4,3,3,120,0.7766
2004,4,3,4,129,-0.2055
2004,4,3,5,195,-3.5010
2004,5,1,1,217,-0.8493
2004,5,1,2,175,0.5083
2004,5,1,3,257,-0.7785
2004,5,1,4,281,-1.1595
2004,5,1,5,842,-0.4615
2004,5,2,1,104,1.5751
2004,5,2,2,92,0.2885
2004,5,2,3,117,-0.0398
2004,5,2,4,104,2.2671
2004,5,2,5,247,2.8377
2004,5,3,1,142,0.8767
2004,5,3,2,131,0.6173
2004,5,3,3,119,1.2911
2004,5,3,4,129,-0.3827
2004,5,3,5,189,2.7563
2004,6,1,1,217,4.7653
2004,6,1,2,175,6.7312
2004,6,1,3,250,5.3125
2004,6,1,4,283,3.4958
2004,6,1,5,831,1.6716
2004,6,2,1,102,5.4807
2004,6,2,2,92,5.3779
2004,6,2,3,119,5.7002
2004,6,2,4,102,7.1559
2004,6,2,5,241,1.9024
2004,6,3,1,145,1.5474
2004,6,3,2,127,2.9766
2004,6,3,3,122,1.2005
2004,6,3,4,132,2.5987
2004,6,3,5,194,2.3704
2004,7,1,1,220,-3.2950
2004,7,1,2,182,-5.6497
2004,7,1,3,244,-4.5914
2004,7,1,4,272,-8.8608
2004,7,1,5,850,-13.6706
2004,7,2,1,101,-4.9166
2004,7,2,2,90,-5.9626
2004,7,2,3,113,-4.6775
2004,7,2,4,106,-5.8361
2004,7,2,5,239,-10.6475
2004,7,3,1,140,-2.5800
2004,7,3,2,123,-3.3552
2004,7,3,3,121,-5.0250
2004,7,3,4,132,-2.7578
2004,7,3,5,189,-6.5715
2004,8,1,1,209,-3.4250
2004,8,1,2,191,-0.9076
2004,8,1,3,253,-1.6627
2004,8,1,4,273,-1.8358
2004,8,1,5,865,-2.7543
2004,8,2,1,103,-2.2458
2004,8,2,2,85,-1.3954
2004,8,2,3,117,-0.9630
2004,8,2,4,99,-0.5152
2004,8,2,5,226,-3.2744
2004,8,3,1,141,-0.5292
2004,8,3,2,127,-0.2731
2004,8,3,3,120,-0.0995
2004,8,3,4,133,-0.5518
2004,8,3,5,181,-1.0389
2004,9,1,1,210,3.5260
2004,9,1,2,186,5.2196
2004,9,1,3,253,4.3391
2004,9,1,4,274,5.5418
2004,9,1,5,871,4.0766
2004,9,2,1,103,3.9268
2004,9,2,2,93,5.8459
2004,9,2,3,110,5.1874
2004,9,2,4,98,6.9434
2004,9,2,5,219,5.9026
2004,9,3,1,139,2.5424
2004,9,3,2,128,2.7402
2004,9,3,3,121,-1.0679
2004,9,3,4,131,1.5764
2004,9,3,5,175,2.8424
2004,10,1,1,210,1.3111
2004,10,1,2,182,0.3877
2004,10,1,3,253,-0.9458
2004,10,1,4,272,0.9055
2004,10,1,5,865,1.8843
2004,10,2,1,97,2.6272
2004,10,2,2,92,1.6706
2004,10,2,3,112,1.4323
2004,10,2,4,100,2.8871
2004,10,2,5,230,2.9853
2004,10,3,1,143,1.8539
2004,10,3,2,128,2.0225
2004,10,3,3,118,1.6116
2004,10,3,4,134,0.6979
2004,10,3,5,171,3.7456
2004,11,1,1,198,10.1422
2004,11,1,2,196,8.8084
2004,11,1,3,245,8.0006
2004,11,1,4,280,11.8257
2004,11,1,5,866,9.5838
2004,11,2,1,99,10.1258
2004,11,2,2,99,8.6720
2004,11,2,3,102,8.2648
2004,11,2,4,102,10.9584
2004,11,2,5,233,8.2389
2004,11,3,1,147,3.7703
2004,11,3,2,124,4.4028
2004,11,3,3,124,5.9736
2004,11,3,4,134,3.5887
2004,11,3,5,169,4.0908
2004,12,1,1,201,4.2850
2004,12,1,2,194,4.0446
2004,12,1,3,243,4.8282
2004,12,1,4,273,5.3554
2004,12,1,5,865,8.1165
2004,12,2,1,101,2.6363
2004,12,2,2,101,2.7992
2004,12,2,3,105,3.8976
2004,12,2,4,102,2.7361
2004,12,2,5,228,3.4898
2004,12,3,1,143,2.8257
2004,12,3,2,121,2.2391
2004,12,3,3,121,3.5170
2004,12,3,4,136,2.7272
2004,12,3,5,170,3.8925
2005,1,1,1,203,-0.4538
2005,1,1,2,193,-3.3143
2005,1,1,3,241,-2.8052
2005,1,1,4,266,-4.5069
2005,1,1,5,855,-6.4933
2005,1,2,1,99,-3.7617
2005,1,2,2,99,-2.1448
2005,1,2,3,104,-3.9145
2005,1,2,4,106,-1.8113
2005,1,2,5,221,-5.2503
2005,1,3,1,145,-1.2630
2005,1,3,2,121,-1.2349
2005,1,3,3,122,-1.0050
2005,1,3,4,136,-3.5738
2005,1,3,5,172,-6.0621
2005,2,1,1,196,0.6970
2005,2,1,2,191,0.6540
2005,2,1,3,247,0.5974
2005,2,1,4,279,2.3314
2005,2,1,5,849,-0.3931
2005,2,2,1,101,2.5306
2005,2,2,2,101,4.2669
2005,2,2,3,97,1.5726
2005,2,2,4,103,5.1377
2005,2,2,5,215,0.6840
2005,2,3,1,149,4.8288
2005,2,3,2,126,4.7538
2005,2,3,3,130,3.5035
2005,2,3,4,130,1.8498
2005,2,3,5,168,0.1120
2005,3,1,1,198,0.1184
2005,3,1,2,190,-2.3093
2005,3,1,3,251,-1.3440
2005,3,1,4,270,-0.3365
2005,3,1,5,855,-6.2892
2005,3,2,1,95,-1.0423
2005,3,2,2,101,0.4803
2005,3,2,3,92,-1.4710
2005,3,2,4,107,-1.8753
2005,3,2,5,214,-3.2619
2005,3,3,1,151,-2.0780
2005,3,3,2,126,-1.5500
2005,3,3,3,128,-0.0636
2005,3,3,4,131,-1.2772
2005,3,3,5,162,-1.0731
2005,4,1,1,190,-5.4592
2005,4,1,2,188,-6.5547
2005,4,1,3,248,-5.6529
2005,4,1,4,269,-8.7347
2005,4,1,5,850,-7.4613
2005,4,2,1,102,-7.1455
2005,4,2,2,97,-5.2811
2005,4,2,3,97,-4.9231
2005,4,2,4,102,-6.5411
2005,4,2,5,218,-6.8422
2005,4,3,1,151,-5.5405
2005,4,3,2,127,-4.5084
2005,4,3,3,128,-1.1287
2005,4,3,4,132,0.6627
2005,4,3,5,160,-0.7404
2005,5,1,1,196,5.3741
2005,5,1,2,182,4.2276
2005,5,1,3,248,6.3951
2005,5,1,4,281,7.5865
2005,5,1,5,840,6.0100
2005,5,2,1,102,8.7879
2005,5,2,2,95,8.5083
2005,5,2,3,92,6.9891
2005,5,2,4,102,5.4589
2005,5,2,5,220,8.3475
2005,5,3,1,148,4.2368
2005,5,3,2,129,4.3867
2005,5,3,3,132,1.6226
2005,5,3,4,128,4.3465
2005,5,3,5,166,4.2309
2005,6,1,1,196,6.0448
2005,6,1,2,183,3.4528
2005,6,1,3,240,3.8897
2005,6,1,4,288,4.2474
2005,6,1,5,835,5.0351
2005,6,2,1,97,3.6963
2005,6,2,2,93,2.5912
2005,6,2,3,97,1.5501
2005,6,2,4,98,2.7466
2005,6,2,5,212,3.5875
2005,6,3,1,147,1.5045
2005,6,3,2,127,-0.7874
2005,6,3,3,132,-0.6456
2005,6,3,4,129,0.8110
2005,6,3,5,168,-0.7193
2005,7,1,1,202,6.8017
2005,7,1,2,182,8.1990
2005,7,1,3,245,8.3438
2005,7,1,4,285,6.5962
2005,7,1,5,822,7.9429
2005,7,2,1,91,6.1301
2005,7,2,2,91,6.2811
2005,7,2,3,97,7.3150
2005,7,2,4,99,7.9275
2005,7,2,5,214,7.4927
2005,7,3,1,149,4.6950
2005,7,3,2,129,4.8433
2005,7,3,3,128,3.7690
2005,7,3,4,132,5.3450
2005,7,3,5,164,5.1520
2005,8,1,1,195,-2.2459
2005,8,1,2,175,-1.9191
2005,8,1,3,264,-1.6401
2005,8,1,4,269,-1.4632
2005,8,1,5,804,-1.2227
2005,8,2,1,103,-3.5852
2005,8,2,2,97,-1.7874
2005,8,2,3,114,-1.8877
2005,8,2,4,100,-1.5867
2005,8,2,5,209,-0.7659
2005,8,3,1,140,-2.3136
2005,8,3,2,134,-0.1276
2005,8,3,3,119,-0.2455
2005,8,3,4,128,0.1965
2005,8,3,5,174,0.6681
2005,9,1,1,195,-0.4170
2005,9,1,2,181,-0.8501
2005,9,1,3,262,-1.6045
2005,9,1,4,266,0.5809
2005,9,1,5,791,1.3917
2005,9,2,1,98,-0.6784
2005,9,2,2,96,-0.7048
2005,9,2,3,110,0.6454
2005,9,2,4,104,0.8253
2005,9,2,5,206,1.8182
2005,9,3,1,139,0.9268
2005,9,3,2,134,0.6975
2005,9,3,3,120,1.5233
2005,9,3,4,125,-0.1982
2005,9,3,5,175,1.1040
2005,10,1,1,191,-2.2695
2005,10,1,2,181,-2.1163
2005,10,1,3,257,-3.0900
2005,10,1,4,267,-2.6363
2005,10,1,5,777,-4.1056
2005,10,2,1,104,-1.6112
2005,10,2,2,102,-1.9437
2005,10,2,3,113,-1.3934
2005,10,2,4,99,-4.0493
2005,10,2,5,208,-5.6801
2005,10,3,1,136,-2.4205
2005,10,3,2,127,-2.4185
2005,10,3,3,119,-3.1454
2005,10,3,4,129,-4.7174
2005,10,3,5,175,-2.3206
2005,11,1,1,187,4.2718
2005,11,1,2,183,4.8702
2005,11,1,3,249,2.9092
2005,11,1,4,261,3.7813
2005,11,1,5,782,4.7739
2005,11,2,1,99,5.2393
2005,11,2,2,98,6.4522
2005,11,2,3,113,5.4409
2005,11,2,4,110,5.4339
2005,11,2,5,203,4.3588
2005,11,3,1,139,3.4738
2005,11,3,2,129,4.5360
2005,11,3,3,122,2.4273
2005,11,3,4,125,3.1829
2005,11,3,5,176,3.9178
2005,12,1,1,186,1.8130
2005,12,1,2,182,0.3793
2005,12,1,3,247,1.8152
2005,12,1,4,262,0.2975
2005,12,1,5,768,-0.9752
2005,12,2,1,96,-0.6451
2005,12,2,2,99,-0.4941
2005,12,2,3,107,1.3024
2005,12,2,4,111,-0.9869
2005,12,2,5,204,-0.8822
2005,12,3,1,142,-1.7215
2005,12,3,2,125,1.0484
2005,12,3,3,128,-0.0329
2005,12,3,4,127,2.1978
2005,12,3,5,178,-0.5424
2006,1,1,1,188,7.7792
2006,1,1,2,182,9.5826
2006,1,1,3,244,7.8302
2006,1,1,4,262,8.1269
2006,1,1,5,769,11.5977
2006,1,2,1,94,8.0331
2006,1,2,2,103,8.6831
2006,1,2,3,104,8.7643
2006,1,2,4,107,9.6513
2006,1,2,5,195,9.6262
2006,1,3,1,141,4.2931
2006,1,3,2,123,1.5553
2006,1,3,3,130,3.6224
2006,1,3,4,124,4.4472
2006,1,3,5,177,4.4498
2006,2,1,1,181,-0.3446
2006,2,1,2,185,1.4596
2006,2,1,3,256,2.6220
2006,2,1,4,252,-1.3204
2006,2,1,5,760,0.4788
2006,2,2,1,95,-0.7853
2006,2,2,2,99,-0.7129
2006,2,2,3,102,-0.3988
2006,2,2,4,109,-1.9766
2006,2,2,5,203,-0.0606
2006,2,3,1,139,-0.1427
2006,2,3,2,121,-0.1180
2006,2,3,3,137,0.0759
2006,2,3,4,130,-0.0458
2006,2,3,5,168,-0.9628
2006,3,1,1,182,5.5136
2006,3,1,2,181,3.7580
2006,3,1,3,251,5.3490
2006,3,1,4,256,4.9973
2006,3,1,5,749,5.2145
2006,3,2,1,96,4.7954
2006,3,2,2,102,5.1130
2006,3,2,3,105,4.8856
2006,3,2,4,103,4.7673
2006,3,2,5,198,3.8839
2006,3,3,1,138,2.7132
2006,3,3,2,123,1.5532
2006,3,3,3,134,1.2405
2006,3,3,4,130,1.4234
2006,3,3,5,170,1.0947
2006,4,1,1,182,2.3025
2006,4,1,2,184,3.4811
2006,4,1,3,252,1.3986
2006,4,1,4,254,0.2507
2006,4,1,5,751,-1.9675
2006,4,2,1,93,0.7320
2006,4,2,2,98,2.1800
2006,4,2,3,98,1.5477
2006,4,2,4,104,-0.7093
2006,4,2,5,192,0.1777
2006,4,3,1,139,-0.0364
2006,4,3,2,121,3.4780
2006,4,3,3,135,1.3639
2006,4,3,4,131,0.5767
2006,4,3,5,170,-1.0478
2006,5,1,1,187,-5.4349
2006,5,1,2,188,-3.2891
2006,5,1,3,241,-4.0143
2006,5,1,4,259,-6.3059
2006,5,1,5,765,-8.1821
2006,5,2,1,97,-3.9485
2006,5,2,2,101,-4.6602
2006,5,2,3,101,-3.3669
2006,5,2,4,105,-5.6559
2006,5,2,5,194,-7.5765
2006,5,3,1,139,-1.6247
2006,5,3,2,117,-1.8780
2006,5,3,3,134,-2.3485
2006,5,3,4,134,-3.9038
2006,5,3,5,170,-4.3792
2006,6,1,1,184,2.6729
2006,6,1,2,186,-0.5015
2006,6,1,3,241,-1.3145
2006,6,1,4,260,-0.8052
2006,6,1,5,760,-1.9622
2006,6,2,1,104,-0.9442
2006,6,2,2,100,-0.4517
2006,6,2,3,100,-1.8799
2006,6,2,4,100,-0.6835
2006,6,2,5,198,-0.8373
2006,6,3,1,136,0.6700
2006,6,3,2,113,0.3133
2006,6,3,3,136,0.6844
2006,6,3,4,135,-1.2824
2006,6,3,5,161,0.8120
2006,7,1,1,185,-2.5518
2006,7,1,2,185,-3.6847
2006,7,1,3,239,-2.1819
2006,7,1,4,254,-2.1014
2006,7,1,5,738,-6.3674
2006,7,2,1,107,-2.5986
2006,7,2,2,101,-5.8197
2006,7,2,3,98,-2.8033
2006,7,2,4,99,-3.1105
2006,7,2,5,193,-3.2346
2006,7,3,1,130,-0.1250
2006,7,3,2,113,-3.6205
2006,7,3,3,137,1.3328
2006,7,3,4,131,1.2457
2006,7,3,5,165,-0.1250
2006,8,1,1,178,1.4334
2006,8,1,2,192,1.2814
2006,8,1,3,238,3.0909
2006,8,1,4,259,3.3517
2006,8,1,5,748,4.4727
2006,8,2,1,106,1.4941
2006,8,2,2,116,3.7272
2006,8,2,3,94,2.6481
2006,8,2,4,102,2.4781
2006,8,2,5,183,4.9099
2006,8,3,1,132,0.9414
2006,8,3,2,111,0.9183
2006,8,3,3,135,3.0108
2006,8,3,4,132,2.7839
2006,8,3,5,165,4.8709
2006,9,1,1,178,2.2594
2006,9,1,2,196,2.0365
2006,9,1,3,239,1.8305
2006,9,1,4,252,1.2124
2006,9,1,5,736,-0.2921
2006,9,2,1,105,3.5040
2006,9,2,2,107,1.8770
2006,9,2,3,95,1.3624
2006,9,2,4,103,1.0830
2006,9,2,5,191,-0.3319
2006,9,3,1,129,1.1943
2006,9,3,2,115,3.1623
2006,9,3,3,132,2.0474
2006,9,3,4,135,0.5351
2006,9,3,5,164,3.0859
2006,10,1,1,174,7.2791
2006,10,1,2,190,6.4946
2006,10,1,3,242,5.5805
2006,10,1,4,248,6.2736
2006,10,1,5,735,6.7853
2006,10,2,1,104,4.7511
2006,10,2,2,107,5.9780
2006,10,2,3,92,4.8908
2006,10,2,4,103,5.8032
2006,10,2,5,188,6.4446
2006,10,3,1,130,4.4692
2006,10,3,2,117,3.7166
2006,10,3,3,134,3.0423
2006,10,3,4,134,3.3089
2006,10,3,5,163,3.5571
2006,11,1,1,182,2.0411
2006,11,1,2,190,2.9323
2006,11,1,3,248,0.8819
2006,11,1,4,239,2.0636
2006,11,1,5,759,2.7264
2006,11,2,1,98,2.2173
2006,11,2,2,103,4.3569
2006,11,2,3,101,3.0069
2006,11,2,4,99,3.3364
2006,11,2,5,189,2.9458
2006,11,3,1,133,2.9955
2006,11,3,2,120,1.0785
2006,11,3,3,131,2.1888
2006,11,3,4,132,3.2926
2006,11,3,5,171,2.3951
2006,12,1,1,180,3.2054
2006,12,1,2,187,2.8935
2006,12,1,3,254,2.8239
2006,12,1,4,232,2.1296
2006,12,1,5,756,0.5061
2006,12,2,1,105,0.5005
2006,12,2,2,105,0.9285
2006,12,2,3,102,-0.2096
2006,12,2,4,93,-0.0489
2006,12,2,5,186,-0.8505
2006,12,3,1,129,0.6743
2006,12,3,2,122,-0.0145
2006,12,3,3,127,1.0594
2006,12,3,4,134,-0.8930
2006,12,3,5,168,0.2582
2007,1,1,1,180,1.2668
2007,1,1,2,190,1.9522
2007,1,1,3,247,1.8144
2007,1,1,4,233,1.6420
2007,1,1,5,756,2.7067
2007,1,2,1,102,2.7480
2007,1,2,2,101,2.5797
2007,1,2,3,97,1.8268
2007,1,2,4,98,1.4385
2007,1,2,5,178,2.5334
2007,1,3,1,127,1.7874
2007,1,3,2,124,2.8113
2007,1,3,3,124,2.7598
2007,1,3,4,131,2.5865
2007,1,3,5,167,1.7860
2007,2,1,1,175,-0.3712
2007,2,1,2,198,0.4770
2007,2,1,3,250,1.1107
2007,2,1,4,228,0.0990
2007,2,1,5,761,0.1244
2007,2,2,1,102,-0.1976
2007,2,2,2,97,0.3921
2007,2,2,3,100,1.0588
2007,2,2,4,91,-0.7441
2007,2,2,5,188,-0.1288
2007,2,3,1,127,-1.6916
2007,2,3,2,124,-0.9676
2007,2,3,3,118,-0.7834
2007,2,3,4,138,-0.5103
2007,2,3,5,165,-2.8817
2007,3,1,1,174,1.3507
2007,3,1,2,196,1.0361
2007,3,1,3,246,0.4302
2007,3,1,4,226,1.5169
2007,3,1,5,742,1.0830
2007,3,2,1,105,0.5648
2007,3,2,2,95,2.2254
2007,3,2,3,100,2.5427
2007,3,2,4,96,2.2175
2007,3,2,5,198,1.1633
2007,3,3,1,124,2.5740
2007,3,3,2,126,1.5042
2007,3,3,3,118,1.2490
2007,3,3,4,136,1.1183
2007,3,3,5,166,1.6782
2007,4,1,1,177,1.5202
2007,4,1,2,195,2.6669
2007,4,1,3,246,2.7771
2007,4,1,4,228,1.0261
2007,4,1,5,744,1.5750
2007,4,2,1,107,2.7002
2007,4,2,2,93,1.9981
2007,4,2,3,95,2.4330
2007,4,2,4,100,3.6656
2007,4,2,5,182,2.4500
2007,4,3,1,118,4.0887
2007,4,3,2,127,3.9997
2007,4,3,3,122,4.2209
2007,4,3,4,135,5.4280
2007,4,3,5,166,4.6439
2007,5,1,1,184,5.1554
2007,5,1,2,192,5.6428
2007,5,1,3,252,3.6991
2007,5,1,4,248,3.1917
2007,5,1,5,743,2.4291
2007,5,2,1,106,4.8545
2007,5,2,2,95,4.5582
2007,5,2,3,98,3.8225
2007,5,2,4,109,4.6041
2007,5,2,5,178,3.5413
2007,5,3,1,117,4.6875
2007,5,3,2,131,3.8645
2007,5,3,3,120,5.8206
2007,5,3,4,139,2.5884
2007,5,3,5,156,3.1157
2007,6,1,1,184,-0.4267
2007,6,1,2,181,0.4801
2007,6,1,3,249,0.9903
2007,6,1,4,237,-0.1839
2007,6,1,5,739,-0.1791
2007,6,2,1,104,-1.7836
2007,6,2,2,100,-1.4804
2007,6,2,3,96,-1.8998
2007,6,2,4,107,0.9948
2007,6,2,5,187,-1.6039
2007,6,3,1,118,-0.2250
2007,6,3,2,131,-1.6288
2007,6,3,3,122,-0.8317
2007,6,3,4,139,-1.8476
2007,6,3,5,153,-1.3810
2007,7,1,1,180,-8.1764
2007,7,1,2,177,-4.2220
2007,7,1,3,243,-4.9190
2007,7,1,4,233,-4.7775
2007,7,1,5,727,-5.7222
2007,7,2,1,107,-4.4058
2007,7,2,2,100,-5.1842
2007,7,2,3,103,-5.4685
2007,7,2,4,103,-4.5936
2007,7,2,5,185,-4.0833
2007,7,3,1,116,-1.1605
2007,7,3,2,131,-1.8611
2007,7,3,3,117,-1.1415
2007,7,3,4,143,-2.3914
2007,7,3,5,154,-2.7835
2007,8,1,1,169,-0.8688
2007,8,1,2,190,-1.7881
2007,8,1,3,226,-0.7000
2007,8,1,4,232,0.5026
2007,8,1,5,718,-0.8239
2007,8,2,1,117,1.7578
2007,8,2,2,89,0.6763
2007,8,2,3,106,1.4380
2007,8,2,4,113,1.6756
2007,8,2,5,193,2.1064
2007,8,3,1,118,1.4627
2007,8,3,2,134,1.3070
2007,8,3,3,113,1.2705
2007,8,3,4,144,1.9705
2007,8,3,5,156,1.3866
2007,9,1,1,167,-2.2836
2007,9,1,2,188,0.0860
2007,9,1,3,229,1.1822
2007,9,1,4,227,1.5821
2007,9,1,5,701,1.6960
2007,9,2,1,118,-1.0927
2007,9,2,2,88,-1.3825
2007,9,2,3,98,0.5736
2007,9,2,4,112,1.8750
2007,9,2,5,205,3.2591
2007,9,3,1,116,2.7859
2007,9,3,2,131,4.4289
2007,9,3,3,117,3.6127
2007,9,3,4,145,4.1109
2007,9,3,5,153,6.2327
2007,10,1,1,173,1.3638
2007,10,1,2,178,2.8290
2007,10,1,3,226,2.4277
2007,10,1,4,223,1.8494
2007,10,1,5,696,2.3073
2007,10,2,1,117,1.9159
2007,10,2,2,89,1.2876
2007,10,2,3,97,2.6781
2007,10,2,4,109,3.9952
2007,10,2,5,203,4.2086
2007,10,3,1,115,1.0964
2007,10,3,2,130,3.1836
2007,10,3,3,117,3.0903
2007,10,3,4,145,2.0068
2007,10,3,5,159,6.0687
2007,11,1,1,178,-9.8566
2007,11,1,2,165,-6.6548
2007,11,1,3,236,-7.7997
2007,11,1,4,230,-8.5272
2007,11,1,5,704,-11.0645
2007,11,2,1,109,-7.2323
2007,11,2,2,91,-6.2353
2007,11,2,3,98,-6.8178
2007,11,2,4,112,-7.0312
2007,11,2,5,206,-7.0228
2007,11,3,1,115,-3.0762
2007,11,3,2,123,-3.3046
2007,11,3,3,114,-3.4823
2007,11,3,4,142,-2.5564
2007,11,3,5,170,-5.5183
2007,12,1,1,175,-0.4591
2007,12,1,2,159,-1.1077
2007,12,1,3,229,-1.4062
2007,12,1,4,225,-0.8641
2007,12,1,5,698,0.0087
2007,12,2,1,105,-2.0579
2007,12,2,2,97,-1.3380
2007,12,2,3,97,-0.8007
2007,12,2,4,108,-0.7465
2007,12,2,5,199,0.6352
2007,12,3,1,116,2.0339
2007,12,3,2,123,-0.0930
2007,12,3,3,111,1.1985
2007,12,3,4,148,-1.4467
2007,12,3,5,175,0.3487
2008,1,1,1,175,-4.6298
2008,1,1,2,159,-8.7217
2008,1,1,3,225,-7.5807
2008,1,1,4,223,-10.1224
2008,1,1,5,690,-9.5370
2008,1,2,1,103,-2.5283
2008,1,2,2,95,-6.4986
2008,1,2,3,99,-5.8215
2008,1,2,4,111,-8.4789
2008,1,2,5,201,-10.8999
2008,1,3,1,118,-5.3337
2008,1,3,2,122,-8.2957
2008,1,3,3,106,-7.6440
2008,1,3,4,143,-6.9644
2008,1,3,5,175,-7.5450
2008,2,1,1,178,-3.2818
2008,2,1,2,159,-3.1365
2008,2,1,3,232,-1.8287
2008,2,1,4,239,-1.1415
2008,2,1,5,700,-3.1918
2008,2,2,1,111,-3.7967
2008,2,2,2,95,-1.4752
2008,2,2,3,99,-2.7654
2008,2,2,4,112,-1.3098
2008,2,2,5,196,-3.2588
2008,2,3,1,115,-0.9186
2008,2,3,2,125,0.2577
2008,2,3,3,109,0.0978
2008,2,3,4,141,0.3892
2008,2,3,5,169,-3.5603
2008,3,1,1,189,1.8536
2008,3,1,2,151,-0.2197
2008,3,1,3,231,-0.1130
2008,3,1,4,228,1.6855
2008,3,1,5,694,-3.1614
2008,3,2,1,109,0.6927
2008,3,2,2,98,1.3356
2008,3,2,3,97,0.8833
2008,3,2,4,117,0.3612
2008,3,2,5,200,-3.2702
2008,3,3,1,114,-1.1964
2008,3,3,2,123,0.8551
2008,3,3,3,112,0.3638
2008,3,3,4,141,-1.1796
2008,3,3,5,170,0.7060
2008,4,1,1,186,0.8908
2008,4,1,2,153,2.8463
2008,4,1,3,224,5.0745
2008,4,1,4,231,1.8637
2008,4,1,5,701,3.0543
2008,4,2,1,113,2.8409
2008,4,2,2,99,4.5180
2008,4,2,3,98,4.4419
2008,4,2,4,114,4.6067
2008,4,2,5,190,6.3717
2008,4,3,1,111,7.8966
2008,4,3,2,122,4.4499
2008,4,3,3,113,5.1024
2008,4,3,4,137,3.5876
2008,4,3,5,167,5.0904
2008,5,1,1,180,4.8469
2008,5,1,2,155,4.1976
2008,5,1,3,212,4.5637
2008,5,1,4,238,7.1340
2008,5,1,5,715,4.5680
2008,5,2,1,113,5.1417
2008,5,2,2,99,3.9357
2008,5,2,3,99,4.9552
2008,5,2,4,122,5.6828
2008,5,2,5,198,7.7241
2008,5,3,1,117,1.9027
2008,5,3,2,119,4.2885
2008,5,3,3,112,2.6566
2008,5,3,4,137,4.0174
2008,5,3,5,170,4.2889
2008,6,1,1,182,-8.3596
2008,6,1,2,152,-10.9712
2008,6,1,3,209,-9.2798
2008,6,1,4,231,-7.8227
2008,6,1,5,699,-8.9034
2008,6,2,1,112,-12.2200
2008,6,2,2,98,-10.0204
2008,6,2,3,98,-9.5044
2008,6,2,4,122,-9.7697
2008,6,2,5,192,-7.1974
2008,6,3,1,117,-5.3946
2008,6,3,2,120,-7.5031
2008,6,3,3,112,-5.5107
2008,6,3,4,140,-5.0085
2008,6,3,5,174,-6.0563
2008,7,1,1,183,6.9571
2008,7,1,2,158,6.1041
2008,7,1,3,202,3.7469
2008,7,1,4,229,5.0162
2008,7,1,5,688,2.4241
2008,7,2,1,111,4.0478
2008,7,2,2,96,6.0434
2008,7,2,3,102,0.6079
2008,7,2,4,119,2.6070
2008,7,2,5,199,0.5237
2008,7,3,1,114,-4.1073
2008,7,3,2,123,-1.4340
2008,7,3,3,111,-1.6820
2008,7,3,4,145,-0.8206
2008,7,3,5,179,-3.2378
2008,8,1,1,174,5.6295
2008,8,1,2,158,4.9105
2008,8,1,3,212,4.7736
2008,8,1,4,207,2.9755
2008,8,1,5,698,2.1737
2008,8,2,1,112,5.4294
2008,8,2,2,104,5.8308
2008,8,2,3,95,5.5775
2008,8,2,4,129,5.1907
2008,8,2,5,210,2.6658
2008,8,3,1,118,2.7613
2008,8,3,2,121,2.1764
2008,8,3,3,110,0.2417
2008,8,3,4,141,2.1119
2008,8,3,5,182,1.2731
2008,9,1,1,167,-7.7892
2008,9,1,2,163,-7.3522
2008,9,1,3,209,-8.9804
2008,9,1,4,207,-10.6382
2008,9,1,5,689,-12.4417
2008,9,2,1,118,-7.4576
2008,9,2,2,98,-8.4692
2008,9,2,3,97,-11.7947
2008,9,2,4,133,-10.3033
2008,9,2,5,205,-12.7180
2008,9,3,1,115,-7.1662
2008,9,3,2,118,-12.4262
2008,9,3,3,113,-10.9238
2008,9,3,4,143,-9.4281
2008,9,3,5,175,-11.0094
2008,10,1,1,167,-22.3123
2008,10,1,2,167,-24.2219
2008,10,1,3,211,-21.7443
2008,10,1,4,209,-26.4532
2008,10,1,5,695,-23.8720
2008,10,2,1,119,-23.6967
2008,10,2,2,91,-25.0209
2008,10,2,3,94,-18.9456
2008,10,2,4,119,-21.5168
2008,10,2,5,201,-22.3213
2008,10,3,1,114,-13.3465
2008,10,3,2,121,-18.3438
2008,10,3,3,111,-16.1452
2008,10,3,4,142,-14.8102
2008,10,3,5,170,-15.4963
2008,11,1,1,159,-12.3477
2008,11,1,2,175,-19.4155
2008,11,1,3,198,-19.4561
2008,11,1,4,202,-13.9386
2008,11,1,5,666,-18.2971
2008,11,2,1,111,-10.8814
2008,11,2,2,112,-14.2899
2008,11,2,3,99,-13.7066
2008,11,2,4,126,-13.5009
2008,11,2,5,220,-13.8967
2008,11,3,1,122,-0.6751
2008,11,3,2,121,-9.1995
2008,11,3,3,113,-6.2209
2008,11,3,4,154,-4.5897
2008,11,3,5,169,-8.7310
2008,12,1,1,155,12.5094
2008,12,1,2,176,7.7760
2008,12,1,3,194,1.4042
2008,12,1,4,201,4.2600
2008,12,1,5,665,3.3780
2008,12,2,1,113,8.0349
2008,12,2,2,106,8.6923
2008,12,2,3,97,3.2014
2008,12,2,4,125,5.3730
2008,12,2,5,212,5.6746
2008,12,3,1,122,0.6359
2008,12,3,2,123,2.9793
2008,12,3,3,117,2.4204
2008,12,3,4,152,0.4234
2008,12,3,5,172,2.9701
2009,1,1,1,155,-13.2326
2009,1,1,2,171,-11.8991
2009,1,1,3,195,-13.1133
2009,1,1,4,201,-8.8383
2009,1,1,5,661,-3.9204
2009,1,2,1,109,-10.1687
2009,1,2,2,109,-9.9163
2009,1,2,3,93,-8.3275
2009,1,2,4,115,-8.3843
2009,1,2,5,217,-6.0830
2009,1,3,1,124,-6.8244
2009,1,3,2,122,-5.9420
2009,1,3,3,115,-5.2446
2009,1,3,4,155,-4.6509
2009,1,3,5,167,-3.3088
2009,2,1,1,154,-14.3456
2009,2,1,2,174,-12.7720
2009,2,1,3,183,-11.9629
2009,2,1,4,192,-13.8184
2009,2,1,5,670,-13.3591
2009,2,2,1,116,-11.1742
2009,2,2,2,119,-10.9664
2009,2,2,3,90,-13.7542
2009,2,2,4,112,-12.7538
2009,2,2,5,226,-12.0501
2009,2,3,1,121,-9.8243
2009,2,3,2,123,-8.7727
2009,2,3,3,117,-7.2283
2009,2,3,4,149,-10.3228
2009,2,3,5,174,-7.2265
2009,3,1,1,144,11.6484
2009,3,1,2,168,15.2388
2009,3,1,3,183,12.9990
2009,3,1,4,194,12.1113
2009,3,1,5,649,9.5026
2009,3,2,1,117,12.7686
2009,3,2,2,124,10.6421
2009,3,2,3,91,10.6852
2009,3,2,4,116,7.5083
2009,3,2,5,233,10.8190
2009,3,3,1,125,5.7812
2009,3,3,2,121,10.7286
2009,3,3,3,117,7.8152
2009,3,3,4,148,5.7712
2009,3,3,5,175,9.0987
2009,4,1,1,150,29.4618
2009,4,1,2,163,34.2842
2009,4,1,3,182,25.2319
2009,4,1,4,194,28.9472
2009,4,1,5,645,21.9920
2009,4,2,1,112,24.0380
2009,4,2,2,122,28.9037
2009,4,2,3,93,23.5704
2009,4,2,4,111,26.1529
2009,4,2,5,228,21.1197
2009,4,3,1,125,5.9255
2009,4,3,2,118,12.1171
2009,4,3,3,116,8.3087
2009,4,3,4,146,6.0936
2009,4,3,5,178,6.4330
2009,5,1,1,139,7.2044
2009,5,1,2,162,11.5935
2009,5,1,3,183,9.6643
2009,5,1,4,235,15.6726
2009,5,1,5,667,10.9343
2009,5,2,1,118,1.7448
2009,5,2,2,109,2.4850
2009,5,2,3,105,5.0822
2009,5,2,4,121,3.2815
2009,5,2,5,193,6.6188
2009,5,3,1,130,2.5157
2009,5,3,2,128,2.3843
2009,5,3,3,109,4.5370
2009,5,3,4,150,4.6109
2009,5,3,5,161,7.1522
2009,6,1,1,143,5.5272
2009,6,1,2,167,6.9996
2009,6,1,3,170,3.0839
2009,6,1,4,244,5.1846
2009,6,1,5,654,8.0391
2009,6,2,1,116,1.1390
2009,6,2,2,106,0.3354
2009,6,2,3,110,-0.5861
2009,6,2,4,119,2.1349
2009,6,2,5,192,2.7550
2009,6,3,1,133,-0.7191
2009,6,3,2,125,2.2619
2009,6,3,3,108,2.8469
2009,6,3,4,148,0.8282
2009,6,3,5,163,-0.1285
2009,7,1,1,138,8.3588
2009,7,1,2,169,14.3003
2009,7,1,3,167,13.8180
2009,7,1,4,246,9.6083
2009,7,1,5,615,10.8240
2009,7,2,1,116,8.8449
2009,7,2,2,107,11.6371
2009,7,2,3,101,13.4605
2009,7,2,4,113,10.6531
2009,7,2,5,185,9.3334
2009,7,3,1,130,5.3405
2009,7,3,2,123,9.5465
2009,7,3,3,105,5.3559
2009,7,3,4,146,8.5334
2009,7,3,5,171,7.2289
2009,8,1,1,158,2.0414
2009,8,1,2,166,7.1821
2009,8,1,3,160,6.4037
2009,8,1,4,237,7.6670
2009,8,1,5,643,4.6872
2009,8,2,1,116,0.3155
2009,8,2,2,101,4.5229
2009,8,2,3,98,4.8716
2009,8,2,4,105,4.3253
2009,8,2,5,194,1.7900
2009,8,3,1,130,1.9016
2009,8,3,2,121,3.1556
2009,8,3,3,114,2.8416
2009,8,3,4,150,0.3312
2009,8,3,5,166,2.1263
2009,9,1,1,162,4.8040
2009,9,1,2,167,6.0643
2009,9,1,3,164,8.2988
2009,9,1,4,231,9.2965
2009,9,1,5,647,10.2419
2009,9,2,1,114,5.7120
2009,9,2,2,100,6.6056
2009,9,2,3,103,7.3178
2009,9,2,4,103,8.0648
2009,9,2,5,190,8.6597
2009,9,3,1,129,1.9894
2009,9,3,2,122,5.1051
2009,9,3,3,112,4.2081
2009,9,3,4,146,4.7456
2009,9,3,5,164,4.7736
2009,10,1,1,164,-6.5497
2009,10,1,2,164,-7.5887
2009,10,1,3,167,-5.8767
2009,10,1,4,231,-6.5264
2009,10,1,5,643,-9.8880
2009,10,2,1,113,-3.9563
2009,10,2,2,99,-5.3298
2009,10,2,3,96,-5.9421
2009,10,2,4,103,-6.4298
2009,10,2,5,191,-9.7447
2009,10,3,1,127,0.6846
2009,10,3,2,125,-0.6660
2009,10,3,3,114,0.3188
2009,10,3,4,148,-2.4236
2009,10,3,5,161,-3.4076
2009,11,1,1,172,1.3184
2009,11,1,2,164,0.7332
2009,11,1,3,149,3.6455
2009,11,1,4,235,2.0178
2009,11,1,5,663,1.1712
2009,11,2,1,113,1.6303
2009,11,2,2,100,1.6096
2009,11,2,3,98,3.2179
2009,11,2,4,107,2.1956
2009,11,2,5,195,3.2809
2009,11,3,1,124,5.8683
2009,11,3,2,131,5.2697
2009,11,3,3,118,5.5142
2009,11,3,4,147,5.9191
2009,11,3,5,161,7.4279
2009,12,1,1,168,7.3542
2009,12,1,2,164,9.0044
2009,12,1,3,142,8.2890
2009,12,1,4,234,9.6138
2009,12,1,5,655,8.8314
2009,12,2,1,109,7.0242
2009,12,2,2,102,8.7474
2009,12,2,3,101,9.7438
2009,12,2,4,102,9.9567
2009,12,2,5,192,10.0059
2009,12,3,1,124,-0.6689
2009,12,3,2,131,3.3356
2009,12,3,3,118,3.7676
2009,12,3,4,147,4.2355
2009,12,3,5,168,4.5524
2010,1,1,1,168,-2.8898
2010,1,1,2,164,-0.7851
2010,1,1,3,137,-4.0059
2010,1,1,4,236,-2.3287
2010,1,1,5,640,-3.5956
2010,1,2,1,110,-3.7251
2010,1,2,2,101,-2.8632
2010,1,2,3,108,-3.7449
2010,1,2,4,102,-3.6144
2010,1,2,5,196,-5.5927
2010,1,3,1,123,-2.8045
2010,1,3,2,131,-5.3864
2010,1,3,3,116,-5.1594
2010,1,3,4,148,-5.0151
2010,1,3,5,163,-3.9741
2010,2,1,1,178,3.9070
2010,2,1,2,164,6.0285
2010,2,1,3,139,4.2629
2010,2,1,4,245,5.7090
2010,2,1,5,646,4.4046
2010,2,2,1,118,4.2516
2010,2,2,2,101,6.1949
2010,2,2,3,99,3.9799
2010,2,2,4,98,5.8759
2010,2,2,5,197,4.7173
2010,2,3,1,120,3.9802
2010,2,3,2,130,3.8205
2010,2,3,3,122,3.0264
2010,2,3,4,159,2.9139
2010,2,3,5,159,2.6298
2010,3,1,1,178,7.1279
2010,3,1,2,164,9.5840
2010,3,1,3,141,6.4906
2010,3,1,4,248,9.8248
2010,3,1,5,631,9.1621
2010,3,2,1,114,8.4463
2010,3,2,2,100,6.9956
2010,3,2,3,98,7.9725
2010,3,2,4,105,8.7223
2010,3,2,5,195,7.7918
2010,3,3,1,122,5.1146
2010,3,3,2,133,8.0623
2010,3,3,3,118,5.4408
2010,3,3,4,157,4.7352
2010,3,3,5,155,4.1075
2010,4,1,1,172,6.0287
2010,4,1,2,162,10.5001
2010,4,1,3,148,8.1996
2010,4,1,4,248,8.8021
2010,4,1,5,619,8.1010
2010,4,2,1,113,5.9834
2010,4,2,2,106,5.3259
2010,4,2,3,84,6.3903
2010,4,2,4,101,6.9432
2010,4,2,5,193,5.5942
2010,4,3,1,123,2.5893
2010,4,3,2,127,3.9918
2010,4,3,3,126,3.9001
2010,4,3,4,158,-0.7143
2010,4,3,5,162,-0.0787
2010,5,1,1,163,-5.3542
2010,5,1,2,170,-7.5471
2010,5,1,3,150,-8.8829
2010,5,1,4,251,-7.5485
2010,5,1,5,645,-9.5977
2010,5,2,1,112,-5.4863
2010,5,2,2,109,-6.5686
2010,5,2,3,88,-6.0500
2010,5,2,4,103,-7.0488
2010,5,2,5,197,-8.8485
2010,5,3,1,127,-7.1319
2010,5,3,2,129,-6.9530
2010,5,3,3,122,-8.6020
2010,5,3,4,149,-6.7648
2010,5,3,5,165,-7.9615
2010,6,1,1,158,-9.1916
2010,6,1,2,166,-6.7610
2010,6,1,3,153,-8.8577
2010,6,1,4,249,-7.1839
2010,6,1,5,636,-7.5932
2010,6,2,1,106,-7.9554
2010,6,2,2,112,-8.5402
2010,6,2,3,89,-7.2680
2010,6,2,4,104,-7.8520
2010,6,2,5,193,-7.3533
2010,6,3,1,128,-6.6080
2010,6,3,2,135,-5.1212
2010,6,3,3,121,-5.9444
2010,6,3,4,152,-3.2079
2010,6,3,5,168,-5.1109
2010,7,1,1,153,8.4725
2010,7,1,2,158,9.6987
2010,7,1,3,152,5.9421
2010,7,1,4,238,7.6865
2010,7,1,5,626,6.6394
2010,7,2,1,111,5.9509
2010,7,2,2,113,7.5856
2010,7,2,3,95,6.0225
2010,7,2,4,101,11.3276
2010,7,2,5,204,6.5996
2010,7,3,1,127,6.2037
2010,7,3,2,135,6.7410
2010,7,3,3,119,7.9223
2010,7,3,4,157,6.2813
2010,7,3,5,165,7.5473
2010,8,1,1,150,-10.7822
2010,8,1,2,155,-9.0494
2010,8,1,3,147,-8.7903
2010,8,1,4,251,-6.7365
2010,8,1,5,619,-9.2381
2010,8,2,1,102,-6.1047
2010,8,2,2,121,-8.4292
2010,8,2,3,100,-6.2252
2010,8,2,4,108,-7.5586
2010,8,2,5,202,-6.5635
2010,8,3,1,129,-3.2424
2010,8,3,2,131,-4.4864
2010,8,3,3,120,-5.3752
2010,8,3,4,153,-2.8228
2010,8,3,5,167,-2.4700
2010,9,1,1,147,13.9153
2010,9,1,2,162,14.8537
2010,9,1,3,154,12.0990
2010,9,1,4,247,12.9083
2010,9,1,5,618,14.1480
2010,9,2,1,104,12.4316
2010,9,2,2,112,13.3817
2010,9,2,3,95,13.1082
2010,9,2,4,107,14.7293
2010,9,2,5,197,13.6784
2010,9,3,1,127,9.2370
2010,9,3,2,130,10.7849
2010,9,3,3,123,7.5063
2010,9,3,4,155,9.9029
2010,9,3,5,166,10.6357
2010,10,1,1,150,5.5565
2010,10,1,2,162,5.5378
2010,10,1,3,149,4.2970
2010,10,1,4,245,5.1498
2010,10,1,5,614,5.9093
2010,10,2,1,102,2.9333
2010,10,2,2,110,4.1747
2010,10,2,3,91,4.8556
2010,10,2,4,107,4.8756
2010,10,2,5,199,3.5953
2010,10,3,1,125,3.2777
2010,10,3,2,134,3.5132
2010,10,3,3,125,5.1869
2010,10,3,4,154,5.5753
2010,10,3,5,164,4.9784
2010,11,1,1,142,5.2041
2010,11,1,2,161,4.7730
2010,11,1,3,167,5.1072
2010,11,1,4,247,3.0767
2010,11,1,5,598,3.3369
2010,11,2,1,113,5.1306
2010,11,2,2,115,5.2006
2010,11,2,3,88,3.6958
2010,11,2,4,103,4.2604
2010,11,2,5,204,3.3343
2010,11,3,1,117,3.0671
2010,11,3,2,132,1.4804
2010,11,3,3,129,-0.5196
2010,11,3,4,154,-2.1342
2010,11,3,5,165,-0.3532
2010,12,1,1,138,8.0692
2010,12,1,2,163,6.5918
2010,12,1,3,159,8.4961
2010,12,1,4,245,9.4042
2010,12,1,5,595,10.7079
2010,12,2,1,109,6.5611
2010,12,2,2,113,7.9128
2010,12,2,3,88,7.6282
2010,12,2,4,108,6.8332
2010,12,2,5,202,7.5248
2010,12,3,1,117,5.6471
2010,12,3,2,131,4.6661
2010,12,3,3,127,6.0663
2010,12,3,4,152,5.7550
2010,12,3,5,166,7.2081
2011,1,1,1,134,-3.1787
2011,1,1,2,160,-3.3533
2011,1,1,3,158,-0.8297
2011,1,1,4,246,0.8171
2011,1,1,5,581,-0.4114
2011,1,2,1,107,-0.3588
2011,1,2,2,118,-0.2695
2011,1,2,3,91,1.0463
2011,1,2,4,104,0.5556
2011,1,2,5,203,1.6558
2011,1,3,1,118,3.1759
2011,1,3,2,126,1.2862
2011,1,3,3,126,0.8237
2011,1,3,4,148,3.1830
2011,1,3,5,168,1.6648
2011,2,1,1,138,6.5606
2011,2,1,2,167,6.0434
2011,2,1,3,160,4.1890
2011,2,1,4,245,5.6246
2011,2,1,5,587,5.0634
2011,2,2,1,107,5.7089
2011,2,2,2,109,4.8118
2011,2,2,3,97,5.4115
2011,2,2,4,97,6.3841
2011,2,2,5,194,5.3340
2011,2,3,1,122,3.6611
2011,2,3,2,123,4.3155
2011,2,3,3,132,2.8108
2011,2,3,4,144,2.8396
2011,2,3,5,170,4.5410
2011,3,1,1,138,4.9167
2011,3,1,2,166,3.3227
2011,3,1,3,166,3.1199
2011,3,1,4,245,1.9835
2011,3,1,5,590,1.6723
2011,3,2,1,102,3.4112
2011,3,2,2,109,2.9481
2011,3,2,3,89,2.2680
2011,3,2,4,96,6.1177
2011,3,2,5,184,1.7777
2011,3,3,1,123,1.1122
2011,3,3,2,123,1.1755
2011,3,3,3,131,0.1865
2011,3,3,4,146,0.2237
2011,3,3,5,169,1.4345
2011,4,1,1,132,1.0980
2011,4,1,2,168,2.5522
2011,4,1,3,165,2.1203
2011,4,1,4,241,1.7801
2011,4,1,5,583,2.2379
2011,4,2,1,108,1.4848
2011,4,2,2,107,2.3634
2011,4,2,3,87,3.3886
2011,4,2,4,98,3.0238
2011,4,2,5,183,2.1377
2011,4,3,1,121,3.7809
2011,4,3,2,122,3.1400
2011,4,3,3,134,3.2559
2011,4,3,4,146,3.9828
2011,4,3,5,168,3.6700
2011,5,1,1,149,0.1173
2011,5,1,2,156,-2.9422
2011,5,1,3,162,-2.3482
2011,5,1,4,252,-1.8253
2011,5,1,5,574,-2.1639
2011,5,2,1,105,0.0837
2011,5,2,2,110,-1.1655
2011,5,2,3,88,-1.6995
2011,5,2,4,99,-2.3376
2011,5,2,5,181,-1.5256
2011,5,3,1,120,-1.8053
2011,5,3,2,123,0.0746
2011,5,3,3,135,-1.4774
2011,5,3,4,147,-0.0366
2011,5,3,5,164,-0.6253
2011,6,1,1,145,-1.5415
2011,6,1,2,156,-2.1061
2011,6,1,3,157,0.1154
2011,6,1,4,247,-2.1091
2011,6,1,5,567,-5.1555
2011,6,2,1,102,-0.4903
2011,6,2,2,109,-0.4386
2011,6,2,3,92,-0.3938
2011,6,2,4,104,-1.6651
2011,6,2,5,183,-3.6468
2011,6,3,1,119,-1.0148
2011,6,3,2,128,-1.6414
2011,6,3,3,129,-0.5549
2011,6,3,4,145,-1.2486
2011,6,3,5,164,-2.9098
2011,7,1,1,139,-1.0409
2011,7,1,2,158,-1.3954
2011,7,1,3,148,-1.8305
2011,7,1,4,239,-2.4286
2011,7,1,5,563,-4.1440
2011,7,2,1,105,-2.9689
2011,7,2,2,104,-6.1546
2011,7,2,3,95,-3.4641
2011,7,2,4,103,-4.7784
2011,7,2,5,187,-4.6201
2011,7,3,1,119,-2.6535
2011,7,3,2,128,-0.0681
2011,7,3,3,132,-0.7851
2011,7,3,4,145,-2.3644
2011,7,3,5,162,-2.1094
2011,8,1,1,138,-8.8940
2011,8,1,2,166,-9.8498
2011,8,1,3,148,-10.3527
2011,8,1,4,246,-10.1030
2011,8,1,5,553,-12.6633
2011,8,2,1,110,-7.1557
2011,8,2,2,103,-8.1663
2011,8,2,3,95,-10.1067
2011,8,2,4,99,-9.4068
2011,8,2,5,182,-9.1543
2011,8,3,1,117,-5.1160
2011,8,3,2,134,-4.1150
2011,8,3,3,134,-4.6614
2011,8,3,4,142,-3.9881
2011,8,3,5,154,-6.3203
2011,9,1,1,139,-10.7702
2011,9,1,2,155,-12.0603
2011,9,1,3,154,-10.2889
2011,9,1,4,241,-10.9258
2011,9,1,5,556,-12.3647
2011,9,2,1,106,-9.4889
2011,9,2,2,113,-10.3363
2011,9,2,3,90,-11.7887
2011,9,2,4,94,-13.5770
2011,9,2,5,178,-11.7833
2011,9,3,1,122,-5.9376
2011,9,3,2,125,-5.4867
2011,9,3,3,137,-6.8276
2011,9,3,4,143,-5.9135
2011,9,3,5,158,-8.4218
2011,10,1,1,141,15.1006
2011,10,1,2,150,17.0412
2011,10,1,3,151,14.5266
2011,10,1,4,245,14.8354
2011,10,1,5,546,14.9466
2011,10,2,1,102,14.3412
2011,10,2,2,112,16.2736
2011,10,2,3,90,19.3278
2011,10,2,4,94,17.5935
2011,10,2,5,178,17.7218
2011,10,3,1,129,11.1109
2011,10,3,2,123,8.9219
2011,10,3,3,138,9.3288
2011,10,3,4,145,10.8936
2011,10,3,5,157,11.8330
2011,11,1,1,142,0.8168
2011,11,1,2,156,-1.6336
2011,11,1,3,144,-0.7840
2011,11,1,4,246,-3.0190
2011,11,1,5,546,-3.1852
2011,11,2,1,111,0.0860
2011,11,2,2,102,0.9271
2011,11,2,3,87,-0.2793
2011,11,2,4,101,0.3077
2011,11,2,5,182,-1.1604
2011,11,3,1,126,1.2632
2011,11,3,2,121,0.4580
2011,11,3,3,145,-0.5354
2011,11,3,4,136,0.5934
2011,11,3,5,158,0.3968
2011,12,1,1,141,3.5644
2011,12,1,2,149,-0.0969
2011,12,1,3,145,1.5981
2011,12,1,4,241,0.4854
2011,12,1,5,543,1.0242
2011,12,2,1,103,1.3320
2011,12,2,2,105,-0.5242
2011,12,2,3,92,-0.1330
2011,12,2,4,104,-0.0326
2011,12,2,5,178,-0.9725
2011,12,3,1,129,0.8486
2011,12,3,2,123,2.1464
2011,12,3,3,140,0.5873
2011,12,3,4,135,0.4069
2011,12,3,5,156,-1.9097
2012,1,1,1,132,7.9735
2012,1,1,2,154,8.5305
2012,1,1,3,142,8.1572
2012,1,1,4,238,9.0533
2012,1,1,5,530,9.8556
2012,1,2,1,110,5.5741
2012,1,2,2,103,6.7103
2012,1,2,3,93,9.4031
2012,1,2,4,105,9.0372
2012,1,2,5,186,9.4480
2012,1,3,1,128,3.0708
2012,1,3,2,119,3.6764
2012,1,3,3,142,4.2132
2012,1,3,4,134,4.6368
2012,1,3,5,153,5.9062
2012,2,1,1,141,0.0769
2012,2,1,2,153,1.8117
2012,2,1,3,139,2.4953
2012,2,1,4,253,0.5342
2012,2,1,5,521,2.8391
2012,2,2,1,117,3.8371
2012,2,2,2,99,3.2325
2012,2,2,3,93,2.5515
2012,2,2,4,102,3.4273
2012,2,2,5,184,3.9440
2012,2,3,1,125,3.1955
2012,2,3,2,122,6.1347
2012,2,3,3,132,3.8481
2012,2,3,4,149,3.9738
2012,2,3,5,148,3.3310
2012,3,1,1,140,4.4338
2012,3,1,2,155,3.2452
2012,3,1,3,150,3.4428
2012,3,1,4,246,2.1900
2012,3,1,5,512,3.6098
2012,3,2,1,111,3.2252
2012,3,2,2,99,1.9947
2012,3,2,3,87,2.0587
2012,3,2,4,99,3.2834
2012,3,2,5,183,0.6299
2012,3,3,1,126,2.1670
2012,3,3,2,124,3.8865
2012,3,3,3,130,1.4730
2012,3,3,4,150,2.3003
2012,3,3,5,148,1.9019
2012,4,1,1,142,-3.3353
2012,4,1,2,155,-1.4527
2012,4,1,3,143,-3.5879
2012,4,1,4,246,-1.7959
2012,4,1,5,509,-2.5156
2012,4,2,1,108,0.0296
2012,4,2,2,96,-2.0600
2012,4,2,3,89,-1.3843
2012,4,2,4,96,-1.0336
2012,4,2,5,185,-2.5173
2012,4,3,1,127,0.2709
2012,4,3,2,127,-0.7118
2012,4,3,3,129,0.0009
2012,4,3,4,151,-0.5275
2012,4,3,5,147,-0.5399
2012,5,1,1,145,-6.3769
2012,5,1,2,157,-6.7080
2012,5,1,3,142,-7.6923
2012,5,1,4,251,-7.9962
2012,5,1,5,514,-7.6294
2012,5,2,1,114,-5.5905
2012,5,2,2,94,-6.9316
2012,5,2,3,88,-6.2193
2012,5,2,4,97,-6.6543
2012,5,2,5,181,-9.5694
2012,5,3,1,130,-4.1613
2012,5,3,2,128,-4.6119
2012,5,3,3,126,-5.0853
2012,5,3,4,157,-6.9715
2012,5,3,5,150,-7.5211
2012,6,1,1,141,5.5485
2012,6,1,2,155,4.9289
2012,6,1,3,139,5.0769
2012,6,1,4,248,7.0446
2012,6,1,5,506,6.0951
2012,6,2,1,116,3.6521
2012,6,2,2,89,3.1264
2012,6,2,3,92,4.4556
2012,6,2,4,97,4.2184
2012,6,2,5,190,5.4961
2012,6,3,1,131,3.9161
2012,6,3,2,131,2.1800
2012,6,3,3,128,3.2610
2012,6,3,4,158,4.4677
2012,6,3,5,147,4.8219
2012,7,1,1,143,-0.5113
2012,7,1,2,153,-2.1329
2012,7,1,3,136,-2.5859
2012,7,1,4,238,-2.1293
2012,7,1,5,505,-2.4894
2012,7,2,1,109,-1.2608
2012,7,2,2,94,0.1906
2012,7,2,3,99,-3.5025
2012,7,2,4,95,-0.1977
2012,7,2,5,182,-2.9867
2012,7,3,1,133,0.9871
2012,7,3,2,130,2.6405
2012,7,3,3,125,1.0123
2012,7,3,4,159,0.5045
2012,7,3,5,147,2.0345
2012,8,1,1,143,2.4085
2012,8,1,2,155,4.8294
2012,8,1,3,130,3.1109
2012,8,1,4,246,2.5592
2012,8,1,5,495,3.4573
2012,8,2,1,113,3.2386
2012,8,2,2,90,3.7315
2012,8,2,3,103,3.4472
2012,8,2,4,102,3.3555
2012,8,2,5,183,4.3483
2012,8,3,1,133,2.4767
2012,8,3,2,136,3.0491
2012,8,3,3,126,0.4327
2012,8,3,4,147,1.9489
2012,8,3,5,148,3.0754
2012,9,1,1,142,3.9007
2012,9,1,2,155,4.9833
2012,9,1,3,131,6.5962
2012,9,1,4,242,4.7510
2012,9,1,5,487,5.3203
2012,9,2,1,113,2.8419
2012,9,2,2,90,3.5624
2012,9,2,3,98,2.5565
2012,9,2,4,101,1.6319
2012,9,2,5,184,3.8577
2012,9,3,1,130,1.7922
2012,9,3,2,135,2.3944
2012,9,3,3,128,1.2169
2012,9,3,4,149,2.3247
2012,9,3,5,146,3.3129
2012,10,1,1,139,-1.3431
2012,10,1,2,148,-1.2819
2012,10,1,3,133,-2.4807
2012,10,1,4,242,-4.6229
2012,10,1,5,484,-6.5220
2012,10,2,1,115,-1.2946
2012,10,2,2,93,-0.0644
2012,10,2,3,95,-0.3979
2012,10,2,4,104,-0.2266
2012,10,2,5,185,-3.8045
2012,10,3,1,128,-0.8509
2012,10,3,2,135,-4.3450
2012,10,3,3,128,-1.3479
2012,10,3,4,146,-2.6844
2012,10,3,5,145,-1.8258
2012,11,1,1,135,1.9519
2012,11,1,2,159,2.9444
2012,11,1,3,138,0.7768
2012,11,1,4,237,0.8103
2012,11,1,5,500,0.0405
2012,11,2,1,116,1.3338
2012,11,2,2,92,1.3408
2012,11,2,3,93,1.5262
2012,11,2,4,101,2.8676
2012,11,2,5,176,1.4493
2012,11,3,1,129,0.7297
2012,11,3,2,125,1.2948
2012,11,3,3,135,-0.5185
2012,11,3,4,146,1.2557
2012,11,3,5,150,2.0829
2012,12,1,1,138,4.2852
2012,12,1,2,155,5.6839
2012,12,1,3,138,4.5760
2012,12,1,4,240,3.6010
2012,12,1,5,488,2.1081
2012,12,2,1,112,3.1737
2012,12,2,2,91,2.9407
2012,12,2,3,95,3.9918
2012,12,2,4,98,4.4201
2012,12,2,5,182,4.1911
2012,12,3,1,132,-1.4811
2012,12,3,2,122,0.0943
2012,12,3,3,136,1.0201
2012,12,3,4,146,1.8582
2012,12,3,5,149,0.8027
2013,1,1,1,139,6.2355
2013,1,1,2,150,5.1407
2013,1,1,3,139,4.9471
2013,1,1,4,241,4.9375
2013,1,1,5,479,7.1323
2013,1,2,1,113,6.4183
2013,1,2,2,93,5.5708
2013,1,2,3,92,6.7260
2013,1,2,4,93,5.9673
2013,1,2,5,178,6.5461
2013,1,3,1,128,2.3016
2013,1,3,2,117,6.2774
2013,1,3,3,138,5.5274
2013,1,3,4,149,6.7242
2013,1,3,5,152,6.4794
2013,2,1,1,136,2.3321
2013,2,1,2,146,1.0388
2013,2,1,3,147,1.0257
2013,2,1,4,234,0.2433
2013,2,1,5,490,-1.1411
2013,2,2,1,115,1.6421
2013,2,2,2,94,0.4614
2013,2,2,3,94,2.0131
2013,2,2,4,99,0.5816
2013,2,2,5,173,0.5297
2013,2,3,1,127,0.8419
2013,2,3,2,118,1.8673
2013,2,3,3,144,2.3812
2013,2,3,4,141,1.3566
2013,2,3,5,157,0.0502
2013,3,1,1,137,5.2218
2013,3,1,2,151,4.8451
2013,3,1,3,139,4.4151
2013,3,1,4,235,3.9899
2013,3,1,5,490,5.3155
2013,3,2,1,116,4.7141
2013,3,2,2,89,4.9478
2013,3,2,3,98,4.4743
2013,3,2,4,96,5.3522
2013,3,2,5,169,4.5403
2013,3,3,1,128,3.1032
2013,3,3,2,116,3.8365
2013,3,3,3,145,4.4950
2013,3,3,4,143,3.6637
2013,3,3,5,155,4.3062
2013,4,1,1,134,0.2452
2013,4,1,2,146,-1.2527
2013,4,1,3,141,1.1226
2013,4,1,4,238,0.6373
2013,4,1,5,483,1.3524
2013,4,2,1,122,-0.4580
2013,4,2,2,92,-0.7352
2013,4,2,3,93,-2.5575
2013,4,2,4,96,0.5341
2013,4,2,5,165,-1.8689
2013,4,3,1,126,1.1688
2013,4,3,2,115,1.0595
2013,4,3,3,147,4.1449
2013,4,3,4,141,1.9889
2013,4,3,5,157,0.5634
2013,5,1,1,134,6.8040
2013,5,1,2,145,7.9259
2013,5,1,3,151,5.8779
2013,5,1,4,226,4.8890
2013,5,1,5,491,5.4972
2013,5,2,1,115,5.7111
2013,5,2,2,103,6.6799
2013,5,2,3,94,5.3732
2013,5,2,4,107,3.6592
2013,5,2,5,160,5.7046
2013,5,3,1,130,2.9076
2013,5,3,2,115,1.0156
2013,5,3,3,138,-0.4651
2013,5,3,4,155,2.2968
2013,5,3,5,151,1.8501
2013,6,1,1,133,0.4804
2013,6,1,2,144,0.1380
2013,6,1,3,147,0.5966
2013,6,1,4,225,1.6096
2013,6,1,5,489,-0.0522
2013,6,2,1,113,-0.7283
2013,6,2,2,100,-0.7235
2013,6,2,3,91,-0.5858
2013,6,2,4,107,-0.9422
2013,6,2,5,156,-1.0535
2013,6,3,1,133,-1.4953
2013,6,3,2,119,-1.9423
2013,6,3,3,137,-0.9322
2013,6,3,4,150,-0.3735
2013,6,3,5,159,-2.4423
2013,7,1,1,132,6.3226
2013,7,1,2,137,8.2875
2013,7,1,3,147,7.5256
2013,7,1,4,226,8.9816
2013,7,1,5,475,9.1160
2013,7,2,1,110,7.9242
2013,7,2,2,102,7.7941
2013,7,2,3,91,5.4579
2013,7,2,4,109,6.1654
2013,7,2,5,161,8.1951
2013,7,3,1,131,5.7943
2013,7,3,2,117,5.5808
2013,7,3,3,127,3.1074
2013,7,3,4,145,4.7290
2013,7,3,5,161,6.6227
2013,8,1,1,138,-2.7985
2013,8,1,2,138,-2.5200
2013,8,1,3,140,-3.6545
2013,8,1,4,234,-3.3190
2013,8,1,5,469,-2.2477
2013,8,2,1,106,-3.9900
2013,8,2,2,106,-3.0298
2013,8,2,3,85,-4.2038
2013,8,2,4,123,-2.0427
2013,8,2,5,160,-1.7552
2013,8,3,1,129,-3.6344
2013,8,3,2,120,-1.1803
2013,8,3,3,128,-1.8621
2013,8,3,4,150,-2.9838
2013,8,3,5,158,-1.8476
2013,9,1,1,138,7.2396
2013,9,1,2,137,3.6915
2013,9,1,3,138,7.4434
2013,9,1,4,236,7.6476
2013,9,1,5,460,6.0934
2013,9,2,1,103,6.9606
2013,9,2,2,103,6.0148
2013,9,2,3,86,7.2941
2013,9,2,4,118,5.4310
2013,9,2,5,161,6.9157
2013,9,3,1,131,3.8652
2013,9,3,2,123,2.2794
2013,9,3,3,129,1.9224
2013,9,3,4,153,4.4666
2013,9,3,5,156,4.9369
2013,10,1,1,140,3.1595
2013,10,1,2,140,4.0094
2013,10,1,3,138,4.4376
2013,10,1,4,239,4.0675
2013,10,1,5,457,1.3460
2013,10,2,1,104,3.0066
2013,10,2,2,99,4.6510
2013,10,2,3,85,3.0116
2013,10,2,4,114,2.8810
2013,10,2,5,154,1.4585
2013,10,3,1,128,4.3411
2013,10,3,2,122,6.4753
2013,10,3,3,128,4.8696
2013,10,3,4,153,4.1206
2013,10,3,5,160,3.2470
2013,11,1,1,146,6.8260
2013,11,1,2,133,5.7617
2013,11,1,3,138,4.7929
2013,11,1,4,237,4.8481
2013,11,1,5,454,6.0869
2013,11,2,1,102,5.1359
2013,11,2,2,97,5.0364
2013,11,2,3,104,3.1120
2013,11,2,4,104,4.0180
2013,11,2,5,163,3.2011
2013,11,3,1,132,4.1321
2013,11,3,2,124,2.3647
2013,11,3,3,121,2.3424
2013,11,3,4,155,2.1182
2013,11,3,5,153,1.3893
2013,12,1,1,133,1.8557
2013,12,1,2,139,3.1859
2013,12,1,3,139,2.5513
2013,12,1,4,228,2.2626
2013,12,1,5,455,3.2585
2013,12,2,1,107,1.1645
2013,12,2,2,96,2.9333
2013,12,2,3,98,2.3971
2013,12,2,4,103,3.7909
2013,12,2,5,162,1.9268
2013,12,3,1,132,2.7103
2013,12,3,2,121,0.8718
2013,12,3,3,127,2.1252
2013,12,3,4,153,3.5397
2013,12,3,5,155,2.6483
2014,1,1,1,133,-5.5002
2014,1,1,2,146,-3.0435
2014,1,1,3,126,-5.3337
2014,1,1,4,235,-2.5270
2014,1,1,5,452,2.6159
2014,1,2,1,106,-5.3708
2014,1,2,2,95,-4.5348
2014,1,2,3,99,-5.4916
2014,1,2,4,105,-3.3562
2014,1,2,5,156,-1.3884
2014,1,3,1,129,-6.7566
2014,1,3,2,116,-4.3347
2014,1,3,3,126,-2.2304
2014,1,3,4,154,-0.6593
2014,1,3,5,157,-0.8195
2014,2,1,1,137,3.5848
2014,2,1,2,140,3.0222
2014,2,1,3,138,5.0728
2014,2,1,4,234,2.2501
2014,2,1,5,447,6.8034
2014,2,2,1,109,4.2305
2014,2,2,2,93,5.8615
2014,2,2,3,96,4.8336
2014,2,2,4,104,4.2345
2014,2,2,5,163,6.0032
2014,2,3,1,128,4.7116
2014,2,3,2,111,4.4575
2014,2,3,3,124,4.2593
2014,2,3,4,152,4.5717
2014,2,3,5,164,6.0718
2014,3,1,1,139,1.4180
2014,3,1,2,132,-0.3121
2014,3,1,3,140,2.0112
2014,3,1,4,222,2.8317
2014,3,1,5,438,-1.7581
2014,3,2,1,109,1.5480
2014,3,2,2,88,1.2074
2014,3,2,3,98,0.2492
2014,3,2,4,107,2.3002
2014,3,2,5,167,-1.7422
2014,3,3,1,131,0.6696
2014,3,3,2,117,0.8920
2014,3,3,3,121,2.4974
2014,3,3,4,149,-0.6765
2014,3,3,5,163,-1.4239
2014,4,1,1,138,-2.1396
2014,4,1,2,134,-3.0118
2014,4,1,3,137,-3.9450
2014,4,1,4,222,-4.9601
2014,4,1,5,439,-7.3088
2014,4,2,1,109,-0.9774
2014,4,2,2,82,-3.3860
2014,4,2,3,100,-1.9109
2014,4,2,4,109,-2.3472
2014,4,2,5,163,-4.2225
2014,4,3,1,130,2.2234
2014,4,3,2,117,1.0865
2014,4,3,3,122,1.2271
2014,4,3,4,150,0.5198
2014,4,3,5,162,-0.6029
2014,5,1,1,135,-0.4815
2014,5,1,2,132,-1.0266
2014,5,1,3,149,-1.1636
2014,5,1,4,214,1.4241
2014,5,1,5,438,-2.3176
2014,5,2,1,113,0.5892
2014,5,2,2,91,1.0214
2014,5,2,3,93,0.6072
2014,5,2,4,108,-0.4447
2014,5,2,5,166,0.7239
2014,5,3,1,132,1.4997
2014,5,3,2,117,2.1407
2014,5,3,3,124,1.7568
2014,5,3,4,159,2.7167
2014,5,3,5,162,3.2364
2014,6,1,1,132,3.8093
2014,6,1,2,132,3.3841
2014,6,1,3,141,3.7404
2014,6,1,4,211,2.4637
2014,6,1,5,435,8.1455
2014,6,2,1,119,3.9218
2014,6,2,2,89,5.4620
2014,6,2,3,94,4.2563
2014,6,2,4,114,4.5413
2014,6,2,5,168,8.0802
2014,6,3,1,133,0.9089
2014,6,3,2,120,1.1583
2014,6,3,3,121,2.5801
2014,6,3,4,153,3.4971
2014,6,3,5,163,3.1695
2014,7,1,1,132,-4.7100
2014,7,1,2,140,-4.7642
2014,7,1,3,144,-4.7287
2014,7,1,4,208,-5.1654
2014,7,1,5,413,-7.5319
2014,7,2,1,121,-6.5630
2014,7,2,2,87,-4.7944
2014,7,2,3,95,-5.1978
2014,7,2,4,107,-6.8658
2014,7,2,5,168,-7.4097
2014,7,3,1,133,-0.6486
2014,7,3,2,120,-1.8742
2014,7,3,3,127,-1.8541
2014,7,3,4,156,-2.3954
2014,7,3,5,164,-1.3896
2014,8,1,1,133,5.0867
2014,8,1,2,137,5.0649
2014,8,1,3,142,3.8742
2014,8,1,4,205,5.4561
2014,8,1,5,419,2.7533
2014,8,2,1,120,4.7862
2014,8,2,2,89,4.5352
2014,8,2,3,100,6.4841
2014,8,2,4,111,4.3529
2014,8,2,5,169,5.3740
2014,8,3,1,134,4.4454
2014,8,3,2,122,3.8832
2014,8,3,3,134,4.2639
2014,8,3,4,152,3.4346
2014,8,3,5,166,5.1268
2014,9,1,1,135,-5.1331
2014,9,1,2,135,-6.8822
2014,9,1,3,140,-6.6125
2014,9,1,4,210,-6.1339
2014,9,1,5,417,-8.4233
2014,9,2,1,121,-4.0330
2014,9,2,2,89,-6.1195
2014,9,2,3,98,-6.0152
2014,9,2,4,106,-6.6690
2014,9,2,5,165,-7.9473
2014,9,3,1,129,-2.0102
2014,9,3,2,122,-1.2916
2014,9,3,3,136,-1.7095
2014,9,3,4,153,-2.2843
2014,9,3,5,171,-2.3895
2014,10,1,1,132,8.3119
2014,10,1,2,133,6.3414
2014,10,1,3,131,4.7418
2014,10,1,4,205,4.8517
2014,10,1,5,416,2.1243
2014,10,2,1,126,7.6595
2014,10,2,2,93,7.3962
2014,10,2,3,105,7.3379
2014,10,2,4,107,5.6619
2014,10,2,5,164,3.0994
2014,10,3,1,129,3.2660
2014,10,3,2,119,1.8093
2014,10,3,3,136,1.6410
2014,10,3,4,154,1.5406
2014,10,3,5,168,2.2941
2014,11,1,1,118,-1.2670
2014,11,1,2,137,-0.2778
2014,11,1,3,133,-1.9812
2014,11,1,4,190,-2.6038
2014,11,1,5,427,-1.5395
2014,11,2,1,123,1.7388
2014,11,2,2,105,0.3347
2014,11,2,3,101,1.7034
2014,11,2,4,113,-1.6457
2014,11,2,5,169,-2.1885
2014,11,3,1,134,3.0180
2014,11,3,2,127,5.3055
2014,11,3,3,133,2.7793
2014,11,3,4,147,3.6379
2014,11,3,5,170,0.2443
2014,12,1,1,117,8.7032
2014,12,1,2,129,4.9652
2014,12,1,3,133,6.3314
2014,12,1,4,192,2.2371
2014,12,1,5,420,3.0052
2014,12,2,1,120,1.3218
2014,12,2,2,107,1.0137
2014,12,2,3,101,2.2006
2014,12,2,4,113,1.7091
2014,12,2,5,170,1.9914
2014,12,3,1,136,0.8993
2014,12,3,2,132,-1.7174
2014,12,3,3,135,-0.4860
2014,12,3,4,143,-0.0469
2014,12,3,5,175,-1.4686
2015,1,1,1,118,-4.5598
2015,1,1,2,127,-5.0859
2015,1,1,3,129,-6.3628
2015,1,1,4,187,-5.4178
2015,1,1,5,422,-4.9468
2015,1,2,1,119,-5.7612
2015,1,2,2,111,-3.4493
2015,1,2,3,101,-4.1764
2015,1,2,4,114,-4.0177
2015,1,2,5,165,-2.0479
2015,1,3,1,137,-1.9624
2015,1,3,2,129,-0.5008
2015,1,3,3,136,-3.6648
2015,1,3,4,142,-2.8752
2015,1,3,5,175,-1.2816
2015,2,1,1,106,5.1489
2015,2,1,2,144,5.5882
2015,2,1,3,122,5.1591
2015,2,1,4,199,5.6386
2015,2,1,5,418,8.7214
2015,2,2,1,124,7.7673
2015,2,2,2,107,6.6466
2015,2,2,3,94,7.1345
2015,2,2,4,112,8.5758
2015,2,2,5,162,7.2109
2015,2,3,1,138,5.9294
2015,2,3,2,131,6.1731
2015,2,3,3,130,4.6321
2015,2,3,4,149,5.5934
2015,2,3,5,174,5.7706
2015,3,1,1,110,4.7346
2015,3,1,2,147,1.8483
2015,3,1,3,121,0.7284
2015,3,1,4,197,-0.9323
2015,3,1,5,419,-3.4522
2015,3,2,1,121,1.5652
2015,3,2,2,105,1.9898
2015,3,2,3,91,0.7192
2015,3,2,4,112,1.0090
2015,3,2,5,157,1.1210
2015,3,3,1,137,-0.6168
2015,3,3,2,129,-1.5689
2015,3,3,3,132,-2.6539
2015,3,3,4,147,-2.4817
2015,3,3,5,174,-0.9258
2015,4,1,1,110,-2.2485
2015,4,1,2,147,-1.1235
2015,4,1,3,119,-0.5155
2015,4,1,4,202,-0.3518
2015,4,1,5,419,0.7819
2015,4,2,1,119,-4.5823
2015,4,2,2,102,-1.8235
2015,4,2,3,97,-2.2829
2015,4,2,4,103,-0.0509
2015,4,2,5,151,0.0256
2015,4,3,1,135,-0.8188
2015,4,3,2,130,-0.7658
2015,4,3,3,129,1.4027
2015,4,3,4,147,3.2554
2015,4,3,5,177,0.5266
2015,5,1,1,106,-0.0208
2015,5,1,2,148,-1.0748
2015,5,1,3,126,-0.2655
2015,5,1,4,203,-0.5870
2015,5,1,5,418,-0.1094
2015,5,2,1,114,1.6121
2015,5,2,2,108,0.4269
2015,5,2,3,96,1.2540
2015,5,2,4,104,0.1751
2015,5,2,5,160,3.1712
2015,5,3,1,136,-0.1033
2015,5,3,2,125,0.2969
2015,5,3,3,136,1.5862
2015,5,3,4,141,1.5694
2015,5,3,5,178,1.2931
2015,6,1,1,105,1.7434
2015,6,1,2,147,-0.2676
2015,6,1,3,128,0.4120
2015,6,1,4,198,0.0587
2015,6,1,5,417,0.3091
2015,6,2,1,118,1.1941
2015,6,2,2,106,-0.2861
2015,6,2,3,95,-0.8100
2015,6,2,4,102,-0.3559
2015,6,2,5,155,0.4119
2015,6,3,1,134,-1.8007
2015,6,3,2,125,-1.9553
2015,6,3,3,140,-2.1343
2015,6,3,4,143,-3.2491
2015,6,3,5,180,-2.1409
2015,7,1,1,107,-4.8953
2015,7,1,2,149,-5.6081
2015,7,1,3,129,-6.5532
2015,7,1,4,196,-6.7769
2015,7,1,5,415,-9.1050
2015,7,2,1,111,-0.6999
2015,7,2,2,100,-2.1078
2015,7,2,3,94,-2.8674
2015,7,2,4,98,-2.8410
2015,7,2,5,150,-3.4240
2015,7,3,1,134,2.1796
2015,7,3,2,130,1.6380
2015,7,3,3,137,0.5730
2015,7,3,4,141,3.3491
2015,7,3,5,182,1.0058
2015,8,1,1,117,-4.6152
2015,8,1,2,135,-5.0921
2015,8,1,3,132,-3.2671
2015,8,1,4,194,-0.6268
2015,8,1,5,426,-4.8058
2015,8,2,1,121,-3.2063
2015,8,2,2,88,-3.1366
2015,8,2,3,91,-4.6048
2015,8,2,4,94,-7.3989
2015,8,2,5,145,-6.5193
2015,8,3,1,132,-5.7872
2015,8,3,2,127,-5.4799
2015,8,3,3,144,-5.8923
2015,8,3,4,142,-5.3489
2015,8,3,5,189,-7.1339
2015,9,1,1,114,-6.0041
2015,9,1,2,137,-3.8590
2015,9,1,3,130,-5.8448
2015,9,1,4,194,-5.9246
2015,9,1,5,426,-12.0249
2015,9,2,1,115,-5.3383
2015,9,2,2,86,-5.0863
2015,9,2,3,93,-7.6098
2015,9,2,4,99,-6.7481
2015,9,2,5,146,-8.8883
2015,9,3,1,136,-1.3407
2015,9,3,2,127,-2.1075
2015,9,3,3,137,-1.4236
2015,9,3,4,139,-1.3405
2015,9,3,5,187,-5.3338
2015,10,1,1,108,7.8011
2015,10,1,2,130,2.4837
2015,10,1,3,125,6.5707
2015,10,1,4,190,5.8982
2015,10,1,5,424,8.1556
2015,10,2,1,119,5.9272
2015,10,2,2,91,7.3640
2015,10,2,3,94,7.9789
2015,10,2,4,103,8.8533
2015,10,2,5,139,6.9182
2015,10,3,1,137,7.2077
2015,10,3,2,127,6.3909
2015,10,3,3,134,8.0436
2015,10,3,4,145,8.9130
2015,10,3,5,188,9.8896
2015,11,1,1,108,-0.7235
2015,11,1,2,145,2.2552
2015,11,1,3,135,2.5507
2015,11,1,4,173,3.3720
2015,11,1,5,419,3.8371
2015,11,2,1,119,3.3386
2015,11,2,2,91,1.2473
2015,11,2,3,92,0.8174
2015,11,2,4,106,4.2113
2015,11,2,5,145,6.6628
2015,11,3,1,133,1.2441
2015,11,3,2,129,-0.7133
2015,11,3,3,147,-0.0180
2015,11,3,4,139,-0.2439
2015,11,3,5,189,0.0825
2015,12,1,1,109,-5.6251
2015,12,1,2,143,-4.4754
2015,12,1,3,138,-5.0491
2015,12,1,4,166,-5.7435
2015,12,1,5,412,-7.7937
2015,12,2,1,119,-6.0320
2015,12,2,2,90,-4.6798
2015,12,2,3,97,-5.2226
2015,12,2,4,106,-5.9642
2015,12,2,5,157,-5.3182
2015,12,3,1,130,-1.6334
2015,12,3,2,127,-4.2307
2015,12,3,3,142,-2.5610
2015,12,3,4,143,-0.0054
2015,12,3,5,185,-2.0878
2016,1,1,1,108,-5.6800
2016,1,1,2,134,-7.5217
2016,1,1,3,140,-7.1619
2016,1,1,4,167,-8.3159
2016,1,1,5,409,-14.0451
2016,1,2,1,120,-6.8720
2016,1,2,2,94,-4.6367
2016,1,2,3,92,-7.2478
2016,1,2,4,106,-8.8520
2016,1,2,5,151,-12.7232
2016,1,3,1,126,-5.0961
2016,1,3,2,129,-3.7019
2016,1,3,3,142,-3.3757
2016,1,3,4,141,-3.0438
2016,1,3,5,188,-6.9371
2016,2,1,1,113,2.4325
2016,2,1,2,131,0.3703
2016,2,1,3,136,4.1541
2016,2,1,4,172,1.6374
2016,2,1,5,411,-1.8166
2016,2,2,1,120,3.1061
2016,2,2,2,98,3.3692
2016,2,2,3,86,5.0773
2016,2,2,4,110,1.7472
2016,2,2,5,149,-3.3649
2016,2,3,1,133,0.8192
2016,2,3,2,128,1.4104
2016,2,3,3,144,1.5327
2016,2,3,4,147,-0.6018
2016,2,3,5,185,-0.2570
2016,3,1,1,114,6.8847
2016,3,1,2,123,11.2073
2016,3,1,3,137,10.2674
2016,3,1,4,168,6.3959
2016,3,1,5,403,8.5440
2016,3,2,1,116,10.2197
2016,3,2,2,106,8.0618
2016,3,2,3,85,9.5411
2016,3,2,4,114,10.2403
2016,3,2,5,156,11.2045
2016,3,3,1,133,6.8212
2016,3,3,2,125,7.8418
2016,3,3,3,154,7.1066
2016,3,3,4,143,6.4298
2016,3,3,5,174,6.3996
2016,4,1,1,111,0.4025
2016,4,1,2,122,4.0177
2016,4,1,3,135,4.9390
2016,4,1,4,171,5.5818
2016,4,1,5,408,7.5317
2016,4,2,1,119,0.4419
2016,4,2,2,108,-0.5527
2016,4,2,3,84,0.9187
2016,4,2,4,113,1.0904
2016,4,2,5,147,7.5121
2016,4,3,1,131,1.9068
2016,4,3,2,122,-3.2072
2016,4,3,3,151,0.4163
2016,4,3,4,143,-1.6605
2016,4,3,5,175,3.3800
2016,5,1,1,121,-2.8015
2016,5,1,2,122,-2.3166
2016,5,1,3,139,-1.6996
2016,5,1,4,182,-1.0258
2016,5,1,5,415,-0.8600
2016,5,2,1,117,2.1135
2016,5,2,2,105,-1.7083
2016,5,2,3,90,-0.5682
2016,5,2,4,105,2.9471
2016,5,2,5,140,2.3904
2016,5,3,1,126,1.3811
2016,5,3,2,127,1.2501
2016,5,3,3,138,1.3766
2016,5,3,4,137,3.0010
2016,5,3,5,184,2.2254
2016,6,1,1,120,-0.1267
2016,6,1,2,125,0.9192
2016,6,1,3,144,2.4874
2016,6,1,4,176,1.4785
2016,6,1,5,411,-1.4969
2016,6,2,1,112,-0.5512
2016,6,2,2,101,1.4062
2016,6,2,3,87,-0.1788
2016,6,2,4,107,0.0048
2016,6,2,5,137,-0.5914
2016,6,3,1,130,1.0806
2016,6,3,2,126,0.8984
2016,6,3,3,138,2.6649
2016,6,3,4,135,1.2908
2016,6,3,5,181,-0.4913
2016,7,1,1,122,5.8173
2016,7,1,2,120,7.4080
2016,7,1,3,137,6.0315
2016,7,1,4,178,5.7231
2016,7,1,5,395,5.9104
2016,7,2,1,109,4.9494
2016,7,2,2,99,5.4004
2016,7,2,3,83,7.4551
2016,7,2,4,105,4.9018
2016,7,2,5,142,7.2364
2016,7,3,1,126,2.2078
2016,7,3,2,123,4.8870
2016,7,3,3,130,2.8163
2016,7,3,4,133,3.9178
2016,7,3,5,180,5.3059
2016,8,1,1,120,3.0415
2016,8,1,2,127,2.3759
2016,8,1,3,140,2.3801
2016,8,1,4,201,4.7298
2016,8,1,5,384,2.9932
2016,8,2,1,109,1.5320
2016,8,2,2,107,1.2831
2016,8,2,3,77,0.5268
2016,8,2,4,122,-0.1543
2016,8,2,5,127,1.4445
2016,8,3,1,122,-0.7893
2016,8,3,2,136,-0.0581
2016,8,3,3,135,-0.5823
2016,8,3,4,136,0.2768
2016,8,3,5,169,-1.4721
2016,9,1,1,126,0.8608
2016,9,1,2,132,1.9828
2016,9,1,3,147,1.6635
2016,9,1,4,199,3.5569
2016,9,1,5,377,6.3891
2016,9,2,1,106,-0.2808
2016,9,2,2,105,-1.2730
2016,9,2,3,76,0.4604
2016,9,2,4,117,1.7863
2016,9,2,5,127,5.1772
2016,9,3,1,123,0.1318
2016,9,3,2,132,0.4855
2016,9,3,3,130,0.7374
2016,9,3,4,136,0.8802
2016,9,3,5,168,1.0630
2016,10,1,1,131,-3.7236
2016,10,1,2,129,-3.5241
2016,10,1,3,153,-4.2449
2016,10,1,4,199,-4.4473
2016,10,1,5,369,-11.5534
2016,10,2,1,102,-3.9904
2016,10,2,2,96,-4.9858
2016,10,2,3,74,-2.3850
2016,10,2,4,112,-4.2693
2016,10,2,5,127,-8.5804
2016,10,3,1,122,-3.3530
2016,10,3,2,131,-2.0923
2016,10,3,3,131,-1.3396
2016,10,3,4,136,-1.3819
2016,10,3,5,171,-4.2953
2016,11,1,1,138,12.9060
2016,11,1,2,118,13.3665
2016,11,1,3,157,12.8911
2016,11,1,4,199,12.2686
2016,11,1,5,377,7.8213
2016,11,2,1,104,13.3518
2016,11,2,2,99,11.6949
2016,11,2,3,73,11.9098
2016,11,2,4,116,9.9048
2016,11,2,5,129,8.0656
2016,11,3,1,130,3.2218
2016,11,3,2,128,4.7017
2016,11,3,3,130,2.0275
2016,11,3,4,144,1.6965
2016,11,3,5,167,3.0298
2016,12,1,1,135,5.8195
2016,12,1,2,113,4.9615
2016,12,1,3,152,4.2515
2016,12,1,4,195,4.2092
2016,12,1,5,380,1.0261
2016,12,2,1,104,3.1358
2016,12,2,2,97,2.6725
2016,12,2,3,80,0.7806
2016,12,2,4,115,2.0089
2016,12,2,5,125,-0.4755
2016,12,3,1,129,0.8612
2016,12,3,2,132,1.7322
2016,12,3,3,125,3.0761
2016,12,3,4,144,1.3759
2016,12,3,5,167,-0.2945
2017,1,1,1,134,-5.6118
2017,1,1,2,114,-3.5488
2017,1,1,3,155,-0.1551
2017,1,1,4,196,-0.7684
2017,1,1,5,381,0.5262
2017,1,2,1,104,-1.4908
2017,1,2,2,93,-0.6299
2017,1,2,3,83,1.2036
2017,1,2,4,113,2.3493
2017,1,2,5,119,4.0204
2017,1,3,1,131,0.8272
2017,1,3,2,125,2.1602
2017,1,3,3,123,2.9024
2017,1,3,4,142,2.5266
2017,1,3,5,168,3.8926
2017,2,1,1,138,-0.8782
2017,2,1,2,122,0.0747
2017,2,1,3,151,0.9492
2017,2,1,4,201,-0.2871
2017,2,1,5,396,2.1729
2017,2,2,1,104,1.6399
2017,2,2,2,96,0.9081
2017,2,2,3,80,0.2892
2017,2,2,4,105,1.8292
2017,2,2,5,122,0.5813
2017,2,3,1,122,2.3334
2017,2,3,2,125,3.4973
2017,2,3,3,132,4.9383
2017,2,3,4,140,3.5468
2017,2,3,5,169,2.4571
2017,3,1,1,142,-0.0496
2017,3,1,2,121,2.1533
2017,3,1,3,149,1.0950
2017,3,1,4,201,0.7525
2017,3,1,5,390,4.4460
2017,3,2,1,97,1.0332
2017,3,2,2,94,0.6037
2017,3,2,3,81,0.7396
2017,3,2,4,102,0.6072
2017,3,2,5,127,1.3741
2017,3,3,1,124,0.8040
2017,3,3,2,126,-0.5203
2017,3,3,3,130,1.1340
2017,3,3,4,143,1.4485
2017,3,3,5,165,0.6256
2017,4,1,1,134,2.1306
2017,4,1,2,119,2.4390
2017,4,1,3,144,4.1618
2017,4,1,4,197,0.6631
2017,4,1,5,382,0.2669
2017,4,2,1,103,2.3117
2017,4,2,2,95,0.5216
2017,4,2,3,83,2.1235
2017,4,2,4,104,0.9408
2017,4,2,5,129,0.4142
2017,4,3,1,123,1.7493
2017,4,3,2,127,1.9892
2017,4,3,3,130,1.0901
2017,4,3,4,143,1.5020
2017,4,3,5,166,1.2470
2017,5,1,1,131,-5.6449
2017,5,1,2,121,-0.9208
2017,5,1,3,148,-3.6497
2017,5,1,4,191,-1.2500
2017,5,1,5,397,-4.0531
2017,5,2,1,112,-4.6566
2017,5,2,2,95,-2.7619
2017,5,2,3,79,-0.4787
2017,5,2,4,110,0.9143
2017,5,2,5,127,-1.4313
2017,5,3,1,123,1.3630
2017,5,3,2,125,1.4988
2017,5,3,3,137,2.6254
2017,5,3,4,137,1.8579
2017,5,3,5,171,1.8088
2017,6,1,1,134,2.5868
2017,6,1,2,121,2.0730
2017,6,1,3,147,4.7294
2017,6,1,4,187,4.0519
2017,6,1,5,401,8.4662
2017,6,2,1,103,2.5595
2017,6,2,2,99,2.9633
2017,6,2,3,82,2.9728
2017,6,2,4,103,1.1483
2017,6,2,5,127,3.1097
2017,6,3,1,126,-0.4552
2017,6,3,2,122,-0.3940
2017,6,3,3,138,-1.4722
2017,6,3,4,140,-0.7998
2017,6,3,5,165,1.0442
2017,7,1,1,134,-1.4089
2017,7,1,2,120,-1.5768
2017,7,1,3,140,1.3322
2017,7,1,4,178,0.3523
2017,7,1,5,377,-1.2987
2017,7,2,1,106,1.0308
2017,7,2,2,98,0.4961
2017,7,2,3,75,0.2040
2017,7,2,4,109,1.8532
2017,7,2,5,123,0.9236
2017,7,3,1,120,0.8369
2017,7,3,2,123,1.8593
2017,7,3,3,140,1.7269
2017,7,3,4,137,2.9855
2017,7,3,5,169,2.9416
2017,8,1,1,132,-3.4727
2017,8,1,2,130,-0.8980
2017,8,1,3,136,-3.1687
2017,8,1,4,177,-0.2087
2017,8,1,5,390,0.0048
2017,8,2,1,110,-1.8411
2017,8,2,2,103,-1.9269
2017,8,2,3,74,-1.4428
2017,8,2,4,104,-0.5850
2017,8,2,5,125,-0.7087
2017,8,3,1,116,-0.6377
2017,8,3,2,125,-0.9405
2017,8,3,3,136,2.6570
2017,8,3,4,144,0.4022
2017,8,3,5,164,1.4357
2017,9,1,1,132,10.2820
2017,9,1,2,122,9.8595
2017,9,1,3,134,9.6577
2017,9,1,4,174,8.5903
2017,9,1,5,378,9.9715
2017,9,2,1,113,8.8100
2017,9,2,2,103,6.1690
2017,9,2,3,80,5.8573
2017,9,2,4,102,6.0527
2017,9,2,5,134,5.0444
2017,9,3,1,114,2.9073
2017,9,3,2,127,3.7339
2017,9,3,3,136,-0.8911
2017,9,3,4,139,1.9434
2017,9,3,5,169,2.1111
2017,10,1,1,131,-0.0523
2017,10,1,2,125,-1.2135
2017,10,1,3,132,2.7506
2017,10,1,4,175,2.2276
2017,10,1,5,385,-3.2998
2017,10,2,1,113,0.0718
2017,10,2,2,95,-1.6072
2017,10,2,3,81,1.0913
2017,10,2,4,97,2.0180
2017,10,2,5,125,-1.3442
2017,10,3,1,112,3.0839
2017,10,3,2,127,2.2593
2017,10,3,3,134,2.1162
2017,10,3,4,138,2.9611
2017,10,3,5,167,2.1172
2017,11,1,1,132,6.7947
2017,11,1,2,126,3.5727
2017,11,1,3,136,4.5745
2017,11,1,4,166,3.2243
2017,11,1,5,398,2.1843
2017,11,2,1,115,5.7933
2017,11,2,2,94,5.2621
2017,11,2,3,86,2.7682
2017,11,2,4,102,1.4919
2017,11,2,5,122,0.1605
2017,11,3,1,113,6.4200
2017,11,3,2,125,3.4775
2017,11,3,3,129,3.4981
2017,11,3,4,139,1.3856
2017,11,3,5,175,1.9935
2017,12,1,1,129,-2.2678
2017,12,1,2,128,2.5958
2017,12,1,3,126,-1.0701
2017,12,1,4,174,-1.7645
2017,12,1,5,389,0.5747
2017,12,2,1,113,0.7630
2017,12,2,2,94,1.2894
2017,12,2,3,83,0.1954
2017,12,2,4,103,0.0185
2017,12,2,5,132,0.0650
2017,12,3,1,115,2.3843
2017,12,3,2,124,2.7547
2017,12,3,3,130,0.1542
2017,12,3,4,138,0.2471
2017,12,3,5,169,0.8921
2018,1,1,1,135,-0.7649
2018,1,1,2,124,0.1984
2018,1,1,3,124,1.0083
2018,1,1,4,177,1.8641
2018,1,1,5,396,2.0743
2018,1,2,1,107,1.7697
2018,1,2,2,93,1.9722
2018,1,2,3,81,3.0604
2018,1,2,4,99,3.1060
2018,1,2,5,118,3.6477
2018,1,3,1,116,9.1815
2018,1,3,2,124,5.4834
2018,1,3,3,129,2.8362
2018,1,3,4,139,5.0367
2018,1,3,5,172,7.1419
2018,2,1,1,140,-5.0242
2018,2,1,2,119,-1.5871
2018,2,1,3,130,-2.1597
2018,2,1,4,172,-3.9057
2018,2,1,5,398,-4.8472
2018,2,2,1,112,-5.7208
2018,2,2,2,86,-5.0640
2018,2,2,3,86,-3.5242
2018,2,2,4,104,-3.7376
2018,2,2,5,122,-4.8941
2018,2,3,1,113,-5.5720
2018,2,3,2,130,-4.9705
2018,2,3,3,133,-1.9871
2018,2,3,4,141,-2.7807
2018,2,3,5,172,-3.3750
2018,3,1,1,139,5.3884
2018,3,1,2,115,3.0112
2018,3,1,3,131,2.7052
2018,3,1,4,168,1.5120
2018,3,1,5,396,1.3688
2018,3,2,1,114,-1.0099
2018,3,2,2,91,0.2087
2018,3,2,3,84,1.8661
2018,3,2,4,103,1.0158
2018,3,2,5,123,1.0006
2018,3,3,1,110,-2.1411
2018,3,3,2,125,-2.6631
2018,3,3,3,136,-2.4264
2018,3,3,4,143,-0.6693
2018,3,3,5,171,-2.7148
2018,4,1,1,141,0.3481
2018,4,1,2,118,1.6175
2018,4,1,3,127,2.6900
2018,4,1,4,170,1.0553
2018,4,1,5,398,2.5999
2018,4,2,1,113,-1.8828
2018,4,2,2,86,2.1542
2018,4,2,3,84,-0.6897
2018,4,2,4,104,0.8453
2018,4,2,5,118,2.6697
2018,4,3,1,110,2.8438
2018,4,3,2,125,-1.0085
2018,4,3,3,135,-1.9376
2018,4,3,4,139,1.4951
2018,4,3,5,169,0.5333
2018,5,1,1,143,6.6056
2018,5,1,2,114,5.1780
2018,5,1,3,140,11.2367
2018,5,1,4,170,6.3697
2018,5,1,5,396,10.4784
2018,5,2,1,113,4.7566
2018,5,2,2,91,8.1540
2018,5,2,3,81,4.2538
2018,5,2,4,99,6.1767
2018,5,2,5,116,7.4507
2018,5,3,1,111,1.6972
2018,5,3,2,127,3.8098
2018,5,3,3,131,4.8384
2018,5,3,4,148,3.1831
2018,5,3,5,167,2.8734
2018,6,1,1,134,2.4845
2018,6,1,2,118,3.7966
2018,6,1,3,136,2.1735
2018,6,1,4,160,1.4351
2018,6,1,5,387,-1.2410
2018,6,2,1,117,1.8006
2018,6,2,2,94,1.5857
2018,6,2,3,89,2.2920
2018,6,2,4,105,2.7013
2018,6,2,5,120,1.6517
2018,6,3,1,109,2.1078
2018,6,3,2,127,0.0974
2018,6,3,3,129,0.5783
2018,6,3,4,148,1.1822
2018,6,3,5,173,0.8458
2018,7,1,1,124,2.5823
2018,7,1,2,120,3.0576
2018,7,1,3,130,-1.4616
2018,7,1,4,159,-0.1046
2018,7,1,5,372,-1.5007
2018,7,2,1,118,1.7781
2018,7,2,2,92,4.0725
2018,7,2,3,88,3.6175
2018,7,2,4,104,1.6325
2018,7,2,5,130,0.7739
2018,7,3,1,107,3.4914
2018,7,3,2,131,4.2541
2018,7,3,3,128,4.3543
2018,7,3,4,143,1.5730
2018,7,3,5,180,3.3806
2018,8,1,1,127,4.2419
2018,8,1,2,112,5.1604
2018,8,1,3,133,3.6111
2018,8,1,4,156,2.4101
2018,8,1,5,388,5.9518
2018,8,2,1,122,3.0950
2018,8,2,2,87,4.4526
2018,8,2,3,87,5.7100
2018,8,2,4,104,5.1801
2018,8,2,5,137,3.9773
2018,8,3,1,105,6.3100
2018,8,3,2,132,1.0053
2018,8,3,3,130,7.4359
2018,8,3,4,149,2.1644
2018,8,3,5,167,3.5477
2018,9,1,1,128,-6.1491
2018,9,1,2,110,-1.9635
2018,9,1,3,132,-4.3127
2018,9,1,4,158,-2.2399
2018,9,1,5,385,-2.5179
2018,9,2,1,120,-2.8350
2018,9,2,2,86,-2.4663
2018,9,2,3,90,-0.7325
2018,9,2,4,95,-2.1582
2018,9,2,5,137,-2.1228
2018,9,3,1,103,0.5344
2018,9,3,2,134,0.5407
2018,9,3,3,129,0.5531
2018,9,3,4,157,0.6316
2018,9,3,5,165,1.9677
2018,10,1,1,128,-7.1272
2018,10,1,2,110,-11.4461
2018,10,1,3,127,-9.7685
2018,10,1,4,152,-10.4647
2018,10,1,5,383,-12.9873
2018,10,2,1,117,-9.0366
2018,10,2,2,86,-9.6223
2018,10,2,3,94,-10.3725
2018,10,2,4,102,-8.7916
2018,10,2,5,139,-14.4253
2018,10,3,1,105,-10.4683
2018,10,3,2,136,-6.7092
2018,10,3,3,128,-5.7699
2018,10,3,4,154,-5.9422
2018,10,3,5,166,-9.3083
2018,11,1,1,127,0.1602
2018,11,1,2,116,-1.7245
2018,11,1,3,127,-1.9300
2018,11,1,4,157,-1.4453
2018,11,1,5,381,-1.7755
2018,11,2,1,115,1.0002
2018,11,2,2,98,1.1304
2018,11,2,3,85,3.9715
2018,11,2,4,100,1.3605
2018,11,2,5,142,1.2239
2018,11,3,1,110,1.6186
2018,11,3,2,132,3.8158
2018,11,3,3,130,-1.2668
2018,11,3,4,151,2.7400
2018,11,3,5,174,2.1859
2018,12,1,1,127,-12.7431
2018,12,1,2,117,-13.0194
2018,12,1,3,131,-11.5325
2018,12,1,4,154,-9.6372
2018,12,1,5,377,-16.0549
2018,12,2,1,109,-12.5608
2018,12,2,2,91,-12.1264
2018,12,2,3,80,-11.1515
2018,12,2,4,97,-10.7055
2018,12,2,5,143,-13.2134
2018,12,3,1,110,-10.1786
2018,12,3,2,136,-8.5603
2018,12,3,3,133,-9.2849
2018,12,3,4,154,-7.1709
2018,12,3,5,173,-8.8948
2019,1,1,1,124,12.8365
2019,1,1,2,115,11.7547
2019,1,1,3,129,12.2629
2019,1,1,4,151,9.8330
2019,1,1,5,370,15.3330
2019,1,2,1,110,12.0838
2019,1,2,2,90,10.8773
2019,1,2,3,82,11.1772
2019,1,2,4,93,12.0383
2019,1,2,5,144,12.5210
2019,1,3,1,111,9.4644
2019,1,3,2,135,8.9168
2019,1,3,3,134,7.5124
2019,1,3,4,158,7.6983
2019,1,3,5,173,7.8283
2019,2,1,1,123,3.0454
2019,2,1,2,111,6.5080
2019,2,1,3,136,5.5264
2019,2,1,4,152,6.7988
2019,2,1,5,376,8.9423
2019,2,2,1,109,5.7843
2019,2,2,2,94,3.4080
2019,2,2,3,84,6.3679
2019,2,2,4,94,4.0815
2019,2,2,5,148,5.9359
2019,2,3,1,117,1.8277
2019,2,3,2,125,4.0549
2019,2,3,3,137,3.9170
2019,2,3,4,159,3.8638
2019,2,3,5,167,4.4705
2019,3,1,1,119,-6.1884
2019,3,1,2,109,-4.9621
2019,3,1,3,137,-5.6436
2019,3,1,4,154,-4.4354
2019,3,1,5,369,0.3009
2019,3,2,1,113,-3.5918
2019,3,2,2,96,-1.2517
2019,3,2,3,83,-2.6272
2019,3,2,4,93,-2.8675
2019,3,2,5,150,0.2665
2019,3,3,1,112,3.4377
2019,3,3,2,124,-0.0103
2019,3,3,3,136,3.4714
2019,3,3,4,157,1.5351
2019,3,3,5,172,2.7959
2019,4,1,1,122,2.7098
2019,4,1,2,110,2.4701
2019,4,1,3,137,-0.0055
2019,4,1,4,153,2.7488
2019,4,1,5,363,1.3204
2019,4,2,1,109,4.4925
2019,4,2,2,91,4.2273
2019,4,2,3,80,3.4847
2019,4,2,4,93,4.9461
2019,4,2,5,144,-0.5751
2019,4,3,1,112,4.3180
2019,4,3,2,127,3.9152
2019,4,3,3,137,3.9330
2019,4,3,4,155,2.4764
2019,4,3,5,177,4.1779
2019,5,1,1,121,-11.9979
2019,5,1,2,111,-9.7663
2019,5,1,3,135,-9.4422
2019,5,1,4,154,-8.6389
2019,5,1,5,377,-10.2048
2019,5,2,1,107,-10.2173
2019,5,2,2,95,-8.8508
2019,5,2,3,81,-10.8736
2019,5,2,4,94,-8.6701
2019,5,2,5,149,-10.7253
2019,5,3,1,110,-7.9662
2019,5,3,2,133,-6.1968
2019,5,3,3,133,-7.8137
2019,5,3,4,167,-4.8994
2019,5,3,5,166,-7.4841
2019,6,1,1,119,7.7494
2019,6,1,2,111,8.1454
2019,6,1,3,127,7.5008
2019,6,1,4,153,3.5462
2019,6,1,5,376,5.1483
2019,6,2,1,106,9.8474
2019,6,2,2,95,9.9992
2019,6,2,3,84,8.6767
2019,6,2,4,96,7.4343
2019,6,2,5,146,7.6109
2019,6,3,1,116,8.3500
2019,6,3,2,132,7.3622
2019,6,3,3,130,6.8163
2019,6,3,4,168,6.5907
2019,6,3,5,170,8.1597
2019,7,1,1,117,-1.5803
2019,7,1,2,106,2.2473
2019,7,1,3,125,-0.2503
2019,7,1,4,149,2.0392
2019,7,1,5,373,-3.7379
2019,7,2,1,106,1.1726
2019,7,2,2,95,-1.6433
2019,7,2,3,89,1.0212
2019,7,2,4,98,1.2349
2019,7,2,5,150,-1.7796
2019,7,3,1,117,0.4888
2019,7,3,2,134,1.4962
2019,7,3,3,134,3.8776
2019,7,3,4,167,-0.0343
2019,7,3,5,164,1.0407
2019,8,1,1,111,-4.7299
2019,8,1,2,112,-6.5070
2019,8,1,3,149,-8.6096
2019,8,1,4,137,-6.8470
2019,8,1,5,378,-8.6163
2019,8,2,1,103,-5.8269
2019,8,2,2,94,-5.9645
2019,8,2,3,94,-8.6638
2019,8,2,4,103,-6.2028
2019,8,2,5,137,-6.9210
2019,8,3,1,117,-1.6449
2019,8,3,2,132,0.0998
2019,8,3,3,128,-1.7609
2019,8,3,4,172,-1.5941
2019,8,3,5,168,-1.6525
2019,9,1,1,116,9.1273
2019,9,1,2,95,5.3524
2019,9,1,3,154,5.8496
2019,9,1,4,133,4.5342
2019,9,1,5,373,-0.6103
2019,9,2,1,110,7.0609
2019,9,2,2,89,6.1941
2019,9,2,3,95,3.9863
2019,9,2,4,106,3.5604
2019,9,2,5,135,-0.7723
2019,9,3,1,118,1.6479
2019,9,3,2,137,2.7632
2019,9,3,3,129,1.7261
2019,9,3,4,168,1.1986
2019,9,3,5,172,-0.3540
2019,10,1,1,112,1.6471
2019,10,1,2,98,1.7177
2019,10,1,3,150,0.4763
2019,10,1,4,134,0.8695
2019,10,1,5,377,0.1125
2019,10,2,1,111,2.6352
2019,10,2,2,86,3.1432
2019,10,2,3,97,0.6974
2019,10,2,4,103,2.4370
2019,10,2,5,141,3.2290
2019,10,3,1,118,1.2285
2019,10,3,2,137,-1.0074
2019,10,3,3,125,3.8983
2019,10,3,4,170,2.2326
2019,10,3,5,159,2.2317
2019,11,1,1,106,4.7755
2019,11,1,2,109,6.1703
2019,11,1,3,133,0.9353
2019,11,1,4,150,4.5570
2019,11,1,5,380,8.3895
2019,11,2,1,107,3.6801
2019,11,2,2,87,4.6981
2019,11,2,3,113,4.1928
2019,11,2,4,100,2.3250
2019,11,2,5,138,7.1404
2019,11,3,1,122,2.2483
2019,11,3,2,131,2.7384
2019,11,3,3,129,4.2900
2019,11,3,4,170,3.3536
2019,11,3,5,162,4.2329
2019,12,1,1,108,0.6831
2019,12,1,2,101,3.1368
2019,12,1,3,131,5.6183
2019,12,1,4,153,4.3542
2019,12,1,5,370,13.4127
2019,12,2,1,105,2.3160
2019,12,2,2,91,3.4850
2019,12,2,3,110,3.9072
2019,12,2,4,99,2.7460
2019,12,2,5,140,4.9122
2019,12,3,1,123,1.2655
2019,12,3,2,129,1.2417
2019,12,3,3,134,3.8563
2019,12,3,4,168,3.8820
2019,12,3,5,165,2.9724
2020,1,1,1,112,-6.9908
2020,1,1,2,100,-6.2956
2020,1,1,3,132,-4.5555
2020,1,1,4,156,-4.4281
2020,1,1,5,367,-5.1357
2020,1,2,1,101,-6.0071
2020,1,2,2,89,-5.5100
2020,1,2,3,109,-5.1918
2020,1,2,4,90,-3.8744
2020,1,2,5,145,-4.7824
2020,1,3,1,120,-0.6792
2020,1,3,2,126,-2.8397
2020,1,3,3,130,0.9295
2020,1,3,4,169,2.8911
2020,1,3,5,164,0.0473
2020,2,1,1,101,-8.8301
2020,2,1,2,111,-8.9620
2020,2,1,3,132,-7.4573
2020,2,1,4,157,-9.0529
2020,2,1,5,363,-7.5519
2020,2,2,1,104,-11.3955
2020,2,2,2,94,-11.6487
2020,2,2,3,102,-10.0949
2020,2,2,4,102,-10.3046
2020,2,2,5,137,-7.7010
2020,2,3,1,120,-8.1186
2020,2,3,2,129,-9.0640
2020,2,3,3,131,-8.8096
2020,2,3,4,171,-6.0687
2020,2,3,5,168,-6.9707
2020,3,1,1,104,-23.0866
2020,3,1,2,107,-30.4047
2020,3,1,3,135,-27.4240
2020,3,1,4,156,-23.8227
2020,3,1,5,371,-25.5899
2020,3,2,1,99,-22.8077
2020,3,2,2,97,-24.6955
2020,3,2,3,106,-20.0687
2020,3,2,4,101,-20.2438
2020,3,2,5,128,-21.8492
2020,3,3,1,123,-9.4581
2020,3,3,2,122,-14.3225
2020,3,3,3,128,-12.7970
2020,3,3,4,173,-9.0021
2020,3,3,5,168,-11.5800
2020,4,1,1,92,20.3467
2020,4,1,2,100,25.9873
2020,4,1,3,133,24.2720
2020,4,1,4,146,18.1503
2020,4,1,5,360,31.1193
2020,4,2,1,102,16.3613
2020,4,2,2,102,19.0532
2020,4,2,3,99,17.5708
2020,4,2,4,104,15.8023
2020,4,2,5,134,25.9416
2020,4,3,1,127,17.0039
2020,4,3,2,125,12.3611
2020,4,3,3,136,13.3910
2020,4,3,4,178,12.9929
2020,4,3,5,171,14.5455
2020,5,1,1,92,9.7912
2020,5,1,2,105,4.3657
2020,5,1,3,131,8.8041
2020,5,1,4,142,2.6007
2020,5,1,5,378,9.0271
2020,5,2,1,104,7.7065
2020,5,2,2,104,5.5119
2020,5,2,3,98,6.2834
2020,5,2,4,107,8.6717
2020,5,2,5,139,9.4856
2020,5,3,1,126,4.2624
2020,5,3,2,118,3.9932
2020,5,3,3,132,6.7173
2020,5,3,4,165,5.8351
2020,5,3,5,185,5.7226
2020,6,1,1,89,6.4276
2020,6,1,2,108,5.6440
2020,6,1,3,131,7.3698
2020,6,1,4,145,4.5208
2020,6,1,5,372,8.4306
2020,6,2,1,101,4.9605
2020,6,2,2,102,3.3492
2020,6,2,3,99,3.3757
2020,6,2,4,98,1.8296
2020,6,2,5,138,6.1371
2020,6,3,1,131,3.9380
2020,6,3,2,118,0.1091
2020,6,3,3,129,3.6773
2020,6,3,4,170,2.7941
2020,6,3,5,189,2.1783
2020,7,1,1,91,-0.4567
2020,7,1,2,103,3.3955
2020,7,1,3,127,5.6819
2020,7,1,4,142,10.2289
2020,7,1,5,351,3.6965
2020,7,2,1,105,5.0100
2020,7,2,2,97,3.7717
2020,7,2,3,103,3.6495
2020,7,2,4,99,6.1730
2020,7,2,5,136,4.5772
2020,7,3,1,127,8.8036
2020,7,3,2,120,5.6166
2020,7,3,3,127,8.5564
2020,7,3,4,168,4.7738
2020,7,3,5,194,5.0659
2020,8,1,1,96,11.0707
2020,8,1,2,113,12.2826
2020,8,1,3,135,10.3343
2020,8,1,4,127,10.0602
2020,8,1,5,361,2.4895
2020,8,2,1,95,6.5095
2020,8,2,2,105,6.6667
2020,8,2,3,101,4.4249
2020,8,2,4,100,1.7257
2020,8,2,5,138,5.8471
2020,8,3,1,125,7.8078
2020,8,3,2,128,4.1109
2020,8,3,3,133,11.1502
2020,8,3,4,163,9.5001
2020,8,3,5,185,2.4370
2020,9,1,1,91,-4.7109
2020,9,1,2,110,-2.3313
2020,9,1,3,134,-4.5427
2020,9,1,4,123,-0.2851
2020,9,1,5,363,-4.2384
2020,9,2,1,98,-5.0670
2020,9,2,2,116,-4.7498
2020,9,2,3,95,-2.6552
2020,9,2,4,96,-4.7893
2020,9,2,5,135,-6.0237
2020,9,3,1,125,-3.8526
2020,9,3,2,127,-2.5214
2020,9,3,3,140,-5.6587
2020,9,3,4,161,-4.4374
2020,9,3,5,188,-0.9745
2020,10,1,1,92,3.3293
2020,10,1,2,117,2.5910
2020,10,1,3,128,1.0438
2020,10,1,4,117,0.6146
2020,10,1,5,366,-1.8890
2020,10,2,1,98,1.2331
2020,10,2,2,110,5.7204
2020,10,2,3,100,3.8578
2020,10,2,4,106,-0.0797
2020,10,2,5,132,1.7608
2020,10,3,1,126,-2.4044
2020,10,3,2,125,-0.1643
2020,10,3,3,137,-1.3550
2020,10,3,4,156,-4.4045
2020,10,3,5,186,-1.6827
2020,11,1,1,101,22.9989
2020,11,1,2,113,25.0835
2020,11,1,3,128,22.9369
2020,11,1,4,112,30.2538
2020,11,1,5,380,25.9978
2020,11,2,1,99,17.5777
2020,11,2,2,115,21.7175
2020,11,2,3,101,19.5674
2020,11,2,4,99,18.1350
2020,11,2,5,136,26.7154
2020,11,3,1,139,9.1271
2020,11,3,2,118,9.8612
2020,11,3,3,132,14.8420
2020,11,3,4,160,9.4363
2020,11,3,5,180,11.9388
2020,12,1,1,104,5.0616
2020,12,1,2,113,10.1354
2020,12,1,3,128,7.8164
2020,12,1,4,115,8.9320
2020,12,1,5,380,11.4416
2020,12,2,1,106,4.2856
2020,12,2,2,111,8.5861
2020,12,2,3,98,8.1672
2020,12,2,4,94,10.8870
2020,12,2,5,133,11.3360
2020,12,3,1,130,1.2154
2020,12,3,2,129,4.9716
2020,12,3,3,126,5.7467
2020,12,3,4,159,4.7854
2020,12,3,5,184,4.3309
2021,1,1,1,109,4.6337
2021,1,1,2,114,10.2208
2021,1,1,3,129,12.5157
2021,1,1,4,115,10.3469
2021,1,1,5,379,23.6689
2021,1,2,1,103,2.3465
2021,1,2,2,107,5.5288
2021,1,2,3,93,18.5196
2021,1,2,4,93,5.5949
2021,1,2,5,126,8.0992
2021,1,3,1,126,-1.4309
2021,1,3,2,130,0.1967
2021,1,3,3,127,-1.3414
2021,1,3,4,159,0.4613
2021,1,3,5,190,1.0123
2021,2,1,1,106,11.6952
2021,2,1,2,123,10.2726
2021,2,1,3,118,9.7939
2021,2,1,4,123,6.9375
2021,2,1,5,371,11.0300
2021,2,2,1,101,9.3952
2021,2,2,2,111,10.5491
2021,2,2,3,90,9.7315
2021,2,2,4,93,8.7241
2021,2,2,5,144,9.6785
2021,2,3,1,124,1.6680
2021,2,3,2,119,-0.1630
2021,2,3,3,139,3.4306
2021,2,3,4,163,-0.2928
2021,2,3,5,195,2.9496
2021,3,1,1,105,9.5076
2021,3,1,2,122,6.1693
2021,3,1,3,119,3.6064
2021,3,1,4,117,-0.8059
2021,3,1,5,367,-2.7956
2021,3,2,1,100,6.6549
2021,3,2,2,106,2.7660
2021,3,2,3,87,3.6687
2021,3,2,4,97,1.6973
2021,3,2,5,153,-2.2233
2021,3,3,1,127,4.9443
2021,3,3,2,120,2.7901
2021,3,3,3,139,6.1964
2021,3,3,4,162,1.9140
2021,3,3,5,194,-1.5263
2021,4,1,1,99,1.7008
2021,4,1,2,121,1.8726
2021,4,1,3,118,0.4971
2021,4,1,4,122,1.2749
2021,4,1,5,378,-2.6114
2021,4,2,1,102,2.2429
2021,4,2,2,112,2.8434
2021,4,2,3,84,1.0525
2021,4,2,4,94,2.6311
2021,4,2,5,149,0.6433
2021,4,3,1,123,6.4291
2021,4,3,2,122,7.2461
2021,4,3,3,139,3.4999
2021,4,3,4,160,4.3181
2021,4,3,5,187,4.0453
2021,5,1,1,101,5.3052
2021,5,1,2,109,5.2372
2021,5,1,3,128,6.3248
2021,5,1,4,133,4.5098
2021,5,1,5,391,1.5464
2021,5,2,1,111,2.8693
2021,5,2,2,94,4.8661
2021,5,2,3,88,1.6188
2021,5,2,4,98,1.1429
2021,5,2,5,151,-2.5237
2021,5,3,1,124,-1.6225
2021,5,3,2,123,-0.8220
2021,5,3,3,139,0.6189
2021,5,3,4,154,0.0982
2021,5,3,5,185,-0.2862
2021,6,1,1,102,-1.8494
2021,6,1,2,105,-0.1077
2021,6,1,3,128,2.3430
2021,6,1,4,137,4.5132
2021,6,1,5,395,5.3585
2021,6,2,1,108,-2.3011
2021,6,2,2,93,1.0104
2021,6,2,3,91,2.0876
2021,6,2,4,94,2.2138
2021,6,2,5,144,9.2497
2021,6,3,1,127,2.3609
2021,6,3,2,123,3.9735
2021,6,3,3,135,3.0099
2021,6,3,4,158,3.6336
2021,6,3,5,184,6.5982
2021,7,1,1,100,-0.5015
2021,7,1,2,112,-2.7794
2021,7,1,3,123,-1.8735
2021,7,1,4,132,-2.9304
2021,7,1,5,386,-9.2623
2021,7,2,1,106,0.0167
2021,7,2,2,88,-1.5992
2021,7,2,3,89,-2.2351
2021,7,2,4,99,-0.6210
2021,7,2,5,151,-7.5902
2021,7,3,1,123,0.0220
2021,7,3,2,123,4.6286
2021,7,3,3,138,2.5687
2021,7,3,4,153,1.5760
2021,7,3,5,190,1.9012
2021,8,1,1,94,2.6974
2021,8,1,2,110,3.0205
2021,8,1,3,129,1.4292
2021,8,1,4,133,-0.1368
2021,8,1,5,398,5.6374
2021,8,2,1,94,1.7741
2021,8,2,2,90,1.2535
2021,8,2,3,92,2.1323
2021,8,2,4,100,-0.6433
2021,8,2,5,147,2.1277
2021,8,3,1,124,2.8842
2021,8,3,2,133,2.6533
2021,8,3,3,137,3.1307
2021,8,3,4,147,3.6935
2021,8,3,5,196,3.7643
2021,9,1,1,96,-2.1505
2021,9,1,2,107,-5.2742
2021,9,1,3,132,-1.6131
2021,9,1,4,136,-4.5386
2021,9,1,5,386,-4.2856
2021,9,2,1,96,-3.1009
2021,9,2,2,89,-5.1179
2021,9,2,3,90,-2.1567
2021,9,2,4,99,-4.3101
2021,9,2,5,160,-0.4830
2021,9,3,1,126,-4.6645
2021,9,3,2,131,-5.3614
2021,9,3,3,133,-6.2602
2021,9,3,4,145,-3.8694
2021,9,3,5,192,-4.9315
2021,10,1,1,95,4.4345
2021,10,1,2,111,2.9086
2021,10,1,3,127,1.9107
2021,10,1,4,136,2.2227
2021,10,1,5,388,0.8011
2021,10,2,1,95,4.4608
2021,10,2,2,89,5.9116
2021,10,2,3,87,3.7943
2021,10,2,4,93,1.5282
2021,10,2,5,153,3.5185
2021,10,3,1,127,5.8719
2021,10,3,2,131,5.9478
2021,10,3,3,135,8.6033
2021,10,3,4,145,9.1672
2021,10,3,5,199,5.0376
2021,11,1,1,105,-2.5940
2021,11,1,2,110,-3.1295
2021,11,1,3,126,-4.5170
2021,11,1,4,133,-7.6077
2021,11,1,5,411,-9.7432
2021,11,2,1,100,1.7218
2021,11,2,2,71,-0.8511
2021,11,2,3,93,-2.2980
2021,11,2,4,95,-3.6459
2021,11,2,5,154,-7.4050
2021,11,3,1,125,0.2393
2021,11,3,2,142,2.1071
2021,11,3,3,136,-2.5121
2021,11,3,4,148,-2.1011
2021,11,3,5,194,-0.0573
2021,12,1,1,106,5.1582
2021,12,1,2,105,3.8871
2021,12,1,3,125,7.2926
2021,12,1,4,133,3.3016
2021,12,1,5,411,-5.1694
2021,12,2,1,97,5.7625
2021,12,2,2,73,2.7046
2021,12,2,3,91,5.7114
2021,12,2,4,92,7.5976
2021,12,2,5,156,1.3936
2021,12,3,1,126,1.9683
2021,12,3,2,142,5.3677
2021,12,3,3,139,4.2170
2021,12,3,4,150,2.9277
2021,12,3,5,187,-0.0022
2022,1,1,1,109,-7.2275
2022,1,1,2,100,-6.3518
2022,1,1,3,124,-2.7894
2022,1,1,4,128,-5.7310
2022,1,1,5,418,-11.4045
2022,1,2,1,94,-7.8467
2022,1,2,2,73,-7.5885
2022,1,2,3,89,-6.7205
2022,1,2,4,92,-5.8122
2022,1,2,5,144,-10.6683
2022,1,3,1,130,-6.7721
2022,1,3,2,142,-4.7890
2022,1,3,3,138,-4.6478
2022,1,3,4,157,-8.3111
2022,1,3,5,186,-9.2362
2022,2,1,1,103,0.4196
2022,2,1,2,105,0.2171
2022,2,1,3,122,2.2358
2022,2,1,4,125,-0.5537
2022,2,1,5,419,-0.0381
2022,2,2,1,91,0.5969
2022,2,2,2,84,0.6048
2022,2,2,3,93,3.8282
2022,2,2,4,98,3.5834
2022,2,2,5,161,2.5339
2022,2,3,1,127,1.0232
2022,2,3,2,140,-4.4564
2022,2,3,3,140,-1.1657
2022,2,3,4,156,-3.6620
2022,2,3,5,183,-1.1692
2022,3,1,1,101,-0.0464
2022,3,1,2,106,0.2326
2022,3,1,3,121,-2.1832
2022,3,1,4,125,3.6495
2022,3,1,5,423,1.7346
2022,3,2,1,92,-0.1193
2022,3,2,2,85,0.1135
2022,3,2,3,91,2.4101
2022,3,2,4,98,1.8687
2022,3,2,5,153,1.0976
2022,3,3,1,125,5.0762
2022,3,3,2,143,3.1774
2022,3,3,3,138,1.8083
2022,3,3,4,156,7.1665
2022,3,3,5,186,4.5431
2022,4,1,1,104,-8.8437
2022,4,1,2,110,-5.2140
2022,4,1,3,120,-10.0582
2022,4,1,4,126,-8.6364
2022,4,1,5,418,-16.9494
2022,4,2,1,85,-4.1868
2022,4,2,2,83,-6.7312
2022,4,2,3,89,-5.0343
2022,4,2,4,93,-8.9065
2022,4,2,5,150,-15.9149
2022,4,3,1,125,-10.5351
2022,4,3,2,141,-8.8921
2022,4,3,3,142,-6.3498
2022,4,3,4,159,-9.6223
2022,4,3,5,189,-12.5093
2022,5,1,1,104,2.3176
2022,5,1,2,102,0.4967
2022,5,1,3,129,-0.9395
2022,5,1,4,120,-3.4273
2022,5,1,5,432,-4.4571
2022,5,2,1,83,2.2223
2022,5,2,2,95,2.0383
2022,5,2,3,84,0.8922
2022,5,2,4,89,1.2672
2022,5,2,5,155,-3.3883
2022,5,3,1,128,-2.1235
2022,5,3,2,141,-0.1738
2022,5,3,3,148,-1.8543
2022,5,3,4,148,2.4456
2022,5,3,5,187,-1.6634
2022,6,1,1,99,-3.6499
2022,6,1,2,99,-8.6616
2022,6,1,3,129,-10.4808
2022,6,1,4,119,-10.1937
2022,6,1,5,429,-5.7195
2022,6,2,1,81,-7.8448
2022,6,2,2,101,-8.6475
2022,6,2,3,88,-8.2175
2022,6,2,4,93,-8.0766
2022,6,2,5,158,-4.0055
2022,6,3,1,132,-7.7792
2022,6,3,2,137,-7.9351
2022,6,3,3,144,-8.8462
2022,6,3,4,144,-6.9367
2022,6,3,5,183,-8.9296
2022,7,1,1,87,7.2034
2022,7,1,2,89,8.4363
2022,7,1,3,122,8.5639
2022,7,1,4,114,6.9988
2022,7,1,5,428,9.7790
2022,7,2,1,89,11.4099
2022,7,2,2,101,12.0184
2022,7,2,3,87,10.1549
2022,7,2,4,93,10.3544
2022,7,2,5,158,11.1492
2022,7,3,1,136,12.4544
2022,7,3,2,147,10.6179
2022,7,3,3,146,9.1058
2022,7,3,4,150,6.6565
2022,7,3,5,188,9.6645
2022,8,1,1,92,0.3217
2022,8,1,2,96,-0.0557
2022,8,1,3,106,-2.5085
2022,8,1,4,124,-3.3936
2022,8,1,5,424,5.3023
2022,8,2,1,90,-4.2283
2022,8,2,2,101,-0.9109
2022,8,2,3,89,-4.9151
2022,8,2,4,88,-3.7791
2022,8,2,5,175,0.6226
2022,8,3,1,133,-3.2809
2022,8,3,2,148,-4.2884
2022,8,3,3,142,-3.9626
2022,8,3,4,149,-4.0773
2022,8,3,5,184,-4.0766
2022,9,1,1,90,-13.0515
2022,9,1,2,101,-12.3809
2022,9,1,3,110,-12.3601
2022,9,1,4,123,-12.3598
2022,9,1,5,421,-13.3865
2022,9,2,1,91,-11.2474
2022,9,2,2,97,-10.9801
2022,9,2,3,88,-10.4069
2022,9,2,4,84,-9.6738
2022,9,2,5,172,-10.2551
2022,9,3,1,131,-8.8534
2022,9,3,2,146,-11.1040
2022,9,3,3,142,-8.8841
2022,9,3,4,146,-6.9114
2022,9,3,5,194,-9.4277
2022,10,1,1,86,13.6623
2022,10,1,2,100,12.2958
2022,10,1,3,104,12.6980
2022,10,1,4,123,10.8228
2022,10,1,5,415,6.4723
2022,10,2,1,91,14.0211
2022,10,2,2,98,15.0767
2022,10,2,3,87,14.5498
2022,10,2,4,87,10.8675
2022,10,2,5,173,7.1465
2022,10,3,1,132,6.4512
2022,10,3,2,145,7.0850
2022,10,3,3,149,2.8989
2022,10,3,4,149,9.0815
2022,10,3,5,187,9.2188
2022,11,1,1,85,3.4178
2022,11,1,2,93,4.0909
2022,11,1,3,107,7.6293
2022,11,1,4,123,0.0898
2022,11,1,5,435,-0.0609
2022,11,2,1,88,5.2378
2022,11,2,2,98,6.1528
2022,11,2,3,88,4.4847
2022,11,2,4,91,2.3936
2022,11,2,5,173,1.5619
2022,11,3,1,142,4.2654
2022,11,3,2,145,4.7728
2022,11,3,3,142,4.7322
2022,11,3,4,150,5.9602
2022,11,3,5,180,6.0236
2022,12,1,1,83,-3.1473
2022,12,1,2,91,-6.2413
2022,12,1,3,103,-7.3046
2022,12,1,4,126,-2.9723
2022,12,1,5,440,-4.4200
2022,12,2,1,82,-5.5882
2022,12,2,2,101,-5.7393
2022,12,2,3,91,-5.0836
2022,12,2,4,89,-6.2469
2022,12,2,5,170,-5.7680
2022,12,3,1,143,-7.6453
2022,12,3,2,145,-6.5116
2022,12,3,3,139,-8.4168
2022,12,3,4,148,-3.0555
2022,12,3,5,180,-6.1621
2023,1,1,1,80,13.8514
2023,1,1,2,95,16.0484
2023,1,1,3,101,13.9967
2023,1,1,4,127,12.4506
2023,1,1,5,444,18.9068
2023,1,2,1,88,9.8068
2023,1,2,2,100,13.0420
2023,1,2,3,88,12.6315
2023,1,2,4,90,12.6786
2023,1,2,5,171,13.2188
2023,1,3,1,138,7.6178
2023,1,3,2,141,6.7522
2023,1,3,3,141,8.2855
2023,1,3,4,148,3.5737
2023,1,3,5,174,7.8921
2023,2,1,1,80,-0.8066
2023,2,1,2,93,-3.3142
2023,2,1,3,98,-2.4397
2023,2,1,4,130,-3.1537
2023,2,1,5,440,-7.9226
2023,2,2,1,97,0.1114
2023,2,2,2,98,-1.1714
2023,2,2,3,94,-4.7813
2023,2,2,4,94,-2.0382
2023,2,2,5,200,-3.4190
2023,2,3,1,135,-4.2328
2023,2,3,2,152,-1.6163
2023,2,3,3,137,0.3778
2023,2,3,4,149,-4.8721
2023,2,3,5,173,-0.0220
2023,3,1,1,80,-1.6194
2023,3,1,2,89,-10.3553
2023,3,1,3,101,-4.5744
2023,3,1,4,129,-4.9802
2023,3,1,5,445,-8.1716
2023,3,2,1,98,-2.8835
2023,3,2,2,99,-2.9068
2023,3,2,3,98,-2.3492
2023,3,2,4,96,-1.9636
2023,3,2,5,190,-3.8409
2023,3,3,1,136,3.0729
2023,3,3,2,153,8.0183
2023,3,3,3,131,4.3122
2023,3,3,4,149,5.4073
2023,3,3,5,169,4.5624
2023,4,1,1,83,-6.4317
2023,4,1,2,92,-3.0650
2023,4,1,3,100,-5.5849
2023,4,1,4,130,-3.6854
2023,4,1,5,446,-3.2192
2023,4,2,1,94,-2.4539
2023,4,2,2,96,-2.5725
2023,4,2,3,95,-3.9473
2023,4,2,4,92,-3.9615
2023,4,2,5,185,-0.1826
2023,4,3,1,136,1.4105
2023,4,3,2,152,2.8418
2023,4,3,3,133,-1.7868
2023,4,3,4,149,0.6787
2023,4,3,5,167,-1.8460
2023,5,1,1,82,4.3921
2023,5,1,2,98,-3.6013
2023,5,1,3,108,-3.2454
2023,5,1,4,129,2.5982
2023,5,1,5,487,1.1539
2023,5,2,1,94,-1.6605
2023,5,2,2,90,-0.3979
2023,5,2,3,92,-2.3448
2023,5,2,4,99,-2.8444
2023,5,2,5,173,0.4274
2023,5,3,1,136,0.0262
2023,5,3,2,154,1.8965
2023,5,3,3,140,2.9009
2023,5,3,4,149,-0.4487
2023,5,3,5,174,5.8054
2023,6,1,1,80,6.6515
2023,6,1,2,98,9.2110
2023,6,1,3,110,12.5075
2023,6,1,4,124,8.8825
2023,6,1,5,474,4.1209
2023,6,2,1,95,10.4035
2023,6,2,2,88,13.7680
2023,6,2,3,95,9.0283
2023,6,2,4,98,8.5670
2023,6,2,5,183,5.5167
2023,6,3,1,139,7.9615
2023,6,3,2,153,5.8553
2023,6,3,3,142,9.0734
2023,6,3,4,145,5.9536
2023,6,3,5,174,7.0471
2023,7,1,1,86,3.8529
2023,7,1,2,102,7.0054
2023,7,1,3,107,5.0215
2023,7,1,4,129,3.2823
2023,7,1,5,450,7.0545
2023,7,2,1,86,4.3421
2023,7,2,2,80,3.9763
2023,7,2,3,94,6.3154
2023,7,2,4,98,4.3557
2023,7,2,5,177,3.2594
2023,7,3,1,141,2.7877
2023,7,3,2,152,2.2564
2023,7,3,3,137,4.1525
2023,7,3,4,145,2.7150
2023,7,3,5,163,5.8557
2023,8,1,1,88,-0.8481
2023,8,1,2,110,-3.8025
2023,8,1,3,118,-5.9731
2023,8,1,4,133,-5.9272
2023,8,1,5,469,-11.5568
2023,8,2,1,86,-4.0958
2023,8,2,2,76,-3.1870
2023,8,2,3,91,-2.4275
2023,8,2,4,101,-6.4512
2023,8,2,5,176,-5.2816
2023,8,3,1,143,-0.4626
2023,8,3,2,153,-1.6609
2023,8,3,3,137,-1.5115
2023,8,3,4,143,-2.5480
2023,8,3,5,158,-0.3341
2023,9,1,1,81,-5.0438
2023,9,1,2,111,-3.0221
2023,9,1,3,115,-2.9428
2023,9,1,4,137,-7.0271
2023,9,1,5,463,-8.7361
2023,9,2,1,96,-5.9363
2023,9,2,2,72,-4.3352
2023,9,2,3,94,-4.9949
2023,9,2,4,103,-4.9083
2023,9,2,5,167,-8.7006
2023,9,3,1,142,-4.5006
2023,9,3,2,155,-5.2443
2023,9,3,3,135,-3.9830
2023,9,3,4,140,-4.8879
2023,9,3,5,165,-6.4227
2023,10,1,1,84,-5.1891
2023,10,1,2,112,-5.5025
2023,10,1,3,115,-5.7950
2023,10,1,4,137,-9.9274
2023,10,1,5,472,-13.0550
2023,10,2,1,93,-5.1767
2023,10,2,2,73,-5.2299
2023,10,2,3,91,-5.2905
2023,10,2,4,100,-6.9961
2023,10,2,5,156,-9.7843
2023,10,3,1,141,-1.1444
2023,10,3,2,153,-0.4543
2023,10,3,3,138,-4.2636
2023,10,3,4,141,-3.3142
2023,10,3,5,163,-5.9075
2023,11,1,1,79,7.2440
2023,11,1,2,115,7.1711
2023,11,1,3,128,6.7519
2023,11,1,4,158,9.1128
2023,11,1,5,483,7.2241
2023,11,2,1,101,5.6431
2023,11,2,2,78,6.7921
2023,11,2,3,89,8.3098
2023,11,2,4,106,10.0065
2023,11,2,5,160,11.5471
2023,11,3,1,149,8.0134
2023,11,3,2,150,9.4182
2023,11,3,3,133,9.0722
2023,11,3,4,150,9.5775
2023,11,3,5,156,10.4245
2023,12,1,1,82,11.5424
2023,12,1,2,117,13.2703
2023,12,1,3,122,12.6281
2023,12,1,4,157,10.5116
2023,12,1,5,484,20.4935
2023,12,2,1,95,12.3231
2023,12,2,2,77,10.4450
2023,12,2,3,90,9.3655
2023,12,2,4,109,11.1053
2023,12,2,5,161,15.2863
2023,12,3,1,149,4.2252
2023,12,3,2,149,2.7515
2023,12,3,3,136,6.8722
2023,12,3,4,150,4.7296
2023,12,3,5,153,6.7800
2024,1,1,1,83,-5.0333
2024,1,1,2,111,-3.7449
2024,1,1,3,130,-5.7462
2024,1,1,4,153,-5.5072
2024,1,1,5,477,-4.5680
2024,1,2,1,95,-4.2303
2024,1,2,2,87,-2.3427
2024,1,2,3,83,-3.9794
2024,1,2,4,105,-5.8750
2024,1,2,5,158,-5.7497
2024,1,3,1,147,-0.8158
2024,1,3,2,142,3.2754
2024,1,3,3,139,0.1593
2024,1,3,4,152,0.7014
2024,1,3,5,160,6.2167
2024,2,1,1,81,5.7995
2024,2,1,2,124,3.1819
2024,2,1,3,119,3.9054
2024,2,1,4,154,4.2146
2024,2,1,5,509,11.3623
2024,2,2,1,100,6.0431
2024,2,2,2,89,4.4456
2024,2,2,3,89,2.7601
2024,2,2,4,111,4.5458
2024,2,2,5,166,6.0101
2024,2,3,1,149,4.0606
2024,2,3,2,156,4.4334
2024,2,3,3,146,9.3509
2024,2,3,4,146,2.9436
2024,2,3,5,157,11.1661
2024,3,1,1,80,5.0977
2024,3,1,2,122,2.8120
2024,3,1,3,126,1.7567
2024,3,1,4,149,1.2581
2024,3,1,5,505,0.6298
2024,3,2,1,101,2.1696
2024,3,2,2,89,3.5949
2024,3,2,3,86,5.3065
2024,3,2,4,115,1.3283
2024,3,2,5,171,0.6677
2024,3,3,1,147,2.1765
2024,3,3,2,154,1.9200
2024,3,3,3,143,3.5027
2024,3,3,4,148,1.9579
2024,3,3,5,155,6.4162
2024,4,1,1,80,-6.4671
2024,4,1,2,116,-7.3323
2024,4,1,3,129,-8.2270
2024,4,1,4,146,-8.8365
2024,4,1,5,511,-11.4859
2024,4,2,1,101,-5.1392
2024,4,2,2,97,-7.3368
2024,4,2,3,81,-6.9720
2024,4,2,4,116,-4.8461
2024,4,2,5,170,-8.1684
2024,4,3,1,146,-1.0499
2024,4,3,2,149,-4.3513
2024,4,3,3,143,-5.1791
2024,4,3,4,145,-4.7625
2024,4,3,5,150,-4.5816
2024,5,1,1,84,7.3154
2024,5,1,2,121,4.6518
2024,5,1,3,125,11.0394
2024,5,1,4,159,5.2949
2024,5,1,5,538,2.0168
2024,5,2,1,107,5.8503
2024,5,2,2,96,5.6257
2024,5,2,3,94,4.9561
2024,5,2,4,113,4.6136
2024,5,2,5,167,4.4090
2024,5,3,1,146,5.4894
2024,5,3,2,156,2.5115
2024,5,3,3,136,4.8293
2024,5,3,4,149,2.0218
2024,5,3,5,146,11.1456
2024,6,1,1,83,-2.2026
2024,6,1,2,119,-4.8357
2024,6,1,3,129,-4.1443
2024,6,1,4,160,-3.6032
2024,6,1,5,541,-6.7379
2024,6,2,1,102,-1.7299
2024,6,2,2,95,-3.0567
2024,6,2,3,91,-2.7998
2024,6,2,4,117,-2.7866
2024,6,2,5,156,-1.8579
2024,6,3,1,146,5.2448
2024,6,3,2,154,-0.2438
2024,6,3,3,145,5.7913
2024,6,3,4,148,1.0174
2024,6,3,5,143,6.8044
2024,7,1,1,80,12.5097
2024,7,1,2,120,11.5461
2024,7,1,3,121,12.1017
2024,7,1,4,157,10.8790
2024,7,1,5,504,13.0265
2024,7,2,1,103,9.7532
2024,7,2,2,97,7.8538
2024,7,2,3,95,8.1542
2024,7,2,4,116,5.5524
2024,7,2,5,158,8.1137
2024,7,3,1,145,1.2602
2024,7,3,2,151,1.8673
2024,7,3,3,141,-2.0078
2024,7,3,4,151,2.5889
2024,7,3,5,145,-1.2805
2024,8,1,1,78,-2.5726
2024,8,1,2,121,-4.4040
2024,8,1,3,131,-2.9049
2024,8,1,4,145,-3.1346
2024,8,1,5,532,-6.1255
2024,8,2,1,93,-3.1830
2024,8,2,2,106,-3.5703
2024,8,2,3,80,0.1401
2024,8,2,4,119,-3.1262
2024,8,2,5,158,-0.2484
2024,8,3,1,145,0.6456
2024,8,3,2,149,1.6377
2024,8,3,3,142,2.1967
2024,8,3,4,152,4.5608
2024,8,3,5,142,1.3004
2024,9,1,1,69,2.5560
2024,9,1,2,134,-0.8339
2024,9,1,3,119,2.8595
2024,9,1,4,149,-0.8321
2024,9,1,5,523,-1.6404
2024,9,2,1,101,0.8477
2024,9,2,2,104,-0.0953
2024,9,2,3,85,1.0243
2024,9,2,4,115,0.3762
2024,9,2,5,156,1.4196
2024,9,3,1,141,2.0462
2024,9,3,2,145,2.0081
2024,9,3,3,143,4.9081
2024,9,3,4,150,0.6362
2024,9,3,5,148,2.9193
2024,10,1,1,66,-2.8493
2024,10,1,2,134,-3.4447
2024,10,1,3,119,-3.3122
2024,10,1,4,151,-0.5755
2024,10,1,5,518,2.6946
2024,10,2,1,101,-4.0934
2024,10,2,2,104,-4.1213
2024,10,2,3,85,-1.5827
2024,10,2,4,116,-1.5558
2024,10,2,5,152,-0.6582
2024,10,3,1,138,-2.9637
2024,10,3,2,145,0.4604
2024,10,3,3,142,-2.8892
2024,10,3,4,149,-3.1146
2024,10,3,5,147,4.5327
2024,11,1,1,71,13.1552
2024,11,1,2,118,12.5111
2024,11,1,3,128,12.9701
2024,11,1,4,144,11.3692
2024,11,1,5,537,10.0011
2024,11,2,1,99,9.7157
2024,11,2,2,94,10.3353
2024,11,2,3,89,10.6119
2024,11,2,4,115,11.4755
2024,11,2,5,161,15.5227
2024,11,3,1,133,7.2521
2024,11,3,2,141,5.5303
2024,11,3,3,144,5.6077
2024,11,3,4,158,4.5533
2024,11,3,5,146,6.7431
2024,12,1,1,74,-5.5400
2024,12,1,2,120,-5.5443
2024,12,1,3,125,-4.0878
2024,12,1,4,145,-4.6511
2024,12,1,5,531,-0.0302
2024,12,2,1,92,-7.4100
2024,12,2,2,98,-7.3183
2024,12,2,3,91,-6.0764
2024,12,2,4,115,-5.6641
2024,12,2,5,153,-6.5877
2024,12,3,1,133,-2.1592
2024,12,3,2,132,0.4068
2024,12,3,3,147,-1.5116
2024,12,3,4,162,-1.0095
2024,12,3,5,148,-6.2256
2025,1,1,1,69,-0.4523
2025,1,1,2,120,3.5909
2025,1,1,3,122,1.7803
2025,1,1,4,144,1.7161
2025,1,1,5,520,1.6866
2025,1,2,1,97,2.3425
2025,1,2,2,96,1.6512
2025,1,2,3,94,1.9914
2025,1,2,4,109,2.4314
2025,1,2,5,164,3.3236
2025,1,3,1,133,0.1315
2025,1,3,2,133,6.2788
2025,1,3,3,142,3.4223
2025,1,3,4,160,-1.3800
2025,1,3,5,146,6.2769
2025,2,1,1,73,-6.8050
2025,2,1,2,110,-8.2728
2025,2,1,3,123,-3.9385
2025,2,1,4,147,-7.3581
2025,2,1,5,522,-9.5487
2025,2,2,1,99,-6.5685
2025,2,2,2,94,-7.4669
2025,2,2,3,96,-7.4629
2025,2,2,4,108,-6.0424
2025,2,2,5,169,-9.9268
2025,2,3,1,131,-4.5061
2025,2,3,2,141,-4.6281
2025,2,3,3,138,-2.0291
2025,2,3,4,172,0.5017
2025,2,3,5,141,-1.8330
2025,3,1,1,77,-6.4321
2025,3,1,2,110,-7.8924
2025,3,1,3,122,-8.5482
2025,3,1,4,147,-9.3862
2025,3,1,5,517,-12.4277
2025,3,2,1,97,-6.7206
2025,3,2,2,94,-6.2472
2025,3,2,3,92,-5.3198
2025,3,2,4,103,-6.3845
2025,3,2,5,172,-8.6819
2025,3,3,1,128,-6.1946
2025,3,3,2,138,-6.8099
2025,3,3,3,136,-3.9643
2025,3,3,4,169,-8.5894
2025,3,3,5,143,-6.0184
2025,4,1,1,76,-6.6536
2025,4,1,2,109,-5.4332
2025,4,1,3,119,-6.2069
2025,4,1,4,149,-2.9490
2025,4,1,5,517,2.9200
2025,4,2,1,96,-2.6912
2025,4,2,2,103,-3.8889
2025,4,2,3,92,-4.9197
2025,4,2,4,101,-3.8454
2025,4,2,5,167,-2.1172
2025,4,3,1,129,0.6021
2025,4,3,2,135,-1.8719
2025,4,3,3,134,0.4629
2025,4,3,4,165,0.9117
2025,4,3,5,143,0.3404
2025,5,1,1,77,7.5120
2025,5,1,2,105,8.1133
2025,5,1,3,132,6.2804
2025,5,1,4,147,7.9751
2025,5,1,5,539,9.6075
2025,5,2,1,91,6.5882
2025,5,2,2,100,7.9249
2025,5,2,3,81,7.8117
2025,5,2,4,98,8.7692
2025,5,2,5,167,5.3264
2025,5,3,1,136,3.6803
2025,5,3,2,122,4.6598
2025,5,3,3,143,5.7389
2025,5,3,4,158,8.1265
2025,5,3,5,145,14.8110
2025,6,1,1,81,4.6558
2025,6,1,2,98,8.0095
2025,6,1,3,128,5.1133
2025,6,1,4,138,9.9426
2025,6,1,5,524,6.6182
2025,6,2,1,92,3.7316
2025,6,2,2,101,4.3559
2025,6,2,3,86,1.2766
2025,6,2,4,103,3.9278
2025,6,2,5,177,6.6532
2025,6,3,1,134,1.6172
2025,6,3,2,125,3.3466
2025,6,3,3,142,3.7980
2025,6,3,4,162,6.9939
2025,6,3,5,142,11.9356
2025,7,1,1,81,-0.9039
2025,7,1,2,94,0.0583
2025,7,1,3,128,1.4361
2025,7,1,4,137,-0.5735
2025,7,1,5,497,1.9384
2025,7,2,1,91,1.2789
2025,7,2,2,103,3.6899
2025,7,2,3,82,0.8978
2025,7,2,4,101,0.1633
2025,7,2,5,178,2.0502
2025,7,3,1,134,1.7945
2025,7,3,2,122,1.1724
2025,7,3,3,133,0.7097
2025,7,3,4,169,3.6241
2025,7,3,5,148,7.6070
2025,8,1,1,77,11.3164
2025,8,1,2,94,7.3998
2025,8,1,3,129,7.0592
2025,8,1,4,132,15.0589
2025,8,1,5,504,8.6327
2025,8,2,1,101,7.3548
2025,8,2,2,83,6.4096
2025,8,2,3,98,8.3745
2025,8,2,4,98,7.2391
2025,8,2,5,171,6.6145
2025,8,3,1,124,5.9337
2025,8,3,2,135,4.3190
2025,8,3,3,121,1.4198
2025,8,3,4,170,-0.9932
2025,8,3,5,155,-0.8508
2025,9,1,1,75,-1.4034
2025,9,1,2,97,0.2384
2025,9,1,3,126,0.5553
2025,9,1,4,132,1.2777
2025,9,1,5,496,9.1107
2025,9,2,1,101,-1.4667
2025,9,2,2,76,0.7954
2025,9,2,3,94,0.2657
2025,9,2,4,96,-1.7403
2025,9,2,5,175,3.5640
2025,9,3,1,123,4.7801
2025,9,3,2,138,5.9062
2025,9,3,3,126,1.4423
2025,9,3,4,164,3.0690
2025,9,3,5,157,6.7902
2025,10,1,1,75,-3.9699
2025,10,1,2,93,-0.3374
2025,10,1,3,130,-4.1643
2025,10,1,4,128,-3.5406
2025,10,1,5,487,3.1067
2025,10,2,1,101,-4.8961
2025,10,2,2,77,-0.3913
2025,10,2,3,96,-2.2504
2025,10,2,4,95,-1.4047
2025,10,2,5,178,4.7346
2025,10,3,1,123,4.7140
2025,10,3,2,135,4.1381
2025,10,3,3,126,3.0800
2025,10,3,4,161,1.7431
2025,10,3,5,164,4.3620
2025,11,1,1,81,-0.6632
2025,11,1,2,101,0.0230
2025,11,1,3,110,-0.4507
2025,11,1,4,136,-1.2014
2025,11,1,5,481,-4.4943
2025,11,2,1,101,2.5668
2025,11,2,2,76,2.5541
2025,11,2,3,91,2.3821
2025,11,2,4,95,0.7611
2025,11,2,5,184,0.9258
2025,11,3,1,124,6.2246
2025,11,3,2,135,-0.7226
2025,11,3,3,117,-1.2326
2025,11,3,4,168,1.5561
2025,11,3,5,173,-7.8740
2025,12,1,1,79,1.7688
2025,12,1,2,98,0.5231
2025,12,1,3,113,2.0329
2025,12,1,4,141,1.4279
2025,12,1,5,474,0.2092
2025,12,2,1,104,1.5861
2025,12,2,2,72,0.5632
2025,12,2,3,94,0.0625
2025,12,2,4,92,3.4094
2025,12,2,5,184,-1.4004
2025,12,3,1,123,-1.2694
2025,12,3,2,137,-0.2560
2025,12,3,3,114,-0.1875
2025,12,3,4,170,-0.1510
2025,12,3,5,169,-0.8464
