year,month,rank_ME,rank_CLAq_6,nstocks,ret_vw
1976,1,1,1,87,28.3517
1976,1,1,2,82,23.5942
1976,1,1,3,32,23.0913
1976,1,1,4,38,24.6466
1976,1,1,5,55,26.3324
1976,1,2,1,29,22.9299
1976,1,2,2,31,18.8978
1976,1,2,3,39,17.9699
1976,1,2,4,17,22.3859
1976,1,2,5,39,24.1349
1976,1,3,1,39,12.2614
1976,1,3,2,46,14.0827
1976,1,3,3,45,12.0157
1976,1,3,4,61,16.2001
1976,1,3,5,52,10.4399
1976,2,1,1,142,12.1933
1976,2,1,2,121,11.6909
1976,2,1,3,72,10.7395
1976,2,1,4,60,15.0252
1976,2,1,5,90,16.6028
1976,2,2,1,56,8.3303
1976,2,2,2,57,8.5536
1976,2,2,3,58,7.1452
1976,2,2,4,37,6.3859
1976,2,2,5,52,8.4814
1976,2,3,1,56,1.8982
1976,2,3,2,74,2.8167
1976,2,3,3,77,-0.0250
1976,2,3,4,103,-0.2032
1976,2,3,5,88,-1.0027
1976,3,1,1,173,0.8479
1976,3,1,2,154,2.9500
1976,3,1,3,96,0.8309
1976,3,1,4,80,2.8719
1976,3,1,5,103,2.0696
1976,3,2,1,64,2.1860
1976,3,2,2,62,3.9151
1976,3,2,3,65,2.9360
1976,3,2,4,45,1.2102
1976,3,2,5,60,1.7661
1976,3,3,1,72,2.8046
1976,3,3,2,84,3.3924
1976,3,3,3,89,3.3982
1976,3,3,4,109,2.1587
1976,3,3,5,94,5.2425
1976,4,1,1,185,-2.3311
1976,4,1,2,161,-3.7170
1976,4,1,3,100,-0.5956
1976,4,1,4,86,-1.9955
1976,4,1,5,115,-2.7524
1976,4,2,1,74,-1.2802
1976,4,2,2,68,-0.7953
1976,4,2,3,71,-0.1598
1976,4,2,4,54,-0.7984
1976,4,2,5,65,-1.9096
1976,4,3,1,83,-1.8574
1976,4,3,2,90,-1.2057
1976,4,3,3,95,-0.8962
1976,4,3,4,114,0.6610
1976,4,3,5,99,-0.9812
1976,5,1,1,268,-3.2497
1976,5,1,2,223,-4.1709
1976,5,1,3,207,-2.0270
1976,5,1,4,131,-3.1186
1976,5,1,5,158,-2.9311
1976,5,2,1,122,-1.6950
1976,5,2,2,96,-1.3603
1976,5,2,3,97,-2.0789
1976,5,2,4,83,1.2566
1976,5,2,5,95,-1.7449
1976,5,3,1,140,-2.4655
1976,5,3,2,145,-2.6663
1976,5,3,3,137,-0.2717
1976,5,3,4,154,0.1254
1976,5,3,5,136,1.6209
1976,6,1,1,278,2.7706
1976,6,1,2,236,4.0642
1976,6,1,3,231,3.7530
1976,6,1,4,146,4.9035
1976,6,1,5,172,4.1459
1976,6,2,1,130,3.1508
1976,6,2,2,105,4.9879
1976,6,2,3,109,4.1728
1976,6,2,4,90,5.2119
1976,6,2,5,101,5.6931
1976,6,3,1,147,4.1383
1976,6,3,2,156,4.5308
1976,6,3,3,143,4.8233
1976,6,3,4,165,3.0059
1976,6,3,5,143,3.7398
1976,7,1,1,242,-0.6682
1976,7,1,2,226,-0.5296
1976,7,1,3,229,1.1864
1976,7,1,4,136,-0.3329
1976,7,1,5,160,-0.8301
1976,7,2,1,121,-1.5498
1976,7,2,2,101,-1.7895
1976,7,2,3,102,-0.0665
1976,7,2,4,87,-0.7094
1976,7,2,5,94,0.4408
1976,7,3,1,124,-1.6232
1976,7,3,2,142,-1.7105
1976,7,3,3,133,-2.4019
1976,7,3,4,147,-1.1394
1976,7,3,5,135,-0.8912
1976,8,1,1,370,-3.4629
1976,8,1,2,333,-3.6482
1976,8,1,3,291,-2.3017
1976,8,1,4,202,-3.6588
1976,8,1,5,212,-3.1249
1976,8,2,1,173,-2.7560
1976,8,2,2,152,-2.2050
1976,8,2,3,135,-3.0723
1976,8,2,4,130,-3.1128
1976,8,2,5,132,-1.1801
1976,8,3,1,153,0.2020
1976,8,3,2,197,-0.4117
1976,8,3,3,202,-0.8113
1976,8,3,4,212,-1.5035
1976,8,3,5,204,-0.7722
1976,9,1,1,328,1.9945
1976,9,1,2,281,1.9759
1976,9,1,3,240,2.0181
1976,9,1,4,169,2.3256
1976,9,1,5,196,2.9174
1976,9,2,1,182,3.2248
1976,9,2,2,156,1.2088
1976,9,2,3,140,2.8253
1976,9,2,4,129,3.0597
1976,9,2,5,134,4.3715
1976,9,3,1,146,2.8834
1976,9,3,2,196,2.3931
1976,9,3,3,201,2.1479
1976,9,3,4,215,3.4960
1976,9,3,5,208,2.9131
1976,10,1,1,356,-3.1199
1976,10,1,2,290,-2.7947
1976,10,1,3,266,-2.3130
1976,10,1,4,203,-1.8279
1976,10,1,5,217,-2.0625
1976,10,2,1,165,-3.0043
1976,10,2,2,138,-2.8734
1976,10,2,3,134,-2.3097
1976,10,2,4,125,-2.8117
1976,10,2,5,141,-2.7916
1976,10,3,1,132,-2.0207
1976,10,3,2,175,-2.9046
1976,10,3,3,174,-3.0652
1976,10,3,4,192,-2.1746
1976,10,3,5,197,-2.5708
1976,11,1,1,473,2.9654
1976,11,1,2,342,2.2599
1976,11,1,3,306,3.2165
1976,11,1,4,257,2.5375
1976,11,1,5,294,3.7385
1976,11,2,1,196,5.6201
1976,11,2,2,173,4.5424
1976,11,2,3,158,4.5574
1976,11,2,4,156,4.5997
1976,11,2,5,181,3.7574
1976,11,3,1,169,1.0215
1976,11,3,2,209,-0.3256
1976,11,3,3,225,-0.2576
1976,11,3,4,238,-0.2554
1976,11,3,5,227,-0.1967
1976,12,1,1,505,9.5079
1976,12,1,2,368,9.7346
1976,12,1,3,312,10.7354
1976,12,1,4,266,10.0458
1976,12,1,5,318,12.2947
1976,12,2,1,217,8.4492
1976,12,2,2,176,10.1076
1976,12,2,3,172,9.4451
1976,12,2,4,154,9.4013
1976,12,2,5,191,8.4227
1976,12,3,1,172,3.6260
1976,12,3,2,210,5.1740
1976,12,3,3,228,5.8675
1976,12,3,4,243,5.9285
1976,12,3,5,236,5.4876
1977,1,1,1,484,4.1355
1977,1,1,2,315,4.0490
1977,1,1,3,259,5.5158
1977,1,1,4,246,4.3941
1977,1,1,5,279,4.1919
1977,1,2,1,191,-0.0130
1977,1,2,2,153,1.6360
1977,1,2,3,142,0.8754
1977,1,2,4,140,1.3810
1977,1,2,5,165,1.2907
1977,1,3,1,131,-5.9485
1977,1,3,2,166,-5.3379
1977,1,3,3,195,-5.5976
1977,1,3,4,213,-5.5013
1977,1,3,5,207,-4.2186
1977,2,1,1,541,-1.9939
1977,2,1,2,365,-1.2528
1977,2,1,3,300,-1.0556
1977,2,1,4,299,0.1846
1977,2,1,5,336,-0.3958
1977,2,2,1,213,-0.4261
1977,2,2,2,183,-1.2104
1977,2,2,3,172,-0.3546
1977,2,2,4,172,-1.0376
1977,2,2,5,182,-1.3825
1977,2,3,1,151,-2.5651
1977,2,3,2,204,-1.7964
1977,2,3,3,234,-1.8133
1977,2,3,4,261,-1.4731
1977,2,3,5,247,-1.8502
1977,3,1,1,573,1.2505
1977,3,1,2,400,0.3692
1977,3,1,3,331,0.6700
1977,3,1,4,318,1.1998
1977,3,1,5,351,0.8647
1977,3,2,1,209,-0.2136
1977,3,2,2,195,0.6606
1977,3,2,3,185,-0.4907
1977,3,2,4,180,0.2494
1977,3,2,5,191,0.4473
1977,3,3,1,156,-1.9202
1977,3,3,2,213,-0.6499
1977,3,3,3,245,-1.6449
1977,3,3,4,256,-1.4102
1977,3,3,5,251,-1.3960
1977,4,1,1,526,0.5783
1977,4,1,2,333,2.8379
1977,4,1,3,287,2.3981
1977,4,1,4,266,0.1607
1977,4,1,5,319,1.8615
1977,4,2,1,176,1.7132
1977,4,2,2,164,0.7282
1977,4,2,3,161,0.7865
1977,4,2,4,159,3.1375
1977,4,2,5,159,1.1787
1977,4,3,1,140,-0.2653
1977,4,3,2,177,0.7919
1977,4,3,3,199,0.3351
1977,4,3,4,210,0.0039
1977,4,3,5,209,-0.7865
1977,5,1,1,566,-0.8015
1977,5,1,2,396,-0.5635
1977,5,1,3,362,0.3287
1977,5,1,4,339,0.2331
1977,5,1,5,397,-0.0757
1977,5,2,1,199,-0.9302
1977,5,2,2,183,-0.7973
1977,5,2,3,199,0.2117
1977,5,2,4,196,-0.4363
1977,5,2,5,202,-0.2901
1977,5,3,1,213,-2.0089
1977,5,3,2,215,-2.1291
1977,5,3,3,239,-2.0367
1977,5,3,4,251,-2.4906
1977,5,3,5,255,-1.4611
1977,6,1,1,577,7.0064
1977,6,1,2,421,6.3354
1977,6,1,3,395,7.8498
1977,6,1,4,369,7.3098
1977,6,1,5,413,7.8840
1977,6,2,1,206,7.2786
1977,6,2,2,193,6.4180
1977,6,2,3,206,7.3062
1977,6,2,4,209,7.6086
1977,6,2,5,209,7.3254
1977,6,3,1,220,5.0026
1977,6,3,2,221,4.0193
1977,6,3,3,247,4.6394
1977,6,3,4,264,4.7341
1977,6,3,5,260,6.2034
1977,7,1,1,488,-0.6606
1977,7,1,2,386,0.2800
1977,7,1,3,339,0.0521
1977,7,1,4,322,-0.3812
1977,7,1,5,363,0.3637
1977,7,2,1,182,-2.0779
1977,7,2,2,169,-2.1278
1977,7,2,3,196,-2.0359
1977,7,2,4,175,-0.7960
1977,7,2,5,193,-0.7625
1977,7,3,1,187,-1.1401
1977,7,3,2,196,-3.2013
1977,7,3,3,206,-1.5917
1977,7,3,4,228,-2.4844
1977,7,3,5,224,-2.2459
1977,8,1,1,549,-1.3740
1977,8,1,2,438,-2.1198
1977,8,1,3,399,-1.6631
1977,8,1,4,359,-1.3692
1977,8,1,5,382,-1.6385
1977,8,2,1,220,-1.0156
1977,8,2,2,196,-1.8503
1977,8,2,3,219,0.0269
1977,8,2,4,215,-1.0772
1977,8,2,5,205,1.2121
1977,8,3,1,217,0.5368
1977,8,3,2,227,-0.8354
1977,8,3,3,257,-2.1574
1977,8,3,4,264,-1.6394
1977,8,3,5,277,-1.2542
1977,9,1,1,565,0.3830
1977,9,1,2,450,0.8824
1977,9,1,3,416,1.0360
1977,9,1,4,374,1.2364
1977,9,1,5,386,2.0763
1977,9,2,1,225,0.3508
1977,9,2,2,205,0.1019
1977,9,2,3,220,0.4934
1977,9,2,4,219,1.0948
1977,9,2,5,214,1.8163
1977,9,3,1,218,-1.0163
1977,9,3,2,228,-1.3773
1977,9,3,3,265,-0.4471
1977,9,3,4,273,-0.2502
1977,9,3,5,277,0.3998
1977,10,1,1,479,-2.9561
1977,10,1,2,379,-3.4131
1977,10,1,3,365,-2.0164
1977,10,1,4,323,-1.3142
1977,10,1,5,338,-3.5150
1977,10,2,1,197,-4.0109
1977,10,2,2,174,-2.9664
1977,10,2,3,186,-2.4244
1977,10,2,4,195,-3.1697
1977,10,2,5,190,-3.1738
1977,10,3,1,188,-3.7660
1977,10,3,2,184,-3.6121
1977,10,3,3,215,-4.6191
1977,10,3,4,228,-4.2818
1977,10,3,5,231,-4.0196
1977,11,1,1,573,9.3135
1977,11,1,2,410,9.5980
1977,11,1,3,372,10.0925
1977,11,1,4,336,10.6146
1977,11,1,5,376,9.1919
1977,11,2,1,228,8.5813
1977,11,2,2,199,8.9287
1977,11,2,3,205,9.9322
1977,11,2,4,213,9.9147
1977,11,2,5,215,9.5763
1977,11,3,1,203,4.1042
1977,11,3,2,207,4.1508
1977,11,3,3,250,4.1868
1977,11,3,4,273,4.6531
1977,11,3,5,255,3.1887
1977,12,1,1,583,1.6601
1977,12,1,2,400,0.1754
1977,12,1,3,380,1.5352
1977,12,1,4,325,3.0268
1977,12,1,5,390,3.2572
1977,12,2,1,230,0.0924
1977,12,2,2,200,1.2430
1977,12,2,3,202,1.2862
1977,12,2,4,214,2.6638
1977,12,2,5,222,1.6533
1977,12,3,1,201,-1.0201
1977,12,3,2,205,0.2859
1977,12,3,3,254,0.4092
1977,12,3,4,272,-0.2463
1977,12,3,5,257,1.5445
1978,1,1,1,535,-1.0491
1978,1,1,2,347,-0.9819
1978,1,1,3,309,-0.9345
1978,1,1,4,269,-1.8147
1978,1,1,5,314,-1.4026
1978,1,2,1,196,-4.2430
1978,1,2,2,184,-3.8386
1978,1,2,3,166,-3.5231
1978,1,2,4,179,-4.8857
1978,1,2,5,181,-4.4487
1978,1,3,1,128,-7.0517
1978,1,3,2,164,-6.5080
1978,1,3,3,214,-5.5262
1978,1,3,4,233,-6.4623
1978,1,3,5,228,-5.6011
1978,2,1,1,575,2.9230
1978,2,1,2,397,3.0727
1978,2,1,3,340,2.2262
1978,2,1,4,292,2.8905
1978,2,1,5,352,4.1292
1978,2,2,1,213,1.4548
1978,2,2,2,207,2.0362
1978,2,2,3,192,2.0569
1978,2,2,4,203,1.9885
1978,2,2,5,207,1.2096
1978,2,3,1,142,-2.4600
1978,2,3,2,204,-2.5900
1978,2,3,3,239,-1.9704
1978,2,3,4,264,-2.4706
1978,2,3,5,238,-2.2058
1978,3,1,1,583,8.6393
1978,3,1,2,400,8.0033
1978,3,1,3,340,7.6625
1978,3,1,4,294,7.3616
1978,3,1,5,350,8.4519
1978,3,2,1,215,6.1631
1978,3,2,2,207,6.4384
1978,3,2,3,196,7.4788
1978,3,2,4,197,7.4865
1978,3,2,5,213,6.2390
1978,3,3,1,150,2.1026
1978,3,3,2,205,3.8461
1978,3,3,3,237,4.5129
1978,3,3,4,265,2.9605
1978,3,3,5,235,0.8502
1978,4,1,1,525,9.2719
1978,4,1,2,325,8.9903
1978,4,1,3,283,8.5531
1978,4,1,4,248,7.4677
1978,4,1,5,318,8.5218
1978,4,2,1,175,7.5169
1978,4,2,2,167,7.8633
1978,4,2,3,160,7.8452
1978,4,2,4,163,9.0367
1978,4,2,5,192,9.5338
1978,4,3,1,125,10.9825
1978,4,3,2,173,10.1944
1978,4,3,3,197,9.5662
1978,4,3,4,224,10.6045
1978,4,3,5,190,10.4365
1978,5,1,1,545,8.7034
1978,5,1,2,404,7.2245
1978,5,1,3,341,8.5128
1978,5,1,4,316,10.2576
1978,5,1,5,402,7.1823
1978,5,2,1,205,5.8394
1978,5,2,2,191,7.7703
1978,5,2,3,198,6.6884
1978,5,2,4,197,6.2517
1978,5,2,5,212,6.3487
1978,5,3,1,193,0.5126
1978,5,3,2,212,1.7249
1978,5,3,3,240,2.5635
1978,5,3,4,258,3.0082
1978,5,3,5,231,1.5457
1978,6,1,1,541,0.8092
1978,6,1,2,415,-0.9412
1978,6,1,3,366,0.1085
1978,6,1,4,334,-0.2749
1978,6,1,5,404,0.7052
1978,6,2,1,208,-0.3410
1978,6,2,2,206,1.2055
1978,6,2,3,200,0.2928
1978,6,2,4,204,0.3567
1978,6,2,5,216,-1.3898
1978,6,3,1,190,-2.3404
1978,6,3,2,217,-1.7537
1978,6,3,3,242,-1.5672
1978,6,3,4,259,-1.3330
1978,6,3,5,241,-2.0452
1978,7,1,1,445,5.2447
1978,7,1,2,362,6.5993
1978,7,1,3,323,6.9247
1978,7,1,4,293,5.8103
1978,7,1,5,361,3.9540
1978,7,2,1,183,6.1669
1978,7,2,2,175,7.1361
1978,7,2,3,173,6.8569
1978,7,2,4,174,5.7447
1978,7,2,5,187,6.1805
1978,7,3,1,169,6.0274
1978,7,3,2,186,7.0359
1978,7,3,3,196,6.1953
1978,7,3,4,221,6.7242
1978,7,3,5,195,5.9519
1978,8,1,1,526,9.7403
1978,8,1,2,409,8.9913
1978,8,1,3,371,9.3931
1978,8,1,4,338,10.6849
1978,8,1,5,382,10.3795
1978,8,2,1,221,8.4326
1978,8,2,2,219,10.7029
1978,8,2,3,206,7.8920
1978,8,2,4,206,9.1501
1978,8,2,5,214,8.0118
1978,8,3,1,196,3.7903
1978,8,3,2,234,3.1481
1978,8,3,3,244,3.1052
1978,8,3,4,274,4.4333
1978,8,3,5,246,3.4308
1978,9,1,1,533,-0.1995
1978,9,1,2,417,-1.1154
1978,9,1,3,379,-0.0775
1978,9,1,4,341,0.8231
1978,9,1,5,393,-0.6895
1978,9,2,1,231,-2.5790
1978,9,2,2,222,-1.1835
1978,9,2,3,214,-1.5868
1978,9,2,4,214,-2.0704
1978,9,2,5,214,-1.5011
1978,9,3,1,188,-1.7788
1978,9,3,2,242,-1.3407
1978,9,3,3,262,-0.7568
1978,9,3,4,279,-1.1875
1978,9,3,5,252,-0.4828
1978,10,1,1,474,-25.2104
1978,10,1,2,368,-24.6111
1978,10,1,3,325,-23.8971
1978,10,1,4,291,-24.9452
1978,10,1,5,336,-23.4050
1978,10,2,1,194,-21.6708
1978,10,2,2,196,-22.8711
1978,10,2,3,190,-21.2137
1978,10,2,4,184,-20.5014
1978,10,2,5,192,-20.8466
1978,10,3,1,156,-10.3355
1978,10,3,2,195,-11.5267
1978,10,3,3,227,-10.3437
1978,10,3,4,237,-10.4751
1978,10,3,5,224,-9.5822
1978,11,1,1,550,7.3135
1978,11,1,2,411,6.9604
1978,11,1,3,348,9.6110
1978,11,1,4,329,8.5514
1978,11,1,5,376,8.5122
1978,11,2,1,218,7.2534
1978,11,2,2,228,8.4255
1978,11,2,3,211,6.4598
1978,11,2,4,201,6.6785
1978,11,2,5,222,8.1510
1978,11,3,1,171,1.9849
1978,11,3,2,230,2.7028
1978,11,3,3,282,3.6125
1978,11,3,4,287,3.0244
1978,11,3,5,251,2.9358
1978,12,1,1,564,0.0146
1978,12,1,2,409,0.3688
1978,12,1,3,345,2.1258
1978,12,1,4,331,1.0567
1978,12,1,5,382,0.8282
1978,12,2,1,232,0.8176
1978,12,2,2,232,2.7740
1978,12,2,3,210,2.5616
1978,12,2,4,203,3.3472
1978,12,2,5,234,2.4224
1978,12,3,1,177,0.8047
1978,12,3,2,234,0.7045
1978,12,3,3,288,2.3526
1978,12,3,4,293,2.1529
1978,12,3,5,259,2.0535
1979,1,1,1,513,11.8309
1979,1,1,2,359,12.5181
1979,1,1,3,289,10.3151
1979,1,1,4,278,9.8082
1979,1,1,5,304,9.8120
1979,1,2,1,206,9.0794
1979,1,2,2,198,9.1979
1979,1,2,3,168,9.1821
1979,1,2,4,177,8.5904
1979,1,2,5,196,7.9983
1979,1,3,1,114,6.4134
1979,1,3,2,190,4.7228
1979,1,3,3,240,4.4166
1979,1,3,4,240,3.8318
1979,1,3,5,219,3.6614
1979,2,1,1,552,-3.0188
1979,2,1,2,392,-2.3611
1979,2,1,3,318,-1.3786
1979,2,1,4,302,-1.9084
1979,2,1,5,328,-2.1893
1979,2,2,1,228,-4.1650
1979,2,2,2,222,-3.0297
1979,2,2,3,192,-1.5427
1979,2,2,4,199,-2.9122
1979,2,2,5,204,-3.3219
1979,2,3,1,140,-4.6708
1979,2,3,2,213,-4.7187
1979,2,3,3,266,-2.9603
1979,2,3,4,267,-2.9888
1979,2,3,5,243,-2.2059
1979,3,1,1,545,8.9054
1979,3,1,2,400,9.0799
1979,3,1,3,344,12.2526
1979,3,1,4,302,8.1567
1979,3,1,5,327,9.2586
1979,3,2,1,229,10.7379
1979,3,2,2,223,11.0723
1979,3,2,3,194,10.8225
1979,3,2,4,192,10.4862
1979,3,2,5,206,12.0016
1979,3,3,1,151,7.1935
1979,3,3,2,215,6.9283
1979,3,3,3,266,7.1591
1979,3,3,4,272,6.7545
1979,3,3,5,247,6.4022
1979,4,1,1,476,1.9594
1979,4,1,2,328,2.6132
1979,4,1,3,281,2.5342
1979,4,1,4,256,3.6965
1979,4,1,5,295,2.2160
1979,4,2,1,197,2.9715
1979,4,2,2,186,2.1000
1979,4,2,3,155,1.4155
1979,4,2,4,167,3.3255
1979,4,2,5,174,3.9329
1979,4,3,1,121,0.6118
1979,4,3,2,174,0.4749
1979,4,3,3,219,1.0557
1979,4,3,4,224,1.0251
1979,4,3,5,198,1.6584
1979,5,1,1,511,-0.6756
1979,5,1,2,361,-1.5001
1979,5,1,3,338,-0.0805
1979,5,1,4,314,0.2350
1979,5,1,5,370,-0.4098
1979,5,2,1,219,-1.7155
1979,5,2,2,205,-1.6416
1979,5,2,3,187,-0.7858
1979,5,2,4,201,-1.2310
1979,5,2,5,210,-2.1457
1979,5,3,1,167,-1.5218
1979,5,3,2,207,-1.8895
1979,5,3,3,251,-2.5169
1979,5,3,4,266,-2.5220
1979,5,3,5,236,-1.7095
1979,6,1,1,535,4.7350
1979,6,1,2,382,5.6111
1979,6,1,3,356,5.7272
1979,6,1,4,328,5.6036
1979,6,1,5,384,4.8036
1979,6,2,1,227,4.3017
1979,6,2,2,222,6.1137
1979,6,2,3,189,3.9693
1979,6,2,4,206,4.3661
1979,6,2,5,216,4.3137
1979,6,3,1,173,4.3139
1979,6,3,2,215,5.0005
1979,6,3,3,265,4.8718
1979,6,3,4,271,4.4244
1979,6,3,5,240,3.0975
1979,7,1,1,466,1.9958
1979,7,1,2,333,1.5708
1979,7,1,3,318,1.8071
1979,7,1,4,287,0.6349
1979,7,1,5,334,3.3282
1979,7,2,1,203,2.5779
1979,7,2,2,184,3.2968
1979,7,2,3,164,3.2141
1979,7,2,4,179,4.3820
1979,7,2,5,187,2.2702
1979,7,3,1,153,1.0064
1979,7,3,2,185,2.4954
1979,7,3,3,212,2.6229
1979,7,3,4,226,0.7854
1979,7,3,5,209,-0.0207
1979,8,1,1,521,7.5535
1979,8,1,2,393,7.8102
1979,8,1,3,367,8.8276
1979,8,1,4,337,8.5065
1979,8,1,5,374,8.3878
1979,8,2,1,229,7.4198
1979,8,2,2,212,9.6419
1979,8,2,3,206,9.3196
1979,8,2,4,204,9.4951
1979,8,2,5,204,8.6197
1979,8,3,1,184,7.9654
1979,8,3,2,223,7.7283
1979,8,3,3,239,7.3660
1979,8,3,4,284,7.0187
1979,8,3,5,256,6.4016
1979,9,1,1,522,-1.4771
1979,9,1,2,401,-1.8788
1979,9,1,3,371,-1.4077
1979,9,1,4,342,-0.1142
1979,9,1,5,385,-0.6284
1979,9,2,1,235,0.5149
1979,9,2,2,221,1.2324
1979,9,2,3,222,0.3641
1979,9,2,4,216,-0.2489
1979,9,2,5,212,0.3893
1979,9,3,1,181,0.6820
1979,9,3,2,230,-1.2217
1979,9,3,3,252,0.5271
1979,9,3,4,293,1.5347
1979,9,3,5,269,0.6184
1979,10,1,1,463,-11.6446
1979,10,1,2,357,-12.0545
1979,10,1,3,298,-11.5317
1979,10,1,4,297,-11.3368
1979,10,1,5,349,-8.8060
1979,10,2,1,202,-10.9747
1979,10,2,2,187,-9.4561
1979,10,2,3,200,-9.8448
1979,10,2,4,178,-9.9378
1979,10,2,5,178,-10.0880
1979,10,3,1,155,-8.1505
1979,10,3,2,195,-7.7275
1979,10,3,3,212,-8.1256
1979,10,3,4,249,-5.6781
1979,10,3,5,237,-5.6578
1979,11,1,1,524,9.0875
1979,11,1,2,406,7.6006
1979,11,1,3,344,6.8707
1979,11,1,4,323,8.4255
1979,11,1,5,392,9.1115
1979,11,2,1,235,8.6210
1979,11,2,2,205,9.5652
1979,11,2,3,226,8.7147
1979,11,2,4,203,9.2495
1979,11,2,5,220,9.2499
1979,11,3,1,173,6.8329
1979,11,3,2,228,5.0684
1979,11,3,3,259,5.8315
1979,11,3,4,278,4.7933
1979,11,3,5,263,6.1039
1979,12,1,1,538,7.5096
1979,12,1,2,404,8.0240
1979,12,1,3,356,7.2232
1979,12,1,4,316,7.8884
1979,12,1,5,399,8.9533
1979,12,2,1,246,7.7419
1979,12,2,2,208,5.8815
1979,12,2,3,229,7.0343
1979,12,2,4,210,6.6616
1979,12,2,5,220,7.3227
1979,12,3,1,170,5.0004
1979,12,3,2,234,3.5340
1979,12,3,3,266,3.7927
1979,12,3,4,285,1.6777
1979,12,3,5,267,2.2241
1980,1,1,1,466,10.3748
1980,1,1,2,336,12.5714
1980,1,1,3,292,10.8664
1980,1,1,4,248,8.8339
1980,1,1,5,327,9.8938
1980,1,2,1,210,6.8577
1980,1,2,2,172,7.6673
1980,1,2,3,189,8.0945
1980,1,2,4,167,7.1965
1980,1,2,5,187,5.7758
1980,1,3,1,113,5.7923
1980,1,3,2,191,6.7861
1980,1,3,3,214,6.9174
1980,1,3,4,242,7.1796
1980,1,3,5,226,8.9802
1980,2,1,1,507,-1.3543
1980,2,1,2,372,-0.2785
1980,2,1,3,326,-2.9414
1980,2,1,4,272,-2.3416
1980,2,1,5,333,-1.1395
1980,2,2,1,225,-1.3229
1980,2,2,2,198,-1.8725
1980,2,2,3,203,-0.5762
1980,2,2,4,173,-1.8301
1980,2,2,5,200,-1.0706
1980,2,3,1,141,-1.8627
1980,2,3,2,225,-2.1484
1980,2,3,3,251,0.5461
1980,2,3,4,272,0.3058
1980,2,3,5,247,4.1723
1980,3,1,1,508,-19.8282
1980,3,1,2,376,-18.5845
1980,3,1,3,330,-17.9651
1980,3,1,4,267,-17.5972
1980,3,1,5,334,-18.8772
1980,3,2,1,233,-16.8435
1980,3,2,2,197,-17.1505
1980,3,2,3,212,-18.8131
1980,3,2,4,169,-17.1528
1980,3,2,5,197,-18.5828
1980,3,3,1,150,-12.4142
1980,3,3,2,223,-11.1720
1980,3,3,3,246,-11.7483
1980,3,3,4,278,-10.8291
1980,3,3,5,252,-14.1628
1980,4,1,1,440,4.8090
1980,4,1,2,306,4.4617
1980,4,1,3,277,5.4378
1980,4,1,4,218,6.0564
1980,4,1,5,298,7.1862
1980,4,2,1,195,4.6934
1980,4,2,2,168,5.0651
1980,4,2,3,172,5.2031
1980,4,2,4,148,4.5462
1980,4,2,5,176,6.0744
1980,4,3,1,122,3.4612
1980,4,3,2,183,3.8000
1980,4,3,3,212,4.0683
1980,4,3,4,227,2.9933
1980,4,3,5,208,4.7162
1980,5,1,1,472,6.6900
1980,5,1,2,375,5.9926
1980,5,1,3,331,5.8379
1980,5,1,4,265,6.8409
1980,5,1,5,372,8.2550
1980,5,2,1,223,7.5043
1980,5,2,2,186,9.6098
1980,5,2,3,212,9.8386
1980,5,2,4,191,8.5394
1980,5,2,5,203,9.7580
1980,5,3,1,167,6.7975
1980,5,3,2,217,5.3833
1980,5,3,3,251,6.2221
1980,5,3,4,269,5.5710
1980,5,3,5,236,5.6373
1980,6,1,1,487,3.0631
1980,6,1,2,387,2.9341
1980,6,1,3,342,3.1732
1980,6,1,4,277,1.8973
1980,6,1,5,365,3.7645
1980,6,2,1,228,3.7851
1980,6,2,2,200,3.4728
1980,6,2,3,211,3.0611
1980,6,2,4,202,3.2171
1980,6,2,5,215,4.3884
1980,6,3,1,174,3.1110
1980,6,3,2,225,2.8407
1980,6,3,3,258,2.7854
1980,6,3,4,276,3.3972
1980,6,3,5,239,3.8870
1980,7,1,1,430,12.5452
1980,7,1,2,324,12.4426
1980,7,1,3,288,12.1967
1980,7,1,4,239,12.0984
1980,7,1,5,323,12.3963
1980,7,2,1,201,13.4507
1980,7,2,2,177,12.9352
1980,7,2,3,189,11.5931
1980,7,2,4,184,12.6405
1980,7,2,5,195,10.9436
1980,7,3,1,160,10.6531
1980,7,3,2,179,10.5293
1980,7,3,3,210,8.5665
1980,7,3,4,229,7.5931
1980,7,3,5,199,5.9663
1980,8,1,1,500,8.7568
1980,8,1,2,386,7.5817
1980,8,1,3,343,9.0509
1980,8,1,4,303,7.7862
1980,8,1,5,369,8.6403
1980,8,2,1,236,6.2513
1980,8,2,2,209,6.2738
1980,8,2,3,211,6.4960
1980,8,2,4,214,5.9399
1980,8,2,5,219,7.4748
1980,8,3,1,192,2.5748
1980,8,3,2,233,1.8562
1980,8,3,3,261,1.0784
1980,8,3,4,276,1.6205
1980,8,3,5,238,2.7180
1980,9,1,1,507,3.3422
1980,9,1,2,398,2.8245
1980,9,1,3,347,2.6871
1980,9,1,4,322,3.6980
1980,9,1,5,381,4.4757
1980,9,2,1,240,2.8906
1980,9,2,2,220,2.8045
1980,9,2,3,224,2.4857
1980,9,2,4,224,4.9629
1980,9,2,5,227,4.8794
1980,9,3,1,187,3.8376
1980,9,3,2,239,1.4002
1980,9,3,3,268,2.1623
1980,9,3,4,290,3.5628
1980,9,3,5,255,5.5528
1980,10,1,1,442,4.9204
1980,10,1,2,351,3.4457
1980,10,1,3,283,7.2788
1980,10,1,4,279,5.7399
1980,10,1,5,332,3.8728
1980,10,2,1,220,2.2010
1980,10,2,2,192,3.2994
1980,10,2,3,191,2.6209
1980,10,2,4,200,5.2305
1980,10,2,5,191,2.9033
1980,10,3,1,163,0.8358
1980,10,3,2,202,0.1484
1980,10,3,3,223,0.3629
1980,10,3,4,244,3.4566
1980,10,3,5,226,3.7255
1980,11,1,1,499,5.4055
1980,11,1,2,381,5.3530
1980,11,1,3,316,4.8361
1980,11,1,4,304,7.0522
1980,11,1,5,357,7.3131
1980,11,2,1,247,7.1597
1980,11,2,2,211,7.2425
1980,11,2,3,223,7.4713
1980,11,2,4,226,9.0429
1980,11,2,5,223,8.4029
1980,11,3,1,184,11.6700
1980,11,3,2,239,9.6300
1980,11,3,3,263,9.8204
1980,11,3,4,280,13.0227
1980,11,3,5,254,15.7200
1980,12,1,1,504,-3.6017
1980,12,1,2,385,-3.7206
1980,12,1,3,321,-2.8276
1980,12,1,4,307,-2.8713
1980,12,1,5,362,-4.5570
1980,12,2,1,247,-3.1290
1980,12,2,2,210,-2.6407
1980,12,2,3,227,-3.3892
1980,12,2,4,233,-3.5191
1980,12,2,5,236,-3.3263
1980,12,3,1,189,-1.9054
1980,12,3,2,249,-1.1330
1980,12,3,3,265,-1.2791
1980,12,3,4,284,-4.3673
1980,12,3,5,255,-8.0306
1981,1,1,1,423,1.1044
1981,1,1,2,316,1.8223
1981,1,1,3,251,1.6009
1981,1,1,4,252,1.2403
1981,1,1,5,279,-0.0706
1981,1,2,1,218,-1.7610
1981,1,2,2,168,-0.7419
1981,1,2,3,179,-1.1654
1981,1,2,4,185,0.3589
1981,1,2,5,211,-1.3697
1981,1,3,1,126,-4.4289
1981,1,3,2,194,-3.2571
1981,1,3,3,212,-3.4396
1981,1,3,4,228,-5.5645
1981,1,3,5,231,-7.9824
1981,2,1,1,475,0.8725
1981,2,1,2,345,0.4286
1981,2,1,3,286,0.7231
1981,2,1,4,269,3.0544
1981,2,1,5,307,-0.3022
1981,2,2,1,232,0.8336
1981,2,2,2,197,2.9605
1981,2,2,3,193,2.0949
1981,2,2,4,202,2.5437
1981,2,2,5,228,1.7469
1981,2,3,1,148,1.9317
1981,2,3,2,228,4.3864
1981,2,3,3,256,3.8458
1981,2,3,4,276,1.4637
1981,2,3,5,246,1.3813
1981,3,1,1,480,9.8520
1981,3,1,2,355,10.3295
1981,3,1,3,286,10.0332
1981,3,1,4,270,8.3069
1981,3,1,5,307,9.5037
1981,3,2,1,230,8.1056
1981,3,2,2,193,7.8289
1981,3,2,3,202,7.6687
1981,3,2,4,196,8.3967
1981,3,2,5,232,8.3574
1981,3,3,1,154,8.6387
1981,3,3,2,234,6.9211
1981,3,3,3,255,6.1345
1981,3,3,4,270,2.4081
1981,3,3,5,239,2.0718
1981,4,1,1,422,5.2318
1981,4,1,2,304,3.6854
1981,4,1,3,235,4.2575
1981,4,1,4,209,1.9262
1981,4,1,5,266,3.8235
1981,4,2,1,190,1.8570
1981,4,2,2,157,0.5586
1981,4,2,3,166,2.6909
1981,4,2,4,164,3.7727
1981,4,2,5,203,3.8692
1981,4,3,1,125,-0.6977
1981,4,3,2,188,-1.5855
1981,4,3,3,204,-3.5790
1981,4,3,4,215,-1.9536
1981,4,3,5,193,-4.2696
1981,5,1,1,469,4.5788
1981,5,1,2,342,5.8572
1981,5,1,3,293,3.9263
1981,5,1,4,265,2.3380
1981,5,1,5,323,2.6603
1981,5,2,1,201,2.1723
1981,5,2,2,188,4.5466
1981,5,2,3,190,4.2548
1981,5,2,4,206,2.9790
1981,5,2,5,234,4.4058
1981,5,3,1,166,2.5332
1981,5,3,2,226,-0.2752
1981,5,3,3,257,-1.4921
1981,5,3,4,255,0.5171
1981,5,3,5,222,-0.6657
1981,6,1,1,485,-0.3618
1981,6,1,2,354,-1.8337
1981,6,1,3,302,1.6722
1981,6,1,4,275,1.2619
1981,6,1,5,329,1.6072
1981,6,2,1,213,-3.8735
1981,6,2,2,198,-4.4398
1981,6,2,3,192,-2.3105
1981,6,2,4,217,-2.7853
1981,6,2,5,233,-2.3023
1981,6,3,1,175,-3.7398
1981,6,3,2,230,-3.0729
1981,6,3,3,270,-0.6338
1981,6,3,4,262,-0.8973
1981,6,3,5,224,1.3235
1981,7,1,1,417,-3.7049
1981,7,1,2,310,-2.8503
1981,7,1,3,251,-3.1400
1981,7,1,4,222,-2.6075
1981,7,1,5,292,-3.4334
1981,7,2,1,191,-2.4564
1981,7,2,2,165,-1.2361
1981,7,2,3,159,-1.7265
1981,7,2,4,180,-1.6950
1981,7,2,5,192,-3.1659
1981,7,3,1,148,-2.2859
1981,7,3,2,179,-1.2139
1981,7,3,3,221,0.7099
1981,7,3,4,224,-0.3836
1981,7,3,5,181,3.2422
1981,8,1,1,474,-8.9594
1981,8,1,2,372,-9.3634
1981,8,1,3,306,-8.5860
1981,8,1,4,274,-7.2462
1981,8,1,5,332,-8.2555
1981,8,2,1,231,-8.2273
1981,8,2,2,202,-8.9309
1981,8,2,3,192,-8.0566
1981,8,2,4,217,-7.7490
1981,8,2,5,219,-7.8648
1981,8,3,1,178,-6.9434
1981,8,3,2,237,-6.6724
1981,8,3,3,268,-6.1411
1981,8,3,4,275,-6.3118
1981,8,3,5,225,-6.2914
1981,9,1,1,475,-9.3236
1981,9,1,2,386,-8.1733
1981,9,1,3,317,-7.5310
1981,9,1,4,287,-7.9638
1981,9,1,5,354,-8.8475
1981,9,2,1,233,-8.4068
1981,9,2,2,214,-7.7065
1981,9,2,3,197,-7.5266
1981,9,2,4,226,-8.0171
1981,9,2,5,221,-9.1710
1981,9,3,1,175,-5.0730
1981,9,3,2,246,-7.0606
1981,9,3,3,273,-6.2713
1981,9,3,4,287,-6.1069
1981,9,3,5,239,-7.9910
1981,10,1,1,413,9.3822
1981,10,1,2,336,9.0778
1981,10,1,3,275,8.4201
1981,10,1,4,255,9.0133
1981,10,1,5,299,10.6207
1981,10,2,1,213,7.8176
1981,10,2,2,198,7.0191
1981,10,2,3,165,7.2520
1981,10,2,4,207,7.9602
1981,10,2,5,192,10.4583
1981,10,3,1,152,1.3824
1981,10,3,2,202,3.1615
1981,10,3,3,240,5.1946
1981,10,3,4,242,5.1063
1981,10,3,5,210,7.2447
1981,11,1,1,511,0.9626
1981,11,1,2,401,2.1509
1981,11,1,3,317,3.3659
1981,11,1,4,295,3.1308
1981,11,1,5,337,2.1700
1981,11,2,1,237,1.4155
1981,11,2,2,225,2.8307
1981,11,2,3,195,1.6713
1981,11,2,4,233,3.7229
1981,11,2,5,222,3.0357
1981,11,3,1,176,2.9999
1981,11,3,2,225,5.3594
1981,11,3,3,283,5.0676
1981,11,3,4,278,5.1891
1981,11,3,5,244,4.7220
1981,12,1,1,520,-1.4456
1981,12,1,2,391,-2.1073
1981,12,1,3,312,-0.4098
1981,12,1,4,294,-1.1717
1981,12,1,5,349,-0.4933
1981,12,2,1,234,-1.3526
1981,12,2,2,221,-0.9067
1981,12,2,3,198,-0.6541
1981,12,2,4,230,-0.6339
1981,12,2,5,224,-0.1446
1981,12,3,1,174,-2.0633
1981,12,3,2,230,-2.4813
1981,12,3,3,288,-2.5692
1981,12,3,4,283,-2.8102
1981,12,3,5,246,-3.2501
1982,1,1,1,449,-2.1746
1982,1,1,2,320,-1.6080
1982,1,1,3,247,-1.2312
1982,1,1,4,223,-1.6688
1982,1,1,5,292,-0.9489
1982,1,2,1,193,-3.8060
1982,1,2,2,177,-4.6990
1982,1,2,3,168,-4.0576
1982,1,2,4,190,-5.4477
1982,1,2,5,185,-4.2579
1982,1,3,1,126,-2.3599
1982,1,3,2,176,-0.9802
1982,1,3,3,230,-3.5825
1982,1,3,4,232,-1.8692
1982,1,3,5,216,-2.9494
1982,2,1,1,509,-4.6771
1982,2,1,2,365,-3.5986
1982,2,1,3,277,-3.5159
1982,2,1,4,270,-4.4020
1982,2,1,5,327,-4.6683
1982,2,2,1,210,-4.9497
1982,2,2,2,203,-6.2863
1982,2,2,3,194,-4.1494
1982,2,2,4,206,-4.2727
1982,2,2,5,204,-5.3009
1982,2,3,1,149,-5.9345
1982,2,3,2,207,-4.9589
1982,2,3,3,260,-4.6983
1982,2,3,4,261,-5.9366
1982,2,3,5,241,-6.4243
1982,3,1,1,521,-0.2837
1982,3,1,2,367,-0.3656
1982,3,1,3,278,0.7005
1982,3,1,4,276,-2.3040
1982,3,1,5,329,-1.0807
1982,3,2,1,218,0.0065
1982,3,2,2,202,-2.0400
1982,3,2,3,188,-1.5145
1982,3,2,4,201,0.2403
1982,3,2,5,199,0.1118
1982,3,3,1,159,-0.2835
1982,3,3,2,208,-1.3292
1982,3,3,3,257,-1.7336
1982,3,3,4,260,-2.0315
1982,3,3,5,240,-0.3765
1982,4,1,1,462,4.7612
1982,4,1,2,291,3.0111
1982,4,1,3,226,3.3667
1982,4,1,4,239,4.3145
1982,4,1,5,291,4.7503
1982,4,2,1,187,6.8016
1982,4,2,2,175,5.8370
1982,4,2,3,159,5.5111
1982,4,2,4,158,5.9148
1982,4,2,5,175,7.5352
1982,4,3,1,136,4.4023
1982,4,3,2,161,4.1462
1982,4,3,3,201,3.7408
1982,4,3,4,207,5.4078
1982,4,3,5,200,5.8911
1982,5,1,1,520,-3.5641
1982,5,1,2,349,-3.5505
1982,5,1,3,286,-4.0094
1982,5,1,4,308,-1.6096
1982,5,1,5,378,-0.9637
1982,5,2,1,214,-5.2879
1982,5,2,2,198,-4.0362
1982,5,2,3,194,-3.6604
1982,5,2,4,193,-3.5078
1982,5,2,5,209,-2.8490
1982,5,3,1,179,-3.8371
1982,5,3,2,204,-4.5538
1982,5,3,3,225,-2.6411
1982,5,3,4,248,-2.9749
1982,5,3,5,234,-1.6499
1982,6,1,1,546,-2.8801
1982,6,1,2,375,-3.0308
1982,6,1,3,299,-3.5833
1982,6,1,4,313,-3.0691
1982,6,1,5,384,-2.0876
1982,6,2,1,217,-1.3826
1982,6,2,2,208,-3.6927
1982,6,2,3,198,-3.2177
1982,6,2,4,193,-2.1837
1982,6,2,5,206,-1.5766
1982,6,3,1,185,-0.0504
1982,6,3,2,212,-1.3125
1982,6,3,3,235,-2.0213
1982,6,3,4,261,-2.0212
1982,6,3,5,238,-2.0848
1982,7,1,1,461,-1.2517
1982,7,1,2,307,-2.5404
1982,7,1,3,253,0.0997
1982,7,1,4,277,-2.1383
1982,7,1,5,346,-2.4630
1982,7,2,1,195,-0.3815
1982,7,2,2,179,-2.7586
1982,7,2,3,162,-0.6670
1982,7,2,4,163,0.4279
1982,7,2,5,181,-0.5896
1982,7,3,1,156,-2.7762
1982,7,3,2,177,-1.7019
1982,7,3,3,199,-1.6030
1982,7,3,4,216,-2.1235
1982,7,3,5,205,-3.4198
1982,8,1,1,703,5.7197
1982,8,1,2,469,6.6737
1982,8,1,3,387,8.0741
1982,8,1,4,385,7.2679
1982,8,1,5,443,6.8550
1982,8,2,1,236,11.7146
1982,8,2,2,226,10.6518
1982,8,2,3,202,9.6853
1982,8,2,4,204,10.7077
1982,8,2,5,221,10.0363
1982,8,3,1,178,14.9976
1982,8,3,2,217,13.4519
1982,8,3,3,263,13.0095
1982,8,3,4,269,12.3409
1982,8,3,5,250,11.2787
1982,9,1,1,741,3.7422
1982,9,1,2,493,3.0672
1982,9,1,3,424,2.4453
1982,9,1,4,413,2.2927
1982,9,1,5,473,3.9505
1982,9,2,1,239,1.7902
1982,9,2,2,236,2.3759
1982,9,2,3,207,3.0660
1982,9,2,4,208,2.5495
1982,9,2,5,223,4.0114
1982,9,3,1,179,-0.4109
1982,9,3,2,219,0.2390
1982,9,3,3,268,0.0857
1982,9,3,4,271,1.6815
1982,9,3,5,261,2.0269
1982,10,1,1,717,13.9819
1982,10,1,2,458,14.2830
1982,10,1,3,379,14.7444
1982,10,1,4,358,14.4156
1982,10,1,5,443,14.0320
1982,10,2,1,219,15.8407
1982,10,2,2,207,13.8228
1982,10,2,3,187,14.9860
1982,10,2,4,188,13.3034
1982,10,2,5,209,13.1185
1982,10,3,1,158,13.8983
1982,10,3,2,187,12.0555
1982,10,3,3,227,14.7718
1982,10,3,4,236,9.4361
1982,10,3,5,221,10.8363
1982,11,1,1,987,12.3721
1982,11,1,2,578,9.9774
1982,11,1,3,466,7.3537
1982,11,1,4,451,6.9160
1982,11,1,5,555,9.1948
1982,11,2,1,258,10.5337
1982,11,2,2,238,9.3435
1982,11,2,3,217,10.3044
1982,11,2,4,225,7.0455
1982,11,2,5,249,8.2839
1982,11,3,1,170,7.8587
1982,11,3,2,218,5.5196
1982,11,3,3,263,5.2640
1982,11,3,4,270,3.4786
1982,11,3,5,259,5.1486
1982,12,1,1,1044,2.3531
1982,12,1,2,594,2.1256
1982,12,1,3,481,0.4619
1982,12,1,4,466,2.3234
1982,12,1,5,605,1.4256
1982,12,2,1,252,1.5692
1982,12,2,2,243,0.8005
1982,12,2,3,216,0.9039
1982,12,2,4,230,2.0355
1982,12,2,5,264,2.8218
1982,12,3,1,168,-0.4450
1982,12,3,2,230,0.4749
1982,12,3,3,265,0.8339
1982,12,3,4,272,3.9435
1982,12,3,5,259,0.6522
1983,1,1,1,987,10.6353
1983,1,1,2,528,9.5414
1983,1,1,3,428,8.7359
1983,1,1,4,403,8.2456
1983,1,1,5,549,8.7898
1983,1,2,1,236,7.9230
1983,1,2,2,200,7.6655
1983,1,2,3,180,5.8245
1983,1,2,4,206,6.1643
1983,1,2,5,236,6.3154
1983,1,3,1,124,3.7756
1983,1,3,2,180,3.6469
1983,1,3,3,219,4.0682
1983,1,3,4,230,3.2681
1983,1,3,5,217,3.1240
1983,2,1,1,1138,5.0108
1983,2,1,2,660,4.4620
1983,2,1,3,529,6.8133
1983,2,1,4,497,5.7877
1983,2,1,5,666,5.7424
1983,2,2,1,278,5.2881
1983,2,2,2,237,5.4044
1983,2,2,3,218,4.3578
1983,2,2,4,230,5.0354
1983,2,2,5,256,5.9638
1983,2,3,1,151,4.8104
1983,2,3,2,209,2.8344
1983,2,3,3,252,2.9489
1983,2,3,4,262,2.2732
1983,2,3,5,234,2.7349
1983,3,1,1,1170,4.4412
1983,3,1,2,666,6.3519
1983,3,1,3,536,4.9643
1983,3,1,4,513,5.2181
1983,3,1,5,681,5.5258
1983,3,2,1,274,4.6909
1983,3,2,2,233,4.5058
1983,3,2,3,215,4.9936
1983,3,2,4,229,4.1659
1983,3,2,5,250,4.3714
1983,3,3,1,164,3.2979
1983,3,3,2,209,2.9804
1983,3,3,3,248,3.1748
1983,3,3,4,262,2.7144
1983,3,3,5,231,3.8689
1983,4,1,1,1101,7.2133
1983,4,1,2,551,8.1768
1983,4,1,3,440,7.2250
1983,4,1,4,447,8.1094
1983,4,1,5,609,8.8353
1983,4,2,1,248,6.4608
1983,4,2,2,196,6.5481
1983,4,2,3,187,7.5345
1983,4,2,4,194,6.1439
1983,4,2,5,217,8.6395
1983,4,3,1,139,5.7242
1983,4,3,2,174,6.9636
1983,4,3,3,195,7.7898
1983,4,3,4,223,9.0523
1983,4,3,5,196,5.9908
1983,5,1,1,1303,12.5286
1983,5,1,2,679,10.6707
1983,5,1,3,562,10.2512
1983,5,1,4,585,9.9219
1983,5,1,5,767,10.0877
1983,5,2,1,282,6.3430
1983,5,2,2,230,5.5462
1983,5,2,3,227,6.7104
1983,5,2,4,228,7.0810
1983,5,2,5,263,6.3128
1983,5,3,1,177,1.9983
1983,5,3,2,219,0.7651
1983,5,3,3,236,-0.1080
1983,5,3,4,271,-0.4143
1983,5,3,5,233,-0.3310
1983,6,1,1,1348,4.4026
1983,6,1,2,729,4.2533
1983,6,1,3,585,3.6040
1983,6,1,4,595,5.6944
1983,6,1,5,804,5.8194
1983,6,2,1,298,4.9175
1983,6,2,2,239,6.7079
1983,6,2,3,248,5.9918
1983,6,2,4,235,5.7996
1983,6,2,5,272,6.6374
1983,6,3,1,188,3.9265
1983,6,3,2,221,3.7888
1983,6,3,3,245,4.8039
1983,6,3,4,282,5.5957
1983,6,3,5,233,4.6300
1983,7,1,1,1206,-4.6164
1983,7,1,2,663,-2.9289
1983,7,1,3,513,-0.6433
1983,7,1,4,515,-2.6929
1983,7,1,5,706,-0.9564
1983,7,2,1,285,-5.7795
1983,7,2,2,206,-3.0597
1983,7,2,3,214,-2.4848
1983,7,2,4,211,-2.5318
1983,7,2,5,243,-2.9408
1983,7,3,1,169,-4.7866
1983,7,3,2,193,-2.5208
1983,7,3,3,208,-3.5695
1983,7,3,4,241,-2.7351
1983,7,3,5,195,-3.9051
1983,8,1,1,1384,-5.6077
1983,8,1,2,880,-4.3894
1983,8,1,3,685,-2.0615
1983,8,1,4,664,-2.1290
1983,8,1,5,829,-3.8854
1983,8,2,1,319,-4.9460
1983,8,2,2,249,-3.1020
1983,8,2,3,247,-2.9236
1983,8,2,4,267,-3.4572
1983,8,2,5,273,-3.4787
1983,8,3,1,189,0.1778
1983,8,3,2,239,0.7590
1983,8,3,3,267,1.7688
1983,8,3,4,291,1.5713
1983,8,3,5,248,0.3807
1983,9,1,1,1407,-1.3721
1983,9,1,2,908,-0.6200
1983,9,1,3,713,0.1114
1983,9,1,4,683,0.6403
1983,9,1,5,873,0.2955
1983,9,2,1,309,1.1346
1983,9,2,2,255,2.6452
1983,9,2,3,253,3.2988
1983,9,2,4,281,2.3448
1983,9,2,5,285,1.9483
1983,9,3,1,185,1.3870
1983,9,3,2,245,2.3737
1983,9,3,3,279,1.2947
1983,9,3,4,297,1.0236
1983,9,3,5,259,2.3174
1983,10,1,1,1305,-8.7411
1983,10,1,2,787,-7.3541
1983,10,1,3,625,-5.3204
1983,10,1,4,563,-6.2110
1983,10,1,5,768,-6.4275
1983,10,2,1,276,-9.0823
1983,10,2,2,224,-7.1171
1983,10,2,3,225,-6.5975
1983,10,2,4,250,-5.9896
1983,10,2,5,254,-7.5790
1983,10,3,1,153,-4.7728
1983,10,3,2,202,-2.8967
1983,10,3,3,245,-1.9685
1983,10,3,4,251,-1.2515
1983,10,3,5,228,-1.8460
1983,11,1,1,1476,3.0028
1983,11,1,2,934,3.4897
1983,11,1,3,714,2.9014
1983,11,1,4,652,4.4272
1983,11,1,5,863,4.4373
1983,11,2,1,312,6.0013
1983,11,2,2,265,6.5226
1983,11,2,3,272,5.4955
1983,11,2,4,261,5.0100
1983,11,2,5,287,6.0603
1983,11,3,1,175,5.5135
1983,11,3,2,235,5.2769
1983,11,3,3,287,3.2723
1983,11,3,4,290,2.0294
1983,11,3,5,258,0.4975
1983,12,1,1,1490,-3.0164
1983,12,1,2,952,-2.1459
1983,12,1,3,721,-1.3203
1983,12,1,4,658,-0.9821
1983,12,1,5,880,-2.5278
1983,12,2,1,318,-2.8636
1983,12,2,2,261,-1.1947
1983,12,2,3,261,-0.5782
1983,12,2,4,263,-1.0978
1983,12,2,5,295,-1.5163
1983,12,3,1,177,-1.9332
1983,12,3,2,240,-1.0147
1983,12,3,3,288,-0.4861
1983,12,3,4,291,0.2210
1983,12,3,5,257,-0.2700
1984,1,1,1,1308,-0.2890
1984,1,1,2,801,0.0059
1984,1,1,3,599,0.3969
1984,1,1,4,526,-1.1053
1984,1,1,5,731,-0.4789
1984,1,2,1,269,-3.6748
1984,1,2,2,215,-2.3096
1984,1,2,3,212,-1.9472
1984,1,2,4,215,-2.4997
1984,1,2,5,257,-4.8505
1984,1,3,1,134,-4.4254
1984,1,3,2,183,-3.2602
1984,1,3,3,232,-1.4637
1984,1,3,4,242,-1.0049
1984,1,3,5,225,-1.7082
1984,2,1,1,1458,-7.8479
1984,2,1,2,893,-5.9475
1984,2,1,3,695,-5.1748
1984,2,1,4,592,-5.4364
1984,2,1,5,803,-7.2589
1984,2,2,1,293,-6.2210
1984,2,2,2,253,-4.9421
1984,2,2,3,232,-5.3257
1984,2,2,4,232,-5.6583
1984,2,2,5,278,-5.1852
1984,2,3,1,152,-5.1561
1984,2,3,2,215,-5.4061
1984,2,3,3,265,-3.8668
1984,2,3,4,285,-2.3546
1984,2,3,5,244,-3.1902
1984,3,1,1,1497,-0.2320
1984,3,1,2,887,0.7209
1984,3,1,3,679,0.6479
1984,3,1,4,589,1.0171
1984,3,1,5,812,1.2108
1984,3,2,1,299,-0.3383
1984,3,2,2,259,0.5397
1984,3,2,3,231,1.9517
1984,3,2,4,234,1.3308
1984,3,2,5,275,0.6980
1984,3,3,1,152,2.6641
1984,3,3,2,222,3.0572
1984,3,3,3,256,2.3134
1984,3,3,4,282,1.4101
1984,3,3,5,251,1.3612
1984,4,1,1,1403,-3.7090
1984,4,1,2,740,-2.1951
1984,4,1,3,531,-1.2540
1984,4,1,4,486,-1.3996
1984,4,1,5,694,-1.4261
1984,4,2,1,272,-0.2931
1984,4,2,2,207,-0.1138
1984,4,2,3,188,1.9766
1984,4,2,4,192,0.2169
1984,4,2,5,239,0.9529
1984,4,3,1,127,0.1095
1984,4,3,2,173,-1.0226
1984,4,3,3,201,0.6970
1984,4,3,4,239,2.1563
1984,4,3,5,211,0.6799
1984,5,1,1,1566,-6.6532
1984,5,1,2,859,-6.4317
1984,5,1,3,665,-4.7754
1984,5,1,4,603,-4.5434
1984,5,1,5,834,-4.4712
1984,5,2,1,305,-6.0959
1984,5,2,2,224,-6.0762
1984,5,2,3,224,-6.7112
1984,5,2,4,222,-6.0233
1984,5,2,5,282,-4.5137
1984,5,3,1,153,-7.9146
1984,5,3,2,211,-5.7540
1984,5,3,3,253,-6.0476
1984,5,3,4,285,-5.3947
1984,5,3,5,251,-3.3894
1984,6,1,1,1622,0.2746
1984,6,1,2,874,1.7480
1984,6,1,3,680,1.8053
1984,6,1,4,623,2.3577
1984,6,1,5,857,3.6892
1984,6,2,1,302,4.2420
1984,6,2,2,233,2.6793
1984,6,2,3,222,2.9217
1984,6,2,4,230,4.1292
1984,6,2,5,288,3.7768
1984,6,3,1,160,2.6940
1984,6,3,2,222,3.6508
1984,6,3,3,253,2.4331
1984,6,3,4,303,2.0878
1984,6,3,5,261,3.1263
1984,7,1,1,1475,-6.6973
1984,7,1,2,751,-5.8768
1984,7,1,3,581,-4.9959
1984,7,1,4,531,-3.7944
1984,7,1,5,740,-3.8375
1984,7,2,1,268,-5.8804
1984,7,2,2,204,-5.4867
1984,7,2,3,178,-5.2254
1984,7,2,4,207,-5.0516
1984,7,2,5,257,-4.0078
1984,7,3,1,145,-4.6359
1984,7,3,2,180,-3.1132
1984,7,3,3,216,-2.4371
1984,7,3,4,257,-1.8756
1984,7,3,5,231,-0.7811
1984,8,1,1,1661,10.7040
1984,8,1,2,909,10.5897
1984,8,1,3,791,9.9728
1984,8,1,4,696,10.4416
1984,8,1,5,869,9.9147
1984,8,2,1,296,14.3563
1984,8,2,2,246,11.9274
1984,8,2,3,230,11.5774
1984,8,2,4,252,13.7192
1984,8,2,5,298,13.0963
1984,8,3,1,168,12.2029
1984,8,3,2,217,12.9788
1984,8,3,3,260,12.1646
1984,8,3,4,286,11.5745
1984,8,3,5,266,10.7206
1984,9,1,1,1666,-2.0708
1984,9,1,2,973,-1.8056
1984,9,1,3,845,-0.3492
1984,9,1,4,737,-0.7932
1984,9,1,5,895,-0.5003
1984,9,2,1,300,-3.3441
1984,9,2,2,248,-2.5817
1984,9,2,3,242,-2.3698
1984,9,2,4,257,-1.2353
1984,9,2,5,309,-0.8874
1984,9,3,1,175,-2.1632
1984,9,3,2,217,-2.6607
1984,9,3,3,275,-2.5348
1984,9,3,4,296,-0.3095
1984,9,3,5,273,-0.0092
1984,10,1,1,1526,-3.5036
1984,10,1,2,863,-3.0968
1984,10,1,3,715,-3.1438
1984,10,1,4,639,-3.5788
1984,10,1,5,786,-3.0773
1984,10,2,1,265,-2.3519
1984,10,2,2,214,-2.5955
1984,10,2,3,220,-2.8022
1984,10,2,4,225,-2.1917
1984,10,2,5,283,-0.9072
1984,10,3,1,161,0.4145
1984,10,3,2,188,-0.0055
1984,10,3,3,232,0.2559
1984,10,3,4,255,0.5311
1984,10,3,5,236,-0.6221
1984,11,1,1,1684,-4.9853
1984,11,1,2,1048,-3.7555
1984,11,1,3,826,-3.7745
1984,11,1,4,719,-2.9045
1984,11,1,5,886,-2.9331
1984,11,2,1,299,-4.0585
1984,11,2,2,255,-3.4320
1984,11,2,3,264,-2.4448
1984,11,2,4,259,-1.0048
1984,11,2,5,308,-2.7879
1984,11,3,1,189,-2.1433
1984,11,3,2,215,-1.6954
1984,11,3,3,276,-0.7879
1984,11,3,4,292,-1.3595
1984,11,3,5,267,-1.4943
1984,12,1,1,1680,0.3161
1984,12,1,2,1057,0.3210
1984,12,1,3,832,0.5571
1984,12,1,4,716,-0.0686
1984,12,1,5,888,0.5833
1984,12,2,1,303,1.6971
1984,12,2,2,261,1.3211
1984,12,2,3,266,2.6228
1984,12,2,4,265,2.5756
1984,12,2,5,313,3.1355
1984,12,3,1,182,2.3550
1984,12,3,2,218,2.0439
1984,12,3,3,277,2.0563
1984,12,3,4,293,1.4394
1984,12,3,5,262,2.7692
1985,1,1,1,1490,15.1617
1985,1,1,2,884,14.6099
1985,1,1,3,682,13.6461
1985,1,1,4,589,12.2088
1985,1,1,5,768,13.5314
1985,1,2,1,271,13.8644
1985,1,2,2,215,12.2363
1985,1,2,3,205,11.9798
1985,1,2,4,224,11.1036
1985,1,2,5,260,13.5894
1985,1,3,1,140,10.8210
1985,1,3,2,186,8.7589
1985,1,3,3,224,8.1556
1985,1,3,4,242,7.4668
1985,1,3,5,229,8.6193
1985,2,1,1,1639,3.9019
1985,2,1,2,983,2.9200
1985,2,1,3,749,2.9714
1985,2,1,4,687,4.2244
1985,2,1,5,860,3.3103
1985,2,2,1,288,2.0926
1985,2,2,2,243,1.8631
1985,2,2,3,240,1.3756
1985,2,2,4,237,2.8283
1985,2,2,5,283,2.6238
1985,2,3,1,157,-0.2382
1985,2,3,2,218,-0.1823
1985,2,3,3,260,1.1781
1985,2,3,4,278,2.5560
1985,2,3,5,243,1.7234
1985,3,1,1,1669,-3.0998
1985,3,1,2,972,-3.0145
1985,3,1,3,730,-1.7782
1985,3,1,4,688,-1.0263
1985,3,1,5,866,-2.5855
1985,3,2,1,290,-5.9958
1985,3,2,2,236,-4.0601
1985,3,2,3,233,-3.0044
1985,3,2,4,232,-1.9397
1985,3,2,5,274,-2.1808
1985,3,3,1,161,-1.1183
1985,3,3,2,216,-1.3261
1985,3,3,3,259,0.5434
1985,3,3,4,277,-0.5792
1985,3,3,5,240,-0.1868
1985,4,1,1,1531,-2.7329
1985,4,1,2,827,-2.1147
1985,4,1,3,549,-1.8298
1985,4,1,4,534,-1.2875
1985,4,1,5,735,-1.7460
1985,4,2,1,267,-3.8003
1985,4,2,2,203,-3.5685
1985,4,2,3,182,-2.4082
1985,4,2,4,207,-2.0332
1985,4,2,5,231,-1.4664
1985,4,3,1,132,-1.7975
1985,4,3,2,175,-1.8563
1985,4,3,3,210,-1.4958
1985,4,3,4,217,-0.0149
1985,4,3,5,199,-0.1711
1985,5,1,1,1702,0.9497
1985,5,1,2,971,2.4318
1985,5,1,3,695,2.0115
1985,5,1,4,662,3.3936
1985,5,1,5,894,3.4114
1985,5,2,1,286,2.8294
1985,5,2,2,243,2.7368
1985,5,2,3,241,3.4459
1985,5,2,4,239,4.4085
1985,5,2,5,261,4.0161
1985,5,3,1,156,7.6084
1985,5,3,2,209,6.9014
1985,5,3,3,242,5.3549
1985,5,3,4,260,5.0428
1985,5,3,5,243,6.2071
1985,6,1,1,1727,-0.6322
1985,6,1,2,1015,-1.0175
1985,6,1,3,723,0.1373
1985,6,1,4,692,0.9025
1985,6,1,5,893,0.8752
1985,6,2,1,293,0.3078
1985,6,2,2,249,-0.7431
1985,6,2,3,247,-0.2875
1985,6,2,4,250,0.9804
1985,6,2,5,269,1.1536
1985,6,3,1,162,1.0870
1985,6,3,2,216,1.4292
1985,6,3,3,249,2.2202
1985,6,3,4,268,0.3486
1985,6,3,5,248,1.7167
1985,7,1,1,1594,1.7953
1985,7,1,2,830,3.2595
1985,7,1,3,614,2.7155
1985,7,1,4,596,2.5960
1985,7,1,5,747,3.9228
1985,7,2,1,266,3.2407
1985,7,2,2,219,3.4190
1985,7,2,3,215,4.5502
1985,7,2,4,213,4.2922
1985,7,2,5,228,3.1846
1985,7,3,1,145,-1.0594
1985,7,3,2,180,-0.1586
1985,7,3,3,211,1.1818
1985,7,3,4,231,1.6143
1985,7,3,5,214,-0.8357
1985,8,1,1,1715,-1.8607
1985,8,1,2,1044,-0.8879
1985,8,1,3,795,-1.2410
1985,8,1,4,754,-0.0559
1985,8,1,5,884,-1.1504
1985,8,2,1,308,-2.4805
1985,8,2,2,260,-1.1250
1985,8,2,3,240,-0.9152
1985,8,2,4,256,-1.9898
1985,8,2,5,272,-0.5984
1985,8,3,1,170,-0.3565
1985,8,3,2,217,-0.9025
1985,8,3,3,255,-0.9033
1985,8,3,4,276,-1.0093
1985,8,3,5,260,-0.1279
1985,9,1,1,1698,-6.9668
1985,9,1,2,1081,-6.4828
1985,9,1,3,824,-5.7049
1985,9,1,4,785,-5.0977
1985,9,1,5,920,-5.5361
1985,9,2,1,303,-7.6607
1985,9,2,2,268,-6.6603
1985,9,2,3,249,-6.2291
1985,9,2,4,262,-4.8547
1985,9,2,5,281,-5.0823
1985,9,3,1,170,-3.7869
1985,9,3,2,212,-3.6049
1985,9,3,3,261,-2.1570
1985,9,3,4,282,-2.5504
1985,9,3,5,267,-2.8401
1985,10,1,1,1545,1.4318
1985,10,1,2,969,2.1835
1985,10,1,3,698,2.3328
1985,10,1,4,633,1.8771
1985,10,1,5,829,2.5064
1985,10,2,1,277,4.7426
1985,10,2,2,238,2.6001
1985,10,2,3,217,2.3945
1985,10,2,4,222,3.3316
1985,10,2,5,240,4.4764
1985,10,3,1,143,3.3065
1985,10,3,2,177,3.6372
1985,10,3,3,212,3.0065
1985,10,3,4,240,4.2672
1985,10,3,5,231,4.3829
1985,11,1,1,1715,5.1546
1985,11,1,2,1078,5.3796
1985,11,1,3,812,5.5117
1985,11,1,4,744,5.7404
1985,11,1,5,926,8.2518
1985,11,2,1,295,6.8614
1985,11,2,2,271,6.9730
1985,11,2,3,248,7.6535
1985,11,2,4,246,7.6288
1985,11,2,5,270,8.9502
1985,11,3,1,161,6.3336
1985,11,3,2,199,8.6453
1985,11,3,3,256,8.7282
1985,11,3,4,275,6.9335
1985,11,3,5,261,7.3334
1985,12,1,1,1721,3.0269
1985,12,1,2,1099,4.5725
1985,12,1,3,808,4.4717
1985,12,1,4,731,4.4040
1985,12,1,5,931,3.8150
1985,12,2,1,295,5.0553
1985,12,2,2,273,3.9688
1985,12,2,3,255,3.7962
1985,12,2,4,239,4.4268
1985,12,2,5,272,5.0090
1985,12,3,1,161,4.6710
1985,12,3,2,202,4.0841
1985,12,3,3,260,5.2085
1985,12,3,4,280,5.0035
1985,12,3,5,258,2.8507
1986,1,1,1,1473,3.1433
1986,1,1,2,901,2.0477
1986,1,1,3,660,1.3756
1986,1,1,4,598,2.3273
1986,1,1,5,767,3.1728
1986,1,2,1,258,1.5515
1986,1,2,2,221,0.7090
1986,1,2,3,211,-1.0852
1986,1,2,4,199,0.9228
1986,1,2,5,247,0.9016
1986,1,3,1,131,2.3369
1986,1,3,2,162,2.0706
1986,1,3,3,211,-0.6280
1986,1,3,4,231,-0.7352
1986,1,3,5,220,-0.7020
1986,2,1,1,1622,5.6972
1986,2,1,2,975,5.6441
1986,2,1,3,732,5.2862
1986,2,1,4,655,5.5854
1986,2,1,5,879,6.6486
1986,2,2,1,276,7.8468
1986,2,2,2,242,6.4645
1986,2,2,3,240,6.5370
1986,2,2,4,228,6.6695
1986,2,2,5,277,7.1593
1986,2,3,1,156,8.2489
1986,2,3,2,185,7.9645
1986,2,3,3,229,7.8511
1986,2,3,4,263,7.6783
1986,2,3,5,237,7.3648
1986,3,1,1,1622,4.2867
1986,3,1,2,984,4.4726
1986,3,1,3,739,3.9880
1986,3,1,4,674,3.8593
1986,3,1,5,871,5.0826
1986,3,2,1,278,5.1080
1986,3,2,2,251,5.1294
1986,3,2,3,232,6.7132
1986,3,2,4,235,5.6378
1986,3,2,5,283,5.5720
1986,3,3,1,161,6.3002
1986,3,3,2,188,5.1819
1986,3,3,3,237,4.4267
1986,3,3,4,265,5.3479
1986,3,3,5,237,7.0786
1986,4,1,1,1474,1.7062
1986,4,1,2,784,1.1174
1986,4,1,3,594,2.2164
1986,4,1,4,539,1.2613
1986,4,1,5,747,2.1425
1986,4,2,1,236,1.6335
1986,4,2,2,218,0.5932
1986,4,2,3,201,-0.0632
1986,4,2,4,201,2.0750
1986,4,2,5,250,2.8175
1986,4,3,1,135,-0.9875
1986,4,3,2,156,-0.5436
1986,4,3,3,190,0.1939
1986,4,3,4,216,0.0454
1986,4,3,5,199,0.5553
1986,5,1,1,1673,4.3225
1986,5,1,2,917,3.0960
1986,5,1,3,723,3.6890
1986,5,1,4,631,3.7993
1986,5,1,5,887,5.1960
1986,5,2,1,264,3.1488
1986,5,2,2,267,3.1318
1986,5,2,3,240,4.2761
1986,5,2,4,250,2.7582
1986,5,2,5,297,4.4340
1986,5,3,1,161,6.3052
1986,5,3,2,193,4.2816
1986,5,3,3,223,4.1821
1986,5,3,4,260,6.2239
1986,5,3,5,237,7.2726
1986,6,1,1,1694,-0.7629
1986,6,1,2,933,-0.8765
1986,6,1,3,747,0.0579
1986,6,1,4,642,1.0520
1986,6,1,5,894,1.1610
1986,6,2,1,279,-2.1534
1986,6,2,2,271,-1.6390
1986,6,2,3,245,0.0175
1986,6,2,4,256,-0.7697
1986,6,2,5,296,-0.0219
1986,6,3,1,164,1.9807
1986,6,3,2,204,-0.4682
1986,6,3,3,233,1.0272
1986,6,3,4,268,1.6100
1986,6,3,5,241,1.2411
1986,7,1,1,1509,-10.3142
1986,7,1,2,786,-8.4336
1986,7,1,3,642,-9.0213
1986,7,1,4,530,-8.1511
1986,7,1,5,746,-9.4102
1986,7,2,1,248,-12.3591
1986,7,2,2,249,-9.6247
1986,7,2,3,220,-10.4258
1986,7,2,4,232,-9.0223
1986,7,2,5,264,-9.9023
1986,7,3,1,141,-8.4493
1986,7,3,2,172,-7.5559
1986,7,3,3,198,-6.8529
1986,7,3,4,224,-5.6398
1986,7,3,5,209,-6.5926
1986,8,1,1,1640,0.1138
1986,8,1,2,949,0.7339
1986,8,1,3,816,1.3943
1986,8,1,4,755,2.3633
1986,8,1,5,878,0.4515
1986,8,2,1,293,4.2624
1986,8,2,2,301,3.9720
1986,8,2,3,265,4.8083
1986,8,2,4,280,3.8828
1986,8,2,5,310,3.3429
1986,8,3,1,160,5.8703
1986,8,3,2,201,6.1278
1986,8,3,3,255,7.2331
1986,8,3,4,273,8.0012
1986,8,3,5,254,5.4798
1986,9,1,1,1651,-6.8664
1986,9,1,2,968,-5.6001
1986,9,1,3,831,-5.5230
1986,9,1,4,785,-4.6886
1986,9,1,5,916,-7.2074
1986,9,2,1,296,-7.5921
1986,9,2,2,305,-4.8157
1986,9,2,3,275,-5.3469
1986,9,2,4,290,-5.2956
1986,9,2,5,312,-6.8354
1986,9,3,1,158,-7.7713
1986,9,3,2,206,-7.1883
1986,9,3,3,259,-7.7136
1986,9,3,4,282,-6.9143
1986,9,3,5,266,-8.4611
1986,10,1,1,1463,2.1399
1986,10,1,2,857,2.6902
1986,10,1,3,696,2.9487
1986,10,1,4,695,2.0976
1986,10,1,5,773,3.4257
1986,10,2,1,276,3.8351
1986,10,2,2,264,3.8779
1986,10,2,3,239,3.6087
1986,10,2,4,257,3.3502
1986,10,2,5,267,5.6987
1986,10,3,1,134,7.1140
1986,10,3,2,173,7.8032
1986,10,3,3,224,6.1603
1986,10,3,4,233,5.9482
1986,10,3,5,234,4.5984
1986,11,1,1,1676,-0.8260
1986,11,1,2,985,-0.2704
1986,11,1,3,804,1.2918
1986,11,1,4,781,0.2824
1986,11,1,5,895,-0.3241
1986,11,2,1,307,-0.5682
1986,11,2,2,306,0.5033
1986,11,2,3,282,0.9603
1986,11,2,4,282,0.3001
1986,11,2,5,298,1.3475
1986,11,3,1,155,1.7995
1986,11,3,2,202,1.6585
1986,11,3,3,244,2.8426
1986,11,3,4,261,3.5045
1986,11,3,5,269,2.8021
1986,12,1,1,1668,-4.4989
1986,12,1,2,999,-2.5158
1986,12,1,3,799,-2.8811
1986,12,1,4,802,-2.1688
1986,12,1,5,902,-2.2184
1986,12,2,1,308,-2.8839
1986,12,2,2,309,-2.6884
1986,12,2,3,276,-2.4569
1986,12,2,4,272,-1.0291
1986,12,2,5,306,-2.0574
1986,12,3,1,155,-3.2171
1986,12,3,2,204,-2.8200
1986,12,3,3,245,-1.8035
1986,12,3,4,263,-2.5732
1986,12,3,5,270,-2.7479
1987,1,1,1,1438,10.2235
1987,1,1,2,816,10.5615
1987,1,1,3,599,11.2708
1987,1,1,4,656,12.4049
1987,1,1,5,779,10.2195
1987,1,2,1,257,12.2072
1987,1,2,2,244,13.8708
1987,1,2,3,223,15.0880
1987,1,2,4,213,12.9110
1987,1,2,5,256,12.8702
1987,1,3,1,115,15.1746
1987,1,3,2,156,13.7532
1987,1,3,3,191,15.8333
1987,1,3,4,218,14.0099
1987,1,3,5,229,15.1368
1987,2,1,1,1614,8.7762
1987,2,1,2,922,8.0625
1987,2,1,3,709,8.4469
1987,2,1,4,708,8.4910
1987,2,1,5,843,8.8370
1987,2,2,1,279,8.7044
1987,2,2,2,270,8.0624
1987,2,2,3,246,7.4824
1987,2,2,4,232,8.8094
1987,2,2,5,280,9.6602
1987,2,3,1,132,7.3631
1987,2,3,2,182,6.9367
1987,2,3,3,208,4.9864
1987,2,3,4,245,4.1646
1987,2,3,5,244,5.7844
1987,3,1,1,1653,2.5621
1987,3,1,2,954,4.3527
1987,3,1,3,721,1.0698
1987,3,1,4,697,2.6355
1987,3,1,5,858,3.3716
1987,3,2,1,291,2.5167
1987,3,2,2,279,1.9546
1987,3,2,3,245,1.3121
1987,3,2,4,236,1.5461
1987,3,2,5,284,3.9012
1987,3,3,1,136,1.1320
1987,3,3,2,189,4.6755
1987,3,3,3,214,4.4269
1987,3,3,4,250,4.3515
1987,3,3,5,247,2.8504
1987,4,1,1,1533,-2.3387
1987,4,1,2,794,-2.6053
1987,4,1,3,570,-2.7008
1987,4,1,4,541,-2.7293
1987,4,1,5,729,-2.4685
1987,4,2,1,264,-2.1941
1987,4,2,2,236,-2.1701
1987,4,2,3,207,-1.1771
1987,4,2,4,199,-3.4939
1987,4,2,5,247,-2.7684
1987,4,3,1,113,-0.0754
1987,4,3,2,157,0.4911
1987,4,3,3,172,-0.2142
1987,4,3,4,215,0.2955
1987,4,3,5,209,-1.2369
1987,5,1,1,1715,-0.1864
1987,5,1,2,936,2.8303
1987,5,1,3,698,0.9038
1987,5,1,4,650,0.1940
1987,5,1,5,871,-0.4380
1987,5,2,1,308,-0.5603
1987,5,2,2,263,1.4574
1987,5,2,3,239,0.4701
1987,5,2,4,234,1.1385
1987,5,2,5,288,-0.1924
1987,5,3,1,137,0.7204
1987,5,3,2,186,1.0602
1987,5,3,3,214,1.2514
1987,5,3,4,253,0.8413
1987,5,3,5,238,1.5040
1987,6,1,1,1785,0.7785
1987,6,1,2,955,3.3576
1987,6,1,3,730,3.6337
1987,6,1,4,680,2.8791
1987,6,1,5,896,1.8438
1987,6,2,1,319,2.3643
1987,6,2,2,260,2.2550
1987,6,2,3,242,3.5391
1987,6,2,4,260,3.3408
1987,6,2,5,282,3.6840
1987,6,3,1,144,5.1805
1987,6,3,2,193,5.0642
1987,6,3,3,230,4.5874
1987,6,3,4,259,5.1714
1987,6,3,5,244,3.9475
1987,7,1,1,1596,2.1506
1987,7,1,2,817,3.8229
1987,7,1,3,647,4.1146
1987,7,1,4,580,4.2631
1987,7,1,5,749,3.4183
1987,7,2,1,298,4.5053
1987,7,2,2,224,5.4612
1987,7,2,3,204,3.8086
1987,7,2,4,230,5.2579
1987,7,2,5,256,4.3914
1987,7,3,1,127,8.2697
1987,7,3,2,165,6.2577
1987,7,3,3,199,3.8977
1987,7,3,4,216,5.0362
1987,7,3,5,213,6.4285
1987,8,1,1,1780,0.6188
1987,8,1,2,1015,1.6952
1987,8,1,3,821,1.8350
1987,8,1,4,719,3.5588
1987,8,1,5,925,2.9093
1987,8,2,1,326,2.3754
1987,8,2,2,257,3.0913
1987,8,2,3,262,4.2512
1987,8,2,4,273,4.4423
1987,8,2,5,297,3.6390
1987,8,3,1,147,3.2021
1987,8,3,2,205,2.2588
1987,8,3,3,234,3.6447
1987,8,3,4,265,4.8363
1987,8,3,5,251,4.3037
1987,9,1,1,1796,-1.1093
1987,9,1,2,1025,-0.9684
1987,9,1,3,846,-1.3780
1987,9,1,4,750,-0.7113
1987,9,1,5,971,-0.8560
1987,9,2,1,322,-1.4249
1987,9,2,2,258,-1.0641
1987,9,2,3,272,-1.0846
1987,9,2,4,274,-1.5413
1987,9,2,5,295,-2.3747
1987,9,3,1,145,-2.9136
1987,9,3,2,207,-1.0810
1987,9,3,3,243,-2.1900
1987,9,3,4,270,-2.7733
1987,9,3,5,264,-3.3124
1987,10,1,1,1630,-33.1557
1987,10,1,2,916,-30.4407
1987,10,1,3,731,-30.9358
1987,10,1,4,634,-30.1114
1987,10,1,5,866,-30.1463
1987,10,2,1,283,-34.1734
1987,10,2,2,222,-32.0752
1987,10,2,3,236,-30.4974
1987,10,2,4,244,-30.1174
1987,10,2,5,278,-30.8506
1987,10,3,1,121,-27.2493
1987,10,3,2,180,-25.1763
1987,10,3,3,208,-23.2658
1987,10,3,4,238,-20.8853
1987,10,3,5,231,-23.1919
1987,11,1,1,1866,-7.0880
1987,11,1,2,1060,-4.7028
1987,11,1,3,886,-4.2147
1987,11,1,4,710,-4.0765
1987,11,1,5,944,-5.5484
1987,11,2,1,320,-6.2680
1987,11,2,2,273,-3.6644
1987,11,2,3,280,-4.1864
1987,11,2,4,274,-5.5983
1987,11,2,5,311,-6.1697
1987,11,3,1,134,-6.1337
1987,11,3,2,215,-7.2534
1987,11,3,3,238,-8.1485
1987,11,3,4,264,-8.2054
1987,11,3,5,273,-9.3412
1987,12,1,1,1854,3.3444
1987,12,1,2,1070,4.3336
1987,12,1,3,901,4.9729
1987,12,1,4,710,6.1718
1987,12,1,5,964,6.4482
1987,12,2,1,321,10.0318
1987,12,2,2,281,9.7438
1987,12,2,3,284,12.9406
1987,12,2,4,279,12.8631
1987,12,2,5,312,12.8934
1987,12,3,1,131,9.3974
1987,12,3,2,211,8.7913
1987,12,3,3,243,10.1288
1987,12,3,4,262,7.2055
1987,12,3,5,273,10.1822
1988,1,1,1,1637,7.0317
1988,1,1,2,855,6.0244
1988,1,1,3,734,6.0397
1988,1,1,4,556,5.1405
1988,1,1,5,851,4.2200
1988,1,2,1,266,2.1629
1988,1,2,2,233,3.6209
1988,1,2,3,248,2.2252
1988,1,2,4,218,2.3545
1988,1,2,5,285,0.7269
1988,1,3,1,114,3.8963
1988,1,3,2,173,1.4356
1988,1,3,3,201,2.5739
1988,1,3,4,223,3.7206
1988,1,3,5,238,1.6515
1988,2,1,1,1802,7.0672
1988,2,1,2,993,8.3432
1988,2,1,3,818,7.7818
1988,2,1,4,668,9.3740
1988,2,1,5,920,8.4113
1988,2,2,1,320,10.4376
1988,2,2,2,259,10.3297
1988,2,2,3,270,10.8179
1988,2,2,4,243,11.1971
1988,2,2,5,306,11.0882
1988,2,3,1,120,7.3051
1988,2,3,2,203,7.3023
1988,2,3,3,239,6.6434
1988,2,3,4,247,5.3156
1988,2,3,5,255,5.3544
1988,3,1,1,1816,4.3339
1988,3,1,2,1027,6.0183
1988,3,1,3,837,6.5436
1988,3,1,4,669,7.6213
1988,3,1,5,909,4.8073
1988,3,2,1,320,4.3490
1988,3,2,2,263,3.9150
1988,3,2,3,268,4.6203
1988,3,2,4,248,4.7484
1988,3,2,5,302,5.2243
1988,3,3,1,121,-2.6782
1988,3,3,2,209,-3.3295
1988,3,3,3,241,-1.5904
1988,3,3,4,252,-2.6101
1988,3,3,5,255,-2.5360
1988,4,1,1,1670,1.5678
1988,4,1,2,853,1.8530
1988,4,1,3,684,2.1919
1988,4,1,4,540,2.1891
1988,4,1,5,750,2.4615
1988,4,2,1,290,2.4820
1988,4,2,2,233,2.1578
1988,4,2,3,224,2.2641
1988,4,2,4,216,2.3991
1988,4,2,5,258,1.7718
1988,4,3,1,98,0.7597
1988,4,3,2,162,2.4302
1988,4,3,3,203,2.5516
1988,4,3,4,208,1.3458
1988,4,3,5,213,-0.1689
1988,5,1,1,1856,-3.6744
1988,5,1,2,1009,-2.4837
1988,5,1,3,815,-1.1449
1988,5,1,4,674,-2.2847
1988,5,1,5,891,-1.9006
1988,5,2,1,322,-2.1709
1988,5,2,2,259,-1.8578
1988,5,2,3,263,-2.2475
1988,5,2,4,257,-2.1368
1988,5,2,5,296,-1.0230
1988,5,3,1,129,0.4855
1988,5,3,2,194,-0.4290
1988,5,3,3,244,-0.6193
1988,5,3,4,253,0.0511
1988,5,3,5,246,-0.5306
1988,6,1,1,1847,5.0032
1988,6,1,2,1044,7.3001
1988,6,1,3,827,7.2234
1988,6,1,4,709,6.3728
1988,6,1,5,904,7.2547
1988,6,2,1,319,8.4190
1988,6,2,2,270,7.9132
1988,6,2,3,269,7.5848
1988,6,2,4,262,8.8265
1988,6,2,5,302,8.5376
1988,6,3,1,132,5.1851
1988,6,3,2,204,5.6072
1988,6,3,3,246,4.3991
1988,6,3,4,260,5.2416
1988,6,3,5,249,5.1698
1988,7,1,1,1630,-0.2569
1988,7,1,2,922,-1.1530
1988,7,1,3,692,-0.6559
1988,7,1,4,635,-0.2146
1988,7,1,5,757,0.0709
1988,7,2,1,278,-2.0122
1988,7,2,2,232,-1.8558
1988,7,2,3,238,-1.7853
1988,7,2,4,227,-1.3884
1988,7,2,5,268,-1.6854
1988,7,3,1,119,-0.3670
1988,7,3,2,170,-0.2986
1988,7,3,3,215,-0.6957
1988,7,3,4,221,-1.7610
1988,7,3,5,209,-1.2609
1988,8,1,1,1778,-3.5745
1988,8,1,2,1070,-1.9953
1988,8,1,3,866,-1.7586
1988,8,1,4,805,-2.2185
1988,8,1,5,921,-1.7234
1988,8,2,1,303,-3.2121
1988,8,2,2,269,-2.8614
1988,8,2,3,300,-3.4403
1988,8,2,4,260,-4.3297
1988,8,2,5,298,-3.2489
1988,8,3,1,134,-3.3126
1988,8,3,2,194,-3.8266
1988,8,3,3,247,-3.7947
1988,8,3,4,274,-3.6853
1988,8,3,5,251,-2.8285
1988,9,1,1,1775,1.7333
1988,9,1,2,1063,1.9696
1988,9,1,3,877,3.2753
1988,9,1,4,833,2.9842
1988,9,1,5,942,3.2709
1988,9,2,1,309,1.9654
1988,9,2,2,270,2.6338
1988,9,2,3,299,2.5182
1988,9,2,4,271,3.3000
1988,9,2,5,298,3.9241
1988,9,3,1,136,3.4202
1988,9,3,2,199,3.2533
1988,9,3,3,249,3.4889
1988,9,3,4,275,3.8761
1988,9,3,5,259,4.5177
1988,10,1,1,1594,-2.7380
1988,10,1,2,946,-2.5760
1988,10,1,3,770,-1.2990
1988,10,1,4,719,-1.4487
1988,10,1,5,833,-0.4583
1988,10,2,1,263,-0.8813
1988,10,2,2,244,-1.4134
1988,10,2,3,258,0.1324
1988,10,2,4,242,-1.9081
1988,10,2,5,267,-0.6566
1988,10,3,1,124,2.9299
1988,10,3,2,171,0.9476
1988,10,3,3,203,1.9030
1988,10,3,4,235,2.4445
1988,10,3,5,225,1.9401
1988,11,1,1,1798,-5.3953
1988,11,1,2,1149,-4.0976
1988,11,1,3,888,-4.3647
1988,11,1,4,829,-3.2746
1988,11,1,5,948,-3.4538
1988,11,2,1,306,-3.5128
1988,11,2,2,288,-2.6519
1988,11,2,3,288,-2.9536
1988,11,2,4,285,-3.4154
1988,11,2,5,298,-3.4858
1988,11,3,1,144,-1.2113
1988,11,3,2,189,-2.5738
1988,11,3,3,237,-1.6357
1988,11,3,4,268,-1.5189
1988,11,3,5,255,-1.7303
1988,12,1,1,1802,3.0264
1988,12,1,2,1129,3.9564
1988,12,1,3,878,4.0544
1988,12,1,4,824,3.9389
1988,12,1,5,958,4.1071
1988,12,2,1,299,5.6927
1988,12,2,2,284,5.8082
1988,12,2,3,288,4.8182
1988,12,2,4,276,5.4531
1988,12,2,5,298,5.0165
1988,12,3,1,141,2.1390
1988,12,3,2,184,2.7811
1988,12,3,3,238,2.0316
1988,12,3,4,269,3.0116
1988,12,3,5,253,2.6700
1989,1,1,1,1591,4.5102
1989,1,1,2,910,5.5787
1989,1,1,3,663,4.1576
1989,1,1,4,667,5.3190
1989,1,1,5,820,5.5117
1989,1,2,1,263,5.7843
1989,1,2,2,232,4.4210
1989,1,2,3,239,4.4418
1989,1,2,4,219,4.7608
1989,1,2,5,254,4.9401
1989,1,3,1,103,6.3573
1989,1,3,2,138,5.1551
1989,1,3,3,187,6.7702
1989,1,3,4,227,7.0641
1989,1,3,5,211,7.2777
1989,2,1,1,1725,0.2851
1989,2,1,2,1077,0.8727
1989,2,1,3,778,0.9544
1989,2,1,4,742,0.5085
1989,2,1,5,922,-0.1820
1989,2,2,1,308,1.2621
1989,2,2,2,277,0.4918
1989,2,2,3,265,0.7374
1989,2,2,4,252,0.6226
1989,2,2,5,282,1.6645
1989,2,3,1,123,-0.6142
1989,2,3,2,162,-1.8165
1989,2,3,3,217,-2.2558
1989,2,3,4,247,-2.9082
1989,2,3,5,223,-2.0602
1989,3,1,1,1722,1.7627
1989,3,1,2,1083,3.4479
1989,3,1,3,798,3.3559
1989,3,1,4,739,3.5958
1989,3,1,5,910,3.4838
1989,3,2,1,307,3.0387
1989,3,2,2,265,3.0401
1989,3,2,3,254,2.4730
1989,3,2,4,239,2.4489
1989,3,2,5,283,2.5005
1989,3,3,1,124,1.7408
1989,3,3,2,168,2.3354
1989,3,3,3,224,2.0481
1989,3,3,4,247,1.3168
1989,3,3,5,221,2.8145
1989,4,1,1,1574,2.5446
1989,4,1,2,903,2.5119
1989,4,1,3,625,2.7353
1989,4,1,4,538,3.9027
1989,4,1,5,747,3.4887
1989,4,2,1,275,5.8847
1989,4,2,2,228,4.2465
1989,4,2,3,210,5.6691
1989,4,2,4,197,4.8717
1989,4,2,5,245,6.4852
1989,4,3,1,108,4.9300
1989,4,3,2,133,4.6186
1989,4,3,3,182,5.5093
1989,4,3,4,204,5.0772
1989,4,3,5,193,5.1395
1989,5,1,1,1716,2.8494
1989,5,1,2,1041,2.7537
1989,5,1,3,745,3.4597
1989,5,1,4,675,3.8637
1989,5,1,5,913,4.4985
1989,5,2,1,304,4.6500
1989,5,2,2,274,3.8392
1989,5,2,3,241,4.7467
1989,5,2,4,238,5.0195
1989,5,2,5,280,5.7432
1989,5,3,1,132,4.4353
1989,5,3,2,173,3.1691
1989,5,3,3,210,3.7223
1989,5,3,4,241,3.4164
1989,5,3,5,223,3.8766
1989,6,1,1,1741,-2.6711
1989,6,1,2,1059,-2.0518
1989,6,1,3,784,-0.9585
1989,6,1,4,715,-0.8234
1989,6,1,5,926,-1.8514
1989,6,2,1,312,-3.8383
1989,6,2,2,279,-3.7346
1989,6,2,3,254,-2.0920
1989,6,2,4,240,-2.6166
1989,6,2,5,286,-3.8808
1989,6,3,1,135,-0.8298
1989,6,3,2,178,-0.9606
1989,6,3,3,220,-0.5040
1989,6,3,4,253,-1.2922
1989,6,3,5,229,-2.3914
1989,7,1,1,1521,3.0911
1989,7,1,2,918,2.9721
1989,7,1,3,668,2.5740
1989,7,1,4,609,3.5423
1989,7,1,5,797,4.6890
1989,7,2,1,255,4.5119
1989,7,2,2,244,3.5608
1989,7,2,3,214,4.9106
1989,7,2,4,215,5.3685
1989,7,2,5,260,3.9391
1989,7,3,1,118,8.1624
1989,7,3,2,158,6.8303
1989,7,3,3,195,7.8022
1989,7,3,4,209,8.8605
1989,7,3,5,189,10.6822
1989,8,1,1,1702,1.3834
1989,8,1,2,1058,0.8358
1989,8,1,3,797,2.2316
1989,8,1,4,755,0.9433
1989,8,1,5,948,2.2232
1989,8,2,1,282,3.8783
1989,8,2,2,284,1.5653
1989,8,2,3,253,2.9071
1989,8,2,4,250,3.9691
1989,8,2,5,309,2.7253
1989,8,3,1,145,1.0607
1989,8,3,2,187,3.3186
1989,8,3,3,226,2.2708
1989,8,3,4,252,1.6418
1989,8,3,5,218,1.7819
1989,9,1,1,1704,-0.2746
1989,9,1,2,1077,-0.2897
1989,9,1,3,840,-0.0737
1989,9,1,4,748,0.6740
1989,9,1,5,993,-0.2695
1989,9,2,1,288,-0.1596
1989,9,2,2,288,-0.0887
1989,9,2,3,253,0.5914
1989,9,2,4,255,1.7729
1989,9,2,5,314,1.4557
1989,9,3,1,145,-1.1218
1989,9,3,2,187,-2.1346
1989,9,3,3,230,-0.6839
1989,9,3,4,254,0.0616
1989,9,3,5,230,-0.4073
1989,10,1,1,1530,-6.5418
1989,10,1,2,928,-6.2232
1989,10,1,3,692,-4.6448
1989,10,1,4,636,-5.6954
1989,10,1,5,870,-5.2052
1989,10,2,1,250,-7.7029
1989,10,2,2,252,-6.6246
1989,10,2,3,222,-5.7955
1989,10,2,4,228,-4.7906
1989,10,2,5,276,-5.1649
1989,10,3,1,121,-4.4183
1989,10,3,2,163,-2.6087
1989,10,3,3,201,-2.0260
1989,10,3,4,225,-2.3334
1989,10,3,5,207,-1.2640
1989,11,1,1,1697,-1.2662
1989,11,1,2,1023,-1.2190
1989,11,1,3,834,0.3151
1989,11,1,4,737,-0.0952
1989,11,1,5,993,-0.4949
1989,11,2,1,292,1.0605
1989,11,2,2,269,2.3861
1989,11,2,3,276,1.0421
1989,11,2,4,269,0.5913
1989,11,2,5,291,0.6580
1989,11,3,1,138,1.1820
1989,11,3,2,186,1.6032
1989,11,3,3,235,1.9298
1989,11,3,4,264,2.2132
1989,11,3,5,236,1.9262
1989,12,1,1,1692,-2.0102
1989,12,1,2,1027,-0.8521
1989,12,1,3,842,1.3087
1989,12,1,4,726,0.1538
1989,12,1,5,1013,0.3495
1989,12,2,1,289,-0.7289
1989,12,2,2,268,0.9492
1989,12,2,3,270,1.3962
1989,12,2,4,267,2.0244
1989,12,2,5,293,1.0075
1989,12,3,1,131,-0.0811
1989,12,3,2,194,1.5678
1989,12,3,3,231,4.2683
1989,12,3,4,258,4.1229
1989,12,3,5,230,1.7062
1990,1,1,1,1488,-7.1848
1990,1,1,2,854,-8.0960
1990,1,1,3,709,-7.1820
1990,1,1,4,590,-6.9269
1990,1,1,5,865,-7.5599
1990,1,2,1,250,-9.9970
1990,1,2,2,225,-7.1611
1990,1,2,3,229,-7.1749
1990,1,2,4,222,-8.9628
1990,1,2,5,275,-9.4540
1990,1,3,1,111,-5.5129
1990,1,3,2,145,-7.0942
1990,1,3,3,192,-7.1004
1990,1,3,4,214,-6.3886
1990,1,3,5,200,-6.3576
1990,2,1,1,1610,0.6402
1990,2,1,2,1024,2.5687
1990,2,1,3,800,2.3024
1990,2,1,4,692,2.5294
1990,2,1,5,987,3.3194
1990,2,2,1,280,2.3792
1990,2,2,2,254,1.9439
1990,2,2,3,265,2.8296
1990,2,2,4,259,4.3844
1990,2,2,5,293,5.2320
1990,2,3,1,129,1.6435
1990,2,3,2,177,1.8995
1990,2,3,3,224,1.8029
1990,2,3,4,240,1.6997
1990,2,3,5,209,0.3689
1990,3,1,1,1607,2.9394
1990,3,1,2,1033,2.8850
1990,3,1,3,787,4.4316
1990,3,1,4,698,4.2346
1990,3,1,5,973,5.6248
1990,3,2,1,290,4.9013
1990,3,2,2,264,4.4965
1990,3,2,3,261,5.4615
1990,3,2,4,257,5.1501
1990,3,2,5,291,5.7449
1990,3,3,1,131,3.9078
1990,3,3,2,180,3.3278
1990,3,3,3,226,2.6527
1990,3,3,4,235,3.0795
1990,3,3,5,205,4.1279
1990,4,1,1,1410,-3.0168
1990,4,1,2,855,-2.9224
1990,4,1,3,631,-2.4669
1990,4,1,4,564,-2.0623
1990,4,1,5,821,-1.3903
1990,4,2,1,257,-4.2138
1990,4,2,2,227,-5.4237
1990,4,2,3,223,-2.9448
1990,4,2,4,224,-2.2106
1990,4,2,5,255,-1.1241
1990,4,3,1,111,-2.0380
1990,4,3,2,150,-3.7244
1990,4,3,3,182,-2.6274
1990,4,3,4,202,-0.9573
1990,4,3,5,180,-0.8459
1990,5,1,1,1570,5.6984
1990,5,1,2,993,5.0279
1990,5,1,3,781,5.9581
1990,5,1,4,691,6.7129
1990,5,1,5,954,7.9224
1990,5,2,1,289,7.8499
1990,5,2,2,262,8.1197
1990,5,2,3,258,9.2966
1990,5,2,4,273,9.8371
1990,5,2,5,312,9.4858
1990,5,3,1,135,10.1339
1990,5,3,2,172,8.9306
1990,5,3,3,225,8.9395
1990,5,3,4,244,9.1047
1990,5,3,5,218,11.4199
1990,6,1,1,1588,0.8706
1990,6,1,2,1009,1.5392
1990,6,1,3,792,1.0487
1990,6,1,4,719,2.7143
1990,6,1,5,966,1.9259
1990,6,2,1,297,0.0834
1990,6,2,2,265,-0.8312
1990,6,2,3,278,-0.2190
1990,6,2,4,284,-0.0524
1990,6,2,5,325,1.0820
1990,6,3,1,141,0.6417
1990,6,3,2,189,-0.6147
1990,6,3,3,238,-0.9358
1990,6,3,4,255,-0.7500
1990,6,3,5,226,0.6643
1990,7,1,1,1415,-5.2793
1990,7,1,2,853,-3.3304
1990,7,1,3,656,-4.4410
1990,7,1,4,595,-3.4118
1990,7,1,5,812,-4.9038
1990,7,2,1,267,-5.4846
1990,7,2,2,238,-3.2768
1990,7,2,3,230,-3.0404
1990,7,2,4,250,-4.0055
1990,7,2,5,293,-4.0731
1990,7,3,1,123,-1.6481
1990,7,3,2,161,-0.0614
1990,7,3,3,210,2.0434
1990,7,3,4,216,-0.1804
1990,7,3,5,196,-0.7748
1990,8,1,1,1578,-15.2483
1990,8,1,2,995,-13.6730
1990,8,1,3,808,-13.3910
1990,8,1,4,757,-14.0960
1990,8,1,5,972,-14.6167
1990,8,2,1,302,-15.3511
1990,8,2,2,276,-13.1431
1990,8,2,3,288,-12.5216
1990,8,2,4,317,-13.4594
1990,8,2,5,345,-15.0239
1990,8,3,1,147,-9.9630
1990,8,3,2,194,-8.8638
1990,8,3,3,246,-7.1194
1990,8,3,4,261,-7.6358
1990,8,3,5,234,-9.8758
1990,9,1,1,1585,-9.6213
1990,9,1,2,1020,-7.9874
1990,9,1,3,825,-8.5776
1990,9,1,4,778,-10.0813
1990,9,1,5,1020,-9.7159
1990,9,2,1,296,-10.8746
1990,9,2,2,295,-9.2992
1990,9,2,3,303,-8.2561
1990,9,2,4,323,-9.4477
1990,9,2,5,355,-9.4458
1990,9,3,1,147,-6.3600
1990,9,3,2,198,-5.7153
1990,9,3,3,245,-4.2266
1990,9,3,4,270,-3.8608
1990,9,3,5,248,-4.5240
1990,10,1,1,1460,-7.6984
1990,10,1,2,845,-7.9064
1990,10,1,3,708,-6.8896
1990,10,1,4,651,-5.5954
1990,10,1,5,880,-6.1123
1990,10,2,1,259,-8.3736
1990,10,2,2,251,-7.5357
1990,10,2,3,269,-6.7152
1990,10,2,4,289,-5.0739
1990,10,2,5,326,-5.6435
1990,10,3,1,126,-3.2814
1990,10,3,2,172,-1.3240
1990,10,3,3,210,-1.0739
1990,10,3,4,236,0.2739
1990,10,3,5,220,-0.4160
1990,11,1,1,1631,2.6874
1990,11,1,2,943,4.2094
1990,11,1,3,818,3.9398
1990,11,1,4,759,5.3595
1990,11,1,5,997,5.8141
1990,11,2,1,308,8.9302
1990,11,2,2,294,9.2609
1990,11,2,3,306,8.2230
1990,11,2,4,307,8.7113
1990,11,2,5,349,10.4463
1990,11,3,1,136,7.7670
1990,11,3,2,204,7.9562
1990,11,3,3,241,5.8622
1990,11,3,4,260,4.8505
1990,11,3,5,249,9.1335
1990,12,1,1,1635,-0.9880
1990,12,1,2,937,0.2674
1990,12,1,3,827,1.6271
1990,12,1,4,777,1.7985
1990,12,1,5,1027,1.8125
1990,12,2,1,313,3.7120
1990,12,2,2,298,4.2298
1990,12,2,3,307,6.0334
1990,12,2,4,315,5.7205
1990,12,2,5,350,7.3941
1990,12,3,1,141,3.4878
1990,12,3,2,206,2.9342
1990,12,3,3,248,2.6104
1990,12,3,4,266,2.4215
1990,12,3,5,250,3.6007
1991,1,1,1,1420,8.2540
1991,1,1,2,803,9.6094
1991,1,1,3,633,8.8500
1991,1,1,4,636,11.3174
1991,1,1,5,898,11.5645
1991,1,2,1,270,7.9216
1991,1,2,2,235,8.1109
1991,1,2,3,246,7.7771
1991,1,2,4,260,7.7977
1991,1,2,5,315,13.4841
1991,1,3,1,111,8.0221
1991,1,3,2,166,5.3834
1991,1,3,3,197,3.7069
1991,1,3,4,214,4.2670
1991,1,3,5,211,5.8828
1991,2,1,1,1570,13.2377
1991,2,1,2,922,12.0396
1991,2,1,3,737,12.5203
1991,2,1,4,731,12.3321
1991,2,1,5,982,13.1812
1991,2,2,1,307,9.7226
1991,2,2,2,268,10.3460
1991,2,2,3,300,10.1850
1991,2,2,4,277,11.8167
1991,2,2,5,323,10.5996
1991,2,3,1,124,7.8862
1991,2,3,2,192,8.8968
1991,2,3,3,230,6.9859
1991,2,3,4,252,6.1669
1991,2,3,5,226,8.1442
1991,3,1,1,1571,8.2953
1991,3,1,2,921,6.6840
1991,3,1,3,740,6.9398
1991,3,1,4,731,9.2383
1991,3,1,5,965,9.8054
1991,3,2,1,314,6.1754
1991,3,2,2,275,5.0756
1991,3,2,3,292,4.6364
1991,3,2,4,275,6.4330
1991,3,2,5,314,7.7662
1991,3,3,1,128,2.4260
1991,3,3,2,190,2.0129
1991,3,3,3,241,1.7332
1991,3,3,4,251,2.1417
1991,3,3,5,219,3.6090
1991,4,1,1,1416,1.1926
1991,4,1,2,774,1.1278
1991,4,1,3,600,0.3673
1991,4,1,4,591,0.4157
1991,4,1,5,807,0.8041
1991,4,2,1,280,-0.6309
1991,4,2,2,245,0.2271
1991,4,2,3,258,0.3173
1991,4,2,4,226,0.0325
1991,4,2,5,287,-0.5145
1991,4,3,1,113,0.9011
1991,4,3,2,158,2.2566
1991,4,3,3,202,0.8813
1991,4,3,4,221,-0.7833
1991,4,3,5,196,-0.9155
1991,5,1,1,1545,2.7726
1991,5,1,2,921,3.0394
1991,5,1,3,763,2.5153
1991,5,1,4,757,4.9769
1991,5,1,5,974,3.7301
1991,5,2,1,319,5.5671
1991,5,2,2,287,3.9358
1991,5,2,3,297,3.8843
1991,5,2,4,297,4.6567
1991,5,2,5,342,3.4283
1991,5,3,1,132,6.1983
1991,5,3,2,183,4.3068
1991,5,3,3,244,4.4807
1991,5,3,4,273,2.7249
1991,5,3,5,243,4.7314
1991,6,1,1,1595,-3.9306
1991,6,1,2,943,-4.0994
1991,6,1,3,786,-3.7203
1991,6,1,4,793,-5.0784
1991,6,1,5,975,-5.2719
1991,6,2,1,331,-4.3291
1991,6,2,2,311,-4.1818
1991,6,2,3,318,-5.8040
1991,6,2,4,310,-4.1875
1991,6,2,5,351,-5.2623
1991,6,3,1,142,-4.6368
1991,6,3,2,197,-4.9943
1991,6,3,3,250,-5.1024
1991,6,3,4,275,-4.2375
1991,6,3,5,243,-4.5969
1991,7,1,1,1396,2.5496
1991,7,1,2,799,2.0857
1991,7,1,3,677,2.4141
1991,7,1,4,679,2.5559
1991,7,1,5,836,4.1296
1991,7,2,1,297,3.5991
1991,7,2,2,275,3.5881
1991,7,2,3,290,3.6867
1991,7,2,4,270,5.0229
1991,7,2,5,290,4.2799
1991,7,3,1,130,5.3560
1991,7,3,2,174,5.0093
1991,7,3,3,213,4.0358
1991,7,3,4,240,4.9177
1991,7,3,5,217,6.0950
1991,8,1,1,1547,2.4707
1991,8,1,2,952,2.1804
1991,8,1,3,817,2.8503
1991,8,1,4,813,1.9986
1991,8,1,5,976,4.3233
1991,8,2,1,323,3.6340
1991,8,2,2,314,2.0308
1991,8,2,3,336,2.9706
1991,8,2,4,320,3.7280
1991,8,2,5,335,4.0246
1991,8,3,1,153,3.0591
1991,8,3,2,210,1.3239
1991,8,3,3,255,2.9236
1991,8,3,4,275,2.3781
1991,8,3,5,264,3.2862
1991,9,1,1,1541,2.2415
1991,9,1,2,976,0.3663
1991,9,1,3,845,1.0948
1991,9,1,4,840,0.2843
1991,9,1,5,1023,1.1607
1991,9,2,1,328,0.5977
1991,9,2,2,322,-0.6521
1991,9,2,3,351,0.1588
1991,9,2,4,323,-1.0503
1991,9,2,5,357,-0.3327
1991,9,3,1,156,-2.7196
1991,9,3,2,208,-2.8568
1991,9,3,3,262,-2.0650
1991,9,3,4,286,-2.0872
1991,9,3,5,282,-1.6770
1991,10,1,1,1368,2.5646
1991,10,1,2,837,3.0098
1991,10,1,3,718,3.1411
1991,10,1,4,733,2.3990
1991,10,1,5,891,4.8752
1991,10,2,1,296,1.1305
1991,10,2,2,266,0.9164
1991,10,2,3,289,1.2038
1991,10,2,4,293,1.9504
1991,10,2,5,308,2.0477
1991,10,3,1,136,0.7924
1991,10,3,2,181,1.0298
1991,10,3,3,226,1.4980
1991,10,3,4,244,1.4527
1991,10,3,5,249,2.7555
1991,11,1,1,1539,-3.0505
1991,11,1,2,912,-3.2175
1991,11,1,3,775,-2.7117
1991,11,1,4,841,-3.0604
1991,11,1,5,1005,-3.9086
1991,11,2,1,318,-6.1942
1991,11,2,2,302,-5.7162
1991,11,2,3,313,-6.0881
1991,11,2,4,315,-5.3185
1991,11,2,5,357,-5.4181
1991,11,3,1,156,-4.7963
1991,11,3,2,206,-6.0726
1991,11,3,3,258,-4.5246
1991,11,3,4,269,-3.3392
1991,11,3,5,276,-1.7211
1991,12,1,1,1540,2.4959
1991,12,1,2,905,4.3074
1991,12,1,3,755,4.5537
1991,12,1,4,857,5.3270
1991,12,1,5,1024,4.8232
1991,12,2,1,322,7.6614
1991,12,2,2,302,8.0454
1991,12,2,3,310,7.6163
1991,12,2,4,314,10.0496
1991,12,2,5,357,11.2640
1991,12,3,1,151,10.8859
1991,12,3,2,210,10.6585
1991,12,3,3,261,10.0793
1991,12,3,4,276,11.6976
1991,12,3,5,280,13.5521
1992,1,1,1,1334,14.1043
1992,1,1,2,737,13.4545
1992,1,1,3,581,12.0143
1992,1,1,4,684,12.3643
1992,1,1,5,883,14.7778
1992,1,2,1,278,8.3930
1992,1,2,2,244,6.9959
1992,1,2,3,249,5.9460
1992,1,2,4,265,7.4928
1992,1,2,5,322,8.3116
1992,1,3,1,126,2.2905
1992,1,3,2,172,-0.0104
1992,1,3,3,206,-0.1193
1992,1,3,4,223,-1.7214
1992,1,3,5,233,-3.0087
1992,2,1,1,1485,3.6371
1992,2,1,2,854,5.6628
1992,2,1,3,698,5.0764
1992,2,1,4,754,6.6984
1992,2,1,5,999,4.7810
1992,2,2,1,312,2.9162
1992,2,2,2,281,2.6159
1992,2,2,3,285,4.9636
1992,2,2,4,296,3.2121
1992,2,2,5,351,2.5977
1992,2,3,1,146,0.1525
1992,2,3,2,201,1.6871
1992,2,3,3,244,0.2189
1992,2,3,4,254,1.5738
1992,2,3,5,253,0.8084
1992,3,1,1,1476,-3.0250
1992,3,1,2,857,-1.7348
1992,3,1,3,701,-1.4524
1992,3,1,4,750,-2.3892
1992,3,1,5,974,-3.0862
1992,3,2,1,319,-4.1173
1992,3,2,2,289,-3.9808
1992,3,2,3,285,-4.0074
1992,3,2,4,295,-3.7512
1992,3,2,5,354,-5.9151
1992,3,3,1,156,-3.9140
1992,3,3,2,206,-0.8741
1992,3,3,3,257,-2.2882
1992,3,3,4,258,-1.2923
1992,3,3,5,250,-3.4067
1992,4,1,1,1333,-7.1589
1992,4,1,2,709,-4.7976
1992,4,1,3,562,-3.2802
1992,4,1,4,630,-3.9883
1992,4,1,5,824,-6.1890
1992,4,2,1,278,-4.7850
1992,4,2,2,247,-3.3183
1992,4,2,3,244,-3.4772
1992,4,2,4,259,-2.5494
1992,4,2,5,304,-4.3265
1992,4,3,1,133,-1.1507
1992,4,3,2,168,3.2972
1992,4,3,3,213,5.1075
1992,4,3,4,225,3.0401
1992,4,3,5,219,-0.4519
1992,5,1,1,1500,-1.0628
1992,5,1,2,868,0.7154
1992,5,1,3,679,0.2153
1992,5,1,4,780,-0.6769
1992,5,1,5,976,-0.7648
1992,5,2,1,314,-1.1064
1992,5,2,2,289,0.5448
1992,5,2,3,289,0.5743
1992,5,2,4,312,1.4486
1992,5,2,5,341,-0.5489
1992,5,3,1,153,0.8850
1992,5,3,2,195,1.0189
1992,5,3,3,248,-0.0485
1992,5,3,4,273,0.1177
1992,5,3,5,263,0.7287
1992,6,1,1,1514,-7.3180
1992,6,1,2,878,-4.5642
1992,6,1,3,692,-4.9670
1992,6,1,4,787,-5.6627
1992,6,1,5,978,-7.3277
1992,6,2,1,329,-5.4549
1992,6,2,2,287,-3.8263
1992,6,2,3,298,-4.7509
1992,6,2,4,331,-4.2235
1992,6,2,5,351,-4.5625
1992,6,3,1,162,-1.9051
1992,6,3,2,207,-2.4795
1992,6,3,3,250,-2.4468
1992,6,3,4,279,-2.8954
1992,6,3,5,272,-3.7826
1992,7,1,1,1307,0.2188
1992,7,1,2,714,2.2017
1992,7,1,3,599,2.8696
1992,7,1,4,653,1.2721
1992,7,1,5,827,1.3491
1992,7,2,1,294,3.5873
1992,7,2,2,248,3.9047
1992,7,2,3,266,2.0173
1992,7,2,4,301,3.8742
1992,7,2,5,299,2.9564
1992,7,3,1,138,3.6764
1992,7,3,2,185,2.2272
1992,7,3,3,208,4.3210
1992,7,3,4,241,4.9028
1992,7,3,5,243,4.8397
1992,8,1,1,1483,-3.7375
1992,8,1,2,859,-2.5021
1992,8,1,3,725,-2.3984
1992,8,1,4,776,-3.1367
1992,8,1,5,972,-2.4827
1992,8,2,1,324,-4.1068
1992,8,2,2,286,-2.0091
1992,8,2,3,284,-3.4014
1992,8,2,4,358,-2.9985
1992,8,2,5,355,-1.6364
1992,8,3,1,165,-1.1558
1992,8,3,2,214,-2.0883
1992,8,3,3,259,-0.6923
1992,8,3,4,278,-1.9542
1992,8,3,5,288,-1.8578
1992,9,1,1,1474,0.5343
1992,9,1,2,861,1.9213
1992,9,1,3,712,1.0536
1992,9,1,4,773,1.1384
1992,9,1,5,1009,1.9886
1992,9,2,1,330,0.8735
1992,9,2,2,287,1.2585
1992,9,2,3,288,1.0308
1992,9,2,4,361,3.2793
1992,9,2,5,356,3.8821
1992,9,3,1,168,1.0788
1992,9,3,2,224,0.8610
1992,9,3,3,255,2.3693
1992,9,3,4,278,0.6647
1992,9,3,5,294,-0.0282
1992,10,1,1,1329,1.7638
1992,10,1,2,718,0.9134
1992,10,1,3,563,2.0020
1992,10,1,4,687,2.7281
1992,10,1,5,867,4.0916
1992,10,2,1,301,2.8328
1992,10,2,2,247,0.5980
1992,10,2,3,230,3.2189
1992,10,2,4,318,2.9151
1992,10,2,5,333,6.2948
1992,10,3,1,149,2.3939
1992,10,3,2,193,0.7777
1992,10,3,3,220,-0.3682
1992,10,3,4,237,0.3813
1992,10,3,5,261,1.9000
1992,11,1,1,1514,9.1190
1992,11,1,2,820,8.8586
1992,11,1,3,668,8.9216
1992,11,1,4,784,8.8971
1992,11,1,5,990,10.7784
1992,11,2,1,341,7.4941
1992,11,2,2,265,5.3761
1992,11,2,3,278,6.4024
1992,11,2,4,341,7.8916
1992,11,2,5,372,9.1927
1992,11,3,1,159,4.8473
1992,11,3,2,227,4.0463
1992,11,3,3,244,2.6637
1992,11,3,4,269,3.0113
1992,11,3,5,291,3.9473
1992,12,1,1,1514,2.2624
1992,12,1,2,817,4.3398
1992,12,1,3,679,3.4948
1992,12,1,4,790,3.7866
1992,12,1,5,1012,3.1223
1992,12,2,1,348,2.0174
1992,12,2,2,270,3.4794
1992,12,2,3,280,3.4276
1992,12,2,4,343,2.5451
1992,12,2,5,374,3.1556
1992,12,3,1,153,0.4973
1992,12,3,2,234,0.2740
1992,12,3,3,246,1.7900
1992,12,3,4,265,1.3068
1992,12,3,5,299,-0.7729
1993,1,1,1,1316,5.1918
1993,1,1,2,668,6.1283
1993,1,1,3,535,6.1951
1993,1,1,4,621,5.4076
1993,1,1,5,859,5.8132
1993,1,2,1,285,2.2277
1993,1,2,2,226,2.5852
1993,1,2,3,226,2.5997
1993,1,2,4,274,1.8711
1993,1,2,5,331,1.5366
1993,1,3,1,129,2.6513
1993,1,3,2,194,1.2438
1993,1,3,3,205,0.6533
1993,1,3,4,205,-0.2230
1993,1,3,5,259,-2.3718
1993,2,1,1,1487,-3.8683
1993,2,1,2,795,-3.2674
1993,2,1,3,658,-2.8543
1993,2,1,4,703,-2.4286
1993,2,1,5,969,-2.8013
1993,2,2,1,328,-4.4341
1993,2,2,2,261,-0.7412
1993,2,2,3,287,-1.4843
1993,2,2,4,308,-1.0703
1993,2,2,5,358,-4.4125
1993,2,3,1,153,-0.2055
1993,2,3,2,219,1.2957
1993,2,3,3,240,1.7315
1993,2,3,4,254,0.6226
1993,2,3,5,275,-2.1117
1993,3,1,1,1518,1.4992
1993,3,1,2,798,1.7052
1993,3,1,3,660,3.1628
1993,3,1,4,714,2.5130
1993,3,1,5,966,2.1130
1993,3,2,1,329,3.8018
1993,3,2,2,255,2.5012
1993,3,2,3,287,2.9350
1993,3,2,4,301,1.4738
1993,3,2,5,363,2.3797
1993,3,3,1,164,2.4007
1993,3,3,2,218,2.3345
1993,3,3,3,244,1.7011
1993,3,3,4,255,2.4869
1993,3,3,5,271,1.2773
1993,4,1,1,1375,-2.6316
1993,4,1,2,653,-2.3882
1993,4,1,3,559,-1.7952
1993,4,1,4,594,-3.0555
1993,4,1,5,839,-4.0589
1993,4,2,1,294,-3.6873
1993,4,2,2,212,-2.1592
1993,4,2,3,256,-3.1802
1993,4,2,4,239,-2.8370
1993,4,2,5,325,-5.0589
1993,4,3,1,139,-5.5077
1993,4,3,2,180,-3.0252
1993,4,3,3,200,-2.2345
1993,4,3,4,226,-3.4259
1993,4,3,5,249,-3.1071
1993,5,1,1,1570,5.3944
1993,5,1,2,803,4.7935
1993,5,1,3,721,4.2306
1993,5,1,4,793,3.5355
1993,5,1,5,987,5.6202
1993,5,2,1,338,5.8177
1993,5,2,2,271,6.0416
1993,5,2,3,306,4.9003
1993,5,2,4,321,7.2077
1993,5,2,5,362,7.2252
1993,5,3,1,167,4.6234
1993,5,3,2,209,4.3284
1993,5,3,3,245,3.4574
1993,5,3,4,281,3.2281
1993,5,3,5,303,4.3734
1993,6,1,1,1615,-0.3696
1993,6,1,2,850,-0.9209
1993,6,1,3,760,0.3160
1993,6,1,4,817,0.0007
1993,6,1,5,985,-0.1757
1993,6,2,1,343,-1.4114
1993,6,2,2,300,-0.0136
1993,6,2,3,321,-0.1540
1993,6,2,4,345,-0.6512
1993,6,2,5,373,0.2368
1993,6,3,1,173,-2.1277
1993,6,3,2,220,-1.1969
1993,6,3,3,266,-0.2306
1993,6,3,4,290,-1.3030
1993,6,3,5,313,-1.4885
1993,7,1,1,1425,-0.8350
1993,7,1,2,727,1.4891
1993,7,1,3,655,0.7196
1993,7,1,4,697,0.9518
1993,7,1,5,823,0.2805
1993,7,2,1,300,0.5804
1993,7,2,2,269,1.6597
1993,7,2,3,280,-0.6921
1993,7,2,4,290,0.1541
1993,7,2,5,347,0.9281
1993,7,3,1,158,-1.3327
1993,7,3,2,194,-0.0850
1993,7,3,3,221,-0.8620
1993,7,3,4,253,-1.3893
1993,7,3,5,271,-4.4558
1993,8,1,1,1641,3.9083
1993,8,1,2,884,3.1066
1993,8,1,3,846,2.9078
1993,8,1,4,892,4.3435
1993,8,1,5,1017,5.4614
1993,8,2,1,325,5.7620
1993,8,2,2,320,4.0537
1993,8,2,3,336,3.2991
1993,8,2,4,359,4.6998
1993,8,2,5,390,5.7792
1993,8,3,1,208,4.7985
1993,8,3,2,227,4.2852
1993,8,3,3,275,3.5971
1993,8,3,4,308,3.9542
1993,8,3,5,311,4.9233
1993,9,1,1,1634,3.8944
1993,9,1,2,921,3.0136
1993,9,1,3,883,1.8165
1993,9,1,4,947,1.6880
1993,9,1,5,1044,2.8363
1993,9,2,1,332,2.8318
1993,9,2,2,325,2.2244
1993,9,2,3,337,0.5415
1993,9,2,4,372,1.9381
1993,9,2,5,409,3.6988
1993,9,3,1,212,-0.2346
1993,9,3,2,247,-1.8381
1993,9,3,3,284,-1.1443
1993,9,3,4,329,-1.7051
1993,9,3,5,321,0.3777
1993,10,1,1,1484,5.1113
1993,10,1,2,794,4.1750
1993,10,1,3,756,3.6411
1993,10,1,4,833,4.7658
1993,10,1,5,875,5.3331
1993,10,2,1,302,3.0018
1993,10,2,2,282,2.9923
1993,10,2,3,279,2.4941
1993,10,2,4,333,1.5929
1993,10,2,5,354,2.2878
1993,10,3,1,190,4.1652
1993,10,3,2,212,2.6358
1993,10,3,3,246,1.7925
1993,10,3,4,291,2.9077
1993,10,3,5,295,2.9639
1993,11,1,1,1682,-3.4970
1993,11,1,2,938,-2.5865
1993,11,1,3,827,-2.1542
1993,11,1,4,944,-1.7994
1993,11,1,5,1024,-1.8553
1993,11,2,1,356,-2.1115
1993,11,2,2,312,-1.4182
1993,11,2,3,308,-1.0888
1993,11,2,4,370,-2.2259
1993,11,2,5,389,-3.0668
1993,11,3,1,212,-1.1848
1993,11,3,2,239,0.8465
1993,11,3,3,280,-0.9293
1993,11,3,4,328,-1.0247
1993,11,3,5,319,1.0897
1993,12,1,1,1689,0.2071
1993,12,1,2,937,0.7298
1993,12,1,3,836,2.4894
1993,12,1,4,944,0.8174
1993,12,1,5,1057,1.5406
1993,12,2,1,358,3.5075
1993,12,2,2,298,4.0252
1993,12,2,3,309,5.6611
1993,12,2,4,358,4.4664
1993,12,2,5,390,4.3011
1993,12,3,1,212,1.2884
1993,12,3,2,248,-0.3644
1993,12,3,3,287,1.3817
1993,12,3,4,329,1.9990
1993,12,3,5,321,1.2635
1994,1,1,1,1459,4.2535
1994,1,1,2,743,3.8181
1994,1,1,3,657,5.8931
1994,1,1,4,728,5.7531
1994,1,1,5,945,5.8469
1994,1,2,1,313,0.2910
1994,1,2,2,238,4.8754
1994,1,2,3,234,2.1939
1994,1,2,4,279,2.2998
1994,1,2,5,349,3.1293
1994,1,3,1,170,1.0168
1994,1,3,2,191,4.2651
1994,1,3,3,233,3.9878
1994,1,3,4,256,3.0952
1994,1,3,5,282,2.0131
1994,2,1,1,1604,-1.5848
1994,2,1,2,900,0.3010
1994,2,1,3,751,1.0655
1994,2,1,4,801,1.1057
1994,2,1,5,1028,-0.0746
1994,2,2,1,349,-1.7224
1994,2,2,2,294,0.1116
1994,2,2,3,271,0.3421
1994,2,2,4,302,0.6905
1994,2,2,5,355,1.4249
1994,2,3,1,197,-0.9239
1994,2,3,2,230,-0.9187
1994,2,3,3,255,-2.2068
1994,2,3,4,293,-1.7647
1994,2,3,5,297,-1.0616
1994,3,1,1,1617,-5.2740
1994,3,1,2,912,-3.9740
1994,3,1,3,736,-4.8114
1994,3,1,4,800,-4.9562
1994,3,1,5,997,-5.4010
1994,3,2,1,356,-6.4201
1994,3,2,2,308,-4.0954
1994,3,2,3,276,-5.4770
1994,3,2,4,313,-5.7565
1994,3,2,5,359,-5.7058
1994,3,3,1,201,-4.9375
1994,3,3,2,231,-5.0664
1994,3,3,3,264,-3.4853
1994,3,3,4,299,-4.7359
1994,3,3,5,304,-3.9827
1994,4,1,1,1468,-2.3299
1994,4,1,2,747,-1.1172
1994,4,1,3,572,0.1071
1994,4,1,4,635,-0.6352
1994,4,1,5,826,-0.9006
1994,4,2,1,327,-1.8769
1994,4,2,2,260,0.1293
1994,4,2,3,231,0.3947
1994,4,2,4,262,0.1707
1994,4,2,5,302,0.0571
1994,4,3,1,180,-1.3255
1994,4,3,2,190,-0.3392
1994,4,3,3,230,1.8604
1994,4,3,4,247,1.2808
1994,4,3,5,273,0.4686
1994,5,1,1,1682,-1.6220
1994,5,1,2,921,-0.2546
1994,5,1,3,719,0.4140
1994,5,1,4,825,-1.9120
1994,5,1,5,994,-1.0760
1994,5,2,1,377,-2.8355
1994,5,2,2,304,-1.3240
1994,5,2,3,301,-1.1055
1994,5,2,4,333,-2.1734
1994,5,2,5,352,-2.4324
1994,5,3,1,202,0.8048
1994,5,3,2,232,0.2455
1994,5,3,3,276,1.5516
1994,5,3,4,313,1.2100
1994,5,3,5,325,1.4872
1994,6,1,1,1711,-5.3541
1994,6,1,2,957,-3.1736
1994,6,1,3,771,-2.7734
1994,6,1,4,858,-3.7728
1994,6,1,5,1009,-3.9995
1994,6,2,1,387,-4.4067
1994,6,2,2,320,-3.1926
1994,6,2,3,311,-1.8680
1994,6,2,4,353,-2.2545
1994,6,2,5,367,-4.1336
1994,6,3,1,209,-3.8226
1994,6,3,2,247,-1.1459
1994,6,3,3,293,-3.3930
1994,6,3,4,329,-2.4712
1994,6,3,5,330,-2.9956
1994,7,1,1,1519,1.3854
1994,7,1,2,827,1.5029
1994,7,1,3,666,1.3452
1994,7,1,4,738,1.3328
1994,7,1,5,865,2.0039
1994,7,2,1,346,1.7458
1994,7,2,2,293,2.3192
1994,7,2,3,270,2.3918
1994,7,2,4,314,2.4017
1994,7,2,5,332,1.7412
1994,7,3,1,174,2.3659
1994,7,3,2,215,4.6776
1994,7,3,3,247,3.9483
1994,7,3,4,284,2.3054
1994,7,3,5,281,3.1098
1994,8,1,1,1794,2.6218
1994,8,1,2,1001,3.1257
1994,8,1,3,855,3.8234
1994,8,1,4,910,4.1011
1994,8,1,5,1071,5.8810
1994,8,2,1,393,7.7357
1994,8,2,2,343,5.8738
1994,8,2,3,327,5.6643
1994,8,2,4,368,6.5295
1994,8,2,5,398,9.2999
1994,8,3,1,214,5.1739
1994,8,3,2,266,5.0218
1994,8,3,3,298,3.6356
1994,8,3,4,337,5.2498
1994,8,3,5,324,7.8739
1994,9,1,1,1803,1.3500
1994,9,1,2,1014,1.9882
1994,9,1,3,884,1.4822
1994,9,1,4,944,2.2100
1994,9,1,5,1116,2.7867
1994,9,2,1,396,-0.0469
1994,9,2,2,354,-0.5115
1994,9,2,3,333,-0.9919
1994,9,2,4,377,0.0873
1994,9,2,5,419,-0.0879
1994,9,3,1,225,-1.8537
1994,9,3,2,267,-0.3753
1994,9,3,3,305,-1.7858
1994,9,3,4,346,-1.5293
1994,9,3,5,339,-0.4260
1994,10,1,1,1648,-0.5201
1994,10,1,2,842,0.5787
1994,10,1,3,750,1.5425
1994,10,1,4,823,2.6451
1994,10,1,5,960,3.3993
1994,10,2,1,348,-0.2354
1994,10,2,2,297,-0.5697
1994,10,2,3,285,0.3719
1994,10,2,4,329,1.7024
1994,10,2,5,372,2.2883
1994,10,3,1,188,1.7661
1994,10,3,2,224,0.3441
1994,10,3,3,266,2.5036
1994,10,3,4,300,3.3006
1994,10,3,5,311,3.9408
1994,11,1,1,1867,-4.8299
1994,11,1,2,1007,-3.2045
1994,11,1,3,897,-2.6249
1994,11,1,4,906,-2.7631
1994,11,1,5,1143,-1.7269
1994,11,2,1,396,-4.5951
1994,11,2,2,347,-4.6058
1994,11,2,3,320,-2.7205
1994,11,2,4,378,-3.7905
1994,11,2,5,423,-2.8395
1994,11,3,1,209,-5.5296
1994,11,3,2,260,-4.6598
1994,11,3,3,313,-4.1021
1994,11,3,4,337,-3.8614
1994,11,3,5,342,-0.8678
1994,12,1,1,1860,-2.7499
1994,12,1,2,1009,-1.1451
1994,12,1,3,888,0.3062
1994,12,1,4,897,0.0658
1994,12,1,5,1160,0.0581
1994,12,2,1,395,-1.2248
1994,12,2,2,343,2.1458
1994,12,2,3,317,2.9766
1994,12,2,4,370,2.8558
1994,12,2,5,427,3.7491
1994,12,3,1,206,1.0553
1994,12,3,2,262,0.9705
1994,12,3,3,320,0.6355
1994,12,3,4,334,1.1092
1994,12,3,5,347,1.2812
1995,1,1,1,1628,1.1967
1995,1,1,2,807,1.7375
1995,1,1,3,716,1.2694
1995,1,1,4,698,1.5440
1995,1,1,5,1004,1.9201
1995,1,2,1,352,-2.9995
1995,1,2,2,289,-3.4180
1995,1,2,3,253,-1.6684
1995,1,2,4,300,-1.2047
1995,1,2,5,393,-2.2197
1995,1,3,1,169,1.3296
1995,1,3,2,215,0.5569
1995,1,3,3,257,0.9926
1995,1,3,4,277,1.1463
1995,1,3,5,299,2.0736
1995,2,1,1,1808,1.6351
1995,2,1,2,980,2.5051
1995,2,1,3,834,2.8997
1995,2,1,4,809,2.8334
1995,2,1,5,1146,3.4866
1995,2,2,1,384,2.3375
1995,2,2,2,329,4.1099
1995,2,2,3,293,3.4011
1995,2,2,4,341,3.2003
1995,2,2,5,405,5.2700
1995,2,3,1,196,3.3042
1995,2,3,2,260,4.1271
1995,2,3,3,300,4.0444
1995,2,3,4,306,3.6922
1995,2,3,5,327,4.5486
1995,3,1,1,1803,0.8266
1995,3,1,2,1002,2.3158
1995,3,1,3,824,1.4215
1995,3,1,4,792,1.2285
1995,3,1,5,1133,2.8762
1995,3,2,1,384,0.8930
1995,3,2,2,328,3.4199
1995,3,2,3,295,2.0064
1995,3,2,4,325,3.5717
1995,3,2,5,407,3.7547
1995,3,3,1,204,3.6486
1995,3,3,2,266,3.4804
1995,3,3,3,291,3.7571
1995,3,3,4,305,3.7973
1995,3,3,5,328,3.5806
1995,4,1,1,1622,2.0452
1995,4,1,2,864,2.4838
1995,4,1,3,662,3.1565
1995,4,1,4,620,2.9920
1995,4,1,5,943,4.4858
1995,4,2,1,338,1.3789
1995,4,2,2,278,1.9124
1995,4,2,3,256,2.5949
1995,4,2,4,279,3.0936
1995,4,2,5,367,1.7018
1995,4,3,1,164,0.8655
1995,4,3,2,213,0.2994
1995,4,3,3,246,2.6969
1995,4,3,4,253,2.9941
1995,4,3,5,290,4.6929
1995,5,1,1,1732,1.6445
1995,5,1,2,1098,1.1669
1995,5,1,3,845,2.6840
1995,5,1,4,787,1.6174
1995,5,1,5,1134,1.7299
1995,5,2,1,379,-0.0665
1995,5,2,2,328,1.5615
1995,5,2,3,309,0.9396
1995,5,2,4,349,1.0334
1995,5,2,5,409,1.4501
1995,5,3,1,220,2.2729
1995,5,3,2,258,2.5996
1995,5,3,3,296,3.1870
1995,5,3,4,311,3.7944
1995,5,3,5,346,3.7348
1995,6,1,1,1781,6.2426
1995,6,1,2,1138,4.6971
1995,6,1,3,882,5.3615
1995,6,1,4,813,5.0357
1995,6,1,5,1144,7.8366
1995,6,2,1,392,5.9234
1995,6,2,2,342,4.9653
1995,6,2,3,327,4.8046
1995,6,2,4,365,5.3213
1995,6,2,5,430,8.1957
1995,6,3,1,225,5.1761
1995,6,3,2,267,3.2811
1995,6,3,3,304,1.3578
1995,6,3,4,323,2.8478
1995,6,3,5,346,5.7576
1995,7,1,1,1547,5.5329
1995,7,1,2,1011,5.6518
1995,7,1,3,723,5.3017
1995,7,1,4,689,5.1846
1995,7,1,5,936,8.8161
1995,7,2,1,340,6.4346
1995,7,2,2,302,4.0042
1995,7,2,3,296,6.8159
1995,7,2,4,322,6.7192
1995,7,2,5,383,8.6833
1995,7,3,1,203,4.7713
1995,7,3,2,240,3.1776
1995,7,3,3,264,3.5902
1995,7,3,4,272,2.1323
1995,7,3,5,314,4.3128
1995,8,1,1,1798,2.8545
1995,8,1,2,1146,2.7921
1995,8,1,3,910,4.5329
1995,8,1,4,889,2.9771
1995,8,1,5,1056,2.5648
1995,8,2,1,392,-0.2755
1995,8,2,2,348,1.4032
1995,8,2,3,373,0.8350
1995,8,2,4,384,1.1485
1995,8,2,5,445,0.6101
1995,8,3,1,240,-1.3486
1995,8,3,2,285,1.6021
1995,8,3,3,316,-0.4435
1995,8,3,4,351,-0.2945
1995,8,3,5,373,-0.0946
1995,9,1,1,1809,1.8896
1995,9,1,2,1176,1.5261
1995,9,1,3,924,1.3737
1995,9,1,4,906,2.2533
1995,9,1,5,1081,2.9764
1995,9,2,1,400,0.9655
1995,9,2,2,368,0.8333
1995,9,2,3,384,0.6557
1995,9,2,4,410,2.2630
1995,9,2,5,457,2.2635
1995,9,3,1,242,1.9278
1995,9,3,2,287,3.9385
1995,9,3,3,324,1.2480
1995,9,3,4,375,3.3903
1995,9,3,5,390,4.0358
1995,10,1,1,1630,-7.6060
1995,10,1,2,1025,-5.7418
1995,10,1,3,780,-5.6649
1995,10,1,4,772,-4.5489
1995,10,1,5,887,-5.3862
1995,10,2,1,377,-8.6772
1995,10,2,2,336,-6.9453
1995,10,2,3,344,-7.2254
1995,10,2,4,369,-5.0227
1995,10,2,5,408,-5.6429
1995,10,3,1,212,-1.9646
1995,10,3,2,240,-2.5701
1995,10,3,3,272,-1.2217
1995,10,3,4,324,-1.0771
1995,10,3,5,355,1.7955
1995,11,1,1,1853,0.9438
1995,11,1,2,1114,1.3006
1995,11,1,3,838,1.5673
1995,11,1,4,863,2.0564
1995,11,1,5,1047,1.7208
1995,11,2,1,429,6.2290
1995,11,2,2,381,4.6470
1995,11,2,3,374,3.4045
1995,11,2,4,406,4.2096
1995,11,2,5,467,4.8216
1995,11,3,1,250,5.1339
1995,11,3,2,271,5.6967
1995,11,3,3,327,5.5711
1995,11,3,4,369,4.3093
1995,11,3,5,400,1.6477
1995,12,1,1,1806,-0.8382
1995,12,1,2,1112,1.0287
1995,12,1,3,839,1.0544
1995,12,1,4,861,0.7970
1995,12,1,5,1058,0.2343
1995,12,2,1,437,2.3979
1995,12,2,2,385,3.7710
1995,12,2,3,372,1.9596
1995,12,2,4,407,0.9477
1995,12,2,5,471,-0.0459
1995,12,3,1,243,0.2733
1995,12,3,2,274,1.3057
1995,12,3,3,336,1.9665
1995,12,3,4,373,1.7299
1995,12,3,5,408,-0.3941
1996,1,1,1,1643,0.7527
1996,1,1,2,899,1.5011
1996,1,1,3,655,1.1170
1996,1,1,4,700,-0.8229
1996,1,1,5,875,0.1130
1996,1,2,1,387,-3.1389
1996,1,2,2,327,0.7967
1996,1,2,3,311,0.6680
1996,1,2,4,347,0.1144
1996,1,2,5,428,-1.3590
1996,1,3,1,179,1.8248
1996,1,3,2,225,1.7749
1996,1,3,3,278,2.0272
1996,1,3,4,308,3.7722
1996,1,3,5,353,2.9588
1996,2,1,1,1819,4.1137
1996,2,1,2,1093,2.9811
1996,2,1,3,749,2.6961
1996,2,1,4,771,3.2188
1996,2,1,5,1030,3.7319
1996,2,2,1,428,4.0615
1996,2,2,2,367,3.4071
1996,2,2,3,344,5.4498
1996,2,2,4,365,4.0073
1996,2,2,5,471,5.7713
1996,2,3,1,213,2.9880
1996,2,3,2,271,2.0954
1996,2,3,3,314,2.4077
1996,2,3,4,345,1.2867
1996,2,3,5,381,2.2502
1996,3,1,1,1828,3.4828
1996,3,1,2,1130,4.2360
1996,3,1,3,775,3.7582
1996,3,1,4,775,3.7155
1996,3,1,5,1037,3.1612
1996,3,2,1,438,3.0654
1996,3,2,2,367,2.4824
1996,3,2,3,342,3.6821
1996,3,2,4,371,3.8080
1996,3,2,5,473,1.9602
1996,3,3,1,223,3.8135
1996,3,3,2,285,3.3281
1996,3,3,3,321,2.7743
1996,3,3,4,342,0.1162
1996,3,3,5,379,-0.4009
1996,4,1,1,1664,9.0609
1996,4,1,2,970,8.7523
1996,4,1,3,608,7.4217
1996,4,1,4,641,7.3734
1996,4,1,5,900,12.1395
1996,4,2,1,379,7.3705
1996,4,2,2,310,6.5964
1996,4,2,3,284,6.9659
1996,4,2,4,298,7.4112
1996,4,2,5,425,9.6825
1996,4,3,1,190,3.2937
1996,4,3,2,231,2.7318
1996,4,3,3,270,2.8684
1996,4,3,4,285,2.0536
1996,4,3,5,325,3.7891
1996,5,1,1,1818,9.8798
1996,5,1,2,1151,9.3939
1996,5,1,3,822,7.7246
1996,5,1,4,802,7.9374
1996,5,1,5,1091,10.0664
1996,5,2,1,428,5.7800
1996,5,2,2,384,3.9044
1996,5,2,3,349,4.5741
1996,5,2,4,369,4.2237
1996,5,2,5,468,4.9624
1996,5,3,1,255,4.3657
1996,5,3,2,284,2.5144
1996,5,3,3,335,1.7836
1996,5,3,4,352,2.0527
1996,5,3,5,380,4.3493
1996,6,1,1,1824,-6.8717
1996,6,1,2,1211,-6.2609
1996,6,1,3,870,-4.3776
1996,6,1,4,859,-4.6530
1996,6,1,5,1092,-6.5477
1996,6,2,1,441,-5.3531
1996,6,2,2,413,-3.4219
1996,6,2,3,352,-3.1926
1996,6,2,4,388,-3.7045
1996,6,2,5,477,-6.3076
1996,6,3,1,275,-2.8700
1996,6,3,2,303,-1.7086
1996,6,3,3,357,-1.1287
1996,6,3,4,370,-0.0577
1996,6,3,5,386,-0.1077
1996,7,1,1,1603,-11.8552
1996,7,1,2,1072,-9.2460
1996,7,1,3,754,-8.3761
1996,7,1,4,731,-7.9902
1996,7,1,5,916,-10.2259
1996,7,2,1,404,-12.1232
1996,7,2,2,380,-8.1685
1996,7,2,3,302,-9.3613
1996,7,2,4,350,-8.0942
1996,7,2,5,430,-11.4771
1996,7,3,1,242,-6.9722
1996,7,3,2,262,-6.6869
1996,7,3,3,308,-5.4997
1996,7,3,4,312,-4.0616
1996,7,3,5,341,-4.4043
1996,8,1,1,1841,3.7092
1996,8,1,2,1175,4.2948
1996,8,1,3,927,4.5638
1996,8,1,4,898,4.2795
1996,8,1,5,1080,4.4473
1996,8,2,1,478,5.1901
1996,8,2,2,410,6.4445
1996,8,2,3,373,5.8492
1996,8,2,4,424,6.4013
1996,8,2,5,485,6.6682
1996,8,3,1,289,4.6264
1996,8,3,2,296,3.4648
1996,8,3,3,365,2.7279
1996,8,3,4,371,0.9985
1996,8,3,5,402,3.3714
1996,9,1,1,1837,2.0463
1996,9,1,2,1180,2.2090
1996,9,1,3,947,2.7259
1996,9,1,4,938,1.6069
1996,9,1,5,1123,4.0875
1996,9,2,1,474,4.4548
1996,9,2,2,413,2.2832
1996,9,2,3,386,2.9923
1996,9,2,4,436,5.1400
1996,9,2,5,479,5.9960
1996,9,3,1,292,4.6896
1996,9,3,2,307,4.4856
1996,9,3,3,374,5.8394
1996,9,3,4,384,5.3282
1996,9,3,5,410,7.6511
1996,10,1,1,1664,-4.7629
1996,10,1,2,968,-2.1668
1996,10,1,3,819,-0.4754
1996,10,1,4,811,-0.4205
1996,10,1,5,915,-2.7844
1996,10,2,1,439,-3.2555
1996,10,2,2,371,-2.5621
1996,10,2,3,344,-2.2942
1996,10,2,4,388,-1.1373
1996,10,2,5,400,-2.6886
1996,10,3,1,260,0.1690
1996,10,3,2,267,0.6329
1996,10,3,3,313,1.3273
1996,10,3,4,325,0.5555
1996,10,3,5,370,1.4915
1996,11,1,1,1937,1.0658
1996,11,1,2,1066,2.8461
1996,11,1,3,889,2.5998
1996,11,1,4,911,3.2514
1996,11,1,5,1103,3.9749
1996,11,2,1,515,2.2739
1996,11,2,2,417,1.9052
1996,11,2,3,368,3.2350
1996,11,2,4,410,4.8745
1996,11,2,5,465,4.4366
1996,11,3,1,276,4.9918
1996,11,3,2,300,6.2853
1996,11,3,3,358,6.8402
1996,11,3,4,363,6.4066
1996,11,3,5,418,8.8696
1996,12,1,1,1956,-0.9686
1996,12,1,2,1055,1.3608
1996,12,1,3,884,1.8672
1996,12,1,4,906,3.0336
1996,12,1,5,1121,1.2706
1996,12,2,1,528,1.2086
1996,12,2,2,411,0.6974
1996,12,2,3,367,1.6293
1996,12,2,4,402,1.8806
1996,12,2,5,465,1.9425
1996,12,3,1,270,-0.8631
1996,12,3,2,298,-1.2505
1996,12,3,3,358,-1.9261
1996,12,3,4,372,-1.9141
1996,12,3,5,428,-1.3407
1997,1,1,1,1727,6.0618
1997,1,1,2,827,4.6281
1997,1,1,3,728,5.5372
1997,1,1,4,751,5.2643
1997,1,1,5,954,4.8247
1997,1,2,1,459,1.4379
1997,1,2,2,321,3.1660
1997,1,2,3,304,1.5232
1997,1,2,4,328,3.8960
1997,1,2,5,420,4.4824
1997,1,3,1,198,4.6761
1997,1,3,2,243,3.4778
1997,1,3,3,289,4.1228
1997,1,3,4,319,6.2456
1997,1,3,5,371,8.9876
1997,2,1,1,1989,-3.3028
1997,2,1,2,1032,-2.0436
1997,2,1,3,838,-3.0053
1997,2,1,4,826,-2.6909
1997,2,1,5,1139,-4.5299
1997,2,2,1,508,-5.2738
1997,2,2,2,363,-3.0234
1997,2,2,3,366,-1.3383
1997,2,2,4,367,-3.5266
1997,2,2,5,474,-7.0432
1997,2,3,1,244,-1.9026
1997,2,3,2,286,1.7161
1997,2,3,3,333,-0.8316
1997,2,3,4,365,1.5423
1997,2,3,5,406,-2.9027
1997,3,1,1,2010,-7.4190
1997,3,1,2,1037,-4.4701
1997,3,1,3,843,-3.8947
1997,3,1,4,817,-4.1076
1997,3,1,5,1142,-5.5591
1997,3,2,1,510,-7.4062
1997,3,2,2,378,-3.7272
1997,3,2,3,371,-3.2666
1997,3,2,4,375,-3.6998
1997,3,2,5,464,-6.1835
1997,3,3,1,262,-2.8473
1997,3,3,2,301,-3.1981
1997,3,3,3,334,-0.6453
1997,3,3,4,366,-4.3731
1997,3,3,5,408,-4.9757
1997,4,1,1,1788,-4.4806
1997,4,1,2,864,-3.6789
1997,4,1,3,692,-3.6186
1997,4,1,4,647,-3.2984
1997,4,1,5,963,-4.0458
1997,4,2,1,448,-1.7320
1997,4,2,2,336,0.6379
1997,4,2,3,311,0.9037
1997,4,2,4,300,0.8389
1997,4,2,5,432,0.0383
1997,4,3,1,216,4.0253
1997,4,3,2,263,1.4380
1997,4,3,3,279,3.3708
1997,4,3,4,304,4.0823
1997,4,3,5,343,8.3793
1997,5,1,1,2011,9.7628
1997,5,1,2,1107,10.0803
1997,5,1,3,890,11.3696
1997,5,1,4,872,12.3414
1997,5,1,5,1179,12.9488
1997,5,2,1,506,15.4139
1997,5,2,2,410,13.5134
1997,5,2,3,380,12.9203
1997,5,2,4,378,12.4605
1997,5,2,5,483,17.0732
1997,5,3,1,269,8.3442
1997,5,3,2,306,7.2001
1997,5,3,3,338,7.4505
1997,5,3,4,368,5.7693
1997,5,3,5,405,7.6309
1997,6,1,1,2046,2.8501
1997,6,1,2,1152,4.7357
1997,6,1,3,940,4.9644
1997,6,1,4,916,5.3237
1997,6,1,5,1212,4.5912
1997,6,2,1,498,5.1264
1997,6,2,2,419,6.1183
1997,6,2,3,401,5.5878
1997,6,2,4,393,4.8436
1997,6,2,5,497,5.3614
1997,6,3,1,282,3.8682
1997,6,3,2,322,4.3742
1997,6,3,3,355,3.1531
1997,6,3,4,389,5.3487
1997,6,3,5,413,3.7662
1997,7,1,1,1775,4.0101
1997,7,1,2,1002,6.6591
1997,7,1,3,784,5.3537
1997,7,1,4,745,7.4513
1997,7,1,5,1022,6.7448
1997,7,2,1,435,4.8981
1997,7,2,2,364,5.8857
1997,7,2,3,336,5.0964
1997,7,2,4,331,6.8754
1997,7,2,5,418,7.2669
1997,7,3,1,248,8.1396
1997,7,3,2,284,6.8153
1997,7,3,3,298,7.3378
1997,7,3,4,345,7.0546
1997,7,3,5,340,9.6958
1997,8,1,1,2100,4.5601
1997,8,1,2,1151,4.6232
1997,8,1,3,978,4.7484
1997,8,1,4,951,5.0078
1997,8,1,5,1179,6.9995
1997,8,2,1,500,2.5250
1997,8,2,2,412,3.0751
1997,8,2,3,392,3.9909
1997,8,2,4,394,3.4315
1997,8,2,5,457,4.7903
1997,8,3,1,285,-2.2239
1997,8,3,2,335,-4.6291
1997,8,3,3,373,-2.6838
1997,8,3,4,411,-5.1858
1997,8,3,5,396,-4.4190
1997,9,1,1,2101,8.7975
1997,9,1,2,1191,8.2202
1997,9,1,3,998,8.3063
1997,9,1,4,987,8.8218
1997,9,1,5,1192,9.5925
1997,9,2,1,496,8.2072
1997,9,2,2,426,6.9445
1997,9,2,3,388,7.4865
1997,9,2,4,400,6.3083
1997,9,2,5,459,6.6007
1997,9,3,1,284,5.3895
1997,9,3,2,338,5.3605
1997,9,3,3,389,4.4966
1997,9,3,4,427,4.9530
1997,9,3,5,406,3.5771
1997,10,1,1,1878,-4.0393
1997,10,1,2,1028,-3.1438
1997,10,1,3,838,-3.6283
1997,10,1,4,839,-4.3945
1997,10,1,5,947,-5.1330
1997,10,2,1,440,-6.3590
1997,10,2,2,371,-5.3855
1997,10,2,3,326,-5.0418
1997,10,2,4,352,-4.1270
1997,10,2,5,372,-6.8585
1997,10,3,1,246,-4.1426
1997,10,3,2,298,-4.8343
1997,10,3,3,334,-5.2909
1997,10,3,4,376,-2.2289
1997,10,3,5,366,-4.5780
1997,11,1,1,2160,-4.1705
1997,11,1,2,1128,-2.6803
1997,11,1,3,936,-2.2903
1997,11,1,4,942,-1.5786
1997,11,1,5,1103,-1.3222
1997,11,2,1,494,-2.2973
1997,11,2,2,410,-1.9502
1997,11,2,3,360,-2.5249
1997,11,2,4,408,-2.1107
1997,11,2,5,430,-3.0502
1997,11,3,1,277,2.6490
1997,11,3,2,340,1.7222
1997,11,3,3,389,1.8663
1997,11,3,4,415,3.7816
1997,11,3,5,401,4.1257
1997,12,1,1,2180,-5.1383
1997,12,1,2,1120,-3.0429
1997,12,1,3,947,-2.2473
1997,12,1,4,956,-4.3105
1997,12,1,5,1119,-3.7608
1997,12,2,1,497,-0.6291
1997,12,2,2,405,1.5487
1997,12,2,3,357,-1.3485
1997,12,2,4,409,-0.8567
1997,12,2,5,437,-0.0309
1997,12,3,1,283,0.9456
1997,12,3,2,355,1.9748
1997,12,3,3,392,0.7273
1997,12,3,4,416,1.3687
1997,12,3,5,408,-1.1030
1998,1,1,1,1943,-0.1325
1998,1,1,2,895,0.4318
1998,1,1,3,750,-0.8368
1998,1,1,4,775,0.3554
1998,1,1,5,929,-0.2011
1998,1,2,1,443,-1.0316
1998,1,2,2,331,0.1540
1998,1,2,3,274,-1.5453
1998,1,2,4,349,-0.9709
1998,1,2,5,375,-1.3933
1998,1,3,1,220,-0.8077
1998,1,3,2,290,0.5500
1998,1,3,3,324,-0.2438
1998,1,3,4,339,2.1593
1998,1,3,5,358,3.4770
1998,2,1,1,2122,6.7112
1998,2,1,2,1121,6.5170
1998,2,1,3,850,7.3415
1998,2,1,4,852,5.2990
1998,2,1,5,1088,5.9429
1998,2,2,1,480,9.3533
1998,2,2,2,379,7.9184
1998,2,2,3,338,8.6583
1998,2,2,4,390,8.9939
1998,2,2,5,412,9.3636
1998,2,3,1,252,9.3973
1998,2,3,2,317,8.7488
1998,2,3,3,374,8.4457
1998,2,3,4,369,6.2009
1998,2,3,5,385,7.8984
1998,3,1,1,2115,5.7312
1998,3,1,2,1102,4.7046
1998,3,1,3,838,5.6141
1998,3,1,4,831,4.3693
1998,3,1,5,1089,3.8356
1998,3,2,1,493,5.6431
1998,3,2,2,372,3.1545
1998,3,2,3,350,3.2033
1998,3,2,4,389,4.5685
1998,3,2,5,419,4.3880
1998,3,3,1,255,4.4489
1998,3,3,2,329,6.3097
1998,3,3,3,374,6.2801
1998,3,3,4,369,3.8955
1998,3,3,5,391,2.3877
1998,4,1,1,1896,2.6314
1998,4,1,2,913,2.3700
1998,4,1,3,678,2.0890
1998,4,1,4,632,3.6621
1998,4,1,5,938,3.0198
1998,4,2,1,427,1.3196
1998,4,2,2,301,1.1866
1998,4,2,3,311,1.3061
1998,4,2,4,314,0.0537
1998,4,2,5,380,0.3766
1998,4,3,1,221,-0.6177
1998,4,3,2,276,1.2440
1998,4,3,3,302,3.3514
1998,4,3,4,309,1.5492
1998,4,3,5,333,1.2818
1998,5,1,1,2094,-6.8419
1998,5,1,2,1134,-4.2091
1998,5,1,3,873,-5.6110
1998,5,1,4,809,-5.2962
1998,5,1,5,1162,-5.8856
1998,5,2,1,462,-6.9129
1998,5,2,2,374,-6.3372
1998,5,2,3,397,-5.9692
1998,5,2,4,386,-6.1550
1998,5,2,5,433,-7.0907
1998,5,3,1,287,-2.8719
1998,5,3,2,325,0.2247
1998,5,3,3,357,-1.6500
1998,5,3,4,377,-2.6603
1998,5,3,5,403,-3.1599
1998,6,1,1,2066,-3.6391
1998,6,1,2,1165,-2.7998
1998,6,1,3,894,-2.3375
1998,6,1,4,850,-3.0951
1998,6,1,5,1185,-1.8619
1998,6,2,1,455,3.0535
1998,6,2,2,387,-1.6017
1998,6,2,3,402,-1.6315
1998,6,2,4,408,-1.7587
1998,6,2,5,436,-0.4762
1998,6,3,1,289,1.9363
1998,6,3,2,325,4.3691
1998,6,3,3,363,2.1241
1998,6,3,4,394,0.7885
1998,6,3,5,411,8.1993
1998,7,1,1,1770,-7.6316
1998,7,1,2,993,-7.0622
1998,7,1,3,736,-8.6624
1998,7,1,4,684,-6.8951
1998,7,1,5,953,-6.9340
1998,7,2,1,384,-9.0355
1998,7,2,2,342,-8.2051
1998,7,2,3,347,-9.7754
1998,7,2,4,334,-8.1530
1998,7,2,5,384,-8.3881
1998,7,3,1,254,-4.5692
1998,7,3,2,273,-2.3041
1998,7,3,3,310,-3.8726
1998,7,3,4,337,-2.2174
1998,7,3,5,367,0.9027
1998,8,1,1,2047,-25.0366
1998,8,1,2,1167,-19.7991
1998,8,1,3,856,-18.2526
1998,8,1,4,908,-19.4805
1998,8,1,5,1171,-21.1568
1998,8,2,1,445,-24.8967
1998,8,2,2,390,-20.5256
1998,8,2,3,405,-19.0120
1998,8,2,4,419,-19.1963
1998,8,2,5,438,-21.1176
1998,8,3,1,297,-16.8984
1998,8,3,2,329,-15.7802
1998,8,3,3,363,-12.3996
1998,8,3,4,410,-13.6970
1998,8,3,5,437,-13.5799
1998,9,1,1,2030,3.9876
1998,9,1,2,1200,3.3741
1998,9,1,3,871,2.7654
1998,9,1,4,955,3.1345
1998,9,1,5,1198,4.2256
1998,9,2,1,456,8.5332
1998,9,2,2,414,7.9663
1998,9,2,3,417,5.3321
1998,9,2,4,422,7.6004
1998,9,2,5,447,7.4695
1998,9,3,1,302,5.3544
1998,9,3,2,328,4.9878
1998,9,3,3,370,6.9579
1998,9,3,4,420,7.4199
1998,9,3,5,447,10.6321
1998,10,1,1,1772,2.6809
1998,10,1,2,1003,1.0763
1998,10,1,3,726,3.7721
1998,10,1,4,812,4.2838
1998,10,1,5,994,4.4569
1998,10,2,1,401,3.9253
1998,10,2,2,366,4.4717
1998,10,2,3,359,5.6096
1998,10,2,4,381,6.3864
1998,10,2,5,386,6.1446
1998,10,3,1,270,9.5516
1998,10,3,2,274,8.8921
1998,10,3,3,295,8.1438
1998,10,3,4,350,8.4303
1998,10,3,5,406,6.3357
1998,11,1,1,1995,10.0757
1998,11,1,2,1136,5.7452
1998,11,1,3,837,7.8380
1998,11,1,4,922,9.9577
1998,11,1,5,1178,9.2342
1998,11,2,1,473,7.7478
1998,11,2,2,420,4.8087
1998,11,2,3,399,4.5866
1998,11,2,4,432,5.4104
1998,11,2,5,435,10.0301
1998,11,3,1,305,7.0583
1998,11,3,2,312,5.3565
1998,11,3,3,348,5.1713
1998,11,3,4,397,5.0201
1998,11,3,5,448,8.7008
1998,12,1,1,1992,0.3844
1998,12,1,2,1116,0.7632
1998,12,1,3,828,2.2039
1998,12,1,4,925,2.2419
1998,12,1,5,1179,3.7499
1998,12,2,1,492,4.2514
1998,12,2,2,423,3.3783
1998,12,2,3,405,5.4441
1998,12,2,4,437,5.6592
1998,12,2,5,450,6.2761
1998,12,3,1,314,6.1605
1998,12,3,2,305,7.0333
1998,12,3,3,352,4.3273
1998,12,3,4,405,9.3406
1998,12,3,5,449,8.8167
1999,1,1,1,1757,7.0554
1999,1,1,2,876,6.3321
1999,1,1,3,633,3.2499
1999,1,1,4,725,6.5049
1999,1,1,5,976,5.3547
1999,1,2,1,438,4.0772
1999,1,2,2,338,0.8207
1999,1,2,3,324,0.6499
1999,1,2,4,369,-0.0209
1999,1,2,5,395,2.6463
1999,1,3,1,251,6.1089
1999,1,3,2,262,3.2304
1999,1,3,3,278,1.4183
1999,1,3,4,330,3.9118
1999,1,3,5,398,7.3992
1999,2,1,1,1902,-7.4894
1999,2,1,2,1014,-7.1780
1999,2,1,3,757,-7.6186
1999,2,1,4,839,-7.8087
1999,2,1,5,1078,-7.4982
1999,2,2,1,512,-9.6520
1999,2,2,2,383,-9.0369
1999,2,2,3,369,-9.2473
1999,2,2,4,412,-8.7229
1999,2,2,5,445,-9.9201
1999,2,3,1,288,-4.2564
1999,2,3,2,320,-1.6076
1999,2,3,3,345,-4.1681
1999,2,3,4,401,-3.5252
1999,2,3,5,424,-6.0636
1999,3,1,1,1898,-2.6813
1999,3,1,2,1018,-3.5407
1999,3,1,3,766,-3.0903
1999,3,1,4,832,-2.8592
1999,3,1,5,1060,-4.8111
1999,3,2,1,512,-0.0914
1999,3,2,2,380,1.6159
1999,3,2,3,375,1.6392
1999,3,2,4,418,-1.3699
1999,3,2,5,448,1.0662
1999,3,3,1,306,5.9911
1999,3,3,2,325,5.2090
1999,3,3,3,351,4.1386
1999,3,3,4,400,5.0944
1999,3,3,5,436,4.3990
1999,4,1,1,1681,10.6002
1999,4,1,2,801,13.6890
1999,4,1,3,638,11.5915
1999,4,1,4,639,9.8646
1999,4,1,5,869,12.3839
1999,4,2,1,460,8.1682
1999,4,2,2,326,11.4245
1999,4,2,3,326,12.0429
1999,4,2,4,327,9.5033
1999,4,2,5,411,8.7814
1999,4,3,1,260,4.7104
1999,4,3,2,276,7.4196
1999,4,3,3,288,7.1748
1999,4,3,4,347,6.4104
1999,4,3,5,384,-1.2648
1999,5,1,1,1830,2.7128
1999,5,1,2,988,2.2092
1999,5,1,3,845,5.6529
1999,5,1,4,820,4.9152
1999,5,1,5,1035,6.0422
1999,5,2,1,523,1.1258
1999,5,2,2,372,3.8938
1999,5,2,3,403,4.0295
1999,5,2,4,399,4.6478
1999,5,2,5,458,4.9856
1999,5,3,1,332,-2.3920
1999,5,3,2,315,-1.1836
1999,5,3,3,369,-1.7658
1999,5,3,4,403,-0.7863
1999,5,3,5,434,-2.0543
1999,6,1,1,1830,2.6003
1999,6,1,2,1030,2.9194
1999,6,1,3,905,4.9279
1999,6,1,4,855,7.1580
1999,6,1,5,1049,5.3415
1999,6,2,1,518,5.4936
1999,6,2,2,398,6.2373
1999,6,2,3,427,7.4155
1999,6,2,4,409,6.7798
1999,6,2,5,462,9.2727
1999,6,3,1,343,2.7464
1999,6,3,2,326,2.4673
1999,6,3,3,377,5.1656
1999,6,3,4,416,6.8406
1999,6,3,5,439,6.6500
1999,7,1,1,1570,0.1527
1999,7,1,2,856,0.4535
1999,7,1,3,772,0.4201
1999,7,1,4,727,1.8891
1999,7,1,5,822,2.4688
1999,7,2,1,461,-3.2757
1999,7,2,2,342,-2.0217
1999,7,2,3,373,-1.4454
1999,7,2,4,349,-0.3649
1999,7,2,5,388,-1.5954
1999,7,3,1,295,-5.5229
1999,7,3,2,270,-2.1171
1999,7,3,3,327,-2.9485
1999,7,3,4,357,-2.3801
1999,7,3,5,362,-2.0604
1999,8,1,1,1754,-3.0753
1999,8,1,2,1001,-4.2035
1999,8,1,3,937,-3.5019
1999,8,1,4,894,-1.0349
1999,8,1,5,1005,-1.5881
1999,8,2,1,515,-3.8968
1999,8,2,2,389,-2.5660
1999,8,2,3,433,-3.6110
1999,8,2,4,419,-2.3397
1999,8,2,5,432,-1.5440
1999,8,3,1,329,-0.6135
1999,8,3,2,305,-3.8333
1999,8,3,3,382,-3.3140
1999,8,3,4,406,-1.4279
1999,8,3,5,431,3.6316
1999,9,1,1,1738,-0.6520
1999,9,1,2,1016,-2.7440
1999,9,1,3,957,-0.9559
1999,9,1,4,917,-1.0270
1999,9,1,5,1020,-0.8967
1999,9,2,1,514,-0.5023
1999,9,2,2,390,0.0103
1999,9,2,3,444,1.0780
1999,9,2,4,414,0.0752
1999,9,2,5,437,1.9905
1999,9,3,1,319,-2.0945
1999,9,3,2,306,0.0309
1999,9,3,3,393,-2.8765
1999,9,3,4,415,-1.2027
1999,9,3,5,453,-4.0061
1999,10,1,1,1538,-1.8927
1999,10,1,2,844,-4.4653
1999,10,1,3,808,-1.5218
1999,10,1,4,740,-1.0574
1999,10,1,5,829,-2.1739
1999,10,2,1,448,-1.6637
1999,10,2,2,332,-3.7661
1999,10,2,3,375,-2.9987
1999,10,2,4,362,0.2218
1999,10,2,5,380,0.9965
1999,10,3,1,273,1.1721
1999,10,3,2,261,3.6936
1999,10,3,3,332,3.0153
1999,10,3,4,334,6.3773
1999,10,3,5,424,6.2072
1999,11,1,1,1738,13.4193
1999,11,1,2,972,10.1116
1999,11,1,3,871,10.8806
1999,11,1,4,804,11.5752
1999,11,1,5,972,13.0969
1999,11,2,1,505,11.8540
1999,11,2,2,389,7.5915
1999,11,2,3,404,8.4393
1999,11,2,4,399,7.3501
1999,11,2,5,428,10.5257
1999,11,3,1,321,7.6400
1999,11,3,2,304,3.1506
1999,11,3,3,374,4.2179
1999,11,3,4,392,5.8598
1999,11,3,5,463,5.3828
1999,12,1,1,1716,12.5612
1999,12,1,2,950,7.1030
1999,12,1,3,868,11.8539
1999,12,1,4,804,10.8987
1999,12,1,5,981,15.1177
1999,12,2,1,518,13.7706
1999,12,2,2,379,10.2656
1999,12,2,3,401,8.0746
1999,12,2,4,407,11.3409
1999,12,2,5,433,11.6775
1999,12,3,1,339,11.8909
1999,12,3,2,310,6.5515
1999,12,3,3,369,3.9480
1999,12,3,4,396,7.7083
1999,12,3,5,466,11.1037
2000,1,1,1,1479,8.8970
2000,1,1,2,741,3.3289
2000,1,1,3,645,5.0903
2000,1,1,4,644,6.6537
2000,1,1,5,845,5.0270
2000,1,2,1,454,-2.7626
2000,1,2,2,320,-4.0195
2000,1,2,3,325,-2.1880
2000,1,2,4,335,-3.1517
2000,1,2,5,381,-2.3320
2000,1,3,1,267,-1.8659
2000,1,3,2,273,-10.6545
2000,1,3,3,303,-5.4443
2000,1,3,4,320,-5.5985
2000,1,3,5,428,-3.8023
2000,2,1,1,1611,20.9562
2000,2,1,2,916,15.2187
2000,2,1,3,719,17.8713
2000,2,1,4,730,20.5944
2000,2,1,5,952,18.6773
2000,2,2,1,533,14.3509
2000,2,2,2,397,13.9560
2000,2,2,3,361,12.5866
2000,2,2,4,378,12.2212
2000,2,2,5,435,16.8516
2000,2,3,1,331,6.8200
2000,2,3,2,329,-0.2559
2000,2,3,3,347,0.6607
2000,2,3,4,396,1.4175
2000,2,3,5,474,5.0145
2000,3,1,1,1577,-5.1295
2000,3,1,2,922,-2.4754
2000,3,1,3,722,0.5983
2000,3,1,4,707,-4.2849
2000,3,1,5,942,-0.5797
2000,3,2,1,562,-3.7541
2000,3,2,2,409,-0.2869
2000,3,2,3,383,1.1008
2000,3,2,4,380,-0.5649
2000,3,2,5,441,-2.2152
2000,3,3,1,351,-2.5550
2000,3,3,2,350,6.5747
2000,3,3,3,361,7.6444
2000,3,3,4,410,6.4615
2000,3,3,5,498,7.6366
2000,4,1,1,1384,-18.9748
2000,4,1,2,753,-11.2534
2000,4,1,3,569,-10.3020
2000,4,1,4,541,-8.4300
2000,4,1,5,779,-14.0943
2000,4,2,1,509,-16.9539
2000,4,2,2,362,-6.6990
2000,4,2,3,335,-7.3948
2000,4,2,4,316,-2.7668
2000,4,2,5,401,-5.0979
2000,4,3,1,322,-12.9199
2000,4,3,2,299,-2.8222
2000,4,3,3,296,-4.2403
2000,4,3,4,342,-2.2985
2000,4,3,5,449,-5.8205
2000,5,1,1,1538,-11.7160
2000,5,1,2,951,-8.1300
2000,5,1,3,730,-5.2384
2000,5,1,4,683,-3.9497
2000,5,1,5,915,-7.2339
2000,5,2,1,584,-8.6518
2000,5,2,2,419,-4.5726
2000,5,2,3,408,-3.8695
2000,5,2,4,397,-1.9744
2000,5,2,5,461,-4.3970
2000,5,3,1,410,-7.7170
2000,5,3,2,358,-3.4000
2000,5,3,3,352,-7.8203
2000,5,3,4,419,-3.1014
2000,5,3,5,505,-5.5442
2000,6,1,1,1550,9.1129
2000,6,1,2,992,7.8380
2000,6,1,3,767,8.7895
2000,6,1,4,700,8.1579
2000,6,1,5,946,10.1885
2000,6,2,1,599,10.2079
2000,6,2,2,435,10.1251
2000,6,2,3,436,8.4735
2000,6,2,4,414,8.4764
2000,6,2,5,459,11.1391
2000,6,3,1,415,7.2855
2000,6,3,2,367,3.7860
2000,6,3,3,375,1.3782
2000,6,3,4,427,1.8830
2000,6,3,5,515,9.5168
2000,7,1,1,1329,-3.1826
2000,7,1,2,846,-2.5422
2000,7,1,3,638,-0.5642
2000,7,1,4,583,-1.0295
2000,7,1,5,746,-2.2296
2000,7,2,1,520,-6.1074
2000,7,2,2,381,-4.0604
2000,7,2,3,375,-1.6873
2000,7,2,4,360,-3.0463
2000,7,2,5,399,-3.7191
2000,7,3,1,370,-5.2272
2000,7,3,2,310,-4.6821
2000,7,3,3,324,-4.0187
2000,7,3,4,377,-3.5222
2000,7,3,5,457,-3.4884
2000,8,1,1,1629,5.7090
2000,8,1,2,936,7.1545
2000,8,1,3,730,8.6377
2000,8,1,4,711,7.0825
2000,8,1,5,845,7.3615
2000,8,2,1,645,6.7587
2000,8,2,2,428,5.8614
2000,8,2,3,419,5.8151
2000,8,2,4,427,6.5755
2000,8,2,5,428,9.6091
2000,8,3,1,430,9.6184
2000,8,3,2,360,4.9655
2000,8,3,3,365,6.9102
2000,8,3,4,456,6.2919
2000,8,3,5,490,7.1970
2000,9,1,1,1624,-6.3401
2000,9,1,2,967,-3.2834
2000,9,1,3,746,-2.8982
2000,9,1,4,738,-0.8678
2000,9,1,5,845,-2.4774
2000,9,2,1,629,-11.5418
2000,9,2,2,438,-4.6637
2000,9,2,3,428,-2.3444
2000,9,2,4,431,-3.5030
2000,9,2,5,441,-2.0084
2000,9,3,1,434,-7.6642
2000,9,3,2,360,-7.4590
2000,9,3,3,376,-4.3896
2000,9,3,4,466,-5.2080
2000,9,3,5,490,-10.0711
2000,10,1,1,1496,-10.7291
2000,10,1,2,819,-7.8264
2000,10,1,3,627,-6.2808
2000,10,1,4,627,-5.9149
2000,10,1,5,680,-7.5785
2000,10,2,1,554,-11.0893
2000,10,2,2,370,-2.8465
2000,10,2,3,358,-2.0925
2000,10,2,4,385,-3.7899
2000,10,2,5,360,-2.7763
2000,10,3,1,374,-6.0902
2000,10,3,2,297,-8.6674
2000,10,3,3,312,-2.2381
2000,10,3,4,391,-0.1952
2000,10,3,5,422,-0.7542
2000,11,1,1,1685,-17.7620
2000,11,1,2,888,-10.8237
2000,11,1,3,703,-8.0720
2000,11,1,4,691,-7.4731
2000,11,1,5,819,-10.1734
2000,11,2,1,618,-19.9309
2000,11,2,2,397,-9.2252
2000,11,2,3,391,-7.1625
2000,11,2,4,413,-7.2111
2000,11,2,5,402,-7.9444
2000,11,3,1,408,-17.5035
2000,11,3,2,315,-18.4100
2000,11,3,3,362,-8.8821
2000,11,3,4,429,-10.4872
2000,11,3,5,452,-8.9962
2000,12,1,1,1723,-7.0695
2000,12,1,2,881,-1.0828
2000,12,1,3,715,-0.7529
2000,12,1,4,700,-0.3993
2000,12,1,5,822,-1.8996
2000,12,2,1,642,0.5055
2000,12,2,2,398,8.5265
2000,12,2,3,399,9.6935
2000,12,2,4,419,7.9620
2000,12,2,5,406,8.5403
2000,12,3,1,404,1.9312
2000,12,3,2,321,1.6961
2000,12,3,3,369,2.3173
2000,12,3,4,426,3.3530
2000,12,3,5,453,-3.5012
2001,1,1,1,1568,31.3004
2001,1,1,2,680,19.7196
2001,1,1,3,552,18.9732
2001,1,1,4,592,17.7931
2001,1,1,5,667,20.3462
2001,1,2,1,573,19.4938
2001,1,2,2,338,11.1271
2001,1,2,3,327,9.3906
2001,1,2,4,359,9.6276
2001,1,2,5,360,9.4839
2001,1,3,1,324,8.8434
2001,1,3,2,266,13.1420
2001,1,3,3,293,5.1750
2001,1,3,4,348,5.1222
2001,1,3,5,379,3.9624
2001,2,1,1,1718,-12.8647
2001,2,1,2,811,-5.0673
2001,2,1,3,632,-4.6698
2001,2,1,4,643,-3.4949
2001,2,1,5,771,-5.6364
2001,2,2,1,611,-15.8457
2001,2,2,2,382,-4.9967
2001,2,2,3,377,-3.0178
2001,2,2,4,384,-6.2852
2001,2,2,5,388,-6.9853
2001,2,3,1,350,-17.5477
2001,2,3,2,308,-14.1395
2001,2,3,3,326,-8.5748
2001,2,3,4,374,-8.3736
2001,2,3,5,405,-13.4700
2001,3,1,1,1737,-10.4649
2001,3,1,2,841,-5.0083
2001,3,1,3,656,-3.1257
2001,3,1,4,644,-1.7082
2001,3,1,5,781,-5.4120
2001,3,2,1,591,-9.9327
2001,3,2,2,395,-4.4566
2001,3,2,3,389,-4.5021
2001,3,2,4,386,-4.0437
2001,3,2,5,401,-3.3851
2001,3,3,1,337,-12.2872
2001,3,3,2,329,-8.9301
2001,3,3,3,339,-5.2633
2001,3,3,4,378,-4.5754
2001,3,3,5,399,-9.4028
2001,4,1,1,1553,4.4900
2001,4,1,2,708,7.0161
2001,4,1,3,565,3.4613
2001,4,1,4,518,6.1322
2001,4,1,5,641,8.7633
2001,4,2,1,530,8.4172
2001,4,2,2,331,10.4528
2001,4,2,3,333,8.5175
2001,4,2,4,318,9.0552
2001,4,2,5,342,10.6576
2001,4,3,1,284,10.6028
2001,4,3,2,273,9.3514
2001,4,3,3,289,6.6230
2001,4,3,4,289,9.5138
2001,4,3,5,335,9.7461
2001,5,1,1,1744,8.7907
2001,5,1,2,895,9.7240
2001,5,1,3,722,10.0442
2001,5,1,4,648,11.1838
2001,5,1,5,763,11.3056
2001,5,2,1,550,7.3321
2001,5,2,2,384,4.2886
2001,5,2,3,401,2.8999
2001,5,2,4,384,2.9322
2001,5,2,5,368,2.9673
2001,5,3,1,314,-1.1563
2001,5,3,2,314,-0.2869
2001,5,3,3,330,0.7402
2001,5,3,4,351,0.5459
2001,5,3,5,361,-0.7489
2001,6,1,1,1743,1.5614
2001,6,1,2,914,2.6936
2001,6,1,3,757,1.5490
2001,6,1,4,673,1.1186
2001,6,1,5,754,3.8628
2001,6,2,1,560,4.8256
2001,6,2,2,397,3.7788
2001,6,2,3,411,3.9463
2001,6,2,4,394,6.0738
2001,6,2,5,375,5.7086
2001,6,3,1,326,-3.4361
2001,6,3,2,317,-3.0884
2001,6,3,3,348,-3.8005
2001,6,3,4,358,-2.7739
2001,6,3,5,370,-2.2685
2001,7,1,1,1552,-7.6444
2001,7,1,2,786,-0.6957
2001,7,1,3,621,0.1882
2001,7,1,4,539,-0.4276
2001,7,1,5,600,-1.2811
2001,7,2,1,510,-10.2053
2001,7,2,2,354,-5.2075
2001,7,2,3,356,-4.9054
2001,7,2,4,350,-4.3344
2001,7,2,5,314,-4.8744
2001,7,3,1,285,-4.1276
2001,7,3,2,284,-1.9195
2001,7,3,3,304,1.7011
2001,7,3,4,305,-2.8363
2001,7,3,5,331,1.5145
2001,8,1,1,1725,-5.3907
2001,8,1,2,871,-1.7856
2001,8,1,3,763,-2.6790
2001,8,1,4,670,-1.4448
2001,8,1,5,735,-3.5876
2001,8,2,1,555,-7.7389
2001,8,2,2,393,-4.2858
2001,8,2,3,419,-1.4688
2001,8,2,4,416,-3.1260
2001,8,2,5,354,-4.8045
2001,8,3,1,298,-7.0963
2001,8,3,2,321,-7.1231
2001,8,3,3,347,-6.0456
2001,8,3,4,372,-5.5063
2001,8,3,5,365,-7.0137
2001,9,1,1,1692,-17.5589
2001,9,1,2,884,-13.9194
2001,9,1,3,770,-12.5282
2001,9,1,4,706,-13.2823
2001,9,1,5,755,-12.9659
2001,9,2,1,555,-21.4092
2001,9,2,2,399,-19.1589
2001,9,2,3,428,-15.4354
2001,9,2,4,428,-14.0970
2001,9,2,5,376,-18.1365
2001,9,3,1,288,-11.8477
2001,9,3,2,317,-13.7933
2001,9,3,3,347,-12.4182
2001,9,3,4,385,-11.2349
2001,9,3,5,369,-6.7198
2001,10,1,1,1538,9.3635
2001,10,1,2,753,7.7105
2001,10,1,3,629,7.5279
2001,10,1,4,583,7.5608
2001,10,1,5,628,10.9272
2001,10,2,1,500,13.0751
2001,10,2,2,355,6.8420
2001,10,2,3,369,6.0993
2001,10,2,4,362,7.6903
2001,10,2,5,320,12.2955
2001,10,3,1,254,2.6076
2001,10,3,2,265,2.7089
2001,10,3,3,300,4.9216
2001,10,3,4,340,7.4664
2001,10,3,5,329,4.9545
2001,11,1,1,1677,11.5882
2001,11,1,2,814,8.6066
2001,11,1,3,705,9.0409
2001,11,1,4,685,7.3038
2001,11,1,5,784,7.6730
2001,11,2,1,537,14.1800
2001,11,2,2,393,9.5591
2001,11,2,3,393,10.1211
2001,11,2,4,403,8.3952
2001,11,2,5,374,9.8299
2001,11,3,1,282,9.9019
2001,11,3,2,277,11.9224
2001,11,3,3,326,9.2806
2001,11,3,4,369,11.0687
2001,11,3,5,365,7.0622
2001,12,1,1,1644,10.2609
2001,12,1,2,821,7.5626
2001,12,1,3,687,8.0549
2001,12,1,4,678,7.7376
2001,12,1,5,790,7.6494
2001,12,2,1,546,6.1945
2001,12,2,2,406,7.3874
2001,12,2,3,405,8.0789
2001,12,2,4,404,8.4500
2001,12,2,5,384,7.0324
2001,12,3,1,283,1.3651
2001,12,3,2,277,1.1992
2001,12,3,3,329,1.8378
2001,12,3,4,371,-0.5916
2001,12,3,5,366,-0.0396
2002,1,1,1,1400,0.6233
2002,1,1,2,637,1.9319
2002,1,1,3,549,2.0698
2002,1,1,4,564,4.1481
2002,1,1,5,684,1.6823
2002,1,2,1,445,-7.0572
2002,1,2,2,332,-1.9787
2002,1,2,3,328,0.6923
2002,1,2,4,344,0.9979
2002,1,2,5,345,-0.4578
2002,1,3,1,207,-7.0125
2002,1,3,2,231,-2.2556
2002,1,3,3,257,-0.6061
2002,1,3,4,320,2.8148
2002,1,3,5,316,-0.3867
2002,2,1,1,1529,-9.0274
2002,2,1,2,761,-4.9275
2002,2,1,3,628,-2.7851
2002,2,1,4,624,-4.0135
2002,2,1,5,788,-3.9560
2002,2,2,1,485,-10.0317
2002,2,2,2,380,-3.6814
2002,2,2,3,341,-1.7213
2002,2,2,4,367,-2.6310
2002,2,2,5,376,-3.7087
2002,2,3,1,235,-4.3875
2002,2,3,2,267,-1.8787
2002,2,3,3,289,-0.2125
2002,2,3,4,356,-4.8023
2002,2,3,5,337,-2.3248
2002,3,1,1,1536,8.1920
2002,3,1,2,790,11.9614
2002,3,1,3,636,11.7278
2002,3,1,4,633,11.9183
2002,3,1,5,796,11.3716
2002,3,2,1,486,9.0564
2002,3,2,2,383,10.3904
2002,3,2,3,350,10.4004
2002,3,2,4,376,10.4189
2002,3,2,5,376,8.9119
2002,3,3,1,245,4.4447
2002,3,3,2,273,4.5007
2002,3,3,3,298,4.1819
2002,3,3,4,355,4.9167
2002,3,3,5,344,2.4354
2002,4,1,1,1363,-2.4356
2002,4,1,2,666,2.1554
2002,4,1,3,506,3.0645
2002,4,1,4,512,3.4264
2002,4,1,5,665,3.0414
2002,4,2,1,415,-5.3537
2002,4,2,2,342,-1.0378
2002,4,2,3,293,-0.1917
2002,4,2,4,314,0.7274
2002,4,2,5,326,-0.5561
2002,4,3,1,217,-7.5501
2002,4,3,2,241,-6.9706
2002,4,3,3,253,-5.4400
2002,4,3,4,279,-4.9806
2002,4,3,5,303,-6.7137
2002,5,1,1,1479,-4.8640
2002,5,1,2,806,-3.3306
2002,5,1,3,671,-2.2881
2002,5,1,4,678,-0.7852
2002,5,1,5,799,-1.9374
2002,5,2,1,454,-6.8322
2002,5,2,2,378,-4.7471
2002,5,2,3,344,-5.5173
2002,5,2,4,369,-5.4955
2002,5,2,5,367,-4.8357
2002,5,3,1,270,-0.4692
2002,5,3,2,281,-1.4433
2002,5,3,3,291,-0.0427
2002,5,3,4,344,-0.8696
2002,5,3,5,345,-2.3016
2002,6,1,1,1514,-7.7941
2002,6,1,2,876,-5.1136
2002,6,1,3,717,-4.3467
2002,6,1,4,729,-2.2130
2002,6,1,5,813,-3.0790
2002,6,2,1,467,-7.9275
2002,6,2,2,401,-7.0132
2002,6,2,3,364,-5.0942
2002,6,2,4,395,-6.2287
2002,6,2,5,373,-5.5232
2002,6,3,1,273,-9.3225
2002,6,3,2,301,-8.3750
2002,6,3,3,306,-8.4279
2002,6,3,4,362,-7.4179
2002,6,3,5,356,-8.2241
2002,7,1,1,1306,-16.6265
2002,7,1,2,729,-14.7671
2002,7,1,3,593,-15.6897
2002,7,1,4,591,-15.4175
2002,7,1,5,663,-14.8371
2002,7,2,1,396,-19.0758
2002,7,2,2,345,-19.3372
2002,7,2,3,307,-16.6142
2002,7,2,4,323,-15.1379
2002,7,2,5,320,-16.0991
2002,7,3,1,228,-11.9237
2002,7,3,2,258,-11.1774
2002,7,3,3,257,-9.9890
2002,7,3,4,313,-8.6833
2002,7,3,5,305,-3.7564
2002,8,1,1,1508,-2.9727
2002,8,1,2,846,-2.0722
2002,8,1,3,734,-1.7607
2002,8,1,4,726,-0.2564
2002,8,1,5,799,-0.7979
2002,8,2,1,421,0.9512
2002,8,2,2,359,-0.3822
2002,8,2,3,354,1.1295
2002,8,2,4,383,0.9471
2002,8,2,5,356,1.5741
2002,8,3,1,255,1.9860
2002,8,3,2,295,3.7698
2002,8,3,3,314,-0.9564
2002,8,3,4,363,0.9458
2002,8,3,5,345,0.1534
2002,9,1,1,1501,-10.6196
2002,9,1,2,836,-11.4483
2002,9,1,3,741,-7.7705
2002,9,1,4,748,-9.1611
2002,9,1,5,818,-8.3342
2002,9,2,1,414,-9.3519
2002,9,2,2,366,-8.6682
2002,9,2,3,362,-7.5882
2002,9,2,4,391,-8.1844
2002,9,2,5,366,-7.8551
2002,9,3,1,260,-10.6515
2002,9,3,2,296,-7.8305
2002,9,3,3,326,-11.0160
2002,9,3,4,373,-11.4531
2002,9,3,5,363,-9.1077
2002,10,1,1,1354,4.2001
2002,10,1,2,708,1.9937
2002,10,1,3,646,6.0126
2002,10,1,4,643,4.2769
2002,10,1,5,676,6.0775
2002,10,2,1,338,4.5121
2002,10,2,2,304,3.6913
2002,10,2,3,323,4.1248
2002,10,2,4,344,5.4021
2002,10,2,5,290,5.3850
2002,10,3,1,229,8.8283
2002,10,3,2,247,7.1082
2002,10,3,3,279,4.8147
2002,10,3,4,308,9.1483
2002,10,3,5,318,10.4461
2002,11,1,1,1506,18.8329
2002,11,1,2,762,16.8344
2002,11,1,3,690,13.2895
2002,11,1,4,733,14.9187
2002,11,1,5,832,13.4141
2002,11,2,1,371,14.0461
2002,11,2,2,322,13.3960
2002,11,2,3,343,10.7687
2002,11,2,4,373,10.6196
2002,11,2,5,332,9.2153
2002,11,3,1,233,7.6330
2002,11,3,2,270,8.9880
2002,11,3,3,318,7.1360
2002,11,3,4,366,5.9131
2002,11,3,5,359,5.9378
2002,12,1,1,1493,-9.3705
2002,12,1,2,758,-6.5174
2002,12,1,3,683,-5.9054
2002,12,1,4,738,-5.1325
2002,12,1,5,846,-5.5912
2002,12,2,1,372,-10.0133
2002,12,2,2,326,-7.2506
2002,12,2,3,346,-5.8479
2002,12,2,4,370,-6.2454
2002,12,2,5,341,-7.0690
2002,12,3,1,234,-6.5832
2002,12,3,2,278,-7.9965
2002,12,3,3,323,-5.5788
2002,12,3,4,366,-5.8879
2002,12,3,5,364,-6.7131
2003,1,1,1,1284,-1.0452
2003,1,1,2,555,-1.1179
2003,1,1,3,526,-1.6995
2003,1,1,4,586,-1.9349
2003,1,1,5,731,-0.6499
2003,1,2,1,299,-2.9274
2003,1,2,2,248,-3.5176
2003,1,2,3,294,-3.1979
2003,1,2,4,310,-3.6009
2003,1,2,5,295,-3.1446
2003,1,3,1,162,-1.7139
2003,1,3,2,238,-3.9088
2003,1,3,3,261,-4.3908
2003,1,3,4,310,-2.7702
2003,1,3,5,324,-2.0890
2003,2,1,1,1410,-3.7287
2003,2,1,2,691,-4.1200
2003,2,1,3,613,-4.1685
2003,2,1,4,624,-1.9620
2003,2,1,5,832,-3.8235
2003,2,2,1,344,-2.7865
2003,2,2,2,293,-4.4735
2003,2,2,3,345,-4.1522
2003,2,2,4,326,-3.4601
2003,2,2,5,345,-2.3337
2003,2,3,1,183,-2.6938
2003,2,3,2,256,-2.3248
2003,2,3,3,292,-1.3011
2003,2,3,4,341,-1.3756
2003,2,3,5,342,0.0382
2003,3,1,1,1405,1.6820
2003,3,1,2,705,-0.0589
2003,3,1,3,631,1.1803
2003,3,1,4,628,-0.5635
2003,3,1,5,829,1.4869
2003,3,2,1,357,1.7337
2003,3,2,2,296,0.9082
2003,3,2,3,348,-0.3150
2003,3,2,4,320,0.8881
2003,3,2,5,354,1.3225
2003,3,3,1,196,2.3485
2003,3,3,2,268,0.0775
2003,3,3,3,294,0.9670
2003,3,3,4,340,1.0535
2003,3,3,5,345,1.4238
2003,4,1,1,1194,11.5667
2003,4,1,2,554,10.6978
2003,4,1,3,492,10.6210
2003,4,1,4,480,9.7320
2003,4,1,5,695,11.4131
2003,4,2,1,308,12.6184
2003,4,2,2,252,12.0549
2003,4,2,3,283,10.1859
2003,4,2,4,262,9.7335
2003,4,2,5,311,11.0186
2003,4,3,1,165,7.8559
2003,4,3,2,227,9.8624
2003,4,3,3,245,6.5143
2003,4,3,4,287,6.4057
2003,4,3,5,298,5.7905
2003,5,1,1,1301,18.8254
2003,5,1,2,760,17.2730
2003,5,1,3,631,12.8167
2003,5,1,4,633,13.6500
2003,5,1,5,801,14.3586
2003,5,2,1,349,14.5301
2003,5,2,2,297,12.4988
2003,5,2,3,340,11.6007
2003,5,2,4,321,10.7027
2003,5,2,5,359,11.4595
2003,5,3,1,214,5.1671
2003,5,3,2,264,9.3760
2003,5,3,3,293,7.2844
2003,5,3,4,339,5.9485
2003,5,3,5,317,4.6684
2003,6,1,1,1319,6.9594
2003,6,1,2,791,5.4973
2003,6,1,3,675,6.5277
2003,6,1,4,646,6.1020
2003,6,1,5,818,6.7919
2003,6,2,1,364,3.9234
2003,6,2,2,331,1.6058
2003,6,2,3,363,1.7432
2003,6,2,4,338,3.4895
2003,6,2,5,374,3.0298
2003,6,3,1,227,1.6430
2003,6,3,2,279,2.7058
2003,6,3,3,307,0.5586
2003,6,3,4,348,1.4433
2003,6,3,5,328,2.0165
2003,7,1,1,1114,9.7016
2003,7,1,2,698,9.6402
2003,7,1,3,556,7.9487
2003,7,1,4,504,9.2553
2003,7,1,5,676,10.1453
2003,7,2,1,320,7.1800
2003,7,2,2,294,6.6767
2003,7,2,3,313,5.7923
2003,7,2,4,283,5.4395
2003,7,2,5,327,6.9623
2003,7,3,1,206,1.3545
2003,7,3,2,235,0.0700
2003,7,3,3,263,3.5617
2003,7,3,4,302,1.9592
2003,7,3,5,292,1.9419
2003,8,1,1,1260,6.4709
2003,8,1,2,776,6.3016
2003,8,1,3,676,5.7119
2003,8,1,4,663,5.0621
2003,8,1,5,768,5.2789
2003,8,2,1,372,6.3872
2003,8,2,2,339,6.0553
2003,8,2,3,358,6.1614
2003,8,2,4,350,6.1675
2003,8,2,5,363,7.0876
2003,8,3,1,243,4.3038
2003,8,3,2,274,5.0582
2003,8,3,3,303,4.1414
2003,8,3,4,358,3.4184
2003,8,3,5,346,1.8717
2003,9,1,1,1245,4.3151
2003,9,1,2,781,2.1858
2003,9,1,3,697,1.5813
2003,9,1,4,697,0.5167
2003,9,1,5,784,0.8270
2003,9,2,1,371,-3.0402
2003,9,2,2,350,-4.4065
2003,9,2,3,367,-4.5520
2003,9,2,4,362,-2.5201
2003,9,2,5,368,-2.8819
2003,9,3,1,240,-3.2076
2003,9,3,2,279,-4.1099
2003,9,3,3,316,-3.3564
2003,9,3,4,380,-1.0309
2003,9,3,5,368,-1.3100
2003,10,1,1,1087,11.5970
2003,10,1,2,677,9.2412
2003,10,1,3,574,10.1884
2003,10,1,4,599,10.1042
2003,10,1,5,618,11.9382
2003,10,2,1,315,11.0019
2003,10,2,2,310,8.3413
2003,10,2,3,307,9.2658
2003,10,2,4,323,8.0984
2003,10,2,5,308,10.6433
2003,10,3,1,210,5.2090
2003,10,3,2,249,7.1486
2003,10,3,3,278,7.6729
2003,10,3,4,329,5.8143
2003,10,3,5,318,5.9274
2003,11,1,1,1219,4.7358
2003,11,1,2,728,6.0843
2003,11,1,3,652,5.6587
2003,11,1,4,664,5.4799
2003,11,1,5,745,4.8422
2003,11,2,1,348,2.8578
2003,11,2,2,340,3.9009
2003,11,2,3,329,3.4973
2003,11,2,4,351,4.2165
2003,11,2,5,351,2.8892
2003,11,3,1,221,2.3979
2003,11,3,2,256,0.4306
2003,11,3,3,305,2.9899
2003,11,3,4,372,1.3847
2003,11,3,5,360,0.9183
2003,12,1,1,1212,2.9563
2003,12,1,2,745,4.1697
2003,12,1,3,662,3.9506
2003,12,1,4,674,2.9272
2003,12,1,5,754,2.3731
2003,12,2,1,350,3.6880
2003,12,2,2,340,5.2529
2003,12,2,3,343,4.6122
2003,12,2,4,353,2.2573
2003,12,2,5,359,0.5120
2003,12,3,1,233,6.2408
2003,12,3,2,266,6.0993
2003,12,3,3,312,4.3899
2003,12,3,4,377,4.5221
2003,12,3,5,361,3.1199
2004,1,1,1,1032,8.8018
2004,1,1,2,575,6.5137
2004,1,1,3,542,6.3556
2004,1,1,4,535,6.4965
2004,1,1,5,647,6.5964
2004,1,2,1,295,4.1369
2004,1,2,2,292,2.1867
2004,1,2,3,282,3.7266
2004,1,2,4,303,3.6656
2004,1,2,5,319,4.4386
2004,1,3,1,178,0.5033
2004,1,3,2,219,0.3582
2004,1,3,3,256,1.1341
2004,1,3,4,325,1.6357
2004,1,3,5,332,1.3690
2004,2,1,1,1154,0.5783
2004,2,1,2,669,1.1619
2004,2,1,3,607,-0.7011
2004,2,1,4,579,0.9163
2004,2,1,5,720,0.4880
2004,2,2,1,354,0.6699
2004,2,2,2,325,0.5858
2004,2,2,3,317,0.2046
2004,2,2,4,328,0.4668
2004,2,2,5,350,0.2431
2004,2,3,1,200,0.8833
2004,2,3,2,244,0.6445
2004,2,3,3,299,2.3327
2004,2,3,4,340,1.9862
2004,2,3,5,346,0.4857
2004,3,1,1,1148,-0.7129
2004,3,1,2,680,-0.6094
2004,3,1,3,619,0.4050
2004,3,1,4,595,1.4287
2004,3,1,5,717,-0.5227
2004,3,2,1,360,0.5241
2004,3,2,2,328,0.5691
2004,3,2,3,324,0.7248
2004,3,2,4,339,1.4485
2004,3,2,5,355,1.6501
2004,3,3,1,217,-0.4997
2004,3,3,2,255,-1.2759
2004,3,3,3,301,-0.2326
2004,3,3,4,345,-1.9662
2004,3,3,5,345,-1.7578
2004,4,1,1,1031,-5.3153
2004,4,1,2,562,-2.5489
2004,4,1,3,489,-3.3694
2004,4,1,4,446,-2.5019
2004,4,1,5,612,-5.4341
2004,4,2,1,315,-7.1063
2004,4,2,2,275,-4.9376
2004,4,2,3,273,-4.2180
2004,4,2,4,266,-1.8058
2004,4,2,5,315,-4.0644
2004,4,3,1,192,-1.7322
2004,4,3,2,220,-0.2762
2004,4,3,3,252,-1.4757
2004,4,3,4,288,0.0943
2004,4,3,5,303,-0.5242
2004,5,1,1,1129,-1.2825
2004,5,1,2,670,-0.5111
2004,5,1,3,607,-0.1856
2004,5,1,4,573,0.0184
2004,5,1,5,738,-0.2069
2004,5,2,1,343,1.3781
2004,5,2,2,318,2.0017
2004,5,2,3,323,1.5186
2004,5,2,4,308,1.6573
2004,5,2,5,359,2.6442
2004,5,3,1,249,0.8028
2004,5,3,2,255,0.1171
2004,5,3,3,285,1.0841
2004,5,3,4,325,0.1587
2004,5,3,5,331,2.3270
2004,6,1,1,1140,2.6070
2004,6,1,2,690,5.2135
2004,6,1,3,651,3.9981
2004,6,1,4,601,5.1135
2004,6,1,5,759,4.0832
2004,6,2,1,339,4.2148
2004,6,2,2,330,5.1126
2004,6,2,3,333,5.4900
2004,6,2,4,316,5.1915
2004,6,2,5,369,4.4133
2004,6,3,1,252,1.8071
2004,6,3,2,265,1.6591
2004,6,3,3,309,3.0958
2004,6,3,4,336,2.2859
2004,6,3,5,341,1.1922
2004,7,1,1,1009,-9.5580
2004,7,1,2,584,-7.4570
2004,7,1,3,555,-7.1175
2004,7,1,4,511,-7.9496
2004,7,1,5,631,-8.8933
2004,7,2,1,286,-8.9773
2004,7,2,2,290,-7.1802
2004,7,2,3,287,-7.4829
2004,7,2,4,267,-6.3547
2004,7,2,5,310,-7.0714
2004,7,3,1,223,-2.9973
2004,7,3,2,236,-4.4334
2004,7,3,3,272,-4.8495
2004,7,3,4,282,-3.3461
2004,7,3,5,301,-5.8538
2004,8,1,1,1157,-2.8067
2004,8,1,2,689,-1.5887
2004,8,1,3,649,-2.1347
2004,8,1,4,641,-2.6268
2004,8,1,5,747,-3.2366
2004,8,2,1,320,-2.3422
2004,8,2,2,306,-2.3005
2004,8,2,3,327,-1.7505
2004,8,2,4,332,-2.6180
2004,8,2,5,347,-3.5257
2004,8,3,1,235,-1.3480
2004,8,3,2,266,-0.6210
2004,8,3,3,308,-0.4611
2004,8,3,4,337,0.0612
2004,8,3,5,348,-1.4539
2004,9,1,1,1147,3.8806
2004,9,1,2,716,3.7920
2004,9,1,3,664,4.9991
2004,9,1,4,669,4.9785
2004,9,1,5,764,5.1327
2004,9,2,1,311,5.8046
2004,9,2,2,303,4.7344
2004,9,2,3,325,6.6219
2004,9,2,4,343,6.2572
2004,9,2,5,345,6.3816
2004,9,3,1,236,4.1441
2004,9,3,2,271,2.4179
2004,9,3,3,320,2.9001
2004,9,3,4,362,1.4810
2004,9,3,5,366,-0.0447
2004,10,1,1,1008,1.4771
2004,10,1,2,595,1.2933
2004,10,1,3,578,0.2609
2004,10,1,4,576,1.4398
2004,10,1,5,657,2.0464
2004,10,2,1,256,1.0531
2004,10,2,2,258,1.1214
2004,10,2,3,289,2.5818
2004,10,2,4,298,2.9141
2004,10,2,5,294,3.3299
2004,10,3,1,190,0.0041
2004,10,3,2,237,2.2502
2004,10,3,3,279,2.3564
2004,10,3,4,322,0.3623
2004,10,3,5,323,2.2539
2004,11,1,1,1157,10.9697
2004,11,1,2,703,9.0820
2004,11,1,3,652,9.0194
2004,11,1,4,650,8.9906
2004,11,1,5,754,8.4470
2004,11,2,1,290,8.0253
2004,11,2,2,289,9.4584
2004,11,2,3,294,9.6737
2004,11,2,4,314,8.2502
2004,11,2,5,316,8.9155
2004,11,3,1,203,7.3741
2004,11,3,2,251,4.9368
2004,11,3,3,315,5.8999
2004,11,3,4,362,4.1541
2004,11,3,5,356,2.3822
2004,12,1,1,1165,6.4558
2004,12,1,2,706,6.3919
2004,12,1,3,644,5.5002
2004,12,1,4,658,6.0162
2004,12,1,5,764,5.3495
2004,12,2,1,291,4.2049
2004,12,2,2,285,3.9475
2004,12,2,3,294,3.0118
2004,12,2,4,319,2.2354
2004,12,2,5,318,3.3691
2004,12,3,1,207,3.8959
2004,12,3,2,252,4.0467
2004,12,3,3,317,2.9100
2004,12,3,4,366,2.5351
2004,12,3,5,357,3.8182
2005,1,1,1,1022,-5.8866
2005,1,1,2,539,-4.6707
2005,1,1,3,485,-4.3717
2005,1,1,4,527,-4.1610
2005,1,1,5,652,-4.3152
2005,1,2,1,244,-3.3909
2005,1,2,2,225,-5.5106
2005,1,2,3,221,-3.3816
2005,1,2,4,269,-2.9921
2005,1,2,5,268,-4.5018
2005,1,3,1,141,-2.7261
2005,1,3,2,207,-2.3775
2005,1,3,3,247,-1.3833
2005,1,3,4,316,-3.5905
2005,1,3,5,326,-2.5292
2005,2,1,1,1149,0.8598
2005,2,1,2,662,1.1044
2005,2,1,3,574,0.0701
2005,2,1,4,583,1.9644
2005,2,1,5,734,1.7124
2005,2,2,1,272,3.5704
2005,2,2,2,266,1.8158
2005,2,2,3,247,2.1375
2005,2,2,4,293,3.1057
2005,2,2,5,287,3.2225
2005,2,3,1,168,0.9424
2005,2,3,2,226,1.8325
2005,2,3,3,282,2.6391
2005,2,3,4,331,1.9455
2005,2,3,5,336,4.6163
2005,3,1,1,1152,-5.5455
2005,3,1,2,698,-1.7758
2005,3,1,3,582,-2.2137
2005,3,1,4,582,-2.0091
2005,3,1,5,739,-2.0416
2005,3,2,1,283,-3.6581
2005,3,2,2,272,-1.0235
2005,3,2,3,249,-2.2484
2005,3,2,4,294,-1.6526
2005,3,2,5,297,-1.9234
2005,3,3,1,181,-1.2611
2005,3,3,2,233,-0.5048
2005,3,3,3,292,-1.1826
2005,3,3,4,332,-1.1773
2005,3,3,5,335,-1.9886
2005,4,1,1,1027,-8.3367
2005,4,1,2,592,-6.0530
2005,4,1,3,472,-6.3990
2005,4,1,4,469,-7.0110
2005,4,1,5,605,-6.2512
2005,4,2,1,237,-8.2392
2005,4,2,2,230,-7.0208
2005,4,2,3,209,-5.5676
2005,4,2,4,249,-6.6654
2005,4,2,5,258,-7.3538
2005,4,3,1,168,-4.2786
2005,4,3,2,194,-4.1231
2005,4,3,3,247,-3.5565
2005,4,3,4,279,-1.9678
2005,4,3,5,295,-1.8201
2005,5,1,1,1143,5.6418
2005,5,1,2,726,5.4942
2005,5,1,3,593,6.2235
2005,5,1,4,589,6.1617
2005,5,1,5,727,6.7204
2005,5,2,1,264,8.2850
2005,5,2,2,277,8.2931
2005,5,2,3,257,6.4701
2005,5,2,4,295,8.0924
2005,5,2,5,299,8.0930
2005,5,3,1,207,4.5438
2005,5,3,2,237,2.7400
2005,5,3,3,281,3.4119
2005,5,3,4,327,4.0770
2005,5,3,5,343,4.4099
2005,6,1,1,1155,4.2818
2005,6,1,2,761,4.0469
2005,6,1,3,625,4.9035
2005,6,1,4,607,3.8850
2005,6,1,5,741,5.2418
2005,6,2,1,267,4.0966
2005,6,2,2,300,3.6167
2005,6,2,3,284,2.6814
2005,6,2,4,307,2.4364
2005,6,2,5,312,2.4182
2005,6,3,1,213,1.0661
2005,6,3,2,250,0.5739
2005,6,3,3,302,0.0729
2005,6,3,4,347,-0.2476
2005,6,3,5,358,-0.6217
2005,7,1,1,1034,7.8335
2005,7,1,2,666,7.5344
2005,7,1,3,508,7.3699
2005,7,1,4,494,7.4144
2005,7,1,5,604,6.5407
2005,7,2,1,235,6.9063
2005,7,2,2,250,6.3966
2005,7,2,3,250,7.6880
2005,7,2,4,282,7.1104
2005,7,2,5,289,6.5242
2005,7,3,1,191,4.0701
2005,7,3,2,209,3.8214
2005,7,3,3,264,5.0774
2005,7,3,4,313,5.5533
2005,7,3,5,322,4.7626
2005,8,1,1,1146,-0.8591
2005,8,1,2,745,-1.4312
2005,8,1,3,638,0.1920
2005,8,1,4,625,-1.1081
2005,8,1,5,705,-1.6614
2005,8,2,1,276,-1.3191
2005,8,2,2,272,-0.9795
2005,8,2,3,294,-1.5409
2005,8,2,4,316,-1.7315
2005,8,2,5,334,-1.8298
2005,8,3,1,210,-2.2421
2005,8,3,2,246,-0.2205
2005,8,3,3,296,-1.5344
2005,8,3,4,379,0.1573
2005,8,3,5,359,-0.9206
2005,9,1,1,1141,-0.4043
2005,9,1,2,751,0.5930
2005,9,1,3,654,1.4161
2005,9,1,4,651,1.3340
2005,9,1,5,704,1.7235
2005,9,2,1,278,0.9559
2005,9,2,2,274,0.5133
2005,9,2,3,302,0.4468
2005,9,2,4,336,1.1033
2005,9,2,5,335,1.0631
2005,9,3,1,211,-0.8768
2005,9,3,2,246,0.9606
2005,9,3,3,314,0.9629
2005,9,3,4,386,0.7523
2005,9,3,5,370,0.0718
2005,10,1,1,1009,-5.3022
2005,10,1,2,614,-3.7372
2005,10,1,3,559,-3.0006
2005,10,1,4,555,-1.8715
2005,10,1,5,590,-2.4262
2005,10,2,1,250,-3.8252
2005,10,2,2,229,-4.0027
2005,10,2,3,258,-3.0142
2005,10,2,4,285,-3.8066
2005,10,2,5,306,-4.0107
2005,10,3,1,186,-1.8048
2005,10,3,2,218,-4.1259
2005,10,3,3,264,-1.2507
2005,10,3,4,344,-3.3627
2005,10,3,5,338,-2.0777
2005,11,1,1,1176,3.9031
2005,11,1,2,690,4.1427
2005,11,1,3,619,4.7445
2005,11,1,4,606,5.7127
2005,11,1,5,673,5.6902
2005,11,2,1,277,4.3279
2005,11,2,2,271,3.8816
2005,11,2,3,307,5.0422
2005,11,2,4,313,6.5018
2005,11,2,5,332,5.9451
2005,11,3,1,216,4.4790
2005,11,3,2,239,3.2750
2005,11,3,3,293,3.3275
2005,11,3,4,367,3.5216
2005,11,3,5,348,4.1512
2005,12,1,1,1177,0.2546
2005,12,1,2,689,-0.1332
2005,12,1,3,610,0.3702
2005,12,1,4,606,0.0482
2005,12,1,5,678,1.4942
2005,12,2,1,291,-1.2071
2005,12,2,2,269,0.0324
2005,12,2,3,308,-1.1171
2005,12,2,4,320,-0.9385
2005,12,2,5,334,0.1522
2005,12,3,1,222,0.0907
2005,12,3,2,243,0.7068
2005,12,3,3,292,0.0837
2005,12,3,4,371,0.7192
2005,12,3,5,352,-0.9497
2006,1,1,1,1032,9.9910
2006,1,1,2,523,8.1360
2006,1,1,3,484,8.3866
2006,1,1,4,501,10.3258
2006,1,1,5,559,10.2689
2006,1,2,1,248,9.5036
2006,1,2,2,210,8.1103
2006,1,2,3,267,10.2222
2006,1,2,4,273,9.7662
2006,1,2,5,285,8.7889
2006,1,3,1,176,4.1528
2006,1,3,2,197,3.3936
2006,1,3,3,247,2.7194
2006,1,3,4,307,3.1176
2006,1,3,5,310,3.7452
2006,2,1,1,1139,0.3106
2006,2,1,2,631,0.2991
2006,2,1,3,573,0.7666
2006,2,1,4,572,0.3411
2006,2,1,5,649,-1.4637
2006,2,2,1,276,-0.7545
2006,2,2,2,238,-0.3904
2006,2,2,3,289,0.1917
2006,2,2,4,320,-1.9852
2006,2,2,5,310,-2.4915
2006,2,3,1,190,-0.6824
2006,2,3,2,236,0.1119
2006,2,3,3,284,1.5760
2006,2,3,4,322,-0.4004
2006,2,3,5,331,-1.5803
2006,3,1,1,1142,5.5069
2006,3,1,2,647,5.7111
2006,3,1,3,567,5.9783
2006,3,1,4,568,5.1894
2006,3,1,5,645,5.8535
2006,3,2,1,276,5.6361
2006,3,2,2,240,5.3284
2006,3,2,3,299,5.1734
2006,3,2,4,315,5.6718
2006,3,2,5,316,5.5271
2006,3,3,1,190,3.3054
2006,3,3,2,245,2.8058
2006,3,3,3,288,2.6267
2006,3,3,4,312,1.7016
2006,3,3,5,330,1.4231
2006,4,1,1,1044,0.1631
2006,4,1,2,519,0.7202
2006,4,1,3,441,1.1841
2006,4,1,4,435,0.7885
2006,4,1,5,543,0.7923
2006,4,2,1,238,-0.3015
2006,4,2,2,200,1.2609
2006,4,2,3,246,0.6399
2006,4,2,4,273,0.3205
2006,4,2,5,266,1.6543
2006,4,3,1,168,-0.3294
2006,4,3,2,204,2.2548
2006,4,3,3,235,0.7406
2006,4,3,4,268,0.5882
2006,4,3,5,282,0.1843
2006,5,1,1,1143,-7.5925
2006,5,1,2,680,-5.2451
2006,5,1,3,563,-5.5099
2006,5,1,4,571,-5.7228
2006,5,1,5,659,-7.5712
2006,5,2,1,278,-5.8761
2006,5,2,2,255,-4.4580
2006,5,2,3,288,-4.8564
2006,5,2,4,309,-6.6369
2006,5,2,5,314,-6.4064
2006,5,3,1,208,-0.4656
2006,5,3,2,243,-0.8230
2006,5,3,3,300,-3.0161
2006,5,3,4,339,-3.4637
2006,5,3,5,313,-4.0342
2006,6,1,1,1170,-2.2717
2006,6,1,2,705,-0.2772
2006,6,1,3,600,-0.7432
2006,6,1,4,600,-0.6931
2006,6,1,5,680,-0.5671
2006,6,2,1,285,-1.5061
2006,6,2,2,262,-0.6725
2006,6,2,3,301,-1.4539
2006,6,2,4,316,-2.1270
2006,6,2,5,317,0.7953
2006,6,3,1,209,-0.4831
2006,6,3,2,263,-0.1857
2006,6,3,3,314,1.4100
2006,6,3,4,356,-0.7625
2006,6,3,5,330,0.4103
2006,7,1,1,1006,-4.8704
2006,7,1,2,600,-3.0617
2006,7,1,3,501,-4.1323
2006,7,1,4,510,-4.1171
2006,7,1,5,573,-4.7135
2006,7,2,1,245,-3.9002
2006,7,2,2,224,-5.2407
2006,7,2,3,238,-4.3538
2006,7,2,4,281,-4.8556
2006,7,2,5,280,-3.7907
2006,7,3,1,183,-1.1422
2006,7,3,2,221,-0.5946
2006,7,3,3,272,-1.1449
2006,7,3,4,310,-0.6263
2006,7,3,5,294,0.1003
2006,8,1,1,1171,2.2513
2006,8,1,2,694,2.8683
2006,8,1,3,613,2.9470
2006,8,1,4,665,3.9315
2006,8,1,5,658,1.6757
2006,8,2,1,277,2.6226
2006,8,2,2,259,2.8324
2006,8,2,3,294,3.6281
2006,8,2,4,337,4.0540
2006,8,2,5,323,1.8491
2006,8,3,1,210,3.4320
2006,8,3,2,260,1.8697
2006,8,3,3,309,3.2586
2006,8,3,4,359,2.0952
2006,8,3,5,340,3.2706
2006,9,1,1,1172,0.0235
2006,9,1,2,707,1.2001
2006,9,1,3,616,0.9786
2006,9,1,4,684,1.2618
2006,9,1,5,680,1.3030
2006,9,2,1,280,0.7395
2006,9,2,2,267,1.1529
2006,9,2,3,305,1.6872
2006,9,2,4,347,1.0447
2006,9,2,5,326,1.9986
2006,9,3,1,214,1.8114
2006,9,3,2,267,1.6926
2006,9,3,3,318,1.9548
2006,9,3,4,371,1.5886
2006,9,3,5,363,3.1444
2006,10,1,1,1050,6.6089
2006,10,1,2,601,6.2623
2006,10,1,3,508,5.5452
2006,10,1,4,569,6.2834
2006,10,1,5,548,7.2280
2006,10,2,1,243,6.6385
2006,10,2,2,236,5.0383
2006,10,2,3,254,5.7191
2006,10,2,4,299,4.8227
2006,10,2,5,284,6.3159
2006,10,3,1,183,4.0326
2006,10,3,2,226,3.9285
2006,10,3,3,269,3.1737
2006,10,3,4,316,3.0763
2006,10,3,5,321,4.0171
2006,11,1,1,1199,2.7485
2006,11,1,2,692,2.8727
2006,11,1,3,565,1.7241
2006,11,1,4,629,2.5625
2006,11,1,5,629,2.0603
2006,11,2,1,278,2.8398
2006,11,2,2,273,2.8576
2006,11,2,3,296,3.1514
2006,11,2,4,321,3.4933
2006,11,2,5,313,2.6052
2006,11,3,1,207,3.5687
2006,11,3,2,247,3.4730
2006,11,3,3,301,1.4966
2006,11,3,4,339,2.3039
2006,11,3,5,331,2.2033
2006,12,1,1,1194,1.3370
2006,12,1,2,694,2.6834
2006,12,1,3,574,2.3839
2006,12,1,4,630,1.6285
2006,12,1,5,634,1.0714
2006,12,2,1,289,0.5946
2006,12,2,2,275,0.3115
2006,12,2,3,296,0.2019
2006,12,2,4,324,0.0353
2006,12,2,5,316,-0.7144
2006,12,3,1,212,1.2720
2006,12,3,2,253,0.9081
2006,12,3,3,306,2.0880
2006,12,3,4,347,0.0276
2006,12,3,5,331,-0.3697
2007,1,1,1,1041,2.0388
2007,1,1,2,561,1.6562
2007,1,1,3,430,2.3987
2007,1,1,4,513,2.2388
2007,1,1,5,538,1.4110
2007,1,2,1,235,2.5118
2007,1,2,2,227,2.0675
2007,1,2,3,253,1.9385
2007,1,2,4,280,1.9462
2007,1,2,5,263,2.9442
2007,1,3,1,156,2.3246
2007,1,3,2,194,2.7824
2007,1,3,3,250,2.5906
2007,1,3,4,281,2.4043
2007,1,3,5,294,2.1077
2007,2,1,1,1158,-0.4715
2007,2,1,2,658,0.8567
2007,2,1,3,524,0.3277
2007,2,1,4,568,1.1958
2007,2,1,5,602,-0.4734
2007,2,2,1,274,-0.3416
2007,2,2,2,252,-0.0094
2007,2,2,3,286,0.7789
2007,2,2,4,310,0.0255
2007,2,2,5,287,-0.3936
2007,2,3,1,180,-0.3237
2007,2,3,2,226,-1.0047
2007,2,3,3,269,-0.8112
2007,2,3,4,290,-2.1998
2007,2,3,5,304,-2.5660
2007,3,1,1,1163,0.3062
2007,3,1,2,668,1.7841
2007,3,1,3,539,0.7766
2007,3,1,4,569,1.0210
2007,3,1,5,605,1.3657
2007,3,2,1,280,1.8597
2007,3,2,2,250,1.6800
2007,3,2,3,291,0.8917
2007,3,2,4,316,1.4648
2007,3,2,5,290,2.5203
2007,3,3,1,188,1.5864
2007,3,3,2,234,0.7456
2007,3,3,3,280,1.9963
2007,3,3,4,295,1.1100
2007,3,3,5,313,1.5040
2007,4,1,1,1042,1.6019
2007,4,1,2,565,2.6424
2007,4,1,3,419,2.8743
2007,4,1,4,456,2.3138
2007,4,1,5,487,-0.0140
2007,4,2,1,238,3.0617
2007,4,2,2,211,2.9011
2007,4,2,3,245,2.9595
2007,4,2,4,255,2.7465
2007,4,2,5,258,3.0507
2007,4,3,1,159,4.6433
2007,4,3,2,204,3.2717
2007,4,3,3,238,2.7059
2007,4,3,4,262,4.5010
2007,4,3,5,270,5.5862
2007,5,1,1,1168,2.0941
2007,5,1,2,702,3.3930
2007,5,1,3,533,4.3300
2007,5,1,4,552,3.9323
2007,5,1,5,629,3.8457
2007,5,2,1,272,4.5582
2007,5,2,2,248,5.3978
2007,5,2,3,279,5.0922
2007,5,2,4,294,5.6012
2007,5,2,5,308,3.9750
2007,5,3,1,197,3.4432
2007,5,3,2,235,3.6760
2007,5,3,3,285,5.7432
2007,5,3,4,311,4.0653
2007,5,3,5,299,3.4638
2007,6,1,1,1175,0.2404
2007,6,1,2,721,-0.0086
2007,6,1,3,553,0.4373
2007,6,1,4,584,1.0946
2007,6,1,5,658,0.6319
2007,6,2,1,269,-1.5055
2007,6,2,2,265,0.4109
2007,6,2,3,304,-0.7842
2007,6,2,4,307,-0.2232
2007,6,2,5,313,-0.7185
2007,6,3,1,197,-0.9742
2007,6,3,2,254,-0.8105
2007,6,3,3,295,-0.6161
2007,6,3,4,324,-1.0738
2007,6,3,5,319,-0.7327
2007,7,1,1,1044,-5.6099
2007,7,1,2,589,-5.7769
2007,7,1,3,464,-4.5852
2007,7,1,4,485,-5.5747
2007,7,1,5,549,-5.7156
2007,7,2,1,233,-6.3479
2007,7,2,2,219,-4.7032
2007,7,2,3,256,-4.6414
2007,7,2,4,267,-4.4827
2007,7,2,5,287,-4.2387
2007,7,3,1,170,-1.1039
2007,7,3,2,226,-2.5107
2007,7,3,3,254,-2.7554
2007,7,3,4,296,-2.0083
2007,7,3,5,284,-1.3892
2007,8,1,1,1205,-2.0047
2007,8,1,2,681,-0.7238
2007,8,1,3,534,0.9184
2007,8,1,4,570,0.5983
2007,8,1,5,646,-1.2339
2007,8,2,1,275,1.1340
2007,8,2,2,259,0.7114
2007,8,2,3,315,1.6089
2007,8,2,4,335,1.2533
2007,8,2,5,310,0.5762
2007,8,3,1,198,0.8000
2007,8,3,2,251,0.9104
2007,8,3,3,271,1.1484
2007,8,3,4,334,2.0133
2007,8,3,5,331,1.8002
2007,9,1,1,1195,1.5274
2007,9,1,2,690,0.9805
2007,9,1,3,554,1.2511
2007,9,1,4,580,0.7426
2007,9,1,5,646,1.4737
2007,9,2,1,278,1.6198
2007,9,2,2,265,1.9497
2007,9,2,3,317,1.4999
2007,9,2,4,342,1.6148
2007,9,2,5,320,1.9230
2007,9,3,1,201,5.2102
2007,9,3,2,245,3.5868
2007,9,3,3,278,3.5715
2007,9,3,4,348,3.9823
2007,9,3,5,343,4.7712
2007,10,1,1,1064,1.7464
2007,10,1,2,581,2.5845
2007,10,1,3,439,3.6344
2007,10,1,4,459,1.9209
2007,10,1,5,537,1.5795
2007,10,2,1,237,2.7134
2007,10,2,2,232,3.5106
2007,10,2,3,274,4.2116
2007,10,2,4,294,3.4710
2007,10,2,5,279,2.3237
2007,10,3,1,180,2.9742
2007,10,3,2,226,1.9159
2007,10,3,3,234,1.6740
2007,10,3,4,298,1.8630
2007,10,3,5,306,4.4345
2007,11,1,1,1191,-9.6531
2007,11,1,2,676,-9.0217
2007,11,1,3,519,-9.3602
2007,11,1,4,507,-7.8373
2007,11,1,5,606,-9.4668
2007,11,2,1,274,-9.1942
2007,11,2,2,268,-7.7319
2007,11,2,3,315,-5.9361
2007,11,2,4,340,-7.3064
2007,11,2,5,306,-7.8135
2007,11,3,1,206,-6.0374
2007,11,3,2,249,-2.7826
2007,11,3,3,270,-3.6111
2007,11,3,4,320,-3.7128
2007,11,3,5,325,-3.9996
2007,12,1,1,1177,0.1783
2007,12,1,2,682,-1.2701
2007,12,1,3,526,1.3253
2007,12,1,4,508,1.0655
2007,12,1,5,597,-0.7054
2007,12,2,1,287,-0.8591
2007,12,2,2,274,0.4195
2007,12,2,3,320,0.0258
2007,12,2,4,348,0.0984
2007,12,2,5,315,0.5082
2007,12,3,1,210,2.1700
2007,12,3,2,251,-0.3700
2007,12,3,3,280,-0.9862
2007,12,3,4,324,-0.4181
2007,12,3,5,324,0.9508
2008,1,1,1,1045,-8.3703
2008,1,1,2,539,-8.3891
2008,1,1,3,420,-8.6130
2008,1,1,4,411,-9.7466
2008,1,1,5,480,-8.8163
2008,1,2,1,257,-6.9921
2008,1,2,2,239,-7.0914
2008,1,2,3,266,-8.1604
2008,1,2,4,299,-8.7922
2008,1,2,5,257,-8.6255
2008,1,3,1,156,-6.7076
2008,1,3,2,208,-5.7048
2008,1,3,3,242,-5.4710
2008,1,3,4,268,-7.6204
2008,1,3,5,298,-8.3482
2008,2,1,1,1174,-5.0304
2008,2,1,2,633,-3.1207
2008,2,1,3,489,-2.7652
2008,2,1,4,501,-2.2163
2008,2,1,5,548,-2.8778
2008,2,2,1,304,-2.3945
2008,2,2,2,285,-2.8483
2008,2,2,3,297,-0.7038
2008,2,2,4,330,-1.1869
2008,2,2,5,290,-2.8623
2008,2,3,1,177,-1.3343
2008,2,3,2,238,-1.5466
2008,2,3,3,276,-1.7876
2008,2,3,4,295,1.9271
2008,2,3,5,313,-2.0500
2008,3,1,1,1179,-3.3814
2008,3,1,2,644,-1.3011
2008,3,1,3,500,-0.3233
2008,3,1,4,515,-0.9289
2008,3,1,5,552,0.2222
2008,3,2,1,313,-1.2703
2008,3,2,2,292,-0.3058
2008,3,2,3,315,0.1041
2008,3,2,4,337,0.8435
2008,3,2,5,296,0.0221
2008,3,3,1,186,2.3782
2008,3,3,2,239,-1.0231
2008,3,3,3,293,0.9582
2008,3,3,4,309,-1.1338
2008,3,3,5,324,0.2910
2008,4,1,1,1051,2.8754
2008,4,1,2,532,1.9317
2008,4,1,3,421,1.7219
2008,4,1,4,407,3.1103
2008,4,1,5,455,3.1976
2008,4,2,1,283,2.7167
2008,4,2,2,250,2.9412
2008,4,2,3,256,4.9870
2008,4,2,4,260,6.2837
2008,4,2,5,256,3.8498
2008,4,3,1,165,-1.1597
2008,4,3,2,204,3.6501
2008,4,3,3,249,4.8858
2008,4,3,4,262,5.9413
2008,4,3,5,272,5.1810
2008,5,1,1,1125,4.9211
2008,5,1,2,657,3.6567
2008,5,1,3,522,5.7246
2008,5,1,4,512,5.6161
2008,5,1,5,575,6.7682
2008,5,2,1,302,5.6383
2008,5,2,2,285,5.4717
2008,5,2,3,304,5.9097
2008,5,2,4,307,8.0026
2008,5,2,5,307,5.2970
2008,5,3,1,206,0.2914
2008,5,3,2,236,3.0298
2008,5,3,3,281,3.6190
2008,5,3,4,309,4.0446
2008,5,3,5,313,2.8911
2008,6,1,1,1135,-7.7328
2008,6,1,2,664,-8.9471
2008,6,1,3,543,-8.6441
2008,6,1,4,531,-8.1525
2008,6,1,5,596,-6.3837
2008,6,2,1,313,-8.1509
2008,6,2,2,299,-9.7408
2008,6,2,3,324,-10.7855
2008,6,2,4,322,-7.9085
2008,6,2,5,314,-7.9744
2008,6,3,1,205,-9.9139
2008,6,3,2,251,-8.0033
2008,6,3,3,294,-7.4720
2008,6,3,4,326,-5.2514
2008,6,3,5,324,-5.0740
2008,7,1,1,1029,2.3892
2008,7,1,2,556,1.3038
2008,7,1,3,449,1.3782
2008,7,1,4,438,4.7074
2008,7,1,5,525,2.3522
2008,7,2,1,287,-0.1282
2008,7,2,2,275,0.8983
2008,7,2,3,264,3.1181
2008,7,2,4,283,0.1626
2008,7,2,5,289,0.4358
2008,7,3,1,180,-0.2837
2008,7,3,2,224,-1.3322
2008,7,3,3,256,-2.1347
2008,7,3,4,282,-2.6605
2008,7,3,5,292,-2.3830
2008,8,1,1,1175,1.4577
2008,8,1,2,648,5.4068
2008,8,1,3,548,3.8057
2008,8,1,4,552,4.0815
2008,8,1,5,616,2.3488
2008,8,2,1,334,4.3216
2008,8,2,2,315,4.6401
2008,8,2,3,318,5.3431
2008,8,2,4,336,4.1144
2008,8,2,5,339,5.2954
2008,8,3,1,205,1.3871
2008,8,3,2,260,2.3765
2008,8,3,3,294,1.8669
2008,8,3,4,332,1.0720
2008,8,3,5,337,2.0935
2008,9,1,1,1158,-11.5843
2008,9,1,2,643,-10.3536
2008,9,1,3,561,-10.7226
2008,9,1,4,568,-11.4013
2008,9,1,5,616,-10.1103
2008,9,2,1,333,-12.1221
2008,9,2,2,311,-10.7546
2008,9,2,3,330,-10.3882
2008,9,2,4,342,-11.0053
2008,9,2,5,342,-9.9235
2008,9,3,1,198,-9.9092
2008,9,3,2,263,-10.3621
2008,9,3,3,294,-10.3252
2008,9,3,4,347,-10.6947
2008,9,3,5,348,-10.4320
2008,10,1,1,1022,-24.3578
2008,10,1,2,544,-24.7826
2008,10,1,3,471,-25.1532
2008,10,1,4,475,-20.3851
2008,10,1,5,518,-21.1889
2008,10,2,1,288,-24.6258
2008,10,2,2,260,-25.4025
2008,10,2,3,293,-23.1207
2008,10,2,4,295,-22.8665
2008,10,2,5,308,-21.2105
2008,10,3,1,171,-20.7267
2008,10,3,2,231,-19.1627
2008,10,3,3,252,-17.1763
2008,10,3,4,303,-16.0220
2008,10,3,5,317,-14.8110
2008,11,1,1,1141,-16.7198
2008,11,1,2,605,-15.2323
2008,11,1,3,547,-14.7822
2008,11,1,4,564,-13.5764
2008,11,1,5,591,-13.1400
2008,11,2,1,346,-14.6613
2008,11,2,2,313,-13.0265
2008,11,2,3,322,-10.2591
2008,11,2,4,335,-13.7431
2008,11,2,5,341,-14.1504
2008,11,3,1,202,-8.6216
2008,11,3,2,251,-8.2977
2008,11,3,3,288,-4.8156
2008,11,3,4,344,-6.1260
2008,11,3,5,344,-6.3972
2008,12,1,1,1140,2.5745
2008,12,1,2,611,5.2995
2008,12,1,3,557,6.3718
2008,12,1,4,563,6.0906
2008,12,1,5,600,4.8020
2008,12,2,1,357,6.3236
2008,12,2,2,322,5.5797
2008,12,2,3,341,4.6791
2008,12,2,4,338,5.9012
2008,12,2,5,344,5.7134
2008,12,3,1,206,1.6541
2008,12,3,2,253,3.7101
2008,12,3,3,288,1.5679
2008,12,3,4,347,2.2756
2008,12,3,5,344,2.0272
2009,1,1,1,1008,-6.7967
2009,1,1,2,470,-10.4486
2009,1,1,3,446,-9.9141
2009,1,1,4,442,-9.4251
2009,1,1,5,466,-8.5578
2009,1,2,1,310,-8.2219
2009,1,2,2,271,-8.7194
2009,1,2,3,277,-8.0269
2009,1,2,4,289,-9.4287
2009,1,2,5,298,-8.7380
2009,1,3,1,150,-11.0789
2009,1,3,2,200,-7.6054
2009,1,3,3,236,-8.9215
2009,1,3,4,285,-5.2480
2009,1,3,5,306,-3.8278
2009,2,1,1,1136,-11.3946
2009,2,1,2,569,-15.5073
2009,2,1,3,531,-13.1683
2009,2,1,4,494,-10.8555
2009,2,1,5,538,-10.6306
2009,2,2,1,353,-13.5576
2009,2,2,2,318,-11.5342
2009,2,2,3,342,-9.7165
2009,2,2,4,332,-10.9302
2009,2,2,5,340,-9.8696
2009,2,3,1,178,-13.4726
2009,2,3,2,241,-12.4748
2009,2,3,3,271,-8.4987
2009,2,3,4,316,-8.6957
2009,2,3,5,329,-7.7441
2009,3,1,1,1132,10.8345
2009,3,1,2,598,11.2781
2009,3,1,3,528,10.4119
2009,3,1,4,496,12.9738
2009,3,1,5,541,10.5102
2009,3,2,1,370,11.0927
2009,3,2,2,327,12.1738
2009,3,2,3,350,9.5952
2009,3,2,4,336,10.5969
2009,3,2,5,340,9.8564
2009,3,3,1,194,10.2835
2009,3,3,2,252,7.5473
2009,3,3,3,282,8.3220
2009,3,3,4,324,7.8899
2009,3,3,5,337,8.2866
2009,4,1,1,984,24.3272
2009,4,1,2,482,28.3140
2009,4,1,3,419,26.8310
2009,4,1,4,350,30.0904
2009,4,1,5,456,21.5726
2009,4,2,1,321,24.2887
2009,4,2,2,279,25.1848
2009,4,2,3,294,26.0149
2009,4,2,4,272,23.7555
2009,4,2,5,304,20.1040
2009,4,3,1,172,15.2973
2009,4,3,2,204,14.9099
2009,4,3,3,241,11.2350
2009,4,3,4,271,9.5689
2009,4,3,5,291,4.6076
2009,5,1,1,1065,9.6456
2009,5,1,2,601,8.9212
2009,5,1,3,526,12.8295
2009,5,1,4,451,10.4475
2009,5,1,5,547,13.0477
2009,5,2,1,347,4.1408
2009,5,2,2,337,3.8832
2009,5,2,3,349,2.1895
2009,5,2,4,325,6.1180
2009,5,2,5,364,5.1611
2009,5,3,1,218,3.4211
2009,5,3,2,232,2.7355
2009,5,3,3,288,2.1512
2009,5,3,4,315,5.4324
2009,5,3,5,332,5.2831
2009,6,1,1,1066,7.4867
2009,6,1,2,630,3.9910
2009,6,1,3,552,5.5036
2009,6,1,4,459,4.9062
2009,6,1,5,556,5.5373
2009,6,2,1,359,0.5228
2009,6,2,2,343,0.6729
2009,6,2,3,357,1.7700
2009,6,2,4,340,0.3767
2009,6,2,5,371,2.7852
2009,6,3,1,224,0.1047
2009,6,3,2,243,-1.2730
2009,6,3,3,307,-0.1432
2009,6,3,4,329,-0.5489
2009,6,3,5,340,1.8558
2009,7,1,1,909,11.0204
2009,7,1,2,541,14.5791
2009,7,1,3,446,10.2653
2009,7,1,4,369,11.9183
2009,7,1,5,438,11.5786
2009,7,2,1,301,10.9660
2009,7,2,2,298,10.0353
2009,7,2,3,319,10.4605
2009,7,2,4,281,9.8986
2009,7,2,5,321,10.6056
2009,7,3,1,183,8.9634
2009,7,3,2,220,7.9420
2009,7,3,3,258,6.9881
2009,7,3,4,276,8.2294
2009,7,3,5,303,6.9514
2009,8,1,1,1002,4.8508
2009,8,1,2,618,8.8437
2009,8,1,3,567,3.9592
2009,8,1,4,480,5.8506
2009,8,1,5,547,3.9364
2009,8,2,1,325,5.8261
2009,8,2,2,327,5.1194
2009,8,2,3,343,2.1390
2009,8,2,4,342,2.5364
2009,8,2,5,353,1.1726
2009,8,3,1,213,2.3625
2009,8,3,2,249,2.1663
2009,8,3,3,295,2.1116
2009,8,3,4,324,2.4228
2009,8,3,5,342,1.8844
2009,9,1,1,994,9.1830
2009,9,1,2,628,8.4076
2009,9,1,3,575,9.0972
2009,9,1,4,504,10.8961
2009,9,1,5,549,7.2710
2009,9,2,1,321,8.3316
2009,9,2,2,319,8.6712
2009,9,2,3,342,7.0675
2009,9,2,4,353,7.1601
2009,9,2,5,356,6.9599
2009,9,3,1,213,7.6154
2009,9,3,2,256,3.6774
2009,9,3,3,300,4.9831
2009,9,3,4,329,4.5076
2009,9,3,5,344,4.3199
2009,10,1,1,858,-8.5521
2009,10,1,2,515,-7.9874
2009,10,1,3,486,-8.2010
2009,10,1,4,442,-6.6608
2009,10,1,5,450,-7.0163
2009,10,2,1,269,-7.6101
2009,10,2,2,263,-7.8005
2009,10,2,3,274,-6.6590
2009,10,2,4,293,-5.4296
2009,10,2,5,289,-5.3649
2009,10,3,1,187,-3.0245
2009,10,3,2,218,-1.4219
2009,10,3,3,252,-1.8637
2009,10,3,4,286,-1.3172
2009,10,3,5,301,-0.3628
2009,11,1,1,981,0.3334
2009,11,1,2,570,2.0092
2009,11,1,3,536,3.0707
2009,11,1,4,492,1.3752
2009,11,1,5,560,2.5890
2009,11,2,1,302,3.5376
2009,11,2,2,286,3.7809
2009,11,2,3,307,2.4806
2009,11,2,4,325,2.6254
2009,11,2,5,311,2.3570
2009,11,3,1,206,6.8210
2009,11,3,2,250,4.8135
2009,11,3,3,291,5.0335
2009,11,3,4,315,5.9248
2009,11,3,5,326,6.6341
2009,12,1,1,980,9.1414
2009,12,1,2,566,8.9824
2009,12,1,3,529,8.9471
2009,12,1,4,489,9.5381
2009,12,1,5,560,9.2917
2009,12,2,1,302,9.0910
2009,12,2,2,285,9.0347
2009,12,2,3,304,8.5805
2009,12,2,4,320,8.8724
2009,12,2,5,311,8.6813
2009,12,3,1,208,3.1061
2009,12,3,2,249,3.4381
2009,12,3,3,292,3.4248
2009,12,3,4,316,2.1453
2009,12,3,5,329,2.6671
2010,1,1,1,832,-3.7525
2010,1,1,2,416,-2.5636
2010,1,1,3,402,-3.3859
2010,1,1,4,391,-2.9601
2010,1,1,5,475,-4.6268
2010,1,2,1,257,-4.2435
2010,1,2,2,217,-4.0689
2010,1,2,3,238,-3.8194
2010,1,2,4,255,-3.3119
2010,1,2,5,271,-3.1994
2010,1,3,1,164,-2.7683
2010,1,3,2,211,-3.4667
2010,1,3,3,238,-4.7765
2010,1,3,4,272,-3.0761
2010,1,3,5,267,-5.3202
2010,2,1,1,936,5.9776
2010,2,1,2,497,5.5492
2010,2,1,3,453,4.5728
2010,2,1,4,460,4.8500
2010,2,1,5,549,4.0547
2010,2,2,1,280,5.2077
2010,2,2,2,243,5.2501
2010,2,2,3,270,4.8789
2010,2,2,4,310,4.0219
2010,2,2,5,301,5.5594
2010,2,3,1,186,3.9368
2010,2,3,2,248,4.0808
2010,2,3,3,278,3.7174
2010,2,3,4,300,4.0981
2010,2,3,5,288,2.5664
2010,3,1,1,924,7.5570
2010,3,1,2,512,9.2057
2010,3,1,3,453,9.5296
2010,3,1,4,460,7.4035
2010,3,1,5,552,8.8423
2010,3,2,1,287,7.3062
2010,3,2,2,254,8.7137
2010,3,2,3,265,8.3512
2010,3,2,4,311,8.6903
2010,3,2,5,300,8.3500
2010,3,3,1,191,8.7977
2010,3,3,2,254,7.0434
2010,3,3,3,287,5.4592
2010,3,3,4,300,4.6139
2010,3,3,5,296,5.2795
2010,4,1,1,829,8.7114
2010,4,1,2,412,8.3617
2010,4,1,3,333,9.1358
2010,4,1,4,353,7.2920
2010,4,1,5,462,6.6383
2010,4,2,1,244,5.2394
2010,4,2,2,220,7.0030
2010,4,2,3,219,7.2332
2010,4,2,4,244,5.6453
2010,4,2,5,249,4.6083
2010,4,3,1,160,3.1474
2010,4,3,2,220,3.3622
2010,4,3,3,242,2.6549
2010,4,3,4,252,1.2350
2010,4,3,5,261,0.2265
2010,5,1,1,915,-10.0770
2010,5,1,2,539,-8.7764
2010,5,1,3,419,-8.3508
2010,5,1,4,452,-7.7004
2010,5,1,5,563,-7.6383
2010,5,2,1,285,-8.7103
2010,5,2,2,249,-8.9293
2010,5,2,3,249,-7.2465
2010,5,2,4,294,-6.5977
2010,5,2,5,288,-5.4812
2010,5,3,1,194,-8.5023
2010,5,3,2,244,-8.0564
2010,5,3,3,290,-7.1622
2010,5,3,4,301,-7.9027
2010,5,3,5,300,-7.4162
2010,6,1,1,913,-9.8220
2010,6,1,2,568,-9.1102
2010,6,1,3,438,-7.9881
2010,6,1,4,464,-5.6741
2010,6,1,5,570,-6.9102
2010,6,2,1,289,-9.1512
2010,6,2,2,253,-9.2694
2010,6,2,3,252,-8.1235
2010,6,2,4,301,-7.3658
2010,6,2,5,298,-6.2965
2010,6,3,1,192,-6.2073
2010,6,3,2,249,-7.9110
2010,6,3,3,299,-5.1747
2010,6,3,4,316,-5.5219
2010,6,3,5,309,-4.4669
2010,7,1,1,793,6.4522
2010,7,1,2,496,7.9893
2010,7,1,3,353,7.9189
2010,7,1,4,390,5.1616
2010,7,1,5,476,7.2598
2010,7,2,1,258,6.1930
2010,7,2,2,215,7.6123
2010,7,2,3,215,8.5151
2010,7,2,4,266,7.1528
2010,7,2,5,262,6.4693
2010,7,3,1,159,7.1059
2010,7,3,2,215,6.9931
2010,7,3,3,257,7.9540
2010,7,3,4,275,7.7847
2010,7,3,5,279,6.5132
2010,8,1,1,881,-9.6533
2010,8,1,2,553,-9.0571
2010,8,1,3,462,-9.2582
2010,8,1,4,503,-7.0587
2010,8,1,5,541,-7.8852
2010,8,2,1,294,-6.7268
2010,8,2,2,246,-6.4555
2010,8,2,3,241,-8.3581
2010,8,2,4,317,-6.2653
2010,8,2,5,298,-7.0829
2010,8,3,1,194,-3.3372
2010,8,3,2,235,-5.7840
2010,8,3,3,301,-4.1387
2010,8,3,4,339,-3.5866
2010,8,3,5,316,-4.3752
2010,9,1,1,867,12.7403
2010,9,1,2,562,13.0091
2010,9,1,3,478,13.2390
2010,9,1,4,510,13.0980
2010,9,1,5,544,11.9125
2010,9,2,1,283,14.5588
2010,9,2,2,246,14.4545
2010,9,2,3,247,13.3515
2010,9,2,4,320,14.5993
2010,9,2,5,303,14.9187
2010,9,3,1,192,10.2434
2010,9,3,2,234,11.7884
2010,9,3,3,315,10.2957
2010,9,3,4,350,9.7611
2010,9,3,5,322,10.6340
2010,10,1,1,738,5.0936
2010,10,1,2,467,5.8290
2010,10,1,3,398,5.3755
2010,10,1,4,436,6.8883
2010,10,1,5,437,6.6643
2010,10,2,1,242,1.6245
2010,10,2,2,208,4.8411
2010,10,2,3,217,5.1601
2010,10,2,4,283,3.1705
2010,10,2,5,263,3.8436
2010,10,3,1,168,3.0959
2010,10,3,2,202,4.9508
2010,10,3,3,258,5.6200
2010,10,3,4,311,3.1458
2010,10,3,5,288,5.2129
2010,11,1,1,860,3.6411
2010,11,1,2,535,3.2536
2010,11,1,3,449,3.7968
2010,11,1,4,506,3.9862
2010,11,1,5,518,4.7931
2010,11,2,1,279,3.4641
2010,11,2,2,241,4.0498
2010,11,2,3,262,3.2746
2010,11,2,4,310,5.0318
2010,11,2,5,289,5.5838
2010,11,3,1,192,1.5090
2010,11,3,2,228,0.6950
2010,11,3,3,278,1.1650
2010,11,3,4,346,-0.2639
2010,11,3,5,323,0.1670
2010,12,1,1,864,10.3758
2010,12,1,2,536,8.1896
2010,12,1,3,445,9.4353
2010,12,1,4,512,8.3797
2010,12,1,5,529,7.4482
2010,12,2,1,275,8.2635
2010,12,2,2,237,8.0677
2010,12,2,3,270,7.9854
2010,12,2,4,309,7.3783
2010,12,2,5,300,6.3831
2010,12,3,1,195,8.2345
2010,12,3,2,229,7.5472
2010,12,3,3,276,6.9546
2010,12,3,4,355,6.5044
2010,12,3,5,330,5.1087
2011,1,1,1,772,-2.0465
2011,1,1,2,403,-0.5473
2011,1,1,3,345,-0.0092
2011,1,1,4,419,-1.5987
2011,1,1,5,436,-0.5022
2011,1,2,1,232,1.2574
2011,1,2,2,203,1.3722
2011,1,2,3,235,1.6811
2011,1,2,4,256,1.4907
2011,1,2,5,268,-0.1649
2011,1,3,1,149,3.6052
2011,1,3,2,186,2.9669
2011,1,3,3,227,2.8473
2011,1,3,4,303,2.2978
2011,1,3,5,292,1.4758
2011,2,1,1,871,4.9689
2011,2,1,2,486,6.3362
2011,2,1,3,421,5.0081
2011,2,1,4,499,5.8130
2011,2,1,5,531,5.0427
2011,2,2,1,260,5.9490
2011,2,2,2,251,4.9395
2011,2,2,3,268,6.2584
2011,2,2,4,287,6.5249
2011,2,2,5,294,4.7206
2011,2,3,1,175,4.1700
2011,2,3,2,219,4.5750
2011,2,3,3,269,4.1947
2011,2,3,4,331,3.9990
2011,2,3,5,314,2.5932
2011,3,1,1,881,2.4097
2011,3,1,2,498,0.8806
2011,3,1,3,439,2.6016
2011,3,1,4,508,2.0583
2011,3,1,5,541,1.9098
2011,3,2,1,260,1.6571
2011,3,2,2,254,2.3754
2011,3,2,3,274,3.2767
2011,3,2,4,287,2.9749
2011,3,2,5,294,3.4867
2011,3,3,1,184,2.0221
2011,3,3,2,229,0.7181
2011,3,3,3,278,1.4922
2011,3,3,4,340,0.4587
2011,3,3,5,320,0.5947
2011,4,1,1,796,0.9532
2011,4,1,2,406,2.1727
2011,4,1,3,344,0.9281
2011,4,1,4,389,0.9935
2011,4,1,5,451,0.6168
2011,4,2,1,226,2.2480
2011,4,2,2,208,1.7497
2011,4,2,3,218,1.8589
2011,4,2,4,244,2.5417
2011,4,2,5,267,3.3908
2011,4,3,1,149,3.3063
2011,4,3,2,193,3.7002
2011,4,3,3,242,2.6778
2011,4,3,4,281,3.3653
2011,4,3,5,293,3.9085
2011,5,1,1,875,-2.7373
2011,5,1,2,504,-2.2717
2011,5,1,3,454,-1.4828
2011,5,1,4,470,-2.3286
2011,5,1,5,547,-1.7372
2011,5,2,1,250,-2.1527
2011,5,2,2,241,-1.3738
2011,5,2,3,247,-1.4701
2011,5,2,4,277,-1.5892
2011,5,2,5,316,-1.0349
2011,5,3,1,196,-1.9748
2011,5,3,2,223,-0.8888
2011,5,3,3,291,-1.6022
2011,5,3,4,336,-1.4779
2011,5,3,5,325,-0.3277
2011,6,1,1,881,-3.3052
2011,6,1,2,518,-2.4953
2011,6,1,3,470,-1.1679
2011,6,1,4,495,-1.9632
2011,6,1,5,564,-2.5518
2011,6,2,1,258,-2.2319
2011,6,2,2,242,-1.5648
2011,6,2,3,261,-1.0984
2011,6,2,4,282,-1.5882
2011,6,2,5,326,-2.0078
2011,6,3,1,202,-1.4500
2011,6,3,2,231,-2.0391
2011,6,3,3,299,-1.0407
2011,6,3,4,348,-2.1762
2011,6,3,5,333,-1.1529
2011,7,1,1,756,-2.7609
2011,7,1,2,420,-2.8061
2011,7,1,3,404,-2.3768
2011,7,1,4,398,-2.6780
2011,7,1,5,473,-2.9096
2011,7,2,1,226,-4.7173
2011,7,2,2,211,-4.6006
2011,7,2,3,228,-4.4564
2011,7,2,4,237,-5.3956
2011,7,2,5,302,-3.3739
2011,7,3,1,173,-2.8786
2011,7,3,2,203,-3.0013
2011,7,3,3,261,-3.2448
2011,7,3,4,303,-3.1523
2011,7,3,5,295,0.7353
2011,8,1,1,856,-12.9262
2011,8,1,2,505,-9.7627
2011,8,1,3,481,-9.7009
2011,8,1,4,513,-9.3002
2011,8,1,5,548,-11.0599
2011,8,2,1,264,-10.1804
2011,8,2,2,257,-10.3124
2011,8,2,3,265,-10.1560
2011,8,2,4,294,-8.8515
2011,8,2,5,317,-7.9149
2011,8,3,1,200,-6.2605
2011,8,3,2,233,-5.7708
2011,8,3,3,305,-6.0906
2011,8,3,4,355,-5.1932
2011,8,3,5,330,-4.3541
2011,9,1,1,855,-13.6670
2011,9,1,2,513,-11.1784
2011,9,1,3,488,-11.3301
2011,9,1,4,508,-10.3657
2011,9,1,5,554,-10.4529
2011,9,2,1,263,-13.3065
2011,9,2,2,259,-11.3630
2011,9,2,3,278,-12.6150
2011,9,2,4,299,-11.2155
2011,9,2,5,322,-10.5386
2011,9,3,1,202,-7.4203
2011,9,3,2,235,-9.8420
2011,9,3,3,306,-9.1437
2011,9,3,4,367,-6.9745
2011,9,3,5,344,-5.0117
2011,10,1,1,755,14.6554
2011,10,1,2,442,13.5355
2011,10,1,3,411,13.6304
2011,10,1,4,438,13.7207
2011,10,1,5,444,14.7587
2011,10,2,1,219,16.4871
2011,10,2,2,219,15.6346
2011,10,2,3,242,16.1816
2011,10,2,4,268,16.1147
2011,10,2,5,287,17.0409
2011,10,3,1,176,9.9550
2011,10,3,2,203,14.0540
2011,10,3,3,259,12.2187
2011,10,3,4,314,11.1331
2011,10,3,5,327,9.4710
2011,11,1,1,860,-3.8211
2011,11,1,2,508,-0.9351
2011,11,1,3,469,-1.7847
2011,11,1,4,487,-1.4561
2011,11,1,5,512,-1.1971
2011,11,2,1,248,-1.7446
2011,11,2,2,252,0.0001
2011,11,2,3,288,-0.1086
2011,11,2,4,290,-0.5717
2011,11,2,5,309,-0.8455
2011,11,3,1,198,-0.7887
2011,11,3,2,220,0.4104
2011,11,3,3,285,0.8085
2011,11,3,4,350,1.1106
2011,11,3,5,346,-0.5882
2011,12,1,1,863,-0.2287
2011,12,1,2,512,1.0284
2011,12,1,3,472,2.8417
2011,12,1,4,480,1.7981
2011,12,1,5,511,0.2938
2011,12,2,1,246,-0.5817
2011,12,2,2,253,0.1291
2011,12,2,3,294,-0.1309
2011,12,2,4,298,0.4703
2011,12,2,5,316,-0.9523
2011,12,3,1,199,0.3221
2011,12,3,2,223,1.0926
2011,12,3,3,285,0.0494
2011,12,3,4,358,1.0252
2011,12,3,5,349,0.2469
2012,1,1,1,729,9.8158
2012,1,1,2,392,9.3401
2012,1,1,3,360,8.4568
2012,1,1,4,377,6.9782
2012,1,1,5,422,9.0602
2012,1,2,1,201,10.5987
2012,1,2,2,207,7.7965
2012,1,2,3,235,6.4969
2012,1,2,4,257,6.9576
2012,1,2,5,282,7.6652
2012,1,3,1,136,7.7684
2012,1,3,2,166,6.2704
2012,1,3,3,220,4.8664
2012,1,3,4,293,3.2368
2012,1,3,5,313,5.1633
2012,2,1,1,827,2.2392
2012,2,1,2,497,1.7459
2012,2,1,3,428,2.0756
2012,2,1,4,414,1.6488
2012,2,1,5,484,2.1001
2012,2,2,1,222,5.0397
2012,2,2,2,250,3.2865
2012,2,2,3,271,3.9680
2012,2,2,4,289,3.3535
2012,2,2,5,310,3.6269
2012,2,3,1,158,3.4723
2012,2,3,2,210,3.6111
2012,2,3,3,269,3.8785
2012,2,3,4,334,3.0305
2012,2,3,5,325,5.6467
2012,3,1,1,830,1.3294
2012,3,1,2,495,3.1086
2012,3,1,3,426,4.3968
2012,3,1,4,410,2.2252
2012,3,1,5,484,4.6200
2012,3,2,1,230,1.6847
2012,3,2,2,246,1.7881
2012,3,2,3,262,2.7652
2012,3,2,4,286,2.2208
2012,3,2,5,307,1.4850
2012,3,3,1,165,0.7953
2012,3,3,2,222,1.5319
2012,3,3,3,277,1.4642
2012,3,3,4,334,1.9961
2012,3,3,5,326,3.9672
2012,4,1,1,746,-2.2511
2012,4,1,2,397,-3.3943
2012,4,1,3,319,-1.9527
2012,4,1,4,304,-2.5586
2012,4,1,5,405,-2.3717
2012,4,2,1,204,-1.3101
2012,4,2,2,199,-1.1707
2012,4,2,3,206,-1.0713
2012,4,2,4,239,-1.8416
2012,4,2,5,268,-1.1384
2012,4,3,1,137,-0.7846
2012,4,3,2,188,-1.2173
2012,4,3,3,237,-0.1509
2012,4,3,4,280,-0.7059
2012,4,3,5,284,-0.4799
2012,5,1,1,815,-8.8953
2012,5,1,2,498,-8.9213
2012,5,1,3,399,-9.1926
2012,5,1,4,393,-6.5155
2012,5,1,5,507,-7.9422
2012,5,2,1,229,-7.9208
2012,5,2,2,238,-8.0606
2012,5,2,3,246,-7.1209
2012,5,2,4,284,-7.0048
2012,5,2,5,312,-8.0436
2012,5,3,1,185,-8.0063
2012,5,3,2,234,-4.9093
2012,5,3,3,287,-5.2166
2012,5,3,4,329,-6.2764
2012,5,3,5,325,-6.0936
2012,6,1,1,825,4.9622
2012,6,1,2,511,6.3195
2012,6,1,3,411,6.3236
2012,6,1,4,412,5.8885
2012,6,1,5,515,6.3513
2012,6,2,1,233,4.6117
2012,6,2,2,260,4.1448
2012,6,2,3,264,4.3656
2012,6,2,4,296,4.0590
2012,6,2,5,319,3.4590
2012,6,3,1,188,2.8386
2012,6,3,2,244,3.3090
2012,6,3,3,307,2.8750
2012,6,3,4,347,4.4636
2012,6,3,5,333,3.0468
2012,7,1,1,720,-3.6063
2012,7,1,2,424,-2.2366
2012,7,1,3,316,-3.1915
2012,7,1,4,323,-1.2371
2012,7,1,5,425,-1.7265
2012,7,2,1,204,-3.5750
2012,7,2,2,222,-1.4632
2012,7,2,3,222,-2.3089
2012,7,2,4,252,-2.0309
2012,7,2,5,285,-1.9486
2012,7,3,1,160,1.0879
2012,7,3,2,207,1.1361
2012,7,3,3,252,1.0829
2012,7,3,4,295,1.0012
2012,7,3,5,299,1.3670
2012,8,1,1,807,3.6199
2012,8,1,2,509,3.3453
2012,8,1,3,385,2.8254
2012,8,1,4,421,2.6240
2012,8,1,5,500,1.9681
2012,8,2,1,222,5.1566
2012,8,2,2,271,4.4678
2012,8,2,3,273,3.4767
2012,8,2,4,300,3.8198
2012,8,2,5,311,3.9559
2012,8,3,1,205,1.8795
2012,8,3,2,244,3.9119
2012,8,3,3,288,2.7438
2012,8,3,4,364,2.5992
2012,8,3,5,344,3.1484
2012,9,1,1,802,4.7151
2012,9,1,2,517,5.0429
2012,9,1,3,385,4.4277
2012,9,1,4,432,4.0898
2012,9,1,5,506,4.9013
2012,9,2,1,224,3.0817
2012,9,2,2,270,4.1216
2012,9,2,3,278,3.4586
2012,9,2,4,301,2.4158
2012,9,2,5,317,2.1229
2012,9,3,1,212,3.5968
2012,9,3,2,247,3.3644
2012,9,3,3,292,2.0748
2012,9,3,4,373,2.8211
2012,9,3,5,352,1.8941
2012,10,1,1,688,-4.1701
2012,10,1,2,420,-3.0657
2012,10,1,3,319,-3.8235
2012,10,1,4,386,-3.6475
2012,10,1,5,422,-3.8207
2012,10,2,1,185,0.3424
2012,10,2,2,234,-0.9694
2012,10,2,3,245,-0.4613
2012,10,2,4,267,-2.1389
2012,10,2,5,269,-3.1080
2012,10,3,1,173,-2.6705
2012,10,3,2,202,-0.5309
2012,10,3,3,250,-0.1360
2012,10,3,4,321,-1.7824
2012,10,3,5,314,-4.7009
2012,11,1,1,804,1.1367
2012,11,1,2,501,1.0244
2012,11,1,3,385,0.5728
2012,11,1,4,437,0.6591
2012,11,1,5,474,1.3701
2012,11,2,1,225,1.9433
2012,11,2,2,271,1.1537
2012,11,2,3,269,0.7667
2012,11,2,4,293,1.4723
2012,11,2,5,294,2.0257
2012,11,3,1,193,1.5190
2012,11,3,2,226,2.2807
2012,11,3,3,290,1.4734
2012,11,3,4,361,1.6618
2012,11,3,5,339,0.7508
2012,12,1,1,808,2.7302
2012,12,1,2,501,4.8104
2012,12,1,3,382,5.0127
2012,12,1,4,435,3.3722
2012,12,1,5,480,3.7934
2012,12,2,1,237,3.4181
2012,12,2,2,260,4.6350
2012,12,2,3,271,4.5013
2012,12,2,4,296,3.4743
2012,12,2,5,291,2.9026
2012,12,3,1,195,1.6646
2012,12,3,2,230,3.1984
2012,12,3,3,288,1.3770
2012,12,3,4,365,1.0428
2012,12,3,5,339,-1.0166
2013,1,1,1,699,5.9801
2013,1,1,2,375,4.9380
2013,1,1,3,283,6.5088
2013,1,1,4,335,6.2298
2013,1,1,5,390,4.7438
2013,1,2,1,213,7.7193
2013,1,2,2,211,5.8480
2013,1,2,3,212,6.2623
2013,1,2,4,240,5.9507
2013,1,2,5,252,5.8456
2013,1,3,1,146,7.3543
2013,1,3,2,181,5.5469
2013,1,3,3,230,6.0600
2013,1,3,4,316,6.5040
2013,1,3,5,303,3.5396
2013,2,1,1,814,-0.5526
2013,2,1,2,437,0.6471
2013,2,1,3,343,1.1496
2013,2,1,4,382,0.7206
2013,2,1,5,476,0.5813
2013,2,2,1,247,0.1502
2013,2,2,2,239,1.8945
2013,2,2,3,250,1.1044
2013,2,2,4,268,1.1287
2013,2,2,5,276,1.2709
2013,2,3,1,174,1.1507
2013,2,3,2,216,1.3633
2013,2,3,3,260,1.6643
2013,2,3,4,342,0.8781
2013,2,3,5,322,1.0738
2013,3,1,1,819,4.8377
2013,3,1,2,444,5.8275
2013,3,1,3,347,4.6824
2013,3,1,4,373,5.8469
2013,3,1,5,480,4.2421
2013,3,2,1,248,4.8150
2013,3,2,2,246,5.5347
2013,3,2,3,247,4.7809
2013,3,2,4,264,5.4792
2013,3,2,5,281,4.8451
2013,3,3,1,173,4.0999
2013,3,3,2,220,4.1153
2013,3,3,3,268,4.9016
2013,3,3,4,340,3.5426
2013,3,3,5,324,3.0824
2013,4,1,1,742,-0.0609
2013,4,1,2,348,-0.8616
2013,4,1,3,270,-1.0287
2013,4,1,4,290,0.6727
2013,4,1,5,400,1.2756
2013,4,2,1,216,-0.1461
2013,4,2,2,198,-0.7950
2013,4,2,3,205,-2.3890
2013,4,2,4,217,-2.3246
2013,4,2,5,252,-1.0385
2013,4,3,1,136,0.0528
2013,4,3,2,193,0.9394
2013,4,3,3,229,1.3064
2013,4,3,4,273,0.8778
2013,4,3,5,285,2.0778
2013,5,1,1,801,5.1009
2013,5,1,2,438,5.9781
2013,5,1,3,361,6.9965
2013,5,1,4,387,6.4021
2013,5,1,5,496,6.0355
2013,5,2,1,238,7.4030
2013,5,2,2,239,6.0513
2013,5,2,3,253,5.2463
2013,5,2,4,275,4.9116
2013,5,2,5,286,5.7138
2013,5,3,1,182,3.3060
2013,5,3,2,230,2.9338
2013,5,3,3,277,1.7638
2013,5,3,4,321,1.4701
2013,5,3,5,325,2.4587
2013,6,1,1,797,0.6579
2013,6,1,2,451,1.4212
2013,6,1,3,372,3.0668
2013,6,1,4,404,1.6808
2013,6,1,5,509,0.5413
2013,6,2,1,243,-1.5289
2013,6,2,2,245,-0.9370
2013,6,2,3,268,0.3796
2013,6,2,4,280,-0.9817
2013,6,2,5,297,0.1430
2013,6,3,1,183,-1.1574
2013,6,3,2,243,-1.6748
2013,6,3,3,298,-0.9955
2013,6,3,4,327,-0.2812
2013,6,3,5,329,-3.2180
2013,7,1,1,672,7.2249
2013,7,1,2,366,8.5469
2013,7,1,3,299,7.9086
2013,7,1,4,322,7.3761
2013,7,1,5,434,8.0480
2013,7,2,1,216,7.8099
2013,7,2,2,210,6.5257
2013,7,2,3,217,6.7632
2013,7,2,4,237,6.2466
2013,7,2,5,266,7.6333
2013,7,3,1,158,4.7412
2013,7,3,2,208,5.5743
2013,7,3,3,259,5.5076
2013,7,3,4,280,5.0728
2013,7,3,5,301,6.2962
2013,8,1,1,790,-2.4474
2013,8,1,2,439,-2.2941
2013,8,1,3,379,-2.9446
2013,8,1,4,428,-2.8672
2013,8,1,5,490,-2.2774
2013,8,2,1,249,-3.5176
2013,8,2,2,252,-2.9684
2013,8,2,3,268,-2.2377
2013,8,2,4,289,-1.7076
2013,8,2,5,307,-1.3592
2013,8,3,1,195,-2.9671
2013,8,3,2,242,-2.6374
2013,8,3,3,303,-1.9338
2013,8,3,4,339,-2.4982
2013,8,3,5,336,-1.3954
2013,9,1,1,787,7.0562
2013,9,1,2,443,6.8610
2013,9,1,3,381,7.5312
2013,9,1,4,433,6.7860
2013,9,1,5,489,7.3821
2013,9,2,1,250,4.8696
2013,9,2,2,256,5.7490
2013,9,2,3,273,7.4840
2013,9,2,4,303,7.1861
2013,9,2,5,308,5.9230
2013,9,3,1,198,3.8851
2013,9,3,2,252,3.7628
2013,9,3,3,309,4.3019
2013,9,3,4,352,3.5787
2013,9,3,5,352,3.5471
2013,10,1,1,670,1.7477
2013,10,1,2,369,3.2305
2013,10,1,3,311,3.6946
2013,10,1,4,367,4.1385
2013,10,1,5,388,3.2500
2013,10,2,1,210,2.4897
2013,10,2,2,219,3.2115
2013,10,2,3,234,3.1886
2013,10,2,4,254,3.2446
2013,10,2,5,267,3.3433
2013,10,3,1,171,5.7579
2013,10,3,2,213,4.3963
2013,10,3,3,261,4.1293
2013,10,3,4,308,4.6569
2013,10,3,5,318,4.7551
2013,11,1,1,765,5.6661
2013,11,1,2,448,3.8949
2013,11,1,3,360,4.5640
2013,11,1,4,416,5.6734
2013,11,1,5,457,4.6599
2013,11,2,1,245,3.1558
2013,11,2,2,254,3.7444
2013,11,2,3,266,2.8030
2013,11,2,4,285,4.1486
2013,11,2,5,282,3.6183
2013,11,3,1,184,2.8005
2013,11,3,2,234,2.1589
2013,11,3,3,301,2.2747
2013,11,3,4,350,2.3059
2013,11,3,5,355,3.3759
2013,12,1,1,769,3.7223
2013,12,1,2,444,3.5089
2013,12,1,3,356,2.0424
2013,12,1,4,413,2.7345
2013,12,1,5,464,0.8258
2013,12,2,1,245,3.7943
2013,12,2,2,251,2.5214
2013,12,2,3,264,2.9722
2013,12,2,4,284,2.0486
2013,12,2,5,283,1.6042
2013,12,3,1,185,3.1563
2013,12,3,2,236,4.2385
2013,12,3,3,298,2.6829
2013,12,3,4,359,1.8212
2013,12,3,5,357,2.8104
2014,1,1,1,679,-0.6734
2014,1,1,2,332,-3.0798
2014,1,1,3,279,-2.3558
2014,1,1,4,319,-3.4387
2014,1,1,5,365,-1.4893
2014,1,2,1,209,-3.4744
2014,1,2,2,206,-2.4766
2014,1,2,3,212,-4.4951
2014,1,2,4,224,-4.9380
2014,1,2,5,248,-3.1388
2014,1,3,1,139,-5.4804
2014,1,3,2,195,-3.6178
2014,1,3,3,242,-4.0170
2014,1,3,4,292,-3.6832
2014,1,3,5,314,-2.9861
2014,2,1,1,792,5.4343
2014,2,1,2,395,4.6167
2014,2,1,3,339,3.2894
2014,2,1,4,379,4.0488
2014,2,1,5,440,3.3798
2014,2,2,1,249,6.0565
2014,2,2,2,229,5.1519
2014,2,2,3,249,4.2801
2014,2,2,4,266,5.1938
2014,2,2,5,279,5.7601
2014,2,3,1,173,4.0653
2014,2,3,2,236,5.3887
2014,2,3,3,277,6.0697
2014,2,3,4,326,4.4288
2014,2,3,5,331,5.2796
2014,3,1,1,792,-1.5375
2014,3,1,2,403,0.0675
2014,3,1,3,349,0.6952
2014,3,1,4,385,2.1673
2014,3,1,5,437,1.7623
2014,3,2,1,258,-1.7589
2014,3,2,2,233,-0.3816
2014,3,2,3,254,1.0157
2014,3,2,4,276,0.7455
2014,3,2,5,272,0.1224
2014,3,3,1,179,-0.2360
2014,3,3,2,239,-0.4155
2014,3,3,3,279,-0.2686
2014,3,3,4,338,1.0657
2014,3,3,5,333,-0.6873
2014,4,1,1,704,-6.8083
2014,4,1,2,322,-5.5649
2014,4,1,3,270,-3.2321
2014,4,1,4,295,-4.8032
2014,4,1,5,366,-4.3364
2014,4,2,1,230,-4.1446
2014,4,2,2,190,-2.6560
2014,4,2,3,210,-2.4470
2014,4,2,4,242,-2.7075
2014,4,2,5,236,-2.8572
2014,4,3,1,145,-0.2995
2014,4,3,2,198,0.2880
2014,4,3,3,239,0.9027
2014,4,3,4,269,1.2289
2014,4,3,5,292,0.6341
2014,5,1,1,795,-1.4489
2014,5,1,2,414,-1.5049
2014,5,1,3,350,0.2602
2014,5,1,4,383,-0.1162
2014,5,1,5,457,-0.3125
2014,5,2,1,254,0.7475
2014,5,2,2,244,0.5569
2014,5,2,3,256,1.0131
2014,5,2,4,271,1.2808
2014,5,2,5,282,-0.6673
2014,5,3,1,190,2.4996
2014,5,3,2,232,2.5056
2014,5,3,3,289,1.9065
2014,5,3,4,337,1.4699
2014,5,3,5,335,3.0857
2014,6,1,1,798,4.4864
2014,6,1,2,427,5.0895
2014,6,1,3,366,4.2642
2014,6,1,4,387,3.8803
2014,6,1,5,467,3.8915
2014,6,2,1,255,6.0461
2014,6,2,2,250,4.6666
2014,6,2,3,263,4.2079
2014,6,2,4,280,5.9365
2014,6,2,5,295,6.2337
2014,6,3,1,193,2.8439
2014,6,3,2,242,1.8331
2014,6,3,3,299,1.9770
2014,6,3,4,346,1.8431
2014,6,3,5,336,2.7266
2014,7,1,1,686,-8.0436
2014,7,1,2,347,-5.7907
2014,7,1,3,296,-4.9890
2014,7,1,4,322,-5.2496
2014,7,1,5,371,-6.7281
2014,7,2,1,224,-4.9812
2014,7,2,2,216,-5.1160
2014,7,2,3,219,-7.1283
2014,7,2,4,234,-6.3827
2014,7,2,5,270,-6.2821
2014,7,3,1,164,-2.4094
2014,7,3,2,208,-1.1865
2014,7,3,3,259,-2.1837
2014,7,3,4,300,-1.7979
2014,7,3,5,310,-0.3568
2014,8,1,1,778,3.5676
2014,8,1,2,429,3.3767
2014,8,1,3,351,5.2126
2014,8,1,4,380,4.9616
2014,8,1,5,432,4.3808
2014,8,2,1,262,5.4116
2014,8,2,2,262,2.9371
2014,8,2,3,269,5.2205
2014,8,2,4,273,5.3997
2014,8,2,5,310,5.7396
2014,8,3,1,199,4.0898
2014,8,3,2,255,3.7953
2014,8,3,3,312,3.2083
2014,8,3,4,362,3.9644
2014,8,3,5,359,4.8883
2014,9,1,1,774,-7.8611
2014,9,1,2,438,-7.4049
2014,9,1,3,349,-6.4106
2014,9,1,4,384,-6.3696
2014,9,1,5,440,-5.5610
2014,9,2,1,257,-7.6476
2014,9,2,2,261,-6.9129
2014,9,2,3,272,-5.9726
2014,9,2,4,282,-4.2298
2014,9,2,5,317,-4.5121
2014,9,3,1,197,-2.7020
2014,9,3,2,261,-3.3707
2014,9,3,3,313,-2.7869
2014,9,3,4,370,-2.1665
2014,9,3,5,368,-0.9964
2014,10,1,1,674,2.8315
2014,10,1,2,363,5.8756
2014,10,1,3,282,7.2856
2014,10,1,4,308,6.1086
2014,10,1,5,373,4.4640
2014,10,2,1,213,3.2710
2014,10,2,2,231,4.9867
2014,10,2,3,233,5.2572
2014,10,2,4,239,4.4552
2014,10,2,5,288,5.2891
2014,10,3,1,168,1.1334
2014,10,3,2,213,1.8905
2014,10,3,3,274,1.7817
2014,10,3,4,317,1.6288
2014,10,3,5,325,1.9694
2014,11,1,1,806,-1.1448
2014,11,1,2,417,-1.6432
2014,11,1,3,331,-1.4697
2014,11,1,4,359,-1.8843
2014,11,1,5,415,-0.6838
2014,11,2,1,257,0.1779
2014,11,2,2,290,-1.2643
2014,11,2,3,273,0.0331
2014,11,2,4,287,-0.2966
2014,11,2,5,311,1.9794
2014,11,3,1,192,2.6638
2014,11,3,2,240,3.2759
2014,11,3,3,317,2.8082
2014,11,3,4,376,2.4444
2014,11,3,5,344,3.7688
2014,12,1,1,812,4.0309
2014,12,1,2,421,5.2767
2014,12,1,3,336,5.3631
2014,12,1,4,362,4.0771
2014,12,1,5,420,5.4107
2014,12,2,1,269,1.1337
2014,12,2,2,294,1.1688
2014,12,2,3,275,0.9575
2014,12,2,4,286,2.8693
2014,12,2,5,320,1.7243
2014,12,3,1,197,-1.3979
2014,12,3,2,244,-1.1439
2014,12,3,3,321,-0.0100
2014,12,3,4,370,-0.4240
2014,12,3,5,350,-1.5924
2015,1,1,1,708,-6.3795
2015,1,1,2,334,-5.3122
2015,1,1,3,258,-4.8408
2015,1,1,4,273,-4.8770
2015,1,1,5,345,-3.6533
2015,1,2,1,232,-5.1577
2015,1,2,2,245,-5.5328
2015,1,2,3,227,-4.6584
2015,1,2,4,234,-3.8355
2015,1,2,5,277,-2.1768
2015,1,3,1,146,-1.3844
2015,1,3,2,198,-2.2674
2015,1,3,3,265,-3.0478
2015,1,3,4,297,-2.3946
2015,1,3,5,301,-1.6037
2015,2,1,1,812,6.5792
2015,2,1,2,395,6.1707
2015,2,1,3,310,6.4006
2015,2,1,4,328,6.1048
2015,2,1,5,410,5.6000
2015,2,2,1,275,8.5765
2015,2,2,2,291,7.7982
2015,2,2,3,278,6.9844
2015,2,2,4,274,7.0961
2015,2,2,5,302,6.9941
2015,2,3,1,174,8.8299
2015,2,3,2,245,7.6103
2015,2,3,3,306,6.1213
2015,2,3,4,339,5.3954
2015,2,3,5,325,6.1893
2015,3,1,1,803,-0.7132
2015,3,1,2,392,0.7748
2015,3,1,3,311,-0.2335
2015,3,1,4,327,1.9472
2015,3,1,5,413,0.6966
2015,3,2,1,280,2.4379
2015,3,2,2,289,0.6138
2015,3,2,3,271,1.2502
2015,3,2,4,271,1.5555
2015,3,2,5,300,1.2996
2015,3,3,1,177,-1.2644
2015,3,3,2,251,-0.9553
2015,3,3,3,310,-1.0575
2015,3,3,4,340,-1.6685
2015,3,3,5,332,-1.8847
2015,4,1,1,737,-1.1491
2015,4,1,2,301,0.1998
2015,4,1,3,235,1.4330
2015,4,1,4,253,-0.2990
2015,4,1,5,334,0.1085
2015,4,2,1,255,-3.1850
2015,4,2,2,240,-0.1449
2015,4,2,3,217,-1.5789
2015,4,2,4,225,-0.7028
2015,4,2,5,253,-1.1523
2015,4,3,1,141,-0.0015
2015,4,3,2,203,0.0790
2015,4,3,3,261,0.5720
2015,4,3,4,285,0.9084
2015,4,3,5,291,1.2145
2015,5,1,1,809,1.4148
2015,5,1,2,389,-0.0516
2015,5,1,3,312,-0.7238
2015,5,1,4,331,-0.7755
2015,5,1,5,400,-1.5125
2015,5,2,1,291,3.5720
2015,5,2,2,277,0.9843
2015,5,2,3,271,0.3803
2015,5,2,4,271,0.7231
2015,5,2,5,301,1.1852
2015,5,3,1,189,0.9291
2015,5,3,2,235,0.5417
2015,5,3,3,318,-0.0338
2015,5,3,4,354,0.6048
2015,5,3,5,332,2.1385
2015,6,1,1,814,1.1418
2015,6,1,2,397,0.2509
2015,6,1,3,331,1.8302
2015,6,1,4,336,0.3367
2015,6,1,5,407,1.9170
2015,6,2,1,297,2.0258
2015,6,2,2,279,-0.0751
2015,6,2,3,284,0.5300
2015,6,2,4,285,-0.1263
2015,6,2,5,307,-0.0434
2015,6,3,1,193,-1.9067
2015,6,3,2,252,-1.7549
2015,6,3,3,329,-2.3789
2015,6,3,4,370,-2.2105
2015,6,3,5,340,-2.0985
2015,7,1,1,707,-5.1400
2015,7,1,2,328,-6.9210
2015,7,1,3,267,-6.1245
2015,7,1,4,266,-7.3036
2015,7,1,5,352,-5.4371
2015,7,2,1,247,-3.5728
2015,7,2,2,228,-3.9651
2015,7,2,3,250,-2.6235
2015,7,2,4,237,-3.2795
2015,7,2,5,269,-2.0576
2015,7,3,1,168,-0.7859
2015,7,3,2,225,1.0892
2015,7,3,3,278,-0.5718
2015,7,3,4,316,2.9502
2015,7,3,5,305,2.4862
2015,8,1,1,829,-5.9325
2015,8,1,2,395,-3.3816
2015,8,1,3,345,-3.9606
2015,8,1,4,335,-3.6437
2015,8,1,5,421,-3.1166
2015,8,2,1,299,-7.1687
2015,8,2,2,275,-4.0583
2015,8,2,3,296,-5.4714
2015,8,2,4,293,-4.9394
2015,8,2,5,299,-5.0008
2015,8,3,1,209,-5.7336
2015,8,3,2,267,-6.2858
2015,8,3,3,334,-5.6611
2015,8,3,4,381,-5.9254
2015,8,3,5,358,-6.0401
2015,9,1,1,833,-9.6072
2015,9,1,2,405,-8.2716
2015,9,1,3,358,-6.9189
2015,9,1,4,346,-5.9035
2015,9,1,5,436,-5.4567
2015,9,2,1,294,-9.4797
2015,9,2,2,282,-7.6415
2015,9,2,3,305,-6.0919
2015,9,2,4,298,-4.4551
2015,9,2,5,296,-5.6953
2015,9,3,1,208,-4.8536
2015,9,3,2,267,-3.6557
2015,9,3,3,337,-2.6596
2015,9,3,4,389,-2.4979
2015,9,3,5,372,-2.2166
2015,10,1,1,733,4.9342
2015,10,1,2,337,6.6641
2015,10,1,3,302,5.9519
2015,10,1,4,288,7.2878
2015,10,1,5,359,5.0949
2015,10,2,1,258,4.4713
2015,10,2,2,242,6.7900
2015,10,2,3,268,8.3034
2015,10,2,4,258,6.9752
2015,10,2,5,262,5.5564
2015,10,3,1,179,8.0875
2015,10,3,2,222,9.0367
2015,10,3,3,283,7.5976
2015,10,3,4,334,9.7158
2015,10,3,5,325,8.5382
2015,11,1,1,803,3.3728
2015,11,1,2,413,1.7583
2015,11,1,3,354,1.4027
2015,11,1,4,335,2.3698
2015,11,1,5,417,2.9691
2015,11,2,1,277,5.4878
2015,11,2,2,273,2.6164
2015,11,2,3,290,3.0885
2015,11,2,4,293,3.7211
2015,11,2,5,300,3.1311
2015,11,3,1,199,-1.1277
2015,11,3,2,256,0.3361
2015,11,3,3,315,-0.0042
2015,11,3,4,383,0.2631
2015,11,3,5,370,0.5073
2015,12,1,1,814,-5.6528
2015,12,1,2,420,-6.3031
2015,12,1,3,353,-5.5571
2015,12,1,4,349,-5.1813
2015,12,1,5,420,-4.5137
2015,12,2,1,281,-5.8954
2015,12,2,2,271,-6.3086
2015,12,2,3,293,-5.5026
2015,12,2,4,297,-5.3622
2015,12,2,5,307,-4.6560
2015,12,3,1,205,-3.6280
2015,12,3,2,261,-3.7442
2015,12,3,3,319,-1.6149
2015,12,3,4,381,-1.6172
2015,12,3,5,372,-1.0301
2016,1,1,1,710,-14.7878
2016,1,1,2,327,-9.8068
2016,1,1,3,278,-8.9540
2016,1,1,4,278,-7.1976
2016,1,1,5,337,-7.0184
2016,1,2,1,227,-12.7033
2016,1,2,2,212,-11.6398
2016,1,2,3,236,-7.6604
2016,1,2,4,253,-8.9664
2016,1,2,5,264,-7.0444
2016,1,3,1,153,-8.1255
2016,1,3,2,200,-8.7042
2016,1,3,3,249,-4.7410
2016,1,3,4,319,-3.4527
2016,1,3,5,326,-4.5582
2016,2,1,1,797,-0.2207
2016,2,1,2,398,0.1352
2016,2,1,3,322,2.7151
2016,2,1,4,314,1.1320
2016,2,1,5,373,1.3293
2016,2,2,1,268,-0.9442
2016,2,2,2,252,2.3331
2016,2,2,3,277,1.4440
2016,2,2,4,277,1.7758
2016,2,2,5,285,2.3583
2016,2,3,1,175,-0.0060
2016,2,3,2,239,-0.2176
2016,2,3,3,290,1.8610
2016,2,3,4,345,1.2034
2016,2,3,5,342,-0.9448
2016,3,1,1,790,7.5978
2016,3,1,2,403,9.2750
2016,3,1,3,333,8.9639
2016,3,1,4,315,7.0263
2016,3,1,5,374,6.8866
2016,3,2,1,277,10.1681
2016,3,2,2,260,12.2445
2016,3,2,3,282,9.6153
2016,3,2,4,278,8.0024
2016,3,2,5,287,7.4508
2016,3,3,1,180,9.0118
2016,3,3,2,246,8.4692
2016,3,3,3,293,6.0236
2016,3,3,4,342,6.6426
2016,3,3,5,349,6.7303
2016,4,1,1,694,5.8726
2016,4,1,2,330,6.3003
2016,4,1,3,259,4.8991
2016,4,1,4,243,3.8739
2016,4,1,5,295,2.8422
2016,4,2,1,237,6.1450
2016,4,2,2,217,4.3841
2016,4,2,3,254,3.1558
2016,4,2,4,235,0.5551
2016,4,2,5,249,0.2663
2016,4,3,1,152,2.6413
2016,4,3,2,199,3.8775
2016,4,3,3,246,1.4702
2016,4,3,4,294,0.4068
2016,4,3,5,303,-2.0950
2016,5,1,1,755,-2.5761
2016,5,1,2,408,-2.9214
2016,5,1,3,329,-2.1325
2016,5,1,4,316,-0.3293
2016,5,1,5,378,1.1374
2016,5,2,1,262,0.7621
2016,5,2,2,266,0.8551
2016,5,2,3,286,-0.1252
2016,5,2,4,283,1.8955
2016,5,2,5,298,1.9654
2016,5,3,1,181,0.0308
2016,5,3,2,242,1.0422
2016,5,3,3,303,1.3107
2016,5,3,4,350,1.6974
2016,5,3,5,345,3.0273
2016,6,1,1,752,-0.9920
2016,6,1,2,420,1.9097
2016,6,1,3,340,2.5948
2016,6,1,4,327,1.9244
2016,6,1,5,395,1.5262
2016,6,2,1,268,-1.2532
2016,6,2,2,274,0.1968
2016,6,2,3,299,0.9058
2016,6,2,4,296,-0.1133
2016,6,2,5,298,0.4884
2016,6,3,1,183,1.3518
2016,6,3,2,253,1.9794
2016,6,3,3,313,1.0250
2016,6,3,4,359,1.0056
2016,6,3,5,351,-0.5795
2016,7,1,1,659,4.5260
2016,7,1,2,344,5.5132
2016,7,1,3,269,6.6960
2016,7,1,4,267,7.1028
2016,7,1,5,331,5.3116
2016,7,2,1,225,7.2502
2016,7,2,2,233,4.2523
2016,7,2,3,246,6.3206
2016,7,2,4,254,5.8200
2016,7,2,5,264,7.0468
2016,7,3,1,151,1.4862
2016,7,3,2,213,0.4725
2016,7,3,3,264,3.3963
2016,7,3,4,308,5.0901
2016,7,3,5,305,5.8159
2016,8,1,1,760,3.4503
2016,8,1,2,414,1.8994
2016,8,1,3,331,3.6374
2016,8,1,4,340,4.3571
2016,8,1,5,411,2.5154
2016,8,2,1,261,1.4932
2016,8,2,2,269,0.7733
2016,8,2,3,282,1.4136
2016,8,2,4,301,2.8116
2016,8,2,5,308,1.2476
2016,8,3,1,186,0.2426
2016,8,3,2,267,-0.6478
2016,8,3,3,299,-1.5210
2016,8,3,4,355,-0.3175
2016,8,3,5,361,0.1597
2016,9,1,1,769,6.4220
2016,9,1,2,431,3.6572
2016,9,1,3,334,2.7716
2016,9,1,4,359,3.3232
2016,9,1,5,425,2.0857
2016,9,2,1,256,0.4516
2016,9,2,2,271,2.1928
2016,9,2,3,281,1.5967
2016,9,2,4,301,1.7108
2016,9,2,5,310,0.8631
2016,9,3,1,185,0.1679
2016,9,3,2,271,-0.1830
2016,9,3,3,302,0.8275
2016,9,3,4,359,-0.1522
2016,9,3,5,370,1.1249
2016,10,1,1,689,-8.6470
2016,10,1,2,347,-5.5183
2016,10,1,3,281,-4.2216
2016,10,1,4,311,-5.7279
2016,10,1,5,367,-4.6450
2016,10,2,1,209,-8.9906
2016,10,2,2,222,-4.6502
2016,10,2,3,232,-5.3612
2016,10,2,4,263,-4.9093
2016,10,2,5,262,-5.1661
2016,10,3,1,159,-3.8103
2016,10,3,2,220,-1.8461
2016,10,3,3,250,-1.6386
2016,10,3,4,299,-2.6053
2016,10,3,5,321,-2.2763
2016,11,1,1,782,9.4620
2016,11,1,2,407,13.8238
2016,11,1,3,335,11.0793
2016,11,1,4,334,12.3878
2016,11,1,5,417,11.1048
2016,11,2,1,231,11.6441
2016,11,2,2,255,9.0576
2016,11,2,3,269,11.7480
2016,11,2,4,282,11.6080
2016,11,2,5,278,8.2937
2016,11,3,1,174,6.4054
2016,11,3,2,248,4.6635
2016,11,3,3,289,3.4149
2016,11,3,4,348,2.3088
2016,11,3,5,345,1.5877
2016,12,1,1,786,0.8285
2016,12,1,2,411,5.1015
2016,12,1,3,333,4.4109
2016,12,1,4,340,3.7552
2016,12,1,5,421,3.9208
2016,12,2,1,234,0.0342
2016,12,2,2,253,2.0332
2016,12,2,3,266,1.8845
2016,12,2,4,275,1.2302
2016,12,2,5,279,1.2555
2016,12,3,1,175,0.2419
2016,12,3,2,244,2.3856
2016,12,3,3,294,1.3140
2016,12,3,4,348,1.0955
2016,12,3,5,344,1.5132
2017,1,1,1,708,-0.6370
2017,1,1,2,323,-1.0915
2017,1,1,3,262,-2.0495
2017,1,1,4,254,-1.4040
2017,1,1,5,330,-1.2192
2017,1,2,1,199,2.6081
2017,1,2,2,205,1.3816
2017,1,2,3,216,1.1069
2017,1,2,4,212,0.3843
2017,1,2,5,232,1.0865
2017,1,3,1,134,-0.5249
2017,1,3,2,203,0.6410
2017,1,3,3,225,3.4601
2017,1,3,4,293,2.1430
2017,1,3,5,296,2.8456
2017,2,1,1,798,0.9866
2017,2,1,2,399,-0.8674
2017,2,1,3,311,-0.1823
2017,2,1,4,298,0.1385
2017,2,1,5,375,1.2765
2017,2,2,1,229,1.2362
2017,2,2,2,228,1.6205
2017,2,2,3,243,-0.2604
2017,2,2,4,238,1.2762
2017,2,2,5,249,1.4517
2017,2,3,1,162,0.8073
2017,2,3,2,236,0.5911
2017,2,3,3,254,2.0175
2017,2,3,4,325,5.1139
2017,2,3,5,309,4.2003
2017,3,1,1,804,1.3910
2017,3,1,2,397,-0.2470
2017,3,1,3,322,1.4196
2017,3,1,4,306,1.1065
2017,3,1,5,386,1.8619
2017,3,2,1,232,0.7809
2017,3,2,2,237,0.7562
2017,3,2,3,245,0.7239
2017,3,2,4,241,1.3570
2017,3,2,5,248,2.1314
2017,3,3,1,168,-0.2717
2017,3,3,2,243,-0.4068
2017,3,3,3,255,0.1507
2017,3,3,4,333,0.7140
2017,3,3,5,324,1.6174
2017,4,1,1,728,0.2910
2017,4,1,2,299,0.8771
2017,4,1,3,246,2.3998
2017,4,1,4,232,2.8959
2017,4,1,5,308,3.1053
2017,4,2,1,208,0.9700
2017,4,2,2,198,1.4636
2017,4,2,3,208,1.1062
2017,4,2,4,203,1.7293
2017,4,2,5,205,1.5835
2017,4,3,1,137,-0.5486
2017,4,3,2,203,0.2700
2017,4,3,3,210,0.9220
2017,4,3,4,280,0.8906
2017,4,3,5,286,2.5545
2017,5,1,1,770,-3.6489
2017,5,1,2,367,-1.8254
2017,5,1,3,311,-0.9609
2017,5,1,4,285,-2.6956
2017,5,1,5,376,-1.2213
2017,5,2,1,230,-0.4821
2017,5,2,2,245,-1.0853
2017,5,2,3,261,-1.3507
2017,5,2,4,252,-1.4645
2017,5,2,5,239,-0.1636
2017,5,3,1,170,-0.6345
2017,5,3,2,231,-0.2724
2017,5,3,3,261,0.7943
2017,5,3,4,325,1.1639
2017,5,3,5,335,3.2976
2017,6,1,1,777,6.2883
2017,6,1,2,378,5.5370
2017,6,1,3,323,3.7353
2017,6,1,4,299,2.4385
2017,6,1,5,388,2.8883
2017,6,2,1,238,4.9725
2017,6,2,2,249,2.4501
2017,6,2,3,264,2.3422
2017,6,2,4,261,1.4740
2017,6,2,5,246,2.0091
2017,6,3,1,168,0.2163
2017,6,3,2,246,-0.2557
2017,6,3,3,281,-0.3303
2017,6,3,4,341,0.7234
2017,6,3,5,334,-0.8930
2017,7,1,1,658,-2.0521
2017,7,1,2,296,-2.0329
2017,7,1,3,261,-0.3537
2017,7,1,4,252,0.7642
2017,7,1,5,324,0.7822
2017,7,2,1,207,1.1095
2017,7,2,2,214,0.6207
2017,7,2,3,221,1.1685
2017,7,2,4,217,1.4092
2017,7,2,5,215,0.8637
2017,7,3,1,141,1.5233
2017,7,3,2,207,2.3566
2017,7,3,3,254,2.2979
2017,7,3,4,293,1.5978
2017,7,3,5,298,2.1960
2017,8,1,1,773,-1.3354
2017,8,1,2,365,-2.8158
2017,8,1,3,320,-2.2912
2017,8,1,4,314,-0.8309
2017,8,1,5,367,-1.6820
2017,8,2,1,244,-1.2361
2017,8,2,2,254,-1.5015
2017,8,2,3,264,-1.5917
2017,8,2,4,260,-1.9931
2017,8,2,5,249,-2.2918
2017,8,3,1,186,-1.5645
2017,8,3,2,246,-2.1291
2017,8,3,3,307,-0.8514
2017,8,3,4,348,0.9482
2017,8,3,5,341,1.9554
2017,9,1,1,777,9.1389
2017,9,1,2,370,10.9610
2017,9,1,3,336,8.1114
2017,9,1,4,328,8.2052
2017,9,1,5,370,7.8428
2017,9,2,1,247,5.7417
2017,9,2,2,261,7.0247
2017,9,2,3,275,6.5494
2017,9,2,4,275,7.2780
2017,9,2,5,262,5.9397
2017,9,3,1,188,3.9272
2017,9,3,2,253,3.4334
2017,9,3,3,312,2.2019
2017,9,3,4,360,2.0587
2017,9,3,5,356,1.3323
2017,10,1,1,695,-1.2795
2017,10,1,2,321,0.9584
2017,10,1,3,276,1.0690
2017,10,1,4,275,1.5810
2017,10,1,5,299,-0.0939
2017,10,2,1,210,0.2781
2017,10,2,2,228,0.3636
2017,10,2,3,238,0.2643
2017,10,2,4,233,2.3357
2017,10,2,5,230,0.1810
2017,10,3,1,162,-0.9623
2017,10,3,2,202,0.2215
2017,10,3,3,270,2.5025
2017,10,3,4,311,3.0276
2017,10,3,5,317,3.7862
2017,11,1,1,774,4.5545
2017,11,1,2,392,3.6647
2017,11,1,3,296,4.2223
2017,11,1,4,314,1.4421
2017,11,1,5,350,4.1790
2017,11,2,1,257,3.3164
2017,11,2,2,257,2.8041
2017,11,2,3,269,3.2460
2017,11,2,4,269,2.1632
2017,11,2,5,249,3.5471
2017,11,3,1,184,2.6708
2017,11,3,2,229,3.7963
2017,11,3,3,304,3.2467
2017,11,3,4,340,3.1997
2017,11,3,5,347,2.7664
2017,12,1,1,777,1.1749
2017,12,1,2,396,1.8602
2017,12,1,3,304,-0.8713
2017,12,1,4,325,0.0009
2017,12,1,5,351,0.6148
2017,12,2,1,268,1.7705
2017,12,2,2,263,1.1079
2017,12,2,3,271,0.7495
2017,12,2,4,278,-0.1624
2017,12,2,5,253,0.7192
2017,12,3,1,185,1.5583
2017,12,3,2,230,2.5858
2017,12,3,3,302,2.1579
2017,12,3,4,348,1.4125
2017,12,3,5,355,0.7885
2018,1,1,1,709,3.0921
2018,1,1,2,320,1.2451
2018,1,1,3,224,0.2093
2018,1,1,4,264,0.4722
2018,1,1,5,289,0.4304
2018,1,2,1,225,3.2133
2018,1,2,2,218,2.3719
2018,1,2,3,203,2.6471
2018,1,2,4,225,2.2567
2018,1,2,5,221,2.8412
2018,1,3,1,133,2.7038
2018,1,3,2,183,4.1480
2018,1,3,3,248,7.4642
2018,1,3,4,278,5.0333
2018,1,3,5,307,7.2919
2018,2,1,1,793,-4.3071
2018,2,1,2,372,-5.1590
2018,2,1,3,249,-3.0872
2018,2,1,4,301,-4.0706
2018,2,1,5,323,-4.1405
2018,2,2,1,261,-5.1148
2018,2,2,2,247,-4.5751
2018,2,2,3,221,-4.5084
2018,2,2,4,263,-3.6432
2018,2,2,5,244,-3.7007
2018,2,3,1,158,-4.3729
2018,2,3,2,214,-7.0533
2018,2,3,3,279,-4.4021
2018,2,3,4,318,-3.5556
2018,2,3,5,326,-2.5018
2018,3,1,1,798,0.5484
2018,3,1,2,371,1.8925
2018,3,1,3,249,2.2413
2018,3,1,4,306,2.9957
2018,3,1,5,330,4.4447
2018,3,2,1,265,0.5503
2018,3,2,2,247,1.2132
2018,3,2,3,225,-0.1046
2018,3,2,4,259,0.9568
2018,3,2,5,243,1.0161
2018,3,3,1,159,-1.9653
2018,3,3,2,220,-1.2528
2018,3,3,3,282,-1.0902
2018,3,3,4,317,-2.1141
2018,3,3,5,330,-3.0508
2018,4,1,1,733,1.6306
2018,4,1,2,302,3.1654
2018,4,1,3,181,2.1563
2018,4,1,4,231,0.2502
2018,4,1,5,270,1.8209
2018,4,2,1,229,1.5125
2018,4,2,2,201,2.0378
2018,4,2,3,183,-0.2023
2018,4,2,4,222,1.6286
2018,4,2,5,205,0.0012
2018,4,3,1,122,1.6624
2018,4,3,2,172,1.7329
2018,4,3,3,240,0.4809
2018,4,3,4,267,0.7526
2018,4,3,5,296,-0.1543
2018,5,1,1,802,8.6387
2018,5,1,2,366,7.0758
2018,5,1,3,229,4.1518
2018,5,1,4,294,8.4556
2018,5,1,5,330,11.8363
2018,5,2,1,255,7.4743
2018,5,2,2,243,5.9294
2018,5,2,3,218,4.5106
2018,5,2,4,257,6.1905
2018,5,2,5,247,6.7052
2018,5,3,1,165,1.8341
2018,5,3,2,206,2.4746
2018,5,3,3,294,1.8603
2018,5,3,4,320,0.9478
2018,5,3,5,336,5.3666
2018,6,1,1,807,2.5436
2018,6,1,2,367,1.5908
2018,6,1,3,244,0.6650
2018,6,1,4,314,2.6262
2018,6,1,5,341,4.9454
2018,6,2,1,262,1.1691
2018,6,2,2,253,2.3133
2018,6,2,3,235,2.4496
2018,6,2,4,261,1.6235
2018,6,2,5,251,1.9051
2018,6,3,1,171,2.5329
2018,6,3,2,207,1.3987
2018,6,3,3,307,0.9327
2018,6,3,4,348,1.0349
2018,6,3,5,344,0.5942
2018,7,1,1,722,-0.2998
2018,7,1,2,282,0.4945
2018,7,1,3,207,1.9516
2018,7,1,4,253,0.6007
2018,7,1,5,277,1.0406
2018,7,2,1,230,1.8949
2018,7,2,2,209,1.8991
2018,7,2,3,205,2.6475
2018,7,2,4,222,2.1383
2018,7,2,5,229,2.3916
2018,7,3,1,148,2.7807
2018,7,3,2,180,2.5705
2018,7,3,3,265,2.5688
2018,7,3,4,299,4.0337
2018,7,3,5,303,3.2793
2018,8,1,1,828,4.4958
2018,8,1,2,339,3.6645
2018,8,1,3,277,4.5028
2018,8,1,4,307,3.8962
2018,8,1,5,324,5.7649
2018,8,2,1,274,4.7776
2018,8,2,2,257,4.6405
2018,8,2,3,277,4.8008
2018,8,2,4,263,3.4744
2018,8,2,5,272,6.8693
2018,8,3,1,185,2.2621
2018,8,3,2,233,0.9397
2018,8,3,3,308,2.5362
2018,8,3,4,374,3.7151
2018,8,3,5,349,5.8464
2018,9,1,1,831,-3.8376
2018,9,1,2,346,-1.3980
2018,9,1,3,284,-2.7840
2018,9,1,4,322,-3.2134
2018,9,1,5,330,-2.5933
2018,9,2,1,277,-3.2512
2018,9,2,2,261,-1.5218
2018,9,2,3,284,-1.1277
2018,9,2,4,268,-2.2845
2018,9,2,5,279,-2.4439
2018,9,3,1,189,-0.0920
2018,9,3,2,237,0.6769
2018,9,3,3,320,2.2228
2018,9,3,4,379,1.5174
2018,9,3,5,366,-0.1616
2018,10,1,1,747,-12.2717
2018,10,1,2,279,-11.3076
2018,10,1,3,248,-9.7035
2018,10,1,4,266,-11.1044
2018,10,1,5,276,-9.6684
2018,10,2,1,245,-12.7747
2018,10,2,2,234,-11.3226
2018,10,2,3,243,-11.1595
2018,10,2,4,226,-11.2278
2018,10,2,5,245,-11.0992
2018,10,3,1,157,-7.0450
2018,10,3,2,196,-7.9451
2018,10,3,3,269,-7.2084
2018,10,3,4,325,-8.1403
2018,10,3,5,325,-8.8830
2018,11,1,1,821,-2.3821
2018,11,1,2,350,-1.5833
2018,11,1,3,285,-1.9961
2018,11,1,4,287,-1.0385
2018,11,1,5,321,-2.0040
2018,11,2,1,284,1.2363
2018,11,2,2,267,1.4222
2018,11,2,3,268,1.5903
2018,11,2,4,265,1.0115
2018,11,2,5,269,0.0784
2018,11,3,1,185,2.8125
2018,11,3,2,239,0.9266
2018,11,3,3,316,3.3187
2018,11,3,4,354,1.0312
2018,11,3,5,353,1.1201
2018,12,1,1,816,-14.0920
2018,12,1,2,356,-12.1501
2018,12,1,3,292,-12.2889
2018,12,1,4,296,-10.2532
2018,12,1,5,318,-11.1479
2018,12,2,1,291,-12.5810
2018,12,2,2,271,-12.2770
2018,12,2,3,263,-12.3425
2018,12,2,4,276,-12.8669
2018,12,2,5,275,-11.3480
2018,12,3,1,188,-9.7914
2018,12,3,2,246,-10.9889
2018,12,3,3,320,-8.8661
2018,12,3,4,363,-8.7872
2018,12,3,5,361,-7.8878
2019,1,1,1,722,15.0091
2019,1,1,2,281,12.8153
2019,1,1,3,222,11.6725
2019,1,1,4,217,9.4531
2019,1,1,5,257,11.4393
2019,1,2,1,254,13.3646
2019,1,2,2,214,11.4637
2019,1,2,3,210,12.4996
2019,1,2,4,224,12.2031
2019,1,2,5,234,11.3249
2019,1,3,1,136,8.2026
2019,1,3,2,203,11.4713
2019,1,3,3,259,7.4282
2019,1,3,4,305,8.0198
2019,1,3,5,313,8.0846
2019,2,1,1,808,4.7697
2019,2,1,2,332,5.5062
2019,2,1,3,260,4.1171
2019,2,1,4,255,6.6397
2019,2,1,5,282,5.1040
2019,2,2,1,277,4.5310
2019,2,2,2,259,3.7739
2019,2,2,3,242,5.5713
2019,2,2,4,261,5.8049
2019,2,2,5,259,5.0356
2019,2,3,1,172,2.8521
2019,2,3,2,242,2.8836
2019,2,3,3,307,4.4866
2019,2,3,4,339,3.8271
2019,2,3,5,332,3.6583
2019,3,1,1,812,-1.5221
2019,3,1,2,343,-3.6531
2019,3,1,3,260,-2.9105
2019,3,1,4,261,-2.1414
2019,3,1,5,292,-3.2076
2019,3,2,1,284,-1.4031
2019,3,2,2,260,-1.6290
2019,3,2,3,249,-2.5468
2019,3,2,4,269,-2.4585
2019,3,2,5,260,-2.1483
2019,3,3,1,180,0.1355
2019,3,3,2,251,0.6933
2019,3,3,3,311,1.3903
2019,3,3,4,353,1.6035
2019,3,3,5,344,3.5290
2019,4,1,1,743,0.5569
2019,4,1,2,280,2.5811
2019,4,1,3,183,3.2103
2019,4,1,4,192,3.3489
2019,4,1,5,247,3.1627
2019,4,2,1,251,1.6709
2019,4,2,2,214,3.7505
2019,4,2,3,191,3.5275
2019,4,2,4,230,3.4207
2019,4,2,5,221,4.0889
2019,4,3,1,140,4.9277
2019,4,3,2,219,3.9222
2019,4,3,3,256,3.2107
2019,4,3,4,277,3.6717
2019,4,3,5,288,3.9553
2019,5,1,1,789,-8.4177
2019,5,1,2,345,-12.1449
2019,5,1,3,272,-10.6610
2019,5,1,4,252,-11.1966
2019,5,1,5,315,-7.8942
2019,5,2,1,283,-9.7697
2019,5,2,2,259,-10.0006
2019,5,2,3,248,-10.4336
2019,5,2,4,269,-10.7680
2019,5,2,5,251,-10.6856
2019,5,3,1,187,-7.5344
2019,5,3,2,245,-6.0871
2019,5,3,3,314,-6.2358
2019,5,3,4,344,-6.8587
2019,5,3,5,340,-7.9421
2019,6,1,1,805,5.0972
2019,6,1,2,355,6.9821
2019,6,1,3,280,7.2122
2019,6,1,4,260,7.0881
2019,6,1,5,326,5.4848
2019,6,2,1,301,8.0098
2019,6,2,2,271,8.1839
2019,6,2,3,257,8.9497
2019,6,2,4,275,7.7393
2019,6,2,5,260,8.2151
2019,6,3,1,195,6.8380
2019,6,3,2,265,7.7143
2019,6,3,3,324,7.6329
2019,6,3,4,356,7.8252
2019,6,3,5,346,7.5117
2019,7,1,1,734,-3.0226
2019,7,1,2,296,-1.1763
2019,7,1,3,229,-0.9062
2019,7,1,4,207,-1.2354
2019,7,1,5,268,1.4709
2019,7,2,1,258,-1.2962
2019,7,2,2,234,-0.8771
2019,7,2,3,224,0.5827
2019,7,2,4,232,-0.3161
2019,7,2,5,234,0.6456
2019,7,3,1,172,0.5411
2019,7,3,2,217,0.7712
2019,7,3,3,271,0.9487
2019,7,3,4,305,0.9850
2019,7,3,5,315,2.3143
2019,8,1,1,831,-7.3997
2019,8,1,2,365,-7.3772
2019,8,1,3,284,-7.0083
2019,8,1,4,258,-6.3895
2019,8,1,5,334,-6.3983
2019,8,2,1,297,-3.0774
2019,8,2,2,271,-6.9282
2019,8,2,3,260,-6.7383
2019,8,2,4,286,-6.7657
2019,8,2,5,265,-6.1708
2019,8,3,1,192,-2.2080
2019,8,3,2,256,-2.5216
2019,8,3,3,319,-1.9334
2019,8,3,4,373,-1.7316
2019,8,3,5,362,-1.7639
2019,9,1,1,832,1.3280
2019,9,1,2,364,5.1709
2019,9,1,3,292,4.0552
2019,9,1,4,282,4.6421
2019,9,1,5,339,0.6820
2019,9,2,1,300,0.3476
2019,9,2,2,278,4.2294
2019,9,2,3,273,2.7718
2019,9,2,4,286,4.2329
2019,9,2,5,274,3.4668
2019,9,3,1,197,1.4992
2019,9,3,2,261,2.3635
2019,9,3,3,340,1.6332
2019,9,3,4,382,1.4618
2019,9,3,5,375,0.9758
2019,10,1,1,741,0.1011
2019,10,1,2,293,-0.6454
2019,10,1,3,254,0.9827
2019,10,1,4,230,-0.0433
2019,10,1,5,271,-0.6543
2019,10,2,1,260,2.7356
2019,10,2,2,242,1.6874
2019,10,2,3,240,1.6131
2019,10,2,4,235,2.2238
2019,10,2,5,222,1.8061
2019,10,3,1,169,1.6878
2019,10,3,2,218,1.6111
2019,10,3,3,280,0.0389
2019,10,3,4,322,2.1968
2019,10,3,5,339,3.6042
2019,11,1,1,814,5.8654
2019,11,1,2,343,4.3189
2019,11,1,3,291,5.2248
2019,11,1,4,274,-0.2546
2019,11,1,5,310,2.2920
2019,11,2,1,298,5.5782
2019,11,2,2,274,3.2339
2019,11,2,3,275,3.6640
2019,11,2,4,269,3.2150
2019,11,2,5,250,3.3081
2019,11,3,1,184,3.3455
2019,11,3,2,264,4.9318
2019,11,3,3,317,3.1009
2019,11,3,4,381,4.5084
2019,11,3,5,354,3.7687
2019,12,1,1,811,7.8069
2019,12,1,2,342,3.9558
2019,12,1,3,292,5.0387
2019,12,1,4,274,5.6815
2019,12,1,5,310,5.3581
2019,12,2,1,307,4.3760
2019,12,2,2,285,3.2373
2019,12,2,3,277,4.0344
2019,12,2,4,268,3.3233
2019,12,2,5,257,3.5199
2019,12,3,1,196,1.5476
2019,12,3,2,266,1.3194
2019,12,3,3,319,2.1498
2019,12,3,4,383,3.0349
2019,12,3,5,360,3.5704
2020,1,1,1,734,-4.8147
2020,1,1,2,277,-6.3123
2020,1,1,3,208,-6.3935
2020,1,1,4,219,-6.9067
2020,1,1,5,249,-7.0084
2020,1,2,1,259,-3.0790
2020,1,2,2,238,-5.1555
2020,1,2,3,198,-5.4562
2020,1,2,4,212,-5.2724
2020,1,2,5,216,-5.4602
2020,1,3,1,152,1.4040
2020,1,3,2,216,-1.8633
2020,1,3,3,256,-2.3012
2020,1,3,4,304,0.0104
2020,1,3,5,314,1.7293
2020,2,1,1,815,-5.9455
2020,2,1,2,329,-6.7823
2020,2,1,3,237,-11.9248
2020,2,1,4,259,-7.4861
2020,2,1,5,295,-6.9921
2020,2,2,1,308,-6.3121
2020,2,2,2,276,-9.9851
2020,2,2,3,239,-11.3862
2020,2,2,4,259,-11.8331
2020,2,2,5,240,-8.6352
2020,2,3,1,189,-8.7908
2020,2,3,2,254,-9.9155
2020,2,3,3,297,-7.9574
2020,2,3,4,334,-7.5435
2020,2,3,5,330,-6.6295
2020,3,1,1,826,-23.5532
2020,3,1,2,334,-30.1150
2020,3,1,3,233,-28.2475
2020,3,1,4,264,-26.4268
2020,3,1,5,298,-24.2776
2020,3,2,1,314,-24.1964
2020,3,2,2,278,-27.4827
2020,3,2,3,240,-26.8730
2020,3,2,4,267,-23.7823
2020,3,2,5,240,-21.5029
2020,3,3,1,199,-20.3816
2020,3,3,2,262,-18.8307
2020,3,3,3,303,-14.6844
2020,3,3,4,335,-12.2813
2020,3,3,5,332,-7.2529
2020,4,1,1,757,18.7187
2020,4,1,2,262,22.5187
2020,4,1,3,174,22.0696
2020,4,1,4,202,21.0026
2020,4,1,5,250,22.0642
2020,4,2,1,310,17.9000
2020,4,2,2,231,17.2940
2020,4,2,3,201,17.1707
2020,4,2,4,218,17.8062
2020,4,2,5,216,17.9913
2020,4,3,1,175,14.7182
2020,4,3,2,223,14.1391
2020,4,3,3,251,13.1379
2020,4,3,4,281,13.1781
2020,4,3,5,290,15.2491
2020,5,1,1,803,8.5667
2020,5,1,2,309,5.1771
2020,5,1,3,226,6.6352
2020,5,1,4,256,6.5836
2020,5,1,5,308,6.8866
2020,5,2,1,347,11.3270
2020,5,2,2,270,6.7497
2020,5,2,3,255,6.5399
2020,5,2,4,270,6.3642
2020,5,2,5,269,9.1248
2020,5,3,1,223,10.8225
2020,5,3,2,256,5.9947
2020,5,3,3,291,5.6879
2020,5,3,4,331,4.9721
2020,5,3,5,339,5.6071
2020,6,1,1,811,8.8157
2020,6,1,2,314,4.3636
2020,6,1,3,244,3.7230
2020,6,1,4,264,7.8879
2020,6,1,5,317,8.9794
2020,6,2,1,353,6.4885
2020,6,2,2,275,1.4801
2020,6,2,3,268,4.0784
2020,6,2,4,275,4.0142
2020,6,2,5,271,5.2581
2020,6,3,1,232,2.4237
2020,6,3,2,261,1.3995
2020,6,3,3,305,1.2253
2020,6,3,4,344,2.3872
2020,6,3,5,336,4.8863
2020,7,1,1,704,-5.7052
2020,7,1,2,257,4.9821
2020,7,1,3,204,3.7060
2020,7,1,4,196,2.9874
2020,7,1,5,257,4.4247
2020,7,2,1,309,4.5698
2020,7,2,2,225,5.2789
2020,7,2,3,225,4.7101
2020,7,2,4,231,4.1278
2020,7,2,5,231,4.4978
2020,7,3,1,209,6.1887
2020,7,3,2,217,4.1444
2020,7,3,3,260,4.4178
2020,7,3,4,289,7.0664
2020,7,3,5,307,7.7159
2020,8,1,1,783,7.3404
2020,8,1,2,321,8.5415
2020,8,1,3,269,6.8620
2020,8,1,4,247,5.0792
2020,8,1,5,324,6.9075
2020,8,2,1,348,8.5924
2020,8,2,2,272,7.5078
2020,8,2,3,275,5.4403
2020,8,2,4,283,4.1872
2020,8,2,5,283,3.0137
2020,8,3,1,248,5.2923
2020,8,3,2,262,6.7885
2020,8,3,3,320,4.9197
2020,8,3,4,354,10.1598
2020,8,3,5,358,9.8553
2020,9,1,1,778,-3.4565
2020,9,1,2,317,-3.5426
2020,9,1,3,274,-5.4318
2020,9,1,4,252,-5.4279
2020,9,1,5,314,-2.2931
2020,9,2,1,342,-1.2573
2020,9,2,2,274,-3.4595
2020,9,2,3,276,-4.7466
2020,9,2,4,278,-3.4201
2020,9,2,5,280,-3.6326
2020,9,3,1,256,-1.4146
2020,9,3,2,270,-2.6720
2020,9,3,3,324,-1.6092
2020,9,3,4,363,-3.0699
2020,9,3,5,371,-5.4957
2020,10,1,1,699,-5.3881
2020,10,1,2,273,-0.9532
2020,10,1,3,232,0.2498
2020,10,1,4,217,1.9284
2020,10,1,5,252,0.9292
2020,10,2,1,291,-0.6830
2020,10,2,2,237,1.1850
2020,10,2,3,244,2.4071
2020,10,2,4,243,3.0842
2020,10,2,5,228,2.3011
2020,10,3,1,213,-0.9509
2020,10,3,2,230,-1.4495
2020,10,3,3,275,-0.9554
2020,10,3,4,305,-2.4013
2020,10,3,5,344,-3.3089
2020,11,1,1,750,27.7938
2020,11,1,2,330,26.8346
2020,11,1,3,272,24.5134
2020,11,1,4,251,20.5048
2020,11,1,5,312,23.5072
2020,11,2,1,325,24.9081
2020,11,2,2,256,22.1226
2020,11,2,3,294,19.0014
2020,11,2,4,274,19.9323
2020,11,2,5,272,19.5478
2020,11,3,1,235,16.8632
2020,11,3,2,267,18.4782
2020,11,3,3,327,12.2020
2020,11,3,4,344,12.3704
2020,11,3,5,373,9.0993
2020,12,1,1,746,12.3777
2020,12,1,2,330,10.4829
2020,12,1,3,276,10.1290
2020,12,1,4,255,8.6020
2020,12,1,5,319,8.5447
2020,12,2,1,329,10.6560
2020,12,2,2,262,9.4546
2020,12,2,3,294,7.8396
2020,12,2,4,278,9.2397
2020,12,2,5,285,9.1245
2020,12,3,1,246,4.5681
2020,12,3,2,272,6.6373
2020,12,3,3,327,3.0607
2020,12,3,4,352,4.0802
2020,12,3,5,381,4.4355
2021,1,1,1,652,16.6904
2021,1,1,2,276,21.4040
2021,1,1,3,209,8.1249
2021,1,1,4,199,7.4636
2021,1,1,5,276,19.5426
2021,1,2,1,274,9.6114
2021,1,2,2,212,8.4359
2021,1,2,3,218,4.7576
2021,1,2,4,231,4.3602
2021,1,2,5,230,9.1478
2021,1,3,1,198,0.4788
2021,1,3,2,230,1.3326
2021,1,3,3,268,-0.1733
2021,1,3,4,294,-0.4175
2021,1,3,5,331,0.0776
2021,2,1,1,729,5.9775
2021,2,1,2,340,10.2161
2021,2,1,3,247,11.1586
2021,2,1,4,236,10.7754
2021,2,1,5,315,9.7818
2021,2,2,1,323,7.0416
2021,2,2,2,239,5.6242
2021,2,2,3,249,9.2991
2021,2,2,4,266,9.3623
2021,2,2,5,259,6.4122
2021,2,3,1,215,8.9618
2021,2,3,2,268,5.1321
2021,2,3,3,317,2.1200
2021,2,3,4,349,1.8516
2021,2,3,5,358,-0.1869
2021,3,1,1,732,-1.8423
2021,3,1,2,343,1.6260
2021,3,1,3,250,5.9407
2021,3,1,4,236,3.8310
2021,3,1,5,318,1.6319
2021,3,2,1,337,-2.2904
2021,3,2,2,242,3.2401
2021,3,2,3,251,3.3157
2021,3,2,4,263,2.6241
2021,3,2,5,262,3.3526
2021,3,3,1,223,-1.1667
2021,3,3,2,278,1.5790
2021,3,3,3,317,2.5640
2021,3,3,4,356,3.4141
2021,3,3,5,351,2.6917
2021,4,1,1,664,-3.3172
2021,4,1,2,270,1.5999
2021,4,1,3,199,0.2058
2021,4,1,4,178,1.4785
2021,4,1,5,253,-1.2765
2021,4,2,1,298,1.4318
2021,4,2,2,195,4.0263
2021,4,2,3,215,2.6854
2021,4,2,4,218,2.6813
2021,4,2,5,229,2.3124
2021,4,3,1,194,2.2282
2021,4,3,2,230,3.7824
2021,4,3,3,257,4.7201
2021,4,3,4,298,3.6644
2021,4,3,5,300,6.1994
2021,5,1,1,734,1.0402
2021,5,1,2,340,5.3381
2021,5,1,3,251,4.7277
2021,5,1,4,230,5.2264
2021,5,1,5,307,4.5515
2021,5,2,1,323,-1.5764
2021,5,2,2,258,1.2033
2021,5,2,3,240,3.0321
2021,5,2,4,258,3.3211
2021,5,2,5,242,2.8099
2021,5,3,1,220,-1.6068
2021,5,3,2,260,0.3230
2021,5,3,3,302,1.1358
2021,5,3,4,323,0.7358
2021,5,3,5,354,-1.0345
2021,6,1,1,737,7.8875
2021,6,1,2,339,2.2236
2021,6,1,3,253,1.2525
2021,6,1,4,234,-0.3075
2021,6,1,5,312,1.0766
2021,6,2,1,318,5.1280
2021,6,2,2,264,1.9383
2021,6,2,3,249,1.1033
2021,6,2,4,265,0.5954
2021,6,2,5,239,1.6528
2021,6,3,1,221,2.3486
2021,6,3,2,275,1.5174
2021,6,3,3,305,1.0862
2021,6,3,4,326,2.1159
2021,6,3,5,353,6.2516
2021,7,1,1,663,-9.9535
2021,7,1,2,276,-3.6777
2021,7,1,3,193,-2.1381
2021,7,1,4,175,-1.8005
2021,7,1,5,236,-3.0254
2021,7,2,1,293,-7.7443
2021,7,2,2,227,-2.8828
2021,7,2,3,214,-2.4884
2021,7,2,4,208,-0.8129
2021,7,2,5,201,-0.5729
2021,7,3,1,180,-2.5077
2021,7,3,2,230,-1.2444
2021,7,3,3,262,0.9816
2021,7,3,4,268,3.3710
2021,7,3,5,312,3.0532
2021,8,1,1,808,2.2655
2021,8,1,2,325,1.9621
2021,8,1,3,239,3.7134
2021,8,1,4,237,1.7903
2021,8,1,5,282,0.8630
2021,8,2,1,346,-0.7633
2021,8,2,2,267,0.4072
2021,8,2,3,257,0.4386
2021,8,2,4,257,2.7787
2021,8,2,5,238,2.1951
2021,8,3,1,215,1.3845
2021,8,3,2,285,1.4360
2021,8,3,3,306,1.1952
2021,8,3,4,330,2.1455
2021,8,3,5,369,4.3319
2021,9,1,1,811,-4.2868
2021,9,1,2,339,-1.8057
2021,9,1,3,240,-3.6341
2021,9,1,4,242,-3.2317
2021,9,1,5,283,-3.6390
2021,9,2,1,350,-2.9133
2021,9,2,2,269,-4.2470
2021,9,2,3,260,-3.4027
2021,9,2,4,259,-2.4396
2021,9,2,5,232,-3.3067
2021,9,3,1,226,-1.8018
2021,9,3,2,285,-3.0161
2021,9,3,3,317,-4.2333
2021,9,3,4,335,-4.2867
2021,9,3,5,376,-5.9878
2021,10,1,1,760,-0.7798
2021,10,1,2,272,1.9281
2021,10,1,3,192,4.0006
2021,10,1,4,206,4.8237
2021,10,1,5,229,2.5181
2021,10,2,1,316,2.5268
2021,10,2,2,231,3.3572
2021,10,2,3,229,2.8904
2021,10,2,4,211,3.5880
2021,10,2,5,180,6.2043
2021,10,3,1,200,5.2914
2021,10,3,2,239,2.9625
2021,10,3,3,269,4.7671
2021,10,3,4,278,4.5797
2021,10,3,5,350,9.4993
2021,11,1,1,856,-10.5718
2021,11,1,2,326,-6.9217
2021,11,1,3,235,-5.3868
2021,11,1,4,248,-4.0499
2021,11,1,5,277,-3.3567
2021,11,2,1,347,-8.2889
2021,11,2,2,265,-4.2453
2021,11,2,3,255,-1.9772
2021,11,2,4,235,-1.2345
2021,11,2,5,211,-0.3663
2021,11,3,1,231,-4.9092
2021,11,3,2,272,-5.6948
2021,11,3,3,332,-4.0470
2021,11,3,4,334,-0.6552
2021,11,3,5,380,1.5997
2021,12,1,1,865,-5.1526
2021,12,1,2,331,2.9510
2021,12,1,3,231,2.2773
2021,12,1,4,260,5.1156
2021,12,1,5,286,2.4574
2021,12,2,1,359,-1.1569
2021,12,2,2,269,2.8441
2021,12,2,3,249,5.1131
2021,12,2,4,241,4.5584
2021,12,2,5,215,2.7648
2021,12,3,1,231,0.3141
2021,12,3,2,268,4.2774
2021,12,3,3,333,4.3048
2021,12,3,4,339,3.9130
2021,12,3,5,395,2.2240
2022,1,1,1,797,-14.7061
2022,1,1,2,261,-5.9693
2022,1,1,3,163,-5.2353
2022,1,1,4,193,-5.6276
2022,1,1,5,231,-7.6912
2022,1,2,1,306,-13.6084
2022,1,2,2,220,-8.0845
2022,1,2,3,217,-7.6996
2022,1,2,4,183,-7.5478
2022,1,2,5,184,-8.3237
2022,1,3,1,184,-12.6367
2022,1,3,2,217,-5.6427
2022,1,3,3,275,-3.3434
2022,1,3,4,280,-6.7227
2022,1,3,5,338,-7.4857
2022,2,1,1,930,-1.4968
2022,2,1,2,324,0.3366
2022,2,1,3,204,2.9590
2022,2,1,4,217,1.7030
2022,2,1,5,261,2.3930
2022,2,2,1,362,2.9075
2022,2,2,2,256,0.7388
2022,2,2,3,251,0.8296
2022,2,2,4,212,1.2938
2022,2,2,5,208,2.1528
2022,2,3,1,196,0.1532
2022,2,3,2,262,-2.4239
2022,2,3,3,321,-0.6610
2022,2,3,4,335,-1.4462
2022,2,3,5,361,-3.6290
2022,3,1,1,938,2.7024
2022,3,1,2,337,2.1242
2022,3,1,3,220,1.7563
2022,3,1,4,218,1.1741
2022,3,1,5,265,-0.5361
2022,3,2,1,360,1.2985
2022,3,2,2,261,1.4169
2022,3,2,3,260,2.1460
2022,3,2,4,215,0.5176
2022,3,2,5,210,0.3767
2022,3,3,1,202,-1.3548
2022,3,3,2,271,0.3679
2022,3,3,3,331,3.6466
2022,3,3,4,342,3.6132
2022,3,3,5,362,4.8874
2022,4,1,1,891,-15.0290
2022,4,1,2,269,-9.2132
2022,4,1,3,176,-5.4221
2022,4,1,4,171,-6.8404
2022,4,1,5,217,-5.8181
2022,4,2,1,308,-14.2143
2022,4,2,2,233,-8.6821
2022,4,2,3,222,-8.5772
2022,4,2,4,163,-7.4513
2022,4,2,5,182,-7.0811
2022,4,3,1,167,-14.4487
2022,4,3,2,231,-7.9467
2022,4,3,3,274,-4.6898
2022,4,3,4,291,-5.7022
2022,4,3,5,310,-11.8702
2022,5,1,1,978,-5.2776
2022,5,1,2,337,-0.2953
2022,5,1,3,234,-0.0773
2022,5,1,4,215,-0.1878
2022,5,1,5,256,3.8880
2022,5,2,1,342,-3.7446
2022,5,2,2,287,-0.4297
2022,5,2,3,283,1.6359
2022,5,2,4,210,1.3469
2022,5,2,5,203,2.2577
2022,5,3,1,200,-5.9608
2022,5,3,2,271,-0.8739
2022,5,3,3,322,0.0124
2022,5,3,4,348,0.1193
2022,5,3,5,359,-1.4564
2022,6,1,1,988,-7.4647
2022,6,1,2,345,-9.4738
2022,6,1,3,239,-9.6774
2022,6,1,4,223,-9.8332
2022,6,1,5,256,-9.4698
2022,6,2,1,330,-9.3138
2022,6,2,2,298,-8.5334
2022,6,2,3,286,-7.3629
2022,6,2,4,215,-8.6401
2022,6,2,5,208,-10.1084
2022,6,3,1,202,-8.3457
2022,6,3,2,277,-8.5427
2022,6,3,3,327,-8.1122
2022,6,3,4,358,-7.8062
2022,6,3,5,354,-8.4809
2022,7,1,1,950,10.4441
2022,7,1,2,281,8.5230
2022,7,1,3,200,5.2859
2022,7,1,4,177,10.1506
2022,7,1,5,191,10.6906
2022,7,2,1,294,12.1594
2022,7,2,2,276,9.3965
2022,7,2,3,253,9.5175
2022,7,2,4,183,10.2734
2022,7,2,5,190,11.8289
2022,7,3,1,166,8.6150
2022,7,3,2,248,8.5812
2022,7,3,3,277,9.1515
2022,7,3,4,316,7.9509
2022,7,3,5,315,11.9728
2022,8,1,1,1074,1.7007
2022,8,1,2,365,-1.1937
2022,8,1,3,266,-2.5522
2022,8,1,4,231,-1.7413
2022,8,1,5,248,-1.4819
2022,8,2,1,345,0.0523
2022,8,2,2,326,-2.9066
2022,8,2,3,285,-4.4209
2022,8,2,4,244,-1.6330
2022,8,2,5,226,-3.1308
2022,8,3,1,194,-0.7703
2022,8,3,2,286,-2.5106
2022,8,3,3,337,-2.2250
2022,8,3,4,376,-3.4096
2022,8,3,5,363,-5.2797
2022,9,1,1,1081,-11.7009
2022,9,1,2,363,-12.4241
2022,9,1,3,284,-12.1917
2022,9,1,4,236,-11.2351
2022,9,1,5,253,-12.3626
2022,9,2,1,356,-10.4658
2022,9,2,2,328,-10.9593
2022,9,2,3,296,-10.3562
2022,9,2,4,258,-10.6821
2022,9,2,5,230,-9.5836
2022,9,3,1,202,-9.1585
2022,9,3,2,292,-9.4078
2022,9,3,3,348,-8.9914
2022,9,3,4,389,-8.6195
2022,9,3,5,367,-9.4045
2022,10,1,1,1005,4.3842
2022,10,1,2,307,13.3585
2022,10,1,3,238,11.8258
2022,10,1,4,198,12.8050
2022,10,1,5,211,13.7162
2022,10,2,1,321,7.2356
2022,10,2,2,290,11.8324
2022,10,2,3,253,11.0275
2022,10,2,4,232,12.5124
2022,10,2,5,197,12.3056
2022,10,3,1,174,9.1856
2022,10,3,2,238,9.3166
2022,10,3,3,300,9.8114
2022,10,3,4,346,9.7612
2022,10,3,5,338,5.0416
2022,11,1,1,1098,-4.8762
2022,11,1,2,378,0.1392
2022,11,1,3,286,2.7651
2022,11,1,4,250,1.0392
2022,11,1,5,239,0.3551
2022,11,2,1,371,-1.2498
2022,11,2,2,325,1.8539
2022,11,2,3,292,2.2379
2022,11,2,4,275,2.9394
2022,11,2,5,227,4.0026
2022,11,3,1,187,4.4986
2022,11,3,2,272,5.1761
2022,11,3,3,344,5.0038
2022,11,3,4,395,4.4443
2022,11,3,5,364,4.8724
2022,12,1,1,1093,-6.2414
2022,12,1,2,380,-3.8530
2022,12,1,3,285,-4.5705
2022,12,1,4,252,-5.8036
2022,12,1,5,232,-7.3696
2022,12,2,1,375,-6.7220
2022,12,2,2,319,-6.4340
2022,12,2,3,292,-5.2552
2022,12,2,4,272,-6.2019
2022,12,2,5,228,-6.6744
2022,12,3,1,193,-8.5974
2022,12,3,2,271,-4.5150
2022,12,3,3,347,-5.0217
2022,12,3,4,396,-5.8248
2022,12,3,5,364,-7.4803
2023,1,1,1,983,15.9209
2023,1,1,2,315,16.4391
2023,1,1,3,225,12.4443
2023,1,1,4,212,13.7422
2023,1,1,5,190,11.4328
2023,1,2,1,330,14.4139
2023,1,2,2,265,14.3669
2023,1,2,3,235,13.0714
2023,1,2,4,234,13.1500
2023,1,2,5,194,11.4585
2023,1,3,1,144,11.6283
2023,1,3,2,229,7.6122
2023,1,3,3,288,5.5005
2023,1,3,4,317,6.5501
2023,1,3,5,313,7.8122
2023,2,1,1,1052,-6.7743
2023,2,1,2,379,-2.8790
2023,2,1,3,258,-2.4637
2023,2,1,4,243,-2.1431
2023,2,1,5,226,-4.0654
2023,2,2,1,358,-3.0070
2023,2,2,2,300,-3.6616
2023,2,2,3,274,-2.7659
2023,2,2,4,266,-0.2546
2023,2,2,5,219,-1.2932
2023,2,3,1,159,-3.9479
2023,2,3,2,270,-2.3361
2023,2,3,3,317,-3.8234
2023,2,3,4,359,-2.0795
2023,2,3,5,340,-1.3761
2023,3,1,1,1048,-7.6608
2023,3,1,2,381,-8.1730
2023,3,1,3,257,-9.1908
2023,3,1,4,243,-5.8836
2023,3,1,5,226,-4.2182
2023,3,2,1,354,-4.4051
2023,3,2,2,305,-0.8343
2023,3,2,3,272,-2.0338
2023,3,2,4,269,-0.5130
2023,3,2,5,220,-3.6348
2023,3,3,1,155,-0.6596
2023,3,3,2,275,2.1101
2023,3,3,3,320,1.4232
2023,3,3,4,371,3.8487
2023,3,3,5,341,8.2709
2023,4,1,1,991,-2.9490
2023,4,1,2,295,-5.8609
2023,4,1,3,187,-3.7792
2023,4,1,4,180,-4.9463
2023,4,1,5,165,-2.0802
2023,4,2,1,311,-2.6115
2023,4,2,2,244,-1.6191
2023,4,2,3,222,-2.2407
2023,4,2,4,214,-3.0408
2023,4,2,5,188,-2.9316
2023,4,3,1,119,-1.7960
2023,4,3,2,224,0.1534
2023,4,3,3,262,-1.1473
2023,4,3,4,315,-1.2020
2023,4,3,5,288,1.9012
2023,5,1,1,1053,2.8742
2023,5,1,2,364,0.9208
2023,5,1,3,272,0.9612
2023,5,1,4,225,1.1419
2023,5,1,5,230,-0.7577
2023,5,2,1,328,3.8813
2023,5,2,2,304,-1.4789
2023,5,2,3,255,-1.6922
2023,5,2,4,253,-1.6571
2023,5,2,5,219,-1.6659
2023,5,3,1,152,-1.3464
2023,5,3,2,258,-3.8759
2023,5,3,3,314,-2.6662
2023,5,3,4,363,1.6550
2023,5,3,5,334,4.7231
2023,6,1,1,1056,4.5305
2023,6,1,2,379,10.4524
2023,6,1,3,285,10.2470
2023,6,1,4,240,9.5742
2023,6,1,5,242,9.1911
2023,6,2,1,336,8.5927
2023,6,2,2,322,7.8840
2023,6,2,3,266,8.1156
2023,6,2,4,265,9.2939
2023,6,2,5,224,10.7440
2023,6,3,1,155,5.8123
2023,6,3,2,273,6.7679
2023,6,3,3,322,7.1763
2023,6,3,4,376,9.0492
2023,6,3,5,341,6.5646
2023,7,1,1,930,5.7219
2023,7,1,2,310,5.7926
2023,7,1,3,233,5.1963
2023,7,1,4,181,5.9225
2023,7,1,5,194,5.3234
2023,7,2,1,292,6.2772
2023,7,2,2,286,5.2635
2023,7,2,3,226,4.3491
2023,7,2,4,203,4.6288
2023,7,2,5,191,6.5717
2023,7,3,1,134,4.7149
2023,7,3,2,237,3.8302
2023,7,3,3,274,2.7948
2023,7,3,4,319,2.9874
2023,7,3,5,307,3.1711
2023,8,1,1,1040,-12.4035
2023,8,1,2,352,-5.3626
2023,8,1,3,312,-6.5596
2023,8,1,4,242,-5.2809
2023,8,1,5,265,-5.0183
2023,8,2,1,328,-8.6056
2023,8,2,2,315,-4.5973
2023,8,2,3,255,-4.9563
2023,8,2,4,259,-4.2417
2023,8,2,5,225,-2.1060
2023,8,3,1,167,-4.6271
2023,8,3,2,278,-4.2701
2023,8,3,3,336,-2.8627
2023,8,3,4,370,-0.9376
2023,8,3,5,345,-0.4623
2023,9,1,1,1040,-8.6889
2023,9,1,2,358,-7.9454
2023,9,1,3,315,-6.9321
2023,9,1,4,243,-4.1656
2023,9,1,5,273,-3.6534
2023,9,2,1,330,-9.7902
2023,9,2,2,311,-6.5496
2023,9,2,3,259,-6.4706
2023,9,2,4,257,-5.0868
2023,9,2,5,223,-2.8796
2023,9,3,1,176,-5.5314
2023,9,3,2,282,-4.6064
2023,9,3,3,342,-4.7556
2023,9,3,4,372,-4.5675
2023,9,3,5,350,-5.3379
2023,10,1,1,980,-12.3303
2023,10,1,2,304,-7.9298
2023,10,1,3,266,-8.0906
2023,10,1,4,209,-8.1335
2023,10,1,5,240,-7.2798
2023,10,2,1,287,-11.9650
2023,10,2,2,266,-7.1894
2023,10,2,3,208,-6.4198
2023,10,2,4,218,-6.3691
2023,10,2,5,198,-5.0766
2023,10,3,1,157,-5.2934
2023,10,3,2,240,-6.0080
2023,10,3,3,290,-3.8193
2023,10,3,4,308,-6.2713
2023,10,3,5,313,-0.5083
2023,11,1,1,1042,8.8812
2023,11,1,2,349,9.2673
2023,11,1,3,294,6.1464
2023,11,1,4,247,5.1141
2023,11,1,5,286,3.7996
2023,11,2,1,313,13.0822
2023,11,2,2,281,9.3937
2023,11,2,3,250,9.0322
2023,11,2,4,249,7.6957
2023,11,2,5,225,8.3581
2023,11,3,1,177,6.9029
2023,11,3,2,281,8.4329
2023,11,3,3,321,10.0706
2023,11,3,4,340,9.3557
2023,11,3,5,333,9.5220
2023,12,1,1,1052,17.2762
2023,12,1,2,361,13.1162
2023,12,1,3,301,12.6856
2023,12,1,4,247,12.0559
2023,12,1,5,289,13.1024
2023,12,2,1,311,14.5256
2023,12,2,2,275,11.1372
2023,12,2,3,255,10.5350
2023,12,2,4,244,11.0215
2023,12,2,5,224,10.5494
2023,12,3,1,189,9.3445
2023,12,3,2,280,7.8312
2023,12,3,3,319,6.8922
2023,12,3,4,350,5.2341
2023,12,3,5,336,3.9962
2024,1,1,1,954,-3.5263
2024,1,1,2,287,-3.2673
2024,1,1,3,226,-5.1137
2024,1,1,4,195,-3.6505
2024,1,1,5,232,-4.5010
2024,1,2,1,273,-7.6780
2024,1,2,2,214,-5.6064
2024,1,2,3,211,-4.9624
2024,1,2,4,199,-3.1992
2024,1,2,5,194,-3.7756
2024,1,3,1,147,-5.0437
2024,1,3,2,240,-0.6077
2024,1,3,3,263,0.5881
2024,1,3,4,280,-1.1720
2024,1,3,5,288,3.5195
2024,2,1,1,1033,8.0430
2024,2,1,2,347,3.2629
2024,2,1,3,276,3.9685
2024,2,1,4,237,5.2444
2024,2,1,5,275,3.6038
2024,2,2,1,312,7.3577
2024,2,2,2,243,4.3131
2024,2,2,3,241,4.1993
2024,2,2,4,230,4.7769
2024,2,2,5,219,4.8159
2024,2,3,1,183,4.6470
2024,2,3,2,283,4.3011
2024,2,3,3,295,5.1691
2024,2,3,4,336,4.8759
2024,2,3,5,309,6.9309
2024,3,1,1,1032,1.6552
2024,3,1,2,351,4.8929
2024,3,1,3,273,2.9005
2024,3,1,4,243,3.1410
2024,3,1,5,277,4.4062
2024,3,2,1,313,0.3951
2024,3,2,2,248,4.0152
2024,3,2,3,241,2.2572
2024,3,2,4,231,3.0750
2024,3,2,5,219,2.2737
2024,3,3,1,191,4.2466
2024,3,3,2,290,4.7918
2024,3,3,3,304,3.0596
2024,3,3,4,338,2.1643
2024,3,3,5,314,2.8691
2024,4,1,1,967,-10.9080
2024,4,1,2,292,-7.8457
2024,4,1,3,206,-7.4044
2024,4,1,4,192,-7.8303
2024,4,1,5,219,-7.4304
2024,4,2,1,277,-9.1939
2024,4,2,2,207,-6.9989
2024,4,2,3,190,-6.7381
2024,4,2,4,192,-5.8861
2024,4,2,5,188,-6.4150
2024,4,3,1,150,-3.3937
2024,4,3,2,244,-4.4389
2024,4,3,3,242,-5.0635
2024,4,3,4,280,-3.9116
2024,4,3,5,274,-3.6143
2024,5,1,1,1022,4.2795
2024,5,1,2,354,7.3710
2024,5,1,3,267,7.3739
2024,5,1,4,240,6.2837
2024,5,1,5,299,4.9049
2024,5,2,1,300,4.3797
2024,5,2,2,235,4.2154
2024,5,2,3,249,4.7818
2024,5,2,4,227,5.4293
2024,5,2,5,209,5.3240
2024,5,3,1,193,1.4665
2024,5,3,2,272,1.3875
2024,5,3,3,286,1.5108
2024,5,3,4,335,2.2465
2024,5,3,5,318,7.6163
2024,6,1,1,1016,-4.1748
2024,6,1,2,356,-3.7191
2024,6,1,3,279,-4.3472
2024,6,1,4,246,-4.4067
2024,6,1,5,308,-4.1832
2024,6,2,1,310,-3.2470
2024,6,2,2,252,-2.2449
2024,6,2,3,255,-2.8285
2024,6,2,4,232,-2.4363
2024,6,2,5,212,-2.5650
2024,6,3,1,198,-0.5910
2024,6,3,2,281,-1.2490
2024,6,3,3,304,0.9318
2024,6,3,4,350,1.7277
2024,6,3,5,331,7.3136
2024,7,1,1,883,12.2301
2024,7,1,2,270,11.8497
2024,7,1,3,212,12.5526
2024,7,1,4,184,7.6339
2024,7,1,5,241,10.0181
2024,7,2,1,271,9.2833
2024,7,2,2,219,6.5808
2024,7,2,3,216,7.2437
2024,7,2,4,185,7.9437
2024,7,2,5,182,8.0566
2024,7,3,1,177,1.6446
2024,7,3,2,239,3.5780
2024,7,3,3,255,2.1222
2024,7,3,4,298,2.8887
2024,7,3,5,302,-2.1357
2024,8,1,1,975,-3.0710
2024,8,1,2,334,-1.8052
2024,8,1,3,261,-4.5561
2024,8,1,4,240,-2.6503
2024,8,1,5,310,-4.0500
2024,8,2,1,300,-1.8075
2024,8,2,2,264,-2.7204
2024,8,2,3,253,-2.2703
2024,8,2,4,235,-0.3890
2024,8,2,5,208,-3.2618
2024,8,3,1,212,0.1821
2024,8,3,2,273,1.8968
2024,8,3,3,318,2.9056
2024,8,3,4,348,2.1255
2024,8,3,5,352,1.6750
2024,9,1,1,968,-0.7817
2024,9,1,2,342,-0.2375
2024,9,1,3,260,0.3526
2024,9,1,4,241,1.5374
2024,9,1,5,311,3.2945
2024,9,2,1,303,2.4501
2024,9,2,2,265,0.4715
2024,9,2,3,254,2.0579
2024,9,2,4,249,0.2738
2024,9,2,5,216,2.5679
2024,9,3,1,209,3.7367
2024,9,3,2,272,4.0212
2024,9,3,3,323,2.3717
2024,9,3,4,363,3.5987
2024,9,3,5,358,1.9337
2024,10,1,1,883,2.4280
2024,10,1,2,281,-2.2295
2024,10,1,3,213,-1.1992
2024,10,1,4,193,-1.4471
2024,10,1,5,259,0.8018
2024,10,2,1,260,-1.5598
2024,10,2,2,222,-1.6514
2024,10,2,3,220,-1.8532
2024,10,2,4,219,-3.0059
2024,10,2,5,186,-2.9042
2024,10,3,1,178,-2.7899
2024,10,3,2,216,-2.3055
2024,10,3,3,275,-1.9714
2024,10,3,4,312,-1.5068
2024,10,3,5,325,-0.7384
2024,11,1,1,955,8.8091
2024,11,1,2,341,9.7974
2024,11,1,3,236,14.0101
2024,11,1,4,244,15.2101
2024,11,1,5,309,11.8652
2024,11,2,1,291,14.5111
2024,11,2,2,262,10.9617
2024,11,2,3,247,14.1042
2024,11,2,4,244,11.3340
2024,11,2,5,210,12.9487
2024,11,3,1,199,5.6591
2024,11,3,2,255,11.5229
2024,11,3,3,323,6.9217
2024,11,3,4,355,8.5956
2024,11,3,5,357,4.4912
2024,12,1,1,964,-4.5069
2024,12,1,2,343,-4.9821
2024,12,1,3,238,-4.2351
2024,12,1,4,255,-3.8248
2024,12,1,5,314,-3.3886
2024,12,2,1,298,-7.0465
2024,12,2,2,268,-6.5502
2024,12,2,3,256,-7.1488
2024,12,2,4,247,-7.0288
2024,12,2,5,211,-6.4771
2024,12,3,1,206,-8.7285
2024,12,3,2,260,-3.0175
2024,12,3,3,332,-6.5878
2024,12,3,4,356,-0.8640
2024,12,3,5,357,0.1449
2025,1,1,1,864,-0.5401
2025,1,1,2,275,2.0203
2025,1,1,3,169,1.4747
2025,1,1,4,213,2.0288
2025,1,1,5,245,1.4573
2025,1,2,1,261,2.1314
2025,1,2,2,232,3.1522
2025,1,2,3,200,4.2302
2025,1,2,4,202,1.4902
2025,1,2,5,183,2.8443
2025,1,3,1,150,5.7505
2025,1,3,2,206,3.6527
2025,1,3,3,263,4.8391
2025,1,3,4,284,3.4151
2025,1,3,5,313,1.5208
2025,2,1,1,936,-10.3776
2025,2,1,2,309,-6.0062
2025,2,1,3,207,-6.0698
2025,2,1,4,265,-6.0813
2025,2,1,5,278,-5.0476
2025,2,2,1,302,-8.9820
2025,2,2,2,266,-7.5484
2025,2,2,3,238,-7.0742
2025,2,2,4,235,-6.9602
2025,2,2,5,204,-9.1642
2025,2,3,1,184,-5.1853
2025,2,3,2,254,-5.3043
2025,2,3,3,298,-0.3373
2025,2,3,4,328,-3.4509
2025,2,3,5,317,-2.5903
2025,3,1,1,935,-11.3714
2025,3,1,2,312,-9.3331
2025,3,1,3,214,-10.7690
2025,3,1,4,262,-9.1044
2025,3,1,5,277,-7.9859
2025,3,2,1,309,-9.0726
2025,3,2,2,266,-7.7429
2025,3,2,3,243,-7.7390
2025,3,2,4,245,-6.8493
2025,3,2,5,207,-5.0870
2025,3,3,1,183,-5.3855
2025,3,3,2,256,-4.4590
2025,3,3,3,303,-3.5404
2025,3,3,4,337,-7.0821
2025,3,3,5,325,-8.0161
2025,4,1,1,875,0.1618
2025,4,1,2,238,-4.2482
2025,4,1,3,160,-5.8119
2025,4,1,4,195,-2.3386
2025,4,1,5,217,-4.6666
2025,4,2,1,276,-2.1734
2025,4,2,2,226,-3.3509
2025,4,2,3,204,-4.2947
2025,4,2,4,203,-4.9083
2025,4,2,5,173,-4.2778
2025,4,3,1,147,1.2096
2025,4,3,2,211,-1.0541
2025,4,3,3,249,-2.5284
2025,4,3,4,280,2.3383
2025,4,3,5,274,0.1675
2025,5,1,1,923,8.2461
2025,5,1,2,337,8.1779
2025,5,1,3,227,8.5145
2025,5,1,4,229,6.9674
2025,5,1,5,284,6.0446
2025,5,2,1,293,6.9029
2025,5,2,2,268,6.3616
2025,5,2,3,242,5.5653
2025,5,2,4,242,8.2520
2025,5,2,5,207,8.5939
2025,5,3,1,180,6.6934
2025,5,3,2,252,5.4992
2025,5,3,3,301,5.3113
2025,5,3,4,332,8.4889
2025,5,3,5,316,8.0628
2025,6,1,1,925,6.8644
2025,6,1,2,341,4.6705
2025,6,1,3,226,5.5311
2025,6,1,4,236,6.3595
2025,6,1,5,287,6.6956
2025,6,2,1,302,8.3058
2025,6,2,2,287,4.9409
2025,6,2,3,260,4.6355
2025,6,2,4,247,3.8981
2025,6,2,5,215,4.5867
2025,6,3,1,186,5.0253
2025,6,3,2,261,4.0466
2025,6,3,3,321,4.3873
2025,6,3,4,347,5.3667
2025,6,3,5,321,6.9104
2025,7,1,1,842,6.0864
2025,7,1,2,279,0.8936
2025,7,1,3,185,-1.9045
2025,7,1,4,168,-0.3867
2025,7,1,5,238,-1.5867
2025,7,2,1,261,3.9708
2025,7,2,2,237,-0.1360
2025,7,2,3,221,1.4121
2025,7,2,4,213,2.1370
2025,7,2,5,189,1.8549
2025,7,3,1,162,0.3449
2025,7,3,2,220,0.8035
2025,7,3,3,272,1.9733
2025,7,3,4,297,1.6064
2025,7,3,5,302,4.7954
2025,8,1,1,920,7.5576
2025,8,1,2,327,8.5584
2025,8,1,3,248,11.1663
2025,8,1,4,221,10.8360
2025,8,1,5,294,9.8790
2025,8,2,1,304,5.8745
2025,8,2,2,292,6.5529
2025,8,2,3,266,9.4503
2025,8,2,4,266,8.7600
2025,8,2,5,222,6.6838
2025,8,3,1,194,3.1706
2025,8,3,2,255,3.3884
2025,8,3,3,335,0.7006
2025,8,3,4,348,1.3357
2025,8,3,5,365,1.6469
2025,9,1,1,911,5.4348
2025,9,1,2,330,1.5454
2025,9,1,3,253,-0.1647
2025,9,1,4,229,1.6646
2025,9,1,5,309,3.1651
2025,9,2,1,316,5.8584
2025,9,2,2,292,0.3296
2025,9,2,3,267,-0.0214
2025,9,2,4,256,0.3257
2025,9,2,5,231,0.4512
2025,9,3,1,194,1.5652
2025,9,3,2,257,5.1577
2025,9,3,3,343,3.6089
2025,9,3,4,360,3.1012
2025,9,3,5,367,5.2518
2025,10,1,1,842,4.2214
2025,10,1,2,282,-0.2707
2025,10,1,3,212,-0.3198
2025,10,1,4,182,-2.4275
2025,10,1,5,260,-3.2740
2025,10,2,1,269,6.3450
2025,10,2,2,251,0.2929
2025,10,2,3,231,-1.6389
2025,10,2,4,212,0.0667
2025,10,2,5,204,-0.2781
2025,10,3,1,162,0.2641
2025,10,3,2,216,0.5450
2025,10,3,3,299,1.8437
2025,10,3,4,316,2.1756
2025,10,3,5,337,4.9296
2025,11,1,1,910,1.5556
2025,11,1,2,311,-2.6987
2025,11,1,3,255,-0.6354
2025,11,1,4,224,-2.0152
2025,11,1,5,301,-0.9129
2025,11,2,1,301,2.1557
2025,11,2,2,278,0.2833
2025,11,2,3,255,1.0612
2025,11,2,4,252,0.9621
2025,11,2,5,224,2.4429
2025,11,3,1,187,-2.7393
2025,11,3,2,244,0.1663
2025,11,3,3,329,-1.6483
2025,11,3,4,351,0.3536
2025,11,3,5,373,-0.4657
2025,12,1,1,915,-0.8153
2025,12,1,2,319,0.9756
2025,12,1,3,255,1.7506
2025,12,1,4,229,1.2640
2025,12,1,5,301,1.6170
2025,12,2,1,310,-1.8436
2025,12,2,2,279,0.9246
2025,12,2,3,261,1.4522
2025,12,2,4,246,0.8203
2025,12,2,5,226,1.2421
2025,12,3,1,198,-1.8594
2025,12,3,2,246,1.2756
2025,12,3,3,327,1.2379
2025,12,3,4,352,-1.1872
2025,12,3,5,370,-0.5771
