year,month,rank_ME,rank_CTOq_12,nstocks,ret_vw
1972,1,1,1,24,15.6514
1972,1,1,2,15,13.1490
1972,1,1,3,14,19.8988
1972,1,1,4,16,13.5514
1972,1,1,5,12,8.9546
1972,1,2,1,7,6.1004
1972,1,2,2,6,18.3714
1972,1,2,3,9,8.7269
1972,1,2,4,12,4.4179
1972,1,2,5,7,4.6104
1972,1,3,1,8,7.2966
1972,1,3,2,10,6.3493
1972,1,3,3,9,2.9645
1972,1,3,4,7,1.8671
1972,1,3,5,9,-0.0822
1972,2,1,1,31,3.7031
1972,2,1,2,17,1.3467
1972,2,1,3,20,4.6916
1972,2,1,4,25,5.1634
1972,2,1,5,21,5.5793
1972,2,2,1,9,-0.1346
1972,2,2,2,9,-2.0602
1972,2,2,3,15,1.2959
1972,2,2,4,21,7.8449
1972,2,2,5,14,1.7488
1972,2,3,1,15,4.3080
1972,2,3,2,16,4.7102
1972,2,3,3,15,3.9134
1972,2,3,4,14,6.9167
1972,2,3,5,10,4.6203
1972,3,1,1,35,-0.9017
1972,3,1,2,23,-2.0372
1972,3,1,3,27,-0.0519
1972,3,1,4,36,-1.1771
1972,3,1,5,25,-1.2046
1972,3,2,1,13,-1.8688
1972,3,2,2,11,0.8883
1972,3,2,3,20,-1.8925
1972,3,2,4,25,0.0678
1972,3,2,5,19,-1.6236
1972,3,3,1,22,-2.0156
1972,3,3,2,23,-1.5351
1972,3,3,3,18,2.8904
1972,3,3,4,19,2.1330
1972,3,3,5,16,-1.1922
1972,4,1,1,39,3.0942
1972,4,1,2,27,4.7794
1972,4,1,3,34,3.6716
1972,4,1,4,42,1.8059
1972,4,1,5,32,-3.4392
1972,4,2,1,15,4.5888
1972,4,2,2,12,2.1704
1972,4,2,3,21,4.2127
1972,4,2,4,28,-1.4914
1972,4,2,5,22,1.9274
1972,4,3,1,24,-0.2443
1972,4,3,2,24,0.3834
1972,4,3,3,20,-1.7586
1972,4,3,4,23,2.2157
1972,4,3,5,18,-1.2325
1972,5,1,1,60,-0.6708
1972,5,1,2,69,-3.6509
1972,5,1,3,82,-2.5324
1972,5,1,4,102,-1.7233
1972,5,1,5,105,-4.4302
1972,5,2,1,41,-1.4132
1972,5,2,2,35,-3.3700
1972,5,2,3,54,-4.6268
1972,5,2,4,70,-1.9850
1972,5,2,5,60,1.0395
1972,5,3,1,99,3.2970
1972,5,3,2,96,2.7476
1972,5,3,3,92,3.4975
1972,5,3,4,77,5.1019
1972,5,3,5,68,3.2041
1972,6,1,1,88,-4.3881
1972,6,1,2,86,-2.9859
1972,6,1,3,103,-1.3701
1972,6,1,4,129,-2.6102
1972,6,1,5,137,-5.0093
1972,6,2,1,52,-3.3777
1972,6,2,2,42,-3.2574
1972,6,2,3,61,-3.4433
1972,6,2,4,80,-2.9218
1972,6,2,5,76,-4.7368
1972,6,3,1,119,-3.4955
1972,6,3,2,113,-4.0941
1972,6,3,3,105,-0.2080
1972,6,3,4,88,-2.7426
1972,6,3,5,84,-1.8003
1972,7,1,1,91,-4.3034
1972,7,1,2,91,-3.9159
1972,7,1,3,104,-2.8912
1972,7,1,4,140,-3.0881
1972,7,1,5,156,-6.5673
1972,7,2,1,58,-1.3495
1972,7,2,2,46,-1.7028
1972,7,2,3,64,-3.9690
1972,7,2,4,84,-1.4740
1972,7,2,5,82,-1.4571
1972,7,3,1,122,-1.2455
1972,7,3,2,115,0.8455
1972,7,3,3,109,0.3584
1972,7,3,4,91,1.5472
1972,7,3,5,93,-2.9185
1972,8,1,1,91,2.8815
1972,8,1,2,94,2.1633
1972,8,1,3,112,0.5473
1972,8,1,4,146,-0.0838
1972,8,1,5,165,-1.3653
1972,8,2,1,63,1.2599
1972,8,2,2,52,4.9685
1972,8,2,3,66,1.9567
1972,8,2,4,88,2.4081
1972,8,2,5,90,-2.1647
1972,8,3,1,125,5.9154
1972,8,3,2,116,3.2539
1972,8,3,3,113,-0.2128
1972,8,3,4,98,1.7385
1972,8,3,5,97,4.6014
1972,9,1,1,94,-5.8219
1972,9,1,2,100,-2.5688
1972,9,1,3,116,-4.4247
1972,9,1,4,152,-3.4420
1972,9,1,5,176,-4.4817
1972,9,2,1,66,-1.7604
1972,9,2,2,53,-2.8261
1972,9,2,3,75,-2.7234
1972,9,2,4,90,-3.2383
1972,9,2,5,97,-1.8780
1972,9,3,1,128,-0.9269
1972,9,3,2,118,-1.3382
1972,9,3,3,118,-0.8108
1972,9,3,4,103,0.2145
1972,9,3,5,101,-1.8196
1972,10,1,1,98,-5.8608
1972,10,1,2,101,-3.4042
1972,10,1,3,120,-1.7699
1972,10,1,4,159,-2.4259
1972,10,1,5,186,-3.4890
1972,10,2,1,70,-0.0869
1972,10,2,2,55,-3.7595
1972,10,2,3,78,-0.9177
1972,10,2,4,93,-0.7474
1972,10,2,5,101,-1.8652
1972,10,3,1,129,2.6146
1972,10,3,2,121,-1.7773
1972,10,3,3,121,0.8259
1972,10,3,4,106,2.2013
1972,10,3,5,104,1.3191
1972,11,1,1,115,4.8128
1972,11,1,2,122,5.6744
1972,11,1,3,149,5.2341
1972,11,1,4,191,6.3512
1972,11,1,5,189,6.3975
1972,11,2,1,80,5.7141
1972,11,2,2,67,5.3475
1972,11,2,3,89,8.2368
1972,11,2,4,109,5.9710
1972,11,2,5,102,6.7451
1972,11,3,1,137,3.8141
1972,11,3,2,135,4.3116
1972,11,3,3,133,5.9157
1972,11,3,4,115,3.3211
1972,11,3,5,106,6.6195
1972,12,1,1,119,-4.3404
1972,12,1,2,127,-1.9899
1972,12,1,3,156,-1.6018
1972,12,1,4,193,-2.1898
1972,12,1,5,194,-3.3004
1972,12,2,1,80,-1.3854
1972,12,2,2,69,-0.4976
1972,12,2,3,90,-1.7031
1972,12,2,4,111,-1.9906
1972,12,2,5,105,-0.8761
1972,12,3,1,138,1.0476
1972,12,3,2,137,1.2046
1972,12,3,3,134,1.7140
1972,12,3,4,121,2.2377
1972,12,3,5,107,1.2205
1973,1,1,1,120,-1.0380
1973,1,1,2,131,-5.5038
1973,1,1,3,158,-2.3893
1973,1,1,4,194,-4.3926
1973,1,1,5,201,-5.8980
1973,1,2,1,81,-5.6960
1973,1,2,2,67,-5.4579
1973,1,2,3,89,-8.4550
1973,1,2,4,112,-8.2779
1973,1,2,5,107,-4.9615
1973,1,3,1,141,-2.4809
1973,1,3,2,136,-0.4871
1973,1,3,3,134,-4.5945
1973,1,3,4,123,-3.5648
1973,1,3,5,109,-4.2223
1973,2,1,1,121,-6.1569
1973,2,1,2,136,-9.3458
1973,2,1,3,161,-9.7387
1973,2,1,4,200,-8.2301
1973,2,1,5,207,-8.3287
1973,2,2,1,82,-7.8430
1973,2,2,2,69,-9.2306
1973,2,2,3,89,-9.0295
1973,2,2,4,113,-8.9899
1973,2,2,5,109,-8.3003
1973,2,3,1,140,-6.0941
1973,2,3,2,138,-3.9243
1973,2,3,3,136,-3.8939
1973,2,3,4,125,-3.7497
1973,2,3,5,111,-6.5601
1973,3,1,1,128,-3.3033
1973,3,1,2,140,-2.7762
1973,3,1,3,165,-3.1474
1973,3,1,4,202,-3.0189
1973,3,1,5,210,-2.9737
1973,3,2,1,85,-4.7743
1973,3,2,2,72,-2.5286
1973,3,2,3,90,-3.8698
1973,3,2,4,112,-3.3351
1973,3,2,5,108,-4.0139
1973,3,3,1,141,0.1183
1973,3,3,2,140,-1.3401
1973,3,3,3,138,-2.4068
1973,3,3,4,126,-2.7099
1973,3,3,5,112,-3.3404
1973,4,1,1,118,-6.4526
1973,4,1,2,134,-7.5959
1973,4,1,3,159,-8.0333
1973,4,1,4,193,-8.2904
1973,4,1,5,211,-7.3295
1973,4,2,1,84,-7.1382
1973,4,2,2,72,-8.6332
1973,4,2,3,87,-5.9650
1973,4,2,4,108,-5.6520
1973,4,2,5,105,-9.0259
1973,4,3,1,138,-6.1564
1973,4,3,2,130,-6.0686
1973,4,3,3,140,-6.0518
1973,4,3,4,126,-4.3537
1973,4,3,5,110,-7.9794
1973,5,1,1,132,-10.7400
1973,5,1,2,160,-8.6810
1973,5,1,3,189,-10.7048
1973,5,1,4,246,-10.9800
1973,5,1,5,263,-7.1559
1973,5,2,1,100,-10.3893
1973,5,2,2,87,-8.3049
1973,5,2,3,102,-10.2097
1973,5,2,4,139,-8.6823
1973,5,2,5,126,-7.6299
1973,5,3,1,152,-4.7374
1973,5,3,2,156,-3.0065
1973,5,3,3,168,-1.3327
1973,5,3,4,148,-1.5579
1973,5,3,5,120,-5.0709
1973,6,1,1,149,-3.1724
1973,6,1,2,179,-3.4344
1973,6,1,3,211,-3.3862
1973,6,1,4,272,-3.6658
1973,6,1,5,291,-4.3736
1973,6,2,1,107,-1.3056
1973,6,2,2,91,-3.8001
1973,6,2,3,108,-3.6127
1973,6,2,4,143,-4.7668
1973,6,2,5,125,-6.4160
1973,6,3,1,161,-0.5213
1973,6,3,2,158,-0.8902
1973,6,3,3,172,-3.1668
1973,6,3,4,149,-1.3857
1973,6,3,5,124,-4.8394
1973,7,1,1,151,12.3051
1973,7,1,2,182,14.5063
1973,7,1,3,211,18.0618
1973,7,1,4,277,15.2538
1973,7,1,5,298,12.6771
1973,7,2,1,104,11.2447
1973,7,2,2,91,13.6091
1973,7,2,3,111,16.5648
1973,7,2,4,138,12.7067
1973,7,2,5,126,14.0905
1973,7,3,1,163,8.6387
1973,7,3,2,160,7.2288
1973,7,3,3,174,10.7638
1973,7,3,4,148,8.1623
1973,7,3,5,123,8.8120
1973,8,1,1,154,-5.4857
1973,8,1,2,187,-5.0798
1973,8,1,3,213,-6.8208
1973,8,1,4,280,-7.3512
1973,8,1,5,299,-5.6858
1973,8,2,1,102,-5.4880
1973,8,2,2,91,-3.1395
1973,8,2,3,114,-5.0933
1973,8,2,4,138,-3.1474
1973,8,2,5,131,-1.2096
1973,8,3,1,164,-3.7266
1973,8,3,2,158,-2.9667
1973,8,3,3,173,-4.3062
1973,8,3,4,148,-5.1394
1973,8,3,5,122,-2.8843
1973,9,1,1,156,10.7354
1973,9,1,2,186,11.3202
1973,9,1,3,210,11.4732
1973,9,1,4,283,7.4507
1973,9,1,5,299,7.5215
1973,9,2,1,104,11.8855
1973,9,2,2,91,14.0670
1973,9,2,3,114,11.7251
1973,9,2,4,137,12.1700
1973,9,2,5,133,11.1072
1973,9,3,1,163,7.6860
1973,9,3,2,159,2.9154
1973,9,3,3,172,7.5730
1973,9,3,4,149,4.6325
1973,9,3,5,122,7.8591
1973,10,1,1,148,3.8584
1973,10,1,2,168,1.5191
1973,10,1,3,174,1.3446
1973,10,1,4,239,-1.4094
1973,10,1,5,279,-0.1342
1973,10,2,1,94,4.0567
1973,10,2,2,82,1.8229
1973,10,2,3,97,-1.2622
1973,10,2,4,125,-2.6974
1973,10,2,5,132,0.9239
1973,10,3,1,153,2.2955
1973,10,3,2,141,0.7950
1973,10,3,3,148,-0.1623
1973,10,3,4,133,-0.9221
1973,10,3,5,113,-3.5930
1973,11,1,1,162,-18.1237
1973,11,1,2,181,-22.6646
1973,11,1,3,195,-20.3822
1973,11,1,4,266,-20.8255
1973,11,1,5,279,-21.0358
1973,11,2,1,98,-18.0792
1973,11,2,2,94,-21.3990
1973,11,2,3,103,-20.8188
1973,11,2,4,129,-22.3410
1973,11,2,5,136,-20.1652
1973,11,3,1,157,-11.5871
1973,11,3,2,145,-14.3585
1973,11,3,3,153,-14.6834
1973,11,3,4,143,-13.1169
1973,11,3,5,112,-17.0005
1973,12,1,1,172,-3.4046
1973,12,1,2,185,-3.9290
1973,12,1,3,203,-5.8084
1973,12,1,4,274,-4.8586
1973,12,1,5,283,-3.4690
1973,12,2,1,98,-1.4549
1973,12,2,2,102,1.0766
1973,12,2,3,104,-3.0595
1973,12,2,4,134,-3.2863
1973,12,2,5,137,-1.6332
1973,12,3,1,158,3.0162
1973,12,3,2,145,1.3214
1973,12,3,3,155,-0.6857
1973,12,3,4,141,-2.8587
1973,12,3,5,114,-0.5387
1974,1,1,1,176,18.1234
1974,1,1,2,188,19.2244
1974,1,1,3,202,14.6197
1974,1,1,4,278,16.0080
1974,1,1,5,290,16.6037
1974,1,2,1,101,9.8558
1974,1,2,2,99,9.3182
1974,1,2,3,104,13.0473
1974,1,2,4,134,11.5622
1974,1,2,5,139,8.7823
1974,1,3,1,158,-3.6619
1974,1,3,2,145,0.6105
1974,1,3,3,156,-0.0473
1974,1,3,4,144,-0.0909
1974,1,3,5,113,5.7659
1974,2,1,1,178,-2.6456
1974,2,1,2,224,-0.2381
1974,2,1,3,217,-1.1063
1974,2,1,4,287,-0.8144
1974,2,1,5,304,-0.5902
1974,2,2,1,109,-0.4379
1974,2,2,2,112,-0.0562
1974,2,2,3,117,-0.7057
1974,2,2,4,136,0.9104
1974,2,2,5,142,1.4257
1974,2,3,1,216,0.5347
1974,2,3,2,162,0.9495
1974,2,3,3,162,0.1709
1974,2,3,4,146,-0.8225
1974,2,3,5,120,0.1721
1974,3,1,1,175,-0.5148
1974,3,1,2,235,-0.3532
1974,3,1,3,226,-0.3205
1974,3,1,4,306,2.6644
1974,3,1,5,314,1.9430
1974,3,2,1,114,-3.4199
1974,3,2,2,127,-1.9455
1974,3,2,3,126,-1.1753
1974,3,2,4,141,-0.9472
1974,3,2,5,143,0.4336
1974,3,3,1,236,-3.5516
1974,3,3,2,177,-2.0853
1974,3,3,3,173,-0.1882
1974,3,3,4,153,-0.5065
1974,3,3,5,122,-1.7295
1974,4,1,1,162,-8.1501
1974,4,1,2,234,-6.2858
1974,4,1,3,218,-4.9193
1974,4,1,4,312,-4.6541
1974,4,1,5,320,-5.1102
1974,4,2,1,112,-8.5723
1974,4,2,2,123,-5.3915
1974,4,2,3,128,-4.4478
1974,4,2,4,142,-3.8687
1974,4,2,5,144,-3.7474
1974,4,3,1,235,-6.5850
1974,4,3,2,177,-4.3445
1974,4,3,3,168,-2.9482
1974,4,3,4,155,-1.6170
1974,4,3,5,125,-2.6924
1974,5,1,1,176,-8.5767
1974,5,1,2,260,-7.4020
1974,5,1,3,247,-8.4873
1974,5,1,4,348,-7.7431
1974,5,1,5,359,-6.9781
1974,5,2,1,137,-8.8577
1974,5,2,2,145,-8.6144
1974,5,2,3,151,-7.9006
1974,5,2,4,166,-5.2525
1974,5,2,5,173,-7.1790
1974,5,3,1,264,-7.2024
1974,5,3,2,229,-2.6913
1974,5,3,3,215,-2.2388
1974,5,3,4,189,-0.0725
1974,5,3,5,148,-1.9853
1974,6,1,1,190,-2.7276
1974,6,1,2,274,-3.6302
1974,6,1,3,264,-3.2057
1974,6,1,4,370,-2.5722
1974,6,1,5,370,-2.8661
1974,6,2,1,153,-2.8384
1974,6,2,2,155,-1.3181
1974,6,2,3,157,-2.8241
1974,6,2,4,169,-1.8033
1974,6,2,5,179,-1.6620
1974,6,3,1,268,-4.0066
1974,6,3,2,238,-1.9562
1974,6,3,3,226,-2.3220
1974,6,3,4,192,-0.8690
1974,6,3,5,153,-2.1338
1974,7,1,1,191,-3.9726
1974,7,1,2,278,-2.0945
1974,7,1,3,268,-5.2581
1974,7,1,4,376,-4.2708
1974,7,1,5,369,-5.3945
1974,7,2,1,151,-2.1881
1974,7,2,2,153,-3.7012
1974,7,2,3,160,-4.6912
1974,7,2,4,166,-4.2674
1974,7,2,5,179,-5.0316
1974,7,3,1,266,-4.2072
1974,7,3,2,240,-8.5275
1974,7,3,3,228,-9.2657
1974,7,3,4,197,-8.1292
1974,7,3,5,155,-11.3659
1974,8,1,1,189,-7.2749
1974,8,1,2,278,-6.2513
1974,8,1,3,273,-6.4003
1974,8,1,4,375,-6.9325
1974,8,1,5,367,-7.2591
1974,8,2,1,151,-6.8145
1974,8,2,2,154,-7.4542
1974,8,2,3,163,-7.8242
1974,8,2,4,172,-7.6319
1974,8,2,5,179,-8.5033
1974,8,3,1,266,-8.6241
1974,8,3,2,237,-9.8773
1974,8,3,3,226,-10.2573
1974,8,3,4,197,-12.7833
1974,8,3,5,158,-9.8437
1974,9,1,1,188,-6.7047
1974,9,1,2,279,-8.7441
1974,9,1,3,274,-8.2829
1974,9,1,4,378,-7.1950
1974,9,1,5,373,-7.3106
1974,9,2,1,148,-6.4916
1974,9,2,2,153,-11.1744
1974,9,2,3,163,-10.6559
1974,9,2,4,170,-9.2768
1974,9,2,5,186,-8.3891
1974,9,3,1,267,-6.6045
1974,9,3,2,239,-12.9385
1974,9,3,3,227,-13.0587
1974,9,3,4,199,-11.8121
1974,9,3,5,158,-11.6174
1974,10,1,1,152,10.3355
1974,10,1,2,238,8.5768
1974,10,1,3,234,8.3526
1974,10,1,4,324,5.5472
1974,10,1,5,347,8.5038
1974,10,2,1,128,7.9127
1974,10,2,2,135,11.8370
1974,10,2,3,144,7.0948
1974,10,2,4,148,6.8769
1974,10,2,5,175,12.4958
1974,10,3,1,207,16.8248
1974,10,3,2,195,16.0312
1974,10,3,3,195,18.5697
1974,10,3,4,175,16.7154
1974,10,3,5,152,19.0670
1974,11,1,1,142,-5.7005
1974,11,1,2,237,-6.7726
1974,11,1,3,238,-5.9534
1974,11,1,4,322,-6.0643
1974,11,1,5,348,-5.1589
1974,11,2,1,129,-2.9772
1974,11,2,2,139,-5.1813
1974,11,2,3,145,-6.2360
1974,11,2,4,143,-5.8185
1974,11,2,5,177,-4.4974
1974,11,3,1,204,-0.7256
1974,11,3,2,205,-2.7265
1974,11,3,3,194,-4.6267
1974,11,3,4,170,-4.8001
1974,11,3,5,152,-2.6046
1974,12,1,1,135,-7.0375
1974,12,1,2,237,-7.7866
1974,12,1,3,248,-9.3322
1974,12,1,4,314,-10.6535
1974,12,1,5,348,-6.8016
1974,12,2,1,126,-4.3986
1974,12,2,2,135,-5.8934
1974,12,2,3,146,-6.9008
1974,12,2,4,145,-6.2864
1974,12,2,5,178,-5.4277
1974,12,3,1,205,-2.8897
1974,12,3,2,210,-2.9797
1974,12,3,3,199,-4.1210
1974,12,3,4,166,-1.3558
1974,12,3,5,152,-3.0609
1975,1,1,1,97,31.6761
1975,1,1,2,213,34.4506
1975,1,1,3,247,32.0535
1975,1,1,4,306,36.1348
1975,1,1,5,352,28.4838
1975,1,2,1,114,26.5362
1975,1,2,2,123,27.0364
1975,1,2,3,142,27.5721
1975,1,2,4,140,28.3708
1975,1,2,5,178,26.6920
1975,1,3,1,189,20.6594
1975,1,3,2,199,12.7072
1975,1,3,3,195,13.8717
1975,1,3,4,167,16.4144
1975,1,3,5,152,16.2493
1975,2,1,1,95,5.9957
1975,2,1,2,212,3.7477
1975,2,1,3,242,5.1705
1975,2,1,4,302,1.1282
1975,2,1,5,356,4.4058
1975,2,2,1,113,1.6080
1975,2,2,2,121,6.1790
1975,2,2,3,136,5.0060
1975,2,2,4,142,4.8099
1975,2,2,5,182,4.7401
1975,2,3,1,189,0.5528
1975,2,3,2,197,7.4099
1975,2,3,3,193,9.1146
1975,2,3,4,168,6.8574
1975,2,3,5,154,5.4515
1975,3,1,1,97,7.9957
1975,3,1,2,219,9.8392
1975,3,1,3,251,9.9505
1975,3,1,4,302,12.1667
1975,3,1,5,356,11.1875
1975,3,2,1,112,1.4543
1975,3,2,2,122,4.4973
1975,3,2,3,138,7.9848
1975,3,2,4,148,8.1930
1975,3,2,5,182,8.9923
1975,3,3,1,188,-1.1920
1975,3,3,2,200,2.3108
1975,3,3,3,195,5.3783
1975,3,3,4,170,2.9449
1975,3,3,5,153,5.5011
1975,4,1,1,97,1.6561
1975,4,1,2,214,6.5157
1975,4,1,3,254,5.0603
1975,4,1,4,297,4.5090
1975,4,1,5,361,2.8266
1975,4,2,1,114,1.5137
1975,4,2,2,119,4.2235
1975,4,2,3,135,5.9258
1975,4,2,4,146,4.2116
1975,4,2,5,184,4.8177
1975,4,3,1,189,1.0799
1975,4,3,2,197,2.8708
1975,4,3,3,195,7.0020
1975,4,3,4,170,4.7180
1975,4,3,5,150,3.2392
1975,5,1,1,104,3.5498
1975,5,1,2,238,6.6706
1975,5,1,3,288,8.6180
1975,5,1,4,343,10.1786
1975,5,1,5,388,7.4998
1975,5,2,1,134,5.5738
1975,5,2,2,143,8.7661
1975,5,2,3,153,9.2793
1975,5,2,4,171,7.9614
1975,5,2,5,202,5.8758
1975,5,3,1,196,6.9466
1975,5,3,2,220,6.2980
1975,5,3,3,225,5.0691
1975,5,3,4,208,5.7663
1975,5,3,5,178,5.4110
1975,6,1,1,117,9.8660
1975,6,1,2,251,10.2282
1975,6,1,3,311,8.8547
1975,6,1,4,362,9.7473
1975,6,1,5,392,9.0243
1975,6,2,1,136,6.9452
1975,6,2,2,149,6.0911
1975,6,2,3,157,7.9572
1975,6,2,4,180,8.3693
1975,6,2,5,209,6.0750
1975,6,3,1,197,9.8233
1975,6,3,2,224,4.4896
1975,6,3,3,226,5.9820
1975,6,3,4,211,5.9697
1975,6,3,5,180,4.9296
1975,7,1,1,115,-3.2678
1975,7,1,2,249,-3.2069
1975,7,1,3,318,-3.6232
1975,7,1,4,365,-4.2698
1975,7,1,5,396,0.2410
1975,7,2,1,134,-4.1951
1975,7,2,2,147,-5.1285
1975,7,2,3,164,-4.0917
1975,7,2,4,181,-3.9090
1975,7,2,5,209,-2.7697
1975,7,3,1,198,-5.4553
1975,7,3,2,227,-7.1251
1975,7,3,3,228,-8.0735
1975,7,3,4,213,-5.2844
1975,7,3,5,182,-6.6428
1975,8,1,1,117,-4.6318
1975,8,1,2,259,-6.5236
1975,8,1,3,339,-5.9119
1975,8,1,4,385,-7.3131
1975,8,1,5,403,-5.5283
1975,8,2,1,133,-2.3510
1975,8,2,2,147,-5.5826
1975,8,2,3,170,-6.0976
1975,8,2,4,187,-4.8525
1975,8,2,5,218,-3.5732
1975,8,3,1,203,-2.0462
1975,8,3,2,233,-2.5087
1975,8,3,3,245,-1.8127
1975,8,3,4,224,-1.3029
1975,8,3,5,187,-2.5397
1975,9,1,1,114,-3.8747
1975,9,1,2,260,-3.7361
1975,9,1,3,345,-3.0801
1975,9,1,4,395,-3.0200
1975,9,1,5,414,-3.0243
1975,9,2,1,135,-3.6415
1975,9,2,2,147,-3.3637
1975,9,2,3,172,-4.3055
1975,9,2,4,192,-2.2965
1975,9,2,5,222,-2.3324
1975,9,3,1,208,-2.4511
1975,9,3,2,237,-3.3283
1975,9,3,3,244,-3.4924
1975,9,3,4,230,-1.9516
1975,9,3,5,188,-2.7483
1975,10,1,1,106,2.8926
1975,10,1,2,236,0.8361
1975,10,1,3,329,1.1084
1975,10,1,4,347,3.0704
1975,10,1,5,387,3.4937
1975,10,2,1,129,2.8054
1975,10,2,2,135,1.5561
1975,10,2,3,151,2.6187
1975,10,2,4,179,2.7677
1975,10,2,5,199,6.3080
1975,10,3,1,203,6.9315
1975,10,3,2,219,5.4919
1975,10,3,3,206,6.7009
1975,10,3,4,215,6.8790
1975,10,3,5,178,8.3128
1975,11,1,1,109,0.4519
1975,11,1,2,250,1.3489
1975,11,1,3,326,3.4818
1975,11,1,4,354,2.8515
1975,11,1,5,401,4.9879
1975,11,2,1,139,2.2604
1975,11,2,2,149,3.1091
1975,11,2,3,159,4.2480
1975,11,2,4,183,2.9715
1975,11,2,5,202,4.2444
1975,11,3,1,207,3.6793
1975,11,3,2,236,2.9593
1975,11,3,3,226,3.8466
1975,11,3,4,220,2.3792
1975,11,3,5,185,2.7124
1975,12,1,1,121,-1.9582
1975,12,1,2,261,-1.6097
1975,12,1,3,332,-1.6681
1975,12,1,4,366,-1.3920
1975,12,1,5,406,-1.7090
1975,12,2,1,143,1.0584
1975,12,2,2,155,-0.5271
1975,12,2,3,162,-1.4773
1975,12,2,4,185,-0.7177
1975,12,2,5,210,-1.7065
1975,12,3,1,208,0.9033
1975,12,3,2,239,-0.4717
1975,12,3,3,233,-1.7460
1975,12,3,4,222,-1.1523
1975,12,3,5,187,-1.4036
1976,1,1,1,122,22.6642
1976,1,1,2,260,24.3124
1976,1,1,3,327,26.2777
1976,1,1,4,368,26.1483
1976,1,1,5,407,22.4998
1976,1,2,1,146,13.1413
1976,1,2,2,156,18.7689
1976,1,2,3,155,22.3849
1976,1,2,4,184,23.0772
1976,1,2,5,210,19.3894
1976,1,3,1,208,8.8367
1976,1,3,2,228,13.4175
1976,1,3,3,234,14.4454
1976,1,3,4,220,12.0746
1976,1,3,5,188,8.6576
1976,2,1,1,120,8.4527
1976,2,1,2,249,13.5776
1976,2,1,3,303,14.4414
1976,2,1,4,348,12.6448
1976,2,1,5,397,12.7382
1976,2,2,1,147,3.0870
1976,2,2,2,154,9.0430
1976,2,2,3,157,9.0646
1976,2,2,4,187,8.4891
1976,2,2,5,212,5.3461
1976,2,3,1,212,-0.4622
1976,2,3,2,229,-0.6014
1976,2,3,3,240,-0.5427
1976,2,3,4,223,0.5122
1976,2,3,5,191,0.2481
1976,3,1,1,137,-0.7041
1976,3,1,2,268,-0.1329
1976,3,1,3,341,0.8490
1976,3,1,4,381,1.9256
1976,3,1,5,422,1.8409
1976,3,2,1,151,1.0633
1976,3,2,2,160,1.5574
1976,3,2,3,165,1.8069
1976,3,2,4,197,0.2917
1976,3,2,5,216,1.9541
1976,3,3,1,213,1.7076
1976,3,3,2,232,2.7916
1976,3,3,3,255,2.3901
1976,3,3,4,228,4.4649
1976,3,3,5,195,2.2340
1976,4,1,1,132,-0.1988
1976,4,1,2,250,-2.8272
1976,4,1,3,324,-1.7185
1976,4,1,4,365,-2.1643
1976,4,1,5,402,-2.5898
1976,4,2,1,154,0.4540
1976,4,2,2,151,0.0753
1976,4,2,3,162,-1.0163
1976,4,2,4,195,-1.7166
1976,4,2,5,209,-1.8736
1976,4,3,1,212,0.8709
1976,4,3,2,214,-2.6090
1976,4,3,3,248,-0.4455
1976,4,3,4,227,0.4096
1976,4,3,5,195,-1.3347
1976,5,1,1,143,-1.6155
1976,5,1,2,273,-3.1512
1976,5,1,3,357,-2.3827
1976,5,1,4,402,-3.3411
1976,5,1,5,422,-4.3145
1976,5,2,1,156,0.5109
1976,5,2,2,162,-0.7623
1976,5,2,3,178,-2.2532
1976,5,2,4,207,-2.0412
1976,5,2,5,216,-3.5421
1976,5,3,1,219,-1.6244
1976,5,3,2,229,-0.8544
1976,5,3,3,270,-0.7638
1976,5,3,4,241,0.9118
1976,5,3,5,197,-2.2499
1976,6,1,1,151,5.2801
1976,6,1,2,286,5.8038
1976,6,1,3,365,3.2951
1976,6,1,4,411,3.7073
1976,6,1,5,431,2.9778
1976,6,2,1,162,4.8811
1976,6,2,2,164,5.1588
1976,6,2,3,182,5.1982
1976,6,2,4,214,6.0776
1976,6,2,5,216,3.3502
1976,6,3,1,216,4.1385
1976,6,3,2,229,4.0915
1976,6,3,3,267,4.1587
1976,6,3,4,246,5.0134
1976,6,3,5,191,3.9199
1976,7,1,1,148,1.4919
1976,7,1,2,280,0.7566
1976,7,1,3,343,-0.4898
1976,7,1,4,397,-0.1519
1976,7,1,5,427,-0.3347
1976,7,2,1,158,0.8806
1976,7,2,2,157,0.0405
1976,7,2,3,183,0.2390
1976,7,2,4,212,-0.5389
1976,7,2,5,207,-1.1067
1976,7,3,1,219,0.7572
1976,7,3,2,229,-1.6609
1976,7,3,3,260,-1.5978
1976,7,3,4,237,-0.6858
1976,7,3,5,179,-0.6566
1976,8,1,1,157,-1.4341
1976,8,1,2,279,-1.9637
1976,8,1,3,366,-3.4496
1976,8,1,4,412,-2.5458
1976,8,1,5,439,-2.7667
1976,8,2,1,165,-1.1289
1976,8,2,2,164,-1.8812
1976,8,2,3,196,-3.2070
1976,8,2,4,226,-2.3185
1976,8,2,5,207,-1.8142
1976,8,3,1,224,2.7034
1976,8,3,2,237,-0.3208
1976,8,3,3,269,-1.0703
1976,8,3,4,244,-0.8803
1976,8,3,5,178,0.9251
1976,9,1,1,148,4.2314
1976,9,1,2,242,1.6993
1976,9,1,3,309,1.4285
1976,9,1,4,343,1.5985
1976,9,1,5,365,1.2898
1976,9,2,1,164,4.0549
1976,9,2,2,165,3.8753
1976,9,2,3,190,3.2341
1976,9,2,4,218,2.2724
1976,9,2,5,202,2.2390
1976,9,3,1,220,3.0268
1976,9,3,2,241,2.6666
1976,9,3,3,274,2.1919
1976,9,3,4,243,3.0160
1976,9,3,5,172,2.4651
1976,10,1,1,167,-1.3373
1976,10,1,2,275,-2.5329
1976,10,1,3,346,-2.2300
1976,10,1,4,414,-2.6796
1976,10,1,5,441,-3.3315
1976,10,2,1,167,-1.3938
1976,10,2,2,153,-3.0663
1976,10,2,3,186,-1.6956
1976,10,2,4,213,-2.9841
1976,10,2,5,198,-2.4218
1976,10,3,1,221,-0.5287
1976,10,3,2,235,-2.5626
1976,10,3,3,256,-2.2382
1976,10,3,4,224,-3.6171
1976,10,3,5,160,-1.5241
1976,11,1,1,165,3.6881
1976,11,1,2,281,2.8424
1976,11,1,3,355,3.0095
1976,11,1,4,423,2.5733
1976,11,1,5,450,2.1232
1976,11,2,1,167,4.1223
1976,11,2,2,161,3.8762
1976,11,2,3,198,4.9100
1976,11,2,4,211,3.8709
1976,11,2,5,200,4.5585
1976,11,3,1,225,2.3570
1976,11,3,2,243,-1.4887
1976,11,3,3,260,0.6388
1976,11,3,4,232,-0.4924
1976,11,3,5,164,3.3457
1976,12,1,1,169,10.6669
1976,12,1,2,298,11.5256
1976,12,1,3,377,9.6839
1976,12,1,4,450,10.0988
1976,12,1,5,463,11.2606
1976,12,2,1,171,7.8265
1976,12,2,2,169,10.8907
1976,12,2,3,207,9.4486
1976,12,2,4,220,9.8690
1976,12,2,5,208,9.0583
1976,12,3,1,226,5.2493
1976,12,3,2,248,4.8960
1976,12,3,3,264,6.1008
1976,12,3,4,234,5.7847
1976,12,3,5,166,4.8822
1977,1,1,1,171,7.1447
1977,1,1,2,293,6.5530
1977,1,1,3,366,3.7602
1977,1,1,4,449,4.0774
1977,1,1,5,464,3.3509
1977,1,2,1,171,3.2465
1977,1,2,2,170,3.3703
1977,1,2,3,203,2.0931
1977,1,2,4,221,0.0792
1977,1,2,5,209,-0.5470
1977,1,3,1,226,-0.8500
1977,1,3,2,243,-6.2264
1977,1,3,3,260,-3.7106
1977,1,3,4,232,-4.2102
1977,1,3,5,166,-6.2762
1977,2,1,1,170,-2.1935
1977,2,1,2,279,-1.5060
1977,2,1,3,356,-0.0387
1977,2,1,4,438,-0.0315
1977,2,1,5,457,-0.9973
1977,2,2,1,170,-1.5600
1977,2,2,2,172,-1.4724
1977,2,2,3,197,-1.1994
1977,2,2,4,223,-0.2894
1977,2,2,5,207,-0.2587
1977,2,3,1,227,-1.7279
1977,2,3,2,239,-0.8289
1977,2,3,3,265,-2.3156
1977,2,3,4,230,-1.3262
1977,2,3,5,162,-2.9299
1977,3,1,1,181,2.4118
1977,3,1,2,293,0.7845
1977,3,1,3,372,1.7002
1977,3,1,4,465,1.0533
1977,3,1,5,479,-0.1212
1977,3,2,1,175,0.6283
1977,3,2,2,178,-0.0069
1977,3,2,3,208,0.9396
1977,3,2,4,221,0.4503
1977,3,2,5,211,-1.2382
1977,3,3,1,233,-0.5568
1977,3,3,2,242,-1.6223
1977,3,3,3,267,-0.8759
1977,3,3,4,238,-0.8572
1977,3,3,5,165,-2.6512
1977,4,1,1,183,0.8343
1977,4,1,2,293,1.2507
1977,4,1,3,375,1.8894
1977,4,1,4,471,2.2178
1977,4,1,5,476,1.4163
1977,4,2,1,175,2.0294
1977,4,2,2,179,2.6307
1977,4,2,3,209,0.3229
1977,4,2,4,217,2.0709
1977,4,2,5,212,1.6375
1977,4,3,1,232,1.3703
1977,4,3,2,242,-1.4055
1977,4,3,3,262,1.2529
1977,4,3,4,239,0.2255
1977,4,3,5,167,0.0622
1977,5,1,1,183,2.3374
1977,5,1,2,303,-0.1603
1977,5,1,3,387,0.1908
1977,5,1,4,487,-0.5510
1977,5,1,5,485,-0.8867
1977,5,2,1,175,1.1725
1977,5,2,2,183,-0.5270
1977,5,2,3,209,-0.3934
1977,5,2,4,230,-0.0740
1977,5,2,5,212,-0.4424
1977,5,3,1,233,0.8873
1977,5,3,2,250,-3.0570
1977,5,3,3,274,-1.2623
1977,5,3,4,244,-1.2804
1977,5,3,5,170,-1.0833
1977,6,1,1,185,8.5209
1977,6,1,2,303,7.4013
1977,6,1,3,401,6.9806
1977,6,1,4,491,7.2306
1977,6,1,5,493,7.5333
1977,6,2,1,175,7.5718
1977,6,2,2,183,8.4552
1977,6,2,3,211,7.4731
1977,6,2,4,231,6.5945
1977,6,2,5,213,6.3943
1977,6,3,1,234,3.9798
1977,6,3,2,250,4.8074
1977,6,3,3,271,4.3805
1977,6,3,4,245,6.4610
1977,6,3,5,171,4.7967
1977,7,1,1,186,-0.4226
1977,7,1,2,294,-0.7421
1977,7,1,3,383,-1.3498
1977,7,1,4,486,-0.3281
1977,7,1,5,494,0.2336
1977,7,2,1,172,-0.7821
1977,7,2,2,185,-2.2680
1977,7,2,3,209,-2.1155
1977,7,2,4,227,-0.4012
1977,7,2,5,209,-0.7648
1977,7,3,1,234,-0.6026
1977,7,3,2,246,-2.2488
1977,7,3,3,259,-2.3071
1977,7,3,4,240,-1.3817
1977,7,3,5,168,-0.9294
1977,8,1,1,192,-1.7057
1977,8,1,2,298,-3.0353
1977,8,1,3,384,-1.8672
1977,8,1,4,482,-1.9177
1977,8,1,5,500,-1.1315
1977,8,2,1,171,-2.4944
1977,8,2,2,188,-0.5139
1977,8,2,3,211,-1.7350
1977,8,2,4,232,-0.8863
1977,8,2,5,211,0.0189
1977,8,3,1,237,-2.6237
1977,8,3,2,246,-0.3667
1977,8,3,3,264,-2.9869
1977,8,3,4,244,-0.9771
1977,8,3,5,167,0.4792
1977,9,1,1,190,2.7415
1977,9,1,2,302,0.9201
1977,9,1,3,388,0.8231
1977,9,1,4,494,0.7060
1977,9,1,5,504,1.4921
1977,9,2,1,171,1.9961
1977,9,2,2,190,1.4518
1977,9,2,3,207,0.0889
1977,9,2,4,235,0.9002
1977,9,2,5,210,1.3412
1977,9,3,1,238,1.9252
1977,9,3,2,248,-1.6044
1977,9,3,3,268,-0.2883
1977,9,3,4,248,0.2261
1977,9,3,5,168,0.7101
1977,10,1,1,185,-3.7170
1977,10,1,2,291,-2.5025
1977,10,1,3,385,-1.5844
1977,10,1,4,486,-2.4460
1977,10,1,5,498,-3.0169
1977,10,2,1,172,-2.3327
1977,10,2,2,184,-2.1373
1977,10,2,3,201,-2.8845
1977,10,2,4,228,-2.3899
1977,10,2,5,207,-3.7181
1977,10,3,1,237,-4.5612
1977,10,3,2,245,-4.0408
1977,10,3,3,257,-3.5400
1977,10,3,4,240,-3.3922
1977,10,3,5,161,-3.9625
1977,11,1,1,185,8.4478
1977,11,1,2,292,9.2981
1977,11,1,3,389,10.3028
1977,11,1,4,479,10.1967
1977,11,1,5,487,9.4017
1977,11,2,1,170,7.4361
1977,11,2,2,188,9.4810
1977,11,2,3,204,9.6261
1977,11,2,4,232,8.1150
1977,11,2,5,204,8.0139
1977,11,3,1,241,3.8494
1977,11,3,2,247,3.8684
1977,11,3,3,258,3.8576
1977,11,3,4,241,4.0922
1977,11,3,5,162,3.7277
1977,12,1,1,186,4.7303
1977,12,1,2,301,1.9027
1977,12,1,3,404,1.6247
1977,12,1,4,483,1.2462
1977,12,1,5,487,1.5090
1977,12,2,1,168,2.9202
1977,12,2,2,189,1.4361
1977,12,2,3,207,0.6438
1977,12,2,4,240,0.7833
1977,12,2,5,201,0.8892
1977,12,3,1,240,1.2581
1977,12,3,2,248,1.2590
1977,12,3,3,259,0.3639
1977,12,3,4,242,0.0807
1977,12,3,5,159,-0.8397
1978,1,1,1,183,0.1898
1978,1,1,2,296,-0.0600
1978,1,1,3,405,-0.2700
1978,1,1,4,478,-1.8019
1978,1,1,5,484,-2.4926
1978,1,2,1,170,-3.3133
1978,1,2,2,189,-3.2856
1978,1,2,3,200,-3.5167
1978,1,2,4,239,-4.8350
1978,1,2,5,202,-4.9409
1978,1,3,1,239,-4.7549
1978,1,3,2,240,-5.5508
1978,1,3,3,260,-6.5659
1978,1,3,4,238,-6.0351
1978,1,3,5,155,-6.9631
1978,2,1,1,181,1.1776
1978,2,1,2,299,4.1834
1978,2,1,3,398,1.5183
1978,2,1,4,467,2.8533
1978,2,1,5,474,4.3630
1978,2,2,1,170,2.3652
1978,2,2,2,187,1.8805
1978,2,2,3,196,1.7372
1978,2,2,4,237,1.1345
1978,2,2,5,199,2.1249
1978,2,3,1,241,0.3400
1978,2,3,2,240,-3.4381
1978,2,3,3,257,-1.7711
1978,2,3,4,237,-1.0980
1978,2,3,5,153,0.1267
1978,3,1,1,176,7.1082
1978,3,1,2,305,9.8254
1978,3,1,3,405,7.4236
1978,3,1,4,467,8.5587
1978,3,1,5,479,8.0034
1978,3,2,1,171,4.5153
1978,3,2,2,189,7.5879
1978,3,2,3,203,7.3150
1978,3,2,4,241,6.0596
1978,3,2,5,202,6.4886
1978,3,3,1,240,2.7648
1978,3,3,2,247,1.2848
1978,3,3,3,262,3.1169
1978,3,3,4,240,4.0364
1978,3,3,5,152,3.9361
1978,4,1,1,170,6.8895
1978,4,1,2,307,6.9882
1978,4,1,3,393,8.2890
1978,4,1,4,465,8.8924
1978,4,1,5,476,8.1670
1978,4,2,1,170,4.8269
1978,4,2,2,180,6.8024
1978,4,2,3,195,8.7171
1978,4,2,4,235,10.0295
1978,4,2,5,204,8.2971
1978,4,3,1,237,2.6296
1978,4,3,2,244,11.7030
1978,4,3,3,256,9.1751
1978,4,3,4,226,9.5799
1978,4,3,5,151,8.8381
1978,5,1,1,172,5.8213
1978,5,1,2,315,7.5010
1978,5,1,3,392,8.4188
1978,5,1,4,452,8.3275
1978,5,1,5,481,7.6330
1978,5,2,1,170,3.4251
1978,5,2,2,187,6.0105
1978,5,2,3,204,6.7107
1978,5,2,4,238,6.2853
1978,5,2,5,205,6.1123
1978,5,3,1,237,0.5229
1978,5,3,2,249,2.2818
1978,5,3,3,261,1.8501
1978,5,3,4,225,2.8933
1978,5,3,5,147,0.5172
1978,6,1,1,171,-0.6421
1978,6,1,2,317,-0.8348
1978,6,1,3,394,0.6692
1978,6,1,4,460,1.2908
1978,6,1,5,485,-0.9832
1978,6,2,1,169,0.4684
1978,6,2,2,183,2.8546
1978,6,2,3,208,-0.2774
1978,6,2,4,242,-1.9396
1978,6,2,5,209,-1.3059
1978,6,3,1,239,-0.6330
1978,6,3,2,246,-1.6850
1978,6,3,3,264,-2.5980
1978,6,3,4,222,-0.7119
1978,6,3,5,148,-1.0073
1978,7,1,1,164,6.3341
1978,7,1,2,308,7.1177
1978,7,1,3,383,7.4195
1978,7,1,4,449,5.5636
1978,7,1,5,479,4.3668
1978,7,2,1,167,5.9622
1978,7,2,2,175,9.1641
1978,7,2,3,202,6.5475
1978,7,2,4,241,5.9875
1978,7,2,5,201,5.8637
1978,7,3,1,236,3.3697
1978,7,3,2,246,7.4478
1978,7,3,3,253,6.1589
1978,7,3,4,210,5.3561
1978,7,3,5,148,5.2636
1978,8,1,1,164,11.0391
1978,8,1,2,312,9.0086
1978,8,1,3,386,9.6074
1978,8,1,4,451,9.8210
1978,8,1,5,484,9.6770
1978,8,2,1,168,5.5184
1978,8,2,2,185,9.3787
1978,8,2,3,207,9.7589
1978,8,2,4,246,9.0312
1978,8,2,5,206,9.7044
1978,8,3,1,236,2.8787
1978,8,3,2,251,3.1228
1978,8,3,3,262,4.5175
1978,8,3,4,218,3.2920
1978,8,3,5,148,3.4532
1978,9,1,1,163,-0.2835
1978,9,1,2,309,-0.3913
1978,9,1,3,388,-0.3946
1978,9,1,4,456,-0.9874
1978,9,1,5,491,-1.2533
1978,9,2,1,171,0.1312
1978,9,2,2,187,-0.9380
1978,9,2,3,213,-2.5659
1978,9,2,4,249,-1.5402
1978,9,2,5,209,-2.3257
1978,9,3,1,233,0.8590
1978,9,3,2,250,-1.4607
1978,9,3,3,263,-0.1982
1978,9,3,4,221,-1.7367
1978,9,3,5,149,-1.2682
1978,10,1,1,162,-23.5884
1978,10,1,2,309,-23.9651
1978,10,1,3,385,-25.1380
1978,10,1,4,450,-24.8317
1978,10,1,5,486,-23.4366
1978,10,2,1,171,-17.0045
1978,10,2,2,188,-22.4714
1978,10,2,3,210,-21.9756
1978,10,2,4,246,-19.5822
1978,10,2,5,200,-20.1082
1978,10,3,1,231,-8.2117
1978,10,3,2,248,-9.1675
1978,10,3,3,260,-10.6124
1978,10,3,4,215,-10.1200
1978,10,3,5,150,-10.9367
1978,11,1,1,167,7.9687
1978,11,1,2,314,7.8362
1978,11,1,3,389,7.3963
1978,11,1,4,458,7.5419
1978,11,1,5,479,7.6282
1978,11,2,1,170,5.3361
1978,11,2,2,190,7.7000
1978,11,2,3,214,7.7553
1978,11,2,4,251,6.7140
1978,11,2,5,202,6.1525
1978,11,3,1,233,3.5697
1978,11,3,2,252,3.8048
1978,11,3,3,264,3.9365
1978,11,3,4,219,2.5394
1978,11,3,5,150,-0.2528
1978,12,1,1,168,-1.4779
1978,12,1,2,316,0.4638
1978,12,1,3,391,1.4789
1978,12,1,4,468,0.5700
1978,12,1,5,473,0.7655
1978,12,2,1,172,1.3766
1978,12,2,2,191,2.1623
1978,12,2,3,223,3.6651
1978,12,2,4,254,2.0698
1978,12,2,5,200,1.1845
1978,12,3,1,231,0.1651
1978,12,3,2,258,3.3946
1978,12,3,3,265,1.0709
1978,12,3,4,218,1.7716
1978,12,3,5,150,0.4715
1979,1,1,1,169,10.6903
1979,1,1,2,317,11.1822
1979,1,1,3,383,11.2215
1979,1,1,4,469,10.9591
1979,1,1,5,473,10.6730
1979,1,2,1,172,7.6015
1979,1,2,2,192,9.2964
1979,1,2,3,222,9.4562
1979,1,2,4,258,6.8744
1979,1,2,5,201,7.9492
1979,1,3,1,232,5.5337
1979,1,3,2,254,3.8290
1979,1,3,3,266,4.4902
1979,1,3,4,216,3.5782
1979,1,3,5,149,4.6545
1979,2,1,1,170,0.7424
1979,2,1,2,310,-2.8113
1979,2,1,3,381,-1.7789
1979,2,1,4,461,-3.1724
1979,2,1,5,467,-3.2600
1979,2,2,1,170,-1.0137
1979,2,2,2,192,-3.0501
1979,2,2,3,223,-2.5346
1979,2,2,4,247,-3.3203
1979,2,2,5,194,-4.2711
1979,2,3,1,232,-1.1769
1979,2,3,2,250,-2.6251
1979,2,3,3,264,-3.6193
1979,2,3,4,218,-4.2825
1979,2,3,5,149,-3.6106
1979,3,1,1,171,11.8404
1979,3,1,2,304,9.1853
1979,3,1,3,382,9.1601
1979,3,1,4,459,8.8811
1979,3,1,5,460,7.9259
1979,3,2,1,171,8.8679
1979,3,2,2,190,11.1813
1979,3,2,3,225,9.6643
1979,3,2,4,254,8.6787
1979,3,2,5,200,11.8856
1979,3,3,1,230,3.9183
1979,3,3,2,253,7.1405
1979,3,3,3,265,7.0174
1979,3,3,4,217,5.1599
1979,3,3,5,151,5.2008
1979,4,1,1,171,3.0076
1979,4,1,2,304,1.8099
1979,4,1,3,367,2.2411
1979,4,1,4,450,3.6022
1979,4,1,5,460,1.9775
1979,4,2,1,169,2.8938
1979,4,2,2,185,3.5439
1979,4,2,3,218,2.1712
1979,4,2,4,249,2.2736
1979,4,2,5,198,1.6462
1979,4,3,1,224,-2.2607
1979,4,3,2,240,0.9726
1979,4,3,3,264,1.2725
1979,4,3,4,208,1.3172
1979,4,3,5,148,0.7296
1979,5,1,1,170,-1.1649
1979,5,1,2,296,0.5805
1979,5,1,3,370,-1.0057
1979,5,1,4,456,-1.6005
1979,5,1,5,463,-1.3475
1979,5,2,1,172,0.9302
1979,5,2,2,189,-1.8036
1979,5,2,3,225,-0.6570
1979,5,2,4,256,-2.7367
1979,5,2,5,207,-2.7834
1979,5,3,1,228,0.7657
1979,5,3,2,251,-2.3531
1979,5,3,3,268,-2.6870
1979,5,3,4,212,-2.1072
1979,5,3,5,150,-1.3686
1979,6,1,1,172,11.7951
1979,6,1,2,299,5.7250
1979,6,1,3,368,3.7853
1979,6,1,4,458,4.3120
1979,6,1,5,464,3.2342
1979,6,2,1,172,6.9108
1979,6,2,2,185,4.4632
1979,6,2,3,230,3.9077
1979,6,2,4,259,4.0692
1979,6,2,5,211,4.2913
1979,6,3,1,231,4.8371
1979,6,3,2,253,3.2360
1979,6,3,3,265,4.4328
1979,6,3,4,211,4.1844
1979,6,3,5,150,3.7737
1979,7,1,1,167,0.8982
1979,7,1,2,287,2.4744
1979,7,1,3,348,3.2756
1979,7,1,4,446,2.2766
1979,7,1,5,460,2.1314
1979,7,2,1,171,3.4114
1979,7,2,2,182,3.7564
1979,7,2,3,219,3.1756
1979,7,2,4,255,3.1230
1979,7,2,5,207,3.2375
1979,7,3,1,228,1.3953
1979,7,3,2,248,0.1567
1979,7,3,3,252,2.2604
1979,7,3,4,206,1.5822
1979,7,3,5,144,1.6216
1979,8,1,1,165,8.7033
1979,8,1,2,289,8.8645
1979,8,1,3,345,9.1610
1979,8,1,4,453,7.3361
1979,8,1,5,464,8.5724
1979,8,2,1,171,6.7702
1979,8,2,2,180,9.1799
1979,8,2,3,219,9.2183
1979,8,2,4,248,8.2471
1979,8,2,5,215,8.5593
1979,8,3,1,231,3.9083
1979,8,3,2,253,6.5632
1979,8,3,3,256,6.9562
1979,8,3,4,209,7.3296
1979,8,3,5,147,8.2075
1979,9,1,1,169,3.8301
1979,9,1,2,295,-1.1086
1979,9,1,3,353,-1.2353
1979,9,1,4,453,-1.6069
1979,9,1,5,467,-1.2463
1979,9,2,1,172,1.1183
1979,9,2,2,184,-1.0108
1979,9,2,3,223,0.2267
1979,9,2,4,249,0.0310
1979,9,2,5,216,-0.6734
1979,9,3,1,233,-0.6830
1979,9,3,2,254,-0.0009
1979,9,3,3,259,0.4546
1979,9,3,4,210,1.2232
1979,9,3,5,151,0.3370
1979,10,1,1,169,-10.3520
1979,10,1,2,290,-11.4694
1979,10,1,3,345,-11.5955
1979,10,1,4,438,-10.8110
1979,10,1,5,462,-10.2045
1979,10,2,1,172,-8.0849
1979,10,2,2,180,-11.0549
1979,10,2,3,221,-10.2378
1979,10,2,4,241,-9.9853
1979,10,2,5,210,-9.8897
1979,10,3,1,233,-5.2478
1979,10,3,2,249,-5.9542
1979,10,3,3,257,-6.6639
1979,10,3,4,210,-6.9013
1979,10,3,5,147,-8.9875
1979,11,1,1,172,11.6042
1979,11,1,2,294,10.1607
1979,11,1,3,356,7.6122
1979,11,1,4,443,7.5209
1979,11,1,5,458,6.4539
1979,11,2,1,173,10.5718
1979,11,2,2,182,8.7461
1979,11,2,3,229,8.1398
1979,11,2,4,241,7.2760
1979,11,2,5,213,7.8928
1979,11,3,1,233,7.2093
1979,11,3,2,256,6.4260
1979,11,3,3,270,5.6216
1979,11,3,4,213,4.1046
1979,11,3,5,152,3.8229
1979,12,1,1,176,9.2768
1979,12,1,2,297,7.3099
1979,12,1,3,360,7.0307
1979,12,1,4,441,7.1473
1979,12,1,5,457,7.3686
1979,12,2,1,180,5.5595
1979,12,2,2,190,8.6611
1979,12,2,3,229,6.5145
1979,12,2,4,247,5.1526
1979,12,2,5,216,5.4991
1979,12,3,1,232,1.5636
1979,12,3,2,258,2.1008
1979,12,3,3,275,3.1228
1979,12,3,4,217,1.6936
1979,12,3,5,152,2.9786
1980,1,1,1,173,12.3828
1980,1,1,2,296,10.0980
1980,1,1,3,355,10.6808
1980,1,1,4,440,11.2209
1980,1,1,5,451,9.2710
1980,1,2,1,183,7.5099
1980,1,2,2,185,6.9065
1980,1,2,3,229,7.8996
1980,1,2,4,243,6.1448
1980,1,2,5,215,5.6828
1980,1,3,1,230,3.6964
1980,1,3,2,255,6.8342
1980,1,3,3,266,7.2808
1980,1,3,4,208,7.9449
1980,1,3,5,148,7.0408
1980,2,1,1,176,0.0348
1980,2,1,2,289,-0.8741
1980,2,1,3,344,-3.7553
1980,2,1,4,431,-3.7331
1980,2,1,5,446,-2.6168
1980,2,2,1,184,0.5332
1980,2,2,2,190,-0.1819
1980,2,2,3,227,-2.8957
1980,2,2,4,245,-2.8492
1980,2,2,5,211,-4.0766
1980,2,3,1,234,0.4497
1980,2,3,2,258,-0.1435
1980,2,3,3,266,0.0320
1980,2,3,4,212,3.4582
1980,2,3,5,155,-3.4362
1980,3,1,1,176,-20.2524
1980,3,1,2,289,-19.2483
1980,3,1,3,345,-19.2538
1980,3,1,4,431,-18.1195
1980,3,1,5,448,-16.9567
1980,3,2,1,184,-16.8646
1980,3,2,2,190,-18.3619
1980,3,2,3,233,-16.0202
1980,3,2,4,255,-16.1987
1980,3,2,5,213,-16.2209
1980,3,3,1,244,-9.7090
1980,3,3,2,260,-11.1051
1980,3,3,3,273,-11.5728
1980,3,3,4,218,-11.2421
1980,3,3,5,156,-10.5742
1980,4,1,1,170,7.8917
1980,4,1,2,281,6.4767
1980,4,1,3,331,5.8299
1980,4,1,4,422,5.3486
1980,4,1,5,440,5.3151
1980,4,2,1,188,11.5260
1980,4,2,2,182,4.2216
1980,4,2,3,225,3.6595
1980,4,2,4,246,3.6064
1980,4,2,5,210,5.4231
1980,4,3,1,240,9.5135
1980,4,3,2,251,3.2564
1980,4,3,3,271,2.7835
1980,4,3,4,214,4.1563
1980,4,3,5,152,4.6212
1980,5,1,1,170,9.0287
1980,5,1,2,284,5.7955
1980,5,1,3,339,5.5150
1980,5,1,4,421,5.1223
1980,5,1,5,442,7.2204
1980,5,2,1,187,8.1106
1980,5,2,2,185,8.8248
1980,5,2,3,232,9.0407
1980,5,2,4,249,8.4799
1980,5,2,5,214,7.5637
1980,5,3,1,241,5.0189
1980,5,3,2,252,5.3274
1980,5,3,3,280,6.0832
1980,5,3,4,219,5.9119
1980,5,3,5,151,6.3296
1980,6,1,1,178,5.4897
1980,6,1,2,289,3.7970
1980,6,1,3,344,2.8078
1980,6,1,4,429,3.2124
1980,6,1,5,449,3.0885
1980,6,2,1,189,6.6421
1980,6,2,2,186,4.9772
1980,6,2,3,230,2.3882
1980,6,2,4,248,2.6839
1980,6,2,5,214,3.4336
1980,6,3,1,243,3.8064
1980,6,3,2,257,3.4543
1980,6,3,3,282,3.6786
1980,6,3,4,221,1.7009
1980,6,3,5,153,2.8437
1980,7,1,1,173,8.9018
1980,7,1,2,288,13.5325
1980,7,1,3,333,13.2446
1980,7,1,4,423,11.8083
1980,7,1,5,433,10.7127
1980,7,2,1,184,4.8638
1980,7,2,2,182,13.0303
1980,7,2,3,225,14.6939
1980,7,2,4,239,12.2804
1980,7,2,5,210,12.6910
1980,7,3,1,237,2.1020
1980,7,3,2,255,8.8899
1980,7,3,3,275,7.6837
1980,7,3,4,219,8.2954
1980,7,3,5,150,8.6201
1980,8,1,1,172,5.3846
1980,8,1,2,282,8.7430
1980,8,1,3,339,7.6460
1980,8,1,4,436,7.9594
1980,8,1,5,443,8.0748
1980,8,2,1,187,2.9438
1980,8,2,2,184,6.1378
1980,8,2,3,236,4.7530
1980,8,2,4,247,5.3198
1980,8,2,5,206,6.9051
1980,8,3,1,236,2.3305
1980,8,3,2,268,1.3870
1980,8,3,3,284,1.7691
1980,8,3,4,224,1.5146
1980,8,3,5,152,1.2516
1980,9,1,1,172,3.5742
1980,9,1,2,287,3.0860
1980,9,1,3,345,3.9408
1980,9,1,4,438,2.1940
1980,9,1,5,446,2.8825
1980,9,2,1,189,3.3250
1980,9,2,2,185,2.5677
1980,9,2,3,238,2.7414
1980,9,2,4,246,2.4045
1980,9,2,5,209,4.6047
1980,9,3,1,236,1.0604
1980,9,3,2,265,3.0328
1980,9,3,3,291,5.1219
1980,9,3,4,231,2.2422
1980,9,3,5,158,2.0192
1980,10,1,1,168,2.7012
1980,10,1,2,285,4.6004
1980,10,1,3,341,4.5625
1980,10,1,4,418,5.5181
1980,10,1,5,438,4.8222
1980,10,2,1,186,4.4160
1980,10,2,2,182,2.5395
1980,10,2,3,236,2.4327
1980,10,2,4,236,2.7215
1980,10,2,5,203,2.2758
1980,10,3,1,235,-1.2141
1980,10,3,2,261,2.1446
1980,10,3,3,278,3.9586
1980,10,3,4,224,0.6879
1980,10,3,5,155,3.3995
1980,11,1,1,164,6.6929
1980,11,1,2,285,5.6627
1980,11,1,3,343,5.4291
1980,11,1,4,426,5.2114
1980,11,1,5,441,4.2781
1980,11,2,1,187,6.9082
1980,11,2,2,185,10.4380
1980,11,2,3,250,7.0592
1980,11,2,4,245,4.6063
1980,11,2,5,207,6.5392
1980,11,3,1,237,6.0083
1980,11,3,2,267,10.5120
1980,11,3,3,281,14.7167
1980,11,3,4,232,11.7815
1980,11,3,5,157,14.8538
1980,12,1,1,161,-3.7967
1980,12,1,2,288,-4.3132
1980,12,1,3,344,-4.1596
1980,12,1,4,432,-2.9895
1980,12,1,5,441,-3.2651
1980,12,2,1,190,-2.7532
1980,12,2,2,185,-3.7011
1980,12,2,3,251,-1.8238
1980,12,2,4,246,-1.8312
1980,12,2,5,212,-2.2888
1980,12,3,1,242,-2.0081
1980,12,3,2,275,-2.5638
1980,12,3,3,284,-5.5588
1980,12,3,4,229,-3.6429
1980,12,3,5,160,-5.7582
1981,1,1,1,161,-1.0894
1981,1,1,2,283,0.7012
1981,1,1,3,339,1.5130
1981,1,1,4,432,1.8268
1981,1,1,5,438,1.5020
1981,1,2,1,190,-0.4685
1981,1,2,2,185,-1.8829
1981,1,2,3,243,-1.5374
1981,1,2,4,243,0.2046
1981,1,2,5,208,0.4745
1981,1,3,1,238,-0.2509
1981,1,3,2,275,-4.6503
1981,1,3,3,282,-6.7064
1981,1,3,4,227,-4.5051
1981,1,3,5,159,-6.2301
1981,2,1,1,155,0.5809
1981,2,1,2,281,0.4968
1981,2,1,3,342,-0.1519
1981,2,1,4,424,1.1875
1981,2,1,5,427,2.3205
1981,2,2,1,189,1.5305
1981,2,2,2,189,1.9824
1981,2,2,3,240,2.6402
1981,2,2,4,242,2.3163
1981,2,2,5,208,1.4231
1981,2,3,1,240,0.5651
1981,2,3,2,274,2.9002
1981,2,3,3,282,3.0665
1981,2,3,4,221,2.2180
1981,2,3,5,158,-0.3344
1981,3,1,1,154,7.9502
1981,3,1,2,286,7.2179
1981,3,1,3,350,11.0770
1981,3,1,4,429,9.6765
1981,3,1,5,423,9.8996
1981,3,2,1,185,5.4022
1981,3,2,2,193,8.5902
1981,3,2,3,242,9.4915
1981,3,2,4,247,8.5395
1981,3,2,5,211,7.0045
1981,3,3,1,238,5.7235
1981,3,3,2,276,4.1018
1981,3,3,3,289,4.2523
1981,3,3,4,224,3.1786
1981,3,3,5,159,2.3561
1981,4,1,1,148,1.9494
1981,4,1,2,277,2.1878
1981,4,1,3,341,3.2031
1981,4,1,4,423,3.8932
1981,4,1,5,420,5.1865
1981,4,2,1,183,0.6633
1981,4,2,2,193,1.2776
1981,4,2,3,231,1.9863
1981,4,2,4,240,4.2266
1981,4,2,5,215,3.7374
1981,4,3,1,235,-1.0925
1981,4,3,2,262,-2.5882
1981,4,3,3,275,-3.2657
1981,4,3,4,218,-1.7287
1981,4,3,5,153,-0.2071
1981,5,1,1,151,3.5672
1981,5,1,2,274,3.8095
1981,5,1,3,338,4.0316
1981,5,1,4,421,3.7999
1981,5,1,5,423,4.0395
1981,5,2,1,185,1.5995
1981,5,2,2,196,2.3526
1981,5,2,3,239,4.5411
1981,5,2,4,243,3.0470
1981,5,2,5,220,3.9125
1981,5,3,1,231,3.4175
1981,5,3,2,274,0.5055
1981,5,3,3,283,-0.7342
1981,5,3,4,227,0.4832
1981,5,3,5,153,-1.4221
1981,6,1,1,149,-0.2937
1981,6,1,2,279,-1.6409
1981,6,1,3,345,0.1258
1981,6,1,4,432,0.5405
1981,6,1,5,435,1.9197
1981,6,2,1,190,-0.0402
1981,6,2,2,201,-3.3620
1981,6,2,3,243,-3.3224
1981,6,2,4,248,-2.0986
1981,6,2,5,222,-2.0611
1981,6,3,1,233,0.9931
1981,6,3,2,279,-2.1065
1981,6,3,3,284,-1.4494
1981,6,3,4,231,-0.3643
1981,6,3,5,154,-0.2937
1981,7,1,1,151,-3.7123
1981,7,1,2,271,-2.6408
1981,7,1,3,330,-2.4792
1981,7,1,4,412,-3.7022
1981,7,1,5,436,-2.9600
1981,7,2,1,184,-0.4113
1981,7,2,2,199,-2.4798
1981,7,2,3,234,-2.4936
1981,7,2,4,242,-2.7686
1981,7,2,5,212,-2.5858
1981,7,3,1,221,1.8112
1981,7,3,2,264,-1.7145
1981,7,3,3,275,0.4932
1981,7,3,4,221,1.8490
1981,7,3,5,151,0.9664
1981,8,1,1,153,-7.8764
1981,8,1,2,275,-7.9399
1981,8,1,3,334,-8.2994
1981,8,1,4,411,-7.8658
1981,8,1,5,436,-8.4164
1981,8,2,1,184,-3.1847
1981,8,2,2,205,-9.4344
1981,8,2,3,236,-8.6163
1981,8,2,4,246,-7.5199
1981,8,2,5,218,-6.9325
1981,8,3,1,216,-2.5848
1981,8,3,2,266,-6.0274
1981,8,3,3,279,-6.8442
1981,8,3,4,228,-6.8346
1981,8,3,5,155,-3.8280
1981,9,1,1,155,-8.5159
1981,9,1,2,282,-9.5177
1981,9,1,3,343,-8.1344
1981,9,1,4,409,-8.0946
1981,9,1,5,433,-6.2292
1981,9,2,1,186,-6.6756
1981,9,2,2,208,-7.9009
1981,9,2,3,235,-7.4706
1981,9,2,4,248,-6.3397
1981,9,2,5,211,-7.1808
1981,9,3,1,215,-5.3000
1981,9,3,2,266,-5.5400
1981,9,3,3,280,-6.2846
1981,9,3,4,229,-6.2189
1981,9,3,5,156,-6.7678
1981,10,1,1,154,9.6791
1981,10,1,2,271,8.1936
1981,10,1,3,346,8.6443
1981,10,1,4,393,9.2440
1981,10,1,5,429,9.4626
1981,10,2,1,186,5.4625
1981,10,2,2,197,7.1728
1981,10,2,3,228,7.1231
1981,10,2,4,244,8.3650
1981,10,2,5,204,8.4320
1981,10,3,1,215,6.3710
1981,10,3,2,260,4.1852
1981,10,3,3,271,5.7901
1981,10,3,4,225,6.6334
1981,10,3,5,152,3.8188
1981,11,1,1,157,4.6474
1981,11,1,2,274,1.7121
1981,11,1,3,356,2.7606
1981,11,1,4,397,2.8906
1981,11,1,5,431,2.3122
1981,11,2,1,185,5.1636
1981,11,2,2,195,3.2275
1981,11,2,3,236,2.3502
1981,11,2,4,246,3.8184
1981,11,2,5,207,2.6287
1981,11,3,1,221,4.8433
1981,11,3,2,260,5.1526
1981,11,3,3,278,5.0758
1981,11,3,4,225,3.7892
1981,11,3,5,153,3.6182
1981,12,1,1,165,-3.0247
1981,12,1,2,278,-1.2389
1981,12,1,3,365,-0.5651
1981,12,1,4,399,-0.9957
1981,12,1,5,435,-1.6694
1981,12,2,1,186,-2.0880
1981,12,2,2,196,-0.7215
1981,12,2,3,234,-0.9981
1981,12,2,4,247,-0.5959
1981,12,2,5,206,-0.8152
1981,12,3,1,220,-3.1587
1981,12,3,2,265,-1.1334
1981,12,3,3,282,-3.0131
1981,12,3,4,228,-3.5619
1981,12,3,5,147,-2.9584
1982,1,1,1,170,-1.2059
1982,1,1,2,269,-3.2037
1982,1,1,3,363,-1.7812
1982,1,1,4,392,-0.8782
1982,1,1,5,428,-0.3698
1982,1,2,1,180,-2.4338
1982,1,2,2,189,-4.7284
1982,1,2,3,232,-3.5225
1982,1,2,4,237,-2.9133
1982,1,2,5,208,-5.1723
1982,1,3,1,221,-1.9943
1982,1,3,2,251,-1.0886
1982,1,3,3,277,-2.9554
1982,1,3,4,228,-2.7555
1982,1,3,5,143,-3.0619
1982,2,1,1,173,-4.6697
1982,2,1,2,261,-5.2629
1982,2,1,3,355,-3.8662
1982,2,1,4,384,-2.3355
1982,2,1,5,424,-2.6434
1982,2,2,1,171,-3.4995
1982,2,2,2,190,-5.6704
1982,2,2,3,234,-4.4901
1982,2,2,4,236,-3.1626
1982,2,2,5,207,-3.1474
1982,2,3,1,225,-4.3512
1982,2,3,2,245,-5.7752
1982,2,3,3,279,-6.3448
1982,2,3,4,228,-5.1001
1982,2,3,5,147,-2.5173
1982,3,1,1,174,-1.6990
1982,3,1,2,277,-1.2247
1982,3,1,3,356,-2.1255
1982,3,1,4,390,-1.0338
1982,3,1,5,427,1.8066
1982,3,2,1,176,-0.2352
1982,3,2,2,193,-0.1551
1982,3,2,3,233,-1.8179
1982,3,2,4,238,-0.8821
1982,3,2,5,218,1.2066
1982,3,3,1,227,0.6597
1982,3,3,2,250,-1.5575
1982,3,3,3,288,-1.6862
1982,3,3,4,233,-0.3342
1982,3,3,5,152,0.3147
1982,4,1,1,169,3.5598
1982,4,1,2,268,4.0841
1982,4,1,3,347,3.7823
1982,4,1,4,390,3.8182
1982,4,1,5,419,5.7616
1982,4,2,1,175,4.2184
1982,4,2,2,190,6.4716
1982,4,2,3,222,4.9129
1982,4,2,4,233,5.3040
1982,4,2,5,217,7.1818
1982,4,3,1,221,2.9932
1982,4,3,2,249,4.5453
1982,4,3,3,277,5.2455
1982,4,3,4,229,4.4178
1982,4,3,5,150,4.1230
1982,5,1,1,169,-2.0132
1982,5,1,2,278,-3.4208
1982,5,1,3,361,-2.2795
1982,5,1,4,393,-1.9370
1982,5,1,5,418,-2.2589
1982,5,2,1,181,-2.4421
1982,5,2,2,199,-4.2237
1982,5,2,3,226,-4.2818
1982,5,2,4,240,-2.8788
1982,5,2,5,213,-3.0932
1982,5,3,1,219,-2.1095
1982,5,3,2,257,-3.9163
1982,5,3,3,283,-2.9108
1982,5,3,4,241,-1.6120
1982,5,3,5,159,-0.4459
1982,6,1,1,183,-4.7974
1982,6,1,2,291,-3.9221
1982,6,1,3,367,-2.8301
1982,6,1,4,403,-1.0817
1982,6,1,5,424,0.1017
1982,6,2,1,182,-3.1231
1982,6,2,2,201,-2.8772
1982,6,2,3,228,-2.1573
1982,6,2,4,242,-1.8347
1982,6,2,5,214,1.4386
1982,6,3,1,217,-3.2805
1982,6,3,2,255,-1.8653
1982,6,3,3,284,-2.7932
1982,6,3,4,244,-0.7952
1982,6,3,5,162,1.3813
1982,7,1,1,189,-2.8671
1982,7,1,2,286,-1.8380
1982,7,1,3,361,-0.5549
1982,7,1,4,398,-1.3582
1982,7,1,5,421,0.8546
1982,7,2,1,171,-2.9783
1982,7,2,2,195,-3.3787
1982,7,2,3,217,-0.2150
1982,7,2,4,230,0.8106
1982,7,2,5,213,2.0359
1982,7,3,1,213,-1.2356
1982,7,3,2,238,-1.5485
1982,7,3,3,274,-3.2432
1982,7,3,4,238,-2.7744
1982,7,3,5,158,-1.7788
1982,8,1,1,190,6.8723
1982,8,1,2,284,6.7028
1982,8,1,3,367,6.8962
1982,8,1,4,411,7.4109
1982,8,1,5,439,6.8322
1982,8,2,1,173,10.5805
1982,8,2,2,200,11.4674
1982,8,2,3,228,10.7291
1982,8,2,4,237,10.8370
1982,8,2,5,217,10.7205
1982,8,3,1,217,12.1371
1982,8,3,2,240,13.6849
1982,8,3,3,283,13.7512
1982,8,3,4,244,11.9324
1982,8,3,5,163,11.5129
1982,9,1,1,208,1.6194
1982,9,1,2,307,1.4777
1982,9,1,3,386,3.6479
1982,9,1,4,426,4.9201
1982,9,1,5,449,5.5626
1982,9,2,1,172,1.9056
1982,9,2,2,206,2.1466
1982,9,2,3,225,0.2357
1982,9,2,4,231,3.2101
1982,9,2,5,217,5.2314
1982,9,3,1,219,0.4887
1982,9,3,2,241,0.5138
1982,9,3,3,289,0.6115
1982,9,3,4,248,0.8170
1982,9,3,5,164,3.4800
1982,10,1,1,216,12.4252
1982,10,1,2,310,12.2494
1982,10,1,3,375,14.0008
1982,10,1,4,412,14.1026
1982,10,1,5,447,14.8515
1982,10,2,1,175,11.6221
1982,10,2,2,208,14.0074
1982,10,2,3,225,13.2306
1982,10,2,4,222,13.1192
1982,10,2,5,211,14.7577
1982,10,3,1,213,7.1703
1982,10,3,2,237,12.6642
1982,10,3,3,278,11.9401
1982,10,3,4,237,10.9551
1982,10,3,5,159,11.3478
1982,11,1,1,240,6.4366
1982,11,1,2,324,9.4181
1982,11,1,3,403,8.7383
1982,11,1,4,449,10.6977
1982,11,1,5,480,11.6643
1982,11,2,1,179,4.0076
1982,11,2,2,211,7.4353
1982,11,2,3,223,9.3846
1982,11,2,4,236,9.4835
1982,11,2,5,228,11.7965
1982,11,3,1,219,2.0883
1982,11,3,2,248,5.0677
1982,11,3,3,287,4.2080
1982,11,3,4,248,4.9056
1982,11,3,5,168,6.3157
1982,12,1,1,280,1.2996
1982,12,1,2,360,2.9992
1982,12,1,3,433,2.7285
1982,12,1,4,490,1.8367
1982,12,1,5,508,1.8077
1982,12,2,1,186,0.5498
1982,12,2,2,210,1.7700
1982,12,2,3,235,1.3952
1982,12,2,4,243,1.7058
1982,12,2,5,244,1.5130
1982,12,3,1,218,2.4946
1982,12,3,2,252,1.3356
1982,12,3,3,291,2.5116
1982,12,3,4,251,1.7614
1982,12,3,5,170,-0.5424
1983,1,1,1,293,8.1276
1983,1,1,2,367,10.6950
1983,1,1,3,438,10.0774
1983,1,1,4,497,8.1166
1983,1,1,5,513,7.6845
1983,1,2,1,184,5.4190
1983,1,2,2,210,10.3036
1983,1,2,3,231,7.8309
1983,1,2,4,246,4.5745
1983,1,2,5,249,3.7844
1983,1,3,1,214,7.9416
1983,1,3,2,248,3.6879
1983,1,3,3,283,4.0846
1983,1,3,4,250,2.4908
1983,1,3,5,169,2.4717
1983,2,1,1,293,1.4914
1983,2,1,2,373,3.6765
1983,2,1,3,444,5.7696
1983,2,1,4,512,7.0869
1983,2,1,5,530,7.9036
1983,2,2,1,181,2.3380
1983,2,2,2,215,3.9274
1983,2,2,3,232,6.4897
1983,2,2,4,254,6.4767
1983,2,2,5,251,8.0592
1983,2,3,1,214,-0.0029
1983,2,3,2,249,3.9548
1983,2,3,3,284,2.7937
1983,2,3,4,252,2.3583
1983,2,3,5,170,4.4139
1983,3,1,1,324,2.5031
1983,3,1,2,404,3.5205
1983,3,1,3,481,4.6297
1983,3,1,4,538,5.7408
1983,3,1,5,558,7.4998
1983,3,2,1,186,2.8689
1983,3,2,2,223,3.7688
1983,3,2,3,243,3.0650
1983,3,2,4,267,4.5710
1983,3,2,5,253,6.0437
1983,3,3,1,212,0.6816
1983,3,3,2,258,2.6294
1983,3,3,3,292,2.5930
1983,3,3,4,255,3.7243
1983,3,3,5,175,6.6344
1983,4,1,1,347,7.7293
1983,4,1,2,402,6.3081
1983,4,1,3,491,7.9251
1983,4,1,4,545,7.7255
1983,4,1,5,595,7.8546
1983,4,2,1,185,4.2984
1983,4,2,2,220,6.2833
1983,4,2,3,232,5.2450
1983,4,2,4,255,8.2189
1983,4,2,5,258,7.6071
1983,4,3,1,209,5.7365
1983,4,3,2,250,7.3751
1983,4,3,3,289,7.2174
1983,4,3,4,247,7.2864
1983,4,3,5,168,6.9714
1983,5,1,1,374,12.0096
1983,5,1,2,437,9.9231
1983,5,1,3,524,10.8164
1983,5,1,4,588,9.9966
1983,5,1,5,615,8.7771
1983,5,2,1,192,6.9628
1983,5,2,2,237,6.0893
1983,5,2,3,253,6.4688
1983,5,2,4,259,3.6850
1983,5,2,5,271,5.3753
1983,5,3,1,213,1.4544
1983,5,3,2,259,0.3032
1983,5,3,3,297,0.2497
1983,5,3,4,258,-1.3543
1983,5,3,5,177,1.2317
1983,6,1,1,390,2.9925
1983,6,1,2,467,4.7648
1983,6,1,3,553,3.6892
1983,6,1,4,626,4.4342
1983,6,1,5,652,4.9531
1983,6,2,1,191,2.4368
1983,6,2,2,241,6.1850
1983,6,2,3,258,5.2298
1983,6,2,4,268,7.2279
1983,6,2,5,283,7.2912
1983,6,3,1,210,-0.8850
1983,6,3,2,261,5.3955
1983,6,3,3,296,5.3617
1983,6,3,4,258,4.5518
1983,6,3,5,180,5.3657
1983,7,1,1,383,-1.2815
1983,7,1,2,470,-3.4708
1983,7,1,3,557,-3.5417
1983,7,1,4,625,-2.9227
1983,7,1,5,658,-1.2686
1983,7,2,1,193,1.0184
1983,7,2,2,232,-3.5287
1983,7,2,3,258,-4.5680
1983,7,2,4,268,-3.4328
1983,7,2,5,283,-2.7391
1983,7,3,1,205,-1.2651
1983,7,3,2,256,-3.3309
1983,7,3,3,289,-4.8283
1983,7,3,4,249,-2.6131
1983,7,3,5,178,-3.6368
1983,8,1,1,398,-3.0410
1983,8,1,2,477,-3.7846
1983,8,1,3,569,-3.0281
1983,8,1,4,649,-3.4955
1983,8,1,5,674,-3.8824
1983,8,2,1,196,0.0566
1983,8,2,2,236,-3.3975
1983,8,2,3,264,-3.8749
1983,8,2,4,278,-4.1171
1983,8,2,5,284,-3.9186
1983,8,3,1,204,2.6796
1983,8,3,2,256,1.1300
1983,8,3,3,295,1.4528
1983,8,3,4,257,1.0907
1983,8,3,5,181,-2.4106
1983,9,1,1,416,-1.6830
1983,9,1,2,499,-0.4901
1983,9,1,3,587,0.1661
1983,9,1,4,687,0.7467
1983,9,1,5,686,2.5048
1983,9,2,1,198,0.6395
1983,9,2,2,240,2.9001
1983,9,2,3,265,3.3371
1983,9,2,4,289,3.4952
1983,9,2,5,289,3.5161
1983,9,3,1,203,1.0176
1983,9,3,2,255,1.3703
1983,9,3,3,297,1.3216
1983,9,3,4,260,2.2321
1983,9,3,5,180,3.3890
1983,10,1,1,427,-8.4010
1983,10,1,2,497,-8.0768
1983,10,1,3,575,-6.5698
1983,10,1,4,681,-5.4700
1983,10,1,5,688,-5.1685
1983,10,2,1,198,-4.6437
1983,10,2,2,239,-7.5783
1983,10,2,3,266,-6.4694
1983,10,2,4,283,-6.0066
1983,10,2,5,283,-6.4962
1983,10,3,1,197,-1.3557
1983,10,3,2,245,-3.5750
1983,10,3,3,288,-1.7315
1983,10,3,4,248,-0.1946
1983,10,3,5,177,-0.9767
1983,11,1,1,440,0.4867
1983,11,1,2,509,5.6833
1983,11,1,3,587,4.9513
1983,11,1,4,689,5.3321
1983,11,1,5,695,4.5661
1983,11,2,1,203,2.6646
1983,11,2,2,246,5.9192
1983,11,2,3,275,6.0331
1983,11,2,4,296,6.3949
1983,11,2,5,294,6.3529
1983,11,3,1,194,0.9705
1983,11,3,2,245,2.6887
1983,11,3,3,295,2.8754
1983,11,3,4,257,2.3547
1983,11,3,5,179,2.8982
1983,12,1,1,474,-3.4003
1983,12,1,2,544,-1.5940
1983,12,1,3,625,-1.3363
1983,12,1,4,726,-0.8212
1983,12,1,5,718,-1.7494
1983,12,2,1,210,-1.0774
1983,12,2,2,250,-1.6554
1983,12,2,3,276,-0.8743
1983,12,2,4,300,-1.1625
1983,12,2,5,298,-2.8655
1983,12,3,1,195,-2.6357
1983,12,3,2,247,-0.8931
1983,12,3,3,299,1.3265
1983,12,3,4,259,-0.9221
1983,12,3,5,178,-3.5867
1984,1,1,1,491,3.3393
1984,1,1,2,550,0.3287
1984,1,1,3,647,-1.0482
1984,1,1,4,721,-1.5075
1984,1,1,5,724,-1.7965
1984,1,2,1,209,1.0802
1984,1,2,2,249,-2.5085
1984,1,2,3,274,-4.0608
1984,1,2,4,293,-3.8608
1984,1,2,5,298,-4.8340
1984,1,3,1,192,1.9750
1984,1,3,2,245,-0.5061
1984,1,3,3,292,-1.3325
1984,1,3,4,257,-2.1511
1984,1,3,5,176,-4.7939
1984,2,1,1,497,-4.9834
1984,2,1,2,576,-7.0901
1984,2,1,3,658,-7.6710
1984,2,1,4,728,-6.4784
1984,2,1,5,723,-6.7192
1984,2,2,1,206,-3.0445
1984,2,2,2,255,-5.9139
1984,2,2,3,273,-5.8687
1984,2,2,4,300,-5.7354
1984,2,2,5,298,-5.3050
1984,2,3,1,193,-2.8121
1984,2,3,2,245,-4.2982
1984,2,3,3,297,-3.1118
1984,2,3,4,261,-3.4096
1984,2,3,5,178,-4.8269
1984,3,1,1,538,-0.8378
1984,3,1,2,608,1.2504
1984,3,1,3,687,0.7508
1984,3,1,4,760,1.4244
1984,3,1,5,741,1.1238
1984,3,2,1,207,0.5202
1984,3,2,2,251,1.3628
1984,3,2,3,278,1.2177
1984,3,2,4,301,1.0224
1984,3,2,5,301,0.8715
1984,3,3,1,194,0.1939
1984,3,3,2,252,2.1104
1984,3,3,3,301,3.0427
1984,3,3,4,261,0.3020
1984,3,3,5,179,0.1501
1984,4,1,1,547,-3.4119
1984,4,1,2,610,-2.4968
1984,4,1,3,688,-0.6393
1984,4,1,4,764,-0.7885
1984,4,1,5,751,-1.4436
1984,4,2,1,208,-0.7594
1984,4,2,2,256,0.3392
1984,4,2,3,266,1.2737
1984,4,2,4,293,0.9039
1984,4,2,5,293,0.1394
1984,4,3,1,191,-1.7986
1984,4,3,2,243,0.0199
1984,4,3,3,284,1.2535
1984,4,3,4,249,2.5091
1984,4,3,5,172,1.0915
1984,5,1,1,568,-5.4591
1984,5,1,2,628,-5.3863
1984,5,1,3,707,-5.0363
1984,5,1,4,781,-4.5074
1984,5,1,5,777,-5.0495
1984,5,2,1,216,-5.2069
1984,5,2,2,265,-6.6643
1984,5,2,3,274,-6.2557
1984,5,2,4,304,-4.2916
1984,5,2,5,294,-3.7950
1984,5,3,1,197,-2.5506
1984,5,3,2,250,-5.5898
1984,5,3,3,290,-5.1471
1984,5,3,4,257,-5.5222
1984,5,3,5,174,-3.8821
1984,6,1,1,585,-0.7081
1984,6,1,2,664,2.6524
1984,6,1,3,737,2.3910
1984,6,1,4,809,2.3707
1984,6,1,5,817,4.0399
1984,6,2,1,225,0.7026
1984,6,2,2,267,3.5554
1984,6,2,3,268,4.9421
1984,6,2,4,298,3.9465
1984,6,2,5,296,4.1808
1984,6,3,1,198,0.9038
1984,6,3,2,253,2.3176
1984,6,3,3,292,1.7636
1984,6,3,4,255,3.1685
1984,6,3,5,175,6.5814
1984,7,1,1,564,-8.3853
1984,7,1,2,642,-5.9763
1984,7,1,3,713,-3.5810
1984,7,1,4,791,-3.3434
1984,7,1,5,799,-3.4984
1984,7,2,1,218,-7.1640
1984,7,2,2,261,-5.7780
1984,7,2,3,262,-5.5582
1984,7,2,4,283,-4.2388
1984,7,2,5,289,-2.5752
1984,7,3,1,193,-1.8635
1984,7,3,2,243,-2.9448
1984,7,3,3,284,-1.7467
1984,7,3,4,243,-1.4670
1984,7,3,5,172,-0.0674
1984,8,1,1,586,9.6343
1984,8,1,2,646,10.7523
1984,8,1,3,722,10.4573
1984,8,1,4,814,10.7229
1984,8,1,5,823,10.6927
1984,8,2,1,219,12.3996
1984,8,2,2,261,13.6649
1984,8,2,3,272,13.9668
1984,8,2,4,288,11.8835
1984,8,2,5,309,12.3561
1984,8,3,1,197,9.4308
1984,8,3,2,247,10.7121
1984,8,3,3,290,11.7901
1984,8,3,4,243,12.0663
1984,8,3,5,178,10.9917
1984,9,1,1,607,-0.6926
1984,9,1,2,671,-0.8543
1984,9,1,3,743,-0.9445
1984,9,1,4,837,-1.2507
1984,9,1,5,843,0.1809
1984,9,2,1,217,-0.4969
1984,9,2,2,268,-3.2710
1984,9,2,3,274,-2.3621
1984,9,2,4,292,-1.7212
1984,9,2,5,311,0.1147
1984,9,3,1,195,3.6776
1984,9,3,2,247,-2.0754
1984,9,3,3,294,-1.4351
1984,9,3,4,242,-0.2489
1984,9,3,5,180,-0.1432
1984,10,1,1,601,-4.2789
1984,10,1,2,673,-3.5595
1984,10,1,3,733,-2.8159
1984,10,1,4,827,-2.7528
1984,10,1,5,842,-1.3429
1984,10,2,1,210,-2.2692
1984,10,2,2,260,-1.5319
1984,10,2,3,263,-2.3266
1984,10,2,4,276,-1.3210
1984,10,2,5,302,0.3106
1984,10,3,1,194,0.9564
1984,10,3,2,239,-0.3241
1984,10,3,3,282,0.4260
1984,10,3,4,237,0.1010
1984,10,3,5,178,0.7928
1984,11,1,1,596,-4.4467
1984,11,1,2,682,-4.2123
1984,11,1,3,743,-3.3496
1984,11,1,4,834,-2.6249
1984,11,1,5,846,-2.9166
1984,11,2,1,210,-0.7674
1984,11,2,2,266,-2.9446
1984,11,2,3,270,-3.0372
1984,11,2,4,283,-3.0644
1984,11,2,5,312,-1.6260
1984,11,3,1,195,1.7512
1984,11,3,2,249,-0.9320
1984,11,3,3,285,-1.4741
1984,11,3,4,244,-1.6599
1984,11,3,5,183,-2.3971
1984,12,1,1,614,-1.5851
1984,12,1,2,714,0.5415
1984,12,1,3,771,1.0936
1984,12,1,4,852,1.1562
1984,12,1,5,862,1.6460
1984,12,2,1,212,0.2674
1984,12,2,2,274,3.0930
1984,12,2,3,275,3.3708
1984,12,2,4,283,3.0310
1984,12,2,5,310,2.4767
1984,12,3,1,198,1.7334
1984,12,3,2,247,1.8564
1984,12,3,3,287,2.4695
1984,12,3,4,247,2.2699
1984,12,3,5,180,2.5455
1985,1,1,1,608,13.6490
1985,1,1,2,712,14.8268
1985,1,1,3,757,13.9710
1985,1,1,4,846,13.5195
1985,1,1,5,864,12.9976
1985,1,2,1,212,9.6590
1985,1,2,2,267,12.5858
1985,1,2,3,271,12.9804
1985,1,2,4,278,12.2754
1985,1,2,5,312,11.9182
1985,1,3,1,195,5.0182
1985,1,3,2,241,7.8698
1985,1,3,3,278,8.7527
1985,1,3,4,233,8.1590
1985,1,3,5,182,9.0500
1985,2,1,1,612,3.4210
1985,2,1,2,712,3.1663
1985,2,1,3,735,2.8982
1985,2,1,4,851,3.4693
1985,2,1,5,853,4.0149
1985,2,2,1,208,1.6262
1985,2,2,2,257,1.7838
1985,2,2,3,276,1.6250
1985,2,2,4,276,2.1110
1985,2,2,5,304,3.2879
1985,2,3,1,195,0.7572
1985,2,3,2,244,2.4963
1985,2,3,3,269,1.1256
1985,2,3,4,235,1.4222
1985,2,3,5,181,1.6788
1985,3,1,1,610,-1.2753
1985,3,1,2,726,-2.6583
1985,3,1,3,755,-1.6143
1985,3,1,4,864,-2.6831
1985,3,1,5,872,-1.9833
1985,3,2,1,209,1.6623
1985,3,2,2,251,-3.7228
1985,3,2,3,281,-4.3539
1985,3,2,4,284,-3.6761
1985,3,2,5,308,-2.3572
1985,3,3,1,197,3.9843
1985,3,3,2,246,0.4123
1985,3,3,3,271,-1.6151
1985,3,3,4,238,-0.2513
1985,3,3,5,183,-0.6906
1985,4,1,1,618,-2.3684
1985,4,1,2,728,-2.6694
1985,4,1,3,744,-0.9081
1985,4,1,4,842,-1.8920
1985,4,1,5,864,-1.0243
1985,4,2,1,207,0.1539
1985,4,2,2,247,-3.2850
1985,4,2,3,272,-2.5651
1985,4,2,4,283,-2.0332
1985,4,2,5,300,-1.1805
1985,4,3,1,197,0.8508
1985,4,3,2,235,-0.2559
1985,4,3,3,264,-0.9882
1985,4,3,4,230,-1.7776
1985,4,3,5,177,-0.8157
1985,5,1,1,632,0.3672
1985,5,1,2,750,3.0929
1985,5,1,3,767,3.5514
1985,5,1,4,858,2.5667
1985,5,1,5,875,3.8189
1985,5,2,1,210,2.1264
1985,5,2,2,252,3.7610
1985,5,2,3,277,3.5220
1985,5,2,4,287,3.6224
1985,5,2,5,302,5.0261
1985,5,3,1,200,4.9710
1985,5,3,2,244,5.1033
1985,5,3,3,272,5.2994
1985,5,3,4,239,8.0445
1985,5,3,5,182,8.2328
1985,6,1,1,645,-0.1444
1985,6,1,2,774,-0.7870
1985,6,1,3,792,-0.2773
1985,6,1,4,866,0.5143
1985,6,1,5,890,1.8804
1985,6,2,1,210,0.7647
1985,6,2,2,252,0.7055
1985,6,2,3,284,1.0907
1985,6,2,4,286,1.4683
1985,6,2,5,303,0.8884
1985,6,3,1,198,3.0567
1985,6,3,2,243,1.7846
1985,6,3,3,265,1.3633
1985,6,3,4,235,1.0226
1985,6,3,5,183,2.6047
1985,7,1,1,617,0.3363
1985,7,1,2,729,2.9906
1985,7,1,3,744,4.0525
1985,7,1,4,838,3.1242
1985,7,1,5,866,2.2531
1985,7,2,1,198,0.6080
1985,7,2,2,238,2.4790
1985,7,2,3,274,3.7338
1985,7,2,4,283,3.5037
1985,7,2,5,295,2.7731
1985,7,3,1,189,-2.9239
1985,7,3,2,228,0.9064
1985,7,3,3,259,0.9940
1985,7,3,4,229,-0.1077
1985,7,3,5,179,-2.9305
1985,8,1,1,613,-0.5959
1985,8,1,2,744,-0.8076
1985,8,1,3,749,-1.5852
1985,8,1,4,841,-0.7103
1985,8,1,5,867,-0.9807
1985,8,2,1,200,0.8735
1985,8,2,2,250,-1.8449
1985,8,2,3,281,-2.6134
1985,8,2,4,290,-0.6802
1985,8,2,5,305,-0.9104
1985,8,3,1,190,1.7079
1985,8,3,2,240,-0.7450
1985,8,3,3,267,-1.3685
1985,8,3,4,234,-0.4740
1985,8,3,5,184,0.2790
1985,9,1,1,617,-6.2234
1985,9,1,2,764,-6.4158
1985,9,1,3,773,-5.8246
1985,9,1,4,862,-5.3685
1985,9,1,5,876,-5.4474
1985,9,2,1,200,-5.6377
1985,9,2,2,254,-7.7734
1985,9,2,3,283,-6.2289
1985,9,2,4,288,-5.3145
1985,9,2,5,306,-4.6035
1985,9,3,1,191,-5.8216
1985,9,3,2,241,-3.2818
1985,9,3,3,268,-3.0958
1985,9,3,4,236,-2.2091
1985,9,3,5,184,-2.7613
1985,10,1,1,602,3.1199
1985,10,1,2,747,0.6478
1985,10,1,3,757,2.1268
1985,10,1,4,846,2.6295
1985,10,1,5,861,3.7049
1985,10,2,1,191,2.9715
1985,10,2,2,252,2.1077
1985,10,2,3,272,3.0364
1985,10,2,4,281,3.4747
1985,10,2,5,298,5.1300
1985,10,3,1,187,5.9866
1985,10,3,2,236,3.2016
1985,10,3,3,250,3.6152
1985,10,3,4,230,4.1451
1985,10,3,5,184,5.3391
1985,11,1,1,604,3.4464
1985,11,1,2,773,7.1360
1985,11,1,3,771,5.6389
1985,11,1,4,842,6.3208
1985,11,1,5,851,7.2677
1985,11,2,1,191,6.3051
1985,11,2,2,261,7.3457
1985,11,2,3,272,7.9130
1985,11,2,4,287,7.6441
1985,11,2,5,309,7.8958
1985,11,3,1,192,4.6149
1985,11,3,2,240,8.1103
1985,11,3,3,256,6.9895
1985,11,3,4,232,7.3581
1985,11,3,5,186,7.5883
1985,12,1,1,613,1.5878
1985,12,1,2,789,3.7867
1985,12,1,3,778,4.5093
1985,12,1,4,847,4.8612
1985,12,1,5,854,5.1017
1985,12,2,1,193,2.2771
1985,12,2,2,265,4.8052
1985,12,2,3,272,4.7562
1985,12,2,4,287,4.5186
1985,12,2,5,306,5.8987
1985,12,3,1,193,4.8293
1985,12,3,2,247,3.4226
1985,12,3,3,260,4.8778
1985,12,3,4,230,4.8297
1985,12,3,5,187,4.1059
1986,1,1,1,597,2.2989
1986,1,1,2,777,2.9254
1986,1,1,3,777,1.4219
1986,1,1,4,839,2.5751
1986,1,1,5,840,3.7862
1986,1,2,1,195,0.0983
1986,1,2,2,261,0.6176
1986,1,2,3,265,1.2788
1986,1,2,4,286,1.9149
1986,1,2,5,302,1.5437
1986,1,3,1,188,3.0327
1986,1,3,2,242,-0.1004
1986,1,3,3,255,-0.6622
1986,1,3,4,225,-0.2632
1986,1,3,5,184,2.0725
1986,2,1,1,596,3.4944
1986,2,1,2,763,4.9663
1986,2,1,3,790,6.4691
1986,2,1,4,834,7.2845
1986,2,1,5,829,7.8254
1986,2,2,1,196,4.8380
1986,2,2,2,264,6.0692
1986,2,2,3,259,6.8417
1986,2,2,4,290,7.5004
1986,2,2,5,305,8.4408
1986,2,3,1,189,6.7262
1986,2,3,2,242,7.6717
1986,2,3,3,251,8.0526
1986,2,3,4,225,7.8680
1986,2,3,5,183,8.3690
1986,3,1,1,604,5.2722
1986,3,1,2,782,3.0547
1986,3,1,3,798,4.4466
1986,3,1,4,859,5.1737
1986,3,1,5,839,6.1985
1986,3,2,1,199,4.3594
1986,3,2,2,265,5.2744
1986,3,2,3,260,4.1896
1986,3,2,4,307,5.6479
1986,3,2,5,309,6.5684
1986,3,3,1,195,5.0863
1986,3,3,2,246,5.4462
1986,3,3,3,258,3.7604
1986,3,3,4,230,5.8125
1986,3,3,5,185,9.5008
1986,4,1,1,599,2.7666
1986,4,1,2,754,2.4359
1986,4,1,3,776,0.4267
1986,4,1,4,829,1.7320
1986,4,1,5,831,1.6050
1986,4,2,1,196,1.3140
1986,4,2,2,262,1.4458
1986,4,2,3,258,2.6331
1986,4,2,4,302,1.1154
1986,4,2,5,306,1.2898
1986,4,3,1,199,-2.9815
1986,4,3,2,244,-1.4333
1986,4,3,3,248,0.7708
1986,4,3,4,219,0.4511
1986,4,3,5,178,-0.7109
1986,5,1,1,605,4.0419
1986,5,1,2,763,3.0747
1986,5,1,3,787,2.6260
1986,5,1,4,830,3.2668
1986,5,1,5,855,5.5146
1986,5,2,1,199,2.0665
1986,5,2,2,268,3.6589
1986,5,2,3,275,2.2180
1986,5,2,4,302,4.0759
1986,5,2,5,310,5.4755
1986,5,3,1,201,4.1261
1986,5,3,2,249,5.0445
1986,5,3,3,267,5.3947
1986,5,3,4,223,4.5832
1986,5,3,5,180,8.9649
1986,6,1,1,613,-0.8312
1986,6,1,2,781,-1.7023
1986,6,1,3,813,-0.3900
1986,6,1,4,855,-0.2397
1986,6,1,5,878,1.4538
1986,6,2,1,202,1.2529
1986,6,2,2,275,-0.5265
1986,6,2,3,276,-1.0027
1986,6,2,4,305,-0.0454
1986,6,2,5,319,0.3707
1986,6,3,1,200,4.2519
1986,6,3,2,249,1.0332
1986,6,3,3,268,0.1309
1986,6,3,4,225,1.7704
1986,6,3,5,179,3.8539
1986,7,1,1,565,-9.3386
1986,7,1,2,740,-9.9154
1986,7,1,3,792,-8.7078
1986,7,1,4,833,-8.2683
1986,7,1,5,861,-8.8718
1986,7,2,1,194,-5.8098
1986,7,2,2,261,-10.1849
1986,7,2,3,273,-10.5258
1986,7,2,4,291,-9.7687
1986,7,2,5,313,-9.5009
1986,7,3,1,200,2.2476
1986,7,3,2,240,-7.2241
1986,7,3,3,259,-6.1295
1986,7,3,4,220,-6.4956
1986,7,3,5,174,-7.7158
1986,8,1,1,568,2.5743
1986,8,1,2,749,1.5982
1986,8,1,3,787,1.0957
1986,8,1,4,831,0.4056
1986,8,1,5,857,0.8855
1986,8,2,1,192,6.5047
1986,8,2,2,276,4.2235
1986,8,2,3,293,4.8408
1986,8,2,4,298,3.8767
1986,8,2,5,317,3.1183
1986,8,3,1,203,8.5021
1986,8,3,2,248,7.2666
1986,8,3,3,261,7.8708
1986,8,3,4,229,6.4766
1986,8,3,5,175,2.9748
1986,9,1,1,573,-6.8136
1986,9,1,2,776,-7.1287
1986,9,1,3,819,-5.6045
1986,9,1,4,864,-5.8670
1986,9,1,5,865,-6.8692
1986,9,2,1,203,-6.2917
1986,9,2,2,281,-7.1737
1986,9,2,3,298,-5.6570
1986,9,2,4,305,-5.2670
1986,9,2,5,323,-6.8081
1986,9,3,1,202,-9.3091
1986,9,3,2,253,-6.4710
1986,9,3,3,265,-7.2812
1986,9,3,4,230,-8.4599
1986,9,3,5,176,-9.1544
1986,10,1,1,554,1.3979
1986,10,1,2,751,1.9860
1986,10,1,3,803,3.1422
1986,10,1,4,846,3.2808
1986,10,1,5,846,4.0814
1986,10,2,1,204,4.1836
1986,10,2,2,275,4.2939
1986,10,2,3,290,4.4418
1986,10,2,4,294,3.5223
1986,10,2,5,316,5.5396
1986,10,3,1,201,5.0912
1986,10,3,2,247,5.2082
1986,10,3,3,261,6.0324
1986,10,3,4,217,6.7243
1986,10,3,5,175,8.1114
1986,11,1,1,560,-3.3934
1986,11,1,2,756,-0.2088
1986,11,1,3,819,0.1000
1986,11,1,4,857,0.0211
1986,11,1,5,872,0.5191
1986,11,2,1,206,-3.2570
1986,11,2,2,287,-0.0835
1986,11,2,3,304,0.7846
1986,11,2,4,307,1.8905
1986,11,2,5,320,2.0101
1986,11,3,1,198,1.2974
1986,11,3,2,254,2.6582
1986,11,3,3,265,3.0381
1986,11,3,4,222,2.8717
1986,11,3,5,176,1.9611
1986,12,1,1,578,-3.8354
1986,12,1,2,782,-4.6539
1986,12,1,3,831,-2.3377
1986,12,1,4,888,-1.5724
1986,12,1,5,879,-2.6673
1986,12,2,1,202,-3.4604
1986,12,2,2,292,-1.8837
1986,12,2,3,304,-2.5644
1986,12,2,4,307,-2.1523
1986,12,2,5,327,-1.7304
1986,12,3,1,199,-3.2246
1986,12,3,2,259,-2.2986
1986,12,3,3,266,-1.6625
1986,12,3,4,227,-3.7395
1986,12,3,5,176,-4.9750
1987,1,1,1,572,12.5056
1987,1,1,2,761,11.8029
1987,1,1,3,816,10.9625
1987,1,1,4,872,10.0412
1987,1,1,5,863,10.8360
1987,1,2,1,194,10.5032
1987,1,2,2,278,13.7591
1987,1,2,3,298,13.7796
1987,1,2,4,297,13.3529
1987,1,2,5,319,12.0969
1987,1,3,1,197,10.0915
1987,1,3,2,251,13.8987
1987,1,3,3,257,16.1162
1987,1,3,4,216,13.2604
1987,1,3,5,171,12.6996
1987,2,1,1,562,8.3083
1987,2,1,2,758,8.2374
1987,2,1,3,814,8.8953
1987,2,1,4,874,8.3319
1987,2,1,5,849,8.6121
1987,2,2,1,195,6.6836
1987,2,2,2,273,7.2784
1987,2,2,3,306,8.0536
1987,2,2,4,295,9.8527
1987,2,2,5,323,8.8445
1987,2,3,1,197,0.2941
1987,2,3,2,252,5.3739
1987,2,3,3,261,4.5797
1987,2,3,4,220,4.2471
1987,2,3,5,171,7.7651
1987,3,1,1,586,5.4703
1987,3,1,2,767,0.1624
1987,3,1,3,836,3.3332
1987,3,1,4,889,2.1106
1987,3,1,5,871,2.4877
1987,3,2,1,197,3.9413
1987,3,2,2,271,1.4651
1987,3,2,3,311,1.1133
1987,3,2,4,296,1.6135
1987,3,2,5,331,2.0564
1987,3,3,1,199,0.3424
1987,3,3,2,254,4.6969
1987,3,3,3,265,3.0463
1987,3,3,4,224,2.6469
1987,3,3,5,175,2.5263
1987,4,1,1,576,-1.2687
1987,4,1,2,750,-3.4370
1987,4,1,3,814,-2.8114
1987,4,1,4,875,-2.5075
1987,4,1,5,868,-2.7173
1987,4,2,1,195,-2.5945
1987,4,2,2,258,-1.5506
1987,4,2,3,297,-2.4150
1987,4,2,4,291,-3.7932
1987,4,2,5,330,-3.1276
1987,4,3,1,195,-3.2307
1987,4,3,2,243,0.7567
1987,4,3,3,249,-0.3369
1987,4,3,4,211,-0.0338
1987,4,3,5,175,-3.0059
1987,5,1,1,587,1.7645
1987,5,1,2,746,1.0401
1987,5,1,3,836,0.5308
1987,5,1,4,890,0.0891
1987,5,1,5,878,-0.8770
1987,5,2,1,205,-0.6216
1987,5,2,2,264,-0.4237
1987,5,2,3,306,1.9440
1987,5,2,4,306,0.6908
1987,5,2,5,338,0.5278
1987,5,3,1,199,-0.6459
1987,5,3,2,255,1.5193
1987,5,3,3,253,1.0365
1987,5,3,4,221,0.0501
1987,5,3,5,179,1.7770
1987,6,1,1,607,3.5663
1987,6,1,2,783,1.2045
1987,6,1,3,861,1.7400
1987,6,1,4,908,2.2900
1987,6,1,5,912,2.7172
1987,6,2,1,207,1.8204
1987,6,2,2,265,2.2124
1987,6,2,3,302,1.5441
1987,6,2,4,307,4.0250
1987,6,2,5,333,3.7446
1987,6,3,1,200,3.5624
1987,6,3,2,254,4.4637
1987,6,3,3,256,4.8878
1987,6,3,4,225,4.3028
1987,6,3,5,179,6.9255
1987,7,1,1,572,4.4427
1987,7,1,2,761,1.6954
1987,7,1,3,830,2.1741
1987,7,1,4,887,3.2552
1987,7,1,5,904,3.8661
1987,7,2,1,200,4.2931
1987,7,2,2,250,4.1084
1987,7,2,3,278,4.9204
1987,7,2,4,299,3.9309
1987,7,2,5,326,3.0453
1987,7,3,1,193,1.5742
1987,7,3,2,239,4.8166
1987,7,3,3,247,5.3902
1987,7,3,4,213,6.7905
1987,7,3,5,174,4.8611
1987,8,1,1,554,-2.1668
1987,8,1,2,757,2.7970
1987,8,1,3,841,2.5607
1987,8,1,4,903,3.3737
1987,8,1,5,929,3.1052
1987,8,2,1,210,1.9991
1987,8,2,2,253,4.1252
1987,8,2,3,275,5.3835
1987,8,2,4,297,3.9911
1987,8,2,5,327,3.1411
1987,8,3,1,193,3.8144
1987,8,3,2,245,2.9332
1987,8,3,3,253,4.3644
1987,8,3,4,218,4.6889
1987,8,3,5,176,3.6973
1987,9,1,1,583,-3.0765
1987,9,1,2,783,-1.9588
1987,9,1,3,871,-0.6546
1987,9,1,4,920,-0.3596
1987,9,1,5,959,-0.4224
1987,9,2,1,214,-2.5582
1987,9,2,2,255,-0.5132
1987,9,2,3,271,-1.0531
1987,9,2,4,298,-1.2465
1987,9,2,5,329,-2.2538
1987,9,3,1,192,0.0243
1987,9,3,2,249,-2.7297
1987,9,3,3,263,-1.4893
1987,9,3,4,218,-2.3545
1987,9,3,5,177,-5.3970
1987,10,1,1,581,-30.8745
1987,10,1,2,772,-31.4102
1987,10,1,3,842,-31.2562
1987,10,1,4,911,-31.0570
1987,10,1,5,955,-31.1046
1987,10,2,1,211,-26.7245
1987,10,2,2,246,-30.6170
1987,10,2,3,256,-30.3041
1987,10,2,4,289,-30.4482
1987,10,2,5,319,-31.6226
1987,10,3,1,190,-11.1283
1987,10,3,2,245,-22.2003
1987,10,3,3,253,-23.1922
1987,10,3,4,213,-23.8078
1987,10,3,5,173,-25.1821
1987,11,1,1,594,-6.8684
1987,11,1,2,791,-6.8442
1987,11,1,3,857,-5.6282
1987,11,1,4,924,-4.0379
1987,11,1,5,975,-5.5766
1987,11,2,1,223,-1.8916
1987,11,2,2,257,-3.7733
1987,11,2,3,265,-5.7738
1987,11,2,4,304,-4.7883
1987,11,2,5,332,-5.9992
1987,11,3,1,189,-4.3657
1987,11,3,2,243,-8.0859
1987,11,3,3,256,-8.3596
1987,11,3,4,222,-8.1874
1987,11,3,5,177,-9.1532
1987,12,1,1,619,2.8412
1987,12,1,2,820,4.6522
1987,12,1,3,888,7.2024
1987,12,1,4,965,7.3938
1987,12,1,5,985,6.3522
1987,12,2,1,231,5.5726
1987,12,2,2,264,9.7953
1987,12,2,3,272,11.6878
1987,12,2,4,314,12.2686
1987,12,2,5,335,12.0920
1987,12,3,1,190,2.0449
1987,12,3,2,248,7.3621
1987,12,3,3,253,10.1014
1987,12,3,4,222,9.2697
1987,12,3,5,176,9.5436
1988,1,1,1,600,8.7483
1988,1,1,2,821,5.3676
1988,1,1,3,866,4.8974
1988,1,1,4,968,4.3232
1988,1,1,5,983,4.4107
1988,1,2,1,228,5.7828
1988,1,2,2,258,1.8057
1988,1,2,3,269,2.3315
1988,1,2,4,320,2.6956
1988,1,2,5,333,1.1981
1988,1,3,1,186,9.4144
1988,1,3,2,239,1.5823
1988,1,3,3,249,1.7887
1988,1,3,4,223,3.5473
1988,1,3,5,175,6.4001
1988,2,1,1,596,5.3425
1988,2,1,2,808,8.2228
1988,2,1,3,869,9.1645
1988,2,1,4,958,8.8850
1988,2,1,5,988,8.5402
1988,2,2,1,224,6.0564
1988,2,2,2,251,9.9904
1988,2,2,3,267,9.5088
1988,2,2,4,325,9.8170
1988,2,2,5,330,11.9486
1988,2,3,1,186,0.0680
1988,2,3,2,238,5.7674
1988,2,3,3,252,5.5855
1988,2,3,4,232,6.6699
1988,2,3,5,175,7.7017
1988,3,1,1,629,3.7688
1988,3,1,2,835,5.3353
1988,3,1,3,889,6.8344
1988,3,1,4,977,5.5868
1988,3,1,5,1007,6.1944
1988,3,2,1,226,1.4447
1988,3,2,2,253,2.3255
1988,3,2,3,274,4.9587
1988,3,2,4,337,4.2567
1988,3,2,5,332,5.1860
1988,3,3,1,188,-3.1611
1988,3,3,2,245,-2.1013
1988,3,3,3,255,-3.2428
1988,3,3,4,229,-1.9325
1988,3,3,5,174,-1.6496
1988,4,1,1,630,-0.0021
1988,4,1,2,837,2.0106
1988,4,1,3,883,1.9169
1988,4,1,4,979,2.9160
1988,4,1,5,1011,2.4466
1988,4,2,1,232,2.1386
1988,4,2,2,248,2.3417
1988,4,2,3,271,1.9860
1988,4,2,4,322,1.8275
1988,4,2,5,327,1.8616
1988,4,3,1,184,-0.2432
1988,4,3,2,237,1.3400
1988,4,3,3,247,1.6616
1988,4,3,4,223,0.3546
1988,4,3,5,168,1.9160
1988,5,1,1,643,-4.4325
1988,5,1,2,839,-2.4039
1988,5,1,3,888,-2.1914
1988,5,1,4,978,-1.4183
1988,5,1,5,1008,-2.3268
1988,5,2,1,233,-0.8238
1988,5,2,2,255,-2.3353
1988,5,2,3,283,-2.3100
1988,5,2,4,323,-1.8459
1988,5,2,5,321,-0.8535
1988,5,3,1,184,3.0795
1988,5,3,2,243,-0.2604
1988,5,3,3,261,0.2086
1988,5,3,4,229,-0.7344
1988,5,3,5,164,-0.9935
1988,6,1,1,652,4.5934
1988,6,1,2,850,7.3775
1988,6,1,3,924,7.6751
1988,6,1,4,1002,7.8255
1988,6,1,5,1021,7.0381
1988,6,2,1,234,4.6335
1988,6,2,2,258,7.5783
1988,6,2,3,295,9.2352
1988,6,2,4,329,8.3442
1988,6,2,5,327,8.8204
1988,6,3,1,182,3.4393
1988,6,3,2,243,4.9026
1988,6,3,3,269,5.0006
1988,6,3,4,224,4.5320
1988,6,3,5,164,6.9810
1988,7,1,1,605,-1.1274
1988,7,1,2,816,-1.2879
1988,7,1,3,891,-1.2809
1988,7,1,4,979,0.1946
1988,7,1,5,999,0.4349
1988,7,2,1,224,-0.2597
1988,7,2,2,246,-2.7664
1988,7,2,3,282,-2.7475
1988,7,2,4,317,-2.2367
1988,7,2,5,320,-1.2181
1988,7,3,1,187,-0.8200
1988,7,3,2,240,-0.1925
1988,7,3,3,259,-1.3827
1988,7,3,4,223,-1.5782
1988,7,3,5,154,-0.6518
1988,8,1,1,595,-2.0654
1988,8,1,2,811,-2.2580
1988,8,1,3,880,-2.6935
1988,8,1,4,989,-1.9753
1988,8,1,5,1010,-2.1396
1988,8,2,1,221,-2.3782
1988,8,2,2,252,-3.5461
1988,8,2,3,283,-3.7549
1988,8,2,4,325,-2.7493
1988,8,2,5,328,-3.7858
1988,8,3,1,191,-1.0734
1988,8,3,2,246,-3.5027
1988,8,3,3,267,-3.6936
1988,8,3,4,229,-3.6431
1988,8,3,5,153,-3.0379
1988,9,1,1,598,0.3635
1988,9,1,2,839,2.5574
1988,9,1,3,906,2.3190
1988,9,1,4,1002,2.6650
1988,9,1,5,1016,3.6674
1988,9,2,1,221,3.5042
1988,9,2,2,256,2.8478
1988,9,2,3,292,2.5738
1988,9,2,4,329,3.1904
1988,9,2,5,329,3.2319
1988,9,3,1,187,4.1277
1988,9,3,2,249,3.6521
1988,9,3,3,272,2.9148
1988,9,3,4,230,4.9652
1988,9,3,5,151,7.0380
1988,10,1,1,581,-1.2191
1988,10,1,2,805,-2.9506
1988,10,1,3,889,-2.0553
1988,10,1,4,994,-1.8403
1988,10,1,5,1002,-0.6119
1988,10,2,1,214,0.0133
1988,10,2,2,236,-1.8658
1988,10,2,3,278,-0.8890
1988,10,2,4,321,-0.7449
1988,10,2,5,324,-0.0485
1988,10,3,1,187,1.9465
1988,10,3,2,245,3.1347
1988,10,3,3,270,1.2752
1988,10,3,4,223,2.4663
1988,10,3,5,149,4.4418
1988,11,1,1,567,-4.4797
1988,11,1,2,793,-4.6045
1988,11,1,3,876,-4.6995
1988,11,1,4,1012,-3.6115
1988,11,1,5,1012,-3.1875
1988,11,2,1,214,-1.4670
1988,11,2,2,239,-3.7068
1988,11,2,3,276,-3.2604
1988,11,2,4,331,-3.0850
1988,11,2,5,329,-2.6486
1988,11,3,1,189,-0.6291
1988,11,3,2,250,-1.0396
1988,11,3,3,271,-1.6761
1988,11,3,4,225,-1.4625
1988,11,3,5,150,-2.6750
1988,12,1,1,570,2.7481
1988,12,1,2,807,5.2945
1988,12,1,3,894,4.3409
1988,12,1,4,1042,4.0985
1988,12,1,5,1025,3.9269
1988,12,2,1,215,4.5074
1988,12,2,2,240,5.2659
1988,12,2,3,278,6.1965
1988,12,2,4,332,3.6436
1988,12,2,5,328,5.1442
1988,12,3,1,190,1.4525
1988,12,3,2,249,1.8519
1988,12,3,3,268,2.8960
1988,12,3,4,226,2.7747
1988,12,3,5,148,1.4320
1989,1,1,1,559,5.2088
1989,1,1,2,787,3.7905
1989,1,1,3,866,5.0041
1989,1,1,4,1013,4.8874
1989,1,1,5,1013,5.9605
1989,1,2,1,211,5.6247
1989,1,2,2,231,4.3983
1989,1,2,3,272,4.5460
1989,1,2,4,330,5.3750
1989,1,2,5,321,4.1391
1989,1,3,1,190,5.2109
1989,1,3,2,238,6.8993
1989,1,3,3,261,7.2717
1989,1,3,4,221,6.8114
1989,1,3,5,146,6.6664
1989,2,1,1,549,0.2371
1989,2,1,2,781,0.5962
1989,2,1,3,840,1.3257
1989,2,1,4,998,-0.1164
1989,2,1,5,1004,0.7494
1989,2,2,1,208,1.4856
1989,2,2,2,226,0.1020
1989,2,2,3,268,0.4844
1989,2,2,4,331,1.1922
1989,2,2,5,327,0.8932
1989,2,3,1,188,-1.4243
1989,2,3,2,232,-2.2611
1989,2,3,3,261,-2.7044
1989,2,3,4,221,-2.3286
1989,2,3,5,152,-2.6490
1989,3,1,1,550,2.3677
1989,3,1,2,787,2.5977
1989,3,1,3,846,2.9452
1989,3,1,4,1002,3.0747
1989,3,1,5,1019,3.6386
1989,3,2,1,205,3.3079
1989,3,2,2,232,2.6359
1989,3,2,3,267,2.2044
1989,3,2,4,333,1.9894
1989,3,2,5,327,3.1194
1989,3,3,1,193,2.1019
1989,3,3,2,232,1.7363
1989,3,3,3,263,1.3192
1989,3,3,4,220,2.3535
1989,3,3,5,153,1.8870
1989,4,1,1,536,3.0223
1989,4,1,2,773,3.5464
1989,4,1,3,828,3.2764
1989,4,1,4,984,3.3539
1989,4,1,5,1008,4.0337
1989,4,2,1,200,4.8017
1989,4,2,2,228,5.2271
1989,4,2,3,258,5.6708
1989,4,2,4,329,5.1297
1989,4,2,5,325,5.6902
1989,4,3,1,189,6.0462
1989,4,3,2,226,4.8916
1989,4,3,3,251,4.7223
1989,4,3,4,215,6.3082
1989,4,3,5,153,4.8745
1989,5,1,1,535,1.9330
1989,5,1,2,765,3.2688
1989,5,1,3,828,2.7119
1989,5,1,4,972,3.7832
1989,5,1,5,1025,4.8311
1989,5,2,1,202,5.8077
1989,5,2,2,223,6.2832
1989,5,2,3,266,3.8288
1989,5,2,4,333,4.3380
1989,5,2,5,327,4.9457
1989,5,3,1,195,5.5316
1989,5,3,2,231,2.8574
1989,5,3,3,261,3.7150
1989,5,3,4,220,4.7153
1989,5,3,5,158,5.2575
1989,6,1,1,546,-0.6849
1989,6,1,2,783,-1.1904
1989,6,1,3,869,-1.4731
1989,6,1,4,1003,-2.3190
1989,6,1,5,1038,-2.4905
1989,6,2,1,198,-0.3067
1989,6,2,2,223,-2.1112
1989,6,2,3,265,-4.0540
1989,6,2,4,333,-2.9162
1989,6,2,5,334,-2.6808
1989,6,3,1,194,1.5782
1989,6,3,2,229,-0.3566
1989,6,3,3,262,-1.6728
1989,6,3,4,222,-1.6797
1989,6,3,5,159,-1.6883
1989,7,1,1,506,2.5165
1989,7,1,2,734,2.5992
1989,7,1,3,835,3.9404
1989,7,1,4,975,3.8976
1989,7,1,5,1010,4.7744
1989,7,2,1,194,4.3089
1989,7,2,2,220,4.3089
1989,7,2,3,253,4.1136
1989,7,2,4,321,4.0069
1989,7,2,5,336,4.6805
1989,7,3,1,190,7.0354
1989,7,3,2,222,7.7024
1989,7,3,3,250,7.9117
1989,7,3,4,214,11.0051
1989,7,3,5,155,9.4144
1989,8,1,1,496,1.8157
1989,8,1,2,720,2.5158
1989,8,1,3,822,1.3576
1989,8,1,4,981,1.7216
1989,8,1,5,1028,1.1106
1989,8,2,1,192,3.1273
1989,8,2,2,232,2.0587
1989,8,2,3,262,2.8305
1989,8,2,4,329,2.9288
1989,8,2,5,337,3.8652
1989,8,3,1,193,0.7292
1989,8,3,2,226,2.8615
1989,8,3,3,251,2.5358
1989,8,3,4,214,1.6209
1989,8,3,5,157,2.7801
1989,9,1,1,503,2.6014
1989,9,1,2,741,-0.4998
1989,9,1,3,855,-0.0724
1989,9,1,4,1005,-0.0142
1989,9,1,5,1029,0.2227
1989,9,2,1,193,1.1504
1989,9,2,2,240,-0.7425
1989,9,2,3,261,0.7174
1989,9,2,4,333,1.0564
1989,9,2,5,341,1.0318
1989,9,3,1,194,0.7782
1989,9,3,2,226,-1.4078
1989,9,3,3,246,-0.6398
1989,9,3,4,214,-0.1490
1989,9,3,5,155,-1.4307
1989,10,1,1,481,-5.0540
1989,10,1,2,734,-5.9811
1989,10,1,3,842,-6.6648
1989,10,1,4,973,-5.3795
1989,10,1,5,1010,-5.9227
1989,10,2,1,191,-3.4191
1989,10,2,2,236,-5.7858
1989,10,2,3,264,-7.1632
1989,10,2,4,332,-5.8560
1989,10,2,5,338,-5.6987
1989,10,3,1,193,-1.0397
1989,10,3,2,224,-2.9719
1989,10,3,3,244,-1.9752
1989,10,3,4,205,-2.8906
1989,10,3,5,155,-2.2329
1989,11,1,1,471,0.7108
1989,11,1,2,725,0.5204
1989,11,1,3,853,-1.1805
1989,11,1,4,976,-0.7215
1989,11,1,5,1027,-1.2356
1989,11,2,1,188,3.8988
1989,11,2,2,242,2.3820
1989,11,2,3,265,1.1092
1989,11,2,4,345,0.7776
1989,11,2,5,344,0.0542
1989,11,3,1,193,3.3056
1989,11,3,2,224,1.7900
1989,11,3,3,249,2.3423
1989,11,3,4,210,1.9570
1989,11,3,5,161,0.9543
1989,12,1,1,481,0.1997
1989,12,1,2,742,0.0867
1989,12,1,3,872,-0.4167
1989,12,1,4,996,0.1558
1989,12,1,5,1035,-0.7002
1989,12,2,1,188,1.9251
1989,12,2,2,250,0.7109
1989,12,2,3,267,0.7018
1989,12,2,4,347,1.0880
1989,12,2,5,344,0.6296
1989,12,3,1,196,5.7091
1989,12,3,2,224,1.2187
1989,12,3,3,250,2.3664
1989,12,3,4,213,3.1282
1989,12,3,5,161,1.2197
1990,1,1,1,475,-5.5949
1990,1,1,2,734,-8.0551
1990,1,1,3,866,-8.0929
1990,1,1,4,971,-7.8548
1990,1,1,5,1018,-7.9665
1990,1,2,1,185,-7.6336
1990,1,2,2,238,-9.8987
1990,1,2,3,264,-8.5664
1990,1,2,4,347,-8.3029
1990,1,2,5,338,-8.8510
1990,1,3,1,196,-8.0103
1990,1,3,2,220,-4.4509
1990,1,3,3,241,-6.6999
1990,1,3,4,211,-7.5905
1990,1,3,5,159,-6.8044
1990,2,1,1,485,0.7147
1990,2,1,2,731,2.0906
1990,2,1,3,854,2.7417
1990,2,1,4,969,2.8603
1990,2,1,5,1019,2.6276
1990,2,2,1,183,3.5006
1990,2,2,2,241,3.6962
1990,2,2,3,267,3.4442
1990,2,2,4,342,3.0819
1990,2,2,5,335,3.3566
1990,2,3,1,196,0.0984
1990,2,3,2,219,2.0716
1990,2,3,3,244,1.7926
1990,2,3,4,219,1.0417
1990,2,3,5,161,1.9082
1990,3,1,1,490,2.2685
1990,3,1,2,747,2.9342
1990,3,1,3,864,4.1987
1990,3,1,4,984,5.1240
1990,3,1,5,1021,4.6359
1990,3,2,1,182,1.9898
1990,3,2,2,242,3.6917
1990,3,2,3,279,4.5642
1990,3,2,4,353,5.8202
1990,3,2,5,338,6.3369
1990,3,3,1,198,1.2060
1990,3,3,2,223,2.2946
1990,3,3,3,246,2.7325
1990,3,3,4,225,4.6352
1990,3,3,5,163,5.8418
1990,4,1,1,471,-4.3715
1990,4,1,2,721,-3.5711
1990,4,1,3,832,-2.2260
1990,4,1,4,955,-1.6727
1990,4,1,5,1011,-1.9131
1990,4,2,1,181,-5.3268
1990,4,2,2,240,-3.0516
1990,4,2,3,272,-3.4199
1990,4,2,4,348,-3.0676
1990,4,2,5,338,-2.3271
1990,4,3,1,193,-3.9092
1990,4,3,2,213,-3.2149
1990,4,3,3,233,-1.6920
1990,4,3,4,219,-1.5316
1990,4,3,5,159,-0.0356
1990,5,1,1,462,4.7745
1990,5,1,2,716,5.9998
1990,5,1,3,820,5.9586
1990,5,1,4,974,6.8373
1990,5,1,5,1012,8.7680
1990,5,2,1,187,7.3265
1990,5,2,2,238,9.2236
1990,5,2,3,288,8.7671
1990,5,2,4,363,8.1778
1990,5,2,5,358,8.9672
1990,5,3,1,200,7.2475
1990,5,3,2,220,9.0462
1990,5,3,3,237,9.1336
1990,5,3,4,221,10.5329
1990,5,3,5,162,11.7414
1990,6,1,1,477,-0.5035
1990,6,1,2,731,1.9625
1990,6,1,3,836,0.7591
1990,6,1,4,999,1.3650
1990,6,1,5,1031,2.6238
1990,6,2,1,186,-1.0438
1990,6,2,2,246,-0.8114
1990,6,2,3,291,1.7029
1990,6,2,4,370,0.9351
1990,6,2,5,359,0.3077
1990,6,3,1,203,-1.3385
1990,6,3,2,218,-1.0499
1990,6,3,3,237,-0.2916
1990,6,3,4,224,-0.2411
1990,6,3,5,165,2.6054
1990,7,1,1,447,-3.1077
1990,7,1,2,693,-4.5303
1990,7,1,3,811,-5.6363
1990,7,1,4,956,-4.3065
1990,7,1,5,1010,-4.5232
1990,7,2,1,186,-2.4200
1990,7,2,2,236,-2.4785
1990,7,2,3,286,-4.1724
1990,7,2,4,364,-4.6900
1990,7,2,5,350,-3.3512
1990,7,3,1,196,1.2749
1990,7,3,2,209,-1.8521
1990,7,3,3,237,1.0395
1990,7,3,4,218,-1.0016
1990,7,3,5,155,-2.1738
1990,8,1,1,445,-10.3708
1990,8,1,2,680,-13.4749
1990,8,1,3,804,-13.8886
1990,8,1,4,957,-14.7801
1990,8,1,5,1007,-15.3371
1990,8,2,1,196,-9.6489
1990,8,2,2,245,-13.3522
1990,8,2,3,295,-13.1571
1990,8,2,4,377,-14.2030
1990,8,2,5,352,-15.0203
1990,8,3,1,196,-8.7073
1990,8,3,2,218,-8.0964
1990,8,3,3,244,-7.7553
1990,8,3,4,223,-9.5291
1990,8,3,5,161,-10.9972
1990,9,1,1,450,-7.0547
1990,9,1,2,696,-7.3155
1990,9,1,3,822,-8.7418
1990,9,1,4,976,-8.4442
1990,9,1,5,1034,-10.6223
1990,9,2,1,196,-5.9957
1990,9,2,2,250,-7.9301
1990,9,2,3,295,-10.1438
1990,9,2,4,373,-8.5809
1990,9,2,5,354,-9.7687
1990,9,3,1,198,-1.3344
1990,9,3,2,218,-4.0517
1990,9,3,3,242,-5.2979
1990,9,3,4,223,-4.8391
1990,9,3,5,161,-6.4773
1990,10,1,1,444,-7.5716
1990,10,1,2,676,-6.0985
1990,10,1,3,791,-6.0993
1990,10,1,4,955,-6.3925
1990,10,1,5,1015,-5.9995
1990,10,2,1,203,-6.1723
1990,10,2,2,238,-6.8375
1990,10,2,3,292,-5.9865
1990,10,2,4,373,-4.8474
1990,10,2,5,347,-4.0835
1990,10,3,1,199,3.0943
1990,10,3,2,215,-1.9867
1990,10,3,3,232,-0.2324
1990,10,3,4,217,0.4179
1990,10,3,5,159,-0.2619
1990,11,1,1,451,2.9397
1990,11,1,2,673,3.9039
1990,11,1,3,786,4.8801
1990,11,1,4,959,5.1423
1990,11,1,5,1011,5.9003
1990,11,2,1,208,6.8792
1990,11,2,2,243,6.8164
1990,11,2,3,298,9.8597
1990,11,2,4,391,8.3805
1990,11,2,5,359,10.3997
1990,11,3,1,205,3.8301
1990,11,3,2,220,5.5988
1990,11,3,3,240,6.4318
1990,11,3,4,221,6.0235
1990,11,3,5,162,9.8868
1990,12,1,1,459,-1.0787
1990,12,1,2,702,0.0213
1990,12,1,3,809,1.3121
1990,12,1,4,971,3.1752
1990,12,1,5,1026,2.4245
1990,12,2,1,211,2.5444
1990,12,2,2,247,4.8209
1990,12,2,3,299,5.6133
1990,12,2,4,391,5.9352
1990,12,2,5,366,6.5921
1990,12,3,1,204,1.9425
1990,12,3,2,223,1.6097
1990,12,3,3,241,3.1419
1990,12,3,4,220,3.3365
1990,12,3,5,161,3.8092
1991,1,1,1,450,5.7551
1991,1,1,2,691,10.5883
1991,1,1,3,787,12.7010
1991,1,1,4,947,8.6189
1991,1,1,5,1009,10.6040
1991,1,2,1,206,2.9373
1991,1,2,2,247,9.4314
1991,1,2,3,298,11.4681
1991,1,2,4,387,9.5746
1991,1,2,5,365,10.0483
1991,1,3,1,202,0.4620
1991,1,3,2,220,5.6347
1991,1,3,3,234,5.0836
1991,1,3,4,214,4.3077
1991,1,3,5,162,8.9922
1991,2,1,1,448,14.9912
1991,2,1,2,685,12.8508
1991,2,1,3,802,12.4549
1991,2,1,4,951,12.1282
1991,2,1,5,998,12.4868
1991,2,2,1,207,10.7558
1991,2,2,2,255,9.1870
1991,2,2,3,309,9.9822
1991,2,2,4,390,8.9921
1991,2,2,5,368,10.8006
1991,2,3,1,202,4.7489
1991,2,3,2,219,6.4290
1991,2,3,3,236,8.4945
1991,2,3,4,218,7.1660
1991,2,3,5,166,7.2312
1991,3,1,1,462,7.2955
1991,3,1,2,694,8.4528
1991,3,1,3,811,9.2306
1991,3,1,4,976,7.8961
1991,3,1,5,1000,8.4904
1991,3,2,1,222,2.9376
1991,3,2,2,260,4.4168
1991,3,2,3,318,5.0831
1991,3,2,4,392,6.3655
1991,3,2,5,369,8.2769
1991,3,3,1,205,1.8818
1991,3,3,2,225,-0.6268
1991,3,3,3,238,2.3329
1991,3,3,4,224,4.0439
1991,3,3,5,174,6.2120
1991,4,1,1,450,-0.1937
1991,4,1,2,671,-1.6725
1991,4,1,3,788,0.0273
1991,4,1,4,959,0.4548
1991,4,1,5,989,1.6939
1991,4,2,1,220,-0.9985
1991,4,2,2,256,-0.6417
1991,4,2,3,300,0.2831
1991,4,2,4,392,-0.7766
1991,4,2,5,357,0.1209
1991,4,3,1,203,0.1530
1991,4,3,2,216,-1.1144
1991,4,3,3,230,0.5246
1991,4,3,4,215,0.3415
1991,4,3,5,177,0.7157
1991,5,1,1,460,1.6824
1991,5,1,2,658,3.9076
1991,5,1,3,796,3.6114
1991,5,1,4,970,3.4529
1991,5,1,5,997,4.4838
1991,5,2,1,221,2.7211
1991,5,2,2,266,3.8436
1991,5,2,3,316,4.6307
1991,5,2,4,397,3.9326
1991,5,2,5,357,5.5699
1991,5,3,1,209,1.3736
1991,5,3,2,222,6.0954
1991,5,3,3,242,5.0361
1991,5,3,4,221,2.9852
1991,5,3,5,184,4.8968
1991,6,1,1,467,-6.0691
1991,6,1,2,689,-5.1020
1991,6,1,3,813,-4.6550
1991,6,1,4,988,-4.5147
1991,6,1,5,1022,-4.1756
1991,6,2,1,226,-4.7276
1991,6,2,2,269,-5.5772
1991,6,2,3,324,-6.0206
1991,6,2,4,395,-4.6992
1991,6,2,5,367,-4.3702
1991,6,3,1,209,-3.0144
1991,6,3,2,224,-5.5622
1991,6,3,3,244,-5.0004
1991,6,3,4,222,-4.0084
1991,6,3,5,187,-3.8072
1991,7,1,1,418,3.5327
1991,7,1,2,661,2.1111
1991,7,1,3,777,2.5765
1991,7,1,4,955,2.8170
1991,7,1,5,998,4.2680
1991,7,2,1,215,4.3766
1991,7,2,2,261,3.5365
1991,7,2,3,318,4.4175
1991,7,2,4,393,3.9355
1991,7,2,5,356,5.3623
1991,7,3,1,205,3.2728
1991,7,3,2,222,3.2143
1991,7,3,3,236,6.1543
1991,7,3,4,221,4.8857
1991,7,3,5,183,5.4469
1991,8,1,1,416,3.7055
1991,8,1,2,635,2.2629
1991,8,1,3,784,3.4668
1991,8,1,4,955,2.2541
1991,8,1,5,1008,4.4793
1991,8,2,1,211,3.7223
1991,8,2,2,267,2.1947
1991,8,2,3,327,3.6597
1991,8,2,4,402,3.5515
1991,8,2,5,361,4.2069
1991,8,3,1,210,2.1746
1991,8,3,2,227,1.3905
1991,8,3,3,241,2.6518
1991,8,3,4,227,2.6521
1991,8,3,5,188,3.7739
1991,9,1,1,432,5.8311
1991,9,1,2,651,2.4315
1991,9,1,3,790,0.4485
1991,9,1,4,984,-0.0613
1991,9,1,5,1027,1.3353
1991,9,2,1,210,3.1185
1991,9,2,2,277,-0.8312
1991,9,2,3,332,-1.6875
1991,9,2,4,406,0.2765
1991,9,2,5,364,0.6298
1991,9,3,1,207,1.0121
1991,9,3,2,228,-1.4472
1991,9,3,3,241,-2.0647
1991,9,3,4,234,-2.1961
1991,9,3,5,191,-3.2542
1991,10,1,1,430,6.8028
1991,10,1,2,637,3.2225
1991,10,1,3,774,2.6999
1991,10,1,4,955,3.9928
1991,10,1,5,1020,3.4962
1991,10,2,1,207,3.7505
1991,10,2,2,276,2.0630
1991,10,2,3,326,2.8643
1991,10,2,4,392,1.8391
1991,10,2,5,354,0.1595
1991,10,3,1,207,2.0877
1991,10,3,2,222,0.6495
1991,10,3,3,235,2.2761
1991,10,3,4,230,2.6806
1991,10,3,5,189,-1.2893
1991,11,1,1,423,-5.5062
1991,11,1,2,640,-3.4886
1991,11,1,3,776,-4.1736
1991,11,1,4,966,-4.2431
1991,11,1,5,1036,-2.5219
1991,11,2,1,222,-5.2131
1991,11,2,2,285,-6.5678
1991,11,2,3,336,-4.7007
1991,11,2,4,403,-5.0150
1991,11,2,5,360,-4.2724
1991,11,3,1,207,-2.7673
1991,11,3,2,223,-5.8865
1991,11,3,3,241,-3.5748
1991,11,3,4,230,-2.7097
1991,11,3,5,198,-1.0522
1991,12,1,1,432,2.2774
1991,12,1,2,650,3.9750
1991,12,1,3,786,7.0951
1991,12,1,4,979,5.6906
1991,12,1,5,1045,5.4248
1991,12,2,1,227,6.6200
1991,12,2,2,287,5.8295
1991,12,2,3,346,9.9942
1991,12,2,4,400,10.2451
1991,12,2,5,361,12.2207
1991,12,3,1,207,8.9824
1991,12,3,2,226,9.0104
1991,12,3,3,243,12.4515
1991,12,3,4,234,12.0551
1991,12,3,5,200,13.9279
1992,1,1,1,423,11.3383
1992,1,1,2,623,13.8714
1992,1,1,3,762,11.2603
1992,1,1,4,974,13.6517
1992,1,1,5,1028,13.5225
1992,1,2,1,227,3.5873
1992,1,2,2,279,7.6128
1992,1,2,3,342,7.9552
1992,1,2,4,391,6.5855
1992,1,2,5,367,6.4837
1992,1,3,1,203,-3.3757
1992,1,3,2,218,1.6349
1992,1,3,3,237,-2.1069
1992,1,3,4,232,-2.0297
1992,1,3,5,205,-1.0165
1992,2,1,1,428,-1.6350
1992,2,1,2,608,1.6284
1992,2,1,3,756,4.9429
1992,2,1,4,975,5.0281
1992,2,1,5,1043,6.6227
1992,2,2,1,233,-0.5399
1992,2,2,2,280,1.7586
1992,2,2,3,342,3.1215
1992,2,2,4,405,2.6284
1992,2,2,5,369,3.1625
1992,2,3,1,202,-0.2527
1992,2,3,2,220,1.9711
1992,2,3,3,240,1.2999
1992,2,3,4,235,1.0744
1992,2,3,5,207,0.4998
1992,3,1,1,444,-5.4286
1992,3,1,2,632,-3.9085
1992,3,1,3,783,-3.0135
1992,3,1,4,992,-2.4413
1992,3,1,5,1041,-2.2996
1992,3,2,1,243,-5.2894
1992,3,2,2,284,-3.8199
1992,3,2,3,344,-4.6413
1992,3,2,4,420,-3.6618
1992,3,2,5,383,-4.2893
1992,3,3,1,208,-2.0694
1992,3,3,2,223,-2.8455
1992,3,3,3,248,-2.1245
1992,3,3,4,238,-1.6808
1992,3,3,5,205,-2.5726
1992,4,1,1,441,-7.1287
1992,4,1,2,613,-5.4653
1992,4,1,3,766,-4.7769
1992,4,1,4,982,-4.5429
1992,4,1,5,1035,-6.1508
1992,4,2,1,246,-5.0481
1992,4,2,2,278,-2.7609
1992,4,2,3,329,-2.5843
1992,4,2,4,396,-3.2087
1992,4,2,5,383,-4.9943
1992,4,3,1,206,4.6264
1992,4,3,2,217,4.3150
1992,4,3,3,233,2.9790
1992,4,3,4,227,1.2674
1992,4,3,5,196,-3.3291
1992,5,1,1,452,1.4287
1992,5,1,2,612,-0.8538
1992,5,1,3,776,-1.4138
1992,5,1,4,1004,-0.2385
1992,5,1,5,1046,-0.2301
1992,5,2,1,247,2.2624
1992,5,2,2,284,0.0106
1992,5,2,3,343,-0.2476
1992,5,2,4,410,0.2744
1992,5,2,5,383,-1.0494
1992,5,3,1,208,0.2493
1992,5,3,2,227,0.1702
1992,5,3,3,243,0.8007
1992,5,3,4,235,0.7276
1992,5,3,5,197,-0.1046
1992,6,1,1,490,-5.7817
1992,6,1,2,634,-5.8655
1992,6,1,3,815,-5.1764
1992,6,1,4,1029,-5.7683
1992,6,1,5,1069,-7.1866
1992,6,2,1,257,-3.8860
1992,6,2,2,285,-2.2132
1992,6,2,3,351,-4.4036
1992,6,2,4,408,-5.0679
1992,6,2,5,393,-5.3357
1992,6,3,1,208,0.3635
1992,6,3,2,229,-1.3382
1992,6,3,3,248,-3.0909
1992,6,3,4,237,-3.8710
1992,6,3,5,199,-2.5928
1992,7,1,1,458,3.2284
1992,7,1,2,589,1.7645
1992,7,1,3,790,2.1439
1992,7,1,4,981,1.2673
1992,7,1,5,1025,2.3055
1992,7,2,1,242,6.0928
1992,7,2,2,266,2.6479
1992,7,2,3,347,1.8971
1992,7,2,4,398,2.6973
1992,7,2,5,378,4.6969
1992,7,3,1,209,5.0773
1992,7,3,2,222,2.9489
1992,7,3,3,243,4.4219
1992,7,3,4,232,4.7512
1992,7,3,5,195,4.3215
1992,8,1,1,468,-3.4929
1992,8,1,2,596,-2.4717
1992,8,1,3,786,-3.1748
1992,8,1,4,1004,-2.9744
1992,8,1,5,1045,-2.3065
1992,8,2,1,244,-2.6322
1992,8,2,2,266,-3.2180
1992,8,2,3,358,-3.8693
1992,8,2,4,407,-2.0154
1992,8,2,5,390,-1.8977
1992,8,3,1,213,-1.1515
1992,8,3,2,231,-3.6371
1992,8,3,3,251,-1.5042
1992,8,3,4,238,-1.5125
1992,8,3,5,205,-0.6320
1992,9,1,1,501,3.8489
1992,9,1,2,627,1.0596
1992,9,1,3,795,0.8933
1992,9,1,4,1037,0.9667
1992,9,1,5,1057,2.0379
1992,9,2,1,249,-0.2420
1992,9,2,2,272,2.0115
1992,9,2,3,362,1.1936
1992,9,2,4,405,1.8222
1992,9,2,5,395,3.5148
1992,9,3,1,214,1.2864
1992,9,3,2,232,1.2130
1992,9,3,3,254,0.1476
1992,9,3,4,243,0.6376
1992,9,3,5,204,2.9135
1992,10,1,1,501,1.0773
1992,10,1,2,624,1.0234
1992,10,1,3,776,2.3213
1992,10,1,4,1022,2.6854
1992,10,1,5,1046,3.6483
1992,10,2,1,247,0.8057
1992,10,2,2,268,2.9765
1992,10,2,3,360,2.5288
1992,10,2,4,397,3.5676
1992,10,2,5,392,5.2106
1992,10,3,1,217,-0.9869
1992,10,3,2,226,-0.5974
1992,10,3,3,248,-0.4723
1992,10,3,4,237,2.9623
1992,10,3,5,207,3.9432
1992,11,1,1,512,7.8280
1992,11,1,2,627,9.3568
1992,11,1,3,793,9.8786
1992,11,1,4,1031,9.7182
1992,11,1,5,1063,10.6535
1992,11,2,1,251,5.7388
1992,11,2,2,268,5.8654
1992,11,2,3,368,8.8903
1992,11,2,4,414,8.6972
1992,11,2,5,397,7.7364
1992,11,3,1,216,2.7047
1992,11,3,2,229,3.1631
1992,11,3,3,255,2.8416
1992,11,3,4,248,3.0491
1992,11,3,5,208,6.4978
1992,12,1,1,541,0.2875
1992,12,1,2,647,3.0554
1992,12,1,3,822,3.0253
1992,12,1,4,1044,2.9960
1992,12,1,5,1068,4.4184
1992,12,2,1,253,1.6576
1992,12,2,2,265,2.6841
1992,12,2,3,369,2.5945
1992,12,2,4,425,4.2376
1992,12,2,5,405,3.3376
1992,12,3,1,217,3.2780
1992,12,3,2,229,0.1893
1992,12,3,3,259,0.1654
1992,12,3,4,253,1.0939
1992,12,3,5,210,0.4508
1993,1,1,1,543,2.6449
1993,1,1,2,644,4.1955
1993,1,1,3,813,4.7993
1993,1,1,4,1028,5.6976
1993,1,1,5,1059,6.4168
1993,1,2,1,253,0.7243
1993,1,2,2,257,3.6778
1993,1,2,3,368,2.9688
1993,1,2,4,422,1.7174
1993,1,2,5,401,1.2459
1993,1,3,1,215,1.6945
1993,1,3,2,224,3.0433
1993,1,3,3,255,-0.7355
1993,1,3,4,256,-1.4583
1993,1,3,5,207,-0.7079
1993,2,1,1,549,-4.4179
1993,2,1,2,648,-3.4096
1993,2,1,3,806,-3.2760
1993,2,1,4,1016,-3.4325
1993,2,1,5,1048,-4.0732
1993,2,2,1,251,-1.0755
1993,2,2,2,258,-0.9653
1993,2,2,3,364,-3.2044
1993,2,2,4,420,-3.5617
1993,2,2,5,409,-4.5005
1993,2,3,1,217,4.1198
1993,2,3,2,226,0.6305
1993,2,3,3,257,-0.6768
1993,2,3,4,257,1.0497
1993,2,3,5,208,-2.4756
1993,3,1,1,565,3.6717
1993,3,1,2,672,2.4861
1993,3,1,3,817,1.6695
1993,3,1,4,1022,1.6725
1993,3,1,5,1068,1.6732
1993,3,2,1,251,3.8640
1993,3,2,2,260,1.0464
1993,3,2,3,367,2.8586
1993,3,2,4,426,2.8717
1993,3,2,5,407,2.8919
1993,3,3,1,215,2.9294
1993,3,3,2,232,1.4686
1993,3,3,3,258,1.7035
1993,3,3,4,259,2.4742
1993,3,3,5,213,1.8608
1993,4,1,1,569,0.4428
1993,4,1,2,660,-3.2352
1993,4,1,3,801,-3.0883
1993,4,1,4,1013,-3.3783
1993,4,1,5,1067,-4.0302
1993,4,2,1,249,0.7282
1993,4,2,2,255,-2.3201
1993,4,2,3,359,-3.2294
1993,4,2,4,412,-3.3668
1993,4,2,5,402,-4.6910
1993,4,3,1,214,-1.8030
1993,4,3,2,226,-0.7172
1993,4,3,3,247,-2.6765
1993,4,3,4,251,-2.3024
1993,4,3,5,209,-7.6925
1993,5,1,1,581,6.4091
1993,5,1,2,690,5.7967
1993,5,1,3,808,5.5916
1993,5,1,4,1033,4.2942
1993,5,1,5,1081,4.0090
1993,5,2,1,258,4.0166
1993,5,2,2,269,7.4059
1993,5,2,3,373,7.2944
1993,5,2,4,419,5.8799
1993,5,2,5,404,4.9527
1993,5,3,1,220,1.3098
1993,5,3,2,239,3.9428
1993,5,3,3,267,3.4926
1993,5,3,4,257,3.6020
1993,5,3,5,210,5.3848
1993,6,1,1,609,0.7486
1993,6,1,2,712,1.3430
1993,6,1,3,832,0.0004
1993,6,1,4,1061,-0.1420
1993,6,1,5,1122,-1.4180
1993,6,2,1,264,0.7547
1993,6,2,2,276,2.2831
1993,6,2,3,372,1.3882
1993,6,2,4,421,-0.3127
1993,6,2,5,401,-1.5686
1993,6,3,1,222,3.4355
1993,6,3,2,241,-0.9856
1993,6,3,3,268,-1.4147
1993,6,3,4,256,0.0803
1993,6,3,5,214,-3.2476
1993,7,1,1,583,-1.2586
1993,7,1,2,690,-0.3878
1993,7,1,3,805,1.4039
1993,7,1,4,1029,0.6484
1993,7,1,5,1095,1.0709
1993,7,2,1,256,0.8753
1993,7,2,2,267,-0.0394
1993,7,2,3,359,0.8441
1993,7,2,4,408,0.7004
1993,7,2,5,399,0.6438
1993,7,3,1,221,1.8192
1993,7,3,2,235,-0.3557
1993,7,3,3,266,-1.9136
1993,7,3,4,245,-2.4787
1993,7,3,5,210,-2.2431
1993,8,1,1,586,5.1129
1993,8,1,2,690,2.6649
1993,8,1,3,834,4.2586
1993,8,1,4,1049,5.1202
1993,8,1,5,1112,3.5081
1993,8,2,1,258,4.9773
1993,8,2,2,278,5.7275
1993,8,2,3,380,3.8357
1993,8,2,4,417,4.4206
1993,8,2,5,407,4.6223
1993,8,3,1,221,4.2510
1993,8,3,2,244,3.8338
1993,8,3,3,276,3.8449
1993,8,3,4,250,4.1360
1993,8,3,5,215,3.3406
1993,9,1,1,610,3.2565
1993,9,1,2,711,2.6694
1993,9,1,3,860,2.2026
1993,9,1,4,1078,2.2963
1993,9,1,5,1144,3.3191
1993,9,2,1,261,2.2553
1993,9,2,2,288,2.6132
1993,9,2,3,398,1.6628
1993,9,2,4,420,2.2885
1993,9,2,5,406,3.5856
1993,9,3,1,226,-0.6120
1993,9,3,2,243,-1.5666
1993,9,3,3,278,-0.5403
1993,9,3,4,251,-0.1830
1993,9,3,5,216,-1.8012
1993,10,1,1,610,7.4152
1993,10,1,2,687,4.1670
1993,10,1,3,850,4.3646
1993,10,1,4,1055,4.8697
1993,10,1,5,1127,4.2079
1993,10,2,1,258,2.6314
1993,10,2,2,277,1.1223
1993,10,2,3,376,1.1376
1993,10,2,4,408,3.2105
1993,10,2,5,389,3.1751
1993,10,3,1,222,0.9601
1993,10,3,2,242,3.5627
1993,10,3,3,275,2.5273
1993,10,3,4,251,3.0725
1993,10,3,5,212,3.9856
1993,11,1,1,618,-6.3240
1993,11,1,2,702,-2.1943
1993,11,1,3,871,-2.5939
1993,11,1,4,1060,-2.2401
1993,11,1,5,1139,-1.6503
1993,11,2,1,262,-6.3703
1993,11,2,2,289,-2.4841
1993,11,2,3,385,-2.1957
1993,11,2,4,416,-2.3746
1993,11,2,5,399,-1.1881
1993,11,3,1,227,-3.4362
1993,11,3,2,251,0.6085
1993,11,3,3,286,-0.5239
1993,11,3,4,262,-0.7958
1993,11,3,5,215,2.0358
1993,12,1,1,644,-0.7747
1993,12,1,2,731,0.8009
1993,12,1,3,895,0.8776
1993,12,1,4,1095,1.7643
1993,12,1,5,1167,2.7749
1993,12,2,1,262,1.5128
1993,12,2,2,296,6.3437
1993,12,2,3,387,4.6068
1993,12,2,4,414,5.0439
1993,12,2,5,405,3.2037
1993,12,3,1,230,1.7072
1993,12,3,2,252,2.4228
1993,12,3,3,287,1.7352
1993,12,3,4,265,1.8373
1993,12,3,5,213,-1.0747
1994,1,1,1,637,3.2110
1994,1,1,2,713,5.5412
1994,1,1,3,878,5.6577
1994,1,1,4,1078,5.0449
1994,1,1,5,1167,5.3223
1994,1,2,1,261,2.4993
1994,1,2,2,291,4.6602
1994,1,2,3,378,2.8157
1994,1,2,4,415,2.1771
1994,1,2,5,408,1.5320
1994,1,3,1,231,0.9847
1994,1,3,2,250,5.4948
1994,1,3,3,284,3.0294
1994,1,3,4,255,2.2667
1994,1,3,5,214,2.4768
1994,2,1,1,634,-2.7058
1994,2,1,2,715,-1.4667
1994,2,1,3,860,-0.3419
1994,2,1,4,1082,-0.2563
1994,2,1,5,1182,0.6052
1994,2,2,1,262,-3.9904
1994,2,2,2,294,-0.3528
1994,2,2,3,380,0.8054
1994,2,2,4,412,0.7292
1994,2,2,5,404,1.1818
1994,2,3,1,234,-5.0351
1994,2,3,2,262,-3.7634
1994,2,3,3,289,-2.5750
1994,2,3,4,248,0.9564
1994,2,3,5,212,3.6998
1994,3,1,1,662,-6.1150
1994,3,1,2,728,-5.2567
1994,3,1,3,868,-5.3908
1994,3,1,4,1099,-4.6533
1994,3,1,5,1196,-5.0425
1994,3,2,1,272,-6.2413
1994,3,2,2,303,-5.9628
1994,3,2,3,395,-6.3098
1994,3,2,4,428,-5.8061
1994,3,2,5,418,-5.3819
1994,3,3,1,239,-4.1417
1994,3,3,2,265,-5.0617
1994,3,3,3,293,-4.2499
1994,3,3,4,249,-4.5031
1994,3,3,5,215,-4.6431
1994,4,1,1,664,-3.5736
1994,4,1,2,725,-2.2799
1994,4,1,3,876,-1.0270
1994,4,1,4,1085,-1.1100
1994,4,1,5,1197,-0.2111
1994,4,2,1,276,-1.0664
1994,4,2,2,287,-0.1351
1994,4,2,3,384,0.2760
1994,4,2,4,422,0.3502
1994,4,2,5,419,-0.6945
1994,4,3,1,235,1.1636
1994,4,3,2,262,1.5439
1994,4,3,3,282,1.5558
1994,4,3,4,244,-0.6057
1994,4,3,5,212,-0.1557
1994,5,1,1,693,-1.3864
1994,5,1,2,732,-1.0340
1994,5,1,3,900,-0.3402
1994,5,1,4,1082,-0.8625
1994,5,1,5,1217,-2.9600
1994,5,2,1,277,-2.4556
1994,5,2,2,296,-0.7055
1994,5,2,3,403,-0.7214
1994,5,2,4,429,-2.7827
1994,5,2,5,432,-3.6227
1994,5,3,1,245,-0.7232
1994,5,3,2,279,2.3301
1994,5,3,3,302,1.5644
1994,5,3,4,257,0.0274
1994,5,3,5,214,-1.8288
1994,6,1,1,724,-5.1196
1994,6,1,2,783,-3.9077
1994,6,1,3,938,-3.5612
1994,6,1,4,1128,-4.1405
1994,6,1,5,1276,-4.4222
1994,6,2,1,280,-3.5604
1994,6,2,2,300,-3.5483
1994,6,2,3,409,-2.9298
1994,6,2,4,432,-3.0023
1994,6,2,5,433,-4.5881
1994,6,3,1,247,-1.9326
1994,6,3,2,283,-2.8190
1994,6,3,3,305,-3.2769
1994,6,3,4,262,-2.0522
1994,6,3,5,219,-2.8543
1994,7,1,1,708,-1.2340
1994,7,1,2,756,1.9067
1994,7,1,3,915,0.6423
1994,7,1,4,1103,1.5509
1994,7,1,5,1258,1.6491
1994,7,2,1,275,0.2811
1994,7,2,2,288,3.2872
1994,7,2,3,390,1.5469
1994,7,2,4,411,2.1441
1994,7,2,5,426,2.0807
1994,7,3,1,240,4.1814
1994,7,3,2,277,3.0675
1994,7,3,3,297,3.4111
1994,7,3,4,256,3.3667
1994,7,3,5,215,1.6741
1994,8,1,1,719,3.9110
1994,8,1,2,766,4.7675
1994,8,1,3,932,4.0979
1994,8,1,4,1137,4.6799
1994,8,1,5,1270,3.9154
1994,8,2,1,277,5.4189
1994,8,2,2,299,6.9563
1994,8,2,3,392,7.7606
1994,8,2,4,421,7.3230
1994,8,2,5,436,7.2683
1994,8,3,1,241,0.8451
1994,8,3,2,282,4.9918
1994,8,3,3,316,5.6323
1994,8,3,4,262,5.5487
1994,8,3,5,219,5.4988
1994,9,1,1,750,-0.2694
1994,9,1,2,810,1.9473
1994,9,1,3,956,2.9554
1994,9,1,4,1199,2.1928
1994,9,1,5,1292,1.4879
1994,9,2,1,281,-0.9322
1994,9,2,2,311,0.0699
1994,9,2,3,405,0.6141
1994,9,2,4,425,-0.4597
1994,9,2,5,435,0.1466
1994,9,3,1,243,-2.1101
1994,9,3,2,283,-1.4161
1994,9,3,3,317,-1.0044
1994,9,3,4,262,-1.9535
1994,9,3,5,223,-2.9536
1994,10,1,1,736,-2.4899
1994,10,1,2,810,1.5932
1994,10,1,3,931,2.6445
1994,10,1,4,1184,2.0370
1994,10,1,5,1279,1.0501
1994,10,2,1,275,-2.2279
1994,10,2,2,308,0.4275
1994,10,2,3,390,0.8656
1994,10,2,4,423,1.8488
1994,10,2,5,423,0.9827
1994,10,3,1,234,1.2467
1994,10,3,2,280,0.5499
1994,10,3,3,310,3.0148
1994,10,3,4,264,4.0789
1994,10,3,5,218,2.8653
1994,11,1,1,740,-4.5750
1994,11,1,2,818,-2.8409
1994,11,1,3,922,-3.2147
1994,11,1,4,1212,-2.4008
1994,11,1,5,1279,-2.9539
1994,11,2,1,275,-5.1836
1994,11,2,2,320,-4.4340
1994,11,2,3,405,-2.6904
1994,11,2,4,444,-3.3510
1994,11,2,5,432,-3.1201
1994,11,3,1,234,-2.7634
1994,11,3,2,288,-3.8096
1994,11,3,3,314,-3.1376
1994,11,3,4,275,-2.9247
1994,11,3,5,222,-3.1105
1994,12,1,1,780,-2.7275
1994,12,1,2,835,-0.1677
1994,12,1,3,960,0.2446
1994,12,1,4,1248,-0.6044
1994,12,1,5,1290,-1.1273
1994,12,2,1,274,-0.6013
1994,12,2,2,330,3.5920
1994,12,2,3,411,3.2823
1994,12,2,4,446,2.7227
1994,12,2,5,433,1.2731
1994,12,3,1,233,1.5594
1994,12,3,2,287,2.4200
1994,12,3,3,315,1.1564
1994,12,3,4,279,1.6731
1994,12,3,5,227,-1.0969
1995,1,1,1,775,2.4494
1995,1,1,2,837,2.1852
1995,1,1,3,940,1.1871
1995,1,1,4,1232,1.3793
1995,1,1,5,1281,2.1501
1995,1,2,1,264,0.1036
1995,1,2,2,321,-1.7041
1995,1,2,3,411,-2.0742
1995,1,2,4,452,-3.2082
1995,1,2,5,431,-1.7897
1995,1,3,1,231,4.7097
1995,1,3,2,278,0.9414
1995,1,3,3,314,1.7671
1995,1,3,4,275,0.6681
1995,1,3,5,224,0.7084
1995,2,1,1,791,2.3096
1995,2,1,2,839,2.4337
1995,2,1,3,936,3.7481
1995,2,1,4,1226,3.0382
1995,2,1,5,1290,2.5253
1995,2,2,1,261,3.5477
1995,2,2,2,320,3.7034
1995,2,2,3,403,5.3071
1995,2,2,4,448,3.3270
1995,2,2,5,423,3.1069
1995,2,3,1,228,2.2810
1995,2,3,2,286,5.8068
1995,2,3,3,326,4.1061
1995,2,3,4,277,4.1787
1995,2,3,5,228,2.5441
1995,3,1,1,790,2.0591
1995,3,1,2,839,1.7100
1995,3,1,3,969,2.9362
1995,3,1,4,1229,1.6092
1995,3,1,5,1304,0.8124
1995,3,2,1,257,2.5406
1995,3,2,2,328,4.4069
1995,3,2,3,413,3.6503
1995,3,2,4,460,2.7861
1995,3,2,5,416,0.5837
1995,3,3,1,229,0.5890
1995,3,3,2,290,3.9580
1995,3,3,3,330,3.4160
1995,3,3,4,277,3.5843
1995,3,3,5,228,3.9129
1995,4,1,1,775,2.1070
1995,4,1,2,826,2.5937
1995,4,1,3,961,3.8193
1995,4,1,4,1213,3.6260
1995,4,1,5,1305,2.8817
1995,4,2,1,262,2.0847
1995,4,2,2,326,1.8643
1995,4,2,3,394,3.6890
1995,4,2,4,447,1.7688
1995,4,2,5,418,0.8103
1995,4,3,1,230,2.1611
1995,4,3,2,281,3.1975
1995,4,3,3,313,3.8626
1995,4,3,4,271,3.5523
1995,4,3,5,220,-1.2807
1995,5,1,1,781,4.9437
1995,5,1,2,831,1.7855
1995,5,1,3,1000,0.7842
1995,5,1,4,1224,1.8110
1995,5,1,5,1304,1.6946
1995,5,2,1,270,0.7896
1995,5,2,2,323,1.9870
1995,5,2,3,400,0.5222
1995,5,2,4,456,0.9034
1995,5,2,5,420,0.5808
1995,5,3,1,238,3.0971
1995,5,3,2,296,3.4955
1995,5,3,3,328,3.1684
1995,5,3,4,289,3.4303
1995,5,3,5,222,2.3898
1995,6,1,1,814,8.3794
1995,6,1,2,876,6.7734
1995,6,1,3,1026,7.5009
1995,6,1,4,1263,5.7382
1995,6,1,5,1337,6.4784
1995,6,2,1,265,4.2327
1995,6,2,2,323,6.9270
1995,6,2,3,401,6.6322
1995,6,2,4,472,5.5802
1995,6,2,5,424,5.5913
1995,6,3,1,240,0.9866
1995,6,3,2,297,2.8999
1995,6,3,3,328,3.0497
1995,6,3,4,290,4.5471
1995,6,3,5,222,5.6813
1995,7,1,1,757,7.4033
1995,7,1,2,831,6.0781
1995,7,1,3,989,6.6716
1995,7,1,4,1224,6.6777
1995,7,1,5,1311,7.3063
1995,7,2,1,270,2.3172
1995,7,2,2,311,5.0795
1995,7,2,3,373,8.0585
1995,7,2,4,455,8.1723
1995,7,2,5,417,7.8431
1995,7,3,1,238,3.4739
1995,7,3,2,292,4.1085
1995,7,3,3,320,2.4067
1995,7,3,4,282,4.7331
1995,7,3,5,222,4.9046
1995,8,1,1,737,7.8905
1995,8,1,2,825,3.2390
1995,8,1,3,988,3.1185
1995,8,1,4,1222,3.5239
1995,8,1,5,1311,1.7344
1995,8,2,1,271,3.3560
1995,8,2,2,327,0.7303
1995,8,2,3,399,1.8031
1995,8,2,4,467,0.5151
1995,8,2,5,425,-0.3861
1995,8,3,1,237,1.4736
1995,8,3,2,302,-0.2713
1995,8,3,3,332,-0.1582
1995,8,3,4,293,0.0307
1995,8,3,5,230,-1.8700
1995,9,1,1,754,2.7143
1995,9,1,2,852,2.9159
1995,9,1,3,1023,2.7774
1995,9,1,4,1239,1.7184
1995,9,1,5,1343,1.9799
1995,9,2,1,286,1.9736
1995,9,2,2,341,2.2289
1995,9,2,3,419,2.8773
1995,9,2,4,473,1.4948
1995,9,2,5,435,1.7805
1995,9,3,1,241,4.9041
1995,9,3,2,307,2.0364
1995,9,3,3,338,4.7983
1995,9,3,4,303,2.9120
1995,9,3,5,233,2.5514
1995,10,1,1,744,-6.5356
1995,10,1,2,839,-5.8938
1995,10,1,3,1006,-6.5999
1995,10,1,4,1201,-6.3981
1995,10,1,5,1306,-4.6072
1995,10,2,1,284,-5.6920
1995,10,2,2,337,-5.2748
1995,10,2,3,417,-4.8159
1995,10,2,4,458,-6.3719
1995,10,2,5,436,-5.3192
1995,10,3,1,237,0.0759
1995,10,3,2,308,-0.2826
1995,10,3,3,334,0.4928
1995,10,3,4,298,-0.5410
1995,10,3,5,232,-2.0743
1995,11,1,1,741,1.1944
1995,11,1,2,864,1.5549
1995,11,1,3,1023,0.9705
1995,11,1,4,1212,2.7233
1995,11,1,5,1315,2.3791
1995,11,2,1,298,4.5698
1995,11,2,2,359,5.4153
1995,11,2,3,427,5.6037
1995,11,2,4,482,3.7118
1995,11,2,5,448,4.0910
1995,11,3,1,242,3.2265
1995,11,3,2,327,4.5720
1995,11,3,3,344,4.2805
1995,11,3,4,303,2.3109
1995,11,3,5,237,4.4719
1995,12,1,1,767,8.9779
1995,12,1,2,894,1.2719
1995,12,1,3,1058,1.2873
1995,12,1,4,1248,-0.3186
1995,12,1,5,1323,-0.5019
1995,12,2,1,307,6.6300
1995,12,2,2,369,2.7212
1995,12,2,3,429,2.4138
1995,12,2,4,486,-0.0472
1995,12,2,5,460,0.2206
1995,12,3,1,244,5.0082
1995,12,3,2,328,1.8281
1995,12,3,3,354,0.7493
1995,12,3,4,302,-0.9610
1995,12,3,5,241,-0.9420
1996,1,1,1,752,5.1709
1996,1,1,2,879,2.2054
1996,1,1,3,1043,-0.6485
1996,1,1,4,1229,-0.3609
1996,1,1,5,1305,-0.5779
1996,1,2,1,312,2.9190
1996,1,2,2,366,-0.0195
1996,1,2,3,425,-0.5456
1996,1,2,4,474,-0.2321
1996,1,2,5,459,-3.1395
1996,1,3,1,242,2.5496
1996,1,3,2,324,4.1428
1996,1,3,3,350,3.0154
1996,1,3,4,290,2.4043
1996,1,3,5,236,-0.3690
1996,2,1,1,758,2.7357
1996,2,1,2,869,3.6195
1996,2,1,3,1048,3.5356
1996,2,1,4,1230,3.6387
1996,2,1,5,1301,3.5826
1996,2,2,1,327,1.5780
1996,2,2,2,374,3.7249
1996,2,2,3,435,4.4351
1996,2,2,4,479,3.8582
1996,2,2,5,466,6.1116
1996,2,3,1,248,-1.0031
1996,2,3,2,333,0.5793
1996,2,3,3,368,2.0784
1996,2,3,4,305,3.1447
1996,2,3,5,243,4.1024
1996,3,1,1,764,1.5902
1996,3,1,2,883,3.0872
1996,3,1,3,1072,4.4024
1996,3,1,4,1249,2.7227
1996,3,1,5,1299,4.4300
1996,3,2,1,337,1.7811
1996,3,2,2,383,2.5207
1996,3,2,3,459,1.6665
1996,3,2,4,485,1.7065
1996,3,2,5,470,4.8266
1996,3,3,1,258,0.7614
1996,3,3,2,335,1.1652
1996,3,3,3,373,1.1514
1996,3,3,4,307,0.2781
1996,3,3,5,244,1.8631
1996,4,1,1,759,7.1846
1996,4,1,2,857,10.0449
1996,4,1,3,1053,10.3191
1996,4,1,4,1245,8.9691
1996,4,1,5,1286,9.6767
1996,4,2,1,335,4.8782
1996,4,2,2,372,7.9560
1996,4,2,3,445,6.6794
1996,4,2,4,472,6.4997
1996,4,2,5,467,9.3475
1996,4,3,1,254,0.1078
1996,4,3,2,323,1.7492
1996,4,3,3,362,2.5662
1996,4,3,4,303,4.5871
1996,4,3,5,238,5.4017
1996,5,1,1,787,8.3654
1996,5,1,2,889,7.5725
1996,5,1,3,1067,10.1572
1996,5,1,4,1269,7.7197
1996,5,1,5,1302,9.3727
1996,5,2,1,358,3.5407
1996,5,2,2,394,3.6202
1996,5,2,3,474,4.4178
1996,5,2,4,498,3.9003
1996,5,2,5,479,7.5413
1996,5,3,1,270,2.0353
1996,5,3,2,348,1.7354
1996,5,3,3,390,3.3809
1996,5,3,4,313,1.7807
1996,5,3,5,254,5.0266
1996,6,1,1,815,-7.0256
1996,6,1,2,935,-6.9546
1996,6,1,3,1097,-6.8819
1996,6,1,4,1301,-5.5423
1996,6,1,5,1324,-4.8250
1996,6,2,1,374,-3.0632
1996,6,2,2,407,-4.4942
1996,6,2,3,485,-4.9857
1996,6,2,4,524,-4.6011
1996,6,2,5,492,-4.8613
1996,6,3,1,272,1.5297
1996,6,3,2,353,-1.5390
1996,6,3,3,395,0.7710
1996,6,3,4,321,-1.7339
1996,6,3,5,254,-1.2725
1996,7,1,1,776,-11.8513
1996,7,1,2,894,-11.4722
1996,7,1,3,1047,-11.2061
1996,7,1,4,1252,-9.6403
1996,7,1,5,1300,-8.9148
1996,7,2,1,372,-10.6125
1996,7,2,2,400,-10.3771
1996,7,2,3,482,-8.1734
1996,7,2,4,515,-8.6830
1996,7,2,5,484,-11.2363
1996,7,3,1,269,-6.5662
1996,7,3,2,343,-4.6068
1996,7,3,3,386,-3.8623
1996,7,3,4,315,-6.1476
1996,7,3,5,251,-6.8654
1996,8,1,1,801,5.3542
1996,8,1,2,921,5.1774
1996,8,1,3,1055,4.2020
1996,8,1,4,1270,3.6414
1996,8,1,5,1315,5.1995
1996,8,2,1,384,5.6665
1996,8,2,2,406,6.1649
1996,8,2,3,509,5.4927
1996,8,2,4,532,6.0666
1996,8,2,5,491,6.3882
1996,8,3,1,276,1.4621
1996,8,3,2,351,2.5943
1996,8,3,3,387,2.0963
1996,8,3,4,323,2.5682
1996,8,3,5,259,5.7412
1996,9,1,1,837,2.9860
1996,9,1,2,947,1.6158
1996,9,1,3,1088,2.7662
1996,9,1,4,1297,2.3342
1996,9,1,5,1337,4.1501
1996,9,2,1,396,3.9575
1996,9,2,2,420,4.7108
1996,9,2,3,504,3.9090
1996,9,2,4,536,3.7883
1996,9,2,5,493,4.9220
1996,9,3,1,284,3.5108
1996,9,3,2,361,4.7072
1996,9,3,3,389,6.3422
1996,9,3,4,324,6.5606
1996,9,3,5,262,7.1376
1996,10,1,1,828,-4.2827
1996,10,1,2,907,-4.3270
1996,10,1,3,1058,-1.6454
1996,10,1,4,1272,-1.2322
1996,10,1,5,1307,-1.9659
1996,10,2,1,396,-2.1722
1996,10,2,2,406,-2.1096
1996,10,2,3,488,-2.6803
1996,10,2,4,525,-1.4794
1996,10,2,5,486,-2.7039
1996,10,3,1,284,2.7394
1996,10,3,2,353,1.1985
1996,10,3,3,381,2.2038
1996,10,3,4,309,-1.4288
1996,10,3,5,258,-0.5092
1996,11,1,1,862,0.8735
1996,11,1,2,951,3.2083
1996,11,1,3,1087,2.0951
1996,11,1,4,1290,3.0791
1996,11,1,5,1319,1.9563
1996,11,2,1,406,1.7351
1996,11,2,2,428,4.1445
1996,11,2,3,502,3.3008
1996,11,2,4,545,3.8179
1996,11,2,5,491,2.1695
1996,11,3,1,298,5.0653
1996,11,3,2,370,8.0167
1996,11,3,3,398,7.8649
1996,11,3,4,324,7.8776
1996,11,3,5,264,4.6405
1996,12,1,1,889,0.7120
1996,12,1,2,1002,0.1417
1996,12,1,3,1105,0.7149
1996,12,1,4,1313,2.9652
1996,12,1,5,1338,1.6080
1996,12,2,1,410,1.3091
1996,12,2,2,439,1.3761
1996,12,2,3,513,2.6947
1996,12,2,4,552,2.0321
1996,12,2,5,493,1.7270
1996,12,3,1,302,-1.2396
1996,12,3,2,377,-1.8087
1996,12,3,3,401,-0.4264
1996,12,3,4,325,-2.2229
1996,12,3,5,266,-3.2620
1997,1,1,1,882,6.6653
1997,1,1,2,984,4.7902
1997,1,1,3,1079,5.9055
1997,1,1,4,1298,3.9670
1997,1,1,5,1322,4.9103
1997,1,2,1,403,3.6515
1997,1,2,2,436,2.0755
1997,1,2,3,492,4.0023
1997,1,2,4,544,2.5949
1997,1,2,5,481,1.3213
1997,1,3,1,297,3.2314
1997,1,3,2,362,5.2440
1997,1,3,3,388,8.1366
1997,1,3,4,323,5.1223
1997,1,3,5,260,3.4931
1997,2,1,1,904,-3.9050
1997,2,1,2,1002,-4.8235
1997,2,1,3,1090,-3.3652
1997,2,1,4,1284,-3.7810
1997,2,1,5,1303,-3.0438
1997,2,2,1,416,-3.9081
1997,2,2,2,434,-3.9438
1997,2,2,3,502,-4.1572
1997,2,2,4,550,-4.6083
1997,2,2,5,490,-4.0242
1997,2,3,1,307,-0.2132
1997,2,3,2,372,0.0564
1997,2,3,3,390,-0.3599
1997,2,3,4,339,-1.6842
1997,2,3,5,267,-1.3889
1997,3,1,1,935,-8.0322
1997,3,1,2,1032,-6.6400
1997,3,1,3,1133,-5.0145
1997,3,1,4,1297,-3.8276
1997,3,1,5,1304,-4.7998
1997,3,2,1,420,-7.3397
1997,3,2,2,439,-5.5569
1997,3,2,3,515,-5.5543
1997,3,2,4,556,-3.8227
1997,3,2,5,501,-4.5533
1997,3,3,1,312,-3.7644
1997,3,3,2,386,-4.4963
1997,3,3,3,399,-4.1253
1997,3,3,4,339,-3.0715
1997,3,3,5,266,-2.8516
1997,4,1,1,953,-7.3828
1997,4,1,2,1029,-4.2927
1997,4,1,3,1096,-2.8350
1997,4,1,4,1272,-2.4322
1997,4,1,5,1291,-3.7254
1997,4,2,1,420,-3.1363
1997,4,2,2,434,-1.4268
1997,4,2,3,495,0.1344
1997,4,2,4,547,1.1360
1997,4,2,5,487,0.9369
1997,4,3,1,303,3.2497
1997,4,3,2,373,6.3617
1997,4,3,3,374,6.4972
1997,4,3,4,323,3.5685
1997,4,3,5,262,2.7938
1997,5,1,1,993,10.8021
1997,5,1,2,1072,11.3803
1997,5,1,3,1116,11.7909
1997,5,1,4,1324,10.5669
1997,5,1,5,1303,11.4929
1997,5,2,1,424,12.9451
1997,5,2,2,449,14.9488
1997,5,2,3,499,13.4435
1997,5,2,4,561,12.9334
1997,5,2,5,489,14.1389
1997,5,3,1,320,6.3380
1997,5,3,2,391,6.3493
1997,5,3,3,391,6.0658
1997,5,3,4,339,7.7333
1997,5,3,5,272,9.6910
1997,6,1,1,1062,2.2939
1997,6,1,2,1120,2.9115
1997,6,1,3,1154,4.8942
1997,6,1,4,1354,6.1309
1997,6,1,5,1352,5.7434
1997,6,2,1,422,3.5558
1997,6,2,2,452,5.0772
1997,6,2,3,498,4.2979
1997,6,2,4,561,5.7230
1997,6,2,5,486,5.6540
1997,6,3,1,318,4.4210
1997,6,3,2,393,3.7075
1997,6,3,3,391,4.0694
1997,6,3,4,344,3.6418
1997,6,3,5,276,3.9170
1997,7,1,1,1027,2.9853
1997,7,1,2,1081,5.7458
1997,7,1,3,1101,7.1916
1997,7,1,4,1273,7.0851
1997,7,1,5,1289,6.4087
1997,7,2,1,399,3.8737
1997,7,2,2,423,5.6457
1997,7,2,3,471,7.8133
1997,7,2,4,529,5.9513
1997,7,2,5,460,5.0717
1997,7,3,1,312,5.5249
1997,7,3,2,382,6.2897
1997,7,3,3,375,6.9818
1997,7,3,4,331,8.9198
1997,7,3,5,273,11.7197
1997,8,1,1,1033,3.5752
1997,8,1,2,1113,5.3648
1997,8,1,3,1119,5.3724
1997,8,1,4,1293,5.9720
1997,8,1,5,1301,5.2495
1997,8,2,1,396,3.1127
1997,8,2,2,440,3.2218
1997,8,2,3,476,3.4460
1997,8,2,4,529,3.1131
1997,8,2,5,473,3.0441
1997,8,3,1,320,-3.5947
1997,8,3,2,402,-4.2877
1997,8,3,3,391,-5.0045
1997,8,3,4,332,-5.1136
1997,8,3,5,282,-1.7612
1997,9,1,1,1061,11.3242
1997,9,1,2,1145,8.6905
1997,9,1,3,1157,8.6892
1997,9,1,4,1317,8.4135
1997,9,1,5,1321,9.2278
1997,9,2,1,393,10.8231
1997,9,2,2,440,7.0157
1997,9,2,3,469,6.7177
1997,9,2,4,533,6.5339
1997,9,2,5,463,7.1524
1997,9,3,1,319,6.2525
1997,9,3,2,401,4.6132
1997,9,3,3,392,4.2756
1997,9,3,4,332,4.1051
1997,9,3,5,283,5.3855
1997,10,1,1,1041,-4.2645
1997,10,1,2,1112,-4.6222
1997,10,1,3,1134,-3.9714
1997,10,1,4,1301,-4.3657
1997,10,1,5,1299,-4.3891
1997,10,2,1,378,-3.7051
1997,10,2,2,427,-5.5281
1997,10,2,3,447,-6.0101
1997,10,2,4,511,-4.9131
1997,10,2,5,460,-5.9068
1997,10,3,1,315,-1.8851
1997,10,3,2,393,-3.1557
1997,10,3,3,371,-4.5432
1997,10,3,4,317,-3.7842
1997,10,3,5,279,-4.4253
1997,11,1,1,1063,-5.3966
1997,11,1,2,1132,-3.5835
1997,11,1,3,1193,-3.2814
1997,11,1,4,1290,-2.0996
1997,11,1,5,1280,-0.5131
1997,11,2,1,387,-2.4846
1997,11,2,2,430,-2.8937
1997,11,2,3,453,-1.8032
1997,11,2,4,529,-1.9321
1997,11,2,5,472,-0.0132
1997,11,3,1,324,5.0053
1997,11,3,2,413,4.2895
1997,11,3,3,384,4.5569
1997,11,3,4,330,2.8053
1997,11,3,5,277,3.4476
1997,12,1,1,1106,-5.3924
1997,12,1,2,1157,-4.0797
1997,12,1,3,1233,-3.5726
1997,12,1,4,1319,-1.7914
1997,12,1,5,1304,-3.2593
1997,12,2,1,384,2.0691
1997,12,2,2,421,-0.6388
1997,12,2,3,451,0.3074
1997,12,2,4,520,-0.2345
1997,12,2,5,479,-0.1754
1997,12,3,1,325,4.0123
1997,12,3,2,416,2.3689
1997,12,3,3,387,-0.8151
1997,12,3,4,332,0.3028
1997,12,3,5,280,-0.9089
1998,1,1,1,1085,-0.5159
1998,1,1,2,1127,0.3967
1998,1,1,3,1199,-0.0241
1998,1,1,4,1275,-1.1387
1998,1,1,5,1278,-0.1024
1998,1,2,1,378,-2.1597
1998,1,2,2,409,-2.2873
1998,1,2,3,436,-0.4240
1998,1,2,4,504,-0.7429
1998,1,2,5,474,0.2687
1998,1,3,1,326,0.3813
1998,1,3,2,405,2.2526
1998,1,3,3,379,2.7779
1998,1,3,4,323,-0.6640
1998,1,3,5,279,1.5543
1998,2,1,1,1076,5.9499
1998,2,1,2,1117,7.2992
1998,2,1,3,1185,5.1965
1998,2,1,4,1280,6.6787
1998,2,1,5,1268,7.6128
1998,2,2,1,373,6.5232
1998,2,2,2,412,9.3761
1998,2,2,3,448,8.1103
1998,2,2,4,493,8.8668
1998,2,2,5,470,9.5387
1998,2,3,1,327,4.2427
1998,2,3,2,406,6.1188
1998,2,3,3,391,7.0246
1998,2,3,4,316,8.8694
1998,2,3,5,284,10.9784
1998,3,1,1,1075,5.0161
1998,3,1,2,1125,5.4309
1998,3,1,3,1205,3.9547
1998,3,1,4,1298,5.6172
1998,3,1,5,1288,5.1465
1998,3,2,1,378,5.0610
1998,3,2,2,416,4.0349
1998,3,2,3,455,3.9278
1998,3,2,4,501,4.5866
1998,3,2,5,477,4.2290
1998,3,3,1,328,7.6507
1998,3,3,2,414,5.2488
1998,3,3,3,396,4.1297
1998,3,3,4,325,3.5701
1998,3,3,5,292,3.1414
1998,4,1,1,1054,1.1422
1998,4,1,2,1076,1.5833
1998,4,1,3,1157,2.4950
1998,4,1,4,1280,2.5663
1998,4,1,5,1266,3.7473
1998,4,2,1,365,-0.0024
1998,4,2,2,396,2.4633
1998,4,2,3,436,0.7318
1998,4,2,4,485,0.1050
1998,4,2,5,472,0.2983
1998,4,3,1,316,0.9959
1998,4,3,2,400,1.1861
1998,4,3,3,391,0.2989
1998,4,3,4,310,1.6992
1998,4,3,5,293,2.1394
1998,5,1,1,1080,-6.2693
1998,5,1,2,1070,-6.4284
1998,5,1,3,1213,-5.7538
1998,5,1,4,1300,-4.5207
1998,5,1,5,1264,-5.1520
1998,5,2,1,363,-7.0948
1998,5,2,2,408,-6.9032
1998,5,2,3,455,-5.6686
1998,5,2,4,500,-5.9222
1998,5,2,5,474,-6.2630
1998,5,3,1,331,-2.3865
1998,5,3,2,417,-2.7582
1998,5,3,3,407,-2.1677
1998,5,3,4,337,-3.2969
1998,5,3,5,300,-0.1105
1998,6,1,1,1121,-3.6385
1998,6,1,2,1124,-2.0529
1998,6,1,3,1251,-2.4300
1998,6,1,4,1341,-1.5990
1998,6,1,5,1301,-0.5495
1998,6,2,1,374,0.6374
1998,6,2,2,415,-0.8472
1998,6,2,3,449,-1.2591
1998,6,2,4,507,-0.0705
1998,6,2,5,477,1.9438
1998,6,3,1,331,3.7850
1998,6,3,2,416,3.1910
1998,6,3,3,410,4.2677
1998,6,3,4,334,3.2800
1998,6,3,5,304,6.4189
1998,7,1,1,1038,-7.9328
1998,7,1,2,1056,-6.3319
1998,7,1,3,1199,-7.8530
1998,7,1,4,1275,-7.1886
1998,7,1,5,1236,-6.5890
1998,7,2,1,349,-6.8528
1998,7,2,2,411,-8.6769
1998,7,2,3,409,-8.7729
1998,7,2,4,495,-8.2161
1998,7,2,5,464,-8.6202
1998,7,3,1,315,-2.8497
1998,7,3,2,389,-0.5788
1998,7,3,3,390,-1.2254
1998,7,3,4,324,-5.0290
1998,7,3,5,307,-0.0706
1998,8,1,1,1039,-24.4247
1998,8,1,2,1076,-22.0281
1998,8,1,3,1218,-20.2539
1998,8,1,4,1288,-20.9237
1998,8,1,5,1256,-21.0356
1998,8,2,1,368,-21.8983
1998,8,2,2,432,-21.4621
1998,8,2,3,445,-18.6314
1998,8,2,4,505,-18.9984
1998,8,2,5,475,-20.9963
1998,8,3,1,321,-11.1658
1998,8,3,2,406,-12.9650
1998,8,3,3,403,-13.3504
1998,8,3,4,342,-14.6726
1998,8,3,5,320,-14.3678
1998,9,1,1,1063,8.5615
1998,9,1,2,1098,6.1007
1998,9,1,3,1264,3.1196
1998,9,1,4,1306,2.4168
1998,9,1,5,1276,4.1707
1998,9,2,1,376,13.3225
1998,9,2,2,434,9.2799
1998,9,2,3,454,6.5294
1998,9,2,4,514,5.2634
1998,9,2,5,479,6.9927
1998,9,3,1,328,6.5739
1998,9,3,2,410,9.9989
1998,9,3,3,402,7.0769
1998,9,3,4,344,6.2139
1998,9,3,5,323,6.7822
1998,10,1,1,1035,1.5208
1998,10,1,2,1051,3.1343
1998,10,1,3,1214,3.2058
1998,10,1,4,1259,4.7169
1998,10,1,5,1248,2.4457
1998,10,2,1,375,4.2335
1998,10,2,2,417,6.2446
1998,10,2,3,438,4.1834
1998,10,2,4,501,4.9050
1998,10,2,5,470,4.7801
1998,10,3,1,328,5.4844
1998,10,3,2,396,5.2679
1998,10,3,3,386,8.6815
1998,10,3,4,336,8.4468
1998,10,3,5,318,9.8546
1998,11,1,1,1033,8.8644
1998,11,1,2,1067,9.4341
1998,11,1,3,1256,10.5795
1998,11,1,4,1274,8.0514
1998,11,1,5,1241,9.0916
1998,11,2,1,380,1.0886
1998,11,2,2,433,8.7983
1998,11,2,3,459,6.2720
1998,11,2,4,513,6.7182
1998,11,2,5,466,9.2931
1998,11,3,1,333,3.7779
1998,11,3,2,404,7.3818
1998,11,3,3,406,6.0687
1998,11,3,4,355,6.0114
1998,11,3,5,324,7.9084
1998,12,1,1,1043,1.8719
1998,12,1,2,1096,2.5273
1998,12,1,3,1268,3.0655
1998,12,1,4,1305,3.4356
1998,12,1,5,1262,3.6502
1998,12,2,1,386,6.6926
1998,12,2,2,450,5.9790
1998,12,2,3,470,6.2949
1998,12,2,4,514,5.9142
1998,12,2,5,476,6.0159
1998,12,3,1,339,8.3816
1998,12,3,2,405,7.4830
1998,12,3,3,407,3.0870
1998,12,3,4,357,8.6235
1998,12,3,5,321,14.2272
1999,1,1,1,1021,9.8815
1999,1,1,2,1070,8.4676
1999,1,1,3,1236,5.4844
1999,1,1,4,1289,5.2437
1999,1,1,5,1229,4.2527
1999,1,2,1,385,5.6673
1999,1,2,2,440,5.2497
1999,1,2,3,456,2.1309
1999,1,2,4,506,-0.6714
1999,1,2,5,472,-0.0390
1999,1,3,1,339,3.2768
1999,1,3,2,395,6.8724
1999,1,3,3,397,1.9149
1999,1,3,4,349,4.2763
1999,1,3,5,329,5.9959
1999,2,1,1,1003,-8.2791
1999,2,1,2,1047,-6.8407
1999,2,1,3,1209,-7.5011
1999,2,1,4,1267,-7.1644
1999,2,1,5,1196,-7.7932
1999,2,2,1,390,-8.7901
1999,2,2,2,449,-9.8566
1999,2,2,3,464,-9.2941
1999,2,2,4,506,-9.0791
1999,2,2,5,473,-9.5898
1999,2,3,1,349,-2.6016
1999,2,3,2,400,-5.0119
1999,2,3,3,405,-3.9306
1999,2,3,4,367,-6.7929
1999,2,3,5,338,-4.0197
1999,3,1,1,1005,1.2462
1999,3,1,2,1036,-2.1074
1999,3,1,3,1249,-3.2912
1999,3,1,4,1282,-4.6076
1999,3,1,5,1193,-6.2913
1999,3,2,1,396,6.8859
1999,3,2,2,458,3.0768
1999,3,2,3,486,0.8387
1999,3,2,4,516,-0.3742
1999,3,2,5,473,-3.1278
1999,3,3,1,353,5.8399
1999,3,3,2,410,3.8872
1999,3,3,3,412,3.1576
1999,3,3,4,376,1.6786
1999,3,3,5,343,5.6855
1999,4,1,1,964,10.4124
1999,4,1,2,1001,9.8642
1999,4,1,3,1206,9.1862
1999,4,1,4,1243,10.5213
1999,4,1,5,1157,8.7362
1999,4,2,1,382,12.1751
1999,4,2,2,441,7.8768
1999,4,2,3,484,7.5918
1999,4,2,4,514,9.0737
1999,4,2,5,460,6.8024
1999,4,3,1,336,4.4343
1999,4,3,2,396,2.3070
1999,4,3,3,387,5.1277
1999,4,3,4,361,5.6101
1999,4,3,5,332,-0.2266
1999,5,1,1,951,1.5414
1999,5,1,2,1007,4.4158
1999,5,1,3,1196,3.9868
1999,5,1,4,1264,5.2466
1999,5,1,5,1170,3.4906
1999,5,2,1,393,1.0793
1999,5,2,2,463,2.6503
1999,5,2,3,493,2.4737
1999,5,2,4,512,4.3394
1999,5,2,5,473,3.7104
1999,5,3,1,359,-0.9873
1999,5,3,2,416,-1.9437
1999,5,3,3,403,-0.8550
1999,5,3,4,376,-1.0393
1999,5,3,5,332,-4.4882
1999,6,1,1,962,5.5449
1999,6,1,2,1035,7.2441
1999,6,1,3,1198,5.9251
1999,6,1,4,1268,5.5743
1999,6,1,5,1176,4.4168
1999,6,2,1,393,7.1652
1999,6,2,2,465,9.7543
1999,6,2,3,489,6.4608
1999,6,2,4,514,7.2205
1999,6,2,5,467,5.1648
1999,6,3,1,358,3.4737
1999,6,3,2,412,6.2959
1999,6,3,3,409,4.9244
1999,6,3,4,367,6.3276
1999,6,3,5,336,7.5024
1999,7,1,1,862,1.4441
1999,7,1,2,979,0.9902
1999,7,1,3,1111,1.3798
1999,7,1,4,1204,0.4198
1999,7,1,5,1111,-0.1930
1999,7,2,1,363,2.0468
1999,7,2,2,441,-0.1416
1999,7,2,3,461,-2.4491
1999,7,2,4,489,-1.2997
1999,7,2,5,453,-2.7037
1999,7,3,1,332,-2.0072
1999,7,3,2,384,-2.7107
1999,7,3,3,387,-1.7658
1999,7,3,4,349,-3.6148
1999,7,3,5,320,-3.6439
1999,8,1,1,848,0.6433
1999,8,1,2,991,-1.1304
1999,8,1,3,1109,-0.9529
1999,8,1,4,1188,-1.5065
1999,8,1,5,1098,-4.7223
1999,8,2,1,368,1.0822
1999,8,2,2,453,-0.3939
1999,8,2,3,476,-2.7203
1999,8,2,4,493,-3.0286
1999,8,2,5,453,-4.7647
1999,8,3,1,342,-1.9877
1999,8,3,2,404,0.8343
1999,8,3,3,401,1.3816
1999,8,3,4,357,-0.1850
1999,8,3,5,323,-1.1897
1999,9,1,1,850,1.8365
1999,9,1,2,1008,-0.6478
1999,9,1,3,1136,-2.6435
1999,9,1,4,1192,0.1550
1999,9,1,5,1116,-1.7014
1999,9,2,1,366,0.9027
1999,9,2,2,458,1.1273
1999,9,2,3,478,0.3597
1999,9,2,4,492,-1.0043
1999,9,2,5,457,-0.2871
1999,9,3,1,341,0.6708
1999,9,3,2,410,-1.8092
1999,9,3,3,403,-4.5026
1999,9,3,4,359,-3.0105
1999,9,3,5,322,-0.2247
1999,10,1,1,818,-0.7332
1999,10,1,2,929,0.7114
1999,10,1,3,1068,-1.1139
1999,10,1,4,1131,-0.1308
1999,10,1,5,1083,-2.3238
1999,10,2,1,370,1.4308
1999,10,2,2,438,1.2339
1999,10,2,3,461,-0.7758
1999,10,2,4,475,-0.3091
1999,10,2,5,439,-2.6621
1999,10,3,1,337,8.6990
1999,10,3,2,394,4.2297
1999,10,3,3,387,4.4528
1999,10,3,4,352,4.0193
1999,10,3,5,309,5.5698
1999,11,1,1,818,17.2969
1999,11,1,2,916,14.4659
1999,11,1,3,1056,13.4483
1999,11,1,4,1119,12.7944
1999,11,1,5,1093,9.4920
1999,11,2,1,395,8.2285
1999,11,2,2,449,11.7496
1999,11,2,3,480,9.6636
1999,11,2,4,487,9.1684
1999,11,2,5,450,5.1382
1999,11,3,1,356,0.4149
1999,11,3,2,413,1.5524
1999,11,3,3,424,6.1494
1999,11,3,4,371,6.9062
1999,11,3,5,320,6.6513
1999,12,1,1,850,24.9731
1999,12,1,2,955,17.8551
1999,12,1,3,1078,14.8780
1999,12,1,4,1132,15.7417
1999,12,1,5,1103,7.7752
1999,12,2,1,407,16.2752
1999,12,2,2,447,15.0392
1999,12,2,3,487,10.8307
1999,12,2,4,495,10.6985
1999,12,2,5,446,9.0458
1999,12,3,1,378,9.9547
1999,12,3,2,421,11.6191
1999,12,3,3,431,3.2984
1999,12,3,4,379,10.6700
1999,12,3,5,324,10.5588
2000,1,1,1,816,16.3488
2000,1,1,2,914,8.7741
2000,1,1,3,1039,7.7494
2000,1,1,4,1115,5.4213
2000,1,1,5,1084,1.7240
2000,1,2,1,422,2.2788
2000,1,2,2,441,2.4291
2000,1,2,3,478,-0.2642
2000,1,2,4,499,-2.4689
2000,1,2,5,448,-7.5939
2000,1,3,1,383,-3.3458
2000,1,3,2,417,-5.2141
2000,1,3,3,424,-1.4868
2000,1,3,4,385,-5.1323
2000,1,3,5,315,-10.4866
2000,2,1,1,809,49.0213
2000,2,1,2,885,30.9095
2000,2,1,3,1004,27.8767
2000,2,1,4,1113,18.7487
2000,2,1,5,1074,11.8524
2000,2,2,1,444,27.5586
2000,2,2,2,455,22.3664
2000,2,2,3,473,20.1199
2000,2,2,4,508,12.6373
2000,2,2,5,453,9.5403
2000,2,3,1,413,1.2174
2000,2,3,2,441,2.1696
2000,2,3,3,431,2.2392
2000,2,3,4,402,5.8330
2000,2,3,5,324,0.3732
2000,3,1,1,817,-18.8183
2000,3,1,2,884,-6.8383
2000,3,1,3,1009,-5.8044
2000,3,1,4,1131,-3.7460
2000,3,1,5,1071,-1.5823
2000,3,2,1,485,-13.1758
2000,3,2,2,483,-7.9450
2000,3,2,3,502,-3.4552
2000,3,2,4,529,-2.2143
2000,3,2,5,464,1.8333
2000,3,3,1,480,4.9951
2000,3,3,2,466,8.0520
2000,3,3,3,451,5.9527
2000,3,3,4,419,4.6487
2000,3,3,5,326,11.8830
2000,4,1,1,817,-21.9347
2000,4,1,2,871,-17.8507
2000,4,1,3,962,-14.5930
2000,4,1,4,1092,-12.5970
2000,4,1,5,1059,-13.2490
2000,4,2,1,503,-15.0311
2000,4,2,2,475,-10.1508
2000,4,2,3,476,-7.9684
2000,4,2,4,517,-7.0877
2000,4,2,5,470,-3.7021
2000,4,3,1,467,-5.6608
2000,4,3,2,452,-8.0580
2000,4,3,3,430,-2.7902
2000,4,3,4,405,-0.0857
2000,4,3,5,313,-3.0854
2000,5,1,1,865,-10.1676
2000,5,1,2,887,-12.4799
2000,5,1,3,961,-8.9314
2000,5,1,4,1102,-8.6105
2000,5,1,5,1048,-9.6863
2000,5,2,1,551,-5.6911
2000,5,2,2,498,-6.8937
2000,5,2,3,511,-4.4816
2000,5,2,4,544,-5.5260
2000,5,2,5,473,-7.5605
2000,5,3,1,499,-4.6276
2000,5,3,2,477,-5.2104
2000,5,3,3,459,-3.8585
2000,5,3,4,422,-4.6447
2000,5,3,5,322,-4.7158
2000,6,1,1,916,22.1530
2000,6,1,2,924,18.0209
2000,6,1,3,1001,15.4003
2000,6,1,4,1134,15.6684
2000,6,1,5,1062,9.7054
2000,6,2,1,578,16.7203
2000,6,2,2,512,14.7973
2000,6,2,3,523,11.2336
2000,6,2,4,546,9.9679
2000,6,2,5,473,6.4260
2000,6,3,1,513,5.4057
2000,6,3,2,485,6.0293
2000,6,3,3,464,4.7816
2000,6,3,4,425,7.2826
2000,6,3,5,329,1.5066
2000,7,1,1,858,-6.8975
2000,7,1,2,867,-5.3404
2000,7,1,3,946,-3.5062
2000,7,1,4,1065,-4.2990
2000,7,1,5,1016,-1.6641
2000,7,2,1,555,-8.2044
2000,7,2,2,491,-5.8705
2000,7,2,3,495,-3.7212
2000,7,2,4,538,-3.9205
2000,7,2,5,453,-1.6482
2000,7,3,1,510,-4.8664
2000,7,3,2,469,-5.0385
2000,7,3,3,442,-2.4108
2000,7,3,4,404,-1.8385
2000,7,3,5,322,-1.7033
2000,8,1,1,870,11.9818
2000,8,1,2,858,8.5562
2000,8,1,3,956,7.5200
2000,8,1,4,1051,8.0379
2000,8,1,5,1005,7.4260
2000,8,2,1,598,12.3155
2000,8,2,2,510,8.5961
2000,8,2,3,508,9.8537
2000,8,2,4,540,6.9258
2000,8,2,5,461,7.7677
2000,8,3,1,543,9.7116
2000,8,3,2,498,6.5196
2000,8,3,3,453,6.2775
2000,8,3,4,412,9.3599
2000,8,3,5,321,1.1435
2000,9,1,1,899,-2.3985
2000,9,1,2,883,-2.5574
2000,9,1,3,980,-3.2623
2000,9,1,4,1064,-4.4724
2000,9,1,5,995,-3.6927
2000,9,2,1,624,-4.9389
2000,9,2,2,520,-3.2935
2000,9,2,3,512,-3.8527
2000,9,2,4,535,-2.4625
2000,9,2,5,465,-3.7599
2000,9,3,1,555,-4.8591
2000,9,3,2,501,-11.7871
2000,9,3,3,453,-5.0230
2000,9,3,4,415,-3.4850
2000,9,3,5,323,-2.5539
2000,10,1,1,894,-11.3704
2000,10,1,2,846,-8.3047
2000,10,1,3,952,-7.9364
2000,10,1,4,1020,-8.4610
2000,10,1,5,967,-6.4953
2000,10,2,1,620,-8.9255
2000,10,2,2,505,-6.3346
2000,10,2,3,494,-5.5688
2000,10,2,4,512,-2.0571
2000,10,2,5,458,-1.9140
2000,10,3,1,547,-6.4789
2000,10,3,2,479,-0.2801
2000,10,3,3,437,1.7132
2000,10,3,4,401,-2.7242
2000,10,3,5,313,-1.6134
2000,11,1,1,910,-17.0952
2000,11,1,2,841,-15.1524
2000,11,1,3,943,-11.3397
2000,11,1,4,1005,-10.1544
2000,11,1,5,942,-8.5712
2000,11,2,1,649,-16.7376
2000,11,2,2,526,-13.7212
2000,11,2,3,503,-9.9068
2000,11,2,4,520,-10.3571
2000,11,2,5,445,-5.4133
2000,11,3,1,562,-15.9202
2000,11,3,2,512,-12.3989
2000,11,3,3,450,-4.0289
2000,11,3,4,408,-12.0656
2000,11,3,5,319,-6.9503
2000,12,1,1,963,-1.5810
2000,12,1,2,871,-2.8386
2000,12,1,3,966,-0.8982
2000,12,1,4,1010,-1.9162
2000,12,1,5,942,-0.6942
2000,12,2,1,686,3.9259
2000,12,2,2,538,10.3152
2000,12,2,3,505,8.2998
2000,12,2,4,519,7.5643
2000,12,2,5,441,5.2091
2000,12,3,1,560,-1.1749
2000,12,3,2,509,-2.3478
2000,12,3,3,443,-0.4574
2000,12,3,4,413,1.2568
2000,12,3,5,315,3.7486
2001,1,1,1,972,20.6490
2001,1,1,2,842,23.0481
2001,1,1,3,942,19.6894
2001,1,1,4,983,18.0134
2001,1,1,5,917,18.8444
2001,1,2,1,679,9.6016
2001,1,2,2,525,6.3301
2001,1,2,3,488,8.4416
2001,1,2,4,504,8.7680
2001,1,2,5,436,10.3641
2001,1,3,1,557,7.1055
2001,1,3,2,477,6.6464
2001,1,3,3,423,-0.1314
2001,1,3,4,398,1.4346
2001,1,3,5,302,7.7402
2001,2,1,1,966,-13.3241
2001,2,1,2,827,-7.4766
2001,2,1,3,908,-7.1416
2001,2,1,4,960,-3.2146
2001,2,1,5,902,-3.6471
2001,2,2,1,698,-13.5323
2001,2,2,2,520,-8.2682
2001,2,2,3,482,-5.3784
2001,2,2,4,490,-7.2066
2001,2,2,5,426,-4.1376
2001,2,3,1,566,-9.4078
2001,2,3,2,485,-12.7768
2001,2,3,3,427,-8.9815
2001,2,3,4,405,-10.7617
2001,2,3,5,295,-9.0922
2001,3,1,1,1023,-9.1676
2001,3,1,2,835,-6.4679
2001,3,1,3,932,-3.6089
2001,3,1,4,983,-2.7632
2001,3,1,5,898,-3.9980
2001,3,2,1,717,-8.3469
2001,3,2,2,531,-5.2672
2001,3,2,3,481,-4.8216
2001,3,2,4,491,-4.2742
2001,3,2,5,421,-3.8484
2001,3,3,1,540,-8.7607
2001,3,3,2,486,-8.4838
2001,3,3,3,425,-8.3230
2001,3,3,4,395,-6.7157
2001,3,3,5,291,-3.5706
2001,4,1,1,1058,6.0426
2001,4,1,2,834,5.7572
2001,4,1,3,917,6.4563
2001,4,1,4,968,4.9775
2001,4,1,5,876,8.0140
2001,4,2,1,698,8.9667
2001,4,2,2,501,8.8501
2001,4,2,3,454,8.9287
2001,4,2,4,460,7.8266
2001,4,2,5,404,9.0087
2001,4,3,1,512,12.6654
2001,4,3,2,454,9.4833
2001,4,3,3,381,7.4637
2001,4,3,4,358,8.9111
2001,4,3,5,267,6.7879
2001,5,1,1,1080,10.5381
2001,5,1,2,821,10.5473
2001,5,1,3,899,11.7874
2001,5,1,4,959,10.6847
2001,5,1,5,858,10.7131
2001,5,2,1,687,5.5461
2001,5,2,2,498,3.0023
2001,5,2,3,459,4.5491
2001,5,2,4,452,3.0643
2001,5,2,5,386,3.8395
2001,5,3,1,518,0.0892
2001,5,3,2,465,-0.1195
2001,5,3,3,393,0.7433
2001,5,3,4,364,-0.3786
2001,5,3,5,265,-0.3198
2001,6,1,1,1107,-0.1913
2001,6,1,2,834,3.1149
2001,6,1,3,930,3.6714
2001,6,1,4,994,2.8728
2001,6,1,5,873,3.5086
2001,6,2,1,696,3.6242
2001,6,2,2,505,3.9091
2001,6,2,3,452,6.5117
2001,6,2,4,456,6.1597
2001,6,2,5,385,5.9285
2001,6,3,1,521,-1.6820
2001,6,3,2,472,-2.0967
2001,6,3,3,387,-3.4154
2001,6,3,4,362,-3.5209
2001,6,3,5,266,-2.7767
2001,7,1,1,1061,-8.6703
2001,7,1,2,768,-2.2963
2001,7,1,3,863,0.4553
2001,7,1,4,943,-0.8474
2001,7,1,5,842,-0.9830
2001,7,2,1,685,-10.5838
2001,7,2,2,484,-7.7161
2001,7,2,3,422,-3.8839
2001,7,2,4,434,-3.2877
2001,7,2,5,368,-3.4785
2001,7,3,1,500,-6.6319
2001,7,3,2,436,-0.7352
2001,7,3,3,356,0.8066
2001,7,3,4,338,-1.9655
2001,7,3,5,253,2.9803
2001,8,1,1,1058,-7.5227
2001,8,1,2,803,-3.6212
2001,8,1,3,864,-2.0874
2001,8,1,4,945,-0.9699
2001,8,1,5,853,-2.3488
2001,8,2,1,697,-7.4175
2001,8,2,2,510,-5.3789
2001,8,2,3,442,-3.2825
2001,8,2,4,447,-2.4145
2001,8,2,5,373,-0.8874
2001,8,3,1,506,-7.8202
2001,8,3,2,453,-5.9323
2001,8,3,3,359,-3.7502
2001,8,3,4,340,-6.2134
2001,8,3,5,259,-8.1763
2001,9,1,1,1064,-17.7569
2001,9,1,2,836,-14.4834
2001,9,1,3,882,-13.2315
2001,9,1,4,961,-12.0589
2001,9,1,5,862,-11.4777
2001,9,2,1,680,-19.7073
2001,9,2,2,512,-17.8768
2001,9,2,3,445,-14.4940
2001,9,2,4,453,-17.0863
2001,9,2,5,370,-15.7749
2001,9,3,1,489,-10.3180
2001,9,3,2,454,-11.3627
2001,9,3,3,356,-5.9305
2001,9,3,4,335,-9.0045
2001,9,3,5,255,-9.5125
2001,10,1,1,1063,8.1650
2001,10,1,2,810,11.1051
2001,10,1,3,861,7.4454
2001,10,1,4,941,6.4547
2001,10,1,5,852,8.6679
2001,10,2,1,662,12.9042
2001,10,2,2,486,9.4405
2001,10,2,3,431,7.0391
2001,10,2,4,434,6.7468
2001,10,2,5,370,6.5284
2001,10,3,1,454,2.2059
2001,10,3,2,424,4.6860
2001,10,3,3,337,4.1534
2001,10,3,4,315,3.5973
2001,10,3,5,247,3.3859
2001,11,1,1,1055,11.2966
2001,11,1,2,833,8.7047
2001,11,1,3,867,5.7061
2001,11,1,4,952,6.2050
2001,11,1,5,859,7.4135
2001,11,2,1,658,10.3245
2001,11,2,2,481,9.3270
2001,11,2,3,431,8.6370
2001,11,2,4,432,10.1849
2001,11,2,5,366,10.5513
2001,11,3,1,449,7.7006
2001,11,3,2,433,11.1876
2001,11,3,3,349,5.7120
2001,11,3,4,308,5.4584
2001,11,3,5,253,9.0992
2001,12,1,1,1045,10.6502
2001,12,1,2,855,8.6139
2001,12,1,3,875,7.5524
2001,12,1,4,956,6.4454
2001,12,1,5,856,7.4357
2001,12,2,1,649,5.9742
2001,12,2,2,487,8.1459
2001,12,2,3,428,8.0239
2001,12,2,4,420,5.9423
2001,12,2,5,365,7.5102
2001,12,3,1,446,1.9089
2001,12,3,2,438,-1.8237
2001,12,3,3,349,0.7762
2001,12,3,4,304,1.3202
2001,12,3,5,250,3.4698
2002,1,1,1,1036,-3.6910
2002,1,1,2,846,3.5355
2002,1,1,3,854,2.9381
2002,1,1,4,933,4.3875
2002,1,1,5,842,3.2339
2002,1,2,1,630,-9.2681
2002,1,2,2,469,-1.8539
2002,1,2,3,407,-0.7632
2002,1,2,4,407,0.6895
2002,1,2,5,357,3.0958
2002,1,3,1,437,-5.5070
2002,1,3,2,413,1.0867
2002,1,3,3,334,-0.6246
2002,1,3,4,300,1.2461
2002,1,3,5,240,0.9082
2002,2,1,1,1019,-12.2598
2002,2,1,2,844,-7.8361
2002,2,1,3,847,-5.0228
2002,2,1,4,928,-2.0044
2002,2,1,5,820,-1.5455
2002,2,2,1,590,-10.6299
2002,2,2,2,472,-4.6155
2002,2,2,3,405,-3.2080
2002,2,2,4,398,-1.5439
2002,2,2,5,351,-0.0850
2002,2,3,1,419,-4.3278
2002,2,3,2,421,-4.3120
2002,2,3,3,330,0.0993
2002,2,3,4,300,0.9469
2002,2,3,5,240,-0.5639
2002,3,1,1,1042,8.1214
2002,3,1,2,862,9.6261
2002,3,1,3,851,9.4519
2002,3,1,4,930,10.4111
2002,3,1,5,817,10.5028
2002,3,2,1,578,9.6302
2002,3,2,2,474,11.0007
2002,3,2,3,414,10.6912
2002,3,2,4,399,8.3740
2002,3,2,5,347,6.2641
2002,3,3,1,410,3.9280
2002,3,3,2,420,5.5259
2002,3,3,3,331,2.4427
2002,3,3,4,301,2.4090
2002,3,3,5,240,2.4050
2002,4,1,1,1012,-7.8503
2002,4,1,2,830,-0.2281
2002,4,1,3,796,1.8637
2002,4,1,4,924,2.7423
2002,4,1,5,801,5.9942
2002,4,2,1,557,-9.0165
2002,4,2,2,454,-1.6667
2002,4,2,3,382,-0.8089
2002,4,2,4,386,0.8636
2002,4,2,5,336,4.4563
2002,4,3,1,400,-11.6745
2002,4,3,2,395,-6.0397
2002,4,3,3,308,-4.7663
2002,4,3,4,281,-4.1075
2002,4,3,5,230,-2.7487
2002,5,1,1,1010,-7.7959
2002,5,1,2,845,-4.9798
2002,5,1,3,781,-1.6090
2002,5,1,4,915,-1.3096
2002,5,1,5,791,0.6924
2002,5,2,1,560,-8.2096
2002,5,2,2,457,-6.4736
2002,5,2,3,374,-5.4457
2002,5,2,4,382,-4.5170
2002,5,2,5,327,-3.2318
2002,5,3,1,398,-2.3348
2002,5,3,2,399,-0.8234
2002,5,3,3,306,-1.5274
2002,5,3,4,276,0.5301
2002,5,3,5,228,-1.5908
2002,6,1,1,1015,-9.6334
2002,6,1,2,870,-6.7219
2002,6,1,3,812,-3.7800
2002,6,1,4,937,-2.0296
2002,6,1,5,813,-1.3183
2002,6,2,1,548,-9.9594
2002,6,2,2,451,-9.2530
2002,6,2,3,379,-5.2179
2002,6,2,4,385,-3.9707
2002,6,2,5,320,-1.5131
2002,6,3,1,390,-9.6098
2002,6,3,2,390,-11.2177
2002,6,3,3,307,-6.7547
2002,6,3,4,273,-4.3895
2002,6,3,5,228,-4.5305
2002,7,1,1,930,-15.0691
2002,7,1,2,801,-16.0063
2002,7,1,3,759,-15.7097
2002,7,1,4,889,-13.4854
2002,7,1,5,769,-15.5900
2002,7,2,1,489,-16.8711
2002,7,2,2,424,-16.1551
2002,7,2,3,360,-16.1889
2002,7,2,4,350,-15.1534
2002,7,2,5,310,-17.9309
2002,7,3,1,350,-8.0745
2002,7,3,2,350,-7.5753
2002,7,3,3,280,-4.9224
2002,7,3,4,262,-7.8030
2002,7,3,5,217,-10.3815
2002,8,1,1,931,-1.5393
2002,8,1,2,801,-0.9987
2002,8,1,3,777,-2.8251
2002,8,1,4,884,-2.5959
2002,8,1,5,770,-2.2481
2002,8,2,1,478,-0.7331
2002,8,2,2,429,-0.4802
2002,8,2,3,360,0.3968
2002,8,2,4,357,1.2781
2002,8,2,5,311,-0.1587
2002,8,3,1,353,-0.1428
2002,8,3,2,349,-1.0023
2002,8,3,3,290,1.0538
2002,8,3,4,271,-0.9105
2002,8,3,5,225,2.8362
2002,9,1,1,923,-10.4615
2002,9,1,2,818,-10.4865
2002,9,1,3,790,-9.5379
2002,9,1,4,905,-8.6365
2002,9,1,5,782,-7.2110
2002,9,2,1,472,-9.1940
2002,9,2,2,424,-8.9047
2002,9,2,3,359,-8.4397
2002,9,2,4,346,-7.0615
2002,9,2,5,316,-5.6666
2002,9,3,1,347,-11.6576
2002,9,3,2,346,-12.3657
2002,9,3,3,286,-9.1931
2002,9,3,4,274,-7.9689
2002,9,3,5,230,-8.8914
2002,10,1,1,896,5.0771
2002,10,1,2,783,4.0445
2002,10,1,3,762,2.5723
2002,10,1,4,885,1.0133
2002,10,1,5,767,3.7854
2002,10,2,1,461,7.3189
2002,10,2,2,404,4.0375
2002,10,2,3,346,3.7800
2002,10,2,4,331,3.6699
2002,10,2,5,302,2.4114
2002,10,3,1,340,12.2329
2002,10,3,2,327,9.0578
2002,10,3,3,274,6.4878
2002,10,3,4,264,5.4390
2002,10,3,5,224,7.6673
2002,11,1,1,892,18.4543
2002,11,1,2,784,15.1680
2002,11,1,3,764,12.0493
2002,11,1,4,876,9.4250
2002,11,1,5,743,9.8104
2002,11,2,1,458,16.3767
2002,11,2,2,409,12.7872
2002,11,2,3,345,8.0201
2002,11,2,4,331,6.7747
2002,11,2,5,305,6.8718
2002,11,3,1,337,8.1472
2002,11,3,2,335,11.3223
2002,11,3,3,287,3.2746
2002,11,3,4,278,4.6658
2002,11,3,5,226,1.2408
2002,12,1,1,892,-10.2424
2002,12,1,2,793,-7.5657
2002,12,1,3,773,-5.4407
2002,12,1,4,883,-3.9006
2002,12,1,5,746,-3.0712
2002,12,2,1,444,-10.3208
2002,12,2,2,412,-7.0310
2002,12,2,3,346,-4.9125
2002,12,2,4,333,-4.3145
2002,12,2,5,310,-6.2752
2002,12,3,1,328,-7.8282
2002,12,3,2,333,-7.7526
2002,12,3,3,286,-4.0670
2002,12,3,4,279,-2.7562
2002,12,3,5,225,-5.7955
2003,1,1,1,868,0.4084
2003,1,1,2,770,-1.0095
2003,1,1,3,768,-0.2441
2003,1,1,4,869,-2.7123
2003,1,1,5,746,-2.4670
2003,1,2,1,413,-3.0963
2003,1,2,2,391,-2.9188
2003,1,2,3,329,-2.9692
2003,1,2,4,323,-3.4385
2003,1,2,5,301,-5.0318
2003,1,3,1,315,-3.5239
2003,1,3,2,318,-2.2836
2003,1,3,3,282,-2.0810
2003,1,3,4,267,-2.8704
2003,1,3,5,221,-4.5682
2003,2,1,1,847,-4.2869
2003,2,1,2,746,-2.3451
2003,2,1,3,753,-2.9421
2003,2,1,4,859,-3.7407
2003,2,1,5,733,-4.8494
2003,2,2,1,375,-3.3904
2003,2,2,2,369,-3.2192
2003,2,2,3,333,-4.0785
2003,2,2,4,317,-3.6571
2003,2,2,5,295,-3.9910
2003,2,3,1,305,-1.8738
2003,2,3,2,313,-0.8025
2003,2,3,3,282,-1.8631
2003,2,3,4,263,-1.9264
2003,2,3,5,218,0.4296
2003,3,1,1,838,1.7390
2003,3,1,2,736,0.9825
2003,3,1,3,758,1.0417
2003,3,1,4,869,0.6356
2003,3,1,5,732,1.1711
2003,3,2,1,370,0.4087
2003,3,2,2,374,0.5151
2003,3,2,3,338,0.7370
2003,3,2,4,325,0.9635
2003,3,2,5,294,4.3417
2003,3,3,1,308,1.9611
2003,3,3,2,317,-0.9860
2003,3,3,3,289,2.2513
2003,3,3,4,264,1.8681
2003,3,3,5,218,3.9143
2003,4,1,1,796,11.6580
2003,4,1,2,713,11.5727
2003,4,1,3,737,10.4010
2003,4,1,4,831,11.4291
2003,4,1,5,727,10.0821
2003,4,2,1,338,12.6774
2003,4,2,2,346,11.2382
2003,4,2,3,318,10.4487
2003,4,2,4,311,9.8722
2003,4,2,5,284,10.0308
2003,4,3,1,298,10.2730
2003,4,3,2,302,8.4784
2003,4,3,3,276,3.9842
2003,4,3,4,254,3.4514
2003,4,3,5,216,7.6291
2003,5,1,1,794,26.7316
2003,5,1,2,705,17.7529
2003,5,1,3,729,14.3881
2003,5,1,4,811,12.0385
2003,5,1,5,733,10.4984
2003,5,2,1,337,18.5587
2003,5,2,2,347,14.7419
2003,5,2,3,323,9.9334
2003,5,2,4,306,7.9492
2003,5,2,5,285,7.3989
2003,5,3,1,310,6.1915
2003,5,3,2,320,7.4109
2003,5,3,3,281,4.7106
2003,5,3,4,262,5.7472
2003,5,3,5,217,3.2578
2003,6,1,1,799,4.1431
2003,6,1,2,715,6.8231
2003,6,1,3,740,6.1463
2003,6,1,4,832,8.2656
2003,6,1,5,755,7.4053
2003,6,2,1,340,-0.9472
2003,6,2,2,353,2.4151
2003,6,2,3,326,3.6308
2003,6,2,4,304,4.0281
2003,6,2,5,289,4.3443
2003,6,3,1,311,1.1962
2003,6,3,2,325,3.0313
2003,6,3,3,283,0.2658
2003,6,3,4,266,0.3484
2003,6,3,5,217,2.3177
2003,7,1,1,750,6.5450
2003,7,1,2,667,9.8366
2003,7,1,3,693,11.5901
2003,7,1,4,794,10.6973
2003,7,1,5,732,8.4772
2003,7,2,1,327,3.4992
2003,7,2,2,336,5.5165
2003,7,2,3,297,5.9097
2003,7,2,4,292,7.2069
2003,7,2,5,282,8.7123
2003,7,3,1,306,-0.3397
2003,7,3,2,309,2.4781
2003,7,3,3,273,0.9462
2003,7,3,4,248,2.1586
2003,7,3,5,209,2.7301
2003,8,1,1,727,5.3572
2003,8,1,2,668,5.1496
2003,8,1,3,681,6.2095
2003,8,1,4,797,6.3766
2003,8,1,5,737,4.5737
2003,8,2,1,327,5.5006
2003,8,2,2,344,7.3465
2003,8,2,3,308,5.6062
2003,8,2,4,301,4.8283
2003,8,2,5,285,6.6585
2003,8,3,1,311,2.8599
2003,8,3,2,321,2.6581
2003,8,3,3,280,0.9864
2003,8,3,4,249,4.6121
2003,8,3,5,209,5.4808
2003,9,1,1,724,7.4707
2003,9,1,2,672,2.9381
2003,9,1,3,688,1.9194
2003,9,1,4,813,0.9059
2003,9,1,5,740,0.1640
2003,9,2,1,331,-2.2195
2003,9,2,2,341,-3.2928
2003,9,2,3,309,-2.9320
2003,9,2,4,309,-3.3499
2003,9,2,5,282,-3.3805
2003,9,3,1,311,-1.5486
2003,9,3,2,325,-1.3701
2003,9,3,3,277,-0.9142
2003,9,3,4,250,-2.2955
2003,9,3,5,209,-3.4218
2003,10,1,1,703,7.3850
2003,10,1,2,643,10.8699
2003,10,1,3,673,9.7490
2003,10,1,4,787,12.1921
2003,10,1,5,730,11.1063
2003,10,2,1,334,6.7808
2003,10,2,2,326,9.0270
2003,10,2,3,307,7.6656
2003,10,2,4,303,9.6867
2003,10,2,5,283,10.8750
2003,10,3,1,300,2.4796
2003,10,3,2,316,6.9757
2003,10,3,3,265,6.1852
2003,10,3,4,239,5.2571
2003,10,3,5,204,8.5586
2003,11,1,1,693,2.8382
2003,11,1,2,630,5.1064
2003,11,1,3,673,6.0131
2003,11,1,4,785,4.1496
2003,11,1,5,729,5.5283
2003,11,2,1,331,2.1760
2003,11,2,2,341,3.3421
2003,11,2,3,315,3.6849
2003,11,2,4,308,3.9410
2003,11,2,5,286,3.3736
2003,11,3,1,305,0.4280
2003,11,3,2,325,3.0791
2003,11,3,3,274,1.8111
2003,11,3,4,243,1.1440
2003,11,3,5,206,-0.2255
2003,12,1,1,693,3.3983
2003,12,1,2,643,2.6001
2003,12,1,3,681,4.1608
2003,12,1,4,790,2.1535
2003,12,1,5,732,1.7746
2003,12,2,1,329,4.1475
2003,12,2,2,336,2.5819
2003,12,2,3,317,3.3466
2003,12,2,4,310,2.6542
2003,12,2,5,282,0.4437
2003,12,3,1,302,6.9632
2003,12,3,2,326,4.3337
2003,12,3,3,274,5.1473
2003,12,3,4,242,5.8680
2003,12,3,5,211,-1.6182
2004,1,1,1,671,13.6129
2004,1,1,2,628,7.5566
2004,1,1,3,665,7.2515
2004,1,1,4,787,5.3148
2004,1,1,5,730,4.6640
2004,1,2,1,325,6.4604
2004,1,2,2,326,4.5618
2004,1,2,3,312,4.5736
2004,1,2,4,315,2.7251
2004,1,2,5,274,1.4166
2004,1,3,1,302,2.3020
2004,1,3,2,314,0.6412
2004,1,3,3,267,2.5690
2004,1,3,4,240,0.5444
2004,1,3,5,210,0.3943
2004,2,1,1,648,-1.8703
2004,2,1,2,607,-0.8497
2004,2,1,3,653,-0.4471
2004,2,1,4,779,1.1321
2004,2,1,5,732,3.3019
2004,2,2,1,324,-1.4190
2004,2,2,2,330,0.1499
2004,2,2,3,315,-0.2857
2004,2,2,4,313,1.5559
2004,2,2,5,274,2.2854
2004,2,3,1,302,-0.6758
2004,2,3,2,309,0.4705
2004,2,3,3,264,1.3951
2004,2,3,4,243,3.0967
2004,2,3,5,213,4.8435
2004,3,1,1,646,-2.1938
2004,3,1,2,624,-2.1780
2004,3,1,3,664,-1.5731
2004,3,1,4,790,0.5472
2004,3,1,5,732,2.3306
2004,3,2,1,327,0.4211
2004,3,2,2,342,1.0344
2004,3,2,3,326,0.2125
2004,3,2,4,319,2.0491
2004,3,2,5,281,1.2076
2004,3,3,1,307,-2.3026
2004,3,3,2,312,-2.4627
2004,3,3,3,266,-2.1130
2004,3,3,4,250,0.3807
2004,3,3,5,214,0.5256
2004,4,1,1,646,-4.6351
2004,4,1,2,611,-5.3294
2004,4,1,3,666,-5.1499
2004,4,1,4,776,-4.0517
2004,4,1,5,731,-3.3570
2004,4,2,1,318,-4.3132
2004,4,2,2,322,-4.9088
2004,4,2,3,314,-4.2687
2004,4,2,4,316,-2.6220
2004,4,2,5,282,-3.0189
2004,4,3,1,300,-0.0903
2004,4,3,2,310,-2.2648
2004,4,3,3,261,0.1358
2004,4,3,4,242,0.5634
2004,4,3,5,212,-1.5499
2004,5,1,1,653,-3.4023
2004,5,1,2,620,-0.5232
2004,5,1,3,657,0.1756
2004,5,1,4,759,-0.8519
2004,5,1,5,726,0.2230
2004,5,2,1,328,0.0795
2004,5,2,2,326,3.1823
2004,5,2,3,317,1.3178
2004,5,2,4,321,0.9931
2004,5,2,5,275,1.4642
2004,5,3,1,299,0.6971
2004,5,3,2,315,1.4942
2004,5,3,3,267,1.7831
2004,5,3,4,244,1.3128
2004,5,3,5,210,0.6002
2004,6,1,1,675,0.2455
2004,6,1,2,643,4.0554
2004,6,1,3,680,4.3773
2004,6,1,4,774,4.1930
2004,6,1,5,739,4.4864
2004,6,2,1,326,2.5113
2004,6,2,2,327,4.5290
2004,6,2,3,324,6.5574
2004,6,2,4,319,5.9208
2004,6,2,5,280,5.3771
2004,6,3,1,298,2.5581
2004,6,3,2,317,1.8028
2004,6,3,3,271,2.1269
2004,6,3,4,245,2.8498
2004,6,3,5,217,0.5616
2004,7,1,1,646,-11.3896
2004,7,1,2,612,-10.7354
2004,7,1,3,654,-8.7314
2004,7,1,4,759,-6.6437
2004,7,1,5,726,-5.9661
2004,7,2,1,310,-8.7580
2004,7,2,2,317,-8.3688
2004,7,2,3,314,-7.9867
2004,7,2,4,303,-6.3328
2004,7,2,5,278,-5.3076
2004,7,3,1,283,-2.3052
2004,7,3,2,305,-7.1815
2004,7,3,3,263,-4.3666
2004,7,3,4,250,-1.5773
2004,7,3,5,214,-3.9720
2004,8,1,1,653,-0.1148
2004,8,1,2,608,-2.4860
2004,8,1,3,660,-2.0976
2004,8,1,4,754,-2.2861
2004,8,1,5,736,-3.9620
2004,8,2,1,305,-1.2512
2004,8,2,2,319,-2.1856
2004,8,2,3,321,-1.0393
2004,8,2,4,315,-3.0618
2004,8,2,5,278,-3.3979
2004,8,3,1,288,-0.0822
2004,8,3,2,308,-2.0412
2004,8,3,3,265,0.8911
2004,8,3,4,254,0.0459
2004,8,3,5,216,-1.3454
2004,9,1,1,675,3.8479
2004,9,1,2,637,3.7338
2004,9,1,3,678,4.5902
2004,9,1,4,769,4.6129
2004,9,1,5,756,5.3894
2004,9,2,1,307,6.8335
2004,9,2,2,321,6.6184
2004,9,2,3,322,5.1572
2004,9,2,4,315,5.5556
2004,9,2,5,278,5.3733
2004,9,3,1,287,1.4580
2004,9,3,2,316,0.6854
2004,9,3,3,266,1.4748
2004,9,3,4,252,3.4895
2004,9,3,5,216,3.1946
2004,10,1,1,668,1.2604
2004,10,1,2,622,2.5351
2004,10,1,3,664,-0.4033
2004,10,1,4,753,0.3592
2004,10,1,5,744,1.0624
2004,10,2,1,305,2.1597
2004,10,2,2,312,3.0322
2004,10,2,3,315,1.1970
2004,10,2,4,311,1.4996
2004,10,2,5,272,1.8496
2004,10,3,1,284,1.4750
2004,10,3,2,307,2.6091
2004,10,3,3,259,1.0296
2004,10,3,4,249,1.6922
2004,10,3,5,210,2.7173
2004,11,1,1,675,9.4694
2004,11,1,2,625,9.8928
2004,11,1,3,670,9.5572
2004,11,1,4,759,8.8003
2004,11,1,5,739,10.3403
2004,11,2,1,304,7.6246
2004,11,2,2,322,9.1509
2004,11,2,3,316,9.3006
2004,11,2,4,314,9.4388
2004,11,2,5,265,9.2805
2004,11,3,1,285,3.8781
2004,11,3,2,309,3.1516
2004,11,3,3,268,5.3010
2004,11,3,4,251,5.5974
2004,11,3,5,212,4.4218
2004,12,1,1,712,5.8228
2004,12,1,2,654,5.6878
2004,12,1,3,698,6.0848
2004,12,1,4,768,6.4236
2004,12,1,5,742,5.2517
2004,12,2,1,305,2.1048
2004,12,2,2,323,3.5819
2004,12,2,3,313,3.9438
2004,12,2,4,313,3.2511
2004,12,2,5,268,3.5607
2004,12,3,1,283,2.7550
2004,12,3,2,313,4.6926
2004,12,3,3,271,3.4519
2004,12,3,4,253,1.7849
2004,12,3,5,208,3.2498
2005,1,1,1,706,-6.2878
2005,1,1,2,642,-4.8719
2005,1,1,3,684,-4.0634
2005,1,1,4,752,-3.2790
2005,1,1,5,732,-3.8627
2005,1,2,1,294,-3.8335
2005,1,2,2,310,-4.0231
2005,1,2,3,305,-4.0985
2005,1,2,4,301,-3.5763
2005,1,2,5,263,-3.4543
2005,1,3,1,274,-4.1290
2005,1,3,2,304,-3.5763
2005,1,3,3,265,-1.4772
2005,1,3,4,254,-0.2424
2005,1,3,5,203,-0.8729
2005,2,1,1,706,-0.9118
2005,2,1,2,633,1.5269
2005,2,1,3,679,0.8946
2005,2,1,4,737,0.9718
2005,2,1,5,713,1.6926
2005,2,2,1,281,2.3948
2005,2,2,2,301,2.3882
2005,2,2,3,294,2.7670
2005,2,2,4,290,2.1205
2005,2,2,5,258,3.7294
2005,2,3,1,273,0.8465
2005,2,3,2,307,3.0779
2005,2,3,3,274,1.8075
2005,2,3,4,247,9.3049
2005,2,3,5,200,1.9978
2005,3,1,1,714,-7.9059
2005,3,1,2,642,-4.5403
2005,3,1,3,703,-2.1064
2005,3,1,4,752,-2.0385
2005,3,1,5,719,-2.0593
2005,3,2,1,278,-3.0473
2005,3,2,2,300,-2.3591
2005,3,2,3,293,-2.4238
2005,3,2,4,288,-1.9059
2005,3,2,5,259,-1.5041
2005,3,3,1,278,-0.3695
2005,3,3,2,317,-1.0840
2005,3,3,3,276,-0.3735
2005,3,3,4,252,-3.1229
2005,3,3,5,203,-1.5612
2005,4,1,1,721,-6.6854
2005,4,1,2,627,-6.4437
2005,4,1,3,685,-7.1384
2005,4,1,4,735,-7.4710
2005,4,1,5,712,-6.1914
2005,4,2,1,276,-6.4926
2005,4,2,2,287,-6.0561
2005,4,2,3,282,-6.2989
2005,4,2,4,267,-6.2806
2005,4,2,5,259,-6.7594
2005,4,3,1,276,-0.3538
2005,4,3,2,301,-0.6766
2005,4,3,3,266,-3.4225
2005,4,3,4,244,-4.3076
2005,4,3,5,199,-6.1642
2005,5,1,1,721,6.2342
2005,5,1,2,642,5.8357
2005,5,1,3,681,5.9882
2005,5,1,4,724,4.9900
2005,5,1,5,692,6.2366
2005,5,2,1,272,5.9563
2005,5,2,2,281,7.4883
2005,5,2,3,294,7.0145
2005,5,2,4,267,7.2451
2005,5,2,5,262,9.9654
2005,5,3,1,279,2.6529
2005,5,3,2,305,4.3717
2005,5,3,3,273,2.9702
2005,5,3,4,248,3.2811
2005,5,3,5,196,6.2655
2005,6,1,1,750,4.5804
2005,6,1,2,661,4.0642
2005,6,1,3,705,4.0119
2005,6,1,4,735,4.4231
2005,6,1,5,712,5.0027
2005,6,2,1,274,4.7364
2005,6,2,2,284,3.3579
2005,6,2,3,293,1.5251
2005,6,2,4,264,2.8993
2005,6,2,5,265,2.9580
2005,6,3,1,279,-0.2633
2005,6,3,2,305,-1.1765
2005,6,3,3,278,-0.9980
2005,6,3,4,249,1.7653
2005,6,3,5,199,2.2262
2005,7,1,1,729,10.1482
2005,7,1,2,650,6.6200
2005,7,1,3,683,6.7092
2005,7,1,4,712,7.1357
2005,7,1,5,698,7.8457
2005,7,2,1,259,8.6314
2005,7,2,2,269,6.2143
2005,7,2,3,288,6.3483
2005,7,2,4,262,5.8596
2005,7,2,5,262,6.2847
2005,7,3,1,267,4.2700
2005,7,3,2,296,4.6103
2005,7,3,3,272,4.4381
2005,7,3,4,240,4.3669
2005,7,3,5,190,5.0217
2005,8,1,1,721,-0.0564
2005,8,1,2,655,-0.6795
2005,8,1,3,662,-2.2677
2005,8,1,4,700,-0.7139
2005,8,1,5,688,-1.7875
2005,8,2,1,259,0.2301
2005,8,2,2,275,-1.1054
2005,8,2,3,287,-1.0692
2005,8,2,4,269,-1.4267
2005,8,2,5,260,-3.6645
2005,8,3,1,266,0.1068
2005,8,3,2,300,-0.8416
2005,8,3,3,268,-0.4534
2005,8,3,4,240,-0.0624
2005,8,3,5,192,-3.0594
2005,9,1,1,731,1.7172
2005,9,1,2,673,2.0605
2005,9,1,3,673,-0.8943
2005,9,1,4,719,0.5075
2005,9,1,5,711,0.5450
2005,9,2,1,264,2.6645
2005,9,2,2,287,0.7279
2005,9,2,3,290,-0.0377
2005,9,2,4,267,0.3933
2005,9,2,5,263,-0.0145
2005,9,3,1,269,1.5202
2005,9,3,2,301,-0.9684
2005,9,3,3,271,1.3035
2005,9,3,4,239,1.9415
2005,9,3,5,196,-0.0711
2005,10,1,1,721,-5.4403
2005,10,1,2,654,-3.6175
2005,10,1,3,666,-3.9282
2005,10,1,4,701,-2.8088
2005,10,1,5,702,-1.5734
2005,10,2,1,266,-5.4281
2005,10,2,2,288,-4.5510
2005,10,2,3,276,-3.9089
2005,10,2,4,264,-3.3092
2005,10,2,5,259,-2.2278
2005,10,3,1,269,-3.7567
2005,10,3,2,294,-2.0944
2005,10,3,3,269,-1.6683
2005,10,3,4,234,-3.8279
2005,10,3,5,194,-1.4999
2005,11,1,1,709,2.8393
2005,11,1,2,641,6.1128
2005,11,1,3,655,5.6355
2005,11,1,4,688,3.8783
2005,11,1,5,691,5.3496
2005,11,2,1,261,3.7182
2005,11,2,2,298,5.0181
2005,11,2,3,280,5.6606
2005,11,2,4,269,5.7692
2005,11,2,5,264,6.0135
2005,11,3,1,272,3.4582
2005,11,3,2,297,3.7059
2005,11,3,3,277,3.8652
2005,11,3,4,235,3.8771
2005,11,3,5,193,2.9440
2005,12,1,1,726,-0.2715
2005,12,1,2,648,-1.1995
2005,12,1,3,672,0.7736
2005,12,1,4,713,1.7606
2005,12,1,5,709,0.6963
2005,12,2,1,267,0.0575
2005,12,2,2,298,-0.7425
2005,12,2,3,289,-0.1712
2005,12,2,4,268,-0.3885
2005,12,2,5,272,-0.0373
2005,12,3,1,275,0.3400
2005,12,3,2,306,0.0417
2005,12,3,3,278,-0.1691
2005,12,3,4,239,0.0134
2005,12,3,5,193,-0.6073
2006,1,1,1,720,11.5412
2006,1,1,2,644,10.9983
2006,1,1,3,672,9.2044
2006,1,1,4,704,8.8323
2006,1,1,5,703,10.1103
2006,1,2,1,263,9.8518
2006,1,2,2,295,9.3441
2006,1,2,3,282,9.0421
2006,1,2,4,262,9.4484
2006,1,2,5,270,8.7142
2006,1,3,1,270,3.5025
2006,1,3,2,301,2.5464
2006,1,3,3,274,1.4499
2006,1,3,4,236,5.9715
2006,1,3,5,192,4.0616
2006,2,1,1,708,-0.2842
2006,2,1,2,636,0.0277
2006,2,1,3,650,0.5392
2006,2,1,4,689,0.8055
2006,2,1,5,684,0.2117
2006,2,2,1,266,-1.5133
2006,2,2,2,295,-0.8856
2006,2,2,3,281,-0.8514
2006,2,2,4,258,-0.9847
2006,2,2,5,267,0.0787
2006,2,3,1,264,-0.3426
2006,2,3,2,304,0.1874
2006,2,3,3,259,0.8739
2006,2,3,4,240,-2.3371
2006,2,3,5,195,-0.8559
2006,3,1,1,709,3.7598
2006,3,1,2,633,5.6295
2006,3,1,3,654,5.5765
2006,3,1,4,697,5.6306
2006,3,1,5,682,6.2015
2006,3,2,1,264,2.4231
2006,3,2,2,300,4.7669
2006,3,2,3,287,6.3525
2006,3,2,4,259,5.4613
2006,3,2,5,262,5.6414
2006,3,3,1,263,1.0466
2006,3,3,2,310,1.3810
2006,3,3,3,260,1.9078
2006,3,3,4,245,2.7943
2006,3,3,5,192,2.8477
2006,4,1,1,720,-3.5096
2006,4,1,2,627,0.5707
2006,4,1,3,643,-0.0969
2006,4,1,4,694,0.7935
2006,4,1,5,690,2.7263
2006,4,2,1,262,-1.0045
2006,4,2,2,287,0.9580
2006,4,2,3,271,2.4405
2006,4,2,4,255,0.4766
2006,4,2,5,263,0.9188
2006,4,3,1,263,0.3731
2006,4,3,2,303,-0.1589
2006,4,3,3,250,2.0626
2006,4,3,4,243,2.5500
2006,4,3,5,187,-0.2252
2006,5,1,1,715,-8.3428
2006,5,1,2,612,-7.0682
2006,5,1,3,637,-6.6248
2006,5,1,4,691,-6.4509
2006,5,1,5,676,-5.6736
2006,5,2,1,263,-6.8382
2006,5,2,2,289,-6.3913
2006,5,2,3,280,-4.3991
2006,5,2,4,263,-5.4979
2006,5,2,5,260,-5.5251
2006,5,3,1,262,-1.7546
2006,5,3,2,312,-3.3890
2006,5,3,3,258,-2.2933
2006,5,3,4,243,-4.4350
2006,5,3,5,184,-1.6001
2006,6,1,1,741,-2.6307
2006,6,1,2,634,-1.6361
2006,6,1,3,661,-1.1027
2006,6,1,4,714,-1.1608
2006,6,1,5,688,-0.0994
2006,6,2,1,269,0.3183
2006,6,2,2,297,-1.3432
2006,6,2,3,284,-0.8314
2006,6,2,4,276,0.2755
2006,6,2,5,266,-0.6372
2006,6,3,1,261,0.8879
2006,6,3,2,323,-0.6278
2006,6,3,3,264,-0.7262
2006,6,3,4,248,1.4045
2006,6,3,5,185,0.8939
2006,7,1,1,699,-5.1996
2006,7,1,2,609,-4.9361
2006,7,1,3,640,-3.9912
2006,7,1,4,690,-5.1900
2006,7,1,5,674,-3.3363
2006,7,2,1,249,-2.0029
2006,7,2,2,287,-4.9635
2006,7,2,3,269,-4.5041
2006,7,2,4,271,-4.8512
2006,7,2,5,264,-5.2911
2006,7,3,1,257,0.8190
2006,7,3,2,315,-0.3377
2006,7,3,3,256,-1.0213
2006,7,3,4,228,-1.1244
2006,7,3,5,182,-0.9888
2006,8,1,1,693,4.2873
2006,8,1,2,609,4.5138
2006,8,1,3,625,3.6019
2006,8,1,4,687,1.7419
2006,8,1,5,670,1.1102
2006,8,2,1,243,3.3734
2006,8,2,2,288,4.3723
2006,8,2,3,270,2.4859
2006,8,2,4,288,2.8964
2006,8,2,5,269,0.8005
2006,8,3,1,261,3.0360
2006,8,3,2,325,3.4071
2006,8,3,3,259,3.8829
2006,8,3,4,235,2.4276
2006,8,3,5,187,-0.2792
2006,9,1,1,722,-1.9525
2006,9,1,2,639,-0.0356
2006,9,1,3,642,1.0809
2006,9,1,4,702,2.3819
2006,9,1,5,684,1.6339
2006,9,2,1,248,-1.6962
2006,9,2,2,298,-0.0056
2006,9,2,3,282,0.8377
2006,9,2,4,296,1.4317
2006,9,2,5,275,4.3111
2006,9,3,1,261,1.7264
2006,9,3,2,333,2.0389
2006,9,3,3,265,1.9319
2006,9,3,4,234,2.9862
2006,9,3,5,186,1.9715
2006,10,1,1,711,7.2179
2006,10,1,2,628,5.6755
2006,10,1,3,630,5.7545
2006,10,1,4,694,6.7102
2006,10,1,5,664,6.7015
2006,10,2,1,242,6.8927
2006,10,2,2,290,6.2964
2006,10,2,3,273,6.1424
2006,10,2,4,292,5.6171
2006,10,2,5,268,4.5907
2006,10,3,1,257,3.9330
2006,10,3,2,323,3.5338
2006,10,3,3,263,3.2123
2006,10,3,4,232,4.6691
2006,10,3,5,182,3.6893
2006,11,1,1,704,2.7267
2006,11,1,2,625,2.9958
2006,11,1,3,628,2.4644
2006,11,1,4,684,2.0892
2006,11,1,5,662,1.6494
2006,11,2,1,241,1.8207
2006,11,2,2,284,3.8673
2006,11,2,3,277,3.6806
2006,11,2,4,292,3.4821
2006,11,2,5,268,1.7462
2006,11,3,1,253,1.9559
2006,11,3,2,333,2.3552
2006,11,3,3,264,2.3482
2006,11,3,4,227,3.9852
2006,11,3,5,186,1.9055
2006,12,1,1,719,0.6368
2006,12,1,2,642,1.3633
2006,12,1,3,643,1.9171
2006,12,1,4,709,2.7116
2006,12,1,5,671,1.9244
2006,12,2,1,242,-1.5591
2006,12,2,2,284,0.2377
2006,12,2,3,276,-0.0565
2006,12,2,4,296,1.3873
2006,12,2,5,273,-0.7206
2006,12,3,1,256,1.0059
2006,12,3,2,333,0.6518
2006,12,3,3,268,0.5819
2006,12,3,4,232,-0.5799
2006,12,3,5,185,0.3785
2007,1,1,1,717,1.3251
2007,1,1,2,636,1.6696
2007,1,1,3,637,1.1229
2007,1,1,4,691,2.2824
2007,1,1,5,666,2.1482
2007,1,2,1,240,1.0174
2007,1,2,2,280,1.8953
2007,1,2,3,266,2.8379
2007,1,2,4,291,2.8596
2007,1,2,5,267,2.1689
2007,1,3,1,254,1.7743
2007,1,3,2,321,2.5212
2007,1,3,3,258,2.5633
2007,1,3,4,219,2.2619
2007,1,3,5,180,2.1450
2007,2,1,1,703,-1.4049
2007,2,1,2,616,0.2335
2007,2,1,3,629,-0.0486
2007,2,1,4,665,0.5313
2007,2,1,5,658,0.8122
2007,2,2,1,239,-1.0061
2007,2,2,2,269,0.1782
2007,2,2,3,259,-0.2229
2007,2,2,4,288,0.9590
2007,2,2,5,264,0.1116
2007,2,3,1,254,-1.6089
2007,2,3,2,322,-1.9057
2007,2,3,3,251,-1.3961
2007,2,3,4,216,-1.7014
2007,2,3,5,180,-0.8008
2007,3,1,1,703,0.9650
2007,3,1,2,624,0.5378
2007,3,1,3,638,0.8906
2007,3,1,4,669,1.4621
2007,3,1,5,670,0.9320
2007,3,2,1,244,0.8580
2007,3,2,2,268,1.6060
2007,3,2,3,275,2.0888
2007,3,2,4,285,1.5384
2007,3,2,5,262,2.2897
2007,3,3,1,255,2.0740
2007,3,3,2,328,0.9323
2007,3,3,3,265,0.8824
2007,3,3,4,221,1.9299
2007,3,3,5,177,2.3152
2007,4,1,1,708,3.6213
2007,4,1,2,626,1.5445
2007,4,1,3,623,1.5770
2007,4,1,4,661,3.1442
2007,4,1,5,675,1.0682
2007,4,2,1,238,2.4892
2007,4,2,2,268,2.7670
2007,4,2,3,274,3.6380
2007,4,2,4,278,3.6001
2007,4,2,5,262,1.9752
2007,4,3,1,249,3.8223
2007,4,3,2,315,5.2179
2007,4,3,3,251,4.5208
2007,4,3,4,211,3.6228
2007,4,3,5,176,3.6516
2007,5,1,1,694,1.3118
2007,5,1,2,607,2.6877
2007,5,1,3,588,2.6563
2007,5,1,4,625,4.0764
2007,5,1,5,660,4.1118
2007,5,2,1,231,3.2864
2007,5,2,2,266,4.8630
2007,5,2,3,267,4.1871
2007,5,2,4,281,4.6074
2007,5,2,5,260,5.1366
2007,5,3,1,246,3.4829
2007,5,3,2,310,2.9825
2007,5,3,3,259,4.4483
2007,5,3,4,207,5.0193
2007,5,3,5,175,4.1206
2007,6,1,1,727,-2.4689
2007,6,1,2,641,1.2817
2007,6,1,3,622,1.5887
2007,6,1,4,639,0.8470
2007,6,1,5,681,-0.9206
2007,6,2,1,233,-2.5731
2007,6,2,2,282,0.1613
2007,6,2,3,266,0.0769
2007,6,2,4,279,-0.1732
2007,6,2,5,270,-1.8858
2007,6,3,1,252,-1.6520
2007,6,3,2,312,-0.7295
2007,6,3,3,263,-0.8142
2007,6,3,4,213,-0.5669
2007,6,3,5,180,-1.2423
2007,7,1,1,718,-6.6515
2007,7,1,2,617,-4.5500
2007,7,1,3,594,-4.8995
2007,7,1,4,626,-4.8418
2007,7,1,5,668,-5.9297
2007,7,2,1,218,-4.7941
2007,7,2,2,286,-4.2122
2007,7,2,3,262,-3.9585
2007,7,2,4,267,-5.5422
2007,7,2,5,271,-5.3853
2007,7,3,1,241,-2.4934
2007,7,3,2,295,-2.4177
2007,7,3,3,253,-0.3641
2007,7,3,4,208,-0.2132
2007,7,3,5,171,-2.9451
2007,8,1,1,700,-0.5507
2007,8,1,2,608,-0.2524
2007,8,1,3,587,1.9228
2007,8,1,4,621,-0.7194
2007,8,1,5,663,-1.6255
2007,8,2,1,210,1.7097
2007,8,2,2,301,0.7229
2007,8,2,3,265,1.7772
2007,8,2,4,271,1.6830
2007,8,2,5,268,0.6128
2007,8,3,1,229,1.1500
2007,8,3,2,293,2.4564
2007,8,3,3,259,1.0002
2007,8,3,4,217,1.4749
2007,8,3,5,175,1.1024
2007,9,1,1,723,1.7417
2007,9,1,2,640,2.9116
2007,9,1,3,604,2.0012
2007,9,1,4,649,1.2003
2007,9,1,5,671,0.3993
2007,9,2,1,219,4.3782
2007,9,2,2,315,3.1833
2007,9,2,3,278,2.0894
2007,9,2,4,276,0.4330
2007,9,2,5,267,-1.0973
2007,9,3,1,234,4.4784
2007,9,3,2,300,4.6708
2007,9,3,3,261,4.5837
2007,9,3,4,226,3.9586
2007,9,3,5,179,2.0479
2007,10,1,1,722,2.0304
2007,10,1,2,632,3.3880
2007,10,1,3,592,4.4782
2007,10,1,4,636,1.4301
2007,10,1,5,661,0.5448
2007,10,2,1,217,4.5805
2007,10,2,2,313,5.3857
2007,10,2,3,268,5.0877
2007,10,2,4,267,1.0476
2007,10,2,5,266,1.4318
2007,10,3,1,236,3.1947
2007,10,3,2,296,4.4906
2007,10,3,3,255,1.7538
2007,10,3,4,226,1.5621
2007,10,3,5,177,2.4176
2007,11,1,1,710,-10.7595
2007,11,1,2,631,-7.4602
2007,11,1,3,580,-8.6340
2007,11,1,4,628,-8.6208
2007,11,1,5,652,-9.9739
2007,11,2,1,221,-7.1135
2007,11,2,2,325,-6.4028
2007,11,2,3,275,-5.9570
2007,11,2,4,264,-6.5982
2007,11,2,5,264,-8.5434
2007,11,3,1,238,-3.8586
2007,11,3,2,301,-2.8392
2007,11,3,3,264,-3.8225
2007,11,3,4,223,-3.5137
2007,11,3,5,176,-4.0758
2007,12,1,1,727,-0.2283
2007,12,1,2,661,0.9876
2007,12,1,3,610,0.9918
2007,12,1,4,661,-0.1557
2007,12,1,5,652,-0.7714
2007,12,2,1,228,1.6604
2007,12,2,2,343,-0.4889
2007,12,2,3,282,0.2897
2007,12,2,4,276,0.8734
2007,12,2,5,267,-1.4159
2007,12,3,1,236,-0.5203
2007,12,3,2,311,-0.5182
2007,12,3,3,271,1.6468
2007,12,3,4,224,0.8949
2007,12,3,5,177,0.5104
2008,1,1,1,719,-9.5057
2008,1,1,2,656,-9.8439
2008,1,1,3,601,-9.6209
2008,1,1,4,641,-10.2139
2008,1,1,5,648,-7.5542
2008,1,2,1,232,-9.0780
2008,1,2,2,341,-9.6289
2008,1,2,3,277,-8.3387
2008,1,2,4,281,-6.1782
2008,1,2,5,263,-5.0056
2008,1,3,1,231,-5.1943
2008,1,3,2,310,-8.8628
2008,1,3,3,267,-6.8429
2008,1,3,4,214,-8.0611
2008,1,3,5,179,-5.0740
2008,2,1,1,703,-3.8421
2008,2,1,2,639,-3.9486
2008,2,1,3,588,-3.5709
2008,2,1,4,628,-1.8238
2008,2,1,5,631,-3.7781
2008,2,2,1,229,-0.0881
2008,2,2,2,331,-4.0157
2008,2,2,3,274,-0.1528
2008,2,2,4,264,-2.1815
2008,2,2,5,263,-4.2190
2008,2,3,1,231,-1.4939
2008,2,3,2,306,-0.6333
2008,2,3,3,265,-1.1365
2008,2,3,4,214,0.0693
2008,2,3,5,177,-2.0395
2008,3,1,1,712,-4.7203
2008,3,1,2,649,-1.8172
2008,3,1,3,599,-0.0605
2008,3,1,4,628,-0.0800
2008,3,1,5,634,-1.3646
2008,3,2,1,232,-0.6282
2008,3,2,2,341,0.1294
2008,3,2,3,282,0.7994
2008,3,2,4,274,0.1397
2008,3,2,5,263,0.4472
2008,3,3,1,237,1.2151
2008,3,3,2,316,-0.1605
2008,3,3,3,269,-0.0461
2008,3,3,4,214,-0.7349
2008,3,3,5,180,-0.3103
2008,4,1,1,713,2.3352
2008,4,1,2,651,2.3980
2008,4,1,3,605,2.2581
2008,4,1,4,629,3.4080
2008,4,1,5,642,2.1363
2008,4,2,1,236,4.6758
2008,4,2,2,341,4.9772
2008,4,2,3,278,5.1915
2008,4,2,4,270,5.3645
2008,4,2,5,267,1.9886
2008,4,3,1,241,2.8280
2008,4,3,2,303,3.9012
2008,4,3,3,261,4.4102
2008,4,3,4,206,7.8303
2008,4,3,5,176,5.9324
2008,5,1,1,705,4.4542
2008,5,1,2,630,4.8138
2008,5,1,3,590,4.6392
2008,5,1,4,605,4.7836
2008,5,1,5,606,5.3284
2008,5,2,1,244,8.7977
2008,5,2,2,345,6.9270
2008,5,2,3,277,5.5449
2008,5,2,4,279,3.8651
2008,5,2,5,264,4.9307
2008,5,3,1,243,3.1468
2008,5,3,2,305,3.2919
2008,5,3,3,265,3.8018
2008,5,3,4,210,2.9018
2008,5,3,5,175,1.7794
2008,6,1,1,736,-6.8389
2008,6,1,2,649,-7.2817
2008,6,1,3,613,-8.4904
2008,6,1,4,630,-8.1018
2008,6,1,5,619,-7.6720
2008,6,2,1,252,-1.7408
2008,6,2,2,352,-8.1439
2008,6,2,3,287,-8.4072
2008,6,2,4,290,-9.1507
2008,6,2,5,269,-10.1727
2008,6,3,1,247,-6.1826
2008,6,3,2,310,-6.0753
2008,6,3,3,272,-6.5294
2008,6,3,4,214,-7.8917
2008,6,3,5,178,-5.5781
2008,7,1,1,744,0.2404
2008,7,1,2,620,2.7873
2008,7,1,3,587,4.7052
2008,7,1,4,614,2.4313
2008,7,1,5,616,3.8853
2008,7,2,1,258,-5.4867
2008,7,2,2,352,1.1925
2008,7,2,3,278,1.9689
2008,7,2,4,287,5.2569
2008,7,2,5,268,1.6610
2008,7,3,1,249,-4.4386
2008,7,3,2,306,0.5319
2008,7,3,3,268,-1.3624
2008,7,3,4,210,-3.2491
2008,7,3,5,174,-3.4418
2008,8,1,1,725,-0.4420
2008,8,1,2,597,3.0513
2008,8,1,3,574,3.7177
2008,8,1,4,614,2.7776
2008,8,1,5,611,4.1492
2008,8,2,1,260,1.5656
2008,8,2,2,348,3.7269
2008,8,2,3,291,3.2252
2008,8,2,4,293,5.2455
2008,8,2,5,272,5.2677
2008,8,3,1,243,1.1577
2008,8,3,2,302,1.7465
2008,8,3,3,277,1.2343
2008,8,3,4,207,3.6044
2008,8,3,5,172,1.5015
2008,9,1,1,746,-13.2914
2008,9,1,2,623,-10.2661
2008,9,1,3,585,-10.2952
2008,9,1,4,629,-9.6961
2008,9,1,5,624,-9.9740
2008,9,2,1,265,-12.5392
2008,9,2,2,351,-10.9496
2008,9,2,3,291,-12.1359
2008,9,2,4,293,-9.7479
2008,9,2,5,279,-8.9185
2008,9,3,1,246,-10.0226
2008,9,3,2,310,-9.4954
2008,9,3,3,279,-11.1269
2008,9,3,4,204,-11.1088
2008,9,3,5,173,-7.2479
2008,10,1,1,740,-24.4095
2008,10,1,2,613,-22.3774
2008,10,1,3,568,-23.9563
2008,10,1,4,616,-23.7966
2008,10,1,5,618,-21.3798
2008,10,2,1,265,-24.3218
2008,10,2,2,342,-19.9794
2008,10,2,3,283,-22.4621
2008,10,2,4,288,-22.5881
2008,10,2,5,277,-21.5113
2008,10,3,1,244,-15.9812
2008,10,3,2,299,-14.3410
2008,10,3,3,273,-17.9201
2008,10,3,4,199,-19.4459
2008,10,3,5,170,-13.5609
2008,11,1,1,730,-14.3371
2008,11,1,2,592,-14.2301
2008,11,1,3,569,-13.8562
2008,11,1,4,606,-16.2014
2008,11,1,5,608,-14.5191
2008,11,2,1,271,-13.4396
2008,11,2,2,342,-10.8838
2008,11,2,3,301,-12.8114
2008,11,2,4,300,-13.3833
2008,11,2,5,290,-12.3426
2008,11,3,1,249,-5.6616
2008,11,3,2,310,-6.9009
2008,11,3,3,277,-8.2570
2008,11,3,4,204,-6.8847
2008,11,3,5,178,-0.8307
2008,12,1,1,732,2.8925
2008,12,1,2,623,4.9561
2008,12,1,3,589,5.2763
2008,12,1,4,637,3.7369
2008,12,1,5,626,6.4181
2008,12,2,1,286,4.6191
2008,12,2,2,345,4.3380
2008,12,2,3,314,4.8078
2008,12,2,4,312,6.0427
2008,12,2,5,301,6.9653
2008,12,3,1,256,-0.3822
2008,12,3,2,321,3.0982
2008,12,3,3,280,1.5165
2008,12,3,4,208,1.7918
2008,12,3,5,182,1.5288
2009,1,1,1,721,-2.1231
2009,1,1,2,632,-8.2493
2009,1,1,3,593,-9.0260
2009,1,1,4,623,-10.0742
2009,1,1,5,619,-11.0156
2009,1,2,1,289,-3.2654
2009,1,2,2,340,-9.1335
2009,1,2,3,312,-10.0097
2009,1,2,4,313,-9.9990
2009,1,2,5,303,-9.2537
2009,1,3,1,252,-7.6145
2009,1,3,2,318,-4.5722
2009,1,3,3,276,-4.2050
2009,1,3,4,215,-6.9163
2009,1,3,5,180,-5.8782
2009,2,1,1,708,-13.9505
2009,2,1,2,612,-12.3139
2009,2,1,3,578,-13.3775
2009,2,1,4,628,-12.7728
2009,2,1,5,611,-10.2844
2009,2,2,1,288,-14.3011
2009,2,2,2,331,-10.5159
2009,2,2,3,312,-12.4504
2009,2,2,4,324,-10.5462
2009,2,2,5,304,-8.5726
2009,2,3,1,253,-11.5375
2009,2,3,2,321,-8.3450
2009,2,3,3,284,-8.8866
2009,2,3,4,221,-11.1818
2009,2,3,5,179,-6.7153
2009,3,1,1,703,8.0083
2009,3,1,2,625,8.8116
2009,3,1,3,596,9.5221
2009,3,1,4,633,10.8489
2009,3,1,5,616,14.4793
2009,3,2,1,299,9.7785
2009,3,2,2,356,10.8834
2009,3,2,3,334,8.4984
2009,3,2,4,336,7.8350
2009,3,2,5,317,12.4079
2009,3,3,1,262,7.8755
2009,3,3,2,335,8.1818
2009,3,3,3,294,8.9843
2009,3,3,4,232,8.4584
2009,3,3,5,191,6.9550
2009,4,1,1,702,15.4123
2009,4,1,2,621,19.2550
2009,4,1,3,599,22.3949
2009,4,1,4,647,26.4368
2009,4,1,5,613,24.3368
2009,4,2,1,304,16.0188
2009,4,2,2,356,19.5021
2009,4,2,3,330,22.1240
2009,4,2,4,333,24.2870
2009,4,2,5,323,21.1295
2009,4,3,1,262,8.1071
2009,4,3,2,330,6.7383
2009,4,3,3,286,10.4475
2009,4,3,4,233,12.8766
2009,4,3,5,193,5.6275
2009,5,1,1,700,12.8850
2009,5,1,2,612,9.6781
2009,5,1,3,597,7.8194
2009,5,1,4,655,8.0707
2009,5,1,5,600,5.1933
2009,5,2,1,309,6.8673
2009,5,2,2,357,4.0244
2009,5,2,3,335,4.5011
2009,5,2,4,340,3.1271
2009,5,2,5,322,1.6756
2009,5,3,1,271,4.8731
2009,5,3,2,336,5.6854
2009,5,3,3,302,4.4594
2009,5,3,4,246,3.2490
2009,5,3,5,197,1.6944
2009,6,1,1,707,5.8325
2009,6,1,2,639,6.0721
2009,6,1,3,619,5.9624
2009,6,1,4,691,6.5244
2009,6,1,5,627,5.4795
2009,6,2,1,315,2.5392
2009,6,2,2,372,2.4736
2009,6,2,3,345,2.7133
2009,6,2,4,351,2.1673
2009,6,2,5,326,0.9133
2009,6,3,1,276,-0.6344
2009,6,3,2,342,0.5900
2009,6,3,3,303,2.1658
2009,6,3,4,254,1.1384
2009,6,3,5,201,-0.3380
2009,7,1,1,651,10.9182
2009,7,1,2,611,10.0414
2009,7,1,3,584,11.7706
2009,7,1,4,656,12.0750
2009,7,1,5,600,10.4287
2009,7,2,1,295,9.2990
2009,7,2,2,364,9.8589
2009,7,2,3,323,10.1035
2009,7,2,4,336,11.0608
2009,7,2,5,315,9.5826
2009,7,3,1,269,8.0728
2009,7,3,2,330,7.8472
2009,7,3,3,291,7.3678
2009,7,3,4,243,7.3082
2009,7,3,5,198,5.7485
2009,8,1,1,640,5.0715
2009,8,1,2,609,3.2226
2009,8,1,3,580,3.9428
2009,8,1,4,652,6.4126
2009,8,1,5,602,4.9946
2009,8,2,1,294,3.1795
2009,8,2,2,367,3.1066
2009,8,2,3,330,4.4061
2009,8,2,4,335,3.1712
2009,8,2,5,320,1.4691
2009,8,3,1,270,2.0497
2009,8,3,2,340,1.3903
2009,8,3,3,299,2.6577
2009,8,3,4,251,2.1933
2009,8,3,5,197,2.7259
2009,9,1,1,645,10.4667
2009,9,1,2,622,9.0066
2009,9,1,3,603,9.8664
2009,9,1,4,672,8.7445
2009,9,1,5,618,4.9878
2009,9,2,1,289,9.1293
2009,9,2,2,373,7.5692
2009,9,2,3,330,6.8764
2009,9,2,4,334,7.0566
2009,9,2,5,317,6.4109
2009,9,3,1,272,4.9945
2009,9,3,2,345,4.5727
2009,9,3,3,299,4.5184
2009,9,3,4,255,4.9158
2009,9,3,5,197,2.2393
2009,10,1,1,631,-12.0711
2009,10,1,2,599,-8.7777
2009,10,1,3,586,-8.9853
2009,10,1,4,663,-8.0338
2009,10,1,5,600,-6.4616
2009,10,2,1,281,-10.1019
2009,10,2,2,371,-8.0174
2009,10,2,3,322,-5.2168
2009,10,2,4,326,-5.8309
2009,10,2,5,313,-4.7691
2009,10,3,1,269,-4.3356
2009,10,3,2,339,-1.8326
2009,10,3,3,289,0.6148
2009,10,3,4,247,-0.2637
2009,10,3,5,194,-0.0720
2009,11,1,1,605,1.3497
2009,11,1,2,575,3.4831
2009,11,1,3,575,1.6158
2009,11,1,4,655,1.6810
2009,11,1,5,590,1.5192
2009,11,2,1,260,3.8866
2009,11,2,2,362,4.4211
2009,11,2,3,326,3.0580
2009,11,2,4,319,3.2066
2009,11,2,5,308,1.5479
2009,11,3,1,265,6.3588
2009,11,3,2,336,6.4656
2009,11,3,3,291,5.9431
2009,11,3,4,243,5.8986
2009,11,3,5,192,4.5017
2009,12,1,1,594,7.9584
2009,12,1,2,583,9.3518
2009,12,1,3,588,11.0024
2009,12,1,4,660,9.6164
2009,12,1,5,602,8.2066
2009,12,2,1,258,7.8360
2009,12,2,2,363,10.3718
2009,12,2,3,334,8.4918
2009,12,2,4,312,8.6764
2009,12,2,5,308,7.5214
2009,12,3,1,266,3.5815
2009,12,3,2,338,3.9101
2009,12,3,3,292,2.9578
2009,12,3,4,241,0.3473
2009,12,3,5,194,1.4324
2010,1,1,1,577,-4.3667
2010,1,1,2,573,-3.9543
2010,1,1,3,568,-2.9526
2010,1,1,4,657,-3.3718
2010,1,1,5,592,-3.1845
2010,1,2,1,250,-3.3930
2010,1,2,2,354,-5.0869
2010,1,2,3,326,-3.9770
2010,1,2,4,307,-2.8923
2010,1,2,5,302,-3.5507
2010,1,3,1,260,-2.2726
2010,1,3,2,331,-4.9804
2010,1,3,3,285,-4.6142
2010,1,3,4,229,-4.5785
2010,1,3,5,184,-2.0230
2010,2,1,1,566,4.1834
2010,2,1,2,549,5.0990
2010,2,1,3,551,5.9939
2010,2,1,4,643,5.2575
2010,2,1,5,585,5.6185
2010,2,2,1,241,4.1076
2010,2,2,2,334,4.7793
2010,2,2,3,313,4.8345
2010,2,2,4,294,5.0325
2010,2,2,5,294,5.6494
2010,2,3,1,249,1.6923
2010,2,3,2,311,3.1221
2010,2,3,3,274,3.8370
2010,2,3,4,227,5.0365
2010,2,3,5,181,3.5578
2010,3,1,1,556,8.4549
2010,3,1,2,535,7.0069
2010,3,1,3,549,8.0859
2010,3,1,4,629,10.4105
2010,3,1,5,579,7.2277
2010,3,2,1,236,5.7809
2010,3,2,2,327,8.8666
2010,3,2,3,319,8.8251
2010,3,2,4,301,8.0893
2010,3,2,5,283,8.2745
2010,3,3,1,249,5.1026
2010,3,3,2,313,5.6505
2010,3,3,3,281,5.4634
2010,3,3,4,233,5.7190
2010,3,3,5,178,5.8190
2010,4,1,1,540,9.0127
2010,4,1,2,517,7.6002
2010,4,1,3,540,7.7271
2010,4,1,4,637,8.2726
2010,4,1,5,581,8.7216
2010,4,2,1,220,7.1091
2010,4,2,2,310,7.2282
2010,4,2,3,306,5.4999
2010,4,2,4,285,3.8800
2010,4,2,5,271,4.9029
2010,4,3,1,233,1.9438
2010,4,3,2,297,-0.0050
2010,4,3,3,271,2.5927
2010,4,3,4,210,2.9107
2010,4,3,5,170,1.5932
2010,5,1,1,514,-10.4074
2010,5,1,2,490,-8.2854
2010,5,1,3,517,-8.8782
2010,5,1,4,606,-8.2909
2010,5,1,5,575,-7.8093
2010,5,2,1,214,-9.5469
2010,5,2,2,304,-7.9948
2010,5,2,3,297,-8.7123
2010,5,2,4,272,-5.3567
2010,5,2,5,261,-5.5304
2010,5,3,1,236,-8.2097
2010,5,3,2,293,-7.4501
2010,5,3,3,273,-8.0558
2010,5,3,4,216,-7.4379
2010,5,3,5,169,-6.4304
2010,6,1,1,532,-8.9085
2010,6,1,2,518,-7.1266
2010,6,1,3,550,-6.2908
2010,6,1,4,621,-8.2640
2010,6,1,5,597,-10.1069
2010,6,2,1,213,-5.2283
2010,6,2,2,302,-7.4167
2010,6,2,3,297,-7.9771
2010,6,2,4,275,-7.1040
2010,6,2,5,267,-9.5516
2010,6,3,1,243,-3.6198
2010,6,3,2,304,-4.1028
2010,6,3,3,278,-4.6119
2010,6,3,4,220,-6.2020
2010,6,3,5,168,-7.9752
2010,7,1,1,503,7.3119
2010,7,1,2,493,6.4541
2010,7,1,3,522,6.4307
2010,7,1,4,602,8.4629
2010,7,1,5,575,7.0819
2010,7,2,1,196,5.9572
2010,7,2,2,280,7.9609
2010,7,2,3,287,9.1693
2010,7,2,4,258,6.6727
2010,7,2,5,258,5.7907
2010,7,3,1,232,7.0916
2010,7,3,2,293,7.3220
2010,7,3,3,273,7.6375
2010,7,3,4,212,6.3771
2010,7,3,5,158,5.1361
2010,8,1,1,493,-9.6237
2010,8,1,2,472,-8.6388
2010,8,1,3,507,-7.3143
2010,8,1,4,599,-7.6959
2010,8,1,5,566,-10.3536
2010,8,2,1,189,-4.7690
2010,8,2,2,273,-6.2298
2010,8,2,3,284,-5.1878
2010,8,2,4,256,-5.7478
2010,8,2,5,257,-10.2565
2010,8,3,1,228,-2.7747
2010,8,3,2,290,-3.0427
2010,8,3,3,280,-5.0099
2010,8,3,4,212,-4.1476
2010,8,3,5,155,-4.1362
2010,9,1,1,497,10.8246
2010,9,1,2,499,12.4187
2010,9,1,3,524,12.4679
2010,9,1,4,619,11.9314
2010,9,1,5,598,14.1490
2010,9,2,1,190,11.5630
2010,9,2,2,280,13.7007
2010,9,2,3,287,14.4099
2010,9,2,4,263,14.2394
2010,9,2,5,256,14.3485
2010,9,3,1,225,8.3073
2010,9,3,2,296,9.1215
2010,9,3,3,284,10.0686
2010,9,3,4,221,10.0517
2010,9,3,5,153,12.1493
2010,10,1,1,492,4.9130
2010,10,1,2,479,5.6948
2010,10,1,3,507,6.9091
2010,10,1,4,609,5.5785
2010,10,1,5,594,4.9398
2010,10,2,1,188,2.6284
2010,10,2,2,271,4.1756
2010,10,2,3,276,4.4021
2010,10,2,4,258,4.5038
2010,10,2,5,253,3.1563
2010,10,3,1,222,2.8407
2010,10,3,2,282,5.6548
2010,10,3,3,275,4.7282
2010,10,3,4,218,4.0876
2010,10,3,5,151,2.2691
2010,11,1,1,474,3.4757
2010,11,1,2,465,4.3165
2010,11,1,3,503,3.7247
2010,11,1,4,587,4.1109
2010,11,1,5,587,4.2576
2010,11,2,1,186,2.4878
2010,11,2,2,266,3.5898
2010,11,2,3,283,4.9444
2010,11,2,4,257,4.0427
2010,11,2,5,252,5.6669
2010,11,3,1,221,-0.1029
2010,11,3,2,284,-2.2088
2010,11,3,3,277,0.9075
2010,11,3,4,218,2.8264
2010,11,3,5,153,3.1267
2010,12,1,1,493,11.1382
2010,12,1,2,480,9.1469
2010,12,1,3,512,9.9129
2010,12,1,4,607,8.4659
2010,12,1,5,593,7.4520
2010,12,2,1,189,7.4585
2010,12,2,2,265,8.0555
2010,12,2,3,287,6.3515
2010,12,2,4,257,6.8089
2010,12,2,5,256,7.4037
2010,12,3,1,226,6.6741
2010,12,3,2,288,6.4417
2010,12,3,3,279,5.8008
2010,12,3,4,220,5.5604
2010,12,3,5,156,4.3987
2011,1,1,1,484,-1.3707
2011,1,1,2,472,-0.7104
2011,1,1,3,508,-0.5064
2011,1,1,4,591,-1.5889
2011,1,1,5,585,-1.9319
2011,1,2,1,187,0.3857
2011,1,2,2,263,1.3965
2011,1,2,3,285,1.9209
2011,1,2,4,259,1.2709
2011,1,2,5,250,-0.3233
2011,1,3,1,224,2.9953
2011,1,3,2,282,0.5447
2011,1,3,3,277,2.3411
2011,1,3,4,219,4.4734
2011,1,3,5,155,0.4421
2011,2,1,1,473,4.3037
2011,2,1,2,454,4.2178
2011,2,1,3,503,6.5470
2011,2,1,4,574,4.7553
2011,2,1,5,576,5.0413
2011,2,2,1,182,5.4741
2011,2,2,2,253,5.3919
2011,2,2,3,284,5.9820
2011,2,2,4,255,5.4614
2011,2,2,5,253,5.7002
2011,2,3,1,220,4.7757
2011,2,3,2,276,3.0672
2011,2,3,3,271,2.6272
2011,2,3,4,215,4.7375
2011,2,3,5,152,2.2607
2011,3,1,1,478,1.5873
2011,3,1,2,451,1.6130
2011,3,1,3,499,2.2794
2011,3,1,4,578,2.7705
2011,3,1,5,578,3.0022
2011,3,2,1,188,1.9489
2011,3,2,2,253,3.7921
2011,3,2,3,286,3.2266
2011,3,2,4,258,3.6662
2011,3,2,5,252,2.7859
2011,3,3,1,222,0.0057
2011,3,3,2,286,0.8414
2011,3,3,3,279,0.9820
2011,3,3,4,220,0.5371
2011,3,3,5,155,1.3678
2011,4,1,1,478,1.1085
2011,4,1,2,452,1.1911
2011,4,1,3,502,1.0655
2011,4,1,4,583,1.8636
2011,4,1,5,575,1.5575
2011,4,2,1,184,1.9874
2011,4,2,2,246,3.4316
2011,4,2,3,285,3.0479
2011,4,2,4,254,2.4513
2011,4,2,5,251,2.4683
2011,4,3,1,222,3.2227
2011,4,3,2,277,3.7340
2011,4,3,3,260,3.8777
2011,4,3,4,213,2.3829
2011,4,3,5,154,4.4312
2011,5,1,1,474,-2.2331
2011,5,1,2,431,-2.1752
2011,5,1,3,485,-2.4281
2011,5,1,4,557,-2.3480
2011,5,1,5,557,-1.6211
2011,5,2,1,185,-2.1936
2011,5,2,2,253,-1.4153
2011,5,2,3,284,-2.2602
2011,5,2,4,260,-1.5306
2011,5,2,5,244,-0.8437
2011,5,3,1,225,-0.8066
2011,5,3,2,286,-0.4441
2011,5,3,3,264,-1.2632
2011,5,3,4,215,-2.1061
2011,5,3,5,155,0.0078
2011,6,1,1,493,-6.3597
2011,6,1,2,456,-3.4161
2011,6,1,3,504,-2.1827
2011,6,1,4,576,-1.7255
2011,6,1,5,564,-1.4229
2011,6,2,1,193,-3.0877
2011,6,2,2,259,-1.8707
2011,6,2,3,290,-1.6078
2011,6,2,4,268,-1.2223
2011,6,2,5,246,-0.8086
2011,6,3,1,228,-2.3812
2011,6,3,2,296,-1.7397
2011,6,3,3,267,-0.5729
2011,6,3,4,220,-1.5141
2011,6,3,5,153,-0.7881
2011,7,1,1,467,-3.6182
2011,7,1,2,447,-3.0327
2011,7,1,3,488,-4.1002
2011,7,1,4,555,-3.2446
2011,7,1,5,558,-1.5286
2011,7,2,1,192,-2.2774
2011,7,2,2,247,-5.1857
2011,7,2,3,280,-5.8553
2011,7,2,4,260,-4.6960
2011,7,2,5,248,-3.1121
2011,7,3,1,220,-2.1397
2011,7,3,2,284,-2.5350
2011,7,3,3,257,-2.5942
2011,7,3,4,214,0.1477
2011,7,3,5,151,-1.2453
2011,8,1,1,457,-12.6019
2011,8,1,2,431,-10.8160
2011,8,1,3,469,-10.7026
2011,8,1,4,551,-10.9052
2011,8,1,5,560,-10.5257
2011,8,2,1,182,-7.9637
2011,8,2,2,239,-8.9310
2011,8,2,3,277,-8.8792
2011,8,2,4,258,-9.5830
2011,8,2,5,239,-8.1719
2011,8,3,1,220,-4.7499
2011,8,3,2,281,-4.0670
2011,8,3,3,255,-5.8413
2011,8,3,4,214,-5.9051
2011,8,3,5,147,-3.9131
2011,9,1,1,480,-12.2518
2011,9,1,2,451,-11.0962
2011,9,1,3,490,-11.3599
2011,9,1,4,572,-11.2739
2011,9,1,5,567,-12.4342
2011,9,2,1,186,-10.3914
2011,9,2,2,249,-11.6907
2011,9,2,3,285,-11.2575
2011,9,2,4,265,-12.3889
2011,9,2,5,241,-9.9904
2011,9,3,1,217,-7.0532
2011,9,3,2,283,-5.6873
2011,9,3,3,259,-8.5165
2011,9,3,4,221,-5.5171
2011,9,3,5,150,-6.1178
2011,10,1,1,480,12.6549
2011,10,1,2,446,13.2340
2011,10,1,3,486,14.3539
2011,10,1,4,568,14.6430
2011,10,1,5,564,14.4692
2011,10,2,1,184,14.1249
2011,10,2,2,247,16.1216
2011,10,2,3,283,16.7223
2011,10,2,4,266,15.3635
2011,10,2,5,231,15.5273
2011,10,3,1,213,11.0666
2011,10,3,2,282,9.4536
2011,10,3,3,252,12.0428
2011,10,3,4,221,10.5714
2011,10,3,5,155,10.4017
2011,11,1,1,470,-2.0982
2011,11,1,2,428,-1.6237
2011,11,1,3,473,-0.4330
2011,11,1,4,554,-0.8559
2011,11,1,5,552,-2.1505
2011,11,2,1,184,0.3853
2011,11,2,2,248,0.0904
2011,11,2,3,278,-0.0066
2011,11,2,4,260,-1.0741
2011,11,2,5,232,-1.3311
2011,11,3,1,212,1.4327
2011,11,3,2,285,-0.3824
2011,11,3,3,251,1.1792
2011,11,3,4,222,-0.3049
2011,11,3,5,154,0.2203
2011,12,1,1,476,-0.3773
2011,12,1,2,445,0.5954
2011,12,1,3,499,1.1308
2011,12,1,4,555,0.9408
2011,12,1,5,557,1.9222
2011,12,2,1,189,-0.5972
2011,12,2,2,259,1.4082
2011,12,2,3,290,-1.3107
2011,12,2,4,264,-1.6969
2011,12,2,5,238,1.0375
2011,12,3,1,215,1.5746
2011,12,3,2,287,0.4754
2011,12,3,3,258,-0.5237
2011,12,3,4,222,1.6816
2011,12,3,5,155,-0.5427
2012,1,1,1,466,12.6342
2012,1,1,2,444,6.9890
2012,1,1,3,499,8.1102
2012,1,1,4,549,9.6174
2012,1,1,5,552,8.1565
2012,1,2,1,191,5.7371
2012,1,2,2,258,6.6307
2012,1,2,3,288,7.2191
2012,1,2,4,263,9.1296
2012,1,2,5,240,7.0975
2012,1,3,1,210,2.9880
2012,1,3,2,281,3.2408
2012,1,3,3,253,6.3452
2012,1,3,4,218,4.7417
2012,1,3,5,156,6.0941
2012,2,1,1,455,3.3398
2012,2,1,2,438,1.1093
2012,2,1,3,491,2.0017
2012,2,1,4,528,1.1258
2012,2,1,5,542,2.9243
2012,2,2,1,186,4.1080
2012,2,2,2,263,3.7551
2012,2,2,3,288,3.0872
2012,2,2,4,258,3.2207
2012,2,2,5,234,3.0600
2012,2,3,1,208,3.4942
2012,2,3,2,286,3.6470
2012,2,3,3,250,3.0130
2012,2,3,4,217,7.2094
2012,2,3,5,157,3.1084
2012,3,1,1,448,1.0431
2012,3,1,2,441,2.5970
2012,3,1,3,494,4.4043
2012,3,1,4,531,3.9002
2012,3,1,5,543,3.9611
2012,3,2,1,187,1.3953
2012,3,2,2,268,1.9617
2012,3,2,3,294,1.8982
2012,3,2,4,263,2.4406
2012,3,2,5,238,2.8389
2012,3,3,1,213,1.2019
2012,3,3,2,291,2.6865
2012,3,3,3,252,1.5483
2012,3,3,4,219,2.9781
2012,3,3,5,160,4.5504
2012,4,1,1,447,-3.4724
2012,4,1,2,437,-1.3561
2012,4,1,3,492,-2.6285
2012,4,1,4,540,-2.2558
2012,4,1,5,540,-2.0588
2012,4,2,1,191,-0.4716
2012,4,2,2,269,-1.1601
2012,4,2,3,287,-1.3302
2012,4,2,4,254,-2.3564
2012,4,2,5,235,-0.7162
2012,4,3,1,212,-0.2745
2012,4,3,2,286,-0.3152
2012,4,3,3,248,-0.8549
2012,4,3,4,210,-0.6506
2012,4,3,5,160,-0.1345
2012,5,1,1,436,-7.6781
2012,5,1,2,418,-8.2167
2012,5,1,3,475,-7.1495
2012,5,1,4,512,-8.6667
2012,5,1,5,517,-6.4236
2012,5,2,1,188,-7.4771
2012,5,2,2,267,-7.8355
2012,5,2,3,283,-6.6408
2012,5,2,4,250,-8.3842
2012,5,2,5,230,-5.3074
2012,5,3,1,214,-5.1120
2012,5,3,2,289,-5.1903
2012,5,3,3,256,-7.1859
2012,5,3,4,211,-6.4874
2012,5,3,5,160,-2.8127
2012,6,1,1,451,9.3289
2012,6,1,2,438,7.3231
2012,6,1,3,479,5.7995
2012,6,1,4,533,5.4232
2012,6,1,5,527,4.9622
2012,6,2,1,198,7.5415
2012,6,2,2,278,4.3571
2012,6,2,3,290,5.1871
2012,6,2,4,259,4.4262
2012,6,2,5,232,1.6716
2012,6,3,1,216,5.1063
2012,6,3,2,295,4.6509
2012,6,3,3,262,2.1112
2012,6,3,4,213,3.0001
2012,6,3,5,172,2.4390
2012,7,1,1,443,-3.1037
2012,7,1,2,420,-2.7216
2012,7,1,3,462,-1.6427
2012,7,1,4,523,-2.0550
2012,7,1,5,518,-1.5075
2012,7,2,1,196,-0.8835
2012,7,2,2,275,-2.3063
2012,7,2,3,291,-1.4758
2012,7,2,4,249,-1.4804
2012,7,2,5,229,-1.7025
2012,7,3,1,212,1.8779
2012,7,3,2,289,1.9786
2012,7,3,3,265,-0.1211
2012,7,3,4,209,1.7208
2012,7,3,5,170,1.0762
2012,8,1,1,433,3.2232
2012,8,1,2,408,1.4388
2012,8,1,3,445,3.6524
2012,8,1,4,510,2.5633
2012,8,1,5,509,3.3895
2012,8,2,1,193,2.4072
2012,8,2,2,266,4.8272
2012,8,2,3,292,4.0444
2012,8,2,4,254,3.5373
2012,8,2,5,224,4.3222
2012,8,3,1,211,0.5971
2012,8,3,2,292,1.9771
2012,8,3,3,261,1.8956
2012,8,3,4,210,3.9231
2012,8,3,5,169,3.2480
2012,9,1,1,439,5.1185
2012,9,1,2,429,5.0150
2012,9,1,3,458,4.5317
2012,9,1,4,519,4.4018
2012,9,1,5,518,4.4651
2012,9,2,1,193,4.0229
2012,9,2,2,268,3.1792
2012,9,2,3,295,2.7212
2012,9,2,4,258,3.2944
2012,9,2,5,225,2.3964
2012,9,3,1,212,3.5719
2012,9,3,2,295,3.0132
2012,9,3,3,261,1.3736
2012,9,3,4,208,2.0852
2012,9,3,5,170,1.5217
2012,10,1,1,431,-6.9250
2012,10,1,2,418,-5.4534
2012,10,1,3,455,-3.2053
2012,10,1,4,514,-3.1014
2012,10,1,5,508,-1.7683
2012,10,2,1,189,-3.2230
2012,10,2,2,256,-1.4828
2012,10,2,3,285,-1.6626
2012,10,2,4,254,-2.1578
2012,10,2,5,226,-1.3469
2012,10,3,1,211,-1.2684
2012,10,3,2,292,-2.7844
2012,10,3,3,257,-2.5554
2012,10,3,4,208,-2.4444
2012,10,3,5,170,-1.8257
2012,11,1,1,433,-1.2550
2012,11,1,2,412,0.2090
2012,11,1,3,444,0.8373
2012,11,1,4,498,1.1177
2012,11,1,5,491,2.7716
2012,11,2,1,186,-1.3175
2012,11,2,2,254,2.0408
2012,11,2,3,282,1.6727
2012,11,2,4,245,0.9345
2012,11,2,5,225,2.0761
2012,11,3,1,215,-0.7451
2012,11,3,2,292,1.8589
2012,11,3,3,258,1.0506
2012,11,3,4,211,0.5851
2012,11,3,5,171,1.9985
2012,12,1,1,447,-0.1995
2012,12,1,2,424,4.0832
2012,12,1,3,450,4.8578
2012,12,1,4,517,4.6071
2012,12,1,5,500,3.3855
2012,12,2,1,190,3.5338
2012,12,2,2,261,4.7443
2012,12,2,3,285,3.6018
2012,12,2,4,248,3.7467
2012,12,2,5,231,2.0454
2012,12,3,1,220,1.2890
2012,12,3,2,296,0.3702
2012,12,3,3,259,1.2370
2012,12,3,4,210,0.1015
2012,12,3,5,172,-0.7446
2013,1,1,1,445,7.5249
2013,1,1,2,416,5.0365
2013,1,1,3,445,5.4832
2013,1,1,4,506,5.3556
2013,1,1,5,492,6.3170
2013,1,2,1,187,6.4160
2013,1,2,2,254,6.3348
2013,1,2,3,275,6.3727
2013,1,2,4,250,6.0120
2013,1,2,5,225,7.1188
2013,1,3,1,216,6.4418
2013,1,3,2,289,6.6207
2013,1,3,3,254,3.4740
2013,1,3,4,209,4.5047
2013,1,3,5,171,4.8558
2013,2,1,1,445,-1.3042
2013,2,1,2,399,-0.1958
2013,2,1,3,447,1.0153
2013,2,1,4,497,0.9873
2013,2,1,5,486,1.8176
2013,2,2,1,178,0.9132
2013,2,2,2,247,1.5547
2013,2,2,3,267,1.0218
2013,2,2,4,243,1.3405
2013,2,2,5,215,0.7219
2013,2,3,1,212,1.6732
2013,2,3,2,285,1.3076
2013,2,3,3,248,1.4385
2013,2,3,4,211,1.4485
2013,2,3,5,170,1.1269
2013,3,1,1,447,6.5787
2013,3,1,2,404,5.0635
2013,3,1,3,443,4.3609
2013,3,1,4,506,4.0390
2013,3,1,5,489,6.6862
2013,3,2,1,180,4.8156
2013,3,2,2,254,4.3115
2013,3,2,3,276,4.5271
2013,3,2,4,249,5.9625
2013,3,2,5,212,4.8085
2013,3,3,1,214,4.3129
2013,3,3,2,286,3.7055
2013,3,3,3,252,3.6210
2013,3,3,4,209,2.7451
2013,3,3,5,172,4.5333
2013,4,1,1,435,1.3513
2013,4,1,2,404,0.1204
2013,4,1,3,438,0.1398
2013,4,1,4,508,-0.2673
2013,4,1,5,496,0.2041
2013,4,2,1,178,-0.0832
2013,4,2,2,249,-1.0041
2013,4,2,3,264,-1.6507
2013,4,2,4,250,-1.5928
2013,4,2,5,215,-0.7040
2013,4,3,1,214,1.7123
2013,4,3,2,281,2.7664
2013,4,3,3,244,0.7628
2013,4,3,4,207,0.3356
2013,4,3,5,167,1.6524
2013,5,1,1,429,3.5423
2013,5,1,2,381,5.0753
2013,5,1,3,431,5.8811
2013,5,1,4,500,5.9523
2013,5,1,5,492,7.5224
2013,5,2,1,178,3.2416
2013,5,2,2,251,5.5738
2013,5,2,3,268,5.4746
2013,5,2,4,253,6.2837
2013,5,2,5,209,5.8084
2013,5,3,1,219,-0.5502
2013,5,3,2,282,2.1597
2013,5,3,3,251,2.3528
2013,5,3,4,198,2.8549
2013,5,3,5,163,2.6829
2013,6,1,1,447,-0.3884
2013,6,1,2,394,2.4464
2013,6,1,3,447,2.9824
2013,6,1,4,506,0.4304
2013,6,1,5,501,0.2752
2013,6,2,1,185,-0.6658
2013,6,2,2,255,-1.4805
2013,6,2,3,271,-0.0329
2013,6,2,4,259,-0.8339
2013,6,2,5,216,0.1763
2013,6,3,1,223,-0.4108
2013,6,3,2,287,-1.1652
2013,6,3,3,253,-3.1097
2013,6,3,4,203,-1.5371
2013,6,3,5,165,-1.1152
2013,7,1,1,427,11.2316
2013,7,1,2,375,8.4901
2013,7,1,3,430,8.2345
2013,7,1,4,472,7.3150
2013,7,1,5,489,6.9276
2013,7,2,1,174,7.8348
2013,7,2,2,248,5.9733
2013,7,2,3,273,7.5123
2013,7,2,4,254,6.8828
2013,7,2,5,215,6.7724
2013,7,3,1,220,5.5673
2013,7,3,2,281,4.3071
2013,7,3,3,242,5.9349
2013,7,3,4,195,6.0069
2013,7,3,5,162,6.1458
2013,8,1,1,415,-2.7362
2013,8,1,2,365,-3.8651
2013,8,1,3,427,-1.7363
2013,8,1,4,464,-0.8098
2013,8,1,5,483,-3.9671
2013,8,2,1,175,-2.4442
2013,8,2,2,244,-2.5431
2013,8,2,3,267,-2.1968
2013,8,2,4,255,-2.3385
2013,8,2,5,210,-3.1479
2013,8,3,1,224,-2.4273
2013,8,3,2,285,-2.3707
2013,8,3,3,241,-1.3831
2013,8,3,4,193,-2.4491
2013,8,3,5,161,-3.6773
2013,9,1,1,427,7.9631
2013,9,1,2,378,7.6799
2013,9,1,3,439,7.4220
2013,9,1,4,473,7.5017
2013,9,1,5,491,6.0056
2013,9,2,1,182,5.7652
2013,9,2,2,249,6.4587
2013,9,2,3,270,6.9294
2013,9,2,4,257,6.3367
2013,9,2,5,210,5.7739
2013,9,3,1,228,3.9483
2013,9,3,2,293,3.4460
2013,9,3,3,242,3.1706
2013,9,3,4,195,2.8077
2013,9,3,5,162,4.8616
2013,10,1,1,426,-2.8736
2013,10,1,2,368,2.5298
2013,10,1,3,428,3.0248
2013,10,1,4,469,3.9436
2013,10,1,5,483,3.3621
2013,10,2,1,180,0.6647
2013,10,2,2,237,1.5729
2013,10,2,3,263,4.3259
2013,10,2,4,254,3.8297
2013,10,2,5,206,2.4515
2013,10,3,1,226,3.7170
2013,10,3,2,287,4.9367
2013,10,3,3,243,3.4287
2013,10,3,4,197,4.8900
2013,10,3,5,161,5.8984
2013,11,1,1,418,8.0575
2013,11,1,2,353,5.0939
2013,11,1,3,419,4.8719
2013,11,1,4,462,5.2273
2013,11,1,5,476,4.7868
2013,11,2,1,177,2.5774
2013,11,2,2,234,2.7988
2013,11,2,3,265,3.1781
2013,11,2,4,254,3.6464
2013,11,2,5,208,5.6351
2013,11,3,1,223,0.4630
2013,11,3,2,291,2.4304
2013,11,3,3,245,3.0988
2013,11,3,4,198,3.8863
2013,11,3,5,162,3.9075
2013,12,1,1,442,3.3780
2013,12,1,2,374,2.3988
2013,12,1,3,426,2.9471
2013,12,1,4,480,2.8440
2013,12,1,5,476,2.2331
2013,12,2,1,185,1.8083
2013,12,2,2,239,3.2792
2013,12,2,3,269,2.4463
2013,12,2,4,258,2.5102
2013,12,2,5,216,1.0791
2013,12,3,1,227,2.3949
2013,12,3,2,293,3.1095
2013,12,3,3,251,2.4357
2013,12,3,4,196,3.9150
2013,12,3,5,167,1.0375
2014,1,1,1,443,5.6831
2014,1,1,2,371,-1.1235
2014,1,1,3,422,-2.5932
2014,1,1,4,477,-2.7824
2014,1,1,5,473,-4.1758
2014,1,2,1,181,1.4621
2014,1,2,2,237,-2.8677
2014,1,2,3,265,-2.8255
2014,1,2,4,256,-3.5128
2014,1,2,5,216,-5.1342
2014,1,3,1,223,-1.8533
2014,1,3,2,286,-1.8054
2014,1,3,3,242,-4.1935
2014,1,3,4,191,-5.4174
2014,1,3,5,167,-6.1365
2014,2,1,1,439,6.4466
2014,2,1,2,368,4.4605
2014,2,1,3,408,4.5662
2014,2,1,4,473,5.0529
2014,2,1,5,463,3.8473
2014,2,2,1,189,7.4227
2014,2,2,2,226,4.5688
2014,2,2,3,258,4.5830
2014,2,2,4,254,5.2723
2014,2,2,5,210,3.8864
2014,2,3,1,221,4.8272
2014,2,3,2,286,4.4973
2014,2,3,3,241,5.5006
2014,2,3,4,187,5.4803
2014,2,3,5,166,4.8057
2014,3,1,1,437,-4.2999
2014,3,1,2,366,0.3026
2014,3,1,3,416,0.5086
2014,3,1,4,474,1.7953
2014,3,1,5,469,-0.0959
2014,3,2,1,201,-3.9193
2014,3,2,2,234,-0.8928
2014,3,2,3,270,0.2966
2014,3,2,4,265,-0.0988
2014,3,2,5,216,1.0526
2014,3,3,1,226,0.8117
2014,3,3,2,293,-0.0497
2014,3,3,3,246,0.2486
2014,3,3,4,192,0.5437
2014,3,3,5,169,-0.4075
2014,4,1,1,457,-8.8506
2014,4,1,2,363,-6.6330
2014,4,1,3,410,-4.7044
2014,4,1,4,478,-5.3717
2014,4,1,5,472,-4.0346
2014,4,2,1,203,-2.2532
2014,4,2,2,226,-4.6172
2014,4,2,3,269,-4.3638
2014,4,2,4,262,-3.4736
2014,4,2,5,212,-1.4722
2014,4,3,1,225,1.3849
2014,4,3,2,292,0.6596
2014,4,3,3,240,1.6242
2014,4,3,4,190,1.4880
2014,4,3,5,169,-0.6934
2014,5,1,1,449,-0.8262
2014,5,1,2,352,-0.6918
2014,5,1,3,405,0.1879
2014,5,1,4,468,-1.7653
2014,5,1,5,455,-1.2462
2014,5,2,1,204,0.3398
2014,5,2,2,223,1.1131
2014,5,2,3,272,0.9862
2014,5,2,4,261,0.6663
2014,5,2,5,212,0.0173
2014,5,3,1,218,1.0837
2014,5,3,2,291,3.0806
2014,5,3,3,248,2.6313
2014,5,3,4,196,1.6338
2014,5,3,5,165,1.3411
2014,6,1,1,475,11.0428
2014,6,1,2,367,4.8305
2014,6,1,3,427,4.6948
2014,6,1,4,493,3.5204
2014,6,1,5,462,3.6008
2014,6,2,1,211,7.1931
2014,6,2,2,233,5.7511
2014,6,2,3,285,6.5346
2014,6,2,4,267,5.1327
2014,6,2,5,212,4.0798
2014,6,3,1,222,3.1736
2014,6,3,2,297,2.6217
2014,6,3,3,251,1.7886
2014,6,3,4,207,1.9229
2014,6,3,5,167,0.4684
2014,7,1,1,458,-10.0085
2014,7,1,2,351,-5.9601
2014,7,1,3,399,-7.1053
2014,7,1,4,483,-6.6118
2014,7,1,5,455,-4.3843
2014,7,2,1,206,-7.6490
2014,7,2,2,221,-6.0445
2014,7,2,3,277,-5.1292
2014,7,2,4,264,-6.0112
2014,7,2,5,212,-5.9976
2014,7,3,1,223,-2.5510
2014,7,3,2,296,-0.9426
2014,7,3,3,252,-1.6880
2014,7,3,4,208,-2.4540
2014,7,3,5,163,-1.1372
2014,8,1,1,457,4.9885
2014,8,1,2,345,2.1435
2014,8,1,3,395,4.6327
2014,8,1,4,482,4.8316
2014,8,1,5,447,5.7037
2014,8,2,1,202,6.2072
2014,8,2,2,222,4.6043
2014,8,2,3,270,6.5513
2014,8,2,4,259,3.8895
2014,8,2,5,216,5.0194
2014,8,3,1,222,4.6533
2014,8,3,2,298,3.6961
2014,8,3,3,259,4.8421
2014,8,3,4,213,4.0434
2014,8,3,5,163,4.9390
2014,9,1,1,493,-9.0476
2014,9,1,2,363,-6.7073
2014,9,1,3,412,-5.4695
2014,9,1,4,492,-5.8333
2014,9,1,5,461,-5.1193
2014,9,2,1,205,-8.9058
2014,9,2,2,229,-5.2558
2014,9,2,3,275,-5.9436
2014,9,2,4,255,-5.4443
2014,9,2,5,221,-3.7427
2014,9,3,1,225,-2.7423
2014,9,3,2,300,-0.9102
2014,9,3,3,265,-2.4253
2014,9,3,4,213,-3.1524
2014,9,3,5,161,-1.3164
2014,10,1,1,493,3.3613
2014,10,1,2,352,5.1047
2014,10,1,3,403,6.3310
2014,10,1,4,480,6.8455
2014,10,1,5,465,5.1032
2014,10,2,1,204,3.0684
2014,10,2,2,225,5.3336
2014,10,2,3,276,5.6670
2014,10,2,4,255,6.3880
2014,10,2,5,220,6.1409
2014,10,3,1,221,1.4809
2014,10,3,2,300,1.6997
2014,10,3,3,260,2.0613
2014,10,3,4,208,3.1786
2014,10,3,5,162,2.8359
2014,11,1,1,491,-0.5934
2014,11,1,2,351,-0.2345
2014,11,1,3,389,-1.0931
2014,11,1,4,476,-1.1494
2014,11,1,5,452,-0.7201
2014,11,2,1,207,-2.8435
2014,11,2,2,232,0.6175
2014,11,2,3,281,-0.4588
2014,11,2,4,262,1.3540
2014,11,2,5,228,3.4423
2014,11,3,1,227,0.7940
2014,11,3,2,304,2.7027
2014,11,3,3,270,3.4397
2014,11,3,4,211,1.8949
2014,11,3,5,166,6.9701
2014,12,1,1,518,5.9405
2014,12,1,2,363,4.8323
2014,12,1,3,403,4.6382
2014,12,1,4,494,4.5265
2014,12,1,5,463,6.0290
2014,12,2,1,222,1.6864
2014,12,2,2,240,2.6744
2014,12,2,3,295,2.6268
2014,12,2,4,265,1.8190
2014,12,2,5,233,0.9181
2014,12,3,1,227,-0.4198
2014,12,3,2,313,-1.1467
2014,12,3,3,274,-1.3974
2014,12,3,4,216,0.0755
2014,12,3,5,175,0.8382
2015,1,1,1,510,-3.0479
2015,1,1,2,365,-4.5645
2015,1,1,3,403,-5.5867
2015,1,1,4,487,-5.0068
2015,1,1,5,458,-4.5733
2015,1,2,1,221,-0.4990
2015,1,2,2,238,-3.3274
2015,1,2,3,294,-3.6979
2015,1,2,4,262,-4.4738
2015,1,2,5,236,-3.6343
2015,1,3,1,222,-1.7748
2015,1,3,2,307,-3.8429
2015,1,3,3,273,-0.7629
2015,1,3,4,216,-2.5365
2015,1,3,5,178,-0.3505
2015,2,1,1,510,7.9019
2015,2,1,2,350,6.4416
2015,2,1,3,391,6.4739
2015,2,1,4,476,5.7943
2015,2,1,5,452,4.9777
2015,2,2,1,219,5.8513
2015,2,2,2,236,8.2581
2015,2,2,3,286,7.9412
2015,2,2,4,263,6.6899
2015,2,2,5,236,6.4880
2015,2,3,1,224,3.5416
2015,2,3,2,303,6.3861
2015,2,3,3,275,6.5418
2015,2,3,4,213,5.6207
2015,2,3,5,181,6.1272
2015,3,1,1,507,-0.5674
2015,3,1,2,345,-0.5572
2015,3,1,3,392,1.1070
2015,3,1,4,481,0.6548
2015,3,1,5,449,1.8929
2015,3,2,1,222,0.5580
2015,3,2,2,249,1.8487
2015,3,2,3,287,0.9462
2015,3,2,4,273,1.5876
2015,3,2,5,238,2.2796
2015,3,3,1,232,-1.1285
2015,3,3,2,315,-2.8338
2015,3,3,3,279,-0.8577
2015,3,3,4,218,-1.7874
2015,3,3,5,186,0.1618
2015,4,1,1,526,-2.7355
2015,4,1,2,351,-0.1616
2015,4,1,3,399,-0.3907
2015,4,1,4,478,-1.1731
2015,4,1,5,455,-2.4713
2015,4,2,1,226,-1.5545
2015,4,2,2,244,0.1160
2015,4,2,3,289,-2.8441
2015,4,2,4,268,-2.4363
2015,4,2,5,243,-3.4992
2015,4,3,1,232,1.7480
2015,4,3,2,307,2.1251
2015,4,3,3,275,-0.0173
2015,4,3,4,214,-0.1659
2015,4,3,5,183,-1.8202
2015,5,1,1,528,3.9741
2015,5,1,2,340,1.0496
2015,5,1,3,380,2.4767
2015,5,1,4,462,0.7778
2015,5,1,5,447,-0.4410
2015,5,2,1,226,6.0149
2015,5,2,2,252,2.4989
2015,5,2,3,290,0.8488
2015,5,2,4,269,0.8723
2015,5,2,5,240,2.1931
2015,5,3,1,237,-0.3894
2015,5,3,2,306,0.7299
2015,5,3,3,284,2.3777
2015,5,3,4,207,0.9089
2015,5,3,5,179,1.2742
2015,6,1,1,547,0.2145
2015,6,1,2,360,0.9443
2015,6,1,3,400,3.5208
2015,6,1,4,482,2.1658
2015,6,1,5,455,1.6672
2015,6,2,1,239,-0.2077
2015,6,2,2,263,0.0441
2015,6,2,3,304,-0.5035
2015,6,2,4,272,0.8723
2015,6,2,5,252,1.6001
2015,6,3,1,244,-3.7774
2015,6,3,2,316,-2.2514
2015,6,3,3,294,-1.9890
2015,6,3,4,210,-2.4288
2015,6,3,5,182,-0.7298
2015,7,1,1,529,-5.8713
2015,7,1,2,352,-3.7606
2015,7,1,3,373,-4.3027
2015,7,1,4,453,-4.8046
2015,7,1,5,442,-3.1119
2015,7,2,1,234,-2.2088
2015,7,2,2,259,-2.5477
2015,7,2,3,290,-2.8468
2015,7,2,4,269,-1.4330
2015,7,2,5,248,0.0319
2015,7,3,1,231,0.2727
2015,7,3,2,312,2.7928
2015,7,3,3,283,-0.0909
2015,7,3,4,207,0.3087
2015,7,3,5,184,5.1622
2015,8,1,1,517,-7.4814
2015,8,1,2,335,-4.0661
2015,8,1,3,367,-5.5123
2015,8,1,4,440,-4.8103
2015,8,1,5,440,-3.9604
2015,8,2,1,232,-8.5876
2015,8,2,2,261,-6.1995
2015,8,2,3,286,-4.9191
2015,8,2,4,275,-5.0361
2015,8,2,5,252,-5.2148
2015,8,3,1,235,-6.0746
2015,8,3,2,323,-6.0724
2015,8,3,3,281,-5.8791
2015,8,3,4,207,-5.7580
2015,8,3,5,185,-5.4117
2015,9,1,1,533,-12.2587
2015,9,1,2,346,-10.0637
2015,9,1,3,384,-5.8547
2015,9,1,4,446,-5.4104
2015,9,1,5,447,-5.0205
2015,9,2,1,231,-10.9970
2015,9,2,2,267,-6.2487
2015,9,2,3,294,-6.5175
2015,9,2,4,284,-5.1661
2015,9,2,5,250,-5.0419
2015,9,3,1,236,-3.6983
2015,9,3,2,327,-2.0166
2015,9,3,3,290,-3.1025
2015,9,3,4,206,-3.3899
2015,9,3,5,188,-1.2755
2015,10,1,1,533,5.2174
2015,10,1,2,346,5.7853
2015,10,1,3,379,6.3776
2015,10,1,4,435,4.8780
2015,10,1,5,438,4.9198
2015,10,2,1,222,6.3159
2015,10,2,2,269,7.9349
2015,10,2,3,286,7.5023
2015,10,2,4,285,5.2473
2015,10,2,5,253,3.9903
2015,10,3,1,237,7.9531
2015,10,3,2,321,10.2689
2015,10,3,3,285,8.4174
2015,10,3,4,209,6.6605
2015,10,3,5,190,4.9547
2015,11,1,1,520,6.9316
2015,11,1,2,333,2.3275
2015,11,1,3,366,2.8278
2015,11,1,4,423,2.7799
2015,11,1,5,430,1.9496
2015,11,2,1,219,6.5649
2015,11,2,2,263,3.4368
2015,11,2,3,284,4.5402
2015,11,2,4,280,2.2692
2015,11,2,5,253,2.0844
2015,11,3,1,238,-0.6249
2015,11,3,2,323,-0.2431
2015,11,3,3,292,0.5530
2015,11,3,4,213,-0.0821
2015,11,3,5,190,1.3745
2015,12,1,1,550,-7.5488
2015,12,1,2,351,-4.5686
2015,12,1,3,376,-4.7681
2015,12,1,4,440,-6.0177
2015,12,1,5,440,-4.5302
2015,12,2,1,224,-5.9171
2015,12,2,2,272,-4.3901
2015,12,2,3,292,-4.3664
2015,12,2,4,286,-5.1846
2015,12,2,5,254,-5.4732
2015,12,3,1,243,-3.2426
2015,12,3,2,330,-0.4176
2015,12,3,3,293,-3.0364
2015,12,3,4,215,-3.1018
2015,12,3,5,194,-0.8734
2016,1,1,1,545,-20.7360
2016,1,1,2,346,-10.8454
2016,1,1,3,371,-8.4786
2016,1,1,4,436,-8.8759
2016,1,1,5,440,-6.8589
2016,1,2,1,218,-17.6859
2016,1,2,2,268,-8.1727
2016,1,2,3,288,-9.3622
2016,1,2,4,279,-9.3359
2016,1,2,5,255,-6.2209
2016,1,3,1,244,-3.9568
2016,1,3,2,328,-3.6191
2016,1,3,3,290,-6.7434
2016,1,3,4,213,-5.5525
2016,1,3,5,190,-4.6682
2016,2,1,1,531,-3.9199
2016,2,1,2,331,-2.4009
2016,2,1,3,360,0.6537
2016,2,1,4,425,2.3809
2016,2,1,5,433,2.0948
2016,2,2,1,222,-4.8574
2016,2,2,2,258,0.4362
2016,2,2,3,279,0.9736
2016,2,2,4,275,3.8315
2016,2,2,5,252,2.8510
2016,2,3,1,242,0.0290
2016,2,3,2,327,-0.0537
2016,2,3,3,288,1.5229
2016,2,3,4,211,1.6235
2016,2,3,5,183,0.1673
2016,3,1,1,524,11.4836
2016,3,1,2,332,7.3033
2016,3,1,3,375,5.1593
2016,3,1,4,426,6.9453
2016,3,1,5,430,6.6125
2016,3,2,1,226,11.1872
2016,3,2,2,261,9.0887
2016,3,2,3,297,8.7384
2016,3,2,4,286,8.4211
2016,3,2,5,256,8.0171
2016,3,3,1,245,7.9763
2016,3,3,2,331,6.3352
2016,3,3,3,298,7.5694
2016,3,3,4,216,7.9091
2016,3,3,5,187,5.6708
2016,4,1,1,545,8.0607
2016,4,1,2,328,6.0260
2016,4,1,3,382,3.9059
2016,4,1,4,438,2.5710
2016,4,1,5,433,0.6535
2016,4,2,1,222,8.9415
2016,4,2,2,259,2.8846
2016,4,2,3,292,1.6112
2016,4,2,4,277,1.7727
2016,4,2,5,256,-0.9015
2016,4,3,1,237,2.9846
2016,4,3,2,326,0.0949
2016,4,3,3,287,-0.8857
2016,4,3,4,214,-0.5339
2016,4,3,5,186,-0.6186
2016,5,1,1,537,-0.5141
2016,5,1,2,320,-1.0130
2016,5,1,3,376,0.0415
2016,5,1,4,421,0.4131
2016,5,1,5,421,-2.2777
2016,5,2,1,218,3.5975
2016,5,2,2,241,0.9262
2016,5,2,3,293,2.0163
2016,5,2,4,270,1.2058
2016,5,2,5,248,0.2258
2016,5,3,1,236,0.9417
2016,5,3,2,317,2.1410
2016,5,3,3,284,2.6198
2016,5,3,4,216,0.9594
2016,5,3,5,187,1.1521
2016,6,1,1,551,-4.3719
2016,6,1,2,341,1.9865
2016,6,1,3,391,1.1748
2016,6,1,4,438,2.2603
2016,6,1,5,432,0.8073
2016,6,2,1,218,-0.0763
2016,6,2,2,250,1.7634
2016,6,2,3,300,0.2076
2016,6,2,4,272,-0.2021
2016,6,2,5,250,0.2444
2016,6,3,1,235,2.7237
2016,6,3,2,325,1.1895
2016,6,3,3,289,-0.8457
2016,6,3,4,225,-0.0752
2016,6,3,5,191,0.9531
2016,7,1,1,527,3.9095
2016,7,1,2,326,6.4010
2016,7,1,3,377,5.9617
2016,7,1,4,421,7.1094
2016,7,1,5,422,6.0354
2016,7,2,1,209,6.2450
2016,7,2,2,235,5.1358
2016,7,2,3,292,6.5688
2016,7,2,4,267,6.7874
2016,7,2,5,249,6.2515
2016,7,3,1,229,1.8545
2016,7,3,2,311,4.4849
2016,7,3,3,285,4.5469
2016,7,3,4,210,4.2670
2016,7,3,5,187,3.2183
2016,8,1,1,511,0.6756
2016,8,1,2,314,2.3626
2016,8,1,3,362,3.6135
2016,8,1,4,403,4.5510
2016,8,1,5,420,1.9487
2016,8,2,1,203,0.0165
2016,8,2,2,232,0.9235
2016,8,2,3,288,2.6737
2016,8,2,4,267,1.6876
2016,8,2,5,248,0.0061
2016,8,3,1,220,-0.5464
2016,8,3,2,308,-0.6194
2016,8,3,3,284,0.4560
2016,8,3,4,206,0.0947
2016,8,3,5,185,-0.7615
2016,9,1,1,520,9.5343
2016,9,1,2,324,4.9447
2016,9,1,3,367,4.1204
2016,9,1,4,426,2.3007
2016,9,1,5,428,0.8926
2016,9,2,1,198,4.6930
2016,9,2,2,235,2.5923
2016,9,2,3,286,2.3684
2016,9,2,4,272,1.4136
2016,9,2,5,251,-1.4064
2016,9,3,1,217,0.8740
2016,9,3,2,313,0.6741
2016,9,3,3,281,0.9413
2016,9,3,4,204,-0.1801
2016,9,3,5,184,-0.8878
2016,10,1,1,518,-13.1675
2016,10,1,2,328,-4.8572
2016,10,1,3,362,-6.6964
2016,10,1,4,418,-5.5915
2016,10,1,5,425,-4.2158
2016,10,2,1,198,-9.8689
2016,10,2,2,230,-6.3968
2016,10,2,3,276,-5.1548
2016,10,2,4,264,-4.6112
2016,10,2,5,245,-4.2765
2016,10,3,1,214,-3.2025
2016,10,3,2,301,-1.8138
2016,10,3,3,270,-2.0783
2016,10,3,4,197,-1.5504
2016,10,3,5,183,-3.5413
2016,11,1,1,513,9.0717
2016,11,1,2,308,8.1925
2016,11,1,3,348,11.0473
2016,11,1,4,409,12.0451
2016,11,1,5,413,12.3916
2016,11,2,1,194,10.4621
2016,11,2,2,230,7.8230
2016,11,2,3,266,10.1991
2016,11,2,4,261,11.4741
2016,11,2,5,245,11.9538
2016,11,3,1,212,3.2255
2016,11,3,2,301,1.7436
2016,11,3,3,274,4.0912
2016,11,3,4,193,6.7680
2016,11,3,5,182,3.2722
2016,12,1,1,529,0.1597
2016,12,1,2,319,3.3220
2016,12,1,3,361,1.7383
2016,12,1,4,428,1.7716
2016,12,1,5,423,5.1087
2016,12,2,1,194,-2.6239
2016,12,2,2,235,2.4098
2016,12,2,3,268,0.6637
2016,12,2,4,263,1.5151
2016,12,2,5,249,2.1807
2016,12,3,1,221,1.2701
2016,12,3,2,308,2.0934
2016,12,3,3,278,1.4295
2016,12,3,4,194,0.7058
2016,12,3,5,186,0.1417
2017,1,1,1,533,1.1998
2017,1,1,2,318,-1.3533
2017,1,1,3,360,1.1216
2017,1,1,4,421,-0.9680
2017,1,1,5,422,-3.4182
2017,1,2,1,186,2.7950
2017,1,2,2,228,3.8660
2017,1,2,3,263,2.6367
2017,1,2,4,256,0.1355
2017,1,2,5,248,-1.3276
2017,1,3,1,213,1.7028
2017,1,3,2,306,2.5778
2017,1,3,3,275,3.4254
2017,1,3,4,193,1.7984
2017,1,3,5,186,1.5548
2017,2,1,1,528,3.4675
2017,2,1,2,312,-0.8387
2017,2,1,3,351,1.3430
2017,2,1,4,414,-0.6204
2017,2,1,5,425,0.1001
2017,2,2,1,178,2.4772
2017,2,2,2,221,0.5213
2017,2,2,3,256,1.2867
2017,2,2,4,248,0.7204
2017,2,2,5,249,1.4693
2017,2,3,1,211,2.7537
2017,2,3,2,300,3.2563
2017,2,3,3,265,3.9385
2017,2,3,4,183,4.8853
2017,2,3,5,182,3.1680
2017,3,1,1,530,1.5218
2017,3,1,2,302,1.7539
2017,3,1,3,354,1.1828
2017,3,1,4,426,2.8972
2017,3,1,5,423,0.9675
2017,3,2,1,173,0.7720
2017,3,2,2,224,0.8228
2017,3,2,3,255,1.1315
2017,3,2,4,247,1.0224
2017,3,2,5,244,1.9114
2017,3,3,1,217,-0.4064
2017,3,3,2,304,0.8059
2017,3,3,3,270,1.2883
2017,3,3,4,185,0.3364
2017,3,3,5,176,0.6931
2017,4,1,1,537,-2.3669
2017,4,1,2,307,2.2080
2017,4,1,3,358,2.9521
2017,4,1,4,430,2.1104
2017,4,1,5,434,2.3240
2017,4,2,1,173,-0.3687
2017,4,2,2,214,0.1955
2017,4,2,3,247,2.6937
2017,4,2,4,243,1.7023
2017,4,2,5,232,2.3360
2017,4,3,1,215,0.2844
2017,4,3,2,296,1.6302
2017,4,3,3,259,1.7302
2017,4,3,4,178,0.8767
2017,4,3,5,171,2.2097
2017,5,1,1,531,-5.7352
2017,5,1,2,294,-2.9114
2017,5,1,3,344,0.1238
2017,5,1,4,422,0.9765
2017,5,1,5,420,-4.0087
2017,5,2,1,175,-3.1653
2017,5,2,2,204,0.2377
2017,5,2,3,233,0.3514
2017,5,2,4,231,-1.1422
2017,5,2,5,224,-2.2166
2017,5,3,1,219,-0.2383
2017,5,3,2,298,1.8187
2017,5,3,3,255,3.9351
2017,5,3,4,183,3.1106
2017,5,3,5,166,1.0052
2017,6,1,1,556,10.0433
2017,6,1,2,310,4.4009
2017,6,1,3,361,3.5085
2017,6,1,4,449,3.7293
2017,6,1,5,422,2.7284
2017,6,2,1,182,6.8587
2017,6,2,2,211,1.5138
2017,6,2,3,239,2.5815
2017,6,2,4,239,2.8152
2017,6,2,5,226,2.6536
2017,6,3,1,226,0.3146
2017,6,3,2,300,-0.7669
2017,6,3,3,254,0.2938
2017,6,3,4,188,0.4319
2017,6,3,5,171,-0.7964
2017,7,1,1,518,-1.2419
2017,7,1,2,287,-0.7985
2017,7,1,3,339,0.5951
2017,7,1,4,421,0.1577
2017,7,1,5,403,-1.3983
2017,7,2,1,174,2.6507
2017,7,2,2,208,2.6138
2017,7,2,3,227,0.9042
2017,7,2,4,229,0.2574
2017,7,2,5,220,0.5394
2017,7,3,1,223,1.8190
2017,7,3,2,302,2.7638
2017,7,3,3,242,1.5754
2017,7,3,4,175,3.0512
2017,7,3,5,167,0.3957
2017,8,1,1,507,2.4644
2017,8,1,2,279,-1.9224
2017,8,1,3,316,-0.4641
2017,8,1,4,405,-1.4311
2017,8,1,5,398,-0.9432
2017,8,2,1,174,0.9409
2017,8,2,2,203,-1.8434
2017,8,2,3,228,-0.4769
2017,8,2,4,220,-1.7121
2017,8,2,5,220,-2.3815
2017,8,3,1,226,-0.3291
2017,8,3,2,303,1.4478
2017,8,3,3,240,0.5952
2017,8,3,4,178,1.7598
2017,8,3,5,166,-1.3544
2017,9,1,1,532,8.5688
2017,9,1,2,297,6.7744
2017,9,1,3,324,8.3471
2017,9,1,4,424,8.1034
2017,9,1,5,407,9.5316
2017,9,2,1,191,5.1753
2017,9,2,2,211,4.6967
2017,9,2,3,237,7.1445
2017,9,2,4,222,6.1729
2017,9,2,5,219,8.1289
2017,9,3,1,233,2.1436
2017,9,3,2,305,1.0737
2017,9,3,3,251,2.5329
2017,9,3,4,185,2.7893
2017,9,3,5,165,2.6544
2017,10,1,1,533,-1.4326
2017,10,1,2,296,-0.4494
2017,10,1,3,320,0.6286
2017,10,1,4,418,0.8772
2017,10,1,5,397,-0.2337
2017,10,2,1,195,-0.5919
2017,10,2,2,208,0.8703
2017,10,2,3,233,1.7836
2017,10,2,4,217,0.9662
2017,10,2,5,219,-0.2561
2017,10,3,1,231,0.0358
2017,10,3,2,301,2.6427
2017,10,3,3,249,3.2238
2017,10,3,4,179,3.3285
2017,10,3,5,164,3.1651
2017,11,1,1,530,1.3949
2017,11,1,2,287,4.0478
2017,11,1,3,312,0.3631
2017,11,1,4,410,3.9984
2017,11,1,5,388,4.7517
2017,11,2,1,187,1.9795
2017,11,2,2,206,3.1460
2017,11,2,3,228,1.7531
2017,11,2,4,215,2.1868
2017,11,2,5,221,6.2542
2017,11,3,1,226,2.1890
2017,11,3,2,299,2.1906
2017,11,3,3,252,2.3381
2017,11,3,4,176,3.5002
2017,11,3,5,166,7.9046
2017,12,1,1,555,1.5406
2017,12,1,2,304,0.1807
2017,12,1,3,339,0.4821
2017,12,1,4,426,-0.0495
2017,12,1,5,398,0.6067
2017,12,2,1,194,0.7994
2017,12,2,2,209,0.7048
2017,12,2,3,239,-0.1169
2017,12,2,4,227,-0.3873
2017,12,2,5,223,1.6855
2017,12,3,1,229,0.2134
2017,12,3,2,304,1.3610
2017,12,3,3,253,0.8322
2017,12,3,4,179,1.5041
2017,12,3,5,170,2.1620
2018,1,1,1,545,6.1686
2018,1,1,2,303,2.1530
2018,1,1,3,336,2.6052
2018,1,1,4,422,0.0723
2018,1,1,5,393,-0.5401
2018,1,2,1,192,5.0686
2018,1,2,2,210,3.2462
2018,1,2,3,235,2.9822
2018,1,2,4,224,3.1809
2018,1,2,5,218,2.1375
2018,1,3,1,229,3.4307
2018,1,3,2,303,5.5271
2018,1,3,3,251,6.8004
2018,1,3,4,180,6.5460
2018,1,3,5,174,9.3788
2018,2,1,1,539,-3.0277
2018,2,1,2,296,-4.2925
2018,2,1,3,325,-3.1441
2018,2,1,4,415,-2.4362
2018,2,1,5,391,-4.2585
2018,2,2,1,195,-4.9288
2018,2,2,2,208,-3.2262
2018,2,2,3,225,-1.8667
2018,2,2,4,220,-3.4464
2018,2,2,5,211,-5.8773
2018,2,3,1,228,-4.4207
2018,2,3,2,300,-3.6846
2018,2,3,3,252,-3.0189
2018,2,3,4,180,-2.0017
2018,2,3,5,171,-4.7082
2018,3,1,1,539,-1.3932
2018,3,1,2,300,1.8566
2018,3,1,3,321,2.3222
2018,3,1,4,417,2.2513
2018,3,1,5,389,3.7094
2018,3,2,1,202,0.3518
2018,3,2,2,210,0.4463
2018,3,2,3,233,2.6459
2018,3,2,4,229,1.1958
2018,3,2,5,214,0.1371
2018,3,3,1,234,-1.4712
2018,3,3,2,306,-2.6656
2018,3,3,3,260,-1.4417
2018,3,3,4,182,-2.4671
2018,3,3,5,170,-1.9712
2018,4,1,1,549,1.0027
2018,4,1,2,310,2.6517
2018,4,1,3,326,0.4315
2018,4,1,4,434,1.6701
2018,4,1,5,394,1.4052
2018,4,2,1,203,3.4009
2018,4,2,2,212,0.9034
2018,4,2,3,230,0.8097
2018,4,2,4,231,-0.1494
2018,4,2,5,214,0.1134
2018,4,3,1,228,1.0311
2018,4,3,2,301,0.1838
2018,4,3,3,255,-2.3472
2018,4,3,4,182,-2.3487
2018,4,3,5,166,4.3164
2018,5,1,1,540,8.7826
2018,5,1,2,306,6.4458
2018,5,1,3,320,10.4417
2018,5,1,4,404,8.1537
2018,5,1,5,375,7.8798
2018,5,2,1,197,8.6317
2018,5,2,2,203,5.5470
2018,5,2,3,228,7.6395
2018,5,2,4,229,7.5403
2018,5,2,5,206,5.1720
2018,5,3,1,228,1.2233
2018,5,3,2,297,3.8148
2018,5,3,3,254,4.3942
2018,5,3,4,183,3.1748
2018,5,3,5,166,1.6347
2018,6,1,1,561,-1.9632
2018,6,1,2,330,2.5404
2018,6,1,3,334,1.6144
2018,6,1,4,425,3.1373
2018,6,1,5,397,4.4022
2018,6,2,1,208,1.8561
2018,6,2,2,218,1.4034
2018,6,2,3,242,1.3090
2018,6,2,4,245,1.6786
2018,6,2,5,217,1.8277
2018,6,3,1,236,1.4344
2018,6,3,2,298,1.0253
2018,6,3,3,260,-0.1031
2018,6,3,4,194,-1.5238
2018,6,3,5,166,2.2972
2018,7,1,1,549,-1.2003
2018,7,1,2,318,0.1594
2018,7,1,3,329,0.4922
2018,7,1,4,414,0.6039
2018,7,1,5,388,0.7080
2018,7,2,1,212,0.2872
2018,7,2,2,215,2.7979
2018,7,2,3,236,2.4079
2018,7,2,4,242,2.5894
2018,7,2,5,214,1.2007
2018,7,3,1,229,3.2489
2018,7,3,2,294,3.3807
2018,7,3,3,253,2.4721
2018,7,3,4,185,4.1848
2018,7,3,5,161,3.7539
2018,8,1,1,539,4.3280
2018,8,1,2,299,4.9938
2018,8,1,3,319,4.3640
2018,8,1,4,401,5.7451
2018,8,1,5,379,7.9056
2018,8,2,1,207,2.5119
2018,8,2,2,207,6.7180
2018,8,2,3,232,6.0048
2018,8,2,4,242,5.8312
2018,8,2,5,219,4.3997
2018,8,3,1,223,2.0777
2018,8,3,2,295,3.8409
2018,8,3,3,256,2.5177
2018,8,3,4,183,3.1310
2018,8,3,5,158,7.9464
2018,9,1,1,561,-3.9983
2018,9,1,2,316,-1.2488
2018,9,1,3,338,-3.2307
2018,9,1,4,419,-3.4447
2018,9,1,5,390,-3.3729
2018,9,2,1,208,-1.2907
2018,9,2,2,226,-0.2100
2018,9,2,3,237,-1.6112
2018,9,2,4,254,-2.6841
2018,9,2,5,225,-3.3842
2018,9,3,1,225,1.5298
2018,9,3,2,301,0.7072
2018,9,3,3,261,0.1334
2018,9,3,4,190,1.4071
2018,9,3,5,160,0.2035
2018,10,1,1,560,-14.8374
2018,10,1,2,313,-11.7909
2018,10,1,3,334,-10.2368
2018,10,1,4,416,-11.3034
2018,10,1,5,387,-10.2851
2018,10,2,1,214,-15.4150
2018,10,2,2,222,-10.9238
2018,10,2,3,238,-11.7008
2018,10,2,4,249,-11.1916
2018,10,2,5,225,-9.4540
2018,10,3,1,225,-6.2394
2018,10,3,2,302,-5.7834
2018,10,3,3,264,-10.0118
2018,10,3,4,188,-11.0562
2018,10,3,5,160,-10.1392
2018,11,1,1,550,-2.5511
2018,11,1,2,291,-1.0760
2018,11,1,3,325,-1.3742
2018,11,1,4,398,-0.6852
2018,11,1,5,381,-2.3859
2018,11,2,1,210,1.1242
2018,11,2,2,222,2.5718
2018,11,2,3,240,1.9759
2018,11,2,4,249,1.3014
2018,11,2,5,220,0.1240
2018,11,3,1,225,2.4180
2018,11,3,2,302,1.4327
2018,11,3,3,257,2.1556
2018,11,3,4,185,0.7752
2018,11,3,5,156,2.0329
2018,12,1,1,568,-16.1120
2018,12,1,2,304,-11.5753
2018,12,1,3,340,-11.6849
2018,12,1,4,409,-11.7160
2018,12,1,5,388,-12.2533
2018,12,2,1,217,-13.0412
2018,12,2,2,229,-12.0072
2018,12,2,3,251,-11.6410
2018,12,2,4,253,-10.9605
2018,12,2,5,219,-12.7135
2018,12,3,1,230,-7.8250
2018,12,3,2,318,-7.9126
2018,12,3,3,269,-9.9439
2018,12,3,4,191,-10.9215
2018,12,3,5,158,-9.3378
2019,1,1,1,561,10.7399
2019,1,1,2,300,11.9635
2019,1,1,3,333,13.0187
2019,1,1,4,406,13.0844
2019,1,1,5,391,10.9831
2019,1,2,1,218,11.7256
2019,1,2,2,233,12.0070
2019,1,2,3,246,12.6574
2019,1,2,4,249,11.8353
2019,1,2,5,219,11.9596
2019,1,3,1,227,6.9789
2019,1,3,2,318,6.9999
2019,1,3,3,271,10.3831
2019,1,3,4,191,9.4959
2019,1,3,5,155,9.7940
2019,2,1,1,561,4.2203
2019,2,1,2,287,6.3249
2019,2,1,3,324,7.3997
2019,2,1,4,396,4.9040
2019,2,1,5,383,4.7789
2019,2,2,1,216,4.6673
2019,2,2,2,229,5.2369
2019,2,2,3,238,5.9661
2019,2,2,4,242,5.2588
2019,2,2,5,214,4.9842
2019,2,3,1,219,2.4576
2019,2,3,2,309,4.3034
2019,2,3,3,272,5.3383
2019,2,3,4,186,5.0243
2019,2,3,5,146,0.5870
2019,3,1,1,566,1.5898
2019,3,1,2,281,-0.2773
2019,3,1,3,321,-2.4627
2019,3,1,4,403,-2.2775
2019,3,1,5,379,-5.2500
2019,3,2,1,216,1.2611
2019,3,2,2,240,-1.4852
2019,3,2,3,242,-2.8980
2019,3,2,4,249,-1.9463
2019,3,2,5,218,-2.5476
2019,3,3,1,223,2.1007
2019,3,3,2,319,2.8856
2019,3,3,3,281,0.8242
2019,3,3,4,192,1.0823
2019,3,3,5,148,3.0810
2019,4,1,1,580,-0.7937
2019,4,1,2,291,1.8294
2019,4,1,3,325,2.7377
2019,4,1,4,413,1.8563
2019,4,1,5,383,3.5984
2019,4,2,1,222,-1.0092
2019,4,2,2,239,3.4637
2019,4,2,3,239,3.6262
2019,4,2,4,253,3.9470
2019,4,2,5,219,4.2964
2019,4,3,1,226,3.7113
2019,4,3,2,319,3.7499
2019,4,3,3,280,3.7830
2019,4,3,4,190,3.2503
2019,4,3,5,149,4.3769
2019,5,1,1,570,-7.9461
2019,5,1,2,284,-10.2009
2019,5,1,3,303,-9.5970
2019,5,1,4,386,-8.7482
2019,5,1,5,364,-9.7481
2019,5,2,1,221,-7.3530
2019,5,2,2,238,-9.4875
2019,5,2,3,233,-9.5630
2019,5,2,4,246,-9.0754
2019,5,2,5,217,-11.0058
2019,5,3,1,231,-5.0546
2019,5,3,2,313,-6.5775
2019,5,3,3,281,-8.5145
2019,5,3,4,189,-8.8985
2019,5,3,5,146,-7.5682
2019,6,1,1,594,4.8328
2019,6,1,2,304,6.2371
2019,6,1,3,334,5.1351
2019,6,1,4,408,6.2704
2019,6,1,5,372,7.2849
2019,6,2,1,238,8.2367
2019,6,2,2,242,6.8392
2019,6,2,3,243,8.1291
2019,6,2,4,268,8.4375
2019,6,2,5,226,9.2166
2019,6,3,1,241,6.1480
2019,6,3,2,327,6.9413
2019,6,3,3,293,8.3431
2019,6,3,4,199,8.1399
2019,6,3,5,151,8.2946
2019,7,1,1,601,-4.7506
2019,7,1,2,299,-1.8756
2019,7,1,3,331,1.9983
2019,7,1,4,389,0.6870
2019,7,1,5,357,-1.4029
2019,7,2,1,240,-1.9272
2019,7,2,2,243,0.2285
2019,7,2,3,248,1.7036
2019,7,2,4,265,1.7674
2019,7,2,5,222,-0.6450
2019,7,3,1,233,-0.4878
2019,7,3,2,326,1.7358
2019,7,3,3,299,1.5602
2019,7,3,4,191,1.8558
2019,7,3,5,152,1.2768
2019,8,1,1,590,-6.7685
2019,8,1,2,289,-7.4452
2019,8,1,3,325,-7.5048
2019,8,1,4,375,-6.9555
2019,8,1,5,352,-5.5278
2019,8,2,1,232,-5.6391
2019,8,2,2,238,-7.1497
2019,8,2,3,251,-4.3547
2019,8,2,4,267,-5.0550
2019,8,2,5,219,-5.2714
2019,8,3,1,234,-1.2009
2019,8,3,2,322,-1.7654
2019,8,3,3,293,-2.3281
2019,8,3,4,195,-1.7858
2019,8,3,5,156,-0.3579
2019,9,1,1,611,-2.3141
2019,9,1,2,307,0.5574
2019,9,1,3,348,1.5461
2019,9,1,4,398,3.9866
2019,9,1,5,361,3.8301
2019,9,2,1,240,-1.5203
2019,9,2,2,253,0.4010
2019,9,2,3,262,2.4887
2019,9,2,4,281,3.4626
2019,9,2,5,232,4.3917
2019,9,3,1,237,1.4102
2019,9,3,2,337,1.1652
2019,9,3,3,301,2.0706
2019,9,3,4,204,2.0269
2019,9,3,5,161,1.4459
2019,10,1,1,605,1.4704
2019,10,1,2,306,0.1000
2019,10,1,3,344,-0.2000
2019,10,1,4,397,1.0883
2019,10,1,5,362,0.3724
2019,10,2,1,233,3.3683
2019,10,2,2,245,0.4856
2019,10,2,3,260,3.0303
2019,10,2,4,274,2.0142
2019,10,2,5,227,4.1786
2019,10,3,1,233,1.2942
2019,10,3,2,334,2.0650
2019,10,3,3,303,2.8585
2019,10,3,4,205,2.0724
2019,10,3,5,164,1.4742
2019,11,1,1,594,7.6242
2019,11,1,2,296,1.4123
2019,11,1,3,326,3.9708
2019,11,1,4,386,4.8278
2019,11,1,5,363,5.4337
2019,11,2,1,231,5.3937
2019,11,2,2,232,5.1529
2019,11,2,3,252,3.4827
2019,11,2,4,262,3.3602
2019,11,2,5,230,4.7011
2019,11,3,1,229,2.4693
2019,11,3,2,328,3.7783
2019,11,3,3,299,4.5267
2019,11,3,4,203,4.7662
2019,11,3,5,171,2.1554
2019,12,1,1,622,15.5779
2019,12,1,2,316,6.5174
2019,12,1,3,335,3.5228
2019,12,1,4,403,2.4997
2019,12,1,5,376,1.5830
2019,12,2,1,243,8.2685
2019,12,2,2,250,3.1122
2019,12,2,3,264,2.4303
2019,12,2,4,266,2.0131
2019,12,2,5,234,2.5263
2019,12,3,1,233,2.6418
2019,12,3,2,329,3.4162
2019,12,3,3,309,3.5066
2019,12,3,4,204,1.5916
2019,12,3,5,175,1.4813
2020,1,1,1,619,-4.5163
2020,1,1,2,314,-6.3624
2020,1,1,3,336,-2.9397
2020,1,1,4,402,-4.2707
2020,1,1,5,374,-6.4380
2020,1,2,1,241,-4.3987
2020,1,2,2,245,-3.3969
2020,1,2,3,264,-3.5618
2020,1,2,4,267,-3.6785
2020,1,2,5,233,-5.6539
2020,1,3,1,233,0.8141
2020,1,3,2,327,0.7227
2020,1,3,3,316,0.8945
2020,1,3,4,202,-0.8593
2020,1,3,5,174,0.1365
2020,2,1,1,614,-3.5522
2020,2,1,2,306,-6.5495
2020,2,1,3,320,-6.7686
2020,2,1,4,392,-8.4411
2020,2,1,5,375,-8.2998
2020,2,2,1,240,-7.5549
2020,2,2,2,230,-8.1986
2020,2,2,3,262,-8.3497
2020,2,2,4,263,-9.8193
2020,2,2,5,228,-10.2019
2020,2,3,1,232,-7.9609
2020,2,3,2,326,-7.4809
2020,2,3,3,311,-7.5224
2020,2,3,4,202,-8.2261
2020,2,3,5,172,-7.1855
2020,3,1,1,613,-18.7301
2020,3,1,2,303,-25.8712
2020,3,1,3,311,-22.6313
2020,3,1,4,387,-28.2185
2020,3,1,5,376,-24.7165
2020,3,2,1,247,-21.5927
2020,3,2,2,232,-23.7325
2020,3,2,3,278,-21.4101
2020,3,2,4,272,-22.8513
2020,3,2,5,226,-24.8055
2020,3,3,1,237,-13.6664
2020,3,3,2,332,-9.3434
2020,3,3,3,328,-13.9556
2020,3,3,4,211,-15.1474
2020,3,3,5,180,-6.4187
2020,4,1,1,619,20.0506
2020,4,1,2,314,19.6098
2020,4,1,3,321,19.9827
2020,4,1,4,392,18.9002
2020,4,1,5,383,19.6752
2020,4,2,1,278,20.9082
2020,4,2,2,239,16.5090
2020,4,2,3,281,15.8219
2020,4,2,4,280,14.5704
2020,4,2,5,241,18.7744
2020,4,3,1,240,12.1480
2020,4,3,2,326,12.3508
2020,4,3,3,331,14.1974
2020,4,3,4,226,13.7267
2020,4,3,5,188,17.1798
2020,5,1,1,604,12.3042
2020,5,1,2,291,9.0943
2020,5,1,3,305,6.3521
2020,5,1,4,381,4.5204
2020,5,1,5,371,12.0671
2020,5,2,1,270,8.7998
2020,5,2,2,236,8.9293
2020,5,2,3,276,8.1165
2020,5,2,4,269,7.4429
2020,5,2,5,242,9.9830
2020,5,3,1,239,4.8315
2020,5,3,2,320,4.9306
2020,5,3,3,321,7.0167
2020,5,3,4,223,7.6976
2020,5,3,5,186,4.6756
2020,6,1,1,625,9.2303
2020,6,1,2,317,4.4440
2020,6,1,3,318,6.4977
2020,6,1,4,399,7.6923
2020,6,1,5,390,9.7358
2020,6,2,1,283,2.5184
2020,6,2,2,248,3.8126
2020,6,2,3,295,3.8262
2020,6,2,4,279,3.6255
2020,6,2,5,250,5.5803
2020,6,3,1,258,-1.1390
2020,6,3,2,319,2.0963
2020,6,3,3,341,4.5895
2020,6,3,4,241,3.3817
2020,6,3,5,188,4.1493
2020,7,1,1,609,-11.5412
2020,7,1,2,300,6.2789
2020,7,1,3,304,6.0241
2020,7,1,4,392,5.8973
2020,7,1,5,382,9.2046
2020,7,2,1,284,0.1211
2020,7,2,2,239,6.7235
2020,7,2,3,303,4.7072
2020,7,2,4,283,4.2392
2020,7,2,5,253,5.7893
2020,7,3,1,264,5.9064
2020,7,3,2,323,3.8489
2020,7,3,3,341,7.3790
2020,7,3,4,254,9.2474
2020,7,3,5,185,10.5166
2020,8,1,1,610,4.3079
2020,8,1,2,301,2.1569
2020,8,1,3,300,5.3795
2020,8,1,4,395,7.1645
2020,8,1,5,390,9.0614
2020,8,2,1,278,8.1294
2020,8,2,2,249,6.5135
2020,8,2,3,308,4.7855
2020,8,2,4,286,5.4263
2020,8,2,5,257,6.5344
2020,8,3,1,272,1.8464
2020,8,3,2,335,6.5048
2020,8,3,3,363,12.1415
2020,8,3,4,272,9.2990
2020,8,3,5,193,8.3281
2020,9,1,1,639,-3.8416
2020,9,1,2,338,-5.7497
2020,9,1,3,331,-2.0391
2020,9,1,4,407,-3.8888
2020,9,1,5,412,-0.7601
2020,9,2,1,294,-1.8004
2020,9,2,2,271,-4.6097
2020,9,2,3,324,-2.8380
2020,9,2,4,304,-2.4519
2020,9,2,5,272,-2.7868
2020,9,3,1,285,-1.2113
2020,9,3,2,359,-2.9070
2020,9,3,3,386,-5.2769
2020,9,3,4,303,-3.3735
2020,9,3,5,205,-3.8557
2020,10,1,1,636,-6.8174
2020,10,1,2,336,-1.3291
2020,10,1,3,324,-0.1314
2020,10,1,4,403,0.8866
2020,10,1,5,411,0.7446
2020,10,2,1,299,0.3847
2020,10,2,2,272,0.0425
2020,10,2,3,323,2.8509
2020,10,2,4,299,2.0263
2020,10,2,5,271,1.7371
2020,10,3,1,284,-0.3419
2020,10,3,2,357,-3.4926
2020,10,3,3,374,-1.5032
2020,10,3,4,306,-2.0334
2020,10,3,5,205,-2.8546
2020,11,1,1,624,24.8292
2020,11,1,2,344,27.9095
2020,11,1,3,309,23.3462
2020,11,1,4,398,23.2916
2020,11,1,5,403,20.7939
2020,11,2,1,295,20.2644
2020,11,2,2,272,23.1030
2020,11,2,3,326,20.5804
2020,11,2,4,315,19.6841
2020,11,2,5,271,16.9660
2020,11,3,1,286,12.3995
2020,11,3,2,358,11.2410
2020,11,3,3,382,11.4039
2020,11,3,4,312,12.8809
2020,11,3,5,212,9.1101
2020,12,1,1,640,7.4494
2020,12,1,2,354,13.1511
2020,12,1,3,333,13.5800
2020,12,1,4,409,9.1221
2020,12,1,5,409,7.7759
2020,12,2,1,321,9.8830
2020,12,2,2,281,11.1560
2020,12,2,3,344,11.1494
2020,12,2,4,327,8.9911
2020,12,2,5,271,7.3267
2020,12,3,1,290,3.0103
2020,12,3,2,363,4.2701
2020,12,3,3,389,4.2876
2020,12,3,4,322,6.3444
2020,12,3,5,213,1.4511
2021,1,1,1,638,15.8845
2021,1,1,2,355,17.5340
2021,1,1,3,336,12.9214
2021,1,1,4,406,10.2324
2021,1,1,5,407,36.0002
2021,1,2,1,325,4.8510
2021,1,2,2,279,5.9954
2021,1,2,3,345,5.6957
2021,1,2,4,326,4.0188
2021,1,2,5,270,10.3503
2021,1,3,1,295,-1.1890
2021,1,3,2,363,0.1881
2021,1,3,3,388,0.8241
2021,1,3,4,322,-0.3447
2021,1,3,5,214,-1.3773
2021,2,1,1,633,4.5655
2021,2,1,2,352,10.6030
2021,2,1,3,330,9.6019
2021,2,1,4,402,10.0500
2021,2,1,5,400,-2.1793
2021,2,2,1,324,5.9179
2021,2,2,2,271,7.0762
2021,2,2,3,325,8.0231
2021,2,2,4,318,9.1656
2021,2,2,5,260,5.2030
2021,2,3,1,291,3.3511
2021,2,3,2,351,3.2020
2021,2,3,3,380,2.1339
2021,2,3,4,320,-0.2791
2021,2,3,5,213,-1.0231
2021,3,1,1,629,-4.0708
2021,3,1,2,341,-0.6235
2021,3,1,3,323,-0.3391
2021,3,1,4,392,3.5517
2021,3,1,5,390,7.5169
2021,3,2,1,332,-4.1222
2021,3,2,2,274,0.6380
2021,3,2,3,320,1.4447
2021,3,2,4,315,2.1868
2021,3,2,5,262,5.5485
2021,3,3,1,302,3.1684
2021,3,3,2,357,2.5004
2021,3,3,3,381,2.4493
2021,3,3,4,326,2.9200
2021,3,3,5,216,3.3481
2021,4,1,1,642,-4.1602
2021,4,1,2,351,-1.8419
2021,4,1,3,333,-0.0123
2021,4,1,4,399,0.0976
2021,4,1,5,390,0.7906
2021,4,2,1,342,-0.7444
2021,4,2,2,281,2.0000
2021,4,2,3,326,3.2653
2021,4,2,4,308,3.0948
2021,4,2,5,265,2.5472
2021,4,3,1,296,3.4638
2021,4,3,2,353,3.7692
2021,4,3,3,374,6.1249
2021,4,3,4,323,4.6788
2021,4,3,5,216,7.2725
2021,5,1,1,631,1.0838
2021,5,1,2,342,2.3390
2021,5,1,3,330,2.0505
2021,5,1,4,393,3.2363
2021,5,1,5,384,5.4638
2021,5,2,1,337,-1.1858
2021,5,2,2,267,0.9756
2021,5,2,3,314,1.0758
2021,5,2,4,299,1.7518
2021,5,2,5,254,3.1183
2021,5,3,1,300,-0.3302
2021,5,3,2,342,0.9672
2021,5,3,3,365,0.3779
2021,5,3,4,315,-1.0685
2021,5,3,5,217,-2.1878
2021,6,1,1,671,10.2175
2021,6,1,2,363,5.3150
2021,6,1,3,348,2.6974
2021,6,1,4,400,4.3360
2021,6,1,5,391,-0.2864
2021,6,2,1,358,6.0750
2021,6,2,2,280,4.0872
2021,6,2,3,319,2.1231
2021,6,2,4,297,2.0016
2021,6,2,5,257,-1.3369
2021,6,3,1,308,-0.1908
2021,6,3,2,349,2.7207
2021,6,3,3,365,5.1564
2021,6,3,4,318,5.0982
2021,6,3,5,219,3.9757
2021,7,1,1,662,-14.0644
2021,7,1,2,345,-6.5846
2021,7,1,3,336,-2.4813
2021,7,1,4,384,-3.2179
2021,7,1,5,371,-3.5545
2021,7,2,1,356,-8.0147
2021,7,2,2,266,-3.0453
2021,7,2,3,305,-1.3434
2021,7,2,4,279,-2.0266
2021,7,2,5,246,-1.8847
2021,7,3,1,294,0.2953
2021,7,3,2,343,1.4704
2021,7,3,3,353,3.5913
2021,7,3,4,310,3.0450
2021,7,3,5,214,0.5686
2021,8,1,1,679,4.9484
2021,8,1,2,318,2.4782
2021,8,1,3,320,2.4877
2021,8,1,4,361,2.2594
2021,8,1,5,348,1.2487
2021,8,2,1,352,2.9399
2021,8,2,2,250,0.3742
2021,8,2,3,293,1.6644
2021,8,2,4,269,1.7041
2021,8,2,5,243,0.3319
2021,8,3,1,290,1.7287
2021,8,3,2,340,2.0503
2021,8,3,3,339,5.0644
2021,8,3,4,302,2.8587
2021,8,3,5,207,2.7480
2021,9,1,1,710,-2.8645
2021,9,1,2,348,-2.3077
2021,9,1,3,351,-2.5394
2021,9,1,4,393,-4.2136
2021,9,1,5,352,-3.6144
2021,9,2,1,361,-2.4792
2021,9,2,2,269,-2.4057
2021,9,2,3,305,-3.5460
2021,9,2,4,270,-3.8850
2021,9,2,5,246,-4.9647
2021,9,3,1,298,-3.4205
2021,9,3,2,355,-4.2686
2021,9,3,3,351,-6.0074
2021,9,3,4,306,-5.0081
2021,9,3,5,209,-5.5900
2021,10,1,1,718,-1.1377
2021,10,1,2,345,0.9682
2021,10,1,3,337,2.1505
2021,10,1,4,382,4.7741
2021,10,1,5,342,3.7396
2021,10,2,1,356,1.3769
2021,10,2,2,261,3.6833
2021,10,2,3,285,3.9998
2021,10,2,4,262,3.3896
2021,10,2,5,234,5.3263
2021,10,3,1,294,3.9878
2021,10,3,2,343,5.4388
2021,10,3,3,343,8.4886
2021,10,3,4,269,10.6872
2021,10,3,5,198,5.8378
2021,11,1,1,703,-10.1732
2021,11,1,2,317,-8.1387
2021,11,1,3,320,-6.2750
2021,11,1,4,365,-5.7412
2021,11,1,5,323,-2.5839
2021,11,2,1,349,-6.0880
2021,11,2,2,253,-6.1618
2021,11,2,3,270,-3.8031
2021,11,2,4,240,-1.2796
2021,11,2,5,225,1.5793
2021,11,3,1,288,-3.7416
2021,11,3,2,329,-3.7402
2021,11,3,3,321,-0.1903
2021,11,3,4,254,3.8820
2021,11,3,5,189,1.4811
2021,12,1,1,748,-7.1195
2021,12,1,2,340,1.4560
2021,12,1,3,342,2.7306
2021,12,1,4,379,2.2588
2021,12,1,5,342,2.2098
2021,12,2,1,358,-1.0487
2021,12,2,2,261,2.5117
2021,12,2,3,278,4.3122
2021,12,2,4,246,4.6390
2021,12,2,5,234,3.0113
2021,12,3,1,296,4.3133
2021,12,3,2,347,4.9733
2021,12,3,3,335,1.8445
2021,12,3,4,259,2.9126
2021,12,3,5,197,1.0562
2022,1,1,1,762,-15.6350
2022,1,1,2,338,-5.9137
2022,1,1,3,338,-7.0705
2022,1,1,4,380,-8.9574
2022,1,1,5,340,-9.0995
2022,1,2,1,366,-11.8213
2022,1,2,2,268,-7.7101
2022,1,2,3,272,-9.1329
2022,1,2,4,243,-9.1610
2022,1,2,5,236,-9.7254
2022,1,3,1,296,-5.0534
2022,1,3,2,348,-4.7746
2022,1,3,3,331,-8.0663
2022,1,3,4,259,-7.2064
2022,1,3,5,200,-8.3197
2022,2,1,1,761,-1.3285
2022,2,1,2,336,5.1724
2022,2,1,3,331,1.9050
2022,2,1,4,377,-0.7559
2022,2,1,5,340,0.9452
2022,2,2,1,364,1.1184
2022,2,2,2,255,3.2271
2022,2,2,3,262,1.1037
2022,2,2,4,238,0.7679
2022,2,2,5,232,1.7513
2022,2,3,1,286,-2.0427
2022,2,3,2,340,-1.2736
2022,2,3,3,326,-4.1615
2022,2,3,4,254,-3.8279
2022,2,3,5,188,-0.1307
2022,3,1,1,770,3.8960
2022,3,1,2,340,1.8266
2022,3,1,3,336,2.0988
2022,3,1,4,372,1.0815
2022,3,1,5,339,0.7240
2022,3,2,1,371,4.4948
2022,3,2,2,267,2.9356
2022,3,2,3,266,2.0936
2022,3,2,4,242,-0.3414
2022,3,2,5,231,-1.1292
2022,3,3,1,291,5.1526
2022,3,3,2,350,3.7119
2022,3,3,3,332,3.5961
2022,3,3,4,271,5.5696
2022,3,3,5,191,3.5634
2022,4,1,1,806,-16.2112
2022,4,1,2,349,-8.9847
2022,4,1,3,353,-8.3395
2022,4,1,4,383,-8.1766
2022,4,1,5,355,-7.9019
2022,4,2,1,379,-14.7190
2022,4,2,2,273,-10.8296
2022,4,2,3,261,-9.0914
2022,4,2,4,240,-7.3571
2022,4,2,5,230,-4.8317
2022,4,3,1,288,-8.0775
2022,4,3,2,344,-7.8809
2022,4,3,3,331,-11.6842
2022,4,3,4,263,-10.8311
2022,4,3,5,187,-9.3917
2022,5,1,1,812,-5.3389
2022,5,1,2,341,-1.1524
2022,5,1,3,344,-2.2421
2022,5,1,4,360,0.4456
2022,5,1,5,337,0.5801
2022,5,2,1,372,-3.0472
2022,5,2,2,270,-0.2485
2022,5,2,3,243,1.6772
2022,5,2,4,226,1.6033
2022,5,2,5,225,1.7242
2022,5,3,1,286,0.7143
2022,5,3,2,342,0.2945
2022,5,3,3,324,0.3760
2022,5,3,4,257,-3.2553
2022,5,3,5,182,-3.3866
2022,6,1,1,873,-5.0105
2022,6,1,2,381,-11.0965
2022,6,1,3,380,-10.7770
2022,6,1,4,378,-9.4365
2022,6,1,5,364,-8.8435
2022,6,2,1,389,-3.8058
2022,6,2,2,275,-10.0133
2022,6,2,3,260,-8.0259
2022,6,2,4,247,-7.2804
2022,6,2,5,230,-10.5262
2022,6,3,1,288,-8.4465
2022,6,3,2,353,-6.7969
2022,6,3,3,332,-8.4382
2022,6,3,4,273,-9.6568
2022,6,3,5,186,-9.0160
2022,7,1,1,883,10.0128
2022,7,1,2,372,7.6436
2022,7,1,3,382,11.1678
2022,7,1,4,370,10.1395
2022,7,1,5,342,10.0220
2022,7,2,1,379,9.0212
2022,7,2,2,274,9.1138
2022,7,2,3,256,9.7927
2022,7,2,4,250,11.0212
2022,7,2,5,234,11.8826
2022,7,3,1,282,8.3365
2022,7,3,2,338,5.4569
2022,7,3,3,328,8.3822
2022,7,3,4,266,17.6285
2022,7,3,5,194,13.2737
2022,8,1,1,868,5.1118
2022,8,1,2,356,0.0951
2022,8,1,3,345,-1.1708
2022,8,1,4,353,-3.7505
2022,8,1,5,323,-2.4616
2022,8,2,1,373,2.2103
2022,8,2,2,258,-3.1921
2022,8,2,3,251,-1.8578
2022,8,2,4,242,-4.1929
2022,8,2,5,228,-1.7495
2022,8,3,1,264,-1.8947
2022,8,3,2,331,-4.0960
2022,8,3,3,321,-5.1249
2022,8,3,4,254,-4.7319
2022,8,3,5,191,-2.1670
2022,9,1,1,903,-10.3101
2022,9,1,2,388,-12.4614
2022,9,1,3,378,-12.7118
2022,9,1,4,372,-11.6272
2022,9,1,5,332,-12.4072
2022,9,2,1,384,-9.5030
2022,9,2,2,273,-9.6940
2022,9,2,3,269,-9.4004
2022,9,2,4,245,-8.9786
2022,9,2,5,234,-11.5638
2022,9,3,1,273,-9.9938
2022,9,3,2,341,-8.0812
2022,9,3,3,325,-9.9727
2022,9,3,4,266,-9.7994
2022,9,3,5,195,-8.9180
2022,10,1,1,895,3.6377
2022,10,1,2,388,9.9024
2022,10,1,3,381,13.0486
2022,10,1,4,371,11.2530
2022,10,1,5,330,13.5514
2022,10,2,1,381,5.3826
2022,10,2,2,274,12.0909
2022,10,2,3,272,11.5224
2022,10,2,4,239,11.7009
2022,10,2,5,231,14.0913
2022,10,3,1,271,7.0226
2022,10,3,2,338,8.7639
2022,10,3,3,324,6.0814
2022,10,3,4,264,4.6551
2022,10,3,5,195,9.4168
2022,11,1,1,888,-3.8914
2022,11,1,2,377,0.2392
2022,11,1,3,371,-2.1229
2022,11,1,4,350,0.2268
2022,11,1,5,322,2.8895
2022,11,2,1,365,-1.4808
2022,11,2,2,266,-0.4865
2022,11,2,3,265,2.0552
2022,11,2,4,235,5.1133
2022,11,2,5,227,4.9747
2022,11,3,1,265,5.1476
2022,11,3,2,331,6.6514
2022,11,3,3,315,7.8965
2022,11,3,4,263,-0.1795
2022,11,3,5,192,6.5849
2022,12,1,1,909,-3.6470
2022,12,1,2,407,-6.0485
2022,12,1,3,391,-4.6391
2022,12,1,4,367,-4.5251
2022,12,1,5,345,-5.9940
2022,12,2,1,363,-5.5884
2022,12,2,2,278,-5.3050
2022,12,2,3,276,-6.8044
2022,12,2,4,245,-5.6560
2022,12,2,5,231,-7.7237
2022,12,3,1,264,-4.2052
2022,12,3,2,332,-4.2020
2022,12,3,3,321,-5.5983
2022,12,3,4,272,-10.4173
2022,12,3,5,194,-7.7731
2023,1,1,1,910,12.9781
2023,1,1,2,405,13.5430
2023,1,1,3,391,12.8306
2023,1,1,4,365,13.1766
2023,1,1,5,341,12.7791
2023,1,2,1,364,13.0008
2023,1,2,2,276,13.0168
2023,1,2,3,272,11.7464
2023,1,2,4,250,12.4788
2023,1,2,5,227,11.0700
2023,1,3,1,258,5.0193
2023,1,3,2,335,3.4413
2023,1,3,3,318,7.7717
2023,1,3,4,266,12.1338
2023,1,3,5,190,6.7377
2023,2,1,1,898,-8.2626
2023,2,1,2,400,-4.8603
2023,2,1,3,378,-2.6219
2023,2,1,4,356,-2.9388
2023,2,1,5,335,-0.1541
2023,2,2,1,355,-5.3699
2023,2,2,2,271,-1.9314
2023,2,2,3,264,-2.6219
2023,2,2,4,244,-1.8041
2023,2,2,5,223,0.3310
2023,2,3,1,252,-4.2107
2023,2,3,2,326,-2.0266
2023,2,3,3,314,-2.6174
2023,2,3,4,266,-0.3939
2023,2,3,5,186,-2.2004
2023,3,1,1,891,-7.8860
2023,3,1,2,385,-9.2824
2023,3,1,3,382,-6.4074
2023,3,1,4,369,-7.0604
2023,3,1,5,326,-4.7513
2023,3,2,1,357,-4.4968
2023,3,2,2,272,-0.5654
2023,3,2,3,274,-2.1673
2023,3,2,4,257,-1.7857
2023,3,2,5,221,-3.6356
2023,3,3,1,254,3.6155
2023,3,3,2,333,5.2931
2023,3,3,3,325,7.5589
2023,3,3,4,277,5.1176
2023,3,3,5,192,2.5660
2023,4,1,1,899,-0.6529
2023,4,1,2,400,-4.8922
2023,4,1,3,407,-5.1399
2023,4,1,4,390,-2.9106
2023,4,1,5,352,-5.5273
2023,4,2,1,357,0.7423
2023,4,2,2,263,-1.8345
2023,4,2,3,273,-2.5825
2023,4,2,4,261,-2.2364
2023,4,2,5,223,-3.0107
2023,4,3,1,248,0.3736
2023,4,3,2,324,1.2821
2023,4,3,3,319,1.6657
2023,4,3,4,277,0.3517
2023,4,3,5,190,-0.5423
2023,5,1,1,892,3.9656
2023,5,1,2,387,2.0237
2023,5,1,3,380,1.5644
2023,5,1,4,370,-0.4078
2023,5,1,5,329,-0.6844
2023,5,2,1,355,4.2783
2023,5,2,2,251,-1.0730
2023,5,2,3,263,-0.3640
2023,5,2,4,257,-1.0120
2023,5,2,5,213,-2.9234
2023,5,3,1,251,-1.8455
2023,5,3,2,321,1.7965
2023,5,3,3,313,3.9767
2023,5,3,4,269,1.6980
2023,5,3,5,183,-1.8563
2023,6,1,1,910,0.9736
2023,6,1,2,423,6.5965
2023,6,1,3,409,10.0830
2023,6,1,4,397,9.8662
2023,6,1,5,345,9.6528
2023,6,2,1,366,4.8058
2023,6,2,2,268,7.2874
2023,6,2,3,274,9.2560
2023,6,2,4,268,9.9586
2023,6,2,5,224,12.0082
2023,6,3,1,259,4.0973
2023,6,3,2,327,5.9295
2023,6,3,3,319,6.1544
2023,6,3,4,275,9.5951
2023,6,3,5,186,9.0676
2023,7,1,1,856,4.4254
2023,7,1,2,388,6.6751
2023,7,1,3,379,4.8218
2023,7,1,4,385,4.6215
2023,7,1,5,332,5.8700
2023,7,2,1,353,5.1705
2023,7,2,2,255,3.7209
2023,7,2,3,268,4.9491
2023,7,2,4,261,4.7919
2023,7,2,5,219,5.8816
2023,7,3,1,250,3.7557
2023,7,3,2,317,2.1487
2023,7,3,3,304,5.5636
2023,7,3,4,271,2.5844
2023,7,3,5,181,3.0980
2023,8,1,1,829,-12.0982
2023,8,1,2,364,-7.6883
2023,8,1,3,364,-9.4128
2023,8,1,4,374,-4.6101
2023,8,1,5,322,-3.0375
2023,8,2,1,336,-9.4123
2023,8,2,2,251,-3.9112
2023,8,2,3,257,-5.2089
2023,8,2,4,247,-4.2499
2023,8,2,5,213,-3.3318
2023,8,3,1,245,-3.7637
2023,8,3,2,305,-0.0342
2023,8,3,3,299,-1.3075
2023,8,3,4,256,-1.7271
2023,8,3,5,175,-2.0617
2023,9,1,1,836,-10.6605
2023,9,1,2,379,-8.9595
2023,9,1,3,385,-6.9623
2023,9,1,4,396,-4.7872
2023,9,1,5,335,-4.3060
2023,9,2,1,339,-9.2616
2023,9,2,2,255,-6.6983
2023,9,2,3,266,-7.1936
2023,9,2,4,252,-5.2237
2023,9,2,5,216,-3.6380
2023,9,3,1,249,-4.6836
2023,9,3,2,319,-4.9293
2023,9,3,3,309,-4.6325
2023,9,3,4,264,-5.6215
2023,9,3,5,177,-3.7821
2023,10,1,1,842,-13.0249
2023,10,1,2,378,-10.5966
2023,10,1,3,384,-10.2761
2023,10,1,4,390,-6.3681
2023,10,1,5,334,-6.7211
2023,10,2,1,325,-11.0371
2023,10,2,2,254,-7.4770
2023,10,2,3,264,-7.0856
2023,10,2,4,246,-5.6473
2023,10,2,5,214,-5.3604
2023,10,3,1,250,-3.2787
2023,10,3,2,315,-1.8559
2023,10,3,3,300,-2.8701
2023,10,3,4,262,-3.5816
2023,10,3,5,179,-2.0183
2023,11,1,1,834,7.9610
2023,11,1,2,360,9.7350
2023,11,1,3,358,9.2568
2023,11,1,4,375,7.4558
2023,11,1,5,320,6.9026
2023,11,2,1,316,11.2529
2023,11,2,2,251,10.2134
2023,11,2,3,250,8.4709
2023,11,2,4,233,9.3395
2023,11,2,5,209,8.6260
2023,11,3,1,244,9.7909
2023,11,3,2,315,8.3326
2023,11,3,3,289,9.1708
2023,11,3,4,251,10.2099
2023,11,3,5,176,6.3406
2023,12,1,1,849,21.5456
2023,12,1,2,388,14.0710
2023,12,1,3,385,13.3947
2023,12,1,4,408,11.1756
2023,12,1,5,332,11.8640
2023,12,2,1,318,15.5921
2023,12,2,2,255,10.9616
2023,12,2,3,258,10.9599
2023,12,2,4,239,10.0019
2023,12,2,5,205,11.0609
2023,12,3,1,241,6.1953
2023,12,3,2,314,4.4862
2023,12,3,3,296,5.0695
2023,12,3,4,251,4.1832
2023,12,3,5,182,6.1273
2024,1,1,1,837,-0.2166
2024,1,1,2,389,-3.5363
2024,1,1,3,381,-3.2114
2024,1,1,4,405,-4.2175
2024,1,1,5,334,-5.7085
2024,1,2,1,315,-6.8248
2024,1,2,2,256,-4.0881
2024,1,2,3,249,-4.1868
2024,1,2,4,242,-3.8594
2024,1,2,5,206,-3.0920
2024,1,3,1,243,-0.0516
2024,1,3,2,312,3.9984
2024,1,3,3,292,2.9797
2024,1,3,4,248,-1.7410
2024,1,3,5,181,0.6744
2024,2,1,1,837,14.9423
2024,2,1,2,384,5.0788
2024,2,1,3,363,4.1220
2024,2,1,4,404,4.8089
2024,2,1,5,329,4.7090
2024,2,2,1,315,8.4551
2024,2,2,2,246,3.6173
2024,2,2,3,238,5.1946
2024,2,2,4,229,4.2641
2024,2,2,5,202,7.5665
2024,2,3,1,237,2.3392
2024,2,3,2,300,4.9768
2024,2,3,3,274,6.8502
2024,2,3,4,242,6.5419
2024,2,3,5,176,8.2547
2024,3,1,1,818,2.1433
2024,3,1,2,372,1.5486
2024,3,1,3,357,2.7892
2024,3,1,4,395,1.7267
2024,3,1,5,321,4.1705
2024,3,2,1,316,-0.3331
2024,3,2,2,246,2.4080
2024,3,2,3,240,3.4557
2024,3,2,4,240,1.6210
2024,3,2,5,198,3.6577
2024,3,3,1,245,3.7846
2024,3,3,2,316,2.6443
2024,3,3,3,290,4.1407
2024,3,3,4,248,1.3965
2024,3,3,5,178,4.0201
2024,4,1,1,827,-10.9898
2024,4,1,2,379,-11.4106
2024,4,1,3,366,-8.8752
2024,4,1,4,412,-7.5579
2024,4,1,5,333,-6.1036
2024,4,2,1,322,-9.7012
2024,4,2,2,236,-5.5513
2024,4,2,3,236,-6.2042
2024,4,2,4,238,-7.1009
2024,4,2,5,198,-7.0352
2024,4,3,1,240,-3.9716
2024,4,3,2,312,-5.0768
2024,4,3,3,288,-3.3918
2024,4,3,4,239,-2.2887
2024,4,3,5,175,-4.7994
2024,5,1,1,814,1.8677
2024,5,1,2,350,6.7606
2024,5,1,3,347,5.5830
2024,5,1,4,392,6.0392
2024,5,1,5,334,7.9505
2024,5,2,1,318,3.6051
2024,5,2,2,226,4.2332
2024,5,2,3,222,5.4058
2024,5,2,4,239,6.4593
2024,5,2,5,194,5.9796
2024,5,3,1,235,4.6594
2024,5,3,2,307,2.2347
2024,5,3,3,285,5.1232
2024,5,3,4,239,5.2260
2024,5,3,5,176,7.9802
2024,6,1,1,828,-6.5610
2024,6,1,2,362,-3.3170
2024,6,1,3,364,-2.4673
2024,6,1,4,414,-3.7945
2024,6,1,5,349,-4.8966
2024,6,2,1,311,-1.9192
2024,6,2,2,231,-1.1544
2024,6,2,3,242,-1.9841
2024,6,2,4,244,-2.6230
2024,6,2,5,192,-3.9784
2024,6,3,1,231,-1.4868
2024,6,3,2,312,3.4073
2024,6,3,3,288,4.7819
2024,6,3,4,247,5.5602
2024,6,3,5,183,3.1532
2024,7,1,1,769,13.4217
2024,7,1,2,329,11.0520
2024,7,1,3,332,10.7167
2024,7,1,4,386,11.0475
2024,7,1,5,329,9.0521
2024,7,2,1,300,11.0030
2024,7,2,2,222,5.5280
2024,7,2,3,236,6.2155
2024,7,2,4,238,8.9350
2024,7,2,5,191,9.4318
2024,7,3,1,230,4.4378
2024,7,3,2,301,0.7832
2024,7,3,3,290,-2.5410
2024,7,3,4,245,1.8150
2024,7,3,5,182,-0.1586
2024,8,1,1,754,-4.1943
2024,8,1,2,309,-4.2989
2024,8,1,3,324,1.4380
2024,8,1,4,374,-3.4853
2024,8,1,5,318,-2.6578
2024,8,2,1,287,-2.2799
2024,8,2,2,210,0.9243
2024,8,2,3,230,-1.1978
2024,8,2,4,235,-2.3236
2024,8,2,5,181,-2.9664
2024,8,3,1,217,1.7392
2024,8,3,2,291,3.0896
2024,8,3,3,275,3.1555
2024,8,3,4,248,-0.1172
2024,8,3,5,179,2.4907
2024,9,1,1,776,-1.4473
2024,9,1,2,327,0.7003
2024,9,1,3,331,0.5719
2024,9,1,4,395,1.9653
2024,9,1,5,331,2.4238
2024,9,2,1,293,2.5625
2024,9,2,2,214,1.0443
2024,9,2,3,238,1.2260
2024,9,2,4,232,2.2293
2024,9,2,5,183,2.1131
2024,9,3,1,218,2.3628
2024,9,3,2,299,1.9227
2024,9,3,3,281,2.2626
2024,9,3,4,250,3.1654
2024,9,3,5,180,2.2078
2024,10,1,1,767,2.8927
2024,10,1,2,326,-0.8451
2024,10,1,3,321,0.4774
2024,10,1,4,393,-2.6964
2024,10,1,5,331,-0.8567
2024,10,2,1,290,-0.2803
2024,10,2,2,209,-1.8644
2024,10,2,3,233,-2.3391
2024,10,2,4,236,-4.3172
2024,10,2,5,183,-3.5512
2024,10,3,1,218,-2.3732
2024,10,3,2,295,-2.0950
2024,10,3,3,278,-1.2974
2024,10,3,4,247,-1.5559
2024,10,3,5,180,1.8399
2024,11,1,1,756,5.7837
2024,11,1,2,316,10.5766
2024,11,1,3,301,13.6146
2024,11,1,4,373,13.0891
2024,11,1,5,319,13.8702
2024,11,2,1,277,12.7872
2024,11,2,2,203,13.0341
2024,11,2,3,225,13.9101
2024,11,2,4,231,10.6745
2024,11,2,5,177,11.7765
2024,11,3,1,213,3.9425
2024,11,3,2,293,5.1355
2024,11,3,3,283,5.5268
2024,11,3,4,244,7.8837
2024,11,3,5,180,6.4668
2024,12,1,1,780,-2.9904
2024,12,1,2,329,-3.1365
2024,12,1,3,319,-4.3663
2024,12,1,4,391,-5.9102
2024,12,1,5,337,-4.4008
2024,12,2,1,279,-7.9524
2024,12,2,2,213,-7.3279
2024,12,2,3,229,-6.4748
2024,12,2,4,233,-8.1889
2024,12,2,5,184,-8.5774
2024,12,3,1,215,-3.3440
2024,12,3,2,298,-3.5086
2024,12,3,3,287,-1.3121
2024,12,3,4,250,1.6550
2024,12,3,5,182,-3.5764
2025,1,1,1,769,-4.0491
2025,1,1,2,326,0.3630
2025,1,1,3,316,2.0921
2025,1,1,4,388,1.9460
2025,1,1,5,331,1.0053
2025,1,2,1,282,1.1944
2025,1,2,2,217,3.8052
2025,1,2,3,231,2.3868
2025,1,2,4,232,3.2550
2025,1,2,5,187,4.0974
2025,1,3,1,216,2.3193
2025,1,3,2,298,3.4425
2025,1,3,3,287,6.1657
2025,1,3,4,245,2.6132
2025,1,3,5,182,-2.5750
2025,2,1,1,763,-10.2835
2025,2,1,2,312,-7.8577
2025,2,1,3,309,-4.8875
2025,2,1,4,380,-5.1634
2025,2,1,5,326,-6.5549
2025,2,2,1,279,-7.3182
2025,2,2,2,213,-8.1253
2025,2,2,3,225,-7.4878
2025,2,2,4,227,-9.0254
2025,2,2,5,183,-7.4419
2025,2,3,1,214,-0.0138
2025,2,3,2,292,-0.1923
2025,2,3,3,277,-3.7214
2025,2,3,4,238,-7.1302
2025,2,3,5,179,1.1004
2025,3,1,1,748,-12.2375
2025,3,1,2,312,-10.5825
2025,3,1,3,308,-10.7482
2025,3,1,4,380,-9.9774
2025,3,1,5,332,-8.9282
2025,3,2,1,279,-8.1249
2025,3,2,2,216,-7.2941
2025,3,2,3,228,-7.4872
2025,3,2,4,233,-5.5639
2025,3,2,5,192,-6.4378
2025,3,3,1,218,-2.8803
2025,3,3,2,301,-4.3391
2025,3,3,3,277,-7.3313
2025,3,3,4,245,-7.4128
2025,3,3,5,181,-9.5407
2025,4,1,1,754,2.6627
2025,4,1,2,311,-3.5392
2025,4,1,3,317,-3.2328
2025,4,1,4,390,-2.6418
2025,4,1,5,339,-1.4410
2025,4,2,1,275,0.0992
2025,4,2,2,219,-4.9513
2025,4,2,3,230,-4.3496
2025,4,2,4,232,-3.5968
2025,4,2,5,193,-2.0095
2025,4,3,1,213,-0.6529
2025,4,3,2,294,0.2449
2025,4,3,3,274,0.1345
2025,4,3,4,236,-0.8019
2025,4,3,5,180,1.0595
2025,5,1,1,734,7.2469
2025,5,1,2,292,7.1096
2025,5,1,3,297,9.3903
2025,5,1,4,376,8.2770
2025,5,1,5,329,8.9303
2025,5,2,1,258,3.0146
2025,5,2,2,209,6.4000
2025,5,2,3,223,7.0915
2025,5,2,4,221,8.2552
2025,5,2,5,182,8.8622
2025,5,3,1,211,5.0684
2025,5,3,2,286,7.2275
2025,5,3,3,259,6.3740
2025,5,3,4,231,5.7306
2025,5,3,5,174,10.5750
2025,6,1,1,761,9.2809
2025,6,1,2,306,6.7973
2025,6,1,3,326,5.1875
2025,6,1,4,392,7.8905
2025,6,1,5,346,4.8834
2025,6,2,1,262,9.0907
2025,6,2,2,220,5.7786
2025,6,2,3,240,2.8512
2025,6,2,4,234,4.1009
2025,6,2,5,193,4.5934
2025,6,3,1,217,4.8297
2025,6,3,2,293,5.8534
2025,6,3,3,262,4.8034
2025,6,3,4,238,3.4690
2025,6,3,5,173,7.7850
2025,7,1,1,719,6.9789
2025,7,1,2,278,-0.6624
2025,7,1,3,312,-1.1271
2025,7,1,4,373,1.0094
2025,7,1,5,330,-0.3455
2025,7,2,1,257,4.5182
2025,7,2,2,215,0.3916
2025,7,2,3,231,0.5105
2025,7,2,4,231,2.7121
2025,7,2,5,192,3.2289
2025,7,3,1,216,2.2379
2025,7,3,2,289,2.9026
2025,7,3,3,258,0.9916
2025,7,3,4,230,2.6933
2025,7,3,5,177,5.8333
2025,8,1,1,694,7.9656
2025,8,1,2,263,5.1524
2025,8,1,3,302,10.5077
2025,8,1,4,365,9.5674
2025,8,1,5,322,8.5407
2025,8,2,1,253,5.5855
2025,8,2,2,203,8.1617
2025,8,2,3,228,6.8853
2025,8,2,4,228,7.7043
2025,8,2,5,194,5.6952
2025,8,3,1,214,1.3759
2025,8,3,2,280,-0.8697
2025,8,3,3,256,2.6005
2025,8,3,4,224,5.2772
2025,8,3,5,176,0.9501
2025,9,1,1,700,12.2565
2025,9,1,2,284,1.6375
2025,9,1,3,316,2.1057
2025,9,1,4,385,1.3267
2025,9,1,5,328,0.9367
2025,9,2,1,256,8.8188
2025,9,2,2,215,0.6578
2025,9,2,3,233,-0.6140
2025,9,2,4,236,0.5837
2025,9,2,5,195,1.6922
2025,9,3,1,217,4.4522
2025,9,3,2,284,2.4388
2025,9,3,3,261,3.9311
2025,9,3,4,228,6.7036
2025,9,3,5,178,4.5326
2025,10,1,1,697,9.5037
2025,10,1,2,287,1.6799
2025,10,1,3,309,0.2891
2025,10,1,4,380,-1.8704
2025,10,1,5,327,-5.5135
2025,10,2,1,269,10.3457
2025,10,2,2,213,0.4422
2025,10,2,3,228,-0.3550
2025,10,2,4,230,-1.3567
2025,10,2,5,192,-1.7132
2025,10,3,1,224,1.1894
2025,10,3,2,282,2.1151
2025,10,3,3,257,1.2525
2025,10,3,4,218,6.4352
2025,10,3,5,176,4.1479
2025,11,1,1,685,2.8482
2025,11,1,2,272,-5.1332
2025,11,1,3,301,-2.4992
2025,11,1,4,374,-2.4853
2025,11,1,5,322,-0.8957
2025,11,2,1,269,-0.5154
2025,11,2,2,215,-0.8697
2025,11,2,3,224,0.8395
2025,11,2,4,233,2.4151
2025,11,2,5,188,1.6316
2025,11,3,1,229,3.6175
2025,11,3,2,275,-2.2751
2025,11,3,3,257,2.9535
2025,11,3,4,222,0.9645
2025,11,3,5,176,-4.7671
2025,12,1,1,701,-1.0448
2025,12,1,2,284,0.2047
2025,12,1,3,316,1.4902
2025,12,1,4,385,1.9017
2025,12,1,5,336,0.0583
2025,12,2,1,276,-2.3179
2025,12,2,2,221,1.0252
2025,12,2,3,232,0.9820
2025,12,2,4,242,0.5324
2025,12,2,5,188,0.1929
2025,12,3,1,235,-4.3918
2025,12,3,2,270,0.1753
2025,12,3,3,262,0.3537
2025,12,3,4,230,-0.6537
2025,12,3,5,175,1.1840
