year,month,rank_ME,rank_EG_6,nstocks,ret_vw
1967,1,1,1,111,20.2728
1967,1,1,2,73,19.7010
1967,1,1,3,70,20.8416
1967,1,1,4,43,19.2733
1967,1,1,5,26,16.3539
1967,1,2,1,44,19.2552
1967,1,2,2,32,20.0676
1967,1,2,3,30,15.9722
1967,1,2,4,38,15.0420
1967,1,2,5,24,17.5975
1967,1,3,1,55,9.5637
1967,1,3,2,69,9.2500
1967,1,3,3,70,6.0091
1967,1,3,4,79,10.0757
1967,1,3,5,95,8.2072
1967,2,1,1,113,5.0642
1967,2,1,2,86,3.7851
1967,2,1,3,94,5.5303
1967,2,1,4,63,2.2041
1967,2,1,5,36,5.4556
1967,2,2,1,54,0.8598
1967,2,2,2,48,2.5734
1967,2,2,3,48,3.0610
1967,2,2,4,49,3.2881
1967,2,2,5,36,2.5138
1967,2,3,1,79,-0.7296
1967,2,3,2,99,1.5945
1967,2,3,3,102,-0.4374
1967,2,3,4,115,0.8368
1967,2,3,5,116,4.0216
1967,3,1,1,115,8.4536
1967,3,1,2,95,7.2641
1967,3,1,3,101,6.4095
1967,3,1,4,68,4.8172
1967,3,1,5,38,6.4818
1967,3,2,1,57,8.6807
1967,3,2,2,53,5.8611
1967,3,2,3,54,6.8606
1967,3,2,4,52,5.4557
1967,3,2,5,40,7.2303
1967,3,3,1,86,5.3338
1967,3,3,2,104,4.3601
1967,3,3,3,108,4.2971
1967,3,3,4,122,4.8969
1967,3,3,5,121,4.7104
1967,4,1,1,120,4.7328
1967,4,1,2,101,4.1664
1967,4,1,3,107,5.9282
1967,4,1,4,69,1.6875
1967,4,1,5,43,5.0224
1967,4,2,1,60,5.8999
1967,4,2,2,58,4.0130
1967,4,2,3,55,5.4617
1967,4,2,4,56,3.7754
1967,4,2,5,44,4.2446
1967,4,3,1,89,8.9219
1967,4,3,2,106,3.5099
1967,4,3,3,113,2.0824
1967,4,3,4,128,4.9176
1967,4,3,5,123,4.7368
1967,5,1,1,138,1.5089
1967,5,1,2,140,-0.2486
1967,5,1,3,134,0.4996
1967,5,1,4,94,2.1986
1967,5,1,5,65,-0.7534
1967,5,2,1,73,-3.1221
1967,5,2,2,79,-0.3951
1967,5,2,3,70,0.4628
1967,5,2,4,72,-0.3735
1967,5,2,5,67,-2.5944
1967,5,3,1,123,-6.3276
1967,5,3,2,138,-3.9905
1967,5,3,3,155,-4.7522
1967,5,3,4,162,-3.4564
1967,5,3,5,155,-4.1088
1967,6,1,1,144,13.5201
1967,6,1,2,147,10.0887
1967,6,1,3,136,11.7422
1967,6,1,4,96,9.1893
1967,6,1,5,70,8.6592
1967,6,2,1,76,6.9145
1967,6,2,2,82,6.8802
1967,6,2,3,71,7.6865
1967,6,2,4,75,7.7908
1967,6,2,5,71,7.4465
1967,6,3,1,127,1.6684
1967,6,3,2,146,1.5455
1967,6,3,3,165,2.1848
1967,6,3,4,171,2.3667
1967,6,3,5,157,3.1941
1967,7,1,1,134,9.1034
1967,7,1,2,132,9.9953
1967,7,1,3,121,8.4568
1967,7,1,4,93,11.3646
1967,7,1,5,76,10.6195
1967,7,2,1,71,8.6968
1967,7,2,2,75,9.6825
1967,7,2,3,67,9.2220
1967,7,2,4,65,7.5688
1967,7,2,5,66,10.7658
1967,7,3,1,121,9.0167
1967,7,3,2,127,5.4687
1967,7,3,3,146,2.6807
1967,7,3,4,156,4.8800
1967,7,3,5,137,4.4280
1967,8,1,1,136,-0.7759
1967,8,1,2,139,-0.8869
1967,8,1,3,139,1.9783
1967,8,1,4,112,-1.5686
1967,8,1,5,103,2.2469
1967,8,2,1,81,-0.6195
1967,8,2,2,82,-0.9650
1967,8,2,3,74,0.1126
1967,8,2,4,76,0.8593
1967,8,2,5,80,0.6838
1967,8,3,1,137,0.4358
1967,8,3,2,148,-0.2904
1967,8,3,3,176,-1.4257
1967,8,3,4,183,-0.9187
1967,8,3,5,158,-1.2614
1967,9,1,1,134,6.9238
1967,9,1,2,135,8.3543
1967,9,1,3,138,7.1333
1967,9,1,4,114,8.1160
1967,9,1,5,106,7.6991
1967,9,2,1,82,3.6785
1967,9,2,2,84,4.4379
1967,9,2,3,73,4.2465
1967,9,2,4,75,4.8323
1967,9,2,5,87,5.9326
1967,9,3,1,140,4.1968
1967,9,3,2,154,4.4515
1967,9,3,3,175,4.6824
1967,9,3,4,186,2.6565
1967,9,3,5,157,3.2452
1967,10,1,1,98,0.1852
1967,10,1,2,109,-1.9418
1967,10,1,3,104,-0.4833
1967,10,1,4,102,-1.8115
1967,10,1,5,101,-2.6787
1967,10,2,1,71,0.2416
1967,10,2,2,77,-4.6762
1967,10,2,3,62,0.5339
1967,10,2,4,61,-4.2012
1967,10,2,5,84,-4.2475
1967,10,3,1,122,-2.4143
1967,10,3,2,126,-3.3236
1967,10,3,3,152,-0.4112
1967,10,3,4,159,-2.3943
1967,10,3,5,125,-2.2063
1967,11,1,1,111,1.8251
1967,11,1,2,123,0.5933
1967,11,1,3,123,2.1154
1967,11,1,4,120,-0.3424
1967,11,1,5,113,-0.3101
1967,11,2,1,80,1.4642
1967,11,2,2,90,1.1551
1967,11,2,3,73,-0.0482
1967,11,2,4,76,1.5230
1967,11,2,5,87,-0.7296
1967,11,3,1,139,0.0088
1967,11,3,2,156,-0.0555
1967,11,3,3,174,0.7332
1967,11,3,4,169,0.4087
1967,11,3,5,136,1.9829
1967,12,1,1,109,8.7559
1967,12,1,2,123,10.0415
1967,12,1,3,124,8.7405
1967,12,1,4,117,8.5139
1967,12,1,5,118,7.2946
1967,12,2,1,76,6.8361
1967,12,2,2,88,7.2390
1967,12,2,3,69,6.1651
1967,12,2,4,79,9.6805
1967,12,2,5,88,5.2263
1967,12,3,1,144,0.4406
1967,12,3,2,151,4.1005
1967,12,3,3,171,3.3924
1967,12,3,4,169,2.3759
1967,12,3,5,137,3.3273
1968,1,1,1,99,2.2670
1968,1,1,2,105,3.2699
1968,1,1,3,106,3.8835
1968,1,1,4,104,4.3734
1968,1,1,5,118,4.2141
1968,1,2,1,66,-2.1537
1968,1,2,2,72,-0.7796
1968,1,2,3,62,1.1427
1968,1,2,4,72,-0.1987
1968,1,2,5,76,-0.0757
1968,1,3,1,122,-7.5362
1968,1,3,2,136,-5.3186
1968,1,3,3,144,-3.9989
1968,1,3,4,134,-3.7854
1968,1,3,5,98,-6.2103
1968,2,1,1,104,-6.9886
1968,2,1,2,113,-6.7790
1968,2,1,3,121,-5.9659
1968,2,1,4,113,-5.5491
1968,2,1,5,130,-4.3630
1968,2,2,1,79,-6.9763
1968,2,2,2,82,-5.1982
1968,2,2,3,77,-5.6870
1968,2,2,4,77,-5.1031
1968,2,2,5,77,-2.4831
1968,2,3,1,136,-3.8748
1968,2,3,2,155,-3.4423
1968,2,3,3,156,-3.5788
1968,2,3,4,150,-2.5648
1968,2,3,5,110,-3.4400
1968,3,1,1,111,-1.9399
1968,3,1,2,117,-1.2273
1968,3,1,3,128,-0.7501
1968,3,1,4,121,-0.1774
1968,3,1,5,137,-1.3170
1968,3,2,1,83,-1.7405
1968,3,2,2,84,-3.6930
1968,3,2,3,79,0.1362
1968,3,2,4,79,0.1175
1968,3,2,5,80,-0.4721
1968,3,3,1,135,1.5583
1968,3,3,2,152,-0.0909
1968,3,3,3,163,0.8591
1968,3,3,4,147,1.1181
1968,3,3,5,112,2.5747
1968,4,1,1,99,16.6954
1968,4,1,2,107,16.8803
1968,4,1,3,115,18.3717
1968,4,1,4,116,17.3497
1968,4,1,5,138,15.6499
1968,4,2,1,72,15.4088
1968,4,2,2,69,13.2175
1968,4,2,3,77,14.5429
1968,4,2,4,72,14.4764
1968,4,2,5,72,12.7865
1968,4,3,1,114,12.7346
1968,4,3,2,127,10.4202
1968,4,3,3,130,9.1469
1968,4,3,4,119,6.9315
1968,4,3,5,105,9.8941
1968,5,1,1,167,12.0727
1968,5,1,2,149,11.5730
1968,5,1,3,144,10.6886
1968,5,1,4,143,11.0848
1968,5,1,5,198,12.7171
1968,5,2,1,97,7.7125
1968,5,2,2,89,6.8936
1968,5,2,3,88,8.3651
1968,5,2,4,89,6.3194
1968,5,2,5,98,10.0402
1968,5,3,1,143,2.1381
1968,5,3,2,167,1.7113
1968,5,3,3,176,2.7808
1968,5,3,4,155,1.0076
1968,5,3,5,137,2.4441
1968,6,1,1,175,0.3281
1968,6,1,2,155,-0.9266
1968,6,1,3,139,0.8681
1968,6,1,4,143,2.3673
1968,6,1,5,209,0.7656
1968,6,2,1,98,-0.5710
1968,6,2,2,91,-0.1662
1968,6,2,3,89,-1.0107
1968,6,2,4,87,0.5389
1968,6,2,5,100,0.6349
1968,6,3,1,145,-0.8412
1968,6,3,2,169,0.2121
1968,6,3,3,181,0.5523
1968,6,3,4,157,1.3006
1968,6,3,5,142,-0.1158
1968,7,1,1,164,-3.4105
1968,7,1,2,151,-4.4126
1968,7,1,3,130,-3.0528
1968,7,1,4,136,-2.9121
1968,7,1,5,202,-1.6505
1968,7,2,1,94,-6.9480
1968,7,2,2,83,-5.0642
1968,7,2,3,86,-2.6308
1968,7,2,4,75,-1.4975
1968,7,2,5,92,-2.9987
1968,7,3,1,125,-5.5544
1968,7,3,2,148,-3.9371
1968,7,3,3,155,-1.3996
1968,7,3,4,146,0.7155
1968,7,3,5,129,-3.4830
1968,8,1,1,201,3.2658
1968,8,1,2,187,4.4202
1968,8,1,3,153,4.9274
1968,8,1,4,159,4.2635
1968,8,1,5,219,6.3274
1968,8,2,1,106,2.2627
1968,8,2,2,107,4.3756
1968,8,2,3,101,4.1311
1968,8,2,4,85,5.0527
1968,8,2,5,105,6.8024
1968,8,3,1,138,0.3735
1968,8,3,2,167,2.5369
1968,8,3,3,181,2.0927
1968,8,3,4,184,1.5375
1968,8,3,5,154,1.0617
1968,9,1,1,211,6.9148
1968,9,1,2,195,6.6174
1968,9,1,3,160,6.6519
1968,9,1,4,155,6.8157
1968,9,1,5,224,7.6952
1968,9,2,1,108,7.5157
1968,9,2,2,110,6.3270
1968,9,2,3,101,7.6630
1968,9,2,4,86,7.4508
1968,9,2,5,107,7.1152
1968,9,3,1,137,5.8055
1968,9,3,2,167,5.7819
1968,9,3,3,180,5.3256
1968,9,3,4,186,2.9171
1968,9,3,5,153,3.3112
1968,10,1,1,204,0.4317
1968,10,1,2,170,0.0148
1968,10,1,3,127,2.2170
1968,10,1,4,129,-1.1596
1968,10,1,5,201,0.1893
1968,10,2,1,99,-0.7304
1968,10,2,2,94,0.1200
1968,10,2,3,77,0.6993
1968,10,2,4,69,1.8010
1968,10,2,5,89,2.0249
1968,10,3,1,108,0.3414
1968,10,3,2,130,0.1501
1968,10,3,3,153,1.4214
1968,10,3,4,157,1.0805
1968,10,3,5,120,0.2214
1968,11,1,1,229,6.2212
1968,11,1,2,180,6.5896
1968,11,1,3,140,7.4391
1968,11,1,4,147,6.8845
1968,11,1,5,225,8.7988
1968,11,2,1,108,10.0898
1968,11,2,2,104,6.8162
1968,11,2,3,90,7.3911
1968,11,2,4,87,7.0473
1968,11,2,5,96,8.1642
1968,11,3,1,119,6.7878
1968,11,3,2,155,5.2508
1968,11,3,3,176,5.0258
1968,11,3,4,171,5.4675
1968,11,3,5,139,4.7182
1968,12,1,1,231,3.8988
1968,12,1,2,183,2.2370
1968,12,1,3,142,2.9611
1968,12,1,4,144,0.1269
1968,12,1,5,222,1.5099
1968,12,2,1,109,-1.0874
1968,12,2,2,106,-0.9352
1968,12,2,3,92,-0.0629
1968,12,2,4,88,-0.0441
1968,12,2,5,98,-2.3168
1968,12,3,1,119,-3.3230
1968,12,3,2,158,-4.4263
1968,12,3,3,172,-2.6028
1968,12,3,4,172,-4.5496
1968,12,3,5,139,-4.5438
1969,1,1,1,198,-1.1734
1969,1,1,2,162,-1.2146
1969,1,1,3,127,-0.2881
1969,1,1,4,123,-1.6230
1969,1,1,5,200,-1.3526
1969,1,2,1,96,-2.0669
1969,1,2,2,91,-2.2636
1969,1,2,3,78,-2.1971
1969,1,2,4,76,-1.1104
1969,1,2,5,76,0.0673
1969,1,3,1,107,-2.8487
1969,1,3,2,132,-1.1928
1969,1,3,3,144,-1.7992
1969,1,3,4,141,-0.3178
1969,1,3,5,112,-1.5746
1969,2,1,1,212,-12.1414
1969,2,1,2,189,-9.2050
1969,2,1,3,148,-8.5266
1969,2,1,4,142,-8.0496
1969,2,1,5,208,-8.6942
1969,2,2,1,111,-11.0420
1969,2,2,2,101,-8.5360
1969,2,2,3,87,-7.2914
1969,2,2,4,94,-7.4562
1969,2,2,5,85,-8.9318
1969,2,3,1,115,-7.5756
1969,2,3,2,147,-4.1749
1969,2,3,3,168,-5.1230
1969,2,3,4,161,-3.5154
1969,2,3,5,124,-4.1382
1969,3,1,1,225,2.6578
1969,3,1,2,189,2.0522
1969,3,1,3,152,1.1060
1969,3,1,4,144,1.8443
1969,3,1,5,204,3.4700
1969,3,2,1,115,-0.4094
1969,3,2,2,100,3.0187
1969,3,2,3,93,4.7031
1969,3,2,4,93,3.1407
1969,3,2,5,81,4.7116
1969,3,3,1,114,1.3165
1969,3,3,2,147,4.1072
1969,3,3,3,168,4.0726
1969,3,3,4,159,4.2803
1969,3,3,5,124,4.1583
1969,4,1,1,218,-0.8766
1969,4,1,2,154,-0.1748
1969,4,1,3,138,-1.4295
1969,4,1,4,128,-0.6838
1969,4,1,5,179,0.4729
1969,4,2,1,106,0.9424
1969,4,2,2,85,0.7463
1969,4,2,3,84,-0.0567
1969,4,2,4,80,2.4376
1969,4,2,5,72,1.2968
1969,4,3,1,101,2.9498
1969,4,3,2,132,2.8334
1969,4,3,3,144,1.9209
1969,4,3,4,137,2.8314
1969,4,3,5,111,1.6185
1969,5,1,1,283,0.2763
1969,5,1,2,174,1.4419
1969,5,1,3,167,0.4148
1969,5,1,4,156,0.1619
1969,5,1,5,200,0.8421
1969,5,2,1,123,-1.3433
1969,5,2,2,112,-0.8028
1969,5,2,3,110,-0.4037
1969,5,2,4,93,0.5478
1969,5,2,5,97,0.4160
1969,5,3,1,127,0.0013
1969,5,3,2,172,-0.4081
1969,5,3,3,175,1.2680
1969,5,3,4,173,1.1852
1969,5,3,5,138,-0.1621
1969,6,1,1,290,-14.7813
1969,6,1,2,186,-12.6074
1969,6,1,3,170,-11.7585
1969,6,1,4,158,-11.0920
1969,6,1,5,199,-13.2830
1969,6,2,1,122,-12.7909
1969,6,2,2,114,-9.6473
1969,6,2,3,111,-10.3724
1969,6,2,4,99,-10.3252
1969,6,2,5,99,-11.8263
1969,6,3,1,128,-8.3138
1969,6,3,2,179,-6.4699
1969,6,3,3,178,-7.5344
1969,6,3,4,177,-5.0422
1969,6,3,5,140,-3.8822
1969,7,1,1,277,-12.6922
1969,7,1,2,164,-10.8572
1969,7,1,3,150,-10.1492
1969,7,1,4,143,-8.6169
1969,7,1,5,181,-10.0932
1969,7,2,1,114,-12.5941
1969,7,2,2,96,-8.9303
1969,7,2,3,102,-9.0010
1969,7,2,4,80,-8.0744
1969,7,2,5,87,-8.2138
1969,7,3,1,118,-7.8325
1969,7,3,2,158,-8.2348
1969,7,3,3,157,-5.8507
1969,7,3,4,159,-5.7019
1969,7,3,5,122,-5.0088
1969,8,1,1,310,3.5944
1969,8,1,2,208,4.0259
1969,8,1,3,172,3.6461
1969,8,1,4,156,4.7965
1969,8,1,5,196,3.9293
1969,8,2,1,129,8.7442
1969,8,2,2,109,6.4468
1969,8,2,3,118,6.3860
1969,8,2,4,97,5.9229
1969,8,2,5,95,6.2336
1969,8,3,1,128,9.4539
1969,8,3,2,166,5.2455
1969,8,3,3,183,5.7191
1969,8,3,4,183,4.4970
1969,8,3,5,142,5.2243
1969,9,1,1,313,-4.3932
1969,9,1,2,210,-3.1517
1969,9,1,3,177,-2.7002
1969,9,1,4,159,-3.0066
1969,9,1,5,187,-4.4762
1969,9,2,1,130,-0.0232
1969,9,2,2,115,0.1567
1969,9,2,3,117,-0.5842
1969,9,2,4,96,-1.6021
1969,9,2,5,96,2.7620
1969,9,3,1,124,-3.1508
1969,9,3,2,167,-2.6818
1969,9,3,3,178,-2.4964
1969,9,3,4,184,-3.5862
1969,9,3,5,143,-0.9668
1969,10,1,1,300,12.0865
1969,10,1,2,175,10.6402
1969,10,1,3,146,9.4164
1969,10,1,4,132,8.6043
1969,10,1,5,146,10.6447
1969,10,2,1,115,10.4906
1969,10,2,2,98,7.0156
1969,10,2,3,96,6.9994
1969,10,2,4,84,7.5183
1969,10,2,5,80,7.7470
1969,10,3,1,98,4.8222
1969,10,3,2,125,4.1902
1969,10,3,3,148,4.8507
1969,10,3,4,155,3.7683
1969,10,3,5,125,5.4680
1969,11,1,1,314,-8.5392
1969,11,1,2,205,-6.3646
1969,11,1,3,164,-4.8393
1969,11,1,4,142,-5.4095
1969,11,1,5,165,-6.3787
1969,11,2,1,124,-6.3718
1969,11,2,2,113,-4.3478
1969,11,2,3,102,-4.5145
1969,11,2,4,97,-4.6232
1969,11,2,5,89,-3.5051
1969,11,3,1,108,-3.1413
1969,11,3,2,135,-3.2634
1969,11,3,3,168,-3.5179
1969,11,3,4,172,-2.5031
1969,11,3,5,140,-1.8358
1969,12,1,1,311,-10.4959
1969,12,1,2,215,-6.9902
1969,12,1,3,168,-7.2014
1969,12,1,4,142,-5.7809
1969,12,1,5,173,-7.5120
1969,12,2,1,131,-5.4769
1969,12,2,2,119,-4.8164
1969,12,2,3,110,-3.9441
1969,12,2,4,98,-4.3383
1969,12,2,5,88,-3.9366
1969,12,3,1,106,-2.3290
1969,12,3,2,135,-1.7274
1969,12,3,3,168,-1.6570
1969,12,3,4,171,-2.4029
1969,12,3,5,142,-0.0155
1970,1,1,1,282,-2.4657
1970,1,1,2,206,-2.7495
1970,1,1,3,138,-3.5264
1970,1,1,4,127,-1.0387
1970,1,1,5,141,-1.9182
1970,1,2,1,122,-9.8052
1970,1,2,2,108,-7.0066
1970,1,2,3,87,-5.0710
1970,1,2,4,86,-4.2545
1970,1,2,5,78,-6.6707
1970,1,3,1,96,-11.2708
1970,1,3,2,119,-9.6199
1970,1,3,3,152,-7.7199
1970,1,3,4,146,-6.7139
1970,1,3,5,130,-8.1075
1970,2,1,1,302,3.6421
1970,2,1,2,231,4.4171
1970,2,1,3,162,3.8907
1970,2,1,4,150,2.0820
1970,2,1,5,164,2.8490
1970,2,2,1,132,2.9410
1970,2,2,2,123,5.5243
1970,2,2,3,95,3.9808
1970,2,2,4,102,5.6969
1970,2,2,5,88,3.5061
1970,2,3,1,98,4.8071
1970,2,3,2,139,7.8563
1970,2,3,3,166,6.0776
1970,2,3,4,167,6.0775
1970,2,3,5,141,3.8489
1970,3,1,1,308,-4.7526
1970,3,1,2,226,-2.9655
1970,3,1,3,173,-2.6982
1970,3,1,4,152,-1.6245
1970,3,1,5,166,-1.7761
1970,3,2,1,135,-3.7139
1970,3,2,2,124,-2.7688
1970,3,2,3,99,-1.6793
1970,3,2,4,101,0.0043
1970,3,2,5,85,-2.1394
1970,3,3,1,102,-4.0112
1970,3,3,2,141,-1.2918
1970,3,3,3,165,-1.5220
1970,3,3,4,169,1.5660
1970,3,3,5,141,-0.0610
1970,4,1,1,282,-20.9006
1970,4,1,2,208,-15.5837
1970,4,1,3,155,-15.8885
1970,4,1,4,136,-13.8238
1970,4,1,5,152,-15.5660
1970,4,2,1,116,-20.6848
1970,4,2,2,112,-17.1810
1970,4,2,3,81,-12.1242
1970,4,2,4,89,-13.3705
1970,4,2,5,74,-14.1628
1970,4,3,1,95,-16.9806
1970,4,3,2,127,-9.5700
1970,4,3,3,146,-9.7058
1970,4,3,4,147,-8.1551
1970,4,3,5,127,-8.8427
1970,5,1,1,332,-9.3035
1970,5,1,2,238,-10.2177
1970,5,1,3,185,-9.1276
1970,5,1,4,161,-9.8830
1970,5,1,5,211,-9.1843
1970,5,2,1,143,-12.2573
1970,5,2,2,125,-12.2349
1970,5,2,3,105,-9.7986
1970,5,2,4,100,-9.9360
1970,5,2,5,99,-8.9528
1970,5,3,1,118,-9.4421
1970,5,3,2,165,-6.1210
1970,5,3,3,187,-7.1625
1970,5,3,4,184,-3.1770
1970,5,3,5,152,-6.3562
1970,6,1,1,334,-12.4279
1970,6,1,2,257,-9.0923
1970,6,1,3,195,-7.9402
1970,6,1,4,171,-6.9551
1970,6,1,5,208,-6.0576
1970,6,2,1,144,-10.6117
1970,6,2,2,134,-10.0523
1970,6,2,3,103,-8.4095
1970,6,2,4,105,-5.1047
1970,6,2,5,103,-5.3172
1970,6,3,1,117,-7.8700
1970,6,3,2,162,-4.2243
1970,6,3,3,190,-5.0294
1970,6,3,4,185,-4.9494
1970,6,3,5,152,-3.9548
1970,7,1,1,309,3.8163
1970,7,1,2,232,3.6751
1970,7,1,3,186,5.4179
1970,7,1,4,146,5.4628
1970,7,1,5,189,4.6168
1970,7,2,1,129,7.6844
1970,7,2,2,124,9.5336
1970,7,2,3,95,9.0596
1970,7,2,4,97,8.3622
1970,7,2,5,93,8.0938
1970,7,3,1,104,8.9960
1970,7,3,2,143,8.5911
1970,7,3,3,167,7.4463
1970,7,3,4,168,8.4516
1970,7,3,5,136,5.0321
1970,8,1,1,329,7.3144
1970,8,1,2,270,6.9006
1970,8,1,3,214,5.8702
1970,8,1,4,168,6.0788
1970,8,1,5,217,5.5473
1970,8,2,1,140,9.3012
1970,8,2,2,141,6.6351
1970,8,2,3,111,7.9357
1970,8,2,4,118,6.4090
1970,8,2,5,105,5.2737
1970,8,3,1,113,5.8500
1970,8,3,2,161,5.2368
1970,8,3,3,192,5.3799
1970,8,3,4,190,4.3935
1970,8,3,5,151,4.6778
1970,9,1,1,341,18.5772
1970,9,1,2,272,14.7717
1970,9,1,3,216,14.5993
1970,9,1,4,168,11.6435
1970,9,1,5,222,12.4929
1970,9,2,1,139,16.5802
1970,9,2,2,139,11.8050
1970,9,2,3,113,10.8475
1970,9,2,4,116,9.0722
1970,9,2,5,107,9.2808
1970,9,3,1,112,8.5512
1970,9,3,2,162,6.3072
1970,9,3,3,191,4.7193
1970,9,3,4,188,2.7847
1970,9,3,5,152,2.5839
1970,10,1,1,306,-12.3004
1970,10,1,2,235,-9.3170
1970,10,1,3,178,-7.2399
1970,10,1,4,138,-2.7436
1970,10,1,5,215,-5.0699
1970,10,2,1,126,-7.0685
1970,10,2,2,117,-6.5041
1970,10,2,3,102,-5.4907
1970,10,2,4,98,-2.9702
1970,10,2,5,92,-3.6551
1970,10,3,1,97,-2.4273
1970,10,3,2,135,-2.6763
1970,10,3,3,155,-0.4088
1970,10,3,4,155,-0.5601
1970,10,3,5,126,-0.4824
1970,11,1,1,327,-3.6662
1970,11,1,2,263,-0.8754
1970,11,1,3,196,-1.1879
1970,11,1,4,162,-0.3549
1970,11,1,5,231,-0.5143
1970,11,2,1,131,0.3224
1970,11,2,2,125,1.8241
1970,11,2,3,116,2.5500
1970,11,2,4,110,3.9478
1970,11,2,5,97,3.5896
1970,11,3,1,111,3.8392
1970,11,3,2,145,4.9219
1970,11,3,3,169,4.5514
1970,11,3,4,162,4.6608
1970,11,3,5,142,5.7551
1970,12,1,1,333,8.6754
1970,12,1,2,259,10.9628
1970,12,1,3,193,10.3127
1970,12,1,4,168,10.1854
1970,12,1,5,236,9.8884
1970,12,2,1,128,8.6538
1970,12,2,2,125,10.0772
1970,12,2,3,115,10.8639
1970,12,2,4,110,8.5406
1970,12,2,5,104,8.4008
1970,12,3,1,112,5.4221
1970,12,3,2,151,5.9446
1970,12,3,3,167,6.5946
1970,12,3,4,160,5.3604
1970,12,3,5,143,5.6789
1971,1,1,1,303,18.6361
1971,1,1,2,237,15.9876
1971,1,1,3,164,14.9143
1971,1,1,4,150,13.8915
1971,1,1,5,210,14.1146
1971,1,2,1,121,11.8998
1971,1,2,2,114,10.7699
1971,1,2,3,95,9.3198
1971,1,2,4,98,9.9154
1971,1,2,5,98,10.0014
1971,1,3,1,108,6.9727
1971,1,3,2,128,6.2643
1971,1,3,3,146,4.7044
1971,1,3,4,136,3.8717
1971,1,3,5,127,3.2505
1971,2,1,1,334,5.6241
1971,2,1,2,252,4.3616
1971,2,1,3,186,4.4148
1971,2,1,4,182,2.8300
1971,2,1,5,240,6.8122
1971,2,2,1,137,3.1071
1971,2,2,2,135,1.9808
1971,2,2,3,113,5.4686
1971,2,2,4,107,3.7172
1971,2,2,5,111,3.2931
1971,2,3,1,122,1.4982
1971,2,3,2,149,1.8137
1971,2,3,3,166,3.0546
1971,2,3,4,160,2.1822
1971,2,3,5,136,1.3529
1971,3,1,1,338,6.1886
1971,3,1,2,253,5.7569
1971,3,1,3,182,6.7753
1971,3,1,4,181,7.0838
1971,3,1,5,247,7.8147
1971,3,2,1,137,7.1403
1971,3,2,2,134,8.2884
1971,3,2,3,111,5.4875
1971,3,2,4,106,6.5591
1971,3,2,5,116,6.4735
1971,3,3,1,127,5.5603
1971,3,3,2,153,4.3648
1971,3,3,3,168,3.1734
1971,3,3,4,157,3.4488
1971,3,3,5,139,4.6098
1971,4,1,1,324,1.5687
1971,4,1,2,220,2.5664
1971,4,1,3,170,3.6951
1971,4,1,4,158,0.8496
1971,4,1,5,231,1.7257
1971,4,2,1,132,3.3923
1971,4,2,2,116,3.5724
1971,4,2,3,94,3.3059
1971,4,2,4,99,4.7340
1971,4,2,5,108,4.5328
1971,4,3,1,110,6.4673
1971,4,3,2,144,5.4461
1971,4,3,3,150,6.2897
1971,4,3,4,144,4.1451
1971,4,3,5,125,2.4704
1971,5,1,1,390,-8.2864
1971,5,1,2,257,-6.0325
1971,5,1,3,222,-6.7710
1971,5,1,4,214,-6.5414
1971,5,1,5,296,-5.1276
1971,5,2,1,158,-5.5214
1971,5,2,2,138,-4.6043
1971,5,2,3,121,-3.6391
1971,5,2,4,126,-3.2378
1971,5,2,5,139,-4.1063
1971,5,3,1,142,-3.4774
1971,5,3,2,188,-2.3108
1971,5,3,3,192,-3.2484
1971,5,3,4,199,-3.6070
1971,5,3,5,153,-4.2322
1971,6,1,1,385,-4.0417
1971,6,1,2,260,-1.8913
1971,6,1,3,223,-2.9253
1971,6,1,4,218,-3.0000
1971,6,1,5,296,-1.9224
1971,6,2,1,155,-1.1473
1971,6,2,2,135,-0.4590
1971,6,2,3,127,-0.9395
1971,6,2,4,127,-1.4531
1971,6,2,5,132,0.2583
1971,6,3,1,144,-1.0443
1971,6,3,2,190,-0.1971
1971,6,3,3,198,0.5803
1971,6,3,4,203,0.8700
1971,6,3,5,156,-0.2708
1971,7,1,1,356,-8.0852
1971,7,1,2,220,-6.3979
1971,7,1,3,196,-4.7830
1971,7,1,4,197,-4.4507
1971,7,1,5,281,-7.0772
1971,7,2,1,137,-6.2905
1971,7,2,2,124,-6.7124
1971,7,2,3,116,-5.2811
1971,7,2,4,110,-4.5188
1971,7,2,5,127,-4.2973
1971,7,3,1,140,-5.6450
1971,7,3,2,171,-4.3009
1971,7,3,3,173,-3.0560
1971,7,3,4,184,-4.0991
1971,7,3,5,136,-4.0491
1971,8,1,1,386,3.2153
1971,8,1,2,276,4.1749
1971,8,1,3,254,4.6821
1971,8,1,4,243,5.8616
1971,8,1,5,307,5.6407
1971,8,2,1,151,4.6777
1971,8,2,2,147,6.3609
1971,8,2,3,133,6.4224
1971,8,2,4,138,5.4727
1971,8,2,5,140,5.5147
1971,8,3,1,165,6.8538
1971,8,3,2,200,5.4196
1971,8,3,3,206,3.8263
1971,8,3,4,205,3.7514
1971,8,3,5,150,4.3023
1971,9,1,1,404,-1.9759
1971,9,1,2,284,-1.3543
1971,9,1,3,259,-0.5428
1971,9,1,4,244,0.0096
1971,9,1,5,311,1.5436
1971,9,2,1,156,-1.3797
1971,9,2,2,145,-1.2335
1971,9,2,3,136,-1.4762
1971,9,2,4,134,0.7048
1971,9,2,5,138,-0.0274
1971,9,3,1,166,-0.3174
1971,9,3,2,202,-0.8056
1971,9,3,3,206,-1.2641
1971,9,3,4,206,0.0035
1971,9,3,5,150,0.1726
1971,10,1,1,369,-8.4061
1971,10,1,2,252,-8.0176
1971,10,1,3,231,-6.2755
1971,10,1,4,212,-4.3571
1971,10,1,5,271,-5.8160
1971,10,2,1,125,-8.1936
1971,10,2,2,125,-6.5983
1971,10,2,3,120,-5.1881
1971,10,2,4,117,-6.3134
1971,10,2,5,122,-5.6849
1971,10,3,1,144,-6.4516
1971,10,3,2,171,-6.0204
1971,10,3,3,169,-5.6109
1971,10,3,4,167,-3.2526
1971,10,3,5,122,-3.1561
1971,11,1,1,396,-4.6998
1971,11,1,2,272,-5.1946
1971,11,1,3,276,-4.5644
1971,11,1,4,250,-4.1455
1971,11,1,5,319,-3.9997
1971,11,2,1,132,-2.7782
1971,11,2,2,136,-4.0686
1971,11,2,3,135,-2.2607
1971,11,2,4,135,-2.1077
1971,11,2,5,138,-2.1841
1971,11,3,1,161,-0.5495
1971,11,3,2,196,-0.4155
1971,11,3,3,199,-1.1061
1971,11,3,4,195,0.6715
1971,11,3,5,135,1.4775
1971,12,1,1,410,13.7762
1971,12,1,2,283,12.2316
1971,12,1,3,296,14.7990
1971,12,1,4,272,12.7395
1971,12,1,5,330,13.2006
1971,12,2,1,134,14.2119
1971,12,2,2,142,14.5027
1971,12,2,3,139,12.5137
1971,12,2,4,137,11.8505
1971,12,2,5,142,12.5187
1971,12,3,1,168,9.9619
1971,12,3,2,205,8.8320
1971,12,3,3,205,9.6077
1971,12,3,4,205,8.7690
1971,12,3,5,143,8.2808
1972,1,1,1,359,15.1773
1972,1,1,2,251,12.4002
1972,1,1,3,260,12.8934
1972,1,1,4,239,11.8221
1972,1,1,5,318,14.0004
1972,1,2,1,125,8.1551
1972,1,2,2,126,6.8414
1972,1,2,3,117,7.2124
1972,1,2,4,123,7.6604
1972,1,2,5,128,8.5601
1972,1,3,1,148,1.7233
1972,1,3,2,173,1.4540
1972,1,3,3,184,1.0920
1972,1,3,4,182,1.8019
1972,1,3,5,131,4.1810
1972,2,1,1,367,3.4991
1972,2,1,2,256,3.9918
1972,2,1,3,266,5.1040
1972,2,1,4,251,4.1085
1972,2,1,5,327,5.0923
1972,2,2,1,131,1.7099
1972,2,2,2,133,4.7059
1972,2,2,3,124,3.7848
1972,2,2,4,129,3.9253
1972,2,2,5,134,3.7479
1972,2,3,1,148,7.6088
1972,2,3,2,185,3.6697
1972,2,3,3,196,2.6381
1972,2,3,4,192,3.7795
1972,2,3,5,133,2.4572
1972,3,1,1,386,-1.6906
1972,3,1,2,271,-0.7590
1972,3,1,3,283,-0.2578
1972,3,1,4,276,0.3220
1972,3,1,5,349,0.0102
1972,3,2,1,131,0.8825
1972,3,2,2,141,0.3836
1972,3,2,3,128,1.8857
1972,3,2,4,134,-0.7314
1972,3,2,5,137,-0.8317
1972,3,3,1,166,1.0134
1972,3,3,2,200,0.3319
1972,3,3,3,213,-1.7245
1972,3,3,4,205,-0.4689
1972,3,3,5,141,3.6907
1972,4,1,1,363,-1.6383
1972,4,1,2,244,-0.3273
1972,4,1,3,249,0.1250
1972,4,1,4,262,1.0866
1972,4,1,5,328,1.4795
1972,4,2,1,126,0.5030
1972,4,2,2,125,1.4796
1972,4,2,3,119,0.1625
1972,4,2,4,125,1.3692
1972,4,2,5,126,2.3008
1972,4,3,1,146,2.0761
1972,4,3,2,187,1.5305
1972,4,3,3,196,0.6961
1972,4,3,4,178,0.2364
1972,4,3,5,115,0.3215
1972,5,1,1,387,-2.9982
1972,5,1,2,272,-2.8011
1972,5,1,3,262,-3.1130
1972,5,1,4,286,-1.3882
1972,5,1,5,378,-2.7110
1972,5,2,1,140,-2.8341
1972,5,2,2,146,-3.9797
1972,5,2,3,137,-2.1328
1972,5,2,4,140,-3.1096
1972,5,2,5,141,-1.0883
1972,5,3,1,165,2.0916
1972,5,3,2,213,1.7884
1972,5,3,3,219,2.0377
1972,5,3,4,202,3.5853
1972,5,3,5,130,2.4178
1972,6,1,1,396,-3.4464
1972,6,1,2,296,-3.3733
1972,6,1,3,276,-4.4850
1972,6,1,4,296,-2.3741
1972,6,1,5,389,-4.1822
1972,6,2,1,137,-4.3477
1972,6,2,2,149,-3.8373
1972,6,2,3,143,-3.8924
1972,6,2,4,149,-2.6185
1972,6,2,5,144,-2.6796
1972,6,3,1,172,-2.7934
1972,6,3,2,219,-3.2823
1972,6,3,3,223,-1.5503
1972,6,3,4,193,-2.0165
1972,6,3,5,131,-0.7910
1972,7,1,1,384,-4.8317
1972,7,1,2,293,-3.5164
1972,7,1,3,256,-3.4686
1972,7,1,4,281,-3.8466
1972,7,1,5,379,-3.4357
1972,7,2,1,128,-5.8130
1972,7,2,2,144,-3.7525
1972,7,2,3,132,-4.0500
1972,7,2,4,142,-2.9267
1972,7,2,5,139,-1.6845
1972,7,3,1,171,-1.7668
1972,7,3,2,206,-1.7367
1972,7,3,3,211,-0.2971
1972,7,3,4,191,0.9204
1972,7,3,5,127,1.4944
1972,8,1,1,382,-1.4094
1972,8,1,2,281,1.3548
1972,8,1,3,247,0.5905
1972,8,1,4,296,0.4273
1972,8,1,5,362,1.0709
1972,8,2,1,130,1.6638
1972,8,2,2,150,3.2062
1972,8,2,3,135,0.6880
1972,8,2,4,155,0.5383
1972,8,2,5,137,0.5802
1972,8,3,1,161,1.1133
1972,8,3,2,196,4.8161
1972,8,3,3,214,5.9095
1972,8,3,4,190,3.9907
1972,8,3,5,134,1.9485
1972,9,1,1,378,-4.9356
1972,9,1,2,276,-4.8026
1972,9,1,3,246,-3.2346
1972,9,1,4,295,-4.6877
1972,9,1,5,365,-4.2416
1972,9,2,1,124,-2.6556
1972,9,2,2,152,-3.8222
1972,9,2,3,130,-3.2355
1972,9,2,4,151,-2.1198
1972,9,2,5,136,-2.4370
1972,9,3,1,163,-1.2883
1972,9,3,2,192,-0.3702
1972,9,3,3,216,0.1638
1972,9,3,4,189,-1.3096
1972,9,3,5,131,-0.4977
1972,10,1,1,338,-3.6674
1972,10,1,2,242,-2.3223
1972,10,1,3,210,-2.3923
1972,10,1,4,249,-2.1751
1972,10,1,5,327,-2.4461
1972,10,2,1,113,-2.2167
1972,10,2,2,131,-2.5985
1972,10,2,3,113,-2.2961
1972,10,2,4,133,-1.5525
1972,10,2,5,117,-0.3736
1972,10,3,1,136,0.6846
1972,10,3,2,160,0.6491
1972,10,3,3,174,2.4692
1972,10,3,4,151,1.3913
1972,10,3,5,114,-0.7762
1972,11,1,1,344,4.6017
1972,11,1,2,262,5.1615
1972,11,1,3,239,4.4647
1972,11,1,4,260,6.2433
1972,11,1,5,322,5.6159
1972,11,2,1,121,3.7240
1972,11,2,2,138,8.0227
1972,11,2,3,129,8.0238
1972,11,2,4,140,7.3495
1972,11,2,5,122,5.0639
1972,11,3,1,144,4.4012
1972,11,3,2,176,5.3298
1972,11,3,3,184,5.4339
1972,11,3,4,163,6.1657
1972,11,3,5,130,3.2824
1972,12,1,1,350,-4.3081
1972,12,1,2,270,-3.0704
1972,12,1,3,249,-2.1841
1972,12,1,4,267,-1.0613
1972,12,1,5,329,-1.6171
1972,12,2,1,122,-1.6926
1972,12,2,2,143,-1.2212
1972,12,2,3,141,-2.0562
1972,12,2,4,132,-0.8192
1972,12,2,5,127,-0.3524
1972,12,3,1,147,1.5833
1972,12,3,2,177,0.9578
1972,12,3,3,183,2.4082
1972,12,3,4,170,0.3962
1972,12,3,5,132,2.2926
1973,1,1,1,347,-4.3468
1973,1,1,2,251,-4.9444
1973,1,1,3,240,-2.3849
1973,1,1,4,264,-3.8111
1973,1,1,5,305,-4.0709
1973,1,2,1,114,-8.0120
1973,1,2,2,136,-5.2526
1973,1,2,3,130,-4.5123
1973,1,2,4,120,-5.8067
1973,1,2,5,124,-6.6546
1973,1,3,1,140,-4.1769
1973,1,3,2,173,-2.8107
1973,1,3,3,167,-1.0836
1973,1,3,4,154,-1.0072
1973,1,3,5,127,-0.3799
1973,2,1,1,351,-8.6721
1973,2,1,2,255,-8.8463
1973,2,1,3,243,-8.6131
1973,2,1,4,267,-7.2139
1973,2,1,5,304,-8.6871
1973,2,2,1,115,-9.0970
1973,2,2,2,141,-9.2553
1973,2,2,3,130,-7.4642
1973,2,2,4,126,-8.5626
1973,2,2,5,122,-8.3733
1973,2,3,1,142,-4.4779
1973,2,3,2,181,-4.7084
1973,2,3,3,179,-3.8319
1973,2,3,4,166,-4.8435
1973,2,3,5,137,-2.1789
1973,3,1,1,366,-4.3796
1973,3,1,2,265,-3.1666
1973,3,1,3,273,-2.4684
1973,3,1,4,269,-1.7748
1973,3,1,5,326,-1.7382
1973,3,2,1,122,-5.6020
1973,3,2,2,144,-3.3141
1973,3,2,3,143,-3.5224
1973,3,2,4,133,-2.4313
1973,3,2,5,132,-1.3315
1973,3,3,1,145,-4.2005
1973,3,3,2,192,-0.6260
1973,3,3,3,195,0.8828
1973,3,3,4,182,1.3438
1973,3,3,5,138,-0.3934
1973,4,1,1,347,-10.0568
1973,4,1,2,265,-8.0404
1973,4,1,3,271,-7.2735
1973,4,1,4,238,-5.5804
1973,4,1,5,319,-6.5002
1973,4,2,1,120,-11.7516
1973,4,2,2,121,-7.8437
1973,4,2,3,126,-6.4455
1973,4,2,4,121,-6.1614
1973,4,2,5,121,-5.8492
1973,4,3,1,125,-8.1231
1973,4,3,2,171,-6.0217
1973,4,3,3,182,-3.1671
1973,4,3,4,173,-3.5229
1973,4,3,5,120,-3.6521
1973,5,1,1,391,-12.0022
1973,5,1,2,317,-10.7125
1973,5,1,3,318,-7.7197
1973,5,1,4,268,-9.0984
1973,5,1,5,359,-8.8588
1973,5,2,1,130,-9.0088
1973,5,2,2,140,-8.3355
1973,5,2,3,161,-8.9525
1973,5,2,4,149,-9.3217
1973,5,2,5,139,-9.0359
1973,5,3,1,148,-1.6456
1973,5,3,2,205,-1.3257
1973,5,3,3,215,-1.6090
1973,5,3,4,206,-0.8313
1973,5,3,5,142,-1.9897
1973,6,1,1,407,-4.2243
1973,6,1,2,321,-3.5537
1973,6,1,3,332,-3.6406
1973,6,1,4,278,-2.9860
1973,6,1,5,364,-2.7459
1973,6,2,1,133,-6.5383
1973,6,2,2,138,-4.0407
1973,6,2,3,168,-2.6376
1973,6,2,4,151,-3.1916
1973,6,2,5,135,-2.8520
1973,6,3,1,153,-3.6035
1973,6,3,2,209,-2.1024
1973,6,3,3,214,-0.0316
1973,6,3,4,202,-1.2097
1973,6,3,5,149,0.3515
1973,7,1,1,402,16.2065
1973,7,1,2,317,16.3569
1973,7,1,3,324,13.2626
1973,7,1,4,259,11.8620
1973,7,1,5,354,14.2819
1973,7,2,1,125,19.9870
1973,7,2,2,136,10.8872
1973,7,2,3,155,11.6015
1973,7,2,4,147,11.6186
1973,7,2,5,131,12.4829
1973,7,3,1,146,9.0632
1973,7,3,2,196,8.4056
1973,7,3,3,201,3.4416
1973,7,3,4,188,5.2662
1973,7,3,5,146,2.7042
1973,8,1,1,391,-7.2135
1973,8,1,2,321,-6.9122
1973,8,1,3,332,-6.5655
1973,8,1,4,258,-5.6456
1973,8,1,5,353,-4.8154
1973,8,2,1,132,-5.5278
1973,8,2,2,141,-5.1083
1973,8,2,3,151,-1.4828
1973,8,2,4,152,-2.9277
1973,8,2,5,139,-2.2770
1973,8,3,1,148,-3.5801
1973,8,3,2,200,-3.1862
1973,8,3,3,208,-4.0402
1973,8,3,4,196,-1.8272
1973,8,3,5,149,-3.4503
1973,9,1,1,390,8.4671
1973,9,1,2,316,10.4343
1973,9,1,3,318,9.4699
1973,9,1,4,256,10.2775
1973,9,1,5,347,8.3143
1973,9,2,1,129,9.8753
1973,9,2,2,143,12.1518
1973,9,2,3,151,10.5922
1973,9,2,4,156,13.6094
1973,9,2,5,139,11.6103
1973,9,3,1,149,6.1142
1973,9,3,2,205,6.9585
1973,9,3,3,206,7.5892
1973,9,3,4,197,5.2341
1973,9,3,5,151,0.4123
1973,10,1,1,360,-1.3846
1973,10,1,2,282,-1.6137
1973,10,1,3,276,-0.1978
1973,10,1,4,213,-0.3965
1973,10,1,5,309,3.7153
1973,10,2,1,113,-2.3657
1973,10,2,2,120,-0.4893
1973,10,2,3,127,0.4984
1973,10,2,4,131,0.6343
1973,10,2,5,124,2.4900
1973,10,3,1,130,-1.2975
1973,10,3,2,164,-1.3320
1973,10,3,3,160,-0.4727
1973,10,3,4,160,1.0715
1973,10,3,5,119,2.0250
1973,11,1,1,375,-21.7602
1973,11,1,2,285,-21.1416
1973,11,1,3,277,-18.9480
1973,11,1,4,240,-20.6051
1973,11,1,5,319,-20.6134
1973,11,2,1,120,-21.9942
1973,11,2,2,132,-18.8178
1973,11,2,3,137,-17.4930
1973,11,2,4,138,-20.1241
1973,11,2,5,134,-20.3414
1973,11,3,1,137,-14.5382
1973,11,3,2,178,-11.8122
1973,11,3,3,180,-9.4106
1973,11,3,4,174,-13.1631
1973,11,3,5,129,-10.5780
1973,12,1,1,392,-7.6816
1973,12,1,2,287,-5.7312
1973,12,1,3,292,-2.8583
1973,12,1,4,254,-3.5812
1973,12,1,5,327,-2.1161
1973,12,2,1,129,-5.7114
1973,12,2,2,138,-2.9663
1973,12,2,3,146,-2.4413
1973,12,2,4,147,-0.4199
1973,12,2,5,138,2.7713
1973,12,3,1,136,1.2222
1973,12,3,2,183,-1.6977
1973,12,3,3,188,3.4156
1973,12,3,4,175,3.4075
1973,12,3,5,131,0.0868
1974,1,1,1,390,20.8689
1974,1,1,2,275,19.6729
1974,1,1,3,273,16.5174
1974,1,1,4,235,17.7603
1974,1,1,5,320,17.0309
1974,1,2,1,131,9.8028
1974,1,2,2,127,12.3809
1974,1,2,3,129,12.4201
1974,1,2,4,140,12.1271
1974,1,2,5,138,11.4347
1974,1,3,1,128,0.6329
1974,1,3,2,174,-1.0226
1974,1,3,3,175,-1.7561
1974,1,3,4,154,-1.4802
1974,1,3,5,129,-0.5170
1974,2,1,1,376,-1.6182
1974,2,1,2,273,-1.5139
1974,2,1,3,280,-0.2948
1974,2,1,4,233,1.2156
1974,2,1,5,310,-1.1958
1974,2,2,1,134,-0.5838
1974,2,2,2,130,0.5800
1974,2,2,3,138,1.4629
1974,2,2,4,147,1.5623
1974,2,2,5,142,1.9282
1974,2,3,1,133,-0.0848
1974,2,3,2,175,-0.2113
1974,2,3,3,187,2.3930
1974,2,3,4,171,-0.8426
1974,2,3,5,141,-0.9447
1974,3,1,1,395,0.1267
1974,3,1,2,282,0.5158
1974,3,1,3,286,2.1362
1974,3,1,4,248,1.9412
1974,3,1,5,318,1.4086
1974,3,2,1,141,-1.1405
1974,3,2,2,134,-0.2551
1974,3,2,3,152,-0.0319
1974,3,2,4,155,0.2752
1974,3,2,5,150,-0.1437
1974,3,3,1,143,-4.5444
1974,3,3,2,193,-2.5172
1974,3,3,3,199,-2.6495
1974,3,3,4,196,-0.5350
1974,3,3,5,146,-1.1514
1974,4,1,1,404,-7.5771
1974,4,1,2,276,-5.5801
1974,4,1,3,266,-5.1341
1974,4,1,4,239,-4.4739
1974,4,1,5,311,-3.9316
1974,4,2,1,133,-8.7407
1974,4,2,2,126,-6.3820
1974,4,2,3,142,-5.3263
1974,4,2,4,135,-2.0977
1974,4,2,5,142,-0.8613
1974,4,3,1,135,-2.3766
1974,4,3,2,179,-3.4161
1974,4,3,3,175,-4.3148
1974,4,3,4,176,-2.7131
1974,4,3,5,132,-2.8057
1974,5,1,1,482,-8.9284
1974,5,1,2,374,-8.4803
1974,5,1,3,329,-6.8223
1974,5,1,4,361,-6.5365
1974,5,1,5,422,-6.0555
1974,5,2,1,163,-10.5500
1974,5,2,2,166,-8.3482
1974,5,2,3,178,-7.2585
1974,5,2,4,194,-5.2038
1974,5,2,5,180,-7.2750
1974,5,3,1,169,0.2197
1974,5,3,2,217,-2.7445
1974,5,3,3,225,-2.2026
1974,5,3,4,223,-3.0991
1974,5,3,5,184,-3.5741
1974,6,1,1,502,-3.8323
1974,6,1,2,405,-2.7803
1974,6,1,3,353,-1.7379
1974,6,1,4,397,-2.2732
1974,6,1,5,439,-1.7139
1974,6,2,1,170,-3.9359
1974,6,2,2,175,-4.2862
1974,6,2,3,183,-1.5485
1974,6,2,4,204,-0.2201
1974,6,2,5,184,-0.1946
1974,6,3,1,171,-2.4602
1974,6,3,2,224,-1.3373
1974,6,3,3,236,0.0431
1974,6,3,4,232,-1.1683
1974,6,3,5,188,-1.1231
1974,7,1,1,508,-6.6552
1974,7,1,2,410,-5.5261
1974,7,1,3,350,-5.2552
1974,7,1,4,386,-2.9557
1974,7,1,5,434,-3.1778
1974,7,2,1,168,-7.6069
1974,7,2,2,178,-5.2164
1974,7,2,3,184,-3.0554
1974,7,2,4,192,-2.8587
1974,7,2,5,175,-2.0109
1974,7,3,1,166,-13.5588
1974,7,3,2,214,-10.4857
1974,7,3,3,218,-9.7345
1974,7,3,4,229,-6.1752
1974,7,3,5,176,-4.5734
1974,8,1,1,532,-9.9327
1974,8,1,2,441,-7.5511
1974,8,1,3,384,-7.3853
1974,8,1,4,404,-5.4346
1974,8,1,5,439,-4.9300
1974,8,2,1,175,-9.8642
1974,8,2,2,187,-10.0248
1974,8,2,3,195,-8.5102
1974,8,2,4,209,-6.7480
1974,8,2,5,188,-4.9524
1974,8,3,1,160,-10.5407
1974,8,3,2,221,-11.3456
1974,8,3,3,231,-6.8050
1974,8,3,4,244,-8.3208
1974,8,3,5,187,-7.2284
1974,9,1,1,537,-10.1250
1974,9,1,2,430,-8.6090
1974,9,1,3,409,-8.1736
1974,9,1,4,430,-7.7758
1974,9,1,5,445,-7.8150
1974,9,2,1,177,-12.3356
1974,9,2,2,193,-10.0768
1974,9,2,3,199,-8.6695
1974,9,2,4,219,-9.1998
1974,9,2,5,193,-7.5742
1974,9,3,1,156,-15.3426
1974,9,3,2,219,-12.8463
1974,9,3,3,238,-11.7048
1974,9,3,4,247,-11.8409
1974,9,3,5,187,-12.1405
1974,10,1,1,496,6.6100
1974,10,1,2,415,9.5683
1974,10,1,3,378,11.0733
1974,10,1,4,404,7.8165
1974,10,1,5,417,10.0442
1974,10,2,1,157,11.4920
1974,10,2,2,171,11.0430
1974,10,2,3,176,7.7803
1974,10,2,4,207,10.2666
1974,10,2,5,160,12.2565
1974,10,3,1,137,14.5997
1974,10,3,2,182,19.6232
1974,10,3,3,201,15.2692
1974,10,3,4,195,18.1054
1974,10,3,5,158,19.1209
1974,11,1,1,520,-9.1650
1974,11,1,2,438,-5.6970
1974,11,1,3,434,-5.7461
1974,11,1,4,426,-4.9402
1974,11,1,5,423,-4.4572
1974,11,2,1,173,-7.5963
1974,11,2,2,192,-4.4739
1974,11,2,3,203,-3.7340
1974,11,2,4,231,-4.6567
1974,11,2,5,180,-4.5373
1974,11,3,1,145,-4.5692
1974,11,3,2,201,-3.5703
1974,11,3,3,224,-4.7677
1974,11,3,4,228,-3.5030
1974,11,3,5,179,-5.1123
1974,12,1,1,546,-10.4240
1974,12,1,2,451,-9.1254
1974,12,1,3,465,-7.1921
1974,12,1,4,443,-6.8952
1974,12,1,5,429,-7.8595
1974,12,2,1,179,-6.6566
1974,12,2,2,195,-5.4938
1974,12,2,3,210,-5.7492
1974,12,2,4,238,-5.9465
1974,12,2,5,188,-7.4336
1974,12,3,1,149,-3.2817
1974,12,3,2,206,-4.3174
1974,12,3,3,225,-1.7299
1974,12,3,4,230,-1.8891
1974,12,3,5,184,-1.8823
1975,1,1,1,556,38.1001
1975,1,1,2,446,29.8981
1975,1,1,3,458,30.3646
1975,1,1,4,402,27.7102
1975,1,1,5,401,28.5607
1975,1,2,1,175,29.9307
1975,1,2,2,182,26.6205
1975,1,2,3,195,24.4453
1975,1,2,4,216,24.9900
1975,1,2,5,173,23.1939
1975,1,3,1,146,18.9032
1975,1,3,2,184,11.9490
1975,1,3,3,210,10.8680
1975,1,3,4,205,11.0203
1975,1,3,5,163,11.3055
1975,2,1,1,572,2.7402
1975,2,1,2,469,5.4577
1975,2,1,3,480,6.6530
1975,2,1,4,467,5.3376
1975,2,1,5,436,5.0662
1975,2,2,1,190,6.0102
1975,2,2,2,191,5.4048
1975,2,2,3,207,3.7922
1975,2,2,4,232,5.3537
1975,2,2,5,178,6.9164
1975,2,3,1,154,4.7680
1975,2,3,2,206,10.2387
1975,2,3,3,235,8.5690
1975,2,3,4,227,5.6591
1975,2,3,5,176,6.2093
1975,3,1,1,588,13.1645
1975,3,1,2,506,9.9305
1975,3,1,3,525,9.3030
1975,3,1,4,523,9.2990
1975,3,1,5,496,10.2480
1975,3,2,1,205,10.0026
1975,3,2,2,210,5.4058
1975,3,2,3,233,8.0997
1975,3,2,4,252,8.2663
1975,3,2,5,196,5.8244
1975,3,3,1,166,7.2061
1975,3,3,2,226,3.6835
1975,3,3,3,254,3.3662
1975,3,3,4,255,2.1067
1975,3,3,5,195,2.0722
1975,4,1,1,602,1.4624
1975,4,1,2,522,4.0261
1975,4,1,3,537,4.7386
1975,4,1,4,541,4.0866
1975,4,1,5,505,5.3519
1975,4,2,1,200,2.9113
1975,4,2,2,191,4.4433
1975,4,2,3,239,4.8942
1975,4,2,4,237,5.4104
1975,4,2,5,191,9.1662
1975,4,3,1,155,4.3880
1975,4,3,2,227,6.4358
1975,4,3,3,229,3.1784
1975,4,3,4,238,5.8255
1975,4,3,5,191,7.0984
1975,5,1,1,650,7.8459
1975,5,1,2,555,9.3508
1975,5,1,3,608,9.4210
1975,5,1,4,610,8.6563
1975,5,1,5,609,8.3140
1975,5,2,1,226,9.9598
1975,5,2,2,222,8.5496
1975,5,2,3,279,8.0745
1975,5,2,4,267,6.5756
1975,5,2,5,240,8.4693
1975,5,3,1,174,5.4893
1975,5,3,2,251,5.7617
1975,5,3,3,279,4.5283
1975,5,3,4,274,5.3965
1975,5,3,5,227,4.4263
1975,6,1,1,679,9.9432
1975,6,1,2,573,9.1910
1975,6,1,3,605,6.9674
1975,6,1,4,619,7.1331
1975,6,1,5,647,7.9479
1975,6,2,1,227,6.7207
1975,6,2,2,231,7.5818
1975,6,2,3,284,5.8385
1975,6,2,4,275,6.8426
1975,6,2,5,253,5.2420
1975,6,3,1,176,5.4384
1975,6,3,2,259,4.6477
1975,6,3,3,284,5.1812
1975,6,3,4,282,5.0121
1975,6,3,5,223,3.2054
1975,7,1,1,662,-1.2759
1975,7,1,2,552,-1.5856
1975,7,1,3,548,-1.6963
1975,7,1,4,576,-0.8866
1975,7,1,5,652,-1.4636
1975,7,2,1,212,-4.3104
1975,7,2,2,227,-4.2872
1975,7,2,3,260,-2.9713
1975,7,2,4,254,-3.5397
1975,7,2,5,249,-3.3398
1975,7,3,1,168,-8.9881
1975,7,3,2,245,-8.1069
1975,7,3,3,264,-5.9081
1975,7,3,4,262,-4.7520
1975,7,3,5,210,-5.8294
1975,8,1,1,642,-7.9285
1975,8,1,2,538,-6.8980
1975,8,1,3,531,-5.5645
1975,8,1,4,570,-5.7941
1975,8,1,5,696,-5.9215
1975,8,2,1,221,-7.1784
1975,8,2,2,224,-4.2554
1975,8,2,3,256,-3.8745
1975,8,2,4,251,-4.4018
1975,8,2,5,256,-3.3303
1975,8,3,1,172,-1.7170
1975,8,3,2,260,-2.6703
1975,8,3,3,263,-2.3780
1975,8,3,4,279,-1.6225
1975,8,3,5,196,-0.3697
1975,9,1,1,649,-4.5622
1975,9,1,2,523,-3.9538
1975,9,1,3,512,-2.6941
1975,9,1,4,569,-2.7381
1975,9,1,5,709,-2.1279
1975,9,2,1,226,-3.7653
1975,9,2,2,214,-4.8025
1975,9,2,3,252,-4.0549
1975,9,2,4,243,-3.6861
1975,9,2,5,258,-3.2642
1975,9,3,1,165,-7.0654
1975,9,3,2,257,-5.0501
1975,9,3,3,262,-3.3821
1975,9,3,4,270,-2.7765
1975,9,3,5,205,-1.7219
1975,10,1,1,582,-0.1029
1975,10,1,2,457,1.2569
1975,10,1,3,443,2.1176
1975,10,1,4,498,2.2549
1975,10,1,5,668,3.4981
1975,10,2,1,194,0.0288
1975,10,2,2,189,1.8058
1975,10,2,3,199,3.3958
1975,10,2,4,205,4.2835
1975,10,2,5,239,3.4706
1975,10,3,1,134,8.5309
1975,10,3,2,213,6.1804
1975,10,3,3,221,6.0712
1975,10,3,4,223,6.8410
1975,10,3,5,167,5.5310
1975,11,1,1,605,0.8056
1975,11,1,2,446,3.2726
1975,11,1,3,497,1.2435
1975,11,1,4,576,2.8469
1975,11,1,5,712,4.0444
1975,11,2,1,199,1.0141
1975,11,2,2,208,4.0110
1975,11,2,3,226,3.3549
1975,11,2,4,246,3.2847
1975,11,2,5,253,3.0354
1975,11,3,1,161,3.9888
1975,11,3,2,240,2.6131
1975,11,3,3,250,3.1924
1975,11,3,4,253,3.2436
1975,11,3,5,184,2.1857
1975,12,1,1,606,-1.0523
1975,12,1,2,487,-1.7386
1975,12,1,3,523,-0.9710
1975,12,1,4,603,-1.3534
1975,12,1,5,727,-0.9792
1975,12,2,1,196,-0.3814
1975,12,2,2,213,-2.0691
1975,12,2,3,239,-1.1830
1975,12,2,4,247,-1.2656
1975,12,2,5,262,-1.5207
1975,12,3,1,169,-2.8857
1975,12,3,2,249,-1.7428
1975,12,3,3,256,-1.3181
1975,12,3,4,261,-0.9337
1975,12,3,5,194,-0.6310
1976,1,1,1,547,25.7368
1976,1,1,2,472,20.1972
1976,1,1,3,520,21.5271
1976,1,1,4,593,22.1266
1976,1,1,5,719,23.0676
1976,1,2,1,183,20.4284
1976,1,2,2,184,20.0052
1976,1,2,3,233,19.2550
1976,1,2,4,233,17.5168
1976,1,2,5,247,19.9562
1976,1,3,1,153,14.8576
1976,1,3,2,221,11.6995
1976,1,3,3,242,11.8479
1976,1,3,4,237,11.9285
1976,1,3,5,165,12.3395
1976,2,1,1,526,12.5981
1976,2,1,2,477,11.9049
1976,2,1,3,560,11.9478
1976,2,1,4,615,11.3992
1976,2,1,5,734,12.0099
1976,2,2,1,188,8.8029
1976,2,2,2,202,8.1180
1976,2,2,3,256,7.9172
1976,2,2,4,251,7.0509
1976,2,2,5,249,6.9176
1976,2,3,1,165,1.6030
1976,2,3,2,240,-1.8451
1976,2,3,3,261,-0.5787
1976,2,3,4,243,-0.1773
1976,2,3,5,182,0.9385
1976,3,1,1,584,0.8157
1976,3,1,2,545,3.0053
1976,3,1,3,607,1.5575
1976,3,1,4,701,0.5888
1976,3,1,5,787,2.4216
1976,3,2,1,205,-0.0331
1976,3,2,2,214,0.8968
1976,3,2,3,264,2.2624
1976,3,2,4,277,1.9144
1976,3,2,5,256,3.7599
1976,3,3,1,186,1.6290
1976,3,3,2,263,3.7883
1976,3,3,3,280,2.5322
1976,3,3,4,260,3.6807
1976,3,3,5,194,3.1128
1976,4,1,1,551,-2.8025
1976,4,1,2,501,-1.4782
1976,4,1,3,590,-1.0238
1976,4,1,4,668,-1.2272
1976,4,1,5,730,-1.6839
1976,4,2,1,187,0.0685
1976,4,2,2,194,-1.3551
1976,4,2,3,246,-1.9224
1976,4,2,4,246,-0.6907
1976,4,2,5,221,-2.3020
1976,4,3,1,173,-1.8740
1976,4,3,2,246,-1.3581
1976,4,3,3,262,-0.0152
1976,4,3,4,229,-2.0654
1976,4,3,5,175,-0.9048
1976,5,1,1,712,-2.6857
1976,5,1,2,719,-2.0472
1976,5,1,3,754,-2.5691
1976,5,1,4,816,-2.6247
1976,5,1,5,803,-4.1502
1976,5,2,1,211,-1.3878
1976,5,2,2,261,-1.3718
1976,5,2,3,302,-0.7145
1976,5,2,4,292,-2.3398
1976,5,2,5,247,-2.1214
1976,5,3,1,208,-1.5218
1976,5,3,2,314,-1.2901
1976,5,3,3,320,-1.4676
1976,5,3,4,283,-1.3754
1976,5,3,5,187,1.6547
1976,6,1,1,714,2.4879
1976,6,1,2,741,2.0386
1976,6,1,3,777,2.6676
1976,6,1,4,824,2.9451
1976,6,1,5,806,3.4403
1976,6,2,1,216,5.2466
1976,6,2,2,269,4.0474
1976,6,2,3,301,5.3486
1976,6,2,4,283,4.4568
1976,6,2,5,252,4.8400
1976,6,3,1,216,3.5742
1976,6,3,2,315,4.2334
1976,6,3,3,317,4.4365
1976,6,3,4,277,5.2873
1976,6,3,5,185,4.4216
1976,7,1,1,698,-1.3780
1976,7,1,2,702,0.3213
1976,7,1,3,720,-0.4821
1976,7,1,4,765,-0.1619
1976,7,1,5,763,0.0453
1976,7,2,1,205,-1.9808
1976,7,2,2,257,0.2264
1976,7,2,3,276,1.1655
1976,7,2,4,265,0.5185
1976,7,2,5,238,-0.5224
1976,7,3,1,209,-1.4830
1976,7,3,2,288,-1.2501
1976,7,3,3,295,-1.0229
1976,7,3,4,259,-1.1496
1976,7,3,5,174,-0.9179
1976,8,1,1,735,-3.1295
1976,8,1,2,699,-2.7624
1976,8,1,3,706,-1.7780
1976,8,1,4,752,-1.2875
1976,8,1,5,738,-2.7657
1976,8,2,1,206,-4.5037
1976,8,2,2,261,-2.2389
1976,8,2,3,259,-2.1133
1976,8,2,4,264,-2.2780
1976,8,2,5,221,-2.4296
1976,8,3,1,204,-0.7639
1976,8,3,2,285,-0.1339
1976,8,3,3,296,0.4509
1976,8,3,4,257,-0.4437
1976,8,3,5,169,-0.4644
1976,9,1,1,663,0.9649
1976,9,1,2,624,1.5822
1976,9,1,3,628,2.7112
1976,9,1,4,632,2.2352
1976,9,1,5,630,1.9826
1976,9,2,1,207,3.9694
1976,9,2,2,254,3.5867
1976,9,2,3,252,3.6013
1976,9,2,4,254,3.3824
1976,9,2,5,212,2.0629
1976,9,3,1,206,1.5521
1976,9,3,2,287,1.8208
1976,9,3,3,287,1.9998
1976,9,3,4,243,3.4780
1976,9,3,5,165,4.1376
1976,10,1,1,695,-2.7841
1976,10,1,2,572,-2.9808
1976,10,1,3,497,-2.7038
1976,10,1,4,522,-1.9788
1976,10,1,5,598,-2.0944
1976,10,2,1,187,-2.6853
1976,10,2,2,224,-1.8059
1976,10,2,3,193,-2.8388
1976,10,2,4,200,-2.1135
1976,10,2,5,181,-2.3728
1976,10,3,1,160,-2.9917
1976,10,3,2,221,-1.4411
1976,10,3,3,220,-3.2719
1976,10,3,4,188,-2.5536
1976,10,3,5,137,-2.5453
1976,11,1,1,700,2.3790
1976,11,1,2,574,3.3416
1976,11,1,3,516,3.5346
1976,11,1,4,590,3.3466
1976,11,1,5,631,3.6717
1976,11,2,1,201,4.3438
1976,11,2,2,234,3.3109
1976,11,2,3,215,2.7961
1976,11,2,4,227,4.3931
1976,11,2,5,194,4.2356
1976,11,3,1,171,0.0649
1976,11,3,2,244,0.5982
1976,11,3,3,246,-0.8757
1976,11,3,4,211,-0.0243
1976,11,3,5,147,-0.0159
1976,12,1,1,726,10.4265
1976,12,1,2,587,10.5729
1976,12,1,3,534,9.2024
1976,12,1,4,600,9.0937
1976,12,1,5,656,10.8196
1976,12,2,1,202,8.1499
1976,12,2,2,239,9.0914
1976,12,2,3,226,9.1947
1976,12,2,4,235,10.1285
1976,12,2,5,209,9.3055
1976,12,3,1,176,3.9831
1976,12,3,2,248,3.7828
1976,12,3,3,254,5.8721
1976,12,3,4,210,5.6745
1976,12,3,5,146,6.6507
1977,1,1,1,718,3.8063
1977,1,1,2,533,4.3127
1977,1,1,3,514,4.7742
1977,1,1,4,579,3.6780
1977,1,1,5,624,4.5217
1977,1,2,1,193,2.6527
1977,1,2,2,219,1.2751
1977,1,2,3,205,-0.1757
1977,1,2,4,217,0.3566
1977,1,2,5,199,0.9475
1977,1,3,1,165,-7.4138
1977,1,3,2,225,-5.1986
1977,1,3,3,232,-5.5715
1977,1,3,4,189,-3.9889
1977,1,3,5,135,-2.4631
1977,2,1,1,717,-1.6496
1977,2,1,2,535,-1.0816
1977,2,1,3,549,-1.1930
1977,2,1,4,551,0.5628
1977,2,1,5,616,0.5051
1977,2,2,1,186,-1.7300
1977,2,2,2,228,-0.7109
1977,2,2,3,211,-1.0691
1977,2,2,4,229,0.6214
1977,2,2,5,199,-1.3836
1977,2,3,1,162,-1.6629
1977,2,3,2,234,-0.6768
1977,2,3,3,245,-1.7074
1977,2,3,4,199,-1.1347
1977,2,3,5,146,-2.2861
1977,3,1,1,737,0.8044
1977,3,1,2,554,0.9365
1977,3,1,3,553,1.2751
1977,3,1,4,575,1.0510
1977,3,1,5,667,1.2138
1977,3,2,1,196,1.0082
1977,3,2,2,228,1.0097
1977,3,2,3,224,0.7348
1977,3,2,4,245,0.0573
1977,3,2,5,216,-0.1213
1977,3,3,1,167,-0.6867
1977,3,3,2,247,-1.9882
1977,3,3,3,259,-1.4852
1977,3,3,4,212,-1.6070
1977,3,3,5,155,-1.1121
1977,4,1,1,714,0.6475
1977,4,1,2,514,1.2683
1977,4,1,3,493,1.4861
1977,4,1,4,507,2.3267
1977,4,1,5,647,2.4298
1977,4,2,1,183,0.6945
1977,4,2,2,184,0.8861
1977,4,2,3,212,1.2549
1977,4,2,4,220,1.1927
1977,4,2,5,207,2.8355
1977,4,3,1,151,-0.2289
1977,4,3,2,220,-0.6801
1977,4,3,3,225,0.7585
1977,4,3,4,190,0.8124
1977,4,3,5,139,-0.5110
1977,5,1,1,800,-0.6061
1977,5,1,2,633,0.3015
1977,5,1,3,591,0.1577
1977,5,1,4,618,0.1698
1977,5,1,5,725,0.4861
1977,5,2,1,199,-1.7056
1977,5,2,2,229,-0.1405
1977,5,2,3,258,0.4980
1977,5,2,4,264,-0.0513
1977,5,2,5,229,0.8157
1977,5,3,1,181,-3.3935
1977,5,3,2,257,-1.8686
1977,5,3,3,286,-1.2787
1977,5,3,4,246,-1.1210
1977,5,3,5,169,-1.4825
1977,6,1,1,815,5.8640
1977,6,1,2,651,6.0969
1977,6,1,3,617,6.7660
1977,6,1,4,640,6.0755
1977,6,1,5,748,6.9594
1977,6,2,1,210,6.8074
1977,6,2,2,231,6.7498
1977,6,2,3,257,7.1948
1977,6,2,4,269,6.9468
1977,6,2,5,236,8.4134
1977,6,3,1,179,3.6457
1977,6,3,2,259,3.0613
1977,6,3,3,284,5.1175
1977,6,3,4,248,5.0956
1977,6,3,5,174,6.1884
1977,7,1,1,796,-0.4033
1977,7,1,2,607,0.0677
1977,7,1,3,596,1.1690
1977,7,1,4,598,0.6154
1977,7,1,5,724,0.8999
1977,7,2,1,202,-3.3339
1977,7,2,2,218,-0.9545
1977,7,2,3,243,-0.4251
1977,7,2,4,249,-0.3361
1977,7,2,5,230,-0.5648
1977,7,3,1,162,-4.1248
1977,7,3,2,246,-2.4521
1977,7,3,3,263,-2.0551
1977,7,3,4,230,-1.2899
1977,7,3,5,173,-0.8401
1977,8,1,1,807,-1.6718
1977,8,1,2,634,-0.2480
1977,8,1,3,592,-0.8847
1977,8,1,4,564,-0.1343
1977,8,1,5,712,-0.6818
1977,8,2,1,202,-2.5293
1977,8,2,2,225,-0.4615
1977,8,2,3,242,-0.3790
1977,8,2,4,245,-0.9730
1977,8,2,5,241,1.0463
1977,8,3,1,165,0.8431
1977,8,3,2,246,-1.2152
1977,8,3,3,262,-0.7454
1977,8,3,4,233,-2.7281
1977,8,3,5,181,-1.1795
1977,9,1,1,815,0.1183
1977,9,1,2,649,2.2588
1977,9,1,3,577,1.8822
1977,9,1,4,557,1.9145
1977,9,1,5,702,2.0017
1977,9,2,1,192,-0.1273
1977,9,2,2,226,1.3792
1977,9,2,3,242,1.2903
1977,9,2,4,240,1.7215
1977,9,2,5,243,0.9670
1977,9,3,1,159,-2.1451
1977,9,3,2,249,0.9767
1977,9,3,3,263,-1.1167
1977,9,3,4,227,0.1606
1977,9,3,5,181,-0.1657
1977,10,1,1,759,-3.3823
1977,10,1,2,533,-3.3722
1977,10,1,3,432,-1.0990
1977,10,1,4,439,-2.0470
1977,10,1,5,609,-1.6758
1977,10,2,1,170,-3.9786
1977,10,2,2,187,-1.7424
1977,10,2,3,197,-3.7833
1977,10,2,4,193,-2.2181
1977,10,2,5,198,-3.2379
1977,10,3,1,134,-4.1893
1977,10,3,2,197,-5.3709
1977,10,3,3,197,-3.3849
1977,10,3,4,178,-4.0406
1977,10,3,5,145,-3.2718
1977,11,1,1,790,8.1995
1977,11,1,2,535,7.6585
1977,11,1,3,440,8.9059
1977,11,1,4,457,9.2075
1977,11,1,5,598,9.7096
1977,11,2,1,188,6.8656
1977,11,2,2,196,8.1458
1977,11,2,3,191,8.6844
1977,11,2,4,210,9.9098
1977,11,2,5,210,8.8751
1977,11,3,1,144,4.6193
1977,11,3,2,213,3.6418
1977,11,3,3,224,3.7920
1977,11,3,4,198,4.4773
1977,11,3,5,161,2.9389
1977,12,1,1,810,2.3586
1977,12,1,2,546,3.1852
1977,12,1,3,448,2.6106
1977,12,1,4,476,2.3791
1977,12,1,5,608,2.9770
1977,12,2,1,184,0.5101
1977,12,2,2,203,1.3030
1977,12,2,3,203,1.9841
1977,12,2,4,224,1.2770
1977,12,2,5,214,1.9505
1977,12,3,1,145,-1.2589
1977,12,3,2,215,0.3121
1977,12,3,3,232,0.6036
1977,12,3,4,202,1.2122
1977,12,3,5,169,1.7135
1978,1,1,1,795,-1.2103
1978,1,1,2,529,-1.7950
1978,1,1,3,419,-1.2781
1978,1,1,4,463,-1.1823
1978,1,1,5,572,-0.8481
1978,1,2,1,170,-3.2372
1978,1,2,2,195,-4.2832
1978,1,2,3,180,-4.1259
1978,1,2,4,217,-4.0058
1978,1,2,5,202,-5.3067
1978,1,3,1,130,-6.4336
1978,1,3,2,193,-6.2561
1978,1,3,3,210,-6.0332
1978,1,3,4,188,-6.3272
1978,1,3,5,165,-5.3206
1978,2,1,1,781,2.1004
1978,2,1,2,520,3.9139
1978,2,1,3,417,3.2873
1978,2,1,4,441,3.6398
1978,2,1,5,575,4.7487
1978,2,2,1,167,2.1659
1978,2,2,2,188,0.6330
1978,2,2,3,188,1.4228
1978,2,2,4,214,1.8885
1978,2,2,5,198,3.9287
1978,2,3,1,134,-4.1061
1978,2,3,2,195,-1.9523
1978,2,3,3,223,-0.4408
1978,2,3,4,198,-1.4886
1978,2,3,5,161,-1.7264
1978,3,1,1,772,7.1083
1978,3,1,2,574,7.0751
1978,3,1,3,432,6.7982
1978,3,1,4,463,8.9977
1978,3,1,5,595,9.2798
1978,3,2,1,169,4.8224
1978,3,2,2,203,5.8375
1978,3,2,3,202,7.1751
1978,3,2,4,224,6.8651
1978,3,2,5,207,6.7118
1978,3,3,1,143,2.2366
1978,3,3,2,216,3.2299
1978,3,3,3,244,3.1239
1978,3,3,4,208,3.9079
1978,3,3,5,173,1.2697
1978,4,1,1,746,8.7098
1978,4,1,2,557,8.6408
1978,4,1,3,412,9.1428
1978,4,1,4,454,8.3741
1978,4,1,5,575,8.5122
1978,4,2,1,163,6.5231
1978,4,2,2,184,7.0314
1978,4,2,3,192,7.7102
1978,4,2,4,206,10.0017
1978,4,2,5,197,9.7632
1978,4,3,1,130,10.5014
1978,4,3,2,196,9.6886
1978,4,3,3,220,8.6041
1978,4,3,4,183,9.8153
1978,4,3,5,156,10.1603
1978,5,1,1,816,7.7078
1978,5,1,2,638,7.1897
1978,5,1,3,465,7.4406
1978,5,1,4,502,8.7229
1978,5,1,5,663,9.0218
1978,5,2,1,187,7.8836
1978,5,2,2,215,5.0669
1978,5,2,3,231,7.1126
1978,5,2,4,240,6.2310
1978,5,2,5,218,7.2946
1978,5,3,1,139,0.7350
1978,5,3,2,225,1.8344
1978,5,3,3,263,2.1738
1978,5,3,4,234,2.8762
1978,5,3,5,190,1.0454
1978,6,1,1,826,-0.0250
1978,6,1,2,667,0.0415
1978,6,1,3,483,-0.0736
1978,6,1,4,522,0.7075
1978,6,1,5,671,0.0423
1978,6,2,1,198,-1.0987
1978,6,2,2,223,-0.8598
1978,6,2,3,239,0.2886
1978,6,2,4,239,0.0393
1978,6,2,5,223,0.2400
1978,6,3,1,138,-3.2470
1978,6,3,2,224,-1.7420
1978,6,3,3,267,-1.2959
1978,6,3,4,240,-1.6566
1978,6,3,5,191,-1.8027
1978,7,1,1,795,4.6306
1978,7,1,2,653,4.7727
1978,7,1,3,469,6.0461
1978,7,1,4,501,6.0304
1978,7,1,5,658,6.5532
1978,7,2,1,197,4.8182
1978,7,2,2,208,6.4229
1978,7,2,3,225,5.9593
1978,7,2,4,235,7.2167
1978,7,2,5,219,8.1152
1978,7,3,1,134,6.6059
1978,7,3,2,217,6.0867
1978,7,3,3,250,4.3943
1978,7,3,4,231,5.5758
1978,7,3,5,184,7.5866
1978,8,1,1,805,8.9390
1978,8,1,2,654,8.1945
1978,8,1,3,477,9.6684
1978,8,1,4,511,9.9929
1978,8,1,5,656,10.1802
1978,8,2,1,200,9.1603
1978,8,2,2,216,9.5968
1978,8,2,3,236,9.1768
1978,8,2,4,250,8.4508
1978,8,2,5,217,8.6106
1978,8,3,1,135,2.6724
1978,8,3,2,222,3.0542
1978,8,3,3,263,3.7355
1978,8,3,4,240,4.2929
1978,8,3,5,182,3.9162
1978,9,1,1,847,0.4631
1978,9,1,2,669,-0.0826
1978,9,1,3,494,-0.8463
1978,9,1,4,506,0.0893
1978,9,1,5,657,-0.7421
1978,9,2,1,203,-0.9047
1978,9,2,2,223,-0.4365
1978,9,2,3,238,-1.1242
1978,9,2,4,250,-2.3386
1978,9,2,5,225,-2.4612
1978,9,3,1,146,-0.3195
1978,9,3,2,227,-0.5873
1978,9,3,3,270,-0.3728
1978,9,3,4,243,-1.4612
1978,9,3,5,184,-1.1305
1978,10,1,1,804,-24.9189
1978,10,1,2,603,-22.6800
1978,10,1,3,428,-23.0277
1978,10,1,4,430,-22.2818
1978,10,1,5,565,-24.3409
1978,10,2,1,191,-23.0955
1978,10,2,2,207,-20.1895
1978,10,2,3,199,-19.8637
1978,10,2,4,208,-19.5082
1978,10,2,5,198,-22.0122
1978,10,3,1,116,-12.3592
1978,10,3,2,193,-10.1562
1978,10,3,3,223,-8.9348
1978,10,3,4,198,-11.7760
1978,10,3,5,156,-8.5075
1978,11,1,1,828,5.3669
1978,11,1,2,602,6.8057
1978,11,1,3,461,6.2016
1978,11,1,4,438,8.7534
1978,11,1,5,546,8.4533
1978,11,2,1,198,7.8322
1978,11,2,2,217,5.7478
1978,11,2,3,214,5.9498
1978,11,2,4,222,6.3054
1978,11,2,5,208,9.8511
1978,11,3,1,131,3.5650
1978,11,3,2,216,2.0206
1978,11,3,3,234,2.0530
1978,11,3,4,230,3.1230
1978,11,3,5,168,4.1331
1978,12,1,1,840,0.9552
1978,12,1,2,612,1.8158
1978,12,1,3,468,2.1476
1978,12,1,4,442,2.2521
1978,12,1,5,532,2.5283
1978,12,2,1,207,1.5231
1978,12,2,2,227,2.2424
1978,12,2,3,212,1.8343
1978,12,2,4,231,3.2315
1978,12,2,5,214,2.6719
1978,12,3,1,132,-0.2258
1978,12,3,2,219,1.0954
1978,12,3,3,236,0.7633
1978,12,3,4,232,2.5234
1978,12,3,5,167,3.5690
1979,1,1,1,823,12.0556
1979,1,1,2,558,9.7573
1979,1,1,3,441,11.4974
1979,1,1,4,392,9.6156
1979,1,1,5,487,10.6071
1979,1,2,1,203,8.5048
1979,1,2,2,214,8.9204
1979,1,2,3,191,7.3777
1979,1,2,4,213,7.4241
1979,1,2,5,197,8.8337
1979,1,3,1,123,7.2409
1979,1,3,2,199,3.7929
1979,1,3,3,219,4.1331
1979,1,3,4,215,3.8967
1979,1,3,5,158,3.6337
1979,2,1,1,818,-3.0553
1979,2,1,2,537,-1.4053
1979,2,1,3,419,-3.3185
1979,2,1,4,412,-2.2733
1979,2,1,5,464,-2.5647
1979,2,2,1,200,-3.0136
1979,2,2,2,210,-2.7109
1979,2,2,3,194,-3.1017
1979,2,2,4,223,-2.1798
1979,2,2,5,197,-4.1236
1979,2,3,1,121,-2.4424
1979,2,3,2,195,-3.8980
1979,2,3,3,219,-2.6237
1979,2,3,4,229,-3.1399
1979,2,3,5,165,-2.9259
1979,3,1,1,837,9.6633
1979,3,1,2,533,8.1878
1979,3,1,3,436,7.8839
1979,3,1,4,427,9.2498
1979,3,1,5,482,9.6380
1979,3,2,1,214,11.7855
1979,3,2,2,229,8.3421
1979,3,2,3,209,10.0631
1979,3,2,4,238,9.7661
1979,3,2,5,206,12.2804
1979,3,3,1,123,8.0941
1979,3,3,2,204,6.6375
1979,3,3,3,244,4.4685
1979,3,3,4,247,6.7017
1979,3,3,5,178,6.8054
1979,4,1,1,821,2.2753
1979,4,1,2,512,4.0756
1979,4,1,3,405,3.5695
1979,4,1,4,415,2.8662
1979,4,1,5,463,2.4917
1979,4,2,1,210,1.9161
1979,4,2,2,218,2.6097
1979,4,2,3,186,3.0166
1979,4,2,4,217,2.6983
1979,4,2,5,196,2.5446
1979,4,3,1,107,1.2249
1979,4,3,2,187,0.3917
1979,4,3,3,221,-0.1564
1979,4,3,4,218,1.2588
1979,4,3,5,160,0.8694
1979,5,1,1,914,-1.4648
1979,5,1,2,585,-1.3944
1979,5,1,3,462,-1.5877
1979,5,1,4,467,-0.0357
1979,5,1,5,501,0.3931
1979,5,2,1,252,-2.5822
1979,5,2,2,251,-1.3946
1979,5,2,3,217,-1.8034
1979,5,2,4,246,-1.8491
1979,5,2,5,220,-1.7647
1979,5,3,1,123,-2.9137
1979,5,3,2,232,-1.6204
1979,5,3,3,266,-1.3082
1979,5,3,4,255,-2.5075
1979,5,3,5,188,-2.3342
1979,6,1,1,942,6.5688
1979,6,1,2,594,6.0983
1979,6,1,3,480,5.5101
1979,6,1,4,490,4.2712
1979,6,1,5,493,2.9156
1979,6,2,1,262,7.1963
1979,6,2,2,266,3.4098
1979,6,2,3,225,4.7853
1979,6,2,4,250,4.9839
1979,6,2,5,222,2.8060
1979,6,3,1,127,5.6736
1979,6,3,2,239,5.6625
1979,6,3,3,263,2.9980
1979,6,3,4,253,4.7441
1979,6,3,5,190,3.0988
1979,7,1,1,919,1.1802
1979,7,1,2,594,1.7049
1979,7,1,3,465,1.9561
1979,7,1,4,467,4.1019
1979,7,1,5,466,3.1312
1979,7,2,1,259,3.3832
1979,7,2,2,251,3.4334
1979,7,2,3,212,1.6487
1979,7,2,4,242,3.4584
1979,7,2,5,210,3.4372
1979,7,3,1,122,0.9985
1979,7,3,2,220,2.1791
1979,7,3,3,250,1.3330
1979,7,3,4,238,2.3364
1979,7,3,5,184,-0.1423
1979,8,1,1,931,8.0287
1979,8,1,2,622,8.5593
1979,8,1,3,499,8.1352
1979,8,1,4,497,8.1533
1979,8,1,5,475,8.2484
1979,8,2,1,264,7.3846
1979,8,2,2,258,7.4287
1979,8,2,3,215,9.5236
1979,8,2,4,237,8.6257
1979,8,2,5,211,9.7549
1979,8,3,1,130,7.9729
1979,8,3,2,218,7.9915
1979,8,3,3,249,5.8168
1979,8,3,4,247,7.0789
1979,8,3,5,201,6.6867
1979,9,1,1,929,-1.7713
1979,9,1,2,646,-0.7631
1979,9,1,3,504,-0.2298
1979,9,1,4,506,0.0262
1979,9,1,5,479,0.8182
1979,9,2,1,265,1.1788
1979,9,2,2,265,0.1817
1979,9,2,3,222,0.2132
1979,9,2,4,234,-0.4952
1979,9,2,5,215,0.3885
1979,9,3,1,132,-1.0893
1979,9,3,2,227,-1.2959
1979,9,3,3,258,-1.1968
1979,9,3,4,255,0.5370
1979,9,3,5,204,2.0389
1979,10,1,1,851,-11.7868
1979,10,1,2,593,-10.3455
1979,10,1,3,453,-10.8502
1979,10,1,4,437,-10.3997
1979,10,1,5,423,-8.8423
1979,10,2,1,247,-10.8458
1979,10,2,2,220,-9.0100
1979,10,2,3,195,-9.4968
1979,10,2,4,188,-10.8919
1979,10,2,5,187,-10.2567
1979,10,3,1,112,-8.0222
1979,10,3,2,184,-8.4733
1979,10,3,3,204,-6.5654
1979,10,3,4,219,-6.2868
1979,10,3,5,180,-5.5370
1979,11,1,1,856,8.5363
1979,11,1,2,627,8.6546
1979,11,1,3,465,9.1197
1979,11,1,4,442,6.3256
1979,11,1,5,432,7.9056
1979,11,2,1,246,10.4038
1979,11,2,2,229,7.9494
1979,11,2,3,221,8.7149
1979,11,2,4,205,7.8533
1979,11,2,5,207,8.7409
1979,11,3,1,121,7.2115
1979,11,3,2,199,6.3223
1979,11,3,3,237,4.5928
1979,11,3,4,250,5.0944
1979,11,3,5,208,5.7275
1979,12,1,1,849,6.9678
1979,12,1,2,628,8.0865
1979,12,1,3,467,6.9964
1979,12,1,4,436,8.0381
1979,12,1,5,447,8.8824
1979,12,2,1,245,8.1023
1979,12,2,2,238,5.4904
1979,12,2,3,236,5.1212
1979,12,2,4,207,5.4552
1979,12,2,5,216,7.8690
1979,12,3,1,123,3.4420
1979,12,3,2,205,3.2237
1979,12,3,3,242,1.3956
1979,12,3,4,254,3.1595
1979,12,3,5,215,2.1145
1980,1,1,1,787,12.5393
1980,1,1,2,597,11.2441
1980,1,1,3,403,10.1435
1980,1,1,4,387,9.3512
1980,1,1,5,423,11.3039
1980,1,2,1,222,8.4501
1980,1,2,2,219,6.4336
1980,1,2,3,217,8.6904
1980,1,2,4,197,6.2222
1980,1,2,5,196,8.1945
1980,1,3,1,114,6.1063
1980,1,3,2,190,5.2931
1980,1,3,3,214,2.6303
1980,1,3,4,226,7.6778
1980,1,3,5,199,10.0857
1980,2,1,1,747,-0.5041
1980,2,1,2,602,-1.7642
1980,2,1,3,422,-1.1760
1980,2,1,4,408,-0.8076
1980,2,1,5,420,-1.3394
1980,2,2,1,213,-1.9676
1980,2,2,2,219,-2.4621
1980,2,2,3,223,-1.9290
1980,2,2,4,208,-1.9999
1980,2,2,5,202,-1.4047
1980,2,3,1,117,-2.1074
1980,2,3,2,195,-2.7583
1980,2,3,3,231,-2.8071
1980,2,3,4,236,-2.2346
1980,2,3,5,200,7.2910
1980,3,1,1,750,-21.2437
1980,3,1,2,609,-18.4164
1980,3,1,3,460,-17.0603
1980,3,1,4,433,-17.0638
1980,3,1,5,444,-19.3070
1980,3,2,1,218,-18.7348
1980,3,2,2,223,-16.2131
1980,3,2,3,237,-17.8238
1980,3,2,4,221,-16.9713
1980,3,2,5,206,-18.0983
1980,3,3,1,129,-13.3508
1980,3,3,2,214,-9.6967
1980,3,3,3,251,-7.7834
1980,3,3,4,261,-10.0586
1980,3,3,5,217,-14.6301
1980,4,1,1,711,4.1325
1980,4,1,2,562,5.6544
1980,4,1,3,432,6.0172
1980,4,1,4,401,5.7978
1980,4,1,5,432,5.6577
1980,4,2,1,202,3.8207
1980,4,2,2,202,6.6399
1980,4,2,3,213,6.3075
1980,4,2,4,212,4.6125
1980,4,2,5,199,6.2558
1980,4,3,1,121,2.6820
1980,4,3,2,190,5.4013
1980,4,3,3,232,3.6704
1980,4,3,4,220,2.5336
1980,4,3,5,182,5.1810
1980,5,1,1,758,7.0790
1980,5,1,2,653,7.2286
1980,5,1,3,511,6.8520
1980,5,1,4,472,7.3193
1980,5,1,5,504,7.0030
1980,5,2,1,217,9.3066
1980,5,2,2,232,9.2375
1980,5,2,3,243,8.4270
1980,5,2,4,249,8.7587
1980,5,2,5,216,8.6278
1980,5,3,1,134,6.3872
1980,5,3,2,214,6.8893
1980,5,3,3,268,6.3108
1980,5,3,4,263,5.6745
1980,5,3,5,207,4.5779
1980,6,1,1,768,2.9492
1980,6,1,2,661,3.2270
1980,6,1,3,529,3.2767
1980,6,1,4,482,4.2354
1980,6,1,5,507,5.1556
1980,6,2,1,224,3.7431
1980,6,2,2,243,4.5606
1980,6,2,3,250,3.3554
1980,6,2,4,252,3.4430
1980,6,2,5,220,4.9087
1980,6,3,1,129,3.3983
1980,6,3,2,213,3.0427
1980,6,3,3,270,1.8465
1980,6,3,4,267,2.4129
1980,6,3,5,216,4.0698
1980,7,1,1,738,10.7038
1980,7,1,2,629,11.2478
1980,7,1,3,500,10.8704
1980,7,1,4,458,11.5766
1980,7,1,5,493,11.4330
1980,7,2,1,215,13.8029
1980,7,2,2,236,10.6855
1980,7,2,3,229,10.4373
1980,7,2,4,241,11.3966
1980,7,2,5,219,10.2119
1980,7,3,1,126,13.1892
1980,7,3,2,193,11.1174
1980,7,3,3,250,8.3864
1980,7,3,4,247,10.2877
1980,7,3,5,203,4.6456
1980,8,1,1,747,9.0946
1980,8,1,2,666,9.2940
1980,8,1,3,590,7.6870
1980,8,1,4,538,9.8604
1980,8,1,5,547,8.9972
1980,8,2,1,228,5.2946
1980,8,2,2,265,5.4263
1980,8,2,3,247,6.6180
1980,8,2,4,261,6.7146
1980,8,2,5,236,7.4920
1980,8,3,1,144,1.3672
1980,8,3,2,219,0.9956
1980,8,3,3,271,1.0858
1980,8,3,4,259,1.2872
1980,8,3,5,206,2.9064
1980,9,1,1,748,4.2564
1980,9,1,2,688,3.9359
1980,9,1,3,614,3.9788
1980,9,1,4,565,2.8591
1980,9,1,5,576,3.4451
1980,9,2,1,231,2.2162
1980,9,2,2,275,3.2299
1980,9,2,3,260,3.7748
1980,9,2,4,266,4.1318
1980,9,2,5,245,5.5324
1980,9,3,1,144,1.3435
1980,9,3,2,229,2.8169
1980,9,3,3,277,2.6084
1980,9,3,4,268,1.9943
1980,9,3,5,206,5.5895
1980,10,1,1,654,4.1983
1980,10,1,2,614,5.7891
1980,10,1,3,564,4.2357
1980,10,1,4,522,5.6193
1980,10,1,5,542,5.5796
1980,10,2,1,213,3.7495
1980,10,2,2,248,2.5305
1980,10,2,3,232,3.1258
1980,10,2,4,241,5.2437
1980,10,2,5,210,3.9249
1980,10,3,1,118,-1.4384
1980,10,3,2,197,0.7303
1980,10,3,3,233,0.4366
1980,10,3,4,218,0.7500
1980,10,3,5,188,5.4844
1980,11,1,1,672,6.7326
1980,11,1,2,626,7.4594
1980,11,1,3,588,6.4237
1980,11,1,4,544,6.3469
1980,11,1,5,579,9.1556
1980,11,2,1,238,9.0347
1980,11,2,2,265,8.6313
1980,11,2,3,258,7.7992
1980,11,2,4,254,6.2488
1980,11,2,5,235,9.8045
1980,11,3,1,138,5.5412
1980,11,3,2,227,10.5364
1980,11,3,3,261,11.1657
1980,11,3,4,252,10.4967
1980,11,3,5,209,17.2434
1980,12,1,1,664,-4.5442
1980,12,1,2,631,-3.5442
1980,12,1,3,589,-5.0284
1980,12,1,4,546,-4.7772
1980,12,1,5,587,-5.4609
1980,12,2,1,245,-6.7305
1980,12,2,2,268,-2.2374
1980,12,2,3,266,-2.2008
1980,12,2,4,261,-1.4976
1980,12,2,5,245,-4.1785
1980,12,3,1,146,-2.7158
1980,12,3,2,238,-1.9041
1980,12,3,3,268,-1.2672
1980,12,3,4,256,-3.0619
1980,12,3,5,214,-6.7420
1981,1,1,1,596,-0.4560
1981,1,1,2,513,0.2646
1981,1,1,3,495,1.3164
1981,1,1,4,484,1.1669
1981,1,1,5,573,-0.1446
1981,1,2,1,221,-3.2248
1981,1,2,2,246,-0.9208
1981,1,2,3,231,-1.1719
1981,1,2,4,223,0.6564
1981,1,2,5,228,-0.9193
1981,1,3,1,132,-4.6612
1981,1,3,2,212,-4.2196
1981,1,3,3,223,-4.6165
1981,1,3,4,223,-3.5699
1981,1,3,5,190,-7.8387
1981,2,1,1,583,-1.5076
1981,2,1,2,531,-0.1408
1981,2,1,3,526,0.2944
1981,2,1,4,493,1.0197
1981,2,1,5,594,0.5790
1981,2,2,1,220,0.2751
1981,2,2,2,248,1.6170
1981,2,2,3,245,1.8859
1981,2,2,4,226,2.6933
1981,2,2,5,227,2.3745
1981,2,3,1,132,1.7236
1981,2,3,2,215,3.0607
1981,2,3,3,240,3.0276
1981,2,3,4,249,4.0001
1981,2,3,5,206,0.2855
1981,3,1,1,589,8.0519
1981,3,1,2,571,7.4217
1981,3,1,3,560,8.7773
1981,3,1,4,524,8.3920
1981,3,1,5,607,9.6844
1981,3,2,1,221,7.6206
1981,3,2,2,272,9.0181
1981,3,2,3,257,7.7029
1981,3,2,4,247,7.3642
1981,3,2,5,238,7.7187
1981,3,3,1,137,10.0913
1981,3,3,2,239,8.6883
1981,3,3,3,269,4.0169
1981,3,3,4,288,3.5278
1981,3,3,5,219,1.2430
1981,4,1,1,571,3.2625
1981,4,1,2,538,3.5378
1981,4,1,3,497,3.8128
1981,4,1,4,479,4.7104
1981,4,1,5,601,5.2494
1981,4,2,1,206,1.1207
1981,4,2,2,250,2.8014
1981,4,2,3,243,3.2720
1981,4,2,4,223,3.4733
1981,4,2,5,212,3.8096
1981,4,3,1,133,-2.2885
1981,4,3,2,221,-1.7227
1981,4,3,3,231,-1.0830
1981,4,3,4,247,-4.0116
1981,4,3,5,193,-2.4791
1981,5,1,1,630,3.7365
1981,5,1,2,614,3.8459
1981,5,1,3,550,3.2802
1981,5,1,4,539,3.4748
1981,5,1,5,656,3.7998
1981,5,2,1,225,2.9227
1981,5,2,2,277,3.4298
1981,5,2,3,249,3.8024
1981,5,2,4,247,4.8486
1981,5,2,5,242,3.2395
1981,5,3,1,165,1.5926
1981,5,3,2,270,-0.1813
1981,5,3,3,269,-1.1160
1981,5,3,4,274,-0.8083
1981,5,3,5,211,0.3981
1981,6,1,1,639,-3.8330
1981,6,1,2,627,-1.4408
1981,6,1,3,550,-0.5581
1981,6,1,4,557,1.9727
1981,6,1,5,657,2.0430
1981,6,2,1,232,-6.0734
1981,6,2,2,272,-3.3348
1981,6,2,3,239,-1.9936
1981,6,2,4,247,-1.5246
1981,6,2,5,258,-2.1336
1981,6,3,1,175,-4.0679
1981,6,3,2,276,-1.5583
1981,6,3,3,273,-1.3081
1981,6,3,4,279,-0.5487
1981,6,3,5,211,-0.5897
1981,7,1,1,637,-4.9603
1981,7,1,2,610,-2.5063
1981,7,1,3,530,-3.2652
1981,7,1,4,523,-2.5504
1981,7,1,5,606,-2.4962
1981,7,2,1,223,-2.9905
1981,7,2,2,255,-1.7503
1981,7,2,3,211,-2.0768
1981,7,2,4,234,-1.6276
1981,7,2,5,233,-2.0285
1981,7,3,1,166,-0.7305
1981,7,3,2,251,1.4046
1981,7,3,3,257,0.2022
1981,7,3,4,257,0.4072
1981,7,3,5,187,-0.3600
1981,8,1,1,663,-11.1807
1981,8,1,2,663,-8.4232
1981,8,1,3,593,-8.1962
1981,8,1,4,520,-6.8022
1981,8,1,5,572,-8.6732
1981,8,2,1,230,-11.2178
1981,8,2,2,265,-7.6578
1981,8,2,3,223,-7.0962
1981,8,2,4,242,-5.9287
1981,8,2,5,228,-7.6779
1981,8,3,1,172,-7.7897
1981,8,3,2,266,-6.9222
1981,8,3,3,269,-6.1186
1981,8,3,4,252,-6.0235
1981,8,3,5,178,-5.7743
1981,9,1,1,671,-12.2907
1981,9,1,2,676,-9.8042
1981,9,1,3,605,-8.1160
1981,9,1,4,538,-6.2795
1981,9,1,5,585,-7.3216
1981,9,2,1,235,-11.1831
1981,9,2,2,262,-8.2779
1981,9,2,3,239,-6.5239
1981,9,2,4,238,-6.4964
1981,9,2,5,221,-6.7324
1981,9,3,1,172,-9.2035
1981,9,3,2,259,-7.6068
1981,9,3,3,278,-6.2454
1981,9,3,4,257,-5.1516
1981,9,3,5,180,-4.9143
1981,10,1,1,634,8.1508
1981,10,1,2,586,7.1541
1981,10,1,3,545,6.4634
1981,10,1,4,482,6.4926
1981,10,1,5,521,12.1887
1981,10,2,1,216,6.5698
1981,10,2,2,227,7.5163
1981,10,2,3,207,7.3925
1981,10,2,4,219,7.4604
1981,10,2,5,213,10.2117
1981,10,3,1,149,6.5600
1981,10,3,2,222,6.6009
1981,10,3,3,237,5.9305
1981,10,3,4,209,5.4516
1981,10,3,5,138,1.9264
1981,11,1,1,683,-0.0920
1981,11,1,2,628,1.3822
1981,11,1,3,573,2.0969
1981,11,1,4,514,2.8042
1981,11,1,5,508,2.3443
1981,11,2,1,226,1.4708
1981,11,2,2,238,1.5097
1981,11,2,3,217,3.0777
1981,11,2,4,226,4.5650
1981,11,2,5,225,2.2058
1981,11,3,1,166,3.4775
1981,11,3,2,247,5.0023
1981,11,3,3,260,4.4696
1981,11,3,4,227,3.8142
1981,11,3,5,157,6.6578
1981,12,1,1,702,-3.9902
1981,12,1,2,634,-1.2143
1981,12,1,3,583,-0.4122
1981,12,1,4,514,0.5246
1981,12,1,5,488,-1.0719
1981,12,2,1,223,-2.4085
1981,12,2,2,235,-1.2262
1981,12,2,3,221,-0.5011
1981,12,2,4,234,-0.2868
1981,12,2,5,223,-0.8597
1981,12,3,1,163,-4.0377
1981,12,3,2,250,-3.6770
1981,12,3,3,269,-2.7271
1981,12,3,4,236,-1.4895
1981,12,3,5,157,-3.0058
1982,1,1,1,685,-2.3636
1982,1,1,2,605,-2.0875
1982,1,1,3,499,-1.4450
1982,1,1,4,411,-0.8432
1982,1,1,5,453,-1.4415
1982,1,2,1,215,-5.5187
1982,1,2,2,221,-5.6915
1982,1,2,3,201,-3.1245
1982,1,2,4,198,-4.4771
1982,1,2,5,200,-3.2657
1982,1,3,1,153,-4.1012
1982,1,3,2,223,-4.1150
1982,1,3,3,236,-0.8804
1982,1,3,4,207,-1.7392
1982,1,3,5,139,-3.6333
1982,2,1,1,709,-7.4142
1982,2,1,2,609,-3.7167
1982,2,1,3,514,-3.6858
1982,2,1,4,456,-3.0999
1982,2,1,5,459,-3.3555
1982,2,2,1,218,-8.2543
1982,2,2,2,222,-4.6112
1982,2,2,3,219,-3.7841
1982,2,2,4,205,-4.3833
1982,2,2,5,203,-3.0627
1982,2,3,1,152,-9.1152
1982,2,3,2,231,-6.5123
1982,2,3,3,246,-4.8187
1982,2,3,4,227,-5.4587
1982,2,3,5,156,-5.1225
1982,3,1,1,729,-2.3069
1982,3,1,2,656,-1.4590
1982,3,1,3,578,-0.0144
1982,3,1,4,511,-0.1137
1982,3,1,5,501,-0.1000
1982,3,2,1,229,-3.1900
1982,3,2,2,231,-0.7982
1982,3,2,3,239,-0.2316
1982,3,2,4,220,0.5994
1982,3,2,5,214,-0.1102
1982,3,3,1,155,-2.8368
1982,3,3,2,248,-2.6201
1982,3,3,3,268,-0.1804
1982,3,3,4,251,-1.2279
1982,3,3,5,178,-0.7651
1982,4,1,1,725,4.9690
1982,4,1,2,639,5.4562
1982,4,1,3,548,5.1872
1982,4,1,4,499,4.9722
1982,4,1,5,483,6.1255
1982,4,2,1,218,5.7091
1982,4,2,2,224,5.8461
1982,4,2,3,226,6.0326
1982,4,2,4,208,6.9724
1982,4,2,5,202,6.3897
1982,4,3,1,136,5.2957
1982,4,3,2,211,3.0196
1982,4,3,3,235,4.8817
1982,4,3,4,232,5.5932
1982,4,3,5,162,6.0091
1982,5,1,1,791,-2.9191
1982,5,1,2,719,-1.8957
1982,5,1,3,664,-1.4701
1982,5,1,4,580,-0.3357
1982,5,1,5,570,-2.5904
1982,5,2,1,240,-5.6259
1982,5,2,2,250,-3.6120
1982,5,2,3,260,-3.2591
1982,5,2,4,223,-2.7910
1982,5,2,5,239,-2.8439
1982,5,3,1,157,-5.0767
1982,5,3,2,247,-2.8587
1982,5,3,3,263,-3.1913
1982,5,3,4,269,-2.3983
1982,5,3,5,204,-1.0870
1982,6,1,1,794,-5.1895
1982,6,1,2,743,-3.1886
1982,6,1,3,680,-2.4683
1982,6,1,4,614,-3.1336
1982,6,1,5,584,-1.5965
1982,6,2,1,240,-4.0255
1982,6,2,2,261,-3.4685
1982,6,2,3,271,-1.9393
1982,6,2,4,232,-1.7491
1982,6,2,5,236,-1.0165
1982,6,3,1,161,-3.5515
1982,6,3,2,247,-2.7405
1982,6,3,3,277,-0.3101
1982,6,3,4,276,-1.3201
1982,6,3,5,204,-2.2859
1982,7,1,1,745,-2.5887
1982,7,1,2,682,-2.6549
1982,7,1,3,631,-0.0688
1982,7,1,4,584,-0.2851
1982,7,1,5,564,-0.6798
1982,7,2,1,227,-2.1384
1982,7,2,2,243,-0.9288
1982,7,2,3,249,-0.3340
1982,7,2,4,219,-2.0536
1982,7,2,5,221,-0.8756
1982,7,3,1,142,-4.2100
1982,7,3,2,231,-4.7673
1982,7,3,3,252,-1.2279
1982,7,3,4,251,-1.8243
1982,7,3,5,189,-2.2466
1982,8,1,1,717,6.4967
1982,8,1,2,673,4.7546
1982,8,1,3,638,6.6158
1982,8,1,4,568,5.6691
1982,8,1,5,569,5.2224
1982,8,2,1,217,11.3391
1982,8,2,2,243,8.1697
1982,8,2,3,247,9.6182
1982,8,2,4,207,9.0307
1982,8,2,5,215,9.5422
1982,8,3,1,133,16.5155
1982,8,3,2,226,14.5568
1982,8,3,3,257,12.3270
1982,8,3,4,249,11.9190
1982,8,3,5,193,11.2542
1982,9,1,1,720,-0.3599
1982,9,1,2,686,2.7369
1982,9,1,3,658,4.2336
1982,9,1,4,589,4.9305
1982,9,1,5,566,5.6841
1982,9,2,1,213,-0.2107
1982,9,2,2,238,2.9786
1982,9,2,3,252,5.0834
1982,9,2,4,211,4.4784
1982,9,2,5,208,3.5731
1982,9,3,1,132,-2.5527
1982,9,3,2,228,0.4674
1982,9,3,3,263,1.8929
1982,9,3,4,260,1.3706
1982,9,3,5,196,1.5092
1982,10,1,1,642,13.7920
1982,10,1,2,580,13.9450
1982,10,1,3,553,12.0071
1982,10,1,4,509,12.1157
1982,10,1,5,486,15.2544
1982,10,2,1,182,15.7634
1982,10,2,2,198,13.0017
1982,10,2,3,211,12.9775
1982,10,2,4,187,14.4060
1982,10,2,5,179,11.9954
1982,10,3,1,102,12.6443
1982,10,3,2,183,12.6301
1982,10,3,3,214,11.7575
1982,10,3,4,220,11.9640
1982,10,3,5,170,10.8471
1982,11,1,1,632,7.9184
1982,11,1,2,592,9.9638
1982,11,1,3,554,10.3449
1982,11,1,4,536,10.4193
1982,11,1,5,498,9.3551
1982,11,2,1,184,5.6166
1982,11,2,2,209,7.3971
1982,11,2,3,213,9.9179
1982,11,2,4,205,11.2700
1982,11,2,5,194,9.6579
1982,11,3,1,122,4.0311
1982,11,3,2,194,3.5239
1982,11,3,3,231,3.9528
1982,11,3,4,246,4.8841
1982,11,3,5,194,6.8308
1982,12,1,1,638,1.3960
1982,12,1,2,603,1.4146
1982,12,1,3,560,2.2351
1982,12,1,4,559,2.2370
1982,12,1,5,511,2.2612
1982,12,2,1,188,1.2513
1982,12,2,2,207,1.2027
1982,12,2,3,214,1.7207
1982,12,2,4,214,1.0708
1982,12,2,5,200,2.4846
1982,12,3,1,115,3.0184
1982,12,3,2,202,2.2615
1982,12,3,3,236,0.1301
1982,12,3,4,252,0.0442
1982,12,3,5,193,3.6435
1983,1,1,1,596,10.8437
1983,1,1,2,566,9.5349
1983,1,1,3,540,9.6441
1983,1,1,4,548,9.2946
1983,1,1,5,482,11.1593
1983,1,2,1,166,9.5582
1983,1,2,2,189,6.2601
1983,1,2,3,196,6.4473
1983,1,2,4,205,5.1525
1983,1,2,5,192,5.8208
1983,1,3,1,103,5.7765
1983,1,3,2,173,4.7438
1983,1,3,3,212,3.4336
1983,1,3,4,223,3.0990
1983,1,3,5,174,2.3548
1983,2,1,1,597,2.7288
1983,2,1,2,570,4.5972
1983,2,1,3,553,6.3445
1983,2,1,4,544,6.5978
1983,2,1,5,500,7.3401
1983,2,2,1,166,3.7000
1983,2,2,2,198,4.8553
1983,2,2,3,196,4.8421
1983,2,2,4,208,7.1855
1983,2,2,5,193,7.4581
1983,2,3,1,110,1.5751
1983,2,3,2,179,3.0236
1983,2,3,3,220,3.8301
1983,2,3,4,224,3.5163
1983,2,3,5,181,2.2397
1983,3,1,1,608,3.8376
1983,3,1,2,605,5.7388
1983,3,1,3,588,4.4573
1983,3,1,4,577,5.7724
1983,3,1,5,523,5.9562
1983,3,2,1,175,4.9659
1983,3,2,2,216,1.8686
1983,3,2,3,215,3.8761
1983,3,2,4,223,7.8495
1983,3,2,5,208,5.3267
1983,3,3,1,121,2.2428
1983,3,3,2,192,3.3488
1983,3,3,3,241,4.2210
1983,3,3,4,242,3.3461
1983,3,3,5,186,2.5786
1983,4,1,1,589,7.5522
1983,4,1,2,612,7.6272
1983,4,1,3,566,6.8969
1983,4,1,4,513,7.2590
1983,4,1,5,505,8.3219
1983,4,2,1,164,4.7912
1983,4,2,2,202,6.1873
1983,4,2,3,205,7.2137
1983,4,2,4,206,8.3839
1983,4,2,5,199,6.8181
1983,4,3,1,107,7.1870
1983,4,3,2,167,6.4904
1983,4,3,3,215,5.2925
1983,4,3,4,216,7.7162
1983,4,3,5,172,9.1159
1983,5,1,1,764,12.1732
1983,5,1,2,743,10.5144
1983,5,1,3,683,9.8660
1983,5,1,4,541,10.1415
1983,5,1,5,572,9.4620
1983,5,2,1,191,6.6397
1983,5,2,2,226,7.3667
1983,5,2,3,237,5.3767
1983,5,2,4,242,5.1518
1983,5,2,5,221,6.5814
1983,5,3,1,130,5.9477
1983,5,3,2,206,2.1410
1983,5,3,3,257,-0.0284
1983,5,3,4,250,-1.3239
1983,5,3,5,194,-1.4404
1983,6,1,1,829,3.5787
1983,6,1,2,794,4.5760
1983,6,1,3,706,4.6041
1983,6,1,4,541,4.4486
1983,6,1,5,612,6.0792
1983,6,2,1,208,5.1093
1983,6,2,2,234,7.2983
1983,6,2,3,246,4.8834
1983,6,2,4,251,6.6708
1983,6,2,5,229,5.4163
1983,6,3,1,141,1.9587
1983,6,3,2,212,2.8287
1983,6,3,3,262,5.4613
1983,6,3,4,256,5.8044
1983,6,3,5,197,5.5804
1983,7,1,1,821,-3.8117
1983,7,1,2,789,-3.0061
1983,7,1,3,690,-2.0911
1983,7,1,4,536,-1.9048
1983,7,1,5,612,-1.2154
1983,7,2,1,205,-3.7241
1983,7,2,2,236,-3.9207
1983,7,2,3,240,-2.6194
1983,7,2,4,251,-3.5767
1983,7,2,5,216,-1.9904
1983,7,3,1,138,-4.2619
1983,7,3,2,202,-4.1510
1983,7,3,3,256,-4.7009
1983,7,3,4,241,-3.9999
1983,7,3,5,186,-1.2612
1983,8,1,1,926,-4.7687
1983,8,1,2,819,-4.0523
1983,8,1,3,690,-3.0590
1983,8,1,4,568,-2.8455
1983,8,1,5,647,-3.1589
1983,8,2,1,211,-4.1457
1983,8,2,2,237,-3.1037
1983,8,2,3,243,-3.1608
1983,8,2,4,255,-3.3081
1983,8,2,5,223,-4.1777
1983,8,3,1,146,2.7549
1983,8,3,2,220,1.3826
1983,8,3,3,265,1.4513
1983,8,3,4,249,1.3200
1983,8,3,5,176,0.4151
1983,9,1,1,997,-4.0211
1983,9,1,2,830,-0.0787
1983,9,1,3,688,1.3893
1983,9,1,4,570,1.5608
1983,9,1,5,668,1.3900
1983,9,2,1,216,0.2158
1983,9,2,2,240,3.0402
1983,9,2,3,253,4.2340
1983,9,2,4,262,2.6798
1983,9,2,5,220,2.6636
1983,9,3,1,150,0.1239
1983,9,3,2,222,0.4749
1983,9,3,3,261,1.2835
1983,9,3,4,252,1.7060
1983,9,3,5,172,2.6613
1983,10,1,1,994,-9.3003
1983,10,1,2,695,-6.0596
1983,10,1,3,560,-5.1899
1983,10,1,4,456,-4.4708
1983,10,1,5,635,-6.7315
1983,10,2,1,207,-8.5176
1983,10,2,2,208,-6.7991
1983,10,2,3,213,-6.0313
1983,10,2,4,224,-6.3009
1983,10,2,5,197,-6.9977
1983,10,3,1,127,-6.1039
1983,10,3,2,190,-3.1527
1983,10,3,3,225,-3.5988
1983,10,3,4,205,-0.9237
1983,10,3,5,147,0.1963
1983,11,1,1,1116,1.1720
1983,11,1,2,696,3.5829
1983,11,1,3,540,4.6207
1983,11,1,4,486,5.4671
1983,11,1,5,692,5.5041
1983,11,2,1,232,6.0905
1983,11,2,2,226,5.0564
1983,11,2,3,229,5.8602
1983,11,2,4,229,6.1191
1983,11,2,5,203,6.7722
1983,11,3,1,138,5.8641
1983,11,3,2,210,5.8070
1983,11,3,3,239,3.3436
1983,11,3,4,237,2.1326
1983,11,3,5,171,-0.3231
1983,12,1,1,1174,-3.5652
1983,12,1,2,717,-1.1927
1983,12,1,3,544,-0.7514
1983,12,1,4,503,-0.3270
1983,12,1,5,720,-1.3748
1983,12,2,1,236,-2.2540
1983,12,2,2,238,-0.4021
1983,12,2,3,227,-1.2248
1983,12,2,4,233,-0.4107
1983,12,2,5,207,-2.5839
1983,12,3,1,140,1.7051
1983,12,3,2,220,-1.6730
1983,12,3,3,240,-0.8229
1983,12,3,4,240,-0.2996
1983,12,3,5,168,0.4291
1984,1,1,1,1150,0.2626
1984,1,1,2,651,1.2596
1984,1,1,3,511,-1.0499
1984,1,1,4,468,-0.8007
1984,1,1,5,676,-1.2313
1984,1,2,1,226,-3.6928
1984,1,2,2,227,-3.6323
1984,1,2,3,201,-3.0364
1984,1,2,4,203,-2.3001
1984,1,2,5,187,-3.7845
1984,1,3,1,132,-1.8888
1984,1,3,2,200,-3.4887
1984,1,3,3,220,-0.6202
1984,1,3,4,213,-0.3335
1984,1,3,5,152,-2.8357
1984,2,1,1,1203,-6.8775
1984,2,1,2,652,-5.7354
1984,2,1,3,498,-5.9782
1984,2,1,4,456,-6.0628
1984,2,1,5,698,-6.9547
1984,2,2,1,222,-6.3528
1984,2,2,2,237,-5.1708
1984,2,2,3,196,-3.8624
1984,2,2,4,203,-3.7273
1984,2,2,5,193,-7.2353
1984,2,3,1,140,-4.7173
1984,2,3,2,200,-4.9078
1984,2,3,3,231,-3.8774
1984,2,3,4,225,-2.4503
1984,2,3,5,159,-3.1288
1984,3,1,1,1249,-0.4272
1984,3,1,2,677,1.4070
1984,3,1,3,549,1.2889
1984,3,1,4,477,1.5519
1984,3,1,5,712,1.9254
1984,3,2,1,234,0.6169
1984,3,2,2,243,0.3296
1984,3,2,3,209,1.1952
1984,3,2,4,209,1.6527
1984,3,2,5,206,1.2481
1984,3,3,1,147,1.7662
1984,3,3,2,211,2.2668
1984,3,3,3,247,1.9460
1984,3,3,4,233,1.6387
1984,3,3,5,164,2.0562
1984,4,1,1,1227,-4.0463
1984,4,1,2,635,-1.1545
1984,4,1,3,478,-0.2269
1984,4,1,4,434,-0.5307
1984,4,1,5,684,-2.1632
1984,4,2,1,225,-0.5780
1984,4,2,2,224,0.8569
1984,4,2,3,184,0.3261
1984,4,2,4,182,1.8272
1984,4,2,5,172,1.6280
1984,4,3,1,131,-1.5340
1984,4,3,2,184,0.2895
1984,4,3,3,214,1.4014
1984,4,3,4,203,1.6713
1984,4,3,5,147,1.1602
1984,5,1,1,1344,-6.0305
1984,5,1,2,694,-5.1227
1984,5,1,3,521,-4.2622
1984,5,1,4,469,-4.0700
1984,5,1,5,722,-5.5990
1984,5,2,1,246,-7.6149
1984,5,2,2,237,-4.8333
1984,5,2,3,200,-3.9256
1984,5,2,4,200,-4.3475
1984,5,2,5,179,-4.5015
1984,5,3,1,142,-6.5570
1984,5,3,2,203,-4.6732
1984,5,3,3,244,-5.7016
1984,5,3,4,233,-5.0837
1984,5,3,5,161,-5.1079
1984,6,1,1,1393,-0.0941
1984,6,1,2,706,2.5617
1984,6,1,3,555,2.5933
1984,6,1,4,453,2.3318
1984,6,1,5,727,3.7405
1984,6,2,1,255,2.7176
1984,6,2,2,248,4.3823
1984,6,2,3,200,3.7722
1984,6,2,4,204,2.4616
1984,6,2,5,189,4.7649
1984,6,3,1,151,3.5763
1984,6,3,2,207,4.3681
1984,6,3,3,252,2.1211
1984,6,3,4,236,3.4190
1984,6,3,5,167,0.8635
1984,7,1,1,1330,-6.9398
1984,7,1,2,659,-3.6110
1984,7,1,3,526,-3.7872
1984,7,1,4,421,-2.8883
1984,7,1,5,678,-4.5161
1984,7,2,1,243,-7.7096
1984,7,2,2,232,-4.1646
1984,7,2,3,192,-3.2674
1984,7,2,4,199,-3.5779
1984,7,2,5,178,-5.0337
1984,7,3,1,135,-4.1607
1984,7,3,2,199,-1.8550
1984,7,3,3,232,-2.7088
1984,7,3,4,222,-2.8908
1984,7,3,5,160,0.1037
1984,8,1,1,1370,9.6204
1984,8,1,2,673,9.4756
1984,8,1,3,512,10.5282
1984,8,1,4,416,11.2018
1984,8,1,5,688,11.2495
1984,8,2,1,255,14.8040
1984,8,2,2,240,12.5132
1984,8,2,3,200,12.2399
1984,8,2,4,202,13.0116
1984,8,2,5,176,12.7494
1984,8,3,1,127,13.8012
1984,8,3,2,200,9.9909
1984,8,3,3,241,11.2877
1984,8,3,4,238,11.0687
1984,8,3,5,175,12.5722
1984,9,1,1,1387,-2.2735
1984,9,1,2,678,0.1243
1984,9,1,3,517,0.2572
1984,9,1,4,417,0.2695
1984,9,1,5,699,-0.4216
1984,9,2,1,256,-2.8992
1984,9,2,2,244,-1.1266
1984,9,2,3,203,-0.9472
1984,9,2,4,209,-0.2922
1984,9,2,5,180,-3.1478
1984,9,3,1,128,-1.8382
1984,9,3,2,204,-1.4690
1984,9,3,3,244,-0.9056
1984,9,3,4,239,-0.8784
1984,9,3,5,175,-0.6995
1984,10,1,1,1313,-3.9866
1984,10,1,2,596,-2.8622
1984,10,1,3,448,-3.0293
1984,10,1,4,355,-3.3011
1984,10,1,5,606,-2.4751
1984,10,2,1,234,-3.1811
1984,10,2,2,217,-1.7349
1984,10,2,3,184,-0.9045
1984,10,2,4,175,-2.0107
1984,10,2,5,139,-1.4812
1984,10,3,1,103,-2.4766
1984,10,3,2,164,0.8844
1984,10,3,3,202,-0.7788
1984,10,3,4,200,0.0626
1984,10,3,5,156,1.0062
1984,11,1,1,1349,-5.1957
1984,11,1,2,615,-1.9954
1984,11,1,3,450,-2.7730
1984,11,1,4,390,-1.4511
1984,11,1,5,632,-3.8652
1984,11,2,1,245,-4.7168
1984,11,2,2,231,-2.1826
1984,11,2,3,202,-1.3793
1984,11,2,4,184,-0.2643
1984,11,2,5,147,-3.0139
1984,11,3,1,107,-3.0798
1984,11,3,2,170,-1.4610
1984,11,3,3,215,-0.8967
1984,11,3,4,220,-1.5392
1984,11,3,5,178,-1.4280
1984,12,1,1,1355,-0.3974
1984,12,1,2,645,1.1810
1984,12,1,3,461,1.5481
1984,12,1,4,406,0.1427
1984,12,1,5,643,0.5766
1984,12,2,1,248,1.3043
1984,12,2,2,237,2.3140
1984,12,2,3,203,2.9638
1984,12,2,4,191,2.4693
1984,12,2,5,147,2.6105
1984,12,3,1,99,2.6770
1984,12,3,2,168,1.7061
1984,12,3,3,216,1.3352
1984,12,3,4,225,1.3016
1984,12,3,5,186,2.9825
1985,1,1,1,1299,14.6429
1985,1,1,2,620,12.6549
1985,1,1,3,414,11.2886
1985,1,1,4,364,10.9375
1985,1,1,5,587,12.0149
1985,1,2,1,236,13.0379
1985,1,2,2,227,12.3810
1985,1,2,3,186,11.2242
1985,1,2,4,171,10.7131
1985,1,2,5,140,12.6223
1985,1,3,1,89,11.8683
1985,1,3,2,152,8.8931
1985,1,3,3,189,8.3227
1985,1,3,4,211,7.5084
1985,1,3,5,173,8.1527
1985,2,1,1,1302,3.0519
1985,2,1,2,648,2.6043
1985,2,1,3,423,2.4965
1985,2,1,4,377,3.8209
1985,2,1,5,587,5.6101
1985,2,2,1,236,1.5589
1985,2,2,2,229,1.2977
1985,2,2,3,182,2.4392
1985,2,2,4,159,3.1887
1985,2,2,5,144,2.0197
1985,2,3,1,106,-0.5453
1985,2,3,2,160,0.4702
1985,2,3,3,199,1.5974
1985,2,3,4,226,2.9225
1985,2,3,5,192,0.8639
1985,3,1,1,1318,-3.4300
1985,3,1,2,681,-2.1706
1985,3,1,3,467,-0.7307
1985,3,1,4,407,-0.6638
1985,3,1,5,597,-1.4439
1985,3,2,1,252,-4.6487
1985,3,2,2,241,-2.7992
1985,3,2,3,198,-3.4451
1985,3,2,4,163,-2.2291
1985,3,2,5,147,-1.3379
1985,3,3,1,109,-0.6705
1985,3,3,2,172,-0.0823
1985,3,3,3,210,-0.5714
1985,3,3,4,247,0.5957
1985,3,3,5,205,-1.6189
1985,4,1,1,1291,-3.6927
1985,4,1,2,637,-1.2704
1985,4,1,3,428,-1.4218
1985,4,1,4,380,-0.5465
1985,4,1,5,572,-1.4192
1985,4,2,1,235,-3.9497
1985,4,2,2,222,-1.8409
1985,4,2,3,174,-1.4443
1985,4,2,4,145,-2.5177
1985,4,2,5,147,-2.1601
1985,4,3,1,98,-0.9615
1985,4,3,2,160,-0.9176
1985,4,3,3,185,-0.7892
1985,4,3,4,215,-0.0243
1985,4,3,5,185,-1.1609
1985,5,1,1,1426,0.2124
1985,5,1,2,694,2.1035
1985,5,1,3,499,3.3411
1985,5,1,4,418,2.6219
1985,5,1,5,671,3.0015
1985,5,2,1,254,3.2537
1985,5,2,2,249,3.3958
1985,5,2,3,204,4.0225
1985,5,2,4,166,4.5943
1985,5,2,5,177,3.2695
1985,5,3,1,112,4.2743
1985,5,3,2,179,5.8801
1985,5,3,3,203,6.4287
1985,5,3,4,255,5.9192
1985,5,3,5,219,5.3171
1985,6,1,1,1441,-1.3160
1985,6,1,2,745,0.9881
1985,6,1,3,540,-0.1722
1985,6,1,4,433,0.8312
1985,6,1,5,692,0.4690
1985,6,2,1,247,-0.8494
1985,6,2,2,260,0.6519
1985,6,2,3,209,1.3287
1985,6,2,4,160,-0.1290
1985,6,2,5,185,0.8167
1985,6,3,1,114,0.6378
1985,6,3,2,177,1.3339
1985,6,3,3,213,2.0842
1985,6,3,4,256,1.7483
1985,6,3,5,221,0.5493
1985,7,1,1,1372,1.8393
1985,7,1,2,706,2.1996
1985,7,1,3,517,2.9974
1985,7,1,4,412,4.4978
1985,7,1,5,653,3.9683
1985,7,2,1,233,4.1739
1985,7,2,2,246,2.2026
1985,7,2,3,199,3.8492
1985,7,2,4,158,2.7783
1985,7,2,5,181,4.2113
1985,7,3,1,105,1.2638
1985,7,3,2,167,0.9002
1985,7,3,3,201,-0.3199
1985,7,3,4,230,0.5937
1985,7,3,5,209,1.3761
1985,8,1,1,1403,-1.7721
1985,8,1,2,703,0.0321
1985,8,1,3,513,-1.5344
1985,8,1,4,440,0.1781
1985,8,1,5,670,-0.4671
1985,8,2,1,240,-1.5711
1985,8,2,2,247,-0.7927
1985,8,2,3,206,-2.6525
1985,8,2,4,167,-0.0831
1985,8,2,5,181,-1.1482
1985,8,3,1,115,-0.2041
1985,8,3,2,176,-1.3905
1985,8,3,3,199,-0.7499
1985,8,3,4,235,-0.3994
1985,8,3,5,207,-0.4262
1985,9,1,1,1408,-6.8491
1985,9,1,2,715,-5.0384
1985,9,1,3,517,-3.9706
1985,9,1,4,443,-4.3428
1985,9,1,5,679,-6.3655
1985,9,2,1,239,-8.0072
1985,9,2,2,248,-5.4923
1985,9,2,3,208,-5.1979
1985,9,2,4,170,-4.5082
1985,9,2,5,183,-5.7315
1985,9,3,1,112,-5.4921
1985,9,3,2,178,-4.0835
1985,9,3,3,207,-2.7928
1985,9,3,4,235,-2.2405
1985,9,3,5,205,-2.4237
1985,10,1,1,1329,0.6460
1985,10,1,2,639,1.8768
1985,10,1,3,448,3.8284
1985,10,1,4,387,3.9747
1985,10,1,5,636,3.7498
1985,10,2,1,211,3.5639
1985,10,2,2,215,2.0522
1985,10,2,3,186,4.0920
1985,10,2,4,145,2.5797
1985,10,2,5,166,6.3302
1985,10,3,1,89,3.2052
1985,10,3,2,155,2.5264
1985,10,3,3,168,3.8130
1985,10,3,4,190,4.0079
1985,10,3,5,169,4.4734
1985,11,1,1,1384,5.3838
1985,11,1,2,683,5.2783
1985,11,1,3,479,6.1039
1985,11,1,4,404,6.3252
1985,11,1,5,647,5.9799
1985,11,2,1,211,7.3690
1985,11,2,2,233,8.2426
1985,11,2,3,207,7.1733
1985,11,2,4,160,6.3454
1985,11,2,5,169,7.6389
1985,11,3,1,96,7.5461
1985,11,3,2,165,8.6694
1985,11,3,3,185,8.1821
1985,11,3,4,207,6.1384
1985,11,3,5,186,7.6561
1985,12,1,1,1408,3.8379
1985,12,1,2,704,4.1116
1985,12,1,3,513,2.7682
1985,12,1,4,413,4.1472
1985,12,1,5,668,3.8359
1985,12,2,1,222,6.0922
1985,12,2,2,238,4.0742
1985,12,2,3,206,4.0622
1985,12,2,4,166,4.9750
1985,12,2,5,168,4.7421
1985,12,3,1,100,3.4318
1985,12,3,2,172,4.5545
1985,12,3,3,191,4.5712
1985,12,3,4,209,3.7897
1985,12,3,5,187,4.7458
1986,1,1,1,1364,2.0241
1986,1,1,2,670,1.2262
1986,1,1,3,486,1.7193
1986,1,1,4,376,2.4408
1986,1,1,5,628,4.6854
1986,1,2,1,219,-0.2597
1986,1,2,2,224,0.3035
1986,1,2,3,192,0.8267
1986,1,2,4,159,1.2120
1986,1,2,5,156,1.2678
1986,1,3,1,97,-1.7970
1986,1,3,2,154,-1.0108
1986,1,3,3,173,0.6388
1986,1,3,4,187,0.3707
1986,1,3,5,175,-0.2962
1986,2,1,1,1380,5.2070
1986,2,1,2,665,5.6273
1986,2,1,3,500,5.8513
1986,2,1,4,383,7.2293
1986,2,1,5,653,6.5118
1986,2,2,1,227,7.5511
1986,2,2,2,208,6.7612
1986,2,2,3,198,7.3339
1986,2,2,4,175,6.3684
1986,2,2,5,153,7.0750
1986,2,3,1,110,6.9630
1986,2,3,2,157,8.0844
1986,2,3,3,177,7.9087
1986,2,3,4,200,9.6006
1986,2,3,5,193,6.5928
1986,3,1,1,1401,4.2251
1986,3,1,2,696,4.7411
1986,3,1,3,521,3.8040
1986,3,1,4,413,5.1966
1986,3,1,5,688,5.8497
1986,3,2,1,242,4.7743
1986,3,2,2,220,5.1723
1986,3,2,3,203,5.0824
1986,3,2,4,181,6.0368
1986,3,2,5,167,6.7492
1986,3,3,1,125,4.9785
1986,3,3,2,158,3.4194
1986,3,3,3,189,4.7286
1986,3,3,4,205,5.4273
1986,3,3,5,199,6.3991
1986,4,1,1,1359,1.3171
1986,4,1,2,653,1.3188
1986,4,1,3,506,3.4444
1986,4,1,4,396,1.0455
1986,4,1,5,635,2.1328
1986,4,2,1,235,1.8907
1986,4,2,2,208,1.2351
1986,4,2,3,189,0.7966
1986,4,2,4,158,1.3884
1986,4,2,5,163,2.1476
1986,4,3,1,114,0.9580
1986,4,3,2,153,0.7577
1986,4,3,3,176,-0.1284
1986,4,3,4,186,-0.5613
1986,4,3,5,185,0.1805
1986,5,1,1,1489,2.7345
1986,5,1,2,704,3.6599
1986,5,1,3,539,3.0097
1986,5,1,4,435,4.2948
1986,5,1,5,745,5.4547
1986,5,2,1,273,2.6524
1986,5,2,2,241,3.1673
1986,5,2,3,212,2.8162
1986,5,2,4,188,4.9604
1986,5,2,5,196,3.8046
1986,5,3,1,133,5.8339
1986,5,3,2,180,5.5580
1986,5,3,3,211,5.0915
1986,5,3,4,226,6.1662
1986,5,3,5,203,5.6813
1986,6,1,1,1503,-1.5809
1986,6,1,2,723,1.1686
1986,6,1,3,554,0.2471
1986,6,1,4,448,0.5236
1986,6,1,5,776,0.6853
1986,6,2,1,277,-2.3146
1986,6,2,2,243,-0.4720
1986,6,2,3,215,0.0960
1986,6,2,4,194,0.6754
1986,6,2,5,195,-0.6834
1986,6,3,1,141,-0.0562
1986,6,3,2,183,0.5875
1986,6,3,3,209,1.8999
1986,6,3,4,231,1.0852
1986,6,3,5,203,1.0301
1986,7,1,1,1414,-10.5407
1986,7,1,2,679,-8.4242
1986,7,1,3,537,-8.2720
1986,7,1,4,434,-6.9295
1986,7,1,5,726,-8.8344
1986,7,2,1,277,-13.0793
1986,7,2,2,231,-9.6525
1986,7,2,3,221,-9.7547
1986,7,2,4,185,-8.6635
1986,7,2,5,189,-9.2595
1986,7,3,1,126,-9.7824
1986,7,3,2,171,-6.9330
1986,7,3,3,201,-6.8940
1986,7,3,4,214,-6.5949
1986,7,3,5,185,-5.8312
1986,8,1,1,1444,0.7701
1986,8,1,2,696,0.9636
1986,8,1,3,556,0.5187
1986,8,1,4,439,2.0513
1986,8,1,5,741,1.0327
1986,8,2,1,285,4.1519
1986,8,2,2,245,3.6709
1986,8,2,3,216,5.0074
1986,8,2,4,186,4.0318
1986,8,2,5,196,3.7944
1986,8,3,1,126,6.7082
1986,8,3,2,173,5.2502
1986,8,3,3,215,5.9670
1986,8,3,4,235,5.8260
1986,8,3,5,191,8.9228
1986,9,1,1,1439,-6.9145
1986,9,1,2,697,-5.0482
1986,9,1,3,561,-6.3152
1986,9,1,4,466,-4.4229
1986,9,1,5,734,-5.8343
1986,9,2,1,286,-7.8212
1986,9,2,2,247,-4.9417
1986,9,2,3,219,-4.3767
1986,9,2,4,190,-4.5716
1986,9,2,5,201,-6.5766
1986,9,3,1,124,-6.1666
1986,9,3,2,173,-6.1688
1986,9,3,3,215,-8.4337
1986,9,3,4,236,-7.5400
1986,9,3,5,191,-7.7090
1986,10,1,1,1338,1.6277
1986,10,1,2,627,2.5610
1986,10,1,3,486,2.4854
1986,10,1,4,402,3.2414
1986,10,1,5,680,3.7380
1986,10,2,1,253,5.3966
1986,10,2,2,211,4.0026
1986,10,2,3,195,3.9710
1986,10,2,4,164,3.1431
1986,10,2,5,175,4.5918
1986,10,3,1,99,6.2920
1986,10,3,2,146,6.6414
1986,10,3,3,175,8.5296
1986,10,3,4,185,4.0488
1986,10,3,5,153,5.7690
1986,11,1,1,1350,-1.1565
1986,11,1,2,659,0.0170
1986,11,1,3,504,0.8016
1986,11,1,4,410,0.0908
1986,11,1,5,687,-0.4030
1986,11,2,1,245,-1.7547
1986,11,2,2,230,0.7124
1986,11,2,3,205,-0.0087
1986,11,2,4,186,2.0831
1986,11,2,5,185,2.3979
1986,11,3,1,106,1.0768
1986,11,3,2,149,0.5157
1986,11,3,3,188,2.7398
1986,11,3,4,197,3.3102
1986,11,3,5,164,3.6409
1986,12,1,1,1334,-4.6203
1986,12,1,2,683,-0.9526
1986,12,1,3,526,-1.5996
1986,12,1,4,433,-1.8359
1986,12,1,5,699,-3.4861
1986,12,2,1,242,-4.0421
1986,12,2,2,229,-1.9058
1986,12,2,3,207,-1.9139
1986,12,2,4,184,-1.3228
1986,12,2,5,197,-1.4482
1986,12,3,1,104,-4.0979
1986,12,3,2,146,-3.0291
1986,12,3,3,189,-2.4009
1986,12,3,4,199,-3.0527
1986,12,3,5,162,-1.6525
1987,1,1,1,1264,10.2011
1987,1,1,2,637,10.1414
1987,1,1,3,499,9.9000
1987,1,1,4,398,10.0284
1987,1,1,5,648,12.4662
1987,1,2,1,222,13.9179
1987,1,2,2,206,12.1640
1987,1,2,3,188,12.2544
1987,1,2,4,175,13.3218
1987,1,2,5,177,14.9245
1987,1,3,1,98,13.7417
1987,1,3,2,127,13.9920
1987,1,3,3,170,13.7703
1987,1,3,4,176,13.3808
1987,1,3,5,152,16.4117
1987,2,1,1,1267,9.1668
1987,2,1,2,656,7.4926
1987,2,1,3,506,7.7375
1987,2,1,4,405,9.6772
1987,2,1,5,652,9.6548
1987,2,2,1,216,8.6664
1987,2,2,2,206,7.6181
1987,2,2,3,189,8.2936
1987,2,2,4,177,9.1031
1987,2,2,5,178,8.6818
1987,2,3,1,107,8.4645
1987,2,3,2,134,5.4147
1987,2,3,3,167,5.9073
1987,2,3,4,187,4.2367
1987,2,3,5,163,4.8812
1987,3,1,1,1285,2.6113
1987,3,1,2,694,2.8539
1987,3,1,3,542,3.1245
1987,3,1,4,457,1.9935
1987,3,1,5,671,3.8321
1987,3,2,1,221,2.2326
1987,3,2,2,213,1.6192
1987,3,2,3,186,2.9705
1987,3,2,4,186,2.9817
1987,3,2,5,189,0.6500
1987,3,3,1,107,2.5625
1987,3,3,2,146,3.3677
1987,3,3,3,186,3.7030
1987,3,3,4,201,3.7852
1987,3,3,5,178,4.1983
1987,4,1,1,1232,-2.7025
1987,4,1,2,659,-3.0631
1987,4,1,3,512,-2.5403
1987,4,1,4,429,-2.5257
1987,4,1,5,636,-1.6527
1987,4,2,1,207,-2.2915
1987,4,2,2,203,-2.2776
1987,4,2,3,175,-2.5718
1987,4,2,4,175,-2.3296
1987,4,2,5,176,-2.1936
1987,4,3,1,103,-0.8309
1987,4,3,2,140,0.0721
1987,4,3,3,169,-1.0539
1987,4,3,4,178,-0.8023
1987,4,3,5,164,0.8908
1987,5,1,1,1375,0.3870
1987,5,1,2,715,0.1780
1987,5,1,3,540,1.1773
1987,5,1,4,472,1.3140
1987,5,1,5,700,0.5589
1987,5,2,1,232,0.2987
1987,5,2,2,244,0.7335
1987,5,2,3,193,0.1860
1987,5,2,4,198,0.6175
1987,5,2,5,197,1.4400
1987,5,3,1,117,2.9602
1987,5,3,2,171,1.9914
1987,5,3,3,220,0.7119
1987,5,3,4,217,0.4797
1987,5,3,5,191,1.2092
1987,6,1,1,1410,1.1706
1987,6,1,2,743,2.7647
1987,6,1,3,577,3.2765
1987,6,1,4,492,2.3437
1987,6,1,5,730,2.0515
1987,6,2,1,235,1.9263
1987,6,2,2,249,3.3367
1987,6,2,3,202,4.4356
1987,6,2,4,209,3.8742
1987,6,2,5,198,2.8862
1987,6,3,1,118,3.9821
1987,6,3,2,178,4.6529
1987,6,3,3,216,5.5360
1987,6,3,4,216,5.2680
1987,6,3,5,196,4.1796
1987,7,1,1,1355,2.9476
1987,7,1,2,717,3.2416
1987,7,1,3,543,4.7272
1987,7,1,4,483,3.6014
1987,7,1,5,694,4.2775
1987,7,2,1,232,4.8410
1987,7,2,2,233,4.7478
1987,7,2,3,189,4.9776
1987,7,2,4,196,3.8455
1987,7,2,5,186,4.5570
1987,7,3,1,112,9.2265
1987,7,3,2,170,5.3617
1987,7,3,3,202,6.0665
1987,7,3,4,202,5.4092
1987,7,3,5,178,5.0693
1987,8,1,1,1387,-0.4258
1987,8,1,2,719,3.5918
1987,8,1,3,573,2.8011
1987,8,1,4,492,2.9103
1987,8,1,5,708,2.4654
1987,8,2,1,229,2.2528
1987,8,2,2,227,3.7092
1987,8,2,3,204,3.9069
1987,8,2,4,196,3.7441
1987,8,2,5,194,4.5252
1987,8,3,1,114,1.4036
1987,8,3,2,176,3.9867
1987,8,3,3,220,4.0326
1987,8,3,4,212,2.9489
1987,8,3,5,177,5.2482
1987,9,1,1,1402,-1.8704
1987,9,1,2,721,0.1022
1987,9,1,3,589,-0.2919
1987,9,1,4,495,0.9454
1987,9,1,5,714,-0.3233
1987,9,2,1,230,-2.2649
1987,9,2,2,221,-1.4880
1987,9,2,3,204,-1.0850
1987,9,2,4,191,0.0284
1987,9,2,5,193,-0.6677
1987,9,3,1,111,-2.9674
1987,9,3,2,177,-2.9430
1987,9,3,3,217,-2.9350
1987,9,3,4,214,-1.4222
1987,9,3,5,178,-2.6792
1987,10,1,1,1337,-33.1102
1987,10,1,2,610,-29.5171
1987,10,1,3,521,-29.2551
1987,10,1,4,441,-30.9813
1987,10,1,5,643,-31.2813
1987,10,2,1,207,-35.7714
1987,10,2,2,193,-30.1771
1987,10,2,3,183,-30.5749
1987,10,2,4,163,-29.7099
1987,10,2,5,168,-31.8672
1987,10,3,1,91,-26.1580
1987,10,3,2,146,-25.6509
1987,10,3,3,177,-22.3619
1987,10,3,4,181,-23.4623
1987,10,3,5,143,-21.8112
1987,11,1,1,1350,-7.3347
1987,11,1,2,634,-5.3392
1987,11,1,3,541,-4.0908
1987,11,1,4,444,-1.8312
1987,11,1,5,656,-5.1486
1987,11,2,1,217,-7.9617
1987,11,2,2,196,-3.3939
1987,11,2,3,195,-3.5465
1987,11,2,4,169,-4.9968
1987,11,2,5,173,-5.5952
1987,11,3,1,94,-7.3123
1987,11,3,2,151,-7.9744
1987,11,3,3,190,-8.0578
1987,11,3,4,193,-7.6993
1987,11,3,5,158,-9.1432
1987,12,1,1,1356,2.3489
1987,12,1,2,664,6.8897
1987,12,1,3,547,6.6439
1987,12,1,4,439,6.9224
1987,12,1,5,670,5.6663
1987,12,2,1,219,10.8750
1987,12,2,2,203,9.9725
1987,12,2,3,199,10.6317
1987,12,2,4,182,13.0269
1987,12,2,5,177,12.0991
1987,12,3,1,94,9.8378
1987,12,3,2,149,8.6728
1987,12,3,3,193,8.2292
1987,12,3,4,194,9.9457
1987,12,3,5,163,8.4555
1988,1,1,1,1295,7.5115
1988,1,1,2,625,5.5925
1988,1,1,3,523,5.1892
1988,1,1,4,414,4.6818
1988,1,1,5,607,5.7575
1988,1,2,1,218,2.2402
1988,1,2,2,189,2.5905
1988,1,2,3,186,1.6575
1988,1,2,4,167,1.1490
1988,1,2,5,168,2.9187
1988,1,3,1,87,3.3346
1988,1,3,2,129,2.3867
1988,1,3,3,173,5.4566
1988,1,3,4,178,3.5537
1988,1,3,5,152,0.5015
1988,2,1,1,1304,6.9455
1988,2,1,2,637,7.9645
1988,2,1,3,511,7.5360
1988,2,1,4,442,9.7134
1988,2,1,5,617,8.6962
1988,2,2,1,211,10.7052
1988,2,2,2,193,9.2254
1988,2,2,3,190,9.4610
1988,2,2,4,171,12.3000
1988,2,2,5,164,11.1546
1988,2,3,1,95,7.9199
1988,2,3,2,133,6.6451
1988,2,3,3,177,6.7396
1988,2,3,4,190,5.9403
1988,2,3,5,164,5.5329
1988,3,1,1,1319,4.1708
1988,3,1,2,666,5.9386
1988,3,1,3,540,5.9692
1988,3,1,4,452,6.4732
1988,3,1,5,635,5.5147
1988,3,2,1,222,4.6868
1988,3,2,2,193,4.0148
1988,3,2,3,200,4.2244
1988,3,2,4,183,4.2336
1988,3,2,5,178,4.7327
1988,3,3,1,99,-1.5785
1988,3,3,2,141,-2.9323
1988,3,3,3,183,-0.7424
1988,3,3,4,201,-1.4412
1988,3,3,5,173,-4.4994
1988,4,1,1,1275,1.0868
1988,4,1,2,662,2.0118
1988,4,1,3,488,2.8642
1988,4,1,4,441,1.4275
1988,4,1,5,599,3.8638
1988,4,2,1,216,1.5301
1988,4,2,2,182,3.2059
1988,4,2,3,198,2.3314
1988,4,2,4,172,1.8369
1988,4,2,5,169,1.6871
1988,4,3,1,86,0.7254
1988,4,3,2,128,0.4490
1988,4,3,3,161,2.1553
1988,4,3,4,184,1.3707
1988,4,3,5,156,1.5047
1988,5,1,1,1405,-3.9642
1988,5,1,2,734,-1.3429
1988,5,1,3,561,-1.2909
1988,5,1,4,469,-1.6876
1988,5,1,5,695,-2.5147
1988,5,2,1,238,-1.7376
1988,5,2,2,215,-1.4463
1988,5,2,3,223,-1.4370
1988,5,2,4,202,-2.0675
1988,5,2,5,187,-1.2599
1988,5,3,1,95,-1.3433
1988,5,3,2,160,0.4760
1988,5,3,3,195,-0.4169
1988,5,3,4,228,-0.5690
1988,5,3,5,194,-0.1649
1988,6,1,1,1446,5.4966
1988,6,1,2,785,5.9751
1988,6,1,3,577,6.3731
1988,6,1,4,508,7.5651
1988,6,1,5,702,6.7388
1988,6,2,1,234,6.9932
1988,6,2,2,215,8.5371
1988,6,2,3,226,8.8498
1988,6,2,4,196,7.7298
1988,6,2,5,196,8.3294
1988,6,3,1,96,3.8656
1988,6,3,2,163,5.7498
1988,6,3,3,198,3.7503
1988,6,3,4,235,4.3610
1988,6,3,5,193,6.2578
1988,7,1,1,1378,-0.5665
1988,7,1,2,740,-0.6471
1988,7,1,3,559,-0.0409
1988,7,1,4,470,0.2120
1988,7,1,5,658,-0.0789
1988,7,2,1,226,-1.2674
1988,7,2,2,204,-0.1173
1988,7,2,3,217,-3.2357
1988,7,2,4,193,-1.3345
1988,7,2,5,189,-1.6675
1988,7,3,1,86,-0.8146
1988,7,3,2,156,-0.0273
1988,7,3,3,185,-0.2965
1988,7,3,4,219,-0.4006
1988,7,3,5,184,-2.1937
1988,8,1,1,1424,-2.4382
1988,8,1,2,740,-1.3053
1988,8,1,3,558,-1.1385
1988,8,1,4,490,-2.7530
1988,8,1,5,686,-3.0365
1988,8,2,1,231,-2.9974
1988,8,2,2,204,-2.8538
1988,8,2,3,202,-3.3963
1988,8,2,4,198,-3.2149
1988,8,2,5,191,-4.0529
1988,8,3,1,90,-3.2807
1988,8,3,2,165,-3.2546
1988,8,3,3,198,-2.3891
1988,8,3,4,229,-2.9660
1988,8,3,5,188,-4.9797
1988,9,1,1,1439,1.4396
1988,9,1,2,747,1.9529
1988,9,1,3,561,2.6449
1988,9,1,4,524,4.4446
1988,9,1,5,699,3.5484
1988,9,2,1,235,0.4950
1988,9,2,2,206,3.7785
1988,9,2,3,213,3.6169
1988,9,2,4,193,3.2130
1988,9,2,5,194,3.4510
1988,9,3,1,87,3.8831
1988,9,3,2,161,4.3019
1988,9,3,3,200,3.5648
1988,9,3,4,232,3.6872
1988,9,3,5,192,3.9774
1988,10,1,1,1357,-2.8268
1988,10,1,2,673,-1.0423
1988,10,1,3,490,-0.6719
1988,10,1,4,471,-1.5157
1988,10,1,5,651,-1.7115
1988,10,2,1,211,-0.7497
1988,10,2,2,189,-0.1391
1988,10,2,3,178,-1.1872
1988,10,2,4,157,-0.3949
1988,10,2,5,176,-1.5958
1988,10,3,1,71,0.6418
1988,10,3,2,123,1.8380
1988,10,3,3,167,4.6276
1988,10,3,4,189,2.5019
1988,10,3,5,160,1.2186
1988,11,1,1,1377,-5.6625
1988,11,1,2,680,-3.8901
1988,11,1,3,486,-3.2817
1988,11,1,4,482,-3.2944
1988,11,1,5,669,-3.7551
1988,11,2,1,209,-2.9788
1988,11,2,2,199,-2.9708
1988,11,2,3,185,-2.3358
1988,11,2,4,175,-3.7557
1988,11,2,5,182,-3.8900
1988,11,3,1,77,-0.9695
1988,11,3,2,130,-2.0985
1988,11,3,3,172,-1.7050
1988,11,3,4,198,-0.9891
1988,11,3,5,171,-1.4997
1988,12,1,1,1388,2.6616
1988,12,1,2,720,4.5237
1988,12,1,3,522,4.4394
1988,12,1,4,485,4.1882
1988,12,1,5,689,5.1952
1988,12,2,1,214,4.4620
1988,12,2,2,194,4.3076
1988,12,2,3,184,5.0599
1988,12,2,4,169,5.6455
1988,12,2,5,181,5.4504
1988,12,3,1,77,2.4549
1988,12,3,2,133,3.0675
1988,12,3,3,174,1.9030
1988,12,3,4,196,2.2259
1988,12,3,5,173,2.7222
1989,1,1,1,1340,5.4012
1989,1,1,2,666,3.7799
1989,1,1,3,511,5.4072
1989,1,1,4,459,4.4522
1989,1,1,5,643,6.0305
1989,1,2,1,202,5.4946
1989,1,2,2,184,4.1391
1989,1,2,3,176,3.9987
1989,1,2,4,161,5.3155
1989,1,2,5,172,4.1208
1989,1,3,1,71,6.5789
1989,1,3,2,126,5.7082
1989,1,3,3,156,6.3206
1989,1,3,4,172,7.0714
1989,1,3,5,159,7.9715
1989,2,1,1,1352,0.5067
1989,2,1,2,662,0.9856
1989,2,1,3,514,-0.1321
1989,2,1,4,463,0.9793
1989,2,1,5,652,0.6828
1989,2,2,1,202,-0.2326
1989,2,2,2,188,1.2978
1989,2,2,3,181,0.9148
1989,2,2,4,167,1.2830
1989,2,2,5,178,0.9220
1989,2,3,1,76,-1.2964
1989,2,3,2,131,-1.9376
1989,2,3,3,155,-2.6879
1989,2,3,4,176,-2.3008
1989,2,3,5,162,-2.6848
1989,3,1,1,1360,0.5326
1989,3,1,2,680,2.4515
1989,3,1,3,551,4.0100
1989,3,1,4,491,5.5495
1989,3,1,5,682,4.0013
1989,3,2,1,200,2.6620
1989,3,2,2,194,1.6437
1989,3,2,3,191,1.6692
1989,3,2,4,171,3.6767
1989,3,2,5,183,3.6851
1989,3,3,1,78,4.1949
1989,3,3,2,139,1.6724
1989,3,3,3,162,2.4522
1989,3,3,4,182,1.1424
1989,3,3,5,167,1.4363
1989,4,1,1,1301,2.3419
1989,4,1,2,688,2.7072
1989,4,1,3,532,3.6891
1989,4,1,4,437,3.2013
1989,4,1,5,637,3.5872
1989,4,2,1,186,3.8707
1989,4,2,2,195,4.6385
1989,4,2,3,178,4.4852
1989,4,2,4,168,4.8620
1989,4,2,5,171,6.8977
1989,4,3,1,66,6.1259
1989,4,3,2,130,5.9617
1989,4,3,3,145,4.9297
1989,4,3,4,168,4.6830
1989,4,3,5,158,5.0501
1989,5,1,1,1443,1.8710
1989,5,1,2,767,3.4260
1989,5,1,3,584,3.2793
1989,5,1,4,492,4.4127
1989,5,1,5,706,5.0518
1989,5,2,1,218,4.4877
1989,5,2,2,238,3.2139
1989,5,2,3,203,4.6302
1989,5,2,4,208,5.1837
1989,5,2,5,198,5.8422
1989,5,3,1,91,4.0408
1989,5,3,2,154,4.1961
1989,5,3,3,192,4.1839
1989,5,3,4,210,4.1415
1989,5,3,5,190,2.9452
1989,6,1,1,1468,-2.2062
1989,6,1,2,797,-2.1852
1989,6,1,3,636,-1.6662
1989,6,1,4,513,-0.3727
1989,6,1,5,716,-0.5813
1989,6,2,1,218,-2.5571
1989,6,2,2,244,-2.3718
1989,6,2,3,216,-2.3188
1989,6,2,4,213,-2.5367
1989,6,2,5,192,-3.2356
1989,6,3,1,96,-1.9326
1989,6,3,2,156,0.2317
1989,6,3,3,196,-0.3206
1989,6,3,4,212,-0.9462
1989,6,3,5,191,-2.8150
1989,7,1,1,1395,2.7537
1989,7,1,2,773,2.3572
1989,7,1,3,587,2.3849
1989,7,1,4,495,4.3757
1989,7,1,5,690,5.1078
1989,7,2,1,208,5.0535
1989,7,2,2,240,3.7429
1989,7,2,3,209,4.8349
1989,7,2,4,206,4.3820
1989,7,2,5,188,4.9033
1989,7,3,1,94,8.8672
1989,7,3,2,149,7.4203
1989,7,3,3,187,7.7659
1989,7,3,4,203,8.9645
1989,7,3,5,184,9.6014
1989,8,1,1,1432,0.5151
1989,8,1,2,792,1.5107
1989,8,1,3,599,0.1560
1989,8,1,4,499,2.9460
1989,8,1,5,705,3.0475
1989,8,2,1,206,3.1733
1989,8,2,2,243,2.2499
1989,8,2,3,220,3.9760
1989,8,2,4,207,2.7452
1989,8,2,5,182,2.5610
1989,8,3,1,97,2.0812
1989,8,3,2,153,2.2339
1989,8,3,3,178,1.9646
1989,8,3,4,216,1.3552
1989,8,3,5,182,2.7761
1989,9,1,1,1438,-0.0752
1989,9,1,2,796,-0.1660
1989,9,1,3,607,0.2612
1989,9,1,4,511,-0.3852
1989,9,1,5,713,0.3622
1989,9,2,1,202,0.7687
1989,9,2,2,247,0.8045
1989,9,2,3,221,0.9712
1989,9,2,4,193,0.7051
1989,9,2,5,177,1.1815
1989,9,3,1,100,-1.1393
1989,9,3,2,157,-2.2984
1989,9,3,3,178,-1.3260
1989,9,3,4,218,-0.3095
1989,9,3,5,181,0.3756
1989,10,1,1,1306,-6.5840
1989,10,1,2,710,-5.5120
1989,10,1,3,536,-4.6300
1989,10,1,4,470,-6.3231
1989,10,1,5,646,-6.0470
1989,10,2,1,184,-7.2467
1989,10,2,2,209,-7.2639
1989,10,2,3,196,-7.0455
1989,10,2,4,157,-3.9092
1989,10,2,5,153,-5.2597
1989,10,3,1,84,-3.7473
1989,10,3,2,132,-4.5738
1989,10,3,3,154,-3.1000
1989,10,3,4,181,-1.0393
1989,10,3,5,147,-1.3282
1989,11,1,1,1328,-1.5286
1989,11,1,2,702,0.5791
1989,11,1,3,550,-0.9954
1989,11,1,4,483,-1.1237
1989,11,1,5,658,0.1308
1989,11,2,1,183,1.6427
1989,11,2,2,205,1.1326
1989,11,2,3,210,2.5647
1989,11,2,4,164,-0.2716
1989,11,2,5,163,0.7697
1989,11,3,1,85,4.2895
1989,11,3,2,136,2.8554
1989,11,3,3,165,2.4062
1989,11,3,4,197,1.3998
1989,11,3,5,150,2.2412
1989,12,1,1,1318,-2.2088
1989,12,1,2,729,-0.1866
1989,12,1,3,572,-0.0461
1989,12,1,4,500,0.8863
1989,12,1,5,673,0.4608
1989,12,2,1,186,-0.6382
1989,12,2,2,201,0.9329
1989,12,2,3,206,0.3209
1989,12,2,4,170,2.5249
1989,12,2,5,171,1.5333
1989,12,3,1,82,1.4339
1989,12,3,2,138,0.7875
1989,12,3,3,167,2.0896
1989,12,3,4,196,4.0593
1989,12,3,5,149,2.7100
1990,1,1,1,1273,-7.7027
1990,1,1,2,665,-7.4697
1990,1,1,3,546,-7.2028
1990,1,1,4,474,-7.9884
1990,1,1,5,627,-7.6094
1990,1,2,1,182,-7.9621
1990,1,2,2,184,-8.5308
1990,1,2,3,195,-7.7398
1990,1,2,4,158,-9.0118
1990,1,2,5,168,-9.9920
1990,1,3,1,75,-5.7974
1990,1,3,2,132,-6.4373
1990,1,3,3,151,-5.7404
1990,1,3,4,181,-6.5494
1990,1,3,5,141,-6.5620
1990,2,1,1,1273,1.3131
1990,2,1,2,671,2.9182
1990,2,1,3,543,1.7768
1990,2,1,4,477,2.2844
1990,2,1,5,630,2.9081
1990,2,2,1,181,4.2643
1990,2,2,2,184,2.2120
1990,2,2,3,201,2.5335
1990,2,2,4,159,3.2680
1990,2,2,5,173,4.7930
1990,2,3,1,79,2.6988
1990,2,3,2,141,2.8601
1990,2,3,3,161,1.5594
1990,2,3,4,192,0.8786
1990,2,3,5,137,1.1806
1990,3,1,1,1273,2.9580
1990,3,1,2,711,4.1179
1990,3,1,3,544,4.3748
1990,3,1,4,496,5.0011
1990,3,1,5,660,4.4254
1990,3,2,1,188,3.9874
1990,3,2,2,197,5.2113
1990,3,2,3,204,4.8518
1990,3,2,4,161,4.9165
1990,3,2,5,172,6.0012
1990,3,3,1,90,3.0813
1990,3,3,2,140,3.9616
1990,3,3,3,168,2.1982
1990,3,3,4,191,3.2403
1990,3,3,5,139,4.2118
1990,4,1,1,1225,-3.1072
1990,4,1,2,673,-3.5349
1990,4,1,3,506,-1.7351
1990,4,1,4,455,-1.7385
1990,4,1,5,640,-2.7249
1990,4,2,1,182,-3.6748
1990,4,2,2,196,-3.8701
1990,4,2,3,193,-2.9996
1990,4,2,4,152,-2.1555
1990,4,2,5,170,-2.6852
1990,4,3,1,84,-2.3133
1990,4,3,2,128,-1.3755
1990,4,3,3,151,-2.2180
1990,4,3,4,173,-1.7180
1990,4,3,5,129,-1.0526
1990,5,1,1,1356,5.2258
1990,5,1,2,743,6.1665
1990,5,1,3,573,4.4260
1990,5,1,4,500,6.2967
1990,5,1,5,703,7.5312
1990,5,2,1,214,9.8437
1990,5,2,2,222,7.5029
1990,5,2,3,214,8.3521
1990,5,2,4,188,8.3241
1990,5,2,5,203,10.7457
1990,5,3,1,105,9.9555
1990,5,3,2,156,10.9148
1990,5,3,3,191,9.3204
1990,5,3,4,202,8.9066
1990,5,3,5,160,10.4117
1990,6,1,1,1388,0.7547
1990,6,1,2,765,2.0912
1990,6,1,3,611,0.8929
1990,6,1,4,517,2.3286
1990,6,1,5,715,2.5625
1990,6,2,1,226,-0.4460
1990,6,2,2,223,0.7286
1990,6,2,3,224,0.3060
1990,6,2,4,191,-0.0287
1990,6,2,5,206,0.3406
1990,6,3,1,111,-0.7329
1990,6,3,2,153,0.8812
1990,6,3,3,194,-0.3916
1990,6,3,4,207,-0.2733
1990,6,3,5,164,-0.4295
1990,7,1,1,1300,-5.5606
1990,7,1,2,711,-3.5512
1990,7,1,3,577,-3.1430
1990,7,1,4,480,-3.6335
1990,7,1,5,672,-5.4846
1990,7,2,1,228,-4.9958
1990,7,2,2,217,-2.7586
1990,7,2,3,211,-3.9069
1990,7,2,4,183,-3.0573
1990,7,2,5,199,-4.2438
1990,7,3,1,108,-1.8081
1990,7,3,2,141,-1.3218
1990,7,3,3,176,1.8199
1990,7,3,4,193,1.8657
1990,7,3,5,162,-0.6940
1990,8,1,1,1290,-15.8722
1990,8,1,2,746,-13.6344
1990,8,1,3,571,-12.4380
1990,8,1,4,496,-13.1010
1990,8,1,5,688,-13.4116
1990,8,2,1,230,-15.5739
1990,8,2,2,221,-12.4528
1990,8,2,3,217,-12.7343
1990,8,2,4,187,-13.7447
1990,8,2,5,209,-15.0169
1990,8,3,1,111,-11.0432
1990,8,3,2,143,-9.3068
1990,8,3,3,188,-7.1565
1990,8,3,4,206,-7.2060
1990,8,3,5,169,-9.8073
1990,9,1,1,1304,-10.9075
1990,9,1,2,752,-8.2711
1990,9,1,3,571,-7.8131
1990,9,1,4,506,-7.7242
1990,9,1,5,695,-9.4427
1990,9,2,1,232,-12.1600
1990,9,2,2,225,-7.5177
1990,9,2,3,213,-9.2387
1990,9,2,4,188,-8.3299
1990,9,2,5,199,-9.4782
1990,9,3,1,110,-7.9505
1990,9,3,2,151,-7.5430
1990,9,3,3,183,-5.0691
1990,9,3,4,204,-2.6411
1990,9,3,5,168,-4.6664
1990,10,1,1,1210,-8.3624
1990,10,1,2,641,-6.3278
1990,10,1,3,505,-6.6374
1990,10,1,4,431,-5.9022
1990,10,1,5,599,-6.2754
1990,10,2,1,215,-8.4357
1990,10,2,2,193,-6.9410
1990,10,2,3,171,-7.9825
1990,10,2,4,162,-6.3032
1990,10,2,5,178,-4.7844
1990,10,3,1,87,-3.6584
1990,10,3,2,127,-2.0058
1990,10,3,3,152,-1.2855
1990,10,3,4,161,0.3683
1990,10,3,5,135,-0.0091
1990,11,1,1,1228,4.3930
1990,11,1,2,623,3.6353
1990,11,1,3,520,3.6679
1990,11,1,4,452,3.9422
1990,11,1,5,612,5.3996
1990,11,2,1,221,10.5867
1990,11,2,2,199,7.3994
1990,11,2,3,180,9.4576
1990,11,2,4,179,7.8004
1990,11,2,5,188,8.8645
1990,11,3,1,93,8.6453
1990,11,3,2,134,7.0299
1990,11,3,3,163,6.5965
1990,11,3,4,175,5.2066
1990,11,3,5,145,8.0705
1990,12,1,1,1239,-2.4006
1990,12,1,2,670,0.1414
1990,12,1,3,554,2.5322
1990,12,1,4,474,3.5853
1990,12,1,5,607,2.1251
1990,12,2,1,223,5.2611
1990,12,2,2,201,4.6670
1990,12,2,3,191,5.1478
1990,12,2,4,184,6.1502
1990,12,2,5,188,7.6765
1990,12,3,1,93,3.8645
1990,12,3,2,132,1.9642
1990,12,3,3,163,3.0091
1990,12,3,4,180,3.1009
1990,12,3,5,146,2.7059
1991,1,1,1,1193,9.8946
1991,1,1,2,637,9.3494
1991,1,1,3,502,7.9416
1991,1,1,4,448,9.3029
1991,1,1,5,579,11.7629
1991,1,2,1,215,5.8953
1991,1,2,2,198,8.3371
1991,1,2,3,186,8.3451
1991,1,2,4,179,9.6397
1991,1,2,5,179,13.5204
1991,1,3,1,85,8.1946
1991,1,3,2,122,5.6105
1991,1,3,3,155,3.5693
1991,1,3,4,169,3.3054
1991,1,3,5,137,7.1288
1991,2,1,1,1217,13.5002
1991,2,1,2,646,11.9384
1991,2,1,3,481,12.9306
1991,2,1,4,485,11.2973
1991,2,1,5,582,12.7219
1991,2,2,1,209,11.6751
1991,2,2,2,186,9.7181
1991,2,2,3,190,11.3398
1991,2,2,4,189,9.7190
1991,2,2,5,183,9.9201
1991,2,3,1,89,6.0763
1991,2,3,2,126,7.7156
1991,2,3,3,168,7.7696
1991,2,3,4,179,7.5998
1991,2,3,5,142,6.1353
1991,3,1,1,1231,8.7124
1991,3,1,2,660,6.5676
1991,3,1,3,499,5.8518
1991,3,1,4,489,8.3861
1991,3,1,5,592,10.9676
1991,3,2,1,218,7.7083
1991,3,2,2,191,4.8385
1991,3,2,3,204,4.1829
1991,3,2,4,196,5.3326
1991,3,2,5,187,7.2811
1991,3,3,1,91,4.0813
1991,3,3,2,134,0.7974
1991,3,3,3,168,3.4749
1991,3,3,4,186,2.6846
1991,3,3,5,148,1.2777
1991,4,1,1,1169,1.7630
1991,4,1,2,613,0.6298
1991,4,1,3,469,0.8827
1991,4,1,4,468,0.8777
1991,4,1,5,556,-0.7357
1991,4,2,1,213,-1.8002
1991,4,2,2,190,-0.9412
1991,4,2,3,191,0.5680
1991,4,2,4,188,1.8315
1991,4,2,5,178,-0.9432
1991,4,3,1,87,0.0528
1991,4,3,2,130,0.2710
1991,4,3,3,163,-0.8463
1991,4,3,4,172,0.6643
1991,4,3,5,136,-0.0009
1991,5,1,1,1300,1.4588
1991,5,1,2,666,2.6379
1991,5,1,3,496,2.2631
1991,5,1,4,548,5.4344
1991,5,1,5,647,4.6925
1991,5,2,1,244,4.6849
1991,5,2,2,224,4.6151
1991,5,2,3,219,3.9907
1991,5,2,4,213,5.6455
1991,5,2,5,202,3.7317
1991,5,3,1,109,8.2070
1991,5,3,2,170,6.4284
1991,5,3,3,195,3.4133
1991,5,3,4,210,2.1463
1991,5,3,5,162,5.2373
1991,6,1,1,1299,-4.7847
1991,6,1,2,680,-3.1670
1991,6,1,3,515,-2.9928
1991,6,1,4,574,-2.9725
1991,6,1,5,680,-5.0645
1991,6,2,1,253,-5.0230
1991,6,2,2,228,-4.5994
1991,6,2,3,220,-5.0252
1991,6,2,4,228,-3.8941
1991,6,2,5,203,-6.2948
1991,6,3,1,109,-4.7117
1991,6,3,2,172,-5.7558
1991,6,3,3,202,-5.5307
1991,6,3,4,214,-3.1133
1991,6,3,5,166,-4.9481
1991,7,1,1,1227,2.7409
1991,7,1,2,632,2.0558
1991,7,1,3,483,2.6681
1991,7,1,4,550,3.0743
1991,7,1,5,650,4.1434
1991,7,2,1,240,3.4461
1991,7,2,2,221,3.4479
1991,7,2,3,208,2.7366
1991,7,2,4,222,3.1333
1991,7,2,5,194,4.2660
1991,7,3,1,105,4.4838
1991,7,3,2,163,5.4037
1991,7,3,3,187,4.4365
1991,7,3,4,197,4.3145
1991,7,3,5,161,5.3571
1991,8,1,1,1236,2.3615
1991,8,1,2,625,2.0245
1991,8,1,3,498,4.3532
1991,8,1,4,549,2.8000
1991,8,1,5,673,3.1129
1991,8,2,1,226,4.7000
1991,8,2,2,214,2.0003
1991,8,2,3,220,2.9409
1991,8,2,4,223,3.2859
1991,8,2,5,198,3.2121
1991,8,3,1,113,4.3298
1991,8,3,2,167,3.0314
1991,8,3,3,189,4.1191
1991,8,3,4,199,0.8650
1991,8,3,5,165,2.3950
1991,9,1,1,1239,2.0024
1991,9,1,2,609,1.3687
1991,9,1,3,495,1.1039
1991,9,1,4,561,0.7779
1991,9,1,5,694,0.1102
1991,9,2,1,223,1.6475
1991,9,2,2,211,-1.1941
1991,9,2,3,209,-0.7923
1991,9,2,4,230,1.0506
1991,9,2,5,206,-0.4277
1991,9,3,1,112,-3.4877
1991,9,3,2,167,-2.5107
1991,9,3,3,187,-3.0337
1991,9,3,4,200,-0.8694
1991,9,3,5,174,-1.7592
1991,10,1,1,1125,3.1078
1991,10,1,2,499,2.5165
1991,10,1,3,417,2.0004
1991,10,1,4,496,2.9798
1991,10,1,5,653,4.9548
1991,10,2,1,200,1.5163
1991,10,2,2,179,0.6324
1991,10,2,3,174,-0.7267
1991,10,2,4,192,2.6782
1991,10,2,5,193,2.8022
1991,10,3,1,92,-0.6120
1991,10,3,2,135,0.0699
1991,10,3,3,140,0.5184
1991,10,3,4,157,1.7552
1991,10,3,5,149,3.7295
1991,11,1,1,1115,-2.8155
1991,11,1,2,500,-3.5010
1991,11,1,3,423,-1.6827
1991,11,1,4,481,-2.4068
1991,11,1,5,689,-3.4024
1991,11,2,1,217,-6.8103
1991,11,2,2,176,-5.2810
1991,11,2,3,185,-6.4754
1991,11,2,4,205,-5.6578
1991,11,2,5,200,-4.0356
1991,11,3,1,105,-1.7004
1991,11,3,2,144,-4.1825
1991,11,3,3,154,-4.6648
1991,11,3,4,165,-5.3023
1991,11,3,5,158,-2.0394
1991,12,1,1,1117,2.5047
1991,12,1,2,502,2.9180
1991,12,1,3,445,3.3525
1991,12,1,4,505,5.8492
1991,12,1,5,706,6.0319
1991,12,2,1,219,8.0165
1991,12,2,2,180,6.9360
1991,12,2,3,186,8.3774
1991,12,2,4,206,7.3807
1991,12,2,5,204,11.6462
1991,12,3,1,111,15.6533
1991,12,3,2,148,13.3625
1991,12,3,3,153,12.3172
1991,12,3,4,170,8.1885
1991,12,3,5,163,12.4147
1992,1,1,1,1061,14.1529
1992,1,1,2,455,12.3477
1992,1,1,3,414,12.8248
1992,1,1,4,489,10.5794
1992,1,1,5,665,14.9281
1992,1,2,1,220,7.3808
1992,1,2,2,177,7.1881
1992,1,2,3,184,6.1018
1992,1,2,4,200,9.2925
1992,1,2,5,206,9.2927
1992,1,3,1,110,-2.8461
1992,1,3,2,140,-1.3213
1992,1,3,3,140,-0.4025
1992,1,3,4,169,-2.2464
1992,1,3,5,154,-0.9082
1992,2,1,1,1081,2.6010
1992,2,1,2,449,4.1959
1992,2,1,3,425,5.9396
1992,2,1,4,502,7.5529
1992,2,1,5,676,5.6905
1992,2,2,1,225,-0.1270
1992,2,2,2,188,3.2161
1992,2,2,3,186,5.2402
1992,2,2,4,206,3.3348
1992,2,2,5,207,4.6672
1992,2,3,1,116,1.2510
1992,2,3,2,149,1.9152
1992,2,3,3,151,0.0486
1992,2,3,4,179,0.6040
1992,2,3,5,165,1.1697
1992,3,1,1,1086,-3.3438
1992,3,1,2,483,-2.1865
1992,3,1,3,443,0.0016
1992,3,1,4,519,-1.0416
1992,3,1,5,689,-2.1891
1992,3,2,1,226,-6.9952
1992,3,2,2,196,-3.7643
1992,3,2,3,198,-2.1019
1992,3,2,4,210,-2.9802
1992,3,2,5,218,-3.9872
1992,3,3,1,121,-2.8445
1992,3,3,2,155,-1.9163
1992,3,3,3,155,-1.7126
1992,3,3,4,186,-1.4064
1992,3,3,5,167,-3.8209
1992,4,1,1,1040,-8.1589
1992,4,1,2,454,-4.5681
1992,4,1,3,431,-2.8897
1992,4,1,4,497,-3.8693
1992,4,1,5,670,-5.6022
1992,4,2,1,221,-5.1203
1992,4,2,2,186,-4.7213
1992,4,2,3,186,-2.7412
1992,4,2,4,194,-2.0365
1992,4,2,5,206,-3.8903
1992,4,3,1,113,0.2695
1992,4,3,2,147,1.5616
1992,4,3,3,142,3.0579
1992,4,3,4,176,4.7443
1992,4,3,5,157,0.6100
1992,5,1,1,1143,-0.0652
1992,5,1,2,542,-0.6502
1992,5,1,3,490,0.0342
1992,5,1,4,560,1.1755
1992,5,1,5,752,-0.5486
1992,5,2,1,268,-0.2270
1992,5,2,2,226,1.3201
1992,5,2,3,197,0.7512
1992,5,2,4,219,-0.5552
1992,5,2,5,229,0.7555
1992,5,3,1,137,0.5789
1992,5,3,2,187,1.3609
1992,5,3,3,189,0.4372
1992,5,3,4,215,-0.0940
1992,5,3,5,173,0.2304
1992,6,1,1,1139,-7.6394
1992,6,1,2,554,-3.5963
1992,6,1,3,519,-5.0474
1992,6,1,4,581,-4.6606
1992,6,1,5,765,-7.1953
1992,6,2,1,278,-5.5647
1992,6,2,2,232,-5.8916
1992,6,2,3,211,-3.3822
1992,6,2,4,223,-4.6758
1992,6,2,5,226,-4.1123
1992,6,3,1,136,-2.0681
1992,6,3,2,190,-3.6913
1992,6,3,3,194,-2.1147
1992,6,3,4,213,-1.2480
1992,6,3,5,172,-3.8272
1992,7,1,1,1058,0.9462
1992,7,1,2,555,1.5989
1992,7,1,3,497,2.2428
1992,7,1,4,557,2.5717
1992,7,1,5,720,1.6670
1992,7,2,1,270,3.9639
1992,7,2,2,219,2.8767
1992,7,2,3,195,2.9409
1992,7,2,4,218,1.3516
1992,7,2,5,209,4.8460
1992,7,3,1,130,4.5032
1992,7,3,2,181,4.2222
1992,7,3,3,187,4.1989
1992,7,3,4,201,3.8066
1992,7,3,5,165,4.2574
1992,8,1,1,1041,-4.8952
1992,8,1,2,597,-2.0775
1992,8,1,3,502,-2.1478
1992,8,1,4,556,-2.7256
1992,8,1,5,711,-2.3777
1992,8,2,1,259,-3.3334
1992,8,2,2,220,-2.8409
1992,8,2,3,197,-2.6432
1992,8,2,4,209,-2.1157
1992,8,2,5,215,-2.2679
1992,8,3,1,128,-0.6235
1992,8,3,2,189,-1.3588
1992,8,3,3,195,-0.3518
1992,8,3,4,206,-2.3332
1992,8,3,5,166,-3.4446
1992,9,1,1,1024,1.5600
1992,9,1,2,603,1.0121
1992,9,1,3,496,1.0472
1992,9,1,4,550,1.7330
1992,9,1,5,706,1.5470
1992,9,2,1,263,1.6340
1992,9,2,2,215,1.7512
1992,9,2,3,192,1.6555
1992,9,2,4,204,2.6931
1992,9,2,5,204,3.2666
1992,9,3,1,126,2.8206
1992,9,3,2,192,0.7568
1992,9,3,3,194,1.2163
1992,9,3,4,206,0.4891
1992,9,3,5,159,-0.5529
1992,10,1,1,938,1.8098
1992,10,1,2,533,1.9652
1992,10,1,3,432,2.1176
1992,10,1,4,464,3.1030
1992,10,1,5,626,3.8779
1992,10,2,1,239,1.8089
1992,10,2,2,191,1.0525
1992,10,2,3,154,2.9514
1992,10,2,4,168,3.3113
1992,10,2,5,181,5.7232
1992,10,3,1,111,3.5085
1992,10,3,2,155,0.8341
1992,10,3,3,163,0.2774
1992,10,3,4,151,-2.1023
1992,10,3,5,127,3.0888
1992,11,1,1,947,8.3191
1992,11,1,2,542,8.9749
1992,11,1,3,435,8.0123
1992,11,1,4,494,10.2338
1992,11,1,5,621,10.0334
1992,11,2,1,229,7.7762
1992,11,2,2,188,5.8277
1992,11,2,3,162,7.3952
1992,11,2,4,176,7.7494
1992,11,2,5,184,8.5666
1992,11,3,1,105,4.9154
1992,11,3,2,162,4.7261
1992,11,3,3,173,2.6443
1992,11,3,4,165,2.6544
1992,11,3,5,140,3.5628
1992,12,1,1,952,1.0447
1992,12,1,2,563,2.8142
1992,12,1,3,454,4.2573
1992,12,1,4,496,4.0597
1992,12,1,5,625,5.0921
1992,12,2,1,216,2.3439
1992,12,2,2,193,3.1420
1992,12,2,3,165,3.1830
1992,12,2,4,171,3.0553
1992,12,2,5,188,4.4464
1992,12,3,1,101,1.8530
1992,12,3,2,160,0.2330
1992,12,3,3,179,0.5128
1992,12,3,4,166,-0.0741
1992,12,3,5,143,1.3442
1993,1,1,1,921,5.3397
1993,1,1,2,540,4.5609
1993,1,1,3,422,7.4956
1993,1,1,4,463,5.0245
1993,1,1,5,587,6.0943
1993,1,2,1,221,-0.9619
1993,1,2,2,185,3.2737
1993,1,2,3,158,1.8974
1993,1,2,4,166,3.4635
1993,1,2,5,183,2.8780
1993,1,3,1,95,0.5216
1993,1,3,2,151,-0.2243
1993,1,3,3,176,0.6801
1993,1,3,4,165,-0.3433
1993,1,3,5,133,-0.7284
1993,2,1,1,931,-5.9803
1993,2,1,2,527,-1.1589
1993,2,1,3,428,-1.1622
1993,2,1,4,486,-1.5122
1993,2,1,5,585,-0.9255
1993,2,2,1,228,-4.5087
1993,2,2,2,187,-2.2565
1993,2,2,3,161,0.8820
1993,2,2,4,176,-1.0956
1993,2,2,5,183,-1.8243
1993,2,3,1,104,-3.0272
1993,2,3,2,158,0.4629
1993,2,3,3,177,1.4630
1993,2,3,4,173,0.5771
1993,2,3,5,143,0.2654
1993,3,1,1,966,0.2627
1993,3,1,2,539,3.1457
1993,3,1,3,454,1.3711
1993,3,1,4,503,3.2852
1993,3,1,5,606,2.8122
1993,3,2,1,226,2.5252
1993,3,2,2,187,2.3986
1993,3,2,3,169,1.6643
1993,3,2,4,179,2.3370
1993,3,2,5,180,2.7263
1993,3,3,1,104,1.2374
1993,3,3,2,165,0.8101
1993,3,3,3,182,2.3537
1993,3,3,4,181,1.2554
1993,3,3,5,148,2.2585
1993,4,1,1,942,-3.0966
1993,4,1,2,504,-1.3843
1993,4,1,3,417,-2.1125
1993,4,1,4,474,-2.8925
1993,4,1,5,567,-3.2195
1993,4,2,1,210,-3.2358
1993,4,2,2,175,-2.7314
1993,4,2,3,156,-1.7943
1993,4,2,4,162,-3.3834
1993,4,2,5,178,-6.1451
1993,4,3,1,99,-9.2790
1993,4,3,2,153,-3.3168
1993,4,3,3,168,-2.4697
1993,4,3,4,169,-4.0303
1993,4,3,5,144,0.1498
1993,5,1,1,1126,5.2570
1993,5,1,2,553,4.0402
1993,5,1,3,484,3.7631
1993,5,1,4,523,4.4105
1993,5,1,5,645,4.4779
1993,5,2,1,253,7.4155
1993,5,2,2,214,4.3933
1993,5,2,3,188,3.8269
1993,5,2,4,204,6.4929
1993,5,2,5,206,7.1039
1993,5,3,1,129,5.1946
1993,5,3,2,185,4.3495
1993,5,3,3,205,3.1924
1993,5,3,4,214,1.9729
1993,5,3,5,172,5.0315
1993,6,1,1,1140,-0.7602
1993,6,1,2,574,-0.3725
1993,6,1,3,507,1.2764
1993,6,1,4,536,-0.3961
1993,6,1,5,665,0.6073
1993,6,2,1,262,-0.6270
1993,6,2,2,217,-0.5331
1993,6,2,3,194,0.2970
1993,6,2,4,206,-0.8099
1993,6,2,5,209,-0.2392
1993,6,3,1,132,-3.3397
1993,6,3,2,190,-2.0002
1993,6,3,3,218,0.1562
1993,6,3,4,217,0.1518
1993,6,3,5,173,-1.4826
1993,7,1,1,1103,-0.6617
1993,7,1,2,548,0.8958
1993,7,1,3,489,0.8197
1993,7,1,4,514,1.4568
1993,7,1,5,650,0.7947
1993,7,2,1,261,-1.3548
1993,7,2,2,205,0.0601
1993,7,2,3,197,0.0035
1993,7,2,4,202,1.0546
1993,7,2,5,211,3.2359
1993,7,3,1,129,-1.9589
1993,7,3,2,182,-1.0343
1993,7,3,3,204,-0.0157
1993,7,3,4,206,-1.1583
1993,7,3,5,171,-3.3009
1993,8,1,1,1123,3.4617
1993,8,1,2,537,3.3118
1993,8,1,3,492,3.5142
1993,8,1,4,528,4.0132
1993,8,1,5,663,4.5798
1993,8,2,1,250,5.4728
1993,8,2,2,200,3.3495
1993,8,2,3,195,3.5091
1993,8,2,4,202,2.7547
1993,8,2,5,220,6.5284
1993,8,3,1,129,3.8212
1993,8,3,2,179,4.5961
1993,8,3,3,205,3.3166
1993,8,3,4,215,4.0035
1993,8,3,5,182,4.7208
1993,9,1,1,1123,2.2949
1993,9,1,2,529,1.5567
1993,9,1,3,492,3.6407
1993,9,1,4,531,2.2413
1993,9,1,5,665,3.4531
1993,9,2,1,252,2.5667
1993,9,2,2,197,0.9066
1993,9,2,3,191,1.6629
1993,9,2,4,202,1.6459
1993,9,2,5,217,3.1484
1993,9,3,1,133,-1.5071
1993,9,3,2,180,-1.4592
1993,9,3,3,203,-1.5855
1993,9,3,4,216,-0.7863
1993,9,3,5,181,-0.5923
1993,10,1,1,1025,4.7246
1993,10,1,2,453,5.6624
1993,10,1,3,435,3.4375
1993,10,1,4,435,3.9079
1993,10,1,5,584,4.0394
1993,10,2,1,227,4.4058
1993,10,2,2,175,1.3523
1993,10,2,3,156,2.0940
1993,10,2,4,158,3.3130
1993,10,2,5,191,1.5941
1993,10,3,1,109,3.8155
1993,10,3,2,139,2.4643
1993,10,3,3,168,1.9458
1993,10,3,4,169,3.4000
1993,10,3,5,160,2.8973
1993,11,1,1,1036,-3.1684
1993,11,1,2,451,-1.5181
1993,11,1,3,459,-2.9314
1993,11,1,4,459,-1.7078
1993,11,1,5,595,-0.8619
1993,11,2,1,242,-2.2158
1993,11,2,2,175,-2.6700
1993,11,2,3,161,-0.4926
1993,11,2,4,163,-2.3807
1993,11,2,5,193,-2.4666
1993,11,3,1,118,2.5020
1993,11,3,2,153,0.0485
1993,11,3,3,178,-1.5978
1993,11,3,4,184,-1.2068
1993,11,3,5,170,1.2920
1993,12,1,1,1038,-0.9438
1993,12,1,2,459,1.8853
1993,12,1,3,485,1.6199
1993,12,1,4,470,2.9533
1993,12,1,5,592,0.9543
1993,12,2,1,241,2.8584
1993,12,2,2,167,4.7958
1993,12,2,3,170,5.1983
1993,12,2,4,167,5.2177
1993,12,2,5,184,4.5015
1993,12,3,1,121,-2.0292
1993,12,3,2,155,1.6150
1993,12,3,3,183,1.6993
1993,12,3,4,188,0.9983
1993,12,3,5,170,2.0841
1994,1,1,1,1030,3.6718
1994,1,1,2,432,5.7168
1994,1,1,3,448,6.3193
1994,1,1,4,455,5.5894
1994,1,1,5,563,5.9780
1994,1,2,1,237,3.1435
1994,1,2,2,167,1.9373
1994,1,2,3,166,1.2007
1994,1,2,4,160,1.5624
1994,1,2,5,172,3.5321
1994,1,3,1,119,3.8656
1994,1,3,2,150,1.0039
1994,1,3,3,173,3.5531
1994,1,3,4,180,3.2697
1994,1,3,5,171,3.3955
1994,2,1,1,1046,-2.2754
1994,2,1,2,456,1.0239
1994,2,1,3,459,0.2560
1994,2,1,4,460,1.6526
1994,2,1,5,585,0.3336
1994,2,2,1,245,-2.1890
1994,2,2,2,172,0.6821
1994,2,2,3,178,1.1623
1994,2,2,4,158,1.5129
1994,2,2,5,175,1.4363
1994,2,3,1,130,0.2074
1994,2,3,2,162,-2.4465
1994,2,3,3,183,-1.8223
1994,2,3,4,188,-2.2475
1994,2,3,5,183,-1.3251
1994,3,1,1,1040,-5.5764
1994,3,1,2,469,-4.3958
1994,3,1,3,465,-4.2177
1994,3,1,4,480,-4.9031
1994,3,1,5,592,-3.9915
1994,3,2,1,251,-6.9458
1994,3,2,2,185,-5.0947
1994,3,2,3,192,-6.2408
1994,3,2,4,163,-3.8313
1994,3,2,5,182,-4.7821
1994,3,3,1,133,-7.1906
1994,3,3,2,166,-4.8317
1994,3,3,3,191,-3.5297
1994,3,3,4,189,-3.2925
1994,3,3,5,191,-4.4036
1994,4,1,1,1015,-2.7890
1994,4,1,2,456,-1.4925
1994,4,1,3,441,-0.3416
1994,4,1,4,458,-1.2034
1994,4,1,5,563,0.8943
1994,4,2,1,250,-1.3118
1994,4,2,2,184,0.9348
1994,4,2,3,191,1.3732
1994,4,2,4,160,-1.0196
1994,4,2,5,181,0.5066
1994,4,3,1,123,-1.1348
1994,4,3,2,160,-0.2028
1994,4,3,3,170,1.5084
1994,4,3,4,171,2.4171
1994,4,3,5,184,0.0320
1994,5,1,1,1205,-0.6667
1994,5,1,2,548,-1.5871
1994,5,1,3,506,-1.2206
1994,5,1,4,512,-0.1623
1994,5,1,5,657,-0.6112
1994,5,2,1,295,-0.0891
1994,5,2,2,228,-2.4770
1994,5,2,3,225,-2.1458
1994,5,2,4,197,-1.9290
1994,5,2,5,207,-2.1622
1994,5,3,1,155,-0.7907
1994,5,3,2,199,1.7681
1994,5,3,3,210,0.2846
1994,5,3,4,206,0.2257
1994,5,3,5,217,2.0468
1994,6,1,1,1238,-5.2397
1994,6,1,2,583,-2.2441
1994,6,1,3,526,-3.9084
1994,6,1,4,512,-3.2262
1994,6,1,5,667,-2.4925
1994,6,2,1,317,-5.3276
1994,6,2,2,233,-1.5642
1994,6,2,3,225,-1.0972
1994,6,2,4,196,-1.9629
1994,6,2,5,208,-3.3982
1994,6,3,1,159,-1.9407
1994,6,3,2,208,-2.6544
1994,6,3,3,218,-4.3967
1994,6,3,4,214,-0.8723
1994,6,3,5,221,-2.9170
1994,7,1,1,1216,1.2301
1994,7,1,2,565,0.7705
1994,7,1,3,501,1.0165
1994,7,1,4,499,1.1114
1994,7,1,5,640,2.5517
1994,7,2,1,309,1.2786
1994,7,2,2,222,2.2319
1994,7,2,3,220,2.0846
1994,7,2,4,195,2.6329
1994,7,2,5,203,1.5234
1994,7,3,1,153,2.8200
1994,7,3,2,203,4.2303
1994,7,3,3,202,3.3108
1994,7,3,4,205,2.8938
1994,7,3,5,217,2.8982
1994,8,1,1,1224,2.2166
1994,8,1,2,585,2.5856
1994,8,1,3,509,4.2294
1994,8,1,4,497,4.4808
1994,8,1,5,659,6.5709
1994,8,2,1,306,7.6421
1994,8,2,2,227,6.1855
1994,8,2,3,214,5.8968
1994,8,2,4,202,6.3808
1994,8,2,5,210,8.3101
1994,8,3,1,158,3.9186
1994,8,3,2,203,4.8894
1994,8,3,3,202,3.2582
1994,8,3,4,209,4.5787
1994,8,3,5,214,7.7586
1994,9,1,1,1235,0.4083
1994,9,1,2,577,2.7743
1994,9,1,3,512,1.2442
1994,9,1,4,498,2.5461
1994,9,1,5,648,3.4128
1994,9,2,1,308,-0.5083
1994,9,2,2,226,-1.1344
1994,9,2,3,213,-0.3974
1994,9,2,4,210,0.2712
1994,9,2,5,200,0.3798
1994,9,3,1,155,-2.7314
1994,9,3,2,205,-1.1565
1994,9,3,3,194,-1.9339
1994,9,3,4,216,-1.4976
1994,9,3,5,216,-0.5619
1994,10,1,1,1144,-1.3884
1994,10,1,2,504,1.5724
1994,10,1,3,421,1.4913
1994,10,1,4,432,1.7510
1994,10,1,5,579,4.9390
1994,10,2,1,270,-1.0883
1994,10,2,2,195,-0.7990
1994,10,2,3,182,0.1386
1994,10,2,4,173,0.6571
1994,10,2,5,171,3.5274
1994,10,3,1,129,1.3840
1994,10,3,2,165,1.7030
1994,10,3,3,148,3.1679
1994,10,3,4,168,2.3952
1994,10,3,5,185,2.9973
1994,11,1,1,1153,-4.5360
1994,11,1,2,486,-2.4389
1994,11,1,3,438,-1.8900
1994,11,1,4,451,-2.6872
1994,11,1,5,578,-1.1602
1994,11,2,1,271,-4.1592
1994,11,2,2,195,-4.4158
1994,11,2,3,196,-4.2994
1994,11,2,4,183,-2.9584
1994,11,2,5,178,-1.1718
1994,11,3,1,130,-3.9833
1994,11,3,2,165,-2.9108
1994,11,3,3,160,-3.8364
1994,11,3,4,174,-3.9248
1994,11,3,5,191,-2.2258
1994,12,1,1,1155,-2.7808
1994,12,1,2,502,-1.0769
1994,12,1,3,454,0.4243
1994,12,1,4,460,1.3026
1994,12,1,5,589,0.9406
1994,12,2,1,258,-0.6917
1994,12,2,2,201,2.6686
1994,12,2,3,194,2.8516
1994,12,2,4,190,2.1414
1994,12,2,5,180,4.6324
1994,12,3,1,132,-2.1289
1994,12,3,2,162,0.2225
1994,12,3,3,163,1.4746
1994,12,3,4,177,1.9006
1994,12,3,5,194,1.6930
1995,1,1,1,1114,1.3146
1995,1,1,2,486,0.4313
1995,1,1,3,437,1.3508
1995,1,1,4,434,0.9871
1995,1,1,5,560,3.2011
1995,1,2,1,253,-3.0034
1995,1,2,2,187,-1.6466
1995,1,2,3,181,-1.3953
1995,1,2,4,187,-2.5596
1995,1,2,5,184,-0.9943
1995,1,3,1,127,1.8566
1995,1,3,2,159,0.1064
1995,1,3,3,158,1.3437
1995,1,3,4,167,1.7065
1995,1,3,5,190,2.1406
1995,2,1,1,1122,1.4761
1995,2,1,2,496,2.8716
1995,2,1,3,432,3.3950
1995,2,1,4,440,3.9838
1995,2,1,5,571,1.8877
1995,2,2,1,250,3.0497
1995,2,2,2,187,3.0203
1995,2,2,3,178,3.3905
1995,2,2,4,181,4.0517
1995,2,2,5,187,5.3134
1995,2,3,1,124,3.0085
1995,2,3,2,162,4.3317
1995,2,3,3,169,4.0508
1995,2,3,4,179,4.1311
1995,2,3,5,197,4.1013
1995,3,1,1,1136,0.6843
1995,3,1,2,512,1.1270
1995,3,1,3,442,0.3360
1995,3,1,4,448,1.8122
1995,3,1,5,577,2.9380
1995,3,2,1,249,1.5669
1995,3,2,2,193,3.8174
1995,3,2,3,189,2.7373
1995,3,2,4,188,0.9452
1995,3,2,5,184,2.8206
1995,3,3,1,136,4.5129
1995,3,3,2,164,1.7772
1995,3,3,3,171,3.1767
1995,3,3,4,186,3.4414
1995,3,3,5,207,4.4790
1995,4,1,1,1111,1.9618
1995,4,1,2,485,3.3230
1995,4,1,3,424,4.6429
1995,4,1,4,398,3.0678
1995,4,1,5,551,5.7121
1995,4,2,1,245,1.9469
1995,4,2,2,195,2.3530
1995,4,2,3,178,3.8894
1995,4,2,4,184,2.1608
1995,4,2,5,175,2.3224
1995,4,3,1,127,-1.8961
1995,4,3,2,151,0.9593
1995,4,3,3,159,1.4501
1995,4,3,4,173,2.0673
1995,4,3,5,205,5.9916
1995,5,1,1,1331,1.9507
1995,5,1,2,620,1.7692
1995,5,1,3,500,1.9355
1995,5,1,4,474,1.2022
1995,5,1,5,675,3.6636
1995,5,2,1,300,0.5918
1995,5,2,2,249,0.2820
1995,5,2,3,222,0.3624
1995,5,2,4,219,0.6353
1995,5,2,5,224,2.4249
1995,5,3,1,155,2.7747
1995,5,3,2,189,3.0852
1995,5,3,3,212,4.0102
1995,5,3,4,226,2.9635
1995,5,3,5,244,3.6434
1995,6,1,1,1341,6.2234
1995,6,1,2,664,3.8911
1995,6,1,3,525,5.7290
1995,6,1,4,500,6.7000
1995,6,1,5,691,8.0959
1995,6,2,1,308,5.8847
1995,6,2,2,259,4.9652
1995,6,2,3,233,4.2623
1995,6,2,4,224,4.3141
1995,6,2,5,225,8.4199
1995,6,3,1,168,4.2030
1995,6,3,2,196,4.2014
1995,6,3,3,220,1.8523
1995,6,3,4,233,2.1589
1995,6,3,5,244,5.2289
1995,7,1,1,1309,6.1374
1995,7,1,2,656,4.6765
1995,7,1,3,503,5.8693
1995,7,1,4,476,4.0211
1995,7,1,5,651,8.4629
1995,7,2,1,305,5.7135
1995,7,2,2,253,4.6631
1995,7,2,3,223,6.6213
1995,7,2,4,216,6.2643
1995,7,2,5,232,9.2315
1995,7,3,1,164,5.2253
1995,7,3,2,197,3.2154
1995,7,3,3,211,4.1090
1995,7,3,4,223,2.3953
1995,7,3,5,240,4.2799
1995,8,1,1,1317,2.6965
1995,8,1,2,671,3.1986
1995,8,1,3,493,4.7336
1995,8,1,4,489,2.8930
1995,8,1,5,654,3.1616
1995,8,2,1,313,-0.2265
1995,8,2,2,253,1.2075
1995,8,2,3,226,1.3138
1995,8,2,4,220,1.1212
1995,8,2,5,238,1.1353
1995,8,3,1,165,-1.5172
1995,8,3,2,197,0.2322
1995,8,3,3,212,-1.0489
1995,8,3,4,234,0.4268
1995,8,3,5,244,0.1621
1995,9,1,1,1314,2.1573
1995,9,1,2,684,1.4108
1995,9,1,3,493,2.1773
1995,9,1,4,486,1.6367
1995,9,1,5,655,3.2748
1995,9,2,1,314,2.2662
1995,9,2,2,268,0.0664
1995,9,2,3,232,1.3302
1995,9,2,4,218,2.1320
1995,9,2,5,240,3.0434
1995,9,3,1,162,-0.2210
1995,9,3,2,205,1.7809
1995,9,3,3,212,1.3192
1995,9,3,4,239,4.7144
1995,9,3,5,245,4.8237
1995,10,1,1,1177,-7.7956
1995,10,1,2,620,-5.9502
1995,10,1,3,415,-4.8171
1995,10,1,4,404,-4.8178
1995,10,1,5,558,-5.6233
1995,10,2,1,293,-9.5562
1995,10,2,2,230,-7.2402
1995,10,2,3,194,-5.3936
1995,10,2,4,190,-5.2372
1995,10,2,5,236,-5.7219
1995,10,3,1,140,-4.5485
1995,10,3,2,169,-4.6527
1995,10,3,3,174,-1.5437
1995,10,3,4,194,-0.1257
1995,10,3,5,207,1.7543
1995,11,1,1,1211,0.5301
1995,11,1,2,639,1.1447
1995,11,1,3,416,0.7278
1995,11,1,4,431,2.3421
1995,11,1,5,545,2.3766
1995,11,2,1,298,5.0579
1995,11,2,2,237,5.5972
1995,11,2,3,204,4.0187
1995,11,2,4,191,3.7498
1995,11,2,5,247,3.8103
1995,11,3,1,136,5.7581
1995,11,3,2,174,5.2271
1995,11,3,3,197,4.8294
1995,11,3,4,205,4.8069
1995,11,3,5,214,2.1565
1995,12,1,1,1203,-0.0763
1995,12,1,2,639,1.4660
1995,12,1,3,415,0.9209
1995,12,1,4,434,0.9380
1995,12,1,5,532,0.2692
1995,12,2,1,305,2.4485
1995,12,2,2,245,1.5713
1995,12,2,3,199,1.8223
1995,12,2,4,191,0.6300
1995,12,2,5,242,1.2546
1995,12,3,1,133,-0.1551
1995,12,3,2,172,-0.0338
1995,12,3,3,202,2.3713
1995,12,3,4,210,1.7338
1995,12,3,5,215,0.1961
1996,1,1,1,1186,2.4252
1996,1,1,2,598,1.9628
1996,1,1,3,416,-0.8243
1996,1,1,4,405,-1.3409
1996,1,1,5,514,1.0704
1996,1,2,1,306,-0.3723
1996,1,2,2,243,-1.3561
1996,1,2,3,195,0.1139
1996,1,2,4,183,-1.1973
1996,1,2,5,236,-0.9258
1996,1,3,1,128,0.7245
1996,1,3,2,166,2.1505
1996,1,3,3,193,2.7754
1996,1,3,4,199,2.4794
1996,1,3,5,213,3.5348
1996,2,1,1,1194,3.9515
1996,2,1,2,611,1.6917
1996,2,1,3,418,3.7782
1996,2,1,4,419,4.5050
1996,2,1,5,527,4.2841
1996,2,2,1,302,3.0774
1996,2,2,2,243,6.4511
1996,2,2,3,205,3.4836
1996,2,2,4,186,4.3584
1996,2,2,5,256,5.4045
1996,2,3,1,130,3.3147
1996,2,3,2,179,2.7088
1996,2,3,3,213,0.9884
1996,2,3,4,207,1.4842
1996,2,3,5,220,1.8064
1996,3,1,1,1220,3.3939
1996,3,1,2,631,3.6933
1996,3,1,3,429,4.5281
1996,3,1,4,437,3.9199
1996,3,1,5,533,2.8108
1996,3,2,1,300,2.2333
1996,3,2,2,253,4.2029
1996,3,2,3,211,2.5877
1996,3,2,4,197,3.9130
1996,3,2,5,256,0.8059
1996,3,3,1,131,0.3250
1996,3,3,2,191,2.5621
1996,3,3,3,222,3.4508
1996,3,3,4,217,1.6327
1996,3,3,5,226,-2.1319
1996,4,1,1,1178,8.3993
1996,4,1,2,599,7.2185
1996,4,1,3,420,8.7634
1996,4,1,4,426,10.3793
1996,4,1,5,498,11.6181
1996,4,2,1,285,7.3211
1996,4,2,2,245,5.7568
1996,4,2,3,202,7.2251
1996,4,2,4,190,5.7324
1996,4,2,5,252,8.3983
1996,4,3,1,124,3.2404
1996,4,3,2,183,2.1611
1996,4,3,3,209,1.4653
1996,4,3,4,206,1.0573
1996,4,3,5,217,4.8002
1996,5,1,1,1427,9.6748
1996,5,1,2,713,7.3316
1996,5,1,3,525,8.3651
1996,5,1,4,516,8.3736
1996,5,1,5,587,9.5739
1996,5,2,1,364,6.4362
1996,5,2,2,280,5.0710
1996,5,2,3,258,4.3653
1996,5,2,4,232,4.9299
1996,5,2,5,292,4.4603
1996,5,3,1,177,3.4277
1996,5,3,2,234,2.4464
1996,5,3,3,256,1.8594
1996,5,3,4,267,2.9450
1996,5,3,5,268,3.7220
1996,6,1,1,1455,-8.2385
1996,6,1,2,727,-4.9543
1996,6,1,3,561,-4.1884
1996,6,1,4,540,-5.5426
1996,6,1,5,605,-5.2003
1996,6,2,1,368,-6.7534
1996,6,2,2,285,-2.9253
1996,6,2,3,275,-2.2053
1996,6,2,4,237,-3.8595
1996,6,2,5,295,-6.7636
1996,6,3,1,192,-4.6897
1996,6,3,2,240,-1.1131
1996,6,3,3,261,-0.3908
1996,6,3,4,271,1.0803
1996,6,3,5,272,-1.0497
1996,7,1,1,1389,-11.6836
1996,7,1,2,688,-7.2680
1996,7,1,3,545,-7.8275
1996,7,1,4,536,-8.0240
1996,7,1,5,590,-8.8984
1996,7,2,1,371,-12.1336
1996,7,2,2,272,-8.3046
1996,7,2,3,263,-8.8038
1996,7,2,4,227,-8.1729
1996,7,2,5,289,-8.7859
1996,7,3,1,184,-7.4771
1996,7,3,2,224,-7.1416
1996,7,3,3,249,-5.1445
1996,7,3,4,260,-3.8835
1996,7,3,5,262,-4.7022
1996,8,1,1,1421,2.8838
1996,8,1,2,707,4.0731
1996,8,1,3,563,4.1477
1996,8,1,4,529,4.5324
1996,8,1,5,601,4.8896
1996,8,2,1,380,6.4468
1996,8,2,2,266,6.6799
1996,8,2,3,260,4.3587
1996,8,2,4,238,6.2697
1996,8,2,5,298,6.3040
1996,8,3,1,186,5.0328
1996,8,3,2,223,4.6705
1996,8,3,3,247,1.8857
1996,8,3,4,250,2.1005
1996,8,3,5,260,2.0951
1996,9,1,1,1413,1.4096
1996,9,1,2,704,1.6680
1996,9,1,3,563,2.2417
1996,9,1,4,535,3.5658
1996,9,1,5,596,3.9960
1996,9,2,1,380,2.3982
1996,9,2,2,255,2.6033
1996,9,2,3,258,2.8687
1996,9,2,4,244,5.1217
1996,9,2,5,293,5.4796
1996,9,3,1,189,6.3152
1996,9,3,2,222,3.4819
1996,9,3,3,251,5.1830
1996,9,3,4,247,5.5784
1996,9,3,5,263,7.4327
1996,10,1,1,1289,-5.8794
1996,10,1,2,589,0.3665
1996,10,1,3,492,-0.1021
1996,10,1,4,446,0.6127
1996,10,1,5,487,-0.4604
1996,10,2,1,341,-4.4190
1996,10,2,2,205,-1.2244
1996,10,2,3,223,-0.5367
1996,10,2,4,200,-0.5884
1996,10,2,5,251,-0.9017
1996,10,3,1,170,-3.4765
1996,10,3,2,175,1.7790
1996,10,3,3,177,2.2149
1996,10,3,4,192,0.8098
1996,10,3,5,211,0.9697
1996,11,1,1,1317,0.6580
1996,11,1,2,581,2.6512
1996,11,1,3,500,3.5443
1996,11,1,4,450,4.7493
1996,11,1,5,505,4.5631
1996,11,2,1,343,1.1872
1996,11,2,2,210,3.4776
1996,11,2,3,230,2.3245
1996,11,2,4,199,5.9817
1996,11,2,5,254,5.6119
1996,11,3,1,168,4.3553
1996,11,3,2,186,3.9901
1996,11,3,3,177,6.0465
1996,11,3,4,202,6.8673
1996,11,3,5,227,9.6050
1996,12,1,1,1311,-1.2154
1996,12,1,2,592,1.9952
1996,12,1,3,515,2.1253
1996,12,1,4,464,2.6279
1996,12,1,5,507,1.9274
1996,12,2,1,338,1.5858
1996,12,2,2,211,1.5423
1996,12,2,3,231,1.6764
1996,12,2,4,197,2.6632
1996,12,2,5,248,1.2810
1996,12,3,1,167,-2.5566
1996,12,3,2,188,-2.2370
1996,12,3,3,177,-1.1564
1996,12,3,4,203,-0.6129
1996,12,3,5,226,-1.4665
1997,1,1,1,1272,6.7424
1997,1,1,2,556,5.1200
1997,1,1,3,500,4.5478
1997,1,1,4,430,3.2803
1997,1,1,5,476,4.0995
1997,1,2,1,326,2.4228
1997,1,2,2,205,1.5171
1997,1,2,3,222,2.5875
1997,1,2,4,188,4.5621
1997,1,2,5,234,3.5664
1997,1,3,1,168,2.8211
1997,1,3,2,178,4.0115
1997,1,3,3,176,4.0803
1997,1,3,4,188,5.9365
1997,1,3,5,219,8.9006
1997,2,1,1,1283,-3.6361
1997,2,1,2,562,-3.1360
1997,2,1,3,515,-1.5356
1997,2,1,4,428,-2.3499
1997,2,1,5,498,-3.3034
1997,2,2,1,324,-5.6186
1997,2,2,2,211,-3.1101
1997,2,2,3,225,-2.6000
1997,2,2,4,208,-2.1703
1997,2,2,5,245,-4.2721
1997,2,3,1,175,-1.8459
1997,2,3,2,193,0.7148
1997,2,3,3,189,-1.0032
1997,2,3,4,199,2.5302
1997,2,3,5,230,-2.6200
1997,3,1,1,1291,-6.8573
1997,3,1,2,569,-4.2032
1997,3,1,3,538,-3.4975
1997,3,1,4,446,-1.7920
1997,3,1,5,507,-3.8074
1997,3,2,1,331,-7.2229
1997,3,2,2,209,-2.6492
1997,3,2,3,231,-2.8795
1997,3,2,4,206,-3.8615
1997,3,2,5,243,-5.3741
1997,3,3,1,177,-6.2038
1997,3,3,2,195,-0.9123
1997,3,3,3,191,0.2982
1997,3,3,4,208,-5.6780
1997,3,3,5,227,-5.2397
1997,4,1,1,1248,-4.5840
1997,4,1,2,545,-3.3711
1997,4,1,3,501,-4.6620
1997,4,1,4,405,-1.9999
1997,4,1,5,488,-3.3147
1997,4,2,1,318,-0.6422
1997,4,2,2,204,0.3507
1997,4,2,3,218,1.9387
1997,4,2,4,191,-0.2307
1997,4,2,5,228,0.2036
1997,4,3,1,166,0.9657
1997,4,3,2,181,3.0315
1997,4,3,3,188,2.7170
1997,4,3,4,192,6.4968
1997,4,3,5,212,7.6147
1997,5,1,1,1484,9.7720
1997,5,1,2,671,10.2445
1997,5,1,3,597,10.9544
1997,5,1,4,499,10.1495
1997,5,1,5,661,12.5947
1997,5,2,1,385,16.6845
1997,5,2,2,256,12.8426
1997,5,2,3,247,11.7831
1997,5,2,4,236,12.6570
1997,5,2,5,270,14.0934
1997,5,3,1,201,10.2420
1997,5,3,2,245,7.7531
1997,5,3,3,256,5.6556
1997,5,3,4,256,6.8883
1997,5,3,5,261,6.6958
1997,6,1,1,1518,3.5431
1997,6,1,2,691,4.3531
1997,6,1,3,630,5.5957
1997,6,1,4,519,5.5616
1997,6,1,5,667,3.9581
1997,6,2,1,386,4.6336
1997,6,2,2,258,5.3142
1997,6,2,3,248,4.0976
1997,6,2,4,238,5.3489
1997,6,2,5,283,4.6476
1997,6,3,1,219,2.9870
1997,6,3,2,262,5.3660
1997,6,3,3,264,2.4974
1997,6,3,4,263,4.6276
1997,6,3,5,266,3.9290
1997,7,1,1,1459,5.2800
1997,7,1,2,667,7.4905
1997,7,1,3,603,7.3948
1997,7,1,4,510,4.9216
1997,7,1,5,630,5.8221
1997,7,2,1,372,5.1474
1997,7,2,2,246,5.5332
1997,7,2,3,223,5.9804
1997,7,2,4,225,5.3020
1997,7,2,5,268,7.8097
1997,7,3,1,219,9.1659
1997,7,3,2,251,8.2856
1997,7,3,3,253,6.9392
1997,7,3,4,256,6.0336
1997,7,3,5,254,9.5435
1997,8,1,1,1472,4.5281
1997,8,1,2,675,4.2619
1997,8,1,3,596,6.3108
1997,8,1,4,531,5.1705
1997,8,1,5,653,6.6119
1997,8,2,1,383,3.4563
1997,8,2,2,251,3.3477
1997,8,2,3,224,2.5812
1997,8,2,4,217,4.0382
1997,8,2,5,268,5.0117
1997,8,3,1,226,-1.7341
1997,8,3,2,263,-3.2055
1997,8,3,3,260,-4.7989
1997,8,3,4,269,-5.8371
1997,8,3,5,254,-3.2442
1997,9,1,1,1468,10.3958
1997,9,1,2,679,7.0934
1997,9,1,3,593,7.7067
1997,9,1,4,529,8.1910
1997,9,1,5,661,8.0132
1997,9,2,1,369,8.4420
1997,9,2,2,242,7.0584
1997,9,2,3,219,7.0801
1997,9,2,4,218,5.5106
1997,9,2,5,261,4.8429
1997,9,3,1,223,6.7279
1997,9,3,2,257,4.5097
1997,9,3,3,257,5.2353
1997,9,3,4,267,4.4236
1997,9,3,5,254,3.9315
1997,10,1,1,1308,-3.9108
1997,10,1,2,561,-4.3025
1997,10,1,3,467,-3.6189
1997,10,1,4,458,-2.7754
1997,10,1,5,578,-4.4603
1997,10,2,1,324,-5.1024
1997,10,2,2,199,-4.7362
1997,10,2,3,175,-4.1554
1997,10,2,4,175,-6.0756
1997,10,2,5,223,-6.5100
1997,10,3,1,199,-1.7916
1997,10,3,2,219,-3.9051
1997,10,3,3,210,-4.5738
1997,10,3,4,203,-3.7760
1997,10,3,5,202,-4.4436
1997,11,1,1,1333,-5.0859
1997,11,1,2,566,-2.3319
1997,11,1,3,461,-1.4118
1997,11,1,4,466,-0.7830
1997,11,1,5,589,-0.7208
1997,11,2,1,325,-3.9192
1997,11,2,2,198,-2.0142
1997,11,2,3,177,-1.6320
1997,11,2,4,183,-0.3283
1997,11,2,5,229,-1.8911
1997,11,3,1,199,-0.0560
1997,11,3,2,210,1.0951
1997,11,3,3,208,4.2018
1997,11,3,4,207,4.3754
1997,11,3,5,208,4.2749
1997,12,1,1,1344,-5.0385
1997,12,1,2,573,-2.9068
1997,12,1,3,464,-1.9042
1997,12,1,4,475,-3.2920
1997,12,1,5,588,-4.4890
1997,12,2,1,331,-0.1379
1997,12,2,2,195,-0.1647
1997,12,2,3,172,0.3232
1997,12,2,4,186,-0.1057
1997,12,2,5,225,-2.5399
1997,12,3,1,203,2.7715
1997,12,3,2,206,1.0289
1997,12,3,3,209,1.5994
1997,12,3,4,208,1.5797
1997,12,3,5,209,-2.2531
1998,1,1,1,1295,0.0998
1998,1,1,2,551,0.3019
1998,1,1,3,431,-0.1819
1998,1,1,4,456,0.8865
1998,1,1,5,562,0.5307
1998,1,2,1,318,-0.3964
1998,1,2,2,188,-1.3950
1998,1,2,3,169,-1.4526
1998,1,2,4,183,-0.6311
1998,1,2,5,213,-1.3157
1998,1,3,1,206,-1.5273
1998,1,3,2,197,-0.4828
1998,1,3,3,198,-0.1819
1998,1,3,4,199,-0.0184
1998,1,3,5,197,6.3108
1998,2,1,1,1313,6.1576
1998,2,1,2,588,5.1181
1998,2,1,3,446,6.5221
1998,2,1,4,451,6.1766
1998,2,1,5,585,6.8254
1998,2,2,1,326,9.5582
1998,2,2,2,193,8.1238
1998,2,2,3,188,6.9780
1998,2,2,4,188,8.5135
1998,2,2,5,219,9.7899
1998,2,3,1,205,8.3677
1998,2,3,2,203,8.7993
1998,2,3,3,213,7.4758
1998,2,3,4,208,5.9622
1998,2,3,5,210,8.3627
1998,3,1,1,1303,4.7735
1998,3,1,2,597,4.2795
1998,3,1,3,453,4.1886
1998,3,1,4,476,5.5780
1998,3,1,5,600,3.9377
1998,3,2,1,334,3.7155
1998,3,2,2,191,3.8554
1998,3,2,3,194,4.1861
1998,3,2,4,188,4.8144
1998,3,2,5,222,2.2890
1998,3,3,1,212,6.5535
1998,3,3,2,209,4.2284
1998,3,3,3,219,6.3943
1998,3,3,4,213,4.1544
1998,3,3,5,209,1.6314
1998,4,1,1,1232,1.9054
1998,4,1,2,578,2.7071
1998,4,1,3,432,2.5666
1998,4,1,4,430,3.3350
1998,4,1,5,578,3.4103
1998,4,2,1,323,-1.2655
1998,4,2,2,181,0.9328
1998,4,2,3,184,0.4994
1998,4,2,4,181,1.4520
1998,4,2,5,209,2.4357
1998,4,3,1,208,1.8421
1998,4,3,2,196,-1.0327
1998,4,3,3,202,0.2636
1998,4,3,4,201,1.5932
1998,4,3,5,199,2.4679
1998,5,1,1,1577,-6.3307
1998,5,1,2,700,-4.7589
1998,5,1,3,561,-4.5791
1998,5,1,4,515,-4.9205
1998,5,1,5,724,-5.3348
1998,5,2,1,411,-6.8572
1998,5,2,2,242,-6.3520
1998,5,2,3,236,-5.4090
1998,5,2,4,233,-4.7517
1998,5,2,5,255,-6.7218
1998,5,3,1,251,-4.6467
1998,5,3,2,256,-2.0984
1998,5,3,3,248,-0.8111
1998,5,3,4,253,-1.4507
1998,5,3,5,253,-3.1190
1998,6,1,1,1573,-4.2072
1998,6,1,2,737,-2.7664
1998,6,1,3,584,-0.9421
1998,6,1,4,534,-1.4225
1998,6,1,5,737,-2.1793
1998,6,2,1,417,1.0611
1998,6,2,2,251,-1.7242
1998,6,2,3,239,-1.7241
1998,6,2,4,232,-1.7818
1998,6,2,5,262,-3.2599
1998,6,3,1,252,3.5901
1998,6,3,2,261,1.3882
1998,6,3,3,244,3.8080
1998,6,3,4,257,2.5562
1998,6,3,5,259,6.5898
1998,7,1,1,1474,-7.8507
1998,7,1,2,695,-7.8082
1998,7,1,3,568,-7.5001
1998,7,1,4,499,-7.0668
1998,7,1,5,704,-6.5797
1998,7,2,1,404,-9.8853
1998,7,2,2,247,-9.0791
1998,7,2,3,232,-7.6521
1998,7,2,4,219,-9.4950
1998,7,2,5,257,-7.0562
1998,7,3,1,246,-4.8108
1998,7,3,2,248,-4.6938
1998,7,3,3,236,-3.6822
1998,7,3,4,252,-1.1376
1998,7,3,5,253,2.1242
1998,8,1,1,1500,-25.8018
1998,8,1,2,698,-18.8507
1998,8,1,3,577,-17.6338
1998,8,1,4,505,-17.6952
1998,8,1,5,703,-18.8754
1998,8,2,1,409,-24.9979
1998,8,2,2,258,-21.2227
1998,8,2,3,244,-17.6802
1998,8,2,4,232,-16.8470
1998,8,2,5,267,-18.5003
1998,8,3,1,249,-19.0930
1998,8,3,2,252,-18.2967
1998,8,3,3,249,-12.4657
1998,8,3,4,257,-11.6337
1998,8,3,5,262,-13.4077
1998,9,1,1,1504,4.8125
1998,9,1,2,707,3.5196
1998,9,1,3,589,1.8456
1998,9,1,4,509,2.3045
1998,9,1,5,706,3.8329
1998,9,2,1,398,9.3317
1998,9,2,2,259,6.8973
1998,9,2,3,249,6.5615
1998,9,2,4,234,4.8002
1998,9,2,5,265,6.7373
1998,9,3,1,253,8.6490
1998,9,3,2,259,6.6987
1998,9,3,3,246,2.9229
1998,9,3,4,257,8.0538
1998,9,3,5,251,12.2780
1998,10,1,1,1340,3.0260
1998,10,1,2,579,3.3877
1998,10,1,3,486,3.1304
1998,10,1,4,411,4.6258
1998,10,1,5,584,3.0553
1998,10,2,1,357,6.1475
1998,10,2,2,235,4.7854
1998,10,2,3,218,5.6401
1998,10,2,4,199,4.4237
1998,10,2,5,226,6.3166
1998,10,3,1,214,8.1314
1998,10,3,2,211,8.4155
1998,10,3,3,189,10.0120
1998,10,3,4,210,6.8115
1998,10,3,5,230,5.7928
1998,11,1,1,1352,9.9795
1998,11,1,2,585,8.8632
1998,11,1,3,493,6.2857
1998,11,1,4,411,6.2340
1998,11,1,5,594,10.9195
1998,11,2,1,364,5.8145
1998,11,2,2,231,5.6296
1998,11,2,3,219,5.8257
1998,11,2,4,194,5.5024
1998,11,2,5,225,8.1871
1998,11,3,1,217,7.3511
1998,11,3,2,212,6.0744
1998,11,3,3,193,4.8666
1998,11,3,4,216,5.7077
1998,11,3,5,232,8.5296
1998,12,1,1,1342,1.2868
1998,12,1,2,583,-0.5174
1998,12,1,3,499,2.1742
1998,12,1,4,426,0.7851
1998,12,1,5,595,3.3140
1998,12,2,1,363,6.9341
1998,12,2,2,231,2.0320
1998,12,2,3,226,4.4354
1998,12,2,4,197,4.4345
1998,12,2,5,231,6.0290
1998,12,3,1,212,15.5488
1998,12,3,2,213,6.7985
1998,12,3,3,198,2.3505
1998,12,3,4,215,5.6648
1998,12,3,5,234,9.4717
1999,1,1,1,1281,8.1211
1999,1,1,2,549,3.8575
1999,1,1,3,463,4.5211
1999,1,1,4,409,4.7504
1999,1,1,5,561,6.4429
1999,1,2,1,358,1.5823
1999,1,2,2,220,0.6461
1999,1,2,3,205,0.9268
1999,1,2,4,191,-1.1141
1999,1,2,5,222,1.7336
1999,1,3,1,209,8.1368
1999,1,3,2,206,3.1839
1999,1,3,3,190,-2.0321
1999,1,3,4,207,3.1937
1999,1,3,5,224,9.4328
1999,2,1,1,1265,-8.0030
1999,2,1,2,529,-6.7561
1999,2,1,3,465,-8.3256
1999,2,1,4,413,-6.5464
1999,2,1,5,571,-6.6466
1999,2,2,1,360,-10.9471
1999,2,2,2,222,-9.4264
1999,2,2,3,207,-9.8822
1999,2,2,4,194,-8.0018
1999,2,2,5,239,-8.4592
1999,2,3,1,214,-3.4036
1999,2,3,2,219,-2.4924
1999,2,3,3,204,-1.6146
1999,2,3,4,217,-2.0178
1999,2,3,5,236,-8.8761
1999,3,1,1,1242,-2.3114
1999,3,1,2,541,-2.0520
1999,3,1,3,469,-5.8976
1999,3,1,4,428,-1.5662
1999,3,1,5,567,-4.7721
1999,3,2,1,362,-1.7124
1999,3,2,2,223,1.1288
1999,3,2,3,216,-0.1141
1999,3,2,4,193,0.5269
1999,3,2,5,238,0.5283
1999,3,3,1,219,7.4430
1999,3,3,2,223,5.5378
1999,3,3,3,207,4.7379
1999,3,3,4,221,1.9809
1999,3,3,5,244,4.4355
1999,4,1,1,1193,11.7066
1999,4,1,2,499,10.2732
1999,4,1,3,435,11.5039
1999,4,1,4,393,11.8558
1999,4,1,5,521,9.1723
1999,4,2,1,359,9.7961
1999,4,2,2,207,11.4835
1999,4,2,3,205,8.1899
1999,4,2,4,194,13.3223
1999,4,2,5,234,7.9241
1999,4,3,1,202,-0.3812
1999,4,3,2,208,3.8111
1999,4,3,3,196,9.3982
1999,4,3,4,201,2.5697
1999,4,3,5,237,1.4187
1999,5,1,1,1406,2.9860
1999,5,1,2,621,5.2471
1999,5,1,3,545,5.5160
1999,5,1,4,514,5.3544
1999,5,1,5,643,7.2997
1999,5,2,1,416,4.1221
1999,5,2,2,277,5.0133
1999,5,2,3,248,3.3903
1999,5,2,4,254,3.7415
1999,5,2,5,290,4.9816
1999,5,3,1,247,-2.1468
1999,5,3,2,264,-1.8827
1999,5,3,3,263,-2.7570
1999,5,3,4,259,-0.4478
1999,5,3,5,281,-1.5087
1999,6,1,1,1402,3.8627
1999,6,1,2,656,4.8772
1999,6,1,3,561,3.4854
1999,6,1,4,529,3.1923
1999,6,1,5,641,7.9517
1999,6,2,1,420,4.7711
1999,6,2,2,287,6.7814
1999,6,2,3,255,8.8857
1999,6,2,4,265,5.4087
1999,6,2,5,288,10.9175
1999,6,3,1,250,4.9609
1999,6,3,2,275,3.1392
1999,6,3,3,272,2.6130
1999,6,3,4,268,4.3512
1999,6,3,5,285,10.0264
1999,7,1,1,1313,0.0074
1999,7,1,2,617,0.8453
1999,7,1,3,543,1.1950
1999,7,1,4,505,0.5327
1999,7,1,5,605,3.0700
1999,7,2,1,408,-5.0347
1999,7,2,2,273,-1.8663
1999,7,2,3,243,-0.4869
1999,7,2,4,258,-1.5374
1999,7,2,5,284,0.4381
1999,7,3,1,230,-3.9822
1999,7,3,2,257,-1.3000
1999,7,3,3,258,-3.3918
1999,7,3,4,259,-3.6319
1999,7,3,5,278,-1.0803
1999,8,1,1,1320,-3.4323
1999,8,1,2,634,-2.7639
1999,8,1,3,545,-1.8577
1999,8,1,4,490,-3.4721
1999,8,1,5,621,-0.5768
1999,8,2,1,398,-4.2747
1999,8,2,2,262,-3.0521
1999,8,2,3,249,-1.4065
1999,8,2,4,260,-2.6795
1999,8,2,5,277,-0.3441
1999,8,3,1,227,-4.7599
1999,8,3,2,259,-1.7715
1999,8,3,3,261,-2.1912
1999,8,3,4,262,-0.7887
1999,8,3,5,288,4.2933
1999,9,1,1,1318,-1.5699
1999,9,1,2,632,-2.9294
1999,9,1,3,559,-2.1906
1999,9,1,4,489,-0.2751
1999,9,1,5,615,0.2043
1999,9,2,1,386,-1.0449
1999,9,2,2,259,-0.7066
1999,9,2,3,241,0.3167
1999,9,2,4,259,0.8634
1999,9,2,5,274,1.8050
1999,9,3,1,219,1.9497
1999,9,3,2,258,-2.7725
1999,9,3,3,266,-3.9530
1999,9,3,4,263,-1.9755
1999,9,3,5,280,-3.6250
1999,10,1,1,1148,-2.8531
1999,10,1,2,540,-2.0193
1999,10,1,3,474,-3.9273
1999,10,1,4,398,-3.4932
1999,10,1,5,529,1.3384
1999,10,2,1,327,-2.5939
1999,10,2,2,216,-3.9119
1999,10,2,3,198,-1.7269
1999,10,2,4,216,-2.0073
1999,10,2,5,247,1.8433
1999,10,3,1,186,6.6439
1999,10,3,2,204,5.3674
1999,10,3,3,211,0.3925
1999,10,3,4,222,5.0951
1999,10,3,5,236,5.7814
1999,11,1,1,1156,14.5740
1999,11,1,2,559,9.3918
1999,11,1,3,465,7.9827
1999,11,1,4,407,5.7687
1999,11,1,5,546,17.4293
1999,11,2,1,331,12.1318
1999,11,2,2,217,5.7434
1999,11,2,3,208,6.8415
1999,11,2,4,217,5.9769
1999,11,2,5,265,10.2784
1999,11,3,1,190,2.8377
1999,11,3,2,199,5.4014
1999,11,3,3,212,3.7411
1999,11,3,4,238,1.5760
1999,11,3,5,252,7.6976
1999,12,1,1,1160,13.5759
1999,12,1,2,569,7.5683
1999,12,1,3,453,7.4825
1999,12,1,4,418,7.6075
1999,12,1,5,539,18.5048
1999,12,2,1,343,11.7538
1999,12,2,2,221,9.4052
1999,12,2,3,201,8.5450
1999,12,2,4,218,8.1712
1999,12,2,5,272,13.2146
1999,12,3,1,200,15.2550
1999,12,3,2,202,7.4562
1999,12,3,3,207,4.6431
1999,12,3,4,240,3.7077
1999,12,3,5,265,10.2213
2000,1,1,1,1112,9.2379
2000,1,1,2,553,5.3426
2000,1,1,3,421,4.4069
2000,1,1,4,393,5.6652
2000,1,1,5,519,6.0981
2000,1,2,1,360,-3.1008
2000,1,2,2,215,-2.2305
2000,1,2,3,198,-0.8518
2000,1,2,4,216,-1.5191
2000,1,2,5,281,-3.0571
2000,1,3,1,195,-8.3729
2000,1,3,2,209,-8.2580
2000,1,3,3,206,-5.9732
2000,1,3,4,225,-3.2309
2000,1,3,5,281,-3.1623
2000,2,1,1,1120,24.1497
2000,2,1,2,561,14.4192
2000,2,1,3,420,14.6509
2000,2,1,4,407,18.3187
2000,2,1,5,523,23.7664
2000,2,2,1,389,20.5247
2000,2,2,2,220,9.3126
2000,2,2,3,201,11.6133
2000,2,2,4,223,7.7170
2000,2,2,5,288,15.9743
2000,2,3,1,202,5.1983
2000,2,3,2,210,-1.5892
2000,2,3,3,225,-3.8416
2000,2,3,4,248,-1.7670
2000,2,3,5,287,7.6703
2000,3,1,1,1108,-6.1071
2000,3,1,2,550,-1.2726
2000,3,1,3,429,-0.2070
2000,3,1,4,391,-0.7752
2000,3,1,5,512,-2.7444
2000,3,2,1,414,-6.8895
2000,3,2,2,230,3.5403
2000,3,2,3,221,1.4168
2000,3,2,4,229,1.6865
2000,3,2,5,288,-1.9926
2000,3,3,1,229,3.4653
2000,3,3,2,217,8.6889
2000,3,3,3,235,11.4497
2000,3,3,4,260,8.6015
2000,3,3,5,309,5.3789
2000,4,1,1,1067,-19.5342
2000,4,1,2,539,-9.6421
2000,4,1,3,391,-9.8846
2000,4,1,4,374,-7.4954
2000,4,1,5,472,-14.2657
2000,4,2,1,405,-15.1544
2000,4,2,2,227,-4.9274
2000,4,2,3,215,0.4477
2000,4,2,4,227,-1.7633
2000,4,2,5,287,-5.4740
2000,4,3,1,218,-8.8009
2000,4,3,2,205,-3.4409
2000,4,3,3,225,-1.9218
2000,4,3,4,250,-1.6496
2000,4,3,5,299,-5.3926
2000,5,1,1,1272,-11.8075
2000,5,1,2,641,-5.6931
2000,5,1,3,485,-3.2153
2000,5,1,4,447,-4.2126
2000,5,1,5,564,-7.2050
2000,5,2,1,466,-7.2470
2000,5,2,2,287,-4.1862
2000,5,2,3,270,-2.5705
2000,5,2,4,268,-2.9177
2000,5,2,5,326,-6.2197
2000,5,3,1,294,-7.2015
2000,5,3,2,256,-2.9447
2000,5,3,3,272,-1.0982
2000,5,3,4,303,-4.5916
2000,5,3,5,347,-5.7836
2000,6,1,1,1277,8.2610
2000,6,1,2,658,5.7753
2000,6,1,3,497,11.0549
2000,6,1,4,460,7.7818
2000,6,1,5,564,11.3888
2000,6,2,1,468,14.8632
2000,6,2,2,289,6.3502
2000,6,2,3,266,6.6215
2000,6,2,4,268,6.5429
2000,6,2,5,323,11.8806
2000,6,3,1,298,8.0428
2000,6,3,2,259,-0.2058
2000,6,3,3,270,0.4156
2000,6,3,4,297,5.6446
2000,6,3,5,343,8.0867
2000,7,1,1,1203,-3.5811
2000,7,1,2,623,-0.6525
2000,7,1,3,461,-1.4707
2000,7,1,4,439,-0.1950
2000,7,1,5,519,-2.6173
2000,7,2,1,435,-6.6211
2000,7,2,2,279,-4.3831
2000,7,2,3,251,-0.4233
2000,7,2,4,262,-1.3178
2000,7,2,5,319,-3.9085
2000,7,3,1,289,-5.2136
2000,7,3,2,243,-6.2226
2000,7,3,3,258,0.2423
2000,7,3,4,284,-2.3484
2000,7,3,5,320,-4.1363
2000,8,1,1,1211,6.1340
2000,8,1,2,614,6.4979
2000,8,1,3,455,8.3099
2000,8,1,4,425,6.7751
2000,8,1,5,516,9.6326
2000,8,2,1,425,8.5765
2000,8,2,2,276,7.1961
2000,8,2,3,249,6.9256
2000,8,2,4,258,7.4267
2000,8,2,5,315,8.8386
2000,8,3,1,299,9.1247
2000,8,3,2,244,2.8251
2000,8,3,3,246,4.0900
2000,8,3,4,271,9.1710
2000,8,3,5,310,6.4611
2000,9,1,1,1187,-6.4138
2000,9,1,2,603,-1.6620
2000,9,1,3,438,-0.9122
2000,9,1,4,403,-3.3196
2000,9,1,5,505,-1.8970
2000,9,2,1,418,-7.1647
2000,9,2,2,271,-2.7276
2000,9,2,3,242,-2.9475
2000,9,2,4,246,-3.4999
2000,9,2,5,312,-1.6151
2000,9,3,1,290,-5.6641
2000,9,3,2,230,-8.3982
2000,9,3,3,237,-0.2987
2000,9,3,4,254,-9.7665
2000,9,3,5,301,-10.3296
2000,10,1,1,1013,-11.3049
2000,10,1,2,465,-9.9142
2000,10,1,3,359,-5.1259
2000,10,1,4,324,-4.8711
2000,10,1,5,428,-4.4529
2000,10,2,1,336,-8.9099
2000,10,2,2,231,-0.2398
2000,10,2,3,197,-1.0916
2000,10,2,4,188,-4.1412
2000,10,2,5,256,-2.0264
2000,10,3,1,246,-6.2874
2000,10,3,2,176,-7.8882
2000,10,3,3,178,-1.4929
2000,10,3,4,188,-1.7633
2000,10,3,5,234,1.6396
2000,11,1,1,1016,-16.3189
2000,11,1,2,444,-10.0984
2000,11,1,3,343,-8.6878
2000,11,1,4,320,-6.1786
2000,11,1,5,423,-9.6163
2000,11,2,1,337,-17.8508
2000,11,2,2,223,-8.3983
2000,11,2,3,187,-6.8362
2000,11,2,4,185,-4.5561
2000,11,2,5,255,-4.7517
2000,11,3,1,245,-17.3087
2000,11,3,2,172,-9.5537
2000,11,3,3,182,-5.8952
2000,11,3,4,184,-10.9127
2000,11,3,5,233,-7.9033
2000,12,1,1,1016,-6.3430
2000,12,1,2,438,-2.0587
2000,12,1,3,341,0.7337
2000,12,1,4,322,0.5680
2000,12,1,5,428,-2.0188
2000,12,2,1,341,3.8280
2000,12,2,2,222,10.5536
2000,12,2,3,194,9.7660
2000,12,2,4,187,9.1462
2000,12,2,5,258,7.5237
2000,12,3,1,246,0.0824
2000,12,3,2,175,2.5415
2000,12,3,3,179,3.4070
2000,12,3,4,183,-0.4597
2000,12,3,5,233,-2.7290
2001,1,1,1,1003,30.7534
2001,1,1,2,432,19.3155
2001,1,1,3,344,14.0737
2001,1,1,4,312,15.1752
2001,1,1,5,410,19.4899
2001,1,2,1,340,17.3508
2001,1,2,2,214,7.0850
2001,1,2,3,191,5.3634
2001,1,2,4,184,6.6855
2001,1,2,5,250,12.1453
2001,1,3,1,240,8.9168
2001,1,3,2,160,12.4705
2001,1,3,3,180,1.4744
2001,1,3,4,181,8.7683
2001,1,3,5,217,2.0171
2001,2,1,1,1013,-10.7015
2001,2,1,2,438,-3.4341
2001,2,1,3,346,-2.5054
2001,2,1,4,332,-2.3390
2001,2,1,5,419,-4.7919
2001,2,2,1,346,-13.0264
2001,2,2,2,218,-3.2494
2001,2,2,3,191,-3.4433
2001,2,2,4,187,-3.3229
2001,2,2,5,243,-5.1940
2001,2,3,1,241,-15.3967
2001,2,3,2,172,-11.0470
2001,2,3,3,187,-10.3102
2001,2,3,4,183,-13.1354
2001,2,3,5,219,-8.7457
2001,3,1,1,1012,-8.7839
2001,3,1,2,440,-5.4791
2001,3,1,3,346,-1.3943
2001,3,1,4,337,-0.6740
2001,3,1,5,426,-3.6803
2001,3,2,1,359,-8.0585
2001,3,2,2,219,-2.2042
2001,3,2,3,192,-1.6785
2001,3,2,4,190,-4.9257
2001,3,2,5,238,-3.1059
2001,3,3,1,230,-9.9832
2001,3,3,2,171,-3.7825
2001,3,3,3,190,-9.1431
2001,3,3,4,183,-7.4648
2001,3,3,5,216,-7.5647
2001,4,1,1,984,4.9500
2001,4,1,2,419,6.6078
2001,4,1,3,339,4.9854
2001,4,1,4,333,5.8650
2001,4,1,5,413,7.8389
2001,4,2,1,336,12.3984
2001,4,2,2,212,8.2653
2001,4,2,3,184,7.1739
2001,4,2,4,178,7.5280
2001,4,2,5,221,7.4576
2001,4,3,1,219,14.1637
2001,4,3,2,162,8.2685
2001,4,3,3,178,6.5415
2001,4,3,4,174,13.3451
2001,4,3,5,205,5.8464
2001,5,1,1,1299,9.4956
2001,5,1,2,518,10.2173
2001,5,1,3,439,8.9673
2001,5,1,4,422,12.3199
2001,5,1,5,518,12.1490
2001,5,2,1,414,5.6671
2001,5,2,2,255,3.1702
2001,5,2,3,227,4.3256
2001,5,2,4,232,2.4799
2001,5,2,5,251,3.4669
2001,5,3,1,265,-1.1734
2001,5,3,2,212,0.9191
2001,5,3,3,226,1.8756
2001,5,3,4,221,-0.8350
2001,5,3,5,224,-0.1467
2001,6,1,1,1290,0.8349
2001,6,1,2,528,1.2274
2001,6,1,3,442,1.6511
2001,6,1,4,434,1.6495
2001,6,1,5,514,5.1961
2001,6,2,1,418,4.4388
2001,6,2,2,259,5.2869
2001,6,2,3,233,3.6930
2001,6,2,4,236,4.0661
2001,6,2,5,251,5.6249
2001,6,3,1,268,-4.4890
2001,6,3,2,219,-3.8289
2001,6,3,3,230,-4.3402
2001,6,3,4,225,0.5943
2001,6,3,5,222,-3.0206
2001,7,1,1,1237,-5.4209
2001,7,1,2,500,0.3328
2001,7,1,3,420,1.2781
2001,7,1,4,405,-0.9705
2001,7,1,5,466,0.8706
2001,7,2,1,422,-8.1195
2001,7,2,2,255,-4.3237
2001,7,2,3,226,-2.2780
2001,7,2,4,217,-2.9577
2001,7,2,5,241,-4.2368
2001,7,3,1,260,-8.8124
2001,7,3,2,209,3.3099
2001,7,3,3,221,-0.0805
2001,7,3,4,219,-3.1247
2001,7,3,5,220,2.6249
2001,8,1,1,1243,-4.9882
2001,8,1,2,494,-2.5428
2001,8,1,3,419,-0.8316
2001,8,1,4,414,-0.2518
2001,8,1,5,472,-1.9550
2001,8,2,1,415,-7.2941
2001,8,2,2,244,-2.4331
2001,8,2,3,225,-2.4789
2001,8,2,4,219,-0.4597
2001,8,2,5,239,-1.5206
2001,8,3,1,249,-11.1946
2001,8,3,2,208,-7.7787
2001,8,3,3,220,-3.7152
2001,8,3,4,214,-7.2508
2001,8,3,5,223,-4.2901
2001,9,1,1,1212,-16.1466
2001,9,1,2,489,-13.7099
2001,9,1,3,414,-10.4774
2001,9,1,4,405,-14.9254
2001,9,1,5,467,-12.5047
2001,9,2,1,411,-21.4552
2001,9,2,2,242,-16.2916
2001,9,2,3,226,-14.9671
2001,9,2,4,214,-13.7268
2001,9,2,5,232,-15.3081
2001,9,3,1,241,-15.5552
2001,9,3,2,206,-10.0169
2001,9,3,3,216,-12.7717
2001,9,3,4,211,-8.5862
2001,9,3,5,217,-6.7815
2001,10,1,1,1070,11.3392
2001,10,1,2,386,4.9259
2001,10,1,3,329,5.6143
2001,10,1,4,311,7.8641
2001,10,1,5,361,9.0516
2001,10,2,1,372,12.4555
2001,10,2,2,210,4.2811
2001,10,2,3,179,5.9600
2001,10,2,4,166,7.1000
2001,10,2,5,185,9.3551
2001,10,3,1,212,4.6749
2001,10,3,2,160,1.9090
2001,10,3,3,174,7.6950
2001,10,3,4,167,5.9888
2001,10,3,5,179,4.5487
2001,11,1,1,1058,9.4202
2001,11,1,2,385,7.4494
2001,11,1,3,331,4.3965
2001,11,1,4,312,9.4895
2001,11,1,5,361,9.2189
2001,11,2,1,374,14.4014
2001,11,2,2,212,7.5955
2001,11,2,3,187,9.1192
2001,11,2,4,161,9.2240
2001,11,2,5,187,7.5664
2001,11,3,1,208,11.8362
2001,11,3,2,155,10.8227
2001,11,3,3,176,10.7429
2001,11,3,4,164,5.8015
2001,11,3,5,182,8.4576
2001,12,1,1,1030,8.2567
2001,12,1,2,394,7.4097
2001,12,1,3,342,7.6090
2001,12,1,4,308,7.0285
2001,12,1,5,367,6.8648
2001,12,2,1,369,8.2994
2001,12,2,2,205,7.5020
2001,12,2,3,192,8.0410
2001,12,2,4,166,7.1928
2001,12,2,5,187,4.6361
2001,12,3,1,203,0.0408
2001,12,3,2,153,3.7601
2001,12,3,3,174,-0.5481
2001,12,3,4,169,0.8966
2001,12,3,5,184,-0.8748
2002,1,1,1,1009,0.6001
2002,1,1,2,389,4.1077
2002,1,1,3,330,1.9160
2002,1,1,4,310,3.4398
2002,1,1,5,356,3.1438
2002,1,2,1,347,-5.6722
2002,1,2,2,196,0.8732
2002,1,2,3,188,2.3951
2002,1,2,4,166,2.2396
2002,1,2,5,179,1.0884
2002,1,3,1,190,-7.9506
2002,1,3,2,154,-0.0433
2002,1,3,3,171,2.3388
2002,1,3,4,161,-1.0098
2002,1,3,5,175,1.5817
2002,2,1,1,1020,-8.4601
2002,2,1,2,398,-3.6660
2002,2,1,3,329,-3.7782
2002,2,1,4,328,-2.5158
2002,2,1,5,373,-2.8861
2002,2,2,1,351,-10.0516
2002,2,2,2,197,-1.0302
2002,2,2,3,194,-1.2879
2002,2,2,4,172,-0.7382
2002,2,2,5,186,0.0622
2002,2,3,1,193,-4.9732
2002,2,3,2,164,-1.8709
2002,2,3,3,178,-4.5466
2002,2,3,4,170,-1.6773
2002,2,3,5,189,-2.4094
2002,3,1,1,1025,9.8555
2002,3,1,2,396,11.8814
2002,3,1,3,340,9.9554
2002,3,1,4,330,12.7168
2002,3,1,5,378,10.3571
2002,3,2,1,356,8.9780
2002,3,2,2,199,11.6719
2002,3,2,3,193,9.2364
2002,3,2,4,180,8.7870
2002,3,2,5,183,10.3747
2002,3,3,1,192,6.2010
2002,3,3,2,166,2.8761
2002,3,3,3,179,6.5651
2002,3,3,4,176,4.4342
2002,3,3,5,193,1.6657
2002,4,1,1,991,-2.7506
2002,4,1,2,377,4.9737
2002,4,1,3,329,5.9936
2002,4,1,4,312,5.2403
2002,4,1,5,362,3.2045
2002,4,2,1,337,-6.1862
2002,4,2,2,187,1.0951
2002,4,2,3,192,1.4281
2002,4,2,4,179,1.7487
2002,4,2,5,171,2.3462
2002,4,3,1,182,-7.5630
2002,4,3,2,159,-6.7662
2002,4,3,3,173,-3.6463
2002,4,3,4,161,-6.6177
2002,4,3,5,185,-5.8245
2002,5,1,1,1280,-3.4865
2002,5,1,2,486,-3.4940
2002,5,1,3,420,-1.6202
2002,5,1,4,393,-0.8442
2002,5,1,5,525,-1.6471
2002,5,2,1,397,-6.8288
2002,5,2,2,239,-3.9805
2002,5,2,3,228,-6.1889
2002,5,2,4,217,-3.7766
2002,5,2,5,218,-4.8562
2002,5,3,1,223,-0.1511
2002,5,3,2,205,-2.8618
2002,5,3,3,224,0.8385
2002,5,3,4,209,-0.4869
2002,5,3,5,216,-2.5584
2002,6,1,1,1290,-8.2539
2002,6,1,2,496,-3.2360
2002,6,1,3,437,-2.7848
2002,6,1,4,409,-2.2035
2002,6,1,5,535,-2.6773
2002,6,2,1,407,-9.4788
2002,6,2,2,249,-6.2855
2002,6,2,3,229,-2.7072
2002,6,2,4,216,-4.6093
2002,6,2,5,218,-5.7515
2002,6,3,1,226,-10.4021
2002,6,3,2,213,-7.1611
2002,6,3,3,225,-8.0032
2002,6,3,4,216,-6.0246
2002,6,3,5,216,-9.1143
2002,7,1,1,1225,-15.4517
2002,7,1,2,472,-15.6376
2002,7,1,3,408,-15.2502
2002,7,1,4,381,-13.9323
2002,7,1,5,514,-15.0676
2002,7,2,1,389,-20.3535
2002,7,2,2,235,-15.6545
2002,7,2,3,217,-16.7130
2002,7,2,4,212,-15.3896
2002,7,2,5,211,-16.3061
2002,7,3,1,210,-10.7025
2002,7,3,2,202,-10.6018
2002,7,3,3,211,-9.1179
2002,7,3,4,210,-7.8692
2002,7,3,5,214,-4.0473
2002,8,1,1,1240,-2.4295
2002,8,1,2,473,-4.4556
2002,8,1,3,418,-0.6916
2002,8,1,4,373,-1.3877
2002,8,1,5,528,-0.2190
2002,8,2,1,374,0.4379
2002,8,2,2,233,-0.0844
2002,8,2,3,213,1.8758
2002,8,2,4,210,-0.2863
2002,8,2,5,207,0.8861
2002,8,3,1,204,4.0520
2002,8,3,2,200,2.8660
2002,8,3,3,207,-1.1050
2002,8,3,4,210,0.2578
2002,8,3,5,210,0.1720
2002,9,1,1,1216,-10.8435
2002,9,1,2,456,-8.3830
2002,9,1,3,404,-9.1616
2002,9,1,4,375,-8.4791
2002,9,1,5,529,-9.4030
2002,9,2,1,369,-9.9694
2002,9,2,2,236,-8.2859
2002,9,2,3,210,-8.6719
2002,9,2,4,204,-6.3598
2002,9,2,5,207,-7.7849
2002,9,3,1,202,-8.2073
2002,9,3,2,202,-12.3096
2002,9,3,3,207,-11.5490
2002,9,3,4,211,-11.9545
2002,9,3,5,211,-7.9012
2002,10,1,1,1034,6.0560
2002,10,1,2,365,0.4152
2002,10,1,3,317,2.4159
2002,10,1,4,289,5.4699
2002,10,1,5,453,4.3953
2002,10,2,1,302,5.9910
2002,10,2,2,192,4.6531
2002,10,2,3,160,2.3704
2002,10,2,4,159,3.7772
2002,10,2,5,176,6.5096
2002,10,3,1,169,6.5528
2002,10,3,2,158,6.7988
2002,10,3,3,156,6.6565
2002,10,3,4,171,11.5689
2002,10,3,5,173,8.8433
2002,11,1,1,1040,20.8417
2002,11,1,2,364,12.3709
2002,11,1,3,318,10.7618
2002,11,1,4,283,11.3186
2002,11,1,5,457,13.6916
2002,11,2,1,297,15.9735
2002,11,2,2,177,10.7313
2002,11,2,3,156,9.9343
2002,11,2,4,158,8.0398
2002,11,2,5,173,9.5849
2002,11,3,1,165,5.5371
2002,11,3,2,161,8.6801
2002,11,3,3,162,8.5715
2002,11,3,4,172,6.2627
2002,11,3,5,177,5.5915
2002,12,1,1,1025,-10.1503
2002,12,1,2,361,-4.5024
2002,12,1,3,313,-4.1888
2002,12,1,4,283,-3.6637
2002,12,1,5,462,-5.2939
2002,12,2,1,296,-11.3171
2002,12,2,2,172,-5.8116
2002,12,2,3,158,-5.1164
2002,12,2,4,157,-4.5277
2002,12,2,5,165,-6.9079
2002,12,3,1,161,-7.2137
2002,12,3,2,161,-4.6840
2002,12,3,3,163,-6.9007
2002,12,3,4,168,-6.2908
2002,12,3,5,171,-5.5290
2003,1,1,1,996,-1.1643
2003,1,1,2,350,-1.7343
2003,1,1,3,300,-1.1136
2003,1,1,4,264,-2.4363
2003,1,1,5,447,-0.3725
2003,1,2,1,278,-4.3335
2003,1,2,2,161,-2.2881
2003,1,2,3,155,-3.3064
2003,1,2,4,150,-3.5709
2003,1,2,5,158,-3.0532
2003,1,3,1,155,-1.7537
2003,1,3,2,155,-4.0540
2003,1,3,3,158,-4.8164
2003,1,3,4,163,-2.5505
2003,1,3,5,170,-1.4374
2003,2,1,1,984,-3.9078
2003,2,1,2,356,-4.5664
2003,2,1,3,311,-2.8937
2003,2,1,4,273,-3.2648
2003,2,1,5,452,-3.3908
2003,2,2,1,280,-3.3270
2003,2,2,2,165,-4.2558
2003,2,2,3,157,-4.0509
2003,2,2,4,155,-3.8368
2003,2,2,5,167,-0.9923
2003,2,3,1,160,-1.4617
2003,2,3,2,159,-1.5857
2003,2,3,3,163,-1.6792
2003,2,3,4,167,0.2358
2003,2,3,5,176,-0.4651
2003,3,1,1,971,1.8432
2003,3,1,2,346,1.4061
2003,3,1,3,308,0.7659
2003,3,1,4,271,-0.1701
2003,3,1,5,452,-0.0220
2003,3,2,1,287,1.6847
2003,3,2,2,165,0.0183
2003,3,2,3,152,0.9754
2003,3,2,4,160,1.3824
2003,3,2,5,163,0.1709
2003,3,3,1,162,3.2828
2003,3,3,2,160,-0.4183
2003,3,3,3,167,0.5851
2003,3,3,4,163,-0.3611
2003,3,3,5,175,2.4307
2003,4,1,1,923,12.1353
2003,4,1,2,317,8.8198
2003,4,1,3,289,8.8403
2003,4,1,4,255,9.9248
2003,4,1,5,430,11.9364
2003,4,2,1,281,14.0201
2003,4,2,2,160,11.3042
2003,4,2,3,146,8.7993
2003,4,2,4,152,8.9203
2003,4,2,5,162,10.8188
2003,4,3,1,162,9.5548
2003,4,3,2,150,5.3679
2003,4,3,3,159,6.5198
2003,4,3,4,151,5.7968
2003,4,3,5,167,4.8904
2003,5,1,1,1101,20.6989
2003,5,1,2,437,12.8284
2003,5,1,3,390,13.0685
2003,5,1,4,365,10.2874
2003,5,1,5,564,13.9606
2003,5,2,1,326,16.1013
2003,5,2,2,213,11.7060
2003,5,2,3,201,9.7233
2003,5,2,4,209,8.3420
2003,5,2,5,213,10.5189
2003,5,3,1,201,4.2699
2003,5,3,2,209,7.6275
2003,5,3,3,208,4.7168
2003,5,3,4,202,8.4955
2003,5,3,5,210,3.9937
2003,6,1,1,1083,6.0251
2003,6,1,2,443,6.2965
2003,6,1,3,395,6.1821
2003,6,1,4,373,4.4516
2003,6,1,5,572,7.7835
2003,6,2,1,335,2.2681
2003,6,2,2,228,2.5073
2003,6,2,3,211,1.4931
2003,6,2,4,212,2.7630
2003,6,2,5,224,2.2032
2003,6,3,1,198,1.8197
2003,6,3,2,220,0.6426
2003,6,3,3,214,2.5379
2003,6,3,4,209,0.6837
2003,6,3,5,216,2.3491
2003,7,1,1,1023,9.8965
2003,7,1,2,430,8.3943
2003,7,1,3,378,8.4025
2003,7,1,4,360,9.8620
2003,7,1,5,557,10.4072
2003,7,2,1,322,8.2406
2003,7,2,2,224,3.9704
2003,7,2,3,211,6.1361
2003,7,2,4,213,5.6488
2003,7,2,5,217,7.2499
2003,7,3,1,199,3.1612
2003,7,3,2,219,2.5214
2003,7,3,3,214,2.1647
2003,7,3,4,210,1.5273
2003,7,3,5,209,1.5421
2003,8,1,1,998,6.7713
2003,8,1,2,425,4.6494
2003,8,1,3,383,5.3730
2003,8,1,4,355,5.3593
2003,8,1,5,572,5.4888
2003,8,2,1,326,6.1922
2003,8,2,2,225,6.2462
2003,8,2,3,205,6.9794
2003,8,2,4,212,6.1613
2003,8,2,5,221,6.7126
2003,8,3,1,200,5.4105
2003,8,3,2,213,5.9617
2003,8,3,3,224,2.7205
2003,8,3,4,207,3.3504
2003,8,3,5,212,0.3086
2003,9,1,1,977,3.9714
2003,9,1,2,419,0.2314
2003,9,1,3,381,0.0818
2003,9,1,4,359,3.5756
2003,9,1,5,570,1.3558
2003,9,2,1,324,-3.8227
2003,9,2,2,228,-3.5071
2003,9,2,3,206,-4.2062
2003,9,2,4,203,-2.9067
2003,9,2,5,225,-3.4808
2003,9,3,1,201,-5.4046
2003,9,3,2,212,-4.4327
2003,9,3,3,222,-0.8357
2003,9,3,4,209,0.1531
2003,9,3,5,209,-1.0785
2003,10,1,1,797,10.2065
2003,10,1,2,311,9.0774
2003,10,1,3,280,10.1686
2003,10,1,4,267,9.7323
2003,10,1,5,449,12.9218
2003,10,2,1,254,9.3416
2003,10,2,2,173,7.4077
2003,10,2,3,157,9.2177
2003,10,2,4,159,9.0643
2003,10,2,5,195,9.6576
2003,10,3,1,151,8.3540
2003,10,3,2,164,6.4305
2003,10,3,3,165,1.8647
2003,10,3,4,165,7.3010
2003,10,3,5,169,5.9935
2003,11,1,1,807,4.0708
2003,11,1,2,307,6.2637
2003,11,1,3,292,5.4181
2003,11,1,4,265,7.4289
2003,11,1,5,447,5.3325
2003,11,2,1,254,2.2527
2003,11,2,2,164,4.6006
2003,11,2,3,159,5.1394
2003,11,2,4,158,3.1785
2003,11,2,5,190,2.9910
2003,11,3,1,150,1.6318
2003,11,3,2,165,0.7388
2003,11,3,3,164,0.8621
2003,11,3,4,172,2.6481
2003,11,3,5,169,1.8428
2003,12,1,1,798,1.4109
2003,12,1,2,306,5.0850
2003,12,1,3,286,6.1066
2003,12,1,4,269,3.4142
2003,12,1,5,441,2.1782
2003,12,2,1,253,3.1411
2003,12,2,2,164,3.7233
2003,12,2,3,157,3.2828
2003,12,2,4,156,4.0864
2003,12,2,5,192,1.8793
2003,12,3,1,150,4.5737
2003,12,3,2,161,5.2089
2003,12,3,3,161,5.3051
2003,12,3,4,175,4.1475
2003,12,3,5,174,3.1839
2004,1,1,1,762,9.1913
2004,1,1,2,296,5.7476
2004,1,1,3,290,4.1358
2004,1,1,4,261,9.2582
2004,1,1,5,426,6.8236
2004,1,2,1,250,3.8675
2004,1,2,2,149,4.3521
2004,1,2,3,148,1.2978
2004,1,2,4,160,3.6179
2004,1,2,5,194,5.1947
2004,1,3,1,142,-1.4323
2004,1,3,2,158,1.1836
2004,1,3,3,157,0.8546
2004,1,3,4,173,1.4988
2004,1,3,5,175,2.2269
2004,2,1,1,782,-0.6220
2004,2,1,2,309,3.3121
2004,2,1,3,301,0.7603
2004,2,1,4,267,0.4978
2004,2,1,5,423,0.0218
2004,2,2,1,260,-0.9884
2004,2,2,2,153,0.0782
2004,2,2,3,154,1.3565
2004,2,2,4,180,1.0450
2004,2,2,5,203,0.6899
2004,2,3,1,148,1.1451
2004,2,3,2,165,4.4803
2004,2,3,3,169,1.3482
2004,2,3,4,178,0.5088
2004,2,3,5,187,0.2258
2004,3,1,1,775,-0.2763
2004,3,1,2,311,-0.1282
2004,3,1,3,306,-0.4730
2004,3,1,4,270,1.1329
2004,3,1,5,418,-1.2816
2004,3,2,1,262,0.7789
2004,3,2,2,158,0.5335
2004,3,2,3,154,0.9972
2004,3,2,4,182,1.4110
2004,3,2,5,201,1.7804
2004,3,3,1,148,0.5552
2004,3,3,2,170,-0.5398
2004,3,3,3,173,-1.1621
2004,3,3,4,181,-1.7452
2004,3,3,5,188,-2.8544
2004,4,1,1,754,-5.7360
2004,4,1,2,300,-3.6322
2004,4,1,3,293,-2.5007
2004,4,1,4,261,-4.2347
2004,4,1,5,404,-4.1290
2004,4,2,1,258,-5.8361
2004,4,2,2,158,-5.4372
2004,4,2,3,153,-3.3220
2004,4,2,4,174,-1.1943
2004,4,2,5,197,-5.5919
2004,4,3,1,144,-1.4819
2004,4,3,2,168,-1.9118
2004,4,3,3,168,-0.8732
2004,4,3,4,172,0.3028
2004,4,3,5,183,-0.4410
2004,5,1,1,929,-1.0046
2004,5,1,2,426,-0.2166
2004,5,1,3,399,-1.5369
2004,5,1,4,388,0.6726
2004,5,1,5,495,0.0204
2004,5,2,1,317,2.1351
2004,5,2,2,218,1.5893
2004,5,2,3,203,2.3519
2004,5,2,4,228,0.6209
2004,5,2,5,230,2.3096
2004,5,3,1,178,1.9899
2004,5,3,2,228,1.5407
2004,5,3,3,241,1.1637
2004,5,3,4,235,0.2778
2004,5,3,5,229,1.7864
2004,6,1,1,930,3.0113
2004,6,1,2,420,3.8657
2004,6,1,3,403,4.9396
2004,6,1,4,406,4.9357
2004,6,1,5,503,4.3005
2004,6,2,1,309,3.4227
2004,6,2,2,225,4.5876
2004,6,2,3,205,6.9207
2004,6,2,4,232,5.4754
2004,6,2,5,236,4.5446
2004,6,3,1,177,1.8421
2004,6,3,2,225,2.2071
2004,6,3,3,249,1.6832
2004,6,3,4,240,2.7598
2004,6,3,5,236,1.2900
2004,7,1,1,924,-10.3179
2004,7,1,2,394,-8.1975
2004,7,1,3,378,-8.0167
2004,7,1,4,392,-5.5942
2004,7,1,5,481,-7.5783
2004,7,2,1,298,-9.7991
2004,7,2,2,217,-7.5055
2004,7,2,3,194,-6.1185
2004,7,2,4,225,-5.6075
2004,7,2,5,228,-7.4241
2004,7,3,1,171,-7.8597
2004,7,3,2,212,-4.2869
2004,7,3,3,245,-3.8102
2004,7,3,4,227,-3.5348
2004,7,3,5,235,-4.9282
2004,8,1,1,945,-2.7533
2004,8,1,2,401,-1.3726
2004,8,1,3,374,-2.9523
2004,8,1,4,403,-2.1398
2004,8,1,5,479,-2.6421
2004,8,2,1,293,-2.9035
2004,8,2,2,214,-1.2673
2004,8,2,3,198,-2.6699
2004,8,2,4,217,-2.2665
2004,8,2,5,223,-4.1300
2004,8,3,1,166,-1.1349
2004,8,3,2,203,-0.8226
2004,8,3,3,240,-1.4688
2004,8,3,4,232,-0.6430
2004,8,3,5,237,-0.1215
2004,9,1,1,948,4.0946
2004,9,1,2,397,3.6040
2004,9,1,3,374,4.9888
2004,9,1,4,401,4.5163
2004,9,1,5,481,5.5313
2004,9,2,1,277,7.0502
2004,9,2,2,204,6.1215
2004,9,2,3,191,5.8063
2004,9,2,4,208,5.8736
2004,9,2,5,216,5.0195
2004,9,3,1,158,4.9161
2004,9,3,2,202,2.3379
2004,9,3,3,238,2.7734
2004,9,3,4,235,1.8297
2004,9,3,5,235,-0.1461
2004,10,1,1,816,1.8700
2004,10,1,2,294,-0.6678
2004,10,1,3,248,1.8303
2004,10,1,4,306,0.4549
2004,10,1,5,382,1.9002
2004,10,2,1,221,1.1239
2004,10,2,2,155,1.7446
2004,10,2,3,138,2.2018
2004,10,2,4,159,3.3872
2004,10,2,5,171,2.9138
2004,10,3,1,118,2.5327
2004,10,3,2,140,1.6592
2004,10,3,3,176,1.0850
2004,10,3,4,190,1.0799
2004,10,3,5,200,1.7681
2004,11,1,1,827,10.5042
2004,11,1,2,308,9.3966
2004,11,1,3,263,9.5164
2004,11,1,4,308,9.4008
2004,11,1,5,389,8.4036
2004,11,2,1,217,8.4592
2004,11,2,2,157,8.6718
2004,11,2,3,135,10.0821
2004,11,2,4,151,9.0127
2004,11,2,5,172,8.2982
2004,11,3,1,119,6.3443
2004,11,3,2,144,5.6653
2004,11,3,3,167,4.0154
2004,11,3,4,190,4.5507
2004,11,3,5,197,2.9351
2004,12,1,1,826,6.7700
2004,12,1,2,316,6.6195
2004,12,1,3,272,6.0130
2004,12,1,4,310,4.1576
2004,12,1,5,386,4.5633
2004,12,2,1,211,4.6312
2004,12,2,2,157,3.6335
2004,12,2,3,133,2.4163
2004,12,2,4,154,2.7067
2004,12,2,5,177,2.3710
2004,12,3,1,120,3.8471
2004,12,3,2,138,3.6307
2004,12,3,3,168,3.4272
2004,12,3,4,185,2.3078
2004,12,3,5,199,3.6803
2005,1,1,1,808,-6.1245
2005,1,1,2,314,-4.3929
2005,1,1,3,274,-2.5320
2005,1,1,4,294,-4.1725
2005,1,1,5,370,-3.3313
2005,1,2,1,202,-5.1871
2005,1,2,2,149,-3.7452
2005,1,2,3,130,-4.6132
2005,1,2,4,142,-2.5599
2005,1,2,5,169,-3.4730
2005,1,3,1,112,-4.0025
2005,1,3,2,130,-3.6447
2005,1,3,3,162,-2.9655
2005,1,3,4,179,-2.3896
2005,1,3,5,193,-2.1862
2005,2,1,1,820,0.7060
2005,2,1,2,332,2.0132
2005,2,1,3,270,1.4824
2005,2,1,4,303,0.9077
2005,2,1,5,378,0.5511
2005,2,2,1,205,2.5781
2005,2,2,2,144,1.8564
2005,2,2,3,137,3.2484
2005,2,2,4,145,3.7751
2005,2,2,5,171,2.1532
2005,2,3,1,119,1.5420
2005,2,3,2,134,2.9548
2005,2,3,3,161,2.7911
2005,2,3,4,184,4.8080
2005,2,3,5,194,2.6889
2005,3,1,1,821,-5.3481
2005,3,1,2,342,-2.3151
2005,3,1,3,273,0.9276
2005,3,1,4,308,-1.0955
2005,3,1,5,377,-3.0148
2005,3,2,1,207,-4.3813
2005,3,2,2,146,-1.2942
2005,3,2,3,144,-1.5400
2005,3,2,4,147,-1.4382
2005,3,2,5,169,-0.8759
2005,3,3,1,123,-1.6249
2005,3,3,2,139,-2.4124
2005,3,3,3,158,0.1562
2005,3,3,4,180,-2.1584
2005,3,3,5,193,-1.1647
2005,4,1,1,804,-7.5301
2005,4,1,2,324,-7.5649
2005,4,1,3,275,-5.8745
2005,4,1,4,288,-6.0409
2005,4,1,5,357,-6.3751
2005,4,2,1,204,-8.2047
2005,4,2,2,146,-6.5404
2005,4,2,3,136,-6.1227
2005,4,2,4,144,-5.4937
2005,4,2,5,160,-7.1748
2005,4,3,1,126,-3.9675
2005,4,3,2,134,-4.4640
2005,4,3,3,152,-2.1664
2005,4,3,4,175,-3.0017
2005,4,3,5,189,-1.3549
2005,5,1,1,981,6.4315
2005,5,1,2,438,6.3864
2005,5,1,3,367,7.2349
2005,5,1,4,367,3.8422
2005,5,1,5,436,5.9215
2005,5,2,1,240,7.7916
2005,5,2,2,201,8.4670
2005,5,2,3,164,8.1977
2005,5,2,4,198,6.7600
2005,5,2,5,192,8.3781
2005,5,3,1,146,4.4858
2005,5,3,2,178,2.5545
2005,5,3,3,216,5.7348
2005,5,3,4,236,3.3619
2005,5,3,5,232,3.9320
2005,6,1,1,975,4.1317
2005,6,1,2,449,4.0209
2005,6,1,3,376,3.8223
2005,6,1,4,370,4.8118
2005,6,1,5,446,4.5765
2005,6,2,1,242,3.4024
2005,6,2,2,207,2.4501
2005,6,2,3,169,3.4002
2005,6,2,4,204,3.3461
2005,6,2,5,197,1.7518
2005,6,3,1,147,1.7297
2005,6,3,2,181,-1.5843
2005,6,3,3,219,1.2290
2005,6,3,4,247,-0.5120
2005,6,3,5,238,-0.4804
2005,7,1,1,938,7.5279
2005,7,1,2,438,7.9318
2005,7,1,3,361,6.9860
2005,7,1,4,359,7.3731
2005,7,1,5,434,6.6308
2005,7,2,1,232,7.8926
2005,7,2,2,205,8.0367
2005,7,2,3,172,6.0142
2005,7,2,4,197,7.1306
2005,7,2,5,190,4.9698
2005,7,3,1,143,5.0163
2005,7,3,2,174,5.2262
2005,7,3,3,213,6.4155
2005,7,3,4,244,4.8349
2005,7,3,5,237,4.1050
2005,8,1,1,941,-1.4117
2005,8,1,2,439,-0.5028
2005,8,1,3,356,-1.4838
2005,8,1,4,365,-0.4112
2005,8,1,5,429,-1.4338
2005,8,2,1,227,-0.5023
2005,8,2,2,201,-1.3940
2005,8,2,3,172,-0.8552
2005,8,2,4,203,-2.4086
2005,8,2,5,194,-2.6559
2005,8,3,1,140,-0.9176
2005,8,3,2,168,-0.5954
2005,8,3,3,206,-1.8080
2005,8,3,4,242,0.2733
2005,8,3,5,240,-0.9111
2005,9,1,1,926,0.1900
2005,9,1,2,429,-0.0426
2005,9,1,3,347,0.6600
2005,9,1,4,361,0.3755
2005,9,1,5,426,2.2084
2005,9,2,1,222,2.2253
2005,9,2,2,199,0.0806
2005,9,2,3,171,-1.4633
2005,9,2,4,202,2.0103
2005,9,2,5,197,0.4172
2005,9,3,1,136,0.7262
2005,9,3,2,164,-0.2271
2005,9,3,3,205,-0.1104
2005,9,3,4,238,0.0677
2005,9,3,5,239,0.9623
2005,10,1,1,780,-5.2017
2005,10,1,2,330,-2.2187
2005,10,1,3,271,-2.6834
2005,10,1,4,270,-2.9281
2005,10,1,5,349,-1.9972
2005,10,2,1,172,-3.3679
2005,10,2,2,157,-3.8625
2005,10,2,3,132,-3.0688
2005,10,2,4,166,-2.9431
2005,10,2,5,181,-4.8764
2005,10,3,1,112,-1.7742
2005,10,3,2,120,-2.0834
2005,10,3,3,149,-0.9764
2005,10,3,4,181,-0.8309
2005,10,3,5,215,-4.6122
2005,11,1,1,776,4.1370
2005,11,1,2,332,3.9861
2005,11,1,3,271,5.3660
2005,11,1,4,277,5.5729
2005,11,1,5,351,4.1852
2005,11,2,1,174,5.6228
2005,11,2,2,158,5.3682
2005,11,2,3,134,4.7112
2005,11,2,4,166,5.0504
2005,11,2,5,184,5.9506
2005,11,3,1,111,4.9606
2005,11,3,2,122,2.8643
2005,11,3,3,147,4.2306
2005,11,3,4,190,3.9044
2005,11,3,5,215,3.1466
2005,12,1,1,769,-0.4962
2005,12,1,2,341,-0.1392
2005,12,1,3,272,0.8264
2005,12,1,4,276,0.4406
2005,12,1,5,351,0.3000
2005,12,2,1,175,-1.0085
2005,12,2,2,157,-1.5535
2005,12,2,3,134,-1.0257
2005,12,2,4,164,-0.3973
2005,12,2,5,182,0.2102
2005,12,3,1,114,-0.3939
2005,12,3,2,123,-0.5534
2005,12,3,3,147,0.1625
2005,12,3,4,192,-0.4462
2005,12,3,5,216,0.3242
2006,1,1,1,747,10.3648
2006,1,1,2,327,8.8688
2006,1,1,3,262,8.9105
2006,1,1,4,268,8.7841
2006,1,1,5,340,9.5522
2006,1,2,1,170,9.8858
2006,1,2,2,156,9.4493
2006,1,2,3,125,9.0468
2006,1,2,4,162,9.7768
2006,1,2,5,177,9.2038
2006,1,3,1,113,1.3857
2006,1,3,2,126,3.0055
2006,1,3,3,146,2.8089
2006,1,3,4,189,2.7224
2006,1,3,5,211,4.4288
2006,2,1,1,765,0.6663
2006,2,1,2,333,-0.8117
2006,2,1,3,263,0.6727
2006,2,1,4,276,0.7409
2006,2,1,5,340,-0.3938
2006,2,2,1,179,-0.4385
2006,2,2,2,159,-0.4067
2006,2,2,3,124,-0.7400
2006,2,2,4,170,-1.0874
2006,2,2,5,181,-2.7034
2006,2,3,1,115,-1.4811
2006,2,3,2,127,-0.0837
2006,2,3,3,152,1.6225
2006,2,3,4,192,0.4331
2006,2,3,5,218,-1.1320
2006,3,1,1,768,5.8945
2006,3,1,2,334,6.4948
2006,3,1,3,271,6.5312
2006,3,1,4,283,5.9956
2006,3,1,5,338,3.9730
2006,3,2,1,176,5.8272
2006,3,2,2,162,5.2462
2006,3,2,3,134,5.0621
2006,3,2,4,173,5.8766
2006,3,2,5,180,5.6648
2006,3,3,1,117,4.0118
2006,3,3,2,126,1.1869
2006,3,3,3,152,2.5113
2006,3,3,4,189,1.7949
2006,3,3,5,218,1.5873
2006,4,1,1,751,0.3030
2006,4,1,2,332,0.7529
2006,4,1,3,261,1.2079
2006,4,1,4,274,0.5527
2006,4,1,5,323,-0.3242
2006,4,2,1,171,0.3042
2006,4,2,2,156,1.0864
2006,4,2,3,129,1.3896
2006,4,2,4,170,-0.5831
2006,4,2,5,168,1.2288
2006,4,3,1,114,0.6282
2006,4,3,2,127,2.6967
2006,4,3,3,149,-0.0134
2006,4,3,4,182,0.6166
2006,4,3,5,214,0.9411
2006,5,1,1,948,-8.7192
2006,5,1,2,454,-5.2097
2006,5,1,3,354,-4.2100
2006,5,1,4,368,-5.3487
2006,5,1,5,394,-6.0907
2006,5,2,1,218,-6.2970
2006,5,2,2,206,-4.3236
2006,5,2,3,180,-5.2241
2006,5,2,4,215,-6.5898
2006,5,2,5,208,-6.0116
2006,5,3,1,143,-2.0616
2006,5,3,2,186,-1.3257
2006,5,3,3,205,-1.1792
2006,5,3,4,239,-2.8592
2006,5,3,5,250,-4.3452
2006,6,1,1,963,-2.0844
2006,6,1,2,464,-0.7078
2006,6,1,3,357,-0.7225
2006,6,1,4,385,-0.4681
2006,6,1,5,394,-0.0899
2006,6,2,1,216,-0.1964
2006,6,2,2,210,-1.8133
2006,6,2,3,187,-1.6041
2006,6,2,4,227,-0.7997
2006,6,2,5,211,-0.8711
2006,6,3,1,145,-1.0627
2006,6,3,2,186,0.6828
2006,6,3,3,217,-0.0159
2006,6,3,4,244,0.4918
2006,6,3,5,251,-0.0845
2006,7,1,1,930,-5.2959
2006,7,1,2,454,-3.1056
2006,7,1,3,341,-2.7948
2006,7,1,4,367,-3.9325
2006,7,1,5,383,-4.9241
2006,7,2,1,216,-5.6588
2006,7,2,2,207,-5.0650
2006,7,2,3,181,-4.7415
2006,7,2,4,222,-3.6914
2006,7,2,5,199,-2.4957
2006,7,3,1,140,-2.8608
2006,7,3,2,185,-3.9615
2006,7,3,3,212,-2.2060
2006,7,3,4,231,-0.1907
2006,7,3,5,244,2.1788
2006,8,1,1,939,2.5253
2006,8,1,2,448,2.2313
2006,8,1,3,341,4.1915
2006,8,1,4,369,3.5550
2006,8,1,5,384,2.6816
2006,8,2,1,217,2.8791
2006,8,2,2,209,3.1658
2006,8,2,3,184,4.1496
2006,8,2,4,222,3.3295
2006,8,2,5,197,2.2353
2006,8,3,1,141,2.9123
2006,8,3,2,185,2.9502
2006,8,3,3,213,1.3355
2006,8,3,4,233,3.8209
2006,8,3,5,245,2.3685
2006,9,1,1,939,0.3707
2006,9,1,2,448,1.5584
2006,9,1,3,333,1.7700
2006,9,1,4,362,0.0464
2006,9,1,5,376,1.7087
2006,9,2,1,217,-0.0298
2006,9,2,2,209,1.3870
2006,9,2,3,186,1.3022
2006,9,2,4,216,1.6770
2006,9,2,5,200,2.8248
2006,9,3,1,142,1.1515
2006,9,3,2,189,2.0793
2006,9,3,3,213,3.7029
2006,9,3,4,234,1.5798
2006,9,3,5,241,1.8266
2006,10,1,1,825,6.5626
2006,10,1,2,334,5.3437
2006,10,1,3,234,5.0332
2006,10,1,4,275,8.0558
2006,10,1,5,298,6.3903
2006,10,2,1,172,5.1540
2006,10,2,2,165,5.9269
2006,10,2,3,154,4.9053
2006,10,2,4,175,6.3543
2006,10,2,5,175,5.9240
2006,10,3,1,113,2.5997
2006,10,3,2,150,3.8736
2006,10,3,3,157,3.5327
2006,10,3,4,177,3.5659
2006,10,3,5,200,3.9921
2006,11,1,1,835,2.8945
2006,11,1,2,327,1.7516
2006,11,1,3,243,2.4971
2006,11,1,4,269,2.8137
2006,11,1,5,288,1.7491
2006,11,2,1,172,4.0894
2006,11,2,2,164,3.0658
2006,11,2,3,149,4.0151
2006,11,2,4,165,2.9787
2006,11,2,5,167,1.6256
2006,11,3,1,113,2.9939
2006,11,3,2,148,2.7539
2006,11,3,3,156,-0.0698
2006,11,3,4,170,1.8189
2006,11,3,5,190,3.4326
2006,12,1,1,832,1.0876
2006,12,1,2,322,2.8406
2006,12,1,3,236,3.3108
2006,12,1,4,275,1.2055
2006,12,1,5,289,1.6752
2006,12,2,1,174,0.1254
2006,12,2,2,166,-0.1120
2006,12,2,3,145,0.2875
2006,12,2,4,165,-0.3633
2006,12,2,5,169,-0.0686
2006,12,3,1,111,2.6895
2006,12,3,2,148,0.8230
2006,12,3,3,152,0.4983
2006,12,3,4,169,0.7389
2006,12,3,5,189,-0.7008
2007,1,1,1,815,2.0332
2007,1,1,2,315,1.9685
2007,1,1,3,230,1.5424
2007,1,1,4,254,1.4810
2007,1,1,5,281,1.9392
2007,1,2,1,168,1.0300
2007,1,2,2,164,2.7632
2007,1,2,3,146,2.5236
2007,1,2,4,153,2.6279
2007,1,2,5,164,2.8196
2007,1,3,1,111,0.5878
2007,1,3,2,145,4.4076
2007,1,3,3,146,3.2996
2007,1,3,4,166,2.7211
2007,1,3,5,183,1.1816
2007,2,1,1,823,-0.6156
2007,2,1,2,323,1.3785
2007,2,1,3,237,0.5411
2007,2,1,4,244,-0.1209
2007,2,1,5,281,1.1932
2007,2,2,1,175,-0.9709
2007,2,2,2,163,0.6004
2007,2,2,3,146,0.2288
2007,2,2,4,148,0.5415
2007,2,2,5,166,-0.1452
2007,2,3,1,111,-1.3189
2007,2,3,2,148,-1.2810
2007,2,3,3,147,-0.0639
2007,2,3,4,167,-2.4121
2007,2,3,5,186,-2.5955
2007,3,1,1,816,0.3515
2007,3,1,2,333,0.4491
2007,3,1,3,247,0.4698
2007,3,1,4,250,2.0436
2007,3,1,5,276,1.6474
2007,3,2,1,180,1.3124
2007,3,2,2,160,2.7820
2007,3,2,3,150,1.5984
2007,3,2,4,151,1.0488
2007,3,2,5,167,1.7267
2007,3,3,1,114,1.3994
2007,3,3,2,145,1.5358
2007,3,3,3,153,1.5430
2007,3,3,4,167,1.3085
2007,3,3,5,184,1.4876
2007,4,1,1,800,1.5079
2007,4,1,2,320,2.3733
2007,4,1,3,242,0.8355
2007,4,1,4,249,1.9614
2007,4,1,5,258,1.2589
2007,4,2,1,171,2.7693
2007,4,2,2,146,3.5892
2007,4,2,3,148,2.7149
2007,4,2,4,155,3.4127
2007,4,2,5,159,2.2110
2007,4,3,1,111,3.0077
2007,4,3,2,141,3.9759
2007,4,3,3,150,3.2016
2007,4,3,4,166,3.5893
2007,4,3,5,182,6.0179
2007,5,1,1,988,2.3688
2007,5,1,2,425,4.8372
2007,5,1,3,332,3.4410
2007,5,1,4,310,4.4311
2007,5,1,5,327,4.9795
2007,5,2,1,211,4.8876
2007,5,2,2,196,6.8604
2007,5,2,3,199,4.4630
2007,5,2,4,198,4.4393
2007,5,2,5,188,3.3644
2007,5,3,1,141,2.8662
2007,5,3,2,182,3.8598
2007,5,3,3,196,4.5039
2007,5,3,4,219,4.4967
2007,5,3,5,210,3.7289
2007,6,1,1,998,0.0958
2007,6,1,2,437,0.5028
2007,6,1,3,349,-0.1002
2007,6,1,4,329,0.1296
2007,6,1,5,336,1.2760
2007,6,2,1,215,-1.7379
2007,6,2,2,208,-0.7300
2007,6,2,3,210,-0.2031
2007,6,2,4,203,-0.7149
2007,6,2,5,194,-1.1275
2007,6,3,1,141,-0.3869
2007,6,3,2,192,-0.7976
2007,6,3,3,203,-0.5851
2007,6,3,4,228,-1.1375
2007,6,3,5,213,-0.7111
2007,7,1,1,971,-5.0738
2007,7,1,2,430,-5.2356
2007,7,1,3,343,-5.4726
2007,7,1,4,317,-6.9489
2007,7,1,5,324,-5.6859
2007,7,2,1,218,-5.0907
2007,7,2,2,196,-5.3331
2007,7,2,3,200,-4.6165
2007,7,2,4,194,-4.7182
2007,7,2,5,189,-5.1910
2007,7,3,1,139,-0.0718
2007,7,3,2,191,-2.7716
2007,7,3,3,192,-3.2300
2007,7,3,4,223,-1.4643
2007,7,3,5,210,-1.4506
2007,8,1,1,978,0.1877
2007,8,1,2,438,-1.2621
2007,8,1,3,348,0.2260
2007,8,1,4,317,-1.2031
2007,8,1,5,328,-1.2055
2007,8,2,1,221,1.4858
2007,8,2,2,193,1.2912
2007,8,2,3,209,0.5685
2007,8,2,4,190,1.3707
2007,8,2,5,192,0.6944
2007,8,3,1,140,1.6445
2007,8,3,2,192,1.1856
2007,8,3,3,194,0.1426
2007,8,3,4,219,2.0540
2007,8,3,5,211,1.8220
2007,9,1,1,967,1.4266
2007,9,1,2,443,1.5610
2007,9,1,3,350,0.0007
2007,9,1,4,324,0.4080
2007,9,1,5,330,1.7595
2007,9,2,1,227,2.0092
2007,9,2,2,192,1.3660
2007,9,2,3,214,0.8606
2007,9,2,4,194,1.6876
2007,9,2,5,195,1.7739
2007,9,3,1,140,6.3522
2007,9,3,2,194,3.9993
2007,9,3,3,198,3.2290
2007,9,3,4,220,4.2343
2007,9,3,5,216,4.6295
2007,10,1,1,845,2.1793
2007,10,1,2,335,1.5429
2007,10,1,3,291,2.2963
2007,10,1,4,252,2.8787
2007,10,1,5,267,1.7511
2007,10,2,1,191,4.4390
2007,10,2,2,159,4.0210
2007,10,2,3,167,2.8625
2007,10,2,4,160,1.9556
2007,10,2,5,160,3.1919
2007,10,3,1,111,1.8736
2007,10,3,2,152,1.9171
2007,10,3,3,158,0.7228
2007,10,3,4,176,4.3555
2007,10,3,5,192,2.8490
2007,11,1,1,834,-10.0356
2007,11,1,2,327,-8.1432
2007,11,1,3,283,-8.8590
2007,11,1,4,240,-8.3508
2007,11,1,5,269,-9.1380
2007,11,2,1,189,-9.9251
2007,11,2,2,159,-7.0682
2007,11,2,3,159,-5.6759
2007,11,2,4,156,-7.2916
2007,11,2,5,157,-6.4873
2007,11,3,1,108,-6.2838
2007,11,3,2,153,-3.6639
2007,11,3,3,156,-2.4773
2007,11,3,4,173,-2.6684
2007,11,3,5,194,-4.5278
2007,12,1,1,821,0.1320
2007,12,1,2,327,0.1827
2007,12,1,3,288,-1.1714
2007,12,1,4,240,-1.6691
2007,12,1,5,264,0.8763
2007,12,2,1,192,0.6935
2007,12,2,2,165,-1.3768
2007,12,2,3,161,-0.6716
2007,12,2,4,158,-1.6236
2007,12,2,5,161,1.1508
2007,12,3,1,107,-0.9214
2007,12,3,2,155,0.3184
2007,12,3,3,160,-2.2345
2007,12,3,4,175,0.5165
2007,12,3,5,193,1.4078
2008,1,1,1,798,-8.7822
2008,1,1,2,309,-9.7984
2008,1,1,3,274,-7.6414
2008,1,1,4,226,-8.1421
2008,1,1,5,254,-7.6284
2008,1,2,1,185,-8.9071
2008,1,2,2,166,-6.6620
2008,1,2,3,155,-7.5136
2008,1,2,4,157,-6.2035
2008,1,2,5,162,-7.5781
2008,1,3,1,107,-6.6081
2008,1,3,2,149,-6.9683
2008,1,3,3,147,-4.9072
2008,1,3,4,168,-9.1201
2008,1,3,5,191,-7.1785
2008,2,1,1,795,-4.4966
2008,2,1,2,309,-2.7770
2008,2,1,3,279,-3.9415
2008,2,1,4,234,-1.1244
2008,2,1,5,264,-2.3382
2008,2,2,1,185,-2.2859
2008,2,2,2,169,-2.1804
2008,2,2,3,159,-1.9511
2008,2,2,4,155,-3.0103
2008,2,2,5,158,-0.0339
2008,2,3,1,111,-2.4447
2008,2,3,2,149,-1.3179
2008,2,3,3,144,-0.5902
2008,2,3,4,165,-1.7894
2008,2,3,5,194,-0.1603
2008,3,1,1,789,-3.5243
2008,3,1,2,325,1.4130
2008,3,1,3,279,0.4292
2008,3,1,4,239,2.3237
2008,3,1,5,268,0.1292
2008,3,2,1,185,-1.6666
2008,3,2,2,179,0.9090
2008,3,2,3,160,0.9959
2008,3,2,4,162,-0.0271
2008,3,2,5,160,0.0536
2008,3,3,1,114,2.8710
2008,3,3,2,148,0.3664
2008,3,3,3,150,0.8299
2008,3,3,4,164,0.5846
2008,3,3,5,202,-0.9828
2008,4,1,1,759,3.6686
2008,4,1,2,320,1.9004
2008,4,1,3,262,1.2282
2008,4,1,4,233,2.6839
2008,4,1,5,262,1.7907
2008,4,2,1,181,2.0581
2008,4,2,2,180,3.4928
2008,4,2,3,152,3.9309
2008,4,2,4,158,4.2524
2008,4,2,5,156,7.3534
2008,4,3,1,109,0.0923
2008,4,3,2,139,3.6413
2008,4,3,3,136,4.5940
2008,4,3,4,154,6.7678
2008,4,3,5,199,4.8711
2008,5,1,1,926,4.2370
2008,5,1,2,400,5.3902
2008,5,1,3,352,4.9533
2008,5,1,4,295,5.8317
2008,5,1,5,349,7.6401
2008,5,2,1,243,7.3613
2008,5,2,2,227,4.1444
2008,5,2,3,198,5.3638
2008,5,2,4,195,5.5029
2008,5,2,5,196,6.6679
2008,5,3,1,149,0.2338
2008,5,3,2,177,3.9451
2008,5,3,3,192,2.6071
2008,5,3,4,207,3.7972
2008,5,3,5,226,3.1598
2008,6,1,1,935,-7.3210
2008,6,1,2,421,-9.0534
2008,6,1,3,354,-8.2905
2008,6,1,4,304,-7.6764
2008,6,1,5,349,-9.0761
2008,6,2,1,249,-10.1838
2008,6,2,2,234,-8.7764
2008,6,2,3,206,-10.9137
2008,6,2,4,204,-9.4303
2008,6,2,5,196,-6.4376
2008,6,3,1,152,-8.6489
2008,6,3,2,186,-8.3235
2008,6,3,3,196,-7.8548
2008,6,3,4,217,-7.2930
2008,6,3,5,230,-3.8161
2008,7,1,1,922,1.8581
2008,7,1,2,400,2.6298
2008,7,1,3,341,3.3159
2008,7,1,4,297,4.6113
2008,7,1,5,332,1.9487
2008,7,2,1,260,2.4806
2008,7,2,2,224,1.6778
2008,7,2,3,204,0.9195
2008,7,2,4,199,2.8291
2008,7,2,5,199,-0.3623
2008,7,3,1,149,-1.4167
2008,7,3,2,185,-1.5034
2008,7,3,3,190,-0.0191
2008,7,3,4,214,-1.7759
2008,7,3,5,230,-3.4929
2008,8,1,1,923,2.3465
2008,8,1,2,407,4.2999
2008,8,1,3,338,6.7907
2008,8,1,4,301,5.1072
2008,8,1,5,336,1.6166
2008,8,2,1,265,3.3324
2008,8,2,2,239,4.9248
2008,8,2,3,212,6.2839
2008,8,2,4,199,5.5324
2008,8,2,5,204,5.2150
2008,8,3,1,150,-1.7384
2008,8,3,2,177,3.2390
2008,8,3,3,192,1.4787
2008,8,3,4,220,1.8141
2008,8,3,5,232,2.4943
2008,9,1,1,919,-10.9716
2008,9,1,2,399,-9.1728
2008,9,1,3,334,-10.9230
2008,9,1,4,302,-10.4027
2008,9,1,5,333,-10.5176
2008,9,2,1,268,-12.4174
2008,9,2,2,239,-9.8008
2008,9,2,3,208,-10.6965
2008,9,2,4,200,-7.9875
2008,9,2,5,197,-11.2258
2008,9,3,1,154,-14.4248
2008,9,3,2,173,-10.6582
2008,9,3,3,190,-9.1709
2008,9,3,4,220,-10.5225
2008,9,3,5,228,-8.7296
2008,10,1,1,792,-24.7538
2008,10,1,2,301,-24.3003
2008,10,1,3,272,-22.2035
2008,10,1,4,244,-23.0033
2008,10,1,5,277,-20.2508
2008,10,2,1,231,-25.2519
2008,10,2,2,177,-25.1685
2008,10,2,3,165,-21.2507
2008,10,2,4,153,-22.4808
2008,10,2,5,169,-21.3744
2008,10,3,1,129,-24.2817
2008,10,3,2,131,-19.2130
2008,10,3,3,153,-15.9525
2008,10,3,4,180,-16.3380
2008,10,3,5,193,-13.1457
2008,11,1,1,790,-16.9074
2008,11,1,2,302,-16.4700
2008,11,1,3,263,-13.6714
2008,11,1,4,241,-15.9579
2008,11,1,5,292,-13.2115
2008,11,2,1,243,-13.1076
2008,11,2,2,191,-13.1700
2008,11,2,3,170,-11.1282
2008,11,2,4,161,-12.6525
2008,11,2,5,176,-15.5327
2008,11,3,1,131,-11.5621
2008,11,3,2,131,-6.5961
2008,11,3,3,161,-4.3027
2008,11,3,4,184,-6.1791
2008,11,3,5,202,-5.1130
2008,12,1,1,784,3.2312
2008,12,1,2,323,6.3304
2008,12,1,3,278,3.5034
2008,12,1,4,238,5.3820
2008,12,1,5,297,3.6737
2008,12,2,1,245,7.7753
2008,12,2,2,198,4.8481
2008,12,2,3,178,3.5114
2008,12,2,4,162,4.6129
2008,12,2,5,190,6.3391
2008,12,3,1,137,2.1576
2008,12,3,2,135,1.1244
2008,12,3,3,161,1.8845
2008,12,3,4,183,2.2928
2008,12,3,5,202,1.9703
2009,1,1,1,757,-7.2360
2009,1,1,2,310,-9.3030
2009,1,1,3,273,-12.1195
2009,1,1,4,219,-12.3191
2009,1,1,5,283,-9.3819
2009,1,2,1,237,-7.1758
2009,1,2,2,198,-10.9552
2009,1,2,3,176,-9.0161
2009,1,2,4,156,-7.9090
2009,1,2,5,182,-8.7315
2009,1,3,1,134,-9.1080
2009,1,3,2,136,-8.3450
2009,1,3,3,155,-8.1816
2009,1,3,4,179,-3.9029
2009,1,3,5,200,-4.1860
2009,2,1,1,765,-12.8981
2009,2,1,2,310,-13.2927
2009,2,1,3,278,-15.7589
2009,2,1,4,221,-9.8794
2009,2,1,5,295,-11.5395
2009,2,2,1,239,-12.2731
2009,2,2,2,201,-13.1759
2009,2,2,3,182,-8.8461
2009,2,2,4,170,-11.1148
2009,2,2,5,191,-11.0016
2009,2,3,1,130,-13.7337
2009,2,3,2,144,-10.4532
2009,2,3,3,161,-7.9017
2009,2,3,4,192,-8.9406
2009,2,3,5,208,-7.7518
2009,3,1,1,765,10.8894
2009,3,1,2,336,10.5410
2009,3,1,3,300,11.0601
2009,3,1,4,251,12.4895
2009,3,1,5,312,11.2385
2009,3,2,1,248,10.9483
2009,3,2,2,209,10.3682
2009,3,2,3,205,11.6232
2009,3,2,4,172,11.4211
2009,3,2,5,195,9.9099
2009,3,3,1,132,9.5783
2009,3,3,2,155,7.7749
2009,3,3,3,171,6.7654
2009,3,3,4,203,7.4824
2009,3,3,5,216,9.0693
2009,4,1,1,729,23.9074
2009,4,1,2,330,24.6482
2009,4,1,3,289,28.5234
2009,4,1,4,251,32.1693
2009,4,1,5,303,27.9639
2009,4,2,1,245,23.4514
2009,4,2,2,206,23.2568
2009,4,2,3,194,24.0796
2009,4,2,4,160,24.0851
2009,4,2,5,192,25.4373
2009,4,3,1,129,15.2335
2009,4,3,2,151,15.6777
2009,4,3,3,173,7.7012
2009,4,3,4,195,7.6678
2009,4,3,5,207,6.0495
2009,5,1,1,910,9.6062
2009,5,1,2,414,7.1522
2009,5,1,3,360,10.6768
2009,5,1,4,338,9.6288
2009,5,1,5,393,13.0709
2009,5,2,1,318,4.6192
2009,5,2,2,265,4.6038
2009,5,2,3,240,4.6136
2009,5,2,4,205,2.4073
2009,5,2,5,237,5.4668
2009,5,3,1,159,6.1139
2009,5,3,2,209,3.8778
2009,5,3,3,236,2.7227
2009,5,3,4,257,4.1886
2009,5,3,5,249,4.5512
2009,6,1,1,916,6.8434
2009,6,1,2,444,3.6873
2009,6,1,3,375,5.6770
2009,6,1,4,352,5.5064
2009,6,1,5,396,5.4064
2009,6,2,1,326,2.0315
2009,6,2,2,280,0.6239
2009,6,2,3,246,0.1547
2009,6,2,4,223,-0.0287
2009,6,2,5,247,1.7835
2009,6,3,1,161,-3.2485
2009,6,3,2,212,-0.1450
2009,6,3,3,245,-0.2324
2009,6,3,4,263,-0.4469
2009,6,3,5,253,2.1486
2009,7,1,1,863,10.2041
2009,7,1,2,415,11.7108
2009,7,1,3,352,11.8698
2009,7,1,4,325,14.6744
2009,7,1,5,371,12.2195
2009,7,2,1,318,9.4101
2009,7,2,2,259,9.6575
2009,7,2,3,232,10.6332
2009,7,2,4,215,12.3335
2009,7,2,5,240,12.0878
2009,7,3,1,156,9.9353
2009,7,3,2,206,8.7244
2009,7,3,3,237,7.0280
2009,7,3,4,246,8.9461
2009,7,3,5,248,6.3848
2009,8,1,1,869,4.2576
2009,8,1,2,408,6.0566
2009,8,1,3,331,6.9159
2009,8,1,4,316,6.1766
2009,8,1,5,379,6.3596
2009,8,2,1,314,3.2658
2009,8,2,2,246,2.9261
2009,8,2,3,224,3.9937
2009,8,2,4,204,3.0005
2009,8,2,5,234,3.1011
2009,8,3,1,155,2.2285
2009,8,3,2,198,3.4772
2009,8,3,3,228,2.2466
2009,8,3,4,234,1.9603
2009,8,3,5,245,1.7682
2009,9,1,1,842,9.2631
2009,9,1,2,410,7.7572
2009,9,1,3,323,9.0450
2009,9,1,4,317,8.9997
2009,9,1,5,379,8.5513
2009,9,2,1,306,7.4990
2009,9,2,2,236,7.5362
2009,9,2,3,210,6.6125
2009,9,2,4,196,7.8714
2009,9,2,5,228,8.3345
2009,9,3,1,158,6.5849
2009,9,3,2,196,6.9659
2009,9,3,3,221,3.7272
2009,9,3,4,228,6.1340
2009,9,3,5,241,3.0106
2009,10,1,1,721,-8.5388
2009,10,1,2,327,-5.5381
2009,10,1,3,241,-6.3160
2009,10,1,4,254,-7.8123
2009,10,1,5,311,-9.9432
2009,10,2,1,231,-8.3611
2009,10,2,2,178,-5.1958
2009,10,2,3,147,-6.3395
2009,10,2,4,145,-7.4570
2009,10,2,5,190,-5.1664
2009,10,3,1,115,-3.6742
2009,10,3,2,136,-3.8244
2009,10,3,3,162,-1.9286
2009,10,3,4,163,-1.5539
2009,10,3,5,213,0.4984
2009,11,1,1,707,1.1283
2009,11,1,2,324,3.5448
2009,11,1,3,230,3.2995
2009,11,1,4,242,1.3493
2009,11,1,5,304,0.5984
2009,11,2,1,209,2.3841
2009,11,2,2,166,4.4667
2009,11,2,3,143,2.5711
2009,11,2,4,136,2.2483
2009,11,2,5,187,2.5552
2009,11,3,1,108,6.5219
2009,11,3,2,130,5.1997
2009,11,3,3,160,6.0048
2009,11,3,4,161,5.8186
2009,11,3,5,211,6.3585
2009,12,1,1,693,8.3085
2009,12,1,2,326,9.2252
2009,12,1,3,232,8.6700
2009,12,1,4,243,9.0862
2009,12,1,5,305,9.8767
2009,12,2,1,203,9.2482
2009,12,2,2,175,7.6812
2009,12,2,3,147,7.6290
2009,12,2,4,140,10.5867
2009,12,2,5,182,8.2675
2009,12,3,1,111,5.2812
2009,12,3,2,131,2.6072
2009,12,3,3,164,2.8626
2009,12,3,4,159,2.6597
2009,12,3,5,213,2.2197
2010,1,1,1,663,-3.9784
2010,1,1,2,306,-2.9830
2010,1,1,3,224,-4.3661
2010,1,1,4,234,-3.3752
2010,1,1,5,293,-2.6916
2010,1,2,1,190,-4.7091
2010,1,2,2,166,-2.3092
2010,1,2,3,141,-4.8579
2010,1,2,4,131,-3.8912
2010,1,2,5,178,-3.4844
2010,1,3,1,110,-4.0186
2010,1,3,2,131,-1.9953
2010,1,3,3,162,-3.7861
2010,1,3,4,156,-4.0789
2010,1,3,5,208,-5.0281
2010,2,1,1,667,4.7540
2010,2,1,2,303,4.2195
2010,2,1,3,220,4.6024
2010,2,1,4,238,6.6912
2010,2,1,5,300,5.6643
2010,2,2,1,183,4.2165
2010,2,2,2,170,4.8411
2010,2,2,3,140,4.6745
2010,2,2,4,130,5.2221
2010,2,2,5,180,5.8438
2010,2,3,1,116,5.4129
2010,2,3,2,131,3.8796
2010,2,3,3,162,3.7419
2010,2,3,4,155,4.1171
2010,2,3,5,207,2.5469
2010,3,1,1,664,8.7337
2010,3,1,2,295,8.2226
2010,3,1,3,223,7.9516
2010,3,1,4,240,7.5623
2010,3,1,5,303,9.6483
2010,3,2,1,188,8.6446
2010,3,2,2,173,7.8081
2010,3,2,3,143,9.0874
2010,3,2,4,130,8.9398
2010,3,2,5,177,7.5809
2010,3,3,1,114,5.4449
2010,3,3,2,131,8.3519
2010,3,3,3,157,4.9164
2010,3,3,4,155,6.6621
2010,3,3,5,208,4.6490
2010,4,1,1,633,8.1954
2010,4,1,2,275,9.6219
2010,4,1,3,212,9.5769
2010,4,1,4,220,7.2582
2010,4,1,5,294,6.8796
2010,4,2,1,186,6.4373
2010,4,2,2,168,7.6666
2010,4,2,3,135,5.9258
2010,4,2,4,128,5.3034
2010,4,2,5,173,4.7422
2010,4,3,1,108,3.0187
2010,4,3,2,121,3.3302
2010,4,3,3,157,1.4204
2010,4,3,4,154,2.1335
2010,4,3,5,205,0.9542
2010,5,1,1,758,-9.4415
2010,5,1,2,376,-8.1139
2010,5,1,3,299,-9.5062
2010,5,1,4,314,-7.3200
2010,5,1,5,403,-7.7280
2010,5,2,1,238,-8.7840
2010,5,2,2,227,-7.9578
2010,5,2,3,192,-7.4954
2010,5,2,4,189,-6.0273
2010,5,2,5,226,-6.1506
2010,5,3,1,152,-7.3844
2010,5,3,2,183,-8.2792
2010,5,3,3,227,-5.9162
2010,5,3,4,226,-8.4007
2010,5,3,5,260,-8.0973
2010,6,1,1,755,-9.4823
2010,6,1,2,374,-7.9674
2010,6,1,3,300,-8.7092
2010,6,1,4,319,-7.3872
2010,6,1,5,407,-7.2801
2010,6,2,1,237,-8.5063
2010,6,2,2,226,-8.2106
2010,6,2,3,196,-8.7663
2010,6,2,4,191,-8.5115
2010,6,2,5,234,-6.7269
2010,6,3,1,148,-5.2911
2010,6,3,2,185,-7.0715
2010,6,3,3,229,-5.6897
2010,6,3,4,233,-5.6470
2010,6,3,5,264,-4.8724
2010,7,1,1,723,6.9200
2010,7,1,2,351,6.6761
2010,7,1,3,295,6.5317
2010,7,1,4,311,6.9228
2010,7,1,5,390,7.3264
2010,7,2,1,228,6.3659
2010,7,2,2,220,7.8464
2010,7,2,3,189,7.4086
2010,7,2,4,192,7.9305
2010,7,2,5,242,6.2557
2010,7,3,1,149,6.6241
2010,7,3,2,186,5.9783
2010,7,3,3,225,6.9512
2010,7,3,4,232,8.7580
2010,7,3,5,258,6.8521
2010,8,1,1,721,-9.6386
2010,8,1,2,353,-8.6982
2010,8,1,3,298,-9.8761
2010,8,1,4,315,-7.4771
2010,8,1,5,398,-7.8257
2010,8,2,1,229,-5.9785
2010,8,2,2,211,-8.3375
2010,8,2,3,190,-7.5839
2010,8,2,4,195,-5.1412
2010,8,2,5,240,-7.9626
2010,8,3,1,147,-2.9059
2010,8,3,2,187,-6.3927
2010,8,3,3,229,-3.7169
2010,8,3,4,229,-3.8201
2010,8,3,5,253,-3.7159
2010,9,1,1,718,12.7859
2010,9,1,2,354,14.2324
2010,9,1,3,302,12.4893
2010,9,1,4,314,13.4636
2010,9,1,5,397,12.5674
2010,9,2,1,220,15.1164
2010,9,2,2,203,13.6885
2010,9,2,3,181,13.5350
2010,9,2,4,191,14.6019
2010,9,2,5,235,14.9251
2010,9,3,1,147,10.0234
2010,9,3,2,189,12.6552
2010,9,3,3,237,8.3560
2010,9,3,4,233,9.9153
2010,9,3,5,251,10.7102
2010,10,1,1,565,5.3322
2010,10,1,2,238,5.8634
2010,10,1,3,207,4.3218
2010,10,1,4,221,6.2466
2010,10,1,5,330,6.6412
2010,10,2,1,157,1.7563
2010,10,2,2,145,4.9550
2010,10,2,3,130,4.4304
2010,10,2,4,143,4.6249
2010,10,2,5,187,3.0416
2010,10,3,1,106,4.1813
2010,10,3,2,147,4.1239
2010,10,3,3,160,4.4107
2010,10,3,4,166,3.5757
2010,10,3,5,181,5.3140
2010,11,1,1,566,3.5734
2010,11,1,2,252,4.9957
2010,11,1,3,218,5.5879
2010,11,1,4,223,4.6872
2010,11,1,5,334,3.6851
2010,11,2,1,162,4.9922
2010,11,2,2,145,3.7656
2010,11,2,3,134,3.9134
2010,11,2,4,143,5.3583
2010,11,2,5,180,4.8713
2010,11,3,1,107,0.5011
2010,11,3,2,147,1.7435
2010,11,3,3,163,1.6348
2010,11,3,4,166,-0.5168
2010,11,3,5,187,-0.4125
2010,12,1,1,565,10.4346
2010,12,1,2,259,9.4522
2010,12,1,3,217,8.9736
2010,12,1,4,227,10.1331
2010,12,1,5,325,6.9531
2010,12,2,1,170,8.9691
2010,12,2,2,146,8.9262
2010,12,2,3,139,6.3661
2010,12,2,4,144,6.8387
2010,12,2,5,183,6.6311
2010,12,3,1,109,7.6076
2010,12,3,2,147,8.0814
2010,12,3,3,162,7.1705
2010,12,3,4,170,5.6894
2010,12,3,5,189,4.7855
2011,1,1,1,551,-0.1621
2011,1,1,2,259,0.1958
2011,1,1,3,207,-1.9224
2011,1,1,4,217,-1.9919
2011,1,1,5,310,-1.0885
2011,1,2,1,170,1.2009
2011,1,2,2,143,3.1218
2011,1,2,3,136,-0.5840
2011,1,2,4,148,1.0132
2011,1,2,5,181,0.2106
2011,1,3,1,108,3.0456
2011,1,3,2,144,3.8993
2011,1,3,3,162,3.0091
2011,1,3,4,172,1.3941
2011,1,3,5,192,1.1602
2011,2,1,1,555,5.1390
2011,2,1,2,271,6.1811
2011,2,1,3,215,5.1187
2011,2,1,4,226,5.9796
2011,2,1,5,312,6.3998
2011,2,2,1,172,6.4458
2011,2,2,2,148,6.4237
2011,2,2,3,138,5.9915
2011,2,2,4,150,5.5504
2011,2,2,5,189,4.8022
2011,2,3,1,112,5.2749
2011,2,3,2,144,3.9588
2011,2,3,3,170,4.6550
2011,2,3,4,179,2.1707
2011,2,3,5,194,3.0276
2011,3,1,1,554,1.7083
2011,3,1,2,293,1.8477
2011,3,1,3,228,3.7120
2011,3,1,4,232,2.2918
2011,3,1,5,325,3.7399
2011,3,2,1,172,1.5172
2011,3,2,2,154,3.4353
2011,3,2,3,138,2.0247
2011,3,2,4,158,4.2041
2011,3,2,5,187,3.0809
2011,3,3,1,118,1.7407
2011,3,3,2,153,0.4990
2011,3,3,3,168,1.0286
2011,3,3,4,186,0.6783
2011,3,3,5,196,0.4932
2011,4,1,1,555,0.8877
2011,4,1,2,299,1.0525
2011,4,1,3,230,1.9054
2011,4,1,4,221,0.6741
2011,4,1,5,309,1.8831
2011,4,2,1,169,1.8884
2011,4,2,2,156,1.5663
2011,4,2,3,136,2.4849
2011,4,2,4,155,2.3197
2011,4,2,5,187,3.3037
2011,4,3,1,113,2.5118
2011,4,3,2,155,3.0537
2011,4,3,3,166,3.0348
2011,4,3,4,182,3.6229
2011,4,3,5,190,4.4633
2011,5,1,1,677,-3.5342
2011,5,1,2,351,-3.3174
2011,5,1,3,294,-0.5881
2011,5,1,4,294,-1.0622
2011,5,1,5,383,-1.2042
2011,5,2,1,201,-2.0698
2011,5,2,2,208,-1.4684
2011,5,2,3,179,-1.7009
2011,5,2,4,203,-1.8772
2011,5,2,5,217,-0.8940
2011,5,3,1,156,-2.7662
2011,5,3,2,196,-0.7965
2011,5,3,3,230,-2.2417
2011,5,3,4,235,-0.8308
2011,5,3,5,232,-0.1285
2011,6,1,1,683,-3.7809
2011,6,1,2,367,-2.5188
2011,6,1,3,308,-2.4001
2011,6,1,4,314,-0.6490
2011,6,1,5,387,-1.8486
2011,6,2,1,203,-2.5405
2011,6,2,2,212,-2.1463
2011,6,2,3,179,-1.1682
2011,6,2,4,213,-0.9331
2011,6,2,5,216,-1.7173
2011,6,3,1,156,-2.5082
2011,6,3,2,195,-1.8682
2011,6,3,3,234,-1.4742
2011,6,3,4,245,-1.6773
2011,6,3,5,234,-1.0536
2011,7,1,1,657,-1.9195
2011,7,1,2,353,-1.9771
2011,7,1,3,293,-4.1249
2011,7,1,4,306,-3.5117
2011,7,1,5,365,-2.4068
2011,7,2,1,197,-5.1301
2011,7,2,2,204,-4.7783
2011,7,2,3,173,-4.2788
2011,7,2,4,202,-3.9837
2011,7,2,5,208,-3.4946
2011,7,3,1,152,-0.3407
2011,7,3,2,178,-3.7570
2011,7,3,3,231,-3.5361
2011,7,3,4,239,-3.3960
2011,7,3,5,230,0.9267
2011,8,1,1,658,-13.0053
2011,8,1,2,345,-9.2900
2011,8,1,3,297,-8.4541
2011,8,1,4,301,-9.7553
2011,8,1,5,366,-10.3773
2011,8,2,1,197,-11.3402
2011,8,2,2,203,-9.8833
2011,8,2,3,169,-8.5324
2011,8,2,4,196,-8.5902
2011,8,2,5,204,-7.8444
2011,8,3,1,148,-8.6282
2011,8,3,2,170,-6.8297
2011,8,3,3,225,-5.2370
2011,8,3,4,240,-4.9946
2011,8,3,5,232,-4.1797
2011,9,1,1,659,-13.6166
2011,9,1,2,345,-11.1683
2011,9,1,3,298,-10.2535
2011,9,1,4,297,-10.9405
2011,9,1,5,360,-9.5587
2011,9,2,1,204,-13.9155
2011,9,2,2,199,-12.2822
2011,9,2,3,170,-11.0125
2011,9,2,4,198,-10.8075
2011,9,2,5,205,-10.7153
2011,9,3,1,146,-13.8500
2011,9,3,2,163,-10.0646
2011,9,3,3,231,-9.1836
2011,9,3,4,241,-5.2999
2011,9,3,5,236,-5.0540
2011,10,1,1,583,14.6386
2011,10,1,2,280,12.4842
2011,10,1,3,226,15.6352
2011,10,1,4,242,14.3707
2011,10,1,5,294,13.8547
2011,10,2,1,169,16.5592
2011,10,2,2,155,16.4213
2011,10,2,3,137,14.7109
2011,10,2,4,161,16.1028
2011,10,2,5,177,17.4966
2011,10,3,1,97,16.3525
2011,10,3,2,116,14.4983
2011,10,3,3,179,10.8886
2011,10,3,4,200,9.0892
2011,10,3,5,204,10.2518
2011,11,1,1,590,-3.7309
2011,11,1,2,279,0.4233
2011,11,1,3,218,-0.6720
2011,11,1,4,235,-0.3012
2011,11,1,5,285,-2.2519
2011,11,2,1,165,-2.5023
2011,11,2,2,156,0.7931
2011,11,2,3,139,-0.6703
2011,11,2,4,156,0.6389
2011,11,2,5,179,-0.9343
2011,11,3,1,98,-1.1298
2011,11,3,2,113,-0.4520
2011,11,3,3,174,0.5541
2011,11,3,4,199,0.9416
2011,11,3,5,206,0.0234
2011,12,1,1,587,-0.6118
2011,12,1,2,300,2.7368
2011,12,1,3,224,1.7898
2011,12,1,4,244,2.5485
2011,12,1,5,290,0.6516
2011,12,2,1,167,0.2343
2011,12,2,2,165,-0.8157
2011,12,2,3,153,0.0762
2011,12,2,4,161,-0.7407
2011,12,2,5,183,-0.2775
2011,12,3,1,97,-1.6150
2011,12,3,2,119,2.0047
2011,12,3,3,179,0.3520
2011,12,3,4,200,0.1961
2011,12,3,5,207,0.8851
2012,1,1,1,577,9.4441
2012,1,1,2,289,7.6700
2012,1,1,3,213,8.1604
2012,1,1,4,238,8.3638
2012,1,1,5,273,8.1404
2012,1,2,1,162,9.2092
2012,1,2,2,162,6.4089
2012,1,2,3,151,8.9926
2012,1,2,4,155,7.7288
2012,1,2,5,183,7.5944
2012,1,3,1,96,7.7753
2012,1,3,2,117,6.9901
2012,1,3,3,175,4.5402
2012,1,3,4,197,3.3078
2012,1,3,5,205,5.0219
2012,2,1,1,577,3.2538
2012,2,1,2,296,1.5273
2012,2,1,3,209,1.3742
2012,2,1,4,237,0.5846
2012,2,1,5,270,1.7381
2012,2,2,1,158,6.0171
2012,2,2,2,166,3.3472
2012,2,2,3,155,2.8536
2012,2,2,4,162,4.1933
2012,2,2,5,184,2.6757
2012,2,3,1,99,5.0779
2012,2,3,2,119,3.7257
2012,2,3,3,176,4.6812
2012,2,3,4,206,3.3129
2012,2,3,5,211,5.0279
2012,3,1,1,588,1.7225
2012,3,1,2,295,3.4992
2012,3,1,3,226,4.3580
2012,3,1,4,254,3.7362
2012,3,1,5,269,4.7653
2012,3,2,1,159,2.0705
2012,3,2,2,173,1.9127
2012,3,2,3,168,1.4226
2012,3,2,4,165,2.2177
2012,3,2,5,183,2.2215
2012,3,3,1,99,-0.8660
2012,3,3,2,128,1.5081
2012,3,3,3,181,1.8291
2012,3,3,4,208,2.1161
2012,3,3,5,218,3.7953
2012,4,1,1,566,-2.3842
2012,4,1,2,292,-2.3262
2012,4,1,3,223,-2.3823
2012,4,1,4,250,-2.4660
2012,4,1,5,257,-2.6452
2012,4,2,1,154,-1.4498
2012,4,2,2,170,-0.7915
2012,4,2,3,162,-1.4774
2012,4,2,4,161,-0.9930
2012,4,2,5,174,-1.9211
2012,4,3,1,101,-0.6220
2012,4,3,2,126,-0.5140
2012,4,3,3,170,0.1115
2012,4,3,4,208,-0.6029
2012,4,3,5,211,-0.8369
2012,5,1,1,700,-9.7251
2012,5,1,2,363,-8.1114
2012,5,1,3,276,-6.1097
2012,5,1,4,316,-7.7859
2012,5,1,5,310,-7.3298
2012,5,2,1,171,-8.8413
2012,5,2,2,183,-7.5618
2012,5,2,3,195,-8.9752
2012,5,2,4,196,-5.8284
2012,5,2,5,207,-6.7794
2012,5,3,1,118,-8.7646
2012,5,3,2,163,-6.7903
2012,5,3,3,210,-4.6331
2012,5,3,4,255,-5.5346
2012,5,3,5,252,-6.1002
2012,6,1,1,711,5.3558
2012,6,1,2,374,5.7860
2012,6,1,3,307,6.2309
2012,6,1,4,329,7.3209
2012,6,1,5,313,5.2975
2012,6,2,1,175,6.6736
2012,6,2,2,195,4.2990
2012,6,2,3,203,4.0540
2012,6,2,4,207,1.6702
2012,6,2,5,214,4.1082
2012,6,3,1,120,2.0925
2012,6,3,2,172,4.6102
2012,6,3,3,217,2.0807
2012,6,3,4,263,4.0659
2012,6,3,5,261,3.7570
2012,7,1,1,687,-2.9620
2012,7,1,2,361,-1.9466
2012,7,1,3,302,-2.9546
2012,7,1,4,311,-1.6824
2012,7,1,5,298,-2.1472
2012,7,2,1,167,-4.6410
2012,7,2,2,190,-0.9465
2012,7,2,3,196,-1.4582
2012,7,2,4,207,-0.9483
2012,7,2,5,212,-2.0270
2012,7,3,1,112,-1.6700
2012,7,3,2,169,0.7258
2012,7,3,3,209,2.6123
2012,7,3,4,256,0.7645
2012,7,3,5,263,1.6087
2012,8,1,1,686,3.2172
2012,8,1,2,357,4.8900
2012,8,1,3,285,2.2392
2012,8,1,4,300,2.7833
2012,8,1,5,301,1.7296
2012,8,2,1,166,4.6299
2012,8,2,2,179,3.3944
2012,8,2,3,184,5.1232
2012,8,2,4,202,4.7761
2012,8,2,5,211,3.1208
2012,8,3,1,111,3.8825
2012,8,3,2,165,2.6157
2012,8,3,3,206,1.1955
2012,8,3,4,247,3.0822
2012,8,3,5,265,3.0030
2012,9,1,1,684,5.8066
2012,9,1,2,348,3.8859
2012,9,1,3,284,5.4063
2012,9,1,4,295,4.1748
2012,9,1,5,301,4.1959
2012,9,2,1,160,3.8439
2012,9,2,2,188,2.5817
2012,9,2,3,185,3.8951
2012,9,2,4,200,2.5847
2012,9,2,5,208,2.5156
2012,9,3,1,111,2.8515
2012,9,3,2,170,4.2715
2012,9,3,3,208,2.8252
2012,9,3,4,249,2.1042
2012,9,3,5,267,2.0537
2012,10,1,1,591,-3.5417
2012,10,1,2,276,-2.1449
2012,10,1,3,228,-3.5416
2012,10,1,4,233,-4.3620
2012,10,1,5,241,-4.5504
2012,10,2,1,136,1.4056
2012,10,2,2,148,0.1695
2012,10,2,3,152,-1.6830
2012,10,2,4,149,-1.4500
2012,10,2,5,189,-3.8656
2012,10,3,1,85,1.8758
2012,10,3,2,134,-2.5850
2012,10,3,3,166,-0.7721
2012,10,3,4,192,-1.7115
2012,10,3,5,239,-4.1300
2012,11,1,1,587,0.8320
2012,11,1,2,268,1.3531
2012,11,1,3,235,0.7357
2012,11,1,4,224,1.3734
2012,11,1,5,243,0.7357
2012,11,2,1,131,2.2814
2012,11,2,2,150,1.1830
2012,11,2,3,152,1.0726
2012,11,2,4,146,1.0891
2012,11,2,5,186,2.6445
2012,11,3,1,83,2.4751
2012,11,3,2,136,1.5147
2012,11,3,3,164,1.3961
2012,11,3,4,182,1.4364
2012,11,3,5,242,0.7655
2012,12,1,1,592,2.6237
2012,12,1,2,281,5.4182
2012,12,1,3,240,3.9859
2012,12,1,4,235,5.1203
2012,12,1,5,250,3.1693
2012,12,2,1,137,4.3109
2012,12,2,2,154,5.1928
2012,12,2,3,152,4.0387
2012,12,2,4,150,3.6311
2012,12,2,5,185,2.8422
2012,12,3,1,82,3.9884
2012,12,3,2,136,2.5828
2012,12,3,3,165,0.0357
2012,12,3,4,185,1.0351
2012,12,3,5,245,-0.5644
2013,1,1,1,574,5.8453
2013,1,1,2,271,6.5524
2013,1,1,3,226,5.3164
2013,1,1,4,225,4.4580
2013,1,1,5,240,5.2620
2013,1,2,1,132,7.8101
2013,1,2,2,149,6.4857
2013,1,2,3,149,5.5657
2013,1,2,4,145,5.5636
2013,1,2,5,180,5.9555
2013,1,3,1,79,5.4423
2013,1,3,2,128,6.7540
2013,1,3,3,162,5.4178
2013,1,3,4,184,6.0902
2013,1,3,5,242,4.3136
2013,2,1,1,573,0.0578
2013,2,1,2,259,1.5509
2013,2,1,3,216,1.9309
2013,2,1,4,218,1.0154
2013,2,1,5,241,-1.1308
2013,2,2,1,131,0.2860
2013,2,2,2,147,1.3218
2013,2,2,3,143,0.9778
2013,2,2,4,145,0.8883
2013,2,2,5,184,0.8811
2013,2,3,1,80,-0.1648
2013,2,3,2,126,2.1896
2013,2,3,3,158,1.6268
2013,2,3,4,185,1.3733
2013,2,3,5,242,0.5858
2013,3,1,1,579,5.5826
2013,3,1,2,274,5.1690
2013,3,1,3,230,4.0104
2013,3,1,4,229,5.2327
2013,3,1,5,249,3.9083
2013,3,2,1,138,4.3036
2013,3,2,2,156,5.8428
2013,3,2,3,148,4.2695
2013,3,2,4,146,5.2779
2013,3,2,5,194,5.0552
2013,3,3,1,83,4.9258
2013,3,3,2,139,4.0500
2013,3,3,3,163,4.1948
2013,3,3,4,193,3.5995
2013,3,3,5,246,3.1595
2013,4,1,1,552,-1.3443
2013,4,1,2,270,-0.3983
2013,4,1,3,234,0.0068
2013,4,1,4,221,0.5011
2013,4,1,5,238,1.7055
2013,4,2,1,137,0.3694
2013,4,2,2,156,-2.8634
2013,4,2,3,141,-1.0222
2013,4,2,4,145,-1.5499
2013,4,2,5,185,-1.0182
2013,4,3,1,83,2.7419
2013,4,3,2,135,0.0658
2013,4,3,3,157,2.0593
2013,4,3,4,186,0.7224
2013,4,3,5,244,1.8308
2013,5,1,1,639,5.1758
2013,5,1,2,329,5.2663
2013,5,1,3,275,5.6279
2013,5,1,4,270,6.1291
2013,5,1,5,287,6.7366
2013,5,2,1,164,8.3608
2013,5,2,2,193,5.4876
2013,5,2,3,178,5.0875
2013,5,2,4,195,5.4351
2013,5,2,5,210,5.3381
2013,5,3,1,108,4.4478
2013,5,3,2,178,3.3155
2013,5,3,3,191,0.0382
2013,5,3,4,232,2.7420
2013,5,3,5,268,2.1439
2013,6,1,1,652,-0.0167
2013,6,1,2,348,1.9111
2013,6,1,3,298,1.2270
2013,6,1,4,282,1.5376
2013,6,1,5,292,0.5842
2013,6,2,1,171,-1.7970
2013,6,2,2,201,-1.2579
2013,6,2,3,185,-0.2121
2013,6,2,4,206,-0.4011
2013,6,2,5,214,-0.6004
2013,6,3,1,117,-2.3822
2013,6,3,2,186,-1.5805
2013,6,3,3,199,-0.2473
2013,6,3,4,243,-0.1952
2013,6,3,5,271,-2.7285
2013,7,1,1,626,6.4809
2013,7,1,2,338,9.1000
2013,7,1,3,290,8.7734
2013,7,1,4,266,8.0677
2013,7,1,5,277,8.8531
2013,7,2,1,170,7.5053
2013,7,2,2,201,8.0046
2013,7,2,3,181,7.3186
2013,7,2,4,205,6.0909
2013,7,2,5,207,6.6563
2013,7,3,1,114,5.5478
2013,7,3,2,183,5.7552
2013,7,3,3,197,3.9160
2013,7,3,4,234,5.6361
2013,7,3,5,268,5.3870
2013,8,1,1,623,-2.2052
2013,8,1,2,331,-3.4678
2013,8,1,3,284,-2.4340
2013,8,1,4,264,-2.0453
2013,8,1,5,277,-3.0942
2013,8,2,1,163,-3.2547
2013,8,2,2,196,-4.2790
2013,8,2,3,182,-2.8805
2013,8,2,4,205,-1.3346
2013,8,2,5,208,-2.2586
2013,8,3,1,116,-0.4468
2013,8,3,2,179,-1.7076
2013,8,3,3,197,-3.1683
2013,8,3,4,232,-2.9126
2013,8,3,5,263,-1.8657
2013,9,1,1,613,7.1474
2013,9,1,2,333,6.8354
2013,9,1,3,285,7.6588
2013,9,1,4,263,6.4421
2013,9,1,5,277,6.5549
2013,9,2,1,165,5.1394
2013,9,2,2,196,6.5884
2013,9,2,3,186,7.5447
2013,9,2,4,203,5.9195
2013,9,2,5,211,6.5358
2013,9,3,1,118,5.5255
2013,9,3,2,180,5.2474
2013,9,3,3,198,2.7169
2013,9,3,4,239,3.8182
2013,9,3,5,267,2.9854
2013,10,1,1,536,2.5744
2013,10,1,2,265,1.6146
2013,10,1,3,228,4.0280
2013,10,1,4,196,5.1092
2013,10,1,5,236,3.8886
2013,10,2,1,139,0.7715
2013,10,2,2,161,3.8546
2013,10,2,3,141,3.1953
2013,10,2,4,162,3.4460
2013,10,2,5,181,3.5578
2013,10,3,1,96,2.8708
2013,10,3,2,142,4.6996
2013,10,3,3,166,5.5320
2013,10,3,4,193,4.5422
2013,10,3,5,233,4.6762
2013,11,1,1,536,4.3924
2013,11,1,2,263,5.0988
2013,11,1,3,216,7.9148
2013,11,1,4,189,4.8889
2013,11,1,5,227,4.5324
2013,11,2,1,144,3.6941
2013,11,2,2,157,2.8172
2013,11,2,3,148,4.3718
2013,11,2,4,152,3.8996
2013,11,2,5,171,3.8381
2013,11,3,1,97,0.6096
2013,11,3,2,141,1.4934
2013,11,3,3,165,1.9468
2013,11,3,4,190,1.7653
2013,11,3,5,238,4.0409
2013,12,1,1,540,4.8755
2013,12,1,2,271,2.6344
2013,12,1,3,221,2.0253
2013,12,1,4,199,1.2779
2013,12,1,5,230,1.5891
2013,12,2,1,150,3.4999
2013,12,2,2,155,2.5470
2013,12,2,3,147,2.6988
2013,12,2,4,157,3.1817
2013,12,2,5,172,0.5599
2013,12,3,1,98,2.6873
2013,12,3,2,142,4.2398
2013,12,3,3,167,1.8451
2013,12,3,4,194,1.8926
2013,12,3,5,239,2.5013
2014,1,1,1,524,0.7556
2014,1,1,2,262,-4.7902
2014,1,1,3,220,-4.3570
2014,1,1,4,192,-2.5512
2014,1,1,5,223,-1.7780
2014,1,2,1,145,-3.3398
2014,1,2,2,152,-3.8056
2014,1,2,3,147,-4.0405
2014,1,2,4,150,-4.4947
2014,1,2,5,171,-3.7600
2014,1,3,1,94,-1.6732
2014,1,3,2,137,-4.6730
2014,1,3,3,158,-3.7437
2014,1,3,4,187,-3.7150
2014,1,3,5,231,-3.6626
2014,2,1,1,514,5.5890
2014,2,1,2,256,3.9662
2014,2,1,3,211,4.0666
2014,2,1,4,193,5.0784
2014,2,1,5,226,2.8770
2014,2,2,1,151,6.3658
2014,2,2,2,145,4.4826
2014,2,2,3,143,3.5256
2014,2,2,4,152,5.2355
2014,2,2,5,172,5.7356
2014,2,3,1,96,5.9266
2014,2,3,2,135,4.7730
2014,2,3,3,162,3.7278
2014,2,3,4,189,5.6936
2014,2,3,5,236,5.2806
2014,3,1,1,525,-0.4569
2014,3,1,2,265,-0.3601
2014,3,1,3,223,-0.4152
2014,3,1,4,200,2.4653
2014,3,1,5,227,1.0486
2014,3,2,1,166,-1.2574
2014,3,2,2,157,-0.0574
2014,3,2,3,147,0.3330
2014,3,2,4,154,1.4474
2014,3,2,5,177,0.6841
2014,3,3,1,98,-1.1781
2014,3,3,2,153,-0.4988
2014,3,3,3,174,1.0009
2014,3,3,4,202,0.1456
2014,3,3,5,239,0.1646
2014,4,1,1,517,-6.7535
2014,4,1,2,255,-5.3871
2014,4,1,3,223,-3.3893
2014,4,1,4,194,-3.0270
2014,4,1,5,216,-4.1650
2014,4,2,1,166,-2.8227
2014,4,2,2,147,-2.2767
2014,4,2,3,146,-3.6343
2014,4,2,4,154,-2.6491
2014,4,2,5,169,-2.5741
2014,4,3,1,96,-0.3125
2014,4,3,2,152,1.2147
2014,4,3,3,171,1.3153
2014,4,3,4,196,0.4384
2014,4,3,5,231,0.7860
2014,5,1,1,611,-2.6160
2014,5,1,2,315,0.5410
2014,5,1,3,266,0.4472
2014,5,1,4,240,0.3860
2014,5,1,5,265,-0.7106
2014,5,2,1,196,0.1427
2014,5,2,2,180,0.3534
2014,5,2,3,186,0.2140
2014,5,2,4,186,0.7831
2014,5,2,5,205,0.5698
2014,5,3,1,126,2.8097
2014,5,3,2,185,2.7013
2014,5,3,3,213,1.6069
2014,5,3,4,251,2.3090
2014,5,3,5,273,2.3803
2014,6,1,1,627,4.5992
2014,6,1,2,332,3.8492
2014,6,1,3,274,4.7401
2014,6,1,4,253,3.3081
2014,6,1,5,279,4.0098
2014,6,2,1,194,5.4369
2014,6,2,2,187,5.2179
2014,6,2,3,193,3.7932
2014,6,2,4,191,4.8365
2014,6,2,5,217,5.9002
2014,6,3,1,131,4.1392
2014,6,3,2,191,1.7553
2014,6,3,3,213,1.2160
2014,6,3,4,254,2.1775
2014,6,3,5,276,2.3259
2014,7,1,1,601,-7.4527
2014,7,1,2,324,-5.7122
2014,7,1,3,270,-4.5092
2014,7,1,4,245,-5.8483
2014,7,1,5,282,-5.1964
2014,7,2,1,183,-5.9787
2014,7,2,2,186,-5.8449
2014,7,2,3,193,-5.4895
2014,7,2,4,187,-5.9814
2014,7,2,5,213,-6.2958
2014,7,3,1,130,-4.0441
2014,7,3,2,188,-1.9570
2014,7,3,3,209,-2.4684
2014,7,3,4,249,-1.6579
2014,7,3,5,276,-0.3694
2014,8,1,1,598,3.9571
2014,8,1,2,325,4.3903
2014,8,1,3,268,4.2481
2014,8,1,4,238,6.1242
2014,8,1,5,277,3.7504
2014,8,2,1,190,5.5444
2014,8,2,2,186,3.7537
2014,8,2,3,188,5.2697
2014,8,2,4,182,5.6929
2014,8,2,5,210,5.9492
2014,8,3,1,131,5.2390
2014,8,3,2,193,3.7253
2014,8,3,3,206,4.3266
2014,8,3,4,250,2.9004
2014,8,3,5,276,4.6522
2014,9,1,1,589,-8.8270
2014,9,1,2,327,-5.3064
2014,9,1,3,264,-5.8924
2014,9,1,4,238,-6.2259
2014,9,1,5,278,-5.9462
2014,9,2,1,188,-8.1311
2014,9,2,2,188,-6.3244
2014,9,2,3,189,-6.3389
2014,9,2,4,187,-4.4434
2014,9,2,5,208,-4.7697
2014,9,3,1,132,-4.1553
2014,9,3,2,193,-2.6343
2014,9,3,3,205,-1.9982
2014,9,3,4,253,-2.6579
2014,9,3,5,274,-1.3796
2014,10,1,1,524,3.8114
2014,10,1,2,274,6.7226
2014,10,1,3,208,6.2811
2014,10,1,4,187,6.0456
2014,10,1,5,238,3.8169
2014,10,2,1,166,2.8081
2014,10,2,2,168,6.3380
2014,10,2,3,155,5.6956
2014,10,2,4,145,4.5514
2014,10,2,5,189,4.6450
2014,10,3,1,105,1.8081
2014,10,3,2,155,2.9742
2014,10,3,3,160,2.1071
2014,10,3,4,201,1.1767
2014,10,3,5,247,1.6585
2014,11,1,1,527,-1.3143
2014,11,1,2,283,-1.0309
2014,11,1,3,195,-0.8813
2014,11,1,4,193,-1.9246
2014,11,1,5,231,-0.8606
2014,11,2,1,174,-0.2196
2014,11,2,2,178,-0.2791
2014,11,2,3,169,0.2952
2014,11,2,4,158,1.3348
2014,11,2,5,186,0.2447
2014,11,3,1,105,1.9969
2014,11,3,2,162,3.7615
2014,11,3,3,169,2.7263
2014,11,3,4,209,2.1759
2014,11,3,5,249,3.4122
2014,12,1,1,534,3.0010
2014,12,1,2,301,5.8304
2014,12,1,3,206,3.6808
2014,12,1,4,204,5.5544
2014,12,1,5,242,5.6990
2014,12,2,1,177,1.7653
2014,12,2,2,190,0.7263
2014,12,2,3,175,1.0544
2014,12,2,4,171,1.7206
2014,12,2,5,193,2.3246
2014,12,3,1,112,-0.9416
2014,12,3,2,169,-0.6069
2014,12,3,3,176,-0.1580
2014,12,3,4,217,0.1977
2014,12,3,5,250,-1.6609
2015,1,1,1,516,-6.4654
2015,1,1,2,296,-5.3086
2015,1,1,3,206,-5.0169
2015,1,1,4,207,-4.4123
2015,1,1,5,227,-4.4990
2015,1,2,1,175,-4.6436
2015,1,2,2,184,-5.6414
2015,1,2,3,172,-4.4824
2015,1,2,4,167,-3.5007
2015,1,2,5,193,-2.5221
2015,1,3,1,105,-1.4269
2015,1,3,2,161,-2.4705
2015,1,3,3,174,-2.7560
2015,1,3,4,218,-3.0487
2015,1,3,5,247,-1.4405
2015,2,1,1,515,6.5584
2015,2,1,2,287,6.5729
2015,2,1,3,203,5.6932
2015,2,1,4,198,6.2484
2015,2,1,5,233,4.6578
2015,2,2,1,176,9.5657
2015,2,2,2,188,7.7337
2015,2,2,3,165,6.6441
2015,2,2,4,171,6.7987
2015,2,2,5,193,7.2786
2015,2,3,1,114,7.5111
2015,2,3,2,172,6.7333
2015,2,3,3,179,6.1028
2015,2,3,4,222,6.1603
2015,2,3,5,240,5.9563
2015,3,1,1,513,-1.8415
2015,3,1,2,304,1.4839
2015,3,1,3,220,0.8193
2015,3,1,4,219,1.0607
2015,3,1,5,245,0.5091
2015,3,2,1,177,-0.0723
2015,3,2,2,202,0.7955
2015,3,2,3,181,1.4689
2015,3,2,4,194,2.8769
2015,3,2,5,203,1.3006
2015,3,3,1,126,-0.8675
2015,3,3,2,179,-0.2290
2015,3,3,3,202,-1.6526
2015,3,3,4,236,-1.9356
2015,3,3,5,254,-1.8194
2015,4,1,1,509,0.5142
2015,4,1,2,305,-0.5507
2015,4,1,3,220,-0.6754
2015,4,1,4,225,-1.2820
2015,4,1,5,254,1.2116
2015,4,2,1,173,-1.3098
2015,4,2,2,194,-0.3822
2015,4,2,3,174,-2.2966
2015,4,2,4,188,-1.7066
2015,4,2,5,199,-1.2118
2015,4,3,1,123,0.8665
2015,4,3,2,171,0.6034
2015,4,3,3,194,-0.2367
2015,4,3,4,224,1.0601
2015,4,3,5,255,1.2675
2015,5,1,1,607,-0.4751
2015,5,1,2,345,-0.6154
2015,5,1,3,261,-1.5095
2015,5,1,4,257,-0.1901
2015,5,1,5,287,-0.7517
2015,5,2,1,195,1.5086
2015,5,2,2,221,1.4675
2015,5,2,3,218,1.2522
2015,5,2,4,211,0.1586
2015,5,2,5,222,1.2632
2015,5,3,1,150,0.7041
2015,5,3,2,200,1.8005
2015,5,3,3,231,0.4694
2015,5,3,4,271,0.0453
2015,5,3,5,279,1.7724
2015,6,1,1,632,-0.2047
2015,6,1,2,375,0.5929
2015,6,1,3,292,1.0005
2015,6,1,4,280,1.6995
2015,6,1,5,294,1.6137
2015,6,2,1,206,1.7918
2015,6,2,2,228,0.6729
2015,6,2,3,223,-0.2665
2015,6,2,4,220,0.4769
2015,6,2,5,236,-0.2332
2015,6,3,1,149,-2.0066
2015,6,3,2,209,-1.0080
2015,6,3,3,244,-1.4965
2015,6,3,4,283,-2.2769
2015,6,3,5,291,-2.5253
2015,7,1,1,597,-7.3861
2015,7,1,2,369,-7.0967
2015,7,1,3,284,-5.9581
2015,7,1,4,263,-6.5415
2015,7,1,5,299,-4.7075
2015,7,2,1,193,-3.5687
2015,7,2,2,225,-2.2889
2015,7,2,3,226,-4.0255
2015,7,2,4,216,-2.4700
2015,7,2,5,229,-2.9123
2015,7,3,1,149,-1.1320
2015,7,3,2,202,1.6824
2015,7,3,3,233,1.2731
2015,7,3,4,274,1.3951
2015,7,3,5,284,1.8260
2015,8,1,1,593,-4.7938
2015,8,1,2,355,-4.9074
2015,8,1,3,279,-3.1018
2015,8,1,4,246,-2.7050
2015,8,1,5,294,-2.6747
2015,8,2,1,184,-6.9151
2015,8,2,2,211,-4.4136
2015,8,2,3,223,-4.6242
2015,8,2,4,206,-4.8872
2015,8,2,5,227,-4.6615
2015,8,3,1,150,-6.1563
2015,8,3,2,196,-6.1004
2015,8,3,3,232,-6.0053
2015,8,3,4,272,-5.6602
2015,8,3,5,289,-6.1101
2015,9,1,1,593,-10.5798
2015,9,1,2,343,-7.9511
2015,9,1,3,296,-5.0372
2015,9,1,4,257,-4.6292
2015,9,1,5,295,-5.0383
2015,9,2,1,187,-10.0258
2015,9,2,2,218,-7.1054
2015,9,2,3,225,-6.0432
2015,9,2,4,203,-6.3062
2015,9,2,5,222,-4.3223
2015,9,3,1,152,-4.2285
2015,9,3,2,201,-3.2996
2015,9,3,3,240,-2.4692
2015,9,3,4,280,-2.6820
2015,9,3,5,296,-2.3415
2015,10,1,1,540,4.1887
2015,10,1,2,289,7.5092
2015,10,1,3,261,7.9691
2015,10,1,4,212,7.0346
2015,10,1,5,236,5.0989
2015,10,2,1,167,3.1559
2015,10,2,2,189,8.5187
2015,10,2,3,185,7.8088
2015,10,2,4,168,7.4330
2015,10,2,5,191,7.3677
2015,10,3,1,126,7.9215
2015,10,3,2,167,8.1628
2015,10,3,3,198,8.8438
2015,10,3,4,241,7.8110
2015,10,3,5,277,9.3750
2015,11,1,1,522,3.3780
2015,11,1,2,292,1.6709
2015,11,1,3,240,1.5466
2015,11,1,4,191,0.9236
2015,11,1,5,217,2.9758
2015,11,2,1,159,3.5618
2015,11,2,2,186,2.6545
2015,11,2,3,185,3.2330
2015,11,2,4,159,3.6691
2015,11,2,5,180,3.4114
2015,11,3,1,128,-0.9377
2015,11,3,2,164,1.0276
2015,11,3,3,201,0.0619
2015,11,3,4,233,-0.2299
2015,11,3,5,275,0.8087
2015,12,1,1,550,-6.4571
2015,12,1,2,315,-5.8261
2015,12,1,3,247,-7.1835
2015,12,1,4,198,-4.7677
2015,12,1,5,225,-3.9386
2015,12,2,1,169,-4.9600
2015,12,2,2,189,-6.7296
2015,12,2,3,195,-6.0931
2015,12,2,4,167,-5.2678
2015,12,2,5,185,-4.7576
2015,12,3,1,130,-4.3047
2015,12,3,2,181,-2.2679
2015,12,3,3,208,-2.2892
2015,12,3,4,240,-0.9051
2015,12,3,5,282,-1.4939
2016,1,1,1,546,-13.8244
2016,1,1,2,307,-7.1917
2016,1,1,3,231,-7.4591
2016,1,1,4,183,-9.1872
2016,1,1,5,215,-7.0145
2016,1,2,1,164,-14.3518
2016,1,2,2,187,-7.6020
2016,1,2,3,183,-8.8736
2016,1,2,4,157,-6.2724
2016,1,2,5,188,-7.6163
2016,1,3,1,121,-9.7683
2016,1,3,2,171,-6.7645
2016,1,3,3,198,-3.8901
2016,1,3,4,223,-3.2952
2016,1,3,5,273,-5.5325
2016,2,1,1,546,1.6643
2016,2,1,2,285,-0.6179
2016,2,1,3,218,-0.2211
2016,2,1,4,174,1.1213
2016,2,1,5,204,3.8089
2016,2,2,1,162,1.4163
2016,2,2,2,185,2.4620
2016,2,2,3,171,0.5719
2016,2,2,4,155,1.0547
2016,2,2,5,182,3.5347
2016,2,3,1,120,-0.0375
2016,2,3,2,167,0.3040
2016,2,3,3,193,0.3908
2016,2,3,4,222,1.8167
2016,2,3,5,277,-0.7035
2016,3,1,1,563,9.1025
2016,3,1,2,301,8.5448
2016,3,1,3,216,6.0330
2016,3,1,4,162,7.4581
2016,3,1,5,207,5.9080
2016,3,2,1,174,12.8610
2016,3,2,2,200,8.4036
2016,3,2,3,195,9.3116
2016,3,2,4,168,9.7419
2016,3,2,5,200,7.2882
2016,3,3,1,130,9.0652
2016,3,3,2,186,8.6046
2016,3,3,3,210,6.6933
2016,3,3,4,239,6.2088
2016,3,3,5,287,6.8318
2016,4,1,1,571,7.5547
2016,4,1,2,296,3.8591
2016,4,1,3,216,4.6657
2016,4,1,4,161,1.7318
2016,4,1,5,206,2.6589
2016,4,2,1,176,7.8406
2016,4,2,2,195,2.3736
2016,4,2,3,196,1.9227
2016,4,2,4,156,1.0437
2016,4,2,5,195,-0.1600
2016,4,3,1,122,3.7180
2016,4,3,2,178,1.4995
2016,4,3,3,197,1.9312
2016,4,3,4,227,0.6482
2016,4,3,5,277,-1.4648
2016,5,1,1,691,-2.6938
2016,5,1,2,331,-3.8470
2016,5,1,3,245,-1.9404
2016,5,1,4,197,-1.9566
2016,5,1,5,239,1.5383
2016,5,2,1,194,0.7278
2016,5,2,2,222,-0.4580
2016,5,2,3,228,1.0236
2016,5,2,4,194,0.6945
2016,5,2,5,214,2.9753
2016,5,3,1,142,-0.0463
2016,5,3,2,200,0.5364
2016,5,3,3,222,0.5032
2016,5,3,4,257,1.9051
2016,5,3,5,292,2.9322
2016,6,1,1,700,-0.2176
2016,6,1,2,373,0.9455
2016,6,1,3,266,2.6148
2016,6,1,4,214,2.1570
2016,6,1,5,248,1.0919
2016,6,2,1,200,0.3316
2016,6,2,2,235,0.4874
2016,6,2,3,243,0.0651
2016,6,2,4,202,0.2567
2016,6,2,5,223,0.1820
2016,6,3,1,143,0.4460
2016,6,3,2,212,1.3476
2016,6,3,3,234,1.8533
2016,6,3,4,256,1.2710
2016,6,3,5,303,-0.3301
2016,7,1,1,667,5.2888
2016,7,1,2,373,6.5355
2016,7,1,3,262,5.3419
2016,7,1,4,207,7.0641
2016,7,1,5,239,5.2863
2016,7,2,1,197,8.2341
2016,7,2,2,236,5.3343
2016,7,2,3,230,5.5147
2016,7,2,4,199,5.2693
2016,7,2,5,222,6.7135
2016,7,3,1,134,3.2763
2016,7,3,2,203,1.5115
2016,7,3,3,226,2.5327
2016,7,3,4,249,3.0661
2016,7,3,5,289,5.7595
2016,8,1,1,649,3.3285
2016,8,1,2,369,3.0015
2016,8,1,3,264,4.1036
2016,8,1,4,205,4.5809
2016,8,1,5,235,2.9141
2016,8,2,1,180,1.1594
2016,8,2,2,227,0.7749
2016,8,2,3,229,1.0603
2016,8,2,4,191,2.5030
2016,8,2,5,216,1.7081
2016,8,3,1,135,0.1905
2016,8,3,2,181,-0.6862
2016,8,3,3,209,-0.9944
2016,8,3,4,248,-0.4973
2016,8,3,5,287,-0.1058
2016,9,1,1,658,5.5037
2016,9,1,2,385,1.8462
2016,9,1,3,266,1.4685
2016,9,1,4,209,3.3990
2016,9,1,5,238,4.9816
2016,9,2,1,181,2.9373
2016,9,2,2,229,0.6165
2016,9,2,3,231,1.6846
2016,9,2,4,198,0.4263
2016,9,2,5,213,1.1945
2016,9,3,1,135,2.4369
2016,9,3,2,190,-0.3815
2016,9,3,3,213,0.3765
2016,9,3,4,252,-0.4588
2016,9,3,5,289,0.7334
2016,10,1,1,594,-8.2374
2016,10,1,2,347,-5.0792
2016,10,1,3,221,-5.0250
2016,10,1,4,185,-4.5174
2016,10,1,5,210,-4.3537
2016,10,2,1,142,-10.0522
2016,10,2,2,184,-5.0034
2016,10,2,3,182,-5.5210
2016,10,2,4,171,-2.9331
2016,10,2,5,190,-5.2808
2016,10,3,1,113,-2.4790
2016,10,3,2,152,-3.7841
2016,10,3,3,172,-1.8273
2016,10,3,4,203,-1.9670
2016,10,3,5,266,-2.3421
2016,11,1,1,577,9.5168
2016,11,1,2,329,13.8990
2016,11,1,3,192,13.7007
2016,11,1,4,166,12.4409
2016,11,1,5,197,8.4524
2016,11,2,1,136,9.1711
2016,11,2,2,176,9.3117
2016,11,2,3,169,11.8713
2016,11,2,4,168,11.2047
2016,11,2,5,177,11.0224
2016,11,3,1,112,8.8025
2016,11,3,2,149,3.7073
2016,11,3,3,178,4.0232
2016,11,3,4,195,3.4156
2016,11,3,5,270,1.2974
2016,12,1,1,589,1.3287
2016,12,1,2,343,3.3881
2016,12,1,3,212,4.5170
2016,12,1,4,171,5.5043
2016,12,1,5,210,5.2723
2016,12,2,1,141,0.2763
2016,12,2,2,189,1.9010
2016,12,2,3,169,2.1731
2016,12,2,4,172,1.1980
2016,12,2,5,189,1.8953
2016,12,3,1,114,0.5197
2016,12,3,2,156,1.9509
2016,12,3,3,179,1.9160
2016,12,3,4,210,0.9216
2016,12,3,5,270,1.4245
2017,1,1,1,581,-0.0318
2017,1,1,2,330,-1.4554
2017,1,1,3,198,-2.6292
2017,1,1,4,167,-3.1898
2017,1,1,5,200,-1.4067
2017,1,2,1,136,4.3746
2017,1,2,2,190,0.6523
2017,1,2,3,161,1.5699
2017,1,2,4,162,-0.5106
2017,1,2,5,181,1.1046
2017,1,3,1,105,0.0218
2017,1,3,2,149,0.3565
2017,1,3,3,170,2.7519
2017,1,3,4,198,1.7688
2017,1,3,5,265,3.1281
2017,2,1,1,565,0.9859
2017,2,1,2,310,0.2164
2017,2,1,3,186,-1.5909
2017,2,1,4,151,-1.6293
2017,2,1,5,196,0.9404
2017,2,2,1,125,0.8087
2017,2,2,2,169,0.2673
2017,2,2,3,159,1.3649
2017,2,2,4,156,0.8776
2017,2,2,5,177,0.6550
2017,2,3,1,101,-0.4133
2017,2,3,2,151,0.5698
2017,2,3,3,164,2.8886
2017,2,3,4,199,3.2718
2017,2,3,5,260,4.8329
2017,3,1,1,568,0.8599
2017,3,1,2,316,0.0050
2017,3,1,3,209,2.2856
2017,3,1,4,163,1.9911
2017,3,1,5,202,2.2554
2017,3,2,1,140,1.2928
2017,3,2,2,185,0.3583
2017,3,2,3,173,0.0549
2017,3,2,4,163,0.8066
2017,3,2,5,184,2.4499
2017,3,3,1,114,-1.3194
2017,3,3,2,162,0.5433
2017,3,3,3,188,-0.4556
2017,3,3,4,212,0.2192
2017,3,3,5,275,1.7220
2017,4,1,1,572,1.6837
2017,4,1,2,314,1.2239
2017,4,1,3,225,1.5719
2017,4,1,4,166,3.0618
2017,4,1,5,204,3.6037
2017,4,2,1,148,0.5483
2017,4,2,2,185,1.1888
2017,4,2,3,168,1.7853
2017,4,2,4,157,0.5847
2017,4,2,5,182,2.0374
2017,4,3,1,104,-1.9295
2017,4,3,2,153,0.3667
2017,4,3,3,183,1.6420
2017,4,3,4,202,1.0943
2017,4,3,5,268,2.1879
2017,5,1,1,676,-2.7891
2017,5,1,2,346,-2.1034
2017,5,1,3,252,-3.3569
2017,5,1,4,191,-0.9808
2017,5,1,5,218,-1.5036
2017,5,2,1,170,0.0113
2017,5,2,2,202,-2.6084
2017,5,2,3,198,-1.0515
2017,5,2,4,175,-1.5113
2017,5,2,5,194,-0.0517
2017,5,3,1,119,-2.1749
2017,5,3,2,185,-0.8019
2017,5,3,3,207,1.1880
2017,5,3,4,238,0.6781
2017,5,3,5,282,3.3142
2017,6,1,1,689,6.3939
2017,6,1,2,378,4.2935
2017,6,1,3,277,3.9063
2017,6,1,4,218,1.7868
2017,6,1,5,227,3.7403
2017,6,2,1,177,5.4717
2017,6,2,2,214,2.6716
2017,6,2,3,211,2.2431
2017,6,2,4,188,2.0581
2017,6,2,5,202,1.7940
2017,6,3,1,131,0.3913
2017,6,3,2,198,0.4222
2017,6,3,3,223,-0.4566
2017,6,3,4,255,0.5173
2017,6,3,5,293,-0.7234
2017,7,1,1,650,-1.7527
2017,7,1,2,359,-0.2326
2017,7,1,3,271,-0.6714
2017,7,1,4,217,-0.3715
2017,7,1,5,217,1.1038
2017,7,2,1,171,0.5715
2017,7,2,2,210,1.4909
2017,7,2,3,207,1.5199
2017,7,2,4,178,1.4669
2017,7,2,5,200,0.1191
2017,7,3,1,124,2.1930
2017,7,3,2,194,1.9132
2017,7,3,3,214,1.4881
2017,7,3,4,250,2.0042
2017,7,3,5,286,2.3346
2017,8,1,1,635,-2.1018
2017,8,1,2,348,-2.1566
2017,8,1,3,267,-2.5429
2017,8,1,4,208,-2.7122
2017,8,1,5,211,-0.2111
2017,8,2,1,168,-1.2846
2017,8,2,2,205,-2.3155
2017,8,2,3,203,-1.4328
2017,8,2,4,176,-2.6597
2017,8,2,5,185,-1.7020
2017,8,3,1,121,-3.1819
2017,8,3,2,185,-2.5669
2017,8,3,3,209,-0.6996
2017,8,3,4,248,0.2446
2017,8,3,5,288,2.0769
2017,9,1,1,649,10.7354
2017,9,1,2,356,7.7413
2017,9,1,3,270,8.1504
2017,9,1,4,212,9.2503
2017,9,1,5,217,7.8985
2017,9,2,1,178,5.1875
2017,9,2,2,213,7.0111
2017,9,2,3,210,6.6501
2017,9,2,4,186,6.7982
2017,9,2,5,188,6.5128
2017,9,3,1,125,4.1585
2017,9,3,2,193,4.3255
2017,9,3,3,216,2.3963
2017,9,3,4,254,1.8162
2017,9,3,5,299,1.2679
2017,10,1,1,596,-0.6861
2017,10,1,2,316,0.2807
2017,10,1,3,219,-0.5107
2017,10,1,4,192,2.5481
2017,10,1,5,189,0.2153
2017,10,2,1,167,-0.4995
2017,10,2,2,177,1.2600
2017,10,2,3,177,-0.7386
2017,10,2,4,155,1.3510
2017,10,2,5,167,1.4139
2017,10,3,1,98,-1.0800
2017,10,3,2,161,-0.0073
2017,10,3,3,189,-0.4894
2017,10,3,4,218,2.1840
2017,10,3,5,267,4.8521
2017,11,1,1,573,4.3384
2017,11,1,2,286,4.1588
2017,11,1,3,195,3.5276
2017,11,1,4,171,3.4519
2017,11,1,5,175,3.4765
2017,11,2,1,158,4.1178
2017,11,2,2,163,1.9991
2017,11,2,3,172,1.3889
2017,11,2,4,145,4.8549
2017,11,2,5,159,3.0585
2017,11,3,1,95,2.5265
2017,11,3,2,150,1.6053
2017,11,3,3,181,4.1071
2017,11,3,4,215,3.9005
2017,11,3,5,269,2.7194
2017,12,1,1,587,2.6787
2017,12,1,2,306,-0.5271
2017,12,1,3,221,-1.2860
2017,12,1,4,184,-1.4488
2017,12,1,5,197,0.7928
2017,12,2,1,174,2.3556
2017,12,2,2,170,0.3789
2017,12,2,3,191,0.2564
2017,12,2,4,156,0.0108
2017,12,2,5,167,0.9634
2017,12,3,1,99,3.2503
2017,12,3,2,158,1.4520
2017,12,3,3,195,3.1116
2017,12,3,4,230,1.6118
2017,12,3,5,271,0.5677
2018,1,1,1,578,3.5521
2018,1,1,2,302,0.3368
2018,1,1,3,216,1.1792
2018,1,1,4,176,-1.1771
2018,1,1,5,194,0.6780
2018,1,2,1,174,2.6242
2018,1,2,2,163,2.5146
2018,1,2,3,186,2.6899
2018,1,2,4,153,2.3396
2018,1,2,5,162,4.0557
2018,1,3,1,99,2.4553
2018,1,3,2,151,3.9118
2018,1,3,3,184,5.5913
2018,1,3,4,216,5.1856
2018,1,3,5,266,7.6997
2018,2,1,1,564,-4.8448
2018,2,1,2,275,-4.3474
2018,2,1,3,205,-3.2948
2018,2,1,4,163,-3.2209
2018,2,1,5,189,-4.6352
2018,2,2,1,165,-6.7784
2018,2,2,2,157,-5.6232
2018,2,2,3,183,-3.3098
2018,2,2,4,149,-3.5939
2018,2,2,5,160,-3.2374
2018,2,3,1,103,-6.8563
2018,2,3,2,151,-7.9000
2018,2,3,3,184,-4.8134
2018,2,3,4,217,-3.7047
2018,2,3,5,274,-1.6762
2018,3,1,1,578,-0.7449
2018,3,1,2,295,2.4920
2018,3,1,3,220,4.6782
2018,3,1,4,182,2.7014
2018,3,1,5,195,4.1748
2018,3,2,1,175,0.0916
2018,3,2,2,192,0.2041
2018,3,2,3,205,0.2581
2018,3,2,4,182,1.5653
2018,3,2,5,180,1.0407
2018,3,3,1,129,-2.2130
2018,3,3,2,178,-0.8615
2018,3,3,3,227,-1.5491
2018,3,3,4,266,-2.1827
2018,3,3,5,297,-3.0219
2018,4,1,1,589,2.6835
2018,4,1,2,306,1.8688
2018,4,1,3,245,-0.0975
2018,4,1,4,189,1.6233
2018,4,1,5,216,2.3358
2018,4,2,1,177,2.2438
2018,4,2,2,191,1.2875
2018,4,2,3,198,0.3627
2018,4,2,4,181,0.6263
2018,4,2,5,176,-0.0531
2018,4,3,1,123,1.4666
2018,4,3,2,174,2.6308
2018,4,3,3,218,-0.0974
2018,4,3,4,255,-0.2326
2018,4,3,5,295,0.2967
2018,5,1,1,668,7.4349
2018,5,1,2,331,5.7858
2018,5,1,3,267,7.2832
2018,5,1,4,203,7.9619
2018,5,1,5,227,12.3606
2018,5,2,1,191,5.0513
2018,5,2,2,207,6.0487
2018,5,2,3,221,7.5053
2018,5,2,4,193,6.7691
2018,5,2,5,188,5.9838
2018,5,3,1,133,0.3877
2018,5,3,2,189,2.7091
2018,5,3,3,236,1.2347
2018,5,3,4,287,1.2664
2018,5,3,5,311,5.6613
2018,6,1,1,709,1.0076
2018,6,1,2,377,1.6283
2018,6,1,3,298,2.3004
2018,6,1,4,227,2.3912
2018,6,1,5,244,3.6288
2018,6,2,1,210,1.8466
2018,6,2,2,220,2.2420
2018,6,2,3,247,1.8761
2018,6,2,4,229,1.3192
2018,6,2,5,193,2.2267
2018,6,3,1,143,1.9427
2018,6,3,2,204,0.6163
2018,6,3,3,259,0.5446
2018,6,3,4,303,2.2453
2018,6,3,5,333,0.5847
2018,7,1,1,679,-0.0600
2018,7,1,2,371,0.8762
2018,7,1,3,290,0.1058
2018,7,1,4,225,0.7784
2018,7,1,5,239,1.4803
2018,7,2,1,207,0.0496
2018,7,2,2,220,1.6432
2018,7,2,3,248,3.1633
2018,7,2,4,225,4.2736
2018,7,2,5,188,1.6485
2018,7,3,1,137,1.3993
2018,7,3,2,200,3.0445
2018,7,3,3,252,4.0528
2018,7,3,4,293,2.5151
2018,7,3,5,328,3.3822
2018,8,1,1,667,3.3946
2018,8,1,2,352,5.0021
2018,8,1,3,260,4.3323
2018,8,1,4,215,1.4429
2018,8,1,5,226,7.9538
2018,8,2,1,199,3.0243
2018,8,2,2,208,4.0717
2018,8,2,3,225,3.0807
2018,8,2,4,218,5.5933
2018,8,2,5,183,8.5272
2018,8,3,1,124,2.1206
2018,8,3,2,182,0.3424
2018,8,3,3,235,1.9553
2018,8,3,4,277,2.7143
2018,8,3,5,319,6.1977
2018,9,1,1,678,-3.5830
2018,9,1,2,341,-3.5802
2018,9,1,3,276,-4.3327
2018,9,1,4,220,-1.7969
2018,9,1,5,229,-2.4164
2018,9,2,1,213,-2.7725
2018,9,2,2,219,-1.8161
2018,9,2,3,229,-2.1322
2018,9,2,4,225,-1.9220
2018,9,2,5,194,-2.7280
2018,9,3,1,130,-0.6028
2018,9,3,2,190,1.3859
2018,9,3,3,235,2.2416
2018,9,3,4,279,1.6157
2018,9,3,5,336,0.3174
2018,10,1,1,648,-11.3591
2018,10,1,2,296,-10.7536
2018,10,1,3,237,-9.7795
2018,10,1,4,191,-10.6514
2018,10,1,5,195,-10.8423
2018,10,2,1,180,-12.1080
2018,10,2,2,190,-9.6931
2018,10,2,3,208,-11.6005
2018,10,2,4,197,-12.1369
2018,10,2,5,171,-11.1021
2018,10,3,1,104,-7.0929
2018,10,3,2,157,-7.8641
2018,10,3,3,187,-6.8304
2018,10,3,4,237,-6.1287
2018,10,3,5,318,-9.1354
2018,11,1,1,594,-3.2929
2018,11,1,2,254,-0.4698
2018,11,1,3,192,-0.8498
2018,11,1,4,162,-1.5661
2018,11,1,5,165,-1.4200
2018,11,2,1,165,0.1666
2018,11,2,2,175,1.5723
2018,11,2,3,185,0.6935
2018,11,2,4,185,1.7374
2018,11,2,5,155,2.1650
2018,11,3,1,83,0.4401
2018,11,3,2,142,1.5645
2018,11,3,3,169,2.9298
2018,11,3,4,211,3.2433
2018,11,3,5,308,0.4772
2018,12,1,1,626,-15.7107
2018,12,1,2,266,-12.1332
2018,12,1,3,204,-11.8038
2018,12,1,4,174,-11.6871
2018,12,1,5,171,-9.2393
2018,12,2,1,176,-12.9385
2018,12,2,2,183,-12.6970
2018,12,2,3,191,-12.6113
2018,12,2,4,186,-12.5374
2018,12,2,5,167,-10.3868
2018,12,3,1,90,-11.8591
2018,12,3,2,151,-10.6320
2018,12,3,3,184,-9.2958
2018,12,3,4,217,-8.4448
2018,12,3,5,311,-8.1952
2019,1,1,1,619,14.7251
2019,1,1,2,260,12.0046
2019,1,1,3,197,11.2148
2019,1,1,4,173,12.1073
2019,1,1,5,164,10.4758
2019,1,2,1,178,14.7074
2019,1,2,2,177,12.5900
2019,1,2,3,184,11.6330
2019,1,2,4,179,11.0984
2019,1,2,5,167,10.5085
2019,1,3,1,86,15.8997
2019,1,3,2,144,9.5861
2019,1,3,3,177,7.4860
2019,1,3,4,204,6.7718
2019,1,3,5,311,8.2793
2019,2,1,1,597,5.0984
2019,2,1,2,239,4.7569
2019,2,1,3,181,5.6622
2019,2,1,4,161,3.5866
2019,2,1,5,152,6.9103
2019,2,2,1,173,3.8604
2019,2,2,2,171,4.1428
2019,2,2,3,176,5.8542
2019,2,2,4,164,4.3874
2019,2,2,5,159,5.4544
2019,2,3,1,97,1.7705
2019,2,3,2,149,4.6614
2019,2,3,3,174,4.2555
2019,2,3,4,211,3.3328
2019,2,3,5,318,3.6261
2019,3,1,1,601,-2.7680
2019,3,1,2,293,-3.9328
2019,3,1,3,216,-4.9844
2019,3,1,4,180,-2.6429
2019,3,1,5,161,-0.6751
2019,3,2,1,195,-0.6628
2019,3,2,2,211,-1.7326
2019,3,2,3,207,-3.9212
2019,3,2,4,192,-3.4712
2019,3,2,5,170,-1.1832
2019,3,3,1,127,-3.2429
2019,3,3,2,187,2.0615
2019,3,3,3,212,0.7885
2019,3,3,4,245,1.4687
2019,3,3,5,338,3.4558
2019,4,1,1,610,1.5211
2019,4,1,2,312,3.8774
2019,4,1,3,229,2.8711
2019,4,1,4,187,0.2853
2019,4,1,5,165,3.3943
2019,4,2,1,186,2.8884
2019,4,2,2,210,3.6596
2019,4,2,3,198,3.5515
2019,4,2,4,182,3.3234
2019,4,2,5,167,3.0920
2019,4,3,1,122,2.7444
2019,4,3,2,180,1.4446
2019,4,3,3,212,4.2156
2019,4,3,4,241,4.4291
2019,4,3,5,331,3.9836
2019,5,1,1,676,-9.4896
2019,5,1,2,363,-10.8404
2019,5,1,3,249,-11.2168
2019,5,1,4,203,-8.7051
2019,5,1,5,177,-6.9318
2019,5,2,1,208,-10.0139
2019,5,2,2,235,-9.4874
2019,5,2,3,218,-9.4124
2019,5,2,4,205,-9.7954
2019,5,2,5,181,-11.5409
2019,5,3,1,130,-7.8326
2019,5,3,2,203,-6.8750
2019,5,3,3,235,-7.3213
2019,5,3,4,262,-5.2382
2019,5,3,5,345,-7.8521
2019,6,1,1,715,4.8262
2019,6,1,2,390,7.1024
2019,6,1,3,279,7.6326
2019,6,1,4,225,5.5477
2019,6,1,5,207,5.7337
2019,6,2,1,229,8.7354
2019,6,2,2,259,8.3900
2019,6,2,3,245,8.7441
2019,6,2,4,234,8.9129
2019,6,2,5,197,7.6512
2019,6,3,1,149,8.0918
2019,6,3,2,218,8.1349
2019,6,3,3,258,8.2130
2019,6,3,4,290,7.3861
2019,6,3,5,363,7.5344
2019,7,1,1,684,-2.1991
2019,7,1,2,378,-1.0580
2019,7,1,3,272,-0.8749
2019,7,1,4,219,1.8914
2019,7,1,5,211,-0.1252
2019,7,2,1,223,-1.8987
2019,7,2,2,251,0.7908
2019,7,2,3,244,0.3200
2019,7,2,4,235,-0.6623
2019,7,2,5,199,1.0933
2019,7,3,1,146,1.0971
2019,7,3,2,216,-0.4338
2019,7,3,3,240,0.6138
2019,7,3,4,283,1.3695
2019,7,3,5,350,2.0429
2019,8,1,1,676,-8.1152
2019,8,1,2,361,-7.9992
2019,8,1,3,271,-6.0799
2019,8,1,4,211,-5.7850
2019,8,1,5,203,-5.1703
2019,8,2,1,203,-6.8832
2019,8,2,2,235,-7.1228
2019,8,2,3,234,-7.8607
2019,8,2,4,219,-4.1149
2019,8,2,5,195,-5.8949
2019,8,3,1,136,-2.5028
2019,8,3,2,196,-2.4900
2019,8,3,3,226,-2.6263
2019,8,3,4,281,-0.4642
2019,8,3,5,346,-1.9202
2019,9,1,1,678,3.1388
2019,9,1,2,363,5.7201
2019,9,1,3,270,4.9208
2019,9,1,4,204,0.8406
2019,9,1,5,209,-1.1824
2019,9,2,1,224,2.9516
2019,9,2,2,241,4.4574
2019,9,2,3,248,4.3549
2019,9,2,4,224,3.1799
2019,9,2,5,200,1.9875
2019,9,3,1,140,2.0652
2019,9,3,2,195,3.5161
2019,9,3,3,239,0.8908
2019,9,3,4,289,0.8684
2019,9,3,5,354,1.2298
2019,10,1,1,641,-1.2065
2019,10,1,2,317,0.3848
2019,10,1,3,222,-0.4482
2019,10,1,4,169,1.2811
2019,10,1,5,198,0.8829
2019,10,2,1,208,0.6462
2019,10,2,2,207,2.3125
2019,10,2,3,209,1.6087
2019,10,2,4,184,1.6176
2019,10,2,5,189,3.5407
2019,10,3,1,126,0.8106
2019,10,3,2,162,0.6116
2019,10,3,3,207,0.4865
2019,10,3,4,254,0.8591
2019,10,3,5,328,3.6623
2019,11,1,1,615,4.2281
2019,11,1,2,274,1.9879
2019,11,1,3,183,1.4288
2019,11,1,4,142,5.7613
2019,11,1,5,159,5.1508
2019,11,2,1,183,5.4414
2019,11,2,2,184,3.4341
2019,11,2,3,197,3.8618
2019,11,2,4,172,3.4673
2019,11,2,5,170,2.7223
2019,11,3,1,113,4.1178
2019,11,3,2,144,1.9888
2019,11,3,3,190,3.9253
2019,11,3,4,241,2.8635
2019,11,3,5,313,4.3207
2019,12,1,1,621,6.6014
2019,12,1,2,306,6.2538
2019,12,1,3,204,3.4419
2019,12,1,4,158,5.6229
2019,12,1,5,179,4.9266
2019,12,2,1,194,5.3883
2019,12,2,2,198,4.4010
2019,12,2,3,208,3.6450
2019,12,2,4,183,3.3405
2019,12,2,5,178,1.9590
2019,12,3,1,114,0.1472
2019,12,3,2,158,2.7980
2019,12,3,3,200,2.2615
2019,12,3,4,248,2.0255
2019,12,3,5,316,3.6652
2020,1,1,1,610,-5.2564
2020,1,1,2,300,-9.5533
2020,1,1,3,193,-7.2905
2020,1,1,4,160,-3.5533
2020,1,1,5,171,-4.4369
2020,1,2,1,181,-4.6860
2020,1,2,2,190,-6.8021
2020,1,2,3,198,-4.8130
2020,1,2,4,174,-4.5296
2020,1,2,5,163,-3.1850
2020,1,3,1,108,-1.5902
2020,1,3,2,151,-2.7158
2020,1,3,3,183,-2.9188
2020,1,3,4,235,-0.4327
2020,1,3,5,302,2.0373
2020,2,1,1,579,-7.6753
2020,2,1,2,284,-8.5188
2020,2,1,3,178,-7.1356
2020,2,1,4,146,-8.4949
2020,2,1,5,153,-7.8362
2020,2,2,1,166,-9.0172
2020,2,2,2,175,-10.2100
2020,2,2,3,186,-9.7015
2020,2,2,4,161,-10.5283
2020,2,2,5,149,-9.0031
2020,2,3,1,106,-10.4343
2020,2,3,2,148,-9.5298
2020,2,3,3,183,-7.4536
2020,2,3,4,233,-7.5545
2020,2,3,5,301,-6.8474
2020,3,1,1,608,-27.9265
2020,3,1,2,304,-27.8057
2020,3,1,3,196,-23.4456
2020,3,1,4,157,-20.1907
2020,3,1,5,158,-22.9092
2020,3,2,1,186,-30.5328
2020,3,2,2,215,-25.9339
2020,3,2,3,210,-24.8479
2020,3,2,4,171,-22.0128
2020,3,2,5,161,-17.9284
2020,3,3,1,117,-24.5210
2020,3,3,2,163,-20.9667
2020,3,3,3,206,-17.0295
2020,3,3,4,250,-11.5607
2020,3,3,5,315,-7.5399
2020,4,1,1,612,21.5216
2020,4,1,2,305,18.4772
2020,4,1,3,210,18.7355
2020,4,1,4,163,19.3801
2020,4,1,5,162,23.7163
2020,4,2,1,191,22.4757
2020,4,2,2,221,17.6400
2020,4,2,3,206,15.8366
2020,4,2,4,181,14.0430
2020,4,2,5,169,17.3537
2020,4,3,1,105,14.1573
2020,4,3,2,160,16.3474
2020,4,3,3,197,14.4730
2020,4,3,4,239,12.2435
2020,4,3,5,316,14.7982
2020,5,1,1,696,8.1542
2020,5,1,2,334,5.2521
2020,5,1,3,224,6.6526
2020,5,1,4,176,3.8263
2020,5,1,5,171,5.8388
2020,5,2,1,219,7.9579
2020,5,2,2,249,6.2317
2020,5,2,3,242,6.3045
2020,5,2,4,215,7.3187
2020,5,2,5,185,10.0699
2020,5,3,1,120,7.1094
2020,5,3,2,177,4.0974
2020,5,3,3,238,4.4470
2020,5,3,4,269,5.5541
2020,5,3,5,341,5.9968
2020,6,1,1,725,8.2999
2020,6,1,2,375,5.5131
2020,6,1,3,270,4.9036
2020,6,1,4,198,5.0714
2020,6,1,5,206,7.6193
2020,6,2,1,246,5.4840
2020,6,2,2,274,4.0537
2020,6,2,3,270,3.0536
2020,6,2,4,242,4.1545
2020,6,2,5,204,4.6933
2020,6,3,1,138,2.3907
2020,6,3,2,200,-0.1497
2020,6,3,3,254,2.9736
2020,6,3,4,305,0.3973
2020,6,3,5,364,4.6899
2020,7,1,1,707,2.9368
2020,7,1,2,385,3.4681
2020,7,1,3,269,3.5755
2020,7,1,4,185,4.3738
2020,7,1,5,202,5.5749
2020,7,2,1,245,8.7365
2020,7,2,2,275,3.6712
2020,7,2,3,266,3.6641
2020,7,2,4,245,3.4385
2020,7,2,5,203,4.9782
2020,7,3,1,136,3.6917
2020,7,3,2,196,2.1165
2020,7,3,3,245,5.7894
2020,7,3,4,300,6.8343
2020,7,3,5,362,7.2813
2020,8,1,1,698,5.0148
2020,8,1,2,383,9.0513
2020,8,1,3,265,9.0187
2020,8,1,4,182,6.3927
2020,8,1,5,198,5.8019
2020,8,2,1,240,9.1913
2020,8,2,2,256,6.3752
2020,8,2,3,261,6.4425
2020,8,2,4,239,4.9012
2020,8,2,5,204,3.0149
2020,8,3,1,138,5.8081
2020,8,3,2,198,5.1935
2020,8,3,3,243,7.2349
2020,8,3,4,305,6.0147
2020,8,3,5,364,10.0259
2020,9,1,1,701,-4.6168
2020,9,1,2,392,-2.8242
2020,9,1,3,264,-4.1900
2020,9,1,4,181,-2.5330
2020,9,1,5,213,-1.5246
2020,9,2,1,243,-3.3652
2020,9,2,2,262,-4.9073
2020,9,2,3,272,-4.5061
2020,9,2,4,255,-4.1254
2020,9,2,5,196,-0.8327
2020,9,3,1,142,-3.2281
2020,9,3,2,203,-4.5972
2020,9,3,3,258,-2.1932
2020,9,3,4,309,-1.6163
2020,9,3,5,383,-5.2680
2020,10,1,1,639,-2.4702
2020,10,1,2,367,-3.1641
2020,10,1,3,234,1.5485
2020,10,1,4,162,-1.7827
2020,10,1,5,201,0.3544
2020,10,2,1,205,-0.0382
2020,10,2,2,219,2.7001
2020,10,2,3,238,2.4461
2020,10,2,4,229,2.6971
2020,10,2,5,188,2.0476
2020,10,3,1,124,-2.4320
2020,10,3,2,169,-1.9099
2020,10,3,3,219,-0.1674
2020,10,3,4,275,-1.1116
2020,10,3,5,365,-3.1414
2020,11,1,1,630,30.4377
2020,11,1,2,329,28.6408
2020,11,1,3,220,20.7442
2020,11,1,4,160,17.8457
2020,11,1,5,178,18.6269
2020,11,2,1,190,30.6722
2020,11,2,2,201,19.1063
2020,11,2,3,215,19.4592
2020,11,2,4,217,19.3313
2020,11,2,5,180,19.2914
2020,11,3,1,122,19.9465
2020,11,3,2,161,19.5718
2020,11,3,3,200,13.7216
2020,11,3,4,266,11.6371
2020,11,3,5,364,9.5148
2020,12,1,1,646,11.6614
2020,12,1,2,358,10.7365
2020,12,1,3,239,9.2081
2020,12,1,4,171,10.3109
2020,12,1,5,199,6.8428
2020,12,2,1,211,12.2003
2020,12,2,2,219,7.8934
2020,12,2,3,230,7.7862
2020,12,2,4,230,9.3991
2020,12,2,5,189,9.8444
2020,12,3,1,126,4.8164
2020,12,3,2,163,5.8733
2020,12,3,3,223,3.1363
2020,12,3,4,279,3.2993
2020,12,3,5,369,4.9417
2021,1,1,1,640,31.8077
2021,1,1,2,345,12.0322
2021,1,1,3,233,6.6863
2021,1,1,4,165,6.6946
2021,1,1,5,193,10.9132
2021,1,2,1,204,17.9086
2021,1,2,2,209,5.7867
2021,1,2,3,215,4.7422
2021,1,2,4,217,3.8977
2021,1,2,5,184,5.6870
2021,1,3,1,120,-0.1068
2021,1,3,2,152,-0.5975
2021,1,3,3,202,0.3072
2021,1,3,4,262,-0.6527
2021,1,3,5,360,0.2826
2021,2,1,1,615,8.5589
2021,2,1,2,306,13.2231
2021,2,1,3,211,12.1860
2021,2,1,4,156,12.4528
2021,2,1,5,167,8.8900
2021,2,2,1,203,5.9482
2021,2,2,2,195,8.1835
2021,2,2,3,195,8.9260
2021,2,2,4,210,8.2906
2021,2,2,5,170,9.3950
2021,2,3,1,117,10.4307
2021,2,3,2,135,8.9596
2021,2,3,3,199,5.6971
2021,2,3,4,253,1.0750
2021,2,3,5,347,-0.2714
2021,3,1,1,622,0.3132
2021,3,1,2,317,2.9192
2021,3,1,3,226,6.7645
2021,3,1,4,171,2.0801
2021,3,1,5,170,-0.8002
2021,3,2,1,222,3.3309
2021,3,2,2,207,5.6870
2021,3,2,3,208,2.2526
2021,3,2,4,224,1.2907
2021,3,2,5,182,-0.2518
2021,3,3,1,136,2.5601
2021,3,3,2,146,3.2990
2021,3,3,3,214,4.5719
2021,3,3,4,272,2.2787
2021,3,3,5,357,2.2253
2021,4,1,1,623,-2.7710
2021,4,1,2,309,0.5105
2021,4,1,3,231,0.3135
2021,4,1,4,167,2.1907
2021,4,1,5,173,-2.0408
2021,4,2,1,220,0.4283
2021,4,2,2,199,2.7133
2021,4,2,3,194,2.7233
2021,4,2,4,214,3.4255
2021,4,2,5,175,2.7676
2021,4,3,1,121,2.1095
2021,4,3,2,131,4.0265
2021,4,3,3,203,3.0165
2021,4,3,4,253,4.3832
2021,4,3,5,340,5.9972
2021,5,1,1,668,4.5393
2021,5,1,2,343,3.9083
2021,5,1,3,231,4.2227
2021,5,1,4,192,4.1207
2021,5,1,5,205,-0.2988
2021,5,2,1,215,2.4661
2021,5,2,2,222,3.8789
2021,5,2,3,223,1.1537
2021,5,2,4,223,1.6073
2021,5,2,5,191,0.9683
2021,5,3,1,133,1.7832
2021,5,3,2,155,1.3882
2021,5,3,3,215,1.9939
2021,5,3,4,268,-1.1375
2021,5,3,5,357,-0.8849
2021,6,1,1,698,7.1063
2021,6,1,2,386,1.6783
2021,6,1,3,264,0.8377
2021,6,1,4,228,0.6334
2021,6,1,5,251,4.1987
2021,6,2,1,220,4.8472
2021,6,2,2,246,0.4590
2021,6,2,3,247,0.9358
2021,6,2,4,251,1.2398
2021,6,2,5,211,3.1962
2021,6,3,1,146,1.0503
2021,6,3,2,188,-0.6721
2021,6,3,3,247,-0.3364
2021,6,3,4,300,2.1349
2021,6,3,5,370,6.0681
2021,7,1,1,658,-8.2127
2021,7,1,2,394,-4.4101
2021,7,1,3,260,-3.2021
2021,7,1,4,222,-2.8906
2021,7,1,5,245,-3.9289
2021,7,2,1,222,-8.1741
2021,7,2,2,255,-2.7215
2021,7,2,3,260,-1.4791
2021,7,2,4,255,-1.1358
2021,7,2,5,202,-1.6502
2021,7,3,1,140,-4.2909
2021,7,3,2,190,-0.7996
2021,7,3,3,255,-0.1269
2021,7,3,4,300,1.8573
2021,7,3,5,366,3.3980
2021,8,1,1,667,2.8010
2021,8,1,2,378,2.5261
2021,8,1,3,258,2.2769
2021,8,1,4,211,2.1211
2021,8,1,5,245,1.1947
2021,8,2,1,213,0.1724
2021,8,2,2,255,0.6802
2021,8,2,3,262,0.2804
2021,8,2,4,240,1.2532
2021,8,2,5,190,1.1685
2021,8,3,1,135,-0.1492
2021,8,3,2,186,0.6839
2021,8,3,3,251,0.2526
2021,8,3,4,297,2.4001
2021,8,3,5,365,4.3202
2021,9,1,1,663,-2.5486
2021,9,1,2,377,-3.0899
2021,9,1,3,268,-3.1199
2021,9,1,4,236,-4.7015
2021,9,1,5,280,-4.7931
2021,9,2,1,211,0.7851
2021,9,2,2,265,-3.3521
2021,9,2,3,274,-4.6338
2021,9,2,4,246,-3.1408
2021,9,2,5,194,-4.2335
2021,9,3,1,141,0.8321
2021,9,3,2,201,-2.6681
2021,9,3,3,253,-3.9060
2021,9,3,4,311,-4.4234
2021,9,3,5,375,-6.0634
2021,10,1,1,601,0.3129
2021,10,1,2,345,2.8855
2021,10,1,3,231,2.9319
2021,10,1,4,213,2.9542
2021,10,1,5,267,1.7813
2021,10,2,1,188,3.9222
2021,10,2,2,245,2.4317
2021,10,2,3,241,3.1070
2021,10,2,4,198,4.8965
2021,10,2,5,173,4.1532
2021,10,3,1,125,4.9414
2021,10,3,2,177,2.4586
2021,10,3,3,229,3.2297
2021,10,3,4,287,4.7216
2021,10,3,5,332,9.3104
2021,11,1,1,572,-11.5117
2021,11,1,2,293,-6.5623
2021,11,1,3,208,-4.6881
2021,11,1,4,199,-1.2653
2021,11,1,5,242,-6.5465
2021,11,2,1,172,-6.9114
2021,11,2,2,220,-2.9730
2021,11,2,3,215,-2.4659
2021,11,2,4,180,-0.6128
2021,11,2,5,160,-1.0043
2021,11,3,1,117,-4.9379
2021,11,3,2,178,-6.3916
2021,11,3,3,226,-2.9817
2021,11,3,4,272,-2.1487
2021,11,3,5,309,1.6268
2021,12,1,1,609,-3.2408
2021,12,1,2,318,2.8453
2021,12,1,3,227,3.3264
2021,12,1,4,225,3.8609
2021,12,1,5,260,-1.7964
2021,12,2,1,185,2.5211
2021,12,2,2,222,2.4874
2021,12,2,3,222,4.1959
2021,12,2,4,190,4.2468
2021,12,2,5,165,2.0594
2021,12,3,1,122,3.8160
2021,12,3,2,188,5.3969
2021,12,3,3,238,4.9095
2021,12,3,4,287,6.0104
2021,12,3,5,322,1.8289
2022,1,1,1,599,-9.5328
2022,1,1,2,299,-7.4589
2022,1,1,3,228,-8.2939
2022,1,1,4,221,-6.9375
2022,1,1,5,251,-10.4189
2022,1,2,1,178,-7.0142
2022,1,2,2,209,-9.4609
2022,1,2,3,215,-8.5055
2022,1,2,4,185,-7.6652
2022,1,2,5,156,-9.3621
2022,1,3,1,121,2.2135
2022,1,3,2,180,0.8149
2022,1,3,3,223,-4.7871
2022,1,3,4,275,-5.9491
2022,1,3,5,317,-8.6190
2022,2,1,1,572,2.4190
2022,2,1,2,276,4.0133
2022,2,1,3,206,-0.9168
2022,2,1,4,205,-0.7286
2022,2,1,5,215,-1.1737
2022,2,2,1,169,3.6005
2022,2,2,2,197,3.8984
2022,2,2,3,202,-0.7966
2022,2,2,4,178,1.3722
2022,2,2,5,150,2.4190
2022,2,3,1,116,1.7074
2022,2,3,2,172,1.3184
2022,2,3,3,211,0.0353
2022,2,3,4,264,-4.0242
2022,2,3,5,315,-3.6581
2022,3,1,1,587,4.2623
2022,3,1,2,285,0.7240
2022,3,1,3,204,0.3894
2022,3,1,4,209,-0.2923
2022,3,1,5,220,2.5898
2022,3,2,1,180,6.8174
2022,3,2,2,199,1.0299
2022,3,2,3,221,-0.3872
2022,3,2,4,185,-0.1980
2022,3,2,5,159,-0.7826
2022,3,3,1,125,2.7206
2022,3,3,2,189,2.8585
2022,3,3,3,225,2.1914
2022,3,3,4,272,3.3729
2022,3,3,5,321,4.7296
2022,4,1,1,595,-12.6330
2022,4,1,2,294,-10.3118
2022,4,1,3,205,-9.0376
2022,4,1,4,213,-9.4312
2022,4,1,5,226,-10.4564
2022,4,2,1,182,-10.9218
2022,4,2,2,193,-9.2132
2022,4,2,3,214,-9.1704
2022,4,2,4,183,-6.8964
2022,4,2,5,151,-8.0968
2022,4,3,1,122,-5.8027
2022,4,3,2,180,-6.6630
2022,4,3,3,212,-5.4247
2022,4,3,4,254,-4.8207
2022,4,3,5,307,-12.0623
2022,5,1,1,767,-2.1897
2022,5,1,2,309,-1.1669
2022,5,1,3,204,-0.3550
2022,5,1,4,203,-0.6812
2022,5,1,5,215,2.2286
2022,5,2,1,227,-0.1931
2022,5,2,2,215,-0.1338
2022,5,2,3,239,0.9197
2022,5,2,4,196,0.6815
2022,5,2,5,158,0.3616
2022,5,3,1,133,2.0721
2022,5,3,2,199,3.6385
2022,5,3,3,231,3.1671
2022,5,3,4,291,-1.3369
2022,5,3,5,340,-2.3983
2022,6,1,1,819,-10.9701
2022,6,1,2,334,-7.4127
2022,6,1,3,228,-7.8829
2022,6,1,4,219,-6.9822
2022,6,1,5,227,-10.1950
2022,6,2,1,241,-12.3598
2022,6,2,2,231,-6.7586
2022,6,2,3,256,-8.2858
2022,6,2,4,205,-8.1970
2022,6,2,5,166,-7.4332
2022,6,3,1,139,-11.0045
2022,6,3,2,206,-11.7036
2022,6,3,3,246,-7.3531
2022,6,3,4,308,-7.0958
2022,6,3,5,352,-7.9557
2022,7,1,1,813,9.5923
2022,7,1,2,318,7.6572
2022,7,1,3,219,7.7092
2022,7,1,4,211,8.8952
2022,7,1,5,218,11.8389
2022,7,2,1,245,12.0987
2022,7,2,2,237,7.9597
2022,7,2,3,256,9.7943
2022,7,2,4,199,11.4123
2022,7,2,5,164,10.4431
2022,7,3,1,138,10.9447
2022,7,3,2,203,8.7673
2022,7,3,3,243,6.6817
2022,7,3,4,300,7.9072
2022,7,3,5,346,11.6206
2022,8,1,1,812,1.5643
2022,8,1,2,301,0.4854
2022,8,1,3,213,-3.3188
2022,8,1,4,196,-1.4142
2022,8,1,5,208,-1.4658
2022,8,2,1,244,-0.3929
2022,8,2,2,229,-2.6875
2022,8,2,3,233,-4.1040
2022,8,2,4,184,-4.4078
2022,8,2,5,155,-2.5070
2022,8,3,1,133,-0.1775
2022,8,3,2,195,-1.5791
2022,8,3,3,234,-1.6806
2022,8,3,4,302,-4.0255
2022,8,3,5,337,-5.2314
2022,9,1,1,830,-12.8267
2022,9,1,2,303,-12.9021
2022,9,1,3,218,-11.6541
2022,9,1,4,185,-10.3733
2022,9,1,5,200,-11.8337
2022,9,2,1,250,-13.1934
2022,9,2,2,252,-10.3900
2022,9,2,3,242,-10.5994
2022,9,2,4,181,-10.1434
2022,9,2,5,164,-8.9922
2022,9,3,1,138,-12.3434
2022,9,3,2,207,-10.4309
2022,9,3,3,247,-8.6392
2022,9,3,4,312,-8.1422
2022,9,3,5,345,-9.1630
2022,10,1,1,782,5.8974
2022,10,1,2,248,11.7695
2022,10,1,3,174,12.5033
2022,10,1,4,152,12.5086
2022,10,1,5,153,11.5154
2022,10,2,1,227,7.4414
2022,10,2,2,226,12.9914
2022,10,2,3,200,12.6942
2022,10,2,4,145,11.8415
2022,10,2,5,149,11.8198
2022,10,3,1,102,10.1182
2022,10,3,2,170,11.9369
2022,10,3,3,212,11.1658
2022,10,3,4,265,10.2744
2022,10,3,5,313,4.9122
2022,11,1,1,782,-3.0461
2022,11,1,2,224,2.4192
2022,11,1,3,153,4.9672
2022,11,1,4,119,3.5676
2022,11,1,5,119,-0.5256
2022,11,2,1,214,-0.3026
2022,11,2,2,223,2.9797
2022,11,2,3,180,4.1847
2022,11,2,4,132,4.6179
2022,11,2,5,138,3.7670
2022,11,3,1,104,7.2616
2022,11,3,2,167,3.7044
2022,11,3,3,204,4.2653
2022,11,3,4,255,6.4964
2022,11,3,5,301,4.6884
2022,12,1,1,803,-3.7868
2022,12,1,2,247,-6.5732
2022,12,1,3,150,-4.1781
2022,12,1,4,122,-4.6634
2022,12,1,5,123,-8.5895
2022,12,2,1,233,-5.2510
2022,12,2,2,238,-7.0236
2022,12,2,3,186,-4.9263
2022,12,2,4,144,-4.8167
2022,12,2,5,146,-6.7224
2022,12,3,1,114,-7.7204
2022,12,3,2,175,-5.3405
2022,12,3,3,220,-4.8840
2022,12,3,4,264,-3.2225
2022,12,3,5,315,-7.8019
2023,1,1,1,797,16.6488
2023,1,1,2,246,12.7909
2023,1,1,3,146,14.2498
2023,1,1,4,118,12.7049
2023,1,1,5,113,8.8968
2023,1,2,1,237,15.5668
2023,1,2,2,234,12.9581
2023,1,2,3,182,11.6341
2023,1,2,4,136,13.0786
2023,1,2,5,138,11.6361
2023,1,3,1,107,12.4837
2023,1,3,2,165,8.5489
2023,1,3,3,212,6.0410
2023,1,3,4,253,4.2649
2023,1,3,5,299,7.9676
2023,2,1,1,783,-5.1658
2023,2,1,2,218,-2.8409
2023,2,1,3,118,-3.8272
2023,2,1,4,98,-3.1068
2023,2,1,5,92,-4.3098
2023,2,2,1,233,-2.4704
2023,2,2,2,221,-3.2479
2023,2,2,3,165,-0.9977
2023,2,2,4,134,-1.7435
2023,2,2,5,130,-2.0205
2023,2,3,1,98,-3.1208
2023,2,3,2,160,-3.6770
2023,2,3,3,204,-2.7269
2023,2,3,4,240,-3.8498
2023,2,3,5,293,-1.1043
2023,3,1,1,780,-7.5948
2023,3,1,2,236,-4.8685
2023,3,1,3,125,-8.9729
2023,3,1,4,105,-9.2980
2023,3,1,5,102,-4.9865
2023,3,2,1,244,-5.1898
2023,3,2,2,238,-2.2881
2023,3,2,3,183,-1.6235
2023,3,2,4,160,-1.4426
2023,3,2,5,149,-1.7912
2023,3,3,1,108,0.2234
2023,3,3,2,178,-0.7187
2023,3,3,3,214,1.5574
2023,3,3,4,268,2.0417
2023,3,3,5,314,8.4232
2023,4,1,1,785,-2.8828
2023,4,1,2,257,-3.9980
2023,4,1,3,127,-4.2968
2023,4,1,4,100,-6.3794
2023,4,1,5,104,-3.3058
2023,4,2,1,237,-1.5997
2023,4,2,2,231,-0.8265
2023,4,2,3,175,-1.7364
2023,4,2,4,163,-3.5757
2023,4,2,5,155,-4.3261
2023,4,3,1,107,-1.4871
2023,4,3,2,169,0.1842
2023,4,3,3,199,0.3622
2023,4,3,4,254,-0.3310
2023,4,3,5,306,1.2175
2023,5,1,1,1005,1.7253
2023,5,1,2,324,0.1531
2023,5,1,3,149,-1.6331
2023,5,1,4,124,1.2593
2023,5,1,5,120,1.7413
2023,5,2,1,271,2.7937
2023,5,2,2,273,-1.8531
2023,5,2,3,221,-2.7365
2023,5,2,4,188,-2.2146
2023,5,2,5,167,-1.8836
2023,5,3,1,122,-1.4226
2023,5,3,2,195,-4.8933
2023,5,3,3,243,-5.2605
2023,5,3,4,276,-3.0434
2023,5,3,5,341,5.4043
2023,6,1,1,1029,6.3272
2023,6,1,2,364,8.4193
2023,6,1,3,174,10.0289
2023,6,1,4,144,7.3827
2023,6,1,5,133,7.3118
2023,6,2,1,299,10.4115
2023,6,2,2,297,8.4770
2023,6,2,3,245,8.7017
2023,6,2,4,206,10.2097
2023,6,2,5,172,8.8244
2023,6,3,1,128,9.0040
2023,6,3,2,206,6.9140
2023,6,3,3,259,7.9806
2023,6,3,4,294,6.7457
2023,6,3,5,347,7.0222
2023,7,1,1,962,6.9280
2023,7,1,2,356,3.5714
2023,7,1,3,177,5.9409
2023,7,1,4,144,6.1739
2023,7,1,5,126,5.9622
2023,7,2,1,293,6.4062
2023,7,2,2,287,4.6375
2023,7,2,3,242,3.6361
2023,7,2,4,201,5.3370
2023,7,2,5,169,6.4716
2023,7,3,1,120,2.4132
2023,7,3,2,197,3.6235
2023,7,3,3,253,2.5084
2023,7,3,4,284,3.3207
2023,7,3,5,335,3.2028
2023,8,1,1,948,-11.0175
2023,8,1,2,356,-4.7065
2023,8,1,3,172,-7.2734
2023,8,1,4,142,-6.7842
2023,8,1,5,128,-7.1173
2023,8,2,1,268,-7.7167
2023,8,2,2,268,-4.0573
2023,8,2,3,230,-4.9657
2023,8,2,4,189,-3.2728
2023,8,2,5,162,-3.7384
2023,8,3,1,108,-6.0410
2023,8,3,2,189,-5.0392
2023,8,3,3,242,-3.0459
2023,8,3,4,268,-1.8434
2023,8,3,5,331,-0.5848
2023,9,1,1,953,-8.4690
2023,9,1,2,356,-6.3993
2023,9,1,3,182,-5.1159
2023,9,1,4,155,-3.1855
2023,9,1,5,131,-3.0279
2023,9,2,1,255,-8.2068
2023,9,2,2,270,-7.0731
2023,9,2,3,232,-7.0911
2023,9,2,4,195,-5.3772
2023,9,2,5,164,-2.5655
2023,9,3,1,116,-5.9169
2023,9,3,2,193,-5.3588
2023,9,3,3,248,-4.5761
2023,9,3,4,281,-4.2487
2023,9,3,5,340,-5.2372
2023,10,1,1,882,-12.7956
2023,10,1,2,310,-7.3567
2023,10,1,3,158,-6.9191
2023,10,1,4,132,-7.0237
2023,10,1,5,110,-6.0272
2023,10,2,1,224,-10.7295
2023,10,2,2,230,-7.8208
2023,10,2,3,204,-6.4483
2023,10,2,4,157,-5.7198
2023,10,2,5,135,-6.2661
2023,10,3,1,96,-8.7072
2023,10,3,2,155,-5.1783
2023,10,3,3,209,-3.6090
2023,10,3,4,242,-3.5336
2023,10,3,5,305,-1.9962
2023,11,1,1,854,8.4332
2023,11,1,2,284,10.1325
2023,11,1,3,151,6.0535
2023,11,1,4,113,1.3295
2023,11,1,5,100,2.5946
2023,11,2,1,212,11.1437
2023,11,2,2,220,11.7446
2023,11,2,3,182,9.7888
2023,11,2,4,145,7.3116
2023,11,2,5,130,6.0370
2023,11,3,1,92,10.1538
2023,11,3,2,153,11.5847
2023,11,3,3,189,8.8681
2023,11,3,4,245,8.5908
2023,11,3,5,302,9.5384
2023,12,1,1,874,17.7935
2023,12,1,2,315,13.0678
2023,12,1,3,163,9.5959
2023,12,1,4,127,13.5031
2023,12,1,5,115,11.4104
2023,12,2,1,220,13.9999
2023,12,2,2,228,11.1931
2023,12,2,3,196,11.0310
2023,12,2,4,159,12.4500
2023,12,2,5,132,9.4234
2023,12,3,1,97,10.4069
2023,12,3,2,166,7.8898
2023,12,3,3,191,6.2094
2023,12,3,4,250,6.3309
2023,12,3,5,304,4.1900
2024,1,1,1,873,-2.3073
2024,1,1,2,310,-3.9679
2024,1,1,3,159,-4.9474
2024,1,1,4,125,-5.1539
2024,1,1,5,118,-3.6183
2024,1,2,1,226,-8.1561
2024,1,2,2,220,-4.6295
2024,1,2,3,188,-2.9419
2024,1,2,4,151,-3.6812
2024,1,2,5,134,-4.6537
2024,1,3,1,98,-2.4829
2024,1,3,2,164,0.3549
2024,1,3,3,183,-0.7788
2024,1,3,4,238,1.8389
2024,1,3,5,305,2.2253
2024,2,1,1,863,8.6987
2024,2,1,2,283,3.7870
2024,2,1,3,143,5.4693
2024,2,1,4,116,2.8270
2024,2,1,5,110,3.0693
2024,2,2,1,217,7.7258
2024,2,2,2,209,7.6914
2024,2,2,3,178,5.1581
2024,2,2,4,148,4.9497
2024,2,2,5,127,1.9406
2024,2,3,1,88,1.0860
2024,2,3,2,164,6.2481
2024,2,3,3,186,3.5067
2024,2,3,4,236,5.9611
2024,2,3,5,300,6.5475
2024,3,1,1,868,2.0617
2024,3,1,2,301,4.2812
2024,3,1,3,153,5.0007
2024,3,1,4,124,4.0201
2024,3,1,5,112,0.9937
2024,3,2,1,225,1.1046
2024,3,2,2,236,2.4588
2024,3,2,3,187,3.9338
2024,3,2,4,159,2.1501
2024,3,2,5,133,2.0679
2024,3,3,1,96,5.9374
2024,3,3,2,178,6.7623
2024,3,3,3,209,4.8894
2024,3,3,4,251,2.1495
2024,3,3,5,304,2.5415
2024,4,1,1,862,-11.2189
2024,4,1,2,308,-6.9809
2024,4,1,3,163,-7.7780
2024,4,1,4,127,-7.1701
2024,4,1,5,116,-9.4881
2024,4,2,1,236,-8.5741
2024,4,2,2,232,-7.3178
2024,4,2,3,181,-7.0084
2024,4,2,4,152,-6.7248
2024,4,2,5,135,-5.4213
2024,4,3,1,91,-0.6326
2024,4,3,2,177,-4.8998
2024,4,3,3,201,-5.1090
2024,4,3,4,250,-4.6739
2024,4,3,5,291,-3.6156
2024,5,1,1,992,5.0155
2024,5,1,2,342,5.7687
2024,5,1,3,188,4.6012
2024,5,1,4,154,5.8389
2024,5,1,5,156,4.8945
2024,5,2,1,265,5.8583
2024,5,2,2,264,3.8513
2024,5,2,3,214,4.1537
2024,5,2,4,172,5.4848
2024,5,2,5,157,5.0674
2024,5,3,1,102,3.5030
2024,5,3,2,210,0.3332
2024,5,3,3,234,0.9921
2024,5,3,4,293,2.6358
2024,5,3,5,313,6.6393
2024,6,1,1,1010,-4.5400
2024,6,1,2,356,-4.2104
2024,6,1,3,215,-3.9147
2024,6,1,4,181,-3.8788
2024,6,1,5,160,-3.7041
2024,6,2,1,280,-3.6556
2024,6,2,2,283,-1.9246
2024,6,2,3,232,-2.6998
2024,6,2,4,198,-3.2441
2024,6,2,5,164,-1.3972
2024,6,3,1,116,-0.7250
2024,6,3,2,211,-1.9678
2024,6,3,3,251,-0.8782
2024,6,3,4,299,0.0676
2024,6,3,5,319,6.8880
2024,7,1,1,940,11.6275
2024,7,1,2,341,12.4424
2024,7,1,3,201,12.4569
2024,7,1,4,183,12.4567
2024,7,1,5,159,9.7043
2024,7,2,1,273,8.0215
2024,7,2,2,274,8.1011
2024,7,2,3,229,8.0277
2024,7,2,4,194,7.7913
2024,7,2,5,163,7.1433
2024,7,3,1,111,5.8384
2024,7,3,2,207,4.5380
2024,7,3,3,248,3.1258
2024,7,3,4,288,2.5286
2024,7,3,5,315,-1.6578
2024,8,1,1,924,-2.9358
2024,8,1,2,334,-0.9997
2024,8,1,3,202,-5.7535
2024,8,1,4,181,-3.5706
2024,8,1,5,150,-4.9639
2024,8,2,1,265,-2.4376
2024,8,2,2,254,-1.4770
2024,8,2,3,211,-2.8192
2024,8,2,4,183,-1.9082
2024,8,2,5,157,-2.3035
2024,8,3,1,111,0.9778
2024,8,3,2,192,1.3372
2024,8,3,3,235,1.9963
2024,8,3,4,285,3.1399
2024,8,3,5,311,1.6379
2024,9,1,1,908,-0.5147
2024,9,1,2,327,1.4441
2024,9,1,3,214,-0.8455
2024,9,1,4,180,2.5394
2024,9,1,5,165,1.3608
2024,9,2,1,277,2.6038
2024,9,2,2,248,0.7965
2024,9,2,3,222,0.8565
2024,9,2,4,185,1.0306
2024,9,2,5,161,1.9846
2024,9,3,1,109,4.7673
2024,9,3,2,196,2.6625
2024,9,3,3,239,2.8063
2024,9,3,4,289,2.5986
2024,9,3,5,311,2.2830
2024,10,1,1,826,2.0359
2024,10,1,2,268,-0.8009
2024,10,1,3,173,-1.1858
2024,10,1,4,159,-1.5807
2024,10,1,5,142,-0.8571
2024,10,2,1,224,-0.8453
2024,10,2,2,204,-2.1421
2024,10,2,3,192,-1.7104
2024,10,2,4,153,-3.3709
2024,10,2,5,142,-2.9005
2024,10,3,1,94,-1.3070
2024,10,3,2,153,-1.1566
2024,10,3,3,193,-2.2835
2024,10,3,4,232,-1.9695
2024,10,3,5,281,-0.8549
2024,11,1,1,802,9.2505
2024,11,1,2,239,10.0361
2024,11,1,3,157,17.0636
2024,11,1,4,150,13.9601
2024,11,1,5,127,9.2091
2024,11,2,1,207,16.1775
2024,11,2,2,189,11.0173
2024,11,2,3,171,12.3970
2024,11,2,4,151,11.9081
2024,11,2,5,131,11.9784
2024,11,3,1,85,10.0982
2024,11,3,2,150,7.3303
2024,11,3,3,186,4.3098
2024,11,3,4,225,6.5935
2024,11,3,5,279,5.7142
2024,12,1,1,811,-3.3390
2024,12,1,2,267,-5.9791
2024,12,1,3,165,-4.5821
2024,12,1,4,158,-4.6015
2024,12,1,5,137,-3.0215
2024,12,2,1,216,-7.4036
2024,12,2,2,211,-7.3959
2024,12,2,3,177,-6.5830
2024,12,2,4,159,-6.6448
2024,12,2,5,137,-6.5021
2024,12,3,1,92,-7.3322
2024,12,3,2,161,-7.1134
2024,12,3,3,191,-7.2850
2024,12,3,4,228,-5.9784
2024,12,3,5,285,1.3566
2025,1,1,1,801,0.7695
2025,1,1,2,267,1.2694
2025,1,1,3,163,2.5234
2025,1,1,4,150,-0.0838
2025,1,1,5,134,0.4258
2025,1,2,1,213,2.4872
2025,1,2,2,209,4.2504
2025,1,2,3,173,3.6467
2025,1,2,4,146,2.0659
2025,1,2,5,137,1.9218
2025,1,3,1,88,4.6460
2025,1,3,2,151,6.4963
2025,1,3,3,181,4.0887
2025,1,3,4,220,4.7212
2025,1,3,5,278,1.3684
2025,2,1,1,782,-10.9273
2025,2,1,2,254,-4.2120
2025,2,1,3,151,-4.8268
2025,2,1,4,136,-4.9954
2025,2,1,5,128,-7.7608
2025,2,2,1,205,-9.0815
2025,2,2,2,209,-5.9155
2025,2,2,3,161,-7.5920
2025,2,2,4,142,-8.8650
2025,2,2,5,132,-8.7739
2025,2,3,1,77,-2.7003
2025,2,3,2,155,-0.3728
2025,2,3,3,179,-0.1365
2025,2,3,4,212,-1.3253
2025,2,3,5,274,-3.5891
2025,3,1,1,778,-11.0847
2025,3,1,2,269,-9.7232
2025,3,1,3,166,-9.8337
2025,3,1,4,147,-9.6111
2025,3,1,5,122,-8.7077
2025,3,2,1,213,-10.0641
2025,3,2,2,214,-7.0561
2025,3,2,3,176,-6.2822
2025,3,2,4,155,-7.3126
2025,3,2,5,137,-4.7093
2025,3,3,1,82,-5.9168
2025,3,3,2,163,-3.7597
2025,3,3,3,195,-2.2417
2025,3,3,4,229,-5.0578
2025,3,3,5,280,-8.3301
2025,4,1,1,778,0.4928
2025,4,1,2,271,-5.1362
2025,4,1,3,167,-4.1247
2025,4,1,4,149,-1.1237
2025,4,1,5,117,-4.1648
2025,4,2,1,210,-3.6737
2025,4,2,2,210,-2.7487
2025,4,2,3,177,-4.4326
2025,4,2,4,160,-4.3611
2025,4,2,5,131,-3.9046
2025,4,3,1,75,1.2298
2025,4,3,2,162,-2.7733
2025,4,3,3,189,-3.6895
2025,4,3,4,216,-1.6278
2025,4,3,5,279,1.2653
2025,5,1,1,874,9.0800
2025,5,1,2,304,9.2813
2025,5,1,3,192,7.8686
2025,5,1,4,159,4.4879
2025,5,1,5,138,8.1661
2025,5,2,1,223,5.3816
2025,5,2,2,231,7.0988
2025,5,2,3,204,5.8154
2025,5,2,4,196,6.8382
2025,5,2,5,142,9.4909
2025,5,3,1,93,2.6880
2025,5,3,2,166,6.8353
2025,5,3,3,207,3.0398
2025,5,3,4,252,4.4987
2025,5,3,5,299,8.9245
2025,6,1,1,889,7.1178
2025,6,1,2,326,7.0236
2025,6,1,3,200,8.4959
2025,6,1,4,173,5.8397
2025,6,1,5,157,3.6816
2025,6,2,1,233,8.9497
2025,6,2,2,246,4.7293
2025,6,2,3,221,3.3454
2025,6,2,4,207,3.9314
2025,6,2,5,156,5.1291
2025,6,3,1,107,4.7796
2025,6,3,2,173,4.5906
2025,6,3,3,214,4.1469
2025,6,3,4,262,4.1437
2025,6,3,5,315,6.6765
2025,7,1,1,825,5.6073
2025,7,1,2,313,0.8048
2025,7,1,3,198,2.0234
2025,7,1,4,177,-1.2279
2025,7,1,5,172,-3.5322
2025,7,2,1,227,4.7862
2025,7,2,2,246,0.5630
2025,7,2,3,215,1.8539
2025,7,2,4,201,0.7877
2025,7,2,5,150,2.3769
2025,7,3,1,104,-0.7622
2025,7,3,2,171,0.2069
2025,7,3,3,210,1.6668
2025,7,3,4,257,1.1961
2025,7,3,5,316,4.2483
2025,8,1,1,832,8.4807
2025,8,1,2,292,7.3173
2025,8,1,3,191,10.5573
2025,8,1,4,175,11.1701
2025,8,1,5,164,9.1306
2025,8,2,1,221,5.8907
2025,8,2,2,231,8.7173
2025,8,2,3,203,8.0469
2025,8,2,4,190,7.7618
2025,8,2,5,148,6.2907
2025,8,3,1,105,3.7620
2025,8,3,2,164,4.3787
2025,8,3,3,211,2.3679
2025,8,3,4,248,1.1681
2025,8,3,5,302,1.3857
2025,9,1,1,833,5.3807
2025,9,1,2,291,0.1767
2025,9,1,3,190,2.4289
2025,9,1,4,174,6.2702
2025,9,1,5,174,2.0248
2025,9,2,1,235,5.6552
2025,9,2,2,232,0.9100
2025,9,2,3,209,0.4678
2025,9,2,4,192,-0.5480
2025,9,2,5,155,-0.0869
2025,9,3,1,105,2.5699
2025,9,3,2,162,2.6670
2025,9,3,3,207,1.5292
2025,9,3,4,251,1.2175
2025,9,3,5,306,5.8718
2025,10,1,1,779,2.6965
2025,10,1,2,236,-0.3658
2025,10,1,3,158,-1.1105
2025,10,1,4,132,2.1445
2025,10,1,5,151,-1.2642
2025,10,2,1,209,3.8825
2025,10,2,2,197,0.0491
2025,10,2,3,160,-0.8249
2025,10,2,4,160,-0.9995
2025,10,2,5,134,2.1339
2025,10,3,1,88,-0.9085
2025,10,3,2,138,0.3263
2025,10,3,3,177,-0.2440
2025,10,3,4,214,2.9023
2025,10,3,5,275,4.6405
2025,11,1,1,754,0.8607
2025,11,1,2,219,-0.4959
2025,11,1,3,141,-2.9430
2025,11,1,4,120,-0.4900
2025,11,1,5,145,-2.6271
2025,11,2,1,204,0.6327
2025,11,2,2,191,0.4972
2025,11,2,3,155,1.9936
2025,11,2,4,149,1.9188
2025,11,2,5,131,0.7739
2025,11,3,1,87,-2.9408
2025,11,3,2,133,1.3336
2025,11,3,3,180,1.5572
2025,11,3,4,209,0.3285
2025,11,3,5,276,-0.8426
2025,12,1,1,761,-1.1466
2025,12,1,2,248,0.8242
2025,12,1,3,151,2.0949
2025,12,1,4,130,1.9829
2025,12,1,5,156,-0.0214
2025,12,2,1,215,-4.1910
2025,12,2,2,192,1.6909
2025,12,2,3,165,3.4420
2025,12,2,4,156,1.0840
2025,12,2,5,132,0.7316
2025,12,3,1,95,-1.4781
2025,12,3,2,132,0.9856
2025,12,3,3,184,0.3990
2025,12,3,4,213,0.1900
2025,12,3,5,275,-0.7036
