year,month,rank_ME,nstocks,ret_vw
1967,1,1,723,20.0457
1967,1,2,180,16.7438
1967,1,3,140,18.7668
1967,1,4,134,17.4516
1967,1,5,125,13.2105
1967,1,6,125,13.9602
1967,1,7,122,10.7876
1967,1,8,119,9.2042
1967,1,9,119,8.6391
1967,1,10,117,6.9909
1967,2,1,720,6.1239
1967,2,2,180,4.7782
1967,2,3,139,1.5423
1967,2,4,134,2.8792
1967,2,5,124,2.2435
1967,2,6,126,0.8909
1967,2,7,122,2.0489
1967,2,8,119,0.3557
1967,2,9,119,0.9376
1967,2,10,117,0.9211
1967,3,1,718,7.2679
1967,3,2,180,7.4618
1967,3,3,138,5.7337
1967,3,4,134,6.9786
1967,3,5,124,5.4075
1967,3,6,126,6.1000
1967,3,7,122,5.6912
1967,3,8,119,5.1734
1967,3,9,119,4.4787
1967,3,10,117,3.9409
1967,4,1,713,5.2674
1967,4,2,180,3.4162
1967,4,3,138,3.9197
1967,4,4,133,3.4590
1967,4,5,124,3.9163
1967,4,6,126,4.6209
1967,4,7,121,4.2732
1967,4,8,119,5.0612
1967,4,9,119,2.9810
1967,4,10,117,4.5554
1967,5,1,708,-0.2071
1967,5,2,180,-0.2011
1967,5,3,138,-1.1792
1967,5,4,132,-1.6858
1967,5,5,124,-1.9316
1967,5,6,125,-0.4566
1967,5,7,121,-0.8749
1967,5,8,119,-2.5062
1967,5,9,119,-3.8482
1967,5,10,117,-5.1139
1967,6,1,704,14.2499
1967,6,2,180,9.9751
1967,6,3,138,7.0820
1967,6,4,130,8.1673
1967,6,5,119,6.2039
1967,6,6,124,5.4872
1967,6,7,119,4.3337
1967,6,8,118,3.4436
1967,6,9,119,2.2739
1967,6,10,117,1.4002
1967,7,1,702,10.0518
1967,7,2,206,8.6094
1967,7,3,169,8.7184
1967,7,4,142,7.2058
1967,7,5,139,6.1192
1967,7,6,128,6.1784
1967,7,7,123,5.1377
1967,7,8,122,5.7251
1967,7,9,118,5.4147
1967,7,10,117,4.0280
1967,8,1,695,0.9753
1967,8,2,204,-0.2701
1967,8,3,168,0.4318
1967,8,4,140,-1.4344
1967,8,5,138,0.0382
1967,8,6,127,0.1083
1967,8,7,121,0.2321
1967,8,8,122,-0.6956
1967,8,9,118,-0.5339
1967,8,10,117,-0.8933
1967,9,1,690,9.0612
1967,9,2,204,7.4865
1967,9,3,168,6.1103
1967,9,4,140,4.3857
1967,9,5,136,3.4294
1967,9,6,127,4.0426
1967,9,7,120,4.6660
1967,9,8,122,1.5750
1967,9,9,118,2.1245
1967,9,10,117,3.4744
1967,10,1,685,-1.1686
1967,10,2,203,-2.4331
1967,10,3,167,-3.1711
1967,10,4,139,-1.9954
1967,10,5,135,-3.6709
1967,10,6,127,-2.0467
1967,10,7,117,-3.8720
1967,10,8,120,-5.6033
1967,10,9,119,-4.7432
1967,10,10,117,-1.7554
1967,11,1,683,-0.8138
1967,11,2,201,1.2146
1967,11,3,164,0.6678
1967,11,4,136,1.0880
1967,11,5,134,1.3437
1967,11,6,127,0.9200
1967,11,7,117,1.3752
1967,11,8,121,1.2276
1967,11,9,119,0.4485
1967,11,10,116,0.7303
1967,12,1,675,11.3789
1967,12,2,201,9.1478
1967,12,3,163,8.7776
1967,12,4,136,7.4528
1967,12,5,134,6.1830
1967,12,6,126,6.0341
1967,12,7,116,3.5608
1967,12,8,121,2.6968
1967,12,9,119,2.6920
1967,12,10,116,2.3912
1968,1,1,670,5.0661
1968,1,2,201,0.3583
1968,1,3,163,0.2720
1968,1,4,135,-1.3909
1968,1,5,134,-1.3444
1968,1,6,126,-3.3241
1968,1,7,113,-2.9311
1968,1,8,121,-3.8315
1968,1,9,119,-3.7515
1968,1,10,116,-4.5882
1968,2,1,661,-7.8049
1968,2,2,197,-5.8810
1968,2,3,161,-5.8151
1968,2,4,132,-6.2904
1968,2,5,129,-3.1822
1968,2,6,125,-5.3746
1968,2,7,113,-4.8224
1968,2,8,120,-4.5237
1968,2,9,119,-3.2859
1968,2,10,116,-2.3961
1968,3,1,662,-1.1289
1968,3,2,197,-1.0033
1968,3,3,160,-1.7011
1968,3,4,131,-0.9442
1968,3,5,128,-1.6350
1968,3,6,125,1.5046
1968,3,7,112,0.3598
1968,3,8,120,-0.6640
1968,3,9,118,0.0550
1968,3,10,116,1.1903
1968,4,1,659,17.5121
1968,4,2,195,16.7674
1968,4,3,160,14.5177
1968,4,4,131,15.0813
1968,4,5,128,11.8153
1968,4,6,124,12.7865
1968,4,7,112,10.8340
1968,4,8,120,10.4702
1968,4,9,118,9.1863
1968,4,10,116,7.8921
1968,5,1,654,13.9869
1968,5,2,195,8.4950
1968,5,3,159,9.5788
1968,5,4,131,6.5027
1968,5,5,127,5.0975
1968,5,6,124,5.4223
1968,5,7,110,5.3380
1968,5,8,119,3.6214
1968,5,9,118,2.7030
1968,5,10,115,0.9205
1968,6,1,650,0.9053
1968,6,2,195,0.0186
1968,6,3,158,-1.4371
1968,6,4,127,0.5446
1968,6,5,127,1.0755
1968,6,6,124,0.3205
1968,6,7,110,1.9473
1968,6,8,119,1.3230
1968,6,9,118,1.4785
1968,6,10,115,0.8393
1968,7,1,686,-2.7166
1968,7,2,228,-4.5836
1968,7,3,160,-2.4979
1968,7,4,147,-5.1771
1968,7,5,149,-2.8251
1968,7,6,123,-5.0527
1968,7,7,120,-5.2068
1968,7,8,124,-2.3487
1968,7,9,116,-2.5869
1968,7,10,115,-1.5090
1968,8,1,676,4.2328
1968,8,2,228,4.4041
1968,8,3,159,3.5700
1968,8,4,144,2.4139
1968,8,5,148,4.0566
1968,8,6,123,2.3055
1968,8,7,119,1.4220
1968,8,8,122,2.4042
1968,8,9,115,1.3489
1968,8,10,115,1.2834
1968,9,1,674,7.0924
1968,9,2,227,6.9650
1968,9,3,158,6.9169
1968,9,4,144,6.7656
1968,9,5,148,6.9189
1968,9,6,123,4.8317
1968,9,7,119,6.1961
1968,9,8,122,6.4010
1968,9,9,115,5.2697
1968,9,10,115,3.0141
1968,10,1,672,-0.2403
1968,10,2,226,0.5997
1968,10,3,158,1.3340
1968,10,4,142,0.2078
1968,10,5,147,1.3405
1968,10,6,121,1.2897
1968,10,7,118,1.3185
1968,10,8,121,0.6028
1968,10,9,115,1.5950
1968,10,10,115,0.6293
1968,11,1,666,7.1838
1968,11,2,223,7.0257
1968,11,3,155,7.7247
1968,11,4,142,8.6022
1968,11,5,147,7.5358
1968,11,6,120,8.0812
1968,11,7,118,6.7685
1968,11,8,121,7.5850
1968,11,9,114,6.5518
1968,11,10,115,4.9178
1968,12,1,662,3.1893
1968,12,2,223,1.7313
1968,12,3,155,-0.5604
1968,12,4,140,-1.4145
1968,12,5,146,-1.3375
1968,12,6,120,-1.9914
1968,12,7,118,-3.2625
1968,12,8,120,-3.3839
1968,12,9,114,-2.5817
1968,12,10,115,-4.5007
1969,1,1,655,-0.4713
1969,1,2,222,-1.1268
1969,1,3,155,-0.8151
1969,1,4,138,-0.8193
1969,1,5,144,-1.1058
1969,1,6,120,-2.2447
1969,1,7,118,-2.0595
1969,1,8,119,0.4731
1969,1,9,114,0.0227
1969,1,10,115,-1.0079
1969,2,1,649,-10.7146
1969,2,2,220,-10.0771
1969,2,3,153,-8.7810
1969,2,4,136,-8.2322
1969,2,5,143,-7.8851
1969,2,6,120,-7.6290
1969,2,7,118,-7.4517
1969,2,8,119,-6.7563
1969,2,9,114,-6.1737
1969,2,10,115,-3.5317
1969,3,1,645,2.7424
1969,3,2,219,2.6666
1969,3,3,151,2.8630
1969,3,4,136,2.5005
1969,3,5,142,2.0260
1969,3,6,120,1.3052
1969,3,7,118,1.7230
1969,3,8,118,2.2573
1969,3,9,114,1.2477
1969,3,10,115,4.2117
1969,4,1,640,-0.8563
1969,4,2,217,0.4675
1969,4,3,150,1.2084
1969,4,4,136,0.8849
1969,4,5,142,0.8456
1969,4,6,120,0.6032
1969,4,7,118,1.9799
1969,4,8,118,0.9716
1969,4,9,114,1.8678
1969,4,10,114,2.5574
1969,5,1,637,1.3950
1969,5,2,216,1.2995
1969,5,3,151,0.9657
1969,5,4,135,-0.4262
1969,5,5,142,0.6716
1969,5,6,117,0.0440
1969,5,7,117,-0.1693
1969,5,8,118,0.1031
1969,5,9,114,-0.6997
1969,5,10,114,0.7485
1969,6,1,634,-13.7058
1969,6,2,216,-13.2740
1969,6,3,150,-11.6113
1969,6,4,136,-11.6731
1969,6,5,142,-10.7293
1969,6,6,118,-10.3083
1969,6,7,115,-9.0147
1969,6,8,115,-7.4958
1969,6,9,113,-6.4949
1969,6,10,114,-4.7790
1969,7,1,744,-12.0216
1969,7,2,208,-11.4324
1969,7,3,173,-9.8755
1969,7,4,149,-8.8831
1969,7,5,141,-8.2909
1969,7,6,130,-8.0996
1969,7,7,126,-7.4233
1969,7,8,120,-6.9369
1969,7,9,117,-6.3008
1969,7,10,115,-5.4685
1969,8,1,739,3.9835
1969,8,2,208,5.3470
1969,8,3,171,5.6956
1969,8,4,149,5.0841
1969,8,5,141,6.7023
1969,8,6,129,7.0713
1969,8,7,126,4.8528
1969,8,8,120,6.0638
1969,8,9,117,3.3798
1969,8,10,115,4.8927
1969,9,1,739,-3.0764
1969,9,2,208,-2.9267
1969,9,3,169,-0.9853
1969,9,4,147,0.2237
1969,9,5,138,-0.9501
1969,9,6,129,-1.9394
1969,9,7,126,-2.1548
1969,9,8,120,-1.6880
1969,9,9,117,-1.1355
1969,9,10,115,-3.0643
1969,10,1,736,11.1921
1969,10,2,207,9.8494
1969,10,3,168,9.1218
1969,10,4,147,8.9550
1969,10,5,137,7.5698
1969,10,6,127,7.7584
1969,10,7,126,7.3061
1969,10,8,119,7.1067
1969,10,9,117,6.8493
1969,10,10,115,3.9881
1969,11,1,733,-7.0754
1969,11,2,207,-6.7391
1969,11,3,169,-4.4629
1969,11,4,146,-3.7019
1969,11,5,137,-4.7484
1969,11,6,128,-4.2640
1969,11,7,126,-3.7455
1969,11,8,119,-3.1351
1969,11,9,117,-3.0764
1969,11,10,115,-2.6021
1969,12,1,731,-8.4764
1969,12,2,206,-6.1423
1969,12,3,166,-7.2890
1969,12,4,146,-4.4851
1969,12,5,137,-3.5103
1969,12,6,128,-3.9422
1969,12,7,126,-1.9192
1969,12,8,119,-1.8853
1969,12,9,117,-2.6087
1969,12,10,115,-1.0326
1970,1,1,729,-2.1155
1970,1,2,204,-5.9362
1970,1,3,165,-5.1487
1970,1,4,145,-5.1450
1970,1,5,135,-6.4709
1970,1,6,128,-6.6778
1970,1,7,126,-7.1954
1970,1,8,119,-7.7327
1970,1,9,117,-5.9673
1970,1,10,115,-8.1083
1970,2,1,726,2.6201
1970,2,2,204,3.2425
1970,2,3,163,3.3207
1970,2,4,145,4.0357
1970,2,5,134,4.2086
1970,2,6,128,5.0427
1970,2,7,126,4.0366
1970,2,8,119,5.7715
1970,2,9,116,7.2536
1970,2,10,115,5.4804
1970,3,1,725,-4.2969
1970,3,2,203,-3.8114
1970,3,3,165,-1.6284
1970,3,4,145,-2.7475
1970,3,5,134,-2.0079
1970,3,6,128,-1.0718
1970,3,7,126,-0.1260
1970,3,8,118,-0.7090
1970,3,9,117,-0.4442
1970,3,10,115,0.1405
1970,4,1,723,-19.0478
1970,4,2,203,-17.0715
1970,4,3,164,-17.2896
1970,4,4,147,-16.9383
1970,4,5,134,-14.7231
1970,4,6,128,-14.8635
1970,4,7,124,-13.1848
1970,4,8,118,-11.6614
1970,4,9,117,-10.7890
1970,4,10,115,-8.3575
1970,5,1,719,-9.8051
1970,5,2,201,-9.0081
1970,5,3,164,-9.3665
1970,5,4,147,-10.9764
1970,5,5,134,-9.8755
1970,5,6,127,-9.6002
1970,5,7,123,-8.8786
1970,5,8,118,-8.4593
1970,5,9,117,-6.9605
1970,5,10,115,-4.7000
1970,6,1,717,-8.2027
1970,6,2,200,-9.1628
1970,6,3,162,-7.9194
1970,6,4,146,-7.9988
1970,6,5,133,-4.9657
1970,6,6,128,-6.4717
1970,6,7,123,-5.2960
1970,6,8,118,-3.7613
1970,6,9,117,-4.9991
1970,6,10,115,-5.0787
1970,7,1,805,3.7646
1970,7,2,222,5.9255
1970,7,3,175,7.0375
1970,7,4,145,7.3939
1970,7,5,140,8.2049
1970,7,6,130,6.8824
1970,7,7,125,8.8633
1970,7,8,122,8.4964
1970,7,9,119,6.9507
1970,7,10,119,7.3163
1970,8,1,800,6.0477
1970,8,2,221,5.9972
1970,8,3,175,7.9766
1970,8,4,144,7.0674
1970,8,5,139,5.6695
1970,8,6,129,7.3231
1970,8,7,125,5.0207
1970,8,8,122,5.9904
1970,8,9,119,5.9366
1970,8,10,119,4.5074
1970,9,1,797,16.8716
1970,9,2,220,13.9777
1970,9,3,174,14.9164
1970,9,4,145,12.2137
1970,9,5,138,9.2278
1970,9,6,129,9.4631
1970,9,7,124,6.8839
1970,9,8,122,6.7634
1970,9,9,119,4.0982
1970,9,10,119,2.9167
1970,10,1,796,-8.7809
1970,10,2,220,-6.3954
1970,10,3,174,-6.4450
1970,10,4,145,-3.7792
1970,10,5,137,-4.4007
1970,10,6,129,-4.3901
1970,10,7,124,-4.2462
1970,10,8,122,-3.2223
1970,10,9,119,-1.8833
1970,10,10,119,-0.2570
1970,11,1,793,-2.8200
1970,11,2,220,-0.8016
1970,11,3,174,1.4952
1970,11,4,145,3.0605
1970,11,5,136,3.4783
1970,11,6,129,3.2176
1970,11,7,124,4.7676
1970,11,8,122,5.4626
1970,11,9,119,6.1933
1970,11,10,119,5.4403
1970,12,1,788,9.1765
1970,12,2,220,9.4263
1970,12,3,174,7.7852
1970,12,4,145,8.9668
1970,12,5,136,7.6164
1970,12,6,129,8.4271
1970,12,7,123,8.6378
1970,12,8,122,7.8335
1970,12,9,119,6.2220
1970,12,10,119,5.0972
1971,1,1,783,17.4172
1971,1,2,220,12.0293
1971,1,3,172,12.6038
1971,1,4,144,10.0601
1971,1,5,134,9.8449
1971,1,6,129,8.0842
1971,1,7,123,6.4791
1971,1,8,121,7.9778
1971,1,9,119,5.1021
1971,1,10,119,3.5241
1971,2,1,779,7.0540
1971,2,2,220,5.2449
1971,2,3,171,2.2887
1971,2,4,143,3.6517
1971,2,5,134,2.1113
1971,2,6,129,2.3629
1971,2,7,123,2.1237
1971,2,8,121,2.6007
1971,2,9,118,1.2498
1971,2,10,119,1.2517
1971,3,1,776,5.8873
1971,3,2,220,5.8709
1971,3,3,170,5.2916
1971,3,4,143,5.7175
1971,3,5,134,7.5969
1971,3,6,127,6.1618
1971,3,7,123,4.3878
1971,3,8,121,5.1178
1971,3,9,118,3.2562
1971,3,10,119,3.8259
1971,4,1,772,1.2502
1971,4,2,220,3.0307
1971,4,3,166,3.1238
1971,4,4,143,3.3923
1971,4,5,134,4.5114
1971,4,6,127,4.8943
1971,4,7,123,3.7752
1971,4,8,121,3.7900
1971,4,9,118,3.3123
1971,4,10,119,3.5652
1971,5,1,767,-6.7707
1971,5,2,220,-5.2279
1971,5,3,166,-4.8294
1971,5,4,143,-3.5190
1971,5,5,133,-4.0628
1971,5,6,127,-3.6948
1971,5,7,122,-1.9813
1971,5,8,121,-3.9760
1971,5,9,118,-2.4957
1971,5,10,119,-3.7617
1971,6,1,762,-2.9882
1971,6,2,218,-1.2622
1971,6,3,165,-1.8699
1971,6,4,143,1.1035
1971,6,5,132,-1.0926
1971,6,6,126,-0.8651
1971,6,7,123,0.3449
1971,6,8,121,0.2345
1971,6,9,118,0.9136
1971,6,10,119,0.4791
1971,7,1,800,-7.0517
1971,7,2,232,-6.4311
1971,7,3,185,-5.7677
1971,7,4,157,-5.3269
1971,7,5,132,-3.5535
1971,7,6,132,-5.6016
1971,7,7,131,-4.5661
1971,7,8,123,-4.6688
1971,7,9,121,-4.0160
1971,7,10,120,-3.9167
1971,8,1,799,3.0357
1971,8,2,232,5.3617
1971,8,3,185,4.4999
1971,8,4,157,5.3203
1971,8,5,132,3.7444
1971,8,6,131,6.0169
1971,8,7,130,5.8997
1971,8,8,123,4.3566
1971,8,9,121,4.0037
1971,8,10,120,3.8345
1971,9,1,799,-0.3508
1971,9,2,231,-0.1833
1971,9,3,183,-1.0584
1971,9,4,157,-0.7298
1971,9,5,132,-0.3912
1971,9,6,131,0.1574
1971,9,7,130,-0.9236
1971,9,8,123,-0.4253
1971,9,9,121,-0.8738
1971,9,10,120,-0.4153
1971,10,1,798,-7.2456
1971,10,2,231,-6.5730
1971,10,3,182,-5.9658
1971,10,4,157,-4.4313
1971,10,5,132,-5.5564
1971,10,6,131,-6.2164
1971,10,7,130,-4.3220
1971,10,8,123,-3.7896
1971,10,9,121,-5.9539
1971,10,10,120,-3.3724
1971,11,1,798,-5.3800
1971,11,2,231,-3.3167
1971,11,3,182,-3.8629
1971,11,4,157,-1.2225
1971,11,5,132,-1.7589
1971,11,6,131,-1.7934
1971,11,7,130,-1.5543
1971,11,8,123,-1.6339
1971,11,9,121,-1.2924
1971,11,10,120,0.9040
1971,12,1,796,13.1450
1971,12,2,230,12.8360
1971,12,3,181,14.6862
1971,12,4,157,12.5142
1971,12,5,132,10.4059
1971,12,6,131,11.6252
1971,12,7,130,11.8208
1971,12,8,123,10.2511
1971,12,9,121,9.8463
1971,12,10,120,8.2368
1972,1,1,795,15.0441
1972,1,2,230,11.4633
1972,1,3,179,7.6577
1972,1,4,156,8.0169
1972,1,5,132,5.7193
1972,1,6,131,4.7815
1972,1,7,130,4.6043
1972,1,8,123,2.4310
1972,1,9,121,2.7435
1972,1,10,120,1.7256
1972,2,1,790,4.8849
1972,2,2,230,3.6688
1972,2,3,179,4.0459
1972,2,4,154,4.2992
1972,2,5,132,2.3676
1972,2,6,131,4.6741
1972,2,7,130,3.5690
1972,2,8,123,1.9517
1972,2,9,121,3.7534
1972,2,10,120,3.1963
1972,3,1,789,-0.8989
1972,3,2,229,-0.7561
1972,3,3,179,0.4569
1972,3,4,155,0.1679
1972,3,5,132,0.2964
1972,3,6,131,1.3329
1972,3,7,130,0.6172
1972,3,8,123,0.8602
1972,3,9,121,-0.8977
1972,3,10,120,0.9205
1972,4,1,783,0.1287
1972,4,2,228,-0.1031
1972,4,3,178,1.3381
1972,4,4,154,0.6323
1972,4,5,132,0.5011
1972,4,6,131,0.2028
1972,4,7,130,0.3631
1972,4,8,123,-0.2193
1972,4,9,121,1.1664
1972,4,10,120,0.4126
1972,5,1,779,-2.6173
1972,5,2,228,-1.8797
1972,5,3,178,-2.9237
1972,5,4,154,-0.0601
1972,5,5,132,-0.9192
1972,5,6,131,-0.5557
1972,5,7,129,2.9011
1972,5,8,123,0.0223
1972,5,9,121,1.0670
1972,5,10,120,2.7582
1972,6,1,776,-4.4534
1972,6,2,228,-2.8785
1972,6,3,177,-1.6976
1972,6,4,154,-2.4823
1972,6,5,132,-3.7046
1972,6,6,131,-2.4232
1972,6,7,128,-2.6382
1972,6,8,123,-3.7516
1972,6,9,121,-3.1933
1972,6,10,120,-1.3407
1972,7,1,822,-3.6966
1972,7,2,246,-4.8822
1972,7,3,189,-4.1455
1972,7,4,151,-4.2037
1972,7,5,150,-2.1658
1972,7,6,139,-2.4158
1972,7,7,136,-2.2058
1972,7,8,132,-3.4125
1972,7,9,126,-1.6886
1972,7,10,124,0.8950
1972,8,1,817,0.0711
1972,8,2,245,-0.2448
1972,8,3,188,0.6816
1972,8,4,150,1.4564
1972,8,5,150,2.5132
1972,8,6,139,2.1083
1972,8,7,136,1.7854
1972,8,8,132,3.6301
1972,8,9,126,4.4565
1972,8,10,124,3.6236
1972,9,1,813,-4.6755
1972,9,2,244,-3.9970
1972,9,3,186,-3.6187
1972,9,4,149,-3.5288
1972,9,5,150,-1.7713
1972,9,6,139,-2.3100
1972,9,7,136,-3.0948
1972,9,8,131,-1.8358
1972,9,9,126,-2.1364
1972,9,10,124,0.1633
1972,10,1,810,-3.4542
1972,10,2,243,-1.9579
1972,10,3,186,-1.2806
1972,10,4,149,-0.5436
1972,10,5,150,-0.6314
1972,10,6,139,-0.5299
1972,10,7,136,-0.5708
1972,10,8,131,0.2881
1972,10,9,126,1.2899
1972,10,10,124,1.3389
1972,11,1,807,4.3077
1972,11,2,243,4.6212
1972,11,3,186,6.3677
1972,11,4,149,5.8397
1972,11,5,149,6.0037
1972,11,6,138,5.6738
1972,11,7,136,7.1919
1972,11,8,131,7.7952
1972,11,9,126,6.8975
1972,11,10,124,3.9828
1972,12,1,804,-2.7730
1972,12,2,242,-1.2403
1972,12,3,186,-2.1995
1972,12,4,149,-1.2044
1972,12,5,148,0.3536
1972,12,6,138,-0.6446
1972,12,7,136,-0.8299
1972,12,8,131,-1.2608
1972,12,9,126,-0.9441
1972,12,10,124,2.3851
1973,1,1,801,-3.1517
1973,1,2,242,-4.9587
1973,1,3,186,-4.6220
1973,1,4,149,-6.7244
1973,1,5,147,-6.3534
1973,1,6,138,-6.3175
1973,1,7,136,-5.8840
1973,1,8,131,-5.3111
1973,1,9,126,-6.1883
1973,1,10,124,-0.3574
1973,2,1,796,-8.3816
1973,2,2,240,-8.8373
1973,2,3,185,-8.5376
1973,2,4,149,-7.9479
1973,2,5,146,-8.4009
1973,2,6,138,-7.1986
1973,2,7,136,-6.5775
1973,2,8,131,-5.5126
1973,2,9,126,-3.8536
1973,2,10,124,-3.1581
1973,3,1,792,-2.2904
1973,3,2,240,-3.2276
1973,3,3,185,-2.2619
1973,3,4,148,-2.3652
1973,3,5,146,-3.1276
1973,3,6,138,-2.8695
1973,3,7,135,-2.7312
1973,3,8,130,-2.5709
1973,3,9,126,-1.4907
1973,3,10,124,0.2197
1973,4,1,787,-7.3845
1973,4,2,240,-7.3257
1973,4,3,185,-7.1906
1973,4,4,148,-6.9633
1973,4,5,147,-6.1077
1973,4,6,138,-5.7341
1973,4,7,135,-7.3489
1973,4,8,129,-6.0281
1973,4,9,126,-4.9240
1973,4,10,124,-3.7184
1973,5,1,784,-9.3080
1973,5,2,238,-8.6980
1973,5,3,185,-9.4301
1973,5,4,148,-8.3363
1973,5,5,147,-6.7986
1973,5,6,138,-5.8629
1973,5,7,135,-5.6641
1973,5,8,129,-4.9593
1973,5,9,126,-2.3978
1973,5,10,124,-0.6718
1973,6,1,774,-3.6339
1973,6,2,237,-3.6382
1973,6,3,184,-2.1548
1973,6,4,148,-3.6640
1973,6,5,147,-3.4287
1973,6,6,137,-2.4768
1973,6,7,135,-3.4269
1973,6,8,129,-3.5929
1973,6,9,126,-4.1139
1973,6,10,124,-0.0416
1973,7,1,2578,12.7081
1973,7,2,393,14.1059
1973,7,3,288,13.6902
1973,7,4,214,12.8431
1973,7,5,209,11.5623
1973,7,6,188,10.7267
1973,7,7,168,10.0723
1973,7,8,162,9.7934
1973,7,9,145,6.7454
1973,7,10,133,3.0478
1973,8,1,2536,-5.9341
1973,8,2,392,-5.1864
1973,8,3,285,-4.4278
1973,8,4,214,-4.6658
1973,8,5,208,-2.2191
1973,8,6,188,-3.1022
1973,8,7,168,-1.2669
1973,8,8,162,-2.6551
1973,8,9,145,-1.1678
1973,8,10,133,-3.6033
1973,9,1,2488,7.8301
1973,9,2,389,10.3118
1973,9,3,284,10.2348
1973,9,4,214,10.2264
1973,9,5,205,10.4820
1973,9,6,188,10.7985
1973,9,7,168,10.5638
1973,9,8,161,9.7192
1973,9,9,145,8.1597
1973,9,10,133,2.7557
1973,10,1,2448,0.3083
1973,10,2,386,-0.8149
1973,10,3,283,-0.5807
1973,10,4,213,-0.4608
1973,10,5,206,-0.7450
1973,10,6,187,0.4236
1973,10,7,167,0.0442
1973,10,8,160,0.1680
1973,10,9,145,-1.0274
1973,10,10,133,0.2506
1973,11,1,2433,-19.9338
1973,11,2,386,-19.3915
1973,11,3,281,-18.5019
1973,11,4,213,-18.4279
1973,11,5,206,-17.8623
1973,11,6,187,-18.0317
1973,11,7,167,-17.5414
1973,11,8,160,-15.7020
1973,11,9,145,-12.5012
1973,11,10,133,-9.9535
1973,12,1,2352,-5.0939
1973,12,2,383,-1.8373
1973,12,3,280,-1.5321
1973,12,4,212,-1.2814
1973,12,5,203,0.2548
1973,12,6,187,1.1396
1973,12,7,166,1.0500
1973,12,8,161,3.5356
1973,12,9,145,1.7761
1973,12,10,133,1.3836
1974,1,1,2276,14.5772
1974,1,2,381,10.9201
1974,1,3,278,9.2361
1974,1,4,212,8.3263
1974,1,5,201,5.7203
1974,1,6,187,6.7432
1974,1,7,165,3.6806
1974,1,8,161,2.3562
1974,1,9,145,1.6431
1974,1,10,132,-1.7850
1974,2,1,2252,0.0467
1974,2,2,380,-0.9562
1974,2,3,278,1.7444
1974,2,4,212,0.6234
1974,2,5,198,1.2051
1974,2,6,186,-0.3160
1974,2,7,165,-0.1540
1974,2,8,161,1.0293
1974,2,9,145,0.3714
1974,2,10,132,-0.1611
1974,3,1,2231,1.8134
1974,3,2,378,-0.1956
1974,3,3,278,-0.6136
1974,3,4,212,-0.3502
1974,3,5,197,-1.6520
1974,3,6,186,-1.6104
1974,3,7,165,-2.7205
1974,3,8,160,-2.8541
1974,3,9,145,-2.8669
1974,3,10,132,-2.0205
1974,4,1,2225,-5.1547
1974,4,2,378,-5.4909
1974,4,3,277,-6.5889
1974,4,4,212,-4.8774
1974,4,5,197,-5.9964
1974,4,6,185,-5.8107
1974,4,7,164,-6.2102
1974,4,8,160,-5.7748
1974,4,9,145,-5.4361
1974,4,10,132,-3.4267
1974,5,1,2205,-7.2443
1974,5,2,378,-7.1643
1974,5,3,277,-7.9019
1974,5,4,210,-7.2644
1974,5,5,197,-6.6467
1974,5,6,185,-7.9351
1974,5,7,164,-7.8512
1974,5,8,160,-5.9803
1974,5,9,145,-5.7770
1974,5,10,132,-1.3508
1974,6,1,2179,-2.9652
1974,6,2,376,-2.5808
1974,6,3,276,-2.8567
1974,6,4,209,-2.4978
1974,6,5,197,-1.8905
1974,6,6,185,-3.9073
1974,6,7,164,-3.1344
1974,6,8,160,-2.6701
1974,6,9,145,-2.2739
1974,6,10,132,-1.2517
1974,7,1,2215,-5.5014
1974,7,2,403,-5.0800
1974,7,3,300,-4.4850
1974,7,4,207,-4.8607
1974,7,5,213,-4.9006
1974,7,6,177,-2.5491
1974,7,7,162,-5.0396
1974,7,8,161,-4.4002
1974,7,9,140,-5.5392
1974,7,10,133,-8.7239
1974,8,1,2189,-7.7429
1974,8,2,403,-8.0168
1974,8,3,298,-7.9540
1974,8,4,205,-7.7380
1974,8,5,211,-8.6219
1974,8,6,177,-7.9965
1974,8,7,162,-8.8933
1974,8,8,161,-9.9164
1974,8,9,140,-10.6482
1974,8,10,133,-8.0395
1974,9,1,2153,-8.0455
1974,9,2,401,-9.5316
1974,9,3,298,-9.0580
1974,9,4,205,-8.2553
1974,9,5,209,-9.4164
1974,9,6,176,-8.2339
1974,9,7,161,-9.2380
1974,9,8,161,-8.4630
1974,9,9,140,-8.8997
1974,9,10,133,-12.7204
1974,10,1,2115,7.3308
1974,10,2,397,10.3355
1974,10,3,297,10.3581
1974,10,4,202,10.2355
1974,10,5,209,10.0410
1974,10,6,175,11.9072
1974,10,7,161,15.1066
1974,10,8,161,15.1333
1974,10,9,140,16.1193
1974,10,10,133,17.5925
1974,11,1,2085,-5.9337
1974,11,2,394,-5.0907
1974,11,3,298,-4.0696
1974,11,4,202,-4.8434
1974,11,5,208,-4.5238
1974,11,6,175,-2.9813
1974,11,7,161,-3.5034
1974,11,8,161,-2.0904
1974,11,9,140,-2.4154
1974,11,10,133,-4.7481
1974,12,1,2055,-8.5268
1974,12,2,394,-6.7440
1974,12,3,298,-6.6914
1974,12,4,202,-5.1312
1974,12,5,208,-5.4742
1974,12,6,173,-4.6874
1974,12,7,160,-5.5267
1974,12,8,160,-3.3260
1974,12,9,140,-1.6045
1974,12,10,133,-2.1254
1975,1,1,2025,27.2143
1975,1,2,394,28.2466
1975,1,3,295,24.9612
1975,1,4,199,24.6639
1975,1,5,208,26.4609
1975,1,6,174,20.7025
1975,1,7,161,21.3041
1975,1,8,160,19.1032
1975,1,9,140,15.7569
1975,1,10,133,10.6116
1975,2,1,2004,4.8112
1975,2,2,394,5.5878
1975,2,3,297,5.8161
1975,2,4,198,4.3637
1975,2,5,208,3.7972
1975,2,6,174,5.3299
1975,2,7,161,5.0033
1975,2,8,160,4.2813
1975,2,9,140,5.3781
1975,2,10,133,7.5492
1975,3,1,2008,8.6116
1975,3,2,393,7.7021
1975,3,3,297,6.1921
1975,3,4,198,6.8733
1975,3,5,208,6.2133
1975,3,6,174,5.5584
1975,3,7,161,6.3740
1975,3,8,159,5.6604
1975,3,9,140,3.5756
1975,3,10,133,1.8389
1975,4,1,2004,3.8095
1975,4,2,391,4.6789
1975,4,3,297,4.4101
1975,4,4,198,3.9204
1975,4,5,208,5.3859
1975,4,6,174,5.3629
1975,4,7,161,5.9723
1975,4,8,159,4.9651
1975,4,9,140,5.2658
1975,4,10,133,4.8717
1975,5,1,2010,8.3227
1975,5,2,389,9.1120
1975,5,3,297,8.1905
1975,5,4,198,8.2766
1975,5,5,207,7.0926
1975,5,6,174,5.3283
1975,5,7,161,6.7505
1975,5,8,159,5.2529
1975,5,9,140,4.4866
1975,5,10,133,5.3745
1975,6,1,1990,7.8327
1975,6,2,389,6.3622
1975,6,3,296,7.3828
1975,6,4,198,6.4734
1975,6,5,206,6.1722
1975,6,6,173,6.3650
1975,6,7,161,6.4150
1975,6,8,159,8.1513
1975,6,9,140,6.4731
1975,6,10,133,4.1373
1975,7,1,2061,0.9005
1975,7,2,419,-2.3499
1975,7,3,258,-3.8509
1975,7,4,234,-3.2435
1975,7,5,226,-3.9175
1975,7,6,173,-4.0083
1975,7,7,161,-5.0492
1975,7,8,159,-6.2515
1975,7,9,136,-5.5291
1975,7,10,131,-6.7740
1975,8,1,2045,-6.0619
1975,8,2,417,-5.9410
1975,8,3,257,-5.5544
1975,8,4,234,-4.0140
1975,8,5,226,-3.7464
1975,8,6,172,-3.7766
1975,8,7,161,-3.1394
1975,8,8,159,-3.3600
1975,8,9,136,-1.1879
1975,8,10,131,-1.3690
1975,9,1,2041,-3.1621
1975,9,2,416,-3.5493
1975,9,3,256,-3.1659
1975,9,4,233,-4.3065
1975,9,5,225,-3.6725
1975,9,6,171,-3.8297
1975,9,7,161,-3.4392
1975,9,8,159,-3.8536
1975,9,9,136,-3.0822
1975,9,10,131,-3.3541
1975,10,1,2026,0.8932
1975,10,2,416,2.5380
1975,10,3,256,2.8672
1975,10,4,232,3.3201
1975,10,5,225,1.9132
1975,10,6,171,3.8865
1975,10,7,161,5.5248
1975,10,8,159,6.3867
1975,10,9,136,4.9738
1975,10,10,131,6.8007
1975,11,1,2018,2.1022
1975,11,2,415,2.3403
1975,11,3,256,3.2112
1975,11,4,231,2.9696
1975,11,5,224,2.2459
1975,11,6,170,3.9974
1975,11,7,160,3.6010
1975,11,8,158,4.4831
1975,11,9,136,2.5028
1975,11,10,131,2.7798
1975,12,1,2001,-1.7807
1975,12,2,416,-0.4522
1975,12,3,256,-1.4669
1975,12,4,230,-1.8753
1975,12,5,223,-0.7474
1975,12,6,170,0.2569
1975,12,7,161,-0.2169
1975,12,8,159,-1.1065
1975,12,9,136,0.2959
1975,12,10,131,-1.6476
1976,1,1,1988,21.2129
1976,1,2,415,19.7503
1976,1,3,255,18.1698
1976,1,4,229,18.4450
1976,1,5,222,17.3214
1976,1,6,169,16.0205
1976,1,7,161,15.4302
1976,1,8,159,14.0119
1976,1,9,136,12.8331
1976,1,10,131,11.1423
1976,2,1,1912,12.3369
1976,2,2,412,9.6835
1976,2,3,252,8.4942
1976,2,4,229,7.7382
1976,2,5,222,5.6157
1976,2,6,169,5.9551
1976,2,7,161,4.1904
1976,2,8,159,2.6535
1976,2,9,136,1.3624
1976,2,10,131,-1.7422
1976,3,1,1970,1.5876
1976,3,2,414,1.6295
1976,3,3,253,0.8875
1976,3,4,229,1.4741
1976,3,5,222,1.7487
1976,3,6,168,0.7602
1976,3,7,161,2.2907
1976,3,8,158,1.3701
1976,3,9,136,0.3414
1976,3,10,131,3.7141
1976,4,1,1939,-1.1009
1976,4,2,409,-1.8863
1976,4,3,252,-1.4273
1976,4,4,228,-1.1985
1976,4,5,221,-0.3499
1976,4,6,167,-1.1304
1976,4,7,161,-1.4666
1976,4,8,158,-1.2513
1976,4,9,136,-0.1913
1976,4,10,131,-0.9913
1976,5,1,1950,-2.9818
1976,5,2,410,-1.8441
1976,5,3,251,-1.6397
1976,5,4,226,-2.1717
1976,5,5,218,-0.8950
1976,5,6,168,-1.4921
1976,5,7,160,-1.1478
1976,5,8,159,-1.7172
1976,5,9,136,-0.0927
1976,5,10,131,-0.7068
1976,6,1,1939,2.0938
1976,6,2,408,3.3224
1976,6,3,250,2.8749
1976,6,4,227,4.0841
1976,6,5,218,5.8422
1976,6,6,167,5.7012
1976,6,7,158,4.7558
1976,6,8,159,5.5441
1976,6,9,136,4.5519
1976,6,10,131,4.0909
1976,7,1,2157,-0.0406
1976,7,2,371,0.1304
1976,7,3,268,-0.0032
1976,7,4,247,0.5566
1976,7,5,198,-0.0344
1976,7,6,177,-0.3989
1976,7,7,152,-1.0051
1976,7,8,153,-0.2064
1976,7,9,136,-1.0897
1976,7,10,129,-0.9020
1976,8,1,2146,-2.2053
1976,8,2,368,-1.7728
1976,8,3,266,-3.0086
1976,8,4,247,-2.1333
1976,8,5,196,-2.0935
1976,8,6,177,-2.0679
1976,8,7,152,-0.9430
1976,8,8,152,-0.8153
1976,8,9,136,-0.5275
1976,8,10,129,0.5432
1976,9,1,1932,1.1566
1976,9,2,355,2.5808
1976,9,3,255,2.3302
1976,9,4,241,4.0966
1976,9,5,193,3.0245
1976,9,6,173,2.9573
1976,9,7,151,2.2330
1976,9,8,151,2.4371
1976,9,9,136,2.5978
1976,9,10,129,2.7380
1976,10,1,2120,-1.8405
1976,10,2,365,-2.5783
1976,10,3,263,-3.0684
1976,10,4,245,-2.0141
1976,10,5,195,-2.2741
1976,10,6,177,-2.0234
1976,10,7,152,-3.2299
1976,10,8,151,-1.4185
1976,10,9,135,-3.2519
1976,10,10,129,-2.0689
1976,11,1,2099,2.2365
1976,11,2,361,4.5367
1976,11,3,262,3.7102
1976,11,4,242,3.5554
1976,11,5,193,4.0592
1976,11,6,176,4.3783
1976,11,7,151,3.0173
1976,11,8,151,3.2549
1976,11,9,135,1.9530
1976,11,10,129,-0.8101
1976,12,1,2099,10.6488
1976,12,2,365,8.8795
1976,12,3,263,10.0485
1976,12,4,245,8.9987
1976,12,5,193,9.1170
1976,12,6,177,7.0866
1976,12,7,152,7.7189
1976,12,8,151,7.0739
1976,12,9,135,6.6104
1976,12,10,129,4.5279
1977,1,1,2089,5.3594
1977,1,2,361,3.2183
1977,1,3,260,2.6292
1977,1,4,243,1.3817
1977,1,5,193,0.5744
1977,1,6,176,-0.4846
1977,1,7,152,-2.2835
1977,1,8,150,-2.5892
1977,1,9,135,-3.9140
1977,1,10,128,-5.0032
1977,2,1,2054,0.2416
1977,2,2,359,-0.3885
1977,2,3,257,-1.4522
1977,2,4,239,-0.7327
1977,2,5,190,-1.2505
1977,2,6,175,-2.8980
1977,2,7,152,-1.5373
1977,2,8,149,-2.4630
1977,2,9,134,-2.3136
1977,2,10,128,-1.3534
1977,3,1,2066,1.1738
1977,3,2,358,0.3482
1977,3,3,258,0.2800
1977,3,4,241,0.0382
1977,3,5,190,0.5817
1977,3,6,175,0.1497
1977,3,7,151,0.1123
1977,3,8,149,0.0209
1977,3,9,133,0.2476
1977,3,10,128,-1.9446
1977,4,1,2051,1.9547
1977,4,2,356,1.3714
1977,4,3,257,1.8007
1977,4,4,240,1.5908
1977,4,5,190,1.3046
1977,4,6,173,1.8164
1977,4,7,151,1.3435
1977,4,8,148,1.2732
1977,4,9,133,2.0611
1977,4,10,128,-0.5738
1977,5,1,2043,0.3465
1977,5,2,355,0.1725
1977,5,3,257,-0.2501
1977,5,4,240,0.1194
1977,5,5,190,-0.1560
1977,5,6,173,0.0989
1977,5,7,151,-0.5105
1977,5,8,149,-0.6319
1977,5,9,133,-0.4177
1977,5,10,128,-1.7582
1977,6,1,2039,6.0422
1977,6,2,351,6.4047
1977,6,3,253,6.4040
1977,6,4,237,7.6335
1977,6,5,189,7.4602
1977,6,6,173,6.2459
1977,6,7,151,4.8618
1977,6,8,149,5.7877
1977,6,9,133,3.9326
1977,6,10,128,4.7464
1977,7,1,2179,1.6087
1977,7,2,385,-0.3865
1977,7,3,268,-0.1397
1977,7,4,215,-0.6873
1977,7,5,200,-1.2708
1977,7,6,174,-0.6567
1977,7,7,150,-1.6761
1977,7,8,150,-2.2667
1977,7,9,135,-2.3775
1977,7,10,132,-1.3827
1977,8,1,2157,-0.5456
1977,8,2,381,-0.9118
1977,8,3,263,-0.6494
1977,8,4,213,-0.6835
1977,8,5,199,-0.6014
1977,8,6,171,-0.7040
1977,8,7,150,-2.1350
1977,8,8,150,-1.8991
1977,8,9,135,-2.4593
1977,8,10,132,-1.0919
1977,9,1,2137,1.9954
1977,9,2,380,0.9266
1977,9,3,260,0.8691
1977,9,4,211,0.4662
1977,9,5,199,2.3015
1977,9,6,169,0.7458
1977,9,7,150,-0.1338
1977,9,8,150,0.8329
1977,9,9,135,-0.0441
1977,9,10,132,-0.1140
1977,10,1,2121,-2.4127
1977,10,2,378,-2.4102
1977,10,3,259,-2.5368
1977,10,4,212,-3.2883
1977,10,5,199,-2.3988
1977,10,6,168,-3.0373
1977,10,7,150,-2.8146
1977,10,8,149,-3.9187
1977,10,9,135,-3.5448
1977,10,10,132,-4.2066
1977,11,1,2106,7.8448
1977,11,2,376,8.9248
1977,11,3,258,9.1337
1977,11,4,210,8.3494
1977,11,5,198,7.0224
1977,11,6,167,6.8504
1977,11,7,149,6.1458
1977,11,8,149,6.6926
1977,11,9,135,4.1776
1977,11,10,132,3.0289
1977,12,1,2096,2.6927
1977,12,2,377,3.2960
1977,12,3,258,2.4185
1977,12,4,210,1.7468
1977,12,5,197,1.7978
1977,12,6,167,1.2410
1977,12,7,149,1.1880
1977,12,8,149,0.4342
1977,12,9,135,0.8659
1977,12,10,132,0.5433
1978,1,1,2076,-0.4921
1978,1,2,373,-2.7534
1978,1,3,256,-3.4231
1978,1,4,210,-4.0927
1978,1,5,196,-4.7365
1978,1,6,166,-4.6274
1978,1,7,149,-5.0846
1978,1,8,148,-5.3642
1978,1,9,135,-5.2134
1978,1,10,132,-6.1057
1978,2,1,2045,3.4779
1978,2,2,368,2.7320
1978,2,3,254,1.3540
1978,2,4,208,1.5833
1978,2,5,194,1.7618
1978,2,6,166,0.2736
1978,2,7,148,0.3249
1978,2,8,148,-1.5435
1978,2,9,135,-2.0279
1978,2,10,132,-1.6236
1978,3,1,2037,7.7166
1978,3,2,366,7.4384
1978,3,3,254,6.9796
1978,3,4,208,6.3573
1978,3,5,194,5.5337
1978,3,6,165,5.2811
1978,3,7,148,4.7231
1978,3,8,148,4.6301
1978,3,9,135,4.3283
1978,3,10,132,1.6539
1978,4,1,2016,8.3739
1978,4,2,361,8.1030
1978,4,3,254,8.2789
1978,4,4,208,7.8508
1978,4,5,193,7.5632
1978,4,6,165,7.7102
1978,4,7,148,6.5446
1978,4,8,148,6.7283
1978,4,9,135,7.1302
1978,4,10,132,9.0043
1978,5,1,2010,8.4414
1978,5,2,358,5.9264
1978,5,3,253,7.3544
1978,5,4,205,5.6930
1978,5,5,190,5.9527
1978,5,6,165,4.4926
1978,5,7,148,4.3767
1978,5,8,147,3.3988
1978,5,9,135,3.1841
1978,5,10,132,0.6773
1978,6,1,1993,0.5754
1978,6,2,353,0.2066
1978,6,3,251,-0.0746
1978,6,4,206,-0.0118
1978,6,5,189,-0.6094
1978,6,6,162,0.4398
1978,6,7,148,0.0796
1978,6,8,146,-0.9878
1978,6,9,135,-1.2642
1978,6,10,132,-1.7921
1978,7,1,2017,5.0899
1978,7,2,394,5.7131
1978,7,3,263,6.3811
1978,7,4,232,7.4240
1978,7,5,199,5.7132
1978,7,6,163,4.8081
1978,7,7,149,6.5958
1978,7,8,145,7.0321
1978,7,9,137,4.9120
1978,7,10,130,5.6413
1978,8,1,1997,10.5012
1978,8,2,390,6.9069
1978,8,3,262,8.6801
1978,8,4,231,8.7203
1978,8,5,198,7.4337
1978,8,6,162,8.1871
1978,8,7,149,5.1852
1978,8,8,145,5.3943
1978,8,9,137,3.4231
1978,8,10,130,2.7849
1978,9,1,1980,0.3323
1978,9,2,387,-1.4419
1978,9,3,258,-1.7819
1978,9,4,231,-1.7566
1978,9,5,196,-1.6916
1978,9,6,159,-2.0881
1978,9,7,148,-1.6336
1978,9,8,143,-0.9834
1978,9,9,137,-0.6958
1978,9,10,130,-0.5236
1978,10,1,1962,-22.0483
1978,10,2,388,-22.5651
1978,10,3,256,-21.4453
1978,10,4,231,-20.1133
1978,10,5,196,-18.8033
1978,10,6,161,-16.7040
1978,10,7,147,-14.6828
1978,10,8,143,-13.3072
1978,10,9,137,-11.7271
1978,10,10,130,-7.5579
1978,11,1,1951,5.2535
1978,11,2,387,7.1246
1978,11,3,254,7.1171
1978,11,4,228,6.8247
1978,11,5,195,6.9712
1978,11,6,159,4.3047
1978,11,7,147,3.4291
1978,11,8,143,3.2540
1978,11,9,137,3.1409
1978,11,10,130,3.0981
1978,12,1,1937,1.8678
1978,12,2,385,1.8550
1978,12,3,251,2.2980
1978,12,4,230,2.8028
1978,12,5,195,2.2866
1978,12,6,158,1.5244
1978,12,7,146,0.8449
1978,12,8,143,1.2430
1978,12,9,136,0.4786
1978,12,10,130,2.0220
1979,1,1,1927,10.1495
1979,1,2,383,9.4163
1979,1,3,248,9.1809
1979,1,4,229,8.2451
1979,1,5,195,6.8165
1979,1,6,158,7.7169
1979,1,7,146,5.8439
1979,1,8,142,6.3598
1979,1,9,136,5.4003
1979,1,10,130,3.5323
1979,2,1,1914,-1.7728
1979,2,2,380,-3.0342
1979,2,3,246,-2.2378
1979,2,4,225,-3.1961
1979,2,5,191,-2.4204
1979,2,6,158,-3.5425
1979,2,7,143,-2.8334
1979,2,8,143,-3.6693
1979,2,9,136,-2.3904
1979,2,10,130,-2.7984
1979,3,1,1908,8.1566
1979,3,2,375,9.5939
1979,3,3,242,10.1365
1979,3,4,224,9.9183
1979,3,5,190,10.4275
1979,3,6,155,8.8777
1979,3,7,142,7.1331
1979,3,8,142,8.6435
1979,3,9,136,7.4492
1979,3,10,130,4.7334
1979,4,1,1897,3.1079
1979,4,2,375,2.6842
1979,4,3,241,1.0317
1979,4,4,222,3.4875
1979,4,5,190,1.6537
1979,4,6,156,1.3259
1979,4,7,141,2.1159
1979,4,8,142,0.9612
1979,4,9,135,-0.3417
1979,4,10,130,0.2004
1979,5,1,1884,-1.4525
1979,5,2,374,-1.5223
1979,5,3,239,-1.0881
1979,5,4,219,-1.4749
1979,5,5,190,-1.3407
1979,5,6,156,-2.2230
1979,5,7,141,-0.9419
1979,5,8,142,-0.8205
1979,5,9,135,-0.0138
1979,5,10,130,-2.1020
1979,6,1,1876,5.0722
1979,6,2,373,5.4451
1979,6,3,238,6.2007
1979,6,4,218,5.7230
1979,6,5,189,4.8819
1979,6,6,155,4.7731
1979,6,7,140,5.6285
1979,6,8,142,5.7524
1979,6,9,135,5.3719
1979,6,10,130,3.2736
1979,7,1,1990,1.7550
1979,7,2,399,3.5252
1979,7,3,273,2.6293
1979,7,4,213,3.4174
1979,7,5,200,2.5179
1979,7,6,159,3.7871
1979,7,7,150,3.0691
1979,7,8,144,1.9174
1979,7,9,134,2.9576
1979,7,10,129,0.3043
1979,8,1,1971,7.5734
1979,8,2,399,7.6813
1979,8,3,269,8.3778
1979,8,4,210,7.9204
1979,8,5,198,8.4235
1979,8,6,159,6.7029
1979,8,7,149,7.7413
1979,8,8,144,6.6724
1979,8,9,133,6.1043
1979,8,10,129,6.0121
1979,9,1,1953,-0.5758
1979,9,2,396,0.0977
1979,9,3,269,-0.7997
1979,9,4,209,0.3254
1979,9,5,198,0.4466
1979,9,6,159,-0.9690
1979,9,7,148,0.7153
1979,9,8,143,-0.9302
1979,9,9,133,0.2632
1979,9,10,129,0.3591
1979,10,1,1942,-10.2786
1979,10,2,394,-10.9474
1979,10,3,266,-11.3195
1979,10,4,209,-9.5475
1979,10,5,198,-9.3887
1979,10,6,159,-8.5857
1979,10,7,147,-8.8211
1979,10,8,142,-8.1316
1979,10,9,133,-7.6820
1979,10,10,129,-5.4108
1979,11,1,1935,7.6834
1979,11,2,393,8.5194
1979,11,3,265,8.8041
1979,11,4,209,8.7140
1979,11,5,198,9.6683
1979,11,6,159,7.3484
1979,11,7,145,8.8571
1979,11,8,142,7.3646
1979,11,9,133,6.9398
1979,11,10,129,4.8830
1979,12,1,1924,8.9389
1979,12,2,392,7.2216
1979,12,3,264,6.9650
1979,12,4,208,6.4579
1979,12,5,198,5.4984
1979,12,6,157,3.8040
1979,12,7,145,4.6367
1979,12,8,141,3.3431
1979,12,9,133,4.2158
1979,12,10,129,1.0957
1980,1,1,1901,12.6783
1980,1,2,390,8.7814
1980,1,3,260,8.0822
1980,1,4,207,6.9048
1980,1,5,196,7.4345
1980,1,6,156,7.1365
1980,1,7,144,6.6704
1980,1,8,141,7.5857
1980,1,9,132,6.8227
1980,1,10,129,6.0861
1980,2,1,1882,-0.1746
1980,2,2,385,-0.9518
1980,2,3,259,-0.4951
1980,2,4,204,-1.7950
1980,2,5,195,-2.0675
1980,2,6,154,-2.6242
1980,2,7,141,-1.9937
1980,2,8,141,-1.4332
1980,2,9,131,-2.6151
1980,2,10,129,1.8366
1980,3,1,1872,-19.7757
1980,3,2,385,-18.8039
1980,3,3,258,-18.4524
1980,3,4,203,-16.8636
1980,3,5,194,-17.8532
1980,3,6,154,-14.5497
1980,3,7,140,-14.5235
1980,3,8,141,-13.1828
1980,3,9,131,-10.5817
1980,3,10,129,-9.8967
1980,4,1,1860,5.0834
1980,4,2,382,7.5267
1980,4,3,257,6.0998
1980,4,4,203,5.3945
1980,4,5,193,5.7758
1980,4,6,154,7.8074
1980,4,7,139,4.7723
1980,4,8,141,6.7541
1980,4,9,131,4.7396
1980,4,10,128,4.4629
1980,5,1,1852,6.5612
1980,5,2,381,6.9402
1980,5,3,257,7.8182
1980,5,4,201,8.7134
1980,5,5,189,8.3518
1980,5,6,154,7.3606
1980,5,7,139,8.8811
1980,5,8,140,7.6282
1980,5,9,131,5.8611
1980,5,10,129,4.8046
1980,6,1,1836,4.2233
1980,6,2,378,4.4153
1980,6,3,255,4.3306
1980,6,4,200,4.8652
1980,6,5,190,4.8516
1980,6,6,154,4.2618
1980,6,7,138,5.2633
1980,6,8,139,4.5083
1980,6,9,131,3.6319
1980,6,10,129,2.6707
1980,7,1,1952,9.5747
1980,7,2,397,11.5746
1980,7,3,307,11.2768
1980,7,4,243,12.2682
1980,7,5,195,9.6741
1980,7,6,162,9.8550
1980,7,7,153,9.7230
1980,7,8,138,8.6288
1980,7,9,133,8.6189
1980,7,10,130,5.8486
1980,8,1,1942,8.9069
1980,8,2,397,7.9712
1980,8,3,304,7.3144
1980,8,4,242,6.1248
1980,8,5,194,4.5104
1980,8,6,162,4.4054
1980,8,7,153,3.4204
1980,8,8,138,1.3853
1980,8,9,133,2.5694
1980,8,10,130,1.2857
1980,9,1,1930,4.8881
1980,9,2,394,3.8189
1980,9,3,304,3.9199
1980,9,4,241,3.3068
1980,9,5,194,3.5160
1980,9,6,162,2.8470
1980,9,7,153,3.5557
1980,9,8,137,3.1726
1980,9,9,133,3.4869
1980,9,10,130,2.5392
1980,10,1,1916,6.7225
1980,10,2,390,4.8091
1980,10,3,299,4.4264
1980,10,4,238,3.8711
1980,10,5,194,3.4086
1980,10,6,162,1.7034
1980,10,7,153,1.4179
1980,10,8,137,1.3711
1980,10,9,131,1.7062
1980,10,10,130,1.9923
1980,11,1,1910,8.3284
1980,11,2,390,9.1046
1980,11,3,299,8.7891
1980,11,4,237,9.6488
1980,11,5,192,6.3683
1980,11,6,160,8.3149
1980,11,7,153,10.7985
1980,11,8,137,8.2603
1980,11,9,131,9.4444
1980,11,10,130,12.9141
1980,12,1,1895,-4.7657
1980,12,2,387,-5.6521
1980,12,3,297,-4.3818
1980,12,4,237,-3.0164
1980,12,5,191,-2.7087
1980,12,6,160,-3.2307
1980,12,7,153,-2.6506
1980,12,8,136,-3.2225
1980,12,9,130,-2.7963
1980,12,10,130,-4.1928
1981,1,1,1884,-0.7355
1981,1,2,386,-2.3406
1981,1,3,296,-1.4639
1981,1,4,235,-2.2094
1981,1,5,190,-1.0008
1981,1,6,160,-1.8771
1981,1,7,152,-3.1959
1981,1,8,136,-3.2392
1981,1,9,129,-3.6743
1981,1,10,128,-5.3443
1981,2,1,1866,-1.3196
1981,2,2,383,-0.6836
1981,2,3,294,0.6391
1981,2,4,235,1.9219
1981,2,5,190,1.6994
1981,2,6,159,1.9443
1981,2,7,151,1.5216
1981,2,8,136,2.7178
1981,2,9,129,1.1905
1981,2,10,128,1.9699
1981,3,1,1849,7.5903
1981,3,2,380,8.1494
1981,3,3,292,7.6948
1981,3,4,232,7.8086
1981,3,5,189,6.9820
1981,3,6,158,9.0195
1981,3,7,150,8.8450
1981,3,8,136,7.7064
1981,3,9,129,8.2016
1981,3,10,128,1.5199
1981,4,1,1839,3.2666
1981,4,2,381,3.8745
1981,4,3,288,2.2978
1981,4,4,230,3.7089
1981,4,5,188,1.2831
1981,4,6,159,1.0416
1981,4,7,150,0.4845
1981,4,8,134,-0.8019
1981,4,9,128,-2.0715
1981,4,10,128,-2.6610
1981,5,1,1820,3.9026
1981,5,2,381,4.1076
1981,5,3,287,4.5550
1981,5,4,230,4.0648
1981,5,5,187,2.5816
1981,5,6,156,2.6789
1981,5,7,149,3.0186
1981,5,8,135,2.0131
1981,5,9,127,0.8360
1981,5,10,128,-0.2679
1981,6,1,1817,-2.4625
1981,6,2,379,-2.7443
1981,6,3,285,-3.6643
1981,6,4,228,-4.5737
1981,6,5,186,-1.9014
1981,6,6,155,-2.9880
1981,6,7,148,-3.2842
1981,6,8,135,-1.4703
1981,6,9,127,-2.2410
1981,6,10,128,0.2772
1981,7,1,2259,-2.5365
1981,7,2,431,-3.4460
1981,7,3,281,-1.8294
1981,7,4,239,-2.2204
1981,7,5,211,-1.1462
1981,7,6,171,-1.9054
1981,7,7,155,-0.9947
1981,7,8,131,-0.3880
1981,7,9,132,-0.5107
1981,7,10,127,1.1092
1981,8,1,2243,-8.9363
1981,8,2,431,-9.0256
1981,8,3,280,-8.3961
1981,8,4,237,-8.3124
1981,8,5,210,-5.9990
1981,8,6,171,-6.8241
1981,8,7,154,-6.3759
1981,8,8,128,-4.5821
1981,8,9,132,-6.0953
1981,8,10,127,-5.1949
1981,9,1,2227,-10.8594
1981,9,2,429,-9.3403
1981,9,3,280,-9.3807
1981,9,4,237,-7.3309
1981,9,5,209,-7.6520
1981,9,6,170,-5.9234
1981,9,7,152,-7.1694
1981,9,8,126,-7.2228
1981,9,9,132,-6.4231
1981,9,10,126,-5.4761
1981,10,1,2197,7.8877
1981,10,2,428,8.4421
1981,10,3,277,8.1413
1981,10,4,237,8.2429
1981,10,5,209,7.3628
1981,10,6,170,6.9724
1981,10,7,151,7.0948
1981,10,8,127,6.0769
1981,10,9,132,7.0317
1981,10,10,125,4.8428
1981,11,1,2197,0.8508
1981,11,2,425,2.4947
1981,11,3,274,2.6618
1981,11,4,237,3.1937
1981,11,5,208,3.0557
1981,11,6,169,2.1956
1981,11,7,151,3.8028
1981,11,8,126,5.0838
1981,11,9,131,3.6652
1981,11,10,124,5.0719
1981,12,1,2182,-2.6371
1981,12,2,422,-1.6061
1981,12,3,274,-1.7572
1981,12,4,237,-2.0600
1981,12,5,207,-1.2790
1981,12,6,168,-2.2656
1981,12,7,151,-2.1349
1981,12,8,126,-2.9032
1981,12,9,131,-1.7411
1981,12,10,124,-3.0879
1982,1,1,2154,-1.6235
1982,1,2,421,-2.6432
1982,1,3,271,-3.1388
1982,1,4,236,-3.9698
1982,1,5,207,-4.9530
1982,1,6,166,-3.1415
1982,1,7,151,-4.3766
1982,1,8,126,-3.6683
1982,1,9,130,-2.9620
1982,1,10,124,-1.5728
1982,2,1,2148,-5.0354
1982,2,2,417,-5.1155
1982,2,3,270,-5.2191
1982,2,4,234,-4.8368
1982,2,5,205,-5.0554
1982,2,6,165,-3.2060
1982,2,7,151,-4.7027
1982,2,8,126,-3.9243
1982,2,9,129,-4.5910
1982,2,10,124,-5.8363
1982,3,1,2140,-1.0533
1982,3,2,415,-1.5189
1982,3,3,271,-1.1303
1982,3,4,232,-0.9759
1982,3,5,205,-0.1442
1982,3,6,165,-0.3612
1982,3,7,151,-0.5574
1982,3,8,126,-0.6259
1982,3,9,129,-0.9193
1982,3,10,124,-0.8087
1982,4,1,2124,5.0400
1982,4,2,410,6.6217
1982,4,3,268,5.9848
1982,4,4,231,6.3838
1982,4,5,203,5.7371
1982,4,6,165,5.5451
1982,4,7,150,4.9720
1982,4,8,125,5.1591
1982,4,9,129,5.3293
1982,4,10,122,3.6299
1982,5,1,2100,-2.1069
1982,5,2,406,-2.4872
1982,5,3,267,-3.4616
1982,5,4,231,-3.5751
1982,5,5,202,-2.8782
1982,5,6,164,-2.6441
1982,5,7,148,-4.0770
1982,5,8,125,-3.3168
1982,5,9,129,-4.6045
1982,5,10,122,-1.4656
1982,6,1,2082,-3.1471
1982,6,2,403,-3.2650
1982,6,3,265,-2.7167
1982,6,4,231,-1.3681
1982,6,5,201,-2.0814
1982,6,6,165,-1.6850
1982,6,7,148,-2.8998
1982,6,8,124,-1.2673
1982,6,9,129,-2.9387
1982,6,10,121,-1.7722
1982,7,1,2444,-2.1485
1982,7,2,371,-1.6329
1982,7,3,286,-2.4872
1982,7,4,221,-0.0792
1982,7,5,185,-1.1888
1982,7,6,170,-2.3108
1982,7,7,143,-1.7714
1982,7,8,130,-3.2394
1982,7,9,126,-3.0721
1982,7,10,124,-1.7219
1982,8,1,2405,4.2309
1982,8,2,371,7.2836
1982,8,3,285,8.0923
1982,8,4,221,9.3227
1982,8,5,181,10.7418
1982,8,6,170,11.2312
1982,8,7,143,12.1752
1982,8,8,129,13.0006
1982,8,9,126,12.5170
1982,8,10,121,12.8588
1982,9,1,2398,3.2008
1982,9,2,370,4.1337
1982,9,3,285,2.9790
1982,9,4,219,3.3002
1982,9,5,181,4.1747
1982,9,6,169,2.3415
1982,9,7,140,2.5020
1982,9,8,129,1.9330
1982,9,9,126,0.8588
1982,9,10,123,0.5822
1982,10,1,2370,13.4173
1982,10,2,369,15.6240
1982,10,3,278,14.9526
1982,10,4,219,13.5107
1982,10,5,180,13.0469
1982,10,6,169,13.9728
1982,10,7,138,15.0662
1982,10,8,129,12.6825
1982,10,9,125,11.0855
1982,10,10,123,10.0267
1982,11,1,2345,11.3972
1982,11,2,367,8.2760
1982,11,3,275,8.3820
1982,11,4,216,9.6959
1982,11,5,180,8.2444
1982,11,6,169,7.9874
1982,11,7,139,7.2934
1982,11,8,129,5.5138
1982,11,9,125,4.8484
1982,11,10,123,3.6163
1982,12,1,2329,2.4175
1982,12,2,368,2.1586
1982,12,3,274,1.2596
1982,12,4,215,0.4407
1982,12,5,180,1.2906
1982,12,6,169,0.8936
1982,12,7,138,1.7227
1982,12,8,129,2.0754
1982,12,9,125,1.7776
1982,12,10,123,1.6804
1983,1,1,2308,11.8976
1983,1,2,366,8.6484
1983,1,3,272,7.1932
1983,1,4,213,7.4125
1983,1,5,180,6.0083
1983,1,6,169,4.0340
1983,1,7,138,3.6492
1983,1,8,128,4.2663
1983,1,9,125,3.2267
1983,1,10,122,4.4505
1983,2,1,2278,5.2140
1983,2,2,362,5.6690
1983,2,3,271,6.9554
1983,2,4,209,5.5663
1983,2,5,180,4.9669
1983,2,6,168,4.7971
1983,2,7,137,3.8624
1983,2,8,128,3.0687
1983,2,9,125,2.9602
1983,2,10,122,2.0828
1983,3,1,2265,4.8124
1983,3,2,358,4.5144
1983,3,3,268,3.7662
1983,3,4,209,2.9227
1983,3,5,180,3.8168
1983,3,6,169,4.4945
1983,3,7,137,3.1985
1983,3,8,127,2.3298
1983,3,9,124,3.3009
1983,3,10,122,2.6836
1983,4,1,2251,7.5559
1983,4,2,356,7.9746
1983,4,3,268,7.8116
1983,4,4,209,8.0491
1983,4,5,179,6.5552
1983,4,6,169,5.4924
1983,4,7,137,6.3053
1983,4,8,125,4.9302
1983,4,9,124,6.4281
1983,4,10,122,7.6636
1983,5,1,2233,10.9769
1983,5,2,355,9.1716
1983,5,3,269,6.6177
1983,5,4,209,5.4905
1983,5,5,179,4.9572
1983,5,6,169,4.8626
1983,5,7,137,4.3360
1983,5,8,125,3.9960
1983,5,9,124,2.7853
1983,5,10,122,-2.0808
1983,6,1,2217,5.2504
1983,6,2,353,3.5856
1983,6,3,267,6.2173
1983,6,4,209,6.0908
1983,6,5,178,5.6959
1983,6,6,169,4.1214
1983,6,7,137,4.8649
1983,6,8,125,2.6387
1983,6,9,123,3.6997
1983,6,10,122,4.2070
1983,7,1,2429,-2.9385
1983,7,2,452,-2.1976
1983,7,3,292,-2.9151
1983,7,4,235,-4.6953
1983,7,5,201,-3.4844
1983,7,6,176,-3.6262
1983,7,7,152,-3.4770
1983,7,8,138,-3.3066
1983,7,9,124,-3.1391
1983,7,10,124,-3.4350
1983,8,1,2413,-5.1785
1983,8,2,450,-2.9169
1983,8,3,290,-4.8270
1983,8,4,234,-3.6120
1983,8,5,200,-3.2050
1983,8,6,175,-2.6900
1983,8,7,152,-0.8995
1983,8,8,138,0.2281
1983,8,9,124,-0.3091
1983,8,10,124,2.1560
1983,9,1,2386,-1.4278
1983,9,2,446,-0.0722
1983,9,3,287,1.9922
1983,9,4,233,1.7197
1983,9,5,199,2.4776
1983,9,6,174,3.6571
1983,9,7,152,3.2458
1983,9,8,137,1.6152
1983,9,9,124,1.8274
1983,9,10,124,1.3289
1983,10,1,2364,-6.9855
1983,10,2,446,-7.1954
1983,10,3,286,-7.2106
1983,10,4,233,-7.1112
1983,10,5,198,-5.9546
1983,10,6,172,-4.7775
1983,10,7,151,-3.9537
1983,10,8,137,-3.2261
1983,10,9,123,-2.5144
1983,10,10,124,-0.8668
1983,11,1,2347,2.8930
1983,11,2,439,3.7437
1983,11,3,285,4.4031
1983,11,4,231,6.5962
1983,11,5,197,4.6100
1983,11,6,172,5.3317
1983,11,7,151,4.2304
1983,11,8,136,4.8808
1983,11,9,123,2.3039
1983,11,10,124,1.5007
1983,12,1,2334,-2.8625
1983,12,2,439,-1.8546
1983,12,3,284,-1.2231
1983,12,4,231,-2.4501
1983,12,5,197,-1.7454
1983,12,6,172,-1.7954
1983,12,7,151,-1.8056
1983,12,8,136,-2.6057
1983,12,9,123,-2.2717
1983,12,10,124,-0.0259
1984,1,1,2314,0.2526
1984,1,2,438,-1.7267
1984,1,3,282,-2.6046
1984,1,4,231,-2.2348
1984,1,5,197,-3.4974
1984,1,6,170,-4.7494
1984,1,7,151,-4.1392
1984,1,8,135,-3.7791
1984,1,9,122,-1.5476
1984,1,10,124,0.0863
1984,2,1,2286,-6.3731
1984,2,2,435,-6.1363
1984,2,3,281,-5.9793
1984,2,4,230,-5.3270
1984,2,5,197,-5.2078
1984,2,6,170,-6.1657
1984,2,7,150,-5.9159
1984,2,8,135,-4.2845
1984,2,9,122,-5.1836
1984,2,10,124,-2.5284
1984,3,1,2265,0.3945
1984,3,2,432,0.7103
1984,3,3,277,0.9490
1984,3,4,230,0.5197
1984,3,5,194,1.5050
1984,3,6,169,1.4619
1984,3,7,150,2.0851
1984,3,8,135,1.6180
1984,3,9,122,2.4107
1984,3,10,123,1.0652
1984,4,1,2248,-2.8756
1984,4,2,431,-1.1572
1984,4,3,274,-0.3254
1984,4,4,228,0.3175
1984,4,5,194,-0.1434
1984,4,6,169,0.3409
1984,4,7,150,-0.9155
1984,4,8,135,-2.1189
1984,4,9,122,-0.8163
1984,4,10,123,1.9391
1984,5,1,2227,-5.4057
1984,5,2,430,-4.7456
1984,5,3,273,-4.9083
1984,5,4,225,-5.2154
1984,5,5,194,-6.0728
1984,5,6,169,-4.8956
1984,5,7,149,-4.7766
1984,5,8,135,-5.5105
1984,5,9,122,-4.5507
1984,5,10,123,-4.7303
1984,6,1,2210,0.8743
1984,6,2,425,3.1235
1984,6,3,271,2.3677
1984,6,4,222,3.1417
1984,6,5,194,4.3415
1984,6,6,169,3.0557
1984,6,7,149,3.6926
1984,6,8,135,3.3140
1984,6,9,122,3.2116
1984,6,10,123,2.0095
1984,7,1,2882,-5.4620
1984,7,2,466,-5.3338
1984,7,3,304,-5.9411
1984,7,4,216,-4.7561
1984,7,5,185,-4.3017
1984,7,6,165,-3.6426
1984,7,7,146,-3.8578
1984,7,8,132,-3.8462
1984,7,9,124,-1.5658
1984,7,10,121,-0.6799
1984,8,1,2850,8.6084
1984,8,2,461,11.8933
1984,8,3,301,13.6850
1984,8,4,215,12.4784
1984,8,5,184,13.3270
1984,8,6,162,13.2157
1984,8,7,145,11.8990
1984,8,8,132,12.8158
1984,8,9,124,10.6517
1984,8,10,121,10.5031
1984,9,1,2831,-0.7268
1984,9,2,458,-0.9800
1984,9,3,300,-1.4242
1984,9,4,213,-2.4122
1984,9,5,184,-0.2251
1984,9,6,160,-1.5327
1984,9,7,145,-1.0690
1984,9,8,131,0.3771
1984,9,9,124,0.1845
1984,9,10,121,-0.3836
1984,10,1,2782,-3.0113
1984,10,2,458,-2.6022
1984,10,3,297,-1.9861
1984,10,4,212,-1.3665
1984,10,5,181,-0.8404
1984,10,6,159,-1.4353
1984,10,7,144,-1.2399
1984,10,8,130,0.9023
1984,10,9,124,1.1629
1984,10,10,121,0.3302
1984,11,1,2747,-4.2934
1984,11,2,452,-2.6121
1984,11,3,297,-3.5892
1984,11,4,210,-2.5200
1984,11,5,181,-1.1233
1984,11,6,158,-0.3722
1984,11,7,144,-1.2483
1984,11,8,130,-0.9157
1984,11,9,124,-0.1439
1984,11,10,119,-1.2405
1984,12,1,2709,-0.1229
1984,12,2,448,1.1159
1984,12,3,297,2.1541
1984,12,4,210,1.1995
1984,12,5,179,3.0400
1984,12,6,157,2.3649
1984,12,7,144,1.9056
1984,12,8,128,2.2162
1984,12,9,122,2.9623
1984,12,10,119,2.0440
1985,1,1,2692,13.4128
1985,1,2,445,13.2529
1985,1,3,296,13.9474
1985,1,4,208,12.0834
1985,1,5,178,10.5831
1985,1,6,156,10.6951
1985,1,7,143,10.9824
1985,1,8,127,9.0292
1985,1,9,122,6.5470
1985,1,10,119,7.3504
1985,2,1,2662,4.4549
1985,2,2,439,2.7923
1985,2,3,295,2.5914
1985,2,4,206,2.5236
1985,2,5,177,1.8150
1985,2,6,155,0.8921
1985,2,7,142,0.8210
1985,2,8,127,1.4775
1985,2,9,121,1.8595
1985,2,10,119,1.5290
1985,3,1,2639,-1.5626
1985,3,2,437,-2.3397
1985,3,3,294,-2.5546
1985,3,4,203,-3.3619
1985,3,5,175,-1.3365
1985,3,6,154,-1.8186
1985,3,7,141,-0.3671
1985,3,8,127,-0.6767
1985,3,9,121,1.6036
1985,3,10,119,0.0243
1985,4,1,2613,-1.8746
1985,4,2,432,-0.9206
1985,4,3,294,-2.4287
1985,4,4,202,-1.8584
1985,4,5,174,-0.2100
1985,4,6,153,-1.2399
1985,4,7,141,-1.0941
1985,4,8,126,-1.2903
1985,4,9,121,-0.6142
1985,4,10,119,-0.4643
1985,5,1,2588,1.8960
1985,5,2,432,3.3994
1985,5,3,293,4.2413
1985,5,4,201,4.7695
1985,5,5,173,4.1800
1985,5,6,153,4.9255
1985,5,7,141,5.1507
1985,5,8,126,6.1593
1985,5,9,121,7.3646
1985,5,10,119,5.7283
1985,6,1,2551,0.3763
1985,6,2,428,0.9549
1985,6,3,288,0.6437
1985,6,4,201,1.8179
1985,6,5,169,1.6040
1985,6,6,153,2.5792
1985,6,7,140,1.3023
1985,6,8,125,2.4985
1985,6,9,121,2.4730
1985,6,10,119,1.3033
1985,7,1,2727,2.2435
1985,7,2,498,2.9992
1985,7,3,277,2.7867
1985,7,4,233,3.8819
1985,7,5,187,2.2882
1985,7,6,158,2.3988
1985,7,7,153,1.2164
1985,7,8,130,-0.3289
1985,7,9,121,-0.8543
1985,7,10,117,-0.4823
1985,8,1,2689,-0.8741
1985,8,2,493,-0.6744
1985,8,3,277,-1.1796
1985,8,4,232,-1.1398
1985,8,5,185,-1.4411
1985,8,6,157,-0.7211
1985,8,7,153,-0.3105
1985,8,8,130,-0.2663
1985,8,9,120,-0.6781
1985,8,10,117,-0.3137
1985,9,1,2650,-6.5706
1985,9,2,488,-5.8683
1985,9,3,275,-6.1471
1985,9,4,232,-6.0871
1985,9,5,184,-6.0334
1985,9,6,156,-4.4321
1985,9,7,152,-4.7809
1985,9,8,129,-4.8354
1985,9,9,120,-3.9929
1985,9,10,117,-2.6289
1985,10,1,2626,0.8445
1985,10,2,486,3.1381
1985,10,3,275,3.7552
1985,10,4,231,3.6471
1985,10,5,184,3.1557
1985,10,6,154,2.9066
1985,10,7,151,3.1692
1985,10,8,128,5.7019
1985,10,9,119,5.0084
1985,10,10,115,3.9696
1985,11,1,2593,4.2798
1985,11,2,481,7.4736
1985,11,3,272,7.1614
1985,11,4,229,8.0029
1985,11,5,183,7.3366
1985,11,6,153,5.9857
1985,11,7,151,7.8227
1985,11,8,128,6.7024
1985,11,9,118,7.5780
1985,11,10,115,6.8369
1985,12,1,2550,3.0720
1985,12,2,479,4.7113
1985,12,3,271,5.0064
1985,12,4,227,3.6185
1985,12,5,181,5.2440
1985,12,6,153,4.7051
1985,12,7,150,4.0408
1985,12,8,128,2.8948
1985,12,9,118,3.8816
1985,12,10,113,4.9798
1986,1,1,2510,3.9651
1986,1,2,478,2.0143
1986,1,3,269,0.9820
1986,1,4,226,1.2118
1986,1,5,180,1.2992
1986,1,6,152,1.9790
1986,1,7,149,1.1091
1986,1,8,127,1.9921
1986,1,9,117,2.9191
1986,1,10,112,-0.8051
1986,2,1,2475,5.1959
1986,2,2,476,6.6928
1986,2,3,267,7.1271
1986,2,4,225,6.4678
1986,2,5,178,6.8769
1986,2,6,151,6.7274
1986,2,7,149,7.1667
1986,2,8,127,7.4204
1986,2,9,117,8.1904
1986,2,10,111,7.6210
1986,3,1,2453,4.2810
1986,3,2,475,5.2356
1986,3,3,267,5.1355
1986,3,4,223,6.0288
1986,3,5,177,5.7248
1986,3,6,151,6.8180
1986,3,7,148,6.8319
1986,3,8,127,4.3209
1986,3,9,117,4.0811
1986,3,10,110,5.6793
1986,4,1,2429,1.6805
1986,4,2,474,2.1318
1986,4,3,266,0.9088
1986,4,4,220,1.0478
1986,4,5,174,1.7544
1986,4,6,150,0.6387
1986,4,7,147,-0.9297
1986,4,8,127,-0.4784
1986,4,9,117,-1.8569
1986,4,10,110,-0.1928
1986,5,1,2389,4.0051
1986,5,2,470,4.5952
1986,5,3,262,3.4020
1986,5,4,218,4.0848
1986,5,5,172,4.3392
1986,5,6,148,5.4885
1986,5,7,145,4.2495
1986,5,8,127,5.6091
1986,5,9,116,5.5976
1986,5,10,109,5.2484
1986,6,1,2358,0.6846
1986,6,2,469,-0.8789
1986,6,3,262,0.7969
1986,6,4,218,0.6637
1986,6,5,171,-0.3279
1986,6,6,147,1.5002
1986,6,7,144,0.7570
1986,6,8,126,1.5426
1986,6,9,115,1.6339
1986,6,10,109,1.8329
1986,7,1,2664,-8.8607
1986,7,2,527,-9.8535
1986,7,3,295,-10.5688
1986,7,4,257,-9.5465
1986,7,5,203,-9.9842
1986,7,6,158,-7.3739
1986,7,7,144,-6.2722
1986,7,8,135,-6.2961
1986,7,9,122,-4.8178
1986,7,10,111,-5.1636
1986,8,1,2629,-0.0043
1986,8,2,521,1.8573
1986,8,3,293,3.2667
1986,8,4,257,4.0208
1986,8,5,203,4.8770
1986,8,6,158,7.3905
1986,8,7,143,6.1659
1986,8,8,135,7.3132
1986,8,9,121,6.7049
1986,8,10,111,7.0124
1986,9,1,2599,-6.4315
1986,9,2,519,-6.7597
1986,9,3,293,-6.3321
1986,9,4,256,-6.1749
1986,9,5,201,-6.5237
1986,9,6,158,-5.0997
1986,9,7,140,-5.9869
1986,9,8,134,-6.6375
1986,9,9,121,-7.6727
1986,9,10,111,-8.4227
1986,10,1,2564,1.6591
1986,10,2,516,2.8946
1986,10,3,291,4.6938
1986,10,4,255,4.5903
1986,10,5,199,4.1665
1986,10,6,156,4.4349
1986,10,7,140,5.5222
1986,10,8,134,6.0251
1986,10,9,121,6.6394
1986,10,10,110,5.6034
1986,11,1,2530,-0.9070
1986,11,2,515,-0.4773
1986,11,3,291,0.0497
1986,11,4,252,0.1663
1986,11,5,199,1.3172
1986,11,6,154,0.9744
1986,11,7,139,1.7170
1986,11,8,133,1.3884
1986,11,9,119,1.9586
1986,11,10,110,3.0355
1986,12,1,2484,-4.3682
1986,12,2,510,-2.9522
1986,12,3,290,-2.9062
1986,12,4,252,-2.6408
1986,12,5,197,-2.3166
1986,12,6,153,-2.4239
1986,12,7,139,-2.6031
1986,12,8,133,-4.1846
1986,12,9,118,-4.1263
1986,12,10,110,-2.3269
1987,1,1,2430,10.1366
1987,1,2,504,11.6234
1987,1,3,285,12.9057
1987,1,4,247,13.1417
1987,1,5,194,12.1518
1987,1,6,150,13.0577
1987,1,7,137,14.4236
1987,1,8,131,13.8345
1987,1,9,117,13.0276
1987,1,10,110,13.7398
1987,2,1,2399,8.8010
1987,2,2,498,8.7310
1987,2,3,283,7.1209
1987,2,4,245,9.2647
1987,2,5,193,8.0272
1987,2,6,150,7.1875
1987,2,7,135,5.5378
1987,2,8,131,5.1932
1987,2,9,117,4.9514
1987,2,10,110,3.7559
1987,3,1,2389,3.6899
1987,3,2,497,2.1895
1987,3,3,283,2.8646
1987,3,4,244,1.4446
1987,3,5,193,2.8286
1987,3,6,150,0.5316
1987,3,7,135,2.3477
1987,3,8,130,1.5774
1987,3,9,116,1.8643
1987,3,10,110,3.7089
1987,4,1,2367,-1.8224
1987,4,2,490,-2.2827
1987,4,3,283,-2.2062
1987,4,4,244,-3.3183
1987,4,5,192,-2.5078
1987,4,6,150,-0.4977
1987,4,7,135,-1.0385
1987,4,8,130,-2.2909
1987,4,9,115,-2.0833
1987,4,10,110,-0.0416
1987,5,1,2352,0.1917
1987,5,2,485,-0.0198
1987,5,3,282,0.1612
1987,5,4,243,-0.3201
1987,5,5,191,1.3048
1987,5,6,148,1.3376
1987,5,7,134,0.8175
1987,5,8,130,0.7137
1987,5,9,115,0.1409
1987,5,10,110,1.0286
1987,6,1,2340,1.7211
1987,6,2,485,1.6477
1987,6,3,281,2.2389
1987,6,4,241,2.5148
1987,6,5,190,2.5561
1987,6,6,148,2.7212
1987,6,7,134,3.1103
1987,6,8,130,3.9975
1987,6,9,115,5.1386
1987,6,10,110,5.0107
1987,7,1,2866,2.2166
1987,7,2,515,3.4483
1987,7,3,289,3.7165
1987,7,4,245,3.6648
1987,7,5,211,4.2462
1987,7,6,162,5.6746
1987,7,7,141,4.8308
1987,7,8,125,6.0835
1987,7,9,121,5.7685
1987,7,10,111,4.3878
1987,8,1,2839,1.1134
1987,8,2,512,2.6037
1987,8,3,289,3.3006
1987,8,4,241,2.6767
1987,8,5,209,4.2076
1987,8,6,161,1.1753
1987,8,7,141,4.2810
1987,8,8,125,2.8073
1987,8,9,120,2.6469
1987,8,10,111,4.4757
1987,9,1,2819,-1.0010
1987,9,2,509,-2.0229
1987,9,3,284,-1.5221
1987,9,4,239,-1.7670
1987,9,5,207,-2.1649
1987,9,6,158,-1.6748
1987,9,7,139,-0.8312
1987,9,8,124,-0.5942
1987,9,9,120,-2.4154
1987,9,10,111,-2.5459
1987,10,1,2798,-31.1091
1987,10,2,507,-32.6854
1987,10,3,282,-30.5938
1987,10,4,237,-31.3119
1987,10,5,204,-29.2219
1987,10,6,158,-26.9838
1987,10,7,138,-25.6768
1987,10,8,123,-23.6355
1987,10,9,120,-23.4644
1987,10,10,111,-19.7706
1987,11,1,2762,-5.8558
1987,11,2,501,-6.6821
1987,11,3,280,-4.7960
1987,11,4,236,-5.6434
1987,11,5,201,-3.8518
1987,11,6,158,-3.9845
1987,11,7,137,-5.0968
1987,11,8,121,-5.6670
1987,11,9,120,-6.0230
1987,11,10,111,-9.0605
1987,12,1,2726,2.4320
1987,12,2,500,8.5339
1987,12,3,279,9.0268
1987,12,4,237,10.8246
1987,12,5,199,10.4909
1987,12,6,158,9.9571
1987,12,7,136,11.4047
1987,12,8,120,9.2005
1987,12,9,120,8.8661
1987,12,10,111,6.7840
1988,1,1,2693,6.5821
1988,1,2,497,4.2670
1988,1,3,273,3.4879
1988,1,4,235,3.0931
1988,1,5,198,1.5086
1988,1,6,158,3.2715
1988,1,7,136,2.3151
1988,1,8,120,2.4180
1988,1,9,119,4.9671
1988,1,10,111,3.8462
1988,2,1,2666,6.9700
1988,2,2,494,8.1160
1988,2,3,272,8.9243
1988,2,4,233,10.8211
1988,2,5,196,8.2442
1988,2,6,158,8.7264
1988,2,7,136,7.8307
1988,2,8,119,7.5266
1988,2,9,119,5.9367
1988,2,10,111,3.9954
1988,3,1,2626,5.1523
1988,3,2,490,5.4987
1988,3,3,272,3.9999
1988,3,4,231,4.4552
1988,3,5,194,2.6151
1988,3,6,158,1.3286
1988,3,7,136,0.6227
1988,3,8,119,0.7107
1988,3,9,119,-0.9734
1988,3,10,111,-4.1934
1988,4,1,2601,1.4911
1988,4,2,486,2.8573
1988,4,3,270,2.8978
1988,4,4,231,2.8977
1988,4,5,191,1.1400
1988,4,6,156,1.0729
1988,4,7,136,1.3033
1988,4,8,119,1.0528
1988,4,9,118,0.1590
1988,4,10,111,1.3515
1988,5,1,2578,-2.5767
1988,5,2,479,-2.1525
1988,5,3,267,-2.7607
1988,5,4,230,-1.7330
1988,5,5,190,-0.9658
1988,5,6,153,0.1443
1988,5,7,136,-0.5191
1988,5,8,119,0.1826
1988,5,9,118,-1.7553
1988,5,10,111,0.9240
1988,6,1,2536,5.8519
1988,6,2,475,7.0153
1988,6,3,265,8.2812
1988,6,4,226,7.5287
1988,6,5,189,7.6562
1988,6,6,153,5.8782
1988,6,7,135,6.3011
1988,6,8,118,5.8612
1988,6,9,118,4.9559
1988,6,10,111,4.3971
1988,7,1,2808,-0.2214
1988,7,2,412,-0.1363
1988,7,3,303,-0.8086
1988,7,4,243,-1.0683
1988,7,5,218,-1.9536
1988,7,6,165,-2.9683
1988,7,7,139,-2.6246
1988,7,8,128,-1.5439
1988,7,9,118,-1.3778
1988,7,10,112,-0.2637
1988,8,1,2782,-2.1578
1988,8,2,411,-3.4802
1988,8,3,303,-2.1275
1988,8,4,241,-3.9847
1988,8,5,216,-2.8171
1988,8,6,163,-2.7060
1988,8,7,139,-1.9508
1988,8,8,128,-2.3872
1988,8,9,117,-2.9134
1988,8,10,112,-3.5169
1988,9,1,2747,1.2313
1988,9,2,405,3.6347
1988,9,3,299,3.2838
1988,9,4,237,1.6163
1988,9,5,214,3.3298
1988,9,6,163,2.4586
1988,9,7,139,3.8422
1988,9,8,128,2.6474
1988,9,9,117,5.5654
1988,9,10,111,4.1702
1988,10,1,2715,-2.1271
1988,10,2,403,-1.3197
1988,10,3,295,-0.9855
1988,10,4,233,-0.8489
1988,10,5,209,-0.3171
1988,10,6,162,0.3380
1988,10,7,139,0.2943
1988,10,8,128,0.7332
1988,10,9,117,2.5416
1988,10,10,111,3.3000
1988,11,1,2688,-4.8078
1988,11,2,398,-3.5711
1988,11,3,294,-3.1857
1988,11,4,232,-2.8825
1988,11,5,207,-1.9538
1988,11,6,162,-2.7360
1988,11,7,136,-1.3490
1988,11,8,128,-1.6664
1988,11,9,116,-2.8135
1988,11,10,111,-0.7335
1988,12,1,2652,2.8628
1988,12,2,393,4.3981
1988,12,3,292,5.3326
1988,12,4,230,4.9812
1988,12,5,204,4.4071
1988,12,6,162,4.0618
1988,12,7,134,2.4912
1988,12,8,127,2.6599
1988,12,9,116,2.5147
1988,12,10,111,1.8764
1989,1,1,2605,5.1483
1989,1,2,389,5.3847
1989,1,3,289,4.4955
1989,1,4,228,4.9119
1989,1,5,204,5.0448
1989,1,6,161,5.9446
1989,1,7,134,4.9273
1989,1,8,125,5.9600
1989,1,9,116,6.6134
1989,1,10,110,7.1507
1989,2,1,2575,0.2425
1989,2,2,386,0.5793
1989,2,3,288,1.0310
1989,2,4,227,1.6516
1989,2,5,203,0.6202
1989,2,6,159,-0.0007
1989,2,7,134,-0.7186
1989,2,8,124,-0.1824
1989,2,9,115,-2.0949
1989,2,10,110,-2.9715
1989,3,1,2548,2.7164
1989,3,2,382,2.7637
1989,3,3,286,2.3070
1989,3,4,226,2.3864
1989,3,5,202,3.5082
1989,3,6,159,0.4614
1989,3,7,134,0.5349
1989,3,8,124,1.2201
1989,3,9,115,2.3263
1989,3,10,110,1.9391
1989,4,1,2517,3.1511
1989,4,2,380,3.6146
1989,4,3,283,4.9506
1989,4,4,224,5.8345
1989,4,5,202,5.3081
1989,4,6,159,4.9605
1989,4,7,134,5.5267
1989,4,8,123,5.4110
1989,4,9,114,5.5881
1989,4,10,110,5.2480
1989,5,1,2499,3.0203
1989,5,2,376,4.0707
1989,5,3,283,3.6942
1989,5,4,222,4.2513
1989,5,5,199,5.3709
1989,5,6,158,4.5910
1989,5,7,134,4.4536
1989,5,8,123,4.0206
1989,5,9,114,4.7812
1989,5,10,110,3.9171
1989,6,1,2471,-1.8728
1989,6,2,372,-1.7752
1989,6,3,281,-2.9046
1989,6,4,220,-2.3884
1989,6,5,199,-1.8274
1989,6,6,157,-1.8515
1989,6,7,133,-0.8257
1989,6,8,122,-0.3773
1989,6,9,114,-0.3050
1989,6,10,109,-0.8556
1989,7,1,2645,2.8163
1989,7,2,401,3.3828
1989,7,3,297,5.1849
1989,7,4,238,3.7526
1989,7,5,178,4.2099
1989,7,6,146,4.4879
1989,7,7,143,6.4842
1989,7,8,125,7.4496
1989,7,9,112,8.1315
1989,7,10,112,9.0092
1989,8,1,2623,1.4620
1989,8,2,400,1.7185
1989,8,3,296,3.2590
1989,8,4,238,3.1466
1989,8,5,177,1.9963
1989,8,6,145,2.6153
1989,8,7,143,3.6032
1989,8,8,124,3.5966
1989,8,9,110,3.6292
1989,8,10,111,1.3466
1989,9,1,2594,0.2455
1989,9,2,398,-0.5839
1989,9,3,293,0.6517
1989,9,4,236,1.1685
1989,9,5,174,0.5049
1989,9,6,144,-0.6964
1989,9,7,140,-1.0916
1989,9,8,124,-2.5711
1989,9,9,110,-1.3253
1989,9,10,111,0.0862
1989,10,1,2559,-5.3332
1989,10,2,396,-6.3153
1989,10,3,291,-5.3764
1989,10,4,234,-5.9631
1989,10,5,174,-5.6351
1989,10,6,144,-5.2452
1989,10,7,140,-3.8387
1989,10,8,124,-4.3197
1989,10,9,110,-4.0199
1989,10,10,111,-1.1235
1989,11,1,2533,-0.8000
1989,11,2,396,0.1708
1989,11,3,291,0.9517
1989,11,4,234,1.0227
1989,11,5,173,1.5015
1989,11,6,143,2.5985
1989,11,7,140,0.6630
1989,11,8,124,2.8085
1989,11,9,110,0.9562
1989,11,10,110,2.6192
1989,12,1,2509,-1.0129
1989,12,2,394,0.3766
1989,12,3,288,1.6906
1989,12,4,230,1.0999
1989,12,5,173,0.2654
1989,12,6,142,1.7249
1989,12,7,140,2.4908
1989,12,8,124,2.8460
1989,12,9,109,2.5466
1989,12,10,110,2.9429
1990,1,1,2489,-6.6202
1990,1,2,393,-8.6934
1990,1,3,288,-8.5237
1990,1,4,228,-8.9652
1990,1,5,172,-8.6539
1990,1,6,140,-8.0627
1990,1,7,140,-7.2681
1990,1,8,123,-6.7843
1990,1,9,109,-6.6878
1990,1,10,110,-6.4403
1990,2,1,2468,1.7195
1990,2,2,390,4.0021
1990,2,3,285,4.0773
1990,2,4,225,2.0826
1990,2,5,171,3.1156
1990,2,6,139,3.3870
1990,2,7,138,1.6546
1990,2,8,123,2.1075
1990,2,9,108,1.4281
1990,2,10,109,1.1034
1990,3,1,2446,3.3605
1990,3,2,389,4.7070
1990,3,3,281,5.3103
1990,3,4,225,4.4743
1990,3,5,171,4.2345
1990,3,6,140,2.5710
1990,3,7,138,4.1952
1990,3,8,123,2.7680
1990,3,9,108,1.8990
1990,3,10,109,3.1284
1990,4,1,2425,-2.1512
1990,4,2,389,-2.7734
1990,4,3,280,-1.6535
1990,4,4,225,-4.6678
1990,4,5,169,-2.7692
1990,4,6,139,-3.1301
1990,4,7,138,-4.6097
1990,4,8,123,-3.6277
1990,4,9,108,-3.9038
1990,4,10,109,-1.4336
1990,5,1,2399,6.5552
1990,5,2,387,7.7285
1990,5,3,279,9.1112
1990,5,4,225,8.6310
1990,5,5,169,7.1089
1990,5,6,139,9.3485
1990,5,7,138,9.3531
1990,5,8,122,8.5924
1990,5,9,108,9.0704
1990,5,10,109,9.3763
1990,6,1,2370,1.9441
1990,6,2,386,0.1616
1990,6,3,279,-0.7806
1990,6,4,224,0.1462
1990,6,5,168,1.0387
1990,6,6,139,-0.0326
1990,6,7,138,-1.0966
1990,6,8,122,-0.3362
1990,6,9,108,-0.8048
1990,6,10,109,-0.2324
1990,7,1,2443,-4.0396
1990,7,2,446,-4.3607
1990,7,3,334,-4.3463
1990,7,4,270,-4.2453
1990,7,5,180,-2.3468
1990,7,6,154,-3.2202
1990,7,7,143,-1.1486
1990,7,8,134,-1.8214
1990,7,9,116,-1.8369
1990,7,10,111,0.4858
1990,8,1,2412,-13.5257
1990,8,2,445,-14.6654
1990,8,3,334,-13.5861
1990,8,4,268,-13.0021
1990,8,5,180,-13.5269
1990,8,6,153,-11.2431
1990,8,7,143,-10.1187
1990,8,8,134,-9.8167
1990,8,9,116,-8.9798
1990,8,10,111,-8.2319
1990,9,1,2390,-8.8459
1990,9,2,444,-8.8079
1990,9,3,331,-9.1894
1990,9,4,268,-8.7248
1990,9,5,179,-8.4337
1990,9,6,152,-6.2267
1990,9,7,140,-5.3817
1990,9,8,133,-5.9711
1990,9,9,116,-5.1395
1990,9,10,111,-3.5873
1990,10,1,2371,-6.9743
1990,10,2,442,-6.7161
1990,10,3,329,-5.6421
1990,10,4,268,-6.4235
1990,10,5,179,-4.5193
1990,10,6,152,-3.6924
1990,10,7,139,-2.3897
1990,10,8,133,-0.6775
1990,10,9,116,-0.9112
1990,10,10,111,0.9426
1990,11,1,2350,1.5280
1990,11,2,442,5.6542
1990,11,3,327,6.6284
1990,11,4,267,9.7731
1990,11,5,178,8.2227
1990,11,6,152,8.4278
1990,11,7,139,7.3571
1990,11,8,133,7.8938
1990,11,9,116,7.9900
1990,11,10,111,4.9881
1990,12,1,2333,-0.7246
1990,12,2,440,2.9919
1990,12,3,327,3.0909
1990,12,4,267,6.0041
1990,12,5,175,4.7404
1990,12,6,152,4.6385
1990,12,7,137,4.4123
1990,12,8,133,3.3431
1990,12,9,116,3.9101
1990,12,10,111,2.0426
1991,1,1,2316,8.4768
1991,1,2,438,8.8100
1991,1,3,326,8.7452
1991,1,4,266,8.0697
1991,1,5,175,9.9290
1991,1,6,151,6.6384
1991,1,7,137,6.6477
1991,1,8,133,5.0389
1991,1,9,116,6.4365
1991,1,10,111,3.6782
1991,2,1,2295,13.1387
1991,2,2,438,12.4065
1991,2,3,325,9.6777
1991,2,4,266,11.2472
1991,2,5,175,9.0908
1991,2,6,151,8.0264
1991,2,7,137,8.8477
1991,2,8,133,6.8996
1991,2,9,115,6.4683
1991,2,10,111,6.7353
1991,3,1,2276,9.6625
1991,3,2,436,6.7187
1991,3,3,324,6.3390
1991,3,4,266,5.3610
1991,3,5,175,4.8064
1991,3,6,151,4.2200
1991,3,7,137,3.4090
1991,3,8,133,3.9276
1991,3,9,115,1.8187
1991,3,10,111,2.0719
1991,4,1,2254,2.2866
1991,4,2,434,-1.3902
1991,4,3,323,-1.4227
1991,4,4,266,-0.2451
1991,4,5,175,0.6101
1991,4,6,151,-1.1465
1991,4,7,137,-0.9375
1991,4,8,133,0.5942
1991,4,9,114,1.1133
1991,4,10,111,-0.1132
1991,5,1,2219,2.9156
1991,5,2,433,4.4032
1991,5,3,323,4.2196
1991,5,4,265,4.6717
1991,5,5,175,4.0998
1991,5,6,151,3.6308
1991,5,7,137,5.2915
1991,5,8,133,4.7953
1991,5,9,114,4.5992
1991,5,10,111,3.7277
1991,6,1,2197,-4.6173
1991,6,2,431,-5.4182
1991,6,3,320,-5.0854
1991,6,4,265,-5.6342
1991,6,5,175,-4.0321
1991,6,6,151,-4.5116
1991,6,7,137,-4.1367
1991,6,8,132,-4.7461
1991,6,9,114,-5.3414
1991,6,10,111,-4.0763
1991,7,1,2260,1.9828
1991,7,2,549,4.1060
1991,7,3,344,3.3839
1991,7,4,239,4.8630
1991,7,5,200,4.2931
1991,7,6,160,4.9581
1991,7,7,145,4.9207
1991,7,8,137,3.9019
1991,7,9,124,4.3843
1991,7,10,115,4.7757
1991,8,1,2223,2.4771
1991,8,2,548,3.8315
1991,8,3,343,2.9619
1991,8,4,238,4.0930
1991,8,5,198,4.1260
1991,8,6,160,4.2116
1991,8,7,143,1.8470
1991,8,8,137,2.0725
1991,8,9,124,2.0227
1991,8,10,115,2.5050
1991,9,1,2208,1.0396
1991,9,2,546,1.6753
1991,9,3,343,2.2460
1991,9,4,238,-0.9319
1991,9,5,198,0.4709
1991,9,6,160,-1.2018
1991,9,7,142,-0.6151
1991,9,8,137,-0.4773
1991,9,9,124,-1.0856
1991,9,10,115,-1.8721
1991,10,1,2198,2.5940
1991,10,2,545,5.8265
1991,10,3,342,2.4014
1991,10,4,237,2.3312
1991,10,5,198,2.0832
1991,10,6,160,1.6993
1991,10,7,142,1.3935
1991,10,8,137,1.5099
1991,10,9,124,2.6077
1991,10,10,114,1.2677
1991,11,1,2177,-2.0032
1991,11,2,544,-4.8359
1991,11,3,341,-6.2172
1991,11,4,236,-5.1972
1991,11,5,198,-5.3952
1991,11,6,159,-3.8871
1991,11,7,142,-3.6062
1991,11,8,137,-3.4874
1991,11,9,124,-3.9440
1991,11,10,114,-3.1781
1991,12,1,2163,3.6736
1991,12,2,541,7.1964
1991,12,3,340,6.6134
1991,12,4,235,9.7156
1991,12,5,198,10.9622
1991,12,6,159,11.1678
1991,12,7,142,10.1727
1991,12,8,137,10.9675
1991,12,9,124,11.3036
1991,12,10,114,11.2588
1992,1,1,2136,15.5505
1992,1,2,541,10.8998
1992,1,3,340,6.8194
1992,1,4,235,7.0668
1992,1,5,198,5.0333
1992,1,6,158,3.3332
1992,1,7,140,1.0656
1992,1,8,137,0.7520
1992,1,9,124,-0.4121
1992,1,10,114,-2.6498
1992,2,1,2118,4.5401
1992,2,2,538,2.1546
1992,2,3,340,1.9772
1992,2,4,235,2.2880
1992,2,5,196,1.5470
1992,2,6,158,2.5984
1992,2,7,140,1.6904
1992,2,8,137,1.4509
1992,2,9,124,1.5676
1992,2,10,114,0.5675
1992,3,1,2098,-2.4316
1992,3,2,535,-5.2445
1992,3,3,340,-4.3002
1992,3,4,235,-5.3897
1992,3,5,195,-4.2278
1992,3,6,158,-2.7814
1992,3,7,140,-3.5632
1992,3,8,137,-2.2717
1992,3,9,124,-2.4248
1992,3,10,114,-1.9436
1992,4,1,2077,-6.7377
1992,4,2,535,-6.2246
1992,4,3,339,-5.2485
1992,4,4,233,-4.5194
1992,4,5,195,-1.9402
1992,4,6,158,-2.1489
1992,4,7,140,-1.0408
1992,4,8,137,1.1859
1992,4,9,124,1.7010
1992,4,10,114,3.4441
1992,5,1,2049,-0.6706
1992,5,2,534,-1.0915
1992,5,3,338,-0.2271
1992,5,4,233,0.4314
1992,5,5,195,-1.4074
1992,5,6,158,0.2966
1992,5,7,139,0.7032
1992,5,8,137,-0.6997
1992,5,9,124,1.0687
1992,5,10,114,0.4813
1992,6,1,2010,-6.7488
1992,6,2,533,-5.9327
1992,6,3,337,-5.2329
1992,6,4,232,-5.2530
1992,6,5,195,-3.0585
1992,6,6,158,-3.2538
1992,6,7,139,-3.4256
1992,6,8,137,-2.1187
1992,6,9,123,-2.9893
1992,6,10,114,-1.7344
1992,7,1,2222,1.7695
1992,7,2,598,2.5235
1992,7,3,363,3.4673
1992,7,4,293,3.2742
1992,7,5,207,4.0163
1992,7,6,174,4.9947
1992,7,7,145,3.2899
1992,7,8,145,4.9676
1992,7,9,129,4.5579
1992,7,10,126,4.2138
1992,8,1,2181,-3.3382
1992,8,2,597,-3.0190
1992,8,3,362,-2.7787
1992,8,4,292,-2.4181
1992,8,5,206,-3.6206
1992,8,6,174,-2.2162
1992,8,7,145,-2.2721
1992,8,8,145,-1.6123
1992,8,9,129,-2.0337
1992,8,10,126,-1.6795
1992,9,1,2147,0.7263
1992,9,2,595,1.3839
1992,9,3,362,3.5720
1992,9,4,290,1.4310
1992,9,5,206,1.9485
1992,9,6,174,2.0352
1992,9,7,145,1.2056
1992,9,8,145,1.8763
1992,9,9,129,2.4312
1992,9,10,126,0.5161
1992,10,1,2134,1.8505
1992,10,2,594,3.3752
1992,10,3,361,3.9686
1992,10,4,289,2.6708
1992,10,5,206,3.6944
1992,10,6,173,3.1171
1992,10,7,144,1.6103
1992,10,8,145,3.5648
1992,10,9,129,1.6462
1992,10,10,126,-0.1574
1992,11,1,2112,8.3970
1992,11,2,593,10.9420
1992,11,3,360,8.8536
1992,11,4,287,6.9996
1992,11,5,206,7.4623
1992,11,6,172,7.0478
1992,11,7,144,4.1766
1992,11,8,145,4.5817
1992,11,9,129,3.5121
1992,11,10,126,2.9176
1992,12,1,2092,4.0205
1992,12,2,593,2.3073
1992,12,3,360,2.4019
1992,12,4,287,3.0476
1992,12,5,206,3.4708
1992,12,6,172,3.0966
1992,12,7,144,2.4540
1992,12,8,145,2.7296
1992,12,9,129,0.0365
1992,12,10,126,0.8707
1993,1,1,2082,6.8345
1993,1,2,592,3.0512
1993,1,3,360,3.1083
1993,1,4,287,1.2337
1993,1,5,205,1.4060
1993,1,6,172,1.4316
1993,1,7,144,1.1511
1993,1,8,145,2.4140
1993,1,9,129,1.0546
1993,1,10,126,-0.2361
1993,2,1,2066,-3.4079
1993,2,2,590,-5.1812
1993,2,3,360,-3.6350
1993,2,4,287,-3.0384
1993,2,5,205,-2.5696
1993,2,6,172,-2.3796
1993,2,7,144,-1.3931
1993,2,8,145,-0.7214
1993,2,9,129,1.1554
1993,2,10,126,1.3442
1993,3,1,2063,2.9908
1993,3,2,586,2.3544
1993,3,3,359,2.1741
1993,3,4,286,2.3637
1993,3,5,205,3.8403
1993,3,6,172,5.2090
1993,3,7,144,3.0988
1993,3,8,145,3.8600
1993,3,9,129,2.0360
1993,3,10,126,1.5757
1993,4,1,2042,-2.3037
1993,4,2,584,-3.2519
1993,4,3,359,-1.7537
1993,4,4,286,-3.1730
1993,4,5,205,-2.9528
1993,4,6,172,-2.6487
1993,4,7,144,-1.7249
1993,4,8,144,-2.3931
1993,4,9,129,-2.5618
1993,4,10,126,-2.6961
1993,5,1,2028,4.7550
1993,5,2,583,5.4106
1993,5,3,358,6.7679
1993,5,4,286,5.5674
1993,5,5,205,6.4215
1993,5,6,172,6.0760
1993,5,7,144,4.0982
1993,5,8,144,5.0185
1993,5,9,129,2.6685
1993,5,10,126,2.8722
1993,6,1,2016,0.9020
1993,6,2,583,-0.8251
1993,6,3,356,0.5563
1993,6,4,286,0.1130
1993,6,5,204,1.4173
1993,6,6,172,-0.7710
1993,6,7,144,0.2194
1993,6,8,144,1.1871
1993,6,9,129,-0.9714
1993,6,10,126,-0.1865
1993,7,1,2270,0.1687
1993,7,2,695,0.3356
1993,7,3,416,0.4245
1993,7,4,290,0.1561
1993,7,5,191,0.1238
1993,7,6,193,-0.8287
1993,7,7,152,-0.0020
1993,7,8,161,-0.6802
1993,7,9,132,0.6793
1993,7,10,132,-1.1935
1993,8,1,2251,3.6539
1993,8,2,691,4.2170
1993,8,3,415,4.3026
1993,8,4,289,5.3933
1993,8,5,191,4.5384
1993,8,6,193,4.9476
1993,8,7,152,3.9530
1993,8,8,161,5.7001
1993,8,9,132,4.1534
1993,8,10,132,3.5949
1993,9,1,2234,3.5192
1993,9,2,691,2.1240
1993,9,3,415,2.6038
1993,9,4,287,3.5320
1993,9,5,191,1.5699
1993,9,6,193,1.7238
1993,9,7,152,-0.2242
1993,9,8,161,-0.2689
1993,9,9,132,-0.8470
1993,9,10,132,-0.9999
1993,10,1,2222,4.7493
1993,10,2,691,4.6534
1993,10,3,412,4.0756
1993,10,4,287,2.2953
1993,10,5,191,2.8451
1993,10,6,193,0.1476
1993,10,7,152,2.4015
1993,10,8,161,1.9097
1993,10,9,131,1.8213
1993,10,10,132,3.0379
1993,11,1,2215,-2.9749
1993,11,2,690,-2.7466
1993,11,3,411,-2.7752
1993,11,4,287,-3.0933
1993,11,5,191,-2.4336
1993,11,6,192,-2.1037
1993,11,7,152,-2.6672
1993,11,8,160,-1.6450
1993,11,9,131,-0.5259
1993,11,10,132,-0.5200
1993,12,1,2205,0.2167
1993,12,2,685,1.6920
1993,12,3,410,2.9644
1993,12,4,287,3.9894
1993,12,5,191,4.4738
1993,12,6,192,4.3575
1993,12,7,152,4.4236
1993,12,8,159,3.7898
1993,12,9,130,2.4033
1993,12,10,132,0.5690
1994,1,1,2190,5.7536
1994,1,2,682,3.5894
1994,1,3,409,3.1014
1994,1,4,287,2.5570
1994,1,5,191,2.4000
1994,1,6,191,3.1658
1994,1,7,151,2.6249
1994,1,8,159,3.1722
1994,1,9,130,2.4459
1994,1,10,132,2.9126
1994,2,1,2178,-1.0309
1994,2,2,682,-0.8140
1994,2,3,408,-0.6347
1994,2,4,286,-0.6804
1994,2,5,191,0.8470
1994,2,6,190,-0.4338
1994,2,7,151,-0.5270
1994,2,8,158,-1.5650
1994,2,9,130,-1.3113
1994,2,10,132,-2.8164
1994,3,1,2154,-5.1903
1994,3,2,679,-6.1261
1994,3,3,408,-7.2282
1994,3,4,285,-5.9674
1994,3,5,190,-4.8753
1994,3,6,190,-5.7642
1994,3,7,151,-4.5740
1994,3,8,158,-5.5141
1994,3,9,129,-4.1877
1994,3,10,132,-4.2518
1994,4,1,2146,-2.1909
1994,4,2,678,-1.1392
1994,4,3,406,-0.5662
1994,4,4,285,-0.1641
1994,4,5,190,0.2146
1994,4,6,190,-0.0962
1994,4,7,151,0.6459
1994,4,8,158,0.0792
1994,4,9,129,0.2526
1994,4,10,132,1.2852
1994,5,1,2133,-1.4755
1994,5,2,673,-2.3865
1994,5,3,404,-2.0807
1994,5,4,283,-2.5451
1994,5,5,190,-1.9587
1994,5,6,189,-1.4767
1994,5,7,150,-3.0911
1994,5,8,158,-0.2783
1994,5,9,129,-0.5510
1994,5,10,132,1.5386
1994,6,1,2113,-3.9095
1994,6,2,672,-5.6914
1994,6,3,403,-4.2450
1994,6,4,282,-3.6739
1994,6,5,190,-3.8625
1994,6,6,190,-2.6448
1994,6,7,150,-2.8667
1994,6,8,158,-3.5681
1994,6,9,129,-2.8983
1994,6,10,132,-2.3483
1994,7,1,2596,0.5941
1994,7,2,798,0.7776
1994,7,3,389,2.3878
1994,7,4,311,1.6239
1994,7,5,225,2.3148
1994,7,6,190,3.2291
1994,7,7,182,4.3793
1994,7,8,166,3.3752
1994,7,9,140,3.8029
1994,7,10,140,3.1864
1994,8,1,2581,3.0990
1994,8,2,796,5.5605
1994,8,3,389,5.6914
1994,8,4,308,6.9602
1994,8,5,224,8.2716
1994,8,6,190,5.7555
1994,8,7,182,5.3552
1994,8,8,166,4.5672
1994,8,9,140,4.5055
1994,8,10,139,4.0822
1994,9,1,2560,1.5144
1994,9,2,792,1.5922
1994,9,3,387,0.8559
1994,9,4,308,-0.4782
1994,9,5,224,-0.8386
1994,9,6,190,-0.6782
1994,9,7,181,-1.1765
1994,9,8,165,-1.3078
1994,9,9,139,-2.3928
1994,9,10,139,-1.6053
1994,10,1,2541,1.4017
1994,10,2,789,0.5858
1994,10,3,385,0.4315
1994,10,4,306,0.9538
1994,10,5,224,0.1107
1994,10,6,189,2.5694
1994,10,7,180,1.5189
1994,10,8,165,0.5741
1994,10,9,139,1.8670
1994,10,10,137,2.6063
1994,11,1,2525,-3.2727
1994,11,2,787,-3.2205
1994,11,3,385,-3.4555
1994,11,4,305,-3.7769
1994,11,5,223,-3.6051
1994,11,6,188,-5.6706
1994,11,7,178,-5.1505
1994,11,8,165,-3.2062
1994,11,9,139,-3.9806
1994,11,10,137,-2.7643
1994,12,1,2511,-2.8472
1994,12,2,782,0.3824
1994,12,3,383,1.4890
1994,12,4,304,2.1191
1994,12,5,223,2.0077
1994,12,6,188,1.4419
1994,12,7,178,1.6036
1994,12,8,165,1.4306
1994,12,9,139,1.1963
1994,12,10,136,1.3575
1995,1,1,2488,2.7455
1995,1,2,778,0.5402
1995,1,3,381,-0.3662
1995,1,4,304,-2.4772
1995,1,5,220,-2.3293
1995,1,6,187,-1.0095
1995,1,7,178,0.5301
1995,1,8,164,1.6071
1995,1,9,138,1.5552
1995,1,10,136,2.3916
1995,2,1,2472,1.8489
1995,2,2,777,3.7367
1995,2,3,376,3.2501
1995,2,4,304,3.5114
1995,2,5,219,4.2849
1995,2,6,186,5.8475
1995,2,7,178,5.4420
1995,2,8,163,3.6987
1995,2,9,138,5.3147
1995,2,10,136,3.3776
1995,3,1,2450,2.1218
1995,3,2,774,1.6747
1995,3,3,376,3.5912
1995,3,4,304,2.5920
1995,3,5,217,2.7248
1995,3,6,185,2.3334
1995,3,7,178,3.3609
1995,3,8,162,1.8594
1995,3,9,137,3.9665
1995,3,10,136,2.9352
1995,4,1,2425,3.0042
1995,4,2,772,2.6121
1995,4,3,375,2.3389
1995,4,4,303,1.0043
1995,4,5,217,2.3378
1995,4,6,185,1.5719
1995,4,7,177,3.0704
1995,4,8,160,0.7830
1995,4,9,136,1.6136
1995,4,10,136,3.4357
1995,5,1,2401,2.3191
1995,5,2,767,1.4438
1995,5,3,373,1.0660
1995,5,4,303,0.7353
1995,5,5,217,0.3646
1995,5,6,185,2.0407
1995,5,7,176,1.5010
1995,5,8,159,2.4612
1995,5,9,136,3.1700
1995,5,10,136,3.5596
1995,6,1,2373,8.7106
1995,6,2,763,6.8480
1995,6,3,372,6.5248
1995,6,4,303,6.2817
1995,6,5,216,4.2580
1995,6,6,183,4.9780
1995,6,7,174,5.9787
1995,6,8,158,3.1224
1995,6,9,136,2.5690
1995,6,10,136,2.6839
1995,7,1,2554,5.7639
1995,7,2,728,7.3666
1995,7,3,510,6.1201
1995,7,4,296,7.0872
1995,7,5,248,6.8335
1995,7,6,214,6.9157
1995,7,7,200,5.3389
1995,7,8,183,5.5108
1995,7,9,155,3.7252
1995,7,10,147,3.2377
1995,8,1,2529,4.0599
1995,8,2,725,3.8722
1995,8,3,508,0.7286
1995,8,4,291,1.3176
1995,8,5,248,0.9896
1995,8,6,212,0.8151
1995,8,7,199,0.5002
1995,8,8,183,0.8637
1995,8,9,154,1.1774
1995,8,10,146,-0.4539
1995,9,1,2500,2.1529
1995,9,2,724,2.4728
1995,9,3,506,1.3391
1995,9,4,291,1.5995
1995,9,5,246,1.7085
1995,9,6,211,1.2183
1995,9,7,198,1.6759
1995,9,8,183,1.9360
1995,9,9,154,1.8258
1995,9,10,146,4.6220
1995,10,1,2483,-6.3686
1995,10,2,723,-5.3073
1995,10,3,502,-7.1451
1995,10,4,291,-6.5163
1995,10,5,246,-5.4251
1995,10,6,210,-1.5464
1995,10,7,196,-1.1510
1995,10,8,183,-3.5413
1995,10,9,153,-2.0669
1995,10,10,146,0.9593
1995,11,1,2464,0.4012
1995,11,2,715,2.8372
1995,11,3,500,4.5013
1995,11,4,290,5.8814
1995,11,5,244,4.3191
1995,11,6,210,5.1177
1995,11,7,196,4.2367
1995,11,8,183,3.3067
1995,11,9,152,4.9592
1995,11,10,145,3.5966
1995,12,1,2442,0.4317
1995,12,2,709,2.8277
1995,12,3,498,2.2313
1995,12,4,288,3.7137
1995,12,5,244,0.7559
1995,12,6,210,2.7301
1995,12,7,195,0.2077
1995,12,8,183,-0.3745
1995,12,9,151,1.0572
1995,12,10,144,1.9383
1996,1,1,2423,3.5248
1996,1,2,706,-0.3633
1996,1,3,497,-0.2827
1996,1,4,288,-0.4017
1996,1,5,244,-0.1689
1996,1,6,209,-1.1717
1996,1,7,195,-0.0147
1996,1,8,183,2.6659
1996,1,9,151,2.9675
1996,1,10,143,3.2411
1996,2,1,2402,3.3538
1996,2,2,703,3.3596
1996,2,3,495,3.1769
1996,2,4,283,3.8874
1996,2,5,243,4.4216
1996,2,6,206,3.1938
1996,2,7,195,3.3572
1996,2,8,183,2.1601
1996,2,9,151,2.1191
1996,2,10,143,0.8131
1996,3,1,2383,3.4704
1996,3,2,699,3.2385
1996,3,3,493,1.6750
1996,3,4,281,2.9328
1996,3,5,243,2.7449
1996,3,6,205,2.7101
1996,3,7,194,2.9176
1996,3,8,183,0.9760
1996,3,9,151,1.0772
1996,3,10,142,0.6999
1996,4,1,2369,9.0536
1996,4,2,697,8.9057
1996,4,3,491,8.8126
1996,4,4,279,6.9943
1996,4,5,242,6.4009
1996,4,6,203,5.0583
1996,4,7,192,4.3707
1996,4,8,182,4.8176
1996,4,9,151,2.5149
1996,4,10,142,1.6616
1996,5,1,2356,10.8032
1996,5,2,694,6.1685
1996,5,3,492,6.3526
1996,5,4,279,4.7823
1996,5,5,240,4.9852
1996,5,6,203,1.6397
1996,5,7,192,2.4065
1996,5,8,181,1.0306
1996,5,9,150,1.9288
1996,5,10,142,2.9949
1996,6,1,2332,-6.0360
1996,6,2,691,-4.9947
1996,6,3,489,-4.5478
1996,6,4,274,-4.4984
1996,6,5,239,-4.8951
1996,6,6,202,-4.9724
1996,6,7,192,-2.1859
1996,6,8,181,-1.6491
1996,6,9,150,-1.5406
1996,6,10,142,0.8030
1996,7,1,2692,-10.5827
1996,7,2,746,-10.6964
1996,7,3,566,-12.9711
1996,7,4,382,-10.0132
1996,7,5,294,-10.1950
1996,7,6,243,-9.5336
1996,7,7,200,-7.0223
1996,7,8,186,-6.6808
1996,7,9,177,-7.7476
1996,7,10,155,-4.3554
1996,8,1,2674,3.5892
1996,8,2,743,5.2402
1996,8,3,563,5.5203
1996,8,4,378,5.8952
1996,8,5,292,7.3951
1996,8,6,240,6.0469
1996,8,7,199,5.7021
1996,8,8,186,4.4568
1996,8,9,176,3.6574
1996,8,10,155,1.6289
1996,9,1,2644,1.7541
1996,9,2,741,3.9734
1996,9,3,561,3.9854
1996,9,4,377,3.9220
1996,9,5,290,4.2631
1996,9,6,240,4.9695
1996,9,7,197,4.5300
1996,9,8,185,4.8113
1996,9,9,176,5.4632
1996,9,10,155,5.8125
1996,10,1,2627,-4.0002
1996,10,2,736,-2.5736
1996,10,3,559,-2.4609
1996,10,4,376,-1.3614
1996,10,5,289,-4.0696
1996,10,6,240,-2.7455
1996,10,7,196,0.2782
1996,10,8,184,-1.1295
1996,10,9,175,-0.0204
1996,10,10,154,1.7418
1996,11,1,2610,0.7543
1996,11,2,731,2.6495
1996,11,3,558,3.5815
1996,11,4,373,2.0705
1996,11,5,289,2.8807
1996,11,6,240,3.7134
1996,11,7,196,5.1931
1996,11,8,183,5.8118
1996,11,9,174,5.9583
1996,11,10,154,7.5508
1996,12,1,2594,-0.1165
1996,12,2,725,1.7881
1996,12,3,555,2.4063
1996,12,4,373,2.6977
1996,12,5,287,0.3198
1996,12,6,240,0.3279
1996,12,7,196,-0.6140
1996,12,8,182,-1.2303
1996,12,9,174,-2.2621
1996,12,10,154,-1.6099
1997,1,1,2569,6.9830
1997,1,2,719,4.4855
1997,1,3,554,3.1618
1997,1,4,370,2.0000
1997,1,5,285,3.7117
1997,1,6,238,-0.2883
1997,1,7,194,3.1336
1997,1,8,182,3.4176
1997,1,9,174,4.2034
1997,1,10,152,6.5781
1997,2,1,2544,-3.1765
1997,2,2,715,-3.8509
1997,2,3,553,-5.7878
1997,2,4,368,-4.3366
1997,2,5,285,-3.3277
1997,2,6,238,-3.3496
1997,2,7,192,-3.2630
1997,2,8,181,-1.4227
1997,2,9,172,-1.0828
1997,2,10,152,0.0462
1997,3,1,2524,-5.6513
1997,3,2,712,-5.4032
1997,3,3,547,-6.4329
1997,3,4,366,-5.3923
1997,3,5,283,-5.1799
1997,3,6,238,-4.5815
1997,3,7,192,-4.3310
1997,3,8,181,-3.7408
1997,3,9,172,-3.8157
1997,3,10,152,-3.8714
1997,4,1,2500,-4.0001
1997,4,2,705,-4.3710
1997,4,3,544,-1.8068
1997,4,4,363,-1.4107
1997,4,5,282,1.7752
1997,4,6,237,0.4924
1997,4,7,192,2.4011
1997,4,8,181,0.7395
1997,4,9,172,1.8151
1997,4,10,152,6.5397
1997,5,1,2484,8.8258
1997,5,2,701,11.9594
1997,5,3,539,14.6070
1997,5,4,362,13.3007
1997,5,5,281,12.4901
1997,5,6,237,10.7869
1997,5,7,191,9.3045
1997,5,8,181,7.1127
1997,5,9,172,8.0105
1997,5,10,151,6.2364
1997,6,1,2468,4.9517
1997,6,2,698,5.5984
1997,6,3,537,4.4600
1997,6,4,360,4.2185
1997,6,5,278,5.0065
1997,6,6,235,3.6797
1997,6,7,190,3.0724
1997,6,8,180,2.7251
1997,6,9,172,2.3583
1997,6,10,151,4.5841
1997,7,1,2961,4.2986
1997,7,2,777,5.8489
1997,7,3,469,4.0907
1997,7,4,362,7.0430
1997,7,5,276,5.1073
1997,7,6,264,5.5358
1997,7,7,221,6.2137
1997,7,8,183,7.2042
1997,7,9,182,7.5365
1997,7,10,166,7.5094
1997,8,1,2932,4.6357
1997,8,2,769,5.0250
1997,8,3,468,4.3568
1997,8,4,360,2.9386
1997,8,5,273,3.5269
1997,8,6,263,1.9931
1997,8,7,219,0.9564
1997,8,8,182,0.7907
1997,8,9,182,-1.3071
1997,8,10,165,-5.7976
1997,9,1,2909,10.0516
1997,9,2,769,8.8360
1997,9,3,459,8.1482
1997,9,4,356,7.5329
1997,9,5,267,7.8629
1997,9,6,263,4.4050
1997,9,7,214,6.7598
1997,9,8,181,4.2061
1997,9,9,182,4.4344
1997,9,10,163,4.9146
1997,10,1,2883,-3.0731
1997,10,2,761,-4.9067
1997,10,3,455,-5.6637
1997,10,4,355,-4.5834
1997,10,5,266,-6.2656
1997,10,6,260,-4.4267
1997,10,7,212,-5.0404
1997,10,8,180,-5.9786
1997,10,9,182,-3.3979
1997,10,10,163,-3.1175
1997,11,1,2853,-3.6982
1997,11,2,757,-2.3366
1997,11,3,449,-2.0433
1997,11,4,354,-2.9924
1997,11,5,265,-0.5614
1997,11,6,256,-1.3673
1997,11,7,211,1.5887
1997,11,8,180,0.5829
1997,11,9,182,1.9492
1997,11,10,163,5.3856
1997,12,1,2830,-5.7923
1997,12,2,752,-1.6657
1997,12,3,446,-1.1689
1997,12,4,351,-0.0462
1997,12,5,262,0.7460
1997,12,6,254,1.2482
1997,12,7,210,1.7295
1997,12,8,180,0.0126
1997,12,9,182,2.5781
1997,12,10,162,0.8995
1998,1,1,2788,0.0341
1998,1,2,745,-0.7725
1998,1,3,438,-0.3723
1998,1,4,347,-1.2980
1998,1,5,258,-1.1615
1998,1,6,254,-1.2380
1998,1,7,208,0.1059
1998,1,8,180,-1.4270
1998,1,9,182,-1.3850
1998,1,10,162,2.7346
1998,2,1,2751,5.4955
1998,2,2,741,7.0735
1998,2,3,434,8.4117
1998,2,4,346,8.5159
1998,2,5,254,8.5791
1998,2,6,253,9.2650
1998,2,7,205,7.5616
1998,2,8,179,7.9889
1998,2,9,182,8.2851
1998,2,10,162,6.4127
1998,3,1,2720,5.4103
1998,3,2,735,5.1304
1998,3,3,433,3.9407
1998,3,4,344,4.7423
1998,3,5,253,3.9283
1998,3,6,252,4.5442
1998,3,7,205,5.2835
1998,3,8,179,3.7733
1998,3,9,182,4.8596
1998,3,10,161,5.0729
1998,4,1,2682,3.0689
1998,4,2,727,1.7720
1998,4,3,431,0.3947
1998,4,4,341,1.3867
1998,4,5,252,0.0425
1998,4,6,250,0.3570
1998,4,7,203,1.2282
1998,4,8,178,-0.2714
1998,4,9,182,0.1210
1998,4,10,161,1.2285
1998,5,1,2651,-5.1190
1998,5,2,718,-5.4035
1998,5,3,428,-6.4288
1998,5,4,339,-6.5767
1998,5,5,251,-5.7523
1998,5,6,248,-6.8251
1998,5,7,202,-4.0325
1998,5,8,178,-4.6202
1998,5,9,181,-2.7492
1998,5,10,161,-1.6465
1998,6,1,2619,-2.8441
1998,6,2,712,1.7317
1998,6,3,427,0.7057
1998,6,4,338,0.8671
1998,6,5,249,1.9005
1998,6,6,246,0.7685
1998,6,7,200,1.9349
1998,6,8,177,-1.3067
1998,6,9,181,2.8112
1998,6,10,160,4.9101
1998,7,1,2849,-6.9821
1998,7,2,730,-7.3414
1998,7,3,456,-8.1194
1998,7,4,348,-7.7694
1998,7,5,305,-7.8184
1998,7,6,267,-8.3143
1998,7,7,210,-6.4856
1998,7,8,209,-6.1581
1998,7,9,179,-4.7298
1998,7,10,178,-0.1632
1998,8,1,2808,-21.5534
1998,8,2,725,-23.5704
1998,8,3,455,-21.4028
1998,8,4,347,-20.8165
1998,8,5,303,-20.0166
1998,8,6,265,-19.6416
1998,8,7,209,-18.8386
1998,8,8,207,-17.5878
1998,8,9,177,-12.8449
1998,8,10,177,-12.4135
1998,9,1,2780,1.2418
1998,9,2,716,5.7823
1998,9,3,452,7.6869
1998,9,4,344,8.9040
1998,9,5,299,7.1643
1998,9,6,265,8.0645
1998,9,7,207,5.4184
1998,9,8,204,7.9159
1998,9,9,175,5.3979
1998,9,10,177,8.1178
1998,10,1,2730,1.5057
1998,10,2,714,4.0455
1998,10,3,450,4.2367
1998,10,4,340,5.7995
1998,10,5,299,6.0458
1998,10,6,263,5.0752
1998,10,7,206,6.6183
1998,10,8,201,7.4291
1998,10,9,174,7.1961
1998,10,10,176,7.1633
1998,11,1,2667,9.3227
1998,11,2,708,8.7959
1998,11,3,450,7.9732
1998,11,4,338,6.5330
1998,11,5,295,6.8738
1998,11,6,261,5.1470
1998,11,7,205,4.4188
1998,11,8,199,4.8006
1998,11,9,172,4.9576
1998,11,10,176,6.7049
1998,12,1,2635,0.8305
1998,12,2,701,4.2911
1998,12,3,450,7.1329
1998,12,4,337,5.3703
1998,12,5,293,7.2887
1998,12,6,261,8.0689
1998,12,7,203,5.4303
1998,12,8,197,6.8409
1998,12,9,172,6.2668
1998,12,10,175,7.7145
1999,1,1,2583,8.6181
1999,1,2,696,5.5909
1999,1,3,448,0.9912
1999,1,4,334,2.4686
1999,1,5,292,2.8519
1999,1,6,261,-0.2672
1999,1,7,203,1.1452
1999,1,8,195,-0.0021
1999,1,9,172,2.3622
1999,1,10,175,5.4659
1999,2,1,2535,-6.5495
1999,2,2,689,-8.5501
1999,2,3,445,-9.5294
1999,2,4,331,-10.9020
1999,2,5,290,-7.7514
1999,2,6,259,-7.9411
1999,2,7,202,-5.4225
1999,2,8,193,-5.3910
1999,2,9,172,-3.0311
1999,2,10,173,-4.2894
1999,3,1,2493,-3.1775
1999,3,2,684,-2.1347
1999,3,3,442,-1.7718
1999,3,4,329,1.3344
1999,3,5,288,4.7852
1999,3,6,259,3.0975
1999,3,7,202,1.6964
1999,3,8,192,3.5012
1999,3,9,172,5.6476
1999,3,10,173,4.0944
1999,4,1,2439,9.0068
1999,4,2,677,9.5239
1999,4,3,434,6.5933
1999,4,4,326,7.8929
1999,4,5,285,8.7994
1999,4,6,257,9.0448
1999,4,7,197,9.1142
1999,4,8,190,8.3982
1999,4,9,170,5.1793
1999,4,10,171,2.6379
1999,5,1,2395,4.1201
1999,5,2,674,2.4939
1999,5,3,429,3.2956
1999,5,4,326,2.0170
1999,5,5,282,0.6819
1999,5,6,255,0.0641
1999,5,7,196,2.2676
1999,5,8,188,1.8436
1999,5,9,168,-1.5833
1999,5,10,171,-2.1973
1999,6,1,2357,4.2536
1999,6,2,669,11.3027
1999,6,3,427,7.6282
1999,6,4,325,8.1694
1999,6,5,280,7.5245
1999,6,6,254,3.9594
1999,6,7,195,4.9635
1999,6,8,187,6.7777
1999,6,9,167,4.3757
1999,6,10,171,5.5797
1999,7,1,2342,2.0047
1999,7,2,695,1.7130
1999,7,3,448,-0.8492
1999,7,4,359,-1.8432
1999,7,5,314,-1.1765
1999,7,6,252,-2.5852
1999,7,7,240,-0.6794
1999,7,8,204,-1.8870
1999,7,9,203,-3.1897
1999,7,10,176,-2.7563
1999,8,1,2310,-2.9681
1999,8,2,685,-2.4021
1999,8,3,445,-3.8759
1999,8,4,356,-3.1244
1999,8,5,309,-2.7146
1999,8,6,245,-2.8955
1999,8,7,239,-3.7927
1999,8,8,204,-1.2918
1999,8,9,202,-0.4866
1999,8,10,176,0.6050
1999,9,1,2273,-2.3110
1999,9,2,680,-0.5595
1999,9,3,439,1.6852
1999,9,4,354,-0.1334
1999,9,5,305,1.3503
1999,9,6,245,1.3507
1999,9,7,235,0.0246
1999,9,8,202,-2.3314
1999,9,9,199,-2.8506
1999,9,10,176,-1.9293
1999,10,1,2234,-1.0822
1999,10,2,667,-1.9018
1999,10,3,438,-1.0113
1999,10,4,353,-0.6450
1999,10,5,302,1.8144
1999,10,6,241,0.9960
1999,10,7,235,5.4678
1999,10,8,200,4.5251
1999,10,9,199,4.4540
1999,10,10,175,5.6030
1999,11,1,2206,15.7268
1999,11,2,661,11.7284
1999,11,3,436,10.4763
1999,11,4,351,9.8525
1999,11,5,298,8.3955
1999,11,6,237,7.4696
1999,11,7,235,7.6986
1999,11,8,197,6.0970
1999,11,9,198,4.6964
1999,11,10,174,3.9212
1999,12,1,2173,16.8509
1999,12,2,655,15.3816
1999,12,3,425,13.8145
1999,12,4,344,15.1785
1999,12,5,295,13.1160
1999,12,6,231,10.2261
1999,12,7,234,13.7062
1999,12,8,194,13.0800
1999,12,9,197,11.3029
1999,12,10,174,7.8733
2000,1,1,2138,12.4871
2000,1,2,647,4.4669
2000,1,3,418,3.6532
2000,1,4,340,-2.0491
2000,1,5,292,-3.8218
2000,1,6,231,-4.0309
2000,1,7,233,-4.1958
2000,1,8,192,-2.4730
2000,1,9,196,-1.4284
2000,1,10,172,-5.2405
2000,2,1,2114,33.5503
2000,2,2,643,29.1155
2000,2,3,416,20.7978
2000,2,4,335,24.6073
2000,2,5,290,17.1914
2000,2,6,228,11.1755
2000,2,7,232,14.8974
2000,2,8,192,15.6847
2000,2,9,194,12.3661
2000,2,10,172,-0.9367
2000,3,1,2081,-10.2962
2000,3,2,638,-11.9673
2000,3,3,409,-6.7655
2000,3,4,333,-10.1243
2000,3,5,287,-7.2719
2000,3,6,225,-1.1730
2000,3,7,230,0.4595
2000,3,8,191,2.6514
2000,3,9,194,1.8886
2000,3,10,172,8.9764
2000,4,1,2059,-21.3038
2000,4,2,630,-13.5739
2000,4,3,404,-15.3230
2000,4,4,331,-10.6157
2000,4,5,284,-7.6715
2000,4,6,223,-6.8344
2000,4,7,227,-5.4035
2000,4,8,189,-5.9143
2000,4,9,194,-5.7552
2000,4,10,172,-3.7807
2000,5,1,2043,-12.5942
2000,5,2,624,-9.3106
2000,5,3,398,-9.3292
2000,5,4,328,-6.2716
2000,5,5,280,-6.1152
2000,5,6,221,-4.2295
2000,5,7,225,-6.8024
2000,5,8,189,-5.9179
2000,5,9,194,-4.4789
2000,5,10,170,-4.2581
2000,6,1,2021,22.9473
2000,6,2,615,25.6828
2000,6,3,396,15.6869
2000,6,4,325,14.4550
2000,6,5,274,9.6638
2000,6,6,221,4.8294
2000,6,7,224,8.4958
2000,6,8,188,7.7273
2000,6,9,194,6.3277
2000,6,10,169,4.2440
2000,7,1,1955,-2.7257
2000,7,2,725,-2.3316
2000,7,3,412,-2.4417
2000,7,4,420,-4.6985
2000,7,5,362,-3.8293
2000,7,6,299,-3.5204
2000,7,7,276,-5.7460
2000,7,8,248,-3.0189
2000,7,9,225,-2.5373
2000,7,10,208,-3.6958
2000,8,1,1941,3.9562
2000,8,2,718,9.2502
2000,8,3,409,6.2513
2000,8,4,417,5.5298
2000,8,5,360,6.9044
2000,8,6,296,7.6429
2000,8,7,271,8.6028
2000,8,8,246,9.8208
2000,8,9,223,9.2506
2000,8,10,205,6.4770
2000,9,1,1916,-4.1165
2000,9,2,709,-5.1091
2000,9,3,402,-5.0254
2000,9,4,416,-3.7486
2000,9,5,357,-6.6431
2000,9,6,294,-5.4916
2000,9,7,266,-4.9661
2000,9,8,244,-5.7122
2000,9,9,222,-2.4537
2000,9,10,204,-6.8690
2000,10,1,1890,-9.3145
2000,10,2,699,-8.9119
2000,10,3,395,-4.8078
2000,10,4,412,-6.2942
2000,10,5,355,-5.3885
2000,10,6,289,-6.2663
2000,10,7,262,-5.4184
2000,10,8,242,-3.8713
2000,10,9,220,-3.1886
2000,10,10,204,-1.6640
2000,11,1,1844,-10.9647
2000,11,2,688,-13.2462
2000,11,3,390,-9.3982
2000,11,4,407,-12.0454
2000,11,5,351,-11.9677
2000,11,6,288,-10.9066
2000,11,7,260,-10.0055
2000,11,8,241,-12.2062
2000,11,9,216,-10.3826
2000,11,10,203,-10.8026
2000,12,1,1802,-4.4128
2000,12,2,683,-0.7251
2000,12,3,388,5.8233
2000,12,4,405,4.7357
2000,12,5,347,8.5411
2000,12,6,287,6.7910
2000,12,7,258,7.5596
2000,12,8,240,7.3354
2000,12,9,213,6.1481
2000,12,10,202,-2.2902
2001,1,1,1759,19.5714
2001,1,2,676,17.8380
2001,1,3,385,10.8497
2001,1,4,399,9.2667
2001,1,5,344,5.5405
2001,1,6,287,6.0539
2001,1,7,257,4.4652
2001,1,8,238,4.2839
2001,1,9,211,3.0264
2001,1,10,202,4.6103
2001,2,1,1712,-5.2671
2001,2,2,671,-7.3735
2001,2,3,382,-6.3323
2001,2,4,396,-5.8325
2001,2,5,339,-7.0163
2001,2,6,287,-9.3739
2001,2,7,255,-7.5589
2001,2,8,238,-9.0865
2001,2,9,211,-6.2800
2001,2,10,200,-11.5766
2001,3,1,1686,-3.3179
2001,3,2,664,-5.5432
2001,3,3,380,-2.9932
2001,3,4,390,-4.5527
2001,3,5,337,-6.5958
2001,3,6,286,-6.6399
2001,3,7,253,-7.5928
2001,3,8,238,-7.5927
2001,3,9,209,-7.0009
2001,3,10,198,-7.9205
2001,4,1,1657,3.7019
2001,4,2,657,8.4798
2001,4,3,378,7.7010
2001,4,4,388,7.2530
2001,4,5,331,8.6971
2001,4,6,284,9.2711
2001,4,7,250,10.3772
2001,4,8,237,12.1794
2001,4,9,209,10.1903
2001,4,10,198,9.0525
2001,5,1,1608,9.6790
2001,5,2,654,12.5771
2001,5,3,375,4.8934
2001,5,4,380,3.2644
2001,5,5,328,2.7634
2001,5,6,281,2.8898
2001,5,7,249,2.9092
2001,5,8,234,2.4999
2001,5,9,207,1.5474
2001,5,10,198,-0.5769
2001,6,1,1561,1.8420
2001,6,2,651,3.1771
2001,6,3,370,5.7707
2001,6,4,372,5.3918
2001,6,5,326,4.3270
2001,6,6,278,0.0464
2001,6,7,246,0.5623
2001,6,8,235,-1.2524
2001,6,9,207,-2.4804
2001,6,10,197,-2.9247
2001,7,1,2016,-2.4647
2001,7,2,579,-5.9789
2001,7,3,468,-7.5880
2001,7,4,333,-7.8362
2001,7,5,298,-6.0577
2001,7,6,219,-6.7791
2001,7,7,213,-3.1178
2001,7,8,185,-2.8204
2001,7,9,177,-5.0142
2001,7,10,158,-0.8990
2001,8,1,1980,-4.5950
2001,8,2,573,-4.3494
2001,8,3,467,-4.9936
2001,8,4,330,-4.6490
2001,8,5,296,-4.2747
2001,8,6,219,-3.9898
2001,8,7,212,-4.6145
2001,8,8,184,-4.8193
2001,8,9,176,-4.3367
2001,8,10,158,-7.0098
2001,9,1,1916,-12.8627
2001,9,2,568,-16.5632
2001,9,3,465,-16.7222
2001,9,4,329,-18.5042
2001,9,5,295,-16.7732
2001,9,6,215,-15.9555
2001,9,7,209,-14.3671
2001,9,8,181,-15.4585
2001,9,9,176,-12.6774
2001,9,10,156,-7.6518
2001,10,1,1891,9.0802
2001,10,2,565,7.9869
2001,10,3,463,7.6015
2001,10,4,325,7.9669
2001,10,5,294,9.0503
2001,10,6,213,11.1742
2001,10,7,209,6.9676
2001,10,8,181,7.1356
2001,10,9,175,6.2289
2001,10,10,156,2.4226
2001,11,1,1866,6.2485
2001,11,2,560,8.8692
2001,11,3,461,9.0943
2001,11,4,324,11.0031
2001,11,5,292,9.4833
2001,11,6,213,8.6988
2001,11,7,209,8.6719
2001,11,8,178,8.5412
2001,11,9,174,8.2801
2001,11,10,155,7.6819
2001,12,1,1823,8.0667
2001,12,2,549,9.1037
2001,12,3,458,7.8612
2001,12,4,322,7.6662
2001,12,5,292,5.5118
2001,12,6,211,7.1874
2001,12,7,208,5.2572
2001,12,8,176,4.4188
2001,12,9,174,2.8802
2001,12,10,155,-0.1408
2002,1,1,1802,4.8975
2002,1,2,543,-0.6141
2002,1,3,457,-2.2372
2002,1,4,320,-1.8809
2002,1,5,289,-2.3968
2002,1,6,210,-1.5448
2002,1,7,206,-2.0760
2002,1,8,174,-2.1351
2002,1,9,173,-0.8206
2002,1,10,155,-1.1598
2002,2,1,1769,-5.8748
2002,2,2,542,-5.8839
2002,2,3,457,-5.0106
2002,2,4,318,-3.6578
2002,2,5,289,-3.8524
2002,2,6,210,-2.1768
2002,2,7,203,-2.2714
2002,2,8,172,-1.8692
2002,2,9,172,-2.7525
2002,2,10,154,-2.1788
2002,3,1,1742,9.2650
2002,3,2,538,8.8933
2002,3,3,454,9.1863
2002,3,4,319,8.9113
2002,3,5,288,9.0929
2002,3,6,210,7.7550
2002,3,7,202,7.3236
2002,3,8,169,6.6989
2002,3,9,172,6.2418
2002,3,10,154,2.5212
2002,4,1,1719,0.1212
2002,4,2,535,1.3616
2002,4,3,451,-0.5016
2002,4,4,319,0.1322
2002,4,5,287,-1.8056
2002,4,6,208,-0.7422
2002,4,7,202,-3.4471
2002,4,8,168,-2.3608
2002,4,9,171,-3.6676
2002,4,10,154,-7.9649
2002,5,1,1691,0.6894
2002,5,2,528,-4.5360
2002,5,3,447,-5.7741
2002,5,4,316,-5.8080
2002,5,5,286,-4.9910
2002,5,6,208,-4.3930
2002,5,7,202,-1.6265
2002,5,8,168,-1.8994
2002,5,9,171,-1.1307
2002,5,10,154,-1.0862
2002,6,1,1666,-5.1392
2002,6,2,521,-2.2507
2002,6,3,447,-5.3168
2002,6,4,314,-5.3302
2002,6,5,285,-6.5007
2002,6,6,207,-7.0758
2002,6,7,202,-7.5125
2002,6,8,166,-9.0839
2002,6,9,171,-7.6523
2002,6,10,153,-7.9102
2002,7,1,1930,-12.6111
2002,7,2,546,-17.9491
2002,7,3,340,-17.4152
2002,7,4,295,-16.4871
2002,7,5,227,-15.7701
2002,7,6,195,-11.0741
2002,7,7,170,-10.4499
2002,7,8,155,-12.8126
2002,7,9,153,-9.7293
2002,7,10,140,-6.4870
2002,8,1,1908,-1.4754
2002,8,2,541,-2.3175
2002,8,3,339,-1.2937
2002,8,4,294,-0.1572
2002,8,5,227,1.1890
2002,8,6,194,-0.1042
2002,8,7,170,0.9585
2002,8,8,155,-0.4214
2002,8,9,153,0.7324
2002,8,10,139,0.0968
2002,9,1,1873,-9.6619
2002,9,2,539,-9.9846
2002,9,3,338,-7.8551
2002,9,4,291,-8.6117
2002,9,5,227,-6.8223
2002,9,6,194,-8.8266
2002,9,7,169,-8.6965
2002,9,8,155,-11.7796
2002,9,9,153,-9.0109
2002,9,10,139,-10.6169
2002,10,1,1857,4.1133
2002,10,2,535,4.7685
2002,10,3,338,2.1711
2002,10,4,291,6.0741
2002,10,5,227,4.2134
2002,10,6,194,5.2869
2002,10,7,169,4.3708
2002,10,8,155,5.3756
2002,10,9,153,7.3939
2002,10,10,138,9.3530
2002,11,1,1821,13.6329
2002,11,2,533,15.6118
2002,11,3,338,10.3467
2002,11,4,291,11.3933
2002,11,5,225,10.0369
2002,11,6,193,8.0862
2002,11,7,168,9.8252
2002,11,8,155,11.4940
2002,11,9,153,6.6530
2002,11,10,138,5.7787
2002,12,1,1794,-5.1968
2002,12,2,532,-7.7673
2002,12,3,337,-6.9325
2002,12,4,290,-6.9653
2002,12,5,225,-7.5269
2002,12,6,193,-5.6557
2002,12,7,168,-5.3137
2002,12,8,155,-6.3067
2002,12,9,153,-3.8494
2002,12,10,137,-6.4303
2003,1,1,1764,1.4588
2003,1,2,530,-2.7488
2003,1,3,336,-4.7442
2003,1,4,289,-2.3153
2003,1,5,225,-3.5626
2003,1,6,193,-3.0289
2003,1,7,168,-2.3394
2003,1,8,155,-3.1982
2003,1,9,152,-1.9900
2003,1,10,137,-3.0940
2003,2,1,1738,-2.2684
2003,2,2,526,-5.2706
2003,2,3,334,-3.3544
2003,2,4,288,-3.1729
2003,2,5,224,-3.6785
2003,2,6,193,-3.3357
2003,2,7,167,-2.0084
2003,2,8,155,-1.0648
2003,2,9,151,-0.8907
2003,2,10,137,-1.2883
2003,3,1,1707,1.1607
2003,3,2,523,0.9798
2003,3,3,334,0.2551
2003,3,4,288,1.5639
2003,3,5,224,2.5266
2003,3,6,193,0.9906
2003,3,7,166,1.1109
2003,3,8,155,0.6883
2003,3,9,151,1.6571
2003,3,10,137,1.5193
2003,4,1,1667,10.5520
2003,4,2,519,10.7430
2003,4,3,332,10.6418
2003,4,4,285,10.2007
2003,4,5,223,9.8522
2003,4,6,193,8.6300
2003,4,7,165,9.6476
2003,4,8,155,8.4240
2003,4,9,150,6.1303
2003,4,10,137,7.0855
2003,5,1,1640,16.9300
2003,5,2,517,16.3581
2003,5,3,332,11.9842
2003,5,4,284,12.5347
2003,5,5,222,10.1486
2003,5,6,192,9.0663
2003,5,7,165,9.9361
2003,5,8,154,11.4429
2003,5,9,150,8.7954
2003,5,10,136,4.3523
2003,6,1,1615,6.3480
2003,6,2,514,6.1588
2003,6,3,331,3.7348
2003,6,4,284,1.7295
2003,6,5,221,2.0607
2003,6,6,192,1.5053
2003,6,7,165,0.9650
2003,6,8,154,0.8765
2003,6,9,150,0.7705
2003,6,10,136,1.7942
2003,7,1,1680,9.9713
2003,7,2,499,8.2804
2003,7,3,284,7.8214
2003,7,4,296,6.7038
2003,7,5,218,5.1353
2003,7,6,199,4.2549
2003,7,7,159,3.6344
2003,7,8,165,3.1853
2003,7,9,152,2.7802
2003,7,10,144,0.7548
2003,8,1,1653,6.1002
2003,8,2,495,4.9740
2003,8,3,284,5.4571
2003,8,4,295,6.2032
2003,8,5,218,6.0934
2003,8,6,198,6.2177
2003,8,7,159,6.1701
2003,8,8,165,5.0842
2003,8,9,152,5.5701
2003,8,10,144,1.9967
2003,9,1,1632,5.8733
2003,9,2,493,0.8258
2003,9,3,281,-3.0382
2003,9,4,294,-2.9171
2003,9,5,217,-4.1987
2003,9,6,197,-1.7183
2003,9,7,157,-1.0940
2003,9,8,164,-1.8504
2003,9,9,152,-2.6451
2003,9,10,144,-1.4995
2003,10,1,1610,10.8429
2003,10,2,492,9.3684
2003,10,3,280,9.7237
2003,10,4,293,9.0015
2003,10,5,217,8.1197
2003,10,6,197,8.7463
2003,10,7,155,8.4536
2003,10,8,164,8.8414
2003,10,9,152,6.9617
2003,10,10,144,4.6739
2003,11,1,1590,5.0540
2003,11,2,490,4.5369
2003,11,3,279,3.1284
2003,11,4,293,2.7145
2003,11,5,215,3.3570
2003,11,6,196,4.0830
2003,11,7,155,3.8467
2003,11,8,164,2.5497
2003,11,9,152,2.6082
2003,11,10,144,0.7357
2003,12,1,1571,2.9722
2003,12,2,487,2.2351
2003,12,3,278,2.6209
2003,12,4,293,2.9754
2003,12,5,214,2.1933
2003,12,6,195,2.1638
2003,12,7,155,2.5078
2003,12,8,164,1.9776
2003,12,9,151,3.5387
2003,12,10,144,5.4540
2004,1,1,1552,9.9150
2004,1,2,485,6.4634
2004,1,3,276,5.5306
2004,1,4,292,3.9634
2004,1,5,212,2.9507
2004,1,6,195,3.6174
2004,1,7,155,2.6247
2004,1,8,164,2.0533
2004,1,9,151,1.9909
2004,1,10,143,1.1166
2004,2,1,1534,0.2960
2004,2,2,482,-0.2908
2004,2,3,276,-0.1665
2004,2,4,292,-0.0161
2004,2,5,212,1.2915
2004,2,6,194,1.6322
2004,2,7,155,2.6160
2004,2,8,163,2.6114
2004,2,9,151,1.5415
2004,2,10,143,0.8471
2004,3,1,1519,-0.5454
2004,3,2,480,-1.0948
2004,3,3,275,0.1427
2004,3,4,291,1.9407
2004,3,5,212,0.9984
2004,3,6,194,1.7580
2004,3,7,155,-0.7577
2004,3,8,163,0.4995
2004,3,9,151,-0.8404
2004,3,10,143,-2.1119
2004,4,1,1504,-4.3857
2004,4,2,477,-6.1587
2004,4,3,275,-3.8549
2004,4,4,291,-4.6506
2004,4,5,212,-3.0065
2004,4,6,193,-2.9045
2004,4,7,154,-3.9713
2004,4,8,163,-2.7770
2004,4,9,151,-1.4058
2004,4,10,143,0.0628
2004,5,1,1486,-0.4021
2004,5,2,476,-0.9793
2004,5,3,274,0.8820
2004,5,4,291,2.4799
2004,5,5,212,0.8524
2004,5,6,193,2.0868
2004,5,7,153,1.3922
2004,5,8,163,2.7550
2004,5,9,150,1.3246
2004,5,10,143,0.8964
2004,6,1,1474,1.9246
2004,6,2,473,4.7545
2004,6,3,273,5.2239
2004,6,4,290,5.7069
2004,6,5,212,3.6210
2004,6,6,191,2.8056
2004,6,7,153,2.9484
2004,6,8,163,3.1670
2004,6,9,150,3.2191
2004,6,10,143,1.7082
2004,7,1,1660,-8.4220
2004,7,2,487,-9.8981
2004,7,3,282,-9.1602
2004,7,4,257,-6.8806
2004,7,5,211,-6.5969
2004,7,6,179,-6.3929
2004,7,7,175,-6.1676
2004,7,8,164,-6.5166
2004,7,9,144,-3.3120
2004,7,10,144,-3.4822
2004,8,1,1646,-2.4884
2004,8,2,480,-1.7038
2004,8,3,281,-1.1556
2004,8,4,257,-2.0513
2004,8,5,210,-2.2740
2004,8,6,179,-1.5334
2004,8,7,175,-1.9426
2004,8,8,164,-1.4348
2004,8,9,144,-0.1651
2004,8,10,144,-0.2959
2004,9,1,1634,3.7381
2004,9,2,477,5.0288
2004,9,3,279,6.0861
2004,9,4,257,6.4246
2004,9,5,207,5.2391
2004,9,6,178,4.0610
2004,9,7,174,3.4265
2004,9,8,163,3.9815
2004,9,9,144,3.8862
2004,9,10,144,0.9592
2004,10,1,1625,0.7718
2004,10,2,476,1.1160
2004,10,3,278,1.9333
2004,10,4,257,2.3851
2004,10,5,208,2.0580
2004,10,6,177,1.9246
2004,10,7,174,2.5941
2004,10,8,163,2.7864
2004,10,9,144,3.7291
2004,10,10,144,1.2089
2004,11,1,1611,8.7068
2004,11,2,473,10.2224
2004,11,3,276,10.5822
2004,11,4,257,7.6519
2004,11,5,207,8.6441
2004,11,6,176,6.4977
2004,11,7,174,6.0580
2004,11,8,163,6.8844
2004,11,9,144,5.9241
2004,11,10,143,3.4007
2004,12,1,1595,7.6742
2004,12,2,470,4.0680
2004,12,3,274,3.5228
2004,12,4,256,3.7370
2004,12,5,207,2.0858
2004,12,6,176,3.9811
2004,12,7,174,4.9792
2004,12,8,163,4.2907
2004,12,9,144,2.8011
2004,12,10,143,3.1680
2005,1,1,1580,-4.3439
2005,1,2,469,-4.8155
2005,1,3,272,-3.7649
2005,1,4,253,-3.6187
2005,1,5,206,-3.6528
2005,1,6,175,-2.9793
2005,1,7,174,-1.7267
2005,1,8,162,-3.5149
2005,1,9,144,-0.4863
2005,1,10,142,-2.8908
2005,2,1,1566,1.4040
2005,2,2,467,0.1943
2005,2,3,272,2.7043
2005,2,4,252,3.8044
2005,2,5,206,1.9233
2005,2,6,175,3.4905
2005,2,7,174,3.1246
2005,2,8,162,2.5444
2005,2,9,143,4.1494
2005,2,10,142,2.5040
2005,3,1,1555,-4.8913
2005,3,2,467,-3.4357
2005,3,3,270,-2.0948
2005,3,4,252,-1.9403
2005,3,5,204,-2.7887
2005,3,6,175,-1.6237
2005,3,7,174,-1.0306
2005,3,8,162,-1.1142
2005,3,9,143,0.3998
2005,3,10,142,-1.3948
2005,4,1,1540,-6.6876
2005,4,2,466,-6.9495
2005,4,3,269,-7.0483
2005,4,4,252,-6.1863
2005,4,5,203,-5.8425
2005,4,6,175,-5.0817
2005,4,7,173,-4.5841
2005,4,8,162,-4.0996
2005,4,9,141,-3.6666
2005,4,10,142,-1.5750
2005,5,1,1524,4.7251
2005,5,2,463,6.8646
2005,5,3,269,7.3449
2005,5,4,249,7.6537
2005,5,5,202,6.7601
2005,5,6,175,6.3144
2005,5,7,171,6.2106
2005,5,8,161,5.6566
2005,5,9,141,3.7931
2005,5,10,142,3.1492
2005,6,1,1510,4.1326
2005,6,2,458,5.4933
2005,6,3,268,3.7165
2005,6,4,247,3.3194
2005,6,5,200,3.7980
2005,6,6,174,1.7006
2005,6,7,170,3.6288
2005,6,8,161,1.1317
2005,6,9,141,2.4329
2005,6,10,142,-1.1270
2005,7,1,1612,8.7016
2005,7,2,560,7.1781
2005,7,3,279,8.0477
2005,7,4,246,6.5867
2005,7,5,184,6.9521
2005,7,6,180,5.1882
2005,7,7,168,6.3376
2005,7,8,157,5.5161
2005,7,9,149,5.1599
2005,7,10,144,4.0443
2005,8,1,1596,-0.4491
2005,8,2,557,-2.1744
2005,8,3,277,-1.0005
2005,8,4,245,-1.0130
2005,8,5,181,-1.5424
2005,8,6,179,-1.5396
2005,8,7,167,-0.5881
2005,8,8,156,-1.0329
2005,8,9,148,-0.9349
2005,8,10,144,-0.6140
2005,9,1,1581,1.6632
2005,9,2,552,0.3091
2005,9,3,276,-0.1571
2005,9,4,243,1.5190
2005,9,5,180,0.3926
2005,9,6,177,0.7219
2005,9,7,166,1.4996
2005,9,8,154,0.9369
2005,9,9,146,1.7475
2005,9,10,142,0.3448
2005,10,1,1567,-4.0197
2005,10,2,551,-3.3256
2005,10,3,275,-3.6871
2005,10,4,243,-3.5119
2005,10,5,179,-4.4170
2005,10,6,176,-4.1631
2005,10,7,166,-4.2139
2005,10,8,153,-2.8582
2005,10,9,146,-3.5529
2005,10,10,142,-2.2240
2005,11,1,1545,3.0878
2005,11,2,546,5.3802
2005,11,3,275,5.8036
2005,11,4,242,4.4580
2005,11,5,177,5.2241
2005,11,6,175,5.9579
2005,11,7,165,3.6802
2005,11,8,153,4.8329
2005,11,9,146,4.3477
2005,11,10,141,3.1862
2005,12,1,1530,1.5944
2005,12,2,545,-0.4621
2005,12,3,270,0.5830
2005,12,4,242,-0.4711
2005,12,5,177,-0.3993
2005,12,6,175,1.1216
2005,12,7,164,1.6687
2005,12,8,153,0.5426
2005,12,9,146,1.2728
2005,12,10,140,-0.5606
2006,1,1,1513,9.9717
2006,1,2,543,10.9203
2006,1,3,268,10.7959
2006,1,4,241,8.5000
2006,1,5,176,8.9232
2006,1,6,174,7.2051
2006,1,7,163,5.9175
2006,1,8,153,3.9628
2006,1,9,145,5.4252
2006,1,10,140,2.3199
2006,2,1,1494,1.2239
2006,2,2,543,-0.6338
2006,2,3,268,-0.4725
2006,2,4,239,-0.5471
2006,2,5,175,-1.6065
2006,2,6,173,-1.0092
2006,2,7,161,-0.7833
2006,2,8,152,0.5244
2006,2,9,144,-1.1948
2006,2,10,140,-0.1213
2006,3,1,1480,5.7103
2006,3,2,540,5.4002
2006,3,3,266,4.7001
2006,3,4,238,5.6451
2006,3,5,174,3.9325
2006,3,6,172,3.7905
2006,3,7,160,2.9806
2006,3,8,150,1.9209
2006,3,9,144,2.0978
2006,3,10,140,1.4671
2006,4,1,1469,-0.1283
2006,4,2,540,0.0843
2006,4,3,265,0.8065
2006,4,4,238,0.9995
2006,4,5,173,1.2572
2006,4,6,170,0.1164
2006,4,7,158,1.8653
2006,4,8,149,1.1145
2006,4,9,144,1.1218
2006,4,10,140,0.4410
2006,5,1,1457,-7.5261
2006,5,2,536,-6.7861
2006,5,3,263,-6.0973
2006,5,4,238,-5.6717
2006,5,5,173,-6.0700
2006,5,6,169,-4.3990
2006,5,7,158,-4.3130
2006,5,8,148,-4.0221
2006,5,9,143,-2.9724
2006,5,10,138,-2.0466
2006,6,1,1449,-1.9239
2006,6,2,530,-1.1541
2006,6,3,260,-0.4077
2006,6,4,238,0.5338
2006,6,5,170,-0.0396
2006,6,6,169,-1.4826
2006,6,7,158,-0.9082
2006,6,8,146,-0.6832
2006,6,9,143,0.7245
2006,6,10,137,0.4055
2006,7,1,1585,-4.3913
2006,7,2,510,-4.7834
2006,7,3,295,-4.1674
2006,7,4,229,-4.2903
2006,7,5,206,-3.2982
2006,7,6,170,-4.7575
2006,7,7,159,-3.4189
2006,7,8,153,-3.7785
2006,7,9,149,-1.7349
2006,7,10,141,0.6946
2006,8,1,1577,2.0097
2006,8,2,507,3.4882
2006,8,3,293,4.0880
2006,8,4,225,2.4204
2006,8,5,203,3.0550
2006,8,6,170,2.3246
2006,8,7,158,2.4121
2006,8,8,153,1.6441
2006,8,9,149,3.5387
2006,8,10,141,2.6243
2006,9,1,1567,0.3422
2006,9,2,504,0.8467
2006,9,3,291,0.8926
2006,9,4,225,1.0489
2006,9,5,203,0.4299
2006,9,6,170,1.2434
2006,9,7,158,1.3218
2006,9,8,151,1.8442
2006,9,9,149,1.6286
2006,9,10,140,2.2018
2006,10,1,1553,5.5775
2006,10,2,503,7.2661
2006,10,3,291,6.1844
2006,10,4,224,5.3120
2006,10,5,202,5.5313
2006,10,6,169,5.0622
2006,10,7,158,4.1302
2006,10,8,151,4.3882
2006,10,9,149,3.8267
2006,10,10,140,3.6709
2006,11,1,1539,2.7590
2006,11,2,501,2.7362
2006,11,3,289,2.4303
2006,11,4,222,2.3922
2006,11,5,202,3.8306
2006,11,6,167,3.9225
2006,11,7,157,3.6556
2006,11,8,151,3.5253
2006,11,9,149,3.6166
2006,11,10,140,1.8250
2006,12,1,1527,2.6141
2006,12,2,500,1.1041
2006,12,3,286,-0.0727
2006,12,4,220,0.3802
2006,12,5,201,-0.5002
2006,12,6,167,-0.1751
2006,12,7,157,0.3416
2006,12,8,150,-0.4770
2006,12,9,148,-0.2579
2006,12,10,139,0.9151
2007,1,1,1511,2.0350
2007,1,2,495,1.5711
2007,1,3,286,2.2076
2007,1,4,219,1.7572
2007,1,5,199,2.3158
2007,1,6,166,3.6704
2007,1,7,156,3.7804
2007,1,8,150,3.1144
2007,1,9,146,3.0088
2007,1,10,139,1.7387
2007,2,1,1493,0.3790
2007,2,2,488,-0.3902
2007,2,3,283,0.5009
2007,2,4,216,-0.5061
2007,2,5,196,0.6247
2007,2,6,166,0.2470
2007,2,7,153,1.5843
2007,2,8,150,-0.0562
2007,2,9,146,0.4990
2007,2,10,138,-2.4941
2007,3,1,1483,0.5077
2007,3,2,485,1.5931
2007,3,3,282,1.0711
2007,3,4,211,0.2805
2007,3,5,195,2.9427
2007,3,6,166,2.1123
2007,3,7,152,2.1557
2007,3,8,150,1.5143
2007,3,9,146,0.7416
2007,3,10,138,1.7424
2007,4,1,1469,2.6257
2007,4,2,483,2.4435
2007,4,3,280,2.0671
2007,4,4,210,2.7514
2007,4,5,195,3.2702
2007,4,6,166,3.8010
2007,4,7,152,4.4048
2007,4,8,150,5.0899
2007,4,9,145,3.3946
2007,4,10,136,4.4117
2007,5,1,1448,2.3235
2007,5,2,479,3.0421
2007,5,3,279,3.8929
2007,5,4,209,3.5036
2007,5,5,194,5.1381
2007,5,6,164,6.1334
2007,5,7,151,3.9248
2007,5,8,150,4.6930
2007,5,9,145,3.2519
2007,5,10,136,3.7124
2007,6,1,1433,-0.4802
2007,6,2,476,0.3390
2007,6,3,277,0.0009
2007,6,4,207,-1.4453
2007,6,5,192,-1.2082
2007,6,6,162,-0.4422
2007,6,7,151,-1.5355
2007,6,8,150,-1.4601
2007,6,9,144,-1.1752
2007,6,10,136,-0.9736
2007,7,1,1586,-4.9141
2007,7,2,464,-6.7451
2007,7,3,313,-5.6073
2007,7,4,214,-6.0934
2007,7,5,204,-3.8937
2007,7,6,166,-3.9972
2007,7,7,149,-4.3998
2007,7,8,150,-3.3575
2007,7,9,144,-1.9113
2007,7,10,137,-1.3425
2007,8,1,1575,-2.9738
2007,8,2,462,1.2817
2007,8,3,312,1.0001
2007,8,4,210,0.6029
2007,8,5,204,1.3463
2007,8,6,164,-0.9498
2007,8,7,147,0.1762
2007,8,8,149,0.2015
2007,8,9,144,0.2665
2007,8,10,137,2.0582
2007,9,1,1560,2.4164
2007,9,2,458,0.7514
2007,9,3,307,1.6233
2007,9,4,209,1.4317
2007,9,5,202,2.3375
2007,9,6,161,2.4443
2007,9,7,147,2.5009
2007,9,8,147,2.9163
2007,9,9,144,3.6667
2007,9,10,137,4.5877
2007,10,1,1548,2.0701
2007,10,2,453,3.1177
2007,10,3,305,2.5000
2007,10,4,209,4.2016
2007,10,5,201,3.1897
2007,10,6,160,2.8340
2007,10,7,147,3.4528
2007,10,8,147,3.7204
2007,10,9,143,2.2439
2007,10,10,136,2.9452
2007,11,1,1535,-9.5090
2007,11,2,448,-9.4307
2007,11,3,301,-7.5711
2007,11,4,208,-7.5006
2007,11,5,199,-5.7553
2007,11,6,158,-6.6184
2007,11,7,146,-5.6128
2007,11,8,144,-4.5146
2007,11,9,141,-3.6654
2007,11,10,135,-3.1577
2007,12,1,1515,0.4327
2007,12,2,444,-0.3047
2007,12,3,299,-0.9707
2007,12,4,208,2.2673
2007,12,5,194,-0.5605
2007,12,6,156,-1.9224
2007,12,7,144,-0.3349
2007,12,8,143,0.2798
2007,12,9,141,0.8511
2007,12,10,134,0.2551
2008,1,1,1501,-8.5527
2008,1,2,439,-10.7391
2008,1,3,296,-8.9835
2008,1,4,208,-8.5152
2008,1,5,193,-6.6131
2008,1,6,156,-7.0148
2008,1,7,140,-5.9060
2008,1,8,143,-7.3035
2008,1,9,140,-6.9695
2008,1,10,134,-7.0402
2008,2,1,1488,-3.2710
2008,2,2,438,-4.2398
2008,2,3,296,-0.9675
2008,2,4,207,-2.5072
2008,2,5,191,-2.3946
2008,2,6,156,-1.0630
2008,2,7,140,-0.7499
2008,2,8,143,-0.8590
2008,2,9,139,-0.8045
2008,2,10,134,-1.1513
2008,3,1,1479,-3.5288
2008,3,2,436,-1.2848
2008,3,3,296,0.9106
2008,3,4,206,0.9186
2008,3,5,190,-0.6747
2008,3,6,155,-1.7651
2008,3,7,140,-2.5606
2008,3,8,143,-0.6982
2008,3,9,139,-1.5053
2008,3,10,134,0.7384
2008,4,1,1463,1.8822
2008,4,2,435,2.9189
2008,4,3,295,2.2563
2008,4,4,204,4.2433
2008,4,5,190,6.3122
2008,4,6,154,10.2920
2008,4,7,140,6.3474
2008,4,8,143,6.3445
2008,4,9,139,6.3313
2008,4,10,134,3.6893
2008,5,1,1442,5.1911
2008,5,2,434,4.8829
2008,5,3,294,5.6620
2008,5,4,204,6.9216
2008,5,5,189,6.3766
2008,5,6,154,5.4095
2008,5,7,140,5.9341
2008,5,8,141,4.4631
2008,5,9,139,4.3798
2008,5,10,134,2.2625
2008,6,1,1421,-5.0512
2008,6,2,431,-8.3125
2008,6,3,292,-7.2817
2008,6,4,202,-5.8563
2008,6,5,188,-4.8924
2008,6,6,154,-6.7906
2008,6,7,139,-5.6963
2008,6,8,141,-7.7287
2008,6,9,139,-5.0700
2008,6,10,134,-6.7129
2008,7,1,1489,1.3962
2008,7,2,457,5.0114
2008,7,3,322,3.4526
2008,7,4,243,2.7328
2008,7,5,192,0.4093
2008,7,6,183,0.0790
2008,7,7,143,-2.4534
2008,7,8,150,-3.5946
2008,7,9,140,-2.6495
2008,7,10,134,-2.2041
2008,8,1,1476,2.1929
2008,8,2,455,2.8968
2008,8,3,321,4.8186
2008,8,4,242,5.1060
2008,8,5,190,3.5414
2008,8,6,182,2.8787
2008,8,7,143,1.7173
2008,8,8,149,2.1189
2008,8,9,139,0.8431
2008,8,10,134,1.7450
2008,9,1,1458,-12.2374
2008,9,2,452,-9.7116
2008,9,3,320,-9.4327
2008,9,4,239,-9.1047
2008,9,5,189,-11.7880
2008,9,6,181,-11.8418
2008,9,7,143,-13.0951
2008,9,8,149,-13.7469
2008,9,9,138,-13.1055
2008,9,10,134,-8.4577
2008,10,1,1437,-22.9940
2008,10,2,450,-21.4649
2008,10,3,320,-23.2544
2008,10,4,239,-21.4756
2008,10,5,189,-21.3517
2008,10,6,180,-20.4781
2008,10,7,142,-23.0765
2008,10,8,149,-21.1134
2008,10,9,138,-21.4810
2008,10,10,134,-13.5802
2008,11,1,1421,-16.4305
2008,11,2,447,-12.2696
2008,11,3,317,-13.0329
2008,11,4,238,-11.2542
2008,11,5,187,-12.4098
2008,11,6,180,-10.1191
2008,11,7,141,-9.4120
2008,11,8,149,-7.7893
2008,11,9,137,-10.5087
2008,11,10,134,-4.4376
2008,12,1,1404,4.5101
2008,12,2,444,4.9633
2008,12,3,315,6.4837
2008,12,4,237,5.3507
2008,12,5,187,5.3694
2008,12,6,179,3.9363
2008,12,7,140,4.5429
2008,12,8,148,4.6308
2008,12,9,137,2.9575
2008,12,10,133,0.7839
2009,1,1,1385,-4.8920
2009,1,2,442,-10.6789
2009,1,3,315,-8.1793
2009,1,4,235,-8.2327
2009,1,5,185,-9.6535
2009,1,6,179,-4.7371
2009,1,7,140,-3.4706
2009,1,8,146,-5.6299
2009,1,9,137,-4.5261
2009,1,10,133,-6.0817
2009,2,1,1371,-12.2068
2009,2,2,441,-11.8127
2009,2,3,314,-12.2533
2009,2,4,233,-10.8958
2009,2,5,185,-9.9573
2009,2,6,179,-9.9727
2009,2,7,140,-9.3792
2009,2,8,146,-8.3601
2009,2,9,137,-9.0238
2009,2,10,133,-9.2397
2009,3,1,1352,8.6039
2009,3,2,439,10.1165
2009,3,3,313,9.6369
2009,3,4,231,9.6083
2009,3,5,185,9.4191
2009,3,6,179,8.9605
2009,3,7,139,9.4213
2009,3,8,146,7.4630
2009,3,9,137,9.2110
2009,3,10,133,7.7886
2009,4,1,1332,16.4946
2009,4,2,436,20.3649
2009,4,3,311,16.5887
2009,4,4,231,18.0549
2009,4,5,183,19.2274
2009,4,6,179,15.1257
2009,4,7,139,13.3521
2009,4,8,146,13.9363
2009,4,9,137,14.7420
2009,4,10,132,5.9524
2009,5,1,1307,9.2134
2009,5,2,434,2.8704
2009,5,3,310,3.5331
2009,5,4,231,3.9851
2009,5,5,183,1.5407
2009,5,6,179,2.4220
2009,5,7,139,4.1548
2009,5,8,146,3.7983
2009,5,9,136,4.8069
2009,5,10,132,4.5661
2009,6,1,1288,7.4686
2009,6,2,431,4.9022
2009,6,3,310,3.6342
2009,6,4,231,2.2059
2009,6,5,183,2.7181
2009,6,6,179,0.1148
2009,6,7,139,1.1452
2009,6,8,146,0.0153
2009,6,9,136,0.3695
2009,6,10,132,0.5399
2009,7,1,1232,12.0368
2009,7,2,438,10.2343
2009,7,3,323,9.2988
2009,7,4,237,9.6354
2009,7,5,187,11.0708
2009,7,6,169,9.9551
2009,7,7,155,8.5675
2009,7,8,138,9.2727
2009,7,9,142,8.0002
2009,7,10,134,6.8439
2009,8,1,1219,8.1504
2009,8,2,435,4.4229
2009,8,3,323,1.5145
2009,8,4,235,2.9494
2009,8,5,187,3.9626
2009,8,6,169,2.6950
2009,8,7,154,3.9417
2009,8,8,138,3.2161
2009,8,9,141,2.7893
2009,8,10,134,1.6093
2009,9,1,1207,8.5498
2009,9,2,435,8.3100
2009,9,3,321,9.5009
2009,9,4,235,6.6137
2009,9,5,185,6.0141
2009,9,6,169,8.0881
2009,9,7,154,7.0887
2009,9,8,138,6.6668
2009,9,9,141,5.9842
2009,9,10,134,3.4651
2009,10,1,1198,-7.9235
2009,10,2,435,-8.7051
2009,10,3,321,-8.3898
2009,10,4,233,-6.3405
2009,10,5,184,-6.1667
2009,10,6,169,-5.4545
2009,10,7,154,-4.3668
2009,10,8,137,-3.9138
2009,10,9,141,-3.2859
2009,10,10,134,-0.3954
2009,11,1,1185,2.2342
2009,11,2,431,1.7481
2009,11,3,319,3.2438
2009,11,4,231,2.7214
2009,11,5,183,3.8705
2009,11,6,167,4.1447
2009,11,7,154,5.1559
2009,11,8,137,4.8185
2009,11,9,141,4.4966
2009,11,10,133,6.5383
2009,12,1,1166,7.9521
2009,12,2,426,10.3652
2009,12,3,319,9.4320
2009,12,4,229,8.9942
2009,12,5,183,7.5521
2009,12,6,166,7.9543
2009,12,7,154,5.7333
2009,12,8,137,7.0349
2009,12,9,141,4.9081
2009,12,10,131,1.4631
2010,1,1,1149,-2.1076
2010,1,2,426,-5.0117
2010,1,3,317,-3.9217
2010,1,4,228,-2.6836
2010,1,5,182,-3.9889
2010,1,6,165,-4.5530
2010,1,7,154,-4.0164
2010,1,8,137,-4.5482
2010,1,9,140,-3.5677
2010,1,10,131,-3.9216
2010,2,1,1142,4.6866
2010,2,2,423,6.2174
2010,2,3,316,4.1587
2010,2,4,227,3.9914
2010,2,5,181,6.6368
2010,2,6,164,5.1729
2010,2,7,154,5.2859
2010,2,8,137,5.6431
2010,2,9,138,4.3885
2010,2,10,131,2.5833
2010,3,1,1124,7.6960
2010,3,2,422,8.3948
2010,3,3,315,8.2754
2010,3,4,227,8.2990
2010,3,5,181,7.2848
2010,3,6,164,8.6969
2010,3,7,154,7.3057
2010,3,8,136,7.6178
2010,3,9,138,5.5022
2010,3,10,130,5.0579
2010,4,1,1109,10.4506
2010,4,2,422,7.9781
2010,4,3,315,5.7206
2010,4,4,226,4.9638
2010,4,5,180,6.5086
2010,4,6,162,2.9554
2010,4,7,154,4.9439
2010,4,8,135,3.5306
2010,4,9,137,2.9663
2010,4,10,130,0.8187
2010,5,1,1098,-9.2956
2010,5,2,418,-8.7356
2010,5,3,313,-7.5163
2010,5,4,226,-7.3151
2010,5,5,180,-7.6723
2010,5,6,161,-7.5121
2010,5,7,153,-7.2586
2010,5,8,134,-6.5902
2010,5,9,137,-7.4951
2010,5,10,130,-7.7280
2010,6,1,1089,-9.9818
2010,6,2,418,-7.7735
2010,6,3,312,-7.9422
2010,6,4,226,-7.8361
2010,6,5,178,-7.9383
2010,6,6,161,-6.5915
2010,6,7,153,-6.8842
2010,6,8,134,-6.4316
2010,6,9,137,-4.8081
2010,6,10,130,-4.4810
2010,7,1,1211,6.2178
2010,7,2,409,7.1940
2010,7,3,284,7.3758
2010,7,4,242,7.1849
2010,7,5,181,7.5088
2010,7,6,173,6.6540
2010,7,7,140,6.9648
2010,7,8,157,7.6577
2010,7,9,145,7.0082
2010,7,10,133,6.7762
2010,8,1,1203,-8.6687
2010,8,2,404,-9.2831
2010,8,3,281,-7.8642
2010,8,4,240,-6.3141
2010,8,5,179,-7.0882
2010,8,6,172,-5.2812
2010,8,7,139,-4.4888
2010,8,8,155,-3.5966
2010,8,9,145,-4.2612
2010,8,10,133,-3.4382
2010,9,1,1198,12.3206
2010,9,2,401,12.3645
2010,9,3,280,13.5497
2010,9,4,234,13.8502
2010,9,5,179,13.6493
2010,9,6,172,13.2003
2010,9,7,139,10.6541
2010,9,8,155,11.2923
2010,9,9,144,10.3975
2010,9,10,133,9.0277
2010,10,1,1188,5.3391
2010,10,2,397,6.6688
2010,10,3,278,4.3613
2010,10,4,234,3.8215
2010,10,5,179,4.2218
2010,10,6,172,4.6650
2010,10,7,139,2.7352
2010,10,8,154,4.5776
2010,10,9,144,3.6019
2010,10,10,133,4.2875
2010,11,1,1178,2.9701
2010,11,2,393,4.6482
2010,11,3,278,3.9169
2010,11,4,233,4.1946
2010,11,5,179,4.4370
2010,11,6,170,4.6186
2010,11,7,136,2.4001
2010,11,8,154,3.1627
2010,11,9,144,1.8740
2010,11,10,133,-0.6211
2010,12,1,1164,9.0690
2010,12,2,389,8.5182
2010,12,3,276,8.3777
2010,12,4,232,6.6047
2010,12,5,177,7.2776
2010,12,6,168,7.0362
2010,12,7,136,7.7429
2010,12,8,153,5.5822
2010,12,9,144,6.0081
2010,12,10,133,5.7913
2011,1,1,1144,-0.0213
2011,1,2,385,-2.4841
2011,1,3,275,0.5007
2011,1,4,229,1.2938
2011,1,5,175,0.9363
2011,1,6,168,2.3755
2011,1,7,136,2.8716
2011,1,8,153,2.6400
2011,1,9,144,1.3741
2011,1,10,133,2.2555
2011,2,1,1132,4.7038
2011,2,2,384,4.9572
2011,2,3,274,6.3901
2011,2,4,229,5.6537
2011,2,5,174,5.5506
2011,2,6,166,5.8402
2011,2,7,136,3.6949
2011,2,8,153,4.3112
2011,2,9,144,3.8563
2011,2,10,133,3.3278
2011,3,1,1122,1.4160
2011,3,2,380,3.3239
2011,3,3,274,3.5578
2011,3,4,228,3.0631
2011,3,5,174,2.5690
2011,3,6,165,3.1869
2011,3,7,136,2.6305
2011,3,8,152,2.5056
2011,3,9,144,1.8402
2011,3,10,133,-0.0697
2011,4,1,1110,0.6626
2011,4,2,376,2.0168
2011,4,3,274,1.5007
2011,4,4,227,2.8736
2011,4,5,174,3.3488
2011,4,6,164,3.9866
2011,4,7,134,3.3940
2011,4,8,151,2.9484
2011,4,9,144,3.3781
2011,4,10,133,3.4940
2011,5,1,1093,-2.5687
2011,5,2,371,-2.2161
2011,5,3,273,-2.7404
2011,5,4,227,-1.1203
2011,5,5,174,-1.9978
2011,5,6,163,-0.9311
2011,5,7,134,-1.5178
2011,5,8,151,0.1039
2011,5,9,143,-0.3362
2011,5,10,133,-1.1529
2011,6,1,1086,-2.6510
2011,6,2,367,-3.4226
2011,6,3,270,-2.0638
2011,6,4,227,-0.3668
2011,6,5,172,-1.7443
2011,6,6,162,-1.5997
2011,6,7,133,-1.5599
2011,6,8,151,-2.0932
2011,6,9,143,-1.3424
2011,6,10,133,-1.5047
2011,7,1,1196,-2.9186
2011,7,2,320,-2.8193
2011,7,3,291,-4.1191
2011,7,4,213,-4.3135
2011,7,5,195,-5.2735
2011,7,6,147,-3.7777
2011,7,7,149,-3.4807
2011,7,8,157,-3.0730
2011,7,9,149,-3.7270
2011,7,10,132,-1.0597
2011,8,1,1189,-11.6065
2011,8,2,318,-11.4922
2011,8,3,291,-10.0924
2011,8,4,211,-9.3869
2011,8,5,193,-7.9534
2011,8,6,147,-8.5590
2011,8,7,148,-7.4441
2011,8,8,156,-6.4659
2011,8,9,149,-5.5674
2011,8,10,132,-4.2482
2011,9,1,1184,-12.0327
2011,9,2,316,-11.6901
2011,9,3,289,-11.5611
2011,9,4,210,-11.0767
2011,9,5,193,-11.4150
2011,9,6,147,-11.4029
2011,9,7,148,-10.5518
2011,9,8,155,-9.6557
2011,9,9,149,-8.2799
2011,9,10,132,-5.2662
2011,10,1,1179,11.2962
2011,10,2,314,15.5555
2011,10,3,288,15.7291
2011,10,4,210,15.0859
2011,10,5,191,15.7971
2011,10,6,147,15.5043
2011,10,7,147,14.5154
2011,10,8,152,13.2681
2011,10,9,149,11.7778
2011,10,10,132,9.6560
2011,11,1,1171,-2.1583
2011,11,2,312,-1.9488
2011,11,3,287,-0.2049
2011,11,4,210,0.2389
2011,11,5,190,-1.8426
2011,11,6,146,0.5835
2011,11,7,147,0.5542
2011,11,8,151,-0.3697
2011,11,9,149,-0.6622
2011,11,10,132,0.6129
2011,12,1,1154,1.1356
2011,12,2,310,0.9190
2011,12,3,286,-0.3453
2011,12,4,209,-0.3184
2011,12,5,190,-0.0376
2011,12,6,146,-0.6413
2011,12,7,144,-0.6639
2011,12,8,151,-0.3901
2011,12,9,149,-1.0933
2011,12,10,132,1.2862
2012,1,1,1145,9.7669
2012,1,2,308,8.6249
2012,1,3,284,7.5168
2012,1,4,209,6.8329
2012,1,5,190,6.7547
2012,1,6,144,6.2726
2012,1,7,142,6.1164
2012,1,8,151,5.9067
2012,1,9,149,5.8066
2012,1,10,132,3.7363
2012,2,1,1134,2.7232
2012,2,2,308,1.2723
2012,2,3,283,4.0322
2012,2,4,205,3.4635
2012,2,5,190,3.0547
2012,2,6,144,4.2304
2012,2,7,141,4.8240
2012,2,8,151,4.6669
2012,2,9,149,3.9565
2012,2,10,131,4.0485
2012,3,1,1122,4.2353
2012,3,2,307,2.5669
2012,3,3,282,2.1643
2012,3,4,205,2.3654
2012,3,5,190,2.1864
2012,3,6,141,0.0265
2012,3,7,140,1.4170
2012,3,8,151,1.2198
2012,3,9,149,2.2477
2012,3,10,131,2.8315
2012,4,1,1113,-1.6481
2012,4,2,304,-2.7976
2012,4,3,282,-1.8072
2012,4,4,205,-0.8098
2012,4,5,190,-0.4871
2012,4,6,141,-1.4416
2012,4,7,140,-0.5194
2012,4,8,149,-0.3596
2012,4,9,149,-0.4916
2012,4,10,131,-0.4446
2012,5,1,1101,-6.6228
2012,5,2,304,-8.7745
2012,5,3,282,-7.0944
2012,5,4,204,-5.7813
2012,5,5,189,-7.0039
2012,5,6,141,-7.6493
2012,5,7,139,-7.4680
2012,5,8,149,-7.5145
2012,5,9,149,-6.5408
2012,5,10,130,-4.7990
2012,6,1,1092,6.8106
2012,6,2,303,6.1074
2012,6,3,282,6.2367
2012,6,4,203,4.2124
2012,6,5,189,3.9098
2012,6,6,140,3.2603
2012,6,7,139,1.7810
2012,6,8,147,2.3043
2012,6,9,148,2.9770
2012,6,10,130,4.0879
2012,7,1,1110,-2.4786
2012,7,2,336,-2.6895
2012,7,3,237,-1.8600
2012,7,4,269,-1.5687
2012,7,5,171,-2.4736
2012,7,6,162,-0.1177
2012,7,7,151,-0.4012
2012,7,8,154,-0.9016
2012,7,9,150,1.1612
2012,7,10,139,1.8418
2012,8,1,1098,2.1345
2012,8,2,333,3.1189
2012,8,3,236,3.8148
2012,8,4,268,2.0869
2012,8,5,171,5.0400
2012,8,6,161,3.6088
2012,8,7,150,4.8512
2012,8,8,154,3.8584
2012,8,9,149,2.5320
2012,8,10,138,1.7753
2012,9,1,1086,4.7418
2012,9,2,332,4.3152
2012,9,3,235,5.0348
2012,9,4,266,3.3411
2012,9,5,171,1.7521
2012,9,6,160,3.4247
2012,9,7,148,1.9115
2012,9,8,154,2.4736
2012,9,9,149,2.0260
2012,9,10,138,2.6246
2012,10,1,1072,-3.7914
2012,10,2,332,-4.5675
2012,10,3,234,-2.9150
2012,10,4,266,-2.7515
2012,10,5,171,-0.1806
2012,10,6,159,-1.9277
2012,10,7,148,-0.8794
2012,10,8,154,-0.0819
2012,10,9,149,-2.0393
2012,10,10,138,-2.7256
2012,11,1,1064,-0.3248
2012,11,2,331,2.0551
2012,11,3,232,1.4570
2012,11,4,262,0.0181
2012,11,5,170,2.3733
2012,11,6,159,2.7804
2012,11,7,147,3.0108
2012,11,8,152,1.4857
2012,11,9,149,1.5232
2012,11,10,138,0.7046
2012,12,1,1051,1.5677
2012,12,2,330,4.8406
2012,12,3,231,3.5008
2012,12,4,262,3.3320
2012,12,5,170,3.1764
2012,12,6,158,2.7645
2012,12,7,147,2.2506
2012,12,8,152,3.0514
2012,12,9,149,2.1551
2012,12,10,138,-0.3947
2013,1,1,1039,7.1503
2013,1,2,327,5.3213
2013,1,3,228,6.8281
2013,1,4,258,6.5559
2013,1,5,170,6.2113
2013,1,6,157,6.3072
2013,1,7,147,8.2154
2013,1,8,152,6.9106
2013,1,9,148,6.3641
2013,1,10,138,4.7616
2013,2,1,1034,0.3538
2013,2,2,325,1.1613
2013,2,3,228,0.8819
2013,2,4,258,0.8355
2013,2,5,169,1.3787
2013,2,6,156,1.0390
2013,2,7,145,1.2943
2013,2,8,152,0.7103
2013,2,9,148,1.7820
2013,2,10,138,1.3548
2013,3,1,1029,6.2695
2013,3,2,323,5.6002
2013,3,3,228,4.4856
2013,3,4,256,4.7201
2013,3,5,166,4.6848
2013,3,6,156,4.9274
2013,3,7,145,4.8124
2013,3,8,152,3.9786
2013,3,9,148,4.0983
2013,3,10,138,3.5564
2013,4,1,1018,0.8456
2013,4,2,320,-0.3832
2013,4,3,228,-1.3472
2013,4,4,256,-0.6029
2013,4,5,166,-1.0991
2013,4,6,156,-1.1409
2013,4,7,145,0.9833
2013,4,8,152,1.2802
2013,4,9,148,1.7080
2013,4,10,138,1.8842
2013,5,1,1009,4.7189
2013,5,2,317,6.2428
2013,5,3,227,6.5324
2013,5,4,255,4.6381
2013,5,5,165,5.2172
2013,5,6,156,3.8579
2013,5,7,145,5.3569
2013,5,8,152,2.0910
2013,5,9,148,1.5922
2013,5,10,138,1.4276
2013,6,1,999,1.2273
2013,6,2,317,-0.4219
2013,6,3,227,1.4025
2013,6,4,255,-0.9295
2013,6,5,164,-0.6797
2013,6,6,156,-1.3379
2013,6,7,145,-1.8841
2013,6,8,150,-2.1312
2013,6,9,148,-0.9506
2013,6,10,138,-1.4611
2013,7,1,1056,7.9067
2013,7,2,317,7.6507
2013,7,3,259,7.7269
2013,7,4,232,5.9350
2013,7,5,185,7.2094
2013,7,6,159,7.3155
2013,7,7,149,6.6727
2013,7,8,148,6.8330
2013,7,9,155,5.3809
2013,7,10,136,5.0258
2013,8,1,1050,-2.7533
2013,8,2,317,-2.4321
2013,8,3,257,-2.7209
2013,8,4,232,-1.4858
2013,8,5,184,-3.1872
2013,8,6,158,-2.4531
2013,8,7,147,-2.5674
2013,8,8,148,-1.9101
2013,8,9,155,-2.4345
2013,8,10,135,-2.4103
2013,9,1,1041,6.7828
2013,9,2,313,8.0984
2013,9,3,257,6.6254
2013,9,4,231,6.2477
2013,9,5,184,5.8180
2013,9,6,158,6.4217
2013,9,7,147,5.7290
2013,9,8,148,5.2592
2013,9,9,155,4.1749
2013,9,10,135,3.0136
2013,10,1,1035,1.9499
2013,10,2,309,1.4415
2013,10,3,256,3.1218
2013,10,4,230,0.6126
2013,10,5,184,3.9408
2013,10,6,158,4.0204
2013,10,7,146,3.4006
2013,10,8,147,2.7464
2013,10,9,155,3.0784
2013,10,10,135,5.1968
2013,11,1,1029,5.3037
2013,11,2,306,5.4308
2013,11,3,252,3.4087
2013,11,4,228,3.7349
2013,11,5,183,3.0209
2013,11,6,158,2.8347
2013,11,7,146,1.6042
2013,11,8,146,1.3049
2013,11,9,154,1.6630
2013,11,10,134,2.8415
2013,12,1,1014,3.1796
2013,12,2,304,2.0285
2013,12,3,250,2.5375
2013,12,4,227,1.9467
2013,12,5,182,2.8214
2013,12,6,158,3.4815
2013,12,7,146,3.2092
2013,12,8,146,3.4628
2013,12,9,154,3.1157
2013,12,10,134,2.4149
2014,1,1,1010,1.0468
2014,1,2,303,-2.0070
2014,1,3,249,-1.7639
2014,1,4,225,-2.8840
2014,1,5,180,-2.2309
2014,1,6,156,-1.9916
2014,1,7,146,-2.6705
2014,1,8,145,-2.2343
2014,1,9,153,-2.1749
2014,1,10,134,-3.7605
2014,2,1,1005,4.7729
2014,2,2,303,5.4733
2014,2,3,248,5.3393
2014,2,4,224,5.0480
2014,2,5,178,5.3061
2014,2,6,155,5.9363
2014,2,7,145,5.3346
2014,2,8,145,6.3982
2014,2,9,153,6.0443
2014,2,10,133,4.3734
2014,3,1,992,-1.5205
2014,3,2,300,-0.6825
2014,3,3,245,-0.5359
2014,3,4,224,-1.1614
2014,3,5,178,-1.1895
2014,3,6,155,-1.5139
2014,3,7,145,-0.7387
2014,3,8,145,-0.2771
2014,3,9,152,-0.7384
2014,3,10,133,0.6921
2014,4,1,988,-6.9226
2014,4,2,298,-5.9952
2014,4,3,244,-4.1686
2014,4,4,224,-3.5013
2014,4,5,178,-3.0148
2014,4,6,155,-2.4028
2014,4,7,144,-0.7202
2014,4,8,145,-1.4757
2014,4,9,152,-0.0066
2014,4,10,133,1.7780
2014,5,1,981,-1.1956
2014,5,2,296,-1.0116
2014,5,3,243,-0.5999
2014,5,4,223,0.8907
2014,5,5,178,1.4427
2014,5,6,155,1.1764
2014,5,7,144,1.2530
2014,5,8,145,2.9898
2014,5,9,152,2.5093
2014,5,10,133,2.1564
2014,6,1,974,5.2759
2014,6,2,296,7.3794
2014,6,3,241,6.4259
2014,6,4,223,6.3581
2014,6,5,178,4.7287
2014,6,6,155,5.4304
2014,6,7,143,5.4164
2014,6,8,145,3.4728
2014,6,9,151,2.8954
2014,6,10,133,1.5354
2014,7,1,1089,-7.2109
2014,7,2,304,-7.9725
2014,7,3,298,-7.1197
2014,7,4,233,-5.0267
2014,7,5,174,-6.1666
2014,7,6,169,-5.3721
2014,7,7,167,-4.6906
2014,7,8,140,-2.5909
2014,7,9,156,-2.1838
2014,7,10,145,-1.0077
2014,8,1,1084,3.6087
2014,8,2,303,4.1387
2014,8,3,296,5.4294
2014,8,4,232,5.3794
2014,8,5,171,4.7809
2014,8,6,169,5.7367
2014,8,7,167,5.6279
2014,8,8,140,5.2100
2014,8,9,156,4.8382
2014,8,10,144,3.8912
2014,9,1,1077,-5.3976
2014,9,2,303,-8.0268
2014,9,3,296,-5.2042
2014,9,4,231,-5.2970
2014,9,5,170,-5.4426
2014,9,6,168,-5.7124
2014,9,7,166,-4.5725
2014,9,8,139,-3.7269
2014,9,9,156,-2.2042
2014,9,10,144,-1.2519
2014,10,1,1071,3.2716
2014,10,2,302,6.1513
2014,10,3,295,6.7135
2014,10,4,231,5.4068
2014,10,5,170,3.9255
2014,10,6,168,3.6121
2014,10,7,164,0.6852
2014,10,8,139,3.2661
2014,10,9,156,3.0088
2014,10,10,144,1.6389
2014,11,1,1062,-0.6986
2014,11,2,301,-0.7092
2014,11,3,295,1.0751
2014,11,4,230,-0.5798
2014,11,5,169,2.2294
2014,11,6,167,0.9160
2014,11,7,164,0.8665
2014,11,8,139,3.1088
2014,11,9,156,3.3610
2014,11,10,144,2.9612
2014,12,1,1055,5.3616
2014,12,2,299,6.4245
2014,12,3,295,3.0876
2014,12,4,230,1.1408
2014,12,5,168,1.4761
2014,12,6,166,0.2172
2014,12,7,162,0.0381
2014,12,8,138,0.3838
2014,12,9,156,-0.3080
2014,12,10,144,-1.0039
2015,1,1,1046,-3.1135
2015,1,2,299,-5.2586
2015,1,3,293,-2.9427
2015,1,4,228,-3.4277
2015,1,5,167,-3.0049
2015,1,6,165,-1.3151
2015,1,7,161,-2.2540
2015,1,8,137,-0.6832
2015,1,9,156,-1.8950
2015,1,10,144,-2.3716
2015,2,1,1041,5.2049
2015,2,2,298,6.2453
2015,2,3,290,7.8345
2015,2,4,227,5.9960
2015,2,5,166,6.9182
2015,2,6,165,7.8568
2015,2,7,159,6.9954
2015,2,8,135,6.8393
2015,2,9,155,5.5201
2015,2,10,143,5.5034
2015,3,1,1033,0.8324
2015,3,2,297,0.9628
2015,3,3,289,1.9632
2015,3,4,224,2.3026
2015,3,5,165,1.2041
2015,3,6,164,0.5292
2015,3,7,158,0.2834
2015,3,8,135,0.2189
2015,3,9,155,-1.0374
2015,3,10,143,-2.1485
2015,4,1,1025,-2.6080
2015,4,2,295,-2.4402
2015,4,3,289,-2.7917
2015,4,4,222,-2.7112
2015,4,5,165,-2.0781
2015,4,6,164,-1.6686
2015,4,7,157,0.4910
2015,4,8,134,-1.2965
2015,4,9,154,-0.6017
2015,4,10,142,1.5268
2015,5,1,1018,2.7765
2015,5,2,295,2.9564
2015,5,3,289,3.1175
2015,5,4,222,3.0688
2015,5,5,165,2.5084
2015,5,6,162,3.0499
2015,5,7,157,0.7329
2015,5,8,133,2.1990
2015,5,9,154,0.1263
2015,5,10,142,0.8148
2015,6,1,1013,1.6182
2015,6,2,292,3.5404
2015,6,3,288,1.2640
2015,6,4,221,-1.2284
2015,6,5,165,0.2023
2015,6,6,161,-1.7595
2015,6,7,157,-2.1923
2015,6,8,131,-1.1321
2015,6,9,154,-2.9649
2015,6,10,142,-2.3493
2015,7,1,1025,-6.2758
2015,7,2,347,-6.0985
2015,7,3,271,-2.9306
2015,7,4,260,-1.7961
2015,7,5,184,-2.1562
2015,7,6,173,-2.4451
2015,7,7,184,0.7105
2015,7,8,148,0.3324
2015,7,9,151,0.0648
2015,7,10,150,2.6109
2015,8,1,1013,-4.5538
2015,8,2,346,-5.2992
2015,8,3,270,-6.1636
2015,8,4,259,-6.8662
2015,8,5,184,-6.3680
2015,8,6,173,-4.4200
2015,8,7,183,-6.2827
2015,8,8,145,-5.2382
2015,8,9,151,-4.3378
2015,8,10,149,-6.2983
2015,9,1,1009,-7.3889
2015,9,2,346,-8.9328
2015,9,3,268,-6.8956
2015,9,4,258,-7.0872
2015,9,5,183,-5.9502
2015,9,6,172,-6.6214
2015,9,7,181,-5.4120
2015,9,8,144,-5.1026
2015,9,9,150,-2.8504
2015,9,10,149,-1.9440
2015,10,1,998,3.7796
2015,10,2,345,6.7676
2015,10,3,268,5.3300
2015,10,4,257,5.6808
2015,10,5,183,6.8440
2015,10,6,172,5.1815
2015,10,7,181,6.3666
2015,10,8,144,6.4142
2015,10,9,149,6.6413
2015,10,10,149,9.0753
2015,11,1,984,2.2563
2015,11,2,343,2.8824
2015,11,3,266,4.9884
2015,11,4,255,5.0283
2015,11,5,179,3.3229
2015,11,6,171,0.1022
2015,11,7,181,0.9101
2015,11,8,144,0.4142
2015,11,9,149,-0.8158
2015,11,10,149,0.1252
2015,12,1,982,-4.9904
2015,12,2,341,-5.2525
2015,12,3,264,-4.8844
2015,12,4,255,-4.2597
2015,12,5,179,-5.6747
2015,12,6,170,-4.4790
2015,12,7,181,-3.7474
2015,12,8,144,-3.9655
2015,12,9,148,-2.2214
2015,12,10,149,-1.3188
2016,1,1,971,-11.3844
2016,1,2,340,-11.4301
2016,1,3,262,-11.4153
2016,1,4,253,-10.2290
2016,1,5,178,-8.6328
2016,1,6,169,-7.6611
2016,1,7,180,-6.7155
2016,1,8,144,-7.0152
2016,1,9,146,-5.1029
2016,1,10,149,-4.1510
2016,2,1,959,-0.4266
2016,2,2,337,-0.5418
2016,2,3,262,1.0260
2016,2,4,250,0.2347
2016,2,5,178,0.1843
2016,2,6,169,2.4286
2016,2,7,178,1.9909
2016,2,8,143,0.3358
2016,2,9,146,2.2084
2016,2,10,149,-0.0056
2016,3,1,950,5.6133
2016,3,2,333,8.5557
2016,3,3,258,7.9977
2016,3,4,250,8.4738
2016,3,5,178,9.1662
2016,3,6,168,7.8567
2016,3,7,177,8.1593
2016,3,8,143,8.8338
2016,3,9,146,7.7649
2016,3,10,147,6.4894
2016,4,1,943,4.4798
2016,4,2,331,2.1815
2016,4,3,258,3.4213
2016,4,4,250,1.2196
2016,4,5,178,2.1549
2016,4,6,167,1.3982
2016,4,7,177,1.4583
2016,4,8,142,1.7829
2016,4,9,145,0.7438
2016,4,10,147,-0.0996
2016,5,1,936,-0.7065
2016,5,2,328,-0.2196
2016,5,3,257,2.5654
2016,5,4,249,1.9508
2016,5,5,177,1.2560
2016,5,6,166,1.2639
2016,5,7,176,2.1281
2016,5,8,139,2.4109
2016,5,9,145,0.8157
2016,5,10,147,1.8630
2016,6,1,923,-0.0594
2016,6,2,325,-0.2892
2016,6,3,255,1.3017
2016,6,4,247,-0.6050
2016,6,5,177,1.4746
2016,6,6,166,-0.2403
2016,6,7,175,-0.5990
2016,6,8,137,-0.5875
2016,6,9,144,2.2581
2016,6,10,146,0.9440
2016,7,1,1048,4.5260
2016,7,2,309,6.4206
2016,7,3,278,6.9119
2016,7,4,202,6.5369
2016,7,5,189,5.6023
2016,7,6,163,6.0548
2016,7,7,169,4.5228
2016,7,8,143,4.0087
2016,7,9,142,4.3771
2016,7,10,147,3.5405
2016,8,1,1039,2.5664
2016,8,2,305,3.7984
2016,8,3,278,0.4690
2016,8,4,199,2.2453
2016,8,5,188,0.8999
2016,8,6,162,0.3521
2016,8,7,169,-0.9678
2016,8,8,139,1.7797
2016,8,9,142,-0.7956
2016,8,10,147,-0.4601
2016,9,1,1035,5.4626
2016,9,2,302,4.9427
2016,9,3,277,2.7986
2016,9,4,197,2.1295
2016,9,5,186,0.4709
2016,9,6,160,1.1565
2016,9,7,169,0.2283
2016,9,8,139,0.0752
2016,9,9,142,1.2121
2016,9,10,147,0.4105
2016,10,1,1029,-8.7269
2016,10,2,300,-6.3897
2016,10,3,272,-6.8831
2016,10,4,195,-7.7731
2016,10,5,184,-5.0627
2016,10,6,159,-3.7639
2016,10,7,167,-3.9863
2016,10,8,138,-2.0298
2016,10,9,141,-3.4432
2016,10,10,145,-1.9694
2016,11,1,1020,9.5245
2016,11,2,297,11.7371
2016,11,3,272,10.6228
2016,11,4,195,11.7630
2016,11,5,183,9.3464
2016,11,6,159,8.1556
2016,11,7,166,7.7615
2016,11,8,136,3.9829
2016,11,9,141,4.7160
2016,11,10,145,2.0228
2016,12,1,1009,1.3724
2016,12,2,296,3.3499
2016,12,3,269,1.5472
2016,12,4,194,-0.0454
2016,12,5,182,0.8750
2016,12,6,156,0.3887
2016,12,7,165,0.5586
2016,12,8,136,-0.2762
2016,12,9,141,0.4131
2016,12,10,145,1.9269
2017,1,1,1003,-0.8048
2017,1,2,294,0.2980
2017,1,3,267,0.0343
2017,1,4,194,2.3967
2017,1,5,181,1.3362
2017,1,6,154,1.7898
2017,1,7,163,3.2045
2017,1,8,136,2.1246
2017,1,9,140,3.8969
2017,1,10,145,2.0376
2017,2,1,1001,1.0825
2017,2,2,291,0.9165
2017,2,3,267,2.1962
2017,2,4,192,0.2625
2017,2,5,180,0.9361
2017,2,6,154,2.1696
2017,2,7,163,2.2494
2017,2,8,135,2.8724
2017,2,9,139,2.0659
2017,2,10,145,3.8638
2017,3,1,997,0.8575
2017,3,2,289,1.8184
2017,3,3,263,0.9614
2017,3,4,190,1.5241
2017,3,5,179,1.0068
2017,3,6,152,0.4302
2017,3,7,163,0.4756
2017,3,8,135,0.5146
2017,3,9,139,0.4351
2017,3,10,144,0.6684
2017,4,1,989,-0.1001
2017,4,2,288,1.7217
2017,4,3,263,2.4606
2017,4,4,188,1.4285
2017,4,5,177,0.4177
2017,4,6,152,0.8925
2017,4,7,162,0.5123
2017,4,8,135,1.3726
2017,4,9,138,1.0779
2017,4,10,144,1.5162
2017,5,1,983,-2.6244
2017,5,2,287,-3.0645
2017,5,3,258,-0.8251
2017,5,4,187,-2.1869
2017,5,5,174,-0.2934
2017,5,6,152,-0.1643
2017,5,7,161,0.3685
2017,5,8,134,0.2063
2017,5,9,138,1.5985
2017,5,10,144,2.0733
2017,6,1,977,4.3676
2017,6,2,283,6.7756
2017,6,3,257,4.0514
2017,6,4,185,2.7104
2017,6,5,174,1.0779
2017,6,6,152,2.2576
2017,6,7,161,1.3080
2017,6,8,134,0.9408
2017,6,9,138,-0.9395
2017,6,10,144,-0.5266
2017,7,1,981,-1.5362
2017,7,2,343,-0.9206
2017,7,3,232,0.3071
2017,7,4,206,0.9699
2017,7,5,181,1.4262
2017,7,6,167,1.2037
2017,7,7,159,1.3235
2017,7,8,147,1.5914
2017,7,9,137,1.3555
2017,7,10,151,2.3826
2017,8,1,977,-2.4214
2017,8,2,342,-0.3992
2017,8,3,231,-0.8332
2017,8,4,206,-2.2571
2017,8,5,180,-0.9798
2017,8,6,166,-1.2129
2017,8,7,159,0.1332
2017,8,8,146,0.6917
2017,8,9,137,-0.8467
2017,8,10,150,1.0926
2017,9,1,971,9.5235
2017,9,2,341,7.9974
2017,9,3,230,7.6251
2017,9,4,204,6.9876
2017,9,5,180,5.7821
2017,9,6,166,2.9773
2017,9,7,159,3.7659
2017,9,8,146,3.2005
2017,9,9,136,2.2773
2017,9,10,150,1.4156
2017,10,1,960,-1.2743
2017,10,2,340,-0.0538
2017,10,3,228,0.6494
2017,10,4,204,-0.0058
2017,10,5,179,0.3671
2017,10,6,164,2.5362
2017,10,7,158,2.7750
2017,10,8,145,1.9444
2017,10,9,136,1.7828
2017,10,10,148,2.4409
2017,11,1,954,2.9415
2017,11,2,336,3.1260
2017,11,3,227,2.0158
2017,11,4,204,3.0771
2017,11,5,178,2.8322
2017,11,6,163,3.3506
2017,11,7,155,3.6595
2017,11,8,145,4.5563
2017,11,9,136,3.3737
2017,11,10,148,2.8258
2017,12,1,946,0.9798
2017,12,2,335,0.5742
2017,12,3,225,0.6398
2017,12,4,204,1.0928
2017,12,5,177,0.3171
2017,12,6,163,1.0781
2017,12,7,152,1.2558
2017,12,8,145,0.9822
2017,12,9,135,1.6143
2017,12,10,148,1.1458
2018,1,1,938,2.2687
2018,1,2,332,2.8713
2018,1,3,224,2.3694
2018,1,4,203,2.5896
2018,1,5,177,3.2586
2018,1,6,163,4.2314
2018,1,7,152,4.2444
2018,1,8,145,4.7480
2018,1,9,134,4.5166
2018,1,10,148,6.3635
2018,2,1,936,-3.7757
2018,2,2,330,-2.4806
2018,2,3,224,-3.5931
2018,2,4,200,-3.8434
2018,2,5,177,-4.0456
2018,2,6,163,-3.7470
2018,2,7,152,-3.6219
2018,2,8,145,-4.9325
2018,2,9,134,-3.8649
2018,2,10,148,-3.5858
2018,3,1,932,0.0654
2018,3,2,324,1.2901
2018,3,3,223,1.2857
2018,3,4,199,0.9633
2018,3,5,175,1.4336
2018,3,6,162,0.5572
2018,3,7,152,0.4605
2018,3,8,145,-0.4223
2018,3,9,134,-0.3830
2018,3,10,148,-2.8663
2018,4,1,925,1.4007
2018,4,2,324,1.3106
2018,4,3,221,1.0612
2018,4,4,199,1.8118
2018,4,5,175,0.7894
2018,4,6,160,-1.3691
2018,4,7,148,-0.4358
2018,4,8,145,-0.3321
2018,4,9,134,0.1210
2018,4,10,148,0.5075
2018,5,1,917,8.2802
2018,5,2,323,8.3542
2018,5,3,218,6.3727
2018,5,4,198,7.7818
2018,5,5,175,7.0089
2018,5,6,159,4.0998
2018,5,7,146,5.5639
2018,5,8,145,2.5197
2018,5,9,134,1.2103
2018,5,10,148,3.1655
2018,6,1,915,0.6676
2018,6,2,321,2.2370
2018,6,3,217,1.4054
2018,6,4,197,1.6093
2018,6,5,174,1.1832
2018,6,6,159,-0.0943
2018,6,7,145,0.5127
2018,6,8,145,1.3669
2018,6,9,134,1.6529
2018,6,10,148,0.8080
2018,7,1,963,-0.9037
2018,7,2,334,-0.7088
2018,7,3,265,1.6879
2018,7,4,210,2.5773
2018,7,5,188,1.4732
2018,7,6,148,0.9268
2018,7,7,162,2.1711
2018,7,8,151,2.6060
2018,7,9,136,3.1406
2018,7,10,155,3.5005
2018,8,1,957,4.2722
2018,8,2,333,4.7031
2018,8,3,265,4.8721
2018,8,4,210,5.5185
2018,8,5,188,3.3936
2018,8,6,146,5.9257
2018,8,7,159,3.4201
2018,8,8,151,3.7070
2018,8,9,135,3.0410
2018,8,10,155,4.0046
2018,9,1,952,-1.9579
2018,9,2,333,-2.9161
2018,9,3,262,-3.3508
2018,9,4,209,-0.8129
2018,9,5,187,-2.4691
2018,9,6,145,-1.2245
2018,9,7,159,-0.6969
2018,9,8,151,-0.0857
2018,9,9,135,-0.0330
2018,9,10,155,1.0924
2018,10,1,950,-11.8470
2018,10,2,333,-12.7335
2018,10,3,262,-11.6399
2018,10,4,209,-12.3694
2018,10,5,187,-12.5615
2018,10,6,145,-9.1061
2018,10,7,159,-10.6436
2018,10,8,151,-8.9440
2018,10,9,135,-8.6010
2018,10,10,155,-7.1233
2018,11,1,947,-2.3723
2018,11,2,329,-1.3545
2018,11,3,261,0.3523
2018,11,4,209,2.5376
2018,11,5,186,0.8753
2018,11,6,144,0.1910
2018,11,7,158,4.2231
2018,11,8,150,1.4148
2018,11,9,134,1.9378
2018,11,10,154,1.6271
2018,12,1,936,-13.5644
2018,12,2,328,-11.9235
2018,12,3,259,-11.6808
2018,12,4,208,-12.3642
2018,12,5,186,-11.9010
2018,12,6,143,-11.0173
2018,12,7,157,-11.5187
2018,12,8,150,-10.7262
2018,12,9,132,-8.8581
2018,12,10,154,-8.1690
2019,1,1,926,12.8407
2019,1,2,326,8.8313
2019,1,3,258,10.7221
2019,1,4,207,11.0226
2019,1,5,186,13.8962
2019,1,6,142,12.1263
2019,1,7,157,12.2396
2019,1,8,150,11.0965
2019,1,9,131,9.5068
2019,1,10,153,7.3232
2019,2,1,922,5.6050
2019,2,2,322,6.6511
2019,2,3,257,4.5684
2019,2,4,205,5.6518
2019,2,5,185,4.4068
2019,2,6,142,6.4006
2019,2,7,156,5.3303
2019,2,8,150,4.1026
2019,2,9,131,4.9730
2019,2,10,153,3.1938
2019,3,1,917,-1.6148
2019,3,2,321,-1.7805
2019,3,3,256,-0.6431
2019,3,4,202,-2.0732
2019,3,5,184,-1.1913
2019,3,6,142,-0.0290
2019,3,7,152,0.0284
2019,3,8,150,1.0913
2019,3,9,131,1.4652
2019,3,10,153,2.7393
2019,4,1,908,0.6158
2019,4,2,319,1.9111
2019,4,3,255,2.9524
2019,4,4,202,1.7374
2019,4,5,183,3.5884
2019,4,6,142,4.8617
2019,4,7,152,3.6709
2019,4,8,150,3.5784
2019,4,9,131,2.8618
2019,4,10,151,3.9612
2019,5,1,902,-7.3436
2019,5,2,317,-8.7185
2019,5,3,255,-8.3635
2019,5,4,202,-10.3217
2019,5,5,183,-8.2274
2019,5,6,140,-6.5687
2019,5,7,151,-8.4831
2019,5,8,150,-7.3813
2019,5,9,131,-6.1610
2019,5,10,151,-6.9566
2019,6,1,898,4.7544
2019,6,2,315,5.9607
2019,6,3,255,8.1624
2019,6,4,202,8.0364
2019,6,5,183,7.3081
2019,6,6,140,8.8948
2019,6,7,151,8.1400
2019,6,8,149,8.4811
2019,6,9,131,7.4484
2019,6,10,151,7.0991
2019,7,1,908,-4.4540
2019,7,2,368,-1.6381
2019,7,3,255,-1.2222
2019,7,4,223,-0.9766
2019,7,5,205,-0.0127
2019,7,6,187,1.5948
2019,7,7,151,0.5473
2019,7,8,156,1.0722
2019,7,9,145,1.8700
2019,7,10,155,1.1699
2019,8,1,903,-6.2873
2019,8,2,367,-6.2275
2019,8,3,253,-7.5284
2019,8,4,222,-5.3235
2019,8,5,204,-5.7319
2019,8,6,187,-5.0618
2019,8,7,151,-5.5172
2019,8,8,155,-3.8644
2019,8,9,143,-2.6362
2019,8,10,153,-0.9632
2019,9,1,895,1.6440
2019,9,2,364,1.8585
2019,9,3,253,2.9314
2019,9,4,222,1.3868
2019,9,5,204,0.8761
2019,9,6,187,0.2920
2019,9,7,151,1.4414
2019,9,8,154,1.4599
2019,9,9,143,1.2735
2019,9,10,152,1.4186
2019,10,1,887,-2.0532
2019,10,2,361,0.2023
2019,10,3,252,1.5629
2019,10,4,220,2.6995
2019,10,5,203,3.4250
2019,10,6,186,2.6725
2019,10,7,151,0.0375
2019,10,8,154,1.5987
2019,10,9,142,0.6050
2019,10,10,152,2.3739
2019,11,1,880,2.6932
2019,11,2,360,7.6621
2019,11,3,245,5.5239
2019,11,4,219,3.9663
2019,11,5,202,3.8586
2019,11,6,186,4.5893
2019,11,7,149,3.7240
2019,11,8,154,5.1462
2019,11,9,142,3.5268
2019,11,10,152,3.3831
2019,12,1,872,6.4823
2019,12,2,356,8.0685
2019,12,3,243,5.3849
2019,12,4,219,4.8907
2019,12,5,201,2.5196
2019,12,6,186,2.4407
2019,12,7,149,2.9429
2019,12,8,154,1.4788
2019,12,9,142,2.6424
2019,12,10,151,3.0929
2020,1,1,861,-2.6640
2020,1,2,356,-4.8741
2020,1,3,239,-5.9902
2020,1,4,216,-4.4073
2020,1,5,201,-3.0346
2020,1,6,185,-2.5864
2020,1,7,148,-2.0869
2020,1,8,153,-0.6684
2020,1,9,142,-0.3635
2020,1,10,151,1.2764
2020,2,1,861,-6.1274
2020,2,2,354,-5.8222
2020,2,3,239,-8.4516
2020,2,4,211,-9.7547
2020,2,5,201,-8.3564
2020,2,6,185,-7.3253
2020,2,7,148,-8.5882
2020,2,8,153,-7.8452
2020,2,9,142,-7.7614
2020,2,10,151,-7.5123
2020,3,1,860,-21.3847
2020,3,2,349,-22.0771
2020,3,3,238,-23.0341
2020,3,4,211,-23.5422
2020,3,5,201,-22.0815
2020,3,6,185,-18.2397
2020,3,7,148,-20.3812
2020,3,8,153,-17.5786
2020,3,9,142,-16.4328
2020,3,10,151,-9.1800
2020,4,1,855,18.7522
2020,4,2,348,18.1289
2020,4,3,237,17.3402
2020,4,4,210,17.2050
2020,4,5,200,18.2139
2020,4,6,184,13.9835
2020,4,7,148,16.7491
2020,4,8,152,14.9414
2020,4,9,142,13.8776
2020,4,10,151,13.3890
2020,5,1,850,12.1047
2020,5,2,345,8.9842
2020,5,3,237,7.3003
2020,5,4,208,8.6041
2020,5,5,200,9.9812
2020,5,6,183,10.2587
2020,5,7,148,8.5974
2020,5,8,151,9.0732
2020,5,9,141,8.5628
2020,5,10,150,4.7071
2020,6,1,842,10.9076
2020,6,2,343,8.3119
2020,6,3,237,3.1890
2020,6,4,208,4.1274
2020,6,5,200,3.4056
2020,6,6,183,3.7705
2020,6,7,147,2.0915
2020,6,8,151,1.5919
2020,6,9,141,2.0870
2020,6,10,150,2.9455
2020,7,1,770,6.1847
2020,7,2,405,1.9096
2020,7,3,286,0.1531
2020,7,4,229,4.6612
2020,7,5,186,3.8783
2020,7,6,186,3.6556
2020,7,7,185,3.9753
2020,7,8,154,6.7558
2020,7,9,145,5.8987
2020,7,10,163,6.9129
2020,8,1,761,2.2068
2020,8,2,405,6.4246
2020,8,3,286,6.3385
2020,8,4,227,6.2453
2020,8,5,186,5.9746
2020,8,6,185,5.2856
2020,8,7,184,5.1292
2020,8,8,153,5.5658
2020,8,9,145,2.3313
2020,8,10,163,9.4343
2020,9,1,754,-1.1915
2020,9,2,404,-2.4527
2020,9,3,285,-3.9771
2020,9,4,226,-3.6385
2020,9,5,186,-1.9534
2020,9,6,185,-3.9278
2020,9,7,183,-2.2413
2020,9,8,153,-0.3048
2020,9,9,145,-1.0057
2020,9,10,163,-4.2781
2020,10,1,750,-4.7017
2020,10,2,401,-2.0413
2020,10,3,285,1.0803
2020,10,4,226,0.8699
2020,10,5,185,1.2233
2020,10,6,185,2.5068
2020,10,7,183,1.8941
2020,10,8,153,0.1888
2020,10,9,145,-0.1795
2020,10,10,163,-3.1656
2020,11,1,746,24.9633
2020,11,2,398,25.0188
2020,11,3,285,23.2099
2020,11,4,223,17.9723
2020,11,5,185,21.3932
2020,11,6,184,18.1977
2020,11,7,181,15.5648
2020,11,8,151,14.7484
2020,11,9,145,13.5815
2020,11,10,163,10.3347
2020,12,1,742,11.3334
2020,12,2,397,9.7007
2020,12,3,285,9.1416
2020,12,4,223,9.0846
2020,12,5,185,10.0874
2020,12,6,184,8.9639
2020,12,7,180,6.0032
2020,12,8,151,5.3707
2020,12,9,145,3.3712
2020,12,10,163,3.8625
2021,1,1,735,20.7883
2021,1,2,395,21.2251
2021,1,3,284,9.4705
2021,1,4,223,6.7417
2021,1,5,185,2.0464
2021,1,6,184,4.5392
2021,1,7,179,1.8471
2021,1,8,150,-0.3115
2021,1,9,145,0.3699
2021,1,10,163,-0.3190
2021,2,1,734,11.9746
2021,2,2,395,-2.5738
2021,2,3,282,9.4808
2021,2,4,222,6.3959
2021,2,5,183,7.7105
2021,2,6,183,5.0984
2021,2,7,178,5.7056
2021,2,8,149,5.6131
2021,2,9,144,3.6368
2021,2,10,163,0.4781
2021,3,1,733,-0.3805
2021,3,2,392,0.3057
2021,3,3,280,-0.5219
2021,3,4,221,0.7352
2021,3,5,183,1.6013
2021,3,6,183,-0.4171
2021,3,7,178,1.3101
2021,3,8,149,1.2545
2021,3,9,144,2.0619
2021,3,10,163,3.1685
2021,4,1,729,-4.4130
2021,4,2,390,-1.4498
2021,4,3,280,1.5195
2021,4,4,221,1.7111
2021,4,5,182,2.7212
2021,4,6,182,2.8579
2021,4,7,178,3.7214
2021,4,8,149,4.0630
2021,4,9,144,4.8481
2021,4,10,163,5.4125
2021,5,1,724,-1.4438
2021,5,2,387,5.8044
2021,5,3,279,0.6590
2021,5,4,218,0.5125
2021,5,5,181,0.3922
2021,5,6,182,-0.5168
2021,5,7,177,-1.5376
2021,5,8,147,0.2765
2021,5,9,144,0.6683
2021,5,10,163,-0.3242
2021,6,1,723,6.6912
2021,6,2,384,9.1720
2021,6,3,278,4.4198
2021,6,4,217,3.8945
2021,6,5,181,0.4377
2021,6,6,181,1.4197
2021,6,7,176,1.5877
2021,6,8,147,2.1158
2021,6,9,144,2.3393
2021,6,10,163,4.1142
2021,7,1,998,-7.9835
2021,7,2,378,-7.0465
2021,7,3,328,-5.7672
2021,7,4,221,-4.8701
2021,7,5,207,-2.9642
2021,7,6,202,-2.2716
2021,7,7,168,-2.6515
2021,7,8,165,-0.6367
2021,7,9,153,0.6866
2021,7,10,167,2.6511
2021,8,1,995,3.8552
2021,8,2,378,3.1230
2021,8,3,324,1.1754
2021,8,4,220,2.0379
2021,8,5,207,1.3549
2021,8,6,202,0.6604
2021,8,7,168,0.9106
2021,8,8,164,1.7450
2021,8,9,152,3.2912
2021,8,10,166,3.3740
2021,9,1,990,-4.3575
2021,9,2,376,-3.4775
2021,9,3,323,-3.6864
2021,9,4,219,-3.6989
2021,9,5,207,-4.7699
2021,9,6,202,-1.1841
2021,9,7,168,-4.4099
2021,9,8,163,-4.1944
2021,9,9,151,-4.5324
2021,9,10,166,-5.2867
2021,10,1,985,-1.1137
2021,10,2,375,2.2666
2021,10,3,323,1.3455
2021,10,4,217,2.5394
2021,10,5,206,5.0668
2021,10,6,201,5.6585
2021,10,7,168,5.1051
2021,10,8,163,4.8522
2021,10,9,151,7.8996
2021,10,10,166,7.2200
2021,11,1,977,-8.7992
2021,11,2,375,-5.6778
2021,11,3,322,-6.0149
2021,11,4,217,-2.6419
2021,11,5,204,-3.9905
2021,11,6,199,-2.4777
2021,11,7,167,-4.9035
2021,11,8,163,-4.1892
2021,11,9,151,-1.9744
2021,11,10,166,0.1216
2021,12,1,974,-3.7710
2021,12,2,369,0.0013
2021,12,3,320,2.0929
2021,12,4,213,1.4974
2021,12,5,204,2.5764
2021,12,6,199,-1.0019
2021,12,7,166,3.9349
2021,12,8,163,3.6159
2021,12,9,151,2.8300
2021,12,10,166,3.0793
2022,1,1,969,-11.5155
2022,1,2,367,-12.2158
2022,1,3,319,-11.1648
2022,1,4,213,-10.9638
2022,1,5,203,-10.0430
2022,1,6,199,-10.5239
2022,1,7,165,-8.8666
2022,1,8,163,-8.2929
2022,1,9,150,-7.5557
2022,1,10,166,-6.1937
2022,2,1,967,-2.5669
2022,2,2,366,1.9463
2022,2,3,319,0.5151
2022,2,4,212,1.7682
2022,2,5,203,1.0608
2022,2,6,199,0.9194
2022,2,7,165,0.3811
2022,2,8,163,0.4414
2022,2,9,150,-0.5212
2022,2,10,166,-3.1909
2022,3,1,964,3.7557
2022,3,2,365,1.9927
2022,3,3,318,2.5673
2022,3,4,212,1.6055
2022,3,5,203,1.1952
2022,3,6,199,2.3647
2022,3,7,165,1.6276
2022,3,8,163,1.5801
2022,3,9,149,3.4155
2022,3,10,166,4.6286
2022,4,1,959,-11.7876
2022,4,2,363,-8.8279
2022,4,3,315,-9.5525
2022,4,4,212,-10.6980
2022,4,5,203,-8.8422
2022,4,6,198,-8.5438
2022,4,7,165,-8.7079
2022,4,8,162,-7.9327
2022,4,9,149,-7.6278
2022,4,10,166,-10.3606
2022,5,1,955,-3.9670
2022,5,2,361,-0.5410
2022,5,3,313,-0.9888
2022,5,4,210,1.1854
2022,5,5,203,-0.2363
2022,5,6,197,0.3857
2022,5,7,164,0.4327
2022,5,8,162,1.3582
2022,5,9,149,-0.0649
2022,5,10,166,-1.2374
2022,6,1,949,-10.5918
2022,6,2,359,-9.1551
2022,6,3,311,-6.9471
2022,6,4,210,-8.9286
2022,6,5,203,-7.5336
2022,6,6,197,-9.4648
2022,6,7,163,-9.5509
2022,6,8,161,-9.8890
2022,6,9,149,-8.9620
2022,6,10,166,-7.8902
2022,7,1,1245,8.0776
2022,7,2,380,10.3729
2022,7,3,307,12.5235
2022,7,4,242,11.8159
2022,7,5,203,11.0740
2022,7,6,196,10.1426
2022,7,7,177,10.5209
2022,7,8,163,10.7991
2022,7,9,158,10.4825
2022,7,10,174,9.8576
2022,8,1,1240,1.5482
2022,8,2,378,0.7497
2022,8,3,306,0.2729
2022,8,4,241,-1.1846
2022,8,5,202,-2.5569
2022,8,6,193,-3.5087
2022,8,7,172,-2.8824
2022,8,8,163,-2.4330
2022,8,9,158,-3.0805
2022,8,10,174,-4.2741
2022,9,1,1236,-12.2825
2022,9,2,376,-10.5753
2022,9,3,305,-10.2022
2022,9,4,241,-10.0101
2022,9,5,201,-10.5027
2022,9,6,192,-9.6693
2022,9,7,171,-9.6061
2022,9,8,163,-10.2490
2022,9,9,158,-8.7106
2022,9,10,174,-9.2356
2022,10,1,1227,3.5140
2022,10,2,373,10.0905
2022,10,3,305,8.7258
2022,10,4,241,9.8507
2022,10,5,200,10.6665
2022,10,6,191,9.1962
2022,10,7,170,9.5740
2022,10,8,162,6.6506
2022,10,9,158,9.1761
2022,10,10,174,6.6348
2022,11,1,1219,-1.1702
2022,11,2,369,-4.2301
2022,11,3,304,-1.7179
2022,11,4,239,0.5245
2022,11,5,199,3.1965
2022,11,6,190,5.6118
2022,11,7,168,4.6673
2022,11,8,161,5.5227
2022,11,9,157,6.0806
2022,11,10,174,4.9337
2022,12,1,1214,-2.9446
2022,12,2,367,-6.5300
2022,12,3,304,-6.1712
2022,12,4,238,-6.2991
2022,12,5,198,-6.8374
2022,12,6,190,-5.4892
2022,12,7,167,-5.1416
2022,12,8,160,-5.3286
2022,12,9,156,-5.6649
2022,12,10,174,-6.5204
2023,1,1,1194,13.2616
2023,1,2,360,12.2253
2023,1,3,301,13.7699
2023,1,4,236,12.2615
2023,1,5,198,12.1629
2023,1,6,190,10.3065
2023,1,7,166,9.7848
2023,1,8,159,8.8805
2023,1,9,156,7.3937
2023,1,10,174,6.3574
2023,2,1,1182,-5.3461
2023,2,2,357,-3.9721
2023,2,3,300,-3.7094
2023,2,4,235,-2.9212
2023,2,5,198,-1.8628
2023,2,6,190,-0.9036
2023,2,7,166,-1.8171
2023,2,8,159,-3.1254
2023,2,9,156,-2.4486
2023,2,10,174,-2.0291
2023,3,1,1172,-4.9936
2023,3,2,357,-8.7336
2023,3,3,297,-4.4882
2023,3,4,233,-3.0820
2023,3,5,198,-1.4566
2023,3,6,188,-1.4858
2023,3,7,165,-0.8320
2023,3,8,159,-0.3942
2023,3,9,156,1.4813
2023,3,10,174,6.8583
2023,4,1,1155,-0.5848
2023,4,2,355,-3.8026
2023,4,3,296,-0.3506
2023,4,4,232,-2.3851
2023,4,5,195,-1.4590
2023,4,6,188,-1.8455
2023,4,7,164,-0.5550
2023,4,8,159,-2.4431
2023,4,9,156,-1.1191
2023,4,10,174,1.4777
2023,5,1,1147,1.3545
2023,5,2,354,2.3707
2023,5,3,296,2.4955
2023,5,4,231,1.0022
2023,5,5,195,-1.3326
2023,5,6,188,-0.9966
2023,5,7,164,-2.1489
2023,5,8,159,-1.6519
2023,5,9,156,-2.4911
2023,5,10,174,2.6444
2023,6,1,1139,3.9828
2023,6,2,351,6.5741
2023,6,3,295,7.4310
2023,6,4,231,8.1703
2023,6,5,194,9.3368
2023,6,6,186,8.9288
2023,6,7,164,9.7710
2023,6,8,159,8.9652
2023,6,9,156,8.3664
2023,6,10,174,6.4793
2023,7,1,1218,6.3840
2023,7,2,334,4.2019
2023,7,3,271,4.6947
2023,7,4,220,4.8748
2023,7,5,223,5.4647
2023,7,6,170,4.1901
2023,7,7,159,3.7286
2023,7,8,158,3.6204
2023,7,9,155,3.4224
2023,7,10,169,3.1243
2023,8,1,1205,-9.4082
2023,8,2,332,-9.0766
2023,8,3,271,-5.2642
2023,8,4,219,-5.1766
2023,8,5,223,-5.6505
2023,8,6,169,-5.2641
2023,8,7,158,-1.8025
2023,8,8,158,-2.4495
2023,8,9,155,-5.0457
2023,8,10,169,-0.7710
2023,9,1,1192,-6.9418
2023,9,2,332,-7.7740
2023,9,3,269,-6.5247
2023,9,4,219,-6.6139
2023,9,5,220,-6.0676
2023,9,6,169,-6.2566
2023,9,7,156,-6.1591
2023,9,8,158,-5.3316
2023,9,9,155,-5.6720
2023,9,10,169,-4.8500
2023,10,1,1184,-10.6910
2023,10,2,331,-9.5703
2023,10,3,269,-8.8114
2023,10,4,217,-7.8441
2023,10,5,219,-6.8680
2023,10,6,168,-6.2652
2023,10,7,156,-5.8949
2023,10,8,157,-6.5617
2023,10,9,155,-5.2790
2023,10,10,169,-1.7529
2023,11,1,1167,6.2423
2023,11,2,329,8.7563
2023,11,3,267,7.8294
2023,11,4,217,9.4513
2023,11,5,219,9.7571
2023,11,6,168,9.3431
2023,11,7,155,8.1393
2023,11,8,157,8.3202
2023,11,9,155,10.1722
2023,11,10,168,9.0304
2023,12,1,1156,14.4800
2023,12,2,328,15.5095
2023,12,3,264,12.6250
2023,12,4,215,11.1443
2023,12,5,218,10.6602
2023,12,6,166,11.8716
2023,12,7,155,7.9309
2023,12,8,157,8.8842
2023,12,9,155,7.3124
2023,12,10,168,3.9988
2024,1,1,1138,-0.2157
2024,1,2,327,-4.1020
2024,1,3,262,-4.5378
2024,1,4,215,-4.0254
2024,1,5,218,-4.9811
2024,1,6,166,-3.8855
2024,1,7,155,-2.1627
2024,1,8,157,-0.7170
2024,1,9,154,-2.2631
2024,1,10,168,2.5117
2024,2,1,1131,8.1554
2024,2,2,324,9.1057
2024,2,3,262,5.8208
2024,2,4,213,9.2906
2024,2,5,217,3.9757
2024,2,6,165,5.4165
2024,2,7,155,7.1442
2024,2,8,157,6.8191
2024,2,9,154,5.8303
2024,2,10,168,5.7696
2024,3,1,1118,1.6391
2024,3,2,320,3.0616
2024,3,3,261,2.6601
2024,3,4,212,1.9348
2024,3,5,217,2.1403
2024,3,6,164,3.2128
2024,3,7,155,3.7966
2024,3,8,157,5.6655
2024,3,9,154,3.3803
2024,3,10,168,2.7948
2024,4,1,1104,-10.7790
2024,4,2,320,-7.5325
2024,4,3,259,-7.4284
2024,4,4,210,-7.6405
2024,4,5,216,-7.1228
2024,4,6,164,-6.3113
2024,4,7,155,-5.5160
2024,4,8,156,-6.2027
2024,4,9,153,-4.3748
2024,4,10,168,-3.5461
2024,5,1,1089,2.8384
2024,5,2,318,5.1917
2024,5,3,259,5.6301
2024,5,4,210,4.6606
2024,5,5,214,6.3223
2024,5,6,164,4.1208
2024,5,7,155,4.0389
2024,5,8,156,2.2844
2024,5,9,153,0.8532
2024,5,10,168,5.8285
2024,6,1,1072,-8.4011
2024,6,2,317,-2.2578
2024,6,3,257,-2.8574
2024,6,4,210,-3.2142
2024,6,5,213,-1.4461
2024,6,6,164,-0.6454
2024,6,7,155,-1.4588
2024,6,8,155,-2.6838
2024,6,9,153,-0.6092
2024,6,10,167,5.1477
2024,7,1,1112,8.4088
2024,7,2,336,13.2470
2024,7,3,229,11.0246
2024,7,4,239,8.3121
2024,7,5,198,7.3702
2024,7,6,167,7.6541
2024,7,7,156,5.4960
2024,7,8,156,4.4897
2024,7,9,136,2.9829
2024,7,10,166,-0.2922
2024,8,1,1102,-4.2867
2024,8,2,335,-4.1859
2024,8,3,227,-4.0877
2024,8,4,238,-1.4152
2024,8,5,198,-2.0683
2024,8,6,165,-0.6866
2024,8,7,156,0.8204
2024,8,8,155,1.2799
2024,8,9,136,1.9277
2024,8,10,166,2.2963
2024,9,1,1087,0.4865
2024,9,2,333,-1.4294
2024,9,3,225,2.2318
2024,9,4,237,0.6463
2024,9,5,198,1.8647
2024,9,6,165,2.5967
2024,9,7,155,2.6547
2024,9,8,155,1.9278
2024,9,9,136,3.4774
2024,9,10,166,2.5376
2024,10,1,1072,1.1995
2024,10,2,332,0.2329
2024,10,3,224,-1.5400
2024,10,4,235,-1.8789
2024,10,5,197,-1.1884
2024,10,6,164,-3.6040
2024,10,7,155,-0.5386
2024,10,8,155,-1.0635
2024,10,9,136,-0.7447
2024,10,10,166,-1.0731
2024,11,1,1064,10.2057
2024,11,2,326,9.0060
2024,11,3,224,11.5442
2024,11,4,234,12.5675
2024,11,5,195,13.2067
2024,11,6,164,8.7134
2024,11,7,154,7.8958
2024,11,8,155,7.4778
2024,11,9,136,9.2978
2024,11,10,166,5.4232
2024,12,1,1058,0.9800
2024,12,2,326,-6.2177
2024,12,3,222,-7.2364
2024,12,4,233,-6.9005
2024,12,5,193,-7.6591
2024,12,6,162,-9.2586
2024,12,7,154,-6.9653
2024,12,8,154,-5.9526
2024,12,9,136,-7.0555
2024,12,10,166,-0.6601
2025,1,1,1043,-2.2454
2025,1,2,325,0.3961
2025,1,3,219,0.4018
2025,1,4,233,2.8115
2025,1,5,193,3.7967
2025,1,6,162,4.7502
2025,1,7,154,5.1007
2025,1,8,152,3.3885
2025,1,9,136,4.6087
2025,1,10,166,2.1362
2025,2,1,1030,-9.7805
2025,2,2,325,-6.2495
2025,2,3,218,-9.1840
2025,2,4,232,-9.3998
2025,2,5,192,-7.2059
2025,2,6,162,-4.5231
2025,2,7,153,-5.4033
2025,2,8,152,-4.7813
2025,2,9,136,-3.7188
2025,2,10,166,-1.8065
2025,3,1,1015,-10.9675
2025,3,2,322,-11.2165
2025,3,3,217,-9.5151
2025,3,4,230,-7.3381
2025,3,5,191,-6.5117
2025,3,6,161,-7.4159
2025,3,7,152,-6.3436
2025,3,8,152,-4.4153
2025,3,9,136,-5.1896
2025,3,10,166,-6.5799
2025,4,1,1006,0.7338
2025,4,2,322,-1.0448
2025,4,3,217,-2.2810
2025,4,4,230,-1.6276
2025,4,5,191,-3.2109
2025,4,6,160,-0.9073
2025,4,7,151,-0.2850
2025,4,8,151,-2.7406
2025,4,9,136,-0.1766
2025,4,10,166,0.1889
2025,5,1,990,12.5538
2025,5,2,321,7.0568
2025,5,3,215,8.8860
2025,5,4,226,6.5206
2025,5,5,191,5.0000
2025,5,6,159,5.0822
2025,5,7,149,6.1894
2025,5,8,151,6.4450
2025,5,9,136,5.7853
2025,5,10,166,7.1492
2025,6,1,979,7.7508
2025,6,2,320,9.8959
2025,6,3,215,6.3132
2025,6,4,226,7.8526
2025,6,5,190,5.1813
2025,6,6,159,3.7869
2025,6,7,149,2.2772
2025,6,8,151,3.0226
2025,6,9,136,3.6677
2025,6,10,166,5.6959
2025,7,1,1053,3.4907
2025,7,2,296,2.9631
2025,7,3,241,2.5695
2025,7,4,203,0.9392
2025,7,5,191,2.3382
2025,7,6,165,2.1079
2025,7,7,145,1.9028
2025,7,8,158,1.8959
2025,7,9,142,3.3372
2025,7,10,158,3.0591
2025,8,1,1043,8.4355
2025,8,2,293,9.1265
2025,8,3,237,8.1188
2025,8,4,203,7.5953
2025,8,5,190,5.5223
2025,8,6,164,5.0584
2025,8,7,143,4.0071
2025,8,8,157,1.5819
2025,8,9,140,1.6654
2025,8,10,158,1.5108
2025,9,1,1033,4.9608
2025,9,2,291,4.6665
2025,9,3,234,1.8109
2025,9,4,202,2.9358
2025,9,5,188,2.4857
2025,9,6,164,1.7988
2025,9,7,141,0.6007
2025,9,8,157,1.4123
2025,9,9,140,1.0990
2025,9,10,158,5.0111
2025,10,1,1026,0.8137
2025,10,2,291,2.9333
2025,10,3,230,3.3870
2025,10,4,201,3.1815
2025,10,5,187,1.9153
2025,10,6,164,0.2402
2025,10,7,140,1.2623
2025,10,8,157,1.6929
2025,10,9,140,-0.1823
2025,10,10,158,3.7121
2025,11,1,1017,-4.1461
2025,11,2,288,1.6700
2025,11,3,228,3.5520
2025,11,4,200,0.7076
2025,11,5,187,-0.6579
2025,11,6,164,0.1057
2025,11,7,140,4.1256
2025,11,8,157,-0.5107
2025,11,9,140,1.8668
2025,11,10,158,-0.5944
2025,12,1,1015,-2.3235
2025,12,2,287,0.4217
2025,12,3,226,-0.1965
2025,12,4,199,1.9963
2025,12,5,186,-1.5009
2025,12,6,163,-1.4751
2025,12,7,138,-0.6617
2025,12,8,157,1.5645
2025,12,9,140,-0.7789
2025,12,10,158,-0.5024
