year,month,rank_ME,rank_IM_1,nstocks,ret_vw
1967,1,1,1,201,18.9039
1967,1,1,2,250,18.3386
1967,1,1,3,246,18.6814
1967,1,1,4,135,20.3378
1967,1,1,5,103,19.2957
1967,1,2,1,70,18.5012
1967,1,2,2,117,17.0118
1967,1,2,3,108,14.3964
1967,1,2,4,52,16.0797
1967,1,2,5,68,11.8712
1967,1,3,1,84,11.6685
1967,1,3,2,117,13.2211
1967,1,3,3,126,12.5789
1967,1,3,4,100,8.3860
1967,1,3,5,187,6.5338
1967,2,1,1,218,6.6282
1967,2,1,2,207,4.1654
1967,2,1,3,244,4.9065
1967,2,1,4,157,5.1807
1967,2,1,5,112,6.0255
1967,2,2,1,88,1.0491
1967,2,2,2,102,2.3405
1967,2,2,3,115,4.4382
1967,2,2,4,46,4.6666
1967,2,2,5,63,4.7973
1967,2,3,1,100,-0.9273
1967,2,3,2,115,1.7279
1967,2,3,3,254,0.2735
1967,2,3,4,59,4.0309
1967,2,3,5,87,3.4661
1967,3,1,1,223,7.6893
1967,3,1,2,213,8.5243
1967,3,1,3,200,11.4160
1967,3,1,4,168,7.6441
1967,3,1,5,129,7.8098
1967,3,2,1,85,2.0282
1967,3,2,2,91,8.5910
1967,3,2,3,122,9.5626
1967,3,2,4,83,7.8369
1967,3,2,5,42,9.1717
1967,3,3,1,103,0.3622
1967,3,3,2,142,5.7023
1967,3,3,3,242,6.8663
1967,3,3,4,86,6.6259
1967,3,3,5,42,4.5848
1967,4,1,1,242,3.3060
1967,4,1,2,186,5.0989
1967,4,1,3,222,2.7921
1967,4,1,4,150,5.7523
1967,4,1,5,129,6.7856
1967,4,2,1,103,1.5593
1967,4,2,2,78,3.3724
1967,4,2,3,124,3.2449
1967,4,2,4,81,5.6672
1967,4,2,5,41,4.8134
1967,4,3,1,201,5.8210
1967,4,3,2,144,2.6719
1967,4,3,3,158,3.7955
1967,4,3,4,83,7.9549
1967,4,3,5,26,9.9417
1967,5,1,1,117,0.3734
1967,5,1,2,283,1.6816
1967,5,1,3,239,1.6050
1967,5,1,4,161,-1.1484
1967,5,1,5,124,-0.9515
1967,5,2,1,66,-3.1371
1967,5,2,2,120,-1.4229
1967,5,2,3,116,-1.7665
1967,5,2,4,84,-1.7890
1967,5,2,5,45,-1.3412
1967,5,3,1,199,-2.8804
1967,5,3,2,165,-5.3782
1967,5,3,3,135,-2.7002
1967,5,3,4,78,-2.7911
1967,5,3,5,38,-1.3516
1967,6,1,1,125,7.2696
1967,6,1,2,340,9.6923
1967,6,1,3,162,11.9048
1967,6,1,4,172,13.6655
1967,6,1,5,120,10.2383
1967,6,2,1,72,10.2934
1967,6,2,2,135,5.9735
1967,6,2,3,105,6.7496
1967,6,2,4,91,9.7762
1967,6,2,5,35,8.4120
1967,6,3,1,213,3.4512
1967,6,3,2,190,0.6680
1967,6,3,3,104,3.6839
1967,6,3,4,87,3.4857
1967,6,3,5,15,8.2061
1967,7,1,1,129,7.6174
1967,7,1,2,222,7.7442
1967,7,1,3,283,10.9504
1967,7,1,4,149,6.5468
1967,7,1,5,124,9.2922
1967,7,2,1,91,8.9743
1967,7,2,2,110,6.4943
1967,7,2,3,126,8.2519
1967,7,2,4,83,7.8221
1967,7,2,5,40,6.4057
1967,7,3,1,231,5.7611
1967,7,3,2,172,6.0072
1967,7,3,3,90,5.5773
1967,7,3,4,93,4.2645
1967,7,3,5,23,1.0940
1967,8,1,1,144,-0.1649
1967,8,1,2,236,0.7910
1967,8,1,3,265,0.4362
1967,8,1,4,126,0.6533
1967,8,1,5,134,0.2162
1967,8,2,1,103,1.0124
1967,8,2,2,108,-2.7129
1967,8,2,3,110,0.5693
1967,8,2,4,83,-0.6992
1967,8,2,5,44,0.3988
1967,8,3,1,240,-1.8552
1967,8,3,2,141,-1.3710
1967,8,3,3,107,1.2376
1967,8,3,4,85,-0.9446
1967,8,3,5,34,-0.3757
1967,9,1,1,97,6.1123
1967,9,1,2,219,7.6819
1967,9,1,3,224,9.2682
1967,9,1,4,257,10.6099
1967,9,1,5,111,7.1458
1967,9,2,1,88,4.5372
1967,9,2,2,85,5.0793
1967,9,2,3,112,8.7014
1967,9,2,4,115,4.7325
1967,9,2,5,49,6.6942
1967,9,3,1,195,1.2534
1967,9,3,2,138,2.9100
1967,9,3,3,136,4.1757
1967,9,3,4,106,4.7958
1967,9,3,5,32,6.3342
1967,10,1,1,93,-3.6809
1967,10,1,2,245,-4.7560
1967,10,1,3,286,-2.3821
1967,10,1,4,145,-1.4692
1967,10,1,5,144,2.3505
1967,10,2,1,80,-3.2135
1967,10,2,2,115,-5.5118
1967,10,2,3,130,-2.9611
1967,10,2,4,78,-1.8376
1967,10,2,5,47,0.2486
1967,10,3,1,171,-4.7124
1967,10,3,2,207,-4.2593
1967,10,3,3,135,-4.5722
1967,10,3,4,55,1.1253
1967,10,3,5,36,3.4822
1967,11,1,1,147,0.1435
1967,11,1,2,82,0.3804
1967,11,1,3,417,-1.2947
1967,11,1,4,117,0.6361
1967,11,1,5,152,0.9481
1967,11,2,1,119,-1.5876
1967,11,2,2,43,2.5606
1967,11,2,3,177,0.4774
1967,11,2,4,65,1.4290
1967,11,2,5,45,1.8058
1967,11,3,1,211,1.4121
1967,11,3,2,90,0.1705
1967,11,3,3,214,-0.7549
1967,11,3,4,50,-1.6108
1967,11,3,5,42,2.9394
1967,12,1,1,121,7.2277
1967,12,1,2,159,10.3807
1967,12,1,3,312,8.3346
1967,12,1,4,189,9.9509
1967,12,1,5,136,14.0013
1967,12,2,1,103,4.9103
1967,12,2,2,89,4.9601
1967,12,2,3,122,7.9373
1967,12,2,4,83,7.5906
1967,12,2,5,50,13.0317
1967,12,3,1,183,2.9357
1967,12,3,2,150,3.1755
1967,12,3,3,152,1.7818
1967,12,3,4,73,3.1542
1967,12,3,5,50,8.2375
1968,1,1,1,70,0.5891
1968,1,1,2,182,2.7791
1968,1,1,3,325,3.7559
1968,1,1,4,173,6.0253
1968,1,1,5,159,3.1447
1968,1,2,1,52,-1.2801
1968,1,2,2,124,0.1694
1968,1,2,3,152,1.0159
1968,1,2,4,79,-1.2285
1968,1,2,5,52,-7.5885
1968,1,3,1,80,-4.2202
1968,1,3,2,209,-5.2149
1968,1,3,3,153,-3.4119
1968,1,3,4,112,-4.0806
1968,1,3,5,52,-3.6026
1968,2,1,1,168,-7.8497
1968,2,1,2,129,-5.8621
1968,2,1,3,188,-7.2716
1968,2,1,4,258,-5.3599
1968,2,1,5,158,-4.9099
1968,2,2,1,86,-9.2612
1968,2,2,2,70,-1.6945
1968,2,2,3,133,-4.7550
1968,2,2,4,110,-6.4429
1968,2,2,5,60,-4.9385
1968,2,3,1,127,-4.5675
1968,2,3,2,97,-3.0185
1968,2,3,3,210,-2.9757
1968,2,3,4,131,-4.5589
1968,2,3,5,35,-6.6318
1968,3,1,1,174,-2.9313
1968,3,1,2,146,-2.2660
1968,3,1,3,238,-1.1499
1968,3,1,4,221,-0.0297
1968,3,1,5,139,-2.1311
1968,3,2,1,87,-1.3808
1968,3,2,2,92,-1.7519
1968,3,2,3,140,-0.2550
1968,3,2,4,77,0.0942
1968,3,2,5,56,-0.8707
1968,3,3,1,98,2.1112
1968,3,3,2,127,2.2648
1968,3,3,3,210,0.3444
1968,3,3,4,102,0.5792
1968,3,3,5,57,-0.1748
1968,4,1,1,164,14.1027
1968,4,1,2,182,16.8606
1968,4,1,3,235,15.0569
1968,4,1,4,150,15.0813
1968,4,1,5,197,15.4647
1968,4,2,1,86,14.2518
1968,4,2,2,99,16.5115
1968,4,2,3,127,12.4899
1968,4,2,4,54,10.7867
1968,4,2,5,80,18.3885
1968,4,3,1,104,10.7251
1968,4,3,2,123,9.9982
1968,4,3,3,203,11.6540
1968,4,3,4,79,11.2203
1968,4,3,5,89,10.9595
1968,5,1,1,157,9.7095
1968,5,1,2,210,12.0193
1968,5,1,3,152,13.0313
1968,5,1,4,170,14.3660
1968,5,1,5,239,14.7973
1968,5,2,1,77,6.2552
1968,5,2,2,146,5.4026
1968,5,2,3,59,7.8355
1968,5,2,4,75,3.4878
1968,5,2,5,89,8.8006
1968,5,3,1,113,1.2587
1968,5,3,2,257,3.4408
1968,5,3,3,77,3.6104
1968,5,3,4,79,4.3243
1968,5,3,5,76,4.4476
1968,6,1,1,141,-0.5871
1968,6,1,2,266,-0.9061
1968,6,1,3,75,-0.5685
1968,6,1,4,239,3.0512
1968,6,1,5,209,0.3611
1968,6,2,1,95,1.3048
1968,6,2,2,140,0.4124
1968,6,2,3,43,0.3548
1968,6,2,4,95,-0.0144
1968,6,2,5,75,-0.3006
1968,6,3,1,158,0.2508
1968,6,3,2,223,0.8454
1968,6,3,3,66,0.4020
1968,6,3,4,89,-1.9511
1968,6,3,5,64,0.3194
1968,7,1,1,173,-0.9507
1968,7,1,2,232,-5.2109
1968,7,1,3,126,-2.5108
1968,7,1,4,215,-3.6514
1968,7,1,5,168,-5.9875
1968,7,2,1,79,-5.3292
1968,7,2,2,123,-4.6776
1968,7,2,3,86,-3.6264
1968,7,2,4,97,-2.0887
1968,7,2,5,70,-0.1729
1968,7,3,1,105,-5.2304
1968,7,3,2,146,-5.7778
1968,7,3,3,190,-3.3690
1968,7,3,4,94,-3.8633
1968,7,3,5,64,-5.6200
1968,8,1,1,170,0.2664
1968,8,1,2,210,5.9884
1968,8,1,3,183,2.9797
1968,8,1,4,196,4.7437
1968,8,1,5,154,4.0500
1968,8,2,1,67,2.2473
1968,8,2,2,135,2.7214
1968,8,2,3,91,2.0667
1968,8,2,4,90,3.6510
1968,8,2,5,61,6.1435
1968,8,3,1,76,-2.1811
1968,8,3,2,203,2.0526
1968,8,3,3,135,1.5767
1968,8,3,4,123,2.3657
1968,8,3,5,65,5.0026
1968,9,1,1,43,12.3135
1968,9,1,2,290,4.9278
1968,9,1,3,286,5.9401
1968,9,1,4,129,8.2824
1968,9,1,5,166,8.1632
1968,9,2,1,37,4.1418
1968,9,2,2,159,5.3808
1968,9,2,3,126,7.6163
1968,9,2,4,64,9.0736
1968,9,2,5,63,7.6263
1968,9,3,1,48,2.2327
1968,9,3,2,243,6.6195
1968,9,3,3,155,5.3148
1968,9,3,4,85,6.1908
1968,9,3,5,73,7.5481
1968,10,1,1,82,-5.3373
1968,10,1,2,184,1.5539
1968,10,1,3,309,-1.3360
1968,10,1,4,175,2.7901
1968,10,1,5,160,-0.4710
1968,10,2,1,56,-1.2050
1968,10,2,2,109,1.7165
1968,10,2,3,142,3.0817
1968,10,2,4,82,0.1633
1968,10,2,5,62,-0.5158
1968,10,3,1,74,0.2371
1968,10,3,2,205,0.0483
1968,10,3,3,182,-0.4782
1968,10,3,4,75,0.2017
1968,10,3,5,70,0.9246
1968,11,1,1,138,3.4341
1968,11,1,2,151,6.8376
1968,11,1,3,271,7.2069
1968,11,1,4,239,5.8320
1968,11,1,5,122,7.2961
1968,11,2,1,47,8.7802
1968,11,2,2,75,7.7459
1968,11,2,3,160,8.7471
1968,11,2,4,119,7.2021
1968,11,2,5,45,9.8133
1968,11,3,1,64,7.4387
1968,11,3,2,91,5.6337
1968,11,3,3,222,7.0123
1968,11,3,4,168,4.9821
1968,11,3,5,56,5.3989
1968,12,1,1,70,2.9062
1968,12,1,2,224,4.1151
1968,12,1,3,238,5.5479
1968,12,1,4,285,-0.0939
1968,12,1,5,101,1.3531
1968,12,2,1,36,-1.3293
1968,12,2,2,86,2.0835
1968,12,2,3,117,-0.4139
1968,12,2,4,164,-1.8193
1968,12,2,5,56,0.8964
1968,12,3,1,47,0.1267
1968,12,3,2,119,-3.8120
1968,12,3,3,119,-2.7717
1968,12,3,4,228,-3.7045
1968,12,3,5,84,-2.7647
1969,1,1,1,119,-1.6821
1969,1,1,2,252,-3.6965
1969,1,1,3,202,0.1240
1969,1,1,4,210,-0.9961
1969,1,1,5,135,4.0377
1969,1,2,1,52,0.6348
1969,1,2,2,132,-2.2314
1969,1,2,3,104,-0.2457
1969,1,2,4,98,-2.0292
1969,1,2,5,70,-1.1608
1969,1,3,1,74,-3.4088
1969,1,3,2,207,-0.8331
1969,1,3,3,121,-0.6935
1969,1,3,4,97,-0.6793
1969,1,3,5,101,-1.8711
1969,2,1,1,147,-10.3619
1969,2,1,2,245,-9.9666
1969,2,1,3,131,-9.7559
1969,2,1,4,274,-9.3797
1969,2,1,5,122,-9.9077
1969,2,2,1,68,-8.0388
1969,2,2,2,135,-9.8035
1969,2,2,3,58,-6.8037
1969,2,2,4,137,-9.5508
1969,2,2,5,58,-11.0838
1969,2,3,1,94,-4.0393
1969,2,3,2,227,-4.7002
1969,2,3,3,93,-6.1879
1969,2,3,4,123,-6.4412
1969,2,3,5,66,-8.6515
1969,3,1,1,145,1.4344
1969,3,1,2,213,2.0089
1969,3,1,3,240,2.0736
1969,3,1,4,211,1.4778
1969,3,1,5,127,2.3272
1969,3,2,1,52,-1.0493
1969,3,2,2,90,3.3151
1969,3,2,3,147,2.3008
1969,3,2,4,96,2.5301
1969,3,2,5,69,1.6271
1969,3,3,1,56,0.1348
1969,3,3,2,96,2.7940
1969,3,3,3,267,1.9694
1969,3,3,4,91,2.4929
1969,3,3,5,90,1.3541
1969,4,1,1,170,-2.8676
1969,4,1,2,172,1.4697
1969,4,1,3,264,-0.7944
1969,4,1,4,265,-1.1575
1969,4,1,5,69,-2.1080
1969,4,2,1,63,-4.8524
1969,4,2,2,77,-0.2190
1969,4,2,3,125,0.9785
1969,4,2,4,147,3.5866
1969,4,2,5,41,0.1728
1969,4,3,1,53,-1.2175
1969,4,3,2,112,0.5158
1969,4,3,3,145,3.0115
1969,4,3,4,213,0.8818
1969,4,3,5,82,4.5436
1969,5,1,1,140,0.3328
1969,5,1,2,277,-0.8677
1969,5,1,3,194,0.5160
1969,5,1,4,186,4.6478
1969,5,1,5,139,0.8590
1969,5,2,1,50,-1.7548
1969,5,2,2,121,-3.7770
1969,5,2,3,89,-0.7565
1969,5,2,4,134,0.1458
1969,5,2,5,67,1.7630
1969,5,3,1,44,-2.6178
1969,5,3,2,155,-0.2481
1969,5,3,3,91,-0.5181
1969,5,3,4,214,0.7851
1969,5,3,5,102,2.7042
1969,6,1,1,106,-11.0858
1969,6,1,2,251,-12.8977
1969,6,1,3,252,-12.5580
1969,6,1,4,174,-13.2687
1969,6,1,5,148,-13.4224
1969,6,2,1,57,-12.1301
1969,6,2,2,98,-14.1702
1969,6,2,3,143,-9.6924
1969,6,2,4,92,-9.8879
1969,6,2,5,77,-13.9587
1969,6,3,1,56,-10.9177
1969,6,3,2,89,-9.3833
1969,6,3,3,192,-7.9733
1969,6,3,4,151,-5.3223
1969,6,3,5,123,-8.0738
1969,7,1,1,96,-14.6094
1969,7,1,2,243,-13.1199
1969,7,1,3,242,-10.8716
1969,7,1,4,183,-11.0752
1969,7,1,5,187,-10.9713
1969,7,2,1,42,-8.7156
1969,7,2,2,93,-10.6258
1969,7,2,3,108,-8.7199
1969,7,2,4,127,-6.9521
1969,7,2,5,93,-11.2410
1969,7,3,1,39,-5.6541
1969,7,3,2,88,-7.2370
1969,7,3,3,115,-6.7108
1969,7,3,4,228,-5.6732
1969,7,3,5,139,-6.0826
1969,8,1,1,119,8.8117
1969,8,1,2,128,4.7415
1969,8,1,3,280,4.5145
1969,8,1,4,242,4.2521
1969,8,1,5,190,5.8003
1969,8,2,1,55,4.2200
1969,8,2,2,46,4.3954
1969,8,2,3,122,5.9011
1969,8,2,4,149,6.1789
1969,8,2,5,91,9.4499
1969,8,3,1,51,7.9617
1969,8,3,2,37,4.8113
1969,8,3,3,139,6.1936
1969,8,3,4,238,4.8399
1969,8,3,5,146,6.7376
1969,9,1,1,133,-5.3561
1969,9,1,2,169,-2.4320
1969,9,1,3,247,-3.6653
1969,9,1,4,229,-3.0267
1969,9,1,5,190,-3.0613
1969,9,2,1,49,0.0912
1969,9,2,2,69,4.8295
1969,9,2,3,137,0.8598
1969,9,2,4,122,-0.7015
1969,9,2,5,92,1.1524
1969,9,3,1,59,-1.8178
1969,9,3,2,52,-0.9028
1969,9,3,3,202,-1.1012
1969,9,3,4,158,-1.6406
1969,9,3,5,141,0.9276
1969,10,1,1,148,12.7767
1969,10,1,2,242,10.5920
1969,10,1,3,182,7.6826
1969,10,1,4,205,12.1775
1969,10,1,5,187,15.2400
1969,10,2,1,68,2.8955
1969,10,2,2,106,9.5059
1969,10,2,3,122,4.8371
1969,10,2,4,86,10.4698
1969,10,2,5,96,10.4660
1969,10,3,1,101,10.7548
1969,10,3,2,100,9.7983
1969,10,3,3,174,5.3448
1969,10,3,4,90,8.4618
1969,10,3,5,149,6.3862
1969,11,1,1,184,-8.4677
1969,11,1,2,287,-6.5038
1969,11,1,3,136,-6.7824
1969,11,1,4,298,-8.7153
1969,11,1,5,57,-5.0203
1969,11,2,1,84,-6.0364
1969,11,2,2,137,-4.7724
1969,11,2,3,92,-6.8006
1969,11,2,4,142,-3.7340
1969,11,2,5,26,-0.5707
1969,11,3,1,105,-4.6654
1969,11,3,2,143,-2.7286
1969,11,3,3,154,-3.7309
1969,11,3,4,141,-0.7817
1969,11,3,5,76,-0.6402
1969,12,1,1,186,-11.0744
1969,12,1,2,273,-8.7922
1969,12,1,3,162,-7.6043
1969,12,1,4,270,-7.6982
1969,12,1,5,75,-7.5657
1969,12,2,1,83,-7.1901
1969,12,2,2,146,-5.5474
1969,12,2,3,80,-4.8513
1969,12,2,4,130,-3.0958
1969,12,2,5,40,-6.6248
1969,12,3,1,105,-0.6568
1969,12,3,2,208,-3.3133
1969,12,3,3,93,-2.4200
1969,12,3,4,118,0.2472
1969,12,3,5,97,1.3899
1970,1,1,1,180,-1.1160
1970,1,1,2,246,-4.2695
1970,1,1,3,337,-3.5292
1970,1,1,4,153,-4.2069
1970,1,1,5,57,-4.8903
1970,1,2,1,94,-2.9553
1970,1,2,2,133,-7.0928
1970,1,2,3,144,-11.2776
1970,1,2,4,68,-5.6052
1970,1,2,5,39,-6.7774
1970,1,3,1,127,-11.1991
1970,1,3,2,188,-5.5579
1970,1,3,3,120,-9.6864
1970,1,3,4,117,-5.8906
1970,1,3,5,67,-8.2079
1970,2,1,1,191,1.1269
1970,2,1,2,309,1.1144
1970,2,1,3,294,1.5880
1970,2,1,4,153,4.0594
1970,2,1,5,41,4.6968
1970,2,2,1,94,3.6460
1970,2,2,2,144,2.1633
1970,2,2,3,123,2.8566
1970,2,2,4,83,3.6640
1970,2,2,5,24,3.2296
1970,2,3,1,145,5.8285
1970,2,3,2,199,6.7127
1970,2,3,3,112,6.4385
1970,2,3,4,103,3.8660
1970,2,3,5,60,4.2720
1970,3,1,1,144,-2.2837
1970,3,1,2,246,-5.8261
1970,3,1,3,378,-5.7588
1970,3,1,4,175,-4.9865
1970,3,1,5,49,-2.8869
1970,3,2,1,83,-1.4629
1970,3,2,2,91,-4.5054
1970,3,2,3,183,-2.1527
1970,3,2,4,91,-2.0511
1970,3,2,5,29,-2.2006
1970,3,3,1,128,-6.9130
1970,3,3,2,105,-1.7263
1970,3,3,3,232,-0.7855
1970,3,3,4,88,0.2329
1970,3,3,5,69,-3.7493
1970,4,1,1,139,-22.8430
1970,4,1,2,280,-20.1113
1970,4,1,3,334,-18.8173
1970,4,1,4,98,-17.4492
1970,4,1,5,156,-15.6764
1970,4,2,1,54,-19.0596
1970,4,2,2,99,-16.5053
1970,4,2,3,171,-19.5758
1970,4,2,4,54,-15.3573
1970,4,2,5,96,-14.7105
1970,4,3,1,83,-16.7644
1970,4,3,2,114,-12.4692
1970,4,3,3,154,-12.0643
1970,4,3,4,103,-9.6590
1970,4,3,5,166,-13.0802
1970,5,1,1,149,-13.8246
1970,5,1,2,243,-10.1466
1970,5,1,3,290,-8.4716
1970,5,1,4,245,-9.7231
1970,5,1,5,96,-5.9040
1970,5,2,1,37,-12.9182
1970,5,2,2,90,-12.4101
1970,5,2,3,148,-12.6127
1970,5,2,4,118,-8.4095
1970,5,2,5,71,-5.3948
1970,5,3,1,41,-13.1050
1970,5,3,2,84,-12.1610
1970,5,3,3,142,-8.2421
1970,5,3,4,186,-6.2290
1970,5,3,5,159,-3.4619
1970,6,1,1,128,-11.2043
1970,6,1,2,260,-9.9649
1970,6,1,3,274,-11.0580
1970,6,1,4,294,-7.7504
1970,6,1,5,72,-8.4308
1970,6,2,1,38,-11.1403
1970,6,2,2,80,-6.0084
1970,6,2,3,137,-10.4535
1970,6,2,4,143,-6.5308
1970,6,2,5,71,-4.1536
1970,6,3,1,40,-6.9108
1970,6,3,2,62,-5.5605
1970,6,3,3,127,-7.6208
1970,6,3,4,217,-2.2573
1970,6,3,5,163,-2.7447
1970,7,1,1,164,-1.0279
1970,7,1,2,157,2.5474
1970,7,1,3,407,5.8430
1970,7,1,4,202,6.4525
1970,7,1,5,97,7.1102
1970,7,2,1,43,6.3459
1970,7,2,2,69,3.7110
1970,7,2,3,163,8.4599
1970,7,2,4,115,12.7475
1970,7,2,5,70,4.7648
1970,7,3,1,47,4.9556
1970,7,3,2,51,7.7684
1970,7,3,3,177,7.0093
1970,7,3,4,179,6.7536
1970,7,3,5,161,6.2877
1970,8,1,1,114,8.5222
1970,8,1,2,236,6.2594
1970,8,1,3,240,6.1338
1970,8,1,4,295,5.6507
1970,8,1,5,148,6.1551
1970,8,2,1,39,1.9718
1970,8,2,2,79,9.9245
1970,8,2,3,93,7.2891
1970,8,2,4,138,4.5935
1970,8,2,5,110,5.1855
1970,8,3,1,28,5.3525
1970,8,3,2,65,5.9504
1970,8,3,3,147,4.7204
1970,8,3,4,145,2.0484
1970,8,3,5,229,3.7408
1970,9,1,1,114,8.0223
1970,9,1,2,211,19.4957
1970,9,1,3,263,13.5724
1970,9,1,4,285,13.8192
1970,9,1,5,156,10.4631
1970,9,2,1,37,22.2652
1970,9,2,2,75,16.5036
1970,9,2,3,97,9.6930
1970,9,2,4,133,8.2681
1970,9,2,5,122,7.5771
1970,9,3,1,29,21.1957
1970,9,3,2,68,9.2516
1970,9,3,3,146,6.2527
1970,9,3,4,140,6.5965
1970,9,3,5,231,1.2750
1970,10,1,1,169,-14.8710
1970,10,1,2,191,-8.8170
1970,10,1,3,242,-6.3302
1970,10,1,4,186,-5.4490
1970,10,1,5,238,-3.6182
1970,10,2,1,69,-11.1405
1970,10,2,2,72,-7.7078
1970,10,2,3,88,-5.4561
1970,10,2,4,112,-2.2197
1970,10,2,5,127,-2.4615
1970,10,3,1,40,-9.5116
1970,10,3,2,91,-6.2728
1970,10,3,3,126,-2.0926
1970,10,3,4,203,-1.8728
1970,10,3,5,164,0.4876
1970,11,1,1,201,-4.0266
1970,11,1,2,150,-2.6205
1970,11,1,3,190,-3.1670
1970,11,1,4,274,-1.9059
1970,11,1,5,213,-0.9718
1970,11,2,1,76,1.6486
1970,11,2,2,71,2.2994
1970,11,2,3,84,-0.4031
1970,11,2,4,140,3.1249
1970,11,2,5,101,-0.2712
1970,11,3,1,56,4.5642
1970,11,3,2,109,6.1688
1970,11,3,3,93,3.6072
1970,11,3,4,230,7.2049
1970,11,3,5,137,5.8385
1970,12,1,1,114,9.1193
1970,12,1,2,234,6.8434
1970,12,1,3,288,10.3568
1970,12,1,4,183,10.3538
1970,12,1,5,213,6.1354
1970,12,2,1,48,10.2828
1970,12,2,2,92,5.4776
1970,12,2,3,136,11.4774
1970,12,2,4,93,7.1511
1970,12,2,5,105,7.8789
1970,12,3,1,51,2.7671
1970,12,3,2,102,7.1723
1970,12,3,3,167,6.1696
1970,12,3,4,167,7.6167
1970,12,3,5,138,2.0493
1971,1,1,1,105,16.6744
1971,1,1,2,116,12.5339
1971,1,1,3,228,15.7238
1971,1,1,4,327,17.8118
1971,1,1,5,260,15.5535
1971,1,2,1,50,7.7437
1971,1,2,2,58,8.0613
1971,1,2,3,106,11.3149
1971,1,2,4,146,10.3996
1971,1,2,5,108,12.2040
1971,1,3,1,58,9.1738
1971,1,3,2,107,7.6436
1971,1,3,3,118,4.8825
1971,1,3,4,230,6.6890
1971,1,3,5,109,9.7364
1971,2,1,1,119,6.8889
1971,2,1,2,220,6.3231
1971,2,1,3,168,4.4093
1971,2,1,4,345,11.1140
1971,2,1,5,189,5.4258
1971,2,2,1,65,7.1371
1971,2,2,2,138,3.2740
1971,2,2,3,73,3.3972
1971,2,2,4,121,6.8108
1971,2,2,5,70,-0.3072
1971,2,3,1,109,1.4286
1971,2,3,2,230,0.3022
1971,2,3,3,91,2.8368
1971,2,3,4,122,4.3146
1971,2,3,5,69,6.6847
1971,3,1,1,146,5.3896
1971,3,1,2,261,5.9443
1971,3,1,3,214,5.2722
1971,3,1,4,279,5.6718
1971,3,1,5,127,6.9963
1971,3,2,1,98,5.6237
1971,3,2,2,108,8.4759
1971,3,2,3,92,6.6576
1971,3,2,4,118,5.1606
1971,3,2,5,65,6.1017
1971,3,3,1,184,2.8672
1971,3,3,2,175,4.2112
1971,3,3,3,107,6.7112
1971,3,3,4,97,4.6003
1971,3,3,5,60,7.0565
1971,4,1,1,163,1.9402
1971,4,1,2,155,0.0475
1971,4,1,3,285,4.0959
1971,4,1,4,270,2.7207
1971,4,1,5,155,1.0778
1971,4,2,1,79,1.2319
1971,4,2,2,98,2.3030
1971,4,2,3,133,3.5683
1971,4,2,4,103,3.0380
1971,4,2,5,66,2.9801
1971,4,3,1,91,2.8299
1971,4,3,2,216,3.3224
1971,4,3,3,152,4.5089
1971,4,3,4,99,6.2582
1971,4,3,5,66,8.0198
1971,5,1,1,132,-5.6454
1971,5,1,2,207,-4.1574
1971,5,1,3,258,-6.6929
1971,5,1,4,213,-6.7779
1971,5,1,5,225,-6.8005
1971,5,2,1,114,-4.7080
1971,5,2,2,96,-6.6450
1971,5,2,3,106,-1.9480
1971,5,2,4,78,-6.0566
1971,5,2,5,83,-7.8775
1971,5,3,1,187,-3.1733
1971,5,3,2,132,-2.8335
1971,5,3,3,142,-3.2180
1971,5,3,4,88,-0.6077
1971,5,3,5,75,-2.7325
1971,6,1,1,173,-2.3363
1971,6,1,2,148,-2.2218
1971,6,1,3,328,-2.8573
1971,6,1,4,210,-1.9909
1971,6,1,5,171,-3.2375
1971,6,2,1,117,-2.7010
1971,6,2,2,85,-1.7382
1971,6,2,3,129,-0.7573
1971,6,2,4,81,-0.9517
1971,6,2,5,69,-2.7057
1971,6,3,1,207,0.2867
1971,6,3,2,119,1.0059
1971,6,3,3,138,1.2268
1971,6,3,4,96,-0.1075
1971,6,3,5,70,0.8464
1971,7,1,1,267,-5.3730
1971,7,1,2,170,-7.1597
1971,7,1,3,118,-4.0225
1971,7,1,4,334,-6.8527
1971,7,1,5,142,-7.5817
1971,7,2,1,158,-4.5381
1971,7,2,2,64,-5.5329
1971,7,2,3,73,-3.1991
1971,7,2,4,129,-7.3488
1971,7,2,5,51,-7.4604
1971,7,3,1,231,-3.5790
1971,7,3,2,124,-5.6343
1971,7,3,3,79,-5.7372
1971,7,3,4,147,-5.0407
1971,7,3,5,46,-10.6863
1971,8,1,1,203,3.7695
1971,8,1,2,199,1.9609
1971,8,1,3,253,2.6425
1971,8,1,4,300,2.5277
1971,8,1,5,86,2.2719
1971,8,2,1,88,5.4453
1971,8,2,2,93,3.7272
1971,8,2,3,115,6.1654
1971,8,2,4,135,3.3401
1971,8,2,5,37,3.3356
1971,8,3,1,99,5.2174
1971,8,3,2,147,4.9089
1971,8,3,3,147,5.4253
1971,8,3,4,194,6.0175
1971,8,3,5,44,5.2344
1971,9,1,1,119,-0.2962
1971,9,1,2,249,-2.7667
1971,9,1,3,222,-1.2385
1971,9,1,4,220,-0.8746
1971,9,1,5,242,1.5348
1971,9,2,1,36,-3.1346
1971,9,2,2,157,-2.5379
1971,9,2,3,80,-0.2369
1971,9,2,4,86,0.9769
1971,9,2,5,107,-0.7026
1971,9,3,1,49,2.3551
1971,9,3,2,216,-2.3010
1971,9,3,3,114,0.6124
1971,9,3,4,118,-1.5682
1971,9,3,5,136,-0.3504
1971,10,1,1,112,-7.5611
1971,10,1,2,232,-7.7790
1971,10,1,3,192,-10.5481
1971,10,1,4,331,-5.5630
1971,10,1,5,184,-6.3217
1971,10,2,1,39,-10.8320
1971,10,2,2,124,-7.7313
1971,10,2,3,89,-4.7333
1971,10,2,4,135,-4.8541
1971,10,2,5,89,-3.9172
1971,10,3,1,49,-6.7633
1971,10,3,2,149,-4.9084
1971,10,3,3,122,-4.8802
1971,10,3,4,178,-5.7514
1971,10,3,5,137,-5.5606
1971,11,1,1,154,-1.7828
1971,11,1,2,165,-3.5094
1971,11,1,3,308,-4.9239
1971,11,1,4,215,-4.9049
1971,11,1,5,219,-5.6358
1971,11,2,1,53,-1.0987
1971,11,2,2,62,-4.5269
1971,11,2,3,121,-2.8141
1971,11,2,4,135,-2.3905
1971,11,2,5,103,0.5211
1971,11,3,1,47,-3.8097
1971,11,3,2,60,-1.3893
1971,11,3,3,160,-1.8841
1971,11,3,4,208,-0.4215
1971,11,3,5,159,-0.2856
1971,12,1,1,83,12.4871
1971,12,1,2,253,12.1556
1971,12,1,3,331,13.6848
1971,12,1,4,157,12.9589
1971,12,1,5,236,14.2220
1971,12,2,1,49,15.0537
1971,12,2,2,94,14.0058
1971,12,2,3,116,15.5116
1971,12,2,4,85,11.0392
1971,12,2,5,136,10.7671
1971,12,3,1,36,14.1182
1971,12,3,2,68,12.1900
1971,12,3,3,161,11.6030
1971,12,3,4,128,9.4274
1971,12,3,5,248,9.6134
1972,1,1,1,91,17.8609
1972,1,1,2,249,14.8839
1972,1,1,3,282,10.8297
1972,1,1,4,208,17.5330
1972,1,1,5,239,10.9244
1972,1,2,1,39,6.5097
1972,1,2,2,97,8.0536
1972,1,2,3,156,5.4983
1972,1,2,4,84,6.1425
1972,1,2,5,107,11.5737
1972,1,3,1,41,5.1970
1972,1,3,2,116,4.6116
1972,1,3,3,221,1.8659
1972,1,3,4,111,3.1441
1972,1,3,5,153,3.6105
1972,2,1,1,130,4.1398
1972,2,1,2,165,7.7910
1972,2,1,3,373,3.9012
1972,2,1,4,259,4.7134
1972,2,1,5,141,1.7889
1972,2,2,1,104,2.1399
1972,2,2,2,80,3.6901
1972,2,2,3,159,4.0829
1972,2,2,4,88,5.4860
1972,2,2,5,55,2.2586
1972,2,3,1,181,2.2709
1972,2,3,2,112,3.8036
1972,2,3,3,194,3.7843
1972,2,3,4,94,3.6947
1972,2,3,5,65,3.4938
1972,3,1,1,96,-0.9301
1972,3,1,2,308,-1.8169
1972,3,1,3,329,-0.6277
1972,3,1,4,192,-0.0163
1972,3,1,5,152,-0.5385
1972,3,2,1,35,0.5304
1972,3,2,2,186,0.3721
1972,3,2,3,120,-0.0824
1972,3,2,4,96,3.5771
1972,3,2,5,47,0.5225
1972,3,3,1,57,2.9058
1972,3,3,2,278,0.1325
1972,3,3,3,135,2.4594
1972,3,3,4,135,0.9068
1972,3,3,5,43,-4.2542
1972,4,1,1,160,2.4484
1972,4,1,2,235,-2.7549
1972,4,1,3,393,0.5255
1972,4,1,4,131,0.3943
1972,4,1,5,152,-0.3701
1972,4,2,1,72,3.0016
1972,4,2,2,142,-0.3974
1972,4,2,3,167,2.8852
1972,4,2,4,60,-4.0379
1972,4,2,5,46,0.6117
1972,4,3,1,112,0.2587
1972,4,3,2,211,-2.2940
1972,4,3,3,164,0.9246
1972,4,3,4,112,2.8317
1972,4,3,5,54,3.4574
1972,5,1,1,212,-2.1798
1972,5,1,2,301,-1.1625
1972,5,1,3,180,-1.7643
1972,5,1,4,207,-2.5778
1972,5,1,5,176,-1.7131
1972,5,2,1,125,-1.5786
1972,5,2,2,141,-3.6080
1972,5,2,3,76,-0.5387
1972,5,2,4,84,-1.8738
1972,5,2,5,66,-1.9769
1972,5,3,1,222,-4.6028
1972,5,3,2,155,-0.9220
1972,5,3,3,94,1.4938
1972,5,3,4,109,3.0877
1972,5,3,5,68,3.5290
1972,6,1,1,186,-4.8341
1972,6,1,2,384,-4.4166
1972,6,1,3,151,-3.1715
1972,6,1,4,194,-2.7904
1972,6,1,5,153,-2.9986
1972,6,2,1,111,-3.4489
1972,6,2,2,170,-3.3117
1972,6,2,3,77,-2.5492
1972,6,2,4,85,-3.6609
1972,6,2,5,53,-4.1506
1972,6,3,1,200,-5.7797
1972,6,3,2,180,-2.5005
1972,6,3,3,108,-4.4165
1972,6,3,4,119,-1.8968
1972,6,3,5,48,-3.1431
1972,7,1,1,125,-3.5205
1972,7,1,2,433,-4.6327
1972,7,1,3,163,-4.5434
1972,7,1,4,213,-1.3821
1972,7,1,5,133,-5.5151
1972,7,2,1,79,-2.5571
1972,7,2,2,195,-2.0690
1972,7,2,3,85,-0.2941
1972,7,2,4,83,-4.9199
1972,7,2,5,49,-1.8219
1972,7,3,1,126,-4.9504
1972,7,3,2,232,-1.2414
1972,7,3,3,100,-1.2211
1972,7,3,4,114,-1.7221
1972,7,3,5,85,-2.0928
1972,8,1,1,207,0.9705
1972,8,1,2,278,-0.1029
1972,8,1,3,299,-0.1024
1972,8,1,4,164,-1.2134
1972,8,1,5,127,0.2278
1972,8,2,1,63,-2.8183
1972,8,2,2,162,2.6728
1972,8,2,3,121,2.3745
1972,8,2,4,88,0.8530
1972,8,2,5,50,1.0717
1972,8,3,1,66,4.8491
1972,8,3,2,209,4.5798
1972,8,3,3,160,3.7157
1972,8,3,4,120,2.2122
1972,8,3,5,108,-0.2709
1972,9,1,1,186,-4.5896
1972,9,1,2,441,-5.4912
1972,9,1,3,165,-4.2358
1972,9,1,4,121,-6.2625
1972,9,1,5,171,-4.2731
1972,9,2,1,64,-1.7294
1972,9,2,2,161,-3.7524
1972,9,2,3,108,-1.5615
1972,9,2,4,78,-4.1949
1972,9,2,5,71,-2.1927
1972,9,3,1,57,-6.0372
1972,9,3,2,160,-2.2066
1972,9,3,3,187,0.3519
1972,9,3,4,125,-3.7710
1972,9,3,5,135,-1.2546
1972,10,1,1,145,-3.8219
1972,10,1,2,410,-2.0943
1972,10,1,3,225,-4.7958
1972,10,1,4,124,-1.3260
1972,10,1,5,184,-3.9542
1972,10,2,1,47,-6.0687
1972,10,2,2,156,-0.3347
1972,10,2,3,85,-2.5616
1972,10,2,4,105,-1.2985
1972,10,2,5,93,2.7257
1972,10,3,1,53,-2.3526
1972,10,3,2,139,-0.1348
1972,10,3,3,109,-0.6060
1972,10,3,4,171,1.8814
1972,10,3,5,193,0.2526
1972,11,1,1,143,2.7174
1972,11,1,2,328,5.1808
1972,11,1,3,272,3.2159
1972,11,1,4,203,3.0246
1972,11,1,5,142,3.8939
1972,11,2,1,53,6.0080
1972,11,2,2,132,4.3937
1972,11,2,3,104,4.7173
1972,11,2,4,92,5.8423
1972,11,2,5,105,3.5718
1972,11,3,1,50,7.0519
1972,11,3,2,103,7.6764
1972,11,3,3,129,6.6485
1972,11,3,4,137,4.7610
1972,11,3,5,250,3.0471
1972,12,1,1,153,-0.5729
1972,12,1,2,201,-1.5378
1972,12,1,3,309,-5.3730
1972,12,1,4,253,-0.7634
1972,12,1,5,184,-2.2722
1972,12,2,1,62,-1.6223
1972,12,2,2,71,-2.0138
1972,12,2,3,115,-1.2955
1972,12,2,4,107,-1.9521
1972,12,2,5,130,-2.1763
1972,12,3,1,58,-0.1432
1972,12,3,2,60,1.2578
1972,12,3,3,123,2.6357
1972,12,3,4,152,-0.2232
1972,12,3,5,275,1.0201
1973,1,1,1,248,-3.9179
1973,1,1,2,659,-2.5323
1973,1,1,3,514,-2.9671
1973,1,1,4,788,-4.0654
1973,1,1,5,355,-1.7728
1973,1,2,1,53,-11.1243
1973,1,2,2,133,-5.4445
1973,1,2,3,102,-4.0054
1973,1,2,4,187,-5.4061
1973,1,2,5,160,-5.6683
1973,1,3,1,40,-3.7454
1973,1,3,2,82,-6.2447
1973,1,3,3,109,-3.3009
1973,1,3,4,204,-4.7550
1973,1,3,5,285,-1.9385
1973,2,1,1,474,-10.8822
1973,2,1,2,620,-8.8439
1973,2,1,3,377,-5.2973
1973,2,1,4,796,-9.9086
1973,2,1,5,310,-3.4764
1973,2,2,1,101,-6.7262
1973,2,2,2,123,-8.9136
1973,2,2,3,66,-5.6470
1973,2,2,4,187,-10.7067
1973,2,2,5,159,-6.7241
1973,2,3,1,99,-7.6567
1973,2,3,2,72,-5.7005
1973,2,3,3,62,-3.2799
1973,2,3,4,245,-4.8325
1973,2,3,5,248,-2.0323
1973,3,1,1,559,-3.1440
1973,3,1,2,707,-4.2877
1973,3,1,3,455,-2.1626
1973,3,1,4,499,-2.4225
1973,3,1,5,355,-2.5525
1973,3,2,1,93,-4.5422
1973,3,2,2,127,-3.1361
1973,3,2,3,107,-4.4950
1973,3,2,4,141,-5.0986
1973,3,2,5,161,-3.0768
1973,3,3,1,71,-4.0619
1973,3,3,2,99,-0.8292
1973,3,3,3,129,-1.0711
1973,3,3,4,146,0.9140
1973,3,3,5,276,0.1586
1973,4,1,1,763,-10.4410
1973,4,1,2,661,-8.9541
1973,4,1,3,499,-9.0107
1973,4,1,4,404,-6.9787
1973,4,1,5,227,-3.8044
1973,4,2,1,102,-11.3160
1973,4,2,2,143,-9.9926
1973,4,2,3,133,-10.1306
1973,4,2,4,146,-9.4428
1973,4,2,5,95,-7.4782
1973,4,3,1,75,-11.1691
1973,4,3,2,148,-6.4311
1973,4,3,3,111,-8.4482
1973,4,3,4,237,-3.5274
1973,4,3,5,155,-2.1726
1973,5,1,1,729,-12.9273
1973,5,1,2,600,-9.0839
1973,5,1,3,615,-8.9567
1973,5,1,4,287,-7.4709
1973,5,1,5,321,-10.1463
1973,5,2,1,94,-15.1126
1973,5,2,2,144,-8.7949
1973,5,2,3,159,-8.2658
1973,5,2,4,102,-9.7944
1973,5,2,5,115,-6.0264
1973,5,3,1,64,-10.1374
1973,5,3,2,124,-3.8380
1973,5,3,3,166,-1.8716
1973,5,3,4,195,0.4983
1973,5,3,5,168,-1.4303
1973,6,1,1,590,-4.9688
1973,6,1,2,685,-3.9542
1973,6,1,3,597,-3.9534
1973,6,1,4,396,-4.6379
1973,6,1,5,248,-2.9336
1973,6,2,1,88,-5.9601
1973,6,2,2,137,-4.7344
1973,6,2,3,144,-4.3460
1973,6,2,4,156,-3.2252
1973,6,2,5,71,-4.7687
1973,6,3,1,73,-8.4412
1973,6,3,2,100,-5.0100
1973,6,3,3,151,-1.8493
1973,6,3,4,247,-1.1018
1973,6,3,5,147,0.1323
1973,7,1,1,538,15.2185
1973,7,1,2,799,12.9621
1973,7,1,3,574,14.3481
1973,7,1,4,313,9.8274
1973,7,1,5,253,10.0634
1973,7,2,1,80,18.4922
1973,7,2,2,155,12.5715
1973,7,2,3,149,13.8220
1973,7,2,4,137,7.6701
1973,7,2,5,73,18.4666
1973,7,3,1,48,22.0958
1973,7,3,2,140,12.6953
1973,7,3,3,163,10.4780
1973,7,3,4,224,3.9742
1973,7,3,5,151,3.5224
1973,8,1,1,532,-6.4440
1973,8,1,2,649,-6.2026
1973,8,1,3,497,-3.5854
1973,8,1,4,556,-5.7799
1973,8,1,5,220,-5.2236
1973,8,2,1,76,-10.1169
1973,8,2,2,137,-5.8353
1973,8,2,3,136,-2.3227
1973,8,2,4,170,-5.5027
1973,8,2,5,76,-3.7235
1973,8,3,1,53,-6.0663
1973,8,3,2,125,-4.1789
1973,8,3,3,206,-1.3274
1973,8,3,4,226,-2.7805
1973,8,3,5,119,0.1783
1973,9,1,1,328,10.5231
1973,9,1,2,834,7.6817
1973,9,1,3,568,8.9800
1973,9,1,4,351,7.9628
1973,9,1,5,329,5.4527
1973,9,2,1,54,10.1624
1973,9,2,2,178,9.0911
1973,9,2,3,144,10.2178
1973,9,2,4,115,7.8854
1973,9,2,5,119,9.7901
1973,9,3,1,54,11.4857
1973,9,3,2,140,9.0945
1973,9,3,3,223,5.5904
1973,9,3,4,161,7.2606
1973,9,3,5,144,8.2836
1973,10,1,1,311,2.1382
1973,10,1,2,591,-2.7183
1973,10,1,3,582,-2.1079
1973,10,1,4,523,2.9315
1973,10,1,5,366,1.8654
1973,10,2,1,38,2.2517
1973,10,2,2,160,-3.4364
1973,10,2,3,157,-1.7953
1973,10,2,4,136,0.1804
1973,10,2,5,120,1.4889
1973,10,3,1,42,-6.3154
1973,10,3,2,177,-1.0381
1973,10,3,3,199,-4.0360
1973,10,3,4,173,-0.2789
1973,10,3,5,136,3.6787
1973,11,1,1,385,-21.8536
1973,11,1,2,533,-17.5230
1973,11,1,3,480,-20.4326
1973,11,1,4,462,-15.0598
1973,11,1,5,507,-16.1034
1973,11,2,1,56,-25.6675
1973,11,2,2,187,-15.2199
1973,11,2,3,102,-20.6565
1973,11,2,4,150,-13.9037
1973,11,2,5,117,-14.9544
1973,11,3,1,61,-17.2122
1973,11,3,2,253,-13.6134
1973,11,3,3,116,-15.3423
1973,11,3,4,167,-11.4246
1973,11,3,5,136,-10.9436
1973,12,1,1,588,-8.7423
1973,12,1,2,385,-6.4648
1973,12,1,3,406,-5.1896
1973,12,1,4,584,-3.7179
1973,12,1,5,340,0.8333
1973,12,2,1,123,-7.7212
1973,12,2,2,121,-5.4905
1973,12,2,3,100,-2.4575
1973,12,2,4,138,0.5792
1973,12,2,5,133,4.0556
1973,12,3,1,109,-0.5737
1973,12,3,2,176,0.3061
1973,12,3,3,138,2.0316
1973,12,3,4,126,0.3442
1973,12,3,5,182,11.0893
1974,1,1,1,451,19.4127
1974,1,1,2,498,16.0275
1974,1,1,3,421,15.1421
1974,1,1,4,578,14.5076
1974,1,1,5,273,24.3679
1974,1,2,1,92,13.6514
1974,1,2,2,111,13.2608
1974,1,2,3,167,10.0774
1974,1,2,4,159,6.2792
1974,1,2,5,105,11.0668
1974,1,3,1,95,1.3512
1974,1,3,2,123,0.2901
1974,1,3,3,218,4.3493
1974,1,3,4,174,-1.5123
1974,1,3,5,119,-0.6043
1974,2,1,1,431,0.1347
1974,2,1,2,330,-0.1397
1974,2,1,3,813,0.3684
1974,2,1,4,433,0.5579
1974,2,1,5,209,-1.2539
1974,2,2,1,83,1.8438
1974,2,2,2,73,-1.7412
1974,2,2,3,188,-1.1562
1974,2,2,4,174,2.2796
1974,2,2,5,107,0.7258
1974,2,3,1,85,-1.0683
1974,2,3,2,94,-1.0593
1974,2,3,3,150,1.1546
1974,2,3,4,257,5.3888
1974,2,3,5,137,1.0822
1974,3,1,1,442,1.9916
1974,3,1,2,414,0.6570
1974,3,1,3,758,3.0878
1974,3,1,4,420,1.7112
1974,3,1,5,173,3.2546
1974,3,2,1,82,1.7377
1974,3,2,2,94,-0.5191
1974,3,2,3,167,-1.5086
1974,3,2,4,198,-3.2725
1974,3,2,5,82,-0.0493
1974,3,3,1,84,0.6370
1974,3,3,2,107,-2.4088
1974,3,3,3,141,-2.3191
1974,3,3,4,285,-2.6347
1974,3,3,5,95,-4.6152
1974,4,1,1,369,-6.7128
1974,4,1,2,834,-5.1098
1974,4,1,3,389,-6.0013
1974,4,1,4,477,-5.8710
1974,4,1,5,134,-5.3714
1974,4,2,1,60,-6.0884
1974,4,2,2,207,-5.7326
1974,4,2,3,83,-5.6010
1974,4,2,4,206,-3.8209
1974,4,2,5,69,-6.2857
1974,4,3,1,50,-5.3808
1974,4,3,2,194,-4.8162
1974,4,3,3,84,-2.3767
1974,4,3,4,303,-5.1136
1974,4,3,5,84,-4.5519
1974,5,1,1,448,-5.8801
1974,5,1,2,573,-6.6590
1974,5,1,3,552,-7.6276
1974,5,1,4,468,-8.7710
1974,5,1,5,163,-7.3184
1974,5,2,1,95,-8.6741
1974,5,2,2,118,-8.2024
1974,5,2,3,186,-6.9590
1974,5,2,4,136,-8.5307
1974,5,2,5,82,-7.6205
1974,5,3,1,63,-5.0501
1974,5,3,2,122,-3.5945
1974,5,3,3,284,-0.9850
1974,5,3,4,145,-4.4219
1974,5,3,5,101,-7.1848
1974,6,1,1,371,-2.9208
1974,6,1,2,472,-3.4428
1974,6,1,3,546,-4.8865
1974,6,1,4,405,-2.9030
1974,6,1,5,395,1.3582
1974,6,2,1,106,-2.0859
1974,6,2,2,160,-3.4802
1974,6,2,3,136,-4.5712
1974,6,2,4,91,-1.1778
1974,6,2,5,116,-1.6810
1974,6,3,1,107,-2.2518
1974,6,3,2,225,-2.6716
1974,6,3,3,147,-2.3227
1974,6,3,4,93,-3.6900
1974,6,3,5,150,-1.1437
1974,7,1,1,380,-3.9615
1974,7,1,2,534,-6.2294
1974,7,1,3,464,-5.3823
1974,7,1,4,365,-2.2788
1974,7,1,5,430,-4.8231
1974,7,2,1,148,-2.8901
1974,7,2,2,118,-9.1606
1974,7,2,3,136,-5.4279
1974,7,2,4,104,-0.9659
1974,7,2,5,103,-5.9403
1974,7,3,1,187,-4.8882
1974,7,3,2,149,-11.1141
1974,7,3,3,147,-6.3838
1974,7,3,4,112,-5.1104
1974,7,3,5,126,-8.8348
1974,8,1,1,431,-8.1346
1974,8,1,2,385,-7.7489
1974,8,1,3,752,-7.5454
1974,8,1,4,285,-5.2132
1974,8,1,5,309,-7.1692
1974,8,2,1,73,-12.5860
1974,8,2,2,130,-3.1698
1974,8,2,3,223,-8.3731
1974,8,2,4,98,-5.7058
1974,8,2,5,99,-6.9255
1974,8,3,1,46,-9.6786
1974,8,3,2,174,-8.9638
1974,8,3,3,264,-9.2658
1974,8,3,4,111,-7.9598
1974,8,3,5,121,-7.2270
1974,9,1,1,296,-7.2525
1974,9,1,2,648,-7.2894
1974,9,1,3,580,-8.8355
1974,9,1,4,393,-9.0420
1974,9,1,5,221,-8.8820
1974,9,2,1,67,-10.7182
1974,9,2,2,198,-10.0685
1974,9,2,3,174,-11.5683
1974,9,2,4,82,-8.5493
1974,9,2,5,94,-10.9336
1974,9,3,1,41,-13.7081
1974,9,3,2,242,-9.9150
1974,9,3,3,210,-16.0065
1974,9,3,4,90,-15.3053
1974,9,3,5,134,-10.2815
1974,10,1,1,192,4.3114
1974,10,1,2,710,7.4818
1974,10,1,3,487,16.0605
1974,10,1,4,493,9.8135
1974,10,1,5,228,11.2263
1974,10,2,1,55,15.4621
1974,10,2,2,144,9.5876
1974,10,2,3,124,12.0162
1974,10,2,4,191,10.3772
1974,10,2,5,101,13.6176
1974,10,3,1,40,19.1742
1974,10,3,2,137,20.1361
1974,10,3,3,128,15.1888
1974,10,3,4,277,15.3348
1974,10,3,5,134,14.1953
1974,11,1,1,518,-7.3082
1974,11,1,2,422,-7.6597
1974,11,1,3,474,-6.0431
1974,11,1,4,442,-5.2742
1974,11,1,5,205,0.4472
1974,11,2,1,105,-7.3924
1974,11,2,2,126,-5.5356
1974,11,2,3,107,-5.9504
1974,11,2,4,122,-1.4081
1974,11,2,5,167,-2.0368
1974,11,3,1,89,-5.7583
1974,11,3,2,131,-0.0442
1974,11,3,3,81,-6.1166
1974,11,3,4,152,-3.5766
1974,11,3,5,270,-2.6053
1974,12,1,1,472,-9.4123
1974,12,1,2,596,-9.2107
1974,12,1,3,500,-7.9727
1974,12,1,4,285,-7.8249
1974,12,1,5,167,-7.4638
1974,12,2,1,97,-4.2510
1974,12,2,2,181,-6.1446
1974,12,2,3,117,-8.4611
1974,12,2,4,93,-6.6660
1974,12,2,5,158,-5.1366
1974,12,3,1,107,-5.2483
1974,12,3,2,139,-3.3300
1974,12,3,3,125,-6.3289
1974,12,3,4,113,-3.8181
1974,12,3,5,238,-3.2300
1975,1,1,1,510,36.3841
1975,1,1,2,439,28.9633
1975,1,1,3,510,31.3367
1975,1,1,4,346,25.8839
1975,1,1,5,203,31.6142
1975,1,2,1,111,36.8987
1975,1,2,2,112,22.0019
1975,1,2,3,162,31.5429
1975,1,2,4,110,20.9258
1975,1,2,5,155,23.6215
1975,1,3,1,106,24.5013
1975,1,3,2,99,16.7974
1975,1,3,3,151,14.1432
1975,1,3,4,134,11.0373
1975,1,3,5,225,12.7600
1975,2,1,1,326,6.1044
1975,2,1,2,263,4.9726
1975,2,1,3,604,6.2447
1975,2,1,4,512,5.4214
1975,2,1,5,312,3.5224
1975,2,2,1,106,9.0527
1975,2,2,2,57,1.6481
1975,2,2,3,141,3.4795
1975,2,2,4,195,6.5233
1975,2,2,5,128,5.0051
1975,2,3,1,127,11.2720
1975,2,3,2,56,14.0254
1975,2,3,3,157,6.5908
1975,2,3,4,196,8.2647
1975,2,3,5,176,7.3713
1975,3,1,1,297,11.8676
1975,3,1,2,323,10.8443
1975,3,1,3,516,8.6224
1975,3,1,4,543,8.9199
1975,3,1,5,339,7.1272
1975,3,2,1,83,4.3581
1975,3,2,2,69,10.3718
1975,3,2,3,183,6.9648
1975,3,2,4,167,8.0950
1975,3,2,5,128,6.8306
1975,3,3,1,80,9.0230
1975,3,3,2,89,4.8722
1975,3,3,3,192,5.7723
1975,3,3,4,185,4.9494
1975,3,3,5,170,6.2256
1975,4,1,1,242,3.1207
1975,4,1,2,312,4.9655
1975,4,1,3,516,1.9490
1975,4,1,4,693,4.6958
1975,4,1,5,279,8.3603
1975,4,2,1,107,3.7665
1975,4,2,2,113,5.8138
1975,4,2,3,148,6.4628
1975,4,2,4,180,4.1720
1975,4,2,5,62,7.1342
1975,4,3,1,130,2.3751
1975,4,3,2,220,6.5360
1975,4,3,3,116,6.3063
1975,4,3,4,182,5.5711
1975,4,3,5,65,9.7812
1975,5,1,1,188,8.7672
1975,5,1,2,280,4.7962
1975,5,1,3,568,7.8002
1975,5,1,4,682,9.2554
1975,5,1,5,328,6.6475
1975,5,2,1,93,13.1874
1975,5,2,2,110,7.9762
1975,5,2,3,176,6.5386
1975,5,2,4,164,10.5348
1975,5,2,5,74,9.6413
1975,5,3,1,130,6.2551
1975,5,3,2,174,3.5390
1975,5,3,3,199,5.1577
1975,5,3,4,155,3.5279
1975,5,3,5,59,10.3443
1975,6,1,1,140,8.4459
1975,6,1,2,431,7.8493
1975,6,1,3,381,7.7168
1975,6,1,4,670,7.1974
1975,6,1,5,409,9.7346
1975,6,2,1,81,2.8909
1975,6,2,2,176,4.3495
1975,6,2,3,108,6.7288
1975,6,2,4,175,5.5119
1975,6,2,5,79,6.8453
1975,6,3,1,174,6.7605
1975,6,3,2,208,7.8986
1975,6,3,3,133,5.5490
1975,6,3,4,136,4.5857
1975,6,3,5,66,3.6426
1975,7,1,1,198,-2.3468
1975,7,1,2,426,0.1022
1975,7,1,3,509,3.0881
1975,7,1,4,515,-1.3421
1975,7,1,5,394,-1.0414
1975,7,2,1,88,-4.9960
1975,7,2,2,179,-1.4350
1975,7,2,3,151,-4.9829
1975,7,2,4,123,-5.2735
1975,7,2,5,81,-5.3548
1975,7,3,1,141,-6.8040
1975,7,3,2,257,-5.1723
1975,7,3,3,148,-4.5724
1975,7,3,4,113,-7.6198
1975,7,3,5,58,-8.7448
1975,8,1,1,244,-5.5257
1975,8,1,2,558,-6.8199
1975,8,1,3,486,-7.0198
1975,8,1,4,462,-5.9213
1975,8,1,5,295,-5.6858
1975,8,2,1,110,-6.4493
1975,8,2,2,167,-7.3805
1975,8,2,3,182,-3.8467
1975,8,2,4,101,-5.8746
1975,8,2,5,68,-7.1722
1975,8,3,1,208,-3.4184
1975,8,3,2,164,-3.9125
1975,8,3,3,191,-1.6326
1975,8,3,4,101,-2.5549
1975,8,3,5,48,-3.4613
1975,9,1,1,227,-3.7662
1975,9,1,2,389,-0.8332
1975,9,1,3,611,-3.3380
1975,9,1,4,572,-3.8149
1975,9,1,5,264,-2.0322
1975,9,2,1,77,-4.4629
1975,9,2,2,136,-3.4869
1975,9,2,3,177,-4.3533
1975,9,2,4,167,-2.8466
1975,9,2,5,71,-3.6031
1975,9,3,1,109,-6.2018
1975,9,3,2,197,-3.6373
1975,9,3,3,155,-5.3006
1975,9,3,4,166,-2.8046
1975,9,3,5,84,-2.9693
1975,10,1,1,197,0.2061
1975,10,1,2,697,1.5170
1975,10,1,3,233,0.2647
1975,10,1,4,523,0.1886
1975,10,1,5,406,-0.0909
1975,10,2,1,55,3.4468
1975,10,2,2,203,2.9151
1975,10,2,3,65,5.6204
1975,10,2,4,132,0.1975
1975,10,2,5,171,3.4330
1975,10,3,1,87,4.5990
1975,10,3,2,189,5.6701
1975,10,3,3,48,7.7396
1975,10,3,4,145,6.2551
1975,10,3,5,247,2.4502
1975,11,1,1,162,-3.1274
1975,11,1,2,518,2.1616
1975,11,1,3,428,0.4147
1975,11,1,4,404,1.4188
1975,11,1,5,556,3.3738
1975,11,2,1,60,2.3319
1975,11,2,2,129,4.2022
1975,11,2,3,139,3.7889
1975,11,2,4,68,-0.4129
1975,11,2,5,224,2.0834
1975,11,3,1,85,2.5838
1975,11,3,2,133,3.1769
1975,11,3,3,132,4.3649
1975,11,3,4,73,3.1324
1975,11,3,5,297,2.6807
1975,12,1,1,169,2.0398
1975,12,1,2,467,-2.9101
1975,12,1,3,431,-2.0053
1975,12,1,4,494,0.0172
1975,12,1,5,497,-1.8569
1975,12,2,1,56,-0.5412
1975,12,2,2,163,-1.8395
1975,12,2,3,98,-0.4982
1975,12,2,4,119,-2.2394
1975,12,2,5,188,-1.5836
1975,12,3,1,44,-0.7877
1975,12,3,2,164,-2.6005
1975,12,3,3,133,-2.4917
1975,12,3,4,131,-0.8261
1975,12,3,5,244,-0.9283
1976,1,1,1,191,22.4959
1976,1,1,2,322,18.0890
1976,1,1,3,505,21.4772
1976,1,1,4,583,22.8588
1976,1,1,5,458,23.3306
1976,1,2,1,47,18.9578
1976,1,2,2,112,17.0551
1976,1,2,3,147,20.8142
1976,1,2,4,151,17.2697
1976,1,2,5,171,18.9904
1976,1,3,1,31,16.6382
1976,1,3,2,127,14.8320
1976,1,3,3,151,15.6457
1976,1,3,4,159,11.9816
1976,1,3,5,249,13.9645
1976,2,1,1,163,8.3893
1976,2,1,2,347,10.8540
1976,2,1,3,584,11.6830
1976,2,1,4,326,10.5690
1976,2,1,5,573,13.8421
1976,2,2,1,76,8.8495
1976,2,2,2,88,9.8022
1976,2,2,3,168,7.7569
1976,2,2,4,146,6.2636
1976,2,2,5,149,8.7319
1976,2,3,1,88,2.0509
1976,2,3,2,65,-0.5526
1976,2,3,3,171,2.9491
1976,2,3,4,259,-0.3047
1976,2,3,5,136,3.0152
1976,3,1,1,201,0.3210
1976,3,1,2,285,0.3749
1976,3,1,3,552,-0.1852
1976,3,1,4,526,1.0691
1976,3,1,5,520,1.4065
1976,3,2,1,90,2.4788
1976,3,2,2,125,2.1970
1976,3,2,3,135,-1.1682
1976,3,2,4,145,-0.0895
1976,3,2,5,118,0.8793
1976,3,3,1,117,1.4379
1976,3,3,2,206,2.3288
1976,3,3,3,144,0.8172
1976,3,3,4,137,-1.0972
1976,3,3,5,115,1.4861
1976,4,1,1,252,-1.2152
1976,4,1,2,247,-1.1331
1976,4,1,3,373,-1.5901
1976,4,1,4,740,-0.8974
1976,4,1,5,444,-1.2680
1976,4,2,1,100,-1.2474
1976,4,2,2,109,-0.7340
1976,4,2,3,110,-1.3760
1976,4,2,4,168,-0.7708
1976,4,2,5,127,-2.5817
1976,4,3,1,124,1.2767
1976,4,3,2,181,-3.3453
1976,4,3,3,124,-1.5249
1976,4,3,4,162,-0.6782
1976,4,3,5,121,-1.4682
1976,5,1,1,299,-1.9232
1976,5,1,2,566,-0.8602
1976,5,1,3,267,-2.9988
1976,5,1,4,563,-1.7070
1976,5,1,5,386,2.5678
1976,5,2,1,74,-2.6691
1976,5,2,2,204,-0.1437
1976,5,2,3,87,-2.8350
1976,5,2,4,129,-1.4168
1976,5,2,5,127,-4.1916
1976,5,3,1,113,-1.9692
1976,5,3,2,241,-0.9406
1976,5,3,3,106,-3.0199
1976,5,3,4,145,0.5505
1976,5,3,5,104,0.7476
1976,6,1,1,485,1.3743
1976,6,1,2,320,3.2237
1976,6,1,3,376,2.9263
1976,6,1,4,623,3.5055
1976,6,1,5,269,1.7704
1976,6,2,1,146,1.1462
1976,6,2,2,101,3.7958
1976,6,2,3,104,6.1143
1976,6,2,4,177,4.3250
1976,6,2,5,98,7.1028
1976,6,3,1,168,3.6943
1976,6,3,2,147,5.8874
1976,6,3,3,101,4.8724
1976,6,3,4,193,3.0494
1976,6,3,5,102,6.2453
1976,7,1,1,424,0.6303
1976,7,1,2,307,0.4911
1976,7,1,3,435,-0.6620
1976,7,1,4,520,0.4828
1976,7,1,5,379,-2.6834
1976,7,2,1,143,1.1429
1976,7,2,2,117,0.4783
1976,7,2,3,126,-0.8481
1976,7,2,4,131,-0.6493
1976,7,2,5,107,-0.6152
1976,7,3,1,232,0.8391
1976,7,3,2,129,-1.8597
1976,7,3,3,113,-1.0677
1976,7,3,4,130,-2.4134
1976,7,3,5,106,-2.3092
1976,8,1,1,444,-2.2073
1976,8,1,2,282,-2.8464
1976,8,1,3,555,-1.9276
1976,8,1,4,460,-1.6378
1976,8,1,5,349,-0.0250
1976,8,2,1,119,-0.9230
1976,8,2,2,77,-4.0266
1976,8,2,3,188,-1.4910
1976,8,2,4,106,-2.6196
1976,8,2,5,127,-3.6848
1976,8,3,1,138,0.0708
1976,8,3,2,82,-2.4316
1976,8,3,3,215,-2.3118
1976,8,3,4,116,0.1250
1976,8,3,5,160,-3.0591
1976,9,1,1,279,0.4179
1976,9,1,2,664,0.9858
1976,9,1,3,340,2.0632
1976,9,1,4,247,2.4601
1976,9,1,5,369,2.3511
1976,9,2,1,79,3.5117
1976,9,2,2,157,3.9651
1976,9,2,3,101,2.6968
1976,9,2,4,96,4.4215
1976,9,2,5,157,2.9049
1976,9,3,1,70,4.5510
1976,9,3,2,138,2.3229
1976,9,3,3,115,2.5682
1976,9,3,4,119,2.4677
1976,9,3,5,255,2.0571
1976,10,1,1,524,-2.2133
1976,10,1,2,586,-2.6642
1976,10,1,3,266,-2.5477
1976,10,1,4,464,-2.5142
1976,10,1,5,264,-0.9760
1976,10,2,1,122,-2.7407
1976,10,2,2,140,-2.5609
1976,10,2,3,89,-2.3705
1976,10,2,4,120,-3.3387
1976,10,2,5,138,-1.7550
1976,10,3,1,119,-0.4871
1976,10,3,2,114,-1.6054
1976,10,3,3,121,-4.6753
1976,10,3,4,129,-3.9550
1976,10,3,5,231,-3.4883
1976,11,1,1,351,1.7640
1976,11,1,2,622,1.9924
1976,11,1,3,428,3.2340
1976,11,1,4,430,1.3482
1976,11,1,5,279,3.4389
1976,11,2,1,87,4.5101
1976,11,2,2,140,5.3878
1976,11,2,3,120,5.0904
1976,11,2,4,113,2.9159
1976,11,2,5,145,3.0786
1976,11,3,1,80,1.7054
1976,11,3,2,158,2.4349
1976,11,3,3,93,-0.8813
1976,11,3,4,129,-1.1070
1976,11,3,5,241,3.6632
1976,12,1,1,246,12.4162
1976,12,1,2,436,9.9799
1976,12,1,3,415,9.2299
1976,12,1,4,672,11.7866
1976,12,1,5,344,10.3288
1976,12,2,1,93,9.6848
1976,12,2,2,101,8.1331
1976,12,2,3,113,8.0137
1976,12,2,4,183,10.2256
1976,12,2,5,121,10.8153
1976,12,3,1,108,7.1219
1976,12,3,2,99,4.6378
1976,12,3,3,123,4.1157
1976,12,3,4,181,7.2260
1976,12,3,5,204,5.6330
1977,1,1,1,299,5.8597
1977,1,1,2,477,4.8182
1977,1,1,3,351,3.3604
1977,1,1,4,748,7.1032
1977,1,1,5,227,5.2765
1977,1,2,1,101,1.0217
1977,1,2,2,134,0.6123
1977,1,2,3,81,3.5942
1977,1,2,4,204,2.1807
1977,1,2,5,94,4.5101
1977,1,3,1,105,-7.6993
1977,1,3,2,162,-5.3868
1977,1,3,3,77,-4.8503
1977,1,3,4,189,-4.0319
1977,1,3,5,180,-0.0252
1977,2,1,1,364,0.2590
1977,2,1,2,449,0.1844
1977,2,1,3,540,-0.9147
1977,2,1,4,444,1.7266
1977,2,1,5,282,-0.6057
1977,2,2,1,102,0.7778
1977,2,2,2,138,-1.3782
1977,2,2,3,140,0.5974
1977,2,2,4,128,7.6867
1977,2,2,5,100,-1.9786
1977,2,3,1,123,-1.5127
1977,2,3,2,156,-1.1031
1977,2,3,3,118,-2.3806
1977,2,3,4,119,-0.9129
1977,2,3,5,189,-3.9013
1977,3,1,1,355,-0.6096
1977,3,1,2,563,1.3387
1977,3,1,3,475,2.4301
1977,3,1,4,514,1.2047
1977,3,1,5,203,5.6885
1977,3,2,1,97,-2.3334
1977,3,2,2,153,0.7826
1977,3,2,3,130,2.5344
1977,3,2,4,186,-0.1625
1977,3,2,5,52,2.7029
1977,3,3,1,98,-1.3297
1977,3,3,2,167,1.5181
1977,3,3,3,132,-0.1957
1977,3,3,4,248,-1.1655
1977,3,3,5,55,-0.1444
1977,4,1,1,353,1.4247
1977,4,1,2,556,1.3716
1977,4,1,3,357,0.7368
1977,4,1,4,541,2.9609
1977,4,1,5,292,2.4648
1977,4,2,1,94,-0.1027
1977,4,2,2,168,2.4758
1977,4,2,3,124,1.6061
1977,4,2,4,151,1.8794
1977,4,2,5,72,-1.7480
1977,4,3,1,101,-3.0350
1977,4,3,2,189,-0.0218
1977,4,3,3,139,3.7130
1977,4,3,4,202,1.2488
1977,4,3,5,76,0.9945
1977,5,1,1,503,0.1340
1977,5,1,2,296,-0.4243
1977,5,1,3,529,-1.5193
1977,5,1,4,585,0.1998
1977,5,1,5,200,-3.5020
1977,5,2,1,134,0.2191
1977,5,2,2,103,1.3680
1977,5,2,3,142,0.9687
1977,5,2,4,186,2.1441
1977,5,2,5,38,0.0509
1977,5,3,1,134,-2.6282
1977,5,3,2,147,-1.6068
1977,5,3,3,135,-2.4281
1977,5,3,4,263,0.4000
1977,5,3,5,29,-0.8855
1977,6,1,1,511,5.1099
1977,6,1,2,359,7.3459
1977,6,1,3,534,6.5296
1977,6,1,4,364,7.3433
1977,6,1,5,351,6.0890
1977,6,2,1,144,6.8370
1977,6,2,2,103,6.1882
1977,6,2,3,161,8.3391
1977,6,2,4,113,10.7727
1977,6,2,5,79,6.4537
1977,6,3,1,140,6.2790
1977,6,3,2,118,4.3497
1977,6,3,3,174,5.9342
1977,6,3,4,198,6.8396
1977,6,3,5,72,3.3720
1977,7,1,1,463,1.1409
1977,7,1,2,424,0.9924
1977,7,1,3,519,1.2210
1977,7,1,4,509,0.4753
1977,7,1,5,192,1.6050
1977,7,2,1,145,-1.6733
1977,7,2,2,157,1.2068
1977,7,2,3,131,-1.7514
1977,7,2,4,144,-1.1638
1977,7,2,5,34,0.3523
1977,7,3,1,166,-2.6725
1977,7,3,2,131,-1.2412
1977,7,3,3,157,-2.5195
1977,7,3,4,222,-1.1561
1977,7,3,5,31,-1.6155
1977,8,1,1,390,-2.3868
1977,8,1,2,629,-1.9876
1977,8,1,3,368,-0.5281
1977,8,1,4,443,0.8918
1977,8,1,5,269,-0.1989
1977,8,2,1,149,-1.7589
1977,8,2,2,159,0.8050
1977,8,2,3,145,-1.7616
1977,8,2,4,95,-1.4427
1977,8,2,5,57,-3.4169
1977,8,3,1,164,-1.6181
1977,8,3,2,133,1.6548
1977,8,3,3,193,-0.9063
1977,8,3,4,168,-0.9630
1977,8,3,5,50,-0.6829
1977,9,1,1,194,-1.2320
1977,9,1,2,688,2.9059
1977,9,1,3,500,1.5535
1977,9,1,4,414,0.7823
1977,9,1,5,291,3.2841
1977,9,2,1,77,0.2336
1977,9,2,2,218,3.0588
1977,9,2,3,139,2.5056
1977,9,2,4,108,-0.8872
1977,9,2,5,61,3.7765
1977,9,3,1,108,-1.1560
1977,9,3,2,219,-0.3829
1977,9,3,3,162,-0.1615
1977,9,3,4,176,-0.5544
1977,9,3,5,44,1.3084
1977,10,1,1,324,-1.9857
1977,10,1,2,406,-2.8756
1977,10,1,3,651,-3.0078
1977,10,1,4,352,-0.0557
1977,10,1,5,345,-2.2343
1977,10,2,1,113,-4.6013
1977,10,2,2,115,-2.6483
1977,10,2,3,189,-3.9003
1977,10,2,4,117,0.2623
1977,10,2,5,69,-4.0542
1977,10,3,1,136,-4.7989
1977,10,3,2,111,-4.2385
1977,10,3,3,211,-3.2628
1977,10,3,4,208,-3.2282
1977,10,3,5,43,-4.6375
1977,11,1,1,337,6.9028
1977,11,1,2,443,6.2994
1977,11,1,3,460,6.5596
1977,11,1,4,596,7.6066
1977,11,1,5,252,9.5078
1977,11,2,1,126,6.5201
1977,11,2,2,141,9.6304
1977,11,2,3,107,8.1873
1977,11,2,4,158,10.4555
1977,11,2,5,57,10.2169
1977,11,3,1,161,4.8847
1977,11,3,2,146,4.5694
1977,11,3,3,123,4.4708
1977,11,3,4,225,5.2197
1977,11,3,5,52,6.5146
1977,12,1,1,293,1.4556
1977,12,1,2,468,4.0660
1977,12,1,3,477,1.6903
1977,12,1,4,420,2.5332
1977,12,1,5,430,3.9746
1977,12,2,1,108,1.6442
1977,12,2,2,152,1.4210
1977,12,2,3,112,1.5931
1977,12,2,4,140,1.1568
1977,12,2,5,84,3.4076
1977,12,3,1,139,0.8586
1977,12,3,2,181,0.3112
1977,12,3,3,113,-0.4896
1977,12,3,4,207,0.2545
1977,12,3,5,62,3.7733
1978,1,1,1,246,-2.1124
1978,1,1,2,623,-0.0321
1978,1,1,3,299,-0.4483
1978,1,1,4,587,-1.5535
1978,1,1,5,306,0.7510
1978,1,2,1,116,-0.8019
1978,1,2,2,185,-3.9311
1978,1,2,3,101,-4.2769
1978,1,2,4,140,-3.2743
1978,1,2,5,65,-6.2226
1978,1,3,1,152,-5.9734
1978,1,3,2,192,-5.5532
1978,1,3,3,182,-4.9851
1978,1,3,4,117,-3.9331
1978,1,3,5,58,-7.8961
1978,2,1,1,295,4.0630
1978,2,1,2,394,3.6310
1978,2,1,3,598,3.7563
1978,2,1,4,477,4.3113
1978,2,1,5,270,2.8363
1978,2,2,1,123,2.4190
1978,2,2,2,114,1.9598
1978,2,2,3,203,0.3574
1978,2,2,4,101,1.1726
1978,2,2,5,66,0.2747
1978,2,3,1,144,-2.7341
1978,2,3,2,138,-1.1975
1978,2,3,3,283,-0.0469
1978,2,3,4,78,-0.9990
1978,2,3,5,54,-0.1154
1978,3,1,1,448,6.2257
1978,3,1,2,475,6.8956
1978,3,1,3,377,8.2063
1978,3,1,4,467,8.5993
1978,3,1,5,265,11.0317
1978,3,2,1,158,6.4700
1978,3,2,2,144,6.6574
1978,3,2,3,134,4.9769
1978,3,2,4,117,8.4320
1978,3,2,5,49,8.4171
1978,3,3,1,167,4.3056
1978,3,3,2,163,2.6459
1978,3,3,3,223,5.5039
1978,3,3,4,114,4.7534
1978,3,3,5,35,6.4552
1978,4,1,1,456,8.7086
1978,4,1,2,419,7.4391
1978,4,1,3,426,7.0023
1978,4,1,4,381,8.3163
1978,4,1,5,340,8.3680
1978,4,2,1,164,8.7366
1978,4,2,2,158,6.5676
1978,4,2,3,117,7.5528
1978,4,2,4,90,6.9860
1978,4,2,5,68,6.2518
1978,4,3,1,176,12.0990
1978,4,3,2,262,9.1528
1978,4,3,3,126,7.5248
1978,4,3,4,85,8.1194
1978,4,3,5,54,8.1381
1978,5,1,1,522,5.1287
1978,5,1,2,181,12.0915
1978,5,1,3,595,7.8264
1978,5,1,4,420,6.3553
1978,5,1,5,301,10.2322
1978,5,2,1,211,4.6000
1978,5,2,2,80,6.7004
1978,5,2,3,172,6.3544
1978,5,2,4,81,8.1696
1978,5,2,5,64,13.0020
1978,5,3,1,318,2.1510
1978,5,3,2,100,2.2519
1978,5,3,3,158,3.5744
1978,5,3,4,72,5.0759
1978,5,3,5,51,7.2354
1978,6,1,1,513,-0.1103
1978,6,1,2,242,0.8688
1978,6,1,3,602,-0.0601
1978,6,1,4,469,-0.0429
1978,6,1,5,188,2.4744
1978,6,2,1,203,0.7840
1978,6,2,2,97,0.6050
1978,6,2,3,163,-1.4639
1978,6,2,4,104,-1.7347
1978,6,2,5,37,1.2852
1978,6,3,1,328,-1.5243
1978,6,3,2,89,-1.3423
1978,6,3,3,151,-0.0275
1978,6,3,4,90,-1.1772
1978,6,3,5,39,0.9564
1978,7,1,1,466,3.9606
1978,7,1,2,338,3.3170
1978,7,1,3,622,4.1161
1978,7,1,4,390,5.6585
1978,7,1,5,168,6.6758
1978,7,2,1,213,6.4194
1978,7,2,2,107,4.4190
1978,7,2,3,162,4.8284
1978,7,2,4,94,9.9819
1978,7,2,5,36,11.4487
1978,7,3,1,305,6.4140
1978,7,3,2,122,4.4189
1978,7,3,3,138,6.2908
1978,7,3,4,87,6.6486
1978,7,3,5,47,10.9522
1978,8,1,1,434,6.0740
1978,8,1,2,302,10.0491
1978,8,1,3,553,9.1295
1978,8,1,4,520,9.6422
1978,8,1,5,166,11.4369
1978,8,2,1,188,3.6447
1978,8,2,2,107,8.5256
1978,8,2,3,150,8.6829
1978,8,2,4,138,8.1711
1978,8,2,5,33,8.0442
1978,8,3,1,303,2.7458
1978,8,3,2,98,2.7360
1978,8,3,3,118,4.6089
1978,8,3,4,130,2.5561
1978,8,3,5,48,10.4003
1978,9,1,1,301,1.5995
1978,9,1,2,423,1.5667
1978,9,1,3,474,0.2036
1978,9,1,4,610,0.0910
1978,9,1,5,164,-1.7138
1978,9,2,1,154,-1.2242
1978,9,2,2,130,-1.1026
1978,9,2,3,128,-1.0669
1978,9,2,4,165,-2.4115
1978,9,2,5,33,-2.5698
1978,9,3,1,259,1.7459
1978,9,3,2,126,-1.5421
1978,9,3,3,123,-2.3407
1978,9,3,4,142,-2.8196
1978,9,3,5,47,-5.3648
1978,10,1,1,241,-18.3812
1978,10,1,2,550,-18.3063
1978,10,1,3,443,-26.0760
1978,10,1,4,523,-21.1959
1978,10,1,5,218,-25.5293
1978,10,2,1,112,-14.3241
1978,10,2,2,155,-18.6009
1978,10,2,3,124,-25.3695
1978,10,2,4,180,-18.5938
1978,10,2,5,44,-26.6923
1978,10,3,1,191,-10.6315
1978,10,3,2,192,-10.7991
1978,10,3,3,131,-12.7077
1978,10,3,4,130,-11.2857
1978,10,3,5,53,-18.6027
1978,11,1,1,457,5.2730
1978,11,1,2,544,9.2263
1978,11,1,3,609,5.2914
1978,11,1,4,239,6.3958
1978,11,1,5,117,7.5825
1978,11,2,1,125,4.8566
1978,11,2,2,129,9.9632
1978,11,2,3,235,8.8662
1978,11,2,4,94,7.8002
1978,11,2,5,42,8.7956
1978,11,3,1,117,2.0757
1978,11,3,2,87,5.1650
1978,11,3,3,315,3.2669
1978,11,3,4,130,2.4621
1978,11,3,5,52,3.8042
1978,12,1,1,251,0.0870
1978,12,1,2,616,1.5915
1978,12,1,3,624,1.8851
1978,12,1,4,252,1.7562
1978,12,1,5,221,1.6786
1978,12,2,1,48,1.1775
1978,12,2,2,203,2.0314
1978,12,2,3,178,2.6249
1978,12,2,4,108,-0.4287
1978,12,2,5,85,3.0283
1978,12,3,1,39,1.3206
1978,12,3,2,168,0.7382
1978,12,3,3,190,0.4155
1978,12,3,4,196,2.1784
1978,12,3,5,103,6.0914
1979,1,1,1,257,11.9113
1979,1,1,2,582,10.4328
1979,1,1,3,509,13.0990
1979,1,1,4,380,11.5502
1979,1,1,5,233,12.0004
1979,1,2,1,74,10.6322
1979,1,2,2,178,8.3716
1979,1,2,3,157,7.5905
1979,1,2,4,118,9.3106
1979,1,2,5,94,8.5030
1979,1,3,1,74,5.7277
1979,1,3,2,221,4.6216
1979,1,3,3,153,5.6762
1979,1,3,4,144,3.8950
1979,1,3,5,110,5.1515
1979,2,1,1,234,0.1266
1979,2,1,2,514,-3.1023
1979,2,1,3,506,-1.8488
1979,2,1,4,413,-1.6590
1979,2,1,5,293,0.2710
1979,2,2,1,75,-2.5933
1979,2,2,2,152,-6.2268
1979,2,2,3,139,-4.5748
1979,2,2,4,121,-4.0995
1979,2,2,5,128,-0.6436
1979,2,3,1,73,-4.1624
1979,2,3,2,140,-6.4093
1979,2,3,3,137,-3.9906
1979,2,3,4,194,-3.3952
1979,2,3,5,151,-1.9388
1979,3,1,1,241,9.1371
1979,3,1,2,732,7.7589
1979,3,1,3,377,6.1222
1979,3,1,4,348,8.8401
1979,3,1,5,273,7.0311
1979,3,2,1,66,9.2883
1979,3,2,2,165,12.1435
1979,3,2,3,120,6.6669
1979,3,2,4,107,9.8931
1979,3,2,5,140,8.1800
1979,3,3,1,69,7.6086
1979,3,3,2,122,8.6865
1979,3,3,3,133,4.3116
1979,3,3,4,122,9.9705
1979,3,3,5,247,5.9142
1979,4,1,1,287,2.7417
1979,4,1,2,639,2.8532
1979,4,1,3,414,3.8059
1979,4,1,4,310,6.1479
1979,4,1,5,319,2.9964
1979,4,2,1,71,5.0363
1979,4,2,2,194,2.8547
1979,4,2,3,117,1.4685
1979,4,2,4,92,2.5934
1979,4,2,5,134,2.2969
1979,4,3,1,95,1.5850
1979,4,3,2,156,1.3440
1979,4,3,3,112,0.7574
1979,4,3,4,154,-1.1675
1979,4,3,5,172,-0.1671
1979,5,1,1,296,-2.7194
1979,5,1,2,375,-0.4008
1979,5,1,3,582,1.7355
1979,5,1,4,423,0.7570
1979,5,1,5,278,-1.0878
1979,5,2,1,131,-1.5056
1979,5,2,2,129,-1.3100
1979,5,2,3,167,-1.0469
1979,5,2,4,106,-1.9841
1979,5,2,5,83,1.7039
1979,5,3,1,204,-0.7468
1979,5,3,2,165,-1.9438
1979,5,3,3,142,0.4868
1979,5,3,4,101,-2.2383
1979,5,3,5,81,-1.2907
1979,6,1,1,245,3.2064
1979,6,1,2,405,2.9325
1979,6,1,3,607,3.8792
1979,6,1,4,514,7.2579
1979,6,1,5,197,5.7310
1979,6,2,1,94,3.9449
1979,6,2,2,157,3.7339
1979,6,2,3,160,4.0243
1979,6,2,4,158,5.2128
1979,6,2,5,46,5.0652
1979,6,3,1,127,3.1865
1979,6,3,2,239,6.0977
1979,6,3,3,121,4.3624
1979,6,3,4,172,4.1112
1979,6,3,5,35,9.2253
1979,7,1,1,284,1.8499
1979,7,1,2,338,3.8987
1979,7,1,3,566,1.9698
1979,7,1,4,564,2.3914
1979,7,1,5,215,1.5934
1979,7,2,1,104,2.0021
1979,7,2,2,119,7.7622
1979,7,2,3,160,3.1942
1979,7,2,4,146,4.3493
1979,7,2,5,79,0.3050
1979,7,3,1,138,0.5800
1979,7,3,2,183,3.4661
1979,7,3,3,170,2.3149
1979,7,3,4,111,2.8107
1979,7,3,5,91,0.7588
1979,8,1,1,289,5.7227
1979,8,1,2,446,9.8277
1979,8,1,3,405,7.9525
1979,8,1,4,601,8.5201
1979,8,1,5,223,7.1317
1979,8,2,1,108,9.0434
1979,8,2,2,157,9.3427
1979,8,2,3,102,10.3698
1979,8,2,4,168,9.3583
1979,8,2,5,74,7.3066
1979,8,3,1,136,6.6724
1979,8,3,2,218,7.8786
1979,8,3,3,106,9.3302
1979,8,3,4,138,5.7169
1979,8,3,5,91,7.0386
1979,9,1,1,318,-1.8208
1979,9,1,2,505,-1.6791
1979,9,1,3,557,-1.9463
1979,9,1,4,308,0.5711
1979,9,1,5,279,0.5952
1979,9,2,1,140,-0.4573
1979,9,2,2,150,-1.0097
1979,9,2,3,155,-0.7999
1979,9,2,4,81,-1.0893
1979,9,2,5,71,-0.1061
1979,9,3,1,228,-1.9049
1979,9,3,2,142,0.3764
1979,9,3,3,160,-1.7270
1979,9,3,4,64,0.5168
1979,9,3,5,94,0.8409
1979,10,1,1,469,-10.1316
1979,10,1,2,376,-10.3556
1979,10,1,3,446,-11.8963
1979,10,1,4,295,-11.9472
1979,10,1,5,378,-11.7532
1979,10,2,1,189,-9.8354
1979,10,2,2,100,-9.4864
1979,10,2,3,134,-12.4578
1979,10,2,4,68,-10.7079
1979,10,2,5,106,-11.0957
1979,10,3,1,231,-7.3944
1979,10,3,2,146,-7.5933
1979,10,3,3,142,-8.5483
1979,10,3,4,65,-9.1663
1979,10,3,5,108,-6.0893
1979,11,1,1,321,5.4951
1979,11,1,2,453,7.6047
1979,11,1,3,406,7.9406
1979,11,1,4,562,8.3392
1979,11,1,5,203,11.6510
1979,11,2,1,117,5.8802
1979,11,2,2,149,9.2300
1979,11,2,3,145,9.8015
1979,11,2,4,131,12.9390
1979,11,2,5,75,9.6018
1979,11,3,1,115,2.2465
1979,11,3,2,146,3.6932
1979,11,3,3,222,7.5097
1979,11,3,4,111,8.2053
1979,11,3,5,102,10.7108
1979,12,1,1,296,6.0498
1979,12,1,2,536,4.9503
1979,12,1,3,513,8.2487
1979,12,1,4,406,7.8644
1979,12,1,5,203,20.6217
1979,12,2,1,113,5.2416
1979,12,2,2,182,4.2895
1979,12,2,3,139,6.7942
1979,12,2,4,105,6.7647
1979,12,2,5,79,12.3937
1979,12,3,1,124,3.3327
1979,12,3,2,233,4.0525
1979,12,3,3,131,3.2012
1979,12,3,4,100,5.2224
1979,12,3,5,110,8.8883
1980,1,1,1,327,8.7910
1980,1,1,2,513,9.1406
1980,1,1,3,503,10.8517
1980,1,1,4,416,9.3368
1980,1,1,5,182,25.6730
1980,1,2,1,115,3.8448
1980,1,2,2,208,4.7981
1980,1,2,3,119,9.1578
1980,1,2,4,109,8.1240
1980,1,2,5,79,12.4995
1980,1,3,1,125,4.6118
1980,1,3,2,241,4.0753
1980,1,3,3,109,5.9789
1980,1,3,4,106,4.5990
1980,1,3,5,115,14.1001
1980,2,1,1,446,-1.6059
1980,2,1,2,312,-1.1620
1980,2,1,3,541,-0.9030
1980,2,1,4,441,-1.1870
1980,2,1,5,194,-1.9896
1980,2,2,1,173,-4.5646
1980,2,2,2,108,-0.8551
1980,2,2,3,144,-3.0825
1980,2,2,4,113,-2.1614
1980,2,2,5,91,-0.4277
1980,2,3,1,218,-5.1860
1980,2,3,2,107,-4.9167
1980,2,3,3,145,-3.3358
1980,2,3,4,117,-2.1531
1980,2,3,5,112,-0.1032
1980,3,1,1,389,-17.9056
1980,3,1,2,311,-16.7073
1980,3,1,3,618,-18.7981
1980,3,1,4,424,-18.1192
1980,3,1,5,194,-24.2940
1980,3,2,1,138,-18.0083
1980,3,2,2,130,-15.0282
1980,3,2,3,161,-14.7076
1980,3,2,4,119,-18.3007
1980,3,2,5,89,-21.0735
1980,3,3,1,127,-5.7512
1980,3,3,2,192,-10.9037
1980,3,3,3,152,-10.8886
1980,3,3,4,113,-13.3197
1980,3,3,5,116,-14.2922
1980,4,1,1,378,4.3419
1980,4,1,2,447,3.6496
1980,4,1,3,450,6.1077
1980,4,1,4,447,6.3871
1980,4,1,5,223,5.0781
1980,4,2,1,115,2.1408
1980,4,2,2,158,5.5983
1980,4,2,3,190,8.9300
1980,4,2,4,80,4.9433
1980,4,2,5,92,6.1788
1980,4,3,1,93,3.9432
1980,4,3,2,147,3.0056
1980,4,3,3,250,4.7580
1980,4,3,4,92,2.6400
1980,4,3,5,114,5.0397
1980,5,1,1,437,6.6782
1980,5,1,2,451,8.0869
1980,5,1,3,483,6.6159
1980,5,1,4,353,7.1622
1980,5,1,5,226,5.8146
1980,5,2,1,142,8.5185
1980,5,2,2,149,9.6490
1980,5,2,3,137,8.5707
1980,5,2,4,115,9.6953
1980,5,2,5,90,6.1946
1980,5,3,1,120,8.2245
1980,5,3,2,154,6.2070
1980,5,3,3,148,8.4012
1980,5,3,4,157,6.5224
1980,5,3,5,111,5.5447
1980,6,1,1,454,5.9300
1980,6,1,2,206,2.9042
1980,6,1,3,578,3.3080
1980,6,1,4,454,3.4275
1980,6,1,5,241,4.0079
1980,6,2,1,150,2.3066
1980,6,2,2,74,2.8345
1980,6,2,3,184,4.3490
1980,6,2,4,139,2.4190
1980,6,2,5,105,7.9496
1980,6,3,1,123,6.7045
1980,6,3,2,102,1.2594
1980,6,3,3,232,2.7386
1980,6,3,4,102,3.6929
1980,6,3,5,132,7.8881
1980,7,1,1,211,12.8553
1980,7,1,2,497,10.5013
1980,7,1,3,528,10.4729
1980,7,1,4,444,9.3729
1980,7,1,5,261,11.3580
1980,7,2,1,72,7.0579
1980,7,2,2,137,15.8471
1980,7,2,3,169,13.3625
1980,7,2,4,148,9.7191
1980,7,2,5,128,11.3182
1980,7,3,1,71,11.9953
1980,7,3,2,118,12.3371
1980,7,3,3,163,11.7448
1980,7,3,4,132,7.8153
1980,7,3,5,213,13.6340
1980,8,1,1,241,10.4662
1980,8,1,2,283,5.6349
1980,8,1,3,449,5.6503
1980,8,1,4,610,9.4880
1980,8,1,5,387,13.5680
1980,8,2,1,82,4.7705
1980,8,2,2,118,5.3933
1980,8,2,3,159,6.9061
1980,8,2,4,177,6.9329
1980,8,2,5,117,9.4889
1980,8,3,1,89,2.0431
1980,8,3,2,113,1.6555
1980,8,3,3,236,1.5715
1980,8,3,4,169,1.0270
1980,8,3,5,86,1.9230
1980,9,1,1,261,7.5538
1980,9,1,2,467,3.0640
1980,9,1,3,265,1.6101
1980,9,1,4,702,3.0549
1980,9,1,5,285,6.9449
1980,9,2,1,112,4.0882
1980,9,2,2,186,2.5430
1980,9,2,3,98,2.9641
1980,9,2,4,185,3.5565
1980,9,2,5,72,10.1733
1980,9,3,1,132,5.5381
1980,9,3,2,237,1.8706
1980,9,3,3,132,0.2427
1980,9,3,4,145,2.8567
1980,9,3,5,49,7.0303
1980,10,1,1,198,4.1308
1980,10,1,2,494,3.7995
1980,10,1,3,532,4.6815
1980,10,1,4,387,3.7586
1980,10,1,5,367,9.3899
1980,10,2,1,115,2.1751
1980,10,2,2,149,-0.8736
1980,10,2,3,202,5.2460
1980,10,2,4,113,2.1726
1980,10,2,5,90,6.3757
1980,10,3,1,177,-2.2512
1980,10,3,2,142,-0.0536
1980,10,3,3,232,1.9366
1980,10,3,4,95,1.6349
1980,10,3,5,53,4.1400
1980,11,1,1,200,7.1553
1980,11,1,2,428,3.3142
1980,11,1,3,571,9.9268
1980,11,1,4,420,4.6828
1980,11,1,5,379,7.4020
1980,11,2,1,105,7.7276
1980,11,2,2,157,4.6545
1980,11,2,3,166,6.9254
1980,11,2,4,136,11.4041
1980,11,2,5,103,9.3777
1980,11,3,1,191,8.4680
1980,11,3,2,172,4.0659
1980,11,3,3,166,7.1707
1980,11,3,4,126,11.8533
1980,11,3,5,54,13.3246
1980,12,1,1,404,-2.2885
1980,12,1,2,397,-3.9088
1980,12,1,3,310,-4.3856
1980,12,1,4,549,-6.6952
1980,12,1,5,339,-5.8761
1980,12,2,1,180,0.1484
1980,12,2,2,124,-2.6124
1980,12,2,3,89,-4.4867
1980,12,2,4,165,-5.2409
1980,12,2,5,120,-6.6430
1980,12,3,1,232,1.9397
1980,12,3,2,130,-2.5058
1980,12,3,3,93,-0.1774
1980,12,3,4,135,-4.2596
1980,12,3,5,122,-5.7540
1981,1,1,1,386,2.8913
1981,1,1,2,377,7.3635
1981,1,1,3,393,1.1242
1981,1,1,4,538,-2.9476
1981,1,1,5,335,-2.2625
1981,1,2,1,167,1.7585
1981,1,2,2,129,-0.0247
1981,1,2,3,78,0.8542
1981,1,2,4,215,-3.7523
1981,1,2,5,89,-4.8471
1981,1,3,1,202,1.8177
1981,1,3,2,127,-1.1595
1981,1,3,3,110,-0.6448
1981,1,3,4,220,-5.3168
1981,1,3,5,58,-7.6327
1981,2,1,1,329,-1.0181
1981,2,1,2,459,-0.1490
1981,2,1,3,552,-0.4795
1981,2,1,4,297,-0.2144
1981,2,1,5,436,-3.4990
1981,2,2,1,122,3.5546
1981,2,2,2,179,2.4310
1981,2,2,3,128,-0.9163
1981,2,2,4,88,2.6677
1981,2,2,5,136,-0.4845
1981,2,3,1,114,3.3414
1981,2,3,2,242,3.5729
1981,2,3,3,101,2.2645
1981,2,3,4,116,0.7273
1981,2,3,5,138,-2.1486
1981,3,1,1,400,8.5682
1981,3,1,2,432,8.1363
1981,3,1,3,427,7.8740
1981,3,1,4,453,8.9866
1981,3,1,5,382,9.8067
1981,3,2,1,183,8.0845
1981,3,2,2,99,7.8182
1981,3,2,3,112,8.4328
1981,3,2,4,161,6.9228
1981,3,2,5,91,9.7549
1981,3,3,1,221,7.2864
1981,3,3,2,86,12.0227
1981,3,3,3,88,5.6038
1981,3,3,4,241,3.5340
1981,3,3,5,70,9.9887
1981,4,1,1,389,1.8170
1981,4,1,2,441,5.5132
1981,4,1,3,382,4.6306
1981,4,1,4,516,6.8709
1981,4,1,5,383,4.3461
1981,4,2,1,172,-0.1694
1981,4,2,2,117,2.6600
1981,4,2,3,105,4.1530
1981,4,2,4,137,3.0340
1981,4,2,5,123,2.9152
1981,4,3,1,253,-2.1661
1981,4,3,2,92,2.1503
1981,4,3,3,118,0.4805
1981,4,3,4,139,4.2900
1981,4,3,5,110,-2.1063
1981,5,1,1,508,0.1677
1981,5,1,2,408,1.3176
1981,5,1,3,417,4.0750
1981,5,1,4,423,3.6561
1981,5,1,5,378,3.2796
1981,5,2,1,171,2.9265
1981,5,2,2,124,4.3807
1981,5,2,3,121,4.6204
1981,5,2,4,118,5.6816
1981,5,2,5,132,6.4766
1981,5,3,1,221,-0.3768
1981,5,3,2,142,0.5622
1981,5,3,3,129,1.4094
1981,5,3,4,74,4.2841
1981,5,3,5,141,4.7145
1981,6,1,1,493,-5.6502
1981,6,1,2,482,-4.3997
1981,6,1,3,472,0.7109
1981,6,1,4,359,-0.6437
1981,6,1,5,355,0.9528
1981,6,2,1,191,-5.3262
1981,6,2,2,110,-4.5850
1981,6,2,3,142,-3.5854
1981,6,2,4,108,-2.5144
1981,6,2,5,123,-1.7794
1981,6,3,1,252,-3.7701
1981,6,3,2,103,-3.8703
1981,6,3,3,121,-1.3286
1981,6,3,4,129,-4.7289
1981,6,3,5,102,-4.2896
1981,7,1,1,381,-5.4202
1981,7,1,2,660,-4.2781
1981,7,1,3,505,-2.0527
1981,7,1,4,242,-1.8081
1981,7,1,5,432,-4.0436
1981,7,2,1,113,-1.1004
1981,7,2,2,169,-2.4134
1981,7,2,3,165,-2.1786
1981,7,2,4,79,-4.2098
1981,7,2,5,125,-4.8706
1981,7,3,1,131,1.0137
1981,7,3,2,209,-1.9401
1981,7,3,3,156,-1.6833
1981,7,3,4,97,-1.2972
1981,7,3,5,111,-1.7747
1981,8,1,1,435,-9.8072
1981,8,1,2,733,-10.5096
1981,8,1,3,424,-5.9382
1981,8,1,4,327,-7.3627
1981,8,1,5,349,-10.1784
1981,8,2,1,126,-7.7554
1981,8,2,2,175,-8.9143
1981,8,2,3,157,-6.6056
1981,8,2,4,92,-8.2209
1981,8,2,5,104,-6.9201
1981,8,3,1,160,-5.2743
1981,8,3,2,170,-6.8520
1981,8,3,3,195,-5.2747
1981,8,3,4,73,-5.5563
1981,8,3,5,108,-6.1933
1981,9,1,1,328,-9.0097
1981,9,1,2,786,-14.4283
1981,9,1,3,381,-10.1281
1981,9,1,4,447,-8.5967
1981,9,1,5,336,-10.1549
1981,9,2,1,98,-6.0239
1981,9,2,2,198,-9.3629
1981,9,2,3,117,-5.9305
1981,9,2,4,109,-5.9101
1981,9,2,5,138,-5.8728
1981,9,3,1,127,-5.6906
1981,9,3,2,223,-6.9797
1981,9,3,3,98,-1.3869
1981,9,3,4,79,-3.7619
1981,9,3,5,180,-4.4018
1981,10,1,1,314,6.7158
1981,10,1,2,796,6.6576
1981,10,1,3,548,10.9381
1981,10,1,4,404,8.6787
1981,10,1,5,225,9.2234
1981,10,2,1,103,6.4592
1981,10,2,2,206,5.6854
1981,10,2,3,135,10.2024
1981,10,2,4,112,10.1997
1981,10,2,5,96,7.9158
1981,10,3,1,127,4.8253
1981,10,3,2,214,5.9134
1981,10,3,3,106,6.2271
1981,10,3,4,113,6.9827
1981,10,3,5,147,7.5411
1981,11,1,1,303,-0.0880
1981,11,1,2,686,0.8031
1981,11,1,3,548,2.4149
1981,11,1,4,620,1.0758
1981,11,1,5,166,6.6883
1981,11,2,1,105,1.3645
1981,11,2,2,187,3.4378
1981,11,2,3,124,2.8427
1981,11,2,4,158,0.6240
1981,11,2,5,82,5.8039
1981,11,3,1,114,2.5144
1981,11,3,2,187,3.7960
1981,11,3,3,82,0.1657
1981,11,3,4,172,2.9015
1981,11,3,5,153,2.9186
1981,12,1,1,265,-2.5018
1981,12,1,2,638,-1.6234
1981,12,1,3,686,-0.5517
1981,12,1,4,329,-0.8171
1981,12,1,5,421,-1.0888
1981,12,2,1,92,-2.2921
1981,12,2,2,147,-2.2148
1981,12,2,3,200,-1.0249
1981,12,2,4,79,-0.3656
1981,12,2,5,142,-2.5949
1981,12,3,1,78,-1.7300
1981,12,3,2,132,-1.9025
1981,12,3,3,186,-1.6731
1981,12,3,4,64,-2.2789
1981,12,3,5,251,-3.4581
1982,1,1,1,358,0.1820
1982,1,1,2,561,-0.6863
1982,1,1,3,717,-1.3706
1982,1,1,4,482,-3.1340
1982,1,1,5,247,-1.6256
1982,1,2,1,95,-4.9294
1982,1,2,2,164,-4.4302
1982,1,2,3,166,-4.2394
1982,1,2,4,137,-6.3337
1982,1,2,5,94,-1.5538
1982,1,3,1,88,-3.2968
1982,1,3,2,170,-6.0214
1982,1,3,3,126,1.1115
1982,1,3,4,136,-1.0811
1982,1,3,5,186,-0.9988
1982,2,1,1,457,-7.5888
1982,2,1,2,437,-2.8382
1982,2,1,3,761,-5.2088
1982,2,1,4,362,-1.8115
1982,2,1,5,369,-3.7078
1982,2,2,1,124,-9.0528
1982,2,2,2,130,-3.8906
1982,2,2,3,165,-5.5601
1982,2,2,4,131,-2.4077
1982,2,2,5,93,-1.5897
1982,2,3,1,136,-7.4074
1982,2,3,2,135,-5.4195
1982,2,3,3,104,-4.5625
1982,2,3,4,184,-4.5755
1982,2,3,5,148,-3.0554
1982,3,1,1,701,-5.4773
1982,3,1,2,295,-3.1182
1982,3,1,3,665,-0.8588
1982,3,1,4,356,1.9752
1982,3,1,5,391,0.1952
1982,3,2,1,175,-5.3491
1982,3,2,2,86,-1.0472
1982,3,2,3,135,0.1135
1982,3,2,4,144,4.3626
1982,3,2,5,101,1.9735
1982,3,3,1,201,-6.0815
1982,3,3,2,62,-4.6455
1982,3,3,3,100,0.0062
1982,3,3,4,193,3.6352
1982,3,3,5,143,0.6614
1982,4,1,1,549,2.5192
1982,4,1,2,460,5.7638
1982,4,1,3,709,7.2785
1982,4,1,4,194,6.9304
1982,4,1,5,501,8.2076
1982,4,2,1,136,2.7280
1982,4,2,2,113,6.9229
1982,4,2,3,151,7.0420
1982,4,2,4,64,6.6562
1982,4,2,5,167,7.8956
1982,4,3,1,138,2.9671
1982,4,3,2,111,7.6224
1982,4,3,3,129,6.1045
1982,4,3,4,67,6.2030
1982,4,3,5,246,5.3591
1982,5,1,1,580,-4.5325
1982,5,1,2,482,-4.0112
1982,5,1,3,581,-2.8868
1982,5,1,4,304,-2.0574
1982,5,1,5,454,-1.6717
1982,5,2,1,143,-4.4402
1982,5,2,2,134,-3.1172
1982,5,2,3,105,-3.8965
1982,5,2,4,109,-5.2098
1982,5,2,5,145,-2.2245
1982,5,3,1,135,-6.7153
1982,5,3,2,135,-4.6953
1982,5,3,3,93,-4.6491
1982,5,3,4,175,-4.8295
1982,5,3,5,151,-2.9044
1982,6,1,1,694,-7.5078
1982,6,1,2,514,-3.9559
1982,6,1,3,396,-2.1081
1982,6,1,4,352,-2.1966
1982,6,1,5,441,-0.5184
1982,6,2,1,158,-5.3042
1982,6,2,2,150,-1.2968
1982,6,2,3,74,-3.2128
1982,6,2,4,79,-0.8823
1982,6,2,5,174,0.3181
1982,6,3,1,160,-8.3895
1982,6,3,2,130,-0.5204
1982,6,3,3,76,-3.0520
1982,6,3,4,89,1.8095
1982,6,3,5,237,0.8105
1982,7,1,1,696,-1.3169
1982,7,1,2,342,-1.2878
1982,7,1,3,636,-0.2573
1982,7,1,4,354,-0.8096
1982,7,1,5,359,2.5595
1982,7,2,1,148,-5.5286
1982,7,2,2,105,-1.4779
1982,7,2,3,133,0.8356
1982,7,2,4,126,-1.0464
1982,7,2,5,125,0.1169
1982,7,3,1,157,-6.6050
1982,7,3,2,80,-2.4344
1982,7,3,3,142,-0.0479
1982,7,3,4,180,1.1147
1982,7,3,5,128,-0.1084
1982,8,1,1,604,5.7799
1982,8,1,2,510,5.4583
1982,8,1,3,615,5.1744
1982,8,1,4,256,1.3024
1982,8,1,5,410,5.2822
1982,8,2,1,126,10.4997
1982,8,2,2,137,10.4755
1982,8,2,3,123,8.5483
1982,8,2,4,108,10.9816
1982,8,2,5,136,9.7990
1982,8,3,1,124,18.4957
1982,8,3,2,154,11.7956
1982,8,3,3,102,15.1126
1982,8,3,4,172,13.0339
1982,8,3,5,134,12.0210
1982,9,1,1,603,-0.2668
1982,9,1,2,528,6.0912
1982,9,1,3,637,5.3815
1982,9,1,4,327,6.4607
1982,9,1,5,322,4.9462
1982,9,2,1,127,0.4126
1982,9,2,2,145,4.8527
1982,9,2,3,139,4.3950
1982,9,2,4,88,3.0459
1982,9,2,5,118,3.9996
1982,9,3,1,123,-0.4786
1982,9,3,2,132,2.0217
1982,9,3,3,237,1.5499
1982,9,3,4,78,-0.4542
1982,9,3,5,113,3.2060
1982,10,1,1,373,13.9108
1982,10,1,2,765,14.0619
1982,10,1,3,496,14.1742
1982,10,1,4,495,13.5736
1982,10,1,5,257,17.7742
1982,10,2,1,102,9.5801
1982,10,2,2,157,15.9796
1982,10,2,3,178,17.0447
1982,10,2,4,110,16.6579
1982,10,2,5,89,14.1378
1982,10,3,1,94,15.3111
1982,10,3,2,185,14.5945
1982,10,3,3,212,14.3870
1982,10,3,4,102,15.1289
1982,10,3,5,90,12.9196
1982,11,1,1,565,2.2142
1982,11,1,2,488,12.8338
1982,11,1,3,367,13.2646
1982,11,1,4,506,10.8846
1982,11,1,5,439,10.7220
1982,11,2,1,120,1.2468
1982,11,2,2,150,8.1226
1982,11,2,3,108,10.6529
1982,11,2,4,149,12.0823
1982,11,2,5,114,8.9450
1982,11,3,1,116,1.2535
1982,11,3,2,262,5.1836
1982,11,3,3,78,6.2300
1982,11,3,4,111,8.6108
1982,11,3,5,119,8.9376
1982,12,1,1,597,4.0356
1982,12,1,2,306,4.0080
1982,12,1,3,460,1.1725
1982,12,1,4,602,1.8785
1982,12,1,5,437,2.1112
1982,12,2,1,150,2.4503
1982,12,2,2,87,1.5075
1982,12,2,3,139,-0.8743
1982,12,2,4,155,2.1331
1982,12,2,5,104,6.8283
1982,12,3,1,208,3.9595
1982,12,3,2,119,-1.5755
1982,12,3,3,128,-0.7450
1982,12,3,4,126,0.0127
1982,12,3,5,114,1.0651
1983,1,1,1,569,9.6058
1983,1,1,2,266,10.5363
1983,1,1,3,523,10.3600
1983,1,1,4,612,9.7122
1983,1,1,5,436,15.6581
1983,1,2,1,128,8.3370
1983,1,2,2,100,6.2945
1983,1,2,3,150,6.2391
1983,1,2,4,175,9.2525
1983,1,2,5,107,10.5622
1983,1,3,1,200,4.7726
1983,1,3,2,131,2.5263
1983,1,3,3,119,4.1508
1983,1,3,4,138,3.3315
1983,1,3,5,102,5.3290
1983,2,1,1,454,2.2550
1983,2,1,2,444,6.3590
1983,2,1,3,307,7.1189
1983,2,1,4,589,7.7924
1983,2,1,5,592,5.2209
1983,2,2,1,82,2.5357
1983,2,2,2,177,6.3636
1983,2,2,3,98,4.6803
1983,2,2,4,167,8.2085
1983,2,2,5,158,3.3347
1983,2,3,1,115,0.1782
1983,2,3,2,200,4.8088
1983,2,3,3,106,5.3940
1983,2,3,4,157,5.0102
1983,2,3,5,108,0.1871
1983,3,1,1,505,4.0959
1983,3,1,2,323,6.3300
1983,3,1,3,325,5.2042
1983,3,1,4,639,5.6772
1983,3,1,5,624,3.1951
1983,3,2,1,115,1.8305
1983,3,2,2,100,4.8884
1983,3,2,3,115,2.9851
1983,3,2,4,174,3.6786
1983,3,2,5,150,3.2140
1983,3,3,1,202,3.4596
1983,3,3,2,126,2.2543
1983,3,3,3,101,2.2263
1983,3,3,4,150,3.4854
1983,3,3,5,114,4.0645
1983,4,1,1,497,7.2784
1983,4,1,2,266,7.1886
1983,4,1,3,367,7.1634
1983,4,1,4,750,7.5976
1983,4,1,5,557,9.5778
1983,4,2,1,112,9.4144
1983,4,2,2,80,7.6665
1983,4,2,3,128,5.1669
1983,4,2,4,222,7.2517
1983,4,2,5,120,7.1793
1983,4,3,1,201,6.4434
1983,4,3,2,106,7.7556
1983,4,3,3,109,6.5113
1983,4,3,4,185,5.2481
1983,4,3,5,96,6.1622
1983,5,1,1,224,7.3805
1983,5,1,2,713,11.6825
1983,5,1,3,349,9.9303
1983,5,1,4,621,10.1343
1983,5,1,5,539,9.9911
1983,5,2,1,82,10.1494
1983,5,2,2,142,4.9971
1983,5,2,3,126,4.0144
1983,5,2,4,149,7.4483
1983,5,2,5,174,7.1632
1983,5,3,1,163,2.3263
1983,5,3,2,141,1.8734
1983,5,3,3,124,3.8127
1983,5,3,4,123,0.9283
1983,5,3,5,147,2.0443
1983,6,1,1,272,11.7675
1983,6,1,2,312,3.6365
1983,6,1,3,901,5.7446
1983,6,1,4,675,5.2872
1983,6,1,5,298,3.9819
1983,6,2,1,77,5.3939
1983,6,2,2,125,3.2712
1983,6,2,3,195,7.4353
1983,6,2,4,196,3.8947
1983,6,2,5,87,3.6724
1983,6,3,1,101,2.8735
1983,6,3,2,193,4.0924
1983,6,3,3,191,3.6768
1983,6,3,4,163,4.0917
1983,6,3,5,57,2.7542
1983,7,1,1,318,-0.6174
1983,7,1,2,381,-1.4154
1983,7,1,3,598,-3.3936
1983,7,1,4,682,-3.7920
1983,7,1,5,520,-2.4066
1983,7,2,1,106,-2.3452
1983,7,2,2,112,-1.8060
1983,7,2,3,116,-4.2734
1983,7,2,4,188,-6.9212
1983,7,2,5,155,-3.1137
1983,7,3,1,167,-1.1054
1983,7,3,2,133,-1.1136
1983,7,3,3,117,-4.4494
1983,7,3,4,174,-4.7192
1983,7,3,5,113,-3.5878
1983,8,1,1,355,-4.4612
1983,8,1,2,556,-10.8021
1983,8,1,3,462,-4.1914
1983,8,1,4,782,-3.9864
1983,8,1,5,401,-3.8844
1983,8,2,1,118,-2.0709
1983,8,2,2,131,-5.0315
1983,8,2,3,166,-4.2990
1983,8,2,4,143,-4.2381
1983,8,2,5,126,-5.8796
1983,8,3,1,169,0.5146
1983,8,3,2,127,-0.3273
1983,8,3,3,125,2.1224
1983,8,3,4,175,-1.5935
1983,8,3,5,105,-2.8350
1983,9,1,1,625,-0.7524
1983,9,1,2,366,-0.4084
1983,9,1,3,718,-1.6341
1983,9,1,4,404,1.7674
1983,9,1,5,506,-1.9020
1983,9,2,1,159,2.3240
1983,9,2,2,115,0.8117
1983,9,2,3,179,1.4037
1983,9,2,4,133,9.1227
1983,9,2,5,104,1.6690
1983,9,3,1,115,3.0621
1983,9,3,2,85,2.5176
1983,9,3,3,232,3.5319
1983,9,3,4,126,4.5422
1983,9,3,5,130,-1.9500
1983,10,1,1,465,-8.5841
1983,10,1,2,511,-6.6419
1983,10,1,3,720,-6.6493
1983,10,1,4,493,-4.4155
1983,10,1,5,467,-8.0518
1983,10,2,1,119,-7.2069
1983,10,2,2,159,-8.5907
1983,10,2,3,158,-5.7091
1983,10,2,4,172,-5.7531
1983,10,2,5,93,-4.4671
1983,10,3,1,98,-4.7975
1983,10,3,2,110,-4.8504
1983,10,3,3,135,-3.5767
1983,10,3,4,224,-2.4216
1983,10,3,5,116,-3.6387
1983,11,1,1,549,3.7304
1983,11,1,2,636,4.6023
1983,11,1,3,718,6.9712
1983,11,1,4,613,2.6365
1983,11,1,5,212,5.1357
1983,11,2,1,126,6.0042
1983,11,2,2,149,6.4295
1983,11,2,3,202,6.9939
1983,11,2,4,127,5.4060
1983,11,2,5,98,0.4869
1983,11,3,1,57,6.1998
1983,11,3,2,137,6.3564
1983,11,3,3,166,4.1058
1983,11,3,4,134,4.0658
1983,11,3,5,188,2.3957
1983,12,1,1,575,-4.9837
1983,12,1,2,708,-2.6107
1983,12,1,3,941,-2.2186
1983,12,1,4,368,0.5397
1983,12,1,5,213,-1.6851
1983,12,2,1,121,-2.6527
1983,12,2,2,155,-0.5540
1983,12,2,3,202,-2.2275
1983,12,2,4,140,-1.3188
1983,12,2,5,83,2.1460
1983,12,3,1,58,0.2295
1983,12,3,2,114,-0.1001
1983,12,3,3,206,-2.1443
1983,12,3,4,201,-1.7527
1983,12,3,5,104,-2.0455
1984,1,1,1,620,-2.3346
1984,1,1,2,945,-0.1145
1984,1,1,3,619,-2.2526
1984,1,1,4,478,-1.6566
1984,1,1,5,220,2.1312
1984,1,2,1,134,-2.6935
1984,1,2,2,217,-4.3922
1984,1,2,3,114,-0.1048
1984,1,2,4,123,-2.6173
1984,1,2,5,107,2.9310
1984,1,3,1,60,-5.8158
1984,1,3,2,187,-4.4038
1984,1,3,3,110,-1.1012
1984,1,3,4,159,-4.0573
1984,1,3,5,171,-1.0788
1984,2,1,1,737,-5.4756
1984,2,1,2,698,-6.8113
1984,2,1,3,491,-5.7127
1984,2,1,4,460,-5.4533
1984,2,1,5,530,-5.8811
1984,2,2,1,174,-2.9521
1984,2,2,2,158,-6.7291
1984,2,2,3,107,-5.0552
1984,2,2,4,113,-7.0042
1984,2,2,5,139,-3.0245
1984,2,3,1,97,-2.1159
1984,2,3,2,108,-5.5076
1984,2,3,3,113,-6.4792
1984,2,3,4,133,-7.5887
1984,2,3,5,234,-3.6300
1984,3,1,1,899,0.3689
1984,3,1,2,463,0.6225
1984,3,1,3,511,0.8548
1984,3,1,4,623,-0.1373
1984,3,1,5,452,2.0373
1984,3,2,1,167,-0.2804
1984,3,2,2,137,-1.3761
1984,3,2,3,109,1.7928
1984,3,2,4,151,1.0139
1984,3,2,5,123,4.7531
1984,3,3,1,109,0.9198
1984,3,3,2,118,3.3532
1984,3,3,3,88,2.1720
1984,3,3,4,164,3.2031
1984,3,3,5,206,0.6620
1984,4,1,1,828,-2.0380
1984,4,1,2,511,-2.7070
1984,4,1,3,516,-2.8132
1984,4,1,4,649,-1.7019
1984,4,1,5,500,-1.9276
1984,4,2,1,151,1.6951
1984,4,2,2,144,0.9321
1984,4,2,3,108,0.1665
1984,4,2,4,178,-0.2452
1984,4,2,5,91,0.4209
1984,4,3,1,79,-0.8237
1984,4,3,2,131,2.0444
1984,4,3,3,106,0.3179
1984,4,3,4,247,-0.4528
1984,4,3,5,119,-3.5492
1984,5,1,1,535,-5.0391
1984,5,1,2,922,-4.3964
1984,5,1,3,405,-4.1459
1984,5,1,4,506,-4.9731
1984,5,1,5,664,-6.3816
1984,5,2,1,145,-4.8120
1984,5,2,2,233,-4.1323
1984,5,2,3,68,-2.9860
1984,5,2,4,127,-6.8476
1984,5,2,5,96,-4.5942
1984,5,3,1,124,-7.4353
1984,5,3,2,229,-4.5359
1984,5,3,3,77,-5.0531
1984,5,3,4,109,-6.0269
1984,5,3,5,144,-4.8684
1984,6,1,1,742,1.9845
1984,6,1,2,793,2.2822
1984,6,1,3,612,3.1842
1984,6,1,4,368,1.9232
1984,6,1,5,541,0.3949
1984,6,2,1,159,4.8358
1984,6,2,2,179,3.4200
1984,6,2,3,143,2.6594
1984,6,2,4,123,4.8262
1984,6,2,5,67,-0.8551
1984,6,3,1,124,5.5284
1984,6,3,2,112,3.9646
1984,6,3,3,149,4.4436
1984,6,3,4,195,3.9888
1984,6,3,5,103,-0.6743
1984,7,1,1,584,-5.2000
1984,7,1,2,786,-5.5556
1984,7,1,3,669,-4.6609
1984,7,1,4,461,-2.5069
1984,7,1,5,560,-4.1363
1984,7,2,1,111,-5.5829
1984,7,2,2,175,-5.2467
1984,7,2,3,147,-4.5973
1984,7,2,4,153,-3.4972
1984,7,2,5,92,-3.4671
1984,7,3,1,75,-5.7508
1984,7,3,2,163,-0.9869
1984,7,3,3,115,-4.7185
1984,7,3,4,179,-0.7828
1984,7,3,5,154,-0.9984
1984,8,1,1,527,9.6604
1984,8,1,2,788,9.8647
1984,8,1,3,993,9.9432
1984,8,1,4,396,8.0648
1984,8,1,5,371,11.2809
1984,8,2,1,104,10.0851
1984,8,2,2,147,13.0560
1984,8,2,3,184,12.8823
1984,8,2,4,136,12.9828
1984,8,2,5,110,14.1275
1984,8,3,1,72,15.3189
1984,8,3,2,140,11.8433
1984,8,3,3,132,13.1494
1984,8,3,4,199,9.3322
1984,8,3,5,139,11.1864
1984,9,1,1,536,-0.6304
1984,9,1,2,846,0.6229
1984,9,1,3,789,-1.5508
1984,9,1,4,736,-0.2929
1984,9,1,5,203,1.9452
1984,9,2,1,103,-1.3440
1984,9,2,2,137,-1.0793
1984,9,2,3,193,-3.2360
1984,9,2,4,183,1.1687
1984,9,2,5,61,0.2756
1984,9,3,1,74,-1.5420
1984,9,3,2,141,-1.4351
1984,9,3,3,226,-1.9417
1984,9,3,4,162,-0.4616
1984,9,3,5,82,-3.4698
1984,10,1,1,483,-1.6167
1984,10,1,2,711,-1.9813
1984,10,1,3,995,-3.7683
1984,10,1,4,709,-1.2816
1984,10,1,5,216,3.0567
1984,10,2,1,92,-2.6387
1984,10,2,2,128,-0.7390
1984,10,2,3,182,-2.0419
1984,10,2,4,189,-2.3247
1984,10,2,5,66,1.2215
1984,10,3,1,74,-4.4656
1984,10,3,2,119,0.4677
1984,10,3,3,141,0.5993
1984,10,3,4,239,1.8984
1984,10,3,5,112,2.4051
1984,11,1,1,605,-5.8382
1984,11,1,2,830,-3.9661
1984,11,1,3,857,-4.1746
1984,11,1,4,609,-0.3403
1984,11,1,5,209,-4.4427
1984,11,2,1,105,-3.3163
1984,11,2,2,129,-1.5232
1984,11,2,3,194,-1.7918
1984,11,2,4,153,-2.5317
1984,11,2,5,89,-4.6095
1984,11,3,1,76,-0.5838
1984,11,3,2,120,-1.5120
1984,11,3,3,141,-1.0109
1984,11,3,4,173,-0.9827
1984,11,3,5,169,-1.2174
1984,12,1,1,531,-3.7431
1984,12,1,2,928,-0.2369
1984,12,1,3,855,1.1939
1984,12,1,4,573,3.4036
1984,12,1,5,226,-1.0608
1984,12,2,1,88,-0.9821
1984,12,2,2,136,0.7868
1984,12,2,3,201,2.6928
1984,12,2,4,141,3.1061
1984,12,2,5,104,2.9651
1984,12,3,1,72,-0.4054
1984,12,3,2,130,0.9048
1984,12,3,3,130,2.5257
1984,12,3,4,158,2.6393
1984,12,3,5,186,4.0580
1985,1,1,1,649,12.0056
1985,1,1,2,813,14.2357
1985,1,1,3,839,15.4893
1985,1,1,4,609,11.3050
1985,1,1,5,212,10.2596
1985,1,2,1,106,14.3277
1985,1,2,2,127,11.3670
1985,1,2,3,191,12.7311
1985,1,2,4,143,13.0770
1985,1,2,5,104,10.7347
1985,1,3,1,71,12.3870
1985,1,3,2,107,11.7765
1985,1,3,3,175,9.5110
1985,1,3,4,142,8.0989
1985,1,3,5,180,4.8932
1985,2,1,1,603,2.3281
1985,2,1,2,862,4.1505
1985,2,1,3,423,2.8408
1985,2,1,4,652,7.3848
1985,2,1,5,587,3.4259
1985,2,2,1,101,2.2199
1985,2,2,2,172,2.6769
1985,2,2,3,95,1.5755
1985,2,2,4,160,3.7147
1985,2,2,5,133,2.6380
1985,2,3,1,96,-1.2362
1985,2,3,2,206,1.5882
1985,2,3,3,92,1.4666
1985,2,3,4,161,3.4611
1985,2,3,5,125,1.1728
1985,3,1,1,566,-1.2942
1985,3,1,2,832,-3.4263
1985,3,1,3,911,-1.5815
1985,3,1,4,422,-1.1676
1985,3,1,5,381,0.5228
1985,3,2,1,106,-1.1741
1985,3,2,2,149,-3.8270
1985,3,2,3,197,-3.6255
1985,3,2,4,105,-1.2274
1985,3,2,5,114,1.7042
1985,3,3,1,98,0.2109
1985,3,3,2,136,-2.8793
1985,3,3,3,132,0.4854
1985,3,3,4,146,1.9441
1985,3,3,5,161,-1.5247
1985,4,1,1,757,-3.9368
1985,4,1,2,793,-2.1103
1985,4,1,3,758,-0.4241
1985,4,1,4,419,-1.0660
1985,4,1,5,384,-0.6483
1985,4,2,1,131,-3.8438
1985,4,2,2,158,-1.8079
1985,4,2,3,198,-1.8636
1985,4,2,4,83,-1.4999
1985,4,2,5,97,-0.6340
1985,4,3,1,96,-3.5313
1985,4,3,2,169,-1.5780
1985,4,3,3,140,-1.8707
1985,4,3,4,84,-1.3956
1985,4,3,5,186,-1.0724
1985,5,1,1,673,0.1103
1985,5,1,2,553,3.0975
1985,5,1,3,424,1.7206
1985,5,1,4,902,0.7811
1985,5,1,5,546,3.4686
1985,5,2,1,134,3.1078
1985,5,2,2,119,4.0202
1985,5,2,3,125,4.4818
1985,5,2,4,189,5.1166
1985,5,2,5,121,4.5778
1985,5,3,1,96,3.8848
1985,5,3,2,109,6.8183
1985,5,3,3,107,5.5427
1985,5,3,4,164,7.3075
1985,5,3,5,206,6.2150
1985,6,1,1,627,0.7457
1985,6,1,2,519,1.0236
1985,6,1,3,682,-0.5604
1985,6,1,4,697,-0.0614
1985,6,1,5,579,2.4821
1985,6,2,1,118,-2.2542
1985,6,2,2,143,1.5775
1985,6,2,3,136,0.6917
1985,6,2,4,148,1.0190
1985,6,2,5,138,5.7438
1985,6,3,1,84,1.0287
1985,6,3,2,130,1.3400
1985,6,3,3,186,2.5705
1985,6,3,4,104,2.6255
1985,6,3,5,175,3.9430
1985,7,1,1,642,3.6434
1985,7,1,2,594,3.8052
1985,7,1,3,786,5.3680
1985,7,1,4,578,2.5832
1985,7,1,5,488,-0.3469
1985,7,2,1,127,6.8282
1985,7,2,2,118,4.9000
1985,7,2,3,150,3.4553
1985,7,2,4,162,2.5465
1985,7,2,5,124,0.0335
1985,7,3,1,96,4.1091
1985,7,3,2,109,1.8191
1985,7,3,3,118,3.5267
1985,7,3,4,203,0.2324
1985,7,3,5,151,-2.0731
1985,8,1,1,717,-0.6035
1985,8,1,2,557,4.3863
1985,8,1,3,966,-0.8003
1985,8,1,4,469,-1.6344
1985,8,1,5,381,1.6189
1985,8,2,1,142,-3.8781
1985,8,2,2,131,-1.5979
1985,8,2,3,186,0.0620
1985,8,2,4,161,-2.2825
1985,8,2,5,70,1.1339
1985,8,3,1,95,-4.3949
1985,8,3,2,117,-2.1059
1985,8,3,3,152,-1.1598
1985,8,3,4,217,-0.9538
1985,8,3,5,97,2.1108
1985,9,1,1,821,-5.2530
1985,9,1,2,455,-5.3475
1985,9,1,3,1030,-5.4314
1985,9,1,4,465,-5.7656
1985,9,1,5,324,-5.0452
1985,9,2,1,147,-5.4286
1985,9,2,2,107,-5.5950
1985,9,2,3,192,-6.0719
1985,9,2,4,134,-5.7421
1985,9,2,5,103,-5.3854
1985,9,3,1,104,-4.0573
1985,9,3,2,100,-5.2543
1985,9,3,3,154,-3.1772
1985,9,3,4,154,-5.1721
1985,9,3,5,167,-2.2916
1985,10,1,1,637,-0.5566
1985,10,1,2,776,0.3158
1985,10,1,3,869,2.2754
1985,10,1,4,486,0.6843
1985,10,1,5,346,2.9889
1985,10,2,1,96,-0.1344
1985,10,2,2,179,4.5837
1985,10,2,3,209,5.4619
1985,10,2,4,102,2.1311
1985,10,2,5,98,2.1606
1985,10,3,1,60,-1.5685
1985,10,3,2,130,1.1478
1985,10,3,3,284,3.4404
1985,10,3,4,81,3.3195
1985,10,3,5,115,6.4978
1985,11,1,1,466,3.2599
1985,11,1,2,996,5.3678
1985,11,1,3,581,6.3586
1985,11,1,4,653,5.3639
1985,11,1,5,415,5.2751
1985,11,2,1,73,6.1930
1985,11,2,2,176,7.9825
1985,11,2,3,175,6.6100
1985,11,2,4,173,7.3993
1985,11,2,5,102,7.7639
1985,11,3,1,39,9.8209
1985,11,3,2,161,6.7126
1985,11,3,3,210,6.6404
1985,11,3,4,159,10.3841
1985,11,3,5,101,6.7981
1985,12,1,1,361,2.7536
1985,12,1,2,622,0.1918
1985,12,1,3,1110,3.7369
1985,12,1,4,592,6.0842
1985,12,1,5,435,6.1558
1985,12,2,1,65,2.9315
1985,12,2,2,103,-0.4301
1985,12,2,3,305,4.6601
1985,12,2,4,130,5.6883
1985,12,2,5,95,7.1475
1985,12,3,1,54,5.5339
1985,12,3,2,93,2.1769
1985,12,3,3,308,5.4998
1985,12,3,4,132,5.5317
1985,12,3,5,87,4.2710
1986,1,1,1,569,3.3478
1986,1,1,2,448,3.2301
1986,1,1,3,987,1.1673
1986,1,1,4,586,4.4072
1986,1,1,5,547,2.2815
1986,1,2,1,85,3.4409
1986,1,2,2,126,1.1855
1986,1,2,3,235,0.4315
1986,1,2,4,130,2.1877
1986,1,2,5,118,3.0066
1986,1,3,1,87,0.8361
1986,1,3,2,159,1.2223
1986,1,3,3,192,1.1080
1986,1,3,4,136,3.4213
1986,1,3,5,94,0.8680
1986,2,1,1,500,-0.7030
1986,2,1,2,793,5.6680
1986,2,1,3,740,6.8595
1986,2,1,4,687,4.2565
1986,2,1,5,395,4.1623
1986,2,2,1,75,-1.8576
1986,2,2,2,160,7.4408
1986,2,2,3,182,6.5978
1986,2,2,4,217,9.7712
1986,2,2,5,80,5.5386
1986,2,3,1,80,3.6832
1986,2,3,2,115,9.8932
1986,2,3,3,145,11.1506
1986,2,3,4,244,8.7675
1986,2,3,5,78,9.1519
1986,3,1,1,481,3.0439
1986,3,1,2,822,4.9232
1986,3,1,3,966,5.2870
1986,3,1,4,448,5.7984
1986,3,1,5,399,5.0683
1986,3,2,1,73,5.6419
1986,3,2,2,158,5.1644
1986,3,2,3,278,3.4214
1986,3,2,4,114,8.5691
1986,3,2,5,106,6.0016
1986,3,3,1,78,4.4698
1986,3,3,2,96,3.9670
1986,3,3,3,260,5.3451
1986,3,3,4,123,7.6030
1986,3,3,5,102,8.1234
1986,4,1,1,494,-0.4694
1986,4,1,2,987,1.5058
1986,4,1,3,687,-0.5613
1986,4,1,4,612,2.2132
1986,4,1,5,361,-2.0145
1986,4,2,1,69,-2.2056
1986,4,2,2,197,4.1324
1986,4,2,3,189,1.9982
1986,4,2,4,162,0.2720
1986,4,2,5,101,-1.4331
1986,4,3,1,71,-3.8509
1986,4,3,2,141,2.6097
1986,4,3,3,195,2.6511
1986,4,3,4,172,-0.2687
1986,4,3,5,90,-0.6562
1986,5,1,1,538,6.2664
1986,5,1,2,633,2.7070
1986,5,1,3,849,4.3834
1986,5,1,4,693,3.7884
1986,5,1,5,467,-2.9544
1986,5,2,1,117,3.6938
1986,5,2,2,161,1.8924
1986,5,2,3,243,5.2733
1986,5,2,4,131,4.2905
1986,5,2,5,93,2.6907
1986,5,3,1,163,2.2887
1986,5,3,2,138,3.7313
1986,5,3,3,188,4.7199
1986,5,3,4,105,6.5370
1986,5,3,5,74,6.7490
1986,6,1,1,688,-1.9044
1986,6,1,2,735,-0.0844
1986,6,1,3,637,1.7146
1986,6,1,4,697,1.3101
1986,6,1,5,428,-2.0796
1986,6,2,1,136,-4.5756
1986,6,2,2,183,-0.0284
1986,6,2,3,176,1.6711
1986,6,2,4,189,3.5068
1986,6,2,5,78,0.6415
1986,6,3,1,114,-3.5443
1986,6,3,2,189,-0.6540
1986,6,3,3,136,2.2521
1986,6,3,4,172,4.2333
1986,6,3,5,60,0.6336
1986,7,1,1,859,-9.9225
1986,7,1,2,621,-8.4473
1986,7,1,3,644,-7.9559
1986,7,1,4,529,-7.8488
1986,7,1,5,533,-15.0875
1986,7,2,1,139,-7.9102
1986,7,2,2,172,-8.8945
1986,7,2,3,168,-9.3015
1986,7,2,4,132,-8.9450
1986,7,2,5,143,-10.3544
1986,7,3,1,94,-6.1015
1986,7,3,2,183,-6.2843
1986,7,3,3,152,-7.7477
1986,7,3,4,112,-6.3067
1986,7,3,5,128,-7.5582
1986,8,1,1,900,2.9361
1986,8,1,2,551,1.5898
1986,8,1,3,809,-0.8832
1986,8,1,4,521,0.8894
1986,8,1,5,435,-0.3237
1986,8,2,1,200,7.7579
1986,8,2,2,74,3.4270
1986,8,2,3,190,4.3458
1986,8,2,4,152,3.6355
1986,8,2,5,141,3.2376
1986,8,3,1,116,10.9892
1986,8,3,2,63,7.5971
1986,8,3,3,140,7.3052
1986,8,3,4,182,5.0773
1986,8,3,5,165,3.1233
1986,9,1,1,685,-1.6286
1986,9,1,2,857,-7.6304
1986,9,1,3,544,-5.6501
1986,9,1,4,549,-6.5868
1986,9,1,5,602,0.3212
1986,9,2,1,174,-2.7570
1986,9,2,2,145,-6.8148
1986,9,2,3,136,-6.3509
1986,9,2,4,162,-8.0561
1986,9,2,5,132,-6.9534
1986,9,3,1,110,-1.8753
1986,9,3,2,98,-8.1961
1986,9,3,3,79,-7.4155
1986,9,3,4,158,-7.7049
1986,9,3,5,219,-10.1558
1986,10,1,1,514,1.0728
1986,10,1,2,1008,2.7190
1986,10,1,3,744,5.0084
1986,10,1,4,388,-1.0795
1986,10,1,5,603,-1.5711
1986,10,2,1,112,3.3020
1986,10,2,2,196,3.2847
1986,10,2,3,167,6.0494
1986,10,2,4,135,5.2817
1986,10,2,5,125,3.4616
1986,10,3,1,90,4.1531
1986,10,3,2,98,4.6641
1986,10,3,3,118,9.6784
1986,10,3,4,153,6.0065
1986,10,3,5,208,5.6110
1986,11,1,1,745,-0.6949
1986,11,1,2,896,-2.6936
1986,11,1,3,437,0.5240
1986,11,1,4,753,-0.2296
1986,11,1,5,444,-8.8598
1986,11,2,1,152,-2.0380
1986,11,2,2,155,-0.2287
1986,11,2,3,127,1.2457
1986,11,2,4,184,-0.6439
1986,11,2,5,115,1.1741
1986,11,3,1,79,4.1876
1986,11,3,2,88,0.9670
1986,11,3,3,110,3.2817
1986,11,3,4,185,2.1639
1986,11,3,5,201,2.2937
1986,12,1,1,710,-5.3955
1986,12,1,2,556,-3.8506
1986,12,1,3,950,-4.4379
1986,12,1,4,517,-1.1605
1986,12,1,5,528,3.9091
1986,12,2,1,151,-3.7627
1986,12,2,2,125,-1.5684
1986,12,2,3,219,-2.1429
1986,12,2,4,132,-0.9720
1986,12,2,5,121,-2.2225
1986,12,3,1,78,-4.5811
1986,12,3,2,94,-3.6192
1986,12,3,3,124,-4.9957
1986,12,3,4,158,-1.6774
1986,12,3,5,210,-2.2091
1987,1,1,1,429,8.7855
1987,1,1,2,714,8.5747
1987,1,1,3,1008,10.7985
1987,1,1,4,566,12.2639
1987,1,1,5,565,11.3399
1987,1,2,1,89,9.9435
1987,1,2,2,180,13.5137
1987,1,2,3,197,13.2488
1987,1,2,4,115,11.3560
1987,1,2,5,148,13.7786
1987,1,3,1,48,12.8637
1987,1,3,2,132,11.9391
1987,1,3,3,144,16.3510
1987,1,3,4,93,17.0752
1987,1,3,5,231,15.7929
1987,2,1,1,560,6.7186
1987,2,1,2,432,5.5081
1987,2,1,3,847,9.6947
1987,2,1,4,758,17.7857
1987,2,1,5,670,9.8913
1987,2,2,1,132,11.5051
1987,2,2,2,139,5.9651
1987,2,2,3,158,9.9661
1987,2,2,4,173,8.5274
1987,2,2,5,128,9.7921
1987,2,3,1,95,8.2464
1987,2,3,2,171,4.6652
1987,2,3,3,131,6.7605
1987,2,3,4,126,4.5468
1987,2,3,5,136,4.8892
1987,3,1,1,324,2.4243
1987,3,1,2,698,1.1753
1987,3,1,3,1058,2.5853
1987,3,1,4,744,2.1908
1987,3,1,5,459,7.2593
1987,3,2,1,102,3.3573
1987,3,2,2,171,1.7997
1987,3,2,3,180,2.4389
1987,3,2,4,182,1.7800
1987,3,2,5,111,8.3155
1987,3,3,1,167,0.1673
1987,3,3,2,115,1.8571
1987,3,3,3,130,2.5447
1987,3,3,4,148,2.6325
1987,3,3,5,111,6.5649
1987,4,1,1,362,-5.7221
1987,4,1,2,847,-5.1822
1987,4,1,3,1011,-3.9317
1987,4,1,4,506,-1.5636
1987,4,1,5,604,0.0489
1987,4,2,1,111,-3.1936
1987,4,2,2,209,-4.6327
1987,4,2,3,191,-3.9394
1987,4,2,4,88,-3.9846
1987,4,2,5,138,1.3705
1987,4,3,1,161,-4.2217
1987,4,3,2,134,-1.2976
1987,4,3,3,131,-1.9550
1987,4,3,4,99,1.2015
1987,4,3,5,141,1.4477
1987,5,1,1,404,1.3624
1987,5,1,2,559,-2.3348
1987,5,1,3,825,-0.6866
1987,5,1,4,909,1.0804
1987,5,1,5,619,-0.0360
1987,5,2,1,130,1.1335
1987,5,2,2,138,-2.5396
1987,5,2,3,166,0.2316
1987,5,2,4,188,0.9839
1987,5,2,5,129,-2.1014
1987,5,3,1,175,2.9881
1987,5,3,2,111,0.4916
1987,5,3,3,90,1.9339
1987,5,3,4,174,0.1472
1987,5,3,5,119,1.9553
1987,6,1,1,250,2.9334
1987,6,1,2,868,3.3060
1987,6,1,3,871,1.8780
1987,6,1,4,751,2.6502
1987,6,1,5,628,-0.3789
1987,6,2,1,101,1.0157
1987,6,2,2,175,6.5049
1987,6,2,3,192,4.5240
1987,6,2,4,138,4.7279
1987,6,2,5,126,-0.2943
1987,6,3,1,134,5.0050
1987,6,3,2,148,6.6158
1987,6,3,3,136,5.0138
1987,6,3,4,153,4.1338
1987,6,3,5,103,-1.2317
1987,7,1,1,418,6.9057
1987,7,1,2,616,-0.5111
1987,7,1,3,735,2.6791
1987,7,1,4,848,1.9547
1987,7,1,5,753,5.4941
1987,7,2,1,123,5.1505
1987,7,2,2,129,5.7463
1987,7,2,3,159,2.8654
1987,7,2,4,192,3.1907
1987,7,2,5,139,9.0757
1987,7,3,1,151,2.9382
1987,7,3,2,113,5.4950
1987,7,3,3,123,6.3252
1987,7,3,4,150,6.9945
1987,7,3,5,121,8.2774
1987,8,1,1,189,-2.4064
1987,8,1,2,979,1.7091
1987,8,1,3,818,2.9810
1987,8,1,4,790,2.2332
1987,8,1,5,615,0.6204
1987,8,2,1,96,4.3319
1987,8,2,2,193,2.1900
1987,8,2,3,148,4.8617
1987,8,2,4,155,3.5224
1987,8,2,5,151,0.2124
1987,8,3,1,127,5.6821
1987,8,3,2,131,3.5604
1987,8,3,3,115,5.5493
1987,8,3,4,146,2.4020
1987,8,3,5,138,0.6543
1987,9,1,1,527,-2.0496
1987,9,1,2,1119,-1.7653
1987,9,1,3,445,-1.4657
1987,9,1,4,791,-1.9917
1987,9,1,5,558,-0.2171
1987,9,2,1,136,-1.6073
1987,9,2,2,191,-2.1123
1987,9,2,3,100,-0.5818
1987,9,2,4,198,0.9301
1987,9,2,5,100,-1.8556
1987,9,3,1,130,-2.2562
1987,9,3,2,151,-1.8317
1987,9,3,3,109,-0.8589
1987,9,3,4,155,-0.8946
1987,9,3,5,116,0.9853
1987,10,1,1,484,-31.0968
1987,10,1,2,816,-29.4311
1987,10,1,3,855,-31.3419
1987,10,1,4,821,-31.7476
1987,10,1,5,509,-31.4081
1987,10,2,1,133,-29.4904
1987,10,2,2,184,-30.5419
1987,10,2,3,145,-33.2273
1987,10,2,4,169,-32.6943
1987,10,2,5,95,-31.9664
1987,10,3,1,126,-24.4588
1987,10,3,2,145,-25.1337
1987,10,3,3,161,-23.9712
1987,10,3,4,124,-25.0292
1987,10,3,5,98,-27.5140
1987,11,1,1,407,-11.7796
1987,11,1,2,896,-3.9916
1987,11,1,3,686,-5.9947
1987,11,1,4,851,-5.2540
1987,11,1,5,605,-11.3552
1987,11,2,1,94,-4.7171
1987,11,2,2,197,-0.3529
1987,11,2,3,137,-2.2831
1987,11,2,4,146,-4.1418
1987,11,2,5,174,-3.8857
1987,11,3,1,52,-8.3125
1987,11,3,2,120,-5.0415
1987,11,3,3,116,-4.8559
1987,11,3,4,120,-4.7745
1987,11,3,5,247,-8.5721
1987,12,1,1,613,5.0721
1987,12,1,2,1005,4.3484
1987,12,1,3,863,2.5358
1987,12,1,4,698,3.9753
1987,12,1,5,239,14.0036
1987,12,2,1,103,12.2569
1987,12,2,2,229,11.3062
1987,12,2,3,147,8.1342
1987,12,2,4,158,9.9355
1987,12,2,5,114,7.7203
1987,12,3,1,44,16.2316
1987,12,3,2,154,10.5813
1987,12,3,3,121,11.7881
1987,12,3,4,141,8.2570
1987,12,3,5,191,6.5192
1988,1,1,1,575,6.2022
1988,1,1,2,863,6.4682
1988,1,1,3,898,9.5370
1988,1,1,4,564,4.1702
1988,1,1,5,489,0.7046
1988,1,2,1,149,4.7140
1988,1,2,2,156,2.4280
1988,1,2,3,161,2.7671
1988,1,2,4,135,-2.3226
1988,1,2,5,146,3.3827
1988,1,3,1,89,5.2872
1988,1,3,2,129,2.8286
1988,1,3,3,131,1.9770
1988,1,3,4,122,-2.3615
1988,1,3,5,185,-0.6833
1988,2,1,1,788,9.8445
1988,2,1,2,587,5.0573
1988,2,1,3,883,6.9360
1988,2,1,4,650,5.6948
1988,2,1,5,463,7.8223
1988,2,2,1,181,11.3933
1988,2,2,2,111,10.4436
1988,2,2,3,197,11.6048
1988,2,2,4,119,7.4694
1988,2,2,5,139,7.7647
1988,2,3,1,115,12.6259
1988,2,3,2,84,7.5997
1988,2,3,3,166,5.8796
1988,2,3,4,114,6.6448
1988,2,3,5,169,3.5111
1988,3,1,1,803,4.9735
1988,3,1,2,445,6.3120
1988,3,1,3,877,3.1098
1988,3,1,4,707,3.5609
1988,3,1,5,522,5.9170
1988,3,2,1,167,2.9191
1988,3,2,2,93,5.5327
1988,3,2,3,191,5.0621
1988,3,2,4,100,5.4126
1988,3,2,5,179,4.2342
1988,3,3,1,127,-1.3991
1988,3,3,2,62,1.2854
1988,3,3,3,154,-2.2148
1988,3,3,4,81,-1.9087
1988,3,3,5,234,-0.1190
1988,4,1,1,841,1.4236
1988,4,1,2,688,13.7339
1988,4,1,3,617,5.7469
1988,4,1,4,509,1.6627
1988,4,1,5,661,1.6287
1988,4,2,1,149,2.1046
1988,4,2,2,136,1.5678
1988,4,2,3,165,2.3513
1988,4,2,4,116,3.3341
1988,4,2,5,184,4.0097
1988,4,3,1,101,1.4637
1988,4,3,2,97,0.2238
1988,4,3,3,148,0.3763
1988,4,3,4,78,-0.1892
1988,4,3,5,230,0.4004
1988,5,1,1,563,-4.7806
1988,5,1,2,751,-1.7556
1988,5,1,3,737,-3.0217
1988,5,1,4,841,-1.1759
1988,5,1,5,406,0.5298
1988,5,2,1,183,-1.3191
1988,5,2,2,146,-1.4560
1988,5,2,3,143,-1.5229
1988,5,2,4,181,-2.1185
1988,5,2,5,104,-1.5959
1988,5,3,1,218,0.4896
1988,5,3,2,95,0.9502
1988,5,3,3,123,-1.1432
1988,5,3,4,133,-1.3009
1988,5,3,5,82,0.1555
1988,6,1,1,536,2.3091
1988,6,1,2,616,7.4712
1988,6,1,3,735,7.3445
1988,6,1,4,945,6.6397
1988,6,1,5,435,3.6773
1988,6,2,1,163,5.3910
1988,6,2,2,150,7.7001
1988,6,2,3,168,7.9137
1988,6,2,4,174,8.7757
1988,6,2,5,114,7.4380
1988,6,3,1,194,4.1503
1988,6,3,2,111,9.2572
1988,6,3,3,122,7.5756
1988,6,3,4,135,4.8586
1988,6,3,5,85,6.2028
1988,7,1,1,446,5.8292
1988,7,1,2,912,0.3723
1988,7,1,3,738,-0.1014
1988,7,1,4,467,-0.3693
1988,7,1,5,655,-0.6243
1988,7,2,1,105,-0.9356
1988,7,2,2,214,-2.1516
1988,7,2,3,177,-1.1227
1988,7,2,4,96,-0.5637
1988,7,2,5,173,0.0234
1988,7,3,1,71,-1.6316
1988,7,3,2,215,-1.3688
1988,7,3,3,184,-1.3154
1988,7,3,4,59,-3.4429
1988,7,3,5,132,-1.8539
1988,8,1,1,515,-3.9677
1988,8,1,2,548,-3.0594
1988,8,1,3,1208,-2.7254
1988,8,1,4,542,-2.5996
1988,8,1,5,402,-3.7716
1988,8,2,1,183,-1.8800
1988,8,2,2,126,-2.6119
1988,8,2,3,194,-3.7281
1988,8,2,4,146,-1.6665
1988,8,2,5,119,-5.2705
1988,8,3,1,190,-3.2309
1988,8,3,2,104,-2.3447
1988,8,3,3,157,-4.4795
1988,8,3,4,136,-2.7089
1988,8,3,5,72,-3.9670
1988,9,1,1,791,-1.4007
1988,9,1,2,806,1.9456
1988,9,1,3,785,-3.0450
1988,9,1,4,346,0.4101
1988,9,1,5,470,1.3206
1988,9,2,1,141,1.3629
1988,9,2,2,207,4.6552
1988,9,2,3,199,5.5307
1988,9,2,4,140,2.1413
1988,9,2,5,83,4.5406
1988,9,3,1,84,3.6386
1988,9,3,2,157,5.8618
1988,9,3,3,143,5.0847
1988,9,3,4,206,3.4416
1988,9,3,5,64,2.3247
1988,10,1,1,680,-0.8334
1988,10,1,2,1035,-3.2885
1988,10,1,3,628,-2.1019
1988,10,1,4,487,-0.8156
1988,10,1,5,377,-1.1595
1988,10,2,1,122,-3.5699
1988,10,2,2,189,-2.4563
1988,10,2,3,140,-1.0704
1988,10,2,4,191,0.3045
1988,10,2,5,109,-0.7022
1988,10,3,1,81,0.4914
1988,10,3,2,146,0.0057
1988,10,3,3,81,2.7260
1988,10,3,4,233,1.3358
1988,10,3,5,105,4.2270
1988,11,1,1,895,-5.7024
1988,11,1,2,564,-2.5786
1988,11,1,3,872,-4.3831
1988,11,1,4,491,-3.5845
1988,11,1,5,374,-5.5727
1988,11,2,1,142,-2.9227
1988,11,2,2,127,-4.8227
1988,11,2,3,182,-2.6161
1988,11,2,4,178,-3.5710
1988,11,2,5,129,-1.0732
1988,11,3,1,99,-1.1007
1988,11,3,2,105,-2.0649
1988,11,3,3,117,-3.1234
1988,11,3,4,197,-2.2866
1988,11,3,5,131,-0.8671
1988,12,1,1,713,2.7143
1988,12,1,2,747,3.9070
1988,12,1,3,834,3.6763
1988,12,1,4,484,1.5199
1988,12,1,5,423,4.4237
1988,12,2,1,105,3.0292
1988,12,2,2,142,6.0609
1988,12,2,3,167,5.0668
1988,12,2,4,174,3.2870
1988,12,2,5,138,4.5753
1988,12,3,1,58,1.8137
1988,12,3,2,107,4.6679
1988,12,3,3,149,3.3940
1988,12,3,4,190,2.7686
1988,12,3,5,144,2.8135
1989,1,1,1,667,2.1893
1989,1,1,2,743,3.8958
1989,1,1,3,841,4.3610
1989,1,1,4,458,4.1302
1989,1,1,5,463,5.9215
1989,1,2,1,120,5.7193
1989,1,2,2,149,4.5218
1989,1,2,3,146,6.3836
1989,1,2,4,162,5.1636
1989,1,2,5,143,5.4492
1989,1,3,1,80,5.6064
1989,1,3,2,124,8.0309
1989,1,3,3,117,7.4891
1989,1,3,4,178,6.1790
1989,1,3,5,146,6.2090
1989,2,1,1,785,-0.3165
1989,2,1,2,906,-1.4209
1989,2,1,3,596,1.3207
1989,2,1,4,581,1.0665
1989,2,1,5,286,23.3115
1989,2,2,1,128,0.6987
1989,2,2,2,174,0.5324
1989,2,2,3,164,3.2700
1989,2,2,4,160,4.3821
1989,2,2,5,105,-0.1970
1989,2,3,1,83,0.4591
1989,2,3,2,133,-2.0933
1989,2,3,3,168,-1.7583
1989,2,3,4,140,-0.7146
1989,2,3,5,121,-2.4865
1989,3,1,1,907,1.6233
1989,3,1,2,838,1.8770
1989,3,1,3,501,2.7582
1989,3,1,4,559,3.7137
1989,3,1,5,340,10.5323
1989,3,2,1,184,1.6207
1989,3,2,2,166,2.1569
1989,3,2,3,125,2.9516
1989,3,2,4,157,1.5757
1989,3,2,5,93,3.2661
1989,3,3,1,187,0.5832
1989,3,3,2,124,0.5920
1989,3,3,3,97,2.2087
1989,3,3,4,123,1.8240
1989,3,3,5,109,5.1919
1989,4,1,1,997,1.2819
1989,4,1,2,874,2.6209
1989,4,1,3,415,1.0536
1989,4,1,4,564,2.4151
1989,4,1,5,271,3.1818
1989,4,2,1,164,4.6024
1989,4,2,2,236,4.8340
1989,4,2,3,117,8.6197
1989,4,2,4,136,4.3772
1989,4,2,5,77,6.5103
1989,4,3,1,110,4.7499
1989,4,3,2,195,5.4088
1989,4,3,3,101,5.1003
1989,4,3,4,139,3.4142
1989,4,3,5,95,5.2724
1989,5,1,1,781,0.7262
1989,5,1,2,751,3.2525
1989,5,1,3,664,2.0810
1989,5,1,4,487,5.4760
1989,5,1,5,429,3.7695
1989,5,2,1,187,4.8550
1989,5,2,2,169,3.5871
1989,5,2,3,155,5.0923
1989,5,2,4,131,4.8634
1989,5,2,5,93,4.4548
1989,5,3,1,176,2.6037
1989,5,3,2,123,2.7193
1989,5,3,3,128,5.8998
1989,5,3,4,129,4.0323
1989,5,3,5,82,4.6980
1989,6,1,1,381,-2.8908
1989,6,1,2,1180,-1.4990
1989,6,1,3,704,-1.6046
1989,6,1,4,341,0.2889
1989,6,1,5,494,0.7127
1989,6,2,1,144,0.2526
1989,6,2,2,215,-4.5118
1989,6,2,3,182,-1.0317
1989,6,2,4,82,-0.7867
1989,6,2,5,105,-2.3998
1989,6,3,1,160,0.1931
1989,6,3,2,165,-2.0181
1989,6,3,3,165,-1.2319
1989,6,3,4,62,-2.4799
1989,6,3,5,86,1.4198
1989,7,1,1,343,2.3886
1989,7,1,2,1036,2.5114
1989,7,1,3,730,2.9959
1989,7,1,4,571,3.2768
1989,7,1,5,363,4.4275
1989,7,2,1,101,0.7568
1989,7,2,2,181,3.9162
1989,7,2,3,191,3.5662
1989,7,2,4,155,5.0639
1989,7,2,5,86,7.4939
1989,7,3,1,92,5.2752
1989,7,3,2,95,8.7609
1989,7,3,3,238,7.4026
1989,7,3,4,117,10.3214
1989,7,3,5,95,9.6612
1989,8,1,1,645,2.1192
1989,8,1,2,584,1.1709
1989,8,1,3,815,2.1680
1989,8,1,4,568,0.6183
1989,8,1,5,421,2.9513
1989,8,2,1,128,1.6572
1989,8,2,2,148,3.6281
1989,8,2,3,197,3.7578
1989,8,2,4,148,1.4550
1989,8,2,5,108,1.8942
1989,8,3,1,83,4.6887
1989,8,3,2,133,4.4260
1989,8,3,3,198,3.5129
1989,8,3,4,125,2.2385
1989,8,3,5,100,-0.6372
1989,9,1,1,613,-0.6646
1989,9,1,2,806,0.9089
1989,9,1,3,510,-0.9720
1989,9,1,4,662,0.5825
1989,9,1,5,422,0.2269
1989,9,2,1,109,0.3330
1989,9,2,2,175,-1.1923
1989,9,2,3,170,-0.6876
1989,9,2,4,169,2.0972
1989,9,2,5,109,-0.1906
1989,9,3,1,72,0.3684
1989,9,3,2,126,-1.8683
1989,9,3,3,193,-1.6036
1989,9,3,4,144,-1.0562
1989,9,3,5,100,1.3377
1989,10,1,1,565,-7.8333
1989,10,1,2,663,-6.1491
1989,10,1,3,648,-4.1608
1989,10,1,4,727,-6.5462
1989,10,1,5,391,-5.8061
1989,10,2,1,117,-8.7366
1989,10,2,2,167,-5.8675
1989,10,2,3,118,-5.6154
1989,10,2,4,225,-5.2158
1989,10,2,5,105,-9.0965
1989,10,3,1,70,-4.4361
1989,10,3,2,153,-4.5455
1989,10,3,3,77,-4.1702
1989,10,3,4,233,-2.2667
1989,10,3,5,104,-2.4180
1989,11,1,1,550,-1.6894
1989,11,1,2,415,-0.2253
1989,11,1,3,948,-1.0405
1989,11,1,4,646,2.8092
1989,11,1,5,425,-2.2578
1989,11,2,1,127,-1.2505
1989,11,2,2,112,-2.2934
1989,11,2,3,229,0.6377
1989,11,2,4,133,3.5594
1989,11,2,5,140,2.6357
1989,11,3,1,68,1.6784
1989,11,3,2,117,1.9956
1989,11,3,3,146,-0.1446
1989,11,3,4,116,5.6211
1989,11,3,5,190,1.5279
1989,12,1,1,748,-1.5981
1989,12,1,2,583,-3.6592
1989,12,1,3,585,-0.7314
1989,12,1,4,637,-2.0427
1989,12,1,5,438,-1.5979
1989,12,2,1,141,-0.1081
1989,12,2,2,132,1.0982
1989,12,2,3,197,1.6978
1989,12,2,4,172,1.6287
1989,12,2,5,94,-0.5639
1989,12,3,1,67,2.9692
1989,12,3,2,104,0.9126
1989,12,3,3,162,2.5657
1989,12,3,4,205,3.7471
1989,12,3,5,98,1.0985
1990,1,1,1,604,-8.9223
1990,1,1,2,705,-6.1811
1990,1,1,3,634,-8.8754
1990,1,1,4,505,-3.6802
1990,1,1,5,534,-4.8780
1990,1,2,1,123,-10.6202
1990,1,2,2,148,-11.0203
1990,1,2,3,189,-8.8633
1990,1,2,4,166,-8.9857
1990,1,2,5,120,-7.8993
1990,1,3,1,78,-3.7860
1990,1,3,2,80,-7.5424
1990,1,3,3,134,-7.2462
1990,1,3,4,217,-4.9715
1990,1,3,5,136,-6.5329
1990,2,1,1,411,2.8652
1990,2,1,2,813,1.0337
1990,2,1,3,628,1.9915
1990,2,1,4,521,0.8818
1990,2,1,5,614,0.4058
1990,2,2,1,87,1.3713
1990,2,2,2,183,2.8251
1990,2,2,3,154,2.5092
1990,2,2,4,148,3.0403
1990,2,2,5,161,4.4879
1990,2,3,1,55,1.3176
1990,2,3,2,124,2.7555
1990,2,3,3,120,2.4583
1990,2,3,4,144,1.3251
1990,2,3,5,197,3.1616
1990,3,1,1,458,4.7402
1990,3,1,2,612,3.5437
1990,3,1,3,638,3.2645
1990,3,1,4,568,1.6130
1990,3,1,5,699,1.6062
1990,3,2,1,105,6.6827
1990,3,2,2,146,4.5375
1990,3,2,3,191,4.8546
1990,3,2,4,110,5.3548
1990,3,2,5,191,4.4296
1990,3,3,1,75,3.8344
1990,3,3,2,100,4.6065
1990,3,3,3,158,4.5671
1990,3,3,4,110,4.6224
1990,3,3,5,196,1.4082
1990,4,1,1,408,0.9411
1990,4,1,2,699,-2.3150
1990,4,1,3,700,-1.0468
1990,4,1,4,554,-4.0003
1990,4,1,5,601,-4.1390
1990,4,2,1,84,-3.5963
1990,4,2,2,169,-2.6437
1990,4,2,3,169,-2.5902
1990,4,2,4,196,-2.7897
1990,4,2,5,137,-3.9225
1990,4,3,1,55,-2.6254
1990,4,3,2,141,-3.1481
1990,4,3,3,128,-1.1415
1990,4,3,4,217,-2.7313
1990,4,3,5,102,-3.9432
1990,5,1,1,488,7.3703
1990,5,1,2,677,3.3632
1990,5,1,3,585,5.0784
1990,5,1,4,596,4.7073
1990,5,1,5,577,4.4386
1990,5,2,1,101,3.5880
1990,5,2,2,202,7.4852
1990,5,2,3,165,8.7986
1990,5,2,4,180,9.1785
1990,5,2,5,148,9.5739
1990,5,3,1,66,10.2022
1990,5,3,2,203,11.0555
1990,5,3,3,133,8.6902
1990,5,3,4,141,10.2755
1990,5,3,5,101,10.3945
1990,6,1,1,301,-0.9379
1990,6,1,2,549,-1.5812
1990,6,1,3,800,0.8295
1990,6,1,4,785,3.0562
1990,6,1,5,485,1.5955
1990,6,2,1,116,-1.7572
1990,6,2,2,172,0.4864
1990,6,2,3,183,2.1647
1990,6,2,4,199,3.2659
1990,6,2,5,123,0.3811
1990,6,3,1,142,-1.8541
1990,6,3,2,167,-1.8454
1990,6,3,3,134,0.1960
1990,6,3,4,137,0.0525
1990,6,3,5,77,-0.7727
1990,7,1,1,300,-2.8656
1990,7,1,2,466,-2.2490
1990,7,1,3,650,-5.4609
1990,7,1,4,798,-4.3353
1990,7,1,5,672,-5.4239
1990,7,2,1,137,-1.4799
1990,7,2,2,142,-1.2223
1990,7,2,3,147,-3.5664
1990,7,2,4,168,-3.5994
1990,7,2,5,190,-4.9100
1990,7,3,1,198,0.7677
1990,7,3,2,128,1.2322
1990,7,3,3,88,-2.3332
1990,7,3,4,100,0.3952
1990,7,3,5,144,-3.8520
1990,8,1,1,505,-9.7795
1990,8,1,2,609,-17.4007
1990,8,1,3,740,-12.2980
1990,8,1,4,514,-12.9977
1990,8,1,5,502,-13.3128
1990,8,2,1,169,-12.5089
1990,8,2,2,166,-13.6185
1990,8,2,3,186,-13.8154
1990,8,2,4,169,-14.2987
1990,8,2,5,117,-13.5252
1990,8,3,1,187,-10.1687
1990,8,3,2,130,-11.7968
1990,8,3,3,139,-8.7892
1990,8,3,4,109,-11.1087
1990,8,3,5,95,-6.8966
1990,9,1,1,425,-9.2514
1990,9,1,2,630,-8.6028
1990,9,1,3,757,-10.6924
1990,9,1,4,503,-11.5321
1990,9,1,5,586,-8.1531
1990,9,2,1,96,-10.7877
1990,9,2,2,210,-10.2809
1990,9,2,3,180,-8.4042
1990,9,2,4,151,-9.3629
1990,9,2,5,144,-8.3858
1990,9,3,1,86,-8.6505
1990,9,3,2,231,-2.3796
1990,9,3,3,110,-6.3556
1990,9,3,4,101,-10.2091
1990,9,3,5,129,-3.5166
1990,10,1,1,568,-8.6519
1990,10,1,2,582,-4.0395
1990,10,1,3,564,-6.3543
1990,10,1,4,598,-9.7326
1990,10,1,5,580,-5.9878
1990,10,2,1,147,-6.4705
1990,10,2,2,108,-4.8769
1990,10,2,3,185,-5.7847
1990,10,2,4,158,-5.6328
1990,10,2,5,192,-6.1979
1990,10,3,1,85,-3.9174
1990,10,3,2,105,0.9105
1990,10,3,3,134,-3.9046
1990,10,3,4,100,-4.5303
1990,10,3,5,224,0.9993
1990,11,1,1,387,2.9704
1990,11,1,2,819,3.9316
1990,11,1,3,618,5.5491
1990,11,1,4,432,-1.4051
1990,11,1,5,613,5.2046
1990,11,2,1,102,5.0259
1990,11,2,2,176,9.7792
1990,11,2,3,198,6.1465
1990,11,2,4,112,5.5145
1990,11,2,5,207,5.7906
1990,11,3,1,51,10.6133
1990,11,3,2,114,11.2188
1990,11,3,3,140,6.3068
1990,11,3,4,111,4.5040
1990,11,3,5,240,6.4629
1990,12,1,1,434,-0.0043
1990,12,1,2,680,0.6470
1990,12,1,3,683,0.2572
1990,12,1,4,528,-0.3489
1990,12,1,5,541,6.5479
1990,12,2,1,107,6.1977
1990,12,2,2,147,6.6556
1990,12,2,3,185,6.9119
1990,12,2,4,149,5.3906
1990,12,2,5,197,10.6633
1990,12,3,1,62,4.6630
1990,12,3,2,100,5.8075
1990,12,3,3,126,2.3435
1990,12,3,4,152,4.4530
1990,12,3,5,219,1.9975
1991,1,1,1,449,11.4206
1991,1,1,2,695,7.1614
1991,1,1,3,696,9.4453
1991,1,1,4,518,4.1900
1991,1,1,5,463,7.6553
1991,1,2,1,114,7.6130
1991,1,2,2,183,9.1540
1991,1,2,3,177,10.3484
1991,1,2,4,155,3.9016
1991,1,2,5,186,5.2437
1991,1,3,1,64,9.9471
1991,1,3,2,120,8.7100
1991,1,3,3,95,7.6654
1991,1,3,4,169,4.0699
1991,1,3,5,215,3.3384
1991,2,1,1,332,7.7893
1991,2,1,2,517,12.9479
1991,2,1,3,726,11.5804
1991,2,1,4,740,12.6970
1991,2,1,5,509,13.4441
1991,2,2,1,92,15.7330
1991,2,2,2,137,10.5571
1991,2,2,3,174,10.2458
1991,2,2,4,244,12.1273
1991,2,2,5,151,6.9991
1991,2,3,1,56,10.5925
1991,2,3,2,109,7.5930
1991,2,3,3,160,7.3686
1991,2,3,4,238,8.4047
1991,2,3,5,103,6.8192
1991,3,1,1,433,8.6268
1991,3,1,2,506,7.4176
1991,3,1,3,584,6.7422
1991,3,1,4,607,14.3425
1991,3,1,5,685,8.8290
1991,3,2,1,130,-0.7389
1991,3,2,2,151,5.2081
1991,3,2,3,196,3.9256
1991,3,2,4,173,7.1188
1991,3,2,5,146,7.3251
1991,3,3,1,92,-2.5280
1991,3,3,2,113,3.4274
1991,3,3,3,240,1.6434
1991,3,3,4,120,5.4629
1991,3,3,5,106,2.0846
1991,4,1,1,477,0.6832
1991,4,1,2,494,-1.5574
1991,4,1,3,625,2.9479
1991,4,1,4,550,5.0352
1991,4,1,5,657,2.1250
1991,4,2,1,151,0.2698
1991,4,2,2,195,-0.2017
1991,4,2,3,150,-0.7502
1991,4,2,4,134,1.8047
1991,4,2,5,167,-2.3569
1991,4,3,1,125,1.9522
1991,4,3,2,209,-0.2954
1991,4,3,3,131,0.1854
1991,4,3,4,104,-1.3294
1991,4,3,5,108,0.3853
1991,5,1,1,461,1.3180
1991,5,1,2,404,4.5758
1991,5,1,3,490,0.8680
1991,5,1,4,567,2.2437
1991,5,1,5,876,3.0481
1991,5,2,1,172,3.0759
1991,5,2,2,117,3.4549
1991,5,2,3,147,3.5486
1991,5,2,4,137,3.7723
1991,5,2,5,223,5.3220
1991,5,3,1,227,2.6617
1991,5,3,2,85,4.4953
1991,5,3,3,147,6.7531
1991,5,3,4,95,7.3868
1991,5,3,5,124,4.9956
1991,6,1,1,441,-4.8990
1991,6,1,2,445,-5.0794
1991,6,1,3,465,-4.3160
1991,6,1,4,829,-3.8671
1991,6,1,5,619,-3.9472
1991,6,2,1,154,-1.4457
1991,6,2,2,131,-5.7497
1991,6,2,3,145,-3.1521
1991,6,2,4,213,-5.3992
1991,6,2,5,166,-4.3040
1991,6,3,1,202,0.3211
1991,6,3,2,99,-6.0705
1991,6,3,3,141,-4.5825
1991,6,3,4,124,-5.3039
1991,6,3,5,115,-3.9171
1991,7,1,1,463,0.8221
1991,7,1,2,431,1.6930
1991,7,1,3,801,5.9881
1991,7,1,4,579,1.0979
1991,7,1,5,533,4.5511
1991,7,2,1,168,2.4822
1991,7,2,2,121,1.3485
1991,7,2,3,213,3.4489
1991,7,2,4,134,3.7866
1991,7,2,5,147,4.7301
1991,7,3,1,220,3.0114
1991,7,3,2,85,1.8760
1991,7,3,3,180,4.2163
1991,7,3,4,79,6.7158
1991,7,3,5,117,4.0086
1991,8,1,1,532,0.5361
1991,8,1,2,534,-4.1246
1991,8,1,3,535,1.9150
1991,8,1,4,618,2.9769
1991,8,1,5,545,3.2504
1991,8,2,1,146,2.9786
1991,8,2,2,182,3.6553
1991,8,2,3,162,-0.6041
1991,8,2,4,172,3.1960
1991,8,2,5,162,4.2040
1991,8,3,1,119,-0.5438
1991,8,3,2,199,2.5338
1991,8,3,3,114,0.8302
1991,8,3,4,146,3.5857
1991,8,3,5,104,3.1135
1991,9,1,1,488,-2.7874
1991,9,1,2,448,1.4449
1991,9,1,3,669,1.8329
1991,9,1,4,641,1.4360
1991,9,1,5,508,1.3411
1991,9,2,1,126,-0.8015
1991,9,2,2,186,-1.0334
1991,9,2,3,165,0.2610
1991,9,2,4,209,0.6033
1991,9,2,5,163,1.3095
1991,9,3,1,77,-4.3582
1991,9,3,2,230,-0.6744
1991,9,3,3,106,-0.0299
1991,9,3,4,175,-1.9575
1991,9,3,5,102,0.0619
1991,10,1,1,664,2.3636
1991,10,1,2,597,0.0552
1991,10,1,3,556,0.6112
1991,10,1,4,439,2.7188
1991,10,1,5,520,3.5631
1991,10,2,1,170,-1.7602
1991,10,2,2,154,2.9246
1991,10,2,3,162,3.5143
1991,10,2,4,178,2.2824
1991,10,2,5,177,-0.4059
1991,10,3,1,88,0.5195
1991,10,3,2,128,1.1807
1991,10,3,3,150,1.0785
1991,10,3,4,177,4.1175
1991,10,3,5,148,1.7870
1991,11,1,1,651,-2.2347
1991,11,1,2,582,-4.1743
1991,11,1,3,732,-2.0943
1991,11,1,4,267,-2.8692
1991,11,1,5,536,-1.7207
1991,11,2,1,192,-4.8570
1991,11,2,2,141,-6.6572
1991,11,2,3,222,-4.5439
1991,11,2,4,126,-3.9656
1991,11,2,5,184,-5.7181
1991,11,3,1,111,-5.9044
1991,11,3,2,119,-6.6680
1991,11,3,3,176,-2.7395
1991,11,3,4,188,-2.2044
1991,11,3,5,101,-3.7430
1991,12,1,1,555,3.0425
1991,12,1,2,600,5.2261
1991,12,1,3,801,1.2038
1991,12,1,4,327,5.0720
1991,12,1,5,497,3.7587
1991,12,2,1,157,10.9228
1991,12,2,2,167,9.9883
1991,12,2,3,241,6.5849
1991,12,2,4,103,8.3389
1991,12,2,5,203,9.3961
1991,12,3,1,100,12.3437
1991,12,3,2,141,11.8170
1991,12,3,3,178,9.3543
1991,12,3,4,97,13.1119
1991,12,3,5,188,11.9446
1992,1,1,1,306,12.2527
1992,1,1,2,708,12.8435
1992,1,1,3,834,12.1486
1992,1,1,4,367,11.3303
1992,1,1,5,546,12.3676
1992,1,2,1,91,2.4037
1992,1,2,2,185,8.0336
1992,1,2,3,247,7.5053
1992,1,2,4,166,7.3352
1992,1,2,5,199,6.3670
1992,1,3,1,71,3.6749
1992,1,3,2,179,2.7958
1992,1,3,3,161,0.4849
1992,1,3,4,179,0.2188
1992,1,3,5,128,-2.5803
1992,2,1,1,377,2.7100
1992,2,1,2,511,4.7757
1992,2,1,3,554,3.0326
1992,2,1,4,744,3.3356
1992,2,1,5,570,7.3235
1992,2,2,1,116,4.3349
1992,2,2,2,164,0.5742
1992,2,2,3,238,2.9853
1992,2,2,4,222,-0.9966
1992,2,2,5,170,6.2185
1992,2,3,1,95,4.5005
1992,2,3,2,142,1.0768
1992,2,3,3,285,2.5574
1992,2,3,4,121,0.1535
1992,2,3,5,78,0.1595
1992,3,1,1,506,-1.6734
1992,3,1,2,387,-1.5811
1992,3,1,3,612,-3.7405
1992,3,1,4,582,-2.1711
1992,3,1,5,688,-0.2043
1992,3,2,1,147,-4.3224
1992,3,2,2,181,-3.0393
1992,3,2,3,236,-5.3061
1992,3,2,4,149,-3.8274
1992,3,2,5,196,-2.4441
1992,3,3,1,138,-4.5540
1992,3,3,2,248,-2.2181
1992,3,3,3,133,-3.3017
1992,3,3,4,84,-3.3663
1992,3,3,5,119,-2.1270
1992,4,1,1,414,-10.7221
1992,4,1,2,554,-4.7143
1992,4,1,3,648,-7.4202
1992,4,1,4,640,-4.1751
1992,4,1,5,583,-3.2424
1992,4,2,1,112,-3.3529
1992,4,2,2,240,-4.2226
1992,4,2,3,207,-4.0247
1992,4,2,4,184,-1.3814
1992,4,2,5,152,-3.8010
1992,4,3,1,105,2.7029
1992,4,3,2,217,0.0100
1992,4,3,3,141,0.2105
1992,4,3,4,173,2.3859
1992,4,3,5,86,4.5027
1992,5,1,1,581,1.4316
1992,5,1,2,445,-1.4261
1992,5,1,3,871,-2.0268
1992,5,1,4,622,-1.7153
1992,5,1,5,354,-0.1045
1992,5,2,1,167,0.5827
1992,5,2,2,186,-0.2298
1992,5,2,3,257,-1.9891
1992,5,2,4,172,-0.3530
1992,5,2,5,98,0.0047
1992,5,3,1,103,0.8222
1992,5,3,2,217,-1.1208
1992,5,3,3,159,0.8557
1992,5,3,4,163,-0.7799
1992,5,3,5,76,0.4642
1992,6,1,1,498,-11.3614
1992,6,1,2,500,-6.7051
1992,6,1,3,936,-7.4714
1992,6,1,4,537,-3.7291
1992,6,1,5,379,-4.9887
1992,6,2,1,161,-4.3857
1992,6,2,2,211,-2.9060
1992,6,2,3,241,-4.4485
1992,6,2,4,160,-4.6931
1992,6,2,5,122,-5.8605
1992,6,3,1,77,-1.1616
1992,6,3,2,274,-0.9914
1992,6,3,3,118,-4.0647
1992,6,3,4,165,-2.9617
1992,6,3,5,85,-2.2834
1992,7,1,1,656,1.2117
1992,7,1,2,424,-0.5020
1992,7,1,3,708,2.0894
1992,7,1,4,699,1.5648
1992,7,1,5,332,2.7879
1992,7,2,1,194,4.4523
1992,7,2,2,131,1.3199
1992,7,2,3,229,3.4991
1992,7,2,4,195,2.8086
1992,7,2,5,113,1.7999
1992,7,3,1,109,5.4346
1992,7,3,2,111,4.7521
1992,7,3,3,207,3.6878
1992,7,3,4,212,1.6200
1992,7,3,5,81,1.0676
1992,8,1,1,582,-0.0893
1992,8,1,2,586,-4.6429
1992,8,1,3,752,-1.5340
1992,8,1,4,489,-3.9211
1992,8,1,5,376,-3.0317
1992,8,2,1,154,-3.9499
1992,8,2,2,157,-5.4160
1992,8,2,3,244,-1.3538
1992,8,2,4,135,-3.3407
1992,8,2,5,186,-1.4756
1992,8,3,1,74,-2.1002
1992,8,3,2,106,-2.2124
1992,8,3,3,189,-1.8677
1992,8,3,4,135,-2.6165
1992,8,3,5,225,-2.8449
1992,9,1,1,633,2.8161
1992,9,1,2,660,0.3251
1992,9,1,3,711,-0.4855
1992,9,1,4,438,0.0627
1992,9,1,5,321,3.0202
1992,9,2,1,184,2.0761
1992,9,2,2,181,2.6904
1992,9,2,3,205,1.0677
1992,9,2,4,172,0.6478
1992,9,2,5,158,0.4825
1992,9,3,1,94,0.7597
1992,9,3,2,111,2.6590
1992,9,3,3,141,1.3526
1992,9,3,4,155,3.0040
1992,9,3,5,226,0.9152
1992,10,1,1,533,-1.4101
1992,10,1,2,573,1.1218
1992,10,1,3,678,-0.2357
1992,10,1,4,641,4.1005
1992,10,1,5,331,3.1396
1992,10,2,1,184,2.6164
1992,10,2,2,188,3.0348
1992,10,2,3,179,2.1229
1992,10,2,4,205,3.3247
1992,10,2,5,152,-3.1451
1992,10,3,1,102,4.0621
1992,10,3,2,126,1.9161
1992,10,3,3,132,0.5123
1992,10,3,4,163,2.0444
1992,10,3,5,212,-1.9109
1992,11,1,1,435,4.9910
1992,11,1,2,410,9.0966
1992,11,1,3,516,7.6756
1992,11,1,4,756,7.0680
1992,11,1,5,680,6.3708
1992,11,2,1,147,7.6059
1992,11,2,2,128,7.1232
1992,11,2,3,163,8.1865
1992,11,2,4,196,5.9947
1992,11,2,5,251,6.3395
1992,11,3,1,110,5.8935
1992,11,3,2,130,3.7548
1992,11,3,3,105,5.5822
1992,11,3,4,143,1.8338
1992,11,3,5,247,2.0932
1992,12,1,1,347,5.1834
1992,12,1,2,510,1.7878
1992,12,1,3,460,2.5514
1992,12,1,4,663,3.4248
1992,12,1,5,803,5.0708
1992,12,2,1,126,1.9630
1992,12,2,2,172,1.0315
1992,12,2,3,139,2.4884
1992,12,2,4,219,2.8142
1992,12,2,5,246,3.5878
1992,12,3,1,127,2.0491
1992,12,3,2,134,1.8940
1992,12,3,3,99,0.7361
1992,12,3,4,226,-0.1240
1992,12,3,5,161,2.2306
1993,1,1,1,382,2.2313
1993,1,1,2,490,3.6853
1993,1,1,3,418,4.3883
1993,1,1,4,630,5.9722
1993,1,1,5,888,5.0624
1993,1,2,1,170,3.3375
1993,1,2,2,143,0.5935
1993,1,2,3,169,2.4373
1993,1,2,4,162,2.5140
1993,1,2,5,271,3.4809
1993,1,3,1,167,-0.5254
1993,1,3,2,99,1.8700
1993,1,3,3,189,-0.4658
1993,1,3,4,132,-0.1901
1993,1,3,5,166,2.3428
1993,2,1,1,612,-4.1812
1993,2,1,2,362,2.6320
1993,2,1,3,343,-0.7880
1993,2,1,4,631,-2.1326
1993,2,1,5,867,-4.8986
1993,2,2,1,203,-2.3533
1993,2,2,2,161,-3.5637
1993,2,2,3,105,-2.6840
1993,2,2,4,180,-1.7427
1993,2,2,5,267,-5.2393
1993,2,3,1,173,-1.4183
1993,2,3,2,191,-0.0966
1993,2,3,3,90,0.6784
1993,2,3,4,136,0.2908
1993,2,3,5,164,-0.2029
1993,3,1,1,604,-0.5783
1993,3,1,2,340,3.4394
1993,3,1,3,784,1.3926
1993,3,1,4,561,-1.8545
1993,3,1,5,609,2.7668
1993,3,2,1,175,2.4734
1993,3,2,2,92,2.9636
1993,3,2,3,274,1.0859
1993,3,2,4,151,2.5215
1993,3,2,5,179,6.2623
1993,3,3,1,111,3.3114
1993,3,3,2,138,2.3621
1993,3,3,3,262,0.6596
1993,3,3,4,122,3.0990
1993,3,3,5,119,3.2674
1993,4,1,1,621,-3.6737
1993,4,1,2,423,-2.5858
1993,4,1,3,720,-2.7951
1993,4,1,4,677,-4.6291
1993,4,1,5,475,0.0687
1993,4,2,1,179,-1.2053
1993,4,2,2,109,-1.6404
1993,4,2,3,252,-2.9552
1993,4,2,4,181,-3.7720
1993,4,2,5,162,0.1940
1993,4,3,1,109,-3.5361
1993,4,3,2,145,-2.1599
1993,4,3,3,256,-3.5938
1993,4,3,4,105,-4.4325
1993,4,3,5,143,-1.9026
1993,5,1,1,707,3.0411
1993,5,1,2,628,3.0289
1993,5,1,3,460,6.0229
1993,5,1,4,494,2.6098
1993,5,1,5,625,9.3434
1993,5,2,1,225,6.4766
1993,5,2,2,167,3.9835
1993,5,2,3,134,6.0854
1993,5,2,4,190,4.2994
1993,5,2,5,188,7.5602
1993,5,3,1,157,4.9382
1993,5,3,2,91,3.2022
1993,5,3,3,136,3.8234
1993,5,3,4,217,2.2296
1993,5,3,5,162,4.6454
1993,6,1,1,626,-0.2765
1993,6,1,2,550,-4.7425
1993,6,1,3,485,0.6521
1993,6,1,4,634,-0.3650
1993,6,1,5,642,1.9294
1993,6,2,1,164,-0.9582
1993,6,2,2,179,-1.2645
1993,6,2,3,149,-1.5512
1993,6,2,4,227,1.0680
1993,6,2,5,184,2.3112
1993,6,3,1,108,-3.9221
1993,6,3,2,151,2.2210
1993,6,3,3,129,-2.3865
1993,6,3,4,209,-0.2012
1993,6,3,5,177,2.4082
1993,7,1,1,535,-3.3287
1993,7,1,2,586,-0.1385
1993,7,1,3,712,0.0776
1993,7,1,4,464,2.5650
1993,7,1,5,667,4.4891
1993,7,2,1,122,-0.7099
1993,7,2,2,190,1.7770
1993,7,2,3,212,1.3027
1993,7,2,4,136,1.3597
1993,7,2,5,237,2.0844
1993,7,3,1,94,-4.6842
1993,7,3,2,152,-0.7039
1993,7,3,3,159,-0.6229
1993,7,3,4,98,1.0391
1993,7,3,5,268,1.8669
1993,8,1,1,645,4.2122
1993,8,1,2,569,2.7018
1993,8,1,3,673,4.2135
1993,8,1,4,630,3.1931
1993,8,1,5,488,3.6879
1993,8,2,1,153,8.3346
1993,8,2,2,196,3.9419
1993,8,2,3,190,4.5076
1993,8,2,4,156,5.4120
1993,8,2,5,195,4.5234
1993,8,3,1,121,2.5997
1993,8,3,2,141,3.8515
1993,8,3,3,151,4.4988
1993,8,3,4,130,5.3957
1993,8,3,5,233,4.2880
1993,9,1,1,496,-0.8826
1993,9,1,2,710,1.5848
1993,9,1,3,518,4.8503
1993,9,1,4,783,1.3351
1993,9,1,5,516,1.2422
1993,9,2,1,119,0.1457
1993,9,2,2,237,2.2732
1993,9,2,3,140,3.2606
1993,9,2,4,256,3.0656
1993,9,2,5,147,3.2876
1993,9,3,1,98,-1.6686
1993,9,3,2,188,-1.8437
1993,9,3,3,123,-1.0677
1993,9,3,4,248,-0.2817
1993,9,3,5,132,-0.9955
1993,10,1,1,549,7.4620
1993,10,1,2,722,5.0646
1993,10,1,3,536,3.7599
1993,10,1,4,688,3.0037
1993,10,1,5,531,4.0870
1993,10,2,1,142,3.8703
1993,10,2,2,235,6.7165
1993,10,2,3,127,-0.0756
1993,10,2,4,255,2.7011
1993,10,2,5,169,1.3497
1993,10,3,1,131,3.4858
1993,10,3,2,173,4.0170
1993,10,3,3,122,3.2394
1993,10,3,4,243,2.8606
1993,10,3,5,127,1.2592
1993,11,1,1,523,0.1080
1993,11,1,2,514,-2.7740
1993,11,1,3,731,-0.1775
1993,11,1,4,702,-2.4210
1993,11,1,5,576,-2.6989
1993,11,2,1,171,-0.0587
1993,11,2,2,190,-5.7437
1993,11,2,3,215,-1.5124
1993,11,2,4,196,-0.4350
1993,11,2,5,178,-2.4948
1993,11,3,1,159,2.8563
1993,11,3,2,209,-0.8870
1993,11,3,3,168,0.7294
1993,11,3,4,142,-1.0743
1993,11,3,5,125,-2.0886
1993,12,1,1,731,0.1087
1993,12,1,2,542,2.2252
1993,12,1,3,812,0.6949
1993,12,1,4,577,3.3511
1993,12,1,5,477,-1.4113
1993,12,2,1,209,3.3587
1993,12,2,2,193,4.7788
1993,12,2,3,216,8.2076
1993,12,2,4,166,4.6364
1993,12,2,5,143,3.6461
1993,12,3,1,217,4.4104
1993,12,3,2,146,3.5763
1993,12,3,3,200,1.2934
1993,12,3,4,150,2.7799
1993,12,3,5,89,4.8816
1994,1,1,1,755,3.8325
1994,1,1,2,640,2.9427
1994,1,1,3,642,5.9368
1994,1,1,4,809,5.4287
1994,1,1,5,330,4.0564
1994,1,2,1,226,2.1337
1994,1,2,2,202,2.5904
1994,1,2,3,208,4.5765
1994,1,2,4,211,4.0671
1994,1,2,5,103,3.1758
1994,1,3,1,240,3.0498
1994,1,3,2,158,0.7147
1994,1,3,3,164,5.2057
1994,1,3,4,175,4.1526
1994,1,3,5,73,4.4406
1994,2,1,1,590,-1.3887
1994,2,1,2,740,0.3990
1994,2,1,3,813,-1.0491
1994,2,1,4,501,-1.3381
1994,2,1,5,547,-0.1706
1994,2,2,1,236,0.6588
1994,2,2,2,173,-2.3017
1994,2,2,3,215,-0.0116
1994,2,2,4,161,0.7010
1994,2,2,5,173,-0.5645
1994,2,3,1,261,-2.2587
1994,2,3,2,90,1.4487
1994,2,3,3,201,-1.1276
1994,2,3,4,132,-1.4321
1994,2,3,5,125,-0.8398
1994,3,1,1,593,-6.3469
1994,3,1,2,1001,-5.5304
1994,3,1,3,592,-4.6165
1994,3,1,4,368,-7.2732
1994,3,1,5,627,-5.1319
1994,3,2,1,231,-5.4823
1994,3,2,2,285,-4.4176
1994,3,2,3,154,-7.2516
1994,3,2,4,108,-6.8830
1994,3,2,5,224,-7.4491
1994,3,3,1,223,-2.8378
1994,3,3,2,211,-3.3141
1994,3,3,3,113,-5.5096
1994,3,3,4,103,-6.3474
1994,3,3,5,163,-5.3402
1994,4,1,1,618,-3.4691
1994,4,1,2,1135,-1.7425
1994,4,1,3,589,-2.7608
1994,4,1,4,436,1.1050
1994,4,1,5,471,-3.0844
1994,4,2,1,227,-1.0384
1994,4,2,2,293,-2.4355
1994,4,2,3,173,1.2519
1994,4,2,4,130,-0.7329
1994,4,2,5,164,-2.3543
1994,4,3,1,222,2.1491
1994,4,3,2,192,-0.2136
1994,4,3,3,136,-0.7119
1994,4,3,4,120,1.6407
1994,4,3,5,145,-1.8131
1994,5,1,1,585,0.0971
1994,5,1,2,981,-1.2059
1994,5,1,3,660,-1.8893
1994,5,1,4,678,-1.1254
1994,5,1,5,389,0.4497
1994,5,2,1,199,-4.2718
1994,5,2,2,277,-1.1747
1994,5,2,3,184,-3.2065
1994,5,2,4,169,-3.2608
1994,5,2,5,138,-0.7679
1994,5,3,1,211,3.8239
1994,5,3,2,201,-0.2274
1994,5,3,3,147,-0.4499
1994,5,3,4,110,-0.5078
1994,5,3,5,148,1.9994
1994,6,1,1,673,-3.0503
1994,6,1,2,498,-2.9865
1994,6,1,3,769,-7.0068
1994,6,1,4,767,-4.5621
1994,6,1,5,623,-3.9026
1994,6,2,1,260,-3.6056
1994,6,2,2,138,-0.6954
1994,6,2,3,190,-2.2395
1994,6,2,4,197,-2.3553
1994,6,2,5,185,-1.1782
1994,6,3,1,270,-2.2448
1994,6,3,2,120,-2.6449
1994,6,3,3,120,-2.2620
1994,6,3,4,166,-3.5134
1994,6,3,5,151,-3.0778
1994,7,1,1,325,0.9497
1994,7,1,2,784,0.3946
1994,7,1,3,1043,1.1904
1994,7,1,4,654,3.3668
1994,7,1,5,588,-0.1756
1994,7,2,1,161,2.0848
1994,7,2,2,147,0.7799
1994,7,2,3,255,1.1587
1994,7,2,4,185,2.6964
1994,7,2,5,176,2.8105
1994,7,3,1,199,2.1587
1994,7,3,2,107,2.3299
1994,7,3,3,182,2.8920
1994,7,3,4,177,4.0871
1994,7,3,5,154,2.3052
1994,8,1,1,493,1.6305
1994,8,1,2,801,3.8456
1994,8,1,3,869,5.1273
1994,8,1,4,676,1.6992
1994,8,1,5,559,4.3531
1994,8,2,1,134,7.2427
1994,8,2,2,222,6.8453
1994,8,2,3,210,5.6025
1994,8,2,4,205,6.8512
1994,8,2,5,154,6.7918
1994,8,3,1,100,4.7856
1994,8,3,2,217,2.9379
1994,8,3,3,162,5.5579
1994,8,3,4,178,6.1026
1994,8,3,5,167,4.6868
1994,9,1,1,396,1.6984
1994,9,1,2,815,1.3833
1994,9,1,3,822,0.1410
1994,9,1,4,589,2.7531
1994,9,1,5,773,-0.0527
1994,9,2,1,116,-2.4371
1994,9,2,2,272,0.5368
1994,9,2,3,183,0.0105
1994,9,2,4,175,-0.0211
1994,9,2,5,196,0.4712
1994,9,3,1,94,-2.5507
1994,9,3,2,259,-3.6842
1994,9,3,3,115,-2.1538
1994,9,3,4,181,-0.8467
1994,9,3,5,175,-0.8187
1994,10,1,1,414,11.4676
1994,10,1,2,663,0.1008
1994,10,1,3,846,1.5254
1994,10,1,4,667,1.4304
1994,10,1,5,806,-0.6854
1994,10,2,1,128,-2.5770
1994,10,2,2,237,-0.9017
1994,10,2,3,198,-0.3320
1994,10,2,4,163,0.0081
1994,10,2,5,215,0.8842
1994,10,3,1,94,2.2172
1994,10,3,2,252,1.7963
1994,10,3,3,138,1.5063
1994,10,3,4,147,-0.4604
1994,10,3,5,200,0.1504
1994,11,1,1,360,-5.1270
1994,11,1,2,752,-5.1758
1994,11,1,3,545,-5.4592
1994,11,1,4,714,-5.8123
1994,11,1,5,1029,-1.3583
1994,11,2,1,164,-5.0986
1994,11,2,2,204,-5.0678
1994,11,2,3,151,-3.7243
1994,11,2,4,178,-3.7084
1994,11,2,5,254,-1.9043
1994,11,3,1,170,-3.4178
1994,11,3,2,154,-5.2273
1994,11,3,3,131,-5.4184
1994,11,3,4,166,-4.8716
1994,11,3,5,214,-1.9212
1994,12,1,1,347,-0.8050
1994,12,1,2,419,-2.2479
1994,12,1,3,689,-0.0769
1994,12,1,4,937,-2.2376
1994,12,1,5,999,-1.2851
1994,12,2,1,115,1.7544
1994,12,2,2,105,0.9383
1994,12,2,3,210,2.8641
1994,12,2,4,303,2.2467
1994,12,2,5,243,2.7990
1994,12,3,1,84,2.0639
1994,12,3,2,69,3.3312
1994,12,3,3,186,2.1109
1994,12,3,4,308,1.7191
1994,12,3,5,198,1.6772
1995,1,1,1,358,0.8217
1995,1,1,2,463,-1.2182
1995,1,1,3,758,0.3643
1995,1,1,4,699,-0.2420
1995,1,1,5,1105,3.8277
1995,1,2,1,109,-3.2994
1995,1,2,2,157,-1.0380
1995,1,2,3,232,-1.4887
1995,1,2,4,227,-1.4871
1995,1,2,5,257,-1.1991
1995,1,3,1,78,1.5113
1995,1,3,2,144,3.0764
1995,1,3,3,195,-1.3245
1995,1,3,4,234,3.1733
1995,1,3,5,203,1.6556
1995,2,1,1,379,1.4064
1995,2,1,2,778,2.8366
1995,2,1,3,538,-0.3858
1995,2,1,4,622,4.8352
1995,2,1,5,1091,2.6297
1995,2,2,1,128,2.6635
1995,2,2,2,257,2.6870
1995,2,2,3,143,3.9917
1995,2,2,4,171,0.9199
1995,2,2,5,255,2.6881
1995,2,3,1,96,4.9743
1995,2,3,2,264,3.5029
1995,2,3,3,98,6.3760
1995,2,3,4,189,2.6485
1995,2,3,5,207,4.4604
1995,3,1,1,296,2.5518
1995,3,1,2,552,1.5509
1995,3,1,3,761,0.3486
1995,3,1,4,777,0.7854
1995,3,1,5,1041,2.0756
1995,3,2,1,102,4.4293
1995,3,2,2,166,1.3953
1995,3,2,3,218,1.8770
1995,3,2,4,213,2.3761
1995,3,2,5,241,5.1671
1995,3,3,1,72,4.7492
1995,3,3,2,168,3.9182
1995,3,3,3,190,3.5454
1995,3,3,4,251,3.4879
1995,3,3,5,178,3.5582
1995,4,1,1,352,4.6309
1995,4,1,2,589,4.8415
1995,4,1,3,760,2.8402
1995,4,1,4,914,2.9731
1995,4,1,5,773,1.1314
1995,4,2,1,122,1.7492
1995,4,2,2,197,0.6178
1995,4,2,3,235,0.8102
1995,4,2,4,212,4.3797
1995,4,2,5,210,3.5331
1995,4,3,1,73,-0.3584
1995,4,3,2,166,-0.9671
1995,4,3,3,300,1.2400
1995,4,3,4,178,1.5173
1995,4,3,5,156,6.3572
1995,5,1,1,516,5.6418
1995,5,1,2,479,-0.1944
1995,5,1,3,867,1.2570
1995,5,1,4,460,0.6723
1995,5,1,5,1054,4.4799
1995,5,2,1,169,1.5453
1995,5,2,2,166,1.1465
1995,5,2,3,268,2.2228
1995,5,2,4,132,1.3722
1995,5,2,5,264,1.7041
1995,5,3,1,110,3.5083
1995,5,3,2,170,0.0639
1995,5,3,3,253,2.5739
1995,5,3,4,148,2.5600
1995,5,3,5,188,3.1086
1995,6,1,1,544,4.1586
1995,6,1,2,556,3.5303
1995,6,1,3,537,2.6939
1995,6,1,4,919,4.8355
1995,6,1,5,832,7.6243
1995,6,2,1,176,2.6622
1995,6,2,2,166,6.6806
1995,6,2,3,181,4.3309
1995,6,2,4,244,4.6031
1995,6,2,5,223,8.3455
1995,6,3,1,120,2.2644
1995,6,3,2,155,2.4939
1995,6,3,3,178,2.6126
1995,6,3,4,249,2.1727
1995,6,3,5,168,4.4309
1995,7,1,1,343,2.2957
1995,7,1,2,721,5.0165
1995,7,1,3,493,4.1683
1995,7,1,4,728,4.4795
1995,7,1,5,996,7.3878
1995,7,2,1,110,8.2050
1995,7,2,2,238,4.6758
1995,7,2,3,194,4.8745
1995,7,2,4,208,4.7600
1995,7,2,5,305,8.1636
1995,7,3,1,65,5.1373
1995,7,3,2,216,3.6008
1995,7,3,3,236,2.0795
1995,7,3,4,166,3.4118
1995,7,3,5,216,5.1925
1995,8,1,1,269,1.2664
1995,8,1,2,661,2.2412
1995,8,1,3,737,3.1284
1995,8,1,4,607,3.3824
1995,8,1,5,989,3.4713
1995,8,2,1,130,-1.3857
1995,8,2,2,221,1.8186
1995,8,2,3,199,0.4477
1995,8,2,4,175,3.4571
1995,8,2,5,361,0.4907
1995,8,3,1,150,2.1107
1995,8,3,2,223,0.1534
1995,8,3,3,127,-0.7050
1995,8,3,4,128,-0.0949
1995,8,3,5,272,0.0352
1995,9,1,1,609,1.5729
1995,9,1,2,525,0.9130
1995,9,1,3,693,0.9120
1995,9,1,4,486,1.4610
1995,9,1,5,942,4.6325
1995,9,2,1,230,0.8510
1995,9,2,2,128,-0.8845
1995,9,2,3,190,1.6327
1995,9,2,4,230,0.2402
1995,9,2,5,340,5.0200
1995,9,3,1,265,0.9124
1995,9,3,2,97,3.1285
1995,9,3,3,156,2.1048
1995,9,3,4,175,1.6998
1995,9,3,5,214,2.7685
1995,10,1,1,438,-5.4381
1995,10,1,2,634,-7.5908
1995,10,1,3,739,-5.1157
1995,10,1,4,470,-6.4289
1995,10,1,5,985,-7.0116
1995,10,2,1,129,-7.7996
1995,10,2,2,193,-9.4115
1995,10,2,3,255,-3.7985
1995,10,2,4,169,-5.5687
1995,10,2,5,366,-6.2251
1995,10,3,1,106,-4.1905
1995,10,3,2,162,-2.0900
1995,10,3,3,272,-0.2171
1995,10,3,4,117,0.1058
1995,10,3,5,260,2.1274
1995,11,1,1,562,-5.9141
1995,11,1,2,381,-0.5289
1995,11,1,3,760,1.2246
1995,11,1,4,667,-0.5350
1995,11,1,5,902,3.1977
1995,11,2,1,160,3.2350
1995,11,2,2,150,3.2175
1995,11,2,3,240,6.6724
1995,11,2,4,230,3.2514
1995,11,2,5,350,3.0291
1995,11,3,1,152,8.5016
1995,11,3,2,120,7.5377
1995,11,3,3,182,5.2651
1995,11,3,4,215,4.6661
1995,11,3,5,253,3.2014
1995,12,1,1,444,0.4520
1995,12,1,2,532,-1.5458
1995,12,1,3,919,-0.8832
1995,12,1,4,653,0.7224
1995,12,1,5,753,2.0093
1995,12,2,1,123,1.9030
1995,12,2,2,222,1.7624
1995,12,2,3,283,1.1541
1995,12,2,4,199,1.3608
1995,12,2,5,296,4.6482
1995,12,3,1,111,2.3797
1995,12,3,2,257,1.3578
1995,12,3,3,211,-0.0869
1995,12,3,4,153,1.6454
1995,12,3,5,202,0.7148
1996,1,1,1,683,2.3965
1996,1,1,2,735,1.7081
1996,1,1,3,820,0.6050
1996,1,1,4,356,5.6488
1996,1,1,5,744,6.6373
1996,1,2,1,220,-0.5231
1996,1,2,2,212,2.0784
1996,1,2,3,271,0.1099
1996,1,2,4,160,0.5367
1996,1,2,5,275,2.7533
1996,1,3,1,170,1.7149
1996,1,3,2,143,4.9780
1996,1,3,3,275,1.7949
1996,1,3,4,187,3.4215
1996,1,3,5,165,1.9717
1996,2,1,1,838,4.9084
1996,2,1,2,566,3.5190
1996,2,1,3,851,3.9946
1996,2,1,4,559,3.0301
1996,2,1,5,535,7.5857
1996,2,2,1,262,5.1284
1996,2,2,2,153,6.2886
1996,2,2,3,282,3.9580
1996,2,2,4,222,0.1862
1996,2,2,5,211,7.0883
1996,2,3,1,208,2.5512
1996,2,3,2,111,2.2771
1996,2,3,3,260,2.5127
1996,2,3,4,205,1.5126
1996,2,3,5,156,0.4778
1996,3,1,1,770,1.1917
1996,3,1,2,514,2.8373
1996,3,1,3,842,2.9087
1996,3,1,4,734,2.8451
1996,3,1,5,500,2.4207
1996,3,2,1,236,5.4371
1996,3,2,2,140,-0.3604
1996,3,2,3,376,3.1043
1996,3,2,4,228,2.4741
1996,3,2,5,177,0.7251
1996,3,3,1,211,3.6026
1996,3,3,2,88,2.2896
1996,3,3,3,341,1.9001
1996,3,3,4,179,0.5144
1996,3,3,5,118,0.4526
1996,4,1,1,648,10.0075
1996,4,1,2,529,7.8533
1996,4,1,3,1020,7.8317
1996,4,1,4,864,8.4437
1996,4,1,5,364,5.6897
1996,4,2,1,219,7.4243
1996,4,2,2,170,4.8511
1996,4,2,3,326,8.3762
1996,4,2,4,291,7.4826
1996,4,2,5,133,1.3323
1996,4,3,1,179,4.7949
1996,4,3,2,223,1.3527
1996,4,3,3,235,4.6385
1996,4,3,4,226,1.6294
1996,4,3,5,80,0.0022
1996,5,1,1,572,10.6201
1996,5,1,2,644,8.7788
1996,5,1,3,909,8.2317
1996,5,1,4,605,8.4645
1996,5,1,5,658,7.4900
1996,5,2,1,246,5.4968
1996,5,2,2,178,6.3577
1996,5,2,3,363,4.8074
1996,5,2,4,173,4.3661
1996,5,2,5,228,6.7071
1996,5,3,1,274,2.8666
1996,5,3,2,136,3.5103
1996,5,3,3,218,1.5489
1996,5,3,4,132,2.2561
1996,5,3,5,215,2.3573
1996,6,1,1,493,-4.3586
1996,6,1,2,646,-5.3665
1996,6,1,3,861,-5.1031
1996,6,1,4,654,-6.2471
1996,6,1,5,745,-6.9531
1996,6,2,1,217,-1.5004
1996,6,2,2,238,-6.4727
1996,6,2,3,348,-5.0695
1996,6,2,4,207,-3.5534
1996,6,2,5,231,-2.6437
1996,6,3,1,258,1.4719
1996,6,3,2,165,-1.7054
1996,6,3,3,205,-1.1027
1996,6,3,4,168,-0.9968
1996,6,3,5,174,-2.3338
1996,7,1,1,524,-9.8856
1996,7,1,2,690,-9.2272
1996,7,1,3,816,-7.0985
1996,7,1,4,726,-9.5552
1996,7,1,5,681,-10.3707
1996,7,2,1,248,-9.6804
1996,7,2,2,241,-8.9217
1996,7,2,3,292,-6.9174
1996,7,2,4,260,-8.9964
1996,7,2,5,202,-8.8972
1996,7,3,1,236,-5.8611
1996,7,3,2,165,-3.7752
1996,7,3,3,238,-5.1849
1996,7,3,4,160,-4.8509
1996,7,3,5,162,-5.7432
1996,8,1,1,631,3.6377
1996,8,1,2,959,4.7757
1996,8,1,3,868,3.2833
1996,8,1,4,632,2.5244
1996,8,1,5,411,3.5928
1996,8,2,1,222,5.3323
1996,8,2,2,361,6.0074
1996,8,2,3,318,8.5102
1996,8,2,4,212,5.5956
1996,8,2,5,117,5.0918
1996,8,3,1,137,2.8960
1996,8,3,2,303,3.6993
1996,8,3,3,228,0.7584
1996,8,3,4,151,3.3840
1996,8,3,5,116,5.2213
1996,9,1,1,628,4.3621
1996,9,1,2,628,1.4536
1996,9,1,3,1136,1.9417
1996,9,1,4,655,2.3371
1996,9,1,5,494,3.0713
1996,9,2,1,186,2.3022
1996,9,2,2,258,1.6156
1996,9,2,3,397,5.5320
1996,9,2,4,230,5.9969
1996,9,2,5,132,3.8454
1996,9,3,1,145,4.2513
1996,9,3,2,241,4.6038
1996,9,3,3,252,5.7975
1996,9,3,4,184,6.3897
1996,9,3,5,129,4.9134
1996,10,1,1,439,-2.2065
1996,10,1,2,692,-5.5643
1996,10,1,3,973,-1.0121
1996,10,1,4,808,-2.8328
1996,10,1,5,624,-2.9866
1996,10,2,1,194,-3.3207
1996,10,2,2,240,-3.6352
1996,10,2,3,318,1.6046
1996,10,2,4,281,-2.3847
1996,10,2,5,171,-1.6592
1996,10,3,1,142,0.9157
1996,10,3,2,252,-1.3325
1996,10,3,3,238,1.0116
1996,10,3,4,214,0.9871
1996,10,3,5,134,-0.6725
1996,11,1,1,590,-1.3705
1996,11,1,2,1056,2.6182
1996,11,1,3,1032,1.5330
1996,11,1,4,463,1.9378
1996,11,1,5,500,2.9780
1996,11,2,1,216,2.1428
1996,11,2,2,298,5.5186
1996,11,2,3,329,1.7928
1996,11,2,4,188,4.0905
1996,11,2,5,140,4.9438
1996,11,3,1,154,6.1098
1996,11,3,2,175,6.9031
1996,11,3,3,306,8.1163
1996,11,3,4,222,4.4465
1996,11,3,5,122,4.4815
1996,12,1,1,860,-0.8107
1996,12,1,2,852,-1.2491
1996,12,1,3,424,0.0453
1996,12,1,4,858,4.4359
1996,12,1,5,672,1.2406
1996,12,2,1,290,1.8983
1996,12,2,2,244,-1.0528
1996,12,2,3,117,1.9567
1996,12,2,4,336,2.7996
1996,12,2,5,203,6.1218
1996,12,3,1,184,-1.2557
1996,12,3,2,190,-2.0273
1996,12,3,3,111,-0.0011
1996,12,3,4,293,-0.4537
1996,12,3,5,204,-1.2259
1997,1,1,1,973,3.8950
1997,1,1,2,740,4.2848
1997,1,1,3,739,6.7878
1997,1,1,4,561,4.2830
1997,1,1,5,649,6.2715
1997,1,2,1,288,2.1926
1997,1,2,2,236,2.0112
1997,1,2,3,273,10.5789
1997,1,2,4,196,2.3644
1997,1,2,5,196,1.5191
1997,1,3,1,236,0.8558
1997,1,3,2,225,6.0269
1997,1,3,3,168,4.7957
1997,1,3,4,155,4.7355
1997,1,3,5,218,5.3359
1997,2,1,1,786,2.7061
1997,2,1,2,763,-2.0333
1997,2,1,3,417,-1.2600
1997,2,1,4,667,-2.3933
1997,2,1,5,1038,0.4194
1997,2,2,1,261,0.8703
1997,2,2,2,253,-0.2063
1997,2,2,3,135,-1.3082
1997,2,2,4,208,-3.8377
1997,2,2,5,320,-6.8597
1997,2,3,1,301,4.2085
1997,2,3,2,156,2.0841
1997,2,3,3,150,1.2265
1997,2,3,4,175,-1.1972
1997,2,3,5,220,-3.4784
1997,3,1,1,1109,-5.9128
1997,3,1,2,520,-2.6229
1997,3,1,3,876,-6.3362
1997,3,1,4,544,-4.7461
1997,3,1,5,692,-4.7121
1997,3,2,1,338,-5.5659
1997,3,2,2,173,-3.4306
1997,3,2,3,279,-3.7568
1997,3,2,4,150,-4.1977
1997,3,2,5,197,-5.1421
1997,3,3,1,307,-4.9843
1997,3,3,2,129,-3.4777
1997,3,3,3,231,-3.9091
1997,3,3,4,162,-4.6912
1997,3,3,5,163,-4.3961
1997,4,1,1,1420,-5.9920
1997,4,1,2,730,-3.8986
1997,4,1,3,344,-5.8164
1997,4,1,4,774,-3.5518
1997,4,1,5,476,-1.3017
1997,4,2,1,383,-2.2575
1997,4,2,2,207,-0.9441
1997,4,2,3,160,0.7304
1997,4,2,4,247,0.8693
1997,4,2,5,150,-1.9648
1997,4,3,1,228,4.0857
1997,4,3,2,175,4.1539
1997,4,3,3,211,3.1705
1997,4,3,4,211,2.5440
1997,4,3,5,155,5.0235
1997,5,1,1,985,8.6509
1997,5,1,2,802,7.8251
1997,5,1,3,399,10.7958
1997,5,1,4,928,11.4386
1997,5,1,5,674,11.1838
1997,5,2,1,301,12.3090
1997,5,2,2,177,10.7954
1997,5,2,3,150,13.1448
1997,5,2,4,308,13.6325
1997,5,2,5,175,17.1621
1997,5,3,1,240,7.2285
1997,5,3,2,208,5.9553
1997,5,3,3,162,5.7828
1997,5,3,4,225,6.2205
1997,5,3,5,143,5.3797
1997,6,1,1,989,1.4481
1997,6,1,2,457,4.0013
1997,6,1,3,710,5.4916
1997,6,1,4,1203,4.5933
1997,6,1,5,409,0.6341
1997,6,2,1,282,3.6611
1997,6,2,2,121,6.6176
1997,6,2,3,195,6.3943
1997,6,2,4,364,5.7945
1997,6,2,5,151,5.2254
1997,6,3,1,269,1.7088
1997,6,3,2,87,3.3434
1997,6,3,3,245,4.9589
1997,6,3,4,293,3.7724
1997,6,3,5,110,4.5844
1997,7,1,1,765,2.3932
1997,7,1,2,916,5.5393
1997,7,1,3,590,5.9566
1997,7,1,4,676,4.7153
1997,7,1,5,790,5.6537
1997,7,2,1,213,3.9828
1997,7,2,2,233,3.7455
1997,7,2,3,204,5.6594
1997,7,2,4,227,4.4875
1997,7,2,5,231,6.1143
1997,7,3,1,225,5.8929
1997,7,3,2,207,5.7392
1997,7,3,3,191,6.0609
1997,7,3,4,191,7.1725
1997,7,3,5,202,7.4572
1997,8,1,1,678,3.3313
1997,8,1,2,762,1.3966
1997,8,1,3,617,4.0861
1997,8,1,4,928,4.1689
1997,8,1,5,764,3.7646
1997,8,2,1,206,2.8822
1997,8,2,2,219,2.7764
1997,8,2,3,173,4.2040
1997,8,2,4,287,3.0787
1997,8,2,5,226,6.2933
1997,8,3,1,194,-2.4206
1997,8,3,2,174,-1.6433
1997,8,3,3,177,-3.5711
1997,8,3,4,252,-4.5014
1997,8,3,5,219,-6.3568
1997,9,1,1,383,8.7316
1997,9,1,2,903,8.6646
1997,9,1,3,749,7.4712
1997,9,1,4,457,9.4576
1997,9,1,5,1276,8.1555
1997,9,2,1,95,9.0878
1997,9,2,2,274,7.6895
1997,9,2,3,194,4.9459
1997,9,2,4,181,8.5023
1997,9,2,5,353,7.2186
1997,9,3,1,73,3.9806
1997,9,3,2,290,5.1921
1997,9,3,3,169,5.1262
1997,9,3,4,129,4.4498
1997,9,3,5,345,2.4997
1997,10,1,1,202,-4.6869
1997,10,1,2,565,-2.8492
1997,10,1,3,1013,-3.4665
1997,10,1,4,815,-1.3161
1997,10,1,5,1143,-5.2845
1997,10,2,1,92,-6.7239
1997,10,2,2,137,-4.0811
1997,10,2,3,274,-3.5725
1997,10,2,4,299,-2.6206
1997,10,2,5,320,-4.7287
1997,10,3,1,126,-7.3994
1997,10,3,2,146,-5.2526
1997,10,3,3,253,-2.8934
1997,10,3,4,254,-4.2664
1997,10,3,5,229,-6.8664
1997,11,1,1,196,-8.6228
1997,11,1,2,653,-2.9763
1997,11,1,3,757,-1.8903
1997,11,1,4,1153,-2.8447
1997,11,1,5,992,-0.8545
1997,11,2,1,54,-7.4312
1997,11,2,2,167,-1.4021
1997,11,2,3,264,0.1039
1997,11,2,4,350,-3.1290
1997,11,2,5,300,-1.1003
1997,11,3,1,55,0.5986
1997,11,3,2,156,2.8488
1997,11,3,3,249,3.0739
1997,11,3,4,260,2.1568
1997,11,3,5,283,4.7625
1997,12,1,1,186,-2.5455
1997,12,1,2,814,-3.8604
1997,12,1,3,918,-2.6898
1997,12,1,4,1204,-1.8057
1997,12,1,5,662,-3.1517
1997,12,2,1,72,2.1894
1997,12,2,2,210,-2.8096
1997,12,2,3,298,-1.6482
1997,12,2,4,352,0.4416
1997,12,2,5,192,2.5345
1997,12,3,1,59,0.6352
1997,12,3,2,178,-0.6271
1997,12,3,3,233,2.7269
1997,12,3,4,300,2.3815
1997,12,3,5,236,2.1877
1998,1,1,1,310,-1.7306
1998,1,1,2,732,-1.4452
1998,1,1,3,1171,-1.5346
1998,1,1,4,1006,1.0552
1998,1,1,5,554,-0.3022
1998,1,2,1,109,-1.7348
1998,1,2,2,199,-1.6941
1998,1,2,3,313,-2.5568
1998,1,2,4,288,0.1428
1998,1,2,5,204,-1.7037
1998,1,3,1,93,-1.7977
1998,1,3,2,184,0.7053
1998,1,3,3,225,-0.6486
1998,1,3,4,202,1.2045
1998,1,3,5,301,-1.1854
1998,2,1,1,545,7.1670
1998,2,1,2,762,3.1737
1998,2,1,3,632,7.8371
1998,2,1,4,1123,5.3434
1998,2,1,5,694,6.0965
1998,2,2,1,183,7.5496
1998,2,2,2,181,7.3559
1998,2,2,3,213,9.7082
1998,2,2,4,296,7.6010
1998,2,2,5,235,10.0825
1998,2,3,1,142,7.4201
1998,2,3,2,214,8.0883
1998,2,3,3,148,8.2893
1998,2,3,4,243,7.7178
1998,2,3,5,253,4.9273
1998,3,1,1,628,4.3814
1998,3,1,2,635,0.3833
1998,3,1,3,913,5.0809
1998,3,1,4,682,5.0763
1998,3,1,5,879,6.2365
1998,3,2,1,213,3.8420
1998,3,2,2,133,0.9355
1998,3,2,3,262,4.8069
1998,3,2,4,219,5.0559
1998,3,2,5,273,5.6992
1998,3,3,1,194,5.5421
1998,3,3,2,159,1.9053
1998,3,3,3,175,2.8740
1998,3,3,4,240,6.7079
1998,3,3,5,256,5.2139
1998,4,1,1,796,0.2658
1998,4,1,2,393,1.0857
1998,4,1,3,782,2.5064
1998,4,1,4,645,1.7520
1998,4,1,5,1097,2.8329
1998,4,2,1,230,1.8069
1998,4,2,2,88,2.3116
1998,4,2,3,216,-1.0278
1998,4,2,4,203,0.3858
1998,4,2,5,356,1.0226
1998,4,3,1,220,3.4400
1998,4,3,2,86,-0.7968
1998,4,3,3,164,0.7477
1998,4,3,4,180,-1.9334
1998,4,3,5,383,1.2238
1998,5,1,1,336,-9.8375
1998,5,1,2,614,-5.1497
1998,5,1,3,763,-3.6547
1998,5,1,4,890,-5.0041
1998,5,1,5,1087,-5.1730
1998,5,2,1,134,-7.5688
1998,5,2,2,168,-5.1890
1998,5,2,3,244,-3.9132
1998,5,2,4,243,-3.9383
1998,5,2,5,314,-4.1166
1998,5,3,1,122,-5.0172
1998,5,3,2,156,-4.2874
1998,5,3,3,261,-2.0862
1998,5,3,4,208,-0.4198
1998,5,3,5,289,-1.8281
1998,6,1,1,492,-6.5200
1998,6,1,2,642,-5.7656
1998,6,1,3,943,-3.4976
1998,6,1,4,938,-1.7001
1998,6,1,5,695,-0.2609
1998,6,2,1,133,-2.9080
1998,6,2,2,206,-4.7934
1998,6,2,3,244,-1.8936
1998,6,2,4,318,0.3192
1998,6,2,5,198,0.2444
1998,6,3,1,124,-1.4996
1998,6,3,2,199,-2.3844
1998,6,3,3,229,2.7064
1998,6,3,4,270,1.6660
1998,6,3,5,199,4.4689
1998,7,1,1,495,-12.4326
1998,7,1,2,361,-6.9353
1998,7,1,3,593,-7.3678
1998,7,1,4,1018,-5.1468
1998,7,1,5,1111,-6.8193
1998,7,2,1,150,-10.7753
1998,7,2,2,165,-6.5790
1998,7,2,3,163,-7.3048
1998,7,2,4,303,-6.4901
1998,7,2,5,328,-7.7319
1998,7,3,1,102,-6.0920
1998,7,3,2,250,-4.9424
1998,7,3,3,145,-4.1623
1998,7,3,4,264,-3.3058
1998,7,3,5,283,-1.8433
1998,8,1,1,430,-19.8002
1998,8,1,2,478,-18.9895
1998,8,1,3,553,-17.7923
1998,8,1,4,996,-22.2952
1998,8,1,5,1129,-20.9891
1998,8,2,1,140,-16.2941
1998,8,2,2,134,-19.2979
1998,8,2,3,196,-14.1780
1998,8,2,4,294,-19.4986
1998,8,2,5,316,-21.9822
1998,8,3,1,120,-17.4906
1998,8,3,2,150,-14.2201
1998,8,3,3,219,-15.6795
1998,8,3,4,260,-12.4229
1998,8,3,5,302,-16.9337
1998,9,1,1,505,4.7232
1998,9,1,2,444,0.8847
1998,9,1,3,1009,4.1125
1998,9,1,4,857,4.5452
1998,9,1,5,799,7.1763
1998,9,2,1,160,14.8476
1998,9,2,2,131,0.1837
1998,9,2,3,300,5.6808
1998,9,2,4,221,10.8590
1998,9,2,5,245,5.9101
1998,9,3,1,105,9.9935
1998,9,3,2,118,0.5918
1998,9,3,3,248,5.0995
1998,9,3,4,201,2.8838
1998,9,3,5,346,5.8026
1998,10,1,1,464,6.0432
1998,10,1,2,483,5.2591
1998,10,1,3,626,-1.0887
1998,10,1,4,877,4.8750
1998,10,1,5,1079,6.5396
1998,10,2,1,143,3.1906
1998,10,2,2,136,8.4258
1998,10,2,3,210,3.1918
1998,10,2,4,268,4.5101
1998,10,2,5,301,4.5122
1998,10,3,1,102,15.4632
1998,10,3,2,103,12.1805
1998,10,3,3,217,8.6490
1998,10,3,4,263,8.6245
1998,10,3,5,364,4.2547
1998,11,1,1,524,6.2503
1998,11,1,2,350,3.4966
1998,11,1,3,840,2.3320
1998,11,1,4,646,6.2387
1998,11,1,5,1070,9.6029
1998,11,2,1,182,3.5836
1998,11,2,2,121,3.3766
1998,11,2,3,247,2.5885
1998,11,2,4,196,7.1479
1998,11,2,5,337,9.4613
1998,11,3,1,111,7.9139
1998,11,3,2,146,3.4365
1998,11,3,3,197,2.3012
1998,11,3,4,178,5.0409
1998,11,3,5,413,6.4179
1998,12,1,1,484,-1.7253
1998,12,1,2,418,-1.1381
1998,12,1,3,598,-3.0175
1998,12,1,4,504,-2.1870
1998,12,1,5,1358,7.8583
1998,12,2,1,161,0.5470
1998,12,2,2,148,6.1933
1998,12,2,3,170,3.5965
1998,12,2,4,233,3.1897
1998,12,2,5,391,9.2572
1998,12,3,1,124,-0.3989
1998,12,3,2,136,-0.1661
1998,12,3,3,159,-0.4648
1998,12,3,4,233,4.1037
1998,12,3,5,408,10.7370
1999,1,1,1,443,2.0926
1999,1,1,2,304,4.0502
1999,1,1,3,641,3.7927
1999,1,1,4,758,3.3016
1999,1,1,5,1156,8.8110
1999,1,2,1,138,-1.9037
1999,1,2,2,133,-4.7237
1999,1,2,3,182,-2.0900
1999,1,2,4,276,-1.7452
1999,1,2,5,361,5.2219
1999,1,3,1,104,-3.4029
1999,1,3,2,110,3.5672
1999,1,3,3,181,-1.5299
1999,1,3,4,280,0.7568
1999,1,3,5,418,5.2045
1999,2,1,1,291,-9.7758
1999,2,1,2,484,-8.1542
1999,2,1,3,517,-3.9391
1999,2,1,4,705,-7.2618
1999,2,1,5,1195,-4.9194
1999,2,2,1,84,-10.1950
1999,2,2,2,175,-8.2001
1999,2,2,3,194,-6.2329
1999,2,2,4,245,-7.6255
1999,2,2,5,415,-8.9715
1999,2,3,1,75,-5.4583
1999,2,3,2,171,-0.9751
1999,2,3,3,168,-4.0479
1999,2,3,4,246,-4.0084
1999,2,3,5,463,-5.3081
1999,3,1,1,249,-1.4496
1999,3,1,2,527,-1.7941
1999,3,1,3,553,-3.1340
1999,3,1,4,648,-4.5708
1999,3,1,5,1207,-4.1931
1999,3,2,1,66,3.6545
1999,3,2,2,218,3.3178
1999,3,2,3,193,-1.9498
1999,3,2,4,220,-0.7346
1999,3,2,5,411,0.0831
1999,3,3,1,64,2.5180
1999,3,3,2,251,-0.3561
1999,3,3,3,194,2.3622
1999,3,3,4,162,4.6338
1999,3,3,5,438,4.0880
1999,4,1,1,226,4.2828
1999,4,1,2,555,9.6290
1999,4,1,3,502,10.5471
1999,4,1,4,796,9.5730
1999,4,1,5,1046,14.7786
1999,4,2,1,92,7.9452
1999,4,2,2,207,12.2659
1999,4,2,3,161,11.4162
1999,4,2,4,281,9.1110
1999,4,2,5,377,8.1588
1999,4,3,1,130,15.8859
1999,4,3,2,199,12.6889
1999,4,3,3,143,10.5836
1999,4,3,4,220,6.3922
1999,4,3,5,409,3.5639
1999,5,1,1,368,-0.6288
1999,5,1,2,585,3.1035
1999,5,1,3,482,6.8659
1999,5,1,4,643,4.4316
1999,5,1,5,1062,5.1267
1999,5,2,1,112,4.2177
1999,5,2,2,183,5.5595
1999,5,2,3,160,2.6485
1999,5,2,4,247,2.9599
1999,5,2,5,402,3.4171
1999,5,3,1,88,-1.0248
1999,5,3,2,205,-1.0891
1999,5,3,3,167,-3.8211
1999,5,3,4,190,-4.8123
1999,5,3,5,428,-2.8885
1999,6,1,1,234,-1.0955
1999,6,1,2,653,1.8264
1999,6,1,3,581,7.2685
1999,6,1,4,696,3.1494
1999,6,1,5,968,3.4561
1999,6,2,1,67,1.1852
1999,6,2,2,232,4.2845
1999,6,2,3,181,3.2699
1999,6,2,4,274,6.5902
1999,6,2,5,356,10.6176
1999,6,3,1,72,0.0615
1999,6,3,2,245,1.3806
1999,6,3,3,177,6.1174
1999,6,3,4,226,5.6899
1999,6,3,5,358,5.2415
1999,7,1,1,230,0.3824
1999,7,1,2,803,0.5997
1999,7,1,3,706,0.3929
1999,7,1,4,382,0.7036
1999,7,1,5,915,1.8167
1999,7,2,1,76,-2.0942
1999,7,2,2,270,-3.1018
1999,7,2,3,271,-2.2681
1999,7,2,4,160,-1.6960
1999,7,2,5,345,-1.5866
1999,7,3,1,74,-5.0118
1999,7,3,2,256,-2.2434
1999,7,3,3,264,-4.0051
1999,7,3,4,189,-7.2766
1999,7,3,5,292,-2.3668
1999,8,1,1,435,-4.6237
1999,8,1,2,1097,-6.5263
1999,8,1,3,560,-3.5391
1999,8,1,4,301,-4.5738
1999,8,1,5,628,-2.2393
1999,8,2,1,147,-6.8216
1999,8,2,2,427,-4.3803
1999,8,2,3,190,-6.0618
1999,8,2,4,136,-2.4087
1999,8,2,5,224,-1.0850
1999,8,3,1,115,-2.3399
1999,8,3,2,348,-0.8894
1999,8,3,3,200,-3.9509
1999,8,3,4,163,-3.7458
1999,8,3,5,264,-1.9870
1999,9,1,1,501,-3.7045
1999,9,1,2,721,-2.7834
1999,9,1,3,416,-0.0168
1999,9,1,4,706,-1.7494
1999,9,1,5,654,-0.5433
1999,9,2,1,156,0.0327
1999,9,2,2,249,-1.9487
1999,9,2,3,228,8.7448
1999,9,2,4,274,-0.8818
1999,9,2,5,217,-1.9106
1999,9,3,1,139,-7.9331
1999,9,3,2,198,-5.2266
1999,9,3,3,267,-1.2412
1999,9,3,4,238,-3.5050
1999,9,3,5,254,-3.5551
1999,10,1,1,502,-5.2440
1999,10,1,2,471,-2.6071
1999,10,1,3,861,-4.4836
1999,10,1,4,432,-2.6407
1999,10,1,5,662,-2.6663
1999,10,2,1,181,-1.6973
1999,10,2,2,179,-5.1724
1999,10,2,3,304,-1.1496
1999,10,2,4,257,-1.9743
1999,10,2,5,237,-5.7346
1999,10,3,1,127,4.6526
1999,10,3,2,159,2.8255
1999,10,3,3,264,-0.6799
1999,10,3,4,296,1.9700
1999,10,3,5,273,-1.8392
1999,11,1,1,329,6.5801
1999,11,1,2,282,1.4213
1999,11,1,3,586,-1.0264
1999,11,1,4,624,4.0192
1999,11,1,5,1058,16.6474
1999,11,2,1,113,3.7000
1999,11,2,2,123,3.1024
1999,11,2,3,164,0.2855
1999,11,2,4,318,3.6667
1999,11,2,5,451,14.1009
1999,11,3,1,70,0.8403
1999,11,3,2,118,-3.4265
1999,11,3,3,132,2.1979
1999,11,3,4,372,-0.5667
1999,11,3,5,474,5.5727
1999,12,1,1,268,2.0578
1999,12,1,2,340,1.4468
1999,12,1,3,446,4.3808
1999,12,1,4,761,4.2009
1999,12,1,5,960,16.7933
1999,12,2,1,90,0.7455
1999,12,2,2,168,1.3101
1999,12,2,3,142,1.7522
1999,12,2,4,304,5.8319
1999,12,2,5,474,13.8501
1999,12,3,1,49,1.4161
1999,12,3,2,183,0.2463
1999,12,3,3,164,3.1192
1999,12,3,4,291,5.3383
1999,12,3,5,562,18.3629
2000,1,1,1,224,9.1287
2000,1,1,2,270,4.1027
2000,1,1,3,604,4.0670
2000,1,1,4,716,7.6362
2000,1,1,5,865,10.5679
2000,1,2,1,82,-7.1722
2000,1,2,2,144,-4.8450
2000,1,2,3,197,-2.7121
2000,1,2,4,344,-0.9403
2000,1,2,5,432,-0.1667
2000,1,3,1,39,-5.6149
2000,1,3,2,177,-8.4298
2000,1,3,3,155,-2.5217
2000,1,3,4,399,-2.5358
2000,1,3,5,538,-1.2287
2000,2,1,1,199,1.6259
2000,2,1,2,370,4.4022
2000,2,1,3,285,4.6131
2000,2,1,4,872,18.3404
2000,2,1,5,883,18.1296
2000,2,2,1,81,-2.8248
2000,2,2,2,143,1.0548
2000,2,2,3,141,0.8389
2000,2,2,4,399,16.1852
2000,2,2,5,473,20.9072
2000,2,3,1,35,-8.1009
2000,2,3,2,116,-4.5742
2000,2,3,3,237,-6.5654
2000,2,3,4,372,-3.7630
2000,2,3,5,553,11.0454
2000,3,1,1,263,3.4576
2000,3,1,2,262,0.1144
2000,3,1,3,378,2.5720
2000,3,1,4,715,-0.2757
2000,3,1,5,869,0.4227
2000,3,2,1,114,5.8828
2000,3,2,2,109,3.8618
2000,3,2,3,168,5.4280
2000,3,2,4,350,-5.2464
2000,3,2,5,505,-2.3903
2000,3,3,1,79,14.2257
2000,3,3,2,79,11.5049
2000,3,3,3,247,6.8268
2000,3,3,4,386,5.5415
2000,3,3,5,646,0.7448
2000,4,1,1,243,-6.7334
2000,4,1,2,303,-1.9514
2000,4,1,3,301,-5.1410
2000,4,1,4,930,-12.8061
2000,4,1,5,744,-14.4234
2000,4,2,1,80,2.1600
2000,4,2,2,142,2.4239
2000,4,2,3,142,-1.6396
2000,4,2,4,491,-9.8514
2000,4,2,5,439,-14.2526
2000,4,3,1,82,4.1998
2000,4,3,2,152,0.7246
2000,4,3,3,154,2.2150
2000,4,3,4,437,-2.2769
2000,4,3,5,537,-5.6886
2000,5,1,1,184,-6.3126
2000,5,1,2,384,-6.2338
2000,5,1,3,696,-6.4322
2000,5,1,4,694,-4.6563
2000,5,1,5,715,-8.8313
2000,5,2,1,64,-1.2744
2000,5,2,2,186,-3.6925
2000,5,2,3,391,-3.1666
2000,5,2,4,367,-1.9492
2000,5,2,5,287,-0.3014
2000,5,3,1,74,5.9285
2000,5,3,2,220,-3.6843
2000,5,3,3,321,-3.2183
2000,5,3,4,306,-2.0834
2000,5,3,5,304,-7.7423
2000,6,1,1,899,5.8467
2000,6,1,2,386,1.4179
2000,6,1,3,358,2.6886
2000,6,1,4,450,6.7098
2000,6,1,5,688,9.3224
2000,6,2,1,452,12.8444
2000,6,2,2,140,1.0537
2000,6,2,3,181,4.6869
2000,6,2,4,195,5.7289
2000,6,2,5,261,12.1671
2000,6,3,1,365,0.5587
2000,6,3,2,144,0.0385
2000,6,3,3,157,-4.9906
2000,6,3,4,249,2.2756
2000,6,3,5,259,5.1993
2000,7,1,1,911,1.9299
2000,7,1,2,312,-4.6110
2000,7,1,3,288,0.5288
2000,7,1,4,476,-0.6699
2000,7,1,5,692,-2.0725
2000,7,2,1,454,-0.5666
2000,7,2,2,134,-3.8973
2000,7,2,3,115,1.7440
2000,7,2,4,200,1.4306
2000,7,2,5,291,-2.6065
2000,7,3,1,403,0.8136
2000,7,3,2,163,-2.4295
2000,7,3,3,110,3.0204
2000,7,3,4,231,4.5773
2000,7,3,5,350,-4.1746
2000,8,1,1,716,3.0200
2000,8,1,2,442,-0.4638
2000,8,1,3,444,3.6665
2000,8,1,4,691,5.3236
2000,8,1,5,390,9.0621
2000,8,2,1,416,3.4065
2000,8,2,2,183,2.8299
2000,8,2,3,172,6.0434
2000,8,2,4,320,8.2676
2000,8,2,5,146,11.0117
2000,8,3,1,363,6.5207
2000,8,3,2,186,1.7106
2000,8,3,3,141,10.4824
2000,8,3,4,297,5.5858
2000,8,3,5,234,10.3322
2000,9,1,1,976,-8.6565
2000,9,1,2,356,0.3794
2000,9,1,3,519,-2.3919
2000,9,1,4,529,-0.7054
2000,9,1,5,273,-2.9113
2000,9,2,1,510,-7.8227
2000,9,2,2,179,-2.6996
2000,9,2,3,228,-5.5746
2000,9,2,4,241,0.1871
2000,9,2,5,117,2.9703
2000,9,3,1,445,-4.7053
2000,9,3,2,219,-6.8804
2000,9,3,3,196,-4.7643
2000,9,3,4,221,1.4509
2000,9,3,5,154,1.6236
2000,10,1,1,1093,-0.2831
2000,10,1,2,310,-3.4935
2000,10,1,3,448,-5.8963
2000,10,1,4,549,-7.8458
2000,10,1,5,261,-9.5800
2000,10,2,1,567,-10.7203
2000,10,2,2,143,-4.6945
2000,10,2,3,176,-1.5354
2000,10,2,4,224,-2.7436
2000,10,2,5,163,0.9672
2000,10,3,1,542,-4.6433
2000,10,3,2,147,1.0483
2000,10,3,3,139,2.1487
2000,10,3,4,166,-0.7132
2000,10,3,5,209,7.8312
2000,11,1,1,421,-10.3618
2000,11,1,2,880,-16.0473
2000,11,1,3,636,-9.7828
2000,11,1,4,481,-8.1746
2000,11,1,5,270,-2.8559
2000,11,2,1,273,-11.1076
2000,11,2,2,390,-12.5789
2000,11,2,3,244,-4.1228
2000,11,2,4,178,-5.4510
2000,11,2,5,161,-1.3316
2000,11,3,1,255,-8.4425
2000,11,3,2,333,-8.2337
2000,11,3,3,192,-3.1928
2000,11,3,4,144,2.0965
2000,11,3,5,224,2.4279
2000,12,1,1,899,-5.9887
2000,12,1,2,733,-6.0802
2000,12,1,3,507,1.2415
2000,12,1,4,528,-1.6027
2000,12,1,5,102,4.4388
2000,12,2,1,446,5.7960
2000,12,2,2,271,4.8988
2000,12,2,3,197,10.5695
2000,12,2,4,256,6.1217
2000,12,2,5,54,16.9317
2000,12,3,1,340,1.1209
2000,12,3,2,211,5.4783
2000,12,3,3,175,9.0412
2000,12,3,4,200,7.5496
2000,12,3,5,125,8.4187
2001,1,1,1,1021,35.7904
2001,1,1,2,659,26.7911
2001,1,1,3,447,17.5999
2001,1,1,4,480,15.2697
2001,1,1,5,165,14.0322
2001,1,2,1,449,17.1317
2001,1,2,2,249,13.6789
2001,1,2,3,206,7.5156
2001,1,2,4,209,6.3149
2001,1,2,5,78,4.1646
2001,1,3,1,349,11.3353
2001,1,3,2,184,5.0249
2001,1,3,3,134,-2.3788
2001,1,3,4,213,-2.4326
2001,1,3,5,148,-5.0766
2001,2,1,1,1145,-11.2723
2001,2,1,2,534,-6.2665
2001,2,1,3,434,-2.7905
2001,2,1,4,431,-1.7381
2001,2,1,5,177,-0.9013
2001,2,2,1,483,-15.4788
2001,2,2,2,264,-7.4980
2001,2,2,3,173,0.9914
2001,2,2,4,160,-2.6567
2001,2,2,5,85,9.1835
2001,2,3,1,405,-16.1490
2001,2,3,2,170,-5.0084
2001,2,3,3,208,-2.2102
2001,2,3,4,131,0.7627
2001,2,3,5,131,3.5634
2001,3,1,1,1107,-10.4499
2001,3,1,2,674,-6.5742
2001,3,1,3,388,-2.3572
2001,3,1,4,470,-1.7072
2001,3,1,5,183,-1.7616
2001,3,2,1,451,-8.0396
2001,3,2,2,204,-4.3284
2001,3,2,3,182,-4.7553
2001,3,2,4,213,-2.6699
2001,3,2,5,51,-4.0826
2001,3,3,1,338,-11.6422
2001,3,3,2,133,-5.4181
2001,3,3,3,190,-4.5483
2001,3,3,4,227,-2.6413
2001,3,3,5,83,-2.7730
2001,4,1,1,1255,8.0643
2001,4,1,2,648,8.8001
2001,4,1,3,321,5.4009
2001,4,1,4,436,4.1309
2001,4,1,5,170,6.0574
2001,4,2,1,438,14.3192
2001,4,2,2,246,7.8882
2001,4,2,3,143,7.8852
2001,4,2,4,192,5.4891
2001,4,2,5,61,8.1437
2001,4,3,1,300,15.1535
2001,4,3,2,192,6.0410
2001,4,3,3,159,8.0811
2001,4,3,4,238,3.7671
2001,4,3,5,57,3.9854
2001,5,1,1,1254,8.7812
2001,5,1,2,615,14.6991
2001,5,1,3,262,8.1368
2001,5,1,4,428,9.7903
2001,5,1,5,231,10.1594
2001,5,2,1,422,5.5518
2001,5,2,2,201,6.4280
2001,5,2,3,120,2.9213
2001,5,2,4,196,4.2423
2001,5,2,5,91,4.5959
2001,5,3,1,351,-0.7836
2001,5,3,2,168,3.1942
2001,5,3,3,121,2.4084
2001,5,3,4,259,2.9908
2001,5,3,5,67,0.9782
2001,6,1,1,1028,0.0867
2001,6,1,2,697,3.9704
2001,6,1,3,496,-1.2417
2001,6,1,4,268,-2.0839
2001,6,1,5,218,3.3459
2001,6,2,1,378,2.5976
2001,6,2,2,253,5.9519
2001,6,2,3,227,2.7191
2001,6,2,4,129,1.9826
2001,6,2,5,85,-0.0985
2001,6,3,1,304,-3.3558
2001,6,3,2,204,-2.6311
2001,6,3,3,258,-3.0996
2001,6,3,4,120,-0.2953
2001,6,3,5,60,-1.8160
2001,7,1,1,591,-2.4171
2001,7,1,2,691,0.1601
2001,7,1,3,463,0.2011
2001,7,1,4,649,-2.5302
2001,7,1,5,200,-4.3294
2001,7,2,1,300,-8.1123
2001,7,2,2,267,-2.4595
2001,7,2,3,241,-3.5500
2001,7,2,4,227,-2.7222
2001,7,2,5,65,-2.0775
2001,7,3,1,224,-1.2378
2001,7,3,2,265,1.1974
2001,7,3,3,235,1.2950
2001,7,3,4,176,-0.6966
2001,7,3,5,52,-1.6470
2001,8,1,1,954,-6.0856
2001,8,1,2,699,-3.6448
2001,8,1,3,540,-0.2770
2001,8,1,4,240,0.0209
2001,8,1,5,193,-2.6258
2001,8,2,1,339,-7.6439
2001,8,2,2,311,0.1245
2001,8,2,3,227,-2.0104
2001,8,2,4,113,3.0464
2001,8,2,5,67,-3.5389
2001,8,3,1,291,-5.6007
2001,8,3,2,205,-4.3838
2001,8,3,3,261,-0.7350
2001,8,3,4,117,-0.0325
2001,8,3,5,50,0.3022
2001,9,1,1,913,-17.9165
2001,9,1,2,704,-15.6484
2001,9,1,3,519,-12.6890
2001,9,1,4,320,-11.2815
2001,9,1,5,158,-6.1504
2001,9,2,1,303,-20.8367
2001,9,2,2,286,-14.7499
2001,9,2,3,262,-14.6350
2001,9,2,4,107,-18.8147
2001,9,2,5,56,-14.3331
2001,9,3,1,259,-15.6995
2001,9,3,2,234,-10.1507
2001,9,3,3,272,-10.9063
2001,9,3,4,99,-7.8536
2001,9,3,5,43,-1.4760
2001,10,1,1,552,9.6441
2001,10,1,2,723,7.4145
2001,10,1,3,689,7.0900
2001,10,1,4,343,1.7027
2001,10,1,5,296,7.4059
2001,10,2,1,235,16.2790
2001,10,2,2,273,6.5109
2001,10,2,3,281,7.0259
2001,10,2,4,147,4.2361
2001,10,2,5,86,7.7668
2001,10,3,1,165,12.3446
2001,10,3,2,249,2.3147
2001,10,3,3,236,4.6416
2001,10,3,4,126,3.7458
2001,10,3,5,103,-2.0935
2001,11,1,1,528,9.0770
2001,11,1,2,767,8.4814
2001,11,1,3,630,5.1253
2001,11,1,4,405,4.7777
2001,11,1,5,207,1.4490
2001,11,2,1,224,12.5012
2001,11,2,2,304,10.6497
2001,11,2,3,289,7.9145
2001,11,2,4,153,5.7784
2001,11,2,5,63,5.0220
2001,11,3,1,215,10.7985
2001,11,3,2,245,8.0972
2001,11,3,3,238,8.4920
2001,11,3,4,119,3.9470
2001,11,3,5,82,0.1436
2001,12,1,1,351,7.5344
2001,12,1,2,815,7.3308
2001,12,1,3,585,6.7691
2001,12,1,4,417,7.0130
2001,12,1,5,299,9.7810
2001,12,2,1,154,5.4403
2001,12,2,2,337,8.3330
2001,12,2,3,255,7.4856
2001,12,2,4,193,6.8408
2001,12,2,5,107,4.8533
2001,12,3,1,129,4.3112
2001,12,3,2,299,1.8371
2001,12,3,3,202,3.6340
2001,12,3,4,181,4.2752
2001,12,3,5,98,2.9051
2002,1,1,1,757,-1.2901
2002,1,1,2,432,-1.6222
2002,1,1,3,651,2.4330
2002,1,1,4,245,6.5956
2002,1,1,5,360,2.6784
2002,1,2,1,276,-2.1033
2002,1,2,2,234,-4.7699
2002,1,2,3,289,-2.0096
2002,1,2,4,103,1.2566
2002,1,2,5,147,1.5052
2002,1,3,1,227,-0.3831
2002,1,3,2,248,-0.7410
2002,1,3,3,211,1.6435
2002,1,3,4,77,4.1089
2002,1,3,5,137,1.7635
2002,2,1,1,685,-3.8818
2002,2,1,2,708,-7.6542
2002,2,1,3,547,-2.3107
2002,2,1,4,363,-0.9842
2002,2,1,5,163,4.7522
2002,2,2,1,253,-1.3708
2002,2,2,2,303,-4.6123
2002,2,2,3,259,0.9652
2002,2,2,4,102,0.2466
2002,2,2,5,72,0.8058
2002,2,3,1,209,1.4178
2002,2,3,2,314,-3.7938
2002,2,3,3,234,3.2268
2002,2,3,4,82,2.5862
2002,2,3,5,62,5.6740
2002,3,1,1,595,10.8370
2002,3,1,2,746,9.2624
2002,3,1,3,609,7.8038
2002,3,1,4,328,8.6022
2002,3,1,5,237,10.9644
2002,3,2,1,227,11.8254
2002,3,2,2,262,7.5960
2002,3,2,3,212,8.4385
2002,3,2,4,139,7.9639
2002,3,2,5,113,13.3060
2002,3,3,1,197,6.6104
2002,3,3,2,237,4.3533
2002,3,3,3,193,5.7387
2002,3,3,4,129,3.5128
2002,3,3,5,106,3.7697
2002,4,1,1,631,2.3790
2002,4,1,2,542,4.2900
2002,4,1,3,353,2.5231
2002,4,1,4,691,-0.7810
2002,4,1,5,278,5.5074
2002,4,2,1,244,-0.4664
2002,4,2,2,183,-1.6307
2002,4,2,3,154,1.7682
2002,4,2,4,272,-1.2522
2002,4,2,5,102,5.3042
2002,4,3,1,253,-3.0410
2002,4,3,2,145,-0.8368
2002,4,3,3,168,-3.3075
2002,4,3,4,209,-3.8106
2002,4,3,5,82,1.7015
2002,5,1,1,1163,-5.7846
2002,5,1,2,558,-4.4155
2002,5,1,3,292,-3.6224
2002,5,1,4,293,-1.6951
2002,5,1,5,230,3.6569
2002,5,2,1,358,-6.2630
2002,5,2,2,205,-3.1330
2002,5,2,3,123,-3.1628
2002,5,2,4,103,-6.2677
2002,5,2,5,110,-3.9322
2002,5,3,1,306,-0.8604
2002,5,3,2,222,0.3946
2002,5,3,3,132,2.3250
2002,5,3,4,87,1.6617
2002,5,3,5,91,-0.3905
2002,6,1,1,1231,-7.9809
2002,6,1,2,606,-3.9087
2002,6,1,3,356,-1.7198
2002,6,1,4,248,0.2769
2002,6,1,5,108,1.9421
2002,6,2,1,337,-10.0665
2002,6,2,2,273,-1.1768
2002,6,2,3,119,-3.5703
2002,6,2,4,89,0.0174
2002,6,2,5,53,-2.2060
2002,6,3,1,275,-10.7572
2002,6,3,2,295,-5.2221
2002,6,3,3,133,-3.7958
2002,6,3,4,92,-3.4834
2002,6,3,5,38,-5.6913
2002,7,1,1,1360,-17.1741
2002,7,1,2,363,-16.6506
2002,7,1,3,370,-12.8638
2002,7,1,4,287,-11.8975
2002,7,1,5,96,-10.9959
2002,7,2,1,379,-13.6798
2002,7,2,2,172,-22.4948
2002,7,2,3,186,-17.5589
2002,7,2,4,87,-15.0421
2002,7,2,5,37,-17.7653
2002,7,3,1,285,-6.3973
2002,7,3,2,210,-10.7681
2002,7,3,3,184,-9.6707
2002,7,3,4,101,-6.9883
2002,7,3,5,34,-13.3843
2002,8,1,1,1073,-2.3046
2002,8,1,2,759,-1.5721
2002,8,1,3,287,-3.0614
2002,8,1,4,217,3.1695
2002,8,1,5,157,1.7562
2002,8,2,1,284,0.5446
2002,8,2,2,297,0.5911
2002,8,2,3,85,0.0717
2002,8,2,4,107,1.6671
2002,8,2,5,49,-1.5624
2002,8,3,1,226,-1.1050
2002,8,3,2,306,1.4123
2002,8,3,3,98,-0.7441
2002,8,3,4,117,1.4624
2002,8,3,5,70,3.2356
2002,9,1,1,1224,-11.2192
2002,9,1,2,450,-9.3434
2002,9,1,3,368,-5.0889
2002,9,1,4,249,-6.9398
2002,9,1,5,160,-10.0753
2002,9,2,1,352,-11.1992
2002,9,2,2,168,-10.1364
2002,9,2,3,155,-7.0547
2002,9,2,4,98,-6.3129
2002,9,2,5,49,-6.1110
2002,9,3,1,279,-12.6023
2002,9,3,2,184,-9.9584
2002,9,3,3,185,-6.1657
2002,9,3,4,109,-8.0498
2002,9,3,5,60,-5.1927
2002,10,1,1,1052,5.1961
2002,10,1,2,550,-0.0995
2002,10,1,3,385,0.2456
2002,10,1,4,335,2.7088
2002,10,1,5,145,-2.0178
2002,10,2,1,273,7.6101
2002,10,2,2,209,0.3952
2002,10,2,3,165,0.3754
2002,10,2,4,109,-1.0624
2002,10,2,5,42,2.0625
2002,10,3,1,217,13.5383
2002,10,3,2,269,1.0473
2002,10,3,3,152,6.2534
2002,10,3,4,109,4.9560
2002,10,3,5,58,-3.3306
2002,11,1,1,601,12.2734
2002,11,1,2,320,13.0247
2002,11,1,3,397,7.1458
2002,11,1,4,774,14.3558
2002,11,1,5,301,7.2216
2002,11,2,1,216,7.2497
2002,11,2,2,111,11.2909
2002,11,2,3,166,9.0338
2002,11,2,4,238,11.0914
2002,11,2,5,84,5.6064
2002,11,3,1,218,13.4705
2002,11,3,2,109,5.8475
2002,11,3,3,176,6.4251
2002,11,3,4,215,5.9475
2002,11,3,5,110,-1.7035
2002,12,1,1,355,-2.3980
2002,12,1,2,341,-4.9009
2002,12,1,3,500,-1.5314
2002,12,1,4,389,-4.5819
2002,12,1,5,775,-5.1750
2002,12,2,1,123,-4.7994
2002,12,2,2,135,-3.3260
2002,12,2,3,208,-2.8658
2002,12,2,4,145,-3.9194
2002,12,2,5,213,-6.7053
2002,12,3,1,128,-0.3353
2002,12,3,2,140,-1.2591
2002,12,3,3,200,-4.4369
2002,12,3,4,145,-2.8833
2002,12,3,5,219,-6.1778
2003,1,1,1,219,-3.8286
2003,1,1,2,553,-2.0061
2003,1,1,3,495,-3.3729
2003,1,1,4,235,-1.7607
2003,1,1,5,857,-0.0212
2003,1,2,1,87,-6.8674
2003,1,2,2,204,-3.8790
2003,1,2,3,203,-3.3594
2003,1,2,4,97,-4.3393
2003,1,2,5,225,0.1948
2003,1,3,1,77,-3.9892
2003,1,3,2,247,-5.4752
2003,1,3,3,163,-3.3771
2003,1,3,4,113,-5.3926
2003,1,3,5,212,-1.3939
2003,2,1,1,204,-4.0614
2003,2,1,2,494,-3.5753
2003,2,1,3,498,-4.6632
2003,2,1,4,470,-2.8848
2003,2,1,5,646,-5.9877
2003,2,2,1,75,-5.6669
2003,2,2,2,177,-1.8866
2003,2,2,3,244,-3.8105
2003,2,2,4,151,-3.7200
2003,2,2,5,182,-1.5993
2003,2,3,1,83,-4.4369
2003,2,3,2,184,-0.2044
2003,2,3,3,218,-3.3020
2003,2,3,4,167,-1.3989
2003,2,3,5,165,0.0989
2003,3,1,1,184,-2.6161
2003,3,1,2,376,-1.4246
2003,3,1,3,356,1.7669
2003,3,1,4,604,0.4015
2003,3,1,5,766,0.6905
2003,3,2,1,65,-3.5329
2003,3,2,2,175,0.7934
2003,3,2,3,153,0.3568
2003,3,2,4,213,0.9146
2003,3,2,5,228,1.3684
2003,3,3,1,60,-1.9564
2003,3,3,2,226,0.8148
2003,3,3,3,127,0.5334
2003,3,3,4,197,-0.1245
2003,3,3,5,199,-0.2580
2003,4,1,1,113,9.8280
2003,4,1,2,261,4.8940
2003,4,1,3,387,9.5303
2003,4,1,4,569,7.6642
2003,4,1,5,923,11.9982
2003,4,2,1,37,7.9873
2003,4,2,2,92,9.3991
2003,4,2,3,176,11.2271
2003,4,2,4,222,10.1429
2003,4,2,5,300,11.4961
2003,4,3,1,52,6.0104
2003,4,3,2,81,8.6388
2003,4,3,3,229,5.5610
2003,4,3,4,178,8.5545
2003,4,3,5,262,6.7674
2003,5,1,1,217,25.4904
2003,5,1,2,314,8.9632
2003,5,1,3,672,14.5076
2003,5,1,4,795,12.3704
2003,5,1,5,242,11.9476
2003,5,2,1,66,9.2199
2003,5,2,2,120,10.0937
2003,5,2,3,287,11.0182
2003,5,2,4,262,11.6393
2003,5,2,5,83,13.7896
2003,5,3,1,65,8.0506
2003,5,3,2,153,5.3955
2003,5,3,3,227,5.2213
2003,5,3,4,255,6.8344
2003,5,3,5,96,10.1190
2003,6,1,1,207,2.0402
2003,6,1,2,653,3.8799
2003,6,1,3,739,5.8886
2003,6,1,4,318,5.3217
2003,6,1,5,274,8.6460
2003,6,2,1,100,5.3228
2003,6,2,2,227,-1.0728
2003,6,2,3,263,3.5400
2003,6,2,4,142,3.6132
2003,6,2,5,97,2.5985
2003,6,3,1,90,2.6940
2003,6,3,2,193,-0.2937
2003,6,3,3,228,1.7954
2003,6,3,4,150,-0.2388
2003,6,3,5,147,4.1495
2003,7,1,1,167,9.0161
2003,7,1,2,244,4.5202
2003,7,1,3,537,12.1050
2003,7,1,4,750,3.0166
2003,7,1,5,480,8.3098
2003,7,2,1,59,6.8334
2003,7,2,2,93,5.4790
2003,7,2,3,204,9.7589
2003,7,2,4,289,4.7232
2003,7,2,5,153,3.3953
2003,7,3,1,71,3.1179
2003,7,3,2,119,2.6522
2003,7,3,3,181,3.5190
2003,7,3,4,281,0.4420
2003,7,3,5,168,2.7527
2003,8,1,1,226,4.3762
2003,8,1,2,393,4.1325
2003,8,1,3,669,4.9952
2003,8,1,4,316,5.5289
2003,8,1,5,541,6.0305
2003,8,2,1,82,3.8518
2003,8,2,2,152,0.7299
2003,8,2,3,257,5.3384
2003,8,2,4,126,10.6410
2003,8,2,5,180,10.3748
2003,8,3,1,120,2.5006
2003,8,3,2,198,0.7847
2003,8,3,3,182,3.9174
2003,8,3,4,141,6.1743
2003,8,3,5,190,5.7049
2003,9,1,1,342,-2.7736
2003,9,1,2,253,3.6542
2003,9,1,3,584,1.4230
2003,9,1,4,579,1.4448
2003,9,1,5,352,3.9795
2003,9,2,1,122,0.8845
2003,9,2,2,101,-1.4731
2003,9,2,3,232,-2.4563
2003,9,2,4,216,-4.4211
2003,9,2,5,133,-5.2649
2003,9,3,1,155,-0.2869
2003,9,3,2,105,-2.5966
2003,9,3,3,217,-1.0366
2003,9,3,4,214,-3.2435
2003,9,3,5,140,-2.3618
2003,10,1,1,339,10.6897
2003,10,1,2,213,8.7730
2003,10,1,3,867,8.1321
2003,10,1,4,303,8.2506
2003,10,1,5,366,12.2022
2003,10,2,1,126,5.7564
2003,10,2,2,111,6.1526
2003,10,2,3,346,9.2908
2003,10,2,4,107,9.4509
2003,10,2,5,126,11.3226
2003,10,3,1,141,3.6536
2003,10,3,2,143,9.0206
2003,10,3,3,304,4.5730
2003,10,3,4,93,8.8659
2003,10,3,5,144,11.4068
2003,11,1,1,373,6.7582
2003,11,1,2,507,3.6680
2003,11,1,3,533,3.7482
2003,11,1,4,292,5.8178
2003,11,1,5,363,19.8368
2003,11,2,1,168,2.3202
2003,11,2,2,224,3.9436
2003,11,2,3,197,1.5136
2003,11,2,4,102,5.8193
2003,11,2,5,135,8.2196
2003,11,3,1,182,0.6277
2003,11,3,2,223,1.3530
2003,11,3,3,175,2.1731
2003,11,3,4,105,2.8456
2003,11,3,5,142,5.3840
2003,12,1,1,356,9.0689
2003,12,1,2,423,4.9723
2003,12,1,3,609,4.1907
2003,12,1,4,294,5.3374
2003,12,1,5,390,4.8109
2003,12,2,1,156,10.5515
2003,12,2,2,178,2.9569
2003,12,2,3,235,3.1181
2003,12,2,4,91,4.9500
2003,12,2,5,158,5.9486
2003,12,3,1,214,9.2729
2003,12,3,2,158,4.7904
2003,12,3,3,198,3.3885
2003,12,3,4,100,5.5580
2003,12,3,5,158,1.9982
2004,1,1,1,396,6.7967
2004,1,1,2,742,6.2512
2004,1,1,3,372,7.0048
2004,1,1,4,176,6.0540
2004,1,1,5,395,5.3794
2004,1,2,1,161,2.0445
2004,1,2,2,300,2.3391
2004,1,2,3,144,3.2795
2004,1,2,4,45,0.9706
2004,1,2,5,174,1.1410
2004,1,3,1,219,0.3171
2004,1,3,2,238,1.2536
2004,1,3,3,132,2.3385
2004,1,3,4,57,-0.6460
2004,1,3,5,164,-2.7977
2004,2,1,1,459,2.6632
2004,2,1,2,573,0.7329
2004,2,1,3,447,2.7122
2004,2,1,4,262,4.1665
2004,2,1,5,309,8.3677
2004,2,2,1,189,0.0271
2004,2,2,2,239,2.1709
2004,2,2,3,176,1.2026
2004,2,2,4,103,2.0113
2004,2,2,5,133,1.3563
2004,2,3,1,209,4.3157
2004,2,3,2,176,2.7903
2004,2,3,3,186,1.5334
2004,2,3,4,103,0.0472
2004,2,3,5,137,3.4040
2004,3,1,1,728,-0.8272
2004,3,1,2,389,0.7689
2004,3,1,3,331,-1.4940
2004,3,1,4,493,0.6119
2004,3,1,5,125,2.0782
2004,3,2,1,312,4.9848
2004,3,2,2,160,1.9914
2004,3,2,3,134,-0.8804
2004,3,2,4,174,0.4253
2004,3,2,5,55,-0.8141
2004,3,3,1,249,-1.8219
2004,3,3,2,148,-1.2633
2004,3,3,3,197,0.0334
2004,3,3,4,158,0.9023
2004,3,3,5,53,1.3992
2004,4,1,1,698,-5.0465
2004,4,1,2,378,-1.0052
2004,4,1,3,465,-2.7827
2004,4,1,4,455,-2.2518
2004,4,1,5,103,-10.5094
2004,4,2,1,264,-4.7473
2004,4,2,2,138,-2.2699
2004,4,2,3,163,-3.3172
2004,4,2,4,171,-1.1583
2004,4,2,5,57,-9.4906
2004,4,3,1,265,0.0754
2004,4,3,2,169,-0.7873
2004,4,3,3,164,-0.1302
2004,4,3,4,161,-0.5904
2004,4,3,5,52,-4.5346
2004,5,1,1,718,0.9474
2004,5,1,2,306,-0.0114
2004,5,1,3,389,-2.5977
2004,5,1,4,326,0.2099
2004,5,1,5,377,3.5596
2004,5,2,1,259,4.0105
2004,5,2,2,116,0.4629
2004,5,2,3,124,0.2782
2004,5,2,4,139,0.7193
2004,5,2,5,137,-0.2999
2004,5,3,1,240,3.9203
2004,5,3,2,125,1.6127
2004,5,3,3,181,0.6159
2004,5,3,4,123,0.4486
2004,5,3,5,134,-0.2792
2004,6,1,1,384,7.5278
2004,6,1,2,698,2.9386
2004,6,1,3,508,5.3366
2004,6,1,4,181,6.6959
2004,6,1,5,350,3.4048
2004,6,2,1,138,1.9799
2004,6,2,2,248,4.3414
2004,6,2,3,186,5.7316
2004,6,2,4,65,10.8465
2004,6,2,5,129,5.6294
2004,6,3,1,148,2.5234
2004,6,3,2,238,2.1339
2004,6,3,3,202,2.3465
2004,6,3,4,105,3.4965
2004,6,3,5,120,4.7548
2004,7,1,1,378,-5.9822
2004,7,1,2,755,-8.2036
2004,7,1,3,402,-5.3557
2004,7,1,4,232,-3.8670
2004,7,1,5,379,-3.2566
2004,7,2,1,129,-7.1087
2004,7,2,2,237,-7.5279
2004,7,2,3,192,-5.9547
2004,7,2,4,58,-7.1791
2004,7,2,5,135,-3.8571
2004,7,3,1,171,-2.9135
2004,7,3,2,223,-4.9721
2004,7,3,3,206,-1.5935
2004,7,3,4,68,-4.9599
2004,7,3,5,138,-6.0865
2004,8,1,1,892,2.5548
2004,8,1,2,301,0.3373
2004,8,1,3,535,-3.4091
2004,8,1,4,285,-1.6163
2004,8,1,5,163,-0.9679
2004,8,2,1,233,-0.1694
2004,8,2,2,87,-0.9058
2004,8,2,3,202,-3.3074
2004,8,2,4,134,0.4197
2004,8,2,5,72,-2.8492
2004,8,3,1,214,-1.0204
2004,8,3,2,99,0.7848
2004,8,3,3,210,-0.3826
2004,8,3,4,189,1.4060
2004,8,3,5,90,0.1925
2004,9,1,1,509,5.1217
2004,9,1,2,725,3.8023
2004,9,1,3,518,2.1857
2004,9,1,4,290,4.0457
2004,9,1,5,151,2.2373
2004,9,2,1,124,3.1273
2004,9,2,2,214,4.5042
2004,9,2,3,178,7.4255
2004,9,2,4,109,6.4239
2004,9,2,5,91,9.6298
2004,9,3,1,133,1.1972
2004,9,3,2,214,-0.3935
2004,9,3,3,174,4.7548
2004,9,3,4,141,1.6186
2004,9,3,5,131,4.0618
2004,10,1,1,503,2.0701
2004,10,1,2,587,0.1219
2004,10,1,3,350,0.4408
2004,10,1,4,595,0.7893
2004,10,1,5,146,-0.4593
2004,10,2,1,131,2.7996
2004,10,2,2,191,1.3108
2004,10,2,3,118,1.2490
2004,10,2,4,205,-0.9577
2004,10,2,5,92,-0.9607
2004,10,3,1,147,3.5245
2004,10,3,2,189,3.3047
2004,10,3,3,143,0.4305
2004,10,3,4,209,1.3656
2004,10,3,5,103,-0.1019
2004,11,1,1,441,10.2338
2004,11,1,2,666,10.3054
2004,11,1,3,499,8.7974
2004,11,1,4,419,12.2640
2004,11,1,5,158,10.3072
2004,11,2,1,123,8.0909
2004,11,2,2,184,8.5562
2004,11,2,3,171,9.2033
2004,11,2,4,140,11.4157
2004,11,2,5,111,11.7891
2004,11,3,1,135,5.9272
2004,11,3,2,175,3.5731
2004,11,3,3,205,4.5189
2004,11,3,4,130,5.7404
2004,11,3,5,152,9.0982
2004,12,1,1,704,5.3138
2004,12,1,2,562,4.8861
2004,12,1,3,597,6.9501
2004,12,1,4,161,4.3542
2004,12,1,5,158,2.0866
2004,12,2,1,189,3.4104
2004,12,2,2,181,4.5475
2004,12,2,3,195,4.4737
2004,12,2,4,54,0.4752
2004,12,2,5,114,3.6729
2004,12,3,1,186,3.5016
2004,12,3,2,207,3.6913
2004,12,3,3,177,4.2229
2004,12,3,4,52,1.3875
2004,12,3,5,171,1.1237
2005,1,1,1,689,-2.9396
2005,1,1,2,526,-4.7814
2005,1,1,3,508,-4.3829
2005,1,1,4,311,-2.6706
2005,1,1,5,136,-1.8754
2005,1,2,1,168,-3.5618
2005,1,2,2,167,-4.3214
2005,1,2,3,169,-5.7237
2005,1,2,4,148,-3.0262
2005,1,2,5,85,-1.6953
2005,1,3,1,183,-2.1240
2005,1,3,2,162,-3.7686
2005,1,3,3,168,-2.2188
2005,1,3,4,151,-2.4439
2005,1,3,5,135,0.7585
2005,2,1,1,530,-0.3007
2005,2,1,2,467,0.2166
2005,2,1,3,708,0.7282
2005,2,1,4,236,8.3159
2005,2,1,5,228,3.2725
2005,2,2,1,130,2.2264
2005,2,2,2,144,2.2967
2005,2,2,3,237,-1.6279
2005,2,2,4,109,6.5455
2005,2,2,5,105,3.3708
2005,2,3,1,170,2.4820
2005,2,3,2,136,1.1280
2005,2,3,3,220,1.3788
2005,2,3,4,125,6.0848
2005,2,3,5,151,4.7835
2005,3,1,1,399,-2.4207
2005,3,1,2,463,-0.0929
2005,3,1,3,757,-2.7826
2005,3,1,4,392,-3.9735
2005,3,1,5,175,-7.8259
2005,3,2,1,108,-4.4674
2005,3,2,2,134,-0.9380
2005,3,2,3,226,-1.6250
2005,3,2,4,143,-0.8794
2005,3,2,5,107,-2.7471
2005,3,3,1,149,-1.8116
2005,3,3,2,123,0.5951
2005,3,3,3,229,-2.2022
2005,3,3,4,167,-1.3839
2005,3,3,5,132,-3.2027
2005,4,1,1,725,-7.1168
2005,4,1,2,615,-6.2202
2005,4,1,3,278,-7.6328
2005,4,1,4,310,-8.4869
2005,4,1,5,243,-10.0337
2005,4,2,1,172,-6.8973
2005,4,2,2,185,-7.5714
2005,4,2,3,118,-9.4992
2005,4,2,4,125,-7.1741
2005,4,2,5,124,-4.0716
2005,4,3,1,181,-4.9881
2005,4,3,2,187,-2.6395
2005,4,3,3,139,-3.2948
2005,4,3,4,119,-3.9669
2005,4,3,5,173,-3.4585
2005,5,1,1,652,5.6483
2005,5,1,2,509,5.1113
2005,5,1,3,332,3.6225
2005,5,1,4,473,6.1707
2005,5,1,5,202,6.8619
2005,5,2,1,178,8.0516
2005,5,2,2,195,8.2049
2005,5,2,3,95,11.5418
2005,5,2,4,140,6.8419
2005,5,2,5,109,5.3103
2005,5,3,1,174,5.5936
2005,5,3,2,198,3.6621
2005,5,3,3,114,2.9990
2005,5,3,4,145,4.3108
2005,5,3,5,166,3.9673
2005,6,1,1,386,3.0790
2005,6,1,2,505,3.8085
2005,6,1,3,527,4.0546
2005,6,1,4,322,3.8692
2005,6,1,5,432,3.0342
2005,6,2,1,124,2.8358
2005,6,2,2,171,2.4062
2005,6,2,3,171,1.3196
2005,6,2,4,93,3.8623
2005,6,2,5,149,4.4975
2005,6,3,1,110,-0.4684
2005,6,3,2,174,-0.5708
2005,6,3,3,201,0.2696
2005,6,3,4,106,-0.3963
2005,6,3,5,206,2.6719
2005,7,1,1,417,6.0934
2005,7,1,2,352,5.8540
2005,7,1,3,683,7.1753
2005,7,1,4,541,9.0799
2005,7,1,5,178,12.3898
2005,7,2,1,140,5.8020
2005,7,2,2,114,4.5607
2005,7,2,3,185,3.3145
2005,7,2,4,180,9.3710
2005,7,2,5,91,8.1860
2005,7,3,1,129,5.1265
2005,7,3,2,137,4.6509
2005,7,3,3,202,4.6342
2005,7,3,4,173,4.4312
2005,7,3,5,157,4.3802
2005,8,1,1,186,-3.7757
2005,8,1,2,518,-0.5243
2005,8,1,3,488,-4.9830
2005,8,1,4,550,-3.3742
2005,8,1,5,398,3.1607
2005,8,2,1,62,-2.6544
2005,8,2,2,180,-2.6442
2005,8,2,3,151,-1.9607
2005,8,2,4,192,-2.3448
2005,8,2,5,154,2.2799
2005,8,3,1,94,-0.5494
2005,8,3,2,170,-0.8437
2005,8,3,3,129,-0.0922
2005,8,3,4,177,-2.5458
2005,8,3,5,221,1.5687
2005,9,1,1,153,0.6817
2005,9,1,2,269,-1.8966
2005,9,1,3,742,0.2449
2005,9,1,4,577,-1.9653
2005,9,1,5,398,2.4384
2005,9,2,1,78,0.1335
2005,9,2,2,100,-1.1683
2005,9,2,3,217,-0.9572
2005,9,2,4,193,3.7481
2005,9,2,5,151,1.9931
2005,9,3,1,90,0.2655
2005,9,3,2,102,0.4351
2005,9,3,3,225,-0.7335
2005,9,3,4,150,0.8522
2005,9,3,5,224,2.2536
2005,10,1,1,171,-4.8418
2005,10,1,2,373,-3.6503
2005,10,1,3,333,-1.8174
2005,10,1,4,906,-5.5201
2005,10,1,5,346,-6.2720
2005,10,2,1,70,-3.8319
2005,10,2,2,154,0.4348
2005,10,2,3,115,-3.8008
2005,10,2,4,273,-3.9130
2005,10,2,5,140,-4.1272
2005,10,3,1,93,-1.1063
2005,10,3,2,159,-1.8504
2005,10,3,3,112,-1.6161
2005,10,3,4,215,-3.3240
2005,10,3,5,207,-5.8774
2005,11,1,1,430,0.9198
2005,11,1,2,248,1.7798
2005,11,1,3,306,3.6600
2005,11,1,4,854,4.5402
2005,11,1,5,278,3.2242
2005,11,2,1,138,7.7734
2005,11,2,2,62,1.9051
2005,11,2,3,112,4.9626
2005,11,2,4,317,7.2050
2005,11,2,5,116,2.2157
2005,11,3,1,177,3.4754
2005,11,3,2,75,3.7519
2005,11,3,3,90,3.8480
2005,11,3,4,294,6.1933
2005,11,3,5,153,4.2067
2005,12,1,1,354,0.3000
2005,12,1,2,345,0.4525
2005,12,1,3,340,2.3243
2005,12,1,4,689,-0.3570
2005,12,1,5,371,3.1919
2005,12,2,1,102,-1.2591
2005,12,2,2,105,-0.4504
2005,12,2,3,158,0.4613
2005,12,2,4,204,-1.3103
2005,12,2,5,182,-0.5929
2005,12,3,1,110,0.8142
2005,12,3,2,135,-0.6103
2005,12,3,3,202,0.2691
2005,12,3,4,165,-0.2205
2005,12,3,5,183,3.0627
2006,1,1,1,231,5.3604
2006,1,1,2,488,9.9296
2006,1,1,3,285,7.7891
2006,1,1,4,867,11.5527
2006,1,1,5,241,15.7764
2006,1,2,1,80,3.3676
2006,1,2,2,188,7.0996
2006,1,2,3,80,6.2976
2006,1,2,4,300,12.0274
2006,1,2,5,95,13.5808
2006,1,3,1,96,1.9489
2006,1,3,2,238,2.2971
2006,1,3,3,103,2.1174
2006,1,3,4,242,4.9285
2006,1,3,5,109,8.5764
2006,2,1,1,298,1.0360
2006,2,1,2,496,1.0271
2006,2,1,3,401,1.0503
2006,2,1,4,658,1.7457
2006,2,1,5,243,-4.5969
2006,2,2,1,129,-1.1996
2006,2,2,2,129,0.2504
2006,2,2,3,142,0.7748
2006,2,2,4,219,2.2053
2006,2,2,5,124,-1.9371
2006,2,3,1,154,0.9848
2006,2,3,2,146,0.4144
2006,2,3,3,187,-0.1202
2006,2,3,4,162,2.9099
2006,2,3,5,142,-4.0931
2006,3,1,1,253,3.9419
2006,3,1,2,482,3.4243
2006,3,1,3,652,7.2406
2006,3,1,4,460,5.2217
2006,3,1,5,243,8.0313
2006,3,2,1,79,3.4791
2006,3,2,2,168,3.2247
2006,3,2,3,231,5.8158
2006,3,2,4,168,6.2374
2006,3,2,5,99,8.2839
2006,3,3,1,83,2.1800
2006,3,3,2,249,0.8736
2006,3,3,3,225,2.0411
2006,3,3,4,133,2.8778
2006,3,3,5,102,4.6617
2006,4,1,1,212,0.4507
2006,4,1,2,754,0.9496
2006,4,1,3,496,3.8116
2006,4,1,4,320,3.6001
2006,4,1,5,332,2.4377
2006,4,2,1,122,-1.2502
2006,4,2,2,184,1.8194
2006,4,2,3,175,-1.2722
2006,4,2,4,114,4.1857
2006,4,2,5,131,0.3146
2006,4,3,1,169,0.5040
2006,4,3,2,193,2.6390
2006,4,3,3,208,-1.6612
2006,4,3,4,93,4.0645
2006,4,3,5,128,2.8886
2006,5,1,1,500,-3.3611
2006,5,1,2,461,-4.7627
2006,5,1,3,515,-6.6623
2006,5,1,4,434,-4.8373
2006,5,1,5,195,-1.9394
2006,5,2,1,147,-6.5337
2006,5,2,2,152,-2.6846
2006,5,2,3,226,-5.4881
2006,5,2,4,121,-6.1617
2006,5,2,5,87,-9.6666
2006,5,3,1,164,-0.9381
2006,5,3,2,175,-0.6639
2006,5,3,3,222,-3.0002
2006,5,3,4,124,-3.8797
2006,5,3,5,102,-4.4101
2006,6,1,1,705,-1.2786
2006,6,1,2,478,-2.9623
2006,6,1,3,451,-1.7721
2006,6,1,4,357,-0.0377
2006,6,1,5,124,-3.6990
2006,6,2,1,199,-1.0688
2006,6,2,2,167,0.0570
2006,6,2,3,164,-2.5789
2006,6,2,4,146,-0.2672
2006,6,2,5,59,-2.6279
2006,6,3,1,166,-1.3829
2006,6,3,2,216,0.1424
2006,6,3,3,173,0.4321
2006,6,3,4,154,0.5070
2006,6,3,5,68,0.0502
2006,7,1,1,893,-3.8715
2006,7,1,2,276,-4.2918
2006,7,1,3,449,-6.3613
2006,7,1,4,311,-4.1016
2006,7,1,5,165,-1.7189
2006,7,2,1,233,-4.6964
2006,7,2,2,107,-1.9256
2006,7,2,3,189,-3.3622
2006,7,2,4,128,-3.4879
2006,7,2,5,74,-7.8353
2006,7,3,1,198,-1.0989
2006,7,3,2,123,-1.8626
2006,7,3,3,205,-0.9068
2006,7,3,4,146,0.6038
2006,7,3,5,100,-4.4293
2006,8,1,1,672,-0.2604
2006,8,1,2,549,3.0070
2006,8,1,3,327,1.3350
2006,8,1,4,395,1.2811
2006,8,1,5,152,3.5805
2006,8,2,1,191,5.1316
2006,8,2,2,228,3.0865
2006,8,2,3,112,0.8852
2006,8,2,4,133,1.8043
2006,8,2,5,64,3.6331
2006,8,3,1,153,2.6993
2006,8,3,2,201,2.4276
2006,8,3,3,137,2.7218
2006,8,3,4,184,3.1876
2006,8,3,5,88,0.6943
2006,9,1,1,543,-1.6025
2006,9,1,2,689,2.5874
2006,9,1,3,451,2.6512
2006,9,1,4,240,-0.4653
2006,9,1,5,164,2.3711
2006,9,2,1,172,-0.9517
2006,9,2,2,247,2.3634
2006,9,2,3,132,1.2867
2006,9,2,4,81,0.4215
2006,9,2,5,105,-1.7340
2006,9,3,1,152,-0.2937
2006,9,3,2,206,2.3811
2006,9,3,3,135,3.1563
2006,9,3,4,102,2.3165
2006,9,3,5,163,-1.0151
2006,10,1,1,429,6.4879
2006,10,1,2,707,6.7599
2006,10,1,3,357,6.9319
2006,10,1,4,395,6.6231
2006,10,1,5,192,7.2481
2006,10,2,1,146,6.5767
2006,10,2,2,225,7.0945
2006,10,2,3,178,8.2484
2006,10,2,4,93,6.7033
2006,10,2,5,93,4.0457
2006,10,3,1,135,5.1208
2006,10,3,2,180,6.4718
2006,10,3,3,202,4.9899
2006,10,3,4,99,-0.5237
2006,10,3,5,149,3.5944
2006,11,1,1,375,6.3472
2006,11,1,2,443,3.1651
2006,11,1,3,405,1.7654
2006,11,1,4,661,2.2238
2006,11,1,5,205,0.5098
2006,11,2,1,127,6.7286
2006,11,2,2,137,-0.3455
2006,11,2,3,188,3.3910
2006,11,2,4,171,2.8432
2006,11,2,5,98,5.0072
2006,11,3,1,130,4.7442
2006,11,3,2,125,3.0963
2006,11,3,3,205,3.8748
2006,11,3,4,169,2.4603
2006,11,3,5,142,2.5457
2006,12,1,1,367,1.5661
2006,12,1,2,385,5.5379
2006,12,1,3,686,2.5080
2006,12,1,4,296,1.3632
2006,12,1,5,353,-2.5520
2006,12,2,1,117,-1.0191
2006,12,2,2,137,1.7523
2006,12,2,3,211,0.4849
2006,12,2,4,148,-0.4552
2006,12,2,5,111,1.1927
2006,12,3,1,121,-2.2534
2006,12,3,2,164,0.5372
2006,12,3,3,185,0.9634
2006,12,3,4,208,1.7589
2006,12,3,5,94,0.2544
2007,1,1,1,371,-1.4001
2007,1,1,2,392,1.0791
2007,1,1,3,625,2.1496
2007,1,1,4,506,1.2941
2007,1,1,5,210,-5.1719
2007,1,2,1,122,0.7456
2007,1,2,2,139,2.7768
2007,1,2,3,208,0.3784
2007,1,2,4,165,4.2752
2007,1,2,5,80,0.9081
2007,1,3,1,138,3.7293
2007,1,3,2,157,3.1895
2007,1,3,3,194,3.6276
2007,1,3,4,179,2.4936
2007,1,3,5,94,3.3860
2007,2,1,1,414,-0.1278
2007,2,1,2,408,0.9367
2007,2,1,3,431,0.4976
2007,2,1,4,616,0.5653
2007,2,1,5,218,1.8286
2007,2,2,1,114,0.2374
2007,2,2,2,162,0.0962
2007,2,2,3,146,-1.3126
2007,2,2,4,205,-0.4474
2007,2,2,5,81,-1.5926
2007,2,3,1,129,-0.8369
2007,2,3,2,217,0.4777
2007,2,3,3,140,-0.6989
2007,2,3,4,188,0.1314
2007,2,3,5,85,0.8162
2007,3,1,1,518,5.8803
2007,3,1,2,323,-0.9312
2007,3,1,3,652,0.1502
2007,3,1,4,367,0.9092
2007,3,1,5,207,3.8283
2007,3,2,1,125,4.6346
2007,3,2,2,146,-0.2551
2007,3,2,3,223,2.6345
2007,3,2,4,152,3.5616
2007,3,2,5,83,0.8308
2007,3,3,1,132,0.6989
2007,3,3,2,171,1.3212
2007,3,3,3,213,1.2744
2007,3,3,4,158,0.1149
2007,3,3,5,80,1.7212
2007,4,1,1,571,3.4012
2007,4,1,2,514,1.6310
2007,4,1,3,390,2.8116
2007,4,1,4,423,2.5297
2007,4,1,5,183,7.7317
2007,4,2,1,137,6.1863
2007,4,2,2,187,3.2681
2007,4,2,3,127,4.2710
2007,4,2,4,162,2.9977
2007,4,2,5,104,4.8800
2007,4,3,1,144,4.3488
2007,4,3,2,180,3.9909
2007,4,3,3,106,5.5503
2007,4,3,4,181,4.0998
2007,4,3,5,140,4.2312
2007,5,1,1,608,4.2461
2007,5,1,2,673,4.5510
2007,5,1,3,391,4.8670
2007,5,1,4,227,3.4662
2007,5,1,5,179,4.8244
2007,5,2,1,208,2.5829
2007,5,2,2,192,4.7822
2007,5,2,3,112,5.4548
2007,5,2,4,103,6.4804
2007,5,2,5,99,1.5713
2007,5,3,1,183,2.7512
2007,5,3,2,211,4.5718
2007,5,3,3,98,4.2523
2007,5,3,4,112,3.8917
2007,5,3,5,143,7.1208
2007,6,1,1,759,0.6086
2007,6,1,2,486,0.6962
2007,6,1,3,271,1.5410
2007,6,1,4,400,-1.4071
2007,6,1,5,157,-0.9631
2007,6,2,1,211,-1.8770
2007,6,2,2,178,-1.5908
2007,6,2,3,100,-1.6117
2007,6,2,4,160,-2.3751
2007,6,2,5,73,-0.2602
2007,6,3,1,185,-2.0762
2007,6,3,2,167,-1.7570
2007,6,3,3,108,-2.0953
2007,6,3,4,206,-1.2123
2007,6,3,5,86,1.2559
2007,7,1,1,430,-6.2643
2007,7,1,2,521,-0.4543
2007,7,1,3,413,-5.2823
2007,7,1,4,530,-3.5556
2007,7,1,5,156,-8.4064
2007,7,2,1,116,-5.6784
2007,7,2,2,162,-4.6055
2007,7,2,3,189,-5.1861
2007,7,2,4,193,-2.9165
2007,7,2,5,71,-7.1249
2007,7,3,1,109,-1.9036
2007,7,3,2,166,-2.4954
2007,7,3,3,199,-2.5890
2007,7,3,4,191,-0.7014
2007,7,3,5,81,-3.1826
2007,8,1,1,567,-3.1173
2007,8,1,2,460,-1.5876
2007,8,1,3,357,-1.4773
2007,8,1,4,432,-1.0435
2007,8,1,5,209,-3.7933
2007,8,2,1,159,0.0888
2007,8,2,2,178,0.6907
2007,8,2,3,163,2.1028
2007,8,2,4,148,1.3014
2007,8,2,5,98,-1.1297
2007,8,3,1,162,0.0941
2007,8,3,2,120,0.8054
2007,8,3,3,199,0.1026
2007,8,3,4,146,1.8159
2007,8,3,5,124,0.3127
2007,9,1,1,299,1.7354
2007,9,1,2,593,0.3061
2007,9,1,3,498,1.5642
2007,9,1,4,414,2.8812
2007,9,1,5,220,1.8875
2007,9,2,1,127,0.0426
2007,9,2,2,217,-1.1768
2007,9,2,3,165,3.7513
2007,9,2,4,142,1.4919
2007,9,2,5,93,4.4729
2007,9,3,1,114,1.1070
2007,9,3,2,222,2.0957
2007,9,3,3,149,6.5143
2007,9,3,4,142,5.0425
2007,9,3,5,127,8.7567
2007,10,1,1,326,-0.3336
2007,10,1,2,403,3.2538
2007,10,1,3,658,4.0911
2007,10,1,4,355,-0.9991
2007,10,1,5,266,4.1812
2007,10,2,1,148,2.2028
2007,10,2,2,184,1.2080
2007,10,2,3,183,3.0837
2007,10,2,4,128,3.9109
2007,10,2,5,99,6.6248
2007,10,3,1,120,2.0308
2007,10,3,2,209,2.5416
2007,10,3,3,165,4.5128
2007,10,3,4,130,4.1201
2007,10,3,5,133,5.0154
2007,11,1,1,299,-9.4965
2007,11,1,2,727,-9.5408
2007,11,1,3,342,-13.9325
2007,11,1,4,284,-9.1073
2007,11,1,5,339,-6.8418
2007,11,2,1,120,-7.7081
2007,11,2,2,264,-7.9317
2007,11,2,3,134,-5.8080
2007,11,2,4,97,-8.4001
2007,11,2,5,138,-3.5322
2007,11,3,1,119,-4.7142
2007,11,3,2,267,-3.6480
2007,11,3,3,105,-1.7118
2007,11,3,4,127,-3.0191
2007,11,3,5,135,-5.1786
2007,12,1,1,309,-1.8221
2007,12,1,2,396,1.2908
2007,12,1,3,620,-0.0287
2007,12,1,4,587,2.2585
2007,12,1,5,64,1.5867
2007,12,2,1,131,-3.7099
2007,12,2,2,186,-0.4186
2007,12,2,3,199,-1.2537
2007,12,2,4,215,1.8407
2007,12,2,5,19,-3.8636
2007,12,3,1,133,-2.8330
2007,12,3,2,154,0.3000
2007,12,3,3,195,-1.6711
2007,12,3,4,234,1.2737
2007,12,3,5,44,1.4635
2008,1,1,1,278,-5.8632
2008,1,1,2,442,-7.3700
2008,1,1,3,611,-7.2155
2008,1,1,4,274,3.8098
2008,1,1,5,358,-5.5877
2008,1,2,1,115,-1.4070
2008,1,2,2,197,-7.2296
2008,1,2,3,185,-7.8250
2008,1,2,4,127,-11.2995
2008,1,2,5,137,-4.8969
2008,1,3,1,106,-2.1955
2008,1,3,2,172,-4.0813
2008,1,3,3,155,-6.5809
2008,1,3,4,181,-7.0950
2008,1,3,5,144,-6.0131
2008,2,1,1,369,-3.2135
2008,2,1,2,411,-2.2735
2008,2,1,3,403,-4.0152
2008,2,1,4,659,-1.5076
2008,2,1,5,145,8.3575
2008,2,2,1,134,-2.9164
2008,2,2,2,165,0.2571
2008,2,2,3,177,-3.0438
2008,2,2,4,167,-4.1817
2008,2,2,5,101,7.2307
2008,2,3,1,120,-4.9586
2008,2,3,2,128,-0.5379
2008,2,3,3,181,-2.9763
2008,2,3,4,151,-0.7496
2008,2,3,5,164,1.1256
2008,3,1,1,278,0.6624
2008,3,1,2,641,-2.5883
2008,3,1,3,709,-0.8957
2008,3,1,4,230,-3.1305
2008,3,1,5,126,-2.5334
2008,3,2,1,102,-3.1588
2008,3,2,2,250,-1.0344
2008,3,2,3,229,1.4518
2008,3,2,4,95,-3.9114
2008,3,2,5,75,-0.7760
2008,3,3,1,95,-0.6454
2008,3,3,2,199,0.1787
2008,3,3,3,208,0.2832
2008,3,3,4,124,0.4667
2008,3,3,5,117,-3.3153
2008,4,1,1,430,1.2050
2008,4,1,2,369,3.1661
2008,4,1,3,674,4.0506
2008,4,1,4,398,2.9720
2008,4,1,5,124,4.1842
2008,4,2,1,141,5.4293
2008,4,2,2,151,-1.3841
2008,4,2,3,198,4.5710
2008,4,2,4,170,2.4993
2008,4,2,5,74,6.3447
2008,4,3,1,134,6.6796
2008,4,3,2,105,3.5589
2008,4,3,3,177,4.9566
2008,4,3,4,209,3.1178
2008,4,3,5,113,4.8660
2008,5,1,1,256,2.4881
2008,5,1,2,870,6.8305
2008,5,1,3,276,2.5891
2008,5,1,4,327,7.7722
2008,5,1,5,234,3.7869
2008,5,2,1,100,6.0567
2008,5,2,2,278,3.2233
2008,5,2,3,94,4.3105
2008,5,2,4,143,2.0303
2008,5,2,5,137,11.0231
2008,5,3,1,83,1.0693
2008,5,3,2,213,4.0229
2008,5,3,3,85,1.8947
2008,5,3,4,175,3.6257
2008,5,3,5,177,7.1299
2008,6,1,1,447,-10.4733
2008,6,1,2,145,-16.1799
2008,6,1,3,805,-9.9792
2008,6,1,4,364,-11.3615
2008,6,1,5,186,-5.3495
2008,6,2,1,108,-12.8122
2008,6,2,2,55,-11.8124
2008,6,2,3,273,-9.2906
2008,6,2,4,192,-13.3698
2008,6,2,5,115,-1.2083
2008,6,3,1,110,-10.6703
2008,6,3,2,58,-8.2998
2008,6,3,3,209,-8.5050
2008,6,3,4,204,-9.1781
2008,6,3,5,161,-1.6185
2008,7,1,1,224,2.2490
2008,7,1,2,626,2.4995
2008,7,1,3,562,5.4307
2008,7,1,4,354,8.4184
2008,7,1,5,179,-2.5315
2008,7,2,1,79,5.2645
2008,7,2,2,219,2.7843
2008,7,2,3,177,5.7632
2008,7,2,4,162,6.0750
2008,7,2,5,121,-3.6109
2008,7,3,1,69,0.5660
2008,7,3,2,187,-1.0422
2008,7,3,3,150,3.1401
2008,7,3,4,185,1.6439
2008,7,3,5,159,-10.8658
2008,8,1,1,189,4.7921
2008,8,1,2,500,7.0918
2008,8,1,3,347,8.5415
2008,8,1,4,680,-0.5857
2008,8,1,5,207,-0.0917
2008,8,2,1,66,1.4156
2008,8,2,2,219,6.0513
2008,8,2,3,161,4.6737
2008,8,2,4,234,4.4586
2008,8,2,5,90,0.9695
2008,8,3,1,61,3.5313
2008,8,3,2,182,4.3581
2008,8,3,3,164,3.5116
2008,8,3,4,225,-0.1521
2008,8,3,5,119,-1.9018
2008,9,1,1,197,-12.5688
2008,9,1,2,241,-7.8746
2008,9,1,3,252,-7.9877
2008,9,1,4,970,-10.7972
2008,9,1,5,255,-12.5105
2008,9,2,1,70,-14.6662
2008,9,2,2,111,-10.4051
2008,9,2,3,152,-5.8399
2008,9,2,4,313,-9.4234
2008,9,2,5,122,-13.5790
2008,9,3,1,65,-15.3217
2008,9,3,2,139,-9.3915
2008,9,3,3,166,-9.2998
2008,9,3,4,263,-10.1959
2008,9,3,5,110,-13.2376
2008,10,1,1,200,-29.6651
2008,10,1,2,412,-22.8172
2008,10,1,3,212,-23.5735
2008,10,1,4,580,-23.7492
2008,10,1,5,528,-21.6542
2008,10,2,1,68,-26.8785
2008,10,2,2,150,-26.4577
2008,10,2,3,121,-28.8813
2008,10,2,4,238,-18.0903
2008,10,2,5,160,-24.1385
2008,10,3,1,66,-27.2224
2008,10,3,2,166,-23.6390
2008,10,3,3,164,-17.5833
2008,10,3,4,186,-15.7625
2008,10,3,5,156,-14.7535
2008,11,1,1,208,-18.0719
2008,11,1,2,149,-18.7065
2008,11,1,3,763,-15.6020
2008,11,1,4,313,-18.0059
2008,11,1,5,418,-14.7555
2008,11,2,1,91,-16.1596
2008,11,2,2,66,-11.4435
2008,11,2,3,307,-12.8606
2008,11,2,4,163,-15.8232
2008,11,2,5,158,-12.4736
2008,11,3,1,80,-6.8668
2008,11,3,2,77,-11.2652
2008,11,3,3,264,-7.0988
2008,11,3,4,148,-7.6783
2008,11,3,5,181,-4.5480
2008,12,1,1,207,1.5634
2008,12,1,2,342,8.8138
2008,12,1,3,555,6.4811
2008,12,1,4,285,3.2424
2008,12,1,5,436,4.0942
2008,12,2,1,99,1.4276
2008,12,2,2,135,8.5258
2008,12,2,3,234,7.1035
2008,12,2,4,148,10.5236
2008,12,2,5,167,8.0429
2008,12,3,1,97,7.3207
2008,12,3,2,110,4.5994
2008,12,3,3,163,4.6851
2008,12,3,4,156,1.9117
2008,12,3,5,230,2.2776
2009,1,1,1,219,-10.9797
2009,1,1,2,440,-7.8965
2009,1,1,3,552,-7.8323
2009,1,1,4,275,-12.6004
2009,1,1,5,322,-2.7686
2009,1,2,1,106,-11.6445
2009,1,2,2,182,-10.0334
2009,1,2,3,241,-7.6783
2009,1,2,4,139,-9.1087
2009,1,2,5,112,-6.6379
2009,1,3,1,97,-9.2965
2009,1,3,2,155,-7.5340
2009,1,3,3,239,-4.6222
2009,1,3,4,147,-9.9266
2009,1,3,5,117,-4.7713
2009,2,1,1,207,-22.6466
2009,2,1,2,383,-12.7679
2009,2,1,3,444,-13.8368
2009,2,1,4,426,-15.0068
2009,2,1,5,316,-5.1794
2009,2,2,1,104,-15.7569
2009,2,2,2,159,-16.4473
2009,2,2,3,204,-13.5001
2009,2,2,4,219,-12.7117
2009,2,2,5,113,-7.7214
2009,2,3,1,91,-13.0358
2009,2,3,2,115,-14.3041
2009,2,3,3,153,-7.9474
2009,2,3,4,273,-8.4236
2009,2,3,5,120,-9.9677
2009,3,1,1,206,14.2201
2009,3,1,2,224,13.4136
2009,3,1,3,499,11.8272
2009,3,1,4,432,6.5258
2009,3,1,5,358,10.2610
2009,3,2,1,95,13.4541
2009,3,2,2,127,9.4744
2009,3,2,3,223,9.2026
2009,3,2,4,219,8.9696
2009,3,2,5,161,10.8883
2009,3,3,1,77,13.4059
2009,3,3,2,97,7.9735
2009,3,3,3,157,9.0455
2009,3,3,4,266,4.8372
2009,3,3,5,163,7.6284
2009,4,1,1,159,33.1710
2009,4,1,2,278,31.4324
2009,4,1,3,410,21.9612
2009,4,1,4,534,22.1969
2009,4,1,5,335,28.0056
2009,4,2,1,82,42.2675
2009,4,2,2,137,35.5174
2009,4,2,3,194,20.0351
2009,4,2,4,250,18.9962
2009,4,2,5,148,13.0599
2009,4,3,1,49,30.6308
2009,4,3,2,116,23.4957
2009,4,3,3,143,10.9368
2009,4,3,4,306,8.5305
2009,4,3,5,139,2.5355
2009,5,1,1,231,11.2563
2009,5,1,2,389,21.5697
2009,5,1,3,193,7.6943
2009,5,1,4,710,10.0233
2009,5,1,5,228,16.6155
2009,5,2,1,96,9.9579
2009,5,2,2,150,5.5174
2009,5,2,3,93,5.1731
2009,5,2,4,297,1.7151
2009,5,2,5,125,8.1711
2009,5,3,1,100,9.3246
2009,5,3,2,201,3.5491
2009,5,3,3,68,3.7620
2009,5,3,4,250,1.3905
2009,5,3,5,124,4.7734
2009,6,1,1,251,7.9238
2009,6,1,2,415,7.1613
2009,6,1,3,409,4.1778
2009,6,1,4,272,4.1458
2009,6,1,5,386,-7.8639
2009,6,2,1,136,1.3566
2009,6,2,2,143,1.6051
2009,6,2,3,169,-1.9739
2009,6,2,4,143,-0.0301
2009,6,2,5,174,-3.8919
2009,6,3,1,194,1.9053
2009,6,3,2,143,0.3275
2009,6,3,3,156,-0.4873
2009,6,3,4,115,-1.6068
2009,6,3,5,133,-3.0871
2009,7,1,1,249,16.6262
2009,7,1,2,336,2.9645
2009,7,1,3,339,13.3410
2009,7,1,4,329,11.7191
2009,7,1,5,416,7.3639
2009,7,2,1,110,12.3711
2009,7,2,2,145,4.7815
2009,7,2,3,163,13.3793
2009,7,2,4,140,10.9689
2009,7,2,5,190,12.0792
2009,7,3,1,114,14.0596
2009,7,3,2,203,4.3037
2009,7,3,3,150,7.9261
2009,7,3,4,109,9.5577
2009,7,3,5,162,11.4936
2009,8,1,1,437,0.7663
2009,8,1,2,181,5.8333
2009,8,1,3,458,5.8313
2009,8,1,4,429,8.7160
2009,8,1,5,177,3.6433
2009,8,2,1,179,3.8099
2009,8,2,2,73,8.1197
2009,8,2,3,208,0.7839
2009,8,2,4,180,5.0126
2009,8,2,5,86,2.9860
2009,8,3,1,222,1.2251
2009,8,3,2,90,3.0392
2009,8,3,3,172,3.9898
2009,8,3,4,166,3.5787
2009,8,3,5,85,4.0540
2009,9,1,1,329,7.2353
2009,9,1,2,497,9.1896
2009,9,1,3,514,9.1766
2009,9,1,4,199,11.2137
2009,9,1,5,156,8.6593
2009,9,2,1,136,7.7867
2009,9,2,2,197,7.0596
2009,9,2,3,206,7.6734
2009,9,2,4,101,12.4366
2009,9,2,5,73,6.7735
2009,9,3,1,200,3.5780
2009,9,3,2,186,4.2684
2009,9,3,3,176,4.3797
2009,9,3,4,107,5.0883
2009,9,3,5,58,5.7465
2009,10,1,1,386,-8.0100
2009,10,1,2,517,-8.5131
2009,10,1,3,428,-5.9924
2009,10,1,4,248,-8.4796
2009,10,1,5,118,-11.4159
2009,10,2,1,172,-6.5474
2009,10,2,2,194,-7.9256
2009,10,2,3,186,-5.9288
2009,10,2,4,99,-4.2807
2009,10,2,5,59,-6.4204
2009,10,3,1,230,-4.0072
2009,10,3,2,178,-3.0765
2009,10,3,3,172,-3.0827
2009,10,3,4,96,-1.0793
2009,10,3,5,52,-4.9923
2009,11,1,1,247,3.3257
2009,11,1,2,482,1.3914
2009,11,1,3,520,2.5937
2009,11,1,4,259,2.1498
2009,11,1,5,175,3.7933
2009,11,2,1,112,5.3929
2009,11,2,2,223,3.4391
2009,11,2,3,193,2.3206
2009,11,2,4,110,1.2937
2009,11,2,5,76,6.9358
2009,11,3,1,131,8.8270
2009,11,3,2,206,6.5349
2009,11,3,3,196,4.9952
2009,11,3,4,106,5.6609
2009,11,3,5,92,6.9671
2009,12,1,1,191,7.0133
2009,12,1,2,403,10.4744
2009,12,1,3,547,7.4520
2009,12,1,4,323,10.0336
2009,12,1,5,207,5.4680
2009,12,2,1,102,7.1186
2009,12,2,2,172,7.8744
2009,12,2,3,194,10.7866
2009,12,2,4,158,9.5235
2009,12,2,5,85,9.4097
2009,12,3,1,149,2.2366
2009,12,3,2,168,4.6020
2009,12,3,3,180,4.8042
2009,12,3,4,142,3.4719
2009,12,3,5,99,2.4311
2010,1,1,1,346,-2.5247
2010,1,1,2,508,-1.9978
2010,1,1,3,388,-3.2096
2010,1,1,4,261,-3.3532
2010,1,1,5,148,-1.9642
2010,1,2,1,152,-2.1610
2010,1,2,2,208,-4.5216
2010,1,2,3,173,-3.7594
2010,1,2,4,119,-4.9418
2010,1,2,5,71,-6.3690
2010,1,3,1,200,-2.5676
2010,1,3,2,176,-2.7866
2010,1,3,3,172,-5.7485
2010,1,3,4,94,-2.4282
2010,1,3,5,95,-7.9311
2010,2,1,1,214,5.0676
2010,2,1,2,244,3.1082
2010,2,1,3,679,6.1593
2010,2,1,4,327,6.0974
2010,2,1,5,194,5.2177
2010,2,2,1,97,6.5318
2010,2,2,2,130,3.5887
2010,2,2,3,253,5.6740
2010,2,2,4,150,4.4076
2010,2,2,5,74,6.6952
2010,2,3,1,74,5.7693
2010,2,3,2,209,3.3489
2010,2,3,3,233,6.2477
2010,2,3,4,153,4.1765
2010,2,3,5,75,5.1273
2010,3,1,1,258,9.6647
2010,3,1,2,465,6.5493
2010,3,1,3,495,9.7784
2010,3,1,4,245,6.8813
2010,3,1,5,187,10.1230
2010,3,2,1,131,6.2881
2010,3,2,2,172,7.7973
2010,3,2,3,211,8.5958
2010,3,2,4,118,10.9876
2010,3,2,5,77,10.2139
2010,3,3,1,145,6.3142
2010,3,3,2,157,6.1008
2010,3,3,3,225,6.5510
2010,3,3,4,118,7.9259
2010,3,3,5,94,5.6038
2010,4,1,1,165,5.5810
2010,4,1,2,582,6.5776
2010,4,1,3,413,9.4520
2010,4,1,4,334,8.3606
2010,4,1,5,152,7.6847
2010,4,2,1,101,6.5245
2010,4,2,2,196,4.0415
2010,4,2,3,165,6.0062
2010,4,2,4,152,12.0759
2010,4,2,5,80,7.0992
2010,4,3,1,146,2.2956
2010,4,3,2,196,-0.1493
2010,4,3,3,159,4.3904
2010,4,3,4,172,4.1571
2010,4,3,5,77,2.8337
2010,5,1,1,456,-9.4021
2010,5,1,2,460,-6.5520
2010,5,1,3,281,-8.8056
2010,5,1,4,234,-7.7446
2010,5,1,5,221,-8.0816
2010,5,2,1,173,-4.8851
2010,5,2,2,192,-6.7939
2010,5,2,3,123,-7.8978
2010,5,2,4,106,-8.9693
2010,5,2,5,96,-10.6729
2010,5,3,1,238,-8.2089
2010,5,3,2,175,-6.6267
2010,5,3,3,130,-9.1128
2010,5,3,4,117,-5.7312
2010,5,3,5,81,-8.8207
2010,6,1,1,424,-4.8161
2010,6,1,2,341,-9.8527
2010,6,1,3,395,-8.4518
2010,6,1,4,300,-9.0010
2010,6,1,5,190,-8.7990
2010,6,2,1,147,-4.5949
2010,6,2,2,158,-6.5149
2010,6,2,3,182,-7.7161
2010,6,2,4,122,-8.5036
2010,6,2,5,79,-13.7520
2010,6,3,1,170,-2.9917
2010,6,3,2,192,-4.0587
2010,6,3,3,212,-6.9889
2010,6,3,4,108,-7.5821
2010,6,3,5,69,-8.0959
2010,7,1,1,426,8.4621
2010,7,1,2,579,4.4398
2010,7,1,3,213,6.6245
2010,7,1,4,190,10.3153
2010,7,1,5,211,6.1623
2010,7,2,1,214,9.2216
2010,7,2,2,228,4.6326
2010,7,2,3,88,7.2501
2010,7,2,4,76,11.3357
2010,7,2,5,101,4.3445
2010,7,3,1,179,10.6525
2010,7,3,2,260,4.9074
2010,7,3,3,127,9.4535
2010,7,3,4,88,7.5069
2010,7,3,5,95,3.7332
2010,8,1,1,384,-11.7442
2010,8,1,2,511,-8.3544
2010,8,1,3,341,-7.0218
2010,8,1,4,176,-7.8869
2010,8,1,5,192,-9.1379
2010,8,2,1,130,-8.8314
2010,8,2,2,254,-6.7596
2010,8,2,3,160,-7.0264
2010,8,2,4,99,-5.5131
2010,8,2,5,73,-2.9955
2010,8,3,1,112,-8.2360
2010,8,3,2,298,-2.9466
2010,8,3,3,143,-4.7207
2010,8,3,4,116,-4.6001
2010,8,3,5,76,-1.1820
2010,9,1,1,224,10.2633
2010,9,1,2,811,12.9967
2010,9,1,3,232,12.9819
2010,9,1,4,210,9.5158
2010,9,1,5,138,17.0383
2010,9,2,1,91,11.7455
2010,9,2,2,336,14.4729
2010,9,2,3,79,13.4606
2010,9,2,4,116,14.3969
2010,9,2,5,79,9.9966
2010,9,3,1,72,9.8036
2010,9,3,2,300,11.5990
2010,9,3,3,98,10.8193
2010,9,3,4,141,10.4686
2010,9,3,5,134,7.7659
2010,10,1,1,226,4.8131
2010,10,1,2,632,5.5691
2010,10,1,3,348,3.6348
2010,10,1,4,217,5.4926
2010,10,1,5,186,5.0763
2010,10,2,1,84,2.0592
2010,10,2,2,247,3.3990
2010,10,2,3,166,6.1726
2010,10,2,4,121,5.2921
2010,10,2,5,74,4.2354
2010,10,3,1,74,3.6591
2010,10,3,2,220,2.9250
2010,10,3,3,190,5.1232
2010,10,3,4,160,5.7588
2010,10,3,5,106,4.8596
2010,11,1,1,220,1.1577
2010,11,1,2,535,6.1545
2010,11,1,3,191,4.6500
2010,11,1,4,492,4.1752
2010,11,1,5,159,5.7497
2010,11,2,1,83,2.9107
2010,11,2,2,254,7.2075
2010,11,2,3,87,4.7986
2010,11,2,4,208,2.9411
2010,11,2,5,73,4.6534
2010,11,3,1,64,-0.3770
2010,11,3,2,218,2.7912
2010,11,3,3,104,2.5581
2010,11,3,4,252,0.0529
2010,11,3,5,101,1.0784
2010,12,1,1,235,11.6233
2010,12,1,2,562,9.0394
2010,12,1,3,285,8.6834
2010,12,1,4,328,9.5077
2010,12,1,5,181,8.5949
2010,12,2,1,85,9.7989
2010,12,2,2,219,9.3520
2010,12,2,3,151,7.7255
2010,12,2,4,174,7.4453
2010,12,2,5,72,8.8270
2010,12,3,1,72,9.5293
2010,12,3,2,207,5.9530
2010,12,3,3,186,6.7489
2010,12,3,4,172,4.3767
2010,12,3,5,102,7.1663
2011,1,1,1,365,-4.3877
2011,1,1,2,175,0.1703
2011,1,1,3,486,-3.8722
2011,1,1,4,389,-1.3406
2011,1,1,5,159,-4.1350
2011,1,2,1,136,-2.1460
2011,1,2,2,76,1.3564
2011,1,2,3,211,-0.4271
2011,1,2,4,207,1.2497
2011,1,2,5,76,3.8271
2011,1,3,1,179,1.2243
2011,1,3,2,90,1.8043
2011,1,3,3,182,0.8302
2011,1,3,4,186,2.7070
2011,1,3,5,99,2.1575
2011,2,1,1,282,5.9307
2011,2,1,2,285,5.8605
2011,2,1,3,327,4.2831
2011,2,1,4,453,4.1458
2011,2,1,5,234,3.1606
2011,2,2,1,106,6.0859
2011,2,2,2,116,5.8927
2011,2,2,3,155,4.1706
2011,2,2,4,200,5.0390
2011,2,2,5,111,6.3118
2011,2,3,1,151,3.4128
2011,2,3,2,133,4.7166
2011,2,3,3,138,3.6991
2011,2,3,4,165,1.3085
2011,2,3,5,150,3.7477
2011,3,1,1,291,2.9162
2011,3,1,2,239,16.1948
2011,3,1,3,504,2.4108
2011,3,1,4,340,1.4598
2011,3,1,5,230,3.2187
2011,3,2,1,102,2.5982
2011,3,2,2,106,4.0889
2011,3,2,3,209,2.0370
2011,3,2,4,147,2.5897
2011,3,2,5,101,6.6838
2011,3,3,1,150,1.8026
2011,3,3,2,149,1.7476
2011,3,3,3,177,1.5686
2011,3,3,4,127,-0.1211
2011,3,3,5,133,4.3315
2011,4,1,1,395,1.6112
2011,4,1,2,294,1.9960
2011,4,1,3,482,-0.8117
2011,4,1,4,194,-0.5423
2011,4,1,5,217,-3.5029
2011,4,2,1,150,5.2714
2011,4,2,2,143,2.8134
2011,4,2,3,185,0.7713
2011,4,2,4,81,0.5961
2011,4,2,5,113,-1.5431
2011,4,3,1,213,4.5024
2011,4,3,2,127,3.3196
2011,4,3,3,180,3.3165
2011,4,3,4,88,2.7986
2011,4,3,5,131,0.2661
2011,5,1,1,418,-1.9738
2011,5,1,2,203,-3.0611
2011,5,1,3,316,1.6770
2011,5,1,4,418,-2.0562
2011,5,1,5,215,-6.5708
2011,5,2,1,148,-3.4668
2011,5,2,2,129,-0.5345
2011,5,2,3,100,0.0367
2011,5,2,4,179,-1.1324
2011,5,2,5,112,-1.6583
2011,5,3,1,159,-0.2299
2011,5,3,2,164,1.6378
2011,5,3,3,123,-0.5513
2011,5,3,4,159,-0.3960
2011,5,3,5,133,-3.6355
2011,6,1,1,185,-2.6691
2011,6,1,2,465,-2.1415
2011,6,1,3,386,-3.1442
2011,6,1,4,273,-2.8085
2011,6,1,5,238,-4.2552
2011,6,2,1,68,-1.0697
2011,6,2,2,222,-1.7163
2011,6,2,3,178,-0.8755
2011,6,2,4,119,-1.7941
2011,6,2,5,101,-2.4342
2011,6,3,1,80,-0.8807
2011,6,3,2,193,-0.3239
2011,6,3,3,198,-1.4312
2011,6,3,4,145,-1.2721
2011,6,3,5,116,-3.0022
2011,7,1,1,186,-2.7895
2011,7,1,2,506,-3.3284
2011,7,1,3,270,-2.9366
2011,7,1,4,474,-2.4106
2011,7,1,5,79,1.6077
2011,7,2,1,73,-9.1406
2011,7,2,2,234,-3.6357
2011,7,2,3,140,-5.4666
2011,7,2,4,208,-3.4304
2011,7,2,5,45,-2.4521
2011,7,3,1,94,-2.8127
2011,7,3,2,202,-2.2892
2011,7,3,3,134,-4.1281
2011,7,3,4,249,-3.2287
2011,7,3,5,55,-4.1467
2011,8,1,1,309,-12.4096
2011,8,1,2,274,-9.9701
2011,8,1,3,424,-10.9430
2011,8,1,4,209,-9.9376
2011,8,1,5,309,-17.3216
2011,8,2,1,120,-11.8923
2011,8,2,2,127,-8.5981
2011,8,2,3,212,-8.2176
2011,8,2,4,118,-8.1395
2011,8,2,5,118,-5.1801
2011,8,3,1,118,-9.5117
2011,8,3,2,117,-6.0764
2011,8,3,3,210,-3.5179
2011,8,3,4,187,-2.9078
2011,8,3,5,99,-2.7664
2011,9,1,1,339,-15.0550
2011,9,1,2,355,-15.5912
2011,9,1,3,293,-14.7866
2011,9,1,4,263,-10.7385
2011,9,1,5,278,-9.5014
2011,9,2,1,129,-15.2535
2011,9,2,2,175,-17.2281
2011,9,2,3,151,-13.1100
2011,9,2,4,114,-12.0789
2011,9,2,5,112,-8.8858
2011,9,3,1,121,-14.3931
2011,9,3,2,184,-12.8098
2011,9,3,3,138,-9.9196
2011,9,3,4,138,-10.5398
2011,9,3,5,154,-3.5296
2011,10,1,1,208,23.4079
2011,10,1,2,316,12.2119
2011,10,1,3,318,12.8888
2011,10,1,4,399,15.0618
2011,10,1,5,274,10.6958
2011,10,2,1,95,24.9415
2011,10,2,2,164,16.8309
2011,10,2,3,140,14.5511
2011,10,2,4,176,17.0880
2011,10,2,5,106,13.7791
2011,10,3,1,91,23.3184
2011,10,3,2,149,14.6942
2011,10,3,3,122,13.0740
2011,10,3,4,219,8.5586
2011,10,3,5,162,6.5802
2011,11,1,1,174,-2.8298
2011,11,1,2,436,-2.6742
2011,11,1,3,275,-0.9149
2011,11,1,4,455,-1.2173
2011,11,1,5,175,-5.2767
2011,11,2,1,67,-1.1750
2011,11,2,2,213,0.0248
2011,11,2,3,141,-0.0419
2011,11,2,4,150,2.5205
2011,11,2,5,108,-1.6577
2011,11,3,1,67,0.2150
2011,11,3,2,203,0.9142
2011,11,3,3,136,-0.2751
2011,11,3,4,168,2.3496
2011,11,3,5,162,1.4409
2011,12,1,1,180,-0.5476
2011,12,1,2,419,0.0859
2011,12,1,3,274,0.6742
2011,12,1,4,471,0.1423
2011,12,1,5,156,-1.6528
2011,12,2,1,72,-2.8743
2011,12,2,2,216,0.1875
2011,12,2,3,133,0.0513
2011,12,2,4,156,1.8943
2011,12,2,5,104,-1.1751
2011,12,3,1,74,-3.3458
2011,12,3,2,158,0.9443
2011,12,3,3,179,1.0095
2011,12,3,4,181,0.6855
2011,12,3,5,147,-1.6098
2012,1,1,1,208,11.6173
2012,1,1,2,351,11.9547
2012,1,1,3,295,8.3908
2012,1,1,4,272,8.1009
2012,1,1,5,357,13.9502
2012,1,2,1,82,8.2921
2012,1,2,2,170,10.6259
2012,1,2,3,158,7.1073
2012,1,2,4,139,4.1806
2012,1,2,5,147,5.3344
2012,1,3,1,79,10.7462
2012,1,3,2,150,8.1970
2012,1,3,3,166,5.5000
2012,1,3,4,133,4.0312
2012,1,3,5,206,1.5177
2012,2,1,1,211,1.7037
2012,2,1,2,380,0.5647
2012,2,1,3,262,2.3543
2012,2,1,4,316,0.4604
2012,2,1,5,309,5.9958
2012,2,2,1,109,1.8721
2012,2,2,2,188,3.4486
2012,2,2,3,103,4.3314
2012,2,2,4,180,1.8366
2012,2,2,5,104,2.7171
2012,2,3,1,116,1.6912
2012,2,3,2,179,2.7836
2012,2,3,3,135,4.5480
2012,2,3,4,209,2.0526
2012,2,3,5,99,4.7963
2012,3,1,1,188,0.6632
2012,3,1,2,131,3.9703
2012,3,1,3,542,3.4596
2012,3,1,4,458,3.2621
2012,3,1,5,159,1.0422
2012,3,2,1,93,1.4920
2012,3,2,2,88,1.5273
2012,3,2,3,208,1.2960
2012,3,2,4,201,4.6266
2012,3,2,5,89,0.2874
2012,3,3,1,81,-2.1419
2012,3,3,2,133,3.5507
2012,3,3,3,232,1.3223
2012,3,3,4,195,3.6178
2012,3,3,5,100,1.8073
2012,4,1,1,322,-1.3935
2012,4,1,2,402,-2.4899
2012,4,1,3,405,-2.9630
2012,4,1,4,139,1.2695
2012,4,1,5,208,-1.4407
2012,4,2,1,115,-1.5074
2012,4,2,2,212,-3.1065
2012,4,2,3,197,-1.0465
2012,4,2,4,60,-2.6620
2012,4,2,5,93,-1.4501
2012,4,3,1,162,0.2883
2012,4,3,2,251,-0.9041
2012,4,3,3,146,-0.4366
2012,4,3,4,70,-2.1631
2012,4,3,5,117,-1.0491
2012,5,1,1,169,-17.3690
2012,5,1,2,504,-7.5219
2012,5,1,3,271,-8.1253
2012,5,1,4,393,-6.5911
2012,5,1,5,133,-5.7948
2012,5,2,1,118,-8.5402
2012,5,2,2,240,-6.0468
2012,5,2,3,122,-6.0640
2012,5,2,4,117,-12.1982
2012,5,2,5,74,-7.7276
2012,5,3,1,153,-9.1543
2012,5,3,2,244,-5.3177
2012,5,3,3,109,-7.3843
2012,5,3,4,171,-6.2206
2012,5,3,5,78,-4.6289
2012,6,1,1,183,8.2611
2012,6,1,2,306,6.3022
2012,6,1,3,337,4.8896
2012,6,1,4,255,6.5608
2012,6,1,5,375,6.0250
2012,6,2,1,106,5.8890
2012,6,2,2,129,2.3234
2012,6,2,3,186,4.5900
2012,6,2,4,130,5.8968
2012,6,2,5,129,3.3323
2012,6,3,1,117,2.4826
2012,6,3,2,129,1.4943
2012,6,3,3,201,4.1917
2012,6,3,4,138,2.2729
2012,6,3,5,175,3.0710
2012,7,1,1,212,-6.6421
2012,7,1,2,126,-4.2822
2012,7,1,3,377,-3.6716
2012,7,1,4,481,-1.4868
2012,7,1,5,249,-1.2798
2012,7,2,1,129,-2.4565
2012,7,2,2,73,1.8150
2012,7,2,3,205,-0.6410
2012,7,2,4,180,-0.7367
2012,7,2,5,91,-1.2848
2012,7,3,1,142,-2.9594
2012,7,3,2,129,-0.9804
2012,7,3,3,143,0.0226
2012,7,3,4,202,0.4530
2012,7,3,5,140,1.6088
2012,8,1,1,165,3.6999
2012,8,1,2,301,5.2023
2012,8,1,3,349,1.1577
2012,8,1,4,220,3.9805
2012,8,1,5,399,1.5158
2012,8,2,1,86,5.0833
2012,8,2,2,151,3.7027
2012,8,2,3,184,0.6817
2012,8,2,4,120,4.5499
2012,8,2,5,148,4.3973
2012,8,3,1,88,6.0521
2012,8,3,2,129,3.8313
2012,8,3,3,182,2.8634
2012,8,3,4,123,3.6822
2012,8,3,5,227,0.6056
2012,9,1,1,162,3.6835
2012,9,1,2,304,3.1398
2012,9,1,3,405,4.6867
2012,9,1,4,179,5.7057
2012,9,1,5,381,5.2671
2012,9,2,1,87,5.8726
2012,9,2,2,155,1.9685
2012,9,2,3,235,3.1461
2012,9,2,4,81,1.9482
2012,9,2,5,125,4.6645
2012,9,3,1,91,5.1602
2012,9,3,2,151,1.5561
2012,9,3,3,225,1.3933
2012,9,3,4,124,3.4794
2012,9,3,5,158,3.7900
2012,10,1,1,285,-0.1740
2012,10,1,2,316,-1.3588
2012,10,1,3,298,-3.8674
2012,10,1,4,138,0.8491
2012,10,1,5,381,-1.5969
2012,10,2,1,146,3.5958
2012,10,2,2,168,-1.4080
2012,10,2,3,173,-1.0051
2012,10,2,4,64,-1.5214
2012,10,2,5,135,-2.6354
2012,10,3,1,123,1.4516
2012,10,3,2,151,0.0002
2012,10,3,3,201,-1.3276
2012,10,3,4,115,-1.1976
2012,10,3,5,155,-1.0434
2012,11,1,1,271,-1.4410
2012,11,1,2,342,0.8178
2012,11,1,3,323,2.1224
2012,11,1,4,158,-0.5519
2012,11,1,5,333,-0.5366
2012,11,2,1,133,2.3988
2012,11,2,2,182,4.2444
2012,11,2,3,158,1.0234
2012,11,2,4,92,3.0439
2012,11,2,5,111,-1.6347
2012,11,3,1,100,-0.2933
2012,11,3,2,204,3.3210
2012,11,3,3,173,1.5559
2012,11,3,4,161,0.7666
2012,11,3,5,108,0.3148
2012,12,1,1,249,2.8117
2012,12,1,2,292,4.5933
2012,12,1,3,383,3.3173
2012,12,1,4,386,3.0700
2012,12,1,5,110,2.7897
2012,12,2,1,141,4.4993
2012,12,2,2,160,3.8736
2012,12,2,3,180,3.2828
2012,12,2,4,135,4.1081
2012,12,2,5,57,4.2658
2012,12,3,1,156,0.4459
2012,12,3,2,152,2.3585
2012,12,3,3,217,0.8489
2012,12,3,4,173,1.3374
2012,12,3,5,48,2.9084
2013,1,1,1,232,2.4147
2013,1,1,2,520,5.3542
2013,1,1,3,336,4.8112
2013,1,1,4,198,3.7944
2013,1,1,5,126,6.3650
2013,1,2,1,130,2.6316
2013,1,2,2,202,5.1892
2013,1,2,3,170,7.0223
2013,1,2,4,106,6.2524
2013,1,2,5,59,8.6039
2013,1,3,1,151,2.1945
2013,1,3,2,225,6.3400
2013,1,3,3,184,3.6587
2013,1,3,4,121,8.2265
2013,1,3,5,62,7.0064
2013,2,1,1,200,-1.9215
2013,2,1,2,561,1.0300
2013,2,1,3,264,-0.4655
2013,2,1,4,220,-1.4170
2013,2,1,5,162,1.3108
2013,2,2,1,98,1.3788
2013,2,2,2,250,1.9001
2013,2,2,3,158,-0.7836
2013,2,2,4,89,2.4715
2013,2,2,5,77,3.1157
2013,2,3,1,120,1.8738
2013,2,3,2,296,2.0636
2013,2,3,3,147,0.9498
2013,2,3,4,103,-2.0891
2013,2,3,5,74,1.6134
2013,3,1,1,256,-0.0402
2013,3,1,2,282,4.2034
2013,3,1,3,490,4.7912
2013,3,1,4,215,5.8081
2013,3,1,5,165,5.8455
2013,3,2,1,127,3.0088
2013,3,2,2,161,4.0375
2013,3,2,3,190,4.4427
2013,3,2,4,112,6.3670
2013,3,2,5,74,6.4144
2013,3,3,1,114,5.0936
2013,3,3,2,243,3.5364
2013,3,3,3,187,3.8491
2013,3,3,4,124,4.6384
2013,3,3,5,74,5.9813
2013,4,1,1,195,-2.5468
2013,4,1,2,414,0.5246
2013,4,1,3,371,1.0356
2013,4,1,4,264,-0.5613
2013,4,1,5,159,1.6279
2013,4,2,1,93,-5.8471
2013,4,2,2,234,0.3464
2013,4,2,3,116,1.8491
2013,4,2,4,139,-3.1250
2013,4,2,5,79,-3.7512
2013,4,3,1,102,-2.0728
2013,4,3,2,268,1.8569
2013,4,3,3,157,2.0348
2013,4,3,4,116,0.4290
2013,4,3,5,102,0.9626
2013,5,1,1,221,6.0168
2013,5,1,2,413,4.4363
2013,5,1,3,354,5.1366
2013,5,1,4,301,5.4413
2013,5,1,5,103,4.6769
2013,5,2,1,102,2.3109
2013,5,2,2,213,5.1673
2013,5,2,3,184,5.3141
2013,5,2,4,117,5.7085
2013,5,2,5,55,6.2655
2013,5,3,1,108,3.6591
2013,5,3,2,285,0.3932
2013,5,3,3,171,3.0336
2013,5,3,4,121,2.7901
2013,5,3,5,63,2.6981
2013,6,1,1,100,-2.5974
2013,6,1,2,423,1.4571
2013,6,1,3,336,2.1632
2013,6,1,4,401,3.1714
2013,6,1,5,133,1.0679
2013,6,2,1,65,-5.6993
2013,6,2,2,203,-1.9459
2013,6,2,3,163,-0.1979
2013,6,2,4,158,1.5667
2013,6,2,5,78,0.8028
2013,6,3,1,93,-6.4207
2013,6,3,2,267,-0.9388
2013,6,3,3,166,0.0547
2013,6,3,4,153,-1.1437
2013,6,3,5,80,-3.0372
2013,7,1,1,179,7.2077
2013,7,1,2,370,7.1742
2013,7,1,3,426,5.7226
2013,7,1,4,272,6.4648
2013,7,1,5,125,7.9470
2013,7,2,1,97,5.2874
2013,7,2,2,207,5.3897
2013,7,2,3,206,5.1074
2013,7,2,4,112,6.3318
2013,7,2,5,54,8.0679
2013,7,3,1,107,5.0777
2013,7,3,2,234,3.6168
2013,7,3,3,219,4.7278
2013,7,3,4,110,5.8799
2013,7,3,5,78,7.9011
2013,8,1,1,150,-1.8565
2013,8,1,2,352,-2.5379
2013,8,1,3,274,-3.2299
2013,8,1,4,340,-2.2251
2013,8,1,5,254,-1.0091
2013,8,2,1,83,-1.8538
2013,8,2,2,202,-3.7497
2013,8,2,3,134,-1.4445
2013,8,2,4,170,-3.4495
2013,8,2,5,94,-3.5173
2013,8,3,1,79,-0.4097
2013,8,3,2,257,-2.7743
2013,8,3,3,137,-2.4739
2013,8,3,4,167,-1.5732
2013,8,3,5,109,-2.3331
2013,9,1,1,128,0.2828
2013,9,1,2,217,6.4711
2013,9,1,3,407,6.6062
2013,9,1,4,407,5.5917
2013,9,1,5,204,8.0676
2013,9,2,1,72,3.5346
2013,9,2,2,137,5.5150
2013,9,2,3,199,8.3276
2013,9,2,4,170,6.0548
2013,9,2,5,100,8.9313
2013,9,3,1,54,3.8530
2013,9,3,2,204,2.6110
2013,9,3,3,221,5.0878
2013,9,3,4,196,3.9574
2013,9,3,5,87,6.1699
2013,10,1,1,102,1.2739
2013,10,1,2,204,2.7512
2013,10,1,3,263,4.0277
2013,10,1,4,615,1.4165
2013,10,1,5,199,3.9454
2013,10,2,1,70,3.2395
2013,10,2,2,116,4.1556
2013,10,2,3,123,5.2302
2013,10,2,4,264,1.8334
2013,10,2,5,97,3.2322
2013,10,3,1,91,3.9216
2013,10,3,2,147,5.7107
2013,10,3,3,132,5.5885
2013,10,3,4,299,4.7065
2013,10,3,5,91,2.4956
2013,11,1,1,95,2.2450
2013,11,1,2,388,4.7140
2013,11,1,3,351,4.4479
2013,11,1,4,355,4.0128
2013,11,1,5,194,7.1118
2013,11,2,1,69,2.2248
2013,11,2,2,172,4.8904
2013,11,2,3,194,3.2829
2013,11,2,4,161,2.9814
2013,11,2,5,81,5.5783
2013,11,3,1,90,-0.1484
2013,11,3,2,189,1.5737
2013,11,3,3,244,2.2345
2013,11,3,4,143,3.1191
2013,11,3,5,84,2.6958
2013,12,1,1,121,2.6856
2013,12,1,2,222,0.9820
2013,12,1,3,400,3.1362
2013,12,1,4,432,2.9663
2013,12,1,5,203,4.7661
2013,12,2,1,84,3.2289
2013,12,2,2,128,1.8688
2013,12,2,3,195,2.7438
2013,12,2,4,176,3.7310
2013,12,2,5,94,3.1643
2013,12,3,1,97,3.1808
2013,12,3,2,177,4.2369
2013,12,3,3,223,1.5116
2013,12,3,4,171,3.0793
2013,12,3,5,87,4.4755
2014,1,1,1,122,2.4404
2014,1,1,2,343,-3.6111
2014,1,1,3,318,-0.6731
2014,1,1,4,387,-2.0217
2014,1,1,5,209,-3.6119
2014,1,2,1,81,-1.5063
2014,1,2,2,164,-4.5931
2014,1,2,3,135,-2.8608
2014,1,2,4,202,-3.2513
2014,1,2,5,93,-3.9594
2014,1,3,1,125,-2.9043
2014,1,3,2,187,-5.5247
2014,1,3,3,149,-4.0709
2014,1,3,4,212,-3.7841
2014,1,3,5,82,-2.2195
2014,2,1,1,241,4.9999
2014,2,1,2,155,4.7096
2014,2,1,3,213,4.7824
2014,2,1,4,500,3.7268
2014,2,1,5,266,3.4830
2014,2,2,1,135,5.3837
2014,2,2,2,109,5.0135
2014,2,2,3,110,5.7971
2014,2,2,4,193,6.4560
2014,2,2,5,138,4.8917
2014,2,3,1,168,4.3617
2014,2,3,2,143,4.4177
2014,2,3,3,121,6.5024
2014,2,3,4,171,4.7239
2014,2,3,5,153,5.4106
2014,3,1,1,137,0.2943
2014,3,1,2,246,-2.4044
2014,3,1,3,289,0.0343
2014,3,1,4,288,4.7114
2014,3,1,5,407,0.0476
2014,3,2,1,81,0.0534
2014,3,2,2,141,0.7027
2014,3,2,3,133,2.3989
2014,3,2,4,160,0.3278
2014,3,2,5,176,-2.6093
2014,3,3,1,111,3.1338
2014,3,3,2,175,1.4882
2014,3,3,3,151,-0.2743
2014,3,3,4,145,0.4592
2014,3,3,5,178,-3.2441
2014,4,1,1,170,-3.7243
2014,4,1,2,242,-5.8567
2014,4,1,3,213,-5.2511
2014,4,1,4,435,-6.4950
2014,4,1,5,340,-4.2957
2014,4,2,1,103,-3.5658
2014,4,2,2,110,-1.7504
2014,4,2,3,128,-2.2965
2014,4,2,4,181,-6.6329
2014,4,2,5,161,-1.4351
2014,4,3,1,113,2.5936
2014,4,3,2,155,1.2384
2014,4,3,3,153,0.2039
2014,4,3,4,198,-0.4449
2014,4,3,5,140,-0.0559
2014,5,1,1,315,-1.3050
2014,5,1,2,148,-1.6453
2014,5,1,3,282,-0.9521
2014,5,1,4,276,-1.8056
2014,5,1,5,383,1.2506
2014,5,2,1,162,-0.0638
2014,5,2,2,65,-0.8178
2014,5,2,3,136,0.6085
2014,5,2,4,143,-1.7670
2014,5,2,5,181,0.1074
2014,5,3,1,148,0.1144
2014,5,3,2,66,1.3711
2014,5,3,3,147,2.1392
2014,5,3,4,200,2.5469
2014,5,3,5,203,3.3341
2014,6,1,1,161,6.4095
2014,6,1,2,225,4.4284
2014,6,1,3,537,6.2901
2014,6,1,4,257,5.1982
2014,6,1,5,223,2.8405
2014,6,2,1,102,7.8454
2014,6,2,2,116,3.6942
2014,6,2,3,209,5.7995
2014,6,2,4,124,5.2636
2014,6,2,5,147,3.9928
2014,6,3,1,95,2.5153
2014,6,3,2,104,3.2309
2014,6,3,3,199,2.3579
2014,6,3,4,180,3.6366
2014,6,3,5,182,1.7202
2014,7,1,1,162,-3.3901
2014,7,1,2,422,-7.6375
2014,7,1,3,152,-5.3232
2014,7,1,4,397,-6.3251
2014,7,1,5,259,-7.4176
2014,7,2,1,95,-8.0928
2014,7,2,2,215,-6.6479
2014,7,2,3,74,-4.6515
2014,7,2,4,159,-6.3983
2014,7,2,5,162,-4.6252
2014,7,3,1,108,-5.7617
2014,7,3,2,196,-1.6753
2014,7,3,3,88,-3.5289
2014,7,3,4,170,-1.6201
2014,7,3,5,215,-2.2675
2014,8,1,1,134,5.7887
2014,8,1,2,401,2.3182
2014,8,1,3,440,4.2423
2014,8,1,4,151,5.3249
2014,8,1,5,271,8.2268
2014,8,2,1,66,7.2594
2014,8,2,2,215,3.2238
2014,8,2,3,172,7.6985
2014,8,2,4,129,3.2482
2014,8,2,5,127,6.0652
2014,8,3,1,60,3.4596
2014,8,3,2,231,4.8006
2014,8,3,3,166,5.0386
2014,8,3,4,183,4.4937
2014,8,3,5,146,4.7694
2014,9,1,1,123,-9.7047
2014,9,1,2,429,-6.5385
2014,9,1,3,440,-8.4343
2014,9,1,4,184,-6.5846
2014,9,1,5,230,-4.7653
2014,9,2,1,67,-8.5273
2014,9,2,2,222,-5.2173
2014,9,2,3,201,-5.6935
2014,9,2,4,109,-7.9512
2014,9,2,5,110,-3.8303
2014,9,3,1,64,-4.6898
2014,9,3,2,219,-2.9603
2014,9,3,3,190,-1.6569
2014,9,3,4,199,-4.8234
2014,9,3,5,111,-0.5508
2014,10,1,1,125,-0.8156
2014,10,1,2,219,4.1776
2014,10,1,3,364,5.4710
2014,10,1,4,294,4.4826
2014,10,1,5,385,3.4100
2014,10,2,1,64,-1.4904
2014,10,2,2,94,6.6570
2014,10,2,3,231,3.8526
2014,10,2,4,180,6.2057
2014,10,2,5,156,5.7172
2014,10,3,1,53,-0.8236
2014,10,3,2,134,1.7858
2014,10,3,3,245,2.1343
2014,10,3,4,218,2.3516
2014,10,3,5,135,1.9389
2014,11,1,1,170,-3.0053
2014,11,1,2,157,0.3784
2014,11,1,3,247,-2.7444
2014,11,1,4,243,-0.8761
2014,11,1,5,556,-1.2528
2014,11,2,1,83,-3.7052
2014,11,2,2,92,-0.6433
2014,11,2,3,163,0.7558
2014,11,2,4,171,0.3455
2014,11,2,5,233,1.1049
2014,11,3,1,99,0.3912
2014,11,3,2,127,2.8244
2014,11,3,3,224,3.7572
2014,11,3,4,153,4.4704
2014,11,3,5,189,4.5301
2014,12,1,1,156,-1.4969
2014,12,1,2,163,3.5406
2014,12,1,3,297,5.3815
2014,12,1,4,270,4.9612
2014,12,1,5,472,2.0582
2014,12,2,1,73,-3.0478
2014,12,2,2,103,2.7875
2014,12,2,3,207,2.2466
2014,12,2,4,131,2.7746
2014,12,2,5,245,1.1568
2014,12,3,1,78,-4.1351
2014,12,3,2,135,0.6116
2014,12,3,3,255,0.1472
2014,12,3,4,128,-1.1025
2014,12,3,5,204,-1.1829
2015,1,1,1,195,-9.4850
2015,1,1,2,158,-9.2017
2015,1,1,3,248,-2.7194
2015,1,1,4,257,-5.7804
2015,1,1,5,488,-1.1746
2015,1,2,1,97,-5.6232
2015,1,2,2,117,-6.4792
2015,1,2,3,152,-2.4580
2015,1,2,4,141,-2.0173
2015,1,2,5,262,-1.4781
2015,1,3,1,109,-0.7488
2015,1,3,2,116,-3.5084
2015,1,3,3,220,-2.0567
2015,1,3,4,138,-1.3538
2015,1,3,5,221,-0.9668
2015,2,1,1,190,13.8539
2015,2,1,2,295,4.2491
2015,2,1,3,220,5.0382
2015,2,1,4,291,0.9232
2015,2,1,5,357,1.0175
2015,2,2,1,113,12.4251
2015,2,2,2,155,4.9040
2015,2,2,3,127,7.6488
2015,2,2,4,145,5.1603
2015,2,2,5,214,7.9592
2015,2,3,1,116,9.6493
2015,2,3,2,163,7.5826
2015,2,3,3,156,5.7692
2015,2,3,4,199,5.0259
2015,2,3,5,172,6.4726
2015,3,1,1,190,-5.5736
2015,3,1,2,280,1.5351
2015,3,1,3,216,0.7245
2015,3,1,4,417,1.0595
2015,3,1,5,255,-0.3364
2015,3,2,1,96,-5.7264
2015,3,2,2,188,1.6398
2015,3,2,3,112,2.4885
2015,3,2,4,212,1.2671
2015,3,2,5,144,1.8862
2015,3,3,1,108,-6.4646
2015,3,3,2,218,-0.9408
2015,3,3,3,145,-1.3899
2015,3,3,4,179,-1.3955
2015,3,3,5,150,-0.7066
2015,4,1,1,197,3.9102
2015,4,1,2,278,-0.8902
2015,4,1,3,176,-0.1880
2015,4,1,4,408,0.3415
2015,4,1,5,304,-0.4092
2015,4,2,1,108,3.3382
2015,4,2,2,135,-0.8565
2015,4,2,3,134,-1.2977
2015,4,2,4,188,-3.1052
2015,4,2,5,169,-2.0332
2015,4,3,1,121,9.0797
2015,4,3,2,183,1.2435
2015,4,3,3,174,-1.0639
2015,4,3,4,163,-1.3555
2015,4,3,5,162,-3.4520
2015,5,1,1,203,-7.4226
2015,5,1,2,103,1.7854
2015,5,1,3,517,2.7755
2015,5,1,4,358,1.8017
2015,5,1,5,193,-2.5295
2015,5,2,1,128,-4.1160
2015,5,2,2,63,3.5745
2015,5,2,3,268,2.5704
2015,5,2,4,156,2.3819
2015,5,2,5,119,-0.4391
2015,5,3,1,181,-2.7174
2015,5,3,2,67,0.4698
2015,5,3,3,242,1.9502
2015,5,3,4,185,2.5594
2015,5,3,5,122,1.2709
2015,6,1,1,138,-4.8612
2015,6,1,2,188,-3.7202
2015,6,1,3,321,2.0310
2015,6,1,4,422,9.7033
2015,6,1,5,298,1.7991
2015,6,2,1,102,-2.5369
2015,6,2,2,96,-2.4164
2015,6,2,3,179,-0.1515
2015,6,2,4,230,-0.4433
2015,6,2,5,133,0.8240
2015,6,3,1,93,-5.7980
2015,6,3,2,168,-2.2139
2015,6,3,3,206,-2.0968
2015,6,3,4,233,-2.1408
2015,6,3,5,102,-1.9906
2015,7,1,1,190,-11.8416
2015,7,1,2,127,-4.8760
2015,7,1,3,278,-6.1513
2015,7,1,4,383,-6.6618
2015,7,1,5,393,-5.4139
2015,7,2,1,118,-3.9732
2015,7,2,2,69,-8.4671
2015,7,2,3,163,-4.1216
2015,7,2,4,191,-2.9417
2015,7,2,5,175,-1.5763
2015,7,3,1,178,-3.1871
2015,7,3,2,90,-0.2721
2015,7,3,3,180,1.2370
2015,7,3,4,230,1.6709
2015,7,3,5,128,1.8818
2015,8,1,1,181,8.3469
2015,8,1,2,125,-4.1994
2015,8,1,3,253,-4.1830
2015,8,1,4,329,-3.7108
2015,8,1,5,494,-3.9917
2015,8,2,1,118,-4.0376
2015,8,2,2,72,-6.9335
2015,8,2,3,105,-4.0883
2015,8,2,4,185,-4.6585
2015,8,2,5,224,-6.8193
2015,8,3,1,168,-4.4562
2015,8,3,2,98,-4.8111
2015,8,3,3,137,-5.9823
2015,8,3,4,212,-4.9382
2015,8,3,5,207,-4.9914
2015,9,1,1,154,-17.5717
2015,9,1,2,200,-5.0093
2015,9,1,3,229,-4.8765
2015,9,1,4,629,-4.5068
2015,9,1,5,179,-6.0071
2015,9,2,1,95,-16.1638
2015,9,2,2,98,-6.4911
2015,9,2,3,130,-4.9842
2015,9,2,4,291,-3.1331
2015,9,2,5,95,-5.9851
2015,9,3,1,108,-9.8929
2015,9,3,2,123,-4.1091
2015,9,3,3,194,-3.4290
2015,9,3,4,275,-2.6528
2015,9,3,5,109,-2.7685
2015,10,1,1,162,1.7183
2015,10,1,2,123,9.8715
2015,10,1,3,505,7.1021
2015,10,1,4,349,1.2743
2015,10,1,5,229,4.6700
2015,10,2,1,75,11.8641
2015,10,2,2,94,7.7821
2015,10,2,3,225,7.3416
2015,10,2,4,198,3.4418
2015,10,2,5,123,4.7899
2015,10,3,1,95,5.1849
2015,10,3,2,115,8.5744
2015,10,3,3,243,6.1750
2015,10,3,4,206,6.9217
2015,10,3,5,160,7.8952
2015,11,1,1,182,1.0320
2015,11,1,2,176,2.6339
2015,11,1,3,212,0.6679
2015,11,1,4,587,3.6496
2015,11,1,5,214,-2.4972
2015,11,2,1,85,3.7049
2015,11,2,2,135,1.1718
2015,11,2,3,127,0.9479
2015,11,2,4,241,3.7477
2015,11,2,5,115,-0.7341
2015,11,3,1,102,-1.0283
2015,11,3,2,182,0.0201
2015,11,3,3,152,-0.1514
2015,11,3,4,248,0.6305
2015,11,3,5,134,-0.4493
2015,12,1,1,114,-10.1641
2015,12,1,2,291,-4.9486
2015,12,1,3,391,-7.0748
2015,12,1,4,299,-3.2557
2015,12,1,5,263,-0.8026
2015,12,2,1,49,-6.2903
2015,12,2,2,169,-8.2909
2015,12,2,3,204,-4.6004
2015,12,2,4,146,-3.9586
2015,12,2,5,161,-2.0379
2015,12,3,1,42,-2.3163
2015,12,3,2,251,-4.5441
2015,12,3,3,182,-2.0042
2015,12,3,4,158,0.0163
2015,12,3,5,179,-1.1971
2016,1,1,1,207,-10.0820
2016,1,1,2,105,-5.6271
2016,1,1,3,494,-10.5887
2016,1,1,4,259,-9.7314
2016,1,1,5,279,-7.6822
2016,1,2,1,101,-8.1079
2016,1,2,2,70,-5.3074
2016,1,2,3,248,-9.6234
2016,1,2,4,147,-9.7400
2016,1,2,5,157,-7.0325
2016,1,3,1,109,-4.6963
2016,1,3,2,131,-6.1314
2016,1,3,3,235,-6.2401
2016,1,3,4,154,-4.8606
2016,1,3,5,188,-3.0053
2016,2,1,1,134,0.0629
2016,2,1,2,384,0.6438
2016,2,1,3,429,-0.7708
2016,2,1,4,200,2.9309
2016,2,1,5,205,7.9585
2016,2,2,1,70,6.6208
2016,2,2,2,166,0.2305
2016,2,2,3,222,-0.7655
2016,2,2,4,142,3.2015
2016,2,2,5,106,8.3853
2016,2,3,1,66,2.8510
2016,2,3,2,141,1.8765
2016,2,3,3,236,2.0592
2016,2,3,4,220,1.9333
2016,2,3,5,144,3.2426
2016,3,1,1,170,14.6246
2016,3,1,2,355,7.0987
2016,3,1,3,415,9.7835
2016,3,1,4,315,3.3530
2016,3,1,5,78,13.7907
2016,3,2,1,86,15.3694
2016,3,2,2,149,11.6931
2016,3,2,3,240,9.1218
2016,3,2,4,201,8.1450
2016,3,2,5,40,7.7934
2016,3,3,1,83,10.3414
2016,3,3,2,106,7.3720
2016,3,3,3,246,7.0579
2016,3,3,4,294,7.3535
2016,3,3,5,71,4.7868
2016,4,1,1,366,3.9098
2016,4,1,2,271,6.9598
2016,4,1,3,272,6.3772
2016,4,1,4,304,3.6142
2016,4,1,5,128,10.3938
2016,4,2,1,145,1.5038
2016,4,2,2,160,4.1762
2016,4,2,3,156,1.6329
2016,4,2,4,179,2.8447
2016,4,2,5,75,10.5803
2016,4,3,1,104,4.9824
2016,4,3,2,204,1.0926
2016,4,3,3,186,2.4845
2016,4,3,4,207,-0.8439
2016,4,3,5,88,4.7911
2016,5,1,1,457,-0.0488
2016,5,1,2,368,-1.5644
2016,5,1,3,258,-1.8075
2016,5,1,4,141,-2.1792
2016,5,1,5,156,-7.3357
2016,5,2,1,179,0.4444
2016,5,2,2,185,2.2123
2016,5,2,3,156,-1.1636
2016,5,2,4,69,1.9606
2016,5,2,5,94,-1.2230
2016,5,3,1,156,1.6511
2016,5,3,2,185,0.6077
2016,5,3,3,209,2.6213
2016,5,3,4,102,1.2100
2016,5,3,5,128,-1.4098
2016,6,1,1,191,-0.7247
2016,6,1,2,593,-0.0343
2016,6,1,3,292,0.6704
2016,6,1,4,218,2.1891
2016,6,1,5,79,7.7397
2016,6,2,1,115,-0.7698
2016,6,2,2,236,-1.4836
2016,6,2,3,161,3.9289
2016,6,2,4,124,0.7724
2016,6,2,5,43,8.6444
2016,6,3,1,119,-1.5103
2016,6,3,2,253,-0.8053
2016,6,3,3,179,1.6889
2016,6,3,4,123,1.9722
2016,6,3,5,106,4.6249
2016,7,1,1,600,6.8574
2016,7,1,2,251,4.7083
2016,7,1,3,197,6.7176
2016,7,1,4,176,3.6742
2016,7,1,5,132,14.6242
2016,7,2,1,234,7.8514
2016,7,2,2,162,4.2543
2016,7,2,3,88,5.6097
2016,7,2,4,119,3.9041
2016,7,2,5,66,9.2370
2016,7,3,1,214,7.5906
2016,7,3,2,173,3.7914
2016,7,3,3,120,2.6801
2016,7,3,4,132,3.0200
2016,7,3,5,126,6.0564
2016,8,1,1,126,5.2897
2016,8,1,2,410,2.0841
2016,8,1,3,524,4.4121
2016,8,1,4,130,0.3375
2016,8,1,5,171,3.0872
2016,8,2,1,56,0.5656
2016,8,2,2,241,-0.4228
2016,8,2,3,184,2.5179
2016,8,2,4,80,3.2778
2016,8,2,5,99,-0.9192
2016,8,3,1,71,-0.3315
2016,8,3,2,260,-0.2322
2016,8,3,3,212,0.0408
2016,8,3,4,147,0.3724
2016,8,3,5,77,-2.5883
2016,9,1,1,165,-0.3414
2016,9,1,2,201,2.5331
2016,9,1,3,546,4.0430
2016,9,1,4,318,1.4768
2016,9,1,5,150,7.3070
2016,9,2,1,83,-1.5487
2016,9,2,2,126,-1.4423
2016,9,2,3,201,-0.1294
2016,9,2,4,160,1.2364
2016,9,2,5,77,3.0316
2016,9,3,1,88,-2.2719
2016,9,3,2,145,-0.2448
2016,9,3,3,251,0.2096
2016,9,3,4,201,0.1676
2016,9,3,5,72,1.2575
2016,10,1,1,139,-1.3000
2016,10,1,2,264,-5.2869
2016,10,1,3,99,-4.3452
2016,10,1,4,622,-6.9984
2016,10,1,5,258,-6.2078
2016,10,2,1,59,-3.6206
2016,10,2,2,168,-5.1894
2016,10,2,3,74,-3.5282
2016,10,2,4,213,-7.6061
2016,10,2,5,114,-5.3177
2016,10,3,1,68,-1.2372
2016,10,3,2,244,-4.4668
2016,10,3,3,84,0.6834
2016,10,3,4,217,-3.1373
2016,10,3,5,148,-4.0728
2016,11,1,1,441,7.5447
2016,11,1,2,207,14.5265
2016,11,1,3,242,14.5965
2016,11,1,4,181,9.4698
2016,11,1,5,316,7.3977
2016,11,2,1,158,9.9604
2016,11,2,2,96,15.1099
2016,11,2,3,127,15.2143
2016,11,2,4,92,6.9261
2016,11,2,5,157,7.2462
2016,11,3,1,127,3.9301
2016,11,3,2,146,9.0786
2016,11,3,3,139,7.0193
2016,11,3,4,170,0.3935
2016,11,3,5,178,2.6012
2016,12,1,1,434,0.3337
2016,12,1,2,200,2.5570
2016,12,1,3,401,3.2975
2016,12,1,4,147,4.3083
2016,12,1,5,196,5.8964
2016,12,2,1,126,2.6684
2016,12,2,2,137,2.8123
2016,12,2,3,189,1.0276
2016,12,2,4,69,0.5828
2016,12,2,5,112,3.0073
2016,12,3,1,115,1.8301
2016,12,3,2,196,2.4246
2016,12,3,3,200,1.9269
2016,12,3,4,118,-1.2802
2016,12,3,5,126,-1.7656
2017,1,1,1,451,0.1688
2017,1,1,2,183,-2.6230
2017,1,1,3,293,-2.4943
2017,1,1,4,263,-1.5291
2017,1,1,5,195,1.8455
2017,1,2,1,128,2.1542
2017,1,2,2,104,-2.1764
2017,1,2,3,151,1.3082
2017,1,2,4,128,1.6170
2017,1,2,5,111,1.1661
2017,1,3,1,172,1.9327
2017,1,3,2,126,3.2923
2017,1,3,3,154,3.0053
2017,1,3,4,180,4.4615
2017,1,3,5,117,2.6784
2017,2,1,1,445,0.6029
2017,2,1,2,171,-1.2363
2017,2,1,3,374,-0.7734
2017,2,1,4,202,-2.2634
2017,2,1,5,197,0.9564
2017,2,2,1,128,2.2220
2017,2,2,2,111,-1.6084
2017,2,2,3,165,-0.0595
2017,2,2,4,102,0.8500
2017,2,2,5,111,-0.1158
2017,2,3,1,138,1.5344
2017,2,3,2,134,4.6476
2017,2,3,3,187,2.8372
2017,2,3,4,169,2.2634
2017,2,3,5,125,3.7700
2017,3,1,1,132,-1.7141
2017,3,1,2,518,1.3229
2017,3,1,3,259,2.7249
2017,3,1,4,278,1.9383
2017,3,1,5,194,1.5481
2017,3,2,1,71,1.4613
2017,3,2,2,178,0.1846
2017,3,2,3,124,0.9883
2017,3,2,4,130,0.7439
2017,3,2,5,111,-1.9982
2017,3,3,1,103,0.9955
2017,3,3,2,175,-0.2650
2017,3,3,3,185,1.1959
2017,3,3,4,172,0.0929
2017,3,3,5,122,0.2017
2017,4,1,1,134,-7.0136
2017,4,1,2,505,0.4623
2017,4,1,3,374,1.1797
2017,4,1,4,153,4.1144
2017,4,1,5,192,0.3496
2017,4,2,1,79,1.5100
2017,4,2,2,187,1.7692
2017,4,2,3,158,2.1115
2017,4,2,4,101,2.2878
2017,4,2,5,109,0.8802
2017,4,3,1,122,-0.5656
2017,4,3,2,211,1.2567
2017,4,3,3,178,0.8770
2017,4,3,4,133,2.1002
2017,4,3,5,118,1.4777
2017,5,1,1,117,-0.4764
2017,5,1,2,487,-4.4817
2017,5,1,3,332,-0.7073
2017,5,1,4,260,-2.0135
2017,5,1,5,159,-1.9700
2017,5,2,1,68,0.5761
2017,5,2,2,181,-0.7739
2017,5,2,3,165,-1.4994
2017,5,2,4,118,-3.6947
2017,5,2,5,112,-1.5279
2017,5,3,1,107,0.9024
2017,5,3,2,201,1.0347
2017,5,3,3,169,1.5798
2017,5,3,4,172,1.8312
2017,5,3,5,107,1.0269
2017,6,1,1,137,5.1906
2017,6,1,2,202,3.9491
2017,6,1,3,471,4.0080
2017,6,1,4,206,1.2310
2017,6,1,5,352,3.4536
2017,6,2,1,81,1.3415
2017,6,2,2,123,2.7445
2017,6,2,3,158,2.9607
2017,6,2,4,113,0.8127
2017,6,2,5,149,2.5995
2017,6,3,1,86,2.1120
2017,6,3,2,107,1.2626
2017,6,3,3,253,0.5383
2017,6,3,4,122,0.1993
2017,6,3,5,193,-0.4953
2017,7,1,1,156,-0.3422
2017,7,1,2,226,-1.7613
2017,7,1,3,112,-2.9043
2017,7,1,4,468,-1.9099
2017,7,1,5,361,1.1536
2017,7,2,1,97,3.2785
2017,7,2,2,116,-0.1141
2017,7,2,3,74,1.9410
2017,7,2,4,155,-0.0228
2017,7,2,5,177,1.7990
2017,7,3,1,120,5.7289
2017,7,3,2,174,-0.0366
2017,7,3,3,94,1.1289
2017,7,3,4,154,-1.4299
2017,7,3,5,220,3.2394
2017,8,1,1,123,-0.4858
2017,8,1,2,211,-0.3413
2017,8,1,3,181,-2.0577
2017,8,1,4,399,-2.7119
2017,8,1,5,411,0.3155
2017,8,2,1,65,-2.6490
2017,8,2,2,133,-2.7682
2017,8,2,3,100,-2.7837
2017,8,2,4,129,-1.5255
2017,8,2,5,195,-0.3712
2017,8,3,1,94,-2.0248
2017,8,3,2,135,-2.8693
2017,8,3,3,157,0.4762
2017,8,3,4,142,0.1264
2017,8,3,5,229,2.7125
2017,9,1,1,169,6.0008
2017,9,1,2,242,7.3879
2017,9,1,3,122,9.7175
2017,9,1,4,452,7.4478
2017,9,1,5,319,8.6172
2017,9,2,1,109,7.7692
2017,9,2,2,132,4.9263
2017,9,2,3,77,7.7990
2017,9,2,4,173,6.1516
2017,9,2,5,151,6.4472
2017,9,3,1,113,2.4155
2017,9,3,2,154,3.5394
2017,9,3,3,131,2.3437
2017,9,3,4,164,2.2306
2017,9,3,5,195,1.0807
2017,10,1,1,166,-1.9055
2017,10,1,2,163,-0.3324
2017,10,1,3,173,-1.0515
2017,10,1,4,320,-2.6299
2017,10,1,5,500,1.7222
2017,10,2,1,98,-1.3411
2017,10,2,2,94,1.0958
2017,10,2,3,94,1.6403
2017,10,2,4,139,1.6811
2017,10,2,5,194,0.3138
2017,10,3,1,108,-1.7729
2017,10,3,2,159,2.0848
2017,10,3,3,92,3.2905
2017,10,3,4,177,3.4363
2017,10,3,5,214,3.1437
2017,11,1,1,141,3.1545
2017,11,1,2,256,5.4233
2017,11,1,3,380,4.5782
2017,11,1,4,335,3.4771
2017,11,1,5,208,-1.3338
2017,11,2,1,80,1.5144
2017,11,2,2,155,4.3270
2017,11,2,3,102,3.2017
2017,11,2,4,169,4.6221
2017,11,2,5,119,1.8251
2017,11,3,1,91,4.7164
2017,11,3,2,163,4.0023
2017,11,3,3,141,2.0026
2017,11,3,4,198,3.4856
2017,11,3,5,153,3.6268
2017,12,1,1,170,3.7611
2017,12,1,2,138,3.2456
2017,12,1,3,553,1.2242
2017,12,1,4,336,-1.6245
2017,12,1,5,123,6.4172
2017,12,2,1,89,-0.0025
2017,12,2,2,78,1.6239
2017,12,2,3,221,1.6127
2017,12,2,4,149,-0.0342
2017,12,2,5,97,2.7899
2017,12,3,1,99,1.5208
2017,12,3,2,150,2.6160
2017,12,3,3,219,3.2114
2017,12,3,4,167,-0.2449
2017,12,3,5,108,2.2750
2018,1,1,1,103,-0.2396
2018,1,1,2,502,-0.4639
2018,1,1,3,221,-0.3909
2018,1,1,4,313,-0.7242
2018,1,1,5,193,0.2354
2018,1,2,1,54,-1.4799
2018,1,2,2,165,0.9393
2018,1,2,3,123,3.7675
2018,1,2,4,157,1.5717
2018,1,2,5,115,0.2799
2018,1,3,1,116,2.2570
2018,1,3,2,165,4.9613
2018,1,3,3,159,3.2928
2018,1,3,4,193,8.5669
2018,1,3,5,114,3.7654
2018,2,1,1,147,-3.8173
2018,2,1,2,364,-5.7293
2018,2,1,3,327,-5.4911
2018,2,1,4,268,-5.9538
2018,2,1,5,213,-6.4322
2018,2,2,1,82,-3.9602
2018,2,2,2,127,-6.9476
2018,2,2,3,144,-4.1260
2018,2,2,4,157,-2.7668
2018,2,2,5,123,-4.1838
2018,2,3,1,141,-4.0429
2018,2,3,2,103,-5.9111
2018,2,3,3,170,-5.4649
2018,2,3,4,193,-2.7815
2018,2,3,5,141,-1.0161
2018,3,1,1,127,2.4919
2018,3,1,2,353,-1.3660
2018,3,1,3,287,3.1243
2018,3,1,4,357,1.5393
2018,3,1,5,186,1.9505
2018,3,2,1,70,2.4003
2018,3,2,2,122,-1.2850
2018,3,2,3,160,1.3111
2018,3,2,4,178,1.1990
2018,3,2,5,108,-1.7492
2018,3,3,1,136,-1.8229
2018,3,3,2,89,-1.7766
2018,3,3,3,189,-1.3927
2018,3,3,4,209,-1.5727
2018,3,3,5,124,-2.9092
2018,4,1,1,142,-0.0504
2018,4,1,2,379,4.9794
2018,4,1,3,175,1.4780
2018,4,1,4,399,3.1867
2018,4,1,5,233,2.2802
2018,4,2,1,83,-2.7141
2018,4,2,2,142,3.5824
2018,4,2,3,93,0.6175
2018,4,2,4,205,0.2502
2018,4,2,5,100,1.6061
2018,4,3,1,144,-1.0889
2018,4,3,2,133,0.0097
2018,4,3,3,94,-2.7890
2018,4,3,4,241,-0.1695
2018,4,3,5,132,0.7556
2018,5,1,1,135,11.8475
2018,5,1,2,145,7.6274
2018,5,1,3,534,8.1634
2018,5,1,4,324,6.8003
2018,5,1,5,198,8.3251
2018,5,2,1,85,6.3308
2018,5,2,2,94,-0.2919
2018,5,2,3,170,6.4381
2018,5,2,4,165,6.8638
2018,5,2,5,97,6.7873
2018,5,3,1,105,1.4199
2018,5,3,2,147,-1.0574
2018,5,3,3,154,2.3134
2018,5,3,4,199,3.0211
2018,5,3,5,139,3.2772
2018,6,1,1,91,6.8327
2018,6,1,2,166,0.5864
2018,6,1,3,449,2.5610
2018,6,1,4,349,0.5780
2018,6,1,5,250,2.7906
2018,6,2,1,78,0.6212
2018,6,2,2,107,4.8546
2018,6,2,3,170,0.6023
2018,6,2,4,150,-0.4822
2018,6,2,5,144,1.3105
2018,6,3,1,72,1.5256
2018,6,3,2,168,2.0189
2018,6,3,3,149,-1.4553
2018,6,3,4,154,-0.4351
2018,6,3,5,202,1.5474
2018,7,1,1,143,2.2453
2018,7,1,2,136,-1.7247
2018,7,1,3,436,1.4279
2018,7,1,4,182,-1.6292
2018,7,1,5,399,-1.4038
2018,7,2,1,97,2.8938
2018,7,2,2,80,1.7406
2018,7,2,3,181,2.4713
2018,7,2,4,99,2.9668
2018,7,2,5,206,2.1734
2018,7,3,1,90,2.5974
2018,7,3,2,111,3.2857
2018,7,3,3,174,3.8421
2018,7,3,4,120,2.8289
2018,7,3,5,258,0.3312
2018,8,1,1,91,-0.0720
2018,8,1,2,168,5.1374
2018,8,1,3,436,6.2747
2018,8,1,4,461,3.7549
2018,8,1,5,144,5.6215
2018,8,2,1,69,-2.6378
2018,8,2,2,102,5.1504
2018,8,2,3,171,4.1632
2018,8,2,4,260,4.9860
2018,8,2,5,67,5.8053
2018,8,3,1,59,-2.5552
2018,8,3,2,118,-0.3897
2018,8,3,3,140,0.9494
2018,8,3,4,361,4.3689
2018,8,3,5,70,1.8097
2018,9,1,1,91,-0.9530
2018,9,1,2,130,-0.5970
2018,9,1,3,183,-3.2669
2018,9,1,4,507,-0.8669
2018,9,1,5,390,-1.0201
2018,9,2,1,77,-2.4839
2018,9,2,2,66,-0.3074
2018,9,2,3,115,-0.7240
2018,9,2,4,215,-0.7815
2018,9,2,5,186,-2.9467
2018,9,3,1,65,-1.1134
2018,9,3,2,76,0.3460
2018,9,3,3,128,-1.2484
2018,9,3,4,262,0.6340
2018,9,3,5,227,2.1297
2018,10,1,1,108,-11.2040
2018,10,1,2,89,-8.5340
2018,10,1,3,187,-8.4491
2018,10,1,4,470,-12.5292
2018,10,1,5,441,-11.6100
2018,10,2,1,91,-15.5599
2018,10,2,2,59,-6.1513
2018,10,2,3,105,-8.8055
2018,10,2,4,188,-12.0577
2018,10,2,5,230,-10.0057
2018,10,3,1,77,-7.8760
2018,10,3,2,60,-4.1911
2018,10,3,3,150,-5.6394
2018,10,3,4,195,-9.9892
2018,10,3,5,281,-10.3254
2018,11,1,1,94,-3.4318
2018,11,1,2,182,-2.6743
2018,11,1,3,178,-3.2516
2018,11,1,4,525,3.3985
2018,11,1,5,317,-4.5177
2018,11,2,1,79,0.5390
2018,11,2,2,113,-0.3060
2018,11,2,3,98,1.9674
2018,11,2,4,228,0.2841
2018,11,2,5,158,0.5792
2018,11,3,1,59,2.6329
2018,11,3,2,133,5.1306
2018,11,3,3,101,-0.7268
2018,11,3,4,288,2.6340
2018,11,3,5,181,-2.0872
2018,12,1,1,85,-8.3495
2018,12,1,2,256,-15.1079
2018,12,1,3,194,-15.4250
2018,12,1,4,287,-11.5679
2018,12,1,5,465,-10.0131
2018,12,2,1,51,-9.1916
2018,12,2,2,169,-12.4252
2018,12,2,3,129,-13.0510
2018,12,2,4,136,-12.0765
2018,12,2,5,177,-12.9372
2018,12,3,1,35,-6.2196
2018,12,3,2,170,-11.0104
2018,12,3,3,177,-10.9513
2018,12,3,4,172,-10.0156
2018,12,3,5,221,-8.1244
2019,1,1,1,117,9.7252
2019,1,1,2,246,16.3578
2019,1,1,3,255,17.2801
2019,1,1,4,214,13.1796
2019,1,1,5,441,15.7905
2019,1,2,1,89,15.6372
2019,1,2,2,153,14.2000
2019,1,2,3,160,7.0064
2019,1,2,4,104,12.4429
2019,1,2,5,163,10.5650
2019,1,3,1,61,13.9905
2019,1,3,2,155,9.0710
2019,1,3,3,230,8.5829
2019,1,3,4,136,9.2187
2019,1,3,5,196,5.6705
2019,2,1,1,113,4.5658
2019,2,1,2,215,4.0904
2019,2,1,3,145,4.1497
2019,2,1,4,324,0.5864
2019,2,1,5,486,5.8841
2019,2,2,1,81,6.4625
2019,2,2,2,140,2.8048
2019,2,2,3,101,5.4308
2019,2,2,4,160,6.5305
2019,2,2,5,176,7.1531
2019,2,3,1,63,5.0733
2019,2,3,2,128,2.4666
2019,2,3,3,97,3.5512
2019,2,3,4,271,2.9068
2019,2,3,5,214,4.3883
2019,3,1,1,148,-5.6173
2019,3,1,2,215,-2.9851
2019,3,1,3,265,-2.0282
2019,3,1,4,532,-6.8199
2019,3,1,5,123,-3.7652
2019,3,2,1,77,-4.0653
2019,3,2,2,145,0.9414
2019,3,2,3,173,-2.6328
2019,3,2,4,192,-3.2274
2019,3,2,5,71,-0.1271
2019,3,3,1,65,-3.0608
2019,3,3,2,156,2.9030
2019,3,3,3,234,0.6374
2019,3,3,4,179,1.4382
2019,3,3,5,139,2.1424
2019,4,1,1,132,1.8889
2019,4,1,2,304,3.9111
2019,4,1,3,458,-0.0925
2019,4,1,4,272,1.5534
2019,4,1,5,110,1.2320
2019,4,2,1,95,4.3301
2019,4,2,2,180,4.3887
2019,4,2,3,155,2.8375
2019,4,2,4,158,4.1392
2019,4,2,5,62,2.2612
2019,4,3,1,68,3.8309
2019,4,3,2,195,4.4313
2019,4,3,3,144,1.4424
2019,4,3,4,248,4.1375
2019,4,3,5,128,1.3965
2019,5,1,1,102,-11.4522
2019,5,1,2,495,-8.7929
2019,5,1,3,262,-6.3974
2019,5,1,4,184,-9.8173
2019,5,1,5,241,-7.9474
2019,5,2,1,82,-8.3181
2019,5,2,2,209,-11.4435
2019,5,2,3,104,-9.0324
2019,5,2,4,106,-11.4720
2019,5,2,5,150,-8.2427
2019,5,3,1,51,-9.6019
2019,5,3,2,179,-6.4964
2019,5,3,3,143,-5.5928
2019,5,3,4,178,-6.8571
2019,5,3,5,232,-7.5055
2019,6,1,1,152,6.0365
2019,6,1,2,448,5.2755
2019,6,1,3,273,4.3422
2019,6,1,4,106,7.3868
2019,6,1,5,293,7.2990
2019,6,2,1,121,11.2823
2019,6,2,2,208,8.2728
2019,6,2,3,117,5.0640
2019,6,2,4,58,12.2267
2019,6,2,5,163,5.1319
2019,6,3,1,98,9.5255
2019,6,3,2,174,6.9422
2019,6,3,3,146,8.0777
2019,6,3,4,92,9.5385
2019,6,3,5,280,6.4865
2019,7,1,1,381,-0.3755
2019,7,1,2,173,1.0888
2019,7,1,3,252,-1.8922
2019,7,1,4,263,0.1262
2019,7,1,5,206,-1.1839
2019,7,2,1,171,-6.2064
2019,7,2,2,100,-0.2935
2019,7,2,3,133,-2.1602
2019,7,2,4,160,3.3321
2019,7,2,5,120,0.9269
2019,7,3,1,107,0.4353
2019,7,3,2,110,0.5754
2019,7,3,3,205,-0.2423
2019,7,3,4,233,0.1560
2019,7,3,5,139,1.7639
2019,8,1,1,434,-10.2095
2019,8,1,2,141,-3.9484
2019,8,1,3,249,-8.5688
2019,8,1,4,146,-7.6970
2019,8,1,5,321,-5.6085
2019,8,2,1,177,-10.1514
2019,8,2,2,64,-5.6240
2019,8,2,3,149,-6.1846
2019,8,2,4,100,-6.2182
2019,8,2,5,179,-4.5851
2019,8,3,1,107,-5.5138
2019,8,3,2,75,-3.1525
2019,8,3,3,234,-0.9582
2019,8,3,4,125,-1.5824
2019,8,3,5,254,-0.1958
2019,9,1,1,122,6.0071
2019,9,1,2,426,3.6375
2019,9,1,3,206,4.0701
2019,9,1,4,440,1.0690
2019,9,1,5,78,13.3170
2019,9,2,1,89,-1.8406
2019,9,2,2,169,5.0167
2019,9,2,3,138,4.5986
2019,9,2,4,230,3.2004
2019,9,2,5,49,1.5504
2019,9,3,1,66,1.9528
2019,9,3,2,141,1.7114
2019,9,3,3,142,4.0055
2019,9,3,4,388,0.5537
2019,9,3,5,64,-1.2680
2019,10,1,1,119,-4.4545
2019,10,1,2,490,-0.8783
2019,10,1,3,231,3.6121
2019,10,1,4,276,-4.5247
2019,10,1,5,163,2.3092
2019,10,2,1,78,-2.2217
2019,10,2,2,205,1.0306
2019,10,2,3,111,3.8128
2019,10,2,4,188,3.2278
2019,10,2,5,100,-0.5539
2019,10,3,1,67,1.7856
2019,10,3,2,155,1.7825
2019,10,3,3,142,2.3418
2019,10,3,4,297,0.4429
2019,10,3,5,123,1.5865
2019,11,1,1,131,0.7173
2019,11,1,2,125,0.4521
2019,11,1,3,576,7.0223
2019,11,1,4,249,6.8209
2019,11,1,5,196,2.4505
2019,11,2,1,87,1.6272
2019,11,2,2,62,4.7923
2019,11,2,3,273,5.1000
2019,11,2,4,165,4.2662
2019,11,2,5,97,3.3457
2019,11,3,1,84,3.5391
2019,11,3,2,90,4.4880
2019,11,3,3,276,4.3184
2019,11,3,4,227,2.4292
2019,11,3,5,107,1.8042
2019,12,1,1,122,6.3938
2019,12,1,2,86,2.6732
2019,12,1,3,600,5.6521
2019,12,1,4,259,1.9726
2019,12,1,5,190,7.7509
2019,12,2,1,81,7.4633
2019,12,2,2,76,3.0547
2019,12,2,3,219,2.7984
2019,12,2,4,181,3.7757
2019,12,2,5,139,6.5047
2019,12,3,1,119,5.6311
2019,12,3,2,93,1.8609
2019,12,3,3,219,0.9513
2019,12,3,4,231,2.5808
2019,12,3,5,126,3.9069
2020,1,1,1,121,-10.6660
2020,1,1,2,176,-3.1188
2020,1,1,3,262,-2.8138
2020,1,1,4,480,-2.9609
2020,1,1,5,221,-5.3626
2020,1,2,1,84,-8.6365
2020,1,2,2,109,-7.3293
2020,1,2,3,125,-0.0534
2020,1,2,4,217,-4.5089
2020,1,2,5,149,-6.2613
2020,1,3,1,83,-2.8180
2020,1,3,2,112,-3.1405
2020,1,3,3,216,1.7972
2020,1,3,4,217,-0.3168
2020,1,3,5,156,-0.4912
2020,2,1,1,146,-10.7966
2020,2,1,2,94,-6.5468
2020,2,1,3,305,-5.9703
2020,2,1,4,466,-4.2387
2020,2,1,5,235,-8.3782
2020,2,2,1,94,-12.5590
2020,2,2,2,53,-11.7406
2020,2,2,3,141,-8.0347
2020,2,2,4,223,-9.1931
2020,2,2,5,181,-9.4319
2020,2,3,1,77,-8.7963
2020,2,3,2,75,-10.4959
2020,2,3,3,194,-7.7693
2020,2,3,4,186,-7.0623
2020,2,3,5,263,-7.2690
2020,3,1,1,162,-34.3063
2020,3,1,2,83,-24.8790
2020,3,1,3,148,-20.7203
2020,3,1,4,586,-25.9038
2020,3,1,5,270,-28.6653
2020,3,2,1,88,-33.6602
2020,3,2,2,65,-17.2351
2020,3,2,3,72,-16.3805
2020,3,2,4,256,-25.5900
2020,3,2,5,210,-26.8672
2020,3,3,1,87,-23.3219
2020,3,3,2,87,-9.5432
2020,3,3,3,130,-14.6364
2020,3,3,4,252,-14.8882
2020,3,3,5,239,-14.1948
2020,4,1,1,150,23.2675
2020,4,1,2,137,19.2079
2020,4,1,3,205,17.0560
2020,4,1,4,158,27.9973
2020,4,1,5,531,29.8391
2020,4,2,1,83,21.0354
2020,4,2,2,116,15.7887
2020,4,2,3,142,18.3865
2020,4,2,4,79,15.0140
2020,4,2,5,294,22.3396
2020,4,3,1,66,15.9876
2020,4,3,2,121,12.2253
2020,4,3,3,194,9.8370
2020,4,3,4,129,11.4209
2020,4,3,5,322,16.7273
2020,5,1,1,139,5.5022
2020,5,1,2,152,7.7893
2020,5,1,3,147,7.8420
2020,5,1,4,230,1.8413
2020,5,1,5,537,9.7272
2020,5,2,1,68,6.2589
2020,5,2,2,106,10.1829
2020,5,2,3,109,4.4486
2020,5,2,4,116,5.3164
2020,5,2,5,307,14.7454
2020,5,3,1,51,7.0278
2020,5,3,2,123,7.8124
2020,5,3,3,174,6.0279
2020,5,3,4,156,5.4275
2020,5,3,5,308,4.5919
2020,6,1,1,129,7.2367
2020,6,1,2,182,6.3258
2020,6,1,3,117,-4.4544
2020,6,1,4,233,3.9136
2020,6,1,5,538,8.2030
2020,6,2,1,63,7.2365
2020,6,2,2,114,4.9161
2020,6,2,3,107,5.4333
2020,6,2,4,107,5.6957
2020,6,2,5,294,3.6016
2020,6,3,1,51,2.5797
2020,6,3,2,126,2.0592
2020,6,3,3,165,0.1308
2020,6,3,4,154,-0.2007
2020,6,3,5,337,5.2259
2020,7,1,1,137,2.0955
2020,7,1,2,131,7.0029
2020,7,1,3,155,1.3264
2020,7,1,4,416,9.7937
2020,7,1,5,336,10.5372
2020,7,2,1,61,4.4408
2020,7,2,2,85,5.6974
2020,7,2,3,130,7.8676
2020,7,2,4,209,3.8457
2020,7,2,5,215,12.5999
2020,7,3,1,60,-2.4850
2020,7,3,2,134,5.7824
2020,7,3,3,142,6.3742
2020,7,3,4,182,6.7532
2020,7,3,5,316,11.1546
2020,8,1,1,189,7.1192
2020,8,1,2,64,5.7757
2020,8,1,3,120,7.3431
2020,8,1,4,558,7.8386
2020,8,1,5,266,4.7809
2020,8,2,1,73,4.8159
2020,8,2,2,76,5.3728
2020,8,2,3,85,3.8602
2020,8,2,4,272,8.4063
2020,8,2,5,179,5.4367
2020,8,3,1,125,6.9020
2020,8,3,2,70,7.6986
2020,8,3,3,94,3.6972
2020,8,3,4,259,5.7796
2020,8,3,5,286,10.6675
2020,9,1,1,166,-5.4484
2020,9,1,2,66,-3.5727
2020,9,1,3,429,-4.5109
2020,9,1,4,253,-3.7956
2020,9,1,5,274,-2.2983
2020,9,2,1,68,-3.4400
2020,9,2,2,48,-1.7964
2020,9,2,3,243,-3.9930
2020,9,2,4,169,-1.0751
2020,9,2,5,165,-5.5534
2020,9,3,1,116,-3.0104
2020,9,3,2,48,-2.0053
2020,9,3,3,209,-1.3476
2020,9,3,4,189,0.5659
2020,9,3,5,283,-2.5322
2020,10,1,1,150,2.5549
2020,10,1,2,348,1.3008
2020,10,1,3,241,-2.4232
2020,10,1,4,303,-1.7532
2020,10,1,5,154,0.1430
2020,10,2,1,73,3.7256
2020,10,2,2,166,-1.6086
2020,10,2,3,143,-0.2187
2020,10,2,4,244,2.2455
2020,10,2,5,86,6.7768
2020,10,3,1,123,-2.5700
2020,10,3,2,128,-0.6807
2020,10,3,3,149,-0.5497
2020,10,3,4,329,-1.3076
2020,10,3,5,115,0.0262
2020,11,1,1,395,18.8706
2020,11,1,2,133,20.4684
2020,11,1,3,415,27.8018
2020,11,1,4,105,18.2597
2020,11,1,5,170,27.5467
2020,11,2,1,167,18.0917
2020,11,2,2,70,20.2500
2020,11,2,3,257,24.7800
2020,11,2,4,108,18.5283
2020,11,2,5,116,24.8459
2020,11,3,1,122,16.3536
2020,11,3,2,130,10.3886
2020,11,3,3,321,11.1931
2020,11,3,4,122,12.0645
2020,11,3,5,147,18.0915
2020,12,1,1,408,12.2106
2020,12,1,2,171,6.6619
2020,12,1,3,371,14.3027
2020,12,1,4,106,10.0380
2020,12,1,5,179,11.5705
2020,12,2,1,172,17.3435
2020,12,2,2,90,10.4701
2020,12,2,3,227,10.8514
2020,12,2,4,97,6.4930
2020,12,2,5,126,8.7190
2020,12,3,1,164,2.9856
2020,12,3,2,121,4.5434
2020,12,3,3,314,2.8232
2020,12,3,4,108,4.3710
2020,12,3,5,139,8.2861
2021,1,1,1,428,8.2034
2021,1,1,2,373,13.6612
2021,1,1,3,180,17.0087
2021,1,1,4,139,8.8492
2021,1,1,5,135,11.7714
2021,1,2,1,178,2.9617
2021,1,2,2,203,11.9863
2021,1,2,3,108,2.9263
2021,1,2,4,131,1.7350
2021,1,2,5,79,4.2601
2021,1,3,1,191,-0.1166
2021,1,3,2,321,-3.0187
2021,1,3,3,124,-2.1200
2021,1,3,4,137,-0.9513
2021,1,3,5,85,1.9543
2021,2,1,1,62,6.2864
2021,2,1,2,652,10.1123
2021,2,1,3,257,9.8799
2021,2,1,4,142,10.4152
2021,2,1,5,129,10.1460
2021,2,2,1,53,5.3359
2021,2,2,2,309,10.2762
2021,2,2,3,163,7.2798
2021,2,2,4,122,9.8145
2021,2,2,5,68,11.5075
2021,2,3,1,115,-0.3516
2021,2,3,2,261,4.2969
2021,2,3,3,275,4.3383
2021,2,3,4,133,5.4859
2021,2,3,5,83,8.6794
2021,3,1,1,90,3.1920
2021,3,1,2,623,1.1735
2021,3,1,3,294,1.8108
2021,3,1,4,130,2.7937
2021,3,1,5,129,0.3216
2021,3,2,1,81,1.6272
2021,3,2,2,291,0.2756
2021,3,2,3,169,2.1440
2021,3,2,4,96,1.6720
2021,3,2,5,90,0.7044
2021,3,3,1,147,9.5197
2021,3,3,2,339,3.3873
2021,3,3,3,193,4.9297
2021,3,3,4,105,3.8919
2021,3,3,5,78,5.9951
2021,4,1,1,494,0.7868
2021,4,1,2,258,0.3102
2021,4,1,3,284,0.1289
2021,4,1,4,142,0.3901
2021,4,1,5,132,0.2928
2021,4,2,1,204,2.3833
2021,4,2,2,182,1.0093
2021,4,2,3,152,1.9623
2021,4,2,4,88,0.7210
2021,4,2,5,106,3.1500
2021,4,3,1,189,3.6526
2021,4,3,2,329,4.0049
2021,4,3,3,160,5.4471
2021,4,3,4,90,2.0899
2021,4,3,5,84,4.2494
2021,5,1,1,436,5.9680
2021,5,1,2,245,-0.0367
2021,5,1,3,367,0.6211
2021,5,1,4,144,7.5368
2021,5,1,5,136,6.8228
2021,5,2,1,183,11.6738
2021,5,2,2,135,0.2740
2021,5,2,3,190,0.9749
2021,5,2,4,110,-2.3668
2021,5,2,5,103,5.7152
2021,5,3,1,206,2.6245
2021,5,3,2,177,-0.9415
2021,5,3,3,270,0.9263
2021,5,3,4,104,0.7350
2021,5,3,5,92,2.8034
2021,6,1,1,485,2.2184
2021,6,1,2,372,3.5105
2021,6,1,3,221,1.3555
2021,6,1,4,158,0.1197
2021,6,1,5,125,1.4145
2021,6,2,1,204,1.1196
2021,6,2,2,152,2.6858
2021,6,2,3,162,-0.4154
2021,6,2,4,105,-2.1903
2021,6,2,5,88,1.2937
2021,6,3,1,237,1.6163
2021,6,3,2,178,3.5241
2021,6,3,3,251,2.0355
2021,6,3,4,107,-3.3291
2021,6,3,5,80,-2.5788
2021,7,1,1,92,-5.1206
2021,7,1,2,634,-4.9164
2021,7,1,3,337,-5.1325
2021,7,1,4,174,-2.8498
2021,7,1,5,138,-0.1202
2021,7,2,1,91,-4.9374
2021,7,2,2,271,-4.7154
2021,7,2,3,178,-5.2861
2021,7,2,4,108,-0.8662
2021,7,2,5,108,-5.0131
2021,7,3,1,142,1.7249
2021,7,3,2,236,1.1070
2021,7,3,3,173,0.1773
2021,7,3,4,202,2.6127
2021,7,3,5,103,1.1808
2021,8,1,1,532,2.8602
2021,8,1,2,261,1.5598
2021,8,1,3,292,-1.3353
2021,8,1,4,214,1.3487
2021,8,1,5,129,2.5568
2021,8,2,1,209,-0.4452
2021,8,2,2,140,1.9297
2021,8,2,3,131,1.2071
2021,8,2,4,160,-0.9502
2021,8,2,5,99,0.6287
2021,8,3,1,173,1.4418
2021,8,3,2,226,1.2405
2021,8,3,3,143,1.0711
2021,8,3,4,222,4.1917
2021,8,3,5,104,2.1447
2021,9,1,1,156,-3.0134
2021,9,1,2,284,-3.5914
2021,9,1,3,602,-4.4716
2021,9,1,4,164,-7.8049
2021,9,1,5,224,1.3247
2021,9,2,1,95,-1.3396
2021,9,2,2,150,-3.3451
2021,9,2,3,232,-4.8930
2021,9,2,4,138,-5.5692
2021,9,2,5,142,-3.9943
2021,9,3,1,107,-2.7990
2021,9,3,2,169,-3.8743
2021,9,3,3,169,-4.5280
2021,9,3,4,185,-5.8411
2021,9,3,5,236,-6.4842
2021,10,1,1,105,2.0541
2021,10,1,2,144,1.2859
2021,10,1,3,304,1.8248
2021,10,1,4,551,1.3946
2021,10,1,5,346,4.3385
2021,10,2,1,82,4.1111
2021,10,2,2,98,3.4019
2021,10,2,3,156,2.2883
2021,10,2,4,233,0.2254
2021,10,2,5,192,3.0177
2021,10,3,1,86,4.1612
2021,10,3,2,132,3.6657
2021,10,3,3,185,4.3637
2021,10,3,4,179,10.3537
2021,10,3,5,288,5.3712
2021,11,1,1,94,-7.3257
2021,11,1,2,295,-4.0939
2021,11,1,3,225,-4.3316
2021,11,1,4,572,-10.6864
2021,11,1,5,300,-8.6580
2021,11,2,1,58,-3.8822
2021,11,2,2,172,-3.5904
2021,11,2,3,150,-0.1735
2021,11,2,4,175,4.3857
2021,11,2,5,203,-5.4105
2021,11,3,1,70,-4.9871
2021,11,3,2,184,-1.5467
2021,11,3,3,194,-1.7981
2021,11,3,4,140,-2.3339
2021,11,3,5,282,-1.2188
2021,12,1,1,108,-0.3245
2021,12,1,2,230,1.8997
2021,12,1,3,293,1.5962
2021,12,1,4,624,-1.2306
2021,12,1,5,259,0.4101
2021,12,2,1,62,2.8442
2021,12,2,2,116,3.7039
2021,12,2,3,164,3.9251
2021,12,2,4,241,2.7277
2021,12,2,5,178,3.7265
2021,12,3,1,85,7.4947
2021,12,3,2,114,6.5289
2021,12,3,3,204,6.6247
2021,12,3,4,204,4.1079
2021,12,3,5,259,0.5115
2022,1,1,1,281,-11.0888
2022,1,1,2,228,-9.6545
2022,1,1,3,632,-7.4357
2022,1,1,4,237,-6.0335
2022,1,1,5,179,-12.0853
2022,1,2,1,121,-10.7189
2022,1,2,2,137,-10.5269
2022,1,2,3,185,-7.6452
2022,1,2,4,179,-7.7261
2022,1,2,5,108,-10.9914
2022,1,3,1,119,-7.0156
2022,1,3,2,168,-5.6871
2022,1,3,3,156,-3.7315
2022,1,3,4,273,-6.3889
2022,1,3,5,152,-10.5408
2022,2,1,1,324,-4.6723
2022,2,1,2,770,-0.7660
2022,2,1,3,182,4.4151
2022,2,1,4,170,-1.5637
2022,2,1,5,139,5.9644
2022,2,2,1,132,1.9586
2022,2,2,2,295,1.5789
2022,2,2,3,99,1.2405
2022,2,2,4,107,6.8645
2022,2,2,5,103,7.2380
2022,2,3,1,140,-1.0497
2022,2,3,2,292,2.3698
2022,2,3,3,104,2.3155
2022,2,3,4,157,0.5609
2022,2,3,5,158,-0.1055
2022,3,1,1,425,-1.4151
2022,3,1,2,723,0.9673
2022,3,1,3,184,0.4971
2022,3,1,4,174,1.0764
2022,3,1,5,98,10.2073
2022,3,2,1,209,-1.8376
2022,3,2,2,241,-2.9209
2022,3,2,3,100,1.1194
2022,3,2,4,105,2.0551
2022,3,2,5,74,9.2155
2022,3,3,1,247,0.2991
2022,3,3,2,227,1.4393
2022,3,3,3,121,2.1953
2022,3,3,4,187,3.5210
2022,3,3,5,69,10.8772
2022,4,1,1,315,-10.1349
2022,4,1,2,407,-11.8381
2022,4,1,3,572,-8.9489
2022,4,1,4,215,-8.7590
2022,4,1,5,100,-6.5650
2022,4,2,1,128,-8.6378
2022,4,2,2,220,-9.6168
2022,4,2,3,187,-8.1793
2022,4,2,4,94,-9.1823
2022,4,2,5,87,-4.7230
2022,4,3,1,134,-8.3503
2022,4,3,2,286,-9.6676
2022,4,3,3,181,-6.4773
2022,4,3,4,139,-1.5565
2022,4,3,5,121,-7.1701
2022,5,1,1,548,-1.3715
2022,5,1,2,201,1.7114
2022,5,1,3,676,-3.1980
2022,5,1,4,124,-6.0984
2022,5,1,5,86,-5.7821
2022,5,2,1,246,-2.4137
2022,5,2,2,140,2.3082
2022,5,2,3,181,-0.6379
2022,5,2,4,80,2.9108
2022,5,2,5,61,-0.6214
2022,5,3,1,282,-3.4985
2022,5,3,2,170,-0.4575
2022,5,3,3,164,-0.7453
2022,5,3,4,156,-0.1841
2022,5,3,5,74,0.5563
2022,6,1,1,507,-10.9774
2022,6,1,2,266,-9.6174
2022,6,1,3,214,-10.8727
2022,6,1,4,575,-5.4128
2022,6,1,5,73,-10.0226
2022,6,2,1,246,-10.4555
2022,6,2,2,137,-8.2452
2022,6,2,3,116,-11.6369
2022,6,2,4,155,-5.1700
2022,6,2,5,65,-11.4268
2022,6,3,1,272,-9.8677
2022,6,3,2,160,-10.5787
2022,6,3,3,143,-9.0090
2022,6,3,4,148,-6.7922
2022,6,3,5,113,-11.9648
2022,7,1,1,450,9.7183
2022,7,1,2,309,10.6565
2022,7,1,3,183,8.2688
2022,7,1,4,587,-2.0171
2022,7,1,5,96,9.7177
2022,7,2,1,226,13.1769
2022,7,2,2,160,14.6586
2022,7,2,3,125,12.2887
2022,7,2,4,175,9.1513
2022,7,2,5,66,6.1830
2022,7,3,1,262,13.9466
2022,7,3,2,175,12.9705
2022,7,3,3,164,9.2262
2022,7,3,4,121,4.8773
2022,7,3,5,146,3.7532
2022,8,1,1,381,-6.8306
2022,8,1,2,304,-2.0456
2022,8,1,3,192,-3.0153
2022,8,1,4,667,-2.9577
2022,8,1,5,76,3.7054
2022,8,2,1,196,-4.6775
2022,8,2,2,161,-2.1200
2022,8,2,3,130,-0.9465
2022,8,2,4,213,-2.5043
2022,8,2,5,63,-0.8004
2022,8,3,1,222,-4.2160
2022,8,3,2,193,-3.7944
2022,8,3,3,145,-5.1171
2022,8,3,4,170,-4.1767
2022,8,3,5,123,0.0160
2022,9,1,1,200,-14.0984
2022,9,1,2,502,-14.6255
2022,9,1,3,219,-14.0753
2022,9,1,4,582,-15.4977
2022,9,1,5,120,-14.3226
2022,9,2,1,92,-9.5632
2022,9,2,2,267,-12.6226
2022,9,2,3,119,-11.5414
2022,9,2,4,192,-12.4387
2022,9,2,5,98,-12.3477
2022,9,3,1,94,-8.4120
2022,9,3,2,331,-12.3107
2022,9,3,3,134,-8.1154
2022,9,3,4,130,-8.4184
2022,9,3,5,164,-6.9153
2022,10,1,1,233,7.1912
2022,10,1,2,407,9.4742
2022,10,1,3,259,7.6896
2022,10,1,4,110,10.9933
2022,10,1,5,591,9.6404
2022,10,2,1,149,14.0831
2022,10,2,2,187,13.3390
2022,10,2,3,143,10.2613
2022,10,2,4,99,13.0720
2022,10,2,5,207,7.7363
2022,10,3,1,173,7.8558
2022,10,3,2,204,5.4822
2022,10,3,3,166,8.0298
2022,10,3,4,155,12.0305
2022,10,3,5,158,11.8987
2022,11,1,1,83,-6.3609
2022,11,1,2,446,-0.1235
2022,11,1,3,362,-4.2886
2022,11,1,4,155,0.7561
2022,11,1,5,574,6.3810
2022,11,2,1,62,6.6567
2022,11,2,2,251,3.5756
2022,11,2,3,143,0.2576
2022,11,2,4,118,4.1930
2022,11,2,5,190,4.6290
2022,11,3,1,55,9.4683
2022,11,3,2,283,7.2572
2022,11,3,3,191,6.1728
2022,11,3,4,193,5.7286
2022,11,3,5,122,3.0762
2022,12,1,1,90,-9.6684
2022,12,1,2,521,-7.0572
2022,12,1,3,274,-8.7477
2022,12,1,4,139,-6.4326
2022,12,1,5,602,-5.9865
2022,12,2,1,43,-5.9459
2022,12,2,2,279,-5.1781
2022,12,2,3,126,-7.3437
2022,12,2,4,112,-4.2456
2022,12,2,5,200,-7.8886
2022,12,3,1,64,-8.2281
2022,12,3,2,372,-5.3094
2022,12,3,3,136,-4.0528
2022,12,3,4,140,-5.3308
2022,12,3,5,127,-4.5807
2023,1,1,1,248,19.8213
2023,1,1,2,394,16.8032
2023,1,1,3,594,12.7715
2023,1,1,4,251,12.2423
2023,1,1,5,133,15.7785
2023,1,2,1,134,14.8511
2023,1,2,2,196,11.6316
2023,1,2,3,182,9.5668
2023,1,2,4,127,12.3953
2023,1,2,5,111,12.8205
2023,1,3,1,168,14.8130
2023,1,3,2,269,5.7198
2023,1,3,3,145,2.6716
2023,1,3,4,130,5.5127
2023,1,3,5,116,9.6599
2023,2,1,1,377,-7.6751
2023,2,1,2,234,-5.2301
2023,2,1,3,722,-4.1423
2023,2,1,4,117,-1.2204
2023,2,1,5,137,-6.0054
2023,2,2,1,212,-1.5973
2023,2,2,2,121,-0.5130
2023,2,2,3,246,-0.7987
2023,2,2,4,93,-2.8169
2023,2,2,5,105,-3.0251
2023,2,3,1,242,0.7602
2023,2,3,2,185,-5.0385
2023,2,3,3,185,-1.3507
2023,2,3,4,91,-2.2984
2023,2,3,5,121,-3.6594
2023,3,1,1,434,-6.7132
2023,3,1,2,91,-16.1887
2023,3,1,3,799,-6.3508
2023,3,1,4,142,-6.4228
2023,3,1,5,129,-3.5841
2023,3,2,1,251,-3.6348
2023,3,2,2,51,-1.8435
2023,3,2,3,264,-2.6459
2023,3,2,4,109,-2.0505
2023,3,2,5,94,0.0241
2023,3,3,1,298,0.9949
2023,3,3,2,80,1.7050
2023,3,3,3,240,1.1158
2023,3,3,4,93,2.2970
2023,3,3,5,101,0.8370
2023,4,1,1,767,-5.3872
2023,4,1,2,167,-5.0752
2023,4,1,3,107,-8.7841
2023,4,1,4,369,-4.9308
2023,4,1,5,188,-3.2883
2023,4,2,1,255,-3.0975
2023,4,2,2,77,-3.3637
2023,4,2,3,71,-1.5430
2023,4,2,4,213,-2.9941
2023,4,2,5,129,-3.4010
2023,4,3,1,225,0.4405
2023,4,3,2,116,-0.7701
2023,4,3,3,94,2.1224
2023,4,3,4,233,1.4964
2023,4,3,5,145,-1.5770
2023,5,1,1,115,-2.7486
2023,5,1,2,766,-1.7929
2023,5,1,3,171,-2.9423
2023,5,1,4,154,1.2812
2023,5,1,5,405,-2.1487
2023,5,2,1,85,-3.3340
2023,5,2,2,216,-2.7774
2023,5,2,3,115,-1.5669
2023,5,2,4,104,0.0626
2023,5,2,5,197,0.4846
2023,5,3,1,81,-7.7545
2023,5,3,2,195,-4.1265
2023,5,3,3,181,-3.8092
2023,5,3,4,116,-3.9456
2023,5,3,5,251,-1.7131
2023,6,1,1,119,10.2399
2023,6,1,2,98,1.3975
2023,6,1,3,716,5.3164
2023,6,1,4,243,13.9172
2023,6,1,5,403,9.4486
2023,6,2,1,86,10.2734
2023,6,2,2,62,10.3351
2023,6,2,3,233,5.7972
2023,6,2,4,136,9.9084
2023,6,2,5,220,11.2135
2023,6,3,1,91,12.9824
2023,6,3,2,132,8.2008
2023,6,3,3,200,6.4254
2023,6,3,4,145,11.0849
2023,6,3,5,261,10.1358
2023,7,1,1,580,6.0741
2023,7,1,2,110,-0.1025
2023,7,1,3,210,3.7248
2023,7,1,4,333,6.9213
2023,7,1,5,319,6.8811
2023,7,2,1,185,6.7290
2023,7,2,2,63,3.2126
2023,7,2,3,91,5.6916
2023,7,2,4,174,7.2120
2023,7,2,5,201,3.3180
2023,7,3,1,185,2.3951
2023,7,3,2,101,1.4759
2023,7,3,3,97,3.1149
2023,7,3,4,192,3.1543
2023,7,3,5,236,4.6620
2023,8,1,1,141,-6.6878
2023,8,1,2,576,-5.6161
2023,8,1,3,309,-5.0976
2023,8,1,4,206,-6.9834
2023,8,1,5,341,-7.2346
2023,8,2,1,85,-1.4361
2023,8,2,2,167,-4.5339
2023,8,2,3,132,-2.3344
2023,8,2,4,103,-3.8361
2023,8,2,5,204,-6.7114
2023,8,3,1,93,-3.4633
2023,8,3,2,194,-1.2624
2023,8,3,3,135,-1.1385
2023,8,3,4,137,-1.9548
2023,8,3,5,246,-2.0846
2023,9,1,1,127,-6.0842
2023,9,1,2,326,-5.1653
2023,9,1,3,109,-3.3093
2023,9,1,4,628,-4.6403
2023,9,1,5,375,-7.1951
2023,9,2,1,73,-4.3169
2023,9,2,2,134,-7.0876
2023,9,2,3,73,-3.8979
2023,9,2,4,196,-7.4836
2023,9,2,5,213,-7.2751
2023,9,3,1,87,-5.3403
2023,9,3,2,180,-6.0694
2023,9,3,3,100,-4.8311
2023,9,3,4,169,-5.0222
2023,9,3,5,271,-6.7403
2023,10,1,1,176,-3.9035
2023,10,1,2,163,-9.9326
2023,10,1,3,686,-15.4680
2023,10,1,4,242,-8.7541
2023,10,1,5,319,-9.0551
2023,10,2,1,79,-3.7525
2023,10,2,2,75,-4.9017
2023,10,2,3,187,-7.7457
2023,10,2,4,136,-8.8271
2023,10,2,5,190,-8.2196
2023,10,3,1,126,0.2054
2023,10,3,2,117,-4.6413
2023,10,3,3,143,-3.9045
2023,10,3,4,168,-3.1844
2023,10,3,5,250,-9.0616
2023,11,1,1,205,13.2933
2023,11,1,2,140,7.9500
2023,11,1,3,677,7.3981
2023,11,1,4,211,4.1365
2023,11,1,5,355,7.5261
2023,11,2,1,62,14.0517
2023,11,2,2,82,7.0807
2023,11,2,3,184,7.4392
2023,11,2,4,137,8.2405
2023,11,2,5,197,9.2745
2023,11,3,1,92,6.5276
2023,11,3,2,131,6.5088
2023,11,3,3,156,8.7768
2023,11,3,4,180,8.5656
2023,11,3,5,238,9.6555
2023,12,1,1,205,7.4978
2023,12,1,2,609,13.1637
2023,12,1,3,310,9.8377
2023,12,1,4,182,11.2462
2023,12,1,5,280,11.5223
2023,12,2,1,57,7.5552
2023,12,2,2,165,12.0238
2023,12,2,3,139,9.6225
2023,12,2,4,131,10.3371
2023,12,2,5,158,11.9111
2023,12,3,1,78,6.9687
2023,12,3,2,198,5.1941
2023,12,3,3,173,3.8920
2023,12,3,4,146,6.5325
2023,12,3,5,203,8.3735
2024,1,1,1,235,-7.5748
2024,1,1,2,94,-5.6639
2024,1,1,3,669,-4.7881
2024,1,1,4,291,-7.7686
2024,1,1,5,276,-4.2419
2024,1,2,1,75,-4.2434
2024,1,2,2,54,-9.4040
2024,1,2,3,194,-5.3033
2024,1,2,4,167,-5.7727
2024,1,2,5,157,-3.3965
2024,1,3,1,102,-5.0758
2024,1,3,2,110,-1.5144
2024,1,3,3,198,1.1125
2024,1,3,4,191,-0.4737
2024,1,3,5,204,3.1785
2024,2,1,1,148,3.7049
2024,2,1,2,223,3.8975
2024,2,1,3,254,3.0670
2024,2,1,4,660,5.0768
2024,2,1,5,256,0.5747
2024,2,2,1,60,1.5026
2024,2,2,2,102,6.0876
2024,2,2,3,134,6.6998
2024,2,2,4,220,2.8279
2024,2,2,5,147,2.5233
2024,2,3,1,85,5.9065
2024,2,3,2,165,4.2904
2024,2,3,3,169,6.1236
2024,2,3,4,201,6.7885
2024,2,3,5,187,3.8904
2024,3,1,1,161,10.0255
2024,3,1,2,113,2.2228
2024,3,1,3,725,-0.5153
2024,3,1,4,165,2.3712
2024,3,1,5,368,1.8562
2024,3,2,1,73,8.0829
2024,3,2,2,73,3.5949
2024,3,2,3,215,2.1717
2024,3,2,4,117,2.7321
2024,3,2,5,192,4.0743
2024,3,3,1,102,6.6604
2024,3,3,2,120,6.8019
2024,3,3,3,188,3.6959
2024,3,3,4,137,4.0209
2024,3,3,5,253,1.8309
2024,4,1,1,115,-5.3214
2024,4,1,2,137,-4.9413
2024,4,1,3,548,-8.5959
2024,4,1,4,520,-8.7011
2024,4,1,5,207,-7.6194
2024,4,2,1,66,-3.5484
2024,4,2,2,83,-5.2814
2024,4,2,3,175,-8.6764
2024,4,2,4,239,-5.9532
2024,4,2,5,110,-6.0471
2024,4,3,1,86,-0.2307
2024,4,3,2,126,-4.3320
2024,4,3,3,145,-4.4615
2024,4,3,4,274,-5.1654
2024,4,3,5,154,-3.3709
2024,5,1,1,133,11.1978
2024,5,1,2,545,7.4181
2024,5,1,3,296,2.1763
2024,5,1,4,356,7.5439
2024,5,1,5,201,5.3865
2024,5,2,1,85,5.2448
2024,5,2,2,166,8.9600
2024,5,2,3,172,7.6927
2024,5,2,4,127,2.3790
2024,5,2,5,117,7.5134
2024,5,3,1,87,2.0349
2024,5,3,2,182,1.7903
2024,5,3,3,192,2.0536
2024,5,3,4,165,5.1386
2024,5,3,5,155,3.6227
2024,6,1,1,142,-6.7171
2024,6,1,2,228,-5.5201
2024,6,1,3,801,-3.7222
2024,6,1,4,166,-2.6638
2024,6,1,5,190,-7.6465
2024,6,2,1,83,-4.6115
2024,6,2,2,114,-1.9287
2024,6,2,3,270,-3.1379
2024,6,2,4,89,-2.8451
2024,6,2,5,100,-6.2391
2024,6,3,1,88,-3.5045
2024,6,3,2,131,-0.1711
2024,6,3,3,258,-0.9196
2024,6,3,4,160,0.2379
2024,6,3,5,144,-2.6424
2024,7,1,1,169,7.9770
2024,7,1,2,220,9.7733
2024,7,1,3,186,14.5606
2024,7,1,4,514,9.1601
2024,7,1,5,357,10.4812
2024,7,2,1,88,6.6905
2024,7,2,2,132,11.1460
2024,7,2,3,72,6.8558
2024,7,2,4,190,10.4457
2024,7,2,5,185,4.3232
2024,7,3,1,98,5.9901
2024,7,3,2,141,8.9642
2024,7,3,3,103,7.6296
2024,7,3,4,190,3.8524
2024,7,3,5,249,-0.0568
2024,8,1,1,219,-4.0195
2024,8,1,2,383,-0.8983
2024,8,1,3,536,-2.0517
2024,8,1,4,189,-10.4811
2024,8,1,5,123,-0.2868
2024,8,2,1,96,-1.9044
2024,8,2,2,217,-4.2281
2024,8,2,3,165,-3.6264
2024,8,2,4,94,-3.6156
2024,8,2,5,79,0.2008
2024,8,3,1,111,3.9077
2024,8,3,2,255,1.2033
2024,8,3,3,153,1.0584
2024,8,3,4,139,1.3845
2024,8,3,5,125,0.3127
2024,9,1,1,127,1.2037
2024,9,1,2,420,1.3380
2024,9,1,3,316,-0.9477
2024,9,1,4,430,1.8815
2024,9,1,5,142,2.0959
2024,9,2,1,92,2.5352
2024,9,2,2,197,0.9903
2024,9,2,3,158,0.5991
2024,9,2,4,124,5.0863
2024,9,2,5,85,5.4446
2024,9,3,1,91,2.6814
2024,9,3,2,249,4.4349
2024,9,3,3,226,2.2234
2024,9,3,4,76,2.4588
2024,9,3,5,138,2.2440
2024,10,1,1,124,-2.2815
2024,10,1,2,285,1.0908
2024,10,1,3,726,-1.5787
2024,10,1,4,162,1.7699
2024,10,1,5,133,-2.8362
2024,10,2,1,100,-3.5212
2024,10,2,2,125,0.4734
2024,10,2,3,257,-0.5279
2024,10,2,4,87,2.1851
2024,10,2,5,88,-4.3532
2024,10,3,1,100,-1.7478
2024,10,3,2,149,-2.3547
2024,10,3,3,275,-2.7312
2024,10,3,4,108,0.5262
2024,10,3,5,142,-5.2936
2024,11,1,1,99,9.4017
2024,11,1,2,195,18.5616
2024,11,1,3,586,5.8577
2024,11,1,4,397,14.8136
2024,11,1,5,151,11.8164
2024,11,2,1,74,14.8440
2024,11,2,2,106,9.9970
2024,11,2,3,178,15.0634
2024,11,2,4,185,14.1451
2024,11,2,5,113,12.0250
2024,11,3,1,80,11.4369
2024,11,3,2,137,4.2962
2024,11,3,3,158,4.8361
2024,11,3,4,247,5.0496
2024,11,3,5,152,11.6740
2024,12,1,1,499,-4.4832
2024,12,1,2,141,7.4044
2024,12,1,3,370,0.3416
2024,12,1,4,307,-1.7617
2024,12,1,5,117,-6.1661
2024,12,2,1,138,-9.5945
2024,12,2,2,78,-6.2799
2024,12,2,3,172,-5.5656
2024,12,2,4,168,-5.3454
2024,12,2,5,89,-7.0470
2024,12,3,1,129,-6.0160
2024,12,3,2,116,-8.7655
2024,12,3,3,202,-7.4344
2024,12,3,4,199,-4.5688
2024,12,3,5,129,-4.3027
2025,1,1,1,524,1.4910
2025,1,1,2,146,-0.9797
2025,1,1,3,357,1.7538
2025,1,1,4,190,-0.4476
2025,1,1,5,202,-2.7315
2025,1,2,1,178,0.8748
2025,1,2,2,71,-0.2629
2025,1,2,3,186,4.2407
2025,1,2,4,99,1.0567
2025,1,2,5,121,3.5596
2025,1,3,1,136,5.7328
2025,1,3,2,121,2.1009
2025,1,3,3,212,3.8439
2025,1,3,4,154,5.6833
2025,1,3,5,143,5.0900
2025,2,1,1,112,-5.3825
2025,2,1,2,509,-12.7411
2025,2,1,3,244,-10.5923
2025,2,1,4,321,-5.2549
2025,2,1,5,217,-8.2679
2025,2,2,1,61,-7.7995
2025,2,2,2,157,-6.3655
2025,2,2,3,140,-8.9710
2025,2,2,4,203,-6.6819
2025,2,2,5,95,-6.4349
2025,2,3,1,76,0.0501
2025,2,3,2,159,-2.3853
2025,2,3,3,167,0.2652
2025,2,3,4,255,-2.5603
2025,2,3,5,118,-7.3062
2025,3,1,1,115,-2.6721
2025,3,1,2,530,-9.6271
2025,3,1,3,198,-8.5293
2025,3,1,4,414,-11.3433
2025,3,1,5,147,-12.9892
2025,3,2,1,57,-4.5478
2025,3,2,2,162,-7.2918
2025,3,2,3,132,-5.4298
2025,3,2,4,203,-7.5810
2025,3,2,5,94,-5.3685
2025,3,3,1,96,-0.2242
2025,3,3,2,132,-2.2601
2025,3,3,3,152,-4.5754
2025,3,3,4,227,-5.2467
2025,3,3,5,162,-9.7953
2025,4,1,1,149,2.1951
2025,4,1,2,150,0.7894
2025,4,1,3,608,-4.9857
2025,4,1,4,374,-3.3409
2025,4,1,5,127,-4.4525
2025,4,2,1,71,-1.1197
2025,4,2,2,90,-2.4275
2025,4,2,3,214,-6.3721
2025,4,2,4,192,1.2473
2025,4,2,5,81,-2.4058
2025,4,3,1,92,-3.5805
2025,4,3,2,135,0.6568
2025,4,3,3,213,-2.1166
2025,4,3,4,190,1.4660
2025,4,3,5,131,-0.7253
2025,5,1,1,143,12.7861
2025,5,1,2,214,6.4177
2025,5,1,3,695,6.3590
2025,5,1,4,252,4.8100
2025,5,1,5,111,10.7311
2025,5,2,1,64,8.0382
2025,5,2,2,124,6.8577
2025,5,2,3,251,5.4353
2025,5,2,4,127,7.4891
2025,5,2,5,58,13.5816
2025,5,3,1,94,2.9646
2025,5,3,2,165,5.6620
2025,5,3,3,246,3.3100
2025,5,3,4,183,6.4010
2025,5,3,5,68,6.9471
2025,6,1,1,104,12.1400
2025,6,1,2,156,11.2961
2025,6,1,3,671,4.7010
2025,6,1,4,242,3.8551
2025,6,1,5,214,8.0951
2025,6,2,1,70,2.7602
2025,6,2,2,87,9.6096
2025,6,2,3,247,5.9885
2025,6,2,4,110,3.6080
2025,6,2,5,128,5.4104
2025,6,3,1,105,3.2433
2025,6,3,2,95,6.9024
2025,6,3,3,219,2.1312
2025,6,3,4,134,3.3832
2025,6,3,5,207,4.3643
2025,7,1,1,105,3.8927
2025,7,1,2,574,2.2925
2025,7,1,3,335,2.9246
2025,7,1,4,229,-1.3781
2025,7,1,5,104,2.1485
2025,7,2,1,61,-0.0854
2025,7,2,2,216,2.4020
2025,7,2,3,150,3.4341
2025,7,2,4,144,1.3658
2025,7,2,5,65,1.3548
2025,7,3,1,86,2.3100
2025,7,3,2,180,2.1191
2025,7,3,3,198,2.3471
2025,7,3,4,229,1.5546
2025,7,3,5,75,-2.0206
2025,8,1,1,120,8.3462
2025,8,1,2,647,9.2003
2025,8,1,3,177,1.6741
2025,8,1,4,118,0.6328
2025,8,1,5,273,15.2687
2025,8,2,1,67,10.5611
2025,8,2,2,222,8.4494
2025,8,2,3,103,3.9448
2025,8,2,4,89,4.8203
2025,8,2,5,157,9.2865
2025,8,3,1,97,5.1875
2025,8,3,2,181,4.6414
2025,8,3,3,139,2.1069
2025,8,3,4,142,2.2956
2025,8,3,5,208,5.3937
2025,9,1,1,567,0.2943
2025,9,1,2,230,2.9900
2025,9,1,3,177,0.9455
2025,9,1,4,222,-2.1158
2025,9,1,5,136,10.3506
2025,9,2,1,174,-3.1885
2025,9,2,2,132,-1.0441
2025,9,2,3,115,-0.9233
2025,9,2,4,133,-1.3134
2025,9,2,5,80,9.6616
2025,9,3,1,143,-3.9097
2025,9,3,2,172,-0.6722
2025,9,3,3,183,0.4390
2025,9,3,4,157,3.2221
2025,9,3,5,111,7.9023
2025,10,1,1,234,-3.9480
2025,10,1,2,535,-2.5859
2025,10,1,3,172,-1.5080
2025,10,1,4,233,-2.2352
2025,10,1,5,135,0.5587
2025,10,2,1,105,-5.0470
2025,10,2,2,222,-2.9100
2025,10,2,3,109,1.2672
2025,10,2,4,120,-4.7885
2025,10,2,5,91,3.1362
2025,10,3,1,127,-1.6239
2025,10,3,2,165,-5.1938
2025,10,3,3,188,1.1792
2025,10,3,4,186,2.3385
2025,10,3,5,107,2.5658
2025,11,1,1,280,1.1610
2025,11,1,2,116,-0.9970
2025,11,1,3,491,2.9457
2025,11,1,4,265,-6.7988
2025,11,1,5,139,-2.7358
2025,11,2,1,125,3.0251
2025,11,2,2,87,0.2342
2025,11,2,3,216,5.6112
2025,11,2,4,129,-1.8804
2025,11,2,5,90,-3.3518
2025,11,3,1,143,1.3258
2025,11,3,2,93,2.3790
2025,11,3,3,207,3.7133
2025,11,3,4,218,0.3969
2025,11,3,5,123,-0.3523
2025,12,1,1,202,0.6253
2025,12,1,2,203,-3.6710
2025,12,1,3,155,2.5383
2025,12,1,4,251,1.1325
2025,12,1,5,474,2.0080
2025,12,2,1,109,2.3751
2025,12,2,2,99,1.7183
2025,12,2,3,106,-0.1860
2025,12,2,4,146,1.6806
2025,12,2,5,195,0.5607
2025,12,3,1,118,0.4671
2025,12,3,2,121,-0.2346
2025,12,3,3,174,-0.2528
2025,12,3,4,192,0.5149
2025,12,3,5,175,0.0797
