year,month,rank_ME,rank_SIM_12,nstocks,ret_vw
1967,1,1,1,218,20.4947
1967,1,1,2,132,23.9552
1967,1,1,3,256,17.3122
1967,1,1,4,148,19.6460
1967,1,1,5,128,19.6685
1967,1,2,1,85,15.5526
1967,1,2,2,72,18.5541
1967,1,2,3,98,13.4575
1967,1,2,4,66,17.2883
1967,1,2,5,73,15.7351
1967,1,3,1,137,9.2963
1967,1,3,2,84,13.1341
1967,1,3,3,129,8.7361
1967,1,3,4,78,8.6534
1967,1,3,5,168,3.7858
1967,2,1,1,301,5.4186
1967,2,1,2,276,4.2082
1967,2,1,3,417,6.5540
1967,2,1,4,354,6.0243
1967,2,1,5,218,3.0841
1967,2,2,1,150,1.1903
1967,2,2,2,147,2.0418
1967,2,2,3,156,3.5154
1967,2,2,4,136,2.7903
1967,2,2,5,110,1.8347
1967,2,3,1,314,1.3265
1967,2,3,2,171,0.1356
1967,2,3,3,206,3.9078
1967,2,3,4,156,0.8236
1967,2,3,5,214,-0.8317
1967,3,1,1,424,6.6096
1967,3,1,2,342,7.1831
1967,3,1,3,516,6.7986
1967,3,1,4,467,6.8451
1967,3,1,5,329,7.7332
1967,3,2,1,225,6.3084
1967,3,2,2,194,6.1125
1967,3,2,3,209,6.4416
1967,3,2,4,180,5.1196
1967,3,2,5,150,8.1102
1967,3,3,1,382,4.4753
1967,3,3,2,312,5.0564
1967,3,3,3,272,4.2354
1967,3,3,4,248,5.2645
1967,3,3,5,269,4.3680
1967,4,1,1,511,3.5733
1967,4,1,2,551,4.2830
1967,4,1,3,599,4.9120
1967,4,1,4,547,5.5304
1967,4,1,5,352,4.2274
1967,4,2,1,250,2.6138
1967,4,2,2,250,2.7100
1967,4,2,3,266,3.8583
1967,4,2,4,228,4.3181
1967,4,2,5,169,3.4765
1967,4,3,1,426,4.8181
1967,4,3,2,387,4.7254
1967,4,3,3,329,4.7386
1967,4,3,4,290,3.6345
1967,4,3,5,283,6.7462
1967,5,1,1,529,0.0359
1967,5,1,2,615,0.4333
1967,5,1,3,665,0.2351
1967,5,1,4,587,-0.6928
1967,5,1,5,425,-0.9176
1967,5,2,1,261,-1.7670
1967,5,2,2,293,-1.9526
1967,5,2,3,288,-1.2630
1967,5,2,4,252,-1.8274
1967,5,2,5,207,-1.4071
1967,5,3,1,440,-3.7156
1967,5,3,2,419,-4.8281
1967,5,3,3,353,-4.5479
1967,5,3,4,328,-4.5059
1967,5,3,5,338,-4.7262
1967,6,1,1,594,10.2378
1967,6,1,2,648,11.5626
1967,6,1,3,701,11.9387
1967,6,1,4,669,11.9422
1967,6,1,5,664,12.7808
1967,6,2,1,292,6.1178
1967,6,2,2,314,6.8079
1967,6,2,3,308,7.6506
1967,6,2,4,296,7.2640
1967,6,2,5,310,8.6071
1967,6,3,1,460,1.5925
1967,6,3,2,446,1.8920
1967,6,3,3,394,2.6465
1967,6,3,4,440,2.2923
1967,6,3,5,469,3.1786
1967,7,1,1,600,9.6707
1967,7,1,2,686,9.0706
1967,7,1,3,701,9.5138
1967,7,1,4,672,8.5534
1967,7,1,5,671,9.7069
1967,7,2,1,304,7.7667
1967,7,2,2,343,7.6097
1967,7,2,3,318,7.6573
1967,7,2,4,320,6.9997
1967,7,2,5,318,8.0396
1967,7,3,1,468,5.6211
1967,7,3,2,474,3.6659
1967,7,3,3,403,4.8218
1967,7,3,4,445,4.9718
1967,7,3,5,483,4.9262
1967,8,1,1,751,0.4051
1967,8,1,2,763,0.5487
1967,8,1,3,709,-0.6062
1967,8,1,4,701,0.4011
1967,8,1,5,690,1.2553
1967,8,2,1,362,-0.4272
1967,8,2,2,385,0.0069
1967,8,2,3,332,-1.4482
1967,8,2,4,342,0.6364
1967,8,2,5,334,0.3921
1967,8,3,1,528,-0.7493
1967,8,3,2,528,-0.7441
1967,8,3,3,402,-0.1242
1967,8,3,4,459,-0.4868
1967,8,3,5,497,-0.5300
1967,9,1,1,772,7.7109
1967,9,1,2,791,7.7986
1967,9,1,3,752,8.1897
1967,9,1,4,703,8.4895
1967,9,1,5,706,8.9877
1967,9,2,1,377,3.9525
1967,9,2,2,408,4.3369
1967,9,2,3,365,5.3053
1967,9,2,4,347,4.5966
1967,9,2,5,352,5.4990
1967,9,3,1,545,3.0543
1967,9,3,2,540,2.6915
1967,9,3,3,428,3.8409
1967,9,3,4,466,2.7484
1967,9,3,5,506,4.0226
1967,10,1,1,779,-1.6980
1967,10,1,2,822,-1.9562
1967,10,1,3,762,-0.7538
1967,10,1,4,730,-1.3697
1967,10,1,5,713,-1.1289
1967,10,2,1,391,-3.4583
1967,10,2,2,428,-3.1217
1967,10,2,3,369,-1.6027
1967,10,2,4,361,-2.3776
1967,10,2,5,358,-2.2833
1967,10,3,1,546,-3.7356
1967,10,3,2,548,-3.9855
1967,10,3,3,431,-2.3814
1967,10,3,4,473,-3.9234
1967,10,3,5,511,-1.8832
1967,11,1,1,793,0.3705
1967,11,1,2,823,0.0551
1967,11,1,3,793,0.2233
1967,11,1,4,813,-0.2623
1967,11,1,5,728,0.3598
1967,11,2,1,392,0.8819
1967,11,2,2,429,0.8970
1967,11,2,3,401,1.2738
1967,11,2,4,408,1.7756
1967,11,2,5,369,0.9988
1967,11,3,1,555,0.3156
1967,11,3,2,551,0.6443
1967,11,3,3,523,1.4785
1967,11,3,4,545,0.2023
1967,11,3,5,519,0.3029
1967,12,1,1,788,11.0428
1967,12,1,2,820,9.4999
1967,12,1,3,838,11.4583
1967,12,1,4,817,10.0934
1967,12,1,5,745,11.4103
1967,12,2,1,393,6.7039
1967,12,2,2,436,6.8905
1967,12,2,3,437,7.3753
1967,12,2,4,410,6.7635
1967,12,2,5,403,7.6063
1967,12,3,1,555,3.6421
1967,12,3,2,555,3.0134
1967,12,3,3,545,1.8341
1967,12,3,4,545,2.3519
1967,12,3,5,526,2.4038
1968,1,1,1,781,3.5662
1968,1,1,2,795,3.2230
1968,1,1,3,834,2.2046
1968,1,1,4,825,2.8378
1968,1,1,5,763,3.5351
1968,1,2,1,404,-0.1663
1968,1,2,2,435,-0.3097
1968,1,2,3,435,-1.8512
1968,1,2,4,429,-1.1438
1968,1,2,5,409,-1.3834
1968,1,3,1,546,-3.7585
1968,1,3,2,546,-4.2796
1968,1,3,3,540,-6.3854
1968,1,3,4,564,-4.6588
1968,1,3,5,518,-4.1214
1968,2,1,1,825,-7.0117
1968,2,1,2,752,-6.2984
1968,2,1,3,842,-8.0267
1968,2,1,4,812,-6.5103
1968,2,1,5,715,-6.8078
1968,2,2,1,435,-4.8077
1968,2,2,2,421,-4.3031
1968,2,2,3,445,-6.4214
1968,2,2,4,431,-5.3203
1968,2,2,5,386,-5.5472
1968,2,3,1,581,-3.1902
1968,2,3,2,543,-3.0069
1968,2,3,3,547,-3.4133
1968,2,3,4,563,-3.1951
1968,2,3,5,512,-2.8578
1968,3,1,1,820,-1.6840
1968,3,1,2,760,-1.7886
1968,3,1,3,840,-1.1350
1968,3,1,4,811,-1.8618
1968,3,1,5,737,-0.6506
1968,3,2,1,440,-1.6514
1968,3,2,2,416,-1.4824
1968,3,2,3,439,-0.9901
1968,3,2,4,438,-1.2373
1968,3,2,5,407,-0.5641
1968,3,3,1,581,0.2570
1968,3,3,2,538,0.8194
1968,3,3,3,542,1.4039
1968,3,3,4,563,0.6448
1968,3,3,5,534,1.0691
1968,4,1,1,818,17.0256
1968,4,1,2,766,16.4786
1968,4,1,3,791,16.8680
1968,4,1,4,810,15.6961
1968,4,1,5,747,16.8314
1968,4,2,1,445,13.6407
1968,4,2,2,415,14.1892
1968,4,2,3,413,14.8435
1968,4,2,4,442,13.9053
1968,4,2,5,413,14.3984
1968,4,3,1,584,8.8854
1968,4,3,2,522,8.6127
1968,4,3,3,505,10.9788
1968,4,3,4,561,8.9628
1968,4,3,5,536,9.1196
1968,5,1,1,777,10.7733
1968,5,1,2,645,11.2416
1968,5,1,3,775,11.9733
1968,5,1,4,802,12.5993
1968,5,1,5,719,12.5402
1968,5,2,1,426,5.9493
1968,5,2,2,387,6.9080
1968,5,2,3,410,7.4331
1968,5,2,4,438,7.2320
1968,5,2,5,396,6.6994
1968,5,3,1,544,1.7254
1968,5,3,2,485,1.7419
1968,5,3,3,498,2.1900
1968,5,3,4,567,2.2074
1968,5,3,5,527,2.1607
1968,6,1,1,746,0.3334
1968,6,1,2,643,-0.4311
1968,6,1,3,777,0.9637
1968,6,1,4,810,0.2991
1968,6,1,5,744,1.0790
1968,6,2,1,419,0.4600
1968,6,2,2,387,0.5326
1968,6,2,3,404,-0.2870
1968,6,2,4,430,0.0992
1968,6,2,5,402,0.4898
1968,6,3,1,539,1.4236
1968,6,3,2,485,1.0615
1968,6,3,3,529,0.3534
1968,6,3,4,560,0.4907
1968,6,3,5,531,1.3462
1968,7,1,1,742,-3.0647
1968,7,1,2,622,-3.8675
1968,7,1,3,777,-3.4200
1968,7,1,4,804,-3.5099
1968,7,1,5,730,-2.7064
1968,7,2,1,410,-4.0353
1968,7,2,2,374,-3.6274
1968,7,2,3,411,-3.3374
1968,7,2,4,430,-3.9075
1968,7,2,5,409,-3.1832
1968,7,3,1,527,-2.8674
1968,7,3,2,473,-1.8939
1968,7,3,3,535,-3.6324
1968,7,3,4,565,-3.1675
1968,7,3,5,524,-1.4984
1968,8,1,1,760,3.6199
1968,8,1,2,575,4.6818
1968,8,1,3,788,5.5623
1968,8,1,4,805,5.2575
1968,8,1,5,709,4.4787
1968,8,2,1,419,2.8124
1968,8,2,2,362,3.4966
1968,8,2,3,428,4.1158
1968,8,2,4,438,4.3937
1968,8,2,5,399,3.6734
1968,8,3,1,535,1.6470
1968,8,3,2,460,1.5841
1968,8,3,3,548,1.7760
1968,8,3,4,578,2.1508
1968,8,3,5,521,1.2630
1968,9,1,1,753,6.2208
1968,9,1,2,612,6.6249
1968,9,1,3,774,6.8596
1968,9,1,4,754,7.5434
1968,9,1,5,663,7.3395
1968,9,2,1,423,6.0251
1968,9,2,2,363,6.6189
1968,9,2,3,428,7.3521
1968,9,2,4,410,7.4560
1968,9,2,5,376,6.8759
1968,9,3,1,536,4.2395
1968,9,3,2,461,4.1915
1968,9,3,3,535,5.1127
1968,9,3,4,547,4.0140
1968,9,3,5,501,4.0657
1968,10,1,1,783,-0.6734
1968,10,1,2,646,-0.7496
1968,10,1,3,778,0.2357
1968,10,1,4,709,0.4031
1968,10,1,5,679,0.7342
1968,10,2,1,431,1.1347
1968,10,2,2,369,0.5158
1968,10,2,3,428,0.0403
1968,10,2,4,400,0.6155
1968,10,2,5,385,1.8994
1968,10,3,1,551,0.3449
1968,10,3,2,482,1.4420
1968,10,3,3,529,1.2462
1968,10,3,4,534,1.3023
1968,10,3,5,499,0.7180
1968,11,1,1,778,6.9768
1968,11,1,2,759,7.1372
1968,11,1,3,822,6.5585
1968,11,1,4,755,7.6899
1968,11,1,5,713,7.5748
1968,11,2,1,429,7.9991
1968,11,2,2,406,8.6053
1968,11,2,3,425,7.8529
1968,11,2,4,424,7.9519
1968,11,2,5,396,7.5546
1968,11,3,1,552,6.2364
1968,11,3,2,520,4.3920
1968,11,3,3,482,4.8336
1968,11,3,4,549,5.6299
1968,11,3,5,523,5.3256
1968,12,1,1,784,1.7617
1968,12,1,2,772,2.8225
1968,12,1,3,776,2.3156
1968,12,1,4,828,2.2294
1968,12,1,5,704,2.9547
1968,12,2,1,434,-1.4759
1968,12,2,2,406,-1.7153
1968,12,2,3,402,-1.2262
1968,12,2,4,438,-0.7652
1968,12,2,5,390,-0.6157
1968,12,3,1,560,-3.4821
1968,12,3,2,522,-4.0279
1968,12,3,3,469,-3.4901
1968,12,3,4,575,-4.0525
1968,12,3,5,507,-3.6037
1969,1,1,1,781,-0.4290
1969,1,1,2,804,-1.1664
1969,1,1,3,823,-1.0061
1969,1,1,4,850,-1.1803
1969,1,1,5,684,-0.0516
1969,1,2,1,432,-0.7262
1969,1,2,2,424,-1.2508
1969,1,2,3,414,-1.3227
1969,1,2,4,454,-1.0926
1969,1,2,5,389,-0.9632
1969,1,3,1,556,-0.9095
1969,1,3,2,545,-1.1221
1969,1,3,3,486,-0.5627
1969,1,3,4,583,-0.8557
1969,1,3,5,483,-0.0774
1969,2,1,1,778,-10.1452
1969,2,1,2,792,-10.0154
1969,2,1,3,819,-9.9164
1969,2,1,4,838,-10.4458
1969,2,1,5,677,-10.1619
1969,2,2,1,430,-7.9978
1969,2,2,2,427,-8.4636
1969,2,2,3,405,-8.7387
1969,2,2,4,457,-9.0864
1969,2,2,5,388,-8.0201
1969,2,3,1,552,-4.7295
1969,2,3,2,531,-4.1927
1969,2,3,3,482,-4.8782
1969,2,3,4,582,-4.6700
1969,2,3,5,486,-5.0882
1969,3,1,1,773,1.4335
1969,3,1,2,801,1.9706
1969,3,1,3,812,2.2264
1969,3,1,4,789,2.8271
1969,3,1,5,684,3.2835
1969,3,2,1,433,1.3738
1969,3,2,2,441,1.9849
1969,3,2,3,395,2.6557
1969,3,2,4,430,2.8068
1969,3,2,5,391,2.7591
1969,3,3,1,557,2.5744
1969,3,3,2,541,3.5442
1969,3,3,3,471,2.9162
1969,3,3,4,556,3.2700
1969,3,3,5,489,3.3080
1969,4,1,1,765,-0.8954
1969,4,1,2,811,-0.7530
1969,4,1,3,806,-0.7410
1969,4,1,4,775,-0.5800
1969,4,1,5,708,-0.0870
1969,4,2,1,431,-0.1537
1969,4,2,2,448,0.1790
1969,4,2,3,392,0.7581
1969,4,2,4,418,1.5600
1969,4,2,5,402,1.1470
1969,4,3,1,553,2.4295
1969,4,3,2,572,1.6917
1969,4,3,3,473,1.6094
1969,4,3,4,547,2.6225
1969,4,3,5,501,2.1575
1969,5,1,1,750,0.0018
1969,5,1,2,803,0.3291
1969,5,1,3,812,-0.0535
1969,5,1,4,772,1.5173
1969,5,1,5,701,2.7436
1969,5,2,1,410,-0.7152
1969,5,2,2,450,-0.1970
1969,5,2,3,429,-0.5516
1969,5,2,4,416,1.1450
1969,5,2,5,404,1.1749
1969,5,3,1,538,0.0264
1969,5,3,2,564,0.3464
1969,5,3,3,552,0.3983
1969,5,3,4,552,0.5113
1969,5,3,5,501,0.3140
1969,6,1,1,748,-12.7933
1969,6,1,2,802,-13.3892
1969,6,1,3,713,-12.8260
1969,6,1,4,786,-13.5366
1969,6,1,5,698,-13.9722
1969,6,2,1,408,-10.7135
1969,6,2,2,452,-11.7568
1969,6,2,3,397,-11.4200
1969,6,2,4,442,-11.4356
1969,6,2,5,405,-11.3472
1969,6,3,1,530,-4.6394
1969,6,3,2,563,-5.8609
1969,6,3,3,515,-6.0116
1969,6,3,4,581,-5.4779
1969,6,3,5,498,-6.9695
1969,7,1,1,738,-10.4199
1969,7,1,2,830,-11.3542
1969,7,1,3,701,-10.9734
1969,7,1,4,794,-11.8882
1969,7,1,5,746,-11.0039
1969,7,2,1,410,-9.1173
1969,7,2,2,462,-9.6725
1969,7,2,3,390,-9.4044
1969,7,2,4,453,-9.5976
1969,7,2,5,427,-9.0088
1969,7,3,1,529,-5.9524
1969,7,3,2,557,-6.2637
1969,7,3,3,509,-5.9452
1969,7,3,4,579,-5.6321
1969,7,3,5,546,-5.8643
1969,8,1,1,791,4.3304
1969,8,1,2,854,4.7610
1969,8,1,3,693,4.5809
1969,8,1,4,797,4.8654
1969,8,1,5,744,4.5125
1969,8,2,1,441,6.4397
1969,8,2,2,472,6.2578
1969,8,2,3,371,5.8698
1969,8,2,4,450,6.8104
1969,8,2,5,427,6.7603
1969,8,3,1,569,4.7781
1969,8,3,2,566,4.4138
1969,8,3,3,478,4.3854
1969,8,3,4,574,4.8578
1969,8,3,5,545,4.2531
1969,9,1,1,797,-2.9998
1969,9,1,2,864,-3.2204
1969,9,1,3,710,-3.4963
1969,9,1,4,817,-2.7135
1969,9,1,5,751,-2.6232
1969,9,2,1,436,-1.0434
1969,9,2,2,463,-1.0182
1969,9,2,3,373,-0.4298
1969,9,2,4,458,0.0126
1969,9,2,5,441,-1.5079
1969,9,3,1,558,-1.8418
1969,9,3,2,565,-3.2170
1969,9,3,3,482,-1.3346
1969,9,3,4,586,-1.6725
1969,9,3,5,550,-3.0669
1969,10,1,1,786,10.2232
1969,10,1,2,826,9.4303
1969,10,1,3,711,9.9557
1969,10,1,4,837,11.1374
1969,10,1,5,783,9.9572
1969,10,2,1,436,7.8509
1969,10,2,2,449,7.0308
1969,10,2,3,382,7.3058
1969,10,2,4,466,8.2439
1969,10,2,5,454,6.8950
1969,10,3,1,562,5.2510
1969,10,3,2,535,4.7673
1969,10,3,3,489,5.6792
1969,10,3,4,588,5.6148
1969,10,3,5,569,5.1771
1969,11,1,1,785,-6.5211
1969,11,1,2,816,-6.9959
1969,11,1,3,659,-6.5481
1969,11,1,4,820,-6.2766
1969,11,1,5,835,-6.5025
1969,11,2,1,446,-4.4554
1969,11,2,2,447,-4.5681
1969,11,2,3,362,-4.7181
1969,11,2,4,460,-4.2516
1969,11,2,5,463,-4.3398
1969,11,3,1,561,-2.9544
1969,11,3,2,540,-3.7552
1969,11,3,3,459,-2.9914
1969,11,3,4,572,-2.7671
1969,11,3,5,579,-2.6473
1969,12,1,1,784,-7.5550
1969,12,1,2,810,-8.6369
1969,12,1,3,778,-7.2687
1969,12,1,4,777,-7.8958
1969,12,1,5,830,-8.1342
1969,12,2,1,447,-5.5774
1969,12,2,2,450,-5.5377
1969,12,2,3,411,-4.2761
1969,12,2,4,434,-4.6312
1969,12,2,5,455,-4.8189
1969,12,3,1,566,-1.7516
1969,12,3,2,538,-2.7713
1969,12,3,3,510,-1.2764
1969,12,3,4,532,-1.0388
1969,12,3,5,581,-1.2016
1970,1,1,1,775,-2.0592
1970,1,1,2,819,-2.1650
1970,1,1,3,786,-2.4473
1970,1,1,4,788,-3.0649
1970,1,1,5,842,-3.8004
1970,1,2,1,434,-5.0501
1970,1,2,2,448,-5.7736
1970,1,2,3,417,-5.8955
1970,1,2,4,442,-6.8940
1970,1,2,5,460,-6.3598
1970,1,3,1,526,-7.3129
1970,1,3,2,552,-7.8587
1970,1,3,3,517,-7.4894
1970,1,3,4,533,-7.9205
1970,1,3,5,588,-7.4192
1970,2,1,1,779,2.9941
1970,2,1,2,864,2.9827
1970,2,1,3,827,3.4239
1970,2,1,4,803,2.0263
1970,2,1,5,826,2.9469
1970,2,2,1,438,5.1471
1970,2,2,2,465,3.2625
1970,2,2,3,440,3.1113
1970,2,2,4,446,3.1269
1970,2,2,5,451,3.7908
1970,2,3,1,531,6.4209
1970,2,3,2,576,6.0346
1970,2,3,3,561,5.4005
1970,2,3,4,539,5.6273
1970,2,3,5,588,5.7507
1970,3,1,1,783,-2.4777
1970,3,1,2,874,-3.6479
1970,3,1,3,838,-3.4704
1970,3,1,4,788,-4.1073
1970,3,1,5,852,-3.5551
1970,3,2,1,438,-1.3230
1970,3,2,2,465,-2.0050
1970,3,2,3,452,-1.6528
1970,3,2,4,413,-3.3015
1970,3,2,5,458,-1.9906
1970,3,3,1,566,0.3758
1970,3,3,2,575,-0.0821
1970,3,3,3,562,0.5427
1970,3,3,4,461,-0.0413
1970,3,3,5,593,-0.2614
1970,4,1,1,791,-16.2102
1970,4,1,2,826,-18.4161
1970,4,1,3,851,-17.3536
1970,4,1,4,829,-18.5227
1970,4,1,5,854,-18.4026
1970,4,2,1,449,-15.3416
1970,4,2,2,424,-16.0998
1970,4,2,3,465,-14.4603
1970,4,2,4,450,-16.4823
1970,4,2,5,456,-15.5102
1970,4,3,1,569,-9.4244
1970,4,3,2,443,-9.6822
1970,4,3,3,570,-8.9580
1970,4,3,4,548,-9.9470
1970,4,3,5,589,-9.7919
1970,5,1,1,779,-9.2801
1970,5,1,2,830,-9.3597
1970,5,1,3,850,-8.6767
1970,5,1,4,823,-10.0162
1970,5,1,5,865,-8.6515
1970,5,2,1,448,-8.9965
1970,5,2,2,422,-11.4833
1970,5,2,3,460,-10.0556
1970,5,2,4,452,-10.5302
1970,5,2,5,470,-9.5422
1970,5,3,1,560,-4.2981
1970,5,3,2,475,-6.6972
1970,5,3,3,568,-5.9363
1970,5,3,4,547,-7.7810
1970,5,3,5,604,-6.2114
1970,6,1,1,838,-7.8704
1970,6,1,2,880,-9.2929
1970,6,1,3,851,-9.4131
1970,6,1,4,825,-9.0610
1970,6,1,5,860,-8.4528
1970,6,2,1,465,-6.4294
1970,6,2,2,444,-7.3760
1970,6,2,3,452,-7.0843
1970,6,2,4,443,-8.0878
1970,6,2,5,472,-7.5428
1970,6,3,1,566,-4.5417
1970,6,3,2,527,-5.8040
1970,6,3,3,575,-4.2250
1970,6,3,4,543,-5.0342
1970,6,3,5,606,-4.8545
1970,7,1,1,824,4.3151
1970,7,1,2,880,4.3146
1970,7,1,3,830,4.5550
1970,7,1,4,838,4.4631
1970,7,1,5,835,3.5762
1970,7,2,1,471,7.4489
1970,7,2,2,442,7.9171
1970,7,2,3,449,7.4426
1970,7,2,4,449,7.5254
1970,7,2,5,463,7.2408
1970,7,3,1,561,8.5364
1970,7,3,2,523,6.7413
1970,7,3,3,557,7.7063
1970,7,3,4,560,6.4131
1970,7,3,5,604,7.0742
1970,8,1,1,824,5.9297
1970,8,1,2,867,6.1491
1970,8,1,3,848,5.3221
1970,8,1,4,865,5.6833
1970,8,1,5,904,5.3402
1970,8,2,1,455,5.9815
1970,8,2,2,427,7.8470
1970,8,2,3,455,6.8213
1970,8,2,4,441,7.2232
1970,8,2,5,497,6.6623
1970,8,3,1,552,4.3492
1970,8,3,2,505,5.0694
1970,8,3,3,565,5.1344
1970,8,3,4,567,5.3112
1970,8,3,5,626,4.7357
1970,9,1,1,797,14.8618
1970,9,1,2,847,14.8403
1970,9,1,3,853,13.7197
1970,9,1,4,851,13.7900
1970,9,1,5,875,13.6368
1970,9,2,1,440,11.4856
1970,9,2,2,421,11.1092
1970,9,2,3,449,10.2159
1970,9,2,4,454,10.3960
1970,9,2,5,456,10.3126
1970,9,3,1,536,3.5412
1970,9,3,2,494,5.3335
1970,9,3,3,567,3.0162
1970,9,3,4,535,3.9014
1970,9,3,5,587,3.3861
1970,10,1,1,839,-5.9020
1970,10,1,2,854,-7.6801
1970,10,1,3,852,-7.3996
1970,10,1,4,850,-7.3758
1970,10,1,5,902,-6.9349
1970,10,2,1,446,-4.4890
1970,10,2,2,409,-5.2187
1970,10,2,3,446,-4.0287
1970,10,2,4,458,-4.6362
1970,10,2,5,479,-4.4693
1970,10,3,1,565,-0.9946
1970,10,3,2,497,-1.4078
1970,10,3,3,564,-1.0386
1970,10,3,4,545,-2.3839
1970,10,3,5,618,-1.3235
1970,11,1,1,832,-0.6142
1970,11,1,2,888,-1.9592
1970,11,1,3,813,-1.5811
1970,11,1,4,824,-1.3022
1970,11,1,5,890,-1.9650
1970,11,2,1,436,3.0758
1970,11,2,2,420,1.3325
1970,11,2,3,423,2.5442
1970,11,2,4,440,1.9824
1970,11,2,5,467,3.7003
1970,11,3,1,547,5.5997
1970,11,3,2,513,4.2562
1970,11,3,3,554,5.5868
1970,11,3,4,541,5.4994
1970,11,3,5,619,5.6245
1970,12,1,1,847,7.9929
1970,12,1,2,890,8.5348
1970,12,1,3,844,10.0748
1970,12,1,4,861,9.4567
1970,12,1,5,884,9.6462
1970,12,2,1,437,7.3865
1970,12,2,2,420,8.4455
1970,12,2,3,434,9.5857
1970,12,2,4,449,9.0976
1970,12,2,5,465,8.0954
1970,12,3,1,544,6.0388
1970,12,3,2,511,6.4759
1970,12,3,3,561,6.0167
1970,12,3,4,539,7.1828
1970,12,3,5,624,6.4074
1971,1,1,1,839,16.0205
1971,1,1,2,897,14.2616
1971,1,1,3,832,15.6600
1971,1,1,4,850,14.7922
1971,1,1,5,806,15.1992
1971,1,2,1,433,10.8323
1971,1,2,2,413,9.9713
1971,1,2,3,438,9.1970
1971,1,2,4,433,9.3665
1971,1,2,5,427,9.4014
1971,1,3,1,547,5.1260
1971,1,3,2,503,4.9704
1971,1,3,3,561,4.4165
1971,1,3,4,533,5.2712
1971,1,3,5,573,4.2614
1971,2,1,1,846,5.2945
1971,2,1,2,905,5.5276
1971,2,1,3,793,6.5800
1971,2,1,4,852,6.0767
1971,2,1,5,810,6.1720
1971,2,2,1,431,3.1089
1971,2,2,2,409,3.8087
1971,2,2,3,412,3.3193
1971,2,2,4,431,2.9618
1971,2,2,5,435,2.6083
1971,2,3,1,547,0.8363
1971,2,3,2,515,2.1058
1971,2,3,3,515,1.7977
1971,2,3,4,545,0.8994
1971,2,3,5,576,1.1973
1971,3,1,1,810,6.0549
1971,3,1,2,812,6.0630
1971,3,1,3,783,4.5708
1971,3,1,4,864,5.4927
1971,3,1,5,788,5.2321
1971,3,2,1,425,6.1136
1971,3,2,2,378,5.6422
1971,3,2,3,404,6.5768
1971,3,2,4,424,5.2394
1971,3,2,5,420,5.1841
1971,3,3,1,539,4.4446
1971,3,3,2,490,3.7571
1971,3,3,3,517,4.1997
1971,3,3,4,558,4.2774
1971,3,3,5,564,3.7807
1971,4,1,1,850,1.9989
1971,4,1,2,783,3.0693
1971,4,1,3,785,1.6914
1971,4,1,4,854,2.5224
1971,4,1,5,783,0.9582
1971,4,2,1,429,1.7016
1971,4,2,2,360,4.0311
1971,4,2,3,400,3.5806
1971,4,2,4,409,4.4464
1971,4,2,5,412,3.0763
1971,4,3,1,545,2.1341
1971,4,3,2,463,4.8327
1971,4,3,3,515,3.7889
1971,4,3,4,557,4.7137
1971,4,3,5,560,3.6061
1971,5,1,1,826,-6.0252
1971,5,1,2,746,-6.1815
1971,5,1,3,785,-6.3907
1971,5,1,4,833,-6.3693
1971,5,1,5,782,-6.1330
1971,5,2,1,424,-4.1524
1971,5,2,2,347,-3.6413
1971,5,2,3,395,-3.6006
1971,5,2,4,410,-4.1656
1971,5,2,5,417,-4.4685
1971,5,3,1,545,-3.3191
1971,5,3,2,434,-2.9343
1971,5,3,3,511,-2.7622
1971,5,3,4,533,-2.7095
1971,5,3,5,571,-3.4140
1971,6,1,1,812,-2.8823
1971,6,1,2,656,-3.0394
1971,6,1,3,791,-3.0852
1971,6,1,4,791,-2.9654
1971,6,1,5,732,-2.9446
1971,6,2,1,413,-0.5353
1971,6,2,2,300,0.1680
1971,6,2,3,410,-0.9406
1971,6,2,4,393,-1.1528
1971,6,2,5,384,-0.7514
1971,6,3,1,548,0.7632
1971,6,3,2,383,1.1982
1971,6,3,3,521,1.0820
1971,6,3,4,519,0.7818
1971,6,3,5,545,0.6167
1971,7,1,1,722,-6.0130
1971,7,1,2,667,-5.8700
1971,7,1,3,781,-6.4481
1971,7,1,4,774,-6.1740
1971,7,1,5,706,-6.6109
1971,7,2,1,357,-4.7772
1971,7,2,2,312,-5.6838
1971,7,2,3,390,-5.4802
1971,7,2,4,389,-5.3119
1971,7,2,5,381,-5.2774
1971,7,3,1,492,-3.2249
1971,7,3,2,410,-4.9722
1971,7,3,3,516,-3.9591
1971,7,3,4,508,-3.9549
1971,7,3,5,521,-3.3141
1971,8,1,1,732,3.5439
1971,8,1,2,675,5.1660
1971,8,1,3,778,5.6355
1971,8,1,4,779,4.2173
1971,8,1,5,711,3.7754
1971,8,2,1,362,2.9961
1971,8,2,2,316,6.4591
1971,8,2,3,398,6.1283
1971,8,2,4,394,4.7410
1971,8,2,5,385,3.6276
1971,8,3,1,497,2.4661
1971,8,3,2,410,5.1511
1971,8,3,3,514,4.7407
1971,8,3,4,495,4.9123
1971,8,3,5,517,2.8768
1971,9,1,1,762,-0.9711
1971,9,1,2,708,-0.6241
1971,9,1,3,788,-0.9853
1971,9,1,4,787,-0.2154
1971,9,1,5,780,-0.5069
1971,9,2,1,386,-1.0113
1971,9,2,2,335,-0.6169
1971,9,2,3,393,-1.2123
1971,9,2,4,384,-1.0811
1971,9,2,5,410,-0.8897
1971,9,3,1,506,-1.1377
1971,9,3,2,430,-0.3537
1971,9,3,3,508,-0.5035
1971,9,3,4,495,-0.4219
1971,9,3,5,540,-0.9657
1971,10,1,1,710,-5.7299
1971,10,1,2,760,-6.1311
1971,10,1,3,827,-6.8204
1971,10,1,4,795,-7.5075
1971,10,1,5,802,-6.4680
1971,10,2,1,369,-4.9086
1971,10,2,2,347,-5.8484
1971,10,2,3,422,-5.7304
1971,10,2,4,386,-6.1768
1971,10,2,5,423,-5.2897
1971,10,3,1,472,-4.0705
1971,10,3,2,442,-4.7477
1971,10,3,3,548,-4.8774
1971,10,3,4,508,-4.6222
1971,10,3,5,545,-4.2227
1971,11,1,1,693,-3.4655
1971,11,1,2,795,-4.4540
1971,11,1,3,830,-4.7348
1971,11,1,4,795,-4.2315
1971,11,1,5,804,-4.0759
1971,11,2,1,349,-2.6597
1971,11,2,2,344,-2.5374
1971,11,2,3,423,-2.1762
1971,11,2,4,390,-2.0877
1971,11,2,5,429,-2.1059
1971,11,3,1,470,-0.3951
1971,11,3,2,446,-0.1044
1971,11,3,3,554,-0.1085
1971,11,3,4,507,-0.2745
1971,11,3,5,534,-0.2679
1971,12,1,1,727,11.7517
1971,12,1,2,796,12.7509
1971,12,1,3,793,13.2082
1971,12,1,4,830,12.5835
1971,12,1,5,804,12.7621
1971,12,2,1,363,12.4492
1971,12,2,2,359,13.3714
1971,12,2,3,422,13.1317
1971,12,2,4,419,12.3530
1971,12,2,5,417,13.4904
1971,12,3,1,478,9.7811
1971,12,3,2,452,9.5882
1971,12,3,3,546,9.2409
1971,12,3,4,535,9.2940
1971,12,3,5,525,9.7194
1972,1,1,1,787,12.6103
1972,1,1,2,843,12.9509
1972,1,1,3,809,13.8747
1972,1,1,4,835,13.1011
1972,1,1,5,803,13.0190
1972,1,2,1,402,5.7963
1972,1,2,2,412,6.1986
1972,1,2,3,426,7.5512
1972,1,2,4,420,7.4915
1972,1,2,5,421,7.0886
1972,1,3,1,504,1.3010
1972,1,3,2,548,1.7764
1972,1,3,3,544,1.7755
1972,1,3,4,538,2.0577
1972,1,3,5,527,2.2522
1972,2,1,1,765,3.4439
1972,2,1,2,861,4.9494
1972,2,1,3,797,4.7185
1972,2,1,4,842,4.1903
1972,2,1,5,780,3.9962
1972,2,2,1,399,2.0102
1972,2,2,2,429,4.2493
1972,2,2,3,427,3.6557
1972,2,2,4,413,2.8431
1972,2,2,5,411,3.7094
1972,2,3,1,498,3.2619
1972,2,3,2,557,3.9897
1972,2,3,3,547,3.3887
1972,2,3,4,538,4.1790
1972,2,3,5,515,3.5913
1972,3,1,1,761,-1.4159
1972,3,1,2,881,-0.6434
1972,3,1,3,820,-0.3439
1972,3,1,4,880,-1.1716
1972,3,1,5,810,-1.3305
1972,3,2,1,394,0.5051
1972,3,2,2,456,0.1335
1972,3,2,3,435,0.6669
1972,3,2,4,437,-0.2338
1972,3,2,5,418,0.2724
1972,3,3,1,496,-0.7089
1972,3,3,2,577,0.7815
1972,3,3,3,552,0.8518
1972,3,3,4,581,1.2025
1972,3,3,5,529,0.0368
1972,4,1,1,739,-0.7114
1972,4,1,2,866,0.0446
1972,4,1,3,825,0.9475
1972,4,1,4,857,0.2385
1972,4,1,5,778,-0.5931
1972,4,2,1,392,0.0147
1972,4,2,2,448,0.3444
1972,4,2,3,442,1.2993
1972,4,2,4,420,1.1006
1972,4,2,5,405,-0.3508
1972,4,3,1,492,-0.0024
1972,4,3,2,567,1.1645
1972,4,3,3,556,1.1382
1972,4,3,4,551,1.1669
1972,4,3,5,521,0.6819
1972,5,1,1,751,-2.6446
1972,5,1,2,866,-2.6348
1972,5,1,3,825,-1.9813
1972,5,1,4,811,-2.4083
1972,5,1,5,792,-2.1136
1972,5,2,1,383,-1.9275
1972,5,2,2,452,-1.7452
1972,5,2,3,440,-1.3058
1972,5,2,4,415,-2.3254
1972,5,2,5,411,-1.4559
1972,5,3,1,480,0.3762
1972,5,3,2,566,1.9486
1972,5,3,3,551,2.9083
1972,5,3,4,542,1.7581
1972,5,3,5,519,2.3766
1972,6,1,1,751,-3.7161
1972,6,1,2,865,-3.5074
1972,6,1,3,808,-2.5961
1972,6,1,4,808,-3.2399
1972,6,1,5,792,-3.5311
1972,6,2,1,379,-2.8070
1972,6,2,2,456,-3.0361
1972,6,2,3,423,-2.9440
1972,6,2,4,390,-3.0813
1972,6,2,5,415,-3.4735
1972,6,3,1,481,-2.6502
1972,6,3,2,569,-2.1021
1972,6,3,3,535,-1.9783
1972,6,3,4,450,-1.8571
1972,6,3,5,498,-2.3239
1972,7,1,1,743,-3.7142
1972,7,1,2,831,-3.7234
1972,7,1,3,803,-3.7628
1972,7,1,4,815,-3.6680
1972,7,1,5,781,-4.3323
1972,7,2,1,395,-2.9101
1972,7,2,2,451,-3.0599
1972,7,2,3,435,-3.0413
1972,7,2,4,392,-3.4379
1972,7,2,5,410,-3.1559
1972,7,3,1,488,-1.0088
1972,7,3,2,559,-0.1001
1972,7,3,3,540,-1.0441
1972,7,3,4,450,0.0556
1972,7,3,5,502,-0.6199
1972,8,1,1,706,0.3734
1972,8,1,2,886,0.3825
1972,8,1,3,801,0.4947
1972,8,1,4,846,-0.0028
1972,8,1,5,792,-0.1292
1972,8,2,1,391,1.9973
1972,8,2,2,458,1.7121
1972,8,2,3,427,1.3435
1972,8,2,4,398,1.0256
1972,8,2,5,417,2.1592
1972,8,3,1,485,4.8420
1972,8,3,2,569,3.2091
1972,8,3,3,536,3.7676
1972,8,3,4,464,1.7201
1972,8,3,5,524,2.7934
1972,9,1,1,728,-3.8602
1972,9,1,2,866,-4.2984
1972,9,1,3,786,-4.2360
1972,9,1,4,836,-4.1442
1972,9,1,5,779,-4.0385
1972,9,2,1,384,-2.4545
1972,9,2,2,454,-2.7114
1972,9,2,3,426,-2.9906
1972,9,2,4,404,-3.1522
1972,9,2,5,416,-2.4179
1972,9,3,1,484,-1.7641
1972,9,3,2,562,-0.5899
1972,9,3,3,529,-0.1537
1972,9,3,4,474,-0.9598
1972,9,3,5,526,-1.1790
1972,10,1,1,675,-2.4773
1972,10,1,2,863,-2.7494
1972,10,1,3,808,-2.1815
1972,10,1,4,833,-2.7554
1972,10,1,5,817,-2.3985
1972,10,2,1,362,0.1957
1972,10,2,2,446,-0.7757
1972,10,2,3,419,-1.3458
1972,10,2,4,400,-1.4068
1972,10,2,5,434,-0.5988
1972,10,3,1,463,2.0640
1972,10,3,2,551,1.8981
1972,10,3,3,503,1.5417
1972,10,3,4,474,1.1713
1972,10,3,5,538,1.6432
1972,11,1,1,667,5.6634
1972,11,1,2,872,5.0607
1972,11,1,3,798,4.3912
1972,11,1,4,832,4.1332
1972,11,1,5,828,3.8722
1972,11,2,1,361,6.4976
1972,11,2,2,444,6.9657
1972,11,2,3,417,5.6204
1972,11,2,4,404,4.8955
1972,11,2,5,423,5.4293
1972,11,3,1,467,6.2850
1972,11,3,2,550,5.7261
1972,11,3,3,497,4.7454
1972,11,3,4,480,3.3794
1972,11,3,5,544,5.5214
1972,12,1,1,711,-2.1764
1972,12,1,2,871,-2.1872
1972,12,1,3,821,-1.7876
1972,12,1,4,837,-1.8805
1972,12,1,5,851,-2.2368
1972,12,2,1,373,-0.8175
1972,12,2,2,448,-0.7102
1972,12,2,3,391,-0.9658
1972,12,2,4,401,-0.6616
1972,12,2,5,437,-0.8763
1972,12,3,1,508,0.3057
1972,12,3,2,560,1.2906
1972,12,3,3,423,2.0170
1972,12,3,4,472,1.7645
1972,12,3,5,548,0.4437
1973,1,1,1,764,-1.9968
1973,1,1,2,883,-4.2528
1973,1,1,3,820,-3.8818
1973,1,1,4,839,-3.8035
1973,1,1,5,857,-3.5686
1973,1,2,1,387,-4.2450
1973,1,2,2,440,-6.0875
1973,1,2,3,390,-6.1642
1973,1,2,4,425,-5.7323
1973,1,2,5,439,-5.6719
1973,1,3,1,516,-2.2894
1973,1,3,2,581,-3.6339
1973,1,3,3,425,-3.1322
1973,1,3,4,553,-4.1224
1973,1,3,5,552,-2.5489
1973,2,1,1,794,-8.0588
1973,2,1,2,883,-8.8047
1973,2,1,3,818,-8.8263
1973,2,1,4,774,-8.5821
1973,2,1,5,851,-6.8824
1973,2,2,1,408,-7.9737
1973,2,2,2,439,-8.8060
1973,2,2,3,391,-8.9643
1973,2,2,4,404,-8.6660
1973,2,2,5,440,-7.9303
1973,2,3,1,513,-4.9794
1973,2,3,2,581,-4.4214
1973,2,3,3,431,-3.6749
1973,2,3,4,540,-2.5984
1973,2,3,5,557,-3.9098
1973,3,1,1,794,-2.7814
1973,3,1,2,878,-2.1362
1973,3,1,3,822,-2.8457
1973,3,1,4,761,-2.7852
1973,3,1,5,845,-1.9105
1973,3,2,1,414,-2.4209
1973,3,2,2,437,-2.1160
1973,3,2,3,392,-3.2059
1973,3,2,4,402,-3.5500
1973,3,2,5,437,-2.3117
1973,3,3,1,508,-0.4807
1973,3,3,2,549,-0.9147
1973,3,3,3,435,-1.2444
1973,3,3,4,544,-0.8207
1973,3,3,5,556,-0.0037
1973,4,1,1,776,-7.6785
1973,4,1,2,860,-7.1089
1973,4,1,3,840,-7.8369
1973,4,1,4,759,-7.1981
1973,4,1,5,814,-5.7774
1973,4,2,1,406,-7.2663
1973,4,2,2,442,-7.7268
1973,4,2,3,422,-7.0538
1973,4,2,4,399,-6.9706
1973,4,2,5,418,-5.5094
1973,4,3,1,501,-4.5420
1973,4,3,2,522,-4.9287
1973,4,3,3,532,-5.5739
1973,4,3,4,556,-5.0095
1973,4,3,5,538,-3.0944
1973,5,1,1,777,-9.9338
1973,5,1,2,864,-9.2833
1973,5,1,3,779,-9.6700
1973,5,1,4,751,-9.8547
1973,5,1,5,759,-8.3136
1973,5,2,1,411,-8.8632
1973,5,2,2,447,-8.2892
1973,5,2,3,390,-9.1055
1973,5,2,4,404,-8.1939
1973,5,2,5,402,-6.7102
1973,5,3,1,505,-3.0161
1973,5,3,2,536,-1.9736
1973,5,3,3,513,-0.4978
1973,5,3,4,547,-1.1123
1973,5,3,5,530,-1.5580
1973,6,1,1,735,-3.2346
1973,6,1,2,848,-3.7579
1973,6,1,3,841,-3.7616
1973,6,1,4,622,-4.0389
1973,6,1,5,793,-2.7859
1973,6,2,1,360,-4.2227
1973,6,2,2,447,-3.7274
1973,6,2,3,410,-3.2832
1973,6,2,4,361,-3.2707
1973,6,2,5,419,-2.6945
1973,6,3,1,411,-2.6090
1973,6,3,2,533,-2.7124
1973,6,3,3,531,-1.2894
1973,6,3,4,502,-0.3968
1973,6,3,5,541,-1.1788
1973,7,1,1,709,12.5619
1973,7,1,2,861,13.5335
1973,7,1,3,855,13.3426
1973,7,1,4,595,14.3645
1973,7,1,5,806,12.4388
1973,7,2,1,335,12.8463
1973,7,2,2,450,13.0763
1973,7,2,3,420,13.0138
1973,7,2,4,351,12.1707
1973,7,2,5,425,8.5321
1973,7,3,1,382,5.9213
1973,7,3,2,561,7.6828
1973,7,3,3,539,7.7717
1973,7,3,4,504,5.3291
1973,7,3,5,560,2.9050
1973,8,1,1,848,-5.9369
1973,8,1,2,1053,-5.8370
1973,8,1,3,1256,-6.5068
1973,8,1,4,855,-5.3570
1973,8,1,5,1056,-5.0955
1973,8,2,1,403,-4.0470
1973,8,2,2,469,-3.5030
1973,8,2,3,469,-3.4066
1973,8,2,4,391,-3.2763
1973,8,2,5,451,-3.3833
1973,8,3,1,515,-3.2959
1973,8,3,2,571,-2.9820
1973,8,3,3,574,-4.0889
1973,8,3,4,519,-2.4845
1973,8,3,5,580,-2.1570
1973,9,1,1,1083,8.7867
1973,9,1,2,1348,8.9938
1973,9,1,3,1378,9.4897
1973,9,1,4,977,8.7296
1973,9,1,5,1181,9.0670
1973,9,2,1,424,10.6823
1973,9,2,2,518,11.4495
1973,9,2,3,472,11.9463
1973,9,2,4,411,11.9032
1973,9,2,5,459,10.5883
1973,9,3,1,522,7.3441
1973,9,3,2,596,7.1271
1973,9,3,3,577,5.1252
1973,9,3,4,526,5.8895
1973,9,3,5,593,7.2569
1973,10,1,1,1199,0.7268
1973,10,1,2,1639,-0.5125
1973,10,1,3,1423,0.2555
1973,10,1,4,1100,1.9464
1973,10,1,5,1104,2.5923
1973,10,2,1,424,-0.0252
1973,10,2,2,531,-1.2136
1973,10,2,3,472,-0.4440
1973,10,2,4,431,1.7296
1973,10,2,5,416,0.9766
1973,10,3,1,520,-0.1801
1973,10,3,2,587,-1.5044
1973,10,3,3,580,-0.2834
1973,10,3,4,533,0.2928
1973,10,3,5,527,0.5456
1973,11,1,1,1385,-18.5611
1973,11,1,2,1636,-19.5194
1973,11,1,3,1462,-20.7400
1973,11,1,4,1094,-17.8257
1973,11,1,5,1076,-17.9258
1973,11,2,1,438,-17.7550
1973,11,2,2,519,-19.0206
1973,11,2,3,475,-19.9440
1973,11,2,4,412,-16.7709
1973,11,2,5,388,-17.3435
1973,11,3,1,515,-11.8677
1973,11,3,2,571,-11.3983
1973,11,3,3,583,-11.7447
1973,11,3,4,513,-11.7290
1973,11,3,5,502,-11.5628
1973,12,1,1,1396,-3.0433
1973,12,1,2,1666,-4.1770
1973,12,1,3,1416,-4.0345
1973,12,1,4,1174,-2.8116
1973,12,1,5,1065,-1.7576
1973,12,2,1,437,-2.1680
1973,12,2,2,528,-1.4943
1973,12,2,3,453,-2.0080
1973,12,2,4,440,0.9792
1973,12,2,5,386,1.5403
1973,12,3,1,472,2.0012
1973,12,3,2,589,0.3870
1973,12,3,3,555,-0.6044
1973,12,3,4,534,2.2980
1973,12,3,5,511,4.7608
1974,1,1,1,1389,14.4918
1974,1,1,2,1674,15.0453
1974,1,1,3,1505,15.3521
1974,1,1,4,1095,17.1472
1974,1,1,5,988,15.8671
1974,1,2,1,445,9.4876
1974,1,2,2,542,8.8895
1974,1,2,3,472,9.3676
1974,1,2,4,423,8.2465
1974,1,2,5,352,9.9506
1974,1,3,1,477,0.6654
1974,1,3,2,586,0.6700
1974,1,3,3,564,-1.3517
1974,1,3,4,542,-1.1244
1974,1,3,5,460,-0.6307
1974,2,1,1,1490,-0.2642
1974,2,1,2,1703,-1.1464
1974,2,1,3,1641,-1.8822
1974,2,1,4,1243,-1.7008
1974,2,1,5,1146,0.2342
1974,2,2,1,484,1.8993
1974,2,2,2,559,0.8886
1974,2,2,3,514,-0.0193
1974,2,2,4,447,0.8521
1974,2,2,5,377,1.9001
1974,2,3,1,536,0.2077
1974,2,3,2,609,0.4664
1974,2,3,3,616,-0.4431
1974,2,3,4,561,0.6350
1974,2,3,5,473,0.7742
1974,3,1,1,1491,1.2968
1974,3,1,2,1655,1.1206
1974,3,1,3,1623,0.9414
1974,3,1,4,1235,1.8857
1974,3,1,5,1171,2.0158
1974,3,2,1,490,-0.5788
1974,3,2,2,533,-1.1715
1974,3,2,3,510,-1.8758
1974,3,2,4,450,-1.2558
1974,3,2,5,378,0.4283
1974,3,3,1,536,-2.5555
1974,3,3,2,571,-2.3594
1974,3,3,3,615,-2.5555
1974,3,3,4,561,-2.8144
1974,3,3,5,478,-2.3661
1974,4,1,1,1513,-5.5549
1974,4,1,2,1702,-5.1404
1974,4,1,3,1600,-4.9421
1974,4,1,4,1311,-5.6805
1974,4,1,5,1300,-4.8416
1974,4,2,1,500,-6.1766
1974,4,2,2,547,-6.5726
1974,4,2,3,477,-5.3021
1974,4,2,4,458,-6.0572
1974,4,2,5,419,-5.1283
1974,4,3,1,549,-4.5349
1974,4,3,2,565,-3.6269
1974,4,3,3,518,-2.9333
1974,4,3,4,569,-3.4828
1974,4,3,5,493,-4.1605
1974,5,1,1,1509,-7.1320
1974,5,1,2,1788,-7.8071
1974,5,1,3,1613,-7.5345
1974,5,1,4,1303,-7.6028
1974,5,1,5,1282,-6.5275
1974,5,2,1,495,-6.9456
1974,5,2,2,578,-7.2502
1974,5,2,3,479,-7.4967
1974,5,2,4,457,-8.0464
1974,5,2,5,417,-6.7340
1974,5,3,1,547,-3.4334
1974,5,3,2,610,-1.4599
1974,5,3,3,506,-1.6182
1974,5,3,4,574,-3.1825
1974,5,3,5,493,-3.7397
1974,6,1,1,1500,-2.4067
1974,6,1,2,1775,-2.5953
1974,6,1,3,1581,-2.6145
1974,6,1,4,1293,-2.0931
1974,6,1,5,1319,-1.4598
1974,6,2,1,502,-1.8766
1974,6,2,2,579,-2.8826
1974,6,2,3,468,-2.0297
1974,6,2,4,453,-1.4774
1974,6,2,5,438,-1.6812
1974,6,3,1,549,-1.4724
1974,6,3,2,614,-1.5659
1974,6,3,3,491,-1.7227
1974,6,3,4,572,-0.9701
1974,6,3,5,502,-1.8689
1974,7,1,1,1487,-4.8881
1974,7,1,2,1761,-4.9133
1974,7,1,3,1623,-5.2514
1974,7,1,4,1396,-4.0536
1974,7,1,5,1298,-3.5651
1974,7,2,1,505,-3.7362
1974,7,2,2,574,-4.8976
1974,7,2,3,469,-5.0785
1974,7,2,4,445,-4.0369
1974,7,2,5,436,-2.1092
1974,7,3,1,547,-6.9300
1974,7,3,2,616,-9.6100
1974,7,3,3,490,-10.3724
1974,7,3,4,475,-7.7314
1974,7,3,5,492,-4.8388
1974,8,1,1,1556,-7.5076
1974,8,1,2,1744,-7.5525
1974,8,1,3,1514,-7.2062
1974,8,1,4,1312,-7.1161
1974,8,1,5,1256,-6.5780
1974,8,2,1,512,-8.4434
1974,8,2,2,582,-9.1497
1974,8,2,3,439,-8.1683
1974,8,2,4,432,-7.8735
1974,8,2,5,436,-7.2272
1974,8,3,1,553,-8.7497
1974,8,3,2,607,-9.4828
1974,8,3,3,488,-9.6678
1974,8,3,4,472,-9.3421
1974,8,3,5,484,-9.0114
1974,9,1,1,1558,-7.8484
1974,9,1,2,1759,-8.3286
1974,9,1,3,1513,-8.6803
1974,9,1,4,1349,-8.2390
1974,9,1,5,1180,-7.2680
1974,9,2,1,517,-7.9604
1974,9,2,2,594,-8.9010
1974,9,2,3,443,-9.9353
1974,9,2,4,482,-10.3914
1974,9,2,5,425,-7.8968
1974,9,3,1,552,-11.1711
1974,9,3,2,619,-12.2318
1974,9,3,3,501,-13.2985
1974,9,3,4,578,-12.0484
1974,9,3,5,476,-9.1286
1974,10,1,1,1607,8.2798
1974,10,1,2,1752,8.0367
1974,10,1,3,1505,7.6987
1974,10,1,4,1404,8.5011
1974,10,1,5,1507,8.6769
1974,10,2,1,545,10.6765
1974,10,2,2,586,9.7695
1974,10,2,3,455,9.8670
1974,10,2,4,492,10.4696
1974,10,2,5,499,8.4543
1974,10,3,1,594,15.8212
1974,10,3,2,617,18.5402
1974,10,3,3,515,18.4703
1974,10,3,4,583,17.6971
1974,10,3,5,542,14.3416
1974,11,1,1,1584,-5.8353
1974,11,1,2,1731,-5.3231
1974,11,1,3,1410,-5.9178
1974,11,1,4,1394,-5.6823
1974,11,1,5,1538,-6.0285
1974,11,2,1,539,-4.8240
1974,11,2,2,587,-4.9662
1974,11,2,3,446,-4.5662
1974,11,2,4,500,-5.1293
1974,11,2,5,525,-4.7387
1974,11,3,1,592,-3.8849
1974,11,3,2,614,-3.8594
1974,11,3,3,498,-3.9763
1974,11,3,4,592,-5.5663
1974,11,3,5,583,-4.0341
1974,12,1,1,1514,-7.9330
1974,12,1,2,1696,-8.3483
1974,12,1,3,1416,-8.1748
1974,12,1,4,1395,-8.0985
1974,12,1,5,1502,-7.8445
1974,12,2,1,531,-5.0993
1974,12,2,2,583,-5.9049
1974,12,2,3,453,-7.0291
1974,12,2,4,517,-6.1477
1974,12,2,5,523,-5.5002
1974,12,3,1,580,-1.5152
1974,12,3,2,601,-2.7973
1974,12,3,3,492,-3.2635
1974,12,3,4,607,-3.0622
1974,12,3,5,574,-1.6436
1975,1,1,1,1479,28.1507
1975,1,1,2,1646,28.3091
1975,1,1,3,1519,28.5738
1975,1,1,4,1380,28.4241
1975,1,1,5,1485,28.1122
1975,1,2,1,522,25.2431
1975,1,2,2,561,27.1741
1975,1,2,3,472,28.0321
1975,1,2,4,525,25.2274
1975,1,2,5,520,26.0567
1975,1,3,1,573,14.2632
1975,1,3,2,595,13.9032
1975,1,3,3,497,12.6484
1975,1,3,4,607,12.7844
1975,1,3,5,576,14.7018
1975,2,1,1,1493,5.3009
1975,2,1,2,1643,4.7429
1975,2,1,3,1493,4.7571
1975,2,1,4,1301,4.7958
1975,2,1,5,1503,4.1006
1975,2,2,1,543,5.3091
1975,2,2,2,568,4.3754
1975,2,2,3,455,4.3797
1975,2,2,4,504,4.8927
1975,2,2,5,535,3.7647
1975,2,3,1,593,5.9060
1975,2,3,2,606,7.3946
1975,2,3,3,462,8.3283
1975,2,3,4,573,7.8009
1975,2,3,5,580,4.6597
1975,3,1,1,1508,8.2871
1975,3,1,2,1584,10.2870
1975,3,1,3,1527,9.3876
1975,3,1,4,1325,8.7677
1975,3,1,5,1487,8.1096
1975,3,2,1,547,5.3500
1975,3,2,2,565,7.9171
1975,3,2,3,464,7.0229
1975,3,2,4,503,5.9246
1975,3,2,5,536,6.0510
1975,3,3,1,599,3.0788
1975,3,3,2,596,4.8061
1975,3,3,3,465,4.5889
1975,3,3,4,570,4.1634
1975,3,3,5,578,3.8037
1975,4,1,1,1474,2.8766
1975,4,1,2,1594,3.3734
1975,4,1,3,1240,4.1160
1975,4,1,4,1334,4.0375
1975,4,1,5,1502,3.5860
1975,4,2,1,533,4.4161
1975,4,2,2,574,5.1843
1975,4,2,3,396,7.1285
1975,4,2,4,505,6.4039
1975,4,2,5,534,4.7008
1975,4,3,1,577,4.9708
1975,4,3,2,600,4.1835
1975,4,3,3,412,5.8505
1975,4,3,4,565,7.0999
1975,4,3,5,582,5.9175
1975,5,1,1,1482,8.2430
1975,5,1,2,1618,7.8107
1975,5,1,3,1219,7.5820
1975,5,1,4,1349,8.5586
1975,5,1,5,1506,8.2797
1975,5,2,1,530,8.7160
1975,5,2,2,582,7.3078
1975,5,2,3,388,8.6978
1975,5,2,4,508,8.1974
1975,5,2,5,540,7.5557
1975,5,3,1,582,6.4047
1975,5,3,2,596,4.1627
1975,5,3,3,396,3.8126
1975,5,3,4,567,3.6579
1975,5,3,5,577,5.9478
1975,6,1,1,1552,7.8621
1975,6,1,2,1613,7.4457
1975,6,1,3,1185,7.5582
1975,6,1,4,1679,7.6898
1975,6,1,5,1457,8.0978
1975,6,2,1,559,5.9512
1975,6,2,2,585,5.9128
1975,6,2,3,374,7.0121
1975,6,2,4,608,7.2249
1975,6,2,5,535,6.3273
1975,6,3,1,611,5.7990
1975,6,3,2,593,4.1970
1975,6,3,3,386,6.6846
1975,6,3,4,647,5.0277
1975,6,3,5,588,6.0042
1975,7,1,1,1558,-1.3183
1975,7,1,2,1578,-1.0831
1975,7,1,3,1107,-1.9192
1975,7,1,4,1678,-1.5110
1975,7,1,5,1426,-1.3705
1975,7,2,1,569,-4.0029
1975,7,2,2,544,-3.0771
1975,7,2,3,349,-3.3258
1975,7,2,4,599,-3.7542
1975,7,2,5,528,-4.2597
1975,7,3,1,613,-6.2893
1975,7,3,2,503,-7.2899
1975,7,3,3,354,-6.7740
1975,7,3,4,648,-5.9430
1975,7,3,5,579,-6.0643
1975,8,1,1,1614,-5.5839
1975,8,1,2,1582,-5.9232
1975,8,1,3,1101,-6.6841
1975,8,1,4,1715,-6.0393
1975,8,1,5,1435,-5.8141
1975,8,2,1,581,-3.8800
1975,8,2,2,523,-4.4374
1975,8,2,3,393,-4.8373
1975,8,2,4,605,-4.4235
1975,8,2,5,534,-3.8676
1975,8,3,1,626,-1.2499
1975,8,3,2,481,-1.9625
1975,8,3,3,448,-3.1938
1975,8,3,4,665,-1.2919
1975,8,3,5,590,-1.3556
1975,9,1,1,1647,-3.1055
1975,9,1,2,1723,-3.1981
1975,9,1,3,1097,-3.1940
1975,9,1,4,1679,-3.2355
1975,9,1,5,1473,-2.7855
1975,9,2,1,579,-3.3515
1975,9,2,2,552,-3.8045
1975,9,2,3,396,-4.1114
1975,9,2,4,555,-3.9694
1975,9,2,5,547,-3.1520
1975,9,3,1,624,-3.2282
1975,9,3,2,533,-4.1781
1975,9,3,3,454,-4.5209
1975,9,3,4,561,-4.4867
1975,9,3,5,600,-2.9730
1975,10,1,1,1599,1.4520
1975,10,1,2,1718,2.0031
1975,10,1,3,1117,0.3917
1975,10,1,4,1672,0.8176
1975,10,1,5,1493,1.9741
1975,10,2,1,558,2.4697
1975,10,2,2,556,4.3262
1975,10,2,3,400,1.2946
1975,10,2,4,547,1.8961
1975,10,2,5,550,3.6744
1975,10,3,1,608,5.4136
1975,10,3,2,536,8.3507
1975,10,3,3,454,5.7851
1975,10,3,4,557,5.0617
1975,10,3,5,614,5.6122
1975,11,1,1,1626,2.0257
1975,11,1,2,1772,2.8895
1975,11,1,3,1499,1.6689
1975,11,1,4,1717,2.3002
1975,11,1,5,1426,3.3832
1975,11,2,1,552,2.5144
1975,11,2,2,591,4.2494
1975,11,2,3,488,2.8199
1975,11,2,4,560,2.7192
1975,11,2,5,509,3.7103
1975,11,3,1,614,2.5287
1975,11,3,2,657,3.5876
1975,11,3,3,537,2.4165
1975,11,3,4,571,2.8927
1975,11,3,5,568,2.8242
1975,12,1,1,1563,-1.4473
1975,12,1,2,1767,-1.0438
1975,12,1,3,1470,-0.8173
1975,12,1,4,1711,-1.2372
1975,12,1,5,1476,-1.6315
1975,12,2,1,543,-0.6953
1975,12,2,2,604,-1.5535
1975,12,2,3,489,-0.8443
1975,12,2,4,560,-1.5813
1975,12,2,5,503,-0.3160
1975,12,3,1,605,-0.8217
1975,12,3,2,661,-1.4769
1975,12,3,3,535,-1.3687
1975,12,3,4,566,-1.1181
1975,12,3,5,572,-1.4275
1976,1,1,1,1584,20.0676
1976,1,1,2,1766,21.3070
1976,1,1,3,1517,20.5643
1976,1,1,4,1696,22.0985
1976,1,1,5,1585,22.0843
1976,1,2,1,542,16.6600
1976,1,2,2,590,18.1360
1976,1,2,3,494,18.9835
1976,1,2,4,533,19.4691
1976,1,2,5,545,18.3307
1976,1,3,1,615,11.1134
1976,1,3,2,657,11.7996
1976,1,3,3,536,13.8549
1976,1,3,4,559,14.3396
1976,1,3,5,621,11.9249
1976,2,1,1,1548,10.3579
1976,2,1,2,1708,11.4814
1976,2,1,3,1564,11.2767
1976,2,1,4,1544,11.9282
1976,2,1,5,1506,11.1498
1976,2,2,1,548,6.8629
1976,2,2,2,586,7.6322
1976,2,2,3,527,7.8666
1976,2,2,4,512,9.1058
1976,2,2,5,529,6.8950
1976,2,3,1,618,-1.1954
1976,2,3,2,661,-0.0015
1976,2,3,3,579,0.5371
1976,2,3,4,541,1.6535
1976,2,3,5,618,-0.7385
1976,3,1,1,1599,0.7990
1976,3,1,2,1765,1.0056
1976,3,1,3,1640,1.4185
1976,3,1,4,1658,0.9863
1976,3,1,5,1433,1.0052
1976,3,2,1,551,1.3552
1976,3,2,2,584,1.2616
1976,3,2,3,536,1.8277
1976,3,2,4,523,1.3526
1976,3,2,5,485,1.3914
1976,3,3,1,616,3.2312
1976,3,3,2,663,1.9421
1976,3,3,3,578,2.5197
1976,3,3,4,542,1.4860
1976,3,3,5,610,2.2659
1976,4,1,1,1575,-0.9578
1976,4,1,2,1696,-2.0606
1976,4,1,3,1622,-1.6570
1976,4,1,4,1677,-1.3963
1976,4,1,5,1442,-0.9766
1976,4,2,1,547,-0.7498
1976,4,2,2,564,-1.9648
1976,4,2,3,538,-1.1866
1976,4,2,4,542,-1.6185
1976,4,2,5,488,-0.5199
1976,4,3,1,612,-0.4085
1976,4,3,2,637,-1.7359
1976,4,3,3,584,-1.4440
1976,4,3,4,559,-0.6913
1976,4,3,5,615,-0.6041
1976,5,1,1,1598,-1.7939
1976,5,1,2,1685,-2.7841
1976,5,1,3,1684,-2.1867
1976,5,1,4,1687,-2.3944
1976,5,1,5,1453,-3.0926
1976,5,2,1,545,-0.4552
1976,5,2,2,550,-2.6718
1976,5,2,3,554,-1.2379
1976,5,2,4,536,-2.0848
1976,5,2,5,489,-2.1678
1976,5,3,1,610,0.1437
1976,5,3,2,620,-1.8413
1976,5,3,3,616,-1.0877
1976,5,3,4,563,-0.8652
1976,5,3,5,613,-0.5865
1976,6,1,1,1573,2.6297
1976,6,1,2,1589,3.0186
1976,6,1,3,1679,3.1198
1976,6,1,4,1628,3.2199
1976,6,1,5,1437,1.9507
1976,6,2,1,539,3.9335
1976,6,2,2,531,4.7713
1976,6,2,3,553,5.9305
1976,6,2,4,505,5.4931
1976,6,2,5,494,3.4597
1976,6,3,1,610,4.3792
1976,6,3,2,624,4.4545
1976,6,3,3,608,5.2825
1976,6,3,4,535,3.6619
1976,6,3,5,616,4.0368
1976,7,1,1,1522,-0.0639
1976,7,1,2,1505,-0.2000
1976,7,1,3,1651,0.0297
1976,7,1,4,1626,0.2349
1976,7,1,5,1420,-0.1482
1976,7,2,1,516,-0.6731
1976,7,2,2,503,0.0604
1976,7,2,3,559,-0.2767
1976,7,2,4,521,-0.4396
1976,7,2,5,496,-0.3570
1976,7,3,1,595,-0.3612
1976,7,3,2,593,-1.3230
1976,7,3,3,626,-1.1806
1976,7,3,4,552,-0.9323
1976,7,3,5,612,-0.3397
1976,8,1,1,1528,-2.5735
1976,8,1,2,1617,-2.0168
1976,8,1,3,1672,-2.2168
1976,8,1,4,1666,-2.2281
1976,8,1,5,1562,-2.3697
1976,8,2,1,508,-2.6237
1976,8,2,2,528,-2.5011
1976,8,2,3,554,-2.4948
1976,8,2,4,525,-2.3547
1976,8,2,5,532,-2.0021
1976,8,3,1,592,-0.2739
1976,8,3,2,611,0.2972
1976,8,3,3,631,0.3157
1976,8,3,4,553,-0.5694
1976,8,3,5,624,-0.1725
1976,9,1,1,1369,1.9983
1976,9,1,2,1386,2.0442
1976,9,1,3,1525,2.4111
1976,9,1,4,1529,1.7845
1976,9,1,5,1424,1.8471
1976,9,2,1,482,4.0787
1976,9,2,2,480,3.5267
1976,9,2,3,540,3.4852
1976,9,2,4,508,2.9981
1976,9,2,5,521,3.3312
1976,9,3,1,587,2.7726
1976,9,3,2,537,2.1297
1976,9,3,3,639,2.3649
1976,9,3,4,546,2.3029
1976,9,3,5,627,2.9517
1976,10,1,1,1515,-2.1864
1976,10,1,2,1614,-2.5058
1976,10,1,3,1693,-2.3765
1976,10,1,4,1682,-2.2929
1976,10,1,5,1608,-1.9404
1976,10,2,1,493,-1.9785
1976,10,2,2,507,-2.4816
1976,10,2,3,555,-2.2331
1976,10,2,4,518,-2.8791
1976,10,2,5,533,-1.9859
1976,10,3,1,590,-2.8559
1976,10,3,2,568,-2.6096
1976,10,3,3,649,-2.4756
1976,10,3,4,552,-2.1848
1976,10,3,5,627,-2.1073
1976,11,1,1,1549,2.9762
1976,11,1,2,1591,3.2074
1976,11,1,3,1680,3.2687
1976,11,1,4,1630,3.1070
1976,11,1,5,1536,2.9581
1976,11,2,1,498,3.9617
1976,11,2,2,486,3.9984
1976,11,2,3,549,3.7099
1976,11,2,4,503,4.3040
1976,11,2,5,513,3.8958
1976,11,3,1,607,0.4509
1976,11,3,2,545,-0.9108
1976,11,3,3,647,-0.1604
1976,11,3,4,515,0.9928
1976,11,3,5,582,1.6619
1976,12,1,1,1538,10.0209
1976,12,1,2,1531,10.2131
1976,12,1,3,1690,10.2578
1976,12,1,4,1642,10.3084
1976,12,1,5,1518,9.9113
1976,12,2,1,495,9.3846
1976,12,2,2,446,9.5346
1976,12,2,3,552,8.6611
1976,12,2,4,540,8.8883
1976,12,2,5,511,8.5348
1976,12,3,1,601,5.4402
1976,12,3,2,438,5.3144
1976,12,3,3,651,5.2010
1976,12,3,4,593,5.2361
1976,12,3,5,577,5.4042
1977,1,1,1,1558,4.0085
1977,1,1,2,1582,4.3590
1977,1,1,3,1683,4.5483
1977,1,1,4,1643,4.6948
1977,1,1,5,1558,4.2250
1977,1,2,1,504,1.4494
1977,1,2,2,469,1.4533
1977,1,2,3,549,2.3383
1977,1,2,4,544,1.9794
1977,1,2,5,516,2.0251
1977,1,3,1,610,-5.0624
1977,1,3,2,480,-5.8080
1977,1,3,3,653,-4.4856
1977,1,3,4,593,-4.3362
1977,1,3,5,612,-2.9954
1977,2,1,1,1185,-0.1152
1977,2,1,2,1554,-0.2689
1977,2,1,3,1658,-0.0632
1977,2,1,4,1607,-0.1979
1977,2,1,5,1461,-0.5873
1977,2,2,1,404,-0.7491
1977,2,2,2,464,-0.6873
1977,2,2,3,544,-0.2534
1977,2,2,4,524,-0.5285
1977,2,2,5,493,-1.5640
1977,2,3,1,505,-1.2958
1977,2,3,2,475,-1.4256
1977,2,3,3,646,-1.7947
1977,2,3,4,576,-1.8102
1977,2,3,5,598,-2.1312
1977,3,1,1,1241,1.0508
1977,3,1,2,1649,0.7433
1977,3,1,3,1601,0.5837
1977,3,1,4,1651,0.5878
1977,3,1,5,1474,0.4708
1977,3,2,1,413,0.3200
1977,3,2,2,514,0.8217
1977,3,2,3,548,1.2009
1977,3,2,4,535,0.8059
1977,3,2,5,496,-0.0142
1977,3,3,1,524,-1.2181
1977,3,3,2,504,-0.9137
1977,3,3,3,640,-1.2257
1977,3,3,4,603,-1.1136
1977,3,3,5,593,-1.2595
1977,4,1,1,1124,0.9692
1977,4,1,2,1676,1.5053
1977,4,1,3,1656,1.9631
1977,4,1,4,1633,1.8746
1977,4,1,5,1552,1.3550
1977,4,2,1,394,0.9904
1977,4,2,2,527,1.7209
1977,4,2,3,545,1.6782
1977,4,2,4,533,2.0874
1977,4,2,5,530,1.2956
1977,4,3,1,513,-0.5752
1977,4,3,2,509,-0.2463
1977,4,3,3,635,0.5444
1977,4,3,4,600,1.0525
1977,4,3,5,620,1.0840
1977,5,1,1,1115,-0.5540
1977,5,1,2,1613,0.1207
1977,5,1,3,1589,-0.4340
1977,5,1,4,1637,0.0835
1977,5,1,5,1535,0.4970
1977,5,2,1,396,-0.1898
1977,5,2,2,508,-0.0747
1977,5,2,3,516,0.3351
1977,5,2,4,537,-0.1208
1977,5,2,5,523,0.5395
1977,5,3,1,506,-2.3508
1977,5,3,2,500,-2.2623
1977,5,3,3,595,-1.0493
1977,5,3,4,600,-1.3119
1977,5,3,5,606,-0.6506
1977,6,1,1,1079,5.6224
1977,6,1,2,1622,5.8103
1977,6,1,3,1563,5.7977
1977,6,1,4,1557,6.3993
1977,6,1,5,1523,6.6364
1977,6,2,1,371,7.3214
1977,6,2,2,511,6.3311
1977,6,2,3,511,7.4208
1977,6,2,4,527,7.2065
1977,6,2,5,513,7.6063
1977,6,3,1,485,4.7669
1977,6,3,2,503,3.6275
1977,6,3,3,598,5.3708
1977,6,3,4,593,4.9881
1977,6,3,5,601,4.8658
1977,7,1,1,1066,0.9543
1977,7,1,2,1599,0.1742
1977,7,1,3,1585,0.4057
1977,7,1,4,1628,0.3815
1977,7,1,5,1423,1.2493
1977,7,2,1,364,-2.1679
1977,7,2,2,501,-1.6830
1977,7,2,3,501,-1.2902
1977,7,2,4,528,-1.1165
1977,7,2,5,496,-0.7455
1977,7,3,1,482,-2.3415
1977,7,3,2,502,-3.3262
1977,7,3,3,603,-2.0570
1977,7,3,4,596,-2.1984
1977,7,3,5,585,-0.8531
1977,8,1,1,1087,-1.0956
1977,8,1,2,1538,-1.5054
1977,8,1,3,1583,-0.8785
1977,8,1,4,1649,-0.9364
1977,8,1,5,1471,-0.4736
1977,8,2,1,385,-0.6947
1977,8,2,2,483,-1.4304
1977,8,2,3,492,-0.9021
1977,8,2,4,528,-0.9524
1977,8,2,5,495,-1.1739
1977,8,3,1,505,-1.0704
1977,8,3,2,484,-1.1083
1977,8,3,3,603,-0.9502
1977,8,3,4,601,-0.5168
1977,8,3,5,583,-2.2253
1977,9,1,1,1086,0.0384
1977,9,1,2,1448,0.8780
1977,9,1,3,1563,0.8831
1977,9,1,4,1650,0.9780
1977,9,1,5,1535,1.8884
1977,9,2,1,389,0.8332
1977,9,2,2,464,0.4188
1977,9,2,3,496,1.6038
1977,9,2,4,527,1.5304
1977,9,2,5,507,1.3470
1977,9,3,1,512,-0.7530
1977,9,3,2,477,-0.6103
1977,9,3,3,579,-0.6520
1977,9,3,4,598,-0.3303
1977,9,3,5,598,0.3681
1977,10,1,1,1093,-1.9586
1977,10,1,2,1483,-2.0628
1977,10,1,3,1567,-2.8982
1977,10,1,4,1654,-2.6057
1977,10,1,5,1535,-2.1008
1977,10,2,1,389,-2.3439
1977,10,2,2,472,-3.8952
1977,10,2,3,503,-3.4823
1977,10,2,4,537,-3.2934
1977,10,2,5,508,-2.6578
1977,10,3,1,516,-3.8069
1977,10,3,2,483,-4.2377
1977,10,3,3,573,-4.1523
1977,10,3,4,601,-3.8039
1977,10,3,5,598,-3.9376
1977,11,1,1,1158,8.8685
1977,11,1,2,1560,8.5429
1977,11,1,3,1579,9.3442
1977,11,1,4,1646,9.0647
1977,11,1,5,1582,8.0758
1977,11,2,1,405,7.3535
1977,11,2,2,522,8.1823
1977,11,2,3,496,8.3421
1977,11,2,4,536,8.7798
1977,11,2,5,521,7.8297
1977,11,3,1,532,3.4490
1977,11,3,2,606,3.7349
1977,11,3,3,576,4.1785
1977,11,3,4,599,4.4662
1977,11,3,5,609,3.8609
1977,12,1,1,1163,2.2941
1977,12,1,2,1573,2.5946
1977,12,1,3,1604,3.1338
1977,12,1,4,1631,2.9623
1977,12,1,5,1558,3.0962
1977,12,2,1,399,1.6081
1977,12,2,2,518,2.2262
1977,12,2,3,508,1.6360
1977,12,2,4,506,1.8985
1977,12,2,5,503,2.0839
1977,12,3,1,531,0.8117
1977,12,3,2,602,0.6014
1977,12,3,3,578,0.5548
1977,12,3,4,558,0.4821
1977,12,3,5,593,0.6614
1978,1,1,1,1125,-1.1210
1978,1,1,2,1569,-1.5987
1978,1,1,3,1518,-1.9774
1978,1,1,4,1611,-1.5786
1978,1,1,5,1541,-1.3658
1978,1,2,1,390,-4.0329
1978,1,2,2,523,-3.9259
1978,1,2,3,484,-4.4819
1978,1,2,4,516,-4.2341
1978,1,2,5,499,-4.1765
1978,1,3,1,511,-5.9809
1978,1,3,2,599,-5.8037
1978,1,3,3,571,-6.0085
1978,1,3,4,564,-5.3689
1978,1,3,5,584,-5.9196
1978,2,1,1,1237,2.8481
1978,2,1,2,1542,3.8144
1978,2,1,3,1530,3.5285
1978,2,1,4,1593,3.3284
1978,2,1,5,1536,3.2491
1978,2,2,1,409,1.2308
1978,2,2,2,523,1.2704
1978,2,2,3,508,1.8781
1978,2,2,4,509,1.5121
1978,2,2,5,502,1.7415
1978,2,3,1,526,-2.2096
1978,2,3,2,595,-2.0441
1978,2,3,3,571,-2.0935
1978,2,3,4,561,-1.9736
1978,2,3,5,586,-0.9572
1978,3,1,1,1226,7.6889
1978,3,1,2,1573,7.4751
1978,3,1,3,1571,7.3778
1978,3,1,4,1555,7.6384
1978,3,1,5,1516,7.5627
1978,3,2,1,403,6.2999
1978,3,2,2,521,7.2804
1978,3,2,3,522,6.3332
1978,3,2,4,516,6.5263
1978,3,2,5,491,5.4122
1978,3,3,1,522,3.4412
1978,3,3,2,603,2.8210
1978,3,3,3,605,3.1649
1978,3,3,4,560,1.9605
1978,3,3,5,577,2.7188
1978,4,1,1,1227,7.9959
1978,4,1,2,1460,8.5315
1978,4,1,3,1537,9.0031
1978,4,1,4,1580,8.4420
1978,4,1,5,1570,7.2195
1978,4,2,1,410,7.6844
1978,4,2,2,504,7.9548
1978,4,2,3,503,8.0687
1978,4,2,4,521,8.2231
1978,4,2,5,500,7.2129
1978,4,3,1,517,9.1956
1978,4,3,2,601,9.8761
1978,4,3,3,590,9.9611
1978,4,3,4,564,9.3349
1978,4,3,5,579,7.1229
1978,5,1,1,1134,6.7355
1978,5,1,2,1396,7.4215
1978,5,1,3,1366,7.4179
1978,5,1,4,1585,7.7799
1978,5,1,5,1556,7.7464
1978,5,2,1,386,6.4805
1978,5,2,2,506,6.6246
1978,5,2,3,468,6.5092
1978,5,2,4,530,6.7355
1978,5,2,5,504,6.4833
1978,5,3,1,487,1.8189
1978,5,3,2,588,1.8288
1978,5,3,3,572,2.9895
1978,5,3,4,577,1.7283
1978,5,3,5,584,1.6167
1978,6,1,1,1185,1.2855
1978,6,1,2,1387,0.7980
1978,6,1,3,1421,0.2067
1978,6,1,4,1584,0.4615
1978,6,1,5,1553,0.7180
1978,6,2,1,399,0.1098
1978,6,2,2,507,-1.3467
1978,6,2,3,491,-0.1308
1978,6,2,4,529,0.1255
1978,6,2,5,501,-0.4646
1978,6,3,1,514,-2.0719
1978,6,3,2,588,-1.5615
1978,6,3,3,582,-1.2168
1978,6,3,4,579,-1.3016
1978,6,3,5,585,-1.4968
1978,7,1,1,1170,4.6824
1978,7,1,2,1363,5.7666
1978,7,1,3,1431,5.7769
1978,7,1,4,1552,6.1628
1978,7,1,5,1530,5.0426
1978,7,2,1,401,5.5470
1978,7,2,2,504,7.1765
1978,7,2,3,489,6.9111
1978,7,2,4,527,7.1384
1978,7,2,5,515,6.9847
1978,7,3,1,519,5.1768
1978,7,3,2,594,6.1732
1978,7,3,3,581,6.3812
1978,7,3,4,583,6.3047
1978,7,3,5,591,5.5590
1978,8,1,1,1176,8.4137
1978,8,1,2,1401,9.2784
1978,8,1,3,1562,8.9918
1978,8,1,4,1602,10.3068
1978,8,1,5,1555,9.4585
1978,8,2,1,420,7.0124
1978,8,2,2,515,9.2481
1978,8,2,3,514,7.2629
1978,8,2,4,537,8.7281
1978,8,2,5,535,8.9524
1978,8,3,1,530,3.5078
1978,8,3,2,602,3.0173
1978,8,3,3,596,3.4575
1978,8,3,4,592,3.5546
1978,8,3,5,599,3.5696
1978,9,1,1,1177,-0.2597
1978,9,1,2,1364,-0.8005
1978,9,1,3,1564,-0.3862
1978,9,1,4,1630,-0.6687
1978,9,1,5,1555,-0.1277
1978,9,2,1,419,-0.2903
1978,9,2,2,506,-2.0415
1978,9,2,3,522,-1.9197
1978,9,2,4,552,-2.1122
1978,9,2,5,532,-1.5871
1978,9,3,1,536,0.6851
1978,9,3,2,589,-1.5132
1978,9,3,3,597,-1.2676
1978,9,3,4,599,-2.1938
1978,9,3,5,594,-0.7469
1978,10,1,1,1179,-21.9256
1978,10,1,2,1349,-22.2572
1978,10,1,3,1564,-23.8348
1978,10,1,4,1619,-23.1658
1978,10,1,5,1525,-23.2567
1978,10,2,1,442,-18.3708
1978,10,2,2,506,-20.7024
1978,10,2,3,534,-20.5209
1978,10,2,4,552,-20.4031
1978,10,2,5,530,-19.6638
1978,10,3,1,539,-9.1967
1978,10,3,2,583,-9.8286
1978,10,3,3,606,-10.0674
1978,10,3,4,597,-10.1209
1978,10,3,5,595,-10.0322
1978,11,1,1,1184,6.8158
1978,11,1,2,1456,6.0710
1978,11,1,3,1521,6.9930
1978,11,1,4,1623,6.9043
1978,11,1,5,1497,7.5513
1978,11,2,1,443,6.7834
1978,11,2,2,509,7.1103
1978,11,2,3,525,7.6673
1978,11,2,4,558,7.0290
1978,11,2,5,523,8.1225
1978,11,3,1,543,3.0595
1978,11,3,2,607,2.2215
1978,11,3,3,589,3.4333
1978,11,3,4,598,2.5215
1978,11,3,5,586,3.6672
1978,12,1,1,1181,1.6493
1978,12,1,2,1442,1.4086
1978,12,1,3,1483,1.7048
1978,12,1,4,1538,1.9706
1978,12,1,5,1478,1.7257
1978,12,2,1,445,1.7561
1978,12,2,2,521,2.2619
1978,12,2,3,509,1.3524
1978,12,2,4,520,2.8495
1978,12,2,5,525,1.8697
1978,12,3,1,539,1.2061
1978,12,3,2,606,1.0756
1978,12,3,3,563,1.4890
1978,12,3,4,481,2.3308
1978,12,3,5,588,1.4301
1979,1,1,1,1121,10.0737
1979,1,1,2,1483,10.6018
1979,1,1,3,1468,10.4541
1979,1,1,4,1585,10.6222
1979,1,1,5,1507,9.8121
1979,1,2,1,424,8.7555
1979,1,2,2,530,8.6257
1979,1,2,3,518,8.2131
1979,1,2,4,538,9.0183
1979,1,2,5,529,8.1800
1979,1,3,1,525,4.9496
1979,1,3,2,609,4.6874
1979,1,3,3,575,3.7992
1979,1,3,4,506,4.5668
1979,1,3,5,593,4.5787
1979,2,1,1,1422,-1.9294
1979,2,1,2,1641,-2.4242
1979,2,1,3,1500,-2.6225
1979,2,1,4,1555,-2.7754
1979,2,1,5,1476,-1.9102
1979,2,2,1,510,-2.0268
1979,2,2,2,575,-2.8413
1979,2,2,3,522,-2.3266
1979,2,2,4,519,-3.1435
1979,2,2,5,520,-2.1377
1979,2,3,1,598,-2.4936
1979,2,3,2,644,-3.2801
1979,2,3,3,590,-3.6482
1979,2,3,4,496,-3.3260
1979,2,3,5,577,-3.1877
1979,3,1,1,1449,8.5342
1979,3,1,2,1627,8.6517
1979,3,1,3,1477,9.6286
1979,3,1,4,1533,9.6643
1979,3,1,5,1465,8.5949
1979,3,2,1,522,8.7515
1979,3,2,2,562,10.7133
1979,3,2,3,515,10.8604
1979,3,2,4,503,10.3313
1979,3,2,5,518,9.4267
1979,3,3,1,609,5.5482
1979,3,3,2,641,6.5178
1979,3,3,3,492,6.3938
1979,3,3,4,484,5.9569
1979,3,3,5,567,5.4036
1979,4,1,1,1454,2.8178
1979,4,1,2,1557,3.0031
1979,4,1,3,1468,3.1743
1979,4,1,4,1540,3.2156
1979,4,1,5,1447,2.6669
1979,4,2,1,516,2.5229
1979,4,2,2,539,2.2762
1979,4,2,3,514,2.1504
1979,4,2,4,510,2.5477
1979,4,2,5,512,2.8088
1979,4,3,1,602,0.5604
1979,4,3,2,597,-0.2251
1979,4,3,3,485,0.5563
1979,4,3,4,509,-0.1975
1979,4,3,5,564,0.2659
1979,5,1,1,1422,-0.9134
1979,5,1,2,1540,-0.9865
1979,5,1,3,1454,-0.8944
1979,5,1,4,1535,-1.2318
1979,5,1,5,1373,-0.9186
1979,5,2,1,511,-0.5338
1979,5,2,2,529,-1.5350
1979,5,2,3,500,-1.4149
1979,5,2,4,518,-1.7667
1979,5,2,5,514,-1.1314
1979,5,3,1,591,-1.1337
1979,5,3,2,585,-1.8653
1979,5,3,3,488,-2.0486
1979,5,3,4,515,-1.1309
1979,5,3,5,551,-1.6344
1979,6,1,1,1428,5.6464
1979,6,1,2,1534,5.4964
1979,6,1,3,1410,5.2097
1979,6,1,4,1523,6.1476
1979,6,1,5,1367,6.0155
1979,6,2,1,515,4.9307
1979,6,2,2,521,5.0496
1979,6,2,3,473,5.5859
1979,6,2,4,517,5.3086
1979,6,2,5,517,5.4851
1979,6,3,1,591,3.9450
1979,6,3,2,578,3.8609
1979,6,3,3,470,3.7844
1979,6,3,4,512,2.5044
1979,6,3,5,553,4.7117
1979,7,1,1,1392,2.4904
1979,7,1,2,1509,2.5113
1979,7,1,3,1387,2.0601
1979,7,1,4,1427,2.3936
1979,7,1,5,1318,2.5129
1979,7,2,1,508,2.9795
1979,7,2,2,510,2.7210
1979,7,2,3,465,3.0021
1979,7,2,4,499,3.3115
1979,7,2,5,492,2.3763
1979,7,3,1,585,1.2557
1979,7,3,2,572,1.4757
1979,7,3,3,451,1.4635
1979,7,3,4,504,1.2986
1979,7,3,5,532,1.4885
1979,8,1,1,1403,7.4471
1979,8,1,2,1555,8.3362
1979,8,1,3,1393,7.9636
1979,8,1,4,1418,8.3051
1979,8,1,5,1396,7.2742
1979,8,2,1,514,7.5964
1979,8,2,2,524,8.7738
1979,8,2,3,461,8.7214
1979,8,2,4,510,8.9828
1979,8,2,5,523,7.4271
1979,8,3,1,584,5.8007
1979,8,3,2,599,6.6284
1979,8,3,3,441,7.3675
1979,8,3,4,491,5.4819
1979,8,3,5,562,6.0765
1979,9,1,1,1398,-0.6246
1979,9,1,2,1530,-0.9113
1979,9,1,3,1476,-1.0820
1979,9,1,4,1412,-0.1889
1979,9,1,5,1446,0.7578
1979,9,2,1,510,-0.5890
1979,9,2,2,522,-0.0664
1979,9,2,3,485,0.0307
1979,9,2,4,509,-0.4517
1979,9,2,5,545,0.8979
1979,9,3,1,583,-0.0354
1979,9,3,2,585,-0.5295
1979,9,3,3,475,-1.1986
1979,9,3,4,507,-0.8670
1979,9,3,5,581,1.5351
1979,10,1,1,1453,-10.2971
1979,10,1,2,1548,-10.7616
1979,10,1,3,1482,-10.8099
1979,10,1,4,1517,-10.9708
1979,10,1,5,1441,-9.6846
1979,10,2,1,523,-9.8774
1979,10,2,2,535,-9.4890
1979,10,2,3,483,-9.2262
1979,10,2,4,528,-10.5594
1979,10,2,5,545,-8.8532
1979,10,3,1,594,-7.6057
1979,10,3,2,593,-7.3802
1979,10,3,3,471,-6.9025
1979,10,3,4,522,-7.1072
1979,10,3,5,582,-5.6628
1979,11,1,1,1454,7.0830
1979,11,1,2,1493,7.4102
1979,11,1,3,1485,8.5789
1979,11,1,4,1524,7.9573
1979,11,1,5,1488,8.7452
1979,11,2,1,532,8.0730
1979,11,2,2,543,8.3210
1979,11,2,3,484,9.3866
1979,11,2,4,526,8.3898
1979,11,2,5,542,10.4338
1979,11,3,1,601,4.0117
1979,11,3,2,573,5.3264
1979,11,3,3,471,6.0914
1979,11,3,4,514,5.0550
1979,11,3,5,568,6.7156
1979,12,1,1,1454,6.7638
1979,12,1,2,1485,8.5161
1979,12,1,3,1496,8.5078
1979,12,1,4,1556,7.5039
1979,12,1,5,1482,8.7026
1979,12,2,1,534,5.1152
1979,12,2,2,539,6.6262
1979,12,2,3,494,7.8263
1979,12,2,4,542,7.3480
1979,12,2,5,554,6.7081
1979,12,3,1,601,1.9775
1979,12,3,2,574,3.3860
1979,12,3,3,479,3.2617
1979,12,3,4,532,2.6079
1979,12,3,5,571,2.1320
1980,1,1,1,1443,10.2584
1980,1,1,2,1535,12.0178
1980,1,1,3,1467,12.4717
1980,1,1,4,1482,12.1246
1980,1,1,5,1469,12.5769
1980,1,2,1,546,6.7751
1980,1,2,2,518,7.6534
1980,1,2,3,482,8.3671
1980,1,2,4,509,7.8976
1980,1,2,5,544,8.9508
1980,1,3,1,598,5.3073
1980,1,3,2,484,5.3689
1980,1,3,3,457,4.9133
1980,1,3,4,494,5.6269
1980,1,3,5,567,8.6376
1980,2,1,1,1437,-2.3513
1980,2,1,2,1523,-1.5837
1980,2,1,3,1517,-0.9893
1980,2,1,4,1468,-1.5126
1980,2,1,5,1444,-0.6157
1980,2,2,1,532,-2.3049
1980,2,2,2,541,-2.0502
1980,2,2,3,523,-1.3818
1980,2,2,4,508,-1.6714
1980,2,2,5,543,-0.4965
1980,2,3,1,583,-3.2547
1980,2,3,2,544,-3.4787
1980,2,3,3,505,-2.6132
1980,2,3,4,495,-0.7121
1980,2,3,5,569,4.8190
1980,3,1,1,1373,-17.3809
1980,3,1,2,1518,-18.9216
1980,3,1,3,1495,-19.6863
1980,3,1,4,1452,-19.4168
1980,3,1,5,1415,-19.2907
1980,3,2,1,529,-15.8025
1980,3,2,2,542,-16.6490
1980,3,2,3,519,-17.6038
1980,3,2,4,513,-17.9504
1980,3,2,5,547,-18.3493
1980,3,3,1,576,-9.3703
1980,3,3,2,545,-9.1764
1980,3,3,3,477,-8.1269
1980,3,3,4,499,-10.8511
1980,3,3,5,572,-13.3826
1980,4,1,1,1371,5.3217
1980,4,1,2,1513,4.7951
1980,4,1,3,1395,5.7482
1980,4,1,4,1500,4.6726
1980,4,1,5,1529,5.1815
1980,4,2,1,536,5.6399
1980,4,2,2,551,5.2564
1980,4,2,3,502,6.4872
1980,4,2,4,551,5.4403
1980,4,2,5,576,6.9241
1980,4,3,1,584,4.6375
1980,4,3,2,560,3.5270
1980,4,3,3,459,4.0171
1980,4,3,4,604,3.8601
1980,4,3,5,623,5.9546
1980,5,1,1,1370,6.9864
1980,5,1,2,1515,6.3370
1980,5,1,3,1404,6.3699
1980,5,1,4,1546,6.0115
1980,5,1,5,1493,6.6301
1980,5,2,1,528,8.5472
1980,5,2,2,552,8.6226
1980,5,2,3,513,9.3391
1980,5,2,4,570,8.4357
1980,5,2,5,574,7.3055
1980,5,3,1,568,5.7942
1980,5,3,2,560,6.4778
1980,5,3,3,468,5.5244
1980,5,3,4,642,6.3165
1980,5,3,5,613,5.2928
1980,6,1,1,1307,4.4042
1980,6,1,2,1482,3.5402
1980,6,1,3,1481,3.7455
1980,6,1,4,1528,3.4411
1980,6,1,5,1497,4.2981
1980,6,2,1,520,4.5604
1980,6,2,2,541,3.7629
1980,6,2,3,528,3.9842
1980,6,2,4,555,4.0044
1980,6,2,5,577,5.6208
1980,6,3,1,537,3.6103
1980,6,3,2,545,2.5266
1980,6,3,3,501,2.8920
1980,6,3,4,622,2.5906
1980,6,3,5,636,4.2375
1980,7,1,1,1399,10.2664
1980,7,1,2,1460,10.8623
1980,7,1,3,1453,11.3346
1980,7,1,4,1505,11.3955
1980,7,1,5,1425,8.6091
1980,7,2,1,554,10.5579
1980,7,2,2,544,12.2989
1980,7,2,3,525,12.6969
1980,7,2,4,566,12.3935
1980,7,2,5,564,8.4429
1980,7,3,1,565,8.6142
1980,7,3,2,551,9.6027
1980,7,3,3,500,9.0045
1980,7,3,4,620,8.4185
1980,7,3,5,621,5.3372
1980,8,1,1,1467,7.6988
1980,8,1,2,1568,7.8822
1980,8,1,3,1514,8.1936
1980,8,1,4,1554,7.7048
1980,8,1,5,1533,7.9118
1980,8,2,1,558,5.1718
1980,8,2,2,579,5.6113
1980,8,2,3,531,6.6201
1980,8,2,4,579,5.0069
1980,8,2,5,579,5.3984
1980,8,3,1,582,1.3857
1980,8,3,2,588,1.0396
1980,8,3,3,499,2.1954
1980,8,3,4,633,1.0297
1980,8,3,5,616,2.2789
1980,9,1,1,1523,3.7456
1980,9,1,2,1579,3.9947
1980,9,1,3,1560,3.6301
1980,9,1,4,1643,4.2927
1980,9,1,5,1599,4.5763
1980,9,2,1,574,3.9278
1980,9,2,2,579,3.0657
1980,9,2,3,550,3.4678
1980,9,2,4,594,3.8328
1980,9,2,5,592,4.0773
1980,9,3,1,579,1.9531
1980,9,3,2,589,1.5498
1980,9,3,3,523,2.6478
1980,9,3,4,641,3.0131
1980,9,3,5,627,3.4637
1980,10,1,1,1516,4.7850
1980,10,1,2,1615,4.5333
1980,10,1,3,1518,5.0790
1980,10,1,4,1610,4.0600
1980,10,1,5,1626,5.2512
1980,10,2,1,575,3.1035
1980,10,2,2,585,2.9711
1980,10,2,3,542,3.2633
1980,10,2,4,599,2.8713
1980,10,2,5,617,4.5451
1980,10,3,1,575,0.8340
1980,10,3,2,597,0.1816
1980,10,3,3,494,1.0391
1980,10,3,4,646,1.1783
1980,10,3,5,654,2.4757
1980,11,1,1,1570,6.5731
1980,11,1,2,1686,5.8541
1980,11,1,3,1523,6.7279
1980,11,1,4,1681,6.6268
1980,11,1,5,1633,9.9084
1980,11,2,1,603,7.2548
1980,11,2,2,599,7.3783
1980,11,2,3,540,8.3367
1980,11,2,4,626,7.7864
1980,11,2,5,621,9.7540
1980,11,3,1,614,7.5382
1980,11,3,2,605,7.4145
1980,11,3,3,485,9.8716
1980,11,3,4,667,10.1638
1980,11,3,5,671,13.9748
1980,12,1,1,1594,-4.7172
1980,12,1,2,1685,-4.4932
1980,12,1,3,1525,-5.1322
1980,12,1,4,1687,-4.9132
1980,12,1,5,1635,-5.4330
1980,12,2,1,602,-2.7478
1980,12,2,2,610,-1.6675
1980,12,2,3,563,-2.9753
1980,12,2,4,630,-2.6899
1980,12,2,5,637,-4.2569
1980,12,3,1,616,-1.7623
1980,12,3,2,606,-0.7650
1980,12,3,3,496,-2.2845
1980,12,3,4,670,-2.2928
1980,12,3,5,685,-5.5312
1981,1,1,1,1394,-0.0063
1981,1,1,2,1642,0.4845
1981,1,1,3,1562,0.0353
1981,1,1,4,1758,-0.2662
1981,1,1,5,1643,-0.9769
1981,1,2,1,552,-0.5822
1981,1,2,2,593,-1.5706
1981,1,2,3,581,-1.4662
1981,1,2,4,680,-1.1321
1981,1,2,5,645,-1.6887
1981,1,3,1,583,-3.5076
1981,1,3,2,588,-2.7529
1981,1,3,3,520,-3.7132
1981,1,3,4,693,-3.0588
1981,1,3,5,690,-5.5670
1981,2,1,1,1363,-0.6862
1981,2,1,2,1497,-0.1571
1981,2,1,3,1596,-0.3321
1981,2,1,4,1767,-0.3537
1981,2,1,5,1575,-0.7523
1981,2,2,1,562,1.1885
1981,2,2,2,560,1.1963
1981,2,2,3,570,1.9273
1981,2,2,4,682,1.5336
1981,2,2,5,612,1.8613
1981,2,3,1,594,2.0956
1981,2,3,2,547,3.6123
1981,2,3,3,516,3.3349
1981,2,3,4,690,3.0265
1981,2,3,5,652,1.7027
1981,3,1,1,1486,7.5387
1981,3,1,2,1515,8.3217
1981,3,1,3,1592,8.8404
1981,3,1,4,1755,8.3995
1981,3,1,5,1551,7.4097
1981,3,2,1,596,7.3313
1981,3,2,2,557,8.8590
1981,3,2,3,567,8.6169
1981,3,2,4,668,8.0328
1981,3,2,5,607,7.1695
1981,3,3,1,620,4.8097
1981,3,3,2,554,6.7753
1981,3,3,3,515,5.7679
1981,3,3,4,687,5.7201
1981,3,3,5,627,4.2411
1981,4,1,1,1434,3.4010
1981,4,1,2,1575,4.2513
1981,4,1,3,1592,3.7199
1981,4,1,4,1719,3.9813
1981,4,1,5,1654,3.6771
1981,4,2,1,581,1.1786
1981,4,2,2,590,3.4122
1981,4,2,3,559,2.6648
1981,4,2,4,653,2.8186
1981,4,2,5,634,1.3797
1981,4,3,1,604,-2.2938
1981,4,3,2,606,-0.2807
1981,4,3,3,519,-2.1322
1981,4,3,4,655,-0.3645
1981,4,3,5,658,-2.4816
1981,5,1,1,1425,3.6112
1981,5,1,2,1606,3.8935
1981,5,1,3,1586,4.3146
1981,5,1,4,1685,3.8651
1981,5,1,5,1634,3.5717
1981,5,2,1,585,3.2508
1981,5,2,2,607,4.3768
1981,5,2,3,562,3.7272
1981,5,2,4,648,3.6799
1981,5,2,5,647,3.9226
1981,5,3,1,599,0.3051
1981,5,3,2,642,2.0386
1981,5,3,3,521,0.5156
1981,5,3,4,647,1.1295
1981,5,3,5,655,0.8617
1981,6,1,1,1414,-1.8951
1981,6,1,2,1662,-0.1339
1981,6,1,3,1516,-0.5673
1981,6,1,4,1688,-0.7578
1981,6,1,5,1575,-1.9742
1981,6,2,1,586,-1.9019
1981,6,2,2,615,-2.8991
1981,6,2,3,551,-3.3877
1981,6,2,4,647,-2.0412
1981,6,2,5,624,-3.0771
1981,6,3,1,586,0.3297
1981,6,3,2,656,-2.3387
1981,6,3,3,514,-2.9683
1981,6,3,4,650,-2.5586
1981,6,3,5,642,-1.2849
1981,7,1,1,1372,-2.0277
1981,7,1,2,1644,-3.4951
1981,7,1,3,1490,-3.4372
1981,7,1,4,1675,-2.7801
1981,7,1,5,1603,-2.8934
1981,7,2,1,565,-0.5488
1981,7,2,2,616,-2.5606
1981,7,2,3,547,-2.7714
1981,7,2,4,651,-2.3492
1981,7,2,5,632,-1.4883
1981,7,3,1,587,1.0659
1981,7,3,2,651,-1.5920
1981,7,3,3,515,-0.8751
1981,7,3,4,638,-1.2263
1981,7,3,5,665,-0.1187
1981,8,1,1,1480,-8.3559
1981,8,1,2,1684,-8.8633
1981,8,1,3,1553,-9.1022
1981,8,1,4,1691,-8.7758
1981,8,1,5,1685,-8.4089
1981,8,2,1,579,-6.1753
1981,8,2,2,604,-8.1917
1981,8,2,3,557,-8.6284
1981,8,2,4,646,-7.6538
1981,8,2,5,643,-6.9116
1981,8,3,1,613,-5.4833
1981,8,3,2,620,-5.7354
1981,8,3,3,519,-6.4464
1981,8,3,4,637,-5.6588
1981,8,3,5,673,-5.4797
1981,9,1,1,1626,-8.7804
1981,9,1,2,1702,-9.0669
1981,9,1,3,1641,-9.6265
1981,9,1,4,1781,-8.8101
1981,9,1,5,1701,-9.1375
1981,9,2,1,595,-7.5914
1981,9,2,2,611,-6.7635
1981,9,2,3,572,-8.4809
1981,9,2,4,668,-7.2068
1981,9,2,5,638,-7.2019
1981,9,3,1,630,-6.2743
1981,9,3,2,619,-4.2424
1981,9,3,3,543,-6.1602
1981,9,3,4,661,-4.4535
1981,9,3,5,649,-5.8776
1981,10,1,1,1732,6.9403
1981,10,1,2,1706,8.7039
1981,10,1,3,1687,8.8046
1981,10,1,4,1859,8.2116
1981,10,1,5,1710,7.8445
1981,10,2,1,614,6.5884
1981,10,2,2,615,7.7148
1981,10,2,3,580,7.9472
1981,10,2,4,679,8.2448
1981,10,2,5,633,6.9030
1981,10,3,1,649,4.8692
1981,10,3,2,640,4.0496
1981,10,3,3,545,5.1764
1981,10,3,4,665,5.7110
1981,10,3,5,642,5.1175
1981,11,1,1,1712,1.4937
1981,11,1,2,1704,1.7165
1981,11,1,3,1745,1.3960
1981,11,1,4,1803,1.3623
1981,11,1,5,1791,1.7748
1981,11,2,1,592,3.3184
1981,11,2,2,610,2.9261
1981,11,2,3,579,2.8820
1981,11,2,4,622,2.1318
1981,11,2,5,646,3.7740
1981,11,3,1,636,4.8450
1981,11,3,2,634,4.6060
1981,11,3,3,543,4.3459
1981,11,3,4,566,3.7103
1981,11,3,5,672,4.2672
1981,12,1,1,1691,-2.8143
1981,12,1,2,1715,-1.6966
1981,12,1,3,1752,-2.1267
1981,12,1,4,1754,-1.4820
1981,12,1,5,1790,-2.2309
1981,12,2,1,586,-2.0430
1981,12,2,2,609,-1.3116
1981,12,2,3,579,-0.6210
1981,12,2,4,589,-0.8030
1981,12,2,5,621,-1.4078
1981,12,3,1,635,-2.7945
1981,12,3,2,641,-1.6388
1981,12,3,3,544,-2.0808
1981,12,3,4,529,-2.6992
1981,12,3,5,665,-2.4381
1982,1,1,1,1688,-1.8629
1982,1,1,2,1757,-1.3829
1982,1,1,3,1835,-1.7971
1982,1,1,4,1613,-1.7988
1982,1,1,5,1842,-1.3397
1982,1,2,1,574,-3.8397
1982,1,2,2,626,-4.2222
1982,1,2,3,611,-4.1809
1982,1,2,4,528,-3.6901
1982,1,2,5,642,-4.1108
1982,1,3,1,632,-2.7459
1982,1,3,2,657,-0.9341
1982,1,3,3,593,-1.4256
1982,1,3,4,482,-1.7023
1982,1,3,5,676,-1.7746
1982,2,1,1,1718,-5.2643
1982,2,1,2,1926,-4.2168
1982,2,1,3,1879,-4.9442
1982,2,1,4,1741,-4.2748
1982,2,1,5,1830,-4.7672
1982,2,2,1,576,-5.0106
1982,2,2,2,665,-5.3433
1982,2,2,3,622,-5.4767
1982,2,2,4,566,-4.7311
1982,2,2,5,639,-4.2478
1982,2,3,1,639,-5.4847
1982,2,3,2,680,-5.0229
1982,2,3,3,687,-5.4806
1982,2,3,4,503,-4.8124
1982,2,3,5,680,-4.1474
1982,3,1,1,1490,-1.6481
1982,3,1,2,1902,-1.1783
1982,3,1,3,1956,-1.9120
1982,3,1,4,1772,-1.2136
1982,3,1,5,1795,-0.7004
1982,3,2,1,505,-1.5736
1982,3,2,2,655,-0.4960
1982,3,2,3,632,-1.5869
1982,3,2,4,575,-0.1083
1982,3,2,5,628,0.1065
1982,3,3,1,607,-1.3000
1982,3,3,2,685,-0.9436
1982,3,3,3,686,-0.8408
1982,3,3,4,530,-0.3048
1982,3,3,5,669,-0.3919
1982,4,1,1,1482,4.5142
1982,4,1,2,1763,4.8294
1982,4,1,3,1879,6.3961
1982,4,1,4,1777,6.0925
1982,4,1,5,1724,5.5154
1982,4,2,1,500,4.4654
1982,4,2,2,587,4.6060
1982,4,2,3,620,6.0105
1982,4,2,4,572,6.5059
1982,4,2,5,618,6.1666
1982,4,3,1,601,4.2243
1982,4,3,2,659,4.1975
1982,4,3,3,673,3.7796
1982,4,3,4,528,4.8306
1982,4,3,5,656,4.9538
1982,5,1,1,1472,-2.4601
1982,5,1,2,1757,-2.1877
1982,5,1,3,1855,-2.2443
1982,5,1,4,1746,-2.5402
1982,5,1,5,1764,-1.7887
1982,5,2,1,492,-4.0473
1982,5,2,2,593,-3.7435
1982,5,2,3,618,-3.8247
1982,5,2,4,568,-3.4759
1982,5,2,5,617,-2.9561
1982,5,3,1,591,-2.7399
1982,5,3,2,664,-3.7834
1982,5,3,3,660,-3.8110
1982,5,3,4,522,-2.7754
1982,5,3,5,655,-2.7866
1982,6,1,1,1479,-3.9388
1982,6,1,2,1710,-3.4828
1982,6,1,3,1837,-3.8248
1982,6,1,4,1726,-2.8359
1982,6,1,5,1753,-2.9677
1982,6,2,1,488,-3.6905
1982,6,2,2,571,-3.3122
1982,6,2,3,611,-2.4364
1982,6,2,4,563,-1.3340
1982,6,2,5,604,-1.7125
1982,6,3,1,568,-2.9896
1982,6,3,2,650,-1.8727
1982,6,3,3,662,-1.6661
1982,6,3,4,523,-1.0190
1982,6,3,5,657,-1.4239
1982,7,1,1,1427,-2.2061
1982,7,1,2,1680,-1.4241
1982,7,1,3,1809,-2.5257
1982,7,1,4,1722,-0.5830
1982,7,1,5,1721,-1.4207
1982,7,2,1,478,-2.9170
1982,7,2,2,571,-1.4904
1982,7,2,3,596,-1.6176
1982,7,2,4,562,0.3188
1982,7,2,5,595,-1.0992
1982,7,3,1,554,-3.8684
1982,7,3,2,644,-1.7030
1982,7,3,3,643,-1.4277
1982,7,3,4,526,-1.7482
1982,7,3,5,627,-1.0845
1982,8,1,1,1227,6.0491
1982,8,1,2,1662,5.8259
1982,8,1,3,1844,5.4715
1982,8,1,4,1750,5.5898
1982,8,1,5,1677,5.3953
1982,8,2,1,425,10.6832
1982,8,2,2,563,10.1403
1982,8,2,3,590,10.9775
1982,8,2,4,557,10.4954
1982,8,2,5,566,9.9389
1982,8,3,1,475,12.8293
1982,8,3,2,638,12.9072
1982,8,3,3,644,12.7753
1982,8,3,4,504,13.3725
1982,8,3,5,591,13.0939
1982,9,1,1,1220,0.6772
1982,9,1,2,2008,3.0391
1982,9,1,3,1888,2.1051
1982,9,1,4,1824,5.3018
1982,9,1,5,1680,3.9410
1982,9,2,1,430,0.9290
1982,9,2,2,622,2.6702
1982,9,2,3,593,2.1193
1982,9,2,4,556,4.1650
1982,9,2,5,562,3.9227
1982,9,3,1,492,0.2377
1982,9,3,2,668,0.3726
1982,9,3,3,639,0.0476
1982,9,3,4,502,0.7374
1982,9,3,5,611,1.3900
1982,10,1,1,1211,10.9116
1982,10,1,2,1992,12.6276
1982,10,1,3,2012,13.9695
1982,10,1,4,1972,14.1571
1982,10,1,5,1747,14.0539
1982,10,2,1,421,11.4149
1982,10,2,2,620,13.3119
1982,10,2,3,629,14.6910
1982,10,2,4,574,15.0323
1982,10,2,5,581,13.7579
1982,10,3,1,482,9.5016
1982,10,3,2,666,12.5332
1982,10,3,3,671,12.0696
1982,10,3,4,521,12.2640
1982,10,3,5,627,12.8198
1982,11,1,1,1178,7.9739
1982,11,1,2,1978,9.5077
1982,11,1,3,2009,10.2147
1982,11,1,4,1970,10.7049
1982,11,1,5,1865,9.9887
1982,11,2,1,410,4.8267
1982,11,2,2,612,7.6919
1982,11,2,3,623,9.6776
1982,11,2,4,578,10.4383
1982,11,2,5,589,9.1558
1982,11,3,1,470,0.9292
1982,11,3,2,659,4.9763
1982,11,3,3,665,5.7688
1982,11,3,4,529,6.6047
1982,11,3,5,623,6.2865
1982,12,1,1,1069,2.2449
1982,12,1,2,1842,2.2347
1982,12,1,3,1755,1.8964
1982,12,1,4,1953,2.5334
1982,12,1,5,1861,1.9004
1982,12,2,1,385,1.9284
1982,12,2,2,578,1.3127
1982,12,2,3,546,1.5170
1982,12,2,4,570,1.0436
1982,12,2,5,581,1.5139
1982,12,3,1,454,4.3618
1982,12,3,2,618,1.2575
1982,12,3,3,598,1.0240
1982,12,3,4,522,0.4157
1982,12,3,5,615,1.8606
1983,1,1,1,1514,9.3614
1983,1,1,2,1970,9.8089
1983,1,1,3,1740,10.0956
1983,1,1,4,2011,10.6756
1983,1,1,5,1879,10.7541
1983,1,2,1,505,7.1407
1983,1,2,2,614,6.8885
1983,1,2,3,532,6.2626
1983,1,2,4,569,6.3466
1983,1,2,5,589,5.2812
1983,1,3,1,568,3.8795
1983,1,3,2,637,5.3334
1983,1,3,3,569,5.1406
1983,1,3,4,531,3.4049
1983,1,3,5,621,3.1649
1983,2,1,1,1595,3.7495
1983,2,1,2,2059,4.3291
1983,2,1,3,1782,4.1856
1983,2,1,4,1955,6.3272
1983,2,1,5,1943,6.3529
1983,2,2,1,534,3.9011
1983,2,2,2,637,4.6093
1983,2,2,3,572,5.3700
1983,2,2,4,559,6.4503
1983,2,2,5,619,5.2044
1983,2,3,1,585,1.9436
1983,2,3,2,642,2.6131
1983,2,3,3,580,2.7610
1983,2,3,4,530,3.4040
1983,2,3,5,640,3.6021
1983,3,1,1,1558,4.7287
1983,3,1,2,2051,4.3100
1983,3,1,3,1775,4.1345
1983,3,1,4,2034,5.3544
1983,3,1,5,1909,4.7188
1983,3,2,1,521,3.9606
1983,3,2,2,641,3.1517
1983,3,2,3,567,3.1074
1983,3,2,4,589,4.1807
1983,3,2,5,609,4.8415
1983,3,3,1,560,3.5544
1983,3,3,2,641,2.0487
1983,3,3,3,588,1.0960
1983,3,3,4,555,3.2838
1983,3,3,5,631,3.6036
1983,4,1,1,1770,6.4738
1983,4,1,2,1991,7.4531
1983,4,1,3,1780,7.5959
1983,4,1,4,1916,7.2191
1983,4,1,5,1902,8.3907
1983,4,2,1,576,6.0182
1983,4,2,2,618,6.3927
1983,4,2,3,579,6.5590
1983,4,2,4,578,6.8917
1983,4,2,5,622,6.8658
1983,4,3,1,599,6.7147
1983,4,3,2,615,6.4393
1983,4,3,3,586,6.4516
1983,4,3,4,545,6.2956
1983,4,3,5,638,7.8173
1983,5,1,1,1845,10.0325
1983,5,1,2,1987,10.6000
1983,5,1,3,1709,11.2206
1983,5,1,4,1935,10.1375
1983,5,1,5,1768,10.8494
1983,5,2,1,607,5.8100
1983,5,2,2,623,6.0828
1983,5,2,3,540,5.9980
1983,5,2,4,601,4.9057
1983,5,2,5,590,5.6482
1983,5,3,1,614,0.9300
1983,5,3,2,616,1.5759
1983,5,3,3,542,-0.5258
1983,5,3,4,550,-0.0819
1983,5,3,5,601,0.4791
1983,6,1,1,1811,3.8863
1983,6,1,2,1970,4.3093
1983,6,1,3,1690,5.3784
1983,6,1,4,2056,4.4125
1983,6,1,5,1834,4.4273
1983,6,2,1,598,4.2695
1983,6,2,2,653,4.7580
1983,6,2,3,528,5.3591
1983,6,2,4,656,5.6776
1983,6,2,5,586,5.7618
1983,6,3,1,612,2.8395
1983,6,3,2,622,3.5485
1983,6,3,3,556,4.2237
1983,6,3,4,660,4.9759
1983,6,3,5,604,4.1137
1983,7,1,1,1767,-1.2843
1983,7,1,2,1927,-2.5683
1983,7,1,3,1725,-3.3910
1983,7,1,4,2014,-3.8208
1983,7,1,5,1813,-2.5733
1983,7,2,1,585,-0.7265
1983,7,2,2,648,-2.2681
1983,7,2,3,551,-3.9110
1983,7,2,4,666,-3.8291
1983,7,2,5,594,-2.2296
1983,7,3,1,603,-2.3650
1983,7,3,2,608,-3.1142
1983,7,3,3,574,-4.1063
1983,7,3,4,662,-3.9927
1983,7,3,5,620,-2.9894
1983,8,1,1,2018,-3.1928
1983,8,1,2,2022,-3.6277
1983,8,1,3,1745,-4.3679
1983,8,1,4,2025,-3.8803
1983,8,1,5,1823,-3.4882
1983,8,2,1,679,-2.6054
1983,8,2,2,673,-2.8539
1983,8,2,3,552,-3.4242
1983,8,2,4,662,-2.8694
1983,8,2,5,600,-3.1952
1983,8,3,1,671,2.0072
1983,8,3,2,642,0.2653
1983,8,3,3,570,0.9228
1983,8,3,4,662,-0.0891
1983,8,3,5,622,1.4759
1983,9,1,1,2157,0.1575
1983,9,1,2,2079,-0.0690
1983,9,1,3,1798,-0.7325
1983,9,1,4,1918,-0.2073
1983,9,1,5,1816,0.0849
1983,9,2,1,708,3.0931
1983,9,2,2,700,3.0738
1983,9,2,3,565,2.5645
1983,9,2,4,641,2.8168
1983,9,2,5,602,2.3396
1983,9,3,1,684,2.1599
1983,9,3,2,643,2.3117
1983,9,3,3,576,1.7118
1983,9,3,4,646,2.4767
1983,9,3,5,623,1.0472
1983,10,1,1,2113,-5.8844
1983,10,1,2,2056,-7.0499
1983,10,1,3,1748,-7.6817
1983,10,1,4,1952,-7.0043
1983,10,1,5,1955,-6.5065
1983,10,2,1,694,-5.1596
1983,10,2,2,692,-5.7966
1983,10,2,3,527,-6.9775
1983,10,2,4,655,-6.4867
1983,10,2,5,653,-5.7552
1983,10,3,1,668,-0.5849
1983,10,3,2,634,-2.0194
1983,10,3,3,463,-2.5609
1983,10,3,4,660,-2.2900
1983,10,3,5,640,-1.8101
1983,11,1,1,2137,4.0460
1983,11,1,2,2071,3.1902
1983,11,1,3,1737,3.8929
1983,11,1,4,1949,4.0190
1983,11,1,5,1931,3.8316
1983,11,2,1,709,5.2614
1983,11,2,2,700,5.5418
1983,11,2,3,512,5.8623
1983,11,2,4,646,5.4130
1983,11,2,5,640,5.2903
1983,11,3,1,664,2.5823
1983,11,3,2,639,2.9606
1983,11,3,3,464,3.4761
1983,11,3,4,659,3.9335
1983,11,3,5,625,1.8139
1983,12,1,1,2166,-2.3990
1983,12,1,2,2127,-2.1819
1983,12,1,3,1816,-2.2207
1983,12,1,4,2038,-2.0551
1983,12,1,5,1916,-1.9674
1983,12,2,1,709,-1.2741
1983,12,2,2,725,-1.8919
1983,12,2,3,546,-0.8844
1983,12,2,4,642,-1.2932
1983,12,2,5,625,-1.2339
1983,12,3,1,667,-0.8633
1983,12,3,2,673,-0.6695
1983,12,3,3,477,-0.6010
1983,12,3,4,634,-0.6800
1983,12,3,5,617,-0.6625
1984,1,1,1,2142,0.0801
1984,1,1,2,2127,-0.1035
1984,1,1,3,1884,-0.4078
1984,1,1,4,2028,-0.1640
1984,1,1,5,1912,0.0879
1984,1,2,1,693,-2.2490
1984,1,2,2,719,-2.9905
1984,1,2,3,591,-2.9987
1984,1,2,4,637,-2.9008
1984,1,2,5,615,-2.1413
1984,1,3,1,660,-0.5122
1984,1,3,2,668,-2.3566
1984,1,3,3,574,-2.3229
1984,1,3,4,633,-2.9097
1984,1,3,5,612,-0.1556
1984,2,1,1,2135,-5.8578
1984,2,1,2,2149,-6.8636
1984,2,1,3,1891,-7.1476
1984,2,1,4,2005,-6.5809
1984,2,1,5,1841,-5.9760
1984,2,2,1,695,-4.6633
1984,2,2,2,719,-5.1667
1984,2,2,3,593,-6.0050
1984,2,2,4,640,-5.6311
1984,2,2,5,583,-4.2668
1984,2,3,1,662,-3.4739
1984,2,3,2,673,-4.6380
1984,2,3,3,563,-4.6634
1984,2,3,4,635,-4.5437
1984,2,3,5,606,-2.7021
1984,3,1,1,2132,0.8483
1984,3,1,2,2114,0.8089
1984,3,1,3,1888,0.9630
1984,3,1,4,1992,1.2314
1984,3,1,5,1862,0.6238
1984,3,2,1,683,1.2839
1984,3,2,2,695,0.7617
1984,3,2,3,587,0.2887
1984,3,2,4,647,0.9383
1984,3,2,5,582,0.8148
1984,3,3,1,663,2.1463
1984,3,3,2,646,1.3859
1984,3,3,3,561,1.9671
1984,3,3,4,629,2.7099
1984,3,3,5,614,0.8415
1984,4,1,1,2008,-1.7180
1984,4,1,2,2149,-2.4179
1984,4,1,3,1850,-2.3397
1984,4,1,4,2016,-1.9612
1984,4,1,5,1821,-1.1323
1984,4,2,1,653,0.0413
1984,4,2,2,694,0.3072
1984,4,2,3,573,0.8016
1984,4,2,4,656,0.1333
1984,4,2,5,559,-0.2601
1984,4,3,1,643,0.3367
1984,4,3,2,636,0.8216
1984,4,3,3,548,-0.0091
1984,4,3,4,630,0.2226
1984,4,3,5,603,1.0035
1984,5,1,1,1956,-4.5284
1984,5,1,2,2143,-5.7631
1984,5,1,3,1844,-5.6047
1984,5,1,4,1789,-5.4807
1984,5,1,5,1822,-3.6421
1984,5,2,1,633,-5.3636
1984,5,2,2,687,-4.9305
1984,5,2,3,571,-5.5932
1984,5,2,4,582,-5.6364
1984,5,2,5,574,-4.9018
1984,5,3,1,644,-4.9216
1984,5,3,2,639,-5.2418
1984,5,3,3,551,-5.3473
1984,5,3,4,599,-5.6125
1984,5,3,5,602,-4.3135
1984,6,1,1,1946,1.8840
1984,6,1,2,2127,1.8422
1984,6,1,3,1771,1.7725
1984,6,1,4,1919,2.0347
1984,6,1,5,1846,1.8684
1984,6,2,1,630,2.6975
1984,6,2,2,672,4.0274
1984,6,2,3,551,2.4093
1984,6,2,4,599,2.4834
1984,6,2,5,582,3.0265
1984,6,3,1,643,3.3073
1984,6,3,2,638,3.3431
1984,6,3,3,516,2.5583
1984,6,3,4,611,1.6924
1984,6,3,5,611,2.4499
1984,7,1,1,1902,-4.3686
1984,7,1,2,2118,-5.1672
1984,7,1,3,1809,-5.5607
1984,7,1,4,1823,-4.7698
1984,7,1,5,1928,-3.7921
1984,7,2,1,620,-4.6274
1984,7,2,2,674,-5.1121
1984,7,2,3,563,-5.6824
1984,7,2,4,535,-4.4668
1984,7,2,5,604,-3.7427
1984,7,3,1,640,-2.2366
1984,7,3,2,659,-1.1330
1984,7,3,3,535,-2.2781
1984,7,3,4,513,-1.6293
1984,7,3,5,647,-1.6806
1984,8,1,1,1902,9.6705
1984,8,1,2,2180,10.5591
1984,8,1,3,1906,9.7790
1984,8,1,4,2278,9.9609
1984,8,1,5,1992,9.4904
1984,8,2,1,591,11.4877
1984,8,2,2,667,13.4328
1984,8,2,3,565,12.9926
1984,8,2,4,617,12.9527
1984,8,2,5,616,11.2202
1984,8,3,1,624,11.3298
1984,8,3,2,656,11.8860
1984,8,3,3,533,11.1216
1984,8,3,4,534,11.8427
1984,8,3,5,654,10.7622
1984,9,1,1,2009,-0.2339
1984,9,1,2,2390,-1.2225
1984,9,1,3,1939,-0.7327
1984,9,1,4,2347,-0.8119
1984,9,1,5,2055,-0.3127
1984,9,2,1,602,-0.3188
1984,9,2,2,660,-1.5720
1984,9,2,3,559,-1.7352
1984,9,2,4,629,-1.8580
1984,9,2,5,614,-0.3529
1984,9,3,1,633,0.2175
1984,9,3,2,645,-1.1635
1984,9,3,3,536,-2.0342
1984,9,3,4,538,-1.5623
1984,9,3,5,627,0.6373
1984,10,1,1,2316,-2.8263
1984,10,1,2,2373,-3.0041
1984,10,1,3,1959,-3.0554
1984,10,1,4,2343,-2.9558
1984,10,1,5,2098,-2.4903
1984,10,2,1,648,-1.4993
1984,10,2,2,634,-1.8692
1984,10,2,3,552,-1.1237
1984,10,2,4,619,-1.5028
1984,10,2,5,599,-0.9779
1984,10,3,1,656,-0.1336
1984,10,3,2,574,0.2763
1984,10,3,3,533,0.3607
1984,10,3,4,536,-0.0253
1984,10,3,5,620,0.6682
1984,11,1,1,2159,-3.2544
1984,11,1,2,2482,-3.4426
1984,11,1,3,2103,-3.6243
1984,11,1,4,2362,-4.0138
1984,11,1,5,2074,-2.6297
1984,11,2,1,598,-1.3883
1984,11,2,2,682,-1.6733
1984,11,2,3,571,-1.8570
1984,11,2,4,636,-2.6136
1984,11,2,5,594,-1.8050
1984,11,3,1,624,-0.5328
1984,11,3,2,672,-1.5758
1984,11,3,3,530,-0.7344
1984,11,3,4,537,-1.4208
1984,11,3,5,617,-0.8411
1984,12,1,1,2403,-0.2014
1984,12,1,2,2494,0.2860
1984,12,1,3,2044,-0.0762
1984,12,1,4,2351,0.1597
1984,12,1,5,2041,0.0249
1984,12,2,1,645,1.3583
1984,12,2,2,672,2.3670
1984,12,2,3,551,2.0967
1984,12,2,4,624,2.3078
1984,12,2,5,600,2.2570
1984,12,3,1,651,2.0362
1984,12,3,2,665,2.3542
1984,12,3,3,529,2.0934
1984,12,3,4,522,2.0896
1984,12,3,5,631,2.1494
1985,1,1,1,2374,12.4228
1985,1,1,2,2492,13.4997
1985,1,1,3,2144,13.3289
1985,1,1,4,2416,13.7622
1985,1,1,5,2284,11.5190
1985,1,2,1,638,11.6299
1985,1,2,2,662,11.3498
1985,1,2,3,558,11.4527
1985,1,2,4,633,12.4899
1985,1,2,5,642,10.1204
1985,1,3,1,628,7.4507
1985,1,3,2,661,8.8641
1985,1,3,3,534,8.6779
1985,1,3,4,523,9.1791
1985,1,3,5,644,6.4993
1985,2,1,1,2338,3.1515
1985,2,1,2,2473,3.3092
1985,2,1,3,2166,3.2710
1985,2,1,4,2350,3.2945
1985,2,1,5,2280,3.1200
1985,2,2,1,619,1.1544
1985,2,2,2,650,1.9048
1985,2,2,3,557,2.1859
1985,2,2,4,625,2.4123
1985,2,2,5,648,1.9049
1985,2,3,1,622,1.7491
1985,2,3,2,660,1.2240
1985,2,3,3,528,1.1062
1985,2,3,4,514,1.2989
1985,2,3,5,643,2.1084
1985,3,1,1,2297,-1.7011
1985,3,1,2,2503,-2.0407
1985,3,1,3,2148,-1.9805
1985,3,1,4,2433,-2.1421
1985,3,1,5,2275,-1.6034
1985,3,2,1,611,-1.8411
1985,3,2,2,661,-2.6008
1985,3,2,3,534,-2.5868
1985,3,2,4,675,-3.6085
1985,3,2,5,633,-1.6395
1985,3,3,1,621,0.3390
1985,3,3,2,669,-0.8064
1985,3,3,3,520,-0.1003
1985,3,3,4,613,-1.2638
1985,3,3,5,626,1.1760
1985,4,1,1,2235,-1.9192
1985,4,1,2,2354,-1.4717
1985,4,1,3,2157,-1.4283
1985,4,1,4,2405,-1.7397
1985,4,1,5,2151,-1.0457
1985,4,2,1,578,-2.5645
1985,4,2,2,610,-1.6492
1985,4,2,3,538,-2.1750
1985,4,2,4,674,-2.0391
1985,4,2,5,604,-1.0702
1985,4,3,1,591,-0.3326
1985,4,3,2,620,-1.1999
1985,4,3,3,522,-1.2781
1985,4,3,4,605,-1.1115
1985,4,3,5,594,-0.5836
1985,5,1,1,2210,1.6247
1985,5,1,2,2473,2.0879
1985,5,1,3,2143,2.1731
1985,5,1,4,2315,2.6573
1985,5,1,5,2096,2.8257
1985,5,2,1,577,3.2068
1985,5,2,2,626,3.2716
1985,5,2,3,566,4.4515
1985,5,2,4,655,4.3626
1985,5,2,5,593,4.7341
1985,5,3,1,586,4.2946
1985,5,3,2,630,6.3998
1985,5,3,3,533,6.2562
1985,5,3,4,592,6.7489
1985,5,3,5,592,6.2166
1985,6,1,1,2188,-0.9557
1985,6,1,2,2445,0.1070
1985,6,1,3,2114,0.0356
1985,6,1,4,2312,0.6706
1985,6,1,5,2101,0.5964
1985,6,2,1,573,1.0073
1985,6,2,2,615,0.7256
1985,6,2,3,563,0.9798
1985,6,2,4,653,0.8344
1985,6,2,5,603,1.8686
1985,6,3,1,586,0.9898
1985,6,3,2,624,1.7533
1985,6,3,3,528,2.0867
1985,6,3,4,601,1.6424
1985,6,3,5,597,1.9298
1985,7,1,1,2113,3.1363
1985,7,1,2,2377,3.1199
1985,7,1,3,1985,2.3493
1985,7,1,4,2332,2.0840
1985,7,1,5,2035,1.7862
1985,7,2,1,558,2.7085
1985,7,2,2,614,3.2470
1985,7,2,3,535,3.1653
1985,7,2,4,675,2.6102
1985,7,2,5,575,2.4034
1985,7,3,1,575,0.6307
1985,7,3,2,623,1.5503
1985,7,3,3,490,0.7661
1985,7,3,4,611,-0.5561
1985,7,3,5,585,-0.7222
1985,8,1,1,2256,-0.5654
1985,8,1,2,2461,-1.0245
1985,8,1,3,2228,-0.8634
1985,8,1,4,2341,-1.3247
1985,8,1,5,2183,-0.3058
1985,8,2,1,612,-0.9098
1985,8,2,2,633,-1.5976
1985,8,2,3,577,-1.1710
1985,8,2,4,663,-1.2186
1985,8,2,5,606,-0.0918
1985,8,3,1,592,-0.1864
1985,8,3,2,627,-1.2297
1985,8,3,3,547,-0.9300
1985,8,3,4,609,-1.0568
1985,8,3,5,623,0.0400
1985,9,1,1,2337,-5.6301
1985,9,1,2,1947,-5.8343
1985,9,1,3,2282,-6.1434
1985,9,1,4,2378,-5.9818
1985,9,1,5,2164,-5.2300
1985,9,2,1,604,-6.2276
1985,9,2,2,517,-5.8202
1985,9,2,3,587,-5.7730
1985,9,2,4,668,-5.5524
1985,9,2,5,596,-4.4080
1985,9,3,1,593,-2.9565
1985,9,3,2,543,-3.7574
1985,9,3,3,570,-4.0200
1985,9,3,4,606,-3.8444
1985,9,3,5,615,-2.8323
1985,10,1,1,2399,1.7738
1985,10,1,2,1924,2.9600
1985,10,1,3,2279,2.5861
1985,10,1,4,2386,2.5335
1985,10,1,5,2036,2.4123
1985,10,2,1,642,2.8748
1985,10,2,2,509,2.8634
1985,10,2,3,590,3.4477
1985,10,2,4,667,4.2005
1985,10,2,5,563,4.0203
1985,10,3,1,610,3.9101
1985,10,3,2,531,2.7263
1985,10,3,3,556,2.9887
1985,10,3,4,606,4.2692
1985,10,3,5,593,4.2660
1985,11,1,1,2366,5.1486
1985,11,1,2,1833,5.7765
1985,11,1,3,2294,5.7422
1985,11,1,4,2484,5.7891
1985,11,1,5,2007,5.5604
1985,11,2,1,641,7.3689
1985,11,2,2,449,7.0726
1985,11,2,3,592,6.8607
1985,11,2,4,688,7.0119
1985,11,2,5,561,6.6594
1985,11,3,1,608,6.4459
1985,11,3,2,407,8.9198
1985,11,3,3,555,8.9046
1985,11,3,4,635,7.8853
1985,11,3,5,593,5.8070
1985,12,1,1,2273,2.9521
1985,12,1,2,1862,3.4427
1985,12,1,3,2556,3.7150
1985,12,1,4,2482,4.2240
1985,12,1,5,2091,4.2513
1985,12,2,1,619,4.1801
1985,12,2,2,459,4.0761
1985,12,2,3,662,5.0230
1985,12,2,4,686,4.5414
1985,12,2,5,591,4.7877
1985,12,3,1,601,4.4398
1985,12,3,2,416,5.4538
1985,12,3,3,621,5.1100
1985,12,3,4,623,4.4975
1985,12,3,5,601,4.0777
1986,1,1,1,2259,2.4408
1986,1,1,2,1891,2.2751
1986,1,1,3,2464,2.8523
1986,1,1,4,2396,2.7595
1986,1,1,5,1703,3.2019
1986,1,2,1,621,0.2232
1986,1,2,2,459,0.8262
1986,1,2,3,650,0.9010
1986,1,2,4,659,1.0431
1986,1,2,5,499,1.4040
1986,1,3,1,602,0.7315
1986,1,3,2,416,1.1786
1986,1,3,3,614,0.6303
1986,1,3,4,604,0.7632
1986,1,3,5,519,0.7569
1986,2,1,1,2232,5.6272
1986,2,1,2,2088,6.3602
1986,2,1,3,2509,6.2499
1986,2,1,4,2407,5.7486
1986,2,1,5,1390,6.1788
1986,2,2,1,621,6.6939
1986,2,2,2,522,6.2081
1986,2,2,3,652,6.6847
1986,2,2,4,659,7.2547
1986,2,2,5,426,6.8150
1986,2,3,1,578,6.7346
1986,2,3,2,478,8.2622
1986,2,3,3,612,8.2598
1986,2,3,4,606,8.4816
1986,2,3,5,492,8.1869
1986,3,1,1,2143,4.3860
1986,3,1,2,2073,4.4378
1986,3,1,3,2495,4.7129
1986,3,1,4,2327,5.1822
1986,3,1,5,1362,5.8654
1986,3,2,1,602,5.3500
1986,3,2,2,527,5.2722
1986,3,2,3,664,5.2186
1986,3,2,4,608,6.3127
1986,3,2,5,420,6.3761
1986,3,3,1,566,4.4237
1986,3,3,2,479,4.9872
1986,3,3,3,614,5.1279
1986,3,3,4,512,7.1291
1986,3,3,5,483,5.6102
1986,4,1,1,2119,1.0466
1986,4,1,2,2093,1.2932
1986,4,1,3,2441,1.7386
1986,4,1,4,2291,1.6613
1986,4,1,5,1425,0.8907
1986,4,2,1,599,1.1572
1986,4,2,2,541,0.3649
1986,4,2,3,665,1.3314
1986,4,2,4,596,1.0483
1986,4,2,5,429,0.7388
1986,4,3,1,560,-1.2089
1986,4,3,2,509,-0.6336
1986,4,3,3,615,0.2533
1986,4,3,4,501,-0.8027
1986,4,3,5,478,-1.3610
1986,5,1,1,2114,3.7932
1986,5,1,2,2125,3.5032
1986,5,1,3,2371,3.9019
1986,5,1,4,2293,4.1964
1986,5,1,5,1934,4.7386
1986,5,2,1,606,2.5124
1986,5,2,2,550,3.2411
1986,5,2,3,649,3.6041
1986,5,2,4,609,4.8811
1986,5,2,5,585,4.4440
1986,5,3,1,559,4.6361
1986,5,3,2,510,4.1825
1986,5,3,3,588,4.7597
1986,5,3,4,530,5.8611
1986,5,3,5,566,5.5701
1986,6,1,1,2124,-0.5601
1986,6,1,2,2105,-0.1290
1986,6,1,3,2348,-0.5507
1986,6,1,4,2319,0.5892
1986,6,1,5,1860,1.7529
1986,6,2,1,636,0.0774
1986,6,2,2,555,-1.0401
1986,6,2,3,653,0.2112
1986,6,2,4,652,0.3591
1986,6,2,5,571,1.7230
1986,6,3,1,566,0.6035
1986,6,3,2,511,0.3729
1986,6,3,3,588,0.9372
1986,6,3,4,623,2.5619
1986,6,3,5,541,2.1852
1986,7,1,1,2059,-8.4212
1986,7,1,2,2036,-9.1138
1986,7,1,3,2279,-8.7761
1986,7,1,4,2115,-8.7843
1986,7,1,5,1834,-6.9411
1986,7,2,1,627,-8.6637
1986,7,2,2,555,-10.0520
1986,7,2,3,641,-9.6425
1986,7,2,4,639,-8.9590
1986,7,2,5,575,-8.5966
1986,7,3,1,562,-5.0718
1986,7,3,2,508,-7.2802
1986,7,3,3,593,-6.4217
1986,7,3,4,612,-5.8553
1986,7,3,5,539,-5.3094
1986,8,1,1,1824,0.7915
1986,8,1,2,1881,0.4253
1986,8,1,3,2294,1.2649
1986,8,1,4,2250,1.2496
1986,8,1,5,1742,0.9714
1986,8,2,1,579,5.6905
1986,8,2,2,515,4.0915
1986,8,2,3,636,4.2608
1986,8,2,4,677,4.1227
1986,8,2,5,552,3.7958
1986,8,3,1,509,8.9275
1986,8,3,2,485,6.8204
1986,8,3,3,552,6.9346
1986,8,3,4,624,5.7757
1986,8,3,5,524,6.5313
1986,9,1,1,1827,-5.7630
1986,9,1,2,2188,-5.5676
1986,9,1,3,2241,-6.3412
1986,9,1,4,2234,-6.6140
1986,9,1,5,1809,-6.4319
1986,9,2,1,585,-5.5284
1986,9,2,2,593,-4.8328
1986,9,2,3,620,-5.5380
1986,9,2,4,660,-6.6013
1986,9,2,5,583,-7.0188
1986,9,3,1,517,-6.1012
1986,9,3,2,506,-7.5430
1986,9,3,3,528,-7.6731
1986,9,3,4,604,-9.2462
1986,9,3,5,548,-8.0460
1986,10,1,1,1944,2.6659
1986,10,1,2,2198,2.1715
1986,10,1,3,2225,2.0592
1986,10,1,4,2211,2.6422
1986,10,1,5,1831,3.0356
1986,10,2,1,600,3.8867
1986,10,2,2,609,4.0935
1986,10,2,3,626,3.9493
1986,10,2,4,656,4.5647
1986,10,2,5,596,4.2486
1986,10,3,1,558,4.6455
1986,10,3,2,521,6.2157
1986,10,3,3,555,5.6045
1986,10,3,4,600,7.0382
1986,10,3,5,557,6.7070
1986,11,1,1,1948,-0.8583
1986,11,1,2,2174,-0.4241
1986,11,1,3,2206,-0.5938
1986,11,1,4,2218,-0.1297
1986,11,1,5,1888,-0.8087
1986,11,2,1,606,-0.3243
1986,11,2,2,604,0.4081
1986,11,2,3,629,0.5545
1986,11,2,4,660,0.7995
1986,11,2,5,594,1.1620
1986,11,3,1,560,1.7327
1986,11,3,2,513,2.7574
1986,11,3,3,573,2.9501
1986,11,3,4,596,2.9703
1986,11,3,5,552,1.7284
1986,12,1,1,1880,-3.4059
1986,12,1,2,2149,-2.8413
1986,12,1,3,2301,-2.4891
1986,12,1,4,2243,-3.0319
1986,12,1,5,1867,-3.2425
1986,12,2,1,583,-1.9991
1986,12,2,2,602,-2.4037
1986,12,2,3,666,-2.0432
1986,12,2,4,667,-1.9852
1986,12,2,5,597,-2.6972
1986,12,3,1,535,-2.5079
1986,12,3,2,513,-3.2140
1986,12,3,3,584,-3.5417
1986,12,3,4,614,-2.2945
1986,12,3,5,547,-2.5472
1987,1,1,1,1873,10.7071
1987,1,1,2,2213,10.3741
1987,1,1,3,2292,10.8327
1987,1,1,4,2231,10.4270
1987,1,1,5,1916,9.7359
1987,1,2,1,599,12.4340
1987,1,2,2,614,12.2090
1987,1,2,3,669,12.7467
1987,1,2,4,667,12.3579
1987,1,2,5,594,12.3757
1987,1,3,1,559,13.7921
1987,1,3,2,504,13.0728
1987,1,3,3,581,13.9406
1987,1,3,4,619,14.1467
1987,1,3,5,556,14.7904
1987,2,1,1,1910,7.9252
1987,2,1,2,2157,8.0336
1987,2,1,3,2234,7.6629
1987,2,1,4,2193,8.1780
1987,2,1,5,1921,9.2344
1987,2,2,1,600,7.4595
1987,2,2,2,587,8.8350
1987,2,2,3,654,7.6378
1987,2,2,4,661,7.5981
1987,2,2,5,598,8.1442
1987,2,3,1,568,4.6634
1987,2,3,2,493,4.5193
1987,2,3,3,563,4.5452
1987,2,3,4,613,4.2488
1987,2,3,5,555,4.3906
1987,3,1,1,1889,2.4162
1987,3,1,2,2141,4.0856
1987,3,1,3,2194,2.8368
1987,3,1,4,2189,4.0268
1987,3,1,5,1968,3.3936
1987,3,2,1,604,2.1151
1987,3,2,2,593,3.1590
1987,3,2,3,633,2.1865
1987,3,2,4,660,2.4025
1987,3,2,5,615,3.3820
1987,3,3,1,580,3.5868
1987,3,3,2,516,3.1167
1987,3,3,3,564,2.4925
1987,3,3,4,616,2.5551
1987,3,3,5,564,3.4391
1987,4,1,1,1953,-2.4645
1987,4,1,2,2097,-1.5706
1987,4,1,3,2065,-2.7660
1987,4,1,4,2068,-2.3199
1987,4,1,5,1879,-2.3687
1987,4,2,1,622,-2.8769
1987,4,2,2,580,-2.0793
1987,4,2,3,601,-2.9866
1987,4,2,4,644,-3.4913
1987,4,2,5,603,-2.0470
1987,4,3,1,587,-0.0677
1987,4,3,2,496,-0.2774
1987,4,3,3,555,-0.5114
1987,4,3,4,596,-1.8251
1987,4,3,5,560,-0.1028
1987,5,1,1,1909,0.7164
1987,5,1,2,2094,0.7496
1987,5,1,3,2045,0.6262
1987,5,1,4,1954,0.2525
1987,5,1,5,1365,0.3477
1987,5,2,1,613,0.7263
1987,5,2,2,636,-0.0692
1987,5,2,3,599,1.0475
1987,5,2,4,634,-0.0838
1987,5,2,5,443,-0.0685
1987,5,3,1,581,1.2088
1987,5,3,2,589,0.9567
1987,5,3,3,571,1.2470
1987,5,3,4,587,0.9718
1987,5,3,5,477,0.3353
1987,6,1,1,1867,2.6927
1987,6,1,2,2050,1.8642
1987,6,1,3,2093,2.6301
1987,6,1,4,2037,1.7750
1987,6,1,5,1381,1.9320
1987,6,2,1,576,2.7681
1987,6,2,2,622,3.1001
1987,6,2,3,615,3.5840
1987,6,2,4,659,3.2976
1987,6,2,5,448,2.5986
1987,6,3,1,585,4.8942
1987,6,3,2,576,4.8760
1987,6,3,3,598,4.6969
1987,6,3,4,605,4.9742
1987,6,3,5,496,4.3488
1987,7,1,1,1822,3.7308
1987,7,1,2,1878,4.3444
1987,7,1,3,1910,3.8733
1987,7,1,4,1868,3.3749
1987,7,1,5,1326,3.9798
1987,7,2,1,577,4.7606
1987,7,2,2,598,4.8106
1987,7,2,3,590,4.7146
1987,7,2,4,620,3.9878
1987,7,2,5,439,5.2190
1987,7,3,1,603,5.6647
1987,7,3,2,560,6.1543
1987,7,3,3,591,5.2734
1987,7,3,4,602,5.2504
1987,7,3,5,493,5.6665
1987,8,1,1,2006,2.0700
1987,8,1,2,1966,1.6130
1987,8,1,3,1943,1.7314
1987,8,1,4,1820,1.6823
1987,8,1,5,1305,2.1149
1987,8,2,1,604,2.7009
1987,8,2,2,617,3.2055
1987,8,2,3,597,3.6992
1987,8,2,4,591,3.9690
1987,8,2,5,421,2.9067
1987,8,3,1,609,3.8085
1987,8,3,2,579,3.3940
1987,8,3,3,601,4.1089
1987,8,3,4,598,3.9573
1987,8,3,5,466,3.0259
1987,9,1,1,1996,-1.1726
1987,9,1,2,1959,-1.5904
1987,9,1,3,1897,-1.3649
1987,9,1,4,1890,-1.0580
1987,9,1,5,1970,-0.7394
1987,9,2,1,595,-1.2939
1987,9,2,2,604,-1.1401
1987,9,2,3,592,-0.9412
1987,9,2,4,595,-0.7911
1987,9,2,5,543,-0.3295
1987,9,3,1,606,-2.4109
1987,9,3,2,576,-0.9941
1987,9,3,3,586,-0.8741
1987,9,3,4,602,-1.8828
1987,9,3,5,479,-1.5289
1987,10,1,1,1923,-29.5353
1987,10,1,2,2015,-31.2123
1987,10,1,3,2036,-30.4825
1987,10,1,4,1819,-30.6164
1987,10,1,5,2008,-31.1638
1987,10,2,1,567,-27.3217
1987,10,2,2,594,-30.6595
1987,10,2,3,612,-30.3679
1987,10,2,4,572,-29.3249
1987,10,2,5,547,-31.0252
1987,10,3,1,577,-20.4598
1987,10,3,2,597,-23.1304
1987,10,3,3,571,-22.3445
1987,10,3,4,582,-21.9255
1987,10,3,5,494,-24.1614
1987,11,1,1,1916,-4.5108
1987,11,1,2,2011,-5.2116
1987,11,1,3,2014,-4.8586
1987,11,1,4,1986,-4.8396
1987,11,1,5,2134,-4.8994
1987,11,2,1,571,-3.2026
1987,11,2,2,604,-4.2786
1987,11,2,3,605,-4.5429
1987,11,2,4,602,-3.3120
1987,11,2,5,634,-3.9968
1987,11,3,1,568,-6.6134
1987,11,3,2,603,-7.2581
1987,11,3,3,551,-7.9976
1987,11,3,4,625,-7.7920
1987,11,3,5,627,-7.0083
1987,12,1,1,1938,5.1198
1987,12,1,2,2051,4.7522
1987,12,1,3,2030,5.5855
1987,12,1,4,1888,5.0542
1987,12,1,5,2100,5.0529
1987,12,2,1,594,8.6774
1987,12,2,2,628,8.5695
1987,12,2,3,616,9.8003
1987,12,2,4,572,9.4985
1987,12,2,5,623,10.2856
1987,12,3,1,570,7.5156
1987,12,3,2,613,8.7221
1987,12,3,3,576,8.2076
1987,12,3,4,613,8.3294
1987,12,3,5,622,9.1549
1988,1,1,1,1888,5.3480
1988,1,1,2,2146,5.2336
1988,1,1,3,2067,5.1689
1988,1,1,4,1588,5.5496
1988,1,1,5,2099,5.1874
1988,1,2,1,572,3.1172
1988,1,2,2,652,2.6942
1988,1,2,3,623,3.6336
1988,1,2,4,481,2.1856
1988,1,2,5,624,2.4679
1988,1,3,1,542,4.5429
1988,1,3,2,629,2.4478
1988,1,3,3,590,3.8677
1988,1,3,4,520,2.9533
1988,1,3,5,630,1.0311
1988,2,1,1,1977,7.7605
1988,2,1,2,2139,7.0758
1988,2,1,3,2006,7.7460
1988,2,1,4,1583,7.6776
1988,2,1,5,2010,8.0779
1988,2,2,1,595,8.8414
1988,2,2,2,653,9.9617
1988,2,2,3,605,9.8601
1988,2,2,4,484,9.5936
1988,2,2,5,610,8.8567
1988,2,3,1,581,5.2475
1988,2,3,2,620,6.0841
1988,2,3,3,573,5.7801
1988,2,3,4,521,4.5661
1988,2,3,5,630,7.0819
1988,3,1,1,1949,5.3676
1988,3,1,2,2113,4.9889
1988,3,1,3,1974,5.4007
1988,3,1,4,1562,5.2442
1988,3,1,5,2116,5.8155
1988,3,2,1,588,3.1360
1988,3,2,2,645,4.0091
1988,3,2,3,590,3.7900
1988,3,2,4,478,4.3964
1988,3,2,5,624,4.4647
1988,3,3,1,580,-2.0473
1988,3,3,2,613,-2.7834
1988,3,3,3,577,-2.3602
1988,3,3,4,519,-3.2602
1988,3,3,5,637,-1.1958
1988,4,1,1,1925,2.2468
1988,4,1,2,2112,2.2162
1988,4,1,3,1963,2.7378
1988,4,1,4,1533,2.2116
1988,4,1,5,2089,2.3767
1988,4,2,1,586,1.6795
1988,4,2,2,663,1.8250
1988,4,2,3,594,2.2259
1988,4,2,4,464,1.6658
1988,4,2,5,617,1.8617
1988,4,3,1,584,1.6578
1988,4,3,2,608,0.5274
1988,4,3,3,585,1.1940
1988,4,3,4,492,1.3068
1988,4,3,5,634,1.1382
1988,5,1,1,2000,-2.1049
1988,5,1,2,2034,-1.4572
1988,5,1,3,1945,-2.0644
1988,5,1,4,1518,-1.2506
1988,5,1,5,2059,-1.6607
1988,5,2,1,612,-1.2603
1988,5,2,2,598,-1.6178
1988,5,2,3,588,-1.2009
1988,5,2,4,456,-1.5550
1988,5,2,5,605,-1.1320
1988,5,3,1,604,0.3404
1988,5,3,2,509,0.1554
1988,5,3,3,566,0.0841
1988,5,3,4,485,0.6185
1988,5,3,5,626,-0.1706
1988,6,1,1,1860,6.1379
1988,6,1,2,1999,6.6515
1988,6,1,3,1972,6.3356
1988,6,1,4,1881,6.1033
1988,6,1,5,2028,5.8506
1988,6,2,1,583,7.0679
1988,6,2,2,593,7.9553
1988,6,2,3,584,7.7958
1988,6,2,4,567,8.5331
1988,6,2,5,609,7.1563
1988,6,3,1,567,4.3445
1988,6,3,2,507,5.4229
1988,6,3,3,572,6.2986
1988,6,3,4,572,4.7343
1988,6,3,5,625,5.0592
1988,7,1,1,1777,-0.1917
1988,7,1,2,1918,-0.4809
1988,7,1,3,1846,-0.3516
1988,7,1,4,1800,-0.5594
1988,7,1,5,1888,-0.0684
1988,7,2,1,573,-1.1089
1988,7,2,2,584,-1.1346
1988,7,2,3,568,-0.8604
1988,7,2,4,557,-1.4173
1988,7,2,5,592,-0.4144
1988,7,3,1,554,-0.3220
1988,7,3,2,513,-1.5532
1988,7,3,3,549,-1.6739
1988,7,3,4,563,-1.4376
1988,7,3,5,605,-1.5549
1988,8,1,1,1869,-2.2779
1988,8,1,2,2083,-2.5878
1988,8,1,3,2019,-2.4854
1988,8,1,4,1901,-2.0336
1988,8,1,5,1915,-2.6262
1988,8,2,1,576,-3.0454
1988,8,2,2,589,-3.1896
1988,8,2,3,617,-3.0442
1988,8,2,4,572,-2.7914
1988,8,2,5,607,-3.0067
1988,8,3,1,558,-3.1243
1988,8,3,2,514,-3.1047
1988,8,3,3,565,-3.5767
1988,8,3,4,569,-4.1970
1988,8,3,5,608,-3.3996
1988,9,1,1,1847,2.8339
1988,9,1,2,2094,2.3214
1988,9,1,3,2025,2.4457
1988,9,1,4,1963,1.9845
1988,9,1,5,1790,2.6851
1988,9,2,1,587,2.6834
1988,9,2,2,600,3.2483
1988,9,2,3,610,2.7646
1988,9,2,4,570,2.2706
1988,9,2,5,561,2.8606
1988,9,3,1,559,3.2141
1988,9,3,2,512,5.0094
1988,9,3,3,548,4.5819
1988,9,3,4,569,4.0307
1988,9,3,5,577,2.9035
1988,10,1,1,1879,-1.2918
1988,10,1,2,2127,-2.1597
1988,10,1,3,2048,-1.9079
1988,10,1,4,1952,-1.8542
1988,10,1,5,1919,-1.1114
1988,10,2,1,573,-0.4503
1988,10,2,2,597,-0.5004
1988,10,2,3,600,-0.9220
1988,10,2,4,577,0.0211
1988,10,2,5,586,-0.0254
1988,10,3,1,558,3.1548
1988,10,3,2,513,1.7675
1988,10,3,3,536,1.7891
1988,10,3,4,577,1.9501
1988,10,3,5,577,2.6862
1988,11,1,1,1914,-4.3683
1988,11,1,2,2224,-4.0318
1988,11,1,3,2043,-4.3749
1988,11,1,4,1918,-4.0038
1988,11,1,5,1757,-4.0550
1988,11,2,1,584,-2.0622
1988,11,2,2,606,-2.9952
1988,11,2,3,598,-2.6849
1988,11,2,4,580,-2.0763
1988,11,2,5,539,-2.3463
1988,11,3,1,558,-1.2480
1988,11,3,2,509,-1.9166
1988,11,3,3,550,-1.6750
1988,11,3,4,538,-1.0746
1988,11,3,5,529,-1.2300
1988,12,1,1,1877,3.7633
1988,12,1,2,2115,3.8640
1988,12,1,3,2037,4.2101
1988,12,1,4,2070,3.7021
1988,12,1,5,1766,3.4362
1988,12,2,1,572,5.3683
1988,12,2,2,565,5.1780
1988,12,2,3,588,5.2421
1988,12,2,4,611,4.7043
1988,12,2,5,540,4.0079
1988,12,3,1,553,2.5117
1988,12,3,2,491,2.6030
1988,12,3,3,544,2.2517
1988,12,3,4,541,1.8808
1988,12,3,5,532,2.0325
1989,1,1,1,1870,4.9399
1989,1,1,2,2103,5.0692
1989,1,1,3,2104,5.2318
1989,1,1,4,2032,5.6166
1989,1,1,5,1863,5.4609
1989,1,2,1,567,4.7838
1989,1,2,2,562,4.7801
1989,1,2,3,603,5.1381
1989,1,2,4,594,5.6380
1989,1,2,5,556,4.6238
1989,1,3,1,549,6.5384
1989,1,3,2,475,7.3051
1989,1,3,3,555,7.2694
1989,1,3,4,528,6.9436
1989,1,3,5,531,6.0435
1989,2,1,1,1778,0.4215
1989,2,1,2,2110,0.8022
1989,2,1,3,2099,0.7490
1989,2,1,4,1966,1.4587
1989,2,1,5,1868,1.1347
1989,2,2,1,534,0.3401
1989,2,2,2,565,0.7590
1989,2,2,3,631,1.0657
1989,2,2,4,578,1.3441
1989,2,2,5,553,1.2352
1989,2,3,1,517,-1.6442
1989,2,3,2,463,-1.9690
1989,2,3,3,558,-2.3998
1989,2,3,4,521,-2.2004
1989,2,3,5,525,-2.0203
1989,3,1,1,1878,2.4536
1989,3,1,2,2116,3.3339
1989,3,1,3,2084,2.8938
1989,3,1,4,1967,2.7793
1989,3,1,5,1764,3.4550
1989,3,2,1,555,2.1641
1989,3,2,2,612,3.3074
1989,3,2,3,628,3.2936
1989,3,2,4,570,3.9587
1989,3,2,5,533,2.7420
1989,3,3,1,527,2.2689
1989,3,3,2,540,2.2937
1989,3,3,3,557,1.9454
1989,3,3,4,513,2.1940
1989,3,3,5,520,1.4041
1989,4,1,1,1845,2.8510
1989,4,1,2,2145,2.9754
1989,4,1,3,2042,3.1330
1989,4,1,4,1891,2.6423
1989,4,1,5,1771,2.8899
1989,4,2,1,545,5.8566
1989,4,2,2,614,5.5191
1989,4,2,3,619,5.3408
1989,4,2,4,565,5.1632
1989,4,2,5,533,5.0392
1989,4,3,1,504,4.1340
1989,4,3,2,547,5.6894
1989,4,3,3,548,5.4669
1989,4,3,4,515,5.6287
1989,4,3,5,526,4.1442
1989,5,1,1,1573,2.6613
1989,5,1,2,2134,2.9602
1989,5,1,3,1925,3.4713
1989,5,1,4,1962,3.2976
1989,5,1,5,1831,3.2684
1989,5,2,1,481,3.8472
1989,5,2,2,606,5.4479
1989,5,2,3,595,4.1193
1989,5,2,4,593,5.1097
1989,5,2,5,537,3.9787
1989,5,3,1,439,3.5458
1989,5,3,2,533,4.1503
1989,5,3,3,534,3.5629
1989,5,3,4,502,4.2566
1989,5,3,5,524,3.6004
1989,6,1,1,1521,-1.1701
1989,6,1,2,2007,-1.9557
1989,6,1,3,1866,-2.3035
1989,6,1,4,1896,-1.7457
1989,6,1,5,1784,-1.3933
1989,6,2,1,464,-1.7799
1989,6,2,2,568,-3.4426
1989,6,2,3,586,-2.9411
1989,6,2,4,582,-1.7531
1989,6,2,5,535,-1.9479
1989,6,3,1,420,-0.4665
1989,6,3,2,468,-1.3131
1989,6,3,3,527,-1.1121
1989,6,3,4,475,-0.7804
1989,6,3,5,514,-0.2162
1989,7,1,1,1385,3.1215
1989,7,1,2,1801,2.9261
1989,7,1,3,1740,3.7609
1989,7,1,4,1819,3.9059
1989,7,1,5,1710,3.4406
1989,7,2,1,435,3.7223
1989,7,2,2,529,4.4306
1989,7,2,3,556,4.0385
1989,7,2,4,560,4.2730
1989,7,2,5,520,4.4275
1989,7,3,1,390,8.1596
1989,7,3,2,438,8.1249
1989,7,3,3,480,8.5355
1989,7,3,4,458,9.3360
1989,7,3,5,474,7.5904
1989,8,1,1,1489,1.5833
1989,8,1,2,1870,1.7602
1989,8,1,3,1800,1.5266
1989,8,1,4,1912,1.5379
1989,8,1,5,1720,2.4759
1989,8,2,1,465,2.8751
1989,8,2,2,557,3.0191
1989,8,2,3,562,2.9802
1989,8,2,4,574,3.7312
1989,8,2,5,522,2.0823
1989,8,3,1,393,2.5572
1989,8,3,2,438,3.2851
1989,8,3,3,480,2.6759
1989,8,3,4,463,2.1157
1989,8,3,5,469,2.2176
1989,9,1,1,1605,-0.2303
1989,9,1,2,1964,0.0507
1989,9,1,3,1797,-0.1016
1989,9,1,4,1918,0.4053
1989,9,1,5,1754,-1.0327
1989,9,2,1,480,-0.1652
1989,9,2,2,588,-0.2382
1989,9,2,3,543,0.9065
1989,9,2,4,573,0.9778
1989,9,2,5,527,0.3625
1989,9,3,1,406,-0.4012
1989,9,3,2,448,-1.4784
1989,9,3,3,480,-0.4229
1989,9,3,4,459,0.4200
1989,9,3,5,465,-0.6839
1989,10,1,1,1596,-5.6911
1989,10,1,2,1956,-6.3903
1989,10,1,3,1885,-6.2299
1989,10,1,4,1971,-6.3766
1989,10,1,5,1856,-6.4059
1989,10,2,1,476,-5.5365
1989,10,2,2,586,-5.9379
1989,10,2,3,555,-6.2480
1989,10,2,4,584,-5.1260
1989,10,2,5,545,-5.1821
1989,10,3,1,409,-3.3500
1989,10,3,2,452,-3.2707
1989,10,3,3,476,-3.1088
1989,10,3,4,472,-2.3454
1989,10,3,5,472,-2.6138
1989,11,1,1,1571,1.7817
1989,11,1,2,1868,0.1377
1989,11,1,3,1874,-0.0114
1989,11,1,4,1962,0.2248
1989,11,1,5,1893,-0.1960
1989,11,2,1,462,0.7176
1989,11,2,2,557,1.2128
1989,11,2,3,553,1.1222
1989,11,2,4,597,1.6144
1989,11,2,5,556,0.9959
1989,11,3,1,383,2.1159
1989,11,3,2,451,2.4209
1989,11,3,3,473,2.1781
1989,11,3,4,481,2.2451
1989,11,3,5,477,2.2748
1989,12,1,1,1550,-0.3559
1989,12,1,2,1809,0.4751
1989,12,1,3,1948,-0.2348
1989,12,1,4,1932,-0.5175
1989,12,1,5,1871,-0.3401
1989,12,2,1,458,0.5905
1989,12,2,2,542,1.3174
1989,12,2,3,578,0.7927
1989,12,2,4,580,0.2966
1989,12,2,5,549,0.4953
1989,12,3,1,380,1.1247
1989,12,3,2,438,1.8134
1989,12,3,3,484,2.3212
1989,12,3,4,478,1.8443
1989,12,3,5,476,2.7936
1990,1,1,1,1533,-6.9832
1990,1,1,2,1845,-7.1923
1990,1,1,3,1927,-7.7878
1990,1,1,4,1966,-7.3369
1990,1,1,5,1681,-8.0143
1990,1,2,1,455,-7.7135
1990,1,2,2,552,-7.7709
1990,1,2,3,570,-8.9127
1990,1,2,4,600,-9.1797
1990,1,2,5,513,-9.0783
1990,1,3,1,374,-5.6995
1990,1,3,2,433,-5.8110
1990,1,3,3,477,-6.5532
1990,1,3,4,484,-6.3699
1990,1,3,5,466,-7.3967
1990,2,1,1,1538,0.7903
1990,2,1,2,1796,2.5078
1990,2,1,3,1907,1.7293
1990,2,1,4,1983,2.3120
1990,2,1,5,1728,1.0961
1990,2,2,1,458,3.5372
1990,2,2,2,537,3.1216
1990,2,2,3,562,3.5286
1990,2,2,4,599,3.6351
1990,2,2,5,526,3.2925
1990,2,3,1,374,2.7371
1990,2,3,2,418,2.8998
1990,2,3,3,473,1.0127
1990,2,3,4,487,0.7588
1990,2,3,5,470,1.0570
1990,3,1,1,1202,4.2044
1990,3,1,2,1859,4.2776
1990,3,1,3,1847,3.9032
1990,3,1,4,2003,3.9344
1990,3,1,5,1736,3.2797
1990,3,2,1,363,4.9210
1990,3,2,2,539,5.7214
1990,3,2,3,566,5.2982
1990,3,2,4,601,4.4552
1990,3,2,5,528,4.4719
1990,3,3,1,319,2.9893
1990,3,3,2,418,3.6837
1990,3,3,3,476,3.0321
1990,3,3,4,488,3.0703
1990,3,3,5,475,2.3495
1990,4,1,1,1195,-3.0430
1990,4,1,2,1840,-2.1412
1990,4,1,3,1789,-2.5363
1990,4,1,4,1966,-2.8894
1990,4,1,5,1755,-2.3524
1990,4,2,1,375,-2.8800
1990,4,2,2,537,-2.5567
1990,4,2,3,542,-3.1441
1990,4,2,4,600,-2.9506
1990,4,2,5,533,-2.9987
1990,4,3,1,337,-3.4147
1990,4,3,2,420,-2.9769
1990,4,3,3,460,-3.1056
1990,4,3,4,476,-2.4226
1990,4,3,5,475,-3.0932
1990,5,1,1,1192,4.5818
1990,5,1,2,1823,7.2955
1990,5,1,3,1853,5.8051
1990,5,1,4,1954,7.0306
1990,5,1,5,1692,5.4748
1990,5,2,1,383,7.7737
1990,5,2,2,549,9.1487
1990,5,2,3,537,9.2739
1990,5,2,4,614,9.4163
1990,5,2,5,519,8.8036
1990,5,3,1,343,9.4024
1990,5,3,2,424,9.8566
1990,5,3,3,447,8.8680
1990,5,3,4,481,9.9701
1990,5,3,5,461,8.4204
1990,6,1,1,1174,0.2133
1990,6,1,2,1841,2.0749
1990,6,1,3,1795,1.7119
1990,6,1,4,1820,1.3820
1990,6,1,5,1623,0.8129
1990,6,2,1,375,-0.8750
1990,6,2,2,563,0.5780
1990,6,2,3,526,0.2524
1990,6,2,4,537,0.3174
1990,6,2,5,515,-0.1412
1990,6,3,1,347,-0.8461
1990,6,3,2,441,-0.9626
1990,6,3,3,431,-0.2368
1990,6,3,4,385,0.1969
1990,6,3,5,462,-0.8843
1990,7,1,1,1046,-3.4864
1990,7,1,2,1753,-4.0677
1990,7,1,3,1678,-3.6141
1990,7,1,4,1693,-4.0821
1990,7,1,5,1532,-3.7605
1990,7,2,1,355,-1.6498
1990,7,2,2,564,-3.1007
1990,7,2,3,513,-3.1931
1990,7,2,4,510,-3.4384
1990,7,2,5,498,-2.9494
1990,7,3,1,333,-0.5795
1990,7,3,2,467,-1.9459
1990,7,3,3,432,-1.3210
1990,7,3,4,378,0.2819
1990,7,3,5,458,0.0672
1990,8,1,1,1434,-12.3344
1990,8,1,2,1818,-14.0377
1990,8,1,3,1671,-13.9886
1990,8,1,4,1696,-13.1788
1990,8,1,5,1527,-12.9071
1990,8,2,1,493,-12.8884
1990,8,2,2,579,-13.7992
1990,8,2,3,504,-13.8043
1990,8,2,4,515,-13.6267
1990,8,2,5,511,-12.4381
1990,8,3,1,403,-9.8950
1990,8,3,2,484,-9.9384
1990,8,3,3,408,-10.0691
1990,8,3,4,382,-8.0244
1990,8,3,5,445,-7.7015
1990,9,1,1,1400,-7.8873
1990,9,1,2,1818,-8.3708
1990,9,1,3,1675,-7.9337
1990,9,1,4,1821,-8.7012
1990,9,1,5,1545,-7.4303
1990,9,2,1,476,-9.0571
1990,9,2,2,561,-8.2545
1990,9,2,3,507,-7.9114
1990,9,2,4,531,-8.8877
1990,9,2,5,518,-6.6867
1990,9,3,1,400,-6.5807
1990,9,3,2,479,-6.0723
1990,9,3,3,416,-6.8080
1990,9,3,4,391,-5.0247
1990,9,3,5,455,-2.3750
1990,10,1,1,1400,-6.4448
1990,10,1,2,1916,-6.3090
1990,10,1,3,1725,-6.7466
1990,10,1,4,1798,-7.5915
1990,10,1,5,1533,-5.8739
1990,10,2,1,479,-7.7372
1990,10,2,2,600,-5.1089
1990,10,2,3,530,-7.6666
1990,10,2,4,528,-6.2628
1990,10,2,5,518,-3.7582
1990,10,3,1,399,-2.8582
1990,10,3,2,485,-0.5201
1990,10,3,3,453,-1.2880
1990,10,3,4,383,-1.2845
1990,10,3,5,457,1.6933
1990,11,1,1,1422,2.2032
1990,11,1,2,1815,4.5714
1990,11,1,3,1735,4.3586
1990,11,1,4,1852,4.7923
1990,11,1,5,1247,3.4015
1990,11,2,1,500,6.7835
1990,11,2,2,595,9.5500
1990,11,2,3,538,8.6768
1990,11,2,4,609,8.4995
1990,11,2,5,423,6.7556
1990,11,3,1,404,6.2047
1990,11,3,2,475,6.8958
1990,11,3,3,474,6.6409
1990,11,3,4,500,7.2541
1990,11,3,5,396,4.1721
1990,12,1,1,1423,-0.3417
1990,12,1,2,1859,1.0858
1990,12,1,3,1779,0.7648
1990,12,1,4,1866,0.3634
1990,12,1,5,1293,0.8894
1990,12,2,1,514,2.8201
1990,12,2,2,596,5.4647
1990,12,2,3,544,5.0581
1990,12,2,4,618,5.2351
1990,12,2,5,453,4.6654
1990,12,3,1,410,2.0738
1990,12,3,2,487,2.9961
1990,12,3,3,483,2.8773
1990,12,3,4,498,2.5724
1990,12,3,5,426,2.6755
1991,1,1,1,1442,4.3823
1991,1,1,2,1849,9.3240
1991,1,1,3,1804,10.3922
1991,1,1,4,1895,8.6398
1991,1,1,5,1272,7.7728
1991,1,2,1,525,5.9949
1991,1,2,2,615,9.2393
1991,1,2,3,559,8.7060
1991,1,2,4,620,8.7319
1991,1,2,5,452,6.6004
1991,1,3,1,439,4.2334
1991,1,3,2,492,5.4634
1991,1,3,3,495,5.5504
1991,1,3,4,510,5.0479
1991,1,3,5,426,3.3945
1991,2,1,1,1422,11.5263
1991,2,1,2,1826,12.4253
1991,2,1,3,1793,12.8554
1991,2,1,4,1903,13.2197
1991,2,1,5,1395,13.4982
1991,2,2,1,525,9.3875
1991,2,2,2,610,10.3889
1991,2,2,3,558,11.3175
1991,2,2,4,626,11.7176
1991,2,2,5,468,10.7132
1991,2,3,1,439,6.9459
1991,2,3,2,493,6.1689
1991,2,3,3,491,7.0133
1991,2,3,4,509,7.5351
1991,2,3,5,431,7.5409
1991,3,1,1,1417,5.6473
1991,3,1,2,1814,7.1893
1991,3,1,3,1683,7.6526
1991,3,1,4,1888,7.7600
1991,3,1,5,1419,7.6425
1991,3,2,1,516,3.1167
1991,3,2,2,616,4.8580
1991,3,2,3,513,4.1785
1991,3,2,4,640,5.1134
1991,3,2,5,483,4.3785
1991,3,3,1,442,0.1189
1991,3,3,2,503,1.8055
1991,3,3,3,385,1.4346
1991,3,3,4,507,3.2116
1991,3,3,5,436,2.0109
1991,4,1,1,1412,-0.0256
1991,4,1,2,1774,0.0961
1991,4,1,3,1729,0.3980
1991,4,1,4,1855,0.6456
1991,4,1,5,1664,0.3715
1991,4,2,1,520,0.1005
1991,4,2,2,608,-0.2358
1991,4,2,3,521,-0.7509
1991,4,2,4,626,-0.4246
1991,4,2,5,586,-0.9879
1991,4,3,1,436,0.6732
1991,4,3,2,498,0.3485
1991,4,3,3,391,-0.2182
1991,4,3,4,510,0.1712
1991,4,3,5,506,0.1012
1991,5,1,1,1395,2.2282
1991,5,1,2,1737,3.0216
1991,5,1,3,1715,2.9026
1991,5,1,4,1805,3.4351
1991,5,1,5,1647,2.2158
1991,5,2,1,527,3.2063
1991,5,2,2,597,5.6069
1991,5,2,3,525,4.8948
1991,5,2,4,626,4.8992
1991,5,2,5,578,3.9783
1991,5,3,1,437,3.7090
1991,5,3,2,490,6.8634
1991,5,3,3,400,5.3223
1991,5,3,4,514,5.1284
1991,5,3,5,505,4.0029
1991,6,1,1,1399,-4.7088
1991,6,1,2,1732,-4.1483
1991,6,1,3,1702,-5.1339
1991,6,1,4,1788,-4.1254
1991,6,1,5,1468,-4.3915
1991,6,2,1,530,-4.7079
1991,6,2,2,615,-5.5733
1991,6,2,3,524,-5.6709
1991,6,2,4,622,-4.9056
1991,6,2,5,522,-5.0849
1991,6,3,1,442,-4.1986
1991,6,3,2,498,-4.6378
1991,6,3,3,396,-4.5911
1991,6,3,4,511,-4.2647
1991,6,3,5,475,-4.3215
1991,7,1,1,1381,2.2124
1991,7,1,2,1600,3.6262
1991,7,1,3,1625,3.5892
1991,7,1,4,1692,3.4390
1991,7,1,5,1389,2.7018
1991,7,2,1,533,3.3896
1991,7,2,2,538,4.5094
1991,7,2,3,518,4.1089
1991,7,2,4,605,4.3336
1991,7,2,5,514,2.5539
1991,7,3,1,448,3.8817
1991,7,3,2,382,3.9892
1991,7,3,3,382,4.4984
1991,7,3,4,507,4.0970
1991,7,3,5,468,3.5371
1991,8,1,1,1167,3.3482
1991,8,1,2,1592,3.2690
1991,8,1,3,1693,3.1379
1991,8,1,4,1652,3.4999
1991,8,1,5,1407,3.8986
1991,8,2,1,421,3.2192
1991,8,2,2,529,2.8860
1991,8,2,3,545,4.2739
1991,8,2,4,615,3.5854
1991,8,2,5,528,3.5457
1991,8,3,1,390,1.3999
1991,8,3,2,383,2.0613
1991,8,3,3,388,2.3967
1991,8,3,4,503,2.3834
1991,8,3,5,476,1.5484
1991,9,1,1,1169,0.0888
1991,9,1,2,1664,0.7411
1991,9,1,3,1700,1.9041
1991,9,1,4,1756,1.1679
1991,9,1,5,1593,1.2431
1991,9,2,1,422,0.1347
1991,9,2,2,543,-0.1787
1991,9,2,3,550,-0.2584
1991,9,2,4,624,-0.0306
1991,9,2,5,585,0.4112
1991,9,3,1,391,-0.8234
1991,9,3,2,389,-2.8724
1991,9,3,3,393,-1.8705
1991,9,3,4,510,-0.6259
1991,9,3,5,485,-2.1029
1991,10,1,1,1171,2.2936
1991,10,1,2,1645,2.6230
1991,10,1,3,1682,4.3195
1991,10,1,4,1750,3.9193
1991,10,1,5,1606,5.5132
1991,10,2,1,430,1.7278
1991,10,2,2,535,1.8670
1991,10,2,3,541,1.9818
1991,10,2,4,620,1.4589
1991,10,2,5,588,3.0758
1991,10,3,1,387,0.3543
1991,10,3,2,385,1.0205
1991,10,3,3,409,2.5186
1991,10,3,4,512,1.7959
1991,10,3,5,485,1.9515
1991,11,1,1,1182,-3.8866
1991,11,1,2,1650,-3.9981
1991,11,1,3,1660,-3.4835
1991,11,1,4,1737,-3.2345
1991,11,1,5,1670,-3.7148
1991,11,2,1,431,-4.9220
1991,11,2,2,533,-6.4441
1991,11,2,3,532,-6.0130
1991,11,2,4,621,-4.5789
1991,11,2,5,639,-7.0208
1991,11,3,1,388,-4.1725
1991,11,3,2,383,-5.4743
1991,11,3,3,412,-4.5158
1991,11,3,4,508,-2.9840
1991,11,3,5,521,-4.7452
1991,12,1,1,1184,1.5007
1991,12,1,2,1643,3.9194
1991,12,1,3,1653,4.2995
1991,12,1,4,1703,4.5543
1991,12,1,5,1671,5.2863
1991,12,2,1,428,4.3351
1991,12,2,2,526,9.4596
1991,12,2,3,532,9.8213
1991,12,2,4,628,8.0661
1991,12,2,5,633,8.9890
1991,12,3,1,387,8.2803
1991,12,3,2,387,11.7528
1991,12,3,3,409,11.8666
1991,12,3,4,520,9.6306
1991,12,3,5,521,12.1003
1992,1,1,1,1185,10.5733
1992,1,1,2,1524,13.0681
1992,1,1,3,1631,13.2403
1992,1,1,4,1690,12.0094
1992,1,1,5,1648,15.0768
1992,1,2,1,424,6.9617
1992,1,2,2,488,7.0171
1992,1,2,3,535,6.8087
1992,1,2,4,632,5.6403
1992,1,2,5,643,8.3945
1992,1,3,1,385,-0.5509
1992,1,3,2,373,1.1013
1992,1,3,3,410,-0.4347
1992,1,3,4,524,-0.8096
1992,1,3,5,515,-0.2617
1992,2,1,1,1284,5.0965
1992,2,1,2,1583,4.4164
1992,2,1,3,1469,4.0441
1992,2,1,4,1740,4.0204
1992,2,1,5,1562,3.9699
1992,2,2,1,500,3.2571
1992,2,2,2,519,3.3281
1992,2,2,3,489,3.1435
1992,2,2,4,638,2.1792
1992,2,2,5,635,1.4904
1992,2,3,1,423,1.3052
1992,2,3,2,387,3.0158
1992,2,3,3,385,1.3435
1992,2,3,4,533,0.2908
1992,2,3,5,511,1.0113
1992,3,1,1,1258,-2.5607
1992,3,1,2,1492,-2.1040
1992,3,1,3,1452,-1.7513
1992,3,1,4,1726,-2.5067
1992,3,1,5,1464,-3.5986
1992,3,2,1,490,-4.4678
1992,3,2,2,503,-3.5298
1992,3,2,3,483,-3.9684
1992,3,2,4,636,-4.5069
1992,3,2,5,612,-4.6210
1992,3,3,1,393,-2.2992
1992,3,3,2,396,-1.5227
1992,3,3,3,388,-2.2375
1992,3,3,4,528,-2.8584
1992,3,3,5,501,-3.0754
1992,4,1,1,1277,-2.9829
1992,4,1,2,1578,-4.7809
1992,4,1,3,1511,-5.3318
1992,4,1,4,1696,-4.7358
1992,4,1,5,1391,-5.0758
1992,4,2,1,521,-2.1174
1992,4,2,2,554,-2.9842
1992,4,2,3,527,-3.0046
1992,4,2,4,631,-1.9684
1992,4,2,5,582,-4.2267
1992,4,3,1,401,5.0317
1992,4,3,2,413,2.2832
1992,4,3,3,483,2.5486
1992,4,3,4,531,2.7639
1992,4,3,5,488,1.9396
1992,5,1,1,1313,0.9893
1992,5,1,2,1636,-0.7856
1992,5,1,3,1475,-0.8909
1992,5,1,4,1571,-0.3879
1992,5,1,5,1379,-0.6290
1992,5,2,1,527,0.6211
1992,5,2,2,574,0.0495
1992,5,2,3,511,0.4845
1992,5,2,4,594,0.9887
1992,5,2,5,587,0.1830
1992,5,3,1,403,0.5931
1992,5,3,2,423,0.2154
1992,5,3,3,470,0.3465
1992,5,3,4,492,0.2252
1992,5,3,5,492,0.8183
1992,6,1,1,1321,-5.1967
1992,6,1,2,1537,-5.8710
1992,6,1,3,1452,-5.6013
1992,6,1,4,1503,-5.6357
1992,6,1,5,1461,-6.3571
1992,6,2,1,539,-4.2536
1992,6,2,2,550,-5.2160
1992,6,2,3,537,-5.1661
1992,6,2,4,597,-3.9068
1992,6,2,5,605,-4.2190
1992,6,3,1,439,-1.2019
1992,6,3,2,426,-2.2011
1992,6,3,3,479,-2.8870
1992,6,3,4,498,-1.6853
1992,6,3,5,502,-2.5696
1992,7,1,1,1215,1.7592
1992,7,1,2,1543,1.4873
1992,7,1,3,1358,1.7571
1992,7,1,4,1430,2.3454
1992,7,1,5,1382,2.3255
1992,7,2,1,514,3.8192
1992,7,2,2,626,3.5702
1992,7,2,3,532,3.9454
1992,7,2,4,588,3.4498
1992,7,2,5,589,3.1916
1992,7,3,1,433,3.9470
1992,7,3,2,522,3.5223
1992,7,3,3,480,3.9390
1992,7,3,4,503,3.6334
1992,7,3,5,496,4.1686
1992,8,1,1,1203,-2.1154
1992,8,1,2,1534,-2.7366
1992,8,1,3,1463,-3.5481
1992,8,1,4,1659,-2.7895
1992,8,1,5,1386,-3.3974
1992,8,2,1,510,-2.9195
1992,8,2,2,623,-2.2035
1992,8,2,3,557,-2.2856
1992,8,2,4,677,-2.0837
1992,8,2,5,598,-2.6745
1992,8,3,1,435,-2.7005
1992,8,3,2,511,-1.9938
1992,8,3,3,510,-2.3047
1992,8,3,4,549,-2.4888
1992,8,3,5,503,-2.3327
1992,9,1,1,1194,1.9782
1992,9,1,2,1572,2.7165
1992,9,1,3,1510,1.7985
1992,9,1,4,1637,2.1741
1992,9,1,5,1435,1.6177
1992,9,2,1,510,1.8073
1992,9,2,2,640,2.9654
1992,9,2,3,575,2.5629
1992,9,2,4,683,2.0148
1992,9,2,5,617,1.2986
1992,9,3,1,436,0.4391
1992,9,3,2,519,2.0312
1992,9,3,3,514,0.8549
1992,9,3,4,523,2.2109
1992,9,3,5,522,0.6657
1992,10,1,1,1159,1.2416
1992,10,1,2,1636,2.8458
1992,10,1,3,1500,2.2871
1992,10,1,4,1654,2.9705
1992,10,1,5,1460,1.5805
1992,10,2,1,493,1.2425
1992,10,2,2,664,3.1115
1992,10,2,3,581,2.4083
1992,10,2,4,682,3.3809
1992,10,2,5,635,1.9595
1992,10,3,1,435,-0.1923
1992,10,3,2,537,1.6068
1992,10,3,3,508,0.5674
1992,10,3,4,502,2.0021
1992,10,3,5,530,0.4413
1992,11,1,1,1163,7.5396
1992,11,1,2,1624,9.5030
1992,11,1,3,1513,9.0256
1992,11,1,4,1664,9.7542
1992,11,1,5,1530,10.0717
1992,11,2,1,496,5.9889
1992,11,2,2,657,7.6448
1992,11,2,3,590,6.5974
1992,11,2,4,692,7.8077
1992,11,2,5,624,7.4880
1992,11,3,1,440,2.3097
1992,11,3,2,536,4.4492
1992,11,3,3,490,3.3795
1992,11,3,4,529,4.5564
1992,11,3,5,521,3.3525
1992,12,1,1,1175,2.6601
1992,12,1,2,1703,2.9265
1992,12,1,3,1702,3.3135
1992,12,1,4,1556,5.1409
1992,12,1,5,1562,2.8157
1992,12,2,1,510,2.6513
1992,12,2,2,691,3.4239
1992,12,2,3,641,2.5890
1992,12,2,4,605,2.9648
1992,12,2,5,634,3.9254
1992,12,3,1,447,2.0611
1992,12,3,2,557,1.6405
1992,12,3,3,516,1.6116
1992,12,3,4,419,1.7515
1992,12,3,5,523,2.1436
1993,1,1,1,1249,4.0383
1993,1,1,2,1758,6.0281
1993,1,1,3,1720,5.1182
1993,1,1,4,1547,5.9647
1993,1,1,5,1563,5.1425
1993,1,2,1,529,2.8543
1993,1,2,2,735,2.3323
1993,1,2,3,646,2.4718
1993,1,2,4,587,3.4224
1993,1,2,5,605,2.5887
1993,1,3,1,457,1.6385
1993,1,3,2,575,1.0567
1993,1,3,3,526,2.2770
1993,1,3,4,411,2.2279
1993,1,3,5,525,3.0458
1993,2,1,1,1237,-1.9118
1993,2,1,2,1785,-3.2592
1993,2,1,3,1723,-2.5844
1993,2,1,4,1578,-2.5450
1993,2,1,5,1562,-1.1106
1993,2,2,1,517,-1.1219
1993,2,2,2,739,-2.5730
1993,2,2,3,674,-2.3084
1993,2,2,4,600,-1.6243
1993,2,2,5,602,-0.2892
1993,2,3,1,452,1.4088
1993,2,3,2,584,0.1964
1993,2,3,3,535,0.6511
1993,2,3,4,415,0.6445
1993,2,3,5,525,2.1562
1993,3,1,1,1308,3.7545
1993,3,1,2,1687,2.9823
1993,3,1,3,1676,2.9871
1993,3,1,4,1585,3.4153
1993,3,1,5,1558,3.9984
1993,3,2,1,525,3.0636
1993,3,2,2,725,3.2390
1993,3,2,3,651,2.6254
1993,3,2,4,606,2.5760
1993,3,2,5,610,3.3727
1993,3,3,1,457,2.5565
1993,3,3,2,552,2.2317
1993,3,3,3,518,2.3355
1993,3,3,4,422,2.2453
1993,3,3,5,531,3.1371
1993,4,1,1,1242,-1.4365
1993,4,1,2,1686,-2.9732
1993,4,1,3,1699,-2.4438
1993,4,1,4,1562,-3.0814
1993,4,1,5,1545,-1.2997
1993,4,2,1,488,-1.3096
1993,4,2,2,722,-2.3532
1993,4,2,3,656,-2.1115
1993,4,2,4,617,-2.0704
1993,4,2,5,614,-1.3451
1993,4,3,1,442,0.0359
1993,4,3,2,552,-2.5365
1993,4,3,3,520,-2.3284
1993,4,3,4,421,-3.0412
1993,4,3,5,526,-0.2682
1993,5,1,1,1278,4.7320
1993,5,1,2,1677,5.8070
1993,5,1,3,1692,5.7696
1993,5,1,4,1528,5.7671
1993,5,1,5,1533,4.8064
1993,5,2,1,500,6.2181
1993,5,2,2,701,7.0578
1993,5,2,3,664,6.5773
1993,5,2,4,595,6.5685
1993,5,2,5,609,6.5578
1993,5,3,1,456,2.4526
1993,5,3,2,553,4.1440
1993,5,3,3,518,3.8918
1993,5,3,4,408,4.4864
1993,5,3,5,526,2.8854
1993,6,1,1,1206,-0.4669
1993,6,1,2,1755,-0.5776
1993,6,1,3,1687,-0.2432
1993,6,1,4,1511,-0.7993
1993,6,1,5,1625,-0.3354
1993,6,2,1,481,0.7191
1993,6,2,2,714,0.6956
1993,6,2,3,662,0.2610
1993,6,2,4,579,0.0691
1993,6,2,5,643,1.8289
1993,6,3,1,445,-0.0527
1993,6,3,2,569,-0.7574
1993,6,3,3,521,-0.0975
1993,6,3,4,408,-0.1954
1993,6,3,5,545,1.2588
1993,7,1,1,1143,1.0308
1993,7,1,2,1652,0.7380
1993,7,1,3,1672,0.0249
1993,7,1,4,1565,1.1472
1993,7,1,5,1586,1.5385
1993,7,2,1,464,0.6514
1993,7,2,2,678,-0.0338
1993,7,2,3,684,0.5520
1993,7,2,4,643,0.6401
1993,7,2,5,631,1.2402
1993,7,3,1,417,-0.9442
1993,7,3,2,571,-0.1980
1993,7,3,3,540,-0.8412
1993,7,3,4,512,-0.1314
1993,7,3,5,541,0.5955
1993,8,1,1,1194,3.3297
1993,8,1,2,1783,3.4452
1993,8,1,3,1808,4.0464
1993,8,1,4,1562,4.7364
1993,8,1,5,1613,4.6179
1993,8,2,1,471,4.5963
1993,8,2,2,725,4.2487
1993,8,2,3,714,5.1229
1993,8,2,4,650,6.2112
1993,8,2,5,645,6.1168
1993,8,3,1,421,3.7579
1993,8,3,2,596,4.6071
1993,8,3,3,555,4.2269
1993,8,3,4,544,4.7851
1993,8,3,5,548,4.2628
1993,9,1,1,1614,1.4259
1993,9,1,2,1839,2.4422
1993,9,1,3,1817,2.4428
1993,9,1,4,1469,3.4118
1993,9,1,5,1564,2.9100
1993,9,2,1,607,1.8859
1993,9,2,2,745,3.2733
1993,9,2,3,715,2.1311
1993,9,2,4,609,3.2770
1993,9,2,5,599,2.4033
1993,9,3,1,518,-0.1313
1993,9,3,2,600,-0.3878
1993,9,3,3,561,-0.9411
1993,9,3,4,526,-0.9057
1993,9,3,5,517,0.1565
1993,10,1,1,1608,5.5866
1993,10,1,2,1866,3.8534
1993,10,1,3,1826,4.4258
1993,10,1,4,1614,3.9220
1993,10,1,5,1743,3.2839
1993,10,2,1,607,3.3407
1993,10,2,2,737,2.1095
1993,10,2,3,705,2.4735
1993,10,2,4,631,1.6480
1993,10,2,5,681,0.7406
1993,10,3,1,519,3.3008
1993,10,3,2,605,2.6704
1993,10,3,3,583,3.1252
1993,10,3,4,547,2.3647
1993,10,3,5,554,1.0821
1993,11,1,1,1721,-2.6073
1993,11,1,2,1875,-3.2644
1993,11,1,3,1827,-2.9242
1993,11,1,4,1616,-3.4816
1993,11,1,5,1574,-3.9603
1993,11,2,1,665,-2.0152
1993,11,2,2,751,-2.6365
1993,11,2,3,686,-2.5866
1993,11,2,4,636,-3.2335
1993,11,2,5,587,-4.6319
1993,11,3,1,571,0.5932
1993,11,3,2,609,-0.4708
1993,11,3,3,575,-0.5925
1993,11,3,4,547,-0.9863
1993,11,3,5,513,-2.1697
1993,12,1,1,1702,1.6033
1993,12,1,2,1947,1.9654
1993,12,1,3,1881,1.6396
1993,12,1,4,1595,1.8196
1993,12,1,5,1609,1.1910
1993,12,2,1,656,3.5518
1993,12,2,2,748,4.7444
1993,12,2,3,701,4.3945
1993,12,2,4,634,4.2999
1993,12,2,5,604,5.1968
1993,12,3,1,565,1.1714
1993,12,3,2,611,1.6128
1993,12,3,3,575,1.5098
1993,12,3,4,546,1.6051
1993,12,3,5,545,1.6499
1994,1,1,1,1725,3.9115
1994,1,1,2,1955,4.8634
1994,1,1,3,1808,4.7864
1994,1,1,4,1611,5.0481
1994,1,1,5,1629,5.3691
1994,1,2,1,679,2.2439
1994,1,2,2,755,3.3732
1994,1,2,3,687,2.3837
1994,1,2,4,635,2.8955
1994,1,2,5,622,2.8873
1994,1,3,1,579,2.9137
1994,1,3,2,617,2.9918
1994,1,3,3,562,2.9187
1994,1,3,4,546,3.4405
1994,1,3,5,551,4.0819
1994,2,1,1,1738,-1.1513
1994,2,1,2,1954,-0.5765
1994,2,1,3,1797,-0.8933
1994,2,1,4,1603,-1.3412
1994,2,1,5,1681,-0.3229
1994,2,2,1,688,-0.6713
1994,2,2,2,760,0.5949
1994,2,2,3,659,-0.4907
1994,2,2,4,626,0.7745
1994,2,2,5,628,-0.3292
1994,2,3,1,574,-2.2679
1994,2,3,2,614,-0.8939
1994,2,3,3,566,-1.5867
1994,2,3,4,549,-2.2152
1994,2,3,5,561,-2.8023
1994,3,1,1,1721,-5.5637
1994,3,1,2,1930,-5.3287
1994,3,1,3,1773,-5.4301
1994,3,1,4,1626,-5.3039
1994,3,1,5,1714,-4.9955
1994,3,2,1,692,-5.9569
1994,3,2,2,755,-5.5040
1994,3,2,3,671,-6.0965
1994,3,2,4,635,-6.3718
1994,3,2,5,637,-6.0706
1994,3,3,1,579,-4.9808
1994,3,3,2,612,-4.6346
1994,3,3,3,570,-4.4230
1994,3,3,4,563,-4.7665
1994,3,3,5,569,-4.4016
1994,4,1,1,1703,-1.9648
1994,4,1,2,1887,-1.4724
1994,4,1,3,1811,-1.0211
1994,4,1,4,1736,-1.2131
1994,4,1,5,1711,-0.8527
1994,4,2,1,688,-0.4857
1994,4,2,2,738,-0.5260
1994,4,2,3,682,0.1299
1994,4,2,4,694,0.0919
1994,4,2,5,640,0.5367
1994,4,3,1,581,1.6013
1994,4,3,2,602,0.6636
1994,4,3,3,569,0.7372
1994,4,3,4,588,0.9576
1994,4,3,5,570,0.6473
1994,5,1,1,1684,-2.6861
1994,5,1,2,1820,-1.8702
1994,5,1,3,1831,-1.7419
1994,5,1,4,1759,-2.6463
1994,5,1,5,1900,-1.7621
1994,5,2,1,672,-2.6756
1994,5,2,2,703,-2.2585
1994,5,2,3,677,-1.8439
1994,5,2,4,696,-2.9970
1994,5,2,5,716,-2.8374
1994,5,3,1,584,0.4965
1994,5,3,2,594,0.5674
1994,5,3,3,562,1.0870
1994,5,3,4,588,0.2607
1994,5,3,5,611,-0.3512
1994,6,1,1,1728,-4.8186
1994,6,1,2,1796,-4.3215
1994,6,1,3,1819,-3.6357
1994,6,1,4,1858,-4.3914
1994,6,1,5,1803,-4.2371
1994,6,2,1,693,-2.9749
1994,6,2,2,694,-3.2057
1994,6,2,3,665,-2.6041
1994,6,2,4,716,-3.7540
1994,6,2,5,704,-2.5624
1994,6,3,1,593,-2.5850
1994,6,3,2,590,-2.4965
1994,6,3,3,583,-2.7169
1994,6,3,4,602,-2.4515
1994,6,3,5,606,-2.5732
1994,7,1,1,1700,0.7087
1994,7,1,2,1721,0.7735
1994,7,1,3,1819,1.3706
1994,7,1,4,1754,0.8939
1994,7,1,5,1711,1.6855
1994,7,2,1,679,2.4797
1994,7,2,2,683,0.9591
1994,7,2,3,669,2.0383
1994,7,2,4,675,1.8386
1994,7,2,5,680,2.0849
1994,7,3,1,593,3.2875
1994,7,3,2,556,2.5959
1994,7,3,3,591,3.1023
1994,7,3,4,595,2.8901
1994,7,3,5,596,3.0225
1994,8,1,1,1785,3.4404
1994,8,1,2,1908,4.1808
1994,8,1,3,1543,3.6775
1994,8,1,4,1818,3.8192
1994,8,1,5,1707,3.7957
1994,8,2,1,696,6.6526
1994,8,2,2,711,7.1542
1994,8,2,3,564,6.8898
1994,8,2,4,686,7.3824
1994,8,2,5,668,6.3259
1994,8,3,1,592,3.7637
1994,8,3,2,564,4.3926
1994,8,3,3,520,4.1105
1994,8,3,4,603,3.9093
1994,8,3,5,595,3.7152
1994,9,1,1,1807,1.6903
1994,9,1,2,1925,1.3660
1994,9,1,3,1597,1.7091
1994,9,1,4,1903,1.8425
1994,9,1,5,1978,1.4272
1994,9,2,1,694,-1.0921
1994,9,2,2,713,-0.2550
1994,9,2,3,583,-0.3107
1994,9,2,4,713,-0.5264
1994,9,2,5,720,-0.3944
1994,9,3,1,593,-1.7876
1994,9,3,2,563,-2.0602
1994,9,3,3,521,-2.3986
1994,9,3,4,619,-1.9338
1994,9,3,5,617,-2.4285
1994,10,1,1,1787,0.7759
1994,10,1,2,1953,0.1607
1994,10,1,3,2048,1.4701
1994,10,1,4,2022,0.7849
1994,10,1,5,1977,2.3392
1994,10,2,1,690,0.0255
1994,10,2,2,727,-0.2346
1994,10,2,3,718,1.8229
1994,10,2,4,721,1.0738
1994,10,2,5,676,1.5512
1994,10,3,1,590,2.6447
1994,10,3,2,577,0.7928
1994,10,3,3,611,1.6798
1994,10,3,4,623,1.6369
1994,10,3,5,597,2.7151
1994,11,1,1,1751,-4.1273
1994,11,1,2,1968,-3.6406
1994,11,1,3,2055,-3.5131
1994,11,1,4,2054,-2.9852
1994,11,1,5,2031,-4.0951
1994,11,2,1,661,-3.9016
1994,11,2,2,726,-4.6541
1994,11,2,3,718,-4.2410
1994,11,2,4,724,-3.6016
1994,11,2,5,715,-3.4631
1994,11,3,1,579,-2.8009
1994,11,3,2,580,-3.8995
1994,11,3,3,615,-3.6420
1994,11,3,4,627,-3.5042
1994,11,3,5,602,-3.4040
1994,12,1,1,1719,-0.7479
1994,12,1,2,2061,-1.9901
1994,12,1,3,2123,-0.6107
1994,12,1,4,2160,-0.7525
1994,12,1,5,2041,0.2625
1994,12,2,1,645,2.9891
1994,12,2,2,743,1.4353
1994,12,2,3,756,2.4209
1994,12,2,4,741,2.3388
1994,12,2,5,721,2.6749
1994,12,3,1,577,1.3815
1994,12,3,2,599,1.3116
1994,12,3,3,636,1.5725
1994,12,3,4,641,1.3507
1994,12,3,5,612,1.4804
1995,1,1,1,1369,1.2817
1995,1,1,2,2149,1.1052
1995,1,1,3,2143,1.9003
1995,1,1,4,2129,1.8036
1995,1,1,5,2008,1.1986
1995,1,2,1,501,-1.6708
1995,1,2,2,771,-2.2454
1995,1,2,3,768,-1.4237
1995,1,2,4,732,-1.7890
1995,1,2,5,701,-2.4227
1995,1,3,1,477,1.8402
1995,1,3,2,618,1.3996
1995,1,3,3,633,1.8223
1995,1,3,4,637,1.8585
1995,1,3,5,608,1.1905
1995,2,1,1,1336,2.0712
1995,2,1,2,2112,2.4594
1995,2,1,3,2145,2.5556
1995,2,1,4,2172,2.3075
1995,2,1,5,2169,2.6980
1995,2,2,1,474,3.6716
1995,2,2,2,743,3.7444
1995,2,2,3,761,4.5819
1995,2,2,4,761,3.9250
1995,2,2,5,738,4.5389
1995,2,3,1,466,4.3613
1995,2,3,2,612,4.8802
1995,2,3,3,631,4.7184
1995,2,3,4,634,4.0837
1995,2,3,5,619,4.7059
1995,3,1,1,1295,1.0959
1995,3,1,2,2095,0.8228
1995,3,1,3,2110,1.8062
1995,3,1,4,2162,1.7838
1995,3,1,5,2152,1.6920
1995,3,2,1,452,2.7103
1995,3,2,2,716,3.5382
1995,3,2,3,750,3.6712
1995,3,2,4,756,3.3366
1995,3,2,5,734,3.5373
1995,3,3,1,444,2.3976
1995,3,3,2,605,3.0980
1995,3,3,3,632,3.8744
1995,3,3,4,630,2.8337
1995,3,3,5,622,3.6430
1995,4,1,1,1287,2.5685
1995,4,1,2,2085,2.6366
1995,4,1,3,2153,3.1179
1995,4,1,4,2146,2.7187
1995,4,1,5,2104,4.1478
1995,4,2,1,447,2.1141
1995,4,2,2,716,1.7636
1995,4,2,3,761,1.9920
1995,4,2,4,734,1.9877
1995,4,2,5,724,2.4603
1995,4,3,1,443,2.6771
1995,4,3,2,606,1.1716
1995,4,3,3,638,2.7167
1995,4,3,4,616,2.7160
1995,4,3,5,621,2.6637
1995,5,1,1,1235,2.6724
1995,5,1,2,1967,0.8959
1995,5,1,3,2134,2.0789
1995,5,1,4,2120,2.4747
1995,5,1,5,2073,2.6706
1995,5,2,1,441,0.9598
1995,5,2,2,696,1.6758
1995,5,2,3,752,1.3656
1995,5,2,4,743,1.2439
1995,5,2,5,700,1.8652
1995,5,3,1,436,3.8184
1995,5,3,2,612,3.2047
1995,5,3,3,638,2.7441
1995,5,3,4,622,2.9874
1995,5,3,5,613,3.8049
1995,6,1,1,1244,4.8199
1995,6,1,2,1925,3.8075
1995,6,1,3,2147,6.8309
1995,6,1,4,2080,7.3856
1995,6,1,5,2015,7.4397
1995,6,2,1,442,4.7080
1995,6,2,2,687,3.8993
1995,6,2,3,773,5.6485
1995,6,2,4,732,6.7159
1995,6,2,5,680,6.8687
1995,6,3,1,437,1.6918
1995,6,3,2,612,2.8008
1995,6,3,3,636,4.1734
1995,6,3,4,620,3.8997
1995,6,3,5,599,3.2492
1995,7,1,1,958,5.0997
1995,7,1,2,1793,4.9547
1995,7,1,3,2080,7.2615
1995,7,1,4,1996,8.0956
1995,7,1,5,1933,7.6858
1995,7,2,1,390,4.7323
1995,7,2,2,676,5.4727
1995,7,2,3,758,6.6237
1995,7,2,4,722,7.5089
1995,7,2,5,696,8.0566
1995,7,3,1,387,2.8626
1995,7,3,2,606,4.3393
1995,7,3,3,636,4.3225
1995,7,3,4,611,4.0078
1995,7,3,5,613,4.7491
1995,8,1,1,1002,2.0406
1995,8,1,2,1741,3.9807
1995,8,1,3,2148,2.8891
1995,8,1,4,2210,4.5238
1995,8,1,5,2216,4.0321
1995,8,2,1,418,1.1861
1995,8,2,2,602,1.7347
1995,8,2,3,764,0.9894
1995,8,2,4,776,1.0115
1995,8,2,5,804,0.6559
1995,8,3,1,420,0.1788
1995,8,3,2,509,-0.4415
1995,8,3,3,646,0.0630
1995,8,3,4,628,0.5657
1995,8,3,5,660,0.0334
1995,9,1,1,1147,0.9595
1995,9,1,2,1915,0.9590
1995,9,1,3,2379,2.5472
1995,9,1,4,2306,2.4863
1995,9,1,5,2087,1.6610
1995,9,2,1,453,0.6905
1995,9,2,2,681,1.4654
1995,9,2,3,863,2.3456
1995,9,2,4,822,2.8120
1995,9,2,5,795,1.9939
1995,9,3,1,457,1.8590
1995,9,3,2,541,1.7626
1995,9,3,3,681,2.0874
1995,9,3,4,638,3.8911
1995,9,3,5,652,2.6665
1995,10,1,1,1145,-6.1618
1995,10,1,2,2006,-6.3346
1995,10,1,3,2465,-5.4206
1995,10,1,4,2351,-5.8131
1995,10,1,5,2410,-5.7210
1995,10,2,1,455,-5.3967
1995,10,2,2,717,-6.2039
1995,10,2,3,894,-6.0934
1995,10,2,4,854,-4.8402
1995,10,2,5,909,-5.7243
1995,10,3,1,456,-1.1293
1995,10,3,2,559,-1.3867
1995,10,3,3,704,-0.8666
1995,10,3,4,653,0.3526
1995,10,3,5,709,-0.8490
1995,11,1,1,1189,0.6383
1995,11,1,2,2050,0.8985
1995,11,1,3,2437,2.1877
1995,11,1,4,2366,2.6879
1995,11,1,5,2370,1.9930
1995,11,2,1,464,4.5778
1995,11,2,2,748,5.2332
1995,11,2,3,901,4.6007
1995,11,2,4,852,5.2443
1995,11,2,5,913,4.8878
1995,11,3,1,464,4.2429
1995,11,3,2,581,4.4007
1995,11,3,3,698,3.7068
1995,11,3,4,659,4.0819
1995,11,3,5,712,3.4595
1995,12,1,1,1750,1.0613
1995,12,1,2,2235,1.5500
1995,12,1,3,2464,2.3253
1995,12,1,4,2238,3.2364
1995,12,1,5,2442,0.2771
1995,12,2,1,672,2.6258
1995,12,2,2,820,2.2079
1995,12,2,3,931,2.1720
1995,12,2,4,829,2.3727
1995,12,2,5,932,1.2217
1995,12,3,1,583,2.9704
1995,12,3,2,616,1.3021
1995,12,3,3,701,1.0134
1995,12,3,4,654,1.8499
1995,12,3,5,726,0.8826
1996,1,1,1,1715,0.4084
1996,1,1,2,2057,1.8921
1996,1,1,3,2424,1.8401
1996,1,1,4,2306,1.8416
1996,1,1,5,2406,0.2596
1996,1,2,1,668,-0.0384
1996,1,2,2,756,-0.8658
1996,1,2,3,929,-0.5645
1996,1,2,4,848,-0.4392
1996,1,2,5,933,-0.7035
1996,1,3,1,566,2.0162
1996,1,3,2,574,2.5486
1996,1,3,3,695,3.0977
1996,1,3,4,676,2.8988
1996,1,3,5,720,1.5631
1996,2,1,1,1720,2.5397
1996,2,1,2,2457,3.1289
1996,2,1,3,2418,3.3159
1996,2,1,4,2196,3.7818
1996,2,1,5,2349,4.3146
1996,2,2,1,671,3.4123
1996,2,2,2,888,3.6451
1996,2,2,3,936,3.4302
1996,2,2,4,823,3.3995
1996,2,2,5,908,4.4982
1996,2,3,1,591,0.6287
1996,2,3,2,659,0.9948
1996,2,3,3,696,0.9238
1996,2,3,4,663,0.4273
1996,2,3,5,704,1.2502
1996,3,1,1,1750,2.6166
1996,3,1,2,2269,2.9312
1996,3,1,3,2391,2.7048
1996,3,1,4,2378,2.8444
1996,3,1,5,2377,3.1926
1996,3,2,1,693,3.5707
1996,3,2,2,825,3.7184
1996,3,2,3,947,3.0474
1996,3,2,4,902,2.2320
1996,3,2,5,924,1.7609
1996,3,3,1,623,2.1026
1996,3,3,2,642,1.5300
1996,3,3,3,714,2.0273
1996,3,3,4,709,1.7156
1996,3,3,5,685,1.3453
1996,4,1,1,1737,8.0466
1996,4,1,2,2267,7.9069
1996,4,1,3,2405,7.9652
1996,4,1,4,2323,7.3907
1996,4,1,5,2376,9.2603
1996,4,2,1,698,6.5741
1996,4,2,2,859,7.5525
1996,4,2,3,942,6.1907
1996,4,2,4,860,6.6038
1996,4,2,5,913,7.9157
1996,4,3,1,621,2.7762
1996,4,3,2,640,2.8137
1996,4,3,3,715,2.0634
1996,4,3,4,652,2.2510
1996,4,3,5,686,3.4342
1996,5,1,1,1731,7.9668
1996,5,1,2,2252,6.7020
1996,5,1,3,2372,8.0733
1996,5,1,4,2276,7.9872
1996,5,1,5,2387,8.6619
1996,5,2,1,704,4.7894
1996,5,2,2,863,4.1508
1996,5,2,3,915,4.9718
1996,5,2,4,860,4.4185
1996,5,2,5,946,5.3685
1996,5,3,1,626,1.7551
1996,5,3,2,618,2.1268
1996,5,3,3,685,2.4089
1996,5,3,4,645,2.1241
1996,5,3,5,692,2.2595
1996,6,1,1,1636,-5.4840
1996,6,1,2,2232,-5.7989
1996,6,1,3,2297,-5.2156
1996,6,1,4,2253,-5.0808
1996,6,1,5,2342,-6.0571
1996,6,2,1,667,-3.5145
1996,6,2,2,872,-4.6427
1996,6,2,3,900,-3.6568
1996,6,2,4,869,-4.4461
1996,6,2,5,922,-4.8032
1996,6,3,1,608,-0.4445
1996,6,3,2,621,-0.9728
1996,6,3,3,668,-1.1817
1996,6,3,4,656,-0.5120
1996,6,3,5,664,-0.9930
1996,7,1,1,1620,-9.3189
1996,7,1,2,2142,-9.4227
1996,7,1,3,2204,-9.5775
1996,7,1,4,2180,-9.5144
1996,7,1,5,2226,-9.7233
1996,7,2,1,671,-9.0167
1996,7,2,2,850,-9.3064
1996,7,2,3,888,-9.7729
1996,7,2,4,867,-10.5112
1996,7,2,5,895,-10.0762
1996,7,3,1,582,-5.5151
1996,7,3,2,609,-5.1393
1996,7,3,3,663,-5.8212
1996,7,3,4,645,-5.6904
1996,7,3,5,653,-5.4130
1996,8,1,1,1613,4.4821
1996,8,1,2,2509,4.5074
1996,8,1,3,2267,4.4329
1996,8,1,4,2247,4.3347
1996,8,1,5,2248,4.5549
1996,8,2,1,674,5.4711
1996,8,2,2,1015,5.5787
1996,8,2,3,915,5.5629
1996,8,2,4,878,6.7411
1996,8,2,5,878,6.2378
1996,8,3,1,544,2.1562
1996,8,3,2,700,3.3123
1996,8,3,3,668,3.4971
1996,8,3,4,642,3.2779
1996,8,3,5,686,2.9489
1996,9,1,1,1733,2.9130
1996,9,1,2,2481,2.4422
1996,9,1,3,2248,2.3862
1996,9,1,4,2245,2.6467
1996,9,1,5,2401,2.3761
1996,9,2,1,733,3.7167
1996,9,2,2,1011,3.7169
1996,9,2,3,888,3.7748
1996,9,2,4,887,3.7563
1996,9,2,5,952,4.2295
1996,9,3,1,556,4.7410
1996,9,3,2,704,5.4343
1996,9,3,3,664,4.4890
1996,9,3,4,647,5.2418
1996,9,3,5,709,4.0641
1996,10,1,1,1750,-3.2896
1996,10,1,2,2490,-2.2886
1996,10,1,3,2246,-2.1391
1996,10,1,4,2103,-2.7483
1996,10,1,5,2570,-3.0875
1996,10,2,1,734,-1.8615
1996,10,2,2,1025,-1.9202
1996,10,2,3,862,-1.7123
1996,10,2,4,819,-2.5981
1996,10,2,5,1029,-2.3799
1996,10,3,1,567,1.4021
1996,10,3,2,715,0.9604
1996,10,3,3,647,1.2300
1996,10,3,4,553,1.4921
1996,10,3,5,734,1.4865
1996,11,1,1,1908,1.5588
1996,11,1,2,2514,2.0990
1996,11,1,3,2387,1.8732
1996,11,1,4,2271,2.3582
1996,11,1,5,2520,2.1980
1996,11,2,1,787,2.9312
1996,11,2,2,1017,3.4002
1996,11,2,3,894,3.7316
1996,11,2,4,852,3.6637
1996,11,2,5,993,3.2810
1996,11,3,1,591,7.5902
1996,11,3,2,722,6.0801
1996,11,3,3,676,5.9954
1996,11,3,4,589,7.1224
1996,11,3,5,702,6.5094
1996,12,1,1,2103,0.9208
1996,12,1,2,2503,0.7358
1996,12,1,3,2453,1.3903
1996,12,1,4,2291,1.3020
1996,12,1,5,2527,0.3138
1996,12,2,1,837,0.9949
1996,12,2,2,1007,1.6002
1996,12,2,3,899,1.4757
1996,12,2,4,882,2.6062
1996,12,2,5,1001,1.0490
1996,12,3,1,665,-0.1478
1996,12,3,2,718,-1.9585
1996,12,3,3,691,-1.7435
1996,12,3,4,613,-1.1258
1996,12,3,5,699,-1.3489
1997,1,1,1,2498,4.7776
1997,1,1,2,2444,5.0838
1997,1,1,3,2446,5.6677
1997,1,1,4,2286,6.0480
1997,1,1,5,2534,5.2297
1997,1,2,1,961,2.4381
1997,1,2,2,997,2.6397
1997,1,2,3,902,2.8727
1997,1,2,4,893,2.9420
1997,1,2,5,983,2.2226
1997,1,3,1,728,4.4102
1997,1,3,2,708,4.7839
1997,1,3,3,691,4.5259
1997,1,3,4,617,6.7511
1997,1,3,5,711,5.6727
1997,2,1,1,2493,-2.9275
1997,2,1,2,2209,-2.6008
1997,2,1,3,2336,-2.6176
1997,2,1,4,2323,-3.1765
1997,2,1,5,2497,-4.3141
1997,2,2,1,960,-2.9534
1997,2,2,2,918,-2.7187
1997,2,2,3,859,-3.2181
1997,2,2,4,903,-3.2860
1997,2,2,5,980,-5.4918
1997,2,3,1,731,0.1212
1997,2,3,2,667,1.0935
1997,2,3,3,635,-0.5931
1997,2,3,4,632,-0.2256
1997,2,3,5,704,-1.7659
1997,3,1,1,2609,-4.9903
1997,3,1,2,2217,-5.3996
1997,3,1,3,2372,-3.9844
1997,3,1,4,2344,-5.7792
1997,3,1,5,2526,-5.4932
1997,3,2,1,984,-4.6664
1997,3,2,2,918,-5.2481
1997,3,2,3,860,-3.5094
1997,3,2,4,908,-5.4778
1997,3,2,5,975,-5.3709
1997,3,3,1,751,-3.4077
1997,3,3,2,673,-4.6287
1997,3,3,3,663,-3.1207
1997,3,3,4,650,-4.5290
1997,3,3,5,721,-3.3043
1997,4,1,1,2604,-3.9358
1997,4,1,2,2187,-4.2211
1997,4,1,3,2388,-3.5499
1997,4,1,4,2324,-4.3231
1997,4,1,5,2452,-3.6208
1997,4,2,1,972,-0.6718
1997,4,2,2,897,-0.2887
1997,4,2,3,879,-0.0117
1997,4,2,4,908,-0.3888
1997,4,2,5,954,-0.1433
1997,4,3,1,752,3.6131
1997,4,3,2,672,4.8599
1997,4,3,3,672,3.3585
1997,4,3,4,650,4.4744
1997,4,3,5,715,4.0684
1997,5,1,1,2569,10.1610
1997,5,1,2,2114,10.1228
1997,5,1,3,2398,9.8677
1997,5,1,4,2319,10.5922
1997,5,1,5,2490,10.8325
1997,5,2,1,963,12.7056
1997,5,2,2,877,13.6411
1997,5,2,3,866,12.2278
1997,5,2,4,895,13.3988
1997,5,2,5,954,13.7140
1997,5,3,1,748,7.0271
1997,5,3,2,658,6.7668
1997,5,3,3,681,6.9036
1997,5,3,4,660,6.0208
1997,5,3,5,716,6.8989
1997,6,1,1,2558,4.0811
1997,6,1,2,2238,4.3044
1997,6,1,3,2374,4.9280
1997,6,1,4,2301,4.3440
1997,6,1,5,2497,3.3663
1997,6,2,1,960,4.8851
1997,6,2,2,896,4.9396
1997,6,2,3,851,5.0272
1997,6,2,4,860,5.0338
1997,6,2,5,941,4.6116
1997,6,3,1,749,3.2797
1997,6,3,2,684,4.1787
1997,6,3,3,684,4.0199
1997,6,3,4,652,3.8914
1997,6,3,5,723,2.7230
1997,7,1,1,2477,4.7598
1997,7,1,2,2213,5.5088
1997,7,1,3,2190,6.0764
1997,7,1,4,2199,5.6909
1997,7,1,5,2447,6.0880
1997,7,2,1,916,5.0638
1997,7,2,2,878,5.5331
1997,7,2,3,783,5.9548
1997,7,2,4,822,5.8360
1997,7,2,5,932,5.6682
1997,7,3,1,742,6.3668
1997,7,3,2,706,7.8892
1997,7,3,3,659,6.4798
1997,7,3,4,643,6.8074
1997,7,3,5,729,8.8591
1997,8,1,1,2529,4.5819
1997,8,1,2,2359,5.4575
1997,8,1,3,2184,4.0028
1997,8,1,4,2217,4.5840
1997,8,1,5,2670,5.8119
1997,8,2,1,918,3.0548
1997,8,2,2,871,3.0462
1997,8,2,3,793,2.5780
1997,8,2,4,821,3.4224
1997,8,2,5,987,3.3952
1997,8,3,1,749,-2.8003
1997,8,3,2,686,-3.2801
1997,8,3,3,657,-2.7216
1997,8,3,4,694,-3.1686
1997,8,3,5,737,-2.4437
1997,9,1,1,2524,9.5153
1997,9,1,2,2492,9.2866
1997,9,1,3,2339,9.0095
1997,9,1,4,2278,8.7883
1997,9,1,5,2492,9.2433
1997,9,2,1,877,7.6418
1997,9,2,2,881,7.3503
1997,9,2,3,837,7.6196
1997,9,2,4,817,7.9600
1997,9,2,5,892,7.4589
1997,9,3,1,735,4.3252
1997,9,3,2,670,4.6001
1997,9,3,3,691,4.4657
1997,9,3,4,695,5.1195
1997,9,3,5,701,3.4676
1997,10,1,1,2511,-3.9065
1997,10,1,2,2499,-4.3322
1997,10,1,3,2552,-4.4812
1997,10,1,4,2495,-4.6556
1997,10,1,5,2735,-4.8991
1997,10,2,1,872,-4.3808
1997,10,2,2,879,-5.2576
1997,10,2,3,910,-4.8817
1997,10,2,4,864,-5.1875
1997,10,2,5,952,-5.8635
1997,10,3,1,733,-2.7146
1997,10,3,2,672,-3.9733
1997,10,3,3,728,-4.1064
1997,10,3,4,718,-2.7157
1997,10,3,5,755,-5.2036
1997,11,1,1,2635,-2.4596
1997,11,1,2,2452,-2.3108
1997,11,1,3,2326,-1.9452
1997,11,1,4,2512,-2.3276
1997,11,1,5,2809,-2.8635
1997,11,2,1,908,-1.2788
1997,11,2,2,855,-1.7064
1997,11,2,3,813,-1.1235
1997,11,2,4,865,-1.7575
1997,11,2,5,977,-1.7809
1997,11,3,1,752,3.8764
1997,11,3,2,668,3.0981
1997,11,3,3,675,2.8403
1997,11,3,4,719,4.1261
1997,11,3,5,766,3.3577
1997,12,1,1,2610,-2.8190
1997,12,1,2,2747,-3.7579
1997,12,1,3,2358,-2.7012
1997,12,1,4,2553,-3.6651
1997,12,1,5,2815,-4.3192
1997,12,2,1,898,1.4070
1997,12,2,2,893,-0.2900
1997,12,2,3,832,-0.2394
1997,12,2,4,877,-0.1363
1997,12,2,5,970,0.1800
1997,12,3,1,743,1.4435
1997,12,3,2,702,0.5579
1997,12,3,3,691,0.6193
1997,12,3,4,717,2.1595
1997,12,3,5,768,0.3130
1998,1,1,1,2508,-0.1620
1998,1,1,2,2810,0.4757
1998,1,1,3,2322,0.2136
1998,1,1,4,2540,-0.1715
1998,1,1,5,2785,0.0647
1998,1,2,1,836,-1.2697
1998,1,2,2,890,-0.2491
1998,1,2,3,823,-0.3161
1998,1,2,4,876,-0.4798
1998,1,2,5,969,-1.1943
1998,1,3,1,719,0.6872
1998,1,3,2,709,2.5716
1998,1,3,3,676,0.6756
1998,1,3,4,740,1.3879
1998,1,3,5,770,2.4031
1998,2,1,1,2473,6.1912
1998,2,1,2,2820,6.9477
1998,2,1,3,2318,6.1427
1998,2,1,4,2561,6.4825
1998,2,1,5,2769,7.2883
1998,2,2,1,818,6.9249
1998,2,2,2,898,8.7724
1998,2,2,3,816,9.2088
1998,2,2,4,861,8.0952
1998,2,2,5,961,8.3634
1998,2,3,1,693,6.8678
1998,2,3,2,717,8.5428
1998,2,3,3,675,8.4389
1998,2,3,4,738,7.1154
1998,2,3,5,780,7.5256
1998,3,1,1,2353,4.6043
1998,3,1,2,2644,5.0521
1998,3,1,3,2511,4.5072
1998,3,1,4,2554,4.1595
1998,3,1,5,2749,5.6360
1998,3,2,1,747,4.6322
1998,3,2,2,844,3.7767
1998,3,2,3,871,3.3440
1998,3,2,4,865,4.1110
1998,3,2,5,965,5.3285
1998,3,3,1,670,3.9905
1998,3,3,2,690,4.4938
1998,3,3,3,693,3.4804
1998,3,3,4,737,4.4622
1998,3,3,5,772,4.7971
1998,4,1,1,2254,1.6019
1998,4,1,2,2609,2.9710
1998,4,1,3,2476,2.6936
1998,4,1,4,2471,1.6294
1998,4,1,5,2743,3.2420
1998,4,2,1,732,0.6183
1998,4,2,2,838,0.6366
1998,4,2,3,878,0.7448
1998,4,2,4,831,-0.0519
1998,4,2,5,977,1.0154
1998,4,3,1,652,1.6113
1998,4,3,2,684,1.4149
1998,4,3,3,703,0.9212
1998,4,3,4,718,1.2159
1998,4,3,5,787,1.0504
1998,5,1,1,2246,-4.8956
1998,5,1,2,2574,-5.1428
1998,5,1,3,2492,-4.9709
1998,5,1,4,2724,-4.2212
1998,5,1,5,2690,-6.0124
1998,5,2,1,740,-6.5596
1998,5,2,2,846,-6.6211
1998,5,2,3,871,-7.3656
1998,5,2,4,895,-6.3586
1998,5,2,5,953,-6.4555
1998,5,3,1,666,-2.8221
1998,5,3,2,693,-2.1420
1998,5,3,3,732,-3.2666
1998,5,3,4,777,-2.8217
1998,5,3,5,741,-2.8473
1998,6,1,1,2214,-2.7889
1998,6,1,2,2563,-1.6260
1998,6,1,3,2445,-1.9712
1998,6,1,4,2726,-2.5113
1998,6,1,5,2644,-1.4688
1998,6,2,1,738,-1.1229
1998,6,2,2,875,0.6033
1998,6,2,3,856,1.1982
1998,6,2,4,919,0.0409
1998,6,2,5,941,1.4976
1998,6,3,1,658,3.0813
1998,6,3,2,716,3.3343
1998,6,3,3,723,3.2207
1998,6,3,4,793,3.3178
1998,6,3,5,738,5.3859
1998,7,1,1,2084,-6.9850
1998,7,1,2,2420,-7.3047
1998,7,1,3,2352,-7.4708
1998,7,1,4,2597,-7.3877
1998,7,1,5,2456,-6.8338
1998,7,2,1,711,-7.7112
1998,7,2,2,845,-8.6815
1998,7,2,3,870,-8.9564
1998,7,2,4,900,-8.2665
1998,7,2,5,921,-7.7042
1998,7,3,1,635,-0.2666
1998,7,3,2,701,-2.2679
1998,7,3,3,716,-2.7756
1998,7,3,4,784,-1.5693
1998,7,3,5,723,0.6236
1998,8,1,1,2010,-19.4871
1998,8,1,2,2370,-19.5747
1998,8,1,3,2367,-20.4741
1998,8,1,4,2711,-21.8434
1998,8,1,5,2620,-22.5938
1998,8,2,1,692,-18.3626
1998,8,2,2,837,-19.4820
1998,8,2,3,882,-19.9065
1998,8,2,4,939,-21.1118
1998,8,2,5,949,-21.7067
1998,8,3,1,617,-11.4011
1998,8,3,2,731,-15.9058
1998,8,3,3,729,-15.2842
1998,8,3,4,800,-13.2909
1998,8,3,5,746,-13.2255
1998,9,1,1,1727,2.9502
1998,9,1,2,2371,2.0349
1998,9,1,3,2479,3.4211
1998,9,1,4,2557,4.6714
1998,9,1,5,2643,5.8008
1998,9,2,1,621,7.5803
1998,9,2,2,800,4.8719
1998,9,2,3,906,8.9588
1998,9,2,4,935,9.1317
1998,9,2,5,952,9.3036
1998,9,3,1,572,9.3780
1998,9,3,2,732,5.1950
1998,9,3,3,730,7.4739
1998,9,3,4,765,8.4316
1998,9,3,5,837,9.8784
1998,10,1,1,1817,3.3461
1998,10,1,2,2356,3.4973
1998,10,1,3,2484,2.5859
1998,10,1,4,2871,2.6271
1998,10,1,5,2371,2.9080
1998,10,2,1,658,5.3583
1998,10,2,2,804,5.4496
1998,10,2,3,889,4.3842
1998,10,2,4,990,5.3403
1998,10,2,5,867,4.5827
1998,10,3,1,605,6.8470
1998,10,3,2,724,8.8048
1998,10,3,3,761,6.4900
1998,10,3,4,786,6.2855
1998,10,3,5,800,6.3964
1998,11,1,1,2174,6.9340
1998,11,1,2,2657,7.0545
1998,11,1,3,2514,8.0653
1998,11,1,4,2817,9.3466
1998,11,1,5,2329,12.2547
1998,11,2,1,772,5.9998
1998,11,2,2,925,5.5033
1998,11,2,3,880,5.0524
1998,11,2,4,1007,5.6187
1998,11,2,5,846,9.5301
1998,11,3,1,681,5.8165
1998,11,3,2,797,6.3702
1998,11,3,3,805,6.1342
1998,11,3,4,813,6.4304
1998,11,3,5,796,6.9657
1998,12,1,1,2161,1.0083
1998,12,1,2,2313,1.3049
1998,12,1,3,2484,2.1244
1998,12,1,4,2806,1.9547
1998,12,1,5,2292,3.8538
1998,12,2,1,781,5.2304
1998,12,2,2,859,6.0575
1998,12,2,3,866,6.7235
1998,12,2,4,1025,6.7708
1998,12,2,5,860,8.4088
1998,12,3,1,682,5.4891
1998,12,3,2,746,4.4448
1998,12,3,3,794,5.9082
1998,12,3,4,840,6.9890
1998,12,3,5,800,10.1276
1999,1,1,1,2131,3.1912
1999,1,1,2,2190,5.2135
1999,1,1,3,2444,5.7763
1999,1,1,4,2771,6.2341
1999,1,1,5,2521,8.3681
1999,1,2,1,733,-0.1715
1999,1,2,2,819,0.2479
1999,1,2,3,861,2.3554
1999,1,2,4,1028,1.6204
1999,1,2,5,959,5.0859
1999,1,3,1,677,2.0405
1999,1,3,2,721,0.6965
1999,1,3,3,793,1.9973
1999,1,3,4,846,4.0122
1999,1,3,5,860,8.0424
1999,2,1,1,2108,-7.9070
1999,2,1,2,2126,-7.4429
1999,2,1,3,2501,-7.3035
1999,2,1,4,2745,-7.6940
1999,2,1,5,2497,-8.1565
1999,2,2,1,738,-8.4905
1999,2,2,2,777,-9.6964
1999,2,2,3,904,-9.3549
1999,2,2,4,1033,-9.6029
1999,2,2,5,968,-9.3704
1999,2,3,1,711,-3.5271
1999,2,3,2,698,-2.6566
1999,2,3,3,814,-3.7616
1999,2,3,4,847,-3.0508
1999,2,3,5,877,-5.4238
1999,3,1,1,2202,-1.3426
1999,3,1,2,2140,-5.0356
1999,3,1,3,2262,-3.9272
1999,3,1,4,2708,-4.1145
1999,3,1,5,2433,-2.5714
1999,3,2,1,818,2.5785
1999,3,2,2,815,-1.5455
1999,3,2,3,820,2.0659
1999,3,2,4,1029,0.6038
1999,3,2,5,946,1.1253
1999,3,3,1,773,5.4794
1999,3,3,2,719,2.1723
1999,3,3,3,771,3.3892
1999,3,3,4,867,3.0677
1999,3,3,5,864,4.0031
1999,4,1,1,2167,11.1163
1999,4,1,2,2031,10.3511
1999,4,1,3,1997,10.9384
1999,4,1,4,2654,8.1529
1999,4,1,5,2422,9.7424
1999,4,2,1,809,10.2934
1999,4,2,2,780,9.1711
1999,4,2,3,743,11.9092
1999,4,2,4,1050,6.6807
1999,4,2,5,951,6.6217
1999,4,3,1,769,8.9408
1999,4,3,2,696,8.6412
1999,4,3,3,705,8.9264
1999,4,3,4,878,1.0155
1999,4,3,5,857,2.8536
1999,5,1,1,2299,3.6111
1999,5,1,2,2315,3.8246
1999,5,1,3,1915,3.3916
1999,5,1,4,2607,2.9042
1999,5,1,5,2399,3.2270
1999,5,2,1,831,2.4048
1999,5,2,2,865,3.2850
1999,5,2,3,737,1.5397
1999,5,2,4,1037,2.4646
1999,5,2,5,938,3.9219
1999,5,3,1,760,-2.7718
1999,5,3,2,766,-1.7201
1999,5,3,3,689,-2.3731
1999,5,3,4,872,-2.1266
1999,5,3,5,851,-2.4175
1999,6,1,1,2227,6.1858
1999,6,1,2,2358,4.2643
1999,6,1,3,2103,4.7025
1999,6,1,4,2596,4.1694
1999,6,1,5,2369,6.3758
1999,6,2,1,789,5.9591
1999,6,2,2,872,6.1673
1999,6,2,3,805,5.4193
1999,6,2,4,1026,6.5270
1999,6,2,5,932,7.7944
1999,6,3,1,740,3.0361
1999,6,3,2,789,3.2637
1999,6,3,3,733,4.0545
1999,6,3,4,876,5.1596
1999,6,3,5,848,5.9161
1999,7,1,1,2152,0.3390
1999,7,1,2,2261,0.1767
1999,7,1,3,1993,0.2992
1999,7,1,4,2476,1.1532
1999,7,1,5,2315,0.8495
1999,7,2,1,773,-1.2028
1999,7,2,2,855,-1.3057
1999,7,2,3,737,-1.1763
1999,7,2,4,976,-0.3042
1999,7,2,5,934,-0.6326
1999,7,3,1,737,-1.3789
1999,7,3,2,773,-3.5816
1999,7,3,3,682,-3.5766
1999,7,3,4,846,-3.3142
1999,7,3,5,843,-2.1901
1999,8,1,1,2156,-2.5497
1999,8,1,2,2301,-3.2230
1999,8,1,3,1988,-3.6745
1999,8,1,4,2531,-1.9890
1999,8,1,5,2296,-0.8668
1999,8,2,1,786,-2.2023
1999,8,2,2,875,-4.0414
1999,8,2,3,735,-2.9496
1999,8,2,4,1049,-2.8980
1999,8,2,5,909,-0.4239
1999,8,3,1,742,0.5373
1999,8,3,2,788,-0.7281
1999,8,3,3,692,-3.7474
1999,8,3,4,887,-0.4565
1999,8,3,5,844,0.7471
1999,9,1,1,2113,-1.1993
1999,9,1,2,2293,-2.4209
1999,9,1,3,1638,-1.7101
1999,9,1,4,2395,-0.8769
1999,9,1,5,2129,0.2400
1999,9,2,1,776,-1.0587
1999,9,2,2,910,-1.1668
1999,9,2,3,659,-1.0991
1999,9,2,4,983,-0.5321
1999,9,2,5,897,1.4083
1999,9,3,1,733,-2.1538
1999,9,3,2,817,-2.3010
1999,9,3,3,633,-1.3648
1999,9,3,4,873,-3.0635
1999,9,3,5,764,-1.8329
1999,10,1,1,1903,-2.6125
1999,10,1,2,2274,-2.6027
1999,10,1,3,1705,-2.2617
1999,10,1,4,2393,-1.7826
1999,10,1,5,2315,0.4277
1999,10,2,1,700,-1.7813
1999,10,2,2,937,-2.6510
1999,10,2,3,654,-2.4576
1999,10,2,4,995,-0.9674
1999,10,2,5,1002,1.1179
1999,10,3,1,644,0.8359
1999,10,3,2,859,4.2533
1999,10,3,3,571,4.8155
1999,10,3,4,883,6.1931
1999,10,3,5,875,3.5134
1999,11,1,1,1780,4.7485
1999,11,1,2,2232,7.9006
1999,11,1,3,1714,6.0937
1999,11,1,4,2406,11.1548
1999,11,1,5,2294,16.5726
1999,11,2,1,650,3.5469
1999,11,2,2,901,5.5686
1999,11,2,3,678,4.5815
1999,11,2,4,1030,7.0080
1999,11,2,5,1022,11.7928
1999,11,3,1,633,2.1407
1999,11,3,2,843,1.3678
1999,11,3,3,570,0.8689
1999,11,3,4,865,2.7097
1999,11,3,5,877,4.8141
1999,12,1,1,1735,6.0721
1999,12,1,2,2213,9.3677
1999,12,1,3,1703,7.9292
1999,12,1,4,2390,14.6565
1999,12,1,5,2244,18.7071
1999,12,2,1,621,6.3924
1999,12,2,2,877,9.0907
1999,12,2,3,663,7.2714
1999,12,2,4,1044,10.7239
1999,12,2,5,1038,16.0423
1999,12,3,1,622,4.3474
1999,12,3,2,840,8.6109
1999,12,3,3,573,6.2278
1999,12,3,4,867,4.4428
1999,12,3,5,914,10.8982
2000,1,1,1,1700,2.5929
2000,1,1,2,2196,4.2967
2000,1,1,3,1697,4.5670
2000,1,1,4,2383,10.4693
2000,1,1,5,2130,8.4713
2000,1,2,1,661,-3.0380
2000,1,2,2,858,-3.1184
2000,1,2,3,693,-3.9042
2000,1,2,4,1052,-0.5313
2000,1,2,5,1002,0.6748
2000,1,3,1,628,-2.2715
2000,1,3,2,832,-5.4311
2000,1,3,3,642,-5.3681
2000,1,3,4,864,-1.8969
2000,1,3,5,916,-4.8883
2000,2,1,1,1645,14.0690
2000,2,1,2,2140,16.9417
2000,2,1,3,2067,19.1707
2000,2,1,4,2365,27.5330
2000,2,1,5,2085,29.5268
2000,2,2,1,642,8.2558
2000,2,2,2,848,9.4312
2000,2,2,3,871,6.9630
2000,2,2,4,1046,15.5523
2000,2,2,5,1027,22.7476
2000,2,3,1,604,-3.9174
2000,2,3,2,812,-1.3258
2000,2,3,3,839,-2.8735
2000,2,3,4,854,-2.7344
2000,2,3,5,928,3.8358
2000,3,1,1,1268,-1.8515
2000,3,1,2,2075,-3.2859
2000,3,1,3,2047,-4.7452
2000,3,1,4,2358,-6.6297
2000,3,1,5,2060,-7.8682
2000,3,2,1,547,2.7576
2000,3,2,2,830,-0.1275
2000,3,2,3,922,-0.5944
2000,3,2,4,1064,-3.3165
2000,3,2,5,1067,-8.0957
2000,3,3,1,533,7.9902
2000,3,3,2,808,9.4309
2000,3,3,3,905,8.9204
2000,3,3,4,930,8.4188
2000,3,3,5,967,5.6749
2000,4,1,1,1564,-8.7684
2000,4,1,2,2061,-10.9095
2000,4,1,3,2102,-12.8015
2000,4,1,4,2147,-13.1735
2000,4,1,5,2067,-17.0931
2000,4,2,1,794,-3.6334
2000,4,2,2,889,-3.3153
2000,4,2,3,972,-5.5362
2000,4,2,4,976,-6.2255
2000,4,2,5,1077,-11.0246
2000,4,3,1,701,0.8991
2000,4,3,2,833,-1.7769
2000,4,3,3,962,-1.8014
2000,4,3,4,868,-1.9485
2000,4,3,5,964,-4.2682
2000,5,1,1,1499,-4.2198
2000,5,1,2,2085,-8.4969
2000,5,1,3,2081,-8.0528
2000,5,1,4,2107,-7.9528
2000,5,1,5,2035,-9.0968
2000,5,2,1,790,-3.2676
2000,5,2,2,890,-4.5960
2000,5,2,3,992,-5.8363
2000,5,2,4,966,-4.7337
2000,5,2,5,1065,-7.1739
2000,5,3,1,737,1.2305
2000,5,3,2,858,-5.0047
2000,5,3,3,952,-4.3582
2000,5,3,4,845,-3.7303
2000,5,3,5,944,-3.9628
2000,6,1,1,1840,6.6138
2000,6,1,2,1841,9.9790
2000,6,1,3,1967,9.8718
2000,6,1,4,2067,13.4735
2000,6,1,5,2019,21.0663
2000,6,2,1,901,5.3471
2000,6,2,2,829,6.8433
2000,6,2,3,945,8.0437
2000,6,2,4,939,8.5390
2000,6,2,5,1058,16.6134
2000,6,3,1,853,-0.0013
2000,6,3,2,783,-1.0263
2000,6,3,3,938,2.0775
2000,6,3,4,826,2.8035
2000,6,3,5,945,5.9293
2000,7,1,1,1753,-2.2668
2000,7,1,2,1813,-1.0859
2000,7,1,3,1915,-2.2323
2000,7,1,4,1935,-4.2310
2000,7,1,5,1908,-6.0101
2000,7,2,1,869,-1.3269
2000,7,2,2,827,-1.7883
2000,7,2,3,937,-1.7133
2000,7,2,4,894,-3.1246
2000,7,2,5,1035,-7.7845
2000,7,3,1,825,-1.0676
2000,7,3,2,778,-1.0245
2000,7,3,3,918,-2.3358
2000,7,3,4,789,-2.4193
2000,7,3,5,941,-4.3840
2000,8,1,1,1820,6.4912
2000,8,1,2,1712,6.2930
2000,8,1,3,1939,7.2488
2000,8,1,4,1916,8.0583
2000,8,1,5,1953,11.3935
2000,8,2,1,988,6.9895
2000,8,2,2,833,7.1682
2000,8,2,3,955,8.4727
2000,8,2,4,857,8.0394
2000,8,2,5,1051,11.0694
2000,8,3,1,913,6.3222
2000,8,3,2,727,5.2659
2000,8,3,3,918,3.1996
2000,8,3,4,791,4.7972
2000,8,3,5,952,7.8907
2000,9,1,1,1968,-1.6800
2000,9,1,2,1807,-3.5403
2000,9,1,3,1818,-2.1998
2000,9,1,4,2031,-1.9589
2000,9,1,5,1907,-2.4162
2000,9,2,1,1042,-2.8759
2000,9,2,2,897,-3.2141
2000,9,2,3,916,-2.0611
2000,9,2,4,1005,-3.4352
2000,9,2,5,1048,-4.0499
2000,9,3,1,978,-0.2171
2000,9,3,2,796,-5.7534
2000,9,3,3,908,-2.6317
2000,9,3,4,871,-3.5626
2000,9,3,5,983,-6.7952
2000,10,1,1,2048,-9.2355
2000,10,1,2,1761,-6.5370
2000,10,1,3,1604,-7.0782
2000,10,1,4,2119,-7.9324
2000,10,1,5,1675,-8.7899
2000,10,2,1,1160,-4.1525
2000,10,2,2,875,-2.8386
2000,10,2,3,899,-2.7379
2000,10,2,4,1046,-3.2837
2000,10,2,5,983,-4.8381
2000,10,3,1,1023,0.7738
2000,10,3,2,778,1.2858
2000,10,3,3,898,1.1920
2000,10,3,4,883,0.0867
2000,10,3,5,914,-1.7950
2000,11,1,1,2018,-13.0780
2000,11,1,2,1773,-8.3935
2000,11,1,3,1583,-8.8871
2000,11,1,4,2010,-9.1684
2000,11,1,5,1668,-12.5614
2000,11,2,1,1153,-10.2994
2000,11,2,2,902,-6.9497
2000,11,2,3,888,-9.0355
2000,11,2,4,1031,-6.5425
2000,11,2,5,966,-11.3645
2000,11,3,1,999,-8.2398
2000,11,3,2,787,-7.4629
2000,11,3,3,886,-6.0683
2000,11,3,4,861,-5.2220
2000,11,3,5,924,-8.9033
2000,12,1,1,2056,-3.1803
2000,12,1,2,1750,-0.2445
2000,12,1,3,1578,-0.7612
2000,12,1,4,1932,0.0388
2000,12,1,5,1613,1.9889
2000,12,2,1,1202,4.7730
2000,12,2,2,894,8.7958
2000,12,2,3,894,7.1560
2000,12,2,4,974,7.0145
2000,12,2,5,936,7.8902
2000,12,3,1,988,-0.9142
2000,12,3,2,779,3.5126
2000,12,3,3,880,1.8049
2000,12,3,4,853,3.3881
2000,12,3,5,913,1.4793
2001,1,1,1,2072,25.0836
2001,1,1,2,1764,18.6650
2001,1,1,3,1556,17.3679
2001,1,1,4,1871,15.5082
2001,1,1,5,1487,12.9314
2001,1,2,1,1213,14.3507
2001,1,2,2,909,6.3655
2001,1,2,3,894,8.9041
2001,1,2,4,951,6.4001
2001,1,2,5,863,3.4788
2001,1,3,1,987,8.9495
2001,1,3,2,785,5.7332
2001,1,3,3,870,4.1824
2001,1,3,4,845,1.4638
2001,1,3,5,872,-0.5810
2001,2,1,1,2059,-9.7299
2001,2,1,2,1743,-4.7139
2001,2,1,3,1326,-4.3900
2001,2,1,4,1743,-3.7987
2001,2,1,5,1687,-5.7492
2001,2,2,1,1235,-12.0067
2001,2,2,2,894,-4.3561
2001,2,2,3,742,-5.9650
2001,2,2,4,927,-4.5742
2001,2,2,5,975,-6.0098
2001,2,3,1,999,-11.6654
2001,2,3,2,783,-7.0400
2001,2,3,3,690,-5.0651
2001,2,3,4,812,-3.9189
2001,2,3,5,912,-6.0268
2001,3,1,1,2059,-7.9808
2001,3,1,2,1728,-3.6467
2001,3,1,3,1270,-3.5440
2001,3,1,4,1771,-4.1670
2001,3,1,5,1655,-3.0557
2001,3,2,1,1235,-8.2324
2001,3,2,2,896,-4.4035
2001,3,2,3,695,-4.5664
2001,3,2,4,908,-3.9749
2001,3,2,5,873,-2.3265
2001,3,3,1,977,-8.1690
2001,3,3,2,772,-6.6241
2001,3,3,3,626,-5.0410
2001,3,3,4,768,-5.6078
2001,3,3,5,843,-4.0578
2001,4,1,1,2031,7.0140
2001,4,1,2,1797,7.1501
2001,4,1,3,1166,6.0646
2001,4,1,4,1744,6.3902
2001,4,1,5,1619,6.5713
2001,4,2,1,1192,10.5209
2001,4,2,2,913,8.0247
2001,4,2,3,638,7.8520
2001,4,2,4,895,6.8382
2001,4,2,5,861,7.2137
2001,4,3,1,934,12.4411
2001,4,3,2,761,8.3220
2001,4,3,3,539,5.5852
2001,4,3,4,759,6.7810
2001,4,3,5,839,8.6861
2001,5,1,1,1923,9.6216
2001,5,1,2,1676,11.2901
2001,5,1,3,1313,11.6224
2001,5,1,4,1705,12.3091
2001,5,1,5,1676,9.2607
2001,5,2,1,1126,3.2360
2001,5,2,2,841,4.5118
2001,5,2,3,684,3.8790
2001,5,2,4,877,4.0696
2001,5,2,5,914,2.8643
2001,5,3,1,917,-1.3759
2001,5,3,2,708,1.4987
2001,5,3,3,586,1.2117
2001,5,3,4,742,2.0898
2001,5,3,5,836,0.0071
2001,6,1,1,1890,3.3342
2001,6,1,2,1637,1.3644
2001,6,1,3,1277,3.7269
2001,6,1,4,1696,2.4200
2001,6,1,5,1632,-0.5944
2001,6,2,1,1098,6.2565
2001,6,2,2,826,3.7548
2001,6,2,3,668,5.6593
2001,6,2,4,896,5.0212
2001,6,2,5,904,2.4126
2001,6,3,1,891,-1.6993
2001,6,3,2,700,-3.8612
2001,6,3,3,578,-3.0554
2001,6,3,4,742,-3.2742
2001,6,3,5,826,-3.9573
2001,7,1,1,1797,-4.7998
2001,7,1,2,1556,-0.4531
2001,7,1,3,1220,-1.7142
2001,7,1,4,1720,0.0801
2001,7,1,5,1527,-2.2846
2001,7,2,1,1074,-8.1673
2001,7,2,2,816,-4.4809
2001,7,2,3,665,-5.5890
2001,7,2,4,937,-4.3833
2001,7,2,5,829,-4.0446
2001,7,3,1,869,-3.1055
2001,7,3,2,685,0.2228
2001,7,3,3,572,1.7386
2001,7,3,4,777,1.0127
2001,7,3,5,770,-2.3046
2001,8,1,1,1855,-4.8265
2001,8,1,2,1565,-3.0158
2001,8,1,3,1531,-4.0021
2001,8,1,4,1768,-2.6010
2001,8,1,5,1487,-2.8291
2001,8,2,1,1064,-5.1763
2001,8,2,2,829,-2.6889
2001,8,2,3,741,-1.4758
2001,8,2,4,957,-2.6096
2001,8,2,5,819,-2.7641
2001,8,3,1,845,-8.5763
2001,8,3,2,639,-5.7843
2001,8,3,3,627,-5.5706
2001,8,3,4,744,-5.3872
2001,8,3,5,762,-4.6936
2001,9,1,1,1849,-14.2397
2001,9,1,2,1498,-12.2020
2001,9,1,3,1566,-14.4944
2001,9,1,4,1503,-13.0909
2001,9,1,5,1421,-13.1411
2001,9,2,1,1064,-19.2053
2001,9,2,2,770,-16.0591
2001,9,2,3,761,-16.4231
2001,9,2,4,786,-15.8504
2001,9,2,5,763,-14.2977
2001,9,3,1,833,-11.8795
2001,9,3,2,605,-12.4670
2001,9,3,3,625,-5.1456
2001,9,3,4,629,-7.8548
2001,9,3,5,708,-8.9272
2001,10,1,1,1846,10.4337
2001,10,1,2,1899,6.9055
2001,10,1,3,1580,7.9277
2001,10,1,4,1519,6.4686
2001,10,1,5,1516,6.3431
2001,10,2,1,1027,13.2187
2001,10,2,2,888,6.4648
2001,10,2,3,788,5.6271
2001,10,2,4,806,5.7569
2001,10,2,5,749,8.5044
2001,10,3,1,803,6.3241
2001,10,3,2,678,2.9285
2001,10,3,3,630,-0.3656
2001,10,3,4,643,2.3634
2001,10,3,5,703,3.2072
2001,11,1,1,1846,9.1726
2001,11,1,2,1881,5.8810
2001,11,1,3,1584,8.2058
2001,11,1,4,1531,5.6794
2001,11,1,5,1687,6.4586
2001,11,2,1,1002,11.1467
2001,11,2,2,847,9.1463
2001,11,2,3,776,9.1194
2001,11,2,4,804,8.4080
2001,11,2,5,836,8.4113
2001,11,3,1,772,9.4336
2001,11,3,2,644,7.8977
2001,11,3,3,632,6.9261
2001,11,3,4,636,7.6712
2001,11,3,5,721,5.3654
2001,12,1,1,1843,8.4657
2001,12,1,2,1888,7.4002
2001,12,1,3,1566,8.1350
2001,12,1,4,1537,6.9519
2001,12,1,5,1682,7.5117
2001,12,2,1,977,6.5742
2001,12,2,2,858,7.2317
2001,12,2,3,772,6.0453
2001,12,2,4,799,7.5210
2001,12,2,5,844,6.9672
2001,12,3,1,767,1.2005
2001,12,3,2,647,2.0445
2001,12,3,3,622,0.7493
2001,12,3,4,624,2.5208
2001,12,3,5,719,2.0539
2002,1,1,1,1813,0.1390
2002,1,1,2,1595,0.7855
2002,1,1,3,1571,0.5963
2002,1,1,4,1538,2.9558
2002,1,1,5,1671,2.2748
2002,1,2,1,941,-3.7762
2002,1,2,2,747,-1.6309
2002,1,2,3,766,-2.0170
2002,1,2,4,796,-0.3347
2002,1,2,5,843,-1.6389
2002,1,3,1,727,-1.9153
2002,1,3,2,547,-0.4716
2002,1,3,3,632,-0.3660
2002,1,3,4,627,0.6842
2002,1,3,5,715,-2.0398
2002,2,1,1,1788,-7.4533
2002,2,1,2,1722,-4.8819
2002,2,1,3,1560,-3.9700
2002,2,1,4,1548,-1.7013
2002,2,1,5,1641,-4.9263
2002,2,2,1,922,-7.1026
2002,2,2,2,843,-2.7595
2002,2,2,3,767,-2.1956
2002,2,2,4,783,0.3170
2002,2,2,5,769,-4.7226
2002,2,3,1,714,-4.2892
2002,2,3,2,622,-0.0449
2002,2,3,3,628,0.7681
2002,2,3,4,615,1.6972
2002,2,3,5,670,-2.2133
2002,3,1,1,1796,10.4966
2002,3,1,2,1702,8.8087
2002,3,1,3,1549,8.7352
2002,3,1,4,1529,10.1308
2002,3,1,5,1619,9.8524
2002,3,2,1,909,9.8252
2002,3,2,2,835,9.3811
2002,3,2,3,761,7.7902
2002,3,2,4,784,8.0261
2002,3,2,5,766,8.7320
2002,3,3,1,701,4.5316
2002,3,3,2,616,4.9096
2002,3,3,3,621,2.6238
2002,3,3,4,614,3.5141
2002,3,3,5,666,5.6271
2002,4,1,1,1824,-1.5802
2002,4,1,2,1660,1.4291
2002,4,1,3,1956,1.1464
2002,4,1,4,1477,2.5734
2002,4,1,5,1639,0.8363
2002,4,2,1,911,-3.9279
2002,4,2,2,803,-0.3384
2002,4,2,3,878,-0.4637
2002,4,2,4,769,1.4981
2002,4,2,5,785,-2.8107
2002,4,3,1,708,-8.4021
2002,4,3,2,599,-5.1359
2002,4,3,3,707,-5.6085
2002,4,3,4,594,-3.4919
2002,4,3,5,658,-6.3556
2002,5,1,1,1691,-4.7172
2002,5,1,2,1642,-2.4123
2002,5,1,3,1926,-2.9138
2002,5,1,4,1463,-1.4930
2002,5,1,5,1594,-2.9486
2002,5,2,1,835,-6.3069
2002,5,2,2,797,-6.1191
2002,5,2,3,862,-5.0936
2002,5,2,4,750,-4.0690
2002,5,2,5,758,-5.0496
2002,5,3,1,636,-1.6596
2002,5,3,2,599,-1.5816
2002,5,3,3,675,-0.9320
2002,5,3,4,598,-1.2749
2002,5,3,5,649,-1.1554
2002,6,1,1,1669,-6.1062
2002,6,1,2,1673,-3.2940
2002,6,1,3,1917,-3.3098
2002,6,1,4,1560,-2.8540
2002,6,1,5,1573,-3.9523
2002,6,2,1,800,-8.3562
2002,6,2,2,798,-5.4414
2002,6,2,3,855,-5.3231
2002,6,2,4,775,-4.4819
2002,6,2,5,746,-4.8853
2002,6,3,1,617,-9.7395
2002,6,3,2,592,-7.9132
2002,6,3,3,673,-7.9824
2002,6,3,4,638,-6.9942
2002,6,3,5,647,-7.8004
2002,7,1,1,1742,-15.3898
2002,7,1,2,1585,-15.5942
2002,7,1,3,1800,-15.3437
2002,7,1,4,1401,-15.4860
2002,7,1,5,1423,-14.4832
2002,7,2,1,866,-16.3523
2002,7,2,2,782,-17.4748
2002,7,2,3,819,-16.4692
2002,7,2,4,691,-17.0163
2002,7,2,5,681,-15.3832
2002,7,3,1,674,-8.7725
2002,7,3,2,586,-9.5253
2002,7,3,3,659,-7.9843
2002,7,3,4,579,-9.0233
2002,7,3,5,608,-8.9577
2002,8,1,1,1738,-1.9511
2002,8,1,2,1512,-2.7837
2002,8,1,3,1841,-2.8560
2002,8,1,4,1761,-2.1127
2002,8,1,5,1593,-0.7297
2002,8,2,1,863,0.2579
2002,8,2,2,734,-0.9167
2002,8,2,3,827,-1.3553
2002,8,2,4,716,0.3417
2002,8,2,5,770,-0.5041
2002,8,3,1,674,-0.2701
2002,8,3,2,561,1.3752
2002,8,3,3,683,0.4948
2002,8,3,4,600,1.5717
2002,8,3,5,684,0.3296
2002,9,1,1,1765,-9.7045
2002,9,1,2,1512,-8.8762
2002,9,1,3,1894,-8.2415
2002,9,1,4,1934,-7.5374
2002,9,1,5,1583,-9.0212
2002,9,2,1,865,-9.3253
2002,9,2,2,740,-8.2791
2002,9,2,3,856,-7.2203
2002,9,2,4,760,-7.6869
2002,9,2,5,777,-6.3628
2002,9,3,1,673,-11.1746
2002,9,3,2,556,-9.5092
2002,9,3,3,683,-9.6570
2002,9,3,4,651,-9.2438
2002,9,3,5,688,-10.6834
2002,10,1,1,1787,4.4154
2002,10,1,2,1497,3.4963
2002,10,1,3,1773,3.0611
2002,10,1,4,1863,1.6123
2002,10,1,5,1547,1.5733
2002,10,2,1,864,6.1985
2002,10,2,2,723,4.1285
2002,10,2,3,796,3.7562
2002,10,2,4,728,2.8681
2002,10,2,5,705,3.6204
2002,10,3,1,669,11.8744
2002,10,3,2,553,9.1536
2002,10,3,3,617,7.6463
2002,10,3,4,624,6.0213
2002,10,3,5,649,6.8963
2002,11,1,1,1761,15.1117
2002,11,1,2,1446,10.3636
2002,11,1,3,1751,11.2307
2002,11,1,4,1832,11.1675
2002,11,1,5,1851,10.3527
2002,11,2,1,864,13.8361
2002,11,2,2,705,9.3503
2002,11,2,3,774,9.2855
2002,11,2,4,733,7.4320
2002,11,2,5,822,10.0193
2002,11,3,1,673,8.3557
2002,11,3,2,556,5.8690
2002,11,3,3,601,5.2776
2002,11,3,4,628,3.6617
2002,11,3,5,704,6.7356
2002,12,1,1,1787,-7.2697
2002,12,1,2,1480,-4.8794
2002,12,1,3,1732,-5.3391
2002,12,1,4,1827,-5.9968
2002,12,1,5,1858,-3.4234
2002,12,2,1,878,-8.1552
2002,12,2,2,732,-5.8360
2002,12,2,3,757,-5.2975
2002,12,2,4,746,-6.1898
2002,12,2,5,725,-5.0121
2002,12,3,1,694,-7.1804
2002,12,3,2,597,-5.9416
2002,12,3,3,593,-4.6592
2002,12,3,4,640,-4.7722
2002,12,3,5,675,-5.7288
2003,1,1,1,1721,-0.9504
2003,1,1,2,1466,-2.8564
2003,1,1,3,1713,-2.4546
2003,1,1,4,1800,-1.9832
2003,1,1,5,1840,-1.0342
2003,1,2,1,807,-2.5728
2003,1,2,2,730,-4.0545
2003,1,2,3,742,-3.7312
2003,1,2,4,731,-3.9792
2003,1,2,5,729,-3.2885
2003,1,3,1,655,-2.4339
2003,1,3,2,593,-3.3349
2003,1,3,3,586,-2.6347
2003,1,3,4,634,-3.1021
2003,1,3,5,673,-2.5992
2003,2,1,1,1706,-3.6439
2003,2,1,2,1448,-3.7930
2003,2,1,3,1817,-3.8188
2003,2,1,4,1901,-4.7233
2003,2,1,5,1825,-2.4307
2003,2,2,1,803,-3.2795
2003,2,2,2,638,-3.4024
2003,2,2,3,790,-3.9666
2003,2,2,4,785,-5.1726
2003,2,2,5,715,-2.8428
2003,2,3,1,651,-0.4057
2003,2,3,2,564,-2.8497
2003,2,3,3,655,-2.5489
2003,2,3,4,678,-1.9119
2003,2,3,5,657,-0.4728
2003,3,1,1,1683,0.3543
2003,3,1,2,1498,0.5129
2003,3,1,3,1799,0.6676
2003,3,1,4,1880,1.5046
2003,3,1,5,1813,-0.1138
2003,3,2,1,770,0.6101
2003,3,2,2,667,1.9784
2003,3,2,3,773,1.5533
2003,3,2,4,788,1.9373
2003,3,2,5,750,1.2786
2003,3,3,1,647,-0.2341
2003,3,3,2,578,1.2450
2003,3,3,3,643,0.7011
2003,3,3,4,678,2.1682
2003,3,3,5,660,0.2334
2003,4,1,1,1652,10.2541
2003,4,1,2,1731,11.1263
2003,4,1,3,1753,10.9704
2003,4,1,4,1895,11.1635
2003,4,1,5,1795,9.0075
2003,4,2,1,757,11.6389
2003,4,2,2,722,9.7584
2003,4,2,3,727,10.0331
2003,4,2,4,799,11.6567
2003,4,2,5,746,10.1305
2003,4,3,1,645,7.8748
2003,4,3,2,622,8.2297
2003,4,3,3,621,7.2932
2003,4,3,4,694,7.2806
2003,4,3,5,664,5.9222
2003,5,1,1,1626,18.1499
2003,5,1,2,1710,15.0233
2003,5,1,3,1732,15.9943
2003,5,1,4,1908,14.7919
2003,5,1,5,1741,16.5823
2003,5,2,1,718,14.0213
2003,5,2,2,721,11.0549
2003,5,2,3,712,11.9778
2003,5,2,4,815,11.6542
2003,5,2,5,734,11.9504
2003,5,3,1,618,8.5234
2003,5,3,2,626,5.7244
2003,5,3,3,615,6.2060
2003,5,3,4,692,4.8599
2003,5,3,5,648,7.1245
2003,6,1,1,1661,5.7672
2003,6,1,2,1396,6.2181
2003,6,1,3,1724,6.3012
2003,6,1,4,1888,7.4252
2003,6,1,5,1724,6.5778
2003,6,2,1,732,2.3036
2003,6,2,2,632,2.3862
2003,6,2,3,712,2.5838
2003,6,2,4,811,3.6988
2003,6,2,5,738,1.4200
2003,6,3,1,633,1.5548
2003,6,3,2,559,1.8754
2003,6,3,3,614,1.8058
2003,6,3,4,702,1.1512
2003,6,3,5,650,0.9894
2003,7,1,1,1567,9.0114
2003,7,1,2,1392,8.8628
2003,7,1,3,1686,9.0899
2003,7,1,4,1827,9.2271
2003,7,1,5,1670,8.1611
2003,7,2,1,665,5.6215
2003,7,2,2,632,5.1086
2003,7,2,3,722,5.7501
2003,7,2,4,794,6.2235
2003,7,2,5,739,5.1594
2003,7,3,1,620,1.1053
2003,7,3,2,571,1.3931
2003,7,3,3,615,1.0284
2003,7,3,4,694,2.1868
2003,7,3,5,653,0.9725
2003,8,1,1,1594,5.5989
2003,8,1,2,1441,5.3501
2003,8,1,3,1485,5.3710
2003,8,1,4,1872,5.2640
2003,8,1,5,1705,5.7703
2003,8,2,1,681,5.8167
2003,8,2,2,661,5.7491
2003,8,2,3,676,5.8944
2003,8,2,4,794,5.8304
2003,8,2,5,744,6.1641
2003,8,3,1,637,4.4005
2003,8,3,2,612,2.9408
2003,8,3,3,571,3.5230
2003,8,3,4,709,3.1487
2003,8,3,5,672,4.6412
2003,9,1,1,1653,3.6787
2003,9,1,2,1542,2.0912
2003,9,1,3,1525,1.6017
2003,9,1,4,1958,2.4768
2003,9,1,5,1763,3.1017
2003,9,2,1,708,-2.5162
2003,9,2,2,690,-2.9793
2003,9,2,3,700,-2.9810
2003,9,2,4,818,-2.6500
2003,9,2,5,768,-2.9800
2003,9,3,1,649,-1.6018
2003,9,3,2,639,-2.4851
2003,9,3,3,597,-2.5919
2003,9,3,4,752,-2.0946
2003,9,3,5,700,-2.3519
2003,10,1,1,1682,8.7905
2003,10,1,2,1597,8.5847
2003,10,1,3,1650,9.9213
2003,10,1,4,1971,9.8382
2003,10,1,5,1784,10.4860
2003,10,2,1,718,8.3721
2003,10,2,2,714,8.1849
2003,10,2,3,728,9.2453
2003,10,2,4,859,9.1306
2003,10,2,5,773,8.7625
2003,10,3,1,677,5.9506
2003,10,3,2,661,5.8973
2003,10,3,3,633,5.8467
2003,10,3,4,769,6.0894
2003,10,3,5,687,6.8942
2003,11,1,1,1592,4.6574
2003,11,1,2,1603,4.6331
2003,11,1,3,1637,4.4573
2003,11,1,4,1948,4.8223
2003,11,1,5,1720,4.8785
2003,11,2,1,676,2.9917
2003,11,2,2,722,3.4945
2003,11,2,3,738,3.2472
2003,11,2,4,842,3.0493
2003,11,2,5,740,3.2842
2003,11,3,1,618,2.0114
2003,11,3,2,663,1.7061
2003,11,3,3,643,1.5398
2003,11,3,4,761,1.5131
2003,11,3,5,678,1.7897
2003,12,1,1,1612,3.5619
2003,12,1,2,1590,3.0750
2003,12,1,3,1682,3.1878
2003,12,1,4,1946,2.8116
2003,12,1,5,1721,2.9607
2003,12,2,1,700,3.7096
2003,12,2,2,702,3.0637
2003,12,2,3,769,3.3429
2003,12,2,4,863,2.4665
2003,12,2,5,741,2.3581
2003,12,3,1,635,5.8159
2003,12,3,2,654,3.2274
2003,12,3,3,668,4.5608
2003,12,3,4,778,3.8869
2003,12,3,5,681,4.4800
2004,1,1,1,1559,8.0526
2004,1,1,2,1594,7.2805
2004,1,1,3,1686,6.8204
2004,1,1,4,1917,6.9054
2004,1,1,5,1707,8.3227
2004,1,2,1,690,3.4412
2004,1,2,2,701,3.3949
2004,1,2,3,768,3.8328
2004,1,2,4,859,3.5338
2004,1,2,5,733,4.6967
2004,1,3,1,637,0.9587
2004,1,3,2,655,0.8400
2004,1,3,3,672,0.8638
2004,1,3,4,783,0.8473
2004,1,3,5,685,1.3875
2004,2,1,1,1594,0.3531
2004,2,1,2,1627,1.7451
2004,2,1,3,1810,0.5994
2004,2,1,4,1835,0.0635
2004,2,1,5,1838,0.1299
2004,2,2,1,696,0.8923
2004,2,2,2,707,1.3191
2004,2,2,3,809,0.3004
2004,2,2,4,829,0.3195
2004,2,2,5,799,0.1743
2004,2,3,1,655,1.2137
2004,2,3,2,668,2.4374
2004,2,3,3,699,1.5997
2004,2,3,4,769,0.7812
2004,2,3,5,728,1.3065
2004,3,1,1,1563,-0.9947
2004,3,1,2,1618,0.2438
2004,3,1,3,1812,-0.3437
2004,3,1,4,1860,0.0393
2004,3,1,5,1746,-0.7834
2004,3,2,1,698,0.3497
2004,3,2,2,712,1.0379
2004,3,2,3,806,1.4659
2004,3,2,4,839,1.2299
2004,3,2,5,740,-0.1353
2004,3,3,1,632,-2.3303
2004,3,3,2,674,-0.6155
2004,3,3,3,703,-1.3530
2004,3,3,4,784,-0.7230
2004,3,3,5,700,-1.3237
2004,4,1,1,1618,-4.1605
2004,4,1,2,1538,-2.9592
2004,4,1,3,1787,-3.4318
2004,4,1,4,1848,-3.3829
2004,4,1,5,1677,-5.3835
2004,4,2,1,704,-3.7077
2004,4,2,2,666,-2.4270
2004,4,2,3,786,-2.9983
2004,4,2,4,820,-3.6644
2004,4,2,5,720,-5.2318
2004,4,3,1,640,-0.4494
2004,4,3,2,630,-0.8677
2004,4,3,3,652,0.1945
2004,4,3,4,769,-1.0063
2004,4,3,5,678,-1.6717
2004,5,1,1,1603,-1.2727
2004,5,1,2,1670,-0.8963
2004,5,1,3,1723,-1.4254
2004,5,1,4,1819,-0.7244
2004,5,1,5,1607,-0.1986
2004,5,2,1,699,1.6982
2004,5,2,2,697,0.5331
2004,5,2,3,768,1.3135
2004,5,2,4,809,1.0242
2004,5,2,5,680,1.6011
2004,5,3,1,633,2.1433
2004,5,3,2,659,0.7144
2004,5,3,3,628,0.4095
2004,5,3,4,779,1.0950
2004,5,3,5,636,1.2569
2004,6,1,1,1603,2.3152
2004,6,1,2,1647,4.1636
2004,6,1,3,1699,3.5124
2004,6,1,4,1757,4.8045
2004,6,1,5,1624,3.6633
2004,6,2,1,698,4.0906
2004,6,2,2,690,5.2401
2004,6,2,3,757,5.0667
2004,6,2,4,765,6.6676
2004,6,2,5,684,5.2815
2004,6,3,1,635,1.7629
2004,6,3,2,655,1.7395
2004,6,3,3,660,2.7032
2004,6,3,4,749,2.9606
2004,6,3,5,639,2.1427
2004,7,1,1,1588,-10.2194
2004,7,1,2,1577,-6.2760
2004,7,1,3,1558,-8.0649
2004,7,1,4,1699,-6.0352
2004,7,1,5,1564,-7.7517
2004,7,2,1,696,-8.5304
2004,7,2,2,659,-6.6944
2004,7,2,3,700,-6.9371
2004,7,2,4,750,-5.3878
2004,7,2,5,644,-5.8513
2004,7,3,1,630,-4.9838
2004,7,3,2,622,-4.1732
2004,7,3,3,629,-4.7624
2004,7,3,4,739,-3.7458
2004,7,3,5,623,-3.8539
2004,8,1,1,1676,-1.3443
2004,8,1,2,1606,-2.6937
2004,8,1,3,1460,-2.6537
2004,8,1,4,1726,-2.3413
2004,8,1,5,1508,-1.9598
2004,8,2,1,711,-2.2930
2004,8,2,2,666,-2.0051
2004,8,2,3,644,-1.4076
2004,8,2,4,765,-1.8932
2004,8,2,5,615,-1.8614
2004,8,3,1,633,-1.4842
2004,8,3,2,627,-0.0297
2004,8,3,3,558,0.1150
2004,8,3,4,758,-0.5475
2004,8,3,5,620,-0.5018
2004,9,1,1,1674,4.4107
2004,9,1,2,1628,3.9602
2004,9,1,3,1488,3.9301
2004,9,1,4,1779,4.4736
2004,9,1,5,1536,4.7969
2004,9,2,1,705,6.0433
2004,9,2,2,662,5.4838
2004,9,2,3,644,5.5538
2004,9,2,4,766,6.6091
2004,9,2,5,623,6.5934
2004,9,3,1,632,1.6117
2004,9,3,2,647,1.4759
2004,9,3,3,565,1.9454
2004,9,3,4,744,2.7109
2004,9,3,5,628,2.3539
2004,10,1,1,1663,0.8359
2004,10,1,2,1813,1.3109
2004,10,1,3,1466,0.7227
2004,10,1,4,1767,0.4258
2004,10,1,5,1532,-0.0765
2004,10,2,1,705,2.6064
2004,10,2,2,718,2.3149
2004,10,2,3,637,1.0212
2004,10,2,4,729,1.3903
2004,10,2,5,619,0.3701
2004,10,3,1,636,2.2010
2004,10,3,2,690,1.9959
2004,10,3,3,543,0.3331
2004,10,3,4,732,1.4468
2004,10,3,5,630,1.7761
2004,11,1,1,1651,9.3164
2004,11,1,2,1808,10.1637
2004,11,1,3,1501,9.7778
2004,11,1,4,1578,10.2571
2004,11,1,5,1656,10.5692
2004,11,2,1,688,8.5935
2004,11,2,2,711,9.0560
2004,11,2,3,640,8.7001
2004,11,2,4,643,9.6421
2004,11,2,5,645,10.3361
2004,11,3,1,623,3.9955
2004,11,3,2,703,4.2819
2004,11,3,3,558,5.1580
2004,11,3,4,680,5.1678
2004,11,3,5,644,5.6269
2004,12,1,1,1705,5.6471
2004,12,1,2,1847,5.5280
2004,12,1,3,1552,6.0856
2004,12,1,4,1381,4.9434
2004,12,1,5,1631,5.6499
2004,12,2,1,726,3.0280
2004,12,2,2,715,3.2682
2004,12,2,3,642,3.7270
2004,12,2,4,580,2.9188
2004,12,2,5,642,1.6781
2004,12,3,1,675,3.4709
2004,12,3,2,702,3.5778
2004,12,3,3,572,3.7775
2004,12,3,4,570,3.1432
2004,12,3,5,636,2.0183
2005,1,1,1,1664,-4.6875
2005,1,1,2,1833,-4.2244
2005,1,1,3,1600,-3.8299
2005,1,1,4,1395,-3.7804
2005,1,1,5,1677,-2.4543
2005,1,2,1,686,-4.1048
2005,1,2,2,714,-3.7110
2005,1,2,3,625,-3.5252
2005,1,2,4,588,-3.3847
2005,1,2,5,651,-1.6760
2005,1,3,1,666,-2.8628
2005,1,3,2,706,-2.1317
2005,1,3,3,579,-1.7500
2005,1,3,4,573,-1.6246
2005,1,3,5,657,-0.7338
2005,2,1,1,1671,-0.3741
2005,2,1,2,1840,1.6524
2005,2,1,3,1501,1.6313
2005,2,1,4,1315,2.3064
2005,2,1,5,1636,4.1459
2005,2,2,1,678,2.1588
2005,2,2,2,704,2.4101
2005,2,2,3,591,3.1020
2005,2,2,4,538,4.4083
2005,2,2,5,630,4.6418
2005,2,3,1,659,3.1820
2005,2,3,2,705,2.2330
2005,2,3,3,580,2.0134
2005,2,3,4,525,3.9677
2005,2,3,5,650,6.9440
2005,3,1,1,1670,-6.0649
2005,3,1,2,1669,-2.3688
2005,3,1,3,1504,-3.0394
2005,3,1,4,1423,-3.1640
2005,3,1,5,1622,-3.9895
2005,3,2,1,653,-2.8100
2005,3,2,2,637,-2.1795
2005,3,2,3,588,-1.9698
2005,3,2,4,567,-2.2144
2005,3,2,5,619,-2.3965
2005,3,3,1,656,-1.2558
2005,3,3,2,661,-1.5228
2005,3,3,3,582,-0.8898
2005,3,3,4,554,-1.2345
2005,3,3,5,651,-1.7774
2005,4,1,1,1662,-6.5349
2005,4,1,2,1705,-6.6636
2005,4,1,3,1457,-6.6312
2005,4,1,4,1415,-7.5361
2005,4,1,5,1699,-7.2258
2005,4,2,1,635,-7.0168
2005,4,2,2,660,-5.9557
2005,4,2,3,567,-5.9244
2005,4,2,4,571,-6.2342
2005,4,2,5,614,-6.4027
2005,4,3,1,648,-1.3043
2005,4,3,2,686,-3.2107
2005,4,3,3,571,-3.2067
2005,4,3,4,545,-4.0853
2005,4,3,5,649,-2.8277
2005,5,1,1,1676,5.9849
2005,5,1,2,1702,5.5613
2005,5,1,3,1593,5.4945
2005,5,1,4,1630,6.2584
2005,5,1,5,1745,4.4580
2005,5,2,1,637,7.8663
2005,5,2,2,655,7.2786
2005,5,2,3,620,7.4364
2005,5,2,4,591,7.8128
2005,5,2,5,608,6.4942
2005,5,3,1,654,3.7741
2005,5,3,2,699,3.9953
2005,5,3,3,626,3.9084
2005,5,3,4,556,4.7840
2005,5,3,5,667,3.0005
2005,6,1,1,1673,4.1190
2005,6,1,2,1877,4.2962
2005,6,1,3,1597,5.0726
2005,6,1,4,1614,5.7335
2005,6,1,5,1769,5.1294
2005,6,2,1,634,2.9128
2005,6,2,2,679,3.2540
2005,6,2,3,620,3.0570
2005,6,2,4,586,3.5669
2005,6,2,5,600,3.8942
2005,6,3,1,662,-0.8960
2005,6,3,2,726,-0.2411
2005,6,3,3,642,0.5614
2005,6,3,4,559,0.9254
2005,6,3,5,663,1.5653
2005,7,1,1,1625,8.8391
2005,7,1,2,1859,7.6140
2005,7,1,3,1568,7.2656
2005,7,1,4,1561,8.0077
2005,7,1,5,1716,8.5402
2005,7,2,1,618,7.0315
2005,7,2,2,684,6.7083
2005,7,2,3,620,6.2960
2005,7,2,4,571,7.8377
2005,7,2,5,590,6.5469
2005,7,3,1,648,4.8926
2005,7,3,2,719,5.0325
2005,7,3,3,637,5.0082
2005,7,3,4,559,5.5913
2005,7,3,5,655,4.2822
2005,8,1,1,1600,-1.6559
2005,8,1,2,1881,-1.0241
2005,8,1,3,1584,-1.2899
2005,8,1,4,1778,-1.1626
2005,8,1,5,1736,-0.0452
2005,8,2,1,622,-1.8952
2005,8,2,2,704,-0.8679
2005,8,2,3,619,-2.3565
2005,8,2,4,614,-1.6053
2005,8,2,5,610,-0.8051
2005,8,3,1,653,-0.9149
2005,8,3,2,720,-0.0635
2005,8,3,3,632,-1.5800
2005,8,3,4,626,-2.3061
2005,8,3,5,656,1.1827
2005,9,1,1,1582,0.1126
2005,9,1,2,1912,0.5931
2005,9,1,3,1693,0.4216
2005,9,1,4,1853,0.8486
2005,9,1,5,1715,2.4380
2005,9,2,1,608,0.6588
2005,9,2,2,738,0.7230
2005,9,2,3,649,0.4394
2005,9,2,4,637,0.3462
2005,9,2,5,604,2.6689
2005,9,3,1,648,0.7082
2005,9,3,2,721,0.3692
2005,9,3,3,655,0.0183
2005,9,3,4,636,0.0774
2005,9,3,5,656,3.0075
2005,10,1,1,1699,-3.1976
2005,10,1,2,1870,-4.2326
2005,10,1,3,1676,-3.1575
2005,10,1,4,1833,-4.2834
2005,10,1,5,1709,-4.5925
2005,10,2,1,644,-4.0322
2005,10,2,2,715,-4.2421
2005,10,2,3,659,-2.9069
2005,10,2,4,636,-4.4841
2005,10,2,5,605,-4.7630
2005,10,3,1,665,-1.9955
2005,10,3,2,703,-3.5609
2005,10,3,3,647,-1.4873
2005,10,3,4,631,-2.2598
2005,10,3,5,658,-5.2021
2005,11,1,1,1716,3.4356
2005,11,1,2,1866,5.4185
2005,11,1,3,1688,5.3263
2005,11,1,4,1863,4.3689
2005,11,1,5,1604,3.1329
2005,11,2,1,664,5.4006
2005,11,2,2,734,5.3747
2005,11,2,3,644,5.7702
2005,11,2,4,683,4.6615
2005,11,2,5,553,4.4387
2005,11,3,1,679,2.8542
2005,11,3,2,713,4.1010
2005,11,3,3,621,4.5913
2005,11,3,4,646,4.5439
2005,11,3,5,623,2.1500
2005,12,1,1,1689,0.3192
2005,12,1,2,1877,0.2959
2005,12,1,3,1700,0.6677
2005,12,1,4,1847,0.3307
2005,12,1,5,1634,0.4743
2005,12,2,1,638,-0.2712
2005,12,2,2,740,-0.1148
2005,12,2,3,663,-0.2863
2005,12,2,4,682,0.3402
2005,12,2,5,571,-0.4381
2005,12,3,1,671,0.4068
2005,12,3,2,732,0.1514
2005,12,3,3,626,-0.5559
2005,12,3,4,655,0.0535
2005,12,3,5,634,0.5936
2006,1,1,1,1742,10.1196
2006,1,1,2,1858,10.6057
2006,1,1,3,1696,9.5019
2006,1,1,4,1880,10.2528
2006,1,1,5,1644,11.9527
2006,1,2,1,676,8.9118
2006,1,2,2,725,10.0526
2006,1,2,3,663,8.3498
2006,1,2,4,684,9.7358
2006,1,2,5,583,10.8887
2006,1,3,1,694,3.3644
2006,1,3,2,724,3.7678
2006,1,3,3,634,2.9115
2006,1,3,4,687,3.8237
2006,1,3,5,634,5.3488
2006,2,1,1,1739,0.6644
2006,2,1,2,1852,0.5638
2006,2,1,3,1870,0.4258
2006,2,1,4,1860,0.3335
2006,2,1,5,1625,-0.9149
2006,2,2,1,677,-0.4519
2006,2,2,2,724,-0.8107
2006,2,2,3,715,-0.3389
2006,2,2,4,691,-1.2429
2006,2,2,5,579,-1.3847
2006,2,3,1,690,0.1445
2006,2,3,2,722,-0.3243
2006,2,3,3,672,0.3959
2006,2,3,4,674,-0.7550
2006,2,3,5,634,-1.6906
2006,3,1,1,1696,5.1875
2006,3,1,2,1811,4.8787
2006,3,1,3,1877,5.4489
2006,3,1,4,1855,5.3136
2006,3,1,5,1735,4.9300
2006,3,2,1,669,5.3965
2006,3,2,2,721,4.7456
2006,3,2,3,722,5.1870
2006,3,2,4,696,5.1521
2006,3,2,5,657,4.4741
2006,3,3,1,686,1.5978
2006,3,3,2,719,1.3745
2006,3,3,3,680,1.9807
2006,3,3,4,673,2.2596
2006,3,3,5,697,1.3493
2006,4,1,1,1668,0.2815
2006,4,1,2,1834,-0.3201
2006,4,1,3,1870,0.7161
2006,4,1,4,1842,0.3775
2006,4,1,5,1695,1.0196
2006,4,2,1,670,1.0925
2006,4,2,2,726,1.1218
2006,4,2,3,729,0.5141
2006,4,2,4,706,0.9733
2006,4,2,5,648,1.8512
2006,4,3,1,681,1.3669
2006,4,3,2,724,0.4057
2006,4,3,3,688,0.0115
2006,4,3,4,706,0.7297
2006,4,3,5,688,2.3586
2006,5,1,1,1592,-6.8519
2006,5,1,2,1807,-6.8610
2006,5,1,3,1807,-6.1400
2006,5,1,4,1814,-6.8535
2006,5,1,5,1555,-6.7352
2006,5,2,1,646,-5.3960
2006,5,2,2,706,-6.3970
2006,5,2,3,703,-5.5483
2006,5,2,4,691,-5.6988
2006,5,2,5,596,-5.6623
2006,5,3,1,643,-1.8556
2006,5,3,2,652,-3.3721
2006,5,3,3,661,-2.8974
2006,5,3,4,701,-3.2847
2006,5,3,5,633,-2.5408
2006,6,1,1,1641,-1.9401
2006,6,1,2,1783,-1.0901
2006,6,1,3,1766,-1.3156
2006,6,1,4,1840,-1.3104
2006,6,1,5,1302,-0.8777
2006,6,2,1,667,-0.3750
2006,6,2,2,692,-0.9260
2006,6,2,3,684,-1.3164
2006,6,2,4,711,-0.6543
2006,6,2,5,545,1.3570
2006,6,3,1,648,0.1890
2006,6,3,2,635,-0.3440
2006,6,3,3,634,-0.3197
2006,6,3,4,716,-0.1354
2006,6,3,5,589,1.0975
2006,7,1,1,1588,-4.0080
2006,7,1,2,1806,-4.5222
2006,7,1,3,1740,-4.7880
2006,7,1,4,1716,-4.9648
2006,7,1,5,1248,-3.5798
2006,7,2,1,673,-3.9051
2006,7,2,2,712,-4.2915
2006,7,2,3,685,-4.2004
2006,7,2,4,649,-4.7109
2006,7,2,5,534,-4.0717
2006,7,3,1,638,0.8107
2006,7,3,2,693,-1.5758
2006,7,3,3,626,-1.8648
2006,7,3,4,651,-1.1204
2006,7,3,5,579,0.4508
2006,8,1,1,1614,3.1081
2006,8,1,2,1776,3.3077
2006,8,1,3,1764,2.7249
2006,8,1,4,1799,2.4719
2006,8,1,5,1304,1.8308
2006,8,2,1,666,3.8337
2006,8,2,2,701,2.3698
2006,8,2,3,686,2.5817
2006,8,2,4,687,2.6972
2006,8,2,5,548,1.4824
2006,8,3,1,640,2.8174
2006,8,3,2,675,4.1979
2006,8,3,3,622,3.3629
2006,8,3,4,697,2.4070
2006,8,3,5,588,0.4893
2006,9,1,1,1612,-0.3740
2006,9,1,2,1655,0.8139
2006,9,1,3,1669,1.1571
2006,9,1,4,1808,-0.0642
2006,9,1,5,1581,-1.3817
2006,9,2,1,666,0.3023
2006,9,2,2,690,1.5339
2006,9,2,3,659,2.1945
2006,9,2,4,692,0.2877
2006,9,2,5,629,-0.3042
2006,9,3,1,651,1.3746
2006,9,3,2,667,2.6497
2006,9,3,3,593,3.1502
2006,9,3,4,688,1.7156
2006,9,3,5,641,0.1142
2006,10,1,1,1587,6.5513
2006,10,1,2,1874,6.0262
2006,10,1,3,1753,6.2588
2006,10,1,4,1823,7.0005
2006,10,1,5,1575,6.8783
2006,10,2,1,651,5.8304
2006,10,2,2,737,5.2538
2006,10,2,3,682,5.6853
2006,10,2,4,696,6.0109
2006,10,2,5,638,6.3345
2006,10,3,1,644,3.9880
2006,10,3,2,709,3.2436
2006,10,3,3,627,3.4743
2006,10,3,4,691,3.4165
2006,10,3,5,641,4.1736
2006,11,1,1,1634,2.8965
2006,11,1,2,1826,1.7089
2006,11,1,3,1741,2.1931
2006,11,1,4,1790,2.8691
2006,11,1,5,1555,3.2743
2006,11,2,1,661,2.7460
2006,11,2,2,709,2.7541
2006,11,2,3,676,2.6375
2006,11,2,4,682,3.4063
2006,11,2,5,620,3.5058
2006,11,3,1,648,2.9592
2006,11,3,2,699,2.3669
2006,11,3,3,628,2.0039
2006,11,3,4,680,2.8268
2006,11,3,5,630,3.5483
2006,12,1,1,1656,1.2214
2006,12,1,2,1833,1.6279
2006,12,1,3,1749,2.0501
2006,12,1,4,1801,1.7621
2006,12,1,5,1588,1.4603
2006,12,2,1,670,-0.5728
2006,12,2,2,706,-0.1976
2006,12,2,3,656,0.3090
2006,12,2,4,675,-0.0775
2006,12,2,5,601,-0.9395
2006,12,3,1,649,-0.1358
2006,12,3,2,683,0.1394
2006,12,3,3,633,0.4716
2006,12,3,4,675,0.2279
2006,12,3,5,632,-0.2828
2007,1,1,1,1655,1.3976
2007,1,1,2,1872,1.3380
2007,1,1,3,1775,1.2060
2007,1,1,4,1757,1.3547
2007,1,1,5,1609,1.2912
2007,1,2,1,664,2.2663
2007,1,2,2,722,1.9640
2007,1,2,3,670,2.2200
2007,1,2,4,658,2.1122
2007,1,2,5,610,2.1107
2007,1,3,1,642,1.9641
2007,1,3,2,699,2.8774
2007,1,3,3,633,3.0644
2007,1,3,4,650,2.8212
2007,1,3,5,640,2.0295
2007,2,1,1,1536,0.0143
2007,2,1,2,1857,0.1157
2007,2,1,3,1695,0.1889
2007,2,1,4,1727,0.0183
2007,2,1,5,1574,0.3271
2007,2,2,1,590,-0.2679
2007,2,2,2,717,0.1594
2007,2,2,3,646,0.2366
2007,2,2,4,639,0.1348
2007,2,2,5,604,0.2318
2007,2,3,1,563,-1.4953
2007,2,3,2,704,-1.1250
2007,2,3,3,598,-0.9611
2007,2,3,4,639,-1.1523
2007,2,3,5,633,-0.5706
2007,3,1,1,1547,1.1467
2007,3,1,2,1807,0.7937
2007,3,1,3,1693,0.6998
2007,3,1,4,1751,0.1601
2007,3,1,5,1453,0.8008
2007,3,2,1,602,1.2267
2007,3,2,2,700,2.0075
2007,3,2,3,658,1.8026
2007,3,2,4,654,1.0578
2007,3,2,5,535,2.0836
2007,3,3,1,576,1.6768
2007,3,3,2,694,1.1469
2007,3,3,3,638,0.8774
2007,3,3,4,657,0.6870
2007,3,3,5,561,2.6463
2007,4,1,1,1688,2.4081
2007,4,1,2,1817,1.9717
2007,4,1,3,1668,2.0929
2007,4,1,4,1720,2.0287
2007,4,1,5,1438,2.5761
2007,4,2,1,675,3.1998
2007,4,2,2,713,2.7701
2007,4,2,3,638,2.3628
2007,4,2,4,659,2.6165
2007,4,2,5,531,3.4216
2007,4,3,1,651,5.1952
2007,4,3,2,696,4.1460
2007,4,3,3,624,3.9085
2007,4,3,4,663,4.3715
2007,4,3,5,561,4.7801
2007,5,1,1,1632,2.7935
2007,5,1,2,1776,2.9358
2007,5,1,3,1628,3.2761
2007,5,1,4,1695,3.2276
2007,5,1,5,1405,4.1894
2007,5,2,1,662,4.3226
2007,5,2,2,699,4.5746
2007,5,2,3,628,4.8902
2007,5,2,4,659,5.1730
2007,5,2,5,522,4.0341
2007,5,3,1,638,3.8473
2007,5,3,2,671,3.3974
2007,5,3,3,629,3.5384
2007,5,3,4,654,4.2018
2007,5,3,5,554,4.1838
2007,6,1,1,1633,-0.6935
2007,6,1,2,1770,-0.2783
2007,6,1,3,1617,0.4307
2007,6,1,4,1670,0.1121
2007,6,1,5,1422,0.8500
2007,6,2,1,662,-1.1111
2007,6,2,2,697,-0.7769
2007,6,2,3,629,-0.5634
2007,6,2,4,651,-1.0611
2007,6,2,5,537,-1.2586
2007,6,3,1,634,-1.4013
2007,6,3,2,666,-1.1520
2007,6,3,3,621,-1.1388
2007,6,3,4,650,-1.2663
2007,6,3,5,567,-0.9326
2007,7,1,1,1592,-5.8423
2007,7,1,2,1733,-5.9700
2007,7,1,3,1456,-5.7604
2007,7,1,4,1671,-5.6199
2007,7,1,5,1385,-4.9720
2007,7,2,1,640,-5.1128
2007,7,2,2,685,-5.1353
2007,7,2,3,610,-4.8294
2007,7,2,4,660,-5.1374
2007,7,2,5,531,-4.9316
2007,7,3,1,620,-2.5734
2007,7,3,2,657,-2.4900
2007,7,3,3,600,-1.3729
2007,7,3,4,647,-1.6412
2007,7,3,5,557,-1.2242
2007,8,1,1,1582,0.0664
2007,8,1,2,1756,-0.6497
2007,8,1,3,1509,-0.4234
2007,8,1,4,1700,-1.1171
2007,8,1,5,1214,-0.0235
2007,8,2,1,630,1.6668
2007,8,2,2,692,0.6787
2007,8,2,3,616,1.4434
2007,8,2,4,669,0.1107
2007,8,2,5,495,1.4254
2007,8,3,1,617,1.6511
2007,8,3,2,649,1.5981
2007,8,3,3,602,1.1594
2007,8,3,4,658,0.7388
2007,8,3,5,514,1.6466
2007,9,1,1,1573,1.3361
2007,9,1,2,1718,1.3356
2007,9,1,3,1511,0.9943
2007,9,1,4,1631,1.4710
2007,9,1,5,1418,2.0659
2007,9,2,1,623,1.4019
2007,9,2,2,674,1.8274
2007,9,2,3,611,1.5207
2007,9,2,4,633,0.2193
2007,9,2,5,540,2.1401
2007,9,3,1,604,3.5328
2007,9,3,2,637,3.3793
2007,9,3,3,604,4.0652
2007,9,3,4,633,4.1996
2007,9,3,5,561,5.2732
2007,10,1,1,1572,2.3234
2007,10,1,2,1710,2.3624
2007,10,1,3,1727,2.1132
2007,10,1,4,1514,1.8663
2007,10,1,5,1302,2.3087
2007,10,2,1,632,2.8047
2007,10,2,2,677,3.6910
2007,10,2,3,685,3.2035
2007,10,2,4,612,3.1561
2007,10,2,5,505,3.5646
2007,10,3,1,600,2.7660
2007,10,3,2,639,3.3272
2007,10,3,3,663,2.8531
2007,10,3,4,607,2.6301
2007,10,3,5,528,3.1504
2007,11,1,1,1531,-8.5407
2007,11,1,2,1725,-8.8626
2007,11,1,3,1726,-9.0226
2007,11,1,4,1537,-9.4198
2007,11,1,5,1294,-9.2060
2007,11,2,1,614,-6.5606
2007,11,2,2,683,-7.1296
2007,11,2,3,679,-6.3394
2007,11,2,4,605,-7.1080
2007,11,2,5,512,-6.2283
2007,11,3,1,575,-3.7291
2007,11,3,2,630,-3.8896
2007,11,3,3,652,-3.0520
2007,11,3,4,577,-4.3454
2007,11,3,5,526,-2.7345
2007,12,1,1,1487,-0.5259
2007,12,1,2,1624,-0.4051
2007,12,1,3,1734,0.2289
2007,12,1,4,1460,1.2474
2007,12,1,5,1220,0.9753
2007,12,2,1,614,-0.5125
2007,12,2,2,660,-0.0081
2007,12,2,3,697,0.2355
2007,12,2,4,596,-0.0410
2007,12,2,5,494,0.7423
2007,12,3,1,557,-0.2127
2007,12,3,2,605,-0.4570
2007,12,3,3,680,0.1792
2007,12,3,4,551,0.8709
2007,12,3,5,528,1.3135
2008,1,1,1,1435,-8.3963
2008,1,1,2,1579,-8.2682
2008,1,1,3,1622,-9.3244
2008,1,1,4,1395,-9.6737
2008,1,1,5,1168,-8.9717
2008,1,2,1,596,-6.5870
2008,1,2,2,659,-6.9388
2008,1,2,3,650,-7.0906
2008,1,2,4,590,-7.5153
2008,1,2,5,478,-8.0504
2008,1,3,1,537,-4.9664
2008,1,3,2,590,-4.8219
2008,1,3,3,614,-6.2103
2008,1,3,4,531,-6.9406
2008,1,3,5,503,-8.0977
2008,2,1,1,1470,-4.3440
2008,2,1,2,1582,-3.4472
2008,2,1,3,1591,-3.0359
2008,2,1,4,1560,-1.9459
2008,2,1,5,1180,-1.4641
2008,2,2,1,626,-3.6881
2008,2,2,2,667,-2.1821
2008,2,2,3,655,-2.4605
2008,2,2,4,665,-2.2859
2008,2,2,5,486,-0.6315
2008,2,3,1,549,-3.2817
2008,2,3,2,617,-2.0443
2008,2,3,3,611,-0.4359
2008,2,3,4,599,-0.2332
2008,2,3,5,502,1.3701
2008,3,1,1,1449,-0.8560
2008,3,1,2,1632,-1.8858
2008,3,1,3,1581,-1.7421
2008,3,1,4,1540,-1.5416
2008,3,1,5,1170,-0.6411
2008,3,2,1,609,0.4017
2008,3,2,2,677,-0.1089
2008,3,2,3,649,0.0641
2008,3,2,4,662,0.6480
2008,3,2,5,480,0.2494
2008,3,3,1,548,0.2570
2008,3,3,2,617,-0.1362
2008,3,3,3,571,0.3871
2008,3,3,4,604,-0.4786
2008,3,3,5,507,-0.7784
2008,4,1,1,1445,2.3143
2008,4,1,2,1624,1.8563
2008,4,1,3,1583,2.6069
2008,4,1,4,1587,2.6669
2008,4,1,5,1167,3.5557
2008,4,2,1,613,4.6396
2008,4,2,2,673,4.3725
2008,4,2,3,658,3.5544
2008,4,2,4,674,5.3666
2008,4,2,5,488,4.8855
2008,4,3,1,552,5.4214
2008,4,3,2,625,4.7993
2008,4,3,3,586,3.8406
2008,4,3,4,622,6.2088
2008,4,3,5,510,5.7479
2008,5,1,1,1448,4.8776
2008,5,1,2,1582,4.7796
2008,5,1,3,1562,4.8143
2008,5,1,4,1531,5.2304
2008,5,1,5,1150,7.8231
2008,5,2,1,620,4.2004
2008,5,2,2,673,5.0737
2008,5,2,3,667,6.2683
2008,5,2,4,656,6.8270
2008,5,2,5,493,6.5846
2008,5,3,1,546,3.0562
2008,5,3,2,611,2.7043
2008,5,3,3,587,3.7372
2008,5,3,4,616,3.9874
2008,5,3,5,513,3.3766
2008,6,1,1,1334,-7.9094
2008,6,1,2,1386,-7.7916
2008,6,1,3,1534,-7.9322
2008,6,1,4,1514,-7.5682
2008,6,1,5,1134,-5.3034
2008,6,2,1,571,-8.4463
2008,6,2,2,621,-8.3658
2008,6,2,3,663,-8.6365
2008,6,2,4,662,-7.0897
2008,6,2,5,490,-5.3723
2008,6,3,1,507,-7.3765
2008,6,3,2,557,-6.9417
2008,6,3,3,573,-7.0333
2008,6,3,4,635,-6.2671
2008,6,3,5,513,-4.3108
2008,7,1,1,1309,4.1271
2008,7,1,2,1368,3.2136
2008,7,1,3,1525,3.4326
2008,7,1,4,1429,2.0979
2008,7,1,5,1106,0.7849
2008,7,2,1,579,3.1520
2008,7,2,2,618,2.0260
2008,7,2,3,665,2.3858
2008,7,2,4,646,0.4215
2008,7,2,5,495,-2.0213
2008,7,3,1,497,-0.3824
2008,7,3,2,554,-0.9169
2008,7,3,3,580,0.2297
2008,7,3,4,629,-2.1329
2008,7,3,5,516,-4.3885
2008,8,1,1,1406,3.5836
2008,8,1,2,1643,3.6943
2008,8,1,3,1589,2.2770
2008,8,1,4,1558,1.7770
2008,8,1,5,1271,1.0092
2008,8,2,1,637,4.3245
2008,8,2,2,706,4.0442
2008,8,2,3,690,4.6039
2008,8,2,4,710,4.6420
2008,8,2,5,546,1.7608
2008,8,3,1,566,2.8298
2008,8,3,2,614,3.1804
2008,8,3,3,610,1.9469
2008,8,3,4,664,1.9770
2008,8,3,5,539,0.4752
2008,9,1,1,1459,-10.2412
2008,9,1,2,1659,-9.7075
2008,9,1,3,1601,-10.4119
2008,9,1,4,1715,-11.5924
2008,9,1,5,1123,-12.4744
2008,9,2,1,654,-9.3156
2008,9,2,2,717,-9.8086
2008,9,2,3,695,-11.2952
2008,9,2,4,763,-11.9321
2008,9,2,5,510,-11.1462
2008,9,3,1,592,-8.4862
2008,9,3,2,643,-9.5936
2008,9,3,3,611,-9.9409
2008,9,3,4,714,-11.4011
2008,9,3,5,513,-9.8971
2008,10,1,1,1464,-22.3647
2008,10,1,2,1681,-22.2777
2008,10,1,3,1625,-24.0730
2008,10,1,4,1741,-24.7258
2008,10,1,5,1205,-23.4786
2008,10,2,1,658,-21.2002
2008,10,2,2,733,-21.5330
2008,10,2,3,700,-22.9561
2008,10,2,4,773,-23.4838
2008,10,2,5,562,-20.9284
2008,10,3,1,596,-16.1849
2008,10,3,2,659,-16.1609
2008,10,3,3,609,-17.0566
2008,10,3,4,717,-17.6419
2008,10,3,5,554,-14.6296
2008,11,1,1,1479,-15.2989
2008,11,1,2,1698,-14.6361
2008,11,1,3,1730,-14.2763
2008,11,1,4,1728,-15.0770
2008,11,1,5,1245,-15.9850
2008,11,2,1,678,-13.3107
2008,11,2,2,757,-12.7338
2008,11,2,3,760,-11.4479
2008,11,2,4,791,-13.4835
2008,11,2,5,598,-12.5884
2008,11,3,1,599,-5.9965
2008,11,3,2,676,-7.1490
2008,11,3,3,711,-7.6913
2008,11,3,4,718,-7.4215
2008,11,3,5,588,-4.0519
2008,12,1,1,1501,5.0228
2008,12,1,2,1745,3.6994
2008,12,1,3,1711,5.1483
2008,12,1,4,1783,4.2710
2008,12,1,5,1281,3.1530
2008,12,2,1,703,6.1934
2008,12,2,2,793,5.0420
2008,12,2,3,751,5.3156
2008,12,2,4,841,5.4714
2008,12,2,5,627,4.7121
2008,12,3,1,623,2.4749
2008,12,3,2,698,2.4590
2008,12,3,3,693,2.0467
2008,12,3,4,725,2.1452
2008,12,3,5,599,0.9495
2009,1,1,1,1495,-8.6217
2009,1,1,2,1752,-8.8259
2009,1,1,3,1718,-8.8626
2009,1,1,4,1767,-8.0464
2009,1,1,5,1296,-8.3593
2009,1,2,1,708,-9.4632
2009,1,2,2,828,-8.3387
2009,1,2,3,776,-7.9564
2009,1,2,4,847,-9.1142
2009,1,2,5,632,-8.9109
2009,1,3,1,632,-5.5184
2009,1,3,2,707,-5.7616
2009,1,3,3,704,-5.8052
2009,1,3,4,721,-5.2798
2009,1,3,5,610,-5.7440
2009,2,1,1,1379,-14.3932
2009,2,1,2,1742,-12.1221
2009,2,1,3,1680,-12.3687
2009,2,1,4,1719,-13.0227
2009,2,1,5,1477,-15.1877
2009,2,2,1,655,-12.8278
2009,2,2,2,846,-10.7117
2009,2,2,3,769,-9.7935
2009,2,2,4,819,-11.4589
2009,2,2,5,728,-12.9099
2009,2,3,1,605,-9.2751
2009,2,3,2,703,-7.6011
2009,2,3,3,684,-8.2656
2009,2,3,4,666,-8.3805
2009,2,3,5,685,-10.2364
2009,3,1,1,1326,10.0819
2009,3,1,2,1734,11.5683
2009,3,1,3,1676,9.8850
2009,3,1,4,1719,10.2296
2009,3,1,5,1548,9.8183
2009,3,2,1,618,10.5441
2009,3,2,2,864,10.7209
2009,3,2,3,772,10.0840
2009,3,2,4,838,10.3198
2009,3,2,5,798,9.2047
2009,3,3,1,584,7.9880
2009,3,3,2,711,8.8531
2009,3,3,3,692,8.4697
2009,3,3,4,730,8.1590
2009,3,3,5,718,7.6205
2009,4,1,1,1259,25.3244
2009,4,1,2,1731,22.5473
2009,4,1,3,1550,22.1350
2009,4,1,4,1716,22.5042
2009,4,1,5,1532,20.8789
2009,4,2,1,619,22.4185
2009,4,2,2,868,21.7217
2009,4,2,3,743,21.0000
2009,4,2,4,848,22.9985
2009,4,2,5,794,18.3661
2009,4,3,1,589,8.9421
2009,4,3,2,711,10.3969
2009,4,3,3,642,11.3555
2009,4,3,4,735,10.9633
2009,4,3,5,722,7.4220
2009,5,1,1,1283,7.2851
2009,5,1,2,1706,8.6746
2009,5,1,3,1532,8.5675
2009,5,1,4,1724,8.4376
2009,5,1,5,1517,9.7620
2009,5,2,1,649,4.6819
2009,5,2,2,871,4.0797
2009,5,2,3,744,2.5610
2009,5,2,4,854,3.9882
2009,5,2,5,807,4.0687
2009,5,3,1,626,4.5811
2009,5,3,2,716,4.0387
2009,5,3,3,644,3.0190
2009,5,3,4,736,4.3912
2009,5,3,5,727,3.8851
2009,6,1,1,1473,4.9788
2009,6,1,2,1650,5.9845
2009,6,1,3,1662,5.8062
2009,6,1,4,1720,5.4855
2009,6,1,5,1496,5.6875
2009,6,2,1,765,1.2153
2009,6,2,2,860,1.6483
2009,6,2,3,804,1.9696
2009,6,2,4,856,2.1900
2009,6,2,5,796,1.6533
2009,6,3,1,703,0.2708
2009,6,3,2,708,0.5825
2009,6,3,3,699,1.4939
2009,6,3,4,719,0.3770
2009,6,3,5,723,0.6783
2009,7,1,1,1313,12.6907
2009,7,1,2,1584,10.7987
2009,7,1,3,1557,11.5614
2009,7,1,4,1562,11.2192
2009,7,1,5,1468,11.6492
2009,7,2,1,705,11.7232
2009,7,2,2,843,10.4785
2009,7,2,3,774,10.5210
2009,7,2,4,805,9.9975
2009,7,2,5,807,9.3177
2009,7,3,1,649,7.8780
2009,7,3,2,697,7.5712
2009,7,3,3,683,7.2787
2009,7,3,4,685,7.5950
2009,7,3,5,720,7.6239
2009,8,1,1,1408,6.5399
2009,8,1,2,1557,5.0079
2009,8,1,3,1585,4.5953
2009,8,1,4,1551,4.8640
2009,8,1,5,1445,6.1574
2009,8,2,1,730,3.5296
2009,8,2,2,824,2.8969
2009,8,2,3,800,3.0103
2009,8,2,4,810,3.2713
2009,8,2,5,796,3.4260
2009,8,3,1,655,1.7135
2009,8,3,2,683,2.9082
2009,8,3,3,713,2.6341
2009,8,3,4,699,2.4230
2009,8,3,5,714,2.1788
2009,9,1,1,1462,8.7561
2009,9,1,2,1591,8.4464
2009,9,1,3,1590,9.1748
2009,9,1,4,1522,9.1004
2009,9,1,5,1409,7.5252
2009,9,2,1,745,7.4086
2009,9,2,2,837,7.5736
2009,9,2,3,798,6.7841
2009,9,2,4,794,6.8690
2009,9,2,5,782,7.4711
2009,9,3,1,679,4.0165
2009,9,3,2,692,4.5791
2009,9,3,3,709,3.9399
2009,9,3,4,707,4.9534
2009,9,3,5,703,4.1636
2009,10,1,1,1455,-9.7674
2009,10,1,2,1602,-8.2427
2009,10,1,3,1412,-7.7540
2009,10,1,4,1517,-8.3144
2009,10,1,5,1383,-9.0765
2009,10,2,1,735,-7.3545
2009,10,2,2,818,-6.3649
2009,10,2,3,756,-6.0869
2009,10,2,4,792,-6.6837
2009,10,2,5,766,-6.4573
2009,10,3,1,668,-1.5449
2009,10,3,2,694,-0.7930
2009,10,3,3,673,-1.3169
2009,10,3,4,707,-1.8083
2009,10,3,5,704,-1.2621
2009,11,1,1,1423,2.4868
2009,11,1,2,1610,1.3274
2009,11,1,3,1403,1.2127
2009,11,1,4,1454,1.8898
2009,11,1,5,1338,1.8165
2009,11,2,1,726,3.5897
2009,11,2,2,815,2.7663
2009,11,2,3,744,2.9795
2009,11,2,4,777,3.5368
2009,11,2,5,742,3.0300
2009,11,3,1,663,5.7898
2009,11,3,2,694,6.3277
2009,11,3,3,658,5.9217
2009,11,3,4,697,6.2115
2009,11,3,5,696,5.5572
2009,12,1,1,1425,9.1763
2009,12,1,2,1597,9.4294
2009,12,1,3,1398,9.7277
2009,12,1,4,1406,8.6837
2009,12,1,5,1303,9.1423
2009,12,2,1,724,8.6174
2009,12,2,2,803,8.3943
2009,12,2,3,746,8.6078
2009,12,2,4,733,8.6539
2009,12,2,5,720,8.5139
2009,12,3,1,651,3.1716
2009,12,3,2,692,3.0741
2009,12,3,3,652,3.7173
2009,12,3,4,684,4.3869
2009,12,3,5,677,2.6299
2010,1,1,1,1408,-4.4204
2010,1,1,2,1491,-3.5248
2010,1,1,3,1375,-3.6145
2010,1,1,4,1500,-3.5445
2010,1,1,5,1266,-3.8530
2010,1,2,1,717,-3.9935
2010,1,2,2,750,-3.2938
2010,1,2,3,734,-3.5851
2010,1,2,4,763,-4.0330
2010,1,2,5,707,-4.1480
2010,1,3,1,659,-4.2220
2010,1,3,2,675,-4.5447
2010,1,3,3,648,-4.5770
2010,1,3,4,715,-5.1490
2010,1,3,5,666,-4.8809
2010,2,1,1,1380,5.1964
2010,2,1,2,1578,5.1738
2010,2,1,3,1382,5.5520
2010,2,1,4,1489,4.5200
2010,2,1,5,1384,5.8965
2010,2,2,1,700,5.0107
2010,2,2,2,790,4.8276
2010,2,2,3,728,4.9924
2010,2,2,4,750,4.3769
2010,2,2,5,757,5.6099
2010,2,3,1,648,3.2468
2010,2,3,2,711,3.9439
2010,2,3,3,664,3.3975
2010,2,3,4,707,3.4895
2010,2,3,5,704,3.5363
2010,3,1,1,1361,8.1848
2010,3,1,2,1568,8.0963
2010,3,1,3,1369,8.3659
2010,3,1,4,1550,7.9824
2010,3,1,5,1299,9.0911
2010,3,2,1,686,7.6478
2010,3,2,2,775,7.9678
2010,3,2,3,721,8.2041
2010,3,2,4,762,7.8980
2010,3,2,5,675,8.7110
2010,3,3,1,631,5.3172
2010,3,3,2,704,5.8507
2010,3,3,3,660,5.6282
2010,3,3,4,715,5.8084
2010,3,3,5,650,6.1509
2010,4,1,1,1330,7.7680
2010,4,1,2,1549,8.1534
2010,4,1,3,1364,8.8558
2010,4,1,4,1538,8.8455
2010,4,1,5,1294,9.2859
2010,4,2,1,666,5.8577
2010,4,2,2,750,6.1188
2010,4,2,3,691,6.3580
2010,4,2,4,746,5.3960
2010,4,2,5,660,6.1356
2010,4,3,1,608,0.8837
2010,4,3,2,696,2.8387
2010,4,3,3,651,2.4043
2010,4,3,4,710,1.8042
2010,4,3,5,645,2.2953
2010,5,1,1,1303,-9.1154
2010,5,1,2,1471,-8.6408
2010,5,1,3,1361,-8.6542
2010,5,1,4,1523,-8.1417
2010,5,1,5,1284,-9.2819
2010,5,2,1,653,-8.3808
2010,5,2,2,718,-6.9936
2010,5,2,3,684,-7.3452
2010,5,2,4,745,-6.5104
2010,5,2,5,647,-7.7690
2010,5,3,1,607,-7.4536
2010,5,3,2,658,-7.6817
2010,5,3,3,658,-7.2432
2010,5,3,4,706,-7.2994
2010,5,3,5,646,-7.5874
2010,6,1,1,1241,-8.3263
2010,6,1,2,1455,-8.5520
2010,6,1,3,1290,-8.7300
2010,6,1,4,1529,-7.2825
2010,6,1,5,1325,-9.9283
2010,6,2,1,599,-6.5850
2010,6,2,2,694,-7.8465
2010,6,2,3,662,-8.7280
2010,6,2,4,745,-7.2560
2010,6,2,5,662,-8.4336
2010,6,3,1,593,-4.0748
2010,6,3,2,657,-5.6936
2010,6,3,3,655,-6.1101
2010,6,3,4,704,-5.3511
2010,6,3,5,648,-5.6293
2010,7,1,1,1237,7.7723
2010,7,1,2,1452,7.6560
2010,7,1,3,1320,7.3196
2010,7,1,4,1437,5.8775
2010,7,1,5,1255,7.5251
2010,7,2,1,599,7.1410
2010,7,2,2,702,8.1008
2010,7,2,3,684,7.3822
2010,7,2,4,695,6.9234
2010,7,2,5,628,7.3670
2010,7,3,1,595,7.0435
2010,7,3,2,680,8.1759
2010,7,3,3,666,6.9309
2010,7,3,4,694,7.6988
2010,7,3,5,637,7.5119
2010,8,1,1,1259,-9.1407
2010,8,1,2,1456,-9.0481
2010,8,1,3,1317,-9.1163
2010,8,1,4,1412,-8.7739
2010,8,1,5,1259,-9.4304
2010,8,2,1,611,-6.2089
2010,8,2,2,689,-6.4592
2010,8,2,3,672,-7.1697
2010,8,2,4,664,-6.7460
2010,8,2,5,618,-7.5020
2010,8,3,1,596,-3.4852
2010,8,3,2,669,-4.6327
2010,8,3,3,658,-3.6726
2010,8,3,4,678,-3.9563
2010,8,3,5,643,-3.6715
2010,9,1,1,1301,11.8728
2010,9,1,2,1471,12.6794
2010,9,1,3,1308,13.0482
2010,9,1,4,1426,12.8137
2010,9,1,5,1273,12.0021
2010,9,2,1,617,13.4545
2010,9,2,2,684,14.1745
2010,9,2,3,669,13.6089
2010,9,2,4,668,13.7536
2010,9,2,5,615,13.1535
2010,9,3,1,621,9.3534
2010,9,3,2,654,10.7128
2010,9,3,3,655,10.3929
2010,9,3,4,694,10.0972
2010,9,3,5,646,8.8817
2010,10,1,1,1354,4.8019
2010,10,1,2,1512,6.4467
2010,10,1,3,1282,4.8985
2010,10,1,4,1404,5.4161
2010,10,1,5,1462,5.4061
2010,10,2,1,642,3.5862
2010,10,2,2,710,4.1560
2010,10,2,3,656,3.7672
2010,10,2,4,659,3.9272
2010,10,2,5,700,3.6776
2010,10,3,1,639,4.7342
2010,10,3,2,700,4.8254
2010,10,3,3,644,4.3329
2010,10,3,4,683,4.8473
2010,10,3,5,722,4.3948
2010,11,1,1,1357,4.4594
2010,11,1,2,1537,4.3707
2010,11,1,3,1291,4.2835
2010,11,1,4,1386,4.2264
2010,11,1,5,1432,4.0142
2010,11,2,1,649,4.1507
2010,11,2,2,718,4.9434
2010,11,2,3,666,5.4039
2010,11,2,4,661,3.5294
2010,11,2,5,681,4.5160
2010,11,3,1,636,-0.6412
2010,11,3,2,712,1.7113
2010,11,3,3,645,1.7551
2010,11,3,4,665,0.0298
2010,11,3,5,693,0.3679
2010,12,1,1,1335,9.8453
2010,12,1,2,1550,9.5039
2010,12,1,3,1291,8.6842
2010,12,1,4,1389,8.3359
2010,12,1,5,1446,9.1903
2010,12,2,1,641,7.9796
2010,12,2,2,738,6.9214
2010,12,2,3,665,6.9971
2010,12,2,4,658,6.5604
2010,12,2,5,707,7.5068
2010,12,3,1,632,5.9331
2010,12,3,2,735,6.4677
2010,12,3,3,653,6.3528
2010,12,3,4,670,5.8754
2010,12,3,5,719,5.8280
2011,1,1,1,1336,-1.7120
2011,1,1,2,1503,-0.7986
2011,1,1,3,1286,-1.4601
2011,1,1,4,1364,-1.2116
2011,1,1,5,1430,-1.0143
2011,1,2,1,647,0.3916
2011,1,2,2,719,1.3626
2011,1,2,3,668,0.8234
2011,1,2,4,649,1.1321
2011,1,2,5,696,0.6743
2011,1,3,1,631,1.3676
2011,1,3,2,694,2.9762
2011,1,3,3,660,2.3149
2011,1,3,4,675,2.4157
2011,1,3,5,716,2.4224
2011,2,1,1,1332,5.3645
2011,2,1,2,1524,5.2300
2011,2,1,3,1270,4.9984
2011,2,1,4,1334,4.5542
2011,2,1,5,1391,5.4743
2011,2,2,1,645,5.2758
2011,2,2,2,719,6.2402
2011,2,2,3,672,5.8040
2011,2,2,4,635,4.8789
2011,2,2,5,675,6.2675
2011,2,3,1,636,4.2681
2011,2,3,2,699,3.2896
2011,2,3,3,667,3.7615
2011,2,3,4,665,2.8912
2011,2,3,5,711,3.9974
2011,3,1,1,1294,2.0396
2011,3,1,2,1527,2.8401
2011,3,1,3,1274,2.4166
2011,3,1,4,1406,2.7348
2011,3,1,5,1409,2.0038
2011,3,2,1,628,2.7475
2011,3,2,2,720,3.9134
2011,3,2,3,678,3.3299
2011,3,2,4,680,2.6299
2011,3,2,5,688,3.5785
2011,3,3,1,629,0.8034
2011,3,3,2,694,1.1568
2011,3,3,3,673,0.9202
2011,3,3,4,688,0.9193
2011,3,3,5,717,1.0486
2011,4,1,1,1325,0.9674
2011,4,1,2,1519,1.4525
2011,4,1,3,1269,1.3987
2011,4,1,4,1415,1.0928
2011,4,1,5,1326,1.4111
2011,4,2,1,644,2.5448
2011,4,2,2,723,2.7522
2011,4,2,3,672,2.3785
2011,4,2,4,706,2.4309
2011,4,2,5,653,2.4043
2011,4,3,1,643,3.6611
2011,4,3,2,691,3.4403
2011,4,3,3,663,2.9924
2011,4,3,4,698,3.2473
2011,4,3,5,665,3.3700
2011,5,1,1,1304,-1.7312
2011,5,1,2,1454,-2.6775
2011,5,1,3,1253,-2.9320
2011,5,1,4,1406,-2.6162
2011,5,1,5,1295,-2.0346
2011,5,2,1,639,-1.0556
2011,5,2,2,707,-1.7968
2011,5,2,3,669,-1.6727
2011,5,2,4,717,-1.4586
2011,5,2,5,644,-1.9678
2011,5,3,1,652,-0.4651
2011,5,3,2,673,-1.2174
2011,5,3,3,668,-1.2465
2011,5,3,4,712,-0.8031
2011,5,3,5,655,-0.8228
2011,6,1,1,1305,-3.4457
2011,6,1,2,1419,-2.2722
2011,6,1,3,1274,-2.4501
2011,6,1,4,1267,-2.7998
2011,6,1,5,1311,-3.5646
2011,6,2,1,643,-1.7286
2011,6,2,2,698,-1.3305
2011,6,2,3,677,-1.6040
2011,6,2,4,674,-1.2185
2011,6,2,5,648,-1.5208
2011,6,3,1,660,-1.6213
2011,6,3,2,661,-1.2595
2011,6,3,3,678,-1.6807
2011,6,3,4,679,-1.1955
2011,6,3,5,679,-1.4778
2011,7,1,1,1268,-3.5091
2011,7,1,2,1384,-2.6898
2011,7,1,3,1194,-2.5278
2011,7,1,4,1352,-2.4784
2011,7,1,5,1250,-3.5568
2011,7,2,1,648,-4.5835
2011,7,2,2,697,-3.7369
2011,7,2,3,633,-3.6993
2011,7,2,4,690,-4.3269
2011,7,2,5,638,-4.4052
2011,7,3,1,658,-1.2731
2011,7,3,2,653,-1.8055
2011,7,3,3,639,-1.1909
2011,7,3,4,687,-2.6306
2011,7,3,5,665,-1.8183
2011,8,1,1,1216,-11.1808
2011,8,1,2,1423,-10.9345
2011,8,1,3,1211,-10.7432
2011,8,1,4,1359,-10.4037
2011,8,1,5,1271,-11.6485
2011,8,2,1,617,-8.1571
2011,8,2,2,695,-8.8297
2011,8,2,3,646,-9.2794
2011,8,2,4,679,-8.4829
2011,8,2,5,649,-8.2085
2011,8,3,1,636,-5.0698
2011,8,3,2,652,-4.9819
2011,8,3,3,638,-5.2343
2011,8,3,4,665,-4.3818
2011,8,3,5,673,-4.9821
2011,9,1,1,1210,-12.2938
2011,9,1,2,1423,-11.4999
2011,9,1,3,1242,-11.4462
2011,9,1,4,1387,-10.9864
2011,9,1,5,1316,-12.5631
2011,9,2,1,605,-11.2458
2011,9,2,2,694,-11.0562
2011,9,2,3,657,-11.9421
2011,9,2,4,681,-10.7396
2011,9,2,5,647,-11.4943
2011,9,3,1,640,-6.7445
2011,9,3,2,647,-6.8265
2011,9,3,3,640,-8.2198
2011,9,3,4,670,-6.6342
2011,9,3,5,678,-6.3334
2011,10,1,1,1196,14.3659
2011,10,1,2,1415,14.6278
2011,10,1,3,1246,13.4666
2011,10,1,4,1397,13.3629
2011,10,1,5,1325,14.7324
2011,10,2,1,602,15.5058
2011,10,2,2,696,16.2433
2011,10,2,3,659,15.4854
2011,10,2,4,669,15.4921
2011,10,2,5,655,15.5741
2011,10,3,1,622,11.1730
2011,10,3,2,631,11.9102
2011,10,3,3,645,11.4731
2011,10,3,4,668,10.5427
2011,10,3,5,687,10.1233
2011,11,1,1,1193,-1.9322
2011,11,1,2,1457,-1.3268
2011,11,1,3,1289,-2.5365
2011,11,1,4,1406,-0.6000
2011,11,1,5,1307,-1.4134
2011,11,2,1,590,-0.2852
2011,11,2,2,722,0.0652
2011,11,2,3,678,-0.5272
2011,11,2,4,661,0.0078
2011,11,2,5,654,-0.7946
2011,11,3,1,620,0.2909
2011,11,3,2,659,0.1524
2011,11,3,3,668,0.6222
2011,11,3,4,661,0.2470
2011,11,3,5,683,0.7466
2011,12,1,1,1213,0.4563
2011,12,1,2,1424,1.1483
2011,12,1,3,1267,1.1342
2011,12,1,4,1451,0.8484
2011,12,1,5,1241,0.5724
2011,12,2,1,595,-0.5461
2011,12,2,2,704,-0.4593
2011,12,2,3,676,0.0769
2011,12,2,4,694,0.3512
2011,12,2,5,618,0.1574
2011,12,3,1,617,0.2887
2011,12,3,2,654,-0.5312
2011,12,3,3,663,0.1235
2011,12,3,4,701,0.5998
2011,12,3,5,660,1.6936
2012,1,1,1,1190,9.1049
2012,1,1,2,1421,8.1194
2012,1,1,3,1253,7.9795
2012,1,1,4,1428,9.0433
2012,1,1,5,1252,10.8163
2012,1,2,1,582,7.2186
2012,1,2,2,702,7.3298
2012,1,2,3,659,6.4054
2012,1,2,4,669,7.5657
2012,1,2,5,651,7.0921
2012,1,3,1,607,4.4037
2012,1,3,2,643,6.1121
2012,1,3,3,653,4.3165
2012,1,3,4,636,4.9306
2012,1,3,5,664,2.9729
2012,2,1,1,1252,2.0773
2012,2,1,2,1414,2.2557
2012,2,1,3,1237,2.4875
2012,2,1,4,1425,2.2937
2012,2,1,5,1269,1.7223
2012,2,2,1,618,3.2273
2012,2,2,2,710,3.7712
2012,2,2,3,638,3.3349
2012,2,2,4,684,3.9462
2012,2,2,5,651,2.8882
2012,2,3,1,638,4.8792
2012,2,3,2,694,3.9955
2012,2,3,3,643,4.2576
2012,2,3,4,638,3.7685
2012,2,3,5,670,4.1238
2012,3,1,1,1228,2.3682
2012,3,1,2,1432,3.1283
2012,3,1,3,1171,3.4312
2012,3,1,4,1410,3.3423
2012,3,1,5,1245,2.8037
2012,3,2,1,609,1.5829
2012,3,2,2,718,2.2508
2012,3,2,3,602,2.4633
2012,3,2,4,680,2.7724
2012,3,2,5,639,1.9777
2012,3,3,1,626,1.2885
2012,3,3,2,699,2.2264
2012,3,3,3,589,2.1741
2012,3,3,4,636,2.6762
2012,3,3,5,662,2.6283
2012,4,1,1,1197,-3.1140
2012,4,1,2,1401,-1.9340
2012,4,1,3,1318,-2.0219
2012,4,1,4,1363,-2.2403
2012,4,1,5,1278,-2.0096
2012,4,2,1,598,-1.4597
2012,4,2,2,713,-1.5021
2012,4,2,3,635,-1.1549
2012,4,2,4,652,-1.0491
2012,4,2,5,659,-0.6594
2012,4,3,1,604,-0.8019
2012,4,3,2,704,-0.2874
2012,4,3,3,614,-0.3572
2012,4,3,4,617,-0.2665
2012,4,3,5,677,-0.4915
2012,5,1,1,1188,-9.2798
2012,5,1,2,1382,-8.6367
2012,5,1,3,1281,-8.1192
2012,5,1,4,1399,-7.1901
2012,5,1,5,1197,-6.7914
2012,5,2,1,598,-7.6497
2012,5,2,2,703,-8.0377
2012,5,2,3,623,-6.9984
2012,5,2,4,683,-6.5825
2012,5,2,5,622,-5.7324
2012,5,3,1,606,-6.4953
2012,5,3,2,692,-6.3172
2012,5,3,3,618,-5.6822
2012,5,3,4,648,-5.3752
2012,5,3,5,654,-4.8539
2012,6,1,1,1185,6.0654
2012,6,1,2,1399,5.4898
2012,6,1,3,1251,6.1421
2012,6,1,4,1396,6.7212
2012,6,1,5,1184,6.7712
2012,6,2,1,597,4.6953
2012,6,2,2,713,3.8911
2012,6,2,3,616,3.9593
2012,6,2,4,683,4.6020
2012,6,2,5,620,4.7708
2012,6,3,1,600,3.5335
2012,6,3,2,702,2.9978
2012,6,3,3,610,3.4342
2012,6,3,4,652,3.5642
2012,6,3,5,661,3.5823
2012,7,1,1,1147,-2.7039
2012,7,1,2,1336,-2.3518
2012,7,1,3,1264,-2.7552
2012,7,1,4,1357,-2.4704
2012,7,1,5,1134,-1.5863
2012,7,2,1,576,-0.7385
2012,7,2,2,704,-1.5878
2012,7,2,3,625,-1.8512
2012,7,2,4,688,-2.5138
2012,7,2,5,610,-0.6829
2012,7,3,1,593,1.8764
2012,7,3,2,692,0.7346
2012,7,3,3,632,0.5737
2012,7,3,4,691,1.1481
2012,7,3,5,656,2.3560
2012,8,1,1,1194,3.1340
2012,8,1,2,1343,2.9782
2012,8,1,3,1260,3.4150
2012,8,1,4,1358,3.1512
2012,8,1,5,1144,2.6445
2012,8,2,1,616,4.0284
2012,8,2,2,704,4.2396
2012,8,2,3,629,3.9852
2012,8,2,4,695,4.4345
2012,8,2,5,592,3.6005
2012,8,3,1,622,2.2292
2012,8,3,2,704,2.7111
2012,8,3,3,643,2.5332
2012,8,3,4,696,2.7374
2012,8,3,5,644,1.9299
2012,9,1,1,1224,4.4572
2012,9,1,2,1335,3.6925
2012,9,1,3,1272,4.4467
2012,9,1,4,1368,4.7029
2012,9,1,5,1156,4.8393
2012,9,2,1,625,3.3482
2012,9,2,2,699,2.2838
2012,9,2,3,652,3.1301
2012,9,2,4,695,3.3833
2012,9,2,5,590,3.6194
2012,9,3,1,628,2.4886
2012,9,3,2,723,1.5374
2012,9,3,3,694,2.4876
2012,9,3,4,698,2.1370
2012,9,3,5,650,2.7465
2012,10,1,1,1261,-4.1658
2012,10,1,2,1320,-3.7431
2012,10,1,3,1290,-4.1956
2012,10,1,4,1375,-3.4445
2012,10,1,5,1048,-3.4306
2012,10,2,1,657,-1.3432
2012,10,2,2,688,-1.6146
2012,10,2,3,670,-1.9103
2012,10,2,4,711,-1.6275
2012,10,2,5,541,-1.7891
2012,10,3,1,658,-2.2580
2012,10,3,2,728,-1.8014
2012,10,3,3,701,-1.6659
2012,10,3,4,721,-2.1508
2012,10,3,5,614,-2.6064
2012,11,1,1,1283,0.4642
2012,11,1,2,1331,0.9110
2012,11,1,3,1276,0.6259
2012,11,1,4,1351,0.7803
2012,11,1,5,1055,0.8963
2012,11,2,1,676,1.2978
2012,11,2,2,697,1.6520
2012,11,2,3,653,0.9764
2012,11,2,4,704,1.0949
2012,11,2,5,544,0.9995
2012,11,3,1,668,0.5877
2012,11,3,2,731,1.1944
2012,11,3,3,702,1.2905
2012,11,3,4,722,1.4570
2012,11,3,5,621,0.6398
2012,12,1,1,1337,4.3687
2012,12,1,2,1301,3.9851
2012,12,1,3,1287,2.9403
2012,12,1,4,1354,3.5528
2012,12,1,5,1055,3.3286
2012,12,2,1,703,3.3995
2012,12,2,2,674,3.9798
2012,12,2,3,669,3.2371
2012,12,2,4,702,3.6188
2012,12,2,5,548,3.4737
2012,12,3,1,719,0.5924
2012,12,3,2,714,1.3613
2012,12,3,3,710,0.5940
2012,12,3,4,712,0.4004
2012,12,3,5,631,0.0713
2013,1,1,1,1327,6.0223
2013,1,1,2,1286,5.2337
2013,1,1,3,1281,6.2443
2013,1,1,4,1340,5.7314
2013,1,1,5,1095,6.7605
2013,1,2,1,701,6.5669
2013,1,2,2,667,6.4493
2013,1,2,3,658,6.2976
2013,1,2,4,684,6.2168
2013,1,2,5,562,7.1892
2013,1,3,1,730,4.7755
2013,1,3,2,707,5.8506
2013,1,3,3,706,5.3123
2013,1,3,4,717,5.7842
2013,1,3,5,653,4.5690
2013,2,1,1,1261,0.4607
2013,2,1,2,1294,0.9781
2013,2,1,3,1288,0.5531
2013,2,1,4,1320,0.6056
2013,2,1,5,1063,0.6337
2013,2,2,1,662,0.5223
2013,2,2,2,665,1.3551
2013,2,2,3,661,1.0277
2013,2,2,4,669,1.2938
2013,2,2,5,539,1.2478
2013,2,3,1,704,0.8797
2013,2,3,2,725,1.2066
2013,2,3,3,709,1.0782
2013,2,3,4,704,1.2043
2013,2,3,5,645,1.4407
2013,3,1,1,1253,4.8255
2013,3,1,2,1130,4.1986
2013,3,1,3,1295,5.8470
2013,3,1,4,1286,4.8635
2013,3,1,5,1059,6.5803
2013,3,2,1,653,4.0794
2013,3,2,2,625,4.6561
2013,3,2,3,662,5.1248
2013,3,2,4,648,4.9370
2013,3,2,5,543,5.6996
2013,3,3,1,700,3.2065
2013,3,3,2,682,3.5812
2013,3,3,3,717,4.1612
2013,3,3,4,683,3.4769
2013,3,3,5,645,4.5620
2013,4,1,1,1241,-0.0192
2013,4,1,2,1126,-0.6680
2013,4,1,3,1280,0.4150
2013,4,1,4,1280,-0.0043
2013,4,1,5,1073,0.8089
2013,4,2,1,648,-0.7928
2013,4,2,2,632,-1.8618
2013,4,2,3,666,-0.4435
2013,4,2,4,651,-1.3122
2013,4,2,5,538,-0.6638
2013,4,3,1,707,1.4002
2013,4,3,2,687,0.7524
2013,4,3,3,727,2.3122
2013,4,3,4,681,1.8743
2013,4,3,5,649,2.1035
2013,5,1,1,1246,5.5791
2013,5,1,2,1118,6.0927
2013,5,1,3,1272,6.2027
2013,5,1,4,1295,6.3891
2013,5,1,5,1084,4.7506
2013,5,2,1,645,4.9503
2013,5,2,2,635,6.1949
2013,5,2,3,664,4.9189
2013,5,2,4,647,5.4090
2013,5,2,5,564,4.8051
2013,5,3,1,708,1.4952
2013,5,3,2,688,3.0921
2013,5,3,3,725,1.4708
2013,5,3,4,701,1.6767
2013,5,3,5,663,1.0650
2013,6,1,1,1250,1.0991
2013,6,1,2,1283,0.6390
2013,6,1,3,1231,0.9753
2013,6,1,4,1298,1.2795
2013,6,1,5,1072,0.6120
2013,6,2,1,654,-1.3918
2013,6,2,2,676,-0.4429
2013,6,2,3,631,-0.4022
2013,6,2,4,649,-0.3012
2013,6,2,5,567,-0.7662
2013,6,3,1,715,-1.8033
2013,6,3,2,733,-1.9271
2013,6,3,3,698,-1.3842
2013,6,3,4,695,-1.1597
2013,6,3,5,663,-1.3382
2013,7,1,1,1177,8.8337
2013,7,1,2,1213,8.2547
2013,7,1,3,1214,7.8398
2013,7,1,4,1277,7.7324
2013,7,1,5,1040,8.8191
2013,7,2,1,621,6.6594
2013,7,2,2,651,6.7928
2013,7,2,3,636,7.0889
2013,7,2,4,657,6.7328
2013,7,2,5,562,7.0246
2013,7,3,1,690,5.1642
2013,7,3,2,698,5.4115
2013,7,3,3,710,4.9370
2013,7,3,4,699,5.5064
2013,7,3,5,650,5.4714
2013,8,1,1,1105,-3.5454
2013,8,1,2,1202,-2.6716
2013,8,1,3,1223,-2.6174
2013,8,1,4,1263,-2.4042
2013,8,1,5,1057,-2.5834
2013,8,2,1,595,-2.6997
2013,8,2,2,631,-2.4838
2013,8,2,3,635,-2.8259
2013,8,2,4,651,-2.5280
2013,8,2,5,554,-2.9280
2013,8,3,1,669,-2.1337
2013,8,3,2,651,-1.7717
2013,8,3,3,716,-2.5397
2013,8,3,4,683,-2.0964
2013,8,3,5,644,-2.0257
2013,9,1,1,1203,6.8920
2013,9,1,2,1215,6.9983
2013,9,1,3,1217,7.3009
2013,9,1,4,1264,7.1875
2013,9,1,5,1103,7.5639
2013,9,2,1,656,6.1077
2013,9,2,2,631,6.2259
2013,9,2,3,642,6.0361
2013,9,2,4,658,6.3310
2013,9,2,5,577,6.3447
2013,9,3,1,714,3.0006
2013,9,3,2,648,4.1921
2013,9,3,3,719,3.4528
2013,9,3,4,691,3.6877
2013,9,3,5,654,4.0574
2013,10,1,1,1122,1.9341
2013,10,1,2,1250,3.4775
2013,10,1,3,1225,2.0427
2013,10,1,4,1262,2.2908
2013,10,1,5,1069,1.8745
2013,10,2,1,619,3.1578
2013,10,2,2,649,2.6167
2013,10,2,3,656,2.6504
2013,10,2,4,659,2.5621
2013,10,2,5,547,2.7155
2013,10,3,1,686,4.8506
2013,10,3,2,661,4.2794
2013,10,3,3,721,4.4698
2013,10,3,4,696,4.4701
2013,10,3,5,638,4.0680
2013,11,1,1,1090,4.2661
2013,11,1,2,1261,4.9358
2013,11,1,3,1067,4.6111
2013,11,1,4,1236,5.4358
2013,11,1,5,1065,6.0304
2013,11,2,1,582,3.1095
2013,11,2,2,644,3.2563
2013,11,2,3,611,3.4127
2013,11,2,4,649,3.6146
2013,11,2,5,545,4.2259
2013,11,3,1,668,1.5259
2013,11,3,2,664,2.6462
2013,11,3,3,675,2.6697
2013,11,3,4,683,2.8247
2013,11,3,5,631,2.5588
2013,12,1,1,1076,2.6399
2013,12,1,2,1257,2.8043
2013,12,1,3,1039,2.5317
2013,12,1,4,1250,3.1831
2013,12,1,5,1158,2.9889
2013,12,2,1,583,2.4852
2013,12,2,2,644,2.4609
2013,12,2,3,590,2.1850
2013,12,2,4,654,2.3593
2013,12,2,5,608,2.4826
2013,12,3,1,672,2.6732
2013,12,3,2,663,3.1100
2013,12,3,3,667,2.6213
2013,12,3,4,698,2.6930
2013,12,3,5,689,2.7255
2014,1,1,1,1109,-0.4102
2014,1,1,2,1248,-1.3940
2014,1,1,3,1043,-2.6246
2014,1,1,4,1261,-1.8734
2014,1,1,5,1122,-0.2598
2014,1,2,1,587,-2.3395
2014,1,2,2,639,-2.8825
2014,1,2,3,594,-3.1846
2014,1,2,4,653,-2.9211
2014,1,2,5,589,-2.6697
2014,1,3,1,670,-3.3086
2014,1,3,2,662,-3.2410
2014,1,3,3,670,-2.9974
2014,1,3,4,708,-2.8728
2014,1,3,5,664,-3.3767
2014,2,1,1,1121,5.2822
2014,2,1,2,1248,5.1500
2014,2,1,3,1054,3.7527
2014,2,1,4,1272,4.5568
2014,2,1,5,1214,5.2012
2014,2,2,1,595,5.7200
2014,2,2,2,653,5.4526
2014,2,2,3,606,4.1528
2014,2,2,4,664,5.1749
2014,2,2,5,643,5.1364
2014,2,3,1,664,4.7773
2014,2,3,2,695,5.0988
2014,2,3,3,672,4.6793
2014,2,3,4,716,4.7534
2014,2,3,5,683,5.3696
2014,3,1,1,1104,0.5075
2014,3,1,2,1239,0.0377
2014,3,1,3,1007,-0.1543
2014,3,1,4,1246,0.1273
2014,3,1,5,1208,-0.6930
2014,3,2,1,589,0.1941
2014,3,2,2,659,0.0303
2014,3,2,3,592,-0.6226
2014,3,2,4,665,-0.2200
2014,3,2,5,654,-1.3777
2014,3,3,1,670,1.0406
2014,3,3,2,695,0.1593
2014,3,3,3,648,0.1029
2014,3,3,4,725,0.6352
2014,3,3,5,688,-0.7117
2014,4,1,1,1115,-5.1110
2014,4,1,2,1225,-5.3444
2014,4,1,3,1018,-6.1752
2014,4,1,4,1251,-5.3934
2014,4,1,5,1161,-6.4162
2014,4,2,1,601,-2.2604
2014,4,2,2,652,-2.9419
2014,4,2,3,598,-3.6692
2014,4,2,4,674,-3.3234
2014,4,2,5,631,-3.4465
2014,4,3,1,678,1.6982
2014,4,3,2,693,0.4113
2014,4,3,3,653,-0.0443
2014,4,3,4,725,0.9343
2014,4,3,5,674,1.3503
2014,5,1,1,1211,-0.9053
2014,5,1,2,1190,-0.9810
2014,5,1,3,999,-0.7301
2014,5,1,4,1239,-1.2408
2014,5,1,5,1103,-1.1774
2014,5,2,1,649,0.6467
2014,5,2,2,641,0.4209
2014,5,2,3,597,0.7845
2014,5,2,4,667,0.4782
2014,5,2,5,600,1.1146
2014,5,3,1,704,2.3796
2014,5,3,2,684,2.3524
2014,5,3,3,661,2.0088
2014,5,3,4,721,2.3043
2014,5,3,5,635,2.5845
2014,6,1,1,1168,6.6027
2014,6,1,2,1181,4.9160
2014,6,1,3,1002,4.9060
2014,6,1,4,1180,4.5854
2014,6,1,5,1156,4.9238
2014,6,2,1,624,5.8214
2014,6,2,2,634,6.0649
2014,6,2,3,611,5.5880
2014,6,2,4,637,5.2689
2014,6,2,5,633,5.0396
2014,6,3,1,662,2.6090
2014,6,3,2,684,2.7403
2014,6,3,3,660,2.3301
2014,6,3,4,687,2.3311
2014,6,3,5,671,2.3564
2014,7,1,1,1139,-7.3596
2014,7,1,2,1232,-6.5465
2014,7,1,3,963,-6.2576
2014,7,1,4,1013,-6.2826
2014,7,1,5,1058,-6.3656
2014,7,2,1,610,-6.1690
2014,7,2,2,681,-6.2825
2014,7,2,3,598,-5.8401
2014,7,2,4,589,-6.1741
2014,7,2,5,579,-6.4507
2014,7,3,1,668,-1.2915
2014,7,3,2,724,-2.0100
2014,7,3,3,653,-1.7905
2014,7,3,4,658,-1.6526
2014,7,3,5,635,-1.5260
2014,8,1,1,1151,5.4675
2014,8,1,2,1243,4.8129
2014,8,1,3,1157,3.8553
2014,8,1,4,1093,3.9408
2014,8,1,5,1137,4.6504
2014,8,2,1,611,5.6989
2014,8,2,2,689,5.1279
2014,8,2,3,657,4.9548
2014,8,2,4,624,4.3926
2014,8,2,5,615,5.5216
2014,8,3,1,675,4.2043
2014,8,3,2,736,4.2385
2014,8,3,3,708,4.0378
2014,8,3,4,695,4.3515
2014,8,3,5,674,4.1283
2014,9,1,1,1111,-6.4425
2014,9,1,2,1249,-7.1661
2014,9,1,3,1175,-6.2160
2014,9,1,4,1074,-6.5941
2014,9,1,5,1220,-6.2513
2014,9,2,1,581,-5.9577
2014,9,2,2,685,-6.2456
2014,9,2,3,668,-5.4128
2014,9,2,4,624,-5.8181
2014,9,2,5,661,-6.3297
2014,9,3,1,651,-2.1818
2014,9,3,2,736,-2.2918
2014,9,3,3,711,-1.8111
2014,9,3,4,692,-2.0854
2014,9,3,5,700,-2.2868
2014,10,1,1,1074,4.7309
2014,10,1,2,1239,5.0037
2014,10,1,3,1190,5.2998
2014,10,1,4,1062,4.8276
2014,10,1,5,1193,6.2168
2014,10,2,1,578,4.8316
2014,10,2,2,686,5.1255
2014,10,2,3,679,5.5698
2014,10,2,4,630,5.3416
2014,10,2,5,647,5.4528
2014,10,3,1,651,1.8757
2014,10,3,2,727,1.7961
2014,10,3,3,719,1.6562
2014,10,3,4,691,2.0078
2014,10,3,5,695,2.5699
2014,11,1,1,1059,-1.5295
2014,11,1,2,1288,-1.7869
2014,11,1,3,1211,-0.7429
2014,11,1,4,1046,-1.0221
2014,11,1,5,1195,-0.0806
2014,11,2,1,570,-0.7356
2014,11,2,2,714,-0.3718
2014,11,2,3,683,1.2100
2014,11,2,4,624,1.0972
2014,11,2,5,660,0.7146
2014,11,3,1,641,0.6183
2014,11,3,2,745,2.4276
2014,11,3,3,704,3.4360
2014,11,3,4,679,4.7130
2014,11,3,5,707,2.9220
2014,12,1,1,1016,2.7881
2014,12,1,2,1274,4.9094
2014,12,1,3,1211,6.0957
2014,12,1,4,1065,4.9376
2014,12,1,5,1185,5.4403
2014,12,2,1,549,1.1371
2014,12,2,2,705,1.9051
2014,12,2,3,705,1.9319
2014,12,2,4,645,1.8407
2014,12,2,5,684,1.8950
2014,12,3,1,606,-0.3523
2014,12,3,2,730,-0.4426
2014,12,3,3,712,-0.4506
2014,12,3,4,697,-0.8241
2014,12,3,5,718,-0.5875
2015,1,1,1,1024,-5.9844
2015,1,1,2,1276,-5.3815
2015,1,1,3,1149,-4.6382
2015,1,1,4,1027,-4.8388
2015,1,1,5,1173,-3.6740
2015,1,2,1,559,-3.4524
2015,1,2,2,729,-3.4155
2015,1,2,3,676,-3.5558
2015,1,2,4,611,-3.9543
2015,1,2,5,683,-3.0616
2015,1,3,1,608,-2.4543
2015,1,3,2,747,-2.1539
2015,1,3,3,681,-2.9280
2015,1,3,4,635,-2.1149
2015,1,3,5,703,-1.6329
2015,2,1,1,1007,6.8239
2015,2,1,2,1277,6.4694
2015,2,1,3,1259,6.1744
2015,2,1,4,994,5.5020
2015,2,1,5,1162,5.2735
2015,2,2,1,554,6.0673
2015,2,2,2,734,6.8045
2015,2,2,3,727,7.5435
2015,2,2,4,600,7.3314
2015,2,2,5,697,6.3545
2015,2,3,1,598,4.6050
2015,2,3,2,746,4.9260
2015,2,3,3,725,6.7194
2015,2,3,4,620,7.0484
2015,2,3,5,706,5.3604
2015,3,1,1,1077,-0.6825
2015,3,1,2,1230,-0.2786
2015,3,1,3,1246,1.3147
2015,3,1,4,988,0.5758
2015,3,1,5,1137,1.1835
2015,3,2,1,605,0.8908
2015,3,2,2,709,1.4457
2015,3,2,3,727,1.4579
2015,3,2,4,604,1.6604
2015,3,2,5,690,1.7748
2015,3,3,1,670,-1.8274
2015,3,3,2,703,-1.4819
2015,3,3,3,696,-1.3557
2015,3,3,4,617,-1.2792
2015,3,3,5,697,-1.3758
2015,4,1,1,1014,2.0937
2015,4,1,2,1210,-0.8249
2015,4,1,3,1228,-2.1844
2015,4,1,4,971,-1.2457
2015,4,1,5,1146,-2.3201
2015,4,2,1,564,-1.2577
2015,4,2,2,706,-1.2453
2015,4,2,3,728,-1.8251
2015,4,2,4,591,-2.6072
2015,4,2,5,698,-2.4256
2015,4,3,1,638,1.5768
2015,4,3,2,702,0.7746
2015,4,3,3,695,1.1023
2015,4,3,4,607,-0.2080
2015,4,3,5,707,0.0850
2015,5,1,1,959,-1.1197
2015,5,1,2,1203,0.7217
2015,5,1,3,1165,1.9618
2015,5,1,4,1152,1.0454
2015,5,1,5,1157,1.1430
2015,5,2,1,553,0.1161
2015,5,2,2,707,1.8610
2015,5,2,3,699,3.0947
2015,5,2,4,676,2.0190
2015,5,2,5,703,2.3622
2015,5,3,1,619,-0.2888
2015,5,3,2,715,0.5540
2015,5,3,3,632,0.9589
2015,5,3,4,669,1.3349
2015,5,3,5,692,0.9044
2015,6,1,1,810,-1.5574
2015,6,1,2,1231,1.6896
2015,6,1,3,1151,1.9118
2015,6,1,4,1086,1.7882
2015,6,1,5,1139,1.8694
2015,6,2,1,510,-1.2341
2015,6,2,2,721,-0.2561
2015,6,2,3,693,1.3693
2015,6,2,4,651,1.1032
2015,6,2,5,699,0.6818
2015,6,3,1,583,-2.8778
2015,6,3,2,741,-2.3265
2015,6,3,3,632,-2.0173
2015,6,3,4,638,-1.4624
2015,6,3,5,693,-2.1749
2015,7,1,1,738,-8.4177
2015,7,1,2,1147,-5.6360
2015,7,1,3,1103,-3.2556
2015,7,1,4,1020,-3.7842
2015,7,1,5,1077,-3.9827
2015,7,2,1,486,-3.8450
2015,7,2,2,688,-3.1520
2015,7,2,3,680,-0.7928
2015,7,2,4,628,-1.0115
2015,7,2,5,657,-1.5689
2015,7,3,1,534,-0.4042
2015,7,3,2,709,0.5016
2015,7,3,3,612,3.2931
2015,7,3,4,617,3.2037
2015,7,3,5,673,2.1181
2015,8,1,1,745,-2.0275
2015,8,1,2,1138,-3.9871
2015,8,1,3,1148,-6.4471
2015,8,1,4,1104,-5.3394
2015,8,1,5,1143,-5.5272
2015,8,2,1,497,-4.0363
2015,8,2,2,680,-5.1836
2015,8,2,3,693,-6.5286
2015,8,2,4,650,-5.3631
2015,8,2,5,707,-5.8775
2015,8,3,1,527,-4.8334
2015,8,3,2,706,-5.4391
2015,8,3,3,624,-6.0977
2015,8,3,4,659,-6.0141
2015,8,3,5,728,-6.3601
2015,9,1,1,1004,-9.1783
2015,9,1,2,1197,-8.4584
2015,9,1,3,1177,-6.2525
2015,9,1,4,1109,-5.9051
2015,9,1,5,1160,-8.2885
2015,9,2,1,598,-6.2819
2015,9,2,2,702,-6.8053
2015,9,2,3,694,-6.1591
2015,9,2,4,644,-5.7728
2015,9,2,5,716,-7.6608
2015,9,3,1,619,-2.7968
2015,9,3,2,735,-3.4707
2015,9,3,3,629,-2.4861
2015,9,3,4,656,-2.4499
2015,9,3,5,733,-2.7808
2015,10,1,1,1000,7.0123
2015,10,1,2,1282,5.2304
2015,10,1,3,1167,5.5156
2015,10,1,4,946,4.5075
2015,10,1,5,1140,4.8964
2015,10,2,1,603,6.9927
2015,10,2,2,744,6.6130
2015,10,2,3,687,5.3060
2015,10,2,4,580,5.0368
2015,10,2,5,715,5.1209
2015,10,3,1,623,7.8768
2015,10,3,2,774,7.6366
2015,10,3,3,635,9.4117
2015,10,3,4,585,8.0673
2015,10,3,5,730,6.1679
2015,11,1,1,1029,1.8053
2015,11,1,2,1275,3.4310
2015,11,1,3,1212,3.9367
2015,11,1,4,1095,1.2215
2015,11,1,5,1188,3.0271
2015,11,2,1,615,1.9287
2015,11,2,2,738,3.0108
2015,11,2,3,702,4.8009
2015,11,2,4,641,2.8525
2015,11,2,5,726,3.2200
2015,11,3,1,645,-0.3606
2015,11,3,2,779,0.2390
2015,11,3,3,662,0.6293
2015,11,3,4,671,0.0458
2015,11,3,5,743,-0.1796
2015,12,1,1,1029,-5.6771
2015,12,1,2,1273,-6.2823
2015,12,1,3,1232,-5.4252
2015,12,1,4,1183,-4.5379
2015,12,1,5,1230,-6.5028
2015,12,2,1,613,-5.7573
2015,12,2,2,735,-5.3125
2015,12,2,3,702,-4.6372
2015,12,2,4,696,-4.8310
2015,12,2,5,741,-5.4325
2015,12,3,1,640,-2.7315
2015,12,3,2,772,-2.8727
2015,12,3,3,698,-1.7302
2015,12,3,4,686,-1.3021
2015,12,3,5,767,-1.7297
2016,1,1,1,853,-9.6995
2016,1,1,2,1284,-10.4450
2016,1,1,3,1232,-10.7712
2016,1,1,4,1182,-8.9214
2016,1,1,5,1221,-12.9241
2016,1,2,1,522,-6.5985
2016,1,2,2,743,-8.7738
2016,1,2,3,728,-10.1696
2016,1,2,4,696,-9.3198
2016,1,2,5,740,-10.4180
2016,1,3,1,551,-2.9337
2016,1,3,2,784,-5.2929
2016,1,3,3,711,-5.1605
2016,1,3,4,683,-3.9717
2016,1,3,5,768,-4.3105
2016,2,1,1,860,1.4554
2016,2,1,2,1282,-0.0281
2016,2,1,3,1244,-0.6381
2016,2,1,4,1180,1.1199
2016,2,1,5,1208,-0.0616
2016,2,2,1,534,1.2489
2016,2,2,2,750,1.4532
2016,2,2,3,725,0.2801
2016,2,2,4,697,2.1078
2016,2,2,5,725,0.9501
2016,2,3,1,561,0.7933
2016,2,3,2,786,0.2981
2016,2,3,3,721,-0.0402
2016,2,3,4,691,0.3589
2016,2,3,5,767,0.6257
2016,3,1,1,849,10.2306
2016,3,1,2,1300,7.5611
2016,3,1,3,1210,6.8704
2016,3,1,4,1192,6.0913
2016,3,1,5,1231,8.9103
2016,3,2,1,525,11.8431
2016,3,2,2,735,9.2676
2016,3,2,3,699,8.0292
2016,3,2,4,695,8.5245
2016,3,2,5,736,9.1331
2016,3,3,1,551,7.7746
2016,3,3,2,806,7.4151
2016,3,3,3,695,7.0225
2016,3,3,4,688,6.8273
2016,3,3,5,772,6.3935
2016,4,1,1,869,8.5932
2016,4,1,2,1298,4.2206
2016,4,1,3,1196,2.7547
2016,4,1,4,1212,2.4394
2016,4,1,5,1164,5.2587
2016,4,2,1,545,5.0894
2016,4,2,2,739,1.8002
2016,4,2,3,686,2.1451
2016,4,2,4,704,1.0405
2016,4,2,5,716,2.9770
2016,4,3,1,563,2.6076
2016,4,3,2,809,0.3019
2016,4,3,3,686,-1.0610
2016,4,3,4,698,-0.9685
2016,4,3,5,753,1.4663
2016,5,1,1,1164,-3.1640
2016,5,1,2,1281,-1.4362
2016,5,1,3,1184,-0.1754
2016,5,1,4,1230,-1.2648
2016,5,1,5,1153,-2.2770
2016,5,2,1,683,0.3837
2016,5,2,2,727,1.5736
2016,5,2,3,675,2.1233
2016,5,2,4,690,0.9565
2016,5,2,5,702,0.9493
2016,5,3,1,722,0.7717
2016,5,3,2,795,1.8597
2016,5,3,3,677,2.7067
2016,5,3,4,696,2.1631
2016,5,3,5,746,0.9631
2016,6,1,1,1152,1.7865
2016,6,1,2,1272,1.1118
2016,6,1,3,1181,0.8984
2016,6,1,4,1196,0.8418
2016,6,1,5,1218,0.2848
2016,6,2,1,681,0.9810
2016,6,2,2,724,0.1685
2016,6,2,3,675,0.4919
2016,6,2,4,676,0.0307
2016,6,2,5,736,0.9127
2016,6,3,1,716,2.1910
2016,6,3,2,793,0.4605
2016,6,3,3,654,0.1842
2016,6,3,4,681,0.2970
2016,6,3,5,804,1.4641
2016,7,1,1,1101,4.9291
2016,7,1,2,1214,5.8511
2016,7,1,3,1200,5.8032
2016,7,1,4,1159,5.7589
2016,7,1,5,1137,5.2252
2016,7,2,1,669,5.5698
2016,7,2,2,711,5.8271
2016,7,2,3,688,6.4686
2016,7,2,4,678,6.1589
2016,7,2,5,698,5.6566
2016,7,3,1,708,2.1775
2016,7,3,2,781,4.2263
2016,7,3,3,676,4.5309
2016,7,3,4,730,4.7347
2016,7,3,5,771,2.6935
2016,8,1,1,1102,1.9749
2016,8,1,2,1211,1.6628
2016,8,1,3,1239,2.7253
2016,8,1,4,1192,2.3330
2016,8,1,5,1102,1.5672
2016,8,2,1,667,1.3732
2016,8,2,2,708,1.0585
2016,8,2,3,662,0.5868
2016,8,2,4,708,0.8241
2016,8,2,5,666,1.1301
2016,8,3,1,706,-0.7139
2016,8,3,2,785,-0.3995
2016,8,3,3,673,-0.4899
2016,8,3,4,752,-0.2669
2016,8,3,5,723,-0.8477
2016,9,1,1,1164,4.3414
2016,9,1,2,1221,3.2867
2016,9,1,3,1245,4.1701
2016,9,1,4,1181,3.0758
2016,9,1,5,1099,3.4591
2016,9,2,1,652,1.6790
2016,9,2,2,709,1.3651
2016,9,2,3,652,1.5793
2016,9,2,4,705,1.1914
2016,9,2,5,648,0.8941
2016,9,3,1,706,0.5183
2016,9,3,2,776,0.5397
2016,9,3,3,671,0.0487
2016,9,3,4,741,0.8940
2016,9,3,5,718,0.4725
2016,10,1,1,1157,-5.6994
2016,10,1,2,1191,-6.4660
2016,10,1,3,1248,-7.6750
2016,10,1,4,1186,-6.5659
2016,10,1,5,1099,-6.3064
2016,10,2,1,634,-5.8673
2016,10,2,2,686,-5.5703
2016,10,2,3,655,-6.2796
2016,10,2,4,701,-5.1653
2016,10,2,5,640,-5.5209
2016,10,3,1,698,-1.7140
2016,10,3,2,720,-3.3114
2016,10,3,3,660,-2.4517
2016,10,3,4,735,-2.1840
2016,10,3,5,717,-2.4084
2016,11,1,1,1109,12.0405
2016,11,1,2,1192,10.9480
2016,11,1,3,1251,10.3182
2016,11,1,4,1199,10.0516
2016,11,1,5,1085,12.6550
2016,11,2,1,626,12.2388
2016,11,2,2,695,11.0851
2016,11,2,3,654,9.1493
2016,11,2,4,702,9.4814
2016,11,2,5,627,11.9132
2016,11,3,1,682,3.3591
2016,11,3,2,720,4.1411
2016,11,3,3,663,2.7746
2016,11,3,4,741,2.3945
2016,11,3,5,713,4.3427
2016,12,1,1,1121,2.2712
2016,12,1,2,1180,3.1997
2016,12,1,3,1289,2.5793
2016,12,1,4,1197,3.1106
2016,12,1,5,1032,3.6522
2016,12,2,1,628,0.2955
2016,12,2,2,689,1.7761
2016,12,2,3,691,1.1613
2016,12,2,4,666,1.0669
2016,12,2,5,594,1.8233
2016,12,3,1,680,1.7235
2016,12,3,2,716,0.9971
2016,12,3,3,705,1.1997
2016,12,3,4,729,0.8223
2016,12,3,5,684,1.5698
2017,1,1,1,1100,-1.5217
2017,1,1,2,1257,-1.0726
2017,1,1,3,1260,-0.6174
2017,1,1,4,1189,-1.1684
2017,1,1,5,845,-0.7521
2017,1,2,1,620,0.2293
2017,1,2,2,701,1.1773
2017,1,2,3,652,1.3375
2017,1,2,4,651,1.4511
2017,1,2,5,521,0.9391
2017,1,3,1,674,1.2927
2017,1,3,2,724,2.7271
2017,1,3,3,684,2.5782
2017,1,3,4,714,3.5130
2017,1,3,5,619,1.7928
2017,2,1,1,1104,0.2082
2017,2,1,2,1267,1.0210
2017,2,1,3,1261,1.1325
2017,2,1,4,1206,-0.1495
2017,2,1,5,845,-1.6524
2017,2,2,1,618,1.4504
2017,2,2,2,697,1.1009
2017,2,2,3,641,1.3488
2017,2,2,4,662,0.8218
2017,2,2,5,506,-0.2881
2017,2,3,1,675,2.8549
2017,2,3,2,714,3.5538
2017,2,3,3,676,3.4888
2017,2,3,4,719,3.6115
2017,2,3,5,611,2.6287
2017,3,1,1,1096,0.8852
2017,3,1,2,1267,0.7966
2017,3,1,3,1293,1.2868
2017,3,1,4,1203,0.9680
2017,3,1,5,1174,-0.4273
2017,3,2,1,606,0.8758
2017,3,2,2,657,1.0644
2017,3,2,3,659,1.5000
2017,3,2,4,661,1.3362
2017,3,2,5,572,0.6344
2017,3,3,1,676,0.1132
2017,3,3,2,705,0.7745
2017,3,3,3,689,0.8687
2017,3,3,4,714,0.7089
2017,3,3,5,690,0.5135
2017,4,1,1,1092,0.4977
2017,4,1,2,1280,1.1212
2017,4,1,3,1291,1.3712
2017,4,1,4,1236,2.0437
2017,4,1,5,1190,1.0832
2017,4,2,1,591,1.2353
2017,4,2,2,647,1.3346
2017,4,2,3,653,1.9658
2017,4,2,4,664,2.0482
2017,4,2,5,582,0.5451
2017,4,3,1,671,0.9820
2017,4,3,2,734,1.6692
2017,4,3,3,686,1.5741
2017,4,3,4,736,2.2842
2017,4,3,5,709,1.3125
2017,5,1,1,865,-2.5477
2017,5,1,2,1305,-2.9765
2017,5,1,3,1286,-3.8206
2017,5,1,4,991,-2.4528
2017,5,1,5,1253,-1.3641
2017,5,2,1,470,-2.4519
2017,5,2,2,664,-1.6278
2017,5,2,3,651,-1.4157
2017,5,2,4,575,-0.0185
2017,5,2,5,599,-1.0357
2017,5,3,1,535,0.9669
2017,5,3,2,753,2.0323
2017,5,3,3,685,1.4486
2017,5,3,4,669,2.5823
2017,5,3,5,733,2.3990
2017,6,1,1,864,5.0824
2017,6,1,2,1295,4.6431
2017,6,1,3,1273,5.7132
2017,6,1,4,977,3.5725
2017,6,1,5,1254,3.4086
2017,6,2,1,472,3.6928
2017,6,2,2,660,2.9385
2017,6,2,3,643,3.2476
2017,6,2,4,574,2.3185
2017,6,2,5,606,2.0571
2017,6,3,1,538,0.2479
2017,6,3,2,756,-0.3122
2017,6,3,3,676,0.4205
2017,6,3,4,674,-0.9602
2017,6,3,5,739,-1.3606
2017,7,1,1,878,-0.6662
2017,7,1,2,1196,-0.8563
2017,7,1,3,1112,-0.9553
2017,7,1,4,893,-1.0459
2017,7,1,5,1187,0.1161
2017,7,2,1,456,1.4622
2017,7,2,2,625,1.0830
2017,7,2,3,587,0.9659
2017,7,2,4,523,1.1951
2017,7,2,5,604,1.5649
2017,7,3,1,559,1.8749
2017,7,3,2,733,1.5655
2017,7,3,3,607,1.8362
2017,7,3,4,585,1.6267
2017,7,3,5,737,2.7358
2017,8,1,1,954,0.0614
2017,8,1,2,1220,-0.0565
2017,8,1,3,1135,-0.8381
2017,8,1,4,916,-1.7300
2017,8,1,5,1199,-0.7624
2017,8,2,1,487,-0.5045
2017,8,2,2,631,-1.2793
2017,8,2,3,589,-2.0457
2017,8,2,4,537,-0.9085
2017,8,2,5,611,-1.4448
2017,8,3,1,588,-0.0512
2017,8,3,2,737,0.6468
2017,8,3,3,609,0.3947
2017,8,3,4,643,-0.0035
2017,8,3,5,735,0.6766
2017,9,1,1,968,8.3513
2017,9,1,2,1221,8.7842
2017,9,1,3,1162,8.6351
2017,9,1,4,784,7.9740
2017,9,1,5,1229,8.4025
2017,9,2,1,494,7.1225
2017,9,2,2,639,6.5231
2017,9,2,3,599,6.4410
2017,9,2,4,483,6.2267
2017,9,2,5,630,6.0922
2017,9,3,1,593,2.7969
2017,9,3,2,745,2.1046
2017,9,3,3,603,1.6493
2017,9,3,4,571,1.5517
2017,9,3,5,745,1.8326
2017,10,1,1,1033,-0.1649
2017,10,1,2,1258,0.5717
2017,10,1,3,1178,0.1031
2017,10,1,4,779,-0.1560
2017,10,1,5,1237,-0.3714
2017,10,2,1,521,0.5796
2017,10,2,2,659,0.7502
2017,10,2,3,601,0.0757
2017,10,2,4,484,0.0938
2017,10,2,5,645,0.3376
2017,10,3,1,619,1.2942
2017,10,3,2,757,2.2407
2017,10,3,3,598,3.1562
2017,10,3,4,569,3.2662
2017,10,3,5,753,2.4303
2017,11,1,1,1062,2.9789
2017,11,1,2,1239,3.3005
2017,11,1,3,1183,3.4020
2017,11,1,4,779,4.4361
2017,11,1,5,1253,1.7903
2017,11,2,1,534,4.4370
2017,11,2,2,645,3.3765
2017,11,2,3,609,3.3917
2017,11,2,4,477,3.8368
2017,11,2,5,664,2.6349
2017,11,3,1,627,3.4214
2017,11,3,2,721,3.0662
2017,11,3,3,605,3.2027
2017,11,3,4,568,3.4916
2017,11,3,5,769,3.6211
2017,12,1,1,1072,0.1840
2017,12,1,2,1306,0.7560
2017,12,1,3,1165,0.1149
2017,12,1,4,756,1.0166
2017,12,1,5,1245,0.3081
2017,12,2,1,534,1.2192
2017,12,2,2,694,0.3196
2017,12,2,3,600,0.9999
2017,12,2,4,466,1.3113
2017,12,2,5,659,-0.0946
2017,12,3,1,627,1.4832
2017,12,3,2,755,1.0712
2017,12,3,3,598,1.3081
2017,12,3,4,570,1.7360
2017,12,3,5,760,0.9519
2018,1,1,1,1069,1.5304
2018,1,1,2,1284,2.1009
2018,1,1,3,1169,1.6343
2018,1,1,4,772,-0.1300
2018,1,1,5,1195,1.7339
2018,1,2,1,535,2.1322
2018,1,2,2,689,3.2616
2018,1,2,3,610,3.1320
2018,1,2,4,485,3.2588
2018,1,2,5,645,2.7573
2018,1,3,1,629,4.0399
2018,1,3,2,750,5.1229
2018,1,3,3,609,7.8492
2018,1,3,4,581,7.6648
2018,1,3,5,735,5.0407
2018,2,1,1,1060,-4.8712
2018,2,1,2,1281,-4.0092
2018,2,1,3,1179,-3.7620
2018,2,1,4,946,-3.8875
2018,2,1,5,1190,-3.5904
2018,2,2,1,531,-5.3800
2018,2,2,2,695,-4.1704
2018,2,2,3,622,-4.1747
2018,2,2,4,557,-3.4284
2018,2,2,5,634,-3.4545
2018,2,3,1,627,-5.9401
2018,2,3,2,749,-4.2160
2018,2,3,3,618,-2.8743
2018,2,3,4,675,-3.8201
2018,2,3,5,736,-3.5251
2018,3,1,1,1050,2.0870
2018,3,1,2,1269,1.3665
2018,3,1,3,1167,2.1179
2018,3,1,4,948,2.7161
2018,3,1,5,1134,2.0547
2018,3,2,1,524,1.0636
2018,3,2,2,696,0.8227
2018,3,2,3,614,0.7978
2018,3,2,4,557,0.4639
2018,3,2,5,616,1.1084
2018,3,3,1,624,-0.7620
2018,3,3,2,752,-1.7474
2018,3,3,3,617,-2.7391
2018,3,3,4,676,-2.5119
2018,3,3,5,723,-1.8236
2018,4,1,1,1061,2.3915
2018,4,1,2,1262,1.0071
2018,4,1,3,1159,1.2793
2018,4,1,4,920,2.3986
2018,4,1,5,1128,2.6890
2018,4,2,1,533,2.0946
2018,4,2,2,693,0.3242
2018,4,2,3,597,0.1177
2018,4,2,4,543,0.6775
2018,4,2,5,610,2.4457
2018,4,3,1,627,1.0856
2018,4,3,2,735,-0.7065
2018,4,3,3,620,0.6152
2018,4,3,4,635,1.0391
2018,4,3,5,714,0.9186
2018,5,1,1,1048,7.1648
2018,5,1,2,1248,8.5180
2018,5,1,3,1149,7.7190
2018,5,1,4,909,6.9924
2018,5,1,5,1089,7.8219
2018,5,2,1,530,6.1420
2018,5,2,2,677,6.7152
2018,5,2,3,581,6.4457
2018,5,2,4,541,6.5199
2018,5,2,5,587,6.7379
2018,5,3,1,620,1.9036
2018,5,3,2,724,1.5497
2018,5,3,3,616,3.6997
2018,5,3,4,637,2.8520
2018,5,3,5,673,3.6620
2018,6,1,1,1039,2.4162
2018,6,1,2,1242,0.4140
2018,6,1,3,1179,2.7715
2018,6,1,4,906,2.7224
2018,6,1,5,1057,1.6112
2018,6,2,1,515,2.0818
2018,6,2,2,682,1.5655
2018,6,2,3,606,2.4672
2018,6,2,4,542,1.7339
2018,6,2,5,589,0.9120
2018,6,3,1,622,1.5209
2018,6,3,2,718,2.0305
2018,6,3,3,689,0.9775
2018,6,3,4,635,1.1936
2018,6,3,5,657,0.4052
2018,7,1,1,1003,0.1229
2018,7,1,2,1190,0.0574
2018,7,1,3,1167,0.1221
2018,7,1,4,888,0.3948
2018,7,1,5,1032,-0.1812
2018,7,2,1,512,1.7571
2018,7,2,2,669,1.9018
2018,7,2,3,644,1.5576
2018,7,2,4,554,2.3786
2018,7,2,5,585,1.2149
2018,7,3,1,603,3.2169
2018,7,3,2,706,3.8525
2018,7,3,3,718,2.9979
2018,7,3,4,656,2.8308
2018,7,3,5,650,2.8485
2018,8,1,1,1016,3.6885
2018,8,1,2,1184,6.3172
2018,8,1,3,1176,5.9295
2018,8,1,4,901,4.4729
2018,8,1,5,1122,4.1417
2018,8,2,1,545,4.4550
2018,8,2,2,670,3.9512
2018,8,2,3,652,5.2467
2018,8,2,4,542,6.0457
2018,8,2,5,620,4.4805
2018,8,3,1,635,2.8332
2018,8,3,2,699,2.9516
2018,8,3,3,711,4.1252
2018,8,3,4,601,3.4847
2018,8,3,5,666,3.2739
2018,9,1,1,988,-2.7216
2018,9,1,2,1154,-3.0527
2018,9,1,3,1203,-3.7742
2018,9,1,4,924,-3.0985
2018,9,1,5,1127,-2.3435
2018,9,2,1,521,-1.6981
2018,9,2,2,633,-2.1902
2018,9,2,3,650,-2.0316
2018,9,2,4,546,-1.4378
2018,9,2,5,616,-1.3394
2018,9,3,1,617,0.7372
2018,9,3,2,676,1.0191
2018,9,3,3,705,0.8452
2018,9,3,4,602,0.4469
2018,9,3,5,676,0.8770
2018,10,1,1,943,-11.1045
2018,10,1,2,1155,-12.4752
2018,10,1,3,1223,-11.3799
2018,10,1,4,941,-10.7267
2018,10,1,5,1110,-10.6761
2018,10,2,1,507,-11.3634
2018,10,2,2,647,-11.5295
2018,10,2,3,656,-11.1399
2018,10,2,4,564,-10.8185
2018,10,2,5,620,-11.1290
2018,10,3,1,600,-6.1552
2018,10,3,2,682,-6.5674
2018,10,3,3,716,-9.0665
2018,10,3,4,603,-7.6948
2018,10,3,5,664,-7.5005
2018,11,1,1,704,-2.9636
2018,11,1,2,1189,-2.8326
2018,11,1,3,1196,-1.2024
2018,11,1,4,924,-2.5843
2018,11,1,5,1153,-1.8558
2018,11,2,1,449,1.4570
2018,11,2,2,688,0.8597
2018,11,2,3,674,1.3269
2018,11,2,4,549,1.6867
2018,11,2,5,649,1.8092
2018,11,3,1,537,0.6786
2018,11,3,2,685,3.5779
2018,11,3,3,712,2.8710
2018,11,3,4,598,1.3309
2018,11,3,5,701,1.4152
2018,12,1,1,683,-12.0961
2018,12,1,2,1035,-14.1516
2018,12,1,3,1207,-12.7771
2018,12,1,4,922,-12.6161
2018,12,1,5,1127,-12.2834
2018,12,2,1,431,-12.4998
2018,12,2,2,614,-13.0140
2018,12,2,3,693,-11.7460
2018,12,2,4,543,-12.4263
2018,12,2,5,628,-11.9893
2018,12,3,1,505,-8.9496
2018,12,3,2,616,-8.5511
2018,12,3,3,719,-8.3890
2018,12,3,4,600,-9.4998
2018,12,3,5,686,-8.8604
2019,1,1,1,643,10.9301
2019,1,1,2,1026,12.3176
2019,1,1,3,1178,10.9463
2019,1,1,4,911,11.4004
2019,1,1,5,1103,10.9777
2019,1,2,1,424,12.1994
2019,1,2,2,612,12.1988
2019,1,2,3,671,11.5338
2019,1,2,4,546,12.1144
2019,1,2,5,617,11.4883
2019,1,3,1,496,8.6970
2019,1,3,2,616,7.8186
2019,1,3,3,715,8.8109
2019,1,3,4,607,8.9820
2019,1,3,5,677,7.6914
2019,2,1,1,953,5.2726
2019,2,1,2,1131,5.1636
2019,2,1,3,1159,5.7706
2019,2,1,4,917,5.8149
2019,2,1,5,1120,4.8674
2019,2,2,1,524,4.4910
2019,2,2,2,653,5.0575
2019,2,2,3,643,5.1256
2019,2,2,4,575,4.7997
2019,2,2,5,633,4.7876
2019,2,3,1,568,4.0803
2019,2,3,2,672,3.6957
2019,2,3,3,686,3.1902
2019,2,3,4,667,2.5721
2019,2,3,5,686,3.8765
2019,3,1,1,963,-3.5023
2019,3,1,2,1131,-2.6440
2019,3,1,3,1162,-1.1992
2019,3,1,4,918,-3.0134
2019,3,1,5,1125,-2.4900
2019,3,2,1,528,-1.4609
2019,3,2,2,653,-1.2467
2019,3,2,3,652,-1.6784
2019,3,2,4,584,-1.7981
2019,3,2,5,639,-0.8612
2019,3,3,1,570,2.0828
2019,3,3,2,674,2.1894
2019,3,3,3,686,2.3587
2019,3,3,4,669,3.1837
2019,3,3,5,698,1.8422
2019,4,1,1,952,2.5564
2019,4,1,2,1181,1.6778
2019,4,1,3,1151,1.6101
2019,4,1,4,889,2.4967
2019,4,1,5,1116,2.0709
2019,4,2,1,523,3.6814
2019,4,2,2,683,2.6789
2019,4,2,3,664,2.4440
2019,4,2,4,583,3.7369
2019,4,2,5,640,2.5004
2019,4,3,1,576,2.9599
2019,4,3,2,680,3.9635
2019,4,3,3,690,3.3559
2019,4,3,4,669,4.8993
2019,4,3,5,701,2.8534
2019,5,1,1,943,-9.5087
2019,5,1,2,1214,-9.8089
2019,5,1,3,1137,-9.4609
2019,5,1,4,883,-9.6378
2019,5,1,5,1134,-8.4230
2019,5,2,1,527,-10.4786
2019,5,2,2,714,-9.6546
2019,5,2,3,656,-8.3603
2019,5,2,4,579,-9.6589
2019,5,2,5,664,-8.7745
2019,5,3,1,582,-7.3184
2019,5,3,2,749,-6.0546
2019,5,3,3,691,-6.2039
2019,5,3,4,664,-7.4009
2019,5,3,5,725,-6.7638
2019,6,1,1,957,6.4415
2019,6,1,2,1189,4.9932
2019,6,1,3,1107,5.6293
2019,6,1,4,1164,5.1943
2019,6,1,5,1130,5.4544
2019,6,2,1,536,9.4352
2019,6,2,2,695,7.1316
2019,6,2,3,648,8.2974
2019,6,2,4,674,7.4385
2019,6,2,5,654,6.9858
2019,6,3,1,589,7.9260
2019,6,3,2,749,7.0191
2019,6,3,3,670,6.9715
2019,6,3,4,730,7.6006
2019,6,3,5,721,7.1781
2019,7,1,1,950,-2.4445
2019,7,1,2,1192,-1.0130
2019,7,1,3,1064,-0.2583
2019,7,1,4,1127,-0.4588
2019,7,1,5,1091,-1.2457
2019,7,2,1,546,-1.0043
2019,7,2,2,710,-0.1271
2019,7,2,3,635,0.7001
2019,7,2,4,668,1.1148
2019,7,2,5,656,0.4650
2019,7,3,1,609,0.1305
2019,7,3,2,758,1.5255
2019,7,3,3,664,1.6655
2019,7,3,4,743,1.6976
2019,7,3,5,723,0.9911
2019,8,1,1,969,-7.8350
2019,8,1,2,1195,-6.0712
2019,8,1,3,1078,-6.3796
2019,8,1,4,1134,-6.5789
2019,8,1,5,1092,-6.7830
2019,8,2,1,545,-6.0696
2019,8,2,2,720,-5.4364
2019,8,2,3,639,-5.3138
2019,8,2,4,657,-4.6894
2019,8,2,5,649,-5.2533
2019,8,3,1,569,-1.6497
2019,8,3,2,762,-1.1353
2019,8,3,3,669,-1.5574
2019,8,3,4,741,-1.7960
2019,8,3,5,721,-1.3334
2019,9,1,1,969,2.9806
2019,9,1,2,1191,1.5664
2019,9,1,3,1085,1.3272
2019,9,1,4,1166,2.0755
2019,9,1,5,1077,1.2261
2019,9,2,1,543,3.3214
2019,9,2,2,732,1.7197
2019,9,2,3,646,1.8139
2019,9,2,4,682,1.6343
2019,9,2,5,642,1.7120
2019,9,3,1,566,2.6121
2019,9,3,2,774,1.7745
2019,9,3,3,672,0.4926
2019,9,3,4,754,1.3827
2019,9,3,5,729,1.4634
2019,10,1,1,1080,-0.5409
2019,10,1,2,1179,0.5519
2019,10,1,3,1106,0.4700
2019,10,1,4,1191,0.2876
2019,10,1,5,1062,0.6557
2019,10,2,1,615,1.4594
2019,10,2,2,719,2.3621
2019,10,2,3,662,3.0342
2019,10,2,4,690,2.7983
2019,10,2,5,632,1.9793
2019,10,3,1,672,0.8274
2019,10,3,2,761,1.9366
2019,10,3,3,672,2.4468
2019,10,3,4,768,2.2297
2019,10,3,5,724,1.5691
2019,11,1,1,1059,4.9641
2019,11,1,2,1156,4.1466
2019,11,1,3,1099,4.4055
2019,11,1,4,1194,3.8149
2019,11,1,5,1095,4.9144
2019,11,2,1,593,3.5638
2019,11,2,2,692,3.9755
2019,11,2,3,641,4.3572
2019,11,2,4,708,4.1934
2019,11,2,5,637,4.6713
2019,11,3,1,662,2.3423
2019,11,3,2,752,3.2140
2019,11,3,3,671,3.7782
2019,11,3,4,779,3.8855
2019,11,3,5,720,3.4107
2019,12,1,1,977,7.8061
2019,12,1,2,1160,5.0043
2019,12,1,3,1129,5.4657
2019,12,1,4,1200,5.6085
2019,12,1,5,1108,5.3999
2019,12,2,1,558,4.7841
2019,12,2,2,689,3.4063
2019,12,2,3,657,2.5438
2019,12,2,4,721,3.5137
2019,12,2,5,672,3.1344
2019,12,3,1,615,2.7848
2019,12,3,2,757,3.0458
2019,12,3,3,690,2.5336
2019,12,3,4,787,3.1289
2019,12,3,5,750,2.6921
2020,1,1,1,970,-6.6966
2020,1,1,2,1153,-4.8920
2020,1,1,3,1117,-4.0640
2020,1,1,4,1206,-4.4311
2020,1,1,5,1087,-5.1207
2020,1,2,1,554,-5.7335
2020,1,2,2,688,-3.7840
2020,1,2,3,648,-3.2552
2020,1,2,4,730,-3.8675
2020,1,2,5,642,-3.5871
2020,1,3,1,613,-1.6800
2020,1,3,2,752,0.4834
2020,1,3,3,691,1.9941
2020,1,3,4,790,1.1760
2020,1,3,5,737,-0.1357
2020,2,1,1,964,-7.4657
2020,2,1,2,1161,-6.6653
2020,2,1,3,1129,-6.1618
2020,2,1,4,1215,-6.6856
2020,2,1,5,1087,-8.0321
2020,2,2,1,537,-10.2276
2020,2,2,2,702,-9.0235
2020,2,2,3,657,-8.9384
2020,2,2,4,715,-9.0636
2020,2,2,5,639,-8.6822
2020,2,3,1,607,-9.0057
2020,2,3,2,747,-7.7050
2020,2,3,3,724,-6.6701
2020,2,3,4,796,-7.1739
2020,2,3,5,739,-7.9789
2020,3,1,1,959,-27.3649
2020,3,1,2,1151,-25.0140
2020,3,1,3,1080,-24.6550
2020,3,1,4,1166,-24.5326
2020,3,1,5,1089,-26.2511
2020,3,2,1,531,-23.6594
2020,3,2,2,679,-23.5408
2020,3,2,3,622,-23.4930
2020,3,2,4,693,-23.6970
2020,3,2,5,648,-24.3538
2020,3,3,1,608,-16.2116
2020,3,3,2,735,-11.6738
2020,3,3,3,700,-10.0390
2020,3,3,4,763,-10.8800
2020,3,3,5,750,-12.2648
2020,4,1,1,928,23.1761
2020,4,1,2,1153,20.2367
2020,4,1,3,1117,17.9718
2020,4,1,4,1164,20.4526
2020,4,1,5,1092,21.4593
2020,4,2,1,518,19.5858
2020,4,2,2,694,16.6786
2020,4,2,3,641,16.2209
2020,4,2,4,700,17.5392
2020,4,2,5,684,17.3115
2020,4,3,1,579,13.4066
2020,4,3,2,751,13.5372
2020,4,3,3,724,14.0206
2020,4,3,4,781,14.3553
2020,4,3,5,770,14.9798
2020,5,1,1,1074,5.7678
2020,5,1,2,1148,7.3534
2020,5,1,3,1095,9.0375
2020,5,1,4,1148,9.3098
2020,5,1,5,1080,9.0300
2020,5,2,1,582,7.2094
2020,5,2,2,716,9.0840
2020,5,2,3,643,9.1313
2020,5,2,4,695,8.1726
2020,5,2,5,670,9.1851
2020,5,3,1,692,4.7010
2020,5,3,2,747,6.0153
2020,5,3,3,712,6.2830
2020,5,3,4,774,5.8471
2020,5,3,5,747,5.7984
2020,6,1,1,1097,6.2019
2020,6,1,2,1125,9.2746
2020,6,1,3,1089,6.8302
2020,6,1,4,1136,7.9013
2020,6,1,5,1077,8.4304
2020,6,2,1,599,2.6601
2020,6,2,2,705,3.8512
2020,6,2,3,646,3.4685
2020,6,2,4,685,3.9459
2020,6,2,5,678,3.3104
2020,6,3,1,723,1.0433
2020,6,3,2,739,1.7781
2020,6,3,3,717,3.4431
2020,6,3,4,769,3.1688
2020,6,3,5,750,3.3034
2020,7,1,1,1054,6.2235
2020,7,1,2,1023,5.4311
2020,7,1,3,1030,5.0796
2020,7,1,4,1088,4.8939
2020,7,1,5,1020,5.9291
2020,7,2,1,649,4.1325
2020,7,2,2,660,4.5441
2020,7,2,3,631,6.1127
2020,7,2,4,673,4.0121
2020,7,2,5,665,5.0965
2020,7,3,1,737,4.8868
2020,7,3,2,709,7.2993
2020,7,3,3,661,6.2901
2020,7,3,4,755,6.4647
2020,7,3,5,746,7.4357
2020,8,1,1,999,6.4363
2020,8,1,2,1008,4.8893
2020,8,1,3,1048,5.3031
2020,8,1,4,1094,4.9679
2020,8,1,5,1049,5.0962
2020,8,2,1,632,5.6711
2020,8,2,2,649,7.1835
2020,8,2,3,635,7.1673
2020,8,2,4,689,6.3401
2020,8,2,5,678,6.0553
2020,8,3,1,734,6.1998
2020,8,3,2,671,5.8678
2020,8,3,3,677,7.9533
2020,8,3,4,772,7.7147
2020,8,3,5,765,10.4423
2020,9,1,1,1018,-0.8795
2020,9,1,2,891,-1.6219
2020,9,1,3,1045,-2.5921
2020,9,1,4,1104,-2.6438
2020,9,1,5,1087,-0.9236
2020,9,2,1,645,-5.5804
2020,9,2,2,606,-2.3529
2020,9,2,3,638,-2.8300
2020,9,2,4,704,-3.5800
2020,9,2,5,696,-2.5837
2020,9,3,1,741,-3.7245
2020,9,3,2,597,-2.3225
2020,9,3,3,686,-3.8405
2020,9,3,4,783,-3.8940
2020,9,3,5,783,-4.1311
2020,10,1,1,920,-3.5925
2020,10,1,2,866,-2.0403
2020,10,1,3,759,-0.8348
2020,10,1,4,1087,-0.3340
2020,10,1,5,1132,-1.7393
2020,10,2,1,584,2.5452
2020,10,2,2,565,1.2652
2020,10,2,3,549,-0.2306
2020,10,2,4,686,1.1446
2020,10,2,5,741,2.5869
2020,10,3,1,645,-2.2267
2020,10,3,2,550,-1.9856
2020,10,3,3,601,-1.3869
2020,10,3,4,744,-2.1549
2020,10,3,5,800,-2.7477
2020,11,1,1,919,25.5365
2020,11,1,2,894,24.4053
2020,11,1,3,771,26.3662
2020,11,1,4,1090,24.5410
2020,11,1,5,1132,26.4467
2020,11,2,1,584,19.3326
2020,11,2,2,586,19.1728
2020,11,2,3,558,22.2623
2020,11,2,4,696,20.2037
2020,11,2,5,739,19.0976
2020,11,3,1,637,12.8121
2020,11,3,2,589,10.1117
2020,11,3,3,604,11.1068
2020,11,3,4,799,10.9026
2020,11,3,5,799,12.7298
2020,12,1,1,930,9.6072
2020,12,1,2,1071,8.8841
2020,12,1,3,770,11.8011
2020,12,1,4,1108,10.3375
2020,12,1,5,1131,9.3789
2020,12,2,1,603,8.3179
2020,12,2,2,694,10.1188
2020,12,2,3,547,9.4076
2020,12,2,4,695,9.5828
2020,12,2,5,729,9.7559
2020,12,3,1,653,3.6668
2020,12,3,2,736,3.4462
2020,12,3,3,603,3.7660
2020,12,3,4,806,3.9365
2020,12,3,5,792,5.2653
2021,1,1,1,953,16.0263
2021,1,1,2,1006,23.1009
2021,1,1,3,766,19.7381
2021,1,1,4,837,23.9726
2021,1,1,5,1120,16.9962
2021,1,2,1,622,7.7415
2021,1,2,2,659,6.7727
2021,1,2,3,549,5.7193
2021,1,2,4,598,6.8424
2021,1,2,5,721,4.9449
2021,1,3,1,664,-0.3940
2021,1,3,2,677,-0.4402
2021,1,3,3,609,-0.8180
2021,1,3,4,741,-0.5558
2021,1,3,5,793,1.0625
2021,2,1,1,992,10.4677
2021,2,1,2,1006,3.7795
2021,2,1,3,655,8.6677
2021,2,1,4,833,7.7137
2021,2,1,5,1042,8.4476
2021,2,2,1,642,8.5727
2021,2,2,2,657,5.3701
2021,2,2,3,497,8.8729
2021,2,2,4,604,7.6497
2021,2,2,5,663,8.2501
2021,2,3,1,730,2.2210
2021,2,3,2,684,0.6383
2021,2,3,3,544,5.0911
2021,2,3,4,746,1.7860
2021,2,3,5,676,0.4859
2021,3,1,1,998,1.3869
2021,3,1,2,975,3.0202
2021,3,1,3,660,3.3846
2021,3,1,4,825,3.9658
2021,3,1,5,968,0.3732
2021,3,2,1,660,0.9358
2021,3,2,2,642,2.8297
2021,3,2,3,497,2.1169
2021,3,2,4,596,2.2107
2021,3,2,5,630,2.0441
2021,3,3,1,734,3.4094
2021,3,3,2,672,3.2546
2021,3,3,3,558,2.7447
2021,3,3,4,754,2.9429
2021,3,3,5,650,3.7975
2021,4,1,1,988,-0.5987
2021,4,1,2,1031,-0.5823
2021,4,1,3,652,-3.1674
2021,4,1,4,815,-1.7857
2021,4,1,5,944,-2.0152
2021,4,2,1,660,1.1190
2021,4,2,2,689,1.6705
2021,4,2,3,486,2.7426
2021,4,2,4,583,3.1297
2021,4,2,5,589,1.5862
2021,4,3,1,734,4.0859
2021,4,3,2,752,5.2335
2021,4,3,3,557,6.4145
2021,4,3,4,743,5.5343
2021,4,3,5,637,3.4831
2021,5,1,1,1043,8.1849
2021,5,1,2,1047,2.8597
2021,5,1,3,634,3.2056
2021,5,1,4,808,3.9589
2021,5,1,5,1060,5.7729
2021,5,2,1,696,1.2504
2021,5,2,2,690,1.3371
2021,5,2,3,459,0.8369
2021,5,2,4,573,2.2790
2021,5,2,5,668,2.2287
2021,5,3,1,769,0.2312
2021,5,3,2,752,-0.8951
2021,5,3,3,554,-0.4082
2021,5,3,4,738,-0.5412
2021,5,3,5,777,0.0417
2021,6,1,1,1008,12.1466
2021,6,1,2,1053,3.0398
2021,6,1,3,968,4.9767
2021,6,1,4,800,3.4484
2021,6,1,5,1059,7.1039
2021,6,2,1,665,3.1872
2021,6,2,2,689,2.2129
2021,6,2,3,565,1.4103
2021,6,2,4,574,0.7271
2021,6,2,5,664,1.8722
2021,6,3,1,751,3.2591
2021,6,3,2,766,2.8145
2021,6,3,3,640,2.8835
2021,6,3,4,732,3.0344
2021,6,3,5,776,3.0042
2021,7,1,1,969,-8.0607
2021,7,1,2,1046,-6.7369
2021,7,1,3,961,-5.0543
2021,7,1,4,1084,-5.9927
2021,7,1,5,1025,-7.0465
2021,7,2,1,637,-4.3489
2021,7,2,2,703,-2.6947
2021,7,2,3,581,-2.5580
2021,7,2,4,665,-2.4817
2021,7,2,5,657,-3.4741
2021,7,3,1,738,1.3866
2021,7,3,2,779,1.2167
2021,7,3,3,681,2.2746
2021,7,3,4,801,1.4055
2021,7,3,5,768,1.4852
2021,8,1,1,977,3.5247
2021,8,1,2,1115,3.4326
2021,8,1,3,1141,4.4177
2021,8,1,4,1086,2.1241
2021,8,1,5,1116,1.8196
2021,8,2,1,649,1.7659
2021,8,2,2,686,0.7636
2021,8,2,3,666,1.5177
2021,8,2,4,663,0.8163
2021,8,2,5,683,1.5580
2021,8,3,1,738,2.3109
2021,8,3,2,791,2.6743
2021,8,3,3,800,3.0916
2021,8,3,4,800,2.5402
2021,8,3,5,741,2.1250
2021,9,1,1,971,-1.8518
2021,9,1,2,1144,-3.7691
2021,9,1,3,1273,-3.2407
2021,9,1,4,1149,-3.6512
2021,9,1,5,1192,-0.9416
2021,9,2,1,621,-2.6479
2021,9,2,2,700,-3.5846
2021,9,2,3,752,-3.2285
2021,9,2,4,672,-4.6857
2021,9,2,5,714,-1.9828
2021,9,3,1,732,-4.5616
2021,9,3,2,810,-4.5296
2021,9,3,3,831,-5.2391
2021,9,3,4,807,-5.2450
2021,9,3,5,761,-4.2166
2021,10,1,1,977,1.7746
2021,10,1,2,1263,2.0310
2021,10,1,3,1288,3.4312
2021,10,1,4,1177,2.7972
2021,10,1,5,1187,2.7112
2021,10,2,1,610,3.0354
2021,10,2,2,741,3.8260
2021,10,2,3,758,3.3131
2021,10,2,4,680,4.0743
2021,10,2,5,694,4.2348
2021,10,3,1,730,5.6131
2021,10,3,2,828,6.2823
2021,10,3,3,834,6.5890
2021,10,3,4,809,7.7764
2021,10,3,5,756,7.8080
2021,11,1,1,1087,-6.8432
2021,11,1,2,1277,-6.6386
2021,11,1,3,1305,-6.4362
2021,11,1,4,1217,-6.5237
2021,11,1,5,1166,-7.9067
2021,11,2,1,644,-2.4203
2021,11,2,2,740,-3.2979
2021,11,2,3,743,-3.2641
2021,11,2,4,675,-3.1164
2021,11,2,5,673,-3.2441
2021,11,3,1,732,-0.5399
2021,11,3,2,838,-1.9522
2021,11,3,3,834,-2.8484
2021,11,3,4,832,-1.6722
2021,11,3,5,722,-0.6790
2021,12,1,1,1233,-0.5068
2021,12,1,2,1263,1.2130
2021,12,1,3,1310,-0.3895
2021,12,1,4,1224,0.8615
2021,12,1,5,1225,-0.6533
2021,12,2,1,703,2.8658
2021,12,2,2,698,2.8088
2021,12,2,3,751,3.3035
2021,12,2,4,673,3.1943
2021,12,2,5,716,3.1754
2021,12,3,1,784,4.3241
2021,12,3,2,828,3.5157
2021,12,3,3,858,3.9015
2021,12,3,4,833,3.0935
2021,12,3,5,774,3.9752
2022,1,1,1,1265,-8.6023
2022,1,1,2,1280,-7.9650
2022,1,1,3,1270,-10.4985
2022,1,1,4,1326,-8.1780
2022,1,1,5,1215,-7.6768
2022,1,2,1,760,-8.7529
2022,1,2,2,706,-9.1370
2022,1,2,3,735,-10.1290
2022,1,2,4,711,-9.7182
2022,1,2,5,708,-7.5966
2022,1,3,1,819,-5.3900
2022,1,3,2,817,-6.8372
2022,1,3,3,832,-7.2051
2022,1,3,4,840,-7.7184
2022,1,3,5,774,-4.0164
2022,2,1,1,1272,1.4746
2022,2,1,2,1334,0.8306
2022,2,1,3,1272,1.0993
2022,2,1,4,1345,1.6984
2022,2,1,5,1197,2.0431
2022,2,2,1,756,2.0614
2022,2,2,2,729,1.4380
2022,2,2,3,738,1.0068
2022,2,2,4,729,1.5821
2022,2,2,5,671,2.9113
2022,2,3,1,811,-1.4847
2022,2,3,2,839,-2.4608
2022,2,3,3,831,-2.7700
2022,2,3,4,845,-1.5267
2022,2,3,5,757,-1.0779
2022,3,1,1,1284,3.1517
2022,3,1,2,1337,1.4892
2022,3,1,3,1300,2.3146
2022,3,1,4,1347,2.9904
2022,3,1,5,1201,3.0304
2022,3,2,1,751,1.8077
2022,3,2,2,733,1.9547
2022,3,2,3,743,1.3694
2022,3,2,4,733,0.8798
2022,3,2,5,682,2.6520
2022,3,3,1,817,3.9291
2022,3,3,2,839,3.3053
2022,3,3,3,798,4.2179
2022,3,3,4,851,4.1249
2022,3,3,5,764,5.3872
2022,4,1,1,1297,-9.5408
2022,4,1,2,1338,-8.8279
2022,4,1,3,1296,-11.5920
2022,4,1,4,1352,-10.3803
2022,4,1,5,1193,-9.2392
2022,4,2,1,750,-8.9317
2022,4,2,2,748,-8.6892
2022,4,2,3,740,-10.1100
2022,4,2,4,732,-9.5142
2022,4,2,5,669,-7.7275
2022,4,3,1,821,-7.8520
2022,4,3,2,842,-10.0859
2022,4,3,3,804,-9.7220
2022,4,3,4,820,-9.2881
2022,4,3,5,758,-7.1331
2022,5,1,1,1306,-0.5320
2022,5,1,2,1328,-1.3070
2022,5,1,3,1301,-2.5655
2022,5,1,4,1339,-3.6040
2022,5,1,5,1164,1.7231
2022,5,2,1,731,0.1225
2022,5,2,2,731,-0.0460
2022,5,2,3,746,-1.0644
2022,5,2,4,723,-0.3733
2022,5,2,5,631,2.6280
2022,5,3,1,815,-1.2534
2022,5,3,2,790,-1.4880
2022,5,3,3,803,-1.3736
2022,5,3,4,810,-1.1385
2022,5,3,5,665,1.6736
2022,6,1,1,1301,-10.2827
2022,6,1,2,1336,-9.1892
2022,6,1,3,1296,-8.4226
2022,6,1,4,1370,-6.4484
2022,6,1,5,1154,-9.1749
2022,6,2,1,722,-9.3320
2022,6,2,2,738,-9.1286
2022,6,2,3,742,-7.4643
2022,6,2,4,742,-6.0740
2022,6,2,5,632,-7.5074
2022,6,3,1,809,-8.1293
2022,6,3,2,798,-8.1100
2022,6,3,3,797,-8.7389
2022,6,3,4,831,-7.4471
2022,6,3,5,666,-8.4635
2022,7,1,1,1265,8.6573
2022,7,1,2,1306,9.2178
2022,7,1,3,1346,10.2315
2022,7,1,4,1326,10.1017
2022,7,1,5,1123,9.8810
2022,7,2,1,719,9.9383
2022,7,2,2,736,9.8558
2022,7,2,3,773,10.3078
2022,7,2,4,695,10.0727
2022,7,2,5,617,9.9864
2022,7,3,1,818,10.0724
2022,7,3,2,783,10.1563
2022,7,3,3,814,11.4514
2022,7,3,4,790,8.6872
2022,7,3,5,640,8.7219
2022,8,1,1,1415,-0.5159
2022,8,1,2,1361,-0.9009
2022,8,1,3,1365,-0.7056
2022,8,1,4,1410,0.8640
2022,8,1,5,1086,0.9348
2022,8,2,1,770,-1.9879
2022,8,2,2,756,-2.4335
2022,8,2,3,770,-2.1543
2022,8,2,4,753,-0.9789
2022,8,2,5,596,-1.0921
2022,8,3,1,839,-3.8034
2022,8,3,2,788,-3.4712
2022,8,3,3,807,-4.1369
2022,8,3,4,815,-3.5911
2022,8,3,5,607,-2.7633
2022,9,1,1,1451,-12.6789
2022,9,1,2,1385,-11.2572
2022,9,1,3,1423,-12.1063
2022,9,1,4,1533,-10.8229
2022,9,1,5,997,-12.2922
2022,9,2,1,772,-10.3131
2022,9,2,2,764,-9.9125
2022,9,2,3,734,-10.1416
2022,9,2,4,779,-9.2614
2022,9,2,5,536,-10.6217
2022,9,3,1,830,-9.6878
2022,9,3,2,789,-9.8752
2022,9,3,3,824,-9.5064
2022,9,3,4,808,-8.3921
2022,9,3,5,552,-8.2174
2022,10,1,1,1472,9.4839
2022,10,1,2,985,10.9054
2022,10,1,3,1476,9.6146
2022,10,1,4,1526,7.7437
2022,10,1,5,1103,10.4992
2022,10,2,1,787,10.4660
2022,10,2,2,618,11.7537
2022,10,2,3,780,11.0310
2022,10,2,4,793,10.5356
2022,10,2,5,587,11.0415
2022,10,3,1,832,5.7413
2022,10,3,2,666,5.3116
2022,10,3,3,863,6.2196
2022,10,3,4,802,7.4750
2022,10,3,5,575,9.4651
2022,11,1,1,1438,-0.1796
2022,11,1,2,976,-2.2686
2022,11,1,3,1551,-1.8669
2022,11,1,4,1540,-0.8573
2022,11,1,5,1100,0.5697
2022,11,2,1,748,1.1865
2022,11,2,2,602,0.8695
2022,11,2,3,815,1.8218
2022,11,2,4,794,2.2428
2022,11,2,5,583,3.4491
2022,11,3,1,819,4.2030
2022,11,3,2,650,5.6391
2022,11,3,3,857,5.2679
2022,11,3,4,833,5.5276
2022,11,3,5,571,4.6888
2022,12,1,1,1450,-6.8577
2022,12,1,2,979,-5.5358
2022,12,1,3,1560,-5.0306
2022,12,1,4,1552,-4.1797
2022,12,1,5,1092,-5.2482
2022,12,2,1,730,-7.1799
2022,12,2,2,604,-6.6394
2022,12,2,3,831,-5.6546
2022,12,2,4,792,-5.7313
2022,12,2,5,556,-6.5858
2022,12,3,1,805,-8.1032
2022,12,3,2,640,-6.2305
2022,12,3,3,853,-6.0246
2022,12,3,4,833,-5.5985
2022,12,3,5,565,-4.6146
2023,1,1,1,1435,15.7037
2023,1,1,2,1026,13.1448
2023,1,1,3,1546,13.6906
2023,1,1,4,1541,12.6330
2023,1,1,5,1097,10.1936
2023,1,2,1,715,14.3563
2023,1,2,2,633,13.2504
2023,1,2,3,834,12.1786
2023,1,2,4,786,12.3091
2023,1,2,5,583,10.6047
2023,1,3,1,796,9.1448
2023,1,3,2,663,9.3159
2023,1,3,3,851,8.5170
2023,1,3,4,829,5.6257
2023,1,3,5,579,3.6733
2023,2,1,1,1418,-5.5945
2023,2,1,2,969,-2.3397
2023,2,1,3,1489,-4.0927
2023,2,1,4,1577,-4.0149
2023,2,1,5,1220,-4.6196
2023,2,2,1,739,-2.3910
2023,2,2,2,600,-2.3632
2023,2,2,3,802,-2.4261
2023,2,2,4,809,-2.2726
2023,2,2,5,677,-2.3129
2023,2,3,1,779,-1.9571
2023,2,3,2,630,-2.4346
2023,2,3,3,818,-2.4003
2023,2,3,4,852,-3.1857
2023,2,3,5,686,-2.5059
2023,3,1,1,1406,-7.5117
2023,3,1,2,1432,-7.6850
2023,3,1,3,1409,-7.3793
2023,3,1,4,1564,-6.3812
2023,3,1,5,1297,-5.2998
2023,3,2,1,732,-2.9010
2023,3,2,2,722,-2.2155
2023,3,2,3,765,-1.8103
2023,3,2,4,813,-2.5909
2023,3,2,5,704,-3.3482
2023,3,3,1,769,4.5087
2023,3,3,2,709,5.2894
2023,3,3,3,785,6.1060
2023,3,3,4,846,4.1757
2023,3,3,5,706,2.2712
2023,4,1,1,1395,-4.6068
2023,4,1,2,1455,-3.9248
2023,4,1,3,1469,-4.9945
2023,4,1,4,1549,-2.8345
2023,4,1,5,1295,-2.4388
2023,4,2,1,730,-2.2191
2023,4,2,2,746,-2.4073
2023,4,2,3,781,-1.5569
2023,4,2,4,799,-1.2090
2023,4,2,5,713,-0.7766
2023,4,3,1,765,0.1273
2023,4,3,2,723,1.0663
2023,4,3,3,797,1.1706
2023,4,3,4,838,1.5012
2023,4,3,5,711,0.2904
2023,5,1,1,1422,0.3432
2023,5,1,2,1447,-0.4630
2023,5,1,3,1464,2.4730
2023,5,1,4,1485,-0.0960
2023,5,1,5,1275,0.6800
2023,5,2,1,757,-0.4621
2023,5,2,2,732,-1.0393
2023,5,2,3,763,-0.5223
2023,5,2,4,775,-0.4489
2023,5,2,5,711,-0.6696
2023,5,3,1,785,0.8495
2023,5,3,2,713,0.7721
2023,5,3,3,792,2.3360
2023,5,3,4,812,-0.6190
2023,5,3,5,712,-2.1714
2023,6,1,1,1393,8.2697
2023,6,1,2,1477,7.2031
2023,6,1,3,1448,7.7733
2023,6,1,4,1444,8.2327
2023,6,1,5,1473,6.1154
2023,6,2,1,743,9.5203
2023,6,2,2,756,8.9384
2023,6,2,3,754,8.8194
2023,6,2,4,758,10.4780
2023,6,2,5,815,8.0052
2023,6,3,1,766,7.3742
2023,6,3,2,734,7.5548
2023,6,3,3,781,7.2622
2023,6,3,4,813,7.3005
2023,6,3,5,818,7.9243
2023,7,1,1,1316,6.4355
2023,7,1,2,1400,6.1087
2023,7,1,3,1351,5.4573
2023,7,1,4,1353,7.0750
2023,7,1,5,1362,5.5073
2023,7,2,1,727,5.0157
2023,7,2,2,732,5.1797
2023,7,2,3,722,4.9722
2023,7,2,4,741,5.1220
2023,7,2,5,794,5.0121
2023,7,3,1,741,3.1047
2023,7,3,2,715,2.6621
2023,7,3,3,765,3.1641
2023,7,3,4,796,3.6768
2023,7,3,5,799,3.5027
2023,8,1,1,1380,-8.6346
2023,8,1,2,1402,-8.8303
2023,8,1,3,1422,-6.5949
2023,8,1,4,1380,-6.1800
2023,8,1,5,1373,-8.5148
2023,8,2,1,723,-4.3875
2023,8,2,2,734,-5.1910
2023,8,2,3,765,-5.1286
2023,8,2,4,728,-4.8730
2023,8,2,5,790,-5.8888
2023,8,3,1,761,-1.2714
2023,8,3,2,705,-1.2395
2023,8,3,3,813,-1.9124
2023,8,3,4,788,-2.1301
2023,8,3,5,801,-1.6763
2023,9,1,1,1370,-7.3273
2023,9,1,2,1403,-6.8578
2023,9,1,3,1394,-6.8949
2023,9,1,4,822,-6.7092
2023,9,1,5,1412,-7.2787
2023,9,2,1,686,-5.9798
2023,9,2,2,738,-6.8299
2023,9,2,3,752,-6.1500
2023,9,2,4,558,-6.2327
2023,9,2,5,786,-5.8772
2023,9,3,1,739,-4.3108
2023,9,3,2,702,-4.6512
2023,9,3,3,801,-5.5681
2023,9,3,4,626,-4.9239
2023,9,3,5,803,-4.6207
2023,10,1,1,1419,-9.2147
2023,10,1,2,1376,-9.6097
2023,10,1,3,1451,-9.2435
2023,10,1,4,1305,-9.5616
2023,10,1,5,1390,-9.4720
2023,10,2,1,696,-6.3311
2023,10,2,2,701,-7.3779
2023,10,2,3,779,-6.9556
2023,10,2,4,658,-6.9894
2023,10,2,5,745,-7.9188
2023,10,3,1,762,-2.8233
2023,10,3,2,674,-2.7728
2023,10,3,3,827,-2.1320
2023,10,3,4,693,-2.0244
2023,10,3,5,788,-4.1775
2023,11,1,1,1454,7.0945
2023,11,1,2,1401,8.8584
2023,11,1,3,1500,6.6442
2023,11,1,4,1299,8.0561
2023,11,1,5,1393,7.3723
2023,11,2,1,727,7.9153
2023,11,2,2,715,9.8509
2023,11,2,3,771,9.9767
2023,11,2,4,655,8.7796
2023,11,2,5,750,9.2522
2023,11,3,1,782,6.6474
2023,11,3,2,704,9.2364
2023,11,3,3,812,9.7212
2023,11,3,4,693,8.4872
2023,11,3,5,792,7.8786
2023,12,1,1,1415,14.3824
2023,12,1,2,1396,13.2620
2023,12,1,3,1481,13.3346
2023,12,1,4,1468,12.2214
2023,12,1,5,1438,15.0582
2023,12,2,1,714,11.4935
2023,12,2,2,712,11.1094
2023,12,2,3,703,11.6013
2023,12,2,4,723,10.8363
2023,12,2,5,760,11.4166
2023,12,3,1,761,4.4731
2023,12,3,2,703,5.6287
2023,12,3,3,791,5.8308
2023,12,3,4,793,4.8497
2023,12,3,5,809,5.0111
2024,1,1,1,1389,-2.7588
2024,1,1,2,1413,-3.7744
2024,1,1,3,1446,-4.5920
2024,1,1,4,1501,-5.7364
2024,1,1,5,1438,-4.3124
2024,1,2,1,703,-4.3007
2024,1,2,2,711,-4.3356
2024,1,2,3,690,-4.7370
2024,1,2,4,726,-4.9169
2024,1,2,5,742,-4.6399
2024,1,3,1,745,-0.0804
2024,1,3,2,716,0.3413
2024,1,3,3,788,0.5266
2024,1,3,4,795,1.0524
2024,1,3,5,805,0.3177
2024,2,1,1,1384,7.0941
2024,2,1,2,1391,7.6813
2024,2,1,3,1443,3.8317
2024,2,1,4,1500,4.3289
2024,2,1,5,1445,7.7550
2024,2,2,1,677,6.4354
2024,2,2,2,696,6.7633
2024,2,2,3,684,4.9244
2024,2,2,4,714,4.8870
2024,2,2,5,744,5.7952
2024,2,3,1,747,5.1439
2024,2,3,2,697,6.2270
2024,2,3,3,789,5.4420
2024,2,3,4,792,5.7991
2024,2,3,5,795,5.6906
2024,3,1,1,1353,3.0041
2024,3,1,2,1369,2.5244
2024,3,1,3,1399,3.9474
2024,3,1,4,1470,3.2670
2024,3,1,5,1433,2.4328
2024,3,2,1,663,2.4716
2024,3,2,2,660,2.1142
2024,3,2,3,650,2.9003
2024,3,2,4,726,1.7989
2024,3,2,5,734,2.3959
2024,3,3,1,739,3.5642
2024,3,3,2,694,2.5540
2024,3,3,3,764,4.3942
2024,3,3,4,764,3.2281
2024,3,3,5,793,3.3480
2024,4,1,1,1356,-7.9925
2024,4,1,2,1362,-8.7965
2024,4,1,3,1378,-7.0434
2024,4,1,4,1469,-8.4368
2024,4,1,5,1421,-8.3549
2024,4,2,1,665,-7.4102
2024,4,2,2,662,-7.2165
2024,4,2,3,655,-6.7122
2024,4,2,4,736,-7.0563
2024,4,2,5,719,-6.7445
2024,4,3,1,744,-2.8359
2024,4,3,2,699,-4.5080
2024,4,3,3,759,-3.2627
2024,4,3,4,796,-3.9912
2024,4,3,5,785,-3.1530
2024,5,1,1,1143,7.0350
2024,5,1,2,1349,5.0004
2024,5,1,3,1364,6.3775
2024,5,1,4,1448,4.3380
2024,5,1,5,1404,7.3067
2024,5,2,1,565,4.6878
2024,5,2,2,669,5.5714
2024,5,2,3,650,5.3828
2024,5,2,4,734,5.3463
2024,5,2,5,699,5.8338
2024,5,3,1,617,2.3807
2024,5,3,2,704,3.1752
2024,5,3,3,750,4.1733
2024,5,3,4,786,3.5412
2024,5,3,5,772,3.7389
2024,6,1,1,1129,-3.9807
2024,6,1,2,1339,-4.1550
2024,6,1,3,1420,-3.8270
2024,6,1,4,1413,-4.1241
2024,6,1,5,1275,-5.2003
2024,6,2,1,567,-1.9954
2024,6,2,2,652,-2.3640
2024,6,2,3,663,-2.5230
2024,6,2,4,713,-2.1029
2024,6,2,5,609,-3.4383
2024,6,3,1,614,1.2335
2024,6,3,2,734,2.9485
2024,6,3,3,774,3.2152
2024,6,3,4,778,3.5173
2024,6,3,5,681,1.3530
2024,7,1,1,1093,11.1412
2024,7,1,2,1271,11.0045
2024,7,1,3,1282,10.7338
2024,7,1,4,1306,11.3188
2024,7,1,5,1268,10.8167
2024,7,2,1,567,8.4779
2024,7,2,2,663,8.3945
2024,7,2,3,615,8.4021
2024,7,2,4,692,8.3166
2024,7,2,5,656,8.5387
2024,7,3,1,622,2.5968
2024,7,3,2,749,1.9226
2024,7,3,3,727,1.3983
2024,7,3,4,762,0.9194
2024,7,3,5,747,2.5166
2024,8,1,1,1305,-2.6109
2024,8,1,2,1259,-3.1370
2024,8,1,3,1284,-3.1521
2024,8,1,4,1293,-3.1167
2024,8,1,5,1263,-3.9076
2024,8,2,1,642,-1.5524
2024,8,2,2,639,-1.2383
2024,8,2,3,610,-2.4030
2024,8,2,4,681,-1.4467
2024,8,2,5,642,-1.7277
2024,8,3,1,724,1.2058
2024,8,3,2,707,2.2402
2024,8,3,3,716,1.5107
2024,8,3,4,754,2.7274
2024,8,3,5,745,1.3909
2024,9,1,1,1301,0.4935
2024,9,1,2,1286,1.3717
2024,9,1,3,1280,0.9592
2024,9,1,4,1282,-0.0760
2024,9,1,5,1292,1.0714
2024,9,2,1,643,2.1665
2024,9,2,2,664,1.7351
2024,9,2,3,617,1.7649
2024,9,2,4,656,0.9661
2024,9,2,5,669,2.7449
2024,9,3,1,720,3.2132
2024,9,3,2,713,2.0505
2024,9,3,3,727,3.3220
2024,9,3,4,736,1.9537
2024,9,3,5,760,2.9535
2024,10,1,1,1282,-0.6299
2024,10,1,2,1266,-0.8714
2024,10,1,3,1283,1.1690
2024,10,1,4,1227,0.9638
2024,10,1,5,1294,-1.0504
2024,10,2,1,650,-2.3815
2024,10,2,2,645,-2.6399
2024,10,2,3,623,-1.4285
2024,10,2,4,626,-2.1739
2024,10,2,5,670,-2.3334
2024,10,3,1,708,-1.6623
2024,10,3,2,709,-1.0213
2024,10,3,3,723,-1.1638
2024,10,3,4,706,-0.9490
2024,10,3,5,760,-1.5107
2024,11,1,1,1292,8.6784
2024,11,1,2,1237,10.7856
2024,11,1,3,868,11.6741
2024,11,1,4,1207,10.8016
2024,11,1,5,1302,11.0715
2024,11,2,1,653,11.9112
2024,11,2,2,611,11.9239
2024,11,2,3,516,13.3350
2024,11,2,4,620,11.8958
2024,11,2,5,677,14.2632
2024,11,3,1,721,7.3577
2024,11,3,2,665,5.6577
2024,11,3,3,639,5.6823
2024,11,3,4,650,5.3798
2024,11,3,5,761,7.3117
2024,12,1,1,1281,-5.2810
2024,12,1,2,1221,-4.1239
2024,12,1,3,810,-2.9010
2024,12,1,4,1198,-4.7051
2024,12,1,5,1254,-2.3369
2024,12,2,1,644,-8.0368
2024,12,2,2,599,-8.0576
2024,12,2,3,516,-7.2071
2024,12,2,4,609,-8.2053
2024,12,2,5,660,-8.2217
2024,12,3,1,718,-2.3679
2024,12,3,2,657,-4.7809
2024,12,3,3,624,-2.8057
2024,12,3,4,650,-4.2800
2024,12,3,5,734,-2.1416
2025,1,1,1,1256,-0.5630
2025,1,1,2,1195,0.5428
2025,1,1,3,783,0.3349
2025,1,1,4,1208,-1.1895
2025,1,1,5,1284,-0.9457
2025,1,2,1,620,2.6722
2025,1,2,2,596,2.9898
2025,1,2,3,497,3.2232
2025,1,2,4,619,3.0576
2025,1,2,5,673,2.8902
2025,1,3,1,673,3.2691
2025,1,3,2,654,3.4262
2025,1,3,3,602,4.4870
2025,1,3,4,646,4.2811
2025,1,3,5,739,1.8365
2025,2,1,1,1226,-6.1990
2025,2,1,2,1218,-6.5538
2025,2,1,3,817,-6.9620
2025,2,1,4,1257,-7.4137
2025,2,1,5,1201,-7.7660
2025,2,2,1,608,-8.0134
2025,2,2,2,631,-6.6811
2025,2,2,3,507,-7.3611
2025,2,2,4,658,-8.0491
2025,2,2,5,632,-7.6098
2025,2,3,1,687,-2.8436
2025,2,3,2,684,-2.2037
2025,2,3,3,610,-2.4102
2025,2,3,4,674,-0.0950
2025,2,3,5,702,-3.7579
2025,3,1,1,1213,-10.5961
2025,3,1,2,1208,-9.3660
2025,3,1,3,798,-9.2772
2025,3,1,4,1109,-10.8606
2025,3,1,5,1215,-10.1579
2025,3,2,1,616,-7.4801
2025,3,2,2,630,-5.5604
2025,3,2,3,491,-6.4055
2025,3,2,4,592,-6.8322
2025,3,2,5,653,-6.6132
2025,3,3,1,690,-5.1741
2025,3,3,2,682,-4.8633
2025,3,3,3,597,-5.7744
2025,3,3,4,581,-4.2930
2025,3,3,5,710,-5.4780
2025,4,1,1,1204,-0.9443
2025,4,1,2,828,-3.2393
2025,4,1,3,801,-2.7981
2025,4,1,4,1094,-0.1033
2025,4,1,5,1209,-0.9652
2025,4,2,1,621,-2.9295
2025,4,2,2,520,-4.3554
2025,4,2,3,489,-3.0015
2025,4,2,4,580,-2.7217
2025,4,2,5,653,-2.8823
2025,4,3,1,690,-2.3383
2025,4,3,2,591,-0.7390
2025,4,3,3,599,-0.1348
2025,4,3,4,567,-2.0542
2025,4,3,5,715,-0.7636
2025,5,1,1,1169,8.2130
2025,5,1,2,1232,8.1838
2025,5,1,3,661,8.0844
2025,5,1,4,1077,6.0756
2025,5,1,5,1195,9.9378
2025,5,2,1,603,6.9632
2025,5,2,2,620,6.4691
2025,5,2,3,432,6.7802
2025,5,2,4,562,4.6501
2025,5,2,5,647,7.9395
2025,5,3,1,670,5.2836
2025,5,3,2,674,4.8782
2025,5,3,3,511,5.4950
2025,5,3,4,561,2.9954
2025,5,3,5,711,6.7020
2025,6,1,1,1143,7.6929
2025,6,1,2,1223,7.2218
2025,6,1,3,671,4.0635
2025,6,1,4,1072,7.9420
2025,6,1,5,1182,8.2200
2025,6,2,1,595,5.7853
2025,6,2,2,629,5.2685
2025,6,2,3,438,3.7796
2025,6,2,4,563,5.3751
2025,6,2,5,650,5.7904
2025,6,3,1,655,4.1833
2025,6,3,2,673,4.6750
2025,6,3,3,523,4.0832
2025,6,3,4,549,2.7585
2025,6,3,5,705,4.5227
2025,7,1,1,985,2.2814
2025,7,1,2,1178,1.6356
2025,7,1,3,608,-0.0748
2025,7,1,4,988,2.1101
2025,7,1,5,1075,1.1139
2025,7,2,1,563,2.8730
2025,7,2,2,652,3.3096
2025,7,2,3,436,1.5304
2025,7,2,4,558,3.2588
2025,7,2,5,628,2.8565
2025,7,3,1,633,2.3277
2025,7,3,2,700,2.2437
2025,7,3,3,511,2.4072
2025,7,3,4,588,1.2887
2025,7,3,5,692,2.6433
2025,8,1,1,1012,7.4425
2025,8,1,2,1177,8.1378
2025,8,1,3,973,6.5893
2025,8,1,4,1006,7.3177
2025,8,1,5,1075,7.4064
2025,8,2,1,585,6.9616
2025,8,2,2,650,6.4104
2025,8,2,3,512,6.0573
2025,8,2,4,573,5.8996
2025,8,2,5,626,6.5083
2025,8,3,1,648,3.5416
2025,8,3,2,695,2.4577
2025,8,3,3,543,2.1674
2025,8,3,4,607,2.5710
2025,8,3,5,686,2.8256
2025,9,1,1,1021,4.6005
2025,9,1,2,1194,3.6215
2025,9,1,3,991,0.3640
2025,9,1,4,1046,4.6649
2025,9,1,5,1044,4.5673
2025,9,2,1,585,2.1238
2025,9,2,2,662,2.1715
2025,9,2,3,522,1.4659
2025,9,2,4,592,1.7753
2025,9,2,5,592,2.4427
2025,9,3,1,662,4.2316
2025,9,3,2,710,2.0544
2025,9,3,3,560,2.5985
2025,9,3,4,615,1.3273
2025,9,3,5,668,6.8696
2025,10,1,1,1027,1.3066
2025,10,1,2,1196,1.5605
2025,10,1,3,995,-1.9067
2025,10,1,4,1038,3.1967
2025,10,1,5,984,2.5507
2025,10,2,1,577,1.5257
2025,10,2,2,651,1.3012
2025,10,2,3,525,-0.8917
2025,10,2,4,598,2.3140
2025,10,2,5,545,2.2496
2025,10,3,1,656,1.6794
2025,10,3,2,705,0.8685
2025,10,3,3,567,0.3049
2025,10,3,4,611,-0.0462
2025,10,3,5,604,4.6324
2025,11,1,1,1014,-1.0568
2025,11,1,2,1184,-2.6106
2025,11,1,3,1002,-1.6231
2025,11,1,4,1041,1.8416
2025,11,1,5,1030,-3.5692
2025,11,2,1,558,1.1944
2025,11,2,2,636,0.3072
2025,11,2,3,525,1.1044
2025,11,2,4,601,2.1264
2025,11,2,5,584,-0.8387
2025,11,3,1,652,1.8300
2025,11,3,2,686,1.2679
2025,11,3,3,570,1.5855
2025,11,3,4,610,3.3582
2025,11,3,5,614,-0.2790
2025,12,1,1,1033,0.5731
2025,12,1,2,1184,0.5361
2025,12,1,3,998,0.0927
2025,12,1,4,1043,-0.0571
2025,12,1,5,1088,0.9319
2025,12,2,1,553,-0.5412
2025,12,2,2,634,1.1469
2025,12,2,3,521,-0.4122
2025,12,2,4,602,-0.6750
2025,12,2,5,605,0.1177
2025,12,3,1,654,-0.2289
2025,12,3,2,689,-0.1107
2025,12,3,3,567,-1.1115
2025,12,3,4,606,-0.4586
2025,12,3,5,633,-0.1698
