year,month,rank_ME,rank_ILR_6,nstocks,ret_vw
1967,1,1,1,226,17.9528
1967,1,1,2,245,20.4515
1967,1,1,3,206,21.1480
1967,1,1,4,203,19.3867
1967,1,1,5,54,14.8769
1967,1,2,1,81,14.8707
1967,1,2,2,103,14.6865
1967,1,2,3,101,14.7518
1967,1,2,4,109,15.2747
1967,1,2,5,21,18.0396
1967,1,3,1,130,11.4331
1967,1,3,2,149,9.7395
1967,1,3,3,213,11.7267
1967,1,3,4,104,11.3306
1967,1,3,5,18,6.3309
1967,2,1,1,298,5.8989
1967,2,1,2,284,6.3585
1967,2,1,3,384,4.3949
1967,2,1,4,371,6.0921
1967,2,1,5,192,5.0205
1967,2,2,1,128,4.1586
1967,2,2,2,125,4.5265
1967,2,2,3,164,2.4380
1967,2,2,4,196,3.1990
1967,2,2,5,66,3.4917
1967,2,3,1,290,0.8501
1967,2,3,2,205,2.3895
1967,2,3,3,261,1.6148
1967,2,3,4,189,1.1723
1967,2,3,5,74,3.0194
1967,3,1,1,414,8.9210
1967,3,1,2,435,8.8731
1967,3,1,3,484,7.9408
1967,3,1,4,494,8.5246
1967,3,1,5,235,9.3016
1967,3,2,1,211,5.5401
1967,3,2,2,196,7.4942
1967,3,2,3,216,8.0943
1967,3,2,4,245,7.0779
1967,3,2,5,89,8.8073
1967,3,3,1,364,3.0665
1967,3,3,2,315,5.2131
1967,3,3,3,341,5.6901
1967,3,3,4,252,4.9526
1967,3,3,5,102,5.8109
1967,4,1,1,481,3.4947
1967,4,1,2,577,5.2921
1967,4,1,3,625,4.3963
1967,4,1,4,526,4.8054
1967,4,1,5,386,4.5773
1967,4,2,1,237,1.7249
1967,4,2,2,239,3.9944
1967,4,2,3,288,3.3640
1967,4,2,4,264,4.5147
1967,4,2,5,183,4.3432
1967,4,3,1,373,5.3670
1967,4,3,2,378,4.8903
1967,4,3,3,434,5.0335
1967,4,3,4,306,5.4112
1967,4,3,5,169,9.9100
1967,5,1,1,573,1.1071
1967,5,1,2,640,0.7343
1967,5,1,3,767,0.4371
1967,5,1,4,578,-0.5884
1967,5,1,5,509,-0.3356
1967,5,2,1,272,-0.5433
1967,5,2,2,284,-1.7828
1967,5,2,3,360,-0.8785
1967,5,2,4,298,-2.2055
1967,5,2,5,227,-1.8886
1967,5,3,1,424,-1.8184
1967,5,3,2,416,-2.9084
1967,5,3,3,521,-3.0853
1967,5,3,4,360,-2.8319
1967,5,3,5,219,-2.5089
1967,6,1,1,748,9.3708
1967,6,1,2,742,11.0028
1967,6,1,3,842,11.3400
1967,6,1,4,615,10.8800
1967,6,1,5,531,11.2666
1967,6,2,1,350,7.3091
1967,6,2,2,343,7.1773
1967,6,2,3,394,9.0597
1967,6,2,4,311,8.0342
1967,6,2,5,241,8.9692
1967,6,3,1,503,2.5377
1967,6,3,2,532,2.7390
1967,6,3,3,590,3.2340
1967,6,3,4,367,2.7571
1967,6,3,5,234,5.6020
1967,7,1,1,750,8.1493
1967,7,1,2,645,8.2492
1967,7,1,3,805,9.1972
1967,7,1,4,601,8.6117
1967,7,1,5,524,9.1883
1967,7,2,1,361,7.1102
1967,7,2,2,300,8.3617
1967,7,2,3,398,7.6708
1967,7,2,4,286,6.8285
1967,7,2,5,240,7.5848
1967,7,3,1,511,5.2865
1967,7,3,2,493,4.6796
1967,7,3,3,504,5.0371
1967,7,3,4,328,5.4382
1967,7,3,5,233,3.1961
1967,8,1,1,664,0.4386
1967,8,1,2,620,-0.4114
1967,8,1,3,771,0.7324
1967,8,1,4,644,0.9897
1967,8,1,5,489,1.0238
1967,8,2,1,330,0.0967
1967,8,2,2,300,-0.2087
1967,8,2,3,374,-0.5418
1967,8,2,4,314,-0.7630
1967,8,2,5,229,-0.3565
1967,8,3,1,421,-1.4744
1967,8,3,2,485,-0.9345
1967,8,3,3,462,0.6960
1967,8,3,4,387,-0.8559
1967,8,3,5,210,-1.9815
1967,9,1,1,575,7.8393
1967,9,1,2,633,7.4556
1967,9,1,3,792,8.8776
1967,9,1,4,769,7.4997
1967,9,1,5,572,8.9416
1967,9,2,1,271,4.1564
1967,9,2,2,314,6.1579
1967,9,2,3,397,6.0821
1967,9,2,4,373,5.2619
1967,9,2,5,257,5.4833
1967,9,3,1,360,2.4368
1967,9,3,2,497,2.6315
1967,9,3,3,470,3.8225
1967,9,3,4,455,3.9137
1967,9,3,5,216,4.6050
1967,10,1,1,514,-3.4063
1967,10,1,2,630,-2.7646
1967,10,1,3,807,-1.5437
1967,10,1,4,802,-2.5340
1967,10,1,5,514,-0.9806
1967,10,2,1,278,-2.4338
1967,10,2,2,345,-4.1570
1967,10,2,3,408,-2.2900
1967,10,2,4,390,-1.5946
1967,10,2,5,220,-0.6155
1967,10,3,1,366,-4.0891
1967,10,3,2,509,-3.1930
1967,10,3,3,473,-2.7791
1967,10,3,4,455,-1.7275
1967,10,3,5,191,-1.2820
1967,11,1,1,534,0.3042
1967,11,1,2,602,0.3885
1967,11,1,3,838,-0.6183
1967,11,1,4,837,0.3531
1967,11,1,5,412,0.2143
1967,11,2,1,306,-0.4765
1967,11,2,2,339,1.3442
1967,11,2,3,421,0.7685
1967,11,2,4,401,1.0174
1967,11,2,5,181,1.4081
1967,11,3,1,410,0.9058
1967,11,3,2,500,0.7254
1967,11,3,3,485,0.0606
1967,11,3,4,457,-0.0310
1967,11,3,5,160,0.9229
1967,12,1,1,380,7.3914
1967,12,1,2,662,9.0943
1967,12,1,3,819,10.6613
1967,12,1,4,840,9.9551
1967,12,1,5,396,10.4937
1967,12,2,1,248,5.9539
1967,12,2,2,356,5.8433
1967,12,2,3,401,6.8833
1967,12,2,4,411,7.8873
1967,12,2,5,215,10.6113
1967,12,3,1,352,3.4593
1967,12,3,2,519,2.5254
1967,12,3,3,457,2.9897
1967,12,3,4,463,3.9134
1967,12,3,5,256,4.7284
1968,1,1,1,426,2.9169
1968,1,1,2,632,2.5968
1968,1,1,3,833,4.2323
1968,1,1,4,821,3.8649
1968,1,1,5,414,3.7533
1968,1,2,1,256,-0.3185
1968,1,2,2,333,-1.6199
1968,1,2,3,421,-1.4143
1968,1,2,4,396,-1.7365
1968,1,2,5,218,-1.9314
1968,1,3,1,360,-4.3834
1968,1,3,2,494,-4.0650
1968,1,3,3,549,-4.0792
1968,1,3,4,420,-4.8882
1968,1,3,5,258,-4.8553
1968,2,1,1,472,-7.0915
1968,2,1,2,685,-5.9015
1968,2,1,3,753,-7.8742
1968,2,1,4,755,-6.6916
1968,2,1,5,469,-3.9706
1968,2,2,1,279,-5.6653
1968,2,2,2,365,-5.6975
1968,2,2,3,398,-5.4863
1968,2,2,4,366,-4.7978
1968,2,2,5,239,-4.9444
1968,2,3,1,377,-4.1690
1968,2,3,2,528,-2.8917
1968,2,3,3,538,-3.9852
1968,2,3,4,480,-5.5072
1968,2,3,5,275,-4.4002
1968,3,1,1,575,-1.6723
1968,3,1,2,772,-1.9148
1968,3,1,3,728,-2.0572
1968,3,1,4,679,-1.5208
1968,3,1,5,467,-1.5032
1968,3,2,1,318,-1.4740
1968,3,2,2,398,-0.9496
1968,3,2,3,380,-1.0706
1968,3,2,4,328,-1.4497
1968,3,2,5,234,-1.2018
1968,3,3,1,392,1.7421
1968,3,3,2,576,1.8536
1968,3,3,3,509,1.2133
1968,3,3,4,462,1.4797
1968,3,3,5,264,0.4986
1968,4,1,1,571,15.3785
1968,4,1,2,798,14.6439
1968,4,1,3,686,16.3649
1968,4,1,4,617,14.8718
1968,4,1,5,523,15.8029
1968,4,2,1,327,16.0348
1968,4,2,2,400,13.0855
1968,4,2,3,363,15.3008
1968,4,2,4,311,13.8675
1968,4,2,5,256,15.2473
1968,4,3,1,383,11.4054
1968,4,3,2,567,10.1164
1968,4,3,3,478,10.2025
1968,4,3,4,446,10.5529
1968,4,3,5,296,11.3411
1968,5,1,1,539,13.8611
1968,5,1,2,786,11.3603
1968,5,1,3,776,12.5523
1968,5,1,4,757,12.4882
1968,5,1,5,522,14.4220
1968,5,2,1,301,5.4476
1968,5,2,2,373,6.8367
1968,5,2,3,385,6.6736
1968,5,2,4,365,7.5681
1968,5,2,5,256,6.4971
1968,5,3,1,378,2.6637
1968,5,3,2,481,3.9203
1968,5,3,3,532,3.0115
1968,5,3,4,520,3.3494
1968,5,3,5,296,4.3587
1968,6,1,1,569,0.7410
1968,6,1,2,737,0.2352
1968,6,1,3,775,0.8413
1968,6,1,4,806,0.8336
1968,6,1,5,525,0.6976
1968,6,2,1,325,0.8048
1968,6,2,2,343,-0.5767
1968,6,2,3,385,0.2719
1968,6,2,4,393,-0.5127
1968,6,2,5,258,0.7071
1968,6,3,1,396,-0.8337
1968,6,3,2,466,0.6399
1968,6,3,3,529,-0.4309
1968,6,3,4,545,0.3924
1968,6,3,5,304,-0.4856
1968,7,1,1,556,-2.7945
1968,7,1,2,811,-3.8011
1968,7,1,3,748,-3.6407
1968,7,1,4,736,-4.3440
1968,7,1,5,522,-3.3664
1968,7,2,1,306,-3.8989
1968,7,2,2,390,-4.0259
1968,7,2,3,358,-3.5505
1968,7,2,4,362,-4.2739
1968,7,2,5,266,-2.4295
1968,7,3,1,381,-5.5462
1968,7,3,2,496,-4.8559
1968,7,3,3,438,-4.0896
1968,7,3,4,501,-4.3455
1968,7,3,5,305,-5.1071
1968,8,1,1,526,3.5226
1968,8,1,2,760,3.9961
1968,8,1,3,793,4.3100
1968,8,1,4,759,3.5399
1968,8,1,5,572,4.8617
1968,8,2,1,292,2.8092
1968,8,2,2,360,2.8203
1968,8,2,3,384,3.2562
1968,8,2,4,347,4.1236
1968,8,2,5,291,4.2314
1968,8,3,1,358,0.6493
1968,8,3,2,459,1.2999
1968,8,3,3,473,2.7244
1968,8,3,4,452,2.3127
1968,8,3,5,387,2.4268
1968,9,1,1,534,7.8442
1968,9,1,2,723,6.6707
1968,9,1,3,804,7.4880
1968,9,1,4,765,7.1184
1968,9,1,5,487,8.8250
1968,9,2,1,294,6.5387
1968,9,2,2,388,5.9159
1968,9,2,3,387,7.2013
1968,9,2,4,357,6.4582
1968,9,2,5,256,7.6643
1968,9,3,1,368,6.5913
1968,9,3,2,518,5.0360
1968,9,3,3,486,5.8114
1968,9,3,4,453,5.5320
1968,9,3,5,352,6.9180
1968,10,1,1,511,-0.9135
1968,10,1,2,755,-0.3064
1968,10,1,3,825,0.2944
1968,10,1,4,795,0.3519
1968,10,1,5,459,0.1510
1968,10,2,1,282,0.2863
1968,10,2,2,397,0.7038
1968,10,2,3,381,0.7718
1968,10,2,4,376,0.7760
1968,10,2,5,245,-0.0554
1968,10,3,1,384,-0.1560
1968,10,3,2,520,-0.4654
1968,10,3,3,483,0.3812
1968,10,3,4,463,0.8183
1968,10,3,5,330,0.6748
1968,11,1,1,549,5.3639
1968,11,1,2,757,6.9059
1968,11,1,3,828,6.4025
1968,11,1,4,695,6.1666
1968,11,1,5,470,6.3186
1968,11,2,1,296,8.8874
1968,11,2,2,394,7.4918
1968,11,2,3,424,7.9738
1968,11,2,4,338,7.8500
1968,11,2,5,247,7.8516
1968,11,3,1,365,7.2099
1968,11,3,2,495,6.4641
1968,11,3,3,569,5.0667
1968,11,3,4,423,5.9352
1968,11,3,5,359,5.8611
1968,12,1,1,590,4.0551
1968,12,1,2,758,2.0866
1968,12,1,3,803,2.9158
1968,12,1,4,733,3.3707
1968,12,1,5,489,3.0698
1968,12,2,1,305,-0.3282
1968,12,2,2,381,-0.8802
1968,12,2,3,419,-0.4601
1968,12,2,4,384,-0.4607
1968,12,2,5,256,0.0408
1968,12,3,1,391,-2.4569
1968,12,3,2,490,-3.1398
1968,12,3,3,567,-3.3830
1968,12,3,4,510,-2.2134
1968,12,3,5,372,-3.1308
1969,1,1,1,624,-1.1387
1969,1,1,2,703,-1.1387
1969,1,1,3,844,-1.1421
1969,1,1,4,779,-0.3086
1969,1,1,5,510,0.6617
1969,1,2,1,327,-1.2323
1969,1,2,2,355,-0.9884
1969,1,2,3,431,-0.8120
1969,1,2,4,395,-0.7732
1969,1,2,5,287,-2.2943
1969,1,3,1,428,-1.5781
1969,1,3,2,482,-2.0726
1969,1,3,3,571,-1.5417
1969,1,3,4,514,-0.5557
1969,1,3,5,387,-1.3838
1969,2,1,1,601,-9.8913
1969,2,1,2,730,-10.3410
1969,2,1,3,815,-10.3844
1969,2,1,4,755,-9.2830
1969,2,1,5,462,-9.7470
1969,2,2,1,304,-8.1629
1969,2,2,2,378,-9.0620
1969,2,2,3,413,-8.9146
1969,2,2,4,385,-8.9021
1969,2,2,5,261,-9.7385
1969,2,3,1,396,-7.1483
1969,2,3,2,521,-5.6370
1969,2,3,3,538,-5.8044
1969,2,3,4,500,-5.9043
1969,2,3,5,321,-7.3022
1969,3,1,1,655,1.0564
1969,3,1,2,692,2.7883
1969,3,1,3,687,1.4157
1969,3,1,4,693,1.7271
1969,3,1,5,537,1.6940
1969,3,2,1,323,0.3017
1969,3,2,2,326,2.3070
1969,3,2,3,346,2.9466
1969,3,2,4,368,1.3199
1969,3,2,5,302,1.7492
1969,3,3,1,418,1.8048
1969,3,3,2,411,1.7420
1969,3,3,3,464,1.8375
1969,3,3,4,481,1.9245
1969,3,3,5,392,2.0333
1969,4,1,1,635,-0.3190
1969,4,1,2,606,-0.4218
1969,4,1,3,718,-0.8341
1969,4,1,4,701,-0.6602
1969,4,1,5,486,-0.1809
1969,4,2,1,297,-0.8765
1969,4,2,2,313,-0.5714
1969,4,2,3,361,1.6512
1969,4,2,4,380,0.4223
1969,4,2,5,288,1.8180
1969,4,3,1,314,0.9399
1969,4,3,2,416,0.3531
1969,4,3,3,485,1.1282
1969,4,3,4,509,0.9114
1969,4,3,5,380,1.5434
1969,5,1,1,605,0.6032
1969,5,1,2,734,1.2346
1969,5,1,3,728,1.0286
1969,5,1,4,699,0.2174
1969,5,1,5,539,2.9356
1969,5,2,1,284,-2.2487
1969,5,2,2,376,-2.1704
1969,5,2,3,366,0.6462
1969,5,2,4,361,-1.0807
1969,5,2,5,305,0.2646
1969,5,3,1,304,-1.2580
1969,5,3,2,488,-0.6661
1969,5,3,3,490,-0.9519
1969,5,3,4,458,-0.4328
1969,5,3,5,429,0.2355
1969,6,1,1,547,-12.7426
1969,6,1,2,761,-12.7737
1969,6,1,3,792,-12.4596
1969,6,1,4,722,-11.7537
1969,6,1,5,549,-13.1590
1969,6,2,1,261,-11.6603
1969,6,2,2,394,-12.1159
1969,6,2,3,395,-11.3464
1969,6,2,4,374,-10.3490
1969,6,2,5,307,-11.7446
1969,6,3,1,248,-9.1276
1969,6,3,2,496,-8.4277
1969,6,3,3,502,-8.4703
1969,6,3,4,462,-7.3221
1969,6,3,5,434,-7.5349
1969,7,1,1,537,-12.9060
1969,7,1,2,601,-12.0754
1969,7,1,3,812,-11.5544
1969,7,1,4,702,-10.1252
1969,7,1,5,528,-10.8748
1969,7,2,1,250,-10.4196
1969,7,2,2,344,-9.0796
1969,7,2,3,401,-8.1112
1969,7,2,4,384,-7.9829
1969,7,2,5,306,-8.8846
1969,7,3,1,230,-6.7858
1969,7,3,2,436,-7.8139
1969,7,3,3,515,-6.2543
1969,7,3,4,476,-4.9945
1969,7,3,5,434,-6.0140
1969,8,1,1,441,5.2707
1969,8,1,2,699,4.4987
1969,8,1,3,826,4.6943
1969,8,1,4,654,4.0295
1969,8,1,5,422,5.9685
1969,8,2,1,224,4.7723
1969,8,2,2,378,4.5436
1969,8,2,3,408,6.4260
1969,8,2,4,368,6.2814
1969,8,2,5,246,8.5238
1969,8,3,1,196,7.3186
1969,8,3,2,476,5.2668
1969,8,3,3,524,5.5686
1969,8,3,4,445,5.8743
1969,8,3,5,372,6.9927
1969,9,1,1,474,-2.4629
1969,9,1,2,742,-3.3399
1969,9,1,3,868,-3.0302
1969,9,1,4,719,-2.6388
1969,9,1,5,447,-1.1612
1969,9,2,1,271,1.4898
1969,9,2,2,393,0.4585
1969,9,2,3,416,-0.4090
1969,9,2,4,393,0.8790
1969,9,2,5,247,1.4224
1969,9,3,1,320,-1.1363
1969,9,3,2,492,-1.6906
1969,9,3,3,554,-0.7272
1969,9,3,4,499,0.1761
1969,9,3,5,374,-0.5639
1969,10,1,1,482,9.5371
1969,10,1,2,733,8.1405
1969,10,1,3,833,10.9914
1969,10,1,4,688,12.1231
1969,10,1,5,480,10.8119
1969,10,2,1,284,6.4652
1969,10,2,2,356,7.2269
1969,10,2,3,418,7.1109
1969,10,2,4,375,8.6793
1969,10,2,5,251,10.3775
1969,10,3,1,365,7.2721
1969,10,3,2,405,6.6961
1969,10,3,3,532,7.2597
1969,10,3,4,494,7.4579
1969,10,3,5,378,6.5458
1969,11,1,1,490,-6.4713
1969,11,1,2,731,-8.1827
1969,11,1,3,809,-6.3150
1969,11,1,4,720,-6.7813
1969,11,1,5,481,-6.7547
1969,11,2,1,294,-5.1145
1969,11,2,2,367,-4.8520
1969,11,2,3,413,-5.0666
1969,11,2,4,376,-3.0553
1969,11,2,5,256,-3.1429
1969,11,3,1,383,-3.3163
1969,11,3,2,409,-3.5517
1969,11,3,3,525,-3.0497
1969,11,3,4,499,-2.1991
1969,11,3,5,380,-1.6033
1969,12,1,1,526,-7.8793
1969,12,1,2,812,-8.7927
1969,12,1,3,827,-7.7459
1969,12,1,4,748,-7.0402
1969,12,1,5,466,-6.5884
1969,12,2,1,300,-5.2778
1969,12,2,2,394,-6.4155
1969,12,2,3,388,-4.6427
1969,12,2,4,387,-5.2347
1969,12,2,5,241,-5.3222
1969,12,3,1,391,-0.6587
1969,12,3,2,431,-2.2137
1969,12,3,3,446,-0.9338
1969,12,3,4,505,-1.0839
1969,12,3,5,339,0.7770
1970,1,1,1,496,-2.7620
1970,1,1,2,792,-2.1662
1970,1,1,3,868,-2.9408
1970,1,1,4,731,-4.2168
1970,1,1,5,349,-4.0394
1970,1,2,1,282,-6.2552
1970,1,2,2,377,-6.1252
1970,1,2,3,402,-7.4642
1970,1,2,4,371,-7.7761
1970,1,2,5,205,-3.7362
1970,1,3,1,366,-10.6709
1970,1,3,2,429,-7.5617
1970,1,3,3,438,-6.9683
1970,1,3,4,480,-7.5610
1970,1,3,5,287,-7.8381
1970,2,1,1,499,0.7597
1970,2,1,2,910,2.4664
1970,2,1,3,899,2.9830
1970,2,1,4,676,2.5087
1970,2,1,5,337,3.3792
1970,2,2,1,281,3.0190
1970,2,2,2,433,2.8551
1970,2,2,3,415,2.7903
1970,2,2,4,346,5.6292
1970,2,2,5,172,2.2377
1970,2,3,1,385,4.5258
1970,2,3,2,479,6.4806
1970,2,3,3,492,6.5118
1970,2,3,4,434,5.1800
1970,2,3,5,209,4.7673
1970,3,1,1,464,-3.6514
1970,3,1,2,840,-3.4164
1970,3,1,3,851,-3.9825
1970,3,1,4,720,-3.6814
1970,3,1,5,503,-4.8529
1970,3,2,1,271,-2.8802
1970,3,2,2,403,-2.3607
1970,3,2,3,394,-3.6836
1970,3,2,4,361,-2.2348
1970,3,2,5,280,-3.5326
1970,3,3,1,367,-2.3114
1970,3,3,2,422,-0.6082
1970,3,3,3,458,-0.5429
1970,3,3,4,452,-1.9377
1970,3,3,5,366,-3.3464
1970,4,1,1,390,-20.3841
1970,4,1,2,812,-19.1130
1970,4,1,3,868,-17.9984
1970,4,1,4,770,-17.0508
1970,4,1,5,603,-17.5030
1970,4,2,1,227,-18.6105
1970,4,2,2,388,-16.0763
1970,4,2,3,393,-15.7840
1970,4,2,4,389,-16.8916
1970,4,2,5,315,-17.5631
1970,4,3,1,340,-14.8649
1970,4,3,2,408,-12.4192
1970,4,3,3,469,-11.0974
1970,4,3,4,527,-12.6068
1970,4,3,5,421,-12.8710
1970,5,1,1,420,-10.4679
1970,5,1,2,759,-9.4854
1970,5,1,3,781,-9.5832
1970,5,1,4,733,-7.5660
1970,5,1,5,568,-8.1701
1970,5,2,1,246,-10.4373
1970,5,2,2,359,-11.5444
1970,5,2,3,351,-10.2639
1970,5,2,4,385,-9.6636
1970,5,2,5,320,-8.5749
1970,5,3,1,327,-9.8852
1970,5,3,2,379,-8.8324
1970,5,3,3,437,-8.5028
1970,5,3,4,499,-7.7368
1970,5,3,5,428,-6.8199
1970,6,1,1,509,-9.4820
1970,6,1,2,668,-9.9346
1970,6,1,3,828,-9.1774
1970,6,1,4,795,-7.5882
1970,6,1,5,585,-10.3334
1970,6,2,1,225,-9.4781
1970,6,2,2,302,-8.9343
1970,6,2,3,374,-5.8748
1970,6,2,4,402,-7.4777
1970,6,2,5,345,-6.1668
1970,6,3,1,256,-4.6986
1970,6,3,2,304,-7.9394
1970,6,3,3,466,-4.6271
1970,6,3,4,549,-4.6322
1970,6,3,5,468,-3.7179
1970,7,1,1,458,2.2183
1970,7,1,2,686,3.3581
1970,7,1,3,773,3.7126
1970,7,1,4,802,5.3191
1970,7,1,5,542,5.2507
1970,7,2,1,211,7.4517
1970,7,2,2,300,6.7879
1970,7,2,3,389,5.2819
1970,7,2,4,415,8.5141
1970,7,2,5,313,6.9577
1970,7,3,1,242,8.1901
1970,7,3,2,317,8.0622
1970,7,3,3,529,6.8440
1970,7,3,4,547,6.7604
1970,7,3,5,447,6.3865
1970,8,1,1,449,7.6175
1970,8,1,2,712,6.5622
1970,8,1,3,868,5.6480
1970,8,1,4,810,5.0008
1970,8,1,5,670,6.7786
1970,8,2,1,197,5.5225
1970,8,2,2,309,7.3935
1970,8,2,3,405,5.5443
1970,8,2,4,398,5.9347
1970,8,2,5,370,5.3076
1970,8,3,1,206,6.9551
1970,8,3,2,328,5.5729
1970,8,3,3,518,4.0462
1970,8,3,4,562,4.1627
1970,8,3,5,499,3.6269
1970,9,1,1,489,17.3502
1970,9,1,2,692,16.2428
1970,9,1,3,867,15.0577
1970,9,1,4,791,13.8323
1970,9,1,5,760,13.3456
1970,9,2,1,216,17.7103
1970,9,2,2,284,12.6514
1970,9,2,3,408,11.3829
1970,9,2,4,388,10.8342
1970,9,2,5,374,10.1236
1970,9,3,1,233,9.8440
1970,9,3,2,286,7.8608
1970,9,3,3,474,6.2003
1970,9,3,4,549,4.8595
1970,9,3,5,511,5.5513
1970,10,1,1,623,-9.6517
1970,10,1,2,717,-7.1565
1970,10,1,3,794,-7.0309
1970,10,1,4,793,-7.3065
1970,10,1,5,812,-6.7659
1970,10,2,1,297,-7.6117
1970,10,2,2,302,-5.6844
1970,10,2,3,396,-5.4687
1970,10,2,4,394,-4.5572
1970,10,2,5,347,-5.1167
1970,10,3,1,418,-2.4260
1970,10,3,2,331,-2.9469
1970,10,3,3,497,-2.3610
1970,10,3,4,537,-2.8262
1970,10,3,5,426,-2.3353
1970,11,1,1,522,-2.4235
1970,11,1,2,661,-1.6960
1970,11,1,3,869,-2.4334
1970,11,1,4,770,-2.5383
1970,11,1,5,775,-2.1362
1970,11,2,1,272,1.7020
1970,11,2,2,302,0.5463
1970,11,2,3,408,2.1273
1970,11,2,4,390,1.0460
1970,11,2,5,330,0.7900
1970,11,3,1,393,6.3058
1970,11,3,2,350,5.6194
1970,11,3,3,504,4.8832
1970,11,3,4,531,5.1952
1970,11,3,5,413,5.6580
1970,12,1,1,559,7.7861
1970,12,1,2,725,9.1115
1970,12,1,3,890,8.3277
1970,12,1,4,813,7.4974
1970,12,1,5,773,9.2147
1970,12,2,1,271,7.2402
1970,12,2,2,329,8.5055
1970,12,2,3,428,8.1942
1970,12,2,4,400,6.7959
1970,12,2,5,349,8.3247
1970,12,3,1,392,5.0542
1970,12,3,2,403,6.3279
1970,12,3,3,532,7.2486
1970,12,3,4,515,5.9864
1970,12,3,5,481,4.2326
1971,1,1,1,525,14.3113
1971,1,1,2,784,14.0674
1971,1,1,3,828,16.3434
1971,1,1,4,848,14.6779
1971,1,1,5,817,15.0558
1971,1,2,1,251,9.4440
1971,1,2,2,377,10.5600
1971,1,2,3,413,10.3911
1971,1,2,4,419,10.2366
1971,1,2,5,361,11.0965
1971,1,3,1,368,7.8092
1971,1,3,2,452,6.4459
1971,1,3,3,518,7.3987
1971,1,3,4,529,6.0097
1971,1,3,5,474,7.9971
1971,2,1,1,533,7.6317
1971,2,1,2,667,5.7217
1971,2,1,3,821,5.4982
1971,2,1,4,917,6.4583
1971,2,1,5,737,7.3930
1971,2,2,1,270,6.0039
1971,2,2,2,330,3.9191
1971,2,2,3,404,3.1661
1971,2,2,4,439,4.0286
1971,2,2,5,326,4.3105
1971,2,3,1,403,3.7864
1971,2,3,2,397,3.1975
1971,2,3,3,514,2.6074
1971,2,3,4,553,3.2640
1971,2,3,5,443,5.3648
1971,3,1,1,672,6.3268
1971,3,1,2,728,5.5619
1971,3,1,3,805,5.5462
1971,3,1,4,851,6.1975
1971,3,1,5,635,5.9047
1971,3,2,1,319,5.9802
1971,3,2,2,355,5.5963
1971,3,2,3,401,6.7882
1971,3,2,4,425,6.9795
1971,3,2,5,302,5.4970
1971,3,3,1,437,3.9384
1971,3,3,2,430,3.8802
1971,3,3,3,536,4.9948
1971,3,3,4,532,5.4176
1971,3,3,5,415,5.7400
1971,4,1,1,680,1.2080
1971,4,1,2,772,2.0865
1971,4,1,3,774,2.6014
1971,4,1,4,825,1.7861
1971,4,1,5,727,1.7762
1971,4,2,1,315,2.1485
1971,4,2,2,410,2.8131
1971,4,2,3,401,2.2834
1971,4,2,4,406,2.6582
1971,4,2,5,336,2.2423
1971,4,3,1,409,4.7605
1971,4,3,2,540,4.8410
1971,4,3,3,542,5.4534
1971,4,3,4,528,3.7940
1971,4,3,5,435,6.5048
1971,5,1,1,646,-6.5996
1971,5,1,2,737,-5.4077
1971,5,1,3,879,-5.7448
1971,5,1,4,844,-6.0303
1971,5,1,5,688,-7.2038
1971,5,2,1,301,-3.9661
1971,5,2,2,395,-5.4779
1971,5,2,3,428,-5.1523
1971,5,2,4,377,-4.1732
1971,5,2,5,312,-6.6494
1971,5,3,1,415,-3.2049
1971,5,3,2,515,-2.8510
1971,5,3,3,554,-2.8671
1971,5,3,4,437,-2.4998
1971,5,3,5,348,-2.4063
1971,6,1,1,639,-2.4207
1971,6,1,2,794,-2.8291
1971,6,1,3,910,-3.1504
1971,6,1,4,912,-2.7012
1971,6,1,5,676,-2.5829
1971,6,2,1,309,-1.4556
1971,6,2,2,416,-0.7745
1971,6,2,3,451,-0.5149
1971,6,2,4,392,-1.1028
1971,6,2,5,285,-1.9242
1971,6,3,1,406,0.3872
1971,6,3,2,531,0.5853
1971,6,3,3,560,0.3000
1971,6,3,4,458,0.4417
1971,6,3,5,293,0.9580
1971,7,1,1,629,-6.0545
1971,7,1,2,799,-6.1654
1971,7,1,3,841,-4.7888
1971,7,1,4,766,-6.7551
1971,7,1,5,549,-7.3829
1971,7,2,1,307,-5.6043
1971,7,2,2,395,-5.1392
1971,7,2,3,435,-6.4248
1971,7,2,4,333,-5.8090
1971,7,2,5,280,-6.0797
1971,7,3,1,406,-5.2427
1971,7,3,2,529,-5.3787
1971,7,3,3,544,-5.0601
1971,7,3,4,412,-5.3231
1971,7,3,5,324,-7.6677
1971,8,1,1,652,2.8778
1971,8,1,2,760,2.3316
1971,8,1,3,868,2.5807
1971,8,1,4,764,2.8493
1971,8,1,5,611,2.0545
1971,8,2,1,308,4.7119
1971,8,2,2,388,4.8430
1971,8,2,3,435,4.7701
1971,8,2,4,379,3.3408
1971,8,2,5,334,4.6092
1971,8,3,1,368,5.3188
1971,8,3,2,503,5.6921
1971,8,3,3,543,5.2441
1971,8,3,4,526,5.0736
1971,8,3,5,432,5.6808
1971,9,1,1,535,-1.0188
1971,9,1,2,734,-0.9753
1971,9,1,3,758,-0.9612
1971,9,1,4,793,-0.1993
1971,9,1,5,732,0.3232
1971,9,2,1,293,-1.8535
1971,9,2,2,368,-0.9609
1971,9,2,3,363,-1.0357
1971,9,2,4,400,-1.1191
1971,9,2,5,384,-0.4230
1971,9,3,1,364,0.4671
1971,9,3,2,487,-0.4785
1971,9,3,3,472,-0.2154
1971,9,3,4,545,0.2117
1971,9,3,5,497,-0.3449
1971,10,1,1,589,-6.1592
1971,10,1,2,755,-7.4016
1971,10,1,3,815,-7.4864
1971,10,1,4,799,-6.3688
1971,10,1,5,669,-6.8689
1971,10,2,1,294,-6.1440
1971,10,2,2,357,-6.6333
1971,10,2,3,394,-6.0781
1971,10,2,4,398,-5.2187
1971,10,2,5,354,-4.5250
1971,10,3,1,371,-5.6495
1971,10,3,2,463,-5.4779
1971,10,3,3,520,-5.0365
1971,10,3,4,533,-4.5101
1971,10,3,5,484,-6.0335
1971,11,1,1,593,-3.6979
1971,11,1,2,873,-4.1510
1971,11,1,3,673,-4.7554
1971,11,1,4,734,-4.3834
1971,11,1,5,680,-4.3176
1971,11,2,1,289,-2.3138
1971,11,2,2,413,-2.1082
1971,11,2,3,355,-3.1133
1971,11,2,4,368,-2.2925
1971,11,2,5,362,-2.3488
1971,11,3,1,365,-1.2022
1971,11,3,2,513,-1.2102
1971,11,3,3,499,-1.4865
1971,11,3,4,472,-0.5839
1971,11,3,5,511,-1.1006
1971,12,1,1,557,12.3299
1971,12,1,2,874,12.0316
1971,12,1,3,622,13.1624
1971,12,1,4,783,13.5426
1971,12,1,5,737,13.4040
1971,12,2,1,284,13.8394
1971,12,2,2,386,12.9940
1971,12,2,3,328,12.7435
1971,12,2,4,390,12.3955
1971,12,2,5,359,12.1822
1971,12,3,1,372,12.1770
1971,12,3,2,481,12.1131
1971,12,3,3,487,10.7053
1971,12,3,4,530,10.4684
1971,12,3,5,499,10.8366
1972,1,1,1,582,15.2994
1972,1,1,2,838,14.7374
1972,1,1,3,701,14.7885
1972,1,1,4,844,13.0758
1972,1,1,5,782,13.0186
1972,1,2,1,299,8.2019
1972,1,2,2,392,7.6111
1972,1,2,3,335,7.5755
1972,1,2,4,406,8.3400
1972,1,2,5,363,8.3079
1972,1,3,1,430,3.3784
1972,1,3,2,488,3.8299
1972,1,3,3,486,4.6446
1972,1,3,4,557,2.8020
1972,1,3,5,505,3.1438
1972,2,1,1,657,3.9836
1972,2,1,2,892,4.2546
1972,2,1,3,791,3.5682
1972,2,1,4,895,4.8016
1972,2,1,5,765,3.5747
1972,2,2,1,345,2.9228
1972,2,2,2,443,2.7154
1972,2,2,3,378,4.1360
1972,2,2,4,394,4.1107
1972,2,2,5,354,3.7648
1972,2,3,1,477,4.3480
1972,2,3,2,580,3.2871
1972,2,3,3,506,4.0834
1972,2,3,4,482,4.0821
1972,2,3,5,464,4.0291
1972,3,1,1,669,-1.3161
1972,3,1,2,939,-1.3192
1972,3,1,3,859,-0.3630
1972,3,1,4,802,-0.5972
1972,3,1,5,635,-0.5606
1972,3,2,1,345,0.5640
1972,3,2,2,460,0.7193
1972,3,2,3,403,0.4641
1972,3,2,4,362,1.1398
1972,3,2,5,311,0.6409
1972,3,3,1,487,0.8977
1972,3,3,2,590,0.2030
1972,3,3,3,536,-0.0360
1972,3,3,4,442,1.1726
1972,3,3,5,398,-1.9672
1972,4,1,1,674,-0.0649
1972,4,1,2,910,0.5615
1972,4,1,3,926,-0.1579
1972,4,1,4,831,-0.6915
1972,4,1,5,640,-0.3333
1972,4,2,1,351,0.0999
1972,4,2,2,456,0.8608
1972,4,2,3,422,1.0319
1972,4,2,4,370,-0.4490
1972,4,2,5,315,0.1129
1972,4,3,1,495,0.0721
1972,4,3,2,573,1.5239
1972,4,3,3,520,0.7656
1972,4,3,4,452,1.5011
1972,4,3,5,417,1.3150
1972,5,1,1,625,-1.7681
1972,5,1,2,933,-1.9905
1972,5,1,3,879,-2.7556
1972,5,1,4,794,-2.4404
1972,5,1,5,602,-1.4841
1972,5,2,1,332,-1.3265
1972,5,2,2,465,-1.7137
1972,5,2,3,395,-1.4308
1972,5,2,4,363,-2.4155
1972,5,2,5,254,-1.0279
1972,5,3,1,466,-1.0531
1972,5,3,2,580,0.1055
1972,5,3,3,498,0.6606
1972,5,3,4,446,2.2306
1972,5,3,5,278,1.1695
1972,6,1,1,650,-4.1526
1972,6,1,2,921,-3.0809
1972,6,1,3,960,-3.6830
1972,6,1,4,795,-3.0461
1972,6,1,5,507,-3.7450
1972,6,2,1,332,-3.0659
1972,6,2,2,467,-3.2074
1972,6,2,3,405,-3.3849
1972,6,2,4,358,-3.4141
1972,6,2,5,213,-3.8444
1972,6,3,1,466,-4.3249
1972,6,3,2,594,-2.9172
1972,6,3,3,475,-3.8701
1972,6,3,4,430,-2.3927
1972,6,3,5,268,-3.8721
1972,7,1,1,575,-5.0249
1972,7,1,2,830,-2.9545
1972,7,1,3,947,-3.8021
1972,7,1,4,780,-3.4693
1972,7,1,5,483,-3.0879
1972,7,2,1,282,-1.8911
1972,7,2,2,419,-2.2151
1972,7,2,3,414,-3.0565
1972,7,2,4,388,-3.3666
1972,7,2,5,202,-2.7296
1972,7,3,1,376,-3.2705
1972,7,3,2,529,-1.8659
1972,7,3,3,478,-2.0823
1972,7,3,4,512,-1.5481
1972,7,3,5,265,-2.0380
1972,8,1,1,550,0.6080
1972,8,1,2,829,-0.1581
1972,8,1,3,927,-0.2866
1972,8,1,4,656,0.1804
1972,8,1,5,462,-0.2178
1972,8,2,1,258,0.6494
1972,8,2,2,414,0.9197
1972,8,2,3,403,0.2622
1972,8,2,4,363,2.1417
1972,8,2,5,205,1.3449
1972,8,3,1,348,5.7455
1972,8,3,2,519,3.7118
1972,8,3,3,465,3.0780
1972,8,3,4,510,3.2054
1972,8,3,5,285,1.4076
1972,9,1,1,562,-4.9335
1972,9,1,2,818,-5.0486
1972,9,1,3,864,-4.8524
1972,9,1,4,763,-4.5069
1972,9,1,5,501,-4.7634
1972,9,2,1,257,-2.8076
1972,9,2,2,414,-3.3383
1972,9,2,3,378,-2.9114
1972,9,2,4,397,-3.0974
1972,9,2,5,268,-2.3064
1972,9,3,1,335,-3.5242
1972,9,3,2,548,-1.8611
1972,9,3,3,434,-2.5925
1972,9,3,4,552,-1.8081
1972,9,3,5,424,-2.8125
1972,10,1,1,541,-2.5267
1972,10,1,2,840,-2.8556
1972,10,1,3,798,-3.2508
1972,10,1,4,674,-2.9495
1972,10,1,5,593,-3.1798
1972,10,2,1,243,-1.9123
1972,10,2,2,421,-1.3927
1972,10,2,3,342,-1.0186
1972,10,2,4,347,-0.7466
1972,10,2,5,297,-0.2932
1972,10,3,1,295,-1.1651
1972,10,3,2,551,0.1597
1972,10,3,3,388,-0.8517
1972,10,3,4,529,0.3385
1972,10,3,5,455,0.6069
1972,11,1,1,539,2.1935
1972,11,1,2,818,4.1950
1972,11,1,3,862,3.3151
1972,11,1,4,720,4.1627
1972,11,1,5,564,2.3253
1972,11,2,1,200,5.0738
1972,11,2,2,400,6.0124
1972,11,2,3,372,4.4936
1972,11,2,4,370,4.9899
1972,11,2,5,297,4.5349
1972,11,3,1,231,8.7337
1972,11,3,2,489,6.3008
1972,11,3,3,397,6.0784
1972,11,3,4,552,4.6240
1972,11,3,5,467,4.2219
1972,12,1,1,548,-2.3356
1972,12,1,2,743,-2.1411
1972,12,1,3,916,-1.6305
1972,12,1,4,773,-2.4999
1972,12,1,5,665,-2.0108
1972,12,2,1,211,-2.4746
1972,12,2,2,323,-0.9048
1972,12,2,3,436,-1.7437
1972,12,2,4,376,-1.4591
1972,12,2,5,331,-2.0848
1972,12,3,1,279,1.1389
1972,12,3,2,360,0.5697
1972,12,3,3,540,0.4138
1972,12,3,4,558,1.7431
1972,12,3,5,523,0.7331
1973,1,1,1,830,-5.5670
1973,1,1,2,1283,-3.6380
1973,1,1,3,1190,-3.5813
1973,1,1,4,1000,-4.1194
1973,1,1,5,957,-4.5053
1973,1,2,1,263,-7.1594
1973,1,2,2,417,-6.2398
1973,1,2,3,454,-5.7087
1973,1,2,4,396,-6.1855
1973,1,2,5,388,-6.1808
1973,1,3,1,331,-3.2101
1973,1,3,2,482,-4.8951
1973,1,3,3,526,-5.1812
1973,1,3,4,562,-3.2411
1973,1,3,5,565,-3.3366
1973,2,1,1,1069,-7.9109
1973,2,1,2,1559,-7.7507
1973,2,1,3,1676,-7.8694
1973,2,1,4,1064,-7.0636
1973,2,1,5,1097,-6.9929
1973,2,2,1,282,-9.3580
1973,2,2,2,447,-8.4076
1973,2,2,3,531,-8.2844
1973,2,2,4,342,-8.9948
1973,2,2,5,412,-8.4852
1973,2,3,1,332,-4.9794
1973,2,3,2,520,-5.0294
1973,2,3,3,601,-4.4438
1973,2,3,4,436,-4.2722
1973,2,3,5,568,-3.9175
1973,3,1,1,1370,-2.8962
1973,3,1,2,1597,-3.0617
1973,3,1,3,1809,-3.3067
1973,3,1,4,1301,-3.1226
1973,3,1,5,1119,-2.5470
1973,3,2,1,316,-5.3348
1973,3,2,2,424,-3.5364
1973,3,2,3,559,-3.7190
1973,3,2,4,440,-3.6034
1973,3,2,5,416,-4.0678
1973,3,3,1,353,-1.7115
1973,3,3,2,456,-1.4624
1973,3,3,3,604,-0.8067
1973,3,3,4,561,-0.4654
1973,3,3,5,564,0.4266
1973,4,1,1,1839,-9.3028
1973,4,1,2,1585,-8.0679
1973,4,1,3,1855,-7.7400
1973,4,1,4,1354,-7.5418
1973,4,1,5,1074,-6.4513
1973,4,2,1,406,-10.5650
1973,4,2,2,427,-7.1404
1973,4,2,3,554,-9.1934
1973,4,2,4,431,-10.0921
1973,4,2,5,382,-8.4692
1973,4,3,1,424,-7.8051
1973,4,3,2,452,-7.4375
1973,4,3,3,601,-6.1177
1973,4,3,4,511,-5.3777
1973,4,3,5,507,-5.1586
1973,5,1,1,1763,-10.6045
1973,5,1,2,1880,-9.5066
1973,5,1,3,2070,-9.1809
1973,5,1,4,1428,-9.5455
1973,5,1,5,1120,-8.3911
1973,5,2,1,389,-11.8117
1973,5,2,2,478,-9.3351
1973,5,2,3,569,-8.9859
1973,5,2,4,419,-7.8789
1973,5,2,5,403,-7.8397
1973,5,3,1,382,-5.7517
1973,5,3,2,499,-4.3394
1973,5,3,3,620,-2.5525
1973,5,3,4,515,-2.4007
1973,5,3,5,538,-1.8627
1973,6,1,1,1657,-4.4140
1973,6,1,2,2026,-4.0696
1973,6,1,3,2062,-4.6587
1973,6,1,4,1550,-4.3595
1973,6,1,5,1110,-3.5602
1973,6,2,1,361,-5.1336
1973,6,2,2,503,-2.6463
1973,6,2,3,576,-4.0711
1973,6,2,4,453,-3.7977
1973,6,2,5,373,-4.2031
1973,6,3,1,302,-7.0026
1973,6,3,2,525,-3.0869
1973,6,3,3,627,-2.5911
1973,6,3,4,547,-2.1727
1973,6,3,5,478,-0.3436
1973,7,1,1,1563,13.4893
1973,7,1,2,1924,12.1864
1973,7,1,3,1905,11.9388
1973,7,1,4,1451,11.3200
1973,7,1,5,934,9.4717
1973,7,2,1,333,17.0826
1973,7,2,2,476,12.1160
1973,7,2,3,545,13.7510
1973,7,2,4,436,12.6479
1973,7,2,5,315,15.3843
1973,7,3,1,276,19.5839
1973,7,3,2,508,12.1137
1973,7,3,3,616,9.5692
1973,7,3,4,536,6.0576
1973,7,3,5,432,5.1370
1973,8,1,1,1716,-6.4291
1973,8,1,2,1908,-4.9190
1973,8,1,3,1617,-4.5767
1973,8,1,4,1928,-5.3245
1973,8,1,5,1183,-5.8879
1973,8,2,1,410,-8.2130
1973,8,2,2,486,-4.0672
1973,8,2,3,486,-3.2450
1973,8,2,4,510,-5.0707
1973,8,2,5,346,-6.0177
1973,8,3,1,490,-4.8168
1973,8,3,2,554,-2.7951
1973,8,3,3,580,-1.3514
1973,8,3,4,591,-2.0134
1973,8,3,5,454,-3.2291
1973,9,1,1,1718,9.5556
1973,9,1,2,1753,6.8845
1973,9,1,3,1750,8.5910
1973,9,1,4,1943,8.6173
1973,9,1,5,1234,6.8880
1973,9,2,1,404,10.6253
1973,9,2,2,456,9.2100
1973,9,2,3,504,9.8027
1973,9,2,4,464,9.9568
1973,9,2,5,356,8.6441
1973,9,3,1,517,10.5107
1973,9,3,2,520,8.3443
1973,9,3,3,596,7.0032
1973,9,3,4,481,7.2041
1973,9,3,5,462,8.2926
1973,10,1,1,1399,0.4441
1973,10,1,2,1683,-0.2293
1973,10,1,3,1738,0.4949
1973,10,1,4,2053,-0.5456
1973,10,1,5,1228,1.8589
1973,10,2,1,339,-0.7467
1973,10,2,2,413,-1.0012
1973,10,2,3,501,0.2031
1973,10,2,4,509,-0.7223
1973,10,2,5,343,0.3042
1973,10,3,1,436,-4.1390
1973,10,3,2,447,-0.6321
1973,10,3,3,585,-0.8147
1973,10,3,4,535,-0.3786
1973,10,3,5,446,-0.4671
1973,11,1,1,1258,-17.7710
1973,11,1,2,1665,-20.4101
1973,11,1,3,1881,-18.4004
1973,11,1,4,2035,-18.7389
1973,11,1,5,1263,-16.0078
1973,11,2,1,315,-18.9029
1973,11,2,2,455,-19.0445
1973,11,2,3,533,-17.7428
1973,11,2,4,502,-17.7303
1973,11,2,5,346,-14.8073
1973,11,3,1,433,-14.7328
1973,11,3,2,541,-15.1388
1973,11,3,3,635,-13.6252
1973,11,3,4,508,-14.0575
1973,11,3,5,446,-10.8524
1973,12,1,1,1112,-5.6146
1973,12,1,2,1593,-5.3038
1973,12,1,3,2002,-4.7782
1973,12,1,4,1816,-5.4435
1973,12,1,5,1130,-2.3191
1973,12,2,1,291,-3.0786
1973,12,2,2,451,-2.1935
1973,12,2,3,561,-1.4536
1973,12,2,4,507,-2.8613
1973,12,2,5,299,-0.1644
1973,12,3,1,405,1.4190
1973,12,3,2,537,1.1534
1973,12,3,3,659,2.2380
1973,12,3,4,578,2.0215
1973,12,3,5,344,6.2999
1974,1,1,1,965,16.0601
1974,1,1,2,1509,15.9863
1974,1,1,3,1960,15.2584
1974,1,1,4,1778,16.2645
1974,1,1,5,1104,18.3836
1974,1,2,1,274,13.2883
1974,1,2,2,450,10.3364
1974,1,2,3,570,9.9077
1974,1,2,4,508,9.9011
1974,1,2,5,306,9.3761
1974,1,3,1,395,1.8859
1974,1,3,2,521,2.4754
1974,1,3,3,653,1.1032
1974,1,3,4,578,0.0886
1974,1,3,5,353,-0.6443
1974,2,1,1,1019,0.4857
1974,2,1,2,1542,-0.2996
1974,2,1,3,1652,-0.1592
1974,2,1,4,1906,-0.1277
1974,2,1,5,1146,-0.6232
1974,2,2,1,285,0.2518
1974,2,2,2,456,0.8281
1974,2,2,3,492,0.8669
1974,2,2,4,543,1.1127
1974,2,2,5,327,1.3654
1974,2,3,1,330,0.8074
1974,2,3,2,502,0.2767
1974,2,3,3,608,1.3415
1974,2,3,4,603,0.5791
1974,2,3,5,386,2.5986
1974,3,1,1,1014,1.2498
1974,3,1,2,1662,2.2222
1974,3,1,3,1671,2.6401
1974,3,1,4,1886,1.6566
1974,3,1,5,1122,2.1395
1974,3,2,1,291,-1.0128
1974,3,2,2,500,0.1576
1974,3,2,3,511,-1.1479
1974,3,2,4,538,-1.4315
1974,3,2,5,331,-1.4777
1974,3,3,1,331,-0.9397
1974,3,3,2,575,-2.3528
1974,3,3,3,610,-1.7377
1974,3,3,4,603,-3.2105
1974,3,3,5,366,-2.4615
1974,4,1,1,1245,-5.8981
1974,4,1,2,1549,-5.5583
1974,4,1,3,1685,-5.1985
1974,4,1,4,1769,-5.6091
1974,4,1,5,1027,-5.6778
1974,4,2,1,337,-6.4185
1974,4,2,2,474,-5.1551
1974,4,2,3,498,-5.7506
1974,4,2,4,497,-5.1497
1974,4,2,5,327,-5.3588
1974,4,3,1,381,-4.7207
1974,4,3,2,541,-5.2112
1974,4,3,3,556,-3.9878
1974,4,3,4,591,-4.4247
1974,4,3,5,361,-3.6836
1974,5,1,1,1419,-7.9943
1974,5,1,2,1710,-7.6336
1974,5,1,3,1562,-6.6737
1974,5,1,4,1613,-7.2255
1974,5,1,5,929,-8.1209
1974,5,2,1,417,-8.3812
1974,5,2,2,494,-6.8154
1974,5,2,3,479,-6.6644
1974,5,2,4,463,-6.5431
1974,5,2,5,322,-7.8832
1974,5,3,1,490,-5.4495
1974,5,3,2,560,-3.5487
1974,5,3,3,545,-3.9913
1974,5,3,4,546,-2.4287
1974,5,3,5,362,-5.7659
1974,6,1,1,1371,-2.3346
1974,6,1,2,1732,-2.9288
1974,6,1,3,1597,-2.6008
1974,6,1,4,1561,-3.0798
1974,6,1,5,1233,-1.8197
1974,6,2,1,409,-3.1109
1974,6,2,2,536,-2.5022
1974,6,2,3,474,-3.0320
1974,6,2,4,446,-2.7016
1974,6,2,5,392,-1.4440
1974,6,3,1,477,-2.7571
1974,6,3,2,582,-2.0530
1974,6,3,3,540,-2.1415
1974,6,3,4,522,-2.7272
1974,6,3,5,438,-2.4535
1974,7,1,1,1158,-3.3293
1974,7,1,2,1646,-5.7436
1974,7,1,3,1685,-3.7466
1974,7,1,4,1730,-4.9356
1974,7,1,5,1218,-3.2779
1974,7,2,1,375,-3.1915
1974,7,2,2,502,-5.6188
1974,7,2,3,491,-4.1193
1974,7,2,4,519,-4.8821
1974,7,2,5,362,-3.6344
1974,7,3,1,441,-6.6706
1974,7,3,2,549,-7.5762
1974,7,3,3,581,-6.7577
1974,7,3,4,619,-8.4756
1974,7,3,5,403,-6.7095
1974,8,1,1,1378,-7.7891
1974,8,1,2,1626,-6.8312
1974,8,1,3,1777,-7.5681
1974,8,1,4,1692,-6.6962
1974,8,1,5,1253,-6.5513
1974,8,2,1,389,-9.8958
1974,8,2,2,489,-7.9396
1974,8,2,3,495,-8.6804
1974,8,2,4,473,-7.4969
1974,8,2,5,443,-7.1974
1974,8,3,1,427,-9.2341
1974,8,3,2,522,-7.6703
1974,8,3,3,555,-9.6620
1974,8,3,4,532,-7.8651
1974,8,3,5,555,-8.3144
1974,9,1,1,1337,-7.9911
1974,9,1,2,1682,-7.8968
1974,9,1,3,1754,-8.9797
1974,9,1,4,1666,-9.5018
1974,9,1,5,1276,-8.7713
1974,9,2,1,389,-11.3568
1974,9,2,2,524,-8.7974
1974,9,2,3,526,-10.4232
1974,9,2,4,483,-9.6201
1974,9,2,5,410,-10.4497
1974,9,3,1,432,-12.3951
1974,9,3,2,548,-11.5422
1974,9,3,3,608,-12.7049
1974,9,3,4,546,-13.7960
1974,9,3,5,521,-13.1969
1974,10,1,1,1197,8.3984
1974,10,1,2,1440,10.6633
1974,10,1,3,1744,8.9184
1974,10,1,4,1713,7.6860
1974,10,1,5,1371,12.5393
1974,10,2,1,323,9.5091
1974,10,2,2,425,10.7350
1974,10,2,3,530,10.6605
1974,10,2,4,508,10.0817
1974,10,2,5,441,13.0780
1974,10,3,1,370,19.0611
1974,10,3,2,428,16.4962
1974,10,3,3,635,16.6307
1974,10,3,4,575,15.5551
1974,10,3,5,557,16.4268
1974,11,1,1,1414,-5.9446
1974,11,1,2,1622,-5.0823
1974,11,1,3,1594,-6.1350
1974,11,1,4,1519,-5.7425
1974,11,1,5,1443,-4.3114
1974,11,2,1,377,-5.7156
1974,11,2,2,508,-4.2663
1974,11,2,3,514,-5.4537
1974,11,2,4,475,-5.5812
1974,11,2,5,467,-2.7924
1974,11,3,1,427,-3.5062
1974,11,3,2,556,-2.6691
1974,11,3,3,619,-3.0059
1974,11,3,4,542,-4.9331
1974,11,3,5,589,-1.7834
1974,12,1,1,1435,-8.3941
1974,12,1,2,1605,-8.6869
1974,12,1,3,1593,-8.6521
1974,12,1,4,1389,-7.7858
1974,12,1,5,1055,-7.8866
1974,12,2,1,377,-5.6398
1974,12,2,2,508,-7.0520
1974,12,2,3,522,-7.6822
1974,12,2,4,463,-6.3093
1974,12,2,5,367,-6.3279
1974,12,3,1,456,-4.9518
1974,12,3,2,547,-5.0815
1974,12,3,3,604,-3.4754
1974,12,3,4,531,-3.0397
1974,12,3,5,445,-4.2425
1975,1,1,1,1210,30.6485
1975,1,1,2,1496,29.4722
1975,1,1,3,1737,31.0973
1975,1,1,4,1534,27.6234
1975,1,1,5,1157,29.7802
1975,1,2,1,311,29.7951
1975,1,2,2,496,28.2103
1975,1,2,3,572,26.7671
1975,1,2,4,521,24.3954
1975,1,2,5,399,25.3309
1975,1,3,1,338,18.7774
1975,1,3,2,536,15.2125
1975,1,3,3,619,15.3621
1975,1,3,4,607,16.0251
1975,1,3,5,476,14.0974
1975,2,1,1,1263,6.1149
1975,2,1,2,1624,5.3691
1975,2,1,3,1777,5.7316
1975,2,1,4,1412,5.4647
1975,2,1,5,1538,5.3032
1975,2,2,1,367,4.4475
1975,2,2,2,532,5.2553
1975,2,2,3,599,4.9785
1975,2,2,4,492,5.0198
1975,2,2,5,472,6.3203
1975,2,3,1,401,10.5604
1975,2,3,2,591,10.6356
1975,2,3,3,647,7.7724
1975,2,3,4,546,8.7847
1975,2,3,5,525,7.4935
1975,3,1,1,1008,10.7329
1975,3,1,2,1646,10.3415
1975,3,1,3,1799,8.7344
1975,3,1,4,1493,8.6399
1975,3,1,5,1493,10.0484
1975,3,2,1,370,7.6134
1975,3,2,2,539,7.8154
1975,3,2,3,596,7.5252
1975,3,2,4,533,6.8305
1975,3,2,5,484,8.1281
1975,3,3,1,469,7.8995
1975,3,3,2,601,4.1805
1975,3,3,3,660,6.9001
1975,3,3,4,597,4.4667
1975,3,3,5,533,7.6917
1975,4,1,1,904,2.3501
1975,4,1,2,1609,3.9601
1975,4,1,3,1546,3.8456
1975,4,1,4,1657,3.9117
1975,4,1,5,1305,5.1602
1975,4,2,1,351,6.4163
1975,4,2,2,533,3.8851
1975,4,2,3,543,5.9753
1975,4,2,4,592,5.2115
1975,4,2,5,440,7.2287
1975,4,3,1,445,5.7888
1975,4,3,2,587,3.7102
1975,4,3,3,609,7.9059
1975,4,3,4,641,5.3813
1975,4,3,5,495,7.4379
1975,5,1,1,892,7.2054
1975,5,1,2,1349,7.3073
1975,5,1,3,1414,7.6749
1975,5,1,4,1443,7.6954
1975,5,1,5,1301,7.4931
1975,5,2,1,352,10.3527
1975,5,2,2,436,8.0761
1975,5,2,3,510,9.0384
1975,5,2,4,509,8.4459
1975,5,2,5,441,10.2047
1975,5,3,1,452,5.5723
1975,5,3,2,451,5.6808
1975,5,3,3,581,4.0307
1975,5,3,4,535,5.8649
1975,5,3,5,533,7.8625
1975,6,1,1,810,8.2414
1975,6,1,2,1455,7.2421
1975,6,1,3,1616,8.8119
1975,6,1,4,1385,7.7150
1975,6,1,5,1386,7.9783
1975,6,2,1,332,4.9389
1975,6,2,2,452,3.7424
1975,6,2,3,542,5.5335
1975,6,2,4,459,5.0969
1975,6,2,5,414,5.5736
1975,6,3,1,450,7.7309
1975,6,3,2,465,5.6231
1975,6,3,3,620,5.6233
1975,6,3,4,484,6.0738
1975,6,3,5,442,3.9348
1975,7,1,1,895,0.0967
1975,7,1,2,1498,-0.6884
1975,7,1,3,1663,-1.1683
1975,7,1,4,1534,-1.3022
1975,7,1,5,1246,-1.3383
1975,7,2,1,352,-4.5799
1975,7,2,2,447,-4.4239
1975,7,2,3,543,-2.5801
1975,7,2,4,520,-4.4161
1975,7,2,5,401,-4.7758
1975,7,3,1,468,-6.4665
1975,7,3,2,469,-5.7660
1975,7,3,3,635,-5.8972
1975,7,3,4,570,-6.7844
1975,7,3,5,487,-7.9084
1975,8,1,1,952,-7.1539
1975,8,1,2,1562,-5.6162
1975,8,1,3,1681,-6.9246
1975,8,1,4,1580,-6.2899
1975,8,1,5,1164,-6.0459
1975,8,2,1,363,-6.1218
1975,8,2,2,437,-6.2214
1975,8,2,3,537,-5.5672
1975,8,2,4,532,-5.4207
1975,8,2,5,350,-7.0432
1975,8,3,1,471,-3.8153
1975,8,3,2,429,-2.3930
1975,8,3,3,637,-3.0864
1975,8,3,4,566,-2.5332
1975,8,3,5,453,-3.2426
1975,9,1,1,918,-3.4151
1975,9,1,2,1610,-3.1980
1975,9,1,3,1683,-2.7304
1975,9,1,4,1664,-2.5766
1975,9,1,5,1437,-2.8375
1975,9,2,1,333,-3.2096
1975,9,2,2,434,-4.9820
1975,9,2,3,542,-3.0073
1975,9,2,4,547,-3.0598
1975,9,2,5,463,-3.7047
1975,9,3,1,450,-5.1702
1975,9,3,2,427,-4.2822
1975,9,3,3,645,-3.7924
1975,9,3,4,598,-3.4829
1975,9,3,5,536,-4.1054
1975,10,1,1,1138,0.2369
1975,10,1,2,1562,0.9805
1975,10,1,3,1682,0.8083
1975,10,1,4,1725,0.6524
1975,10,1,5,1576,0.3128
1975,10,2,1,371,2.7790
1975,10,2,2,413,5.1774
1975,10,2,3,552,2.4882
1975,10,2,4,556,3.1474
1975,10,2,5,498,2.2786
1975,10,3,1,450,4.4968
1975,10,3,2,396,6.9219
1975,10,3,3,639,5.4935
1975,10,3,4,607,6.5675
1975,10,3,5,558,3.4639
1975,11,1,1,1030,-1.1967
1975,11,1,2,1535,1.7285
1975,11,1,3,1586,0.6581
1975,11,1,4,1805,1.9597
1975,11,1,5,1585,0.8079
1975,11,2,1,297,2.5915
1975,11,2,2,424,2.9936
1975,11,2,3,496,3.1644
1975,11,2,4,588,2.7082
1975,11,2,5,505,0.9600
1975,11,3,1,295,3.5636
1975,11,3,2,418,2.8771
1975,11,3,3,565,3.8332
1975,11,3,4,645,3.1600
1975,11,3,5,582,2.6937
1975,12,1,1,900,0.3987
1975,12,1,2,1566,-1.7005
1975,12,1,3,1486,-0.7406
1975,12,1,4,1849,-0.5242
1975,12,1,5,1423,-1.6479
1975,12,2,1,301,-1.4803
1975,12,2,2,458,-2.1229
1975,12,2,3,479,-1.3737
1975,12,2,4,605,-1.1121
1975,12,2,5,472,-1.2166
1975,12,3,1,309,-1.4089
1975,12,3,2,493,-2.0444
1975,12,3,3,527,-0.8028
1975,12,3,4,667,-1.0676
1975,12,3,5,560,-1.6517
1976,1,1,1,1046,20.6760
1976,1,1,2,1590,21.4636
1976,1,1,3,1786,21.7403
1976,1,1,4,1779,21.9286
1976,1,1,5,1430,20.4233
1976,1,2,1,344,17.9318
1976,1,2,2,451,20.0063
1976,1,2,3,548,19.0111
1976,1,2,4,570,19.2614
1976,1,2,5,482,19.8869
1976,1,3,1,347,14.9906
1976,1,3,2,459,15.0687
1976,1,3,3,541,14.1165
1976,1,3,4,648,13.8300
1976,1,3,5,578,14.3861
1976,2,1,1,1083,11.0343
1976,2,1,2,1411,12.3825
1976,2,1,3,1721,11.1636
1976,2,1,4,1708,10.5720
1976,2,1,5,1455,11.4609
1976,2,2,1,414,6.2585
1976,2,2,2,424,8.1036
1976,2,2,3,549,8.3134
1976,2,2,4,563,7.9263
1976,2,2,5,487,7.9670
1976,2,3,1,497,2.0497
1976,2,3,2,449,0.4237
1976,2,3,3,554,2.1414
1976,2,3,4,651,1.1159
1976,2,3,5,587,1.0995
1976,3,1,1,1207,0.6202
1976,3,1,2,1422,0.3098
1976,3,1,3,1826,-0.1169
1976,3,1,4,1811,1.3529
1976,3,1,5,1226,-0.1237
1976,3,2,1,451,0.9063
1976,3,2,2,432,-0.0044
1976,3,2,3,560,1.2202
1976,3,2,4,582,1.1930
1976,3,2,5,352,-0.1646
1976,3,3,1,531,1.7017
1976,3,3,2,468,1.2120
1976,3,3,3,596,0.1892
1976,3,3,4,673,1.4841
1976,3,3,5,420,0.4806
1976,4,1,1,1082,-0.8863
1976,4,1,2,1456,-2.0260
1976,4,1,3,1687,-1.7453
1976,4,1,4,1694,-1.9307
1976,4,1,5,1177,-1.0386
1976,4,2,1,402,-0.3745
1976,4,2,2,442,-1.6859
1976,4,2,3,513,-0.7924
1976,4,2,4,546,-1.1583
1976,4,2,5,375,-0.5877
1976,4,3,1,481,-0.3744
1976,4,3,2,479,-1.1710
1976,4,3,3,564,-1.3516
1976,4,3,4,625,-1.7188
1976,4,3,5,469,-0.8571
1976,5,1,1,1131,-1.2927
1976,5,1,2,1585,-1.4881
1976,5,1,3,1554,-1.3442
1976,5,1,4,1771,-2.2439
1976,5,1,5,1109,0.8962
1976,5,2,1,396,-1.9802
1976,5,2,2,429,-1.8628
1976,5,2,3,469,-3.3865
1976,5,2,4,560,-1.6912
1976,5,2,5,359,-1.9810
1976,5,3,1,480,-1.4025
1976,5,3,2,438,-1.4057
1976,5,3,3,537,-0.7952
1976,5,3,4,649,-0.9625
1976,5,3,5,446,0.1837
1976,6,1,1,1243,1.6081
1976,6,1,2,1454,3.1165
1976,6,1,3,1322,2.9722
1976,6,1,4,1768,3.1926
1976,6,1,5,1146,2.6009
1976,6,2,1,416,2.3501
1976,6,2,2,415,4.8402
1976,6,2,3,382,4.4835
1976,6,2,4,547,5.8691
1976,6,2,5,385,4.6169
1976,6,3,1,470,4.2923
1976,6,3,2,415,5.1968
1976,6,3,3,442,4.5664
1976,6,3,4,624,4.6835
1976,6,3,5,463,5.0946
1976,7,1,1,1261,0.0390
1976,7,1,2,1487,-0.3170
1976,7,1,3,1388,0.3864
1976,7,1,4,1625,-0.1364
1976,7,1,5,1273,-0.8577
1976,7,2,1,416,0.2609
1976,7,2,2,418,-0.8776
1976,7,2,3,435,-0.0911
1976,7,2,4,505,-0.0388
1976,7,2,5,373,-0.9770
1976,7,3,1,480,-1.0135
1976,7,3,2,408,-0.9281
1976,7,3,3,514,-0.9435
1976,7,3,4,568,-1.6838
1976,7,3,5,373,-2.2158
1976,8,1,1,1241,-1.8644
1976,8,1,2,1505,-1.9522
1976,8,1,3,1579,-1.6084
1976,8,1,4,1669,-1.7375
1976,8,1,5,1408,-1.8193
1976,8,2,1,379,-3.2279
1976,8,2,2,436,-2.9261
1976,8,2,3,479,-1.6228
1976,8,2,4,541,-2.1600
1976,8,2,5,428,-2.5439
1976,8,3,1,465,-2.4244
1976,8,3,2,450,-1.4758
1976,8,3,3,557,-1.2790
1976,8,3,4,622,-1.3416
1976,8,3,5,497,-2.1418
1976,9,1,1,1063,0.8310
1976,9,1,2,1399,1.4425
1976,9,1,3,1487,1.6917
1976,9,1,4,1393,1.9178
1976,9,1,5,1375,2.4295
1976,9,2,1,311,4.1982
1976,9,2,2,445,2.9619
1976,9,2,3,496,3.7685
1976,9,2,4,490,2.8633
1976,9,2,5,449,3.4871
1976,9,3,1,328,3.2498
1976,9,3,2,467,2.9019
1976,9,3,3,562,2.9802
1976,9,3,4,614,2.0837
1976,9,3,5,535,2.8625
1976,10,1,1,1114,-1.9475
1976,10,1,2,1649,-2.5427
1976,10,1,3,1660,-1.9450
1976,10,1,4,1401,-2.6317
1976,10,1,5,1490,-1.9861
1976,10,2,1,326,-2.0692
1976,10,2,2,471,-2.4509
1976,10,2,3,514,-2.6663
1976,10,2,4,475,-2.9121
1976,10,2,5,453,-2.2530
1976,10,3,1,357,-2.3204
1976,10,3,2,477,-2.4808
1976,10,3,3,581,-2.9885
1976,10,3,4,606,-3.2311
1976,10,3,5,536,-3.2981
1976,11,1,1,1213,1.8778
1976,11,1,2,1624,2.9663
1976,11,1,3,1658,2.6681
1976,11,1,4,1522,3.3067
1976,11,1,5,1626,2.9767
1976,11,2,1,332,4.7572
1976,11,2,2,474,2.9289
1976,11,2,3,537,3.2412
1976,11,2,4,486,3.2661
1976,11,2,5,494,4.1426
1976,11,3,1,342,1.7688
1976,11,3,2,504,1.0619
1976,11,3,3,610,-0.1038
1976,11,3,4,596,2.0314
1976,11,3,5,577,1.6127
1976,12,1,1,1196,10.2085
1976,12,1,2,1633,10.2508
1976,12,1,3,1835,10.4580
1976,12,1,4,1468,10.1862
1976,12,1,5,1529,10.1176
1976,12,2,1,342,8.7552
1976,12,2,2,477,9.0366
1976,12,2,3,569,9.7957
1976,12,2,4,459,9.5557
1976,12,2,5,470,9.2610
1976,12,3,1,373,5.4152
1976,12,3,2,484,5.6543
1976,12,3,3,641,6.1627
1976,12,3,4,562,5.6118
1976,12,3,5,527,5.1807
1977,1,1,1,1213,4.8205
1977,1,1,2,1522,4.8167
1977,1,1,3,1768,4.9628
1977,1,1,4,1363,5.4932
1977,1,1,5,1387,5.7504
1977,1,2,1,351,2.6016
1977,1,2,2,441,1.1095
1977,1,2,3,547,1.7292
1977,1,2,4,442,3.2200
1977,1,2,5,439,3.2313
1977,1,3,1,369,-6.1416
1977,1,3,2,467,-4.6509
1977,1,3,3,609,-4.9135
1977,1,3,4,540,-4.4242
1977,1,3,5,521,-3.3322
1977,2,1,1,1225,0.6416
1977,2,1,2,1665,-0.4687
1977,2,1,3,1650,-0.5255
1977,2,1,4,1396,0.8496
1977,2,1,5,1309,0.4893
1977,2,2,1,375,1.2236
1977,2,2,2,464,1.5884
1977,2,2,3,524,-1.2607
1977,2,2,4,415,0.5201
1977,2,2,5,416,2.2970
1977,2,3,1,382,-1.2870
1977,2,3,2,491,-2.0325
1977,2,3,3,606,-2.7397
1977,2,3,4,472,-1.4387
1977,2,3,5,497,-2.4856
1977,3,1,1,1368,1.8536
1977,3,1,2,1700,1.5743
1977,3,1,3,1894,1.7832
1977,3,1,4,1458,1.2242
1977,3,1,5,1328,2.7481
1977,3,2,1,386,-0.0482
1977,3,2,2,535,0.8951
1977,3,2,3,582,0.1618
1977,3,2,4,444,0.2403
1977,3,2,5,408,2.1289
1977,3,3,1,385,-0.2278
1977,3,3,2,655,-0.2568
1977,3,3,3,644,-0.5067
1977,3,3,4,484,-0.9028
1977,3,3,5,478,0.1793
1977,4,1,1,1246,1.1088
1977,4,1,2,1582,1.9749
1977,4,1,3,1878,1.7839
1977,4,1,4,1475,0.9673
1977,4,1,5,1563,2.4261
1977,4,2,1,347,0.2349
1977,4,2,2,517,1.2824
1977,4,2,3,574,1.5990
1977,4,2,4,444,0.5116
1977,4,2,5,466,0.6990
1977,4,3,1,349,-0.5237
1977,4,3,2,621,1.5164
1977,4,3,3,635,0.7567
1977,4,3,4,502,0.6997
1977,4,3,5,546,0.4699
1977,5,1,1,1213,-0.8192
1977,5,1,2,1588,-0.9167
1977,5,1,3,1789,-0.5925
1977,5,1,4,1513,-0.4140
1977,5,1,5,1415,-1.6411
1977,5,2,1,318,0.4696
1977,5,2,2,517,1.3282
1977,5,2,3,566,0.8258
1977,5,2,4,471,0.4727
1977,5,2,5,418,1.2855
1977,5,3,1,316,-2.1310
1977,5,3,2,621,-1.1524
1977,5,3,3,616,-1.6970
1977,5,3,4,530,-1.4057
1977,5,3,5,510,-0.8973
1977,6,1,1,1210,6.0770
1977,6,1,2,1491,6.2532
1977,6,1,3,1837,6.9126
1977,6,1,4,1574,5.9670
1977,6,1,5,1253,7.1490
1977,6,2,1,328,7.8992
1977,6,2,2,475,7.1557
1977,6,2,3,577,8.9652
1977,6,2,4,482,7.7798
1977,6,2,5,350,8.3216
1977,6,3,1,307,6.1576
1977,6,3,2,598,4.1239
1977,6,3,3,638,5.9856
1977,6,3,4,549,5.6454
1977,6,3,5,471,4.9041
1977,7,1,1,1203,0.4957
1977,7,1,2,1432,0.7671
1977,7,1,3,1754,1.1485
1977,7,1,4,1875,1.1389
1977,7,1,5,1211,0.8794
1977,7,2,1,334,-0.9722
1977,7,2,2,466,-0.2875
1977,7,2,3,548,-0.3947
1977,7,2,4,554,-1.1998
1977,7,2,5,340,-0.3228
1977,7,3,1,336,-1.6951
1977,7,3,2,579,-1.8010
1977,7,3,3,639,-1.7325
1977,7,3,4,613,-1.9170
1977,7,3,5,425,-1.9069
1977,8,1,1,1385,-1.4760
1977,8,1,2,1428,-1.4639
1977,8,1,3,1708,-0.8358
1977,8,1,4,1856,-0.5450
1977,8,1,5,1272,-0.4232
1977,8,2,1,387,-1.8263
1977,8,2,2,459,-0.9551
1977,8,2,3,540,-0.4312
1977,8,2,4,541,-0.6502
1977,8,2,5,336,-2.2175
1977,8,3,1,401,-0.2900
1977,8,3,2,587,-0.5151
1977,8,3,3,624,-0.8227
1977,8,3,4,610,-0.4050
1977,8,3,5,421,-0.9468
1977,9,1,1,1495,0.9466
1977,9,1,2,1439,1.6371
1977,9,1,3,1292,2.0360
1977,9,1,4,1786,1.4236
1977,9,1,5,1499,2.3944
1977,9,2,1,474,1.0103
1977,9,2,2,424,1.6840
1977,9,2,3,450,2.3154
1977,9,2,4,515,1.5617
1977,9,2,5,378,2.0137
1977,9,3,1,598,-0.8463
1977,9,3,2,484,-0.2225
1977,9,3,3,542,0.0472
1977,9,3,4,582,-0.3132
1977,9,3,5,458,0.1017
1977,10,1,1,1306,-2.6714
1977,10,1,2,1410,-0.8902
1977,10,1,3,1551,-2.6687
1977,10,1,4,1856,-0.4704
1977,10,1,5,1470,-0.3685
1977,10,2,1,432,-3.1065
1977,10,2,2,391,-3.1114
1977,10,2,3,469,-3.0840
1977,10,2,4,537,-2.5691
1977,10,2,5,400,-2.1896
1977,10,3,1,535,-3.9282
1977,10,3,2,442,-4.5467
1977,10,3,3,555,-4.1957
1977,10,3,4,611,-3.4079
1977,10,3,5,484,-4.1459
1977,11,1,1,1342,6.5225
1977,11,1,2,1437,6.9326
1977,11,1,3,1478,8.0558
1977,11,1,4,1675,8.6091
1977,11,1,5,1509,7.1484
1977,11,2,1,464,7.8168
1977,11,2,2,405,8.6787
1977,11,2,3,421,8.7492
1977,11,2,4,484,9.7925
1977,11,2,5,423,8.7589
1977,11,3,1,577,4.8200
1977,11,3,2,438,5.1934
1977,11,3,3,511,4.7686
1977,11,3,4,604,5.1320
1977,11,3,5,483,5.7233
1977,12,1,1,1099,2.6162
1977,12,1,2,1626,2.6199
1977,12,1,3,1743,2.8431
1977,12,1,4,1730,2.6707
1977,12,1,5,1325,3.4769
1977,12,2,1,435,2.0610
1977,12,2,2,497,1.9292
1977,12,2,3,489,1.2965
1977,12,2,4,499,2.7435
1977,12,2,5,396,2.0874
1977,12,3,1,575,0.7668
1977,12,3,2,621,0.3547
1977,12,3,3,573,0.2033
1977,12,3,4,599,0.6446
1977,12,3,5,460,1.4899
1978,1,1,1,1317,-1.8448
1978,1,1,2,1618,-0.3278
1978,1,1,3,1817,-0.1944
1978,1,1,4,1638,-0.3559
1978,1,1,5,1450,-0.6979
1978,1,2,1,491,-2.6711
1978,1,2,2,496,-3.4808
1978,1,2,3,532,-3.6363
1978,1,2,4,479,-3.8003
1978,1,2,5,402,-4.1193
1978,1,3,1,615,-5.3884
1978,1,3,2,631,-5.6194
1978,1,3,3,607,-5.3400
1978,1,3,4,570,-6.0268
1978,1,3,5,475,-6.2183
1978,2,1,1,1320,3.8928
1978,2,1,2,1578,3.1732
1978,2,1,3,1783,3.1516
1978,2,1,4,1566,3.8175
1978,2,1,5,1460,2.9552
1978,2,2,1,481,1.0984
1978,2,2,2,517,1.3093
1978,2,2,3,528,0.8993
1978,2,2,4,468,1.6973
1978,2,2,5,380,0.7540
1978,2,3,1,613,-1.4756
1978,2,3,2,625,-1.4747
1978,2,3,3,612,-1.2293
1978,2,3,4,563,-0.6083
1978,2,3,5,370,-0.2196
1978,3,1,1,1116,8.0712
1978,3,1,2,1513,7.9799
1978,3,1,3,1711,7.1103
1978,3,1,4,1532,7.8331
1978,3,1,5,1173,9.3217
1978,3,2,1,384,6.3906
1978,3,2,2,509,6.8359
1978,3,2,3,512,5.9286
1978,3,2,4,483,7.2529
1978,3,2,5,304,7.7651
1978,3,3,1,420,4.4940
1978,3,3,2,615,3.3017
1978,3,3,3,596,4.9628
1978,3,3,4,584,4.7188
1978,3,3,5,298,5.7610
1978,4,1,1,1166,7.6326
1978,4,1,2,1496,6.8448
1978,4,1,3,1494,8.4490
1978,4,1,4,1595,7.5779
1978,4,1,5,1097,7.5868
1978,4,2,1,424,7.7971
1978,4,2,2,517,7.6401
1978,4,2,3,462,7.1212
1978,4,2,4,501,7.3749
1978,4,2,5,272,7.3292
1978,4,3,1,466,10.2683
1978,4,3,2,612,8.4216
1978,4,3,3,537,8.2367
1978,4,3,4,601,9.1203
1978,4,3,5,272,9.0700
1978,5,1,1,1141,8.9287
1978,5,1,2,1681,7.9244
1978,5,1,3,1427,6.4121
1978,5,1,4,1628,8.8710
1978,5,1,5,1098,10.2737
1978,5,2,1,418,5.8982
1978,5,2,2,523,6.5300
1978,5,2,3,422,7.3053
1978,5,2,4,532,8.8816
1978,5,2,5,272,7.7893
1978,5,3,1,532,3.0465
1978,5,3,2,621,3.2091
1978,5,3,3,479,3.3473
1978,5,3,4,606,3.4602
1978,5,3,5,265,5.9566
1978,6,1,1,1130,0.6219
1978,6,1,2,1711,0.2843
1978,6,1,3,1351,0.3236
1978,6,1,4,1517,1.5681
1978,6,1,5,965,1.4071
1978,6,2,1,421,0.6601
1978,6,2,2,536,-0.4294
1978,6,2,3,420,-0.8134
1978,6,2,4,496,0.0366
1978,6,2,5,251,0.7442
1978,6,3,1,527,-1.2180
1978,6,3,2,627,-1.3489
1978,6,3,3,474,-1.1983
1978,6,3,4,578,-0.5268
1978,6,3,5,252,0.4540
1978,7,1,1,1117,4.8895
1978,7,1,2,1631,4.6077
1978,7,1,3,1391,4.4529
1978,7,1,4,1399,4.8191
1978,7,1,5,831,6.1236
1978,7,2,1,413,6.1681
1978,7,2,2,515,7.0758
1978,7,2,3,434,6.6082
1978,7,2,4,444,8.0302
1978,7,2,5,245,8.5386
1978,7,3,1,518,6.3106
1978,7,3,2,579,6.0786
1978,7,3,3,485,6.3247
1978,7,3,4,509,6.2432
1978,7,3,5,237,8.5642
1978,8,1,1,976,7.0813
1978,8,1,2,1666,8.7966
1978,8,1,3,1395,8.3776
1978,8,1,4,1525,9.4584
1978,8,1,5,771,10.1453
1978,8,2,1,393,6.7763
1978,8,2,2,532,6.8814
1978,8,2,3,432,7.5138
1978,8,2,4,462,9.9598
1978,8,2,5,234,8.5443
1978,8,3,1,486,3.3528
1978,8,3,2,583,3.8652
1978,8,3,3,487,4.3163
1978,8,3,4,516,3.8664
1978,8,3,5,222,7.3537
1978,9,1,1,1032,0.7716
1978,9,1,2,1691,-0.3333
1978,9,1,3,1409,-0.0231
1978,9,1,4,1502,0.1308
1978,9,1,5,993,-1.2411
1978,9,2,1,402,0.0234
1978,9,2,2,527,-1.9909
1978,9,2,3,417,-1.7201
1978,9,2,4,484,-1.6962
1978,9,2,5,280,-2.3222
1978,9,3,1,499,-0.0716
1978,9,3,2,602,-1.3530
1978,9,3,3,421,-2.0612
1978,9,3,4,563,-2.6839
1978,9,3,5,238,-4.0263
1978,10,1,1,1064,-21.1152
1978,10,1,2,1662,-21.6947
1978,10,1,3,1592,-21.2276
1978,10,1,4,1575,-23.2532
1978,10,1,5,1058,-23.0428
1978,10,2,1,388,-19.9931
1978,10,2,2,502,-20.1946
1978,10,2,3,464,-20.0402
1978,10,2,4,525,-21.1414
1978,10,2,5,341,-22.3619
1978,10,3,1,501,-11.4666
1978,10,3,2,520,-11.7887
1978,10,3,3,449,-12.4404
1978,10,3,4,588,-11.8409
1978,10,3,5,336,-15.4296
1978,11,1,1,1110,6.9154
1978,11,1,2,1633,6.4841
1978,11,1,3,1562,6.2693
1978,11,1,4,1502,6.0300
1978,11,1,5,1139,7.2395
1978,11,2,1,399,8.3644
1978,11,2,2,488,7.1773
1978,11,2,3,449,7.6580
1978,11,2,4,499,9.9421
1978,11,2,5,398,7.6161
1978,11,3,1,510,3.6850
1978,11,3,2,466,2.7975
1978,11,3,3,418,3.0169
1978,11,3,4,576,3.6220
1978,11,3,5,478,3.1827
1978,12,1,1,1050,1.0485
1978,12,1,2,1567,1.9129
1978,12,1,3,1591,1.4400
1978,12,1,4,1679,2.3183
1978,12,1,5,1112,1.4316
1978,12,2,1,389,2.1547
1978,12,2,2,471,1.8190
1978,12,2,3,492,2.0271
1978,12,2,4,535,2.2594
1978,12,2,5,390,1.6119
1978,12,3,1,494,1.9805
1978,12,3,2,430,0.9313
1978,12,3,3,519,1.3605
1978,12,3,4,602,2.3211
1978,12,3,5,467,3.8034
1979,1,1,1,1307,10.6470
1979,1,1,2,1459,10.0325
1979,1,1,3,1569,10.8135
1979,1,1,4,1678,11.0221
1979,1,1,5,1101,10.9989
1979,1,2,1,479,8.7592
1979,1,2,2,460,9.6810
1979,1,2,3,492,9.1614
1979,1,2,4,538,8.0990
1979,1,2,5,389,9.2428
1979,1,3,1,575,6.2282
1979,1,3,2,423,4.1425
1979,1,3,3,507,5.1782
1979,1,3,4,608,4.9608
1979,1,3,5,489,4.9516
1979,2,1,1,1204,-1.0923
1979,2,1,2,1498,-2.6603
1979,2,1,3,1605,-2.4038
1979,2,1,4,1591,-1.9019
1979,2,1,5,1114,-0.0674
1979,2,2,1,422,-3.7846
1979,2,2,2,469,-4.3434
1979,2,2,3,503,-4.0319
1979,2,2,4,509,-2.9160
1979,2,2,5,384,-3.0491
1979,2,3,1,500,-3.8869
1979,2,3,2,450,-4.9458
1979,2,3,3,531,-4.7363
1979,2,3,4,578,-3.4037
1979,2,3,5,475,-2.9393
1979,3,1,1,1191,7.4753
1979,3,1,2,1487,7.8823
1979,3,1,3,1739,7.7228
1979,3,1,4,1559,7.6473
1979,3,1,5,1053,8.8752
1979,3,2,1,406,9.5613
1979,3,2,2,467,9.5812
1979,3,2,3,527,8.3547
1979,3,2,4,481,9.7122
1979,3,2,5,377,8.7121
1979,3,3,1,490,7.8448
1979,3,3,2,451,5.9861
1979,3,3,3,587,6.8058
1979,3,3,4,554,7.9059
1979,3,3,5,461,7.6009
1979,4,1,1,1120,3.9862
1979,4,1,2,1516,3.0432
1979,4,1,3,1721,2.7882
1979,4,1,4,1524,3.0342
1979,4,1,5,1119,4.8502
1979,4,2,1,409,2.4309
1979,4,2,2,464,3.2629
1979,4,2,3,519,3.2809
1979,4,2,4,467,2.9839
1979,4,2,5,390,2.1587
1979,4,3,1,491,0.2140
1979,4,3,2,455,0.4068
1979,4,3,3,572,1.1801
1979,4,3,4,549,1.2351
1979,4,3,5,485,-0.5104
1979,5,1,1,1072,-0.9313
1979,5,1,2,1521,-0.2811
1979,5,1,3,1695,0.0119
1979,5,1,4,1502,-0.3357
1979,5,1,5,1255,-0.2709
1979,5,2,1,402,-0.2788
1979,5,2,2,480,-1.4755
1979,5,2,3,509,-1.2711
1979,5,2,4,461,-1.4770
1979,5,2,5,393,0.4084
1979,5,3,1,487,-0.5150
1979,5,3,2,504,-1.5725
1979,5,3,3,577,-2.0190
1979,5,3,4,529,-1.2858
1979,5,3,5,473,-0.4222
1979,6,1,1,861,4.0542
1979,6,1,2,1481,4.3896
1979,6,1,3,1651,4.0297
1979,6,1,4,1498,4.7546
1979,6,1,5,1246,5.6162
1979,6,2,1,322,3.5087
1979,6,2,2,462,3.6491
1979,6,2,3,482,3.7041
1979,6,2,4,472,6.0716
1979,6,2,5,402,4.4648
1979,6,3,1,406,5.6595
1979,6,3,2,494,4.4872
1979,6,3,3,474,4.4432
1979,6,3,4,524,5.7645
1979,6,3,5,466,6.2466
1979,7,1,1,879,2.9879
1979,7,1,2,1665,2.5220
1979,7,1,3,1559,2.4829
1979,7,1,4,1321,1.5725
1979,7,1,5,1229,2.6542
1979,7,2,1,326,4.2176
1979,7,2,2,509,4.2436
1979,7,2,3,487,4.2218
1979,7,2,4,449,2.4760
1979,7,2,5,383,3.3616
1979,7,3,1,434,2.0445
1979,7,3,2,549,2.1719
1979,7,3,3,554,1.7485
1979,7,3,4,524,2.0979
1979,7,3,5,438,1.8956
1979,8,1,1,897,7.5506
1979,8,1,2,1688,7.9644
1979,8,1,3,1710,8.1526
1979,8,1,4,1244,6.7939
1979,8,1,5,1121,8.6072
1979,8,2,1,325,9.9063
1979,8,2,2,489,8.7320
1979,8,2,3,534,8.4912
1979,8,2,4,416,8.7342
1979,8,2,5,355,8.8995
1979,8,3,1,429,7.6760
1979,8,3,2,539,7.7369
1979,8,3,3,616,7.9415
1979,8,3,4,423,6.8554
1979,8,3,5,415,6.8423
1979,9,1,1,916,-0.3962
1979,9,1,2,1401,-1.3417
1979,9,1,3,1664,-1.2691
1979,9,1,4,1405,-1.0183
1979,9,1,5,952,0.1071
1979,9,2,1,345,-0.6239
1979,9,2,2,446,-0.6080
1979,9,2,3,529,-0.5283
1979,9,2,4,463,-0.4688
1979,9,2,5,317,-0.5706
1979,9,3,1,434,-0.1499
1979,9,3,2,515,-0.8661
1979,9,3,3,604,-0.6570
1979,9,3,4,466,-0.7534
1979,9,3,5,395,0.7272
1979,10,1,1,869,-10.7061
1979,10,1,2,1483,-10.6416
1979,10,1,3,1674,-10.2960
1979,10,1,4,1339,-11.2591
1979,10,1,5,1012,-11.4932
1979,10,2,1,325,-10.6842
1979,10,2,2,495,-10.8795
1979,10,2,3,524,-9.1568
1979,10,2,4,407,-10.6199
1979,10,2,5,311,-10.8876
1979,10,3,1,410,-8.1243
1979,10,3,2,607,-8.0189
1979,10,3,3,593,-7.3791
1979,10,3,4,397,-7.6999
1979,10,3,5,358,-7.7615
1979,11,1,1,1057,7.4019
1979,11,1,2,1538,7.0911
1979,11,1,3,1665,8.3971
1979,11,1,4,1426,7.4375
1979,11,1,5,975,9.7694
1979,11,2,1,364,9.5349
1979,11,2,2,504,8.6852
1979,11,2,3,505,9.7256
1979,11,2,4,436,8.3269
1979,11,2,5,321,11.8490
1979,11,3,1,436,6.2644
1979,11,3,2,592,5.2076
1979,11,3,3,553,6.1364
1979,11,3,4,435,5.3118
1979,11,3,5,393,10.2180
1979,12,1,1,1006,10.6728
1979,12,1,2,1444,7.4305
1979,12,1,3,1679,7.6659
1979,12,1,4,1645,7.8345
1979,12,1,5,852,16.1716
1979,12,2,1,356,6.4295
1979,12,2,2,458,6.1660
1979,12,2,3,521,5.9137
1979,12,2,4,487,6.5477
1979,12,2,5,297,8.8970
1979,12,3,1,419,5.6097
1979,12,3,2,513,3.6109
1979,12,3,3,580,4.6087
1979,12,3,4,496,4.1830
1979,12,3,5,371,6.3564
1980,1,1,1,1106,10.6877
1980,1,1,2,1622,10.4648
1980,1,1,3,1726,11.4871
1980,1,1,4,1685,11.0034
1980,1,1,5,875,17.5495
1980,1,2,1,399,6.3380
1980,1,2,2,533,6.2985
1980,1,2,3,542,8.0200
1980,1,2,4,504,8.6901
1980,1,2,5,306,10.0097
1980,1,3,1,451,5.7903
1980,1,3,2,600,3.9482
1980,1,3,3,601,5.9232
1980,1,3,4,521,6.1575
1980,1,3,5,376,10.5229
1980,2,1,1,1195,-1.2779
1980,2,1,2,1600,-1.9745
1980,2,1,3,1711,-1.7430
1980,2,1,4,1654,-1.8812
1980,2,1,5,726,-2.2717
1980,2,2,1,409,-0.2412
1980,2,2,2,538,-1.4882
1980,2,2,3,544,-2.3158
1980,2,2,4,497,-1.7480
1980,2,2,5,271,-0.1756
1980,2,3,1,451,-4.2073
1980,2,3,2,604,-3.4398
1980,2,3,3,596,-3.3221
1980,2,3,4,501,-3.7751
1980,2,3,5,351,-1.3752
1980,3,1,1,1089,-18.7100
1980,3,1,2,1603,-18.0258
1980,3,1,3,1470,-18.2342
1980,3,1,4,1568,-18.4697
1980,3,1,5,732,-20.9886
1980,3,2,1,388,-17.5334
1980,3,2,2,533,-16.2548
1980,3,2,3,461,-16.4677
1980,3,2,4,484,-17.1960
1980,3,2,5,296,-19.9458
1980,3,3,1,445,-9.3863
1980,3,3,2,577,-9.5279
1980,3,3,3,491,-10.3462
1980,3,3,4,490,-11.1500
1980,3,3,5,375,-13.7904
1980,4,1,1,1108,4.0377
1980,4,1,2,1694,5.7494
1980,4,1,3,1502,4.6661
1980,4,1,4,1763,5.6327
1980,4,1,5,915,5.8302
1980,4,2,1,422,3.6566
1980,4,2,2,566,5.7940
1980,4,2,3,470,6.3187
1980,4,2,4,569,6.4087
1980,4,2,5,338,4.9482
1980,4,3,1,486,4.4554
1980,4,3,2,579,3.1800
1980,4,3,3,477,3.3213
1980,4,3,4,610,3.2248
1980,4,3,5,409,4.6165
1980,5,1,1,1186,7.4300
1980,5,1,2,1707,6.7155
1980,5,1,3,1572,6.5857
1980,5,1,4,1673,6.8936
1980,5,1,5,1070,5.5349
1980,5,2,1,462,7.8566
1980,5,2,2,600,8.5185
1980,5,2,3,510,8.0467
1980,5,2,4,541,8.5972
1980,5,2,5,370,8.4794
1980,5,3,1,526,6.2682
1980,5,3,2,624,8.5573
1980,5,3,3,504,6.5478
1980,5,3,4,579,7.1360
1980,5,3,5,442,6.6010
1980,6,1,1,1202,4.3845
1980,6,1,2,1779,3.8580
1980,6,1,3,1621,3.4862
1980,6,1,4,1488,3.4885
1980,6,1,5,1155,4.8805
1980,6,2,1,452,5.5719
1980,6,2,2,607,3.7426
1980,6,2,3,505,3.6136
1980,6,2,4,517,4.0850
1980,6,2,5,412,7.0419
1980,6,3,1,515,4.6001
1980,6,3,2,631,2.8650
1980,6,3,3,487,3.5501
1980,6,3,4,551,3.0400
1980,6,3,5,475,7.0737
1980,7,1,1,1212,11.1440
1980,7,1,2,1810,10.2906
1980,7,1,3,1590,11.0789
1980,7,1,4,1456,11.0464
1980,7,1,5,1206,10.6286
1980,7,2,1,423,11.1017
1980,7,2,2,606,12.1867
1980,7,2,3,531,12.6240
1980,7,2,4,516,11.6407
1980,7,2,5,444,10.2525
1980,7,3,1,429,11.2359
1980,7,3,2,647,11.7603
1980,7,3,3,522,11.1744
1980,7,3,4,548,11.2442
1980,7,3,5,511,11.3701
1980,8,1,1,1161,10.6220
1980,8,1,2,1860,8.8878
1980,8,1,3,1544,7.6500
1980,8,1,4,1568,7.5794
1980,8,1,5,1265,11.8813
1980,8,2,1,447,5.1585
1980,8,2,2,621,6.8180
1980,8,2,3,515,6.2197
1980,8,2,4,534,6.5661
1980,8,2,5,444,7.5522
1980,8,3,1,517,1.6396
1980,8,3,2,667,1.7652
1980,8,3,3,521,1.1295
1980,8,3,4,553,2.0087
1980,8,3,5,505,2.0817
1980,9,1,1,1070,3.9397
1980,9,1,2,1732,3.4319
1980,9,1,3,1461,3.1170
1980,9,1,4,1701,4.0550
1980,9,1,5,1398,5.7434
1980,9,2,1,436,4.7201
1980,9,2,2,601,3.7942
1980,9,2,3,463,3.7497
1980,9,2,4,557,3.4336
1980,9,2,5,461,6.3516
1980,9,3,1,505,2.8839
1980,9,3,2,645,4.0689
1980,9,3,3,425,2.4083
1980,9,3,4,570,2.8182
1980,9,3,5,500,5.3067
1980,10,1,1,1171,4.7104
1980,10,1,2,1656,2.9801
1980,10,1,3,1492,4.5235
1980,10,1,4,1761,4.6939
1980,10,1,5,1265,6.1016
1980,10,2,1,451,2.4847
1980,10,2,2,565,1.9650
1980,10,2,3,484,2.8074
1980,10,2,4,605,3.1005
1980,10,2,5,410,3.4337
1980,10,3,1,508,0.2944
1980,10,3,2,637,0.5062
1980,10,3,3,447,0.6894
1980,10,3,4,611,1.3245
1980,10,3,5,440,3.1659
1980,11,1,1,934,6.8321
1980,11,1,2,1569,5.7017
1980,11,1,3,1510,5.6514
1980,11,1,4,1726,6.2488
1980,11,1,5,1170,8.8321
1980,11,2,1,382,8.2480
1980,11,2,2,537,6.5254
1980,11,2,3,491,9.5242
1980,11,2,4,592,7.7849
1980,11,2,5,357,8.4098
1980,11,3,1,434,8.1382
1980,11,3,2,600,8.1242
1980,11,3,3,436,7.9252
1980,11,3,4,580,8.0733
1980,11,3,5,314,12.0690
1980,12,1,1,918,-3.3250
1980,12,1,2,1434,-5.0012
1980,12,1,3,1659,-4.4302
1980,12,1,4,1603,-4.7509
1980,12,1,5,1122,-6.3283
1980,12,2,1,395,-1.8228
1980,12,2,2,438,-4.0658
1980,12,2,3,543,-2.6972
1980,12,2,4,548,-4.0211
1980,12,2,5,362,-5.7170
1980,12,3,1,434,0.2085
1980,12,3,2,407,-2.0513
1980,12,3,3,540,-1.5205
1980,12,3,4,544,-2.7313
1980,12,3,5,332,-4.2429
1981,1,1,1,1058,3.2446
1981,1,1,2,1429,1.3062
1981,1,1,3,1573,0.7656
1981,1,1,4,1794,0.0572
1981,1,1,5,1220,-1.6683
1981,1,2,1,410,-1.2407
1981,1,2,2,458,-0.2715
1981,1,2,3,534,0.5664
1981,1,2,4,614,-1.5587
1981,1,2,5,392,-3.6363
1981,1,3,1,445,-2.4837
1981,1,3,2,411,-0.9564
1981,1,3,3,518,-1.1839
1981,1,3,4,613,-3.6444
1981,1,3,5,381,-5.2604
1981,2,1,1,1068,-0.6508
1981,2,1,2,1473,-0.3981
1981,2,1,3,1405,-0.3585
1981,2,1,4,1700,-0.8535
1981,2,1,5,1229,-1.0687
1981,2,2,1,391,0.3494
1981,2,2,2,459,2.5053
1981,2,2,3,468,1.7472
1981,2,2,4,618,2.1181
1981,2,2,5,412,0.6682
1981,2,3,1,440,1.0543
1981,2,3,2,423,2.7283
1981,2,3,3,481,3.1547
1981,2,3,4,630,2.3743
1981,2,3,5,393,-1.1010
1981,3,1,1,1109,7.6436
1981,3,1,2,1708,8.2736
1981,3,1,3,1431,8.6931
1981,3,1,4,1523,9.1321
1981,3,1,5,1208,8.0573
1981,3,2,1,400,8.3608
1981,3,2,2,559,8.3656
1981,3,2,3,476,8.5736
1981,3,2,4,552,8.3514
1981,3,2,5,410,8.1942
1981,3,3,1,447,7.1280
1981,3,3,2,601,8.4365
1981,3,3,3,500,7.4492
1981,3,3,4,550,8.6246
1981,3,3,5,423,6.8162
1981,4,1,1,1233,2.9453
1981,4,1,2,1687,4.3130
1981,4,1,3,1390,5.1176
1981,4,1,4,1509,4.3417
1981,4,1,5,1419,4.0533
1981,4,2,1,432,0.9425
1981,4,2,2,544,2.3268
1981,4,2,3,452,3.1673
1981,4,2,4,533,3.8302
1981,4,2,5,475,1.8472
1981,4,3,1,488,0.4932
1981,4,3,2,602,-0.9259
1981,4,3,3,478,0.9863
1981,4,3,4,537,1.1802
1981,4,3,5,478,0.8968
1981,5,1,1,1335,1.1627
1981,5,1,2,1551,2.7973
1981,5,1,3,1501,2.6660
1981,5,1,4,1545,3.8778
1981,5,1,5,1357,2.3546
1981,5,2,1,464,4.0767
1981,5,2,2,506,3.6454
1981,5,2,3,489,4.3418
1981,5,2,4,511,4.6873
1981,5,2,5,442,4.4806
1981,5,3,1,490,1.4844
1981,5,3,2,530,0.7277
1981,5,3,3,528,1.9731
1981,5,3,4,462,2.7548
1981,5,3,5,431,3.6033
1981,6,1,1,1158,-4.2215
1981,6,1,2,1552,-2.4674
1981,6,1,3,1544,-1.0273
1981,6,1,4,1565,-0.5985
1981,6,1,5,1218,-0.8523
1981,6,2,1,408,-4.6027
1981,6,2,2,500,-3.3799
1981,6,2,3,500,-3.3281
1981,6,2,4,500,-3.2950
1981,6,2,5,374,-3.1212
1981,6,3,1,456,-3.3504
1981,6,3,2,535,-2.7907
1981,6,3,3,530,-3.2200
1981,6,3,4,460,-3.4732
1981,6,3,5,342,-4.5061
1981,7,1,1,1309,-3.4459
1981,7,1,2,1535,-4.3786
1981,7,1,3,1453,-3.3373
1981,7,1,4,1551,-3.6064
1981,7,1,5,1409,-3.1023
1981,7,2,1,445,-1.9039
1981,7,2,2,481,-1.9019
1981,7,2,3,471,-3.3392
1981,7,2,4,497,-4.1322
1981,7,2,5,450,-3.0347
1981,7,3,1,494,0.3527
1981,7,3,2,517,-1.0414
1981,7,3,3,475,-1.1010
1981,7,3,4,463,-2.5317
1981,7,3,5,482,-0.7305
1981,8,1,1,1624,-9.8303
1981,8,1,2,1479,-8.6099
1981,8,1,3,1382,-8.2271
1981,8,1,4,1580,-9.1574
1981,8,1,5,1501,-8.1564
1981,8,2,1,509,-8.3113
1981,8,2,2,474,-7.7347
1981,8,2,3,441,-7.0524
1981,8,2,4,510,-8.5422
1981,8,2,5,471,-7.2633
1981,8,3,1,564,-5.9165
1981,8,3,2,535,-5.5540
1981,8,3,3,460,-5.9205
1981,8,3,4,486,-6.6336
1981,8,3,5,506,-4.7870
1981,9,1,1,1625,-10.2192
1981,9,1,2,1438,-11.4253
1981,9,1,3,1854,-9.7343
1981,9,1,4,1503,-9.1396
1981,9,1,5,1301,-11.5441
1981,9,2,1,517,-7.6190
1981,9,2,2,423,-7.0076
1981,9,2,3,572,-6.7012
1981,9,2,4,477,-6.5330
1981,9,2,5,406,-6.9553
1981,9,3,1,565,-5.3045
1981,9,3,2,396,-4.7123
1981,9,3,3,621,-3.8132
1981,9,3,4,415,-3.4294
1981,9,3,5,433,-4.6633
1981,10,1,1,1644,7.7505
1981,10,1,2,1431,8.3590
1981,10,1,3,1884,7.5929
1981,10,1,4,1550,9.1227
1981,10,1,5,1177,8.5959
1981,10,2,1,483,8.4824
1981,10,2,2,436,7.2545
1981,10,2,3,583,7.2343
1981,10,2,4,499,9.6987
1981,10,2,5,337,8.1549
1981,10,3,1,510,6.3453
1981,10,3,2,461,5.8237
1981,10,3,3,624,5.6276
1981,10,3,4,426,6.3160
1981,10,3,5,381,7.2915
1981,11,1,1,1704,0.8076
1981,11,1,2,1698,1.9562
1981,11,1,3,1885,2.1081
1981,11,1,4,1909,1.8100
1981,11,1,5,1184,3.6792
1981,11,2,1,473,1.9925
1981,11,2,2,526,3.6806
1981,11,2,3,586,2.9665
1981,11,2,4,557,3.2533
1981,11,2,5,335,2.7502
1981,11,3,1,460,2.4678
1981,11,3,2,556,2.8423
1981,11,3,3,615,1.9893
1981,11,3,4,495,2.8303
1981,11,3,5,389,2.2252
1981,12,1,1,1733,-1.8894
1981,12,1,2,1708,-1.0489
1981,12,1,3,1879,-1.0922
1981,12,1,4,1851,-0.8669
1981,12,1,5,1434,-1.4660
1981,12,2,1,456,-2.1524
1981,12,2,2,541,-1.4992
1981,12,2,3,545,-1.2377
1981,12,2,4,543,-1.3671
1981,12,2,5,427,-1.5967
1981,12,3,1,449,-2.6529
1981,12,3,2,561,-1.6077
1981,12,3,3,541,-1.5549
1981,12,3,4,589,-1.7177
1981,12,3,5,463,-3.4602
1982,1,1,1,1574,-2.1279
1982,1,1,2,1696,-1.1559
1982,1,1,3,1891,-1.2040
1982,1,1,4,1782,-0.4299
1982,1,1,5,1578,-2.4384
1982,1,2,1,432,-5.1417
1982,1,2,2,542,-4.0760
1982,1,2,3,568,-3.5437
1982,1,2,4,526,-4.3918
1982,1,2,5,480,-4.1064
1982,1,3,1,417,-3.8796
1982,1,3,2,541,-2.2979
1982,1,3,3,609,-0.7810
1982,1,3,4,559,-1.1181
1982,1,3,5,505,-2.7047
1982,2,1,1,1466,-5.5102
1982,2,1,2,1683,-3.5091
1982,2,1,3,1866,-4.0046
1982,2,1,4,1674,-3.3937
1982,2,1,5,1769,-3.7343
1982,2,2,1,413,-6.9261
1982,2,2,2,530,-3.9643
1982,2,2,3,553,-4.4159
1982,2,2,4,501,-3.5599
1982,2,2,5,532,-4.6044
1982,2,3,1,380,-6.8877
1982,2,3,2,537,-3.9779
1982,2,3,3,594,-4.7215
1982,2,3,4,558,-4.2632
1982,2,3,5,564,-5.1328
1982,3,1,1,1350,-3.1406
1982,3,1,2,1653,-2.0728
1982,3,1,3,1496,-0.7351
1982,3,1,4,1715,0.5112
1982,3,1,5,1580,-0.2120
1982,3,2,1,393,-3.5888
1982,3,2,2,500,-0.1052
1982,3,2,3,453,1.2703
1982,3,2,4,527,0.9126
1982,3,2,5,489,1.2559
1982,3,3,1,359,-4.4605
1982,3,3,2,516,-1.2427
1982,3,3,3,473,0.0465
1982,3,3,4,585,0.4145
1982,3,3,5,556,-0.9546
1982,4,1,1,1256,3.9873
1982,4,1,2,2084,5.7390
1982,4,1,3,1572,6.4362
1982,4,1,4,1395,7.2602
1982,4,1,5,1557,5.7155
1982,4,2,1,360,4.6340
1982,4,2,2,573,5.9240
1982,4,2,3,466,6.6070
1982,4,2,4,436,6.7431
1982,4,2,5,483,6.7316
1982,4,3,1,330,5.1601
1982,4,3,2,602,4.4412
1982,4,3,3,484,6.4512
1982,4,3,4,507,5.5120
1982,4,3,5,534,6.5661
1982,5,1,1,1248,-4.4503
1982,5,1,2,1972,-3.2292
1982,5,1,3,1645,-2.5130
1982,5,1,4,1460,-2.5927
1982,5,1,5,1554,-2.2868
1982,5,2,1,356,-5.0653
1982,5,2,2,543,-3.4010
1982,5,2,3,504,-4.1132
1982,5,2,4,430,-3.9607
1982,5,2,5,480,-4.0405
1982,5,3,1,337,-6.4568
1982,5,3,2,588,-4.2424
1982,5,3,3,513,-3.9990
1982,5,3,4,489,-4.6561
1982,5,3,5,530,-4.4839
1982,6,1,1,1227,-6.4203
1982,6,1,2,1868,-3.7227
1982,6,1,3,1686,-2.4158
1982,6,1,4,1510,-1.3083
1982,6,1,5,1351,-1.2720
1982,6,2,1,334,-1.4505
1982,6,2,2,487,-2.9097
1982,6,2,3,506,-0.6092
1982,6,2,4,441,-1.8218
1982,6,2,5,392,-0.5656
1982,6,3,1,331,-5.2078
1982,6,3,2,535,-2.9057
1982,6,3,3,510,-0.3727
1982,6,3,4,463,-0.5236
1982,6,3,5,461,-0.5735
1982,7,1,1,1228,-1.2998
1982,7,1,2,1718,-0.7847
1982,7,1,3,1724,-0.0195
1982,7,1,4,1526,-0.3193
1982,7,1,5,1315,0.2070
1982,7,2,1,327,-2.8793
1982,7,2,2,464,-2.1160
1982,7,2,3,518,-0.1341
1982,7,2,4,458,-0.0836
1982,7,2,5,371,-0.7901
1982,7,3,1,327,-5.5663
1982,7,3,2,516,-2.4403
1982,7,3,3,525,-0.4538
1982,7,3,4,481,-0.4727
1982,7,3,5,454,0.1078
1982,8,1,1,1151,5.0351
1982,8,1,2,1703,4.3260
1982,8,1,3,1678,5.0406
1982,8,1,4,1498,3.7896
1982,8,1,5,1351,4.2286
1982,8,2,1,314,10.3165
1982,8,2,2,461,9.0975
1982,8,2,3,503,10.0951
1982,8,2,4,464,9.9652
1982,8,2,5,377,9.6565
1982,8,3,1,315,17.8171
1982,8,3,2,515,12.3611
1982,8,3,3,505,14.9482
1982,8,3,4,489,13.8536
1982,8,3,5,458,12.1476
1982,9,1,1,1153,3.0928
1982,9,1,2,1932,3.5768
1982,9,1,3,1799,4.9901
1982,9,1,4,1668,5.0209
1982,9,1,5,1431,5.0867
1982,9,2,1,308,2.8524
1982,9,2,2,528,2.5663
1982,9,2,3,529,3.2536
1982,9,2,4,499,4.5747
1982,9,2,5,377,3.5556
1982,9,3,1,339,-0.0377
1982,9,3,2,562,1.2292
1982,9,3,3,535,1.5727
1982,9,3,4,547,0.9699
1982,9,3,5,444,1.7775
1982,10,1,1,1195,12.8796
1982,10,1,2,1763,13.3964
1982,10,1,3,1755,14.5384
1982,10,1,4,1921,14.3244
1982,10,1,5,1420,15.5167
1982,10,2,1,330,13.3810
1982,10,2,2,473,14.1435
1982,10,2,3,511,14.9277
1982,10,2,4,511,15.0974
1982,10,2,5,375,15.6796
1982,10,3,1,334,15.0858
1982,10,3,2,507,14.3190
1982,10,3,3,558,14.1388
1982,10,3,4,490,14.4190
1982,10,3,5,453,14.4875
1982,11,1,1,1185,7.8041
1982,11,1,2,1894,8.2270
1982,11,1,3,1614,10.9460
1982,11,1,4,1882,10.1046
1982,11,1,5,1575,11.4230
1982,11,2,1,345,5.4570
1982,11,2,2,538,7.2763
1982,11,2,3,469,9.1278
1982,11,2,4,515,9.4433
1982,11,2,5,422,9.6019
1982,11,3,1,426,4.0949
1982,11,3,2,577,5.9192
1982,11,3,3,508,6.2748
1982,11,3,4,491,6.8325
1982,11,3,5,516,7.1423
1982,12,1,1,1178,3.1256
1982,12,1,2,1734,2.7085
1982,12,1,3,1649,1.7731
1982,12,1,4,2029,2.5913
1982,12,1,5,1084,3.3940
1982,12,2,1,347,0.3474
1982,12,2,2,502,2.4835
1982,12,2,3,472,1.2135
1982,12,2,4,558,2.0699
1982,12,2,5,307,1.0094
1982,12,3,1,418,1.7583
1982,12,3,2,541,-0.6092
1982,12,3,3,525,0.7916
1982,12,3,4,533,0.9235
1982,12,3,5,303,0.3346
1983,1,1,1,1337,12.8639
1983,1,1,2,1801,10.0756
1983,1,1,3,1511,9.9666
1983,1,1,4,2010,12.6789
1983,1,1,5,1564,13.8130
1983,1,2,1,420,8.8934
1983,1,2,2,535,7.5111
1983,1,2,3,466,7.0523
1983,1,2,4,571,5.9484
1983,1,2,5,390,11.5068
1983,1,3,1,475,4.6630
1983,1,3,2,577,3.1459
1983,1,3,3,507,2.7562
1983,1,3,4,615,3.0111
1983,1,3,5,386,6.1795
1983,2,1,1,1429,4.9283
1983,2,1,2,1851,5.9125
1983,2,1,3,1875,6.0824
1983,2,1,4,2051,6.8217
1983,2,1,5,1762,3.4914
1983,2,2,1,440,4.9776
1983,2,2,2,520,6.3677
1983,2,2,3,513,6.3498
1983,2,2,4,594,6.3477
1983,2,2,5,449,1.6564
1983,2,3,1,495,2.9588
1983,2,3,2,500,4.1777
1983,2,3,3,556,3.7077
1983,2,3,4,606,4.5586
1983,2,3,5,461,0.4956
1983,3,1,1,1409,4.3687
1983,3,1,2,1370,5.4186
1983,3,1,3,1731,5.2633
1983,3,1,4,1973,4.6387
1983,3,1,5,1993,4.1354
1983,3,2,1,444,2.9540
1983,3,2,2,444,3.4829
1983,3,2,3,479,3.0587
1983,3,2,4,584,4.6978
1983,3,2,5,519,3.2271
1983,3,3,1,493,4.0310
1983,3,3,2,506,1.3500
1983,3,3,3,510,2.8189
1983,3,3,4,571,4.8092
1983,3,3,5,488,2.4783
1983,4,1,1,1402,7.6036
1983,4,1,2,1325,5.9053
1983,4,1,3,1775,7.0931
1983,4,1,4,2129,7.8254
1983,4,1,5,2032,9.3330
1983,4,2,1,420,8.0691
1983,4,2,2,445,8.0663
1983,4,2,3,491,8.2429
1983,4,2,4,619,6.2420
1983,4,2,5,547,6.9877
1983,4,3,1,465,6.2219
1983,4,3,2,526,6.7493
1983,4,3,3,513,6.0029
1983,4,3,4,578,5.5938
1983,4,3,5,500,7.1770
1983,5,1,1,1657,9.1875
1983,5,1,2,1365,9.3579
1983,5,1,3,1898,10.0687
1983,5,1,4,2189,9.4968
1983,5,1,5,1816,11.1732
1983,5,2,1,495,7.1495
1983,5,2,2,456,5.7140
1983,5,2,3,519,4.7925
1983,5,2,4,635,5.5735
1983,5,2,5,494,8.1992
1983,5,3,1,524,3.2240
1983,5,3,2,541,0.7773
1983,5,3,3,541,1.4365
1983,5,3,4,617,2.3317
1983,5,3,5,440,3.1351
1983,6,1,1,1655,6.6284
1983,6,1,2,1385,6.5692
1983,6,1,3,1844,6.6714
1983,6,1,4,2103,5.6154
1983,6,1,5,1838,4.9367
1983,6,2,1,486,4.7643
1983,6,2,2,465,5.2935
1983,6,2,3,523,5.5814
1983,6,2,4,601,4.8032
1983,6,2,5,494,4.8284
1983,6,3,1,524,3.6734
1983,6,3,2,550,2.8095
1983,6,3,3,527,3.7086
1983,6,3,4,575,2.5294
1983,6,3,5,448,3.9085
1983,7,1,1,1621,-1.7741
1983,7,1,2,1167,-2.5586
1983,7,1,3,1740,-1.7262
1983,7,1,4,2080,-2.9059
1983,7,1,5,1770,-2.9344
1983,7,2,1,474,-3.2962
1983,7,2,2,410,-3.2128
1983,7,2,3,504,-2.7947
1983,7,2,4,588,-3.7759
1983,7,2,5,495,-3.8453
1983,7,3,1,489,-2.2381
1983,7,3,2,495,-2.5624
1983,7,3,3,523,-2.9557
1983,7,3,4,489,-3.5934
1983,7,3,5,465,-3.1594
1983,8,1,1,1856,-6.7853
1983,8,1,2,1343,-5.4847
1983,8,1,3,1910,-5.6077
1983,8,1,4,2030,-4.2935
1983,8,1,5,1695,-4.8331
1983,8,2,1,503,-3.8261
1983,8,2,2,459,-4.5842
1983,8,2,3,541,-4.1818
1983,8,2,4,552,-4.2420
1983,8,2,5,481,-4.2073
1983,8,3,1,495,0.4683
1983,8,3,2,534,-0.6862
1983,8,3,3,544,-0.4254
1983,8,3,4,495,-0.6077
1983,8,3,5,518,-0.7427
1983,9,1,1,1729,-0.8887
1983,9,1,2,1578,-0.9320
1983,9,1,3,1980,-0.1631
1983,9,1,4,2093,-0.9610
1983,9,1,5,1447,-1.4371
1983,9,2,1,528,2.9239
1983,9,2,2,495,2.9524
1983,9,2,3,551,5.4104
1983,9,2,4,579,2.9028
1983,9,2,5,426,2.7573
1983,9,3,1,505,2.3621
1983,9,3,2,557,2.7277
1983,9,3,3,544,3.4920
1983,9,3,4,603,1.6796
1983,9,3,5,498,1.2081
1983,10,1,1,2122,-6.5730
1983,10,1,2,1685,-6.6445
1983,10,1,3,2002,-7.8027
1983,10,1,4,2214,-6.8500
1983,10,1,5,1559,-7.0718
1983,10,2,1,599,-7.1823
1983,10,2,2,514,-6.2601
1983,10,2,3,523,-5.8876
1983,10,2,4,620,-6.5764
1983,10,2,5,439,-5.6247
1983,10,3,1,574,-4.6087
1983,10,3,2,556,-3.5764
1983,10,3,3,510,-3.4337
1983,10,3,4,622,-3.9257
1983,10,3,5,533,-3.7097
1983,11,1,1,1916,4.4008
1983,11,1,2,1770,4.8884
1983,11,1,3,2097,4.6656
1983,11,1,4,2194,4.1060
1983,11,1,5,1358,4.6183
1983,11,2,1,531,6.2501
1983,11,2,2,507,5.1064
1983,11,2,3,555,4.6801
1983,11,2,4,617,5.4626
1983,11,2,5,363,4.5790
1983,11,3,1,519,5.5579
1983,11,3,2,483,4.5173
1983,11,3,3,546,3.5842
1983,11,3,4,620,5.3511
1983,11,3,5,448,4.1153
1983,12,1,1,1999,-3.2779
1983,12,1,2,1653,-1.8479
1983,12,1,3,1932,-2.8206
1983,12,1,4,2152,-1.5512
1983,12,1,5,1460,-1.9380
1983,12,2,1,532,-1.5808
1983,12,2,2,457,0.2324
1983,12,2,3,534,-0.8305
1983,12,2,4,602,-1.6792
1983,12,2,5,390,-0.2520
1983,12,3,1,476,-0.3818
1983,12,3,2,434,-1.2448
1983,12,3,3,464,-1.1729
1983,12,3,4,586,-1.7725
1983,12,3,5,465,-1.4283
1984,1,1,1,1954,-1.6398
1984,1,1,2,1863,-0.8095
1984,1,1,3,1911,-1.0903
1984,1,1,4,2039,-0.5430
1984,1,1,5,1558,-0.8081
1984,1,2,1,512,-2.4371
1984,1,2,2,521,-2.3194
1984,1,2,3,526,-1.1356
1984,1,2,4,561,-2.2506
1984,1,2,5,408,0.2695
1984,1,3,1,432,-3.3086
1984,1,3,2,456,-4.1317
1984,1,3,3,445,-3.8543
1984,1,3,4,559,-4.4043
1984,1,3,5,476,-1.2438
1984,2,1,1,2041,-5.2430
1984,2,1,2,2229,-7.6085
1984,2,1,3,1968,-6.5590
1984,2,1,4,2031,-5.8670
1984,2,1,5,1491,-4.7822
1984,2,2,1,530,-4.4669
1984,2,2,2,591,-5.9231
1984,2,2,3,537,-5.5909
1984,2,2,4,559,-5.3174
1984,2,2,5,399,-4.0981
1984,2,3,1,452,-3.9585
1984,2,3,2,497,-6.0260
1984,2,3,3,455,-5.1496
1984,2,3,4,560,-5.3465
1984,2,3,5,472,-4.7437
1984,3,1,1,2027,0.3025
1984,3,1,2,2131,0.8294
1984,3,1,3,1663,1.6902
1984,3,1,4,2197,0.2607
1984,3,1,5,1556,0.9213
1984,3,2,1,517,0.9770
1984,3,2,2,567,1.1199
1984,3,2,3,448,0.8856
1984,3,2,4,580,0.3999
1984,3,2,5,399,2.8423
1984,3,3,1,451,1.5462
1984,3,3,2,484,2.8589
1984,3,3,3,356,2.2755
1984,3,3,4,587,1.9745
1984,3,3,5,446,1.5167
1984,4,1,1,2128,-2.3439
1984,4,1,2,2571,-2.0393
1984,4,1,3,2018,-3.2793
1984,4,1,4,2492,-2.4546
1984,4,1,5,1747,-1.9505
1984,4,2,1,529,-0.2401
1984,4,2,2,646,1.1663
1984,4,2,3,503,1.4969
1984,4,2,4,611,0.5165
1984,4,2,5,448,-0.2431
1984,4,3,1,499,-0.6294
1984,4,3,2,643,0.2290
1984,4,3,3,387,-0.3741
1984,4,3,4,594,0.0055
1984,4,3,5,515,-1.5520
1984,5,1,1,2224,-4.7611
1984,5,1,2,2638,-4.5443
1984,5,1,3,2076,-5.0125
1984,5,1,4,2289,-4.5142
1984,5,1,5,1831,-5.2147
1984,5,2,1,545,-4.7796
1984,5,2,2,644,-4.9902
1984,5,2,3,552,-4.0799
1984,5,2,4,591,-5.0457
1984,5,2,5,436,-5.0259
1984,5,3,1,520,-5.9751
1984,5,3,2,632,-5.6772
1984,5,3,3,497,-4.9833
1984,5,3,4,598,-5.3045
1984,5,3,5,484,-5.8343
1984,6,1,1,1989,2.1723
1984,6,1,2,2680,2.1855
1984,6,1,3,2423,2.4300
1984,6,1,4,1917,1.9454
1984,6,1,5,1804,1.8619
1984,6,2,1,512,3.3288
1984,6,2,2,648,3.4717
1984,6,2,3,587,2.9881
1984,6,2,4,503,3.3004
1984,6,2,5,432,2.3214
1984,6,3,1,499,4.5366
1984,6,3,2,616,4.3364
1984,6,3,3,562,2.7482
1984,6,3,4,535,3.8178
1984,6,3,5,507,1.7724
1984,7,1,1,2015,-4.6880
1984,7,1,2,2710,-4.6869
1984,7,1,3,2543,-4.4005
1984,7,1,4,1917,-4.2513
1984,7,1,5,1831,-4.0182
1984,7,2,1,417,-5.7697
1984,7,2,2,640,-4.5021
1984,7,2,3,616,-4.5858
1984,7,2,4,514,-4.0530
1984,7,2,5,449,-4.8345
1984,7,3,1,365,-4.0956
1984,7,3,2,604,-1.9432
1984,7,3,3,566,-2.2242
1984,7,3,4,534,-2.1446
1984,7,3,5,528,-2.4898
1984,8,1,1,1577,9.5309
1984,8,1,2,2568,10.7292
1984,8,1,3,2496,9.1909
1984,8,1,4,1779,9.5610
1984,8,1,5,1839,9.3043
1984,8,2,1,316,11.4752
1984,8,2,2,610,12.5781
1984,8,2,3,612,12.4012
1984,8,2,4,489,13.1605
1984,8,2,5,453,12.6356
1984,8,3,1,311,13.9236
1984,8,3,2,570,12.1785
1984,8,3,3,556,12.3765
1984,8,3,4,487,10.5800
1984,8,3,5,550,12.0142
1984,9,1,1,1802,-0.4991
1984,9,1,2,2638,0.1850
1984,9,1,3,2527,-0.5223
1984,9,1,4,2234,-0.6380
1984,9,1,5,1919,0.3302
1984,9,2,1,409,-0.4872
1984,9,2,2,604,-1.0024
1984,9,2,3,617,-2.0691
1984,9,2,4,547,-0.0183
1984,9,2,5,454,1.3544
1984,9,3,1,445,-1.6086
1984,9,3,2,593,-1.0684
1984,9,3,3,578,-2.3367
1984,9,3,4,552,-1.1159
1984,9,3,5,548,-2.8889
1984,10,1,1,2159,-2.7800
1984,10,1,2,2433,-2.1399
1984,10,1,3,2442,-2.3766
1984,10,1,4,2174,-1.1675
1984,10,1,5,1681,-1.2607
1984,10,2,1,443,-2.3515
1984,10,2,2,579,-0.5699
1984,10,2,3,597,-1.3500
1984,10,2,4,546,-1.5019
1984,10,2,5,391,-1.0233
1984,10,3,1,455,-1.4929
1984,10,3,2,567,0.3380
1984,10,3,3,589,0.9381
1984,10,3,4,573,0.5456
1984,10,3,5,447,0.6148
1984,11,1,1,2076,-4.2662
1984,11,1,2,2315,-3.1365
1984,11,1,3,2731,-3.8542
1984,11,1,4,2118,-3.5630
1984,11,1,5,1710,-3.8045
1984,11,2,1,424,-2.2229
1984,11,2,2,558,-1.9814
1984,11,2,3,602,-2.7745
1984,11,2,4,534,-2.4625
1984,11,2,5,391,-3.1826
1984,11,3,1,424,-1.0646
1984,11,3,2,549,-0.1161
1984,11,3,3,554,-1.4267
1984,11,3,4,564,-1.0760
1984,11,3,5,461,-1.3184
1984,12,1,1,1953,-1.7217
1984,12,1,2,2342,0.7570
1984,12,1,3,2511,0.5532
1984,12,1,4,2134,-0.0151
1984,12,1,5,1743,-0.3095
1984,12,2,1,410,0.1133
1984,12,2,2,561,2.1642
1984,12,2,3,527,2.4105
1984,12,2,4,552,2.4205
1984,12,2,5,414,1.6812
1984,12,3,1,410,1.0784
1984,12,3,2,551,1.4251
1984,12,3,3,470,2.1899
1984,12,3,4,579,2.6872
1984,12,3,5,457,2.3511
1985,1,1,1,2073,11.9600
1985,1,1,2,2083,12.3686
1985,1,1,3,2278,13.9139
1985,1,1,4,2196,12.0195
1985,1,1,5,1819,10.5347
1985,1,2,1,444,12.4906
1985,1,2,2,463,12.5323
1985,1,2,3,508,11.9345
1985,1,2,4,551,11.8346
1985,1,2,5,404,11.5986
1985,1,3,1,455,10.9682
1985,1,3,2,403,9.6612
1985,1,3,3,498,9.6461
1985,1,3,4,573,9.1665
1985,1,3,5,409,7.9915
1985,2,1,1,2057,3.6191
1985,2,1,2,2369,3.0700
1985,2,1,3,2309,3.3748
1985,2,1,4,2416,4.0747
1985,2,1,5,2068,4.1611
1985,2,2,1,436,2.5003
1985,2,2,2,488,2.7571
1985,2,2,3,519,1.9842
1985,2,2,4,553,2.4842
1985,2,2,5,443,2.7567
1985,2,3,1,460,1.0808
1985,2,3,2,477,1.3997
1985,2,3,3,514,1.2099
1985,2,3,4,527,0.9606
1985,2,3,5,435,1.8677
1985,3,1,1,2028,-1.6591
1985,3,1,2,2514,-1.5990
1985,3,1,3,2321,-2.3370
1985,3,1,4,2552,-1.1164
1985,3,1,5,1938,-0.4593
1985,3,2,1,437,-1.4266
1985,3,2,2,507,-1.8089
1985,3,2,3,552,-1.4522
1985,3,2,4,541,-1.7949
1985,3,2,5,422,-0.0044
1985,3,3,1,449,-0.7193
1985,3,3,2,489,-0.2751
1985,3,3,3,550,-0.6115
1985,3,3,4,501,-0.6579
1985,3,3,5,417,0.4264
1985,4,1,1,2165,-1.7854
1985,4,1,2,2512,-1.6426
1985,4,1,3,2453,-1.1558
1985,4,1,4,2770,-1.8696
1985,4,1,5,1688,-0.9630
1985,4,2,1,470,-3.4153
1985,4,2,2,530,-1.9226
1985,4,2,3,579,-1.7544
1985,4,2,4,563,-1.8758
1985,4,2,5,400,-1.6744
1985,4,3,1,470,-2.4513
1985,4,3,2,500,-2.0033
1985,4,3,3,548,-1.3736
1985,4,3,4,520,-1.7558
1985,4,3,5,398,-1.7635
1985,5,1,1,2180,1.3140
1985,5,1,2,2462,2.2579
1985,5,1,3,2426,2.7410
1985,5,1,4,2606,2.5784
1985,5,1,5,1979,1.3040
1985,5,2,1,486,3.9704
1985,5,2,2,528,4.0647
1985,5,2,3,575,4.8992
1985,5,2,4,518,4.0665
1985,5,2,5,442,4.5736
1985,5,3,1,483,5.0648
1985,5,3,2,493,5.6562
1985,5,3,3,545,6.8552
1985,5,3,4,469,6.8126
1985,5,3,5,461,6.0685
1985,6,1,1,2041,1.0413
1985,6,1,2,2021,0.4779
1985,6,1,3,2224,0.8078
1985,6,1,4,2832,0.1539
1985,6,1,5,2009,1.7061
1985,6,2,1,458,-0.3996
1985,6,2,2,433,0.8932
1985,6,2,3,575,1.8275
1985,6,2,4,580,1.5339
1985,6,2,5,482,2.7327
1985,6,3,1,463,1.5882
1985,6,3,2,415,2.2512
1985,6,3,3,550,2.6814
1985,6,3,4,528,2.0524
1985,6,3,5,510,2.6975
1985,7,1,1,1767,4.6660
1985,7,1,2,2341,3.0243
1985,7,1,3,2099,2.4100
1985,7,1,4,2824,2.6116
1985,7,1,5,1762,1.8407
1985,7,2,1,401,4.5321
1985,7,2,2,554,3.3982
1985,7,2,3,518,2.1603
1985,7,2,4,613,3.3680
1985,7,2,5,431,1.9327
1985,7,3,1,402,3.3492
1985,7,3,2,488,2.6539
1985,7,3,3,513,0.8982
1985,7,3,4,616,1.0877
1985,7,3,5,483,0.2153
1985,8,1,1,2045,1.3017
1985,8,1,2,2396,-0.3209
1985,8,1,3,2060,0.1176
1985,8,1,4,2761,0.5790
1985,8,1,5,1788,0.7588
1985,8,2,1,477,-1.7008
1985,8,2,2,550,-1.1888
1985,8,2,3,515,-1.5637
1985,8,2,4,604,-1.4923
1985,8,2,5,441,-0.5167
1985,8,3,1,475,-2.9063
1985,8,3,2,458,-1.1516
1985,8,3,3,499,-1.4730
1985,8,3,4,602,-1.2280
1985,8,3,5,503,-0.0459
1985,9,1,1,2142,-5.2447
1985,9,1,2,2423,-4.5769
1985,9,1,3,2117,-6.2851
1985,9,1,4,2346,-4.8285
1985,9,1,5,1691,-4.7047
1985,9,2,1,497,-6.8659
1985,9,2,2,554,-5.1185
1985,9,2,3,525,-5.7520
1985,9,2,4,542,-5.1976
1985,9,2,5,433,-5.8343
1985,9,3,1,495,-4.8575
1985,9,3,2,478,-3.7668
1985,9,3,3,505,-4.0132
1985,9,3,4,574,-3.6778
1985,9,3,5,499,-4.0814
1985,10,1,1,1973,-0.3476
1985,10,1,2,2610,1.8105
1985,10,1,3,2217,1.8110
1985,10,1,4,2142,1.8499
1985,10,1,5,1724,1.0304
1985,10,2,1,458,2.6648
1985,10,2,2,625,3.2045
1985,10,2,3,556,3.1371
1985,10,2,4,538,2.5727
1985,10,2,5,436,3.0072
1985,10,3,1,467,-0.2611
1985,10,3,2,572,3.0484
1985,10,3,3,539,2.7849
1985,10,3,4,548,3.5505
1985,10,3,5,475,3.6871
1985,11,1,1,1749,4.1426
1985,11,1,2,2561,5.8023
1985,11,1,3,2117,6.2872
1985,11,1,4,1992,6.1662
1985,11,1,5,1896,4.4218
1985,11,2,1,421,6.1436
1985,11,2,2,604,7.5860
1985,11,2,3,544,7.4376
1985,11,2,4,487,7.1028
1985,11,2,5,460,6.4176
1985,11,3,1,445,7.8417
1985,11,3,2,543,8.7142
1985,11,3,3,530,8.9687
1985,11,3,4,488,8.4198
1985,11,3,5,485,6.5752
1985,12,1,1,1782,1.1979
1985,12,1,2,2447,3.4940
1985,12,1,3,2112,4.4336
1985,12,1,4,1975,3.8632
1985,12,1,5,2231,4.2443
1985,12,2,1,428,2.5463
1985,12,2,2,599,4.1216
1985,12,2,3,520,4.5951
1985,12,2,4,488,5.3368
1985,12,2,5,517,4.0930
1985,12,3,1,444,3.7949
1985,12,3,2,573,5.2110
1985,12,3,3,454,5.0188
1985,12,3,4,481,5.1023
1985,12,3,5,525,4.1650
1986,1,1,1,1649,4.0391
1986,1,1,2,2352,2.3731
1986,1,1,3,2195,2.4943
1986,1,1,4,1608,3.9460
1986,1,1,5,2350,2.9207
1986,1,2,1,415,3.2854
1986,1,2,2,566,1.5843
1986,1,2,3,528,1.0649
1986,1,2,4,410,2.3933
1986,1,2,5,551,1.8521
1986,1,3,1,426,0.8772
1986,1,3,2,562,1.4702
1986,1,3,3,441,1.9317
1986,1,3,4,414,1.6653
1986,1,3,5,513,1.3772
1986,2,1,1,1497,2.3554
1986,2,1,2,2110,5.3976
1986,2,1,3,2070,6.1000
1986,2,1,4,1680,5.8715
1986,2,1,5,2275,2.8112
1986,2,2,1,366,2.0079
1986,2,2,2,564,7.0167
1986,2,2,3,506,7.1830
1986,2,2,4,428,7.2891
1986,2,2,5,547,4.6213
1986,2,3,1,357,5.9757
1986,2,3,2,538,9.3480
1986,2,3,3,429,8.9711
1986,2,3,4,429,9.1249
1986,2,3,5,525,8.5237
1986,3,1,1,1471,2.9779
1986,3,1,2,1896,5.8819
1986,3,1,3,2066,6.2028
1986,3,1,4,1753,5.2026
1986,3,1,5,2316,4.9610
1986,3,2,1,347,5.4739
1986,3,2,2,535,4.8153
1986,3,2,3,516,6.2163
1986,3,2,4,435,5.5296
1986,3,2,5,568,6.1685
1986,3,3,1,324,4.8545
1986,3,3,2,527,4.7673
1986,3,3,3,420,7.2479
1986,3,3,4,430,6.3355
1986,3,3,5,534,6.3663
1986,4,1,1,1650,0.7254
1986,4,1,2,1853,0.3643
1986,4,1,3,2237,1.0422
1986,4,1,4,1951,0.9124
1986,4,1,5,2340,-1.1266
1986,4,2,1,380,-1.5394
1986,4,2,2,525,1.1141
1986,4,2,3,545,1.3259
1986,4,2,4,489,1.0730
1986,4,2,5,568,-0.0001
1986,4,3,1,337,-0.5762
1986,4,3,2,515,-0.1252
1986,4,3,3,454,0.0511
1986,4,3,4,488,0.6686
1986,4,3,5,523,0.4539
1986,5,1,1,1630,4.4353
1986,5,1,2,1995,3.2018
1986,5,1,3,2228,3.6973
1986,5,1,4,2276,3.4193
1986,5,1,5,1782,-0.8132
1986,5,2,1,389,3.2408
1986,5,2,2,546,3.3039
1986,5,2,3,536,4.5666
1986,5,2,4,524,4.5297
1986,5,2,5,445,2.9631
1986,5,3,1,360,3.3683
1986,5,3,2,529,4.0973
1986,5,3,3,425,5.3051
1986,5,3,4,513,5.7180
1986,5,3,5,330,5.3554
1986,6,1,1,1793,-0.6469
1986,6,1,2,2133,0.9171
1986,6,1,3,2314,1.5163
1986,6,1,4,2240,1.0840
1986,6,1,5,1791,-2.5437
1986,6,2,1,431,-2.6369
1986,6,2,2,570,0.3934
1986,6,2,3,562,1.7333
1986,6,2,4,523,1.0622
1986,6,2,5,472,0.1603
1986,6,3,1,388,-1.1539
1986,6,3,2,525,0.5724
1986,6,3,3,452,0.9601
1986,6,3,4,500,0.1261
1986,6,3,5,372,3.1152
1986,7,1,1,1876,-8.9529
1986,7,1,2,2438,-7.6922
1986,7,1,3,2240,-8.2809
1986,7,1,4,2166,-8.9748
1986,7,1,5,1741,-14.5880
1986,7,2,1,437,-9.3228
1986,7,2,2,600,-8.7117
1986,7,2,3,570,-9.9644
1986,7,2,4,529,-9.4978
1986,7,2,5,477,-8.9327
1986,7,3,1,374,-5.8422
1986,7,3,2,536,-6.2596
1986,7,3,3,442,-7.4024
1986,7,3,4,500,-7.2781
1986,7,3,5,397,-6.6911
1986,8,1,1,2217,2.0481
1986,8,1,2,2101,1.2459
1986,8,1,3,2356,0.0336
1986,8,1,4,2311,0.3221
1986,8,1,5,1729,0.3160
1986,8,2,1,508,6.1509
1986,8,2,2,539,3.7044
1986,8,2,3,600,3.2287
1986,8,2,4,543,4.1466
1986,8,2,5,498,3.8016
1986,8,3,1,386,9.0598
1986,8,3,2,501,6.9831
1986,8,3,3,459,5.9420
1986,8,3,4,517,6.9225
1986,8,3,5,468,4.7773
1986,9,1,1,2425,-3.9875
1986,9,1,2,2302,-4.9508
1986,9,1,3,2378,-5.1444
1986,9,1,4,2529,-5.4045
1986,9,1,5,2076,-1.1150
1986,9,2,1,587,-5.1348
1986,9,2,2,575,-5.9572
1986,9,2,3,588,-6.0815
1986,9,2,4,604,-6.9230
1986,9,2,5,543,-6.7481
1986,9,3,1,453,-4.7213
1986,9,3,2,539,-6.1455
1986,9,3,3,449,-7.8984
1986,9,3,4,570,-8.4398
1986,9,3,5,503,-8.3751
1986,10,1,1,2492,1.2556
1986,10,1,2,2370,2.1492
1986,10,1,3,2317,1.9988
1986,10,1,4,2565,1.1700
1986,10,1,5,2020,-0.2854
1986,10,2,1,610,3.8123
1986,10,2,2,581,3.3714
1986,10,2,3,596,3.8047
1986,10,2,4,619,5.3505
1986,10,2,5,527,4.1872
1986,10,3,1,492,5.6739
1986,10,3,2,554,5.3743
1986,10,3,3,447,6.3515
1986,10,3,4,554,6.6541
1986,10,3,5,483,6.3643
1986,11,1,1,2352,-3.9105
1986,11,1,2,2228,-1.1705
1986,11,1,3,2376,-1.8976
1986,11,1,4,2534,-0.5275
1986,11,1,5,1500,-6.8390
1986,11,2,1,540,-0.0648
1986,11,2,2,548,-0.4745
1986,11,2,3,573,0.0881
1986,11,2,4,607,1.1121
1986,11,2,5,393,0.1899
1986,11,3,1,356,3.0059
1986,11,3,2,519,1.4593
1986,11,3,3,400,3.7287
1986,11,3,4,545,2.6921
1986,11,3,5,415,2.0322
1986,12,1,1,2220,-2.6352
1986,12,1,2,2160,-3.1791
1986,12,1,3,2341,-1.6753
1986,12,1,4,2108,-3.2948
1986,12,1,5,1448,-0.4135
1986,12,2,1,498,-3.2937
1986,12,2,2,542,-1.5619
1986,12,2,3,572,-1.9659
1986,12,2,4,533,-2.2168
1986,12,2,5,365,-2.7030
1986,12,3,1,339,-3.7498
1986,12,3,2,505,-4.0234
1986,12,3,3,391,-3.0253
1986,12,3,4,517,-3.2209
1986,12,3,5,400,-2.9303
1987,1,1,1,2148,9.5510
1987,1,1,2,2328,8.9090
1987,1,1,3,2507,9.9363
1987,1,1,4,2241,10.8285
1987,1,1,5,1803,11.3752
1987,1,2,1,463,11.0341
1987,1,2,2,594,11.2552
1987,1,2,3,624,13.3119
1987,1,2,4,553,13.5373
1987,1,2,5,418,11.9572
1987,1,3,1,317,14.6540
1987,1,3,2,559,13.0198
1987,1,3,3,513,15.3172
1987,1,3,4,512,16.5902
1987,1,3,5,442,15.5327
1987,2,1,1,1933,8.8200
1987,2,1,2,2315,8.9701
1987,2,1,3,2775,9.9854
1987,2,1,4,2659,9.8488
1987,2,1,5,1828,11.9143
1987,2,2,1,463,9.1520
1987,2,2,2,577,9.3953
1987,2,2,3,659,8.4610
1987,2,2,4,633,8.6939
1987,2,2,5,403,9.2571
1987,2,3,1,413,6.6519
1987,2,3,2,540,5.9669
1987,2,3,3,581,6.1260
1987,2,3,4,555,4.9167
1987,2,3,5,362,5.3691
1987,3,1,1,1976,2.0114
1987,3,1,2,2436,3.0803
1987,3,1,3,2556,4.7628
1987,3,1,4,2668,2.5056
1987,3,1,5,2222,3.9633
1987,3,2,1,450,3.2052
1987,3,2,2,598,4.0939
1987,3,2,3,590,2.1097
1987,3,2,4,603,1.8666
1987,3,2,5,524,5.3672
1987,3,3,1,450,1.8230
1987,3,3,2,574,3.0355
1987,3,3,3,532,1.9969
1987,3,3,4,463,2.5261
1987,3,3,5,428,4.8875
1987,4,1,1,1927,-5.2047
1987,4,1,2,2611,-3.2638
1987,4,1,3,2268,-3.5243
1987,4,1,4,2671,-3.3290
1987,4,1,5,2246,-1.8722
1987,4,2,1,472,-3.5661
1987,4,2,2,619,-3.6576
1987,4,2,3,550,-2.0907
1987,4,2,4,594,-2.2456
1987,4,2,5,515,-2.0811
1987,4,3,1,439,-1.7356
1987,4,3,2,594,-1.5457
1987,4,3,3,526,-1.6651
1987,4,3,4,466,-0.3689
1987,4,3,5,419,1.1151
1987,5,1,1,1770,0.4114
1987,5,1,2,2157,-0.7715
1987,5,1,3,2371,-0.5060
1987,5,1,4,2281,0.1981
1987,5,1,5,2317,0.2125
1987,5,2,1,441,-0.1026
1987,5,2,2,555,-0.5228
1987,5,2,3,565,0.3750
1987,5,2,4,484,0.1544
1987,5,2,5,526,-0.9181
1987,5,3,1,429,1.3636
1987,5,3,2,510,0.9654
1987,5,3,3,522,2.1081
1987,5,3,4,363,1.6067
1987,5,3,5,425,1.6431
1987,6,1,1,1767,2.7839
1987,6,1,2,2166,2.2490
1987,6,1,3,2434,1.9171
1987,6,1,4,2261,1.8887
1987,6,1,5,2378,1.4207
1987,6,2,1,440,3.4451
1987,6,2,2,555,3.9810
1987,6,2,3,575,3.0385
1987,6,2,4,481,2.1242
1987,6,2,5,538,1.9457
1987,6,3,1,462,4.8032
1987,6,3,2,501,4.9657
1987,6,3,3,542,4.3268
1987,6,3,4,364,3.6638
1987,6,3,5,439,1.8369
1987,7,1,1,1860,4.3334
1987,7,1,2,2331,2.5474
1987,7,1,3,2096,2.4037
1987,7,1,4,2291,3.1071
1987,7,1,5,2085,3.0305
1987,7,2,1,431,4.2108
1987,7,2,2,592,4.1646
1987,7,2,3,471,5.9076
1987,7,2,4,492,5.4237
1987,7,2,5,487,5.3784
1987,7,3,1,439,5.4889
1987,7,3,2,522,5.4978
1987,7,3,3,414,6.4206
1987,7,3,4,386,5.9661
1987,7,3,5,421,6.9682
1987,8,1,1,2075,0.0507
1987,8,1,2,2333,1.0828
1987,8,1,3,2032,0.9283
1987,8,1,4,2447,0.0390
1987,8,1,5,2223,0.7516
1987,8,2,1,486,4.3350
1987,8,2,2,569,3.1443
1987,8,2,3,460,2.8139
1987,8,2,4,549,3.1036
1987,8,2,5,504,2.7204
1987,8,3,1,457,4.4768
1987,8,3,2,507,3.4672
1987,8,3,3,377,3.1252
1987,8,3,4,443,3.0823
1987,8,3,5,448,3.4504
1987,9,1,1,1891,-1.2494
1987,9,1,2,2545,-1.2051
1987,9,1,3,2027,-3.0515
1987,9,1,4,2555,-1.6471
1987,9,1,5,1993,-1.0786
1987,9,2,1,465,-1.6424
1987,9,2,2,592,-1.1783
1987,9,2,3,509,-1.1755
1987,9,2,4,543,0.3871
1987,9,2,5,432,-0.9332
1987,9,3,1,415,-1.2243
1987,9,3,2,522,-1.4194
1987,9,3,3,477,-1.3514
1987,9,3,4,427,-1.1190
1987,9,3,5,399,0.2020
1987,10,1,1,2012,-31.3401
1987,10,1,2,2554,-29.3110
1987,10,1,3,1952,-31.5929
1987,10,1,4,2375,-31.6431
1987,10,1,5,2028,-30.9492
1987,10,2,1,504,-31.1604
1987,10,2,2,583,-29.8315
1987,10,2,3,495,-32.1864
1987,10,2,4,511,-31.7624
1987,10,2,5,451,-31.7634
1987,10,3,1,429,-25.5388
1987,10,3,2,504,-24.2939
1987,10,3,3,459,-25.4058
1987,10,3,4,432,-24.9499
1987,10,3,5,385,-26.3255
1987,11,1,1,2367,-5.9749
1987,11,1,2,2774,-4.7518
1987,11,1,3,2230,-6.8341
1987,11,1,4,2657,-10.5320
1987,11,1,5,2528,-6.5953
1987,11,2,1,558,-4.9479
1987,11,2,2,629,-1.1969
1987,11,2,3,532,-0.7581
1987,11,2,4,575,-4.3398
1987,11,2,5,562,-3.9535
1987,11,3,1,449,-6.2768
1987,11,3,2,542,-5.2557
1987,11,3,3,485,-6.8969
1987,11,3,4,471,-7.2296
1987,11,3,5,542,-5.8107
1987,12,1,1,2531,4.1352
1987,12,1,2,2724,4.5510
1987,12,1,3,2411,4.1898
1987,12,1,4,2718,8.3895
1987,12,1,5,2428,7.2353
1987,12,2,1,571,10.8051
1987,12,2,2,645,8.7042
1987,12,2,3,577,10.0532
1987,12,2,4,603,10.1328
1987,12,2,5,540,9.1929
1987,12,3,1,452,12.4477
1987,12,3,2,558,9.7464
1987,12,3,3,515,10.5719
1987,12,3,4,473,10.5229
1987,12,3,5,521,10.2617
1988,1,1,1,2628,5.3330
1988,1,1,2,2550,5.2143
1988,1,1,3,2407,6.6330
1988,1,1,4,2579,4.8971
1988,1,1,5,2147,2.5297
1988,1,2,1,608,2.4616
1988,1,2,2,618,2.8210
1988,1,2,3,575,2.5207
1988,1,2,4,588,3.6255
1988,1,2,5,493,0.6928
1988,1,3,1,507,2.2454
1988,1,3,2,533,2.6662
1988,1,3,3,514,2.4177
1988,1,3,4,445,1.0550
1988,1,3,5,472,-0.6864
1988,2,1,1,2568,7.5697
1988,2,1,2,2864,6.5695
1988,2,1,3,2330,6.4852
1988,2,1,4,2575,6.9718
1988,2,1,5,2401,6.7414
1988,2,2,1,628,9.4288
1988,2,2,2,648,9.1608
1988,2,2,3,567,10.1322
1988,2,2,4,578,10.1324
1988,2,2,5,569,9.5046
1988,2,3,1,558,8.4938
1988,2,3,2,536,6.9897
1988,2,3,3,511,7.2311
1988,2,3,4,438,7.4332
1988,2,3,5,522,6.2500
1988,3,1,1,2473,5.1501
1988,3,1,2,2651,4.3880
1988,3,1,3,2194,5.2149
1988,3,1,4,2493,4.4204
1988,3,1,5,2339,5.7048
1988,3,2,1,614,4.4949
1988,3,2,2,598,3.6646
1988,3,2,3,472,4.7792
1988,3,2,4,543,4.6060
1988,3,2,5,561,4.5626
1988,3,3,1,523,-0.7611
1988,3,3,2,486,-1.0580
1988,3,3,3,379,-0.9535
1988,3,3,4,401,-0.6639
1988,3,3,5,519,-0.7391
1988,4,1,1,2020,5.8327
1988,4,1,2,2748,6.3479
1988,4,1,3,2548,3.6738
1988,4,1,4,2700,4.8929
1988,4,1,5,2354,2.4827
1988,4,2,1,498,2.3152
1988,4,2,2,628,3.1541
1988,4,2,3,582,2.5020
1988,4,2,4,567,2.9647
1988,4,2,5,564,2.6947
1988,4,3,1,434,1.0922
1988,4,3,2,532,0.0041
1988,4,3,3,431,-0.1055
1988,4,3,4,435,0.4249
1988,4,3,5,534,0.4820
1988,5,1,1,2300,-1.9513
1988,5,1,2,2661,-3.2841
1988,5,1,3,2528,-1.8699
1988,5,1,4,2497,-1.3580
1988,5,1,5,2148,-1.2323
1988,5,2,1,525,-1.3500
1988,5,2,2,614,-1.8441
1988,5,2,3,580,-1.8781
1988,5,2,4,533,-1.5713
1988,5,2,5,527,-1.6975
1988,5,3,1,471,0.2914
1988,5,3,2,505,-0.3971
1988,5,3,3,420,-0.2396
1988,5,3,4,410,-0.6518
1988,5,3,5,475,0.3547
1988,6,1,1,2150,5.8375
1988,6,1,2,2606,4.9009
1988,6,1,3,2639,5.7137
1988,6,1,4,2497,6.0231
1988,6,1,5,2248,4.5487
1988,6,2,1,493,6.8235
1988,6,2,2,605,7.5429
1988,6,2,3,609,7.9949
1988,6,2,4,521,7.5383
1988,6,2,5,575,7.5409
1988,6,3,1,443,5.9774
1988,6,3,2,518,5.8585
1988,6,3,3,448,7.7251
1988,6,3,4,413,6.2009
1988,6,3,5,524,6.0674
1988,7,1,1,2257,2.5550
1988,7,1,2,2622,3.0335
1988,7,1,3,2577,0.7437
1988,7,1,4,2280,0.2482
1988,7,1,5,1762,0.2370
1988,7,2,1,510,-1.3713
1988,7,2,2,628,-0.7169
1988,7,2,3,600,-1.1484
1988,7,2,4,498,-1.0007
1988,7,2,5,511,-0.2435
1988,7,3,1,480,-2.1981
1988,7,3,2,551,-1.6887
1988,7,3,3,418,-2.4232
1988,7,3,4,377,-2.4470
1988,7,3,5,497,-1.8283
1988,8,1,1,2378,-3.4938
1988,8,1,2,2358,-2.8532
1988,8,1,3,2595,-2.1428
1988,8,1,4,2345,-3.2999
1988,8,1,5,2048,-2.6045
1988,8,2,1,537,-3.3198
1988,8,2,2,590,-2.1002
1988,8,2,3,587,-3.5294
1988,8,2,4,578,-3.9551
1988,8,2,5,572,-3.9001
1988,8,3,1,491,-2.9759
1988,8,3,2,548,-2.7420
1988,8,3,3,413,-3.9365
1988,8,3,4,519,-3.7309
1988,8,3,5,551,-3.8014
1988,9,1,1,2390,-1.4913
1988,9,1,2,2068,-0.5437
1988,9,1,3,2573,2.3649
1988,9,1,4,2325,1.9095
1988,9,1,5,1867,-1.1918
1988,9,2,1,506,3.4840
1988,9,2,2,556,3.5363
1988,9,2,3,589,3.1714
1988,9,2,4,572,2.7486
1988,9,2,5,515,4.9184
1988,9,3,1,408,4.1687
1988,9,3,2,481,4.2998
1988,9,3,3,422,5.0481
1988,9,3,4,523,4.6571
1988,9,3,5,518,2.8770
1988,10,1,1,2252,-1.8940
1988,10,1,2,2208,-1.2173
1988,10,1,3,2369,-2.2312
1988,10,1,4,2589,-1.5061
1988,10,1,5,1984,-1.8084
1988,10,2,1,465,-1.8393
1988,10,2,2,569,-1.3197
1988,10,2,3,547,-1.1327
1988,10,2,4,601,-0.6364
1988,10,2,5,563,-1.0224
1988,10,3,1,359,1.0251
1988,10,3,2,496,1.3936
1988,10,3,3,411,1.2662
1988,10,3,4,548,2.3603
1988,10,3,5,554,1.8189
1988,11,1,1,1978,-5.9467
1988,11,1,2,2341,-3.8167
1988,11,1,3,2368,-3.9965
1988,11,1,4,2433,-3.7811
1988,11,1,5,1952,-5.0177
1988,11,2,1,440,-3.6220
1988,11,2,2,588,-2.1726
1988,11,2,3,539,-3.1356
1988,11,2,4,567,-2.6843
1988,11,2,5,561,-2.0110
1988,11,3,1,319,-1.8709
1988,11,3,2,489,-1.6060
1988,11,3,3,409,-2.5490
1988,11,3,4,492,-1.9958
1988,11,3,5,544,-1.5448
1988,12,1,1,1939,3.0971
1988,12,1,2,2017,3.0382
1988,12,1,3,2097,2.8490
1988,12,1,4,2356,2.9848
1988,12,1,5,1985,2.7155
1988,12,2,1,426,4.5299
1988,12,2,2,520,4.0604
1988,12,2,3,528,3.9776
1988,12,2,4,574,3.6942
1988,12,2,5,549,4.2156
1988,12,3,1,303,3.4847
1988,12,3,2,442,3.3168
1988,12,3,3,400,3.2712
1988,12,3,4,504,2.5429
1988,12,3,5,533,3.5636
1989,1,1,1,2026,4.0230
1989,1,1,2,2278,3.4516
1989,1,1,3,2055,3.8420
1989,1,1,4,2706,4.5065
1989,1,1,5,1731,4.6656
1989,1,2,1,464,5.4619
1989,1,2,2,511,5.4547
1989,1,2,3,515,5.4963
1989,1,2,4,648,4.8013
1989,1,2,5,477,5.9049
1989,1,3,1,349,6.8177
1989,1,3,2,478,6.3532
1989,1,3,3,383,7.1291
1989,1,3,4,553,6.7306
1989,1,3,5,427,6.6016
1989,2,1,1,2223,0.0169
1989,2,1,2,2367,7.7385
1989,2,1,3,2271,0.0910
1989,2,1,4,2778,0.1695
1989,2,1,5,1497,16.0546
1989,2,2,1,550,1.4731
1989,2,2,2,540,1.7731
1989,2,2,3,533,0.9527
1989,2,2,4,669,1.6751
1989,2,2,5,452,1.7817
1989,2,3,1,469,-0.4398
1989,2,3,2,477,-1.8373
1989,2,3,3,414,-1.1375
1989,2,3,4,587,-2.1424
1989,2,3,5,400,-1.2569
1989,3,1,1,2284,2.4161
1989,3,1,2,2441,4.9714
1989,3,1,3,2425,2.5930
1989,3,1,4,2540,4.6225
1989,3,1,5,1411,6.3795
1989,3,2,1,564,2.1111
1989,3,2,2,533,2.2432
1989,3,2,3,578,3.0397
1989,3,2,4,603,2.6476
1989,3,2,5,393,2.0799
1989,3,3,1,492,1.2858
1989,3,3,2,464,2.3678
1989,3,3,3,471,1.5890
1989,3,3,4,568,2.3170
1989,3,3,5,314,2.9033
1989,4,1,1,2290,1.7566
1989,4,1,2,2275,1.6228
1989,4,1,3,2586,2.5229
1989,4,1,4,2275,2.6223
1989,4,1,5,1297,1.9740
1989,4,2,1,557,5.3655
1989,4,2,2,510,6.2389
1989,4,2,3,589,5.8693
1989,4,2,4,575,5.8550
1989,4,2,5,339,5.5992
1989,4,3,1,477,4.2475
1989,4,3,2,448,5.3461
1989,4,3,3,473,5.1536
1989,4,3,4,552,5.3298
1989,4,3,5,295,4.2801
1989,5,1,1,2406,2.0627
1989,5,1,2,2467,2.7255
1989,5,1,3,2491,2.9953
1989,5,1,4,2579,3.6701
1989,5,1,5,1250,3.8536
1989,5,2,1,548,4.0368
1989,5,2,2,554,5.1122
1989,5,2,3,566,5.0886
1989,5,2,4,629,4.5496
1989,5,2,5,319,3.9556
1989,5,3,1,481,3.2615
1989,5,3,2,477,3.9227
1989,5,3,3,465,4.1697
1989,5,3,4,583,4.3285
1989,5,3,5,279,4.2671
1989,6,1,1,2217,-1.2882
1989,6,1,2,2496,-0.9097
1989,6,1,3,2149,-1.8026
1989,6,1,4,2346,-1.2137
1989,6,1,5,1250,0.3447
1989,6,2,1,525,-0.9911
1989,6,2,2,573,-2.2840
1989,6,2,3,536,-1.2854
1989,6,2,4,559,-2.5300
1989,6,2,5,315,-0.9730
1989,6,3,1,485,-0.8566
1989,6,3,2,493,-0.4190
1989,6,3,3,484,-0.8160
1989,6,3,4,467,-0.9625
1989,6,3,5,269,-0.0436
1989,7,1,1,1974,2.2898
1989,7,1,2,2535,2.7418
1989,7,1,3,2077,3.4369
1989,7,1,4,2259,3.0180
1989,7,1,5,1343,3.1438
1989,7,2,1,474,2.6570
1989,7,2,2,624,4.2609
1989,7,2,3,525,5.2499
1989,7,2,4,535,4.7901
1989,7,2,5,388,4.1178
1989,7,3,1,424,6.4655
1989,7,3,2,531,7.9750
1989,7,3,3,434,9.7240
1989,7,3,4,449,9.1236
1989,7,3,5,393,8.3623
1989,8,1,1,1702,2.2997
1989,8,1,2,2397,1.2378
1989,8,1,3,2267,1.5045
1989,8,1,4,2097,2.3050
1989,8,1,5,1418,1.8193
1989,8,2,1,372,3.5047
1989,8,2,2,577,2.9753
1989,8,2,3,610,2.5870
1989,8,2,4,491,3.5504
1989,8,2,5,405,2.8454
1989,8,3,1,300,4.1833
1989,8,3,2,502,3.8038
1989,8,3,3,528,2.5237
1989,8,3,4,415,2.9093
1989,8,3,5,372,1.0082
1989,9,1,1,1852,0.2300
1989,9,1,2,2356,-0.2398
1989,9,1,3,2104,-0.5799
1989,9,1,4,2339,0.3324
1989,9,1,5,1553,-1.2219
1989,9,2,1,457,0.2986
1989,9,2,2,588,-0.6641
1989,9,2,3,544,0.1932
1989,9,2,4,553,-0.0680
1989,9,2,5,477,0.3670
1989,9,3,1,428,-0.4916
1989,9,3,2,540,-1.7005
1989,9,3,3,449,-1.3783
1989,9,3,4,448,-0.9058
1989,9,3,5,470,0.6972
1989,10,1,1,1851,-6.5317
1989,10,1,2,2392,-5.8392
1989,10,1,3,2029,-5.7107
1989,10,1,4,2185,-5.6179
1989,10,1,5,1741,-5.4498
1989,10,2,1,516,-7.1156
1989,10,2,2,608,-6.5785
1989,10,2,3,536,-6.1376
1989,10,2,4,545,-6.8350
1989,10,2,5,504,-6.2035
1989,10,3,1,474,-4.1838
1989,10,3,2,546,-4.3854
1989,10,3,3,454,-4.1059
1989,10,3,4,452,-2.9158
1989,10,3,5,490,-2.5541
1989,11,1,1,1935,0.6858
1989,11,1,2,2381,-1.3797
1989,11,1,3,2388,-1.1580
1989,11,1,4,2187,-0.4491
1989,11,1,5,1769,0.7446
1989,11,2,1,538,-0.2924
1989,11,2,2,610,0.3345
1989,11,2,3,635,0.0395
1989,11,2,4,565,1.3288
1989,11,2,5,510,2.7452
1989,11,3,1,482,2.0746
1989,11,3,2,555,1.1363
1989,11,3,3,508,1.9660
1989,11,3,4,477,2.2516
1989,11,3,5,512,3.1089
1989,12,1,1,2142,-1.5270
1989,12,1,2,2194,-1.5744
1989,12,1,3,2393,-1.5714
1989,12,1,4,1990,-0.3023
1989,12,1,5,2001,-2.5195
1989,12,2,1,556,0.3175
1989,12,2,2,569,0.3588
1989,12,2,3,593,0.4312
1989,12,2,4,543,1.3025
1989,12,2,5,555,0.1433
1989,12,3,1,478,1.7382
1989,12,3,2,497,3.0055
1989,12,3,3,432,1.9429
1989,12,3,4,480,2.6822
1989,12,3,5,539,2.1067
1990,1,1,1,2049,-7.1302
1990,1,1,2,2216,-7.3401
1990,1,1,3,2244,-7.9070
1990,1,1,4,2192,-7.1745
1990,1,1,5,1989,-4.4331
1990,1,2,1,543,-10.0116
1990,1,2,2,578,-9.1737
1990,1,2,3,567,-9.3442
1990,1,2,4,572,-10.0555
1990,1,2,5,546,-8.0098
1990,1,3,1,458,-5.7422
1990,1,3,2,497,-5.4560
1990,1,3,3,418,-7.0598
1990,1,3,4,468,-6.5901
1990,1,3,5,526,-5.5876
1990,2,1,1,1887,2.3997
1990,2,1,2,2313,1.3266
1990,2,1,3,2415,2.0580
1990,2,1,4,2080,1.7384
1990,2,1,5,1932,0.0440
1990,2,2,1,523,1.3526
1990,2,2,2,548,2.7740
1990,2,2,3,576,3.0569
1990,2,2,4,565,2.3549
1990,2,2,5,502,4.2984
1990,2,3,1,450,2.1375
1990,2,3,2,424,2.0491
1990,2,3,3,428,2.6609
1990,2,3,4,469,2.2491
1990,2,3,5,480,2.1155
1990,3,1,1,1933,4.0901
1990,3,1,2,1947,2.9402
1990,3,1,3,2402,3.4088
1990,3,1,4,2020,2.6892
1990,3,1,5,1865,2.0698
1990,3,2,1,478,5.8970
1990,3,2,2,568,5.0994
1990,3,2,3,563,5.5738
1990,3,2,4,550,5.7925
1990,3,2,5,467,3.8437
1990,3,3,1,377,4.2118
1990,3,3,2,511,3.9695
1990,3,3,3,423,4.1698
1990,3,3,4,456,3.6754
1990,3,3,5,442,2.8191
1990,4,1,1,1885,-1.0148
1990,4,1,2,2093,-1.8320
1990,4,1,3,2470,-1.8800
1990,4,1,4,2081,-2.7226
1990,4,1,5,1837,-2.6840
1990,4,2,1,477,-3.3000
1990,4,2,2,590,-3.1596
1990,4,2,3,595,-3.2780
1990,4,2,4,566,-2.8110
1990,4,2,5,467,-2.9535
1990,4,3,1,449,-2.5294
1990,4,3,2,526,-2.9848
1990,4,3,3,415,-2.6208
1990,4,3,4,466,-2.0895
1990,4,3,5,446,-3.4371
1990,5,1,1,1761,4.7354
1990,5,1,2,2217,3.3453
1990,5,1,3,2394,6.2200
1990,5,1,4,1986,4.0815
1990,5,1,5,1880,4.0546
1990,5,2,1,467,6.1370
1990,5,2,2,606,6.6789
1990,5,2,3,584,9.0701
1990,5,2,4,544,8.1877
1990,5,2,5,483,7.8627
1990,5,3,1,439,10.0732
1990,5,3,2,543,10.2366
1990,5,3,3,403,10.0998
1990,5,3,4,441,10.2836
1990,5,3,5,465,10.0933
1990,6,1,1,1523,0.1618
1990,6,1,2,2200,0.8829
1990,6,1,3,2290,1.8746
1990,6,1,4,2105,1.3564
1990,6,1,5,1880,1.1587
1990,6,2,1,459,-0.2325
1990,6,2,2,614,0.7477
1990,6,2,3,571,0.7021
1990,6,2,4,571,1.0278
1990,6,2,5,503,1.0408
1990,6,3,1,452,-1.3678
1990,6,3,2,543,-0.8747
1990,6,3,3,421,-0.6584
1990,6,3,4,495,0.1981
1990,6,3,5,464,-1.2849
1990,7,1,1,1241,-2.7476
1990,7,1,2,2128,-3.9206
1990,7,1,3,2364,-4.2087
1990,7,1,4,2039,-4.1461
1990,7,1,5,1706,-4.8114
1990,7,2,1,404,-1.4409
1990,7,2,2,577,-2.7133
1990,7,2,3,626,-4.0460
1990,7,2,4,582,-3.8804
1990,7,2,5,413,-3.7605
1990,7,3,1,411,0.4111
1990,7,3,2,507,-0.7666
1990,7,3,3,479,-0.7537
1990,7,3,4,477,-1.4064
1990,7,3,5,272,-2.3622
1990,8,1,1,1709,-12.0381
1990,8,1,2,2142,-12.9392
1990,8,1,3,2296,-14.2621
1990,8,1,4,2013,-13.3497
1990,8,1,5,1942,-12.9453
1990,8,2,1,500,-12.7289
1990,8,2,2,635,-13.4214
1990,8,2,3,634,-14.0062
1990,8,2,4,591,-13.9907
1990,8,2,5,491,-13.4399
1990,8,3,1,466,-9.5656
1990,8,3,2,533,-10.6184
1990,8,3,3,468,-9.9038
1990,8,3,4,516,-9.4187
1990,8,3,5,332,-9.1978
1990,9,1,1,1589,-8.6901
1990,9,1,2,2056,-8.8655
1990,9,1,3,2125,-10.1745
1990,9,1,4,1842,-9.2140
1990,9,1,5,1751,-8.3496
1990,9,2,1,474,-8.7440
1990,9,2,2,574,-9.2602
1990,9,2,3,561,-8.6483
1990,9,2,4,571,-10.3354
1990,9,2,5,496,-8.6724
1990,9,3,1,437,-6.5668
1990,9,3,2,427,-7.2756
1990,9,3,3,389,-6.0598
1990,9,3,4,478,-6.9544
1990,9,3,5,380,-4.6425
1990,10,1,1,1594,-7.6616
1990,10,1,2,2162,-6.6613
1990,10,1,3,2002,-5.9246
1990,10,1,4,2048,-6.5745
1990,10,1,5,1681,-6.7885
1990,10,2,1,463,-7.0032
1990,10,2,2,607,-6.1165
1990,10,2,3,559,-6.1148
1990,10,2,4,599,-5.0418
1990,10,2,5,499,-5.3069
1990,10,3,1,381,-3.4420
1990,10,3,2,434,-2.3974
1990,10,3,3,430,-1.7822
1990,10,3,4,488,-1.8462
1990,10,3,5,398,-0.5184
1990,11,1,1,1690,0.5270
1990,11,1,2,2240,2.2797
1990,11,1,3,2091,1.0774
1990,11,1,4,2213,3.8088
1990,11,1,5,1523,2.9325
1990,11,2,1,482,5.7309
1990,11,2,2,644,8.0468
1990,11,2,3,605,6.9713
1990,11,2,4,634,8.3586
1990,11,2,5,447,3.6062
1990,11,3,1,386,8.3627
1990,11,3,2,443,9.0774
1990,11,3,3,476,6.3705
1990,11,3,4,504,7.8362
1990,11,3,5,383,7.4368
1990,12,1,1,1754,0.2699
1990,12,1,2,2216,0.7493
1990,12,1,3,2235,0.0968
1990,12,1,4,2080,1.3887
1990,12,1,5,1614,1.2738
1990,12,2,1,511,6.1663
1990,12,2,2,625,5.7925
1990,12,2,3,647,6.7964
1990,12,2,4,579,7.1010
1990,12,2,5,497,8.7161
1990,12,3,1,410,4.6491
1990,12,3,2,441,3.7499
1990,12,3,3,489,4.0864
1990,12,3,4,463,3.5820
1990,12,3,5,452,3.1899
1991,1,1,1,1668,7.3648
1991,1,1,2,2273,7.6639
1991,1,1,3,2204,9.3139
1991,1,1,4,2087,8.7130
1991,1,1,5,1697,6.3990
1991,1,2,1,488,5.9421
1991,1,2,2,651,9.3862
1991,1,2,3,614,7.7617
1991,1,2,4,573,8.4963
1991,1,2,5,545,4.5917
1991,1,3,1,396,6.4435
1991,1,3,2,456,8.2340
1991,1,3,3,454,7.2654
1991,1,3,4,441,6.7744
1991,1,3,5,510,4.4715
1991,2,1,1,1245,11.0539
1991,2,1,2,2221,12.5248
1991,2,1,3,2219,13.2313
1991,2,1,4,2195,13.3329
1991,2,1,5,1900,11.3060
1991,2,2,1,400,11.9710
1991,2,2,2,629,9.9042
1991,2,2,3,613,10.1249
1991,2,2,4,581,10.4035
1991,2,2,5,575,10.1511
1991,2,3,1,336,9.4947
1991,2,3,2,454,7.8931
1991,2,3,3,451,7.3688
1991,2,3,4,395,8.0083
1991,2,3,5,519,7.9049
1991,3,1,1,1343,8.3366
1991,3,1,2,2321,9.3984
1991,3,1,3,2267,9.3972
1991,3,1,4,2191,8.3427
1991,3,1,5,1856,9.8598
1991,3,2,1,470,2.7860
1991,3,2,2,673,5.3513
1991,3,2,3,636,5.7970
1991,3,2,4,577,5.6574
1991,3,2,5,570,4.4758
1991,3,3,1,448,0.4774
1991,3,3,2,486,2.5849
1991,3,3,3,459,2.3749
1991,3,3,4,398,3.0156
1991,3,3,5,504,1.7638
1991,4,1,1,1291,1.1926
1991,4,1,2,2202,2.3181
1991,4,1,3,2494,-0.0946
1991,4,1,4,2199,2.3240
1991,4,1,5,2033,1.4154
1991,4,2,1,462,0.8283
1991,4,2,2,637,-0.1935
1991,4,2,3,744,-1.8452
1991,4,2,4,592,-0.9213
1991,4,2,5,605,0.2705
1991,4,3,1,445,0.3780
1991,4,3,2,475,0.5744
1991,4,3,3,587,-0.1972
1991,4,3,4,413,0.0786
1991,4,3,5,496,-0.1450
1991,5,1,1,1360,1.5098
1991,5,1,2,2179,2.9657
1991,5,1,3,2407,3.3751
1991,5,1,4,2334,3.4810
1991,5,1,5,1957,1.7807
1991,5,2,1,482,2.1153
1991,5,2,2,607,4.6489
1991,5,2,3,720,4.7864
1991,5,2,4,632,3.5868
1991,5,2,5,555,3.2817
1991,5,3,1,466,3.5987
1991,5,3,2,471,5.5957
1991,5,3,3,566,6.2984
1991,5,3,4,485,5.8309
1991,5,3,5,381,4.8953
1991,6,1,1,1579,-6.0245
1991,6,1,2,2047,-3.1711
1991,6,1,3,2324,-4.6654
1991,6,1,4,2294,-4.3288
1991,6,1,5,2001,-4.1297
1991,6,2,1,527,-4.0675
1991,6,2,2,562,-2.8343
1991,6,2,3,705,-4.5585
1991,6,2,4,629,-4.5990
1991,6,2,5,591,-3.5193
1991,6,3,1,471,-3.9223
1991,6,3,2,442,-3.5139
1991,6,3,3,549,-4.0833
1991,6,3,4,456,-4.6418
1991,6,3,5,403,-3.7543
1991,7,1,1,1730,1.0358
1991,7,1,2,1992,3.4701
1991,7,1,3,1943,2.4984
1991,7,1,4,2110,3.6930
1991,7,1,5,1961,2.8270
1991,7,2,1,564,3.4830
1991,7,2,2,548,2.9243
1991,7,2,3,628,3.1417
1991,7,2,4,572,3.2240
1991,7,2,5,642,3.2803
1991,7,3,1,479,3.2005
1991,7,3,2,425,3.1303
1991,7,3,3,531,3.8890
1991,7,3,4,449,5.1726
1991,7,3,5,518,3.0229
1991,8,1,1,1833,-0.2770
1991,8,1,2,1933,1.2707
1991,8,1,3,2030,1.6976
1991,8,1,4,2081,3.1202
1991,8,1,5,2017,0.3046
1991,8,2,1,576,2.8392
1991,8,2,2,545,1.8256
1991,8,2,3,648,2.2563
1991,8,2,4,593,3.0032
1991,8,2,5,645,2.4405
1991,8,3,1,493,1.3187
1991,8,3,2,446,1.4005
1991,8,3,3,544,2.0224
1991,8,3,4,494,2.7238
1991,8,3,5,533,1.9907
1991,9,1,1,1952,0.1864
1991,9,1,2,1822,0.2741
1991,9,1,3,2093,0.4243
1991,9,1,4,2113,1.0478
1991,9,1,5,1855,1.0533
1991,9,2,1,604,0.1859
1991,9,2,2,539,-0.1244
1991,9,2,3,648,-0.0294
1991,9,2,4,666,-0.2339
1991,9,2,5,626,0.7832
1991,9,3,1,459,-1.8724
1991,9,3,2,442,-1.2119
1991,9,3,3,552,-1.6277
1991,9,3,4,594,-1.0613
1991,9,3,5,524,-1.3737
1991,10,1,1,1984,2.0962
1991,10,1,2,2088,1.8831
1991,10,1,3,2041,3.0543
1991,10,1,4,2230,2.8803
1991,10,1,5,1691,2.5083
1991,10,2,1,599,0.7694
1991,10,2,2,630,1.2763
1991,10,2,3,647,2.0288
1991,10,2,4,702,0.7420
1991,10,2,5,567,0.5714
1991,10,3,1,456,0.9630
1991,10,3,2,481,1.6641
1991,10,3,3,547,1.9955
1991,10,3,4,583,2.0267
1991,10,3,5,509,1.6739
1991,11,1,1,2143,-1.8472
1991,11,1,2,2120,-2.7260
1991,11,1,3,2111,-3.2200
1991,11,1,4,2207,-2.9744
1991,11,1,5,1482,-2.2057
1991,11,2,1,661,-5.0959
1991,11,2,2,622,-4.8705
1991,11,2,3,678,-5.9318
1991,11,2,4,710,-5.4221
1991,11,2,5,555,-5.1704
1991,11,3,1,516,-4.4643
1991,11,3,2,465,-4.2126
1991,11,3,3,590,-4.5865
1991,11,3,4,583,-3.9386
1991,11,3,5,483,-3.9556
1991,12,1,1,1996,3.7613
1991,12,1,2,2051,4.5827
1991,12,1,3,2117,2.7452
1991,12,1,4,2175,4.4588
1991,12,1,5,1216,4.3375
1991,12,2,1,584,9.9984
1991,12,2,2,626,9.9815
1991,12,2,3,690,8.0385
1991,12,2,4,726,8.6314
1991,12,2,5,483,8.6222
1991,12,3,1,415,11.3358
1991,12,3,2,466,12.6252
1991,12,3,3,589,11.3020
1991,12,3,4,598,11.9775
1991,12,3,5,413,11.6864
1992,1,1,1,1796,11.1951
1992,1,1,2,1831,11.4064
1992,1,1,3,2020,12.5272
1992,1,1,4,2153,11.9416
1992,1,1,5,1248,11.1511
1992,1,2,1,583,5.3980
1992,1,2,2,580,8.3105
1992,1,2,3,670,6.1595
1992,1,2,4,723,6.5661
1992,1,2,5,508,5.4452
1992,1,3,1,465,2.1222
1992,1,3,2,429,1.9120
1992,1,3,3,515,1.2856
1992,1,3,4,575,0.0722
1992,1,3,5,396,-1.0950
1992,2,1,1,1917,3.2309
1992,2,1,2,1563,4.9201
1992,2,1,3,2075,4.2737
1992,2,1,4,2264,4.2626
1992,2,1,5,1634,3.9312
1992,2,2,1,692,3.2954
1992,2,2,2,547,3.2335
1992,2,2,3,671,4.1475
1992,2,2,4,768,1.7603
1992,2,2,5,589,2.5805
1992,2,3,1,523,2.6787
1992,2,3,2,440,1.8011
1992,2,3,3,532,1.8684
1992,2,3,4,596,1.0046
1992,2,3,5,467,0.9984
1992,3,1,1,1848,-1.8668
1992,3,1,2,1624,-2.5448
1992,3,1,3,2248,-1.7260
1992,3,1,4,2091,-1.9969
1992,3,1,5,1784,-1.4259
1992,3,2,1,678,-3.9716
1992,3,2,2,538,-3.6869
1992,3,2,3,728,-3.1573
1992,3,2,4,685,-4.7180
1992,3,2,5,661,-3.0025
1992,3,3,1,551,-4.0479
1992,3,3,2,439,-2.3908
1992,3,3,3,588,-2.1742
1992,3,3,4,485,-3.1501
1992,3,3,5,519,-3.7486
1992,4,1,1,1876,-6.9647
1992,4,1,2,1974,-5.5030
1992,4,1,3,2103,-5.4704
1992,4,1,4,2274,-5.3141
1992,4,1,5,1768,-5.2890
1992,4,2,1,707,-3.8999
1992,4,2,2,657,-3.8300
1992,4,2,3,670,-2.7815
1992,4,2,4,719,-3.2088
1992,4,2,5,670,-3.2439
1992,4,3,1,542,1.5161
1992,4,3,2,498,1.7734
1992,4,3,3,555,2.4490
1992,4,3,4,505,1.3815
1992,4,3,5,592,2.4885
1992,5,1,1,1862,-0.0965
1992,5,1,2,2266,-1.0816
1992,5,1,3,2060,-0.8150
1992,5,1,4,2160,-1.6366
1992,5,1,5,1846,-0.6229
1992,5,2,1,703,-0.0350
1992,5,2,2,705,-1.3506
1992,5,2,3,630,-0.1906
1992,5,2,4,751,-1.4680
1992,5,2,5,662,0.6963
1992,5,3,1,540,1.4393
1992,5,3,2,521,-1.1830
1992,5,3,3,463,0.8253
1992,5,3,4,577,-0.4331
1992,5,3,5,603,0.1585
1992,6,1,1,1676,-8.9053
1992,6,1,2,2481,-7.0202
1992,6,1,3,2087,-6.4479
1992,6,1,4,2000,-6.5096
1992,6,1,5,1709,-6.0288
1992,6,2,1,627,-3.7901
1992,6,2,2,762,-3.9052
1992,6,2,3,647,-5.1587
1992,6,2,4,725,-4.0999
1992,6,2,5,607,-4.2460
1992,6,3,1,474,-1.6581
1992,6,3,2,560,-2.9009
1992,6,3,3,464,-2.3275
1992,6,3,4,557,-2.9582
1992,6,3,5,527,-2.3097
1992,7,1,1,1538,2.0689
1992,7,1,2,2323,0.8259
1992,7,1,3,2221,0.2460
1992,7,1,4,1914,1.6853
1992,7,1,5,1448,1.5306
1992,7,2,1,601,3.3546
1992,7,2,2,736,3.4156
1992,7,2,3,676,2.6714
1992,7,2,4,703,2.8316
1992,7,2,5,494,2.3595
1992,7,3,1,458,4.8242
1992,7,3,2,547,3.9682
1992,7,3,3,484,3.4478
1992,7,3,4,545,2.3940
1992,7,3,5,471,2.7632
1992,8,1,1,1473,-2.9233
1992,8,1,2,2094,-2.5452
1992,8,1,3,2240,-2.5606
1992,8,1,4,1847,-2.0592
1992,8,1,5,1428,-2.8687
1992,8,2,1,586,-3.5692
1992,8,2,2,637,-3.3028
1992,8,2,3,703,-2.4817
1992,8,2,4,685,-2.6617
1992,8,2,5,513,-2.8630
1992,8,3,1,452,-2.5023
1992,8,3,2,445,-2.1737
1992,8,3,3,498,-1.9182
1992,8,3,4,619,-2.1069
1992,8,3,5,475,-2.6632
1992,9,1,1,1539,1.5551
1992,9,1,2,2088,0.9010
1992,9,1,3,2170,1.6926
1992,9,1,4,2090,1.4896
1992,9,1,5,1523,0.8676
1992,9,2,1,541,1.1115
1992,9,2,2,649,1.1710
1992,9,2,3,660,3.0469
1992,9,2,4,726,2.0868
1992,9,2,5,569,0.7474
1992,9,3,1,411,0.9245
1992,9,3,2,431,1.6321
1992,9,3,3,424,3.0267
1992,9,3,4,650,2.2368
1992,9,3,5,535,0.7127
1992,10,1,1,1492,-0.1386
1992,10,1,2,2245,1.0622
1992,10,1,3,2126,2.2485
1992,10,1,4,2103,2.0746
1992,10,1,5,1865,0.5216
1992,10,2,1,560,1.7877
1992,10,2,2,740,1.5677
1992,10,2,3,664,3.3521
1992,10,2,4,737,1.6459
1992,10,2,5,644,0.8154
1992,10,3,1,427,2.4143
1992,10,3,2,577,1.0569
1992,10,3,3,464,1.6092
1992,10,3,4,649,1.5171
1992,10,3,5,540,0.6241
1992,11,1,1,1709,6.0295
1992,11,1,2,1969,7.3606
1992,11,1,3,2069,6.7639
1992,11,1,4,2349,8.0715
1992,11,1,5,1917,7.3324
1992,11,2,1,580,6.6015
1992,11,2,2,676,7.0906
1992,11,2,3,633,6.8954
1992,11,2,4,780,7.3831
1992,11,2,5,668,6.4682
1992,11,3,1,449,4.5268
1992,11,3,2,579,3.7297
1992,11,3,3,473,4.1134
1992,11,3,4,657,4.7017
1992,11,3,5,515,3.5063
1992,12,1,1,1729,4.3739
1992,12,1,2,1844,2.5504
1992,12,1,3,2213,3.4489
1992,12,1,4,2399,3.1551
1992,12,1,5,1811,4.1556
1992,12,2,1,612,2.5100
1992,12,2,2,661,1.7707
1992,12,2,3,655,2.7179
1992,12,2,4,812,2.5529
1992,12,2,5,646,2.8090
1992,12,3,1,519,1.6629
1992,12,3,2,587,0.9675
1992,12,3,3,491,1.7543
1992,12,3,4,670,0.5052
1992,12,3,5,520,1.8240
1993,1,1,1,1560,2.5333
1993,1,1,2,2048,4.9866
1993,1,1,3,2255,5.4121
1993,1,1,4,2640,5.1889
1993,1,1,5,1807,4.2615
1993,1,2,1,568,1.7437
1993,1,2,2,762,2.6169
1993,1,2,3,663,1.6659
1993,1,2,4,879,2.1347
1993,1,2,5,648,2.5323
1993,1,3,1,485,-0.5617
1993,1,3,2,650,0.9675
1993,1,3,3,494,0.1267
1993,1,3,4,722,0.9202
1993,1,3,5,525,1.0011
1993,2,1,1,1456,-1.7039
1993,2,1,2,2077,-2.0134
1993,2,1,3,2002,-2.5861
1993,2,1,4,2578,-2.5787
1993,2,1,5,1884,-2.6734
1993,2,2,1,539,-2.6918
1993,2,2,2,763,-2.6613
1993,2,2,3,584,-2.6331
1993,2,2,4,853,-2.6064
1993,2,2,5,650,-3.8868
1993,2,3,1,438,-0.4238
1993,2,3,2,641,0.4164
1993,2,3,3,442,0.1556
1993,2,3,4,663,0.2552
1993,2,3,5,455,-0.6077
1993,3,1,1,1640,1.1782
1993,3,1,2,2138,1.7848
1993,3,1,3,1784,1.4302
1993,3,1,4,2472,2.0212
1993,3,1,5,1948,1.7879
1993,3,2,1,540,2.8202
1993,3,2,2,780,2.4846
1993,3,2,3,544,2.3503
1993,3,2,4,806,3.5626
1993,3,2,5,685,3.6990
1993,3,3,1,441,3.0634
1993,3,3,2,655,2.3595
1993,3,3,3,434,1.6575
1993,3,3,4,616,2.3722
1993,3,3,5,542,3.1297
1993,4,1,1,1715,-3.2948
1993,4,1,2,2089,-3.4131
1993,4,1,3,1553,-2.0824
1993,4,1,4,2364,-1.6331
1993,4,1,5,1853,-1.8856
1993,4,2,1,560,-1.4089
1993,4,2,2,756,-2.6196
1993,4,2,3,493,-2.9755
1993,4,2,4,801,-2.7713
1993,4,2,5,663,-0.8006
1993,4,3,1,472,-3.3918
1993,4,3,2,580,-3.5301
1993,4,3,3,422,-3.7719
1993,4,3,4,599,-2.4578
1993,4,3,5,533,-2.2234
1993,5,1,1,1718,4.6068
1993,5,1,2,2212,4.6752
1993,5,1,3,1828,4.0349
1993,5,1,4,2036,4.5645
1993,5,1,5,1803,6.6238
1993,5,2,1,600,5.6645
1993,5,2,2,773,4.8309
1993,5,2,3,581,4.9792
1993,5,2,4,726,5.6896
1993,5,2,5,613,7.2298
1993,5,3,1,514,4.2467
1993,5,3,2,585,3.4411
1993,5,3,3,478,3.3639
1993,5,3,4,566,3.2864
1993,5,3,5,521,4.1168
1993,6,1,1,1645,-1.5253
1993,6,1,2,2387,-0.7644
1993,6,1,3,1975,-0.5494
1993,6,1,4,2130,-1.1845
1993,6,1,5,1774,0.9571
1993,6,2,1,597,-0.7570
1993,6,2,2,818,-0.5627
1993,6,2,3,621,-0.5835
1993,6,2,4,675,0.2575
1993,6,2,5,610,0.7312
1993,6,3,1,517,-1.9863
1993,6,3,2,648,-1.1541
1993,6,3,3,503,-0.2969
1993,6,3,4,543,0.1040
1993,6,3,5,518,0.5049
1993,7,1,1,1665,-1.0118
1993,7,1,2,2378,-0.9040
1993,7,1,3,2136,0.8386
1993,7,1,4,2015,0.4012
1993,7,1,5,1728,1.4094
1993,7,2,1,606,0.0109
1993,7,2,2,813,0.4280
1993,7,2,3,660,1.3160
1993,7,2,4,668,1.4532
1993,7,2,5,614,2.5069
1993,7,3,1,520,-2.2679
1993,7,3,2,649,-1.0478
1993,7,3,3,505,-0.1238
1993,7,3,4,526,0.0050
1993,7,3,5,522,0.6450
1993,8,1,1,1683,3.5145
1993,8,1,2,2368,2.9514
1993,8,1,3,2213,4.1672
1993,8,1,4,2242,3.1734
1993,8,1,5,1716,3.4396
1993,8,2,1,591,4.8160
1993,8,2,2,780,3.8423
1993,8,2,3,682,5.3396
1993,8,2,4,719,5.6639
1993,8,2,5,587,3.4294
1993,8,3,1,510,3.9600
1993,8,3,2,640,4.9602
1993,8,3,3,510,4.1145
1993,8,3,4,586,4.3087
1993,8,3,5,512,2.7106
1993,9,1,1,1674,0.7141
1993,9,1,2,2204,1.1626
1993,9,1,3,2407,1.9094
1993,9,1,4,2375,1.3599
1993,9,1,5,1597,2.3385
1993,9,2,1,578,2.4485
1993,9,2,2,729,2.2112
1993,9,2,3,773,3.8127
1993,9,2,4,756,2.3549
1993,9,2,5,560,2.6335
1993,9,3,1,509,-2.2511
1993,9,3,2,621,-1.5939
1993,9,3,3,633,-1.0164
1993,9,3,4,626,-0.6381
1993,9,3,5,481,-1.1742
1993,10,1,1,1667,5.9403
1993,10,1,2,2188,4.7616
1993,10,1,3,2425,4.4065
1993,10,1,4,2429,3.8820
1993,10,1,5,1703,5.1347
1993,10,2,1,585,4.2276
1993,10,2,2,667,2.6087
1993,10,2,3,786,2.6640
1993,10,2,4,771,1.8254
1993,10,2,5,585,3.2318
1993,10,3,1,507,3.8193
1993,10,3,2,522,3.6330
1993,10,3,3,644,2.3232
1993,10,3,4,657,2.3956
1993,10,3,5,492,2.8909
1993,11,1,1,1948,-1.2403
1993,11,1,2,1923,-1.6198
1993,11,1,3,2311,-2.3522
1993,11,1,4,2422,-1.6839
1993,11,1,5,1776,-1.9860
1993,11,2,1,614,-2.0075
1993,11,2,2,617,-1.4282
1993,11,2,3,755,-2.4942
1993,11,2,4,725,-1.9908
1993,11,2,5,593,-2.6379
1993,11,3,1,517,0.8318
1993,11,3,2,523,0.5366
1993,11,3,3,629,-0.3518
1993,11,3,4,519,0.1314
1993,11,3,5,500,-0.5484
1993,12,1,1,2013,-0.5929
1993,12,1,2,2018,1.8465
1993,12,1,3,2396,1.7471
1993,12,1,4,2393,1.9192
1993,12,1,5,2228,0.2092
1993,12,2,1,631,3.2757
1993,12,2,2,620,5.7164
1993,12,2,3,760,4.9778
1993,12,2,4,706,5.2311
1993,12,2,5,737,4.0367
1993,12,3,1,544,4.3454
1993,12,3,2,522,2.7823
1993,12,3,3,633,2.5768
1993,12,3,4,552,3.4556
1993,12,3,5,650,3.7000
1994,1,1,1,2156,4.1061
1994,1,1,2,2179,4.3135
1994,1,1,3,2603,3.7702
1994,1,1,4,2389,4.7690
1994,1,1,5,2405,3.7100
1994,1,2,1,694,3.2126
1994,1,2,2,702,3.2725
1994,1,2,3,815,2.0477
1994,1,2,4,704,3.4059
1994,1,2,5,771,3.0691
1994,1,3,1,569,4.0990
1994,1,3,2,627,2.9491
1994,1,3,3,689,2.7046
1994,1,3,4,540,4.2880
1994,1,3,5,645,3.4027
1994,2,1,1,2194,-0.6887
1994,2,1,2,2252,-0.8878
1994,2,1,3,2661,-0.4829
1994,2,1,4,2033,-0.6635
1994,2,1,5,2449,-0.6322
1994,2,2,1,716,-0.8653
1994,2,2,2,721,-0.8177
1994,2,2,3,828,-0.1178
1994,2,2,4,644,0.2200
1994,2,2,5,721,-0.1923
1994,2,3,1,592,-1.1018
1994,2,3,2,632,-0.7411
1994,2,3,3,700,-0.8042
1994,2,3,4,479,-1.2592
1994,2,3,5,587,-0.2102
1994,3,1,1,2061,-5.8624
1994,3,1,2,2228,-5.7873
1994,3,1,3,2269,-5.3135
1994,3,1,4,2147,-5.9265
1994,3,1,5,2247,-5.9774
1994,3,2,1,705,-6.5881
1994,3,2,2,697,-5.9821
1994,3,2,3,724,-5.7205
1994,3,2,4,686,-6.4697
1994,3,2,5,686,-6.3401
1994,3,3,1,598,-4.2637
1994,3,3,2,607,-4.2511
1994,3,3,3,619,-4.6962
1994,3,3,4,506,-5.3134
1994,3,3,5,551,-4.6905
1994,4,1,1,1960,-2.3262
1994,4,1,2,2224,-1.9125
1994,4,1,3,2442,-1.6428
1994,4,1,4,2290,-1.8369
1994,4,1,5,2049,-2.1659
1994,4,2,1,651,-0.9787
1994,4,2,2,692,-0.9607
1994,4,2,3,718,-1.5963
1994,4,2,4,794,-0.2942
1994,4,2,5,658,-1.4375
1994,4,3,1,570,1.2566
1994,4,3,2,571,-0.3203
1994,4,3,3,525,-0.3646
1994,4,3,4,669,0.6386
1994,4,3,5,534,-0.6132
1994,5,1,1,1958,-0.6350
1994,5,1,2,2297,-1.0493
1994,5,1,3,2417,-0.5993
1994,5,1,4,2033,-0.6892
1994,5,1,5,2270,-0.8833
1994,5,2,1,660,-3.4687
1994,5,2,2,696,-2.9214
1994,5,2,3,743,-2.6671
1994,5,2,4,681,-2.8296
1994,5,2,5,726,-2.1429
1994,5,3,1,571,0.7760
1994,5,3,2,557,1.3824
1994,5,3,3,548,1.7698
1994,5,3,4,577,0.0551
1994,5,3,5,569,0.5872
1994,6,1,1,2155,-3.8214
1994,6,1,2,2411,-4.2518
1994,6,1,3,2442,-4.6509
1994,6,1,4,2211,-4.2825
1994,6,1,5,2206,-4.5404
1994,6,2,1,711,-2.5231
1994,6,2,2,735,-2.7279
1994,6,2,3,765,-3.0859
1994,6,2,4,719,-1.8531
1994,6,2,5,656,-1.8862
1994,6,3,1,614,-2.5001
1994,6,3,2,598,-2.2794
1994,6,3,3,575,-3.1603
1994,6,3,4,614,-3.3860
1994,6,3,5,508,-2.5609
1994,7,1,1,2171,0.6649
1994,7,1,2,2358,1.8708
1994,7,1,3,2708,1.2079
1994,7,1,4,2614,1.0901
1994,7,1,5,2146,0.8982
1994,7,2,1,713,0.9799
1994,7,2,2,699,2.7794
1994,7,2,3,783,1.7508
1994,7,2,4,821,2.0626
1994,7,2,5,646,1.6506
1994,7,3,1,586,2.2547
1994,7,3,2,586,3.0201
1994,7,3,3,597,3.2024
1994,7,3,4,689,2.8738
1994,7,3,5,523,2.3925
1994,8,1,1,2175,3.0908
1994,8,1,2,2797,3.7620
1994,8,1,3,2719,3.6300
1994,8,1,4,2606,3.2972
1994,8,1,5,2369,3.1712
1994,8,2,1,694,6.4460
1994,8,2,2,794,6.4314
1994,8,2,3,783,7.1539
1994,8,2,4,811,6.3164
1994,8,2,5,736,6.1180
1994,8,3,1,589,4.8683
1994,8,3,2,636,4.3400
1994,8,3,3,604,5.3690
1994,8,3,4,691,4.8474
1994,8,3,5,644,5.1092
1994,9,1,1,2149,1.2364
1994,9,1,2,2581,0.9798
1994,9,1,3,2792,0.9456
1994,9,1,4,2486,2.1699
1994,9,1,5,2234,1.0414
1994,9,2,1,688,-1.3400
1994,9,2,2,747,-0.0559
1994,9,2,3,804,-0.8428
1994,9,2,4,751,0.1084
1994,9,2,5,675,-0.9102
1994,9,3,1,606,-2.7700
1994,9,3,2,593,-2.4277
1994,9,3,3,626,-1.7633
1994,9,3,4,681,-1.8932
1994,9,3,5,594,-1.2850
1994,10,1,1,1937,5.1453
1994,10,1,2,2516,2.0315
1994,10,1,3,2623,1.8683
1994,10,1,4,2515,0.9771
1994,10,1,5,2029,2.2582
1994,10,2,1,626,-1.5072
1994,10,2,2,733,-0.9689
1994,10,2,3,728,-0.8494
1994,10,2,4,753,-0.6067
1994,10,2,5,607,-0.4636
1994,10,3,1,546,1.2849
1994,10,3,2,581,2.3280
1994,10,3,3,600,1.0796
1994,10,3,4,682,0.4162
1994,10,3,5,556,0.1450
1994,11,1,1,1964,-5.1306
1994,11,1,2,2320,-4.1440
1994,11,1,3,2609,-4.8498
1994,11,1,4,2686,-4.2818
1994,11,1,5,2166,-3.5086
1994,11,2,1,648,-4.4827
1994,11,2,2,693,-3.7786
1994,11,2,3,700,-4.2375
1994,11,2,4,797,-4.1808
1994,11,2,5,641,-2.7488
1994,11,3,1,578,-4.1270
1994,11,3,2,602,-3.7950
1994,11,3,3,567,-3.9194
1994,11,3,4,710,-5.0364
1994,11,3,5,580,-3.8955
1994,12,1,1,1838,-0.9324
1994,12,1,2,2393,-1.9210
1994,12,1,3,2217,-2.2310
1994,12,1,4,2632,-0.5437
1994,12,1,5,2215,-0.4428
1994,12,2,1,586,1.6631
1994,12,2,2,722,2.2978
1994,12,2,3,606,1.5505
1994,12,2,4,789,1.9450
1994,12,2,5,653,3.2456
1994,12,3,1,506,2.2781
1994,12,3,2,599,2.0621
1994,12,3,3,517,1.9820
1994,12,3,4,720,2.3019
1994,12,3,5,586,2.1865
1995,1,1,1,1628,-1.4126
1995,1,1,2,2463,2.4351
1995,1,1,3,2374,-1.1307
1995,1,1,4,2688,0.1171
1995,1,1,5,2151,0.7293
1995,1,2,1,556,-2.4879
1995,1,2,2,746,-1.1250
1995,1,2,3,665,-1.7741
1995,1,2,4,805,-1.5823
1995,1,2,5,650,-1.8732
1995,1,3,1,500,1.8219
1995,1,3,2,616,2.7882
1995,1,3,3,533,1.1588
1995,1,3,4,729,1.3475
1995,1,3,5,576,1.2554
1995,2,1,1,1994,2.7772
1995,2,1,2,2555,1.0071
1995,2,1,3,2338,3.2385
1995,2,1,4,2340,1.5158
1995,2,1,5,1994,2.0536
1995,2,2,1,667,1.8127
1995,2,2,2,757,4.3699
1995,2,2,3,673,2.4136
1995,2,2,4,704,3.4619
1995,2,2,5,609,2.4259
1995,2,3,1,597,4.3489
1995,2,3,2,651,4.5317
1995,2,3,3,550,3.9770
1995,2,3,4,644,4.7158
1995,2,3,5,522,4.3332
1995,3,1,1,2177,1.1165
1995,3,1,2,2527,0.5835
1995,3,1,3,2433,1.0030
1995,3,1,4,2541,0.7294
1995,3,1,5,2342,1.5332
1995,3,2,1,694,3.4165
1995,3,2,2,758,2.8635
1995,3,2,3,688,2.6350
1995,3,2,4,766,2.2893
1995,3,2,5,696,4.2661
1995,3,3,1,637,4.4456
1995,3,3,2,660,3.1761
1995,3,3,3,561,3.6986
1995,3,3,4,684,3.6540
1995,3,3,5,624,4.2326
1995,4,1,1,2262,4.2363
1995,4,1,2,2267,3.3232
1995,4,1,3,2394,3.2298
1995,4,1,4,2754,2.6013
1995,4,1,5,2328,3.3154
1995,4,2,1,712,1.5005
1995,4,2,2,622,1.1899
1995,4,2,3,685,2.1598
1995,4,2,4,822,2.6833
1995,4,2,5,696,2.7822
1995,4,3,1,650,0.0799
1995,4,3,2,488,0.9634
1995,4,3,3,525,1.4425
1995,4,3,4,724,2.7605
1995,4,3,5,623,2.6315
1995,5,1,1,2075,4.7234
1995,5,1,2,2202,-0.1037
1995,5,1,3,2435,2.6706
1995,5,1,4,2695,3.0945
1995,5,1,5,2303,2.5819
1995,5,2,1,677,1.5442
1995,5,2,2,620,0.7924
1995,5,2,3,753,1.6729
1995,5,2,4,773,1.1100
1995,5,2,5,694,1.6844
1995,5,3,1,614,2.6769
1995,5,3,2,480,0.9682
1995,5,3,3,645,3.2922
1995,5,3,4,633,2.6335
1995,5,3,5,602,2.0434
1995,6,1,1,2219,4.8904
1995,6,1,2,2222,4.2151
1995,6,1,3,2834,4.5345
1995,6,1,4,2562,5.9486
1995,6,1,5,2297,5.8247
1995,6,2,1,709,4.0905
1995,6,2,2,620,4.9522
1995,6,2,3,859,4.8635
1995,6,2,4,719,5.0381
1995,6,2,5,674,4.6828
1995,6,3,1,643,1.8864
1995,6,3,2,449,3.2815
1995,6,3,3,722,2.8076
1995,6,3,4,570,2.3495
1995,6,3,5,605,3.6338
1995,7,1,1,2210,2.9633
1995,7,1,2,2268,4.2558
1995,7,1,3,2561,5.2431
1995,7,1,4,2240,4.8851
1995,7,1,5,2418,5.9189
1995,7,2,1,708,5.6901
1995,7,2,2,655,6.0239
1995,7,2,3,801,5.3175
1995,7,2,4,678,4.9154
1995,7,2,5,762,7.1283
1995,7,3,1,666,3.4262
1995,7,3,2,515,4.5975
1995,7,3,3,702,3.2781
1995,7,3,4,547,3.4851
1995,7,3,5,667,4.6295
1995,8,1,1,1840,4.1687
1995,8,1,2,2215,2.1117
1995,8,1,3,2624,2.3693
1995,8,1,4,2368,2.9475
1995,8,1,5,2176,2.7406
1995,8,2,1,582,1.1113
1995,8,2,2,649,0.3790
1995,8,2,3,830,1.3707
1995,8,2,4,722,0.9097
1995,8,2,5,766,0.4440
1995,8,3,1,547,0.8835
1995,8,3,2,509,0.4449
1995,8,3,3,706,0.1048
1995,8,3,4,567,0.2763
1995,8,3,5,644,0.1946
1995,9,1,1,1656,0.8923
1995,9,1,2,2521,1.4931
1995,9,1,3,2717,1.7552
1995,9,1,4,2603,1.8821
1995,9,1,5,1942,2.5623
1995,9,2,1,567,1.2019
1995,9,2,2,793,0.1057
1995,9,2,3,911,1.3439
1995,9,2,4,799,1.5670
1995,9,2,5,739,2.7123
1995,9,3,1,535,2.1985
1995,9,3,2,596,1.6590
1995,9,3,3,740,2.3716
1995,9,3,4,597,2.2629
1995,9,3,5,591,2.1656
1995,10,1,1,1766,-4.2863
1995,10,1,2,2327,-6.1421
1995,10,1,3,2699,-5.7435
1995,10,1,4,2545,-5.8367
1995,10,1,5,2278,-5.2308
1995,10,2,1,608,-7.2957
1995,10,2,2,795,-6.7950
1995,10,2,3,947,-7.2003
1995,10,2,4,801,-5.8903
1995,10,2,5,847,-6.6414
1995,10,3,1,528,-2.3891
1995,10,3,2,575,-1.5890
1995,10,3,3,760,-0.4630
1995,10,3,4,599,-0.6063
1995,10,3,5,667,0.2548
1995,11,1,1,1766,-1.8081
1995,11,1,2,2121,-0.1505
1995,11,1,3,2709,1.1599
1995,11,1,4,2461,-1.4470
1995,11,1,5,2273,0.7176
1995,11,2,1,609,3.6019
1995,11,2,2,756,4.0062
1995,11,2,3,927,5.2368
1995,11,2,4,805,3.6247
1995,11,2,5,867,4.4503
1995,11,3,1,545,7.8185
1995,11,3,2,554,5.3156
1995,11,3,3,715,5.3881
1995,11,3,4,593,5.6251
1995,11,3,5,676,4.6034
1995,12,1,1,2079,-0.0121
1995,12,1,2,2097,-1.0128
1995,12,1,3,2501,2.2524
1995,12,1,4,2352,0.6254
1995,12,1,5,2203,0.6961
1995,12,2,1,782,2.3695
1995,12,2,2,738,3.1349
1995,12,2,3,893,1.7027
1995,12,2,4,773,2.7523
1995,12,2,5,853,3.6829
1995,12,3,1,681,1.2918
1995,12,3,2,538,1.0660
1995,12,3,3,691,1.2938
1995,12,3,4,582,1.1601
1995,12,3,5,664,0.8875
1996,1,1,1,2045,3.2202
1996,1,1,2,2470,3.2910
1996,1,1,3,2763,2.8305
1996,1,1,4,2170,2.8533
1996,1,1,5,2059,4.6771
1996,1,2,1,785,0.9045
1996,1,2,2,850,0.1638
1996,1,2,3,977,1.1974
1996,1,2,4,736,0.7867
1996,1,2,5,818,1.5512
1996,1,3,1,678,3.0183
1996,1,3,2,646,3.2032
1996,1,3,3,743,2.9513
1996,1,3,4,570,2.2153
1996,1,3,5,659,2.8001
1996,2,1,1,2213,5.4000
1996,2,1,2,2504,2.3220
1996,2,1,3,2588,3.4448
1996,2,1,4,2056,4.6886
1996,2,1,5,1753,5.4418
1996,2,2,1,812,4.0635
1996,2,2,2,856,5.2125
1996,2,2,3,961,4.5444
1996,2,2,4,706,3.4525
1996,2,2,5,683,2.7050
1996,2,3,1,680,2.8896
1996,2,3,2,661,1.9594
1996,2,3,3,735,1.5225
1996,2,3,4,581,1.6673
1996,2,3,5,598,1.5119
1996,3,1,1,2268,2.0640
1996,3,1,2,2641,3.2718
1996,3,1,3,2529,3.0475
1996,3,1,4,2166,4.4946
1996,3,1,5,2170,2.3296
1996,3,2,1,875,2.2588
1996,3,2,2,863,2.4366
1996,3,2,3,923,2.3326
1996,3,2,4,752,3.7953
1996,3,2,5,823,1.3588
1996,3,3,1,680,2.0524
1996,3,3,2,641,1.3972
1996,3,3,3,698,1.7127
1996,3,3,4,615,2.6678
1996,3,3,5,705,0.6648
1996,4,1,1,2136,8.9191
1996,4,1,2,2577,7.2117
1996,4,1,3,2342,7.2969
1996,4,1,4,2247,7.5414
1996,4,1,5,2174,7.1608
1996,4,2,1,831,5.4206
1996,4,2,2,876,6.8874
1996,4,2,3,851,5.8179
1996,4,2,4,778,5.3961
1996,4,2,5,801,5.0904
1996,4,3,1,662,3.3371
1996,4,3,2,696,2.4607
1996,4,3,3,645,2.5733
1996,4,3,4,620,1.9272
1996,4,3,5,662,1.8413
1996,5,1,1,2218,10.4098
1996,5,1,2,2567,9.3450
1996,5,1,3,2134,7.5213
1996,5,1,4,2429,8.2693
1996,5,1,5,2363,8.4220
1996,5,2,1,860,4.8605
1996,5,2,2,861,6.0221
1996,5,2,3,813,4.6529
1996,5,2,4,813,5.1636
1996,5,2,5,882,5.5806
1996,5,3,1,680,2.6371
1996,5,3,2,690,2.7413
1996,5,3,3,614,2.0342
1996,5,3,4,659,2.4563
1996,5,3,5,692,2.5325
1996,6,1,1,2400,-6.2929
1996,6,1,2,2421,-4.9903
1996,6,1,3,2212,-5.5922
1996,6,1,4,2845,-4.8811
1996,6,1,5,2411,-6.7278
1996,6,2,1,928,-3.1976
1996,6,2,2,841,-3.0862
1996,6,2,3,880,-4.0839
1996,6,2,4,956,-3.2043
1996,6,2,5,893,-3.4473
1996,6,3,1,757,-0.3534
1996,6,3,2,695,-0.6133
1996,6,3,3,661,-1.4448
1996,6,3,4,738,-1.0448
1996,6,3,5,706,-0.5986
1996,7,1,1,2432,-9.8955
1996,7,1,2,2397,-9.2195
1996,7,1,3,2479,-9.1424
1996,7,1,4,2624,-8.7068
1996,7,1,5,2365,-10.4088
1996,7,2,1,950,-9.4585
1996,7,2,2,913,-8.9291
1996,7,2,3,968,-8.6427
1996,7,2,4,925,-8.4224
1996,7,2,5,888,-9.2975
1996,7,3,1,775,-4.3069
1996,7,3,2,699,-5.9757
1996,7,3,3,733,-5.3139
1996,7,3,4,727,-4.5358
1996,7,3,5,716,-4.2360
1996,8,1,1,2434,3.8067
1996,8,1,2,2468,3.7952
1996,8,1,3,2621,3.2110
1996,8,1,4,2507,3.1776
1996,8,1,5,1871,4.0134
1996,8,2,1,952,5.8311
1996,8,2,2,967,5.3530
1996,8,2,3,966,4.7541
1996,8,2,4,890,4.9905
1996,8,2,5,720,6.5932
1996,8,3,1,737,2.6092
1996,8,3,2,771,2.6898
1996,8,3,3,660,3.2688
1996,8,3,4,676,3.5780
1996,8,3,5,644,2.5600
1996,9,1,1,2306,3.5235
1996,9,1,2,2626,1.5627
1996,9,1,3,2748,2.1513
1996,9,1,4,2794,2.5606
1996,9,1,5,2020,1.7992
1996,9,2,1,903,3.3280
1996,9,2,2,1038,3.1667
1996,9,2,3,1059,3.2568
1996,9,2,4,963,4.1940
1996,9,2,5,767,4.0734
1996,9,3,1,695,5.7842
1996,9,3,2,802,4.8039
1996,9,3,3,715,4.4564
1996,9,3,4,741,5.0165
1996,9,3,5,672,5.0131
1996,10,1,1,2270,-3.5927
1996,10,1,2,2372,-3.6244
1996,10,1,3,2688,-2.2609
1996,10,1,4,2575,-2.5916
1996,10,1,5,2144,-1.4563
1996,10,2,1,855,-3.1709
1996,10,2,2,950,-1.5562
1996,10,2,3,1028,-1.7498
1996,10,2,4,876,-1.3391
1996,10,2,5,798,-2.8785
1996,10,3,1,688,0.3403
1996,10,3,2,762,0.4919
1996,10,3,3,700,0.2447
1996,10,3,4,697,0.1774
1996,10,3,5,640,0.5050
1996,11,1,1,2526,1.0036
1996,11,1,2,2552,1.7139
1996,11,1,3,2823,1.3609
1996,11,1,4,2463,2.1215
1996,11,1,5,1988,2.2230
1996,11,2,1,896,3.4404
1996,11,2,2,997,3.3739
1996,11,2,3,1057,2.8747
1996,11,2,4,831,3.4349
1996,11,2,5,700,4.3666
1996,11,3,1,709,6.6664
1996,11,3,2,788,6.4823
1996,11,3,3,723,6.1511
1996,11,3,4,692,5.8087
1996,11,3,5,600,5.5688
1996,12,1,1,2693,0.2254
1996,12,1,2,2477,0.4826
1996,12,1,3,2588,1.1823
1996,12,1,4,2118,1.7416
1996,12,1,5,2389,0.5314
1996,12,2,1,909,1.1628
1996,12,2,2,933,0.7072
1996,12,2,3,918,2.8759
1996,12,2,4,724,2.8578
1996,12,2,5,807,3.8680
1996,12,3,1,704,-1.0076
1996,12,3,2,745,-1.4469
1996,12,3,3,713,-1.5136
1996,12,3,4,569,-1.3657
1996,12,3,5,677,0.2263
1997,1,1,1,2912,5.0067
1997,1,1,2,2630,4.2857
1997,1,1,3,2400,4.4320
1997,1,1,4,2366,6.0728
1997,1,1,5,2355,5.3784
1997,1,2,1,960,4.9479
1997,1,2,2,972,2.5373
1997,1,2,3,912,2.4028
1997,1,2,4,790,3.3310
1997,1,2,5,809,4.6273
1997,1,3,1,728,3.6153
1997,1,3,2,797,3.5997
1997,1,3,3,729,3.7759
1997,1,3,4,617,4.9588
1997,1,3,5,665,4.9725
1997,2,1,1,2617,0.6511
1997,2,1,2,2545,-1.8326
1997,2,1,3,2642,-1.4403
1997,2,1,4,2366,-1.2915
1997,2,1,5,2581,0.0388
1997,2,2,1,849,0.6116
1997,2,2,2,948,-3.6264
1997,2,2,3,967,-2.6010
1997,2,2,4,799,-2.5671
1997,2,2,5,898,-2.5334
1997,2,3,1,681,3.0149
1997,2,3,2,791,0.0767
1997,2,3,3,751,-0.2104
1997,2,3,4,630,0.3300
1997,2,3,5,723,-0.1972
1997,3,1,1,3069,-5.4219
1997,3,1,2,2821,-3.8081
1997,3,1,3,2418,-4.4102
1997,3,1,4,2160,-4.9615
1997,3,1,5,2601,-4.7367
1997,3,2,1,964,-5.3377
1997,3,2,2,969,-3.9324
1997,3,2,3,866,-4.1109
1997,3,2,4,735,-4.9331
1997,3,2,5,879,-4.6916
1997,3,3,1,753,-4.5603
1997,3,3,2,751,-2.6836
1997,3,3,3,715,-4.6258
1997,3,3,4,586,-4.4269
1997,3,3,5,753,-4.7111
1997,4,1,1,3075,-5.3875
1997,4,1,2,2666,-4.8337
1997,4,1,3,2187,-4.2994
1997,4,1,4,2130,-4.0668
1997,4,1,5,2825,-3.6310
1997,4,2,1,976,-1.8956
1997,4,2,2,869,-0.1178
1997,4,2,3,768,-0.3958
1997,4,2,4,769,-0.6133
1997,4,2,5,930,-1.0902
1997,4,3,1,758,2.6997
1997,4,3,2,656,5.2391
1997,4,3,3,670,3.2143
1997,4,3,4,681,4.2139
1997,4,3,5,807,3.9345
1997,5,1,1,3024,9.1437
1997,5,1,2,2461,9.3905
1997,5,1,3,2063,9.3512
1997,5,1,4,2230,9.8683
1997,5,1,5,2850,9.6935
1997,5,2,1,937,12.6673
1997,5,2,2,805,12.1645
1997,5,2,3,707,11.9955
1997,5,2,4,786,13.0894
1997,5,2,5,900,13.3204
1997,5,3,1,740,6.9322
1997,5,3,2,614,6.2730
1997,5,3,3,646,6.7358
1997,5,3,4,704,5.8977
1997,5,3,5,709,6.5138
1997,6,1,1,3115,2.6260
1997,6,1,2,2610,3.9954
1997,6,1,3,1934,4.6008
1997,6,1,4,2239,4.5077
1997,6,1,5,3155,2.5820
1997,6,2,1,944,4.5750
1997,6,2,2,846,6.5613
1997,6,2,3,652,6.2077
1997,6,2,4,774,6.4180
1997,6,2,5,950,4.5618
1997,6,3,1,795,3.2487
1997,6,3,2,648,4.2289
1997,6,3,3,628,3.6421
1997,6,3,4,696,3.3816
1997,6,3,5,742,3.5666
1997,7,1,1,2990,2.2292
1997,7,1,2,2715,5.7961
1997,7,1,3,1675,5.5267
1997,7,1,4,2562,6.2742
1997,7,1,5,3092,3.9649
1997,7,2,1,918,4.4264
1997,7,2,2,840,4.8185
1997,7,2,3,562,4.0924
1997,7,2,4,814,4.8201
1997,7,2,5,936,4.7069
1997,7,3,1,793,5.9852
1997,7,3,2,652,6.9481
1997,7,3,3,592,5.9937
1997,7,3,4,711,6.7162
1997,7,3,5,740,7.5892
1997,8,1,1,2346,3.6166
1997,8,1,2,2769,3.4940
1997,8,1,3,1936,3.7192
1997,8,1,4,2916,3.9967
1997,8,1,5,3101,3.4776
1997,8,2,1,722,2.2742
1997,8,2,2,923,2.9716
1997,8,2,3,608,3.4446
1997,8,2,4,915,2.9677
1997,8,2,5,938,3.5005
1997,8,3,1,642,-2.4994
1997,8,3,2,768,-4.3511
1997,8,3,3,627,-3.3202
1997,8,3,4,859,-4.4600
1997,8,3,5,751,-3.9637
1997,9,1,1,2494,7.7887
1997,9,1,2,2762,8.0856
1997,9,1,3,2497,8.9895
1997,9,1,4,2592,9.0498
1997,9,1,5,3230,8.9722
1997,9,2,1,752,7.3226
1997,9,2,2,906,6.5265
1997,9,2,3,771,7.3978
1997,9,2,4,833,6.5841
1997,9,2,5,953,7.5254
1997,9,3,1,672,5.0864
1997,9,3,2,795,3.7071
1997,9,3,3,751,4.4006
1997,9,3,4,776,4.1200
1997,9,3,5,764,3.9198
1997,10,1,1,2017,-3.1751
1997,10,1,2,3191,-2.9782
1997,10,1,3,2650,-3.5007
1997,10,1,4,2684,-3.2492
1997,10,1,5,3174,-4.6586
1997,10,2,1,634,-4.2944
1997,10,2,2,1013,-4.5914
1997,10,2,3,821,-4.4930
1997,10,2,4,830,-4.2994
1997,10,2,5,975,-5.8578
1997,10,3,1,622,-5.9551
1997,10,3,2,877,-3.7851
1997,10,3,3,802,-4.6691
1997,10,3,4,783,-6.1869
1997,10,3,5,791,-5.2708
1997,11,1,1,2078,-4.7043
1997,11,1,2,3245,-3.0399
1997,11,1,3,2544,-2.5934
1997,11,1,4,2889,-3.0556
1997,11,1,5,3153,-3.8640
1997,11,2,1,623,-3.3578
1997,11,2,2,1025,-1.6197
1997,11,2,3,819,-2.4698
1997,11,2,4,885,-1.7465
1997,11,2,5,996,-3.4718
1997,11,3,1,575,2.3530
1997,11,3,2,890,2.5771
1997,11,3,3,775,3.5286
1997,11,3,4,817,2.6713
1997,11,3,5,857,2.8002
1997,12,1,1,2120,-3.7374
1997,12,1,2,2916,-3.8010
1997,12,1,3,3081,-1.7551
1997,12,1,4,2751,-3.5195
1997,12,1,5,2846,-1.8805
1997,12,2,1,628,0.9156
1997,12,2,2,925,-0.2554
1997,12,2,3,934,0.4790
1997,12,2,4,837,-0.9945
1997,12,2,5,898,1.9275
1997,12,3,1,540,0.7505
1997,12,3,2,781,0.3124
1997,12,3,3,804,1.8436
1997,12,3,4,827,1.6728
1997,12,3,5,815,2.3162
1998,1,1,1,2450,-2.1446
1998,1,1,2,2984,-0.1579
1998,1,1,3,3043,-1.2113
1998,1,1,4,2911,-0.1998
1998,1,1,5,2978,-0.8244
1998,1,2,1,708,-2.1124
1998,1,2,2,943,-1.7551
1998,1,2,3,960,-1.0214
1998,1,2,4,851,-1.5294
1998,1,2,5,931,-2.6155
1998,1,3,1,591,-0.5986
1998,1,3,2,837,0.2551
1998,1,3,3,810,-0.1664
1998,1,3,4,856,-0.1214
1998,1,3,5,840,-0.5401
1998,2,1,1,2302,5.2374
1998,2,1,2,2591,6.0871
1998,2,1,3,3097,5.7570
1998,2,1,4,2819,6.1078
1998,2,1,5,2933,6.0417
1998,2,2,1,711,7.2358
1998,2,2,2,792,7.8329
1998,2,2,3,976,7.5412
1998,2,2,4,845,7.8502
1998,2,2,5,911,6.8606
1998,2,3,1,643,7.2788
1998,2,3,2,660,8.0037
1998,2,3,3,822,8.1279
1998,2,3,4,823,7.9785
1998,2,3,5,829,6.6443
1998,3,1,1,2053,4.6136
1998,3,1,2,2945,4.2906
1998,3,1,3,2999,4.9097
1998,3,1,4,3038,4.9676
1998,3,1,5,2692,5.0559
1998,3,2,1,664,2.6136
1998,3,2,2,875,3.7553
1998,3,2,3,917,3.6859
1998,3,2,4,875,4.7204
1998,3,2,5,850,4.0038
1998,3,3,1,645,4.5198
1998,3,3,2,728,4.9355
1998,3,3,3,801,4.0623
1998,3,3,4,773,4.0692
1998,3,3,5,753,4.7384
1998,4,1,1,2024,0.4288
1998,4,1,2,2512,1.0665
1998,4,1,3,2679,1.7515
1998,4,1,4,2984,1.8980
1998,4,1,5,2613,1.8840
1998,4,2,1,651,1.4328
1998,4,2,2,746,1.0260
1998,4,2,3,775,-0.0523
1998,4,2,4,919,0.3716
1998,4,2,5,834,0.2796
1998,4,3,1,600,1.4124
1998,4,3,2,648,0.6071
1998,4,3,3,610,0.1541
1998,4,3,4,855,0.0109
1998,4,3,5,747,0.6195
1998,5,1,1,2143,-6.8395
1998,5,1,2,2872,-5.6919
1998,5,1,3,2713,-4.8756
1998,5,1,4,2971,-4.8518
1998,5,1,5,2599,-5.6997
1998,5,2,1,705,-6.1181
1998,5,2,2,908,-6.0442
1998,5,2,3,816,-5.1221
1998,5,2,4,935,-5.1602
1998,5,2,5,831,-5.6513
1998,5,3,1,644,-3.3540
1998,5,3,2,813,-3.1144
1998,5,3,3,629,-2.1472
1998,5,3,4,868,-2.0099
1998,5,3,5,777,-2.4031
1998,6,1,1,2205,-4.4208
1998,6,1,2,2615,-4.2842
1998,6,1,3,2705,-3.4327
1998,6,1,4,3002,-3.1221
1998,6,1,5,2655,-2.8953
1998,6,2,1,734,-2.0707
1998,6,2,2,820,-2.5812
1998,6,2,3,828,-2.1828
1998,6,2,4,946,-1.9574
1998,6,2,5,872,-0.6229
1998,6,3,1,642,0.8817
1998,6,3,2,766,-0.0507
1998,6,3,3,661,1.1008
1998,6,3,4,892,0.8994
1998,6,3,5,805,2.3820
1998,7,1,1,2050,-9.1181
1998,7,1,2,2640,-7.9402
1998,7,1,3,2671,-7.3045
1998,7,1,4,2802,-7.0649
1998,7,1,5,2533,-7.0823
1998,7,2,1,671,-8.2394
1998,7,2,2,816,-7.8195
1998,7,2,3,869,-7.8411
1998,7,2,4,892,-7.4018
1998,7,2,5,867,-7.8318
1998,7,3,1,617,-5.5243
1998,7,3,2,772,-4.8683
1998,7,3,3,750,-6.0882
1998,7,3,4,854,-4.2080
1998,7,3,5,735,-3.6497
1998,8,1,1,1983,-20.4346
1998,8,1,2,2516,-19.3153
1998,8,1,3,2615,-18.7176
1998,8,1,4,2954,-19.4663
1998,8,1,5,2668,-21.1490
1998,8,2,1,654,-17.1298
1998,8,2,2,796,-18.0356
1998,8,2,3,898,-17.3683
1998,8,2,4,933,-18.4493
1998,8,2,5,884,-19.3404
1998,8,3,1,600,-15.0568
1998,8,3,2,758,-14.8486
1998,8,3,3,786,-14.5639
1998,8,3,4,881,-14.8472
1998,8,3,5,741,-15.7475
1998,9,1,1,1911,5.2141
1998,9,1,2,2746,1.5899
1998,9,1,3,2744,0.8949
1998,9,1,4,2801,3.3441
1998,9,1,5,2606,6.0854
1998,9,2,1,596,11.5759
1998,9,2,2,868,6.8468
1998,9,2,3,927,4.6624
1998,9,2,4,894,7.1442
1998,9,2,5,888,9.2708
1998,9,3,1,516,6.8021
1998,9,3,2,799,3.0720
1998,9,3,3,799,3.7660
1998,9,3,4,864,5.0020
1998,9,3,5,844,5.1320
1998,10,1,1,1837,1.6701
1998,10,1,2,2299,3.0153
1998,10,1,3,2500,3.1791
1998,10,1,4,2740,3.0919
1998,10,1,5,2710,4.0493
1998,10,2,1,586,3.9778
1998,10,2,2,777,5.4631
1998,10,2,3,871,3.9547
1998,10,2,4,884,5.1516
1998,10,2,5,914,4.7964
1998,10,3,1,506,11.1568
1998,10,3,2,750,10.6594
1998,10,3,3,709,10.1647
1998,10,3,4,868,10.4335
1998,10,3,5,869,7.7358
1998,11,1,1,1803,3.5161
1998,11,1,2,2978,4.5345
1998,11,1,3,2539,4.6544
1998,11,1,4,2646,7.7442
1998,11,1,5,2764,5.4246
1998,11,2,1,614,3.2892
1998,11,2,2,936,4.4667
1998,11,2,3,855,5.3042
1998,11,2,4,853,6.8661
1998,11,2,5,911,4.3602
1998,11,3,1,565,4.6335
1998,11,3,2,819,5.9651
1998,11,3,3,729,4.8303
1998,11,3,4,823,4.9322
1998,11,3,5,880,5.2992
1998,12,1,1,1401,-2.6995
1998,12,1,2,2720,-0.1487
1998,12,1,3,2279,0.8280
1998,12,1,4,2571,3.3948
1998,12,1,5,2747,1.8642
1998,12,2,1,507,2.4202
1998,12,2,2,931,4.5315
1998,12,2,3,806,3.8820
1998,12,2,4,868,6.5331
1998,12,2,5,945,5.1932
1998,12,3,1,488,-1.2051
1998,12,3,2,870,2.9624
1998,12,3,3,718,3.0147
1998,12,3,4,801,5.4459
1998,12,3,5,870,4.0550
1999,1,1,1,1351,3.1491
1999,1,1,2,2696,4.4024
1999,1,1,3,2392,3.9356
1999,1,1,4,2502,4.8890
1999,1,1,5,2490,5.0972
1999,1,2,1,474,-3.1173
1999,1,2,2,940,-0.1247
1999,1,2,3,851,-0.1099
1999,1,2,4,885,0.5056
1999,1,2,5,857,0.4584
1999,1,3,1,460,-2.0048
1999,1,3,2,875,1.0793
1999,1,3,3,760,0.8606
1999,1,3,4,815,1.5404
1999,1,3,5,833,1.5584
1999,2,1,1,1207,-7.5785
1999,2,1,2,2730,-6.3136
1999,2,1,3,2569,-5.9860
1999,2,1,4,2493,-7.1419
1999,2,1,5,2582,-6.6510
1999,2,2,1,432,-8.7999
1999,2,2,2,948,-8.2937
1999,2,2,3,906,-7.8272
1999,2,2,4,919,-8.8784
1999,2,2,5,910,-8.5445
1999,2,3,1,424,-4.6779
1999,2,3,2,888,-2.3939
1999,2,3,3,791,-4.1057
1999,2,3,4,830,-3.6365
1999,2,3,5,899,-4.4550
1999,3,1,1,1330,-3.0055
1999,3,1,2,2753,-3.3665
1999,3,1,3,1969,-4.3356
1999,3,1,4,2465,-2.5684
1999,3,1,5,2575,-3.0669
1999,3,2,1,461,1.9173
1999,3,2,2,1016,-0.2580
1999,3,2,3,738,-0.0712
1999,3,2,4,904,-0.1437
1999,3,2,5,906,1.3627
1999,3,3,1,496,3.6077
1999,3,3,2,952,1.2619
1999,3,3,3,710,2.2857
1999,3,3,4,817,2.6646
1999,3,3,5,822,3.4679
1999,4,1,1,1539,6.6956
1999,4,1,2,2434,11.0143
1999,4,1,3,2031,11.0243
1999,4,1,4,2394,9.7452
1999,4,1,5,2283,11.0154
1999,4,2,1,542,11.4271
1999,4,2,2,908,10.9623
1999,4,2,3,759,10.0064
1999,4,2,4,892,9.7461
1999,4,2,5,829,8.7626
1999,4,3,1,542,12.7269
1999,4,3,2,799,10.3757
1999,4,3,3,728,10.7221
1999,4,3,4,747,7.8473
1999,4,3,5,783,6.2743
1999,5,1,1,2186,1.9855
1999,5,1,2,2213,2.3484
1999,5,1,3,2332,3.2610
1999,5,1,4,2342,4.3777
1999,5,1,5,2281,3.2933
1999,5,2,1,761,2.9590
1999,5,2,2,825,3.7615
1999,5,2,3,891,2.1233
1999,5,2,4,841,3.6395
1999,5,2,5,838,3.2083
1999,5,3,1,728,-2.0522
1999,5,3,2,756,-2.3427
1999,5,3,3,825,-2.1517
1999,5,3,4,739,-3.3789
1999,5,3,5,777,-3.2676
1999,6,1,1,2509,2.2780
1999,6,1,2,2376,3.4057
1999,6,1,3,2243,3.2559
1999,6,1,4,2312,2.7495
1999,6,1,5,2433,3.9866
1999,6,2,1,888,3.7818
1999,6,2,2,886,5.8463
1999,6,2,3,858,4.5115
1999,6,2,4,862,5.8405
1999,6,2,5,907,6.6746
1999,6,3,1,821,3.5943
1999,6,3,2,825,3.0189
1999,6,3,3,787,3.2312
1999,6,3,4,797,5.7089
1999,6,3,5,906,3.0872
1999,7,1,1,2488,-0.0602
1999,7,1,2,2362,-0.2411
1999,7,1,3,2077,-0.1512
1999,7,1,4,2094,0.5939
1999,7,1,5,2572,0.2052
1999,7,2,1,919,-2.0840
1999,7,2,2,898,-2.2383
1999,7,2,3,825,-2.0579
1999,7,2,4,795,-1.8368
1999,7,2,5,1002,-2.3479
1999,7,3,1,835,-4.5411
1999,7,3,2,857,-3.9755
1999,7,3,3,747,-3.0525
1999,7,3,4,755,-4.2815
1999,7,3,5,968,-4.1209
1999,8,1,1,2448,-4.5023
1999,8,1,2,2338,-4.4109
1999,8,1,3,1847,-3.8090
1999,8,1,4,2020,-3.4216
1999,8,1,5,2483,-4.1957
1999,8,2,1,906,-5.1269
1999,8,2,2,936,-4.4570
1999,8,2,3,754,-3.0135
1999,8,2,4,780,-4.2295
1999,8,2,5,927,-3.5030
1999,8,3,1,796,-2.2682
1999,8,3,2,860,-2.4310
1999,8,3,3,693,-3.0501
1999,8,3,4,821,-3.3572
1999,8,3,5,891,-2.2306
1999,9,1,1,2199,-1.8341
1999,9,1,2,1903,-1.5706
1999,9,1,3,1747,-2.1125
1999,9,1,4,1976,-1.5066
1999,9,1,5,2256,-1.0357
1999,9,2,1,870,2.3263
1999,9,2,2,778,0.7090
1999,9,2,3,734,-1.3655
1999,9,2,4,758,0.0401
1999,9,2,5,918,2.6336
1999,9,3,1,777,-5.0640
1999,9,3,2,741,-4.0099
1999,9,3,3,692,-4.1700
1999,9,3,4,790,-3.8134
1999,9,3,5,868,-3.6898
1999,10,1,1,2163,-3.7243
1999,10,1,2,2122,-3.5021
1999,10,1,3,1915,-3.0131
1999,10,1,4,1441,-2.5866
1999,10,1,5,2631,-2.7014
1999,10,2,1,859,-3.8540
1999,10,2,2,819,-3.1968
1999,10,2,3,800,-2.7742
1999,10,2,4,546,-3.0350
1999,10,2,5,1093,-3.0482
1999,10,3,1,762,2.0666
1999,10,3,2,697,0.2956
1999,10,3,3,770,3.2139
1999,10,3,4,577,-0.7329
1999,10,3,5,1028,1.3891
1999,11,1,1,1349,0.8823
1999,11,1,2,2165,5.6078
1999,11,1,3,1940,5.6710
1999,11,1,4,2302,6.9617
1999,11,1,5,2542,7.7277
1999,11,2,1,575,2.5204
1999,11,2,2,833,5.6038
1999,11,2,3,809,4.6591
1999,11,2,4,948,4.8750
1999,11,2,5,1076,6.1795
1999,11,3,1,529,-0.2180
1999,11,3,2,697,0.6530
1999,11,3,3,769,-0.4396
1999,11,3,4,977,2.2116
1999,11,3,5,1020,1.6589
1999,12,1,1,1006,2.8022
1999,12,1,2,2144,4.5887
1999,12,1,3,1997,5.8930
1999,12,1,4,2308,6.9482
1999,12,1,5,2356,12.2659
1999,12,2,1,434,1.6533
1999,12,2,2,797,4.2284
1999,12,2,3,823,5.8511
1999,12,2,4,972,5.4475
1999,12,2,5,1099,10.5143
1999,12,3,1,441,3.5006
1999,12,3,2,692,3.8942
1999,12,3,3,791,3.7334
1999,12,3,4,990,6.2047
1999,12,3,5,1019,10.0299
2000,1,1,1,1219,4.4069
2000,1,1,2,1975,6.2946
2000,1,1,3,1881,4.8448
2000,1,1,4,2299,7.3370
2000,1,1,5,2188,7.8950
2000,1,2,1,529,-2.3792
2000,1,2,2,779,-3.4221
2000,1,2,3,807,-3.7249
2000,1,2,4,987,-0.9094
2000,1,2,5,1071,-1.1746
2000,1,3,1,497,-4.1910
2000,1,3,2,709,-4.3628
2000,1,3,3,785,-6.4125
2000,1,3,4,1019,-3.2016
2000,1,3,5,1038,-2.2395
2000,2,1,1,1529,7.7354
2000,2,1,2,1890,10.5101
2000,2,1,3,1958,10.3727
2000,2,1,4,2297,11.3601
2000,2,1,5,2170,21.1977
2000,2,2,1,707,1.7727
2000,2,2,2,789,4.5631
2000,2,2,3,815,4.3026
2000,2,2,4,1014,7.9244
2000,2,2,5,1131,17.5629
2000,2,3,1,634,-6.3861
2000,2,3,2,822,-4.2441
2000,2,3,3,851,-4.2184
2000,2,3,4,1025,-2.1371
2000,2,3,5,1061,2.7518
2000,3,1,1,1433,0.6210
2000,3,1,2,1446,-0.5113
2000,3,1,3,1891,-1.7942
2000,3,1,4,2094,-0.6749
2000,3,1,5,2205,-2.1010
2000,3,2,1,647,2.3070
2000,3,2,2,661,2.6075
2000,3,2,3,868,2.0575
2000,3,2,4,984,0.3085
2000,3,2,5,1210,-4.9086
2000,3,3,1,585,10.1308
2000,3,3,2,713,8.6817
2000,3,3,3,923,8.9158
2000,3,3,4,967,9.9158
2000,3,3,5,1157,3.8264
2000,4,1,1,1762,-7.4482
2000,4,1,2,1474,-8.3097
2000,4,1,3,1569,-7.8611
2000,4,1,4,1986,-10.1675
2000,4,1,5,2270,-12.6088
2000,4,2,1,919,-1.8328
2000,4,2,2,715,-1.2002
2000,4,2,3,796,-2.2056
2000,4,2,4,970,-5.1308
2000,4,2,5,1231,-8.8318
2000,4,3,1,875,0.7972
2000,4,3,2,821,1.0200
2000,4,3,3,776,1.7476
2000,4,3,4,962,-0.5616
2000,4,3,5,1185,-2.6613
2000,5,1,1,1746,-7.8779
2000,5,1,2,1598,-5.0011
2000,5,1,3,1698,-6.2683
2000,5,1,4,1702,-4.6611
2000,5,1,5,2188,-8.1709
2000,5,2,1,1024,-2.4807
2000,5,2,2,805,0.0057
2000,5,2,3,809,-4.9912
2000,5,2,4,777,-1.6814
2000,5,2,5,1197,-3.0103
2000,5,3,1,990,-1.6516
2000,5,3,2,850,-0.8109
2000,5,3,3,713,-3.6691
2000,5,3,4,804,0.8582
2000,5,3,5,1096,-5.3527
2000,6,1,1,2044,5.7596
2000,6,1,2,1931,5.8617
2000,6,1,3,1596,5.7741
2000,6,1,4,1742,4.6494
2000,6,1,5,2329,8.3403
2000,6,2,1,1152,10.3892
2000,6,2,2,952,3.7888
2000,6,2,3,763,5.0767
2000,6,2,4,747,5.2101
2000,6,2,5,1202,10.4553
2000,6,3,1,1047,2.8941
2000,6,3,2,944,-1.5634
2000,6,3,3,709,-1.1697
2000,6,3,4,730,-2.1264
2000,6,3,5,1186,3.4173
2000,7,1,1,1950,-2.0383
2000,7,1,2,1981,-0.4355
2000,7,1,3,1477,1.3247
2000,7,1,4,1542,-3.8375
2000,7,1,5,2372,-0.6286
2000,7,2,1,1102,-3.1980
2000,7,2,2,967,-0.1667
2000,7,2,3,718,-0.9551
2000,7,2,4,691,-1.9573
2000,7,2,5,1260,-1.1943
2000,7,3,1,1056,-2.3363
2000,7,3,2,968,1.4794
2000,7,3,3,666,0.0948
2000,7,3,4,700,-0.7119
2000,7,3,5,1213,-0.1939
2000,8,1,1,1817,2.5772
2000,8,1,2,1831,3.6348
2000,8,1,3,1556,3.4026
2000,8,1,4,1553,1.7575
2000,8,1,5,2175,6.8287
2000,8,2,1,1050,5.7399
2000,8,2,2,880,6.1318
2000,8,2,3,740,5.4742
2000,8,2,4,724,5.8179
2000,8,2,5,1173,7.7435
2000,8,3,1,972,7.2378
2000,8,3,2,809,6.8046
2000,8,3,3,730,4.1028
2000,8,3,4,752,5.9111
2000,8,3,5,1140,7.9385
2000,9,1,1,2031,-8.5274
2000,9,1,2,1980,-2.6606
2000,9,1,3,1792,-1.9346
2000,9,1,4,1512,-3.0400
2000,9,1,5,2037,-1.3767
2000,9,2,1,1135,-4.2845
2000,9,2,2,960,-3.3606
2000,9,2,3,780,-2.9663
2000,9,2,4,690,-2.6176
2000,9,2,5,1039,-0.9718
2000,9,3,1,1076,-4.4229
2000,9,3,2,883,-3.5999
2000,9,3,3,741,-2.0998
2000,9,3,4,781,-2.6271
2000,9,3,5,1009,-0.4767
2000,10,1,1,2013,-5.9126
2000,10,1,2,2229,-7.0400
2000,10,1,3,1756,-6.6042
2000,10,1,4,1653,-8.1120
2000,10,1,5,1735,-8.3848
2000,10,2,1,1119,-5.9659
2000,10,2,2,1114,-4.1022
2000,10,2,3,758,-1.9893
2000,10,2,4,719,-3.7271
2000,10,2,5,941,-1.7369
2000,10,3,1,1026,-2.1764
2000,10,3,2,1002,0.0098
2000,10,3,3,663,1.9397
2000,10,3,4,825,1.1963
2000,10,3,5,915,2.3736
2000,11,1,1,1853,-11.1370
2000,11,1,2,2224,-8.9022
2000,11,1,3,1596,-9.7586
2000,11,1,4,1811,-8.3497
2000,11,1,5,1607,-8.4745
2000,11,2,1,1025,-10.6604
2000,11,2,2,1115,-6.4654
2000,11,2,3,704,-5.8790
2000,11,2,4,831,-5.4389
2000,11,2,5,884,-5.9298
2000,11,3,1,927,-7.2436
2000,11,3,2,1027,-4.3315
2000,11,3,3,594,-3.0754
2000,11,3,4,918,-1.9464
2000,11,3,5,874,-1.8211
2000,12,1,1,1875,-3.4811
2000,12,1,2,2276,-3.2543
2000,12,1,3,1579,-2.5376
2000,12,1,4,1807,-1.0151
2000,12,1,5,1527,0.0073
2000,12,2,1,1053,6.0451
2000,12,2,2,1120,6.4676
2000,12,2,3,715,7.0877
2000,12,2,4,847,7.9505
2000,12,2,5,862,9.9667
2000,12,3,1,894,3.9361
2000,12,3,2,1005,6.4772
2000,12,3,3,597,5.8953
2000,12,3,4,942,7.2543
2000,12,3,5,866,4.0047
2001,1,1,1,1741,25.0858
2001,1,1,2,2006,18.8812
2001,1,1,3,1688,20.2252
2001,1,1,4,1690,16.1633
2001,1,1,5,1374,16.3194
2001,1,2,1,987,15.0243
2001,1,2,2,1023,8.5063
2001,1,2,3,805,8.0401
2001,1,2,4,823,8.0481
2001,1,2,5,744,6.9884
2001,1,3,1,785,7.3978
2001,1,3,2,904,3.6112
2001,1,3,3,661,1.3720
2001,1,3,4,841,-0.7744
2001,1,3,5,676,-1.4805
2001,2,1,1,1786,-8.0665
2001,2,1,2,1922,-2.7042
2001,2,1,3,1672,-3.8624
2001,2,1,4,1622,-3.1672
2001,2,1,5,2035,-3.8330
2001,2,2,1,991,-9.8747
2001,2,2,2,933,-2.6080
2001,2,2,3,811,-2.5182
2001,2,2,4,811,-3.1705
2001,2,2,5,1073,-4.4803
2001,2,3,1,859,-10.6276
2001,2,3,2,765,-2.7073
2001,2,3,3,658,-1.6052
2001,2,3,4,805,-3.3451
2001,2,3,5,967,-3.7696
2001,3,1,1,1639,-6.6014
2001,3,1,2,1904,-5.2491
2001,3,1,3,1591,-2.9278
2001,3,1,4,1527,-2.4911
2001,3,1,5,1978,-3.5186
2001,3,2,1,921,-5.7814
2001,3,2,2,900,-3.5578
2001,3,2,3,779,-4.7728
2001,3,2,4,721,-2.2176
2001,3,2,5,909,-2.7334
2001,3,3,1,749,-9.6165
2001,3,3,2,748,-6.4139
2001,3,3,3,621,-4.2155
2001,3,3,4,665,-4.4212
2001,3,3,5,870,-5.8584
2001,4,1,1,1838,6.5474
2001,4,1,2,1658,7.2479
2001,4,1,3,1643,6.3879
2001,4,1,4,1410,4.1858
2001,4,1,5,1885,7.0195
2001,4,2,1,957,9.7253
2001,4,2,2,735,8.2613
2001,4,2,3,788,7.1706
2001,4,2,4,697,5.8798
2001,4,2,5,815,7.5576
2001,4,3,1,739,12.1009
2001,4,3,2,625,8.3666
2001,4,3,3,627,5.9440
2001,4,3,4,638,5.4685
2001,4,3,5,804,6.3785
2001,5,1,1,2017,9.1186
2001,5,1,2,1556,11.0182
2001,5,1,3,1630,8.5364
2001,5,1,4,1863,11.0600
2001,5,1,5,1909,8.4559
2001,5,2,1,957,4.1540
2001,5,2,2,684,5.1790
2001,5,2,3,736,4.2491
2001,5,2,4,825,4.4039
2001,5,2,5,841,4.1691
2001,5,3,1,743,0.8537
2001,5,3,2,527,3.4677
2001,5,3,3,675,1.9740
2001,5,3,4,720,2.5260
2001,5,3,5,767,2.1113
2001,6,1,1,2149,0.4475
2001,6,1,2,1998,1.3737
2001,6,1,3,1636,0.9227
2001,6,1,4,1692,-1.4562
2001,6,1,5,2102,1.1830
2001,6,2,1,997,4.0752
2001,6,2,2,822,2.0097
2001,6,2,3,721,4.2620
2001,6,2,4,723,0.9210
2001,6,2,5,931,4.3938
2001,6,3,1,781,-2.6741
2001,6,3,2,681,-2.2517
2001,6,3,3,683,-1.1146
2001,6,3,4,639,-2.4676
2001,6,3,5,801,-1.6026
2001,7,1,1,2091,-3.4353
2001,7,1,2,2049,-0.1108
2001,7,1,3,1675,-0.9415
2001,7,1,4,1678,-1.3914
2001,7,1,5,1926,-2.9132
2001,7,2,1,969,-5.3939
2001,7,2,2,890,-3.8181
2001,7,2,3,753,-3.8732
2001,7,2,4,703,-2.4531
2001,7,2,5,891,-4.1256
2001,7,3,1,788,-1.6406
2001,7,3,2,749,1.0432
2001,7,3,3,679,1.5282
2001,7,3,4,570,0.6681
2001,7,3,5,769,-0.9536
2001,8,1,1,1920,-4.7523
2001,8,1,2,1960,-1.2090
2001,8,1,3,1696,-3.2223
2001,8,1,4,1700,-2.6255
2001,8,1,5,1801,-2.1733
2001,8,2,1,858,-3.8230
2001,8,2,2,874,-1.0201
2001,8,2,3,790,-1.5316
2001,8,2,4,737,-0.8068
2001,8,2,5,743,-2.7994
2001,8,3,1,685,-5.0945
2001,8,3,2,749,-2.2895
2001,8,3,3,714,-2.8938
2001,8,3,4,604,-1.9833
2001,8,3,5,653,-1.7434
2001,9,1,1,2007,-13.3476
2001,9,1,2,1903,-12.7396
2001,9,1,3,1790,-13.2590
2001,9,1,4,1675,-10.4433
2001,9,1,5,1835,-10.5675
2001,9,2,1,901,-18.1267
2001,9,2,2,837,-15.8863
2001,9,2,3,837,-16.0421
2001,9,2,4,746,-15.4677
2001,9,2,5,765,-15.9537
2001,9,3,1,746,-13.6115
2001,9,3,2,730,-8.9593
2001,9,3,3,747,-8.1928
2001,9,3,4,642,-7.8489
2001,9,3,5,695,-7.6179
2001,10,1,1,1787,7.4608
2001,10,1,2,2012,4.4746
2001,10,1,3,1788,5.5009
2001,10,1,4,1518,4.3314
2001,10,1,5,1891,5.3529
2001,10,2,1,786,8.8601
2001,10,2,2,904,7.5848
2001,10,2,3,851,4.7460
2001,10,2,4,668,5.7093
2001,10,2,5,771,7.8025
2001,10,3,1,682,7.3302
2001,10,3,2,748,5.0530
2001,10,3,3,749,2.0470
2001,10,3,4,588,2.1668
2001,10,3,5,628,3.5621
2001,11,1,1,1711,6.1378
2001,11,1,2,1972,4.4383
2001,11,1,3,1685,6.2096
2001,11,1,4,1393,4.3255
2001,11,1,5,1931,3.8255
2001,11,2,1,784,11.1949
2001,11,2,2,862,6.3461
2001,11,2,3,829,8.8642
2001,11,2,4,642,6.7887
2001,11,2,5,779,8.3067
2001,11,3,1,657,10.3021
2001,11,3,2,708,5.2827
2001,11,3,3,722,7.9048
2001,11,3,4,546,4.6774
2001,11,3,5,616,4.1513
2001,12,1,1,1691,6.3636
2001,12,1,2,1940,6.2419
2001,12,1,3,1836,6.9068
2001,12,1,4,1796,6.1165
2001,12,1,5,1771,5.8222
2001,12,2,1,754,5.5698
2001,12,2,2,849,6.6636
2001,12,2,3,890,6.8750
2001,12,2,4,763,5.9378
2001,12,2,5,757,6.9722
2001,12,3,1,649,2.9446
2001,12,3,2,702,3.5905
2001,12,3,3,769,2.9758
2001,12,3,4,633,4.3290
2001,12,3,5,602,3.3179
2002,1,1,1,1852,2.3985
2002,1,1,2,1910,2.5285
2002,1,1,3,2107,1.4535
2002,1,1,4,1973,1.5763
2002,1,1,5,1708,3.5185
2002,1,2,1,838,-1.7672
2002,1,2,2,812,-1.0933
2002,1,2,3,959,-0.7516
2002,1,2,4,858,-0.4539
2002,1,2,5,687,-0.2213
2002,1,3,1,723,1.6042
2002,1,3,2,682,1.1818
2002,1,3,3,803,0.1168
2002,1,3,4,710,1.3094
2002,1,3,5,566,1.7248
2002,2,1,1,1808,-2.8031
2002,2,1,2,1927,-1.4846
2002,2,1,3,1829,-2.9390
2002,2,1,4,1943,-1.1407
2002,2,1,5,1703,-0.2048
2002,2,2,1,838,-2.4693
2002,2,2,2,799,-1.1685
2002,2,2,3,855,0.4225
2002,2,2,4,848,0.0793
2002,2,2,5,694,-2.3085
2002,2,3,1,717,0.2486
2002,2,3,2,604,2.2067
2002,2,3,3,730,2.1645
2002,2,3,4,701,3.0597
2002,2,3,5,566,1.6634
2002,3,1,1,1851,8.7849
2002,3,1,2,1965,8.6432
2002,3,1,3,1798,10.5546
2002,3,1,4,1787,9.8979
2002,3,1,5,1648,9.7537
2002,3,2,1,814,10.4368
2002,3,2,2,807,8.6828
2002,3,2,3,838,8.4640
2002,3,2,4,806,9.3215
2002,3,2,5,669,11.7599
2002,3,3,1,655,5.9475
2002,3,3,2,700,4.2389
2002,3,3,3,726,3.7713
2002,3,3,4,696,4.0153
2002,3,3,5,557,5.7789
2002,4,1,1,1881,2.4672
2002,4,1,2,1964,2.5956
2002,4,1,3,1715,5.3626
2002,4,1,4,1753,4.8029
2002,4,1,5,1557,1.3341
2002,4,2,1,838,-1.3118
2002,4,2,2,802,1.8329
2002,4,2,3,780,1.5885
2002,4,2,4,747,2.9575
2002,4,2,5,678,0.1104
2002,4,3,1,728,-3.0548
2002,4,3,2,687,-1.0648
2002,4,3,3,677,-2.5872
2002,4,3,4,594,-0.7783
2002,4,3,5,573,-1.3112
2002,5,1,1,1916,-2.6647
2002,5,1,2,1943,-2.6662
2002,5,1,3,1486,-1.7019
2002,5,1,4,1756,-2.6606
2002,5,1,5,1168,0.3865
2002,5,2,1,849,-5.1182
2002,5,2,2,815,-5.0036
2002,5,2,3,662,-3.9855
2002,5,2,4,739,-5.3359
2002,5,2,5,548,-5.7512
2002,5,3,1,720,0.7891
2002,5,3,2,693,0.1763
2002,5,3,3,572,1.0473
2002,5,3,4,598,0.3304
2002,5,3,5,508,1.1316
2002,6,1,1,1935,-4.7550
2002,6,1,2,1913,-3.6424
2002,6,1,3,1570,-0.7580
2002,6,1,4,1395,-0.8229
2002,6,1,5,1108,-1.0627
2002,6,2,1,864,-6.7556
2002,6,2,2,786,-2.6233
2002,6,2,3,663,-2.3054
2002,6,2,4,608,-2.4099
2002,6,2,5,461,-2.6264
2002,6,3,1,714,-8.8344
2002,6,3,2,652,-4.1224
2002,6,3,3,609,-5.0028
2002,6,3,4,545,-4.6133
2002,6,3,5,440,-6.4484
2002,7,1,1,1999,-15.4326
2002,7,1,2,1822,-13.5801
2002,7,1,3,1562,-13.3311
2002,7,1,4,1061,-13.5200
2002,7,1,5,1088,-12.7042
2002,7,2,1,851,-16.8254
2002,7,2,2,772,-16.1948
2002,7,2,3,604,-16.7320
2002,7,2,4,448,-15.5810
2002,7,2,5,465,-17.3397
2002,7,3,1,682,-8.7601
2002,7,3,2,638,-8.4345
2002,7,3,3,554,-8.4883
2002,7,3,4,430,-9.6117
2002,7,3,5,469,-9.8530
2002,8,1,1,2005,0.9629
2002,8,1,2,1840,-3.0639
2002,8,1,3,1713,-2.5937
2002,8,1,4,973,0.4658
2002,8,1,5,1433,2.3310
2002,8,2,1,818,0.4967
2002,8,2,2,768,0.3292
2002,8,2,3,641,1.4100
2002,8,2,4,382,-0.3088
2002,8,2,5,553,0.2337
2002,8,3,1,653,0.9037
2002,8,3,2,651,0.1431
2002,8,3,3,590,-0.1253
2002,8,3,4,395,1.1361
2002,8,3,5,563,3.1165
2002,9,1,1,1924,-10.9855
2002,9,1,2,1835,-7.3757
2002,9,1,3,2124,-8.3260
2002,9,1,4,1516,-7.8140
2002,9,1,5,1524,-9.1501
2002,9,2,1,761,-9.1347
2002,9,2,2,743,-7.6482
2002,9,2,3,771,-8.1382
2002,9,2,4,527,-6.7854
2002,9,2,5,586,-6.8963
2002,9,3,1,639,-10.2919
2002,9,3,2,670,-8.1310
2002,9,3,3,698,-8.5352
2002,9,3,4,557,-7.3316
2002,9,3,5,582,-6.8441
2002,10,1,1,1792,1.8784
2002,10,1,2,1557,1.6022
2002,10,1,3,2297,2.0721
2002,10,1,4,1436,2.4835
2002,10,1,5,1008,-1.6588
2002,10,2,1,680,3.8833
2002,10,2,2,643,2.3809
2002,10,2,3,830,3.0948
2002,10,2,4,507,0.3798
2002,10,2,5,363,0.0760
2002,10,3,1,550,7.7174
2002,10,3,2,615,3.4561
2002,10,3,3,752,5.6459
2002,10,3,4,529,3.5659
2002,10,3,5,355,0.8083
2002,11,1,1,1807,11.9183
2002,11,1,2,1574,8.2598
2002,11,1,3,2217,10.3206
2002,11,1,4,1680,8.2987
2002,11,1,5,1939,9.2568
2002,11,2,1,662,10.0162
2002,11,2,2,636,6.1635
2002,11,2,3,803,8.1434
2002,11,2,4,577,6.9570
2002,11,2,5,629,8.1017
2002,11,3,1,553,7.9299
2002,11,3,2,612,7.5602
2002,11,3,3,696,5.9278
2002,11,3,4,588,4.9138
2002,11,3,5,557,2.6490
2002,12,1,1,1757,-4.1163
2002,12,1,2,1429,-3.3899
2002,12,1,3,2202,-4.5137
2002,12,1,4,1688,-3.1899
2002,12,1,5,2014,-4.1584
2002,12,2,1,588,-4.2512
2002,12,2,2,596,-3.2127
2002,12,2,3,811,-4.4653
2002,12,2,4,595,-4.8280
2002,12,2,5,671,-3.8428
2002,12,3,1,537,-2.3317
2002,12,3,2,585,-3.3844
2002,12,3,3,713,-3.8606
2002,12,3,4,599,-3.5148
2002,12,3,5,608,-2.2554
2003,1,1,1,1484,-2.0913
2003,1,1,2,1461,-2.6666
2003,1,1,3,2132,-1.8423
2003,1,1,4,1662,-2.5915
2003,1,1,5,1957,-1.0091
2003,1,2,1,521,-4.4868
2003,1,2,2,590,-4.9596
2003,1,2,3,750,-3.9670
2003,1,2,4,597,-3.9629
2003,1,2,5,660,-3.0950
2003,1,3,1,500,-4.0575
2003,1,3,2,585,-3.9905
2003,1,3,3,669,-3.6741
2003,1,3,4,587,-4.1000
2003,1,3,5,656,-3.7363
2003,2,1,1,1452,-3.2158
2003,2,1,2,1395,-4.1168
2003,2,1,3,1628,-3.3801
2003,2,1,4,1767,-5.0477
2003,2,1,5,1747,-3.6358
2003,2,2,1,522,-4.3529
2003,2,2,2,550,-4.1579
2003,2,2,3,647,-2.8095
2003,2,2,4,668,-3.7995
2003,2,2,5,610,-2.9929
2003,2,3,1,515,-1.7809
2003,2,3,2,546,-1.8596
2003,2,3,3,634,-1.7892
2003,2,3,4,638,-2.6154
2003,2,3,5,600,-1.0204
2003,3,1,1,1537,-1.7919
2003,3,1,2,1460,0.3019
2003,3,1,3,1524,1.4014
2003,3,1,4,1832,1.8071
2003,3,1,5,1618,-1.2536
2003,3,2,1,560,-3.1629
2003,3,2,2,586,1.4823
2003,3,2,3,631,-0.0945
2003,3,2,4,692,0.4136
2003,3,2,5,584,-0.2234
2003,3,3,1,534,-1.9125
2003,3,3,2,594,1.3701
2003,3,3,3,603,0.7625
2003,3,3,4,624,0.2657
2003,3,3,5,589,-1.3224
2003,4,1,1,1462,8.4707
2003,4,1,2,1483,8.1030
2003,4,1,3,1524,6.9313
2003,4,1,4,1761,8.2295
2003,4,1,5,1913,9.5338
2003,4,2,1,531,9.7501
2003,4,2,2,605,11.1455
2003,4,2,3,609,10.0912
2003,4,2,4,689,11.2755
2003,4,2,5,701,9.0037
2003,4,3,1,521,7.7043
2003,4,3,2,609,7.9006
2003,4,3,3,547,5.8383
2003,4,3,4,671,6.6192
2003,4,3,5,712,7.5527
2003,5,1,1,1485,21.9009
2003,5,1,2,1557,10.5636
2003,5,1,3,1615,9.8850
2003,5,1,4,1749,14.1931
2003,5,1,5,1412,17.0294
2003,5,2,1,538,13.9730
2003,5,2,2,645,9.5296
2003,5,2,3,650,9.5663
2003,5,2,4,679,11.0967
2003,5,2,5,564,14.5956
2003,5,3,1,498,8.5477
2003,5,3,2,620,6.2621
2003,5,3,3,583,5.7744
2003,5,3,4,652,7.0054
2003,5,3,5,620,8.0257
2003,6,1,1,1632,4.4202
2003,6,1,2,1740,5.9958
2003,6,1,3,1551,3.9175
2003,6,1,4,1737,5.2587
2003,6,1,5,1405,7.4637
2003,6,2,1,616,2.5734
2003,6,2,2,706,1.8880
2003,6,2,3,626,2.4744
2003,6,2,4,671,2.5757
2003,6,2,5,556,1.4542
2003,6,3,1,568,2.6797
2003,6,3,2,640,0.9223
2003,6,3,3,561,1.3145
2003,6,3,4,657,1.1380
2003,6,3,5,620,2.2626
2003,7,1,1,1195,7.0454
2003,7,1,2,1783,7.9856
2003,7,1,3,1566,7.6743
2003,7,1,4,1805,8.2540
2003,7,1,5,1269,8.8056
2003,7,2,1,474,7.2741
2003,7,2,2,737,3.9500
2003,7,2,3,631,5.0901
2003,7,2,4,717,5.4814
2003,7,2,5,510,5.6658
2003,7,3,1,494,2.1385
2003,7,3,2,692,3.7442
2003,7,3,3,571,1.0058
2003,7,3,4,674,2.9341
2003,7,3,5,501,3.1830
2003,8,1,1,1216,6.7699
2003,8,1,2,1687,5.7743
2003,8,1,3,1649,3.9391
2003,8,1,4,1580,6.3190
2003,8,1,5,1254,7.2008
2003,8,2,1,508,3.6740
2003,8,2,2,695,5.2643
2003,8,2,3,666,4.7423
2003,8,2,4,619,5.5747
2003,8,2,5,499,7.0226
2003,8,3,1,560,4.2471
2003,8,3,2,645,3.3993
2003,8,3,3,613,3.1141
2003,8,3,4,603,4.1120
2003,8,3,5,469,4.8202
2003,9,1,1,1289,-0.5876
2003,9,1,2,1680,1.3430
2003,9,1,3,1464,2.6867
2003,9,1,4,1354,1.5468
2003,9,1,5,1157,0.9565
2003,9,2,1,531,-0.9779
2003,9,2,2,674,-2.2541
2003,9,2,3,604,-2.0529
2003,9,2,4,553,-3.2333
2003,9,2,5,463,-3.9672
2003,9,3,1,603,-1.5228
2003,9,3,2,638,-1.5578
2003,9,3,3,564,-1.9564
2003,9,3,4,560,-2.2088
2003,9,3,5,467,-2.4532
2003,10,1,1,1312,9.4557
2003,10,1,2,1664,8.8170
2003,10,1,3,1517,9.0035
2003,10,1,4,1500,11.1243
2003,10,1,5,1373,10.6698
2003,10,2,1,543,7.4335
2003,10,2,2,682,7.9739
2003,10,2,3,628,6.7866
2003,10,2,4,615,9.5089
2003,10,2,5,553,8.9069
2003,10,3,1,613,6.3785
2003,10,3,2,636,6.3413
2003,10,3,3,605,7.3751
2003,10,3,4,636,8.2548
2003,10,3,5,590,9.1085
2003,11,1,1,1564,4.9416
2003,11,1,2,1684,5.6379
2003,11,1,3,1519,4.3457
2003,11,1,4,1311,7.6733
2003,11,1,5,1368,13.3913
2003,11,2,1,658,2.9173
2003,11,2,2,681,3.3370
2003,11,2,3,634,3.3712
2003,11,2,4,565,5.3648
2003,11,2,5,525,6.7553
2003,11,3,1,666,1.2464
2003,11,3,2,651,2.2237
2003,11,3,3,622,2.0873
2003,11,3,4,584,3.1035
2003,11,3,5,563,3.8252
2003,12,1,1,1549,5.5800
2003,12,1,2,1652,5.7569
2003,12,1,3,1275,6.1434
2003,12,1,4,1399,6.3247
2003,12,1,5,1416,5.2386
2003,12,2,1,652,4.9200
2003,12,2,2,678,3.7609
2003,12,2,3,549,6.4325
2003,12,2,4,589,4.3241
2003,12,2,5,551,5.5691
2003,12,3,1,665,5.9290
2003,12,3,2,646,5.1958
2003,12,3,3,564,5.7568
2003,12,3,4,562,4.9955
2003,12,3,5,561,3.4937
2004,1,1,1,1519,7.0897
2004,1,1,2,1631,6.2111
2004,1,1,3,1430,4.9246
2004,1,1,4,1474,6.3465
2004,1,1,5,1337,5.8354
2004,1,2,1,661,1.5134
2004,1,2,2,669,1.8642
2004,1,2,3,599,2.6218
2004,1,2,4,619,2.4135
2004,1,2,5,552,1.7132
2004,1,3,1,663,0.1814
2004,1,3,2,640,0.8595
2004,1,3,3,550,0.4340
2004,1,3,4,659,0.4255
2004,1,3,5,575,-1.3336
2004,2,1,1,1566,2.2036
2004,2,1,2,1847,5.1006
2004,2,1,3,1346,2.9141
2004,2,1,4,1743,4.0452
2004,2,1,5,1519,6.9887
2004,2,2,1,680,1.9410
2004,2,2,2,761,1.5369
2004,2,2,3,565,0.5139
2004,2,2,4,734,1.3871
2004,2,2,5,623,1.9387
2004,2,3,1,699,2.8719
2004,2,3,2,749,2.6056
2004,2,3,3,482,2.8819
2004,2,3,4,712,1.6455
2004,2,3,5,634,2.3985
2004,3,1,1,1517,2.0000
2004,3,1,2,1854,0.2308
2004,3,1,3,1572,0.7870
2004,3,1,4,1733,-0.5946
2004,3,1,5,1523,1.4153
2004,3,2,1,673,0.9721
2004,3,2,2,788,0.9332
2004,3,2,3,647,0.2649
2004,3,2,4,719,0.3708
2004,3,2,5,623,0.6142
2004,3,3,1,667,-0.3778
2004,3,3,2,751,-0.1626
2004,3,3,3,578,-0.0082
2004,3,3,4,706,-0.1702
2004,3,3,5,628,-0.0893
2004,4,1,1,1451,-4.6061
2004,4,1,2,1893,-3.5849
2004,4,1,3,1686,-3.1233
2004,4,1,4,1886,-4.2401
2004,4,1,5,1280,-4.7362
2004,4,2,1,645,-3.8896
2004,4,2,2,793,-2.7027
2004,4,2,3,699,-2.2551
2004,4,2,4,770,-3.3538
2004,4,2,5,517,-5.2953
2004,4,3,1,630,-1.7427
2004,4,3,2,763,-0.4665
2004,4,3,3,642,-0.0775
2004,4,3,4,760,-1.0708
2004,4,3,5,508,-3.0112
2004,5,1,1,1370,0.0223
2004,5,1,2,1910,-0.8161
2004,5,1,3,1661,0.6757
2004,5,1,4,1716,0.4974
2004,5,1,5,1196,1.4784
2004,5,2,1,571,1.9136
2004,5,2,2,794,0.9699
2004,5,2,3,692,0.8488
2004,5,2,4,692,1.2421
2004,5,2,5,480,1.1654
2004,5,3,1,571,2.1888
2004,5,3,2,761,1.1337
2004,5,3,3,628,0.9312
2004,5,3,4,654,0.7876
2004,5,3,5,465,1.4036
2004,6,1,1,1387,6.9890
2004,6,1,2,1707,5.4178
2004,6,1,3,1758,4.7154
2004,6,1,4,1644,6.0492
2004,6,1,5,1305,5.1223
2004,6,2,1,565,4.8968
2004,6,2,2,705,6.2373
2004,6,2,3,721,4.4515
2004,6,2,4,690,4.1792
2004,6,2,5,494,7.2345
2004,6,3,1,569,2.5696
2004,6,3,2,643,3.0227
2004,6,3,3,670,2.2449
2004,6,3,4,643,3.3366
2004,6,3,5,499,3.8169
2004,7,1,1,1418,-6.5135
2004,7,1,2,1626,-6.0730
2004,7,1,3,1713,-5.5082
2004,7,1,4,1577,-4.6630
2004,7,1,5,1355,-4.9295
2004,7,2,1,568,-6.6067
2004,7,2,2,690,-6.2599
2004,7,2,3,665,-5.9353
2004,7,2,4,671,-5.3662
2004,7,2,5,509,-7.0406
2004,7,3,1,583,-3.3737
2004,7,3,2,678,-3.5429
2004,7,3,3,662,-4.8283
2004,7,3,4,641,-4.3798
2004,7,3,5,518,-4.5521
2004,8,1,1,1457,0.2109
2004,8,1,2,1650,-2.8991
2004,8,1,3,1734,-1.3013
2004,8,1,4,1444,-1.0466
2004,8,1,5,1318,0.5955
2004,8,2,1,569,-1.3114
2004,8,2,2,696,-2.2433
2004,8,2,3,644,-0.7602
2004,8,2,4,590,-1.2196
2004,8,2,5,497,-1.6247
2004,8,3,1,572,-0.5058
2004,8,3,2,672,0.1190
2004,8,3,3,661,0.6982
2004,8,3,4,631,0.4831
2004,8,3,5,573,0.1519
2004,9,1,1,1629,3.3376
2004,9,1,2,1507,4.5812
2004,9,1,3,1744,4.0196
2004,9,1,4,1673,3.8823
2004,9,1,5,1246,2.3858
2004,9,2,1,574,5.6941
2004,9,2,2,616,5.6528
2004,9,2,3,636,5.0890
2004,9,2,4,635,6.3843
2004,9,2,5,448,9.2270
2004,9,3,1,597,1.4673
2004,9,3,2,612,3.1909
2004,9,3,3,667,1.0844
2004,9,3,4,673,2.3816
2004,9,3,5,516,3.1708
2004,10,1,1,1658,0.7639
2004,10,1,2,1517,1.2363
2004,10,1,3,1756,1.2671
2004,10,1,4,1690,1.0021
2004,10,1,5,1117,-1.0877
2004,10,2,1,576,1.3164
2004,10,2,2,592,0.9407
2004,10,2,3,618,2.0288
2004,10,2,4,616,0.4390
2004,10,2,5,414,-0.7179
2004,10,3,1,606,2.2237
2004,10,3,2,605,1.7267
2004,10,3,3,663,2.1852
2004,10,3,4,604,1.4211
2004,10,3,5,475,0.9478
2004,11,1,1,1724,9.1557
2004,11,1,2,1468,11.0210
2004,11,1,3,1536,9.9577
2004,11,1,4,1591,8.6185
2004,11,1,5,1262,11.3052
2004,11,2,1,558,8.1930
2004,11,2,2,573,10.4821
2004,11,2,3,537,9.8352
2004,11,2,4,593,10.4594
2004,11,2,5,447,10.3588
2004,11,3,1,559,5.7040
2004,11,3,2,600,5.1982
2004,11,3,3,599,5.0582
2004,11,3,4,616,5.4476
2004,11,3,5,476,7.8338
2004,12,1,1,1647,4.4255
2004,12,1,2,1639,5.3665
2004,12,1,3,1799,4.6534
2004,12,1,4,1688,5.7995
2004,12,1,5,1242,3.0558
2004,12,2,1,539,3.3181
2004,12,2,2,585,3.4625
2004,12,2,3,616,3.8446
2004,12,2,4,606,3.3908
2004,12,2,5,450,2.7702
2004,12,3,1,524,3.0375
2004,12,3,2,593,2.9565
2004,12,3,3,612,3.6237
2004,12,3,4,641,2.8660
2004,12,3,5,475,1.4928
2005,1,1,1,1681,-2.8933
2005,1,1,2,1728,-2.9799
2005,1,1,3,1801,-3.1826
2005,1,1,4,1714,-3.5967
2005,1,1,5,1603,-2.4772
2005,1,2,1,554,-4.6943
2005,1,2,2,630,-4.2221
2005,1,2,3,623,-4.3932
2005,1,2,4,565,-4.2254
2005,1,2,5,538,-3.8871
2005,1,3,1,537,-2.3225
2005,1,3,2,654,-1.4252
2005,1,3,3,660,-2.0843
2005,1,3,4,609,-3.0196
2005,1,3,5,577,-0.3992
2005,2,1,1,1748,2.0269
2005,2,1,2,1547,2.3978
2005,2,1,3,1623,1.8393
2005,2,1,4,1694,1.2189
2005,2,1,5,1614,5.4413
2005,2,2,1,589,2.7108
2005,2,2,2,558,2.9602
2005,2,2,3,595,2.3617
2005,2,2,4,570,2.3670
2005,2,2,5,550,2.8708
2005,2,3,1,581,2.8769
2005,2,3,2,626,3.0345
2005,2,3,3,622,2.3660
2005,2,3,4,605,2.7895
2005,2,3,5,580,5.0012
2005,3,1,1,1568,-2.6048
2005,3,1,2,1486,-3.9454
2005,3,1,3,1866,-2.1784
2005,3,1,4,1680,-3.4143
2005,3,1,5,1579,-5.9368
2005,3,2,1,536,-3.3607
2005,3,2,2,544,-1.3263
2005,3,2,3,656,-1.5055
2005,3,2,4,568,-1.9553
2005,3,2,5,546,-3.0004
2005,3,3,1,560,-1.4468
2005,3,3,2,604,-1.4081
2005,3,3,3,705,-1.1550
2005,3,3,4,608,-1.2571
2005,3,3,5,565,-2.4675
2005,4,1,1,1591,-6.5659
2005,4,1,2,1795,-8.4817
2005,4,1,3,1580,-7.3534
2005,4,1,4,1374,-7.6206
2005,4,1,5,1477,-7.9750
2005,4,2,1,549,-7.3705
2005,4,2,2,634,-6.7430
2005,4,2,3,545,-6.3718
2005,4,2,4,486,-6.4211
2005,4,2,5,523,-7.0440
2005,4,3,1,574,-3.7253
2005,4,3,2,654,-4.3923
2005,4,3,3,588,-3.3168
2005,4,3,4,556,-3.8205
2005,4,3,5,563,-3.1415
2005,5,1,1,1634,5.3311
2005,5,1,2,1731,6.7833
2005,5,1,3,1615,4.3866
2005,5,1,4,1383,5.4810
2005,5,1,5,1045,6.5470
2005,5,2,1,560,7.0086
2005,5,2,2,608,7.5940
2005,5,2,3,566,7.5725
2005,5,2,4,486,8.5253
2005,5,2,5,393,7.9168
2005,5,3,1,592,3.6175
2005,5,3,2,642,4.9402
2005,5,3,3,604,3.8203
2005,5,3,4,502,4.5139
2005,5,3,5,442,3.6718
2005,6,1,1,1529,3.4776
2005,6,1,2,2049,4.2759
2005,6,1,3,1605,3.7314
2005,6,1,4,1577,3.2960
2005,6,1,5,1372,2.5870
2005,6,2,1,516,2.9636
2005,6,2,2,695,2.7356
2005,6,2,3,554,4.2378
2005,6,2,4,527,1.9232
2005,6,2,5,460,3.2831
2005,6,3,1,594,0.3644
2005,6,3,2,737,0.3353
2005,6,3,3,606,0.0936
2005,6,3,4,529,-0.4249
2005,6,3,5,531,1.4594
2005,7,1,1,1550,6.5498
2005,7,1,2,1970,7.6823
2005,7,1,3,1510,7.4051
2005,7,1,4,1559,8.5277
2005,7,1,5,1266,9.6575
2005,7,2,1,508,5.6520
2005,7,2,2,670,6.0164
2005,7,2,3,524,5.3055
2005,7,2,4,535,5.4950
2005,7,2,5,420,8.5892
2005,7,3,1,610,4.7349
2005,7,3,2,668,5.6847
2005,7,3,3,586,3.9174
2005,7,3,4,527,4.0351
2005,7,3,5,500,4.9748
2005,8,1,1,1199,-1.0454
2005,8,1,2,1964,-1.7173
2005,8,1,3,1550,-1.7754
2005,8,1,4,1583,-2.3670
2005,8,1,5,1282,0.7341
2005,8,2,1,421,-2.3782
2005,8,2,2,675,-1.6766
2005,8,2,3,555,-1.3807
2005,8,2,4,547,-2.5335
2005,8,2,5,434,-0.5345
2005,8,3,1,518,-0.5558
2005,8,3,2,713,-0.3392
2005,8,3,3,599,-1.0379
2005,8,3,4,543,-1.1001
2005,8,3,5,512,0.7343
2005,9,1,1,924,1.6855
2005,9,1,2,1965,-0.2273
2005,9,1,3,1658,-0.5473
2005,9,1,4,1570,-0.3434
2005,9,1,5,1266,2.5519
2005,9,2,1,377,0.9153
2005,9,2,2,673,-0.1106
2005,9,2,3,577,-0.3912
2005,9,2,4,563,-0.3965
2005,9,2,5,415,2.3528
2005,9,3,1,461,1.2544
2005,9,3,2,726,0.2764
2005,9,3,3,569,-0.8283
2005,9,3,4,544,-0.7595
2005,9,3,5,489,2.8196
2005,10,1,1,831,-4.3922
2005,10,1,2,1871,-4.3727
2005,10,1,3,1646,-4.2897
2005,10,1,4,1610,-4.6055
2005,10,1,5,1275,-6.5252
2005,10,2,1,347,-3.3059
2005,10,2,2,638,-3.1622
2005,10,2,3,588,-2.7613
2005,10,2,4,597,-3.9026
2005,10,2,5,413,-4.3998
2005,10,3,1,420,-1.9894
2005,10,3,2,684,-2.5199
2005,10,3,3,552,-1.7405
2005,10,3,4,565,-2.3980
2005,10,3,5,490,-5.0107
2005,11,1,1,1103,2.2456
2005,11,1,2,1782,3.0366
2005,11,1,3,1642,2.6925
2005,11,1,4,1567,4.0490
2005,11,1,5,1313,2.4371
2005,11,2,1,444,5.8260
2005,11,2,2,592,3.9606
2005,11,2,3,554,5.1119
2005,11,2,4,572,5.1592
2005,11,2,5,500,4.7865
2005,11,3,1,525,4.7101
2005,11,3,2,628,4.0492
2005,11,3,3,521,4.0276
2005,11,3,4,524,4.0086
2005,11,3,5,554,5.0115
2005,12,1,1,1318,0.8747
2005,12,1,2,1676,0.3713
2005,12,1,3,1590,0.9129
2005,12,1,4,1582,1.0718
2005,12,1,5,1140,0.9880
2005,12,2,1,491,-0.4384
2005,12,2,2,565,-1.1216
2005,12,2,3,541,-0.2544
2005,12,2,4,591,0.1235
2005,12,2,5,464,-0.6037
2005,12,3,1,568,0.9932
2005,12,3,2,620,0.3702
2005,12,3,3,498,0.2932
2005,12,3,4,534,0.0686
2005,12,3,5,505,1.7864
2006,1,1,1,1612,9.1359
2006,1,1,2,1451,7.7416
2006,1,1,3,1703,10.3519
2006,1,1,4,1662,8.8304
2006,1,1,5,1289,13.8807
2006,1,2,1,572,7.7728
2006,1,2,2,537,7.5612
2006,1,2,3,604,8.4717
2006,1,2,4,640,7.5292
2006,1,2,5,486,12.2576
2006,1,3,1,625,3.6047
2006,1,3,2,581,2.9180
2006,1,3,3,574,2.9358
2006,1,3,4,636,3.2741
2006,1,3,5,526,7.2302
2006,2,1,1,1613,0.4102
2006,2,1,2,1421,1.0124
2006,2,1,3,1868,1.4448
2006,2,1,4,1532,0.6251
2006,2,1,5,1271,-1.5553
2006,2,2,1,576,-0.2368
2006,2,2,2,513,-0.1663
2006,2,2,3,678,0.4346
2006,2,2,4,548,0.4756
2006,2,2,5,484,-1.0102
2006,2,3,1,626,-0.2513
2006,2,3,2,504,1.1042
2006,2,3,3,661,1.0161
2006,2,3,4,529,1.2980
2006,2,3,5,530,-2.8896
2006,3,1,1,1477,5.3255
2006,3,1,2,1515,5.7875
2006,3,1,3,2034,5.1521
2006,3,1,4,1666,5.3020
2006,3,1,5,1365,7.1125
2006,3,2,1,543,5.2534
2006,3,2,2,541,6.5162
2006,3,2,3,721,4.6711
2006,3,2,4,574,5.4811
2006,3,2,5,514,7.8002
2006,3,3,1,565,2.0885
2006,3,3,2,585,2.0426
2006,3,3,3,746,2.3589
2006,3,3,4,538,2.0929
2006,3,3,5,568,3.5379
2006,4,1,1,1504,1.1344
2006,4,1,2,1568,3.1993
2006,4,1,3,2048,1.9881
2006,4,1,4,1500,1.6323
2006,4,1,5,1347,3.0341
2006,4,2,1,546,0.9439
2006,4,2,2,560,0.4942
2006,4,2,3,723,1.1857
2006,4,2,4,514,-0.4188
2006,4,2,5,498,2.4081
2006,4,3,1,573,2.2338
2006,4,3,2,613,0.6919
2006,4,3,3,747,0.7640
2006,4,3,4,485,-0.0577
2006,4,3,5,506,4.6072
2006,5,1,1,1613,-4.0734
2006,5,1,2,1496,-5.1415
2006,5,1,3,1857,-5.2528
2006,5,1,4,1573,-4.9294
2006,5,1,5,984,-4.0957
2006,5,2,1,576,-6.2038
2006,5,2,2,548,-3.3888
2006,5,2,3,689,-5.4987
2006,5,2,4,569,-4.6929
2006,5,2,5,358,-8.7262
2006,5,3,1,603,-2.3159
2006,5,3,2,605,-2.0940
2006,5,3,3,711,-2.3268
2006,5,3,4,558,-1.6660
2006,5,3,5,370,-4.4944
2006,6,1,1,1643,-2.2872
2006,6,1,2,1554,-1.5124
2006,6,1,3,1719,-0.7090
2006,6,1,4,1450,-0.8394
2006,6,1,5,953,-3.0659
2006,6,2,1,596,-0.9193
2006,6,2,2,561,-0.6066
2006,6,2,3,636,-1.2489
2006,6,2,4,544,-1.2093
2006,6,2,5,363,-1.6565
2006,6,3,1,597,-0.2672
2006,6,3,2,615,0.0256
2006,6,3,3,671,-0.2117
2006,6,3,4,580,0.2399
2006,6,3,5,434,-0.1318
2006,7,1,1,1512,-4.7297
2006,7,1,2,1631,-3.0505
2006,7,1,3,1640,-3.4614
2006,7,1,4,1539,-4.6701
2006,7,1,5,727,-3.8404
2006,7,2,1,552,-4.2362
2006,7,2,2,580,-2.9425
2006,7,2,3,617,-3.8386
2006,7,2,4,583,-3.9265
2006,7,2,5,316,-5.5538
2006,7,3,1,547,-1.0724
2006,7,3,2,644,-0.8556
2006,7,3,3,644,-1.2459
2006,7,3,4,593,-1.5485
2006,7,3,5,403,-2.2619
2006,8,1,1,1648,1.7921
2006,8,1,2,1433,2.9652
2006,8,1,3,1637,2.2243
2006,8,1,4,1484,2.2208
2006,8,1,5,1055,0.6180
2006,8,2,1,592,3.6247
2006,8,2,2,557,2.8340
2006,8,2,3,602,3.4693
2006,8,2,4,559,3.3146
2006,8,2,5,359,1.4870
2006,8,3,1,611,2.7010
2006,8,3,2,593,2.4402
2006,8,3,3,608,3.1266
2006,8,3,4,584,2.5500
2006,8,3,5,451,0.7189
2006,9,1,1,1687,-0.7408
2006,9,1,2,1480,0.9394
2006,9,1,3,1616,1.3771
2006,9,1,4,1454,1.9688
2006,9,1,5,1388,0.1935
2006,9,2,1,613,-1.0855
2006,9,2,2,538,1.7285
2006,9,2,3,610,0.8384
2006,9,2,4,527,0.9019
2006,9,2,5,455,-1.9683
2006,9,3,1,623,-0.3508
2006,9,3,2,532,2.4760
2006,9,3,3,647,3.0492
2006,9,3,4,563,1.8339
2006,9,3,5,515,-0.4080
2006,10,1,1,1640,6.1484
2006,10,1,2,1402,6.0024
2006,10,1,3,1806,7.0679
2006,10,1,4,1421,6.7605
2006,10,1,5,1532,6.8757
2006,10,2,1,600,7.0163
2006,10,2,2,516,5.6064
2006,10,2,3,641,6.4946
2006,10,2,4,520,6.6453
2006,10,2,5,529,6.1109
2006,10,3,1,609,4.8386
2006,10,3,2,489,3.2352
2006,10,3,3,670,3.9414
2006,10,3,4,550,3.9125
2006,10,3,5,600,4.0283
2006,11,1,1,1241,3.5753
2006,11,1,2,1323,2.4270
2006,11,1,3,1857,2.2157
2006,11,1,4,1291,3.5160
2006,11,1,5,1435,2.0871
2006,11,2,1,467,3.9788
2006,11,2,2,474,3.1281
2006,11,2,3,649,3.4016
2006,11,2,4,444,2.9628
2006,11,2,5,501,3.7379
2006,11,3,1,472,4.5799
2006,11,3,2,439,2.9025
2006,11,3,3,667,3.1572
2006,11,3,4,441,2.5899
2006,11,3,5,543,3.4337
2006,12,1,1,1461,1.8371
2006,12,1,2,1552,2.9644
2006,12,1,3,1895,1.9284
2006,12,1,4,1246,0.7564
2006,12,1,5,1381,0.5045
2006,12,2,1,525,-0.6513
2006,12,2,2,540,1.0839
2006,12,2,3,655,0.6533
2006,12,2,4,415,0.9527
2006,12,2,5,485,-0.2380
2006,12,3,1,602,-0.8475
2006,12,3,2,515,0.6434
2006,12,3,3,657,0.7727
2006,12,3,4,404,0.8433
2006,12,3,5,521,-0.0052
2007,1,1,1,1202,-1.4654
2007,1,1,2,1827,2.1392
2007,1,1,3,1908,-0.0332
2007,1,1,4,855,-1.6975
2007,1,1,5,1441,-0.8969
2007,1,2,1,454,1.4275
2007,1,2,2,636,2.5656
2007,1,2,3,648,2.4410
2007,1,2,4,349,2.3765
2007,1,2,5,503,1.5730
2007,1,3,1,529,3.6567
2007,1,3,2,602,3.5824
2007,1,3,3,648,2.6743
2007,1,3,4,381,3.0811
2007,1,3,5,550,3.3734
2007,2,1,1,1123,1.0845
2007,2,1,2,1697,0.5833
2007,2,1,3,1857,0.6644
2007,2,1,4,836,0.9620
2007,2,1,5,1240,0.9244
2007,2,2,1,434,0.1384
2007,2,2,2,570,-1.0247
2007,2,2,3,634,0.2398
2007,2,2,4,355,-0.3466
2007,2,2,5,455,-0.7041
2007,2,3,1,517,0.3322
2007,2,3,2,573,-0.6524
2007,2,3,3,634,0.0051
2007,2,3,4,359,0.4854
2007,2,3,5,460,-0.3840
2007,3,1,1,1461,3.5219
2007,3,1,2,1692,2.9566
2007,3,1,3,1804,1.5282
2007,3,1,4,1027,1.3186
2007,3,1,5,1184,2.3456
2007,3,2,1,523,1.0545
2007,3,2,2,559,2.3307
2007,3,2,3,627,1.7594
2007,3,2,4,426,1.6665
2007,3,2,5,464,2.0338
2007,3,3,1,563,0.8003
2007,3,3,2,567,1.3672
2007,3,3,3,629,0.8014
2007,3,3,4,422,0.5050
2007,3,3,5,524,1.4678
2007,4,1,1,1506,3.8390
2007,4,1,2,1867,2.2412
2007,4,1,3,1626,3.1978
2007,4,1,4,1024,4.4667
2007,4,1,5,1050,4.9402
2007,4,2,1,540,3.1680
2007,4,2,2,612,4.6298
2007,4,2,3,577,2.8368
2007,4,2,4,420,3.6495
2007,4,2,5,400,4.7491
2007,4,3,1,566,4.4064
2007,4,3,2,608,4.8770
2007,4,3,3,593,4.2042
2007,4,3,4,432,3.9738
2007,4,3,5,438,4.6903
2007,5,1,1,1641,3.3068
2007,5,1,2,1813,2.7623
2007,5,1,3,1600,4.7518
2007,5,1,4,1136,5.7637
2007,5,1,5,1004,4.3628
2007,5,2,1,604,3.8357
2007,5,2,2,600,5.0510
2007,5,2,3,555,4.2770
2007,5,2,4,466,3.9849
2007,5,2,5,356,4.1337
2007,5,3,1,616,4.0297
2007,5,3,2,596,3.6888
2007,5,3,3,561,3.9366
2007,5,3,4,492,5.3418
2007,5,3,5,421,5.6097
2007,6,1,1,1531,0.1931
2007,6,1,2,1780,-0.4449
2007,6,1,3,1575,0.4433
2007,6,1,4,1126,-0.2256
2007,6,1,5,1153,0.1783
2007,6,2,1,550,-0.9509
2007,6,2,2,573,-0.8913
2007,6,2,3,567,-2.3981
2007,6,2,4,464,-1.2058
2007,6,2,5,399,-0.2625
2007,6,3,1,538,-2.1212
2007,6,3,2,560,-1.3571
2007,6,3,3,569,-1.1026
2007,6,3,4,496,-0.4055
2007,6,3,5,451,-0.9798
2007,7,1,1,1492,-4.7222
2007,7,1,2,1336,-3.7202
2007,7,1,3,1625,-5.0693
2007,7,1,4,1103,-5.6338
2007,7,1,5,1319,-5.0022
2007,7,2,1,532,-5.9452
2007,7,2,2,488,-5.4234
2007,7,2,3,578,-4.2238
2007,7,2,4,453,-6.1150
2007,7,2,5,456,-5.7146
2007,7,3,1,514,-2.6176
2007,7,3,2,474,-2.0399
2007,7,3,3,584,-1.7779
2007,7,3,4,490,-2.3546
2007,7,3,5,496,-2.1579
2007,8,1,1,1494,-2.5903
2007,8,1,2,1532,-0.6149
2007,8,1,3,1531,-1.7478
2007,8,1,4,1109,-2.1415
2007,8,1,5,1262,-3.6924
2007,8,2,1,529,1.0915
2007,8,2,2,549,-0.2347
2007,8,2,3,592,0.0647
2007,8,2,4,443,1.0457
2007,8,2,5,450,0.5339
2007,8,3,1,510,0.1008
2007,8,3,2,541,0.9841
2007,8,3,3,576,0.9483
2007,8,3,4,463,0.7896
2007,8,3,5,495,0.2977
2007,9,1,1,1301,2.3590
2007,9,1,2,1546,1.0292
2007,9,1,3,1483,1.3688
2007,9,1,4,1758,1.4223
2007,9,1,5,1338,3.6266
2007,9,2,1,480,2.9034
2007,9,2,2,545,0.5915
2007,9,2,3,571,2.1584
2007,9,2,4,650,1.1284
2007,9,2,5,486,2.5601
2007,9,3,1,479,3.2494
2007,9,3,2,550,3.1396
2007,9,3,3,577,5.0408
2007,9,3,4,662,4.6882
2007,9,3,5,523,6.6871
2007,10,1,1,1115,1.7747
2007,10,1,2,1382,2.8701
2007,10,1,3,1666,0.8206
2007,10,1,4,1665,2.6915
2007,10,1,5,1260,3.1425
2007,10,2,1,436,3.0121
2007,10,2,2,538,2.1739
2007,10,2,3,613,2.9062
2007,10,2,4,615,3.3846
2007,10,2,5,434,4.3510
2007,10,3,1,438,3.2992
2007,10,3,2,539,3.1605
2007,10,3,3,607,2.6856
2007,10,3,4,638,3.6169
2007,10,3,5,435,5.1979
2007,11,1,1,1111,-9.6852
2007,11,1,2,1387,-11.1106
2007,11,1,3,1707,-9.5504
2007,11,1,4,1712,-10.6089
2007,11,1,5,1216,-7.7000
2007,11,2,1,431,-6.3940
2007,11,2,2,531,-7.3751
2007,11,2,3,653,-6.8429
2007,11,2,4,637,-6.1415
2007,11,2,5,456,-5.7985
2007,11,3,1,444,-3.6470
2007,11,3,2,517,-3.4844
2007,11,3,3,614,-3.4188
2007,11,3,4,655,-3.1208
2007,11,3,5,437,-4.5059
2007,12,1,1,1277,-1.1717
2007,12,1,2,1309,-0.6494
2007,12,1,3,1693,1.1473
2007,12,1,4,1600,0.3636
2007,12,1,5,1324,2.0280
2007,12,2,1,492,-2.7223
2007,12,2,2,532,-1.2609
2007,12,2,3,653,-0.4202
2007,12,2,4,601,-0.6903
2007,12,2,5,460,-2.0159
2007,12,3,1,481,-1.1805
2007,12,3,2,506,-1.3802
2007,12,3,3,618,0.4985
2007,12,3,4,592,-0.5740
2007,12,3,5,454,1.3296
2008,1,1,1,1253,-3.5403
2008,1,1,2,1259,-5.7673
2008,1,1,3,1713,-7.1123
2008,1,1,4,1677,-5.2236
2008,1,1,5,1156,-1.1194
2008,1,2,1,461,-3.7130
2008,1,2,2,498,-7.0463
2008,1,2,3,670,-7.0389
2008,1,2,4,647,-7.2889
2008,1,2,5,420,-7.2941
2008,1,3,1,435,-3.4313
2008,1,3,2,476,-4.8294
2008,1,3,3,634,-5.9561
2008,1,3,4,635,-5.7320
2008,1,3,5,428,-6.0720
2008,2,1,1,1540,-3.3098
2008,2,1,2,1125,-1.5393
2008,2,1,3,1430,-2.2243
2008,2,1,4,1623,-1.1559
2008,2,1,5,1221,4.1745
2008,2,2,1,550,-0.8241
2008,2,2,2,486,-1.7958
2008,2,2,3,583,-2.3715
2008,2,2,4,601,-2.8402
2008,2,2,5,486,4.2171
2008,2,3,1,493,-2.6618
2008,2,3,2,464,-2.9325
2008,2,3,3,557,-0.3250
2008,2,3,4,577,-1.6354
2008,2,3,5,485,-0.2296
2008,3,1,1,1539,-1.0300
2008,3,1,2,1105,-2.6689
2008,3,1,3,1357,-2.3761
2008,3,1,4,1425,-2.0921
2008,3,1,5,1106,-0.6006
2008,3,2,1,551,-2.0855
2008,3,2,2,493,-2.3535
2008,3,2,3,554,-0.1983
2008,3,2,4,582,0.1003
2008,3,2,5,438,-1.4171
2008,3,3,1,488,-0.0601
2008,3,3,2,469,-0.6263
2008,3,3,3,522,-0.5212
2008,3,3,4,552,0.2604
2008,3,3,5,467,-2.6364
2008,4,1,1,1531,3.1467
2008,4,1,2,1335,2.0117
2008,4,1,3,1470,1.9176
2008,4,1,4,1468,2.3562
2008,4,1,5,1198,4.1636
2008,4,2,1,540,4.0065
2008,4,2,2,545,1.7957
2008,4,2,3,595,3.3237
2008,4,2,4,598,2.9099
2008,4,2,5,472,3.8657
2008,4,3,1,485,6.4930
2008,4,3,2,526,2.4750
2008,4,3,3,592,4.4762
2008,4,3,4,543,3.7745
2008,4,3,5,488,5.7135
2008,5,1,1,1368,5.7826
2008,5,1,2,1493,6.0257
2008,5,1,3,1581,5.2473
2008,5,1,4,1511,3.6756
2008,5,1,5,1124,8.9109
2008,5,2,1,492,4.2228
2008,5,2,2,589,4.1827
2008,5,2,3,641,6.4448
2008,5,2,4,632,4.2740
2008,5,2,5,452,7.7444
2008,5,3,1,430,2.9918
2008,5,3,2,551,2.7100
2008,5,3,3,642,3.2180
2008,5,3,4,562,3.6568
2008,5,3,5,471,5.0127
2008,6,1,1,1327,-9.5605
2008,6,1,2,1501,-9.8059
2008,6,1,3,1626,-9.1072
2008,6,1,4,1449,-10.8241
2008,6,1,5,1007,-6.4341
2008,6,2,1,479,-11.6684
2008,6,2,2,587,-10.4779
2008,6,2,3,644,-8.8744
2008,6,2,4,606,-11.1544
2008,6,2,5,469,-5.7348
2008,6,3,1,420,-9.5077
2008,6,3,2,545,-7.7238
2008,6,3,3,659,-8.0114
2008,6,3,4,528,-8.7226
2008,6,3,5,459,-5.2782
2008,7,1,1,1033,2.3460
2008,7,1,2,1565,2.8387
2008,7,1,3,1641,3.4545
2008,7,1,4,1502,4.1422
2008,7,1,5,1123,1.8661
2008,7,2,1,404,3.2564
2008,7,2,2,607,3.0052
2008,7,2,3,653,3.2321
2008,7,2,4,638,4.9527
2008,7,2,5,484,0.4726
2008,7,3,1,348,-1.3474
2008,7,3,2,556,0.4459
2008,7,3,3,666,-0.5852
2008,7,3,4,569,0.3856
2008,7,3,5,528,-4.1047
2008,8,1,1,878,4.5196
2008,8,1,2,1661,3.3336
2008,8,1,3,1651,4.7913
2008,8,1,4,1440,1.9226
2008,8,1,5,1054,1.6989
2008,8,2,1,393,2.8339
2008,8,2,2,652,4.8135
2008,8,2,3,658,4.8176
2008,8,2,4,630,4.5198
2008,8,2,5,461,1.3083
2008,8,3,1,439,2.4905
2008,8,3,2,569,2.7976
2008,8,3,3,638,2.7756
2008,8,3,4,554,1.6566
2008,8,3,5,491,0.0152
2008,9,1,1,645,-11.3973
2008,9,1,2,1718,-9.8708
2008,9,1,3,1592,-8.9997
2008,9,1,4,1458,-11.6348
2008,9,1,5,1216,-10.2404
2008,9,2,1,301,-13.7031
2008,9,2,2,686,-10.1335
2008,9,2,3,687,-8.9772
2008,9,2,4,640,-9.2570
2008,9,2,5,526,-12.7461
2008,9,3,1,367,-13.0200
2008,9,3,2,595,-9.2682
2008,9,3,3,653,-11.2496
2008,9,3,4,566,-11.6471
2008,9,3,5,551,-12.2064
2008,10,1,1,606,-24.4563
2008,10,1,2,1605,-22.8009
2008,10,1,3,1461,-25.3455
2008,10,1,4,1469,-23.5069
2008,10,1,5,1213,-22.5905
2008,10,2,1,286,-26.7574
2008,10,2,2,662,-23.2260
2008,10,2,3,657,-25.6264
2008,10,2,4,582,-23.5534
2008,10,2,5,524,-25.9852
2008,10,3,1,354,-23.5025
2008,10,3,2,631,-18.2961
2008,10,3,3,607,-18.7042
2008,10,3,4,469,-18.8574
2008,10,3,5,549,-19.3077
2008,11,1,1,605,-18.3161
2008,11,1,2,1652,-14.1856
2008,11,1,3,1546,-15.5158
2008,11,1,4,1577,-15.4249
2008,11,1,5,1157,-17.2671
2008,11,2,1,294,-14.2559
2008,11,2,2,678,-13.1363
2008,11,2,3,712,-12.9655
2008,11,2,4,643,-12.3099
2008,11,2,5,517,-13.1291
2008,11,3,1,343,-10.0331
2008,11,3,2,647,-6.7395
2008,11,3,3,640,-6.6945
2008,11,3,4,563,-7.9221
2008,11,3,5,535,-6.7992
2008,12,1,1,738,3.6886
2008,12,1,2,1513,4.6279
2008,12,1,3,1560,6.3395
2008,12,1,4,1601,5.0663
2008,12,1,5,1093,1.9453
2008,12,2,1,358,5.3517
2008,12,2,2,662,6.6273
2008,12,2,3,718,7.7104
2008,12,2,4,677,5.7745
2008,12,2,5,478,9.5142
2008,12,3,1,364,7.2526
2008,12,3,2,600,3.9853
2008,12,3,3,604,2.5320
2008,12,3,4,586,3.4335
2008,12,3,5,499,3.6482
2009,1,1,1,745,-8.5210
2009,1,1,2,1551,-9.4212
2009,1,1,3,1473,-8.8588
2009,1,1,4,1597,-8.7466
2009,1,1,5,995,-9.6849
2009,1,2,1,373,-10.0148
2009,1,2,2,687,-9.5385
2009,1,2,3,727,-9.0887
2009,1,2,4,656,-7.9450
2009,1,2,5,444,-10.9484
2009,1,3,1,380,-7.4445
2009,1,3,2,624,-6.8984
2009,1,3,3,602,-6.8661
2009,1,3,4,541,-6.5007
2009,1,3,5,472,-8.1515
2009,2,1,1,726,-15.7203
2009,2,1,2,1496,-13.5152
2009,2,1,3,1423,-12.7183
2009,2,1,4,1534,-12.9825
2009,2,1,5,1170,-13.0228
2009,2,2,1,355,-15.1880
2009,2,2,2,667,-15.2344
2009,2,2,3,704,-10.2878
2009,2,2,4,663,-12.3484
2009,2,2,5,510,-11.3772
2009,2,3,1,348,-11.7423
2009,2,3,2,606,-10.7723
2009,2,3,3,589,-9.0680
2009,2,3,4,534,-11.8559
2009,2,3,5,531,-9.9885
2009,3,1,1,709,10.7711
2009,3,1,2,1323,10.5195
2009,3,1,3,1606,11.6243
2009,3,1,4,1553,11.9279
2009,3,1,5,1216,10.0675
2009,3,2,1,356,9.6439
2009,3,2,2,620,11.3027
2009,3,2,3,752,9.9597
2009,3,2,4,693,8.9818
2009,3,2,5,550,10.8392
2009,3,3,1,353,9.6990
2009,3,3,2,571,8.4168
2009,3,3,3,645,8.1013
2009,3,3,4,571,8.6162
2009,3,3,5,569,7.5766
2009,4,1,1,826,26.4580
2009,4,1,2,1152,25.9381
2009,4,1,3,1497,27.1822
2009,4,1,4,1576,24.2397
2009,4,1,5,1379,25.3159
2009,4,2,1,424,27.9543
2009,4,2,2,562,27.1092
2009,4,2,3,695,21.0279
2009,4,2,4,748,25.8094
2009,4,2,5,631,20.8969
2009,4,3,1,411,22.5617
2009,4,3,2,536,16.0247
2009,4,3,3,577,11.9313
2009,4,3,4,621,15.4098
2009,4,3,5,637,10.8564
2009,5,1,1,982,14.3012
2009,5,1,2,1126,13.0771
2009,5,1,3,1399,10.8451
2009,5,1,4,1550,10.3507
2009,5,1,5,1182,15.2590
2009,5,2,1,465,6.9073
2009,5,2,2,594,7.1163
2009,5,2,3,673,3.9301
2009,5,2,4,734,4.5896
2009,5,2,5,582,8.8777
2009,5,3,1,455,4.9282
2009,5,3,2,563,4.3917
2009,5,3,3,575,3.8321
2009,5,3,4,610,3.8507
2009,5,3,5,564,4.9413
2009,6,1,1,906,4.7992
2009,6,1,2,1159,3.7653
2009,6,1,3,1351,3.2803
2009,6,1,4,1531,5.2499
2009,6,1,5,1076,-2.6574
2009,6,2,1,467,-0.8957
2009,6,2,2,592,-0.2762
2009,6,2,3,678,2.0926
2009,6,2,4,762,0.9170
2009,6,2,5,540,-3.3664
2009,6,3,1,466,-0.7818
2009,6,3,2,578,-0.0563
2009,6,3,3,558,0.7914
2009,6,3,4,669,-0.4597
2009,6,3,5,529,-2.3677
2009,7,1,1,853,9.3321
2009,7,1,2,1081,11.5459
2009,7,1,3,1327,11.8525
2009,7,1,4,1450,11.4894
2009,7,1,5,1024,8.7812
2009,7,2,1,446,12.5317
2009,7,2,2,540,11.2396
2009,7,2,3,663,10.6168
2009,7,2,4,739,9.7841
2009,7,2,5,542,12.1877
2009,7,3,1,451,11.8766
2009,7,3,2,532,8.9417
2009,7,3,3,548,8.1890
2009,7,3,4,661,8.2277
2009,7,3,5,527,10.2366
2009,8,1,1,940,3.6758
2009,8,1,2,1288,5.9173
2009,8,1,3,1262,6.4279
2009,8,1,4,1406,5.9910
2009,8,1,5,969,6.4970
2009,8,2,1,473,4.9735
2009,8,2,2,599,4.7699
2009,8,2,3,615,4.5447
2009,8,2,4,700,3.9463
2009,8,2,5,491,4.3919
2009,8,3,1,458,2.3764
2009,8,3,2,585,3.2749
2009,8,3,3,523,2.7646
2009,8,3,4,619,2.8394
2009,8,3,5,450,3.2351
2009,9,1,1,912,10.3969
2009,9,1,2,1289,10.7470
2009,9,1,3,1365,10.2647
2009,9,1,4,1445,8.0749
2009,9,1,5,883,9.8859
2009,9,2,1,442,8.6255
2009,9,2,2,586,9.0367
2009,9,2,3,643,6.6333
2009,9,2,4,686,7.1916
2009,9,2,5,429,8.4410
2009,9,3,1,442,4.3205
2009,9,3,2,535,4.5651
2009,9,3,3,557,4.5165
2009,9,3,4,626,4.5577
2009,9,3,5,392,4.7850
2009,10,1,1,854,-8.1881
2009,10,1,2,1469,-8.9587
2009,10,1,3,1282,-8.9098
2009,10,1,4,1358,-7.8514
2009,10,1,5,784,-10.6186
2009,10,2,1,399,-5.7436
2009,10,2,2,664,-6.4007
2009,10,2,3,625,-5.9571
2009,10,2,4,615,-5.6394
2009,10,2,5,368,-5.8494
2009,10,3,1,423,-4.1579
2009,10,3,2,654,-2.1751
2009,10,3,3,553,-3.2497
2009,10,3,4,596,-2.8677
2009,10,3,5,362,-3.4251
2009,11,1,1,685,3.3354
2009,11,1,2,1470,1.9955
2009,11,1,3,1471,1.9861
2009,11,1,4,1313,2.7066
2009,11,1,5,934,4.1627
2009,11,2,1,348,4.9052
2009,11,2,2,651,2.7085
2009,11,2,3,689,2.5879
2009,11,2,4,592,4.4833
2009,11,2,5,438,6.2548
2009,11,3,1,376,7.7198
2009,11,3,2,631,6.4223
2009,11,3,3,676,5.3733
2009,11,3,4,581,7.0210
2009,11,3,5,447,6.5549
2009,12,1,1,591,8.7858
2009,12,1,2,1449,7.9679
2009,12,1,3,1450,7.2377
2009,12,1,4,1279,8.4705
2009,12,1,5,977,7.7120
2009,12,2,1,323,7.4745
2009,12,2,2,656,10.0102
2009,12,2,3,675,8.6904
2009,12,2,4,580,8.5464
2009,12,2,5,472,7.7921
2009,12,3,1,363,3.2320
2009,12,3,2,621,4.0574
2009,12,3,3,678,3.8753
2009,12,3,4,571,3.8400
2009,12,3,5,474,2.6510
2010,1,1,1,573,-2.8767
2010,1,1,2,1443,-2.7432
2010,1,1,3,1446,-3.8181
2010,1,1,4,1287,-3.1978
2010,1,1,5,1084,-3.4204
2010,1,2,1,299,-3.5707
2010,1,2,2,657,-4.1285
2010,1,2,3,670,-4.0220
2010,1,2,4,575,-4.4987
2010,1,2,5,493,-4.8032
2010,1,3,1,339,-3.3832
2010,1,3,2,637,-3.9569
2010,1,3,3,683,-3.9075
2010,1,3,4,564,-4.3243
2010,1,3,5,486,-4.5362
2010,2,1,1,825,4.1854
2010,2,1,2,1293,5.4212
2010,2,1,3,1426,4.1068
2010,2,1,4,1272,5.4404
2010,2,1,5,1304,5.2761
2010,2,2,1,392,4.4814
2010,2,2,2,575,5.8046
2010,2,2,3,649,5.0878
2010,2,2,4,574,5.5063
2010,2,2,5,548,5.6381
2010,2,3,1,423,4.7833
2010,2,3,2,575,4.9183
2010,2,3,3,650,4.6452
2010,2,3,4,543,5.0568
2010,2,3,5,548,5.1290
2010,3,1,1,1045,6.4643
2010,3,1,2,1520,7.0306
2010,3,1,3,1386,10.5591
2010,3,1,4,1178,8.3150
2010,3,1,5,1276,4.8809
2010,3,2,1,453,7.8269
2010,3,2,2,669,8.6342
2010,3,2,3,638,8.7523
2010,3,2,4,567,8.7711
2010,3,2,5,539,10.2839
2010,3,3,1,479,6.4197
2010,3,3,2,675,5.8809
2010,3,3,3,635,6.8427
2010,3,3,4,535,6.9420
2010,3,3,5,538,6.4706
2010,4,1,1,951,8.2479
2010,4,1,2,1524,7.4346
2010,4,1,3,1411,8.3803
2010,4,1,4,1243,8.6283
2010,4,1,5,1305,7.0010
2010,4,2,1,409,7.0436
2010,4,2,2,679,6.4443
2010,4,2,3,646,6.9934
2010,4,2,4,583,7.2371
2010,4,2,5,568,7.7691
2010,4,3,1,420,2.0037
2010,4,3,2,683,2.7205
2010,4,3,3,642,3.0076
2010,4,3,4,562,3.2443
2010,4,3,5,558,2.5666
2010,5,1,1,964,-8.3245
2010,5,1,2,1446,-8.3110
2010,5,1,3,1186,-7.6848
2010,5,1,4,1385,-7.9151
2010,5,1,5,1011,-8.9989
2010,5,2,1,410,-7.6477
2010,5,2,2,629,-6.8879
2010,5,2,3,577,-7.2920
2010,5,2,4,637,-7.9344
2010,5,2,5,430,-9.6542
2010,5,3,1,417,-7.8410
2010,5,3,2,656,-7.8431
2010,5,3,3,573,-7.5230
2010,5,3,4,641,-7.0712
2010,5,3,5,403,-8.0816
2010,6,1,1,1097,-8.5982
2010,6,1,2,1371,-8.3693
2010,6,1,3,1555,-8.7687
2010,6,1,4,1214,-7.8757
2010,6,1,5,1007,-9.4254
2010,6,2,1,443,-6.9293
2010,6,2,2,588,-6.2782
2010,6,2,3,672,-8.5505
2010,6,2,4,586,-7.5440
2010,6,2,5,408,-9.6975
2010,6,3,1,475,-5.0763
2010,6,3,2,587,-4.9530
2010,6,3,3,675,-7.0284
2010,6,3,4,595,-5.9481
2010,6,3,5,385,-6.1949
2010,7,1,1,1117,6.5562
2010,7,1,2,1278,6.8746
2010,7,1,3,1442,6.5755
2010,7,1,4,1129,7.6519
2010,7,1,5,843,6.5533
2010,7,2,1,471,8.3192
2010,7,2,2,577,6.7996
2010,7,2,3,652,7.1804
2010,7,2,4,517,7.6816
2010,7,2,5,348,6.9591
2010,7,3,1,508,8.3919
2010,7,3,2,587,8.0239
2010,7,3,3,623,6.5508
2010,7,3,4,571,7.4978
2010,7,3,5,395,6.0627
2010,8,1,1,963,-8.9786
2010,8,1,2,1229,-7.4929
2010,8,1,3,1403,-8.7964
2010,8,1,4,1275,-7.6895
2010,8,1,5,784,-9.1578
2010,8,2,1,406,-6.7529
2010,8,2,2,581,-6.6503
2010,8,2,3,633,-7.8070
2010,8,2,4,583,-6.6721
2010,8,2,5,337,-4.4990
2010,8,3,1,451,-4.6428
2010,8,3,2,629,-4.5414
2010,8,3,3,608,-6.3123
2010,8,3,4,638,-4.3801
2010,8,3,5,405,-2.2877
2010,9,1,1,1134,13.0572
2010,9,1,2,1208,10.6953
2010,9,1,3,1428,11.0724
2010,9,1,4,1206,10.9943
2010,9,1,5,781,14.4771
2010,9,2,1,468,12.5071
2010,9,2,2,551,11.8975
2010,9,2,3,654,13.4519
2010,9,2,4,547,13.0308
2010,9,2,5,335,11.1105
2010,9,3,1,510,9.6031
2010,9,3,2,597,10.1364
2010,9,3,3,631,11.5461
2010,9,3,4,599,10.6864
2010,9,3,5,402,8.9494
2010,10,1,1,1062,4.6730
2010,10,1,2,1423,4.6308
2010,10,1,3,1401,5.3607
2010,10,1,4,1217,4.9645
2010,10,1,5,807,5.1102
2010,10,2,1,431,3.8213
2010,10,2,2,613,4.0897
2010,10,2,3,648,3.8881
2010,10,2,4,563,4.6585
2010,10,2,5,337,4.4723
2010,10,3,1,472,5.0319
2010,10,3,2,675,3.8549
2010,10,3,3,633,3.9163
2010,10,3,4,595,5.2788
2010,10,3,5,399,3.9720
2010,11,1,1,1090,3.8576
2010,11,1,2,1193,5.6694
2010,11,1,3,1400,3.1813
2010,11,1,4,1250,7.0819
2010,11,1,5,891,4.2560
2010,11,2,1,446,4.5973
2010,11,2,2,538,3.7987
2010,11,2,3,618,4.2272
2010,11,2,4,586,4.5314
2010,11,2,5,379,4.5583
2010,11,3,1,483,0.6102
2010,11,3,2,587,1.6107
2010,11,3,3,582,0.9919
2010,11,3,4,618,2.4332
2010,11,3,5,443,0.7341
2010,12,1,1,1167,10.8231
2010,12,1,2,1290,8.2504
2010,12,1,3,1146,9.2661
2010,12,1,4,1215,8.3919
2010,12,1,5,914,9.5039
2010,12,2,1,504,9.6323
2010,12,2,2,566,8.7304
2010,12,2,3,551,7.8925
2010,12,2,4,559,9.4090
2010,12,2,5,414,9.4687
2010,12,3,1,527,7.3037
2010,12,3,2,614,6.3935
2010,12,3,3,519,6.5256
2010,12,3,4,540,6.6915
2010,12,3,5,493,6.4922
2011,1,1,1,1197,-3.7225
2011,1,1,2,1224,-1.2462
2011,1,1,3,1152,-2.0747
2011,1,1,4,1179,-1.8717
2011,1,1,5,924,-3.5899
2011,1,2,1,537,-0.8146
2011,1,2,2,531,1.2653
2011,1,2,3,555,0.7863
2011,1,2,4,557,1.4923
2011,1,2,5,431,1.0695
2011,1,3,1,541,1.7317
2011,1,3,2,582,1.6976
2011,1,3,3,528,2.1090
2011,1,3,4,538,1.8738
2011,1,3,5,494,1.3699
2011,2,1,1,1062,5.1730
2011,2,1,2,1239,4.9861
2011,2,1,3,1183,5.3639
2011,2,1,4,1195,4.2659
2011,2,1,5,1083,3.7472
2011,2,2,1,477,5.3530
2011,2,2,2,546,5.4715
2011,2,2,3,558,5.0578
2011,2,2,4,571,5.0112
2011,2,2,5,490,6.0686
2011,2,3,1,506,3.3096
2011,2,3,2,586,3.9318
2011,2,3,3,582,3.6376
2011,2,3,4,545,2.8769
2011,2,3,5,553,3.1504
2011,3,1,1,873,7.5007
2011,3,1,2,1308,4.4044
2011,3,1,3,1316,7.3951
2011,3,1,4,1004,1.6247
2011,3,1,5,908,4.7794
2011,3,2,1,387,3.9085
2011,3,2,2,590,2.7105
2011,3,2,3,583,3.7668
2011,3,2,4,482,2.8279
2011,3,2,5,419,4.4294
2011,3,3,1,442,1.9134
2011,3,3,2,600,1.7165
2011,3,3,3,596,1.7915
2011,3,3,4,438,1.6063
2011,3,3,5,464,2.3298
2011,4,1,1,1042,-0.2340
2011,4,1,2,1244,-0.0100
2011,4,1,3,1273,0.7409
2011,4,1,4,1133,-0.2403
2011,4,1,5,846,-2.5315
2011,4,2,1,466,2.3746
2011,4,2,2,572,3.3038
2011,4,2,3,561,1.4752
2011,4,2,4,482,1.3049
2011,4,2,5,404,0.2956
2011,4,3,1,506,3.4135
2011,4,3,2,564,3.7642
2011,4,3,3,583,2.8557
2011,4,3,4,436,2.4455
2011,4,3,5,445,2.1437
2011,5,1,1,882,-2.4874
2011,5,1,2,1346,-1.5568
2011,5,1,3,1284,-2.4938
2011,5,1,4,1151,-1.7242
2011,5,1,5,867,-3.6759
2011,5,2,1,409,-0.4277
2011,5,2,2,605,-1.1099
2011,5,2,3,568,-2.3736
2011,5,2,4,508,-0.9724
2011,5,2,5,361,-1.1618
2011,5,3,1,436,-0.1672
2011,5,3,2,626,-0.3179
2011,5,3,3,593,-0.6129
2011,5,3,4,497,-0.5132
2011,5,3,5,406,-1.3638
2011,6,1,1,800,-3.2006
2011,6,1,2,1389,-2.2649
2011,6,1,3,1319,-2.5913
2011,6,1,4,1271,-2.5281
2011,6,1,5,835,-3.7575
2011,6,2,1,393,-1.3374
2011,6,2,2,632,-1.5935
2011,6,2,3,588,-1.7916
2011,6,2,4,548,-2.1585
2011,6,2,5,359,-1.2344
2011,6,3,1,444,-1.4847
2011,6,3,2,643,-1.4247
2011,6,3,3,599,-0.7669
2011,6,3,4,580,-1.3271
2011,6,3,5,403,-1.5156
2011,7,1,1,803,-2.6408
2011,7,1,2,1233,-2.2066
2011,7,1,3,1349,-2.2989
2011,7,1,4,1217,-2.7466
2011,7,1,5,831,-1.8994
2011,7,2,1,376,-5.7713
2011,7,2,2,576,-4.7654
2011,7,2,3,621,-5.3214
2011,7,2,4,529,-4.6540
2011,7,2,5,360,-2.9446
2011,7,3,1,381,-1.7486
2011,7,3,2,593,-2.8906
2011,7,3,3,629,-4.5850
2011,7,3,4,559,-4.2766
2011,7,3,5,400,-2.5118
2011,8,1,1,870,-12.2042
2011,8,1,2,1175,-10.6593
2011,8,1,3,1315,-9.8113
2011,8,1,4,1189,-11.2015
2011,8,1,5,819,-14.6032
2011,8,2,1,405,-10.2329
2011,8,2,2,570,-9.0126
2011,8,2,3,585,-8.5304
2011,8,2,4,532,-7.4921
2011,8,2,5,360,-7.3107
2011,8,3,1,412,-6.4967
2011,8,3,2,572,-5.6230
2011,8,3,3,551,-4.8737
2011,8,3,4,564,-4.9120
2011,8,3,5,404,-3.5581
2011,9,1,1,884,-15.0833
2011,9,1,2,1224,-12.1723
2011,9,1,3,1304,-13.7202
2011,9,1,4,1091,-10.3111
2011,9,1,5,776,-12.0370
2011,9,2,1,432,-17.1609
2011,9,2,2,594,-12.0431
2011,9,2,3,578,-13.6222
2011,9,2,4,492,-10.7612
2011,9,2,5,363,-12.1927
2011,9,3,1,405,-13.2515
2011,9,3,2,595,-9.8612
2011,9,3,3,556,-11.0353
2011,9,3,4,535,-7.7599
2011,9,3,5,432,-8.4741
2011,10,1,1,757,15.9053
2011,10,1,2,1068,13.8356
2011,10,1,3,1236,15.9495
2011,10,1,4,1039,13.1897
2011,10,1,5,761,10.7056
2011,10,2,1,381,21.1012
2011,10,2,2,521,17.8585
2011,10,2,3,545,16.5990
2011,10,2,4,473,14.3892
2011,10,2,5,359,16.3532
2011,10,3,1,356,18.1293
2011,10,3,2,479,15.1935
2011,10,3,3,505,13.6855
2011,10,3,4,527,10.8198
2011,10,3,5,412,9.7882
2011,11,1,1,977,-1.6700
2011,11,1,2,1220,-2.4259
2011,11,1,3,1253,-1.5825
2011,11,1,4,1122,-2.0413
2011,11,1,5,885,-3.7339
2011,11,2,1,452,-0.6474
2011,11,2,2,594,-0.3569
2011,11,2,3,554,0.2072
2011,11,2,4,523,-0.0436
2011,11,2,5,410,-0.8105
2011,11,3,1,494,0.5106
2011,11,3,2,569,0.6721
2011,11,3,3,509,0.8003
2011,11,3,4,582,0.4301
2011,11,3,5,481,1.4641
2011,12,1,1,1216,-0.3486
2011,12,1,2,1257,0.6222
2011,12,1,3,1228,-0.1800
2011,12,1,4,1059,0.3196
2011,12,1,5,900,-0.8445
2011,12,2,1,566,-1.8203
2011,12,2,2,610,-0.1930
2011,12,2,3,546,-0.6350
2011,12,2,4,516,0.4919
2011,12,2,5,408,-1.1122
2011,12,3,1,584,-1.6699
2011,12,3,2,581,-0.3615
2011,12,3,3,516,0.3831
2011,12,3,4,572,0.7922
2011,12,3,5,479,-1.5925
2012,1,1,1,1102,10.4755
2012,1,1,2,1071,10.4709
2012,1,1,3,1108,10.8264
2012,1,1,4,1049,9.3990
2012,1,1,5,1029,11.8443
2012,1,2,1,504,7.7477
2012,1,2,2,525,8.1600
2012,1,2,3,551,6.8127
2012,1,2,4,516,6.0904
2012,1,2,5,484,6.1577
2012,1,3,1,545,7.2653
2012,1,3,2,517,7.9485
2012,1,3,3,559,6.1539
2012,1,3,4,557,4.5005
2012,1,3,5,530,4.3161
2012,2,1,1,1080,1.8432
2012,2,1,2,1229,1.8947
2012,2,1,3,1084,2.3417
2012,2,1,4,1063,2.7082
2012,2,1,5,1024,2.8914
2012,2,2,1,490,1.6361
2012,2,2,2,565,3.2966
2012,2,2,3,546,3.0026
2012,2,2,4,519,2.2534
2012,2,2,5,462,2.7018
2012,2,3,1,529,2.7181
2012,2,3,2,556,3.1693
2012,2,3,3,552,3.5659
2012,2,3,4,562,3.2009
2012,2,3,5,493,3.2049
2012,3,1,1,1002,1.1075
2012,3,1,2,1250,3.1879
2012,3,1,3,1146,2.3066
2012,3,1,4,1105,3.3952
2012,3,1,5,1065,1.3443
2012,3,2,1,471,0.2631
2012,3,2,2,582,2.4534
2012,3,2,3,569,2.5612
2012,3,2,4,544,2.3028
2012,3,2,5,485,0.8829
2012,3,3,1,508,-0.3318
2012,3,3,2,614,2.4266
2012,3,3,3,589,2.5659
2012,3,3,4,573,2.1228
2012,3,3,5,538,1.4066
2012,4,1,1,993,-2.6247
2012,4,1,2,1294,-1.5448
2012,4,1,3,1083,-0.5761
2012,4,1,4,1151,-0.4036
2012,4,1,5,904,-0.6900
2012,4,2,1,450,-1.1608
2012,4,2,2,614,-2.2524
2012,4,2,3,575,-1.8376
2012,4,2,4,562,-1.8055
2012,4,2,5,404,-1.4992
2012,4,3,1,498,-1.1277
2012,4,3,2,614,-0.8728
2012,4,3,3,633,-0.9151
2012,4,3,4,581,-0.3780
2012,4,3,5,413,-1.4800
2012,5,1,1,951,-11.9151
2012,5,1,2,1373,-8.4342
2012,5,1,3,1112,-8.5210
2012,5,1,4,1128,-6.5774
2012,5,1,5,997,-7.7844
2012,5,2,1,438,-9.6145
2012,5,2,2,663,-8.2938
2012,5,2,3,586,-7.7414
2012,5,2,4,532,-7.2593
2012,5,2,5,456,-8.0184
2012,5,3,1,498,-8.7460
2012,5,3,2,683,-6.7194
2012,5,3,3,637,-5.3753
2012,5,3,4,580,-5.6568
2012,5,3,5,525,-5.9127
2012,6,1,1,679,8.7668
2012,6,1,2,1360,6.0815
2012,6,1,3,1104,5.6329
2012,6,1,4,1012,6.3790
2012,6,1,5,929,7.6205
2012,6,2,1,314,4.6148
2012,6,2,2,671,4.4219
2012,6,2,3,591,3.4311
2012,6,2,4,470,3.8752
2012,6,2,5,439,5.6391
2012,6,3,1,383,3.1532
2012,6,3,2,683,3.0509
2012,6,3,3,620,1.6897
2012,6,3,4,501,2.6436
2012,6,3,5,510,3.3942
2012,7,1,1,713,-4.2707
2012,7,1,2,1325,-3.0503
2012,7,1,3,1027,-3.0763
2012,7,1,4,1075,-2.7989
2012,7,1,5,794,-2.5539
2012,7,2,1,370,-2.9355
2012,7,2,2,641,-1.0122
2012,7,2,3,544,-1.7102
2012,7,2,4,504,-2.0052
2012,7,2,5,363,-1.3898
2012,7,3,1,409,-1.3505
2012,7,3,2,679,0.6316
2012,7,3,3,556,-0.0965
2012,7,3,4,492,-0.8475
2012,7,3,5,461,1.3074
2012,8,1,1,750,3.7798
2012,8,1,2,1016,2.7821
2012,8,1,3,1050,3.5285
2012,8,1,4,1184,2.6096
2012,8,1,5,693,2.3551
2012,8,2,1,356,4.0799
2012,8,2,2,555,3.8305
2012,8,2,3,555,4.1410
2012,8,2,4,561,4.1799
2012,8,2,5,308,2.9332
2012,8,3,1,356,5.1215
2012,8,3,2,560,3.5207
2012,8,3,3,560,3.2040
2012,8,3,4,586,3.1928
2012,8,3,5,405,2.5534
2012,9,1,1,683,4.3252
2012,9,1,2,1153,4.2824
2012,9,1,3,1041,5.0093
2012,9,1,4,1207,4.4860
2012,9,1,5,732,3.9997
2012,9,2,1,378,4.4905
2012,9,2,2,572,2.4648
2012,9,2,3,540,2.9323
2012,9,2,4,582,4.5336
2012,9,2,5,320,4.1319
2012,9,3,1,417,3.8246
2012,9,3,2,560,2.2522
2012,9,3,3,541,2.6220
2012,9,3,4,588,3.2076
2012,9,3,5,423,3.3565
2012,10,1,1,808,-1.3153
2012,10,1,2,1180,-2.3252
2012,10,1,3,1012,-0.7633
2012,10,1,4,1149,-1.4949
2012,10,1,5,775,-1.2202
2012,10,2,1,427,0.6309
2012,10,2,2,597,-0.5506
2012,10,2,3,545,-0.1732
2012,10,2,4,563,-1.4325
2012,10,2,5,337,-1.1970
2012,10,3,1,451,0.0564
2012,10,3,2,656,-0.8034
2012,10,3,3,543,-0.0197
2012,10,3,4,608,-1.1482
2012,10,3,5,445,-0.4695
2012,11,1,1,937,-0.1385
2012,11,1,2,1088,-0.2671
2012,11,1,3,1171,0.9893
2012,11,1,4,1133,0.9290
2012,11,1,5,846,-0.3288
2012,11,2,1,503,1.4369
2012,11,2,2,546,2.9032
2012,11,2,3,582,1.5516
2012,11,2,4,562,1.7984
2012,11,2,5,370,0.4220
2012,11,3,1,527,1.2531
2012,11,3,2,596,1.1522
2012,11,3,3,579,1.6743
2012,11,3,4,643,1.6475
2012,11,3,5,480,0.3685
2012,12,1,1,1006,3.5010
2012,12,1,2,1227,3.1899
2012,12,1,3,1066,3.3811
2012,12,1,4,1091,2.7508
2012,12,1,5,836,3.2053
2012,12,2,1,528,4.4804
2012,12,2,2,603,3.5579
2012,12,2,3,544,4.1766
2012,12,2,4,552,2.9017
2012,12,2,5,378,4.4141
2012,12,3,1,563,1.8834
2012,12,3,2,677,1.1893
2012,12,3,3,538,2.1324
2012,12,3,4,626,1.4178
2012,12,3,5,451,2.3044
2013,1,1,1,1116,3.8818
2013,1,1,2,1168,4.5846
2013,1,1,3,1092,4.9409
2013,1,1,4,943,4.9472
2013,1,1,5,859,5.0573
2013,1,2,1,540,4.7649
2013,1,2,2,592,5.9594
2013,1,2,3,543,6.2287
2013,1,2,4,475,5.9591
2013,1,2,5,412,6.7995
2013,1,3,1,583,4.5692
2013,1,3,2,664,4.6835
2013,1,3,3,487,5.2791
2013,1,3,4,577,6.4221
2013,1,3,5,484,6.0336
2013,2,1,1,1084,-0.8717
2013,2,1,2,1007,-0.8098
2013,2,1,3,1107,0.1831
2013,2,1,4,860,0.6423
2013,2,1,5,569,-0.5710
2013,2,2,1,525,1.3421
2013,2,2,2,504,0.7147
2013,2,2,3,538,2.3528
2013,2,2,4,432,1.9948
2013,2,2,5,309,1.6651
2013,2,3,1,579,1.0445
2013,2,3,2,567,1.1070
2013,2,3,3,501,1.1905
2013,2,3,4,506,2.1726
2013,2,3,5,306,-0.4553
2013,3,1,1,1151,2.2602
2013,3,1,2,1015,3.4248
2013,3,1,3,1066,5.2554
2013,3,1,4,758,5.2174
2013,3,1,5,573,4.3891
2013,3,2,1,546,4.2453
2013,3,2,2,530,4.9772
2013,3,2,3,546,4.9503
2013,3,2,4,374,5.6079
2013,3,2,5,308,5.3769
2013,3,3,1,623,4.2550
2013,3,3,2,621,4.0010
2013,3,3,3,536,4.5467
2013,3,3,4,456,4.7951
2013,3,3,5,310,5.3984
2013,4,1,1,1121,-0.3171
2013,4,1,2,985,-2.4340
2013,4,1,3,1081,0.8577
2013,4,1,4,764,1.0949
2013,4,1,5,714,1.0560
2013,4,2,1,535,-2.6913
2013,4,2,2,519,-1.4986
2013,4,2,3,539,-1.1510
2013,4,2,4,369,-1.2742
2013,4,2,5,330,-2.9748
2013,4,3,1,617,-0.9659
2013,4,3,2,611,0.0216
2013,4,3,3,557,1.7420
2013,4,3,4,461,1.1416
2013,4,3,5,332,0.6048
2013,5,1,1,922,5.6249
2013,5,1,2,1012,5.4393
2013,5,1,3,1014,5.5463
2013,5,1,4,944,4.8806
2013,5,1,5,725,5.0461
2013,5,2,1,435,3.5992
2013,5,2,2,535,4.6385
2013,5,2,3,510,5.3603
2013,5,2,4,466,4.5699
2013,5,2,5,345,6.0056
2013,5,3,1,548,2.5494
2013,5,3,2,615,2.3942
2013,5,3,3,525,2.0529
2013,5,3,4,577,1.8481
2013,5,3,5,400,2.5828
2013,6,1,1,900,-1.8712
2013,6,1,2,1229,-0.0404
2013,6,1,3,1117,1.8992
2013,6,1,4,1098,2.3383
2013,6,1,5,708,1.0221
2013,6,2,1,432,-3.8641
2013,6,2,2,588,-0.9411
2013,6,2,3,557,1.4202
2013,6,2,4,540,-0.4189
2013,6,2,5,346,-0.8203
2013,6,3,1,518,-4.7611
2013,6,3,2,631,-2.0981
2013,6,3,3,600,-1.0119
2013,6,3,4,615,-1.4219
2013,6,3,5,398,-2.2739
2013,7,1,1,627,6.9121
2013,7,1,2,1214,7.1821
2013,7,1,3,1071,7.3563
2013,7,1,4,1152,5.7301
2013,7,1,5,681,7.7221
2013,7,2,1,338,4.9817
2013,7,2,2,598,5.8470
2013,7,2,3,542,6.8077
2013,7,2,4,563,5.9628
2013,7,2,5,344,6.7197
2013,7,3,1,410,4.8973
2013,7,3,2,643,5.9160
2013,7,3,3,588,5.4547
2013,7,3,4,657,4.9220
2013,7,3,5,393,6.4230
2013,8,1,1,621,-2.0968
2013,8,1,2,1123,-3.0252
2013,8,1,3,1184,-3.0125
2013,8,1,4,991,-1.5203
2013,8,1,5,728,-1.8995
2013,8,2,1,336,-2.5468
2013,8,2,2,577,-1.8878
2013,8,2,3,594,-3.0415
2013,8,2,4,516,-2.2375
2013,8,2,5,348,-3.5174
2013,8,3,1,391,-0.6219
2013,8,3,2,631,-1.9225
2013,8,3,3,620,-2.6552
2013,8,3,4,591,-2.3706
2013,8,3,5,388,-1.9336
2013,9,1,1,703,2.6803
2013,9,1,2,984,6.4141
2013,9,1,3,1172,6.8994
2013,9,1,4,967,6.2462
2013,9,1,5,861,5.7551
2013,9,2,1,384,4.8141
2013,9,2,2,507,6.1244
2013,9,2,3,571,6.1604
2013,9,2,4,509,6.1009
2013,9,2,5,431,7.6779
2013,9,3,1,455,3.7053
2013,9,3,2,543,4.4683
2013,9,3,3,569,4.7841
2013,9,3,4,582,4.3870
2013,9,3,5,484,5.0577
2013,10,1,1,690,1.5955
2013,10,1,2,928,2.9537
2013,10,1,3,1193,2.4294
2013,10,1,4,944,3.1786
2013,10,1,5,876,3.3838
2013,10,2,1,377,3.5781
2013,10,2,2,469,4.1344
2013,10,2,3,607,3.7677
2013,10,2,4,506,3.5786
2013,10,2,5,449,3.5745
2013,10,3,1,434,4.3842
2013,10,3,2,525,4.6942
2013,10,3,3,598,5.4121
2013,10,3,4,574,3.9889
2013,10,3,5,491,3.7812
2013,11,1,1,774,3.4287
2013,11,1,2,1017,5.2012
2013,11,1,3,1130,5.6141
2013,11,1,4,910,4.0957
2013,11,1,5,847,4.3636
2013,11,2,1,427,2.7336
2013,11,2,2,513,3.1385
2013,11,2,3,575,3.7240
2013,11,2,4,488,4.2740
2013,11,2,5,407,3.7551
2013,11,3,1,500,0.6312
2013,11,3,2,570,1.9074
2013,11,3,3,582,2.7722
2013,11,3,4,564,2.5654
2013,11,3,5,416,1.7779
2013,12,1,1,749,1.3350
2013,12,1,2,1058,2.7091
2013,12,1,3,1121,3.2824
2013,12,1,4,1021,3.3295
2013,12,1,5,811,1.8266
2013,12,2,1,410,2.4635
2013,12,2,2,526,2.5155
2013,12,2,3,564,2.0978
2013,12,2,4,550,2.8483
2013,12,2,5,401,3.4540
2013,12,3,1,490,2.8403
2013,12,3,2,579,3.2314
2013,12,3,3,580,3.3084
2013,12,3,4,635,3.1233
2013,12,3,5,410,4.0873
2014,1,1,1,956,0.8876
2014,1,1,2,1089,-2.4562
2014,1,1,3,960,-1.9078
2014,1,1,4,1004,-2.2301
2014,1,1,5,746,-1.5147
2014,1,2,1,462,-3.0432
2014,1,2,2,550,-1.5411
2014,1,2,3,519,-3.6260
2014,1,2,4,539,-4.1564
2014,1,2,5,367,-2.4959
2014,1,3,1,516,-4.3587
2014,1,3,2,609,-3.3132
2014,1,3,3,540,-3.5598
2014,1,3,4,583,-3.8187
2014,1,3,5,355,-3.7123
2014,2,1,1,967,5.5168
2014,2,1,2,1059,4.9510
2014,2,1,3,1089,4.1910
2014,2,1,4,998,5.4564
2014,2,1,5,869,4.4407
2014,2,2,1,466,6.1727
2014,2,2,2,524,5.7723
2014,2,2,3,567,3.8973
2014,2,2,4,528,5.1152
2014,2,2,5,449,7.6751
2014,2,3,1,517,4.5053
2014,2,3,2,557,4.7440
2014,2,3,3,599,4.4746
2014,2,3,4,572,5.2530
2014,2,3,5,447,5.8532
2014,3,1,1,978,-1.1478
2014,3,1,2,1050,0.8838
2014,3,1,3,1061,1.4432
2014,3,1,4,1189,1.5817
2014,3,1,5,865,-0.0284
2014,3,2,1,483,0.1473
2014,3,2,2,518,0.3020
2014,3,2,3,563,-0.4779
2014,3,2,4,590,0.4469
2014,3,2,5,441,-0.1009
2014,3,3,1,527,0.9617
2014,3,3,2,541,1.0507
2014,3,3,3,594,-0.0033
2014,3,3,4,640,-0.3000
2014,3,3,5,448,-0.7785
2014,4,1,1,979,-4.9269
2014,4,1,2,1147,-5.6042
2014,4,1,3,854,-5.4769
2014,4,1,4,1285,-4.7147
2014,4,1,5,906,-4.9323
2014,4,2,1,492,-2.6352
2014,4,2,2,572,-2.9010
2014,4,2,3,438,-3.0291
2014,4,2,4,643,-2.4006
2014,4,2,5,461,-2.2289
2014,4,3,1,536,0.0718
2014,4,3,2,595,0.8458
2014,4,3,3,447,0.6228
2014,4,3,4,721,0.2556
2014,4,3,5,481,0.7191
2014,5,1,1,1016,-1.1691
2014,5,1,2,894,-1.1008
2014,5,1,3,859,-1.7287
2014,5,1,4,1151,-0.2596
2014,5,1,5,976,-0.8870
2014,5,2,1,498,-0.5555
2014,5,2,2,500,-0.0447
2014,5,2,3,461,0.2822
2014,5,2,4,607,-0.7194
2014,5,2,5,508,-1.0668
2014,5,3,1,509,1.8354
2014,5,3,2,524,1.5686
2014,5,3,3,486,2.6145
2014,5,3,4,674,1.8302
2014,5,3,5,555,2.2068
2014,6,1,1,985,5.4655
2014,6,1,2,860,4.7297
2014,6,1,3,1121,3.8686
2014,6,1,4,1187,4.5533
2014,6,1,5,996,4.4964
2014,6,2,1,463,6.0842
2014,6,2,2,477,5.5583
2014,6,2,3,549,4.8814
2014,6,2,4,623,4.8613
2014,6,2,5,502,5.2892
2014,6,3,1,439,3.3176
2014,6,3,2,501,2.5024
2014,6,3,3,576,2.5181
2014,6,3,4,691,2.4215
2014,6,3,5,558,2.9386
2014,7,1,1,988,-5.1886
2014,7,1,2,912,-6.3032
2014,7,1,3,1117,-5.8840
2014,7,1,4,1146,-6.3121
2014,7,1,5,985,-5.8673
2014,7,2,1,477,-7.1376
2014,7,2,2,512,-5.9927
2014,7,2,3,553,-6.2046
2014,7,2,4,597,-6.3743
2014,7,2,5,498,-5.9795
2014,7,3,1,498,-2.6566
2014,7,3,2,537,-3.7173
2014,7,3,3,548,-2.7437
2014,7,3,4,696,-2.4937
2014,7,3,5,582,-2.6097
2014,8,1,1,965,4.7470
2014,8,1,2,823,5.8107
2014,8,1,3,1167,4.6584
2014,8,1,4,1204,4.5626
2014,8,1,5,1063,6.1352
2014,8,2,1,459,5.0635
2014,8,2,2,471,5.5027
2014,8,2,3,590,5.0374
2014,8,2,4,627,5.0548
2014,8,2,5,522,5.0990
2014,8,3,1,470,4.3151
2014,8,3,2,532,4.8205
2014,8,3,3,612,4.1004
2014,8,3,4,728,4.5912
2014,8,3,5,596,4.7444
2014,9,1,1,993,-8.2914
2014,9,1,2,928,-7.2605
2014,9,1,3,1114,-6.9712
2014,9,1,4,1078,-6.9948
2014,9,1,5,1015,-6.7945
2014,9,2,1,474,-7.2905
2014,9,2,2,541,-6.4150
2014,9,2,3,568,-5.3638
2014,9,2,4,556,-5.3085
2014,9,2,5,488,-6.1829
2014,9,3,1,503,-3.6414
2014,9,3,2,626,-3.4471
2014,9,3,3,592,-2.3276
2014,9,3,4,646,-2.2706
2014,9,3,5,541,-2.8127
2014,10,1,1,866,2.6809
2014,10,1,2,883,4.1963
2014,10,1,3,1076,4.8707
2014,10,1,4,1195,4.2632
2014,10,1,5,1007,3.0886
2014,10,2,1,444,1.9376
2014,10,2,2,523,5.0766
2014,10,2,3,596,5.0456
2014,10,2,4,623,4.6031
2014,10,2,5,502,3.5076
2014,10,3,1,489,0.4474
2014,10,3,2,594,2.2922
2014,10,3,3,603,2.3318
2014,10,3,4,723,1.7531
2014,10,3,5,551,0.6253
2014,11,1,1,617,-1.8175
2014,11,1,2,861,-0.6977
2014,11,1,3,1091,-1.8231
2014,11,1,4,1043,-1.6975
2014,11,1,5,1077,-1.0751
2014,11,2,1,338,-1.2834
2014,11,2,2,518,0.4848
2014,11,2,3,594,0.6447
2014,11,2,4,605,0.1675
2014,11,2,5,538,0.1229
2014,11,3,1,381,1.9329
2014,11,3,2,602,3.2675
2014,11,3,3,615,3.5719
2014,11,3,4,697,4.0689
2014,11,3,5,554,3.1318
2014,12,1,1,693,1.0395
2014,12,1,2,998,3.8516
2014,12,1,3,1104,4.6144
2014,12,1,4,1009,3.6055
2014,12,1,5,1066,2.5191
2014,12,2,1,375,-1.0405
2014,12,2,2,572,2.5030
2014,12,2,3,593,2.0506
2014,12,2,4,601,1.4410
2014,12,2,5,561,1.1501
2014,12,3,1,422,-2.0671
2014,12,3,2,594,-0.2985
2014,12,3,3,635,-0.9263
2014,12,3,4,685,-0.8543
2014,12,3,5,576,-1.3966
2015,1,1,1,682,-8.3834
2015,1,1,2,902,-4.4292
2015,1,1,3,781,-6.8743
2015,1,1,4,1056,-5.4529
2015,1,1,5,1046,-2.3380
2015,1,2,1,353,-5.8875
2015,1,2,2,505,-3.6126
2015,1,2,3,496,-3.2914
2015,1,2,4,620,-3.8340
2015,1,2,5,550,-2.1999
2015,1,3,1,380,-2.1740
2015,1,3,2,521,-1.8209
2015,1,3,3,553,-1.8508
2015,1,3,4,687,-2.4268
2015,1,3,5,553,-0.6505
2015,2,1,1,610,8.0380
2015,2,1,2,977,5.3160
2015,2,1,3,723,4.3862
2015,2,1,4,933,4.4457
2015,2,1,5,892,2.0122
2015,2,2,1,322,9.7327
2015,2,2,2,562,7.1611
2015,2,2,3,452,6.2338
2015,2,2,4,573,6.0490
2015,2,2,5,493,6.8153
2015,2,3,1,337,9.1965
2015,2,3,2,590,6.7277
2015,2,3,3,502,5.9283
2015,2,3,4,634,6.8003
2015,2,3,5,475,6.1874
2015,3,1,1,729,-3.3046
2015,3,1,2,931,1.3959
2015,3,1,3,666,0.3510
2015,3,1,4,995,0.1880
2015,3,1,5,924,-1.0668
2015,3,2,1,408,-3.0025
2015,3,2,2,544,1.9628
2015,3,2,3,418,1.8113
2015,3,2,4,580,1.3332
2015,3,2,5,507,0.0736
2015,3,3,1,433,-4.9481
2015,3,3,2,551,-0.9278
2015,3,3,3,464,-1.3115
2015,3,3,4,586,-1.7844
2015,3,3,5,499,-2.1744
2015,4,1,1,716,2.1194
2015,4,1,2,1037,1.2339
2015,4,1,3,863,0.1711
2015,4,1,4,1141,-0.7366
2015,4,1,5,941,0.4525
2015,4,2,1,391,1.3820
2015,4,2,2,593,-0.5698
2015,4,2,3,495,-1.9277
2015,4,2,4,647,-0.8693
2015,4,2,5,535,-1.4989
2015,4,3,1,422,5.1641
2015,4,3,2,591,0.4501
2015,4,3,3,547,-0.2860
2015,4,3,4,670,-1.1629
2015,4,3,5,523,-0.5444
2015,5,1,1,770,-2.0961
2015,5,1,2,1065,-0.6078
2015,5,1,3,958,0.7134
2015,5,1,4,1196,-0.1479
2015,5,1,5,1021,-2.1962
2015,5,2,1,419,-0.6924
2015,5,2,2,626,1.2059
2015,5,2,3,533,1.2214
2015,5,2,4,670,1.8395
2015,5,2,5,584,-0.1491
2015,5,3,1,456,-0.6139
2015,5,3,2,626,0.9552
2015,5,3,3,594,1.5640
2015,5,3,4,715,1.2337
2015,5,3,5,614,0.5778
2015,6,1,1,862,-1.2156
2015,6,1,2,1027,2.2272
2015,6,1,3,971,1.5665
2015,6,1,4,1196,0.3778
2015,6,1,5,1071,3.3833
2015,6,2,1,469,-3.6524
2015,6,2,2,584,0.8258
2015,6,2,3,553,0.7097
2015,6,2,4,668,-0.7520
2015,6,2,5,597,-1.5586
2015,6,3,1,518,-4.9694
2015,6,3,2,566,-1.5535
2015,6,3,3,600,-1.7679
2015,6,3,4,692,-2.6973
2015,6,3,5,624,-3.1142
2015,7,1,1,808,-9.9318
2015,7,1,2,992,-5.7310
2015,7,1,3,861,-5.4365
2015,7,1,4,1095,-5.0992
2015,7,1,5,962,-7.0151
2015,7,2,1,448,-8.0439
2015,7,2,2,567,-3.8719
2015,7,2,3,509,-2.8079
2015,7,2,4,609,-1.9223
2015,7,2,5,535,-6.7537
2015,7,3,1,508,-3.6400
2015,7,3,2,558,1.2235
2015,7,3,3,548,2.0907
2015,7,3,4,617,2.5264
2015,7,3,5,556,-0.6794
2015,8,1,1,820,3.4421
2015,8,1,2,917,-4.2521
2015,8,1,3,922,-2.8654
2015,8,1,4,1135,-3.7548
2015,8,1,5,1005,-0.0552
2015,8,2,1,457,-0.6474
2015,8,2,2,516,-4.6050
2015,8,2,3,542,-4.5274
2015,8,2,4,641,-6.0410
2015,8,2,5,556,-0.5636
2015,8,3,1,500,-4.6839
2015,8,3,2,509,-4.9081
2015,8,3,3,630,-5.0976
2015,8,3,4,672,-5.4441
2015,8,3,5,549,-4.8517
2015,9,1,1,927,-10.3091
2015,9,1,2,1097,-6.1106
2015,9,1,3,878,-4.7995
2015,9,1,4,1062,-5.8999
2015,9,1,5,984,-8.1136
2015,9,2,1,480,-9.0780
2015,9,2,2,597,-5.5122
2015,9,2,3,502,-3.9353
2015,9,2,4,614,-5.5062
2015,9,2,5,536,-8.6227
2015,9,3,1,529,-7.4098
2015,9,3,2,616,-3.3944
2015,9,3,3,562,-2.7881
2015,9,3,4,643,-3.3558
2015,9,3,5,518,-5.3829
2015,10,1,1,948,4.4182
2015,10,1,2,1114,6.4184
2015,10,1,3,931,8.1011
2015,10,1,4,1118,7.1029
2015,10,1,5,968,3.5535
2015,10,2,1,516,6.4838
2015,10,2,2,573,6.5170
2015,10,2,3,520,8.2092
2015,10,2,4,618,6.0440
2015,10,2,5,540,3.5930
2015,10,3,1,542,4.9855
2015,10,3,2,594,8.4657
2015,10,3,3,609,7.1403
2015,10,3,4,681,7.6027
2015,10,3,5,533,6.6555
2015,11,1,1,990,1.0249
2015,11,1,2,1066,0.8999
2015,11,1,3,928,1.9354
2015,11,1,4,1060,2.0903
2015,11,1,5,951,-0.0315
2015,11,2,1,548,2.2293
2015,11,2,2,535,1.5783
2015,11,2,3,509,2.0529
2015,11,2,4,572,1.4986
2015,11,2,5,514,1.3777
2015,11,3,1,602,1.1004
2015,11,3,2,576,-0.3052
2015,11,3,3,614,0.7633
2015,11,3,4,638,-0.4704
2015,11,3,5,539,-0.0818
2015,12,1,1,903,-6.8621
2015,12,1,2,1065,-6.1880
2015,12,1,3,1162,-4.2644
2015,12,1,4,1275,-3.6272
2015,12,1,5,690,-5.5072
2015,12,2,1,471,-6.2593
2015,12,2,2,530,-5.7556
2015,12,2,3,612,-4.5831
2015,12,2,4,682,-4.8351
2015,12,2,5,413,-5.0662
2015,12,3,1,538,-2.2241
2015,12,3,2,580,-1.9696
2015,12,3,3,671,-1.7828
2015,12,3,4,779,-1.6056
2015,12,3,5,456,-2.1436
2016,1,1,1,895,-8.5265
2016,1,1,2,1009,-7.7528
2016,1,1,3,1077,-9.3018
2016,1,1,4,1279,-8.9228
2016,1,1,5,941,-7.2067
2016,1,2,1,470,-7.0504
2016,1,2,2,538,-8.3364
2016,1,2,3,577,-8.2427
2016,1,2,4,687,-8.7298
2016,1,2,5,501,-8.3949
2016,1,3,1,539,-5.1058
2016,1,3,2,592,-5.7080
2016,1,3,3,614,-5.3545
2016,1,3,4,777,-5.4696
2016,1,3,5,533,-3.1672
2016,2,1,1,930,2.0384
2016,2,1,2,945,2.6060
2016,2,1,3,1046,0.6893
2016,2,1,4,1249,0.3383
2016,2,1,5,908,3.8140
2016,2,2,1,488,4.3809
2016,2,2,2,520,3.6680
2016,2,2,3,563,2.7437
2016,2,2,4,652,1.0787
2016,2,2,5,504,4.9461
2016,2,3,1,562,2.4106
2016,2,3,2,569,2.6543
2016,2,3,3,563,2.5675
2016,2,3,4,742,1.7710
2016,2,3,5,600,2.5688
2016,3,1,1,989,9.0810
2016,3,1,2,868,7.6119
2016,3,1,3,1031,10.1510
2016,3,1,4,1228,8.6165
2016,3,1,5,921,9.4245
2016,3,2,1,505,11.4539
2016,3,2,2,479,9.0745
2016,3,2,3,571,9.8772
2016,3,2,4,644,9.9211
2016,3,2,5,518,9.4277
2016,3,3,1,575,8.5061
2016,3,3,2,507,6.9683
2016,3,3,3,621,7.8098
2016,3,3,4,722,7.0029
2016,3,3,5,609,6.8051
2016,4,1,1,925,8.0594
2016,4,1,2,657,3.8536
2016,4,1,3,1125,4.8784
2016,4,1,4,1120,4.0587
2016,4,1,5,936,8.5325
2016,4,2,1,472,6.1252
2016,4,2,2,449,2.6582
2016,4,2,3,582,3.0622
2016,4,2,4,578,3.7741
2016,4,2,5,529,7.8552
2016,4,3,1,542,2.6441
2016,4,3,2,498,0.7014
2016,4,3,3,650,1.4202
2016,4,3,4,563,1.0396
2016,4,3,5,618,3.7965
2016,5,1,1,962,-0.9995
2016,5,1,2,679,-2.7857
2016,5,1,3,1120,-2.3958
2016,5,1,4,1085,-2.0456
2016,5,1,5,870,-4.1387
2016,5,2,1,508,0.8724
2016,5,2,2,446,-0.4160
2016,5,2,3,578,1.5875
2016,5,2,4,534,2.0219
2016,5,2,5,475,-1.2614
2016,5,3,1,561,1.0875
2016,5,3,2,505,0.6665
2016,5,3,3,644,1.3057
2016,5,3,4,522,1.4491
2016,5,3,5,561,0.2494
2016,6,1,1,983,2.5322
2016,6,1,2,723,2.5868
2016,6,1,3,817,2.9339
2016,6,1,4,1074,0.4041
2016,6,1,5,1147,5.5388
2016,6,2,1,523,2.7113
2016,6,2,2,463,1.4972
2016,6,2,3,463,1.4830
2016,6,2,4,539,1.0616
2016,6,2,5,590,3.6118
2016,6,3,1,536,0.7497
2016,6,3,2,553,0.6382
2016,6,3,3,547,1.5123
2016,6,3,4,536,0.3025
2016,6,3,5,677,2.1020
2016,7,1,1,895,8.1746
2016,7,1,2,1194,5.3578
2016,7,1,3,847,6.0511
2016,7,1,4,1056,5.9486
2016,7,1,5,820,11.4920
2016,7,2,1,477,7.5480
2016,7,2,2,629,5.2700
2016,7,2,3,488,6.2220
2016,7,2,4,547,6.0433
2016,7,2,5,466,7.8621
2016,7,3,1,489,5.0592
2016,7,3,2,707,3.6527
2016,7,3,3,584,3.7165
2016,7,3,4,549,4.0808
2016,7,3,5,568,5.4836
2016,8,1,1,886,1.1809
2016,8,1,2,1170,2.3129
2016,8,1,3,806,2.5181
2016,8,1,4,989,2.4857
2016,8,1,5,816,3.3738
2016,8,2,1,465,-0.3692
2016,8,2,2,619,1.1866
2016,8,2,3,471,0.7761
2016,8,2,4,507,2.0904
2016,8,2,5,478,-0.4559
2016,8,3,1,522,-0.8514
2016,8,3,2,695,0.0989
2016,8,3,3,562,-0.5409
2016,8,3,4,509,0.1218
2016,8,3,5,559,-2.3890
2016,9,1,1,873,3.7589
2016,9,1,2,1204,1.8621
2016,9,1,3,847,1.3882
2016,9,1,4,1123,2.3793
2016,9,1,5,774,5.6811
2016,9,2,1,408,0.1858
2016,9,2,2,625,-1.2828
2016,9,2,3,467,0.6562
2016,9,2,4,561,1.7452
2016,9,2,5,440,1.5995
2016,9,3,1,446,-0.5752
2016,9,3,2,701,-0.5772
2016,9,3,3,568,-0.3790
2016,9,3,4,586,0.1643
2016,9,3,5,510,0.6644
2016,10,1,1,940,-4.6188
2016,10,1,2,1179,-4.2537
2016,10,1,3,1077,-4.7826
2016,10,1,4,1067,-6.3031
2016,10,1,5,791,-4.5906
2016,10,2,1,427,-4.9482
2016,10,2,2,589,-4.9009
2016,10,2,3,507,-5.6105
2016,10,2,4,529,-5.6719
2016,10,2,5,443,-5.8137
2016,10,3,1,481,-1.4170
2016,10,3,2,693,-2.9499
2016,10,3,3,585,-2.3343
2016,10,3,4,602,-2.6223
2016,10,3,5,523,-2.6827
2016,11,1,1,848,10.3429
2016,11,1,2,1125,10.3917
2016,11,1,3,1164,13.0532
2016,11,1,4,1119,10.8498
2016,11,1,5,743,9.3978
2016,11,2,1,375,9.5614
2016,11,2,2,548,11.4290
2016,11,2,3,557,11.7708
2016,11,2,4,510,10.7890
2016,11,2,5,420,9.7019
2016,11,3,1,411,5.5692
2016,11,3,2,605,3.3337
2016,11,3,3,655,5.2256
2016,11,3,4,593,4.0542
2016,11,3,5,511,4.8870
2016,12,1,1,984,2.1645
2016,12,1,2,1129,2.6819
2016,12,1,3,1114,3.8659
2016,12,1,4,1171,3.8184
2016,12,1,5,656,3.3403
2016,12,2,1,440,2.0097
2016,12,2,2,559,1.8183
2016,12,2,3,523,1.9115
2016,12,2,4,526,1.6847
2016,12,2,5,368,2.0553
2016,12,3,1,495,0.7230
2016,12,3,2,566,1.2032
2016,12,3,3,572,0.5680
2016,12,3,4,611,0.8327
2016,12,3,5,472,-0.4457
2017,1,1,1,916,-0.1088
2017,1,1,2,1124,-1.9910
2017,1,1,3,1137,-1.7450
2017,1,1,4,1168,-0.6356
2017,1,1,5,732,-0.9968
2017,1,2,1,390,0.6176
2017,1,2,2,532,0.4817
2017,1,2,3,531,1.3192
2017,1,2,4,538,1.4083
2017,1,2,5,387,1.7006
2017,1,3,1,443,2.5581
2017,1,3,2,556,3.2357
2017,1,3,3,594,3.4313
2017,1,3,4,610,2.9308
2017,1,3,5,493,3.3942
2017,2,1,1,915,-0.6973
2017,2,1,2,1123,-1.2606
2017,2,1,3,1222,0.2413
2017,2,1,4,920,-0.2028
2017,2,1,5,756,-1.3533
2017,2,2,1,391,-0.4434
2017,2,2,2,536,1.0948
2017,2,2,3,550,0.3115
2017,2,2,4,500,-0.2585
2017,2,2,5,388,-0.2871
2017,2,3,1,446,2.4610
2017,2,3,2,614,2.8059
2017,2,3,3,632,4.1996
2017,2,3,4,609,3.3580
2017,2,3,5,509,2.2928
2017,3,1,1,958,0.5457
2017,3,1,2,1138,1.4295
2017,3,1,3,1154,0.7020
2017,3,1,4,791,1.4538
2017,3,1,5,1034,1.2542
2017,3,2,1,415,1.2163
2017,3,2,2,538,2.3526
2017,3,2,3,520,0.5083
2017,3,2,4,421,0.9876
2017,3,2,5,434,-0.4371
2017,3,3,1,496,0.8664
2017,3,3,2,618,0.8353
2017,3,3,3,586,-0.0941
2017,3,3,4,520,0.2259
2017,3,3,5,536,0.2502
2017,4,1,1,951,-2.8551
2017,4,1,2,1192,-0.9574
2017,4,1,3,904,1.6801
2017,4,1,4,751,0.2492
2017,4,1,5,1050,0.0394
2017,4,2,1,421,1.9758
2017,4,2,2,581,1.4094
2017,4,2,3,466,1.8424
2017,4,2,4,408,2.2903
2017,4,2,5,445,1.9887
2017,4,3,1,511,-0.2142
2017,4,3,2,681,1.6467
2017,4,3,3,608,1.6253
2017,4,3,4,508,0.9392
2017,4,3,5,527,1.1461
2017,5,1,1,660,-0.3201
2017,5,1,2,1207,-3.6334
2017,5,1,3,845,-1.5276
2017,5,1,4,860,-1.7478
2017,5,1,5,1053,-0.5410
2017,5,2,1,350,-0.6886
2017,5,2,2,592,-1.8800
2017,5,2,3,437,-1.7886
2017,5,2,4,462,-1.5617
2017,5,2,5,446,-1.0005
2017,5,3,1,458,0.5106
2017,5,3,2,691,1.0134
2017,5,3,3,563,1.6548
2017,5,3,4,577,1.4698
2017,5,3,5,540,1.5921
2017,6,1,1,507,4.3426
2017,6,1,2,1098,4.7791
2017,6,1,3,918,4.3169
2017,6,1,4,914,3.1147
2017,6,1,5,972,2.7794
2017,6,2,1,291,1.5809
2017,6,2,2,536,3.4359
2017,6,2,3,450,2.5755
2017,6,2,4,500,1.4116
2017,6,2,5,402,1.9589
2017,6,3,1,332,1.3789
2017,6,3,2,638,1.4810
2017,6,3,3,596,0.3672
2017,6,3,4,629,0.3955
2017,6,3,5,494,0.1199
2017,7,1,1,732,-0.7401
2017,7,1,2,955,-0.5426
2017,7,1,3,935,-0.8172
2017,7,1,4,744,-1.2592
2017,7,1,5,902,-0.7103
2017,7,2,1,426,1.9406
2017,7,2,2,474,1.2941
2017,7,2,3,481,1.7861
2017,7,2,4,429,1.4726
2017,7,2,5,393,1.1851
2017,7,3,1,539,2.8398
2017,7,3,2,589,1.4015
2017,7,3,3,633,1.5636
2017,7,3,4,519,1.5798
2017,7,3,5,421,1.4124
2017,8,1,1,739,-0.0509
2017,8,1,2,911,-2.1394
2017,8,1,3,1067,-1.6257
2017,8,1,4,801,-1.4894
2017,8,1,5,1000,0.1223
2017,8,2,1,438,-1.5496
2017,8,2,2,429,-2.0623
2017,8,2,3,481,-2.9038
2017,8,2,4,445,-2.0605
2017,8,2,5,446,-1.1144
2017,8,3,1,539,-1.4436
2017,8,3,2,479,-0.1283
2017,8,3,3,598,0.0039
2017,8,3,4,547,-0.3749
2017,8,3,5,486,0.3820
2017,9,1,1,705,5.8740
2017,9,1,2,1065,8.6118
2017,9,1,3,958,7.6663
2017,9,1,4,753,8.2817
2017,9,1,5,989,8.1323
2017,9,2,1,423,5.5497
2017,9,2,2,484,7.5544
2017,9,2,3,419,7.2472
2017,9,2,4,430,7.7454
2017,9,2,5,457,5.0608
2017,9,3,1,514,2.7248
2017,9,3,2,547,2.7054
2017,9,3,3,518,1.9202
2017,9,3,4,542,2.3206
2017,9,3,5,542,2.4051
2017,10,1,1,706,-2.0288
2017,10,1,2,1139,-0.9191
2017,10,1,3,943,-0.9165
2017,10,1,4,751,0.9458
2017,10,1,5,1072,-2.6095
2017,10,2,1,424,-0.2451
2017,10,2,2,525,1.0495
2017,10,2,3,421,1.1545
2017,10,2,4,435,1.8047
2017,10,2,5,517,0.9164
2017,10,3,1,510,0.5575
2017,10,3,2,587,2.2296
2017,10,3,3,509,1.8511
2017,10,3,4,527,2.8340
2017,10,3,5,619,2.1950
2017,11,1,1,988,3.7586
2017,11,1,2,1159,3.0060
2017,11,1,3,985,3.7580
2017,11,1,4,860,3.6146
2017,11,1,5,1080,1.9556
2017,11,2,1,487,2.7798
2017,11,2,2,550,2.9962
2017,11,2,3,447,4.5624
2017,11,2,4,467,3.0385
2017,11,2,5,528,2.5423
2017,11,3,1,561,4.3630
2017,11,3,2,614,3.0243
2017,11,3,3,535,3.3891
2017,11,3,4,569,3.4903
2017,11,3,5,632,3.6140
2017,12,1,1,962,2.4991
2017,12,1,2,1176,2.1588
2017,12,1,3,1131,0.9506
2017,12,1,4,792,2.3756
2017,12,1,5,1124,0.6145
2017,12,2,1,458,0.9467
2017,12,2,2,563,1.2830
2017,12,2,3,531,0.4837
2017,12,2,4,437,1.7899
2017,12,2,5,566,1.2049
2017,12,3,1,547,1.9871
2017,12,3,2,599,1.6826
2017,12,3,3,627,1.8734
2017,12,3,4,519,2.1401
2017,12,3,5,667,1.0485
2018,1,1,1,900,-0.2485
2018,1,1,2,1189,-0.1240
2018,1,1,3,1105,-0.7673
2018,1,1,4,844,-0.6294
2018,1,1,5,1055,-0.0726
2018,1,2,1,409,1.4857
2018,1,2,2,578,0.7299
2018,1,2,3,527,0.8457
2018,1,2,4,467,1.7805
2018,1,2,5,565,1.1802
2018,1,3,1,500,3.8895
2018,1,3,2,619,5.1047
2018,1,3,3,614,5.1238
2018,1,3,4,556,4.7936
2018,1,3,5,654,4.7216
2018,2,1,1,886,-6.4821
2018,2,1,2,1202,-5.3477
2018,2,1,3,1042,-5.2864
2018,2,1,4,1041,-4.9378
2018,2,1,5,1042,-5.7691
2018,2,2,1,414,-4.3056
2018,2,2,2,581,-5.0038
2018,2,2,3,481,-4.6320
2018,2,2,4,493,-3.9703
2018,2,2,5,547,-3.8083
2018,2,3,1,494,-3.8707
2018,2,3,2,639,-4.5239
2018,2,3,3,546,-3.1474
2018,2,3,4,503,-3.6620
2018,2,3,5,640,-3.3339
2018,3,1,1,851,2.1308
2018,3,1,2,1018,0.9963
2018,3,1,3,1007,1.5392
2018,3,1,4,1000,1.8591
2018,3,1,5,771,2.4534
2018,3,2,1,381,1.3442
2018,3,2,2,482,0.8007
2018,3,2,3,497,0.0041
2018,3,2,4,466,0.4926
2018,3,2,5,463,0.4818
2018,3,3,1,470,-1.9044
2018,3,3,2,540,-1.6631
2018,3,3,3,524,-2.0222
2018,3,3,4,478,-1.5144
2018,3,3,5,536,-2.5949
2018,4,1,1,874,1.8938
2018,4,1,2,1025,1.1815
2018,4,1,3,1039,2.6131
2018,4,1,4,1000,3.4437
2018,4,1,5,790,0.9050
2018,4,2,1,399,0.3417
2018,4,2,2,495,0.5140
2018,4,2,3,503,0.4235
2018,4,2,4,455,1.2132
2018,4,2,5,466,1.1653
2018,4,3,1,499,-0.2224
2018,4,3,2,546,-1.4698
2018,4,3,3,528,-0.2807
2018,4,3,4,483,-0.5937
2018,4,3,5,579,0.3205
2018,5,1,1,559,9.1592
2018,5,1,2,995,7.3967
2018,5,1,3,1049,6.7801
2018,5,1,4,1054,8.2188
2018,5,1,5,726,7.6521
2018,5,2,1,327,4.0490
2018,5,2,2,470,5.9995
2018,5,2,3,501,4.8744
2018,5,2,4,505,5.8570
2018,5,2,5,398,6.2490
2018,5,3,1,439,1.6225
2018,5,3,2,536,1.5697
2018,5,3,3,521,1.7283
2018,5,3,4,594,2.0421
2018,5,3,5,513,2.1121
2018,6,1,1,494,0.9191
2018,6,1,2,1036,2.6192
2018,6,1,3,1031,2.4822
2018,6,1,4,1097,2.9606
2018,6,1,5,849,1.4176
2018,6,2,1,289,0.9719
2018,6,2,2,503,1.6504
2018,6,2,3,499,1.2451
2018,6,2,4,536,1.1464
2018,6,2,5,448,1.1309
2018,6,3,1,371,1.6529
2018,6,3,2,611,0.2572
2018,6,3,3,509,0.3516
2018,6,3,4,632,-0.3737
2018,6,3,5,537,1.0763
2018,7,1,1,441,0.0412
2018,7,1,2,992,0.2386
2018,7,1,3,1080,0.5785
2018,7,1,4,1002,0.1048
2018,7,1,5,786,-0.7197
2018,7,2,1,295,2.6009
2018,7,2,2,495,1.9000
2018,7,2,3,553,2.9878
2018,7,2,4,526,2.7274
2018,7,2,5,422,2.5542
2018,7,3,1,363,2.6509
2018,7,3,2,594,2.7957
2018,7,3,3,614,3.7761
2018,7,3,4,582,2.1467
2018,7,3,5,519,1.6710
2018,8,1,1,463,3.6260
2018,8,1,2,1143,3.2243
2018,8,1,3,1088,4.5481
2018,8,1,4,1013,3.9684
2018,8,1,5,1072,4.4526
2018,8,2,1,304,3.1477
2018,8,2,2,565,3.2398
2018,8,2,3,574,4.9026
2018,8,2,4,514,4.0044
2018,8,2,5,516,5.6988
2018,8,3,1,322,-0.5265
2018,8,3,2,676,1.3495
2018,8,3,3,620,1.9790
2018,8,3,4,589,0.3522
2018,8,3,5,584,1.0810
2018,9,1,1,451,-2.8141
2018,9,1,2,1146,-2.4148
2018,9,1,3,1134,-1.9671
2018,9,1,4,1051,-2.2744
2018,9,1,5,1094,-1.1415
2018,9,2,1,289,-0.7021
2018,9,2,2,562,-1.2904
2018,9,2,3,601,-1.4076
2018,9,2,4,531,-0.3805
2018,9,2,5,532,-1.4764
2018,9,3,1,299,-0.8141
2018,9,3,2,654,-0.3467
2018,9,3,3,660,0.0508
2018,9,3,4,612,0.3564
2018,9,3,5,597,0.5265
2018,10,1,1,450,-10.7374
2018,10,1,2,755,-8.1404
2018,10,1,3,1148,-10.1654
2018,10,1,4,1086,-11.6930
2018,10,1,5,1092,-11.9626
2018,10,2,1,298,-11.5741
2018,10,2,2,427,-10.3506
2018,10,2,3,587,-10.1822
2018,10,2,4,558,-12.5930
2018,10,2,5,522,-9.8633
2018,10,3,1,316,-7.7950
2018,10,3,2,503,-6.5706
2018,10,3,3,653,-7.9085
2018,10,3,4,644,-8.2316
2018,10,3,5,556,-9.1111
2018,11,1,1,466,-2.5761
2018,11,1,2,793,-2.6267
2018,11,1,3,1129,-0.8856
2018,11,1,4,1071,-2.5639
2018,11,1,5,1118,-2.2581
2018,11,2,1,305,0.1985
2018,11,2,2,461,1.3657
2018,11,2,3,600,0.8484
2018,11,2,4,546,3.0558
2018,11,2,5,553,0.9635
2018,11,3,1,318,1.5368
2018,11,3,2,525,2.1667
2018,11,3,3,678,1.1744
2018,11,3,4,584,3.5936
2018,11,3,5,637,0.9704
2018,12,1,1,486,-12.3074
2018,12,1,2,836,-12.3059
2018,12,1,3,867,-10.4085
2018,12,1,4,1026,-13.6390
2018,12,1,5,1128,-12.2833
2018,12,2,1,313,-10.1707
2018,12,2,2,512,-13.1635
2018,12,2,3,534,-11.4073
2018,12,2,4,520,-12.6681
2018,12,2,5,577,-11.4114
2018,12,3,1,336,-8.8124
2018,12,3,2,595,-9.6495
2018,12,3,3,643,-9.0522
2018,12,3,4,549,-9.3129
2018,12,3,5,674,-9.1295
2019,1,1,1,472,9.2049
2019,1,1,2,713,12.2670
2019,1,1,3,786,10.5549
2019,1,1,4,1017,11.4495
2019,1,1,5,1128,11.0698
2019,1,2,1,317,13.7907
2019,1,2,2,467,13.0589
2019,1,2,3,490,11.8643
2019,1,2,4,533,12.4125
2019,1,2,5,568,10.0958
2019,1,3,1,317,11.2534
2019,1,3,2,553,10.4182
2019,1,3,3,592,9.5987
2019,1,3,4,563,8.3384
2019,1,3,5,675,8.6725
2019,2,1,1,803,3.3816
2019,2,1,2,707,3.7812
2019,2,1,3,862,4.7962
2019,2,1,4,1162,3.9350
2019,2,1,5,1095,2.7660
2019,2,2,1,415,5.1812
2019,2,2,2,462,4.8405
2019,2,2,3,535,5.1253
2019,2,2,4,595,5.9154
2019,2,2,5,544,5.2614
2019,2,3,1,387,2.5633
2019,2,3,2,562,4.1136
2019,2,3,3,648,4.2744
2019,2,3,4,635,4.2698
2019,2,3,5,659,2.8079
2019,3,1,1,898,-5.3202
2019,3,1,2,669,-4.7509
2019,3,1,3,1136,-2.5421
2019,3,1,4,1153,-3.9643
2019,3,1,5,865,-3.7803
2019,3,2,1,447,-2.1407
2019,3,2,2,435,-2.1512
2019,3,2,3,584,-2.7623
2019,3,2,4,584,-2.0909
2019,3,2,5,424,-1.7247
2019,3,3,1,432,-0.4256
2019,3,3,2,530,0.9864
2019,3,3,3,665,1.5340
2019,3,3,4,635,0.9069
2019,3,3,5,483,0.5591
2019,4,1,1,911,1.8380
2019,4,1,2,698,1.9300
2019,4,1,3,1100,1.4350
2019,4,1,4,1095,1.6727
2019,4,1,5,902,1.0501
2019,4,2,1,439,3.9321
2019,4,2,2,453,4.3482
2019,4,2,3,572,3.7812
2019,4,2,4,571,3.7913
2019,4,2,5,424,3.8103
2019,4,3,1,437,3.0308
2019,4,3,2,560,3.7135
2019,4,3,3,662,3.2743
2019,4,3,4,657,3.9651
2019,4,3,5,492,3.1232
2019,5,1,1,865,-9.2244
2019,5,1,2,640,-9.7199
2019,5,1,3,1182,-8.5410
2019,5,1,4,1139,-9.0446
2019,5,1,5,1018,-7.8055
2019,5,2,1,417,-10.9281
2019,5,2,2,423,-10.7416
2019,5,2,3,612,-10.1857
2019,5,2,4,585,-9.8355
2019,5,2,5,499,-10.5872
2019,5,3,1,397,-8.5476
2019,5,3,2,522,-7.1192
2019,5,3,3,714,-7.0666
2019,5,3,4,697,-6.8078
2019,5,3,5,620,-5.8306
2019,6,1,1,851,6.7255
2019,6,1,2,614,4.5322
2019,6,1,3,1184,5.7444
2019,6,1,4,1177,5.5203
2019,6,1,5,753,5.6408
2019,6,2,1,421,11.0040
2019,6,2,2,408,8.7979
2019,6,2,3,642,7.8031
2019,6,2,4,623,8.1398
2019,6,2,5,403,8.7299
2019,6,3,1,384,8.7443
2019,6,3,2,476,8.7236
2019,6,3,3,724,8.2347
2019,6,3,4,728,7.7174
2019,6,3,5,569,7.9015
2019,7,1,1,787,0.1766
2019,7,1,2,1066,-1.4643
2019,7,1,3,1060,-1.4706
2019,7,1,4,1139,-0.8475
2019,7,1,5,755,-0.8966
2019,7,2,1,396,-2.0453
2019,7,2,2,616,-0.4698
2019,7,2,3,585,0.1040
2019,7,2,4,598,0.6052
2019,7,2,5,435,0.8136
2019,7,3,1,409,-0.8392
2019,7,3,2,697,1.0706
2019,7,3,3,665,-0.1334
2019,7,3,4,711,1.1026
2019,7,3,5,601,0.7597
2019,8,1,1,825,-8.2847
2019,8,1,2,1016,-7.0376
2019,8,1,3,1025,-7.5750
2019,8,1,4,1159,-6.2216
2019,8,1,5,777,-6.6433
2019,8,2,1,402,-6.7384
2019,8,2,2,573,-6.7627
2019,8,2,3,556,-7.1508
2019,8,2,4,605,-4.3321
2019,8,2,5,453,-5.0828
2019,8,3,1,412,-5.9945
2019,8,3,2,653,-3.0590
2019,8,3,3,633,-2.7983
2019,8,3,4,735,-1.8706
2019,8,3,5,593,-1.4848
2019,9,1,1,768,3.0896
2019,9,1,2,1007,5.1006
2019,9,1,3,1084,4.6873
2019,9,1,4,1133,5.6623
2019,9,1,5,698,7.6009
2019,9,2,1,386,1.7555
2019,9,2,2,565,4.2978
2019,9,2,3,578,4.8021
2019,9,2,4,580,1.8973
2019,9,2,5,423,3.2133
2019,9,3,1,379,1.4817
2019,9,3,2,650,1.8392
2019,9,3,3,629,1.5198
2019,9,3,4,707,1.0530
2019,9,3,5,560,0.7398
2019,10,1,1,778,-1.3509
2019,10,1,2,1045,-1.1063
2019,10,1,3,732,0.8501
2019,10,1,4,1074,-2.6761
2019,10,1,5,659,0.6457
2019,10,2,1,386,0.8313
2019,10,2,2,571,-0.3418
2019,10,2,3,465,1.5686
2019,10,2,4,536,0.4608
2019,10,2,5,428,2.1971
2019,10,3,1,396,0.9721
2019,10,3,2,648,0.6759
2019,10,3,3,570,1.2224
2019,10,3,4,618,0.9827
2019,10,3,5,539,2.2576
2019,11,1,1,695,0.3814
2019,11,1,2,1023,3.5939
2019,11,1,3,710,3.8445
2019,11,1,4,1168,4.1951
2019,11,1,5,970,3.2092
2019,11,2,1,336,3.2363
2019,11,2,2,559,2.9297
2019,11,2,3,462,3.1617
2019,11,2,4,617,3.6594
2019,11,2,5,528,4.3340
2019,11,3,1,379,4.1634
2019,11,3,2,630,3.0471
2019,11,3,3,561,3.2460
2019,11,3,4,718,3.5587
2019,11,3,5,590,3.5076
2019,12,1,1,597,3.8892
2019,12,1,2,1060,5.0916
2019,12,1,3,776,3.2337
2019,12,1,4,1140,4.2464
2019,12,1,5,868,4.4521
2019,12,2,1,285,5.2961
2019,12,2,2,570,4.8758
2019,12,2,3,490,2.5876
2019,12,2,4,608,4.8246
2019,12,2,5,495,4.9730
2019,12,3,1,317,4.1423
2019,12,3,2,642,3.0977
2019,12,3,3,608,2.1500
2019,12,3,4,687,2.3981
2019,12,3,5,535,3.2187
2020,1,1,1,570,-8.1409
2020,1,1,2,1046,-5.1928
2020,1,1,3,788,-2.9807
2020,1,1,4,1156,-3.1170
2020,1,1,5,932,-4.4444
2020,1,2,1,269,-7.1122
2020,1,2,2,562,-7.0778
2020,1,2,3,490,-4.1777
2020,1,2,4,630,-3.4999
2020,1,2,5,533,-5.9018
2020,1,3,1,238,-1.6199
2020,1,3,2,619,-1.0018
2020,1,3,3,594,0.1205
2020,1,3,4,721,-1.5335
2020,1,3,5,571,-0.4709
2020,2,1,1,281,-9.9860
2020,2,1,2,1048,-6.3139
2020,2,1,3,1085,-6.2324
2020,2,1,4,1179,-6.2457
2020,2,1,5,912,-8.7130
2020,2,2,1,198,-11.7117
2020,2,2,2,559,-10.6502
2020,2,2,3,602,-8.2482
2020,2,2,4,633,-9.6237
2020,2,2,5,526,-10.7777
2020,2,3,1,199,-9.0976
2020,2,3,2,639,-7.4674
2020,2,3,3,661,-7.9996
2020,2,3,4,737,-8.0463
2020,2,3,5,555,-7.8380
2020,3,1,1,283,-30.0054
2020,3,1,2,1123,-26.1531
2020,3,1,3,1022,-23.6565
2020,3,1,4,1190,-25.9401
2020,3,1,5,906,-28.1737
2020,3,2,1,192,-28.5381
2020,3,2,2,621,-20.9588
2020,3,2,3,565,-20.8875
2020,3,2,4,641,-23.7658
2020,3,2,5,560,-26.6103
2020,3,3,1,195,-18.8514
2020,3,3,2,684,-13.8517
2020,3,3,3,629,-14.0611
2020,3,3,4,728,-14.1890
2020,3,3,5,557,-15.7800
2020,4,1,1,297,20.4603
2020,4,1,2,750,24.4057
2020,4,1,3,1039,14.8513
2020,4,1,4,1108,21.5758
2020,4,1,5,967,23.9300
2020,4,2,1,211,17.1622
2020,4,2,2,487,18.5309
2020,4,2,3,596,15.3742
2020,4,2,4,621,16.3022
2020,4,2,5,589,19.3963
2020,4,3,1,191,14.6183
2020,4,3,2,563,13.3986
2020,4,3,3,687,11.2970
2020,4,3,4,698,12.8715
2020,4,3,5,635,15.7238
2020,5,1,1,358,4.8448
2020,5,1,2,765,5.2744
2020,5,1,3,983,8.7740
2020,5,1,4,1105,6.9749
2020,5,1,5,993,6.8473
2020,5,2,1,243,8.0715
2020,5,2,2,504,6.9245
2020,5,2,3,620,8.8670
2020,5,2,4,613,7.6348
2020,5,2,5,595,11.1090
2020,5,3,1,296,5.9586
2020,5,3,2,568,6.7053
2020,5,3,3,653,6.2414
2020,5,3,4,700,6.1702
2020,5,3,5,663,5.7616
2020,6,1,1,384,5.7120
2020,6,1,2,975,4.4046
2020,6,1,3,947,6.6137
2020,6,1,4,1076,3.0719
2020,6,1,5,1010,6.6409
2020,6,2,1,259,6.6115
2020,6,2,2,603,4.9363
2020,6,2,3,572,5.4839
2020,6,2,4,599,3.3562
2020,6,2,5,607,5.2345
2020,6,3,1,329,1.4280
2020,6,3,2,623,1.5093
2020,6,3,3,615,0.8990
2020,6,3,4,699,2.4039
2020,6,3,5,668,2.8460
2020,7,1,1,629,5.9258
2020,7,1,2,936,7.1399
2020,7,1,3,813,2.7284
2020,7,1,4,736,4.8320
2020,7,1,5,958,7.0998
2020,7,2,1,380,4.8543
2020,7,2,2,581,5.5322
2020,7,2,3,509,3.5717
2020,7,2,4,513,6.6867
2020,7,2,5,585,10.5273
2020,7,3,1,376,2.8419
2020,7,3,2,606,5.5665
2020,7,3,3,524,5.1619
2020,7,3,4,586,7.3690
2020,7,3,5,679,8.1548
2020,8,1,1,620,8.1711
2020,8,1,2,1015,8.4829
2020,8,1,3,803,8.7479
2020,8,1,4,701,7.0937
2020,8,1,5,998,5.9954
2020,8,2,1,356,6.3746
2020,8,2,2,647,6.1949
2020,8,2,3,504,6.0438
2020,8,2,4,511,6.8254
2020,8,2,5,590,7.5821
2020,8,3,1,347,5.4875
2020,8,3,2,729,6.7092
2020,8,3,3,522,6.0333
2020,8,3,4,598,8.3946
2020,8,3,5,645,7.9548
2020,9,1,1,608,-3.2856
2020,9,1,2,1087,-1.8958
2020,9,1,3,791,-2.4608
2020,9,1,4,758,-3.3377
2020,9,1,5,886,-1.8152
2020,9,2,1,369,-5.2401
2020,9,2,2,691,-2.0669
2020,9,2,3,506,-2.0602
2020,9,2,4,525,-1.1080
2020,9,2,5,515,-3.7287
2020,9,3,1,355,-2.9567
2020,9,3,2,768,-1.2426
2020,9,3,3,518,-0.1851
2020,9,3,4,638,-1.5155
2020,9,3,5,535,-1.9216
2020,10,1,1,731,-2.8294
2020,10,1,2,1024,-1.3926
2020,10,1,3,862,0.2078
2020,10,1,4,759,-0.9511
2020,10,1,5,602,-1.9939
2020,10,2,1,438,0.8935
2020,10,2,2,659,0.4645
2020,10,2,3,536,1.0186
2020,10,2,4,518,2.2851
2020,10,2,5,370,1.9643
2020,10,3,1,520,-2.0071
2020,10,3,2,731,-0.8787
2020,10,3,3,534,-0.4397
2020,10,3,4,683,0.2725
2020,10,3,5,413,-0.7946
2020,11,1,1,748,22.2654
2020,11,1,2,1065,22.1953
2020,11,1,3,894,21.4767
2020,11,1,4,701,26.4739
2020,11,1,5,545,24.8140
2020,11,2,1,455,18.1396
2020,11,2,2,664,20.7203
2020,11,2,3,537,18.9372
2020,11,2,4,480,22.8328
2020,11,2,5,350,21.3109
2020,11,3,1,502,14.3815
2020,11,3,2,726,13.3518
2020,11,3,3,559,12.0086
2020,11,3,4,665,12.9069
2020,11,3,5,444,15.0995
2020,12,1,1,789,10.3298
2020,12,1,2,1096,10.8597
2020,12,1,3,968,11.7345
2020,12,1,4,709,11.1745
2020,12,1,5,491,13.3960
2020,12,2,1,494,13.6034
2020,12,2,2,677,9.2946
2020,12,2,3,563,10.5491
2020,12,2,4,490,9.1006
2020,12,2,5,316,11.0378
2020,12,3,1,570,4.1518
2020,12,3,2,690,3.5723
2020,12,3,3,611,3.7234
2020,12,3,4,663,3.5026
2020,12,3,5,410,7.5312
2021,1,1,1,781,9.6733
2021,1,1,2,1171,12.2900
2021,1,1,3,1062,12.1971
2021,1,1,4,835,14.6621
2021,1,1,5,488,15.9699
2021,1,2,1,490,4.1622
2021,1,2,2,725,5.9735
2021,1,2,3,624,4.9544
2021,1,2,4,534,4.8589
2021,1,2,5,315,3.2191
2021,1,3,1,579,-0.1834
2021,1,3,2,768,-2.0113
2021,1,3,3,702,-1.7369
2021,1,3,4,723,-1.4645
2021,1,3,5,411,1.4852
2021,2,1,1,752,9.2087
2021,2,1,2,1179,8.3705
2021,2,1,3,1086,9.2572
2021,2,1,4,822,8.8169
2021,2,1,5,667,9.1934
2021,2,2,1,471,6.5659
2021,2,2,2,719,7.1773
2021,2,2,3,635,8.7610
2021,2,2,4,522,9.1261
2021,2,2,5,374,9.9241
2021,2,3,1,574,2.1981
2021,2,3,2,757,4.1888
2021,2,3,3,710,2.7962
2021,2,3,4,687,6.5944
2021,2,3,5,400,6.6302
2021,3,1,1,760,2.3805
2021,3,1,2,1192,1.6490
2021,3,1,3,1048,3.1344
2021,3,1,4,808,1.0037
2021,3,1,5,670,2.3451
2021,3,2,1,478,1.6847
2021,3,2,2,702,2.3490
2021,3,2,3,590,0.1402
2021,3,2,4,514,1.9062
2021,3,2,5,402,0.8793
2021,3,3,1,584,6.8398
2021,3,3,2,758,4.9789
2021,3,3,3,665,4.9967
2021,3,3,4,654,5.9073
2021,3,3,5,422,3.2670
2021,4,1,1,683,1.2391
2021,4,1,2,1212,-2.4613
2021,4,1,3,1083,0.8210
2021,4,1,4,771,-2.2075
2021,4,1,5,693,0.6828
2021,4,2,1,418,1.6496
2021,4,2,2,698,2.5415
2021,4,2,3,584,2.3477
2021,4,2,4,491,2.0402
2021,4,2,5,418,2.7448
2021,4,3,1,446,3.9837
2021,4,3,2,764,4.2401
2021,4,3,3,663,4.0649
2021,4,3,4,584,4.3531
2021,4,3,5,428,3.8620
2021,5,1,1,479,6.6649
2021,5,1,2,1142,1.0092
2021,5,1,3,1023,5.3678
2021,5,1,4,772,2.4379
2021,5,1,5,1057,8.8079
2021,5,2,1,343,7.6885
2021,5,2,2,673,1.8115
2021,5,2,3,574,5.3840
2021,5,2,4,488,2.0042
2021,5,2,5,603,5.9781
2021,5,3,1,411,1.4043
2021,5,3,2,741,0.6454
2021,5,3,3,665,0.9147
2021,5,3,4,606,1.8613
2021,5,3,5,693,0.9534
2021,6,1,1,467,1.9636
2021,6,1,2,1167,2.5457
2021,6,1,3,1062,2.3466
2021,6,1,4,785,-0.0509
2021,6,1,5,1117,4.3188
2021,6,2,1,340,-0.0357
2021,6,2,2,659,0.3954
2021,6,2,3,594,1.1154
2021,6,2,4,498,-0.0893
2021,6,2,5,639,0.1201
2021,6,3,1,384,1.2882
2021,6,3,2,766,1.8338
2021,6,3,3,689,0.8232
2021,6,3,4,629,-1.4548
2021,6,3,5,736,-0.2230
2021,7,1,1,453,-4.7374
2021,7,1,2,1131,-4.4969
2021,7,1,3,914,-5.4660
2021,7,1,4,839,-3.8491
2021,7,1,5,1195,-5.1885
2021,7,2,1,334,-3.6379
2021,7,2,2,655,-3.2262
2021,7,2,3,493,-3.5866
2021,7,2,4,530,-3.2920
2021,7,2,5,696,-4.0310
2021,7,3,1,374,1.0607
2021,7,3,2,728,1.4800
2021,7,3,3,615,1.8788
2021,7,3,4,674,1.2848
2021,7,3,5,765,0.8758
2021,8,1,1,433,2.0654
2021,8,1,2,1129,0.3361
2021,8,1,3,935,0.1353
2021,8,1,4,1231,1.2594
2021,8,1,5,1190,0.4918
2021,8,2,1,315,0.3918
2021,8,2,2,646,1.2765
2021,8,2,3,501,0.3369
2021,8,2,4,660,1.0297
2021,8,2,5,651,-0.3476
2021,8,3,1,336,1.4943
2021,8,3,2,722,2.2892
2021,8,3,3,623,1.5643
2021,8,3,4,770,1.7049
2021,8,3,5,754,2.6010
2021,9,1,1,440,-2.1851
2021,9,1,2,1078,-4.2033
2021,9,1,3,1081,-4.9919
2021,9,1,4,1236,-4.6614
2021,9,1,5,1147,-2.9185
2021,9,2,1,308,-2.1767
2021,9,2,2,628,-4.4620
2021,9,2,3,550,-3.5029
2021,9,2,4,692,-3.8832
2021,9,2,5,627,-3.8308
2021,9,3,1,307,-3.8511
2021,9,3,2,702,-4.7849
2021,9,3,3,580,-4.0627
2021,9,3,4,787,-5.0267
2021,9,3,5,718,-5.2797
2021,10,1,1,442,3.1255
2021,10,1,2,1159,1.3016
2021,10,1,3,1048,2.1092
2021,10,1,4,1264,3.4282
2021,10,1,5,1125,3.0752
2021,10,2,1,304,3.6571
2021,10,2,2,668,3.3239
2021,10,2,3,520,3.2210
2021,10,2,4,708,2.3390
2021,10,2,5,576,2.5024
2021,10,3,1,306,6.2898
2021,10,3,2,711,5.3966
2021,10,3,3,565,4.9678
2021,10,3,4,783,5.7792
2021,10,3,5,633,6.4416
2021,11,1,1,426,-6.1438
2021,11,1,2,1209,-6.5235
2021,11,1,3,1129,-6.7979
2021,11,1,4,1259,-5.6060
2021,11,1,5,981,-8.8121
2021,11,2,1,308,-2.7776
2021,11,2,2,666,-0.7439
2021,11,2,3,519,-0.2066
2021,11,2,4,704,-0.9216
2021,11,2,5,531,-2.8650
2021,11,3,1,314,-3.3130
2021,11,3,2,717,-2.4865
2021,11,3,3,578,-2.1797
2021,11,3,4,775,-0.7382
2021,11,3,5,569,-3.5419
2021,12,1,1,367,-0.4923
2021,12,1,2,1147,1.7233
2021,12,1,3,1329,0.5190
2021,12,1,4,1220,-0.5760
2021,12,1,5,1055,0.5602
2021,12,2,1,245,3.6502
2021,12,2,2,613,3.7492
2021,12,2,3,626,4.2887
2021,12,2,4,672,3.5343
2021,12,2,5,603,3.3837
2021,12,3,1,257,5.4346
2021,12,3,2,642,5.7645
2021,12,3,3,720,5.3170
2021,12,3,4,754,5.7912
2021,12,3,5,649,2.6214
2022,1,1,1,560,-8.5942
2022,1,1,2,1250,-7.0503
2022,1,1,3,1357,-10.6029
2022,1,1,4,1067,-9.4081
2022,1,1,5,718,-8.3858
2022,1,2,1,389,-8.5973
2022,1,2,2,651,-9.5060
2022,1,2,3,638,-9.3607
2022,1,2,4,589,-9.9332
2022,1,2,5,483,-8.6349
2022,1,3,1,438,-8.0922
2022,1,3,2,676,-4.8823
2022,1,3,3,723,-6.9164
2022,1,3,4,675,-6.2312
2022,1,3,5,621,-8.6680
2022,2,1,1,557,0.5740
2022,2,1,2,1343,-0.7843
2022,2,1,3,1376,-0.0436
2022,2,1,4,983,3.2324
2022,2,1,5,768,2.8918
2022,2,2,1,380,3.1988
2022,2,2,2,645,1.9171
2022,2,2,3,672,0.4659
2022,2,2,4,523,2.6500
2022,2,2,5,486,5.5111
2022,2,3,1,426,1.9099
2022,2,3,2,704,0.2559
2022,2,3,3,727,-0.6359
2022,2,3,4,546,-0.1514
2022,2,3,5,613,3.3585
2022,3,1,1,764,2.4714
2022,3,1,2,1432,0.5772
2022,3,1,3,1400,2.6757
2022,3,1,4,607,2.6752
2022,3,1,5,760,3.1236
2022,3,2,1,460,-1.0126
2022,3,2,2,688,0.6850
2022,3,2,3,677,-0.2158
2022,3,2,4,379,2.2550
2022,3,2,5,479,3.9674
2022,3,3,1,495,1.7718
2022,3,3,2,742,2.8462
2022,3,3,3,760,3.9069
2022,3,3,4,466,2.3353
2022,3,3,5,603,6.4849
2022,4,1,1,778,-9.7406
2022,4,1,2,1293,-9.8083
2022,4,1,3,1185,-8.6421
2022,4,1,4,1325,-8.9562
2022,4,1,5,721,-8.3974
2022,4,2,1,456,-8.5082
2022,4,2,2,558,-8.6799
2022,4,2,3,605,-9.1731
2022,4,2,4,563,-8.1626
2022,4,2,5,467,-6.4222
2022,4,3,1,507,-8.8547
2022,4,3,2,563,-6.6551
2022,4,3,3,664,-6.9496
2022,4,3,4,609,-5.9865
2022,4,3,5,637,-6.1986
2022,5,1,1,839,-0.5202
2022,5,1,2,1496,-1.8991
2022,5,1,3,1109,-1.5347
2022,5,1,4,1326,-3.0639
2022,5,1,5,577,-2.5709
2022,5,2,1,484,0.4484
2022,5,2,2,667,0.0198
2022,5,2,3,597,-0.6112
2022,5,2,4,542,0.8512
2022,5,2,5,351,1.4368
2022,5,3,1,540,-1.4841
2022,5,3,2,729,-1.6055
2022,5,3,3,634,-0.9526
2022,5,3,4,603,-0.4104
2022,5,3,5,455,0.2625
2022,6,1,1,794,-9.6843
2022,6,1,2,1496,-9.4266
2022,6,1,3,1262,-8.7729
2022,6,1,4,1304,-8.6804
2022,6,1,5,478,-10.5164
2022,6,2,1,480,-9.9447
2022,6,2,2,666,-8.2983
2022,6,2,3,618,-10.1995
2022,6,2,4,514,-8.0855
2022,6,2,5,300,-9.1808
2022,6,3,1,527,-10.4864
2022,6,3,2,733,-9.0764
2022,6,3,3,684,-9.8448
2022,6,3,4,572,-7.8613
2022,6,3,5,389,-9.4292
2022,7,1,1,837,9.1729
2022,7,1,2,1416,10.1196
2022,7,1,3,1407,10.5081
2022,7,1,4,1262,8.8002
2022,7,1,5,986,6.5180
2022,7,2,1,487,12.6456
2022,7,2,2,628,11.1988
2022,7,2,3,661,11.1873
2022,7,2,4,517,10.0532
2022,7,2,5,436,8.7040
2022,7,3,1,570,11.9723
2022,7,3,2,686,9.9173
2022,7,3,3,728,10.9165
2022,7,3,4,589,7.5576
2022,7,3,5,500,6.4621
2022,8,1,1,1290,-2.7286
2022,8,1,2,1428,-2.3490
2022,8,1,3,1036,-1.3249
2022,8,1,4,1337,-1.4105
2022,8,1,5,1175,0.0147
2022,8,2,1,580,-1.9222
2022,8,2,2,630,-3.7101
2022,8,2,3,588,-2.5939
2022,8,2,4,596,-3.2775
2022,8,2,5,533,-1.2044
2022,8,3,1,612,-4.0566
2022,8,3,2,730,-3.7860
2022,8,3,3,686,-4.6773
2022,8,3,4,669,-3.9198
2022,8,3,5,619,-1.8445
2022,9,1,1,1059,-13.3306
2022,9,1,2,1453,-14.3090
2022,9,1,3,1040,-13.3750
2022,9,1,4,1235,-13.6016
2022,9,1,5,1213,-12.8638
2022,9,2,1,468,-10.9824
2022,9,2,2,655,-10.5317
2022,9,2,3,580,-11.5685
2022,9,2,4,579,-11.2342
2022,9,2,5,565,-10.6192
2022,9,3,1,466,-9.1585
2022,9,3,2,696,-9.1352
2022,9,3,3,640,-9.6367
2022,9,3,4,638,-8.8110
2022,9,3,5,646,-8.1508
2022,10,1,1,1057,11.2482
2022,10,1,2,1453,7.0893
2022,10,1,3,1067,9.5003
2022,10,1,4,1096,9.7853
2022,10,1,5,1326,10.5755
2022,10,2,1,480,13.7781
2022,10,2,2,678,11.1240
2022,10,2,3,606,11.4328
2022,10,2,4,512,13.1649
2022,10,2,5,635,10.5284
2022,10,3,1,482,7.1666
2022,10,3,2,704,7.6307
2022,10,3,3,690,9.1670
2022,10,3,4,558,11.0367
2022,10,3,5,694,10.7754
2022,11,1,1,1206,-2.9496
2022,11,1,2,1409,-1.0542
2022,11,1,3,1474,-2.3094
2022,11,1,4,1107,-0.5776
2022,11,1,5,1315,5.6770
2022,11,2,1,569,3.7935
2022,11,2,2,649,4.1904
2022,11,2,3,689,1.9950
2022,11,2,4,511,3.6870
2022,11,2,5,627,4.4934
2022,11,3,1,588,8.1216
2022,11,3,2,662,7.4142
2022,11,3,3,695,7.4182
2022,11,3,4,573,7.1995
2022,11,3,5,690,1.3624
2022,12,1,1,1202,-9.1074
2022,12,1,2,1520,-6.4283
2022,12,1,3,1509,-6.4841
2022,12,1,4,649,-7.4554
2022,12,1,5,1319,-6.7929
2022,12,2,1,568,-6.9944
2022,12,2,2,721,-6.1607
2022,12,2,3,731,-6.1853
2022,12,2,4,431,-6.4730
2022,12,2,5,638,-6.6590
2022,12,3,1,590,-5.7906
2022,12,3,2,750,-5.5143
2022,12,3,3,768,-4.6966
2022,12,3,4,541,-4.0511
2022,12,3,5,699,-7.1843
2023,1,1,1,1136,17.3169
2023,1,1,2,1491,13.1060
2023,1,1,3,1466,12.9892
2023,1,1,4,1097,14.6097
2023,1,1,5,1153,14.8080
2023,1,2,1,526,13.6415
2023,1,2,2,730,11.7700
2023,1,2,3,708,11.3646
2023,1,2,4,530,11.9200
2023,1,2,5,559,12.2368
2023,1,3,1,532,10.3067
2023,1,3,2,749,6.3986
2023,1,3,3,759,6.9075
2023,1,3,4,562,6.0144
2023,1,3,5,593,9.2984
2023,2,1,1,1157,-6.7789
2023,2,1,2,1536,-2.7458
2023,2,1,3,1475,-5.2301
2023,2,1,4,1274,-4.8235
2023,2,1,5,1001,-4.7220
2023,2,2,1,568,-2.5305
2023,2,2,2,766,-1.7066
2023,2,2,3,715,-1.1590
2023,2,2,4,609,-1.0205
2023,2,2,5,483,-2.0167
2023,2,3,1,623,-1.9673
2023,2,3,2,793,-2.1047
2023,2,3,3,766,-2.3401
2023,2,3,4,665,-2.4187
2023,2,3,5,500,-2.9736
2023,3,1,1,1114,-8.9789
2023,3,1,2,1471,-7.6462
2023,3,1,3,1462,-8.2035
2023,3,1,4,1196,-6.9522
2023,3,1,5,1045,-6.7697
2023,3,2,1,539,-3.4413
2023,3,2,2,691,-2.9187
2023,3,2,3,705,-1.6672
2023,3,2,4,563,-0.7389
2023,3,2,5,477,-1.7378
2023,3,3,1,576,1.5342
2023,3,3,2,736,1.2891
2023,3,3,3,755,2.0125
2023,3,3,4,600,1.8858
2023,3,3,5,467,0.2049
2023,4,1,1,1133,-5.1298
2023,4,1,2,1484,-5.9138
2023,4,1,3,1379,-5.6282
2023,4,1,4,1220,-5.3319
2023,4,1,5,726,-4.7767
2023,4,2,1,547,-3.3252
2023,4,2,2,691,-2.6686
2023,4,2,3,668,-2.2821
2023,4,2,4,583,-2.6208
2023,4,2,5,445,-3.4390
2023,4,3,1,593,0.1130
2023,4,3,2,737,-0.3737
2023,4,3,3,695,1.2625
2023,4,3,4,605,0.9641
2023,4,3,5,566,-0.2745
2023,5,1,1,1063,-2.2053
2023,5,1,2,1437,-0.3504
2023,5,1,3,915,-3.0698
2023,5,1,4,1380,0.5660
2023,5,1,5,699,-2.8595
2023,5,2,1,485,-2.0684
2023,5,2,2,657,-2.2886
2023,5,2,3,563,-2.3884
2023,5,2,4,664,-0.0122
2023,5,2,5,401,-1.0579
2023,5,3,1,537,-5.7547
2023,5,3,2,655,-3.4689
2023,5,3,3,645,-3.2852
2023,5,3,4,719,-3.0920
2023,5,3,5,514,-5.6877
2023,6,1,1,1055,9.1094
2023,6,1,2,1350,6.0574
2023,6,1,3,909,7.5373
2023,6,1,4,1345,7.1943
2023,6,1,5,751,10.3523
2023,6,2,1,483,9.4166
2023,6,2,2,591,10.0773
2023,6,2,3,562,8.5553
2023,6,2,4,670,10.0887
2023,6,2,5,432,9.2204
2023,6,3,1,520,12.0561
2023,6,3,2,581,9.2523
2023,6,3,3,658,7.8519
2023,6,3,4,701,9.0741
2023,6,3,5,533,11.3465
2023,7,1,1,1104,4.8171
2023,7,1,2,1028,4.6944
2023,7,1,3,882,4.2836
2023,7,1,4,1281,5.7021
2023,7,1,5,749,5.4408
2023,7,2,1,534,5.2087
2023,7,2,2,429,5.7389
2023,7,2,3,538,4.8602
2023,7,2,4,647,4.7824
2023,7,2,5,440,4.6698
2023,7,3,1,559,2.8760
2023,7,3,2,403,4.0302
2023,7,3,3,649,2.1261
2023,7,3,4,652,3.3289
2023,7,3,5,544,3.6816
2023,8,1,1,1234,-6.9116
2023,8,1,2,1083,-6.5919
2023,8,1,3,963,-6.6207
2023,8,1,4,1260,-5.9791
2023,8,1,5,762,-7.8021
2023,8,2,1,567,-3.7587
2023,8,2,2,449,-3.6567
2023,8,2,3,564,-2.9724
2023,8,2,4,647,-4.3535
2023,8,2,5,464,-5.3337
2023,8,3,1,617,-2.5232
2023,8,3,2,453,-2.3571
2023,8,3,3,682,-2.1311
2023,8,3,4,655,-1.5351
2023,8,3,5,562,-2.1721
2023,9,1,1,1177,-4.3411
2023,9,1,2,691,-6.1002
2023,9,1,3,848,-6.2946
2023,9,1,4,1292,-6.2975
2023,9,1,5,1223,-5.0639
2023,9,2,1,532,-4.7202
2023,9,2,2,367,-5.6923
2023,9,2,3,494,-5.2419
2023,9,2,4,645,-7.1747
2023,9,2,5,547,-5.1472
2023,9,3,1,578,-4.3360
2023,9,3,2,476,-5.3951
2023,9,3,3,598,-6.0221
2023,9,3,4,664,-5.8134
2023,9,3,5,614,-5.7555
2023,10,1,1,1237,-6.8670
2023,10,1,2,791,-10.3755
2023,10,1,3,787,-8.4459
2023,10,1,4,1285,-8.9703
2023,10,1,5,1263,-8.8971
2023,10,2,1,547,-5.7148
2023,10,2,2,412,-6.5228
2023,10,2,3,440,-5.4622
2023,10,2,4,631,-6.6723
2023,10,2,5,534,-8.1684
2023,10,3,1,606,-3.4755
2023,10,3,2,532,-3.7385
2023,10,3,3,532,-2.1074
2023,10,3,4,688,-4.3030
2023,10,3,5,579,-6.5070
2023,11,1,1,1228,9.3911
2023,11,1,2,723,8.5472
2023,11,1,3,1203,8.2691
2023,11,1,4,1275,7.5809
2023,11,1,5,1190,7.1909
2023,11,2,1,528,10.6971
2023,11,2,2,391,9.7557
2023,11,2,3,507,8.0739
2023,11,2,4,618,8.7259
2023,11,2,5,552,8.9668
2023,11,3,1,597,6.9133
2023,11,3,2,513,8.1389
2023,11,3,3,564,8.6891
2023,11,3,4,676,9.0847
2023,11,3,5,607,8.3402
2023,12,1,1,1243,9.8428
2023,12,1,2,811,11.1753
2023,12,1,3,1210,11.4329
2023,12,1,4,1292,12.7968
2023,12,1,5,1325,9.3005
2023,12,2,1,534,9.6066
2023,12,2,2,427,9.7310
2023,12,2,3,506,9.4454
2023,12,2,4,573,10.5886
2023,12,2,5,585,10.2071
2023,12,3,1,608,5.6081
2023,12,3,2,555,6.1401
2023,12,3,3,559,6.7761
2023,12,3,4,664,6.1366
2023,12,3,5,648,6.4462
2024,1,1,1,1118,-4.2682
2024,1,1,2,954,-7.0569
2024,1,1,3,1094,-5.8700
2024,1,1,4,1385,-5.5806
2024,1,1,5,1316,-5.4935
2024,1,2,1,455,-6.0722
2024,1,2,2,495,-6.4913
2024,1,2,3,458,-6.1563
2024,1,2,4,587,-6.3450
2024,1,2,5,569,-4.6880
2024,1,3,1,519,-1.2739
2024,1,3,2,672,-0.8442
2024,1,3,3,498,-1.0822
2024,1,3,4,688,0.0684
2024,1,3,5,643,-1.2193
2024,2,1,1,1102,3.6384
2024,2,1,2,960,4.2964
2024,2,1,3,1217,3.4599
2024,2,1,4,1454,3.6231
2024,2,1,5,1427,2.6012
2024,2,2,1,420,2.6809
2024,2,2,2,499,4.6751
2024,2,2,3,505,6.6876
2024,2,2,4,613,4.4874
2024,2,2,5,598,2.4745
2024,2,3,1,514,4.9966
2024,2,3,2,672,6.1741
2024,2,3,3,549,5.2263
2024,2,3,4,717,5.8854
2024,2,3,5,688,5.0663
2024,3,1,1,973,4.8163
2024,3,1,2,943,4.5350
2024,3,1,3,1325,4.6250
2024,3,1,4,1406,3.9075
2024,3,1,5,963,2.4737
2024,3,2,1,380,5.2217
2024,3,2,2,498,3.6063
2024,3,2,3,587,3.6862
2024,3,2,4,593,3.0523
2024,3,2,5,505,4.0200
2024,3,3,1,465,5.1418
2024,3,3,2,660,5.9686
2024,3,3,3,624,4.5224
2024,3,3,4,684,3.2898
2024,3,3,5,638,4.3015
2024,4,1,1,1077,-5.6406
2024,4,1,2,933,-6.6700
2024,4,1,3,1341,-7.5140
2024,4,1,4,1381,-7.0587
2024,4,1,5,956,-6.0096
2024,4,2,1,458,-5.3085
2024,4,2,2,491,-6.5557
2024,4,2,3,588,-5.5957
2024,4,2,4,569,-7.4852
2024,4,2,5,500,-5.8818
2024,4,3,1,538,-2.4605
2024,4,3,2,657,-3.7635
2024,4,3,3,632,-3.1300
2024,4,3,4,643,-5.3012
2024,4,3,5,631,-3.5905
2024,5,1,1,1025,8.9672
2024,5,1,2,988,6.8960
2024,5,1,3,1331,4.8637
2024,5,1,4,1391,5.0349
2024,5,1,5,949,8.8108
2024,5,2,1,457,7.0095
2024,5,2,2,503,6.1732
2024,5,2,3,604,5.8786
2024,5,2,4,576,5.7625
2024,5,2,5,480,7.3379
2024,5,3,1,513,2.8684
2024,5,3,2,669,3.2598
2024,5,3,3,637,2.5901
2024,5,3,4,670,3.0962
2024,5,3,5,641,3.2441
2024,6,1,1,1003,-5.1727
2024,6,1,2,1010,-3.5490
2024,6,1,3,1303,-4.7922
2024,6,1,4,1270,-5.5553
2024,6,1,5,781,-5.4381
2024,6,2,1,457,-3.7790
2024,6,2,2,527,-3.2891
2024,6,2,3,593,-3.2439
2024,6,2,4,542,-4.4132
2024,6,2,5,393,-4.9068
2024,6,3,1,516,-1.9016
2024,6,3,2,704,-1.8356
2024,6,3,3,617,0.2285
2024,6,3,4,594,-0.8222
2024,6,3,5,545,-2.5246
2024,7,1,1,889,9.3142
2024,7,1,2,789,10.9127
2024,7,1,3,1202,10.5928
2024,7,1,4,1164,10.1679
2024,7,1,5,1110,9.5852
2024,7,2,1,433,8.1525
2024,7,2,2,443,7.7816
2024,7,2,3,574,7.3897
2024,7,2,4,527,8.3510
2024,7,2,5,526,7.5851
2024,7,3,1,481,7.3188
2024,7,3,2,572,5.6077
2024,7,3,3,610,3.5330
2024,7,3,4,585,3.8070
2024,7,3,5,620,7.0023
2024,8,1,1,1050,-2.7347
2024,8,1,2,1165,-2.2903
2024,8,1,3,1091,-4.8261
2024,8,1,4,1167,-3.7646
2024,8,1,5,967,-3.2642
2024,8,2,1,503,-2.4951
2024,8,2,2,520,-3.1669
2024,8,2,3,509,-1.8516
2024,8,2,4,536,-3.4917
2024,8,2,5,470,-1.4920
2024,8,3,1,574,0.0241
2024,8,3,2,609,1.8080
2024,8,3,3,524,2.3374
2024,8,3,4,633,1.9367
2024,8,3,5,538,-0.1549
2024,9,1,1,1001,2.0662
2024,9,1,2,1151,0.6955
2024,9,1,3,1122,0.5489
2024,9,1,4,1125,0.8391
2024,9,1,5,1050,2.2575
2024,9,2,1,469,2.6633
2024,9,2,2,507,3.1679
2024,9,2,3,517,3.1582
2024,9,2,4,513,2.3774
2024,9,2,5,480,4.5408
2024,9,3,1,504,3.7422
2024,9,3,2,606,2.1142
2024,9,3,3,566,2.3750
2024,9,3,4,607,2.4873
2024,9,3,5,563,2.8712
2024,10,1,1,1081,-1.6668
2024,10,1,2,1104,-0.9038
2024,10,1,3,1137,-0.3801
2024,10,1,4,1259,-0.3040
2024,10,1,5,1050,-1.1527
2024,10,2,1,489,-2.7632
2024,10,2,2,480,-0.1602
2024,10,2,3,507,-0.5006
2024,10,2,4,584,-0.4509
2024,10,2,5,480,-0.5817
2024,10,3,1,547,-2.5930
2024,10,3,2,565,-2.4239
2024,10,3,3,561,-2.2556
2024,10,3,4,701,-2.4656
2024,10,3,5,561,-3.5081
2024,11,1,1,1070,11.3239
2024,11,1,2,1110,12.9999
2024,11,1,3,704,10.5171
2024,11,1,4,1213,13.6963
2024,11,1,5,1028,11.5047
2024,11,2,1,468,14.5872
2024,11,2,2,484,13.4933
2024,11,2,3,407,11.6006
2024,11,2,4,583,15.4908
2024,11,2,5,466,14.8586
2024,11,3,1,531,8.9170
2024,11,3,2,559,6.0359
2024,11,3,3,514,5.9906
2024,11,3,4,666,6.2876
2024,11,3,5,539,9.1814
2024,12,1,1,1075,0.0416
2024,12,1,2,1097,-0.5409
2024,12,1,3,867,-1.8384
2024,12,1,4,895,-0.9602
2024,12,1,5,1126,-0.6407
2024,12,2,1,460,-7.1495
2024,12,2,2,483,-5.8670
2024,12,2,3,497,-7.0244
2024,12,2,4,510,-6.4423
2024,12,2,5,513,-6.8477
2024,12,3,1,522,-6.2825
2024,12,3,2,557,-6.4281
2024,12,3,3,609,-7.6014
2024,12,3,4,653,-6.8103
2024,12,3,5,578,-4.4504
2025,1,1,1,1100,0.5007
2025,1,1,2,1109,-0.3132
2025,1,1,3,841,-0.7485
2025,1,1,4,1259,1.3354
2025,1,1,5,1075,0.4112
2025,1,2,1,488,1.2941
2025,1,2,2,485,2.1066
2025,1,2,3,507,1.0919
2025,1,2,4,590,2.6640
2025,1,2,5,463,3.3328
2025,1,3,1,543,4.7591
2025,1,3,2,555,3.1892
2025,1,3,3,634,4.8596
2025,1,3,4,682,4.9692
2025,1,3,5,547,4.4717
2025,2,1,1,814,-9.3125
2025,2,1,2,1099,-6.7170
2025,2,1,3,1220,-8.2567
2025,2,1,4,1228,-8.5425
2025,2,1,5,1072,-7.3175
2025,2,2,1,372,-8.1401
2025,2,2,2,476,-7.4937
2025,2,2,3,596,-7.8452
2025,2,2,4,571,-8.3297
2025,2,2,5,486,-7.7115
2025,2,3,1,387,-1.2371
2025,2,3,2,560,-1.7945
2025,2,3,3,668,-1.0448
2025,2,3,4,656,-1.8227
2025,2,3,5,535,-3.8834
2025,3,1,1,820,-7.2760
2025,3,1,2,1275,-7.9853
2025,3,1,3,1206,-7.9735
2025,3,1,4,1261,-10.4983
2025,3,1,5,1119,-8.8196
2025,3,2,1,371,-5.1848
2025,3,2,2,570,-6.3884
2025,3,2,3,564,-5.8991
2025,3,2,4,600,-7.2097
2025,3,2,5,491,-5.2816
2025,3,3,1,390,-3.1774
2025,3,3,2,715,-3.5537
2025,3,3,3,600,-4.0290
2025,3,3,4,690,-4.6146
2025,3,3,5,554,-6.5562
2025,4,1,1,819,0.3455
2025,4,1,2,1182,-3.4207
2025,4,1,3,1097,-2.5440
2025,4,1,4,1287,-2.9964
2025,4,1,5,1153,-1.6459
2025,4,2,1,343,-2.0999
2025,4,2,2,535,-3.0249
2025,4,2,3,524,-3.8016
2025,4,2,4,608,-2.8105
2025,4,2,5,513,-1.9706
2025,4,3,1,374,-0.6644
2025,4,3,2,669,-1.2916
2025,4,3,3,558,-1.8395
2025,4,3,4,700,-0.8937
2025,4,3,5,586,0.8053
2025,5,1,1,854,8.7355
2025,5,1,2,883,9.6591
2025,5,1,3,1149,7.0522
2025,5,1,4,1262,8.6471
2025,5,1,5,1117,7.7907
2025,5,2,1,368,5.5558
2025,5,2,2,482,8.7873
2025,5,2,3,545,8.6502
2025,5,2,4,603,6.8308
2025,5,2,5,488,7.1320
2025,5,3,1,399,5.0101
2025,5,3,2,632,5.9763
2025,5,3,3,604,4.1458
2025,5,3,4,715,3.7265
2025,5,3,5,540,6.5999
2025,6,1,1,866,7.8898
2025,6,1,2,845,8.9739
2025,6,1,3,959,7.1471
2025,6,1,4,1229,6.1499
2025,6,1,5,1080,7.4618
2025,6,2,1,366,3.2358
2025,6,2,2,469,8.2444
2025,6,2,3,432,6.5073
2025,6,2,4,583,2.9099
2025,6,2,5,471,6.2021
2025,6,3,1,397,3.1064
2025,6,3,2,562,5.1389
2025,6,3,3,459,3.2632
2025,6,3,4,688,3.2277
2025,6,3,5,518,4.7751
2025,7,1,1,759,3.0976
2025,7,1,2,1166,1.6865
2025,7,1,3,939,1.0772
2025,7,1,4,731,-0.7635
2025,7,1,5,926,2.1610
2025,7,2,1,321,4.0618
2025,7,2,2,561,2.6942
2025,7,2,3,472,1.9647
2025,7,2,4,444,2.1415
2025,7,2,5,437,1.7741
2025,7,3,1,355,2.6035
2025,7,3,2,616,1.3281
2025,7,3,3,493,1.1381
2025,7,3,4,596,-0.1648
2025,7,3,5,465,1.5121
2025,8,1,1,919,4.4920
2025,8,1,2,1185,8.9777
2025,8,1,3,963,6.4862
2025,8,1,4,718,6.9229
2025,8,1,5,838,7.8146
2025,8,2,1,395,6.5999
2025,8,2,2,567,7.1009
2025,8,2,3,463,7.3708
2025,8,2,4,426,4.4658
2025,8,2,5,413,8.6288
2025,8,3,1,421,4.8611
2025,8,3,2,617,3.6645
2025,8,3,3,470,4.0066
2025,8,3,4,588,2.6862
2025,8,3,5,440,4.9058
2025,9,1,1,1171,1.7284
2025,9,1,2,1137,2.5322
2025,9,1,3,901,-0.1014
2025,9,1,4,1063,2.6179
2025,9,1,5,494,5.1549
2025,9,2,1,545,0.7181
2025,9,2,2,546,2.0019
2025,9,2,3,458,-0.5331
2025,9,2,4,494,1.8196
2025,9,2,5,329,6.1870
2025,9,3,1,628,0.6459
2025,9,3,2,584,0.5323
2025,9,3,3,479,-0.9423
2025,9,3,4,608,0.9182
2025,9,3,5,387,5.3682
2025,10,1,1,1112,-2.3221
2025,10,1,2,1064,-2.1822
2025,10,1,3,930,-1.6876
2025,10,1,4,1031,-1.1535
2025,10,1,5,450,-0.2604
2025,10,2,1,510,-2.4035
2025,10,2,2,484,-0.8580
2025,10,2,3,458,-1.1650
2025,10,2,4,496,1.1557
2025,10,2,5,299,1.2847
2025,10,3,1,583,-1.8823
2025,10,3,2,514,-1.0185
2025,10,3,3,494,-1.0509
2025,10,3,4,599,1.7043
2025,10,3,5,334,1.6514
2025,11,1,1,1032,-0.9939
2025,11,1,2,989,-1.4755
2025,11,1,3,1017,-1.9768
2025,11,1,4,925,-2.9941
2025,11,1,5,791,-2.8216
2025,11,2,1,479,2.3749
2025,11,2,2,446,2.9160
2025,11,2,3,489,1.6014
2025,11,2,4,472,0.4404
2025,11,2,5,390,-0.3931
2025,11,3,1,534,1.6608
2025,11,3,2,475,2.9209
2025,11,3,3,540,2.0766
2025,11,3,4,562,0.6938
2025,11,3,5,403,0.8870
2025,12,1,1,769,-0.3234
2025,12,1,2,1096,0.1188
2025,12,1,3,1072,0.8125
2025,12,1,4,923,0.7031
2025,12,1,5,889,1.6952
2025,12,2,1,441,0.5351
2025,12,2,2,474,0.9467
2025,12,2,3,498,0.1839
2025,12,2,4,474,0.2601
2025,12,2,5,408,1.7244
2025,12,3,1,559,-0.0441
2025,12,3,2,551,0.0887
2025,12,3,3,586,-0.0952
2025,12,3,4,564,-0.0421
2025,12,3,5,435,0.8190
